2025-07-11 15:30:44,105 - __main__ - INFO - Data directory set to: C:\Portfolio-Optimizer\data\tickers_data
2025-07-11 15:30:44,105 - __main__ - INFO - Cache directory set to: C:\Portfolio-Optimizer\cache_v3
2025-07-11 15:30:44,106 - __main__ - INFO - 🚀 Starting Smart Downloader...
2025-07-11 15:30:44,106 - __main__ - INFO - 📊 Fetching all symbols from TSE...
2025-07-11 15:30:44,106 - __main__ - INFO - ✅ Using valid cache symbols_data_v3.json (91.0 hours old)
2025-07-11 15:30:44,109 - __main__ - INFO -    Loaded 1394 symbols from cache
2025-07-11 15:30:44,110 - __main__ - INFO - 🔍 Filtering from 1394 total symbols...
2025-07-11 15:30:44,145 - __main__ - INFO -    ✅ Filtered universe: 1394 → 1389 stocks
2025-07-11 15:30:44,146 - __main__ - INFO - Updating data for 1389 symbols...
2025-07-11 15:30:44,147 - __main__ - INFO - ⏰ File for ثمسکنح is old (48.1 hours). Attempting to update...
2025-07-11 15:31:01,443 - urllib3.connectionpool - WARNING - Retrying (Retry(total=1, connect=5, read=4, redirect=None, status=None)) after connection broken by 'ReadTimeoutError("HTTPConnectionPool(host='127.0.0.1', port=10809): Read timed out. (read timeout=10)")': http://old.tsetmc.com/tsev2/data/Export-txt.aspx?t=i&a=1&b=0&i=28570444064425663
2025-07-11 15:31:07,875 - __main__ - ERROR - ❌ Failed to download ثمسکنح: HTTPConnectionPool(host='127.0.0.1', port=10809): Max retries exceeded with url: http://old.tsetmc.com/tsev2/data/Export-txt.aspx?t=i&a=1&b=0&i=28570444064425663 (Caused by ResponseError('too many 503 error responses')). Will retry on next run.
2025-07-11 15:31:07,877 - __main__ - INFO - ⏰ File for قستون is old (48.1 hours). Attempting to update...
2025-07-11 15:31:10,171 - __main__ - INFO - 💾 Successfully downloaded and updated قستون.
2025-07-11 15:31:10,172 - __main__ - INFO - ⏰ File for درازکح is old (65.4 hours). Attempting to update...
2025-07-11 15:31:11,254 - __main__ - INFO - 💾 Successfully downloaded and updated درازکح.
2025-07-11 15:31:11,265 - __main__ - INFO - ⏰ File for صبا is old (66.7 hours). Attempting to update...
2025-07-11 15:31:12,331 - __main__ - INFO - 💾 Successfully downloaded and updated صبا.
2025-07-11 15:31:12,331 - __main__ - INFO - ⏰ File for ستران is old (66.7 hours). Attempting to update...
2025-07-11 15:31:14,197 - __main__ - INFO - 💾 Successfully downloaded and updated ستران.
2025-07-11 15:31:14,197 - __main__ - INFO - ⏰ File for کسعدیح is old (65.4 hours). Attempting to update...
2025-07-11 15:31:15,287 - __main__ - INFO - 💾 Successfully downloaded and updated کسعدیح.
2025-07-11 15:31:15,288 - __main__ - INFO - ⏰ File for داسوه is old (66.7 hours). Attempting to update...
2025-07-11 15:31:17,024 - __main__ - INFO - 💾 Successfully downloaded and updated داسوه.
2025-07-11 15:31:17,025 - __main__ - INFO - ⏰ File for دفارا is old (66.7 hours). Attempting to update...
2025-07-11 15:31:18,495 - __main__ - INFO - 💾 Successfully downloaded and updated دفارا.
2025-07-11 15:31:18,496 - __main__ - INFO - ⏰ File for اسیاتک is old (66.7 hours). Attempting to update...
2025-07-11 15:31:20,252 - __main__ - INFO - 💾 Successfully downloaded and updated اسیاتک.
2025-07-11 15:31:20,254 - __main__ - INFO - ⏰ File for میدکو is old (66.7 hours). Attempting to update...
2025-07-11 15:31:21,927 - __main__ - INFO - 💾 Successfully downloaded and updated میدکو.
2025-07-11 15:31:21,929 - __main__ - INFO - ⏰ File for بالاس is old (69.4 hours). Attempting to update...
2025-07-11 15:31:23,409 - __main__ - INFO - 💾 Successfully downloaded and updated بالاس.
2025-07-11 15:31:23,410 - __main__ - INFO - ⏰ File for ولغدر is old (66.7 hours). Attempting to update...
2025-07-11 15:31:24,842 - __main__ - INFO - 💾 Successfully downloaded and updated ولغدر.
2025-07-11 15:31:24,843 - __main__ - INFO - ⏰ File for وثوق is old (69.4 hours). Attempting to update...
2025-07-11 15:31:25,950 - __main__ - INFO - 💾 Successfully downloaded and updated وثوق.
2025-07-11 15:31:25,951 - __main__ - INFO - ⏰ File for وصنا is old (66.7 hours). Attempting to update...
2025-07-11 15:31:27,140 - __main__ - INFO - 💾 Successfully downloaded and updated وصنا.
2025-07-11 15:31:27,140 - __main__ - INFO - ⏰ File for سهرمزح is old (48.1 hours). Attempting to update...
2025-07-11 15:31:28,140 - __main__ - INFO - 💾 Successfully downloaded and updated سهرمزح.
2025-07-11 15:31:28,141 - __main__ - INFO - ⏰ File for افق ملت is old (66.7 hours). Attempting to update...
2025-07-11 15:31:29,231 - __main__ - INFO - 💾 Successfully downloaded and updated افق ملت.
2025-07-11 15:31:29,232 - __main__ - INFO - ⏰ File for افقح is old (65.5 hours). Attempting to update...
2025-07-11 15:31:30,337 - __main__ - INFO - 💾 Successfully downloaded and updated افقح.
2025-07-11 15:31:30,347 - __main__ - INFO - ⏰ File for وبشهرح is old (65.5 hours). Attempting to update...
2025-07-11 15:31:31,603 - __main__ - INFO - 💾 Successfully downloaded and updated وبشهرح.
2025-07-11 15:31:31,604 - __main__ - INFO - ⏰ File for غمینو is old (69.4 hours). Attempting to update...
2025-07-11 15:31:33,107 - __main__ - INFO - 💾 Successfully downloaded and updated غمینو.
2025-07-11 15:31:33,108 - __main__ - INFO - ⏰ File for 18719101 is old (48.1 hours). Attempting to update...
2025-07-11 15:31:40,795 - __main__ - INFO - 💾 Successfully downloaded and updated 18719101.
2025-07-11 15:31:40,796 - __main__ - INFO - ⏰ File for ختوقاح is old (48.1 hours). Attempting to update...
2025-07-11 15:31:41,894 - __main__ - INFO - 💾 Successfully downloaded and updated ختوقاح.
2025-07-11 15:31:41,894 - __main__ - INFO - ⏰ File for سپیدما is old (69.4 hours). Attempting to update...
2025-07-11 15:31:44,268 - __main__ - INFO - 💾 Successfully downloaded and updated سپیدما.
2025-07-11 15:31:44,269 - __main__ - INFO - ⏰ File for سکرماح is old (48.1 hours). Attempting to update...
2025-07-11 15:31:46,105 - __main__ - INFO - 💾 Successfully downloaded and updated سکرماح.
2025-07-11 15:31:46,105 - __main__ - INFO - ⏰ File for وتوسکاح is old (66.6 hours). Attempting to update...
2025-07-11 15:31:47,146 - __main__ - INFO - 💾 Successfully downloaded and updated وتوسکاح.
2025-07-11 15:31:47,147 - __main__ - INFO - ⏰ File for آپ is old (66.6 hours). Attempting to update...
2025-07-11 15:31:48,903 - __main__ - INFO - 💾 Successfully downloaded and updated آپ.
2025-07-11 15:31:48,904 - __main__ - INFO - ⏰ File for فرآورح is old (48.1 hours). Attempting to update...
2025-07-11 15:31:49,876 - __main__ - INFO - 💾 Successfully downloaded and updated فرآورح.
2025-07-11 15:31:49,876 - __main__ - INFO - ⏰ File for پکرمانح is old (66.6 hours). Attempting to update...
2025-07-11 15:31:51,034 - __main__ - INFO - 💾 Successfully downloaded and updated پکرمانح.
2025-07-11 15:31:51,036 - __main__ - INFO - ⏰ File for ثالوند is old (69.4 hours). Attempting to update...
2025-07-11 15:31:52,161 - __main__ - INFO - 💾 Successfully downloaded and updated ثالوند.
2025-07-11 15:31:52,162 - __main__ - INFO - ⏰ File for پرتو is old (69.4 hours). Attempting to update...
2025-07-11 15:31:53,272 - __main__ - INFO - 💾 Successfully downloaded and updated پرتو.
2025-07-11 15:31:53,274 - __main__ - INFO - ⏰ File for غیوان is old (66.6 hours). Attempting to update...
2025-07-11 15:31:54,575 - __main__ - INFO - 💾 Successfully downloaded and updated غیوان.
2025-07-11 15:31:54,577 - __main__ - INFO - ⏰ File for شپلی is old (69.4 hours). Attempting to update...
2025-07-11 15:31:56,901 - __main__ - INFO - 💾 Successfully downloaded and updated شپلی.
2025-07-11 15:31:56,902 - __main__ - INFO - ⏰ File for کفرا is old (66.6 hours). Attempting to update...
2025-07-11 15:31:58,795 - __main__ - INFO - 💾 Successfully downloaded and updated کفرا.
2025-07-11 15:31:58,795 - __main__ - INFO - ⏰ File for قشهدح is old (92.3 hours). Attempting to update...
2025-07-11 15:31:59,489 - __main__ - ERROR - ❌ Failed to download قشهدح: single positional indexer is out-of-bounds. Will retry on next run.
2025-07-11 15:31:59,491 - __main__ - INFO - ⏰ File for چبسپاح is old (48.1 hours). Attempting to update...
2025-07-11 15:32:00,553 - __main__ - INFO - 💾 Successfully downloaded and updated چبسپاح.
2025-07-11 15:32:00,554 - __main__ - INFO - ⏰ File for خصدرا is old (69.4 hours). Attempting to update...
2025-07-11 15:32:01,766 - __main__ - INFO - 💾 Successfully downloaded and updated خصدرا.
2025-07-11 15:32:01,767 - __main__ - INFO - ⏰ File for خگسترح is old (48.1 hours). Attempting to update...
2025-07-11 15:32:02,805 - __main__ - INFO - 💾 Successfully downloaded and updated خگسترح.
2025-07-11 15:32:02,806 - __main__ - INFO - ⏰ File for لوتوسح is old (66.6 hours). Attempting to update...
2025-07-11 15:32:03,881 - __main__ - INFO - 💾 Successfully downloaded and updated لوتوسح.
2025-07-11 15:32:03,881 - __main__ - INFO - ⏰ File for تبرک is old (69.4 hours). Attempting to update...
2025-07-11 15:32:05,077 - __main__ - INFO - 💾 Successfully downloaded and updated تبرک.
2025-07-11 15:32:05,078 - __main__ - INFO - ⏰ File for کچادح is old (66.6 hours). Attempting to update...
2025-07-11 15:32:06,269 - __main__ - INFO - 💾 Successfully downloaded and updated کچادح.
2025-07-11 15:32:06,270 - __main__ - INFO - ⏰ File for وپخشح is old (66.6 hours). Attempting to update...
2025-07-11 15:32:07,418 - __main__ - INFO - 💾 Successfully downloaded and updated وپخشح.
2025-07-11 15:32:07,419 - __main__ - INFO - ⏰ File for خموتورح is old (66.6 hours). Attempting to update...
2025-07-11 15:32:08,797 - __main__ - INFO - 💾 Successfully downloaded and updated خموتورح.
2025-07-11 15:32:08,798 - __main__ - INFO - ⏰ File for کاذرح is old (66.6 hours). Attempting to update...
2025-07-11 15:32:09,896 - __main__ - INFO - 💾 Successfully downloaded and updated کاذرح.
2025-07-11 15:32:09,908 - __main__ - INFO - ⏰ File for کساوهح is old (48.1 hours). Attempting to update...
2025-07-11 15:32:10,998 - __main__ - INFO - 💾 Successfully downloaded and updated کساوهح.
2025-07-11 15:32:10,999 - __main__ - INFO - ⏰ File for کیسون is old (66.6 hours). Attempting to update...
2025-07-11 15:32:12,567 - __main__ - INFO - 💾 Successfully downloaded and updated کیسون.
2025-07-11 15:32:12,568 - __main__ - INFO - ⏰ File for خمحورح is old (92.3 hours). Attempting to update...
2025-07-11 15:32:13,265 - __main__ - ERROR - ❌ Failed to download خمحورح: single positional indexer is out-of-bounds. Will retry on next run.
2025-07-11 15:32:13,277 - __main__ - INFO - ⏰ File for قستان is old (48.1 hours). Attempting to update...
2025-07-11 15:32:15,055 - __main__ - INFO - 💾 Successfully downloaded and updated قستان.
2025-07-11 15:32:15,056 - __main__ - INFO - ⏰ File for پاسا is old (66.6 hours). Attempting to update...
2025-07-11 15:32:16,748 - __main__ - INFO - 💾 Successfully downloaded and updated پاسا.
2025-07-11 15:32:16,748 - __main__ - INFO - ⏰ File for کیمیاتک is old (66.6 hours). Attempting to update...
2025-07-11 15:32:18,942 - __main__ - INFO - 💾 Successfully downloaded and updated کیمیاتک.
2025-07-11 15:32:18,945 - __main__ - INFO - ⏰ File for فکمند is old (69.4 hours). Attempting to update...
2025-07-11 15:32:19,907 - __main__ - INFO - 💾 Successfully downloaded and updated فکمند.
2025-07-11 15:32:19,907 - __main__ - INFO - ⏰ File for قرن is old (66.6 hours). Attempting to update...
2025-07-11 15:32:21,335 - __main__ - INFO - 💾 Successfully downloaded and updated قرن.
2025-07-11 15:32:21,336 - __main__ - INFO - ⏰ File for صنهال is old (66.6 hours). Attempting to update...
2025-07-11 15:32:22,246 - __main__ - INFO - 💾 Successfully downloaded and updated صنهال.
2025-07-11 15:32:22,247 - __main__ - INFO - ⏰ File for ثجنوب is old (69.4 hours). Attempting to update...
2025-07-11 15:32:23,485 - __main__ - INFO - 💾 Successfully downloaded and updated ثجنوب.
2025-07-11 15:32:23,486 - __main__ - INFO - ⏰ File for غاذر is old (66.6 hours). Attempting to update...
2025-07-11 15:32:24,980 - __main__ - INFO - 💾 Successfully downloaded and updated غاذر.
2025-07-11 15:32:24,981 - __main__ - INFO - ⏰ File for پتروصبا is old (66.6 hours). Attempting to update...
2025-07-11 15:32:26,067 - __main__ - INFO - 💾 Successfully downloaded and updated پتروصبا.
2025-07-11 15:32:26,068 - __main__ - INFO - ⏰ File for خمحور is old (66.6 hours). Attempting to update...
2025-07-11 15:32:27,412 - __main__ - INFO - 💾 Successfully downloaded and updated خمحور.
2025-07-11 15:32:27,413 - __main__ - INFO - ⏰ File for هامرز is old (66.6 hours). Attempting to update...
2025-07-11 15:32:28,342 - __main__ - INFO - 💾 Successfully downloaded and updated هامرز.
2025-07-11 15:32:28,342 - __main__ - INFO - ⏰ File for وپست is old (66.6 hours). Attempting to update...
2025-07-11 15:32:29,791 - __main__ - INFO - 💾 Successfully downloaded and updated وپست.
2025-07-11 15:32:29,792 - __main__ - INFO - ⏰ File for نوین is old (69.4 hours). Attempting to update...
2025-07-11 15:32:30,930 - __main__ - INFO - 💾 Successfully downloaded and updated نوین.
2025-07-11 15:32:30,931 - __main__ - INFO - ⏰ File for شصدف is old (69.4 hours). Attempting to update...
2025-07-11 15:32:32,030 - __main__ - INFO - 💾 Successfully downloaded and updated شصدف.
2025-07-11 15:32:32,031 - __main__ - INFO - ⏰ File for تفارس is old (66.5 hours). Attempting to update...
2025-07-11 15:32:33,279 - __main__ - INFO - 💾 Successfully downloaded and updated تفارس.
2025-07-11 15:32:33,280 - __main__ - INFO - ⏰ File for غالبر is old (66.5 hours). Attempting to update...
2025-07-11 15:32:34,653 - __main__ - INFO - 💾 Successfully downloaded and updated غالبر.
2025-07-11 15:32:34,654 - __main__ - INFO - ⏰ File for دسبحاح is old (66.5 hours). Attempting to update...
2025-07-11 15:32:35,683 - __main__ - INFO - 💾 Successfully downloaded and updated دسبحاح.
2025-07-11 15:32:35,684 - __main__ - INFO - ⏰ File for گپارس is old (69.4 hours). Attempting to update...
2025-07-11 15:32:36,804 - __main__ - INFO - 💾 Successfully downloaded and updated گپارس.
2025-07-11 15:32:36,806 - __main__ - INFO - ⏰ File for فن افزار is old (69.4 hours). Attempting to update...
2025-07-11 15:32:37,774 - __main__ - INFO - 💾 Successfully downloaded and updated فن افزار.
2025-07-11 15:32:37,775 - __main__ - INFO - ⏰ File for کساپاح is old (66.5 hours). Attempting to update...
2025-07-11 15:32:38,907 - __main__ - INFO - 💾 Successfully downloaded and updated کساپاح.
2025-07-11 15:32:38,908 - __main__ - INFO - ⏰ File for سقاینح is old (48.1 hours). Attempting to update...
2025-07-11 15:32:40,961 - __main__ - INFO - 💾 Successfully downloaded and updated سقاینح.
2025-07-11 15:32:40,973 - __main__ - INFO - ⏰ File for کازرو is old (66.5 hours). Attempting to update...
2025-07-11 15:32:42,361 - __main__ - INFO - 💾 Successfully downloaded and updated کازرو.
2025-07-11 15:32:42,374 - __main__ - INFO - ⏰ File for هامون is old (69.4 hours). Attempting to update...
2025-07-11 15:32:43,275 - __main__ - INFO - 💾 Successfully downloaded and updated هامون.
2025-07-11 15:32:43,276 - __main__ - INFO - ⏰ File for خکمک is old (66.5 hours). Attempting to update...
2025-07-11 15:32:44,687 - __main__ - INFO - 💾 Successfully downloaded and updated خکمک.
2025-07-11 15:32:44,688 - __main__ - INFO - ⏰ File for پردیسح is old (66.5 hours). Attempting to update...
2025-07-11 15:32:45,835 - __main__ - INFO - 💾 Successfully downloaded and updated پردیسح.
2025-07-11 15:32:45,836 - __main__ - INFO - ⏰ File for داریوش is old (69.4 hours). Attempting to update...
2025-07-11 15:32:46,763 - __main__ - INFO - 💾 Successfully downloaded and updated داریوش.
2025-07-11 15:32:46,764 - __main__ - INFO - ⏰ File for زملارد is old (69.4 hours). Attempting to update...
2025-07-11 15:32:48,396 - __main__ - INFO - 💾 Successfully downloaded and updated زملارد.
2025-07-11 15:32:48,398 - __main__ - INFO - ⏰ File for کاصفاح is old (48.1 hours). Attempting to update...
2025-07-11 15:32:49,515 - __main__ - INFO - 💾 Successfully downloaded and updated کاصفاح.
2025-07-11 15:32:49,526 - __main__ - INFO - ⏰ File for ولغدرح is old (48.1 hours). Attempting to update...
2025-07-11 15:32:50,579 - __main__ - INFO - 💾 Successfully downloaded and updated ولغدرح.
2025-07-11 15:32:50,590 - __main__ - INFO - ⏰ File for خودران is old (66.5 hours). Attempting to update...
2025-07-11 15:32:51,497 - __main__ - INFO - 💾 Successfully downloaded and updated خودران.
2025-07-11 15:32:51,498 - __main__ - INFO - ⏰ File for فاما is old (66.5 hours). Attempting to update...
2025-07-11 15:32:52,705 - __main__ - INFO - 💾 Successfully downloaded and updated فاما.
2025-07-11 15:32:52,706 - __main__ - INFO - ⏰ File for لبهمن is old (48.1 hours). Attempting to update...
2025-07-11 15:32:53,903 - __main__ - INFO - 💾 Successfully downloaded and updated لبهمن.
2025-07-11 15:32:53,904 - __main__ - INFO - ⏰ File for عالیس is old (69.4 hours). Attempting to update...
2025-07-11 15:32:54,823 - __main__ - INFO - 💾 Successfully downloaded and updated عالیس.
2025-07-11 15:32:54,824 - __main__ - INFO - ⏰ File for قجام is old (69.4 hours). Attempting to update...
2025-07-11 15:32:56,069 - __main__ - INFO - 💾 Successfully downloaded and updated قجام.
2025-07-11 15:32:56,070 - __main__ - INFO - ⏰ File for ولبهمن is old (69.4 hours). Attempting to update...
2025-07-11 15:32:58,827 - __main__ - INFO - 💾 Successfully downloaded and updated ولبهمن.
2025-07-11 15:32:58,828 - __main__ - INFO - ⏰ File for وتوسح is old (48.1 hours). Attempting to update...
2025-07-11 15:33:01,104 - __main__ - INFO - 💾 Successfully downloaded and updated وتوسح.
2025-07-11 15:33:01,105 - __main__ - INFO - ⏰ File for مروارید is old (69.4 hours). Attempting to update...
2025-07-11 15:33:02,196 - __main__ - INFO - 💾 Successfully downloaded and updated مروارید.
2025-07-11 15:33:02,197 - __main__ - INFO - ⏰ File for فنرژی is old (66.5 hours). Attempting to update...
2025-07-11 15:33:03,628 - __main__ - INFO - 💾 Successfully downloaded and updated فنرژی.
2025-07-11 15:33:03,629 - __main__ - INFO - ⏰ File for ولقمان is old (69.4 hours). Attempting to update...
2025-07-11 15:33:05,043 - __main__ - INFO - 💾 Successfully downloaded and updated ولقمان.
2025-07-11 15:33:05,044 - __main__ - INFO - ⏰ File for بزاگرس is old (69.4 hours). Attempting to update...
2025-07-11 15:33:07,444 - __main__ - INFO - 💾 Successfully downloaded and updated بزاگرس.
2025-07-11 15:33:07,445 - __main__ - INFO - ⏰ File for کبورس is old (66.5 hours). Attempting to update...
2025-07-11 15:33:09,890 - __main__ - INFO - 💾 Successfully downloaded and updated کبورس.
2025-07-11 15:33:09,890 - __main__ - INFO - ⏰ File for وسین is old (69.4 hours). Attempting to update...
2025-07-11 15:33:11,048 - __main__ - INFO - 💾 Successfully downloaded and updated وسین.
2025-07-11 15:33:11,049 - __main__ - INFO - ⏰ File for خزامیا is old (66.5 hours). Attempting to update...
2025-07-11 15:33:12,379 - __main__ - INFO - 💾 Successfully downloaded and updated خزامیا.
2025-07-11 15:33:12,380 - __main__ - INFO - ⏰ File for شوش is old (48.1 hours). Attempting to update...
2025-07-11 15:33:14,077 - __main__ - INFO - 💾 Successfully downloaded and updated شوش.
2025-07-11 15:33:14,077 - __main__ - INFO - ⏰ File for بالبرح is old (48.1 hours). Attempting to update...
2025-07-11 15:33:15,297 - __main__ - INFO - 💾 Successfully downloaded and updated بالبرح.
2025-07-11 15:33:15,298 - __main__ - INFO - ⏰ File for وملت is old (66.5 hours). Attempting to update...
2025-07-11 15:33:16,564 - __main__ - INFO - 💾 Successfully downloaded and updated وملت.
2025-07-11 15:33:16,565 - __main__ - INFO - ⏰ File for فسپاح is old (48.1 hours). Attempting to update...
2025-07-11 15:33:17,628 - __main__ - INFO - 💾 Successfully downloaded and updated فسپاح.
2025-07-11 15:33:17,639 - __main__ - INFO - ⏰ File for شفاراح is old (66.4 hours). Attempting to update...
2025-07-11 15:33:18,796 - __main__ - INFO - 💾 Successfully downloaded and updated شفاراح.
2025-07-11 15:33:18,801 - __main__ - INFO - ⏰ File for وپارس is old (66.4 hours). Attempting to update...
2025-07-11 15:33:20,379 - __main__ - INFO - 💾 Successfully downloaded and updated وپارس.
2025-07-11 15:33:20,380 - __main__ - INFO - ⏰ File for وتوشهح is old (92.3 hours). Attempting to update...
2025-07-11 15:33:21,025 - __main__ - ERROR - ❌ Failed to download وتوشهح: single positional indexer is out-of-bounds. Will retry on next run.
2025-07-11 15:33:21,025 - __main__ - INFO - ⏰ File for خمهرح is old (66.4 hours). Attempting to update...
2025-07-11 15:33:22,098 - __main__ - INFO - 💾 Successfully downloaded and updated خمهرح.
2025-07-11 15:33:22,099 - __main__ - INFO - ⏰ File for نخل is old (69.4 hours). Attempting to update...
2025-07-11 15:33:23,029 - __main__ - INFO - 💾 Successfully downloaded and updated نخل.
2025-07-11 15:33:23,036 - __main__ - INFO - ⏰ File for نکالا is old (48.1 hours). Attempting to update...
2025-07-11 15:33:24,202 - __main__ - INFO - 💾 Successfully downloaded and updated نکالا.
2025-07-11 15:33:24,203 - __main__ - INFO - ⏰ File for چفیبر is old (66.4 hours). Attempting to update...
2025-07-11 15:33:25,593 - __main__ - INFO - 💾 Successfully downloaded and updated چفیبر.
2025-07-11 15:33:25,594 - __main__ - INFO - ⏰ File for سلام is old (66.4 hours). Attempting to update...
2025-07-11 15:33:26,549 - __main__ - INFO - 💾 Successfully downloaded and updated سلام.
2025-07-11 15:33:26,550 - __main__ - INFO - ⏰ File for وآفری is old (66.4 hours). Attempting to update...
2025-07-11 15:33:28,096 - __main__ - INFO - 💾 Successfully downloaded and updated وآفری.
2025-07-11 15:33:28,105 - __main__ - INFO - ⏰ File for بنیرو is old (66.4 hours). Attempting to update...
2025-07-11 15:33:29,683 - __main__ - INFO - 💾 Successfully downloaded and updated بنیرو.
2025-07-11 15:33:29,684 - __main__ - INFO - ⏰ File for دسینا is old (66.4 hours). Attempting to update...
2025-07-11 15:33:31,871 - __main__ - INFO - 💾 Successfully downloaded and updated دسینا.
2025-07-11 15:33:31,872 - __main__ - INFO - ⏰ File for دتوزیع is old (69.4 hours). Attempting to update...
2025-07-11 15:33:32,912 - __main__ - INFO - 💾 Successfully downloaded and updated دتوزیع.
2025-07-11 15:33:32,914 - __main__ - INFO - ⏰ File for قشرین is old (69.4 hours). Attempting to update...
2025-07-11 15:33:34,134 - __main__ - INFO - 💾 Successfully downloaded and updated قشرین.
2025-07-11 15:33:34,135 - __main__ - INFO - ⏰ File for کچاد is old (66.4 hours). Attempting to update...
2025-07-11 15:33:36,013 - __main__ - INFO - 💾 Successfully downloaded and updated کچاد.
2025-07-11 15:33:36,014 - __main__ - INFO - ⏰ File for البرز is old (66.4 hours). Attempting to update...
2025-07-11 15:33:37,452 - __main__ - INFO - 💾 Successfully downloaded and updated البرز.
2025-07-11 15:33:37,453 - __main__ - INFO - ⏰ File for وکار is old (66.4 hours). Attempting to update...
2025-07-11 15:33:38,977 - __main__ - INFO - 💾 Successfully downloaded and updated وکار.
2025-07-11 15:33:38,978 - __main__ - INFO - ⏰ File for پتروآبان is old (69.4 hours). Attempting to update...
2025-07-11 15:33:39,850 - __main__ - INFO - 💾 Successfully downloaded and updated پتروآبان.
2025-07-11 15:33:39,852 - __main__ - INFO - ⏰ File for شبصیر is old (69.4 hours). Attempting to update...
2025-07-11 15:33:40,974 - __main__ - INFO - 💾 Successfully downloaded and updated شبصیر.
2025-07-11 15:33:40,975 - __main__ - INFO - ⏰ File for دامینح is old (48.1 hours). Attempting to update...
2025-07-11 15:33:43,086 - __main__ - INFO - 💾 Successfully downloaded and updated دامینح.
2025-07-11 15:33:43,096 - __main__ - INFO - ⏰ File for اکسیژن is old (69.4 hours). Attempting to update...
2025-07-11 15:33:44,082 - __main__ - INFO - 💾 Successfully downloaded and updated اکسیژن.
2025-07-11 15:33:44,093 - __main__ - INFO - ⏰ File for وامیر is old (69.4 hours). Attempting to update...
2025-07-11 15:33:45,258 - __main__ - INFO - 💾 Successfully downloaded and updated وامیر.
2025-07-11 15:33:45,259 - __main__ - INFO - ⏰ File for نبورس is old (66.4 hours). Attempting to update...
2025-07-11 15:33:47,685 - __main__ - INFO - 💾 Successfully downloaded and updated نبورس.
2025-07-11 15:33:47,686 - __main__ - INFO - ⏰ File for دروز is old (66.4 hours). Attempting to update...
2025-07-11 15:33:49,978 - __main__ - INFO - 💾 Successfully downloaded and updated دروز.
2025-07-11 15:33:49,979 - __main__ - INFO - ⏰ File for دجابر is old (66.4 hours). Attempting to update...
2025-07-11 15:33:51,221 - __main__ - INFO - 💾 Successfully downloaded and updated دجابر.
2025-07-11 15:33:51,222 - __main__ - INFO - ⏰ File for سهام یار is old (48.1 hours). Attempting to update...
2025-07-11 15:33:52,293 - __main__ - INFO - 💾 Successfully downloaded and updated سهام یار.
2025-07-11 15:33:52,305 - __main__ - INFO - ⏰ File for رشد is old (69.4 hours). Attempting to update...
2025-07-11 15:33:53,306 - __main__ - INFO - 💾 Successfully downloaded and updated رشد.
2025-07-11 15:33:53,307 - __main__ - INFO - ⏰ File for تفیروح is old (92.3 hours). Attempting to update...
2025-07-11 15:33:54,025 - __main__ - ERROR - ❌ Failed to download تفیروح: single positional indexer is out-of-bounds. Will retry on next run.
2025-07-11 15:33:54,032 - __main__ - INFO - ⏰ File for شجم is old (69.4 hours). Attempting to update...
2025-07-11 15:33:55,076 - __main__ - INFO - 💾 Successfully downloaded and updated شجم.
2025-07-11 15:33:55,078 - __main__ - INFO - ⏰ File for غویتا is old (69.4 hours). Attempting to update...
2025-07-11 15:33:56,071 - __main__ - INFO - 💾 Successfully downloaded and updated غویتا.
2025-07-11 15:33:56,072 - __main__ - INFO - ⏰ File for وخاورح is old (48.1 hours). Attempting to update...
2025-07-11 15:33:57,371 - __main__ - INFO - 💾 Successfully downloaded and updated وخاورح.
2025-07-11 15:33:57,382 - __main__ - INFO - ⏰ File for پتروآگاه is old (66.4 hours). Attempting to update...
2025-07-11 15:33:58,310 - __main__ - INFO - 💾 Successfully downloaded and updated پتروآگاه.
2025-07-11 15:33:58,311 - __main__ - INFO - ⏰ File for دالبر is old (66.4 hours). Attempting to update...
2025-07-11 15:33:59,785 - __main__ - INFO - 💾 Successfully downloaded and updated دالبر.
2025-07-11 15:33:59,787 - __main__ - INFO - ⏰ File for وسگلستا is old (66.4 hours). Attempting to update...
2025-07-11 15:34:00,896 - __main__ - INFO - 💾 Successfully downloaded and updated وسگلستا.
2025-07-11 15:34:00,909 - __main__ - INFO - ⏰ File for وهور is old (69.4 hours). Attempting to update...
2025-07-11 15:34:02,277 - __main__ - INFO - 💾 Successfully downloaded and updated وهور.
2025-07-11 15:34:02,289 - __main__ - INFO - ⏰ File for وسیناح is old (48.1 hours). Attempting to update...
2025-07-11 15:34:03,374 - __main__ - INFO - 💾 Successfully downloaded and updated وسیناح.
2025-07-11 15:34:03,375 - __main__ - INFO - ⏰ File for کحافظ is old (66.3 hours). Attempting to update...
2025-07-11 15:34:05,085 - __main__ - INFO - 💾 Successfully downloaded and updated کحافظ.
2025-07-11 15:34:05,086 - __main__ - INFO - ⏰ File for ساروج is old (69.4 hours). Attempting to update...
2025-07-11 15:34:06,187 - __main__ - INFO - 💾 Successfully downloaded and updated ساروج.
2025-07-11 15:34:06,188 - __main__ - INFO - ⏰ File for ولصنمح is old (48.1 hours). Attempting to update...
2025-07-11 15:34:07,256 - __main__ - INFO - 💾 Successfully downloaded and updated ولصنمح.
2025-07-11 15:34:07,258 - __main__ - INFO - ⏰ File for ومدیر is old (66.3 hours). Attempting to update...
2025-07-11 15:34:08,189 - __main__ - INFO - 💾 Successfully downloaded and updated ومدیر.
2025-07-11 15:34:08,190 - __main__ - INFO - ⏰ File for قپارسح is old (48.1 hours). Attempting to update...
2025-07-11 15:34:09,227 - __main__ - INFO - 💾 Successfully downloaded and updated قپارسح.
2025-07-11 15:34:09,240 - __main__ - INFO - ⏰ File for ثنام is old (66.3 hours). Attempting to update...
2025-07-11 15:34:10,582 - __main__ - INFO - 💾 Successfully downloaded and updated ثنام.
2025-07-11 15:34:10,583 - __main__ - INFO - ⏰ File for سبجنوح is old (48.1 hours). Attempting to update...
2025-07-11 15:34:11,607 - __main__ - INFO - 💾 Successfully downloaded and updated سبجنوح.
2025-07-11 15:34:11,608 - __main__ - INFO - ⏰ File for شخارک is old (66.3 hours). Attempting to update...
2025-07-11 15:34:14,439 - __main__ - INFO - 💾 Successfully downloaded and updated شخارک.
2025-07-11 15:34:14,440 - __main__ - INFO - ⏰ File for وسکاب is old (66.3 hours). Attempting to update...
2025-07-11 15:34:17,017 - __main__ - INFO - 💾 Successfully downloaded and updated وسکاب.
2025-07-11 15:34:17,018 - __main__ - INFO - ⏰ File for ممسنی is old (66.3 hours). Attempting to update...
2025-07-11 15:34:18,419 - __main__ - INFO - 💾 Successfully downloaded and updated ممسنی.
2025-07-11 15:34:18,420 - __main__ - INFO - ⏰ File for وثنو is old (66.3 hours). Attempting to update...
2025-07-11 15:34:20,270 - __main__ - INFO - 💾 Successfully downloaded and updated وثنو.
2025-07-11 15:34:20,271 - __main__ - INFO - ⏰ File for داراب is old (69.4 hours). Attempting to update...
2025-07-11 15:34:22,922 - __main__ - INFO - 💾 Successfully downloaded and updated داراب.
2025-07-11 15:34:22,927 - __main__ - INFO - ⏰ File for حپتروح is old (66.3 hours). Attempting to update...
2025-07-11 15:34:23,896 - __main__ - INFO - 💾 Successfully downloaded and updated حپتروح.
2025-07-11 15:34:23,897 - __main__ - INFO - ⏰ File for کسرامح is old (48.1 hours). Attempting to update...
2025-07-11 15:34:24,908 - __main__ - INFO - 💾 Successfully downloaded and updated کسرامح.
2025-07-11 15:34:24,909 - __main__ - INFO - ⏰ File for صدف is old (66.3 hours). Attempting to update...
2025-07-11 15:34:26,884 - __main__ - INFO - 💾 Successfully downloaded and updated صدف.
2025-07-11 15:34:26,884 - __main__ - INFO - ⏰ File for شیرانح is old (92.3 hours). Attempting to update...
2025-07-11 15:34:27,603 - __main__ - ERROR - ❌ Failed to download شیرانح: single positional indexer is out-of-bounds. Will retry on next run.
2025-07-11 15:34:27,614 - __main__ - INFO - ⏰ File for نتوس is old (69.4 hours). Attempting to update...
2025-07-11 15:34:28,689 - __main__ - INFO - 💾 Successfully downloaded and updated نتوس.
2025-07-11 15:34:28,690 - __main__ - INFO - ⏰ File for تاصیکوح is old (66.3 hours). Attempting to update...
2025-07-11 15:34:29,761 - __main__ - INFO - 💾 Successfully downloaded and updated تاصیکوح.
2025-07-11 15:34:29,773 - __main__ - INFO - ⏰ File for آرمان is old (66.3 hours). Attempting to update...
2025-07-11 15:34:31,272 - __main__ - INFO - 💾 Successfully downloaded and updated آرمان.
2025-07-11 15:34:31,273 - __main__ - INFO - ⏰ File for وآردلح is old (48.1 hours). Attempting to update...
2025-07-11 15:34:32,267 - __main__ - INFO - 💾 Successfully downloaded and updated وآردلح.
2025-07-11 15:34:32,268 - __main__ - INFO - ⏰ File for فباهنرح is old (66.3 hours). Attempting to update...
2025-07-11 15:34:33,460 - __main__ - INFO - 💾 Successfully downloaded and updated فباهنرح.
2025-07-11 15:34:33,473 - __main__ - INFO - ⏰ File for ومشان is old (69.4 hours). Attempting to update...
2025-07-11 15:34:34,583 - __main__ - INFO - 💾 Successfully downloaded and updated ومشان.
2025-07-11 15:34:34,584 - __main__ - INFO - ⏰ File for غدیس is old (69.4 hours). Attempting to update...
2025-07-11 15:34:35,799 - __main__ - INFO - 💾 Successfully downloaded and updated غدیس.
2025-07-11 15:34:35,812 - __main__ - INFO - ⏰ File for دپارسح is old (66.3 hours). Attempting to update...
2025-07-11 15:34:36,864 - __main__ - INFO - 💾 Successfully downloaded and updated دپارسح.
2025-07-11 15:34:36,865 - __main__ - INFO - ⏰ File for حخزر is old (69.4 hours). Attempting to update...
2025-07-11 15:34:38,137 - __main__ - INFO - 💾 Successfully downloaded and updated حخزر.
2025-07-11 15:34:38,139 - __main__ - INFO - ⏰ File for وبانک is old (66.3 hours). Attempting to update...
2025-07-11 15:34:39,796 - __main__ - INFO - 💾 Successfully downloaded and updated وبانک.
2025-07-11 15:34:39,797 - __main__ - INFO - ⏰ File for ملت is old (66.3 hours). Attempting to update...
2025-07-11 15:34:41,220 - __main__ - INFO - 💾 Successfully downloaded and updated ملت.
2025-07-11 15:34:41,221 - __main__ - INFO - ⏰ File for فسلیر is old (48.1 hours). Attempting to update...
2025-07-11 15:34:42,344 - __main__ - INFO - 💾 Successfully downloaded and updated فسلیر.
2025-07-11 15:34:42,345 - __main__ - INFO - ⏰ File for نخریس is old (69.4 hours). Attempting to update...
2025-07-11 15:34:43,320 - __main__ - INFO - 💾 Successfully downloaded and updated نخریس.
2025-07-11 15:34:43,321 - __main__ - INFO - ⏰ File for شرنگی is old (66.3 hours). Attempting to update...
2025-07-11 15:34:44,846 - __main__ - INFO - 💾 Successfully downloaded and updated شرنگی.
2025-07-11 15:34:44,848 - __main__ - INFO - ⏰ File for سشرقح is old (48.1 hours). Attempting to update...
2025-07-11 15:34:45,872 - __main__ - INFO - 💾 Successfully downloaded and updated سشرقح.
2025-07-11 15:34:45,884 - __main__ - INFO - ⏰ File for ولنوین is old (66.3 hours). Attempting to update...
2025-07-11 15:34:46,740 - __main__ - INFO - 💾 Successfully downloaded and updated ولنوین.
2025-07-11 15:34:46,741 - __main__ - INFO - ⏰ File for بموتو is old (66.3 hours). Attempting to update...
2025-07-11 15:34:48,366 - __main__ - INFO - 💾 Successfully downloaded and updated بموتو.
2025-07-11 15:34:48,367 - __main__ - INFO - ⏰ File for پکویرح is old (66.3 hours). Attempting to update...
2025-07-11 15:34:49,388 - __main__ - INFO - 💾 Successfully downloaded and updated پکویرح.
2025-07-11 15:34:49,389 - __main__ - INFO - ⏰ File for کساپا is old (66.3 hours). Attempting to update...
2025-07-11 15:34:51,442 - __main__ - INFO - 💾 Successfully downloaded and updated کساپا.
2025-07-11 15:34:51,443 - __main__ - INFO - ⏰ File for خدیزل is old (66.2 hours). Attempting to update...
2025-07-11 15:34:53,772 - __main__ - INFO - 💾 Successfully downloaded and updated خدیزل.
2025-07-11 15:34:53,773 - __main__ - INFO - ⏰ File for وسیزد is old (66.2 hours). Attempting to update...
2025-07-11 15:34:54,802 - __main__ - INFO - 💾 Successfully downloaded and updated وسیزد.
2025-07-11 15:34:54,814 - __main__ - INFO - ⏰ File for زاگرس is old (68.8 hours). Attempting to update...
2025-07-11 15:34:56,260 - __main__ - INFO - 💾 Successfully downloaded and updated زاگرس.
2025-07-11 15:34:56,261 - __main__ - INFO - ⏰ File for سنیر is old (66.2 hours). Attempting to update...
2025-07-11 15:34:57,568 - __main__ - INFO - 💾 Successfully downloaded and updated سنیر.
2025-07-11 15:34:57,569 - __main__ - INFO - ⏰ File for ددانا is old (68.8 hours). Attempting to update...
2025-07-11 15:34:59,622 - __main__ - INFO - 💾 Successfully downloaded and updated ددانا.
2025-07-11 15:34:59,623 - __main__ - INFO - ⏰ File for سیتاح is old (66.2 hours). Attempting to update...
2025-07-11 15:35:00,569 - __main__ - INFO - 💾 Successfully downloaded and updated سیتاح.
2025-07-11 15:35:00,570 - __main__ - INFO - ⏰ File for ثبات is old (68.8 hours). Attempting to update...
2025-07-11 15:35:01,496 - __main__ - INFO - 💾 Successfully downloaded and updated ثبات.
2025-07-11 15:35:01,497 - __main__ - INFO - ⏰ File for دفرا is old (66.2 hours). Attempting to update...
2025-07-11 15:35:03,006 - __main__ - INFO - 💾 Successfully downloaded and updated دفرا.
2025-07-11 15:35:03,007 - __main__ - INFO - ⏰ File for پرشیا is old (92.3 hours). Attempting to update...
2025-07-11 15:35:03,665 - __main__ - ERROR - ❌ Failed to download پرشیا: single positional indexer is out-of-bounds. Will retry on next run.
2025-07-11 15:35:03,667 - __main__ - INFO - ⏰ File for شتولی is old (66.2 hours). Attempting to update...
2025-07-11 15:35:05,183 - __main__ - INFO - 💾 Successfully downloaded and updated شتولی.
2025-07-11 15:35:05,194 - __main__ - INFO - ⏰ File for خلنت is old (66.2 hours). Attempting to update...
2025-07-11 15:35:06,386 - __main__ - INFO - 💾 Successfully downloaded and updated خلنت.
2025-07-11 15:35:06,399 - __main__ - INFO - ⏰ File for وجامی is old (68.8 hours). Attempting to update...
2025-07-11 15:35:07,673 - __main__ - INFO - 💾 Successfully downloaded and updated وجامی.
2025-07-11 15:35:07,675 - __main__ - INFO - ⏰ File for دی is old (68.8 hours). Attempting to update...
2025-07-11 15:35:08,894 - __main__ - INFO - 💾 Successfully downloaded and updated دی.
2025-07-11 15:35:08,895 - __main__ - INFO - ⏰ File for کپارس is old (66.2 hours). Attempting to update...
2025-07-11 15:35:10,272 - __main__ - INFO - 💾 Successfully downloaded and updated کپارس.
2025-07-11 15:35:10,273 - __main__ - INFO - ⏰ File for ودانا is old (68.8 hours). Attempting to update...
2025-07-11 15:35:11,372 - __main__ - INFO - 💾 Successfully downloaded and updated ودانا.
2025-07-11 15:35:11,373 - __main__ - INFO - ⏰ File for وهنر is old (66.2 hours). Attempting to update...
2025-07-11 15:35:12,941 - __main__ - INFO - 💾 Successfully downloaded and updated وهنر.
2025-07-11 15:35:12,942 - __main__ - INFO - ⏰ File for شیراز is old (66.2 hours). Attempting to update...
2025-07-11 15:35:14,440 - __main__ - INFO - 💾 Successfully downloaded and updated شیراز.
2025-07-11 15:35:14,441 - __main__ - INFO - ⏰ File for حپترو is old (66.2 hours). Attempting to update...
2025-07-11 15:35:15,961 - __main__ - INFO - 💾 Successfully downloaded and updated حپترو.
2025-07-11 15:35:15,963 - __main__ - INFO - ⏰ File for نارین is old (66.2 hours). Attempting to update...
2025-07-11 15:35:16,842 - __main__ - INFO - 💾 Successfully downloaded and updated نارین.
2025-07-11 15:35:16,843 - __main__ - INFO - ⏰ File for غشاذرح is old (48.2 hours). Attempting to update...
2025-07-11 15:35:17,929 - __main__ - INFO - 💾 Successfully downloaded and updated غشاذرح.
2025-07-11 15:35:17,942 - __main__ - INFO - ⏰ File for قجامح is old (66.2 hours). Attempting to update...
2025-07-11 15:35:19,034 - __main__ - INFO - 💾 Successfully downloaded and updated قجامح.
2025-07-11 15:35:19,035 - __main__ - INFO - ⏰ File for چنوپا is old (68.8 hours). Attempting to update...
2025-07-11 15:35:19,965 - __main__ - INFO - 💾 Successfully downloaded and updated چنوپا.
2025-07-11 15:35:19,966 - __main__ - INFO - ⏰ File for مدیریت is old (68.8 hours). Attempting to update...
2025-07-11 15:35:20,968 - __main__ - INFO - 💾 Successfully downloaded and updated مدیریت.
2025-07-11 15:35:20,969 - __main__ - INFO - ⏰ File for بجهرم is old (66.2 hours). Attempting to update...
2025-07-11 15:35:22,001 - __main__ - INFO - 💾 Successfully downloaded and updated بجهرم.
2025-07-11 15:35:22,002 - __main__ - INFO - ⏰ File for غیوانح is old (48.2 hours). Attempting to update...
2025-07-11 15:35:23,218 - __main__ - INFO - 💾 Successfully downloaded and updated غیوانح.
2025-07-11 15:35:23,218 - __main__ - INFO - ⏰ File for مدار is old (92.3 hours). Attempting to update...
2025-07-11 15:35:23,929 - __main__ - ERROR - ❌ Failed to download مدار: single positional indexer is out-of-bounds. Will retry on next run.
2025-07-11 15:35:23,929 - __main__ - INFO - ⏰ File for وسپهر is old (68.8 hours). Attempting to update...
2025-07-11 15:35:25,971 - __main__ - INFO - 💾 Successfully downloaded and updated وسپهر.
2025-07-11 15:35:25,972 - __main__ - INFO - ⏰ File for فایراح is old (48.2 hours). Attempting to update...
2025-07-11 15:35:26,964 - __main__ - INFO - 💾 Successfully downloaded and updated فایراح.
2025-07-11 15:35:26,977 - __main__ - INFO - ⏰ File for تاپکیش is old (68.8 hours). Attempting to update...
2025-07-11 15:35:28,122 - __main__ - INFO - 💾 Successfully downloaded and updated تاپکیش.
2025-07-11 15:35:28,123 - __main__ - INFO - ⏰ File for حآسا is old (68.8 hours). Attempting to update...
2025-07-11 15:35:30,292 - __main__ - INFO - 💾 Successfully downloaded and updated حآسا.
2025-07-11 15:35:30,293 - __main__ - INFO - ⏰ File for اتکامح is old (66.2 hours). Attempting to update...
2025-07-11 15:35:31,663 - __main__ - INFO - 💾 Successfully downloaded and updated اتکامح.
2025-07-11 15:35:31,675 - __main__ - INFO - ⏰ File for شسپا is old (66.2 hours). Attempting to update...
2025-07-11 15:35:32,697 - __main__ - INFO - 💾 Successfully downloaded and updated شسپا.
2025-07-11 15:35:32,703 - __main__ - INFO - ⏰ File for قیستو is old (68.8 hours). Attempting to update...
2025-07-11 15:35:33,788 - __main__ - INFO - 💾 Successfully downloaded and updated قیستو.
2025-07-11 15:35:33,789 - __main__ - INFO - ⏰ File for ولصنم is old (66.2 hours). Attempting to update...
2025-07-11 15:35:34,983 - __main__ - INFO - 💾 Successfully downloaded and updated ولصنم.
2025-07-11 15:35:34,984 - __main__ - INFO - ⏰ File for کقزویح is old (92.3 hours). Attempting to update...
2025-07-11 15:35:35,667 - __main__ - ERROR - ❌ Failed to download کقزویح: single positional indexer is out-of-bounds. Will retry on next run.
2025-07-11 15:35:35,680 - __main__ - INFO - ⏰ File for فایرا is old (66.2 hours). Attempting to update...
2025-07-11 15:35:36,994 - __main__ - INFO - 💾 Successfully downloaded and updated فایرا.
2025-07-11 15:35:37,006 - __main__ - INFO - ⏰ File for زر is old (66.2 hours). Attempting to update...
2025-07-11 15:35:38,173 - __main__ - INFO - 💾 Successfully downloaded and updated زر.
2025-07-11 15:35:38,174 - __main__ - INFO - ⏰ File for سامان is old (68.8 hours). Attempting to update...
2025-07-11 15:35:39,206 - __main__ - INFO - 💾 Successfully downloaded and updated سامان.
2025-07-11 15:35:39,217 - __main__ - INFO - ⏰ File for ودی is old (68.8 hours). Attempting to update...
2025-07-11 15:35:40,591 - __main__ - INFO - 💾 Successfully downloaded and updated ودی.
2025-07-11 15:35:40,592 - __main__ - INFO - ⏰ File for تایرا is old (66.1 hours). Attempting to update...
2025-07-11 15:35:42,069 - __main__ - INFO - 💾 Successfully downloaded and updated تایرا.
2025-07-11 15:35:42,082 - __main__ - INFO - ⏰ File for سخوز is old (66.1 hours). Attempting to update...
2025-07-11 15:35:43,068 - __main__ - INFO - 💾 Successfully downloaded and updated سخوز.
2025-07-11 15:35:43,070 - __main__ - INFO - ⏰ File for وسیلام is old (66.1 hours). Attempting to update...
2025-07-11 15:35:44,018 - __main__ - INFO - 💾 Successfully downloaded and updated وسیلام.
2025-07-11 15:35:44,031 - __main__ - INFO - ⏰ File for چکارن is old (66.1 hours). Attempting to update...
2025-07-11 15:35:45,458 - __main__ - INFO - 💾 Successfully downloaded and updated چکارن.
2025-07-11 15:35:45,469 - __main__ - INFO - ⏰ File for قشرینح is old (66.1 hours). Attempting to update...
2025-07-11 15:35:51,284 - urllib3.connectionpool - WARNING - Retrying (Retry(total=4, connect=5, read=4, redirect=None, status=None)) after connection broken by 'ReadTimeoutError("HTTPConnectionPool(host='service.tsetmc.com', port=80): Read timed out. (read timeout=5)")': /tsev2/data/TseClient2.aspx?t=LastPossibleDeven
2025-07-11 15:35:53,817 - __main__ - INFO - 💾 Successfully downloaded and updated قشرینح.
2025-07-11 15:35:53,817 - __main__ - INFO - ⏰ File for تپکو is old (68.8 hours). Attempting to update...
2025-07-11 15:35:55,060 - __main__ - INFO - 💾 Successfully downloaded and updated تپکو.
2025-07-11 15:35:55,062 - __main__ - INFO - ⏰ File for کمنگنزح is old (66.1 hours). Attempting to update...
2025-07-11 15:35:56,097 - __main__ - INFO - 💾 Successfully downloaded and updated کمنگنزح.
2025-07-11 15:35:56,098 - __main__ - INFO - ⏰ File for خعمرا is old (68.8 hours). Attempting to update...
2025-07-11 15:35:57,041 - __main__ - INFO - 💾 Successfully downloaded and updated خعمرا.
2025-07-11 15:35:57,055 - __main__ - INFO - ⏰ File for فصبا is old (68.8 hours). Attempting to update...
2025-07-11 15:35:57,911 - __main__ - INFO - 💾 Successfully downloaded and updated فصبا.
2025-07-11 15:35:57,912 - __main__ - INFO - ⏰ File for صایند is old (68.8 hours). Attempting to update...
2025-07-11 15:35:59,090 - __main__ - INFO - 💾 Successfully downloaded and updated صایند.
2025-07-11 15:35:59,091 - __main__ - INFO - ⏰ File for مادیرا is old (68.8 hours). Attempting to update...
2025-07-11 15:36:00,155 - __main__ - INFO - 💾 Successfully downloaded and updated مادیرا.
2025-07-11 15:36:00,156 - __main__ - INFO - ⏰ File for اوج is old (68.8 hours). Attempting to update...
2025-07-11 15:36:01,138 - __main__ - INFO - 💾 Successfully downloaded and updated اوج.
2025-07-11 15:36:01,139 - __main__ - INFO - ⏰ File for شفا is old (66.1 hours). Attempting to update...
2025-07-11 15:36:02,202 - __main__ - INFO - 💾 Successfully downloaded and updated شفا.
2025-07-11 15:36:02,212 - __main__ - INFO - ⏰ File for دیسشپ is old (92.4 hours). Attempting to update...
2025-07-11 15:36:02,867 - __main__ - ERROR - ❌ Failed to download دیسشپ: single positional indexer is out-of-bounds. Will retry on next run.
2025-07-11 15:36:02,879 - __main__ - INFO - ⏰ File for ثملی is old (92.3 hours). Attempting to update...
2025-07-11 15:36:03,556 - __main__ - ERROR - ❌ Failed to download ثملی: single positional indexer is out-of-bounds. Will retry on next run.
2025-07-11 15:36:03,568 - __main__ - INFO - ⏰ File for وسرمد is old (68.8 hours). Attempting to update...
2025-07-11 15:36:04,654 - __main__ - INFO - 💾 Successfully downloaded and updated وسرمد.
2025-07-11 15:36:04,655 - __main__ - INFO - ⏰ File for وملیح is old (48.2 hours). Attempting to update...
2025-07-11 15:36:05,694 - __main__ - INFO - 💾 Successfully downloaded and updated وملیح.
2025-07-11 15:36:05,707 - __main__ - INFO - ⏰ File for هرمز is old (68.8 hours). Attempting to update...
2025-07-11 15:36:06,933 - __main__ - INFO - 💾 Successfully downloaded and updated هرمز.
2025-07-11 15:36:06,935 - __main__ - INFO - ⏰ File for بکابل is old (68.8 hours). Attempting to update...
2025-07-11 15:36:07,898 - __main__ - INFO - 💾 Successfully downloaded and updated بکابل.
2025-07-11 15:36:07,899 - __main__ - INFO - ⏰ File for وتوصا is old (66.1 hours). Attempting to update...
2025-07-11 15:36:09,573 - __main__ - INFO - 💾 Successfully downloaded and updated وتوصا.
2025-07-11 15:36:09,575 - __main__ - INFO - ⏰ File for وبوعلیح is old (48.2 hours). Attempting to update...
2025-07-11 15:36:10,591 - __main__ - INFO - 💾 Successfully downloaded and updated وبوعلیح.
2025-07-11 15:36:10,592 - __main__ - INFO - ⏰ File for کنور is old (66.1 hours). Attempting to update...
2025-07-11 15:36:12,442 - __main__ - INFO - 💾 Successfully downloaded and updated کنور.
2025-07-11 15:36:12,443 - __main__ - INFO - ⏰ File for باخترح is old (92.4 hours). Attempting to update...
2025-07-11 15:36:13,172 - __main__ - ERROR - ❌ Failed to download باخترح: single positional indexer is out-of-bounds. Will retry on next run.
2025-07-11 15:36:13,183 - __main__ - INFO - ⏰ File for کیا is old (68.8 hours). Attempting to update...
2025-07-11 15:36:14,194 - __main__ - INFO - 💾 Successfully downloaded and updated کیا.
2025-07-11 15:36:14,206 - __main__ - INFO - ⏰ File for دسیناح is old (48.2 hours). Attempting to update...
2025-07-11 15:36:15,422 - __main__ - INFO - 💾 Successfully downloaded and updated دسیناح.
2025-07-11 15:36:15,423 - __main__ - INFO - ⏰ File for وسمرکز is old (66.1 hours). Attempting to update...
2025-07-11 15:36:16,543 - __main__ - INFO - 💾 Successfully downloaded and updated وسمرکز.
2025-07-11 15:36:16,544 - __main__ - INFO - ⏰ File for داسوهح is old (48.2 hours). Attempting to update...
2025-07-11 15:36:18,762 - __main__ - INFO - 💾 Successfully downloaded and updated داسوهح.
2025-07-11 15:36:18,762 - __main__ - INFO - ⏰ File for سرود is old (66.1 hours). Attempting to update...
2025-07-11 15:36:20,391 - __main__ - INFO - 💾 Successfully downloaded and updated سرود.
2025-07-11 15:36:20,392 - __main__ - INFO - ⏰ File for قمرو is old (66.1 hours). Attempting to update...
2025-07-11 15:36:21,682 - __main__ - INFO - 💾 Successfully downloaded and updated قمرو.
2025-07-11 15:36:21,683 - __main__ - INFO - ⏰ File for توسن is old (68.8 hours). Attempting to update...
2025-07-11 15:36:22,575 - __main__ - INFO - 💾 Successfully downloaded and updated توسن.
2025-07-11 15:36:22,575 - __main__ - INFO - ⏰ File for بموتوح is old (66.1 hours). Attempting to update...
2025-07-11 15:36:24,704 - __main__ - INFO - 💾 Successfully downloaded and updated بموتوح.
2025-07-11 15:36:24,705 - __main__ - INFO - ⏰ File for تیپیکوح is old (66.1 hours). Attempting to update...
2025-07-11 15:36:25,773 - __main__ - INFO - 💾 Successfully downloaded and updated تیپیکوح.
2025-07-11 15:36:25,785 - __main__ - INFO - ⏰ File for قنقشح is old (48.2 hours). Attempting to update...
2025-07-11 15:36:26,939 - __main__ - INFO - 💾 Successfully downloaded and updated قنقشح.
2025-07-11 15:36:26,939 - __main__ - INFO - ⏰ File for پسهند is old (66.1 hours). Attempting to update...
2025-07-11 15:36:28,492 - __main__ - INFO - 💾 Successfully downloaded and updated پسهند.
2025-07-11 15:36:28,504 - __main__ - INFO - ⏰ File for زبینا is old (68.8 hours). Attempting to update...
2025-07-11 15:36:29,591 - __main__ - INFO - 💾 Successfully downloaded and updated زبینا.
2025-07-11 15:36:29,592 - __main__ - INFO - ⏰ File for وخاور is old (66.0 hours). Attempting to update...
2025-07-11 15:36:30,918 - __main__ - INFO - 💾 Successfully downloaded and updated وخاور.
2025-07-11 15:36:30,919 - __main__ - INFO - ⏰ File for پدرخشح is old (92.4 hours). Attempting to update...
2025-07-11 15:36:31,565 - __main__ - ERROR - ❌ Failed to download پدرخشح: single positional indexer is out-of-bounds. Will retry on next run.
2025-07-11 15:36:31,565 - __main__ - INFO - ⏰ File for کامیاب is old (68.8 hours). Attempting to update...
2025-07-11 15:36:32,509 - __main__ - INFO - 💾 Successfully downloaded and updated کامیاب.
2025-07-11 15:36:32,510 - __main__ - INFO - ⏰ File for کچینی is old (48.2 hours). Attempting to update...
2025-07-11 15:36:34,394 - __main__ - INFO - 💾 Successfully downloaded and updated کچینی.
2025-07-11 15:36:34,406 - __main__ - INFO - ⏰ File for غدشت is old (66.0 hours). Attempting to update...
2025-07-11 15:36:35,541 - __main__ - INFO - 💾 Successfully downloaded and updated غدشت.
2025-07-11 15:36:35,542 - __main__ - INFO - ⏰ File for دیوان is old (48.2 hours). Attempting to update...
2025-07-11 15:36:36,731 - __main__ - INFO - 💾 Successfully downloaded and updated دیوان.
2025-07-11 15:36:36,742 - __main__ - INFO - ⏰ File for خاتم is old (66.0 hours). Attempting to update...
2025-07-11 15:36:37,689 - __main__ - INFO - 💾 Successfully downloaded and updated خاتم.
2025-07-11 15:36:37,691 - __main__ - INFO - ⏰ File for توان is old (68.8 hours). Attempting to update...
2025-07-11 15:36:38,678 - __main__ - INFO - 💾 Successfully downloaded and updated توان.
2025-07-11 15:36:38,679 - __main__ - INFO - ⏰ File for فساز is old (92.4 hours). Attempting to update...
2025-07-11 15:36:39,372 - __main__ - ERROR - ❌ Failed to download فساز: single positional indexer is out-of-bounds. Will retry on next run.
2025-07-11 15:36:39,383 - __main__ - INFO - ⏰ File for مرقامح is old (48.2 hours). Attempting to update...
2025-07-11 15:36:40,519 - __main__ - INFO - 💾 Successfully downloaded and updated مرقامح.
2025-07-11 15:36:40,531 - __main__ - INFO - ⏰ File for زفجر is old (68.8 hours). Attempting to update...
2025-07-11 15:36:41,405 - __main__ - INFO - 💾 Successfully downloaded and updated زفجر.
2025-07-11 15:36:41,416 - __main__ - INFO - ⏰ File for تکمبا is old (68.8 hours). Attempting to update...
2025-07-11 15:36:42,980 - __main__ - INFO - 💾 Successfully downloaded and updated تکمبا.
2025-07-11 15:36:42,982 - __main__ - INFO - ⏰ File for ثهام is old (68.8 hours). Attempting to update...
2025-07-11 15:36:43,935 - __main__ - INFO - 💾 Successfully downloaded and updated ثهام.
2025-07-11 15:36:43,937 - __main__ - INFO - ⏰ File for لبخند is old (68.8 hours). Attempting to update...
2025-07-11 15:36:44,890 - __main__ - INFO - 💾 Successfully downloaded and updated لبخند.
2025-07-11 15:36:44,891 - __main__ - INFO - ⏰ File for وسبوشهر is old (66.0 hours). Attempting to update...
2025-07-11 15:36:45,892 - __main__ - INFO - 💾 Successfully downloaded and updated وسبوشهر.
2025-07-11 15:36:45,893 - __main__ - INFO - ⏰ File for شگستر is old (68.8 hours). Attempting to update...
2025-07-11 15:36:47,063 - __main__ - INFO - 💾 Successfully downloaded and updated شگستر.
2025-07-11 15:36:47,074 - __main__ - INFO - ⏰ File for زگلدشت is old (66.0 hours). Attempting to update...
2025-07-11 15:36:48,733 - __main__ - INFO - 💾 Successfully downloaded and updated زگلدشت.
2025-07-11 15:36:48,734 - __main__ - INFO - ⏰ File for بکام is old (68.8 hours). Attempting to update...
2025-07-11 15:36:51,093 - __main__ - INFO - 💾 Successfully downloaded and updated بکام.
2025-07-11 15:36:51,094 - __main__ - INFO - ⏰ File for افران is old (68.8 hours). Attempting to update...
2025-07-11 15:36:52,147 - __main__ - INFO - 💾 Successfully downloaded and updated افران.
2025-07-11 15:36:52,149 - __main__ - INFO - ⏰ File for عقیق is old (68.8 hours). Attempting to update...
2025-07-11 15:36:53,091 - __main__ - INFO - 💾 Successfully downloaded and updated عقیق.
2025-07-11 15:36:53,092 - __main__ - INFO - ⏰ File for تفیرو is old (66.0 hours). Attempting to update...
2025-07-11 15:36:54,471 - __main__ - INFO - 💾 Successfully downloaded and updated تفیرو.
2025-07-11 15:36:54,472 - __main__ - INFO - ⏰ File for پتروما is old (68.8 hours). Attempting to update...
2025-07-11 15:36:55,391 - __main__ - INFO - 💾 Successfully downloaded and updated پتروما.
2025-07-11 15:36:55,392 - __main__ - INFO - ⏰ File for درین is old (68.8 hours). Attempting to update...
2025-07-11 15:36:56,293 - __main__ - INFO - 💾 Successfully downloaded and updated درین.
2025-07-11 15:36:56,294 - __main__ - INFO - ⏰ File for پلولهح is old (48.2 hours). Attempting to update...
2025-07-11 15:36:57,523 - __main__ - INFO - 💾 Successfully downloaded and updated پلولهح.
2025-07-11 15:36:57,534 - __main__ - INFO - ⏰ File for فراز is old (68.8 hours). Attempting to update...
2025-07-11 15:36:58,487 - __main__ - INFO - 💾 Successfully downloaded and updated فراز.
2025-07-11 15:36:58,488 - __main__ - INFO - ⏰ File for داناح is old (66.0 hours). Attempting to update...
2025-07-11 15:36:59,572 - __main__ - INFO - 💾 Successfully downloaded and updated داناح.
2025-07-11 15:36:59,585 - __main__ - INFO - ⏰ File for کگازح is old (66.0 hours). Attempting to update...
2025-07-11 15:37:00,631 - __main__ - INFO - 💾 Successfully downloaded and updated کگازح.
2025-07-11 15:37:00,632 - __main__ - INFO - ⏰ File for لخانه is old (68.8 hours). Attempting to update...
2025-07-11 15:37:02,100 - __main__ - INFO - 💾 Successfully downloaded and updated لخانه.
2025-07-11 15:37:02,101 - __main__ - INFO - ⏰ File for وسزنجان is old (66.0 hours). Attempting to update...
2025-07-11 15:37:03,264 - __main__ - INFO - 💾 Successfully downloaded and updated وسزنجان.
2025-07-11 15:37:03,265 - __main__ - INFO - ⏰ File for سپاهاح is old (48.2 hours). Attempting to update...
2025-07-11 15:37:04,311 - __main__ - INFO - 💾 Successfully downloaded and updated سپاهاح.
2025-07-11 15:37:04,312 - __main__ - INFO - ⏰ File for تیام is old (68.8 hours). Attempting to update...
2025-07-11 15:37:05,180 - __main__ - INFO - 💾 Successfully downloaded and updated تیام.
2025-07-11 15:37:05,192 - __main__ - INFO - ⏰ File for وفردا is old (66.0 hours). Attempting to update...
2025-07-11 15:37:06,500 - __main__ - INFO - 💾 Successfully downloaded and updated وفردا.
2025-07-11 15:37:06,513 - __main__ - INFO - ⏰ File for حکشتی is old (68.8 hours). Attempting to update...
2025-07-11 15:37:07,995 - __main__ - INFO - 💾 Successfully downloaded and updated حکشتی.
2025-07-11 15:37:08,007 - __main__ - INFO - ⏰ File for ویستا is old (68.8 hours). Attempting to update...
2025-07-11 15:37:09,133 - __main__ - INFO - 💾 Successfully downloaded and updated ویستا.
2025-07-11 15:37:09,134 - __main__ - INFO - ⏰ File for فرود is old (68.8 hours). Attempting to update...
2025-07-11 15:37:10,014 - __main__ - INFO - 💾 Successfully downloaded and updated فرود.
2025-07-11 15:37:10,026 - __main__ - INFO - ⏰ File for نیلی is old (68.8 hours). Attempting to update...
2025-07-11 15:37:10,954 - __main__ - INFO - 💾 Successfully downloaded and updated نیلی.
2025-07-11 15:37:10,956 - __main__ - INFO - ⏰ File for تکنوح is old (65.9 hours). Attempting to update...
2025-07-11 15:37:12,159 - __main__ - INFO - 💾 Successfully downloaded and updated تکنوح.
2025-07-11 15:37:12,161 - __main__ - INFO - ⏰ File for فملی is old (68.8 hours). Attempting to update...
2025-07-11 15:37:13,622 - __main__ - INFO - 💾 Successfully downloaded and updated فملی.
2025-07-11 15:37:13,634 - __main__ - INFO - ⏰ File for وشمال is old (68.8 hours). Attempting to update...
2025-07-11 15:37:14,718 - __main__ - INFO - 💾 Successfully downloaded and updated وشمال.
2025-07-11 15:37:14,719 - __main__ - INFO - ⏰ File for ولساپا is old (68.8 hours). Attempting to update...
2025-07-11 15:37:16,260 - __main__ - INFO - 💾 Successfully downloaded and updated ولساپا.
2025-07-11 15:37:16,261 - __main__ - INFO - ⏰ File for جهرم is old (68.8 hours). Attempting to update...
2025-07-11 15:37:17,732 - __main__ - INFO - 💾 Successfully downloaded and updated جهرم.
2025-07-11 15:37:17,744 - __main__ - INFO - ⏰ File for غبشهر is old (68.8 hours). Attempting to update...
2025-07-11 15:37:19,388 - __main__ - INFO - 💾 Successfully downloaded and updated غبشهر.
2025-07-11 15:37:19,390 - __main__ - INFO - ⏰ File for کرمان is old (68.8 hours). Attempting to update...
2025-07-11 15:37:20,962 - __main__ - INFO - 💾 Successfully downloaded and updated کرمان.
2025-07-11 15:37:20,964 - __main__ - INFO - ⏰ File for خکاوهح is old (48.2 hours). Attempting to update...
2025-07-11 15:37:22,240 - __main__ - INFO - 💾 Successfully downloaded and updated خکاوهح.
2025-07-11 15:37:22,252 - __main__ - INFO - ⏰ File for غبشهرح is old (48.2 hours). Attempting to update...
2025-07-11 15:37:23,257 - __main__ - INFO - 💾 Successfully downloaded and updated غبشهرح.
2025-07-11 15:37:23,258 - __main__ - INFO - ⏰ File for وسلرستا is old (68.8 hours). Attempting to update...
2025-07-11 15:37:24,314 - __main__ - INFO - 💾 Successfully downloaded and updated وسلرستا.
2025-07-11 15:37:24,327 - __main__ - INFO - ⏰ File for ثمین is old (68.8 hours). Attempting to update...
2025-07-11 15:37:26,327 - __main__ - INFO - 💾 Successfully downloaded and updated ثمین.
2025-07-11 15:37:26,328 - __main__ - INFO - ⏰ File for کرویح is old (48.2 hours). Attempting to update...
2025-07-11 15:37:27,351 - __main__ - INFO - 💾 Successfully downloaded and updated کرویح.
2025-07-11 15:37:27,363 - __main__ - INFO - ⏰ File for کسراح is old (48.2 hours). Attempting to update...
2025-07-11 15:37:28,370 - __main__ - INFO - 💾 Successfully downloaded and updated کسراح.
2025-07-11 15:37:28,371 - __main__ - INFO - ⏰ File for غسالمح is old (48.2 hours). Attempting to update...
2025-07-11 15:37:29,364 - __main__ - INFO - 💾 Successfully downloaded and updated غسالمح.
2025-07-11 15:37:29,365 - __main__ - INFO - ⏰ File for وسدیدح is old (48.2 hours). Attempting to update...
2025-07-11 15:37:30,467 - __main__ - INFO - 💾 Successfully downloaded and updated وسدیدح.
2025-07-11 15:37:30,478 - __main__ - INFO - ⏰ File for فسلیرح is old (48.2 hours). Attempting to update...
2025-07-11 15:37:31,478 - __main__ - INFO - 💾 Successfully downloaded and updated فسلیرح.
2025-07-11 15:37:31,491 - __main__ - INFO - ⏰ File for شتران is old (68.8 hours). Attempting to update...
2025-07-11 15:37:32,674 - __main__ - INFO - 💾 Successfully downloaded and updated شتران.
2025-07-11 15:37:32,687 - __main__ - INFO - ⏰ File for شپنا is old (68.8 hours). Attempting to update...
2025-07-11 15:37:34,046 - __main__ - INFO - 💾 Successfully downloaded and updated شپنا.
2025-07-11 15:37:34,047 - __main__ - INFO - ⏰ File for وصنعت is old (68.8 hours). Attempting to update...
2025-07-11 15:37:35,628 - __main__ - INFO - 💾 Successfully downloaded and updated وصنعت.
2025-07-11 15:37:35,629 - __main__ - INFO - ⏰ File for حرهشا is old (68.8 hours). Attempting to update...
2025-07-11 15:37:37,205 - __main__ - INFO - 💾 Successfully downloaded and updated حرهشا.
2025-07-11 15:37:37,206 - __main__ - INFO - ⏰ File for سیتا is old (68.8 hours). Attempting to update...
2025-07-11 15:37:38,377 - __main__ - INFO - 💾 Successfully downloaded and updated سیتا.
2025-07-11 15:37:38,377 - __main__ - INFO - ⏰ File for کپارسح is old (48.2 hours). Attempting to update...
2025-07-11 15:37:39,382 - __main__ - INFO - 💾 Successfully downloaded and updated کپارسح.
2025-07-11 15:37:39,395 - __main__ - INFO - ⏰ File for حفارس is old (68.8 hours). Attempting to update...
2025-07-11 15:37:40,614 - __main__ - INFO - 💾 Successfully downloaded and updated حفارس.
2025-07-11 15:37:40,615 - __main__ - INFO - ⏰ File for شجی is old (92.4 hours). Attempting to update...
2025-07-11 15:37:41,380 - __main__ - ERROR - ❌ Failed to download شجی: single positional indexer is out-of-bounds. Will retry on next run.
2025-07-11 15:37:41,393 - __main__ - INFO - ⏰ File for برانسفو is old (92.4 hours). Attempting to update...
2025-07-11 15:37:42,096 - __main__ - ERROR - ❌ Failed to download برانسفو: single positional indexer is out-of-bounds. Will retry on next run.
2025-07-11 15:37:42,107 - __main__ - INFO - ⏰ File for وحکمت is old (68.8 hours). Attempting to update...
2025-07-11 15:37:43,191 - __main__ - INFO - 💾 Successfully downloaded and updated وحکمت.
2025-07-11 15:37:43,192 - __main__ - INFO - ⏰ File for شپمچا is old (48.2 hours). Attempting to update...
2025-07-11 15:37:44,571 - __main__ - INFO - 💾 Successfully downloaded and updated شپمچا.
2025-07-11 15:37:44,583 - __main__ - INFO - ⏰ File for دسانکوح is old (68.8 hours). Attempting to update...
2025-07-11 15:37:45,798 - __main__ - INFO - 💾 Successfully downloaded and updated دسانکوح.
2025-07-11 15:37:45,799 - __main__ - INFO - ⏰ File for ولشرق is old (68.8 hours). Attempting to update...
2025-07-11 15:37:47,018 - __main__ - INFO - 💾 Successfully downloaded and updated ولشرق.
2025-07-11 15:37:47,019 - __main__ - INFO - ⏰ File for وکغدیر is old (68.8 hours). Attempting to update...
2025-07-11 15:37:47,900 - __main__ - INFO - 💾 Successfully downloaded and updated وکغدیر.
2025-07-11 15:37:47,912 - __main__ - INFO - ⏰ File for وتوسم is old (68.8 hours). Attempting to update...
2025-07-11 15:37:49,410 - __main__ - INFO - 💾 Successfully downloaded and updated وتوسم.
2025-07-11 15:37:49,411 - __main__ - INFO - ⏰ File for قشکر is old (68.8 hours). Attempting to update...
2025-07-11 15:37:50,872 - __main__ - INFO - 💾 Successfully downloaded and updated قشکر.
2025-07-11 15:37:50,874 - __main__ - INFO - ⏰ File for تدبیر is old (92.4 hours). Attempting to update...
2025-07-11 15:37:52,460 - __main__ - ERROR - ❌ Failed to download تدبیر: single positional indexer is out-of-bounds. Will retry on next run.
2025-07-11 15:37:52,461 - __main__ - INFO - ⏰ File for تکیمیا is old (68.8 hours). Attempting to update...
2025-07-11 15:37:53,921 - __main__ - INFO - 💾 Successfully downloaded and updated تکیمیا.
2025-07-11 15:37:53,926 - __main__ - INFO - ⏰ File for وساختح is old (48.2 hours). Attempting to update...
2025-07-11 15:37:54,898 - __main__ - INFO - 💾 Successfully downloaded and updated وساختح.
2025-07-11 15:37:54,910 - __main__ - INFO - ⏰ File for ارزش مسکن is old (68.8 hours). Attempting to update...
2025-07-11 15:37:55,781 - __main__ - INFO - 💾 Successfully downloaded and updated ارزش مسکن.
2025-07-11 15:37:55,792 - __main__ - INFO - ⏰ File for غشاذر is old (68.8 hours). Attempting to update...
2025-07-11 15:37:57,134 - __main__ - INFO - 💾 Successfully downloaded and updated غشاذر.
2025-07-11 15:37:57,145 - __main__ - INFO - ⏰ File for دیبا is old (68.8 hours). Attempting to update...
2025-07-11 15:37:58,011 - __main__ - INFO - 💾 Successfully downloaded and updated دیبا.
2025-07-11 15:37:58,012 - __main__ - INFO - ⏰ File for کشرق is old (68.8 hours). Attempting to update...
2025-07-11 15:37:59,217 - __main__ - INFO - 💾 Successfully downloaded and updated کشرق.
2025-07-11 15:37:59,219 - __main__ - INFO - ⏰ File for وملتح is old (48.2 hours). Attempting to update...
2025-07-11 15:38:00,280 - __main__ - INFO - 💾 Successfully downloaded and updated وملتح.
2025-07-11 15:38:00,291 - __main__ - INFO - ⏰ File for حفاری is old (68.8 hours). Attempting to update...
2025-07-11 15:38:01,666 - __main__ - INFO - 💾 Successfully downloaded and updated حفاری.
2025-07-11 15:38:01,679 - __main__ - INFO - ⏰ File for پالایش is old (68.8 hours). Attempting to update...
2025-07-11 15:38:02,662 - __main__ - INFO - 💾 Successfully downloaded and updated پالایش.
2025-07-11 15:38:02,663 - __main__ - INFO - ⏰ File for حآفرین is old (68.8 hours). Attempting to update...
2025-07-11 15:38:03,637 - __main__ - INFO - 💾 Successfully downloaded and updated حآفرین.
2025-07-11 15:38:03,639 - __main__ - INFO - ⏰ File for پارس is old (68.8 hours). Attempting to update...
2025-07-11 15:38:04,798 - __main__ - INFO - 💾 Successfully downloaded and updated پارس.
2025-07-11 15:38:04,800 - __main__ - INFO - ⏰ File for کلوند is old (68.8 hours). Attempting to update...
2025-07-11 15:38:06,465 - __main__ - INFO - 💾 Successfully downloaded and updated کلوند.
2025-07-11 15:38:06,466 - __main__ - INFO - ⏰ File for شخارکح is old (48.2 hours). Attempting to update...
2025-07-11 15:38:07,523 - __main__ - INFO - 💾 Successfully downloaded and updated شخارکح.
2025-07-11 15:38:07,524 - __main__ - INFO - ⏰ File for لمخابر is old (48.2 hours). Attempting to update...
2025-07-11 15:38:12,660 - __main__ - INFO - 💾 Successfully downloaded and updated لمخابر.
2025-07-11 15:38:12,672 - __main__ - INFO - ⏰ File for سیدکو is old (68.8 hours). Attempting to update...
2025-07-11 15:38:13,928 - __main__ - INFO - 💾 Successfully downloaded and updated سیدکو.
2025-07-11 15:38:13,929 - __main__ - INFO - ⏰ File for ثعتما is old (68.8 hours). Attempting to update...
2025-07-11 15:38:15,393 - __main__ - INFO - 💾 Successfully downloaded and updated ثعتما.
2025-07-11 15:38:15,393 - __main__ - INFO - ⏰ File for وسکرد is old (68.8 hours). Attempting to update...
2025-07-11 15:38:17,513 - __main__ - INFO - 💾 Successfully downloaded and updated وسکرد.
2025-07-11 15:38:17,515 - __main__ - INFO - ⏰ File for پادا is old (68.8 hours). Attempting to update...
2025-07-11 15:38:18,486 - __main__ - INFO - 💾 Successfully downloaded and updated پادا.
2025-07-11 15:38:18,503 - __main__ - INFO - ⏰ File for کپشیر is old (68.8 hours). Attempting to update...
2025-07-11 15:38:19,927 - __main__ - INFO - 💾 Successfully downloaded and updated کپشیر.
2025-07-11 15:38:19,928 - __main__ - INFO - ⏰ File for فاهوازح is old (48.2 hours). Attempting to update...
2025-07-11 15:38:21,988 - __main__ - INFO - 💾 Successfully downloaded and updated فاهوازح.
2025-07-11 15:38:22,001 - __main__ - INFO - ⏰ File for فروم is old (48.2 hours). Attempting to update...
2025-07-11 15:38:26,445 - __main__ - INFO - 💾 Successfully downloaded and updated فروم.
2025-07-11 15:38:26,446 - __main__ - INFO - ⏰ File for زیتون is old (68.8 hours). Attempting to update...
2025-07-11 15:38:27,464 - __main__ - INFO - 💾 Successfully downloaded and updated زیتون.
2025-07-11 15:38:27,465 - __main__ - INFO - ⏰ File for ثباغ is old (68.8 hours). Attempting to update...
2025-07-11 15:38:28,909 - __main__ - INFO - 💾 Successfully downloaded and updated ثباغ.
2025-07-11 15:38:28,922 - __main__ - INFO - ⏰ File for دحاوی is old (68.8 hours). Attempting to update...
2025-07-11 15:38:32,002 - __main__ - INFO - 💾 Successfully downloaded and updated دحاوی.
2025-07-11 15:38:32,003 - __main__ - INFO - ⏰ File for پشاهن is old (68.8 hours). Attempting to update...
2025-07-11 15:38:33,308 - __main__ - INFO - 💾 Successfully downloaded and updated پشاهن.
2025-07-11 15:38:33,309 - __main__ - INFO - ⏰ File for سیدکوح is old (48.2 hours). Attempting to update...
2025-07-11 15:38:34,342 - __main__ - INFO - 💾 Successfully downloaded and updated سیدکوح.
2025-07-11 15:38:34,343 - __main__ - INFO - ⏰ File for گوهران is old (68.8 hours). Attempting to update...
2025-07-11 15:38:35,535 - __main__ - INFO - 💾 Successfully downloaded and updated گوهران.
2025-07-11 15:38:35,545 - __main__ - INFO - ⏰ File for کفپارسح is old (48.2 hours). Attempting to update...
2025-07-11 15:38:36,489 - __main__ - INFO - 💾 Successfully downloaded and updated کفپارسح.
2025-07-11 15:38:36,500 - __main__ - INFO - ⏰ File for سدشتح is old (48.2 hours). Attempting to update...
2025-07-11 15:38:37,498 - __main__ - INFO - 💾 Successfully downloaded and updated سدشتح.
2025-07-11 15:38:37,504 - __main__ - INFO - ⏰ File for سشرق is old (68.8 hours). Attempting to update...
2025-07-11 15:38:39,153 - __main__ - INFO - 💾 Successfully downloaded and updated سشرق.
2025-07-11 15:38:39,153 - __main__ - INFO - ⏰ File for شزنگ is old (68.8 hours). Attempting to update...
2025-07-11 15:38:40,364 - __main__ - INFO - 💾 Successfully downloaded and updated شزنگ.
2025-07-11 15:38:40,376 - __main__ - INFO - ⏰ File for دتمادح is old (68.8 hours). Attempting to update...
2025-07-11 15:38:41,449 - __main__ - INFO - 💾 Successfully downloaded and updated دتمادح.
2025-07-11 15:38:41,450 - __main__ - INFO - ⏰ File for ساذریح is old (68.8 hours). Attempting to update...
2025-07-11 15:38:42,457 - __main__ - INFO - 💾 Successfully downloaded and updated ساذریح.
2025-07-11 15:38:42,469 - __main__ - INFO - ⏰ File for پترولح is old (68.8 hours). Attempting to update...
2025-07-11 15:38:43,585 - __main__ - INFO - 💾 Successfully downloaded and updated پترولح.
2025-07-11 15:38:43,586 - __main__ - INFO - ⏰ File for پارتا is old (68.8 hours). Attempting to update...
2025-07-11 15:38:45,071 - __main__ - INFO - 💾 Successfully downloaded and updated پارتا.
2025-07-11 15:38:45,072 - __main__ - INFO - ⏰ File for ثنوساح is old (48.2 hours). Attempting to update...
2025-07-11 15:38:46,158 - __main__ - INFO - 💾 Successfully downloaded and updated ثنوساح.
2025-07-11 15:38:46,159 - __main__ - INFO - ⏰ File for سمازن is old (68.8 hours). Attempting to update...
2025-07-11 15:38:47,538 - __main__ - INFO - 💾 Successfully downloaded and updated سمازن.
2025-07-11 15:38:47,549 - __main__ - INFO - ⏰ File for ولپارس is old (68.8 hours). Attempting to update...
2025-07-11 15:38:48,638 - __main__ - INFO - 💾 Successfully downloaded and updated ولپارس.
2025-07-11 15:38:48,638 - __main__ - INFO - ⏰ File for کمند is old (68.8 hours). Attempting to update...
2025-07-11 15:38:50,977 - __main__ - INFO - 💾 Successfully downloaded and updated کمند.
2025-07-11 15:38:50,978 - __main__ - INFO - ⏰ File for ساحل is old (68.8 hours). Attempting to update...
2025-07-11 15:38:52,906 - __main__ - INFO - 💾 Successfully downloaded and updated ساحل.
2025-07-11 15:38:52,907 - __main__ - INFO - ⏰ File for سکرد is old (68.8 hours). Attempting to update...
2025-07-11 15:38:54,121 - __main__ - INFO - 💾 Successfully downloaded and updated سکرد.
2025-07-11 15:38:54,122 - __main__ - INFO - ⏰ File for تابا is old (68.8 hours). Attempting to update...
2025-07-11 15:38:55,683 - __main__ - INFO - 💾 Successfully downloaded and updated تابا.
2025-07-11 15:38:55,684 - __main__ - INFO - ⏰ File for زفکا is old (68.8 hours). Attempting to update...
2025-07-11 15:38:56,788 - __main__ - INFO - 💾 Successfully downloaded and updated زفکا.
2025-07-11 15:38:56,801 - __main__ - INFO - ⏰ File for ثتران is old (68.8 hours). Attempting to update...
2025-07-11 15:38:58,078 - __main__ - INFO - 💾 Successfully downloaded and updated ثتران.
2025-07-11 15:38:58,090 - __main__ - INFO - ⏰ File for غناب is old (68.8 hours). Attempting to update...
2025-07-11 15:38:59,330 - __main__ - INFO - 💾 Successfully downloaded and updated غناب.
2025-07-11 15:38:59,331 - __main__ - INFO - ⏰ File for زنجان is old (68.8 hours). Attempting to update...
2025-07-11 15:39:00,628 - __main__ - INFO - 💾 Successfully downloaded and updated زنجان.
2025-07-11 15:39:00,632 - __main__ - INFO - ⏰ File for خکرمان is old (68.8 hours). Attempting to update...
2025-07-11 15:39:01,670 - __main__ - INFO - 💾 Successfully downloaded and updated خکرمان.
2025-07-11 15:39:01,681 - __main__ - INFO - ⏰ File for سایراح is old (92.4 hours). Attempting to update...
2025-07-11 15:39:02,359 - __main__ - ERROR - ❌ Failed to download سایراح: single positional indexer is out-of-bounds. Will retry on next run.
2025-07-11 15:39:02,370 - __main__ - INFO - ⏰ File for فملیح is old (48.2 hours). Attempting to update...
2025-07-11 15:39:03,443 - __main__ - INFO - 💾 Successfully downloaded and updated فملیح.
2025-07-11 15:39:03,444 - __main__ - INFO - ⏰ File for غساسا is old (48.2 hours). Attempting to update...
2025-07-11 15:39:10,006 - __main__ - INFO - 💾 Successfully downloaded and updated غساسا.
2025-07-11 15:39:10,018 - __main__ - INFO - ⏰ File for غگرجی is old (68.8 hours). Attempting to update...
2025-07-11 15:39:11,458 - __main__ - INFO - 💾 Successfully downloaded and updated غگرجی.
2025-07-11 15:39:11,460 - __main__ - INFO - ⏰ File for آسام is old (68.8 hours). Attempting to update...
2025-07-11 15:39:12,571 - __main__ - INFO - 💾 Successfully downloaded and updated آسام.
2025-07-11 15:39:12,571 - __main__ - INFO - ⏰ File for وپارسح is old (48.2 hours). Attempting to update...
2025-07-11 15:39:13,678 - __main__ - INFO - 💾 Successfully downloaded and updated وپارسح.
2025-07-11 15:39:13,689 - __main__ - INFO - ⏰ File for برلیان is old (68.8 hours). Attempting to update...
2025-07-11 15:39:14,882 - __main__ - INFO - 💾 Successfully downloaded and updated برلیان.
2025-07-11 15:39:14,895 - __main__ - INFO - ⏰ File for فنورد is old (68.8 hours). Attempting to update...
2025-07-11 15:39:16,079 - __main__ - INFO - 💾 Successfully downloaded and updated فنورد.
2025-07-11 15:39:16,081 - __main__ - INFO - ⏰ File for وسنا is old (68.8 hours). Attempting to update...
2025-07-11 15:39:17,246 - __main__ - INFO - 💾 Successfully downloaded and updated وسنا.
2025-07-11 15:39:17,247 - __main__ - INFO - ⏰ File for هوشیار is old (68.8 hours). Attempting to update...
2025-07-11 15:39:18,106 - __main__ - INFO - 💾 Successfully downloaded and updated هوشیار.
2025-07-11 15:39:18,119 - __main__ - INFO - ⏰ File for ضمان is old (68.8 hours). Attempting to update...
2025-07-11 15:39:19,041 - __main__ - INFO - 💾 Successfully downloaded and updated ضمان.
2025-07-11 15:39:19,052 - __main__ - INFO - ⏰ File for بازرگام is old (68.8 hours). Attempting to update...
2025-07-11 15:39:19,995 - __main__ - INFO - 💾 Successfully downloaded and updated بازرگام.
2025-07-11 15:39:19,997 - __main__ - INFO - ⏰ File for ولتجار is old (68.8 hours). Attempting to update...
2025-07-11 15:39:21,804 - __main__ - INFO - 💾 Successfully downloaded and updated ولتجار.
2025-07-11 15:39:21,805 - __main__ - INFO - ⏰ File for لمخابرح is old (48.2 hours). Attempting to update...
2025-07-11 15:39:23,913 - __main__ - INFO - 💾 Successfully downloaded and updated لمخابرح.
2025-07-11 15:39:23,914 - __main__ - INFO - ⏰ File for کخاکح is old (68.8 hours). Attempting to update...
2025-07-11 15:39:25,022 - __main__ - INFO - 💾 Successfully downloaded and updated کخاکح.
2025-07-11 15:39:25,023 - __main__ - INFO - ⏰ File for اتکای is old (68.8 hours). Attempting to update...
2025-07-11 15:39:26,405 - __main__ - INFO - 💾 Successfully downloaded and updated اتکای.
2025-07-11 15:39:26,406 - __main__ - INFO - ⏰ File for تپمپیح is old (48.2 hours). Attempting to update...
2025-07-11 15:39:27,579 - __main__ - INFO - 💾 Successfully downloaded and updated تپمپیح.
2025-07-11 15:39:27,579 - __main__ - INFO - ⏰ File for غچین is old (68.8 hours). Attempting to update...
2025-07-11 15:39:28,897 - __main__ - INFO - 💾 Successfully downloaded and updated غچین.
2025-07-11 15:39:28,898 - __main__ - INFO - ⏰ File for سفاسی is old (68.8 hours). Attempting to update...
2025-07-11 15:39:30,406 - __main__ - INFO - 💾 Successfully downloaded and updated سفاسی.
2025-07-11 15:39:30,408 - __main__ - INFO - ⏰ File for کسعدی is old (68.8 hours). Attempting to update...
2025-07-11 15:39:31,845 - __main__ - INFO - 💾 Successfully downloaded and updated کسعدی.
2025-07-11 15:39:31,846 - __main__ - INFO - ⏰ File for غبهپاکح is old (92.4 hours). Attempting to update...
2025-07-11 15:39:32,531 - __main__ - ERROR - ❌ Failed to download غبهپاکح: single positional indexer is out-of-bounds. Will retry on next run.
2025-07-11 15:39:32,531 - __main__ - INFO - ⏰ File for پاکشو is old (68.8 hours). Attempting to update...
2025-07-11 15:39:33,905 - __main__ - INFO - 💾 Successfully downloaded and updated پاکشو.
2025-07-11 15:39:33,906 - __main__ - INFO - ⏰ File for فولاد is old (68.8 hours). Attempting to update...
2025-07-11 15:39:35,507 - __main__ - INFO - 💾 Successfully downloaded and updated فولاد.
2025-07-11 15:39:35,508 - __main__ - INFO - ⏰ File for حامی1401 is old (48.2 hours). Attempting to update...
2025-07-11 15:39:36,511 - __main__ - INFO - 💾 Successfully downloaded and updated حامی1401.
2025-07-11 15:39:36,523 - __main__ - INFO - ⏰ File for قلرست is old (68.8 hours). Attempting to update...
2025-07-11 15:39:37,996 - __main__ - INFO - 💾 Successfully downloaded and updated قلرست.
2025-07-11 15:39:37,998 - __main__ - INFO - ⏰ File for آباد is old (68.8 hours). Attempting to update...
2025-07-11 15:39:40,096 - __main__ - INFO - 💾 Successfully downloaded and updated آباد.
2025-07-11 15:39:40,097 - __main__ - INFO - ⏰ File for ونیکی is old (68.8 hours). Attempting to update...
2025-07-11 15:39:41,741 - __main__ - INFO - 💾 Successfully downloaded and updated ونیکی.
2025-07-11 15:39:41,752 - __main__ - INFO - ⏰ File for پاداش is old (68.8 hours). Attempting to update...
2025-07-11 15:39:42,705 - __main__ - INFO - 💾 Successfully downloaded and updated پاداش.
2025-07-11 15:39:42,707 - __main__ - INFO - ⏰ File for شپارسح is old (68.8 hours). Attempting to update...
2025-07-11 15:39:44,068 - __main__ - INFO - 💾 Successfully downloaded and updated شپارسح.
2025-07-11 15:39:44,068 - __main__ - INFO - ⏰ File for فسدید is old (68.8 hours). Attempting to update...
2025-07-11 15:39:45,482 - __main__ - INFO - 💾 Successfully downloaded and updated فسدید.
2025-07-11 15:39:45,494 - __main__ - INFO - ⏰ File for دشیمیح is old (68.8 hours). Attempting to update...
2025-07-11 15:39:46,781 - __main__ - INFO - 💾 Successfully downloaded and updated دشیمیح.
2025-07-11 15:39:46,782 - __main__ - INFO - ⏰ File for سفارسح is old (48.2 hours). Attempting to update...
2025-07-11 15:39:47,981 - __main__ - INFO - 💾 Successfully downloaded and updated سفارسح.
2025-07-11 15:39:47,982 - __main__ - INFO - ⏰ File for والبر is old (68.8 hours). Attempting to update...
2025-07-11 15:39:49,607 - __main__ - INFO - 💾 Successfully downloaded and updated والبر.
2025-07-11 15:39:49,608 - __main__ - INFO - ⏰ File for سدورح is old (48.2 hours). Attempting to update...
2025-07-11 15:39:50,658 - __main__ - INFO - 💾 Successfully downloaded and updated سدورح.
2025-07-11 15:39:50,669 - __main__ - INFO - ⏰ File for دامین is old (68.8 hours). Attempting to update...
2025-07-11 15:39:53,036 - __main__ - INFO - 💾 Successfully downloaded and updated دامین.
2025-07-11 15:39:53,037 - __main__ - INFO - ⏰ File for ختورح is old (68.8 hours). Attempting to update...
2025-07-11 15:39:54,099 - __main__ - INFO - 💾 Successfully downloaded and updated ختورح.
2025-07-11 15:39:54,114 - __main__ - INFO - ⏰ File for فزر is old (68.8 hours). Attempting to update...
2025-07-11 15:39:55,146 - __main__ - INFO - 💾 Successfully downloaded and updated فزر.
2025-07-11 15:39:55,159 - __main__ - INFO - ⏰ File for وپسا is old (68.8 hours). Attempting to update...
2025-07-11 15:39:56,280 - __main__ - INFO - 💾 Successfully downloaded and updated وپسا.
2025-07-11 15:39:56,281 - __main__ - INFO - ⏰ File for آگاس is old (68.8 hours). Attempting to update...
2025-07-11 15:39:57,391 - __main__ - INFO - 💾 Successfully downloaded and updated آگاس.
2025-07-11 15:39:57,392 - __main__ - INFO - ⏰ File for وکبهمن is old (68.8 hours). Attempting to update...
2025-07-11 15:39:58,412 - __main__ - INFO - 💾 Successfully downloaded and updated وکبهمن.
2025-07-11 15:39:58,414 - __main__ - INFO - ⏰ File for شاروم is old (68.8 hours). Attempting to update...
2025-07-11 15:39:59,507 - __main__ - INFO - 💾 Successfully downloaded and updated شاروم.
2025-07-11 15:39:59,508 - __main__ - INFO - ⏰ File for اوان is old (68.8 hours). Attempting to update...
2025-07-11 15:40:00,782 - __main__ - INFO - 💾 Successfully downloaded and updated اوان.
2025-07-11 15:40:00,783 - __main__ - INFO - ⏰ File for جمح is old (68.8 hours). Attempting to update...
2025-07-11 15:40:01,927 - __main__ - INFO - 💾 Successfully downloaded and updated جمح.
2025-07-11 15:40:01,928 - __main__ - INFO - ⏰ File for وسخراج is old (68.8 hours). Attempting to update...
2025-07-11 15:40:10,140 - __main__ - INFO - 💾 Successfully downloaded and updated وسخراج.
2025-07-11 15:40:10,141 - __main__ - INFO - ⏰ File for فولاژح is old (68.8 hours). Attempting to update...
2025-07-11 15:40:12,474 - __main__ - INFO - 💾 Successfully downloaded and updated فولاژح.
2025-07-11 15:40:12,485 - __main__ - INFO - ⏰ File for دقاضی is old (68.8 hours). Attempting to update...
2025-07-11 15:40:13,190 - pytse - ERROR - Cannot read daily trade records for symbol: دقاضی
2025-07-11 15:40:13,568 - __main__ - INFO - 💾 Successfully downloaded and updated دقاضی.
2025-07-11 15:40:13,569 - __main__ - INFO - ⏰ File for فوکاح is old (48.2 hours). Attempting to update...
2025-07-11 15:40:14,679 - __main__ - INFO - 💾 Successfully downloaded and updated فوکاح.
2025-07-11 15:40:14,691 - __main__ - INFO - ⏰ File for آردینه is old (68.8 hours). Attempting to update...
2025-07-11 15:40:15,628 - __main__ - INFO - 💾 Successfully downloaded and updated آردینه.
2025-07-11 15:40:15,629 - __main__ - INFO - ⏰ File for دابورح is old (68.8 hours). Attempting to update...
2025-07-11 15:40:16,691 - __main__ - INFO - 💾 Successfully downloaded and updated دابورح.
2025-07-11 15:40:16,699 - __main__ - INFO - ⏰ File for کهرام is old (68.8 hours). Attempting to update...
2025-07-11 15:40:17,874 - __main__ - INFO - 💾 Successfully downloaded and updated کهرام.
2025-07-11 15:40:17,875 - __main__ - INFO - ⏰ File for وآیند is old (68.8 hours). Attempting to update...
2025-07-11 15:40:18,962 - __main__ - INFO - 💾 Successfully downloaded and updated وآیند.
2025-07-11 15:40:18,963 - __main__ - INFO - ⏰ File for وسقزوین is old (92.4 hours). Attempting to update...
2025-07-11 15:40:19,682 - __main__ - ERROR - ❌ Failed to download وسقزوین: single positional indexer is out-of-bounds. Will retry on next run.
2025-07-11 15:40:19,683 - __main__ - INFO - ⏰ File for وآذر is old (68.8 hours). Attempting to update...
2025-07-11 15:40:21,448 - __main__ - INFO - 💾 Successfully downloaded and updated وآذر.
2025-07-11 15:40:21,460 - __main__ - INFO - ⏰ File for سمایه is old (68.8 hours). Attempting to update...
2025-07-11 15:40:22,512 - __main__ - INFO - 💾 Successfully downloaded and updated سمایه.
2025-07-11 15:40:22,513 - __main__ - INFO - ⏰ File for داروح is old (68.8 hours). Attempting to update...
2025-07-11 15:40:23,652 - __main__ - INFO - 💾 Successfully downloaded and updated داروح.
2025-07-11 15:40:23,664 - __main__ - INFO - ⏰ File for واتی is old (68.8 hours). Attempting to update...
2025-07-11 15:40:25,157 - __main__ - INFO - 💾 Successfully downloaded and updated واتی.
2025-07-11 15:40:25,158 - __main__ - INFO - ⏰ File for گنجین is old (68.8 hours). Attempting to update...
2025-07-11 15:40:26,936 - __main__ - INFO - 💾 Successfully downloaded and updated گنجین.
2025-07-11 15:40:26,949 - __main__ - INFO - ⏰ File for پخش is old (68.8 hours). Attempting to update...
2025-07-11 15:40:28,271 - __main__ - INFO - 💾 Successfully downloaded and updated پخش.
2025-07-11 15:40:28,272 - __main__ - INFO - ⏰ File for مدارانح is old (48.2 hours). Attempting to update...
2025-07-11 15:40:29,356 - __main__ - INFO - 💾 Successfully downloaded and updated مدارانح.
2025-07-11 15:40:29,356 - __main__ - INFO - ⏰ File for حفاریح is old (48.2 hours). Attempting to update...
2025-07-11 15:40:30,307 - __main__ - INFO - 💾 Successfully downloaded and updated حفاریح.
2025-07-11 15:40:30,308 - __main__ - INFO - ⏰ File for وتوشه is old (68.8 hours). Attempting to update...
2025-07-11 15:40:32,003 - __main__ - INFO - 💾 Successfully downloaded and updated وتوشه.
2025-07-11 15:40:32,004 - __main__ - INFO - ⏰ File for فبستم is old (68.8 hours). Attempting to update...
2025-07-11 15:40:32,998 - __main__ - INFO - 💾 Successfully downloaded and updated فبستم.
2025-07-11 15:40:32,999 - __main__ - INFO - ⏰ File for بهپاک is old (68.8 hours). Attempting to update...
2025-07-11 15:40:34,150 - __main__ - INFO - 💾 Successfully downloaded and updated بهپاک.
2025-07-11 15:40:34,158 - __main__ - INFO - ⏰ File for آکورد is old (68.8 hours). Attempting to update...
2025-07-11 15:40:35,347 - __main__ - INFO - 💾 Successfully downloaded and updated آکورد.
2025-07-11 15:40:35,348 - __main__ - INFO - ⏰ File for دیرانح is old (68.8 hours). Attempting to update...
2025-07-11 15:40:36,481 - __main__ - INFO - 💾 Successfully downloaded and updated دیرانح.
2025-07-11 15:40:36,494 - __main__ - INFO - ⏰ File for کاسپین is old (68.8 hours). Attempting to update...
2025-07-11 15:40:37,663 - __main__ - INFO - 💾 Successfully downloaded and updated کاسپین.
2025-07-11 15:40:37,664 - __main__ - INFO - ⏰ File for ثابت اکسیژن is old (68.8 hours). Attempting to update...
2025-07-11 15:40:38,568 - __main__ - INFO - 💾 Successfully downloaded and updated ثابت اکسیژن.
2025-07-11 15:40:38,581 - __main__ - INFO - ⏰ File for لوتوس is old (68.8 hours). Attempting to update...
2025-07-11 15:40:39,751 - __main__ - INFO - 💾 Successfully downloaded and updated لوتوس.
2025-07-11 15:40:39,786 - __main__ - INFO - ⏰ File for چفیبرح is old (48.2 hours). Attempting to update...
2025-07-11 15:40:41,117 - __main__ - INFO - 💾 Successfully downloaded and updated چفیبرح.
2025-07-11 15:40:41,118 - __main__ - INFO - ⏰ File for خپویشح is old (48.2 hours). Attempting to update...
2025-07-11 15:40:42,188 - __main__ - INFO - 💾 Successfully downloaded and updated خپویشح.
2025-07-11 15:40:42,201 - __main__ - INFO - ⏰ File for واتیح is old (48.2 hours). Attempting to update...
2025-07-11 15:40:43,346 - __main__ - INFO - 💾 Successfully downloaded and updated واتیح.
2025-07-11 15:40:43,358 - __main__ - INFO - ⏰ File for وآفر is old (68.8 hours). Attempting to update...
2025-07-11 15:40:44,398 - __main__ - INFO - 💾 Successfully downloaded and updated وآفر.
2025-07-11 15:40:44,399 - __main__ - INFO - ⏰ File for وزمین is old (68.8 hours). Attempting to update...
2025-07-11 15:40:45,990 - __main__ - INFO - 💾 Successfully downloaded and updated وزمین.
2025-07-11 15:40:46,003 - __main__ - INFO - ⏰ File for لپیامح is old (48.2 hours). Attempting to update...
2025-07-11 15:40:47,088 - __main__ - INFO - 💾 Successfully downloaded and updated لپیامح.
2025-07-11 15:40:47,105 - __main__ - INFO - ⏰ File for آ س پ is old (68.8 hours). Attempting to update...
2025-07-11 15:40:48,482 - __main__ - INFO - 💾 Successfully downloaded and updated آ س پ.
2025-07-11 15:40:48,483 - __main__ - INFO - ⏰ File for شپاس is old (68.8 hours). Attempting to update...
2025-07-11 15:40:49,765 - __main__ - INFO - 💾 Successfully downloaded and updated شپاس.
2025-07-11 15:40:49,766 - __main__ - INFO - ⏰ File for سفانوح is old (48.2 hours). Attempting to update...
2025-07-11 15:40:50,770 - __main__ - INFO - 💾 Successfully downloaded and updated سفانوح.
2025-07-11 15:40:50,781 - __main__ - INFO - ⏰ File for ثاخت is old (68.8 hours). Attempting to update...
2025-07-11 15:40:52,264 - __main__ - INFO - 💾 Successfully downloaded and updated ثاخت.
2025-07-11 15:40:52,276 - __main__ - INFO - ⏰ File for اونیکس is old (68.8 hours). Attempting to update...
2025-07-11 15:40:53,239 - __main__ - INFO - 💾 Successfully downloaded and updated اونیکس.
2025-07-11 15:40:53,251 - __main__ - INFO - ⏰ File for سمگا is old (68.8 hours). Attempting to update...
2025-07-11 15:40:54,701 - __main__ - INFO - 💾 Successfully downloaded and updated سمگا.
2025-07-11 15:40:54,702 - __main__ - INFO - ⏰ File for قثابتح is old (92.4 hours). Attempting to update...
2025-07-11 15:40:55,471 - __main__ - ERROR - ❌ Failed to download قثابتح: single positional indexer is out-of-bounds. Will retry on next run.
2025-07-11 15:40:55,484 - __main__ - INFO - ⏰ File for دابور is old (68.8 hours). Attempting to update...
2025-07-11 15:40:56,855 - __main__ - INFO - 💾 Successfully downloaded and updated دابور.
2025-07-11 15:40:56,866 - __main__ - INFO - ⏰ File for رافزا is old (68.8 hours). Attempting to update...
2025-07-11 15:40:57,847 - __main__ - INFO - 💾 Successfully downloaded and updated رافزا.
2025-07-11 15:40:57,848 - __main__ - INFO - ⏰ File for کترام is old (68.8 hours). Attempting to update...
2025-07-11 15:40:59,243 - __main__ - INFO - 💾 Successfully downloaded and updated کترام.
2025-07-11 15:40:59,251 - __main__ - INFO - ⏰ File for دالبرح is old (68.8 hours). Attempting to update...
2025-07-11 15:41:00,439 - __main__ - INFO - 💾 Successfully downloaded and updated دالبرح.
2025-07-11 15:41:00,451 - __main__ - INFO - ⏰ File for پتایر is old (68.8 hours). Attempting to update...
2025-07-11 15:41:01,959 - __main__ - INFO - 💾 Successfully downloaded and updated پتایر.
2025-07-11 15:41:01,960 - __main__ - INFO - ⏰ File for قستانح is old (48.2 hours). Attempting to update...
2025-07-11 15:41:03,017 - __main__ - INFO - 💾 Successfully downloaded and updated قستانح.
2025-07-11 15:41:03,028 - __main__ - INFO - ⏰ File for فمتالح is old (48.2 hours). Attempting to update...
2025-07-11 15:41:04,120 - __main__ - INFO - 💾 Successfully downloaded and updated فمتالح.
2025-07-11 15:41:04,133 - __main__ - INFO - ⏰ File for شکربن is old (68.8 hours). Attempting to update...
2025-07-11 15:41:06,222 - __main__ - INFO - 💾 Successfully downloaded and updated شکربن.
2025-07-11 15:41:06,233 - __main__ - INFO - ⏰ File for شکلر is old (68.8 hours). Attempting to update...
2025-07-11 15:41:08,018 - __main__ - INFO - 💾 Successfully downloaded and updated شکلر.
2025-07-11 15:41:08,030 - __main__ - INFO - ⏰ File for فروسح is old (92.4 hours). Attempting to update...
2025-07-11 15:41:09,753 - __main__ - ERROR - ❌ Failed to download فروسح: single positional indexer is out-of-bounds. Will retry on next run.
2025-07-11 15:41:09,765 - __main__ - INFO - ⏰ File for خلیج is old (68.8 hours). Attempting to update...
2025-07-11 15:41:10,612 - __main__ - INFO - 💾 Successfully downloaded and updated خلیج.
2025-07-11 15:41:10,612 - __main__ - INFO - ⏰ File for کحافظح is old (68.8 hours). Attempting to update...
2025-07-11 15:41:11,653 - __main__ - INFO - 💾 Successfully downloaded and updated کحافظح.
2025-07-11 15:41:11,664 - __main__ - INFO - ⏰ File for بکابح is old (48.2 hours). Attempting to update...
2025-07-11 15:41:12,677 - __main__ - INFO - 💾 Successfully downloaded and updated بکابح.
2025-07-11 15:41:12,677 - __main__ - INFO - ⏰ File for وساپا is old (68.8 hours). Attempting to update...
2025-07-11 15:41:14,124 - __main__ - INFO - 💾 Successfully downloaded and updated وساپا.
2025-07-11 15:41:14,125 - __main__ - INFO - ⏰ File for وشهر is old (68.8 hours). Attempting to update...
2025-07-11 15:41:15,688 - __main__ - INFO - 💾 Successfully downloaded and updated وشهر.
2025-07-11 15:41:15,689 - __main__ - INFO - ⏰ File for کرازی is old (68.8 hours). Attempting to update...
2025-07-11 15:41:17,080 - __main__ - INFO - 💾 Successfully downloaded and updated کرازی.
2025-07-11 15:41:17,081 - __main__ - INFO - ⏰ File for دانیک is old (68.8 hours). Attempting to update...
2025-07-11 15:41:18,006 - __main__ - INFO - 💾 Successfully downloaded and updated دانیک.
2025-07-11 15:41:18,017 - __main__ - INFO - ⏰ File for لخزر is old (68.8 hours). Attempting to update...
2025-07-11 15:41:20,377 - __main__ - INFO - 💾 Successfully downloaded and updated لخزر.
2025-07-11 15:41:20,388 - __main__ - INFO - ⏰ File for خزرح is old (48.2 hours). Attempting to update...
2025-07-11 15:41:21,484 - __main__ - INFO - 💾 Successfully downloaded and updated خزرح.
2025-07-11 15:41:21,495 - __main__ - INFO - ⏰ File for عشادگان is old (48.2 hours). Attempting to update...
2025-07-11 15:41:22,485 - __main__ - INFO - 💾 Successfully downloaded and updated عشادگان.
2025-07-11 15:41:22,486 - __main__ - INFO - ⏰ File for خکار is old (68.8 hours). Attempting to update...
2025-07-11 15:41:24,008 - __main__ - INFO - 💾 Successfully downloaded and updated خکار.
2025-07-11 15:41:24,008 - __main__ - INFO - ⏰ File for سخزر is old (68.8 hours). Attempting to update...
2025-07-11 15:41:26,457 - __main__ - INFO - 💾 Successfully downloaded and updated سخزر.
2025-07-11 15:41:26,470 - __main__ - INFO - ⏰ File for شلیا is old (68.8 hours). Attempting to update...
2025-07-11 15:41:27,770 - __main__ - INFO - 💾 Successfully downloaded and updated شلیا.
2025-07-11 15:41:27,772 - __main__ - INFO - ⏰ File for کیان is old (68.8 hours). Attempting to update...
2025-07-11 15:41:28,981 - __main__ - INFO - 💾 Successfully downloaded and updated کیان.
2025-07-11 15:41:28,982 - __main__ - INFO - ⏰ File for ختراکح is old (68.8 hours). Attempting to update...
2025-07-11 15:41:30,155 - __main__ - INFO - 💾 Successfully downloaded and updated ختراکح.
2025-07-11 15:41:30,168 - __main__ - INFO - ⏰ File for وحافظ is old (68.8 hours). Attempting to update...
2025-07-11 15:41:32,700 - __main__ - INFO - 💾 Successfully downloaded and updated وحافظ.
2025-07-11 15:41:32,701 - __main__ - INFO - ⏰ File for ما is old (68.8 hours). Attempting to update...
2025-07-11 15:41:33,956 - __main__ - INFO - 💾 Successfully downloaded and updated ما.
2025-07-11 15:41:33,957 - __main__ - INFO - ⏰ File for غاذرح is old (48.2 hours). Attempting to update...
2025-07-11 15:41:35,195 - __main__ - INFO - 💾 Successfully downloaded and updated غاذرح.
2025-07-11 15:41:35,207 - __main__ - INFO - ⏰ File for شزنگح is old (48.2 hours). Attempting to update...
2025-07-11 15:41:36,325 - __main__ - INFO - 💾 Successfully downloaded and updated شزنگح.
2025-07-11 15:41:36,337 - __main__ - INFO - ⏰ File for حتایدح is old (48.2 hours). Attempting to update...
2025-07-11 15:41:37,370 - __main__ - INFO - 💾 Successfully downloaded and updated حتایدح.
2025-07-11 15:41:37,371 - __main__ - INFO - ⏰ File for پشاهنح is old (48.2 hours). Attempting to update...
2025-07-11 15:41:38,411 - __main__ - INFO - 💾 Successfully downloaded and updated پشاهنح.
2025-07-11 15:41:38,423 - __main__ - INFO - ⏰ File for کویرح is old (68.8 hours). Attempting to update...
2025-07-11 15:41:39,500 - __main__ - INFO - 💾 Successfully downloaded and updated کویرح.
2025-07-11 15:41:39,513 - __main__ - INFO - ⏰ File for رانفورح is old (92.4 hours). Attempting to update...
2025-07-11 15:41:40,248 - __main__ - ERROR - ❌ Failed to download رانفورح: single positional indexer is out-of-bounds. Will retry on next run.
2025-07-11 15:41:40,261 - __main__ - INFO - ⏰ File for زکوثر is old (68.8 hours). Attempting to update...
2025-07-11 15:41:41,356 - __main__ - INFO - 💾 Successfully downloaded and updated زکوثر.
2025-07-11 15:41:41,356 - __main__ - INFO - ⏰ File for زپارس is old (68.8 hours). Attempting to update...
2025-07-11 15:41:42,507 - __main__ - INFO - 💾 Successfully downloaded and updated زپارس.
2025-07-11 15:41:42,518 - __main__ - INFO - ⏰ File for کالا is old (68.8 hours). Attempting to update...
2025-07-11 15:41:43,641 - __main__ - INFO - 💾 Successfully downloaded and updated کالا.
2025-07-11 15:41:43,642 - __main__ - INFO - ⏰ File for ثجوان is old (68.8 hours). Attempting to update...
2025-07-11 15:41:45,150 - __main__ - INFO - 💾 Successfully downloaded and updated ثجوان.
2025-07-11 15:41:45,151 - __main__ - INFO - ⏰ File for قلرستح is old (92.4 hours). Attempting to update...
2025-07-11 15:41:45,844 - __main__ - ERROR - ❌ Failed to download قلرستح: single positional indexer is out-of-bounds. Will retry on next run.
2025-07-11 15:41:45,855 - __main__ - INFO - ⏰ File for ساذری is old (68.8 hours). Attempting to update...
2025-07-11 15:41:47,477 - __main__ - INFO - 💾 Successfully downloaded and updated ساذری.
2025-07-11 15:41:47,490 - __main__ - INFO - ⏰ File for صنوین is old (68.8 hours). Attempting to update...
2025-07-11 15:41:49,969 - __main__ - INFO - 💾 Successfully downloaded and updated صنوین.
2025-07-11 15:41:49,970 - __main__ - INFO - ⏰ File for غدامح is old (48.3 hours). Attempting to update...
2025-07-11 15:41:51,040 - __main__ - INFO - 💾 Successfully downloaded and updated غدامح.
2025-07-11 15:41:51,041 - __main__ - INFO - ⏰ File for سپ is old (68.8 hours). Attempting to update...
2025-07-11 15:41:52,202 - __main__ - INFO - 💾 Successfully downloaded and updated سپ.
2025-07-11 15:41:52,210 - __main__ - INFO - ⏰ File for قتربت is old (68.8 hours). Attempting to update...
2025-07-11 15:41:53,302 - __main__ - INFO - 💾 Successfully downloaded and updated قتربت.
2025-07-11 15:41:53,310 - __main__ - INFO - ⏰ File for وآوا is old (68.8 hours). Attempting to update...
2025-07-11 15:41:54,321 - __main__ - INFO - 💾 Successfully downloaded and updated وآوا.
2025-07-11 15:41:54,322 - __main__ - INFO - ⏰ File for فولای is old (68.8 hours). Attempting to update...
2025-07-11 15:41:55,609 - __main__ - INFO - 💾 Successfully downloaded and updated فولای.
2025-07-11 15:41:55,611 - __main__ - INFO - ⏰ File for وتوسمح is old (68.8 hours). Attempting to update...
2025-07-11 15:41:56,450 - __main__ - INFO - 💾 Successfully downloaded and updated وتوسمح.
2025-07-11 15:41:56,451 - __main__ - INFO - ⏰ File for لطیف is old (68.8 hours). Attempting to update...
2025-07-11 15:41:57,437 - __main__ - INFO - 💾 Successfully downloaded and updated لطیف.
2025-07-11 15:41:57,438 - __main__ - INFO - ⏰ File for سصفها is old (68.8 hours). Attempting to update...
2025-07-11 15:41:59,598 - __main__ - INFO - 💾 Successfully downloaded and updated سصفها.
2025-07-11 15:41:59,599 - __main__ - INFO - ⏰ File for دلقما is old (68.8 hours). Attempting to update...
2025-07-11 15:42:01,123 - __main__ - INFO - 💾 Successfully downloaded and updated دلقما.
2025-07-11 15:42:01,124 - __main__ - INFO - ⏰ File for انار is old (68.8 hours). Attempting to update...
2025-07-11 15:42:02,155 - __main__ - INFO - 💾 Successfully downloaded and updated انار.
2025-07-11 15:42:02,168 - __main__ - INFO - ⏰ File for آلومینا is old (68.8 hours). Attempting to update...
2025-07-11 15:42:03,003 - __main__ - INFO - 💾 Successfully downloaded and updated آلومینا.
2025-07-11 15:42:03,015 - __main__ - INFO - ⏰ File for پخش اول is old (92.5 hours). Attempting to update...
2025-07-11 15:42:03,706 - __main__ - ERROR - ❌ Failed to download پخش اول: single positional indexer is out-of-bounds. Will retry on next run.
2025-07-11 15:42:03,718 - __main__ - INFO - ⏰ File for وامین is old (68.8 hours). Attempting to update...
2025-07-11 15:42:04,721 - __main__ - INFO - 💾 Successfully downloaded and updated وامین.
2025-07-11 15:42:04,722 - __main__ - INFO - ⏰ File for شفارسح is old (48.3 hours). Attempting to update...
2025-07-11 15:42:05,781 - __main__ - INFO - 💾 Successfully downloaded and updated شفارسح.
2025-07-11 15:42:05,793 - __main__ - INFO - ⏰ File for غگل is old (68.8 hours). Attempting to update...
2025-07-11 15:42:07,219 - __main__ - INFO - 💾 Successfully downloaded and updated غگل.
2025-07-11 15:42:07,230 - __main__ - INFO - ⏰ File for ثاختح is old (68.8 hours). Attempting to update...
2025-07-11 15:42:08,487 - __main__ - INFO - 💾 Successfully downloaded and updated ثاختح.
2025-07-11 15:42:08,500 - __main__ - INFO - ⏰ File for حتوکاح is old (68.8 hours). Attempting to update...
2025-07-11 15:42:09,877 - __main__ - INFO - 💾 Successfully downloaded and updated حتوکاح.
2025-07-11 15:42:09,878 - __main__ - INFO - ⏰ File for آسامید is old (68.8 hours). Attempting to update...
2025-07-11 15:42:10,974 - __main__ - INFO - 💾 Successfully downloaded and updated آسامید.
2025-07-11 15:42:10,975 - __main__ - INFO - ⏰ File for سفارس is old (68.8 hours). Attempting to update...
2025-07-11 15:42:12,642 - __main__ - INFO - 💾 Successfully downloaded and updated سفارس.
2025-07-11 15:42:12,654 - __main__ - INFO - ⏰ File for عبهمن is old (68.8 hours). Attempting to update...
2025-07-11 15:42:13,815 - __main__ - INFO - 💾 Successfully downloaded and updated عبهمن.
2025-07-11 15:42:13,828 - __main__ - INFO - ⏰ File for فنوال is old (68.8 hours). Attempting to update...
2025-07-11 15:42:15,330 - __main__ - INFO - 💾 Successfully downloaded and updated فنوال.
2025-07-11 15:42:15,342 - __main__ - INFO - ⏰ File for وانصارح is old (48.3 hours). Attempting to update...
2025-07-11 15:42:17,291 - __main__ - INFO - 💾 Successfully downloaded and updated وانصارح.
2025-07-11 15:42:17,302 - __main__ - INFO - ⏰ File for وایران is old (68.8 hours). Attempting to update...
2025-07-11 15:42:19,537 - __main__ - INFO - 💾 Successfully downloaded and updated وایران.
2025-07-11 15:42:19,538 - __main__ - INFO - ⏰ File for فولاژ is old (68.8 hours). Attempting to update...
2025-07-11 15:42:21,095 - __main__ - INFO - 💾 Successfully downloaded and updated فولاژ.
2025-07-11 15:42:21,096 - __main__ - INFO - ⏰ File for تکشاح is old (68.8 hours). Attempting to update...
2025-07-11 15:42:22,599 - __main__ - INFO - 💾 Successfully downloaded and updated تکشاح.
2025-07-11 15:42:22,610 - __main__ - INFO - ⏰ File for شکفح is old (48.3 hours). Attempting to update...
2025-07-11 15:42:24,624 - __main__ - INFO - 💾 Successfully downloaded and updated شکفح.
2025-07-11 15:42:24,635 - __main__ - INFO - ⏰ File for بکهنوج is old (68.8 hours). Attempting to update...
2025-07-11 15:42:26,439 - __main__ - INFO - 💾 Successfully downloaded and updated بکهنوج.
2025-07-11 15:42:26,441 - __main__ - INFO - ⏰ File for نهال is old (68.8 hours). Attempting to update...
2025-07-11 15:42:27,495 - __main__ - INFO - 💾 Successfully downloaded and updated نهال.
2025-07-11 15:42:27,496 - __main__ - INFO - ⏰ File for اعتبار is old (68.8 hours). Attempting to update...
2025-07-11 15:42:28,578 - __main__ - INFO - 💾 Successfully downloaded and updated اعتبار.
2025-07-11 15:42:28,591 - __main__ - INFO - ⏰ File for ومعادن is old (68.8 hours). Attempting to update...
2025-07-11 15:42:30,172 - __main__ - INFO - 💾 Successfully downloaded and updated ومعادن.
2025-07-11 15:42:30,174 - __main__ - INFO - ⏰ File for گکوثر is old (68.8 hours). Attempting to update...
2025-07-11 15:42:31,299 - __main__ - INFO - 💾 Successfully downloaded and updated گکوثر.
2025-07-11 15:42:31,299 - __main__ - INFO - ⏰ File for شاراک is old (68.8 hours). Attempting to update...
2025-07-11 15:42:33,143 - __main__ - INFO - 💾 Successfully downloaded and updated شاراک.
2025-07-11 15:42:33,144 - __main__ - INFO - ⏰ File for ارمغان is old (68.8 hours). Attempting to update...
2025-07-11 15:42:34,249 - __main__ - INFO - 💾 Successfully downloaded and updated ارمغان.
2025-07-11 15:42:34,250 - __main__ - INFO - ⏰ File for شسیناح is old (92.5 hours). Attempting to update...
2025-07-11 15:42:35,051 - __main__ - ERROR - ❌ Failed to download شسیناح: single positional indexer is out-of-bounds. Will retry on next run.
2025-07-11 15:42:35,051 - __main__ - INFO - ⏰ File for اپال is old (68.8 hours). Attempting to update...
2025-07-11 15:42:36,036 - __main__ - INFO - 💾 Successfully downloaded and updated اپال.
2025-07-11 15:42:36,037 - __main__ - INFO - ⏰ File for کایتا is old (68.8 hours). Attempting to update...
2025-07-11 15:42:37,547 - __main__ - INFO - 💾 Successfully downloaded and updated کایتا.
2025-07-11 15:42:37,548 - __main__ - INFO - ⏰ File for نمرینو is old (68.8 hours). Attempting to update...
2025-07-11 15:42:38,974 - __main__ - INFO - 💾 Successfully downloaded and updated نمرینو.
2025-07-11 15:42:38,974 - __main__ - INFO - ⏰ File for تپمپی is old (68.8 hours). Attempting to update...
2025-07-11 15:42:40,477 - __main__ - INFO - 💾 Successfully downloaded and updated تپمپی.
2025-07-11 15:42:40,488 - __main__ - INFO - ⏰ File for فلامی is old (68.8 hours). Attempting to update...
2025-07-11 15:42:41,950 - __main__ - INFO - 💾 Successfully downloaded and updated فلامی.
2025-07-11 15:42:41,961 - __main__ - INFO - ⏰ File for فسربح is old (48.3 hours). Attempting to update...
2025-07-11 15:42:42,980 - __main__ - INFO - 💾 Successfully downloaded and updated فسربح.
2025-07-11 15:42:42,981 - __main__ - INFO - ⏰ File for اتکاسا is old (68.8 hours). Attempting to update...
2025-07-11 15:42:43,883 - __main__ - INFO - 💾 Successfully downloaded and updated اتکاسا.
2025-07-11 15:42:43,894 - __main__ - INFO - ⏰ File for قنقش is old (68.8 hours). Attempting to update...
2025-07-11 15:42:45,126 - __main__ - INFO - 💾 Successfully downloaded and updated قنقش.
2025-07-11 15:42:45,127 - __main__ - INFO - ⏰ File for گدنا is old (68.8 hours). Attempting to update...
2025-07-11 15:42:46,163 - __main__ - INFO - 💾 Successfully downloaded and updated گدنا.
2025-07-11 15:42:46,165 - __main__ - INFO - ⏰ File for پلاسکح is old (48.3 hours). Attempting to update...
2025-07-11 15:42:47,243 - __main__ - INFO - 💾 Successfully downloaded and updated پلاسکح.
2025-07-11 15:42:47,243 - __main__ - INFO - ⏰ File for ناما is old (68.8 hours). Attempting to update...
2025-07-11 15:42:48,202 - __main__ - INFO - 💾 Successfully downloaded and updated ناما.
2025-07-11 15:42:48,203 - __main__ - INFO - ⏰ File for فجهان is old (68.8 hours). Attempting to update...
2025-07-11 15:42:49,285 - __main__ - INFO - 💾 Successfully downloaded and updated فجهان.
2025-07-11 15:42:49,299 - __main__ - INFO - ⏰ File for تکنو is old (68.8 hours). Attempting to update...
2025-07-11 15:42:50,939 - __main__ - INFO - 💾 Successfully downloaded and updated تکنو.
2025-07-11 15:42:50,940 - __main__ - INFO - ⏰ File for پلاستح is old (68.8 hours). Attempting to update...
2025-07-11 15:42:53,051 - __main__ - INFO - 💾 Successfully downloaded and updated پلاستح.
2025-07-11 15:42:53,051 - __main__ - INFO - ⏰ File for کاماح is old (48.3 hours). Attempting to update...
2025-07-11 15:42:54,044 - __main__ - INFO - 💾 Successfully downloaded and updated کاماح.
2025-07-11 15:42:54,055 - __main__ - INFO - ⏰ File for فپارس is old (48.3 hours). Attempting to update...
2025-07-11 15:42:56,946 - __main__ - INFO - 💾 Successfully downloaded and updated فپارس.
2025-07-11 15:42:56,958 - __main__ - INFO - ⏰ File for شپارس is old (68.8 hours). Attempting to update...
2025-07-11 15:42:58,381 - __main__ - INFO - 💾 Successfully downloaded and updated شپارس.
2025-07-11 15:42:58,382 - __main__ - INFO - ⏰ File for تاپیکوح is old (68.8 hours). Attempting to update...
2025-07-11 15:42:59,383 - __main__ - INFO - 💾 Successfully downloaded and updated تاپیکوح.
2025-07-11 15:42:59,384 - __main__ - INFO - ⏰ File for سغرب is old (68.8 hours). Attempting to update...
2025-07-11 15:43:00,986 - __main__ - INFO - 💾 Successfully downloaded and updated سغرب.
2025-07-11 15:43:00,987 - __main__ - INFO - ⏰ File for وبملت is old (68.8 hours). Attempting to update...
2025-07-11 15:43:02,551 - __main__ - INFO - 💾 Successfully downloaded and updated وبملت.
2025-07-11 15:43:02,553 - __main__ - INFO - ⏰ File for ذوب is old (68.8 hours). Attempting to update...
2025-07-11 15:43:03,855 - __main__ - INFO - 💾 Successfully downloaded and updated ذوب.
2025-07-11 15:43:03,856 - __main__ - INFO - ⏰ File for سصفهاح is old (92.5 hours). Attempting to update...
2025-07-11 15:43:04,542 - __main__ - ERROR - ❌ Failed to download سصفهاح: single positional indexer is out-of-bounds. Will retry on next run.
2025-07-11 15:43:04,543 - __main__ - INFO - ⏰ File for ثشاهدح is old (48.3 hours). Attempting to update...
2025-07-11 15:43:05,662 - __main__ - INFO - 💾 Successfully downloaded and updated ثشاهدح.
2025-07-11 15:43:05,663 - __main__ - INFO - ⏰ File for ولیزح is old (68.8 hours). Attempting to update...
2025-07-11 15:43:06,785 - __main__ - INFO - 💾 Successfully downloaded and updated ولیزح.
2025-07-11 15:43:06,786 - __main__ - INFO - ⏰ File for گارانتی is old (68.8 hours). Attempting to update...
2025-07-11 15:43:07,656 - __main__ - INFO - 💾 Successfully downloaded and updated گارانتی.
2025-07-11 15:43:07,657 - __main__ - INFO - ⏰ File for یارا is old (68.8 hours). Attempting to update...
2025-07-11 15:43:08,706 - __main__ - INFO - 💾 Successfully downloaded and updated یارا.
2025-07-11 15:43:08,706 - __main__ - INFO - ⏰ File for ساربیل is old (68.8 hours). Attempting to update...
2025-07-11 15:43:10,055 - __main__ - INFO - 💾 Successfully downloaded and updated ساربیل.
2025-07-11 15:43:10,057 - __main__ - INFO - ⏰ File for شوشح is old (92.5 hours). Attempting to update...
2025-07-11 15:43:10,795 - __main__ - ERROR - ❌ Failed to download شوشح: single positional indexer is out-of-bounds. Will retry on next run.
2025-07-11 15:43:10,796 - __main__ - INFO - ⏰ File for کنیلو is old (48.3 hours). Attempting to update...
2025-07-11 15:43:12,204 - __main__ - INFO - 💾 Successfully downloaded and updated کنیلو.
2025-07-11 15:43:12,206 - __main__ - INFO - ⏰ File for وآردل is old (48.3 hours). Attempting to update...
2025-07-11 15:43:13,497 - __main__ - INFO - 💾 Successfully downloaded and updated وآردل.
2025-07-11 15:43:13,498 - __main__ - INFO - ⏰ File for وآرین is old (68.8 hours). Attempting to update...
2025-07-11 15:43:15,209 - __main__ - INFO - 💾 Successfully downloaded and updated وآرین.
2025-07-11 15:43:15,210 - __main__ - INFO - ⏰ File for حتوکا is old (68.8 hours). Attempting to update...
2025-07-11 15:43:16,710 - __main__ - INFO - 💾 Successfully downloaded and updated حتوکا.
2025-07-11 15:43:16,711 - __main__ - INFO - ⏰ File for ونیرو is old (68.8 hours). Attempting to update...
2025-07-11 15:43:18,274 - __main__ - INFO - 💾 Successfully downloaded and updated ونیرو.
2025-07-11 15:43:18,275 - __main__ - INFO - ⏰ File for رابین is old (68.8 hours). Attempting to update...
2025-07-11 15:43:19,220 - __main__ - INFO - 💾 Successfully downloaded and updated رابین.
2025-07-11 15:43:19,232 - __main__ - INFO - ⏰ File for تپکوح is old (48.3 hours). Attempting to update...
2025-07-11 15:43:21,645 - __main__ - INFO - 💾 Successfully downloaded and updated تپکوح.
2025-07-11 15:43:21,650 - __main__ - INFO - ⏰ File for آرام is old (68.8 hours). Attempting to update...
2025-07-11 15:43:22,821 - __main__ - INFO - 💾 Successfully downloaded and updated آرام.
2025-07-11 15:43:22,822 - __main__ - INFO - ⏰ File for بشهابح is old (48.3 hours). Attempting to update...
2025-07-11 15:43:23,908 - __main__ - INFO - 💾 Successfully downloaded and updated بشهابح.
2025-07-11 15:43:23,920 - __main__ - INFO - ⏰ File for شپمچاح is old (48.3 hours). Attempting to update...
2025-07-11 15:43:25,358 - __main__ - INFO - 💾 Successfully downloaded and updated شپمچاح.
2025-07-11 15:43:25,365 - __main__ - INFO - ⏰ File for فسا is old (68.8 hours). Attempting to update...
2025-07-11 15:43:27,106 - __main__ - INFO - 💾 Successfully downloaded and updated فسا.
2025-07-11 15:43:27,119 - __main__ - INFO - ⏰ File for غمهراح is old (68.8 hours). Attempting to update...
2025-07-11 15:43:28,284 - __main__ - INFO - 💾 Successfully downloaded and updated غمهراح.
2025-07-11 15:43:28,286 - __main__ - INFO - ⏰ File for سبهان is old (68.8 hours). Attempting to update...
2025-07-11 15:43:29,605 - __main__ - INFO - 💾 Successfully downloaded and updated سبهان.
2025-07-11 15:43:29,617 - __main__ - INFO - ⏰ File for سپیدار is old (68.8 hours). Attempting to update...
2025-07-11 15:43:30,655 - __main__ - INFO - 💾 Successfully downloaded and updated سپیدار.
2025-07-11 15:43:30,665 - __main__ - INFO - ⏰ File for وانصار is old (48.3 hours). Attempting to update...
2025-07-11 15:43:42,296 - __main__ - INFO - 💾 Successfully downloaded and updated وانصار.
2025-07-11 15:43:42,308 - __main__ - INFO - ⏰ File for قچار is old (68.8 hours). Attempting to update...
2025-07-11 15:43:43,646 - __main__ - INFO - 💾 Successfully downloaded and updated قچار.
2025-07-11 15:43:43,648 - __main__ - INFO - ⏰ File for زرنام is old (92.5 hours). Attempting to update...
2025-07-11 15:43:44,278 - __main__ - ERROR - ❌ Failed to download زرنام: single positional indexer is out-of-bounds. Will retry on next run.
2025-07-11 15:43:44,287 - __main__ - INFO - ⏰ File for رمپناح is old (48.3 hours). Attempting to update...
2025-07-11 15:43:45,313 - __main__ - INFO - 💾 Successfully downloaded and updated رمپناح.
2025-07-11 15:43:45,328 - __main__ - INFO - ⏰ File for تنوینح is old (68.8 hours). Attempting to update...
2025-07-11 15:43:46,451 - __main__ - INFO - 💾 Successfully downloaded and updated تنوینح.
2025-07-11 15:43:46,452 - __main__ - INFO - ⏰ File for دکیمیح is old (48.3 hours). Attempting to update...
2025-07-11 15:43:47,819 - __main__ - INFO - 💾 Successfully downloaded and updated دکیمیح.
2025-07-11 15:43:47,820 - __main__ - INFO - ⏰ File for ونیروح is old (68.8 hours). Attempting to update...
2025-07-11 15:43:49,035 - __main__ - INFO - 💾 Successfully downloaded and updated ونیروح.
2025-07-11 15:43:49,047 - __main__ - INFO - ⏰ File for سترانح is old (48.3 hours). Attempting to update...
2025-07-11 15:43:50,471 - __main__ - INFO - 💾 Successfully downloaded and updated سترانح.
2025-07-11 15:43:50,484 - __main__ - INFO - ⏰ File for فسازانح is old (68.8 hours). Attempting to update...
2025-07-11 15:43:51,497 - __main__ - INFO - 💾 Successfully downloaded and updated فسازانح.
2025-07-11 15:43:51,508 - __main__ - INFO - ⏰ File for دلر is old (68.8 hours). Attempting to update...
2025-07-11 15:43:52,973 - __main__ - INFO - 💾 Successfully downloaded and updated دلر.
2025-07-11 15:43:52,973 - __main__ - INFO - ⏰ File for وتوصاح is old (48.3 hours). Attempting to update...
2025-07-11 15:43:53,986 - __main__ - INFO - 💾 Successfully downloaded and updated وتوصاح.
2025-07-11 15:43:53,998 - __main__ - INFO - ⏰ File for قپارس is old (48.3 hours). Attempting to update...
2025-07-11 15:43:56,420 - __main__ - INFO - 💾 Successfully downloaded and updated قپارس.
2025-07-11 15:43:56,421 - __main__ - INFO - ⏰ File for بفجر is old (68.8 hours). Attempting to update...
2025-07-11 15:43:57,599 - __main__ - INFO - 💾 Successfully downloaded and updated بفجر.
2025-07-11 15:43:57,600 - __main__ - INFO - ⏰ File for شموادح is old (92.5 hours). Attempting to update...
2025-07-11 15:43:58,290 - __main__ - ERROR - ❌ Failed to download شموادح: single positional indexer is out-of-bounds. Will retry on next run.
2025-07-11 15:43:58,291 - __main__ - INFO - ⏰ File for وسدید is old (68.8 hours). Attempting to update...
2025-07-11 15:43:59,497 - __main__ - INFO - 💾 Successfully downloaded and updated وسدید.
2025-07-11 15:43:59,498 - __main__ - INFO - ⏰ File for وساخت is old (68.8 hours). Attempting to update...
2025-07-11 15:44:01,191 - __main__ - INFO - 💾 Successfully downloaded and updated وساخت.
2025-07-11 15:44:01,193 - __main__ - INFO - ⏰ File for کزغال is old (68.8 hours). Attempting to update...
2025-07-11 15:44:02,282 - __main__ - INFO - 💾 Successfully downloaded and updated کزغال.
2025-07-11 15:44:02,283 - __main__ - INFO - ⏰ File for تکنار is old (68.8 hours). Attempting to update...
2025-07-11 15:44:03,926 - __main__ - INFO - 💾 Successfully downloaded and updated تکنار.
2025-07-11 15:44:03,927 - __main__ - INFO - ⏰ File for چافستح is old (92.5 hours). Attempting to update...
2025-07-11 15:44:04,632 - __main__ - ERROR - ❌ Failed to download چافستح: single positional indexer is out-of-bounds. Will retry on next run.
2025-07-11 15:44:04,632 - __main__ - INFO - ⏰ File for وسمحال is old (92.5 hours). Attempting to update...
2025-07-11 15:44:05,295 - __main__ - ERROR - ❌ Failed to download وسمحال: single positional indexer is out-of-bounds. Will retry on next run.
2025-07-11 15:44:05,296 - __main__ - INFO - ⏰ File for شمواد is old (68.8 hours). Attempting to update...
2025-07-11 15:44:06,518 - __main__ - INFO - 💾 Successfully downloaded and updated شمواد.
2025-07-11 15:44:06,519 - __main__ - INFO - ⏰ File for فاسمین is old (68.8 hours). Attempting to update...
2025-07-11 15:44:08,134 - __main__ - INFO - 💾 Successfully downloaded and updated فاسمین.
2025-07-11 15:44:08,135 - __main__ - INFO - ⏰ File for پسهندح is old (48.3 hours). Attempting to update...
2025-07-11 15:44:09,589 - __main__ - INFO - 💾 Successfully downloaded and updated پسهندح.
2025-07-11 15:44:09,601 - __main__ - INFO - ⏰ File for هم وزن is old (68.8 hours). Attempting to update...
2025-07-11 15:44:10,583 - __main__ - INFO - 💾 Successfully downloaded and updated هم وزن.
2025-07-11 15:44:10,584 - __main__ - INFO - ⏰ File for آکنتورح is old (48.3 hours). Attempting to update...
2025-07-11 15:44:11,721 - __main__ - INFO - 💾 Successfully downloaded and updated آکنتورح.
2025-07-11 15:44:11,721 - __main__ - INFO - ⏰ File for سپهر is old (68.8 hours). Attempting to update...
2025-07-11 15:44:13,869 - __main__ - INFO - 💾 Successfully downloaded and updated سپهر.
2025-07-11 15:44:13,882 - __main__ - INFO - ⏰ File for خفنر is old (68.8 hours). Attempting to update...
2025-07-11 15:44:15,345 - __main__ - INFO - 💾 Successfully downloaded and updated خفنر.
2025-07-11 15:44:15,345 - __main__ - INFO - ⏰ File for فجام is old (68.8 hours). Attempting to update...
2025-07-11 15:44:16,681 - __main__ - INFO - 💾 Successfully downloaded and updated فجام.
2025-07-11 15:44:16,693 - __main__ - INFO - ⏰ File for کایتاح is old (68.8 hours). Attempting to update...
2025-07-11 15:44:17,791 - __main__ - INFO - 💾 Successfully downloaded and updated کایتاح.
2025-07-11 15:44:17,792 - __main__ - INFO - ⏰ File for کرماشاح is old (48.3 hours). Attempting to update...
2025-07-11 15:44:18,857 - __main__ - INFO - 💾 Successfully downloaded and updated کرماشاح.
2025-07-11 15:44:18,869 - __main__ - INFO - ⏰ File for غکورش is old (68.8 hours). Attempting to update...
2025-07-11 15:44:19,865 - __main__ - INFO - 💾 Successfully downloaded and updated غکورش.
2025-07-11 15:44:19,878 - __main__ - INFO - ⏰ File for پرداخت is old (68.8 hours). Attempting to update...
2025-07-11 15:44:21,041 - __main__ - INFO - 💾 Successfully downloaded and updated پرداخت.
2025-07-11 15:44:21,042 - __main__ - INFO - ⏰ File for داوه is old (68.8 hours). Attempting to update...
2025-07-11 15:44:22,083 - __main__ - INFO - 💾 Successfully downloaded and updated داوه.
2025-07-11 15:44:22,086 - __main__ - INFO - ⏰ File for ساروم is old (68.8 hours). Attempting to update...
2025-07-11 15:44:23,751 - __main__ - INFO - 💾 Successfully downloaded and updated ساروم.
2025-07-11 15:44:23,755 - __main__ - INFO - ⏰ File for رتکوح is old (48.3 hours). Attempting to update...
2025-07-11 15:44:25,967 - __main__ - INFO - 💾 Successfully downloaded and updated رتکوح.
2025-07-11 15:44:25,969 - __main__ - INFO - ⏰ File for مبین is old (68.8 hours). Attempting to update...
2025-07-11 15:44:27,170 - __main__ - INFO - 💾 Successfully downloaded and updated مبین.
2025-07-11 15:44:27,172 - __main__ - INFO - ⏰ File for ماهور is old (68.8 hours). Attempting to update...
2025-07-11 15:44:28,134 - __main__ - INFO - 💾 Successfully downloaded and updated ماهور.
2025-07-11 15:44:28,147 - __main__ - INFO - ⏰ File for تاپیکو is old (68.8 hours). Attempting to update...
2025-07-11 15:44:29,502 - __main__ - INFO - 💾 Successfully downloaded and updated تاپیکو.
2025-07-11 15:44:29,503 - __main__ - INFO - ⏰ File for فاسمینح is old (48.3 hours). Attempting to update...
2025-07-11 15:44:30,732 - __main__ - INFO - 💾 Successfully downloaded and updated فاسمینح.
2025-07-11 15:44:30,745 - __main__ - INFO - ⏰ File for دپارس is old (68.8 hours). Attempting to update...
2025-07-11 15:44:32,388 - __main__ - INFO - 💾 Successfully downloaded and updated دپارس.
2025-07-11 15:44:32,389 - __main__ - INFO - ⏰ File for ومعلم is old (68.8 hours). Attempting to update...
2025-07-11 15:44:33,423 - __main__ - INFO - 💾 Successfully downloaded and updated ومعلم.
2025-07-11 15:44:33,437 - __main__ - INFO - ⏰ File for شپدیسح is old (48.3 hours). Attempting to update...
2025-07-11 15:44:34,774 - __main__ - INFO - 💾 Successfully downloaded and updated شپدیسح.
2025-07-11 15:44:34,775 - __main__ - INFO - ⏰ File for برکت is old (68.8 hours). Attempting to update...
2025-07-11 15:44:35,836 - __main__ - INFO - 💾 Successfully downloaded and updated برکت.
2025-07-11 15:44:35,848 - __main__ - INFO - ⏰ File for بنو is old (68.8 hours). Attempting to update...
2025-07-11 15:44:36,978 - __main__ - INFO - 💾 Successfully downloaded and updated بنو.
2025-07-11 15:44:36,991 - __main__ - INFO - ⏰ File for بایکاح is old (48.3 hours). Attempting to update...
2025-07-11 15:44:38,022 - __main__ - INFO - 💾 Successfully downloaded and updated بایکاح.
2025-07-11 15:44:38,034 - __main__ - INFO - ⏰ File for شپاکساح is old (48.3 hours). Attempting to update...
2025-07-11 15:44:39,349 - __main__ - INFO - 💾 Successfully downloaded and updated شپاکساح.
2025-07-11 15:44:39,350 - __main__ - INFO - ⏰ File for تمدن is old (92.5 hours). Attempting to update...
2025-07-11 15:44:39,991 - __main__ - ERROR - ❌ Failed to download تمدن: single positional indexer is out-of-bounds. Will retry on next run.
2025-07-11 15:44:39,992 - __main__ - INFO - ⏰ File for غنیلی is old (68.8 hours). Attempting to update...
2025-07-11 15:44:40,960 - __main__ - INFO - 💾 Successfully downloaded and updated غنیلی.
2025-07-11 15:44:40,973 - __main__ - INFO - ⏰ File for سیسکو is old (68.8 hours). Attempting to update...
2025-07-11 15:44:41,781 - __main__ - INFO - 💾 Successfully downloaded and updated سیسکو.
2025-07-11 15:44:41,783 - __main__ - INFO - ⏰ File for دانا is old (68.8 hours). Attempting to update...
2025-07-11 15:44:43,140 - __main__ - INFO - 💾 Successfully downloaded and updated دانا.
2025-07-11 15:44:43,142 - __main__ - INFO - ⏰ File for آفاق is old (68.8 hours). Attempting to update...
2025-07-11 15:44:44,110 - __main__ - INFO - 💾 Successfully downloaded and updated آفاق.
2025-07-11 15:44:44,117 - __main__ - INFO - ⏰ File for وبرق is old (68.8 hours). Attempting to update...
2025-07-11 15:44:45,410 - __main__ - INFO - 💾 Successfully downloaded and updated وبرق.
2025-07-11 15:44:45,411 - __main__ - INFO - ⏰ File for تملت is old (68.8 hours). Attempting to update...
2025-07-11 15:44:46,471 - __main__ - INFO - 💾 Successfully downloaded and updated تملت.
2025-07-11 15:44:46,483 - __main__ - INFO - ⏰ File for پلوله is old (68.8 hours). Attempting to update...
2025-07-11 15:44:48,541 - __main__ - INFO - 💾 Successfully downloaded and updated پلوله.
2025-07-11 15:44:48,542 - __main__ - INFO - ⏰ File for شساختح is old (68.8 hours). Attempting to update...
2025-07-11 15:44:49,695 - __main__ - INFO - 💾 Successfully downloaded and updated شساختح.
2025-07-11 15:44:49,696 - __main__ - INFO - ⏰ File for بپیوند is old (68.8 hours). Attempting to update...
2025-07-11 15:44:51,746 - __main__ - INFO - 💾 Successfully downloaded and updated بپیوند.
2025-07-11 15:44:51,748 - __main__ - INFO - ⏰ File for خگستر is old (68.8 hours). Attempting to update...
2025-07-11 15:44:53,252 - __main__ - INFO - 💾 Successfully downloaded and updated خگستر.
2025-07-11 15:44:53,264 - __main__ - INFO - ⏰ File for سپید is old (68.8 hours). Attempting to update...
2025-07-11 15:44:54,319 - __main__ - INFO - 💾 Successfully downloaded and updated سپید.
2025-07-11 15:44:54,331 - __main__ - INFO - ⏰ File for غصینو is old (68.8 hours). Attempting to update...
2025-07-11 15:44:55,517 - __main__ - INFO - 💾 Successfully downloaded and updated غصینو.
2025-07-11 15:44:55,518 - __main__ - INFO - ⏰ File for کگلح is old (68.8 hours). Attempting to update...
2025-07-11 15:44:56,655 - __main__ - INFO - 💾 Successfully downloaded and updated کگلح.
2025-07-11 15:44:56,657 - __main__ - INFO - ⏰ File for وآذرح is old (48.3 hours). Attempting to update...
2025-07-11 15:44:57,807 - __main__ - INFO - 💾 Successfully downloaded and updated وآذرح.
2025-07-11 15:44:57,808 - __main__ - INFO - ⏰ File for واعتبار is old (68.8 hours). Attempting to update...
2025-07-11 15:45:00,240 - __main__ - INFO - 💾 Successfully downloaded and updated واعتبار.
2025-07-11 15:45:00,241 - __main__ - INFO - ⏰ File for واحصا is old (68.8 hours). Attempting to update...
2025-07-11 15:45:01,527 - __main__ - INFO - 💾 Successfully downloaded and updated واحصا.
2025-07-11 15:45:01,528 - __main__ - INFO - ⏰ File for آلا is old (68.8 hours). Attempting to update...
2025-07-11 15:45:02,401 - __main__ - INFO - 💾 Successfully downloaded and updated آلا.
2025-07-11 15:45:02,413 - __main__ - INFO - ⏰ File for سهگمت is old (68.8 hours). Attempting to update...
2025-07-11 15:45:03,849 - __main__ - INFO - 💾 Successfully downloaded and updated سهگمت.
2025-07-11 15:45:03,851 - __main__ - INFO - ⏰ File for والبرح is old (68.8 hours). Attempting to update...
2025-07-11 15:45:06,127 - __main__ - INFO - 💾 Successfully downloaded and updated والبرح.
2025-07-11 15:45:06,128 - __main__ - INFO - ⏰ File for بگیلان is old (68.8 hours). Attempting to update...
2025-07-11 15:45:08,095 - __main__ - INFO - 💾 Successfully downloaded and updated بگیلان.
2025-07-11 15:45:08,108 - __main__ - INFO - ⏰ File for کسرام is old (68.8 hours). Attempting to update...
2025-07-11 15:45:10,010 - __main__ - INFO - 💾 Successfully downloaded and updated کسرام.
2025-07-11 15:45:10,011 - __main__ - INFO - ⏰ File for فلات is old (68.8 hours). Attempting to update...
2025-07-11 15:45:11,612 - __main__ - INFO - 💾 Successfully downloaded and updated فلات.
2025-07-11 15:45:11,624 - __main__ - INFO - ⏰ File for پیروز is old (68.8 hours). Attempting to update...
2025-07-11 15:45:12,503 - __main__ - INFO - 💾 Successfully downloaded and updated پیروز.
2025-07-11 15:45:12,514 - __main__ - INFO - ⏰ File for غنوش is old (68.8 hours). Attempting to update...
2025-07-11 15:45:13,653 - __main__ - INFO - 💾 Successfully downloaded and updated غنوش.
2025-07-11 15:45:13,665 - __main__ - INFO - ⏰ File for تپسی is old (68.8 hours). Attempting to update...
2025-07-11 15:45:14,842 - __main__ - INFO - 💾 Successfully downloaded and updated تپسی.
2025-07-11 15:45:14,843 - __main__ - INFO - ⏰ File for خزامیاح is old (48.3 hours). Attempting to update...
2025-07-11 15:45:15,861 - __main__ - INFO - 💾 Successfully downloaded and updated خزامیاح.
2025-07-11 15:45:15,862 - __main__ - INFO - ⏰ File for رانفور is old (68.8 hours). Attempting to update...
2025-07-11 15:45:17,351 - __main__ - INFO - 💾 Successfully downloaded and updated رانفور.
2025-07-11 15:45:17,352 - __main__ - INFO - ⏰ File for وسگیلا is old (68.8 hours). Attempting to update...
2025-07-11 15:45:18,432 - __main__ - INFO - 💾 Successfully downloaded and updated وسگیلا.
2025-07-11 15:45:18,434 - __main__ - INFO - ⏰ File for لسرما is old (68.8 hours). Attempting to update...
2025-07-11 15:45:19,971 - __main__ - INFO - 💾 Successfully downloaded and updated لسرما.
2025-07-11 15:45:19,972 - __main__ - INFO - ⏰ File for سیلامح is old (68.8 hours). Attempting to update...
2025-07-11 15:45:21,121 - __main__ - INFO - 💾 Successfully downloaded and updated سیلامح.
2025-07-11 15:45:21,123 - __main__ - INFO - ⏰ File for غمهرا is old (68.8 hours). Attempting to update...
2025-07-11 15:45:22,453 - __main__ - INFO - 💾 Successfully downloaded and updated غمهرا.
2025-07-11 15:45:22,467 - __main__ - INFO - ⏰ File for نفیس is old (68.8 hours). Attempting to update...
2025-07-11 15:45:23,379 - __main__ - INFO - 💾 Successfully downloaded and updated نفیس.
2025-07-11 15:45:23,380 - __main__ - INFO - ⏰ File for فن آوا is old (68.8 hours). Attempting to update...
2025-07-11 15:45:24,610 - __main__ - INFO - 💾 Successfully downloaded and updated فن آوا.
2025-07-11 15:45:24,611 - __main__ - INFO - ⏰ File for مبینح is old (68.8 hours). Attempting to update...
2025-07-11 15:45:25,669 - __main__ - INFO - 💾 Successfully downloaded and updated مبینح.
2025-07-11 15:45:25,670 - __main__ - INFO - ⏰ File for متال is old (68.8 hours). Attempting to update...
2025-07-11 15:45:26,468 - __main__ - INFO - 💾 Successfully downloaded and updated متال.
2025-07-11 15:45:26,469 - __main__ - INFO - ⏰ File for ترمه is old (68.8 hours). Attempting to update...
2025-07-11 15:45:27,412 - __main__ - INFO - 💾 Successfully downloaded and updated ترمه.
2025-07-11 15:45:27,414 - __main__ - INFO - ⏰ File for خکمکح is old (48.3 hours). Attempting to update...
2025-07-11 15:45:28,445 - __main__ - INFO - 💾 Successfully downloaded and updated خکمکح.
2025-07-11 15:45:28,445 - __main__ - INFO - ⏰ File for آسیا is old (68.8 hours). Attempting to update...
2025-07-11 15:45:29,815 - __main__ - INFO - 💾 Successfully downloaded and updated آسیا.
2025-07-11 15:45:29,826 - __main__ - INFO - ⏰ File for کنیلوح is old (48.3 hours). Attempting to update...
2025-07-11 15:45:30,877 - __main__ - INFO - 💾 Successfully downloaded and updated کنیلوح.
2025-07-11 15:45:30,878 - __main__ - INFO - ⏰ File for کصدف is old (68.8 hours). Attempting to update...
2025-07-11 15:45:32,353 - __main__ - INFO - 💾 Successfully downloaded and updated کصدف.
2025-07-11 15:45:32,354 - __main__ - INFO - ⏰ File for فلامیح is old (48.3 hours). Attempting to update...
2025-07-11 15:45:33,339 - __main__ - INFO - 💾 Successfully downloaded and updated فلامیح.
2025-07-11 15:45:33,353 - __main__ - INFO - ⏰ File for لپویاح is old (48.3 hours). Attempting to update...
2025-07-11 15:45:34,330 - __main__ - INFO - 💾 Successfully downloaded and updated لپویاح.
2025-07-11 15:45:34,331 - __main__ - INFO - ⏰ File for ثامید is old (68.8 hours). Attempting to update...
2025-07-11 15:45:35,374 - __main__ - INFO - 💾 Successfully downloaded and updated ثامید.
2025-07-11 15:45:35,390 - __main__ - INFO - ⏰ File for کفرآور is old (68.8 hours). Attempting to update...
2025-07-11 15:45:37,506 - __main__ - INFO - 💾 Successfully downloaded and updated کفرآور.
2025-07-11 15:45:37,520 - __main__ - INFO - ⏰ File for چکاوهح is old (68.8 hours). Attempting to update...
2025-07-11 15:45:38,561 - __main__ - INFO - 💾 Successfully downloaded and updated چکاوهح.
2025-07-11 15:45:38,578 - __main__ - INFO - ⏰ File for زدشت is old (68.8 hours). Attempting to update...
2025-07-11 15:45:39,697 - __main__ - INFO - 💾 Successfully downloaded and updated زدشت.
2025-07-11 15:45:39,710 - __main__ - INFO - ⏰ File for ثروتم is old (68.8 hours). Attempting to update...
2025-07-11 15:45:40,805 - __main__ - INFO - 💾 Successfully downloaded and updated ثروتم.
2025-07-11 15:45:40,817 - __main__ - INFO - ⏰ File for نوری is old (68.8 hours). Attempting to update...
2025-07-11 15:45:41,881 - __main__ - INFO - 💾 Successfully downloaded and updated نوری.
2025-07-11 15:45:41,894 - __main__ - INFO - ⏰ File for خمهر is old (68.8 hours). Attempting to update...
2025-07-11 15:45:43,280 - __main__ - INFO - 💾 Successfully downloaded and updated خمهر.
2025-07-11 15:45:43,291 - __main__ - INFO - ⏰ File for شگویا is old (68.8 hours). Attempting to update...
2025-07-11 15:45:44,331 - __main__ - INFO - 💾 Successfully downloaded and updated شگویا.
2025-07-11 15:45:44,344 - __main__ - INFO - ⏰ File for امین is old (68.8 hours). Attempting to update...
2025-07-11 15:45:45,305 - __main__ - INFO - 💾 Successfully downloaded and updated امین.
2025-07-11 15:45:45,306 - __main__ - INFO - ⏰ File for پارسانح is old (48.3 hours). Attempting to update...
2025-07-11 15:45:46,391 - __main__ - INFO - 💾 Successfully downloaded and updated پارسانح.
2025-07-11 15:45:46,393 - __main__ - INFO - ⏰ File for شاوان is old (68.8 hours). Attempting to update...
2025-07-11 15:45:47,668 - __main__ - INFO - 💾 Successfully downloaded and updated شاوان.
2025-07-11 15:45:47,681 - __main__ - INFO - ⏰ File for کیمیا is old (68.8 hours). Attempting to update...
2025-07-11 15:45:48,865 - __main__ - INFO - 💾 Successfully downloaded and updated کیمیا.
2025-07-11 15:45:48,877 - __main__ - INFO - ⏰ File for وامیدح is old (68.8 hours). Attempting to update...
2025-07-11 15:45:49,875 - __main__ - INFO - 💾 Successfully downloaded and updated وامیدح.
2025-07-11 15:45:49,877 - __main__ - INFO - ⏰ File for وتعاون is old (68.8 hours). Attempting to update...
2025-07-11 15:45:50,948 - __main__ - INFO - 💾 Successfully downloaded and updated وتعاون.
2025-07-11 15:45:50,950 - __main__ - INFO - ⏰ File for آبین is old (68.8 hours). Attempting to update...
2025-07-11 15:45:52,014 - __main__ - INFO - 💾 Successfully downloaded and updated آبین.
2025-07-11 15:45:52,016 - __main__ - INFO - ⏰ File for فروسیل is old (68.8 hours). Attempting to update...
2025-07-11 15:45:52,907 - __main__ - INFO - 💾 Successfully downloaded and updated فروسیل.
2025-07-11 15:45:52,921 - __main__ - INFO - ⏰ File for بمیلا is old (68.8 hours). Attempting to update...
2025-07-11 15:45:54,825 - __main__ - INFO - 💾 Successfully downloaded and updated بمیلا.
2025-07-11 15:45:54,837 - __main__ - INFO - ⏰ File for دکوثرح is old (48.3 hours). Attempting to update...
2025-07-11 15:45:55,837 - __main__ - INFO - 💾 Successfully downloaded and updated دکوثرح.
2025-07-11 15:45:55,838 - __main__ - INFO - ⏰ File for سهگمتح is old (48.3 hours). Attempting to update...
2025-07-11 15:45:56,827 - __main__ - INFO - 💾 Successfully downloaded and updated سهگمتح.
2025-07-11 15:45:56,827 - __main__ - INFO - ⏰ File for ومعادنح is old (68.8 hours). Attempting to update...
2025-07-11 15:45:58,091 - __main__ - INFO - 💾 Successfully downloaded and updated ومعادنح.
2025-07-11 15:45:58,103 - __main__ - INFO - ⏰ File for مانی is old (68.8 hours). Attempting to update...
2025-07-11 15:45:59,144 - __main__ - INFO - 💾 Successfully downloaded and updated مانی.
2025-07-11 15:45:59,145 - __main__ - INFO - ⏰ File for خچرخش is old (68.8 hours). Attempting to update...
2025-07-11 15:46:00,549 - __main__ - INFO - 💾 Successfully downloaded and updated خچرخش.
2025-07-11 15:46:00,550 - __main__ - INFO - ⏰ File for شبریزح is old (68.8 hours). Attempting to update...
2025-07-11 15:46:01,533 - __main__ - INFO - 💾 Successfully downloaded and updated شبریزح.
2025-07-11 15:46:01,544 - __main__ - INFO - ⏰ File for شپتروح is old (68.8 hours). Attempting to update...
2025-07-11 15:46:02,572 - __main__ - INFO - 💾 Successfully downloaded and updated شپتروح.
2025-07-11 15:46:02,573 - __main__ - INFO - ⏰ File for کرماشا is old (68.8 hours). Attempting to update...
2025-07-11 15:46:04,583 - __main__ - INFO - 💾 Successfully downloaded and updated کرماشا.
2025-07-11 15:46:04,584 - __main__ - INFO - ⏰ File for فخوز is old (68.8 hours). Attempting to update...
2025-07-11 15:46:06,145 - __main__ - INFO - 💾 Successfully downloaded and updated فخوز.
2025-07-11 15:46:06,157 - __main__ - INFO - ⏰ File for قشهد is old (68.8 hours). Attempting to update...
2025-07-11 15:46:07,705 - __main__ - INFO - 💾 Successfully downloaded and updated قشهد.
2025-07-11 15:46:07,717 - __main__ - INFO - ⏰ File for قصفها is old (68.8 hours). Attempting to update...
2025-07-11 15:46:10,240 - __main__ - INFO - 💾 Successfully downloaded and updated قصفها.
2025-07-11 15:46:10,241 - __main__ - INFO - ⏰ File for ختراک is old (68.8 hours). Attempting to update...
2025-07-11 15:46:11,785 - __main__ - INFO - 💾 Successfully downloaded and updated ختراک.
2025-07-11 15:46:11,785 - __main__ - INFO - ⏰ File for خریختح is old (68.8 hours). Attempting to update...
2025-07-11 15:46:12,801 - __main__ - INFO - 💾 Successfully downloaded and updated خریختح.
2025-07-11 15:46:12,801 - __main__ - INFO - ⏰ File for سپر is old (68.8 hours). Attempting to update...
2025-07-11 15:46:13,881 - __main__ - INFO - 💾 Successfully downloaded and updated سپر.
2025-07-11 15:46:13,882 - __main__ - INFO - ⏰ File for پارسان is old (68.8 hours). Attempting to update...
2025-07-11 15:46:15,195 - __main__ - INFO - 💾 Successfully downloaded and updated پارسان.
2025-07-11 15:46:15,208 - __main__ - INFO - ⏰ File for تداوم is old (68.8 hours). Attempting to update...
2025-07-11 15:46:16,328 - __main__ - INFO - 💾 Successfully downloaded and updated تداوم.
2025-07-11 15:46:16,329 - __main__ - INFO - ⏰ File for نماد is old (92.5 hours). Attempting to update...
2025-07-11 15:46:16,954 - __main__ - ERROR - ❌ Failed to download نماد: single positional indexer is out-of-bounds. Will retry on next run.
2025-07-11 15:46:16,972 - __main__ - INFO - ⏰ File for کماسهح is old (48.3 hours). Attempting to update...
2025-07-11 15:46:18,091 - __main__ - INFO - 💾 Successfully downloaded and updated کماسهح.
2025-07-11 15:46:18,102 - __main__ - INFO - ⏰ File for فاخر is old (68.8 hours). Attempting to update...
2025-07-11 15:46:19,002 - __main__ - INFO - 💾 Successfully downloaded and updated فاخر.
2025-07-11 15:46:19,003 - __main__ - INFO - ⏰ File for قشکرح is old (48.3 hours). Attempting to update...
2025-07-11 15:46:20,056 - __main__ - INFO - 💾 Successfully downloaded and updated قشکرح.
2025-07-11 15:46:20,057 - __main__ - INFO - ⏰ File for کمرجان is old (68.8 hours). Attempting to update...
2025-07-11 15:46:21,446 - __main__ - INFO - 💾 Successfully downloaded and updated کمرجان.
2025-07-11 15:46:21,457 - __main__ - INFO - ⏰ File for شنفتح is old (68.8 hours). Attempting to update...
2025-07-11 15:46:22,469 - __main__ - INFO - 💾 Successfully downloaded and updated شنفتح.
2025-07-11 15:46:22,482 - __main__ - INFO - ⏰ File for غبهار is old (68.8 hours). Attempting to update...
2025-07-11 15:46:23,734 - __main__ - INFO - 💾 Successfully downloaded and updated غبهار.
2025-07-11 15:46:23,737 - __main__ - INFO - ⏰ File for فسدیدح is old (48.3 hours). Attempting to update...
2025-07-11 15:46:24,935 - __main__ - INFO - 💾 Successfully downloaded and updated فسدیدح.
2025-07-11 15:46:24,936 - __main__ - INFO - ⏰ File for زرین is old (68.8 hours). Attempting to update...
2025-07-11 15:46:25,985 - __main__ - INFO - 💾 Successfully downloaded and updated زرین.
2025-07-11 15:46:25,997 - __main__ - INFO - ⏰ File for سارومح is old (68.8 hours). Attempting to update...
2025-07-11 15:46:27,062 - __main__ - INFO - 💾 Successfully downloaded and updated سارومح.
2025-07-11 15:46:27,063 - __main__ - INFO - ⏰ File for بورس is old (68.8 hours). Attempting to update...
2025-07-11 15:46:28,324 - __main__ - INFO - 💾 Successfully downloaded and updated بورس.
2025-07-11 15:46:28,325 - __main__ - INFO - ⏰ File for غپاکح is old (48.3 hours). Attempting to update...
2025-07-11 15:46:29,450 - __main__ - INFO - 💾 Successfully downloaded and updated غپاکح.
2025-07-11 15:46:29,462 - __main__ - INFO - ⏰ File for دسانکو is old (68.8 hours). Attempting to update...
2025-07-11 15:46:30,633 - __main__ - INFO - 💾 Successfully downloaded and updated دسانکو.
2025-07-11 15:46:30,634 - __main__ - INFO - ⏰ File for آساس is old (68.8 hours). Attempting to update...
2025-07-11 15:46:31,765 - __main__ - INFO - 💾 Successfully downloaded and updated آساس.
2025-07-11 15:46:31,766 - __main__ - INFO - ⏰ File for وگستر is old (68.8 hours). Attempting to update...
2025-07-11 15:46:33,160 - __main__ - INFO - 💾 Successfully downloaded and updated وگستر.
2025-07-11 15:46:33,161 - __main__ - INFO - ⏰ File for جوین is old (68.8 hours). Attempting to update...
2025-07-11 15:46:34,167 - __main__ - INFO - 💾 Successfully downloaded and updated جوین.
2025-07-11 15:46:34,168 - __main__ - INFO - ⏰ File for اکتیو is old (92.5 hours). Attempting to update...
2025-07-11 15:46:34,818 - __main__ - ERROR - ❌ Failed to download اکتیو: single positional indexer is out-of-bounds. Will retry on next run.
2025-07-11 15:46:34,831 - __main__ - INFO - ⏰ File for انرژی2 is old (68.8 hours). Attempting to update...
2025-07-11 15:46:36,040 - __main__ - INFO - 💾 Successfully downloaded and updated انرژی2.
2025-07-11 15:46:36,044 - __main__ - INFO - ⏰ File for شبندر is old (68.8 hours). Attempting to update...
2025-07-11 15:46:37,287 - __main__ - INFO - 💾 Successfully downloaded and updated شبندر.
2025-07-11 15:46:37,304 - __main__ - INFO - ⏰ File for حسیر is old (68.8 hours). Attempting to update...
2025-07-11 15:46:38,559 - __main__ - INFO - 💾 Successfully downloaded and updated حسیر.
2025-07-11 15:46:38,560 - __main__ - INFO - ⏰ File for کاوهح is old (48.3 hours). Attempting to update...
2025-07-11 15:46:39,603 - __main__ - INFO - 💾 Successfully downloaded and updated کاوهح.
2025-07-11 15:46:39,615 - __main__ - INFO - ⏰ File for ساوه is old (68.8 hours). Attempting to update...
2025-07-11 15:46:40,773 - __main__ - INFO - 💾 Successfully downloaded and updated ساوه.
2025-07-11 15:46:40,785 - __main__ - INFO - ⏰ File for زکشت is old (68.8 hours). Attempting to update...
2025-07-11 15:46:41,888 - __main__ - INFO - 💾 Successfully downloaded and updated زکشت.
2025-07-11 15:46:41,901 - __main__ - INFO - ⏰ File for بالبر is old (68.8 hours). Attempting to update...
2025-07-11 15:46:43,262 - __main__ - INFO - 💾 Successfully downloaded and updated بالبر.
2025-07-11 15:46:43,273 - __main__ - INFO - ⏰ File for شوینده is old (68.8 hours). Attempting to update...
2025-07-11 15:46:44,381 - __main__ - INFO - 💾 Successfully downloaded and updated شوینده.
2025-07-11 15:46:44,395 - __main__ - INFO - ⏰ File for لبهمنح is old (92.5 hours). Attempting to update...
2025-07-11 15:46:45,095 - __main__ - ERROR - ❌ Failed to download لبهمنح: single positional indexer is out-of-bounds. Will retry on next run.
2025-07-11 15:46:45,107 - __main__ - INFO - ⏰ File for دعبیدح is old (68.8 hours). Attempting to update...
2025-07-11 15:46:46,258 - __main__ - INFO - 💾 Successfully downloaded and updated دعبیدح.
2025-07-11 15:46:46,271 - __main__ - INFO - ⏰ File for سخند is old (68.8 hours). Attempting to update...
2025-07-11 15:46:47,335 - __main__ - INFO - 💾 Successfully downloaded and updated سخند.
2025-07-11 15:46:47,337 - __main__ - INFO - ⏰ File for دکپسول is old (68.8 hours). Attempting to update...
2025-07-11 15:46:48,546 - __main__ - INFO - 💾 Successfully downloaded and updated دکپسول.
2025-07-11 15:46:48,547 - __main__ - INFO - ⏰ File for دریا is old (68.8 hours). Attempting to update...
2025-07-11 15:46:49,479 - __main__ - INFO - 💾 Successfully downloaded and updated دریا.
2025-07-11 15:46:49,480 - __main__ - INFO - ⏰ File for زقیام is old (68.8 hours). Attempting to update...
2025-07-11 15:46:50,614 - __main__ - INFO - 💾 Successfully downloaded and updated زقیام.
2025-07-11 15:46:50,615 - __main__ - INFO - ⏰ File for ساراب is old (68.8 hours). Attempting to update...
2025-07-11 15:46:51,979 - __main__ - INFO - 💾 Successfully downloaded and updated ساراب.
2025-07-11 15:46:51,979 - __main__ - INFO - ⏰ File for قهکمت is old (68.8 hours). Attempting to update...
2025-07-11 15:46:53,460 - __main__ - INFO - 💾 Successfully downloaded and updated قهکمت.
2025-07-11 15:46:53,461 - __main__ - INFO - ⏰ File for همای is old (68.8 hours). Attempting to update...
2025-07-11 15:46:54,517 - __main__ - INFO - 💾 Successfully downloaded and updated همای.
2025-07-11 15:46:54,529 - __main__ - INFO - ⏰ File for مداران is old (68.8 hours). Attempting to update...
2025-07-11 15:46:56,098 - __main__ - INFO - 💾 Successfully downloaded and updated مداران.
2025-07-11 15:46:56,111 - __main__ - INFO - ⏰ File for آریان is old (68.8 hours). Attempting to update...
2025-07-11 15:46:58,055 - __main__ - INFO - 💾 Successfully downloaded and updated آریان.
2025-07-11 15:46:58,067 - __main__ - INFO - ⏰ File for سیلام is old (68.8 hours). Attempting to update...
2025-07-11 15:46:59,370 - __main__ - INFO - 💾 Successfully downloaded and updated سیلام.
2025-07-11 15:46:59,372 - __main__ - INFO - ⏰ File for سینا is old (92.5 hours). Attempting to update...
2025-07-11 15:47:00,019 - __main__ - ERROR - ❌ Failed to download سینا: single positional indexer is out-of-bounds. Will retry on next run.
2025-07-11 15:47:00,020 - __main__ - INFO - ⏰ File for وساپاح is old (48.3 hours). Attempting to update...
2025-07-11 15:47:01,034 - __main__ - INFO - 💾 Successfully downloaded and updated وساپاح.
2025-07-11 15:47:01,045 - __main__ - INFO - ⏰ File for اعتماد is old (68.8 hours). Attempting to update...
2025-07-11 15:47:02,240 - __main__ - INFO - 💾 Successfully downloaded and updated اعتماد.
2025-07-11 15:47:02,253 - __main__ - INFO - ⏰ File for سغدیر is old (68.8 hours). Attempting to update...
2025-07-11 15:47:03,251 - __main__ - INFO - 💾 Successfully downloaded and updated سغدیر.
2025-07-11 15:47:03,263 - __main__ - INFO - ⏰ File for لپارس is old (68.8 hours). Attempting to update...
2025-07-11 15:47:04,693 - __main__ - INFO - 💾 Successfully downloaded and updated لپارس.
2025-07-11 15:47:04,704 - __main__ - INFO - ⏰ File for خاور is old (68.8 hours). Attempting to update...
2025-07-11 15:47:06,178 - __main__ - INFO - 💾 Successfully downloaded and updated خاور.
2025-07-11 15:47:06,179 - __main__ - INFO - ⏰ File for غدشتح is old (68.8 hours). Attempting to update...
2025-07-11 15:47:08,267 - __main__ - INFO - 💾 Successfully downloaded and updated غدشتح.
2025-07-11 15:47:08,267 - __main__ - INFO - ⏰ File for پترول is old (68.8 hours). Attempting to update...
2025-07-11 15:47:09,504 - __main__ - INFO - 💾 Successfully downloaded and updated پترول.
2025-07-11 15:47:09,505 - __main__ - INFO - ⏰ File for تاراز is old (68.8 hours). Attempting to update...
2025-07-11 15:47:10,425 - __main__ - INFO - 💾 Successfully downloaded and updated تاراز.
2025-07-11 15:47:10,437 - __main__ - INFO - ⏰ File for خشرق is old (68.8 hours). Attempting to update...
2025-07-11 15:47:12,083 - __main__ - INFO - 💾 Successfully downloaded and updated خشرق.
2025-07-11 15:47:12,084 - __main__ - INFO - ⏰ File for کهمداح is old (68.8 hours). Attempting to update...
2025-07-11 15:47:13,173 - __main__ - INFO - 💾 Successfully downloaded and updated کهمداح.
2025-07-11 15:47:13,186 - __main__ - INFO - ⏰ File for رماس is old (68.8 hours). Attempting to update...
2025-07-11 15:47:14,115 - __main__ - INFO - 💾 Successfully downloaded and updated رماس.
2025-07-11 15:47:14,116 - __main__ - INFO - ⏰ File for تکاردان is old (68.8 hours). Attempting to update...
2025-07-11 15:47:15,031 - __main__ - INFO - 💾 Successfully downloaded and updated تکاردان.
2025-07-11 15:47:15,043 - __main__ - INFO - ⏰ File for جواهر is old (68.8 hours). Attempting to update...
2025-07-11 15:47:15,932 - __main__ - INFO - 💾 Successfully downloaded and updated جواهر.
2025-07-11 15:47:15,944 - __main__ - INFO - ⏰ File for امین یکم is old (68.8 hours). Attempting to update...
2025-07-11 15:47:17,188 - __main__ - INFO - 💾 Successfully downloaded and updated امین یکم.
2025-07-11 15:47:17,189 - __main__ - INFO - ⏰ File for خبهمنح is old (48.3 hours). Attempting to update...
2025-07-11 15:47:19,390 - __main__ - INFO - 💾 Successfully downloaded and updated خبهمنح.
2025-07-11 15:47:19,401 - __main__ - INFO - ⏰ File for خراسان is old (68.8 hours). Attempting to update...
2025-07-11 15:47:21,152 - __main__ - INFO - 💾 Successfully downloaded and updated خراسان.
2025-07-11 15:47:21,153 - __main__ - INFO - ⏰ File for تصمیم is old (68.8 hours). Attempting to update...
2025-07-11 15:47:22,298 - __main__ - INFO - 💾 Successfully downloaded and updated تصمیم.
2025-07-11 15:47:22,300 - __main__ - INFO - ⏰ File for سرو is old (68.8 hours). Attempting to update...
2025-07-11 15:47:23,396 - __main__ - INFO - 💾 Successfully downloaded and updated سرو.
2025-07-11 15:47:23,397 - __main__ - INFO - ⏰ File for فبیراح is old (48.3 hours). Attempting to update...
2025-07-11 15:47:24,552 - __main__ - INFO - 💾 Successfully downloaded and updated فبیراح.
2025-07-11 15:47:24,553 - __main__ - INFO - ⏰ File for مدیر is old (68.8 hours). Attempting to update...
2025-07-11 15:47:25,583 - __main__ - INFO - 💾 Successfully downloaded and updated مدیر.
2025-07-11 15:47:25,594 - __main__ - INFO - ⏰ File for بتهران is old (68.8 hours). Attempting to update...
2025-07-11 15:47:26,462 - __main__ - INFO - 💾 Successfully downloaded and updated بتهران.
2025-07-11 15:47:26,463 - __main__ - INFO - ⏰ File for خنصیرح is old (48.3 hours). Attempting to update...
2025-07-11 15:47:27,489 - __main__ - INFO - 💾 Successfully downloaded and updated خنصیرح.
2025-07-11 15:47:27,502 - __main__ - INFO - ⏰ File for خموتور is old (68.8 hours). Attempting to update...
2025-07-11 15:47:28,932 - __main__ - INFO - 💾 Successfully downloaded and updated خموتور.
2025-07-11 15:47:28,933 - __main__ - INFO - ⏰ File for جهش is old (68.8 hours). Attempting to update...
2025-07-11 15:47:30,048 - __main__ - INFO - 💾 Successfully downloaded and updated جهش.
2025-07-11 15:47:30,049 - __main__ - INFO - ⏰ File for حتاید is old (68.8 hours). Attempting to update...
2025-07-11 15:47:31,668 - __main__ - INFO - 💾 Successfully downloaded and updated حتاید.
2025-07-11 15:47:31,670 - __main__ - INFO - ⏰ File for ونچر is old (68.8 hours). Attempting to update...
2025-07-11 15:47:32,784 - __main__ - INFO - 💾 Successfully downloaded and updated ونچر.
2025-07-11 15:47:32,785 - __main__ - INFO - ⏰ File for وپترو is old (68.8 hours). Attempting to update...
2025-07-11 15:47:34,238 - __main__ - INFO - 💾 Successfully downloaded and updated وپترو.
2025-07-11 15:47:34,239 - __main__ - INFO - ⏰ File for ولراز is old (68.8 hours). Attempting to update...
2025-07-11 15:47:35,272 - __main__ - INFO - 💾 Successfully downloaded and updated ولراز.
2025-07-11 15:47:35,273 - __main__ - INFO - ⏰ File for فردوس is old (92.5 hours). Attempting to update...
2025-07-11 15:47:35,935 - __main__ - ERROR - ❌ Failed to download فردوس: single positional indexer is out-of-bounds. Will retry on next run.
2025-07-11 15:47:35,936 - __main__ - INFO - ⏰ File for وتوکا is old (68.8 hours). Attempting to update...
2025-07-11 15:47:37,221 - __main__ - INFO - 💾 Successfully downloaded and updated وتوکا.
2025-07-11 15:47:37,222 - __main__ - INFO - ⏰ File for خبازرس is old (68.8 hours). Attempting to update...
2025-07-11 15:47:38,215 - __main__ - INFO - 💾 Successfully downloaded and updated خبازرس.
2025-07-11 15:47:38,226 - __main__ - INFO - ⏰ File for مارون is old (68.8 hours). Attempting to update...
2025-07-11 15:47:39,472 - __main__ - INFO - 💾 Successfully downloaded and updated مارون.
2025-07-11 15:47:39,473 - __main__ - INFO - ⏰ File for تلیسه is old (68.8 hours). Attempting to update...
2025-07-11 15:47:40,818 - __main__ - INFO - 💾 Successfully downloaded and updated تلیسه.
2025-07-11 15:47:40,829 - __main__ - INFO - ⏰ File for کایزد is old (68.8 hours). Attempting to update...
2025-07-11 15:47:42,753 - __main__ - INFO - 💾 Successfully downloaded and updated کایزد.
2025-07-11 15:47:42,754 - __main__ - INFO - ⏰ File for وکادو is old (68.8 hours). Attempting to update...
2025-07-11 15:47:44,044 - __main__ - INFO - 💾 Successfully downloaded and updated وکادو.
2025-07-11 15:47:44,059 - __main__ - INFO - ⏰ File for سدشت is old (68.8 hours). Attempting to update...
2025-07-11 15:47:45,343 - __main__ - INFO - 💾 Successfully downloaded and updated سدشت.
2025-07-11 15:47:45,344 - __main__ - INFO - ⏰ File for فپارسح is old (48.3 hours). Attempting to update...
2025-07-11 15:47:46,433 - __main__ - INFO - 💾 Successfully downloaded and updated فپارسح.
2025-07-11 15:47:46,438 - __main__ - INFO - ⏰ File for خودروح is old (48.3 hours). Attempting to update...
2025-07-11 15:47:47,509 - __main__ - INFO - 💾 Successfully downloaded and updated خودروح.
2025-07-11 15:47:47,509 - __main__ - INFO - ⏰ File for خاذینح is old (48.3 hours). Attempting to update...
2025-07-11 15:47:48,603 - __main__ - INFO - 💾 Successfully downloaded and updated خاذینح.
2025-07-11 15:47:48,615 - __main__ - INFO - ⏰ File for فنرژیح is old (92.5 hours). Attempting to update...
2025-07-11 15:47:49,280 - __main__ - ERROR - ❌ Failed to download فنرژیح: single positional indexer is out-of-bounds. Will retry on next run.
2025-07-11 15:47:49,292 - __main__ - INFO - ⏰ File for داتام is old (68.8 hours). Attempting to update...
2025-07-11 15:47:50,340 - __main__ - INFO - 💾 Successfully downloaded and updated داتام.
2025-07-11 15:47:50,353 - __main__ - INFO - ⏰ File for حبندر is old (68.8 hours). Attempting to update...
2025-07-11 15:47:51,799 - __main__ - INFO - 💾 Successfully downloaded and updated حبندر.
2025-07-11 15:47:51,811 - __main__ - INFO - ⏰ File for صباح is old (68.8 hours). Attempting to update...
2025-07-11 15:47:53,399 - __main__ - INFO - 💾 Successfully downloaded and updated صباح.
2025-07-11 15:47:53,411 - __main__ - INFO - ⏰ File for غالبرح is old (68.8 hours). Attempting to update...
2025-07-11 15:47:54,438 - __main__ - INFO - 💾 Successfully downloaded and updated غالبرح.
2025-07-11 15:47:54,439 - __main__ - INFO - ⏰ File for ویسا is old (68.8 hours). Attempting to update...
2025-07-11 15:47:55,668 - __main__ - INFO - 💾 Successfully downloaded and updated ویسا.
2025-07-11 15:47:55,673 - __main__ - INFO - ⏰ File for شتولیح is old (48.3 hours). Attempting to update...
2025-07-11 15:47:57,141 - __main__ - INFO - 💾 Successfully downloaded and updated شتولیح.
2025-07-11 15:47:57,141 - __main__ - INFO - ⏰ File for خمحرکهح is old (48.3 hours). Attempting to update...
2025-07-11 15:47:58,299 - __main__ - INFO - 💾 Successfully downloaded and updated خمحرکهح.
2025-07-11 15:47:58,300 - __main__ - INFO - ⏰ File for پاکشوح is old (68.8 hours). Attempting to update...
2025-07-11 15:47:59,279 - __main__ - INFO - 💾 Successfully downloaded and updated پاکشوح.
2025-07-11 15:47:59,282 - __main__ - INFO - ⏰ File for فاذر is old (68.8 hours). Attempting to update...
2025-07-11 15:48:01,119 - __main__ - INFO - 💾 Successfully downloaded and updated فاذر.
2025-07-11 15:48:01,120 - __main__ - INFO - ⏰ File for هیوا is old (68.8 hours). Attempting to update...
2025-07-11 15:48:02,890 - __main__ - INFO - 💾 Successfully downloaded and updated هیوا.
2025-07-11 15:48:02,892 - __main__ - INFO - ⏰ File for بذر is old (68.8 hours). Attempting to update...
2025-07-11 15:48:03,949 - __main__ - INFO - 💾 Successfully downloaded and updated بذر.
2025-07-11 15:48:03,951 - __main__ - INFO - ⏰ File for قهکمتح is old (92.5 hours). Attempting to update...
2025-07-11 15:48:04,598 - __main__ - ERROR - ❌ Failed to download قهکمتح: single positional indexer is out-of-bounds. Will retry on next run.
2025-07-11 15:48:04,599 - __main__ - INFO - ⏰ File for اتوآگاه is old (68.8 hours). Attempting to update...
2025-07-11 15:48:05,624 - __main__ - INFO - 💾 Successfully downloaded and updated اتوآگاه.
2025-07-11 15:48:05,634 - __main__ - INFO - ⏰ File for سفارح is old (48.3 hours). Attempting to update...
2025-07-11 15:48:06,612 - __main__ - INFO - 💾 Successfully downloaded and updated سفارح.
2025-07-11 15:48:06,613 - __main__ - INFO - ⏰ File for فروس is old (68.8 hours). Attempting to update...
2025-07-11 15:48:08,178 - __main__ - INFO - 💾 Successfully downloaded and updated فروس.
2025-07-11 15:48:08,185 - __main__ - INFO - ⏰ File for شلوان is old (92.6 hours). Attempting to update...
2025-07-11 15:48:08,840 - __main__ - ERROR - ❌ Failed to download شلوان: single positional indexer is out-of-bounds. Will retry on next run.
2025-07-11 15:48:08,841 - __main__ - INFO - ⏰ File for کبافق is old (68.8 hours). Attempting to update...
2025-07-11 15:48:11,005 - __main__ - INFO - 💾 Successfully downloaded and updated کبافق.
2025-07-11 15:48:11,018 - __main__ - INFO - ⏰ File for دارو is old (68.8 hours). Attempting to update...
2025-07-11 15:48:13,111 - __main__ - INFO - 💾 Successfully downloaded and updated دارو.
2025-07-11 15:48:13,112 - __main__ - INFO - ⏰ File for فاماح is old (48.4 hours). Attempting to update...
2025-07-11 15:48:15,370 - __main__ - INFO - 💾 Successfully downloaded and updated فاماح.
2025-07-11 15:48:15,371 - __main__ - INFO - ⏰ File for فبیرا is old (68.8 hours). Attempting to update...
2025-07-11 15:48:17,446 - __main__ - INFO - 💾 Successfully downloaded and updated فبیرا.
2025-07-11 15:48:17,448 - __main__ - INFO - ⏰ File for وتجارت is old (68.8 hours). Attempting to update...
2025-07-11 15:48:19,033 - __main__ - INFO - 💾 Successfully downloaded and updated وتجارت.
2025-07-11 15:48:19,034 - __main__ - INFO - ⏰ File for شلرد is old (68.8 hours). Attempting to update...
2025-07-11 15:48:20,509 - __main__ - INFO - 💾 Successfully downloaded and updated شلرد.
2025-07-11 15:48:20,510 - __main__ - INFO - ⏰ File for سفاسیت is old (48.4 hours). Attempting to update...
2025-07-11 15:48:26,420 - __main__ - INFO - 💾 Successfully downloaded and updated سفاسیت.
2025-07-11 15:48:26,421 - __main__ - INFO - ⏰ File for شیرازح is old (48.4 hours). Attempting to update...
2025-07-11 15:48:27,636 - __main__ - INFO - 💾 Successfully downloaded and updated شیرازح.
2025-07-11 15:48:27,637 - __main__ - INFO - ⏰ File for وپویا is old (68.8 hours). Attempting to update...
2025-07-11 15:48:28,841 - __main__ - INFO - 💾 Successfully downloaded and updated وپویا.
2025-07-11 15:48:28,843 - __main__ - INFO - ⏰ File for غشان is old (68.8 hours). Attempting to update...
2025-07-11 15:48:31,436 - __main__ - INFO - 💾 Successfully downloaded and updated غشان.
2025-07-11 15:48:31,437 - __main__ - INFO - ⏰ File for دهدشت is old (68.8 hours). Attempting to update...
2025-07-11 15:48:32,518 - __main__ - INFO - 💾 Successfully downloaded and updated دهدشت.
2025-07-11 15:48:32,529 - __main__ - INFO - ⏰ File for غچینح is old (48.4 hours). Attempting to update...
2025-07-11 15:48:33,632 - __main__ - INFO - 💾 Successfully downloaded and updated غچینح.
2025-07-11 15:48:33,633 - __main__ - INFO - ⏰ File for ثرود is old (68.8 hours). Attempting to update...
2025-07-11 15:48:34,914 - __main__ - INFO - 💾 Successfully downloaded and updated ثرود.
2025-07-11 15:48:34,945 - __main__ - INFO - ⏰ File for ثغرب is old (68.8 hours). Attempting to update...
2025-07-11 15:48:36,525 - __main__ - INFO - 💾 Successfully downloaded and updated ثغرب.
2025-07-11 15:48:36,539 - __main__ - INFO - ⏰ File for وصناح is old (48.4 hours). Attempting to update...
2025-07-11 15:48:37,689 - __main__ - INFO - 💾 Successfully downloaded and updated وصناح.
2025-07-11 15:48:37,711 - __main__ - INFO - ⏰ File for رتاپ is old (68.8 hours). Attempting to update...
2025-07-11 15:48:39,134 - __main__ - INFO - 💾 Successfully downloaded and updated رتاپ.
2025-07-11 15:48:39,135 - __main__ - INFO - ⏰ File for وسخوز is old (68.8 hours). Attempting to update...
2025-07-11 15:48:40,194 - __main__ - INFO - 💾 Successfully downloaded and updated وسخوز.
2025-07-11 15:48:40,196 - __main__ - INFO - ⏰ File for کفپارس is old (68.8 hours). Attempting to update...
2025-07-11 15:48:41,535 - __main__ - INFO - 💾 Successfully downloaded and updated کفپارس.
2025-07-11 15:48:41,535 - __main__ - INFO - ⏰ File for مهریران is old (68.8 hours). Attempting to update...
2025-07-11 15:48:42,551 - __main__ - INFO - 💾 Successfully downloaded and updated مهریران.
2025-07-11 15:48:42,551 - __main__ - INFO - ⏰ File for مفاخر is old (68.8 hours). Attempting to update...
2025-07-11 15:48:43,858 - __main__ - INFO - 💾 Successfully downloaded and updated مفاخر.
2025-07-11 15:48:43,859 - __main__ - INFO - ⏰ File for کارام is old (68.8 hours). Attempting to update...
2025-07-11 15:48:44,758 - __main__ - INFO - 💾 Successfully downloaded and updated کارام.
2025-07-11 15:48:44,759 - __main__ - INFO - ⏰ File for معیارح is old (68.8 hours). Attempting to update...
2025-07-11 15:48:45,855 - __main__ - INFO - 💾 Successfully downloaded and updated معیارح.
2025-07-11 15:48:45,856 - __main__ - INFO - ⏰ File for دزهراوی is old (68.8 hours). Attempting to update...
2025-07-11 15:48:47,369 - __main__ - INFO - 💾 Successfully downloaded and updated دزهراوی.
2025-07-11 15:48:47,370 - __main__ - INFO - ⏰ File for فخاسح is old (68.8 hours). Attempting to update...
2025-07-11 15:48:48,526 - __main__ - INFO - 💾 Successfully downloaded and updated فخاسح.
2025-07-11 15:48:48,539 - __main__ - INFO - ⏰ File for کپرور is old (68.8 hours). Attempting to update...
2025-07-11 15:48:49,903 - __main__ - INFO - 💾 Successfully downloaded and updated کپرور.
2025-07-11 15:48:49,917 - __main__ - INFO - ⏰ File for وآتوس is old (68.8 hours). Attempting to update...
2025-07-11 15:48:51,792 - __main__ - INFO - 💾 Successfully downloaded and updated وآتوس.
2025-07-11 15:48:51,804 - __main__ - INFO - ⏰ File for سخزرح is old (48.4 hours). Attempting to update...
2025-07-11 15:48:52,834 - __main__ - INFO - 💾 Successfully downloaded and updated سخزرح.
2025-07-11 15:48:52,835 - __main__ - INFO - ⏰ File for دماوند is old (68.8 hours). Attempting to update...
2025-07-11 15:48:54,126 - __main__ - INFO - 💾 Successfully downloaded and updated دماوند.
2025-07-11 15:48:54,137 - __main__ - INFO - ⏰ File for نبروج is old (68.8 hours). Attempting to update...
2025-07-11 15:48:55,465 - __main__ - INFO - 💾 Successfully downloaded and updated نبروج.
2025-07-11 15:48:55,467 - __main__ - INFO - ⏰ File for کی بی سی is old (68.8 hours). Attempting to update...
2025-07-11 15:48:56,815 - __main__ - INFO - 💾 Successfully downloaded and updated کی بی سی.
2025-07-11 15:48:56,826 - __main__ - INFO - ⏰ File for کاریس is old (68.8 hours). Attempting to update...
2025-07-11 15:48:58,088 - __main__ - INFO - 💾 Successfully downloaded and updated کاریس.
2025-07-11 15:48:58,089 - __main__ - INFO - ⏰ File for نمرینوح is old (68.8 hours). Attempting to update...
2025-07-11 15:48:59,170 - __main__ - INFO - 💾 Successfully downloaded and updated نمرینوح.
2025-07-11 15:48:59,171 - __main__ - INFO - ⏰ File for دتماد is old (68.8 hours). Attempting to update...
2025-07-11 15:49:00,719 - __main__ - INFO - 💾 Successfully downloaded and updated دتماد.
2025-07-11 15:49:00,731 - __main__ - INFO - ⏰ File for رکیش is old (68.8 hours). Attempting to update...
2025-07-11 15:49:02,222 - __main__ - INFO - 💾 Successfully downloaded and updated رکیش.
2025-07-11 15:49:02,222 - __main__ - INFO - ⏰ File for تاتمس is old (68.8 hours). Attempting to update...
2025-07-11 15:49:03,223 - __main__ - INFO - 💾 Successfully downloaded and updated تاتمس.
2025-07-11 15:49:03,225 - __main__ - INFO - ⏰ File for ثاصفاح is old (48.2 hours). Attempting to update...
2025-07-11 15:49:04,398 - __main__ - INFO - 💾 Successfully downloaded and updated ثاصفاح.
2025-07-11 15:49:04,399 - __main__ - INFO - ⏰ File for ماح is old (48.2 hours). Attempting to update...
2025-07-11 15:49:05,367 - __main__ - INFO - 💾 Successfully downloaded and updated ماح.
2025-07-11 15:49:05,368 - __main__ - INFO - ⏰ File for پکرمان is old (91.1 hours). Attempting to update...
2025-07-11 15:49:07,531 - __main__ - INFO - 💾 Successfully downloaded and updated پکرمان.
2025-07-11 15:49:07,534 - __main__ - INFO - ⏰ File for نگین is old (74.4 hours). Attempting to update...
2025-07-11 15:49:08,990 - __main__ - INFO - 💾 Successfully downloaded and updated نگین.
2025-07-11 15:49:08,991 - __main__ - INFO - ⏰ File for چبسپا is old (48.2 hours). Attempting to update...
2025-07-11 15:49:10,358 - __main__ - INFO - 💾 Successfully downloaded and updated چبسپا.
2025-07-11 15:49:10,359 - __main__ - INFO - ⏰ File for کلوندح is old (48.2 hours). Attempting to update...
2025-07-11 15:49:11,586 - __main__ - INFO - 💾 Successfully downloaded and updated کلوندح.
2025-07-11 15:49:11,597 - __main__ - INFO - ⏰ File for پی پاد is old (91.1 hours). Attempting to update...
2025-07-11 15:49:12,519 - __main__ - INFO - 💾 Successfully downloaded and updated پی پاد.
2025-07-11 15:49:12,530 - __main__ - INFO - ⏰ File for چکارمح is old (92.6 hours). Attempting to update...
2025-07-11 15:49:13,215 - __main__ - ERROR - ❌ Failed to download چکارمح: single positional indexer is out-of-bounds. Will retry on next run.
2025-07-11 15:49:13,226 - __main__ - INFO - ⏰ File for فنوالح is old (48.2 hours). Attempting to update...
2025-07-11 15:49:15,282 - __main__ - INFO - 💾 Successfully downloaded and updated فنوالح.
2025-07-11 15:49:15,282 - __main__ - INFO - ⏰ File for ولملتح is old (74.4 hours). Attempting to update...
2025-07-11 15:49:16,283 - __main__ - INFO - 💾 Successfully downloaded and updated ولملتح.
2025-07-11 15:49:16,294 - __main__ - INFO - ⏰ File for کباده is old (91.1 hours). Attempting to update...
2025-07-11 15:49:17,747 - __main__ - INFO - 💾 Successfully downloaded and updated کباده.
2025-07-11 15:49:17,750 - __main__ - INFO - ⏰ File for ولکار is old (91.1 hours). Attempting to update...
2025-07-11 15:49:19,289 - __main__ - INFO - 💾 Successfully downloaded and updated ولکار.
2025-07-11 15:49:19,290 - __main__ - INFO - ⏰ File for بیوتیک is old (91.1 hours). Attempting to update...
2025-07-11 15:49:20,137 - __main__ - INFO - 💾 Successfully downloaded and updated بیوتیک.
2025-07-11 15:49:20,148 - __main__ - INFO - ⏰ File for نبروجح is old (48.2 hours). Attempting to update...
2025-07-11 15:49:21,217 - __main__ - INFO - 💾 Successfully downloaded and updated نبروجح.
2025-07-11 15:49:21,218 - __main__ - INFO - ⏰ File for وسکهبو is old (74.4 hours). Attempting to update...
2025-07-11 15:49:22,254 - __main__ - INFO - 💾 Successfully downloaded and updated وسکهبو.
2025-07-11 15:49:22,254 - __main__ - INFO - ⏰ File for اخابرح is old (48.2 hours). Attempting to update...
2025-07-11 15:49:23,234 - __main__ - INFO - 💾 Successfully downloaded and updated اخابرح.
2025-07-11 15:49:23,246 - __main__ - INFO - ⏰ File for وتوس is old (91.1 hours). Attempting to update...
2025-07-11 15:49:25,848 - __main__ - INFO - 💾 Successfully downloaded and updated وتوس.
2025-07-11 15:49:25,850 - __main__ - INFO - ⏰ File for پارند is old (91.1 hours). Attempting to update...
2025-07-11 15:49:26,955 - __main__ - INFO - 💾 Successfully downloaded and updated پارند.
2025-07-11 15:49:26,967 - __main__ - INFO - ⏰ File for ثنور is old (74.4 hours). Attempting to update...
2025-07-11 15:49:28,200 - __main__ - INFO - 💾 Successfully downloaded and updated ثنور.
2025-07-11 15:49:28,201 - __main__ - INFO - ⏰ File for غپآذر is old (91.1 hours). Attempting to update...
2025-07-11 15:49:29,383 - __main__ - INFO - 💾 Successfully downloaded and updated غپآذر.
2025-07-11 15:49:29,394 - __main__ - INFO - ⏰ File for آبادح is old (48.2 hours). Attempting to update...
2025-07-11 15:49:30,559 - __main__ - INFO - 💾 Successfully downloaded and updated آبادح.
2025-07-11 15:49:30,577 - __main__ - INFO - ⏰ File for قزوینح is old (48.2 hours). Attempting to update...
2025-07-11 15:49:31,592 - __main__ - INFO - 💾 Successfully downloaded and updated قزوینح.
2025-07-11 15:49:31,593 - __main__ - INFO - ⏰ File for کورز is old (91.1 hours). Attempting to update...
2025-07-11 15:49:32,788 - __main__ - INFO - 💾 Successfully downloaded and updated کورز.
2025-07-11 15:49:32,789 - __main__ - INFO - ⏰ File for نیان is old (74.4 hours). Attempting to update...
2025-07-11 15:49:33,682 - __main__ - INFO - 💾 Successfully downloaded and updated نیان.
2025-07-11 15:49:33,683 - __main__ - INFO - ⏰ File for دشیمی is old (91.1 hours). Attempting to update...
2025-07-11 15:49:35,109 - __main__ - INFO - 💾 Successfully downloaded and updated دشیمی.
2025-07-11 15:49:35,110 - __main__ - INFO - ⏰ File for تمحرکهح is old (92.6 hours). Attempting to update...
2025-07-11 15:49:35,793 - __main__ - ERROR - ❌ Failed to download تمحرکهح: single positional indexer is out-of-bounds. Will retry on next run.
2025-07-11 15:49:35,794 - __main__ - INFO - ⏰ File for شکلرح is old (48.2 hours). Attempting to update...
2025-07-11 15:49:36,851 - __main__ - INFO - 💾 Successfully downloaded and updated شکلرح.
2025-07-11 15:49:36,853 - __main__ - INFO - ⏰ File for تمشک is old (91.1 hours). Attempting to update...
2025-07-11 15:49:37,824 - __main__ - INFO - 💾 Successfully downloaded and updated تمشک.
2025-07-11 15:49:37,835 - __main__ - INFO - ⏰ File for غشهدح is old (48.2 hours). Attempting to update...
2025-07-11 15:49:38,865 - __main__ - INFO - 💾 Successfully downloaded and updated غشهدح.
2025-07-11 15:49:38,866 - __main__ - INFO - ⏰ File for شنفت is old (91.1 hours). Attempting to update...
2025-07-11 15:49:40,572 - __main__ - INFO - 💾 Successfully downloaded and updated شنفت.
2025-07-11 15:49:40,573 - __main__ - INFO - ⏰ File for یاقوت is old (91.1 hours). Attempting to update...
2025-07-11 15:49:41,641 - __main__ - INFO - 💾 Successfully downloaded and updated یاقوت.
2025-07-11 15:49:41,654 - __main__ - INFO - ⏰ File for فردا is old (91.1 hours). Attempting to update...
2025-07-11 15:49:42,684 - __main__ - INFO - 💾 Successfully downloaded and updated فردا.
2025-07-11 15:49:42,687 - __main__ - INFO - ⏰ File for حسینا is old (91.1 hours). Attempting to update...
2025-07-11 15:49:43,938 - __main__ - INFO - 💾 Successfully downloaded and updated حسینا.
2025-07-11 15:49:43,939 - __main__ - INFO - ⏰ File for پدناح is old (48.2 hours). Attempting to update...
2025-07-11 15:49:44,946 - __main__ - INFO - 💾 Successfully downloaded and updated پدناح.
2025-07-11 15:49:44,947 - __main__ - INFO - ⏰ File for خاورح is old (74.4 hours). Attempting to update...
2025-07-11 15:49:46,451 - __main__ - INFO - 💾 Successfully downloaded and updated خاورح.
2025-07-11 15:49:46,452 - __main__ - INFO - ⏰ File for وسبحان is old (91.1 hours). Attempting to update...
2025-07-11 15:49:47,624 - __main__ - INFO - 💾 Successfully downloaded and updated وسبحان.
2025-07-11 15:49:47,625 - __main__ - INFO - ⏰ File for لبوتان is old (91.1 hours). Attempting to update...
2025-07-11 15:49:49,047 - __main__ - INFO - 💾 Successfully downloaded and updated لبوتان.
2025-07-11 15:49:49,060 - __main__ - INFO - ⏰ File for قپیراح is old (92.6 hours). Attempting to update...
2025-07-11 15:49:49,746 - __main__ - ERROR - ❌ Failed to download قپیراح: single positional indexer is out-of-bounds. Will retry on next run.
2025-07-11 15:49:49,759 - __main__ - INFO - ⏰ File for بترانس is old (91.1 hours). Attempting to update...
2025-07-11 15:49:51,078 - __main__ - INFO - 💾 Successfully downloaded and updated بترانس.
2025-07-11 15:49:51,079 - __main__ - INFO - ⏰ File for ولرازح is old (74.4 hours). Attempting to update...
2025-07-11 15:49:52,136 - __main__ - INFO - 💾 Successfully downloaded and updated ولرازح.
2025-07-11 15:49:52,143 - __main__ - INFO - ⏰ File for ثفارسح is old (48.2 hours). Attempting to update...
2025-07-11 15:49:54,528 - __main__ - INFO - 💾 Successfully downloaded and updated ثفارسح.
2025-07-11 15:49:54,529 - __main__ - INFO - ⏰ File for شبریز is old (91.1 hours). Attempting to update...
2025-07-11 15:49:55,969 - __main__ - INFO - 💾 Successfully downloaded and updated شبریز.
2025-07-11 15:49:55,970 - __main__ - INFO - ⏰ File for لابساح is old (92.6 hours). Attempting to update...
2025-07-11 15:49:56,742 - __main__ - ERROR - ❌ Failed to download لابساح: single positional indexer is out-of-bounds. Will retry on next run.
2025-07-11 15:49:56,753 - __main__ - INFO - ⏰ File for واحیا is old (91.1 hours). Attempting to update...
2025-07-11 15:49:58,076 - __main__ - INFO - 💾 Successfully downloaded and updated واحیا.
2025-07-11 15:49:58,078 - __main__ - INFO - ⏰ File for فجوشح is old (48.2 hours). Attempting to update...
2025-07-11 15:49:59,237 - __main__ - INFO - 💾 Successfully downloaded and updated فجوشح.
2025-07-11 15:49:59,238 - __main__ - INFO - ⏰ File for فاهواز is old (91.1 hours). Attempting to update...
2025-07-11 15:50:00,278 - __main__ - INFO - 💾 Successfully downloaded and updated فاهواز.
2025-07-11 15:50:00,278 - __main__ - INFO - ⏰ File for طلا is old (91.1 hours). Attempting to update...
2025-07-11 15:50:01,393 - __main__ - INFO - 💾 Successfully downloaded and updated طلا.
2025-07-11 15:50:01,402 - __main__ - INFO - ⏰ File for افق is old (91.1 hours). Attempting to update...
2025-07-11 15:50:03,027 - __main__ - INFO - 💾 Successfully downloaded and updated افق.
2025-07-11 15:50:03,028 - __main__ - INFO - ⏰ File for پلاست is old (91.1 hours). Attempting to update...
2025-07-11 15:50:04,182 - __main__ - INFO - 💾 Successfully downloaded and updated پلاست.
2025-07-11 15:50:04,182 - __main__ - INFO - ⏰ File for وخارزم is old (91.1 hours). Attempting to update...
2025-07-11 15:50:05,537 - __main__ - INFO - 💾 Successfully downloaded and updated وخارزم.
2025-07-11 15:50:05,549 - __main__ - INFO - ⏰ File for سفارودح is old (48.2 hours). Attempting to update...
2025-07-11 15:50:06,928 - __main__ - INFO - 💾 Successfully downloaded and updated سفارودح.
2025-07-11 15:50:06,940 - __main__ - INFO - ⏰ File for کمنگنز is old (91.1 hours). Attempting to update...
2025-07-11 15:50:08,849 - __main__ - INFO - 💾 Successfully downloaded and updated کمنگنز.
2025-07-11 15:50:08,872 - __main__ - INFO - ⏰ File for نطرین is old (91.1 hours). Attempting to update...
2025-07-11 15:50:10,075 - __main__ - INFO - 💾 Successfully downloaded and updated نطرین.
2025-07-11 15:50:10,076 - __main__ - INFO - ⏰ File for سفانو is old (91.1 hours). Attempting to update...
2025-07-11 15:50:12,724 - __main__ - INFO - 💾 Successfully downloaded and updated سفانو.
2025-07-11 15:50:12,725 - __main__ - INFO - ⏰ File for کترامح is old (48.2 hours). Attempting to update...
2025-07-11 15:50:14,168 - __main__ - INFO - 💾 Successfully downloaded and updated کترامح.
2025-07-11 15:50:14,194 - __main__ - INFO - ⏰ File for درهآور is old (91.1 hours). Attempting to update...
2025-07-11 15:50:15,294 - __main__ - INFO - 💾 Successfully downloaded and updated درهآور.
2025-07-11 15:50:15,297 - __main__ - INFO - ⏰ File for وطوبی is old (91.1 hours). Attempting to update...
2025-07-11 15:50:16,308 - __main__ - INFO - 💾 Successfully downloaded and updated وطوبی.
2025-07-11 15:50:16,316 - __main__ - INFO - ⏰ File for خچرخشح is old (48.2 hours). Attempting to update...
2025-07-11 15:50:18,293 - __main__ - INFO - 💾 Successfully downloaded and updated خچرخشح.
2025-07-11 15:50:18,295 - __main__ - INFO - ⏰ File for غنوشح is old (92.6 hours). Attempting to update...
2025-07-11 15:50:18,978 - __main__ - ERROR - ❌ Failed to download غنوشح: single positional indexer is out-of-bounds. Will retry on next run.
2025-07-11 15:50:18,980 - __main__ - INFO - ⏰ File for پایا is old (91.1 hours). Attempting to update...
2025-07-11 15:50:19,984 - __main__ - INFO - 💾 Successfully downloaded and updated پایا.
2025-07-11 15:50:19,996 - __main__ - INFO - ⏰ File for تراکح is old (48.2 hours). Attempting to update...
2025-07-11 15:50:21,395 - __main__ - INFO - 💾 Successfully downloaded and updated تراکح.
2025-07-11 15:50:21,396 - __main__ - INFO - ⏰ File for ثنوسا is old (91.1 hours). Attempting to update...
2025-07-11 15:50:22,631 - __main__ - INFO - 💾 Successfully downloaded and updated ثنوسا.
2025-07-11 15:50:22,633 - __main__ - INFO - ⏰ File for پارسیان is old (91.1 hours). Attempting to update...
2025-07-11 15:50:23,718 - __main__ - INFO - 💾 Successfully downloaded and updated پارسیان.
2025-07-11 15:50:23,719 - __main__ - INFO - ⏰ File for کهمدا is old (91.1 hours). Attempting to update...
2025-07-11 15:50:25,581 - __main__ - INFO - 💾 Successfully downloaded and updated کهمدا.
2025-07-11 15:50:25,583 - __main__ - INFO - ⏰ File for کمینا is old (91.1 hours). Attempting to update...
2025-07-11 15:50:26,686 - __main__ - INFO - 💾 Successfully downloaded and updated کمینا.
2025-07-11 15:50:26,687 - __main__ - INFO - ⏰ File for ثامان is old (91.1 hours). Attempting to update...
2025-07-11 15:50:28,470 - __main__ - INFO - 💾 Successfully downloaded and updated ثامان.
2025-07-11 15:50:28,481 - __main__ - INFO - ⏰ File for شپدیس is old (91.1 hours). Attempting to update...
2025-07-11 15:50:30,569 - __main__ - INFO - 💾 Successfully downloaded and updated شپدیس.
2025-07-11 15:50:30,571 - __main__ - INFO - ⏰ File for فرآور is old (74.4 hours). Attempting to update...
2025-07-11 15:50:32,918 - __main__ - INFO - 💾 Successfully downloaded and updated فرآور.
2025-07-11 15:50:32,919 - __main__ - INFO - ⏰ File for غدانه is old (91.1 hours). Attempting to update...
2025-07-11 15:50:33,833 - __main__ - INFO - 💾 Successfully downloaded and updated غدانه.
2025-07-11 15:50:33,845 - __main__ - INFO - ⏰ File for آوا is old (91.1 hours). Attempting to update...
2025-07-11 15:50:34,850 - __main__ - INFO - 💾 Successfully downloaded and updated آوا.
2025-07-11 15:50:34,862 - __main__ - INFO - ⏰ File for کایگچ is old (48.3 hours). Attempting to update...
2025-07-11 15:50:40,493 - __main__ - INFO - 💾 Successfully downloaded and updated کایگچ.
2025-07-11 15:50:40,493 - __main__ - INFO - ⏰ File for امین شهر is old (91.1 hours). Attempting to update...
2025-07-11 15:50:41,514 - __main__ - INFO - 💾 Successfully downloaded and updated امین شهر.
2025-07-11 15:50:41,515 - __main__ - INFO - ⏰ File for وفتخار is old (91.1 hours). Attempting to update...
2025-07-11 15:50:42,485 - __main__ - INFO - 💾 Successfully downloaded and updated وفتخار.
2025-07-11 15:50:42,486 - __main__ - INFO - ⏰ File for خلیبل is old (91.1 hours). Attempting to update...
2025-07-11 15:50:43,737 - __main__ - INFO - 💾 Successfully downloaded and updated خلیبل.
2025-07-11 15:50:43,751 - __main__ - INFO - ⏰ File for پتروداریوش is old (91.1 hours). Attempting to update...
2025-07-11 15:50:44,613 - __main__ - INFO - 💾 Successfully downloaded and updated پتروداریوش.
2025-07-11 15:50:44,625 - __main__ - INFO - ⏰ File for ختوقا is old (91.1 hours). Attempting to update...
2025-07-11 15:50:46,142 - __main__ - INFO - 💾 Successfully downloaded and updated ختوقا.
2025-07-11 15:50:46,142 - __main__ - INFO - ⏰ File for ملتح is old (48.3 hours). Attempting to update...
2025-07-11 15:50:47,134 - __main__ - INFO - 💾 Successfully downloaded and updated ملتح.
2025-07-11 15:50:47,134 - __main__ - INFO - ⏰ File for پویا is old (48.3 hours). Attempting to update...
2025-07-11 15:50:48,160 - __main__ - INFO - 💾 Successfully downloaded and updated پویا.
2025-07-11 15:50:48,161 - __main__ - INFO - ⏰ File for جم is old (91.1 hours). Attempting to update...
2025-07-11 15:50:49,358 - __main__ - INFO - 💾 Successfully downloaded and updated جم.
2025-07-11 15:50:49,369 - __main__ - INFO - ⏰ File for ولیز is old (91.1 hours). Attempting to update...
2025-07-11 15:50:51,388 - __main__ - INFO - 💾 Successfully downloaded and updated ولیز.
2025-07-11 15:50:51,389 - __main__ - INFO - ⏰ File for ولکارح is old (74.4 hours). Attempting to update...
2025-07-11 15:50:52,342 - __main__ - INFO - 💾 Successfully downloaded and updated ولکارح.
2025-07-11 15:50:52,343 - __main__ - INFO - ⏰ File for بشهاب is old (91.1 hours). Attempting to update...
2025-07-11 15:50:53,807 - __main__ - INFO - 💾 Successfully downloaded and updated بشهاب.
2025-07-11 15:50:53,820 - __main__ - INFO - ⏰ File for شکف is old (74.4 hours). Attempting to update...
2025-07-11 15:50:55,659 - __main__ - INFO - 💾 Successfully downloaded and updated شکف.
2025-07-11 15:50:55,671 - __main__ - INFO - ⏰ File for کابگن is old (91.1 hours). Attempting to update...
2025-07-11 15:50:56,839 - __main__ - INFO - 💾 Successfully downloaded and updated کابگن.
2025-07-11 15:50:56,840 - __main__ - INFO - ⏰ File for وهامون is old (91.1 hours). Attempting to update...
2025-07-11 15:50:57,829 - __main__ - INFO - 💾 Successfully downloaded and updated وهامون.
2025-07-11 15:50:57,830 - __main__ - INFO - ⏰ File for ورنا is old (91.1 hours). Attempting to update...
2025-07-11 15:50:59,430 - __main__ - INFO - 💾 Successfully downloaded and updated ورنا.
2025-07-11 15:50:59,435 - __main__ - INFO - ⏰ File for فپنتا is old (91.1 hours). Attempting to update...
2025-07-11 15:51:00,857 - __main__ - INFO - 💾 Successfully downloaded and updated فپنتا.
2025-07-11 15:51:00,858 - __main__ - INFO - ⏰ File for کگاز is old (91.1 hours). Attempting to update...
2025-07-11 15:51:02,159 - __main__ - INFO - 💾 Successfully downloaded and updated کگاز.
2025-07-11 15:51:02,161 - __main__ - INFO - ⏰ File for وغدیرح is old (48.3 hours). Attempting to update...
2025-07-11 15:51:03,355 - __main__ - INFO - 💾 Successfully downloaded and updated وغدیرح.
2025-07-11 15:51:03,363 - __main__ - INFO - ⏰ File for فوکا is old (91.1 hours). Attempting to update...
2025-07-11 15:51:04,545 - __main__ - INFO - 💾 Successfully downloaded and updated فوکا.
2025-07-11 15:51:04,546 - __main__ - INFO - ⏰ File for لازما is old (91.1 hours). Attempting to update...
2025-07-11 15:51:05,678 - __main__ - INFO - 💾 Successfully downloaded and updated لازما.
2025-07-11 15:51:05,678 - __main__ - INFO - ⏰ File for قزوین is old (91.1 hours). Attempting to update...
2025-07-11 15:51:07,192 - __main__ - INFO - 💾 Successfully downloaded and updated قزوین.
2025-07-11 15:51:07,193 - __main__ - INFO - ⏰ File for نشار is old (92.6 hours). Attempting to update...
2025-07-11 15:51:07,878 - __main__ - ERROR - ❌ Failed to download نشار: single positional indexer is out-of-bounds. Will retry on next run.
2025-07-11 15:51:07,878 - __main__ - INFO - ⏰ File for گنجینه is old (91.1 hours). Attempting to update...
2025-07-11 15:51:08,995 - __main__ - INFO - 💾 Successfully downloaded and updated گنجینه.
2025-07-11 15:51:08,996 - __main__ - INFO - ⏰ File for دکیمی is old (91.1 hours). Attempting to update...
2025-07-11 15:51:10,509 - __main__ - INFO - 💾 Successfully downloaded and updated دکیمی.
2025-07-11 15:51:10,509 - __main__ - INFO - ⏰ File for وسمنان is old (92.6 hours). Attempting to update...
2025-07-11 15:51:11,207 - __main__ - ERROR - ❌ Failed to download وسمنان: single positional indexer is out-of-bounds. Will retry on next run.
2025-07-11 15:51:11,208 - __main__ - INFO - ⏰ File for پارسیانح is old (74.4 hours). Attempting to update...
2025-07-11 15:51:12,276 - __main__ - INFO - 💾 Successfully downloaded and updated پارسیانح.
2025-07-11 15:51:12,278 - __main__ - INFO - ⏰ File for وسمازن is old (74.4 hours). Attempting to update...
2025-07-11 15:51:13,369 - __main__ - INFO - 💾 Successfully downloaded and updated وسمازن.
2025-07-11 15:51:13,381 - __main__ - INFO - ⏰ File for سپرمی is old (74.4 hours). Attempting to update...
2025-07-11 15:51:14,609 - __main__ - INFO - 💾 Successfully downloaded and updated سپرمی.
2025-07-11 15:51:14,621 - __main__ - INFO - ⏰ File for فروی is old (91.1 hours). Attempting to update...
2025-07-11 15:51:15,677 - __main__ - INFO - 💾 Successfully downloaded and updated فروی.
2025-07-11 15:51:15,678 - __main__ - INFO - ⏰ File for سخاش is old (91.1 hours). Attempting to update...
2025-07-11 15:51:17,278 - __main__ - INFO - 💾 Successfully downloaded and updated سخاش.
2025-07-11 15:51:17,279 - __main__ - INFO - ⏰ File for شسم is old (74.4 hours). Attempting to update...
2025-07-11 15:51:19,613 - __main__ - INFO - 💾 Successfully downloaded and updated شسم.
2025-07-11 15:51:19,614 - __main__ - INFO - ⏰ File for بازده is old (91.1 hours). Attempting to update...
2025-07-11 15:51:20,644 - __main__ - INFO - 💾 Successfully downloaded and updated بازده.
2025-07-11 15:51:20,645 - __main__ - INFO - ⏰ File for شبهرنح is old (48.3 hours). Attempting to update...
2025-07-11 15:51:21,736 - __main__ - INFO - 💾 Successfully downloaded and updated شبهرنح.
2025-07-11 15:51:21,737 - __main__ - INFO - ⏰ File for چدن is old (91.1 hours). Attempting to update...
2025-07-11 15:51:23,029 - __main__ - INFO - 💾 Successfully downloaded and updated چدن.
2025-07-11 15:51:23,030 - __main__ - INFO - ⏰ File for شاملا is old (90.6 hours). Attempting to update...
2025-07-11 15:51:24,413 - __main__ - INFO - 💾 Successfully downloaded and updated شاملا.
2025-07-11 15:51:24,425 - __main__ - INFO - ⏰ File for پدنا is old (48.3 hours). Attempting to update...
2025-07-11 15:51:28,848 - __main__ - INFO - 💾 Successfully downloaded and updated پدنا.
2025-07-11 15:51:28,859 - __main__ - INFO - ⏰ File for فرومح is old (92.6 hours). Attempting to update...
2025-07-11 15:51:29,509 - __main__ - ERROR - ❌ Failed to download فرومح: single positional indexer is out-of-bounds. Will retry on next run.
2025-07-11 15:51:29,520 - __main__ - INFO - ⏰ File for وصنعتح is old (48.3 hours). Attempting to update...
2025-07-11 15:51:30,676 - __main__ - INFO - 💾 Successfully downloaded and updated وصنعتح.
2025-07-11 15:51:30,689 - __main__ - INFO - ⏰ File for وخارزمح is old (74.4 hours). Attempting to update...
2025-07-11 15:51:31,868 - __main__ - INFO - 💾 Successfully downloaded and updated وخارزمح.
2025-07-11 15:51:31,873 - __main__ - INFO - ⏰ File for امیدح is old (74.4 hours). Attempting to update...
2025-07-11 15:51:32,992 - __main__ - INFO - 💾 Successfully downloaded and updated امیدح.
2025-07-11 15:51:32,993 - __main__ - INFO - ⏰ File for حگهر is old (91.1 hours). Attempting to update...
2025-07-11 15:51:34,005 - __main__ - INFO - 💾 Successfully downloaded and updated حگهر.
2025-07-11 15:51:34,015 - __main__ - INFO - ⏰ File for آکنتور is old (48.3 hours). Attempting to update...
2025-07-11 15:51:49,839 - __main__ - INFO - 💾 Successfully downloaded and updated آکنتور.
2025-07-11 15:51:49,849 - __main__ - INFO - ⏰ File for شهر is old (91.1 hours). Attempting to update...
2025-07-11 15:51:51,713 - __main__ - INFO - 💾 Successfully downloaded and updated شهر.
2025-07-11 15:51:51,714 - __main__ - INFO - ⏰ File for فارما کیان is old (91.1 hours). Attempting to update...
2025-07-11 15:51:52,558 - __main__ - INFO - 💾 Successfully downloaded and updated فارما کیان.
2025-07-11 15:51:52,559 - __main__ - INFO - ⏰ File for کورزح is old (92.6 hours). Attempting to update...
2025-07-11 15:51:53,224 - __main__ - ERROR - ❌ Failed to download کورزح: single positional indexer is out-of-bounds. Will retry on next run.
2025-07-11 15:51:53,225 - __main__ - INFO - ⏰ File for خپارسح is old (48.3 hours). Attempting to update...
2025-07-11 15:51:54,997 - __main__ - INFO - 💾 Successfully downloaded and updated خپارسح.
2025-07-11 15:51:55,003 - __main__ - INFO - ⏰ File for فلوله is old (91.1 hours). Attempting to update...
2025-07-11 15:52:00,426 - __main__ - INFO - 💾 Successfully downloaded and updated فلوله.
2025-07-11 15:52:00,428 - __main__ - INFO - ⏰ File for وغدیر is old (91.1 hours). Attempting to update...
2025-07-11 15:52:02,107 - __main__ - INFO - 💾 Successfully downloaded and updated وغدیر.
2025-07-11 15:52:02,119 - __main__ - INFO - ⏰ File for انرژی is old (91.1 hours). Attempting to update...
2025-07-11 15:52:03,149 - __main__ - INFO - 💾 Successfully downloaded and updated انرژی.
2025-07-11 15:52:03,149 - __main__ - INFO - ⏰ File for گکیش is old (91.1 hours). Attempting to update...
2025-07-11 15:52:05,000 - __main__ - INFO - 💾 Successfully downloaded and updated گکیش.
2025-07-11 15:52:05,016 - __main__ - INFO - ⏰ File for سیناد is old (91.1 hours). Attempting to update...
2025-07-11 15:52:06,489 - __main__ - INFO - 💾 Successfully downloaded and updated سیناد.
2025-07-11 15:52:06,572 - __main__ - INFO - ⏰ File for غبهنوشح is old (48.3 hours). Attempting to update...
2025-07-11 15:52:07,703 - __main__ - INFO - 💾 Successfully downloaded and updated غبهنوشح.
2025-07-11 15:52:07,705 - __main__ - INFO - ⏰ File for کسرا is old (91.1 hours). Attempting to update...
2025-07-11 15:52:10,282 - __main__ - INFO - 💾 Successfully downloaded and updated کسرا.
2025-07-11 15:52:10,285 - __main__ - INFO - ⏰ File for وساغربی is old (74.4 hours). Attempting to update...
2025-07-11 15:52:11,358 - __main__ - INFO - 💾 Successfully downloaded and updated وساغربی.
2025-07-11 15:52:11,363 - __main__ - INFO - ⏰ File for پرسپولیس is old (91.1 hours). Attempting to update...
2025-07-11 15:52:12,344 - __main__ - INFO - 💾 Successfully downloaded and updated پرسپولیس.
2025-07-11 15:52:12,345 - __main__ - INFO - ⏰ File for غشصفا is old (91.1 hours). Attempting to update...
2025-07-11 15:52:13,799 - __main__ - INFO - 💾 Successfully downloaded and updated غشصفا.
2025-07-11 15:52:13,800 - __main__ - INFO - ⏰ File for لجام is old (48.3 hours). Attempting to update...
2025-07-11 15:52:14,889 - __main__ - INFO - 💾 Successfully downloaded and updated لجام.
2025-07-11 15:52:14,890 - __main__ - INFO - ⏰ File for استقلال is old (74.4 hours). Attempting to update...
2025-07-11 15:52:16,107 - __main__ - INFO - 💾 Successfully downloaded and updated استقلال.
2025-07-11 15:52:16,108 - __main__ - INFO - ⏰ File for غشهد is old (91.1 hours). Attempting to update...
2025-07-11 15:52:17,798 - __main__ - INFO - 💾 Successfully downloaded and updated غشهد.
2025-07-11 15:52:17,799 - __main__ - INFO - ⏰ File for البرزح is old (74.4 hours). Attempting to update...
2025-07-11 15:52:18,819 - __main__ - INFO - 💾 Successfully downloaded and updated البرزح.
2025-07-11 15:52:18,821 - __main__ - INFO - ⏰ File for لپارسح is old (74.4 hours). Attempting to update...
2025-07-11 15:52:19,948 - __main__ - INFO - 💾 Successfully downloaded and updated لپارسح.
2025-07-11 15:52:19,955 - __main__ - INFO - ⏰ File for آوند is old (91.1 hours). Attempting to update...
2025-07-11 15:52:20,915 - __main__ - INFO - 💾 Successfully downloaded and updated آوند.
2025-07-11 15:52:20,917 - __main__ - INFO - ⏰ File for غپونه is old (91.1 hours). Attempting to update...
2025-07-11 15:52:22,051 - __main__ - INFO - 💾 Successfully downloaded and updated غپونه.
2025-07-11 15:52:22,053 - __main__ - INFO - ⏰ File for درسا is old (91.1 hours). Attempting to update...
2025-07-11 15:52:23,098 - __main__ - INFO - 💾 Successfully downloaded and updated درسا.
2025-07-11 15:52:23,098 - __main__ - INFO - ⏰ File for خاهنح is old (74.4 hours). Attempting to update...
2025-07-11 15:52:24,347 - __main__ - INFO - 💾 Successfully downloaded and updated خاهنح.
2025-07-11 15:52:24,348 - __main__ - INFO - ⏰ File for شدوص is old (91.1 hours). Attempting to update...
2025-07-11 15:52:25,892 - __main__ - INFO - 💾 Successfully downloaded and updated شدوص.
2025-07-11 15:52:25,895 - __main__ - INFO - ⏰ File for شپاکسا is old (91.1 hours). Attempting to update...
2025-07-11 15:52:27,675 - __main__ - INFO - 💾 Successfully downloaded and updated شپاکسا.
2025-07-11 15:52:27,676 - __main__ - INFO - ⏰ File for کبافقح is old (48.3 hours). Attempting to update...
2025-07-11 15:52:28,695 - __main__ - INFO - 💾 Successfully downloaded and updated کبافقح.
2025-07-11 15:52:28,696 - __main__ - INFO - ⏰ File for کاوه is old (91.1 hours). Attempting to update...
2025-07-11 15:52:29,966 - __main__ - INFO - 💾 Successfully downloaded and updated کاوه.
2025-07-11 15:52:29,967 - __main__ - INFO - ⏰ File for بتک is old (91.1 hours). Attempting to update...
2025-07-11 15:52:31,310 - __main__ - INFO - 💾 Successfully downloaded and updated بتک.
2025-07-11 15:52:31,311 - __main__ - INFO - ⏰ File for فجرح is old (48.3 hours). Attempting to update...
2025-07-11 15:52:32,376 - __main__ - INFO - 💾 Successfully downloaded and updated فجرح.
2025-07-11 15:52:32,377 - __main__ - INFO - ⏰ File for شستا is old (91.1 hours). Attempting to update...
2025-07-11 15:52:33,438 - __main__ - INFO - 💾 Successfully downloaded and updated شستا.
2025-07-11 15:52:33,439 - __main__ - INFO - ⏰ File for خودرو is old (74.4 hours). Attempting to update...
2025-07-11 15:52:36,712 - __main__ - INFO - 💾 Successfully downloaded and updated خودرو.
2025-07-11 15:52:36,713 - __main__ - INFO - ⏰ File for سمان is old (91.1 hours). Attempting to update...
2025-07-11 15:52:37,681 - __main__ - INFO - 💾 Successfully downloaded and updated سمان.
2025-07-11 15:52:37,682 - __main__ - INFO - ⏰ File for فسوژ is old (74.4 hours). Attempting to update...
2025-07-11 15:52:38,605 - __main__ - INFO - 💾 Successfully downloaded and updated فسوژ.
2025-07-11 15:52:38,606 - __main__ - INFO - ⏰ File for فپنتاح is old (92.6 hours). Attempting to update...
2025-07-11 15:52:39,252 - __main__ - ERROR - ❌ Failed to download فپنتاح: single positional indexer is out-of-bounds. Will retry on next run.
2025-07-11 15:52:39,253 - __main__ - INFO - ⏰ File for برکتح is old (74.4 hours). Attempting to update...
2025-07-11 15:52:41,315 - __main__ - INFO - 💾 Successfully downloaded and updated برکتح.
2025-07-11 15:52:41,316 - __main__ - INFO - ⏰ File for فباهنر is old (91.1 hours). Attempting to update...
2025-07-11 15:52:42,905 - __main__ - INFO - 💾 Successfully downloaded and updated فباهنر.
2025-07-11 15:52:42,905 - __main__ - INFO - ⏰ File for حریل is old (91.1 hours). Attempting to update...
2025-07-11 15:52:44,175 - __main__ - INFO - 💾 Successfully downloaded and updated حریل.
2025-07-11 15:52:44,177 - __main__ - INFO - ⏰ File for کچینیح is old (92.6 hours). Attempting to update...
2025-07-11 15:52:44,873 - __main__ - ERROR - ❌ Failed to download کچینیح: single positional indexer is out-of-bounds. Will retry on next run.
2025-07-11 15:52:44,875 - __main__ - INFO - ⏰ File for شتهرانح is old (92.6 hours). Attempting to update...
2025-07-11 15:52:45,568 - __main__ - ERROR - ❌ Failed to download شتهرانح: single positional indexer is out-of-bounds. Will retry on next run.
2025-07-11 15:52:45,576 - __main__ - INFO - ⏰ File for قپیرا is old (91.1 hours). Attempting to update...
2025-07-11 15:52:47,048 - __main__ - INFO - 💾 Successfully downloaded and updated قپیرا.
2025-07-11 15:52:47,049 - __main__ - INFO - ⏰ File for غپاک is old (91.1 hours). Attempting to update...
2025-07-11 15:52:48,617 - __main__ - INFO - 💾 Successfully downloaded and updated غپاک.
2025-07-11 15:52:48,627 - __main__ - INFO - ⏰ File for فیروزه is old (91.1 hours). Attempting to update...
2025-07-11 15:52:49,843 - __main__ - INFO - 💾 Successfully downloaded and updated فیروزه.
2025-07-11 15:52:49,855 - __main__ - INFO - ⏰ File for سکارون is old (91.1 hours). Attempting to update...
2025-07-11 15:52:52,490 - __main__ - INFO - 💾 Successfully downloaded and updated سکارون.
2025-07-11 15:52:52,491 - __main__ - INFO - ⏰ File for سصوفی is old (91.1 hours). Attempting to update...
2025-07-11 15:52:53,975 - __main__ - INFO - 💾 Successfully downloaded and updated سصوفی.
2025-07-11 15:52:53,988 - __main__ - INFO - ⏰ File for قاسم is old (91.1 hours). Attempting to update...
2025-07-11 15:52:56,216 - __main__ - INFO - 💾 Successfully downloaded and updated قاسم.
2025-07-11 15:52:56,216 - __main__ - INFO - ⏰ File for وارس is old (91.1 hours). Attempting to update...
2025-07-11 15:52:57,326 - __main__ - INFO - 💾 Successfully downloaded and updated وارس.
2025-07-11 15:52:57,328 - __main__ - INFO - ⏰ File for کتوکا is old (91.1 hours). Attempting to update...
2025-07-11 15:52:58,607 - __main__ - INFO - 💾 Successfully downloaded and updated کتوکا.
2025-07-11 15:52:58,608 - __main__ - INFO - ⏰ File for لکما is old (91.1 hours). Attempting to update...
2025-07-11 15:52:59,927 - __main__ - INFO - 💾 Successfully downloaded and updated لکما.
2025-07-11 15:52:59,928 - __main__ - INFO - ⏰ File for بمپنا is old (91.1 hours). Attempting to update...
2025-07-11 15:53:01,384 - __main__ - INFO - 💾 Successfully downloaded and updated بمپنا.
2025-07-11 15:53:01,385 - __main__ - INFO - ⏰ File for وساشرقی is old (74.4 hours). Attempting to update...
2025-07-11 15:53:02,429 - __main__ - INFO - 💾 Successfully downloaded and updated وساشرقی.
2025-07-11 15:53:02,430 - __main__ - INFO - ⏰ File for لجامح is old (48.3 hours). Attempting to update...
2025-07-11 15:53:03,468 - __main__ - INFO - 💾 Successfully downloaded and updated لجامح.
2025-07-11 15:53:03,469 - __main__ - INFO - ⏰ File for سکرما is old (91.1 hours). Attempting to update...
2025-07-11 15:53:04,976 - __main__ - INFO - 💾 Successfully downloaded and updated سکرما.
2025-07-11 15:53:04,977 - __main__ - INFO - ⏰ File for فیروزا is old (91.1 hours). Attempting to update...
2025-07-11 15:53:06,042 - __main__ - INFO - 💾 Successfully downloaded and updated فیروزا.
2025-07-11 15:53:06,043 - __main__ - INFO - ⏰ File for معیار is old (91.1 hours). Attempting to update...
2025-07-11 15:53:07,494 - __main__ - INFO - 💾 Successfully downloaded and updated معیار.
2025-07-11 15:53:07,495 - __main__ - INFO - ⏰ File for کارین is old (91.1 hours). Attempting to update...
2025-07-11 15:53:08,487 - __main__ - INFO - 💾 Successfully downloaded and updated کارین.
2025-07-11 15:53:08,488 - __main__ - INFO - ⏰ File for بنیروح is old (48.3 hours). Attempting to update...
2025-07-11 15:53:09,535 - __main__ - INFO - 💾 Successfully downloaded and updated بنیروح.
2025-07-11 15:53:09,536 - __main__ - INFO - ⏰ File for غسالم is old (91.1 hours). Attempting to update...
2025-07-11 15:53:11,059 - __main__ - INFO - 💾 Successfully downloaded and updated غسالم.
2025-07-11 15:53:11,060 - __main__ - INFO - ⏰ File for دسبحانح is old (74.5 hours). Attempting to update...
2025-07-11 15:53:12,144 - __main__ - INFO - 💾 Successfully downloaded and updated دسبحانح.
2025-07-11 15:53:12,145 - __main__ - INFO - ⏰ File for کقزوی is old (91.1 hours). Attempting to update...
2025-07-11 15:53:13,442 - __main__ - INFO - 💾 Successfully downloaded and updated کقزوی.
2025-07-11 15:53:13,443 - __main__ - INFO - ⏰ File for کابگنح is old (48.3 hours). Attempting to update...
2025-07-11 15:53:14,483 - __main__ - INFO - 💾 Successfully downloaded and updated کابگنح.
2025-07-11 15:53:14,483 - __main__ - INFO - ⏰ File for فجوش is old (91.1 hours). Attempting to update...
2025-07-11 15:53:15,617 - __main__ - INFO - 💾 Successfully downloaded and updated فجوش.
2025-07-11 15:53:15,618 - __main__ - INFO - ⏰ File for کلر is old (91.1 hours). Attempting to update...
2025-07-11 15:53:16,797 - __main__ - INFO - 💾 Successfully downloaded and updated کلر.
2025-07-11 15:53:16,798 - __main__ - INFO - ⏰ File for کاذر is old (91.1 hours). Attempting to update...
2025-07-11 15:53:18,502 - __main__ - INFO - 💾 Successfully downloaded and updated کاذر.
2025-07-11 15:53:18,503 - __main__ - INFO - ⏰ File for قصفهاح is old (92.6 hours). Attempting to update...
2025-07-11 15:53:19,229 - __main__ - ERROR - ❌ Failed to download قصفهاح: single positional indexer is out-of-bounds. Will retry on next run.
2025-07-11 15:53:19,230 - __main__ - INFO - ⏰ File for کرومیت is old (91.1 hours). Attempting to update...
2025-07-11 15:53:20,192 - __main__ - INFO - 💾 Successfully downloaded and updated کرومیت.
2025-07-11 15:53:20,203 - __main__ - INFO - ⏰ File for امینح is old (74.5 hours). Attempting to update...
2025-07-11 15:53:21,211 - __main__ - INFO - 💾 Successfully downloaded and updated امینح.
2025-07-11 15:53:21,212 - __main__ - INFO - ⏰ File for ثشاهد is old (91.1 hours). Attempting to update...
2025-07-11 15:53:22,954 - __main__ - INFO - 💾 Successfully downloaded and updated ثشاهد.
2025-07-11 15:53:22,955 - __main__ - INFO - ⏰ File for تشتاد is old (91.1 hours). Attempting to update...
2025-07-11 15:53:24,200 - __main__ - INFO - 💾 Successfully downloaded and updated تشتاد.
2025-07-11 15:53:24,200 - __main__ - INFO - ⏰ File for دکوثر is old (91.1 hours). Attempting to update...
2025-07-11 15:53:26,332 - __main__ - INFO - 💾 Successfully downloaded and updated دکوثر.
2025-07-11 15:53:26,333 - __main__ - INFO - ⏰ File for انرژی1 is old (74.5 hours). Attempting to update...
2025-07-11 15:53:28,887 - __main__ - INFO - 💾 Successfully downloaded and updated انرژی1.
2025-07-11 15:53:28,889 - __main__ - INFO - ⏰ File for ثبهساز is old (91.1 hours). Attempting to update...
2025-07-11 15:53:29,974 - __main__ - INFO - 💾 Successfully downloaded and updated ثبهساز.
2025-07-11 15:53:29,981 - __main__ - INFO - ⏰ File for خاهن is old (91.1 hours). Attempting to update...
2025-07-11 15:53:31,415 - __main__ - INFO - 💾 Successfully downloaded and updated خاهن.
2025-07-11 15:53:31,416 - __main__ - INFO - ⏰ File for های وب is old (74.5 hours). Attempting to update...
2025-07-11 15:53:33,381 - __main__ - INFO - 💾 Successfully downloaded and updated های وب.
2025-07-11 15:53:33,382 - __main__ - INFO - ⏰ File for جاودان is old (91.1 hours). Attempting to update...
2025-07-11 15:53:34,318 - __main__ - INFO - 💾 Successfully downloaded and updated جاودان.
2025-07-11 15:53:34,319 - __main__ - INFO - ⏰ File for فالومح is old (48.3 hours). Attempting to update...
2025-07-11 15:53:35,396 - __main__ - INFO - 💾 Successfully downloaded and updated فالومح.
2025-07-11 15:53:35,447 - __main__ - INFO - ⏰ File for شیران is old (74.5 hours). Attempting to update...
2025-07-11 15:53:37,990 - __main__ - INFO - 💾 Successfully downloaded and updated شیران.
2025-07-11 15:53:37,991 - __main__ - INFO - ⏰ File for شپلیح is old (48.3 hours). Attempting to update...
2025-07-11 15:53:39,163 - __main__ - INFO - 💾 Successfully downloaded and updated شپلیح.
2025-07-11 15:53:39,165 - __main__ - INFO - ⏰ File for خفناور is old (91.1 hours). Attempting to update...
2025-07-11 15:53:41,800 - __main__ - INFO - 💾 Successfully downloaded and updated خفناور.
2025-07-11 15:53:41,811 - __main__ - INFO - ⏰ File for لخانهح is old (74.5 hours). Attempting to update...
2025-07-11 15:53:42,932 - __main__ - INFO - 💾 Successfully downloaded and updated لخانهح.
2025-07-11 15:53:42,933 - __main__ - INFO - ⏰ File for آذرین is old (91.1 hours). Attempting to update...
2025-07-11 15:53:44,897 - __main__ - INFO - 💾 Successfully downloaded and updated آذرین.
2025-07-11 15:53:44,908 - __main__ - INFO - ⏰ File for بمان is old (91.1 hours). Attempting to update...
2025-07-11 15:53:46,029 - __main__ - INFO - 💾 Successfully downloaded and updated بمان.
2025-07-11 15:53:46,030 - __main__ - INFO - ⏰ File for وبملتح is old (48.3 hours). Attempting to update...
2025-07-11 15:53:47,013 - __main__ - INFO - 💾 Successfully downloaded and updated وبملتح.
2025-07-11 15:53:47,014 - __main__ - INFO - ⏰ File for زشگزا is old (91.1 hours). Attempting to update...
2025-07-11 15:53:48,586 - __main__ - INFO - 💾 Successfully downloaded and updated زشگزا.
2025-07-11 15:53:48,597 - __main__ - INFO - ⏰ File for کخاک is old (91.1 hours). Attempting to update...
2025-07-11 15:53:49,938 - __main__ - INFO - 💾 Successfully downloaded and updated کخاک.
2025-07-11 15:53:49,939 - __main__ - INFO - ⏰ File for شسمح is old (92.6 hours). Attempting to update...
2025-07-11 15:53:50,658 - __main__ - ERROR - ❌ Failed to download شسمح: single positional indexer is out-of-bounds. Will retry on next run.
2025-07-11 15:53:50,659 - __main__ - INFO - ⏰ File for ثاصفا is old (91.1 hours). Attempting to update...
2025-07-11 15:53:52,326 - __main__ - INFO - 💾 Successfully downloaded and updated ثاصفا.
2025-07-11 15:53:52,328 - __main__ - INFO - ⏰ File for امید is old (91.1 hours). Attempting to update...
2025-07-11 15:53:54,056 - __main__ - INFO - 💾 Successfully downloaded and updated امید.
2025-07-11 15:53:54,057 - __main__ - INFO - ⏰ File for اوصتا is old (91.1 hours). Attempting to update...
2025-07-11 15:53:55,790 - __main__ - INFO - 💾 Successfully downloaded and updated اوصتا.
2025-07-11 15:53:55,791 - __main__ - INFO - ⏰ File for رافزاح is old (74.5 hours). Attempting to update...
2025-07-11 15:53:56,833 - __main__ - INFO - 💾 Successfully downloaded and updated رافزاح.
2025-07-11 15:53:56,844 - __main__ - INFO - ⏰ File for مثقال is old (91.1 hours). Attempting to update...
2025-07-11 15:53:57,792 - __main__ - INFO - 💾 Successfully downloaded and updated مثقال.
2025-07-11 15:53:57,803 - __main__ - INFO - ⏰ File for وتوکاح is old (74.5 hours). Attempting to update...
2025-07-11 15:53:58,976 - __main__ - INFO - 💾 Successfully downloaded and updated وتوکاح.
2025-07-11 15:53:58,977 - __main__ - INFO - ⏰ File for شپناح is old (92.6 hours). Attempting to update...
2025-07-11 15:53:59,601 - __main__ - ERROR - ❌ Failed to download شپناح: single positional indexer is out-of-bounds. Will retry on next run.
2025-07-11 15:53:59,602 - __main__ - INFO - ⏰ File for حاریا is old (74.5 hours). Attempting to update...
2025-07-11 15:54:01,190 - __main__ - INFO - 💾 Successfully downloaded and updated حاریا.
2025-07-11 15:54:01,201 - __main__ - INFO - ⏰ File for فسپا is old (91.1 hours). Attempting to update...
2025-07-11 15:54:02,565 - __main__ - INFO - 💾 Successfully downloaded and updated فسپا.
2025-07-11 15:54:02,576 - __main__ - INFO - ⏰ File for قشیر is old (91.1 hours). Attempting to update...
2025-07-11 15:54:03,873 - __main__ - INFO - 💾 Successfully downloaded and updated قشیر.
2025-07-11 15:54:03,874 - __main__ - INFO - ⏰ File for فولادح is old (48.3 hours). Attempting to update...
2025-07-11 15:54:04,916 - __main__ - INFO - 💾 Successfully downloaded and updated فولادح.
2025-07-11 15:54:04,917 - __main__ - INFO - ⏰ File for کاج is old (91.1 hours). Attempting to update...
2025-07-11 15:54:05,875 - __main__ - INFO - 💾 Successfully downloaded and updated کاج.
2025-07-11 15:54:05,886 - __main__ - INFO - ⏰ File for کاریز is old (74.5 hours). Attempting to update...
2025-07-11 15:54:07,072 - __main__ - INFO - 💾 Successfully downloaded and updated کاریز.
2025-07-11 15:54:07,073 - __main__ - INFO - ⏰ File for دشیری is old (91.1 hours). Attempting to update...
2025-07-11 15:54:08,242 - __main__ - INFO - 💾 Successfully downloaded and updated دشیری.
2025-07-11 15:54:08,243 - __main__ - INFO - ⏰ File for کتوسعه is old (91.1 hours). Attempting to update...
2025-07-11 15:54:10,850 - __main__ - INFO - 💾 Successfully downloaded and updated کتوسعه.
2025-07-11 15:54:10,851 - __main__ - INFO - ⏰ File for وستهران is old (92.7 hours). Attempting to update...
2025-07-11 15:54:11,531 - __main__ - ERROR - ❌ Failed to download وستهران: single positional indexer is out-of-bounds. Will retry on next run.
2025-07-11 15:54:11,532 - __main__ - INFO - ⏰ File for ثفارس is old (91.1 hours). Attempting to update...
2025-07-11 15:54:13,206 - __main__ - INFO - 💾 Successfully downloaded and updated ثفارس.
2025-07-11 15:54:13,217 - __main__ - INFO - ⏰ File for وسینا is old (91.1 hours). Attempting to update...
2025-07-11 15:54:14,766 - __main__ - INFO - 💾 Successfully downloaded and updated وسینا.
2025-07-11 15:54:14,778 - __main__ - INFO - ⏰ File for طلوع is old (91.1 hours). Attempting to update...
2025-07-11 15:54:15,799 - __main__ - INFO - 💾 Successfully downloaded and updated طلوع.
2025-07-11 15:54:15,810 - __main__ - INFO - ⏰ File for بایکا is old (74.5 hours). Attempting to update...
2025-07-11 15:54:17,415 - __main__ - INFO - 💾 Successfully downloaded and updated بایکا.
2025-07-11 15:54:17,416 - __main__ - INFO - ⏰ File for قرنح is old (74.5 hours). Attempting to update...
2025-07-11 15:54:18,477 - __main__ - INFO - 💾 Successfully downloaded and updated قرنح.
2025-07-11 15:54:18,478 - __main__ - INFO - ⏰ File for کگهر is old (74.5 hours). Attempting to update...
2025-07-11 15:54:20,122 - __main__ - INFO - 💾 Successfully downloaded and updated کگهر.
2025-07-11 15:54:20,123 - __main__ - INFO - ⏰ File for سجام is old (91.1 hours). Attempting to update...
2025-07-11 15:54:21,269 - __main__ - INFO - 💾 Successfully downloaded and updated سجام.
2025-07-11 15:54:21,270 - __main__ - INFO - ⏰ File for فمرادح is old (92.7 hours). Attempting to update...
2025-07-11 15:54:21,977 - __main__ - ERROR - ❌ Failed to download فمرادح: single positional indexer is out-of-bounds. Will retry on next run.
2025-07-11 15:54:21,978 - __main__ - INFO - ⏰ File for وبانکح is old (48.3 hours). Attempting to update...
2025-07-11 15:54:22,998 - __main__ - INFO - 💾 Successfully downloaded and updated وبانکح.
2025-07-11 15:54:22,999 - __main__ - INFO - ⏰ File for لابسا is old (91.1 hours). Attempting to update...
2025-07-11 15:54:24,819 - __main__ - INFO - 💾 Successfully downloaded and updated لابسا.
2025-07-11 15:54:24,820 - __main__ - INFO - ⏰ File for وبازار is old (91.1 hours). Attempting to update...
2025-07-11 15:54:25,900 - __main__ - INFO - 💾 Successfully downloaded and updated وبازار.
2025-07-11 15:54:25,901 - __main__ - INFO - ⏰ File for سیستم is old (74.5 hours). Attempting to update...
2025-07-11 15:54:27,645 - __main__ - INFO - 💾 Successfully downloaded and updated سیستم.
2025-07-11 15:54:27,645 - __main__ - INFO - ⏰ File for شراز is old (91.1 hours). Attempting to update...
2025-07-11 15:54:28,955 - __main__ - INFO - 💾 Successfully downloaded and updated شراز.
2025-07-11 15:54:28,956 - __main__ - INFO - ⏰ File for سدور is old (91.1 hours). Attempting to update...
2025-07-11 15:54:30,524 - __main__ - INFO - 💾 Successfully downloaded and updated سدور.
2025-07-11 15:54:30,525 - __main__ - INFO - ⏰ File for وبصادر is old (91.1 hours). Attempting to update...
2025-07-11 15:54:32,020 - __main__ - INFO - 💾 Successfully downloaded and updated وبصادر.
2025-07-11 15:54:32,021 - __main__ - INFO - ⏰ File for کهرامح is old (92.7 hours). Attempting to update...
2025-07-11 15:54:32,695 - __main__ - ERROR - ❌ Failed to download کهرامح: single positional indexer is out-of-bounds. Will retry on next run.
2025-07-11 15:54:32,706 - __main__ - INFO - ⏰ File for فاراکح is old (74.5 hours). Attempting to update...
2025-07-11 15:54:33,699 - __main__ - INFO - 💾 Successfully downloaded and updated فاراکح.
2025-07-11 15:54:33,704 - __main__ - INFO - ⏰ File for بکامح is old (74.5 hours). Attempting to update...
2025-07-11 15:54:34,903 - __main__ - INFO - 💾 Successfully downloaded and updated بکامح.
2025-07-11 15:54:34,904 - __main__ - INFO - ⏰ File for قنیشاح is old (74.5 hours). Attempting to update...
2025-07-11 15:54:36,054 - __main__ - INFO - 💾 Successfully downloaded and updated قنیشاح.
2025-07-11 15:54:36,060 - __main__ - INFO - ⏰ File for وتجارتح is old (48.3 hours). Attempting to update...
2025-07-11 15:54:37,147 - __main__ - INFO - 💾 Successfully downloaded and updated وتجارتح.
2025-07-11 15:54:37,148 - __main__ - INFO - ⏰ File for ومعین is old (92.7 hours). Attempting to update...
2025-07-11 15:54:37,769 - __main__ - ERROR - ❌ Failed to download ومعین: single positional indexer is out-of-bounds. Will retry on next run.
2025-07-11 15:54:37,770 - __main__ - INFO - ⏰ File for خوسازح is old (48.3 hours). Attempting to update...
2025-07-11 15:54:40,105 - __main__ - INFO - 💾 Successfully downloaded and updated خوسازح.
2025-07-11 15:54:40,106 - __main__ - INFO - ⏰ File for وبوعلی is old (91.1 hours). Attempting to update...
2025-07-11 15:54:41,752 - __main__ - INFO - 💾 Successfully downloaded and updated وبوعلی.
2025-07-11 15:54:41,753 - __main__ - INFO - ⏰ File for وسیستا is old (74.5 hours). Attempting to update...
2025-07-11 15:54:42,776 - __main__ - INFO - 💾 Successfully downloaded and updated وسیستا.
2025-07-11 15:54:42,777 - __main__ - INFO - ⏰ File for خوساز is old (91.1 hours). Attempting to update...
2025-07-11 15:54:44,287 - __main__ - INFO - 💾 Successfully downloaded and updated خوساز.
2025-07-11 15:54:44,288 - __main__ - INFO - ⏰ File for فاذرح is old (48.3 hours). Attempting to update...
2025-07-11 15:54:45,402 - __main__ - INFO - 💾 Successfully downloaded and updated فاذرح.
2025-07-11 15:54:45,403 - __main__ - INFO - ⏰ File for خرینگ is old (91.1 hours). Attempting to update...
2025-07-11 15:54:47,050 - __main__ - INFO - 💾 Successfully downloaded and updated خرینگ.
2025-07-11 15:54:47,051 - __main__ - INFO - ⏰ File for غنابح is old (92.7 hours). Attempting to update...
2025-07-11 15:54:47,702 - __main__ - ERROR - ❌ Failed to download غنابح: single positional indexer is out-of-bounds. Will retry on next run.
2025-07-11 15:54:47,703 - __main__ - INFO - ⏰ File for خرینگح is old (48.3 hours). Attempting to update...
2025-07-11 15:54:48,940 - __main__ - INFO - 💾 Successfully downloaded and updated خرینگح.
2025-07-11 15:54:48,941 - __main__ - INFO - ⏰ File for بهین رو is old (91.1 hours). Attempting to update...
2025-07-11 15:54:50,103 - __main__ - INFO - 💾 Successfully downloaded and updated بهین رو.
2025-07-11 15:54:50,113 - __main__ - INFO - ⏰ File for تکشا is old (91.1 hours). Attempting to update...
2025-07-11 15:54:51,633 - __main__ - INFO - 💾 Successfully downloaded and updated تکشا.
2025-07-11 15:54:51,634 - __main__ - INFO - ⏰ File for میدکوح is old (74.5 hours). Attempting to update...
2025-07-11 15:54:53,764 - __main__ - INFO - 💾 Successfully downloaded and updated میدکوح.
2025-07-11 15:54:53,764 - __main__ - INFO - ⏰ File for زنگان is old (91.1 hours). Attempting to update...
2025-07-11 15:54:55,622 - __main__ - INFO - 💾 Successfully downloaded and updated زنگان.
2025-07-11 15:54:55,633 - __main__ - INFO - ⏰ File for دلقماح is old (48.3 hours). Attempting to update...
2025-07-11 15:54:59,491 - __main__ - INFO - 💾 Successfully downloaded and updated دلقماح.
2025-07-11 15:54:59,492 - __main__ - INFO - ⏰ File for ثعمرا is old (91.1 hours). Attempting to update...
2025-07-11 15:55:06,343 - __main__ - INFO - 💾 Successfully downloaded and updated ثعمرا.
2025-07-11 15:55:06,354 - __main__ - INFO - ⏰ File for استیل is old (91.1 hours). Attempting to update...
2025-07-11 15:55:09,444 - __main__ - INFO - 💾 Successfully downloaded and updated استیل.
2025-07-11 15:55:09,455 - __main__ - INFO - ⏰ File for فماک is old (91.1 hours). Attempting to update...
2025-07-11 15:55:12,213 - __main__ - INFO - 💾 Successfully downloaded and updated فماک.
2025-07-11 15:55:12,225 - __main__ - INFO - ⏰ File for بپردیس is old (91.1 hours). Attempting to update...
2025-07-11 15:55:15,110 - __main__ - INFO - 💾 Successfully downloaded and updated بپردیس.
2025-07-11 15:55:15,112 - __main__ - INFO - ⏰ File for بکاب is old (91.1 hours). Attempting to update...
2025-07-11 15:55:17,996 - __main__ - INFO - 💾 Successfully downloaded and updated بکاب.
2025-07-11 15:55:18,009 - __main__ - INFO - ⏰ File for خلنتح is old (27.4 hours). Attempting to update...
2025-07-11 15:55:19,264 - __main__ - INFO - 💾 Successfully downloaded and updated خلنتح.
2025-07-11 15:55:19,268 - __main__ - INFO - ⏰ File for دبالک is old (91.1 hours). Attempting to update...
2025-07-11 15:55:21,552 - __main__ - INFO - 💾 Successfully downloaded and updated دبالک.
2025-07-11 15:55:21,553 - __main__ - INFO - ⏰ File for وملی is old (91.1 hours). Attempting to update...
2025-07-11 15:55:26,048 - __main__ - INFO - 💾 Successfully downloaded and updated وملی.
2025-07-11 15:55:26,049 - __main__ - INFO - ⏰ File for فسازان is old (91.1 hours). Attempting to update...
2025-07-11 15:55:28,522 - __main__ - INFO - 💾 Successfully downloaded and updated فسازان.
2025-07-11 15:55:28,523 - __main__ - INFO - ⏰ File for دتولید is old (91.1 hours). Attempting to update...
2025-07-11 15:55:30,685 - __main__ - INFO - 💾 Successfully downloaded and updated دتولید.
2025-07-11 15:55:30,696 - __main__ - INFO - ⏰ File for عیار is old (91.1 hours). Attempting to update...
2025-07-11 15:55:32,465 - __main__ - INFO - 💾 Successfully downloaded and updated عیار.
2025-07-11 15:55:32,477 - __main__ - INFO - ⏰ File for شفارا is old (74.5 hours). Attempting to update...
2025-07-11 15:55:36,455 - __main__ - INFO - 💾 Successfully downloaded and updated شفارا.
2025-07-11 15:55:36,456 - __main__ - INFO - ⏰ File for پلاسک is old (91.1 hours). Attempting to update...
2025-07-11 15:55:39,113 - __main__ - INFO - 💾 Successfully downloaded and updated پلاسک.
2025-07-11 15:55:39,115 - __main__ - INFO - ⏰ File for گشان is old (74.5 hours). Attempting to update...
2025-07-11 15:55:40,669 - __main__ - INFO - 💾 Successfully downloaded and updated گشان.
2025-07-11 15:55:40,670 - __main__ - INFO - ⏰ File for کوثر is old (91.1 hours). Attempting to update...
2025-07-11 15:55:42,063 - __main__ - INFO - 💾 Successfully downloaded and updated کوثر.
2025-07-11 15:55:42,065 - __main__ - INFO - ⏰ File for غشانح is old (27.4 hours). Attempting to update...
2025-07-11 15:55:43,607 - __main__ - INFO - 💾 Successfully downloaded and updated غشانح.
2025-07-11 15:55:43,609 - __main__ - INFO - ⏰ File for ختور is old (91.1 hours). Attempting to update...
2025-07-11 15:55:54,389 - __main__ - INFO - 💾 Successfully downloaded and updated ختور.
2025-07-11 15:55:54,390 - __main__ - INFO - ⏰ File for چکارم is old (27.4 hours). Attempting to update...
2025-07-11 15:55:56,243 - __main__ - INFO - 💾 Successfully downloaded and updated چکارم.
2025-07-11 15:55:56,243 - __main__ - INFO - ⏰ File for شغدیر is old (91.1 hours). Attempting to update...
2025-07-11 15:55:58,645 - __main__ - INFO - 💾 Successfully downloaded and updated شغدیر.
2025-07-11 15:55:58,646 - __main__ - INFO - ⏰ File for پتایرح is old (27.4 hours). Attempting to update...
2025-07-11 15:56:01,269 - __main__ - INFO - 💾 Successfully downloaded and updated پتایرح.
2025-07-11 15:56:01,270 - __main__ - INFO - ⏰ File for سبزوا is old (91.1 hours). Attempting to update...
2025-07-11 15:56:03,653 - __main__ - INFO - 💾 Successfully downloaded and updated سبزوا.
2025-07-11 15:56:03,664 - __main__ - INFO - ⏰ File for زماهان is old (91.1 hours). Attempting to update...
2025-07-11 15:56:06,497 - __main__ - INFO - 💾 Successfully downloaded and updated زماهان.
2025-07-11 15:56:06,498 - __main__ - INFO - ⏰ File for چافست is old (91.1 hours). Attempting to update...
2025-07-11 15:56:11,764 - __main__ - INFO - 💾 Successfully downloaded and updated چافست.
2025-07-11 15:56:11,765 - __main__ - INFO - ⏰ File for خفولا is old (74.5 hours). Attempting to update...
2025-07-11 15:56:14,791 - __main__ - INFO - 💾 Successfully downloaded and updated خفولا.
2025-07-11 15:56:14,793 - __main__ - INFO - ⏰ File for وامید is old (91.1 hours). Attempting to update...
2025-07-11 15:56:19,441 - __main__ - INFO - 💾 Successfully downloaded and updated وامید.
2025-07-11 15:56:19,442 - __main__ - INFO - ⏰ File for تکالا is old (74.5 hours). Attempting to update...
2025-07-11 15:56:22,092 - __main__ - INFO - 💾 Successfully downloaded and updated تکالا.
2025-07-11 15:56:22,093 - __main__ - INFO - ⏰ File for شگل is old (91.1 hours). Attempting to update...
2025-07-11 15:56:25,395 - __main__ - INFO - 💾 Successfully downloaded and updated شگل.
2025-07-11 15:56:25,396 - __main__ - INFO - ⏰ File for دارا یکم is old (91.1 hours). Attempting to update...
2025-07-11 15:56:28,444 - __main__ - INFO - 💾 Successfully downloaded and updated دارا یکم.
2025-07-11 15:56:28,456 - __main__ - INFO - ⏰ File for داریک is old (91.1 hours). Attempting to update...
2025-07-11 15:56:30,853 - __main__ - INFO - 💾 Successfully downloaded and updated داریک.
2025-07-11 15:56:30,855 - __main__ - INFO - ⏰ File for وسالت is old (91.1 hours). Attempting to update...
2025-07-11 15:56:32,941 - __main__ - INFO - 💾 Successfully downloaded and updated وسالت.
2025-07-11 15:56:32,943 - __main__ - INFO - ⏰ File for وسهرمز is old (74.5 hours). Attempting to update...
2025-07-11 15:56:35,080 - __main__ - INFO - 💾 Successfully downloaded and updated وسهرمز.
2025-07-11 15:56:35,093 - __main__ - INFO - ⏰ File for وپخش is old (91.1 hours). Attempting to update...
2025-07-11 15:56:37,637 - __main__ - INFO - 💾 Successfully downloaded and updated وپخش.
2025-07-11 15:56:37,652 - __main__ - INFO - ⏰ File for باختر is old (27.4 hours). Attempting to update...
2025-07-11 15:56:43,602 - __main__ - INFO - 💾 Successfully downloaded and updated باختر.
2025-07-11 15:56:43,603 - __main__ - INFO - ⏰ File for بتکح is old (92.7 hours). Attempting to update...
2025-07-11 15:56:44,599 - __main__ - ERROR - ❌ Failed to download بتکح: single positional indexer is out-of-bounds. Will retry on next run.
2025-07-11 15:56:44,610 - __main__ - INFO - ⏰ File for غزر is old (91.1 hours). Attempting to update...
2025-07-11 15:56:46,388 - __main__ - INFO - 💾 Successfully downloaded and updated غزر.
2025-07-11 15:56:46,391 - __main__ - INFO - ⏰ File for لبوتانح is old (27.4 hours). Attempting to update...
2025-07-11 15:56:48,462 - __main__ - INFO - 💾 Successfully downloaded and updated لبوتانح.
2025-07-11 15:56:48,475 - __main__ - INFO - ⏰ File for دتهرانح is old (92.7 hours). Attempting to update...
2025-07-11 15:56:49,537 - __main__ - ERROR - ❌ Failed to download دتهرانح: single positional indexer is out-of-bounds. Will retry on next run.
2025-07-11 15:56:49,538 - __main__ - INFO - ⏰ File for بهیر is old (91.1 hours). Attempting to update...
2025-07-11 15:56:51,330 - __main__ - INFO - 💾 Successfully downloaded and updated بهیر.
2025-07-11 15:56:51,331 - __main__ - INFO - ⏰ File for اروند is old (92.7 hours). Attempting to update...
2025-07-11 15:56:52,370 - __main__ - ERROR - ❌ Failed to download اروند: single positional indexer is out-of-bounds. Will retry on next run.
2025-07-11 15:56:52,387 - __main__ - INFO - ⏰ File for فنفت is old (91.1 hours). Attempting to update...
2025-07-11 15:56:54,374 - __main__ - INFO - 💾 Successfully downloaded and updated فنفت.
2025-07-11 15:56:54,378 - __main__ - INFO - ⏰ File for چکارنح is old (27.4 hours). Attempting to update...
2025-07-11 15:56:56,512 - __main__ - INFO - 💾 Successfully downloaded and updated چکارنح.
2025-07-11 15:56:56,515 - __main__ - INFO - ⏰ File for وکغدیرح is old (92.7 hours). Attempting to update...
2025-07-11 15:56:57,582 - __main__ - ERROR - ❌ Failed to download وکغدیرح: single positional indexer is out-of-bounds. Will retry on next run.
2025-07-11 15:56:57,594 - __main__ - INFO - ⏰ File for فمراد is old (91.1 hours). Attempting to update...
2025-07-11 15:56:59,703 - __main__ - INFO - 💾 Successfully downloaded and updated فمراد.
2025-07-11 15:56:59,704 - __main__ - INFO - ⏰ File for درازی is old (91.1 hours). Attempting to update...
2025-07-11 15:57:02,041 - __main__ - INFO - 💾 Successfully downloaded and updated درازی.
2025-07-11 15:57:02,053 - __main__ - INFO - ⏰ File for بوعلی is old (91.1 hours). Attempting to update...
2025-07-11 15:57:03,954 - __main__ - INFO - 💾 Successfully downloaded and updated بوعلی.
2025-07-11 15:57:03,955 - __main__ - INFO - ⏰ File for خفنرح is old (27.4 hours). Attempting to update...
2025-07-11 15:57:06,129 - __main__ - INFO - 💾 Successfully downloaded and updated خفنرح.
2025-07-11 15:57:06,130 - __main__ - INFO - ⏰ File for پدرخش is old (91.1 hours). Attempting to update...
2025-07-11 15:57:09,017 - __main__ - INFO - 💾 Successfully downloaded and updated پدرخش.
2025-07-11 15:57:09,025 - __main__ - INFO - ⏰ File for فگستر is old (91.1 hours). Attempting to update...
2025-07-11 15:57:11,009 - __main__ - INFO - 💾 Successfully downloaded and updated فگستر.
2025-07-11 15:57:11,010 - __main__ - INFO - ⏰ File for زشریف is old (91.1 hours). Attempting to update...
2025-07-11 15:57:12,990 - __main__ - INFO - 💾 Successfully downloaded and updated زشریف.
2025-07-11 15:57:12,991 - __main__ - INFO - ⏰ File for غپینوح is old (27.4 hours). Attempting to update...
2025-07-11 15:57:14,915 - __main__ - INFO - 💾 Successfully downloaded and updated غپینوح.
2025-07-11 15:57:14,916 - __main__ - INFO - ⏰ File for همراهح is old (27.4 hours). Attempting to update...
2025-07-11 15:57:16,990 - __main__ - INFO - 💾 Successfully downloaded and updated همراهح.
2025-07-11 15:57:17,001 - __main__ - INFO - ⏰ File for آبادا is old (91.1 hours). Attempting to update...
2025-07-11 15:57:18,577 - __main__ - INFO - 💾 Successfully downloaded and updated آبادا.
2025-07-11 15:57:18,578 - __main__ - INFO - ⏰ File for غگلستا is old (91.1 hours). Attempting to update...
2025-07-11 15:57:20,301 - __main__ - INFO - 💾 Successfully downloaded and updated غگلستا.
2025-07-11 15:57:20,302 - __main__ - INFO - ⏰ File for ددامح is old (74.5 hours). Attempting to update...
2025-07-11 15:57:22,044 - __main__ - INFO - 💾 Successfully downloaded and updated ددامح.
2025-07-11 15:57:22,046 - __main__ - INFO - ⏰ File for شاملاح is old (74.5 hours). Attempting to update...
2025-07-11 15:57:25,995 - __main__ - INFO - 💾 Successfully downloaded and updated شاملاح.
2025-07-11 15:57:25,996 - __main__ - INFO - ⏰ File for شملی is old (91.1 hours). Attempting to update...
2025-07-11 15:57:28,071 - __main__ - INFO - 💾 Successfully downloaded and updated شملی.
2025-07-11 15:57:28,072 - __main__ - INFO - ⏰ File for سام is old (91.1 hours). Attempting to update...
2025-07-11 15:57:29,922 - __main__ - INFO - 💾 Successfully downloaded and updated سام.
2025-07-11 15:57:29,934 - __main__ - INFO - ⏰ File for وایرا is old (91.1 hours). Attempting to update...
2025-07-11 15:57:34,642 - __main__ - INFO - 💾 Successfully downloaded and updated وایرا.
2025-07-11 15:57:34,643 - __main__ - INFO - ⏰ File for زرفام is old (91.1 hours). Attempting to update...
2025-07-11 15:57:35,600 - __main__ - INFO - 💾 Successfully downloaded and updated زرفام.
2025-07-11 15:57:35,600 - __main__ - INFO - ⏰ File for شدوصح is old (74.5 hours). Attempting to update...
2025-07-11 15:57:36,629 - __main__ - INFO - 💾 Successfully downloaded and updated شدوصح.
2025-07-11 15:57:36,641 - __main__ - INFO - ⏰ File for رتکو is old (74.5 hours). Attempting to update...
2025-07-11 15:57:42,749 - __main__ - INFO - 💾 Successfully downloaded and updated رتکو.
2025-07-11 15:57:42,762 - __main__ - INFO - ⏰ File for غشصفاح is old (27.5 hours). Attempting to update...
2025-07-11 15:57:44,689 - __main__ - INFO - 💾 Successfully downloaded and updated غشصفاح.
2025-07-11 15:57:44,701 - __main__ - INFO - ⏰ File for تپولا is old (74.5 hours). Attempting to update...
2025-07-11 15:57:46,418 - __main__ - INFO - 💾 Successfully downloaded and updated تپولا.
2025-07-11 15:57:46,420 - __main__ - INFO - ⏰ File for سخاشح is old (74.5 hours). Attempting to update...
2025-07-11 15:57:47,513 - __main__ - INFO - 💾 Successfully downloaded and updated سخاشح.
2025-07-11 15:57:47,525 - __main__ - INFO - ⏰ File for رایکا is old (91.1 hours). Attempting to update...
2025-07-11 15:57:48,496 - __main__ - INFO - 💾 Successfully downloaded and updated رایکا.
2025-07-11 15:57:48,497 - __main__ - INFO - ⏰ File for بترانسح is old (27.5 hours). Attempting to update...
2025-07-11 15:57:49,616 - __main__ - INFO - 💾 Successfully downloaded and updated بترانسح.
2025-07-11 15:57:49,628 - __main__ - INFO - ⏰ File for میهن is old (91.1 hours). Attempting to update...
2025-07-11 15:57:50,969 - __main__ - INFO - 💾 Successfully downloaded and updated میهن.
2025-07-11 15:57:50,970 - __main__ - INFO - ⏰ File for جم پیلن is old (91.1 hours). Attempting to update...
2025-07-11 15:57:52,153 - __main__ - INFO - 💾 Successfully downloaded and updated جم پیلن.
2025-07-11 15:57:52,154 - __main__ - INFO - ⏰ File for رنیک is old (91.1 hours). Attempting to update...
2025-07-11 15:57:53,276 - __main__ - INFO - 💾 Successfully downloaded and updated رنیک.
2025-07-11 15:57:53,287 - __main__ - INFO - ⏰ File for سایرا is old (91.1 hours). Attempting to update...
2025-07-11 15:57:55,122 - __main__ - INFO - 💾 Successfully downloaded and updated سایرا.
2025-07-11 15:57:55,123 - __main__ - INFO - ⏰ File for شصفهاح is old (27.5 hours). Attempting to update...
2025-07-11 15:57:56,197 - __main__ - INFO - 💾 Successfully downloaded and updated شصفهاح.
2025-07-11 15:57:56,210 - __main__ - INFO - ⏰ File for آفرین is old (91.1 hours). Attempting to update...
2025-07-11 15:57:57,173 - __main__ - INFO - 💾 Successfully downloaded and updated آفرین.
2025-07-11 15:57:57,174 - __main__ - INFO - ⏰ File for کپشیرح is old (74.5 hours). Attempting to update...
2025-07-11 15:57:58,333 - __main__ - INFO - 💾 Successfully downloaded and updated کپشیرح.
2025-07-11 15:57:58,345 - __main__ - INFO - ⏰ File for شاراکح is old (27.5 hours). Attempting to update...
2025-07-11 15:57:59,580 - __main__ - INFO - 💾 Successfully downloaded and updated شاراکح.
2025-07-11 15:57:59,581 - __main__ - INFO - ⏰ File for وسپه is old (91.1 hours). Attempting to update...
2025-07-11 15:58:01,535 - __main__ - INFO - 💾 Successfully downloaded and updated وسپه.
2025-07-11 15:58:01,546 - __main__ - INFO - ⏰ File for فالوم is old (91.1 hours). Attempting to update...
2025-07-11 15:58:03,425 - __main__ - INFO - 💾 Successfully downloaded and updated فالوم.
2025-07-11 15:58:03,436 - __main__ - INFO - ⏰ File for خودکفا is old (74.5 hours). Attempting to update...
2025-07-11 15:58:05,030 - __main__ - INFO - 💾 Successfully downloaded and updated خودکفا.
2025-07-11 15:58:05,031 - __main__ - INFO - ⏰ File for شتوکا is old (91.1 hours). Attempting to update...
2025-07-11 15:58:07,343 - __main__ - INFO - 💾 Successfully downloaded and updated شتوکا.
2025-07-11 15:58:07,354 - __main__ - INFO - ⏰ File for شگلح is old (74.5 hours). Attempting to update...
2025-07-11 15:58:09,457 - __main__ - INFO - 💾 Successfully downloaded and updated شگلح.
2025-07-11 15:58:09,458 - __main__ - INFO - ⏰ File for کروی is old (91.1 hours). Attempting to update...
2025-07-11 15:58:11,963 - __main__ - INFO - 💾 Successfully downloaded and updated کروی.
2025-07-11 15:58:11,964 - __main__ - INFO - ⏰ File for شلعاب is old (74.5 hours). Attempting to update...
2025-07-11 15:58:13,963 - __main__ - INFO - 💾 Successfully downloaded and updated شلعاب.
2025-07-11 15:58:13,974 - __main__ - INFO - ⏰ File for هجرت is old (74.5 hours). Attempting to update...
2025-07-11 15:58:16,286 - __main__ - INFO - 💾 Successfully downloaded and updated هجرت.
2025-07-11 15:58:16,287 - __main__ - INFO - ⏰ File for صنم is old (91.1 hours). Attempting to update...
2025-07-11 15:58:17,741 - __main__ - INFO - 💾 Successfully downloaded and updated صنم.
2025-07-11 15:58:17,742 - __main__ - INFO - ⏰ File for وبشهر is old (91.1 hours). Attempting to update...
2025-07-11 15:58:20,129 - __main__ - INFO - 💾 Successfully downloaded and updated وبشهر.
2025-07-11 15:58:20,130 - __main__ - INFO - ⏰ File for دزهراویح is old (74.5 hours). Attempting to update...
2025-07-11 15:58:25,631 - __main__ - INFO - 💾 Successfully downloaded and updated دزهراویح.
2025-07-11 15:58:25,642 - __main__ - INFO - ⏰ File for خنصیر is old (91.1 hours). Attempting to update...
2025-07-11 15:58:33,337 - __main__ - INFO - 💾 Successfully downloaded and updated خنصیر.
2025-07-11 15:58:33,338 - __main__ - INFO - ⏰ File for انتخاب is old (91.1 hours). Attempting to update...
2025-07-11 15:58:35,168 - __main__ - INFO - 💾 Successfully downloaded and updated انتخاب.
2025-07-11 15:58:35,169 - __main__ - INFO - ⏰ File for شستان is old (91.1 hours). Attempting to update...
2025-07-11 15:58:37,071 - __main__ - INFO - 💾 Successfully downloaded and updated شستان.
2025-07-11 15:58:37,082 - __main__ - INFO - ⏰ File for توسکا is old (91.1 hours). Attempting to update...
2025-07-11 15:58:38,445 - __main__ - INFO - 💾 Successfully downloaded and updated توسکا.
2025-07-11 15:58:38,446 - __main__ - INFO - ⏰ File for خکاوه is old (91.1 hours). Attempting to update...
2025-07-11 15:58:40,564 - __main__ - INFO - 💾 Successfully downloaded and updated خکاوه.
2025-07-11 15:58:40,565 - __main__ - INFO - ⏰ File for تابش is old (91.1 hours). Attempting to update...
2025-07-11 15:58:41,509 - __main__ - INFO - 💾 Successfully downloaded and updated تابش.
2025-07-11 15:58:41,511 - __main__ - INFO - ⏰ File for خزر is old (91.1 hours). Attempting to update...
2025-07-11 15:58:42,931 - __main__ - INFO - 💾 Successfully downloaded and updated خزر.
2025-07-11 15:58:42,933 - __main__ - INFO - ⏰ File for ثاژنح is old (27.5 hours). Attempting to update...
2025-07-11 15:58:44,089 - __main__ - INFO - 💾 Successfully downloaded and updated ثاژنح.
2025-07-11 15:58:44,090 - __main__ - INFO - ⏰ File for درازک is old (91.1 hours). Attempting to update...
2025-07-11 15:58:45,761 - __main__ - INFO - 💾 Successfully downloaded and updated درازک.
2025-07-11 15:58:45,762 - __main__ - INFO - ⏰ File for فبستمح is old (92.7 hours). Attempting to update...
2025-07-11 15:58:46,445 - __main__ - ERROR - ❌ Failed to download فبستمح: single positional indexer is out-of-bounds. Will retry on next run.
2025-07-11 15:58:46,446 - __main__ - INFO - ⏰ File for شکبیر is old (91.1 hours). Attempting to update...
2025-07-11 15:58:47,760 - __main__ - INFO - 💾 Successfully downloaded and updated شکبیر.
2025-07-11 15:58:47,761 - __main__ - INFO - ⏰ File for کایگچح is old (92.7 hours). Attempting to update...
2025-07-11 15:58:48,453 - __main__ - ERROR - ❌ Failed to download کایگچح: single positional indexer is out-of-bounds. Will retry on next run.
2025-07-11 15:58:48,454 - __main__ - INFO - ⏰ File for ولملت is old (91.1 hours). Attempting to update...
2025-07-11 15:58:49,522 - __main__ - INFO - 💾 Successfully downloaded and updated ولملت.
2025-07-11 15:58:49,523 - __main__ - INFO - ⏰ File for چخزر is old (91.1 hours). Attempting to update...
2025-07-11 15:58:50,571 - __main__ - INFO - 💾 Successfully downloaded and updated چخزر.
2025-07-11 15:58:50,573 - __main__ - INFO - ⏰ File for حپرتو is old (91.1 hours). Attempting to update...
2025-07-11 15:58:51,843 - __main__ - INFO - 💾 Successfully downloaded and updated حپرتو.
2025-07-11 15:58:51,843 - __main__ - INFO - ⏰ File for ثشرقح is old (74.5 hours). Attempting to update...
2025-07-11 15:58:53,841 - __main__ - INFO - 💾 Successfully downloaded and updated ثشرقح.
2025-07-11 15:58:53,842 - __main__ - INFO - ⏰ File for گوهر is old (91.1 hours). Attempting to update...
2025-07-11 15:58:55,023 - __main__ - INFO - 💾 Successfully downloaded and updated گوهر.
2025-07-11 15:58:55,036 - __main__ - INFO - ⏰ File for ثقزوی is old (91.1 hours). Attempting to update...
2025-07-11 15:58:56,675 - __main__ - INFO - 💾 Successfully downloaded and updated ثقزوی.
2025-07-11 15:58:56,675 - __main__ - INFO - ⏰ File for آکام is old (91.1 hours). Attempting to update...
2025-07-11 15:58:57,973 - __main__ - INFO - 💾 Successfully downloaded and updated آکام.
2025-07-11 15:58:57,985 - __main__ - INFO - ⏰ File for تاصیکو is old (91.1 hours). Attempting to update...
2025-07-11 15:58:59,511 - __main__ - INFO - 💾 Successfully downloaded and updated تاصیکو.
2025-07-11 15:58:59,513 - __main__ - INFO - ⏰ File for وثخوز is old (91.1 hours). Attempting to update...
2025-07-11 15:59:00,578 - __main__ - INFO - 💾 Successfully downloaded and updated وثخوز.
2025-07-11 15:59:00,585 - __main__ - INFO - ⏰ File for همراه is old (91.1 hours). Attempting to update...
2025-07-11 15:59:01,921 - __main__ - INFO - 💾 Successfully downloaded and updated همراه.
2025-07-11 15:59:01,922 - __main__ - INFO - ⏰ File for آریا is old (91.1 hours). Attempting to update...
2025-07-11 15:59:02,971 - __main__ - INFO - 💾 Successfully downloaded and updated آریا.
2025-07-11 15:59:02,972 - __main__ - INFO - ⏰ File for شلعابح is old (74.5 hours). Attempting to update...
2025-07-11 15:59:05,114 - __main__ - INFO - 💾 Successfully downloaded and updated شلعابح.
2025-07-11 15:59:05,115 - __main__ - INFO - ⏰ File for وبهمنح is old (27.5 hours). Attempting to update...
2025-07-11 15:59:06,238 - __main__ - INFO - 💾 Successfully downloaded and updated وبهمنح.
2025-07-11 15:59:06,250 - __main__ - INFO - ⏰ File for تنوین is old (91.1 hours). Attempting to update...
2025-07-11 15:59:07,386 - __main__ - INFO - 💾 Successfully downloaded and updated تنوین.
2025-07-11 15:59:07,397 - __main__ - INFO - ⏰ File for غمارگ is old (91.1 hours). Attempting to update...
2025-07-11 15:59:09,700 - __main__ - INFO - 💾 Successfully downloaded and updated غمارگ.
2025-07-11 15:59:09,701 - __main__ - INFO - ⏰ File for خبهمن is old (91.1 hours). Attempting to update...
2025-07-11 15:59:11,259 - __main__ - INFO - 💾 Successfully downloaded and updated خبهمن.
2025-07-11 15:59:11,260 - __main__ - INFO - ⏰ File for لسرماح is old (27.5 hours). Attempting to update...
2025-07-11 15:59:12,438 - __main__ - INFO - 💾 Successfully downloaded and updated لسرماح.
2025-07-11 15:59:12,439 - __main__ - INFO - ⏰ File for کویر is old (91.1 hours). Attempting to update...
2025-07-11 15:59:13,440 - __main__ - INFO - 💾 Successfully downloaded and updated کویر.
2025-07-11 15:59:13,442 - __main__ - INFO - ⏰ File for ثتوسا is old (74.5 hours). Attempting to update...
2025-07-11 15:59:16,467 - __main__ - INFO - 💾 Successfully downloaded and updated ثتوسا.
2025-07-11 15:59:16,468 - __main__ - INFO - ⏰ File for تایراح is old (27.5 hours). Attempting to update...
2025-07-11 15:59:18,171 - __main__ - INFO - 💾 Successfully downloaded and updated تایراح.
2025-07-11 15:59:18,182 - __main__ - INFO - ⏰ File for غدام is old (91.1 hours). Attempting to update...
2025-07-11 15:59:19,988 - __main__ - INFO - 💾 Successfully downloaded and updated غدام.
2025-07-11 15:59:20,000 - __main__ - INFO - ⏰ File for فلزفارابی is old (91.1 hours). Attempting to update...
2025-07-11 15:59:21,142 - __main__ - INFO - 💾 Successfully downloaded and updated فلزفارابی.
2025-07-11 15:59:21,155 - __main__ - INFO - ⏰ File for فافق is old (91.1 hours). Attempting to update...
2025-07-11 15:59:22,104 - __main__ - INFO - 💾 Successfully downloaded and updated فافق.
2025-07-11 15:59:22,105 - __main__ - INFO - ⏰ File for فاراک is old (91.1 hours). Attempting to update...
2025-07-11 15:59:23,701 - __main__ - INFO - 💾 Successfully downloaded and updated فاراک.
2025-07-11 15:59:23,713 - __main__ - INFO - ⏰ File for غمارگح is old (27.5 hours). Attempting to update...
2025-07-11 15:59:24,769 - __main__ - INFO - 💾 Successfully downloaded and updated غمارگح.
2025-07-11 15:59:24,770 - __main__ - INFO - ⏰ File for شفارس is old (91.1 hours). Attempting to update...
2025-07-11 15:59:26,169 - __main__ - INFO - 💾 Successfully downloaded and updated شفارس.
2025-07-11 15:59:26,170 - __main__ - INFO - ⏰ File for سفاسیتح is old (27.5 hours). Attempting to update...
2025-07-11 15:59:27,251 - __main__ - INFO - 💾 Successfully downloaded and updated سفاسیتح.
2025-07-11 15:59:27,251 - __main__ - INFO - ⏰ File for شفنح is old (74.5 hours). Attempting to update...
2025-07-11 15:59:28,285 - __main__ - INFO - 💾 Successfully downloaded and updated شفنح.
2025-07-11 15:59:28,286 - __main__ - INFO - ⏰ File for وسکرشا is old (74.5 hours). Attempting to update...
2025-07-11 15:59:29,415 - __main__ - INFO - 💾 Successfully downloaded and updated وسکرشا.
2025-07-11 15:59:29,426 - __main__ - INFO - ⏰ File for پردیس is old (91.1 hours). Attempting to update...
2025-07-11 15:59:30,882 - __main__ - INFO - 💾 Successfully downloaded and updated پردیس.
2025-07-11 15:59:30,893 - __main__ - INFO - ⏰ File for ثاژن is old (74.5 hours). Attempting to update...
2025-07-11 15:59:32,750 - __main__ - INFO - 💾 Successfully downloaded and updated ثاژن.
2025-07-11 15:59:32,751 - __main__ - INFO - ⏰ File for کفراح is old (74.5 hours). Attempting to update...
2025-07-11 15:59:33,824 - __main__ - INFO - 💾 Successfully downloaded and updated کفراح.
2025-07-11 15:59:33,829 - __main__ - INFO - ⏰ File for دسبحا is old (91.1 hours). Attempting to update...
2025-07-11 15:59:35,479 - __main__ - INFO - 💾 Successfully downloaded and updated دسبحا.
2025-07-11 15:59:35,480 - __main__ - INFO - ⏰ File for کهربا is old (91.1 hours). Attempting to update...
2025-07-11 15:59:36,438 - __main__ - INFO - 💾 Successfully downloaded and updated کهربا.
2025-07-11 15:59:36,450 - __main__ - INFO - ⏰ File for ددام is old (91.1 hours). Attempting to update...
2025-07-11 15:59:37,893 - __main__ - INFO - 💾 Successfully downloaded and updated ددام.
2025-07-11 15:59:37,894 - __main__ - INFO - ⏰ File for ثنا is old (91.1 hours). Attempting to update...
2025-07-11 15:59:38,812 - __main__ - INFO - 💾 Successfully downloaded and updated ثنا.
2025-07-11 15:59:38,824 - __main__ - INFO - ⏰ File for تراک is old (27.5 hours). Attempting to update...
2025-07-11 15:59:40,157 - __main__ - INFO - 💾 Successfully downloaded and updated تراک.
2025-07-11 15:59:40,168 - __main__ - INFO - ⏰ File for سمتاز is old (74.5 hours). Attempting to update...
2025-07-11 15:59:41,279 - __main__ - INFO - 💾 Successfully downloaded and updated سمتاز.
2025-07-11 15:59:41,289 - __main__ - INFO - ⏰ File for تماوند is old (91.1 hours). Attempting to update...
2025-07-11 15:59:42,399 - __main__ - INFO - 💾 Successfully downloaded and updated تماوند.
2025-07-11 15:59:42,400 - __main__ - INFO - ⏰ File for تکمباح is old (27.5 hours). Attempting to update...
2025-07-11 15:59:44,480 - __main__ - INFO - 💾 Successfully downloaded and updated تکمباح.
2025-07-11 15:59:44,493 - __main__ - INFO - ⏰ File for فزرین is old (91.1 hours). Attempting to update...
2025-07-11 15:59:46,642 - __main__ - INFO - 💾 Successfully downloaded and updated فزرین.
2025-07-11 15:59:46,654 - __main__ - INFO - ⏰ File for دسبحان is old (91.1 hours). Attempting to update...
2025-07-11 15:59:48,394 - __main__ - INFO - 💾 Successfully downloaded and updated دسبحان.
2025-07-11 15:59:48,395 - __main__ - INFO - ⏰ File for شسینا is old (91.1 hours). Attempting to update...
2025-07-11 15:59:50,483 - __main__ - INFO - 💾 Successfully downloaded and updated شسینا.
2025-07-11 15:59:50,484 - __main__ - INFO - ⏰ File for ونوین is old (91.1 hours). Attempting to update...
2025-07-11 15:59:52,225 - __main__ - INFO - 💾 Successfully downloaded and updated ونوین.
2025-07-11 15:59:52,237 - __main__ - INFO - ⏰ File for کارا is old (91.1 hours). Attempting to update...
2025-07-11 15:59:56,145 - __main__ - INFO - 💾 Successfully downloaded and updated کارا.
2025-07-11 15:59:56,157 - __main__ - INFO - ⏰ File for فرابورس is old (91.1 hours). Attempting to update...
2025-07-11 15:59:58,765 - __main__ - INFO - 💾 Successfully downloaded and updated فرابورس.
2025-07-11 15:59:58,766 - __main__ - INFO - ⏰ File for رکیشح is old (74.5 hours). Attempting to update...
2025-07-11 16:00:00,976 - __main__ - INFO - 💾 Successfully downloaded and updated رکیشح.
2025-07-11 16:00:00,977 - __main__ - INFO - ⏰ File for خساپا is old (91.1 hours). Attempting to update...
2025-07-11 16:00:02,590 - __main__ - INFO - 💾 Successfully downloaded and updated خساپا.
2025-07-11 16:00:02,591 - __main__ - INFO - ⏰ File for گلدیرا is old (91.1 hours). Attempting to update...
2025-07-11 16:00:03,591 - __main__ - INFO - 💾 Successfully downloaded and updated گلدیرا.
2025-07-11 16:00:03,592 - __main__ - INFO - ⏰ File for تجلی is old (74.5 hours). Attempting to update...
2025-07-11 16:00:04,938 - __main__ - INFO - 💾 Successfully downloaded and updated تجلی.
2025-07-11 16:00:04,939 - __main__ - INFO - ⏰ File for خکارح is old (27.5 hours). Attempting to update...
2025-07-11 16:00:05,998 - __main__ - INFO - 💾 Successfully downloaded and updated خکارح.
2025-07-11 16:00:06,010 - __main__ - INFO - ⏰ File for پرداختح is old (27.5 hours). Attempting to update...
2025-07-11 16:00:07,000 - __main__ - INFO - 💾 Successfully downloaded and updated پرداختح.
2025-07-11 16:00:07,014 - __main__ - INFO - ⏰ File for وسپهح is old (74.5 hours). Attempting to update...
2025-07-11 16:00:08,199 - __main__ - INFO - 💾 Successfully downloaded and updated وسپهح.
2025-07-11 16:00:08,211 - __main__ - INFO - ⏰ File for زمگسا is old (91.1 hours). Attempting to update...
2025-07-11 16:00:09,663 - __main__ - INFO - 💾 Successfully downloaded and updated زمگسا.
2025-07-11 16:00:09,664 - __main__ - INFO - ⏰ File for وتوسکا is old (91.1 hours). Attempting to update...
2025-07-11 16:00:11,651 - __main__ - INFO - 💾 Successfully downloaded and updated وتوسکا.
2025-07-11 16:00:11,652 - __main__ - INFO - ⏰ File for فجر is old (91.1 hours). Attempting to update...
2025-07-11 16:00:13,802 - __main__ - INFO - 💾 Successfully downloaded and updated فجر.
2025-07-11 16:00:13,817 - __main__ - INFO - ⏰ File for قنیشا is old (91.1 hours). Attempting to update...
2025-07-11 16:00:17,444 - __main__ - INFO - 💾 Successfully downloaded and updated قنیشا.
2025-07-11 16:00:17,445 - __main__ - INFO - ⏰ File for شکام is old (91.1 hours). Attempting to update...
2025-07-11 16:00:19,618 - __main__ - INFO - 💾 Successfully downloaded and updated شکام.
2025-07-11 16:00:19,626 - __main__ - INFO - ⏰ File for شپترو is old (91.1 hours). Attempting to update...
2025-07-11 16:00:24,682 - __main__ - INFO - 💾 Successfully downloaded and updated شپترو.
2025-07-11 16:00:24,694 - __main__ - INFO - ⏰ File for سهرمز is old (91.1 hours). Attempting to update...
2025-07-11 16:00:26,670 - __main__ - INFO - 💾 Successfully downloaded and updated سهرمز.
2025-07-11 16:00:26,671 - __main__ - INFO - ⏰ File for غفارس is old (91.1 hours). Attempting to update...
2025-07-11 16:00:27,859 - __main__ - INFO - 💾 Successfully downloaded and updated غفارس.
2025-07-11 16:00:27,860 - __main__ - INFO - ⏰ File for کنورح is old (74.5 hours). Attempting to update...
2025-07-11 16:00:29,068 - __main__ - INFO - 💾 Successfully downloaded and updated کنورح.
2025-07-11 16:00:29,080 - __main__ - INFO - ⏰ File for سپاها is old (91.1 hours). Attempting to update...
2025-07-11 16:00:30,815 - __main__ - INFO - 💾 Successfully downloaded and updated سپاها.
2025-07-11 16:00:30,815 - __main__ - INFO - ⏰ File for فغدیر is old (91.1 hours). Attempting to update...
2025-07-11 16:00:31,895 - __main__ - INFO - 💾 Successfully downloaded and updated فغدیر.
2025-07-11 16:00:31,905 - __main__ - INFO - ⏰ File for وکارح is old (74.5 hours). Attempting to update...
2025-07-11 16:00:34,890 - __main__ - INFO - 💾 Successfully downloaded and updated وکارح.
2025-07-11 16:00:34,891 - __main__ - INFO - ⏰ File for ارزش is old (91.1 hours). Attempting to update...
2025-07-11 16:00:36,992 - __main__ - INFO - 💾 Successfully downloaded and updated ارزش.
2025-07-11 16:00:36,993 - __main__ - INFO - ⏰ File for وسهمدا is old (74.5 hours). Attempting to update...
2025-07-11 16:00:40,011 - __main__ - INFO - 💾 Successfully downloaded and updated وسهمدا.
2025-07-11 16:00:40,024 - __main__ - INFO - ⏰ File for شبهرن is old (91.1 hours). Attempting to update...
2025-07-11 16:00:44,344 - __main__ - INFO - 💾 Successfully downloaded and updated شبهرن.
2025-07-11 16:00:44,346 - __main__ - INFO - ⏰ File for سباقر is old (74.5 hours). Attempting to update...
2025-07-11 16:00:47,666 - __main__ - INFO - 💾 Successfully downloaded and updated سباقر.
2025-07-11 16:00:47,667 - __main__ - INFO - ⏰ File for سنیرح is old (74.5 hours). Attempting to update...
2025-07-11 16:00:49,990 - __main__ - INFO - 💾 Successfully downloaded and updated سنیرح.
2025-07-11 16:00:49,991 - __main__ - INFO - ⏰ File for افرا is old (91.1 hours). Attempting to update...
2025-07-11 16:00:54,051 - __main__ - INFO - 💾 Successfully downloaded and updated افرا.
2025-07-11 16:00:54,052 - __main__ - INFO - ⏰ File for غمایه is old (91.1 hours). Attempting to update...
2025-07-11 16:00:55,297 - __main__ - INFO - 💾 Successfully downloaded and updated غمایه.
2025-07-11 16:00:55,298 - __main__ - INFO - ⏰ File for چکاوه is old (91.1 hours). Attempting to update...
2025-07-11 16:00:57,202 - __main__ - INFO - 💾 Successfully downloaded and updated چکاوه.
2025-07-11 16:00:57,203 - __main__ - INFO - ⏰ File for نیرو is old (74.5 hours). Attempting to update...
2025-07-11 16:00:58,905 - __main__ - INFO - 💾 Successfully downloaded and updated نیرو.
2025-07-11 16:00:58,906 - __main__ - INFO - ⏰ File for وسصفا is old (74.5 hours). Attempting to update...
2025-07-11 16:01:00,704 - __main__ - INFO - 💾 Successfully downloaded and updated وسصفا.
2025-07-11 16:01:00,705 - __main__ - INFO - ⏰ File for آلتون is old (91.1 hours). Attempting to update...
2025-07-11 16:01:02,241 - __main__ - INFO - 💾 Successfully downloaded and updated آلتون.
2025-07-11 16:01:02,242 - __main__ - INFO - ⏰ File for ناب is old (91.1 hours). Attempting to update...
2025-07-11 16:01:03,596 - __main__ - INFO - 💾 Successfully downloaded and updated ناب.
2025-07-11 16:01:03,597 - __main__ - INFO - ⏰ File for شصفها is old (91.1 hours). Attempting to update...
2025-07-11 16:01:05,419 - __main__ - INFO - 💾 Successfully downloaded and updated شصفها.
2025-07-11 16:01:05,420 - __main__ - INFO - ⏰ File for توریل is old (91.1 hours). Attempting to update...
2025-07-11 16:01:06,885 - __main__ - INFO - 💾 Successfully downloaded and updated توریل.
2025-07-11 16:01:06,897 - __main__ - INFO - ⏰ File for ورناح is old (27.5 hours). Attempting to update...
2025-07-11 16:01:07,975 - __main__ - INFO - 💾 Successfully downloaded and updated ورناح.
2025-07-11 16:01:07,975 - __main__ - INFO - ⏰ File for موج is old (91.1 hours). Attempting to update...
2025-07-11 16:01:08,876 - __main__ - INFO - 💾 Successfully downloaded and updated موج.
2025-07-11 16:01:08,877 - __main__ - INFO - ⏰ File for الماس is old (91.1 hours). Attempting to update...
2025-07-11 16:01:10,069 - __main__ - INFO - 💾 Successfully downloaded and updated الماس.
2025-07-11 16:01:10,071 - __main__ - INFO - ⏰ File for وسقم is old (74.5 hours). Attempting to update...
2025-07-11 16:01:11,149 - __main__ - INFO - 💾 Successfully downloaded and updated وسقم.
2025-07-11 16:01:11,150 - __main__ - INFO - ⏰ File for سکردح is old (27.5 hours). Attempting to update...
2025-07-11 16:01:12,307 - __main__ - INFO - 💾 Successfully downloaded and updated سکردح.
2025-07-11 16:01:12,307 - __main__ - INFO - ⏰ File for دجابرح is old (27.5 hours). Attempting to update...
2025-07-11 16:01:13,670 - __main__ - INFO - 💾 Successfully downloaded and updated دجابرح.
2025-07-11 16:01:13,670 - __main__ - INFO - ⏰ File for اخابر is old (74.5 hours). Attempting to update...
2025-07-11 16:01:15,706 - __main__ - INFO - 💾 Successfully downloaded and updated اخابر.
2025-07-11 16:01:15,706 - __main__ - INFO - ⏰ File for غگلح is old (27.5 hours). Attempting to update...
2025-07-11 16:01:16,914 - __main__ - INFO - 💾 Successfully downloaded and updated غگلح.
2025-07-11 16:01:16,914 - __main__ - INFO - ⏰ File for سآبیک is old (91.1 hours). Attempting to update...
2025-07-11 16:01:17,924 - __main__ - INFO - 💾 Successfully downloaded and updated سآبیک.
2025-07-11 16:01:17,925 - __main__ - INFO - ⏰ File for تمحرکه is old (91.1 hours). Attempting to update...
2025-07-11 16:01:20,789 - __main__ - INFO - 💾 Successfully downloaded and updated تمحرکه.
2025-07-11 16:01:20,801 - __main__ - INFO - ⏰ File for سصوفیح is old (27.5 hours). Attempting to update...
2025-07-11 16:01:22,477 - __main__ - INFO - 💾 Successfully downloaded and updated سصوفیح.
2025-07-11 16:01:22,491 - __main__ - INFO - ⏰ File for خساپاح is old (27.5 hours). Attempting to update...
2025-07-11 16:01:24,100 - __main__ - INFO - 💾 Successfully downloaded and updated خساپاح.
2025-07-11 16:01:24,102 - __main__ - INFO - ⏰ File for غگلپا is old (91.1 hours). Attempting to update...
2025-07-11 16:01:25,742 - __main__ - INFO - 💾 Successfully downloaded and updated غگلپا.
2025-07-11 16:01:25,742 - __main__ - INFO - ⏰ File for دفراح is old (27.5 hours). Attempting to update...
2025-07-11 16:01:27,347 - __main__ - INFO - 💾 Successfully downloaded and updated دفراح.
2025-07-11 16:01:27,348 - __main__ - INFO - ⏰ File for ساربیلح is old (27.5 hours). Attempting to update...
2025-07-11 16:01:28,470 - __main__ - INFO - 💾 Successfully downloaded and updated ساربیلح.
2025-07-11 16:01:28,476 - __main__ - INFO - ⏰ File for لکماح is old (92.8 hours). Attempting to update...
2025-07-11 16:01:29,254 - __main__ - ERROR - ❌ Failed to download لکماح: single positional indexer is out-of-bounds. Will retry on next run.
2025-07-11 16:01:29,265 - __main__ - INFO - ⏰ File for ورازی is old (91.1 hours). Attempting to update...
2025-07-11 16:01:30,769 - __main__ - INFO - 💾 Successfully downloaded and updated ورازی.
2025-07-11 16:01:30,782 - __main__ - INFO - ⏰ File for کطبس is old (91.1 hours). Attempting to update...
2025-07-11 16:01:42,791 - __main__ - INFO - 💾 Successfully downloaded and updated کطبس.
2025-07-11 16:01:42,793 - __main__ - INFO - ⏰ File for قستونح is old (92.8 hours). Attempting to update...
2025-07-11 16:01:43,986 - __main__ - ERROR - ❌ Failed to download قستونح: single positional indexer is out-of-bounds. Will retry on next run.
2025-07-11 16:01:43,987 - __main__ - INFO - ⏰ File for قثابت is old (91.2 hours). Attempting to update...
2025-07-11 16:01:45,656 - __main__ - INFO - 💾 Successfully downloaded and updated قثابت.
2025-07-11 16:01:45,667 - __main__ - INFO - ⏰ File for دروزح is old (27.5 hours). Attempting to update...
2025-07-11 16:01:46,688 - __main__ - INFO - 💾 Successfully downloaded and updated دروزح.
2025-07-11 16:01:46,689 - __main__ - INFO - ⏰ File for ثشرق is old (91.2 hours). Attempting to update...
2025-07-11 16:01:48,061 - __main__ - INFO - 💾 Successfully downloaded and updated ثشرق.
2025-07-11 16:01:48,072 - __main__ - INFO - ⏰ File for سخوزح is old (27.5 hours). Attempting to update...
2025-07-11 16:01:49,119 - __main__ - INFO - 💾 Successfully downloaded and updated سخوزح.
2025-07-11 16:01:49,132 - __main__ - INFO - ⏰ File for ثامانح is old (27.5 hours). Attempting to update...
2025-07-11 16:01:50,827 - __main__ - INFO - 💾 Successfully downloaded and updated ثامانح.
2025-07-11 16:01:50,838 - __main__ - INFO - ⏰ File for رتاپح is old (74.6 hours). Attempting to update...
2025-07-11 16:01:52,505 - __main__ - INFO - 💾 Successfully downloaded and updated رتاپح.
2025-07-11 16:01:52,507 - __main__ - INFO - ⏰ File for غشوکو is old (91.2 hours). Attempting to update...
2025-07-11 16:01:55,788 - __main__ - INFO - 💾 Successfully downloaded and updated غشوکو.
2025-07-11 16:01:55,789 - __main__ - INFO - ⏰ File for دتهران is old (27.5 hours). Attempting to update...
2025-07-11 16:01:57,461 - __main__ - INFO - 💾 Successfully downloaded and updated دتهران.
2025-07-11 16:01:57,462 - __main__ - INFO - ⏰ File for فجهانح is old (74.6 hours). Attempting to update...
2025-07-11 16:01:58,475 - __main__ - INFO - 💾 Successfully downloaded and updated فجهانح.
2025-07-11 16:01:58,483 - __main__ - INFO - ⏰ File for سرودح is old (27.5 hours). Attempting to update...
2025-07-11 16:01:59,573 - __main__ - INFO - 💾 Successfully downloaded and updated سرودح.
2025-07-11 16:01:59,574 - __main__ - INFO - ⏰ File for سشمالح is old (74.6 hours). Attempting to update...
2025-07-11 16:02:00,649 - __main__ - INFO - 💾 Successfully downloaded and updated سشمالح.
2025-07-11 16:02:00,650 - __main__ - INFO - ⏰ File for قمروح is old (92.8 hours). Attempting to update...
2025-07-11 16:02:01,346 - __main__ - ERROR - ❌ Failed to download قمروح: single positional indexer is out-of-bounds. Will retry on next run.
2025-07-11 16:02:01,354 - __main__ - INFO - ⏰ File for سحرخیز is old (91.2 hours). Attempting to update...
2025-07-11 16:02:02,507 - __main__ - INFO - 💾 Successfully downloaded and updated سحرخیز.
2025-07-11 16:02:02,533 - __main__ - INFO - ⏰ File for ونیکیح is old (74.6 hours). Attempting to update...
2025-07-11 16:02:03,649 - __main__ - INFO - 💾 Successfully downloaded and updated ونیکیح.
2025-07-11 16:02:03,651 - __main__ - INFO - ⏰ File for وسفارس is old (74.6 hours). Attempting to update...
2025-07-11 16:02:04,662 - __main__ - INFO - 💾 Successfully downloaded and updated وسفارس.
2025-07-11 16:02:04,662 - __main__ - INFO - ⏰ File for سبهانح is old (27.5 hours). Attempting to update...
2025-07-11 16:02:05,741 - __main__ - INFO - 💾 Successfully downloaded and updated سبهانح.
2025-07-11 16:02:05,753 - __main__ - INFO - ⏰ File for کاما is old (74.6 hours). Attempting to update...
2025-07-11 16:02:09,310 - __main__ - INFO - 💾 Successfully downloaded and updated کاما.
2025-07-11 16:02:09,321 - __main__ - INFO - ⏰ File for شرنگیح is old (92.8 hours). Attempting to update...
2025-07-11 16:02:10,014 - __main__ - ERROR - ❌ Failed to download شرنگیح: single positional indexer is out-of-bounds. Will retry on next run.
2025-07-11 16:02:10,015 - __main__ - INFO - ⏰ File for وسخراش is old (74.6 hours). Attempting to update...
2025-07-11 16:02:11,158 - __main__ - INFO - 💾 Successfully downloaded and updated وسخراش.
2025-07-11 16:02:11,159 - __main__ - INFO - ⏰ File for اتکام is old (91.2 hours). Attempting to update...
2025-07-11 16:02:12,309 - __main__ - INFO - 💾 Successfully downloaded and updated اتکام.
2025-07-11 16:02:12,310 - __main__ - INFO - ⏰ File for فمتال is old (27.5 hours). Attempting to update...
2025-07-11 16:02:16,003 - __main__ - INFO - 💾 Successfully downloaded and updated فمتال.
2025-07-11 16:02:16,004 - __main__ - INFO - ⏰ File for سخواف is old (91.2 hours). Attempting to update...
2025-07-11 16:02:19,832 - __main__ - INFO - 💾 Successfully downloaded and updated سخواف.
2025-07-11 16:02:19,844 - __main__ - INFO - ⏰ File for فنر is old (91.2 hours). Attempting to update...
2025-07-11 16:02:21,422 - __main__ - INFO - 💾 Successfully downloaded and updated فنر.
2025-07-11 16:02:21,436 - __main__ - INFO - ⏰ File for سفار is old (91.2 hours). Attempting to update...
2025-07-11 16:02:22,734 - __main__ - INFO - 💾 Successfully downloaded and updated سفار.
2025-07-11 16:02:22,735 - __main__ - INFO - ⏰ File for لپیام is old (91.2 hours). Attempting to update...
2025-07-11 16:02:23,931 - __main__ - INFO - 💾 Successfully downloaded and updated لپیام.
2025-07-11 16:02:23,932 - __main__ - INFO - ⏰ File for فارس is old (91.2 hours). Attempting to update...
2025-07-11 16:02:25,352 - __main__ - INFO - 💾 Successfully downloaded and updated فارس.
2025-07-11 16:02:25,352 - __main__ - INFO - ⏰ File for پاساح is old (74.6 hours). Attempting to update...
2025-07-11 16:02:26,543 - __main__ - INFO - 💾 Successfully downloaded and updated پاساح.
2025-07-11 16:02:26,555 - __main__ - INFO - ⏰ File for دلرح is old (74.6 hours). Attempting to update...
2025-07-11 16:02:27,694 - __main__ - INFO - 💾 Successfully downloaded and updated دلرح.
2025-07-11 16:02:27,707 - __main__ - INFO - ⏰ File for دامون is old (91.2 hours). Attempting to update...
2025-07-11 16:02:28,619 - __main__ - INFO - 💾 Successfully downloaded and updated دامون.
2025-07-11 16:02:28,632 - __main__ - INFO - ⏰ File for رویین is old (91.2 hours). Attempting to update...
2025-07-11 16:02:29,638 - __main__ - INFO - 💾 Successfully downloaded and updated رویین.
2025-07-11 16:02:29,653 - __main__ - INFO - ⏰ File for بمولد is old (91.2 hours). Attempting to update...
2025-07-11 16:02:30,687 - __main__ - INFO - 💾 Successfully downloaded and updated بمولد.
2025-07-11 16:02:30,688 - __main__ - INFO - ⏰ File for دعبید is old (91.2 hours). Attempting to update...
2025-07-11 16:02:32,377 - __main__ - INFO - 💾 Successfully downloaded and updated دعبید.
2025-07-11 16:02:32,385 - __main__ - INFO - ⏰ File for فخوزح is old (27.5 hours). Attempting to update...
2025-07-11 16:02:33,563 - __main__ - INFO - 💾 Successfully downloaded and updated فخوزح.
2025-07-11 16:02:33,564 - __main__ - INFO - ⏰ File for خمحرکه is old (91.2 hours). Attempting to update...
2025-07-11 16:02:35,232 - __main__ - INFO - 💾 Successfully downloaded and updated خمحرکه.
2025-07-11 16:02:35,233 - __main__ - INFO - ⏰ File for ونفت is old (91.2 hours). Attempting to update...
2025-07-11 16:02:37,126 - __main__ - INFO - 💾 Successfully downloaded and updated ونفت.
2025-07-11 16:02:37,138 - __main__ - INFO - ⏰ File for وسرضوی is old (74.6 hours). Attempting to update...
2025-07-11 16:02:38,164 - __main__ - INFO - 💾 Successfully downloaded and updated وسرضوی.
2025-07-11 16:02:38,165 - __main__ - INFO - ⏰ File for پیزد is old (91.2 hours). Attempting to update...
2025-07-11 16:02:39,248 - __main__ - INFO - 💾 Successfully downloaded and updated پیزد.
2025-07-11 16:02:39,249 - __main__ - INFO - ⏰ File for بفجرح is old (74.6 hours). Attempting to update...
2025-07-11 16:02:40,313 - __main__ - INFO - 💾 Successfully downloaded and updated بفجرح.
2025-07-11 16:02:40,325 - __main__ - INFO - ⏰ File for فخاس is old (74.6 hours). Attempting to update...
2025-07-11 16:02:42,852 - __main__ - INFO - 💾 Successfully downloaded and updated فخاس.
2025-07-11 16:02:42,853 - __main__ - INFO - ⏰ File for غبهنوش is old (91.2 hours). Attempting to update...
2025-07-11 16:02:44,322 - __main__ - INFO - 💾 Successfully downloaded and updated غبهنوش.
2025-07-11 16:02:44,335 - __main__ - INFO - ⏰ File for وپاسار is old (91.2 hours). Attempting to update...
2025-07-11 16:02:45,729 - __main__ - INFO - 💾 Successfully downloaded and updated وپاسار.
2025-07-11 16:02:45,730 - __main__ - INFO - ⏰ File for سارابح is old (27.5 hours). Attempting to update...
2025-07-11 16:02:46,818 - __main__ - INFO - 💾 Successfully downloaded and updated سارابح.
2025-07-11 16:02:46,830 - __main__ - INFO - ⏰ File for غپینو is old (91.2 hours). Attempting to update...
2025-07-11 16:02:48,356 - __main__ - INFO - 💾 Successfully downloaded and updated غپینو.
2025-07-11 16:02:48,367 - __main__ - INFO - ⏰ File for پارتاح is old (27.5 hours). Attempting to update...
2025-07-11 16:02:49,480 - __main__ - INFO - 💾 Successfully downloaded and updated پارتاح.
2025-07-11 16:02:49,493 - __main__ - INFO - ⏰ File for ومهان is old (91.2 hours). Attempting to update...
2025-07-11 16:02:50,841 - __main__ - INFO - 💾 Successfully downloaded and updated ومهان.
2025-07-11 16:02:50,842 - __main__ - INFO - ⏰ File for فبیستون is old (92.8 hours). Attempting to update...
2025-07-11 16:02:51,491 - __main__ - ERROR - ❌ Failed to download فبیستون: single positional indexer is out-of-bounds. Will retry on next run.
2025-07-11 16:02:51,504 - __main__ - INFO - ⏰ File for ساینا is old (91.2 hours). Attempting to update...
2025-07-11 16:02:52,826 - __main__ - INFO - 💾 Successfully downloaded and updated ساینا.
2025-07-11 16:02:52,838 - __main__ - INFO - ⏰ File for فسرب is old (91.2 hours). Attempting to update...
2025-07-11 16:02:54,458 - __main__ - INFO - 💾 Successfully downloaded and updated فسرب.
2025-07-11 16:02:54,459 - __main__ - INFO - ⏰ File for اردستان is old (91.2 hours). Attempting to update...
2025-07-11 16:02:55,468 - __main__ - INFO - 💾 Successfully downloaded and updated اردستان.
2025-07-11 16:02:55,472 - __main__ - INFO - ⏰ File for غساساح is old (27.5 hours). Attempting to update...
2025-07-11 16:02:56,548 - __main__ - INFO - 💾 Successfully downloaded and updated غساساح.
2025-07-11 16:02:56,560 - __main__ - INFO - ⏰ File for کساوه is old (91.2 hours). Attempting to update...
2025-07-11 16:02:58,225 - __main__ - INFO - 💾 Successfully downloaded and updated کساوه.
2025-07-11 16:02:58,227 - __main__ - INFO - ⏰ File for سیمرغ is old (91.2 hours). Attempting to update...
2025-07-11 16:02:59,316 - __main__ - INFO - 💾 Successfully downloaded and updated سیمرغ.
2025-07-11 16:02:59,328 - __main__ - INFO - ⏰ File for کرازیح is old (74.6 hours). Attempting to update...
2025-07-11 16:03:00,431 - __main__ - INFO - 💾 Successfully downloaded and updated کرازیح.
2025-07-11 16:03:00,442 - __main__ - INFO - ⏰ File for نتوسح is old (92.8 hours). Attempting to update...
2025-07-11 16:03:01,117 - __main__ - ERROR - ❌ Failed to download نتوسح: single positional indexer is out-of-bounds. Will retry on next run.
2025-07-11 16:03:01,130 - __main__ - INFO - ⏰ File for بسویچ is old (91.2 hours). Attempting to update...
2025-07-11 16:03:03,446 - __main__ - INFO - 💾 Successfully downloaded and updated بسویچ.
2025-07-11 16:03:03,447 - __main__ - INFO - ⏰ File for خشرقح is old (27.5 hours). Attempting to update...
2025-07-11 16:03:04,614 - __main__ - INFO - 💾 Successfully downloaded and updated خشرقح.
2025-07-11 16:03:04,625 - __main__ - INFO - ⏰ File for تیپیکو is old (91.2 hours). Attempting to update...
2025-07-11 16:03:06,067 - __main__ - INFO - 💾 Successfully downloaded and updated تیپیکو.
2025-07-11 16:03:06,080 - __main__ - INFO - ⏰ File for اطلس is old (91.2 hours). Attempting to update...
2025-07-11 16:03:08,173 - __main__ - INFO - 💾 Successfully downloaded and updated اطلس.
2025-07-11 16:03:08,184 - __main__ - INFO - ⏰ File for ولساپاح is old (27.5 hours). Attempting to update...
2025-07-11 16:03:10,357 - __main__ - INFO - 💾 Successfully downloaded and updated ولساپاح.
2025-07-11 16:03:10,357 - __main__ - INFO - ⏰ File for ریشمک is old (91.2 hours). Attempting to update...
2025-07-11 16:03:14,330 - __main__ - INFO - 💾 Successfully downloaded and updated ریشمک.
2025-07-11 16:03:14,341 - __main__ - INFO - ⏰ File for اجداد is old (92.8 hours). Attempting to update...
2025-07-11 16:03:15,746 - __main__ - ERROR - ❌ Failed to download اجداد: single positional indexer is out-of-bounds. Will retry on next run.
2025-07-11 16:03:15,749 - __main__ - INFO - ⏰ File for اپرداز is old (91.2 hours). Attempting to update...
2025-07-11 16:03:22,358 - __main__ - INFO - 💾 Successfully downloaded and updated اپرداز.
2025-07-11 16:03:22,359 - __main__ - INFO - ⏰ File for سکارونح is old (92.8 hours). Attempting to update...
2025-07-11 16:03:23,090 - __main__ - ERROR - ❌ Failed to download سکارونح: single positional indexer is out-of-bounds. Will retry on next run.
2025-07-11 16:03:23,091 - __main__ - INFO - ⏰ File for خبنیان is old (91.2 hours). Attempting to update...
2025-07-11 16:03:24,092 - __main__ - INFO - 💾 Successfully downloaded and updated خبنیان.
2025-07-11 16:03:24,095 - __main__ - INFO - ⏰ File for فسبزوار is old (91.2 hours). Attempting to update...
2025-07-11 16:03:25,117 - __main__ - INFO - 💾 Successfully downloaded and updated فسبزوار.
2025-07-11 16:03:25,117 - __main__ - INFO - ⏰ File for فلولهح is old (27.5 hours). Attempting to update...
2025-07-11 16:03:26,285 - __main__ - INFO - 💾 Successfully downloaded and updated فلولهح.
2025-07-11 16:03:26,293 - __main__ - INFO - ⏰ File for خریخت is old (74.6 hours). Attempting to update...
2025-07-11 16:03:28,669 - __main__ - INFO - 💾 Successfully downloaded and updated خریخت.
2025-07-11 16:03:28,678 - __main__ - INFO - ⏰ File for خورشید is old (91.2 hours). Attempting to update...
2025-07-11 16:03:29,630 - __main__ - INFO - 💾 Successfully downloaded and updated خورشید.
2025-07-11 16:03:29,639 - __main__ - INFO - ⏰ File for شکربنح is old (27.1 hours). Attempting to update...
2025-07-11 16:03:30,791 - __main__ - INFO - 💾 Successfully downloaded and updated شکربنح.
2025-07-11 16:03:30,792 - __main__ - INFO - ⏰ File for حفجر is old (92.8 hours). Attempting to update...
2025-07-11 16:03:31,466 - __main__ - ERROR - ❌ Failed to download حفجر: single positional indexer is out-of-bounds. Will retry on next run.
2025-07-11 16:03:31,466 - __main__ - INFO - ⏰ File for کطبسح is old (74.6 hours). Attempting to update...
2025-07-11 16:03:32,640 - __main__ - INFO - 💾 Successfully downloaded and updated کطبسح.
2025-07-11 16:03:32,652 - __main__ - INFO - ⏰ File for اکالا is old (74.6 hours). Attempting to update...
2025-07-11 16:03:34,123 - __main__ - INFO - 💾 Successfully downloaded and updated اکالا.
2025-07-11 16:03:34,124 - __main__ - INFO - ⏰ File for اعتلا is old (91.2 hours). Attempting to update...
2025-07-11 16:03:35,673 - __main__ - INFO - 💾 Successfully downloaded and updated اعتلا.
2025-07-11 16:03:35,685 - __main__ - INFO - ⏰ File for ثپردیس is old (91.2 hours). Attempting to update...
2025-07-11 16:03:36,959 - __main__ - INFO - 💾 Successfully downloaded and updated ثپردیس.
2025-07-11 16:03:36,971 - __main__ - INFO - ⏰ File for پکویر is old (91.2 hours). Attempting to update...
2025-07-11 16:03:38,242 - __main__ - INFO - 💾 Successfully downloaded and updated پکویر.
2025-07-11 16:03:38,255 - __main__ - INFO - ⏰ File for کدما is old (91.2 hours). Attempting to update...
2025-07-11 16:03:39,540 - __main__ - INFO - 💾 Successfully downloaded and updated کدما.
2025-07-11 16:03:39,542 - __main__ - INFO - ⏰ File for فجامح is old (27.1 hours). Attempting to update...
2025-07-11 16:03:40,652 - __main__ - INFO - 💾 Successfully downloaded and updated فجامح.
2025-07-11 16:03:40,664 - __main__ - INFO - ⏰ File for وپتروح is old (27.1 hours). Attempting to update...
2025-07-11 16:03:41,690 - __main__ - INFO - 💾 Successfully downloaded and updated وپتروح.
2025-07-11 16:03:41,690 - __main__ - INFO - ⏰ File for حشکوه is old (91.2 hours). Attempting to update...
2025-07-11 16:03:43,050 - __main__ - INFO - 💾 Successfully downloaded and updated حشکوه.
2025-07-11 16:03:43,051 - __main__ - INFO - ⏰ File for واعتبارح is old (27.1 hours). Attempting to update...
2025-07-11 16:03:45,203 - __main__ - INFO - 💾 Successfully downloaded and updated واعتبارح.
2025-07-11 16:03:45,215 - __main__ - INFO - ⏰ File for سشمال is old (91.2 hours). Attempting to update...
2025-07-11 16:03:46,978 - __main__ - INFO - 💾 Successfully downloaded and updated سشمال.
2025-07-11 16:03:46,990 - __main__ - INFO - ⏰ File for بسویچح is old (27.1 hours). Attempting to update...
2025-07-11 16:03:48,047 - __main__ - INFO - 💾 Successfully downloaded and updated بسویچح.
2025-07-11 16:03:48,059 - __main__ - INFO - ⏰ File for وبهمن is old (91.2 hours). Attempting to update...
2025-07-11 16:03:49,607 - __main__ - INFO - 💾 Successfully downloaded and updated وبهمن.
2025-07-11 16:03:49,608 - __main__ - INFO - ⏰ File for فافزا is old (91.2 hours). Attempting to update...
2025-07-11 16:03:50,885 - __main__ - INFO - 💾 Successfully downloaded and updated فافزا.
2025-07-11 16:03:50,897 - __main__ - INFO - ⏰ File for دفاراح is old (74.6 hours). Attempting to update...
2025-07-11 16:03:52,060 - __main__ - INFO - 💾 Successfully downloaded and updated دفاراح.
2025-07-11 16:03:52,061 - __main__ - INFO - ⏰ File for ونفتح is old (27.1 hours). Attempting to update...
2025-07-11 16:03:54,214 - __main__ - INFO - 💾 Successfully downloaded and updated ونفتح.
2025-07-11 16:03:54,215 - __main__ - INFO - ⏰ File for وسکابح is old (27.1 hours). Attempting to update...
2025-07-11 16:03:55,304 - __main__ - INFO - 💾 Successfully downloaded and updated وسکابح.
2025-07-11 16:03:55,305 - __main__ - INFO - ⏰ File for شرانل is old (91.2 hours). Attempting to update...
2025-07-11 16:03:56,697 - __main__ - INFO - 💾 Successfully downloaded and updated شرانل.
2025-07-11 16:03:56,698 - __main__ - INFO - ⏰ File for شساخت is old (91.2 hours). Attempting to update...
2025-07-11 16:03:58,622 - __main__ - INFO - 💾 Successfully downloaded and updated شساخت.
2025-07-11 16:03:58,634 - __main__ - INFO - ⏰ File for کاردان is old (91.2 hours). Attempting to update...
2025-07-11 16:04:01,078 - __main__ - INFO - 💾 Successfully downloaded and updated کاردان.
2025-07-11 16:04:01,090 - __main__ - INFO - ⏰ File for حکشتیح is old (74.6 hours). Attempting to update...
2025-07-11 16:04:03,215 - __main__ - INFO - 💾 Successfully downloaded and updated حکشتیح.
2025-07-11 16:04:03,215 - __main__ - INFO - ⏰ File for قشیرح is old (27.1 hours). Attempting to update...
2025-07-11 16:04:04,413 - __main__ - INFO - 💾 Successfully downloaded and updated قشیرح.
2025-07-11 16:04:04,425 - __main__ - INFO - ⏰ File for شتاب is old (91.2 hours). Attempting to update...
2025-07-11 16:04:05,344 - __main__ - INFO - 💾 Successfully downloaded and updated شتاب.
2025-07-11 16:04:05,344 - __main__ - INFO - ⏰ File for ونوینح is old (27.1 hours). Attempting to update...
2025-07-11 16:04:06,547 - __main__ - INFO - 💾 Successfully downloaded and updated ونوینح.
2025-07-11 16:04:06,558 - __main__ - INFO - ⏰ File for غبهپاک is old (27.1 hours). Attempting to update...
2025-07-11 16:04:10,008 - __main__ - INFO - 💾 Successfully downloaded and updated غبهپاک.
2025-07-11 16:04:10,019 - __main__ - INFO - ⏰ File for چکاپا is old (91.2 hours). Attempting to update...
2025-07-11 16:04:11,218 - __main__ - INFO - 💾 Successfully downloaded and updated چکاپا.
2025-07-11 16:04:11,230 - __main__ - INFO - ⏰ File for وساربیل is old (74.6 hours). Attempting to update...
2025-07-11 16:04:12,262 - __main__ - INFO - 💾 Successfully downloaded and updated وساربیل.
2025-07-11 16:04:12,275 - __main__ - INFO - ⏰ File for کدماح is old (74.6 hours). Attempting to update...
2025-07-11 16:04:13,353 - __main__ - INFO - 💾 Successfully downloaded and updated کدماح.
2025-07-11 16:04:13,366 - __main__ - INFO - ⏰ File for خپارس is old (91.2 hours). Attempting to update...
2025-07-11 16:04:15,086 - __main__ - INFO - 💾 Successfully downloaded and updated خپارس.
2025-07-11 16:04:15,099 - __main__ - INFO - ⏰ File for شفن is old (91.2 hours). Attempting to update...
2025-07-11 16:04:16,770 - __main__ - INFO - 💾 Successfully downloaded and updated شفن.
2025-07-11 16:04:16,771 - __main__ - INFO - ⏰ File for نشان is old (91.2 hours). Attempting to update...
2025-07-11 16:04:17,886 - __main__ - INFO - 💾 Successfully downloaded and updated نشان.
2025-07-11 16:04:17,887 - __main__ - INFO - ⏰ File for سدبیر is old (91.2 hours). Attempting to update...
2025-07-11 16:04:19,340 - __main__ - INFO - 💾 Successfully downloaded and updated سدبیر.
2025-07-11 16:04:19,341 - __main__ - INFO - ⏰ File for غگرجیح is old (74.6 hours). Attempting to update...
2025-07-11 16:04:20,384 - __main__ - INFO - 💾 Successfully downloaded and updated غگرجیح.
2025-07-11 16:04:20,395 - __main__ - INFO - ⏰ File for وسکرمان is old (74.6 hours). Attempting to update...
2025-07-11 16:04:22,469 - __main__ - INFO - 💾 Successfully downloaded and updated وسکرمان.
2025-07-11 16:04:22,481 - __main__ - INFO - ⏰ File for تملتح is old (74.6 hours). Attempting to update...
2025-07-11 16:04:23,479 - __main__ - INFO - 💾 Successfully downloaded and updated تملتح.
2025-07-11 16:04:23,480 - __main__ - INFO - ⏰ File for گنگین is old (74.6 hours). Attempting to update...
2025-07-11 16:04:24,841 - __main__ - INFO - 💾 Successfully downloaded and updated گنگین.
2025-07-11 16:04:24,842 - __main__ - INFO - ⏰ File for ارفع is old (91.2 hours). Attempting to update...
2025-07-11 16:04:26,040 - __main__ - INFO - 💾 Successfully downloaded and updated ارفع.
2025-07-11 16:04:26,041 - __main__ - INFO - ⏰ File for سپح is old (74.6 hours). Attempting to update...
2025-07-11 16:04:27,106 - __main__ - INFO - 💾 Successfully downloaded and updated سپح.
2025-07-11 16:04:27,117 - __main__ - INFO - ⏰ File for زمگساح is old (27.1 hours). Attempting to update...
2025-07-11 16:04:28,556 - __main__ - INFO - 💾 Successfully downloaded and updated زمگساح.
2025-07-11 16:04:28,569 - __main__ - INFO - ⏰ File for سغربح is old (27.1 hours). Attempting to update...
2025-07-11 16:04:29,573 - __main__ - INFO - 💾 Successfully downloaded and updated سغربح.
2025-07-11 16:04:29,600 - __main__ - INFO - ⏰ File for گنج is old (91.2 hours). Attempting to update...
2025-07-11 16:04:30,542 - __main__ - INFO - 💾 Successfully downloaded and updated گنج.
2025-07-11 16:04:30,554 - __main__ - INFO - ⏰ File for لخزرح is old (92.8 hours). Attempting to update...
2025-07-11 16:04:31,272 - __main__ - ERROR - ❌ Failed to download لخزرح: single positional indexer is out-of-bounds. Will retry on next run.
2025-07-11 16:04:31,285 - __main__ - INFO - ⏰ File for بپاس is old (91.2 hours). Attempting to update...
2025-07-11 16:04:32,726 - __main__ - INFO - 💾 Successfully downloaded and updated بپاس.
2025-07-11 16:04:32,738 - __main__ - INFO - ⏰ File for شتهران is old (74.6 hours). Attempting to update...
2025-07-11 16:04:34,220 - __main__ - INFO - 💾 Successfully downloaded and updated شتهران.
2025-07-11 16:04:34,221 - __main__ - INFO - ⏰ File for دارا is old (91.2 hours). Attempting to update...
2025-07-11 16:04:35,241 - __main__ - INFO - 💾 Successfully downloaded and updated دارا.
2025-07-11 16:04:35,252 - __main__ - INFO - ⏰ File for سمازنح is old (27.1 hours). Attempting to update...
2025-07-11 16:04:36,339 - __main__ - INFO - 💾 Successfully downloaded and updated سمازنح.
2025-07-11 16:04:36,340 - __main__ - INFO - ⏰ File for خپویش is old (91.2 hours). Attempting to update...
2025-07-11 16:04:37,724 - __main__ - INFO - 💾 Successfully downloaded and updated خپویش.
2025-07-11 16:04:37,731 - __main__ - INFO - ⏰ File for وشستان is old (92.8 hours). Attempting to update...
2025-07-11 16:04:38,388 - __main__ - ERROR - ❌ Failed to download وشستان: single positional indexer is out-of-bounds. Will retry on next run.
2025-07-11 16:04:38,400 - __main__ - INFO - ⏰ File for سفارود is old (91.2 hours). Attempting to update...
2025-07-11 16:04:40,257 - __main__ - INFO - 💾 Successfully downloaded and updated سفارود.
2025-07-11 16:04:40,258 - __main__ - INFO - ⏰ File for فتوسا is old (91.2 hours). Attempting to update...
2025-07-11 16:04:41,270 - __main__ - INFO - 💾 Successfully downloaded and updated فتوسا.
2025-07-11 16:04:41,282 - __main__ - INFO - ⏰ File for والماس is old (91.2 hours). Attempting to update...
2025-07-11 16:04:42,196 - __main__ - INFO - 💾 Successfully downloaded and updated والماس.
2025-07-11 16:04:42,208 - __main__ - INFO - ⏰ File for وگردش is old (74.6 hours). Attempting to update...
2025-07-11 16:04:43,861 - __main__ - INFO - 💾 Successfully downloaded and updated وگردش.
2025-07-11 16:04:43,863 - __main__ - INFO - ⏰ File for کیانا is old (91.2 hours). Attempting to update...
2025-07-11 16:04:44,749 - __main__ - INFO - 💾 Successfully downloaded and updated کیانا.
2025-07-11 16:04:44,760 - __main__ - INFO - ⏰ File for پکیانح is old (27.1 hours). Attempting to update...
2025-07-11 16:04:45,841 - __main__ - INFO - 💾 Successfully downloaded and updated پکیانح.
2025-07-11 16:04:45,842 - __main__ - INFO - ⏰ File for لپویا is old (27.1 hours). Attempting to update...
2025-07-11 16:04:47,469 - __main__ - INFO - 💾 Successfully downloaded and updated لپویا.
2025-07-11 16:04:47,481 - __main__ - INFO - ⏰ File for سقاین is old (91.2 hours). Attempting to update...
2025-07-11 16:04:49,578 - __main__ - INFO - 💾 Successfully downloaded and updated سقاین.
2025-07-11 16:04:49,590 - __main__ - INFO - ⏰ File for غگیلا is old (91.2 hours). Attempting to update...
2025-07-11 16:04:51,610 - __main__ - INFO - 💾 Successfully downloaded and updated غگیلا.
2025-07-11 16:04:51,622 - __main__ - INFO - ⏰ File for خاذین is old (91.2 hours). Attempting to update...
2025-07-11 16:04:54,263 - __main__ - INFO - 💾 Successfully downloaded and updated خاذین.
2025-07-11 16:04:54,264 - __main__ - INFO - ⏰ File for رمپنا is old (74.6 hours). Attempting to update...
2025-07-11 16:04:56,500 - __main__ - INFO - 💾 Successfully downloaded and updated رمپنا.
2025-07-11 16:04:56,501 - __main__ - INFO - ⏰ File for فنوردح is old (27.1 hours). Attempting to update...
2025-07-11 16:04:57,532 - __main__ - INFO - 💾 Successfully downloaded and updated فنوردح.
2025-07-11 16:04:57,543 - __main__ - INFO - ⏰ File for کماسه is old (91.2 hours). Attempting to update...
2025-07-11 16:04:58,928 - __main__ - INFO - 💾 Successfully downloaded and updated کماسه.
2025-07-11 16:04:58,941 - __main__ - INFO - ⏰ File for لازماح is old (27.2 hours). Attempting to update...
2025-07-11 16:05:00,547 - __main__ - INFO - 💾 Successfully downloaded and updated لازماح.
2025-07-11 16:05:00,548 - __main__ - INFO - ⏰ File for قاروم is old (91.2 hours). Attempting to update...
2025-07-11 16:05:01,544 - __main__ - INFO - 💾 Successfully downloaded and updated قاروم.
2025-07-11 16:05:01,555 - __main__ - INFO - ⏰ File for اهرم is old (91.2 hours). Attempting to update...
2025-07-11 16:05:02,582 - __main__ - INFO - 💾 Successfully downloaded and updated اهرم.
2025-07-11 16:05:02,594 - __main__ - INFO - ⏰ File for چنوپاح is old (74.6 hours). Attempting to update...
2025-07-11 16:05:03,626 - __main__ - INFO - 💾 Successfully downloaded and updated چنوپاح.
2025-07-11 16:05:03,627 - __main__ - INFO - ⏰ File for بخاور is old (91.2 hours). Attempting to update...
2025-07-11 16:05:05,635 - __main__ - INFO - 💾 Successfully downloaded and updated بخاور.
2025-07-11 16:05:05,637 - __main__ - INFO - ⏰ File for مرقام is old (74.6 hours). Attempting to update...
2025-07-11 16:05:06,973 - __main__ - INFO - 💾 Successfully downloaded and updated مرقام.
2025-07-11 16:05:06,985 - __main__ - INFO - ⏰ File for کگل is old (91.2 hours). Attempting to update...
2025-07-11 16:05:08,552 - __main__ - INFO - 💾 Successfully downloaded and updated کگل.
2025-07-11 16:05:08,565 - __main__ - INFO - ⏰ File for ثمسکن is old (91.2 hours). Attempting to update...
2025-07-11 16:05:10,196 - __main__ - INFO - 💾 Successfully downloaded and updated ثمسکن.
2025-07-11 16:05:10,207 - __main__ - INFO - ⏰ File for دیران is old (91.2 hours). Attempting to update...
2025-07-11 16:05:11,703 - __main__ - INFO - 💾 Successfully downloaded and updated دیران.
2025-07-11 16:05:11,704 - __main__ - INFO - ⏰ File for کاصفا is old (27.2 hours). Attempting to update...
2025-07-11 16:05:13,235 - __main__ - INFO - 💾 Successfully downloaded and updated کاصفا.
2025-07-11 16:05:13,236 - __main__ - INFO - ⏰ File for بساما is old (91.2 hours). Attempting to update...
2025-07-11 16:05:14,654 - __main__ - INFO - 💾 Successfully downloaded and updated بساما.
2025-07-11 16:05:14,667 - __main__ - INFO - ⏰ File for سبجنو is old (91.2 hours). Attempting to update...
2025-07-11 16:05:16,088 - __main__ - INFO - 💾 Successfully downloaded and updated سبجنو.
2025-07-11 16:05:16,099 - __main__ - INFO - ⏰ File for پکیان is old (27.2 hours). Attempting to update...
2025-07-11 16:05:18,914 - __main__ - INFO - 💾 Successfully downloaded and updated پکیان.
2025-07-11 16:05:18,925 - __main__ - INFO - ⏰ File for وپاسارح is old (74.6 hours). Attempting to update...
2025-07-11 16:05:20,169 - __main__ - INFO - 💾 Successfully downloaded and updated وپاسارح.
2025-07-11 16:05:20,171 - __main__ - INFO - ⏰ File for غشهداب is old (91.2 hours). Attempting to update...
2025-07-11 16:05:21,235 - __main__ - INFO - 💾 Successfully downloaded and updated غشهداب.
2025-07-11 16:05:21,235 - __main__ - INFO - ✅ Smart Downloader finished its run.
2025-07-11 16:12:21,469 - __main__ - INFO - Data directory set to: C:\Portfolio-Optimizer\data\tickers_data
2025-07-11 16:12:21,469 - __main__ - INFO - Cache directory set to: C:\Portfolio-Optimizer\cache_v3
2025-07-11 16:12:21,470 - __main__ - INFO - 🚀 Starting Smart Downloader...
2025-07-11 16:12:21,470 - __main__ - INFO - 📊 Fetching all symbols from TSE...
2025-07-11 16:12:21,470 - __main__ - INFO - ✅ Using valid cache symbols_data_v3.json (91.7 hours old)
2025-07-11 16:12:21,474 - __main__ - INFO -    Loaded 1394 symbols from cache
2025-07-11 16:12:21,474 - __main__ - INFO - 🔍 Filtering from 1394 total symbols...
2025-07-11 16:12:21,487 - __main__ - INFO -    ✅ Filtered universe: 1394 → 1389 stocks
2025-07-11 16:12:21,488 - __main__ - INFO - Updating data for 1389 symbols...
2025-07-11 16:12:21,488 - __main__ - INFO - ⏰ File for ثمسکنح is old (48.8 hours). Attempting to update...
2025-07-11 16:12:31,005 - __main__ - INFO - 💾 Successfully downloaded and updated ثمسکنح.
2025-07-11 16:12:31,006 - __main__ - INFO - ✅ Skipping قستون (already up-to-date, 0.7 hours old)
2025-07-11 16:12:31,007 - __main__ - INFO - ✅ Skipping درازکح (already up-to-date, 0.7 hours old)
2025-07-11 16:12:31,007 - __main__ - INFO - ✅ Skipping صبا (already up-to-date, 0.7 hours old)
2025-07-11 16:12:31,008 - __main__ - INFO - ✅ Skipping ستران (already up-to-date, 0.7 hours old)
2025-07-11 16:12:31,008 - __main__ - INFO - ✅ Skipping کسعدیح (already up-to-date, 0.7 hours old)
2025-07-11 16:12:31,009 - __main__ - INFO - ✅ Skipping داسوه (already up-to-date, 0.7 hours old)
2025-07-11 16:12:31,009 - __main__ - INFO - ✅ Skipping دفارا (already up-to-date, 0.7 hours old)
2025-07-11 16:12:31,010 - __main__ - INFO - ✅ Skipping اسیاتک (already up-to-date, 0.7 hours old)
2025-07-11 16:12:31,010 - __main__ - INFO - ✅ Skipping میدکو (already up-to-date, 0.7 hours old)
2025-07-11 16:12:31,011 - __main__ - INFO - ✅ Skipping بالاس (already up-to-date, 0.7 hours old)
2025-07-11 16:12:31,011 - __main__ - INFO - ✅ Skipping ولغدر (already up-to-date, 0.7 hours old)
2025-07-11 16:12:31,012 - __main__ - INFO - ✅ Skipping وثوق (already up-to-date, 0.7 hours old)
2025-07-11 16:12:31,012 - __main__ - INFO - ✅ Skipping وصنا (already up-to-date, 0.7 hours old)
2025-07-11 16:12:31,012 - __main__ - INFO - ✅ Skipping سهرمزح (already up-to-date, 0.7 hours old)
2025-07-11 16:12:31,013 - __main__ - INFO - ✅ Skipping افق ملت (already up-to-date, 0.7 hours old)
2025-07-11 16:12:31,014 - __main__ - INFO - ✅ Skipping افقح (already up-to-date, 0.7 hours old)
2025-07-11 16:12:31,014 - __main__ - INFO - ✅ Skipping وبشهرح (already up-to-date, 0.7 hours old)
2025-07-11 16:12:31,015 - __main__ - INFO - ✅ Skipping غمینو (already up-to-date, 0.7 hours old)
2025-07-11 16:12:31,015 - __main__ - INFO - ✅ Skipping 18719101 (already up-to-date, 0.7 hours old)
2025-07-11 16:12:31,016 - __main__ - INFO - ✅ Skipping ختوقاح (already up-to-date, 0.7 hours old)
2025-07-11 16:12:31,017 - __main__ - INFO - ✅ Skipping سپیدما (already up-to-date, 0.7 hours old)
2025-07-11 16:12:31,018 - __main__ - INFO - ✅ Skipping سکرماح (already up-to-date, 0.7 hours old)
2025-07-11 16:12:31,018 - __main__ - INFO - ✅ Skipping وتوسکاح (already up-to-date, 0.7 hours old)
2025-07-11 16:12:31,019 - __main__ - INFO - ✅ Skipping آپ (already up-to-date, 0.7 hours old)
2025-07-11 16:12:31,019 - __main__ - INFO - ✅ Skipping فرآورح (already up-to-date, 0.7 hours old)
2025-07-11 16:12:31,020 - __main__ - INFO - ✅ Skipping پکرمانح (already up-to-date, 0.7 hours old)
2025-07-11 16:12:31,020 - __main__ - INFO - ✅ Skipping ثالوند (already up-to-date, 0.7 hours old)
2025-07-11 16:12:31,021 - __main__ - INFO - ✅ Skipping پرتو (already up-to-date, 0.7 hours old)
2025-07-11 16:12:31,023 - __main__ - INFO - ✅ Skipping غیوان (already up-to-date, 0.7 hours old)
2025-07-11 16:12:31,024 - __main__ - INFO - ✅ Skipping شپلی (already up-to-date, 0.7 hours old)
2025-07-11 16:12:31,024 - __main__ - INFO - ✅ Skipping کفرا (already up-to-date, 0.7 hours old)
2025-07-11 16:12:31,025 - __main__ - INFO - ⏰ File for قشهدح is old (93.0 hours). Attempting to update...
2025-07-11 16:12:33,499 - __main__ - ERROR - ❌ Failed to download قشهدح: single positional indexer is out-of-bounds. Will retry on next run.
2025-07-11 16:12:33,501 - __main__ - INFO - ✅ Skipping چبسپاح (already up-to-date, 0.7 hours old)
2025-07-11 16:12:33,502 - __main__ - INFO - ✅ Skipping خصدرا (already up-to-date, 0.7 hours old)
2025-07-11 16:12:33,503 - __main__ - INFO - ✅ Skipping خگسترح (already up-to-date, 0.7 hours old)
2025-07-11 16:12:33,503 - __main__ - INFO - ✅ Skipping لوتوسح (already up-to-date, 0.7 hours old)
2025-07-11 16:12:33,503 - __main__ - INFO - ✅ Skipping تبرک (already up-to-date, 0.7 hours old)
2025-07-11 16:12:33,504 - __main__ - INFO - ✅ Skipping کچادح (already up-to-date, 0.7 hours old)
2025-07-11 16:12:33,505 - __main__ - INFO - ✅ Skipping وپخشح (already up-to-date, 0.7 hours old)
2025-07-11 16:12:33,505 - __main__ - INFO - ✅ Skipping خموتورح (already up-to-date, 0.7 hours old)
2025-07-11 16:12:33,505 - __main__ - INFO - ✅ Skipping کاذرح (already up-to-date, 0.7 hours old)
2025-07-11 16:12:33,506 - __main__ - INFO - ✅ Skipping کساوهح (already up-to-date, 0.7 hours old)
2025-07-11 16:12:33,506 - __main__ - INFO - ✅ Skipping کیسون (already up-to-date, 0.7 hours old)
2025-07-11 16:12:33,507 - __main__ - INFO - ⏰ File for خمحورح is old (93.0 hours). Attempting to update...
2025-07-11 16:12:36,316 - __main__ - ERROR - ❌ Failed to download خمحورح: single positional indexer is out-of-bounds. Will retry on next run.
2025-07-11 16:12:36,317 - __main__ - INFO - ✅ Skipping قستان (already up-to-date, 0.7 hours old)
2025-07-11 16:12:36,318 - __main__ - INFO - ✅ Skipping پاسا (already up-to-date, 0.7 hours old)
2025-07-11 16:12:36,318 - __main__ - INFO - ✅ Skipping کیمیاتک (already up-to-date, 0.7 hours old)
2025-07-11 16:12:36,319 - __main__ - INFO - ✅ Skipping فکمند (already up-to-date, 0.7 hours old)
2025-07-11 16:12:36,319 - __main__ - INFO - ✅ Skipping قرن (already up-to-date, 0.7 hours old)
2025-07-11 16:12:36,320 - __main__ - INFO - ✅ Skipping صنهال (already up-to-date, 0.7 hours old)
2025-07-11 16:12:36,320 - __main__ - INFO - ✅ Skipping ثجنوب (already up-to-date, 0.7 hours old)
2025-07-11 16:12:36,321 - __main__ - INFO - ✅ Skipping غاذر (already up-to-date, 0.7 hours old)
2025-07-11 16:12:36,321 - __main__ - INFO - ✅ Skipping پتروصبا (already up-to-date, 0.7 hours old)
2025-07-11 16:12:36,322 - __main__ - INFO - ✅ Skipping خمحور (already up-to-date, 0.7 hours old)
2025-07-11 16:12:36,322 - __main__ - INFO - ✅ Skipping هامرز (already up-to-date, 0.7 hours old)
2025-07-11 16:12:36,323 - __main__ - INFO - ✅ Skipping وپست (already up-to-date, 0.7 hours old)
2025-07-11 16:12:36,324 - __main__ - INFO - ✅ Skipping نوین (already up-to-date, 0.7 hours old)
2025-07-11 16:12:36,324 - __main__ - INFO - ✅ Skipping شصدف (already up-to-date, 0.7 hours old)
2025-07-11 16:12:36,325 - __main__ - INFO - ✅ Skipping تفارس (already up-to-date, 0.7 hours old)
2025-07-11 16:12:36,325 - __main__ - INFO - ✅ Skipping غالبر (already up-to-date, 0.7 hours old)
2025-07-11 16:12:36,325 - __main__ - INFO - ✅ Skipping دسبحاح (already up-to-date, 0.7 hours old)
2025-07-11 16:12:36,326 - __main__ - INFO - ✅ Skipping گپارس (already up-to-date, 0.7 hours old)
2025-07-11 16:12:36,326 - __main__ - INFO - ✅ Skipping فن افزار (already up-to-date, 0.7 hours old)
2025-07-11 16:12:36,327 - __main__ - INFO - ✅ Skipping کساپاح (already up-to-date, 0.7 hours old)
2025-07-11 16:12:36,327 - __main__ - INFO - ✅ Skipping سقاینح (already up-to-date, 0.7 hours old)
2025-07-11 16:12:36,327 - __main__ - INFO - ✅ Skipping کازرو (already up-to-date, 0.7 hours old)
2025-07-11 16:12:36,328 - __main__ - INFO - ✅ Skipping هامون (already up-to-date, 0.7 hours old)
2025-07-11 16:12:36,328 - __main__ - INFO - ✅ Skipping خکمک (already up-to-date, 0.7 hours old)
2025-07-11 16:12:36,329 - __main__ - INFO - ✅ Skipping پردیسح (already up-to-date, 0.7 hours old)
2025-07-11 16:12:36,329 - __main__ - INFO - ✅ Skipping داریوش (already up-to-date, 0.7 hours old)
2025-07-11 16:12:36,329 - __main__ - INFO - ✅ Skipping زملارد (already up-to-date, 0.7 hours old)
2025-07-11 16:12:36,330 - __main__ - INFO - ✅ Skipping کاصفاح (already up-to-date, 0.7 hours old)
2025-07-11 16:12:36,330 - __main__ - INFO - ✅ Skipping ولغدرح (already up-to-date, 0.7 hours old)
2025-07-11 16:12:36,330 - __main__ - INFO - ✅ Skipping خودران (already up-to-date, 0.7 hours old)
2025-07-11 16:12:36,331 - __main__ - INFO - ✅ Skipping فاما (already up-to-date, 0.7 hours old)
2025-07-11 16:12:36,331 - __main__ - INFO - ✅ Skipping لبهمن (already up-to-date, 0.7 hours old)
2025-07-11 16:12:36,332 - __main__ - INFO - ✅ Skipping عالیس (already up-to-date, 0.7 hours old)
2025-07-11 16:12:36,332 - __main__ - INFO - ✅ Skipping قجام (already up-to-date, 0.7 hours old)
2025-07-11 16:12:36,333 - __main__ - INFO - ✅ Skipping ولبهمن (already up-to-date, 0.7 hours old)
2025-07-11 16:12:36,333 - __main__ - INFO - ✅ Skipping وتوسح (already up-to-date, 0.7 hours old)
2025-07-11 16:12:36,334 - __main__ - INFO - ✅ Skipping مروارید (already up-to-date, 0.7 hours old)
2025-07-11 16:12:36,334 - __main__ - INFO - ✅ Skipping فنرژی (already up-to-date, 0.7 hours old)
2025-07-11 16:12:36,335 - __main__ - INFO - ✅ Skipping ولقمان (already up-to-date, 0.7 hours old)
2025-07-11 16:12:36,335 - __main__ - INFO - ✅ Skipping بزاگرس (already up-to-date, 0.7 hours old)
2025-07-11 16:12:36,335 - __main__ - INFO - ✅ Skipping کبورس (already up-to-date, 0.7 hours old)
2025-07-11 16:12:36,336 - __main__ - INFO - ✅ Skipping وسین (already up-to-date, 0.7 hours old)
2025-07-11 16:12:36,336 - __main__ - INFO - ✅ Skipping خزامیا (already up-to-date, 0.7 hours old)
2025-07-11 16:12:36,337 - __main__ - INFO - ✅ Skipping شوش (already up-to-date, 0.7 hours old)
2025-07-11 16:12:36,337 - __main__ - INFO - ✅ Skipping بالبرح (already up-to-date, 0.7 hours old)
2025-07-11 16:12:36,337 - __main__ - INFO - ✅ Skipping وملت (already up-to-date, 0.7 hours old)
2025-07-11 16:12:36,338 - __main__ - INFO - ✅ Skipping فسپاح (already up-to-date, 0.7 hours old)
2025-07-11 16:12:36,338 - __main__ - INFO - ✅ Skipping شفاراح (already up-to-date, 0.7 hours old)
2025-07-11 16:12:36,339 - __main__ - INFO - ✅ Skipping وپارس (already up-to-date, 0.7 hours old)
2025-07-11 16:12:36,341 - __main__ - INFO - ⏰ File for وتوشهح is old (92.9 hours). Attempting to update...
2025-07-11 16:12:39,123 - __main__ - ERROR - ❌ Failed to download وتوشهح: single positional indexer is out-of-bounds. Will retry on next run.
2025-07-11 16:12:39,123 - __main__ - INFO - ✅ Skipping خمهرح (already up-to-date, 0.7 hours old)
2025-07-11 16:12:39,124 - __main__ - INFO - ✅ Skipping نخل (already up-to-date, 0.7 hours old)
2025-07-11 16:12:39,124 - __main__ - INFO - ✅ Skipping نکالا (already up-to-date, 0.7 hours old)
2025-07-11 16:12:39,124 - __main__ - INFO - ✅ Skipping چفیبر (already up-to-date, 0.7 hours old)
2025-07-11 16:12:39,125 - __main__ - INFO - ✅ Skipping سلام (already up-to-date, 0.7 hours old)
2025-07-11 16:12:39,125 - __main__ - INFO - ✅ Skipping وآفری (already up-to-date, 0.7 hours old)
2025-07-11 16:12:39,126 - __main__ - INFO - ✅ Skipping بنیرو (already up-to-date, 0.7 hours old)
2025-07-11 16:12:39,126 - __main__ - INFO - ✅ Skipping دسینا (already up-to-date, 0.7 hours old)
2025-07-11 16:12:39,127 - __main__ - INFO - ✅ Skipping دتوزیع (already up-to-date, 0.7 hours old)
2025-07-11 16:12:39,127 - __main__ - INFO - ✅ Skipping قشرین (already up-to-date, 0.7 hours old)
2025-07-11 16:12:39,128 - __main__ - INFO - ✅ Skipping کچاد (already up-to-date, 0.7 hours old)
2025-07-11 16:12:39,128 - __main__ - INFO - ✅ Skipping البرز (already up-to-date, 0.7 hours old)
2025-07-11 16:12:39,129 - __main__ - INFO - ✅ Skipping وکار (already up-to-date, 0.7 hours old)
2025-07-11 16:12:39,129 - __main__ - INFO - ✅ Skipping پتروآبان (already up-to-date, 0.6 hours old)
2025-07-11 16:12:39,130 - __main__ - INFO - ✅ Skipping شبصیر (already up-to-date, 0.6 hours old)
2025-07-11 16:12:39,130 - __main__ - INFO - ✅ Skipping دامینح (already up-to-date, 0.6 hours old)
2025-07-11 16:12:39,130 - __main__ - INFO - ✅ Skipping اکسیژن (already up-to-date, 0.6 hours old)
2025-07-11 16:12:39,131 - __main__ - INFO - ✅ Skipping وامیر (already up-to-date, 0.6 hours old)
2025-07-11 16:12:39,131 - __main__ - INFO - ✅ Skipping نبورس (already up-to-date, 0.6 hours old)
2025-07-11 16:12:39,132 - __main__ - INFO - ✅ Skipping دروز (already up-to-date, 0.6 hours old)
2025-07-11 16:12:39,132 - __main__ - INFO - ✅ Skipping دجابر (already up-to-date, 0.6 hours old)
2025-07-11 16:12:39,133 - __main__ - INFO - ✅ Skipping سهام یار (already up-to-date, 0.6 hours old)
2025-07-11 16:12:39,133 - __main__ - INFO - ✅ Skipping رشد (already up-to-date, 0.6 hours old)
2025-07-11 16:12:39,134 - __main__ - INFO - ⏰ File for تفیروح is old (93.0 hours). Attempting to update...
2025-07-11 16:12:41,750 - __main__ - ERROR - ❌ Failed to download تفیروح: single positional indexer is out-of-bounds. Will retry on next run.
2025-07-11 16:12:41,751 - __main__ - INFO - ✅ Skipping شجم (already up-to-date, 0.6 hours old)
2025-07-11 16:12:41,751 - __main__ - INFO - ✅ Skipping غویتا (already up-to-date, 0.6 hours old)
2025-07-11 16:12:41,752 - __main__ - INFO - ✅ Skipping وخاورح (already up-to-date, 0.6 hours old)
2025-07-11 16:12:41,752 - __main__ - INFO - ✅ Skipping پتروآگاه (already up-to-date, 0.6 hours old)
2025-07-11 16:12:41,753 - __main__ - INFO - ✅ Skipping دالبر (already up-to-date, 0.6 hours old)
2025-07-11 16:12:41,754 - __main__ - INFO - ✅ Skipping وسگلستا (already up-to-date, 0.6 hours old)
2025-07-11 16:12:41,754 - __main__ - INFO - ✅ Skipping وهور (already up-to-date, 0.6 hours old)
2025-07-11 16:12:41,754 - __main__ - INFO - ✅ Skipping وسیناح (already up-to-date, 0.6 hours old)
2025-07-11 16:12:41,755 - __main__ - INFO - ✅ Skipping کحافظ (already up-to-date, 0.6 hours old)
2025-07-11 16:12:41,756 - __main__ - INFO - ✅ Skipping ساروج (already up-to-date, 0.6 hours old)
2025-07-11 16:12:41,756 - __main__ - INFO - ✅ Skipping ولصنمح (already up-to-date, 0.6 hours old)
2025-07-11 16:12:41,757 - __main__ - INFO - ✅ Skipping ومدیر (already up-to-date, 0.6 hours old)
2025-07-11 16:12:41,757 - __main__ - INFO - ✅ Skipping قپارسح (already up-to-date, 0.6 hours old)
2025-07-11 16:12:41,758 - __main__ - INFO - ✅ Skipping ثنام (already up-to-date, 0.6 hours old)
2025-07-11 16:12:41,758 - __main__ - INFO - ✅ Skipping سبجنوح (already up-to-date, 0.6 hours old)
2025-07-11 16:12:41,758 - __main__ - INFO - ✅ Skipping شخارک (already up-to-date, 0.6 hours old)
2025-07-11 16:12:41,759 - __main__ - INFO - ✅ Skipping وسکاب (already up-to-date, 0.6 hours old)
2025-07-11 16:12:41,759 - __main__ - INFO - ✅ Skipping ممسنی (already up-to-date, 0.6 hours old)
2025-07-11 16:12:41,760 - __main__ - INFO - ✅ Skipping وثنو (already up-to-date, 0.6 hours old)
2025-07-11 16:12:41,760 - __main__ - INFO - ✅ Skipping داراب (already up-to-date, 0.6 hours old)
2025-07-11 16:12:41,761 - __main__ - INFO - ✅ Skipping حپتروح (already up-to-date, 0.6 hours old)
2025-07-11 16:12:41,761 - __main__ - INFO - ✅ Skipping کسرامح (already up-to-date, 0.6 hours old)
2025-07-11 16:12:41,761 - __main__ - INFO - ✅ Skipping صدف (already up-to-date, 0.6 hours old)
2025-07-11 16:12:41,762 - __main__ - INFO - ⏰ File for شیرانح is old (93.0 hours). Attempting to update...
2025-07-11 16:12:44,220 - __main__ - ERROR - ❌ Failed to download شیرانح: single positional indexer is out-of-bounds. Will retry on next run.
2025-07-11 16:12:44,221 - __main__ - INFO - ✅ Skipping نتوس (already up-to-date, 0.6 hours old)
2025-07-11 16:12:44,532 - __main__ - INFO - ✅ Skipping تاصیکوح (already up-to-date, 0.6 hours old)
2025-07-11 16:12:44,535 - __main__ - INFO - ✅ Skipping آرمان (already up-to-date, 0.6 hours old)
2025-07-11 16:12:44,535 - __main__ - INFO - ✅ Skipping وآردلح (already up-to-date, 0.6 hours old)
2025-07-11 16:12:44,536 - __main__ - INFO - ✅ Skipping فباهنرح (already up-to-date, 0.6 hours old)
2025-07-11 16:12:44,536 - __main__ - INFO - ✅ Skipping ومشان (already up-to-date, 0.6 hours old)
2025-07-11 16:12:44,537 - __main__ - INFO - ✅ Skipping غدیس (already up-to-date, 0.6 hours old)
2025-07-11 16:12:44,537 - __main__ - INFO - ✅ Skipping دپارسح (already up-to-date, 0.6 hours old)
2025-07-11 16:12:44,538 - __main__ - INFO - ✅ Skipping حخزر (already up-to-date, 0.6 hours old)
2025-07-11 16:12:44,538 - __main__ - INFO - ✅ Skipping وبانک (already up-to-date, 0.6 hours old)
2025-07-11 16:12:44,538 - __main__ - INFO - ✅ Skipping ملت (already up-to-date, 0.6 hours old)
2025-07-11 16:12:44,539 - __main__ - INFO - ✅ Skipping فسلیر (already up-to-date, 0.6 hours old)
2025-07-11 16:12:44,539 - __main__ - INFO - ✅ Skipping نخریس (already up-to-date, 0.6 hours old)
2025-07-11 16:12:44,540 - __main__ - INFO - ✅ Skipping شرنگی (already up-to-date, 0.6 hours old)
2025-07-11 16:12:44,540 - __main__ - INFO - ✅ Skipping سشرقح (already up-to-date, 0.6 hours old)
2025-07-11 16:12:44,541 - __main__ - INFO - ✅ Skipping ولنوین (already up-to-date, 0.6 hours old)
2025-07-11 16:12:44,541 - __main__ - INFO - ✅ Skipping بموتو (already up-to-date, 0.6 hours old)
2025-07-11 16:12:44,542 - __main__ - INFO - ✅ Skipping پکویرح (already up-to-date, 0.6 hours old)
2025-07-11 16:12:44,545 - __main__ - INFO - ✅ Skipping کساپا (already up-to-date, 0.6 hours old)
2025-07-11 16:12:44,545 - __main__ - INFO - ✅ Skipping خدیزل (already up-to-date, 0.6 hours old)
2025-07-11 16:12:44,546 - __main__ - INFO - ✅ Skipping وسیزد (already up-to-date, 0.6 hours old)
2025-07-11 16:12:44,547 - __main__ - INFO - ✅ Skipping زاگرس (already up-to-date, 0.6 hours old)
2025-07-11 16:12:44,547 - __main__ - INFO - ✅ Skipping سنیر (already up-to-date, 0.6 hours old)
2025-07-11 16:12:44,548 - __main__ - INFO - ✅ Skipping ددانا (already up-to-date, 0.6 hours old)
2025-07-11 16:12:44,548 - __main__ - INFO - ✅ Skipping سیتاح (already up-to-date, 0.6 hours old)
2025-07-11 16:12:44,548 - __main__ - INFO - ✅ Skipping ثبات (already up-to-date, 0.6 hours old)
2025-07-11 16:12:44,549 - __main__ - INFO - ✅ Skipping دفرا (already up-to-date, 0.6 hours old)
2025-07-11 16:12:44,549 - __main__ - INFO - ⏰ File for پرشیا is old (93.0 hours). Attempting to update...
2025-07-11 16:12:47,281 - __main__ - ERROR - ❌ Failed to download پرشیا: single positional indexer is out-of-bounds. Will retry on next run.
2025-07-11 16:12:47,282 - __main__ - INFO - ✅ Skipping شتولی (already up-to-date, 0.6 hours old)
2025-07-11 16:12:47,283 - __main__ - INFO - ✅ Skipping خلنت (already up-to-date, 0.6 hours old)
2025-07-11 16:12:47,283 - __main__ - INFO - ✅ Skipping وجامی (already up-to-date, 0.6 hours old)
2025-07-11 16:12:47,284 - __main__ - INFO - ✅ Skipping دی (already up-to-date, 0.6 hours old)
2025-07-11 16:12:47,285 - __main__ - INFO - ✅ Skipping کپارس (already up-to-date, 0.6 hours old)
2025-07-11 16:12:47,285 - __main__ - INFO - ✅ Skipping ودانا (already up-to-date, 0.6 hours old)
2025-07-11 16:12:47,285 - __main__ - INFO - ✅ Skipping وهنر (already up-to-date, 0.6 hours old)
2025-07-11 16:12:47,286 - __main__ - INFO - ✅ Skipping شیراز (already up-to-date, 0.6 hours old)
2025-07-11 16:12:47,287 - __main__ - INFO - ✅ Skipping حپترو (already up-to-date, 0.6 hours old)
2025-07-11 16:12:47,287 - __main__ - INFO - ✅ Skipping نارین (already up-to-date, 0.6 hours old)
2025-07-11 16:12:47,288 - __main__ - INFO - ✅ Skipping غشاذرح (already up-to-date, 0.6 hours old)
2025-07-11 16:12:47,288 - __main__ - INFO - ✅ Skipping قجامح (already up-to-date, 0.6 hours old)
2025-07-11 16:12:47,290 - __main__ - INFO - ✅ Skipping چنوپا (already up-to-date, 0.6 hours old)
2025-07-11 16:12:47,290 - __main__ - INFO - ✅ Skipping مدیریت (already up-to-date, 0.6 hours old)
2025-07-11 16:12:47,290 - __main__ - INFO - ✅ Skipping بجهرم (already up-to-date, 0.6 hours old)
2025-07-11 16:12:47,291 - __main__ - INFO - ✅ Skipping غیوانح (already up-to-date, 0.6 hours old)
2025-07-11 16:12:47,292 - __main__ - INFO - ⏰ File for مدار is old (93.0 hours). Attempting to update...
2025-07-11 16:12:49,777 - __main__ - ERROR - ❌ Failed to download مدار: single positional indexer is out-of-bounds. Will retry on next run.
2025-07-11 16:12:49,778 - __main__ - INFO - ✅ Skipping وسپهر (already up-to-date, 0.6 hours old)
2025-07-11 16:12:49,778 - __main__ - INFO - ✅ Skipping فایراح (already up-to-date, 0.6 hours old)
2025-07-11 16:12:49,779 - __main__ - INFO - ✅ Skipping تاپکیش (already up-to-date, 0.6 hours old)
2025-07-11 16:12:49,780 - __main__ - INFO - ✅ Skipping حآسا (already up-to-date, 0.6 hours old)
2025-07-11 16:12:49,780 - __main__ - INFO - ✅ Skipping اتکامح (already up-to-date, 0.6 hours old)
2025-07-11 16:12:49,781 - __main__ - INFO - ✅ Skipping شسپا (already up-to-date, 0.6 hours old)
2025-07-11 16:12:49,781 - __main__ - INFO - ✅ Skipping قیستو (already up-to-date, 0.6 hours old)
2025-07-11 16:12:49,782 - __main__ - INFO - ✅ Skipping ولصنم (already up-to-date, 0.6 hours old)
2025-07-11 16:12:49,782 - __main__ - INFO - ⏰ File for کقزویح is old (93.0 hours). Attempting to update...
2025-07-11 16:12:52,333 - __main__ - ERROR - ❌ Failed to download کقزویح: single positional indexer is out-of-bounds. Will retry on next run.
2025-07-11 16:12:52,333 - __main__ - INFO - ✅ Skipping فایرا (already up-to-date, 0.6 hours old)
2025-07-11 16:12:52,334 - __main__ - INFO - ✅ Skipping زر (already up-to-date, 0.6 hours old)
2025-07-11 16:12:52,334 - __main__ - INFO - ✅ Skipping سامان (already up-to-date, 0.6 hours old)
2025-07-11 16:12:52,335 - __main__ - INFO - ✅ Skipping ودی (already up-to-date, 0.6 hours old)
2025-07-11 16:12:52,335 - __main__ - INFO - ✅ Skipping تایرا (already up-to-date, 0.6 hours old)
2025-07-11 16:12:52,336 - __main__ - INFO - ✅ Skipping سخوز (already up-to-date, 0.6 hours old)
2025-07-11 16:12:52,336 - __main__ - INFO - ✅ Skipping وسیلام (already up-to-date, 0.6 hours old)
2025-07-11 16:12:52,337 - __main__ - INFO - ✅ Skipping چکارن (already up-to-date, 0.6 hours old)
2025-07-11 16:12:52,337 - __main__ - INFO - ✅ Skipping قشرینح (already up-to-date, 0.6 hours old)
2025-07-11 16:12:52,338 - __main__ - INFO - ✅ Skipping تپکو (already up-to-date, 0.6 hours old)
2025-07-11 16:12:52,338 - __main__ - INFO - ✅ Skipping کمنگنزح (already up-to-date, 0.6 hours old)
2025-07-11 16:12:52,339 - __main__ - INFO - ✅ Skipping خعمرا (already up-to-date, 0.6 hours old)
2025-07-11 16:12:52,339 - __main__ - INFO - ✅ Skipping فصبا (already up-to-date, 0.6 hours old)
2025-07-11 16:12:52,340 - __main__ - INFO - ✅ Skipping صایند (already up-to-date, 0.6 hours old)
2025-07-11 16:12:52,340 - __main__ - INFO - ✅ Skipping مادیرا (already up-to-date, 0.6 hours old)
2025-07-11 16:12:52,341 - __main__ - INFO - ✅ Skipping اوج (already up-to-date, 0.6 hours old)
2025-07-11 16:12:52,341 - __main__ - INFO - ✅ Skipping شفا (already up-to-date, 0.6 hours old)
2025-07-11 16:12:52,342 - __main__ - INFO - ⏰ File for دیسشپ is old (93.0 hours). Attempting to update...
2025-07-11 16:12:54,852 - __main__ - ERROR - ❌ Failed to download دیسشپ: single positional indexer is out-of-bounds. Will retry on next run.
2025-07-11 16:12:54,852 - __main__ - INFO - ⏰ File for ثملی is old (93.0 hours). Attempting to update...
2025-07-11 16:12:57,464 - __main__ - ERROR - ❌ Failed to download ثملی: single positional indexer is out-of-bounds. Will retry on next run.
2025-07-11 16:12:57,465 - __main__ - INFO - ✅ Skipping وسرمد (already up-to-date, 0.6 hours old)
2025-07-11 16:12:57,465 - __main__ - INFO - ✅ Skipping وملیح (already up-to-date, 0.6 hours old)
2025-07-11 16:12:57,465 - __main__ - INFO - ✅ Skipping هرمز (already up-to-date, 0.6 hours old)
2025-07-11 16:12:57,466 - __main__ - INFO - ✅ Skipping بکابل (already up-to-date, 0.6 hours old)
2025-07-11 16:12:57,466 - __main__ - INFO - ✅ Skipping وتوصا (already up-to-date, 0.6 hours old)
2025-07-11 16:12:57,467 - __main__ - INFO - ✅ Skipping وبوعلیح (already up-to-date, 0.6 hours old)
2025-07-11 16:12:57,467 - __main__ - INFO - ✅ Skipping کنور (already up-to-date, 0.6 hours old)
2025-07-11 16:12:57,467 - __main__ - INFO - ⏰ File for باخترح is old (93.0 hours). Attempting to update...
2025-07-11 16:12:59,983 - __main__ - ERROR - ❌ Failed to download باخترح: single positional indexer is out-of-bounds. Will retry on next run.
2025-07-11 16:12:59,983 - __main__ - INFO - ✅ Skipping کیا (already up-to-date, 0.6 hours old)
2025-07-11 16:12:59,984 - __main__ - INFO - ✅ Skipping دسیناح (already up-to-date, 0.6 hours old)
2025-07-11 16:12:59,984 - __main__ - INFO - ✅ Skipping وسمرکز (already up-to-date, 0.6 hours old)
2025-07-11 16:12:59,985 - __main__ - INFO - ✅ Skipping داسوهح (already up-to-date, 0.6 hours old)
2025-07-11 16:12:59,985 - __main__ - INFO - ✅ Skipping سرود (already up-to-date, 0.6 hours old)
2025-07-11 16:12:59,985 - __main__ - INFO - ✅ Skipping قمرو (already up-to-date, 0.6 hours old)
2025-07-11 16:12:59,986 - __main__ - INFO - ✅ Skipping توسن (already up-to-date, 0.6 hours old)
2025-07-11 16:12:59,986 - __main__ - INFO - ✅ Skipping بموتوح (already up-to-date, 0.6 hours old)
2025-07-11 16:12:59,987 - __main__ - INFO - ✅ Skipping تیپیکوح (already up-to-date, 0.6 hours old)
2025-07-11 16:12:59,987 - __main__ - INFO - ✅ Skipping قنقشح (already up-to-date, 0.6 hours old)
2025-07-11 16:12:59,990 - __main__ - INFO - ✅ Skipping پسهند (already up-to-date, 0.6 hours old)
2025-07-11 16:12:59,991 - __main__ - INFO - ✅ Skipping زبینا (already up-to-date, 0.6 hours old)
2025-07-11 16:12:59,991 - __main__ - INFO - ✅ Skipping وخاور (already up-to-date, 0.6 hours old)
2025-07-11 16:12:59,992 - __main__ - INFO - ⏰ File for پدرخشح is old (93.0 hours). Attempting to update...
2025-07-11 16:13:02,451 - __main__ - ERROR - ❌ Failed to download پدرخشح: single positional indexer is out-of-bounds. Will retry on next run.
2025-07-11 16:13:02,452 - __main__ - INFO - ✅ Skipping کامیاب (already up-to-date, 0.6 hours old)
2025-07-11 16:13:02,453 - __main__ - INFO - ✅ Skipping کچینی (already up-to-date, 0.6 hours old)
2025-07-11 16:13:02,453 - __main__ - INFO - ✅ Skipping غدشت (already up-to-date, 0.6 hours old)
2025-07-11 16:13:02,454 - __main__ - INFO - ✅ Skipping دیوان (already up-to-date, 0.6 hours old)
2025-07-11 16:13:02,454 - __main__ - INFO - ✅ Skipping خاتم (already up-to-date, 0.6 hours old)
2025-07-11 16:13:02,455 - __main__ - INFO - ✅ Skipping توان (already up-to-date, 0.6 hours old)
2025-07-11 16:13:02,455 - __main__ - INFO - ⏰ File for فساز is old (93.0 hours). Attempting to update...
2025-07-11 16:13:04,863 - __main__ - ERROR - ❌ Failed to download فساز: single positional indexer is out-of-bounds. Will retry on next run.
2025-07-11 16:13:04,864 - __main__ - INFO - ✅ Skipping مرقامح (already up-to-date, 0.6 hours old)
2025-07-11 16:13:04,864 - __main__ - INFO - ✅ Skipping زفجر (already up-to-date, 0.6 hours old)
2025-07-11 16:13:04,864 - __main__ - INFO - ✅ Skipping تکمبا (already up-to-date, 0.6 hours old)
2025-07-11 16:13:04,865 - __main__ - INFO - ✅ Skipping ثهام (already up-to-date, 0.6 hours old)
2025-07-11 16:13:04,866 - __main__ - INFO - ✅ Skipping لبخند (already up-to-date, 0.6 hours old)
2025-07-11 16:13:04,866 - __main__ - INFO - ✅ Skipping وسبوشهر (already up-to-date, 0.6 hours old)
2025-07-11 16:13:04,867 - __main__ - INFO - ✅ Skipping شگستر (already up-to-date, 0.6 hours old)
2025-07-11 16:13:04,867 - __main__ - INFO - ✅ Skipping زگلدشت (already up-to-date, 0.6 hours old)
2025-07-11 16:13:04,868 - __main__ - INFO - ✅ Skipping بکام (already up-to-date, 0.6 hours old)
2025-07-11 16:13:04,868 - __main__ - INFO - ✅ Skipping افران (already up-to-date, 0.6 hours old)
2025-07-11 16:13:04,869 - __main__ - INFO - ✅ Skipping عقیق (already up-to-date, 0.6 hours old)
2025-07-11 16:13:04,869 - __main__ - INFO - ✅ Skipping تفیرو (already up-to-date, 0.6 hours old)
2025-07-11 16:13:04,870 - __main__ - INFO - ✅ Skipping پتروما (already up-to-date, 0.6 hours old)
2025-07-11 16:13:04,870 - __main__ - INFO - ✅ Skipping درین (already up-to-date, 0.6 hours old)
2025-07-11 16:13:04,870 - __main__ - INFO - ✅ Skipping پلولهح (already up-to-date, 0.6 hours old)
2025-07-11 16:13:04,871 - __main__ - INFO - ✅ Skipping فراز (already up-to-date, 0.6 hours old)
2025-07-11 16:13:04,871 - __main__ - INFO - ✅ Skipping داناح (already up-to-date, 0.6 hours old)
2025-07-11 16:13:04,872 - __main__ - INFO - ✅ Skipping کگازح (already up-to-date, 0.6 hours old)
2025-07-11 16:13:04,872 - __main__ - INFO - ✅ Skipping لخانه (already up-to-date, 0.6 hours old)
2025-07-11 16:13:04,872 - __main__ - INFO - ✅ Skipping وسزنجان (already up-to-date, 0.6 hours old)
2025-07-11 16:13:04,873 - __main__ - INFO - ✅ Skipping سپاهاح (already up-to-date, 0.6 hours old)
2025-07-11 16:13:04,873 - __main__ - INFO - ✅ Skipping تیام (already up-to-date, 0.6 hours old)
2025-07-11 16:13:04,874 - __main__ - INFO - ✅ Skipping وفردا (already up-to-date, 0.6 hours old)
2025-07-11 16:13:04,874 - __main__ - INFO - ✅ Skipping حکشتی (already up-to-date, 0.6 hours old)
2025-07-11 16:13:04,875 - __main__ - INFO - ✅ Skipping ویستا (already up-to-date, 0.6 hours old)
2025-07-11 16:13:04,875 - __main__ - INFO - ✅ Skipping فرود (already up-to-date, 0.6 hours old)
2025-07-11 16:13:04,876 - __main__ - INFO - ✅ Skipping نیلی (already up-to-date, 0.6 hours old)
2025-07-11 16:13:04,876 - __main__ - INFO - ✅ Skipping تکنوح (already up-to-date, 0.6 hours old)
2025-07-11 16:13:04,877 - __main__ - INFO - ✅ Skipping فملی (already up-to-date, 0.6 hours old)
2025-07-11 16:13:04,877 - __main__ - INFO - ✅ Skipping وشمال (already up-to-date, 0.6 hours old)
2025-07-11 16:13:04,878 - __main__ - INFO - ✅ Skipping ولساپا (already up-to-date, 0.6 hours old)
2025-07-11 16:13:04,878 - __main__ - INFO - ✅ Skipping جهرم (already up-to-date, 0.6 hours old)
2025-07-11 16:13:04,879 - __main__ - INFO - ✅ Skipping غبشهر (already up-to-date, 0.6 hours old)
2025-07-11 16:13:04,879 - __main__ - INFO - ✅ Skipping کرمان (already up-to-date, 0.6 hours old)
2025-07-11 16:13:04,880 - __main__ - INFO - ✅ Skipping خکاوهح (already up-to-date, 0.6 hours old)
2025-07-11 16:13:04,880 - __main__ - INFO - ✅ Skipping غبشهرح (already up-to-date, 0.6 hours old)
2025-07-11 16:13:04,880 - __main__ - INFO - ✅ Skipping وسلرستا (already up-to-date, 0.6 hours old)
2025-07-11 16:13:04,881 - __main__ - INFO - ✅ Skipping ثمین (already up-to-date, 0.6 hours old)
2025-07-11 16:13:04,881 - __main__ - INFO - ✅ Skipping کرویح (already up-to-date, 0.6 hours old)
2025-07-11 16:13:04,881 - __main__ - INFO - ✅ Skipping کسراح (already up-to-date, 0.6 hours old)
2025-07-11 16:13:04,882 - __main__ - INFO - ✅ Skipping غسالمح (already up-to-date, 0.6 hours old)
2025-07-11 16:13:04,882 - __main__ - INFO - ✅ Skipping وسدیدح (already up-to-date, 0.6 hours old)
2025-07-11 16:13:04,883 - __main__ - INFO - ✅ Skipping فسلیرح (already up-to-date, 0.6 hours old)
2025-07-11 16:13:04,883 - __main__ - INFO - ✅ Skipping شتران (already up-to-date, 0.6 hours old)
2025-07-11 16:13:04,884 - __main__ - INFO - ✅ Skipping شپنا (already up-to-date, 0.6 hours old)
2025-07-11 16:13:04,884 - __main__ - INFO - ✅ Skipping وصنعت (already up-to-date, 0.6 hours old)
2025-07-11 16:13:04,885 - __main__ - INFO - ✅ Skipping حرهشا (already up-to-date, 0.6 hours old)
2025-07-11 16:13:04,885 - __main__ - INFO - ✅ Skipping سیتا (already up-to-date, 0.6 hours old)
2025-07-11 16:13:04,885 - __main__ - INFO - ✅ Skipping کپارسح (already up-to-date, 0.6 hours old)
2025-07-11 16:13:04,886 - __main__ - INFO - ✅ Skipping حفارس (already up-to-date, 0.6 hours old)
2025-07-11 16:13:04,886 - __main__ - INFO - ⏰ File for شجی is old (93.0 hours). Attempting to update...
2025-07-11 16:13:08,755 - __main__ - ERROR - ❌ Failed to download شجی: single positional indexer is out-of-bounds. Will retry on next run.
2025-07-11 16:13:08,756 - __main__ - INFO - ⏰ File for برانسفو is old (93.0 hours). Attempting to update...
2025-07-11 16:13:11,051 - __main__ - ERROR - ❌ Failed to download برانسفو: single positional indexer is out-of-bounds. Will retry on next run.
2025-07-11 16:13:11,052 - __main__ - INFO - ✅ Skipping وحکمت (already up-to-date, 0.6 hours old)
2025-07-11 16:13:11,052 - __main__ - INFO - ✅ Skipping شپمچا (already up-to-date, 0.6 hours old)
2025-07-11 16:13:11,053 - __main__ - INFO - ✅ Skipping دسانکوح (already up-to-date, 0.6 hours old)
2025-07-11 16:13:11,053 - __main__ - INFO - ✅ Skipping ولشرق (already up-to-date, 0.6 hours old)
2025-07-11 16:13:11,054 - __main__ - INFO - ✅ Skipping وکغدیر (already up-to-date, 0.6 hours old)
2025-07-11 16:13:11,054 - __main__ - INFO - ✅ Skipping وتوسم (already up-to-date, 0.6 hours old)
2025-07-11 16:13:11,055 - __main__ - INFO - ✅ Skipping قشکر (already up-to-date, 0.6 hours old)
2025-07-11 16:13:11,055 - __main__ - INFO - ⏰ File for تدبیر is old (93.0 hours). Attempting to update...
2025-07-11 16:13:13,111 - __main__ - ERROR - ❌ Failed to download تدبیر: single positional indexer is out-of-bounds. Will retry on next run.
2025-07-11 16:13:13,112 - __main__ - INFO - ✅ Skipping تکیمیا (already up-to-date, 0.6 hours old)
2025-07-11 16:13:13,113 - __main__ - INFO - ✅ Skipping وساختح (already up-to-date, 0.6 hours old)
2025-07-11 16:13:13,113 - __main__ - INFO - ✅ Skipping ارزش مسکن (already up-to-date, 0.6 hours old)
2025-07-11 16:13:13,114 - __main__ - INFO - ✅ Skipping غشاذر (already up-to-date, 0.6 hours old)
2025-07-11 16:13:13,114 - __main__ - INFO - ✅ Skipping دیبا (already up-to-date, 0.6 hours old)
2025-07-11 16:13:13,115 - __main__ - INFO - ✅ Skipping کشرق (already up-to-date, 0.6 hours old)
2025-07-11 16:13:13,115 - __main__ - INFO - ✅ Skipping وملتح (already up-to-date, 0.6 hours old)
2025-07-11 16:13:13,116 - __main__ - INFO - ✅ Skipping حفاری (already up-to-date, 0.6 hours old)
2025-07-11 16:13:13,116 - __main__ - INFO - ✅ Skipping پالایش (already up-to-date, 0.6 hours old)
2025-07-11 16:13:13,117 - __main__ - INFO - ✅ Skipping حآفرین (already up-to-date, 0.6 hours old)
2025-07-11 16:13:13,117 - __main__ - INFO - ✅ Skipping پارس (already up-to-date, 0.6 hours old)
2025-07-11 16:13:13,118 - __main__ - INFO - ✅ Skipping کلوند (already up-to-date, 0.6 hours old)
2025-07-11 16:13:13,118 - __main__ - INFO - ✅ Skipping شخارکح (already up-to-date, 0.6 hours old)
2025-07-11 16:13:13,119 - __main__ - INFO - ✅ Skipping لمخابر (already up-to-date, 0.6 hours old)
2025-07-11 16:13:13,119 - __main__ - INFO - ✅ Skipping سیدکو (already up-to-date, 0.6 hours old)
2025-07-11 16:13:13,120 - __main__ - INFO - ✅ Skipping ثعتما (already up-to-date, 0.6 hours old)
2025-07-11 16:13:13,120 - __main__ - INFO - ✅ Skipping وسکرد (already up-to-date, 0.6 hours old)
2025-07-11 16:13:13,120 - __main__ - INFO - ✅ Skipping پادا (already up-to-date, 0.6 hours old)
2025-07-11 16:13:13,121 - __main__ - INFO - ✅ Skipping کپشیر (already up-to-date, 0.6 hours old)
2025-07-11 16:13:13,121 - __main__ - INFO - ✅ Skipping فاهوازح (already up-to-date, 0.6 hours old)
2025-07-11 16:13:13,122 - __main__ - INFO - ✅ Skipping فروم (already up-to-date, 0.6 hours old)
2025-07-11 16:13:13,122 - __main__ - INFO - ✅ Skipping زیتون (already up-to-date, 0.6 hours old)
2025-07-11 16:13:13,123 - __main__ - INFO - ✅ Skipping ثباغ (already up-to-date, 0.6 hours old)
2025-07-11 16:13:13,123 - __main__ - INFO - ✅ Skipping دحاوی (already up-to-date, 0.6 hours old)
2025-07-11 16:13:13,123 - __main__ - INFO - ✅ Skipping پشاهن (already up-to-date, 0.6 hours old)
2025-07-11 16:13:13,124 - __main__ - INFO - ✅ Skipping سیدکوح (already up-to-date, 0.6 hours old)
2025-07-11 16:13:13,124 - __main__ - INFO - ✅ Skipping گوهران (already up-to-date, 0.6 hours old)
2025-07-11 16:13:13,124 - __main__ - INFO - ✅ Skipping کفپارسح (already up-to-date, 0.6 hours old)
2025-07-11 16:13:13,125 - __main__ - INFO - ✅ Skipping سدشتح (already up-to-date, 0.6 hours old)
2025-07-11 16:13:13,125 - __main__ - INFO - ✅ Skipping سشرق (already up-to-date, 0.6 hours old)
2025-07-11 16:13:13,125 - __main__ - INFO - ✅ Skipping شزنگ (already up-to-date, 0.6 hours old)
2025-07-11 16:13:13,126 - __main__ - INFO - ✅ Skipping دتمادح (already up-to-date, 0.6 hours old)
2025-07-11 16:13:13,126 - __main__ - INFO - ✅ Skipping ساذریح (already up-to-date, 0.6 hours old)
2025-07-11 16:13:13,126 - __main__ - INFO - ✅ Skipping پترولح (already up-to-date, 0.6 hours old)
2025-07-11 16:13:13,127 - __main__ - INFO - ✅ Skipping پارتا (already up-to-date, 0.6 hours old)
2025-07-11 16:13:13,127 - __main__ - INFO - ✅ Skipping ثنوساح (already up-to-date, 0.6 hours old)
2025-07-11 16:13:13,128 - __main__ - INFO - ✅ Skipping سمازن (already up-to-date, 0.6 hours old)
2025-07-11 16:13:13,128 - __main__ - INFO - ✅ Skipping ولپارس (already up-to-date, 0.6 hours old)
2025-07-11 16:13:13,128 - __main__ - INFO - ✅ Skipping کمند (already up-to-date, 0.6 hours old)
2025-07-11 16:13:13,129 - __main__ - INFO - ✅ Skipping ساحل (already up-to-date, 0.6 hours old)
2025-07-11 16:13:13,129 - __main__ - INFO - ✅ Skipping سکرد (already up-to-date, 0.6 hours old)
2025-07-11 16:13:13,130 - __main__ - INFO - ✅ Skipping تابا (already up-to-date, 0.6 hours old)
2025-07-11 16:13:13,130 - __main__ - INFO - ✅ Skipping زفکا (already up-to-date, 0.6 hours old)
2025-07-11 16:13:13,130 - __main__ - INFO - ✅ Skipping ثتران (already up-to-date, 0.6 hours old)
2025-07-11 16:13:13,131 - __main__ - INFO - ✅ Skipping غناب (already up-to-date, 0.6 hours old)
2025-07-11 16:13:13,131 - __main__ - INFO - ✅ Skipping زنجان (already up-to-date, 0.6 hours old)
2025-07-11 16:13:13,132 - __main__ - INFO - ✅ Skipping خکرمان (already up-to-date, 0.6 hours old)
2025-07-11 16:13:13,132 - __main__ - INFO - ⏰ File for سایراح is old (93.0 hours). Attempting to update...
2025-07-11 16:13:15,456 - __main__ - ERROR - ❌ Failed to download سایراح: single positional indexer is out-of-bounds. Will retry on next run.
2025-07-11 16:13:15,457 - __main__ - INFO - ✅ Skipping فملیح (already up-to-date, 0.6 hours old)
2025-07-11 16:13:15,458 - __main__ - INFO - ✅ Skipping غساسا (already up-to-date, 0.6 hours old)
2025-07-11 16:13:15,458 - __main__ - INFO - ✅ Skipping غگرجی (already up-to-date, 0.6 hours old)
2025-07-11 16:13:15,459 - __main__ - INFO - ✅ Skipping آسام (already up-to-date, 0.6 hours old)
2025-07-11 16:13:15,459 - __main__ - INFO - ✅ Skipping وپارسح (already up-to-date, 0.6 hours old)
2025-07-11 16:13:15,460 - __main__ - INFO - ✅ Skipping برلیان (already up-to-date, 0.6 hours old)
2025-07-11 16:13:15,460 - __main__ - INFO - ✅ Skipping فنورد (already up-to-date, 0.6 hours old)
2025-07-11 16:13:15,461 - __main__ - INFO - ✅ Skipping وسنا (already up-to-date, 0.6 hours old)
2025-07-11 16:13:15,461 - __main__ - INFO - ✅ Skipping هوشیار (already up-to-date, 0.6 hours old)
2025-07-11 16:13:15,462 - __main__ - INFO - ✅ Skipping ضمان (already up-to-date, 0.6 hours old)
2025-07-11 16:13:15,462 - __main__ - INFO - ✅ Skipping بازرگام (already up-to-date, 0.6 hours old)
2025-07-11 16:13:15,463 - __main__ - INFO - ✅ Skipping ولتجار (already up-to-date, 0.6 hours old)
2025-07-11 16:13:15,463 - __main__ - INFO - ✅ Skipping لمخابرح (already up-to-date, 0.6 hours old)
2025-07-11 16:13:15,464 - __main__ - INFO - ✅ Skipping کخاکح (already up-to-date, 0.6 hours old)
2025-07-11 16:13:15,467 - __main__ - INFO - ✅ Skipping اتکای (already up-to-date, 0.6 hours old)
2025-07-11 16:13:15,468 - __main__ - INFO - ✅ Skipping تپمپیح (already up-to-date, 0.6 hours old)
2025-07-11 16:13:15,469 - __main__ - INFO - ✅ Skipping غچین (already up-to-date, 0.6 hours old)
2025-07-11 16:13:15,469 - __main__ - INFO - ✅ Skipping سفاسی (already up-to-date, 0.6 hours old)
2025-07-11 16:13:15,469 - __main__ - INFO - ✅ Skipping کسعدی (already up-to-date, 0.6 hours old)
2025-07-11 16:13:15,469 - __main__ - INFO - ⏰ File for غبهپاکح is old (93.0 hours). Attempting to update...
2025-07-11 16:13:18,130 - __main__ - ERROR - ❌ Failed to download غبهپاکح: single positional indexer is out-of-bounds. Will retry on next run.
2025-07-11 16:13:18,130 - __main__ - INFO - ✅ Skipping پاکشو (already up-to-date, 0.6 hours old)
2025-07-11 16:13:18,131 - __main__ - INFO - ✅ Skipping فولاد (already up-to-date, 0.6 hours old)
2025-07-11 16:13:18,133 - __main__ - INFO - ✅ Skipping حامی1401 (already up-to-date, 0.6 hours old)
2025-07-11 16:13:18,134 - __main__ - INFO - ✅ Skipping قلرست (already up-to-date, 0.6 hours old)
2025-07-11 16:13:18,134 - __main__ - INFO - ✅ Skipping آباد (already up-to-date, 0.6 hours old)
2025-07-11 16:13:18,135 - __main__ - INFO - ✅ Skipping ونیکی (already up-to-date, 0.6 hours old)
2025-07-11 16:13:18,135 - __main__ - INFO - ✅ Skipping پاداش (already up-to-date, 0.6 hours old)
2025-07-11 16:13:18,136 - __main__ - INFO - ✅ Skipping شپارسح (already up-to-date, 0.6 hours old)
2025-07-11 16:13:18,136 - __main__ - INFO - ✅ Skipping فسدید (already up-to-date, 0.6 hours old)
2025-07-11 16:13:18,137 - __main__ - INFO - ✅ Skipping دشیمیح (already up-to-date, 0.6 hours old)
2025-07-11 16:13:18,137 - __main__ - INFO - ✅ Skipping سفارسح (already up-to-date, 0.6 hours old)
2025-07-11 16:13:18,140 - __main__ - INFO - ✅ Skipping والبر (already up-to-date, 0.6 hours old)
2025-07-11 16:13:18,141 - __main__ - INFO - ✅ Skipping سدورح (already up-to-date, 0.6 hours old)
2025-07-11 16:13:18,142 - __main__ - INFO - ✅ Skipping دامین (already up-to-date, 0.6 hours old)
2025-07-11 16:13:18,143 - __main__ - INFO - ✅ Skipping ختورح (already up-to-date, 0.6 hours old)
2025-07-11 16:13:18,144 - __main__ - INFO - ✅ Skipping فزر (already up-to-date, 0.6 hours old)
2025-07-11 16:13:18,145 - __main__ - INFO - ✅ Skipping وپسا (already up-to-date, 0.6 hours old)
2025-07-11 16:13:18,145 - __main__ - INFO - ✅ Skipping آگاس (already up-to-date, 0.6 hours old)
2025-07-11 16:13:18,146 - __main__ - INFO - ✅ Skipping وکبهمن (already up-to-date, 0.6 hours old)
2025-07-11 16:13:18,146 - __main__ - INFO - ✅ Skipping شاروم (already up-to-date, 0.6 hours old)
2025-07-11 16:13:18,147 - __main__ - INFO - ✅ Skipping اوان (already up-to-date, 0.6 hours old)
2025-07-11 16:13:18,150 - __main__ - INFO - ✅ Skipping جمح (already up-to-date, 0.6 hours old)
2025-07-11 16:13:18,151 - __main__ - INFO - ✅ Skipping وسخراج (already up-to-date, 0.6 hours old)
2025-07-11 16:13:18,152 - __main__ - INFO - ✅ Skipping فولاژح (already up-to-date, 0.6 hours old)
2025-07-11 16:13:18,153 - __main__ - INFO - ✅ Skipping دقاضی (already up-to-date, 0.6 hours old)
2025-07-11 16:13:18,153 - __main__ - INFO - ✅ Skipping فوکاح (already up-to-date, 0.6 hours old)
2025-07-11 16:13:18,154 - __main__ - INFO - ✅ Skipping آردینه (already up-to-date, 0.6 hours old)
2025-07-11 16:13:18,154 - __main__ - INFO - ✅ Skipping دابورح (already up-to-date, 0.6 hours old)
2025-07-11 16:13:18,155 - __main__ - INFO - ✅ Skipping کهرام (already up-to-date, 0.6 hours old)
2025-07-11 16:13:18,156 - __main__ - INFO - ✅ Skipping وآیند (already up-to-date, 0.5 hours old)
2025-07-11 16:13:18,158 - __main__ - INFO - ⏰ File for وسقزوین is old (93.0 hours). Attempting to update...
2025-07-11 16:13:21,804 - __main__ - ERROR - ❌ Failed to download وسقزوین: single positional indexer is out-of-bounds. Will retry on next run.
2025-07-11 16:13:21,805 - __main__ - INFO - ✅ Skipping وآذر (already up-to-date, 0.6 hours old)
2025-07-11 16:13:21,806 - __main__ - INFO - ✅ Skipping سمایه (already up-to-date, 0.5 hours old)
2025-07-11 16:13:21,806 - __main__ - INFO - ✅ Skipping داروح (already up-to-date, 0.5 hours old)
2025-07-11 16:13:21,807 - __main__ - INFO - ✅ Skipping واتی (already up-to-date, 0.5 hours old)
2025-07-11 16:13:21,807 - __main__ - INFO - ✅ Skipping گنجین (already up-to-date, 0.5 hours old)
2025-07-11 16:13:21,808 - __main__ - INFO - ✅ Skipping پخش (already up-to-date, 0.5 hours old)
2025-07-11 16:13:21,809 - __main__ - INFO - ✅ Skipping مدارانح (already up-to-date, 0.5 hours old)
2025-07-11 16:13:21,809 - __main__ - INFO - ✅ Skipping حفاریح (already up-to-date, 0.5 hours old)
2025-07-11 16:13:21,809 - __main__ - INFO - ✅ Skipping وتوشه (already up-to-date, 0.5 hours old)
2025-07-11 16:13:21,810 - __main__ - INFO - ✅ Skipping فبستم (already up-to-date, 0.5 hours old)
2025-07-11 16:13:21,810 - __main__ - INFO - ✅ Skipping بهپاک (already up-to-date, 0.5 hours old)
2025-07-11 16:13:21,811 - __main__ - INFO - ✅ Skipping آکورد (already up-to-date, 0.5 hours old)
2025-07-11 16:13:21,811 - __main__ - INFO - ✅ Skipping دیرانح (already up-to-date, 0.5 hours old)
2025-07-11 16:13:21,812 - __main__ - INFO - ✅ Skipping کاسپین (already up-to-date, 0.5 hours old)
2025-07-11 16:13:21,812 - __main__ - INFO - ✅ Skipping ثابت اکسیژن (already up-to-date, 0.5 hours old)
2025-07-11 16:13:21,813 - __main__ - INFO - ✅ Skipping لوتوس (already up-to-date, 0.5 hours old)
2025-07-11 16:13:21,814 - __main__ - INFO - ✅ Skipping چفیبرح (already up-to-date, 0.5 hours old)
2025-07-11 16:13:21,814 - __main__ - INFO - ✅ Skipping خپویشح (already up-to-date, 0.5 hours old)
2025-07-11 16:13:21,815 - __main__ - INFO - ✅ Skipping واتیح (already up-to-date, 0.5 hours old)
2025-07-11 16:13:21,816 - __main__ - INFO - ✅ Skipping وآفر (already up-to-date, 0.5 hours old)
2025-07-11 16:13:21,816 - __main__ - INFO - ✅ Skipping وزمین (already up-to-date, 0.5 hours old)
2025-07-11 16:13:21,817 - __main__ - INFO - ✅ Skipping لپیامح (already up-to-date, 0.5 hours old)
2025-07-11 16:13:21,818 - __main__ - INFO - ✅ Skipping آ س پ (already up-to-date, 0.5 hours old)
2025-07-11 16:13:21,818 - __main__ - INFO - ✅ Skipping شپاس (already up-to-date, 0.5 hours old)
2025-07-11 16:13:21,819 - __main__ - INFO - ✅ Skipping سفانوح (already up-to-date, 0.5 hours old)
2025-07-11 16:13:21,819 - __main__ - INFO - ✅ Skipping ثاخت (already up-to-date, 0.5 hours old)
2025-07-11 16:13:21,820 - __main__ - INFO - ✅ Skipping اونیکس (already up-to-date, 0.5 hours old)
2025-07-11 16:13:21,820 - __main__ - INFO - ✅ Skipping سمگا (already up-to-date, 0.5 hours old)
2025-07-11 16:13:21,821 - __main__ - INFO - ⏰ File for قثابتح is old (93.0 hours). Attempting to update...
2025-07-11 16:13:26,883 - __main__ - ERROR - ❌ Failed to download قثابتح: single positional indexer is out-of-bounds. Will retry on next run.
2025-07-11 16:13:26,883 - __main__ - INFO - ✅ Skipping دابور (already up-to-date, 0.5 hours old)
2025-07-11 16:13:26,885 - __main__ - INFO - ✅ Skipping رافزا (already up-to-date, 0.5 hours old)
2025-07-11 16:13:26,886 - __main__ - INFO - ✅ Skipping کترام (already up-to-date, 0.5 hours old)
2025-07-11 16:13:26,887 - __main__ - INFO - ✅ Skipping دالبرح (already up-to-date, 0.5 hours old)
2025-07-11 16:13:26,889 - __main__ - INFO - ✅ Skipping پتایر (already up-to-date, 0.5 hours old)
2025-07-11 16:13:26,889 - __main__ - INFO - ✅ Skipping قستانح (already up-to-date, 0.5 hours old)
2025-07-11 16:13:26,890 - __main__ - INFO - ✅ Skipping فمتالح (already up-to-date, 0.5 hours old)
2025-07-11 16:13:26,891 - __main__ - INFO - ✅ Skipping شکربن (already up-to-date, 0.5 hours old)
2025-07-11 16:13:26,892 - __main__ - INFO - ✅ Skipping شکلر (already up-to-date, 0.5 hours old)
2025-07-11 16:13:26,893 - __main__ - INFO - ⏰ File for فروسح is old (93.0 hours). Attempting to update...
2025-07-11 16:13:32,336 - __main__ - ERROR - ❌ Failed to download فروسح: single positional indexer is out-of-bounds. Will retry on next run.
2025-07-11 16:13:32,337 - __main__ - INFO - ✅ Skipping خلیج (already up-to-date, 0.5 hours old)
2025-07-11 16:13:32,337 - __main__ - INFO - ✅ Skipping کحافظح (already up-to-date, 0.5 hours old)
2025-07-11 16:13:32,338 - __main__ - INFO - ✅ Skipping بکابح (already up-to-date, 0.5 hours old)
2025-07-11 16:13:32,338 - __main__ - INFO - ✅ Skipping وساپا (already up-to-date, 0.5 hours old)
2025-07-11 16:13:32,339 - __main__ - INFO - ✅ Skipping وشهر (already up-to-date, 0.5 hours old)
2025-07-11 16:13:32,340 - __main__ - INFO - ✅ Skipping کرازی (already up-to-date, 0.5 hours old)
2025-07-11 16:13:32,340 - __main__ - INFO - ✅ Skipping دانیک (already up-to-date, 0.5 hours old)
2025-07-11 16:13:32,341 - __main__ - INFO - ✅ Skipping لخزر (already up-to-date, 0.5 hours old)
2025-07-11 16:13:32,341 - __main__ - INFO - ✅ Skipping خزرح (already up-to-date, 0.5 hours old)
2025-07-11 16:13:32,345 - __main__ - INFO - ✅ Skipping عشادگان (already up-to-date, 0.5 hours old)
2025-07-11 16:13:32,346 - __main__ - INFO - ✅ Skipping خکار (already up-to-date, 0.5 hours old)
2025-07-11 16:13:32,346 - __main__ - INFO - ✅ Skipping سخزر (already up-to-date, 0.5 hours old)
2025-07-11 16:13:32,347 - __main__ - INFO - ✅ Skipping شلیا (already up-to-date, 0.5 hours old)
2025-07-11 16:13:32,348 - __main__ - INFO - ✅ Skipping کیان (already up-to-date, 0.5 hours old)
2025-07-11 16:13:32,348 - __main__ - INFO - ✅ Skipping ختراکح (already up-to-date, 0.5 hours old)
2025-07-11 16:13:32,348 - __main__ - INFO - ✅ Skipping وحافظ (already up-to-date, 0.5 hours old)
2025-07-11 16:13:32,349 - __main__ - INFO - ✅ Skipping ما (already up-to-date, 0.5 hours old)
2025-07-11 16:13:32,349 - __main__ - INFO - ✅ Skipping غاذرح (already up-to-date, 0.5 hours old)
2025-07-11 16:13:32,350 - __main__ - INFO - ✅ Skipping شزنگح (already up-to-date, 0.5 hours old)
2025-07-11 16:13:32,351 - __main__ - INFO - ✅ Skipping حتایدح (already up-to-date, 0.5 hours old)
2025-07-11 16:13:32,351 - __main__ - INFO - ✅ Skipping پشاهنح (already up-to-date, 0.5 hours old)
2025-07-11 16:13:32,352 - __main__ - INFO - ✅ Skipping کویرح (already up-to-date, 0.5 hours old)
2025-07-11 16:13:32,352 - __main__ - INFO - ⏰ File for رانفورح is old (93.0 hours). Attempting to update...
2025-07-11 16:13:37,132 - __main__ - ERROR - ❌ Failed to download رانفورح: single positional indexer is out-of-bounds. Will retry on next run.
2025-07-11 16:13:37,142 - __main__ - INFO - ✅ Skipping زکوثر (already up-to-date, 0.5 hours old)
2025-07-11 16:13:37,143 - __main__ - INFO - ✅ Skipping زپارس (already up-to-date, 0.5 hours old)
2025-07-11 16:13:37,143 - __main__ - INFO - ✅ Skipping کالا (already up-to-date, 0.5 hours old)
2025-07-11 16:13:37,144 - __main__ - INFO - ✅ Skipping ثجوان (already up-to-date, 0.5 hours old)
2025-07-11 16:13:37,145 - __main__ - INFO - ⏰ File for قلرستح is old (93.0 hours). Attempting to update...
2025-07-11 16:13:41,947 - __main__ - ERROR - ❌ Failed to download قلرستح: single positional indexer is out-of-bounds. Will retry on next run.
2025-07-11 16:13:41,958 - __main__ - INFO - ✅ Skipping ساذری (already up-to-date, 0.5 hours old)
2025-07-11 16:13:41,960 - __main__ - INFO - ✅ Skipping صنوین (already up-to-date, 0.5 hours old)
2025-07-11 16:13:41,962 - __main__ - INFO - ✅ Skipping غدامح (already up-to-date, 0.5 hours old)
2025-07-11 16:13:41,963 - __main__ - INFO - ✅ Skipping سپ (already up-to-date, 0.5 hours old)
2025-07-11 16:13:41,964 - __main__ - INFO - ✅ Skipping قتربت (already up-to-date, 0.5 hours old)
2025-07-11 16:13:41,965 - __main__ - INFO - ✅ Skipping وآوا (already up-to-date, 0.5 hours old)
2025-07-11 16:13:41,965 - __main__ - INFO - ✅ Skipping فولای (already up-to-date, 0.5 hours old)
2025-07-11 16:13:41,965 - __main__ - INFO - ✅ Skipping وتوسمح (already up-to-date, 0.5 hours old)
2025-07-11 16:13:41,965 - __main__ - INFO - ✅ Skipping لطیف (already up-to-date, 0.5 hours old)
2025-07-11 16:13:41,967 - __main__ - INFO - ✅ Skipping سصفها (already up-to-date, 0.5 hours old)
2025-07-11 16:13:41,967 - __main__ - INFO - ✅ Skipping دلقما (already up-to-date, 0.5 hours old)
2025-07-11 16:13:41,967 - __main__ - INFO - ✅ Skipping انار (already up-to-date, 0.5 hours old)
2025-07-11 16:13:41,969 - __main__ - INFO - ✅ Skipping آلومینا (already up-to-date, 0.5 hours old)
2025-07-11 16:13:41,969 - __main__ - INFO - ⏰ File for پخش اول is old (93.0 hours). Attempting to update...
2025-07-11 16:13:47,326 - __main__ - ERROR - ❌ Failed to download پخش اول: single positional indexer is out-of-bounds. Will retry on next run.
2025-07-11 16:13:47,327 - __main__ - INFO - ✅ Skipping وامین (already up-to-date, 0.5 hours old)
2025-07-11 16:13:47,327 - __main__ - INFO - ✅ Skipping شفارسح (already up-to-date, 0.5 hours old)
2025-07-11 16:13:47,328 - __main__ - INFO - ✅ Skipping غگل (already up-to-date, 0.5 hours old)
2025-07-11 16:13:47,330 - __main__ - INFO - ✅ Skipping ثاختح (already up-to-date, 0.5 hours old)
2025-07-11 16:13:47,331 - __main__ - INFO - ✅ Skipping حتوکاح (already up-to-date, 0.5 hours old)
2025-07-11 16:13:47,332 - __main__ - INFO - ✅ Skipping آسامید (already up-to-date, 0.5 hours old)
2025-07-11 16:13:47,333 - __main__ - INFO - ✅ Skipping سفارس (already up-to-date, 0.5 hours old)
2025-07-11 16:13:47,333 - __main__ - INFO - ✅ Skipping عبهمن (already up-to-date, 0.5 hours old)
2025-07-11 16:13:47,333 - __main__ - INFO - ✅ Skipping فنوال (already up-to-date, 0.5 hours old)
2025-07-11 16:13:47,334 - __main__ - INFO - ✅ Skipping وانصارح (already up-to-date, 0.5 hours old)
2025-07-11 16:13:47,335 - __main__ - INFO - ✅ Skipping وایران (already up-to-date, 0.5 hours old)
2025-07-11 16:13:47,335 - __main__ - INFO - ✅ Skipping فولاژ (already up-to-date, 0.5 hours old)
2025-07-11 16:13:47,336 - __main__ - INFO - ✅ Skipping تکشاح (already up-to-date, 0.5 hours old)
2025-07-11 16:13:47,336 - __main__ - INFO - ✅ Skipping شکفح (already up-to-date, 0.5 hours old)
2025-07-11 16:13:47,337 - __main__ - INFO - ✅ Skipping بکهنوج (already up-to-date, 0.5 hours old)
2025-07-11 16:13:47,337 - __main__ - INFO - ✅ Skipping نهال (already up-to-date, 0.5 hours old)
2025-07-11 16:13:47,337 - __main__ - INFO - ✅ Skipping اعتبار (already up-to-date, 0.5 hours old)
2025-07-11 16:13:47,338 - __main__ - INFO - ✅ Skipping ومعادن (already up-to-date, 0.5 hours old)
2025-07-11 16:13:47,339 - __main__ - INFO - ✅ Skipping گکوثر (already up-to-date, 0.5 hours old)
2025-07-11 16:13:47,339 - __main__ - INFO - ✅ Skipping شاراک (already up-to-date, 0.5 hours old)
2025-07-11 16:13:47,339 - __main__ - INFO - ✅ Skipping ارمغان (already up-to-date, 0.5 hours old)
2025-07-11 16:13:47,340 - __main__ - INFO - ⏰ File for شسیناح is old (93.0 hours). Attempting to update...
2025-07-11 16:13:51,884 - __main__ - ERROR - ❌ Failed to download شسیناح: single positional indexer is out-of-bounds. Will retry on next run.
2025-07-11 16:13:51,886 - __main__ - INFO - ✅ Skipping اپال (already up-to-date, 0.5 hours old)
2025-07-11 16:13:51,886 - __main__ - INFO - ✅ Skipping کایتا (already up-to-date, 0.5 hours old)
2025-07-11 16:13:51,886 - __main__ - INFO - ✅ Skipping نمرینو (already up-to-date, 0.5 hours old)
2025-07-11 16:13:51,886 - __main__ - INFO - ✅ Skipping تپمپی (already up-to-date, 0.5 hours old)
2025-07-11 16:13:51,887 - __main__ - INFO - ✅ Skipping فلامی (already up-to-date, 0.5 hours old)
2025-07-11 16:13:51,887 - __main__ - INFO - ✅ Skipping فسربح (already up-to-date, 0.5 hours old)
2025-07-11 16:13:51,888 - __main__ - INFO - ✅ Skipping اتکاسا (already up-to-date, 0.5 hours old)
2025-07-11 16:13:51,888 - __main__ - INFO - ✅ Skipping قنقش (already up-to-date, 0.5 hours old)
2025-07-11 16:13:51,890 - __main__ - INFO - ✅ Skipping گدنا (already up-to-date, 0.5 hours old)
2025-07-11 16:13:51,890 - __main__ - INFO - ✅ Skipping پلاسکح (already up-to-date, 0.5 hours old)
2025-07-11 16:13:51,890 - __main__ - INFO - ✅ Skipping ناما (already up-to-date, 0.5 hours old)
2025-07-11 16:13:51,891 - __main__ - INFO - ✅ Skipping فجهان (already up-to-date, 0.5 hours old)
2025-07-11 16:13:51,892 - __main__ - INFO - ✅ Skipping تکنو (already up-to-date, 0.5 hours old)
2025-07-11 16:13:51,892 - __main__ - INFO - ✅ Skipping پلاستح (already up-to-date, 0.5 hours old)
2025-07-11 16:13:51,893 - __main__ - INFO - ✅ Skipping کاماح (already up-to-date, 0.5 hours old)
2025-07-11 16:13:51,893 - __main__ - INFO - ✅ Skipping فپارس (already up-to-date, 0.5 hours old)
2025-07-11 16:13:51,895 - __main__ - INFO - ✅ Skipping شپارس (already up-to-date, 0.5 hours old)
2025-07-11 16:13:51,896 - __main__ - INFO - ✅ Skipping تاپیکوح (already up-to-date, 0.5 hours old)
2025-07-11 16:13:51,899 - __main__ - INFO - ✅ Skipping سغرب (already up-to-date, 0.5 hours old)
2025-07-11 16:13:51,900 - __main__ - INFO - ✅ Skipping وبملت (already up-to-date, 0.5 hours old)
2025-07-11 16:13:51,901 - __main__ - INFO - ✅ Skipping ذوب (already up-to-date, 0.5 hours old)
2025-07-11 16:13:51,904 - __main__ - INFO - ⏰ File for سصفهاح is old (93.0 hours). Attempting to update...
2025-07-11 16:13:57,387 - __main__ - ERROR - ❌ Failed to download سصفهاح: single positional indexer is out-of-bounds. Will retry on next run.
2025-07-11 16:13:57,399 - __main__ - INFO - ✅ Skipping ثشاهدح (already up-to-date, 0.5 hours old)
2025-07-11 16:13:57,400 - __main__ - INFO - ✅ Skipping ولیزح (already up-to-date, 0.5 hours old)
2025-07-11 16:13:57,401 - __main__ - INFO - ✅ Skipping گارانتی (already up-to-date, 0.5 hours old)
2025-07-11 16:13:57,402 - __main__ - INFO - ✅ Skipping یارا (already up-to-date, 0.5 hours old)
2025-07-11 16:13:57,402 - __main__ - INFO - ✅ Skipping ساربیل (already up-to-date, 0.5 hours old)
2025-07-11 16:13:57,403 - __main__ - INFO - ⏰ File for شوشح is old (93.0 hours). Attempting to update...
2025-07-11 16:14:01,859 - __main__ - ERROR - ❌ Failed to download شوشح: single positional indexer is out-of-bounds. Will retry on next run.
2025-07-11 16:14:01,859 - __main__ - INFO - ✅ Skipping کنیلو (already up-to-date, 0.5 hours old)
2025-07-11 16:14:01,860 - __main__ - INFO - ✅ Skipping وآردل (already up-to-date, 0.5 hours old)
2025-07-11 16:14:01,861 - __main__ - INFO - ✅ Skipping وآرین (already up-to-date, 0.5 hours old)
2025-07-11 16:14:01,861 - __main__ - INFO - ✅ Skipping حتوکا (already up-to-date, 0.5 hours old)
2025-07-11 16:14:01,862 - __main__ - INFO - ✅ Skipping ونیرو (already up-to-date, 0.5 hours old)
2025-07-11 16:14:01,862 - __main__ - INFO - ✅ Skipping رابین (already up-to-date, 0.5 hours old)
2025-07-11 16:14:01,863 - __main__ - INFO - ✅ Skipping تپکوح (already up-to-date, 0.5 hours old)
2025-07-11 16:14:01,863 - __main__ - INFO - ✅ Skipping آرام (already up-to-date, 0.5 hours old)
2025-07-11 16:14:01,864 - __main__ - INFO - ✅ Skipping بشهابح (already up-to-date, 0.5 hours old)
2025-07-11 16:14:01,866 - __main__ - INFO - ✅ Skipping شپمچاح (already up-to-date, 0.5 hours old)
2025-07-11 16:14:01,869 - __main__ - INFO - ✅ Skipping فسا (already up-to-date, 0.5 hours old)
2025-07-11 16:14:01,870 - __main__ - INFO - ✅ Skipping غمهراح (already up-to-date, 0.5 hours old)
2025-07-11 16:14:01,871 - __main__ - INFO - ✅ Skipping سبهان (already up-to-date, 0.5 hours old)
2025-07-11 16:14:01,872 - __main__ - INFO - ✅ Skipping سپیدار (already up-to-date, 0.5 hours old)
2025-07-11 16:14:01,872 - __main__ - INFO - ✅ Skipping وانصار (already up-to-date, 0.5 hours old)
2025-07-11 16:14:01,873 - __main__ - INFO - ✅ Skipping قچار (already up-to-date, 0.5 hours old)
2025-07-11 16:14:01,873 - __main__ - INFO - ⏰ File for زرنام is old (93.0 hours). Attempting to update...
2025-07-11 16:14:05,220 - __main__ - ERROR - ❌ Failed to download زرنام: single positional indexer is out-of-bounds. Will retry on next run.
2025-07-11 16:14:05,225 - __main__ - INFO - ✅ Skipping رمپناح (already up-to-date, 0.5 hours old)
2025-07-11 16:14:05,227 - __main__ - INFO - ✅ Skipping تنوینح (already up-to-date, 0.5 hours old)
2025-07-11 16:14:05,228 - __main__ - INFO - ✅ Skipping دکیمیح (already up-to-date, 0.5 hours old)
2025-07-11 16:14:05,229 - __main__ - INFO - ✅ Skipping ونیروح (already up-to-date, 0.5 hours old)
2025-07-11 16:14:05,229 - __main__ - INFO - ✅ Skipping سترانح (already up-to-date, 0.5 hours old)
2025-07-11 16:14:05,230 - __main__ - INFO - ✅ Skipping فسازانح (already up-to-date, 0.5 hours old)
2025-07-11 16:14:05,231 - __main__ - INFO - ✅ Skipping دلر (already up-to-date, 0.5 hours old)
2025-07-11 16:14:05,231 - __main__ - INFO - ✅ Skipping وتوصاح (already up-to-date, 0.5 hours old)
2025-07-11 16:14:05,232 - __main__ - INFO - ✅ Skipping قپارس (already up-to-date, 0.5 hours old)
2025-07-11 16:14:05,234 - __main__ - INFO - ✅ Skipping بفجر (already up-to-date, 0.5 hours old)
2025-07-11 16:14:05,237 - __main__ - INFO - ⏰ File for شموادح is old (93.0 hours). Attempting to update...
2025-07-11 16:14:08,251 - __main__ - ERROR - ❌ Failed to download شموادح: single positional indexer is out-of-bounds. Will retry on next run.
2025-07-11 16:14:08,251 - __main__ - INFO - ✅ Skipping وسدید (already up-to-date, 0.5 hours old)
2025-07-11 16:14:08,254 - __main__ - INFO - ✅ Skipping وساخت (already up-to-date, 0.5 hours old)
2025-07-11 16:14:08,256 - __main__ - INFO - ✅ Skipping کزغال (already up-to-date, 0.5 hours old)
2025-07-11 16:14:08,256 - __main__ - INFO - ✅ Skipping تکنار (already up-to-date, 0.5 hours old)
2025-07-11 16:14:08,258 - __main__ - INFO - ⏰ File for چافستح is old (93.0 hours). Attempting to update...
2025-07-11 16:14:10,691 - __main__ - ERROR - ❌ Failed to download چافستح: single positional indexer is out-of-bounds. Will retry on next run.
2025-07-11 16:14:10,692 - __main__ - INFO - ⏰ File for وسمحال is old (93.0 hours). Attempting to update...
2025-07-11 16:14:13,279 - __main__ - ERROR - ❌ Failed to download وسمحال: single positional indexer is out-of-bounds. Will retry on next run.
2025-07-11 16:14:13,280 - __main__ - INFO - ✅ Skipping شمواد (already up-to-date, 0.5 hours old)
2025-07-11 16:14:13,281 - __main__ - INFO - ✅ Skipping فاسمین (already up-to-date, 0.5 hours old)
2025-07-11 16:14:13,281 - __main__ - INFO - ✅ Skipping پسهندح (already up-to-date, 0.5 hours old)
2025-07-11 16:14:13,282 - __main__ - INFO - ✅ Skipping هم وزن (already up-to-date, 0.5 hours old)
2025-07-11 16:14:13,283 - __main__ - INFO - ✅ Skipping آکنتورح (already up-to-date, 0.5 hours old)
2025-07-11 16:14:13,283 - __main__ - INFO - ✅ Skipping سپهر (already up-to-date, 0.5 hours old)
2025-07-11 16:14:13,284 - __main__ - INFO - ✅ Skipping خفنر (already up-to-date, 0.5 hours old)
2025-07-11 16:14:13,284 - __main__ - INFO - ✅ Skipping فجام (already up-to-date, 0.5 hours old)
2025-07-11 16:14:13,285 - __main__ - INFO - ✅ Skipping کایتاح (already up-to-date, 0.5 hours old)
2025-07-11 16:14:13,287 - __main__ - INFO - ✅ Skipping کرماشاح (already up-to-date, 0.5 hours old)
2025-07-11 16:14:13,288 - __main__ - INFO - ✅ Skipping غکورش (already up-to-date, 0.5 hours old)
2025-07-11 16:14:13,288 - __main__ - INFO - ✅ Skipping پرداخت (already up-to-date, 0.5 hours old)
2025-07-11 16:14:13,289 - __main__ - INFO - ✅ Skipping داوه (already up-to-date, 0.5 hours old)
2025-07-11 16:14:13,289 - __main__ - INFO - ✅ Skipping ساروم (already up-to-date, 0.5 hours old)
2025-07-11 16:14:13,290 - __main__ - INFO - ✅ Skipping رتکوح (already up-to-date, 0.5 hours old)
2025-07-11 16:14:13,290 - __main__ - INFO - ✅ Skipping مبین (already up-to-date, 0.5 hours old)
2025-07-11 16:14:13,291 - __main__ - INFO - ✅ Skipping ماهور (already up-to-date, 0.5 hours old)
2025-07-11 16:14:13,292 - __main__ - INFO - ✅ Skipping تاپیکو (already up-to-date, 0.5 hours old)
2025-07-11 16:14:13,292 - __main__ - INFO - ✅ Skipping فاسمینح (already up-to-date, 0.5 hours old)
2025-07-11 16:14:13,293 - __main__ - INFO - ✅ Skipping دپارس (already up-to-date, 0.5 hours old)
2025-07-11 16:14:13,293 - __main__ - INFO - ✅ Skipping ومعلم (already up-to-date, 0.5 hours old)
2025-07-11 16:14:13,294 - __main__ - INFO - ✅ Skipping شپدیسح (already up-to-date, 0.5 hours old)
2025-07-11 16:14:13,295 - __main__ - INFO - ✅ Skipping برکت (already up-to-date, 0.5 hours old)
2025-07-11 16:14:13,295 - __main__ - INFO - ✅ Skipping بنو (already up-to-date, 0.5 hours old)
2025-07-11 16:14:13,296 - __main__ - INFO - ✅ Skipping بایکاح (already up-to-date, 0.5 hours old)
2025-07-11 16:14:13,297 - __main__ - INFO - ✅ Skipping شپاکساح (already up-to-date, 0.5 hours old)
2025-07-11 16:14:13,297 - __main__ - INFO - ⏰ File for تمدن is old (93.0 hours). Attempting to update...
2025-07-11 16:14:17,081 - __main__ - ERROR - ❌ Failed to download تمدن: single positional indexer is out-of-bounds. Will retry on next run.
2025-07-11 16:14:17,092 - __main__ - INFO - ✅ Skipping غنیلی (already up-to-date, 0.5 hours old)
2025-07-11 16:14:17,094 - __main__ - INFO - ✅ Skipping سیسکو (already up-to-date, 0.5 hours old)
2025-07-11 16:14:17,094 - __main__ - INFO - ✅ Skipping دانا (already up-to-date, 0.5 hours old)
2025-07-11 16:14:17,095 - __main__ - INFO - ✅ Skipping آفاق (already up-to-date, 0.5 hours old)
2025-07-11 16:14:17,096 - __main__ - INFO - ✅ Skipping وبرق (already up-to-date, 0.5 hours old)
2025-07-11 16:14:17,096 - __main__ - INFO - ✅ Skipping تملت (already up-to-date, 0.5 hours old)
2025-07-11 16:14:17,097 - __main__ - INFO - ✅ Skipping پلوله (already up-to-date, 0.5 hours old)
2025-07-11 16:14:17,097 - __main__ - INFO - ✅ Skipping شساختح (already up-to-date, 0.5 hours old)
2025-07-11 16:14:17,098 - __main__ - INFO - ✅ Skipping بپیوند (already up-to-date, 0.5 hours old)
2025-07-11 16:14:17,098 - __main__ - INFO - ✅ Skipping خگستر (already up-to-date, 0.5 hours old)
2025-07-11 16:14:17,099 - __main__ - INFO - ✅ Skipping سپید (already up-to-date, 0.5 hours old)
2025-07-11 16:14:17,099 - __main__ - INFO - ✅ Skipping غصینو (already up-to-date, 0.5 hours old)
2025-07-11 16:14:17,100 - __main__ - INFO - ✅ Skipping کگلح (already up-to-date, 0.5 hours old)
2025-07-11 16:14:17,100 - __main__ - INFO - ✅ Skipping وآذرح (already up-to-date, 0.5 hours old)
2025-07-11 16:14:17,101 - __main__ - INFO - ✅ Skipping واعتبار (already up-to-date, 0.5 hours old)
2025-07-11 16:14:17,101 - __main__ - INFO - ✅ Skipping واحصا (already up-to-date, 0.5 hours old)
2025-07-11 16:14:17,102 - __main__ - INFO - ✅ Skipping آلا (already up-to-date, 0.5 hours old)
2025-07-11 16:14:17,103 - __main__ - INFO - ✅ Skipping سهگمت (already up-to-date, 0.5 hours old)
2025-07-11 16:14:17,103 - __main__ - INFO - ✅ Skipping والبرح (already up-to-date, 0.5 hours old)
2025-07-11 16:14:17,103 - __main__ - INFO - ✅ Skipping بگیلان (already up-to-date, 0.5 hours old)
2025-07-11 16:14:17,104 - __main__ - INFO - ✅ Skipping کسرام (already up-to-date, 0.5 hours old)
2025-07-11 16:14:17,105 - __main__ - INFO - ✅ Skipping فلات (already up-to-date, 0.5 hours old)
2025-07-11 16:14:17,105 - __main__ - INFO - ✅ Skipping پیروز (already up-to-date, 0.5 hours old)
2025-07-11 16:14:17,106 - __main__ - INFO - ✅ Skipping غنوش (already up-to-date, 0.5 hours old)
2025-07-11 16:14:17,107 - __main__ - INFO - ✅ Skipping تپسی (already up-to-date, 0.5 hours old)
2025-07-11 16:14:17,107 - __main__ - INFO - ✅ Skipping خزامیاح (already up-to-date, 0.5 hours old)
2025-07-11 16:14:17,107 - __main__ - INFO - ✅ Skipping رانفور (already up-to-date, 0.5 hours old)
2025-07-11 16:14:17,108 - __main__ - INFO - ✅ Skipping وسگیلا (already up-to-date, 0.5 hours old)
2025-07-11 16:14:17,108 - __main__ - INFO - ✅ Skipping لسرما (already up-to-date, 0.5 hours old)
2025-07-11 16:14:17,109 - __main__ - INFO - ✅ Skipping سیلامح (already up-to-date, 0.5 hours old)
2025-07-11 16:14:17,109 - __main__ - INFO - ✅ Skipping غمهرا (already up-to-date, 0.5 hours old)
2025-07-11 16:14:17,110 - __main__ - INFO - ✅ Skipping نفیس (already up-to-date, 0.5 hours old)
2025-07-11 16:14:17,112 - __main__ - INFO - ✅ Skipping فن آوا (already up-to-date, 0.5 hours old)
2025-07-11 16:14:17,112 - __main__ - INFO - ✅ Skipping مبینح (already up-to-date, 0.5 hours old)
2025-07-11 16:14:17,113 - __main__ - INFO - ✅ Skipping متال (already up-to-date, 0.5 hours old)
2025-07-11 16:14:17,114 - __main__ - INFO - ✅ Skipping ترمه (already up-to-date, 0.5 hours old)
2025-07-11 16:14:17,115 - __main__ - INFO - ✅ Skipping خکمکح (already up-to-date, 0.5 hours old)
2025-07-11 16:14:17,115 - __main__ - INFO - ✅ Skipping آسیا (already up-to-date, 0.5 hours old)
2025-07-11 16:14:17,116 - __main__ - INFO - ✅ Skipping کنیلوح (already up-to-date, 0.5 hours old)
2025-07-11 16:14:17,116 - __main__ - INFO - ✅ Skipping کصدف (already up-to-date, 0.5 hours old)
2025-07-11 16:14:17,117 - __main__ - INFO - ✅ Skipping فلامیح (already up-to-date, 0.5 hours old)
2025-07-11 16:14:17,117 - __main__ - INFO - ✅ Skipping لپویاح (already up-to-date, 0.5 hours old)
2025-07-11 16:14:17,117 - __main__ - INFO - ✅ Skipping ثامید (already up-to-date, 0.5 hours old)
2025-07-11 16:14:17,118 - __main__ - INFO - ✅ Skipping کفرآور (already up-to-date, 0.5 hours old)
2025-07-11 16:14:17,118 - __main__ - INFO - ✅ Skipping چکاوهح (already up-to-date, 0.5 hours old)
2025-07-11 16:14:17,119 - __main__ - INFO - ✅ Skipping زدشت (already up-to-date, 0.5 hours old)
2025-07-11 16:14:17,119 - __main__ - INFO - ✅ Skipping ثروتم (already up-to-date, 0.5 hours old)
2025-07-11 16:14:17,120 - __main__ - INFO - ✅ Skipping نوری (already up-to-date, 0.5 hours old)
2025-07-11 16:14:17,121 - __main__ - INFO - ✅ Skipping خمهر (already up-to-date, 0.5 hours old)
2025-07-11 16:14:17,122 - __main__ - INFO - ✅ Skipping شگویا (already up-to-date, 0.5 hours old)
2025-07-11 16:14:17,122 - __main__ - INFO - ✅ Skipping امین (already up-to-date, 0.5 hours old)
2025-07-11 16:14:17,123 - __main__ - INFO - ✅ Skipping پارسانح (already up-to-date, 0.5 hours old)
2025-07-11 16:14:17,123 - __main__ - INFO - ✅ Skipping شاوان (already up-to-date, 0.5 hours old)
2025-07-11 16:14:17,124 - __main__ - INFO - ✅ Skipping کیمیا (already up-to-date, 0.5 hours old)
2025-07-11 16:14:17,124 - __main__ - INFO - ✅ Skipping وامیدح (already up-to-date, 0.5 hours old)
2025-07-11 16:14:17,125 - __main__ - INFO - ✅ Skipping وتعاون (already up-to-date, 0.5 hours old)
2025-07-11 16:14:17,125 - __main__ - INFO - ✅ Skipping آبین (already up-to-date, 0.5 hours old)
2025-07-11 16:14:17,126 - __main__ - INFO - ✅ Skipping فروسیل (already up-to-date, 0.5 hours old)
2025-07-11 16:14:17,126 - __main__ - INFO - ✅ Skipping بمیلا (already up-to-date, 0.5 hours old)
2025-07-11 16:14:17,128 - __main__ - INFO - ✅ Skipping دکوثرح (already up-to-date, 0.5 hours old)
2025-07-11 16:14:17,129 - __main__ - INFO - ✅ Skipping سهگمتح (already up-to-date, 0.5 hours old)
2025-07-11 16:14:17,130 - __main__ - INFO - ✅ Skipping ومعادنح (already up-to-date, 0.5 hours old)
2025-07-11 16:14:17,130 - __main__ - INFO - ✅ Skipping مانی (already up-to-date, 0.5 hours old)
2025-07-11 16:14:17,131 - __main__ - INFO - ✅ Skipping خچرخش (already up-to-date, 0.5 hours old)
2025-07-11 16:14:17,131 - __main__ - INFO - ✅ Skipping شبریزح (already up-to-date, 0.5 hours old)
2025-07-11 16:14:17,132 - __main__ - INFO - ✅ Skipping شپتروح (already up-to-date, 0.5 hours old)
2025-07-11 16:14:17,132 - __main__ - INFO - ✅ Skipping کرماشا (already up-to-date, 0.5 hours old)
2025-07-11 16:14:17,133 - __main__ - INFO - ✅ Skipping فخوز (already up-to-date, 0.5 hours old)
2025-07-11 16:14:17,133 - __main__ - INFO - ✅ Skipping قشهد (already up-to-date, 0.5 hours old)
2025-07-11 16:14:17,134 - __main__ - INFO - ✅ Skipping قصفها (already up-to-date, 0.5 hours old)
2025-07-11 16:14:17,134 - __main__ - INFO - ✅ Skipping ختراک (already up-to-date, 0.5 hours old)
2025-07-11 16:14:17,135 - __main__ - INFO - ✅ Skipping خریختح (already up-to-date, 0.5 hours old)
2025-07-11 16:14:17,135 - __main__ - INFO - ✅ Skipping سپر (already up-to-date, 0.5 hours old)
2025-07-11 16:14:17,135 - __main__ - INFO - ✅ Skipping پارسان (already up-to-date, 0.5 hours old)
2025-07-11 16:14:17,136 - __main__ - INFO - ✅ Skipping تداوم (already up-to-date, 0.5 hours old)
2025-07-11 16:14:17,136 - __main__ - INFO - ⏰ File for نماد is old (93.0 hours). Attempting to update...
2025-07-11 16:14:21,567 - __main__ - ERROR - ❌ Failed to download نماد: single positional indexer is out-of-bounds. Will retry on next run.
2025-07-11 16:14:21,573 - __main__ - INFO - ✅ Skipping کماسهح (already up-to-date, 0.5 hours old)
2025-07-11 16:14:21,574 - __main__ - INFO - ✅ Skipping فاخر (already up-to-date, 0.5 hours old)
2025-07-11 16:14:21,574 - __main__ - INFO - ✅ Skipping قشکرح (already up-to-date, 0.5 hours old)
2025-07-11 16:14:21,575 - __main__ - INFO - ✅ Skipping کمرجان (already up-to-date, 0.5 hours old)
2025-07-11 16:14:21,575 - __main__ - INFO - ✅ Skipping شنفتح (already up-to-date, 0.5 hours old)
2025-07-11 16:14:21,576 - __main__ - INFO - ✅ Skipping غبهار (already up-to-date, 0.5 hours old)
2025-07-11 16:14:21,576 - __main__ - INFO - ✅ Skipping فسدیدح (already up-to-date, 0.5 hours old)
2025-07-11 16:14:21,577 - __main__ - INFO - ✅ Skipping زرین (already up-to-date, 0.5 hours old)
2025-07-11 16:14:21,578 - __main__ - INFO - ✅ Skipping سارومح (already up-to-date, 0.5 hours old)
2025-07-11 16:14:21,578 - __main__ - INFO - ✅ Skipping بورس (already up-to-date, 0.5 hours old)
2025-07-11 16:14:21,579 - __main__ - INFO - ✅ Skipping غپاکح (already up-to-date, 0.5 hours old)
2025-07-11 16:14:21,579 - __main__ - INFO - ✅ Skipping دسانکو (already up-to-date, 0.5 hours old)
2025-07-11 16:14:21,580 - __main__ - INFO - ✅ Skipping آساس (already up-to-date, 0.5 hours old)
2025-07-11 16:14:21,580 - __main__ - INFO - ✅ Skipping وگستر (already up-to-date, 0.5 hours old)
2025-07-11 16:14:21,581 - __main__ - INFO - ✅ Skipping جوین (already up-to-date, 0.5 hours old)
2025-07-11 16:14:21,581 - __main__ - INFO - ⏰ File for اکتیو is old (93.0 hours). Attempting to update...
2025-07-11 16:14:24,458 - __main__ - ERROR - ❌ Failed to download اکتیو: single positional indexer is out-of-bounds. Will retry on next run.
2025-07-11 16:14:24,469 - __main__ - INFO - ✅ Skipping انرژی2 (already up-to-date, 0.5 hours old)
2025-07-11 16:14:24,470 - __main__ - INFO - ✅ Skipping شبندر (already up-to-date, 0.5 hours old)
2025-07-11 16:14:24,470 - __main__ - INFO - ✅ Skipping حسیر (already up-to-date, 0.5 hours old)
2025-07-11 16:14:24,470 - __main__ - INFO - ✅ Skipping کاوهح (already up-to-date, 0.5 hours old)
2025-07-11 16:14:24,472 - __main__ - INFO - ✅ Skipping ساوه (already up-to-date, 0.5 hours old)
2025-07-11 16:14:24,472 - __main__ - INFO - ✅ Skipping زکشت (already up-to-date, 0.5 hours old)
2025-07-11 16:14:24,473 - __main__ - INFO - ✅ Skipping بالبر (already up-to-date, 0.5 hours old)
2025-07-11 16:14:24,474 - __main__ - INFO - ✅ Skipping شوینده (already up-to-date, 0.5 hours old)
2025-07-11 16:14:24,474 - __main__ - INFO - ⏰ File for لبهمنح is old (93.0 hours). Attempting to update...
2025-07-11 16:14:27,014 - __main__ - ERROR - ❌ Failed to download لبهمنح: single positional indexer is out-of-bounds. Will retry on next run.
2025-07-11 16:14:27,015 - __main__ - INFO - ✅ Skipping دعبیدح (already up-to-date, 0.5 hours old)
2025-07-11 16:14:27,015 - __main__ - INFO - ✅ Skipping سخند (already up-to-date, 0.5 hours old)
2025-07-11 16:14:27,016 - __main__ - INFO - ✅ Skipping دکپسول (already up-to-date, 0.5 hours old)
2025-07-11 16:14:27,017 - __main__ - INFO - ✅ Skipping دریا (already up-to-date, 0.5 hours old)
2025-07-11 16:14:27,017 - __main__ - INFO - ✅ Skipping زقیام (already up-to-date, 0.5 hours old)
2025-07-11 16:14:27,018 - __main__ - INFO - ✅ Skipping ساراب (already up-to-date, 0.5 hours old)
2025-07-11 16:14:27,018 - __main__ - INFO - ✅ Skipping قهکمت (already up-to-date, 0.5 hours old)
2025-07-11 16:14:27,019 - __main__ - INFO - ✅ Skipping همای (already up-to-date, 0.5 hours old)
2025-07-11 16:14:27,019 - __main__ - INFO - ✅ Skipping مداران (already up-to-date, 0.5 hours old)
2025-07-11 16:14:27,020 - __main__ - INFO - ✅ Skipping آریان (already up-to-date, 0.5 hours old)
2025-07-11 16:14:27,021 - __main__ - INFO - ✅ Skipping سیلام (already up-to-date, 0.5 hours old)
2025-07-11 16:14:27,021 - __main__ - INFO - ⏰ File for سینا is old (93.0 hours). Attempting to update...
2025-07-11 16:14:31,286 - __main__ - ERROR - ❌ Failed to download سینا: single positional indexer is out-of-bounds. Will retry on next run.
2025-07-11 16:14:31,286 - __main__ - INFO - ✅ Skipping وساپاح (already up-to-date, 0.5 hours old)
2025-07-11 16:14:31,288 - __main__ - INFO - ✅ Skipping اعتماد (already up-to-date, 0.5 hours old)
2025-07-11 16:14:31,289 - __main__ - INFO - ✅ Skipping سغدیر (already up-to-date, 0.5 hours old)
2025-07-11 16:14:31,289 - __main__ - INFO - ✅ Skipping لپارس (already up-to-date, 0.5 hours old)
2025-07-11 16:14:31,290 - __main__ - INFO - ✅ Skipping خاور (already up-to-date, 0.5 hours old)
2025-07-11 16:14:31,291 - __main__ - INFO - ✅ Skipping غدشتح (already up-to-date, 0.5 hours old)
2025-07-11 16:14:31,291 - __main__ - INFO - ✅ Skipping پترول (already up-to-date, 0.5 hours old)
2025-07-11 16:14:31,292 - __main__ - INFO - ✅ Skipping تاراز (already up-to-date, 0.5 hours old)
2025-07-11 16:14:31,292 - __main__ - INFO - ✅ Skipping خشرق (already up-to-date, 0.5 hours old)
2025-07-11 16:14:31,293 - __main__ - INFO - ✅ Skipping کهمداح (already up-to-date, 0.5 hours old)
2025-07-11 16:14:31,294 - __main__ - INFO - ✅ Skipping رماس (already up-to-date, 0.5 hours old)
2025-07-11 16:14:31,294 - __main__ - INFO - ✅ Skipping تکاردان (already up-to-date, 0.5 hours old)
2025-07-11 16:14:31,295 - __main__ - INFO - ✅ Skipping جواهر (already up-to-date, 0.5 hours old)
2025-07-11 16:14:31,296 - __main__ - INFO - ✅ Skipping امین یکم (already up-to-date, 0.5 hours old)
2025-07-11 16:14:31,296 - __main__ - INFO - ✅ Skipping خبهمنح (already up-to-date, 0.5 hours old)
2025-07-11 16:14:31,297 - __main__ - INFO - ✅ Skipping خراسان (already up-to-date, 0.5 hours old)
2025-07-11 16:14:31,297 - __main__ - INFO - ✅ Skipping تصمیم (already up-to-date, 0.5 hours old)
2025-07-11 16:14:31,298 - __main__ - INFO - ✅ Skipping سرو (already up-to-date, 0.5 hours old)
2025-07-11 16:14:31,298 - __main__ - INFO - ✅ Skipping فبیراح (already up-to-date, 0.5 hours old)
2025-07-11 16:14:31,299 - __main__ - INFO - ✅ Skipping مدیر (already up-to-date, 0.5 hours old)
2025-07-11 16:14:31,299 - __main__ - INFO - ✅ Skipping بتهران (already up-to-date, 0.5 hours old)
2025-07-11 16:14:31,301 - __main__ - INFO - ✅ Skipping خنصیرح (already up-to-date, 0.5 hours old)
2025-07-11 16:14:31,302 - __main__ - INFO - ✅ Skipping خموتور (already up-to-date, 0.5 hours old)
2025-07-11 16:14:31,303 - __main__ - INFO - ✅ Skipping جهش (already up-to-date, 0.5 hours old)
2025-07-11 16:14:31,303 - __main__ - INFO - ✅ Skipping حتاید (already up-to-date, 0.4 hours old)
2025-07-11 16:14:31,304 - __main__ - INFO - ✅ Skipping ونچر (already up-to-date, 0.4 hours old)
2025-07-11 16:14:31,305 - __main__ - INFO - ✅ Skipping وپترو (already up-to-date, 0.4 hours old)
2025-07-11 16:14:31,305 - __main__ - INFO - ✅ Skipping ولراز (already up-to-date, 0.4 hours old)
2025-07-11 16:14:31,306 - __main__ - INFO - ⏰ File for فردوس is old (93.0 hours). Attempting to update...
2025-07-11 16:14:35,759 - __main__ - ERROR - ❌ Failed to download فردوس: single positional indexer is out-of-bounds. Will retry on next run.
2025-07-11 16:14:35,760 - __main__ - INFO - ✅ Skipping وتوکا (already up-to-date, 0.4 hours old)
2025-07-11 16:14:35,760 - __main__ - INFO - ✅ Skipping خبازرس (already up-to-date, 0.4 hours old)
2025-07-11 16:14:35,761 - __main__ - INFO - ✅ Skipping مارون (already up-to-date, 0.4 hours old)
2025-07-11 16:14:35,761 - __main__ - INFO - ✅ Skipping تلیسه (already up-to-date, 0.4 hours old)
2025-07-11 16:14:35,762 - __main__ - INFO - ✅ Skipping کایزد (already up-to-date, 0.4 hours old)
2025-07-11 16:14:35,763 - __main__ - INFO - ✅ Skipping وکادو (already up-to-date, 0.4 hours old)
2025-07-11 16:14:35,763 - __main__ - INFO - ✅ Skipping سدشت (already up-to-date, 0.4 hours old)
2025-07-11 16:14:35,764 - __main__ - INFO - ✅ Skipping فپارسح (already up-to-date, 0.4 hours old)
2025-07-11 16:14:35,765 - __main__ - INFO - ✅ Skipping خودروح (already up-to-date, 0.4 hours old)
2025-07-11 16:14:35,765 - __main__ - INFO - ✅ Skipping خاذینح (already up-to-date, 0.4 hours old)
2025-07-11 16:14:35,766 - __main__ - INFO - ⏰ File for فنرژیح is old (93.0 hours). Attempting to update...
2025-07-11 16:14:41,326 - __main__ - ERROR - ❌ Failed to download فنرژیح: single positional indexer is out-of-bounds. Will retry on next run.
2025-07-11 16:14:41,327 - __main__ - INFO - ✅ Skipping داتام (already up-to-date, 0.4 hours old)
2025-07-11 16:14:41,328 - __main__ - INFO - ✅ Skipping حبندر (already up-to-date, 0.4 hours old)
2025-07-11 16:14:41,328 - __main__ - INFO - ✅ Skipping صباح (already up-to-date, 0.4 hours old)
2025-07-11 16:14:41,329 - __main__ - INFO - ✅ Skipping غالبرح (already up-to-date, 0.4 hours old)
2025-07-11 16:14:41,330 - __main__ - INFO - ✅ Skipping ویسا (already up-to-date, 0.4 hours old)
2025-07-11 16:14:41,331 - __main__ - INFO - ✅ Skipping شتولیح (already up-to-date, 0.4 hours old)
2025-07-11 16:14:41,331 - __main__ - INFO - ✅ Skipping خمحرکهح (already up-to-date, 0.4 hours old)
2025-07-11 16:14:41,331 - __main__ - INFO - ✅ Skipping پاکشوح (already up-to-date, 0.4 hours old)
2025-07-11 16:14:41,332 - __main__ - INFO - ✅ Skipping فاذر (already up-to-date, 0.4 hours old)
2025-07-11 16:14:41,332 - __main__ - INFO - ✅ Skipping هیوا (already up-to-date, 0.4 hours old)
2025-07-11 16:14:41,333 - __main__ - INFO - ✅ Skipping بذر (already up-to-date, 0.4 hours old)
2025-07-11 16:14:41,334 - __main__ - INFO - ⏰ File for قهکمتح is old (93.0 hours). Attempting to update...
2025-07-11 16:14:49,744 - __main__ - ERROR - ❌ Failed to download قهکمتح: single positional indexer is out-of-bounds. Will retry on next run.
2025-07-11 16:14:49,745 - __main__ - INFO - ✅ Skipping اتوآگاه (already up-to-date, 0.4 hours old)
2025-07-11 16:14:49,745 - __main__ - INFO - ✅ Skipping سفارح (already up-to-date, 0.4 hours old)
2025-07-11 16:14:49,746 - __main__ - INFO - ✅ Skipping فروس (already up-to-date, 0.4 hours old)
2025-07-11 16:14:49,746 - __main__ - INFO - ⏰ File for شلوان is old (93.0 hours). Attempting to update...
2025-07-11 16:14:56,694 - __main__ - ERROR - ❌ Failed to download شلوان: single positional indexer is out-of-bounds. Will retry on next run.
2025-07-11 16:14:56,706 - __main__ - INFO - ✅ Skipping کبافق (already up-to-date, 0.4 hours old)
2025-07-11 16:14:56,707 - __main__ - INFO - ✅ Skipping دارو (already up-to-date, 0.4 hours old)
2025-07-11 16:14:56,708 - __main__ - INFO - ✅ Skipping فاماح (already up-to-date, 0.4 hours old)
2025-07-11 16:14:56,708 - __main__ - INFO - ✅ Skipping فبیرا (already up-to-date, 0.4 hours old)
2025-07-11 16:14:56,709 - __main__ - INFO - ✅ Skipping وتجارت (already up-to-date, 0.4 hours old)
2025-07-11 16:14:56,709 - __main__ - INFO - ✅ Skipping شلرد (already up-to-date, 0.4 hours old)
2025-07-11 16:14:56,709 - __main__ - INFO - ✅ Skipping سفاسیت (already up-to-date, 0.4 hours old)
2025-07-11 16:14:56,710 - __main__ - INFO - ✅ Skipping شیرازح (already up-to-date, 0.4 hours old)
2025-07-11 16:14:56,711 - __main__ - INFO - ✅ Skipping وپویا (already up-to-date, 0.4 hours old)
2025-07-11 16:14:56,711 - __main__ - INFO - ✅ Skipping غشان (already up-to-date, 0.4 hours old)
2025-07-11 16:14:56,711 - __main__ - INFO - ✅ Skipping دهدشت (already up-to-date, 0.4 hours old)
2025-07-11 16:14:56,712 - __main__ - INFO - ✅ Skipping غچینح (already up-to-date, 0.4 hours old)
2025-07-11 16:14:56,713 - __main__ - INFO - ✅ Skipping ثرود (already up-to-date, 0.4 hours old)
2025-07-11 16:14:56,714 - __main__ - INFO - ✅ Skipping ثغرب (already up-to-date, 0.4 hours old)
2025-07-11 16:14:56,714 - __main__ - INFO - ✅ Skipping وصناح (already up-to-date, 0.4 hours old)
2025-07-11 16:14:56,714 - __main__ - INFO - ✅ Skipping رتاپ (already up-to-date, 0.4 hours old)
2025-07-11 16:14:56,715 - __main__ - INFO - ✅ Skipping وسخوز (already up-to-date, 0.4 hours old)
2025-07-11 16:14:56,715 - __main__ - INFO - ✅ Skipping کفپارس (already up-to-date, 0.4 hours old)
2025-07-11 16:14:56,716 - __main__ - INFO - ✅ Skipping مهریران (already up-to-date, 0.4 hours old)
2025-07-11 16:14:56,716 - __main__ - INFO - ✅ Skipping مفاخر (already up-to-date, 0.4 hours old)
2025-07-11 16:14:56,717 - __main__ - INFO - ✅ Skipping کارام (already up-to-date, 0.4 hours old)
2025-07-11 16:14:56,717 - __main__ - INFO - ✅ Skipping معیارح (already up-to-date, 0.4 hours old)
2025-07-11 16:14:56,718 - __main__ - INFO - ✅ Skipping دزهراوی (already up-to-date, 0.4 hours old)
2025-07-11 16:14:56,720 - __main__ - INFO - ✅ Skipping فخاسح (already up-to-date, 0.4 hours old)
2025-07-11 16:14:56,721 - __main__ - INFO - ✅ Skipping کپرور (already up-to-date, 0.4 hours old)
2025-07-11 16:14:56,722 - __main__ - INFO - ✅ Skipping وآتوس (already up-to-date, 0.4 hours old)
2025-07-11 16:14:56,722 - __main__ - INFO - ✅ Skipping سخزرح (already up-to-date, 0.4 hours old)
2025-07-11 16:14:56,723 - __main__ - INFO - ✅ Skipping دماوند (already up-to-date, 0.4 hours old)
2025-07-11 16:14:56,724 - __main__ - INFO - ✅ Skipping نبروج (already up-to-date, 0.4 hours old)
2025-07-11 16:14:56,724 - __main__ - INFO - ✅ Skipping کی بی سی (already up-to-date, 0.4 hours old)
2025-07-11 16:14:56,726 - __main__ - INFO - ✅ Skipping کاریس (already up-to-date, 0.4 hours old)
2025-07-11 16:14:56,728 - __main__ - INFO - ✅ Skipping نمرینوح (already up-to-date, 0.4 hours old)
2025-07-11 16:14:56,729 - __main__ - INFO - ✅ Skipping دتماد (already up-to-date, 0.4 hours old)
2025-07-11 16:14:56,730 - __main__ - INFO - ✅ Skipping رکیش (already up-to-date, 0.4 hours old)
2025-07-11 16:14:56,731 - __main__ - INFO - ✅ Skipping تاتمس (already up-to-date, 0.4 hours old)
2025-07-11 16:14:56,731 - __main__ - INFO - ✅ Skipping ثاصفاح (already up-to-date, 0.4 hours old)
2025-07-11 16:14:56,732 - __main__ - INFO - ✅ Skipping ماح (already up-to-date, 0.4 hours old)
2025-07-11 16:14:56,732 - __main__ - INFO - ✅ Skipping پکرمان (already up-to-date, 0.4 hours old)
2025-07-11 16:14:56,733 - __main__ - INFO - ✅ Skipping نگین (already up-to-date, 0.4 hours old)
2025-07-11 16:14:56,733 - __main__ - INFO - ✅ Skipping چبسپا (already up-to-date, 0.4 hours old)
2025-07-11 16:14:56,734 - __main__ - INFO - ✅ Skipping کلوندح (already up-to-date, 0.4 hours old)
2025-07-11 16:14:56,734 - __main__ - INFO - ✅ Skipping پی پاد (already up-to-date, 0.4 hours old)
2025-07-11 16:14:56,736 - __main__ - INFO - ⏰ File for چکارمح is old (93.0 hours). Attempting to update...
2025-07-11 16:15:02,090 - __main__ - ERROR - ❌ Failed to download چکارمح: single positional indexer is out-of-bounds. Will retry on next run.
2025-07-11 16:15:02,091 - __main__ - INFO - ✅ Skipping فنوالح (already up-to-date, 0.4 hours old)
2025-07-11 16:15:02,104 - __main__ - INFO - ✅ Skipping ولملتح (already up-to-date, 0.4 hours old)
2025-07-11 16:15:02,107 - __main__ - INFO - ✅ Skipping کباده (already up-to-date, 0.4 hours old)
2025-07-11 16:15:02,108 - __main__ - INFO - ✅ Skipping ولکار (already up-to-date, 0.4 hours old)
2025-07-11 16:15:02,109 - __main__ - INFO - ✅ Skipping بیوتیک (already up-to-date, 0.4 hours old)
2025-07-11 16:15:02,110 - __main__ - INFO - ✅ Skipping نبروجح (already up-to-date, 0.4 hours old)
2025-07-11 16:15:02,111 - __main__ - INFO - ✅ Skipping وسکهبو (already up-to-date, 0.4 hours old)
2025-07-11 16:15:02,111 - __main__ - INFO - ✅ Skipping اخابرح (already up-to-date, 0.4 hours old)
2025-07-11 16:15:02,112 - __main__ - INFO - ✅ Skipping وتوس (already up-to-date, 0.4 hours old)
2025-07-11 16:15:02,113 - __main__ - INFO - ✅ Skipping پارند (already up-to-date, 0.4 hours old)
2025-07-11 16:15:02,113 - __main__ - INFO - ✅ Skipping ثنور (already up-to-date, 0.4 hours old)
2025-07-11 16:15:02,114 - __main__ - INFO - ✅ Skipping غپآذر (already up-to-date, 0.4 hours old)
2025-07-11 16:15:02,114 - __main__ - INFO - ✅ Skipping آبادح (already up-to-date, 0.4 hours old)
2025-07-11 16:15:02,115 - __main__ - INFO - ✅ Skipping قزوینح (already up-to-date, 0.4 hours old)
2025-07-11 16:15:02,116 - __main__ - INFO - ✅ Skipping کورز (already up-to-date, 0.4 hours old)
2025-07-11 16:15:02,116 - __main__ - INFO - ✅ Skipping نیان (already up-to-date, 0.4 hours old)
2025-07-11 16:15:02,117 - __main__ - INFO - ✅ Skipping دشیمی (already up-to-date, 0.4 hours old)
2025-07-11 16:15:02,118 - __main__ - INFO - ⏰ File for تمحرکهح is old (93.0 hours). Attempting to update...
2025-07-11 16:15:04,577 - __main__ - ERROR - ❌ Failed to download تمحرکهح: single positional indexer is out-of-bounds. Will retry on next run.
2025-07-11 16:15:04,578 - __main__ - INFO - ✅ Skipping شکلرح (already up-to-date, 0.4 hours old)
2025-07-11 16:15:04,579 - __main__ - INFO - ✅ Skipping تمشک (already up-to-date, 0.4 hours old)
2025-07-11 16:15:04,580 - __main__ - INFO - ✅ Skipping غشهدح (already up-to-date, 0.4 hours old)
2025-07-11 16:15:04,580 - __main__ - INFO - ✅ Skipping شنفت (already up-to-date, 0.4 hours old)
2025-07-11 16:15:04,581 - __main__ - INFO - ✅ Skipping یاقوت (already up-to-date, 0.4 hours old)
2025-07-11 16:15:04,582 - __main__ - INFO - ✅ Skipping فردا (already up-to-date, 0.4 hours old)
2025-07-11 16:15:04,582 - __main__ - INFO - ✅ Skipping حسینا (already up-to-date, 0.4 hours old)
2025-07-11 16:15:04,583 - __main__ - INFO - ✅ Skipping پدناح (already up-to-date, 0.4 hours old)
2025-07-11 16:15:04,583 - __main__ - INFO - ✅ Skipping خاورح (already up-to-date, 0.4 hours old)
2025-07-11 16:15:04,584 - __main__ - INFO - ✅ Skipping وسبحان (already up-to-date, 0.4 hours old)
2025-07-11 16:15:04,584 - __main__ - INFO - ✅ Skipping لبوتان (already up-to-date, 0.4 hours old)
2025-07-11 16:15:04,584 - __main__ - INFO - ⏰ File for قپیراح is old (93.0 hours). Attempting to update...
2025-07-11 16:15:05,435 - __main__ - ERROR - ❌ Failed to download قپیراح: single positional indexer is out-of-bounds. Will retry on next run.
2025-07-11 16:15:05,446 - __main__ - INFO - ✅ Skipping بترانس (already up-to-date, 0.4 hours old)
2025-07-11 16:15:05,447 - __main__ - INFO - ✅ Skipping ولرازح (already up-to-date, 0.4 hours old)
2025-07-11 16:15:05,447 - __main__ - INFO - ✅ Skipping ثفارسح (already up-to-date, 0.4 hours old)
2025-07-11 16:15:05,448 - __main__ - INFO - ✅ Skipping شبریز (already up-to-date, 0.4 hours old)
2025-07-11 16:15:05,448 - __main__ - INFO - ⏰ File for لابساح is old (93.0 hours). Attempting to update...
2025-07-11 16:15:06,302 - __main__ - ERROR - ❌ Failed to download لابساح: single positional indexer is out-of-bounds. Will retry on next run.
2025-07-11 16:15:06,303 - __main__ - INFO - ✅ Skipping واحیا (already up-to-date, 0.4 hours old)
2025-07-11 16:15:06,304 - __main__ - INFO - ✅ Skipping فجوشح (already up-to-date, 0.4 hours old)
2025-07-11 16:15:06,304 - __main__ - INFO - ✅ Skipping فاهواز (already up-to-date, 0.4 hours old)
2025-07-11 16:15:06,305 - __main__ - INFO - ✅ Skipping طلا (already up-to-date, 0.4 hours old)
2025-07-11 16:15:06,306 - __main__ - INFO - ✅ Skipping افق (already up-to-date, 0.4 hours old)
2025-07-11 16:15:06,307 - __main__ - INFO - ✅ Skipping پلاست (already up-to-date, 0.4 hours old)
2025-07-11 16:15:06,310 - __main__ - INFO - ✅ Skipping وخارزم (already up-to-date, 0.4 hours old)
2025-07-11 16:15:06,311 - __main__ - INFO - ✅ Skipping سفارودح (already up-to-date, 0.4 hours old)
2025-07-11 16:15:06,312 - __main__ - INFO - ✅ Skipping کمنگنز (already up-to-date, 0.4 hours old)
2025-07-11 16:15:06,312 - __main__ - INFO - ✅ Skipping نطرین (already up-to-date, 0.4 hours old)
2025-07-11 16:15:06,313 - __main__ - INFO - ✅ Skipping سفانو (already up-to-date, 0.4 hours old)
2025-07-11 16:15:06,313 - __main__ - INFO - ✅ Skipping کترامح (already up-to-date, 0.4 hours old)
2025-07-11 16:15:06,314 - __main__ - INFO - ✅ Skipping درهآور (already up-to-date, 0.4 hours old)
2025-07-11 16:15:06,314 - __main__ - INFO - ✅ Skipping وطوبی (already up-to-date, 0.4 hours old)
2025-07-11 16:15:06,315 - __main__ - INFO - ✅ Skipping خچرخشح (already up-to-date, 0.4 hours old)
2025-07-11 16:15:06,315 - __main__ - INFO - ⏰ File for غنوشح is old (93.0 hours). Attempting to update...
2025-07-11 16:15:07,443 - __main__ - ERROR - ❌ Failed to download غنوشح: single positional indexer is out-of-bounds. Will retry on next run.
2025-07-11 16:15:07,444 - __main__ - INFO - ✅ Skipping پایا (already up-to-date, 0.4 hours old)
2025-07-11 16:15:07,445 - __main__ - INFO - ✅ Skipping تراکح (already up-to-date, 0.4 hours old)
2025-07-11 16:15:07,445 - __main__ - INFO - ✅ Skipping ثنوسا (already up-to-date, 0.4 hours old)
2025-07-11 16:15:07,446 - __main__ - INFO - ✅ Skipping پارسیان (already up-to-date, 0.4 hours old)
2025-07-11 16:15:07,447 - __main__ - INFO - ✅ Skipping کهمدا (already up-to-date, 0.4 hours old)
2025-07-11 16:15:07,447 - __main__ - INFO - ✅ Skipping کمینا (already up-to-date, 0.4 hours old)
2025-07-11 16:15:07,448 - __main__ - INFO - ✅ Skipping ثامان (already up-to-date, 0.4 hours old)
2025-07-11 16:15:07,448 - __main__ - INFO - ✅ Skipping شپدیس (already up-to-date, 0.4 hours old)
2025-07-11 16:15:07,449 - __main__ - INFO - ✅ Skipping فرآور (already up-to-date, 0.4 hours old)
2025-07-11 16:15:07,449 - __main__ - INFO - ✅ Skipping غدانه (already up-to-date, 0.4 hours old)
2025-07-11 16:15:07,450 - __main__ - INFO - ✅ Skipping آوا (already up-to-date, 0.4 hours old)
2025-07-11 16:15:07,451 - __main__ - INFO - ✅ Skipping کایگچ (already up-to-date, 0.4 hours old)
2025-07-11 16:15:07,451 - __main__ - INFO - ✅ Skipping امین شهر (already up-to-date, 0.4 hours old)
2025-07-11 16:15:07,451 - __main__ - INFO - ✅ Skipping وفتخار (already up-to-date, 0.4 hours old)
2025-07-11 16:15:07,452 - __main__ - INFO - ✅ Skipping خلیبل (already up-to-date, 0.4 hours old)
2025-07-11 16:15:07,452 - __main__ - INFO - ✅ Skipping پتروداریوش (already up-to-date, 0.4 hours old)
2025-07-11 16:15:07,453 - __main__ - INFO - ✅ Skipping ختوقا (already up-to-date, 0.4 hours old)
2025-07-11 16:15:07,453 - __main__ - INFO - ✅ Skipping ملتح (already up-to-date, 0.4 hours old)
2025-07-11 16:15:07,454 - __main__ - INFO - ✅ Skipping پویا (already up-to-date, 0.4 hours old)
2025-07-11 16:15:07,454 - __main__ - INFO - ✅ Skipping جم (already up-to-date, 0.4 hours old)
2025-07-11 16:15:07,455 - __main__ - INFO - ✅ Skipping ولیز (already up-to-date, 0.4 hours old)
2025-07-11 16:15:07,456 - __main__ - INFO - ✅ Skipping ولکارح (already up-to-date, 0.4 hours old)
2025-07-11 16:15:07,456 - __main__ - INFO - ✅ Skipping بشهاب (already up-to-date, 0.4 hours old)
2025-07-11 16:15:07,457 - __main__ - INFO - ✅ Skipping شکف (already up-to-date, 0.4 hours old)
2025-07-11 16:15:07,458 - __main__ - INFO - ✅ Skipping کابگن (already up-to-date, 0.4 hours old)
2025-07-11 16:15:07,459 - __main__ - INFO - ✅ Skipping وهامون (already up-to-date, 0.4 hours old)
2025-07-11 16:15:07,460 - __main__ - INFO - ✅ Skipping ورنا (already up-to-date, 0.4 hours old)
2025-07-11 16:15:07,460 - __main__ - INFO - ✅ Skipping فپنتا (already up-to-date, 0.4 hours old)
2025-07-11 16:15:07,461 - __main__ - INFO - ✅ Skipping کگاز (already up-to-date, 0.4 hours old)
2025-07-11 16:15:07,461 - __main__ - INFO - ✅ Skipping وغدیرح (already up-to-date, 0.4 hours old)
2025-07-11 16:15:07,462 - __main__ - INFO - ✅ Skipping فوکا (already up-to-date, 0.4 hours old)
2025-07-11 16:15:07,463 - __main__ - INFO - ✅ Skipping لازما (already up-to-date, 0.4 hours old)
2025-07-11 16:15:07,465 - __main__ - INFO - ✅ Skipping قزوین (already up-to-date, 0.4 hours old)
2025-07-11 16:15:07,466 - __main__ - INFO - ⏰ File for نشار is old (93.0 hours). Attempting to update...
2025-07-11 16:15:09,404 - __main__ - ERROR - ❌ Failed to download نشار: single positional indexer is out-of-bounds. Will retry on next run.
2025-07-11 16:15:09,405 - __main__ - INFO - ✅ Skipping گنجینه (already up-to-date, 0.4 hours old)
2025-07-11 16:15:09,405 - __main__ - INFO - ✅ Skipping دکیمی (already up-to-date, 0.4 hours old)
2025-07-11 16:15:09,406 - __main__ - INFO - ⏰ File for وسمنان is old (93.0 hours). Attempting to update...
2025-07-11 16:15:12,646 - __main__ - ERROR - ❌ Failed to download وسمنان: single positional indexer is out-of-bounds. Will retry on next run.
2025-07-11 16:15:12,647 - __main__ - INFO - ✅ Skipping پارسیانح (already up-to-date, 0.4 hours old)
2025-07-11 16:15:12,648 - __main__ - INFO - ✅ Skipping وسمازن (already up-to-date, 0.4 hours old)
2025-07-11 16:15:12,649 - __main__ - INFO - ✅ Skipping سپرمی (already up-to-date, 0.4 hours old)
2025-07-11 16:15:12,649 - __main__ - INFO - ✅ Skipping فروی (already up-to-date, 0.4 hours old)
2025-07-11 16:15:12,650 - __main__ - INFO - ✅ Skipping سخاش (already up-to-date, 0.4 hours old)
2025-07-11 16:15:12,650 - __main__ - INFO - ✅ Skipping شسم (already up-to-date, 0.4 hours old)
2025-07-11 16:15:12,651 - __main__ - INFO - ✅ Skipping بازده (already up-to-date, 0.4 hours old)
2025-07-11 16:15:12,651 - __main__ - INFO - ✅ Skipping شبهرنح (already up-to-date, 0.4 hours old)
2025-07-11 16:15:12,651 - __main__ - INFO - ✅ Skipping چدن (already up-to-date, 0.4 hours old)
2025-07-11 16:15:12,652 - __main__ - INFO - ✅ Skipping شاملا (already up-to-date, 0.4 hours old)
2025-07-11 16:15:12,652 - __main__ - INFO - ✅ Skipping پدنا (already up-to-date, 0.4 hours old)
2025-07-11 16:15:12,653 - __main__ - INFO - ⏰ File for فرومح is old (93.0 hours). Attempting to update...
2025-07-11 16:15:15,990 - __main__ - ERROR - ❌ Failed to download فرومح: single positional indexer is out-of-bounds. Will retry on next run.
2025-07-11 16:15:16,015 - __main__ - INFO - ✅ Skipping وصنعتح (already up-to-date, 0.4 hours old)
2025-07-11 16:15:16,016 - __main__ - INFO - ✅ Skipping وخارزمح (already up-to-date, 0.4 hours old)
2025-07-11 16:15:16,016 - __main__ - INFO - ✅ Skipping امیدح (already up-to-date, 0.4 hours old)
2025-07-11 16:15:16,017 - __main__ - INFO - ✅ Skipping حگهر (already up-to-date, 0.4 hours old)
2025-07-11 16:15:16,017 - __main__ - INFO - ✅ Skipping آکنتور (already up-to-date, 0.4 hours old)
2025-07-11 16:15:16,018 - __main__ - INFO - ✅ Skipping شهر (already up-to-date, 0.4 hours old)
2025-07-11 16:15:16,018 - __main__ - INFO - ✅ Skipping فارما کیان (already up-to-date, 0.4 hours old)
2025-07-11 16:15:16,019 - __main__ - INFO - ⏰ File for کورزح is old (93.0 hours). Attempting to update...
2025-07-11 16:15:22,913 - __main__ - ERROR - ❌ Failed to download کورزح: single positional indexer is out-of-bounds. Will retry on next run.
2025-07-11 16:15:22,914 - __main__ - INFO - ✅ Skipping خپارسح (already up-to-date, 0.4 hours old)
2025-07-11 16:15:22,915 - __main__ - INFO - ✅ Skipping فلوله (already up-to-date, 0.4 hours old)
2025-07-11 16:15:22,915 - __main__ - INFO - ✅ Skipping وغدیر (already up-to-date, 0.4 hours old)
2025-07-11 16:15:22,915 - __main__ - INFO - ✅ Skipping انرژی (already up-to-date, 0.4 hours old)
2025-07-11 16:15:22,916 - __main__ - INFO - ✅ Skipping گکیش (already up-to-date, 0.4 hours old)
2025-07-11 16:15:22,917 - __main__ - INFO - ✅ Skipping سیناد (already up-to-date, 0.4 hours old)
2025-07-11 16:15:22,917 - __main__ - INFO - ✅ Skipping غبهنوشح (already up-to-date, 0.4 hours old)
2025-07-11 16:15:22,918 - __main__ - INFO - ✅ Skipping کسرا (already up-to-date, 0.4 hours old)
2025-07-11 16:15:22,918 - __main__ - INFO - ✅ Skipping وساغربی (already up-to-date, 0.4 hours old)
2025-07-11 16:15:22,919 - __main__ - INFO - ✅ Skipping پرسپولیس (already up-to-date, 0.4 hours old)
2025-07-11 16:15:22,919 - __main__ - INFO - ✅ Skipping غشصفا (already up-to-date, 0.4 hours old)
2025-07-11 16:15:22,920 - __main__ - INFO - ✅ Skipping لجام (already up-to-date, 0.4 hours old)
2025-07-11 16:15:22,920 - __main__ - INFO - ✅ Skipping استقلال (already up-to-date, 0.4 hours old)
2025-07-11 16:15:22,921 - __main__ - INFO - ✅ Skipping غشهد (already up-to-date, 0.4 hours old)
2025-07-11 16:15:22,921 - __main__ - INFO - ✅ Skipping البرزح (already up-to-date, 0.4 hours old)
2025-07-11 16:15:22,921 - __main__ - INFO - ✅ Skipping لپارسح (already up-to-date, 0.4 hours old)
2025-07-11 16:15:22,922 - __main__ - INFO - ✅ Skipping آوند (already up-to-date, 0.4 hours old)
2025-07-11 16:15:22,922 - __main__ - INFO - ✅ Skipping غپونه (already up-to-date, 0.4 hours old)
2025-07-11 16:15:22,923 - __main__ - INFO - ✅ Skipping درسا (already up-to-date, 0.4 hours old)
2025-07-11 16:15:22,924 - __main__ - INFO - ✅ Skipping خاهنح (already up-to-date, 0.4 hours old)
2025-07-11 16:15:22,924 - __main__ - INFO - ✅ Skipping شدوص (already up-to-date, 0.4 hours old)
2025-07-11 16:15:22,925 - __main__ - INFO - ✅ Skipping شپاکسا (already up-to-date, 0.4 hours old)
2025-07-11 16:15:22,925 - __main__ - INFO - ✅ Skipping کبافقح (already up-to-date, 0.4 hours old)
2025-07-11 16:15:22,926 - __main__ - INFO - ✅ Skipping کاوه (already up-to-date, 0.4 hours old)
2025-07-11 16:15:22,926 - __main__ - INFO - ✅ Skipping بتک (already up-to-date, 0.4 hours old)
2025-07-11 16:15:22,927 - __main__ - INFO - ✅ Skipping فجرح (already up-to-date, 0.4 hours old)
2025-07-11 16:15:22,927 - __main__ - INFO - ✅ Skipping شستا (already up-to-date, 0.4 hours old)
2025-07-11 16:15:22,929 - __main__ - INFO - ✅ Skipping خودرو (already up-to-date, 0.4 hours old)
2025-07-11 16:15:22,929 - __main__ - INFO - ✅ Skipping سمان (already up-to-date, 0.4 hours old)
2025-07-11 16:15:22,929 - __main__ - INFO - ✅ Skipping فسوژ (already up-to-date, 0.4 hours old)
2025-07-11 16:15:22,929 - __main__ - INFO - ⏰ File for فپنتاح is old (93.0 hours). Attempting to update...
2025-07-11 16:15:28,823 - __main__ - ERROR - ❌ Failed to download فپنتاح: single positional indexer is out-of-bounds. Will retry on next run.
2025-07-11 16:15:28,825 - __main__ - INFO - ✅ Skipping برکتح (already up-to-date, 0.4 hours old)
2025-07-11 16:15:28,825 - __main__ - INFO - ✅ Skipping فباهنر (already up-to-date, 0.4 hours old)
2025-07-11 16:15:28,825 - __main__ - INFO - ✅ Skipping حریل (already up-to-date, 0.4 hours old)
2025-07-11 16:15:28,826 - __main__ - INFO - ⏰ File for کچینیح is old (93.0 hours). Attempting to update...
2025-07-11 16:15:32,199 - __main__ - ERROR - ❌ Failed to download کچینیح: single positional indexer is out-of-bounds. Will retry on next run.
2025-07-11 16:15:32,200 - __main__ - INFO - ⏰ File for شتهرانح is old (93.0 hours). Attempting to update...
2025-07-11 16:15:36,002 - __main__ - ERROR - ❌ Failed to download شتهرانح: single positional indexer is out-of-bounds. Will retry on next run.
2025-07-11 16:15:36,004 - __main__ - INFO - ✅ Skipping قپیرا (already up-to-date, 0.4 hours old)
2025-07-11 16:15:36,005 - __main__ - INFO - ✅ Skipping غپاک (already up-to-date, 0.4 hours old)
2025-07-11 16:15:36,005 - __main__ - INFO - ✅ Skipping فیروزه (already up-to-date, 0.4 hours old)
2025-07-11 16:15:36,006 - __main__ - INFO - ✅ Skipping سکارون (already up-to-date, 0.4 hours old)
2025-07-11 16:15:36,006 - __main__ - INFO - ✅ Skipping سصوفی (already up-to-date, 0.4 hours old)
2025-07-11 16:15:36,007 - __main__ - INFO - ✅ Skipping قاسم (already up-to-date, 0.4 hours old)
2025-07-11 16:15:36,007 - __main__ - INFO - ✅ Skipping وارس (already up-to-date, 0.4 hours old)
2025-07-11 16:15:36,008 - __main__ - INFO - ✅ Skipping کتوکا (already up-to-date, 0.4 hours old)
2025-07-11 16:15:36,009 - __main__ - INFO - ✅ Skipping لکما (already up-to-date, 0.4 hours old)
2025-07-11 16:15:36,009 - __main__ - INFO - ✅ Skipping بمپنا (already up-to-date, 0.4 hours old)
2025-07-11 16:15:36,010 - __main__ - INFO - ✅ Skipping وساشرقی (already up-to-date, 0.4 hours old)
2025-07-11 16:15:36,010 - __main__ - INFO - ✅ Skipping لجامح (already up-to-date, 0.4 hours old)
2025-07-11 16:15:36,011 - __main__ - INFO - ✅ Skipping سکرما (already up-to-date, 0.4 hours old)
2025-07-11 16:15:36,012 - __main__ - INFO - ✅ Skipping فیروزا (already up-to-date, 0.4 hours old)
2025-07-11 16:15:36,013 - __main__ - INFO - ✅ Skipping معیار (already up-to-date, 0.4 hours old)
2025-07-11 16:15:36,013 - __main__ - INFO - ✅ Skipping کارین (already up-to-date, 0.4 hours old)
2025-07-11 16:15:36,014 - __main__ - INFO - ✅ Skipping بنیروح (already up-to-date, 0.4 hours old)
2025-07-11 16:15:36,014 - __main__ - INFO - ✅ Skipping غسالم (already up-to-date, 0.4 hours old)
2025-07-11 16:15:36,015 - __main__ - INFO - ✅ Skipping دسبحانح (already up-to-date, 0.4 hours old)
2025-07-11 16:15:36,015 - __main__ - INFO - ✅ Skipping کقزوی (already up-to-date, 0.4 hours old)
2025-07-11 16:15:36,016 - __main__ - INFO - ✅ Skipping کابگنح (already up-to-date, 0.4 hours old)
2025-07-11 16:15:36,017 - __main__ - INFO - ✅ Skipping فجوش (already up-to-date, 0.4 hours old)
2025-07-11 16:15:36,017 - __main__ - INFO - ✅ Skipping کلر (already up-to-date, 0.4 hours old)
2025-07-11 16:15:36,018 - __main__ - INFO - ✅ Skipping کاذر (already up-to-date, 0.4 hours old)
2025-07-11 16:15:36,019 - __main__ - INFO - ⏰ File for قصفهاح is old (93.0 hours). Attempting to update...
2025-07-11 16:15:39,286 - __main__ - ERROR - ❌ Failed to download قصفهاح: single positional indexer is out-of-bounds. Will retry on next run.
2025-07-11 16:15:39,298 - __main__ - INFO - ✅ Skipping کرومیت (already up-to-date, 0.4 hours old)
2025-07-11 16:15:39,298 - __main__ - INFO - ✅ Skipping امینح (already up-to-date, 0.4 hours old)
2025-07-11 16:15:39,299 - __main__ - INFO - ✅ Skipping ثشاهد (already up-to-date, 0.4 hours old)
2025-07-11 16:15:39,299 - __main__ - INFO - ✅ Skipping تشتاد (already up-to-date, 0.4 hours old)
2025-07-11 16:15:39,300 - __main__ - INFO - ✅ Skipping دکوثر (already up-to-date, 0.4 hours old)
2025-07-11 16:15:39,300 - __main__ - INFO - ✅ Skipping انرژی1 (already up-to-date, 0.4 hours old)
2025-07-11 16:15:39,301 - __main__ - INFO - ✅ Skipping ثبهساز (already up-to-date, 0.4 hours old)
2025-07-11 16:15:39,302 - __main__ - INFO - ✅ Skipping خاهن (already up-to-date, 0.4 hours old)
2025-07-11 16:15:39,303 - __main__ - INFO - ✅ Skipping های وب (already up-to-date, 0.4 hours old)
2025-07-11 16:15:39,303 - __main__ - INFO - ✅ Skipping جاودان (already up-to-date, 0.4 hours old)
2025-07-11 16:15:39,304 - __main__ - INFO - ✅ Skipping فالومح (already up-to-date, 0.4 hours old)
2025-07-11 16:15:39,305 - __main__ - INFO - ✅ Skipping شیران (already up-to-date, 0.4 hours old)
2025-07-11 16:15:39,305 - __main__ - INFO - ✅ Skipping شپلیح (already up-to-date, 0.4 hours old)
2025-07-11 16:15:39,307 - __main__ - INFO - ✅ Skipping خفناور (already up-to-date, 0.4 hours old)
2025-07-11 16:15:39,308 - __main__ - INFO - ✅ Skipping لخانهح (already up-to-date, 0.4 hours old)
2025-07-11 16:15:39,308 - __main__ - INFO - ✅ Skipping آذرین (already up-to-date, 0.4 hours old)
2025-07-11 16:15:39,308 - __main__ - INFO - ✅ Skipping بمان (already up-to-date, 0.4 hours old)
2025-07-11 16:15:39,309 - __main__ - INFO - ✅ Skipping وبملتح (already up-to-date, 0.4 hours old)
2025-07-11 16:15:39,309 - __main__ - INFO - ✅ Skipping زشگزا (already up-to-date, 0.4 hours old)
2025-07-11 16:15:39,310 - __main__ - INFO - ✅ Skipping کخاک (already up-to-date, 0.4 hours old)
2025-07-11 16:15:39,311 - __main__ - INFO - ⏰ File for شسمح is old (93.0 hours). Attempting to update...
2025-07-11 16:15:44,001 - __main__ - ERROR - ❌ Failed to download شسمح: single positional indexer is out-of-bounds. Will retry on next run.
2025-07-11 16:15:44,011 - __main__ - INFO - ✅ Skipping ثاصفا (already up-to-date, 0.4 hours old)
2025-07-11 16:15:44,013 - __main__ - INFO - ✅ Skipping امید (already up-to-date, 0.4 hours old)
2025-07-11 16:15:44,013 - __main__ - INFO - ✅ Skipping اوصتا (already up-to-date, 0.4 hours old)
2025-07-11 16:15:44,014 - __main__ - INFO - ✅ Skipping رافزاح (already up-to-date, 0.4 hours old)
2025-07-11 16:15:44,014 - __main__ - INFO - ✅ Skipping مثقال (already up-to-date, 0.4 hours old)
2025-07-11 16:15:44,015 - __main__ - INFO - ✅ Skipping وتوکاح (already up-to-date, 0.4 hours old)
2025-07-11 16:15:44,015 - __main__ - INFO - ⏰ File for شپناح is old (93.0 hours). Attempting to update...
2025-07-11 16:15:49,842 - __main__ - ERROR - ❌ Failed to download شپناح: single positional indexer is out-of-bounds. Will retry on next run.
2025-07-11 16:15:49,854 - __main__ - INFO - ✅ Skipping حاریا (already up-to-date, 0.4 hours old)
2025-07-11 16:15:49,855 - __main__ - INFO - ✅ Skipping فسپا (already up-to-date, 0.4 hours old)
2025-07-11 16:15:49,856 - __main__ - INFO - ✅ Skipping قشیر (already up-to-date, 0.4 hours old)
2025-07-11 16:15:49,857 - __main__ - INFO - ✅ Skipping فولادح (already up-to-date, 0.4 hours old)
2025-07-11 16:15:49,858 - __main__ - INFO - ✅ Skipping کاج (already up-to-date, 0.4 hours old)
2025-07-11 16:15:49,858 - __main__ - INFO - ✅ Skipping کاریز (already up-to-date, 0.4 hours old)
2025-07-11 16:15:49,859 - __main__ - INFO - ✅ Skipping دشیری (already up-to-date, 0.4 hours old)
2025-07-11 16:15:49,861 - __main__ - INFO - ✅ Skipping کتوسعه (already up-to-date, 0.4 hours old)
2025-07-11 16:15:49,863 - __main__ - INFO - ⏰ File for وستهران is old (93.0 hours). Attempting to update...
2025-07-11 16:15:53,129 - __main__ - ERROR - ❌ Failed to download وستهران: single positional indexer is out-of-bounds. Will retry on next run.
2025-07-11 16:15:53,130 - __main__ - INFO - ✅ Skipping ثفارس (already up-to-date, 0.4 hours old)
2025-07-11 16:15:53,130 - __main__ - INFO - ✅ Skipping وسینا (already up-to-date, 0.4 hours old)
2025-07-11 16:15:53,131 - __main__ - INFO - ✅ Skipping طلوع (already up-to-date, 0.4 hours old)
2025-07-11 16:15:53,132 - __main__ - INFO - ✅ Skipping بایکا (already up-to-date, 0.4 hours old)
2025-07-11 16:15:53,132 - __main__ - INFO - ✅ Skipping قرنح (already up-to-date, 0.4 hours old)
2025-07-11 16:15:53,133 - __main__ - INFO - ✅ Skipping کگهر (already up-to-date, 0.4 hours old)
2025-07-11 16:15:53,134 - __main__ - INFO - ✅ Skipping سجام (already up-to-date, 0.4 hours old)
2025-07-11 16:15:53,135 - __main__ - INFO - ⏰ File for فمرادح is old (93.0 hours). Attempting to update...
2025-07-11 16:15:55,710 - __main__ - ERROR - ❌ Failed to download فمرادح: single positional indexer is out-of-bounds. Will retry on next run.
2025-07-11 16:15:55,711 - __main__ - INFO - ✅ Skipping وبانکح (already up-to-date, 0.4 hours old)
2025-07-11 16:15:55,712 - __main__ - INFO - ✅ Skipping لابسا (already up-to-date, 0.4 hours old)
2025-07-11 16:15:55,713 - __main__ - INFO - ✅ Skipping وبازار (already up-to-date, 0.4 hours old)
2025-07-11 16:15:55,714 - __main__ - INFO - ✅ Skipping سیستم (already up-to-date, 0.4 hours old)
2025-07-11 16:15:55,714 - __main__ - INFO - ✅ Skipping شراز (already up-to-date, 0.4 hours old)
2025-07-11 16:15:55,715 - __main__ - INFO - ✅ Skipping سدور (already up-to-date, 0.4 hours old)
2025-07-11 16:15:55,716 - __main__ - INFO - ✅ Skipping وبصادر (already up-to-date, 0.4 hours old)
2025-07-11 16:15:55,716 - __main__ - INFO - ⏰ File for کهرامح is old (93.0 hours). Attempting to update...
2025-07-11 16:15:59,570 - __main__ - ERROR - ❌ Failed to download کهرامح: single positional indexer is out-of-bounds. Will retry on next run.
2025-07-11 16:15:59,571 - __main__ - INFO - ✅ Skipping فاراکح (already up-to-date, 0.4 hours old)
2025-07-11 16:15:59,572 - __main__ - INFO - ✅ Skipping بکامح (already up-to-date, 0.4 hours old)
2025-07-11 16:15:59,572 - __main__ - INFO - ✅ Skipping قنیشاح (already up-to-date, 0.4 hours old)
2025-07-11 16:15:59,573 - __main__ - INFO - ✅ Skipping وتجارتح (already up-to-date, 0.4 hours old)
2025-07-11 16:15:59,573 - __main__ - INFO - ⏰ File for ومعین is old (93.0 hours). Attempting to update...
2025-07-11 16:16:04,046 - __main__ - ERROR - ❌ Failed to download ومعین: single positional indexer is out-of-bounds. Will retry on next run.
2025-07-11 16:16:04,047 - __main__ - INFO - ✅ Skipping خوسازح (already up-to-date, 0.4 hours old)
2025-07-11 16:16:04,047 - __main__ - INFO - ✅ Skipping وبوعلی (already up-to-date, 0.4 hours old)
2025-07-11 16:16:04,048 - __main__ - INFO - ✅ Skipping وسیستا (already up-to-date, 0.4 hours old)
2025-07-11 16:16:04,048 - __main__ - INFO - ✅ Skipping خوساز (already up-to-date, 0.4 hours old)
2025-07-11 16:16:04,048 - __main__ - INFO - ✅ Skipping فاذرح (already up-to-date, 0.4 hours old)
2025-07-11 16:16:04,049 - __main__ - INFO - ✅ Skipping خرینگ (already up-to-date, 0.4 hours old)
2025-07-11 16:16:04,049 - __main__ - INFO - ⏰ File for غنابح is old (93.0 hours). Attempting to update...
2025-07-11 16:16:05,696 - __main__ - ERROR - ❌ Failed to download غنابح: single positional indexer is out-of-bounds. Will retry on next run.
2025-07-11 16:16:05,697 - __main__ - INFO - ✅ Skipping خرینگح (already up-to-date, 0.4 hours old)
2025-07-11 16:16:05,698 - __main__ - INFO - ✅ Skipping بهین رو (already up-to-date, 0.4 hours old)
2025-07-11 16:16:05,698 - __main__ - INFO - ✅ Skipping تکشا (already up-to-date, 0.4 hours old)
2025-07-11 16:16:05,699 - __main__ - INFO - ✅ Skipping میدکوح (already up-to-date, 0.4 hours old)
2025-07-11 16:16:05,699 - __main__ - INFO - ✅ Skipping زنگان (already up-to-date, 0.4 hours old)
2025-07-11 16:16:05,700 - __main__ - INFO - ✅ Skipping دلقماح (already up-to-date, 0.4 hours old)
2025-07-11 16:16:05,700 - __main__ - INFO - ✅ Skipping ثعمرا (already up-to-date, 0.3 hours old)
2025-07-11 16:16:05,701 - __main__ - INFO - ✅ Skipping استیل (already up-to-date, 0.3 hours old)
2025-07-11 16:16:05,715 - __main__ - INFO - ✅ Skipping فماک (already up-to-date, 0.3 hours old)
2025-07-11 16:16:05,717 - __main__ - INFO - ✅ Skipping بپردیس (already up-to-date, 0.3 hours old)
2025-07-11 16:16:05,719 - __main__ - INFO - ✅ Skipping بکاب (already up-to-date, 0.3 hours old)
2025-07-11 16:16:05,720 - __main__ - INFO - ✅ Skipping خلنتح (already up-to-date, 0.3 hours old)
2025-07-11 16:16:05,720 - __main__ - INFO - ✅ Skipping دبالک (already up-to-date, 0.3 hours old)
2025-07-11 16:16:05,721 - __main__ - INFO - ✅ Skipping وملی (already up-to-date, 0.3 hours old)
2025-07-11 16:16:05,721 - __main__ - INFO - ✅ Skipping فسازان (already up-to-date, 0.3 hours old)
2025-07-11 16:16:05,721 - __main__ - INFO - ✅ Skipping دتولید (already up-to-date, 0.3 hours old)
2025-07-11 16:16:05,722 - __main__ - INFO - ✅ Skipping عیار (already up-to-date, 0.3 hours old)
2025-07-11 16:16:05,723 - __main__ - INFO - ✅ Skipping شفارا (already up-to-date, 0.3 hours old)
2025-07-11 16:16:05,723 - __main__ - INFO - ✅ Skipping پلاسک (already up-to-date, 0.3 hours old)
2025-07-11 16:16:05,724 - __main__ - INFO - ✅ Skipping گشان (already up-to-date, 0.3 hours old)
2025-07-11 16:16:05,724 - __main__ - INFO - ✅ Skipping کوثر (already up-to-date, 0.3 hours old)
2025-07-11 16:16:05,725 - __main__ - INFO - ✅ Skipping غشانح (already up-to-date, 0.3 hours old)
2025-07-11 16:16:05,725 - __main__ - INFO - ✅ Skipping ختور (already up-to-date, 0.3 hours old)
2025-07-11 16:16:05,726 - __main__ - INFO - ✅ Skipping چکارم (already up-to-date, 0.3 hours old)
2025-07-11 16:16:05,726 - __main__ - INFO - ✅ Skipping شغدیر (already up-to-date, 0.3 hours old)
2025-07-11 16:16:05,726 - __main__ - INFO - ✅ Skipping پتایرح (already up-to-date, 0.3 hours old)
2025-07-11 16:16:05,727 - __main__ - INFO - ✅ Skipping سبزوا (already up-to-date, 0.3 hours old)
2025-07-11 16:16:05,727 - __main__ - INFO - ✅ Skipping زماهان (already up-to-date, 0.3 hours old)
2025-07-11 16:16:05,728 - __main__ - INFO - ✅ Skipping چافست (already up-to-date, 0.3 hours old)
2025-07-11 16:16:05,728 - __main__ - INFO - ✅ Skipping خفولا (already up-to-date, 0.3 hours old)
2025-07-11 16:16:05,728 - __main__ - INFO - ✅ Skipping وامید (already up-to-date, 0.3 hours old)
2025-07-11 16:16:05,730 - __main__ - INFO - ✅ Skipping تکالا (already up-to-date, 0.3 hours old)
2025-07-11 16:16:05,733 - __main__ - INFO - ✅ Skipping شگل (already up-to-date, 0.3 hours old)
2025-07-11 16:16:05,734 - __main__ - INFO - ✅ Skipping دارا یکم (already up-to-date, 0.3 hours old)
2025-07-11 16:16:05,735 - __main__ - INFO - ✅ Skipping داریک (already up-to-date, 0.3 hours old)
2025-07-11 16:16:05,735 - __main__ - INFO - ✅ Skipping وسالت (already up-to-date, 0.3 hours old)
2025-07-11 16:16:05,735 - __main__ - INFO - ✅ Skipping وسهرمز (already up-to-date, 0.3 hours old)
2025-07-11 16:16:05,736 - __main__ - INFO - ✅ Skipping وپخش (already up-to-date, 0.3 hours old)
2025-07-11 16:16:05,736 - __main__ - INFO - ✅ Skipping باختر (already up-to-date, 0.3 hours old)
2025-07-11 16:16:05,736 - __main__ - INFO - ⏰ File for بتکح is old (93.0 hours). Attempting to update...
2025-07-11 16:16:06,792 - __main__ - ERROR - ❌ Failed to download بتکح: single positional indexer is out-of-bounds. Will retry on next run.
2025-07-11 16:16:06,793 - __main__ - INFO - ✅ Skipping غزر (already up-to-date, 0.3 hours old)
2025-07-11 16:16:06,793 - __main__ - INFO - ✅ Skipping لبوتانح (already up-to-date, 0.3 hours old)
2025-07-11 16:16:06,794 - __main__ - INFO - ⏰ File for دتهرانح is old (93.0 hours). Attempting to update...
2025-07-11 16:16:08,261 - __main__ - ERROR - ❌ Failed to download دتهرانح: single positional indexer is out-of-bounds. Will retry on next run.
2025-07-11 16:16:08,262 - __main__ - INFO - ✅ Skipping بهیر (already up-to-date, 0.3 hours old)
2025-07-11 16:16:08,263 - __main__ - INFO - ⏰ File for اروند is old (93.0 hours). Attempting to update...
2025-07-11 16:16:12,643 - __main__ - ERROR - ❌ Failed to download اروند: single positional indexer is out-of-bounds. Will retry on next run.
2025-07-11 16:16:12,644 - __main__ - INFO - ✅ Skipping فنفت (already up-to-date, 0.3 hours old)
2025-07-11 16:16:12,645 - __main__ - INFO - ✅ Skipping چکارنح (already up-to-date, 0.3 hours old)
2025-07-11 16:16:12,645 - __main__ - INFO - ⏰ File for وکغدیرح is old (93.0 hours). Attempting to update...
2025-07-11 16:16:15,795 - __main__ - ERROR - ❌ Failed to download وکغدیرح: single positional indexer is out-of-bounds. Will retry on next run.
2025-07-11 16:16:15,795 - __main__ - INFO - ✅ Skipping فمراد (already up-to-date, 0.3 hours old)
2025-07-11 16:16:15,796 - __main__ - INFO - ✅ Skipping درازی (already up-to-date, 0.3 hours old)
2025-07-11 16:16:15,796 - __main__ - INFO - ✅ Skipping بوعلی (already up-to-date, 0.3 hours old)
2025-07-11 16:16:15,797 - __main__ - INFO - ✅ Skipping خفنرح (already up-to-date, 0.3 hours old)
2025-07-11 16:16:15,797 - __main__ - INFO - ✅ Skipping پدرخش (already up-to-date, 0.3 hours old)
2025-07-11 16:16:15,798 - __main__ - INFO - ✅ Skipping فگستر (already up-to-date, 0.3 hours old)
2025-07-11 16:16:15,798 - __main__ - INFO - ✅ Skipping زشریف (already up-to-date, 0.3 hours old)
2025-07-11 16:16:15,799 - __main__ - INFO - ✅ Skipping غپینوح (already up-to-date, 0.3 hours old)
2025-07-11 16:16:15,799 - __main__ - INFO - ✅ Skipping همراهح (already up-to-date, 0.3 hours old)
2025-07-11 16:16:15,800 - __main__ - INFO - ✅ Skipping آبادا (already up-to-date, 0.3 hours old)
2025-07-11 16:16:15,800 - __main__ - INFO - ✅ Skipping غگلستا (already up-to-date, 0.3 hours old)
2025-07-11 16:16:15,801 - __main__ - INFO - ✅ Skipping ددامح (already up-to-date, 0.3 hours old)
2025-07-11 16:16:15,801 - __main__ - INFO - ✅ Skipping شاملاح (already up-to-date, 0.3 hours old)
2025-07-11 16:16:15,802 - __main__ - INFO - ✅ Skipping شملی (already up-to-date, 0.3 hours old)
2025-07-11 16:16:15,802 - __main__ - INFO - ✅ Skipping سام (already up-to-date, 0.3 hours old)
2025-07-11 16:16:15,803 - __main__ - INFO - ✅ Skipping وایرا (already up-to-date, 0.3 hours old)
2025-07-11 16:16:15,803 - __main__ - INFO - ✅ Skipping زرفام (already up-to-date, 0.3 hours old)
2025-07-11 16:16:15,803 - __main__ - INFO - ✅ Skipping شدوصح (already up-to-date, 0.3 hours old)
2025-07-11 16:16:15,804 - __main__ - INFO - ✅ Skipping رتکو (already up-to-date, 0.3 hours old)
2025-07-11 16:16:15,804 - __main__ - INFO - ✅ Skipping غشصفاح (already up-to-date, 0.3 hours old)
2025-07-11 16:16:15,805 - __main__ - INFO - ✅ Skipping تپولا (already up-to-date, 0.3 hours old)
2025-07-11 16:16:15,805 - __main__ - INFO - ✅ Skipping سخاشح (already up-to-date, 0.3 hours old)
2025-07-11 16:16:15,806 - __main__ - INFO - ✅ Skipping رایکا (already up-to-date, 0.3 hours old)
2025-07-11 16:16:15,806 - __main__ - INFO - ✅ Skipping بترانسح (already up-to-date, 0.3 hours old)
2025-07-11 16:16:15,806 - __main__ - INFO - ✅ Skipping میهن (already up-to-date, 0.3 hours old)
2025-07-11 16:16:15,807 - __main__ - INFO - ✅ Skipping جم پیلن (already up-to-date, 0.3 hours old)
2025-07-11 16:16:15,807 - __main__ - INFO - ✅ Skipping رنیک (already up-to-date, 0.3 hours old)
2025-07-11 16:16:15,808 - __main__ - INFO - ✅ Skipping سایرا (already up-to-date, 0.3 hours old)
2025-07-11 16:16:15,808 - __main__ - INFO - ✅ Skipping شصفهاح (already up-to-date, 0.3 hours old)
2025-07-11 16:16:15,809 - __main__ - INFO - ✅ Skipping آفرین (already up-to-date, 0.3 hours old)
2025-07-11 16:16:15,809 - __main__ - INFO - ✅ Skipping کپشیرح (already up-to-date, 0.3 hours old)
2025-07-11 16:16:15,809 - __main__ - INFO - ✅ Skipping شاراکح (already up-to-date, 0.3 hours old)
2025-07-11 16:16:15,810 - __main__ - INFO - ✅ Skipping وسپه (already up-to-date, 0.3 hours old)
2025-07-11 16:16:15,810 - __main__ - INFO - ✅ Skipping فالوم (already up-to-date, 0.3 hours old)
2025-07-11 16:16:15,810 - __main__ - INFO - ✅ Skipping خودکفا (already up-to-date, 0.3 hours old)
2025-07-11 16:16:15,811 - __main__ - INFO - ✅ Skipping شتوکا (already up-to-date, 0.3 hours old)
2025-07-11 16:16:15,811 - __main__ - INFO - ✅ Skipping شگلح (already up-to-date, 0.3 hours old)
2025-07-11 16:16:15,812 - __main__ - INFO - ✅ Skipping کروی (already up-to-date, 0.3 hours old)
2025-07-11 16:16:15,812 - __main__ - INFO - ✅ Skipping شلعاب (already up-to-date, 0.3 hours old)
2025-07-11 16:16:15,812 - __main__ - INFO - ✅ Skipping هجرت (already up-to-date, 0.3 hours old)
2025-07-11 16:16:15,813 - __main__ - INFO - ✅ Skipping صنم (already up-to-date, 0.3 hours old)
2025-07-11 16:16:15,813 - __main__ - INFO - ✅ Skipping وبشهر (already up-to-date, 0.3 hours old)
2025-07-11 16:16:15,814 - __main__ - INFO - ✅ Skipping دزهراویح (already up-to-date, 0.3 hours old)
2025-07-11 16:16:15,814 - __main__ - INFO - ✅ Skipping خنصیر (already up-to-date, 0.3 hours old)
2025-07-11 16:16:15,814 - __main__ - INFO - ✅ Skipping انتخاب (already up-to-date, 0.3 hours old)
2025-07-11 16:16:15,815 - __main__ - INFO - ✅ Skipping شستان (already up-to-date, 0.3 hours old)
2025-07-11 16:16:15,818 - __main__ - INFO - ✅ Skipping توسکا (already up-to-date, 0.3 hours old)
2025-07-11 16:16:15,819 - __main__ - INFO - ✅ Skipping خکاوه (already up-to-date, 0.3 hours old)
2025-07-11 16:16:15,819 - __main__ - INFO - ✅ Skipping تابش (already up-to-date, 0.3 hours old)
2025-07-11 16:16:15,819 - __main__ - INFO - ✅ Skipping خزر (already up-to-date, 0.3 hours old)
2025-07-11 16:16:15,820 - __main__ - INFO - ✅ Skipping ثاژنح (already up-to-date, 0.3 hours old)
2025-07-11 16:16:15,820 - __main__ - INFO - ✅ Skipping درازک (already up-to-date, 0.3 hours old)
2025-07-11 16:16:15,821 - __main__ - INFO - ⏰ File for فبستمح is old (93.0 hours). Attempting to update...
2025-07-11 16:16:20,026 - __main__ - ERROR - ❌ Failed to download فبستمح: single positional indexer is out-of-bounds. Will retry on next run.
2025-07-11 16:16:20,026 - __main__ - INFO - ✅ Skipping شکبیر (already up-to-date, 0.3 hours old)
2025-07-11 16:16:20,027 - __main__ - INFO - ⏰ File for کایگچح is old (93.0 hours). Attempting to update...
2025-07-11 16:16:20,998 - __main__ - ERROR - ❌ Failed to download کایگچح: single positional indexer is out-of-bounds. Will retry on next run.
2025-07-11 16:16:20,999 - __main__ - INFO - ✅ Skipping ولملت (already up-to-date, 0.3 hours old)
2025-07-11 16:16:20,999 - __main__ - INFO - ✅ Skipping چخزر (already up-to-date, 0.3 hours old)
2025-07-11 16:16:21,000 - __main__ - INFO - ✅ Skipping حپرتو (already up-to-date, 0.3 hours old)
2025-07-11 16:16:21,000 - __main__ - INFO - ✅ Skipping ثشرقح (already up-to-date, 0.3 hours old)
2025-07-11 16:16:21,001 - __main__ - INFO - ✅ Skipping گوهر (already up-to-date, 0.3 hours old)
2025-07-11 16:16:21,002 - __main__ - INFO - ✅ Skipping ثقزوی (already up-to-date, 0.3 hours old)
2025-07-11 16:16:21,003 - __main__ - INFO - ✅ Skipping آکام (already up-to-date, 0.3 hours old)
2025-07-11 16:16:21,003 - __main__ - INFO - ✅ Skipping تاصیکو (already up-to-date, 0.3 hours old)
2025-07-11 16:16:21,004 - __main__ - INFO - ✅ Skipping وثخوز (already up-to-date, 0.3 hours old)
2025-07-11 16:16:21,004 - __main__ - INFO - ✅ Skipping همراه (already up-to-date, 0.3 hours old)
2025-07-11 16:16:21,005 - __main__ - INFO - ✅ Skipping آریا (already up-to-date, 0.3 hours old)
2025-07-11 16:16:21,005 - __main__ - INFO - ✅ Skipping شلعابح (already up-to-date, 0.3 hours old)
2025-07-11 16:16:21,006 - __main__ - INFO - ✅ Skipping وبهمنح (already up-to-date, 0.3 hours old)
2025-07-11 16:16:21,007 - __main__ - INFO - ✅ Skipping تنوین (already up-to-date, 0.3 hours old)
2025-07-11 16:16:21,007 - __main__ - INFO - ✅ Skipping غمارگ (already up-to-date, 0.3 hours old)
2025-07-11 16:16:21,008 - __main__ - INFO - ✅ Skipping خبهمن (already up-to-date, 0.3 hours old)
2025-07-11 16:16:21,008 - __main__ - INFO - ✅ Skipping لسرماح (already up-to-date, 0.3 hours old)
2025-07-11 16:16:21,009 - __main__ - INFO - ✅ Skipping کویر (already up-to-date, 0.3 hours old)
2025-07-11 16:16:21,009 - __main__ - INFO - ✅ Skipping ثتوسا (already up-to-date, 0.3 hours old)
2025-07-11 16:16:21,010 - __main__ - INFO - ✅ Skipping تایراح (already up-to-date, 0.3 hours old)
2025-07-11 16:16:21,011 - __main__ - INFO - ✅ Skipping غدام (already up-to-date, 0.3 hours old)
2025-07-11 16:16:21,011 - __main__ - INFO - ✅ Skipping فلزفارابی (already up-to-date, 0.3 hours old)
2025-07-11 16:16:21,012 - __main__ - INFO - ✅ Skipping فافق (already up-to-date, 0.3 hours old)
2025-07-11 16:16:21,012 - __main__ - INFO - ✅ Skipping فاراک (already up-to-date, 0.3 hours old)
2025-07-11 16:16:21,012 - __main__ - INFO - ✅ Skipping غمارگح (already up-to-date, 0.3 hours old)
2025-07-11 16:16:21,013 - __main__ - INFO - ✅ Skipping شفارس (already up-to-date, 0.3 hours old)
2025-07-11 16:16:21,013 - __main__ - INFO - ✅ Skipping سفاسیتح (already up-to-date, 0.3 hours old)
2025-07-11 16:16:21,014 - __main__ - INFO - ✅ Skipping شفنح (already up-to-date, 0.3 hours old)
2025-07-11 16:16:21,014 - __main__ - INFO - ✅ Skipping وسکرشا (already up-to-date, 0.3 hours old)
2025-07-11 16:16:21,015 - __main__ - INFO - ✅ Skipping پردیس (already up-to-date, 0.3 hours old)
2025-07-11 16:16:21,015 - __main__ - INFO - ✅ Skipping ثاژن (already up-to-date, 0.3 hours old)
2025-07-11 16:16:21,016 - __main__ - INFO - ✅ Skipping کفراح (already up-to-date, 0.3 hours old)
2025-07-11 16:16:21,016 - __main__ - INFO - ✅ Skipping دسبحا (already up-to-date, 0.3 hours old)
2025-07-11 16:16:21,017 - __main__ - INFO - ✅ Skipping کهربا (already up-to-date, 0.3 hours old)
2025-07-11 16:16:21,017 - __main__ - INFO - ✅ Skipping ددام (already up-to-date, 0.3 hours old)
2025-07-11 16:16:21,018 - __main__ - INFO - ✅ Skipping ثنا (already up-to-date, 0.3 hours old)
2025-07-11 16:16:21,019 - __main__ - INFO - ✅ Skipping تراک (already up-to-date, 0.3 hours old)
2025-07-11 16:16:21,019 - __main__ - INFO - ✅ Skipping سمتاز (already up-to-date, 0.3 hours old)
2025-07-11 16:16:21,020 - __main__ - INFO - ✅ Skipping تماوند (already up-to-date, 0.3 hours old)
2025-07-11 16:16:21,020 - __main__ - INFO - ✅ Skipping تکمباح (already up-to-date, 0.3 hours old)
2025-07-11 16:16:21,021 - __main__ - INFO - ✅ Skipping فزرین (already up-to-date, 0.3 hours old)
2025-07-11 16:16:21,021 - __main__ - INFO - ✅ Skipping دسبحان (already up-to-date, 0.3 hours old)
2025-07-11 16:16:21,021 - __main__ - INFO - ✅ Skipping شسینا (already up-to-date, 0.3 hours old)
2025-07-11 16:16:21,022 - __main__ - INFO - ✅ Skipping ونوین (already up-to-date, 0.3 hours old)
2025-07-11 16:16:21,023 - __main__ - INFO - ✅ Skipping کارا (already up-to-date, 0.3 hours old)
2025-07-11 16:16:21,023 - __main__ - INFO - ✅ Skipping فرابورس (already up-to-date, 0.3 hours old)
2025-07-11 16:16:21,024 - __main__ - INFO - ✅ Skipping رکیشح (already up-to-date, 0.3 hours old)
2025-07-11 16:16:21,024 - __main__ - INFO - ✅ Skipping خساپا (already up-to-date, 0.3 hours old)
2025-07-11 16:16:21,025 - __main__ - INFO - ✅ Skipping گلدیرا (already up-to-date, 0.3 hours old)
2025-07-11 16:16:21,025 - __main__ - INFO - ✅ Skipping تجلی (already up-to-date, 0.3 hours old)
2025-07-11 16:16:21,026 - __main__ - INFO - ✅ Skipping خکارح (already up-to-date, 0.3 hours old)
2025-07-11 16:16:21,026 - __main__ - INFO - ✅ Skipping پرداختح (already up-to-date, 0.3 hours old)
2025-07-11 16:16:21,027 - __main__ - INFO - ✅ Skipping وسپهح (already up-to-date, 0.3 hours old)
2025-07-11 16:16:21,027 - __main__ - INFO - ✅ Skipping زمگسا (already up-to-date, 0.3 hours old)
2025-07-11 16:16:21,028 - __main__ - INFO - ✅ Skipping وتوسکا (already up-to-date, 0.3 hours old)
2025-07-11 16:16:21,028 - __main__ - INFO - ✅ Skipping فجر (already up-to-date, 0.3 hours old)
2025-07-11 16:16:21,029 - __main__ - INFO - ✅ Skipping قنیشا (already up-to-date, 0.3 hours old)
2025-07-11 16:16:21,029 - __main__ - INFO - ✅ Skipping شکام (already up-to-date, 0.3 hours old)
2025-07-11 16:16:21,030 - __main__ - INFO - ✅ Skipping شپترو (already up-to-date, 0.3 hours old)
2025-07-11 16:16:21,030 - __main__ - INFO - ✅ Skipping سهرمز (already up-to-date, 0.3 hours old)
2025-07-11 16:16:21,031 - __main__ - INFO - ✅ Skipping غفارس (already up-to-date, 0.3 hours old)
2025-07-11 16:16:21,031 - __main__ - INFO - ✅ Skipping کنورح (already up-to-date, 0.3 hours old)
2025-07-11 16:16:21,032 - __main__ - INFO - ✅ Skipping سپاها (already up-to-date, 0.3 hours old)
2025-07-11 16:16:21,032 - __main__ - INFO - ✅ Skipping فغدیر (already up-to-date, 0.3 hours old)
2025-07-11 16:16:21,033 - __main__ - INFO - ✅ Skipping وکارح (already up-to-date, 0.3 hours old)
2025-07-11 16:16:21,034 - __main__ - INFO - ✅ Skipping ارزش (already up-to-date, 0.3 hours old)
2025-07-11 16:16:21,034 - __main__ - INFO - ✅ Skipping وسهمدا (already up-to-date, 0.3 hours old)
2025-07-11 16:16:21,036 - __main__ - INFO - ✅ Skipping شبهرن (already up-to-date, 0.3 hours old)
2025-07-11 16:16:21,036 - __main__ - INFO - ✅ Skipping سباقر (already up-to-date, 0.3 hours old)
2025-07-11 16:16:21,037 - __main__ - INFO - ✅ Skipping سنیرح (already up-to-date, 0.3 hours old)
2025-07-11 16:16:21,037 - __main__ - INFO - ✅ Skipping افرا (already up-to-date, 0.3 hours old)
2025-07-11 16:16:21,038 - __main__ - INFO - ✅ Skipping غمایه (already up-to-date, 0.3 hours old)
2025-07-11 16:16:21,038 - __main__ - INFO - ✅ Skipping چکاوه (already up-to-date, 0.3 hours old)
2025-07-11 16:16:21,039 - __main__ - INFO - ✅ Skipping نیرو (already up-to-date, 0.3 hours old)
2025-07-11 16:16:21,039 - __main__ - INFO - ✅ Skipping وسصفا (already up-to-date, 0.3 hours old)
2025-07-11 16:16:21,040 - __main__ - INFO - ✅ Skipping آلتون (already up-to-date, 0.3 hours old)
2025-07-11 16:16:21,040 - __main__ - INFO - ✅ Skipping ناب (already up-to-date, 0.3 hours old)
2025-07-11 16:16:21,041 - __main__ - INFO - ✅ Skipping شصفها (already up-to-date, 0.3 hours old)
2025-07-11 16:16:21,041 - __main__ - INFO - ✅ Skipping توریل (already up-to-date, 0.3 hours old)
2025-07-11 16:16:21,042 - __main__ - INFO - ✅ Skipping ورناح (already up-to-date, 0.3 hours old)
2025-07-11 16:16:21,042 - __main__ - INFO - ✅ Skipping موج (already up-to-date, 0.3 hours old)
2025-07-11 16:16:21,043 - __main__ - INFO - ✅ Skipping الماس (already up-to-date, 0.3 hours old)
2025-07-11 16:16:21,044 - __main__ - INFO - ✅ Skipping وسقم (already up-to-date, 0.3 hours old)
2025-07-11 16:16:21,044 - __main__ - INFO - ✅ Skipping سکردح (already up-to-date, 0.3 hours old)
2025-07-11 16:16:21,045 - __main__ - INFO - ✅ Skipping دجابرح (already up-to-date, 0.3 hours old)
2025-07-11 16:16:21,045 - __main__ - INFO - ✅ Skipping اخابر (already up-to-date, 0.3 hours old)
2025-07-11 16:16:21,046 - __main__ - INFO - ✅ Skipping غگلح (already up-to-date, 0.3 hours old)
2025-07-11 16:16:21,046 - __main__ - INFO - ✅ Skipping سآبیک (already up-to-date, 0.3 hours old)
2025-07-11 16:16:21,047 - __main__ - INFO - ✅ Skipping تمحرکه (already up-to-date, 0.3 hours old)
2025-07-11 16:16:21,047 - __main__ - INFO - ✅ Skipping سصوفیح (already up-to-date, 0.2 hours old)
2025-07-11 16:16:21,047 - __main__ - INFO - ✅ Skipping خساپاح (already up-to-date, 0.2 hours old)
2025-07-11 16:16:21,048 - __main__ - INFO - ✅ Skipping غگلپا (already up-to-date, 0.2 hours old)
2025-07-11 16:16:21,049 - __main__ - INFO - ✅ Skipping دفراح (already up-to-date, 0.2 hours old)
2025-07-11 16:16:21,049 - __main__ - INFO - ✅ Skipping ساربیلح (already up-to-date, 0.2 hours old)
2025-07-11 16:16:21,050 - __main__ - INFO - ⏰ File for لکماح is old (93.0 hours). Attempting to update...
2025-07-11 16:16:21,719 - __main__ - ERROR - ❌ Failed to download لکماح: single positional indexer is out-of-bounds. Will retry on next run.
2025-07-11 16:16:21,720 - __main__ - INFO - ✅ Skipping ورازی (already up-to-date, 0.2 hours old)
2025-07-11 16:16:21,721 - __main__ - INFO - ✅ Skipping کطبس (already up-to-date, 0.2 hours old)
2025-07-11 16:16:21,721 - __main__ - INFO - ⏰ File for قستونح is old (93.0 hours). Attempting to update...
2025-07-11 16:16:22,471 - __main__ - ERROR - ❌ Failed to download قستونح: single positional indexer is out-of-bounds. Will retry on next run.
2025-07-11 16:16:22,472 - __main__ - INFO - ✅ Skipping قثابت (already up-to-date, 0.2 hours old)
2025-07-11 16:16:22,472 - __main__ - INFO - ✅ Skipping دروزح (already up-to-date, 0.2 hours old)
2025-07-11 16:16:22,472 - __main__ - INFO - ✅ Skipping ثشرق (already up-to-date, 0.2 hours old)
2025-07-11 16:16:22,473 - __main__ - INFO - ✅ Skipping سخوزح (already up-to-date, 0.2 hours old)
2025-07-11 16:16:22,474 - __main__ - INFO - ✅ Skipping ثامانح (already up-to-date, 0.2 hours old)
2025-07-11 16:16:22,474 - __main__ - INFO - ✅ Skipping رتاپح (already up-to-date, 0.2 hours old)
2025-07-11 16:16:22,475 - __main__ - INFO - ✅ Skipping غشوکو (already up-to-date, 0.2 hours old)
2025-07-11 16:16:22,475 - __main__ - INFO - ✅ Skipping دتهران (already up-to-date, 0.2 hours old)
2025-07-11 16:16:22,475 - __main__ - INFO - ✅ Skipping فجهانح (already up-to-date, 0.2 hours old)
2025-07-11 16:16:22,475 - __main__ - INFO - ✅ Skipping سرودح (already up-to-date, 0.2 hours old)
2025-07-11 16:16:22,476 - __main__ - INFO - ✅ Skipping سشمالح (already up-to-date, 0.2 hours old)
2025-07-11 16:16:22,476 - __main__ - INFO - ⏰ File for قمروح is old (93.0 hours). Attempting to update...
2025-07-11 16:16:23,165 - __main__ - ERROR - ❌ Failed to download قمروح: single positional indexer is out-of-bounds. Will retry on next run.
2025-07-11 16:16:23,166 - __main__ - INFO - ✅ Skipping سحرخیز (already up-to-date, 0.2 hours old)
2025-07-11 16:16:23,168 - __main__ - INFO - ✅ Skipping ونیکیح (already up-to-date, 0.2 hours old)
2025-07-11 16:16:23,168 - __main__ - INFO - ✅ Skipping وسفارس (already up-to-date, 0.2 hours old)
2025-07-11 16:16:23,169 - __main__ - INFO - ✅ Skipping سبهانح (already up-to-date, 0.2 hours old)
2025-07-11 16:16:23,170 - __main__ - INFO - ✅ Skipping کاما (already up-to-date, 0.2 hours old)
2025-07-11 16:16:23,170 - __main__ - INFO - ⏰ File for شرنگیح is old (93.0 hours). Attempting to update...
2025-07-11 16:16:23,907 - __main__ - ERROR - ❌ Failed to download شرنگیح: single positional indexer is out-of-bounds. Will retry on next run.
2025-07-11 16:16:23,907 - __main__ - INFO - ✅ Skipping وسخراش (already up-to-date, 0.2 hours old)
2025-07-11 16:16:23,908 - __main__ - INFO - ✅ Skipping اتکام (already up-to-date, 0.2 hours old)
2025-07-11 16:16:23,908 - __main__ - INFO - ✅ Skipping فمتال (already up-to-date, 0.2 hours old)
2025-07-11 16:16:23,909 - __main__ - INFO - ✅ Skipping سخواف (already up-to-date, 0.2 hours old)
2025-07-11 16:16:23,909 - __main__ - INFO - ✅ Skipping فنر (already up-to-date, 0.2 hours old)
2025-07-11 16:16:23,910 - __main__ - INFO - ✅ Skipping سفار (already up-to-date, 0.2 hours old)
2025-07-11 16:16:23,910 - __main__ - INFO - ✅ Skipping لپیام (already up-to-date, 0.2 hours old)
2025-07-11 16:16:23,911 - __main__ - INFO - ✅ Skipping فارس (already up-to-date, 0.2 hours old)
2025-07-11 16:16:23,911 - __main__ - INFO - ✅ Skipping پاساح (already up-to-date, 0.2 hours old)
2025-07-11 16:16:23,912 - __main__ - INFO - ✅ Skipping دلرح (already up-to-date, 0.2 hours old)
2025-07-11 16:16:23,912 - __main__ - INFO - ✅ Skipping دامون (already up-to-date, 0.2 hours old)
2025-07-11 16:16:23,912 - __main__ - INFO - ✅ Skipping رویین (already up-to-date, 0.2 hours old)
2025-07-11 16:16:23,913 - __main__ - INFO - ✅ Skipping بمولد (already up-to-date, 0.2 hours old)
2025-07-11 16:16:23,913 - __main__ - INFO - ✅ Skipping دعبید (already up-to-date, 0.2 hours old)
2025-07-11 16:16:23,913 - __main__ - INFO - ✅ Skipping فخوزح (already up-to-date, 0.2 hours old)
2025-07-11 16:16:23,914 - __main__ - INFO - ✅ Skipping خمحرکه (already up-to-date, 0.2 hours old)
2025-07-11 16:16:23,914 - __main__ - INFO - ✅ Skipping ونفت (already up-to-date, 0.2 hours old)
2025-07-11 16:16:23,915 - __main__ - INFO - ✅ Skipping وسرضوی (already up-to-date, 0.2 hours old)
2025-07-11 16:16:23,915 - __main__ - INFO - ✅ Skipping پیزد (already up-to-date, 0.2 hours old)
2025-07-11 16:16:23,916 - __main__ - INFO - ✅ Skipping بفجرح (already up-to-date, 0.2 hours old)
2025-07-11 16:16:23,916 - __main__ - INFO - ✅ Skipping فخاس (already up-to-date, 0.2 hours old)
2025-07-11 16:16:23,916 - __main__ - INFO - ✅ Skipping غبهنوش (already up-to-date, 0.2 hours old)
2025-07-11 16:16:23,917 - __main__ - INFO - ✅ Skipping وپاسار (already up-to-date, 0.2 hours old)
2025-07-11 16:16:23,917 - __main__ - INFO - ✅ Skipping سارابح (already up-to-date, 0.2 hours old)
2025-07-11 16:16:23,918 - __main__ - INFO - ✅ Skipping غپینو (already up-to-date, 0.2 hours old)
2025-07-11 16:16:23,918 - __main__ - INFO - ✅ Skipping پارتاح (already up-to-date, 0.2 hours old)
2025-07-11 16:16:23,918 - __main__ - INFO - ✅ Skipping ومهان (already up-to-date, 0.2 hours old)
2025-07-11 16:16:23,919 - __main__ - INFO - ⏰ File for فبیستون is old (93.0 hours). Attempting to update...
2025-07-11 16:16:24,682 - __main__ - ERROR - ❌ Failed to download فبیستون: single positional indexer is out-of-bounds. Will retry on next run.
2025-07-11 16:16:24,683 - __main__ - INFO - ✅ Skipping ساینا (already up-to-date, 0.2 hours old)
2025-07-11 16:16:24,684 - __main__ - INFO - ✅ Skipping فسرب (already up-to-date, 0.2 hours old)
2025-07-11 16:16:24,684 - __main__ - INFO - ✅ Skipping اردستان (already up-to-date, 0.2 hours old)
2025-07-11 16:16:24,685 - __main__ - INFO - ✅ Skipping غساساح (already up-to-date, 0.2 hours old)
2025-07-11 16:16:24,685 - __main__ - INFO - ✅ Skipping کساوه (already up-to-date, 0.2 hours old)
2025-07-11 16:16:24,686 - __main__ - INFO - ✅ Skipping سیمرغ (already up-to-date, 0.2 hours old)
2025-07-11 16:16:24,689 - __main__ - INFO - ✅ Skipping کرازیح (already up-to-date, 0.2 hours old)
2025-07-11 16:16:24,690 - __main__ - INFO - ⏰ File for نتوسح is old (93.0 hours). Attempting to update...
2025-07-11 16:16:25,431 - __main__ - ERROR - ❌ Failed to download نتوسح: single positional indexer is out-of-bounds. Will retry on next run.
2025-07-11 16:16:25,432 - __main__ - INFO - ✅ Skipping بسویچ (already up-to-date, 0.2 hours old)
2025-07-11 16:16:25,443 - __main__ - INFO - ✅ Skipping خشرقح (already up-to-date, 0.2 hours old)
2025-07-11 16:16:25,444 - __main__ - INFO - ✅ Skipping تیپیکو (already up-to-date, 0.2 hours old)
2025-07-11 16:16:25,444 - __main__ - INFO - ✅ Skipping اطلس (already up-to-date, 0.2 hours old)
2025-07-11 16:16:25,445 - __main__ - INFO - ✅ Skipping ولساپاح (already up-to-date, 0.2 hours old)
2025-07-11 16:16:25,445 - __main__ - INFO - ✅ Skipping ریشمک (already up-to-date, 0.2 hours old)
2025-07-11 16:16:25,446 - __main__ - INFO - ⏰ File for اجداد is old (93.0 hours). Attempting to update...
2025-07-11 16:16:26,145 - __main__ - ERROR - ❌ Failed to download اجداد: single positional indexer is out-of-bounds. Will retry on next run.
2025-07-11 16:16:26,156 - __main__ - INFO - ✅ Skipping اپرداز (already up-to-date, 0.2 hours old)
2025-07-11 16:16:26,157 - __main__ - INFO - ⏰ File for سکارونح is old (93.0 hours). Attempting to update...
2025-07-11 16:16:26,861 - __main__ - ERROR - ❌ Failed to download سکارونح: single positional indexer is out-of-bounds. Will retry on next run.
2025-07-11 16:16:26,862 - __main__ - INFO - ✅ Skipping خبنیان (already up-to-date, 0.2 hours old)
2025-07-11 16:16:26,862 - __main__ - INFO - ✅ Skipping فسبزوار (already up-to-date, 0.2 hours old)
2025-07-11 16:16:26,862 - __main__ - INFO - ✅ Skipping فلولهح (already up-to-date, 0.2 hours old)
2025-07-11 16:16:26,863 - __main__ - INFO - ✅ Skipping خریخت (already up-to-date, 0.2 hours old)
2025-07-11 16:16:26,864 - __main__ - INFO - ✅ Skipping خورشید (already up-to-date, 0.2 hours old)
2025-07-11 16:16:26,864 - __main__ - INFO - ✅ Skipping شکربنح (already up-to-date, 0.2 hours old)
2025-07-11 16:16:26,865 - __main__ - INFO - ⏰ File for حفجر is old (93.0 hours). Attempting to update...
2025-07-11 16:16:27,663 - __main__ - ERROR - ❌ Failed to download حفجر: single positional indexer is out-of-bounds. Will retry on next run.
2025-07-11 16:16:27,663 - __main__ - INFO - ✅ Skipping کطبسح (already up-to-date, 0.2 hours old)
2025-07-11 16:16:27,664 - __main__ - INFO - ✅ Skipping اکالا (already up-to-date, 0.2 hours old)
2025-07-11 16:16:27,664 - __main__ - INFO - ✅ Skipping اعتلا (already up-to-date, 0.2 hours old)
2025-07-11 16:16:27,665 - __main__ - INFO - ✅ Skipping ثپردیس (already up-to-date, 0.2 hours old)
2025-07-11 16:16:27,665 - __main__ - INFO - ✅ Skipping پکویر (already up-to-date, 0.2 hours old)
2025-07-11 16:16:27,666 - __main__ - INFO - ✅ Skipping کدما (already up-to-date, 0.2 hours old)
2025-07-11 16:16:27,666 - __main__ - INFO - ✅ Skipping فجامح (already up-to-date, 0.2 hours old)
2025-07-11 16:16:27,667 - __main__ - INFO - ✅ Skipping وپتروح (already up-to-date, 0.2 hours old)
2025-07-11 16:16:27,667 - __main__ - INFO - ✅ Skipping حشکوه (already up-to-date, 0.2 hours old)
2025-07-11 16:16:27,667 - __main__ - INFO - ✅ Skipping واعتبارح (already up-to-date, 0.2 hours old)
2025-07-11 16:16:27,668 - __main__ - INFO - ✅ Skipping سشمال (already up-to-date, 0.2 hours old)
2025-07-11 16:16:27,669 - __main__ - INFO - ✅ Skipping بسویچح (already up-to-date, 0.2 hours old)
2025-07-11 16:16:27,669 - __main__ - INFO - ✅ Skipping وبهمن (already up-to-date, 0.2 hours old)
2025-07-11 16:16:27,670 - __main__ - INFO - ✅ Skipping فافزا (already up-to-date, 0.2 hours old)
2025-07-11 16:16:27,671 - __main__ - INFO - ✅ Skipping دفاراح (already up-to-date, 0.2 hours old)
2025-07-11 16:16:27,671 - __main__ - INFO - ✅ Skipping ونفتح (already up-to-date, 0.2 hours old)
2025-07-11 16:16:27,672 - __main__ - INFO - ✅ Skipping وسکابح (already up-to-date, 0.2 hours old)
2025-07-11 16:16:27,672 - __main__ - INFO - ✅ Skipping شرانل (already up-to-date, 0.2 hours old)
2025-07-11 16:16:27,672 - __main__ - INFO - ✅ Skipping شساخت (already up-to-date, 0.2 hours old)
2025-07-11 16:16:27,673 - __main__ - INFO - ✅ Skipping کاردان (already up-to-date, 0.2 hours old)
2025-07-11 16:16:27,674 - __main__ - INFO - ✅ Skipping حکشتیح (already up-to-date, 0.2 hours old)
2025-07-11 16:16:27,674 - __main__ - INFO - ✅ Skipping قشیرح (already up-to-date, 0.2 hours old)
2025-07-11 16:16:27,675 - __main__ - INFO - ✅ Skipping شتاب (already up-to-date, 0.2 hours old)
2025-07-11 16:16:27,675 - __main__ - INFO - ✅ Skipping ونوینح (already up-to-date, 0.2 hours old)
2025-07-11 16:16:27,676 - __main__ - INFO - ✅ Skipping غبهپاک (already up-to-date, 0.2 hours old)
2025-07-11 16:16:27,676 - __main__ - INFO - ✅ Skipping چکاپا (already up-to-date, 0.2 hours old)
2025-07-11 16:16:27,677 - __main__ - INFO - ✅ Skipping وساربیل (already up-to-date, 0.2 hours old)
2025-07-11 16:16:27,678 - __main__ - INFO - ✅ Skipping کدماح (already up-to-date, 0.2 hours old)
2025-07-11 16:16:27,678 - __main__ - INFO - ✅ Skipping خپارس (already up-to-date, 0.2 hours old)
2025-07-11 16:16:27,679 - __main__ - INFO - ✅ Skipping شفن (already up-to-date, 0.2 hours old)
2025-07-11 16:16:27,679 - __main__ - INFO - ✅ Skipping نشان (already up-to-date, 0.2 hours old)
2025-07-11 16:16:27,679 - __main__ - INFO - ✅ Skipping سدبیر (already up-to-date, 0.2 hours old)
2025-07-11 16:16:27,680 - __main__ - INFO - ✅ Skipping غگرجیح (already up-to-date, 0.2 hours old)
2025-07-11 16:16:27,680 - __main__ - INFO - ✅ Skipping وسکرمان (already up-to-date, 0.2 hours old)
2025-07-11 16:16:27,681 - __main__ - INFO - ✅ Skipping تملتح (already up-to-date, 0.2 hours old)
2025-07-11 16:16:27,682 - __main__ - INFO - ✅ Skipping گنگین (already up-to-date, 0.2 hours old)
2025-07-11 16:16:27,682 - __main__ - INFO - ✅ Skipping ارفع (already up-to-date, 0.2 hours old)
2025-07-11 16:16:27,683 - __main__ - INFO - ✅ Skipping سپح (already up-to-date, 0.2 hours old)
2025-07-11 16:16:27,683 - __main__ - INFO - ✅ Skipping زمگساح (already up-to-date, 0.2 hours old)
2025-07-11 16:16:27,684 - __main__ - INFO - ✅ Skipping سغربح (already up-to-date, 0.2 hours old)
2025-07-11 16:16:27,684 - __main__ - INFO - ✅ Skipping گنج (already up-to-date, 0.2 hours old)
2025-07-11 16:16:27,684 - __main__ - INFO - ⏰ File for لخزرح is old (93.0 hours). Attempting to update...
2025-07-11 16:16:28,521 - __main__ - ERROR - ❌ Failed to download لخزرح: single positional indexer is out-of-bounds. Will retry on next run.
2025-07-11 16:16:28,521 - __main__ - INFO - ✅ Skipping بپاس (already up-to-date, 0.2 hours old)
2025-07-11 16:16:28,522 - __main__ - INFO - ✅ Skipping شتهران (already up-to-date, 0.2 hours old)
2025-07-11 16:16:28,522 - __main__ - INFO - ✅ Skipping دارا (already up-to-date, 0.2 hours old)
2025-07-11 16:16:28,523 - __main__ - INFO - ✅ Skipping سمازنح (already up-to-date, 0.2 hours old)
2025-07-11 16:16:28,523 - __main__ - INFO - ✅ Skipping خپویش (already up-to-date, 0.2 hours old)
2025-07-11 16:16:28,523 - __main__ - INFO - ⏰ File for وشستان is old (93.0 hours). Attempting to update...
2025-07-11 16:16:29,285 - __main__ - ERROR - ❌ Failed to download وشستان: single positional indexer is out-of-bounds. Will retry on next run.
2025-07-11 16:16:29,285 - __main__ - INFO - ✅ Skipping سفارود (already up-to-date, 0.2 hours old)
2025-07-11 16:16:29,286 - __main__ - INFO - ✅ Skipping فتوسا (already up-to-date, 0.2 hours old)
2025-07-11 16:16:29,287 - __main__ - INFO - ✅ Skipping والماس (already up-to-date, 0.2 hours old)
2025-07-11 16:16:29,288 - __main__ - INFO - ✅ Skipping وگردش (already up-to-date, 0.2 hours old)
2025-07-11 16:16:29,289 - __main__ - INFO - ✅ Skipping کیانا (already up-to-date, 0.2 hours old)
2025-07-11 16:16:29,289 - __main__ - INFO - ✅ Skipping پکیانح (already up-to-date, 0.2 hours old)
2025-07-11 16:16:29,290 - __main__ - INFO - ✅ Skipping لپویا (already up-to-date, 0.2 hours old)
2025-07-11 16:16:29,290 - __main__ - INFO - ✅ Skipping سقاین (already up-to-date, 0.2 hours old)
2025-07-11 16:16:29,291 - __main__ - INFO - ✅ Skipping غگیلا (already up-to-date, 0.2 hours old)
2025-07-11 16:16:29,291 - __main__ - INFO - ✅ Skipping خاذین (already up-to-date, 0.2 hours old)
2025-07-11 16:16:29,292 - __main__ - INFO - ✅ Skipping رمپنا (already up-to-date, 0.2 hours old)
2025-07-11 16:16:29,292 - __main__ - INFO - ✅ Skipping فنوردح (already up-to-date, 0.2 hours old)
2025-07-11 16:16:29,293 - __main__ - INFO - ✅ Skipping کماسه (already up-to-date, 0.2 hours old)
2025-07-11 16:16:29,293 - __main__ - INFO - ✅ Skipping لازماح (already up-to-date, 0.2 hours old)
2025-07-11 16:16:29,294 - __main__ - INFO - ✅ Skipping قاروم (already up-to-date, 0.2 hours old)
2025-07-11 16:16:29,294 - __main__ - INFO - ✅ Skipping اهرم (already up-to-date, 0.2 hours old)
2025-07-11 16:16:29,295 - __main__ - INFO - ✅ Skipping چنوپاح (already up-to-date, 0.2 hours old)
2025-07-11 16:16:29,295 - __main__ - INFO - ✅ Skipping بخاور (already up-to-date, 0.2 hours old)
2025-07-11 16:16:29,296 - __main__ - INFO - ✅ Skipping مرقام (already up-to-date, 0.2 hours old)
2025-07-11 16:16:29,296 - __main__ - INFO - ✅ Skipping کگل (already up-to-date, 0.2 hours old)
2025-07-11 16:16:29,296 - __main__ - INFO - ✅ Skipping ثمسکن (already up-to-date, 0.2 hours old)
2025-07-11 16:16:29,297 - __main__ - INFO - ✅ Skipping دیران (already up-to-date, 0.2 hours old)
2025-07-11 16:16:29,297 - __main__ - INFO - ✅ Skipping کاصفا (already up-to-date, 0.2 hours old)
2025-07-11 16:16:29,297 - __main__ - INFO - ✅ Skipping بساما (already up-to-date, 0.2 hours old)
2025-07-11 16:16:29,298 - __main__ - INFO - ✅ Skipping سبجنو (already up-to-date, 0.2 hours old)
2025-07-11 16:16:29,298 - __main__ - INFO - ✅ Skipping پکیان (already up-to-date, 0.2 hours old)
2025-07-11 16:16:29,298 - __main__ - INFO - ✅ Skipping وپاسارح (already up-to-date, 0.2 hours old)
2025-07-11 16:16:29,299 - __main__ - INFO - ✅ Skipping غشهداب (already up-to-date, 0.2 hours old)
2025-07-11 16:16:29,299 - __main__ - INFO - ✅ Smart Downloader finished its run.
2025-07-11 16:20:23,221 - __main__ - INFO - Data directory set to: C:\Portfolio-Optimizer\data\tickers_data
2025-07-11 16:20:23,222 - __main__ - INFO - Cache directory set to: C:\Portfolio-Optimizer\cache_v3
2025-07-11 16:20:23,222 - __main__ - INFO - 🚀 Starting Smart Downloader...
2025-07-11 16:20:23,222 - __main__ - INFO - 📊 Fetching all symbols from TSE...
2025-07-11 16:20:23,223 - __main__ - INFO - ✅ Using valid cache symbols_data_v3.json (91.9 hours old)
2025-07-11 16:20:23,227 - __main__ - INFO -    Loaded 1394 symbols from cache
2025-07-11 16:20:23,227 - __main__ - INFO - 🔍 Filtering from 1394 total symbols...
2025-07-11 16:20:23,255 - __main__ - INFO -    ✅ Filtered universe: 1394 → 1389 stocks
2025-07-11 16:20:23,256 - __main__ - INFO - Updating data for 1389 symbols...
2025-07-11 16:20:23,257 - __main__ - INFO - ✅ Skipping ثمسکنح (already up-to-date, 0.1 hours old)
2025-07-11 16:20:23,257 - __main__ - INFO - ✅ Skipping قستون (already up-to-date, 0.8 hours old)
2025-07-11 16:20:23,258 - __main__ - INFO - ✅ Skipping درازکح (already up-to-date, 0.8 hours old)
2025-07-11 16:20:23,258 - __main__ - INFO - ✅ Skipping صبا (already up-to-date, 0.8 hours old)
2025-07-11 16:20:23,259 - __main__ - INFO - ✅ Skipping ستران (already up-to-date, 0.8 hours old)
2025-07-11 16:20:23,260 - __main__ - INFO - ✅ Skipping کسعدیح (already up-to-date, 0.8 hours old)
2025-07-11 16:20:23,261 - __main__ - INFO - ✅ Skipping داسوه (already up-to-date, 0.8 hours old)
2025-07-11 16:20:23,261 - __main__ - INFO - ✅ Skipping دفارا (already up-to-date, 0.8 hours old)
2025-07-11 16:20:23,262 - __main__ - INFO - ✅ Skipping اسیاتک (already up-to-date, 0.8 hours old)
2025-07-11 16:20:23,263 - __main__ - INFO - ✅ Skipping میدکو (already up-to-date, 0.8 hours old)
2025-07-11 16:20:23,264 - __main__ - INFO - ✅ Skipping بالاس (already up-to-date, 0.8 hours old)
2025-07-11 16:20:23,264 - __main__ - INFO - ✅ Skipping ولغدر (already up-to-date, 0.8 hours old)
2025-07-11 16:20:23,265 - __main__ - INFO - ✅ Skipping وثوق (already up-to-date, 0.8 hours old)
2025-07-11 16:20:23,265 - __main__ - INFO - ✅ Skipping وصنا (already up-to-date, 0.8 hours old)
2025-07-11 16:20:23,267 - __main__ - INFO - ✅ Skipping سهرمزح (already up-to-date, 0.8 hours old)
2025-07-11 16:20:23,269 - __main__ - INFO - ✅ Skipping افق ملت (already up-to-date, 0.8 hours old)
2025-07-11 16:20:23,271 - __main__ - INFO - ✅ Skipping افقح (already up-to-date, 0.8 hours old)
2025-07-11 16:20:23,272 - __main__ - INFO - ✅ Skipping وبشهرح (already up-to-date, 0.8 hours old)
2025-07-11 16:20:23,273 - __main__ - INFO - ✅ Skipping غمینو (already up-to-date, 0.8 hours old)
2025-07-11 16:20:23,274 - __main__ - INFO - ✅ Skipping 18719101 (already up-to-date, 0.8 hours old)
2025-07-11 16:20:23,274 - __main__ - INFO - ✅ Skipping ختوقاح (already up-to-date, 0.8 hours old)
2025-07-11 16:20:23,275 - __main__ - INFO - ✅ Skipping سپیدما (already up-to-date, 0.8 hours old)
2025-07-11 16:20:23,275 - __main__ - INFO - ✅ Skipping سکرماح (already up-to-date, 0.8 hours old)
2025-07-11 16:20:23,277 - __main__ - INFO - ✅ Skipping وتوسکاح (already up-to-date, 0.8 hours old)
2025-07-11 16:20:23,278 - __main__ - INFO - ✅ Skipping آپ (already up-to-date, 0.8 hours old)
2025-07-11 16:20:23,279 - __main__ - INFO - ✅ Skipping فرآورح (already up-to-date, 0.8 hours old)
2025-07-11 16:20:23,280 - __main__ - INFO - ✅ Skipping پکرمانح (already up-to-date, 0.8 hours old)
2025-07-11 16:20:23,281 - __main__ - INFO - ✅ Skipping ثالوند (already up-to-date, 0.8 hours old)
2025-07-11 16:20:23,281 - __main__ - INFO - ✅ Skipping پرتو (already up-to-date, 0.8 hours old)
2025-07-11 16:20:23,282 - __main__ - INFO - ✅ Skipping غیوان (already up-to-date, 0.8 hours old)
2025-07-11 16:20:23,283 - __main__ - INFO - ✅ Skipping شپلی (already up-to-date, 0.8 hours old)
2025-07-11 16:20:23,283 - __main__ - INFO - ✅ Skipping کفرا (already up-to-date, 0.8 hours old)
2025-07-11 16:20:23,284 - __main__ - INFO - ⏰ File for قشهدح is old (93.1 hours). Attempting to update...
2025-07-11 16:20:24,059 - __main__ - ERROR - ❌ Failed to download قشهدح: single positional indexer is out-of-bounds. Will retry on next run.
2025-07-11 16:20:24,059 - __main__ - INFO - ✅ Skipping چبسپاح (already up-to-date, 0.8 hours old)
2025-07-11 16:20:24,059 - __main__ - INFO - ✅ Skipping خصدرا (already up-to-date, 0.8 hours old)
2025-07-11 16:20:24,061 - __main__ - INFO - ✅ Skipping خگسترح (already up-to-date, 0.8 hours old)
2025-07-11 16:20:24,061 - __main__ - INFO - ✅ Skipping لوتوسح (already up-to-date, 0.8 hours old)
2025-07-11 16:20:24,062 - __main__ - INFO - ✅ Skipping تبرک (already up-to-date, 0.8 hours old)
2025-07-11 16:20:24,062 - __main__ - INFO - ✅ Skipping کچادح (already up-to-date, 0.8 hours old)
2025-07-11 16:20:24,062 - __main__ - INFO - ✅ Skipping وپخشح (already up-to-date, 0.8 hours old)
2025-07-11 16:20:24,062 - __main__ - INFO - ✅ Skipping خموتورح (already up-to-date, 0.8 hours old)
2025-07-11 16:20:24,062 - __main__ - INFO - ✅ Skipping کاذرح (already up-to-date, 0.8 hours old)
2025-07-11 16:20:24,062 - __main__ - INFO - ✅ Skipping کساوهح (already up-to-date, 0.8 hours old)
2025-07-11 16:20:24,063 - __main__ - INFO - ✅ Skipping کیسون (already up-to-date, 0.8 hours old)
2025-07-11 16:20:24,063 - __main__ - INFO - ⏰ File for خمحورح is old (93.1 hours). Attempting to update...
2025-07-11 16:20:24,723 - __main__ - ERROR - ❌ Failed to download خمحورح: single positional indexer is out-of-bounds. Will retry on next run.
2025-07-11 16:20:24,723 - __main__ - INFO - ✅ Skipping قستان (already up-to-date, 0.8 hours old)
2025-07-11 16:20:24,724 - __main__ - INFO - ✅ Skipping پاسا (already up-to-date, 0.8 hours old)
2025-07-11 16:20:24,725 - __main__ - INFO - ✅ Skipping کیمیاتک (already up-to-date, 0.8 hours old)
2025-07-11 16:20:24,725 - __main__ - INFO - ✅ Skipping فکمند (already up-to-date, 0.8 hours old)
2025-07-11 16:20:24,726 - __main__ - INFO - ✅ Skipping قرن (already up-to-date, 0.8 hours old)
2025-07-11 16:20:24,727 - __main__ - INFO - ✅ Skipping صنهال (already up-to-date, 0.8 hours old)
2025-07-11 16:20:24,727 - __main__ - INFO - ✅ Skipping ثجنوب (already up-to-date, 0.8 hours old)
2025-07-11 16:20:24,728 - __main__ - INFO - ✅ Skipping غاذر (already up-to-date, 0.8 hours old)
2025-07-11 16:20:24,729 - __main__ - INFO - ✅ Skipping پتروصبا (already up-to-date, 0.8 hours old)
2025-07-11 16:20:24,729 - __main__ - INFO - ✅ Skipping خمحور (already up-to-date, 0.8 hours old)
2025-07-11 16:20:24,730 - __main__ - INFO - ✅ Skipping هامرز (already up-to-date, 0.8 hours old)
2025-07-11 16:20:24,731 - __main__ - INFO - ✅ Skipping وپست (already up-to-date, 0.8 hours old)
2025-07-11 16:20:24,733 - __main__ - INFO - ✅ Skipping نوین (already up-to-date, 0.8 hours old)
2025-07-11 16:20:24,734 - __main__ - INFO - ✅ Skipping شصدف (already up-to-date, 0.8 hours old)
2025-07-11 16:20:24,734 - __main__ - INFO - ✅ Skipping تفارس (already up-to-date, 0.8 hours old)
2025-07-11 16:20:24,735 - __main__ - INFO - ✅ Skipping غالبر (already up-to-date, 0.8 hours old)
2025-07-11 16:20:24,735 - __main__ - INFO - ✅ Skipping دسبحاح (already up-to-date, 0.8 hours old)
2025-07-11 16:20:24,736 - __main__ - INFO - ✅ Skipping گپارس (already up-to-date, 0.8 hours old)
2025-07-11 16:20:24,736 - __main__ - INFO - ✅ Skipping فن افزار (already up-to-date, 0.8 hours old)
2025-07-11 16:20:24,737 - __main__ - INFO - ✅ Skipping کساپاح (already up-to-date, 0.8 hours old)
2025-07-11 16:20:24,737 - __main__ - INFO - ✅ Skipping سقاینح (already up-to-date, 0.8 hours old)
2025-07-11 16:20:24,738 - __main__ - INFO - ✅ Skipping کازرو (already up-to-date, 0.8 hours old)
2025-07-11 16:20:24,738 - __main__ - INFO - ✅ Skipping هامون (already up-to-date, 0.8 hours old)
2025-07-11 16:20:24,739 - __main__ - INFO - ✅ Skipping خکمک (already up-to-date, 0.8 hours old)
2025-07-11 16:20:24,739 - __main__ - INFO - ✅ Skipping پردیسح (already up-to-date, 0.8 hours old)
2025-07-11 16:20:24,740 - __main__ - INFO - ✅ Skipping داریوش (already up-to-date, 0.8 hours old)
2025-07-11 16:20:24,740 - __main__ - INFO - ✅ Skipping زملارد (already up-to-date, 0.8 hours old)
2025-07-11 16:20:24,741 - __main__ - INFO - ✅ Skipping کاصفاح (already up-to-date, 0.8 hours old)
2025-07-11 16:20:24,741 - __main__ - INFO - ✅ Skipping ولغدرح (already up-to-date, 0.8 hours old)
2025-07-11 16:20:24,741 - __main__ - INFO - ✅ Skipping خودران (already up-to-date, 0.8 hours old)
2025-07-11 16:20:24,742 - __main__ - INFO - ✅ Skipping فاما (already up-to-date, 0.8 hours old)
2025-07-11 16:20:24,742 - __main__ - INFO - ✅ Skipping لبهمن (already up-to-date, 0.8 hours old)
2025-07-11 16:20:24,744 - __main__ - INFO - ✅ Skipping عالیس (already up-to-date, 0.8 hours old)
2025-07-11 16:20:24,745 - __main__ - INFO - ✅ Skipping قجام (already up-to-date, 0.8 hours old)
2025-07-11 16:20:24,746 - __main__ - INFO - ✅ Skipping ولبهمن (already up-to-date, 0.8 hours old)
2025-07-11 16:20:24,748 - __main__ - INFO - ✅ Skipping وتوسح (already up-to-date, 0.8 hours old)
2025-07-11 16:20:24,748 - __main__ - INFO - ✅ Skipping مروارید (already up-to-date, 0.8 hours old)
2025-07-11 16:20:24,749 - __main__ - INFO - ✅ Skipping فنرژی (already up-to-date, 0.8 hours old)
2025-07-11 16:20:24,749 - __main__ - INFO - ✅ Skipping ولقمان (already up-to-date, 0.8 hours old)
2025-07-11 16:20:24,750 - __main__ - INFO - ✅ Skipping بزاگرس (already up-to-date, 0.8 hours old)
2025-07-11 16:20:24,750 - __main__ - INFO - ✅ Skipping کبورس (already up-to-date, 0.8 hours old)
2025-07-11 16:20:24,751 - __main__ - INFO - ✅ Skipping وسین (already up-to-date, 0.8 hours old)
2025-07-11 16:20:24,751 - __main__ - INFO - ✅ Skipping خزامیا (already up-to-date, 0.8 hours old)
2025-07-11 16:20:24,752 - __main__ - INFO - ✅ Skipping شوش (already up-to-date, 0.8 hours old)
2025-07-11 16:20:24,753 - __main__ - INFO - ✅ Skipping بالبرح (already up-to-date, 0.8 hours old)
2025-07-11 16:20:24,755 - __main__ - INFO - ✅ Skipping وملت (already up-to-date, 0.8 hours old)
2025-07-11 16:20:24,755 - __main__ - INFO - ✅ Skipping فسپاح (already up-to-date, 0.8 hours old)
2025-07-11 16:20:24,756 - __main__ - INFO - ✅ Skipping شفاراح (already up-to-date, 0.8 hours old)
2025-07-11 16:20:24,756 - __main__ - INFO - ✅ Skipping وپارس (already up-to-date, 0.8 hours old)
2025-07-11 16:20:24,757 - __main__ - INFO - ⏰ File for وتوشهح is old (93.1 hours). Attempting to update...
2025-07-11 16:20:25,435 - __main__ - ERROR - ❌ Failed to download وتوشهح: single positional indexer is out-of-bounds. Will retry on next run.
2025-07-11 16:20:25,436 - __main__ - INFO - ✅ Skipping خمهرح (already up-to-date, 0.8 hours old)
2025-07-11 16:20:25,437 - __main__ - INFO - ✅ Skipping نخل (already up-to-date, 0.8 hours old)
2025-07-11 16:20:25,437 - __main__ - INFO - ✅ Skipping نکالا (already up-to-date, 0.8 hours old)
2025-07-11 16:20:25,438 - __main__ - INFO - ✅ Skipping چفیبر (already up-to-date, 0.8 hours old)
2025-07-11 16:20:25,438 - __main__ - INFO - ✅ Skipping سلام (already up-to-date, 0.8 hours old)
2025-07-11 16:20:25,439 - __main__ - INFO - ✅ Skipping وآفری (already up-to-date, 0.8 hours old)
2025-07-11 16:20:25,439 - __main__ - INFO - ✅ Skipping بنیرو (already up-to-date, 0.8 hours old)
2025-07-11 16:20:25,440 - __main__ - INFO - ✅ Skipping دسینا (already up-to-date, 0.8 hours old)
2025-07-11 16:20:25,441 - __main__ - INFO - ✅ Skipping دتوزیع (already up-to-date, 0.8 hours old)
2025-07-11 16:20:25,441 - __main__ - INFO - ✅ Skipping قشرین (already up-to-date, 0.8 hours old)
2025-07-11 16:20:25,442 - __main__ - INFO - ✅ Skipping کچاد (already up-to-date, 0.8 hours old)
2025-07-11 16:20:25,442 - __main__ - INFO - ✅ Skipping البرز (already up-to-date, 0.8 hours old)
2025-07-11 16:20:25,443 - __main__ - INFO - ✅ Skipping وکار (already up-to-date, 0.8 hours old)
2025-07-11 16:20:25,443 - __main__ - INFO - ✅ Skipping پتروآبان (already up-to-date, 0.8 hours old)
2025-07-11 16:20:25,444 - __main__ - INFO - ✅ Skipping شبصیر (already up-to-date, 0.8 hours old)
2025-07-11 16:20:25,445 - __main__ - INFO - ✅ Skipping دامینح (already up-to-date, 0.8 hours old)
2025-07-11 16:20:25,445 - __main__ - INFO - ✅ Skipping اکسیژن (already up-to-date, 0.8 hours old)
2025-07-11 16:20:25,446 - __main__ - INFO - ✅ Skipping وامیر (already up-to-date, 0.8 hours old)
2025-07-11 16:20:25,447 - __main__ - INFO - ✅ Skipping نبورس (already up-to-date, 0.8 hours old)
2025-07-11 16:20:25,447 - __main__ - INFO - ✅ Skipping دروز (already up-to-date, 0.8 hours old)
2025-07-11 16:20:25,448 - __main__ - INFO - ✅ Skipping دجابر (already up-to-date, 0.8 hours old)
2025-07-11 16:20:25,448 - __main__ - INFO - ✅ Skipping سهام یار (already up-to-date, 0.8 hours old)
2025-07-11 16:20:25,449 - __main__ - INFO - ✅ Skipping رشد (already up-to-date, 0.8 hours old)
2025-07-11 16:20:25,450 - __main__ - INFO - ⏰ File for تفیروح is old (93.1 hours). Attempting to update...
2025-07-11 16:20:26,118 - __main__ - ERROR - ❌ Failed to download تفیروح: single positional indexer is out-of-bounds. Will retry on next run.
2025-07-11 16:20:26,119 - __main__ - INFO - ✅ Skipping شجم (already up-to-date, 0.8 hours old)
2025-07-11 16:20:26,119 - __main__ - INFO - ✅ Skipping غویتا (already up-to-date, 0.8 hours old)
2025-07-11 16:20:26,120 - __main__ - INFO - ✅ Skipping وخاورح (already up-to-date, 0.8 hours old)
2025-07-11 16:20:26,120 - __main__ - INFO - ✅ Skipping پتروآگاه (already up-to-date, 0.8 hours old)
2025-07-11 16:20:26,122 - __main__ - INFO - ✅ Skipping دالبر (already up-to-date, 0.8 hours old)
2025-07-11 16:20:26,122 - __main__ - INFO - ✅ Skipping وسگلستا (already up-to-date, 0.8 hours old)
2025-07-11 16:20:26,123 - __main__ - INFO - ✅ Skipping وهور (already up-to-date, 0.8 hours old)
2025-07-11 16:20:26,124 - __main__ - INFO - ✅ Skipping وسیناح (already up-to-date, 0.8 hours old)
2025-07-11 16:20:26,124 - __main__ - INFO - ✅ Skipping کحافظ (already up-to-date, 0.8 hours old)
2025-07-11 16:20:26,124 - __main__ - INFO - ✅ Skipping ساروج (already up-to-date, 0.8 hours old)
2025-07-11 16:20:26,125 - __main__ - INFO - ✅ Skipping ولصنمح (already up-to-date, 0.8 hours old)
2025-07-11 16:20:26,125 - __main__ - INFO - ✅ Skipping ومدیر (already up-to-date, 0.8 hours old)
2025-07-11 16:20:26,126 - __main__ - INFO - ✅ Skipping قپارسح (already up-to-date, 0.8 hours old)
2025-07-11 16:20:26,126 - __main__ - INFO - ✅ Skipping ثنام (already up-to-date, 0.8 hours old)
2025-07-11 16:20:26,127 - __main__ - INFO - ✅ Skipping سبجنوح (already up-to-date, 0.8 hours old)
2025-07-11 16:20:26,129 - __main__ - INFO - ✅ Skipping شخارک (already up-to-date, 0.8 hours old)
2025-07-11 16:20:26,130 - __main__ - INFO - ✅ Skipping وسکاب (already up-to-date, 0.8 hours old)
2025-07-11 16:20:26,131 - __main__ - INFO - ✅ Skipping ممسنی (already up-to-date, 0.8 hours old)
2025-07-11 16:20:26,131 - __main__ - INFO - ✅ Skipping وثنو (already up-to-date, 0.8 hours old)
2025-07-11 16:20:26,132 - __main__ - INFO - ✅ Skipping داراب (already up-to-date, 0.8 hours old)
2025-07-11 16:20:26,132 - __main__ - INFO - ✅ Skipping حپتروح (already up-to-date, 0.8 hours old)
2025-07-11 16:20:26,133 - __main__ - INFO - ✅ Skipping کسرامح (already up-to-date, 0.8 hours old)
2025-07-11 16:20:26,133 - __main__ - INFO - ✅ Skipping صدف (already up-to-date, 0.8 hours old)
2025-07-11 16:20:26,133 - __main__ - INFO - ⏰ File for شیرانح is old (93.1 hours). Attempting to update...
2025-07-11 16:20:26,801 - __main__ - ERROR - ❌ Failed to download شیرانح: single positional indexer is out-of-bounds. Will retry on next run.
2025-07-11 16:20:26,801 - __main__ - INFO - ✅ Skipping نتوس (already up-to-date, 0.8 hours old)
2025-07-11 16:20:26,802 - __main__ - INFO - ✅ Skipping تاصیکوح (already up-to-date, 0.8 hours old)
2025-07-11 16:20:26,803 - __main__ - INFO - ✅ Skipping آرمان (already up-to-date, 0.8 hours old)
2025-07-11 16:20:26,803 - __main__ - INFO - ✅ Skipping وآردلح (already up-to-date, 0.8 hours old)
2025-07-11 16:20:26,804 - __main__ - INFO - ✅ Skipping فباهنرح (already up-to-date, 0.8 hours old)
2025-07-11 16:20:26,804 - __main__ - INFO - ✅ Skipping ومشان (already up-to-date, 0.8 hours old)
2025-07-11 16:20:26,805 - __main__ - INFO - ✅ Skipping غدیس (already up-to-date, 0.8 hours old)
2025-07-11 16:20:26,806 - __main__ - INFO - ✅ Skipping دپارسح (already up-to-date, 0.8 hours old)
2025-07-11 16:20:26,806 - __main__ - INFO - ✅ Skipping حخزر (already up-to-date, 0.8 hours old)
2025-07-11 16:20:26,807 - __main__ - INFO - ✅ Skipping وبانک (already up-to-date, 0.8 hours old)
2025-07-11 16:20:26,807 - __main__ - INFO - ✅ Skipping ملت (already up-to-date, 0.8 hours old)
2025-07-11 16:20:26,808 - __main__ - INFO - ✅ Skipping فسلیر (already up-to-date, 0.8 hours old)
2025-07-11 16:20:26,809 - __main__ - INFO - ✅ Skipping نخریس (already up-to-date, 0.8 hours old)
2025-07-11 16:20:26,809 - __main__ - INFO - ✅ Skipping شرنگی (already up-to-date, 0.8 hours old)
2025-07-11 16:20:26,810 - __main__ - INFO - ✅ Skipping سشرقح (already up-to-date, 0.8 hours old)
2025-07-11 16:20:26,812 - __main__ - INFO - ✅ Skipping ولنوین (already up-to-date, 0.8 hours old)
2025-07-11 16:20:26,814 - __main__ - INFO - ✅ Skipping بموتو (already up-to-date, 0.8 hours old)
2025-07-11 16:20:26,814 - __main__ - INFO - ✅ Skipping پکویرح (already up-to-date, 0.8 hours old)
2025-07-11 16:20:26,815 - __main__ - INFO - ✅ Skipping کساپا (already up-to-date, 0.8 hours old)
2025-07-11 16:20:26,816 - __main__ - INFO - ✅ Skipping خدیزل (already up-to-date, 0.8 hours old)
2025-07-11 16:20:26,817 - __main__ - INFO - ✅ Skipping وسیزد (already up-to-date, 0.8 hours old)
2025-07-11 16:20:26,817 - __main__ - INFO - ✅ Skipping زاگرس (already up-to-date, 0.8 hours old)
2025-07-11 16:20:26,818 - __main__ - INFO - ✅ Skipping سنیر (already up-to-date, 0.8 hours old)
2025-07-11 16:20:26,818 - __main__ - INFO - ✅ Skipping ددانا (already up-to-date, 0.8 hours old)
2025-07-11 16:20:26,819 - __main__ - INFO - ✅ Skipping سیتاح (already up-to-date, 0.8 hours old)
2025-07-11 16:20:26,820 - __main__ - INFO - ✅ Skipping ثبات (already up-to-date, 0.8 hours old)
2025-07-11 16:20:26,820 - __main__ - INFO - ✅ Skipping دفرا (already up-to-date, 0.8 hours old)
2025-07-11 16:20:26,821 - __main__ - INFO - ⏰ File for پرشیا is old (93.1 hours). Attempting to update...
2025-07-11 16:20:27,472 - __main__ - ERROR - ❌ Failed to download پرشیا: single positional indexer is out-of-bounds. Will retry on next run.
2025-07-11 16:20:27,473 - __main__ - INFO - ✅ Skipping شتولی (already up-to-date, 0.8 hours old)
2025-07-11 16:20:27,474 - __main__ - INFO - ✅ Skipping خلنت (already up-to-date, 0.8 hours old)
2025-07-11 16:20:27,474 - __main__ - INFO - ✅ Skipping وجامی (already up-to-date, 0.8 hours old)
2025-07-11 16:20:27,475 - __main__ - INFO - ✅ Skipping دی (already up-to-date, 0.8 hours old)
2025-07-11 16:20:27,475 - __main__ - INFO - ✅ Skipping کپارس (already up-to-date, 0.8 hours old)
2025-07-11 16:20:27,476 - __main__ - INFO - ✅ Skipping ودانا (already up-to-date, 0.8 hours old)
2025-07-11 16:20:27,476 - __main__ - INFO - ✅ Skipping وهنر (already up-to-date, 0.8 hours old)
2025-07-11 16:20:27,477 - __main__ - INFO - ✅ Skipping شیراز (already up-to-date, 0.8 hours old)
2025-07-11 16:20:27,477 - __main__ - INFO - ✅ Skipping حپترو (already up-to-date, 0.8 hours old)
2025-07-11 16:20:27,478 - __main__ - INFO - ✅ Skipping نارین (already up-to-date, 0.8 hours old)
2025-07-11 16:20:27,479 - __main__ - INFO - ✅ Skipping غشاذرح (already up-to-date, 0.8 hours old)
2025-07-11 16:20:27,479 - __main__ - INFO - ✅ Skipping قجامح (already up-to-date, 0.8 hours old)
2025-07-11 16:20:27,480 - __main__ - INFO - ✅ Skipping چنوپا (already up-to-date, 0.8 hours old)
2025-07-11 16:20:27,480 - __main__ - INFO - ✅ Skipping مدیریت (already up-to-date, 0.8 hours old)
2025-07-11 16:20:27,481 - __main__ - INFO - ✅ Skipping بجهرم (already up-to-date, 0.8 hours old)
2025-07-11 16:20:27,482 - __main__ - INFO - ✅ Skipping غیوانح (already up-to-date, 0.8 hours old)
2025-07-11 16:20:27,483 - __main__ - INFO - ⏰ File for مدار is old (93.1 hours). Attempting to update...
2025-07-11 16:20:29,238 - __main__ - ERROR - ❌ Failed to download مدار: single positional indexer is out-of-bounds. Will retry on next run.
2025-07-11 16:20:29,239 - __main__ - INFO - ✅ Skipping وسپهر (already up-to-date, 0.8 hours old)
2025-07-11 16:20:29,239 - __main__ - INFO - ✅ Skipping فایراح (already up-to-date, 0.8 hours old)
2025-07-11 16:20:29,240 - __main__ - INFO - ✅ Skipping تاپکیش (already up-to-date, 0.8 hours old)
2025-07-11 16:20:29,241 - __main__ - INFO - ✅ Skipping حآسا (already up-to-date, 0.7 hours old)
2025-07-11 16:20:29,241 - __main__ - INFO - ✅ Skipping اتکامح (already up-to-date, 0.7 hours old)
2025-07-11 16:20:29,242 - __main__ - INFO - ✅ Skipping شسپا (already up-to-date, 0.7 hours old)
2025-07-11 16:20:29,243 - __main__ - INFO - ✅ Skipping قیستو (already up-to-date, 0.7 hours old)
2025-07-11 16:20:29,243 - __main__ - INFO - ✅ Skipping ولصنم (already up-to-date, 0.7 hours old)
2025-07-11 16:20:29,244 - __main__ - INFO - ⏰ File for کقزویح is old (93.1 hours). Attempting to update...
2025-07-11 16:20:29,956 - __main__ - ERROR - ❌ Failed to download کقزویح: single positional indexer is out-of-bounds. Will retry on next run.
2025-07-11 16:20:29,957 - __main__ - INFO - ✅ Skipping فایرا (already up-to-date, 0.7 hours old)
2025-07-11 16:20:29,968 - __main__ - INFO - ✅ Skipping زر (already up-to-date, 0.7 hours old)
2025-07-11 16:20:29,970 - __main__ - INFO - ✅ Skipping سامان (already up-to-date, 0.7 hours old)
2025-07-11 16:20:29,972 - __main__ - INFO - ✅ Skipping ودی (already up-to-date, 0.7 hours old)
2025-07-11 16:20:29,972 - __main__ - INFO - ✅ Skipping تایرا (already up-to-date, 0.7 hours old)
2025-07-11 16:20:29,973 - __main__ - INFO - ✅ Skipping سخوز (already up-to-date, 0.7 hours old)
2025-07-11 16:20:29,974 - __main__ - INFO - ✅ Skipping وسیلام (already up-to-date, 0.7 hours old)
2025-07-11 16:20:29,974 - __main__ - INFO - ✅ Skipping چکارن (already up-to-date, 0.7 hours old)
2025-07-11 16:20:29,974 - __main__ - INFO - ✅ Skipping قشرینح (already up-to-date, 0.7 hours old)
2025-07-11 16:20:29,975 - __main__ - INFO - ✅ Skipping تپکو (already up-to-date, 0.7 hours old)
2025-07-11 16:20:29,975 - __main__ - INFO - ✅ Skipping کمنگنزح (already up-to-date, 0.7 hours old)
2025-07-11 16:20:29,976 - __main__ - INFO - ✅ Skipping خعمرا (already up-to-date, 0.7 hours old)
2025-07-11 16:20:29,976 - __main__ - INFO - ✅ Skipping فصبا (already up-to-date, 0.7 hours old)
2025-07-11 16:20:29,977 - __main__ - INFO - ✅ Skipping صایند (already up-to-date, 0.7 hours old)
2025-07-11 16:20:29,977 - __main__ - INFO - ✅ Skipping مادیرا (already up-to-date, 0.7 hours old)
2025-07-11 16:20:29,978 - __main__ - INFO - ✅ Skipping اوج (already up-to-date, 0.7 hours old)
2025-07-11 16:20:29,979 - __main__ - INFO - ✅ Skipping شفا (already up-to-date, 0.7 hours old)
2025-07-11 16:20:29,980 - __main__ - INFO - ⏰ File for دیسشپ is old (93.1 hours). Attempting to update...
2025-07-11 16:20:30,673 - __main__ - ERROR - ❌ Failed to download دیسشپ: single positional indexer is out-of-bounds. Will retry on next run.
2025-07-11 16:20:30,674 - __main__ - INFO - ⏰ File for ثملی is old (93.1 hours). Attempting to update...
2025-07-11 16:20:31,435 - __main__ - ERROR - ❌ Failed to download ثملی: single positional indexer is out-of-bounds. Will retry on next run.
2025-07-11 16:20:31,447 - __main__ - INFO - ✅ Skipping وسرمد (already up-to-date, 0.7 hours old)
2025-07-11 16:20:31,447 - __main__ - INFO - ✅ Skipping وملیح (already up-to-date, 0.7 hours old)
2025-07-11 16:20:31,448 - __main__ - INFO - ✅ Skipping هرمز (already up-to-date, 0.7 hours old)
2025-07-11 16:20:31,448 - __main__ - INFO - ✅ Skipping بکابل (already up-to-date, 0.7 hours old)
2025-07-11 16:20:31,449 - __main__ - INFO - ✅ Skipping وتوصا (already up-to-date, 0.7 hours old)
2025-07-11 16:20:31,450 - __main__ - INFO - ✅ Skipping وبوعلیح (already up-to-date, 0.7 hours old)
2025-07-11 16:20:31,451 - __main__ - INFO - ✅ Skipping کنور (already up-to-date, 0.7 hours old)
2025-07-11 16:20:31,452 - __main__ - INFO - ⏰ File for باخترح is old (93.1 hours). Attempting to update...
2025-07-11 16:20:32,520 - __main__ - ERROR - ❌ Failed to download باخترح: single positional indexer is out-of-bounds. Will retry on next run.
2025-07-11 16:20:32,521 - __main__ - INFO - ✅ Skipping کیا (already up-to-date, 0.7 hours old)
2025-07-11 16:20:32,522 - __main__ - INFO - ✅ Skipping دسیناح (already up-to-date, 0.7 hours old)
2025-07-11 16:20:32,522 - __main__ - INFO - ✅ Skipping وسمرکز (already up-to-date, 0.7 hours old)
2025-07-11 16:20:32,523 - __main__ - INFO - ✅ Skipping داسوهح (already up-to-date, 0.7 hours old)
2025-07-11 16:20:32,523 - __main__ - INFO - ✅ Skipping سرود (already up-to-date, 0.7 hours old)
2025-07-11 16:20:32,524 - __main__ - INFO - ✅ Skipping قمرو (already up-to-date, 0.7 hours old)
2025-07-11 16:20:32,524 - __main__ - INFO - ✅ Skipping توسن (already up-to-date, 0.7 hours old)
2025-07-11 16:20:32,525 - __main__ - INFO - ✅ Skipping بموتوح (already up-to-date, 0.7 hours old)
2025-07-11 16:20:32,526 - __main__ - INFO - ✅ Skipping تیپیکوح (already up-to-date, 0.7 hours old)
2025-07-11 16:20:32,526 - __main__ - INFO - ✅ Skipping قنقشح (already up-to-date, 0.7 hours old)
2025-07-11 16:20:32,527 - __main__ - INFO - ✅ Skipping پسهند (already up-to-date, 0.7 hours old)
2025-07-11 16:20:32,528 - __main__ - INFO - ✅ Skipping زبینا (already up-to-date, 0.7 hours old)
2025-07-11 16:20:32,528 - __main__ - INFO - ✅ Skipping وخاور (already up-to-date, 0.7 hours old)
2025-07-11 16:20:32,529 - __main__ - INFO - ⏰ File for پدرخشح is old (93.1 hours). Attempting to update...
2025-07-11 16:20:33,456 - __main__ - ERROR - ❌ Failed to download پدرخشح: single positional indexer is out-of-bounds. Will retry on next run.
2025-07-11 16:20:33,456 - __main__ - INFO - ✅ Skipping کامیاب (already up-to-date, 0.7 hours old)
2025-07-11 16:20:33,457 - __main__ - INFO - ✅ Skipping کچینی (already up-to-date, 0.7 hours old)
2025-07-11 16:20:33,458 - __main__ - INFO - ✅ Skipping غدشت (already up-to-date, 0.7 hours old)
2025-07-11 16:20:33,458 - __main__ - INFO - ✅ Skipping دیوان (already up-to-date, 0.7 hours old)
2025-07-11 16:20:33,459 - __main__ - INFO - ✅ Skipping خاتم (already up-to-date, 0.7 hours old)
2025-07-11 16:20:33,459 - __main__ - INFO - ✅ Skipping توان (already up-to-date, 0.7 hours old)
2025-07-11 16:20:33,460 - __main__ - INFO - ⏰ File for فساز is old (93.1 hours). Attempting to update...
2025-07-11 16:20:34,210 - __main__ - ERROR - ❌ Failed to download فساز: single positional indexer is out-of-bounds. Will retry on next run.
2025-07-11 16:20:34,222 - __main__ - INFO - ✅ Skipping مرقامح (already up-to-date, 0.7 hours old)
2025-07-11 16:20:34,224 - __main__ - INFO - ✅ Skipping زفجر (already up-to-date, 0.7 hours old)
2025-07-11 16:20:34,225 - __main__ - INFO - ✅ Skipping تکمبا (already up-to-date, 0.7 hours old)
2025-07-11 16:20:34,226 - __main__ - INFO - ✅ Skipping ثهام (already up-to-date, 0.7 hours old)
2025-07-11 16:20:34,226 - __main__ - INFO - ✅ Skipping لبخند (already up-to-date, 0.7 hours old)
2025-07-11 16:20:34,226 - __main__ - INFO - ✅ Skipping وسبوشهر (already up-to-date, 0.7 hours old)
2025-07-11 16:20:34,227 - __main__ - INFO - ✅ Skipping شگستر (already up-to-date, 0.7 hours old)
2025-07-11 16:20:34,228 - __main__ - INFO - ✅ Skipping زگلدشت (already up-to-date, 0.7 hours old)
2025-07-11 16:20:34,228 - __main__ - INFO - ✅ Skipping بکام (already up-to-date, 0.7 hours old)
2025-07-11 16:20:34,229 - __main__ - INFO - ✅ Skipping افران (already up-to-date, 0.7 hours old)
2025-07-11 16:20:34,229 - __main__ - INFO - ✅ Skipping عقیق (already up-to-date, 0.7 hours old)
2025-07-11 16:20:34,230 - __main__ - INFO - ✅ Skipping تفیرو (already up-to-date, 0.7 hours old)
2025-07-11 16:20:34,231 - __main__ - INFO - ✅ Skipping پتروما (already up-to-date, 0.7 hours old)
2025-07-11 16:20:34,232 - __main__ - INFO - ✅ Skipping درین (already up-to-date, 0.7 hours old)
2025-07-11 16:20:34,232 - __main__ - INFO - ✅ Skipping پلولهح (already up-to-date, 0.7 hours old)
2025-07-11 16:20:34,233 - __main__ - INFO - ✅ Skipping فراز (already up-to-date, 0.7 hours old)
2025-07-11 16:20:34,235 - __main__ - INFO - ✅ Skipping داناح (already up-to-date, 0.7 hours old)
2025-07-11 16:20:34,236 - __main__ - INFO - ✅ Skipping کگازح (already up-to-date, 0.7 hours old)
2025-07-11 16:20:34,236 - __main__ - INFO - ✅ Skipping لخانه (already up-to-date, 0.7 hours old)
2025-07-11 16:20:34,236 - __main__ - INFO - ✅ Skipping وسزنجان (already up-to-date, 0.7 hours old)
2025-07-11 16:20:34,237 - __main__ - INFO - ✅ Skipping سپاهاح (already up-to-date, 0.7 hours old)
2025-07-11 16:20:34,238 - __main__ - INFO - ✅ Skipping تیام (already up-to-date, 0.7 hours old)
2025-07-11 16:20:34,238 - __main__ - INFO - ✅ Skipping وفردا (already up-to-date, 0.7 hours old)
2025-07-11 16:20:34,239 - __main__ - INFO - ✅ Skipping حکشتی (already up-to-date, 0.7 hours old)
2025-07-11 16:20:34,239 - __main__ - INFO - ✅ Skipping ویستا (already up-to-date, 0.7 hours old)
2025-07-11 16:20:34,240 - __main__ - INFO - ✅ Skipping فرود (already up-to-date, 0.7 hours old)
2025-07-11 16:20:34,241 - __main__ - INFO - ✅ Skipping نیلی (already up-to-date, 0.7 hours old)
2025-07-11 16:20:34,241 - __main__ - INFO - ✅ Skipping تکنوح (already up-to-date, 0.7 hours old)
2025-07-11 16:20:34,241 - __main__ - INFO - ✅ Skipping فملی (already up-to-date, 0.7 hours old)
2025-07-11 16:20:34,242 - __main__ - INFO - ✅ Skipping وشمال (already up-to-date, 0.7 hours old)
2025-07-11 16:20:34,243 - __main__ - INFO - ✅ Skipping ولساپا (already up-to-date, 0.7 hours old)
2025-07-11 16:20:34,243 - __main__ - INFO - ✅ Skipping جهرم (already up-to-date, 0.7 hours old)
2025-07-11 16:20:34,244 - __main__ - INFO - ✅ Skipping غبشهر (already up-to-date, 0.7 hours old)
2025-07-11 16:20:34,244 - __main__ - INFO - ✅ Skipping کرمان (already up-to-date, 0.7 hours old)
2025-07-11 16:20:34,245 - __main__ - INFO - ✅ Skipping خکاوهح (already up-to-date, 0.7 hours old)
2025-07-11 16:20:34,245 - __main__ - INFO - ✅ Skipping غبشهرح (already up-to-date, 0.7 hours old)
2025-07-11 16:20:34,245 - __main__ - INFO - ✅ Skipping وسلرستا (already up-to-date, 0.7 hours old)
2025-07-11 16:20:34,246 - __main__ - INFO - ✅ Skipping ثمین (already up-to-date, 0.7 hours old)
2025-07-11 16:20:34,246 - __main__ - INFO - ✅ Skipping کرویح (already up-to-date, 0.7 hours old)
2025-07-11 16:20:34,247 - __main__ - INFO - ✅ Skipping کسراح (already up-to-date, 0.7 hours old)
2025-07-11 16:20:34,248 - __main__ - INFO - ✅ Skipping غسالمح (already up-to-date, 0.7 hours old)
2025-07-11 16:20:34,248 - __main__ - INFO - ✅ Skipping وسدیدح (already up-to-date, 0.7 hours old)
2025-07-11 16:20:34,249 - __main__ - INFO - ✅ Skipping فسلیرح (already up-to-date, 0.7 hours old)
2025-07-11 16:20:34,250 - __main__ - INFO - ✅ Skipping شتران (already up-to-date, 0.7 hours old)
2025-07-11 16:20:34,250 - __main__ - INFO - ✅ Skipping شپنا (already up-to-date, 0.7 hours old)
2025-07-11 16:20:34,251 - __main__ - INFO - ✅ Skipping وصنعت (already up-to-date, 0.7 hours old)
2025-07-11 16:20:34,252 - __main__ - INFO - ✅ Skipping حرهشا (already up-to-date, 0.7 hours old)
2025-07-11 16:20:34,253 - __main__ - INFO - ✅ Skipping سیتا (already up-to-date, 0.7 hours old)
2025-07-11 16:20:34,254 - __main__ - INFO - ✅ Skipping کپارسح (already up-to-date, 0.7 hours old)
2025-07-11 16:20:34,254 - __main__ - INFO - ✅ Skipping حفارس (already up-to-date, 0.7 hours old)
2025-07-11 16:20:34,255 - __main__ - INFO - ⏰ File for شجی is old (93.1 hours). Attempting to update...
2025-07-11 16:20:34,973 - __main__ - ERROR - ❌ Failed to download شجی: single positional indexer is out-of-bounds. Will retry on next run.
2025-07-11 16:20:34,974 - __main__ - INFO - ⏰ File for برانسفو is old (93.1 hours). Attempting to update...
2025-07-11 16:20:35,664 - __main__ - ERROR - ❌ Failed to download برانسفو: single positional indexer is out-of-bounds. Will retry on next run.
2025-07-11 16:20:35,666 - __main__ - INFO - ✅ Skipping وحکمت (already up-to-date, 0.7 hours old)
2025-07-11 16:20:35,667 - __main__ - INFO - ✅ Skipping شپمچا (already up-to-date, 0.7 hours old)
2025-07-11 16:20:35,667 - __main__ - INFO - ✅ Skipping دسانکوح (already up-to-date, 0.7 hours old)
2025-07-11 16:20:35,668 - __main__ - INFO - ✅ Skipping ولشرق (already up-to-date, 0.7 hours old)
2025-07-11 16:20:35,668 - __main__ - INFO - ✅ Skipping وکغدیر (already up-to-date, 0.7 hours old)
2025-07-11 16:20:35,669 - __main__ - INFO - ✅ Skipping وتوسم (already up-to-date, 0.7 hours old)
2025-07-11 16:20:35,670 - __main__ - INFO - ✅ Skipping قشکر (already up-to-date, 0.7 hours old)
2025-07-11 16:20:35,670 - __main__ - INFO - ⏰ File for تدبیر is old (93.1 hours). Attempting to update...
2025-07-11 16:20:36,369 - __main__ - ERROR - ❌ Failed to download تدبیر: single positional indexer is out-of-bounds. Will retry on next run.
2025-07-11 16:20:36,370 - __main__ - INFO - ✅ Skipping تکیمیا (already up-to-date, 0.7 hours old)
2025-07-11 16:20:36,381 - __main__ - INFO - ✅ Skipping وساختح (already up-to-date, 0.7 hours old)
2025-07-11 16:20:36,382 - __main__ - INFO - ✅ Skipping ارزش مسکن (already up-to-date, 0.7 hours old)
2025-07-11 16:20:36,382 - __main__ - INFO - ✅ Skipping غشاذر (already up-to-date, 0.7 hours old)
2025-07-11 16:20:36,383 - __main__ - INFO - ✅ Skipping دیبا (already up-to-date, 0.7 hours old)
2025-07-11 16:20:36,384 - __main__ - INFO - ✅ Skipping کشرق (already up-to-date, 0.7 hours old)
2025-07-11 16:20:36,384 - __main__ - INFO - ✅ Skipping وملتح (already up-to-date, 0.7 hours old)
2025-07-11 16:20:36,385 - __main__ - INFO - ✅ Skipping حفاری (already up-to-date, 0.7 hours old)
2025-07-11 16:20:36,387 - __main__ - INFO - ✅ Skipping پالایش (already up-to-date, 0.7 hours old)
2025-07-11 16:20:36,388 - __main__ - INFO - ✅ Skipping حآفرین (already up-to-date, 0.7 hours old)
2025-07-11 16:20:36,388 - __main__ - INFO - ✅ Skipping پارس (already up-to-date, 0.7 hours old)
2025-07-11 16:20:36,389 - __main__ - INFO - ✅ Skipping کلوند (already up-to-date, 0.7 hours old)
2025-07-11 16:20:36,390 - __main__ - INFO - ✅ Skipping شخارکح (already up-to-date, 0.7 hours old)
2025-07-11 16:20:36,390 - __main__ - INFO - ✅ Skipping لمخابر (already up-to-date, 0.7 hours old)
2025-07-11 16:20:36,391 - __main__ - INFO - ✅ Skipping سیدکو (already up-to-date, 0.7 hours old)
2025-07-11 16:20:36,391 - __main__ - INFO - ✅ Skipping ثعتما (already up-to-date, 0.7 hours old)
2025-07-11 16:20:36,392 - __main__ - INFO - ✅ Skipping وسکرد (already up-to-date, 0.7 hours old)
2025-07-11 16:20:36,392 - __main__ - INFO - ✅ Skipping پادا (already up-to-date, 0.7 hours old)
2025-07-11 16:20:36,393 - __main__ - INFO - ✅ Skipping کپشیر (already up-to-date, 0.7 hours old)
2025-07-11 16:20:36,394 - __main__ - INFO - ✅ Skipping فاهوازح (already up-to-date, 0.7 hours old)
2025-07-11 16:20:36,394 - __main__ - INFO - ✅ Skipping فروم (already up-to-date, 0.7 hours old)
2025-07-11 16:20:36,395 - __main__ - INFO - ✅ Skipping زیتون (already up-to-date, 0.7 hours old)
2025-07-11 16:20:36,395 - __main__ - INFO - ✅ Skipping ثباغ (already up-to-date, 0.7 hours old)
2025-07-11 16:20:36,396 - __main__ - INFO - ✅ Skipping دحاوی (already up-to-date, 0.7 hours old)
2025-07-11 16:20:36,397 - __main__ - INFO - ✅ Skipping پشاهن (already up-to-date, 0.7 hours old)
2025-07-11 16:20:36,398 - __main__ - INFO - ✅ Skipping سیدکوح (already up-to-date, 0.7 hours old)
2025-07-11 16:20:36,399 - __main__ - INFO - ✅ Skipping گوهران (already up-to-date, 0.7 hours old)
2025-07-11 16:20:36,400 - __main__ - INFO - ✅ Skipping کفپارسح (already up-to-date, 0.7 hours old)
2025-07-11 16:20:36,401 - __main__ - INFO - ✅ Skipping سدشتح (already up-to-date, 0.7 hours old)
2025-07-11 16:20:36,402 - __main__ - INFO - ✅ Skipping سشرق (already up-to-date, 0.7 hours old)
2025-07-11 16:20:36,403 - __main__ - INFO - ✅ Skipping شزنگ (already up-to-date, 0.7 hours old)
2025-07-11 16:20:36,403 - __main__ - INFO - ✅ Skipping دتمادح (already up-to-date, 0.7 hours old)
2025-07-11 16:20:36,404 - __main__ - INFO - ✅ Skipping ساذریح (already up-to-date, 0.7 hours old)
2025-07-11 16:20:36,404 - __main__ - INFO - ✅ Skipping پترولح (already up-to-date, 0.7 hours old)
2025-07-11 16:20:36,405 - __main__ - INFO - ✅ Skipping پارتا (already up-to-date, 0.7 hours old)
2025-07-11 16:20:36,406 - __main__ - INFO - ✅ Skipping ثنوساح (already up-to-date, 0.7 hours old)
2025-07-11 16:20:36,406 - __main__ - INFO - ✅ Skipping سمازن (already up-to-date, 0.7 hours old)
2025-07-11 16:20:36,407 - __main__ - INFO - ✅ Skipping ولپارس (already up-to-date, 0.7 hours old)
2025-07-11 16:20:36,407 - __main__ - INFO - ✅ Skipping کمند (already up-to-date, 0.7 hours old)
2025-07-11 16:20:36,408 - __main__ - INFO - ✅ Skipping ساحل (already up-to-date, 0.7 hours old)
2025-07-11 16:20:36,408 - __main__ - INFO - ✅ Skipping سکرد (already up-to-date, 0.7 hours old)
2025-07-11 16:20:36,409 - __main__ - INFO - ✅ Skipping تابا (already up-to-date, 0.7 hours old)
2025-07-11 16:20:36,409 - __main__ - INFO - ✅ Skipping زفکا (already up-to-date, 0.7 hours old)
2025-07-11 16:20:36,410 - __main__ - INFO - ✅ Skipping ثتران (already up-to-date, 0.7 hours old)
2025-07-11 16:20:36,410 - __main__ - INFO - ✅ Skipping غناب (already up-to-date, 0.7 hours old)
2025-07-11 16:20:36,411 - __main__ - INFO - ✅ Skipping زنجان (already up-to-date, 0.7 hours old)
2025-07-11 16:20:36,411 - __main__ - INFO - ✅ Skipping خکرمان (already up-to-date, 0.7 hours old)
2025-07-11 16:20:36,412 - __main__ - INFO - ⏰ File for سایراح is old (93.1 hours). Attempting to update...
2025-07-11 16:20:37,112 - __main__ - ERROR - ❌ Failed to download سایراح: single positional indexer is out-of-bounds. Will retry on next run.
2025-07-11 16:20:37,112 - __main__ - INFO - ✅ Skipping فملیح (already up-to-date, 0.7 hours old)
2025-07-11 16:20:37,113 - __main__ - INFO - ✅ Skipping غساسا (already up-to-date, 0.7 hours old)
2025-07-11 16:20:37,114 - __main__ - INFO - ✅ Skipping غگرجی (already up-to-date, 0.7 hours old)
2025-07-11 16:20:37,115 - __main__ - INFO - ✅ Skipping آسام (already up-to-date, 0.7 hours old)
2025-07-11 16:20:37,116 - __main__ - INFO - ✅ Skipping وپارسح (already up-to-date, 0.7 hours old)
2025-07-11 16:20:37,116 - __main__ - INFO - ✅ Skipping برلیان (already up-to-date, 0.7 hours old)
2025-07-11 16:20:37,117 - __main__ - INFO - ✅ Skipping فنورد (already up-to-date, 0.7 hours old)
2025-07-11 16:20:37,118 - __main__ - INFO - ✅ Skipping وسنا (already up-to-date, 0.7 hours old)
2025-07-11 16:20:37,118 - __main__ - INFO - ✅ Skipping هوشیار (already up-to-date, 0.7 hours old)
2025-07-11 16:20:37,119 - __main__ - INFO - ✅ Skipping ضمان (already up-to-date, 0.7 hours old)
2025-07-11 16:20:37,119 - __main__ - INFO - ✅ Skipping بازرگام (already up-to-date, 0.7 hours old)
2025-07-11 16:20:37,120 - __main__ - INFO - ✅ Skipping ولتجار (already up-to-date, 0.7 hours old)
2025-07-11 16:20:37,120 - __main__ - INFO - ✅ Skipping لمخابرح (already up-to-date, 0.7 hours old)
2025-07-11 16:20:37,121 - __main__ - INFO - ✅ Skipping کخاکح (already up-to-date, 0.7 hours old)
2025-07-11 16:20:37,123 - __main__ - INFO - ✅ Skipping اتکای (already up-to-date, 0.7 hours old)
2025-07-11 16:20:37,123 - __main__ - INFO - ✅ Skipping تپمپیح (already up-to-date, 0.7 hours old)
2025-07-11 16:20:37,124 - __main__ - INFO - ✅ Skipping غچین (already up-to-date, 0.7 hours old)
2025-07-11 16:20:37,125 - __main__ - INFO - ✅ Skipping سفاسی (already up-to-date, 0.7 hours old)
2025-07-11 16:20:37,125 - __main__ - INFO - ✅ Skipping کسعدی (already up-to-date, 0.7 hours old)
2025-07-11 16:20:37,126 - __main__ - INFO - ⏰ File for غبهپاکح is old (93.1 hours). Attempting to update...
2025-07-11 16:20:37,771 - __main__ - ERROR - ❌ Failed to download غبهپاکح: single positional indexer is out-of-bounds. Will retry on next run.
2025-07-11 16:20:37,772 - __main__ - INFO - ✅ Skipping پاکشو (already up-to-date, 0.7 hours old)
2025-07-11 16:20:37,772 - __main__ - INFO - ✅ Skipping فولاد (already up-to-date, 0.7 hours old)
2025-07-11 16:20:37,773 - __main__ - INFO - ✅ Skipping حامی1401 (already up-to-date, 0.7 hours old)
2025-07-11 16:20:37,774 - __main__ - INFO - ✅ Skipping قلرست (already up-to-date, 0.7 hours old)
2025-07-11 16:20:37,774 - __main__ - INFO - ✅ Skipping آباد (already up-to-date, 0.7 hours old)
2025-07-11 16:20:37,775 - __main__ - INFO - ✅ Skipping ونیکی (already up-to-date, 0.7 hours old)
2025-07-11 16:20:37,776 - __main__ - INFO - ✅ Skipping پاداش (already up-to-date, 0.7 hours old)
2025-07-11 16:20:37,776 - __main__ - INFO - ✅ Skipping شپارسح (already up-to-date, 0.7 hours old)
2025-07-11 16:20:37,776 - __main__ - INFO - ✅ Skipping فسدید (already up-to-date, 0.7 hours old)
2025-07-11 16:20:37,777 - __main__ - INFO - ✅ Skipping دشیمیح (already up-to-date, 0.7 hours old)
2025-07-11 16:20:37,777 - __main__ - INFO - ✅ Skipping سفارسح (already up-to-date, 0.7 hours old)
2025-07-11 16:20:37,778 - __main__ - INFO - ✅ Skipping والبر (already up-to-date, 0.7 hours old)
2025-07-11 16:20:37,779 - __main__ - INFO - ✅ Skipping سدورح (already up-to-date, 0.7 hours old)
2025-07-11 16:20:37,780 - __main__ - INFO - ✅ Skipping دامین (already up-to-date, 0.7 hours old)
2025-07-11 16:20:37,781 - __main__ - INFO - ✅ Skipping ختورح (already up-to-date, 0.7 hours old)
2025-07-11 16:20:37,781 - __main__ - INFO - ✅ Skipping فزر (already up-to-date, 0.7 hours old)
2025-07-11 16:20:37,782 - __main__ - INFO - ✅ Skipping وپسا (already up-to-date, 0.7 hours old)
2025-07-11 16:20:37,784 - __main__ - INFO - ✅ Skipping آگاس (already up-to-date, 0.7 hours old)
2025-07-11 16:20:37,785 - __main__ - INFO - ✅ Skipping وکبهمن (already up-to-date, 0.7 hours old)
2025-07-11 16:20:37,785 - __main__ - INFO - ✅ Skipping شاروم (already up-to-date, 0.7 hours old)
2025-07-11 16:20:37,786 - __main__ - INFO - ✅ Skipping اوان (already up-to-date, 0.7 hours old)
2025-07-11 16:20:37,787 - __main__ - INFO - ✅ Skipping جمح (already up-to-date, 0.7 hours old)
2025-07-11 16:20:37,787 - __main__ - INFO - ✅ Skipping وسخراج (already up-to-date, 0.7 hours old)
2025-07-11 16:20:37,788 - __main__ - INFO - ✅ Skipping فولاژح (already up-to-date, 0.7 hours old)
2025-07-11 16:20:37,788 - __main__ - INFO - ✅ Skipping دقاضی (already up-to-date, 0.7 hours old)
2025-07-11 16:20:37,789 - __main__ - INFO - ✅ Skipping فوکاح (already up-to-date, 0.7 hours old)
2025-07-11 16:20:37,789 - __main__ - INFO - ✅ Skipping آردینه (already up-to-date, 0.7 hours old)
2025-07-11 16:20:37,790 - __main__ - INFO - ✅ Skipping دابورح (already up-to-date, 0.7 hours old)
2025-07-11 16:20:37,790 - __main__ - INFO - ✅ Skipping کهرام (already up-to-date, 0.7 hours old)
2025-07-11 16:20:37,791 - __main__ - INFO - ✅ Skipping وآیند (already up-to-date, 0.7 hours old)
2025-07-11 16:20:37,793 - __main__ - INFO - ⏰ File for وسقزوین is old (93.1 hours). Attempting to update...
2025-07-11 16:20:38,439 - __main__ - ERROR - ❌ Failed to download وسقزوین: single positional indexer is out-of-bounds. Will retry on next run.
2025-07-11 16:20:38,440 - __main__ - INFO - ✅ Skipping وآذر (already up-to-date, 0.7 hours old)
2025-07-11 16:20:38,441 - __main__ - INFO - ✅ Skipping سمایه (already up-to-date, 0.7 hours old)
2025-07-11 16:20:38,442 - __main__ - INFO - ✅ Skipping داروح (already up-to-date, 0.7 hours old)
2025-07-11 16:20:38,442 - __main__ - INFO - ✅ Skipping واتی (already up-to-date, 0.7 hours old)
2025-07-11 16:20:38,443 - __main__ - INFO - ✅ Skipping گنجین (already up-to-date, 0.7 hours old)
2025-07-11 16:20:38,444 - __main__ - INFO - ✅ Skipping پخش (already up-to-date, 0.7 hours old)
2025-07-11 16:20:38,444 - __main__ - INFO - ✅ Skipping مدارانح (already up-to-date, 0.7 hours old)
2025-07-11 16:20:38,444 - __main__ - INFO - ✅ Skipping حفاریح (already up-to-date, 0.7 hours old)
2025-07-11 16:20:38,445 - __main__ - INFO - ✅ Skipping وتوشه (already up-to-date, 0.7 hours old)
2025-07-11 16:20:38,445 - __main__ - INFO - ✅ Skipping فبستم (already up-to-date, 0.7 hours old)
2025-07-11 16:20:38,446 - __main__ - INFO - ✅ Skipping بهپاک (already up-to-date, 0.7 hours old)
2025-07-11 16:20:38,446 - __main__ - INFO - ✅ Skipping آکورد (already up-to-date, 0.7 hours old)
2025-07-11 16:20:38,447 - __main__ - INFO - ✅ Skipping دیرانح (already up-to-date, 0.7 hours old)
2025-07-11 16:20:38,449 - __main__ - INFO - ✅ Skipping کاسپین (already up-to-date, 0.7 hours old)
2025-07-11 16:20:38,450 - __main__ - INFO - ✅ Skipping ثابت اکسیژن (already up-to-date, 0.7 hours old)
2025-07-11 16:20:38,451 - __main__ - INFO - ✅ Skipping لوتوس (already up-to-date, 0.7 hours old)
2025-07-11 16:20:38,451 - __main__ - INFO - ✅ Skipping چفیبرح (already up-to-date, 0.7 hours old)
2025-07-11 16:20:38,452 - __main__ - INFO - ✅ Skipping خپویشح (already up-to-date, 0.7 hours old)
2025-07-11 16:20:38,452 - __main__ - INFO - ✅ Skipping واتیح (already up-to-date, 0.7 hours old)
2025-07-11 16:20:38,453 - __main__ - INFO - ✅ Skipping وآفر (already up-to-date, 0.7 hours old)
2025-07-11 16:20:38,453 - __main__ - INFO - ✅ Skipping وزمین (already up-to-date, 0.7 hours old)
2025-07-11 16:20:38,454 - __main__ - INFO - ✅ Skipping لپیامح (already up-to-date, 0.7 hours old)
2025-07-11 16:20:38,455 - __main__ - INFO - ✅ Skipping آ س پ (already up-to-date, 0.7 hours old)
2025-07-11 16:20:38,455 - __main__ - INFO - ✅ Skipping شپاس (already up-to-date, 0.7 hours old)
2025-07-11 16:20:38,456 - __main__ - INFO - ✅ Skipping سفانوح (already up-to-date, 0.7 hours old)
2025-07-11 16:20:38,456 - __main__ - INFO - ✅ Skipping ثاخت (already up-to-date, 0.7 hours old)
2025-07-11 16:20:38,457 - __main__ - INFO - ✅ Skipping اونیکس (already up-to-date, 0.7 hours old)
2025-07-11 16:20:38,457 - __main__ - INFO - ✅ Skipping سمگا (already up-to-date, 0.7 hours old)
2025-07-11 16:20:38,458 - __main__ - INFO - ⏰ File for قثابتح is old (93.1 hours). Attempting to update...
2025-07-11 16:20:39,152 - __main__ - ERROR - ❌ Failed to download قثابتح: single positional indexer is out-of-bounds. Will retry on next run.
2025-07-11 16:20:39,153 - __main__ - INFO - ✅ Skipping دابور (already up-to-date, 0.7 hours old)
2025-07-11 16:20:39,153 - __main__ - INFO - ✅ Skipping رافزا (already up-to-date, 0.7 hours old)
2025-07-11 16:20:39,153 - __main__ - INFO - ✅ Skipping کترام (already up-to-date, 0.7 hours old)
2025-07-11 16:20:39,154 - __main__ - INFO - ✅ Skipping دالبرح (already up-to-date, 0.7 hours old)
2025-07-11 16:20:39,154 - __main__ - INFO - ✅ Skipping پتایر (already up-to-date, 0.7 hours old)
2025-07-11 16:20:39,155 - __main__ - INFO - ✅ Skipping قستانح (already up-to-date, 0.7 hours old)
2025-07-11 16:20:39,155 - __main__ - INFO - ✅ Skipping فمتالح (already up-to-date, 0.7 hours old)
2025-07-11 16:20:39,156 - __main__ - INFO - ✅ Skipping شکربن (already up-to-date, 0.7 hours old)
2025-07-11 16:20:39,156 - __main__ - INFO - ✅ Skipping شکلر (already up-to-date, 0.7 hours old)
2025-07-11 16:20:39,157 - __main__ - INFO - ⏰ File for فروسح is old (93.1 hours). Attempting to update...
2025-07-11 16:20:39,842 - __main__ - ERROR - ❌ Failed to download فروسح: single positional indexer is out-of-bounds. Will retry on next run.
2025-07-11 16:20:39,843 - __main__ - INFO - ✅ Skipping خلیج (already up-to-date, 0.7 hours old)
2025-07-11 16:20:39,843 - __main__ - INFO - ✅ Skipping کحافظح (already up-to-date, 0.7 hours old)
2025-07-11 16:20:39,844 - __main__ - INFO - ✅ Skipping بکابح (already up-to-date, 0.7 hours old)
2025-07-11 16:20:39,845 - __main__ - INFO - ✅ Skipping وساپا (already up-to-date, 0.7 hours old)
2025-07-11 16:20:39,845 - __main__ - INFO - ✅ Skipping وشهر (already up-to-date, 0.7 hours old)
2025-07-11 16:20:39,845 - __main__ - INFO - ✅ Skipping کرازی (already up-to-date, 0.7 hours old)
2025-07-11 16:20:39,846 - __main__ - INFO - ✅ Skipping دانیک (already up-to-date, 0.7 hours old)
2025-07-11 16:20:39,847 - __main__ - INFO - ✅ Skipping لخزر (already up-to-date, 0.7 hours old)
2025-07-11 16:20:39,847 - __main__ - INFO - ✅ Skipping خزرح (already up-to-date, 0.7 hours old)
2025-07-11 16:20:39,848 - __main__ - INFO - ✅ Skipping عشادگان (already up-to-date, 0.7 hours old)
2025-07-11 16:20:39,849 - __main__ - INFO - ✅ Skipping خکار (already up-to-date, 0.7 hours old)
2025-07-11 16:20:39,849 - __main__ - INFO - ✅ Skipping سخزر (already up-to-date, 0.7 hours old)
2025-07-11 16:20:39,850 - __main__ - INFO - ✅ Skipping شلیا (already up-to-date, 0.7 hours old)
2025-07-11 16:20:39,851 - __main__ - INFO - ✅ Skipping کیان (already up-to-date, 0.7 hours old)
2025-07-11 16:20:39,852 - __main__ - INFO - ✅ Skipping ختراکح (already up-to-date, 0.7 hours old)
2025-07-11 16:20:39,853 - __main__ - INFO - ✅ Skipping وحافظ (already up-to-date, 0.7 hours old)
2025-07-11 16:20:39,854 - __main__ - INFO - ✅ Skipping ما (already up-to-date, 0.7 hours old)
2025-07-11 16:20:39,854 - __main__ - INFO - ✅ Skipping غاذرح (already up-to-date, 0.7 hours old)
2025-07-11 16:20:39,855 - __main__ - INFO - ✅ Skipping شزنگح (already up-to-date, 0.7 hours old)
2025-07-11 16:20:39,856 - __main__ - INFO - ✅ Skipping حتایدح (already up-to-date, 0.7 hours old)
2025-07-11 16:20:39,856 - __main__ - INFO - ✅ Skipping پشاهنح (already up-to-date, 0.7 hours old)
2025-07-11 16:20:39,856 - __main__ - INFO - ✅ Skipping کویرح (already up-to-date, 0.7 hours old)
2025-07-11 16:20:39,857 - __main__ - INFO - ⏰ File for رانفورح is old (93.1 hours). Attempting to update...
2025-07-11 16:20:40,546 - __main__ - ERROR - ❌ Failed to download رانفورح: single positional indexer is out-of-bounds. Will retry on next run.
2025-07-11 16:20:40,547 - __main__ - INFO - ✅ Skipping زکوثر (already up-to-date, 0.6 hours old)
2025-07-11 16:20:40,548 - __main__ - INFO - ✅ Skipping زپارس (already up-to-date, 0.6 hours old)
2025-07-11 16:20:40,548 - __main__ - INFO - ✅ Skipping کالا (already up-to-date, 0.6 hours old)
2025-07-11 16:20:40,549 - __main__ - INFO - ✅ Skipping ثجوان (already up-to-date, 0.6 hours old)
2025-07-11 16:20:40,552 - __main__ - INFO - ⏰ File for قلرستح is old (93.1 hours). Attempting to update...
2025-07-11 16:20:41,250 - __main__ - ERROR - ❌ Failed to download قلرستح: single positional indexer is out-of-bounds. Will retry on next run.
2025-07-11 16:20:41,251 - __main__ - INFO - ✅ Skipping ساذری (already up-to-date, 0.6 hours old)
2025-07-11 16:20:41,251 - __main__ - INFO - ✅ Skipping صنوین (already up-to-date, 0.6 hours old)
2025-07-11 16:20:41,252 - __main__ - INFO - ✅ Skipping غدامح (already up-to-date, 0.6 hours old)
2025-07-11 16:20:41,253 - __main__ - INFO - ✅ Skipping سپ (already up-to-date, 0.6 hours old)
2025-07-11 16:20:41,253 - __main__ - INFO - ✅ Skipping قتربت (already up-to-date, 0.6 hours old)
2025-07-11 16:20:41,254 - __main__ - INFO - ✅ Skipping وآوا (already up-to-date, 0.6 hours old)
2025-07-11 16:20:41,254 - __main__ - INFO - ✅ Skipping فولای (already up-to-date, 0.6 hours old)
2025-07-11 16:20:41,255 - __main__ - INFO - ✅ Skipping وتوسمح (already up-to-date, 0.6 hours old)
2025-07-11 16:20:41,255 - __main__ - INFO - ✅ Skipping لطیف (already up-to-date, 0.6 hours old)
2025-07-11 16:20:41,256 - __main__ - INFO - ✅ Skipping سصفها (already up-to-date, 0.6 hours old)
2025-07-11 16:20:41,257 - __main__ - INFO - ✅ Skipping دلقما (already up-to-date, 0.6 hours old)
2025-07-11 16:20:41,257 - __main__ - INFO - ✅ Skipping انار (already up-to-date, 0.6 hours old)
2025-07-11 16:20:41,258 - __main__ - INFO - ✅ Skipping آلومینا (already up-to-date, 0.6 hours old)
2025-07-11 16:20:41,259 - __main__ - INFO - ⏰ File for پخش اول is old (93.1 hours). Attempting to update...
2025-07-11 16:20:41,918 - __main__ - ERROR - ❌ Failed to download پخش اول: single positional indexer is out-of-bounds. Will retry on next run.
2025-07-11 16:20:41,918 - __main__ - INFO - ✅ Skipping وامین (already up-to-date, 0.6 hours old)
2025-07-11 16:20:41,919 - __main__ - INFO - ✅ Skipping شفارسح (already up-to-date, 0.6 hours old)
2025-07-11 16:20:41,919 - __main__ - INFO - ✅ Skipping غگل (already up-to-date, 0.6 hours old)
2025-07-11 16:20:41,920 - __main__ - INFO - ✅ Skipping ثاختح (already up-to-date, 0.6 hours old)
2025-07-11 16:20:41,920 - __main__ - INFO - ✅ Skipping حتوکاح (already up-to-date, 0.6 hours old)
2025-07-11 16:20:41,921 - __main__ - INFO - ✅ Skipping آسامید (already up-to-date, 0.6 hours old)
2025-07-11 16:20:41,922 - __main__ - INFO - ✅ Skipping سفارس (already up-to-date, 0.6 hours old)
2025-07-11 16:20:41,922 - __main__ - INFO - ✅ Skipping عبهمن (already up-to-date, 0.6 hours old)
2025-07-11 16:20:41,923 - __main__ - INFO - ✅ Skipping فنوال (already up-to-date, 0.6 hours old)
2025-07-11 16:20:41,923 - __main__ - INFO - ✅ Skipping وانصارح (already up-to-date, 0.6 hours old)
2025-07-11 16:20:41,924 - __main__ - INFO - ✅ Skipping وایران (already up-to-date, 0.6 hours old)
2025-07-11 16:20:41,924 - __main__ - INFO - ✅ Skipping فولاژ (already up-to-date, 0.6 hours old)
2025-07-11 16:20:41,925 - __main__ - INFO - ✅ Skipping تکشاح (already up-to-date, 0.6 hours old)
2025-07-11 16:20:41,925 - __main__ - INFO - ✅ Skipping شکفح (already up-to-date, 0.6 hours old)
2025-07-11 16:20:41,926 - __main__ - INFO - ✅ Skipping بکهنوج (already up-to-date, 0.6 hours old)
2025-07-11 16:20:41,926 - __main__ - INFO - ✅ Skipping نهال (already up-to-date, 0.6 hours old)
2025-07-11 16:20:41,926 - __main__ - INFO - ✅ Skipping اعتبار (already up-to-date, 0.6 hours old)
2025-07-11 16:20:41,927 - __main__ - INFO - ✅ Skipping ومعادن (already up-to-date, 0.6 hours old)
2025-07-11 16:20:41,927 - __main__ - INFO - ✅ Skipping گکوثر (already up-to-date, 0.6 hours old)
2025-07-11 16:20:41,927 - __main__ - INFO - ✅ Skipping شاراک (already up-to-date, 0.6 hours old)
2025-07-11 16:20:41,928 - __main__ - INFO - ✅ Skipping ارمغان (already up-to-date, 0.6 hours old)
2025-07-11 16:20:41,928 - __main__ - INFO - ⏰ File for شسیناح is old (93.1 hours). Attempting to update...
2025-07-11 16:20:42,575 - __main__ - ERROR - ❌ Failed to download شسیناح: single positional indexer is out-of-bounds. Will retry on next run.
2025-07-11 16:20:42,575 - __main__ - INFO - ✅ Skipping اپال (already up-to-date, 0.6 hours old)
2025-07-11 16:20:42,576 - __main__ - INFO - ✅ Skipping کایتا (already up-to-date, 0.6 hours old)
2025-07-11 16:20:42,576 - __main__ - INFO - ✅ Skipping نمرینو (already up-to-date, 0.6 hours old)
2025-07-11 16:20:42,577 - __main__ - INFO - ✅ Skipping تپمپی (already up-to-date, 0.6 hours old)
2025-07-11 16:20:42,578 - __main__ - INFO - ✅ Skipping فلامی (already up-to-date, 0.6 hours old)
2025-07-11 16:20:42,578 - __main__ - INFO - ✅ Skipping فسربح (already up-to-date, 0.6 hours old)
2025-07-11 16:20:42,579 - __main__ - INFO - ✅ Skipping اتکاسا (already up-to-date, 0.6 hours old)
2025-07-11 16:20:42,579 - __main__ - INFO - ✅ Skipping قنقش (already up-to-date, 0.6 hours old)
2025-07-11 16:20:42,580 - __main__ - INFO - ✅ Skipping گدنا (already up-to-date, 0.6 hours old)
2025-07-11 16:20:42,580 - __main__ - INFO - ✅ Skipping پلاسکح (already up-to-date, 0.6 hours old)
2025-07-11 16:20:42,581 - __main__ - INFO - ✅ Skipping ناما (already up-to-date, 0.6 hours old)
2025-07-11 16:20:42,581 - __main__ - INFO - ✅ Skipping فجهان (already up-to-date, 0.6 hours old)
2025-07-11 16:20:42,582 - __main__ - INFO - ✅ Skipping تکنو (already up-to-date, 0.6 hours old)
2025-07-11 16:20:42,588 - __main__ - INFO - ✅ Skipping پلاستح (already up-to-date, 0.6 hours old)
2025-07-11 16:20:42,590 - __main__ - INFO - ✅ Skipping کاماح (already up-to-date, 0.6 hours old)
2025-07-11 16:20:42,590 - __main__ - INFO - ✅ Skipping فپارس (already up-to-date, 0.6 hours old)
2025-07-11 16:20:42,591 - __main__ - INFO - ✅ Skipping شپارس (already up-to-date, 0.6 hours old)
2025-07-11 16:20:42,591 - __main__ - INFO - ✅ Skipping تاپیکوح (already up-to-date, 0.6 hours old)
2025-07-11 16:20:42,592 - __main__ - INFO - ✅ Skipping سغرب (already up-to-date, 0.6 hours old)
2025-07-11 16:20:42,592 - __main__ - INFO - ✅ Skipping وبملت (already up-to-date, 0.6 hours old)
2025-07-11 16:20:42,593 - __main__ - INFO - ✅ Skipping ذوب (already up-to-date, 0.6 hours old)
2025-07-11 16:20:42,594 - __main__ - INFO - ⏰ File for سصفهاح is old (93.1 hours). Attempting to update...
2025-07-11 16:20:43,251 - __main__ - ERROR - ❌ Failed to download سصفهاح: single positional indexer is out-of-bounds. Will retry on next run.
2025-07-11 16:20:43,252 - __main__ - INFO - ✅ Skipping ثشاهدح (already up-to-date, 0.6 hours old)
2025-07-11 16:20:43,253 - __main__ - INFO - ✅ Skipping ولیزح (already up-to-date, 0.6 hours old)
2025-07-11 16:20:43,254 - __main__ - INFO - ✅ Skipping گارانتی (already up-to-date, 0.6 hours old)
2025-07-11 16:20:43,254 - __main__ - INFO - ✅ Skipping یارا (already up-to-date, 0.6 hours old)
2025-07-11 16:20:43,255 - __main__ - INFO - ✅ Skipping ساربیل (already up-to-date, 0.6 hours old)
2025-07-11 16:20:43,255 - __main__ - INFO - ⏰ File for شوشح is old (93.1 hours). Attempting to update...
2025-07-11 16:20:44,003 - __main__ - ERROR - ❌ Failed to download شوشح: single positional indexer is out-of-bounds. Will retry on next run.
2025-07-11 16:20:44,004 - __main__ - INFO - ✅ Skipping کنیلو (already up-to-date, 0.6 hours old)
2025-07-11 16:20:44,005 - __main__ - INFO - ✅ Skipping وآردل (already up-to-date, 0.6 hours old)
2025-07-11 16:20:44,005 - __main__ - INFO - ✅ Skipping وآرین (already up-to-date, 0.6 hours old)
2025-07-11 16:20:44,006 - __main__ - INFO - ✅ Skipping حتوکا (already up-to-date, 0.6 hours old)
2025-07-11 16:20:44,007 - __main__ - INFO - ✅ Skipping ونیرو (already up-to-date, 0.6 hours old)
2025-07-11 16:20:44,007 - __main__ - INFO - ✅ Skipping رابین (already up-to-date, 0.6 hours old)
2025-07-11 16:20:44,008 - __main__ - INFO - ✅ Skipping تپکوح (already up-to-date, 0.6 hours old)
2025-07-11 16:20:44,009 - __main__ - INFO - ✅ Skipping آرام (already up-to-date, 0.6 hours old)
2025-07-11 16:20:44,009 - __main__ - INFO - ✅ Skipping بشهابح (already up-to-date, 0.6 hours old)
2025-07-11 16:20:44,010 - __main__ - INFO - ✅ Skipping شپمچاح (already up-to-date, 0.6 hours old)
2025-07-11 16:20:44,010 - __main__ - INFO - ✅ Skipping فسا (already up-to-date, 0.6 hours old)
2025-07-11 16:20:44,011 - __main__ - INFO - ✅ Skipping غمهراح (already up-to-date, 0.6 hours old)
2025-07-11 16:20:44,011 - __main__ - INFO - ✅ Skipping سبهان (already up-to-date, 0.6 hours old)
2025-07-11 16:20:44,012 - __main__ - INFO - ✅ Skipping سپیدار (already up-to-date, 0.6 hours old)
2025-07-11 16:20:44,014 - __main__ - INFO - ✅ Skipping وانصار (already up-to-date, 0.6 hours old)
2025-07-11 16:20:44,015 - __main__ - INFO - ✅ Skipping قچار (already up-to-date, 0.6 hours old)
2025-07-11 16:20:44,015 - __main__ - INFO - ⏰ File for زرنام is old (93.1 hours). Attempting to update...
2025-07-11 16:20:44,658 - __main__ - ERROR - ❌ Failed to download زرنام: single positional indexer is out-of-bounds. Will retry on next run.
2025-07-11 16:20:44,659 - __main__ - INFO - ✅ Skipping رمپناح (already up-to-date, 0.6 hours old)
2025-07-11 16:20:44,660 - __main__ - INFO - ✅ Skipping تنوینح (already up-to-date, 0.6 hours old)
2025-07-11 16:20:44,660 - __main__ - INFO - ✅ Skipping دکیمیح (already up-to-date, 0.6 hours old)
2025-07-11 16:20:44,661 - __main__ - INFO - ✅ Skipping ونیروح (already up-to-date, 0.6 hours old)
2025-07-11 16:20:44,661 - __main__ - INFO - ✅ Skipping سترانح (already up-to-date, 0.6 hours old)
2025-07-11 16:20:44,662 - __main__ - INFO - ✅ Skipping فسازانح (already up-to-date, 0.6 hours old)
2025-07-11 16:20:44,662 - __main__ - INFO - ✅ Skipping دلر (already up-to-date, 0.6 hours old)
2025-07-11 16:20:44,663 - __main__ - INFO - ✅ Skipping وتوصاح (already up-to-date, 0.6 hours old)
2025-07-11 16:20:44,663 - __main__ - INFO - ✅ Skipping قپارس (already up-to-date, 0.6 hours old)
2025-07-11 16:20:44,663 - __main__ - INFO - ✅ Skipping بفجر (already up-to-date, 0.6 hours old)
2025-07-11 16:20:44,664 - __main__ - INFO - ⏰ File for شموادح is old (93.1 hours). Attempting to update...
2025-07-11 16:20:45,345 - __main__ - ERROR - ❌ Failed to download شموادح: single positional indexer is out-of-bounds. Will retry on next run.
2025-07-11 16:20:45,345 - __main__ - INFO - ✅ Skipping وسدید (already up-to-date, 0.6 hours old)
2025-07-11 16:20:45,346 - __main__ - INFO - ✅ Skipping وساخت (already up-to-date, 0.6 hours old)
2025-07-11 16:20:45,346 - __main__ - INFO - ✅ Skipping کزغال (already up-to-date, 0.6 hours old)
2025-07-11 16:20:45,347 - __main__ - INFO - ✅ Skipping تکنار (already up-to-date, 0.6 hours old)
2025-07-11 16:20:45,347 - __main__ - INFO - ⏰ File for چافستح is old (93.1 hours). Attempting to update...
2025-07-11 16:20:46,241 - __main__ - ERROR - ❌ Failed to download چافستح: single positional indexer is out-of-bounds. Will retry on next run.
2025-07-11 16:20:46,242 - __main__ - INFO - ⏰ File for وسمحال is old (93.1 hours). Attempting to update...
2025-07-11 16:20:46,916 - __main__ - ERROR - ❌ Failed to download وسمحال: single positional indexer is out-of-bounds. Will retry on next run.
2025-07-11 16:20:46,917 - __main__ - INFO - ✅ Skipping شمواد (already up-to-date, 0.6 hours old)
2025-07-11 16:20:46,917 - __main__ - INFO - ✅ Skipping فاسمین (already up-to-date, 0.6 hours old)
2025-07-11 16:20:46,918 - __main__ - INFO - ✅ Skipping پسهندح (already up-to-date, 0.6 hours old)
2025-07-11 16:20:46,919 - __main__ - INFO - ✅ Skipping هم وزن (already up-to-date, 0.6 hours old)
2025-07-11 16:20:46,919 - __main__ - INFO - ✅ Skipping آکنتورح (already up-to-date, 0.6 hours old)
2025-07-11 16:20:46,920 - __main__ - INFO - ✅ Skipping سپهر (already up-to-date, 0.6 hours old)
2025-07-11 16:20:46,920 - __main__ - INFO - ✅ Skipping خفنر (already up-to-date, 0.6 hours old)
2025-07-11 16:20:46,921 - __main__ - INFO - ✅ Skipping فجام (already up-to-date, 0.6 hours old)
2025-07-11 16:20:46,922 - __main__ - INFO - ✅ Skipping کایتاح (already up-to-date, 0.6 hours old)
2025-07-11 16:20:46,922 - __main__ - INFO - ✅ Skipping کرماشاح (already up-to-date, 0.6 hours old)
2025-07-11 16:20:46,923 - __main__ - INFO - ✅ Skipping غکورش (already up-to-date, 0.6 hours old)
2025-07-11 16:20:46,924 - __main__ - INFO - ✅ Skipping پرداخت (already up-to-date, 0.6 hours old)
2025-07-11 16:20:46,925 - __main__ - INFO - ✅ Skipping داوه (already up-to-date, 0.6 hours old)
2025-07-11 16:20:46,926 - __main__ - INFO - ✅ Skipping ساروم (already up-to-date, 0.6 hours old)
2025-07-11 16:20:46,927 - __main__ - INFO - ✅ Skipping رتکوح (already up-to-date, 0.6 hours old)
2025-07-11 16:20:46,928 - __main__ - INFO - ✅ Skipping مبین (already up-to-date, 0.6 hours old)
2025-07-11 16:20:46,929 - __main__ - INFO - ✅ Skipping ماهور (already up-to-date, 0.6 hours old)
2025-07-11 16:20:46,930 - __main__ - INFO - ✅ Skipping تاپیکو (already up-to-date, 0.6 hours old)
2025-07-11 16:20:46,930 - __main__ - INFO - ✅ Skipping فاسمینح (already up-to-date, 0.6 hours old)
2025-07-11 16:20:46,931 - __main__ - INFO - ✅ Skipping دپارس (already up-to-date, 0.6 hours old)
2025-07-11 16:20:46,931 - __main__ - INFO - ✅ Skipping ومعلم (already up-to-date, 0.6 hours old)
2025-07-11 16:20:46,932 - __main__ - INFO - ✅ Skipping شپدیسح (already up-to-date, 0.6 hours old)
2025-07-11 16:20:46,932 - __main__ - INFO - ✅ Skipping برکت (already up-to-date, 0.6 hours old)
2025-07-11 16:20:46,933 - __main__ - INFO - ✅ Skipping بنو (already up-to-date, 0.6 hours old)
2025-07-11 16:20:46,933 - __main__ - INFO - ✅ Skipping بایکاح (already up-to-date, 0.6 hours old)
2025-07-11 16:20:46,934 - __main__ - INFO - ✅ Skipping شپاکساح (already up-to-date, 0.6 hours old)
2025-07-11 16:20:46,937 - __main__ - INFO - ⏰ File for تمدن is old (93.1 hours). Attempting to update...
2025-07-11 16:20:47,797 - __main__ - ERROR - ❌ Failed to download تمدن: single positional indexer is out-of-bounds. Will retry on next run.
2025-07-11 16:20:47,798 - __main__ - INFO - ✅ Skipping غنیلی (already up-to-date, 0.6 hours old)
2025-07-11 16:20:47,799 - __main__ - INFO - ✅ Skipping سیسکو (already up-to-date, 0.6 hours old)
2025-07-11 16:20:47,799 - __main__ - INFO - ✅ Skipping دانا (already up-to-date, 0.6 hours old)
2025-07-11 16:20:47,800 - __main__ - INFO - ✅ Skipping آفاق (already up-to-date, 0.6 hours old)
2025-07-11 16:20:47,800 - __main__ - INFO - ✅ Skipping وبرق (already up-to-date, 0.6 hours old)
2025-07-11 16:20:47,801 - __main__ - INFO - ✅ Skipping تملت (already up-to-date, 0.6 hours old)
2025-07-11 16:20:47,802 - __main__ - INFO - ✅ Skipping پلوله (already up-to-date, 0.6 hours old)
2025-07-11 16:20:47,802 - __main__ - INFO - ✅ Skipping شساختح (already up-to-date, 0.6 hours old)
2025-07-11 16:20:47,803 - __main__ - INFO - ✅ Skipping بپیوند (already up-to-date, 0.6 hours old)
2025-07-11 16:20:47,804 - __main__ - INFO - ✅ Skipping خگستر (already up-to-date, 0.6 hours old)
2025-07-11 16:20:47,804 - __main__ - INFO - ✅ Skipping سپید (already up-to-date, 0.6 hours old)
2025-07-11 16:20:47,805 - __main__ - INFO - ✅ Skipping غصینو (already up-to-date, 0.6 hours old)
2025-07-11 16:20:47,806 - __main__ - INFO - ✅ Skipping کگلح (already up-to-date, 0.6 hours old)
2025-07-11 16:20:47,807 - __main__ - INFO - ✅ Skipping وآذرح (already up-to-date, 0.6 hours old)
2025-07-11 16:20:47,808 - __main__ - INFO - ✅ Skipping واعتبار (already up-to-date, 0.6 hours old)
2025-07-11 16:20:47,809 - __main__ - INFO - ✅ Skipping واحصا (already up-to-date, 0.6 hours old)
2025-07-11 16:20:47,810 - __main__ - INFO - ✅ Skipping آلا (already up-to-date, 0.6 hours old)
2025-07-11 16:20:47,810 - __main__ - INFO - ✅ Skipping سهگمت (already up-to-date, 0.6 hours old)
2025-07-11 16:20:47,811 - __main__ - INFO - ✅ Skipping والبرح (already up-to-date, 0.6 hours old)
2025-07-11 16:20:47,811 - __main__ - INFO - ✅ Skipping بگیلان (already up-to-date, 0.6 hours old)
2025-07-11 16:20:47,812 - __main__ - INFO - ✅ Skipping کسرام (already up-to-date, 0.6 hours old)
2025-07-11 16:20:47,812 - __main__ - INFO - ✅ Skipping فلات (already up-to-date, 0.6 hours old)
2025-07-11 16:20:47,813 - __main__ - INFO - ✅ Skipping پیروز (already up-to-date, 0.6 hours old)
2025-07-11 16:20:47,813 - __main__ - INFO - ✅ Skipping غنوش (already up-to-date, 0.6 hours old)
2025-07-11 16:20:47,814 - __main__ - INFO - ✅ Skipping تپسی (already up-to-date, 0.6 hours old)
2025-07-11 16:20:47,814 - __main__ - INFO - ✅ Skipping خزامیاح (already up-to-date, 0.6 hours old)
2025-07-11 16:20:47,815 - __main__ - INFO - ✅ Skipping رانفور (already up-to-date, 0.6 hours old)
2025-07-11 16:20:47,815 - __main__ - INFO - ✅ Skipping وسگیلا (already up-to-date, 0.6 hours old)
2025-07-11 16:20:47,816 - __main__ - INFO - ✅ Skipping لسرما (already up-to-date, 0.6 hours old)
2025-07-11 16:20:47,816 - __main__ - INFO - ✅ Skipping سیلامح (already up-to-date, 0.6 hours old)
2025-07-11 16:20:47,817 - __main__ - INFO - ✅ Skipping غمهرا (already up-to-date, 0.6 hours old)
2025-07-11 16:20:47,818 - __main__ - INFO - ✅ Skipping نفیس (already up-to-date, 0.6 hours old)
2025-07-11 16:20:47,819 - __main__ - INFO - ✅ Skipping فن آوا (already up-to-date, 0.6 hours old)
2025-07-11 16:20:47,820 - __main__ - INFO - ✅ Skipping مبینح (already up-to-date, 0.6 hours old)
2025-07-11 16:20:47,821 - __main__ - INFO - ✅ Skipping متال (already up-to-date, 0.6 hours old)
2025-07-11 16:20:47,823 - __main__ - INFO - ✅ Skipping ترمه (already up-to-date, 0.6 hours old)
2025-07-11 16:20:47,824 - __main__ - INFO - ✅ Skipping خکمکح (already up-to-date, 0.6 hours old)
2025-07-11 16:20:47,824 - __main__ - INFO - ✅ Skipping آسیا (already up-to-date, 0.6 hours old)
2025-07-11 16:20:47,824 - __main__ - INFO - ✅ Skipping کنیلوح (already up-to-date, 0.6 hours old)
2025-07-11 16:20:47,825 - __main__ - INFO - ✅ Skipping کصدف (already up-to-date, 0.6 hours old)
2025-07-11 16:20:47,825 - __main__ - INFO - ✅ Skipping فلامیح (already up-to-date, 0.6 hours old)
2025-07-11 16:20:47,826 - __main__ - INFO - ✅ Skipping لپویاح (already up-to-date, 0.6 hours old)
2025-07-11 16:20:47,826 - __main__ - INFO - ✅ Skipping ثامید (already up-to-date, 0.6 hours old)
2025-07-11 16:20:47,826 - __main__ - INFO - ✅ Skipping کفرآور (already up-to-date, 0.6 hours old)
2025-07-11 16:20:47,827 - __main__ - INFO - ✅ Skipping چکاوهح (already up-to-date, 0.6 hours old)
2025-07-11 16:20:47,827 - __main__ - INFO - ✅ Skipping زدشت (already up-to-date, 0.6 hours old)
2025-07-11 16:20:47,828 - __main__ - INFO - ✅ Skipping ثروتم (already up-to-date, 0.6 hours old)
2025-07-11 16:20:47,828 - __main__ - INFO - ✅ Skipping نوری (already up-to-date, 0.6 hours old)
2025-07-11 16:20:47,829 - __main__ - INFO - ✅ Skipping خمهر (already up-to-date, 0.6 hours old)
2025-07-11 16:20:47,830 - __main__ - INFO - ✅ Skipping شگویا (already up-to-date, 0.6 hours old)
2025-07-11 16:20:47,830 - __main__ - INFO - ✅ Skipping امین (already up-to-date, 0.6 hours old)
2025-07-11 16:20:47,830 - __main__ - INFO - ✅ Skipping پارسانح (already up-to-date, 0.6 hours old)
2025-07-11 16:20:47,831 - __main__ - INFO - ✅ Skipping شاوان (already up-to-date, 0.6 hours old)
2025-07-11 16:20:47,832 - __main__ - INFO - ✅ Skipping کیمیا (already up-to-date, 0.6 hours old)
2025-07-11 16:20:47,832 - __main__ - INFO - ✅ Skipping وامیدح (already up-to-date, 0.6 hours old)
2025-07-11 16:20:47,833 - __main__ - INFO - ✅ Skipping وتعاون (already up-to-date, 0.6 hours old)
2025-07-11 16:20:47,833 - __main__ - INFO - ✅ Skipping آبین (already up-to-date, 0.6 hours old)
2025-07-11 16:20:47,834 - __main__ - INFO - ✅ Skipping فروسیل (already up-to-date, 0.6 hours old)
2025-07-11 16:20:47,834 - __main__ - INFO - ✅ Skipping بمیلا (already up-to-date, 0.6 hours old)
2025-07-11 16:20:47,835 - __main__ - INFO - ✅ Skipping دکوثرح (already up-to-date, 0.6 hours old)
2025-07-11 16:20:47,836 - __main__ - INFO - ✅ Skipping سهگمتح (already up-to-date, 0.6 hours old)
2025-07-11 16:20:47,837 - __main__ - INFO - ✅ Skipping ومعادنح (already up-to-date, 0.6 hours old)
2025-07-11 16:20:47,838 - __main__ - INFO - ✅ Skipping مانی (already up-to-date, 0.6 hours old)
2025-07-11 16:20:47,839 - __main__ - INFO - ✅ Skipping خچرخش (already up-to-date, 0.6 hours old)
2025-07-11 16:20:47,840 - __main__ - INFO - ✅ Skipping شبریزح (already up-to-date, 0.6 hours old)
2025-07-11 16:20:47,841 - __main__ - INFO - ✅ Skipping شپتروح (already up-to-date, 0.6 hours old)
2025-07-11 16:20:47,842 - __main__ - INFO - ✅ Skipping کرماشا (already up-to-date, 0.6 hours old)
2025-07-11 16:20:47,842 - __main__ - INFO - ✅ Skipping فخوز (already up-to-date, 0.6 hours old)
2025-07-11 16:20:47,843 - __main__ - INFO - ✅ Skipping قشهد (already up-to-date, 0.6 hours old)
2025-07-11 16:20:47,844 - __main__ - INFO - ✅ Skipping قصفها (already up-to-date, 0.6 hours old)
2025-07-11 16:20:47,844 - __main__ - INFO - ✅ Skipping ختراک (already up-to-date, 0.6 hours old)
2025-07-11 16:20:47,845 - __main__ - INFO - ✅ Skipping خریختح (already up-to-date, 0.6 hours old)
2025-07-11 16:20:47,845 - __main__ - INFO - ✅ Skipping سپر (already up-to-date, 0.6 hours old)
2025-07-11 16:20:47,846 - __main__ - INFO - ✅ Skipping پارسان (already up-to-date, 0.6 hours old)
2025-07-11 16:20:47,846 - __main__ - INFO - ✅ Skipping تداوم (already up-to-date, 0.6 hours old)
2025-07-11 16:20:47,847 - __main__ - INFO - ⏰ File for نماد is old (93.1 hours). Attempting to update...
2025-07-11 16:20:48,479 - __main__ - ERROR - ❌ Failed to download نماد: single positional indexer is out-of-bounds. Will retry on next run.
2025-07-11 16:20:48,479 - __main__ - INFO - ✅ Skipping کماسهح (already up-to-date, 0.6 hours old)
2025-07-11 16:20:48,480 - __main__ - INFO - ✅ Skipping فاخر (already up-to-date, 0.6 hours old)
2025-07-11 16:20:48,480 - __main__ - INFO - ✅ Skipping قشکرح (already up-to-date, 0.6 hours old)
2025-07-11 16:20:48,481 - __main__ - INFO - ✅ Skipping کمرجان (already up-to-date, 0.6 hours old)
2025-07-11 16:20:48,482 - __main__ - INFO - ✅ Skipping شنفتح (already up-to-date, 0.6 hours old)
2025-07-11 16:20:48,482 - __main__ - INFO - ✅ Skipping غبهار (already up-to-date, 0.6 hours old)
2025-07-11 16:20:48,483 - __main__ - INFO - ✅ Skipping فسدیدح (already up-to-date, 0.6 hours old)
2025-07-11 16:20:48,483 - __main__ - INFO - ✅ Skipping زرین (already up-to-date, 0.6 hours old)
2025-07-11 16:20:48,484 - __main__ - INFO - ✅ Skipping سارومح (already up-to-date, 0.6 hours old)
2025-07-11 16:20:48,485 - __main__ - INFO - ✅ Skipping بورس (already up-to-date, 0.6 hours old)
2025-07-11 16:20:48,485 - __main__ - INFO - ✅ Skipping غپاکح (already up-to-date, 0.6 hours old)
2025-07-11 16:20:48,486 - __main__ - INFO - ✅ Skipping دسانکو (already up-to-date, 0.6 hours old)
2025-07-11 16:20:48,486 - __main__ - INFO - ✅ Skipping آساس (already up-to-date, 0.6 hours old)
2025-07-11 16:20:48,487 - __main__ - INFO - ✅ Skipping وگستر (already up-to-date, 0.6 hours old)
2025-07-11 16:20:48,488 - __main__ - INFO - ✅ Skipping جوین (already up-to-date, 0.6 hours old)
2025-07-11 16:20:48,489 - __main__ - INFO - ⏰ File for اکتیو is old (93.1 hours). Attempting to update...
2025-07-11 16:20:49,130 - __main__ - ERROR - ❌ Failed to download اکتیو: single positional indexer is out-of-bounds. Will retry on next run.
2025-07-11 16:20:49,138 - __main__ - INFO - ✅ Skipping انرژی2 (already up-to-date, 0.6 hours old)
2025-07-11 16:20:49,138 - __main__ - INFO - ✅ Skipping شبندر (already up-to-date, 0.6 hours old)
2025-07-11 16:20:49,139 - __main__ - INFO - ✅ Skipping حسیر (already up-to-date, 0.6 hours old)
2025-07-11 16:20:49,140 - __main__ - INFO - ✅ Skipping کاوهح (already up-to-date, 0.6 hours old)
2025-07-11 16:20:49,140 - __main__ - INFO - ✅ Skipping ساوه (already up-to-date, 0.6 hours old)
2025-07-11 16:20:49,141 - __main__ - INFO - ✅ Skipping زکشت (already up-to-date, 0.6 hours old)
2025-07-11 16:20:49,143 - __main__ - INFO - ✅ Skipping بالبر (already up-to-date, 0.6 hours old)
2025-07-11 16:20:49,145 - __main__ - INFO - ✅ Skipping شوینده (already up-to-date, 0.6 hours old)
2025-07-11 16:20:49,146 - __main__ - INFO - ⏰ File for لبهمنح is old (93.1 hours). Attempting to update...
2025-07-11 16:20:49,796 - __main__ - ERROR - ❌ Failed to download لبهمنح: single positional indexer is out-of-bounds. Will retry on next run.
2025-07-11 16:20:49,797 - __main__ - INFO - ✅ Skipping دعبیدح (already up-to-date, 0.6 hours old)
2025-07-11 16:20:49,797 - __main__ - INFO - ✅ Skipping سخند (already up-to-date, 0.6 hours old)
2025-07-11 16:20:49,798 - __main__ - INFO - ✅ Skipping دکپسول (already up-to-date, 0.6 hours old)
2025-07-11 16:20:49,799 - __main__ - INFO - ✅ Skipping دریا (already up-to-date, 0.6 hours old)
2025-07-11 16:20:49,799 - __main__ - INFO - ✅ Skipping زقیام (already up-to-date, 0.6 hours old)
2025-07-11 16:20:49,799 - __main__ - INFO - ✅ Skipping ساراب (already up-to-date, 0.6 hours old)
2025-07-11 16:20:49,800 - __main__ - INFO - ✅ Skipping قهکمت (already up-to-date, 0.6 hours old)
2025-07-11 16:20:49,801 - __main__ - INFO - ✅ Skipping همای (already up-to-date, 0.6 hours old)
2025-07-11 16:20:49,801 - __main__ - INFO - ✅ Skipping مداران (already up-to-date, 0.6 hours old)
2025-07-11 16:20:49,802 - __main__ - INFO - ✅ Skipping آریان (already up-to-date, 0.6 hours old)
2025-07-11 16:20:49,803 - __main__ - INFO - ✅ Skipping سیلام (already up-to-date, 0.6 hours old)
2025-07-11 16:20:49,803 - __main__ - INFO - ⏰ File for سینا is old (93.1 hours). Attempting to update...
2025-07-11 16:20:50,470 - __main__ - ERROR - ❌ Failed to download سینا: single positional indexer is out-of-bounds. Will retry on next run.
2025-07-11 16:20:50,471 - __main__ - INFO - ✅ Skipping وساپاح (already up-to-date, 0.6 hours old)
2025-07-11 16:20:50,472 - __main__ - INFO - ✅ Skipping اعتماد (already up-to-date, 0.6 hours old)
2025-07-11 16:20:50,472 - __main__ - INFO - ✅ Skipping سغدیر (already up-to-date, 0.6 hours old)
2025-07-11 16:20:50,473 - __main__ - INFO - ✅ Skipping لپارس (already up-to-date, 0.6 hours old)
2025-07-11 16:20:50,473 - __main__ - INFO - ✅ Skipping خاور (already up-to-date, 0.6 hours old)
2025-07-11 16:20:50,474 - __main__ - INFO - ✅ Skipping غدشتح (already up-to-date, 0.6 hours old)
2025-07-11 16:20:50,474 - __main__ - INFO - ✅ Skipping پترول (already up-to-date, 0.6 hours old)
2025-07-11 16:20:50,475 - __main__ - INFO - ✅ Skipping تاراز (already up-to-date, 0.6 hours old)
2025-07-11 16:20:50,475 - __main__ - INFO - ✅ Skipping خشرق (already up-to-date, 0.6 hours old)
2025-07-11 16:20:50,475 - __main__ - INFO - ✅ Skipping کهمداح (already up-to-date, 0.6 hours old)
2025-07-11 16:20:50,476 - __main__ - INFO - ✅ Skipping رماس (already up-to-date, 0.6 hours old)
2025-07-11 16:20:50,477 - __main__ - INFO - ✅ Skipping تکاردان (already up-to-date, 0.6 hours old)
2025-07-11 16:20:50,477 - __main__ - INFO - ✅ Skipping جواهر (already up-to-date, 0.6 hours old)
2025-07-11 16:20:50,478 - __main__ - INFO - ✅ Skipping امین یکم (already up-to-date, 0.6 hours old)
2025-07-11 16:20:50,478 - __main__ - INFO - ✅ Skipping خبهمنح (already up-to-date, 0.6 hours old)
2025-07-11 16:20:50,479 - __main__ - INFO - ✅ Skipping خراسان (already up-to-date, 0.6 hours old)
2025-07-11 16:20:50,481 - __main__ - INFO - ✅ Skipping تصمیم (already up-to-date, 0.6 hours old)
2025-07-11 16:20:50,482 - __main__ - INFO - ✅ Skipping سرو (already up-to-date, 0.6 hours old)
2025-07-11 16:20:50,482 - __main__ - INFO - ✅ Skipping فبیراح (already up-to-date, 0.6 hours old)
2025-07-11 16:20:50,483 - __main__ - INFO - ✅ Skipping مدیر (already up-to-date, 0.6 hours old)
2025-07-11 16:20:50,483 - __main__ - INFO - ✅ Skipping بتهران (already up-to-date, 0.6 hours old)
2025-07-11 16:20:50,484 - __main__ - INFO - ✅ Skipping خنصیرح (already up-to-date, 0.6 hours old)
2025-07-11 16:20:50,484 - __main__ - INFO - ✅ Skipping خموتور (already up-to-date, 0.6 hours old)
2025-07-11 16:20:50,485 - __main__ - INFO - ✅ Skipping جهش (already up-to-date, 0.6 hours old)
2025-07-11 16:20:50,485 - __main__ - INFO - ✅ Skipping حتاید (already up-to-date, 0.6 hours old)
2025-07-11 16:20:50,486 - __main__ - INFO - ✅ Skipping ونچر (already up-to-date, 0.6 hours old)
2025-07-11 16:20:50,487 - __main__ - INFO - ✅ Skipping وپترو (already up-to-date, 0.6 hours old)
2025-07-11 16:20:50,488 - __main__ - INFO - ✅ Skipping ولراز (already up-to-date, 0.6 hours old)
2025-07-11 16:20:50,490 - __main__ - INFO - ⏰ File for فردوس is old (93.1 hours). Attempting to update...
2025-07-11 16:20:51,193 - __main__ - ERROR - ❌ Failed to download فردوس: single positional indexer is out-of-bounds. Will retry on next run.
2025-07-11 16:20:51,193 - __main__ - INFO - ✅ Skipping وتوکا (already up-to-date, 0.6 hours old)
2025-07-11 16:20:51,195 - __main__ - INFO - ✅ Skipping خبازرس (already up-to-date, 0.6 hours old)
2025-07-11 16:20:51,195 - __main__ - INFO - ✅ Skipping مارون (already up-to-date, 0.6 hours old)
2025-07-11 16:20:51,195 - __main__ - INFO - ✅ Skipping تلیسه (already up-to-date, 0.6 hours old)
2025-07-11 16:20:51,196 - __main__ - INFO - ✅ Skipping کایزد (already up-to-date, 0.6 hours old)
2025-07-11 16:20:51,198 - __main__ - INFO - ✅ Skipping وکادو (already up-to-date, 0.6 hours old)
2025-07-11 16:20:51,199 - __main__ - INFO - ✅ Skipping سدشت (already up-to-date, 0.6 hours old)
2025-07-11 16:20:51,199 - __main__ - INFO - ✅ Skipping فپارسح (already up-to-date, 0.6 hours old)
2025-07-11 16:20:51,200 - __main__ - INFO - ✅ Skipping خودروح (already up-to-date, 0.6 hours old)
2025-07-11 16:20:51,201 - __main__ - INFO - ✅ Skipping خاذینح (already up-to-date, 0.6 hours old)
2025-07-11 16:20:51,201 - __main__ - INFO - ⏰ File for فنرژیح is old (93.1 hours). Attempting to update...
2025-07-11 16:20:51,894 - __main__ - ERROR - ❌ Failed to download فنرژیح: single positional indexer is out-of-bounds. Will retry on next run.
2025-07-11 16:20:51,895 - __main__ - INFO - ✅ Skipping داتام (already up-to-date, 0.6 hours old)
2025-07-11 16:20:51,895 - __main__ - INFO - ✅ Skipping حبندر (already up-to-date, 0.6 hours old)
2025-07-11 16:20:51,896 - __main__ - INFO - ✅ Skipping صباح (already up-to-date, 0.5 hours old)
2025-07-11 16:20:51,897 - __main__ - INFO - ✅ Skipping غالبرح (already up-to-date, 0.5 hours old)
2025-07-11 16:20:51,897 - __main__ - INFO - ✅ Skipping ویسا (already up-to-date, 0.5 hours old)
2025-07-11 16:20:51,898 - __main__ - INFO - ✅ Skipping شتولیح (already up-to-date, 0.5 hours old)
2025-07-11 16:20:51,898 - __main__ - INFO - ✅ Skipping خمحرکهح (already up-to-date, 0.5 hours old)
2025-07-11 16:20:51,899 - __main__ - INFO - ✅ Skipping پاکشوح (already up-to-date, 0.5 hours old)
2025-07-11 16:20:51,899 - __main__ - INFO - ✅ Skipping فاذر (already up-to-date, 0.5 hours old)
2025-07-11 16:20:51,900 - __main__ - INFO - ✅ Skipping هیوا (already up-to-date, 0.5 hours old)
2025-07-11 16:20:51,900 - __main__ - INFO - ✅ Skipping بذر (already up-to-date, 0.5 hours old)
2025-07-11 16:20:51,901 - __main__ - INFO - ⏰ File for قهکمتح is old (93.1 hours). Attempting to update...
2025-07-11 16:20:52,541 - __main__ - ERROR - ❌ Failed to download قهکمتح: single positional indexer is out-of-bounds. Will retry on next run.
2025-07-11 16:20:52,553 - __main__ - INFO - ✅ Skipping اتوآگاه (already up-to-date, 0.5 hours old)
2025-07-11 16:20:52,554 - __main__ - INFO - ✅ Skipping سفارح (already up-to-date, 0.5 hours old)
2025-07-11 16:20:52,555 - __main__ - INFO - ✅ Skipping فروس (already up-to-date, 0.5 hours old)
2025-07-11 16:20:52,556 - __main__ - INFO - ⏰ File for شلوان is old (93.1 hours). Attempting to update...
2025-07-11 16:20:53,204 - __main__ - ERROR - ❌ Failed to download شلوان: single positional indexer is out-of-bounds. Will retry on next run.
2025-07-11 16:20:53,205 - __main__ - INFO - ✅ Skipping کبافق (already up-to-date, 0.5 hours old)
2025-07-11 16:20:53,206 - __main__ - INFO - ✅ Skipping دارو (already up-to-date, 0.5 hours old)
2025-07-11 16:20:53,207 - __main__ - INFO - ✅ Skipping فاماح (already up-to-date, 0.5 hours old)
2025-07-11 16:20:53,208 - __main__ - INFO - ✅ Skipping فبیرا (already up-to-date, 0.5 hours old)
2025-07-11 16:20:53,208 - __main__ - INFO - ✅ Skipping وتجارت (already up-to-date, 0.5 hours old)
2025-07-11 16:20:53,210 - __main__ - INFO - ✅ Skipping شلرد (already up-to-date, 0.5 hours old)
2025-07-11 16:20:53,212 - __main__ - INFO - ✅ Skipping سفاسیت (already up-to-date, 0.5 hours old)
2025-07-11 16:20:53,213 - __main__ - INFO - ✅ Skipping شیرازح (already up-to-date, 0.5 hours old)
2025-07-11 16:20:53,214 - __main__ - INFO - ✅ Skipping وپویا (already up-to-date, 0.5 hours old)
2025-07-11 16:20:53,216 - __main__ - INFO - ✅ Skipping غشان (already up-to-date, 0.5 hours old)
2025-07-11 16:20:53,218 - __main__ - INFO - ✅ Skipping دهدشت (already up-to-date, 0.5 hours old)
2025-07-11 16:20:53,219 - __main__ - INFO - ✅ Skipping غچینح (already up-to-date, 0.5 hours old)
2025-07-11 16:20:53,220 - __main__ - INFO - ✅ Skipping ثرود (already up-to-date, 0.5 hours old)
2025-07-11 16:20:53,222 - __main__ - INFO - ✅ Skipping ثغرب (already up-to-date, 0.5 hours old)
2025-07-11 16:20:53,223 - __main__ - INFO - ✅ Skipping وصناح (already up-to-date, 0.5 hours old)
2025-07-11 16:20:53,224 - __main__ - INFO - ✅ Skipping رتاپ (already up-to-date, 0.5 hours old)
2025-07-11 16:20:53,227 - __main__ - INFO - ✅ Skipping وسخوز (already up-to-date, 0.5 hours old)
2025-07-11 16:20:53,236 - __main__ - INFO - ✅ Skipping کفپارس (already up-to-date, 0.5 hours old)
2025-07-11 16:20:53,237 - __main__ - INFO - ✅ Skipping مهریران (already up-to-date, 0.5 hours old)
2025-07-11 16:20:53,237 - __main__ - INFO - ✅ Skipping مفاخر (already up-to-date, 0.5 hours old)
2025-07-11 16:20:53,239 - __main__ - INFO - ✅ Skipping کارام (already up-to-date, 0.5 hours old)
2025-07-11 16:20:53,242 - __main__ - INFO - ✅ Skipping معیارح (already up-to-date, 0.5 hours old)
2025-07-11 16:20:53,244 - __main__ - INFO - ✅ Skipping دزهراوی (already up-to-date, 0.5 hours old)
2025-07-11 16:20:53,260 - __main__ - INFO - ✅ Skipping فخاسح (already up-to-date, 0.5 hours old)
2025-07-11 16:20:53,277 - __main__ - INFO - ✅ Skipping کپرور (already up-to-date, 0.5 hours old)
2025-07-11 16:20:53,280 - __main__ - INFO - ✅ Skipping وآتوس (already up-to-date, 0.5 hours old)
2025-07-11 16:20:53,281 - __main__ - INFO - ✅ Skipping سخزرح (already up-to-date, 0.5 hours old)
2025-07-11 16:20:53,289 - __main__ - INFO - ✅ Skipping دماوند (already up-to-date, 0.5 hours old)
2025-07-11 16:20:53,290 - __main__ - INFO - ✅ Skipping نبروج (already up-to-date, 0.5 hours old)
2025-07-11 16:20:53,291 - __main__ - INFO - ✅ Skipping کی بی سی (already up-to-date, 0.5 hours old)
2025-07-11 16:20:53,293 - __main__ - INFO - ✅ Skipping کاریس (already up-to-date, 0.5 hours old)
2025-07-11 16:20:53,298 - __main__ - INFO - ✅ Skipping نمرینوح (already up-to-date, 0.5 hours old)
2025-07-11 16:20:53,301 - __main__ - INFO - ✅ Skipping دتماد (already up-to-date, 0.5 hours old)
2025-07-11 16:20:53,304 - __main__ - INFO - ✅ Skipping رکیش (already up-to-date, 0.5 hours old)
2025-07-11 16:20:53,306 - __main__ - INFO - ✅ Skipping تاتمس (already up-to-date, 0.5 hours old)
2025-07-11 16:20:53,308 - __main__ - INFO - ✅ Skipping ثاصفاح (already up-to-date, 0.5 hours old)
2025-07-11 16:20:53,309 - __main__ - INFO - ✅ Skipping ماح (already up-to-date, 0.5 hours old)
2025-07-11 16:20:53,311 - __main__ - INFO - ✅ Skipping پکرمان (already up-to-date, 0.5 hours old)
2025-07-11 16:20:53,312 - __main__ - INFO - ✅ Skipping نگین (already up-to-date, 0.5 hours old)
2025-07-11 16:20:53,313 - __main__ - INFO - ✅ Skipping چبسپا (already up-to-date, 0.5 hours old)
2025-07-11 16:20:53,313 - __main__ - INFO - ✅ Skipping کلوندح (already up-to-date, 0.5 hours old)
2025-07-11 16:20:53,314 - __main__ - INFO - ✅ Skipping پی پاد (already up-to-date, 0.5 hours old)
2025-07-11 16:20:53,314 - __main__ - INFO - ⏰ File for چکارمح is old (93.1 hours). Attempting to update...
2025-07-11 16:20:53,977 - __main__ - ERROR - ❌ Failed to download چکارمح: single positional indexer is out-of-bounds. Will retry on next run.
2025-07-11 16:20:53,978 - __main__ - INFO - ✅ Skipping فنوالح (already up-to-date, 0.5 hours old)
2025-07-11 16:20:53,978 - __main__ - INFO - ✅ Skipping ولملتح (already up-to-date, 0.5 hours old)
2025-07-11 16:20:53,979 - __main__ - INFO - ✅ Skipping کباده (already up-to-date, 0.5 hours old)
2025-07-11 16:20:53,980 - __main__ - INFO - ✅ Skipping ولکار (already up-to-date, 0.5 hours old)
2025-07-11 16:20:53,980 - __main__ - INFO - ✅ Skipping بیوتیک (already up-to-date, 0.5 hours old)
2025-07-11 16:20:53,981 - __main__ - INFO - ✅ Skipping نبروجح (already up-to-date, 0.5 hours old)
2025-07-11 16:20:53,981 - __main__ - INFO - ✅ Skipping وسکهبو (already up-to-date, 0.5 hours old)
2025-07-11 16:20:53,982 - __main__ - INFO - ✅ Skipping اخابرح (already up-to-date, 0.5 hours old)
2025-07-11 16:20:53,982 - __main__ - INFO - ✅ Skipping وتوس (already up-to-date, 0.5 hours old)
2025-07-11 16:20:53,983 - __main__ - INFO - ✅ Skipping پارند (already up-to-date, 0.5 hours old)
2025-07-11 16:20:53,983 - __main__ - INFO - ✅ Skipping ثنور (already up-to-date, 0.5 hours old)
2025-07-11 16:20:53,983 - __main__ - INFO - ✅ Skipping غپآذر (already up-to-date, 0.5 hours old)
2025-07-11 16:20:53,984 - __main__ - INFO - ✅ Skipping آبادح (already up-to-date, 0.5 hours old)
2025-07-11 16:20:53,985 - __main__ - INFO - ✅ Skipping قزوینح (already up-to-date, 0.5 hours old)
2025-07-11 16:20:53,985 - __main__ - INFO - ✅ Skipping کورز (already up-to-date, 0.5 hours old)
2025-07-11 16:20:53,987 - __main__ - INFO - ✅ Skipping نیان (already up-to-date, 0.5 hours old)
2025-07-11 16:20:53,988 - __main__ - INFO - ✅ Skipping دشیمی (already up-to-date, 0.5 hours old)
2025-07-11 16:20:53,989 - __main__ - INFO - ⏰ File for تمحرکهح is old (93.1 hours). Attempting to update...
2025-07-11 16:20:54,657 - __main__ - ERROR - ❌ Failed to download تمحرکهح: single positional indexer is out-of-bounds. Will retry on next run.
2025-07-11 16:20:54,657 - __main__ - INFO - ✅ Skipping شکلرح (already up-to-date, 0.5 hours old)
2025-07-11 16:20:54,658 - __main__ - INFO - ✅ Skipping تمشک (already up-to-date, 0.5 hours old)
2025-07-11 16:20:54,659 - __main__ - INFO - ✅ Skipping غشهدح (already up-to-date, 0.5 hours old)
2025-07-11 16:20:54,660 - __main__ - INFO - ✅ Skipping شنفت (already up-to-date, 0.5 hours old)
2025-07-11 16:20:54,660 - __main__ - INFO - ✅ Skipping یاقوت (already up-to-date, 0.5 hours old)
2025-07-11 16:20:54,661 - __main__ - INFO - ✅ Skipping فردا (already up-to-date, 0.5 hours old)
2025-07-11 16:20:54,661 - __main__ - INFO - ✅ Skipping حسینا (already up-to-date, 0.5 hours old)
2025-07-11 16:20:54,662 - __main__ - INFO - ✅ Skipping پدناح (already up-to-date, 0.5 hours old)
2025-07-11 16:20:54,662 - __main__ - INFO - ✅ Skipping خاورح (already up-to-date, 0.5 hours old)
2025-07-11 16:20:54,663 - __main__ - INFO - ✅ Skipping وسبحان (already up-to-date, 0.5 hours old)
2025-07-11 16:20:54,663 - __main__ - INFO - ✅ Skipping لبوتان (already up-to-date, 0.5 hours old)
2025-07-11 16:20:54,664 - __main__ - INFO - ⏰ File for قپیراح is old (93.1 hours). Attempting to update...
2025-07-11 16:20:55,325 - __main__ - ERROR - ❌ Failed to download قپیراح: single positional indexer is out-of-bounds. Will retry on next run.
2025-07-11 16:20:55,326 - __main__ - INFO - ✅ Skipping بترانس (already up-to-date, 0.5 hours old)
2025-07-11 16:20:55,327 - __main__ - INFO - ✅ Skipping ولرازح (already up-to-date, 0.5 hours old)
2025-07-11 16:20:55,328 - __main__ - INFO - ✅ Skipping ثفارسح (already up-to-date, 0.5 hours old)
2025-07-11 16:20:55,328 - __main__ - INFO - ✅ Skipping شبریز (already up-to-date, 0.5 hours old)
2025-07-11 16:20:55,329 - __main__ - INFO - ⏰ File for لابساح is old (93.1 hours). Attempting to update...
2025-07-11 16:20:55,980 - __main__ - ERROR - ❌ Failed to download لابساح: single positional indexer is out-of-bounds. Will retry on next run.
2025-07-11 16:20:55,981 - __main__ - INFO - ✅ Skipping واحیا (already up-to-date, 0.5 hours old)
2025-07-11 16:20:55,982 - __main__ - INFO - ✅ Skipping فجوشح (already up-to-date, 0.5 hours old)
2025-07-11 16:20:55,982 - __main__ - INFO - ✅ Skipping فاهواز (already up-to-date, 0.5 hours old)
2025-07-11 16:20:55,983 - __main__ - INFO - ✅ Skipping طلا (already up-to-date, 0.5 hours old)
2025-07-11 16:20:55,983 - __main__ - INFO - ✅ Skipping افق (already up-to-date, 0.5 hours old)
2025-07-11 16:20:55,983 - __main__ - INFO - ✅ Skipping پلاست (already up-to-date, 0.5 hours old)
2025-07-11 16:20:55,984 - __main__ - INFO - ✅ Skipping وخارزم (already up-to-date, 0.5 hours old)
2025-07-11 16:20:55,985 - __main__ - INFO - ✅ Skipping سفارودح (already up-to-date, 0.5 hours old)
2025-07-11 16:20:55,985 - __main__ - INFO - ✅ Skipping کمنگنز (already up-to-date, 0.5 hours old)
2025-07-11 16:20:55,986 - __main__ - INFO - ✅ Skipping نطرین (already up-to-date, 0.5 hours old)
2025-07-11 16:20:55,986 - __main__ - INFO - ✅ Skipping سفانو (already up-to-date, 0.5 hours old)
2025-07-11 16:20:55,987 - __main__ - INFO - ✅ Skipping کترامح (already up-to-date, 0.5 hours old)
2025-07-11 16:20:55,987 - __main__ - INFO - ✅ Skipping درهآور (already up-to-date, 0.5 hours old)
2025-07-11 16:20:55,989 - __main__ - INFO - ✅ Skipping وطوبی (already up-to-date, 0.5 hours old)
2025-07-11 16:20:55,991 - __main__ - INFO - ✅ Skipping خچرخشح (already up-to-date, 0.5 hours old)
2025-07-11 16:20:55,992 - __main__ - INFO - ⏰ File for غنوشح is old (93.1 hours). Attempting to update...
2025-07-11 16:20:56,669 - __main__ - ERROR - ❌ Failed to download غنوشح: single positional indexer is out-of-bounds. Will retry on next run.
2025-07-11 16:20:56,670 - __main__ - INFO - ✅ Skipping پایا (already up-to-date, 0.5 hours old)
2025-07-11 16:20:56,671 - __main__ - INFO - ✅ Skipping تراکح (already up-to-date, 0.5 hours old)
2025-07-11 16:20:56,671 - __main__ - INFO - ✅ Skipping ثنوسا (already up-to-date, 0.5 hours old)
2025-07-11 16:20:56,672 - __main__ - INFO - ✅ Skipping پارسیان (already up-to-date, 0.5 hours old)
2025-07-11 16:20:56,676 - __main__ - INFO - ✅ Skipping کهمدا (already up-to-date, 0.5 hours old)
2025-07-11 16:20:56,678 - __main__ - INFO - ✅ Skipping کمینا (already up-to-date, 0.5 hours old)
2025-07-11 16:20:56,678 - __main__ - INFO - ✅ Skipping ثامان (already up-to-date, 0.5 hours old)
2025-07-11 16:20:56,679 - __main__ - INFO - ✅ Skipping شپدیس (already up-to-date, 0.5 hours old)
2025-07-11 16:20:56,681 - __main__ - INFO - ✅ Skipping فرآور (already up-to-date, 0.5 hours old)
2025-07-11 16:20:56,682 - __main__ - INFO - ✅ Skipping غدانه (already up-to-date, 0.5 hours old)
2025-07-11 16:20:56,682 - __main__ - INFO - ✅ Skipping آوا (already up-to-date, 0.5 hours old)
2025-07-11 16:20:56,683 - __main__ - INFO - ✅ Skipping کایگچ (already up-to-date, 0.5 hours old)
2025-07-11 16:20:56,683 - __main__ - INFO - ✅ Skipping امین شهر (already up-to-date, 0.5 hours old)
2025-07-11 16:20:56,684 - __main__ - INFO - ✅ Skipping وفتخار (already up-to-date, 0.5 hours old)
2025-07-11 16:20:56,684 - __main__ - INFO - ✅ Skipping خلیبل (already up-to-date, 0.5 hours old)
2025-07-11 16:20:56,685 - __main__ - INFO - ✅ Skipping پتروداریوش (already up-to-date, 0.5 hours old)
2025-07-11 16:20:56,685 - __main__ - INFO - ✅ Skipping ختوقا (already up-to-date, 0.5 hours old)
2025-07-11 16:20:56,686 - __main__ - INFO - ✅ Skipping ملتح (already up-to-date, 0.5 hours old)
2025-07-11 16:20:56,686 - __main__ - INFO - ✅ Skipping پویا (already up-to-date, 0.5 hours old)
2025-07-11 16:20:56,687 - __main__ - INFO - ✅ Skipping جم (already up-to-date, 0.5 hours old)
2025-07-11 16:20:56,687 - __main__ - INFO - ✅ Skipping ولیز (already up-to-date, 0.5 hours old)
2025-07-11 16:20:56,688 - __main__ - INFO - ✅ Skipping ولکارح (already up-to-date, 0.5 hours old)
2025-07-11 16:20:56,689 - __main__ - INFO - ✅ Skipping بشهاب (already up-to-date, 0.5 hours old)
2025-07-11 16:20:56,691 - __main__ - INFO - ✅ Skipping شکف (already up-to-date, 0.5 hours old)
2025-07-11 16:20:56,693 - __main__ - INFO - ✅ Skipping کابگن (already up-to-date, 0.5 hours old)
2025-07-11 16:20:56,695 - __main__ - INFO - ✅ Skipping وهامون (already up-to-date, 0.5 hours old)
2025-07-11 16:20:56,696 - __main__ - INFO - ✅ Skipping ورنا (already up-to-date, 0.5 hours old)
2025-07-11 16:20:56,697 - __main__ - INFO - ✅ Skipping فپنتا (already up-to-date, 0.5 hours old)
2025-07-11 16:20:56,697 - __main__ - INFO - ✅ Skipping کگاز (already up-to-date, 0.5 hours old)
2025-07-11 16:20:56,698 - __main__ - INFO - ✅ Skipping وغدیرح (already up-to-date, 0.5 hours old)
2025-07-11 16:20:56,698 - __main__ - INFO - ✅ Skipping فوکا (already up-to-date, 0.5 hours old)
2025-07-11 16:20:56,699 - __main__ - INFO - ✅ Skipping لازما (already up-to-date, 0.5 hours old)
2025-07-11 16:20:56,699 - __main__ - INFO - ✅ Skipping قزوین (already up-to-date, 0.5 hours old)
2025-07-11 16:20:56,700 - __main__ - INFO - ⏰ File for نشار is old (93.1 hours). Attempting to update...
2025-07-11 16:20:57,331 - __main__ - ERROR - ❌ Failed to download نشار: single positional indexer is out-of-bounds. Will retry on next run.
2025-07-11 16:20:57,332 - __main__ - INFO - ✅ Skipping گنجینه (already up-to-date, 0.5 hours old)
2025-07-11 16:20:57,332 - __main__ - INFO - ✅ Skipping دکیمی (already up-to-date, 0.5 hours old)
2025-07-11 16:20:57,333 - __main__ - INFO - ⏰ File for وسمنان is old (93.1 hours). Attempting to update...
2025-07-11 16:20:58,196 - __main__ - ERROR - ❌ Failed to download وسمنان: single positional indexer is out-of-bounds. Will retry on next run.
2025-07-11 16:20:58,197 - __main__ - INFO - ✅ Skipping پارسیانح (already up-to-date, 0.5 hours old)
2025-07-11 16:20:58,197 - __main__ - INFO - ✅ Skipping وسمازن (already up-to-date, 0.5 hours old)
2025-07-11 16:20:58,198 - __main__ - INFO - ✅ Skipping سپرمی (already up-to-date, 0.5 hours old)
2025-07-11 16:20:58,198 - __main__ - INFO - ✅ Skipping فروی (already up-to-date, 0.5 hours old)
2025-07-11 16:20:58,199 - __main__ - INFO - ✅ Skipping سخاش (already up-to-date, 0.5 hours old)
2025-07-11 16:20:58,199 - __main__ - INFO - ✅ Skipping شسم (already up-to-date, 0.5 hours old)
2025-07-11 16:20:58,199 - __main__ - INFO - ✅ Skipping بازده (already up-to-date, 0.5 hours old)
2025-07-11 16:20:58,200 - __main__ - INFO - ✅ Skipping شبهرنح (already up-to-date, 0.5 hours old)
2025-07-11 16:20:58,200 - __main__ - INFO - ✅ Skipping چدن (already up-to-date, 0.5 hours old)
2025-07-11 16:20:58,201 - __main__ - INFO - ✅ Skipping شاملا (already up-to-date, 0.5 hours old)
2025-07-11 16:20:58,201 - __main__ - INFO - ✅ Skipping پدنا (already up-to-date, 0.5 hours old)
2025-07-11 16:20:58,202 - __main__ - INFO - ⏰ File for فرومح is old (93.1 hours). Attempting to update...
2025-07-11 16:20:58,874 - __main__ - ERROR - ❌ Failed to download فرومح: single positional indexer is out-of-bounds. Will retry on next run.
2025-07-11 16:20:58,875 - __main__ - INFO - ✅ Skipping وصنعتح (already up-to-date, 0.5 hours old)
2025-07-11 16:20:58,876 - __main__ - INFO - ✅ Skipping وخارزمح (already up-to-date, 0.5 hours old)
2025-07-11 16:20:58,876 - __main__ - INFO - ✅ Skipping امیدح (already up-to-date, 0.5 hours old)
2025-07-11 16:20:58,877 - __main__ - INFO - ✅ Skipping حگهر (already up-to-date, 0.5 hours old)
2025-07-11 16:20:58,877 - __main__ - INFO - ✅ Skipping آکنتور (already up-to-date, 0.5 hours old)
2025-07-11 16:20:58,878 - __main__ - INFO - ✅ Skipping شهر (already up-to-date, 0.5 hours old)
2025-07-11 16:20:58,878 - __main__ - INFO - ✅ Skipping فارما کیان (already up-to-date, 0.5 hours old)
2025-07-11 16:20:58,879 - __main__ - INFO - ⏰ File for کورزح is old (93.1 hours). Attempting to update...
2025-07-11 16:20:59,579 - __main__ - ERROR - ❌ Failed to download کورزح: single positional indexer is out-of-bounds. Will retry on next run.
2025-07-11 16:20:59,580 - __main__ - INFO - ✅ Skipping خپارسح (already up-to-date, 0.5 hours old)
2025-07-11 16:20:59,581 - __main__ - INFO - ✅ Skipping فلوله (already up-to-date, 0.5 hours old)
2025-07-11 16:20:59,581 - __main__ - INFO - ✅ Skipping وغدیر (already up-to-date, 0.5 hours old)
2025-07-11 16:20:59,582 - __main__ - INFO - ✅ Skipping انرژی (already up-to-date, 0.5 hours old)
2025-07-11 16:20:59,582 - __main__ - INFO - ✅ Skipping گکیش (already up-to-date, 0.5 hours old)
2025-07-11 16:20:59,583 - __main__ - INFO - ✅ Skipping سیناد (already up-to-date, 0.5 hours old)
2025-07-11 16:20:59,583 - __main__ - INFO - ✅ Skipping غبهنوشح (already up-to-date, 0.5 hours old)
2025-07-11 16:20:59,584 - __main__ - INFO - ✅ Skipping کسرا (already up-to-date, 0.5 hours old)
2025-07-11 16:20:59,584 - __main__ - INFO - ✅ Skipping وساغربی (already up-to-date, 0.5 hours old)
2025-07-11 16:20:59,585 - __main__ - INFO - ✅ Skipping پرسپولیس (already up-to-date, 0.5 hours old)
2025-07-11 16:20:59,585 - __main__ - INFO - ✅ Skipping غشصفا (already up-to-date, 0.5 hours old)
2025-07-11 16:20:59,586 - __main__ - INFO - ✅ Skipping لجام (already up-to-date, 0.5 hours old)
2025-07-11 16:20:59,586 - __main__ - INFO - ✅ Skipping استقلال (already up-to-date, 0.5 hours old)
2025-07-11 16:20:59,587 - __main__ - INFO - ✅ Skipping غشهد (already up-to-date, 0.5 hours old)
2025-07-11 16:20:59,588 - __main__ - INFO - ✅ Skipping البرزح (already up-to-date, 0.5 hours old)
2025-07-11 16:20:59,588 - __main__ - INFO - ✅ Skipping لپارسح (already up-to-date, 0.5 hours old)
2025-07-11 16:20:59,589 - __main__ - INFO - ✅ Skipping آوند (already up-to-date, 0.5 hours old)
2025-07-11 16:20:59,591 - __main__ - INFO - ✅ Skipping غپونه (already up-to-date, 0.5 hours old)
2025-07-11 16:20:59,592 - __main__ - INFO - ✅ Skipping درسا (already up-to-date, 0.5 hours old)
2025-07-11 16:20:59,593 - __main__ - INFO - ✅ Skipping خاهنح (already up-to-date, 0.5 hours old)
2025-07-11 16:20:59,594 - __main__ - INFO - ✅ Skipping شدوص (already up-to-date, 0.5 hours old)
2025-07-11 16:20:59,594 - __main__ - INFO - ✅ Skipping شپاکسا (already up-to-date, 0.5 hours old)
2025-07-11 16:20:59,595 - __main__ - INFO - ✅ Skipping کبافقح (already up-to-date, 0.5 hours old)
2025-07-11 16:20:59,595 - __main__ - INFO - ✅ Skipping کاوه (already up-to-date, 0.5 hours old)
2025-07-11 16:20:59,596 - __main__ - INFO - ✅ Skipping بتک (already up-to-date, 0.5 hours old)
2025-07-11 16:20:59,597 - __main__ - INFO - ✅ Skipping فجرح (already up-to-date, 0.5 hours old)
2025-07-11 16:20:59,597 - __main__ - INFO - ✅ Skipping شستا (already up-to-date, 0.5 hours old)
2025-07-11 16:20:59,597 - __main__ - INFO - ✅ Skipping خودرو (already up-to-date, 0.5 hours old)
2025-07-11 16:20:59,598 - __main__ - INFO - ✅ Skipping سمان (already up-to-date, 0.5 hours old)
2025-07-11 16:20:59,598 - __main__ - INFO - ✅ Skipping فسوژ (already up-to-date, 0.5 hours old)
2025-07-11 16:20:59,599 - __main__ - INFO - ⏰ File for فپنتاح is old (93.1 hours). Attempting to update...
2025-07-11 16:21:00,269 - __main__ - ERROR - ❌ Failed to download فپنتاح: single positional indexer is out-of-bounds. Will retry on next run.
2025-07-11 16:21:00,270 - __main__ - INFO - ✅ Skipping برکتح (already up-to-date, 0.5 hours old)
2025-07-11 16:21:00,270 - __main__ - INFO - ✅ Skipping فباهنر (already up-to-date, 0.5 hours old)
2025-07-11 16:21:00,271 - __main__ - INFO - ✅ Skipping حریل (already up-to-date, 0.5 hours old)
2025-07-11 16:21:00,271 - __main__ - INFO - ⏰ File for کچینیح is old (93.1 hours). Attempting to update...
2025-07-11 16:21:01,187 - __main__ - ERROR - ❌ Failed to download کچینیح: single positional indexer is out-of-bounds. Will retry on next run.
2025-07-11 16:21:01,187 - __main__ - INFO - ⏰ File for شتهرانح is old (93.1 hours). Attempting to update...
2025-07-11 16:21:02,208 - __main__ - ERROR - ❌ Failed to download شتهرانح: single positional indexer is out-of-bounds. Will retry on next run.
2025-07-11 16:21:02,208 - __main__ - INFO - ✅ Skipping قپیرا (already up-to-date, 0.5 hours old)
2025-07-11 16:21:02,209 - __main__ - INFO - ✅ Skipping غپاک (already up-to-date, 0.5 hours old)
2025-07-11 16:21:02,210 - __main__ - INFO - ✅ Skipping فیروزه (already up-to-date, 0.5 hours old)
2025-07-11 16:21:02,210 - __main__ - INFO - ✅ Skipping سکارون (already up-to-date, 0.5 hours old)
2025-07-11 16:21:02,211 - __main__ - INFO - ✅ Skipping سصوفی (already up-to-date, 0.5 hours old)
2025-07-11 16:21:02,211 - __main__ - INFO - ✅ Skipping قاسم (already up-to-date, 0.5 hours old)
2025-07-11 16:21:02,211 - __main__ - INFO - ✅ Skipping وارس (already up-to-date, 0.5 hours old)
2025-07-11 16:21:02,212 - __main__ - INFO - ✅ Skipping کتوکا (already up-to-date, 0.5 hours old)
2025-07-11 16:21:02,212 - __main__ - INFO - ✅ Skipping لکما (already up-to-date, 0.5 hours old)
2025-07-11 16:21:02,213 - __main__ - INFO - ✅ Skipping بمپنا (already up-to-date, 0.5 hours old)
2025-07-11 16:21:02,215 - __main__ - INFO - ✅ Skipping وساشرقی (already up-to-date, 0.5 hours old)
2025-07-11 16:21:02,215 - __main__ - INFO - ✅ Skipping لجامح (already up-to-date, 0.5 hours old)
2025-07-11 16:21:02,216 - __main__ - INFO - ✅ Skipping سکرما (already up-to-date, 0.5 hours old)
2025-07-11 16:21:02,216 - __main__ - INFO - ✅ Skipping فیروزا (already up-to-date, 0.5 hours old)
2025-07-11 16:21:02,217 - __main__ - INFO - ✅ Skipping معیار (already up-to-date, 0.5 hours old)
2025-07-11 16:21:02,217 - __main__ - INFO - ✅ Skipping کارین (already up-to-date, 0.5 hours old)
2025-07-11 16:21:02,218 - __main__ - INFO - ✅ Skipping بنیروح (already up-to-date, 0.5 hours old)
2025-07-11 16:21:02,219 - __main__ - INFO - ✅ Skipping غسالم (already up-to-date, 0.5 hours old)
2025-07-11 16:21:02,220 - __main__ - INFO - ✅ Skipping دسبحانح (already up-to-date, 0.5 hours old)
2025-07-11 16:21:02,221 - __main__ - INFO - ✅ Skipping کقزوی (already up-to-date, 0.5 hours old)
2025-07-11 16:21:02,221 - __main__ - INFO - ✅ Skipping کابگنح (already up-to-date, 0.5 hours old)
2025-07-11 16:21:02,222 - __main__ - INFO - ✅ Skipping فجوش (already up-to-date, 0.5 hours old)
2025-07-11 16:21:02,222 - __main__ - INFO - ✅ Skipping کلر (already up-to-date, 0.5 hours old)
2025-07-11 16:21:02,223 - __main__ - INFO - ✅ Skipping کاذر (already up-to-date, 0.5 hours old)
2025-07-11 16:21:02,223 - __main__ - INFO - ⏰ File for قصفهاح is old (93.1 hours). Attempting to update...
2025-07-11 16:21:03,168 - __main__ - ERROR - ❌ Failed to download قصفهاح: single positional indexer is out-of-bounds. Will retry on next run.
2025-07-11 16:21:03,169 - __main__ - INFO - ✅ Skipping کرومیت (already up-to-date, 0.5 hours old)
2025-07-11 16:21:03,169 - __main__ - INFO - ✅ Skipping امینح (already up-to-date, 0.5 hours old)
2025-07-11 16:21:03,170 - __main__ - INFO - ✅ Skipping ثشاهد (already up-to-date, 0.5 hours old)
2025-07-11 16:21:03,170 - __main__ - INFO - ✅ Skipping تشتاد (already up-to-date, 0.5 hours old)
2025-07-11 16:21:03,171 - __main__ - INFO - ✅ Skipping دکوثر (already up-to-date, 0.5 hours old)
2025-07-11 16:21:03,171 - __main__ - INFO - ✅ Skipping انرژی1 (already up-to-date, 0.5 hours old)
2025-07-11 16:21:03,172 - __main__ - INFO - ✅ Skipping ثبهساز (already up-to-date, 0.5 hours old)
2025-07-11 16:21:03,172 - __main__ - INFO - ✅ Skipping خاهن (already up-to-date, 0.5 hours old)
2025-07-11 16:21:03,173 - __main__ - INFO - ✅ Skipping های وب (already up-to-date, 0.5 hours old)
2025-07-11 16:21:03,173 - __main__ - INFO - ✅ Skipping جاودان (already up-to-date, 0.5 hours old)
2025-07-11 16:21:03,174 - __main__ - INFO - ✅ Skipping فالومح (already up-to-date, 0.5 hours old)
2025-07-11 16:21:03,174 - __main__ - INFO - ✅ Skipping شیران (already up-to-date, 0.5 hours old)
2025-07-11 16:21:03,175 - __main__ - INFO - ✅ Skipping شپلیح (already up-to-date, 0.5 hours old)
2025-07-11 16:21:03,175 - __main__ - INFO - ✅ Skipping خفناور (already up-to-date, 0.5 hours old)
2025-07-11 16:21:03,176 - __main__ - INFO - ✅ Skipping لخانهح (already up-to-date, 0.5 hours old)
2025-07-11 16:21:03,176 - __main__ - INFO - ✅ Skipping آذرین (already up-to-date, 0.5 hours old)
2025-07-11 16:21:03,177 - __main__ - INFO - ✅ Skipping بمان (already up-to-date, 0.5 hours old)
2025-07-11 16:21:03,177 - __main__ - INFO - ✅ Skipping وبملتح (already up-to-date, 0.5 hours old)
2025-07-11 16:21:03,177 - __main__ - INFO - ✅ Skipping زشگزا (already up-to-date, 0.5 hours old)
2025-07-11 16:21:03,178 - __main__ - INFO - ✅ Skipping کخاک (already up-to-date, 0.5 hours old)
2025-07-11 16:21:03,179 - __main__ - INFO - ⏰ File for شسمح is old (93.1 hours). Attempting to update...
2025-07-11 16:21:04,055 - __main__ - ERROR - ❌ Failed to download شسمح: single positional indexer is out-of-bounds. Will retry on next run.
2025-07-11 16:21:04,056 - __main__ - INFO - ✅ Skipping ثاصفا (already up-to-date, 0.5 hours old)
2025-07-11 16:21:04,057 - __main__ - INFO - ✅ Skipping امید (already up-to-date, 0.5 hours old)
2025-07-11 16:21:04,057 - __main__ - INFO - ✅ Skipping اوصتا (already up-to-date, 0.5 hours old)
2025-07-11 16:21:04,058 - __main__ - INFO - ✅ Skipping رافزاح (already up-to-date, 0.5 hours old)
2025-07-11 16:21:04,058 - __main__ - INFO - ✅ Skipping مثقال (already up-to-date, 0.5 hours old)
2025-07-11 16:21:04,058 - __main__ - INFO - ✅ Skipping وتوکاح (already up-to-date, 0.5 hours old)
2025-07-11 16:21:04,059 - __main__ - INFO - ⏰ File for شپناح is old (93.1 hours). Attempting to update...
2025-07-11 16:21:04,969 - __main__ - ERROR - ❌ Failed to download شپناح: single positional indexer is out-of-bounds. Will retry on next run.
2025-07-11 16:21:04,969 - __main__ - INFO - ✅ Skipping حاریا (already up-to-date, 0.5 hours old)
2025-07-11 16:21:04,970 - __main__ - INFO - ✅ Skipping فسپا (already up-to-date, 0.5 hours old)
2025-07-11 16:21:04,970 - __main__ - INFO - ✅ Skipping قشیر (already up-to-date, 0.5 hours old)
2025-07-11 16:21:04,971 - __main__ - INFO - ✅ Skipping فولادح (already up-to-date, 0.5 hours old)
2025-07-11 16:21:04,971 - __main__ - INFO - ✅ Skipping کاج (already up-to-date, 0.4 hours old)
2025-07-11 16:21:04,972 - __main__ - INFO - ✅ Skipping کاریز (already up-to-date, 0.4 hours old)
2025-07-11 16:21:04,972 - __main__ - INFO - ✅ Skipping دشیری (already up-to-date, 0.4 hours old)
2025-07-11 16:21:04,973 - __main__ - INFO - ✅ Skipping کتوسعه (already up-to-date, 0.4 hours old)
2025-07-11 16:21:04,973 - __main__ - INFO - ⏰ File for وستهران is old (93.1 hours). Attempting to update...
2025-07-11 16:21:05,954 - __main__ - ERROR - ❌ Failed to download وستهران: single positional indexer is out-of-bounds. Will retry on next run.
2025-07-11 16:21:05,955 - __main__ - INFO - ✅ Skipping ثفارس (already up-to-date, 0.4 hours old)
2025-07-11 16:21:05,955 - __main__ - INFO - ✅ Skipping وسینا (already up-to-date, 0.4 hours old)
2025-07-11 16:21:05,955 - __main__ - INFO - ✅ Skipping طلوع (already up-to-date, 0.4 hours old)
2025-07-11 16:21:05,956 - __main__ - INFO - ✅ Skipping بایکا (already up-to-date, 0.4 hours old)
2025-07-11 16:21:05,957 - __main__ - INFO - ✅ Skipping قرنح (already up-to-date, 0.4 hours old)
2025-07-11 16:21:05,957 - __main__ - INFO - ✅ Skipping کگهر (already up-to-date, 0.4 hours old)
2025-07-11 16:21:05,958 - __main__ - INFO - ✅ Skipping سجام (already up-to-date, 0.4 hours old)
2025-07-11 16:21:05,958 - __main__ - INFO - ⏰ File for فمرادح is old (93.1 hours). Attempting to update...
2025-07-11 16:21:06,706 - __main__ - ERROR - ❌ Failed to download فمرادح: single positional indexer is out-of-bounds. Will retry on next run.
2025-07-11 16:21:06,707 - __main__ - INFO - ✅ Skipping وبانکح (already up-to-date, 0.4 hours old)
2025-07-11 16:21:06,718 - __main__ - INFO - ✅ Skipping لابسا (already up-to-date, 0.4 hours old)
2025-07-11 16:21:06,719 - __main__ - INFO - ✅ Skipping وبازار (already up-to-date, 0.4 hours old)
2025-07-11 16:21:06,719 - __main__ - INFO - ✅ Skipping سیستم (already up-to-date, 0.4 hours old)
2025-07-11 16:21:06,721 - __main__ - INFO - ✅ Skipping شراز (already up-to-date, 0.4 hours old)
2025-07-11 16:21:06,723 - __main__ - INFO - ✅ Skipping سدور (already up-to-date, 0.4 hours old)
2025-07-11 16:21:06,723 - __main__ - INFO - ✅ Skipping وبصادر (already up-to-date, 0.4 hours old)
2025-07-11 16:21:06,724 - __main__ - INFO - ⏰ File for کهرامح is old (93.1 hours). Attempting to update...
2025-07-11 16:21:07,455 - __main__ - ERROR - ❌ Failed to download کهرامح: single positional indexer is out-of-bounds. Will retry on next run.
2025-07-11 16:21:07,456 - __main__ - INFO - ✅ Skipping فاراکح (already up-to-date, 0.4 hours old)
2025-07-11 16:21:07,456 - __main__ - INFO - ✅ Skipping بکامح (already up-to-date, 0.4 hours old)
2025-07-11 16:21:07,457 - __main__ - INFO - ✅ Skipping قنیشاح (already up-to-date, 0.4 hours old)
2025-07-11 16:21:07,458 - __main__ - INFO - ✅ Skipping وتجارتح (already up-to-date, 0.4 hours old)
2025-07-11 16:21:07,458 - __main__ - INFO - ⏰ File for ومعین is old (93.1 hours). Attempting to update...
2025-07-11 16:21:08,100 - __main__ - ERROR - ❌ Failed to download ومعین: single positional indexer is out-of-bounds. Will retry on next run.
2025-07-11 16:21:08,113 - __main__ - INFO - ✅ Skipping خوسازح (already up-to-date, 0.4 hours old)
2025-07-11 16:21:08,114 - __main__ - INFO - ✅ Skipping وبوعلی (already up-to-date, 0.4 hours old)
2025-07-11 16:21:08,115 - __main__ - INFO - ✅ Skipping وسیستا (already up-to-date, 0.4 hours old)
2025-07-11 16:21:08,116 - __main__ - INFO - ✅ Skipping خوساز (already up-to-date, 0.4 hours old)
2025-07-11 16:21:08,116 - __main__ - INFO - ✅ Skipping فاذرح (already up-to-date, 0.4 hours old)
2025-07-11 16:21:08,116 - __main__ - INFO - ✅ Skipping خرینگ (already up-to-date, 0.4 hours old)
2025-07-11 16:21:08,117 - __main__ - INFO - ⏰ File for غنابح is old (93.1 hours). Attempting to update...
2025-07-11 16:21:08,783 - __main__ - ERROR - ❌ Failed to download غنابح: single positional indexer is out-of-bounds. Will retry on next run.
2025-07-11 16:21:08,784 - __main__ - INFO - ✅ Skipping خرینگح (already up-to-date, 0.4 hours old)
2025-07-11 16:21:08,784 - __main__ - INFO - ✅ Skipping بهین رو (already up-to-date, 0.4 hours old)
2025-07-11 16:21:08,785 - __main__ - INFO - ✅ Skipping تکشا (already up-to-date, 0.4 hours old)
2025-07-11 16:21:08,785 - __main__ - INFO - ✅ Skipping میدکوح (already up-to-date, 0.4 hours old)
2025-07-11 16:21:08,786 - __main__ - INFO - ✅ Skipping زنگان (already up-to-date, 0.4 hours old)
2025-07-11 16:21:08,786 - __main__ - INFO - ✅ Skipping دلقماح (already up-to-date, 0.4 hours old)
2025-07-11 16:21:08,786 - __main__ - INFO - ✅ Skipping ثعمرا (already up-to-date, 0.4 hours old)
2025-07-11 16:21:08,787 - __main__ - INFO - ✅ Skipping استیل (already up-to-date, 0.4 hours old)
2025-07-11 16:21:08,787 - __main__ - INFO - ✅ Skipping فماک (already up-to-date, 0.4 hours old)
2025-07-11 16:21:08,788 - __main__ - INFO - ✅ Skipping بپردیس (already up-to-date, 0.4 hours old)
2025-07-11 16:21:08,788 - __main__ - INFO - ✅ Skipping بکاب (already up-to-date, 0.4 hours old)
2025-07-11 16:21:08,789 - __main__ - INFO - ✅ Skipping خلنتح (already up-to-date, 0.4 hours old)
2025-07-11 16:21:08,790 - __main__ - INFO - ✅ Skipping دبالک (already up-to-date, 0.4 hours old)
2025-07-11 16:21:08,791 - __main__ - INFO - ✅ Skipping وملی (already up-to-date, 0.4 hours old)
2025-07-11 16:21:08,793 - __main__ - INFO - ✅ Skipping فسازان (already up-to-date, 0.4 hours old)
2025-07-11 16:21:08,795 - __main__ - INFO - ✅ Skipping دتولید (already up-to-date, 0.4 hours old)
2025-07-11 16:21:08,796 - __main__ - INFO - ✅ Skipping عیار (already up-to-date, 0.4 hours old)
2025-07-11 16:21:08,797 - __main__ - INFO - ✅ Skipping شفارا (already up-to-date, 0.4 hours old)
2025-07-11 16:21:08,797 - __main__ - INFO - ✅ Skipping پلاسک (already up-to-date, 0.4 hours old)
2025-07-11 16:21:08,798 - __main__ - INFO - ✅ Skipping گشان (already up-to-date, 0.4 hours old)
2025-07-11 16:21:08,799 - __main__ - INFO - ✅ Skipping کوثر (already up-to-date, 0.4 hours old)
2025-07-11 16:21:08,799 - __main__ - INFO - ✅ Skipping غشانح (already up-to-date, 0.4 hours old)
2025-07-11 16:21:08,800 - __main__ - INFO - ✅ Skipping ختور (already up-to-date, 0.4 hours old)
2025-07-11 16:21:08,800 - __main__ - INFO - ✅ Skipping چکارم (already up-to-date, 0.4 hours old)
2025-07-11 16:21:08,801 - __main__ - INFO - ✅ Skipping شغدیر (already up-to-date, 0.4 hours old)
2025-07-11 16:21:08,801 - __main__ - INFO - ✅ Skipping پتایرح (already up-to-date, 0.4 hours old)
2025-07-11 16:21:08,802 - __main__ - INFO - ✅ Skipping سبزوا (already up-to-date, 0.4 hours old)
2025-07-11 16:21:08,802 - __main__ - INFO - ✅ Skipping زماهان (already up-to-date, 0.4 hours old)
2025-07-11 16:21:08,803 - __main__ - INFO - ✅ Skipping چافست (already up-to-date, 0.4 hours old)
2025-07-11 16:21:08,803 - __main__ - INFO - ✅ Skipping خفولا (already up-to-date, 0.4 hours old)
2025-07-11 16:21:08,804 - __main__ - INFO - ✅ Skipping وامید (already up-to-date, 0.4 hours old)
2025-07-11 16:21:08,804 - __main__ - INFO - ✅ Skipping تکالا (already up-to-date, 0.4 hours old)
2025-07-11 16:21:08,805 - __main__ - INFO - ✅ Skipping شگل (already up-to-date, 0.4 hours old)
2025-07-11 16:21:08,806 - __main__ - INFO - ✅ Skipping دارا یکم (already up-to-date, 0.4 hours old)
2025-07-11 16:21:08,806 - __main__ - INFO - ✅ Skipping داریک (already up-to-date, 0.4 hours old)
2025-07-11 16:21:08,807 - __main__ - INFO - ✅ Skipping وسالت (already up-to-date, 0.4 hours old)
2025-07-11 16:21:08,807 - __main__ - INFO - ✅ Skipping وسهرمز (already up-to-date, 0.4 hours old)
2025-07-11 16:21:08,808 - __main__ - INFO - ✅ Skipping وپخش (already up-to-date, 0.4 hours old)
2025-07-11 16:21:08,808 - __main__ - INFO - ✅ Skipping باختر (already up-to-date, 0.4 hours old)
2025-07-11 16:21:08,808 - __main__ - INFO - ⏰ File for بتکح is old (93.1 hours). Attempting to update...
2025-07-11 16:21:09,464 - __main__ - ERROR - ❌ Failed to download بتکح: single positional indexer is out-of-bounds. Will retry on next run.
2025-07-11 16:21:09,465 - __main__ - INFO - ✅ Skipping غزر (already up-to-date, 0.4 hours old)
2025-07-11 16:21:09,466 - __main__ - INFO - ✅ Skipping لبوتانح (already up-to-date, 0.4 hours old)
2025-07-11 16:21:09,466 - __main__ - INFO - ⏰ File for دتهرانح is old (93.1 hours). Attempting to update...
2025-07-11 16:21:11,241 - __main__ - ERROR - ❌ Failed to download دتهرانح: single positional indexer is out-of-bounds. Will retry on next run.
2025-07-11 16:21:11,242 - __main__ - INFO - ✅ Skipping بهیر (already up-to-date, 0.4 hours old)
2025-07-11 16:21:11,243 - __main__ - INFO - ⏰ File for اروند is old (93.1 hours). Attempting to update...
2025-07-11 16:21:11,936 - __main__ - ERROR - ❌ Failed to download اروند: single positional indexer is out-of-bounds. Will retry on next run.
2025-07-11 16:21:11,936 - __main__ - INFO - ✅ Skipping فنفت (already up-to-date, 0.4 hours old)
2025-07-11 16:21:11,937 - __main__ - INFO - ✅ Skipping چکارنح (already up-to-date, 0.4 hours old)
2025-07-11 16:21:11,937 - __main__ - INFO - ⏰ File for وکغدیرح is old (93.1 hours). Attempting to update...
2025-07-11 16:21:12,580 - __main__ - ERROR - ❌ Failed to download وکغدیرح: single positional indexer is out-of-bounds. Will retry on next run.
2025-07-11 16:21:12,581 - __main__ - INFO - ✅ Skipping فمراد (already up-to-date, 0.4 hours old)
2025-07-11 16:21:12,582 - __main__ - INFO - ✅ Skipping درازی (already up-to-date, 0.4 hours old)
2025-07-11 16:21:12,582 - __main__ - INFO - ✅ Skipping بوعلی (already up-to-date, 0.4 hours old)
2025-07-11 16:21:12,583 - __main__ - INFO - ✅ Skipping خفنرح (already up-to-date, 0.4 hours old)
2025-07-11 16:21:12,583 - __main__ - INFO - ✅ Skipping پدرخش (already up-to-date, 0.4 hours old)
2025-07-11 16:21:12,584 - __main__ - INFO - ✅ Skipping فگستر (already up-to-date, 0.4 hours old)
2025-07-11 16:21:12,585 - __main__ - INFO - ✅ Skipping زشریف (already up-to-date, 0.4 hours old)
2025-07-11 16:21:12,585 - __main__ - INFO - ✅ Skipping غپینوح (already up-to-date, 0.4 hours old)
2025-07-11 16:21:12,586 - __main__ - INFO - ✅ Skipping همراهح (already up-to-date, 0.4 hours old)
2025-07-11 16:21:12,586 - __main__ - INFO - ✅ Skipping آبادا (already up-to-date, 0.4 hours old)
2025-07-11 16:21:12,587 - __main__ - INFO - ✅ Skipping غگلستا (already up-to-date, 0.4 hours old)
2025-07-11 16:21:12,587 - __main__ - INFO - ✅ Skipping ددامح (already up-to-date, 0.4 hours old)
2025-07-11 16:21:12,588 - __main__ - INFO - ✅ Skipping شاملاح (already up-to-date, 0.4 hours old)
2025-07-11 16:21:12,588 - __main__ - INFO - ✅ Skipping شملی (already up-to-date, 0.4 hours old)
2025-07-11 16:21:12,589 - __main__ - INFO - ✅ Skipping سام (already up-to-date, 0.4 hours old)
2025-07-11 16:21:12,590 - __main__ - INFO - ✅ Skipping وایرا (already up-to-date, 0.4 hours old)
2025-07-11 16:21:12,590 - __main__ - INFO - ✅ Skipping زرفام (already up-to-date, 0.4 hours old)
2025-07-11 16:21:12,592 - __main__ - INFO - ✅ Skipping شدوصح (already up-to-date, 0.4 hours old)
2025-07-11 16:21:12,592 - __main__ - INFO - ✅ Skipping رتکو (already up-to-date, 0.4 hours old)
2025-07-11 16:21:12,593 - __main__ - INFO - ✅ Skipping غشصفاح (already up-to-date, 0.4 hours old)
2025-07-11 16:21:12,593 - __main__ - INFO - ✅ Skipping تپولا (already up-to-date, 0.4 hours old)
2025-07-11 16:21:12,594 - __main__ - INFO - ✅ Skipping سخاشح (already up-to-date, 0.4 hours old)
2025-07-11 16:21:12,594 - __main__ - INFO - ✅ Skipping رایکا (already up-to-date, 0.4 hours old)
2025-07-11 16:21:12,595 - __main__ - INFO - ✅ Skipping بترانسح (already up-to-date, 0.4 hours old)
2025-07-11 16:21:12,596 - __main__ - INFO - ✅ Skipping میهن (already up-to-date, 0.4 hours old)
2025-07-11 16:21:12,597 - __main__ - INFO - ✅ Skipping جم پیلن (already up-to-date, 0.4 hours old)
2025-07-11 16:21:12,598 - __main__ - INFO - ✅ Skipping رنیک (already up-to-date, 0.4 hours old)
2025-07-11 16:21:12,598 - __main__ - INFO - ✅ Skipping سایرا (already up-to-date, 0.4 hours old)
2025-07-11 16:21:12,599 - __main__ - INFO - ✅ Skipping شصفهاح (already up-to-date, 0.4 hours old)
2025-07-11 16:21:12,599 - __main__ - INFO - ✅ Skipping آفرین (already up-to-date, 0.4 hours old)
2025-07-11 16:21:12,600 - __main__ - INFO - ✅ Skipping کپشیرح (already up-to-date, 0.4 hours old)
2025-07-11 16:21:12,601 - __main__ - INFO - ✅ Skipping شاراکح (already up-to-date, 0.4 hours old)
2025-07-11 16:21:12,601 - __main__ - INFO - ✅ Skipping وسپه (already up-to-date, 0.4 hours old)
2025-07-11 16:21:12,602 - __main__ - INFO - ✅ Skipping فالوم (already up-to-date, 0.4 hours old)
2025-07-11 16:21:12,602 - __main__ - INFO - ✅ Skipping خودکفا (already up-to-date, 0.4 hours old)
2025-07-11 16:21:12,603 - __main__ - INFO - ✅ Skipping شتوکا (already up-to-date, 0.4 hours old)
2025-07-11 16:21:12,604 - __main__ - INFO - ✅ Skipping شگلح (already up-to-date, 0.4 hours old)
2025-07-11 16:21:12,604 - __main__ - INFO - ✅ Skipping کروی (already up-to-date, 0.4 hours old)
2025-07-11 16:21:12,605 - __main__ - INFO - ✅ Skipping شلعاب (already up-to-date, 0.4 hours old)
2025-07-11 16:21:12,605 - __main__ - INFO - ✅ Skipping هجرت (already up-to-date, 0.4 hours old)
2025-07-11 16:21:12,606 - __main__ - INFO - ✅ Skipping صنم (already up-to-date, 0.4 hours old)
2025-07-11 16:21:12,606 - __main__ - INFO - ✅ Skipping وبشهر (already up-to-date, 0.4 hours old)
2025-07-11 16:21:12,607 - __main__ - INFO - ✅ Skipping دزهراویح (already up-to-date, 0.4 hours old)
2025-07-11 16:21:12,608 - __main__ - INFO - ✅ Skipping خنصیر (already up-to-date, 0.4 hours old)
2025-07-11 16:21:12,608 - __main__ - INFO - ✅ Skipping انتخاب (already up-to-date, 0.4 hours old)
2025-07-11 16:21:12,608 - __main__ - INFO - ✅ Skipping شستان (already up-to-date, 0.4 hours old)
2025-07-11 16:21:12,609 - __main__ - INFO - ✅ Skipping توسکا (already up-to-date, 0.4 hours old)
2025-07-11 16:21:12,609 - __main__ - INFO - ✅ Skipping خکاوه (already up-to-date, 0.4 hours old)
2025-07-11 16:21:12,610 - __main__ - INFO - ✅ Skipping تابش (already up-to-date, 0.4 hours old)
2025-07-11 16:21:12,610 - __main__ - INFO - ✅ Skipping خزر (already up-to-date, 0.4 hours old)
2025-07-11 16:21:12,611 - __main__ - INFO - ✅ Skipping ثاژنح (already up-to-date, 0.4 hours old)
2025-07-11 16:21:12,611 - __main__ - INFO - ✅ Skipping درازک (already up-to-date, 0.4 hours old)
2025-07-11 16:21:12,612 - __main__ - INFO - ⏰ File for فبستمح is old (93.1 hours). Attempting to update...
2025-07-11 16:21:13,309 - __main__ - ERROR - ❌ Failed to download فبستمح: single positional indexer is out-of-bounds. Will retry on next run.
2025-07-11 16:21:13,310 - __main__ - INFO - ✅ Skipping شکبیر (already up-to-date, 0.4 hours old)
2025-07-11 16:21:13,311 - __main__ - INFO - ⏰ File for کایگچح is old (93.1 hours). Attempting to update...
2025-07-11 16:21:14,005 - __main__ - ERROR - ❌ Failed to download کایگچح: single positional indexer is out-of-bounds. Will retry on next run.
2025-07-11 16:21:14,005 - __main__ - INFO - ✅ Skipping ولملت (already up-to-date, 0.4 hours old)
2025-07-11 16:21:14,006 - __main__ - INFO - ✅ Skipping چخزر (already up-to-date, 0.4 hours old)
2025-07-11 16:21:14,006 - __main__ - INFO - ✅ Skipping حپرتو (already up-to-date, 0.4 hours old)
2025-07-11 16:21:14,007 - __main__ - INFO - ✅ Skipping ثشرقح (already up-to-date, 0.4 hours old)
2025-07-11 16:21:14,007 - __main__ - INFO - ✅ Skipping گوهر (already up-to-date, 0.4 hours old)
2025-07-11 16:21:14,008 - __main__ - INFO - ✅ Skipping ثقزوی (already up-to-date, 0.4 hours old)
2025-07-11 16:21:14,008 - __main__ - INFO - ✅ Skipping آکام (already up-to-date, 0.4 hours old)
2025-07-11 16:21:14,009 - __main__ - INFO - ✅ Skipping تاصیکو (already up-to-date, 0.4 hours old)
2025-07-11 16:21:14,009 - __main__ - INFO - ✅ Skipping وثخوز (already up-to-date, 0.4 hours old)
2025-07-11 16:21:14,009 - __main__ - INFO - ✅ Skipping همراه (already up-to-date, 0.4 hours old)
2025-07-11 16:21:14,010 - __main__ - INFO - ✅ Skipping آریا (already up-to-date, 0.4 hours old)
2025-07-11 16:21:14,010 - __main__ - INFO - ✅ Skipping شلعابح (already up-to-date, 0.4 hours old)
2025-07-11 16:21:14,011 - __main__ - INFO - ✅ Skipping وبهمنح (already up-to-date, 0.4 hours old)
2025-07-11 16:21:14,011 - __main__ - INFO - ✅ Skipping تنوین (already up-to-date, 0.4 hours old)
2025-07-11 16:21:14,012 - __main__ - INFO - ✅ Skipping غمارگ (already up-to-date, 0.4 hours old)
2025-07-11 16:21:14,013 - __main__ - INFO - ✅ Skipping خبهمن (already up-to-date, 0.4 hours old)
2025-07-11 16:21:14,014 - __main__ - INFO - ✅ Skipping لسرماح (already up-to-date, 0.4 hours old)
2025-07-11 16:21:14,015 - __main__ - INFO - ✅ Skipping کویر (already up-to-date, 0.4 hours old)
2025-07-11 16:21:14,016 - __main__ - INFO - ✅ Skipping ثتوسا (already up-to-date, 0.4 hours old)
2025-07-11 16:21:14,017 - __main__ - INFO - ✅ Skipping تایراح (already up-to-date, 0.4 hours old)
2025-07-11 16:21:14,017 - __main__ - INFO - ✅ Skipping غدام (already up-to-date, 0.4 hours old)
2025-07-11 16:21:14,018 - __main__ - INFO - ✅ Skipping فلزفارابی (already up-to-date, 0.4 hours old)
2025-07-11 16:21:14,018 - __main__ - INFO - ✅ Skipping فافق (already up-to-date, 0.4 hours old)
2025-07-11 16:21:14,019 - __main__ - INFO - ✅ Skipping فاراک (already up-to-date, 0.4 hours old)
2025-07-11 16:21:14,019 - __main__ - INFO - ✅ Skipping غمارگح (already up-to-date, 0.4 hours old)
2025-07-11 16:21:14,020 - __main__ - INFO - ✅ Skipping شفارس (already up-to-date, 0.4 hours old)
2025-07-11 16:21:14,020 - __main__ - INFO - ✅ Skipping سفاسیتح (already up-to-date, 0.4 hours old)
2025-07-11 16:21:14,021 - __main__ - INFO - ✅ Skipping شفنح (already up-to-date, 0.4 hours old)
2025-07-11 16:21:14,021 - __main__ - INFO - ✅ Skipping وسکرشا (already up-to-date, 0.4 hours old)
2025-07-11 16:21:14,021 - __main__ - INFO - ✅ Skipping پردیس (already up-to-date, 0.4 hours old)
2025-07-11 16:21:14,021 - __main__ - INFO - ✅ Skipping ثاژن (already up-to-date, 0.4 hours old)
2025-07-11 16:21:14,022 - __main__ - INFO - ✅ Skipping کفراح (already up-to-date, 0.4 hours old)
2025-07-11 16:21:14,022 - __main__ - INFO - ✅ Skipping دسبحا (already up-to-date, 0.4 hours old)
2025-07-11 16:21:14,022 - __main__ - INFO - ✅ Skipping کهربا (already up-to-date, 0.4 hours old)
2025-07-11 16:21:14,023 - __main__ - INFO - ✅ Skipping ددام (already up-to-date, 0.4 hours old)
2025-07-11 16:21:14,023 - __main__ - INFO - ✅ Skipping ثنا (already up-to-date, 0.4 hours old)
2025-07-11 16:21:14,023 - __main__ - INFO - ✅ Skipping تراک (already up-to-date, 0.4 hours old)
2025-07-11 16:21:14,024 - __main__ - INFO - ✅ Skipping سمتاز (already up-to-date, 0.4 hours old)
2025-07-11 16:21:14,024 - __main__ - INFO - ✅ Skipping تماوند (already up-to-date, 0.4 hours old)
2025-07-11 16:21:14,024 - __main__ - INFO - ✅ Skipping تکمباح (already up-to-date, 0.4 hours old)
2025-07-11 16:21:14,025 - __main__ - INFO - ✅ Skipping فزرین (already up-to-date, 0.4 hours old)
2025-07-11 16:21:14,025 - __main__ - INFO - ✅ Skipping دسبحان (already up-to-date, 0.4 hours old)
2025-07-11 16:21:14,025 - __main__ - INFO - ✅ Skipping شسینا (already up-to-date, 0.4 hours old)
2025-07-11 16:21:14,025 - __main__ - INFO - ✅ Skipping ونوین (already up-to-date, 0.4 hours old)
2025-07-11 16:21:14,026 - __main__ - INFO - ✅ Skipping کارا (already up-to-date, 0.4 hours old)
2025-07-11 16:21:14,027 - __main__ - INFO - ✅ Skipping فرابورس (already up-to-date, 0.4 hours old)
2025-07-11 16:21:14,027 - __main__ - INFO - ✅ Skipping رکیشح (already up-to-date, 0.4 hours old)
2025-07-11 16:21:14,027 - __main__ - INFO - ✅ Skipping خساپا (already up-to-date, 0.4 hours old)
2025-07-11 16:21:14,028 - __main__ - INFO - ✅ Skipping گلدیرا (already up-to-date, 0.4 hours old)
2025-07-11 16:21:14,029 - __main__ - INFO - ✅ Skipping تجلی (already up-to-date, 0.4 hours old)
2025-07-11 16:21:14,030 - __main__ - INFO - ✅ Skipping خکارح (already up-to-date, 0.4 hours old)
2025-07-11 16:21:14,031 - __main__ - INFO - ✅ Skipping پرداختح (already up-to-date, 0.4 hours old)
2025-07-11 16:21:14,032 - __main__ - INFO - ✅ Skipping وسپهح (already up-to-date, 0.4 hours old)
2025-07-11 16:21:14,032 - __main__ - INFO - ✅ Skipping زمگسا (already up-to-date, 0.4 hours old)
2025-07-11 16:21:14,033 - __main__ - INFO - ✅ Skipping وتوسکا (already up-to-date, 0.4 hours old)
2025-07-11 16:21:14,033 - __main__ - INFO - ✅ Skipping فجر (already up-to-date, 0.4 hours old)
2025-07-11 16:21:14,033 - __main__ - INFO - ✅ Skipping قنیشا (already up-to-date, 0.3 hours old)
2025-07-11 16:21:14,034 - __main__ - INFO - ✅ Skipping شکام (already up-to-date, 0.3 hours old)
2025-07-11 16:21:14,034 - __main__ - INFO - ✅ Skipping شپترو (already up-to-date, 0.3 hours old)
2025-07-11 16:21:14,034 - __main__ - INFO - ✅ Skipping سهرمز (already up-to-date, 0.3 hours old)
2025-07-11 16:21:14,035 - __main__ - INFO - ✅ Skipping غفارس (already up-to-date, 0.3 hours old)
2025-07-11 16:21:14,035 - __main__ - INFO - ✅ Skipping کنورح (already up-to-date, 0.3 hours old)
2025-07-11 16:21:14,036 - __main__ - INFO - ✅ Skipping سپاها (already up-to-date, 0.3 hours old)
2025-07-11 16:21:14,036 - __main__ - INFO - ✅ Skipping فغدیر (already up-to-date, 0.3 hours old)
2025-07-11 16:21:14,037 - __main__ - INFO - ✅ Skipping وکارح (already up-to-date, 0.3 hours old)
2025-07-11 16:21:14,037 - __main__ - INFO - ✅ Skipping ارزش (already up-to-date, 0.3 hours old)
2025-07-11 16:21:14,038 - __main__ - INFO - ✅ Skipping وسهمدا (already up-to-date, 0.3 hours old)
2025-07-11 16:21:14,038 - __main__ - INFO - ✅ Skipping شبهرن (already up-to-date, 0.3 hours old)
2025-07-11 16:21:14,038 - __main__ - INFO - ✅ Skipping سباقر (already up-to-date, 0.3 hours old)
2025-07-11 16:21:14,039 - __main__ - INFO - ✅ Skipping سنیرح (already up-to-date, 0.3 hours old)
2025-07-11 16:21:14,039 - __main__ - INFO - ✅ Skipping افرا (already up-to-date, 0.3 hours old)
2025-07-11 16:21:14,040 - __main__ - INFO - ✅ Skipping غمایه (already up-to-date, 0.3 hours old)
2025-07-11 16:21:14,040 - __main__ - INFO - ✅ Skipping چکاوه (already up-to-date, 0.3 hours old)
2025-07-11 16:21:14,040 - __main__ - INFO - ✅ Skipping نیرو (already up-to-date, 0.3 hours old)
2025-07-11 16:21:14,041 - __main__ - INFO - ✅ Skipping وسصفا (already up-to-date, 0.3 hours old)
2025-07-11 16:21:14,041 - __main__ - INFO - ✅ Skipping آلتون (already up-to-date, 0.3 hours old)
2025-07-11 16:21:14,041 - __main__ - INFO - ✅ Skipping ناب (already up-to-date, 0.3 hours old)
2025-07-11 16:21:14,042 - __main__ - INFO - ✅ Skipping شصفها (already up-to-date, 0.3 hours old)
2025-07-11 16:21:14,042 - __main__ - INFO - ✅ Skipping توریل (already up-to-date, 0.3 hours old)
2025-07-11 16:21:14,042 - __main__ - INFO - ✅ Skipping ورناح (already up-to-date, 0.3 hours old)
2025-07-11 16:21:14,043 - __main__ - INFO - ✅ Skipping موج (already up-to-date, 0.3 hours old)
2025-07-11 16:21:14,043 - __main__ - INFO - ✅ Skipping الماس (already up-to-date, 0.3 hours old)
2025-07-11 16:21:14,043 - __main__ - INFO - ✅ Skipping وسقم (already up-to-date, 0.3 hours old)
2025-07-11 16:21:14,044 - __main__ - INFO - ✅ Skipping سکردح (already up-to-date, 0.3 hours old)
2025-07-11 16:21:14,044 - __main__ - INFO - ✅ Skipping دجابرح (already up-to-date, 0.3 hours old)
2025-07-11 16:21:14,045 - __main__ - INFO - ✅ Skipping اخابر (already up-to-date, 0.3 hours old)
2025-07-11 16:21:14,046 - __main__ - INFO - ✅ Skipping غگلح (already up-to-date, 0.3 hours old)
2025-07-11 16:21:14,048 - __main__ - INFO - ✅ Skipping سآبیک (already up-to-date, 0.3 hours old)
2025-07-11 16:21:14,049 - __main__ - INFO - ✅ Skipping تمحرکه (already up-to-date, 0.3 hours old)
2025-07-11 16:21:14,049 - __main__ - INFO - ✅ Skipping سصوفیح (already up-to-date, 0.3 hours old)
2025-07-11 16:21:14,050 - __main__ - INFO - ✅ Skipping خساپاح (already up-to-date, 0.3 hours old)
2025-07-11 16:21:14,050 - __main__ - INFO - ✅ Skipping غگلپا (already up-to-date, 0.3 hours old)
2025-07-11 16:21:14,051 - __main__ - INFO - ✅ Skipping دفراح (already up-to-date, 0.3 hours old)
2025-07-11 16:21:14,051 - __main__ - INFO - ✅ Skipping ساربیلح (already up-to-date, 0.3 hours old)
2025-07-11 16:21:14,052 - __main__ - INFO - ⏰ File for لکماح is old (93.1 hours). Attempting to update...
2025-07-11 16:21:14,784 - __main__ - ERROR - ❌ Failed to download لکماح: single positional indexer is out-of-bounds. Will retry on next run.
2025-07-11 16:21:14,785 - __main__ - INFO - ✅ Skipping ورازی (already up-to-date, 0.3 hours old)
2025-07-11 16:21:14,785 - __main__ - INFO - ✅ Skipping کطبس (already up-to-date, 0.3 hours old)
2025-07-11 16:21:14,786 - __main__ - INFO - ⏰ File for قستونح is old (93.1 hours). Attempting to update...
2025-07-11 16:21:16,459 - __main__ - ERROR - ❌ Failed to download قستونح: single positional indexer is out-of-bounds. Will retry on next run.
2025-07-11 16:21:16,460 - __main__ - INFO - ✅ Skipping قثابت (already up-to-date, 0.3 hours old)
2025-07-11 16:21:16,460 - __main__ - INFO - ✅ Skipping دروزح (already up-to-date, 0.3 hours old)
2025-07-11 16:21:16,461 - __main__ - INFO - ✅ Skipping ثشرق (already up-to-date, 0.3 hours old)
2025-07-11 16:21:16,461 - __main__ - INFO - ✅ Skipping سخوزح (already up-to-date, 0.3 hours old)
2025-07-11 16:21:16,462 - __main__ - INFO - ✅ Skipping ثامانح (already up-to-date, 0.3 hours old)
2025-07-11 16:21:16,463 - __main__ - INFO - ✅ Skipping رتاپح (already up-to-date, 0.3 hours old)
2025-07-11 16:21:16,465 - __main__ - INFO - ✅ Skipping غشوکو (already up-to-date, 0.3 hours old)
2025-07-11 16:21:16,465 - __main__ - INFO - ✅ Skipping دتهران (already up-to-date, 0.3 hours old)
2025-07-11 16:21:16,466 - __main__ - INFO - ✅ Skipping فجهانح (already up-to-date, 0.3 hours old)
2025-07-11 16:21:16,466 - __main__ - INFO - ✅ Skipping سرودح (already up-to-date, 0.3 hours old)
2025-07-11 16:21:16,467 - __main__ - INFO - ✅ Skipping سشمالح (already up-to-date, 0.3 hours old)
2025-07-11 16:21:16,467 - __main__ - INFO - ⏰ File for قمروح is old (93.1 hours). Attempting to update...
2025-07-11 16:21:17,109 - __main__ - ERROR - ❌ Failed to download قمروح: single positional indexer is out-of-bounds. Will retry on next run.
2025-07-11 16:21:17,110 - __main__ - INFO - ✅ Skipping سحرخیز (already up-to-date, 0.3 hours old)
2025-07-11 16:21:17,111 - __main__ - INFO - ✅ Skipping ونیکیح (already up-to-date, 0.3 hours old)
2025-07-11 16:21:17,111 - __main__ - INFO - ✅ Skipping وسفارس (already up-to-date, 0.3 hours old)
2025-07-11 16:21:17,112 - __main__ - INFO - ✅ Skipping سبهانح (already up-to-date, 0.3 hours old)
2025-07-11 16:21:17,112 - __main__ - INFO - ✅ Skipping کاما (already up-to-date, 0.3 hours old)
2025-07-11 16:21:17,113 - __main__ - INFO - ⏰ File for شرنگیح is old (93.1 hours). Attempting to update...
2025-07-11 16:21:17,792 - __main__ - ERROR - ❌ Failed to download شرنگیح: single positional indexer is out-of-bounds. Will retry on next run.
2025-07-11 16:21:17,794 - __main__ - INFO - ✅ Skipping وسخراش (already up-to-date, 0.3 hours old)
2025-07-11 16:21:17,794 - __main__ - INFO - ✅ Skipping اتکام (already up-to-date, 0.3 hours old)
2025-07-11 16:21:17,795 - __main__ - INFO - ✅ Skipping فمتال (already up-to-date, 0.3 hours old)
2025-07-11 16:21:17,795 - __main__ - INFO - ✅ Skipping سخواف (already up-to-date, 0.3 hours old)
2025-07-11 16:21:17,796 - __main__ - INFO - ✅ Skipping فنر (already up-to-date, 0.3 hours old)
2025-07-11 16:21:17,796 - __main__ - INFO - ✅ Skipping سفار (already up-to-date, 0.3 hours old)
2025-07-11 16:21:17,797 - __main__ - INFO - ✅ Skipping لپیام (already up-to-date, 0.3 hours old)
2025-07-11 16:21:17,797 - __main__ - INFO - ✅ Skipping فارس (already up-to-date, 0.3 hours old)
2025-07-11 16:21:17,798 - __main__ - INFO - ✅ Skipping پاساح (already up-to-date, 0.3 hours old)
2025-07-11 16:21:17,798 - __main__ - INFO - ✅ Skipping دلرح (already up-to-date, 0.3 hours old)
2025-07-11 16:21:17,799 - __main__ - INFO - ✅ Skipping دامون (already up-to-date, 0.3 hours old)
2025-07-11 16:21:17,799 - __main__ - INFO - ✅ Skipping رویین (already up-to-date, 0.3 hours old)
2025-07-11 16:21:17,800 - __main__ - INFO - ✅ Skipping بمولد (already up-to-date, 0.3 hours old)
2025-07-11 16:21:17,801 - __main__ - INFO - ✅ Skipping دعبید (already up-to-date, 0.3 hours old)
2025-07-11 16:21:17,802 - __main__ - INFO - ✅ Skipping فخوزح (already up-to-date, 0.3 hours old)
2025-07-11 16:21:17,803 - __main__ - INFO - ✅ Skipping خمحرکه (already up-to-date, 0.3 hours old)
2025-07-11 16:21:17,804 - __main__ - INFO - ✅ Skipping ونفت (already up-to-date, 0.3 hours old)
2025-07-11 16:21:17,804 - __main__ - INFO - ✅ Skipping وسرضوی (already up-to-date, 0.3 hours old)
2025-07-11 16:21:17,804 - __main__ - INFO - ✅ Skipping پیزد (already up-to-date, 0.3 hours old)
2025-07-11 16:21:17,805 - __main__ - INFO - ✅ Skipping بفجرح (already up-to-date, 0.3 hours old)
2025-07-11 16:21:17,805 - __main__ - INFO - ✅ Skipping فخاس (already up-to-date, 0.3 hours old)
2025-07-11 16:21:17,806 - __main__ - INFO - ✅ Skipping غبهنوش (already up-to-date, 0.3 hours old)
2025-07-11 16:21:17,806 - __main__ - INFO - ✅ Skipping وپاسار (already up-to-date, 0.3 hours old)
2025-07-11 16:21:17,807 - __main__ - INFO - ✅ Skipping سارابح (already up-to-date, 0.3 hours old)
2025-07-11 16:21:17,807 - __main__ - INFO - ✅ Skipping غپینو (already up-to-date, 0.3 hours old)
2025-07-11 16:21:17,808 - __main__ - INFO - ✅ Skipping پارتاح (already up-to-date, 0.3 hours old)
2025-07-11 16:21:17,808 - __main__ - INFO - ✅ Skipping ومهان (already up-to-date, 0.3 hours old)
2025-07-11 16:21:17,809 - __main__ - INFO - ⏰ File for فبیستون is old (93.1 hours). Attempting to update...
2025-07-11 16:21:18,533 - __main__ - ERROR - ❌ Failed to download فبیستون: single positional indexer is out-of-bounds. Will retry on next run.
2025-07-11 16:21:18,534 - __main__ - INFO - ✅ Skipping ساینا (already up-to-date, 0.3 hours old)
2025-07-11 16:21:18,534 - __main__ - INFO - ✅ Skipping فسرب (already up-to-date, 0.3 hours old)
2025-07-11 16:21:18,535 - __main__ - INFO - ✅ Skipping اردستان (already up-to-date, 0.3 hours old)
2025-07-11 16:21:18,536 - __main__ - INFO - ✅ Skipping غساساح (already up-to-date, 0.3 hours old)
2025-07-11 16:21:18,537 - __main__ - INFO - ✅ Skipping کساوه (already up-to-date, 0.3 hours old)
2025-07-11 16:21:18,537 - __main__ - INFO - ✅ Skipping سیمرغ (already up-to-date, 0.3 hours old)
2025-07-11 16:21:18,538 - __main__ - INFO - ✅ Skipping کرازیح (already up-to-date, 0.3 hours old)
2025-07-11 16:21:18,538 - __main__ - INFO - ⏰ File for نتوسح is old (93.1 hours). Attempting to update...
2025-07-11 16:21:19,252 - __main__ - ERROR - ❌ Failed to download نتوسح: single positional indexer is out-of-bounds. Will retry on next run.
2025-07-11 16:21:19,253 - __main__ - INFO - ✅ Skipping بسویچ (already up-to-date, 0.3 hours old)
2025-07-11 16:21:19,253 - __main__ - INFO - ✅ Skipping خشرقح (already up-to-date, 0.3 hours old)
2025-07-11 16:21:19,254 - __main__ - INFO - ✅ Skipping تیپیکو (already up-to-date, 0.3 hours old)
2025-07-11 16:21:19,255 - __main__ - INFO - ✅ Skipping اطلس (already up-to-date, 0.3 hours old)
2025-07-11 16:21:19,255 - __main__ - INFO - ✅ Skipping ولساپاح (already up-to-date, 0.3 hours old)
2025-07-11 16:21:19,256 - __main__ - INFO - ✅ Skipping ریشمک (already up-to-date, 0.3 hours old)
2025-07-11 16:21:19,256 - __main__ - INFO - ⏰ File for اجداد is old (93.1 hours). Attempting to update...
2025-07-11 16:21:19,903 - __main__ - ERROR - ❌ Failed to download اجداد: single positional indexer is out-of-bounds. Will retry on next run.
2025-07-11 16:21:19,904 - __main__ - INFO - ✅ Skipping اپرداز (already up-to-date, 0.3 hours old)
2025-07-11 16:21:19,904 - __main__ - INFO - ⏰ File for سکارونح is old (93.1 hours). Attempting to update...
2025-07-11 16:21:20,568 - __main__ - ERROR - ❌ Failed to download سکارونح: single positional indexer is out-of-bounds. Will retry on next run.
2025-07-11 16:21:20,569 - __main__ - INFO - ✅ Skipping خبنیان (already up-to-date, 0.3 hours old)
2025-07-11 16:21:20,569 - __main__ - INFO - ✅ Skipping فسبزوار (already up-to-date, 0.3 hours old)
2025-07-11 16:21:20,570 - __main__ - INFO - ✅ Skipping فلولهح (already up-to-date, 0.3 hours old)
2025-07-11 16:21:20,571 - __main__ - INFO - ✅ Skipping خریخت (already up-to-date, 0.3 hours old)
2025-07-11 16:21:20,571 - __main__ - INFO - ✅ Skipping خورشید (already up-to-date, 0.3 hours old)
2025-07-11 16:21:20,571 - __main__ - INFO - ✅ Skipping شکربنح (already up-to-date, 0.3 hours old)
2025-07-11 16:21:20,572 - __main__ - INFO - ⏰ File for حفجر is old (93.1 hours). Attempting to update...
2025-07-11 16:21:21,271 - __main__ - ERROR - ❌ Failed to download حفجر: single positional indexer is out-of-bounds. Will retry on next run.
2025-07-11 16:21:21,272 - __main__ - INFO - ✅ Skipping کطبسح (already up-to-date, 0.3 hours old)
2025-07-11 16:21:21,272 - __main__ - INFO - ✅ Skipping اکالا (already up-to-date, 0.3 hours old)
2025-07-11 16:21:21,273 - __main__ - INFO - ✅ Skipping اعتلا (already up-to-date, 0.3 hours old)
2025-07-11 16:21:21,284 - __main__ - INFO - ✅ Skipping ثپردیس (already up-to-date, 0.3 hours old)
2025-07-11 16:21:21,284 - __main__ - INFO - ✅ Skipping پکویر (already up-to-date, 0.3 hours old)
2025-07-11 16:21:21,284 - __main__ - INFO - ✅ Skipping کدما (already up-to-date, 0.3 hours old)
2025-07-11 16:21:21,285 - __main__ - INFO - ✅ Skipping فجامح (already up-to-date, 0.3 hours old)
2025-07-11 16:21:21,286 - __main__ - INFO - ✅ Skipping وپتروح (already up-to-date, 0.3 hours old)
2025-07-11 16:21:21,286 - __main__ - INFO - ✅ Skipping حشکوه (already up-to-date, 0.3 hours old)
2025-07-11 16:21:21,287 - __main__ - INFO - ✅ Skipping واعتبارح (already up-to-date, 0.3 hours old)
2025-07-11 16:21:21,287 - __main__ - INFO - ✅ Skipping سشمال (already up-to-date, 0.3 hours old)
2025-07-11 16:21:21,288 - __main__ - INFO - ✅ Skipping بسویچح (already up-to-date, 0.3 hours old)
2025-07-11 16:21:21,288 - __main__ - INFO - ✅ Skipping وبهمن (already up-to-date, 0.3 hours old)
2025-07-11 16:21:21,289 - __main__ - INFO - ✅ Skipping فافزا (already up-to-date, 0.3 hours old)
2025-07-11 16:21:21,290 - __main__ - INFO - ✅ Skipping دفاراح (already up-to-date, 0.3 hours old)
2025-07-11 16:21:21,290 - __main__ - INFO - ✅ Skipping ونفتح (already up-to-date, 0.3 hours old)
2025-07-11 16:21:21,291 - __main__ - INFO - ✅ Skipping وسکابح (already up-to-date, 0.3 hours old)
2025-07-11 16:21:21,291 - __main__ - INFO - ✅ Skipping شرانل (already up-to-date, 0.3 hours old)
2025-07-11 16:21:21,292 - __main__ - INFO - ✅ Skipping شساخت (already up-to-date, 0.3 hours old)
2025-07-11 16:21:21,292 - __main__ - INFO - ✅ Skipping کاردان (already up-to-date, 0.3 hours old)
2025-07-11 16:21:21,293 - __main__ - INFO - ✅ Skipping حکشتیح (already up-to-date, 0.3 hours old)
2025-07-11 16:21:21,294 - __main__ - INFO - ✅ Skipping قشیرح (already up-to-date, 0.3 hours old)
2025-07-11 16:21:21,294 - __main__ - INFO - ✅ Skipping شتاب (already up-to-date, 0.3 hours old)
2025-07-11 16:21:21,295 - __main__ - INFO - ✅ Skipping ونوینح (already up-to-date, 0.3 hours old)
2025-07-11 16:21:21,295 - __main__ - INFO - ✅ Skipping غبهپاک (already up-to-date, 0.3 hours old)
2025-07-11 16:21:21,296 - __main__ - INFO - ✅ Skipping چکاپا (already up-to-date, 0.3 hours old)
2025-07-11 16:21:21,297 - __main__ - INFO - ✅ Skipping وساربیل (already up-to-date, 0.3 hours old)
2025-07-11 16:21:21,298 - __main__ - INFO - ✅ Skipping کدماح (already up-to-date, 0.3 hours old)
2025-07-11 16:21:21,299 - __main__ - INFO - ✅ Skipping خپارس (already up-to-date, 0.3 hours old)
2025-07-11 16:21:21,300 - __main__ - INFO - ✅ Skipping شفن (already up-to-date, 0.3 hours old)
2025-07-11 16:21:21,300 - __main__ - INFO - ✅ Skipping نشان (already up-to-date, 0.3 hours old)
2025-07-11 16:21:21,300 - __main__ - INFO - ✅ Skipping سدبیر (already up-to-date, 0.3 hours old)
2025-07-11 16:21:21,301 - __main__ - INFO - ✅ Skipping غگرجیح (already up-to-date, 0.3 hours old)
2025-07-11 16:21:21,302 - __main__ - INFO - ✅ Skipping وسکرمان (already up-to-date, 0.3 hours old)
2025-07-11 16:21:21,302 - __main__ - INFO - ✅ Skipping تملتح (already up-to-date, 0.3 hours old)
2025-07-11 16:21:21,303 - __main__ - INFO - ✅ Skipping گنگین (already up-to-date, 0.3 hours old)
2025-07-11 16:21:21,303 - __main__ - INFO - ✅ Skipping ارفع (already up-to-date, 0.3 hours old)
2025-07-11 16:21:21,304 - __main__ - INFO - ✅ Skipping سپح (already up-to-date, 0.3 hours old)
2025-07-11 16:21:21,304 - __main__ - INFO - ✅ Skipping زمگساح (already up-to-date, 0.3 hours old)
2025-07-11 16:21:21,305 - __main__ - INFO - ✅ Skipping سغربح (already up-to-date, 0.3 hours old)
2025-07-11 16:21:21,305 - __main__ - INFO - ✅ Skipping گنج (already up-to-date, 0.3 hours old)
2025-07-11 16:21:21,305 - __main__ - INFO - ⏰ File for لخزرح is old (93.1 hours). Attempting to update...
2025-07-11 16:21:21,998 - __main__ - ERROR - ❌ Failed to download لخزرح: single positional indexer is out-of-bounds. Will retry on next run.
2025-07-11 16:21:21,998 - __main__ - INFO - ✅ Skipping بپاس (already up-to-date, 0.3 hours old)
2025-07-11 16:21:22,001 - __main__ - INFO - ✅ Skipping شتهران (already up-to-date, 0.3 hours old)
2025-07-11 16:21:22,003 - __main__ - INFO - ✅ Skipping دارا (already up-to-date, 0.3 hours old)
2025-07-11 16:21:22,004 - __main__ - INFO - ✅ Skipping سمازنح (already up-to-date, 0.3 hours old)
2025-07-11 16:21:22,004 - __main__ - INFO - ✅ Skipping خپویش (already up-to-date, 0.3 hours old)
2025-07-11 16:21:22,005 - __main__ - INFO - ⏰ File for وشستان is old (93.1 hours). Attempting to update...
2025-07-11 16:21:22,654 - __main__ - ERROR - ❌ Failed to download وشستان: single positional indexer is out-of-bounds. Will retry on next run.
2025-07-11 16:21:22,654 - __main__ - INFO - ✅ Skipping سفارود (already up-to-date, 0.3 hours old)
2025-07-11 16:21:22,655 - __main__ - INFO - ✅ Skipping فتوسا (already up-to-date, 0.3 hours old)
2025-07-11 16:21:22,655 - __main__ - INFO - ✅ Skipping والماس (already up-to-date, 0.3 hours old)
2025-07-11 16:21:22,656 - __main__ - INFO - ✅ Skipping وگردش (already up-to-date, 0.3 hours old)
2025-07-11 16:21:22,657 - __main__ - INFO - ✅ Skipping کیانا (already up-to-date, 0.3 hours old)
2025-07-11 16:21:22,657 - __main__ - INFO - ✅ Skipping پکیانح (already up-to-date, 0.3 hours old)
2025-07-11 16:21:22,658 - __main__ - INFO - ✅ Skipping لپویا (already up-to-date, 0.3 hours old)
2025-07-11 16:21:22,658 - __main__ - INFO - ✅ Skipping سقاین (already up-to-date, 0.3 hours old)
2025-07-11 16:21:22,659 - __main__ - INFO - ✅ Skipping غگیلا (already up-to-date, 0.3 hours old)
2025-07-11 16:21:22,659 - __main__ - INFO - ✅ Skipping خاذین (already up-to-date, 0.3 hours old)
2025-07-11 16:21:22,660 - __main__ - INFO - ✅ Skipping رمپنا (already up-to-date, 0.3 hours old)
2025-07-11 16:21:22,661 - __main__ - INFO - ✅ Skipping فنوردح (already up-to-date, 0.3 hours old)
2025-07-11 16:21:22,661 - __main__ - INFO - ✅ Skipping کماسه (already up-to-date, 0.3 hours old)
2025-07-11 16:21:22,662 - __main__ - INFO - ✅ Skipping لازماح (already up-to-date, 0.3 hours old)
2025-07-11 16:21:22,662 - __main__ - INFO - ✅ Skipping قاروم (already up-to-date, 0.3 hours old)
2025-07-11 16:21:22,662 - __main__ - INFO - ✅ Skipping اهرم (already up-to-date, 0.3 hours old)
2025-07-11 16:21:22,663 - __main__ - INFO - ✅ Skipping چنوپاح (already up-to-date, 0.3 hours old)
2025-07-11 16:21:22,663 - __main__ - INFO - ✅ Skipping بخاور (already up-to-date, 0.3 hours old)
2025-07-11 16:21:22,664 - __main__ - INFO - ✅ Skipping مرقام (already up-to-date, 0.3 hours old)
2025-07-11 16:21:22,664 - __main__ - INFO - ✅ Skipping کگل (already up-to-date, 0.3 hours old)
2025-07-11 16:21:22,665 - __main__ - INFO - ✅ Skipping ثمسکن (already up-to-date, 0.3 hours old)
2025-07-11 16:21:22,665 - __main__ - INFO - ✅ Skipping دیران (already up-to-date, 0.3 hours old)
2025-07-11 16:21:22,666 - __main__ - INFO - ✅ Skipping کاصفا (already up-to-date, 0.3 hours old)
2025-07-11 16:21:22,666 - __main__ - INFO - ✅ Skipping بساما (already up-to-date, 0.3 hours old)
2025-07-11 16:21:22,667 - __main__ - INFO - ✅ Skipping سبجنو (already up-to-date, 0.3 hours old)
2025-07-11 16:21:22,667 - __main__ - INFO - ✅ Skipping پکیان (already up-to-date, 0.3 hours old)
2025-07-11 16:21:22,668 - __main__ - INFO - ✅ Skipping وپاسارح (already up-to-date, 0.3 hours old)
2025-07-11 16:21:22,668 - __main__ - INFO - ✅ Skipping غشهداب (already up-to-date, 0.3 hours old)
2025-07-11 16:21:22,669 - __main__ - INFO - ==================================================
2025-07-11 16:21:22,669 - __main__ - INFO - 📊 DOWNLOAD SUMMARY
2025-07-11 16:21:22,669 - __main__ - INFO - ==================================================
2025-07-11 16:21:22,669 - __main__ - INFO - - Total symbols processed: 1389
2025-07-11 16:21:22,669 - __main__ - INFO - - ✅ Successful downloads/updates: 0
2025-07-11 16:21:22,670 - __main__ - INFO - - ❌ Failed downloads: 77
2025-07-11 16:21:22,670 - __main__ - INFO - - ⏭️ Skipped (up-to-date): 1312
2025-07-11 16:21:22,670 - __main__ - INFO - ✅ Smart Downloader finished its run.
2025-07-11 17:28:02,490 - __main__ - INFO - Data directory set to: C:\Portfolio-Optimizer\data\tickers_data
2025-07-11 17:28:02,491 - __main__ - INFO - Cache directory set to: C:\Portfolio-Optimizer\cache_v3
2025-07-11 17:28:02,491 - __main__ - INFO - 🚀 Starting Smart Downloader...
2025-07-11 17:28:02,491 - __main__ - INFO - 📊 Fetching all symbols from TSE...
2025-07-11 17:28:02,491 - __main__ - INFO - ✅ Using valid cache symbols_data_v3.json (93.0 hours old)
2025-07-11 17:28:02,495 - __main__ - INFO -    Loaded 1394 symbols from cache
2025-07-11 17:28:02,495 - __main__ - INFO - 🔍 Filtering from 1394 total symbols...
2025-07-11 17:28:02,512 - __main__ - INFO -    ✅ Filtered universe: 1394 → 1389 stocks
2025-07-11 17:28:02,513 - __main__ - INFO - ✅ 'شاخص کل' added to the download queue as the benchmark.
2025-07-11 17:28:02,513 - __main__ - INFO - Updating data for 1390 symbols (including benchmark)...
2025-07-11 17:28:02,514 - __main__ - INFO - ✅ Skipping ثمسکنح (already up-to-date, 1.3 hours old)
2025-07-11 17:28:02,515 - __main__ - INFO - ✅ Skipping قستون (already up-to-date, 1.9 hours old)
2025-07-11 17:28:02,516 - __main__ - INFO - ✅ Skipping درازکح (already up-to-date, 1.9 hours old)
2025-07-11 17:28:02,517 - __main__ - INFO - ✅ Skipping صبا (already up-to-date, 1.9 hours old)
2025-07-11 17:28:02,517 - __main__ - INFO - ✅ Skipping ستران (already up-to-date, 1.9 hours old)
2025-07-11 17:28:02,518 - __main__ - INFO - ✅ Skipping کسعدیح (already up-to-date, 1.9 hours old)
2025-07-11 17:28:02,519 - __main__ - INFO - ✅ Skipping داسوه (already up-to-date, 1.9 hours old)
2025-07-11 17:28:02,520 - __main__ - INFO - ✅ Skipping دفارا (already up-to-date, 1.9 hours old)
2025-07-11 17:28:02,520 - __main__ - INFO - ✅ Skipping اسیاتک (already up-to-date, 1.9 hours old)
2025-07-11 17:28:02,521 - __main__ - INFO - ✅ Skipping میدکو (already up-to-date, 1.9 hours old)
2025-07-11 17:28:02,522 - __main__ - INFO - ✅ Skipping بالاس (already up-to-date, 1.9 hours old)
2025-07-11 17:28:02,522 - __main__ - INFO - ✅ Skipping ولغدر (already up-to-date, 1.9 hours old)
2025-07-11 17:28:02,523 - __main__ - INFO - ✅ Skipping وثوق (already up-to-date, 1.9 hours old)
2025-07-11 17:28:02,524 - __main__ - INFO - ✅ Skipping وصنا (already up-to-date, 1.9 hours old)
2025-07-11 17:28:02,525 - __main__ - INFO - ✅ Skipping سهرمزح (already up-to-date, 1.9 hours old)
2025-07-11 17:28:02,526 - __main__ - INFO - ✅ Skipping افق ملت (already up-to-date, 1.9 hours old)
2025-07-11 17:28:02,527 - __main__ - INFO - ✅ Skipping افقح (already up-to-date, 1.9 hours old)
2025-07-11 17:28:02,527 - __main__ - INFO - ✅ Skipping وبشهرح (already up-to-date, 1.9 hours old)
2025-07-11 17:28:02,529 - __main__ - INFO - ✅ Skipping غمینو (already up-to-date, 1.9 hours old)
2025-07-11 17:28:02,530 - __main__ - INFO - ✅ Skipping 18719101 (already up-to-date, 1.9 hours old)
2025-07-11 17:28:02,531 - __main__ - INFO - ✅ Skipping ختوقاح (already up-to-date, 1.9 hours old)
2025-07-11 17:28:02,532 - __main__ - INFO - ✅ Skipping سپیدما (already up-to-date, 1.9 hours old)
2025-07-11 17:28:02,532 - __main__ - INFO - ✅ Skipping سکرماح (already up-to-date, 1.9 hours old)
2025-07-11 17:28:02,533 - __main__ - INFO - ✅ Skipping وتوسکاح (already up-to-date, 1.9 hours old)
2025-07-11 17:28:02,534 - __main__ - INFO - ✅ Skipping آپ (already up-to-date, 1.9 hours old)
2025-07-11 17:28:02,534 - __main__ - INFO - ✅ Skipping فرآورح (already up-to-date, 1.9 hours old)
2025-07-11 17:28:02,535 - __main__ - INFO - ✅ Skipping پکرمانح (already up-to-date, 1.9 hours old)
2025-07-11 17:28:02,538 - __main__ - INFO - ✅ Skipping ثالوند (already up-to-date, 1.9 hours old)
2025-07-11 17:28:02,539 - __main__ - INFO - ✅ Skipping پرتو (already up-to-date, 1.9 hours old)
2025-07-11 17:28:02,540 - __main__ - INFO - ✅ Skipping غیوان (already up-to-date, 1.9 hours old)
2025-07-11 17:28:02,540 - __main__ - INFO - ✅ Skipping شپلی (already up-to-date, 1.9 hours old)
2025-07-11 17:28:02,541 - __main__ - INFO - ✅ Skipping کفرا (already up-to-date, 1.9 hours old)
2025-07-11 17:28:02,542 - __main__ - INFO - ⏰ File for قشهدح is old (94.2 hours). Attempting to update...
2025-07-11 17:28:25,306 - __main__ - ERROR - ❌ Failed to download قشهدح: single positional indexer is out-of-bounds. Will retry on next run.
2025-07-11 17:28:25,307 - __main__ - INFO - ✅ Skipping چبسپاح (already up-to-date, 1.9 hours old)
2025-07-11 17:28:25,308 - __main__ - INFO - ✅ Skipping خصدرا (already up-to-date, 1.9 hours old)
2025-07-11 17:28:25,308 - __main__ - INFO - ✅ Skipping خگسترح (already up-to-date, 1.9 hours old)
2025-07-11 17:28:25,310 - __main__ - INFO - ✅ Skipping لوتوسح (already up-to-date, 1.9 hours old)
2025-07-11 17:28:25,311 - __main__ - INFO - ✅ Skipping تبرک (already up-to-date, 1.9 hours old)
2025-07-11 17:28:25,311 - __main__ - INFO - ✅ Skipping کچادح (already up-to-date, 1.9 hours old)
2025-07-11 17:28:25,312 - __main__ - INFO - ✅ Skipping وپخشح (already up-to-date, 1.9 hours old)
2025-07-11 17:28:25,313 - __main__ - INFO - ✅ Skipping خموتورح (already up-to-date, 1.9 hours old)
2025-07-11 17:28:25,313 - __main__ - INFO - ✅ Skipping کاذرح (already up-to-date, 1.9 hours old)
2025-07-11 17:28:25,314 - __main__ - INFO - ✅ Skipping کساوهح (already up-to-date, 1.9 hours old)
2025-07-11 17:28:25,315 - __main__ - INFO - ✅ Skipping کیسون (already up-to-date, 1.9 hours old)
2025-07-11 17:28:25,316 - __main__ - INFO - ⏰ File for خمحورح is old (94.2 hours). Attempting to update...
2025-07-11 17:28:32,192 - __main__ - ERROR - ❌ Failed to download خمحورح: single positional indexer is out-of-bounds. Will retry on next run.
2025-07-11 17:28:32,193 - __main__ - INFO - ✅ Skipping قستان (already up-to-date, 1.9 hours old)
2025-07-11 17:28:32,194 - __main__ - INFO - ✅ Skipping پاسا (already up-to-date, 1.9 hours old)
2025-07-11 17:28:32,195 - __main__ - INFO - ✅ Skipping کیمیاتک (already up-to-date, 1.9 hours old)
2025-07-11 17:28:32,196 - __main__ - INFO - ✅ Skipping فکمند (already up-to-date, 1.9 hours old)
2025-07-11 17:28:32,196 - __main__ - INFO - ✅ Skipping قرن (already up-to-date, 1.9 hours old)
2025-07-11 17:28:32,198 - __main__ - INFO - ✅ Skipping صنهال (already up-to-date, 1.9 hours old)
2025-07-11 17:28:32,198 - __main__ - INFO - ✅ Skipping ثجنوب (already up-to-date, 1.9 hours old)
2025-07-11 17:28:32,199 - __main__ - INFO - ✅ Skipping غاذر (already up-to-date, 1.9 hours old)
2025-07-11 17:28:32,200 - __main__ - INFO - ✅ Skipping پتروصبا (already up-to-date, 1.9 hours old)
2025-07-11 17:28:32,201 - __main__ - INFO - ✅ Skipping خمحور (already up-to-date, 1.9 hours old)
2025-07-11 17:28:32,202 - __main__ - INFO - ✅ Skipping هامرز (already up-to-date, 1.9 hours old)
2025-07-11 17:28:32,203 - __main__ - INFO - ✅ Skipping وپست (already up-to-date, 1.9 hours old)
2025-07-11 17:28:32,204 - __main__ - INFO - ✅ Skipping نوین (already up-to-date, 1.9 hours old)
2025-07-11 17:28:32,204 - __main__ - INFO - ✅ Skipping شصدف (already up-to-date, 1.9 hours old)
2025-07-11 17:28:32,205 - __main__ - INFO - ✅ Skipping تفارس (already up-to-date, 1.9 hours old)
2025-07-11 17:28:32,206 - __main__ - INFO - ✅ Skipping غالبر (already up-to-date, 1.9 hours old)
2025-07-11 17:28:32,207 - __main__ - INFO - ✅ Skipping دسبحاح (already up-to-date, 1.9 hours old)
2025-07-11 17:28:32,208 - __main__ - INFO - ✅ Skipping گپارس (already up-to-date, 1.9 hours old)
2025-07-11 17:28:32,208 - __main__ - INFO - ✅ Skipping فن افزار (already up-to-date, 1.9 hours old)
2025-07-11 17:28:32,209 - __main__ - INFO - ✅ Skipping کساپاح (already up-to-date, 1.9 hours old)
2025-07-11 17:28:32,210 - __main__ - INFO - ✅ Skipping سقاینح (already up-to-date, 1.9 hours old)
2025-07-11 17:28:32,210 - __main__ - INFO - ✅ Skipping کازرو (already up-to-date, 1.9 hours old)
2025-07-11 17:28:32,211 - __main__ - INFO - ✅ Skipping هامون (already up-to-date, 1.9 hours old)
2025-07-11 17:28:32,211 - __main__ - INFO - ✅ Skipping خکمک (already up-to-date, 1.9 hours old)
2025-07-11 17:28:32,212 - __main__ - INFO - ✅ Skipping پردیسح (already up-to-date, 1.9 hours old)
2025-07-11 17:28:32,213 - __main__ - INFO - ✅ Skipping داریوش (already up-to-date, 1.9 hours old)
2025-07-11 17:28:32,213 - __main__ - INFO - ✅ Skipping زملارد (already up-to-date, 1.9 hours old)
2025-07-11 17:28:32,214 - __main__ - INFO - ✅ Skipping کاصفاح (already up-to-date, 1.9 hours old)
2025-07-11 17:28:32,214 - __main__ - INFO - ✅ Skipping ولغدرح (already up-to-date, 1.9 hours old)
2025-07-11 17:28:32,215 - __main__ - INFO - ✅ Skipping خودران (already up-to-date, 1.9 hours old)
2025-07-11 17:28:32,215 - __main__ - INFO - ✅ Skipping فاما (already up-to-date, 1.9 hours old)
2025-07-11 17:28:32,216 - __main__ - INFO - ✅ Skipping لبهمن (already up-to-date, 1.9 hours old)
2025-07-11 17:28:32,216 - __main__ - INFO - ✅ Skipping عالیس (already up-to-date, 1.9 hours old)
2025-07-11 17:28:32,217 - __main__ - INFO - ✅ Skipping قجام (already up-to-date, 1.9 hours old)
2025-07-11 17:28:32,217 - __main__ - INFO - ✅ Skipping ولبهمن (already up-to-date, 1.9 hours old)
2025-07-11 17:28:32,217 - __main__ - INFO - ✅ Skipping وتوسح (already up-to-date, 1.9 hours old)
2025-07-11 17:28:32,218 - __main__ - INFO - ✅ Skipping مروارید (already up-to-date, 1.9 hours old)
2025-07-11 17:28:32,219 - __main__ - INFO - ✅ Skipping فنرژی (already up-to-date, 1.9 hours old)
2025-07-11 17:28:32,222 - __main__ - INFO - ✅ Skipping ولقمان (already up-to-date, 1.9 hours old)
2025-07-11 17:28:32,223 - __main__ - INFO - ✅ Skipping بزاگرس (already up-to-date, 1.9 hours old)
2025-07-11 17:28:32,223 - __main__ - INFO - ✅ Skipping کبورس (already up-to-date, 1.9 hours old)
2025-07-11 17:28:32,224 - __main__ - INFO - ✅ Skipping وسین (already up-to-date, 1.9 hours old)
2025-07-11 17:28:32,224 - __main__ - INFO - ✅ Skipping خزامیا (already up-to-date, 1.9 hours old)
2025-07-11 17:28:32,225 - __main__ - INFO - ✅ Skipping شوش (already up-to-date, 1.9 hours old)
2025-07-11 17:28:32,225 - __main__ - INFO - ✅ Skipping بالبرح (already up-to-date, 1.9 hours old)
2025-07-11 17:28:32,226 - __main__ - INFO - ✅ Skipping وملت (already up-to-date, 1.9 hours old)
2025-07-11 17:28:32,226 - __main__ - INFO - ✅ Skipping فسپاح (already up-to-date, 1.9 hours old)
2025-07-11 17:28:32,227 - __main__ - INFO - ✅ Skipping شفاراح (already up-to-date, 1.9 hours old)
2025-07-11 17:28:32,228 - __main__ - INFO - ✅ Skipping وپارس (already up-to-date, 1.9 hours old)
2025-07-11 17:28:32,228 - __main__ - INFO - ⏰ File for وتوشهح is old (94.2 hours). Attempting to update...
2025-07-11 17:28:32,900 - __main__ - ERROR - ❌ Failed to download وتوشهح: single positional indexer is out-of-bounds. Will retry on next run.
2025-07-11 17:28:32,907 - __main__ - INFO - ✅ Skipping خمهرح (already up-to-date, 1.9 hours old)
2025-07-11 17:28:32,907 - __main__ - INFO - ✅ Skipping نخل (already up-to-date, 1.9 hours old)
2025-07-11 17:28:32,908 - __main__ - INFO - ✅ Skipping نکالا (already up-to-date, 1.9 hours old)
2025-07-11 17:28:32,909 - __main__ - INFO - ✅ Skipping چفیبر (already up-to-date, 1.9 hours old)
2025-07-11 17:28:32,910 - __main__ - INFO - ✅ Skipping سلام (already up-to-date, 1.9 hours old)
2025-07-11 17:28:32,911 - __main__ - INFO - ✅ Skipping وآفری (already up-to-date, 1.9 hours old)
2025-07-11 17:28:32,911 - __main__ - INFO - ✅ Skipping بنیرو (already up-to-date, 1.9 hours old)
2025-07-11 17:28:32,912 - __main__ - INFO - ✅ Skipping دسینا (already up-to-date, 1.9 hours old)
2025-07-11 17:28:32,913 - __main__ - INFO - ✅ Skipping دتوزیع (already up-to-date, 1.9 hours old)
2025-07-11 17:28:32,914 - __main__ - INFO - ✅ Skipping قشرین (already up-to-date, 1.9 hours old)
2025-07-11 17:28:32,915 - __main__ - INFO - ✅ Skipping کچاد (already up-to-date, 1.9 hours old)
2025-07-11 17:28:32,915 - __main__ - INFO - ✅ Skipping البرز (already up-to-date, 1.9 hours old)
2025-07-11 17:28:32,916 - __main__ - INFO - ✅ Skipping وکار (already up-to-date, 1.9 hours old)
2025-07-11 17:28:32,917 - __main__ - INFO - ✅ Skipping پتروآبان (already up-to-date, 1.9 hours old)
2025-07-11 17:28:32,918 - __main__ - INFO - ✅ Skipping شبصیر (already up-to-date, 1.9 hours old)
2025-07-11 17:28:32,918 - __main__ - INFO - ✅ Skipping دامینح (already up-to-date, 1.9 hours old)
2025-07-11 17:28:32,919 - __main__ - INFO - ✅ Skipping اکسیژن (already up-to-date, 1.9 hours old)
2025-07-11 17:28:32,919 - __main__ - INFO - ✅ Skipping وامیر (already up-to-date, 1.9 hours old)
2025-07-11 17:28:32,920 - __main__ - INFO - ✅ Skipping نبورس (already up-to-date, 1.9 hours old)
2025-07-11 17:28:32,921 - __main__ - INFO - ✅ Skipping دروز (already up-to-date, 1.9 hours old)
2025-07-11 17:28:32,922 - __main__ - INFO - ✅ Skipping دجابر (already up-to-date, 1.9 hours old)
2025-07-11 17:28:32,925 - __main__ - INFO - ✅ Skipping سهام یار (already up-to-date, 1.9 hours old)
2025-07-11 17:28:32,926 - __main__ - INFO - ✅ Skipping رشد (already up-to-date, 1.9 hours old)
2025-07-11 17:28:32,927 - __main__ - INFO - ⏰ File for تفیروح is old (94.2 hours). Attempting to update...
2025-07-11 17:28:33,650 - __main__ - ERROR - ❌ Failed to download تفیروح: single positional indexer is out-of-bounds. Will retry on next run.
2025-07-11 17:28:33,652 - __main__ - INFO - ✅ Skipping شجم (already up-to-date, 1.9 hours old)
2025-07-11 17:28:33,652 - __main__ - INFO - ✅ Skipping غویتا (already up-to-date, 1.9 hours old)
2025-07-11 17:28:33,653 - __main__ - INFO - ✅ Skipping وخاورح (already up-to-date, 1.9 hours old)
2025-07-11 17:28:33,654 - __main__ - INFO - ✅ Skipping پتروآگاه (already up-to-date, 1.9 hours old)
2025-07-11 17:28:33,654 - __main__ - INFO - ✅ Skipping دالبر (already up-to-date, 1.9 hours old)
2025-07-11 17:28:33,655 - __main__ - INFO - ✅ Skipping وسگلستا (already up-to-date, 1.9 hours old)
2025-07-11 17:28:33,656 - __main__ - INFO - ✅ Skipping وهور (already up-to-date, 1.9 hours old)
2025-07-11 17:28:33,656 - __main__ - INFO - ✅ Skipping وسیناح (already up-to-date, 1.9 hours old)
2025-07-11 17:28:33,657 - __main__ - INFO - ✅ Skipping کحافظ (already up-to-date, 1.9 hours old)
2025-07-11 17:28:33,658 - __main__ - INFO - ✅ Skipping ساروج (already up-to-date, 1.9 hours old)
2025-07-11 17:28:33,658 - __main__ - INFO - ✅ Skipping ولصنمح (already up-to-date, 1.9 hours old)
2025-07-11 17:28:33,659 - __main__ - INFO - ✅ Skipping ومدیر (already up-to-date, 1.9 hours old)
2025-07-11 17:28:33,660 - __main__ - INFO - ✅ Skipping قپارسح (already up-to-date, 1.9 hours old)
2025-07-11 17:28:33,660 - __main__ - INFO - ✅ Skipping ثنام (already up-to-date, 1.9 hours old)
2025-07-11 17:28:33,661 - __main__ - INFO - ✅ Skipping سبجنوح (already up-to-date, 1.9 hours old)
2025-07-11 17:28:33,662 - __main__ - INFO - ✅ Skipping شخارک (already up-to-date, 1.9 hours old)
2025-07-11 17:28:33,663 - __main__ - INFO - ✅ Skipping وسکاب (already up-to-date, 1.9 hours old)
2025-07-11 17:28:33,663 - __main__ - INFO - ✅ Skipping ممسنی (already up-to-date, 1.9 hours old)
2025-07-11 17:28:33,664 - __main__ - INFO - ✅ Skipping وثنو (already up-to-date, 1.9 hours old)
2025-07-11 17:28:33,665 - __main__ - INFO - ✅ Skipping داراب (already up-to-date, 1.9 hours old)
2025-07-11 17:28:33,666 - __main__ - INFO - ✅ Skipping حپتروح (already up-to-date, 1.9 hours old)
2025-07-11 17:28:33,667 - __main__ - INFO - ✅ Skipping کسرامح (already up-to-date, 1.9 hours old)
2025-07-11 17:28:33,667 - __main__ - INFO - ✅ Skipping صدف (already up-to-date, 1.9 hours old)
2025-07-11 17:28:33,667 - __main__ - INFO - ⏰ File for شیرانح is old (94.2 hours). Attempting to update...
2025-07-11 17:28:34,336 - __main__ - ERROR - ❌ Failed to download شیرانح: single positional indexer is out-of-bounds. Will retry on next run.
2025-07-11 17:28:34,337 - __main__ - INFO - ✅ Skipping نتوس (already up-to-date, 1.9 hours old)
2025-07-11 17:28:34,338 - __main__ - INFO - ✅ Skipping تاصیکوح (already up-to-date, 1.9 hours old)
2025-07-11 17:28:34,338 - __main__ - INFO - ✅ Skipping آرمان (already up-to-date, 1.9 hours old)
2025-07-11 17:28:34,339 - __main__ - INFO - ✅ Skipping وآردلح (already up-to-date, 1.9 hours old)
2025-07-11 17:28:34,341 - __main__ - INFO - ✅ Skipping فباهنرح (already up-to-date, 1.9 hours old)
2025-07-11 17:28:34,342 - __main__ - INFO - ✅ Skipping ومشان (already up-to-date, 1.9 hours old)
2025-07-11 17:28:34,343 - __main__ - INFO - ✅ Skipping غدیس (already up-to-date, 1.9 hours old)
2025-07-11 17:28:34,344 - __main__ - INFO - ✅ Skipping دپارسح (already up-to-date, 1.9 hours old)
2025-07-11 17:28:34,344 - __main__ - INFO - ✅ Skipping حخزر (already up-to-date, 1.9 hours old)
2025-07-11 17:28:34,345 - __main__ - INFO - ✅ Skipping وبانک (already up-to-date, 1.9 hours old)
2025-07-11 17:28:34,346 - __main__ - INFO - ✅ Skipping ملت (already up-to-date, 1.9 hours old)
2025-07-11 17:28:34,347 - __main__ - INFO - ✅ Skipping فسلیر (already up-to-date, 1.9 hours old)
2025-07-11 17:28:34,347 - __main__ - INFO - ✅ Skipping نخریس (already up-to-date, 1.9 hours old)
2025-07-11 17:28:34,348 - __main__ - INFO - ✅ Skipping شرنگی (already up-to-date, 1.9 hours old)
2025-07-11 17:28:34,349 - __main__ - INFO - ✅ Skipping سشرقح (already up-to-date, 1.9 hours old)
2025-07-11 17:28:34,350 - __main__ - INFO - ✅ Skipping ولنوین (already up-to-date, 1.9 hours old)
2025-07-11 17:28:34,350 - __main__ - INFO - ✅ Skipping بموتو (already up-to-date, 1.9 hours old)
2025-07-11 17:28:34,351 - __main__ - INFO - ✅ Skipping پکویرح (already up-to-date, 1.9 hours old)
2025-07-11 17:28:34,352 - __main__ - INFO - ✅ Skipping کساپا (already up-to-date, 1.9 hours old)
2025-07-11 17:28:34,353 - __main__ - INFO - ✅ Skipping خدیزل (already up-to-date, 1.9 hours old)
2025-07-11 17:28:34,355 - __main__ - INFO - ✅ Skipping وسیزد (already up-to-date, 1.9 hours old)
2025-07-11 17:28:34,356 - __main__ - INFO - ✅ Skipping زاگرس (already up-to-date, 1.9 hours old)
2025-07-11 17:28:34,357 - __main__ - INFO - ✅ Skipping سنیر (already up-to-date, 1.9 hours old)
2025-07-11 17:28:34,358 - __main__ - INFO - ✅ Skipping ددانا (already up-to-date, 1.9 hours old)
2025-07-11 17:28:34,358 - __main__ - INFO - ✅ Skipping سیتاح (already up-to-date, 1.9 hours old)
2025-07-11 17:28:34,359 - __main__ - INFO - ✅ Skipping ثبات (already up-to-date, 1.9 hours old)
2025-07-11 17:28:34,360 - __main__ - INFO - ✅ Skipping دفرا (already up-to-date, 1.9 hours old)
2025-07-11 17:28:34,361 - __main__ - INFO - ⏰ File for پرشیا is old (94.2 hours). Attempting to update...
2025-07-11 17:28:35,055 - __main__ - ERROR - ❌ Failed to download پرشیا: single positional indexer is out-of-bounds. Will retry on next run.
2025-07-11 17:28:35,066 - __main__ - INFO - ✅ Skipping شتولی (already up-to-date, 1.9 hours old)
2025-07-11 17:28:35,068 - __main__ - INFO - ✅ Skipping خلنت (already up-to-date, 1.9 hours old)
2025-07-11 17:28:35,069 - __main__ - INFO - ✅ Skipping وجامی (already up-to-date, 1.9 hours old)
2025-07-11 17:28:35,070 - __main__ - INFO - ✅ Skipping دی (already up-to-date, 1.9 hours old)
2025-07-11 17:28:35,071 - __main__ - INFO - ✅ Skipping کپارس (already up-to-date, 1.9 hours old)
2025-07-11 17:28:35,071 - __main__ - INFO - ✅ Skipping ودانا (already up-to-date, 1.9 hours old)
2025-07-11 17:28:35,072 - __main__ - INFO - ✅ Skipping وهنر (already up-to-date, 1.9 hours old)
2025-07-11 17:28:35,073 - __main__ - INFO - ✅ Skipping شیراز (already up-to-date, 1.9 hours old)
2025-07-11 17:28:35,074 - __main__ - INFO - ✅ Skipping حپترو (already up-to-date, 1.9 hours old)
2025-07-11 17:28:35,075 - __main__ - INFO - ✅ Skipping نارین (already up-to-date, 1.9 hours old)
2025-07-11 17:28:35,076 - __main__ - INFO - ✅ Skipping غشاذرح (already up-to-date, 1.9 hours old)
2025-07-11 17:28:35,077 - __main__ - INFO - ✅ Skipping قجامح (already up-to-date, 1.9 hours old)
2025-07-11 17:28:35,077 - __main__ - INFO - ✅ Skipping چنوپا (already up-to-date, 1.9 hours old)
2025-07-11 17:28:35,078 - __main__ - INFO - ✅ Skipping مدیریت (already up-to-date, 1.9 hours old)
2025-07-11 17:28:35,078 - __main__ - INFO - ✅ Skipping بجهرم (already up-to-date, 1.9 hours old)
2025-07-11 17:28:35,079 - __main__ - INFO - ✅ Skipping غیوانح (already up-to-date, 1.9 hours old)
2025-07-11 17:28:35,080 - __main__ - INFO - ⏰ File for مدار is old (94.2 hours). Attempting to update...
2025-07-11 17:28:35,764 - __main__ - ERROR - ❌ Failed to download مدار: single positional indexer is out-of-bounds. Will retry on next run.
2025-07-11 17:28:35,765 - __main__ - INFO - ✅ Skipping وسپهر (already up-to-date, 1.9 hours old)
2025-07-11 17:28:35,766 - __main__ - INFO - ✅ Skipping فایراح (already up-to-date, 1.9 hours old)
2025-07-11 17:28:35,766 - __main__ - INFO - ✅ Skipping تاپکیش (already up-to-date, 1.9 hours old)
2025-07-11 17:28:35,767 - __main__ - INFO - ✅ Skipping حآسا (already up-to-date, 1.9 hours old)
2025-07-11 17:28:35,768 - __main__ - INFO - ✅ Skipping اتکامح (already up-to-date, 1.9 hours old)
2025-07-11 17:28:35,768 - __main__ - INFO - ✅ Skipping شسپا (already up-to-date, 1.9 hours old)
2025-07-11 17:28:35,769 - __main__ - INFO - ✅ Skipping قیستو (already up-to-date, 1.9 hours old)
2025-07-11 17:28:35,770 - __main__ - INFO - ✅ Skipping ولصنم (already up-to-date, 1.9 hours old)
2025-07-11 17:28:35,770 - __main__ - INFO - ⏰ File for کقزویح is old (94.2 hours). Attempting to update...
2025-07-11 17:28:36,567 - __main__ - ERROR - ❌ Failed to download کقزویح: single positional indexer is out-of-bounds. Will retry on next run.
2025-07-11 17:28:36,568 - __main__ - INFO - ✅ Skipping فایرا (already up-to-date, 1.9 hours old)
2025-07-11 17:28:36,569 - __main__ - INFO - ✅ Skipping زر (already up-to-date, 1.9 hours old)
2025-07-11 17:28:36,569 - __main__ - INFO - ✅ Skipping سامان (already up-to-date, 1.9 hours old)
2025-07-11 17:28:36,570 - __main__ - INFO - ✅ Skipping ودی (already up-to-date, 1.9 hours old)
2025-07-11 17:28:36,571 - __main__ - INFO - ✅ Skipping تایرا (already up-to-date, 1.9 hours old)
2025-07-11 17:28:36,571 - __main__ - INFO - ✅ Skipping سخوز (already up-to-date, 1.9 hours old)
2025-07-11 17:28:36,572 - __main__ - INFO - ✅ Skipping وسیلام (already up-to-date, 1.9 hours old)
2025-07-11 17:28:36,572 - __main__ - INFO - ✅ Skipping چکارن (already up-to-date, 1.9 hours old)
2025-07-11 17:28:36,573 - __main__ - INFO - ✅ Skipping قشرینح (already up-to-date, 1.9 hours old)
2025-07-11 17:28:36,573 - __main__ - INFO - ✅ Skipping تپکو (already up-to-date, 1.9 hours old)
2025-07-11 17:28:36,574 - __main__ - INFO - ✅ Skipping کمنگنزح (already up-to-date, 1.9 hours old)
2025-07-11 17:28:36,575 - __main__ - INFO - ✅ Skipping خعمرا (already up-to-date, 1.9 hours old)
2025-07-11 17:28:36,576 - __main__ - INFO - ✅ Skipping فصبا (already up-to-date, 1.9 hours old)
2025-07-11 17:28:36,577 - __main__ - INFO - ✅ Skipping صایند (already up-to-date, 1.9 hours old)
2025-07-11 17:28:36,577 - __main__ - INFO - ✅ Skipping مادیرا (already up-to-date, 1.9 hours old)
2025-07-11 17:28:36,578 - __main__ - INFO - ✅ Skipping اوج (already up-to-date, 1.9 hours old)
2025-07-11 17:28:36,579 - __main__ - INFO - ✅ Skipping شفا (already up-to-date, 1.9 hours old)
2025-07-11 17:28:36,580 - __main__ - INFO - ⏰ File for دیسشپ is old (94.2 hours). Attempting to update...
2025-07-11 17:28:37,221 - __main__ - ERROR - ❌ Failed to download دیسشپ: single positional indexer is out-of-bounds. Will retry on next run.
2025-07-11 17:28:37,243 - __main__ - INFO - ⏰ File for ثملی is old (94.2 hours). Attempting to update...
2025-07-11 17:28:37,913 - __main__ - ERROR - ❌ Failed to download ثملی: single positional indexer is out-of-bounds. Will retry on next run.
2025-07-11 17:28:37,924 - __main__ - INFO - ✅ Skipping وسرمد (already up-to-date, 1.9 hours old)
2025-07-11 17:28:37,925 - __main__ - INFO - ✅ Skipping وملیح (already up-to-date, 1.9 hours old)
2025-07-11 17:28:37,926 - __main__ - INFO - ✅ Skipping هرمز (already up-to-date, 1.9 hours old)
2025-07-11 17:28:37,928 - __main__ - INFO - ✅ Skipping بکابل (already up-to-date, 1.9 hours old)
2025-07-11 17:28:37,928 - __main__ - INFO - ✅ Skipping وتوصا (already up-to-date, 1.9 hours old)
2025-07-11 17:28:37,929 - __main__ - INFO - ✅ Skipping وبوعلیح (already up-to-date, 1.9 hours old)
2025-07-11 17:28:37,930 - __main__ - INFO - ✅ Skipping کنور (already up-to-date, 1.9 hours old)
2025-07-11 17:28:37,930 - __main__ - INFO - ⏰ File for باخترح is old (94.2 hours). Attempting to update...
2025-07-11 17:28:38,638 - __main__ - ERROR - ❌ Failed to download باخترح: single positional indexer is out-of-bounds. Will retry on next run.
2025-07-11 17:28:38,639 - __main__ - INFO - ✅ Skipping کیا (already up-to-date, 1.9 hours old)
2025-07-11 17:28:38,640 - __main__ - INFO - ✅ Skipping دسیناح (already up-to-date, 1.9 hours old)
2025-07-11 17:28:38,640 - __main__ - INFO - ✅ Skipping وسمرکز (already up-to-date, 1.9 hours old)
2025-07-11 17:28:38,641 - __main__ - INFO - ✅ Skipping داسوهح (already up-to-date, 1.9 hours old)
2025-07-11 17:28:38,642 - __main__ - INFO - ✅ Skipping سرود (already up-to-date, 1.9 hours old)
2025-07-11 17:28:38,643 - __main__ - INFO - ✅ Skipping قمرو (already up-to-date, 1.9 hours old)
2025-07-11 17:28:38,643 - __main__ - INFO - ✅ Skipping توسن (already up-to-date, 1.9 hours old)
2025-07-11 17:28:38,644 - __main__ - INFO - ✅ Skipping بموتوح (already up-to-date, 1.9 hours old)
2025-07-11 17:28:38,645 - __main__ - INFO - ✅ Skipping تیپیکوح (already up-to-date, 1.9 hours old)
2025-07-11 17:28:38,646 - __main__ - INFO - ✅ Skipping قنقشح (already up-to-date, 1.9 hours old)
2025-07-11 17:28:38,646 - __main__ - INFO - ✅ Skipping پسهند (already up-to-date, 1.9 hours old)
2025-07-11 17:28:38,647 - __main__ - INFO - ✅ Skipping زبینا (already up-to-date, 1.9 hours old)
2025-07-11 17:28:38,647 - __main__ - INFO - ✅ Skipping وخاور (already up-to-date, 1.9 hours old)
2025-07-11 17:28:38,648 - __main__ - INFO - ⏰ File for پدرخشح is old (94.2 hours). Attempting to update...
2025-07-11 17:28:39,322 - __main__ - ERROR - ❌ Failed to download پدرخشح: single positional indexer is out-of-bounds. Will retry on next run.
2025-07-11 17:28:39,339 - __main__ - INFO - ✅ Skipping کامیاب (already up-to-date, 1.9 hours old)
2025-07-11 17:28:39,340 - __main__ - INFO - ✅ Skipping کچینی (already up-to-date, 1.9 hours old)
2025-07-11 17:28:39,341 - __main__ - INFO - ✅ Skipping غدشت (already up-to-date, 1.9 hours old)
2025-07-11 17:28:39,341 - __main__ - INFO - ✅ Skipping دیوان (already up-to-date, 1.9 hours old)
2025-07-11 17:28:39,342 - __main__ - INFO - ✅ Skipping خاتم (already up-to-date, 1.9 hours old)
2025-07-11 17:28:39,342 - __main__ - INFO - ✅ Skipping توان (already up-to-date, 1.9 hours old)
2025-07-11 17:28:39,343 - __main__ - INFO - ⏰ File for فساز is old (94.2 hours). Attempting to update...
2025-07-11 17:28:39,997 - __main__ - ERROR - ❌ Failed to download فساز: single positional indexer is out-of-bounds. Will retry on next run.
2025-07-11 17:28:40,015 - __main__ - INFO - ✅ Skipping مرقامح (already up-to-date, 1.9 hours old)
2025-07-11 17:28:40,016 - __main__ - INFO - ✅ Skipping زفجر (already up-to-date, 1.9 hours old)
2025-07-11 17:28:40,017 - __main__ - INFO - ✅ Skipping تکمبا (already up-to-date, 1.9 hours old)
2025-07-11 17:28:40,017 - __main__ - INFO - ✅ Skipping ثهام (already up-to-date, 1.9 hours old)
2025-07-11 17:28:40,018 - __main__ - INFO - ✅ Skipping لبخند (already up-to-date, 1.9 hours old)
2025-07-11 17:28:40,019 - __main__ - INFO - ✅ Skipping وسبوشهر (already up-to-date, 1.9 hours old)
2025-07-11 17:28:40,019 - __main__ - INFO - ✅ Skipping شگستر (already up-to-date, 1.9 hours old)
2025-07-11 17:28:40,020 - __main__ - INFO - ✅ Skipping زگلدشت (already up-to-date, 1.9 hours old)
2025-07-11 17:28:40,021 - __main__ - INFO - ✅ Skipping بکام (already up-to-date, 1.9 hours old)
2025-07-11 17:28:40,023 - __main__ - INFO - ✅ Skipping افران (already up-to-date, 1.9 hours old)
2025-07-11 17:28:40,023 - __main__ - INFO - ✅ Skipping عقیق (already up-to-date, 1.9 hours old)
2025-07-11 17:28:40,024 - __main__ - INFO - ✅ Skipping تفیرو (already up-to-date, 1.9 hours old)
2025-07-11 17:28:40,024 - __main__ - INFO - ✅ Skipping پتروما (already up-to-date, 1.9 hours old)
2025-07-11 17:28:40,025 - __main__ - INFO - ✅ Skipping درین (already up-to-date, 1.9 hours old)
2025-07-11 17:28:40,025 - __main__ - INFO - ✅ Skipping پلولهح (already up-to-date, 1.9 hours old)
2025-07-11 17:28:40,026 - __main__ - INFO - ✅ Skipping فراز (already up-to-date, 1.9 hours old)
2025-07-11 17:28:40,026 - __main__ - INFO - ✅ Skipping داناح (already up-to-date, 1.9 hours old)
2025-07-11 17:28:40,027 - __main__ - INFO - ✅ Skipping کگازح (already up-to-date, 1.9 hours old)
2025-07-11 17:28:40,027 - __main__ - INFO - ✅ Skipping لخانه (already up-to-date, 1.9 hours old)
2025-07-11 17:28:40,028 - __main__ - INFO - ✅ Skipping وسزنجان (already up-to-date, 1.9 hours old)
2025-07-11 17:28:40,029 - __main__ - INFO - ✅ Skipping سپاهاح (already up-to-date, 1.9 hours old)
2025-07-11 17:28:40,029 - __main__ - INFO - ✅ Skipping تیام (already up-to-date, 1.9 hours old)
2025-07-11 17:28:40,030 - __main__ - INFO - ✅ Skipping وفردا (already up-to-date, 1.9 hours old)
2025-07-11 17:28:40,030 - __main__ - INFO - ✅ Skipping حکشتی (already up-to-date, 1.9 hours old)
2025-07-11 17:28:40,031 - __main__ - INFO - ✅ Skipping ویستا (already up-to-date, 1.9 hours old)
2025-07-11 17:28:40,032 - __main__ - INFO - ✅ Skipping فرود (already up-to-date, 1.9 hours old)
2025-07-11 17:28:40,033 - __main__ - INFO - ✅ Skipping نیلی (already up-to-date, 1.9 hours old)
2025-07-11 17:28:40,033 - __main__ - INFO - ✅ Skipping تکنوح (already up-to-date, 1.9 hours old)
2025-07-11 17:28:40,034 - __main__ - INFO - ✅ Skipping فملی (already up-to-date, 1.9 hours old)
2025-07-11 17:28:40,034 - __main__ - INFO - ✅ Skipping وشمال (already up-to-date, 1.9 hours old)
2025-07-11 17:28:40,035 - __main__ - INFO - ✅ Skipping ولساپا (already up-to-date, 1.9 hours old)
2025-07-11 17:28:40,035 - __main__ - INFO - ✅ Skipping جهرم (already up-to-date, 1.9 hours old)
2025-07-11 17:28:40,036 - __main__ - INFO - ✅ Skipping غبشهر (already up-to-date, 1.9 hours old)
2025-07-11 17:28:40,038 - __main__ - INFO - ✅ Skipping کرمان (already up-to-date, 1.9 hours old)
2025-07-11 17:28:40,039 - __main__ - INFO - ✅ Skipping خکاوهح (already up-to-date, 1.9 hours old)
2025-07-11 17:28:40,040 - __main__ - INFO - ✅ Skipping غبشهرح (already up-to-date, 1.9 hours old)
2025-07-11 17:28:40,040 - __main__ - INFO - ✅ Skipping وسلرستا (already up-to-date, 1.9 hours old)
2025-07-11 17:28:40,041 - __main__ - INFO - ✅ Skipping ثمین (already up-to-date, 1.9 hours old)
2025-07-11 17:28:40,041 - __main__ - INFO - ✅ Skipping کرویح (already up-to-date, 1.9 hours old)
2025-07-11 17:28:40,042 - __main__ - INFO - ✅ Skipping کسراح (already up-to-date, 1.9 hours old)
2025-07-11 17:28:40,042 - __main__ - INFO - ✅ Skipping غسالمح (already up-to-date, 1.9 hours old)
2025-07-11 17:28:40,042 - __main__ - INFO - ✅ Skipping وسدیدح (already up-to-date, 1.9 hours old)
2025-07-11 17:28:40,043 - __main__ - INFO - ✅ Skipping فسلیرح (already up-to-date, 1.9 hours old)
2025-07-11 17:28:40,044 - __main__ - INFO - ✅ Skipping شتران (already up-to-date, 1.9 hours old)
2025-07-11 17:28:40,044 - __main__ - INFO - ✅ Skipping شپنا (already up-to-date, 1.9 hours old)
2025-07-11 17:28:40,045 - __main__ - INFO - ✅ Skipping وصنعت (already up-to-date, 1.9 hours old)
2025-07-11 17:28:40,045 - __main__ - INFO - ✅ Skipping حرهشا (already up-to-date, 1.9 hours old)
2025-07-11 17:28:40,046 - __main__ - INFO - ✅ Skipping سیتا (already up-to-date, 1.9 hours old)
2025-07-11 17:28:40,046 - __main__ - INFO - ✅ Skipping کپارسح (already up-to-date, 1.9 hours old)
2025-07-11 17:28:40,046 - __main__ - INFO - ✅ Skipping حفارس (already up-to-date, 1.8 hours old)
2025-07-11 17:28:40,046 - __main__ - INFO - ⏰ File for شجی is old (94.2 hours). Attempting to update...
2025-07-11 17:28:40,684 - __main__ - ERROR - ❌ Failed to download شجی: single positional indexer is out-of-bounds. Will retry on next run.
2025-07-11 17:28:40,693 - __main__ - INFO - ⏰ File for برانسفو is old (94.2 hours). Attempting to update...
2025-07-11 17:28:41,369 - __main__ - ERROR - ❌ Failed to download برانسفو: single positional indexer is out-of-bounds. Will retry on next run.
2025-07-11 17:28:41,394 - __main__ - INFO - ✅ Skipping وحکمت (already up-to-date, 1.8 hours old)
2025-07-11 17:28:41,395 - __main__ - INFO - ✅ Skipping شپمچا (already up-to-date, 1.8 hours old)
2025-07-11 17:28:41,396 - __main__ - INFO - ✅ Skipping دسانکوح (already up-to-date, 1.8 hours old)
2025-07-11 17:28:41,397 - __main__ - INFO - ✅ Skipping ولشرق (already up-to-date, 1.8 hours old)
2025-07-11 17:28:41,397 - __main__ - INFO - ✅ Skipping وکغدیر (already up-to-date, 1.8 hours old)
2025-07-11 17:28:41,399 - __main__ - INFO - ✅ Skipping وتوسم (already up-to-date, 1.8 hours old)
2025-07-11 17:28:41,400 - __main__ - INFO - ✅ Skipping قشکر (already up-to-date, 1.8 hours old)
2025-07-11 17:28:41,400 - __main__ - INFO - ⏰ File for تدبیر is old (94.2 hours). Attempting to update...
2025-07-11 17:28:42,058 - __main__ - ERROR - ❌ Failed to download تدبیر: single positional indexer is out-of-bounds. Will retry on next run.
2025-07-11 17:28:42,059 - __main__ - INFO - ✅ Skipping تکیمیا (already up-to-date, 1.8 hours old)
2025-07-11 17:28:42,095 - __main__ - INFO - ✅ Skipping وساختح (already up-to-date, 1.8 hours old)
2025-07-11 17:28:42,096 - __main__ - INFO - ✅ Skipping ارزش مسکن (already up-to-date, 1.8 hours old)
2025-07-11 17:28:42,097 - __main__ - INFO - ✅ Skipping غشاذر (already up-to-date, 1.8 hours old)
2025-07-11 17:28:42,097 - __main__ - INFO - ✅ Skipping دیبا (already up-to-date, 1.8 hours old)
2025-07-11 17:28:42,098 - __main__ - INFO - ✅ Skipping کشرق (already up-to-date, 1.8 hours old)
2025-07-11 17:28:42,100 - __main__ - INFO - ✅ Skipping وملتح (already up-to-date, 1.8 hours old)
2025-07-11 17:28:42,100 - __main__ - INFO - ✅ Skipping حفاری (already up-to-date, 1.8 hours old)
2025-07-11 17:28:42,101 - __main__ - INFO - ✅ Skipping پالایش (already up-to-date, 1.8 hours old)
2025-07-11 17:28:42,101 - __main__ - INFO - ✅ Skipping حآفرین (already up-to-date, 1.8 hours old)
2025-07-11 17:28:42,102 - __main__ - INFO - ✅ Skipping پارس (already up-to-date, 1.8 hours old)
2025-07-11 17:28:42,102 - __main__ - INFO - ✅ Skipping کلوند (already up-to-date, 1.8 hours old)
2025-07-11 17:28:42,103 - __main__ - INFO - ✅ Skipping شخارکح (already up-to-date, 1.8 hours old)
2025-07-11 17:28:42,104 - __main__ - INFO - ✅ Skipping لمخابر (already up-to-date, 1.8 hours old)
2025-07-11 17:28:42,106 - __main__ - INFO - ✅ Skipping سیدکو (already up-to-date, 1.8 hours old)
2025-07-11 17:28:42,107 - __main__ - INFO - ✅ Skipping ثعتما (already up-to-date, 1.8 hours old)
2025-07-11 17:28:42,107 - __main__ - INFO - ✅ Skipping وسکرد (already up-to-date, 1.8 hours old)
2025-07-11 17:28:42,108 - __main__ - INFO - ✅ Skipping پادا (already up-to-date, 1.8 hours old)
2025-07-11 17:28:42,109 - __main__ - INFO - ✅ Skipping کپشیر (already up-to-date, 1.8 hours old)
2025-07-11 17:28:42,109 - __main__ - INFO - ✅ Skipping فاهوازح (already up-to-date, 1.8 hours old)
2025-07-11 17:28:42,110 - __main__ - INFO - ✅ Skipping فروم (already up-to-date, 1.8 hours old)
2025-07-11 17:28:42,110 - __main__ - INFO - ✅ Skipping زیتون (already up-to-date, 1.8 hours old)
2025-07-11 17:28:42,111 - __main__ - INFO - ✅ Skipping ثباغ (already up-to-date, 1.8 hours old)
2025-07-11 17:28:42,112 - __main__ - INFO - ✅ Skipping دحاوی (already up-to-date, 1.8 hours old)
2025-07-11 17:28:42,113 - __main__ - INFO - ✅ Skipping پشاهن (already up-to-date, 1.8 hours old)
2025-07-11 17:28:42,113 - __main__ - INFO - ✅ Skipping سیدکوح (already up-to-date, 1.8 hours old)
2025-07-11 17:28:42,114 - __main__ - INFO - ✅ Skipping گوهران (already up-to-date, 1.8 hours old)
2025-07-11 17:28:42,114 - __main__ - INFO - ✅ Skipping کفپارسح (already up-to-date, 1.8 hours old)
2025-07-11 17:28:42,116 - __main__ - INFO - ✅ Skipping سدشتح (already up-to-date, 1.8 hours old)
2025-07-11 17:28:42,117 - __main__ - INFO - ✅ Skipping سشرق (already up-to-date, 1.8 hours old)
2025-07-11 17:28:42,117 - __main__ - INFO - ✅ Skipping شزنگ (already up-to-date, 1.8 hours old)
2025-07-11 17:28:42,118 - __main__ - INFO - ✅ Skipping دتمادح (already up-to-date, 1.8 hours old)
2025-07-11 17:28:42,118 - __main__ - INFO - ✅ Skipping ساذریح (already up-to-date, 1.8 hours old)
2025-07-11 17:28:42,119 - __main__ - INFO - ✅ Skipping پترولح (already up-to-date, 1.8 hours old)
2025-07-11 17:28:42,119 - __main__ - INFO - ✅ Skipping پارتا (already up-to-date, 1.8 hours old)
2025-07-11 17:28:42,120 - __main__ - INFO - ✅ Skipping ثنوساح (already up-to-date, 1.8 hours old)
2025-07-11 17:28:42,121 - __main__ - INFO - ✅ Skipping سمازن (already up-to-date, 1.8 hours old)
2025-07-11 17:28:42,123 - __main__ - INFO - ✅ Skipping ولپارس (already up-to-date, 1.8 hours old)
2025-07-11 17:28:42,123 - __main__ - INFO - ✅ Skipping کمند (already up-to-date, 1.8 hours old)
2025-07-11 17:28:42,124 - __main__ - INFO - ✅ Skipping ساحل (already up-to-date, 1.8 hours old)
2025-07-11 17:28:42,124 - __main__ - INFO - ✅ Skipping سکرد (already up-to-date, 1.8 hours old)
2025-07-11 17:28:42,125 - __main__ - INFO - ✅ Skipping تابا (already up-to-date, 1.8 hours old)
2025-07-11 17:28:42,126 - __main__ - INFO - ✅ Skipping زفکا (already up-to-date, 1.8 hours old)
2025-07-11 17:28:42,126 - __main__ - INFO - ✅ Skipping ثتران (already up-to-date, 1.8 hours old)
2025-07-11 17:28:42,127 - __main__ - INFO - ✅ Skipping غناب (already up-to-date, 1.8 hours old)
2025-07-11 17:28:42,128 - __main__ - INFO - ✅ Skipping زنجان (already up-to-date, 1.8 hours old)
2025-07-11 17:28:42,128 - __main__ - INFO - ✅ Skipping خکرمان (already up-to-date, 1.8 hours old)
2025-07-11 17:28:42,129 - __main__ - INFO - ⏰ File for سایراح is old (94.2 hours). Attempting to update...
2025-07-11 17:28:42,866 - __main__ - ERROR - ❌ Failed to download سایراح: single positional indexer is out-of-bounds. Will retry on next run.
2025-07-11 17:28:42,881 - __main__ - INFO - ✅ Skipping فملیح (already up-to-date, 1.8 hours old)
2025-07-11 17:28:42,881 - __main__ - INFO - ✅ Skipping غساسا (already up-to-date, 1.8 hours old)
2025-07-11 17:28:42,882 - __main__ - INFO - ✅ Skipping غگرجی (already up-to-date, 1.8 hours old)
2025-07-11 17:28:42,883 - __main__ - INFO - ✅ Skipping آسام (already up-to-date, 1.8 hours old)
2025-07-11 17:28:42,883 - __main__ - INFO - ✅ Skipping وپارسح (already up-to-date, 1.8 hours old)
2025-07-11 17:28:42,884 - __main__ - INFO - ✅ Skipping برلیان (already up-to-date, 1.8 hours old)
2025-07-11 17:28:42,885 - __main__ - INFO - ✅ Skipping فنورد (already up-to-date, 1.8 hours old)
2025-07-11 17:28:42,885 - __main__ - INFO - ✅ Skipping وسنا (already up-to-date, 1.8 hours old)
2025-07-11 17:28:42,886 - __main__ - INFO - ✅ Skipping هوشیار (already up-to-date, 1.8 hours old)
2025-07-11 17:28:42,888 - __main__ - INFO - ✅ Skipping ضمان (already up-to-date, 1.8 hours old)
2025-07-11 17:28:42,889 - __main__ - INFO - ✅ Skipping بازرگام (already up-to-date, 1.8 hours old)
2025-07-11 17:28:42,889 - __main__ - INFO - ✅ Skipping ولتجار (already up-to-date, 1.8 hours old)
2025-07-11 17:28:42,890 - __main__ - INFO - ✅ Skipping لمخابرح (already up-to-date, 1.8 hours old)
2025-07-11 17:28:42,890 - __main__ - INFO - ✅ Skipping کخاکح (already up-to-date, 1.8 hours old)
2025-07-11 17:28:42,891 - __main__ - INFO - ✅ Skipping اتکای (already up-to-date, 1.8 hours old)
2025-07-11 17:28:42,891 - __main__ - INFO - ✅ Skipping تپمپیح (already up-to-date, 1.8 hours old)
2025-07-11 17:28:42,892 - __main__ - INFO - ✅ Skipping غچین (already up-to-date, 1.8 hours old)
2025-07-11 17:28:42,893 - __main__ - INFO - ✅ Skipping سفاسی (already up-to-date, 1.8 hours old)
2025-07-11 17:28:42,893 - __main__ - INFO - ✅ Skipping کسعدی (already up-to-date, 1.8 hours old)
2025-07-11 17:28:42,894 - __main__ - INFO - ⏰ File for غبهپاکح is old (94.2 hours). Attempting to update...
2025-07-11 17:28:43,896 - __main__ - ERROR - ❌ Failed to download غبهپاکح: single positional indexer is out-of-bounds. Will retry on next run.
2025-07-11 17:28:43,914 - __main__ - INFO - ✅ Skipping پاکشو (already up-to-date, 1.8 hours old)
2025-07-11 17:28:43,919 - __main__ - INFO - ✅ Skipping فولاد (already up-to-date, 1.8 hours old)
2025-07-11 17:28:43,927 - __main__ - INFO - ✅ Skipping حامی1401 (already up-to-date, 1.8 hours old)
2025-07-11 17:28:43,928 - __main__ - INFO - ✅ Skipping قلرست (already up-to-date, 1.8 hours old)
2025-07-11 17:28:43,929 - __main__ - INFO - ✅ Skipping آباد (already up-to-date, 1.8 hours old)
2025-07-11 17:28:43,929 - __main__ - INFO - ✅ Skipping ونیکی (already up-to-date, 1.8 hours old)
2025-07-11 17:28:43,930 - __main__ - INFO - ✅ Skipping پاداش (already up-to-date, 1.8 hours old)
2025-07-11 17:28:43,931 - __main__ - INFO - ✅ Skipping شپارسح (already up-to-date, 1.8 hours old)
2025-07-11 17:28:43,931 - __main__ - INFO - ✅ Skipping فسدید (already up-to-date, 1.8 hours old)
2025-07-11 17:28:43,932 - __main__ - INFO - ✅ Skipping دشیمیح (already up-to-date, 1.8 hours old)
2025-07-11 17:28:43,933 - __main__ - INFO - ✅ Skipping سفارسح (already up-to-date, 1.8 hours old)
2025-07-11 17:28:43,934 - __main__ - INFO - ✅ Skipping والبر (already up-to-date, 1.8 hours old)
2025-07-11 17:28:43,935 - __main__ - INFO - ✅ Skipping سدورح (already up-to-date, 1.8 hours old)
2025-07-11 17:28:43,936 - __main__ - INFO - ✅ Skipping دامین (already up-to-date, 1.8 hours old)
2025-07-11 17:28:43,937 - __main__ - INFO - ✅ Skipping ختورح (already up-to-date, 1.8 hours old)
2025-07-11 17:28:43,937 - __main__ - INFO - ✅ Skipping فزر (already up-to-date, 1.8 hours old)
2025-07-11 17:28:43,939 - __main__ - INFO - ✅ Skipping وپسا (already up-to-date, 1.8 hours old)
2025-07-11 17:28:43,939 - __main__ - INFO - ✅ Skipping آگاس (already up-to-date, 1.8 hours old)
2025-07-11 17:28:43,941 - __main__ - INFO - ✅ Skipping وکبهمن (already up-to-date, 1.8 hours old)
2025-07-11 17:28:43,942 - __main__ - INFO - ✅ Skipping شاروم (already up-to-date, 1.8 hours old)
2025-07-11 17:28:43,945 - __main__ - INFO - ✅ Skipping اوان (already up-to-date, 1.8 hours old)
2025-07-11 17:28:43,949 - __main__ - INFO - ✅ Skipping جمح (already up-to-date, 1.8 hours old)
2025-07-11 17:28:43,954 - __main__ - INFO - ✅ Skipping وسخراج (already up-to-date, 1.8 hours old)
2025-07-11 17:28:43,958 - __main__ - INFO - ✅ Skipping فولاژح (already up-to-date, 1.8 hours old)
2025-07-11 17:28:43,963 - __main__ - INFO - ✅ Skipping دقاضی (already up-to-date, 1.8 hours old)
2025-07-11 17:28:43,964 - __main__ - INFO - ✅ Skipping فوکاح (already up-to-date, 1.8 hours old)
2025-07-11 17:28:43,964 - __main__ - INFO - ✅ Skipping آردینه (already up-to-date, 1.8 hours old)
2025-07-11 17:28:43,965 - __main__ - INFO - ✅ Skipping دابورح (already up-to-date, 1.8 hours old)
2025-07-11 17:28:43,965 - __main__ - INFO - ✅ Skipping کهرام (already up-to-date, 1.8 hours old)
2025-07-11 17:28:43,967 - __main__ - INFO - ✅ Skipping وآیند (already up-to-date, 1.8 hours old)
2025-07-11 17:28:43,968 - __main__ - INFO - ⏰ File for وسقزوین is old (94.2 hours). Attempting to update...
2025-07-11 17:28:44,602 - __main__ - ERROR - ❌ Failed to download وسقزوین: single positional indexer is out-of-bounds. Will retry on next run.
2025-07-11 17:28:44,606 - __main__ - INFO - ✅ Skipping وآذر (already up-to-date, 1.8 hours old)
2025-07-11 17:28:44,607 - __main__ - INFO - ✅ Skipping سمایه (already up-to-date, 1.8 hours old)
2025-07-11 17:28:44,609 - __main__ - INFO - ✅ Skipping داروح (already up-to-date, 1.8 hours old)
2025-07-11 17:28:44,609 - __main__ - INFO - ✅ Skipping واتی (already up-to-date, 1.8 hours old)
2025-07-11 17:28:44,610 - __main__ - INFO - ✅ Skipping گنجین (already up-to-date, 1.8 hours old)
2025-07-11 17:28:44,610 - __main__ - INFO - ✅ Skipping پخش (already up-to-date, 1.8 hours old)
2025-07-11 17:28:44,611 - __main__ - INFO - ✅ Skipping مدارانح (already up-to-date, 1.8 hours old)
2025-07-11 17:28:44,612 - __main__ - INFO - ✅ Skipping حفاریح (already up-to-date, 1.8 hours old)
2025-07-11 17:28:44,612 - __main__ - INFO - ✅ Skipping وتوشه (already up-to-date, 1.8 hours old)
2025-07-11 17:28:44,613 - __main__ - INFO - ✅ Skipping فبستم (already up-to-date, 1.8 hours old)
2025-07-11 17:28:44,613 - __main__ - INFO - ✅ Skipping بهپاک (already up-to-date, 1.8 hours old)
2025-07-11 17:28:44,614 - __main__ - INFO - ✅ Skipping آکورد (already up-to-date, 1.8 hours old)
2025-07-11 17:28:44,614 - __main__ - INFO - ✅ Skipping دیرانح (already up-to-date, 1.8 hours old)
2025-07-11 17:28:44,616 - __main__ - INFO - ✅ Skipping کاسپین (already up-to-date, 1.8 hours old)
2025-07-11 17:28:44,618 - __main__ - INFO - ✅ Skipping ثابت اکسیژن (already up-to-date, 1.8 hours old)
2025-07-11 17:28:44,619 - __main__ - INFO - ✅ Skipping لوتوس (already up-to-date, 1.8 hours old)
2025-07-11 17:28:44,619 - __main__ - INFO - ✅ Skipping چفیبرح (already up-to-date, 1.8 hours old)
2025-07-11 17:28:44,620 - __main__ - INFO - ✅ Skipping خپویشح (already up-to-date, 1.8 hours old)
2025-07-11 17:28:44,620 - __main__ - INFO - ✅ Skipping واتیح (already up-to-date, 1.8 hours old)
2025-07-11 17:28:44,622 - __main__ - INFO - ✅ Skipping وآفر (already up-to-date, 1.8 hours old)
2025-07-11 17:28:44,622 - __main__ - INFO - ✅ Skipping وزمین (already up-to-date, 1.8 hours old)
2025-07-11 17:28:44,623 - __main__ - INFO - ✅ Skipping لپیامح (already up-to-date, 1.8 hours old)
2025-07-11 17:28:44,623 - __main__ - INFO - ✅ Skipping آ س پ (already up-to-date, 1.8 hours old)
2025-07-11 17:28:44,624 - __main__ - INFO - ✅ Skipping شپاس (already up-to-date, 1.8 hours old)
2025-07-11 17:28:44,626 - __main__ - INFO - ✅ Skipping سفانوح (already up-to-date, 1.8 hours old)
2025-07-11 17:28:44,628 - __main__ - INFO - ✅ Skipping ثاخت (already up-to-date, 1.8 hours old)
2025-07-11 17:28:44,630 - __main__ - INFO - ✅ Skipping اونیکس (already up-to-date, 1.8 hours old)
2025-07-11 17:28:44,633 - __main__ - INFO - ✅ Skipping سمگا (already up-to-date, 1.8 hours old)
2025-07-11 17:28:44,634 - __main__ - INFO - ⏰ File for قثابتح is old (94.2 hours). Attempting to update...
2025-07-11 17:28:45,304 - __main__ - ERROR - ❌ Failed to download قثابتح: single positional indexer is out-of-bounds. Will retry on next run.
2025-07-11 17:28:45,305 - __main__ - INFO - ✅ Skipping دابور (already up-to-date, 1.8 hours old)
2025-07-11 17:28:45,305 - __main__ - INFO - ✅ Skipping رافزا (already up-to-date, 1.8 hours old)
2025-07-11 17:28:45,306 - __main__ - INFO - ✅ Skipping کترام (already up-to-date, 1.8 hours old)
2025-07-11 17:28:45,307 - __main__ - INFO - ✅ Skipping دالبرح (already up-to-date, 1.8 hours old)
2025-07-11 17:28:45,308 - __main__ - INFO - ✅ Skipping پتایر (already up-to-date, 1.8 hours old)
2025-07-11 17:28:45,308 - __main__ - INFO - ✅ Skipping قستانح (already up-to-date, 1.8 hours old)
2025-07-11 17:28:45,309 - __main__ - INFO - ✅ Skipping فمتالح (already up-to-date, 1.8 hours old)
2025-07-11 17:28:45,310 - __main__ - INFO - ✅ Skipping شکربن (already up-to-date, 1.8 hours old)
2025-07-11 17:28:45,311 - __main__ - INFO - ✅ Skipping شکلر (already up-to-date, 1.8 hours old)
2025-07-11 17:28:45,311 - __main__ - INFO - ⏰ File for فروسح is old (94.2 hours). Attempting to update...
2025-07-11 17:28:46,000 - __main__ - ERROR - ❌ Failed to download فروسح: single positional indexer is out-of-bounds. Will retry on next run.
2025-07-11 17:28:46,011 - __main__ - INFO - ✅ Skipping خلیج (already up-to-date, 1.8 hours old)
2025-07-11 17:28:46,012 - __main__ - INFO - ✅ Skipping کحافظح (already up-to-date, 1.8 hours old)
2025-07-11 17:28:46,013 - __main__ - INFO - ✅ Skipping بکابح (already up-to-date, 1.8 hours old)
2025-07-11 17:28:46,014 - __main__ - INFO - ✅ Skipping وساپا (already up-to-date, 1.8 hours old)
2025-07-11 17:28:46,014 - __main__ - INFO - ✅ Skipping وشهر (already up-to-date, 1.8 hours old)
2025-07-11 17:28:46,015 - __main__ - INFO - ✅ Skipping کرازی (already up-to-date, 1.8 hours old)
2025-07-11 17:28:46,015 - __main__ - INFO - ✅ Skipping دانیک (already up-to-date, 1.8 hours old)
2025-07-11 17:28:46,017 - __main__ - INFO - ✅ Skipping لخزر (already up-to-date, 1.8 hours old)
2025-07-11 17:28:46,017 - __main__ - INFO - ✅ Skipping خزرح (already up-to-date, 1.8 hours old)
2025-07-11 17:28:46,018 - __main__ - INFO - ✅ Skipping عشادگان (already up-to-date, 1.8 hours old)
2025-07-11 17:28:46,019 - __main__ - INFO - ✅ Skipping خکار (already up-to-date, 1.8 hours old)
2025-07-11 17:28:46,019 - __main__ - INFO - ✅ Skipping سخزر (already up-to-date, 1.8 hours old)
2025-07-11 17:28:46,020 - __main__ - INFO - ✅ Skipping شلیا (already up-to-date, 1.8 hours old)
2025-07-11 17:28:46,021 - __main__ - INFO - ✅ Skipping کیان (already up-to-date, 1.8 hours old)
2025-07-11 17:28:46,021 - __main__ - INFO - ✅ Skipping ختراکح (already up-to-date, 1.8 hours old)
2025-07-11 17:28:46,022 - __main__ - INFO - ✅ Skipping وحافظ (already up-to-date, 1.8 hours old)
2025-07-11 17:28:46,023 - __main__ - INFO - ✅ Skipping ما (already up-to-date, 1.8 hours old)
2025-07-11 17:28:46,025 - __main__ - INFO - ✅ Skipping غاذرح (already up-to-date, 1.8 hours old)
2025-07-11 17:28:46,026 - __main__ - INFO - ✅ Skipping شزنگح (already up-to-date, 1.8 hours old)
2025-07-11 17:28:46,027 - __main__ - INFO - ✅ Skipping حتایدح (already up-to-date, 1.8 hours old)
2025-07-11 17:28:46,028 - __main__ - INFO - ✅ Skipping پشاهنح (already up-to-date, 1.8 hours old)
2025-07-11 17:28:46,028 - __main__ - INFO - ✅ Skipping کویرح (already up-to-date, 1.8 hours old)
2025-07-11 17:28:46,029 - __main__ - INFO - ⏰ File for رانفورح is old (94.2 hours). Attempting to update...
2025-07-11 17:28:46,734 - __main__ - ERROR - ❌ Failed to download رانفورح: single positional indexer is out-of-bounds. Will retry on next run.
2025-07-11 17:28:46,736 - __main__ - INFO - ✅ Skipping زکوثر (already up-to-date, 1.8 hours old)
2025-07-11 17:28:46,736 - __main__ - INFO - ✅ Skipping زپارس (already up-to-date, 1.8 hours old)
2025-07-11 17:28:46,737 - __main__ - INFO - ✅ Skipping کالا (already up-to-date, 1.8 hours old)
2025-07-11 17:28:46,739 - __main__ - INFO - ✅ Skipping ثجوان (already up-to-date, 1.8 hours old)
2025-07-11 17:28:46,740 - __main__ - INFO - ⏰ File for قلرستح is old (94.2 hours). Attempting to update...
2025-07-11 17:28:47,399 - __main__ - ERROR - ❌ Failed to download قلرستح: single positional indexer is out-of-bounds. Will retry on next run.
2025-07-11 17:28:47,400 - __main__ - INFO - ✅ Skipping ساذری (already up-to-date, 1.8 hours old)
2025-07-11 17:28:47,402 - __main__ - INFO - ✅ Skipping صنوین (already up-to-date, 1.8 hours old)
2025-07-11 17:28:47,402 - __main__ - INFO - ✅ Skipping غدامح (already up-to-date, 1.8 hours old)
2025-07-11 17:28:47,403 - __main__ - INFO - ✅ Skipping سپ (already up-to-date, 1.8 hours old)
2025-07-11 17:28:47,404 - __main__ - INFO - ✅ Skipping قتربت (already up-to-date, 1.8 hours old)
2025-07-11 17:28:47,405 - __main__ - INFO - ✅ Skipping وآوا (already up-to-date, 1.8 hours old)
2025-07-11 17:28:47,407 - __main__ - INFO - ✅ Skipping فولای (already up-to-date, 1.8 hours old)
2025-07-11 17:28:47,407 - __main__ - INFO - ✅ Skipping وتوسمح (already up-to-date, 1.8 hours old)
2025-07-11 17:28:47,408 - __main__ - INFO - ✅ Skipping لطیف (already up-to-date, 1.8 hours old)
2025-07-11 17:28:47,409 - __main__ - INFO - ✅ Skipping سصفها (already up-to-date, 1.8 hours old)
2025-07-11 17:28:47,409 - __main__ - INFO - ✅ Skipping دلقما (already up-to-date, 1.8 hours old)
2025-07-11 17:28:47,410 - __main__ - INFO - ✅ Skipping انار (already up-to-date, 1.8 hours old)
2025-07-11 17:28:47,411 - __main__ - INFO - ✅ Skipping آلومینا (already up-to-date, 1.8 hours old)
2025-07-11 17:28:47,411 - __main__ - INFO - ⏰ File for پخش اول is old (94.2 hours). Attempting to update...
2025-07-11 17:28:48,077 - __main__ - ERROR - ❌ Failed to download پخش اول: single positional indexer is out-of-bounds. Will retry on next run.
2025-07-11 17:28:48,078 - __main__ - INFO - ✅ Skipping وامین (already up-to-date, 1.8 hours old)
2025-07-11 17:28:48,079 - __main__ - INFO - ✅ Skipping شفارسح (already up-to-date, 1.8 hours old)
2025-07-11 17:28:48,080 - __main__ - INFO - ✅ Skipping غگل (already up-to-date, 1.8 hours old)
2025-07-11 17:28:48,080 - __main__ - INFO - ✅ Skipping ثاختح (already up-to-date, 1.8 hours old)
2025-07-11 17:28:48,081 - __main__ - INFO - ✅ Skipping حتوکاح (already up-to-date, 1.8 hours old)
2025-07-11 17:28:48,081 - __main__ - INFO - ✅ Skipping آسامید (already up-to-date, 1.8 hours old)
2025-07-11 17:28:48,082 - __main__ - INFO - ✅ Skipping سفارس (already up-to-date, 1.8 hours old)
2025-07-11 17:28:48,082 - __main__ - INFO - ✅ Skipping عبهمن (already up-to-date, 1.8 hours old)
2025-07-11 17:28:48,083 - __main__ - INFO - ✅ Skipping فنوال (already up-to-date, 1.8 hours old)
2025-07-11 17:28:48,084 - __main__ - INFO - ✅ Skipping وانصارح (already up-to-date, 1.8 hours old)
2025-07-11 17:28:48,085 - __main__ - INFO - ✅ Skipping وایران (already up-to-date, 1.8 hours old)
2025-07-11 17:28:48,086 - __main__ - INFO - ✅ Skipping فولاژ (already up-to-date, 1.8 hours old)
2025-07-11 17:28:48,086 - __main__ - INFO - ✅ Skipping تکشاح (already up-to-date, 1.8 hours old)
2025-07-11 17:28:48,087 - __main__ - INFO - ✅ Skipping شکفح (already up-to-date, 1.8 hours old)
2025-07-11 17:28:48,087 - __main__ - INFO - ✅ Skipping بکهنوج (already up-to-date, 1.8 hours old)
2025-07-11 17:28:48,088 - __main__ - INFO - ✅ Skipping نهال (already up-to-date, 1.8 hours old)
2025-07-11 17:28:48,088 - __main__ - INFO - ✅ Skipping اعتبار (already up-to-date, 1.8 hours old)
2025-07-11 17:28:48,089 - __main__ - INFO - ✅ Skipping ومعادن (already up-to-date, 1.8 hours old)
2025-07-11 17:28:48,090 - __main__ - INFO - ✅ Skipping گکوثر (already up-to-date, 1.8 hours old)
2025-07-11 17:28:48,091 - __main__ - INFO - ✅ Skipping شاراک (already up-to-date, 1.8 hours old)
2025-07-11 17:28:48,092 - __main__ - INFO - ✅ Skipping ارمغان (already up-to-date, 1.8 hours old)
2025-07-11 17:28:48,093 - __main__ - INFO - ⏰ File for شسیناح is old (94.2 hours). Attempting to update...
2025-07-11 17:28:48,788 - __main__ - ERROR - ❌ Failed to download شسیناح: single positional indexer is out-of-bounds. Will retry on next run.
2025-07-11 17:28:48,790 - __main__ - INFO - ✅ Skipping اپال (already up-to-date, 1.8 hours old)
2025-07-11 17:28:48,790 - __main__ - INFO - ✅ Skipping کایتا (already up-to-date, 1.8 hours old)
2025-07-11 17:28:48,791 - __main__ - INFO - ✅ Skipping نمرینو (already up-to-date, 1.8 hours old)
2025-07-11 17:28:48,792 - __main__ - INFO - ✅ Skipping تپمپی (already up-to-date, 1.8 hours old)
2025-07-11 17:28:48,792 - __main__ - INFO - ✅ Skipping فلامی (already up-to-date, 1.8 hours old)
2025-07-11 17:28:48,793 - __main__ - INFO - ✅ Skipping فسربح (already up-to-date, 1.8 hours old)
2025-07-11 17:28:48,794 - __main__ - INFO - ✅ Skipping اتکاسا (already up-to-date, 1.8 hours old)
2025-07-11 17:28:48,795 - __main__ - INFO - ✅ Skipping قنقش (already up-to-date, 1.8 hours old)
2025-07-11 17:28:48,795 - __main__ - INFO - ✅ Skipping گدنا (already up-to-date, 1.8 hours old)
2025-07-11 17:28:48,796 - __main__ - INFO - ✅ Skipping پلاسکح (already up-to-date, 1.8 hours old)
2025-07-11 17:28:48,797 - __main__ - INFO - ✅ Skipping ناما (already up-to-date, 1.8 hours old)
2025-07-11 17:28:48,797 - __main__ - INFO - ✅ Skipping فجهان (already up-to-date, 1.8 hours old)
2025-07-11 17:28:48,798 - __main__ - INFO - ✅ Skipping تکنو (already up-to-date, 1.8 hours old)
2025-07-11 17:28:48,798 - __main__ - INFO - ✅ Skipping پلاستح (already up-to-date, 1.8 hours old)
2025-07-11 17:28:48,799 - __main__ - INFO - ✅ Skipping کاماح (already up-to-date, 1.8 hours old)
2025-07-11 17:28:48,799 - __main__ - INFO - ✅ Skipping فپارس (already up-to-date, 1.8 hours old)
2025-07-11 17:28:48,800 - __main__ - INFO - ✅ Skipping شپارس (already up-to-date, 1.8 hours old)
2025-07-11 17:28:48,800 - __main__ - INFO - ✅ Skipping تاپیکوح (already up-to-date, 1.8 hours old)
2025-07-11 17:28:48,801 - __main__ - INFO - ✅ Skipping سغرب (already up-to-date, 1.8 hours old)
2025-07-11 17:28:48,802 - __main__ - INFO - ✅ Skipping وبملت (already up-to-date, 1.8 hours old)
2025-07-11 17:28:48,803 - __main__ - INFO - ✅ Skipping ذوب (already up-to-date, 1.8 hours old)
2025-07-11 17:28:48,804 - __main__ - INFO - ⏰ File for سصفهاح is old (94.2 hours). Attempting to update...
2025-07-11 17:28:49,514 - __main__ - ERROR - ❌ Failed to download سصفهاح: single positional indexer is out-of-bounds. Will retry on next run.
2025-07-11 17:28:49,526 - __main__ - INFO - ✅ Skipping ثشاهدح (already up-to-date, 1.8 hours old)
2025-07-11 17:28:49,527 - __main__ - INFO - ✅ Skipping ولیزح (already up-to-date, 1.8 hours old)
2025-07-11 17:28:49,527 - __main__ - INFO - ✅ Skipping گارانتی (already up-to-date, 1.8 hours old)
2025-07-11 17:28:49,528 - __main__ - INFO - ✅ Skipping یارا (already up-to-date, 1.8 hours old)
2025-07-11 17:28:49,528 - __main__ - INFO - ✅ Skipping ساربیل (already up-to-date, 1.8 hours old)
2025-07-11 17:28:49,529 - __main__ - INFO - ⏰ File for شوشح is old (94.2 hours). Attempting to update...
2025-07-11 17:28:50,250 - __main__ - ERROR - ❌ Failed to download شوشح: single positional indexer is out-of-bounds. Will retry on next run.
2025-07-11 17:28:50,261 - __main__ - INFO - ✅ Skipping کنیلو (already up-to-date, 1.8 hours old)
2025-07-11 17:28:50,262 - __main__ - INFO - ✅ Skipping وآردل (already up-to-date, 1.8 hours old)
2025-07-11 17:28:50,263 - __main__ - INFO - ✅ Skipping وآرین (already up-to-date, 1.8 hours old)
2025-07-11 17:28:50,263 - __main__ - INFO - ✅ Skipping حتوکا (already up-to-date, 1.8 hours old)
2025-07-11 17:28:50,264 - __main__ - INFO - ✅ Skipping ونیرو (already up-to-date, 1.8 hours old)
2025-07-11 17:28:50,264 - __main__ - INFO - ✅ Skipping رابین (already up-to-date, 1.8 hours old)
2025-07-11 17:28:50,265 - __main__ - INFO - ✅ Skipping تپکوح (already up-to-date, 1.8 hours old)
2025-07-11 17:28:50,266 - __main__ - INFO - ✅ Skipping آرام (already up-to-date, 1.8 hours old)
2025-07-11 17:28:50,266 - __main__ - INFO - ✅ Skipping بشهابح (already up-to-date, 1.8 hours old)
2025-07-11 17:28:50,267 - __main__ - INFO - ✅ Skipping شپمچاح (already up-to-date, 1.8 hours old)
2025-07-11 17:28:50,268 - __main__ - INFO - ✅ Skipping فسا (already up-to-date, 1.8 hours old)
2025-07-11 17:28:50,269 - __main__ - INFO - ✅ Skipping غمهراح (already up-to-date, 1.8 hours old)
2025-07-11 17:28:50,270 - __main__ - INFO - ✅ Skipping سبهان (already up-to-date, 1.8 hours old)
2025-07-11 17:28:50,270 - __main__ - INFO - ✅ Skipping سپیدار (already up-to-date, 1.8 hours old)
2025-07-11 17:28:50,271 - __main__ - INFO - ✅ Skipping وانصار (already up-to-date, 1.8 hours old)
2025-07-11 17:28:50,271 - __main__ - INFO - ✅ Skipping قچار (already up-to-date, 1.8 hours old)
2025-07-11 17:28:50,272 - __main__ - INFO - ⏰ File for زرنام is old (94.2 hours). Attempting to update...
2025-07-11 17:28:50,903 - __main__ - ERROR - ❌ Failed to download زرنام: single positional indexer is out-of-bounds. Will retry on next run.
2025-07-11 17:28:50,904 - __main__ - INFO - ✅ Skipping رمپناح (already up-to-date, 1.8 hours old)
2025-07-11 17:28:50,904 - __main__ - INFO - ✅ Skipping تنوینح (already up-to-date, 1.8 hours old)
2025-07-11 17:28:50,906 - __main__ - INFO - ✅ Skipping دکیمیح (already up-to-date, 1.8 hours old)
2025-07-11 17:28:50,906 - __main__ - INFO - ✅ Skipping ونیروح (already up-to-date, 1.8 hours old)
2025-07-11 17:28:50,907 - __main__ - INFO - ✅ Skipping سترانح (already up-to-date, 1.8 hours old)
2025-07-11 17:28:50,907 - __main__ - INFO - ✅ Skipping فسازانح (already up-to-date, 1.7 hours old)
2025-07-11 17:28:50,908 - __main__ - INFO - ✅ Skipping دلر (already up-to-date, 1.7 hours old)
2025-07-11 17:28:50,909 - __main__ - INFO - ✅ Skipping وتوصاح (already up-to-date, 1.7 hours old)
2025-07-11 17:28:50,910 - __main__ - INFO - ✅ Skipping قپارس (already up-to-date, 1.7 hours old)
2025-07-11 17:28:50,910 - __main__ - INFO - ✅ Skipping بفجر (already up-to-date, 1.7 hours old)
2025-07-11 17:28:50,911 - __main__ - INFO - ⏰ File for شموادح is old (94.2 hours). Attempting to update...
2025-07-11 17:28:51,579 - __main__ - ERROR - ❌ Failed to download شموادح: single positional indexer is out-of-bounds. Will retry on next run.
2025-07-11 17:28:51,591 - __main__ - INFO - ✅ Skipping وسدید (already up-to-date, 1.7 hours old)
2025-07-11 17:28:51,592 - __main__ - INFO - ✅ Skipping وساخت (already up-to-date, 1.7 hours old)
2025-07-11 17:28:51,593 - __main__ - INFO - ✅ Skipping کزغال (already up-to-date, 1.7 hours old)
2025-07-11 17:28:51,594 - __main__ - INFO - ✅ Skipping تکنار (already up-to-date, 1.7 hours old)
2025-07-11 17:28:51,594 - __main__ - INFO - ⏰ File for چافستح is old (94.2 hours). Attempting to update...
2025-07-11 17:28:52,298 - __main__ - ERROR - ❌ Failed to download چافستح: single positional indexer is out-of-bounds. Will retry on next run.
2025-07-11 17:28:52,298 - __main__ - INFO - ⏰ File for وسمحال is old (94.2 hours). Attempting to update...
2025-07-11 17:28:53,017 - __main__ - ERROR - ❌ Failed to download وسمحال: single positional indexer is out-of-bounds. Will retry on next run.
2025-07-11 17:28:53,030 - __main__ - INFO - ✅ Skipping شمواد (already up-to-date, 1.7 hours old)
2025-07-11 17:28:53,031 - __main__ - INFO - ✅ Skipping فاسمین (already up-to-date, 1.7 hours old)
2025-07-11 17:28:53,032 - __main__ - INFO - ✅ Skipping پسهندح (already up-to-date, 1.7 hours old)
2025-07-11 17:28:53,032 - __main__ - INFO - ✅ Skipping هم وزن (already up-to-date, 1.7 hours old)
2025-07-11 17:28:53,033 - __main__ - INFO - ✅ Skipping آکنتورح (already up-to-date, 1.7 hours old)
2025-07-11 17:28:53,033 - __main__ - INFO - ✅ Skipping سپهر (already up-to-date, 1.7 hours old)
2025-07-11 17:28:53,034 - __main__ - INFO - ✅ Skipping خفنر (already up-to-date, 1.7 hours old)
2025-07-11 17:28:53,035 - __main__ - INFO - ✅ Skipping فجام (already up-to-date, 1.7 hours old)
2025-07-11 17:28:53,035 - __main__ - INFO - ✅ Skipping کایتاح (already up-to-date, 1.7 hours old)
2025-07-11 17:28:53,036 - __main__ - INFO - ✅ Skipping کرماشاح (already up-to-date, 1.7 hours old)
2025-07-11 17:28:53,037 - __main__ - INFO - ✅ Skipping غکورش (already up-to-date, 1.7 hours old)
2025-07-11 17:28:53,038 - __main__ - INFO - ✅ Skipping پرداخت (already up-to-date, 1.7 hours old)
2025-07-11 17:28:53,038 - __main__ - INFO - ✅ Skipping داوه (already up-to-date, 1.7 hours old)
2025-07-11 17:28:53,039 - __main__ - INFO - ✅ Skipping ساروم (already up-to-date, 1.7 hours old)
2025-07-11 17:28:53,039 - __main__ - INFO - ✅ Skipping رتکوح (already up-to-date, 1.7 hours old)
2025-07-11 17:28:53,040 - __main__ - INFO - ✅ Skipping مبین (already up-to-date, 1.7 hours old)
2025-07-11 17:28:53,041 - __main__ - INFO - ✅ Skipping ماهور (already up-to-date, 1.7 hours old)
2025-07-11 17:28:53,042 - __main__ - INFO - ✅ Skipping تاپیکو (already up-to-date, 1.7 hours old)
2025-07-11 17:28:53,043 - __main__ - INFO - ✅ Skipping فاسمینح (already up-to-date, 1.7 hours old)
2025-07-11 17:28:53,043 - __main__ - INFO - ✅ Skipping دپارس (already up-to-date, 1.7 hours old)
2025-07-11 17:28:53,044 - __main__ - INFO - ✅ Skipping ومعلم (already up-to-date, 1.7 hours old)
2025-07-11 17:28:53,045 - __main__ - INFO - ✅ Skipping شپدیسح (already up-to-date, 1.7 hours old)
2025-07-11 17:28:53,045 - __main__ - INFO - ✅ Skipping برکت (already up-to-date, 1.7 hours old)
2025-07-11 17:28:53,046 - __main__ - INFO - ✅ Skipping بنو (already up-to-date, 1.7 hours old)
2025-07-11 17:28:53,047 - __main__ - INFO - ✅ Skipping بایکاح (already up-to-date, 1.7 hours old)
2025-07-11 17:28:53,047 - __main__ - INFO - ✅ Skipping شپاکساح (already up-to-date, 1.7 hours old)
2025-07-11 17:28:53,047 - __main__ - INFO - ⏰ File for تمدن is old (94.2 hours). Attempting to update...
2025-07-11 17:28:53,696 - __main__ - ERROR - ❌ Failed to download تمدن: single positional indexer is out-of-bounds. Will retry on next run.
2025-07-11 17:28:53,708 - __main__ - INFO - ✅ Skipping غنیلی (already up-to-date, 1.7 hours old)
2025-07-11 17:28:53,709 - __main__ - INFO - ✅ Skipping سیسکو (already up-to-date, 1.7 hours old)
2025-07-11 17:28:53,710 - __main__ - INFO - ✅ Skipping دانا (already up-to-date, 1.7 hours old)
2025-07-11 17:28:53,711 - __main__ - INFO - ✅ Skipping آفاق (already up-to-date, 1.7 hours old)
2025-07-11 17:28:53,712 - __main__ - INFO - ✅ Skipping وبرق (already up-to-date, 1.7 hours old)
2025-07-11 17:28:53,712 - __main__ - INFO - ✅ Skipping تملت (already up-to-date, 1.7 hours old)
2025-07-11 17:28:53,713 - __main__ - INFO - ✅ Skipping پلوله (already up-to-date, 1.7 hours old)
2025-07-11 17:28:53,713 - __main__ - INFO - ✅ Skipping شساختح (already up-to-date, 1.7 hours old)
2025-07-11 17:28:53,714 - __main__ - INFO - ✅ Skipping بپیوند (already up-to-date, 1.7 hours old)
2025-07-11 17:28:53,714 - __main__ - INFO - ✅ Skipping خگستر (already up-to-date, 1.7 hours old)
2025-07-11 17:28:53,715 - __main__ - INFO - ✅ Skipping سپید (already up-to-date, 1.7 hours old)
2025-07-11 17:28:53,715 - __main__ - INFO - ✅ Skipping غصینو (already up-to-date, 1.7 hours old)
2025-07-11 17:28:53,716 - __main__ - INFO - ✅ Skipping کگلح (already up-to-date, 1.7 hours old)
2025-07-11 17:28:53,716 - __main__ - INFO - ✅ Skipping وآذرح (already up-to-date, 1.7 hours old)
2025-07-11 17:28:53,717 - __main__ - INFO - ✅ Skipping واعتبار (already up-to-date, 1.7 hours old)
2025-07-11 17:28:53,717 - __main__ - INFO - ✅ Skipping واحصا (already up-to-date, 1.7 hours old)
2025-07-11 17:28:53,718 - __main__ - INFO - ✅ Skipping آلا (already up-to-date, 1.7 hours old)
2025-07-11 17:28:53,718 - __main__ - INFO - ✅ Skipping سهگمت (already up-to-date, 1.7 hours old)
2025-07-11 17:28:53,719 - __main__ - INFO - ✅ Skipping والبرح (already up-to-date, 1.7 hours old)
2025-07-11 17:28:53,719 - __main__ - INFO - ✅ Skipping بگیلان (already up-to-date, 1.7 hours old)
2025-07-11 17:28:53,721 - __main__ - INFO - ✅ Skipping کسرام (already up-to-date, 1.7 hours old)
2025-07-11 17:28:53,721 - __main__ - INFO - ✅ Skipping فلات (already up-to-date, 1.7 hours old)
2025-07-11 17:28:53,722 - __main__ - INFO - ✅ Skipping پیروز (already up-to-date, 1.7 hours old)
2025-07-11 17:28:53,722 - __main__ - INFO - ✅ Skipping غنوش (already up-to-date, 1.7 hours old)
2025-07-11 17:28:53,723 - __main__ - INFO - ✅ Skipping تپسی (already up-to-date, 1.7 hours old)
2025-07-11 17:28:53,723 - __main__ - INFO - ✅ Skipping خزامیاح (already up-to-date, 1.7 hours old)
2025-07-11 17:28:53,724 - __main__ - INFO - ✅ Skipping رانفور (already up-to-date, 1.7 hours old)
2025-07-11 17:28:53,725 - __main__ - INFO - ✅ Skipping وسگیلا (already up-to-date, 1.7 hours old)
2025-07-11 17:28:53,725 - __main__ - INFO - ✅ Skipping لسرما (already up-to-date, 1.7 hours old)
2025-07-11 17:28:53,726 - __main__ - INFO - ✅ Skipping سیلامح (already up-to-date, 1.7 hours old)
2025-07-11 17:28:53,727 - __main__ - INFO - ✅ Skipping غمهرا (already up-to-date, 1.7 hours old)
2025-07-11 17:28:53,727 - __main__ - INFO - ✅ Skipping نفیس (already up-to-date, 1.7 hours old)
2025-07-11 17:28:53,728 - __main__ - INFO - ✅ Skipping فن آوا (already up-to-date, 1.7 hours old)
2025-07-11 17:28:53,729 - __main__ - INFO - ✅ Skipping مبینح (already up-to-date, 1.7 hours old)
2025-07-11 17:28:53,729 - __main__ - INFO - ✅ Skipping متال (already up-to-date, 1.7 hours old)
2025-07-11 17:28:53,730 - __main__ - INFO - ✅ Skipping ترمه (already up-to-date, 1.7 hours old)
2025-07-11 17:28:53,731 - __main__ - INFO - ✅ Skipping خکمکح (already up-to-date, 1.7 hours old)
2025-07-11 17:28:53,731 - __main__ - INFO - ✅ Skipping آسیا (already up-to-date, 1.7 hours old)
2025-07-11 17:28:53,732 - __main__ - INFO - ✅ Skipping کنیلوح (already up-to-date, 1.7 hours old)
2025-07-11 17:28:53,732 - __main__ - INFO - ✅ Skipping کصدف (already up-to-date, 1.7 hours old)
2025-07-11 17:28:53,732 - __main__ - INFO - ✅ Skipping فلامیح (already up-to-date, 1.7 hours old)
2025-07-11 17:28:53,732 - __main__ - INFO - ✅ Skipping لپویاح (already up-to-date, 1.7 hours old)
2025-07-11 17:28:53,733 - __main__ - INFO - ✅ Skipping ثامید (already up-to-date, 1.7 hours old)
2025-07-11 17:28:53,733 - __main__ - INFO - ✅ Skipping کفرآور (already up-to-date, 1.7 hours old)
2025-07-11 17:28:53,734 - __main__ - INFO - ✅ Skipping چکاوهح (already up-to-date, 1.7 hours old)
2025-07-11 17:28:53,734 - __main__ - INFO - ✅ Skipping زدشت (already up-to-date, 1.7 hours old)
2025-07-11 17:28:53,734 - __main__ - INFO - ✅ Skipping ثروتم (already up-to-date, 1.7 hours old)
2025-07-11 17:28:53,735 - __main__ - INFO - ✅ Skipping نوری (already up-to-date, 1.7 hours old)
2025-07-11 17:28:53,735 - __main__ - INFO - ✅ Skipping خمهر (already up-to-date, 1.7 hours old)
2025-07-11 17:28:53,736 - __main__ - INFO - ✅ Skipping شگویا (already up-to-date, 1.7 hours old)
2025-07-11 17:28:53,737 - __main__ - INFO - ✅ Skipping امین (already up-to-date, 1.7 hours old)
2025-07-11 17:28:53,738 - __main__ - INFO - ✅ Skipping پارسانح (already up-to-date, 1.7 hours old)
2025-07-11 17:28:53,738 - __main__ - INFO - ✅ Skipping شاوان (already up-to-date, 1.7 hours old)
2025-07-11 17:28:53,738 - __main__ - INFO - ✅ Skipping کیمیا (already up-to-date, 1.7 hours old)
2025-07-11 17:28:53,739 - __main__ - INFO - ✅ Skipping وامیدح (already up-to-date, 1.7 hours old)
2025-07-11 17:28:53,739 - __main__ - INFO - ✅ Skipping وتعاون (already up-to-date, 1.7 hours old)
2025-07-11 17:28:53,740 - __main__ - INFO - ✅ Skipping آبین (already up-to-date, 1.7 hours old)
2025-07-11 17:28:53,740 - __main__ - INFO - ✅ Skipping فروسیل (already up-to-date, 1.7 hours old)
2025-07-11 17:28:53,741 - __main__ - INFO - ✅ Skipping بمیلا (already up-to-date, 1.7 hours old)
2025-07-11 17:28:53,741 - __main__ - INFO - ✅ Skipping دکوثرح (already up-to-date, 1.7 hours old)
2025-07-11 17:28:53,742 - __main__ - INFO - ✅ Skipping سهگمتح (already up-to-date, 1.7 hours old)
2025-07-11 17:28:53,743 - __main__ - INFO - ✅ Skipping ومعادنح (already up-to-date, 1.7 hours old)
2025-07-11 17:28:53,743 - __main__ - INFO - ✅ Skipping مانی (already up-to-date, 1.7 hours old)
2025-07-11 17:28:53,744 - __main__ - INFO - ✅ Skipping خچرخش (already up-to-date, 1.7 hours old)
2025-07-11 17:28:53,744 - __main__ - INFO - ✅ Skipping شبریزح (already up-to-date, 1.7 hours old)
2025-07-11 17:28:53,745 - __main__ - INFO - ✅ Skipping شپتروح (already up-to-date, 1.7 hours old)
2025-07-11 17:28:53,745 - __main__ - INFO - ✅ Skipping کرماشا (already up-to-date, 1.7 hours old)
2025-07-11 17:28:53,745 - __main__ - INFO - ✅ Skipping فخوز (already up-to-date, 1.7 hours old)
2025-07-11 17:28:53,746 - __main__ - INFO - ✅ Skipping قشهد (already up-to-date, 1.7 hours old)
2025-07-11 17:28:53,746 - __main__ - INFO - ✅ Skipping قصفها (already up-to-date, 1.7 hours old)
2025-07-11 17:28:53,746 - __main__ - INFO - ✅ Skipping ختراک (already up-to-date, 1.7 hours old)
2025-07-11 17:28:53,747 - __main__ - INFO - ✅ Skipping خریختح (already up-to-date, 1.7 hours old)
2025-07-11 17:28:53,747 - __main__ - INFO - ✅ Skipping سپر (already up-to-date, 1.7 hours old)
2025-07-11 17:28:53,747 - __main__ - INFO - ✅ Skipping پارسان (already up-to-date, 1.7 hours old)
2025-07-11 17:28:53,748 - __main__ - INFO - ✅ Skipping تداوم (already up-to-date, 1.7 hours old)
2025-07-11 17:28:53,748 - __main__ - INFO - ⏰ File for نماد is old (94.2 hours). Attempting to update...
2025-07-11 17:28:54,385 - __main__ - ERROR - ❌ Failed to download نماد: single positional indexer is out-of-bounds. Will retry on next run.
2025-07-11 17:28:54,396 - __main__ - INFO - ✅ Skipping کماسهح (already up-to-date, 1.7 hours old)
2025-07-11 17:28:54,397 - __main__ - INFO - ✅ Skipping فاخر (already up-to-date, 1.7 hours old)
2025-07-11 17:28:54,397 - __main__ - INFO - ✅ Skipping قشکرح (already up-to-date, 1.7 hours old)
2025-07-11 17:28:54,398 - __main__ - INFO - ✅ Skipping کمرجان (already up-to-date, 1.7 hours old)
2025-07-11 17:28:54,399 - __main__ - INFO - ✅ Skipping شنفتح (already up-to-date, 1.7 hours old)
2025-07-11 17:28:54,399 - __main__ - INFO - ✅ Skipping غبهار (already up-to-date, 1.7 hours old)
2025-07-11 17:28:54,401 - __main__ - INFO - ✅ Skipping فسدیدح (already up-to-date, 1.7 hours old)
2025-07-11 17:28:54,401 - __main__ - INFO - ✅ Skipping زرین (already up-to-date, 1.7 hours old)
2025-07-11 17:28:54,402 - __main__ - INFO - ✅ Skipping سارومح (already up-to-date, 1.7 hours old)
2025-07-11 17:28:54,403 - __main__ - INFO - ✅ Skipping بورس (already up-to-date, 1.7 hours old)
2025-07-11 17:28:54,403 - __main__ - INFO - ✅ Skipping غپاکح (already up-to-date, 1.7 hours old)
2025-07-11 17:28:54,404 - __main__ - INFO - ✅ Skipping دسانکو (already up-to-date, 1.7 hours old)
2025-07-11 17:28:54,404 - __main__ - INFO - ✅ Skipping آساس (already up-to-date, 1.7 hours old)
2025-07-11 17:28:54,405 - __main__ - INFO - ✅ Skipping وگستر (already up-to-date, 1.7 hours old)
2025-07-11 17:28:54,405 - __main__ - INFO - ✅ Skipping جوین (already up-to-date, 1.7 hours old)
2025-07-11 17:28:54,406 - __main__ - INFO - ⏰ File for اکتیو is old (94.2 hours). Attempting to update...
2025-07-11 17:28:55,114 - __main__ - ERROR - ❌ Failed to download اکتیو: single positional indexer is out-of-bounds. Will retry on next run.
2025-07-11 17:28:55,126 - __main__ - INFO - ✅ Skipping انرژی2 (already up-to-date, 1.7 hours old)
2025-07-11 17:28:55,127 - __main__ - INFO - ✅ Skipping شبندر (already up-to-date, 1.7 hours old)
2025-07-11 17:28:55,128 - __main__ - INFO - ✅ Skipping حسیر (already up-to-date, 1.7 hours old)
2025-07-11 17:28:55,129 - __main__ - INFO - ✅ Skipping کاوهح (already up-to-date, 1.7 hours old)
2025-07-11 17:28:55,129 - __main__ - INFO - ✅ Skipping ساوه (already up-to-date, 1.7 hours old)
2025-07-11 17:28:55,130 - __main__ - INFO - ✅ Skipping زکشت (already up-to-date, 1.7 hours old)
2025-07-11 17:28:55,130 - __main__ - INFO - ✅ Skipping بالبر (already up-to-date, 1.7 hours old)
2025-07-11 17:28:55,131 - __main__ - INFO - ✅ Skipping شوینده (already up-to-date, 1.7 hours old)
2025-07-11 17:28:55,132 - __main__ - INFO - ⏰ File for لبهمنح is old (94.2 hours). Attempting to update...
2025-07-11 17:28:55,897 - __main__ - ERROR - ❌ Failed to download لبهمنح: single positional indexer is out-of-bounds. Will retry on next run.
2025-07-11 17:28:55,908 - __main__ - INFO - ✅ Skipping دعبیدح (already up-to-date, 1.7 hours old)
2025-07-11 17:28:55,909 - __main__ - INFO - ✅ Skipping سخند (already up-to-date, 1.7 hours old)
2025-07-11 17:28:55,909 - __main__ - INFO - ✅ Skipping دکپسول (already up-to-date, 1.7 hours old)
2025-07-11 17:28:55,910 - __main__ - INFO - ✅ Skipping دریا (already up-to-date, 1.7 hours old)
2025-07-11 17:28:55,911 - __main__ - INFO - ✅ Skipping زقیام (already up-to-date, 1.7 hours old)
2025-07-11 17:28:55,911 - __main__ - INFO - ✅ Skipping ساراب (already up-to-date, 1.7 hours old)
2025-07-11 17:28:55,912 - __main__ - INFO - ✅ Skipping قهکمت (already up-to-date, 1.7 hours old)
2025-07-11 17:28:55,913 - __main__ - INFO - ✅ Skipping همای (already up-to-date, 1.7 hours old)
2025-07-11 17:28:55,913 - __main__ - INFO - ✅ Skipping مداران (already up-to-date, 1.7 hours old)
2025-07-11 17:28:55,914 - __main__ - INFO - ✅ Skipping آریان (already up-to-date, 1.7 hours old)
2025-07-11 17:28:55,914 - __main__ - INFO - ✅ Skipping سیلام (already up-to-date, 1.7 hours old)
2025-07-11 17:28:55,915 - __main__ - INFO - ⏰ File for سینا is old (94.2 hours). Attempting to update...
2025-07-11 17:28:56,707 - __main__ - ERROR - ❌ Failed to download سینا: single positional indexer is out-of-bounds. Will retry on next run.
2025-07-11 17:28:56,718 - __main__ - INFO - ✅ Skipping وساپاح (already up-to-date, 1.7 hours old)
2025-07-11 17:28:56,719 - __main__ - INFO - ✅ Skipping اعتماد (already up-to-date, 1.7 hours old)
2025-07-11 17:28:56,720 - __main__ - INFO - ✅ Skipping سغدیر (already up-to-date, 1.7 hours old)
2025-07-11 17:28:56,721 - __main__ - INFO - ✅ Skipping لپارس (already up-to-date, 1.7 hours old)
2025-07-11 17:28:56,722 - __main__ - INFO - ✅ Skipping خاور (already up-to-date, 1.7 hours old)
2025-07-11 17:28:56,722 - __main__ - INFO - ✅ Skipping غدشتح (already up-to-date, 1.7 hours old)
2025-07-11 17:28:56,723 - __main__ - INFO - ✅ Skipping پترول (already up-to-date, 1.7 hours old)
2025-07-11 17:28:56,724 - __main__ - INFO - ✅ Skipping تاراز (already up-to-date, 1.7 hours old)
2025-07-11 17:28:56,724 - __main__ - INFO - ✅ Skipping خشرق (already up-to-date, 1.7 hours old)
2025-07-11 17:28:56,725 - __main__ - INFO - ✅ Skipping کهمداح (already up-to-date, 1.7 hours old)
2025-07-11 17:28:56,726 - __main__ - INFO - ✅ Skipping رماس (already up-to-date, 1.7 hours old)
2025-07-11 17:28:56,727 - __main__ - INFO - ✅ Skipping تکاردان (already up-to-date, 1.7 hours old)
2025-07-11 17:28:56,728 - __main__ - INFO - ✅ Skipping جواهر (already up-to-date, 1.7 hours old)
2025-07-11 17:28:56,729 - __main__ - INFO - ✅ Skipping امین یکم (already up-to-date, 1.7 hours old)
2025-07-11 17:28:56,729 - __main__ - INFO - ✅ Skipping خبهمنح (already up-to-date, 1.7 hours old)
2025-07-11 17:28:56,730 - __main__ - INFO - ✅ Skipping خراسان (already up-to-date, 1.7 hours old)
2025-07-11 17:28:56,731 - __main__ - INFO - ✅ Skipping تصمیم (already up-to-date, 1.7 hours old)
2025-07-11 17:28:56,731 - __main__ - INFO - ✅ Skipping سرو (already up-to-date, 1.7 hours old)
2025-07-11 17:28:56,731 - __main__ - INFO - ✅ Skipping فبیراح (already up-to-date, 1.7 hours old)
2025-07-11 17:28:56,732 - __main__ - INFO - ✅ Skipping مدیر (already up-to-date, 1.7 hours old)
2025-07-11 17:28:56,732 - __main__ - INFO - ✅ Skipping بتهران (already up-to-date, 1.7 hours old)
2025-07-11 17:28:56,733 - __main__ - INFO - ✅ Skipping خنصیرح (already up-to-date, 1.7 hours old)
2025-07-11 17:28:56,733 - __main__ - INFO - ✅ Skipping خموتور (already up-to-date, 1.7 hours old)
2025-07-11 17:28:56,734 - __main__ - INFO - ✅ Skipping جهش (already up-to-date, 1.7 hours old)
2025-07-11 17:28:56,734 - __main__ - INFO - ✅ Skipping حتاید (already up-to-date, 1.7 hours old)
2025-07-11 17:28:56,735 - __main__ - INFO - ✅ Skipping ونچر (already up-to-date, 1.7 hours old)
2025-07-11 17:28:56,735 - __main__ - INFO - ✅ Skipping وپترو (already up-to-date, 1.7 hours old)
2025-07-11 17:28:56,736 - __main__ - INFO - ✅ Skipping ولراز (already up-to-date, 1.7 hours old)
2025-07-11 17:28:56,736 - __main__ - INFO - ⏰ File for فردوس is old (94.2 hours). Attempting to update...
2025-07-11 17:28:57,407 - __main__ - ERROR - ❌ Failed to download فردوس: single positional indexer is out-of-bounds. Will retry on next run.
2025-07-11 17:28:57,419 - __main__ - INFO - ✅ Skipping وتوکا (already up-to-date, 1.7 hours old)
2025-07-11 17:28:57,420 - __main__ - INFO - ✅ Skipping خبازرس (already up-to-date, 1.7 hours old)
2025-07-11 17:28:57,421 - __main__ - INFO - ✅ Skipping مارون (already up-to-date, 1.7 hours old)
2025-07-11 17:28:57,421 - __main__ - INFO - ✅ Skipping تلیسه (already up-to-date, 1.7 hours old)
2025-07-11 17:28:57,422 - __main__ - INFO - ✅ Skipping کایزد (already up-to-date, 1.7 hours old)
2025-07-11 17:28:57,423 - __main__ - INFO - ✅ Skipping وکادو (already up-to-date, 1.7 hours old)
2025-07-11 17:28:57,424 - __main__ - INFO - ✅ Skipping سدشت (already up-to-date, 1.7 hours old)
2025-07-11 17:28:57,424 - __main__ - INFO - ✅ Skipping فپارسح (already up-to-date, 1.7 hours old)
2025-07-11 17:28:57,425 - __main__ - INFO - ✅ Skipping خودروح (already up-to-date, 1.7 hours old)
2025-07-11 17:28:57,425 - __main__ - INFO - ✅ Skipping خاذینح (already up-to-date, 1.7 hours old)
2025-07-11 17:28:57,426 - __main__ - INFO - ⏰ File for فنرژیح is old (94.2 hours). Attempting to update...
2025-07-11 17:28:58,130 - __main__ - ERROR - ❌ Failed to download فنرژیح: single positional indexer is out-of-bounds. Will retry on next run.
2025-07-11 17:28:58,130 - __main__ - INFO - ✅ Skipping داتام (already up-to-date, 1.7 hours old)
2025-07-11 17:28:58,131 - __main__ - INFO - ✅ Skipping حبندر (already up-to-date, 1.7 hours old)
2025-07-11 17:28:58,132 - __main__ - INFO - ✅ Skipping صباح (already up-to-date, 1.7 hours old)
2025-07-11 17:28:58,132 - __main__ - INFO - ✅ Skipping غالبرح (already up-to-date, 1.7 hours old)
2025-07-11 17:28:58,133 - __main__ - INFO - ✅ Skipping ویسا (already up-to-date, 1.7 hours old)
2025-07-11 17:28:58,133 - __main__ - INFO - ✅ Skipping شتولیح (already up-to-date, 1.7 hours old)
2025-07-11 17:28:58,134 - __main__ - INFO - ✅ Skipping خمحرکهح (already up-to-date, 1.7 hours old)
2025-07-11 17:28:58,134 - __main__ - INFO - ✅ Skipping پاکشوح (already up-to-date, 1.7 hours old)
2025-07-11 17:28:58,135 - __main__ - INFO - ✅ Skipping فاذر (already up-to-date, 1.7 hours old)
2025-07-11 17:28:58,135 - __main__ - INFO - ✅ Skipping هیوا (already up-to-date, 1.7 hours old)
2025-07-11 17:28:58,136 - __main__ - INFO - ✅ Skipping بذر (already up-to-date, 1.7 hours old)
2025-07-11 17:28:58,137 - __main__ - INFO - ⏰ File for قهکمتح is old (94.2 hours). Attempting to update...
2025-07-11 17:28:58,855 - __main__ - ERROR - ❌ Failed to download قهکمتح: single positional indexer is out-of-bounds. Will retry on next run.
2025-07-11 17:28:58,856 - __main__ - INFO - ✅ Skipping اتوآگاه (already up-to-date, 1.7 hours old)
2025-07-11 17:28:58,857 - __main__ - INFO - ✅ Skipping سفارح (already up-to-date, 1.7 hours old)
2025-07-11 17:28:58,857 - __main__ - INFO - ✅ Skipping فروس (already up-to-date, 1.7 hours old)
2025-07-11 17:28:58,858 - __main__ - INFO - ⏰ File for شلوان is old (94.2 hours). Attempting to update...
2025-07-11 17:28:59,550 - __main__ - ERROR - ❌ Failed to download شلوان: single positional indexer is out-of-bounds. Will retry on next run.
2025-07-11 17:28:59,561 - __main__ - INFO - ✅ Skipping کبافق (already up-to-date, 1.7 hours old)
2025-07-11 17:28:59,562 - __main__ - INFO - ✅ Skipping دارو (already up-to-date, 1.7 hours old)
2025-07-11 17:28:59,563 - __main__ - INFO - ✅ Skipping فاماح (already up-to-date, 1.7 hours old)
2025-07-11 17:28:59,564 - __main__ - INFO - ✅ Skipping فبیرا (already up-to-date, 1.7 hours old)
2025-07-11 17:28:59,565 - __main__ - INFO - ✅ Skipping وتجارت (already up-to-date, 1.7 hours old)
2025-07-11 17:28:59,566 - __main__ - INFO - ✅ Skipping شلرد (already up-to-date, 1.7 hours old)
2025-07-11 17:28:59,567 - __main__ - INFO - ✅ Skipping سفاسیت (already up-to-date, 1.7 hours old)
2025-07-11 17:28:59,568 - __main__ - INFO - ✅ Skipping شیرازح (already up-to-date, 1.7 hours old)
2025-07-11 17:28:59,568 - __main__ - INFO - ✅ Skipping وپویا (already up-to-date, 1.7 hours old)
2025-07-11 17:28:59,569 - __main__ - INFO - ✅ Skipping غشان (already up-to-date, 1.7 hours old)
2025-07-11 17:28:59,569 - __main__ - INFO - ✅ Skipping دهدشت (already up-to-date, 1.7 hours old)
2025-07-11 17:28:59,570 - __main__ - INFO - ✅ Skipping غچینح (already up-to-date, 1.7 hours old)
2025-07-11 17:28:59,570 - __main__ - INFO - ✅ Skipping ثرود (already up-to-date, 1.7 hours old)
2025-07-11 17:28:59,571 - __main__ - INFO - ✅ Skipping ثغرب (already up-to-date, 1.7 hours old)
2025-07-11 17:28:59,571 - __main__ - INFO - ✅ Skipping وصناح (already up-to-date, 1.7 hours old)
2025-07-11 17:28:59,572 - __main__ - INFO - ✅ Skipping رتاپ (already up-to-date, 1.7 hours old)
2025-07-11 17:28:59,573 - __main__ - INFO - ✅ Skipping وسخوز (already up-to-date, 1.7 hours old)
2025-07-11 17:28:59,574 - __main__ - INFO - ✅ Skipping کفپارس (already up-to-date, 1.7 hours old)
2025-07-11 17:28:59,574 - __main__ - INFO - ✅ Skipping مهریران (already up-to-date, 1.7 hours old)
2025-07-11 17:28:59,574 - __main__ - INFO - ✅ Skipping مفاخر (already up-to-date, 1.7 hours old)
2025-07-11 17:28:59,575 - __main__ - INFO - ✅ Skipping کارام (already up-to-date, 1.7 hours old)
2025-07-11 17:28:59,575 - __main__ - INFO - ✅ Skipping معیارح (already up-to-date, 1.7 hours old)
2025-07-11 17:28:59,575 - __main__ - INFO - ✅ Skipping دزهراوی (already up-to-date, 1.7 hours old)
2025-07-11 17:28:59,576 - __main__ - INFO - ✅ Skipping فخاسح (already up-to-date, 1.7 hours old)
2025-07-11 17:28:59,576 - __main__ - INFO - ✅ Skipping کپرور (already up-to-date, 1.7 hours old)
2025-07-11 17:28:59,576 - __main__ - INFO - ✅ Skipping وآتوس (already up-to-date, 1.7 hours old)
2025-07-11 17:28:59,577 - __main__ - INFO - ✅ Skipping سخزرح (already up-to-date, 1.7 hours old)
2025-07-11 17:28:59,577 - __main__ - INFO - ✅ Skipping دماوند (already up-to-date, 1.7 hours old)
2025-07-11 17:28:59,578 - __main__ - INFO - ✅ Skipping نبروج (already up-to-date, 1.7 hours old)
2025-07-11 17:28:59,579 - __main__ - INFO - ✅ Skipping کی بی سی (already up-to-date, 1.7 hours old)
2025-07-11 17:28:59,581 - __main__ - INFO - ✅ Skipping کاریس (already up-to-date, 1.7 hours old)
2025-07-11 17:28:59,582 - __main__ - INFO - ✅ Skipping نمرینوح (already up-to-date, 1.7 hours old)
2025-07-11 17:28:59,582 - __main__ - INFO - ✅ Skipping دتماد (already up-to-date, 1.7 hours old)
2025-07-11 17:28:59,583 - __main__ - INFO - ✅ Skipping رکیش (already up-to-date, 1.7 hours old)
2025-07-11 17:28:59,583 - __main__ - INFO - ✅ Skipping تاتمس (already up-to-date, 1.7 hours old)
2025-07-11 17:28:59,584 - __main__ - INFO - ✅ Skipping ثاصفاح (already up-to-date, 1.7 hours old)
2025-07-11 17:28:59,584 - __main__ - INFO - ✅ Skipping ماح (already up-to-date, 1.7 hours old)
2025-07-11 17:28:59,585 - __main__ - INFO - ✅ Skipping پکرمان (already up-to-date, 1.7 hours old)
2025-07-11 17:28:59,585 - __main__ - INFO - ✅ Skipping نگین (already up-to-date, 1.7 hours old)
2025-07-11 17:28:59,586 - __main__ - INFO - ✅ Skipping چبسپا (already up-to-date, 1.7 hours old)
2025-07-11 17:28:59,586 - __main__ - INFO - ✅ Skipping کلوندح (already up-to-date, 1.7 hours old)
2025-07-11 17:28:59,587 - __main__ - INFO - ✅ Skipping پی پاد (already up-to-date, 1.7 hours old)
2025-07-11 17:28:59,587 - __main__ - INFO - ⏰ File for چکارمح is old (94.2 hours). Attempting to update...
2025-07-11 17:29:00,300 - __main__ - ERROR - ❌ Failed to download چکارمح: single positional indexer is out-of-bounds. Will retry on next run.
2025-07-11 17:29:00,301 - __main__ - INFO - ✅ Skipping فنوالح (already up-to-date, 1.7 hours old)
2025-07-11 17:29:00,302 - __main__ - INFO - ✅ Skipping ولملتح (already up-to-date, 1.7 hours old)
2025-07-11 17:29:00,303 - __main__ - INFO - ✅ Skipping کباده (already up-to-date, 1.7 hours old)
2025-07-11 17:29:00,303 - __main__ - INFO - ✅ Skipping ولکار (already up-to-date, 1.7 hours old)
2025-07-11 17:29:00,303 - __main__ - INFO - ✅ Skipping بیوتیک (already up-to-date, 1.7 hours old)
2025-07-11 17:29:00,304 - __main__ - INFO - ✅ Skipping نبروجح (already up-to-date, 1.7 hours old)
2025-07-11 17:29:00,304 - __main__ - INFO - ✅ Skipping وسکهبو (already up-to-date, 1.7 hours old)
2025-07-11 17:29:00,305 - __main__ - INFO - ✅ Skipping اخابرح (already up-to-date, 1.7 hours old)
2025-07-11 17:29:00,306 - __main__ - INFO - ✅ Skipping وتوس (already up-to-date, 1.7 hours old)
2025-07-11 17:29:00,307 - __main__ - INFO - ✅ Skipping پارند (already up-to-date, 1.7 hours old)
2025-07-11 17:29:00,308 - __main__ - INFO - ✅ Skipping ثنور (already up-to-date, 1.7 hours old)
2025-07-11 17:29:00,309 - __main__ - INFO - ✅ Skipping غپآذر (already up-to-date, 1.7 hours old)
2025-07-11 17:29:00,309 - __main__ - INFO - ✅ Skipping آبادح (already up-to-date, 1.7 hours old)
2025-07-11 17:29:00,310 - __main__ - INFO - ✅ Skipping قزوینح (already up-to-date, 1.7 hours old)
2025-07-11 17:29:00,310 - __main__ - INFO - ✅ Skipping کورز (already up-to-date, 1.7 hours old)
2025-07-11 17:29:00,311 - __main__ - INFO - ✅ Skipping نیان (already up-to-date, 1.7 hours old)
2025-07-11 17:29:00,312 - __main__ - INFO - ✅ Skipping دشیمی (already up-to-date, 1.7 hours old)
2025-07-11 17:29:00,312 - __main__ - INFO - ⏰ File for تمحرکهح is old (94.2 hours). Attempting to update...
2025-07-11 17:29:01,002 - __main__ - ERROR - ❌ Failed to download تمحرکهح: single positional indexer is out-of-bounds. Will retry on next run.
2025-07-11 17:29:01,002 - __main__ - INFO - ✅ Skipping شکلرح (already up-to-date, 1.7 hours old)
2025-07-11 17:29:01,015 - __main__ - INFO - ✅ Skipping تمشک (already up-to-date, 1.7 hours old)
2025-07-11 17:29:01,016 - __main__ - INFO - ✅ Skipping غشهدح (already up-to-date, 1.7 hours old)
2025-07-11 17:29:01,017 - __main__ - INFO - ✅ Skipping شنفت (already up-to-date, 1.7 hours old)
2025-07-11 17:29:01,017 - __main__ - INFO - ✅ Skipping یاقوت (already up-to-date, 1.7 hours old)
2025-07-11 17:29:01,018 - __main__ - INFO - ✅ Skipping فردا (already up-to-date, 1.7 hours old)
2025-07-11 17:29:01,019 - __main__ - INFO - ✅ Skipping حسینا (already up-to-date, 1.7 hours old)
2025-07-11 17:29:01,019 - __main__ - INFO - ✅ Skipping پدناح (already up-to-date, 1.7 hours old)
2025-07-11 17:29:01,020 - __main__ - INFO - ✅ Skipping خاورح (already up-to-date, 1.7 hours old)
2025-07-11 17:29:01,021 - __main__ - INFO - ✅ Skipping وسبحان (already up-to-date, 1.7 hours old)
2025-07-11 17:29:01,021 - __main__ - INFO - ✅ Skipping لبوتان (already up-to-date, 1.7 hours old)
2025-07-11 17:29:01,022 - __main__ - INFO - ⏰ File for قپیراح is old (94.2 hours). Attempting to update...
2025-07-11 17:29:01,981 - __main__ - ERROR - ❌ Failed to download قپیراح: single positional indexer is out-of-bounds. Will retry on next run.
2025-07-11 17:29:01,982 - __main__ - INFO - ✅ Skipping بترانس (already up-to-date, 1.7 hours old)
2025-07-11 17:29:01,983 - __main__ - INFO - ✅ Skipping ولرازح (already up-to-date, 1.7 hours old)
2025-07-11 17:29:01,984 - __main__ - INFO - ✅ Skipping ثفارسح (already up-to-date, 1.7 hours old)
2025-07-11 17:29:01,984 - __main__ - INFO - ✅ Skipping شبریز (already up-to-date, 1.7 hours old)
2025-07-11 17:29:01,985 - __main__ - INFO - ⏰ File for لابساح is old (94.2 hours). Attempting to update...
2025-07-11 17:29:02,672 - __main__ - ERROR - ❌ Failed to download لابساح: single positional indexer is out-of-bounds. Will retry on next run.
2025-07-11 17:29:02,673 - __main__ - INFO - ✅ Skipping واحیا (already up-to-date, 1.7 hours old)
2025-07-11 17:29:02,674 - __main__ - INFO - ✅ Skipping فجوشح (already up-to-date, 1.7 hours old)
2025-07-11 17:29:02,674 - __main__ - INFO - ✅ Skipping فاهواز (already up-to-date, 1.7 hours old)
2025-07-11 17:29:02,675 - __main__ - INFO - ✅ Skipping طلا (already up-to-date, 1.7 hours old)
2025-07-11 17:29:02,676 - __main__ - INFO - ✅ Skipping افق (already up-to-date, 1.6 hours old)
2025-07-11 17:29:02,676 - __main__ - INFO - ✅ Skipping پلاست (already up-to-date, 1.6 hours old)
2025-07-11 17:29:02,677 - __main__ - INFO - ✅ Skipping وخارزم (already up-to-date, 1.6 hours old)
2025-07-11 17:29:02,677 - __main__ - INFO - ✅ Skipping سفارودح (already up-to-date, 1.6 hours old)
2025-07-11 17:29:02,678 - __main__ - INFO - ✅ Skipping کمنگنز (already up-to-date, 1.6 hours old)
2025-07-11 17:29:02,678 - __main__ - INFO - ✅ Skipping نطرین (already up-to-date, 1.6 hours old)
2025-07-11 17:29:02,679 - __main__ - INFO - ✅ Skipping سفانو (already up-to-date, 1.6 hours old)
2025-07-11 17:29:02,679 - __main__ - INFO - ✅ Skipping کترامح (already up-to-date, 1.6 hours old)
2025-07-11 17:29:02,680 - __main__ - INFO - ✅ Skipping درهآور (already up-to-date, 1.6 hours old)
2025-07-11 17:29:02,681 - __main__ - INFO - ✅ Skipping وطوبی (already up-to-date, 1.6 hours old)
2025-07-11 17:29:02,681 - __main__ - INFO - ✅ Skipping خچرخشح (already up-to-date, 1.6 hours old)
2025-07-11 17:29:02,682 - __main__ - INFO - ⏰ File for غنوشح is old (94.2 hours). Attempting to update...
2025-07-11 17:29:03,415 - __main__ - ERROR - ❌ Failed to download غنوشح: single positional indexer is out-of-bounds. Will retry on next run.
2025-07-11 17:29:03,416 - __main__ - INFO - ✅ Skipping پایا (already up-to-date, 1.6 hours old)
2025-07-11 17:29:03,416 - __main__ - INFO - ✅ Skipping تراکح (already up-to-date, 1.6 hours old)
2025-07-11 17:29:03,417 - __main__ - INFO - ✅ Skipping ثنوسا (already up-to-date, 1.6 hours old)
2025-07-11 17:29:03,418 - __main__ - INFO - ✅ Skipping پارسیان (already up-to-date, 1.6 hours old)
2025-07-11 17:29:03,418 - __main__ - INFO - ✅ Skipping کهمدا (already up-to-date, 1.6 hours old)
2025-07-11 17:29:03,419 - __main__ - INFO - ✅ Skipping کمینا (already up-to-date, 1.6 hours old)
2025-07-11 17:29:03,419 - __main__ - INFO - ✅ Skipping ثامان (already up-to-date, 1.6 hours old)
2025-07-11 17:29:03,420 - __main__ - INFO - ✅ Skipping شپدیس (already up-to-date, 1.6 hours old)
2025-07-11 17:29:03,421 - __main__ - INFO - ✅ Skipping فرآور (already up-to-date, 1.6 hours old)
2025-07-11 17:29:03,421 - __main__ - INFO - ✅ Skipping غدانه (already up-to-date, 1.6 hours old)
2025-07-11 17:29:03,422 - __main__ - INFO - ✅ Skipping آوا (already up-to-date, 1.6 hours old)
2025-07-11 17:29:03,422 - __main__ - INFO - ✅ Skipping کایگچ (already up-to-date, 1.6 hours old)
2025-07-11 17:29:03,423 - __main__ - INFO - ✅ Skipping امین شهر (already up-to-date, 1.6 hours old)
2025-07-11 17:29:03,423 - __main__ - INFO - ✅ Skipping وفتخار (already up-to-date, 1.6 hours old)
2025-07-11 17:29:03,424 - __main__ - INFO - ✅ Skipping خلیبل (already up-to-date, 1.6 hours old)
2025-07-11 17:29:03,424 - __main__ - INFO - ✅ Skipping پتروداریوش (already up-to-date, 1.6 hours old)
2025-07-11 17:29:03,425 - __main__ - INFO - ✅ Skipping ختوقا (already up-to-date, 1.6 hours old)
2025-07-11 17:29:03,425 - __main__ - INFO - ✅ Skipping ملتح (already up-to-date, 1.6 hours old)
2025-07-11 17:29:03,426 - __main__ - INFO - ✅ Skipping پویا (already up-to-date, 1.6 hours old)
2025-07-11 17:29:03,426 - __main__ - INFO - ✅ Skipping جم (already up-to-date, 1.6 hours old)
2025-07-11 17:29:03,427 - __main__ - INFO - ✅ Skipping ولیز (already up-to-date, 1.6 hours old)
2025-07-11 17:29:03,427 - __main__ - INFO - ✅ Skipping ولکارح (already up-to-date, 1.6 hours old)
2025-07-11 17:29:03,428 - __main__ - INFO - ✅ Skipping بشهاب (already up-to-date, 1.6 hours old)
2025-07-11 17:29:03,429 - __main__ - INFO - ✅ Skipping شکف (already up-to-date, 1.6 hours old)
2025-07-11 17:29:03,430 - __main__ - INFO - ✅ Skipping کابگن (already up-to-date, 1.6 hours old)
2025-07-11 17:29:03,432 - __main__ - INFO - ✅ Skipping وهامون (already up-to-date, 1.6 hours old)
2025-07-11 17:29:03,433 - __main__ - INFO - ✅ Skipping ورنا (already up-to-date, 1.6 hours old)
2025-07-11 17:29:03,433 - __main__ - INFO - ✅ Skipping فپنتا (already up-to-date, 1.6 hours old)
2025-07-11 17:29:03,434 - __main__ - INFO - ✅ Skipping کگاز (already up-to-date, 1.6 hours old)
2025-07-11 17:29:03,434 - __main__ - INFO - ✅ Skipping وغدیرح (already up-to-date, 1.6 hours old)
2025-07-11 17:29:03,435 - __main__ - INFO - ✅ Skipping فوکا (already up-to-date, 1.6 hours old)
2025-07-11 17:29:03,436 - __main__ - INFO - ✅ Skipping لازما (already up-to-date, 1.6 hours old)
2025-07-11 17:29:03,436 - __main__ - INFO - ✅ Skipping قزوین (already up-to-date, 1.6 hours old)
2025-07-11 17:29:03,436 - __main__ - INFO - ⏰ File for نشار is old (94.2 hours). Attempting to update...
2025-07-11 17:29:04,141 - __main__ - ERROR - ❌ Failed to download نشار: single positional indexer is out-of-bounds. Will retry on next run.
2025-07-11 17:29:04,142 - __main__ - INFO - ✅ Skipping گنجینه (already up-to-date, 1.6 hours old)
2025-07-11 17:29:04,142 - __main__ - INFO - ✅ Skipping دکیمی (already up-to-date, 1.6 hours old)
2025-07-11 17:29:04,143 - __main__ - INFO - ⏰ File for وسمنان is old (94.2 hours). Attempting to update...
2025-07-11 17:29:04,847 - __main__ - ERROR - ❌ Failed to download وسمنان: single positional indexer is out-of-bounds. Will retry on next run.
2025-07-11 17:29:04,848 - __main__ - INFO - ✅ Skipping پارسیانح (already up-to-date, 1.6 hours old)
2025-07-11 17:29:04,859 - __main__ - INFO - ✅ Skipping وسمازن (already up-to-date, 1.6 hours old)
2025-07-11 17:29:04,860 - __main__ - INFO - ✅ Skipping سپرمی (already up-to-date, 1.6 hours old)
2025-07-11 17:29:04,861 - __main__ - INFO - ✅ Skipping فروی (already up-to-date, 1.6 hours old)
2025-07-11 17:29:04,863 - __main__ - INFO - ✅ Skipping سخاش (already up-to-date, 1.6 hours old)
2025-07-11 17:29:04,863 - __main__ - INFO - ✅ Skipping شسم (already up-to-date, 1.6 hours old)
2025-07-11 17:29:04,863 - __main__ - INFO - ✅ Skipping بازده (already up-to-date, 1.6 hours old)
2025-07-11 17:29:04,864 - __main__ - INFO - ✅ Skipping شبهرنح (already up-to-date, 1.6 hours old)
2025-07-11 17:29:04,865 - __main__ - INFO - ✅ Skipping چدن (already up-to-date, 1.6 hours old)
2025-07-11 17:29:04,865 - __main__ - INFO - ✅ Skipping شاملا (already up-to-date, 1.6 hours old)
2025-07-11 17:29:04,866 - __main__ - INFO - ✅ Skipping پدنا (already up-to-date, 1.6 hours old)
2025-07-11 17:29:04,866 - __main__ - INFO - ⏰ File for فرومح is old (94.2 hours). Attempting to update...
2025-07-11 17:29:05,547 - __main__ - ERROR - ❌ Failed to download فرومح: single positional indexer is out-of-bounds. Will retry on next run.
2025-07-11 17:29:05,558 - __main__ - INFO - ✅ Skipping وصنعتح (already up-to-date, 1.6 hours old)
2025-07-11 17:29:05,559 - __main__ - INFO - ✅ Skipping وخارزمح (already up-to-date, 1.6 hours old)
2025-07-11 17:29:05,560 - __main__ - INFO - ✅ Skipping امیدح (already up-to-date, 1.6 hours old)
2025-07-11 17:29:05,560 - __main__ - INFO - ✅ Skipping حگهر (already up-to-date, 1.6 hours old)
2025-07-11 17:29:05,561 - __main__ - INFO - ✅ Skipping آکنتور (already up-to-date, 1.6 hours old)
2025-07-11 17:29:05,562 - __main__ - INFO - ✅ Skipping شهر (already up-to-date, 1.6 hours old)
2025-07-11 17:29:05,562 - __main__ - INFO - ✅ Skipping فارما کیان (already up-to-date, 1.6 hours old)
2025-07-11 17:29:05,563 - __main__ - INFO - ⏰ File for کورزح is old (94.2 hours). Attempting to update...
2025-07-11 17:29:06,263 - __main__ - ERROR - ❌ Failed to download کورزح: single positional indexer is out-of-bounds. Will retry on next run.
2025-07-11 17:29:06,269 - __main__ - INFO - ✅ Skipping خپارسح (already up-to-date, 1.6 hours old)
2025-07-11 17:29:06,269 - __main__ - INFO - ✅ Skipping فلوله (already up-to-date, 1.6 hours old)
2025-07-11 17:29:06,271 - __main__ - INFO - ✅ Skipping وغدیر (already up-to-date, 1.6 hours old)
2025-07-11 17:29:06,271 - __main__ - INFO - ✅ Skipping انرژی (already up-to-date, 1.6 hours old)
2025-07-11 17:29:06,272 - __main__ - INFO - ✅ Skipping گکیش (already up-to-date, 1.6 hours old)
2025-07-11 17:29:06,273 - __main__ - INFO - ✅ Skipping سیناد (already up-to-date, 1.6 hours old)
2025-07-11 17:29:06,273 - __main__ - INFO - ✅ Skipping غبهنوشح (already up-to-date, 1.6 hours old)
2025-07-11 17:29:06,274 - __main__ - INFO - ✅ Skipping کسرا (already up-to-date, 1.6 hours old)
2025-07-11 17:29:06,275 - __main__ - INFO - ✅ Skipping وساغربی (already up-to-date, 1.6 hours old)
2025-07-11 17:29:06,276 - __main__ - INFO - ✅ Skipping پرسپولیس (already up-to-date, 1.6 hours old)
2025-07-11 17:29:06,276 - __main__ - INFO - ✅ Skipping غشصفا (already up-to-date, 1.6 hours old)
2025-07-11 17:29:06,277 - __main__ - INFO - ✅ Skipping لجام (already up-to-date, 1.6 hours old)
2025-07-11 17:29:06,277 - __main__ - INFO - ✅ Skipping استقلال (already up-to-date, 1.6 hours old)
2025-07-11 17:29:06,278 - __main__ - INFO - ✅ Skipping غشهد (already up-to-date, 1.6 hours old)
2025-07-11 17:29:06,279 - __main__ - INFO - ✅ Skipping البرزح (already up-to-date, 1.6 hours old)
2025-07-11 17:29:06,279 - __main__ - INFO - ✅ Skipping لپارسح (already up-to-date, 1.6 hours old)
2025-07-11 17:29:06,280 - __main__ - INFO - ✅ Skipping آوند (already up-to-date, 1.6 hours old)
2025-07-11 17:29:06,282 - __main__ - INFO - ✅ Skipping غپونه (already up-to-date, 1.6 hours old)
2025-07-11 17:29:06,282 - __main__ - INFO - ✅ Skipping درسا (already up-to-date, 1.6 hours old)
2025-07-11 17:29:06,283 - __main__ - INFO - ✅ Skipping خاهنح (already up-to-date, 1.6 hours old)
2025-07-11 17:29:06,283 - __main__ - INFO - ✅ Skipping شدوص (already up-to-date, 1.6 hours old)
2025-07-11 17:29:06,284 - __main__ - INFO - ✅ Skipping شپاکسا (already up-to-date, 1.6 hours old)
2025-07-11 17:29:06,284 - __main__ - INFO - ✅ Skipping کبافقح (already up-to-date, 1.6 hours old)
2025-07-11 17:29:06,284 - __main__ - INFO - ✅ Skipping کاوه (already up-to-date, 1.6 hours old)
2025-07-11 17:29:06,285 - __main__ - INFO - ✅ Skipping بتک (already up-to-date, 1.6 hours old)
2025-07-11 17:29:06,285 - __main__ - INFO - ✅ Skipping فجرح (already up-to-date, 1.6 hours old)
2025-07-11 17:29:06,286 - __main__ - INFO - ✅ Skipping شستا (already up-to-date, 1.6 hours old)
2025-07-11 17:29:06,286 - __main__ - INFO - ✅ Skipping خودرو (already up-to-date, 1.6 hours old)
2025-07-11 17:29:06,287 - __main__ - INFO - ✅ Skipping سمان (already up-to-date, 1.6 hours old)
2025-07-11 17:29:06,287 - __main__ - INFO - ✅ Skipping فسوژ (already up-to-date, 1.6 hours old)
2025-07-11 17:29:06,288 - __main__ - INFO - ⏰ File for فپنتاح is old (94.2 hours). Attempting to update...
2025-07-11 17:29:07,049 - __main__ - ERROR - ❌ Failed to download فپنتاح: single positional indexer is out-of-bounds. Will retry on next run.
2025-07-11 17:29:07,050 - __main__ - INFO - ✅ Skipping برکتح (already up-to-date, 1.6 hours old)
2025-07-11 17:29:07,051 - __main__ - INFO - ✅ Skipping فباهنر (already up-to-date, 1.6 hours old)
2025-07-11 17:29:07,051 - __main__ - INFO - ✅ Skipping حریل (already up-to-date, 1.6 hours old)
2025-07-11 17:29:07,052 - __main__ - INFO - ⏰ File for کچینیح is old (94.2 hours). Attempting to update...
2025-07-11 17:29:07,795 - __main__ - ERROR - ❌ Failed to download کچینیح: single positional indexer is out-of-bounds. Will retry on next run.
2025-07-11 17:29:07,797 - __main__ - INFO - ⏰ File for شتهرانح is old (94.2 hours). Attempting to update...
2025-07-11 17:29:08,497 - __main__ - ERROR - ❌ Failed to download شتهرانح: single positional indexer is out-of-bounds. Will retry on next run.
2025-07-11 17:29:08,498 - __main__ - INFO - ✅ Skipping قپیرا (already up-to-date, 1.6 hours old)
2025-07-11 17:29:08,498 - __main__ - INFO - ✅ Skipping غپاک (already up-to-date, 1.6 hours old)
2025-07-11 17:29:08,499 - __main__ - INFO - ✅ Skipping فیروزه (already up-to-date, 1.6 hours old)
2025-07-11 17:29:08,500 - __main__ - INFO - ✅ Skipping سکارون (already up-to-date, 1.6 hours old)
2025-07-11 17:29:08,500 - __main__ - INFO - ✅ Skipping سصوفی (already up-to-date, 1.6 hours old)
2025-07-11 17:29:08,501 - __main__ - INFO - ✅ Skipping قاسم (already up-to-date, 1.6 hours old)
2025-07-11 17:29:08,501 - __main__ - INFO - ✅ Skipping وارس (already up-to-date, 1.6 hours old)
2025-07-11 17:29:08,502 - __main__ - INFO - ✅ Skipping کتوکا (already up-to-date, 1.6 hours old)
2025-07-11 17:29:08,503 - __main__ - INFO - ✅ Skipping لکما (already up-to-date, 1.6 hours old)
2025-07-11 17:29:08,503 - __main__ - INFO - ✅ Skipping بمپنا (already up-to-date, 1.6 hours old)
2025-07-11 17:29:08,504 - __main__ - INFO - ✅ Skipping وساشرقی (already up-to-date, 1.6 hours old)
2025-07-11 17:29:08,505 - __main__ - INFO - ✅ Skipping لجامح (already up-to-date, 1.6 hours old)
2025-07-11 17:29:08,505 - __main__ - INFO - ✅ Skipping سکرما (already up-to-date, 1.6 hours old)
2025-07-11 17:29:08,506 - __main__ - INFO - ✅ Skipping فیروزا (already up-to-date, 1.6 hours old)
2025-07-11 17:29:08,507 - __main__ - INFO - ✅ Skipping معیار (already up-to-date, 1.6 hours old)
2025-07-11 17:29:08,507 - __main__ - INFO - ✅ Skipping کارین (already up-to-date, 1.6 hours old)
2025-07-11 17:29:08,508 - __main__ - INFO - ✅ Skipping بنیروح (already up-to-date, 1.6 hours old)
2025-07-11 17:29:08,508 - __main__ - INFO - ✅ Skipping غسالم (already up-to-date, 1.6 hours old)
2025-07-11 17:29:08,508 - __main__ - INFO - ✅ Skipping دسبحانح (already up-to-date, 1.6 hours old)
2025-07-11 17:29:08,509 - __main__ - INFO - ✅ Skipping کقزوی (already up-to-date, 1.6 hours old)
2025-07-11 17:29:08,510 - __main__ - INFO - ✅ Skipping کابگنح (already up-to-date, 1.6 hours old)
2025-07-11 17:29:08,510 - __main__ - INFO - ✅ Skipping فجوش (already up-to-date, 1.6 hours old)
2025-07-11 17:29:08,510 - __main__ - INFO - ✅ Skipping کلر (already up-to-date, 1.6 hours old)
2025-07-11 17:29:08,511 - __main__ - INFO - ✅ Skipping کاذر (already up-to-date, 1.6 hours old)
2025-07-11 17:29:08,511 - __main__ - INFO - ⏰ File for قصفهاح is old (94.2 hours). Attempting to update...
2025-07-11 17:29:09,242 - __main__ - ERROR - ❌ Failed to download قصفهاح: single positional indexer is out-of-bounds. Will retry on next run.
2025-07-11 17:29:09,243 - __main__ - INFO - ✅ Skipping کرومیت (already up-to-date, 1.6 hours old)
2025-07-11 17:29:09,244 - __main__ - INFO - ✅ Skipping امینح (already up-to-date, 1.6 hours old)
2025-07-11 17:29:09,245 - __main__ - INFO - ✅ Skipping ثشاهد (already up-to-date, 1.6 hours old)
2025-07-11 17:29:09,246 - __main__ - INFO - ✅ Skipping تشتاد (already up-to-date, 1.6 hours old)
2025-07-11 17:29:09,246 - __main__ - INFO - ✅ Skipping دکوثر (already up-to-date, 1.6 hours old)
2025-07-11 17:29:09,247 - __main__ - INFO - ✅ Skipping انرژی1 (already up-to-date, 1.6 hours old)
2025-07-11 17:29:09,248 - __main__ - INFO - ✅ Skipping ثبهساز (already up-to-date, 1.6 hours old)
2025-07-11 17:29:09,248 - __main__ - INFO - ✅ Skipping خاهن (already up-to-date, 1.6 hours old)
2025-07-11 17:29:09,249 - __main__ - INFO - ✅ Skipping های وب (already up-to-date, 1.6 hours old)
2025-07-11 17:29:09,250 - __main__ - INFO - ✅ Skipping جاودان (already up-to-date, 1.6 hours old)
2025-07-11 17:29:09,250 - __main__ - INFO - ✅ Skipping فالومح (already up-to-date, 1.6 hours old)
2025-07-11 17:29:09,250 - __main__ - INFO - ✅ Skipping شیران (already up-to-date, 1.6 hours old)
2025-07-11 17:29:09,251 - __main__ - INFO - ✅ Skipping شپلیح (already up-to-date, 1.6 hours old)
2025-07-11 17:29:09,251 - __main__ - INFO - ✅ Skipping خفناور (already up-to-date, 1.6 hours old)
2025-07-11 17:29:09,252 - __main__ - INFO - ✅ Skipping لخانهح (already up-to-date, 1.6 hours old)
2025-07-11 17:29:09,253 - __main__ - INFO - ✅ Skipping آذرین (already up-to-date, 1.6 hours old)
2025-07-11 17:29:09,253 - __main__ - INFO - ✅ Skipping بمان (already up-to-date, 1.6 hours old)
2025-07-11 17:29:09,254 - __main__ - INFO - ✅ Skipping وبملتح (already up-to-date, 1.6 hours old)
2025-07-11 17:29:09,254 - __main__ - INFO - ✅ Skipping زشگزا (already up-to-date, 1.6 hours old)
2025-07-11 17:29:09,255 - __main__ - INFO - ✅ Skipping کخاک (already up-to-date, 1.6 hours old)
2025-07-11 17:29:09,255 - __main__ - INFO - ⏰ File for شسمح is old (94.2 hours). Attempting to update...
2025-07-11 17:29:09,962 - __main__ - ERROR - ❌ Failed to download شسمح: single positional indexer is out-of-bounds. Will retry on next run.
2025-07-11 17:29:09,963 - __main__ - INFO - ✅ Skipping ثاصفا (already up-to-date, 1.6 hours old)
2025-07-11 17:29:09,963 - __main__ - INFO - ✅ Skipping امید (already up-to-date, 1.6 hours old)
2025-07-11 17:29:09,964 - __main__ - INFO - ✅ Skipping اوصتا (already up-to-date, 1.6 hours old)
2025-07-11 17:29:09,964 - __main__ - INFO - ✅ Skipping رافزاح (already up-to-date, 1.6 hours old)
2025-07-11 17:29:09,965 - __main__ - INFO - ✅ Skipping مثقال (already up-to-date, 1.6 hours old)
2025-07-11 17:29:09,966 - __main__ - INFO - ✅ Skipping وتوکاح (already up-to-date, 1.6 hours old)
2025-07-11 17:29:09,966 - __main__ - INFO - ⏰ File for شپناح is old (94.2 hours). Attempting to update...
2025-07-11 17:29:10,656 - __main__ - ERROR - ❌ Failed to download شپناح: single positional indexer is out-of-bounds. Will retry on next run.
2025-07-11 17:29:10,669 - __main__ - INFO - ✅ Skipping حاریا (already up-to-date, 1.6 hours old)
2025-07-11 17:29:10,671 - __main__ - INFO - ✅ Skipping فسپا (already up-to-date, 1.6 hours old)
2025-07-11 17:29:10,671 - __main__ - INFO - ✅ Skipping قشیر (already up-to-date, 1.6 hours old)
2025-07-11 17:29:10,672 - __main__ - INFO - ✅ Skipping فولادح (already up-to-date, 1.6 hours old)
2025-07-11 17:29:10,672 - __main__ - INFO - ✅ Skipping کاج (already up-to-date, 1.6 hours old)
2025-07-11 17:29:10,673 - __main__ - INFO - ✅ Skipping کاریز (already up-to-date, 1.6 hours old)
2025-07-11 17:29:10,674 - __main__ - INFO - ✅ Skipping دشیری (already up-to-date, 1.6 hours old)
2025-07-11 17:29:10,674 - __main__ - INFO - ✅ Skipping کتوسعه (already up-to-date, 1.6 hours old)
2025-07-11 17:29:10,675 - __main__ - INFO - ⏰ File for وستهران is old (94.2 hours). Attempting to update...
2025-07-11 17:29:11,366 - __main__ - ERROR - ❌ Failed to download وستهران: single positional indexer is out-of-bounds. Will retry on next run.
2025-07-11 17:29:11,377 - __main__ - INFO - ✅ Skipping ثفارس (already up-to-date, 1.6 hours old)
2025-07-11 17:29:11,378 - __main__ - INFO - ✅ Skipping وسینا (already up-to-date, 1.6 hours old)
2025-07-11 17:29:11,379 - __main__ - INFO - ✅ Skipping طلوع (already up-to-date, 1.6 hours old)
2025-07-11 17:29:11,379 - __main__ - INFO - ✅ Skipping بایکا (already up-to-date, 1.6 hours old)
2025-07-11 17:29:11,380 - __main__ - INFO - ✅ Skipping قرنح (already up-to-date, 1.6 hours old)
2025-07-11 17:29:11,381 - __main__ - INFO - ✅ Skipping کگهر (already up-to-date, 1.6 hours old)
2025-07-11 17:29:11,382 - __main__ - INFO - ✅ Skipping سجام (already up-to-date, 1.6 hours old)
2025-07-11 17:29:11,382 - __main__ - INFO - ⏰ File for فمرادح is old (94.2 hours). Attempting to update...
2025-07-11 17:29:12,058 - __main__ - ERROR - ❌ Failed to download فمرادح: single positional indexer is out-of-bounds. Will retry on next run.
2025-07-11 17:29:12,070 - __main__ - INFO - ✅ Skipping وبانکح (already up-to-date, 1.6 hours old)
2025-07-11 17:29:12,071 - __main__ - INFO - ✅ Skipping لابسا (already up-to-date, 1.6 hours old)
2025-07-11 17:29:12,072 - __main__ - INFO - ✅ Skipping وبازار (already up-to-date, 1.6 hours old)
2025-07-11 17:29:12,072 - __main__ - INFO - ✅ Skipping سیستم (already up-to-date, 1.6 hours old)
2025-07-11 17:29:12,072 - __main__ - INFO - ✅ Skipping شراز (already up-to-date, 1.6 hours old)
2025-07-11 17:29:12,073 - __main__ - INFO - ✅ Skipping سدور (already up-to-date, 1.6 hours old)
2025-07-11 17:29:12,073 - __main__ - INFO - ✅ Skipping وبصادر (already up-to-date, 1.6 hours old)
2025-07-11 17:29:12,074 - __main__ - INFO - ⏰ File for کهرامح is old (94.2 hours). Attempting to update...
2025-07-11 17:29:12,743 - __main__ - ERROR - ❌ Failed to download کهرامح: single positional indexer is out-of-bounds. Will retry on next run.
2025-07-11 17:29:12,756 - __main__ - INFO - ✅ Skipping فاراکح (already up-to-date, 1.6 hours old)
2025-07-11 17:29:12,757 - __main__ - INFO - ✅ Skipping بکامح (already up-to-date, 1.6 hours old)
2025-07-11 17:29:12,758 - __main__ - INFO - ✅ Skipping قنیشاح (already up-to-date, 1.6 hours old)
2025-07-11 17:29:12,758 - __main__ - INFO - ✅ Skipping وتجارتح (already up-to-date, 1.6 hours old)
2025-07-11 17:29:12,758 - __main__ - INFO - ⏰ File for ومعین is old (94.2 hours). Attempting to update...
2025-07-11 17:29:13,461 - __main__ - ERROR - ❌ Failed to download ومعین: single positional indexer is out-of-bounds. Will retry on next run.
2025-07-11 17:29:13,468 - __main__ - INFO - ✅ Skipping خوسازح (already up-to-date, 1.6 hours old)
2025-07-11 17:29:13,469 - __main__ - INFO - ✅ Skipping وبوعلی (already up-to-date, 1.6 hours old)
2025-07-11 17:29:13,470 - __main__ - INFO - ✅ Skipping وسیستا (already up-to-date, 1.6 hours old)
2025-07-11 17:29:13,470 - __main__ - INFO - ✅ Skipping خوساز (already up-to-date, 1.6 hours old)
2025-07-11 17:29:13,471 - __main__ - INFO - ✅ Skipping فاذرح (already up-to-date, 1.6 hours old)
2025-07-11 17:29:13,471 - __main__ - INFO - ✅ Skipping خرینگ (already up-to-date, 1.6 hours old)
2025-07-11 17:29:13,471 - __main__ - INFO - ⏰ File for غنابح is old (94.2 hours). Attempting to update...
2025-07-11 17:29:14,148 - __main__ - ERROR - ❌ Failed to download غنابح: single positional indexer is out-of-bounds. Will retry on next run.
2025-07-11 17:29:14,149 - __main__ - INFO - ✅ Skipping خرینگح (already up-to-date, 1.6 hours old)
2025-07-11 17:29:14,150 - __main__ - INFO - ✅ Skipping بهین رو (already up-to-date, 1.6 hours old)
2025-07-11 17:29:14,151 - __main__ - INFO - ✅ Skipping تکشا (already up-to-date, 1.6 hours old)
2025-07-11 17:29:14,151 - __main__ - INFO - ✅ Skipping میدکوح (already up-to-date, 1.6 hours old)
2025-07-11 17:29:14,152 - __main__ - INFO - ✅ Skipping زنگان (already up-to-date, 1.6 hours old)
2025-07-11 17:29:14,152 - __main__ - INFO - ✅ Skipping دلقماح (already up-to-date, 1.6 hours old)
2025-07-11 17:29:14,153 - __main__ - INFO - ✅ Skipping ثعمرا (already up-to-date, 1.6 hours old)
2025-07-11 17:29:14,153 - __main__ - INFO - ✅ Skipping استیل (already up-to-date, 1.6 hours old)
2025-07-11 17:29:14,154 - __main__ - INFO - ✅ Skipping فماک (already up-to-date, 1.6 hours old)
2025-07-11 17:29:14,154 - __main__ - INFO - ✅ Skipping بپردیس (already up-to-date, 1.6 hours old)
2025-07-11 17:29:14,155 - __main__ - INFO - ✅ Skipping بکاب (already up-to-date, 1.6 hours old)
2025-07-11 17:29:14,155 - __main__ - INFO - ✅ Skipping خلنتح (already up-to-date, 1.6 hours old)
2025-07-11 17:29:14,156 - __main__ - INFO - ✅ Skipping دبالک (already up-to-date, 1.6 hours old)
2025-07-11 17:29:14,157 - __main__ - INFO - ✅ Skipping وملی (already up-to-date, 1.6 hours old)
2025-07-11 17:29:14,157 - __main__ - INFO - ✅ Skipping فسازان (already up-to-date, 1.6 hours old)
2025-07-11 17:29:14,158 - __main__ - INFO - ✅ Skipping دتولید (already up-to-date, 1.6 hours old)
2025-07-11 17:29:14,158 - __main__ - INFO - ✅ Skipping عیار (already up-to-date, 1.6 hours old)
2025-07-11 17:29:14,159 - __main__ - INFO - ✅ Skipping شفارا (already up-to-date, 1.6 hours old)
2025-07-11 17:29:14,160 - __main__ - INFO - ✅ Skipping پلاسک (already up-to-date, 1.6 hours old)
2025-07-11 17:29:14,160 - __main__ - INFO - ✅ Skipping گشان (already up-to-date, 1.6 hours old)
2025-07-11 17:29:14,161 - __main__ - INFO - ✅ Skipping کوثر (already up-to-date, 1.6 hours old)
2025-07-11 17:29:14,161 - __main__ - INFO - ✅ Skipping غشانح (already up-to-date, 1.6 hours old)
2025-07-11 17:29:14,162 - __main__ - INFO - ✅ Skipping ختور (already up-to-date, 1.6 hours old)
2025-07-11 17:29:14,162 - __main__ - INFO - ✅ Skipping چکارم (already up-to-date, 1.6 hours old)
2025-07-11 17:29:14,163 - __main__ - INFO - ✅ Skipping شغدیر (already up-to-date, 1.6 hours old)
2025-07-11 17:29:14,163 - __main__ - INFO - ✅ Skipping پتایرح (already up-to-date, 1.6 hours old)
2025-07-11 17:29:14,163 - __main__ - INFO - ✅ Skipping سبزوا (already up-to-date, 1.6 hours old)
2025-07-11 17:29:14,164 - __main__ - INFO - ✅ Skipping زماهان (already up-to-date, 1.6 hours old)
2025-07-11 17:29:14,164 - __main__ - INFO - ✅ Skipping چافست (already up-to-date, 1.6 hours old)
2025-07-11 17:29:14,165 - __main__ - INFO - ✅ Skipping خفولا (already up-to-date, 1.5 hours old)
2025-07-11 17:29:14,165 - __main__ - INFO - ✅ Skipping وامید (already up-to-date, 1.5 hours old)
2025-07-11 17:29:14,167 - __main__ - INFO - ✅ Skipping تکالا (already up-to-date, 1.5 hours old)
2025-07-11 17:29:14,168 - __main__ - INFO - ✅ Skipping شگل (already up-to-date, 1.5 hours old)
2025-07-11 17:29:14,168 - __main__ - INFO - ✅ Skipping دارا یکم (already up-to-date, 1.5 hours old)
2025-07-11 17:29:14,169 - __main__ - INFO - ✅ Skipping داریک (already up-to-date, 1.5 hours old)
2025-07-11 17:29:14,169 - __main__ - INFO - ✅ Skipping وسالت (already up-to-date, 1.5 hours old)
2025-07-11 17:29:14,170 - __main__ - INFO - ✅ Skipping وسهرمز (already up-to-date, 1.5 hours old)
2025-07-11 17:29:14,170 - __main__ - INFO - ✅ Skipping وپخش (already up-to-date, 1.5 hours old)
2025-07-11 17:29:14,170 - __main__ - INFO - ✅ Skipping باختر (already up-to-date, 1.5 hours old)
2025-07-11 17:29:14,171 - __main__ - INFO - ⏰ File for بتکح is old (94.2 hours). Attempting to update...
2025-07-11 17:29:14,897 - __main__ - ERROR - ❌ Failed to download بتکح: single positional indexer is out-of-bounds. Will retry on next run.
2025-07-11 17:29:14,898 - __main__ - INFO - ✅ Skipping غزر (already up-to-date, 1.5 hours old)
2025-07-11 17:29:14,898 - __main__ - INFO - ✅ Skipping لبوتانح (already up-to-date, 1.5 hours old)
2025-07-11 17:29:14,899 - __main__ - INFO - ⏰ File for دتهرانح is old (94.2 hours). Attempting to update...
2025-07-11 17:29:15,582 - __main__ - ERROR - ❌ Failed to download دتهرانح: single positional indexer is out-of-bounds. Will retry on next run.
2025-07-11 17:29:15,594 - __main__ - INFO - ✅ Skipping بهیر (already up-to-date, 1.5 hours old)
2025-07-11 17:29:15,595 - __main__ - INFO - ⏰ File for اروند is old (94.2 hours). Attempting to update...
2025-07-11 17:29:16,296 - __main__ - ERROR - ❌ Failed to download اروند: single positional indexer is out-of-bounds. Will retry on next run.
2025-07-11 17:29:16,297 - __main__ - INFO - ✅ Skipping فنفت (already up-to-date, 1.5 hours old)
2025-07-11 17:29:16,298 - __main__ - INFO - ✅ Skipping چکارنح (already up-to-date, 1.5 hours old)
2025-07-11 17:29:16,299 - __main__ - INFO - ⏰ File for وکغدیرح is old (94.2 hours). Attempting to update...
2025-07-11 17:29:16,987 - __main__ - ERROR - ❌ Failed to download وکغدیرح: single positional indexer is out-of-bounds. Will retry on next run.
2025-07-11 17:29:16,998 - __main__ - INFO - ✅ Skipping فمراد (already up-to-date, 1.5 hours old)
2025-07-11 17:29:17,000 - __main__ - INFO - ✅ Skipping درازی (already up-to-date, 1.5 hours old)
2025-07-11 17:29:17,001 - __main__ - INFO - ✅ Skipping بوعلی (already up-to-date, 1.5 hours old)
2025-07-11 17:29:17,002 - __main__ - INFO - ✅ Skipping خفنرح (already up-to-date, 1.5 hours old)
2025-07-11 17:29:17,002 - __main__ - INFO - ✅ Skipping پدرخش (already up-to-date, 1.5 hours old)
2025-07-11 17:29:17,003 - __main__ - INFO - ✅ Skipping فگستر (already up-to-date, 1.5 hours old)
2025-07-11 17:29:17,004 - __main__ - INFO - ✅ Skipping زشریف (already up-to-date, 1.5 hours old)
2025-07-11 17:29:17,005 - __main__ - INFO - ✅ Skipping غپینوح (already up-to-date, 1.5 hours old)
2025-07-11 17:29:17,005 - __main__ - INFO - ✅ Skipping همراهح (already up-to-date, 1.5 hours old)
2025-07-11 17:29:17,006 - __main__ - INFO - ✅ Skipping آبادا (already up-to-date, 1.5 hours old)
2025-07-11 17:29:17,006 - __main__ - INFO - ✅ Skipping غگلستا (already up-to-date, 1.5 hours old)
2025-07-11 17:29:17,007 - __main__ - INFO - ✅ Skipping ددامح (already up-to-date, 1.5 hours old)
2025-07-11 17:29:17,008 - __main__ - INFO - ✅ Skipping شاملاح (already up-to-date, 1.5 hours old)
2025-07-11 17:29:17,009 - __main__ - INFO - ✅ Skipping شملی (already up-to-date, 1.5 hours old)
2025-07-11 17:29:17,014 - __main__ - INFO - ✅ Skipping سام (already up-to-date, 1.5 hours old)
2025-07-11 17:29:17,016 - __main__ - INFO - ✅ Skipping وایرا (already up-to-date, 1.5 hours old)
2025-07-11 17:29:17,016 - __main__ - INFO - ✅ Skipping زرفام (already up-to-date, 1.5 hours old)
2025-07-11 17:29:17,022 - __main__ - INFO - ✅ Skipping شدوصح (already up-to-date, 1.5 hours old)
2025-07-11 17:29:17,024 - __main__ - INFO - ✅ Skipping رتکو (already up-to-date, 1.5 hours old)
2025-07-11 17:29:17,026 - __main__ - INFO - ✅ Skipping غشصفاح (already up-to-date, 1.5 hours old)
2025-07-11 17:29:17,027 - __main__ - INFO - ✅ Skipping تپولا (already up-to-date, 1.5 hours old)
2025-07-11 17:29:17,027 - __main__ - INFO - ✅ Skipping سخاشح (already up-to-date, 1.5 hours old)
2025-07-11 17:29:17,028 - __main__ - INFO - ✅ Skipping رایکا (already up-to-date, 1.5 hours old)
2025-07-11 17:29:17,029 - __main__ - INFO - ✅ Skipping بترانسح (already up-to-date, 1.5 hours old)
2025-07-11 17:29:17,030 - __main__ - INFO - ✅ Skipping میهن (already up-to-date, 1.5 hours old)
2025-07-11 17:29:17,032 - __main__ - INFO - ✅ Skipping جم پیلن (already up-to-date, 1.5 hours old)
2025-07-11 17:29:17,033 - __main__ - INFO - ✅ Skipping رنیک (already up-to-date, 1.5 hours old)
2025-07-11 17:29:17,033 - __main__ - INFO - ✅ Skipping سایرا (already up-to-date, 1.5 hours old)
2025-07-11 17:29:17,034 - __main__ - INFO - ✅ Skipping شصفهاح (already up-to-date, 1.5 hours old)
2025-07-11 17:29:17,035 - __main__ - INFO - ✅ Skipping آفرین (already up-to-date, 1.5 hours old)
2025-07-11 17:29:17,035 - __main__ - INFO - ✅ Skipping کپشیرح (already up-to-date, 1.5 hours old)
2025-07-11 17:29:17,036 - __main__ - INFO - ✅ Skipping شاراکح (already up-to-date, 1.5 hours old)
2025-07-11 17:29:17,037 - __main__ - INFO - ✅ Skipping وسپه (already up-to-date, 1.5 hours old)
2025-07-11 17:29:17,038 - __main__ - INFO - ✅ Skipping فالوم (already up-to-date, 1.5 hours old)
2025-07-11 17:29:17,038 - __main__ - INFO - ✅ Skipping خودکفا (already up-to-date, 1.5 hours old)
2025-07-11 17:29:17,039 - __main__ - INFO - ✅ Skipping شتوکا (already up-to-date, 1.5 hours old)
2025-07-11 17:29:17,039 - __main__ - INFO - ✅ Skipping شگلح (already up-to-date, 1.5 hours old)
2025-07-11 17:29:17,040 - __main__ - INFO - ✅ Skipping کروی (already up-to-date, 1.5 hours old)
2025-07-11 17:29:17,040 - __main__ - INFO - ✅ Skipping شلعاب (already up-to-date, 1.5 hours old)
2025-07-11 17:29:17,041 - __main__ - INFO - ✅ Skipping هجرت (already up-to-date, 1.5 hours old)
2025-07-11 17:29:17,041 - __main__ - INFO - ✅ Skipping صنم (already up-to-date, 1.5 hours old)
2025-07-11 17:29:17,042 - __main__ - INFO - ✅ Skipping وبشهر (already up-to-date, 1.5 hours old)
2025-07-11 17:29:17,043 - __main__ - INFO - ✅ Skipping دزهراویح (already up-to-date, 1.5 hours old)
2025-07-11 17:29:17,043 - __main__ - INFO - ✅ Skipping خنصیر (already up-to-date, 1.5 hours old)
2025-07-11 17:29:17,044 - __main__ - INFO - ✅ Skipping انتخاب (already up-to-date, 1.5 hours old)
2025-07-11 17:29:17,044 - __main__ - INFO - ✅ Skipping شستان (already up-to-date, 1.5 hours old)
2025-07-11 17:29:17,045 - __main__ - INFO - ✅ Skipping توسکا (already up-to-date, 1.5 hours old)
2025-07-11 17:29:17,045 - __main__ - INFO - ✅ Skipping خکاوه (already up-to-date, 1.5 hours old)
2025-07-11 17:29:17,047 - __main__ - INFO - ✅ Skipping تابش (already up-to-date, 1.5 hours old)
2025-07-11 17:29:17,048 - __main__ - INFO - ✅ Skipping خزر (already up-to-date, 1.5 hours old)
2025-07-11 17:29:17,050 - __main__ - INFO - ✅ Skipping ثاژنح (already up-to-date, 1.5 hours old)
2025-07-11 17:29:17,050 - __main__ - INFO - ✅ Skipping درازک (already up-to-date, 1.5 hours old)
2025-07-11 17:29:17,051 - __main__ - INFO - ⏰ File for فبستمح is old (94.2 hours). Attempting to update...
2025-07-11 17:29:17,738 - __main__ - ERROR - ❌ Failed to download فبستمح: single positional indexer is out-of-bounds. Will retry on next run.
2025-07-11 17:29:17,749 - __main__ - INFO - ✅ Skipping شکبیر (already up-to-date, 1.5 hours old)
2025-07-11 17:29:17,750 - __main__ - INFO - ⏰ File for کایگچح is old (94.2 hours). Attempting to update...
2025-07-11 17:29:18,423 - __main__ - ERROR - ❌ Failed to download کایگچح: single positional indexer is out-of-bounds. Will retry on next run.
2025-07-11 17:29:18,423 - __main__ - INFO - ✅ Skipping ولملت (already up-to-date, 1.5 hours old)
2025-07-11 17:29:18,434 - __main__ - INFO - ✅ Skipping چخزر (already up-to-date, 1.5 hours old)
2025-07-11 17:29:18,435 - __main__ - INFO - ✅ Skipping حپرتو (already up-to-date, 1.5 hours old)
2025-07-11 17:29:18,435 - __main__ - INFO - ✅ Skipping ثشرقح (already up-to-date, 1.5 hours old)
2025-07-11 17:29:18,436 - __main__ - INFO - ✅ Skipping گوهر (already up-to-date, 1.5 hours old)
2025-07-11 17:29:18,436 - __main__ - INFO - ✅ Skipping ثقزوی (already up-to-date, 1.5 hours old)
2025-07-11 17:29:18,437 - __main__ - INFO - ✅ Skipping آکام (already up-to-date, 1.5 hours old)
2025-07-11 17:29:18,437 - __main__ - INFO - ✅ Skipping تاصیکو (already up-to-date, 1.5 hours old)
2025-07-11 17:29:18,438 - __main__ - INFO - ✅ Skipping وثخوز (already up-to-date, 1.5 hours old)
2025-07-11 17:29:18,438 - __main__ - INFO - ✅ Skipping همراه (already up-to-date, 1.5 hours old)
2025-07-11 17:29:18,438 - __main__ - INFO - ✅ Skipping آریا (already up-to-date, 1.5 hours old)
2025-07-11 17:29:18,439 - __main__ - INFO - ✅ Skipping شلعابح (already up-to-date, 1.5 hours old)
2025-07-11 17:29:18,439 - __main__ - INFO - ✅ Skipping وبهمنح (already up-to-date, 1.5 hours old)
2025-07-11 17:29:18,440 - __main__ - INFO - ✅ Skipping تنوین (already up-to-date, 1.5 hours old)
2025-07-11 17:29:18,440 - __main__ - INFO - ✅ Skipping غمارگ (already up-to-date, 1.5 hours old)
2025-07-11 17:29:18,441 - __main__ - INFO - ✅ Skipping خبهمن (already up-to-date, 1.5 hours old)
2025-07-11 17:29:18,442 - __main__ - INFO - ✅ Skipping لسرماح (already up-to-date, 1.5 hours old)
2025-07-11 17:29:18,442 - __main__ - INFO - ✅ Skipping کویر (already up-to-date, 1.5 hours old)
2025-07-11 17:29:18,442 - __main__ - INFO - ✅ Skipping ثتوسا (already up-to-date, 1.5 hours old)
2025-07-11 17:29:18,443 - __main__ - INFO - ✅ Skipping تایراح (already up-to-date, 1.5 hours old)
2025-07-11 17:29:18,443 - __main__ - INFO - ✅ Skipping غدام (already up-to-date, 1.5 hours old)
2025-07-11 17:29:18,444 - __main__ - INFO - ✅ Skipping فلزفارابی (already up-to-date, 1.5 hours old)
2025-07-11 17:29:18,444 - __main__ - INFO - ✅ Skipping فافق (already up-to-date, 1.5 hours old)
2025-07-11 17:29:18,444 - __main__ - INFO - ✅ Skipping فاراک (already up-to-date, 1.5 hours old)
2025-07-11 17:29:18,445 - __main__ - INFO - ✅ Skipping غمارگح (already up-to-date, 1.5 hours old)
2025-07-11 17:29:18,445 - __main__ - INFO - ✅ Skipping شفارس (already up-to-date, 1.5 hours old)
2025-07-11 17:29:18,446 - __main__ - INFO - ✅ Skipping سفاسیتح (already up-to-date, 1.5 hours old)
2025-07-11 17:29:18,447 - __main__ - INFO - ✅ Skipping شفنح (already up-to-date, 1.5 hours old)
2025-07-11 17:29:18,447 - __main__ - INFO - ✅ Skipping وسکرشا (already up-to-date, 1.5 hours old)
2025-07-11 17:29:18,448 - __main__ - INFO - ✅ Skipping پردیس (already up-to-date, 1.5 hours old)
2025-07-11 17:29:18,448 - __main__ - INFO - ✅ Skipping ثاژن (already up-to-date, 1.5 hours old)
2025-07-11 17:29:18,449 - __main__ - INFO - ✅ Skipping کفراح (already up-to-date, 1.5 hours old)
2025-07-11 17:29:18,449 - __main__ - INFO - ✅ Skipping دسبحا (already up-to-date, 1.5 hours old)
2025-07-11 17:29:18,450 - __main__ - INFO - ✅ Skipping کهربا (already up-to-date, 1.5 hours old)
2025-07-11 17:29:18,450 - __main__ - INFO - ✅ Skipping ددام (already up-to-date, 1.5 hours old)
2025-07-11 17:29:18,451 - __main__ - INFO - ✅ Skipping ثنا (already up-to-date, 1.5 hours old)
2025-07-11 17:29:18,451 - __main__ - INFO - ✅ Skipping تراک (already up-to-date, 1.5 hours old)
2025-07-11 17:29:18,453 - __main__ - INFO - ✅ Skipping سمتاز (already up-to-date, 1.5 hours old)
2025-07-11 17:29:18,454 - __main__ - INFO - ✅ Skipping تماوند (already up-to-date, 1.5 hours old)
2025-07-11 17:29:18,454 - __main__ - INFO - ✅ Skipping تکمباح (already up-to-date, 1.5 hours old)
2025-07-11 17:29:18,454 - __main__ - INFO - ✅ Skipping فزرین (already up-to-date, 1.5 hours old)
2025-07-11 17:29:18,455 - __main__ - INFO - ✅ Skipping دسبحان (already up-to-date, 1.5 hours old)
2025-07-11 17:29:18,455 - __main__ - INFO - ✅ Skipping شسینا (already up-to-date, 1.5 hours old)
2025-07-11 17:29:18,456 - __main__ - INFO - ✅ Skipping ونوین (already up-to-date, 1.5 hours old)
2025-07-11 17:29:18,456 - __main__ - INFO - ✅ Skipping کارا (already up-to-date, 1.5 hours old)
2025-07-11 17:29:18,457 - __main__ - INFO - ✅ Skipping فرابورس (already up-to-date, 1.5 hours old)
2025-07-11 17:29:18,458 - __main__ - INFO - ✅ Skipping رکیشح (already up-to-date, 1.5 hours old)
2025-07-11 17:29:18,458 - __main__ - INFO - ✅ Skipping خساپا (already up-to-date, 1.5 hours old)
2025-07-11 17:29:18,458 - __main__ - INFO - ✅ Skipping گلدیرا (already up-to-date, 1.5 hours old)
2025-07-11 17:29:18,459 - __main__ - INFO - ✅ Skipping تجلی (already up-to-date, 1.5 hours old)
2025-07-11 17:29:18,459 - __main__ - INFO - ✅ Skipping خکارح (already up-to-date, 1.5 hours old)
2025-07-11 17:29:18,460 - __main__ - INFO - ✅ Skipping پرداختح (already up-to-date, 1.5 hours old)
2025-07-11 17:29:18,460 - __main__ - INFO - ✅ Skipping وسپهح (already up-to-date, 1.5 hours old)
2025-07-11 17:29:18,460 - __main__ - INFO - ✅ Skipping زمگسا (already up-to-date, 1.5 hours old)
2025-07-11 17:29:18,461 - __main__ - INFO - ✅ Skipping وتوسکا (already up-to-date, 1.5 hours old)
2025-07-11 17:29:18,461 - __main__ - INFO - ✅ Skipping فجر (already up-to-date, 1.5 hours old)
2025-07-11 17:29:18,461 - __main__ - INFO - ✅ Skipping قنیشا (already up-to-date, 1.5 hours old)
2025-07-11 17:29:18,462 - __main__ - INFO - ✅ Skipping شکام (already up-to-date, 1.5 hours old)
2025-07-11 17:29:18,462 - __main__ - INFO - ✅ Skipping شپترو (already up-to-date, 1.5 hours old)
2025-07-11 17:29:18,464 - __main__ - INFO - ✅ Skipping سهرمز (already up-to-date, 1.5 hours old)
2025-07-11 17:29:18,464 - __main__ - INFO - ✅ Skipping غفارس (already up-to-date, 1.5 hours old)
2025-07-11 17:29:18,465 - __main__ - INFO - ✅ Skipping کنورح (already up-to-date, 1.5 hours old)
2025-07-11 17:29:18,466 - __main__ - INFO - ✅ Skipping سپاها (already up-to-date, 1.5 hours old)
2025-07-11 17:29:18,467 - __main__ - INFO - ✅ Skipping فغدیر (already up-to-date, 1.5 hours old)
2025-07-11 17:29:18,468 - __main__ - INFO - ✅ Skipping وکارح (already up-to-date, 1.5 hours old)
2025-07-11 17:29:18,468 - __main__ - INFO - ✅ Skipping ارزش (already up-to-date, 1.5 hours old)
2025-07-11 17:29:18,469 - __main__ - INFO - ✅ Skipping وسهمدا (already up-to-date, 1.5 hours old)
2025-07-11 17:29:18,469 - __main__ - INFO - ✅ Skipping شبهرن (already up-to-date, 1.5 hours old)
2025-07-11 17:29:18,470 - __main__ - INFO - ✅ Skipping سباقر (already up-to-date, 1.5 hours old)
2025-07-11 17:29:18,471 - __main__ - INFO - ✅ Skipping سنیرح (already up-to-date, 1.5 hours old)
2025-07-11 17:29:18,471 - __main__ - INFO - ✅ Skipping افرا (already up-to-date, 1.5 hours old)
2025-07-11 17:29:18,472 - __main__ - INFO - ✅ Skipping غمایه (already up-to-date, 1.5 hours old)
2025-07-11 17:29:18,472 - __main__ - INFO - ✅ Skipping چکاوه (already up-to-date, 1.5 hours old)
2025-07-11 17:29:18,472 - __main__ - INFO - ✅ Skipping نیرو (already up-to-date, 1.5 hours old)
2025-07-11 17:29:18,473 - __main__ - INFO - ✅ Skipping وسصفا (already up-to-date, 1.5 hours old)
2025-07-11 17:29:18,473 - __main__ - INFO - ✅ Skipping آلتون (already up-to-date, 1.5 hours old)
2025-07-11 17:29:18,473 - __main__ - INFO - ✅ Skipping ناب (already up-to-date, 1.5 hours old)
2025-07-11 17:29:18,474 - __main__ - INFO - ✅ Skipping شصفها (already up-to-date, 1.5 hours old)
2025-07-11 17:29:18,474 - __main__ - INFO - ✅ Skipping توریل (already up-to-date, 1.5 hours old)
2025-07-11 17:29:18,475 - __main__ - INFO - ✅ Skipping ورناح (already up-to-date, 1.5 hours old)
2025-07-11 17:29:18,475 - __main__ - INFO - ✅ Skipping موج (already up-to-date, 1.5 hours old)
2025-07-11 17:29:18,475 - __main__ - INFO - ✅ Skipping الماس (already up-to-date, 1.5 hours old)
2025-07-11 17:29:18,476 - __main__ - INFO - ✅ Skipping وسقم (already up-to-date, 1.5 hours old)
2025-07-11 17:29:18,476 - __main__ - INFO - ✅ Skipping سکردح (already up-to-date, 1.5 hours old)
2025-07-11 17:29:18,476 - __main__ - INFO - ✅ Skipping دجابرح (already up-to-date, 1.5 hours old)
2025-07-11 17:29:18,477 - __main__ - INFO - ✅ Skipping اخابر (already up-to-date, 1.5 hours old)
2025-07-11 17:29:18,477 - __main__ - INFO - ✅ Skipping غگلح (already up-to-date, 1.5 hours old)
2025-07-11 17:29:18,477 - __main__ - INFO - ✅ Skipping سآبیک (already up-to-date, 1.5 hours old)
2025-07-11 17:29:18,477 - __main__ - INFO - ✅ Skipping تمحرکه (already up-to-date, 1.5 hours old)
2025-07-11 17:29:18,478 - __main__ - INFO - ✅ Skipping سصوفیح (already up-to-date, 1.5 hours old)
2025-07-11 17:29:18,479 - __main__ - INFO - ✅ Skipping خساپاح (already up-to-date, 1.5 hours old)
2025-07-11 17:29:18,479 - __main__ - INFO - ✅ Skipping غگلپا (already up-to-date, 1.5 hours old)
2025-07-11 17:29:18,481 - __main__ - INFO - ✅ Skipping دفراح (already up-to-date, 1.5 hours old)
2025-07-11 17:29:18,481 - __main__ - INFO - ✅ Skipping ساربیلح (already up-to-date, 1.5 hours old)
2025-07-11 17:29:18,481 - __main__ - INFO - ⏰ File for لکماح is old (94.2 hours). Attempting to update...
2025-07-11 17:29:19,167 - __main__ - ERROR - ❌ Failed to download لکماح: single positional indexer is out-of-bounds. Will retry on next run.
2025-07-11 17:29:19,168 - __main__ - INFO - ✅ Skipping ورازی (already up-to-date, 1.5 hours old)
2025-07-11 17:29:19,168 - __main__ - INFO - ✅ Skipping کطبس (already up-to-date, 1.5 hours old)
2025-07-11 17:29:19,169 - __main__ - INFO - ⏰ File for قستونح is old (94.2 hours). Attempting to update...
2025-07-11 17:29:19,868 - __main__ - ERROR - ❌ Failed to download قستونح: single positional indexer is out-of-bounds. Will retry on next run.
2025-07-11 17:29:19,879 - __main__ - INFO - ✅ Skipping قثابت (already up-to-date, 1.5 hours old)
2025-07-11 17:29:19,880 - __main__ - INFO - ✅ Skipping دروزح (already up-to-date, 1.5 hours old)
2025-07-11 17:29:19,881 - __main__ - INFO - ✅ Skipping ثشرق (already up-to-date, 1.5 hours old)
2025-07-11 17:29:19,882 - __main__ - INFO - ✅ Skipping سخوزح (already up-to-date, 1.5 hours old)
2025-07-11 17:29:19,882 - __main__ - INFO - ✅ Skipping ثامانح (already up-to-date, 1.5 hours old)
2025-07-11 17:29:19,884 - __main__ - INFO - ✅ Skipping رتاپح (already up-to-date, 1.5 hours old)
2025-07-11 17:29:19,884 - __main__ - INFO - ✅ Skipping غشوکو (already up-to-date, 1.5 hours old)
2025-07-11 17:29:19,885 - __main__ - INFO - ✅ Skipping دتهران (already up-to-date, 1.5 hours old)
2025-07-11 17:29:19,885 - __main__ - INFO - ✅ Skipping فجهانح (already up-to-date, 1.5 hours old)
2025-07-11 17:29:19,885 - __main__ - INFO - ✅ Skipping سرودح (already up-to-date, 1.5 hours old)
2025-07-11 17:29:19,886 - __main__ - INFO - ✅ Skipping سشمالح (already up-to-date, 1.5 hours old)
2025-07-11 17:29:19,886 - __main__ - INFO - ⏰ File for قمروح is old (94.2 hours). Attempting to update...
2025-07-11 17:29:20,565 - __main__ - ERROR - ❌ Failed to download قمروح: single positional indexer is out-of-bounds. Will retry on next run.
2025-07-11 17:29:20,566 - __main__ - INFO - ✅ Skipping سحرخیز (already up-to-date, 1.5 hours old)
2025-07-11 17:29:20,567 - __main__ - INFO - ✅ Skipping ونیکیح (already up-to-date, 1.5 hours old)
2025-07-11 17:29:20,567 - __main__ - INFO - ✅ Skipping وسفارس (already up-to-date, 1.5 hours old)
2025-07-11 17:29:20,568 - __main__ - INFO - ✅ Skipping سبهانح (already up-to-date, 1.5 hours old)
2025-07-11 17:29:20,568 - __main__ - INFO - ✅ Skipping کاما (already up-to-date, 1.5 hours old)
2025-07-11 17:29:20,569 - __main__ - INFO - ⏰ File for شرنگیح is old (94.2 hours). Attempting to update...
2025-07-11 17:29:21,243 - __main__ - ERROR - ❌ Failed to download شرنگیح: single positional indexer is out-of-bounds. Will retry on next run.
2025-07-11 17:29:21,255 - __main__ - INFO - ✅ Skipping وسخراش (already up-to-date, 1.5 hours old)
2025-07-11 17:29:21,256 - __main__ - INFO - ✅ Skipping اتکام (already up-to-date, 1.5 hours old)
2025-07-11 17:29:21,256 - __main__ - INFO - ✅ Skipping فمتال (already up-to-date, 1.5 hours old)
2025-07-11 17:29:21,257 - __main__ - INFO - ✅ Skipping سخواف (already up-to-date, 1.5 hours old)
2025-07-11 17:29:21,257 - __main__ - INFO - ✅ Skipping فنر (already up-to-date, 1.4 hours old)
2025-07-11 17:29:21,258 - __main__ - INFO - ✅ Skipping سفار (already up-to-date, 1.4 hours old)
2025-07-11 17:29:21,259 - __main__ - INFO - ✅ Skipping لپیام (already up-to-date, 1.4 hours old)
2025-07-11 17:29:21,260 - __main__ - INFO - ✅ Skipping فارس (already up-to-date, 1.4 hours old)
2025-07-11 17:29:21,260 - __main__ - INFO - ✅ Skipping پاساح (already up-to-date, 1.4 hours old)
2025-07-11 17:29:21,261 - __main__ - INFO - ✅ Skipping دلرح (already up-to-date, 1.4 hours old)
2025-07-11 17:29:21,261 - __main__ - INFO - ✅ Skipping دامون (already up-to-date, 1.4 hours old)
2025-07-11 17:29:21,262 - __main__ - INFO - ✅ Skipping رویین (already up-to-date, 1.4 hours old)
2025-07-11 17:29:21,263 - __main__ - INFO - ✅ Skipping بمولد (already up-to-date, 1.4 hours old)
2025-07-11 17:29:21,263 - __main__ - INFO - ✅ Skipping دعبید (already up-to-date, 1.4 hours old)
2025-07-11 17:29:21,264 - __main__ - INFO - ✅ Skipping فخوزح (already up-to-date, 1.4 hours old)
2025-07-11 17:29:21,265 - __main__ - INFO - ✅ Skipping خمحرکه (already up-to-date, 1.4 hours old)
2025-07-11 17:29:21,266 - __main__ - INFO - ✅ Skipping ونفت (already up-to-date, 1.4 hours old)
2025-07-11 17:29:21,268 - __main__ - INFO - ✅ Skipping وسرضوی (already up-to-date, 1.4 hours old)
2025-07-11 17:29:21,268 - __main__ - INFO - ✅ Skipping پیزد (already up-to-date, 1.4 hours old)
2025-07-11 17:29:21,268 - __main__ - INFO - ✅ Skipping بفجرح (already up-to-date, 1.4 hours old)
2025-07-11 17:29:21,269 - __main__ - INFO - ✅ Skipping فخاس (already up-to-date, 1.4 hours old)
2025-07-11 17:29:21,270 - __main__ - INFO - ✅ Skipping غبهنوش (already up-to-date, 1.4 hours old)
2025-07-11 17:29:21,270 - __main__ - INFO - ✅ Skipping وپاسار (already up-to-date, 1.4 hours old)
2025-07-11 17:29:21,271 - __main__ - INFO - ✅ Skipping سارابح (already up-to-date, 1.4 hours old)
2025-07-11 17:29:21,272 - __main__ - INFO - ✅ Skipping غپینو (already up-to-date, 1.4 hours old)
2025-07-11 17:29:21,272 - __main__ - INFO - ✅ Skipping پارتاح (already up-to-date, 1.4 hours old)
2025-07-11 17:29:21,273 - __main__ - INFO - ✅ Skipping ومهان (already up-to-date, 1.4 hours old)
2025-07-11 17:29:21,273 - __main__ - INFO - ⏰ File for فبیستون is old (94.2 hours). Attempting to update...
2025-07-11 17:29:21,959 - __main__ - ERROR - ❌ Failed to download فبیستون: single positional indexer is out-of-bounds. Will retry on next run.
2025-07-11 17:29:21,971 - __main__ - INFO - ✅ Skipping ساینا (already up-to-date, 1.4 hours old)
2025-07-11 17:29:21,972 - __main__ - INFO - ✅ Skipping فسرب (already up-to-date, 1.4 hours old)
2025-07-11 17:29:21,972 - __main__ - INFO - ✅ Skipping اردستان (already up-to-date, 1.4 hours old)
2025-07-11 17:29:21,973 - __main__ - INFO - ✅ Skipping غساساح (already up-to-date, 1.4 hours old)
2025-07-11 17:29:21,977 - __main__ - INFO - ✅ Skipping کساوه (already up-to-date, 1.4 hours old)
2025-07-11 17:29:21,977 - __main__ - INFO - ✅ Skipping سیمرغ (already up-to-date, 1.4 hours old)
2025-07-11 17:29:21,978 - __main__ - INFO - ✅ Skipping کرازیح (already up-to-date, 1.4 hours old)
2025-07-11 17:29:21,979 - __main__ - INFO - ⏰ File for نتوسح is old (94.2 hours). Attempting to update...
2025-07-11 17:29:22,664 - __main__ - ERROR - ❌ Failed to download نتوسح: single positional indexer is out-of-bounds. Will retry on next run.
2025-07-11 17:29:22,675 - __main__ - INFO - ✅ Skipping بسویچ (already up-to-date, 1.4 hours old)
2025-07-11 17:29:22,676 - __main__ - INFO - ✅ Skipping خشرقح (already up-to-date, 1.4 hours old)
2025-07-11 17:29:22,677 - __main__ - INFO - ✅ Skipping تیپیکو (already up-to-date, 1.4 hours old)
2025-07-11 17:29:22,677 - __main__ - INFO - ✅ Skipping اطلس (already up-to-date, 1.4 hours old)
2025-07-11 17:29:22,678 - __main__ - INFO - ✅ Skipping ولساپاح (already up-to-date, 1.4 hours old)
2025-07-11 17:29:22,679 - __main__ - INFO - ✅ Skipping ریشمک (already up-to-date, 1.4 hours old)
2025-07-11 17:29:22,680 - __main__ - INFO - ⏰ File for اجداد is old (94.2 hours). Attempting to update...
2025-07-11 17:29:23,379 - __main__ - ERROR - ❌ Failed to download اجداد: single positional indexer is out-of-bounds. Will retry on next run.
2025-07-11 17:29:23,393 - __main__ - INFO - ✅ Skipping اپرداز (already up-to-date, 1.4 hours old)
2025-07-11 17:29:23,394 - __main__ - INFO - ⏰ File for سکارونح is old (94.2 hours). Attempting to update...
2025-07-11 17:29:24,063 - __main__ - ERROR - ❌ Failed to download سکارونح: single positional indexer is out-of-bounds. Will retry on next run.
2025-07-11 17:29:24,075 - __main__ - INFO - ✅ Skipping خبنیان (already up-to-date, 1.4 hours old)
2025-07-11 17:29:24,075 - __main__ - INFO - ✅ Skipping فسبزوار (already up-to-date, 1.4 hours old)
2025-07-11 17:29:24,076 - __main__ - INFO - ✅ Skipping فلولهح (already up-to-date, 1.4 hours old)
2025-07-11 17:29:24,077 - __main__ - INFO - ✅ Skipping خریخت (already up-to-date, 1.4 hours old)
2025-07-11 17:29:24,077 - __main__ - INFO - ✅ Skipping خورشید (already up-to-date, 1.4 hours old)
2025-07-11 17:29:24,078 - __main__ - INFO - ✅ Skipping شکربنح (already up-to-date, 1.4 hours old)
2025-07-11 17:29:24,078 - __main__ - INFO - ⏰ File for حفجر is old (94.2 hours). Attempting to update...
2025-07-11 17:29:24,759 - __main__ - ERROR - ❌ Failed to download حفجر: single positional indexer is out-of-bounds. Will retry on next run.
2025-07-11 17:29:24,760 - __main__ - INFO - ✅ Skipping کطبسح (already up-to-date, 1.4 hours old)
2025-07-11 17:29:24,761 - __main__ - INFO - ✅ Skipping اکالا (already up-to-date, 1.4 hours old)
2025-07-11 17:29:24,761 - __main__ - INFO - ✅ Skipping اعتلا (already up-to-date, 1.4 hours old)
2025-07-11 17:29:24,762 - __main__ - INFO - ✅ Skipping ثپردیس (already up-to-date, 1.4 hours old)
2025-07-11 17:29:24,763 - __main__ - INFO - ✅ Skipping پکویر (already up-to-date, 1.4 hours old)
2025-07-11 17:29:24,764 - __main__ - INFO - ✅ Skipping کدما (already up-to-date, 1.4 hours old)
2025-07-11 17:29:24,765 - __main__ - INFO - ✅ Skipping فجامح (already up-to-date, 1.4 hours old)
2025-07-11 17:29:24,765 - __main__ - INFO - ✅ Skipping وپتروح (already up-to-date, 1.4 hours old)
2025-07-11 17:29:24,765 - __main__ - INFO - ✅ Skipping حشکوه (already up-to-date, 1.4 hours old)
2025-07-11 17:29:24,766 - __main__ - INFO - ✅ Skipping واعتبارح (already up-to-date, 1.4 hours old)
2025-07-11 17:29:24,767 - __main__ - INFO - ✅ Skipping سشمال (already up-to-date, 1.4 hours old)
2025-07-11 17:29:24,767 - __main__ - INFO - ✅ Skipping بسویچح (already up-to-date, 1.4 hours old)
2025-07-11 17:29:24,768 - __main__ - INFO - ✅ Skipping وبهمن (already up-to-date, 1.4 hours old)
2025-07-11 17:29:24,769 - __main__ - INFO - ✅ Skipping فافزا (already up-to-date, 1.4 hours old)
2025-07-11 17:29:24,769 - __main__ - INFO - ✅ Skipping دفاراح (already up-to-date, 1.4 hours old)
2025-07-11 17:29:24,770 - __main__ - INFO - ✅ Skipping ونفتح (already up-to-date, 1.4 hours old)
2025-07-11 17:29:24,770 - __main__ - INFO - ✅ Skipping وسکابح (already up-to-date, 1.4 hours old)
2025-07-11 17:29:24,771 - __main__ - INFO - ✅ Skipping شرانل (already up-to-date, 1.4 hours old)
2025-07-11 17:29:24,771 - __main__ - INFO - ✅ Skipping شساخت (already up-to-date, 1.4 hours old)
2025-07-11 17:29:24,772 - __main__ - INFO - ✅ Skipping کاردان (already up-to-date, 1.4 hours old)
2025-07-11 17:29:24,772 - __main__ - INFO - ✅ Skipping حکشتیح (already up-to-date, 1.4 hours old)
2025-07-11 17:29:24,773 - __main__ - INFO - ✅ Skipping قشیرح (already up-to-date, 1.4 hours old)
2025-07-11 17:29:24,773 - __main__ - INFO - ✅ Skipping شتاب (already up-to-date, 1.4 hours old)
2025-07-11 17:29:24,773 - __main__ - INFO - ✅ Skipping ونوینح (already up-to-date, 1.4 hours old)
2025-07-11 17:29:24,774 - __main__ - INFO - ✅ Skipping غبهپاک (already up-to-date, 1.4 hours old)
2025-07-11 17:29:24,775 - __main__ - INFO - ✅ Skipping چکاپا (already up-to-date, 1.4 hours old)
2025-07-11 17:29:24,775 - __main__ - INFO - ✅ Skipping وساربیل (already up-to-date, 1.4 hours old)
2025-07-11 17:29:24,775 - __main__ - INFO - ✅ Skipping کدماح (already up-to-date, 1.4 hours old)
2025-07-11 17:29:24,776 - __main__ - INFO - ✅ Skipping خپارس (already up-to-date, 1.4 hours old)
2025-07-11 17:29:24,776 - __main__ - INFO - ✅ Skipping شفن (already up-to-date, 1.4 hours old)
2025-07-11 17:29:24,778 - __main__ - INFO - ✅ Skipping نشان (already up-to-date, 1.4 hours old)
2025-07-11 17:29:24,778 - __main__ - INFO - ✅ Skipping سدبیر (already up-to-date, 1.4 hours old)
2025-07-11 17:29:24,778 - __main__ - INFO - ✅ Skipping غگرجیح (already up-to-date, 1.4 hours old)
2025-07-11 17:29:24,778 - __main__ - INFO - ✅ Skipping وسکرمان (already up-to-date, 1.4 hours old)
2025-07-11 17:29:24,778 - __main__ - INFO - ✅ Skipping تملتح (already up-to-date, 1.4 hours old)
2025-07-11 17:29:24,779 - __main__ - INFO - ✅ Skipping گنگین (already up-to-date, 1.4 hours old)
2025-07-11 17:29:24,779 - __main__ - INFO - ✅ Skipping ارفع (already up-to-date, 1.4 hours old)
2025-07-11 17:29:24,780 - __main__ - INFO - ✅ Skipping سپح (already up-to-date, 1.4 hours old)
2025-07-11 17:29:24,780 - __main__ - INFO - ✅ Skipping زمگساح (already up-to-date, 1.4 hours old)
2025-07-11 17:29:24,781 - __main__ - INFO - ✅ Skipping سغربح (already up-to-date, 1.4 hours old)
2025-07-11 17:29:24,781 - __main__ - INFO - ✅ Skipping گنج (already up-to-date, 1.4 hours old)
2025-07-11 17:29:24,782 - __main__ - INFO - ⏰ File for لخزرح is old (94.2 hours). Attempting to update...
2025-07-11 17:29:25,472 - __main__ - ERROR - ❌ Failed to download لخزرح: single positional indexer is out-of-bounds. Will retry on next run.
2025-07-11 17:29:25,483 - __main__ - INFO - ✅ Skipping بپاس (already up-to-date, 1.4 hours old)
2025-07-11 17:29:25,484 - __main__ - INFO - ✅ Skipping شتهران (already up-to-date, 1.4 hours old)
2025-07-11 17:29:25,485 - __main__ - INFO - ✅ Skipping دارا (already up-to-date, 1.4 hours old)
2025-07-11 17:29:25,486 - __main__ - INFO - ✅ Skipping سمازنح (already up-to-date, 1.4 hours old)
2025-07-11 17:29:25,487 - __main__ - INFO - ✅ Skipping خپویش (already up-to-date, 1.4 hours old)
2025-07-11 17:29:25,487 - __main__ - INFO - ⏰ File for وشستان is old (94.2 hours). Attempting to update...
2025-07-11 17:29:26,156 - __main__ - ERROR - ❌ Failed to download وشستان: single positional indexer is out-of-bounds. Will retry on next run.
2025-07-11 17:29:26,157 - __main__ - INFO - ✅ Skipping سفارود (already up-to-date, 1.4 hours old)
2025-07-11 17:29:26,157 - __main__ - INFO - ✅ Skipping فتوسا (already up-to-date, 1.4 hours old)
2025-07-11 17:29:26,158 - __main__ - INFO - ✅ Skipping والماس (already up-to-date, 1.4 hours old)
2025-07-11 17:29:26,158 - __main__ - INFO - ✅ Skipping وگردش (already up-to-date, 1.4 hours old)
2025-07-11 17:29:26,159 - __main__ - INFO - ✅ Skipping کیانا (already up-to-date, 1.4 hours old)
2025-07-11 17:29:26,159 - __main__ - INFO - ✅ Skipping پکیانح (already up-to-date, 1.4 hours old)
2025-07-11 17:29:26,160 - __main__ - INFO - ✅ Skipping لپویا (already up-to-date, 1.4 hours old)
2025-07-11 17:29:26,161 - __main__ - INFO - ✅ Skipping سقاین (already up-to-date, 1.4 hours old)
2025-07-11 17:29:26,161 - __main__ - INFO - ✅ Skipping غگیلا (already up-to-date, 1.4 hours old)
2025-07-11 17:29:26,162 - __main__ - INFO - ✅ Skipping خاذین (already up-to-date, 1.4 hours old)
2025-07-11 17:29:26,162 - __main__ - INFO - ✅ Skipping رمپنا (already up-to-date, 1.4 hours old)
2025-07-11 17:29:26,163 - __main__ - INFO - ✅ Skipping فنوردح (already up-to-date, 1.4 hours old)
2025-07-11 17:29:26,164 - __main__ - INFO - ✅ Skipping کماسه (already up-to-date, 1.4 hours old)
2025-07-11 17:29:26,164 - __main__ - INFO - ✅ Skipping لازماح (already up-to-date, 1.4 hours old)
2025-07-11 17:29:26,165 - __main__ - INFO - ✅ Skipping قاروم (already up-to-date, 1.4 hours old)
2025-07-11 17:29:26,165 - __main__ - INFO - ✅ Skipping اهرم (already up-to-date, 1.4 hours old)
2025-07-11 17:29:26,166 - __main__ - INFO - ✅ Skipping چنوپاح (already up-to-date, 1.4 hours old)
2025-07-11 17:29:26,166 - __main__ - INFO - ✅ Skipping بخاور (already up-to-date, 1.4 hours old)
2025-07-11 17:29:26,167 - __main__ - INFO - ✅ Skipping مرقام (already up-to-date, 1.4 hours old)
2025-07-11 17:29:26,168 - __main__ - INFO - ✅ Skipping کگل (already up-to-date, 1.4 hours old)
2025-07-11 17:29:26,168 - __main__ - INFO - ✅ Skipping ثمسکن (already up-to-date, 1.4 hours old)
2025-07-11 17:29:26,169 - __main__ - INFO - ✅ Skipping دیران (already up-to-date, 1.4 hours old)
2025-07-11 17:29:26,169 - __main__ - INFO - ✅ Skipping کاصفا (already up-to-date, 1.4 hours old)
2025-07-11 17:29:26,170 - __main__ - INFO - ✅ Skipping بساما (already up-to-date, 1.4 hours old)
2025-07-11 17:29:26,170 - __main__ - INFO - ✅ Skipping سبجنو (already up-to-date, 1.4 hours old)
2025-07-11 17:29:26,171 - __main__ - INFO - ✅ Skipping پکیان (already up-to-date, 1.4 hours old)
2025-07-11 17:29:26,172 - __main__ - INFO - ✅ Skipping وپاسارح (already up-to-date, 1.4 hours old)
2025-07-11 17:29:26,174 - __main__ - INFO - ✅ Skipping غشهداب (already up-to-date, 1.4 hours old)
2025-07-11 17:29:26,174 - __main__ - INFO - - File for شاخص کل not found. Attempting to download...
2025-07-11 17:29:26,676 - __main__ - ERROR - ❌ Failed to download شاخص کل: Symbol شاخص کل not found, if you are trying to use
                             a symbol which is removed from the tse website
                             provide it's index manually:
                             ticker = tse.Ticker("", index="25165947991415904")
                             . Will retry on next run.
2025-07-11 17:29:26,676 - __main__ - INFO - ==================================================
2025-07-11 17:29:26,676 - __main__ - INFO - 📊 DOWNLOAD SUMMARY
2025-07-11 17:29:26,676 - __main__ - INFO - ==================================================
2025-07-11 17:29:26,676 - __main__ - INFO - - Total symbols processed: 1390
2025-07-11 17:29:26,677 - __main__ - INFO - - ✅ Successful downloads/updates: 0
2025-07-11 17:29:26,677 - __main__ - INFO - - ❌ Failed downloads: 78
2025-07-11 17:29:26,677 - __main__ - INFO - - ⏭️ Skipped (up-to-date): 1312
2025-07-11 17:29:26,677 - __main__ - INFO - ✅ Smart Downloader finished its run.
2025-07-11 17:33:45,731 - __main__ - INFO - Data directory set to: C:\Portfolio-Optimizer\data\tickers_data
2025-07-11 17:33:45,732 - __main__ - INFO - Cache directory set to: C:\Portfolio-Optimizer\cache_v3
2025-07-11 17:33:45,732 - __main__ - INFO - 🚀 Starting Smart Downloader...
2025-07-11 17:33:45,732 - __main__ - INFO - 📊 Fetching all symbols from TSE...
2025-07-11 17:33:45,733 - __main__ - INFO - ✅ Using valid cache symbols_data_v3.json (93.1 hours old)
2025-07-11 17:33:45,736 - __main__ - INFO -    Loaded 1394 symbols from cache
2025-07-11 17:33:45,736 - __main__ - INFO - 🔍 Filtering from 1394 total symbols...
2025-07-11 17:33:45,751 - __main__ - INFO -    ✅ Filtered universe: 1394 → 1389 stocks
2025-07-11 17:33:45,752 - __main__ - INFO - ✅ 'شاخص کل' added to the download queue as the benchmark.
2025-07-11 17:33:45,752 - __main__ - INFO - Updating data for 1390 symbols (including benchmark)...
2025-07-11 17:33:45,752 - __main__ - INFO - ✅ Skipping ثمسکنح (already up-to-date, 1.4 hours old)
2025-07-11 17:33:45,753 - __main__ - INFO - ✅ Skipping قستون (already up-to-date, 2.0 hours old)
2025-07-11 17:33:45,753 - __main__ - INFO - ✅ Skipping درازکح (already up-to-date, 2.0 hours old)
2025-07-11 17:33:45,754 - __main__ - INFO - ✅ Skipping صبا (already up-to-date, 2.0 hours old)
2025-07-11 17:33:45,755 - __main__ - INFO - ✅ Skipping ستران (already up-to-date, 2.0 hours old)
2025-07-11 17:33:45,756 - __main__ - INFO - ✅ Skipping کسعدیح (already up-to-date, 2.0 hours old)
2025-07-11 17:33:45,756 - __main__ - INFO - ✅ Skipping داسوه (already up-to-date, 2.0 hours old)
2025-07-11 17:33:45,757 - __main__ - INFO - ✅ Skipping دفارا (already up-to-date, 2.0 hours old)
2025-07-11 17:33:45,757 - __main__ - INFO - ✅ Skipping اسیاتک (already up-to-date, 2.0 hours old)
2025-07-11 17:33:45,757 - __main__ - INFO - ✅ Skipping میدکو (already up-to-date, 2.0 hours old)
2025-07-11 17:33:45,758 - __main__ - INFO - ✅ Skipping بالاس (already up-to-date, 2.0 hours old)
2025-07-11 17:33:45,758 - __main__ - INFO - ✅ Skipping ولغدر (already up-to-date, 2.0 hours old)
2025-07-11 17:33:45,759 - __main__ - INFO - ✅ Skipping وثوق (already up-to-date, 2.0 hours old)
2025-07-11 17:33:45,759 - __main__ - INFO - ✅ Skipping وصنا (already up-to-date, 2.0 hours old)
2025-07-11 17:33:45,760 - __main__ - INFO - ✅ Skipping سهرمزح (already up-to-date, 2.0 hours old)
2025-07-11 17:33:45,760 - __main__ - INFO - ✅ Skipping افق ملت (already up-to-date, 2.0 hours old)
2025-07-11 17:33:45,761 - __main__ - INFO - ✅ Skipping افقح (already up-to-date, 2.0 hours old)
2025-07-11 17:33:45,761 - __main__ - INFO - ✅ Skipping وبشهرح (already up-to-date, 2.0 hours old)
2025-07-11 17:33:45,761 - __main__ - INFO - ✅ Skipping غمینو (already up-to-date, 2.0 hours old)
2025-07-11 17:33:45,762 - __main__ - INFO - ✅ Skipping 18719101 (already up-to-date, 2.0 hours old)
2025-07-11 17:33:45,763 - __main__ - INFO - ✅ Skipping ختوقاح (already up-to-date, 2.0 hours old)
2025-07-11 17:33:45,765 - __main__ - INFO - ✅ Skipping سپیدما (already up-to-date, 2.0 hours old)
2025-07-11 17:33:45,767 - __main__ - INFO - ✅ Skipping سکرماح (already up-to-date, 2.0 hours old)
2025-07-11 17:33:45,768 - __main__ - INFO - ✅ Skipping وتوسکاح (already up-to-date, 2.0 hours old)
2025-07-11 17:33:45,768 - __main__ - INFO - ✅ Skipping آپ (already up-to-date, 2.0 hours old)
2025-07-11 17:33:45,769 - __main__ - INFO - ✅ Skipping فرآورح (already up-to-date, 2.0 hours old)
2025-07-11 17:33:45,770 - __main__ - INFO - ✅ Skipping پکرمانح (already up-to-date, 2.0 hours old)
2025-07-11 17:33:45,770 - __main__ - INFO - ✅ Skipping ثالوند (already up-to-date, 2.0 hours old)
2025-07-11 17:33:45,771 - __main__ - INFO - ✅ Skipping پرتو (already up-to-date, 2.0 hours old)
2025-07-11 17:33:45,772 - __main__ - INFO - ✅ Skipping غیوان (already up-to-date, 2.0 hours old)
2025-07-11 17:33:45,772 - __main__ - INFO - ✅ Skipping شپلی (already up-to-date, 2.0 hours old)
2025-07-11 17:33:45,773 - __main__ - INFO - ✅ Skipping کفرا (already up-to-date, 2.0 hours old)
2025-07-11 17:33:45,773 - __main__ - INFO - ⏰ File for قشهدح is old (94.3 hours). Attempting to update...
2025-07-11 17:33:46,591 - __main__ - ERROR - ❌ Failed to download قشهدح: single positional indexer is out-of-bounds. Will retry on next run.
2025-07-11 17:33:46,592 - __main__ - INFO - ✅ Skipping چبسپاح (already up-to-date, 2.0 hours old)
2025-07-11 17:33:46,592 - __main__ - INFO - ✅ Skipping خصدرا (already up-to-date, 2.0 hours old)
2025-07-11 17:33:46,593 - __main__ - INFO - ✅ Skipping خگسترح (already up-to-date, 2.0 hours old)
2025-07-11 17:33:46,593 - __main__ - INFO - ✅ Skipping لوتوسح (already up-to-date, 2.0 hours old)
2025-07-11 17:33:46,594 - __main__ - INFO - ✅ Skipping تبرک (already up-to-date, 2.0 hours old)
2025-07-11 17:33:46,594 - __main__ - INFO - ✅ Skipping کچادح (already up-to-date, 2.0 hours old)
2025-07-11 17:33:46,594 - __main__ - INFO - ✅ Skipping وپخشح (already up-to-date, 2.0 hours old)
2025-07-11 17:33:46,595 - __main__ - INFO - ✅ Skipping خموتورح (already up-to-date, 2.0 hours old)
2025-07-11 17:33:46,595 - __main__ - INFO - ✅ Skipping کاذرح (already up-to-date, 2.0 hours old)
2025-07-11 17:33:46,596 - __main__ - INFO - ✅ Skipping کساوهح (already up-to-date, 2.0 hours old)
2025-07-11 17:33:46,596 - __main__ - INFO - ✅ Skipping کیسون (already up-to-date, 2.0 hours old)
2025-07-11 17:33:46,596 - __main__ - INFO - ⏰ File for خمحورح is old (94.3 hours). Attempting to update...
2025-07-11 17:33:47,241 - __main__ - ERROR - ❌ Failed to download خمحورح: single positional indexer is out-of-bounds. Will retry on next run.
2025-07-11 17:33:47,241 - __main__ - INFO - ✅ Skipping قستان (already up-to-date, 2.0 hours old)
2025-07-11 17:33:47,241 - __main__ - INFO - ✅ Skipping پاسا (already up-to-date, 2.0 hours old)
2025-07-11 17:33:47,242 - __main__ - INFO - ✅ Skipping کیمیاتک (already up-to-date, 2.0 hours old)
2025-07-11 17:33:47,242 - __main__ - INFO - ✅ Skipping فکمند (already up-to-date, 2.0 hours old)
2025-07-11 17:33:47,243 - __main__ - INFO - ✅ Skipping قرن (already up-to-date, 2.0 hours old)
2025-07-11 17:33:47,243 - __main__ - INFO - ✅ Skipping صنهال (already up-to-date, 2.0 hours old)
2025-07-11 17:33:47,244 - __main__ - INFO - ✅ Skipping ثجنوب (already up-to-date, 2.0 hours old)
2025-07-11 17:33:47,244 - __main__ - INFO - ✅ Skipping غاذر (already up-to-date, 2.0 hours old)
2025-07-11 17:33:47,244 - __main__ - INFO - ✅ Skipping پتروصبا (already up-to-date, 2.0 hours old)
2025-07-11 17:33:47,245 - __main__ - INFO - ✅ Skipping خمحور (already up-to-date, 2.0 hours old)
2025-07-11 17:33:47,245 - __main__ - INFO - ✅ Skipping هامرز (already up-to-date, 2.0 hours old)
2025-07-11 17:33:47,245 - __main__ - INFO - ✅ Skipping وپست (already up-to-date, 2.0 hours old)
2025-07-11 17:33:47,246 - __main__ - INFO - ✅ Skipping نوین (already up-to-date, 2.0 hours old)
2025-07-11 17:33:47,246 - __main__ - INFO - ✅ Skipping شصدف (already up-to-date, 2.0 hours old)
2025-07-11 17:33:47,247 - __main__ - INFO - ✅ Skipping تفارس (already up-to-date, 2.0 hours old)
2025-07-11 17:33:47,248 - __main__ - INFO - ✅ Skipping غالبر (already up-to-date, 2.0 hours old)
2025-07-11 17:33:47,248 - __main__ - INFO - ✅ Skipping دسبحاح (already up-to-date, 2.0 hours old)
2025-07-11 17:33:47,249 - __main__ - INFO - ✅ Skipping گپارس (already up-to-date, 2.0 hours old)
2025-07-11 17:33:47,249 - __main__ - INFO - ✅ Skipping فن افزار (already up-to-date, 2.0 hours old)
2025-07-11 17:33:47,250 - __main__ - INFO - ✅ Skipping کساپاح (already up-to-date, 2.0 hours old)
2025-07-11 17:33:47,250 - __main__ - INFO - ✅ Skipping سقاینح (already up-to-date, 2.0 hours old)
2025-07-11 17:33:47,251 - __main__ - INFO - ✅ Skipping کازرو (already up-to-date, 2.0 hours old)
2025-07-11 17:33:47,251 - __main__ - INFO - ✅ Skipping هامون (already up-to-date, 2.0 hours old)
2025-07-11 17:33:47,252 - __main__ - INFO - ✅ Skipping خکمک (already up-to-date, 2.0 hours old)
2025-07-11 17:33:47,252 - __main__ - INFO - ✅ Skipping پردیسح (already up-to-date, 2.0 hours old)
2025-07-11 17:33:47,253 - __main__ - INFO - ✅ Skipping داریوش (already up-to-date, 2.0 hours old)
2025-07-11 17:33:47,253 - __main__ - INFO - ✅ Skipping زملارد (already up-to-date, 2.0 hours old)
2025-07-11 17:33:47,253 - __main__ - INFO - ✅ Skipping کاصفاح (already up-to-date, 2.0 hours old)
2025-07-11 17:33:47,254 - __main__ - INFO - ✅ Skipping ولغدرح (already up-to-date, 2.0 hours old)
2025-07-11 17:33:47,254 - __main__ - INFO - ✅ Skipping خودران (already up-to-date, 2.0 hours old)
2025-07-11 17:33:47,255 - __main__ - INFO - ✅ Skipping فاما (already up-to-date, 2.0 hours old)
2025-07-11 17:33:47,255 - __main__ - INFO - ✅ Skipping لبهمن (already up-to-date, 2.0 hours old)
2025-07-11 17:33:47,256 - __main__ - INFO - ✅ Skipping عالیس (already up-to-date, 2.0 hours old)
2025-07-11 17:33:47,256 - __main__ - INFO - ✅ Skipping قجام (already up-to-date, 2.0 hours old)
2025-07-11 17:33:47,257 - __main__ - INFO - ✅ Skipping ولبهمن (already up-to-date, 2.0 hours old)
2025-07-11 17:33:47,260 - __main__ - INFO - ✅ Skipping وتوسح (already up-to-date, 2.0 hours old)
2025-07-11 17:33:47,260 - __main__ - INFO - ✅ Skipping مروارید (already up-to-date, 2.0 hours old)
2025-07-11 17:33:47,261 - __main__ - INFO - ✅ Skipping فنرژی (already up-to-date, 2.0 hours old)
2025-07-11 17:33:47,261 - __main__ - INFO - ✅ Skipping ولقمان (already up-to-date, 2.0 hours old)
2025-07-11 17:33:47,262 - __main__ - INFO - ✅ Skipping بزاگرس (already up-to-date, 2.0 hours old)
2025-07-11 17:33:47,262 - __main__ - INFO - ✅ Skipping کبورس (already up-to-date, 2.0 hours old)
2025-07-11 17:33:47,262 - __main__ - INFO - ✅ Skipping وسین (already up-to-date, 2.0 hours old)
2025-07-11 17:33:47,263 - __main__ - INFO - ✅ Skipping خزامیا (already up-to-date, 2.0 hours old)
2025-07-11 17:33:47,263 - __main__ - INFO - ✅ Skipping شوش (already up-to-date, 2.0 hours old)
2025-07-11 17:33:47,264 - __main__ - INFO - ✅ Skipping بالبرح (already up-to-date, 2.0 hours old)
2025-07-11 17:33:47,264 - __main__ - INFO - ✅ Skipping وملت (already up-to-date, 2.0 hours old)
2025-07-11 17:33:47,266 - __main__ - INFO - ✅ Skipping فسپاح (already up-to-date, 2.0 hours old)
2025-07-11 17:33:47,266 - __main__ - INFO - ✅ Skipping شفاراح (already up-to-date, 2.0 hours old)
2025-07-11 17:33:47,266 - __main__ - INFO - ✅ Skipping وپارس (already up-to-date, 2.0 hours old)
2025-07-11 17:33:47,267 - __main__ - INFO - ⏰ File for وتوشهح is old (94.3 hours). Attempting to update...
2025-07-11 17:33:47,954 - __main__ - ERROR - ❌ Failed to download وتوشهح: single positional indexer is out-of-bounds. Will retry on next run.
2025-07-11 17:33:47,955 - __main__ - INFO - ✅ Skipping خمهرح (already up-to-date, 2.0 hours old)
2025-07-11 17:33:47,955 - __main__ - INFO - ✅ Skipping نخل (already up-to-date, 2.0 hours old)
2025-07-11 17:33:47,956 - __main__ - INFO - ✅ Skipping نکالا (already up-to-date, 2.0 hours old)
2025-07-11 17:33:47,956 - __main__ - INFO - ✅ Skipping چفیبر (already up-to-date, 2.0 hours old)
2025-07-11 17:33:47,957 - __main__ - INFO - ✅ Skipping سلام (already up-to-date, 2.0 hours old)
2025-07-11 17:33:47,957 - __main__ - INFO - ✅ Skipping وآفری (already up-to-date, 2.0 hours old)
2025-07-11 17:33:47,957 - __main__ - INFO - ✅ Skipping بنیرو (already up-to-date, 2.0 hours old)
2025-07-11 17:33:47,958 - __main__ - INFO - ✅ Skipping دسینا (already up-to-date, 2.0 hours old)
2025-07-11 17:33:47,958 - __main__ - INFO - ✅ Skipping دتوزیع (already up-to-date, 2.0 hours old)
2025-07-11 17:33:47,958 - __main__ - INFO - ✅ Skipping قشرین (already up-to-date, 2.0 hours old)
2025-07-11 17:33:47,959 - __main__ - INFO - ✅ Skipping کچاد (already up-to-date, 2.0 hours old)
2025-07-11 17:33:47,959 - __main__ - INFO - ✅ Skipping البرز (already up-to-date, 2.0 hours old)
2025-07-11 17:33:47,959 - __main__ - INFO - ✅ Skipping وکار (already up-to-date, 2.0 hours old)
2025-07-11 17:33:47,960 - __main__ - INFO - ✅ Skipping پتروآبان (already up-to-date, 2.0 hours old)
2025-07-11 17:33:47,960 - __main__ - INFO - ✅ Skipping شبصیر (already up-to-date, 2.0 hours old)
2025-07-11 17:33:47,961 - __main__ - INFO - ✅ Skipping دامینح (already up-to-date, 2.0 hours old)
2025-07-11 17:33:47,961 - __main__ - INFO - ✅ Skipping اکسیژن (already up-to-date, 2.0 hours old)
2025-07-11 17:33:47,961 - __main__ - INFO - ✅ Skipping وامیر (already up-to-date, 2.0 hours old)
2025-07-11 17:33:47,962 - __main__ - INFO - ✅ Skipping نبورس (already up-to-date, 2.0 hours old)
2025-07-11 17:33:47,962 - __main__ - INFO - ✅ Skipping دروز (already up-to-date, 2.0 hours old)
2025-07-11 17:33:47,963 - __main__ - INFO - ✅ Skipping دجابر (already up-to-date, 2.0 hours old)
2025-07-11 17:33:47,963 - __main__ - INFO - ✅ Skipping سهام یار (already up-to-date, 2.0 hours old)
2025-07-11 17:33:47,963 - __main__ - INFO - ✅ Skipping رشد (already up-to-date, 2.0 hours old)
2025-07-11 17:33:47,964 - __main__ - INFO - ⏰ File for تفیروح is old (94.3 hours). Attempting to update...
2025-07-11 17:33:48,670 - __main__ - ERROR - ❌ Failed to download تفیروح: single positional indexer is out-of-bounds. Will retry on next run.
2025-07-11 17:33:48,671 - __main__ - INFO - ✅ Skipping شجم (already up-to-date, 2.0 hours old)
2025-07-11 17:33:48,672 - __main__ - INFO - ✅ Skipping غویتا (already up-to-date, 2.0 hours old)
2025-07-11 17:33:48,672 - __main__ - INFO - ✅ Skipping وخاورح (already up-to-date, 2.0 hours old)
2025-07-11 17:33:48,673 - __main__ - INFO - ✅ Skipping پتروآگاه (already up-to-date, 2.0 hours old)
2025-07-11 17:33:48,673 - __main__ - INFO - ✅ Skipping دالبر (already up-to-date, 2.0 hours old)
2025-07-11 17:33:48,674 - __main__ - INFO - ✅ Skipping وسگلستا (already up-to-date, 2.0 hours old)
2025-07-11 17:33:48,674 - __main__ - INFO - ✅ Skipping وهور (already up-to-date, 2.0 hours old)
2025-07-11 17:33:48,674 - __main__ - INFO - ✅ Skipping وسیناح (already up-to-date, 2.0 hours old)
2025-07-11 17:33:48,675 - __main__ - INFO - ✅ Skipping کحافظ (already up-to-date, 2.0 hours old)
2025-07-11 17:33:48,675 - __main__ - INFO - ✅ Skipping ساروج (already up-to-date, 2.0 hours old)
2025-07-11 17:33:48,676 - __main__ - INFO - ✅ Skipping ولصنمح (already up-to-date, 2.0 hours old)
2025-07-11 17:33:48,676 - __main__ - INFO - ✅ Skipping ومدیر (already up-to-date, 2.0 hours old)
2025-07-11 17:33:48,677 - __main__ - INFO - ✅ Skipping قپارسح (already up-to-date, 2.0 hours old)
2025-07-11 17:33:48,677 - __main__ - INFO - ✅ Skipping ثنام (already up-to-date, 2.0 hours old)
2025-07-11 17:33:48,678 - __main__ - INFO - ✅ Skipping سبجنوح (already up-to-date, 2.0 hours old)
2025-07-11 17:33:48,678 - __main__ - INFO - ✅ Skipping شخارک (already up-to-date, 2.0 hours old)
2025-07-11 17:33:48,679 - __main__ - INFO - ✅ Skipping وسکاب (already up-to-date, 2.0 hours old)
2025-07-11 17:33:48,679 - __main__ - INFO - ✅ Skipping ممسنی (already up-to-date, 2.0 hours old)
2025-07-11 17:33:48,680 - __main__ - INFO - ✅ Skipping وثنو (already up-to-date, 2.0 hours old)
2025-07-11 17:33:48,680 - __main__ - INFO - ✅ Skipping داراب (already up-to-date, 2.0 hours old)
2025-07-11 17:33:48,680 - __main__ - INFO - ✅ Skipping حپتروح (already up-to-date, 2.0 hours old)
2025-07-11 17:33:48,681 - __main__ - INFO - ✅ Skipping کسرامح (already up-to-date, 2.0 hours old)
2025-07-11 17:33:48,681 - __main__ - INFO - ✅ Skipping صدف (already up-to-date, 2.0 hours old)
2025-07-11 17:33:48,682 - __main__ - INFO - ⏰ File for شیرانح is old (94.3 hours). Attempting to update...
2025-07-11 17:33:49,343 - __main__ - ERROR - ❌ Failed to download شیرانح: single positional indexer is out-of-bounds. Will retry on next run.
2025-07-11 17:33:49,343 - __main__ - INFO - ✅ Skipping نتوس (already up-to-date, 2.0 hours old)
2025-07-11 17:33:49,343 - __main__ - INFO - ✅ Skipping تاصیکوح (already up-to-date, 2.0 hours old)
2025-07-11 17:33:49,344 - __main__ - INFO - ✅ Skipping آرمان (already up-to-date, 2.0 hours old)
2025-07-11 17:33:49,344 - __main__ - INFO - ✅ Skipping وآردلح (already up-to-date, 2.0 hours old)
2025-07-11 17:33:49,345 - __main__ - INFO - ✅ Skipping فباهنرح (already up-to-date, 2.0 hours old)
2025-07-11 17:33:49,345 - __main__ - INFO - ✅ Skipping ومشان (already up-to-date, 2.0 hours old)
2025-07-11 17:33:49,345 - __main__ - INFO - ✅ Skipping غدیس (already up-to-date, 2.0 hours old)
2025-07-11 17:33:49,346 - __main__ - INFO - ✅ Skipping دپارسح (already up-to-date, 2.0 hours old)
2025-07-11 17:33:49,346 - __main__ - INFO - ✅ Skipping حخزر (already up-to-date, 2.0 hours old)
2025-07-11 17:33:49,346 - __main__ - INFO - ✅ Skipping وبانک (already up-to-date, 2.0 hours old)
2025-07-11 17:33:49,347 - __main__ - INFO - ✅ Skipping ملت (already up-to-date, 2.0 hours old)
2025-07-11 17:33:49,347 - __main__ - INFO - ✅ Skipping فسلیر (already up-to-date, 2.0 hours old)
2025-07-11 17:33:49,347 - __main__ - INFO - ✅ Skipping نخریس (already up-to-date, 2.0 hours old)
2025-07-11 17:33:49,348 - __main__ - INFO - ✅ Skipping شرنگی (already up-to-date, 2.0 hours old)
2025-07-11 17:33:49,348 - __main__ - INFO - ✅ Skipping سشرقح (already up-to-date, 2.0 hours old)
2025-07-11 17:33:49,349 - __main__ - INFO - ✅ Skipping ولنوین (already up-to-date, 2.0 hours old)
2025-07-11 17:33:49,350 - __main__ - INFO - ✅ Skipping بموتو (already up-to-date, 2.0 hours old)
2025-07-11 17:33:49,350 - __main__ - INFO - ✅ Skipping پکویرح (already up-to-date, 2.0 hours old)
2025-07-11 17:33:49,350 - __main__ - INFO - ✅ Skipping کساپا (already up-to-date, 2.0 hours old)
2025-07-11 17:33:49,351 - __main__ - INFO - ✅ Skipping خدیزل (already up-to-date, 2.0 hours old)
2025-07-11 17:33:49,351 - __main__ - INFO - ✅ Skipping وسیزد (already up-to-date, 2.0 hours old)
2025-07-11 17:33:49,351 - __main__ - INFO - ✅ Skipping زاگرس (already up-to-date, 2.0 hours old)
2025-07-11 17:33:49,352 - __main__ - INFO - ✅ Skipping سنیر (already up-to-date, 2.0 hours old)
2025-07-11 17:33:49,352 - __main__ - INFO - ✅ Skipping ددانا (already up-to-date, 2.0 hours old)
2025-07-11 17:33:49,352 - __main__ - INFO - ✅ Skipping سیتاح (already up-to-date, 2.0 hours old)
2025-07-11 17:33:49,353 - __main__ - INFO - ✅ Skipping ثبات (already up-to-date, 2.0 hours old)
2025-07-11 17:33:49,353 - __main__ - INFO - ✅ Skipping دفرا (already up-to-date, 2.0 hours old)
2025-07-11 17:33:49,354 - __main__ - INFO - ⏰ File for پرشیا is old (94.3 hours). Attempting to update...
2025-07-11 17:33:50,045 - __main__ - ERROR - ❌ Failed to download پرشیا: single positional indexer is out-of-bounds. Will retry on next run.
2025-07-11 17:33:50,045 - __main__ - INFO - ✅ Skipping شتولی (already up-to-date, 2.0 hours old)
2025-07-11 17:33:50,046 - __main__ - INFO - ✅ Skipping خلنت (already up-to-date, 2.0 hours old)
2025-07-11 17:33:50,046 - __main__ - INFO - ✅ Skipping وجامی (already up-to-date, 2.0 hours old)
2025-07-11 17:33:50,046 - __main__ - INFO - ✅ Skipping دی (already up-to-date, 2.0 hours old)
2025-07-11 17:33:50,047 - __main__ - INFO - ✅ Skipping کپارس (already up-to-date, 2.0 hours old)
2025-07-11 17:33:50,047 - __main__ - INFO - ✅ Skipping ودانا (already up-to-date, 2.0 hours old)
2025-07-11 17:33:50,048 - __main__ - INFO - ✅ Skipping وهنر (already up-to-date, 2.0 hours old)
2025-07-11 17:33:50,048 - __main__ - INFO - ✅ Skipping شیراز (already up-to-date, 2.0 hours old)
2025-07-11 17:33:50,048 - __main__ - INFO - ✅ Skipping حپترو (already up-to-date, 2.0 hours old)
2025-07-11 17:33:50,049 - __main__ - INFO - ✅ Skipping نارین (already up-to-date, 2.0 hours old)
2025-07-11 17:33:50,049 - __main__ - INFO - ✅ Skipping غشاذرح (already up-to-date, 2.0 hours old)
2025-07-11 17:33:50,050 - __main__ - INFO - ✅ Skipping قجامح (already up-to-date, 2.0 hours old)
2025-07-11 17:33:50,050 - __main__ - INFO - ✅ Skipping چنوپا (already up-to-date, 2.0 hours old)
2025-07-11 17:33:50,050 - __main__ - INFO - ✅ Skipping مدیریت (already up-to-date, 2.0 hours old)
2025-07-11 17:33:50,051 - __main__ - INFO - ✅ Skipping بجهرم (already up-to-date, 2.0 hours old)
2025-07-11 17:33:50,051 - __main__ - INFO - ✅ Skipping غیوانح (already up-to-date, 2.0 hours old)
2025-07-11 17:33:50,052 - __main__ - INFO - ⏰ File for مدار is old (94.3 hours). Attempting to update...
2025-07-11 17:33:50,744 - __main__ - ERROR - ❌ Failed to download مدار: single positional indexer is out-of-bounds. Will retry on next run.
2025-07-11 17:33:50,745 - __main__ - INFO - ✅ Skipping وسپهر (already up-to-date, 2.0 hours old)
2025-07-11 17:33:50,745 - __main__ - INFO - ✅ Skipping فایراح (already up-to-date, 2.0 hours old)
2025-07-11 17:33:50,746 - __main__ - INFO - ✅ Skipping تاپکیش (already up-to-date, 2.0 hours old)
2025-07-11 17:33:50,746 - __main__ - INFO - ✅ Skipping حآسا (already up-to-date, 2.0 hours old)
2025-07-11 17:33:50,746 - __main__ - INFO - ✅ Skipping اتکامح (already up-to-date, 2.0 hours old)
2025-07-11 17:33:50,747 - __main__ - INFO - ✅ Skipping شسپا (already up-to-date, 2.0 hours old)
2025-07-11 17:33:50,747 - __main__ - INFO - ✅ Skipping قیستو (already up-to-date, 2.0 hours old)
2025-07-11 17:33:50,748 - __main__ - INFO - ✅ Skipping ولصنم (already up-to-date, 2.0 hours old)
2025-07-11 17:33:50,748 - __main__ - INFO - ⏰ File for کقزویح is old (94.3 hours). Attempting to update...
2025-07-11 17:33:51,446 - __main__ - ERROR - ❌ Failed to download کقزویح: single positional indexer is out-of-bounds. Will retry on next run.
2025-07-11 17:33:51,447 - __main__ - INFO - ✅ Skipping فایرا (already up-to-date, 2.0 hours old)
2025-07-11 17:33:51,447 - __main__ - INFO - ✅ Skipping زر (already up-to-date, 2.0 hours old)
2025-07-11 17:33:51,448 - __main__ - INFO - ✅ Skipping سامان (already up-to-date, 2.0 hours old)
2025-07-11 17:33:51,448 - __main__ - INFO - ✅ Skipping ودی (already up-to-date, 2.0 hours old)
2025-07-11 17:33:51,449 - __main__ - INFO - ✅ Skipping تایرا (already up-to-date, 2.0 hours old)
2025-07-11 17:33:51,450 - __main__ - INFO - ✅ Skipping سخوز (already up-to-date, 2.0 hours old)
2025-07-11 17:33:51,450 - __main__ - INFO - ✅ Skipping وسیلام (already up-to-date, 2.0 hours old)
2025-07-11 17:33:51,451 - __main__ - INFO - ✅ Skipping چکارن (already up-to-date, 2.0 hours old)
2025-07-11 17:33:51,451 - __main__ - INFO - ✅ Skipping قشرینح (already up-to-date, 2.0 hours old)
2025-07-11 17:33:51,452 - __main__ - INFO - ✅ Skipping تپکو (already up-to-date, 2.0 hours old)
2025-07-11 17:33:51,452 - __main__ - INFO - ✅ Skipping کمنگنزح (already up-to-date, 2.0 hours old)
2025-07-11 17:33:51,453 - __main__ - INFO - ✅ Skipping خعمرا (already up-to-date, 2.0 hours old)
2025-07-11 17:33:51,453 - __main__ - INFO - ✅ Skipping فصبا (already up-to-date, 2.0 hours old)
2025-07-11 17:33:51,453 - __main__ - INFO - ✅ Skipping صایند (already up-to-date, 2.0 hours old)
2025-07-11 17:33:51,454 - __main__ - INFO - ✅ Skipping مادیرا (already up-to-date, 2.0 hours old)
2025-07-11 17:33:51,454 - __main__ - INFO - ✅ Skipping اوج (already up-to-date, 2.0 hours old)
2025-07-11 17:33:51,455 - __main__ - INFO - ✅ Skipping شفا (already up-to-date, 2.0 hours old)
2025-07-11 17:33:51,455 - __main__ - INFO - ⏰ File for دیسشپ is old (94.3 hours). Attempting to update...
2025-07-11 17:33:52,131 - __main__ - ERROR - ❌ Failed to download دیسشپ: single positional indexer is out-of-bounds. Will retry on next run.
2025-07-11 17:33:52,132 - __main__ - INFO - ⏰ File for ثملی is old (94.3 hours). Attempting to update...
2025-07-11 17:33:52,775 - __main__ - ERROR - ❌ Failed to download ثملی: single positional indexer is out-of-bounds. Will retry on next run.
2025-07-11 17:33:52,775 - __main__ - INFO - ✅ Skipping وسرمد (already up-to-date, 2.0 hours old)
2025-07-11 17:33:52,776 - __main__ - INFO - ✅ Skipping وملیح (already up-to-date, 2.0 hours old)
2025-07-11 17:33:52,776 - __main__ - INFO - ✅ Skipping هرمز (already up-to-date, 2.0 hours old)
2025-07-11 17:33:52,776 - __main__ - INFO - ✅ Skipping بکابل (already up-to-date, 2.0 hours old)
2025-07-11 17:33:52,777 - __main__ - INFO - ✅ Skipping وتوصا (already up-to-date, 2.0 hours old)
2025-07-11 17:33:52,777 - __main__ - INFO - ✅ Skipping وبوعلیح (already up-to-date, 2.0 hours old)
2025-07-11 17:33:52,778 - __main__ - INFO - ✅ Skipping کنور (already up-to-date, 2.0 hours old)
2025-07-11 17:33:52,778 - __main__ - INFO - ⏰ File for باخترح is old (94.3 hours). Attempting to update...
2025-07-11 17:33:53,445 - __main__ - ERROR - ❌ Failed to download باخترح: single positional indexer is out-of-bounds. Will retry on next run.
2025-07-11 17:33:53,446 - __main__ - INFO - ✅ Skipping کیا (already up-to-date, 2.0 hours old)
2025-07-11 17:33:53,446 - __main__ - INFO - ✅ Skipping دسیناح (already up-to-date, 2.0 hours old)
2025-07-11 17:33:53,447 - __main__ - INFO - ✅ Skipping وسمرکز (already up-to-date, 2.0 hours old)
2025-07-11 17:33:53,447 - __main__ - INFO - ✅ Skipping داسوهح (already up-to-date, 2.0 hours old)
2025-07-11 17:33:53,448 - __main__ - INFO - ✅ Skipping سرود (already up-to-date, 2.0 hours old)
2025-07-11 17:33:53,448 - __main__ - INFO - ✅ Skipping قمرو (already up-to-date, 2.0 hours old)
2025-07-11 17:33:53,448 - __main__ - INFO - ✅ Skipping توسن (already up-to-date, 2.0 hours old)
2025-07-11 17:33:53,449 - __main__ - INFO - ✅ Skipping بموتوح (already up-to-date, 2.0 hours old)
2025-07-11 17:33:53,449 - __main__ - INFO - ✅ Skipping تیپیکوح (already up-to-date, 2.0 hours old)
2025-07-11 17:33:53,449 - __main__ - INFO - ✅ Skipping قنقشح (already up-to-date, 2.0 hours old)
2025-07-11 17:33:53,450 - __main__ - INFO - ✅ Skipping پسهند (already up-to-date, 2.0 hours old)
2025-07-11 17:33:53,451 - __main__ - INFO - ✅ Skipping زبینا (already up-to-date, 2.0 hours old)
2025-07-11 17:33:53,451 - __main__ - INFO - ✅ Skipping وخاور (already up-to-date, 2.0 hours old)
2025-07-11 17:33:53,452 - __main__ - INFO - ⏰ File for پدرخشح is old (94.3 hours). Attempting to update...
2025-07-11 17:33:54,140 - __main__ - ERROR - ❌ Failed to download پدرخشح: single positional indexer is out-of-bounds. Will retry on next run.
2025-07-11 17:33:54,141 - __main__ - INFO - ✅ Skipping کامیاب (already up-to-date, 2.0 hours old)
2025-07-11 17:33:54,141 - __main__ - INFO - ✅ Skipping کچینی (already up-to-date, 2.0 hours old)
2025-07-11 17:33:54,141 - __main__ - INFO - ✅ Skipping غدشت (already up-to-date, 2.0 hours old)
2025-07-11 17:33:54,142 - __main__ - INFO - ✅ Skipping دیوان (already up-to-date, 2.0 hours old)
2025-07-11 17:33:54,142 - __main__ - INFO - ✅ Skipping خاتم (already up-to-date, 2.0 hours old)
2025-07-11 17:33:54,143 - __main__ - INFO - ✅ Skipping توان (already up-to-date, 2.0 hours old)
2025-07-11 17:33:54,143 - __main__ - INFO - ⏰ File for فساز is old (94.3 hours). Attempting to update...
2025-07-11 17:33:54,804 - __main__ - ERROR - ❌ Failed to download فساز: single positional indexer is out-of-bounds. Will retry on next run.
2025-07-11 17:33:54,804 - __main__ - INFO - ✅ Skipping مرقامح (already up-to-date, 2.0 hours old)
2025-07-11 17:33:54,805 - __main__ - INFO - ✅ Skipping زفجر (already up-to-date, 2.0 hours old)
2025-07-11 17:33:54,805 - __main__ - INFO - ✅ Skipping تکمبا (already up-to-date, 2.0 hours old)
2025-07-11 17:33:54,806 - __main__ - INFO - ✅ Skipping ثهام (already up-to-date, 2.0 hours old)
2025-07-11 17:33:54,806 - __main__ - INFO - ✅ Skipping لبخند (already up-to-date, 2.0 hours old)
2025-07-11 17:33:54,806 - __main__ - INFO - ✅ Skipping وسبوشهر (already up-to-date, 2.0 hours old)
2025-07-11 17:33:54,807 - __main__ - INFO - ✅ Skipping شگستر (already up-to-date, 2.0 hours old)
2025-07-11 17:33:54,807 - __main__ - INFO - ✅ Skipping زگلدشت (already up-to-date, 2.0 hours old)
2025-07-11 17:33:54,808 - __main__ - INFO - ✅ Skipping بکام (already up-to-date, 2.0 hours old)
2025-07-11 17:33:54,808 - __main__ - INFO - ✅ Skipping افران (already up-to-date, 2.0 hours old)
2025-07-11 17:33:54,808 - __main__ - INFO - ✅ Skipping عقیق (already up-to-date, 2.0 hours old)
2025-07-11 17:33:54,809 - __main__ - INFO - ✅ Skipping تفیرو (already up-to-date, 2.0 hours old)
2025-07-11 17:33:54,809 - __main__ - INFO - ✅ Skipping پتروما (already up-to-date, 1.9 hours old)
2025-07-11 17:33:54,810 - __main__ - INFO - ✅ Skipping درین (already up-to-date, 1.9 hours old)
2025-07-11 17:33:54,810 - __main__ - INFO - ✅ Skipping پلولهح (already up-to-date, 1.9 hours old)
2025-07-11 17:33:54,811 - __main__ - INFO - ✅ Skipping فراز (already up-to-date, 1.9 hours old)
2025-07-11 17:33:54,812 - __main__ - INFO - ✅ Skipping داناح (already up-to-date, 1.9 hours old)
2025-07-11 17:33:54,812 - __main__ - INFO - ✅ Skipping کگازح (already up-to-date, 1.9 hours old)
2025-07-11 17:33:54,812 - __main__ - INFO - ✅ Skipping لخانه (already up-to-date, 1.9 hours old)
2025-07-11 17:33:54,813 - __main__ - INFO - ✅ Skipping وسزنجان (already up-to-date, 1.9 hours old)
2025-07-11 17:33:54,813 - __main__ - INFO - ✅ Skipping سپاهاح (already up-to-date, 1.9 hours old)
2025-07-11 17:33:54,814 - __main__ - INFO - ✅ Skipping تیام (already up-to-date, 1.9 hours old)
2025-07-11 17:33:54,814 - __main__ - INFO - ✅ Skipping وفردا (already up-to-date, 1.9 hours old)
2025-07-11 17:33:54,814 - __main__ - INFO - ✅ Skipping حکشتی (already up-to-date, 1.9 hours old)
2025-07-11 17:33:54,815 - __main__ - INFO - ✅ Skipping ویستا (already up-to-date, 1.9 hours old)
2025-07-11 17:33:54,815 - __main__ - INFO - ✅ Skipping فرود (already up-to-date, 1.9 hours old)
2025-07-11 17:33:54,816 - __main__ - INFO - ✅ Skipping نیلی (already up-to-date, 1.9 hours old)
2025-07-11 17:33:54,816 - __main__ - INFO - ✅ Skipping تکنوح (already up-to-date, 1.9 hours old)
2025-07-11 17:33:54,817 - __main__ - INFO - ✅ Skipping فملی (already up-to-date, 1.9 hours old)
2025-07-11 17:33:54,817 - __main__ - INFO - ✅ Skipping وشمال (already up-to-date, 1.9 hours old)
2025-07-11 17:33:54,818 - __main__ - INFO - ✅ Skipping ولساپا (already up-to-date, 1.9 hours old)
2025-07-11 17:33:54,818 - __main__ - INFO - ✅ Skipping جهرم (already up-to-date, 1.9 hours old)
2025-07-11 17:33:54,818 - __main__ - INFO - ✅ Skipping غبشهر (already up-to-date, 1.9 hours old)
2025-07-11 17:33:54,819 - __main__ - INFO - ✅ Skipping کرمان (already up-to-date, 1.9 hours old)
2025-07-11 17:33:54,819 - __main__ - INFO - ✅ Skipping خکاوهح (already up-to-date, 1.9 hours old)
2025-07-11 17:33:54,820 - __main__ - INFO - ✅ Skipping غبشهرح (already up-to-date, 1.9 hours old)
2025-07-11 17:33:54,820 - __main__ - INFO - ✅ Skipping وسلرستا (already up-to-date, 1.9 hours old)
2025-07-11 17:33:54,820 - __main__ - INFO - ✅ Skipping ثمین (already up-to-date, 1.9 hours old)
2025-07-11 17:33:54,821 - __main__ - INFO - ✅ Skipping کرویح (already up-to-date, 1.9 hours old)
2025-07-11 17:33:54,821 - __main__ - INFO - ✅ Skipping کسراح (already up-to-date, 1.9 hours old)
2025-07-11 17:33:54,821 - __main__ - INFO - ✅ Skipping غسالمح (already up-to-date, 1.9 hours old)
2025-07-11 17:33:54,822 - __main__ - INFO - ✅ Skipping وسدیدح (already up-to-date, 1.9 hours old)
2025-07-11 17:33:54,822 - __main__ - INFO - ✅ Skipping فسلیرح (already up-to-date, 1.9 hours old)
2025-07-11 17:33:54,822 - __main__ - INFO - ✅ Skipping شتران (already up-to-date, 1.9 hours old)
2025-07-11 17:33:54,823 - __main__ - INFO - ✅ Skipping شپنا (already up-to-date, 1.9 hours old)
2025-07-11 17:33:54,823 - __main__ - INFO - ✅ Skipping وصنعت (already up-to-date, 1.9 hours old)
2025-07-11 17:33:54,826 - __main__ - INFO - ✅ Skipping حرهشا (already up-to-date, 1.9 hours old)
2025-07-11 17:33:54,827 - __main__ - INFO - ✅ Skipping سیتا (already up-to-date, 1.9 hours old)
2025-07-11 17:33:54,827 - __main__ - INFO - ✅ Skipping کپارسح (already up-to-date, 1.9 hours old)
2025-07-11 17:33:54,827 - __main__ - INFO - ✅ Skipping حفارس (already up-to-date, 1.9 hours old)
2025-07-11 17:33:54,828 - __main__ - INFO - ⏰ File for شجی is old (94.3 hours). Attempting to update...
2025-07-11 17:33:55,495 - __main__ - ERROR - ❌ Failed to download شجی: single positional indexer is out-of-bounds. Will retry on next run.
2025-07-11 17:33:55,495 - __main__ - INFO - ⏰ File for برانسفو is old (94.3 hours). Attempting to update...
2025-07-11 17:33:56,151 - __main__ - ERROR - ❌ Failed to download برانسفو: single positional indexer is out-of-bounds. Will retry on next run.
2025-07-11 17:33:56,152 - __main__ - INFO - ✅ Skipping وحکمت (already up-to-date, 1.9 hours old)
2025-07-11 17:33:56,152 - __main__ - INFO - ✅ Skipping شپمچا (already up-to-date, 1.9 hours old)
2025-07-11 17:33:56,153 - __main__ - INFO - ✅ Skipping دسانکوح (already up-to-date, 1.9 hours old)
2025-07-11 17:33:56,153 - __main__ - INFO - ✅ Skipping ولشرق (already up-to-date, 1.9 hours old)
2025-07-11 17:33:56,153 - __main__ - INFO - ✅ Skipping وکغدیر (already up-to-date, 1.9 hours old)
2025-07-11 17:33:56,154 - __main__ - INFO - ✅ Skipping وتوسم (already up-to-date, 1.9 hours old)
2025-07-11 17:33:56,154 - __main__ - INFO - ✅ Skipping قشکر (already up-to-date, 1.9 hours old)
2025-07-11 17:33:56,155 - __main__ - INFO - ⏰ File for تدبیر is old (94.3 hours). Attempting to update...
2025-07-11 17:33:56,798 - __main__ - ERROR - ❌ Failed to download تدبیر: single positional indexer is out-of-bounds. Will retry on next run.
2025-07-11 17:33:56,799 - __main__ - INFO - ✅ Skipping تکیمیا (already up-to-date, 1.9 hours old)
2025-07-11 17:33:56,799 - __main__ - INFO - ✅ Skipping وساختح (already up-to-date, 1.9 hours old)
2025-07-11 17:33:56,800 - __main__ - INFO - ✅ Skipping ارزش مسکن (already up-to-date, 1.9 hours old)
2025-07-11 17:33:56,800 - __main__ - INFO - ✅ Skipping غشاذر (already up-to-date, 1.9 hours old)
2025-07-11 17:33:56,801 - __main__ - INFO - ✅ Skipping دیبا (already up-to-date, 1.9 hours old)
2025-07-11 17:33:56,801 - __main__ - INFO - ✅ Skipping کشرق (already up-to-date, 1.9 hours old)
2025-07-11 17:33:56,802 - __main__ - INFO - ✅ Skipping وملتح (already up-to-date, 1.9 hours old)
2025-07-11 17:33:56,802 - __main__ - INFO - ✅ Skipping حفاری (already up-to-date, 1.9 hours old)
2025-07-11 17:33:56,803 - __main__ - INFO - ✅ Skipping پالایش (already up-to-date, 1.9 hours old)
2025-07-11 17:33:56,804 - __main__ - INFO - ✅ Skipping حآفرین (already up-to-date, 1.9 hours old)
2025-07-11 17:33:56,804 - __main__ - INFO - ✅ Skipping پارس (already up-to-date, 1.9 hours old)
2025-07-11 17:33:56,805 - __main__ - INFO - ✅ Skipping کلوند (already up-to-date, 1.9 hours old)
2025-07-11 17:33:56,805 - __main__ - INFO - ✅ Skipping شخارکح (already up-to-date, 1.9 hours old)
2025-07-11 17:33:56,806 - __main__ - INFO - ✅ Skipping لمخابر (already up-to-date, 1.9 hours old)
2025-07-11 17:33:56,806 - __main__ - INFO - ✅ Skipping سیدکو (already up-to-date, 1.9 hours old)
2025-07-11 17:33:56,807 - __main__ - INFO - ✅ Skipping ثعتما (already up-to-date, 1.9 hours old)
2025-07-11 17:33:56,807 - __main__ - INFO - ✅ Skipping وسکرد (already up-to-date, 1.9 hours old)
2025-07-11 17:33:56,808 - __main__ - INFO - ✅ Skipping پادا (already up-to-date, 1.9 hours old)
2025-07-11 17:33:56,808 - __main__ - INFO - ✅ Skipping کپشیر (already up-to-date, 1.9 hours old)
2025-07-11 17:33:56,809 - __main__ - INFO - ✅ Skipping فاهوازح (already up-to-date, 1.9 hours old)
2025-07-11 17:33:56,809 - __main__ - INFO - ✅ Skipping فروم (already up-to-date, 1.9 hours old)
2025-07-11 17:33:56,810 - __main__ - INFO - ✅ Skipping زیتون (already up-to-date, 1.9 hours old)
2025-07-11 17:33:56,810 - __main__ - INFO - ✅ Skipping ثباغ (already up-to-date, 1.9 hours old)
2025-07-11 17:33:56,811 - __main__ - INFO - ✅ Skipping دحاوی (already up-to-date, 1.9 hours old)
2025-07-11 17:33:56,822 - __main__ - INFO - ✅ Skipping پشاهن (already up-to-date, 1.9 hours old)
2025-07-11 17:33:56,823 - __main__ - INFO - ✅ Skipping سیدکوح (already up-to-date, 1.9 hours old)
2025-07-11 17:33:56,825 - __main__ - INFO - ✅ Skipping گوهران (already up-to-date, 1.9 hours old)
2025-07-11 17:33:56,827 - __main__ - INFO - ✅ Skipping کفپارسح (already up-to-date, 1.9 hours old)
2025-07-11 17:33:56,827 - __main__ - INFO - ✅ Skipping سدشتح (already up-to-date, 1.9 hours old)
2025-07-11 17:33:56,827 - __main__ - INFO - ✅ Skipping سشرق (already up-to-date, 1.9 hours old)
2025-07-11 17:33:56,828 - __main__ - INFO - ✅ Skipping شزنگ (already up-to-date, 1.9 hours old)
2025-07-11 17:33:56,828 - __main__ - INFO - ✅ Skipping دتمادح (already up-to-date, 1.9 hours old)
2025-07-11 17:33:56,829 - __main__ - INFO - ✅ Skipping ساذریح (already up-to-date, 1.9 hours old)
2025-07-11 17:33:56,829 - __main__ - INFO - ✅ Skipping پترولح (already up-to-date, 1.9 hours old)
2025-07-11 17:33:56,830 - __main__ - INFO - ✅ Skipping پارتا (already up-to-date, 1.9 hours old)
2025-07-11 17:33:56,830 - __main__ - INFO - ✅ Skipping ثنوساح (already up-to-date, 1.9 hours old)
2025-07-11 17:33:56,830 - __main__ - INFO - ✅ Skipping سمازن (already up-to-date, 1.9 hours old)
2025-07-11 17:33:56,831 - __main__ - INFO - ✅ Skipping ولپارس (already up-to-date, 1.9 hours old)
2025-07-11 17:33:56,831 - __main__ - INFO - ✅ Skipping کمند (already up-to-date, 1.9 hours old)
2025-07-11 17:33:56,831 - __main__ - INFO - ✅ Skipping ساحل (already up-to-date, 1.9 hours old)
2025-07-11 17:33:56,832 - __main__ - INFO - ✅ Skipping سکرد (already up-to-date, 1.9 hours old)
2025-07-11 17:33:56,832 - __main__ - INFO - ✅ Skipping تابا (already up-to-date, 1.9 hours old)
2025-07-11 17:33:56,832 - __main__ - INFO - ✅ Skipping زفکا (already up-to-date, 1.9 hours old)
2025-07-11 17:33:56,832 - __main__ - INFO - ✅ Skipping ثتران (already up-to-date, 1.9 hours old)
2025-07-11 17:33:56,833 - __main__ - INFO - ✅ Skipping غناب (already up-to-date, 1.9 hours old)
2025-07-11 17:33:56,833 - __main__ - INFO - ✅ Skipping زنجان (already up-to-date, 1.9 hours old)
2025-07-11 17:33:56,833 - __main__ - INFO - ✅ Skipping خکرمان (already up-to-date, 1.9 hours old)
2025-07-11 17:33:56,834 - __main__ - INFO - ⏰ File for سایراح is old (94.3 hours). Attempting to update...
2025-07-11 17:33:57,550 - __main__ - ERROR - ❌ Failed to download سایراح: single positional indexer is out-of-bounds. Will retry on next run.
2025-07-11 17:33:57,550 - __main__ - INFO - ✅ Skipping فملیح (already up-to-date, 1.9 hours old)
2025-07-11 17:33:57,551 - __main__ - INFO - ✅ Skipping غساسا (already up-to-date, 1.9 hours old)
2025-07-11 17:33:57,552 - __main__ - INFO - ✅ Skipping غگرجی (already up-to-date, 1.9 hours old)
2025-07-11 17:33:57,552 - __main__ - INFO - ✅ Skipping آسام (already up-to-date, 1.9 hours old)
2025-07-11 17:33:57,553 - __main__ - INFO - ✅ Skipping وپارسح (already up-to-date, 1.9 hours old)
2025-07-11 17:33:57,553 - __main__ - INFO - ✅ Skipping برلیان (already up-to-date, 1.9 hours old)
2025-07-11 17:33:57,554 - __main__ - INFO - ✅ Skipping فنورد (already up-to-date, 1.9 hours old)
2025-07-11 17:33:57,554 - __main__ - INFO - ✅ Skipping وسنا (already up-to-date, 1.9 hours old)
2025-07-11 17:33:57,555 - __main__ - INFO - ✅ Skipping هوشیار (already up-to-date, 1.9 hours old)
2025-07-11 17:33:57,555 - __main__ - INFO - ✅ Skipping ضمان (already up-to-date, 1.9 hours old)
2025-07-11 17:33:57,556 - __main__ - INFO - ✅ Skipping بازرگام (already up-to-date, 1.9 hours old)
2025-07-11 17:33:57,556 - __main__ - INFO - ✅ Skipping ولتجار (already up-to-date, 1.9 hours old)
2025-07-11 17:33:57,557 - __main__ - INFO - ✅ Skipping لمخابرح (already up-to-date, 1.9 hours old)
2025-07-11 17:33:57,557 - __main__ - INFO - ✅ Skipping کخاکح (already up-to-date, 1.9 hours old)
2025-07-11 17:33:57,558 - __main__ - INFO - ✅ Skipping اتکای (already up-to-date, 1.9 hours old)
2025-07-11 17:33:57,558 - __main__ - INFO - ✅ Skipping تپمپیح (already up-to-date, 1.9 hours old)
2025-07-11 17:33:57,559 - __main__ - INFO - ✅ Skipping غچین (already up-to-date, 1.9 hours old)
2025-07-11 17:33:57,559 - __main__ - INFO - ✅ Skipping سفاسی (already up-to-date, 1.9 hours old)
2025-07-11 17:33:57,559 - __main__ - INFO - ✅ Skipping کسعدی (already up-to-date, 1.9 hours old)
2025-07-11 17:33:57,560 - __main__ - INFO - ⏰ File for غبهپاکح is old (94.3 hours). Attempting to update...
2025-07-11 17:33:58,259 - __main__ - ERROR - ❌ Failed to download غبهپاکح: single positional indexer is out-of-bounds. Will retry on next run.
2025-07-11 17:33:58,260 - __main__ - INFO - ✅ Skipping پاکشو (already up-to-date, 1.9 hours old)
2025-07-11 17:33:58,260 - __main__ - INFO - ✅ Skipping فولاد (already up-to-date, 1.9 hours old)
2025-07-11 17:33:58,260 - __main__ - INFO - ✅ Skipping حامی1401 (already up-to-date, 1.9 hours old)
2025-07-11 17:33:58,261 - __main__ - INFO - ✅ Skipping قلرست (already up-to-date, 1.9 hours old)
2025-07-11 17:33:58,261 - __main__ - INFO - ✅ Skipping آباد (already up-to-date, 1.9 hours old)
2025-07-11 17:33:58,261 - __main__ - INFO - ✅ Skipping ونیکی (already up-to-date, 1.9 hours old)
2025-07-11 17:33:58,261 - __main__ - INFO - ✅ Skipping پاداش (already up-to-date, 1.9 hours old)
2025-07-11 17:33:58,261 - __main__ - INFO - ✅ Skipping شپارسح (already up-to-date, 1.9 hours old)
2025-07-11 17:33:58,262 - __main__ - INFO - ✅ Skipping فسدید (already up-to-date, 1.9 hours old)
2025-07-11 17:33:58,262 - __main__ - INFO - ✅ Skipping دشیمیح (already up-to-date, 1.9 hours old)
2025-07-11 17:33:58,264 - __main__ - INFO - ✅ Skipping سفارسح (already up-to-date, 1.9 hours old)
2025-07-11 17:33:58,264 - __main__ - INFO - ✅ Skipping والبر (already up-to-date, 1.9 hours old)
2025-07-11 17:33:58,264 - __main__ - INFO - ✅ Skipping سدورح (already up-to-date, 1.9 hours old)
2025-07-11 17:33:58,264 - __main__ - INFO - ✅ Skipping دامین (already up-to-date, 1.9 hours old)
2025-07-11 17:33:58,265 - __main__ - INFO - ✅ Skipping ختورح (already up-to-date, 1.9 hours old)
2025-07-11 17:33:58,265 - __main__ - INFO - ✅ Skipping فزر (already up-to-date, 1.9 hours old)
2025-07-11 17:33:58,266 - __main__ - INFO - ✅ Skipping وپسا (already up-to-date, 1.9 hours old)
2025-07-11 17:33:58,266 - __main__ - INFO - ✅ Skipping آگاس (already up-to-date, 1.9 hours old)
2025-07-11 17:33:58,267 - __main__ - INFO - ✅ Skipping وکبهمن (already up-to-date, 1.9 hours old)
2025-07-11 17:33:58,267 - __main__ - INFO - ✅ Skipping شاروم (already up-to-date, 1.9 hours old)
2025-07-11 17:33:58,268 - __main__ - INFO - ✅ Skipping اوان (already up-to-date, 1.9 hours old)
2025-07-11 17:33:58,269 - __main__ - INFO - ✅ Skipping جمح (already up-to-date, 1.9 hours old)
2025-07-11 17:33:58,269 - __main__ - INFO - ✅ Skipping وسخراج (already up-to-date, 1.9 hours old)
2025-07-11 17:33:58,270 - __main__ - INFO - ✅ Skipping فولاژح (already up-to-date, 1.9 hours old)
2025-07-11 17:33:58,271 - __main__ - INFO - ✅ Skipping دقاضی (already up-to-date, 1.9 hours old)
2025-07-11 17:33:58,272 - __main__ - INFO - ✅ Skipping فوکاح (already up-to-date, 1.9 hours old)
2025-07-11 17:33:58,272 - __main__ - INFO - ✅ Skipping آردینه (already up-to-date, 1.9 hours old)
2025-07-11 17:33:58,273 - __main__ - INFO - ✅ Skipping دابورح (already up-to-date, 1.9 hours old)
2025-07-11 17:33:58,273 - __main__ - INFO - ✅ Skipping کهرام (already up-to-date, 1.9 hours old)
2025-07-11 17:33:58,273 - __main__ - INFO - ✅ Skipping وآیند (already up-to-date, 1.9 hours old)
2025-07-11 17:33:58,274 - __main__ - INFO - ⏰ File for وسقزوین is old (94.3 hours). Attempting to update...
2025-07-11 17:33:58,930 - __main__ - ERROR - ❌ Failed to download وسقزوین: single positional indexer is out-of-bounds. Will retry on next run.
2025-07-11 17:33:58,930 - __main__ - INFO - ✅ Skipping وآذر (already up-to-date, 1.9 hours old)
2025-07-11 17:33:58,931 - __main__ - INFO - ✅ Skipping سمایه (already up-to-date, 1.9 hours old)
2025-07-11 17:33:58,931 - __main__ - INFO - ✅ Skipping داروح (already up-to-date, 1.9 hours old)
2025-07-11 17:33:58,932 - __main__ - INFO - ✅ Skipping واتی (already up-to-date, 1.9 hours old)
2025-07-11 17:33:58,932 - __main__ - INFO - ✅ Skipping گنجین (already up-to-date, 1.9 hours old)
2025-07-11 17:33:58,933 - __main__ - INFO - ✅ Skipping پخش (already up-to-date, 1.9 hours old)
2025-07-11 17:33:58,933 - __main__ - INFO - ✅ Skipping مدارانح (already up-to-date, 1.9 hours old)
2025-07-11 17:33:58,934 - __main__ - INFO - ✅ Skipping حفاریح (already up-to-date, 1.9 hours old)
2025-07-11 17:33:58,934 - __main__ - INFO - ✅ Skipping وتوشه (already up-to-date, 1.9 hours old)
2025-07-11 17:33:58,934 - __main__ - INFO - ✅ Skipping فبستم (already up-to-date, 1.9 hours old)
2025-07-11 17:33:58,935 - __main__ - INFO - ✅ Skipping بهپاک (already up-to-date, 1.9 hours old)
2025-07-11 17:33:58,935 - __main__ - INFO - ✅ Skipping آکورد (already up-to-date, 1.9 hours old)
2025-07-11 17:33:58,936 - __main__ - INFO - ✅ Skipping دیرانح (already up-to-date, 1.9 hours old)
2025-07-11 17:33:58,936 - __main__ - INFO - ✅ Skipping کاسپین (already up-to-date, 1.9 hours old)
2025-07-11 17:33:58,937 - __main__ - INFO - ✅ Skipping ثابت اکسیژن (already up-to-date, 1.9 hours old)
2025-07-11 17:33:58,937 - __main__ - INFO - ✅ Skipping لوتوس (already up-to-date, 1.9 hours old)
2025-07-11 17:33:58,938 - __main__ - INFO - ✅ Skipping چفیبرح (already up-to-date, 1.9 hours old)
2025-07-11 17:33:58,938 - __main__ - INFO - ✅ Skipping خپویشح (already up-to-date, 1.9 hours old)
2025-07-11 17:33:58,939 - __main__ - INFO - ✅ Skipping واتیح (already up-to-date, 1.9 hours old)
2025-07-11 17:33:58,940 - __main__ - INFO - ✅ Skipping وآفر (already up-to-date, 1.9 hours old)
2025-07-11 17:33:58,940 - __main__ - INFO - ✅ Skipping وزمین (already up-to-date, 1.9 hours old)
2025-07-11 17:33:58,941 - __main__ - INFO - ✅ Skipping لپیامح (already up-to-date, 1.9 hours old)
2025-07-11 17:33:58,941 - __main__ - INFO - ✅ Skipping آ س پ (already up-to-date, 1.9 hours old)
2025-07-11 17:33:58,942 - __main__ - INFO - ✅ Skipping شپاس (already up-to-date, 1.9 hours old)
2025-07-11 17:33:58,942 - __main__ - INFO - ✅ Skipping سفانوح (already up-to-date, 1.9 hours old)
2025-07-11 17:33:58,943 - __main__ - INFO - ✅ Skipping ثاخت (already up-to-date, 1.9 hours old)
2025-07-11 17:33:58,943 - __main__ - INFO - ✅ Skipping اونیکس (already up-to-date, 1.9 hours old)
2025-07-11 17:33:58,944 - __main__ - INFO - ✅ Skipping سمگا (already up-to-date, 1.9 hours old)
2025-07-11 17:33:58,944 - __main__ - INFO - ⏰ File for قثابتح is old (94.3 hours). Attempting to update...
2025-07-11 17:33:59,620 - __main__ - ERROR - ❌ Failed to download قثابتح: single positional indexer is out-of-bounds. Will retry on next run.
2025-07-11 17:33:59,621 - __main__ - INFO - ✅ Skipping دابور (already up-to-date, 1.9 hours old)
2025-07-11 17:33:59,622 - __main__ - INFO - ✅ Skipping رافزا (already up-to-date, 1.9 hours old)
2025-07-11 17:33:59,622 - __main__ - INFO - ✅ Skipping کترام (already up-to-date, 1.9 hours old)
2025-07-11 17:33:59,623 - __main__ - INFO - ✅ Skipping دالبرح (already up-to-date, 1.9 hours old)
2025-07-11 17:33:59,623 - __main__ - INFO - ✅ Skipping پتایر (already up-to-date, 1.9 hours old)
2025-07-11 17:33:59,624 - __main__ - INFO - ✅ Skipping قستانح (already up-to-date, 1.9 hours old)
2025-07-11 17:33:59,624 - __main__ - INFO - ✅ Skipping فمتالح (already up-to-date, 1.9 hours old)
2025-07-11 17:33:59,625 - __main__ - INFO - ✅ Skipping شکربن (already up-to-date, 1.9 hours old)
2025-07-11 17:33:59,625 - __main__ - INFO - ✅ Skipping شکلر (already up-to-date, 1.9 hours old)
2025-07-11 17:33:59,626 - __main__ - INFO - ⏰ File for فروسح is old (94.3 hours). Attempting to update...
2025-07-11 17:34:00,292 - __main__ - ERROR - ❌ Failed to download فروسح: single positional indexer is out-of-bounds. Will retry on next run.
2025-07-11 17:34:00,293 - __main__ - INFO - ✅ Skipping خلیج (already up-to-date, 1.9 hours old)
2025-07-11 17:34:00,293 - __main__ - INFO - ✅ Skipping کحافظح (already up-to-date, 1.9 hours old)
2025-07-11 17:34:00,294 - __main__ - INFO - ✅ Skipping بکابح (already up-to-date, 1.9 hours old)
2025-07-11 17:34:00,294 - __main__ - INFO - ✅ Skipping وساپا (already up-to-date, 1.9 hours old)
2025-07-11 17:34:00,294 - __main__ - INFO - ✅ Skipping وشهر (already up-to-date, 1.9 hours old)
2025-07-11 17:34:00,294 - __main__ - INFO - ✅ Skipping کرازی (already up-to-date, 1.9 hours old)
2025-07-11 17:34:00,295 - __main__ - INFO - ✅ Skipping دانیک (already up-to-date, 1.9 hours old)
2025-07-11 17:34:00,295 - __main__ - INFO - ✅ Skipping لخزر (already up-to-date, 1.9 hours old)
2025-07-11 17:34:00,296 - __main__ - INFO - ✅ Skipping خزرح (already up-to-date, 1.9 hours old)
2025-07-11 17:34:00,296 - __main__ - INFO - ✅ Skipping عشادگان (already up-to-date, 1.9 hours old)
2025-07-11 17:34:00,296 - __main__ - INFO - ✅ Skipping خکار (already up-to-date, 1.9 hours old)
2025-07-11 17:34:00,297 - __main__ - INFO - ✅ Skipping سخزر (already up-to-date, 1.9 hours old)
2025-07-11 17:34:00,297 - __main__ - INFO - ✅ Skipping شلیا (already up-to-date, 1.9 hours old)
2025-07-11 17:34:00,297 - __main__ - INFO - ✅ Skipping کیان (already up-to-date, 1.9 hours old)
2025-07-11 17:34:00,298 - __main__ - INFO - ✅ Skipping ختراکح (already up-to-date, 1.9 hours old)
2025-07-11 17:34:00,298 - __main__ - INFO - ✅ Skipping وحافظ (already up-to-date, 1.9 hours old)
2025-07-11 17:34:00,299 - __main__ - INFO - ✅ Skipping ما (already up-to-date, 1.9 hours old)
2025-07-11 17:34:00,299 - __main__ - INFO - ✅ Skipping غاذرح (already up-to-date, 1.9 hours old)
2025-07-11 17:34:00,300 - __main__ - INFO - ✅ Skipping شزنگح (already up-to-date, 1.9 hours old)
2025-07-11 17:34:00,300 - __main__ - INFO - ✅ Skipping حتایدح (already up-to-date, 1.9 hours old)
2025-07-11 17:34:00,301 - __main__ - INFO - ✅ Skipping پشاهنح (already up-to-date, 1.9 hours old)
2025-07-11 17:34:00,301 - __main__ - INFO - ✅ Skipping کویرح (already up-to-date, 1.9 hours old)
2025-07-11 17:34:00,302 - __main__ - INFO - ⏰ File for رانفورح is old (94.3 hours). Attempting to update...
2025-07-11 17:34:00,997 - __main__ - ERROR - ❌ Failed to download رانفورح: single positional indexer is out-of-bounds. Will retry on next run.
2025-07-11 17:34:00,997 - __main__ - INFO - ✅ Skipping زکوثر (already up-to-date, 1.9 hours old)
2025-07-11 17:34:00,998 - __main__ - INFO - ✅ Skipping زپارس (already up-to-date, 1.9 hours old)
2025-07-11 17:34:00,998 - __main__ - INFO - ✅ Skipping کالا (already up-to-date, 1.9 hours old)
2025-07-11 17:34:00,999 - __main__ - INFO - ✅ Skipping ثجوان (already up-to-date, 1.9 hours old)
2025-07-11 17:34:01,000 - __main__ - INFO - ⏰ File for قلرستح is old (94.3 hours). Attempting to update...
2025-07-11 17:34:01,661 - __main__ - ERROR - ❌ Failed to download قلرستح: single positional indexer is out-of-bounds. Will retry on next run.
2025-07-11 17:34:01,662 - __main__ - INFO - ✅ Skipping ساذری (already up-to-date, 1.9 hours old)
2025-07-11 17:34:01,663 - __main__ - INFO - ✅ Skipping صنوین (already up-to-date, 1.9 hours old)
2025-07-11 17:34:01,663 - __main__ - INFO - ✅ Skipping غدامح (already up-to-date, 1.9 hours old)
2025-07-11 17:34:01,664 - __main__ - INFO - ✅ Skipping سپ (already up-to-date, 1.9 hours old)
2025-07-11 17:34:01,664 - __main__ - INFO - ✅ Skipping قتربت (already up-to-date, 1.9 hours old)
2025-07-11 17:34:01,665 - __main__ - INFO - ✅ Skipping وآوا (already up-to-date, 1.9 hours old)
2025-07-11 17:34:01,665 - __main__ - INFO - ✅ Skipping فولای (already up-to-date, 1.9 hours old)
2025-07-11 17:34:01,665 - __main__ - INFO - ✅ Skipping وتوسمح (already up-to-date, 1.9 hours old)
2025-07-11 17:34:01,666 - __main__ - INFO - ✅ Skipping لطیف (already up-to-date, 1.9 hours old)
2025-07-11 17:34:01,666 - __main__ - INFO - ✅ Skipping سصفها (already up-to-date, 1.9 hours old)
2025-07-11 17:34:01,666 - __main__ - INFO - ✅ Skipping دلقما (already up-to-date, 1.9 hours old)
2025-07-11 17:34:01,667 - __main__ - INFO - ✅ Skipping انار (already up-to-date, 1.9 hours old)
2025-07-11 17:34:01,667 - __main__ - INFO - ✅ Skipping آلومینا (already up-to-date, 1.9 hours old)
2025-07-11 17:34:01,668 - __main__ - INFO - ⏰ File for پخش اول is old (94.3 hours). Attempting to update...
2025-07-11 17:34:02,324 - __main__ - ERROR - ❌ Failed to download پخش اول: single positional indexer is out-of-bounds. Will retry on next run.
2025-07-11 17:34:02,325 - __main__ - INFO - ✅ Skipping وامین (already up-to-date, 1.9 hours old)
2025-07-11 17:34:02,326 - __main__ - INFO - ✅ Skipping شفارسح (already up-to-date, 1.9 hours old)
2025-07-11 17:34:02,326 - __main__ - INFO - ✅ Skipping غگل (already up-to-date, 1.9 hours old)
2025-07-11 17:34:02,327 - __main__ - INFO - ✅ Skipping ثاختح (already up-to-date, 1.9 hours old)
2025-07-11 17:34:02,327 - __main__ - INFO - ✅ Skipping حتوکاح (already up-to-date, 1.9 hours old)
2025-07-11 17:34:02,328 - __main__ - INFO - ✅ Skipping آسامید (already up-to-date, 1.9 hours old)
2025-07-11 17:34:02,328 - __main__ - INFO - ✅ Skipping سفارس (already up-to-date, 1.9 hours old)
2025-07-11 17:34:02,329 - __main__ - INFO - ✅ Skipping عبهمن (already up-to-date, 1.9 hours old)
2025-07-11 17:34:02,329 - __main__ - INFO - ✅ Skipping فنوال (already up-to-date, 1.9 hours old)
2025-07-11 17:34:02,329 - __main__ - INFO - ✅ Skipping وانصارح (already up-to-date, 1.9 hours old)
2025-07-11 17:34:02,330 - __main__ - INFO - ✅ Skipping وایران (already up-to-date, 1.9 hours old)
2025-07-11 17:34:02,330 - __main__ - INFO - ✅ Skipping فولاژ (already up-to-date, 1.9 hours old)
2025-07-11 17:34:02,331 - __main__ - INFO - ✅ Skipping تکشاح (already up-to-date, 1.9 hours old)
2025-07-11 17:34:02,331 - __main__ - INFO - ✅ Skipping شکفح (already up-to-date, 1.9 hours old)
2025-07-11 17:34:02,332 - __main__ - INFO - ✅ Skipping بکهنوج (already up-to-date, 1.9 hours old)
2025-07-11 17:34:02,332 - __main__ - INFO - ✅ Skipping نهال (already up-to-date, 1.9 hours old)
2025-07-11 17:34:02,333 - __main__ - INFO - ✅ Skipping اعتبار (already up-to-date, 1.9 hours old)
2025-07-11 17:34:02,333 - __main__ - INFO - ✅ Skipping ومعادن (already up-to-date, 1.9 hours old)
2025-07-11 17:34:02,334 - __main__ - INFO - ✅ Skipping گکوثر (already up-to-date, 1.9 hours old)
2025-07-11 17:34:02,335 - __main__ - INFO - ✅ Skipping شاراک (already up-to-date, 1.9 hours old)
2025-07-11 17:34:02,336 - __main__ - INFO - ✅ Skipping ارمغان (already up-to-date, 1.9 hours old)
2025-07-11 17:34:02,336 - __main__ - INFO - ⏰ File for شسیناح is old (94.3 hours). Attempting to update...
2025-07-11 17:34:03,012 - __main__ - ERROR - ❌ Failed to download شسیناح: single positional indexer is out-of-bounds. Will retry on next run.
2025-07-11 17:34:03,013 - __main__ - INFO - ✅ Skipping اپال (already up-to-date, 1.9 hours old)
2025-07-11 17:34:03,014 - __main__ - INFO - ✅ Skipping کایتا (already up-to-date, 1.9 hours old)
2025-07-11 17:34:03,014 - __main__ - INFO - ✅ Skipping نمرینو (already up-to-date, 1.9 hours old)
2025-07-11 17:34:03,015 - __main__ - INFO - ✅ Skipping تپمپی (already up-to-date, 1.9 hours old)
2025-07-11 17:34:03,015 - __main__ - INFO - ✅ Skipping فلامی (already up-to-date, 1.9 hours old)
2025-07-11 17:34:03,016 - __main__ - INFO - ✅ Skipping فسربح (already up-to-date, 1.9 hours old)
2025-07-11 17:34:03,016 - __main__ - INFO - ✅ Skipping اتکاسا (already up-to-date, 1.9 hours old)
2025-07-11 17:34:03,017 - __main__ - INFO - ✅ Skipping قنقش (already up-to-date, 1.9 hours old)
2025-07-11 17:34:03,017 - __main__ - INFO - ✅ Skipping گدنا (already up-to-date, 1.9 hours old)
2025-07-11 17:34:03,018 - __main__ - INFO - ✅ Skipping پلاسکح (already up-to-date, 1.9 hours old)
2025-07-11 17:34:03,018 - __main__ - INFO - ✅ Skipping ناما (already up-to-date, 1.9 hours old)
2025-07-11 17:34:03,019 - __main__ - INFO - ✅ Skipping فجهان (already up-to-date, 1.9 hours old)
2025-07-11 17:34:03,019 - __main__ - INFO - ✅ Skipping تکنو (already up-to-date, 1.9 hours old)
2025-07-11 17:34:03,020 - __main__ - INFO - ✅ Skipping پلاستح (already up-to-date, 1.9 hours old)
2025-07-11 17:34:03,020 - __main__ - INFO - ✅ Skipping کاماح (already up-to-date, 1.9 hours old)
2025-07-11 17:34:03,021 - __main__ - INFO - ✅ Skipping فپارس (already up-to-date, 1.9 hours old)
2025-07-11 17:34:03,022 - __main__ - INFO - ✅ Skipping شپارس (already up-to-date, 1.9 hours old)
2025-07-11 17:34:03,023 - __main__ - INFO - ✅ Skipping تاپیکوح (already up-to-date, 1.9 hours old)
2025-07-11 17:34:03,023 - __main__ - INFO - ✅ Skipping سغرب (already up-to-date, 1.9 hours old)
2025-07-11 17:34:03,024 - __main__ - INFO - ✅ Skipping وبملت (already up-to-date, 1.9 hours old)
2025-07-11 17:34:03,024 - __main__ - INFO - ✅ Skipping ذوب (already up-to-date, 1.8 hours old)
2025-07-11 17:34:03,025 - __main__ - INFO - ⏰ File for سصفهاح is old (94.3 hours). Attempting to update...
2025-07-11 17:34:03,701 - __main__ - ERROR - ❌ Failed to download سصفهاح: single positional indexer is out-of-bounds. Will retry on next run.
2025-07-11 17:34:03,701 - __main__ - INFO - ✅ Skipping ثشاهدح (already up-to-date, 1.8 hours old)
2025-07-11 17:34:03,702 - __main__ - INFO - ✅ Skipping ولیزح (already up-to-date, 1.8 hours old)
2025-07-11 17:34:03,702 - __main__ - INFO - ✅ Skipping گارانتی (already up-to-date, 1.8 hours old)
2025-07-11 17:34:03,703 - __main__ - INFO - ✅ Skipping یارا (already up-to-date, 1.8 hours old)
2025-07-11 17:34:03,703 - __main__ - INFO - ✅ Skipping ساربیل (already up-to-date, 1.8 hours old)
2025-07-11 17:34:03,704 - __main__ - INFO - ⏰ File for شوشح is old (94.3 hours). Attempting to update...
2025-07-11 17:34:04,398 - __main__ - ERROR - ❌ Failed to download شوشح: single positional indexer is out-of-bounds. Will retry on next run.
2025-07-11 17:34:04,399 - __main__ - INFO - ✅ Skipping کنیلو (already up-to-date, 1.8 hours old)
2025-07-11 17:34:04,400 - __main__ - INFO - ✅ Skipping وآردل (already up-to-date, 1.8 hours old)
2025-07-11 17:34:04,400 - __main__ - INFO - ✅ Skipping وآرین (already up-to-date, 1.8 hours old)
2025-07-11 17:34:04,400 - __main__ - INFO - ✅ Skipping حتوکا (already up-to-date, 1.8 hours old)
2025-07-11 17:34:04,404 - __main__ - INFO - ✅ Skipping ونیرو (already up-to-date, 1.8 hours old)
2025-07-11 17:34:04,404 - __main__ - INFO - ✅ Skipping رابین (already up-to-date, 1.8 hours old)
2025-07-11 17:34:04,405 - __main__ - INFO - ✅ Skipping تپکوح (already up-to-date, 1.8 hours old)
2025-07-11 17:34:04,405 - __main__ - INFO - ✅ Skipping آرام (already up-to-date, 1.8 hours old)
2025-07-11 17:34:04,406 - __main__ - INFO - ✅ Skipping بشهابح (already up-to-date, 1.8 hours old)
2025-07-11 17:34:04,406 - __main__ - INFO - ✅ Skipping شپمچاح (already up-to-date, 1.8 hours old)
2025-07-11 17:34:04,407 - __main__ - INFO - ✅ Skipping فسا (already up-to-date, 1.8 hours old)
2025-07-11 17:34:04,407 - __main__ - INFO - ✅ Skipping غمهراح (already up-to-date, 1.8 hours old)
2025-07-11 17:34:04,408 - __main__ - INFO - ✅ Skipping سبهان (already up-to-date, 1.8 hours old)
2025-07-11 17:34:04,409 - __main__ - INFO - ✅ Skipping سپیدار (already up-to-date, 1.8 hours old)
2025-07-11 17:34:04,409 - __main__ - INFO - ✅ Skipping وانصار (already up-to-date, 1.8 hours old)
2025-07-11 17:34:04,410 - __main__ - INFO - ✅ Skipping قچار (already up-to-date, 1.8 hours old)
2025-07-11 17:34:04,410 - __main__ - INFO - ⏰ File for زرنام is old (94.3 hours). Attempting to update...
2025-07-11 17:34:05,057 - __main__ - ERROR - ❌ Failed to download زرنام: single positional indexer is out-of-bounds. Will retry on next run.
2025-07-11 17:34:05,058 - __main__ - INFO - ✅ Skipping رمپناح (already up-to-date, 1.8 hours old)
2025-07-11 17:34:05,058 - __main__ - INFO - ✅ Skipping تنوینح (already up-to-date, 1.8 hours old)
2025-07-11 17:34:05,059 - __main__ - INFO - ✅ Skipping دکیمیح (already up-to-date, 1.8 hours old)
2025-07-11 17:34:05,059 - __main__ - INFO - ✅ Skipping ونیروح (already up-to-date, 1.8 hours old)
2025-07-11 17:34:05,060 - __main__ - INFO - ✅ Skipping سترانح (already up-to-date, 1.8 hours old)
2025-07-11 17:34:05,060 - __main__ - INFO - ✅ Skipping فسازانح (already up-to-date, 1.8 hours old)
2025-07-11 17:34:05,061 - __main__ - INFO - ✅ Skipping دلر (already up-to-date, 1.8 hours old)
2025-07-11 17:34:05,061 - __main__ - INFO - ✅ Skipping وتوصاح (already up-to-date, 1.8 hours old)
2025-07-11 17:34:05,062 - __main__ - INFO - ✅ Skipping قپارس (already up-to-date, 1.8 hours old)
2025-07-11 17:34:05,062 - __main__ - INFO - ✅ Skipping بفجر (already up-to-date, 1.8 hours old)
2025-07-11 17:34:05,063 - __main__ - INFO - ⏰ File for شموادح is old (94.3 hours). Attempting to update...
2025-07-11 17:34:05,715 - __main__ - ERROR - ❌ Failed to download شموادح: single positional indexer is out-of-bounds. Will retry on next run.
2025-07-11 17:34:05,716 - __main__ - INFO - ✅ Skipping وسدید (already up-to-date, 1.8 hours old)
2025-07-11 17:34:05,716 - __main__ - INFO - ✅ Skipping وساخت (already up-to-date, 1.8 hours old)
2025-07-11 17:34:05,717 - __main__ - INFO - ✅ Skipping کزغال (already up-to-date, 1.8 hours old)
2025-07-11 17:34:05,717 - __main__ - INFO - ✅ Skipping تکنار (already up-to-date, 1.8 hours old)
2025-07-11 17:34:05,718 - __main__ - INFO - ⏰ File for چافستح is old (94.3 hours). Attempting to update...
2025-07-11 17:34:06,406 - __main__ - ERROR - ❌ Failed to download چافستح: single positional indexer is out-of-bounds. Will retry on next run.
2025-07-11 17:34:06,406 - __main__ - INFO - ⏰ File for وسمحال is old (94.3 hours). Attempting to update...
2025-07-11 17:34:07,106 - __main__ - ERROR - ❌ Failed to download وسمحال: single positional indexer is out-of-bounds. Will retry on next run.
2025-07-11 17:34:07,106 - __main__ - INFO - ✅ Skipping شمواد (already up-to-date, 1.8 hours old)
2025-07-11 17:34:07,107 - __main__ - INFO - ✅ Skipping فاسمین (already up-to-date, 1.8 hours old)
2025-07-11 17:34:07,107 - __main__ - INFO - ✅ Skipping پسهندح (already up-to-date, 1.8 hours old)
2025-07-11 17:34:07,108 - __main__ - INFO - ✅ Skipping هم وزن (already up-to-date, 1.8 hours old)
2025-07-11 17:34:07,108 - __main__ - INFO - ✅ Skipping آکنتورح (already up-to-date, 1.8 hours old)
2025-07-11 17:34:07,109 - __main__ - INFO - ✅ Skipping سپهر (already up-to-date, 1.8 hours old)
2025-07-11 17:34:07,109 - __main__ - INFO - ✅ Skipping خفنر (already up-to-date, 1.8 hours old)
2025-07-11 17:34:07,110 - __main__ - INFO - ✅ Skipping فجام (already up-to-date, 1.8 hours old)
2025-07-11 17:34:07,110 - __main__ - INFO - ✅ Skipping کایتاح (already up-to-date, 1.8 hours old)
2025-07-11 17:34:07,111 - __main__ - INFO - ✅ Skipping کرماشاح (already up-to-date, 1.8 hours old)
2025-07-11 17:34:07,111 - __main__ - INFO - ✅ Skipping غکورش (already up-to-date, 1.8 hours old)
2025-07-11 17:34:07,112 - __main__ - INFO - ✅ Skipping پرداخت (already up-to-date, 1.8 hours old)
2025-07-11 17:34:07,112 - __main__ - INFO - ✅ Skipping داوه (already up-to-date, 1.8 hours old)
2025-07-11 17:34:07,113 - __main__ - INFO - ✅ Skipping ساروم (already up-to-date, 1.8 hours old)
2025-07-11 17:34:07,113 - __main__ - INFO - ✅ Skipping رتکوح (already up-to-date, 1.8 hours old)
2025-07-11 17:34:07,114 - __main__ - INFO - ✅ Skipping مبین (already up-to-date, 1.8 hours old)
2025-07-11 17:34:07,115 - __main__ - INFO - ✅ Skipping ماهور (already up-to-date, 1.8 hours old)
2025-07-11 17:34:07,116 - __main__ - INFO - ✅ Skipping تاپیکو (already up-to-date, 1.8 hours old)
2025-07-11 17:34:07,116 - __main__ - INFO - ✅ Skipping فاسمینح (already up-to-date, 1.8 hours old)
2025-07-11 17:34:07,117 - __main__ - INFO - ✅ Skipping دپارس (already up-to-date, 1.8 hours old)
2025-07-11 17:34:07,117 - __main__ - INFO - ✅ Skipping ومعلم (already up-to-date, 1.8 hours old)
2025-07-11 17:34:07,118 - __main__ - INFO - ✅ Skipping شپدیسح (already up-to-date, 1.8 hours old)
2025-07-11 17:34:07,118 - __main__ - INFO - ✅ Skipping برکت (already up-to-date, 1.8 hours old)
2025-07-11 17:34:07,119 - __main__ - INFO - ✅ Skipping بنو (already up-to-date, 1.8 hours old)
2025-07-11 17:34:07,119 - __main__ - INFO - ✅ Skipping بایکاح (already up-to-date, 1.8 hours old)
2025-07-11 17:34:07,120 - __main__ - INFO - ✅ Skipping شپاکساح (already up-to-date, 1.8 hours old)
2025-07-11 17:34:07,120 - __main__ - INFO - ⏰ File for تمدن is old (94.3 hours). Attempting to update...
2025-07-11 17:34:07,793 - __main__ - ERROR - ❌ Failed to download تمدن: single positional indexer is out-of-bounds. Will retry on next run.
2025-07-11 17:34:07,794 - __main__ - INFO - ✅ Skipping غنیلی (already up-to-date, 1.8 hours old)
2025-07-11 17:34:07,794 - __main__ - INFO - ✅ Skipping سیسکو (already up-to-date, 1.8 hours old)
2025-07-11 17:34:07,795 - __main__ - INFO - ✅ Skipping دانا (already up-to-date, 1.8 hours old)
2025-07-11 17:34:07,795 - __main__ - INFO - ✅ Skipping آفاق (already up-to-date, 1.8 hours old)
2025-07-11 17:34:07,796 - __main__ - INFO - ✅ Skipping وبرق (already up-to-date, 1.8 hours old)
2025-07-11 17:34:07,796 - __main__ - INFO - ✅ Skipping تملت (already up-to-date, 1.8 hours old)
2025-07-11 17:34:07,797 - __main__ - INFO - ✅ Skipping پلوله (already up-to-date, 1.8 hours old)
2025-07-11 17:34:07,797 - __main__ - INFO - ✅ Skipping شساختح (already up-to-date, 1.8 hours old)
2025-07-11 17:34:07,798 - __main__ - INFO - ✅ Skipping بپیوند (already up-to-date, 1.8 hours old)
2025-07-11 17:34:07,798 - __main__ - INFO - ✅ Skipping خگستر (already up-to-date, 1.8 hours old)
2025-07-11 17:34:07,799 - __main__ - INFO - ✅ Skipping سپید (already up-to-date, 1.8 hours old)
2025-07-11 17:34:07,799 - __main__ - INFO - ✅ Skipping غصینو (already up-to-date, 1.8 hours old)
2025-07-11 17:34:07,800 - __main__ - INFO - ✅ Skipping کگلح (already up-to-date, 1.8 hours old)
2025-07-11 17:34:07,800 - __main__ - INFO - ✅ Skipping وآذرح (already up-to-date, 1.8 hours old)
2025-07-11 17:34:07,800 - __main__ - INFO - ✅ Skipping واعتبار (already up-to-date, 1.8 hours old)
2025-07-11 17:34:07,801 - __main__ - INFO - ✅ Skipping واحصا (already up-to-date, 1.8 hours old)
2025-07-11 17:34:07,801 - __main__ - INFO - ✅ Skipping آلا (already up-to-date, 1.8 hours old)
2025-07-11 17:34:07,802 - __main__ - INFO - ✅ Skipping سهگمت (already up-to-date, 1.8 hours old)
2025-07-11 17:34:07,803 - __main__ - INFO - ✅ Skipping والبرح (already up-to-date, 1.8 hours old)
2025-07-11 17:34:07,803 - __main__ - INFO - ✅ Skipping بگیلان (already up-to-date, 1.8 hours old)
2025-07-11 17:34:07,804 - __main__ - INFO - ✅ Skipping کسرام (already up-to-date, 1.8 hours old)
2025-07-11 17:34:07,805 - __main__ - INFO - ✅ Skipping فلات (already up-to-date, 1.8 hours old)
2025-07-11 17:34:07,805 - __main__ - INFO - ✅ Skipping پیروز (already up-to-date, 1.8 hours old)
2025-07-11 17:34:07,806 - __main__ - INFO - ✅ Skipping غنوش (already up-to-date, 1.8 hours old)
2025-07-11 17:34:07,807 - __main__ - INFO - ✅ Skipping تپسی (already up-to-date, 1.8 hours old)
2025-07-11 17:34:07,807 - __main__ - INFO - ✅ Skipping خزامیاح (already up-to-date, 1.8 hours old)
2025-07-11 17:34:07,808 - __main__ - INFO - ✅ Skipping رانفور (already up-to-date, 1.8 hours old)
2025-07-11 17:34:07,809 - __main__ - INFO - ✅ Skipping وسگیلا (already up-to-date, 1.8 hours old)
2025-07-11 17:34:07,809 - __main__ - INFO - ✅ Skipping لسرما (already up-to-date, 1.8 hours old)
2025-07-11 17:34:07,810 - __main__ - INFO - ✅ Skipping سیلامح (already up-to-date, 1.8 hours old)
2025-07-11 17:34:07,810 - __main__ - INFO - ✅ Skipping غمهرا (already up-to-date, 1.8 hours old)
2025-07-11 17:34:07,811 - __main__ - INFO - ✅ Skipping نفیس (already up-to-date, 1.8 hours old)
2025-07-11 17:34:07,812 - __main__ - INFO - ✅ Skipping فن آوا (already up-to-date, 1.8 hours old)
2025-07-11 17:34:07,812 - __main__ - INFO - ✅ Skipping مبینح (already up-to-date, 1.8 hours old)
2025-07-11 17:34:07,813 - __main__ - INFO - ✅ Skipping متال (already up-to-date, 1.8 hours old)
2025-07-11 17:34:07,813 - __main__ - INFO - ✅ Skipping ترمه (already up-to-date, 1.8 hours old)
2025-07-11 17:34:07,814 - __main__ - INFO - ✅ Skipping خکمکح (already up-to-date, 1.8 hours old)
2025-07-11 17:34:07,814 - __main__ - INFO - ✅ Skipping آسیا (already up-to-date, 1.8 hours old)
2025-07-11 17:34:07,815 - __main__ - INFO - ✅ Skipping کنیلوح (already up-to-date, 1.8 hours old)
2025-07-11 17:34:07,815 - __main__ - INFO - ✅ Skipping کصدف (already up-to-date, 1.8 hours old)
2025-07-11 17:34:07,816 - __main__ - INFO - ✅ Skipping فلامیح (already up-to-date, 1.8 hours old)
2025-07-11 17:34:07,816 - __main__ - INFO - ✅ Skipping لپویاح (already up-to-date, 1.8 hours old)
2025-07-11 17:34:07,817 - __main__ - INFO - ✅ Skipping ثامید (already up-to-date, 1.8 hours old)
2025-07-11 17:34:07,817 - __main__ - INFO - ✅ Skipping کفرآور (already up-to-date, 1.8 hours old)
2025-07-11 17:34:07,817 - __main__ - INFO - ✅ Skipping چکاوهح (already up-to-date, 1.8 hours old)
2025-07-11 17:34:07,818 - __main__ - INFO - ✅ Skipping زدشت (already up-to-date, 1.8 hours old)
2025-07-11 17:34:07,818 - __main__ - INFO - ✅ Skipping ثروتم (already up-to-date, 1.8 hours old)
2025-07-11 17:34:07,819 - __main__ - INFO - ✅ Skipping نوری (already up-to-date, 1.8 hours old)
2025-07-11 17:34:07,819 - __main__ - INFO - ✅ Skipping خمهر (already up-to-date, 1.8 hours old)
2025-07-11 17:34:07,819 - __main__ - INFO - ✅ Skipping شگویا (already up-to-date, 1.8 hours old)
2025-07-11 17:34:07,820 - __main__ - INFO - ✅ Skipping امین (already up-to-date, 1.8 hours old)
2025-07-11 17:34:07,820 - __main__ - INFO - ✅ Skipping پارسانح (already up-to-date, 1.8 hours old)
2025-07-11 17:34:07,821 - __main__ - INFO - ✅ Skipping شاوان (already up-to-date, 1.8 hours old)
2025-07-11 17:34:07,821 - __main__ - INFO - ✅ Skipping کیمیا (already up-to-date, 1.8 hours old)
2025-07-11 17:34:07,821 - __main__ - INFO - ✅ Skipping وامیدح (already up-to-date, 1.8 hours old)
2025-07-11 17:34:07,822 - __main__ - INFO - ✅ Skipping وتعاون (already up-to-date, 1.8 hours old)
2025-07-11 17:34:07,823 - __main__ - INFO - ✅ Skipping آبین (already up-to-date, 1.8 hours old)
2025-07-11 17:34:07,823 - __main__ - INFO - ✅ Skipping فروسیل (already up-to-date, 1.8 hours old)
2025-07-11 17:34:07,824 - __main__ - INFO - ✅ Skipping بمیلا (already up-to-date, 1.8 hours old)
2025-07-11 17:34:07,824 - __main__ - INFO - ✅ Skipping دکوثرح (already up-to-date, 1.8 hours old)
2025-07-11 17:34:07,826 - __main__ - INFO - ✅ Skipping سهگمتح (already up-to-date, 1.8 hours old)
2025-07-11 17:34:07,826 - __main__ - INFO - ✅ Skipping ومعادنح (already up-to-date, 1.8 hours old)
2025-07-11 17:34:07,827 - __main__ - INFO - ✅ Skipping مانی (already up-to-date, 1.8 hours old)
2025-07-11 17:34:07,827 - __main__ - INFO - ✅ Skipping خچرخش (already up-to-date, 1.8 hours old)
2025-07-11 17:34:07,827 - __main__ - INFO - ✅ Skipping شبریزح (already up-to-date, 1.8 hours old)
2025-07-11 17:34:07,828 - __main__ - INFO - ✅ Skipping شپتروح (already up-to-date, 1.8 hours old)
2025-07-11 17:34:07,828 - __main__ - INFO - ✅ Skipping کرماشا (already up-to-date, 1.8 hours old)
2025-07-11 17:34:07,828 - __main__ - INFO - ✅ Skipping فخوز (already up-to-date, 1.8 hours old)
2025-07-11 17:34:07,829 - __main__ - INFO - ✅ Skipping قشهد (already up-to-date, 1.8 hours old)
2025-07-11 17:34:07,829 - __main__ - INFO - ✅ Skipping قصفها (already up-to-date, 1.8 hours old)
2025-07-11 17:34:07,829 - __main__ - INFO - ✅ Skipping ختراک (already up-to-date, 1.8 hours old)
2025-07-11 17:34:07,830 - __main__ - INFO - ✅ Skipping خریختح (already up-to-date, 1.8 hours old)
2025-07-11 17:34:07,830 - __main__ - INFO - ✅ Skipping سپر (already up-to-date, 1.8 hours old)
2025-07-11 17:34:07,830 - __main__ - INFO - ✅ Skipping پارسان (already up-to-date, 1.8 hours old)
2025-07-11 17:34:07,831 - __main__ - INFO - ✅ Skipping تداوم (already up-to-date, 1.8 hours old)
2025-07-11 17:34:07,831 - __main__ - INFO - ⏰ File for نماد is old (94.3 hours). Attempting to update...
2025-07-11 17:34:08,499 - __main__ - ERROR - ❌ Failed to download نماد: single positional indexer is out-of-bounds. Will retry on next run.
2025-07-11 17:34:08,500 - __main__ - INFO - ✅ Skipping کماسهح (already up-to-date, 1.8 hours old)
2025-07-11 17:34:08,501 - __main__ - INFO - ✅ Skipping فاخر (already up-to-date, 1.8 hours old)
2025-07-11 17:34:08,502 - __main__ - INFO - ✅ Skipping قشکرح (already up-to-date, 1.8 hours old)
2025-07-11 17:34:08,502 - __main__ - INFO - ✅ Skipping کمرجان (already up-to-date, 1.8 hours old)
2025-07-11 17:34:08,503 - __main__ - INFO - ✅ Skipping شنفتح (already up-to-date, 1.8 hours old)
2025-07-11 17:34:08,503 - __main__ - INFO - ✅ Skipping غبهار (already up-to-date, 1.8 hours old)
2025-07-11 17:34:08,504 - __main__ - INFO - ✅ Skipping فسدیدح (already up-to-date, 1.8 hours old)
2025-07-11 17:34:08,504 - __main__ - INFO - ✅ Skipping زرین (already up-to-date, 1.8 hours old)
2025-07-11 17:34:08,504 - __main__ - INFO - ✅ Skipping سارومح (already up-to-date, 1.8 hours old)
2025-07-11 17:34:08,505 - __main__ - INFO - ✅ Skipping بورس (already up-to-date, 1.8 hours old)
2025-07-11 17:34:08,506 - __main__ - INFO - ✅ Skipping غپاکح (already up-to-date, 1.8 hours old)
2025-07-11 17:34:08,506 - __main__ - INFO - ✅ Skipping دسانکو (already up-to-date, 1.8 hours old)
2025-07-11 17:34:08,507 - __main__ - INFO - ✅ Skipping آساس (already up-to-date, 1.8 hours old)
2025-07-11 17:34:08,508 - __main__ - INFO - ✅ Skipping وگستر (already up-to-date, 1.8 hours old)
2025-07-11 17:34:08,508 - __main__ - INFO - ✅ Skipping جوین (already up-to-date, 1.8 hours old)
2025-07-11 17:34:08,509 - __main__ - INFO - ⏰ File for اکتیو is old (94.3 hours). Attempting to update...
2025-07-11 17:34:09,182 - __main__ - ERROR - ❌ Failed to download اکتیو: single positional indexer is out-of-bounds. Will retry on next run.
2025-07-11 17:34:09,183 - __main__ - INFO - ✅ Skipping انرژی2 (already up-to-date, 1.8 hours old)
2025-07-11 17:34:09,183 - __main__ - INFO - ✅ Skipping شبندر (already up-to-date, 1.8 hours old)
2025-07-11 17:34:09,183 - __main__ - INFO - ✅ Skipping حسیر (already up-to-date, 1.8 hours old)
2025-07-11 17:34:09,184 - __main__ - INFO - ✅ Skipping کاوهح (already up-to-date, 1.8 hours old)
2025-07-11 17:34:09,185 - __main__ - INFO - ✅ Skipping ساوه (already up-to-date, 1.8 hours old)
2025-07-11 17:34:09,185 - __main__ - INFO - ✅ Skipping زکشت (already up-to-date, 1.8 hours old)
2025-07-11 17:34:09,186 - __main__ - INFO - ✅ Skipping بالبر (already up-to-date, 1.8 hours old)
2025-07-11 17:34:09,186 - __main__ - INFO - ✅ Skipping شوینده (already up-to-date, 1.8 hours old)
2025-07-11 17:34:09,187 - __main__ - INFO - ⏰ File for لبهمنح is old (94.3 hours). Attempting to update...
2025-07-11 17:34:09,834 - __main__ - ERROR - ❌ Failed to download لبهمنح: single positional indexer is out-of-bounds. Will retry on next run.
2025-07-11 17:34:09,834 - __main__ - INFO - ✅ Skipping دعبیدح (already up-to-date, 1.8 hours old)
2025-07-11 17:34:09,835 - __main__ - INFO - ✅ Skipping سخند (already up-to-date, 1.8 hours old)
2025-07-11 17:34:09,835 - __main__ - INFO - ✅ Skipping دکپسول (already up-to-date, 1.8 hours old)
2025-07-11 17:34:09,837 - __main__ - INFO - ✅ Skipping دریا (already up-to-date, 1.8 hours old)
2025-07-11 17:34:09,838 - __main__ - INFO - ✅ Skipping زقیام (already up-to-date, 1.8 hours old)
2025-07-11 17:34:09,838 - __main__ - INFO - ✅ Skipping ساراب (already up-to-date, 1.8 hours old)
2025-07-11 17:34:09,839 - __main__ - INFO - ✅ Skipping قهکمت (already up-to-date, 1.8 hours old)
2025-07-11 17:34:09,840 - __main__ - INFO - ✅ Skipping همای (already up-to-date, 1.8 hours old)
2025-07-11 17:34:09,840 - __main__ - INFO - ✅ Skipping مداران (already up-to-date, 1.8 hours old)
2025-07-11 17:34:09,841 - __main__ - INFO - ✅ Skipping آریان (already up-to-date, 1.8 hours old)
2025-07-11 17:34:09,841 - __main__ - INFO - ✅ Skipping سیلام (already up-to-date, 1.8 hours old)
2025-07-11 17:34:09,842 - __main__ - INFO - ⏰ File for سینا is old (94.3 hours). Attempting to update...
2025-07-11 17:34:10,555 - __main__ - ERROR - ❌ Failed to download سینا: single positional indexer is out-of-bounds. Will retry on next run.
2025-07-11 17:34:10,556 - __main__ - INFO - ✅ Skipping وساپاح (already up-to-date, 1.8 hours old)
2025-07-11 17:34:10,556 - __main__ - INFO - ✅ Skipping اعتماد (already up-to-date, 1.8 hours old)
2025-07-11 17:34:10,557 - __main__ - INFO - ✅ Skipping سغدیر (already up-to-date, 1.8 hours old)
2025-07-11 17:34:10,557 - __main__ - INFO - ✅ Skipping لپارس (already up-to-date, 1.8 hours old)
2025-07-11 17:34:10,558 - __main__ - INFO - ✅ Skipping خاور (already up-to-date, 1.8 hours old)
2025-07-11 17:34:10,558 - __main__ - INFO - ✅ Skipping غدشتح (already up-to-date, 1.8 hours old)
2025-07-11 17:34:10,559 - __main__ - INFO - ✅ Skipping پترول (already up-to-date, 1.8 hours old)
2025-07-11 17:34:10,559 - __main__ - INFO - ✅ Skipping تاراز (already up-to-date, 1.8 hours old)
2025-07-11 17:34:10,560 - __main__ - INFO - ✅ Skipping خشرق (already up-to-date, 1.8 hours old)
2025-07-11 17:34:10,560 - __main__ - INFO - ✅ Skipping کهمداح (already up-to-date, 1.8 hours old)
2025-07-11 17:34:10,561 - __main__ - INFO - ✅ Skipping رماس (already up-to-date, 1.8 hours old)
2025-07-11 17:34:10,562 - __main__ - INFO - ✅ Skipping تکاردان (already up-to-date, 1.8 hours old)
2025-07-11 17:34:10,562 - __main__ - INFO - ✅ Skipping جواهر (already up-to-date, 1.8 hours old)
2025-07-11 17:34:10,563 - __main__ - INFO - ✅ Skipping امین یکم (already up-to-date, 1.8 hours old)
2025-07-11 17:34:10,563 - __main__ - INFO - ✅ Skipping خبهمنح (already up-to-date, 1.8 hours old)
2025-07-11 17:34:10,564 - __main__ - INFO - ✅ Skipping خراسان (already up-to-date, 1.8 hours old)
2025-07-11 17:34:10,565 - __main__ - INFO - ✅ Skipping تصمیم (already up-to-date, 1.8 hours old)
2025-07-11 17:34:10,566 - __main__ - INFO - ✅ Skipping سرو (already up-to-date, 1.8 hours old)
2025-07-11 17:34:10,566 - __main__ - INFO - ✅ Skipping فبیراح (already up-to-date, 1.8 hours old)
2025-07-11 17:34:10,567 - __main__ - INFO - ✅ Skipping مدیر (already up-to-date, 1.8 hours old)
2025-07-11 17:34:10,567 - __main__ - INFO - ✅ Skipping بتهران (already up-to-date, 1.8 hours old)
2025-07-11 17:34:10,576 - __main__ - INFO - ✅ Skipping خنصیرح (already up-to-date, 1.8 hours old)
2025-07-11 17:34:10,597 - __main__ - INFO - ✅ Skipping خموتور (already up-to-date, 1.8 hours old)
2025-07-11 17:34:10,597 - __main__ - INFO - ✅ Skipping جهش (already up-to-date, 1.8 hours old)
2025-07-11 17:34:10,598 - __main__ - INFO - ✅ Skipping حتاید (already up-to-date, 1.8 hours old)
2025-07-11 17:34:10,599 - __main__ - INFO - ✅ Skipping ونچر (already up-to-date, 1.8 hours old)
2025-07-11 17:34:10,600 - __main__ - INFO - ✅ Skipping وپترو (already up-to-date, 1.8 hours old)
2025-07-11 17:34:10,601 - __main__ - INFO - ✅ Skipping ولراز (already up-to-date, 1.8 hours old)
2025-07-11 17:34:10,602 - __main__ - INFO - ⏰ File for فردوس is old (94.3 hours). Attempting to update...
2025-07-11 17:34:11,267 - __main__ - ERROR - ❌ Failed to download فردوس: single positional indexer is out-of-bounds. Will retry on next run.
2025-07-11 17:34:11,268 - __main__ - INFO - ✅ Skipping وتوکا (already up-to-date, 1.8 hours old)
2025-07-11 17:34:11,268 - __main__ - INFO - ✅ Skipping خبازرس (already up-to-date, 1.8 hours old)
2025-07-11 17:34:11,269 - __main__ - INFO - ✅ Skipping مارون (already up-to-date, 1.8 hours old)
2025-07-11 17:34:11,269 - __main__ - INFO - ✅ Skipping تلیسه (already up-to-date, 1.8 hours old)
2025-07-11 17:34:11,270 - __main__ - INFO - ✅ Skipping کایزد (already up-to-date, 1.8 hours old)
2025-07-11 17:34:11,270 - __main__ - INFO - ✅ Skipping وکادو (already up-to-date, 1.8 hours old)
2025-07-11 17:34:11,271 - __main__ - INFO - ✅ Skipping سدشت (already up-to-date, 1.8 hours old)
2025-07-11 17:34:11,271 - __main__ - INFO - ✅ Skipping فپارسح (already up-to-date, 1.8 hours old)
2025-07-11 17:34:11,272 - __main__ - INFO - ✅ Skipping خودروح (already up-to-date, 1.8 hours old)
2025-07-11 17:34:11,272 - __main__ - INFO - ✅ Skipping خاذینح (already up-to-date, 1.8 hours old)
2025-07-11 17:34:11,273 - __main__ - INFO - ⏰ File for فنرژیح is old (94.3 hours). Attempting to update...
2025-07-11 17:34:11,915 - __main__ - ERROR - ❌ Failed to download فنرژیح: single positional indexer is out-of-bounds. Will retry on next run.
2025-07-11 17:34:11,916 - __main__ - INFO - ✅ Skipping داتام (already up-to-date, 1.8 hours old)
2025-07-11 17:34:11,916 - __main__ - INFO - ✅ Skipping حبندر (already up-to-date, 1.8 hours old)
2025-07-11 17:34:11,917 - __main__ - INFO - ✅ Skipping صباح (already up-to-date, 1.8 hours old)
2025-07-11 17:34:11,917 - __main__ - INFO - ✅ Skipping غالبرح (already up-to-date, 1.8 hours old)
2025-07-11 17:34:11,917 - __main__ - INFO - ✅ Skipping ویسا (already up-to-date, 1.8 hours old)
2025-07-11 17:34:11,918 - __main__ - INFO - ✅ Skipping شتولیح (already up-to-date, 1.8 hours old)
2025-07-11 17:34:11,918 - __main__ - INFO - ✅ Skipping خمحرکهح (already up-to-date, 1.8 hours old)
2025-07-11 17:34:11,919 - __main__ - INFO - ✅ Skipping پاکشوح (already up-to-date, 1.8 hours old)
2025-07-11 17:34:11,919 - __main__ - INFO - ✅ Skipping فاذر (already up-to-date, 1.8 hours old)
2025-07-11 17:34:11,919 - __main__ - INFO - ✅ Skipping هیوا (already up-to-date, 1.8 hours old)
2025-07-11 17:34:11,920 - __main__ - INFO - ✅ Skipping بذر (already up-to-date, 1.8 hours old)
2025-07-11 17:34:11,920 - __main__ - INFO - ⏰ File for قهکمتح is old (94.3 hours). Attempting to update...
2025-07-11 17:34:12,616 - __main__ - ERROR - ❌ Failed to download قهکمتح: single positional indexer is out-of-bounds. Will retry on next run.
2025-07-11 17:34:12,617 - __main__ - INFO - ✅ Skipping اتوآگاه (already up-to-date, 1.8 hours old)
2025-07-11 17:34:12,617 - __main__ - INFO - ✅ Skipping سفارح (already up-to-date, 1.8 hours old)
2025-07-11 17:34:12,618 - __main__ - INFO - ✅ Skipping فروس (already up-to-date, 1.8 hours old)
2025-07-11 17:34:12,619 - __main__ - INFO - ⏰ File for شلوان is old (94.3 hours). Attempting to update...
2025-07-11 17:34:13,324 - __main__ - ERROR - ❌ Failed to download شلوان: single positional indexer is out-of-bounds. Will retry on next run.
2025-07-11 17:34:13,324 - __main__ - INFO - ✅ Skipping کبافق (already up-to-date, 1.8 hours old)
2025-07-11 17:34:13,325 - __main__ - INFO - ✅ Skipping دارو (already up-to-date, 1.8 hours old)
2025-07-11 17:34:13,325 - __main__ - INFO - ✅ Skipping فاماح (already up-to-date, 1.8 hours old)
2025-07-11 17:34:13,326 - __main__ - INFO - ✅ Skipping فبیرا (already up-to-date, 1.8 hours old)
2025-07-11 17:34:13,326 - __main__ - INFO - ✅ Skipping وتجارت (already up-to-date, 1.8 hours old)
2025-07-11 17:34:13,327 - __main__ - INFO - ✅ Skipping شلرد (already up-to-date, 1.8 hours old)
2025-07-11 17:34:13,327 - __main__ - INFO - ✅ Skipping سفاسیت (already up-to-date, 1.8 hours old)
2025-07-11 17:34:13,327 - __main__ - INFO - ✅ Skipping شیرازح (already up-to-date, 1.8 hours old)
2025-07-11 17:34:13,328 - __main__ - INFO - ✅ Skipping وپویا (already up-to-date, 1.8 hours old)
2025-07-11 17:34:13,328 - __main__ - INFO - ✅ Skipping غشان (already up-to-date, 1.8 hours old)
2025-07-11 17:34:13,329 - __main__ - INFO - ✅ Skipping دهدشت (already up-to-date, 1.8 hours old)
2025-07-11 17:34:13,329 - __main__ - INFO - ✅ Skipping غچینح (already up-to-date, 1.8 hours old)
2025-07-11 17:34:13,341 - __main__ - INFO - ✅ Skipping ثرود (already up-to-date, 1.8 hours old)
2025-07-11 17:34:13,342 - __main__ - INFO - ✅ Skipping ثغرب (already up-to-date, 1.8 hours old)
2025-07-11 17:34:13,343 - __main__ - INFO - ✅ Skipping وصناح (already up-to-date, 1.8 hours old)
2025-07-11 17:34:13,344 - __main__ - INFO - ✅ Skipping رتاپ (already up-to-date, 1.8 hours old)
2025-07-11 17:34:13,344 - __main__ - INFO - ✅ Skipping وسخوز (already up-to-date, 1.8 hours old)
2025-07-11 17:34:13,345 - __main__ - INFO - ✅ Skipping کفپارس (already up-to-date, 1.8 hours old)
2025-07-11 17:34:13,345 - __main__ - INFO - ✅ Skipping مهریران (already up-to-date, 1.8 hours old)
2025-07-11 17:34:13,346 - __main__ - INFO - ✅ Skipping مفاخر (already up-to-date, 1.8 hours old)
2025-07-11 17:34:13,346 - __main__ - INFO - ✅ Skipping کارام (already up-to-date, 1.8 hours old)
2025-07-11 17:34:13,346 - __main__ - INFO - ✅ Skipping معیارح (already up-to-date, 1.8 hours old)
2025-07-11 17:34:13,346 - __main__ - INFO - ✅ Skipping دزهراوی (already up-to-date, 1.8 hours old)
2025-07-11 17:34:13,347 - __main__ - INFO - ✅ Skipping فخاسح (already up-to-date, 1.8 hours old)
2025-07-11 17:34:13,347 - __main__ - INFO - ✅ Skipping کپرور (already up-to-date, 1.8 hours old)
2025-07-11 17:34:13,348 - __main__ - INFO - ✅ Skipping وآتوس (already up-to-date, 1.8 hours old)
2025-07-11 17:34:13,348 - __main__ - INFO - ✅ Skipping سخزرح (already up-to-date, 1.8 hours old)
2025-07-11 17:34:13,348 - __main__ - INFO - ✅ Skipping دماوند (already up-to-date, 1.8 hours old)
2025-07-11 17:34:13,349 - __main__ - INFO - ✅ Skipping نبروج (already up-to-date, 1.8 hours old)
2025-07-11 17:34:13,350 - __main__ - INFO - ✅ Skipping کی بی سی (already up-to-date, 1.8 hours old)
2025-07-11 17:34:13,350 - __main__ - INFO - ✅ Skipping کاریس (already up-to-date, 1.8 hours old)
2025-07-11 17:34:13,350 - __main__ - INFO - ✅ Skipping نمرینوح (already up-to-date, 1.8 hours old)
2025-07-11 17:34:13,351 - __main__ - INFO - ✅ Skipping دتماد (already up-to-date, 1.8 hours old)
2025-07-11 17:34:13,351 - __main__ - INFO - ✅ Skipping رکیش (already up-to-date, 1.8 hours old)
2025-07-11 17:34:13,351 - __main__ - INFO - ✅ Skipping تاتمس (already up-to-date, 1.8 hours old)
2025-07-11 17:34:13,352 - __main__ - INFO - ✅ Skipping ثاصفاح (already up-to-date, 1.8 hours old)
2025-07-11 17:34:13,352 - __main__ - INFO - ✅ Skipping ماح (already up-to-date, 1.8 hours old)
2025-07-11 17:34:13,352 - __main__ - INFO - ✅ Skipping پکرمان (already up-to-date, 1.8 hours old)
2025-07-11 17:34:13,353 - __main__ - INFO - ✅ Skipping نگین (already up-to-date, 1.8 hours old)
2025-07-11 17:34:13,353 - __main__ - INFO - ✅ Skipping چبسپا (already up-to-date, 1.8 hours old)
2025-07-11 17:34:13,353 - __main__ - INFO - ✅ Skipping کلوندح (already up-to-date, 1.8 hours old)
2025-07-11 17:34:13,354 - __main__ - INFO - ✅ Skipping پی پاد (already up-to-date, 1.8 hours old)
2025-07-11 17:34:13,354 - __main__ - INFO - ⏰ File for چکارمح is old (94.3 hours). Attempting to update...
2025-07-11 17:34:14,014 - __main__ - ERROR - ❌ Failed to download چکارمح: single positional indexer is out-of-bounds. Will retry on next run.
2025-07-11 17:34:14,015 - __main__ - INFO - ✅ Skipping فنوالح (already up-to-date, 1.7 hours old)
2025-07-11 17:34:14,015 - __main__ - INFO - ✅ Skipping ولملتح (already up-to-date, 1.7 hours old)
2025-07-11 17:34:14,016 - __main__ - INFO - ✅ Skipping کباده (already up-to-date, 1.7 hours old)
2025-07-11 17:34:14,016 - __main__ - INFO - ✅ Skipping ولکار (already up-to-date, 1.7 hours old)
2025-07-11 17:34:14,017 - __main__ - INFO - ✅ Skipping بیوتیک (already up-to-date, 1.7 hours old)
2025-07-11 17:34:14,017 - __main__ - INFO - ✅ Skipping نبروجح (already up-to-date, 1.7 hours old)
2025-07-11 17:34:14,017 - __main__ - INFO - ✅ Skipping وسکهبو (already up-to-date, 1.7 hours old)
2025-07-11 17:34:14,018 - __main__ - INFO - ✅ Skipping اخابرح (already up-to-date, 1.7 hours old)
2025-07-11 17:34:14,019 - __main__ - INFO - ✅ Skipping وتوس (already up-to-date, 1.7 hours old)
2025-07-11 17:34:14,019 - __main__ - INFO - ✅ Skipping پارند (already up-to-date, 1.7 hours old)
2025-07-11 17:34:14,019 - __main__ - INFO - ✅ Skipping ثنور (already up-to-date, 1.7 hours old)
2025-07-11 17:34:14,020 - __main__ - INFO - ✅ Skipping غپآذر (already up-to-date, 1.7 hours old)
2025-07-11 17:34:14,020 - __main__ - INFO - ✅ Skipping آبادح (already up-to-date, 1.7 hours old)
2025-07-11 17:34:14,020 - __main__ - INFO - ✅ Skipping قزوینح (already up-to-date, 1.7 hours old)
2025-07-11 17:34:14,021 - __main__ - INFO - ✅ Skipping کورز (already up-to-date, 1.7 hours old)
2025-07-11 17:34:14,022 - __main__ - INFO - ✅ Skipping نیان (already up-to-date, 1.7 hours old)
2025-07-11 17:34:14,022 - __main__ - INFO - ✅ Skipping دشیمی (already up-to-date, 1.7 hours old)
2025-07-11 17:34:14,022 - __main__ - INFO - ⏰ File for تمحرکهح is old (94.3 hours). Attempting to update...
2025-07-11 17:34:14,686 - __main__ - ERROR - ❌ Failed to download تمحرکهح: single positional indexer is out-of-bounds. Will retry on next run.
2025-07-11 17:34:14,687 - __main__ - INFO - ✅ Skipping شکلرح (already up-to-date, 1.7 hours old)
2025-07-11 17:34:14,687 - __main__ - INFO - ✅ Skipping تمشک (already up-to-date, 1.7 hours old)
2025-07-11 17:34:14,688 - __main__ - INFO - ✅ Skipping غشهدح (already up-to-date, 1.7 hours old)
2025-07-11 17:34:14,688 - __main__ - INFO - ✅ Skipping شنفت (already up-to-date, 1.7 hours old)
2025-07-11 17:34:14,688 - __main__ - INFO - ✅ Skipping یاقوت (already up-to-date, 1.7 hours old)
2025-07-11 17:34:14,689 - __main__ - INFO - ✅ Skipping فردا (already up-to-date, 1.7 hours old)
2025-07-11 17:34:14,689 - __main__ - INFO - ✅ Skipping حسینا (already up-to-date, 1.7 hours old)
2025-07-11 17:34:14,689 - __main__ - INFO - ✅ Skipping پدناح (already up-to-date, 1.7 hours old)
2025-07-11 17:34:14,690 - __main__ - INFO - ✅ Skipping خاورح (already up-to-date, 1.7 hours old)
2025-07-11 17:34:14,690 - __main__ - INFO - ✅ Skipping وسبحان (already up-to-date, 1.7 hours old)
2025-07-11 17:34:14,691 - __main__ - INFO - ✅ Skipping لبوتان (already up-to-date, 1.7 hours old)
2025-07-11 17:34:14,691 - __main__ - INFO - ⏰ File for قپیراح is old (94.3 hours). Attempting to update...
2025-07-11 17:34:15,346 - __main__ - ERROR - ❌ Failed to download قپیراح: single positional indexer is out-of-bounds. Will retry on next run.
2025-07-11 17:34:15,347 - __main__ - INFO - ✅ Skipping بترانس (already up-to-date, 1.7 hours old)
2025-07-11 17:34:15,347 - __main__ - INFO - ✅ Skipping ولرازح (already up-to-date, 1.7 hours old)
2025-07-11 17:34:15,348 - __main__ - INFO - ✅ Skipping ثفارسح (already up-to-date, 1.7 hours old)
2025-07-11 17:34:15,348 - __main__ - INFO - ✅ Skipping شبریز (already up-to-date, 1.7 hours old)
2025-07-11 17:34:15,349 - __main__ - INFO - ⏰ File for لابساح is old (94.3 hours). Attempting to update...
2025-07-11 17:34:16,035 - __main__ - ERROR - ❌ Failed to download لابساح: single positional indexer is out-of-bounds. Will retry on next run.
2025-07-11 17:34:16,036 - __main__ - INFO - ✅ Skipping واحیا (already up-to-date, 1.7 hours old)
2025-07-11 17:34:16,036 - __main__ - INFO - ✅ Skipping فجوشح (already up-to-date, 1.7 hours old)
2025-07-11 17:34:16,037 - __main__ - INFO - ✅ Skipping فاهواز (already up-to-date, 1.7 hours old)
2025-07-11 17:34:16,037 - __main__ - INFO - ✅ Skipping طلا (already up-to-date, 1.7 hours old)
2025-07-11 17:34:16,038 - __main__ - INFO - ✅ Skipping افق (already up-to-date, 1.7 hours old)
2025-07-11 17:34:16,038 - __main__ - INFO - ✅ Skipping پلاست (already up-to-date, 1.7 hours old)
2025-07-11 17:34:16,039 - __main__ - INFO - ✅ Skipping وخارزم (already up-to-date, 1.7 hours old)
2025-07-11 17:34:16,039 - __main__ - INFO - ✅ Skipping سفارودح (already up-to-date, 1.7 hours old)
2025-07-11 17:34:16,040 - __main__ - INFO - ✅ Skipping کمنگنز (already up-to-date, 1.7 hours old)
2025-07-11 17:34:16,040 - __main__ - INFO - ✅ Skipping نطرین (already up-to-date, 1.7 hours old)
2025-07-11 17:34:16,041 - __main__ - INFO - ✅ Skipping سفانو (already up-to-date, 1.7 hours old)
2025-07-11 17:34:16,041 - __main__ - INFO - ✅ Skipping کترامح (already up-to-date, 1.7 hours old)
2025-07-11 17:34:16,042 - __main__ - INFO - ✅ Skipping درهآور (already up-to-date, 1.7 hours old)
2025-07-11 17:34:16,042 - __main__ - INFO - ✅ Skipping وطوبی (already up-to-date, 1.7 hours old)
2025-07-11 17:34:16,043 - __main__ - INFO - ✅ Skipping خچرخشح (already up-to-date, 1.7 hours old)
2025-07-11 17:34:16,043 - __main__ - INFO - ⏰ File for غنوشح is old (94.3 hours). Attempting to update...
2025-07-11 17:34:16,739 - __main__ - ERROR - ❌ Failed to download غنوشح: single positional indexer is out-of-bounds. Will retry on next run.
2025-07-11 17:34:16,740 - __main__ - INFO - ✅ Skipping پایا (already up-to-date, 1.7 hours old)
2025-07-11 17:34:16,740 - __main__ - INFO - ✅ Skipping تراکح (already up-to-date, 1.7 hours old)
2025-07-11 17:34:16,741 - __main__ - INFO - ✅ Skipping ثنوسا (already up-to-date, 1.7 hours old)
2025-07-11 17:34:16,741 - __main__ - INFO - ✅ Skipping پارسیان (already up-to-date, 1.7 hours old)
2025-07-11 17:34:16,742 - __main__ - INFO - ✅ Skipping کهمدا (already up-to-date, 1.7 hours old)
2025-07-11 17:34:16,742 - __main__ - INFO - ✅ Skipping کمینا (already up-to-date, 1.7 hours old)
2025-07-11 17:34:16,743 - __main__ - INFO - ✅ Skipping ثامان (already up-to-date, 1.7 hours old)
2025-07-11 17:34:16,743 - __main__ - INFO - ✅ Skipping شپدیس (already up-to-date, 1.7 hours old)
2025-07-11 17:34:16,743 - __main__ - INFO - ✅ Skipping فرآور (already up-to-date, 1.7 hours old)
2025-07-11 17:34:16,744 - __main__ - INFO - ✅ Skipping غدانه (already up-to-date, 1.7 hours old)
2025-07-11 17:34:16,744 - __main__ - INFO - ✅ Skipping آوا (already up-to-date, 1.7 hours old)
2025-07-11 17:34:16,745 - __main__ - INFO - ✅ Skipping کایگچ (already up-to-date, 1.7 hours old)
2025-07-11 17:34:16,745 - __main__ - INFO - ✅ Skipping امین شهر (already up-to-date, 1.7 hours old)
2025-07-11 17:34:16,746 - __main__ - INFO - ✅ Skipping وفتخار (already up-to-date, 1.7 hours old)
2025-07-11 17:34:16,746 - __main__ - INFO - ✅ Skipping خلیبل (already up-to-date, 1.7 hours old)
2025-07-11 17:34:16,747 - __main__ - INFO - ✅ Skipping پتروداریوش (already up-to-date, 1.7 hours old)
2025-07-11 17:34:16,747 - __main__ - INFO - ✅ Skipping ختوقا (already up-to-date, 1.7 hours old)
2025-07-11 17:34:16,748 - __main__ - INFO - ✅ Skipping ملتح (already up-to-date, 1.7 hours old)
2025-07-11 17:34:16,749 - __main__ - INFO - ✅ Skipping پویا (already up-to-date, 1.7 hours old)
2025-07-11 17:34:16,749 - __main__ - INFO - ✅ Skipping جم (already up-to-date, 1.7 hours old)
2025-07-11 17:34:16,750 - __main__ - INFO - ✅ Skipping ولیز (already up-to-date, 1.7 hours old)
2025-07-11 17:34:16,750 - __main__ - INFO - ✅ Skipping ولکارح (already up-to-date, 1.7 hours old)
2025-07-11 17:34:16,751 - __main__ - INFO - ✅ Skipping بشهاب (already up-to-date, 1.7 hours old)
2025-07-11 17:34:16,751 - __main__ - INFO - ✅ Skipping شکف (already up-to-date, 1.7 hours old)
2025-07-11 17:34:16,752 - __main__ - INFO - ✅ Skipping کابگن (already up-to-date, 1.7 hours old)
2025-07-11 17:34:16,752 - __main__ - INFO - ✅ Skipping وهامون (already up-to-date, 1.7 hours old)
2025-07-11 17:34:16,753 - __main__ - INFO - ✅ Skipping ورنا (already up-to-date, 1.7 hours old)
2025-07-11 17:34:16,753 - __main__ - INFO - ✅ Skipping فپنتا (already up-to-date, 1.7 hours old)
2025-07-11 17:34:16,754 - __main__ - INFO - ✅ Skipping کگاز (already up-to-date, 1.7 hours old)
2025-07-11 17:34:16,754 - __main__ - INFO - ✅ Skipping وغدیرح (already up-to-date, 1.7 hours old)
2025-07-11 17:34:16,754 - __main__ - INFO - ✅ Skipping فوکا (already up-to-date, 1.7 hours old)
2025-07-11 17:34:16,755 - __main__ - INFO - ✅ Skipping لازما (already up-to-date, 1.7 hours old)
2025-07-11 17:34:16,755 - __main__ - INFO - ✅ Skipping قزوین (already up-to-date, 1.7 hours old)
2025-07-11 17:34:16,756 - __main__ - INFO - ⏰ File for نشار is old (94.3 hours). Attempting to update...
2025-07-11 17:34:17,462 - __main__ - ERROR - ❌ Failed to download نشار: single positional indexer is out-of-bounds. Will retry on next run.
2025-07-11 17:34:17,462 - __main__ - INFO - ✅ Skipping گنجینه (already up-to-date, 1.7 hours old)
2025-07-11 17:34:17,462 - __main__ - INFO - ✅ Skipping دکیمی (already up-to-date, 1.7 hours old)
2025-07-11 17:34:17,463 - __main__ - INFO - ⏰ File for وسمنان is old (94.3 hours). Attempting to update...
2025-07-11 17:34:18,147 - __main__ - ERROR - ❌ Failed to download وسمنان: single positional indexer is out-of-bounds. Will retry on next run.
2025-07-11 17:34:18,147 - __main__ - INFO - ✅ Skipping پارسیانح (already up-to-date, 1.7 hours old)
2025-07-11 17:34:18,148 - __main__ - INFO - ✅ Skipping وسمازن (already up-to-date, 1.7 hours old)
2025-07-11 17:34:18,148 - __main__ - INFO - ✅ Skipping سپرمی (already up-to-date, 1.7 hours old)
2025-07-11 17:34:18,149 - __main__ - INFO - ✅ Skipping فروی (already up-to-date, 1.7 hours old)
2025-07-11 17:34:18,149 - __main__ - INFO - ✅ Skipping سخاش (already up-to-date, 1.7 hours old)
2025-07-11 17:34:18,150 - __main__ - INFO - ✅ Skipping شسم (already up-to-date, 1.7 hours old)
2025-07-11 17:34:18,150 - __main__ - INFO - ✅ Skipping بازده (already up-to-date, 1.7 hours old)
2025-07-11 17:34:18,151 - __main__ - INFO - ✅ Skipping شبهرنح (already up-to-date, 1.7 hours old)
2025-07-11 17:34:18,151 - __main__ - INFO - ✅ Skipping چدن (already up-to-date, 1.7 hours old)
2025-07-11 17:34:18,152 - __main__ - INFO - ✅ Skipping شاملا (already up-to-date, 1.7 hours old)
2025-07-11 17:34:18,152 - __main__ - INFO - ✅ Skipping پدنا (already up-to-date, 1.7 hours old)
2025-07-11 17:34:18,153 - __main__ - INFO - ⏰ File for فرومح is old (94.3 hours). Attempting to update...
2025-07-11 17:34:18,825 - __main__ - ERROR - ❌ Failed to download فرومح: single positional indexer is out-of-bounds. Will retry on next run.
2025-07-11 17:34:18,825 - __main__ - INFO - ✅ Skipping وصنعتح (already up-to-date, 1.7 hours old)
2025-07-11 17:34:18,826 - __main__ - INFO - ✅ Skipping وخارزمح (already up-to-date, 1.7 hours old)
2025-07-11 17:34:18,826 - __main__ - INFO - ✅ Skipping امیدح (already up-to-date, 1.7 hours old)
2025-07-11 17:34:18,826 - __main__ - INFO - ✅ Skipping حگهر (already up-to-date, 1.7 hours old)
2025-07-11 17:34:18,827 - __main__ - INFO - ✅ Skipping آکنتور (already up-to-date, 1.7 hours old)
2025-07-11 17:34:18,827 - __main__ - INFO - ✅ Skipping شهر (already up-to-date, 1.7 hours old)
2025-07-11 17:34:18,828 - __main__ - INFO - ✅ Skipping فارما کیان (already up-to-date, 1.7 hours old)
2025-07-11 17:34:18,828 - __main__ - INFO - ⏰ File for کورزح is old (94.3 hours). Attempting to update...
2025-07-11 17:34:19,517 - __main__ - ERROR - ❌ Failed to download کورزح: single positional indexer is out-of-bounds. Will retry on next run.
2025-07-11 17:34:19,517 - __main__ - INFO - ✅ Skipping خپارسح (already up-to-date, 1.7 hours old)
2025-07-11 17:34:19,518 - __main__ - INFO - ✅ Skipping فلوله (already up-to-date, 1.7 hours old)
2025-07-11 17:34:19,518 - __main__ - INFO - ✅ Skipping وغدیر (already up-to-date, 1.7 hours old)
2025-07-11 17:34:19,518 - __main__ - INFO - ✅ Skipping انرژی (already up-to-date, 1.7 hours old)
2025-07-11 17:34:19,519 - __main__ - INFO - ✅ Skipping گکیش (already up-to-date, 1.7 hours old)
2025-07-11 17:34:19,519 - __main__ - INFO - ✅ Skipping سیناد (already up-to-date, 1.7 hours old)
2025-07-11 17:34:19,519 - __main__ - INFO - ✅ Skipping غبهنوشح (already up-to-date, 1.7 hours old)
2025-07-11 17:34:19,520 - __main__ - INFO - ✅ Skipping کسرا (already up-to-date, 1.7 hours old)
2025-07-11 17:34:19,521 - __main__ - INFO - ✅ Skipping وساغربی (already up-to-date, 1.7 hours old)
2025-07-11 17:34:19,521 - __main__ - INFO - ✅ Skipping پرسپولیس (already up-to-date, 1.7 hours old)
2025-07-11 17:34:19,521 - __main__ - INFO - ✅ Skipping غشصفا (already up-to-date, 1.7 hours old)
2025-07-11 17:34:19,522 - __main__ - INFO - ✅ Skipping لجام (already up-to-date, 1.7 hours old)
2025-07-11 17:34:19,522 - __main__ - INFO - ✅ Skipping استقلال (already up-to-date, 1.7 hours old)
2025-07-11 17:34:19,522 - __main__ - INFO - ✅ Skipping غشهد (already up-to-date, 1.7 hours old)
2025-07-11 17:34:19,523 - __main__ - INFO - ✅ Skipping البرزح (already up-to-date, 1.7 hours old)
2025-07-11 17:34:19,523 - __main__ - INFO - ✅ Skipping لپارسح (already up-to-date, 1.7 hours old)
2025-07-11 17:34:19,524 - __main__ - INFO - ✅ Skipping آوند (already up-to-date, 1.7 hours old)
2025-07-11 17:34:19,524 - __main__ - INFO - ✅ Skipping غپونه (already up-to-date, 1.7 hours old)
2025-07-11 17:34:19,525 - __main__ - INFO - ✅ Skipping درسا (already up-to-date, 1.7 hours old)
2025-07-11 17:34:19,525 - __main__ - INFO - ✅ Skipping خاهنح (already up-to-date, 1.7 hours old)
2025-07-11 17:34:19,526 - __main__ - INFO - ✅ Skipping شدوص (already up-to-date, 1.7 hours old)
2025-07-11 17:34:19,526 - __main__ - INFO - ✅ Skipping شپاکسا (already up-to-date, 1.7 hours old)
2025-07-11 17:34:19,527 - __main__ - INFO - ✅ Skipping کبافقح (already up-to-date, 1.7 hours old)
2025-07-11 17:34:19,528 - __main__ - INFO - ✅ Skipping کاوه (already up-to-date, 1.7 hours old)
2025-07-11 17:34:19,528 - __main__ - INFO - ✅ Skipping بتک (already up-to-date, 1.7 hours old)
2025-07-11 17:34:19,529 - __main__ - INFO - ✅ Skipping فجرح (already up-to-date, 1.7 hours old)
2025-07-11 17:34:19,530 - __main__ - INFO - ✅ Skipping شستا (already up-to-date, 1.7 hours old)
2025-07-11 17:34:19,530 - __main__ - INFO - ✅ Skipping خودرو (already up-to-date, 1.7 hours old)
2025-07-11 17:34:19,530 - __main__ - INFO - ✅ Skipping سمان (already up-to-date, 1.7 hours old)
2025-07-11 17:34:19,531 - __main__ - INFO - ✅ Skipping فسوژ (already up-to-date, 1.7 hours old)
2025-07-11 17:34:19,531 - __main__ - INFO - ⏰ File for فپنتاح is old (94.3 hours). Attempting to update...
2025-07-11 17:34:20,218 - __main__ - ERROR - ❌ Failed to download فپنتاح: single positional indexer is out-of-bounds. Will retry on next run.
2025-07-11 17:34:20,218 - __main__ - INFO - ✅ Skipping برکتح (already up-to-date, 1.7 hours old)
2025-07-11 17:34:20,218 - __main__ - INFO - ✅ Skipping فباهنر (already up-to-date, 1.7 hours old)
2025-07-11 17:34:20,219 - __main__ - INFO - ✅ Skipping حریل (already up-to-date, 1.7 hours old)
2025-07-11 17:34:20,219 - __main__ - INFO - ⏰ File for کچینیح is old (94.3 hours). Attempting to update...
2025-07-11 17:34:20,915 - __main__ - ERROR - ❌ Failed to download کچینیح: single positional indexer is out-of-bounds. Will retry on next run.
2025-07-11 17:34:20,915 - __main__ - INFO - ⏰ File for شتهرانح is old (94.3 hours). Attempting to update...
2025-07-11 17:34:21,563 - __main__ - ERROR - ❌ Failed to download شتهرانح: single positional indexer is out-of-bounds. Will retry on next run.
2025-07-11 17:34:21,563 - __main__ - INFO - ✅ Skipping قپیرا (already up-to-date, 1.7 hours old)
2025-07-11 17:34:21,564 - __main__ - INFO - ✅ Skipping غپاک (already up-to-date, 1.7 hours old)
2025-07-11 17:34:21,564 - __main__ - INFO - ✅ Skipping فیروزه (already up-to-date, 1.7 hours old)
2025-07-11 17:34:21,565 - __main__ - INFO - ✅ Skipping سکارون (already up-to-date, 1.7 hours old)
2025-07-11 17:34:21,565 - __main__ - INFO - ✅ Skipping سصوفی (already up-to-date, 1.7 hours old)
2025-07-11 17:34:21,566 - __main__ - INFO - ✅ Skipping قاسم (already up-to-date, 1.7 hours old)
2025-07-11 17:34:21,567 - __main__ - INFO - ✅ Skipping وارس (already up-to-date, 1.7 hours old)
2025-07-11 17:34:21,567 - __main__ - INFO - ✅ Skipping کتوکا (already up-to-date, 1.7 hours old)
2025-07-11 17:34:21,567 - __main__ - INFO - ✅ Skipping لکما (already up-to-date, 1.7 hours old)
2025-07-11 17:34:21,568 - __main__ - INFO - ✅ Skipping بمپنا (already up-to-date, 1.7 hours old)
2025-07-11 17:34:21,568 - __main__ - INFO - ✅ Skipping وساشرقی (already up-to-date, 1.7 hours old)
2025-07-11 17:34:21,569 - __main__ - INFO - ✅ Skipping لجامح (already up-to-date, 1.7 hours old)
2025-07-11 17:34:21,569 - __main__ - INFO - ✅ Skipping سکرما (already up-to-date, 1.7 hours old)
2025-07-11 17:34:21,570 - __main__ - INFO - ✅ Skipping فیروزا (already up-to-date, 1.7 hours old)
2025-07-11 17:34:21,575 - __main__ - INFO - ✅ Skipping معیار (already up-to-date, 1.7 hours old)
2025-07-11 17:34:21,575 - __main__ - INFO - ✅ Skipping کارین (already up-to-date, 1.7 hours old)
2025-07-11 17:34:21,575 - __main__ - INFO - ✅ Skipping بنیروح (already up-to-date, 1.7 hours old)
2025-07-11 17:34:21,576 - __main__ - INFO - ✅ Skipping غسالم (already up-to-date, 1.7 hours old)
2025-07-11 17:34:21,576 - __main__ - INFO - ✅ Skipping دسبحانح (already up-to-date, 1.7 hours old)
2025-07-11 17:34:21,577 - __main__ - INFO - ✅ Skipping کقزوی (already up-to-date, 1.7 hours old)
2025-07-11 17:34:21,578 - __main__ - INFO - ✅ Skipping کابگنح (already up-to-date, 1.7 hours old)
2025-07-11 17:34:21,578 - __main__ - INFO - ✅ Skipping فجوش (already up-to-date, 1.7 hours old)
2025-07-11 17:34:21,579 - __main__ - INFO - ✅ Skipping کلر (already up-to-date, 1.7 hours old)
2025-07-11 17:34:21,579 - __main__ - INFO - ✅ Skipping کاذر (already up-to-date, 1.7 hours old)
2025-07-11 17:34:21,580 - __main__ - INFO - ⏰ File for قصفهاح is old (94.3 hours). Attempting to update...
2025-07-11 17:34:22,238 - __main__ - ERROR - ❌ Failed to download قصفهاح: single positional indexer is out-of-bounds. Will retry on next run.
2025-07-11 17:34:22,239 - __main__ - INFO - ✅ Skipping کرومیت (already up-to-date, 1.7 hours old)
2025-07-11 17:34:22,239 - __main__ - INFO - ✅ Skipping امینح (already up-to-date, 1.7 hours old)
2025-07-11 17:34:22,240 - __main__ - INFO - ✅ Skipping ثشاهد (already up-to-date, 1.7 hours old)
2025-07-11 17:34:22,240 - __main__ - INFO - ✅ Skipping تشتاد (already up-to-date, 1.7 hours old)
2025-07-11 17:34:22,241 - __main__ - INFO - ✅ Skipping دکوثر (already up-to-date, 1.7 hours old)
2025-07-11 17:34:22,241 - __main__ - INFO - ✅ Skipping انرژی1 (already up-to-date, 1.7 hours old)
2025-07-11 17:34:22,242 - __main__ - INFO - ✅ Skipping ثبهساز (already up-to-date, 1.7 hours old)
2025-07-11 17:34:22,242 - __main__ - INFO - ✅ Skipping خاهن (already up-to-date, 1.7 hours old)
2025-07-11 17:34:22,243 - __main__ - INFO - ✅ Skipping های وب (already up-to-date, 1.7 hours old)
2025-07-11 17:34:22,243 - __main__ - INFO - ✅ Skipping جاودان (already up-to-date, 1.7 hours old)
2025-07-11 17:34:22,244 - __main__ - INFO - ✅ Skipping فالومح (already up-to-date, 1.7 hours old)
2025-07-11 17:34:22,244 - __main__ - INFO - ✅ Skipping شیران (already up-to-date, 1.7 hours old)
2025-07-11 17:34:22,244 - __main__ - INFO - ✅ Skipping شپلیح (already up-to-date, 1.7 hours old)
2025-07-11 17:34:22,245 - __main__ - INFO - ✅ Skipping خفناور (already up-to-date, 1.7 hours old)
2025-07-11 17:34:22,245 - __main__ - INFO - ✅ Skipping لخانهح (already up-to-date, 1.7 hours old)
2025-07-11 17:34:22,246 - __main__ - INFO - ✅ Skipping آذرین (already up-to-date, 1.7 hours old)
2025-07-11 17:34:22,246 - __main__ - INFO - ✅ Skipping بمان (already up-to-date, 1.7 hours old)
2025-07-11 17:34:22,247 - __main__ - INFO - ✅ Skipping وبملتح (already up-to-date, 1.7 hours old)
2025-07-11 17:34:22,248 - __main__ - INFO - ✅ Skipping زشگزا (already up-to-date, 1.7 hours old)
2025-07-11 17:34:22,249 - __main__ - INFO - ✅ Skipping کخاک (already up-to-date, 1.7 hours old)
2025-07-11 17:34:22,249 - __main__ - INFO - ⏰ File for شسمح is old (94.3 hours). Attempting to update...
2025-07-11 17:34:22,917 - __main__ - ERROR - ❌ Failed to download شسمح: single positional indexer is out-of-bounds. Will retry on next run.
2025-07-11 17:34:22,930 - __main__ - INFO - ✅ Skipping ثاصفا (already up-to-date, 1.7 hours old)
2025-07-11 17:34:22,930 - __main__ - INFO - ✅ Skipping امید (already up-to-date, 1.7 hours old)
2025-07-11 17:34:22,931 - __main__ - INFO - ✅ Skipping اوصتا (already up-to-date, 1.7 hours old)
2025-07-11 17:34:22,932 - __main__ - INFO - ✅ Skipping رافزاح (already up-to-date, 1.7 hours old)
2025-07-11 17:34:22,932 - __main__ - INFO - ✅ Skipping مثقال (already up-to-date, 1.7 hours old)
2025-07-11 17:34:22,933 - __main__ - INFO - ✅ Skipping وتوکاح (already up-to-date, 1.7 hours old)
2025-07-11 17:34:22,933 - __main__ - INFO - ⏰ File for شپناح is old (94.3 hours). Attempting to update...
2025-07-11 17:34:23,611 - __main__ - ERROR - ❌ Failed to download شپناح: single positional indexer is out-of-bounds. Will retry on next run.
2025-07-11 17:34:23,611 - __main__ - INFO - ✅ Skipping حاریا (already up-to-date, 1.7 hours old)
2025-07-11 17:34:23,611 - __main__ - INFO - ✅ Skipping فسپا (already up-to-date, 1.7 hours old)
2025-07-11 17:34:23,612 - __main__ - INFO - ✅ Skipping قشیر (already up-to-date, 1.7 hours old)
2025-07-11 17:34:23,612 - __main__ - INFO - ✅ Skipping فولادح (already up-to-date, 1.7 hours old)
2025-07-11 17:34:23,613 - __main__ - INFO - ✅ Skipping کاج (already up-to-date, 1.7 hours old)
2025-07-11 17:34:23,613 - __main__ - INFO - ✅ Skipping کاریز (already up-to-date, 1.7 hours old)
2025-07-11 17:34:23,613 - __main__ - INFO - ✅ Skipping دشیری (already up-to-date, 1.7 hours old)
2025-07-11 17:34:23,613 - __main__ - INFO - ✅ Skipping کتوسعه (already up-to-date, 1.7 hours old)
2025-07-11 17:34:23,614 - __main__ - INFO - ⏰ File for وستهران is old (94.3 hours). Attempting to update...
2025-07-11 17:34:24,295 - __main__ - ERROR - ❌ Failed to download وستهران: single positional indexer is out-of-bounds. Will retry on next run.
2025-07-11 17:34:24,295 - __main__ - INFO - ✅ Skipping ثفارس (already up-to-date, 1.7 hours old)
2025-07-11 17:34:24,296 - __main__ - INFO - ✅ Skipping وسینا (already up-to-date, 1.7 hours old)
2025-07-11 17:34:24,296 - __main__ - INFO - ✅ Skipping طلوع (already up-to-date, 1.7 hours old)
2025-07-11 17:34:24,297 - __main__ - INFO - ✅ Skipping بایکا (already up-to-date, 1.7 hours old)
2025-07-11 17:34:24,297 - __main__ - INFO - ✅ Skipping قرنح (already up-to-date, 1.7 hours old)
2025-07-11 17:34:24,298 - __main__ - INFO - ✅ Skipping کگهر (already up-to-date, 1.7 hours old)
2025-07-11 17:34:24,298 - __main__ - INFO - ✅ Skipping سجام (already up-to-date, 1.7 hours old)
2025-07-11 17:34:24,298 - __main__ - INFO - ⏰ File for فمرادح is old (94.3 hours). Attempting to update...
2025-07-11 17:34:24,974 - __main__ - ERROR - ❌ Failed to download فمرادح: single positional indexer is out-of-bounds. Will retry on next run.
2025-07-11 17:34:24,975 - __main__ - INFO - ✅ Skipping وبانکح (already up-to-date, 1.7 hours old)
2025-07-11 17:34:24,975 - __main__ - INFO - ✅ Skipping لابسا (already up-to-date, 1.7 hours old)
2025-07-11 17:34:24,976 - __main__ - INFO - ✅ Skipping وبازار (already up-to-date, 1.7 hours old)
2025-07-11 17:34:24,976 - __main__ - INFO - ✅ Skipping سیستم (already up-to-date, 1.7 hours old)
2025-07-11 17:34:24,977 - __main__ - INFO - ✅ Skipping شراز (already up-to-date, 1.7 hours old)
2025-07-11 17:34:24,977 - __main__ - INFO - ✅ Skipping سدور (already up-to-date, 1.7 hours old)
2025-07-11 17:34:24,978 - __main__ - INFO - ✅ Skipping وبصادر (already up-to-date, 1.7 hours old)
2025-07-11 17:34:24,978 - __main__ - INFO - ⏰ File for کهرامح is old (94.3 hours). Attempting to update...
2025-07-11 17:34:25,642 - __main__ - ERROR - ❌ Failed to download کهرامح: single positional indexer is out-of-bounds. Will retry on next run.
2025-07-11 17:34:25,643 - __main__ - INFO - ✅ Skipping فاراکح (already up-to-date, 1.7 hours old)
2025-07-11 17:34:25,644 - __main__ - INFO - ✅ Skipping بکامح (already up-to-date, 1.7 hours old)
2025-07-11 17:34:25,644 - __main__ - INFO - ✅ Skipping قنیشاح (already up-to-date, 1.7 hours old)
2025-07-11 17:34:25,649 - __main__ - INFO - ✅ Skipping وتجارتح (already up-to-date, 1.7 hours old)
2025-07-11 17:34:25,649 - __main__ - INFO - ⏰ File for ومعین is old (94.3 hours). Attempting to update...
2025-07-11 17:34:26,294 - __main__ - ERROR - ❌ Failed to download ومعین: single positional indexer is out-of-bounds. Will retry on next run.
2025-07-11 17:34:26,295 - __main__ - INFO - ✅ Skipping خوسازح (already up-to-date, 1.7 hours old)
2025-07-11 17:34:26,296 - __main__ - INFO - ✅ Skipping وبوعلی (already up-to-date, 1.7 hours old)
2025-07-11 17:34:26,296 - __main__ - INFO - ✅ Skipping وسیستا (already up-to-date, 1.7 hours old)
2025-07-11 17:34:26,297 - __main__ - INFO - ✅ Skipping خوساز (already up-to-date, 1.7 hours old)
2025-07-11 17:34:26,308 - __main__ - INFO - ✅ Skipping فاذرح (already up-to-date, 1.7 hours old)
2025-07-11 17:34:26,309 - __main__ - INFO - ✅ Skipping خرینگ (already up-to-date, 1.7 hours old)
2025-07-11 17:34:26,309 - __main__ - INFO - ⏰ File for غنابح is old (94.3 hours). Attempting to update...
2025-07-11 17:34:27,003 - __main__ - ERROR - ❌ Failed to download غنابح: single positional indexer is out-of-bounds. Will retry on next run.
2025-07-11 17:34:27,004 - __main__ - INFO - ✅ Skipping خرینگح (already up-to-date, 1.7 hours old)
2025-07-11 17:34:27,004 - __main__ - INFO - ✅ Skipping بهین رو (already up-to-date, 1.7 hours old)
2025-07-11 17:34:27,005 - __main__ - INFO - ✅ Skipping تکشا (already up-to-date, 1.7 hours old)
2025-07-11 17:34:27,005 - __main__ - INFO - ✅ Skipping میدکوح (already up-to-date, 1.7 hours old)
2025-07-11 17:34:27,006 - __main__ - INFO - ✅ Skipping زنگان (already up-to-date, 1.7 hours old)
2025-07-11 17:34:27,006 - __main__ - INFO - ✅ Skipping دلقماح (already up-to-date, 1.7 hours old)
2025-07-11 17:34:27,007 - __main__ - INFO - ✅ Skipping ثعمرا (already up-to-date, 1.7 hours old)
2025-07-11 17:34:27,007 - __main__ - INFO - ✅ Skipping استیل (already up-to-date, 1.7 hours old)
2025-07-11 17:34:27,007 - __main__ - INFO - ✅ Skipping فماک (already up-to-date, 1.7 hours old)
2025-07-11 17:34:27,008 - __main__ - INFO - ✅ Skipping بپردیس (already up-to-date, 1.7 hours old)
2025-07-11 17:34:27,008 - __main__ - INFO - ✅ Skipping بکاب (already up-to-date, 1.7 hours old)
2025-07-11 17:34:27,009 - __main__ - INFO - ✅ Skipping خلنتح (already up-to-date, 1.7 hours old)
2025-07-11 17:34:27,023 - __main__ - INFO - ✅ Skipping دبالک (already up-to-date, 1.7 hours old)
2025-07-11 17:34:27,023 - __main__ - INFO - ✅ Skipping وملی (already up-to-date, 1.7 hours old)
2025-07-11 17:34:27,023 - __main__ - INFO - ✅ Skipping فسازان (already up-to-date, 1.6 hours old)
2025-07-11 17:34:27,023 - __main__ - INFO - ✅ Skipping دتولید (already up-to-date, 1.6 hours old)
2025-07-11 17:34:27,024 - __main__ - INFO - ✅ Skipping عیار (already up-to-date, 1.6 hours old)
2025-07-11 17:34:27,024 - __main__ - INFO - ✅ Skipping شفارا (already up-to-date, 1.6 hours old)
2025-07-11 17:34:27,025 - __main__ - INFO - ✅ Skipping پلاسک (already up-to-date, 1.6 hours old)
2025-07-11 17:34:27,025 - __main__ - INFO - ✅ Skipping گشان (already up-to-date, 1.6 hours old)
2025-07-11 17:34:27,026 - __main__ - INFO - ✅ Skipping کوثر (already up-to-date, 1.6 hours old)
2025-07-11 17:34:27,026 - __main__ - INFO - ✅ Skipping غشانح (already up-to-date, 1.6 hours old)
2025-07-11 17:34:27,026 - __main__ - INFO - ✅ Skipping ختور (already up-to-date, 1.6 hours old)
2025-07-11 17:34:27,027 - __main__ - INFO - ✅ Skipping چکارم (already up-to-date, 1.6 hours old)
2025-07-11 17:34:27,027 - __main__ - INFO - ✅ Skipping شغدیر (already up-to-date, 1.6 hours old)
2025-07-11 17:34:27,028 - __main__ - INFO - ✅ Skipping پتایرح (already up-to-date, 1.6 hours old)
2025-07-11 17:34:27,028 - __main__ - INFO - ✅ Skipping سبزوا (already up-to-date, 1.6 hours old)
2025-07-11 17:34:27,029 - __main__ - INFO - ✅ Skipping زماهان (already up-to-date, 1.6 hours old)
2025-07-11 17:34:27,029 - __main__ - INFO - ✅ Skipping چافست (already up-to-date, 1.6 hours old)
2025-07-11 17:34:27,030 - __main__ - INFO - ✅ Skipping خفولا (already up-to-date, 1.6 hours old)
2025-07-11 17:34:27,030 - __main__ - INFO - ✅ Skipping وامید (already up-to-date, 1.6 hours old)
2025-07-11 17:34:27,031 - __main__ - INFO - ✅ Skipping تکالا (already up-to-date, 1.6 hours old)
2025-07-11 17:34:27,031 - __main__ - INFO - ✅ Skipping شگل (already up-to-date, 1.6 hours old)
2025-07-11 17:34:27,032 - __main__ - INFO - ✅ Skipping دارا یکم (already up-to-date, 1.6 hours old)
2025-07-11 17:34:27,032 - __main__ - INFO - ✅ Skipping داریک (already up-to-date, 1.6 hours old)
2025-07-11 17:34:27,033 - __main__ - INFO - ✅ Skipping وسالت (already up-to-date, 1.6 hours old)
2025-07-11 17:34:27,033 - __main__ - INFO - ✅ Skipping وسهرمز (already up-to-date, 1.6 hours old)
2025-07-11 17:34:27,034 - __main__ - INFO - ✅ Skipping وپخش (already up-to-date, 1.6 hours old)
2025-07-11 17:34:27,034 - __main__ - INFO - ✅ Skipping باختر (already up-to-date, 1.6 hours old)
2025-07-11 17:34:27,034 - __main__ - INFO - ⏰ File for بتکح is old (94.3 hours). Attempting to update...
2025-07-11 17:34:27,728 - __main__ - ERROR - ❌ Failed to download بتکح: single positional indexer is out-of-bounds. Will retry on next run.
2025-07-11 17:34:27,729 - __main__ - INFO - ✅ Skipping غزر (already up-to-date, 1.6 hours old)
2025-07-11 17:34:27,730 - __main__ - INFO - ✅ Skipping لبوتانح (already up-to-date, 1.6 hours old)
2025-07-11 17:34:27,730 - __main__ - INFO - ⏰ File for دتهرانح is old (94.3 hours). Attempting to update...
2025-07-11 17:34:28,451 - __main__ - ERROR - ❌ Failed to download دتهرانح: single positional indexer is out-of-bounds. Will retry on next run.
2025-07-11 17:34:28,452 - __main__ - INFO - ✅ Skipping بهیر (already up-to-date, 1.6 hours old)
2025-07-11 17:34:28,452 - __main__ - INFO - ⏰ File for اروند is old (94.3 hours). Attempting to update...
2025-07-11 17:34:29,083 - __main__ - ERROR - ❌ Failed to download اروند: single positional indexer is out-of-bounds. Will retry on next run.
2025-07-11 17:34:29,084 - __main__ - INFO - ✅ Skipping فنفت (already up-to-date, 1.6 hours old)
2025-07-11 17:34:29,084 - __main__ - INFO - ✅ Skipping چکارنح (already up-to-date, 1.6 hours old)
2025-07-11 17:34:29,085 - __main__ - INFO - ⏰ File for وکغدیرح is old (94.3 hours). Attempting to update...
2025-07-11 17:34:29,753 - __main__ - ERROR - ❌ Failed to download وکغدیرح: single positional indexer is out-of-bounds. Will retry on next run.
2025-07-11 17:34:29,753 - __main__ - INFO - ✅ Skipping فمراد (already up-to-date, 1.6 hours old)
2025-07-11 17:34:29,754 - __main__ - INFO - ✅ Skipping درازی (already up-to-date, 1.6 hours old)
2025-07-11 17:34:29,755 - __main__ - INFO - ✅ Skipping بوعلی (already up-to-date, 1.6 hours old)
2025-07-11 17:34:29,755 - __main__ - INFO - ✅ Skipping خفنرح (already up-to-date, 1.6 hours old)
2025-07-11 17:34:29,756 - __main__ - INFO - ✅ Skipping پدرخش (already up-to-date, 1.6 hours old)
2025-07-11 17:34:29,756 - __main__ - INFO - ✅ Skipping فگستر (already up-to-date, 1.6 hours old)
2025-07-11 17:34:29,757 - __main__ - INFO - ✅ Skipping زشریف (already up-to-date, 1.6 hours old)
2025-07-11 17:34:29,757 - __main__ - INFO - ✅ Skipping غپینوح (already up-to-date, 1.6 hours old)
2025-07-11 17:34:29,758 - __main__ - INFO - ✅ Skipping همراهح (already up-to-date, 1.6 hours old)
2025-07-11 17:34:29,758 - __main__ - INFO - ✅ Skipping آبادا (already up-to-date, 1.6 hours old)
2025-07-11 17:34:29,758 - __main__ - INFO - ✅ Skipping غگلستا (already up-to-date, 1.6 hours old)
2025-07-11 17:34:29,759 - __main__ - INFO - ✅ Skipping ددامح (already up-to-date, 1.6 hours old)
2025-07-11 17:34:29,760 - __main__ - INFO - ✅ Skipping شاملاح (already up-to-date, 1.6 hours old)
2025-07-11 17:34:29,760 - __main__ - INFO - ✅ Skipping شملی (already up-to-date, 1.6 hours old)
2025-07-11 17:34:29,760 - __main__ - INFO - ✅ Skipping سام (already up-to-date, 1.6 hours old)
2025-07-11 17:34:29,761 - __main__ - INFO - ✅ Skipping وایرا (already up-to-date, 1.6 hours old)
2025-07-11 17:34:29,762 - __main__ - INFO - ✅ Skipping زرفام (already up-to-date, 1.6 hours old)
2025-07-11 17:34:29,762 - __main__ - INFO - ✅ Skipping شدوصح (already up-to-date, 1.6 hours old)
2025-07-11 17:34:29,763 - __main__ - INFO - ✅ Skipping رتکو (already up-to-date, 1.6 hours old)
2025-07-11 17:34:29,764 - __main__ - INFO - ✅ Skipping غشصفاح (already up-to-date, 1.6 hours old)
2025-07-11 17:34:29,764 - __main__ - INFO - ✅ Skipping تپولا (already up-to-date, 1.6 hours old)
2025-07-11 17:34:29,765 - __main__ - INFO - ✅ Skipping سخاشح (already up-to-date, 1.6 hours old)
2025-07-11 17:34:29,766 - __main__ - INFO - ✅ Skipping رایکا (already up-to-date, 1.6 hours old)
2025-07-11 17:34:29,767 - __main__ - INFO - ✅ Skipping بترانسح (already up-to-date, 1.6 hours old)
2025-07-11 17:34:29,767 - __main__ - INFO - ✅ Skipping میهن (already up-to-date, 1.6 hours old)
2025-07-11 17:34:29,768 - __main__ - INFO - ✅ Skipping جم پیلن (already up-to-date, 1.6 hours old)
2025-07-11 17:34:29,815 - __main__ - INFO - ✅ Skipping رنیک (already up-to-date, 1.6 hours old)
2025-07-11 17:34:29,816 - __main__ - INFO - ✅ Skipping سایرا (already up-to-date, 1.6 hours old)
2025-07-11 17:34:29,817 - __main__ - INFO - ✅ Skipping شصفهاح (already up-to-date, 1.6 hours old)
2025-07-11 17:34:29,817 - __main__ - INFO - ✅ Skipping آفرین (already up-to-date, 1.6 hours old)
2025-07-11 17:34:29,818 - __main__ - INFO - ✅ Skipping کپشیرح (already up-to-date, 1.6 hours old)
2025-07-11 17:34:29,818 - __main__ - INFO - ✅ Skipping شاراکح (already up-to-date, 1.6 hours old)
2025-07-11 17:34:29,834 - __main__ - INFO - ✅ Skipping وسپه (already up-to-date, 1.6 hours old)
2025-07-11 17:34:29,836 - __main__ - INFO - ✅ Skipping فالوم (already up-to-date, 1.6 hours old)
2025-07-11 17:34:29,837 - __main__ - INFO - ✅ Skipping خودکفا (already up-to-date, 1.6 hours old)
2025-07-11 17:34:29,838 - __main__ - INFO - ✅ Skipping شتوکا (already up-to-date, 1.6 hours old)
2025-07-11 17:34:29,838 - __main__ - INFO - ✅ Skipping شگلح (already up-to-date, 1.6 hours old)
2025-07-11 17:34:29,839 - __main__ - INFO - ✅ Skipping کروی (already up-to-date, 1.6 hours old)
2025-07-11 17:34:29,839 - __main__ - INFO - ✅ Skipping شلعاب (already up-to-date, 1.6 hours old)
2025-07-11 17:34:29,840 - __main__ - INFO - ✅ Skipping هجرت (already up-to-date, 1.6 hours old)
2025-07-11 17:34:29,840 - __main__ - INFO - ✅ Skipping صنم (already up-to-date, 1.6 hours old)
2025-07-11 17:34:29,841 - __main__ - INFO - ✅ Skipping وبشهر (already up-to-date, 1.6 hours old)
2025-07-11 17:34:29,841 - __main__ - INFO - ✅ Skipping دزهراویح (already up-to-date, 1.6 hours old)
2025-07-11 17:34:29,842 - __main__ - INFO - ✅ Skipping خنصیر (already up-to-date, 1.6 hours old)
2025-07-11 17:34:29,842 - __main__ - INFO - ✅ Skipping انتخاب (already up-to-date, 1.6 hours old)
2025-07-11 17:34:29,843 - __main__ - INFO - ✅ Skipping شستان (already up-to-date, 1.6 hours old)
2025-07-11 17:34:29,843 - __main__ - INFO - ✅ Skipping توسکا (already up-to-date, 1.6 hours old)
2025-07-11 17:34:29,843 - __main__ - INFO - ✅ Skipping خکاوه (already up-to-date, 1.6 hours old)
2025-07-11 17:34:29,844 - __main__ - INFO - ✅ Skipping تابش (already up-to-date, 1.6 hours old)
2025-07-11 17:34:29,844 - __main__ - INFO - ✅ Skipping خزر (already up-to-date, 1.6 hours old)
2025-07-11 17:34:29,845 - __main__ - INFO - ✅ Skipping ثاژنح (already up-to-date, 1.6 hours old)
2025-07-11 17:34:29,845 - __main__ - INFO - ✅ Skipping درازک (already up-to-date, 1.6 hours old)
2025-07-11 17:34:29,846 - __main__ - INFO - ⏰ File for فبستمح is old (94.3 hours). Attempting to update...
2025-07-11 17:34:30,518 - __main__ - ERROR - ❌ Failed to download فبستمح: single positional indexer is out-of-bounds. Will retry on next run.
2025-07-11 17:34:30,519 - __main__ - INFO - ✅ Skipping شکبیر (already up-to-date, 1.6 hours old)
2025-07-11 17:34:30,519 - __main__ - INFO - ⏰ File for کایگچح is old (94.3 hours). Attempting to update...
2025-07-11 17:34:31,206 - __main__ - ERROR - ❌ Failed to download کایگچح: single positional indexer is out-of-bounds. Will retry on next run.
2025-07-11 17:34:31,207 - __main__ - INFO - ✅ Skipping ولملت (already up-to-date, 1.6 hours old)
2025-07-11 17:34:31,207 - __main__ - INFO - ✅ Skipping چخزر (already up-to-date, 1.6 hours old)
2025-07-11 17:34:31,208 - __main__ - INFO - ✅ Skipping حپرتو (already up-to-date, 1.6 hours old)
2025-07-11 17:34:31,208 - __main__ - INFO - ✅ Skipping ثشرقح (already up-to-date, 1.6 hours old)
2025-07-11 17:34:31,209 - __main__ - INFO - ✅ Skipping گوهر (already up-to-date, 1.6 hours old)
2025-07-11 17:34:31,209 - __main__ - INFO - ✅ Skipping ثقزوی (already up-to-date, 1.6 hours old)
2025-07-11 17:34:31,209 - __main__ - INFO - ✅ Skipping آکام (already up-to-date, 1.6 hours old)
2025-07-11 17:34:31,210 - __main__ - INFO - ✅ Skipping تاصیکو (already up-to-date, 1.6 hours old)
2025-07-11 17:34:31,210 - __main__ - INFO - ✅ Skipping وثخوز (already up-to-date, 1.6 hours old)
2025-07-11 17:34:31,211 - __main__ - INFO - ✅ Skipping همراه (already up-to-date, 1.6 hours old)
2025-07-11 17:34:31,211 - __main__ - INFO - ✅ Skipping آریا (already up-to-date, 1.6 hours old)
2025-07-11 17:34:31,212 - __main__ - INFO - ✅ Skipping شلعابح (already up-to-date, 1.6 hours old)
2025-07-11 17:34:31,212 - __main__ - INFO - ✅ Skipping وبهمنح (already up-to-date, 1.6 hours old)
2025-07-11 17:34:31,212 - __main__ - INFO - ✅ Skipping تنوین (already up-to-date, 1.6 hours old)
2025-07-11 17:34:31,213 - __main__ - INFO - ✅ Skipping غمارگ (already up-to-date, 1.6 hours old)
2025-07-11 17:34:31,213 - __main__ - INFO - ✅ Skipping خبهمن (already up-to-date, 1.6 hours old)
2025-07-11 17:34:31,214 - __main__ - INFO - ✅ Skipping لسرماح (already up-to-date, 1.6 hours old)
2025-07-11 17:34:31,214 - __main__ - INFO - ✅ Skipping کویر (already up-to-date, 1.6 hours old)
2025-07-11 17:34:31,214 - __main__ - INFO - ✅ Skipping ثتوسا (already up-to-date, 1.6 hours old)
2025-07-11 17:34:31,215 - __main__ - INFO - ✅ Skipping تایراح (already up-to-date, 1.6 hours old)
2025-07-11 17:34:31,215 - __main__ - INFO - ✅ Skipping غدام (already up-to-date, 1.6 hours old)
2025-07-11 17:34:31,215 - __main__ - INFO - ✅ Skipping فلزفارابی (already up-to-date, 1.6 hours old)
2025-07-11 17:34:31,216 - __main__ - INFO - ✅ Skipping فافق (already up-to-date, 1.6 hours old)
2025-07-11 17:34:31,216 - __main__ - INFO - ✅ Skipping فاراک (already up-to-date, 1.6 hours old)
2025-07-11 17:34:31,216 - __main__ - INFO - ✅ Skipping غمارگح (already up-to-date, 1.6 hours old)
2025-07-11 17:34:31,217 - __main__ - INFO - ✅ Skipping شفارس (already up-to-date, 1.6 hours old)
2025-07-11 17:34:31,217 - __main__ - INFO - ✅ Skipping سفاسیتح (already up-to-date, 1.6 hours old)
2025-07-11 17:34:31,218 - __main__ - INFO - ✅ Skipping شفنح (already up-to-date, 1.6 hours old)
2025-07-11 17:34:31,218 - __main__ - INFO - ✅ Skipping وسکرشا (already up-to-date, 1.6 hours old)
2025-07-11 17:34:31,219 - __main__ - INFO - ✅ Skipping پردیس (already up-to-date, 1.6 hours old)
2025-07-11 17:34:31,219 - __main__ - INFO - ✅ Skipping ثاژن (already up-to-date, 1.6 hours old)
2025-07-11 17:34:31,219 - __main__ - INFO - ✅ Skipping کفراح (already up-to-date, 1.6 hours old)
2025-07-11 17:34:31,220 - __main__ - INFO - ✅ Skipping دسبحا (already up-to-date, 1.6 hours old)
2025-07-11 17:34:31,220 - __main__ - INFO - ✅ Skipping کهربا (already up-to-date, 1.6 hours old)
2025-07-11 17:34:31,220 - __main__ - INFO - ✅ Skipping ددام (already up-to-date, 1.6 hours old)
2025-07-11 17:34:31,221 - __main__ - INFO - ✅ Skipping ثنا (already up-to-date, 1.6 hours old)
2025-07-11 17:34:31,222 - __main__ - INFO - ✅ Skipping تراک (already up-to-date, 1.6 hours old)
2025-07-11 17:34:31,222 - __main__ - INFO - ✅ Skipping سمتاز (already up-to-date, 1.6 hours old)
2025-07-11 17:34:31,222 - __main__ - INFO - ✅ Skipping تماوند (already up-to-date, 1.6 hours old)
2025-07-11 17:34:31,223 - __main__ - INFO - ✅ Skipping تکمباح (already up-to-date, 1.6 hours old)
2025-07-11 17:34:31,223 - __main__ - INFO - ✅ Skipping فزرین (already up-to-date, 1.6 hours old)
2025-07-11 17:34:31,223 - __main__ - INFO - ✅ Skipping دسبحان (already up-to-date, 1.6 hours old)
2025-07-11 17:34:31,224 - __main__ - INFO - ✅ Skipping شسینا (already up-to-date, 1.6 hours old)
2025-07-11 17:34:31,224 - __main__ - INFO - ✅ Skipping ونوین (already up-to-date, 1.6 hours old)
2025-07-11 17:34:31,225 - __main__ - INFO - ✅ Skipping کارا (already up-to-date, 1.6 hours old)
2025-07-11 17:34:31,225 - __main__ - INFO - ✅ Skipping فرابورس (already up-to-date, 1.6 hours old)
2025-07-11 17:34:31,225 - __main__ - INFO - ✅ Skipping رکیشح (already up-to-date, 1.6 hours old)
2025-07-11 17:34:31,226 - __main__ - INFO - ✅ Skipping خساپا (already up-to-date, 1.6 hours old)
2025-07-11 17:34:31,226 - __main__ - INFO - ✅ Skipping گلدیرا (already up-to-date, 1.6 hours old)
2025-07-11 17:34:31,226 - __main__ - INFO - ✅ Skipping تجلی (already up-to-date, 1.6 hours old)
2025-07-11 17:34:31,227 - __main__ - INFO - ✅ Skipping خکارح (already up-to-date, 1.6 hours old)
2025-07-11 17:34:31,227 - __main__ - INFO - ✅ Skipping پرداختح (already up-to-date, 1.6 hours old)
2025-07-11 17:34:31,227 - __main__ - INFO - ✅ Skipping وسپهح (already up-to-date, 1.6 hours old)
2025-07-11 17:34:31,228 - __main__ - INFO - ✅ Skipping زمگسا (already up-to-date, 1.6 hours old)
2025-07-11 17:34:31,228 - __main__ - INFO - ✅ Skipping وتوسکا (already up-to-date, 1.6 hours old)
2025-07-11 17:34:31,228 - __main__ - INFO - ✅ Skipping فجر (already up-to-date, 1.6 hours old)
2025-07-11 17:34:31,229 - __main__ - INFO - ✅ Skipping قنیشا (already up-to-date, 1.6 hours old)
2025-07-11 17:34:31,229 - __main__ - INFO - ✅ Skipping شکام (already up-to-date, 1.6 hours old)
2025-07-11 17:34:31,229 - __main__ - INFO - ✅ Skipping شپترو (already up-to-date, 1.6 hours old)
2025-07-11 17:34:31,229 - __main__ - INFO - ✅ Skipping سهرمز (already up-to-date, 1.6 hours old)
2025-07-11 17:34:31,230 - __main__ - INFO - ✅ Skipping غفارس (already up-to-date, 1.6 hours old)
2025-07-11 17:34:31,230 - __main__ - INFO - ✅ Skipping کنورح (already up-to-date, 1.6 hours old)
2025-07-11 17:34:31,230 - __main__ - INFO - ✅ Skipping سپاها (already up-to-date, 1.6 hours old)
2025-07-11 17:34:31,231 - __main__ - INFO - ✅ Skipping فغدیر (already up-to-date, 1.6 hours old)
2025-07-11 17:34:31,231 - __main__ - INFO - ✅ Skipping وکارح (already up-to-date, 1.6 hours old)
2025-07-11 17:34:31,231 - __main__ - INFO - ✅ Skipping ارزش (already up-to-date, 1.6 hours old)
2025-07-11 17:34:31,232 - __main__ - INFO - ✅ Skipping وسهمدا (already up-to-date, 1.6 hours old)
2025-07-11 17:34:31,232 - __main__ - INFO - ✅ Skipping شبهرن (already up-to-date, 1.6 hours old)
2025-07-11 17:34:31,232 - __main__ - INFO - ✅ Skipping سباقر (already up-to-date, 1.6 hours old)
2025-07-11 17:34:31,233 - __main__ - INFO - ✅ Skipping سنیرح (already up-to-date, 1.6 hours old)
2025-07-11 17:34:31,234 - __main__ - INFO - ✅ Skipping افرا (already up-to-date, 1.6 hours old)
2025-07-11 17:34:31,234 - __main__ - INFO - ✅ Skipping غمایه (already up-to-date, 1.6 hours old)
2025-07-11 17:34:31,235 - __main__ - INFO - ✅ Skipping چکاوه (already up-to-date, 1.6 hours old)
2025-07-11 17:34:31,235 - __main__ - INFO - ✅ Skipping نیرو (already up-to-date, 1.6 hours old)
2025-07-11 17:34:31,235 - __main__ - INFO - ✅ Skipping وسصفا (already up-to-date, 1.6 hours old)
2025-07-11 17:34:31,236 - __main__ - INFO - ✅ Skipping آلتون (already up-to-date, 1.6 hours old)
2025-07-11 17:34:31,236 - __main__ - INFO - ✅ Skipping ناب (already up-to-date, 1.6 hours old)
2025-07-11 17:34:31,236 - __main__ - INFO - ✅ Skipping شصفها (already up-to-date, 1.6 hours old)
2025-07-11 17:34:31,236 - __main__ - INFO - ✅ Skipping توریل (already up-to-date, 1.6 hours old)
2025-07-11 17:34:31,237 - __main__ - INFO - ✅ Skipping ورناح (already up-to-date, 1.6 hours old)
2025-07-11 17:34:31,237 - __main__ - INFO - ✅ Skipping موج (already up-to-date, 1.6 hours old)
2025-07-11 17:34:31,237 - __main__ - INFO - ✅ Skipping الماس (already up-to-date, 1.6 hours old)
2025-07-11 17:34:31,238 - __main__ - INFO - ✅ Skipping وسقم (already up-to-date, 1.6 hours old)
2025-07-11 17:34:31,238 - __main__ - INFO - ✅ Skipping سکردح (already up-to-date, 1.6 hours old)
2025-07-11 17:34:31,238 - __main__ - INFO - ✅ Skipping دجابرح (already up-to-date, 1.6 hours old)
2025-07-11 17:34:31,239 - __main__ - INFO - ✅ Skipping اخابر (already up-to-date, 1.6 hours old)
2025-07-11 17:34:31,239 - __main__ - INFO - ✅ Skipping غگلح (already up-to-date, 1.6 hours old)
2025-07-11 17:34:31,239 - __main__ - INFO - ✅ Skipping سآبیک (already up-to-date, 1.6 hours old)
2025-07-11 17:34:31,239 - __main__ - INFO - ✅ Skipping تمحرکه (already up-to-date, 1.6 hours old)
2025-07-11 17:34:31,240 - __main__ - INFO - ✅ Skipping سصوفیح (already up-to-date, 1.6 hours old)
2025-07-11 17:34:31,240 - __main__ - INFO - ✅ Skipping خساپاح (already up-to-date, 1.6 hours old)
2025-07-11 17:34:31,240 - __main__ - INFO - ✅ Skipping غگلپا (already up-to-date, 1.6 hours old)
2025-07-11 17:34:31,240 - __main__ - INFO - ✅ Skipping دفراح (already up-to-date, 1.6 hours old)
2025-07-11 17:34:31,241 - __main__ - INFO - ✅ Skipping ساربیلح (already up-to-date, 1.6 hours old)
2025-07-11 17:34:31,241 - __main__ - INFO - ⏰ File for لکماح is old (94.3 hours). Attempting to update...
2025-07-11 17:34:31,954 - __main__ - ERROR - ❌ Failed to download لکماح: single positional indexer is out-of-bounds. Will retry on next run.
2025-07-11 17:34:31,954 - __main__ - INFO - ✅ Skipping ورازی (already up-to-date, 1.6 hours old)
2025-07-11 17:34:31,955 - __main__ - INFO - ✅ Skipping کطبس (already up-to-date, 1.5 hours old)
2025-07-11 17:34:31,955 - __main__ - INFO - ⏰ File for قستونح is old (94.3 hours). Attempting to update...
2025-07-11 17:34:32,627 - __main__ - ERROR - ❌ Failed to download قستونح: single positional indexer is out-of-bounds. Will retry on next run.
2025-07-11 17:34:32,628 - __main__ - INFO - ✅ Skipping قثابت (already up-to-date, 1.5 hours old)
2025-07-11 17:34:32,628 - __main__ - INFO - ✅ Skipping دروزح (already up-to-date, 1.5 hours old)
2025-07-11 17:34:32,629 - __main__ - INFO - ✅ Skipping ثشرق (already up-to-date, 1.5 hours old)
2025-07-11 17:34:32,629 - __main__ - INFO - ✅ Skipping سخوزح (already up-to-date, 1.5 hours old)
2025-07-11 17:34:32,630 - __main__ - INFO - ✅ Skipping ثامانح (already up-to-date, 1.5 hours old)
2025-07-11 17:34:32,631 - __main__ - INFO - ✅ Skipping رتاپح (already up-to-date, 1.5 hours old)
2025-07-11 17:34:32,631 - __main__ - INFO - ✅ Skipping غشوکو (already up-to-date, 1.5 hours old)
2025-07-11 17:34:32,632 - __main__ - INFO - ✅ Skipping دتهران (already up-to-date, 1.5 hours old)
2025-07-11 17:34:32,632 - __main__ - INFO - ✅ Skipping فجهانح (already up-to-date, 1.5 hours old)
2025-07-11 17:34:32,633 - __main__ - INFO - ✅ Skipping سرودح (already up-to-date, 1.5 hours old)
2025-07-11 17:34:32,633 - __main__ - INFO - ✅ Skipping سشمالح (already up-to-date, 1.5 hours old)
2025-07-11 17:34:32,634 - __main__ - INFO - ⏰ File for قمروح is old (94.3 hours). Attempting to update...
2025-07-11 17:34:33,314 - __main__ - ERROR - ❌ Failed to download قمروح: single positional indexer is out-of-bounds. Will retry on next run.
2025-07-11 17:34:33,315 - __main__ - INFO - ✅ Skipping سحرخیز (already up-to-date, 1.5 hours old)
2025-07-11 17:34:33,315 - __main__ - INFO - ✅ Skipping ونیکیح (already up-to-date, 1.5 hours old)
2025-07-11 17:34:33,316 - __main__ - INFO - ✅ Skipping وسفارس (already up-to-date, 1.5 hours old)
2025-07-11 17:34:33,316 - __main__ - INFO - ✅ Skipping سبهانح (already up-to-date, 1.5 hours old)
2025-07-11 17:34:33,317 - __main__ - INFO - ✅ Skipping کاما (already up-to-date, 1.5 hours old)
2025-07-11 17:34:33,317 - __main__ - INFO - ⏰ File for شرنگیح is old (94.3 hours). Attempting to update...
2025-07-11 17:34:33,975 - __main__ - ERROR - ❌ Failed to download شرنگیح: single positional indexer is out-of-bounds. Will retry on next run.
2025-07-11 17:34:33,976 - __main__ - INFO - ✅ Skipping وسخراش (already up-to-date, 1.5 hours old)
2025-07-11 17:34:33,977 - __main__ - INFO - ✅ Skipping اتکام (already up-to-date, 1.5 hours old)
2025-07-11 17:34:33,977 - __main__ - INFO - ✅ Skipping فمتال (already up-to-date, 1.5 hours old)
2025-07-11 17:34:33,978 - __main__ - INFO - ✅ Skipping سخواف (already up-to-date, 1.5 hours old)
2025-07-11 17:34:33,978 - __main__ - INFO - ✅ Skipping فنر (already up-to-date, 1.5 hours old)
2025-07-11 17:34:33,978 - __main__ - INFO - ✅ Skipping سفار (already up-to-date, 1.5 hours old)
2025-07-11 17:34:33,979 - __main__ - INFO - ✅ Skipping لپیام (already up-to-date, 1.5 hours old)
2025-07-11 17:34:33,979 - __main__ - INFO - ✅ Skipping فارس (already up-to-date, 1.5 hours old)
2025-07-11 17:34:33,980 - __main__ - INFO - ✅ Skipping پاساح (already up-to-date, 1.5 hours old)
2025-07-11 17:34:33,980 - __main__ - INFO - ✅ Skipping دلرح (already up-to-date, 1.5 hours old)
2025-07-11 17:34:33,981 - __main__ - INFO - ✅ Skipping دامون (already up-to-date, 1.5 hours old)
2025-07-11 17:34:33,981 - __main__ - INFO - ✅ Skipping رویین (already up-to-date, 1.5 hours old)
2025-07-11 17:34:33,982 - __main__ - INFO - ✅ Skipping بمولد (already up-to-date, 1.5 hours old)
2025-07-11 17:34:33,982 - __main__ - INFO - ✅ Skipping دعبید (already up-to-date, 1.5 hours old)
2025-07-11 17:34:33,983 - __main__ - INFO - ✅ Skipping فخوزح (already up-to-date, 1.5 hours old)
2025-07-11 17:34:33,983 - __main__ - INFO - ✅ Skipping خمحرکه (already up-to-date, 1.5 hours old)
2025-07-11 17:34:33,984 - __main__ - INFO - ✅ Skipping ونفت (already up-to-date, 1.5 hours old)
2025-07-11 17:34:33,984 - __main__ - INFO - ✅ Skipping وسرضوی (already up-to-date, 1.5 hours old)
2025-07-11 17:34:33,984 - __main__ - INFO - ✅ Skipping پیزد (already up-to-date, 1.5 hours old)
2025-07-11 17:34:33,985 - __main__ - INFO - ✅ Skipping بفجرح (already up-to-date, 1.5 hours old)
2025-07-11 17:34:33,985 - __main__ - INFO - ✅ Skipping فخاس (already up-to-date, 1.5 hours old)
2025-07-11 17:34:33,986 - __main__ - INFO - ✅ Skipping غبهنوش (already up-to-date, 1.5 hours old)
2025-07-11 17:34:33,986 - __main__ - INFO - ✅ Skipping وپاسار (already up-to-date, 1.5 hours old)
2025-07-11 17:34:33,986 - __main__ - INFO - ✅ Skipping سارابح (already up-to-date, 1.5 hours old)
2025-07-11 17:34:33,987 - __main__ - INFO - ✅ Skipping غپینو (already up-to-date, 1.5 hours old)
2025-07-11 17:34:33,987 - __main__ - INFO - ✅ Skipping پارتاح (already up-to-date, 1.5 hours old)
2025-07-11 17:34:33,988 - __main__ - INFO - ✅ Skipping ومهان (already up-to-date, 1.5 hours old)
2025-07-11 17:34:33,988 - __main__ - INFO - ⏰ File for فبیستون is old (94.3 hours). Attempting to update...
2025-07-11 17:34:34,623 - __main__ - ERROR - ❌ Failed to download فبیستون: single positional indexer is out-of-bounds. Will retry on next run.
2025-07-11 17:34:34,624 - __main__ - INFO - ✅ Skipping ساینا (already up-to-date, 1.5 hours old)
2025-07-11 17:34:34,624 - __main__ - INFO - ✅ Skipping فسرب (already up-to-date, 1.5 hours old)
2025-07-11 17:34:34,625 - __main__ - INFO - ✅ Skipping اردستان (already up-to-date, 1.5 hours old)
2025-07-11 17:34:34,625 - __main__ - INFO - ✅ Skipping غساساح (already up-to-date, 1.5 hours old)
2025-07-11 17:34:34,626 - __main__ - INFO - ✅ Skipping کساوه (already up-to-date, 1.5 hours old)
2025-07-11 17:34:34,626 - __main__ - INFO - ✅ Skipping سیمرغ (already up-to-date, 1.5 hours old)
2025-07-11 17:34:34,627 - __main__ - INFO - ✅ Skipping کرازیح (already up-to-date, 1.5 hours old)
2025-07-11 17:34:34,627 - __main__ - INFO - ⏰ File for نتوسح is old (94.3 hours). Attempting to update...
2025-07-11 17:34:35,312 - __main__ - ERROR - ❌ Failed to download نتوسح: single positional indexer is out-of-bounds. Will retry on next run.
2025-07-11 17:34:35,313 - __main__ - INFO - ✅ Skipping بسویچ (already up-to-date, 1.5 hours old)
2025-07-11 17:34:35,313 - __main__ - INFO - ✅ Skipping خشرقح (already up-to-date, 1.5 hours old)
2025-07-11 17:34:35,314 - __main__ - INFO - ✅ Skipping تیپیکو (already up-to-date, 1.5 hours old)
2025-07-11 17:34:35,314 - __main__ - INFO - ✅ Skipping اطلس (already up-to-date, 1.5 hours old)
2025-07-11 17:34:35,314 - __main__ - INFO - ✅ Skipping ولساپاح (already up-to-date, 1.5 hours old)
2025-07-11 17:34:35,315 - __main__ - INFO - ✅ Skipping ریشمک (already up-to-date, 1.5 hours old)
2025-07-11 17:34:35,315 - __main__ - INFO - ⏰ File for اجداد is old (94.3 hours). Attempting to update...
2025-07-11 17:34:36,108 - __main__ - ERROR - ❌ Failed to download اجداد: single positional indexer is out-of-bounds. Will retry on next run.
2025-07-11 17:34:36,121 - __main__ - INFO - ✅ Skipping اپرداز (already up-to-date, 1.5 hours old)
2025-07-11 17:34:36,121 - __main__ - INFO - ⏰ File for سکارونح is old (94.3 hours). Attempting to update...
2025-07-11 17:34:36,882 - __main__ - ERROR - ❌ Failed to download سکارونح: single positional indexer is out-of-bounds. Will retry on next run.
2025-07-11 17:34:36,883 - __main__ - INFO - ✅ Skipping خبنیان (already up-to-date, 1.5 hours old)
2025-07-11 17:34:36,883 - __main__ - INFO - ✅ Skipping فسبزوار (already up-to-date, 1.5 hours old)
2025-07-11 17:34:36,884 - __main__ - INFO - ✅ Skipping فلولهح (already up-to-date, 1.5 hours old)
2025-07-11 17:34:36,884 - __main__ - INFO - ✅ Skipping خریخت (already up-to-date, 1.5 hours old)
2025-07-11 17:34:36,884 - __main__ - INFO - ✅ Skipping خورشید (already up-to-date, 1.5 hours old)
2025-07-11 17:34:36,885 - __main__ - INFO - ✅ Skipping شکربنح (already up-to-date, 1.5 hours old)
2025-07-11 17:34:36,885 - __main__ - INFO - ⏰ File for حفجر is old (94.3 hours). Attempting to update...
2025-07-11 17:34:37,567 - __main__ - ERROR - ❌ Failed to download حفجر: single positional indexer is out-of-bounds. Will retry on next run.
2025-07-11 17:34:37,568 - __main__ - INFO - ✅ Skipping کطبسح (already up-to-date, 1.5 hours old)
2025-07-11 17:34:37,569 - __main__ - INFO - ✅ Skipping اکالا (already up-to-date, 1.5 hours old)
2025-07-11 17:34:37,569 - __main__ - INFO - ✅ Skipping اعتلا (already up-to-date, 1.5 hours old)
2025-07-11 17:34:37,570 - __main__ - INFO - ✅ Skipping ثپردیس (already up-to-date, 1.5 hours old)
2025-07-11 17:34:37,570 - __main__ - INFO - ✅ Skipping پکویر (already up-to-date, 1.5 hours old)
2025-07-11 17:34:37,571 - __main__ - INFO - ✅ Skipping کدما (already up-to-date, 1.5 hours old)
2025-07-11 17:34:37,571 - __main__ - INFO - ✅ Skipping فجامح (already up-to-date, 1.5 hours old)
2025-07-11 17:34:37,572 - __main__ - INFO - ✅ Skipping وپتروح (already up-to-date, 1.5 hours old)
2025-07-11 17:34:37,572 - __main__ - INFO - ✅ Skipping حشکوه (already up-to-date, 1.5 hours old)
2025-07-11 17:34:37,573 - __main__ - INFO - ✅ Skipping واعتبارح (already up-to-date, 1.5 hours old)
2025-07-11 17:34:37,573 - __main__ - INFO - ✅ Skipping سشمال (already up-to-date, 1.5 hours old)
2025-07-11 17:34:37,573 - __main__ - INFO - ✅ Skipping بسویچح (already up-to-date, 1.5 hours old)
2025-07-11 17:34:37,574 - __main__ - INFO - ✅ Skipping وبهمن (already up-to-date, 1.5 hours old)
2025-07-11 17:34:37,574 - __main__ - INFO - ✅ Skipping فافزا (already up-to-date, 1.5 hours old)
2025-07-11 17:34:37,575 - __main__ - INFO - ✅ Skipping دفاراح (already up-to-date, 1.5 hours old)
2025-07-11 17:34:37,575 - __main__ - INFO - ✅ Skipping ونفتح (already up-to-date, 1.5 hours old)
2025-07-11 17:34:37,576 - __main__ - INFO - ✅ Skipping وسکابح (already up-to-date, 1.5 hours old)
2025-07-11 17:34:37,576 - __main__ - INFO - ✅ Skipping شرانل (already up-to-date, 1.5 hours old)
2025-07-11 17:34:37,576 - __main__ - INFO - ✅ Skipping شساخت (already up-to-date, 1.5 hours old)
2025-07-11 17:34:37,577 - __main__ - INFO - ✅ Skipping کاردان (already up-to-date, 1.5 hours old)
2025-07-11 17:34:37,577 - __main__ - INFO - ✅ Skipping حکشتیح (already up-to-date, 1.5 hours old)
2025-07-11 17:34:37,578 - __main__ - INFO - ✅ Skipping قشیرح (already up-to-date, 1.5 hours old)
2025-07-11 17:34:37,579 - __main__ - INFO - ✅ Skipping شتاب (already up-to-date, 1.5 hours old)
2025-07-11 17:34:37,579 - __main__ - INFO - ✅ Skipping ونوینح (already up-to-date, 1.5 hours old)
2025-07-11 17:34:37,580 - __main__ - INFO - ✅ Skipping غبهپاک (already up-to-date, 1.5 hours old)
2025-07-11 17:34:37,580 - __main__ - INFO - ✅ Skipping چکاپا (already up-to-date, 1.5 hours old)
2025-07-11 17:34:37,580 - __main__ - INFO - ✅ Skipping وساربیل (already up-to-date, 1.5 hours old)
2025-07-11 17:34:37,581 - __main__ - INFO - ✅ Skipping کدماح (already up-to-date, 1.5 hours old)
2025-07-11 17:34:37,593 - __main__ - INFO - ✅ Skipping خپارس (already up-to-date, 1.5 hours old)
2025-07-11 17:34:37,594 - __main__ - INFO - ✅ Skipping شفن (already up-to-date, 1.5 hours old)
2025-07-11 17:34:37,594 - __main__ - INFO - ✅ Skipping نشان (already up-to-date, 1.5 hours old)
2025-07-11 17:34:37,595 - __main__ - INFO - ✅ Skipping سدبیر (already up-to-date, 1.5 hours old)
2025-07-11 17:34:37,595 - __main__ - INFO - ✅ Skipping غگرجیح (already up-to-date, 1.5 hours old)
2025-07-11 17:34:37,595 - __main__ - INFO - ✅ Skipping وسکرمان (already up-to-date, 1.5 hours old)
2025-07-11 17:34:37,596 - __main__ - INFO - ✅ Skipping تملتح (already up-to-date, 1.5 hours old)
2025-07-11 17:34:37,597 - __main__ - INFO - ✅ Skipping گنگین (already up-to-date, 1.5 hours old)
2025-07-11 17:34:37,597 - __main__ - INFO - ✅ Skipping ارفع (already up-to-date, 1.5 hours old)
2025-07-11 17:34:37,597 - __main__ - INFO - ✅ Skipping سپح (already up-to-date, 1.5 hours old)
2025-07-11 17:34:37,598 - __main__ - INFO - ✅ Skipping زمگساح (already up-to-date, 1.5 hours old)
2025-07-11 17:34:37,598 - __main__ - INFO - ✅ Skipping سغربح (already up-to-date, 1.5 hours old)
2025-07-11 17:34:37,599 - __main__ - INFO - ✅ Skipping گنج (already up-to-date, 1.5 hours old)
2025-07-11 17:34:37,599 - __main__ - INFO - ⏰ File for لخزرح is old (94.3 hours). Attempting to update...
2025-07-11 17:34:38,258 - __main__ - ERROR - ❌ Failed to download لخزرح: single positional indexer is out-of-bounds. Will retry on next run.
2025-07-11 17:34:38,258 - __main__ - INFO - ✅ Skipping بپاس (already up-to-date, 1.5 hours old)
2025-07-11 17:34:38,259 - __main__ - INFO - ✅ Skipping شتهران (already up-to-date, 1.5 hours old)
2025-07-11 17:34:38,259 - __main__ - INFO - ✅ Skipping دارا (already up-to-date, 1.5 hours old)
2025-07-11 17:34:38,260 - __main__ - INFO - ✅ Skipping سمازنح (already up-to-date, 1.5 hours old)
2025-07-11 17:34:38,260 - __main__ - INFO - ✅ Skipping خپویش (already up-to-date, 1.5 hours old)
2025-07-11 17:34:38,260 - __main__ - INFO - ⏰ File for وشستان is old (94.3 hours). Attempting to update...
2025-07-11 17:34:38,906 - __main__ - ERROR - ❌ Failed to download وشستان: single positional indexer is out-of-bounds. Will retry on next run.
2025-07-11 17:34:38,906 - __main__ - INFO - ✅ Skipping سفارود (already up-to-date, 1.5 hours old)
2025-07-11 17:34:38,907 - __main__ - INFO - ✅ Skipping فتوسا (already up-to-date, 1.5 hours old)
2025-07-11 17:34:38,908 - __main__ - INFO - ✅ Skipping والماس (already up-to-date, 1.5 hours old)
2025-07-11 17:34:38,908 - __main__ - INFO - ✅ Skipping وگردش (already up-to-date, 1.5 hours old)
2025-07-11 17:34:38,909 - __main__ - INFO - ✅ Skipping کیانا (already up-to-date, 1.5 hours old)
2025-07-11 17:34:38,921 - __main__ - INFO - ✅ Skipping پکیانح (already up-to-date, 1.5 hours old)
2025-07-11 17:34:38,922 - __main__ - INFO - ✅ Skipping لپویا (already up-to-date, 1.5 hours old)
2025-07-11 17:34:38,922 - __main__ - INFO - ✅ Skipping سقاین (already up-to-date, 1.5 hours old)
2025-07-11 17:34:38,923 - __main__ - INFO - ✅ Skipping غگیلا (already up-to-date, 1.5 hours old)
2025-07-11 17:34:38,923 - __main__ - INFO - ✅ Skipping خاذین (already up-to-date, 1.5 hours old)
2025-07-11 17:34:38,924 - __main__ - INFO - ✅ Skipping رمپنا (already up-to-date, 1.5 hours old)
2025-07-11 17:34:38,924 - __main__ - INFO - ✅ Skipping فنوردح (already up-to-date, 1.5 hours old)
2025-07-11 17:34:38,925 - __main__ - INFO - ✅ Skipping کماسه (already up-to-date, 1.5 hours old)
2025-07-11 17:34:38,926 - __main__ - INFO - ✅ Skipping لازماح (already up-to-date, 1.5 hours old)
2025-07-11 17:34:38,927 - __main__ - INFO - ✅ Skipping قاروم (already up-to-date, 1.5 hours old)
2025-07-11 17:34:38,927 - __main__ - INFO - ✅ Skipping اهرم (already up-to-date, 1.5 hours old)
2025-07-11 17:34:38,928 - __main__ - INFO - ✅ Skipping چنوپاح (already up-to-date, 1.5 hours old)
2025-07-11 17:34:38,928 - __main__ - INFO - ✅ Skipping بخاور (already up-to-date, 1.5 hours old)
2025-07-11 17:34:38,928 - __main__ - INFO - ✅ Skipping مرقام (already up-to-date, 1.5 hours old)
2025-07-11 17:34:38,929 - __main__ - INFO - ✅ Skipping کگل (already up-to-date, 1.5 hours old)
2025-07-11 17:34:38,929 - __main__ - INFO - ✅ Skipping ثمسکن (already up-to-date, 1.5 hours old)
2025-07-11 17:34:38,930 - __main__ - INFO - ✅ Skipping دیران (already up-to-date, 1.5 hours old)
2025-07-11 17:34:38,930 - __main__ - INFO - ✅ Skipping کاصفا (already up-to-date, 1.5 hours old)
2025-07-11 17:34:38,930 - __main__ - INFO - ✅ Skipping بساما (already up-to-date, 1.5 hours old)
2025-07-11 17:34:38,931 - __main__ - INFO - ✅ Skipping سبجنو (already up-to-date, 1.5 hours old)
2025-07-11 17:34:38,931 - __main__ - INFO - ✅ Skipping پکیان (already up-to-date, 1.5 hours old)
2025-07-11 17:34:38,931 - __main__ - INFO - ✅ Skipping وپاسارح (already up-to-date, 1.5 hours old)
2025-07-11 17:34:38,932 - __main__ - INFO - ✅ Skipping غشهداب (already up-to-date, 1.5 hours old)
2025-07-11 17:34:38,932 - __main__ - INFO - - File for شاخص کل not found. Attempting to download...
2025-07-11 17:34:39,433 - __main__ - INFO - 📈 Downloading financial index: شاخص کل
2025-07-11 17:34:40,382 - __main__ - INFO - 💾 Successfully downloaded and updated شاخص کل.
2025-07-11 17:34:40,382 - __main__ - INFO - ==================================================
2025-07-11 17:34:40,382 - __main__ - INFO - 📊 DOWNLOAD SUMMARY
2025-07-11 17:34:40,383 - __main__ - INFO - ==================================================
2025-07-11 17:34:40,383 - __main__ - INFO - - Total symbols processed: 1390
2025-07-11 17:34:40,383 - __main__ - INFO - - ✅ Successful downloads/updates: 1
2025-07-11 17:34:40,383 - __main__ - INFO - - ❌ Failed downloads: 77
2025-07-11 17:34:40,384 - __main__ - INFO - - ⏭️ Skipped (up-to-date): 1312
2025-07-11 17:34:40,384 - __main__ - INFO - ✅ Smart Downloader finished its run.
2025-07-11 18:48:32,727 - __main__ - INFO - Data directory set to: C:\Portfolio-Optimizer\data\tickers_data
2025-07-11 18:48:32,728 - __main__ - INFO - Cache directory set to: C:\Portfolio-Optimizer\cache_v3
2025-07-11 18:48:32,728 - __main__ - INFO - 🚀 Starting Smart Downloader...
2025-07-11 18:48:32,729 - __main__ - INFO - 📊 Fetching all symbols from TSE...
2025-07-11 18:48:32,735 - __main__ - ERROR - ❌ ERROR: Could not fetch symbols: Object of type set is not JSON serializable
2025-07-11 18:48:32,735 - __main__ - ERROR - ❌ No symbols data provided to filter.
2025-07-11 18:48:32,735 - __main__ - ERROR - ❌ Could not generate a valid investment universe. Aborting.
2025-07-11 18:49:32,072 - __main__ - INFO - Data directory set to: C:\Portfolio-Optimizer\data\tickers_data
2025-07-11 18:49:32,073 - __main__ - INFO - Cache directory set to: C:\Portfolio-Optimizer\cache_v3
2025-07-11 18:49:32,073 - __main__ - INFO - 🚀 Starting Smart Downloader...
2025-07-11 18:49:32,073 - __main__ - INFO - 📊 Fetching all symbols from TSE...
2025-07-11 18:49:32,073 - __main__ - INFO - ✅ Using valid cache symbols_data_v3.json (0.0 hours old)
2025-07-11 18:49:32,074 - __main__ - ERROR - ❌ ERROR: Could not fetch symbols: Expecting value: line 1 column 1 (char 0)
2025-07-11 18:49:32,074 - __main__ - ERROR - ❌ No symbols data provided to filter.
2025-07-11 18:49:32,074 - __main__ - ERROR - ❌ Could not generate a valid investment universe. Aborting.
2025-07-11 18:51:04,916 - __main__ - INFO - Data directory set to: C:\Portfolio-Optimizer\data\tickers_data
2025-07-11 18:51:04,917 - __main__ - INFO - Cache directory set to: C:\Portfolio-Optimizer\cache
2025-07-11 18:51:04,917 - __main__ - INFO - 🚀 Starting Smart Downloader...
2025-07-11 18:51:04,917 - __main__ - INFO - 📊 Fetching all symbols from TSE...
2025-07-11 18:51:04,918 - __main__ - INFO - ✅ Using valid cache symbols_data_v3.json (94.4 hours old)
2025-07-11 18:51:04,921 - __main__ - INFO -    Loaded 1394 symbols from cache
2025-07-11 18:51:04,921 - __main__ - INFO - 🔍 Filtering from 1394 total symbols...
2025-07-11 18:51:04,943 - __main__ - INFO -    ✅ Filtered universe: 1394 → 1389 stocks
2025-07-11 18:51:04,944 - __main__ - INFO - 🔬 Fetching fundamental data for 1389 symbols...
2025-07-11 18:51:08,154 - __main__ - ERROR -   - ❌ Could not fetch fundamental data for ثمسکنح: 'Ticker' object has no attribute 'group_p_b'
2025-07-11 18:51:09,126 - __main__ - ERROR -   - ❌ Could not fetch fundamental data for قستون: Cannot get realtime data from inactive ticker قستون
2025-07-11 18:51:11,215 - __main__ - ERROR -   - ❌ Could not fetch fundamental data for درازکح: 'Ticker' object has no attribute 'group_p_b'
2025-07-11 18:51:13,499 - __main__ - ERROR -   - ❌ Could not fetch fundamental data for صبا: 'Ticker' object has no attribute 'group_p_b'
2025-07-11 18:51:16,209 - __main__ - ERROR -   - ❌ Could not fetch fundamental data for ستران: 'Ticker' object has no attribute 'group_p_b'
2025-07-11 18:51:18,793 - __main__ - ERROR -   - ❌ Could not fetch fundamental data for کسعدیح: 'Ticker' object has no attribute 'group_p_b'
2025-07-11 18:51:23,701 - __main__ - ERROR -   - ❌ Could not fetch fundamental data for داسوه: 'Ticker' object has no attribute 'group_p_b'
2025-07-11 18:51:26,288 - __main__ - ERROR -   - ❌ Could not fetch fundamental data for دفارا: 'Ticker' object has no attribute 'group_p_b'
2025-07-11 18:51:28,777 - __main__ - ERROR -   - ❌ Could not fetch fundamental data for اسیاتک: 'Ticker' object has no attribute 'group_p_b'
2025-07-11 18:55:44,643 - __main__ - INFO - Data directory set to: C:\Portfolio-Optimizer\data\tickers_data
2025-07-11 18:55:44,644 - __main__ - INFO - Cache directory set to: C:\Portfolio-Optimizer\cache
2025-07-11 18:55:44,644 - __main__ - INFO - 🚀 Starting Smart Downloader...
2025-07-11 18:55:44,644 - __main__ - INFO - 📊 Fetching all symbols from TSE...
2025-07-11 18:55:44,645 - __main__ - INFO - ✅ Using valid cache symbols_data_v3.json (94.5 hours old)
2025-07-11 18:55:44,648 - __main__ - INFO -    Loaded 1394 symbols from cache
2025-07-11 18:55:44,648 - __main__ - INFO - 🔍 Filtering from 1394 total symbols...
2025-07-11 18:55:44,669 - __main__ - INFO -    ✅ Filtered universe: 1394 → 1389 stocks
2025-07-11 18:55:44,671 - __main__ - INFO - 🔬 Fetching fundamental data for 1389 symbols...
2025-07-11 18:55:47,412 - __main__ - WARNING -   - Skipping ثمسکنح due to invalid fundamental data (P/E: None)
2025-07-11 18:55:48,048 - __main__ - ERROR -   - ❌ Could not fetch fundamental data for قستون: Cannot get realtime data from inactive ticker قستون
2025-07-11 18:55:50,037 - __main__ - WARNING -   - Skipping درازکح due to invalid fundamental data (P/E: None)
2025-07-11 18:55:52,387 - __main__ - INFO -   - Fetched for صبا: P/E=5.943589743589744
2025-07-11 18:55:55,208 - __main__ - INFO -   - Fetched for ستران: P/E=7.197358767424798
2025-07-11 18:55:57,316 - __main__ - WARNING -   - Skipping کسعدیح due to invalid fundamental data (P/E: None)
2025-07-11 18:56:02,815 - __main__ - INFO -   - Fetched for داسوه: P/E=228.76923076923077
2025-07-11 18:56:05,720 - __main__ - INFO -   - Fetched for دفارا: P/E=4.575117780492061
2025-07-11 18:56:08,081 - __main__ - WARNING -   - Skipping اسیاتک due to invalid fundamental data (P/E: None)
2025-07-11 18:56:10,499 - __main__ - INFO -   - Fetched for میدکو: P/E=28.429577464788732
2025-07-11 18:56:13,173 - __main__ - INFO -   - Fetched for بالاس: P/E=84.72622478386167
2025-07-11 18:56:16,088 - __main__ - WARNING -   - Skipping ولغدر due to invalid fundamental data (P/E: None)
2025-07-11 18:56:19,462 - __main__ - WARNING -   - Skipping وثوق due to invalid fundamental data (P/E: -28.435054773082943)
2025-07-11 18:56:22,168 - __main__ - INFO -   - Fetched for وصنا: P/E=12.671361502347418
2025-07-11 18:56:24,292 - __main__ - WARNING -   - Skipping سهرمزح due to invalid fundamental data (P/E: None)
2025-07-11 18:56:26,695 - __main__ - WARNING -   - Skipping افق ملت due to invalid fundamental data (P/E: None)
2025-07-11 18:56:31,738 - __main__ - WARNING -   - Skipping افقح due to invalid fundamental data (P/E: None)
2025-07-11 18:56:34,062 - __main__ - WARNING -   - Skipping وبشهرح due to invalid fundamental data (P/E: None)
2025-07-11 18:56:36,552 - __main__ - INFO -   - Fetched for غمینو: P/E=5.181988742964353
2025-07-11 18:56:37,409 - __main__ - ERROR -   - ❌ Could not fetch fundamental data for 18719101: Cannot get realtime data from inactive ticker 18719101
2025-07-11 18:56:39,581 - __main__ - WARNING -   - Skipping ختوقاح due to invalid fundamental data (P/E: None)
2025-07-11 18:56:41,838 - __main__ - WARNING -   - Skipping سپیدما due to invalid fundamental data (P/E: None)
2025-07-11 18:56:44,030 - __main__ - WARNING -   - Skipping سکرماح due to invalid fundamental data (P/E: None)
2025-07-11 18:56:46,153 - __main__ - WARNING -   - Skipping وتوسکاح due to invalid fundamental data (P/E: None)
2025-07-11 18:56:48,997 - __main__ - INFO -   - Fetched for آپ: P/E=257.45098039215685
2025-07-11 18:56:51,160 - __main__ - WARNING -   - Skipping فرآورح due to invalid fundamental data (P/E: None)
2025-07-11 18:56:53,481 - __main__ - WARNING -   - Skipping پکرمانح due to invalid fundamental data (P/E: None)
2025-07-11 18:56:55,907 - __main__ - INFO -   - Fetched for ثالوند: P/E=10.85981308411215
2025-07-11 18:56:58,041 - __main__ - WARNING -   - Skipping پرتو due to invalid fundamental data (P/E: None)
2025-07-11 18:57:00,375 - __main__ - WARNING -   - Skipping غیوان due to invalid fundamental data (P/E: -53.17124735729387)
2025-07-11 18:57:02,918 - __main__ - INFO -   - Fetched for شپلی: P/E=19.4
2025-07-11 18:57:06,098 - __main__ - WARNING -   - Skipping کفرا due to invalid fundamental data (P/E: -7.666666666666667)
2025-07-11 18:57:06,515 - __main__ - ERROR -   - ❌ Could not fetch fundamental data for قشهدح: single positional indexer is out-of-bounds
2025-07-11 18:57:08,961 - __main__ - WARNING -   - Skipping چبسپاح due to invalid fundamental data (P/E: None)
2025-07-11 18:57:11,445 - __main__ - INFO -   - Fetched for خصدرا: P/E=30.042105263157893
2025-07-11 18:57:13,741 - __main__ - WARNING -   - Skipping خگسترح due to invalid fundamental data (P/E: None)
2025-07-11 18:57:16,520 - __main__ - WARNING -   - Skipping لوتوسح due to invalid fundamental data (P/E: None)
2025-07-11 18:57:19,554 - __main__ - INFO -   - Fetched for تبرک: P/E=6.494597839135654
2025-07-11 18:57:22,044 - __main__ - WARNING -   - Skipping کچادح due to invalid fundamental data (P/E: None)
2025-07-11 18:57:24,284 - __main__ - WARNING -   - Skipping وپخشح due to invalid fundamental data (P/E: None)
2025-07-11 18:57:26,639 - __main__ - WARNING -   - Skipping خموتورح due to invalid fundamental data (P/E: None)
2025-07-11 18:57:28,926 - __main__ - WARNING -   - Skipping کاذرح due to invalid fundamental data (P/E: None)
2025-07-11 18:57:31,210 - __main__ - WARNING -   - Skipping کساوهح due to invalid fundamental data (P/E: None)
2025-07-11 18:57:34,118 - __main__ - ERROR -   - ❌ Could not fetch fundamental data for کیسون: unsupported operand type(s) for *: 'NoneType' and 'float'
2025-07-11 18:57:34,471 - __main__ - ERROR -   - ❌ Could not fetch fundamental data for خمحورح: single positional indexer is out-of-bounds
2025-07-11 18:57:35,293 - __main__ - ERROR -   - ❌ Could not fetch fundamental data for قستان: Cannot get realtime data from inactive ticker قستان
2025-07-11 18:57:38,212 - __main__ - INFO -   - Fetched for پاسا: P/E=6.098484848484849
2025-07-11 18:57:40,542 - __main__ - INFO -   - Fetched for کیمیاتک: P/E=8.435081685296646
2025-07-11 18:57:42,733 - __main__ - WARNING -   - Skipping فکمند due to invalid fundamental data (P/E: -39.94708994708995)
2025-07-11 18:57:45,034 - __main__ - INFO -   - Fetched for قرن: P/E=8.450331125827814
2025-07-11 18:57:47,131 - __main__ - WARNING -   - Skipping صنهال due to invalid fundamental data (P/E: None)
2025-07-11 18:57:49,334 - __main__ - INFO -   - Fetched for ثجنوب: P/E=16.982142857142858
2025-07-11 18:57:51,895 - __main__ - INFO -   - Fetched for غاذر: P/E=10.018939393939394
2025-07-11 18:57:54,960 - __main__ - WARNING -   - Skipping پتروصبا due to invalid fundamental data (P/E: None)
2025-07-11 18:57:57,459 - __main__ - INFO -   - Fetched for خمحور: P/E=13.924731182795698
2025-07-11 18:57:59,762 - __main__ - WARNING -   - Skipping هامرز due to invalid fundamental data (P/E: None)
2025-07-11 18:58:02,284 - __main__ - INFO -   - Fetched for وپست: P/E=4.192377495462795
2025-07-11 18:58:04,564 - __main__ - INFO -   - Fetched for نوین: P/E=6.594059405940594
2025-07-11 18:58:06,845 - __main__ - INFO -   - Fetched for شصدف: P/E=5.735294117647059
2025-07-11 18:58:09,323 - __main__ - ERROR -   - ❌ Could not fetch fundamental data for تفارس: unsupported operand type(s) for *: 'NoneType' and 'float'
2025-07-11 18:58:11,789 - __main__ - INFO -   - Fetched for غالبر: P/E=228.04347826086956
2025-07-11 18:58:14,438 - __main__ - WARNING -   - Skipping دسبحاح due to invalid fundamental data (P/E: None)
2025-07-11 18:58:17,748 - __main__ - WARNING -   - Skipping گپارس due to invalid fundamental data (P/E: -123.301329394387)
2025-07-11 18:58:19,776 - __main__ - INFO -   - Fetched for فن افزار: P/E=4.253254437869822
2025-07-11 18:58:21,971 - __main__ - WARNING -   - Skipping کساپاح due to invalid fundamental data (P/E: None)
2025-07-11 18:58:24,133 - __main__ - WARNING -   - Skipping سقاینح due to invalid fundamental data (P/E: None)
2025-07-11 18:58:26,822 - __main__ - WARNING -   - Skipping کازرو due to invalid fundamental data (P/E: -77.30434782608695)
2025-07-11 18:58:28,828 - __main__ - WARNING -   - Skipping هامون due to invalid fundamental data (P/E: None)
2025-07-11 18:58:31,425 - __main__ - INFO -   - Fetched for خکمک: P/E=190.16666666666666
2025-07-11 18:58:33,668 - __main__ - WARNING -   - Skipping پردیسح due to invalid fundamental data (P/E: None)
2025-07-11 18:58:35,822 - __main__ - WARNING -   - Skipping داریوش due to invalid fundamental data (P/E: None)
2025-07-11 18:58:38,029 - __main__ - INFO -   - Fetched for زملارد: P/E=9.506849315068493
2025-07-11 18:58:40,272 - __main__ - WARNING -   - Skipping کاصفاح due to invalid fundamental data (P/E: None)
2025-07-11 18:58:42,418 - __main__ - WARNING -   - Skipping ولغدرح due to invalid fundamental data (P/E: None)
2025-07-11 18:58:44,670 - __main__ - WARNING -   - Skipping خودران due to invalid fundamental data (P/E: None)
2025-07-11 18:58:48,327 - __main__ - INFO -   - Fetched for فاما: P/E=4.828025477707007
2025-07-11 18:58:49,197 - __main__ - ERROR -   - ❌ Could not fetch fundamental data for لبهمن: Cannot get realtime data from inactive ticker لبهمن
2025-07-11 18:58:51,382 - __main__ - INFO -   - Fetched for عالیس: P/E=21.566964285714285
2025-07-11 18:58:53,882 - __main__ - INFO -   - Fetched for قجام: P/E=9.108040201005025
2025-07-11 18:58:56,571 - __main__ - WARNING -   - Skipping ولبهمن due to invalid fundamental data (P/E: None)
2025-07-11 18:58:58,778 - __main__ - WARNING -   - Skipping وتوسح due to invalid fundamental data (P/E: None)
2025-07-11 18:59:01,126 - __main__ - WARNING -   - Skipping مروارید due to invalid fundamental data (P/E: None)
2025-07-11 18:59:03,740 - __main__ - WARNING -   - Skipping فنرژی due to invalid fundamental data (P/E: -4.567502021018593)
2025-07-11 18:59:06,102 - __main__ - INFO -   - Fetched for ولقمان: P/E=8.471153846153847
2025-07-11 18:59:09,608 - __main__ - INFO -   - Fetched for بزاگرس: P/E=11.624365482233502
2025-07-11 18:59:10,527 - __main__ - ERROR -   - ❌ Could not fetch fundamental data for کبورس: Cannot get realtime data from inactive ticker کبورس
2025-07-11 18:59:13,013 - __main__ - INFO -   - Fetched for وسین: P/E=2.7916666666666665
2025-07-11 18:59:17,469 - __main__ - INFO -   - Fetched for خزامیا: P/E=3.6449912126537787
2025-07-11 18:59:19,185 - __main__ - ERROR -   - ❌ Could not fetch fundamental data for شوش: Cannot get realtime data from inactive ticker شوش
2025-07-11 18:59:21,360 - __main__ - WARNING -   - Skipping بالبرح due to invalid fundamental data (P/E: None)
2025-07-11 18:59:23,668 - __main__ - INFO -   - Fetched for وملت: P/E=8.355263157894736
2025-07-11 18:59:26,331 - __main__ - WARNING -   - Skipping فسپاح due to invalid fundamental data (P/E: None)
2025-07-11 18:59:28,547 - __main__ - WARNING -   - Skipping شفاراح due to invalid fundamental data (P/E: None)
2025-07-11 18:59:31,462 - __main__ - INFO -   - Fetched for وپارس: P/E=0.9359236537150648
2025-07-11 18:59:31,863 - __main__ - ERROR -   - ❌ Could not fetch fundamental data for وتوشهح: single positional indexer is out-of-bounds
2025-07-11 18:59:34,012 - __main__ - WARNING -   - Skipping خمهرح due to invalid fundamental data (P/E: None)
2025-07-11 18:59:36,181 - __main__ - WARNING -   - Skipping نخل due to invalid fundamental data (P/E: None)
2025-07-11 18:59:36,973 - __main__ - ERROR -   - ❌ Could not fetch fundamental data for نکالا: Cannot get realtime data from inactive ticker نکالا
2025-07-11 18:59:39,452 - __main__ - WARNING -   - Skipping چفیبر due to invalid fundamental data (P/E: -68.71666666666667)
2025-07-11 18:59:41,565 - __main__ - WARNING -   - Skipping سلام due to invalid fundamental data (P/E: None)
2025-07-11 18:59:44,257 - __main__ - INFO -   - Fetched for وآفری: P/E=3.561712846347607
2025-07-11 18:59:46,849 - __main__ - INFO -   - Fetched for بنیرو: P/E=4.729096989966555
2025-07-11 18:59:50,295 - __main__ - INFO -   - Fetched for دسینا: P/E=7.2840428180234005
2025-07-11 18:59:52,718 - __main__ - INFO -   - Fetched for دتوزیع: P/E=6.334862385321101
2025-07-11 18:59:55,783 - __main__ - WARNING -   - Skipping قشرین due to invalid fundamental data (P/E: -65.1)
2025-07-11 18:59:58,663 - __main__ - INFO -   - Fetched for کچاد: P/E=5.7725
2025-07-11 19:00:01,390 - __main__ - INFO -   - Fetched for البرز: P/E=2.9924146649810366
2025-07-11 19:00:04,502 - __main__ - INFO -   - Fetched for وکار: P/E=4.395079594790159
2025-07-11 19:00:07,083 - __main__ - WARNING -   - Skipping پتروآبان due to invalid fundamental data (P/E: None)
2025-07-11 19:00:11,711 - __main__ - INFO -   - Fetched for شبصیر: P/E=5.19140989729225
2025-07-11 19:00:14,122 - __main__ - WARNING -   - Skipping دامینح due to invalid fundamental data (P/E: None)
2025-07-11 19:00:16,531 - __main__ - WARNING -   - Skipping اکسیژن due to invalid fundamental data (P/E: None)
2025-07-11 19:00:21,389 - __main__ - INFO -   - Fetched for وامیر: P/E=7.058411214953271
2025-07-11 19:00:22,496 - __main__ - ERROR -   - ❌ Could not fetch fundamental data for نبورس: Cannot get realtime data from inactive ticker نبورس
2025-07-11 19:00:25,009 - __main__ - INFO -   - Fetched for دروز: P/E=1245.5555555555557
2025-07-11 19:00:27,710 - __main__ - INFO -   - Fetched for دجابر: P/E=2.899616368286445
2025-07-11 19:00:29,848 - __main__ - ERROR -   - ❌ Could not fetch fundamental data for سهام یار: Cannot get realtime data from inactive ticker سهام یار
2025-07-11 19:00:32,262 - __main__ - WARNING -   - Skipping رشد due to invalid fundamental data (P/E: None)
2025-07-11 19:00:32,877 - __main__ - ERROR -   - ❌ Could not fetch fundamental data for تفیروح: single positional indexer is out-of-bounds
2025-07-11 19:00:36,473 - __main__ - INFO -   - Fetched for شجم: P/E=6.673027989821883
2025-07-11 19:00:41,503 - __main__ - INFO -   - Fetched for غویتا: P/E=5.925187032418953
2025-07-11 19:00:44,112 - __main__ - WARNING -   - Skipping وخاورح due to invalid fundamental data (P/E: None)
2025-07-11 19:00:46,614 - __main__ - WARNING -   - Skipping پتروآگاه due to invalid fundamental data (P/E: None)
2025-07-11 19:00:49,450 - __main__ - INFO -   - Fetched for دالبر: P/E=8.661157024793388
2025-07-11 19:00:52,109 - __main__ - INFO -   - Fetched for وسگلستا: P/E=6.3247863247863245
2025-07-11 19:00:54,621 - __main__ - INFO -   - Fetched for وهور: P/E=11.77124183006536
2025-07-11 19:00:57,838 - __main__ - WARNING -   - Skipping وسیناح due to invalid fundamental data (P/E: None)
2025-07-11 19:01:02,226 - __main__ - INFO -   - Fetched for کحافظ: P/E=6.839721254355401
2025-07-11 19:01:05,325 - __main__ - INFO -   - Fetched for ساروج: P/E=6.503403373779225
2025-07-11 19:01:08,670 - __main__ - WARNING -   - Skipping ولصنمح due to invalid fundamental data (P/E: None)
2025-07-11 19:01:11,246 - __main__ - INFO -   - Fetched for ومدیر: P/E=3.224778761061947
2025-07-11 19:01:13,498 - __main__ - ERROR -   - ❌ Could not fetch fundamental data for قپارسح: Cannot get realtime data from inactive ticker قپارسح
2025-07-11 19:01:16,100 - __main__ - INFO -   - Fetched for ثنام: P/E=4.956632653061225
2025-07-11 19:01:19,930 - __main__ - WARNING -   - Skipping سبجنوح due to invalid fundamental data (P/E: None)
2025-07-11 19:01:22,735 - __main__ - INFO -   - Fetched for شخارک: P/E=8.109471680152309
2025-07-11 19:01:25,271 - __main__ - INFO -   - Fetched for وسکاب: P/E=3.909465020576132
2025-07-11 19:01:28,367 - __main__ - WARNING -   - Skipping ممسنی due to invalid fundamental data (P/E: -365.88235294117646)
2025-07-11 19:01:31,784 - __main__ - ERROR -   - ❌ Could not fetch fundamental data for وثنو: unsupported operand type(s) for *: 'NoneType' and 'float'
2025-07-11 19:01:34,612 - __main__ - INFO -   - Fetched for داراب: P/E=4.7756410256410255
2025-07-11 19:01:37,084 - __main__ - WARNING -   - Skipping حپتروح due to invalid fundamental data (P/E: None)
2025-07-11 19:01:39,439 - __main__ - WARNING -   - Skipping کسرامح due to invalid fundamental data (P/E: None)
2025-07-11 19:01:41,577 - __main__ - WARNING -   - Skipping صدف due to invalid fundamental data (P/E: None)
2025-07-11 19:01:42,015 - __main__ - ERROR -   - ❌ Could not fetch fundamental data for شیرانح: single positional indexer is out-of-bounds
2025-07-11 19:01:44,326 - __main__ - INFO -   - Fetched for نتوس: P/E=9.436090225563909
2025-07-11 19:01:46,749 - __main__ - WARNING -   - Skipping تاصیکوح due to invalid fundamental data (P/E: None)
2025-07-11 19:01:50,249 - __main__ - INFO -   - Fetched for آرمان: P/E=33.52459016393443
2025-07-11 19:01:52,262 - __main__ - ERROR -   - ❌ Could not fetch fundamental data for وآردلح: Cannot get realtime data from inactive ticker وآردلح
2025-07-11 19:01:55,672 - __main__ - WARNING -   - Skipping فباهنرح due to invalid fundamental data (P/E: None)
2025-07-11 19:01:58,103 - __main__ - INFO -   - Fetched for ومشان: P/E=144.58333333333334
2025-07-11 19:02:00,833 - __main__ - INFO -   - Fetched for غدیس: P/E=7.177304964539007
2025-07-11 19:02:05,011 - __main__ - WARNING -   - Skipping دپارسح due to invalid fundamental data (P/E: None)
2025-07-11 19:02:08,179 - __main__ - WARNING -   - Skipping حخزر due to invalid fundamental data (P/E: None)
2025-07-11 19:02:11,185 - __main__ - INFO -   - Fetched for وبانک: P/E=4.570354457572503
2025-07-11 19:02:13,728 - __main__ - INFO -   - Fetched for ملت: P/E=29.744525547445257
2025-07-11 19:02:16,206 - __main__ - WARNING -   - Skipping فسلیر due to invalid fundamental data (P/E: -65.93300248138958)
2025-07-11 19:02:18,481 - __main__ - INFO -   - Fetched for نخریس: P/E=7.63542902332938
2025-07-11 19:02:22,525 - __main__ - ERROR -   - ❌ Could not fetch fundamental data for شرنگی: unsupported operand type(s) for *: 'NoneType' and 'float'
2025-07-11 19:02:24,991 - __main__ - WARNING -   - Skipping سشرقح due to invalid fundamental data (P/E: None)
2025-07-11 19:02:27,095 - __main__ - WARNING -   - Skipping ولنوین due to invalid fundamental data (P/E: None)
2025-07-11 19:02:29,935 - __main__ - INFO -   - Fetched for بموتو: P/E=5.782442748091603
2025-07-11 19:02:32,536 - __main__ - WARNING -   - Skipping پکویرح due to invalid fundamental data (P/E: None)
2025-07-11 19:02:35,776 - __main__ - INFO -   - Fetched for کساپا: P/E=25.383458646616543
2025-07-11 19:02:39,093 - __main__ - INFO -   - Fetched for خدیزل: P/E=4.996551724137931
2025-07-11 19:02:41,587 - __main__ - INFO -   - Fetched for وسیزد: P/E=9.875968992248062
2025-07-11 19:02:46,043 - __main__ - INFO -   - Fetched for زاگرس: P/E=20.987224157955865
2025-07-11 19:02:54,881 - __main__ - INFO -   - Fetched for سنیر: P/E=10.692307692307692
2025-07-11 19:02:57,172 - __main__ - INFO -   - Fetched for ددانا: P/E=5.804195804195804
2025-07-11 19:02:59,689 - __main__ - WARNING -   - Skipping سیتاح due to invalid fundamental data (P/E: None)
2025-07-11 19:03:02,996 - __main__ - WARNING -   - Skipping ثبات due to invalid fundamental data (P/E: None)
2025-07-11 19:03:05,757 - __main__ - INFO -   - Fetched for دفرا: P/E=10.415168355671788
2025-07-11 19:03:06,153 - __main__ - ERROR -   - ❌ Could not fetch fundamental data for پرشیا: single positional indexer is out-of-bounds
2025-07-11 19:03:10,233 - __main__ - WARNING -   - Skipping شتولی due to invalid fundamental data (P/E: -19.46099290780142)
2025-07-11 19:03:12,754 - __main__ - INFO -   - Fetched for خلنت: P/E=6.955345060893099
2025-07-11 19:03:16,286 - __main__ - INFO -   - Fetched for وجامی: P/E=2.346311475409836
2025-07-11 19:03:19,334 - __main__ - WARNING -   - Skipping دی due to invalid fundamental data (P/E: -0.5240431795878312)
2025-07-11 19:03:22,735 - __main__ - INFO -   - Fetched for کپارس: P/E=6.620498614958449
2025-07-11 19:03:25,194 - __main__ - INFO -   - Fetched for ودانا: P/E=5.648702594810379
2025-07-11 19:03:27,789 - __main__ - INFO -   - Fetched for وهنر: P/E=108.78048780487805
2025-07-11 19:03:30,588 - __main__ - INFO -   - Fetched for شیراز: P/E=6.018677339432056
2025-07-11 19:03:36,253 - __main__ - INFO -   - Fetched for حپترو: P/E=47.46177370030581
2025-07-11 19:03:38,431 - __main__ - WARNING -   - Skipping نارین due to invalid fundamental data (P/E: None)
2025-07-11 19:03:40,699 - __main__ - WARNING -   - Skipping غشاذرح due to invalid fundamental data (P/E: None)
2025-07-11 19:03:45,264 - __main__ - WARNING -   - Skipping قجامح due to invalid fundamental data (P/E: None)
2025-07-11 19:03:47,518 - __main__ - INFO -   - Fetched for چنوپا: P/E=71.54471544715447
2025-07-11 19:03:49,873 - __main__ - INFO -   - Fetched for مدیریت: P/E=3.5417156286721503
2025-07-11 19:03:52,347 - __main__ - INFO -   - Fetched for بجهرم: P/E=9.160220994475138
2025-07-11 19:03:54,791 - __main__ - WARNING -   - Skipping غیوانح due to invalid fundamental data (P/E: None)
2025-07-11 19:03:55,173 - __main__ - ERROR -   - ❌ Could not fetch fundamental data for مدار: single positional indexer is out-of-bounds
2025-07-11 19:04:01,602 - __main__ - INFO -   - Fetched for وسپهر: P/E=3.4631016042780747
2025-07-11 19:04:03,987 - __main__ - WARNING -   - Skipping فایراح due to invalid fundamental data (P/E: None)
2025-07-11 19:04:06,375 - __main__ - INFO -   - Fetched for تاپکیش: P/E=209.55555555555554
2025-07-11 19:04:08,748 - __main__ - INFO -   - Fetched for حآسا: P/E=15.74609375
2025-07-11 19:04:11,316 - __main__ - WARNING -   - Skipping اتکامح due to invalid fundamental data (P/E: None)
2025-07-11 19:04:13,995 - __main__ - INFO -   - Fetched for شسپا: P/E=6.134969325153374
2025-07-11 19:04:23,499 - __main__ - INFO -   - Fetched for قیستو: P/E=8.499389995933306
2025-07-11 19:04:28,367 - __main__ - WARNING -   - Skipping ولصنم due to invalid fundamental data (P/E: None)
2025-07-11 19:04:29,002 - __main__ - ERROR -   - ❌ Could not fetch fundamental data for کقزویح: single positional indexer is out-of-bounds
2025-07-11 19:04:31,522 - __main__ - INFO -   - Fetched for فایرا: P/E=6.116731517509727
2025-07-11 19:04:34,200 - __main__ - WARNING -   - Skipping زر due to invalid fundamental data (P/E: None)
2025-07-11 19:04:36,538 - __main__ - INFO -   - Fetched for سامان: P/E=3.6551724137931036
2025-07-11 19:04:39,196 - __main__ - INFO -   - Fetched for ودی: P/E=6.263513513513513
2025-07-11 19:04:41,928 - __main__ - INFO -   - Fetched for تایرا: P/E=4.71272365805169
2025-07-11 19:04:44,520 - __main__ - INFO -   - Fetched for سخوز: P/E=6.248535832179747
2025-07-11 19:04:46,753 - __main__ - WARNING -   - Skipping وسیلام due to invalid fundamental data (P/E: -4.0)
2025-07-11 19:04:52,020 - __main__ - INFO -   - Fetched for چکارن: P/E=27.197916666666668
2025-07-11 19:04:54,405 - __main__ - WARNING -   - Skipping قشرینح due to invalid fundamental data (P/E: None)
2025-07-11 19:04:58,152 - __main__ - INFO -   - Fetched for تپکو: P/E=10.895833333333334
2025-07-11 19:05:00,680 - __main__ - WARNING -   - Skipping کمنگنزح due to invalid fundamental data (P/E: None)
2025-07-11 19:05:03,868 - __main__ - INFO -   - Fetched for خعمرا: P/E=22.761061946902654
2025-07-11 19:05:05,973 - __main__ - INFO -   - Fetched for فصبا: P/E=4.165829145728643
2025-07-11 19:05:08,560 - __main__ - WARNING -   - Skipping صایند due to invalid fundamental data (P/E: None)
2025-07-11 19:05:11,020 - __main__ - WARNING -   - Skipping مادیرا due to invalid fundamental data (P/E: None)
2025-07-11 19:05:19,222 - __main__ - WARNING -   - Skipping اوج due to invalid fundamental data (P/E: None)
2025-07-11 19:05:22,517 - __main__ - INFO -   - Fetched for شفا: P/E=9.630872483221477
2025-07-11 19:05:22,894 - __main__ - ERROR -   - ❌ Could not fetch fundamental data for دیسشپ: single positional indexer is out-of-bounds
2025-07-11 19:05:23,369 - __main__ - ERROR -   - ❌ Could not fetch fundamental data for ثملی: single positional indexer is out-of-bounds
2025-07-11 19:05:25,760 - __main__ - INFO -   - Fetched for وسرمد: P/E=3.556603773584906
2025-07-11 19:05:28,132 - __main__ - WARNING -   - Skipping وملیح due to invalid fundamental data (P/E: None)
2025-07-11 19:05:30,899 - __main__ - INFO -   - Fetched for هرمز: P/E=10.985611510791367
2025-07-11 19:05:33,279 - __main__ - INFO -   - Fetched for بکابل: P/E=5.990578734858681
2025-07-11 19:05:36,414 - __main__ - INFO -   - Fetched for وتوصا: P/E=5.949579831932773
2025-07-11 19:05:42,520 - __main__ - WARNING -   - Skipping وبوعلیح due to invalid fundamental data (P/E: None)
2025-07-11 19:05:46,274 - __main__ - INFO -   - Fetched for کنور: P/E=7.447963800904978
2025-07-11 19:05:46,743 - __main__ - ERROR -   - ❌ Could not fetch fundamental data for باخترح: single positional indexer is out-of-bounds
2025-07-11 19:05:48,855 - __main__ - INFO -   - Fetched for کیا: P/E=23.55855855855856
2025-07-11 19:05:51,371 - __main__ - WARNING -   - Skipping دسیناح due to invalid fundamental data (P/E: None)
2025-07-11 19:05:53,850 - __main__ - INFO -   - Fetched for وسمرکز: P/E=8.092485549132949
2025-07-11 19:05:56,194 - __main__ - WARNING -   - Skipping داسوهح due to invalid fundamental data (P/E: None)
2025-07-11 19:05:58,922 - __main__ - INFO -   - Fetched for سرود: P/E=6.624203821656051
2025-07-11 19:06:01,578 - __main__ - INFO -   - Fetched for قمرو: P/E=6.574506283662478
2025-07-11 19:06:04,926 - __main__ - INFO -   - Fetched for توسن: P/E=4.223430962343096
2025-07-11 19:06:07,224 - __main__ - WARNING -   - Skipping بموتوح due to invalid fundamental data (P/E: None)
2025-07-11 19:06:10,832 - __main__ - WARNING -   - Skipping تیپیکوح due to invalid fundamental data (P/E: None)
2025-07-11 19:06:14,222 - __main__ - WARNING -   - Skipping قنقشح due to invalid fundamental data (P/E: None)
2025-07-11 19:06:17,281 - __main__ - INFO -   - Fetched for پسهند: P/E=7.407321053858708
2025-07-11 19:06:19,663 - __main__ - INFO -   - Fetched for زبینا: P/E=6.349397590361446
2025-07-11 19:06:22,130 - __main__ - INFO -   - Fetched for وخاور: P/E=3.5448343079922027
2025-07-11 19:06:22,595 - __main__ - ERROR -   - ❌ Could not fetch fundamental data for پدرخشح: single positional indexer is out-of-bounds
2025-07-11 19:06:24,825 - __main__ - WARNING -   - Skipping کامیاب due to invalid fundamental data (P/E: None)
2025-07-11 19:06:27,837 - __main__ - INFO -   - Fetched for کچینی: P/E=2.0533880903490758
2025-07-11 19:06:30,668 - __main__ - INFO -   - Fetched for غدشت: P/E=7.29010989010989
2025-07-11 19:06:32,920 - __main__ - WARNING -   - Skipping دیوان due to invalid fundamental data (P/E: None)
2025-07-11 19:06:35,407 - __main__ - WARNING -   - Skipping خاتم due to invalid fundamental data (P/E: None)
2025-07-11 19:06:38,024 - __main__ - WARNING -   - Skipping توان due to invalid fundamental data (P/E: None)
2025-07-11 19:06:38,549 - __main__ - ERROR -   - ❌ Could not fetch fundamental data for فساز: single positional indexer is out-of-bounds
2025-07-11 19:06:41,107 - __main__ - WARNING -   - Skipping مرقامح due to invalid fundamental data (P/E: None)
2025-07-11 19:06:43,317 - __main__ - INFO -   - Fetched for زفجر: P/E=5.956209373930893
2025-07-11 19:06:46,037 - __main__ - INFO -   - Fetched for تکمبا: P/E=6.25
2025-07-11 19:06:48,667 - __main__ - WARNING -   - Skipping ثهام due to invalid fundamental data (P/E: None)
2025-07-11 19:06:51,088 - __main__ - WARNING -   - Skipping لبخند due to invalid fundamental data (P/E: None)
2025-07-11 19:06:53,542 - __main__ - INFO -   - Fetched for وسبوشهر: P/E=17.26027397260274
2025-07-11 19:06:55,649 - __main__ - INFO -   - Fetched for شگستر: P/E=21.78846153846154
2025-07-11 19:06:58,616 - __main__ - INFO -   - Fetched for زگلدشت: P/E=12.146788990825687
2025-07-11 19:07:02,066 - __main__ - INFO -   - Fetched for بکام: P/E=30.32075471698113
2025-07-11 19:07:04,392 - __main__ - WARNING -   - Skipping افران due to invalid fundamental data (P/E: None)
2025-07-11 19:07:07,653 - __main__ - WARNING -   - Skipping عقیق due to invalid fundamental data (P/E: None)
2025-07-11 19:07:10,190 - __main__ - INFO -   - Fetched for تفیرو: P/E=11.41866545413209
2025-07-11 19:07:12,531 - __main__ - WARNING -   - Skipping پتروما due to invalid fundamental data (P/E: None)
2025-07-11 19:07:14,685 - __main__ - WARNING -   - Skipping درین due to invalid fundamental data (P/E: None)
2025-07-11 19:07:15,517 - __main__ - ERROR -   - ❌ Could not fetch fundamental data for پلولهح: Cannot get realtime data from inactive ticker پلولهح
2025-07-11 19:07:17,975 - __main__ - WARNING -   - Skipping فراز due to invalid fundamental data (P/E: None)
2025-07-11 19:07:20,315 - __main__ - WARNING -   - Skipping داناح due to invalid fundamental data (P/E: None)
2025-07-11 19:07:22,656 - __main__ - WARNING -   - Skipping کگازح due to invalid fundamental data (P/E: None)
2025-07-11 19:07:25,336 - __main__ - WARNING -   - Skipping لخانه due to invalid fundamental data (P/E: -14.046822742474916)
2025-07-11 19:07:27,686 - __main__ - INFO -   - Fetched for وسزنجان: P/E=11.173228346456693
2025-07-11 19:07:30,095 - __main__ - WARNING -   - Skipping سپاهاح due to invalid fundamental data (P/E: None)
2025-07-11 19:07:32,181 - __main__ - WARNING -   - Skipping تیام due to invalid fundamental data (P/E: None)
2025-07-11 19:07:35,781 - __main__ - INFO -   - Fetched for وفردا: P/E=49.725
2025-07-11 19:07:38,586 - __main__ - INFO -   - Fetched for حکشتی: P/E=10.50561797752809
2025-07-11 19:07:41,722 - __main__ - WARNING -   - Skipping ویستا due to invalid fundamental data (P/E: None)
2025-07-11 19:07:43,931 - __main__ - INFO -   - Fetched for فرود: P/E=5.250620347394541
2025-07-11 19:07:47,089 - __main__ - WARNING -   - Skipping نیلی due to invalid fundamental data (P/E: None)
2025-07-11 19:07:50,475 - __main__ - WARNING -   - Skipping تکنوح due to invalid fundamental data (P/E: None)
2025-07-11 19:07:53,029 - __main__ - INFO -   - Fetched for فملی: P/E=7.9009126466753585
2025-07-11 19:07:56,036 - __main__ - WARNING -   - Skipping وشمال due to invalid fundamental data (P/E: -78.40816326530613)
2025-07-11 19:07:58,857 - __main__ - WARNING -   - Skipping ولساپا due to invalid fundamental data (P/E: None)
2025-07-11 19:08:05,064 - __main__ - INFO -   - Fetched for جهرم: P/E=14.97872340425532
2025-07-11 19:08:07,849 - __main__ - INFO -   - Fetched for غبشهر: P/E=26.685393258426966
2025-07-11 19:08:10,650 - __main__ - INFO -   - Fetched for کرمان: P/E=24.94736842105263
2025-07-11 19:08:13,050 - __main__ - WARNING -   - Skipping خکاوهح due to invalid fundamental data (P/E: None)
2025-07-11 19:08:15,424 - __main__ - WARNING -   - Skipping غبشهرح due to invalid fundamental data (P/E: None)
2025-07-11 19:08:18,045 - __main__ - WARNING -   - Skipping وسلرستا due to invalid fundamental data (P/E: None)
2025-07-11 19:08:20,271 - __main__ - WARNING -   - Skipping ثمین due to invalid fundamental data (P/E: None)
2025-07-11 19:08:22,613 - __main__ - WARNING -   - Skipping کرویح due to invalid fundamental data (P/E: None)
2025-07-11 19:08:24,974 - __main__ - WARNING -   - Skipping کسراح due to invalid fundamental data (P/E: None)
2025-07-11 19:08:27,287 - __main__ - WARNING -   - Skipping غسالمح due to invalid fundamental data (P/E: None)
2025-07-11 19:08:28,142 - __main__ - ERROR -   - ❌ Could not fetch fundamental data for وسدیدح: Cannot get realtime data from inactive ticker وسدیدح
2025-07-11 19:08:30,586 - __main__ - WARNING -   - Skipping فسلیرح due to invalid fundamental data (P/E: None)
2025-07-11 19:08:34,759 - __main__ - INFO -   - Fetched for شتران: P/E=4.803131991051454
2025-07-11 19:08:37,555 - __main__ - INFO -   - Fetched for شپنا: P/E=5.335913312693498
2025-07-11 19:08:40,352 - __main__ - INFO -   - Fetched for وصنعت: P/E=2.792490118577075
2025-07-11 19:08:43,214 - __main__ - INFO -   - Fetched for حرهشا: P/E=264.2857142857143
2025-07-11 19:08:45,611 - __main__ - INFO -   - Fetched for سیتا: P/E=7.536355859709153
2025-07-11 19:08:47,996 - __main__ - WARNING -   - Skipping کپارسح due to invalid fundamental data (P/E: None)
2025-07-11 19:08:49,412 - __main__ - INFO -   - Fetched for حفارس: P/E=41.05263157894737
2025-07-11 19:08:49,828 - __main__ - ERROR -   - ❌ Could not fetch fundamental data for شجی: single positional indexer is out-of-bounds
2025-07-11 19:08:50,225 - __main__ - ERROR -   - ❌ Could not fetch fundamental data for برانسفو: single positional indexer is out-of-bounds
2025-07-11 19:08:52,454 - __main__ - INFO -   - Fetched for وحکمت: P/E=13.97196261682243
2025-07-11 19:08:54,962 - __main__ - WARNING -   - Skipping شپمچا due to invalid fundamental data (P/E: -0.8841732979664014)
2025-07-11 19:08:57,411 - __main__ - WARNING -   - Skipping دسانکوح due to invalid fundamental data (P/E: None)
2025-07-11 19:09:01,024 - __main__ - WARNING -   - Skipping ولشرق due to invalid fundamental data (P/E: None)
2025-07-11 19:09:03,332 - __main__ - INFO -   - Fetched for وکغدیر: P/E=37.51456310679612
2025-07-11 19:09:06,008 - __main__ - INFO -   - Fetched for وتوسم: P/E=4.393063583815029
2025-07-11 19:09:08,775 - __main__ - WARNING -   - Skipping قشکر due to invalid fundamental data (P/E: -99.70967741935483)
2025-07-11 19:09:09,162 - __main__ - ERROR -   - ❌ Could not fetch fundamental data for تدبیر: single positional indexer is out-of-bounds
2025-07-11 19:09:11,556 - __main__ - ERROR -   - ❌ Could not fetch fundamental data for تکیمیا: unsupported operand type(s) for *: 'NoneType' and 'float'
2025-07-11 19:09:15,328 - __main__ - WARNING -   - Skipping وساختح due to invalid fundamental data (P/E: None)
2025-07-11 19:09:17,606 - __main__ - WARNING -   - Skipping ارزش مسکن due to invalid fundamental data (P/E: None)
2025-07-11 19:09:20,193 - __main__ - INFO -   - Fetched for غشاذر: P/E=6.499567847882455
2025-07-11 19:09:22,445 - __main__ - WARNING -   - Skipping دیبا due to invalid fundamental data (P/E: None)
2025-07-11 19:09:25,046 - __main__ - WARNING -   - Skipping کشرق due to invalid fundamental data (P/E: -7.7106582565097845)
2025-07-11 19:09:27,649 - __main__ - WARNING -   - Skipping وملتح due to invalid fundamental data (P/E: None)
2025-07-11 19:09:30,944 - __main__ - INFO -   - Fetched for حفاری: P/E=1.9867807153965786
2025-07-11 19:09:33,512 - __main__ - WARNING -   - Skipping پالایش due to invalid fundamental data (P/E: None)
2025-07-11 19:09:35,892 - __main__ - INFO -   - Fetched for حآفرین: P/E=37.65714285714286
2025-07-11 19:09:38,494 - __main__ - INFO -   - Fetched for پارس: P/E=8.62210796915167
2025-07-11 19:09:41,173 - __main__ - INFO -   - Fetched for کلوند: P/E=6.314779270633397
2025-07-11 19:09:44,465 - __main__ - WARNING -   - Skipping شخارکح due to invalid fundamental data (P/E: None)
2025-07-11 19:09:45,652 - __main__ - ERROR -   - ❌ Could not fetch fundamental data for لمخابر: Cannot get realtime data from inactive ticker لمخابر
2025-07-11 19:09:48,606 - __main__ - INFO -   - Fetched for سیدکو: P/E=6.620795107033639
2025-07-11 19:09:52,667 - __main__ - INFO -   - Fetched for ثعتما: P/E=108.28125
2025-07-11 19:09:56,501 - __main__ - INFO -   - Fetched for وسکرد: P/E=2.7628205128205128
2025-07-11 19:09:58,569 - __main__ - WARNING -   - Skipping پادا due to invalid fundamental data (P/E: None)
2025-07-11 19:10:01,577 - __main__ - INFO -   - Fetched for کپشیر: P/E=8.819400127632418
2025-07-11 19:10:04,077 - __main__ - WARNING -   - Skipping فاهوازح due to invalid fundamental data (P/E: None)
2025-07-11 19:10:06,285 - __main__ - ERROR -   - ❌ Could not fetch fundamental data for فروم: Cannot get realtime data from inactive ticker فروم
2025-07-11 19:10:08,625 - __main__ - WARNING -   - Skipping زیتون due to invalid fundamental data (P/E: None)
2025-07-11 19:10:11,463 - __main__ - INFO -   - Fetched for ثباغ: P/E=8.896396396396396
2025-07-11 19:10:14,333 - __main__ - INFO -   - Fetched for دحاوی: P/E=14.19
2025-07-11 19:10:17,784 - __main__ - INFO -   - Fetched for پشاهن: P/E=12.18565885903147
2025-07-11 19:10:20,009 - __main__ - WARNING -   - Skipping سیدکوح due to invalid fundamental data (P/E: None)
2025-07-11 19:10:22,572 - __main__ - INFO -   - Fetched for گوهران: P/E=5.350663716814159
2025-07-11 19:10:25,848 - __main__ - WARNING -   - Skipping کفپارسح due to invalid fundamental data (P/E: None)
2025-07-11 19:10:27,991 - __main__ - WARNING -   - Skipping سدشتح due to invalid fundamental data (P/E: None)
2025-07-11 19:10:30,701 - __main__ - INFO -   - Fetched for سشرق: P/E=7.622619734564339
2025-07-11 19:10:33,213 - __main__ - INFO -   - Fetched for شزنگ: P/E=38.599105812220564
2025-07-11 19:10:36,569 - __main__ - WARNING -   - Skipping دتمادح due to invalid fundamental data (P/E: None)
2025-07-11 19:10:39,914 - __main__ - WARNING -   - Skipping ساذریح due to invalid fundamental data (P/E: None)
2025-07-11 19:10:42,229 - __main__ - WARNING -   - Skipping پترولح due to invalid fundamental data (P/E: None)
2025-07-11 19:10:45,207 - __main__ - INFO -   - Fetched for پارتا: P/E=9.467613132209406
2025-07-11 19:10:47,573 - __main__ - WARNING -   - Skipping ثنوساح due to invalid fundamental data (P/E: None)
2025-07-11 19:10:50,343 - __main__ - INFO -   - Fetched for سمازن: P/E=6.786922209695603
2025-07-11 19:10:53,388 - __main__ - WARNING -   - Skipping ولپارس due to invalid fundamental data (P/E: None)
2025-07-11 19:10:56,262 - __main__ - WARNING -   - Skipping کمند due to invalid fundamental data (P/E: None)
2025-07-11 19:10:58,467 - __main__ - WARNING -   - Skipping ساحل due to invalid fundamental data (P/E: None)
2025-07-11 19:11:01,282 - __main__ - INFO -   - Fetched for سکرد: P/E=9.1941982272361
2025-07-11 19:11:04,024 - __main__ - INFO -   - Fetched for تابا: P/E=109.7457627118644
2025-07-11 19:11:07,607 - __main__ - INFO -   - Fetched for زفکا: P/E=6.963963963963964
2025-07-11 19:11:10,038 - __main__ - WARNING -   - Skipping ثتران due to invalid fundamental data (P/E: -3.75)
2025-07-11 19:11:12,300 - __main__ - INFO -   - Fetched for غناب: P/E=205.25
2025-07-11 19:11:14,871 - __main__ - WARNING -   - Skipping زنجان due to invalid fundamental data (P/E: -1525.0)
2025-07-11 19:11:17,056 - __main__ - INFO -   - Fetched for خکرمان: P/E=6.730185497470489
2025-07-11 19:11:17,453 - __main__ - ERROR -   - ❌ Could not fetch fundamental data for سایراح: single positional indexer is out-of-bounds
2025-07-11 19:11:19,719 - __main__ - WARNING -   - Skipping فملیح due to invalid fundamental data (P/E: None)
2025-07-11 19:11:20,769 - __main__ - ERROR -   - ❌ Could not fetch fundamental data for غساسا: Cannot get realtime data from inactive ticker غساسا
2025-07-11 19:11:23,498 - __main__ - INFO -   - Fetched for غگرجی: P/E=138.8
2025-07-11 19:11:25,842 - __main__ - WARNING -   - Skipping آسام due to invalid fundamental data (P/E: None)
2025-07-11 19:11:28,022 - __main__ - WARNING -   - Skipping وپارسح due to invalid fundamental data (P/E: None)
2025-07-11 19:11:31,050 - __main__ - WARNING -   - Skipping برلیان due to invalid fundamental data (P/E: None)
2025-07-11 19:11:33,894 - __main__ - INFO -   - Fetched for فنورد: P/E=5.901942645698427
2025-07-11 19:11:36,220 - __main__ - WARNING -   - Skipping وسنا due to invalid fundamental data (P/E: -160.74468085106383)
2025-07-11 19:11:38,354 - __main__ - WARNING -   - Skipping هوشیار due to invalid fundamental data (P/E: None)
2025-07-11 19:11:40,741 - __main__ - WARNING -   - Skipping ضمان due to invalid fundamental data (P/E: None)
2025-07-11 19:11:44,216 - __main__ - INFO -   - Fetched for بازرگام: P/E=13.231552162849873
2025-07-11 19:11:47,080 - __main__ - WARNING -   - Skipping ولتجار due to invalid fundamental data (P/E: None)
2025-07-11 19:11:48,060 - __main__ - ERROR -   - ❌ Could not fetch fundamental data for لمخابرح: Cannot get realtime data from inactive ticker لمخابرح
2025-07-11 19:11:50,536 - __main__ - WARNING -   - Skipping کخاکح due to invalid fundamental data (P/E: None)
2025-07-11 19:11:52,913 - __main__ - INFO -   - Fetched for اتکای: P/E=3.993558776167472
2025-07-11 19:11:55,800 - __main__ - WARNING -   - Skipping تپمپیح due to invalid fundamental data (P/E: None)
2025-07-11 19:11:58,425 - __main__ - INFO -   - Fetched for غچین: P/E=11.381756756756756
2025-07-11 19:12:02,560 - __main__ - WARNING -   - Skipping سفاسی due to invalid fundamental data (P/E: -21.902439024390244)
2025-07-11 19:12:05,551 - __main__ - INFO -   - Fetched for کسعدی: P/E=7.095709570957096
2025-07-11 19:12:05,948 - __main__ - ERROR -   - ❌ Could not fetch fundamental data for غبهپاکح: single positional indexer is out-of-bounds
2025-07-11 19:12:08,375 - __main__ - INFO -   - Fetched for پاکشو: P/E=8.143389199255122
2025-07-11 19:12:09,915 - __main__ - INFO -   - Fetched for فولاد: P/E=4.7952
2025-07-11 19:12:11,841 - __main__ - ERROR -   - ❌ Could not fetch fundamental data for حامی1401: Cannot get realtime data from inactive ticker حامی1401
2025-07-11 19:12:14,254 - __main__ - INFO -   - Fetched for قلرست: P/E=6.63872590108969
2025-07-11 19:12:17,632 - __main__ - INFO -   - Fetched for آباد: P/E=1213.0
2025-07-11 19:12:26,772 - __main__ - INFO -   - Fetched for ونیکی: P/E=6.05955334987593
2025-07-11 19:12:45,233 - urllib3.connectionpool - WARNING - Retrying (Retry(total=4, connect=4, read=5, redirect=None, status=None)) after connection broken by 'ConnectTimeoutError(<urllib3.connection.HTTPConnection object at 0x0000022754B7E350>, 'Connection to service.tsetmc.com timed out. (connect timeout=5)')': /tsev2/data/TseClient2.aspx?t=LastPossibleDeven
2025-07-11 19:12:55,854 - urllib3.connectionpool - WARNING - Retrying (Retry(total=3, connect=3, read=5, redirect=None, status=None)) after connection broken by 'ConnectTimeoutError(<urllib3.connection.HTTPConnection object at 0x0000022754B9FB10>, 'Connection to service.tsetmc.com timed out. (connect timeout=5)')': /tsev2/data/TseClient2.aspx?t=LastPossibleDeven
2025-07-11 19:13:07,083 - urllib3.connectionpool - WARNING - Retrying (Retry(total=2, connect=2, read=5, redirect=None, status=None)) after connection broken by 'ConnectTimeoutError(<urllib3.connection.HTTPConnection object at 0x0000022754B9D790>, 'Connection to service.tsetmc.com timed out. (connect timeout=5)')': /tsev2/data/TseClient2.aspx?t=LastPossibleDeven
2025-07-11 19:13:13,511 - __main__ - WARNING -   - Skipping پاداش due to invalid fundamental data (P/E: None)
2025-07-11 19:13:17,087 - __main__ - WARNING -   - Skipping شپارسح due to invalid fundamental data (P/E: None)
2025-07-11 19:13:33,153 - __main__ - WARNING -   - Skipping فسدید due to invalid fundamental data (P/E: -8.898624458262672)
2025-07-11 19:13:35,322 - __main__ - WARNING -   - Skipping دشیمیح due to invalid fundamental data (P/E: None)
2025-07-11 19:13:37,727 - __main__ - WARNING -   - Skipping سفارسح due to invalid fundamental data (P/E: None)
2025-07-11 19:13:40,624 - __main__ - INFO -   - Fetched for والبر: P/E=4.858796296296297
2025-07-11 19:13:43,952 - __main__ - WARNING -   - Skipping سدورح due to invalid fundamental data (P/E: None)
2025-07-11 19:13:48,737 - __main__ - INFO -   - Fetched for دامین: P/E=66.08695652173913
2025-07-11 19:14:00,861 - __main__ - WARNING -   - Skipping ختورح due to invalid fundamental data (P/E: None)
2025-07-11 19:14:31,954 - urllib3.connectionpool - WARNING - Retrying (Retry(total=4, connect=5, read=4, redirect=None, status=None)) after connection broken by 'ReadTimeoutError("HTTPConnectionPool(host='service.tsetmc.com', port=80): Read timed out. (read timeout=5)")': /tsev2/data/TseClient2.aspx?t=LastPossibleDeven
2025-07-11 19:14:35,135 - __main__ - INFO -   - Fetched for فزر: P/E=7.942973523421589
2025-07-11 19:14:37,383 - __main__ - INFO -   - Fetched for وپسا: P/E=12.992125984251969
2025-07-11 19:14:39,695 - __main__ - WARNING -   - Skipping آگاس due to invalid fundamental data (P/E: None)
2025-07-11 19:14:42,008 - __main__ - INFO -   - Fetched for وکبهمن: P/E=3.826603325415677
2025-07-11 19:14:44,279 - __main__ - INFO -   - Fetched for شاروم: P/E=15.272373540856032
2025-07-11 19:14:46,765 - __main__ - WARNING -   - Skipping اوان due to invalid fundamental data (P/E: None)
2025-07-11 19:14:49,086 - __main__ - WARNING -   - Skipping جمح due to invalid fundamental data (P/E: None)
2025-07-11 19:14:51,468 - __main__ - INFO -   - Fetched for وسخراج: P/E=315.57142857142856
2025-07-11 19:14:53,788 - __main__ - WARNING -   - Skipping فولاژح due to invalid fundamental data (P/E: None)
2025-07-11 19:14:54,173 - pytse - ERROR - Cannot read daily trade records for symbol: دقاضی
2025-07-11 19:14:56,975 - __main__ - INFO -   - Fetched for دقاضی: P/E=7.576112412177986
2025-07-11 19:14:57,830 - __main__ - ERROR -   - ❌ Could not fetch fundamental data for فوکاح: Cannot get realtime data from inactive ticker فوکاح
2025-07-11 19:15:00,919 - __main__ - INFO -   - Fetched for آردینه: P/E=7.953708574434508
2025-07-11 19:15:14,710 - __main__ - WARNING -   - Skipping دابورح due to invalid fundamental data (P/E: None)
2025-07-11 19:15:28,702 - __main__ - WARNING -   - Skipping کهرام due to invalid fundamental data (P/E: -5.751173708920188)
2025-07-11 19:15:31,078 - __main__ - WARNING -   - Skipping وآیند due to invalid fundamental data (P/E: -0.07222911212162969)
2025-07-11 19:15:31,459 - __main__ - ERROR -   - ❌ Could not fetch fundamental data for وسقزوین: single positional indexer is out-of-bounds
2025-07-11 19:15:34,571 - __main__ - WARNING -   - Skipping وآذر due to invalid fundamental data (P/E: -238.0952380952381)
2025-07-11 19:16:00,756 - __main__ - WARNING -   - Skipping سمایه due to invalid fundamental data (P/E: -0.17082064261507443)
2025-07-11 19:16:03,163 - __main__ - WARNING -   - Skipping داروح due to invalid fundamental data (P/E: None)
2025-07-11 19:16:05,806 - __main__ - INFO -   - Fetched for واتی: P/E=5.69364161849711
2025-07-11 19:16:08,066 - __main__ - WARNING -   - Skipping گنجین due to invalid fundamental data (P/E: None)
2025-07-11 19:16:10,578 - __main__ - INFO -   - Fetched for پخش: P/E=4.995004995004995
2025-07-11 19:16:12,806 - __main__ - WARNING -   - Skipping مدارانح due to invalid fundamental data (P/E: None)
2025-07-11 19:16:15,037 - __main__ - WARNING -   - Skipping حفاریح due to invalid fundamental data (P/E: None)
2025-07-11 19:16:17,850 - __main__ - INFO -   - Fetched for وتوشه: P/E=3.551912568306011
2025-07-11 19:16:20,104 - __main__ - INFO -   - Fetched for فبستم: P/E=62.11981566820276
2025-07-11 19:16:28,505 - __main__ - INFO -   - Fetched for بهپاک: P/E=5.142857142857143
2025-07-11 19:16:41,265 - urllib3.connectionpool - WARNING - Retrying (Retry(total=4, connect=5, read=4, redirect=None, status=None)) after connection broken by 'ReadTimeoutError("HTTPConnectionPool(host='service.tsetmc.com', port=80): Read timed out. (read timeout=5)")': /tsev2/data/TseClient2.aspx?t=LastPossibleDeven
2025-07-11 19:16:51,730 - urllib3.connectionpool - WARNING - Retrying (Retry(total=3, connect=5, read=3, redirect=None, status=None)) after connection broken by 'ReadTimeoutError("HTTPConnectionPool(host='service.tsetmc.com', port=80): Read timed out. (read timeout=5)")': /tsev2/data/TseClient2.aspx?t=LastPossibleDeven
2025-07-11 19:17:09,654 - __main__ - WARNING -   - Skipping آکورد due to invalid fundamental data (P/E: None)
2025-07-11 19:17:21,629 - __main__ - WARNING -   - Skipping دیرانح due to invalid fundamental data (P/E: None)
2025-07-11 19:17:24,151 - __main__ - INFO -   - Fetched for کاسپین: P/E=6.246422438465942
2025-07-11 19:17:26,378 - __main__ - WARNING -   - Skipping ثابت اکسیژن due to invalid fundamental data (P/E: None)
2025-07-11 19:17:28,781 - __main__ - INFO -   - Fetched for لوتوس: P/E=3.91897233201581
2025-07-11 19:17:31,145 - __main__ - WARNING -   - Skipping چفیبرح due to invalid fundamental data (P/E: None)
2025-07-11 19:17:34,520 - __main__ - WARNING -   - Skipping خپویشح due to invalid fundamental data (P/E: None)
2025-07-11 19:17:37,214 - __main__ - WARNING -   - Skipping واتیح due to invalid fundamental data (P/E: None)
2025-07-11 19:17:39,810 - __main__ - INFO -   - Fetched for وآفر: P/E=5.448877805486284
2025-07-11 19:17:45,680 - __main__ - WARNING -   - Skipping وزمین due to invalid fundamental data (P/E: -0.08684235502546743)
2025-07-11 19:18:20,847 - __main__ - WARNING -   - Skipping لپیامح due to invalid fundamental data (P/E: None)
2025-07-11 19:18:42,459 - __main__ - INFO -   - Fetched for آ س پ: P/E=9.168724279835391
2025-07-11 19:18:46,049 - __main__ - INFO -   - Fetched for شپاس: P/E=10.005452562704471
2025-07-11 19:18:48,551 - __main__ - WARNING -   - Skipping سفانوح due to invalid fundamental data (P/E: None)
2025-07-11 19:18:55,464 - __main__ - INFO -   - Fetched for ثاخت: P/E=3.292265571526352
2025-07-11 19:19:15,247 - __main__ - WARNING -   - Skipping اونیکس due to invalid fundamental data (P/E: None)
2025-07-11 19:19:22,736 - __main__ - INFO -   - Fetched for سمگا: P/E=2.837162837162837
2025-07-11 19:19:25,099 - __main__ - ERROR -   - ❌ Could not fetch fundamental data for قثابتح: single positional indexer is out-of-bounds
2025-07-11 19:19:41,013 - urllib3.connectionpool - WARNING - Retrying (Retry(total=4, connect=4, read=5, redirect=None, status=None)) after connection broken by 'ConnectTimeoutError(<urllib3.connection.HTTPConnection object at 0x00000227537CAC50>, 'Connection to service.tsetmc.com timed out. (connect timeout=5)')': /tsev2/data/TseClient2.aspx?t=LastPossibleDeven
2025-07-11 19:20:04,795 - urllib3.connectionpool - WARNING - Retrying (Retry(total=4, connect=5, read=4, redirect=None, status=None)) after connection broken by 'ReadTimeoutError("HTTPConnectionPool(host='old.tsetmc.com', port=80): Read timed out. (read timeout=5)")': /tsev2/data/instinfofast.aspx?i=61332057061846617&c=0&e=1
2025-07-11 19:20:18,017 - __main__ - INFO -   - Fetched for دابور: P/E=11.746938775510204
2025-07-11 19:20:21,505 - __main__ - INFO -   - Fetched for رافزا: P/E=7.404092071611253
2025-07-11 19:20:24,250 - __main__ - INFO -   - Fetched for کترام: P/E=544.1428571428571
2025-07-11 19:20:26,989 - __main__ - WARNING -   - Skipping دالبرح due to invalid fundamental data (P/E: None)
2025-07-11 19:20:29,553 - __main__ - INFO -   - Fetched for پتایر: P/E=5.622340425531915
2025-07-11 19:20:30,363 - __main__ - ERROR -   - ❌ Could not fetch fundamental data for قستانح: Cannot get realtime data from inactive ticker قستانح
2025-07-11 19:20:31,131 - __main__ - ERROR -   - ❌ Could not fetch fundamental data for فمتالح: Cannot get realtime data from inactive ticker فمتالح
2025-07-11 19:20:33,976 - __main__ - INFO -   - Fetched for شکربن: P/E=7.380560131795717
2025-07-11 19:20:36,975 - __main__ - INFO -   - Fetched for شکلر: P/E=6.5003326679973386
2025-07-11 19:20:37,386 - __main__ - ERROR -   - ❌ Could not fetch fundamental data for فروسح: single positional indexer is out-of-bounds
2025-07-11 19:20:39,424 - __main__ - WARNING -   - Skipping خلیج due to invalid fundamental data (P/E: None)
2025-07-11 19:20:41,791 - __main__ - WARNING -   - Skipping کحافظح due to invalid fundamental data (P/E: None)
2025-07-11 19:20:44,346 - __main__ - WARNING -   - Skipping بکابح due to invalid fundamental data (P/E: None)
2025-07-11 19:20:46,970 - __main__ - INFO -   - Fetched for وساپا: P/E=17.55686274509804
2025-07-11 19:20:49,847 - __main__ - INFO -   - Fetched for وشهر: P/E=2.2771317829457365
2025-07-11 19:20:52,424 - __main__ - INFO -   - Fetched for کرازی: P/E=5.873239436619718
2025-07-11 19:20:55,607 - __main__ - WARNING -   - Skipping دانیک due to invalid fundamental data (P/E: None)
2025-07-11 19:21:02,037 - __main__ - INFO -   - Fetched for لخزر: P/E=4.942418426103647
2025-07-11 19:21:40,308 - __main__ - WARNING -   - Skipping خزرح due to invalid fundamental data (P/E: None)
2025-07-11 19:21:43,393 - __main__ - WARNING -   - Skipping عشادگان due to invalid fundamental data (P/E: None)
2025-07-11 19:21:47,341 - __main__ - INFO -   - Fetched for خکار: P/E=3.876315789473684
2025-07-11 19:21:54,849 - __main__ - INFO -   - Fetched for سخزر: P/E=8.746724890829695
2025-07-11 19:22:00,277 - __main__ - INFO -   - Fetched for شلیا: P/E=14.27734375
2025-07-11 19:22:14,010 - __main__ - WARNING -   - Skipping کیان due to invalid fundamental data (P/E: None)
2025-07-11 19:22:20,113 - __main__ - WARNING -   - Skipping ختراکح due to invalid fundamental data (P/E: None)
2025-07-11 19:22:57,008 - __main__ - INFO -   - Fetched for وحافظ: P/E=20.636942675159236
2025-07-11 19:22:59,563 - __main__ - INFO -   - Fetched for ما: P/E=3.9441997063142438
2025-07-11 19:23:01,904 - __main__ - WARNING -   - Skipping غاذرح due to invalid fundamental data (P/E: None)
2025-07-11 19:23:04,078 - __main__ - WARNING -   - Skipping شزنگح due to invalid fundamental data (P/E: None)
2025-07-11 19:23:06,236 - __main__ - WARNING -   - Skipping حتایدح due to invalid fundamental data (P/E: None)
2025-07-11 19:23:09,525 - __main__ - WARNING -   - Skipping پشاهنح due to invalid fundamental data (P/E: None)
2025-07-11 19:23:14,471 - __main__ - WARNING -   - Skipping کویرح due to invalid fundamental data (P/E: None)
2025-07-11 19:23:14,860 - __main__ - ERROR -   - ❌ Could not fetch fundamental data for رانفورح: single positional indexer is out-of-bounds
2025-07-11 19:23:17,488 - __main__ - INFO -   - Fetched for زکوثر: P/E=7.02233902759527
2025-07-11 19:23:20,945 - __main__ - INFO -   - Fetched for زپارس: P/E=13.369690011481056
2025-07-11 19:23:24,313 - __main__ - WARNING -   - Skipping کالا due to invalid fundamental data (P/E: None)
2025-07-11 19:23:27,893 - __main__ - INFO -   - Fetched for ثجوان: P/E=64.33333333333333
2025-07-11 19:23:28,267 - __main__ - ERROR -   - ❌ Could not fetch fundamental data for قلرستح: single positional indexer is out-of-bounds
2025-07-11 19:23:30,527 - __main__ - WARNING -   - Skipping ساذری due to invalid fundamental data (P/E: -1000.0)
2025-07-11 19:23:33,097 - __main__ - WARNING -   - Skipping صنوین due to invalid fundamental data (P/E: None)
2025-07-11 19:23:35,301 - __main__ - WARNING -   - Skipping غدامح due to invalid fundamental data (P/E: None)
2025-07-11 19:23:37,747 - __main__ - INFO -   - Fetched for سپ: P/E=71.61458333333333
2025-07-11 19:23:39,878 - __main__ - INFO -   - Fetched for قتربت: P/E=6.345833333333333
2025-07-11 19:23:42,120 - __main__ - INFO -   - Fetched for وآوا: P/E=35.5
2025-07-11 19:23:44,632 - __main__ - INFO -   - Fetched for فولای: P/E=9.466357308584687
2025-07-11 19:23:46,640 - __main__ - WARNING -   - Skipping وتوسمح due to invalid fundamental data (P/E: None)
2025-07-11 19:23:48,928 - __main__ - INFO -   - Fetched for لطیف: P/E=17.43846153846154
2025-07-11 19:23:51,565 - __main__ - INFO -   - Fetched for سصفها: P/E=20.766871165644172
2025-07-11 19:23:54,290 - __main__ - INFO -   - Fetched for دلقما: P/E=13.236220472440944
2025-07-11 19:23:56,456 - __main__ - WARNING -   - Skipping انار due to invalid fundamental data (P/E: None)
2025-07-11 19:23:58,593 - __main__ - INFO -   - Fetched for آلومینا: P/E=6.878527449974346
2025-07-11 19:23:58,970 - __main__ - ERROR -   - ❌ Could not fetch fundamental data for پخش اول: single positional indexer is out-of-bounds
2025-07-11 19:24:01,091 - __main__ - INFO -   - Fetched for وامین: P/E=23.89121338912134
2025-07-11 19:24:03,299 - __main__ - WARNING -   - Skipping شفارسح due to invalid fundamental data (P/E: None)
2025-07-11 19:24:05,714 - __main__ - INFO -   - Fetched for غگل: P/E=11.97427652733119
2025-07-11 19:24:07,965 - __main__ - WARNING -   - Skipping ثاختح due to invalid fundamental data (P/E: None)
2025-07-11 19:24:10,319 - __main__ - WARNING -   - Skipping حتوکاح due to invalid fundamental data (P/E: None)
2025-07-11 19:24:12,676 - __main__ - WARNING -   - Skipping آسامید due to invalid fundamental data (P/E: None)
2025-07-11 19:24:15,599 - __main__ - INFO -   - Fetched for سفارس: P/E=10.320304017372422
2025-07-11 19:24:18,864 - __main__ - WARNING -   - Skipping عبهمن due to invalid fundamental data (P/E: None)
2025-07-11 19:24:21,620 - __main__ - INFO -   - Fetched for فنوال: P/E=5.738188976377953
2025-07-11 19:24:22,475 - __main__ - ERROR -   - ❌ Could not fetch fundamental data for وانصارح: Cannot get realtime data from inactive ticker وانصارح
2025-07-11 19:24:24,936 - __main__ - WARNING -   - Skipping وایران due to invalid fundamental data (P/E: None)
2025-07-11 19:24:27,478 - __main__ - INFO -   - Fetched for فولاژ: P/E=9.572815533980583
2025-07-11 19:24:30,045 - __main__ - WARNING -   - Skipping تکشاح due to invalid fundamental data (P/E: None)
2025-07-11 19:24:33,367 - __main__ - WARNING -   - Skipping شکفح due to invalid fundamental data (P/E: None)
2025-07-11 19:24:36,245 - __main__ - WARNING -   - Skipping بکهنوج due to invalid fundamental data (P/E: -1.7738998482549317)
2025-07-11 19:24:38,640 - __main__ - WARNING -   - Skipping نهال due to invalid fundamental data (P/E: None)
2025-07-11 19:24:40,841 - __main__ - WARNING -   - Skipping اعتبار due to invalid fundamental data (P/E: None)
2025-07-11 19:24:43,598 - __main__ - INFO -   - Fetched for ومعادن: P/E=5.216
2025-07-11 19:24:46,041 - __main__ - INFO -   - Fetched for گکوثر: P/E=6.3875
2025-07-11 19:24:48,820 - __main__ - INFO -   - Fetched for شاراک: P/E=21.704260651629074
2025-07-11 19:24:51,339 - __main__ - WARNING -   - Skipping ارمغان due to invalid fundamental data (P/E: None)
2025-07-11 19:24:51,802 - __main__ - ERROR -   - ❌ Could not fetch fundamental data for شسیناح: single positional indexer is out-of-bounds
2025-07-11 19:24:54,064 - __main__ - INFO -   - Fetched for اپال: P/E=5.868436237738027
2025-07-11 19:24:57,486 - __main__ - INFO -   - Fetched for کایتا: P/E=40.292682926829265
2025-07-11 19:25:00,066 - __main__ - WARNING -   - Skipping نمرینو due to invalid fundamental data (P/E: None)
2025-07-11 19:25:02,926 - __main__ - INFO -   - Fetched for تپمپی: P/E=4.735241502683363
2025-07-11 19:25:05,526 - __main__ - INFO -   - Fetched for فلامی: P/E=14.628297362110311
2025-07-11 19:25:07,906 - __main__ - WARNING -   - Skipping فسربح due to invalid fundamental data (P/E: None)
2025-07-11 19:25:11,074 - __main__ - INFO -   - Fetched for اتکاسا: P/E=3.684053651266766
2025-07-11 19:25:13,514 - __main__ - INFO -   - Fetched for قنقش: P/E=403.81471389645776
2025-07-11 19:25:15,765 - __main__ - INFO -   - Fetched for گدنا: P/E=19.40366972477064
2025-07-11 19:25:18,139 - __main__ - WARNING -   - Skipping پلاسکح due to invalid fundamental data (P/E: None)
2025-07-11 19:25:20,598 - __main__ - INFO -   - Fetched for ناما: P/E=6.060894386298763
2025-07-11 19:25:23,972 - __main__ - INFO -   - Fetched for فجهان: P/E=9.554585152838428
2025-07-11 19:25:26,698 - __main__ - WARNING -   - Skipping تکنو due to invalid fundamental data (P/E: -54.130434782608695)
2025-07-11 19:25:29,035 - __main__ - WARNING -   - Skipping پلاستح due to invalid fundamental data (P/E: None)
2025-07-11 19:25:32,805 - __main__ - WARNING -   - Skipping کاماح due to invalid fundamental data (P/E: None)
2025-07-11 19:25:33,727 - __main__ - ERROR -   - ❌ Could not fetch fundamental data for فپارس: Cannot get realtime data from inactive ticker فپارس
2025-07-11 19:25:36,412 - __main__ - INFO -   - Fetched for شپارس: P/E=11.110070257611241
2025-07-11 19:25:38,754 - __main__ - WARNING -   - Skipping تاپیکوح due to invalid fundamental data (P/E: None)
2025-07-11 19:25:41,685 - __main__ - INFO -   - Fetched for سغرب: P/E=11.4950634696756
2025-07-11 19:25:44,542 - __main__ - INFO -   - Fetched for وبملت: P/E=1.3271420011983224
2025-07-11 19:25:47,288 - __main__ - WARNING -   - Skipping ذوب due to invalid fundamental data (P/E: -2.3701298701298703)
2025-07-11 19:25:47,695 - __main__ - ERROR -   - ❌ Could not fetch fundamental data for سصفهاح: single positional indexer is out-of-bounds
2025-07-11 19:25:50,020 - __main__ - WARNING -   - Skipping ثشاهدح due to invalid fundamental data (P/E: None)
2025-07-11 19:25:53,346 - __main__ - WARNING -   - Skipping ولیزح due to invalid fundamental data (P/E: None)
2025-07-11 19:25:55,429 - __main__ - WARNING -   - Skipping گارانتی due to invalid fundamental data (P/E: None)
2025-07-11 19:25:57,671 - __main__ - WARNING -   - Skipping یارا due to invalid fundamental data (P/E: None)
2025-07-11 19:26:00,112 - __main__ - INFO -   - Fetched for ساربیل: P/E=9.649960222752586
2025-07-11 19:26:00,537 - __main__ - ERROR -   - ❌ Could not fetch fundamental data for شوشح: single positional indexer is out-of-bounds
2025-07-11 19:26:04,094 - __main__ - INFO -   - Fetched for کنیلو: P/E=1.7271157167530224
2025-07-11 19:26:04,928 - __main__ - ERROR -   - ❌ Could not fetch fundamental data for وآردل: Cannot get realtime data from inactive ticker وآردل
2025-07-11 19:26:07,973 - __main__ - INFO -   - Fetched for وآرین: P/E=16.32330827067669
2025-07-11 19:26:10,589 - __main__ - INFO -   - Fetched for حتوکا: P/E=5.5
2025-07-11 19:26:13,208 - __main__ - INFO -   - Fetched for ونیرو: P/E=12.679324894514767
2025-07-11 19:26:15,495 - __main__ - WARNING -   - Skipping رابین due to invalid fundamental data (P/E: None)
2025-07-11 19:26:16,322 - __main__ - ERROR -   - ❌ Could not fetch fundamental data for تپکوح: Cannot get realtime data from inactive ticker تپکوح
2025-07-11 19:26:19,664 - __main__ - WARNING -   - Skipping آرام due to invalid fundamental data (P/E: None)
2025-07-11 19:26:21,866 - __main__ - WARNING -   - Skipping بشهابح due to invalid fundamental data (P/E: None)
2025-07-11 19:26:22,812 - __main__ - ERROR -   - ❌ Could not fetch fundamental data for شپمچاح: Cannot get realtime data from inactive ticker شپمچاح
2025-07-11 19:26:25,584 - __main__ - INFO -   - Fetched for فسا: P/E=42.875
2025-07-11 19:26:27,863 - __main__ - WARNING -   - Skipping غمهراح due to invalid fundamental data (P/E: None)
2025-07-11 19:26:30,500 - __main__ - INFO -   - Fetched for سبهان: P/E=6.172473867595818
2025-07-11 19:26:32,633 - __main__ - INFO -   - Fetched for سپیدار: P/E=16.568877551020407
2025-07-11 19:26:35,005 - __main__ - ERROR -   - ❌ Could not fetch fundamental data for وانصار: Cannot get realtime data from inactive ticker وانصار
2025-07-11 19:26:37,530 - __main__ - INFO -   - Fetched for قچار: P/E=5.2961730449251245
2025-07-11 19:26:37,915 - __main__ - ERROR -   - ❌ Could not fetch fundamental data for زرنام: single positional indexer is out-of-bounds
2025-07-11 19:26:40,245 - __main__ - WARNING -   - Skipping رمپناح due to invalid fundamental data (P/E: None)
2025-07-11 19:26:42,528 - __main__ - WARNING -   - Skipping تنوینح due to invalid fundamental data (P/E: None)
2025-07-11 19:26:44,831 - __main__ - WARNING -   - Skipping دکیمیح due to invalid fundamental data (P/E: None)
2025-07-11 19:26:47,257 - __main__ - WARNING -   - Skipping ونیروح due to invalid fundamental data (P/E: None)
2025-07-11 19:26:49,508 - __main__ - WARNING -   - Skipping سترانح due to invalid fundamental data (P/E: None)
2025-07-11 19:26:51,941 - __main__ - WARNING -   - Skipping فسازانح due to invalid fundamental data (P/E: None)
2025-07-11 19:26:54,618 - __main__ - INFO -   - Fetched for دلر: P/E=5.84827284652383
2025-07-11 19:26:57,023 - __main__ - WARNING -   - Skipping وتوصاح due to invalid fundamental data (P/E: None)
2025-07-11 19:27:02,316 - __main__ - ERROR -   - ❌ Could not fetch fundamental data for قپارس: Cannot get realtime data from inactive ticker قپارس
2025-07-11 19:27:25,888 - urllib3.connectionpool - WARNING - Retrying (Retry(total=4, connect=4, read=5, redirect=None, status=None)) after connection broken by 'ConnectTimeoutError(<urllib3.connection.HTTPConnection object at 0x0000022755F03D90>, 'Connection to service.tsetmc.com timed out. (connect timeout=5)')': /tsev2/data/TseClient2.aspx?t=LastPossibleDeven
2025-07-11 19:27:36,531 - urllib3.connectionpool - WARNING - Retrying (Retry(total=3, connect=3, read=5, redirect=None, status=None)) after connection broken by 'ConnectTimeoutError(<urllib3.connection.HTTPConnection object at 0x0000022755F00110>, 'Connection to service.tsetmc.com timed out. (connect timeout=5)')': /tsev2/data/TseClient2.aspx?t=LastPossibleDeven
2025-07-11 19:27:54,795 - __main__ - INFO -   - Fetched for بفجر: P/E=4.447228311932352
2025-07-11 19:27:59,342 - __main__ - ERROR -   - ❌ Could not fetch fundamental data for شموادح: single positional indexer is out-of-bounds
2025-07-11 19:28:13,438 - __main__ - INFO -   - Fetched for وسدید: P/E=47.42424242424242
2025-07-11 20:04:29,987 - __main__ - INFO - Data directory set to: C:\Portfolio-Optimizer\data\tickers_data
2025-07-11 20:04:29,988 - __main__ - INFO - Cache directory set to: C:\Portfolio-Optimizer\cache
2025-07-11 20:04:29,988 - __main__ - INFO - 🚀 Starting Smart Downloader...
2025-07-11 20:04:29,988 - __main__ - INFO - 📊 Fetching full symbol list for pre-filtering...
2025-07-11 20:04:29,988 - __main__ - ERROR - ❌ Failed to fetch symbol list: 'module' object is not callable
2025-07-11 20:05:24,746 - __main__ - INFO - Data directory set to: C:\Portfolio-Optimizer\data\tickers_data
2025-07-11 20:05:24,746 - __main__ - INFO - Cache directory set to: C:\Portfolio-Optimizer\cache
2025-07-11 20:05:24,747 - __main__ - INFO - 🚀 Starting Smart Downloader...
2025-07-11 20:05:24,747 - __main__ - INFO - 📊 Fetching full symbol list for pre-filtering...
2025-07-11 20:05:24,755 - __main__ - INFO -    Found 1394 total symbols.
2025-07-11 20:05:24,755 - __main__ - INFO - 🔍 Applying pre-download filter...
2025-07-11 20:06:48,363 - __main__ - INFO - Data directory set to: C:\Portfolio-Optimizer\data\tickers_data
2025-07-11 20:06:48,363 - __main__ - INFO - Cache directory set to: C:\Portfolio-Optimizer\cache
2025-07-11 20:06:48,364 - __main__ - INFO - 🚀 Starting Smart Downloader...
2025-07-11 20:06:48,364 - __main__ - INFO - 📊 Fetching full symbol list for pre-filtering...
2025-07-11 20:06:48,370 - __main__ - INFO -    Found 1394 total symbols.
2025-07-11 20:06:48,371 - __main__ - INFO - 🔍 Applying pre-download filter...
2025-07-11 20:06:48,371 - __main__ - WARNING - Column 'type' not found, skipping this filter.
2025-07-11 20:06:48,371 - __main__ - WARNING - Column 'market' not found, skipping this filter.
2025-07-11 20:06:48,371 - __main__ - WARNING - Column 'name' not found, skipping this filter.
2025-07-11 20:08:43,608 - __main__ - INFO - Data directory set to: C:\Portfolio-Optimizer\data\tickers_data
2025-07-11 20:08:43,609 - __main__ - INFO - Cache directory set to: C:\Portfolio-Optimizer\cache
2025-07-11 20:08:43,609 - __main__ - INFO - 🚀 Starting Smart Downloader...
2025-07-11 20:08:43,609 - __main__ - INFO - 📊 Fetching all symbols from TSE...
2025-07-11 20:08:43,610 - __main__ - INFO - ✅ Using valid cache symbols_data_v3.json (95.7 hours old)
2025-07-11 20:08:43,614 - __main__ - INFO -    Loaded 1394 symbols from cache
2025-07-11 20:08:43,619 - __main__ - INFO -    Found 1394 total symbols for potential download.
2025-07-11 20:08:43,619 - __main__ - INFO - 🔍 Applying pre-download filter...
2025-07-11 20:08:43,639 - __main__ - INFO -    ✅ Filtered out 2 symbols. 1392 symbols remain for download.
2025-07-11 20:08:43,639 - __main__ - INFO - 🔬 Fetching fundamental data for 1392 symbols...
2025-07-11 20:08:57,055 - __main__ - ERROR -   - ❌ Could not fetch fundamental data for ثمسکنح: HTTPConnectionPool(host='127.0.0.1', port=10809): Max retries exceeded with url: http://service.tsetmc.com/tsev2/data/TseClient2.aspx?t=LastPossibleDeven (Caused by ResponseError('too many 503 error responses'))
2025-07-11 20:08:58,329 - __main__ - ERROR -   - ❌ Could not fetch fundamental data for قستون: Cannot get realtime data from inactive ticker قستون
2025-07-11 20:09:00,428 - __main__ - WARNING -   - Skipping درازکح due to invalid fundamental data (P/E: None)
2025-07-11 20:09:02,725 - __main__ - INFO -   - Fetched for صبا: P/E=5.943589743589744
2025-07-11 20:09:05,970 - __main__ - INFO -   - Fetched for ستران: P/E=7.197358767424798
2025-07-11 20:09:08,206 - __main__ - WARNING -   - Skipping کسعدیح due to invalid fundamental data (P/E: None)
2025-07-11 20:09:11,184 - __main__ - INFO -   - Fetched for داسوه: P/E=228.76923076923077
2025-07-11 20:09:14,287 - __main__ - INFO -   - Fetched for دفارا: P/E=4.575117780492061
2025-07-11 20:09:17,641 - __main__ - WARNING -   - Skipping اسیاتک due to invalid fundamental data (P/E: None)
2025-07-11 20:09:21,572 - __main__ - INFO -   - Fetched for میدکو: P/E=28.429577464788732
2025-07-11 20:09:24,574 - __main__ - INFO -   - Fetched for بالاس: P/E=84.72622478386167
2025-07-11 20:11:32,749 - __main__ - INFO - Data directory set to: C:\Portfolio-Optimizer\data\tickers_data
2025-07-11 20:11:32,750 - __main__ - INFO - Cache directory set to: C:\Portfolio-Optimizer\cache
2025-07-11 20:11:32,750 - __main__ - INFO - 🚀 Starting Smart Downloader...
2025-07-11 20:11:32,750 - __main__ - INFO - 📊 Fetching all symbols from TSE...
2025-07-11 20:11:32,750 - __main__ - INFO - ✅ Using valid cache symbols_data_v3.json (95.7 hours old)
2025-07-11 20:11:32,754 - __main__ - INFO -    Loaded 1394 symbols from cache
2025-07-11 20:11:32,758 - __main__ - INFO -    Found 1394 total symbols for potential download.
2025-07-11 20:11:32,758 - __main__ - INFO - 🔍 Applying pre-download filter...
2025-07-11 20:11:32,773 - __main__ - INFO -    ✅ Filtered out 2 symbols. 1392 symbols remain for download.
2025-07-11 20:11:32,773 - __main__ - INFO - ℹ️ Skipping fundamental data fetch to speed up the main price download process.
2025-07-11 20:11:32,773 - __main__ - INFO - ✅ 'شاخص کل' added to the download queue as the benchmark.
2025-07-11 20:11:32,774 - __main__ - INFO - Updating price data for 1393 symbols (including benchmark)...
2025-07-11 20:11:33,521 - __main__ - ERROR - ❌ Failed to download price for قشهدح: single positional indexer is out-of-bounds.
2025-07-11 20:11:34,733 - __main__ - INFO - 💾 Successfully downloaded and updated price for آتیمس.
2025-07-11 20:11:35,434 - __main__ - ERROR - ❌ Failed to download price for خمحورح: single positional indexer is out-of-bounds.
2025-07-11 20:11:36,185 - __main__ - ERROR - ❌ Failed to download price for وتوشهح: single positional indexer is out-of-bounds.
2025-07-11 20:11:36,959 - __main__ - ERROR - ❌ Failed to download price for تفیروح: single positional indexer is out-of-bounds.
2025-07-11 20:11:38,517 - __main__ - INFO - 💾 Successfully downloaded and updated price for وبیمه.
2025-07-11 20:11:39,184 - __main__ - ERROR - ❌ Failed to download price for شیرانح: single positional indexer is out-of-bounds.
2025-07-11 20:11:39,854 - __main__ - ERROR - ❌ Failed to download price for پرشیا: single positional indexer is out-of-bounds.
2025-07-11 20:11:40,620 - __main__ - ERROR - ❌ Failed to download price for مدار: single positional indexer is out-of-bounds.
2025-07-11 20:11:42,323 - __main__ - ERROR - ❌ Failed to download price for کقزویح: single positional indexer is out-of-bounds.
2025-07-11 20:11:43,025 - __main__ - ERROR - ❌ Failed to download price for دیسشپ: single positional indexer is out-of-bounds.
2025-07-11 20:11:43,740 - __main__ - ERROR - ❌ Failed to download price for ثملی: single positional indexer is out-of-bounds.
2025-07-11 20:11:44,447 - __main__ - ERROR - ❌ Failed to download price for باخترح: single positional indexer is out-of-bounds.
2025-07-11 20:11:45,131 - __main__ - ERROR - ❌ Failed to download price for پدرخشح: single positional indexer is out-of-bounds.
2025-07-11 20:11:45,875 - __main__ - ERROR - ❌ Failed to download price for فساز: single positional indexer is out-of-bounds.
2025-07-11 20:11:47,128 - __main__ - INFO - 💾 Successfully downloaded and updated price for وبیمهح.
2025-07-11 20:11:47,828 - __main__ - ERROR - ❌ Failed to download price for شجی: single positional indexer is out-of-bounds.
2025-07-11 20:11:48,510 - __main__ - ERROR - ❌ Failed to download price for برانسفو: single positional indexer is out-of-bounds.
2025-07-11 20:11:49,223 - __main__ - ERROR - ❌ Failed to download price for تدبیر: single positional indexer is out-of-bounds.
2025-07-11 20:11:49,925 - __main__ - ERROR - ❌ Failed to download price for سایراح: single positional indexer is out-of-bounds.
2025-07-11 20:11:50,621 - __main__ - ERROR - ❌ Failed to download price for غبهپاکح: single positional indexer is out-of-bounds.
2025-07-11 20:11:51,363 - __main__ - ERROR - ❌ Failed to download price for وسقزوین: single positional indexer is out-of-bounds.
2025-07-11 20:11:52,118 - __main__ - ERROR - ❌ Failed to download price for قثابتح: single positional indexer is out-of-bounds.
2025-07-11 20:11:52,835 - __main__ - ERROR - ❌ Failed to download price for فروسح: single positional indexer is out-of-bounds.
2025-07-11 20:11:53,614 - __main__ - ERROR - ❌ Failed to download price for رانفورح: single positional indexer is out-of-bounds.
2025-07-11 20:11:54,294 - __main__ - ERROR - ❌ Failed to download price for قلرستح: single positional indexer is out-of-bounds.
2025-07-11 20:12:10,933 - __main__ - ERROR - ❌ Failed to download price for پخش اول: HTTPConnectionPool(host='127.0.0.1', port=10809): Max retries exceeded with url: http://old.tsetmc.com/tsev2/data/Export-txt.aspx?t=i&a=1&b=0&i=16600572108732428 (Caused by ResponseError('too many 503 error responses')).
2025-07-11 20:12:35,015 - __main__ - ERROR - ❌ Failed to download price for شسیناح: HTTPConnectionPool(host='127.0.0.1', port=10809): Max retries exceeded with url: http://old.tsetmc.com/tsev2/data/Export-txt.aspx?t=i&a=1&b=0&i=1860384396424573 (Caused by ResponseError('too many 503 error responses')).
2025-07-11 20:19:20,432 - __main__ - INFO - Data directory set to: C:\Portfolio-Optimizer\data\tickers_data
2025-07-11 20:19:20,432 - __main__ - INFO - Cache directory set to: C:\Portfolio-Optimizer\cache
2025-07-11 20:19:20,432 - __main__ - INFO - 🚀 Starting Smart Downloader v2 with Pre-filtering...
2025-07-11 20:19:20,432 - __main__ - INFO - --- Stage 1: Defining Investment Universe ---
2025-07-11 20:19:20,432 - __main__ - INFO - 📊 Fetching all symbols from TSE...
2025-07-11 20:19:20,433 - __main__ - INFO - ✅ Using valid cache symbols_data_v3.json (95.9 hours old)
2025-07-11 20:19:20,436 - __main__ - INFO -    Loaded 1394 symbols from cache
2025-07-11 20:19:20,436 - __main__ - INFO - 🔍 Filtering from 1394 total symbols...
2025-07-11 20:19:20,446 - __main__ - INFO -    ✅ Filtered universe: 1394 → 1389 stocks
2025-07-11 20:19:20,446 - __main__ - INFO - ✅ 'شاخص کل' added to the download queue as the benchmark.
2025-07-11 20:19:20,446 - __main__ - INFO - 
--- Stage 2: Updating Price Data for 1390 Selected Symbols ---
2025-07-11 20:19:21,121 - __main__ - ERROR - ❌ Failed to download price for قشهدح: single positional indexer is out-of-bounds.
2025-07-11 20:19:22,184 - __main__ - ERROR - ❌ Failed to download price for خمحورح: single positional indexer is out-of-bounds.
2025-07-11 20:19:22,883 - __main__ - ERROR - ❌ Failed to download price for وتوشهح: single positional indexer is out-of-bounds.
2025-07-11 20:19:23,588 - __main__ - ERROR - ❌ Failed to download price for تفیروح: single positional indexer is out-of-bounds.
2025-07-11 20:19:24,262 - __main__ - ERROR - ❌ Failed to download price for شیرانح: single positional indexer is out-of-bounds.
2025-07-11 20:19:24,962 - __main__ - ERROR - ❌ Failed to download price for پرشیا: single positional indexer is out-of-bounds.
2025-07-11 20:19:25,644 - __main__ - ERROR - ❌ Failed to download price for مدار: single positional indexer is out-of-bounds.
2025-07-11 20:19:26,344 - __main__ - ERROR - ❌ Failed to download price for کقزویح: single positional indexer is out-of-bounds.
2025-07-11 20:19:27,061 - __main__ - ERROR - ❌ Failed to download price for دیسشپ: single positional indexer is out-of-bounds.
2025-07-11 20:19:27,739 - __main__ - ERROR - ❌ Failed to download price for ثملی: single positional indexer is out-of-bounds.
2025-07-11 20:19:28,394 - __main__ - ERROR - ❌ Failed to download price for باخترح: single positional indexer is out-of-bounds.
2025-07-11 20:19:29,088 - __main__ - ERROR - ❌ Failed to download price for پدرخشح: single positional indexer is out-of-bounds.
2025-07-11 20:19:29,785 - __main__ - ERROR - ❌ Failed to download price for فساز: single positional indexer is out-of-bounds.
2025-07-11 20:19:30,577 - __main__ - ERROR - ❌ Failed to download price for شجی: single positional indexer is out-of-bounds.
2025-07-11 20:19:31,331 - __main__ - ERROR - ❌ Failed to download price for برانسفو: single positional indexer is out-of-bounds.
2025-07-11 20:25:55,394 - __main__ - INFO - Data directory set to: C:\Portfolio-Optimizer\data\tickers_data
2025-07-11 20:25:55,394 - __main__ - INFO - Cache directory set to: C:\Portfolio-Optimizer\cache
2025-07-11 20:25:55,394 - __main__ - INFO - 🚀 Starting Smart Downloader v2 with Pre-filtering...
2025-07-11 20:25:55,395 - __main__ - INFO - --- Stage 1: Defining Investment Universe ---
2025-07-11 20:25:55,395 - __main__ - INFO - 📊 Fetching all symbols from TSE...
2025-07-11 20:25:55,395 - __main__ - INFO - ✅ Using valid cache symbols_data_v3.json (96.0 hours old)
2025-07-11 20:25:55,398 - __main__ - INFO -    Loaded 1394 symbols from cache
2025-07-11 20:25:55,399 - __main__ - INFO - 🔍 Filtering from 1394 total symbols...
2025-07-11 20:25:55,415 - __main__ - INFO -    ✅ Filtered universe: 1394 → 1389 stocks
2025-07-11 20:25:55,416 - __main__ - INFO - ✅ 'شاخص کل' added to the download queue as the benchmark.
2025-07-11 20:25:55,416 - __main__ - INFO - 
--- Stage 2: Updating Price Data for 1390 Selected Symbols ---
2025-07-11 20:25:56,318 - __main__ - WARNING - 🟡 Skipping قشهدح: No historical data available from the source.
2025-07-11 20:25:57,008 - __main__ - WARNING - 🟡 Skipping خمحورح: No historical data available from the source.
2025-07-11 20:25:57,692 - __main__ - WARNING - 🟡 Skipping وتوشهح: No historical data available from the source.
2025-07-11 20:25:58,487 - __main__ - WARNING - 🟡 Skipping تفیروح: No historical data available from the source.
2025-07-11 20:25:59,247 - __main__ - WARNING - 🟡 Skipping شیرانح: No historical data available from the source.
2025-07-11 20:26:00,026 - __main__ - WARNING - 🟡 Skipping پرشیا: No historical data available from the source.
2025-07-11 20:26:00,730 - __main__ - WARNING - 🟡 Skipping مدار: No historical data available from the source.
2025-07-11 20:26:02,605 - __main__ - WARNING - 🟡 Skipping کقزویح: No historical data available from the source.
2025-07-11 20:26:03,290 - __main__ - WARNING - 🟡 Skipping دیسشپ: No historical data available from the source.
2025-07-11 20:26:03,984 - __main__ - WARNING - 🟡 Skipping ثملی: No historical data available from the source.
2025-07-11 20:26:04,782 - __main__ - WARNING - 🟡 Skipping باخترح: No historical data available from the source.
2025-07-11 20:26:05,485 - __main__ - WARNING - 🟡 Skipping پدرخشح: No historical data available from the source.
2025-07-11 20:26:06,238 - __main__ - WARNING - 🟡 Skipping فساز: No historical data available from the source.
2025-07-11 20:26:07,052 - __main__ - WARNING - 🟡 Skipping شجی: No historical data available from the source.
2025-07-11 20:26:07,828 - __main__ - WARNING - 🟡 Skipping برانسفو: No historical data available from the source.
2025-07-11 20:26:08,720 - __main__ - WARNING - 🟡 Skipping تدبیر: No historical data available from the source.
2025-07-11 20:26:09,516 - __main__ - WARNING - 🟡 Skipping سایراح: No historical data available from the source.
2025-07-11 20:26:10,304 - __main__ - WARNING - 🟡 Skipping غبهپاکح: No historical data available from the source.
2025-07-11 20:26:11,201 - __main__ - WARNING - 🟡 Skipping وسقزوین: No historical data available from the source.
2025-07-11 20:26:12,066 - __main__ - WARNING - 🟡 Skipping قثابتح: No historical data available from the source.
2025-07-11 20:26:12,834 - __main__ - WARNING - 🟡 Skipping فروسح: No historical data available from the source.
2025-07-11 20:26:13,624 - __main__ - WARNING - 🟡 Skipping رانفورح: No historical data available from the source.
2025-07-11 20:26:14,355 - __main__ - WARNING - 🟡 Skipping قلرستح: No historical data available from the source.
2025-07-11 20:26:15,039 - __main__ - WARNING - 🟡 Skipping پخش اول: No historical data available from the source.
2025-07-11 20:26:15,799 - __main__ - WARNING - 🟡 Skipping شسیناح: No historical data available from the source.
2025-07-11 20:26:16,494 - __main__ - WARNING - 🟡 Skipping سصفهاح: No historical data available from the source.
2025-07-11 20:26:17,227 - __main__ - WARNING - 🟡 Skipping شوشح: No historical data available from the source.
2025-07-11 20:26:17,935 - __main__ - WARNING - 🟡 Skipping زرنام: No historical data available from the source.
2025-07-11 20:26:18,734 - __main__ - WARNING - 🟡 Skipping شموادح: No historical data available from the source.
2025-07-11 20:26:19,446 - __main__ - WARNING - 🟡 Skipping چافستح: No historical data available from the source.
2025-07-11 20:26:20,204 - __main__ - WARNING - 🟡 Skipping وسمحال: No historical data available from the source.
2025-07-11 20:26:20,889 - __main__ - WARNING - 🟡 Skipping تمدن: No historical data available from the source.
2025-07-11 20:26:21,580 - __main__ - WARNING - 🟡 Skipping نماد: No historical data available from the source.
2025-07-11 20:26:22,277 - __main__ - WARNING - 🟡 Skipping اکتیو: No historical data available from the source.
2025-07-11 20:26:31,207 - __main__ - INFO - Data directory set to: C:\Portfolio-Optimizer\data\tickers_data
2025-07-11 20:26:31,208 - __main__ - INFO - Cache directory set to: C:\Portfolio-Optimizer\cache
2025-07-11 20:26:31,208 - __main__ - INFO - 🚀 Starting Smart Downloader v2 with Pre-filtering...
2025-07-11 20:26:31,208 - __main__ - INFO - --- Stage 1: Defining Investment Universe ---
2025-07-11 20:26:31,208 - __main__ - INFO - 📊 Fetching all symbols from TSE...
2025-07-11 20:26:31,209 - __main__ - INFO - ✅ Using valid cache symbols_data_v3.json (96.0 hours old)
2025-07-11 20:26:31,212 - __main__ - INFO -    Loaded 1394 symbols from cache
2025-07-11 20:26:31,212 - __main__ - INFO - 🔍 Filtering from 1394 total symbols...
2025-07-11 20:26:31,230 - __main__ - INFO -    ✅ Filtered universe: 1394 → 1389 stocks
2025-07-11 20:26:31,231 - __main__ - INFO - ✅ 'شاخص کل' added to the download queue as the benchmark.
2025-07-11 20:26:31,231 - __main__ - INFO - 
--- Stage 2: Updating Price Data for 1390 Selected Symbols ---
2025-07-11 20:26:32,051 - __main__ - WARNING - 🟡 Skipping قشهدح: No historical data available from the source.
2025-07-11 20:26:32,844 - __main__ - WARNING - 🟡 Skipping خمحورح: No historical data available from the source.
2025-07-11 20:26:33,563 - __main__ - WARNING - 🟡 Skipping وتوشهح: No historical data available from the source.
2025-07-11 20:26:34,286 - __main__ - WARNING - 🟡 Skipping تفیروح: No historical data available from the source.
2025-07-11 20:26:34,991 - __main__ - WARNING - 🟡 Skipping شیرانح: No historical data available from the source.
2025-07-11 20:26:35,770 - __main__ - WARNING - 🟡 Skipping پرشیا: No historical data available from the source.
2025-07-11 20:26:36,544 - __main__ - WARNING - 🟡 Skipping مدار: No historical data available from the source.
2025-07-11 20:26:37,260 - __main__ - WARNING - 🟡 Skipping کقزویح: No historical data available from the source.
2025-07-11 20:26:38,068 - __main__ - WARNING - 🟡 Skipping دیسشپ: No historical data available from the source.
2025-07-11 20:26:38,822 - __main__ - WARNING - 🟡 Skipping ثملی: No historical data available from the source.
2025-07-11 20:26:39,632 - __main__ - WARNING - 🟡 Skipping باخترح: No historical data available from the source.
2025-07-11 20:26:40,392 - __main__ - WARNING - 🟡 Skipping پدرخشح: No historical data available from the source.
2025-07-11 20:26:41,079 - __main__ - WARNING - 🟡 Skipping فساز: No historical data available from the source.
2025-07-11 20:26:41,899 - __main__ - WARNING - 🟡 Skipping شجی: No historical data available from the source.
2025-07-11 20:26:42,569 - __main__ - WARNING - 🟡 Skipping برانسفو: No historical data available from the source.
2025-07-11 20:30:38,256 - __main__ - INFO - Data directory set to: C:\Portfolio-Optimizer\data\tickers_data
2025-07-11 20:30:38,257 - __main__ - INFO - Cache directory set to: C:\Portfolio-Optimizer\cache
2025-07-11 20:30:38,257 - __main__ - INFO - 🚀 Starting Smart Downloader v2 with Pre-filtering...
2025-07-11 20:30:38,257 - __main__ - INFO - --- Stage 1: Defining Investment Universe ---
2025-07-11 20:30:38,258 - __main__ - INFO - 📊 Fetching all symbols from TSE...
2025-07-11 20:30:38,258 - __main__ - INFO - ✅ Using valid cache symbols_data_v3.json (96.0 hours old)
2025-07-11 20:30:38,261 - __main__ - INFO -    Loaded 1394 symbols from cache
2025-07-11 20:30:38,261 - __main__ - INFO - 🔍 Starting advanced quantitative pre-filtering...
2025-07-11 20:30:38,262 - __main__ - INFO -    Fetching real-time market-wide data for screening...
2025-07-11 20:30:38,262 - __main__ - ERROR - ❌ Critical error fetching real-time market data: module 'pytse_client' has no attribute 'get_all_tickers_data'
2025-07-11 20:30:38,262 - __main__ - ERROR - ❌ No symbols passed the pre-filter. Aborting.
2025-07-11 20:35:09,524 - __main__ - INFO - Data directory set to: C:\Portfolio-Optimizer\data\tickers_data
2025-07-11 20:35:09,525 - __main__ - INFO - Cache directory set to: C:\Portfolio-Optimizer\cache
2025-07-11 20:35:09,525 - __main__ - INFO - 🚀 Starting Smart Downloader v2 with Pre-filtering...
2025-07-11 20:35:09,525 - __main__ - INFO - --- Stage 1: Defining Investment Universe ---
2025-07-11 20:35:09,525 - __main__ - INFO - 📊 Fetching all symbols from TSE...
2025-07-11 20:35:09,526 - __main__ - INFO - ✅ Using valid cache symbols_data_v3.json (96.1 hours old)
2025-07-11 20:35:09,530 - __main__ - INFO -    Loaded 1394 symbols from cache
2025-07-11 20:35:09,530 - __main__ - INFO - 🔍 Starting advanced quantitative pre-filtering...
2025-07-11 20:35:09,530 - __main__ - INFO -    Fetching real-time market-wide stats for screening...
2025-07-11 20:35:13,374 - __main__ - INFO -    Successfully fetched real-time stats for 985 symbols.
2025-07-11 20:35:13,377 - __main__ - INFO -    Initial symbols from real-time stats: 985
2025-07-11 20:41:47,487 - __main__ - INFO - Data directory set to: C:\Portfolio-Optimizer\data\tickers_data
2025-07-11 20:41:47,488 - __main__ - INFO - Cache directory set to: C:\Portfolio-Optimizer\cache
2025-07-11 20:41:47,488 - __main__ - INFO - 🚀 Starting Smart Downloader v2 with Pre-filtering...
2025-07-11 20:41:47,488 - __main__ - INFO - --- Stage 1: Defining Investment Universe ---
2025-07-11 20:41:47,488 - __main__ - INFO - 📊 Fetching all symbols from TSE...
2025-07-11 20:41:47,489 - __main__ - INFO - ✅ Using valid cache symbols_data_v3.json (96.2 hours old)
2025-07-11 20:41:47,492 - __main__ - INFO -    Loaded 1394 symbols from cache
2025-07-11 20:41:47,492 - __main__ - INFO - 🔍 Starting advanced quantitative pre-filtering...
2025-07-11 20:41:47,493 - __main__ - INFO -    Fetching real-time market-wide stats for screening...
2025-07-11 20:42:00,114 - __main__ - ERROR - ❌ Critical error fetching real-time market stats: Failed to get key stats: HTTPConnectionPool(host='127.0.0.1', port=10809): Max retries exceeded with url: http://old.tsetmc.com/tsev2/data/InstValue.aspx?t=a (Caused by ResponseError('too many 503 error responses'))
2025-07-11 20:42:00,115 - __main__ - ERROR - ❌ No symbols passed the pre-filter. Aborting.
2025-07-11 20:42:11,315 - __main__ - INFO - Data directory set to: C:\Portfolio-Optimizer\data\tickers_data
2025-07-11 20:42:11,315 - __main__ - INFO - Cache directory set to: C:\Portfolio-Optimizer\cache
2025-07-11 20:42:11,316 - __main__ - INFO - 🚀 Starting Smart Downloader v2 with Pre-filtering...
2025-07-11 20:42:11,316 - __main__ - INFO - --- Stage 1: Defining Investment Universe ---
2025-07-11 20:42:11,316 - __main__ - INFO - 📊 Fetching all symbols from TSE...
2025-07-11 20:42:11,316 - __main__ - INFO - ✅ Using valid cache symbols_data_v3.json (96.2 hours old)
2025-07-11 20:42:11,320 - __main__ - INFO -    Loaded 1394 symbols from cache
2025-07-11 20:42:11,320 - __main__ - INFO - 🔍 Starting advanced quantitative pre-filtering...
2025-07-11 20:42:11,321 - __main__ - INFO -    Fetching real-time market-wide stats for screening...
2025-07-11 20:42:14,399 - __main__ - INFO - DEBUG: Available columns are: ['ave_numof_buyer_last_12_month', 'ave_numof_buyer_last_3_month', 'ave_numof_corporation_buyer_last_12_month', 'ave_numof_corporation_buyer_last_3_month', 'ave_numof_corporation_seller_last_12_month', 'ave_numof_corporation_seller_last_3_month', 'ave_numof_individual_buyer_last_12_month', 'ave_numof_individual_buyer_last_3_month', 'ave_numof_individual_seller_last_12_month', 'ave_numof_individual_seller_last_3_month', 'ave_numof_seller_last_12_month', 'ave_numof_seller_last_3_month', 'ave_numof_trans_last_12_month', 'ave_numof_trans_last_3_month', 'ave_val_trans_last_12_month', 'ave_val_trans_last_3_month', 'ave_vol_corporation_buy_last_12_month', 'ave_vol_corporation_buy_last_3_month', 'ave_vol_corporation_sell_last_12_month', 'ave_vol_corporation_sell_last_3_month', 'ave_vol_individual_buy_last_12_month', 'ave_vol_individual_buy_last_3_month', 'ave_vol_individual_sell_last_12_month', 'ave_vol_individual_sell_last_3_month', 'ave_vol_trans_last_12_month', 'ave_vol_trans_last_3_month', 'numof_close_days_last_12_month', 'numof_close_days_last_3_month', 'numof_neg_days_last_12_month', 'numof_neg_days_last_3_month', 'numof_notrade_days_last_12_month', 'numof_notrade_days_last_3_month', 'numof_open_days_last_12_month', 'numof_open_days_last_3_month', 'numof_pos_days_last_12_month', 'numof_pos_days_last_3_month', 'numof_trade_days_last_12_month', 'numof_trade_days_last_3_month', 'numof_trans_last_day', 'percent_close_days_last_12_month', 'percent_close_days_last_3_month', 'percent_neg_days_last_12_month', 'percent_neg_days_last_3_month', 'percent_open_days_last_12_month', 'percent_open_days_last_3_month', 'percent_pos_days_last_12_month', 'percent_pos_days_last_3_month', 'rank_close_days_last_12_month', 'rank_close_days_last_3_month', 'rank_neg_days_last_12_month', 'rank_neg_days_last_3_month', 'rank_numof_buyer_last_12_month', 'rank_numof_buyer_last_3_month', 'rank_numof_corporation_buyer_last_12_month', 'rank_numof_corporation_buyer_last_3_month', 'rank_numof_corporation_seller_last_12_month', 'rank_numof_corporation_seller_last_3_month', 'rank_numof_individual_buyer_last_12_month', 'rank_numof_individual_buyer_last_3_month', 'rank_numof_individual_seller_last_12_month', 'rank_numof_individual_seller_last_3_month', 'rank_numof_seller_last_12_month', 'rank_numof_seller_last_3_month', 'rank_numof_trans_last_12_month', 'rank_numof_trans_last_3_month', 'rank_open_days_last_12_month', 'rank_open_days_last_3_month', 'rank_pos_days_last_12_month', 'rank_pos_days_last_3_month', 'rank_trade_days_last_12_month', 'rank_trade_days_last_3_month', 'rank_val_company_last_day', 'rank_val_trans_last_12_month', 'rank_val_trans_last_3_month', 'rank_vol_corporation_buy_last_12_month', 'rank_vol_corporation_buy_last_3_month', 'rank_vol_corporation_sell_last_12_month', 'rank_vol_corporation_sell_last_3_month', 'rank_vol_individual_buy_last_12_month', 'rank_vol_individual_buy_last_3_month', 'rank_vol_individual_sell_last_12_month', 'rank_vol_individual_sell_last_3_month', 'rank_vol_trans_last_12_month', 'rank_vol_trans_last_3_month', 'val_company_last_day', 'val_trans_last_day', 'vol_trans_last_day', 'w_ave_price_last_day_base_vol', 'w_ave_price_last_day_normal', 'index', 'numof_individual_buy', 'numof_corporate_buy', 'vol_individual_buy', 'vol_corporate_buy', 'numof_individual_sell', 'numof_corporate_sell', 'vol_individual_sell', 'vol_corporate_sell', 'code', 'symbol', 'name', 'last_changed', 'open_price', 'adj_closing_price', 'last_price', 'number_of_trans', 'volume_of_trans', 'value_of_trans', 'min_price', 'max_price', 'yesterday_price', 'EPS', 'base_volume', 'visit_count', 'flow', 'group_number', 'max_price_allowed', 'min_price_allowed', 'number_of_stocks', 'yval']
2025-07-11 20:42:14,401 - __main__ - INFO -    Successfully fetched real-time stats for 985 symbols.
2025-07-11 20:42:14,404 - __main__ - INFO -    Initial symbols from real-time stats: 985
2025-07-11 20:46:15,058 - __main__ - INFO - Data directory set to: C:\Portfolio-Optimizer\data\tickers_data
2025-07-11 20:46:15,059 - __main__ - INFO - Cache directory set to: C:\Portfolio-Optimizer\cache
2025-07-11 20:46:15,059 - __main__ - INFO - 🚀 Starting Smart Downloader v2 with Pre-filtering...
2025-07-11 20:46:15,060 - __main__ - INFO - --- Stage 1: Defining Investment Universe ---
2025-07-11 20:46:15,060 - __main__ - INFO - 📊 Fetching all symbols from TSE...
2025-07-11 20:46:15,060 - __main__ - INFO - ✅ Using valid cache symbols_data_v3.json (96.3 hours old)
2025-07-11 20:46:15,063 - __main__ - INFO -    Loaded 1394 symbols from cache
2025-07-11 20:46:15,064 - __main__ - INFO - 🔍 Starting advanced quantitative pre-filtering...
2025-07-11 20:46:15,064 - __main__ - INFO -    Fetching real-time market-wide stats for screening...
2025-07-11 20:46:28,192 - __main__ - ERROR - ❌ Critical error fetching real-time market stats: Failed to get key stats: HTTPConnectionPool(host='127.0.0.1', port=10809): Max retries exceeded with url: http://old.tsetmc.com/tsev2/data/InstValue.aspx?t=a (Caused by ResponseError('too many 503 error responses'))
2025-07-11 20:46:28,193 - __main__ - ERROR - ❌ No symbols passed the pre-filter. Aborting.
2025-07-11 20:46:30,148 - __main__ - INFO - Data directory set to: C:\Portfolio-Optimizer\data\tickers_data
2025-07-11 20:46:30,148 - __main__ - INFO - Cache directory set to: C:\Portfolio-Optimizer\cache
2025-07-11 20:46:30,149 - __main__ - INFO - 🚀 Starting Smart Downloader v2 with Pre-filtering...
2025-07-11 20:46:30,149 - __main__ - INFO - --- Stage 1: Defining Investment Universe ---
2025-07-11 20:46:30,149 - __main__ - INFO - 📊 Fetching all symbols from TSE...
2025-07-11 20:46:30,149 - __main__ - INFO - ✅ Using valid cache symbols_data_v3.json (96.3 hours old)
2025-07-11 20:46:30,153 - __main__ - INFO -    Loaded 1394 symbols from cache
2025-07-11 20:46:30,154 - __main__ - INFO - 🔍 Starting advanced quantitative pre-filtering...
2025-07-11 20:46:30,154 - __main__ - INFO -    Fetching real-time market-wide stats for screening...
2025-07-11 20:46:33,796 - __main__ - INFO -    Successfully fetched real-time stats for 985 symbols.
2025-07-11 20:46:33,798 - __main__ - INFO -    Initial symbols from real-time stats: 985
2025-07-11 20:46:33,801 - __main__ - INFO -    985 → 662 (After market type filter: Bourse/Fara Bourse)
2025-07-11 20:46:33,805 - __main__ - INFO -    662 → 574 (After liquidity filter: Volume > 100,000)
2025-07-11 20:46:48,748 - __main__ - INFO - Data directory set to: C:\Portfolio-Optimizer\data\tickers_data
2025-07-11 20:46:48,749 - __main__ - INFO - Cache directory set to: C:\Portfolio-Optimizer\cache
2025-07-11 20:46:48,749 - __main__ - INFO - 🚀 Starting Smart Downloader v2 with Pre-filtering...
2025-07-11 20:46:48,749 - __main__ - INFO - --- Stage 1: Defining Investment Universe ---
2025-07-11 20:46:48,749 - __main__ - INFO - 📊 Fetching all symbols from TSE...
2025-07-11 20:46:48,749 - __main__ - INFO - ✅ Using valid cache symbols_data_v3.json (96.3 hours old)
2025-07-11 20:46:48,753 - __main__ - INFO -    Loaded 1394 symbols from cache
2025-07-11 20:46:48,753 - __main__ - INFO - 🔍 Starting advanced quantitative pre-filtering...
2025-07-11 20:46:48,753 - __main__ - INFO -    Fetching real-time market-wide stats for screening...
2025-07-11 20:46:52,371 - __main__ - INFO -    Successfully fetched real-time stats for 985 symbols.
2025-07-11 20:46:52,375 - __main__ - INFO -    Initial symbols from real-time stats: 985
2025-07-11 20:46:52,377 - __main__ - INFO -    985 → 662 (After market type filter: Bourse/Fara Bourse)
2025-07-11 20:46:52,379 - __main__ - INFO -    662 → 574 (After liquidity filter: Volume > 100,000)
2025-07-11 20:48:45,296 - __main__ - INFO - Data directory set to: C:\Portfolio-Optimizer\data\tickers_data
2025-07-11 20:48:45,297 - __main__ - INFO - Cache directory set to: C:\Portfolio-Optimizer\cache
2025-07-11 20:48:45,297 - __main__ - INFO - 🚀 Starting Smart Downloader v2 with Pre-filtering...
2025-07-11 20:48:45,297 - __main__ - INFO - --- Stage 1: Defining Investment Universe ---
2025-07-11 20:48:45,298 - __main__ - INFO - 📊 Fetching all symbols from TSE...
2025-07-11 20:48:45,298 - __main__ - INFO - ✅ Using valid cache symbols_data_v3.json (96.3 hours old)
2025-07-11 20:48:45,302 - __main__ - INFO -    Loaded 1394 symbols from cache
2025-07-11 20:48:45,303 - __main__ - INFO - 🔍 Starting advanced quantitative pre-filtering...
2025-07-11 20:48:45,303 - __main__ - INFO -    Fetching real-time market-wide stats for screening...
2025-07-11 20:48:48,771 - __main__ - INFO -    Successfully fetched real-time stats for 985 symbols.
2025-07-11 20:48:48,774 - __main__ - INFO -    Initial symbols from real-time stats: 985
2025-07-11 20:48:48,777 - __main__ - INFO -    985 → 662 (After market type filter: Bourse/Fara Bourse)
2025-07-11 20:48:48,780 - __main__ - INFO -    662 → 574 (After liquidity filter: Volume > 100,000)
2025-07-11 20:48:48,781 - __main__ - INFO -    574 → 571 (After size filter: Market Cap > 1T Toman)
2025-07-11 20:48:48,782 - __main__ - INFO -    571 → 571 (After data quality filter)
2025-07-11 20:48:48,784 - __main__ - INFO - ✅ Quantitative filtering complete. Final universe size: 571 stocks.
2025-07-11 20:48:48,788 - __main__ - INFO - ✅ 'شاخص کل' added to the download queue as the benchmark.
2025-07-11 20:48:48,788 - __main__ - INFO - 
--- Stage 2: Updating Price Data for 572 Selected Symbols ---
2025-07-11 20:48:50,848 - __main__ - INFO - 💾 Successfully downloaded and updated price for وصندوق.
2025-07-11 20:48:50,937 - __main__ - INFO - ==================================================
2025-07-11 20:48:50,938 - __main__ - INFO - 📊 PRICE DOWNLOAD SUMMARY
2025-07-11 20:48:50,938 - __main__ - INFO - ==================================================
2025-07-11 20:48:50,938 - __main__ - INFO - - Total symbols processed: 572
2025-07-11 20:48:50,938 - __main__ - INFO - - ✅ Successful downloads/updates: 1
2025-07-11 20:48:50,938 - __main__ - INFO - - ❌ Failed downloads: 0
2025-07-11 20:48:50,939 - __main__ - INFO - - ⏭️ Skipped (up-to-date): 571
2025-07-11 20:48:50,939 - __main__ - INFO - ✅ Smart Downloader finished its run.
2025-07-11 21:22:39,777 - __main__ - INFO - Data directory set to: C:\Portfolio-Optimizer\data\tickers_data
2025-07-11 21:22:39,778 - __main__ - INFO - Cache directory set to: C:\Portfolio-Optimizer\cache
2025-07-11 21:22:39,778 - __main__ - INFO - 🚀 Starting Smart Downloader v2 with Pre-filtering...
2025-07-11 21:22:39,779 - __main__ - INFO - --- Stage 1: Defining Investment Universe ---
2025-07-11 21:22:39,779 - __main__ - INFO - 📊 Fetching all symbols from TSE...
2025-07-11 21:22:39,779 - __main__ - INFO - ✅ Using valid cache symbols_data_v3.json (96.9 hours old)
2025-07-11 21:22:39,788 - __main__ - INFO -    Loaded 1394 symbols from cache
2025-07-11 21:22:39,816 - __main__ - INFO - 🔍 Starting advanced quantitative pre-filtering...
2025-07-11 21:22:39,821 - __main__ - INFO -    Fetching real-time market-wide stats for screening...
2025-07-11 21:22:43,008 - __main__ - INFO -    Successfully fetched real-time stats for 985 symbols.
2025-07-11 21:22:43,013 - __main__ - INFO -    Initial symbols from real-time stats: 985
2025-07-11 21:22:43,018 - __main__ - INFO -    985 → 662 (After market type filter: Bourse/Fara Bourse)
2025-07-11 21:22:43,020 - __main__ - INFO -    662 → 574 (After liquidity filter: Volume > 100,000)
2025-07-11 21:22:43,022 - __main__ - INFO -    574 → 571 (After size filter: Market Cap > 1T Toman)
2025-07-11 21:22:43,025 - __main__ - INFO -    571 → 571 (After data quality filter)
2025-07-11 21:22:43,026 - __main__ - INFO - ✅ Quantitative filtering complete. Final universe size: 571 stocks.
2025-07-11 21:22:43,027 - __main__ - INFO - ✅ Successfully exported the final universe of 571 symbols to universe.json.
2025-07-11 21:22:43,030 - __main__ - INFO - ✅ 'شاخص کل' added to the download queue as the benchmark.
2025-07-11 21:22:43,030 - __main__ - INFO - 
--- Stage 2: Updating Price Data for 572 Selected Symbols ---
2025-07-11 21:22:43,166 - __main__ - INFO - ==================================================
2025-07-11 21:22:43,167 - __main__ - INFO - 📊 PRICE DOWNLOAD SUMMARY
2025-07-11 21:22:43,167 - __main__ - INFO - ==================================================
2025-07-11 21:22:43,167 - __main__ - INFO - - Total symbols processed: 572
2025-07-11 21:22:43,167 - __main__ - INFO - - ✅ Successful downloads/updates: 0
2025-07-11 21:22:43,167 - __main__ - INFO - - ❌ Failed downloads: 0
2025-07-11 21:22:43,168 - __main__ - INFO - - ⏭️ Skipped (up-to-date): 572
2025-07-11 21:22:43,168 - __main__ - INFO - ✅ Smart Downloader finished its run.
