,date,open,high,low,adjClose,value,volume,count,yesterday,close
0,2015-11-01,2552.0,2552.0,2552.0,2552.0,1032930000,103293,7,2552.0,2552.0
1,2015-11-02,2552.0,2552.0,2552.0,2552.0,2592500000,259250,6,2552.0,2552.0
2,2015-11-03,2552.0,2552.0,2552.0,2552.0,5653040000,565304,16,2552.0,2552.0
3,2015-11-04,2552.0,2552.0,2552.0,2552.0,30721530000,3072153,113,2552.0,2552.0
4,2016-02-15,3448.0,3448.0,3448.0,3448.0,72683800,5380,16,2552.0,3448.0
5,2016-02-16,3445.0,3448.0,3445.0,3447.0,932203713,69015,8,3448.0,3448.0
6,2016-02-17,3446.0,3446.0,3446.0,3446.0,27004000,2000,3,3447.0,3446.0
7,2016-02-20,3446.0,3446.0,3445.0,3445.0,202519000,15000,2,3446.0,3445.0
8,2016-02-23,3445.0,3445.0,3445.0,3445.0,13635000,1010,1,3445.0,3445.0
9,2016-02-27,3445.0,3445.0,3445.0,3445.0,276751000,20500,5,3445.0,3445.0
10,2016-02-29,3445.0,3445.0,3445.0,3445.0,41175000,3050,4,3445.0,3445.0
11,2016-03-01,3445.0,3445.0,3445.0,3445.0,6750000,500,1,3445.0,3445.0
12,2016-03-06,3445.0,3445.0,3445.0,3445.0,81000000,6000,2,3445.0,3445.0
13,2016-03-08,3445.0,3445.0,3445.0,3445.0,72900000,5400,2,3445.0,3445.0
14,2016-03-12,3573.0,3573.0,3548.0,3553.0,874960000,62840,4,3445.0,3548.0
15,2016-03-14,3547.0,3731.0,3547.0,3716.0,104539600,7180,4,3553.0,3731.0
16,2016-03-16,3876.0,3876.0,3876.0,3876.0,26582500000,1750000,18,3716.0,3876.0
17,2016-03-26,3846.0,3856.0,3846.0,3850.0,266345905,17656,4,3876.0,3846.0
18,2016-03-27,3791.0,3791.0,3791.0,3791.0,44565000,3000,1,3850.0,3791.0
19,2016-03-29,3731.0,3731.0,3731.0,3731.0,731050000,50000,1,3791.0,3731.0
20,2016-03-30,3828.0,3947.0,3828.0,3899.0,213897254,14000,5,3731.0,3947.0
21,2016-04-02,4011.0,4011.0,4008.0,4011.0,25021860,1592,2,3899.0,4008.0
22,2016-04-03,4008.0,4057.0,4008.0,4013.0,17612760,1120,2,4011.0,4057.0
23,2016-04-04,4013.0,4132.0,4013.0,4014.0,27703112700,1761300,22,4013.0,4124.0
24,2016-04-05,4208.0,4214.0,4204.0,4211.0,450627279,27307,12,4014.0,4210.0
25,2016-04-06,4205.0,4205.0,4059.0,4135.0,2671047130,164840,16,4211.0,4059.0
26,2016-04-09,4083.0,4083.0,4083.0,4083.0,9600000,600,1,4135.0,4083.0
27,2016-04-11,4150.0,4150.0,4033.0,4093.0,962358250,60000,11,4083.0,4033.0
28,2016-04-13,4032.0,4032.0,3980.0,3994.0,392046592,25050,4,4093.0,3980.0
29,2016-04-16,3944.0,3954.0,3944.0,3948.0,32484300,2100,3,3994.0,3950.0
30,2016-04-18,3922.0,4003.0,3863.0,3997.0,214894140,13721,3,3948.0,4003.0
31,2016-04-20,4175.0,4175.0,4067.0,4142.0,595676121,36696,6,3997.0,4082.0
32,2016-04-23,3970.0,3970.0,3853.0,3872.0,35736399,2355,6,4142.0,3854.0
33,2016-04-30,3777.0,3777.0,3777.0,3777.0,2960200,200,1,3872.0,3777.0
34,2016-05-07,3751.0,3751.0,3648.0,3680.0,721204668,50014,4,3777.0,3648.0
35,2016-05-08,3670.0,3670.0,3670.0,3670.0,2286738,159,1,3680.0,3670.0
36,2016-05-10,3646.0,3646.0,3624.0,3624.0,5495495,387,3,3670.0,3624.0
37,2016-05-11,3567.0,3568.0,3567.0,3568.0,13993976,1001,2,3624.0,3568.0
38,2016-05-15,3528.0,3528.0,3528.0,3528.0,16592400,1200,1,3568.0,3528.0
39,2016-05-16,3527.0,3527.0,3527.0,3527.0,2252660,163,1,3528.0,3527.0
40,2016-05-17,3507.0,3507.0,3507.0,3507.0,467194000,34000,1,3527.0,3507.0
41,2016-05-18,3506.0,3510.0,3503.0,3509.0,19031729,1384,3,3507.0,3503.0
42,2016-05-21,3634.0,3700.0,3631.0,3634.0,4300255000,301990,8,3509.0,3700.0
43,2016-05-23,3636.0,3636.0,3619.0,3622.0,42575000,3000,2,3634.0,3619.0
44,2016-05-24,3710.0,3710.0,3710.0,3710.0,2908000,200,1,3622.0,3710.0
45,2016-05-28,3726.0,3726.0,3573.0,3650.0,745932000,52148,5,3710.0,3680.0
46,2016-05-30,3649.0,3649.0,3649.0,3649.0,14300,1,1,3650.0,3649.0
47,2016-05-31,3686.0,3686.0,3686.0,3686.0,722200,50,1,3649.0,3686.0
48,2016-06-01,3700.0,3700.0,3698.0,3699.0,16595750,1145,2,3686.0,3698.0
49,2016-06-05,3751.0,3773.0,3751.0,3770.0,14935735,1011,2,3699.0,3773.0
50,2016-06-07,3726.0,3726.0,3639.0,3725.0,1474545200,101020,3,3770.0,3639.0
51,2016-06-08,3667.0,3667.0,3667.0,3667.0,179625000,12500,1,3725.0,3667.0
52,2016-06-18,3604.0,3633.0,3604.0,3633.0,4285223,301,2,3667.0,3633.0
53,2016-06-19,3675.0,3675.0,3611.0,3657.0,8927950,623,2,3633.0,3611.0
54,2016-06-20,3598.0,3598.0,3598.0,3598.0,14255100,1011,1,3657.0,3598.0
55,2016-06-21,3649.0,3649.0,3649.0,3649.0,96324800,6736,3,3598.0,3649.0
56,2016-06-26,3649.0,3649.0,3649.0,3649.0,35750000,2500,1,3649.0,3649.0
57,2016-06-29,3700.0,3700.0,3700.0,3700.0,8714500,601,2,3649.0,3700.0
58,2016-07-02,3675.0,3675.0,3675.0,3675.0,1454400,101,1,3700.0,3675.0
59,2016-07-05,3675.0,3675.0,3624.0,3649.0,723207200,50573,3,3675.0,3624.0
60,2016-07-09,3578.0,3578.0,3578.0,3578.0,14020,1,1,3649.0,3578.0
61,2016-07-11,3685.0,3685.0,3685.0,3685.0,3176800,220,2,3578.0,3685.0
62,2016-07-16,3522.0,3522.0,3522.0,3522.0,1104000,80,1,3685.0,3522.0
63,2016-07-18,3542.0,3542.0,3542.0,3542.0,96396600,6945,2,3522.0,3542.0
64,2016-07-19,3488.0,3491.0,3488.0,3490.0,1367500000,100000,11,3542.0,3491.0
65,2016-07-20,3524.0,3524.0,3524.0,3524.0,483350000,35000,6,3490.0,3524.0
66,2016-08-02,3547.0,3547.0,3547.0,3547.0,139000000,10000,1,3524.0,3547.0
67,2016-08-08,3522.0,3522.0,3522.0,3522.0,69000200,5000,2,3547.0,3522.0
68,2016-08-10,3624.0,3624.0,3624.0,3624.0,3763000,265,1,3522.0,3624.0
69,2016-08-29,3610.0,3610.0,3610.0,3610.0,21217500,1500,2,3624.0,3610.0
70,2016-08-31,3573.0,3573.0,3573.0,3573.0,185024000,13216,2,3610.0,3573.0
71,2016-09-05,3573.0,3573.0,3573.0,3573.0,1400000,100,1,3573.0,3573.0
72,2016-09-19,3573.0,3573.0,3573.0,3573.0,4942000,353,1,3573.0,3573.0
73,2016-09-26,3573.0,3573.0,3573.0,3573.0,14000000,1000,1,3573.0,3573.0
74,2016-10-02,3573.0,3573.0,3573.0,3573.0,140000,10,1,3573.0,3573.0
75,2016-10-18,3496.0,3496.0,3496.0,3496.0,2055000,150,1,3573.0,3496.0
76,2016-10-19,3496.0,3496.0,3496.0,3496.0,27400,2,1,3496.0,3496.0
77,2016-11-09,3522.0,3522.0,3420.0,3421.0,88480000,6600,3,3496.0,3420.0
78,2016-11-12,3420.0,3420.0,3420.0,3420.0,67000,5,1,3421.0,3420.0
79,2016-11-15,3420.0,3420.0,3420.0,3420.0,134000000,10000,1,3420.0,3420.0
80,2016-11-19,3522.0,3522.0,3522.0,3522.0,1380000,100,1,3420.0,3522.0
81,2016-11-21,3522.0,3522.0,3522.0,3522.0,24840000,1800,2,3522.0,3522.0
82,2016-11-22,3522.0,3522.0,3522.0,3522.0,18906000,1370,1,3522.0,3522.0
83,2016-11-23,3483.0,3483.0,3420.0,3420.0,671324050,50097,3,3522.0,3420.0
84,2016-11-27,3432.0,3432.0,3432.0,3432.0,2690000,200,1,3420.0,3432.0
85,2016-12-04,3366.0,3366.0,3346.0,3351.0,157560,12,9,3432.0,3346.0
86,2016-12-05,3352.0,3352.0,3292.0,3301.0,90535000,7000,2,3351.0,3292.0
87,2016-12-24,3338.0,3338.0,3338.0,3338.0,1308000,100,1,3301.0,3338.0
88,2017-01-09,3241.0,3241.0,3241.0,3241.0,190515000,15000,3,3338.0,3241.0
89,2017-01-14,3274.0,3274.0,3241.0,3242.0,39383184,3100,3,3241.0,3241.0
90,2017-01-30,3215.0,3215.0,3215.0,3215.0,1260000,100,1,3242.0,3215.0
91,2017-01-31,3203.0,3203.0,3203.0,3203.0,112950,9,1,3215.0,3203.0
92,2017-02-01,3215.0,3215.0,3215.0,3215.0,1008000,80,1,3203.0,3215.0
93,2017-02-04,3279.0,3279.0,3279.0,3279.0,4690250,365,2,3215.0,3279.0
94,2017-02-08,3228.0,3228.0,3228.0,3228.0,1012000,80,1,3279.0,3228.0
95,2017-02-13,3198.0,3198.0,3198.0,3198.0,1002400,80,1,3228.0,3198.0
96,2017-02-15,3190.0,3190.0,3190.0,3190.0,1000000,80,1,3198.0,3190.0
97,2017-03-06,3177.0,3177.0,3177.0,3177.0,1008450,81,1,3190.0,3177.0
98,2017-03-13,3116.0,3116.0,3116.0,3116.0,73260,6,1,3177.0,3116.0
99,2017-03-26,3177.0,3177.0,3177.0,3177.0,22534500,1810,1,3116.0,3177.0
100,2017-03-28,3261.0,3265.0,3261.0,3262.0,63921238,5000,2,3177.0,3265.0
101,2017-03-29,3184.0,3184.0,3184.0,3184.0,62380000,5000,1,3262.0,3184.0
102,2017-04-16,3203.0,3203.0,3203.0,3203.0,62750000,5000,1,3184.0,3203.0
103,2017-05-14,3288.0,3288.0,3288.0,3288.0,17651080,1370,1,3203.0,3288.0
104,2017-07-19,3373.0,3373.0,3373.0,3373.0,3964800,300,1,3288.0,3373.0
105,2017-07-30,3418.0,3418.0,3418.0,3418.0,133950000,10000,1,3373.0,3418.0
106,2017-08-01,3431.0,3431.0,3431.0,3431.0,4328968,322,1,3418.0,3431.0
107,2017-08-02,3429.0,3429.0,3429.0,3429.0,134380,10,1,3431.0,3429.0
108,2017-08-09,3452.0,3452.0,3452.0,3452.0,135280000,10000,1,3429.0,3452.0
109,2017-08-13,3449.0,3449.0,3449.0,3449.0,135150,10,1,3452.0,3449.0
110,2017-08-22,3513.0,3513.0,3513.0,3513.0,10601360000,770000,31,3449.0,3513.0
111,2017-08-23,3531.0,3531.0,3531.0,3531.0,1000415100,72300,3,3513.0,3531.0
112,2017-09-03,3595.0,3595.0,3595.0,3595.0,434699328,30856,3,3531.0,3595.0
113,2017-09-17,3608.0,3608.0,3608.0,3608.0,746510922,52798,3,3595.0,3608.0
114,2017-09-18,3675.0,3675.0,3675.0,3675.0,4464000,310,1,3608.0,3675.0
115,2017-09-20,3651.0,3656.0,3651.0,3655.0,67171140,4690,2,3675.0,3656.0
116,2017-09-26,3675.0,3675.0,3675.0,3675.0,14400000,1000,1,3655.0,3675.0
117,2017-10-04,3655.0,3655.0,3655.0,3655.0,1339651236,93538,4,3675.0,3655.0
118,2017-10-07,3628.0,3628.0,3628.0,3628.0,4299992394,302433,13,3655.0,3628.0
119,2017-10-08,3676.0,3676.0,3557.0,3656.0,17191600,1200,2,3628.0,3557.0
120,2017-10-15,3620.0,3620.0,3620.0,3620.0,4397040,310,1,3656.0,3620.0
121,2017-10-17,3655.0,3655.0,3653.0,3655.0,57427150,4010,2,3620.0,3653.0
122,2017-10-23,3699.0,3699.0,3699.0,3699.0,10147200,700,1,3655.0,3699.0
123,2017-10-25,3719.0,3830.0,3719.0,3797.0,14729100,990,2,3699.0,3830.0
124,2017-10-30,3715.0,3715.0,3715.0,3715.0,27136112,1864,1,3797.0,3715.0
125,2017-11-18,3804.0,3804.0,3804.0,3804.0,3899997585,261657,3,3715.0,3804.0
126,2017-11-26,3909.0,3909.0,3909.0,3909.0,76585000,5000,1,3804.0,3909.0
127,2017-12-11,4065.0,4065.0,4065.0,4065.0,955800000,60000,3,3909.0,4065.0
128,2017-12-16,4143.0,4143.0,4143.0,4143.0,5925775,365,1,4065.0,4143.0
129,2017-12-25,4364.0,4364.0,4364.0,4364.0,79258500,4635,1,4143.0,4364.0
130,2017-12-27,4339.0,4350.0,4333.0,4347.0,18859007,1107,3,4364.0,4350.0
131,2017-12-31,4287.0,4287.0,4287.0,4287.0,4989303,297,1,4347.0,4287.0
132,2018-01-03,4218.0,4218.0,4211.0,4212.0,30532370,1850,2,4287.0,4211.0
133,2018-01-08,4211.0,4211.0,4211.0,4211.0,61809000,3746,1,4212.0,4211.0
134,2018-01-09,4223.0,4223.0,4223.0,4223.0,17675400,1068,2,4211.0,4223.0
135,2018-01-10,4211.0,4211.0,4211.0,4211.0,16503000,1000,1,4223.0,4211.0
136,2018-01-13,4200.0,4200.0,4198.0,4198.0,36192000,2200,2,4211.0,4198.0
137,2018-01-14,4273.0,4273.0,4273.0,4273.0,298043200,17800,1,4198.0,4273.0
138,2018-01-15,4314.0,4314.0,4314.0,4314.0,1267950,75,1,4273.0,4314.0
139,2018-01-16,4336.0,4438.0,4336.0,4415.0,3805800,220,2,4314.0,4438.0
140,2018-01-17,4466.0,4466.0,4456.0,4458.0,13974800,800,6,4415.0,4456.0
141,2018-01-20,4456.0,4466.0,4456.0,4461.0,3496000,200,2,4458.0,4466.0
142,2018-01-21,4449.0,4449.0,4449.0,4449.0,3713229,213,2,4461.0,4449.0
143,2018-01-22,4336.0,4336.0,4336.0,4336.0,2803350,165,1,4449.0,4336.0
144,2018-01-23,4359.0,4453.0,4359.0,4412.0,20749500,1200,3,4336.0,4450.0
145,2018-01-28,4450.0,4450.0,4450.0,4450.0,8720000,500,1,4412.0,4450.0
146,2018-01-29,4466.0,4466.0,4466.0,4466.0,8750000,500,1,4450.0,4466.0
147,2018-02-04,4395.0,4415.0,4395.0,4409.0,23031572,1333,6,4466.0,4412.0
148,2018-02-05,4457.0,4457.0,4444.0,4456.0,25439607,1457,3,4409.0,4446.0
149,2018-02-10,4311.0,4311.0,4311.0,4311.0,5068200000,300000,6,4456.0,4311.0
150,2018-02-14,4420.0,4420.0,4420.0,4420.0,3464000,200,1,4311.0,4420.0
151,2018-02-17,4417.0,4423.0,4417.0,4421.0,77094933,4450,4,4420.0,4423.0
152,2018-02-19,4296.0,4296.0,4276.0,4290.0,30025823,1786,5,4421.0,4277.0
153,2018-02-21,4279.0,4279.0,4279.0,4279.0,164400435,9805,1,4290.0,4279.0
154,2018-02-24,4284.0,4413.0,4284.0,4402.0,1897380,110,2,4279.0,4413.0
155,2018-02-25,4400.0,4400.0,4323.0,4351.0,277641755,16285,2,4402.0,4323.0
156,2018-02-26,4416.0,4416.0,4416.0,4416.0,138448000,8000,2,4351.0,4416.0
157,2018-03-07,4208.0,4208.0,4175.0,4179.0,9824946,600,2,4416.0,4175.0
158,2018-03-18,4207.0,4207.0,4207.0,4207.0,471594148,28604,1,4179.0,4207.0
159,2018-03-26,4333.0,4333.0,4333.0,4333.0,8490500,500,1,4207.0,4333.0
160,2018-03-27,4314.0,4314.0,4314.0,4314.0,3381000,200,1,4333.0,4314.0
161,2018-04-03,4314.0,4338.0,4314.0,4316.0,12701389,751,3,4314.0,4338.0
162,2018-04-04,4249.0,4249.0,4241.0,4241.0,166206670,10000,3,4316.0,4241.0
163,2018-04-07,4364.0,4364.0,4364.0,4364.0,8551500,500,1,4241.0,4364.0
164,2018-04-10,4346.0,4346.0,4346.0,4346.0,8515500,500,1,4364.0,4346.0
165,2018-04-15,4302.0,4302.0,4302.0,4302.0,5984945,355,8,4346.0,4302.0
166,2018-04-17,4338.0,4338.0,4338.0,4338.0,3910000,230,5,4302.0,4338.0
167,2018-04-21,4252.0,4252.0,4252.0,4252.0,8330500,500,1,4338.0,4252.0
168,2018-04-28,4082.0,4082.0,4082.0,4082.0,7997500,500,1,4252.0,4082.0
169,2018-04-29,4069.0,4073.0,4069.0,4072.0,10372680,650,3,4082.0,4073.0
170,2018-05-06,4023.0,4023.0,4023.0,4023.0,70158700,4450,1,4072.0,4023.0
171,2018-05-12,4076.0,4076.0,4075.0,4075.0,892838636,55907,3,4023.0,4075.0
172,2018-05-14,4086.0,4086.0,4086.0,4086.0,240180,15,1,4075.0,4086.0
173,2018-05-15,4135.0,4135.0,4135.0,4135.0,81020,5,1,4086.0,4135.0
174,2018-05-23,4176.0,4176.0,4176.0,4176.0,16363000,1000,1,4135.0,4176.0
175,2018-05-26,4234.0,4234.0,4234.0,4234.0,33180000,2000,1,4176.0,4234.0
176,2018-05-28,4221.0,4221.0,4221.0,4221.0,16541000,1000,1,4234.0,4221.0
177,2018-05-29,4233.0,4233.0,4233.0,4233.0,16588000,1000,1,4221.0,4233.0
178,2018-06-09,4285.0,4285.0,4285.0,4285.0,1964781,117,1,4233.0,4285.0
179,2018-06-13,4585.0,4585.0,4452.0,4584.0,180891080,10070,3,4285.0,4585.0
180,2018-06-17,4608.0,4735.0,4608.0,4730.0,795336890,42905,11,4584.0,4727.0
181,2018-06-18,4755.0,4863.0,4755.0,4806.0,746906100,39660,9,4730.0,4805.0
182,2018-06-19,4772.0,4874.0,4772.0,4865.0,431426860,22630,6,4806.0,4874.0
183,2018-06-20,4976.0,4976.0,4942.0,4954.0,94855922,4886,5,4865.0,4942.0
184,2018-06-23,4956.0,5021.0,4943.0,4985.0,227846076,11664,11,4954.0,5021.0
185,2018-06-24,5028.0,5133.0,5028.0,5114.0,708538716,35354,14,4985.0,5133.0
186,2018-06-26,5397.0,5397.0,5251.0,5265.0,845957909,41001,15,5114.0,5252.0
187,2018-06-27,5219.0,5219.0,5068.0,5179.0,208226700,10260,9,5265.0,5068.0
188,2018-06-30,5002.0,5002.0,4975.0,4979.0,135406240,6940,3,5179.0,4975.0
189,2018-07-01,4925.0,4925.0,4837.0,4864.0,323757699,16985,13,4979.0,4837.0
190,2018-07-02,4649.0,4649.0,4648.0,4648.0,217554838,11945,5,4864.0,4648.0
191,2018-07-03,4800.0,4944.0,4800.0,4939.0,39893349,2061,2,4648.0,4944.0
192,2018-07-04,4971.0,4971.0,4971.0,4971.0,17532900,900,1,4939.0,4971.0
193,2018-07-07,4996.0,4996.0,4951.0,4996.0,491027000,25080,3,4971.0,4951.0
194,2018-07-15,4865.0,4865.0,4865.0,4865.0,9532500,500,1,4996.0,4865.0
195,2018-07-17,4803.0,4803.0,4725.0,4741.0,5016420,270,3,4865.0,4725.0
196,2018-07-18,4725.0,4725.0,4725.0,4725.0,1999836,108,2,4741.0,4725.0
197,2018-07-24,4742.0,4742.0,4725.0,4725.0,501922240,27110,2,4725.0,4725.0
198,2018-07-25,4755.0,4755.0,4755.0,4755.0,9316500,500,1,4725.0,4755.0
199,2018-07-28,4849.0,4849.0,4849.0,4849.0,38190000,2010,1,4755.0,4849.0
200,2018-07-29,4944.0,4944.0,4941.0,4942.0,24207500,1250,2,4849.0,4941.0
201,2018-07-30,5208.0,5291.0,5180.0,5271.0,258515647,12515,10,4942.0,5280.0
202,2018-07-31,5461.0,5484.0,5461.0,5479.0,2596959095,120959,30,5271.0,5484.0
203,2018-08-01,5482.0,5525.0,5359.0,5422.0,600536758,28266,20,5479.0,5400.0
204,2018-08-04,5563.0,5671.0,5403.0,5597.0,655760463,29899,18,5422.0,5586.0
205,2018-08-05,5665.0,5812.0,5665.0,5802.0,549959270,24189,11,5597.0,5803.0
206,2018-08-06,5954.0,6354.0,5954.0,6020.0,1192060025,50535,28,5802.0,5977.0
207,2018-08-07,5903.0,5919.0,5888.0,5901.0,393600808,17022,6,6020.0,5888.0
208,2018-08-08,5943.0,5943.0,5749.0,5835.0,226074818,9887,4,5901.0,5749.0
209,2018-08-11,5730.0,5792.0,5714.0,5725.0,329044939,14666,9,5835.0,5714.0
210,2018-08-12,5829.0,5829.0,5806.0,5827.0,12422632,544,2,5725.0,5806.0
211,2018-08-13,5736.0,5736.0,5563.0,5617.0,94097780,4275,7,5827.0,5662.0
212,2018-08-14,5700.0,5708.0,5651.0,5683.0,44541720,2000,7,5617.0,5651.0
213,2018-08-15,5617.0,5653.0,5617.0,5638.0,11399676,516,2,5683.0,5653.0
214,2018-08-18,5658.0,5735.0,5653.0,5713.0,124069674,5542,9,5638.0,5735.0
215,2018-08-19,5784.0,5805.0,5744.0,5774.0,440274010,19460,10,5713.0,5744.0
216,2018-08-20,5746.0,6022.0,5746.0,5823.0,181176233,7940,7,5774.0,5916.0
217,2018-08-21,5935.0,5943.0,5935.0,5936.0,139564000,6000,4,5823.0,5943.0
218,2018-08-25,6099.0,6099.0,6033.0,6041.0,850820793,35943,24,5936.0,6033.0
219,2018-08-26,6099.0,6178.0,6099.0,6176.0,128857940,5324,3,6041.0,6178.0
220,2018-08-27,6391.0,6408.0,6375.0,6404.0,797234531,31766,17,6176.0,6408.0
221,2018-08-28,6390.0,6390.0,6125.0,6233.0,1088223470,44556,31,6404.0,6167.0
222,2018-08-29,6252.0,6253.0,6137.0,6216.0,610348312,25056,8,6233.0,6208.0
223,2018-09-01,6238.0,6238.0,6076.0,6146.0,17510622,727,2,6216.0,6076.0
224,2018-09-02,6058.0,6058.0,5786.0,5935.0,148721611,6395,20,6146.0,5810.0
225,2018-09-03,5971.0,6132.0,5971.0,6043.0,279373717,11798,8,5935.0,6132.0
226,2018-09-04,6073.0,6086.0,6073.0,6086.0,15764800,661,3,6043.0,6086.0
227,2018-09-05,6125.0,6200.0,6125.0,6185.0,606317051,25016,11,6086.0,6200.0
228,2018-09-08,6248.0,6311.0,6127.0,6159.0,525032003,21754,11,6185.0,6127.0
229,2018-09-09,6166.0,6311.0,6166.0,6235.0,183326479,7503,11,6159.0,6311.0
230,2018-09-10,6311.0,6603.0,6311.0,6471.0,115730531,4564,21,6235.0,6603.0
231,2018-09-11,6479.0,6584.0,6479.0,6582.0,133871180,5190,5,6471.0,6584.0
232,2018-09-12,6917.0,6954.0,6890.0,6922.0,261435695,9638,15,6582.0,6954.0
233,2018-09-15,6945.0,7005.0,6712.0,6928.0,1125970077,41474,19,6922.0,6712.0
234,2018-09-16,6742.0,6777.0,6702.0,6729.0,103765825,3935,5,6928.0,6777.0
235,2018-09-17,6761.0,6955.0,6761.0,6890.0,98307117,3641,7,6729.0,6955.0
236,2018-09-18,6919.0,6919.0,6890.0,6918.0,141647112,5225,8,6890.0,6890.0
237,2018-09-22,6926.0,6926.0,6916.0,6917.0,14800600,546,5,6918.0,6916.0
238,2018-09-23,7097.0,7247.0,7097.0,7180.0,398698323,14170,15,6917.0,7247.0
239,2018-09-24,7288.0,7548.0,7288.0,7454.0,362412198,12408,12,7180.0,7548.0
240,2018-09-25,7715.0,7786.0,7715.0,7749.0,351290140,11568,24,7454.0,7757.0
241,2018-09-26,7757.0,8019.0,7757.0,7974.0,958510092,30675,32,7749.0,7995.0
242,2018-09-29,7982.0,8166.0,7982.0,8054.0,863028687,27344,40,7974.0,8166.0
243,2018-09-30,8421.0,8655.0,8421.0,8607.0,1097078832,32528,32,8054.0,8651.0
244,2018-10-01,8758.0,11370.0,8281.0,8798.0,3258461317,94515,48,8607.0,9187.0
245,2018-10-02,8676.0,8676.0,8166.0,8225.0,703868294,21838,28,8798.0,8198.0
246,2018-10-03,8068.0,8562.0,8068.0,8333.0,665576744,20382,21,8225.0,8301.0
247,2018-10-06,8451.0,8710.0,8013.0,8420.0,642079017,19460,26,8333.0,8013.0
248,2018-10-07,7973.0,8367.0,7821.0,7963.0,951983163,30508,32,8420.0,7821.0
249,2018-10-08,7760.0,8248.0,7705.0,7959.0,1505616394,48275,15,7963.0,8248.0
250,2018-10-09,8261.0,8932.0,8261.0,8436.0,658804770,19928,24,7959.0,8355.0
251,2018-10-10,8376.0,8424.0,8198.0,8377.0,803335334,24472,11,8436.0,8396.0
252,2018-10-13,8067.0,8067.0,7920.0,7987.0,286710623,9160,12,8377.0,7930.0
253,2018-10-14,7911.0,8102.0,7911.0,7950.0,65514462,2103,9,7987.0,8102.0
254,2018-10-16,8393.0,8555.0,8393.0,8476.0,712834848,21462,29,7950.0,8468.0
255,2018-10-17,8465.0,8549.0,8294.0,8471.0,2205234233,66435,37,8476.0,8525.0
256,2018-10-20,8525.0,8951.0,8525.0,8648.0,4766398199,140652,67,8471.0,8951.0
257,2018-10-21,8732.0,8738.0,8702.0,8732.0,590388683,17253,36,8648.0,8738.0
258,2018-10-22,8707.0,8746.0,8651.0,8687.0,125444959,3685,16,8732.0,8746.0
259,2018-10-23,8678.0,8678.0,8294.0,8442.0,294808123,8912,31,8687.0,8448.0
260,2018-10-24,8538.0,8538.0,8443.0,8528.0,827573047,24765,15,8442.0,8535.0
261,2018-10-27,8326.0,8326.0,8166.0,8208.0,246414156,7661,24,8528.0,8166.0
262,2018-10-28,8166.0,8166.0,8025.0,8056.0,1768454796,56018,24,8208.0,8161.0
263,2018-10-29,8321.0,8324.0,8319.0,8320.0,60841348,1866,8,8056.0,8324.0
264,2018-10-31,8169.0,8370.0,8166.0,8230.0,402244597,12473,23,8320.0,8166.0
265,2018-11-03,8294.0,8332.0,8110.0,8189.0,10493221,327,5,8230.0,8115.0
266,2018-11-04,8110.0,8166.0,8004.0,8057.0,1241398526,39319,18,8189.0,8013.0
267,2018-11-05,7944.0,8166.0,7944.0,7961.0,25362899,813,4,8057.0,8161.0
268,2018-11-06,8161.0,8166.0,8141.0,8146.0,1585617255,49674,20,7961.0,8166.0
269,2018-11-10,8107.0,8115.0,7992.0,8101.0,287938445,9070,10,8146.0,7992.0
270,2018-11-11,8010.0,8010.0,7867.0,7901.0,1963946278,63428,12,8101.0,7867.0
271,2018-11-12,7980.0,7980.0,7980.0,7980.0,1563500,50,1,7901.0,7980.0
272,2018-11-13,8020.0,8166.0,8020.0,8163.0,104286500,3260,7,7980.0,8166.0
273,2018-11-14,7964.0,8064.0,7963.0,7965.0,105252497,3372,10,8163.0,7963.0
274,2018-11-17,7860.0,7860.0,7860.0,7860.0,18479400,600,5,7965.0,7860.0
275,2018-11-18,8002.0,8002.0,7505.0,7589.0,243365408,8183,16,7860.0,7553.0
276,2018-11-19,7655.0,7911.0,7655.0,7887.0,4474366048,144762,20,7589.0,7809.0
277,2018-11-20,7966.0,7987.0,7879.0,7945.0,106787194,3430,6,7887.0,7879.0
278,2018-11-21,7879.0,7879.0,7652.0,7839.0,19507500,635,5,7945.0,7652.0
279,2018-11-24,7646.0,7646.0,7388.0,7641.0,545062266,18204,15,7839.0,7388.0
280,2018-11-26,7220.0,7220.0,7171.0,7179.0,529306177,18816,12,7641.0,7171.0
281,2018-11-27,7229.0,7400.0,7229.0,7278.0,74378814,2608,9,7179.0,7251.0
282,2018-11-28,7343.0,7343.0,7273.0,7294.0,41103450,1438,5,7278.0,7273.0
283,2018-12-01,6926.0,7056.0,6922.0,6945.0,365782309,13440,8,7294.0,7056.0
284,2018-12-02,7145.0,7321.0,7116.0,7160.0,146824246,5233,9,6945.0,7116.0
285,2018-12-03,7292.0,7292.0,7292.0,7292.0,147480736,5161,1,7160.0,7292.0
286,2018-12-04,7408.0,7408.0,7269.0,7302.0,96577623,3375,5,7292.0,7269.0
287,2018-12-05,7457.0,7528.0,7457.0,7468.0,6847600,234,4,7302.0,7528.0
288,2018-12-08,7502.0,7502.0,7482.0,7498.0,100927560,3435,5,7468.0,7499.0
289,2018-12-09,7432.0,7432.0,7375.0,7395.0,22314760,770,5,7498.0,7375.0
290,2018-12-10,7324.0,7324.0,7324.0,7324.0,7749000,270,4,7395.0,7324.0
291,2018-12-15,7273.0,7273.0,7147.0,7150.0,472204462,16853,9,7324.0,7147.0
292,2018-12-16,7118.0,7118.0,7035.0,7062.0,86560072,3128,6,7150.0,7035.0
293,2018-12-17,7031.0,7032.0,7018.0,7018.0,140255400,5100,6,7062.0,7018.0
294,2018-12-19,6890.0,6890.0,6729.0,6856.0,239339661,8909,6,7018.0,6761.0
295,2018-12-22,6900.0,6900.0,6900.0,6900.0,11491575,425,3,6856.0,6900.0
296,2018-12-23,6924.0,6967.0,6924.0,6928.0,59726000,2200,5,6900.0,6967.0
297,2018-12-24,6967.0,6967.0,6905.0,6917.0,8863485,327,3,6928.0,6913.0
298,2018-12-25,6905.0,6905.0,6875.0,6901.0,131150100,4850,3,6917.0,6875.0
299,2018-12-29,6992.0,7202.0,6992.0,7036.0,27818377,1009,5,6901.0,7202.0
300,2018-12-30,7092.0,7162.0,7069.0,7111.0,41796100,1500,6,7036.0,7069.0
301,2018-12-31,7145.0,7186.0,7069.0,7085.0,79124828,2850,5,7111.0,7069.0
302,2019-01-01,7059.0,7059.0,7056.0,7059.0,85363446,3086,4,7085.0,7059.0
303,2019-01-02,7200.0,7200.0,7144.0,7170.0,34249854,1219,7,7059.0,7144.0
304,2019-01-05,6958.0,7130.0,6958.0,7013.0,45341900,1650,4,7170.0,7130.0
305,2019-01-06,6967.0,7005.0,6928.0,6953.0,50054400,1837,5,7013.0,6928.0
306,2019-01-07,7154.0,7154.0,7008.0,7034.0,114025593,4137,7,6953.0,7018.0
307,2019-01-08,7236.0,7315.0,7145.0,7202.0,55711780,1974,4,7034.0,7314.0
308,2019-01-09,7171.0,7342.0,7151.0,7180.0,59032858,2098,6,7202.0,7298.0
309,2019-01-12,7146.0,7317.0,7146.0,7266.0,7004070,246,4,7180.0,7269.0
310,2019-01-13,7219.0,7219.0,7143.0,7148.0,17646300,630,5,7266.0,7143.0
311,2019-01-14,7219.0,7219.0,7143.0,7160.0,61029380,2175,8,7148.0,7143.0
312,2019-01-15,7219.0,7219.0,7171.0,7186.0,15487300,550,4,7160.0,7171.0
313,2019-01-16,7145.0,7145.0,7103.0,7135.0,29915692,1070,9,7186.0,7105.0
314,2019-01-19,7087.0,7139.0,7087.0,7103.0,111205185,3995,5,7135.0,7139.0
315,2019-01-20,7326.0,7326.0,7311.0,7311.0,50913330,1777,3,7103.0,7311.0
316,2019-01-21,7013.0,7013.0,7002.0,7008.0,98589600,3590,3,7311.0,7002.0
317,2019-01-22,7082.0,7171.0,7056.0,7087.0,50768366,1828,7,7008.0,7056.0
318,2019-01-23,7084.0,7260.0,7051.0,7095.0,77570460,2790,3,7087.0,7051.0
319,2019-01-26,7281.0,7281.0,7081.0,7182.0,46912950,1667,6,7095.0,7281.0
320,2019-01-27,7227.0,7227.0,7145.0,7182.0,2532800,90,2,7182.0,7145.0
321,2019-01-28,7145.0,7145.0,6949.0,6999.0,40891590,1491,4,7182.0,7120.0
322,2019-01-29,6950.0,6950.0,6935.0,6936.0,92437024,3401,4,6999.0,6936.0
323,2019-01-30,6914.0,6950.0,6914.0,6932.0,176559480,6500,6,6936.0,6931.0
324,2019-02-02,6933.0,7056.0,6877.0,6989.0,10242342,374,4,6932.0,7056.0
325,2019-02-03,7051.0,7051.0,6811.0,6820.0,76225164,2852,4,6989.0,6840.0
326,2019-02-04,6916.0,7023.0,6916.0,6958.0,22632770,830,3,6820.0,7023.0
327,2019-02-06,7056.0,7182.0,6975.0,7011.0,227763148,8290,6,6958.0,6975.0
328,2019-02-10,7001.0,7204.0,7001.0,7014.0,58850430,2141,2,7011.0,7204.0
329,2019-02-12,7145.0,7145.0,7043.0,7079.0,4244000,153,2,7014.0,7043.0
330,2019-02-13,7079.0,7079.0,7079.0,7079.0,27739000,1000,2,7079.0,7079.0
331,2019-02-16,6990.0,6990.0,6920.0,6934.0,82083552,3021,8,7079.0,6920.0
332,2019-02-17,6918.0,6926.0,6869.0,6889.0,81667150,3025,5,6934.0,6869.0
333,2019-02-18,6941.0,6941.0,6941.0,6941.0,5956800,219,2,6889.0,6941.0
334,2019-02-19,6941.0,7018.0,6941.0,6982.0,30125631,1101,6,6941.0,6986.0
335,2019-02-20,7145.0,7221.0,7027.0,7184.0,402560471,14299,9,6982.0,7221.0
336,2019-02-23,7405.0,7405.0,7405.0,7405.0,52346668,1804,4,7184.0,7405.0
337,2019-02-24,7656.0,7656.0,7406.0,7642.0,184518960,6162,5,7405.0,7406.0
338,2019-02-25,7641.0,7790.0,7641.0,7707.0,64240762,2127,6,7642.0,7656.0
339,2019-02-26,7688.0,7688.0,7477.0,7598.0,113229558,3803,8,7707.0,7528.0
340,2019-02-27,7625.0,7625.0,7452.0,7484.0,64846120,2211,2,7598.0,7452.0
341,2019-03-02,7628.0,7628.0,7406.0,7420.0,174992181,6018,11,7484.0,7406.0
342,2019-03-03,7582.0,7582.0,7368.0,7395.0,66683261,2301,3,7420.0,7579.0
343,2019-03-05,7426.0,7426.0,7300.0,7326.0,116045115,4042,7,7395.0,7300.0
344,2019-03-06,7538.0,7538.0,7325.0,7372.0,363652250,12589,8,7326.0,7325.0
345,2019-03-09,7327.0,7385.0,7327.0,7349.0,35682188,1239,4,7372.0,7385.0
346,2019-03-10,7349.0,7475.0,7321.0,7415.0,131110470,4512,9,7349.0,7475.0
347,2019-03-11,7494.0,7878.0,7494.0,7792.0,415793526,13618,12,7415.0,7656.0
348,2019-03-12,7860.0,7911.0,7860.0,7909.0,110278000,3558,4,7792.0,7911.0
349,2019-03-13,7936.0,8059.0,7936.0,7957.0,543552191,17433,18,7909.0,8027.0
350,2019-03-16,8027.0,8146.0,8027.0,8128.0,1246471740,39136,17,7957.0,8120.0
351,2019-03-17,8120.0,8162.0,8120.0,8144.0,1079840734,33836,16,8128.0,8141.0
352,2019-03-18,7911.0,8339.0,7911.0,8301.0,251538032,7733,17,8144.0,8307.0
353,2019-03-19,8421.0,8500.0,8215.0,8373.0,235644597,7182,13,8301.0,8500.0
354,2019-03-25,8256.0,8503.0,8256.0,8485.0,1514149569,45539,23,8373.0,8501.0
355,2019-03-26,8485.0,8485.0,8219.0,8454.0,544013749,16421,13,8485.0,8476.0
356,2019-03-27,8495.0,8573.0,8495.0,8544.0,774530647,23134,15,8454.0,8573.0
357,2019-03-30,8677.0,8832.0,8506.0,8756.0,576499902,16801,21,8544.0,8832.0
358,2019-03-31,8827.0,8827.0,8613.0,8726.0,263696221,7712,12,8756.0,8701.0
359,2019-04-06,8722.0,8722.0,8536.0,8555.0,218446503,6516,11,8726.0,8536.0
360,2019-04-07,8823.0,8841.0,8651.0,8754.0,325242338,9481,10,8555.0,8651.0
361,2019-04-08,8701.0,8804.0,8677.0,8740.0,100757098,2942,5,8754.0,8804.0
362,2019-04-09,8625.0,8804.0,8625.0,8661.0,9231400,272,3,8740.0,8804.0
363,2019-04-10,8778.0,9100.0,8778.0,9009.0,208722928,5912,13,8661.0,9098.0
364,2019-04-13,9103.0,9164.0,9047.0,9113.0,379141533,10617,28,9009.0,9097.0
365,2019-04-14,9103.0,9184.0,8983.0,8994.0,393366240,11161,7,9113.0,9184.0
366,2019-04-15,9264.0,9415.0,9021.0,9375.0,174060347,4738,14,8994.0,9238.0
367,2019-04-16,9187.0,9314.0,9119.0,9162.0,207193254,5771,10,9375.0,9314.0
368,2019-04-17,9212.0,9218.0,8868.0,9084.0,305575217,8584,11,9162.0,8868.0
369,2019-04-20,9075.0,9213.0,9075.0,9198.0,175789838,4877,9,9084.0,9212.0
370,2019-04-22,9196.0,9323.0,9187.0,9245.0,437572439,12078,27,9198.0,9187.0
371,2019-04-23,8992.0,9206.0,8964.0,8980.0,844155829,23989,13,9245.0,9187.0
372,2019-04-24,8993.0,9263.0,8993.0,9180.0,37662757,1047,14,8980.0,9263.0
373,2019-04-27,9365.0,9427.0,9365.0,9418.0,861750120,23350,11,9180.0,9423.0
374,2019-04-28,9436.0,9592.0,9436.0,9560.0,487001229,13000,27,9418.0,9592.0
375,2019-04-29,9570.0,9950.0,9570.0,9874.0,291355616,7530,12,9560.0,9950.0
376,2019-04-30,10066.0,10066.0,9521.0,9871.0,290485164,7510,16,9874.0,9842.0
377,2019-05-01,9909.0,10095.0,9700.0,9973.0,526984045,13485,24,9871.0,10088.0
378,2019-05-04,10153.0,10195.0,10113.0,10155.0,233635975,5871,24,9973.0,10185.0
379,2019-05-05,10180.0,10180.0,9682.0,9970.0,918736812,23516,27,10155.0,9952.0
380,2019-05-06,9697.0,9697.0,9414.0,9474.0,793016442,21360,22,9970.0,9430.0
381,2019-05-07,9706.0,9706.0,9094.0,9177.0,765508270,21286,18,9474.0,9208.0
382,2019-05-08,9512.0,9667.0,9511.0,9546.0,1577019260,42156,18,9177.0,9667.0
383,2019-05-11,9405.0,9686.0,9115.0,9433.0,739449359,20004,29,9546.0,9374.0
384,2019-05-12,9407.0,9407.0,9059.0,9113.0,513067658,14368,28,9433.0,9110.0
385,2019-05-13,10144.0,10144.0,9442.0,9544.0,150350044,4020,8,9113.0,9540.0
386,2019-05-14,9702.0,9702.0,9621.0,9680.0,190942444,5034,12,9544.0,9692.0
387,2019-05-15,9489.0,9646.0,9415.0,9470.0,433051868,11669,13,9680.0,9455.0
388,2019-05-18,9748.0,9748.0,9511.0,9528.0,268806536,7199,14,9470.0,9519.0
389,2019-05-19,9533.0,9533.0,9503.0,9515.0,365741232,9809,12,9528.0,9512.0
390,2019-05-20,9723.0,9723.0,9386.0,9482.0,20324254,547,8,9515.0,9386.0
391,2019-05-21,9511.0,9748.0,9511.0,9619.0,329065789,8730,18,9482.0,9697.0
392,2019-05-22,9621.0,9875.0,9621.0,9731.0,121263489,3180,12,9619.0,9841.0
393,2019-05-25,9824.0,9824.0,9748.0,9749.0,387178578,10135,9,9731.0,9748.0
394,2019-05-26,10009.0,10009.0,9777.0,9920.0,228968360,5890,18,9749.0,9901.0
395,2019-05-28,10004.0,10195.0,10004.0,10107.0,207528628,5240,16,9920.0,10156.0
396,2019-05-29,10157.0,10197.0,10157.0,10192.0,313236420,7843,18,10107.0,10197.0
397,2019-06-01,10063.0,10355.0,9904.0,10227.0,649848025,16215,23,10192.0,10355.0
398,2019-06-02,10361.0,10470.0,10284.0,10442.0,1447693037,35379,23,10227.0,10443.0
399,2019-06-03,10239.0,10575.0,10239.0,10535.0,628885089,15234,23,10442.0,10560.0
400,2019-06-08,10564.0,10654.0,10257.0,10521.0,560758442,13601,18,10535.0,10598.0
401,2019-06-09,10463.0,10806.0,10463.0,10580.0,208337484,5025,22,10521.0,10582.0
402,2019-06-10,10778.0,10820.0,10467.0,10582.0,363337578,8762,19,10580.0,10736.0
403,2019-06-11,10757.0,10815.0,10747.0,10800.0,694695047,16414,18,10582.0,10776.0
404,2019-06-12,10514.0,10930.0,10485.0,10857.0,1386749517,32596,31,10800.0,10815.0
405,2019-06-15,10852.0,10852.0,10641.0,10822.0,340899698,8039,17,10857.0,10769.0
406,2019-06-16,10782.0,10891.0,10641.0,10811.0,867209670,20471,22,10822.0,10667.0
407,2019-06-17,10762.0,10769.0,10445.0,10484.0,392863210,9563,16,10811.0,10769.0
408,2019-06-18,10743.0,10852.0,10423.0,10653.0,530526073,12709,23,10484.0,10723.0
409,2019-06-19,10790.0,10790.0,10478.0,10634.0,787070834,18888,19,10653.0,10692.0
410,2019-06-22,10586.0,10692.0,10298.0,10493.0,110852745,2696,12,10634.0,10463.0
411,2019-06-23,10718.0,10824.0,10512.0,10799.0,623832485,14742,11,10493.0,10794.0
412,2019-06-24,10695.0,10973.0,10695.0,10816.0,417214498,9844,21,10799.0,10973.0
413,2019-06-25,10973.0,11356.0,10937.0,11256.0,465537204,10554,15,10816.0,11348.0
414,2019-06-26,11476.0,11498.0,11410.0,11463.0,1517916242,33791,31,11256.0,11461.0
415,2019-06-30,11210.0,11476.0,11210.0,11307.0,461665755,10419,24,11463.0,11292.0
416,2019-07-01,11305.0,11305.0,11061.0,11257.0,629036110,14260,25,11307.0,11292.0
417,2019-07-02,11081.0,11386.0,11081.0,11301.0,96588082,2181,18,11257.0,11366.0
418,2019-07-03,11407.0,11472.0,11369.0,11419.0,1000894054,22368,27,11301.0,11396.0
419,2019-07-06,11397.0,11397.0,10908.0,11055.0,590855512,13639,21,11419.0,11010.0
420,2019-07-07,11250.0,11250.0,10974.0,11133.0,172151474,3946,21,11055.0,10994.0
421,2019-07-08,11134.0,11323.0,11133.0,11197.0,111138338,2533,21,11133.0,11278.0
422,2019-07-09,11356.0,11413.0,10973.0,11177.0,302396051,6904,22,11197.0,11126.0
423,2019-07-10,11101.0,11422.0,11101.0,11406.0,1962859858,43915,26,11177.0,11177.0
424,2019-07-13,11381.0,11387.0,11063.0,11323.0,888207785,20017,35,11406.0,11073.0
425,2019-07-14,11458.0,11505.0,11150.0,11472.0,1833184248,40779,39,11323.0,11483.0
426,2019-07-15,11582.0,11611.0,11436.0,11517.0,569387807,12616,31,11472.0,11436.0
427,2019-07-16,11432.0,11432.0,10906.0,11135.0,1520599163,34847,38,11517.0,10973.0
428,2019-07-17,10877.0,11228.0,10877.0,10965.0,408256665,9501,11,11135.0,11203.0
429,2019-07-20,11254.0,11254.0,11004.0,11047.0,226654890,5236,20,10965.0,11024.0
430,2019-07-21,11205.0,11228.0,11010.0,11030.0,154351313,3571,10,11047.0,11015.0
431,2019-07-22,11339.0,11339.0,11175.0,11313.0,120232112,2712,14,11030.0,11228.0
432,2019-07-23,11369.0,11369.0,11167.0,11193.0,392042682,8938,18,11313.0,11342.0
433,2019-07-24,11369.0,11529.0,11369.0,11467.0,531849308,11836,30,11193.0,11483.0
434,2019-07-27,11535.0,11578.0,11420.0,11510.0,526906320,11682,23,11467.0,11462.0
435,2019-07-28,11654.0,11663.0,11483.0,11624.0,4710442806,103415,32,11510.0,11624.0
436,2019-07-29,11624.0,11624.0,11376.0,11564.0,470847754,10390,34,11624.0,11586.0
437,2019-07-30,11626.0,11649.0,11483.0,11594.0,1289271760,28377,28,11564.0,11593.0
438,2019-07-31,11598.0,11645.0,11598.0,11637.0,1509694846,33106,25,11594.0,11645.0
439,2019-08-03,11740.0,11740.0,11398.0,11668.0,1366726875,29890,42,11637.0,11732.0
440,2019-08-04,11588.0,11801.0,11588.0,11740.0,298705295,6493,22,11668.0,11801.0
441,2019-08-05,11839.0,11866.0,11739.0,11839.0,409432983,8825,26,11740.0,11866.0
442,2019-08-06,11655.0,11842.0,11654.0,11785.0,172851086,3743,28,11839.0,11764.0
443,2019-08-07,11740.0,11871.0,11739.0,11823.0,653499611,14105,35,11785.0,11871.0
444,2019-08-10,11935.0,11945.0,11815.0,11929.0,490955977,10503,19,11823.0,11943.0
445,2019-08-11,11902.0,11920.0,11560.0,11751.0,295761681,6423,29,11929.0,11790.0
446,2019-08-13,11914.0,12018.0,11764.0,11934.0,303800943,6496,23,11751.0,11943.0
447,2019-08-14,12013.0,12182.0,11906.0,12153.0,3025151450,63520,46,11934.0,11906.0
448,2019-08-17,12162.0,12162.0,11968.0,12067.0,335694934,7099,19,12153.0,11994.0
449,2019-08-18,12121.0,12121.0,11815.0,11971.0,1040412435,22179,50,12067.0,11993.0
450,2019-08-19,12096.0,12197.0,11886.0,12038.0,1057134985,22410,28,11971.0,12197.0
451,2019-08-21,12242.0,12483.0,12224.0,12300.0,1056266894,21914,60,12038.0,12479.0
452,2019-08-24,12504.0,12572.0,12504.0,12564.0,1835717751,37284,49,12300.0,12559.0
453,2019-08-25,12581.0,13015.0,12459.0,12562.0,4524381560,91906,47,12564.0,13006.0
454,2019-08-26,12563.0,12842.0,12563.0,12619.0,1921882111,38866,65,12562.0,12841.0
455,2019-08-27,12861.0,13767.0,12861.0,13080.0,4127908683,80533,72,12619.0,13188.0
456,2019-08-28,12848.0,13058.0,12599.0,12844.0,5082902529,100989,54,13080.0,13058.0
457,2019-08-31,13074.0,13262.0,13058.0,13167.0,2543413453,49294,107,12844.0,13128.0
458,2019-09-01,13168.0,13297.0,13132.0,13214.0,2873596652,55496,88,13167.0,13211.0
459,2019-09-02,13219.0,13223.0,12759.0,13138.0,5098638686,99036,112,13214.0,13066.0
460,2019-09-03,13040.0,13193.0,13040.0,13075.0,1480194911,28889,48,13138.0,13193.0
461,2019-09-04,13295.0,13365.0,13219.0,13339.0,2336451384,44698,44,13075.0,13365.0
462,2019-09-07,13367.0,14136.0,13367.0,13662.0,6932797516,129495,126,13339.0,14035.0
463,2019-09-08,13664.0,14158.0,13664.0,13799.0,5503045563,101771,112,13662.0,14158.0
464,2019-09-11,13806.0,14545.0,13806.0,14032.0,8238541417,149824,152,13799.0,14503.0
465,2019-09-14,14941.0,15311.0,14687.0,14943.0,7925753950,135355,255,14032.0,15311.0
466,2019-09-15,14687.0,15936.0,13863.0,14225.0,20602547115,369608,335,14943.0,14834.0
467,2019-09-16,14055.0,14245.0,13870.0,14142.0,10864464290,196042,261,14225.0,14073.0
468,2019-09-17,14062.0,14102.0,13716.0,13905.0,5396488752,99036,100,14142.0,13944.0
469,2019-09-18,13953.0,13953.0,13272.0,13552.0,2474666886,46600,127,13905.0,13525.0
470,2019-09-21,13449.0,13975.0,13449.0,13934.0,2250161769,41211,87,13552.0,13903.0
471,2019-09-22,13916.0,14035.0,13857.0,13921.0,1598548577,29303,88,13934.0,14000.0
472,2019-09-23,14163.0,14517.0,14048.0,14333.0,2872224974,51139,112,13921.0,14414.0
473,2019-09-24,14198.0,14624.0,14086.0,14350.0,3231395365,57463,102,14333.0,14191.0
474,2019-09-25,14099.0,14421.0,14099.0,14304.0,1027056285,18323,80,14350.0,14368.0
475,2019-09-28,14415.0,14545.0,14415.0,14472.0,2322341354,40951,145,14304.0,14543.0
476,2019-09-29,14750.0,14801.0,14623.0,14708.0,2287094638,39681,107,14472.0,14798.0
477,2019-09-30,15005.0,15043.0,14660.0,14961.0,2697530514,46012,118,14708.0,15043.0
478,2019-10-01,15042.0,15258.0,14585.0,15071.0,3890687426,65880,135,14961.0,14929.0
479,2019-10-02,15045.0,15209.0,14727.0,15076.0,1912669963,32375,79,15071.0,15158.0
480,2019-10-05,15254.0,15254.0,15056.0,15224.0,6681308944,111991,112,15076.0,15093.0
481,2019-10-06,15114.0,15114.0,14546.0,14960.0,2225222669,37959,88,15224.0,14951.0
482,2019-10-07,14951.0,15083.0,14571.0,14742.0,2099628757,36345,107,14960.0,14826.0
483,2019-10-08,14574.0,14801.0,14271.0,14489.0,1863293068,32817,133,14742.0,14291.0
484,2019-10-09,14297.0,14545.0,14114.0,14221.0,2851419336,51168,122,14489.0,14367.0
485,2019-10-12,14546.0,15056.0,14546.0,14929.0,2386590383,40794,74,14221.0,14911.0
486,2019-10-13,15150.0,15150.0,14982.0,15043.0,916696015,15551,79,14929.0,14990.0
487,2019-10-14,15126.0,15126.0,14451.0,14623.0,1935350493,33774,77,15043.0,14775.0
488,2019-10-15,14775.0,14775.0,14100.0,14396.0,610619124,10824,49,14623.0,14456.0
489,2019-10-16,14600.0,14600.0,14066.0,14181.0,3185332485,57322,88,14396.0,14288.0
490,2019-10-20,14417.0,14417.0,12785.0,13667.0,6998366382,130675,129,14181.0,13261.0
491,2019-10-21,13270.0,14033.0,11611.0,13217.0,3160801985,61029,113,13667.0,13934.0
492,2019-10-22,13221.0,14425.0,13221.0,14299.0,1000970251,17864,67,13217.0,14249.0
493,2019-10-23,14425.0,14425.0,13895.0,14133.0,875979481,15817,63,14299.0,14238.0
494,2019-10-26,14238.0,14238.0,13841.0,14022.0,1761944773,32065,66,14133.0,14161.0
495,2019-10-28,14163.0,14163.0,13952.0,13967.0,2846975680,52018,68,14022.0,14035.0
496,2019-10-30,14580.0,14580.0,14156.0,14311.0,865464345,15432,58,13967.0,14425.0
497,2019-11-02,14635.0,14739.0,14311.0,14419.0,2059028920,36440,91,14311.0,14418.0
498,2019-11-03,14431.0,14478.0,14018.0,14328.0,2077056200,36994,68,14419.0,14291.0
499,2019-11-04,14035.0,14291.0,14035.0,14053.0,374246407,6796,45,14328.0,14086.0
500,2019-11-05,14153.0,14285.0,13741.0,13958.0,186457565,3409,39,14053.0,14285.0
501,2019-11-09,14282.0,14282.0,13894.0,14021.0,675056396,12286,50,13958.0,14163.0
502,2019-11-10,14163.0,14163.0,13894.0,14015.0,529769650,9646,35,14021.0,13997.0
503,2019-11-11,14035.0,14035.0,13760.0,13847.0,923961202,17028,54,14015.0,13848.0
504,2019-11-12,14112.0,14163.0,13875.0,13947.0,287262958,5256,23,13847.0,13997.0
505,2019-11-13,14226.0,14226.0,13899.0,14063.0,682758997,12389,46,13947.0,14046.0
506,2019-11-16,14035.0,14086.0,13932.0,13997.0,1249285353,22776,54,14063.0,13932.0
507,2019-11-17,13832.0,13908.0,13607.0,13717.0,1098354546,20434,20,13997.0,13908.0
508,2019-11-18,13908.0,14033.0,13770.0,13803.0,512284262,9471,32,13717.0,13843.0
509,2019-11-19,13739.0,14150.0,13739.0,13869.0,285105260,5246,30,13803.0,14032.0
510,2019-11-20,13898.0,14048.0,13878.0,13898.0,4184268699,76828,40,13869.0,14024.0
511,2019-11-23,14035.0,14035.0,13921.0,13955.0,228470619,4178,33,13898.0,13946.0
512,2019-11-24,13917.0,14033.0,13917.0,13978.0,744291583,13588,50,13955.0,13978.0
513,2019-11-25,14030.0,14162.0,14015.0,14088.0,874561162,15842,47,13978.0,14158.0
514,2019-11-26,14163.0,14288.0,14162.0,14272.0,1900206248,33977,62,14088.0,14286.0
515,2019-11-27,14291.0,14544.0,14291.0,14410.0,2015982332,35701,86,14272.0,14544.0
516,2019-11-30,14544.0,14750.0,14544.0,14701.0,3126400736,54268,104,14410.0,14707.0
517,2019-12-01,14874.0,15121.0,14814.0,15032.0,3661538202,62160,119,14701.0,15103.0
518,2019-12-02,15113.0,15113.0,14753.0,14938.0,2197653710,37543,74,15032.0,14753.0
519,2019-12-03,14622.0,15148.0,14591.0,14661.0,3723362200,64810,89,14938.0,14904.0
520,2019-12-04,15143.0,15143.0,15031.0,15125.0,1091531793,18417,85,14661.0,15131.0
521,2019-12-07,15132.0,15464.0,15132.0,15305.0,1110417763,18515,90,15125.0,15363.0
522,2019-12-08,15388.0,15731.0,15091.0,15675.0,4887710120,79573,119,15305.0,15687.0
523,2019-12-09,15682.0,15846.0,15676.0,15781.0,4203948860,67979,107,15675.0,15787.0
524,2019-12-10,15814.0,15914.0,15694.0,15839.0,6577563515,105975,165,15781.0,15698.0
525,2019-12-11,15698.0,15884.0,15439.0,15774.0,1934581742,31298,101,15839.0,15829.0
526,2019-12-14,15873.0,15977.0,15827.0,15949.0,4963999844,79427,113,15774.0,15944.0
527,2019-12-15,16031.0,16127.0,15822.0,16001.0,2635558406,42032,121,15949.0,15949.0
528,2019-12-16,15983.0,16026.0,15949.0,16002.0,2970942715,47380,95,16001.0,16008.0
529,2019-12-17,16010.0,16195.0,15823.0,16065.0,2867180307,45543,87,16002.0,16195.0
530,2019-12-18,16195.0,16408.0,16105.0,16310.0,2499080841,39100,101,16065.0,16398.0
531,2019-12-21,16409.0,16497.0,16404.0,16439.0,6958122901,108013,199,16310.0,16497.0
532,2019-12-22,16587.0,17225.0,16497.0,17038.0,3476807226,52074,185,16439.0,17097.0
533,2019-12-23,16620.0,16951.0,16616.0,16729.0,7449717812,113637,248,17038.0,16893.0
534,2019-12-24,16633.0,16877.0,16569.0,16775.0,4798582556,72998,136,16729.0,16747.0
535,2019-12-25,16747.0,16842.0,16626.0,16728.0,2897268606,44199,123,16775.0,16720.0
536,2019-12-28,16791.0,17100.0,16766.0,16978.0,8749088960,131506,178,16728.0,16845.0
537,2019-12-29,16617.0,17150.0,16617.0,17070.0,2356627355,35231,113,16978.0,17150.0
538,2019-12-30,17150.0,17318.0,17098.0,17214.0,2671405984,39603,131,17070.0,17299.0
539,2019-12-31,17330.0,17438.0,16945.0,17229.0,5616818168,83195,188,17214.0,17200.0
540,2020-01-01,17098.0,17519.0,17098.0,17339.0,2963586790,43616,120,17229.0,17519.0
541,2020-01-04,16820.0,16944.0,16396.0,16591.0,7264593039,111741,168,17339.0,16501.0
542,2020-01-05,16268.0,16916.0,16222.0,16571.0,5004609943,77068,128,16591.0,16893.0
543,2020-01-07,16975.0,16975.0,15859.0,16265.0,2242744262,35187,165,16571.0,15859.0
544,2020-01-08,15940.0,15949.0,15940.0,15941.0,11961679863,191488,172,16265.0,15947.0
545,2020-01-11,16260.0,16260.0,16260.0,16260.0,22078677172,346517,134,15941.0,16260.0
546,2020-01-12,17101.0,17478.0,17073.0,17185.0,13511879681,200642,288,16260.0,17478.0
547,2020-01-13,17218.0,18246.0,17218.0,17695.0,10778799141,155447,231,17185.0,18067.0
548,2020-01-14,17908.0,18256.0,17908.0,18058.0,8442266248,119304,210,17695.0,18177.0
549,2020-01-15,18185.0,18461.0,17863.0,18206.0,5115362053,71700,211,18058.0,18437.0
550,2020-01-18,18417.0,18884.0,18361.0,18733.0,13619838526,185534,336,18206.0,18858.0
551,2020-01-19,18736.0,18889.0,18224.0,18729.0,9961787580,135736,277,18733.0,18884.0
552,2020-01-20,18840.0,18948.0,18746.0,18865.0,5105354649,69059,201,18729.0,18911.0
553,2020-01-21,18929.0,18929.0,18207.0,18669.0,7333067485,100234,245,18865.0,18374.0
554,2020-01-22,18399.0,19037.0,18277.0,18745.0,6241955503,84977,244,18669.0,19037.0
555,2020-01-25,19086.0,19293.0,19086.0,19202.0,13236906540,175913,327,18745.0,19263.0
556,2020-01-26,19267.0,19904.0,19267.0,19410.0,17301822581,227470,338,19202.0,19848.0
557,2020-01-27,19268.0,19902.0,19139.0,19338.0,11713627216,154572,318,19410.0,19856.0
558,2020-01-28,19668.0,19918.0,19650.0,19823.0,12834376813,165218,367,19338.0,19905.0
559,2020-02-01,20419.0,20798.0,20415.0,20530.0,14705058489,182787,482,19823.0,20645.0
560,2020-02-02,19579.0,20670.0,19496.0,20071.0,21455746644,272798,621,20530.0,20670.0
561,2020-02-03,20321.0,20798.0,20188.0,20424.0,21410549335,267516,477,20071.0,20721.0
562,2020-02-04,20703.0,21065.0,20517.0,20716.0,28133794823,346565,574,20424.0,20747.0
563,2020-02-05,20734.0,20989.0,20721.0,20882.0,19557208750,238997,443,20716.0,20913.0
564,2020-02-08,21064.0,21333.0,21002.0,21188.0,25864470598,311507,574,20882.0,21333.0
565,2020-02-09,21323.0,21410.0,21321.0,21374.0,18847999072,225026,524,21188.0,21398.0
566,2020-02-10,21181.0,21251.0,20168.0,20851.0,30218632719,369838,733,21374.0,21181.0
567,2020-02-12,20835.0,21306.0,20835.0,21015.0,23659492245,287305,579,20851.0,21181.0
568,2020-02-15,21181.0,21308.0,21130.0,21222.0,11002971852,132305,389,21015.0,21305.0
569,2020-02-16,21308.0,22022.0,21308.0,21760.0,18770062378,220124,556,21222.0,22021.0
570,2020-02-17,22482.0,22954.0,22457.0,22591.0,26494980220,299283,707,21760.0,22775.0
571,2020-02-18,22432.0,23477.0,22297.0,22784.0,35433799845,396877,917,22591.0,23477.0
572,2020-02-19,22446.0,23666.0,22446.0,22849.0,61853333640,690821,1161,22784.0,23454.0
573,2020-02-22,22463.0,23424.0,22456.0,22773.0,64412856728,721811,1391,22849.0,23299.0
574,2020-02-23,23299.0,23937.0,23299.0,23706.0,59291368129,638261,1145,22773.0,23886.0
575,2020-02-24,23860.0,30623.0,23860.0,24715.0,104872879978,1082844,1892,23706.0,25276.0
576,2020-02-25,25008.0,28071.0,23988.0,26306.0,194479772439,1886614,3825,24715.0,26030.0
577,2020-02-26,25264.0,26795.0,24396.0,25099.0,181774251896,1848146,4000,26306.0,24396.0
578,2020-02-29,24268.0,24268.0,23053.0,23613.0,72752827420,786266,2289,25099.0,23541.0
579,2020-03-01,23613.0,24294.0,23477.0,24229.0,80585860220,848746,1315,23613.0,24274.0
580,2020-03-02,24274.0,24625.0,24274.0,24592.0,46847803474,486131,1118,24229.0,24610.0
581,2020-03-03,25085.0,25085.0,24636.0,24741.0,40890013974,421752,1534,24592.0,24689.0
582,2020-03-04,24779.0,25264.0,24779.0,25085.0,56055500255,570256,1330,24741.0,25215.0
583,2020-03-07,25215.0,25215.0,24830.0,24993.0,48025553326,490368,1599,25085.0,24860.0
584,2020-03-09,24850.0,24850.0,23452.0,23807.0,36835418774,394847,919,24993.0,23732.0
585,2020-03-10,22616.0,23505.0,22610.0,22942.0,46019902050,511894,1390,23807.0,22658.0
586,2020-03-11,23222.0,24625.0,23222.0,24303.0,35585384541,373664,1042,22942.0,24184.0
587,2020-03-14,24424.0,24424.0,22459.0,22909.0,43582297624,485469,1432,24303.0,22533.0
588,2020-03-15,22712.0,24498.0,21864.0,22510.0,17034782624,193114,634,22909.0,22592.0
589,2020-03-16,23734.0,23972.0,23439.0,23723.0,70784494666,761434,872,22510.0,23784.0
590,2020-03-17,23988.0,24319.0,22840.0,23254.0,108222135459,1187645,652,23723.0,23375.0
591,2020-03-18,23224.0,23834.0,23222.0,23598.0,18772089194,203000,744,23254.0,23809.0
592,2020-03-24,24240.0,24240.0,23477.0,23688.0,21316802233,229643,740,23598.0,23784.0
593,2020-03-25,23776.0,24625.0,23776.0,24325.0,27695536508,290547,1124,23688.0,24600.0
594,2020-03-28,24881.0,25516.0,24843.0,25272.0,53581880697,541058,1467,24325.0,25492.0
595,2020-03-29,25932.0,26412.0,25213.0,25850.0,80788275974,797519,1893,25272.0,25685.0
596,2020-03-30,25519.0,25850.0,25213.0,25483.0,40228325422,402842,1417,25850.0,25823.0
597,2020-04-04,26361.0,27229.0,26284.0,26797.0,52224693155,497334,1640,25483.0,27178.0
598,2020-04-05,28257.0,28257.0,27356.0,27814.0,76419563050,701144,1668,26797.0,27934.0
599,2020-04-06,27934.0,28154.0,27183.0,27766.0,95706574800,879596,1567,27814.0,28071.0
600,2020-04-07,28071.0,29137.0,28071.0,28719.0,83575125617,742619,1540,27766.0,29134.0
601,2020-04-08,29346.0,30243.0,29145.0,29946.0,117823321655,1004061,1531,28719.0,30161.0
602,2020-04-11,30252.0,32128.0,30161.0,31260.0,162297690442,1324896,2650,29946.0,32027.0
603,2020-04-12,31899.0,33684.0,31363.0,32381.0,317626519563,2503148,3942,31260.0,32409.0
604,2020-04-13,32919.0,34195.0,32664.0,33049.0,253048530156,1953903,2650,32381.0,33174.0
605,2020-04-14,33047.0,33047.0,30878.0,32120.0,281840434001,2239216,3294,33049.0,31848.0
606,2020-04-15,31796.0,33174.0,31796.0,32566.0,242728379118,1902055,2202,32120.0,32704.0
607,2020-04-18,32919.0,34194.0,32919.0,33646.0,252190933345,1912719,3626,32566.0,33906.0
608,2020-04-19,34196.0,35216.0,34196.0,34873.0,325461476053,2381586,4091,33646.0,34341.0
609,2020-04-20,35213.0,35961.0,34706.0,35734.0,355961058130,2542034,3595,34873.0,35961.0
610,2020-04-21,36836.0,37512.0,36237.0,36637.0,541313580416,3770373,4351,35734.0,37002.0
611,2020-04-22,38278.0,38664.0,37385.0,37837.0,560576485147,3780730,4984,36637.0,38482.0
612,2020-04-25,39809.0,41341.0,33812.0,39807.0,1410861784183,9044573,11167,37837.0,40830.0
613,2020-04-26,42106.0,43382.0,40830.0,42065.0,1093336844086,6632806,9884,39807.0,43382.0
614,2020-04-27,43459.0,48180.0,43459.0,45307.0,1523852615330,8582976,17520,42065.0,47950.0
615,2020-04-28,48231.0,49251.0,45424.0,47775.0,2050443394948,10952305,25646,45307.0,45940.0
616,2020-04-29,45424.0,47210.0,5053.0,44550.0,1179639130817,6757121,17880,47775.0,45054.0
617,2020-05-02,45841.0,48228.0,45628.0,46429.0,3284157255032,18050664,23832,44550.0,47172.0
618,2020-05-03,47235.0,48741.0,47223.0,48049.0,1846258691681,9805527,21434,46429.0,47465.0
619,2020-05-04,46955.0,47072.0,44658.0,45958.0,1207905052551,6707079,13376,48049.0,46216.0
620,2020-05-05,46725.0,47261.0,42392.0,44216.0,1293464416241,7465138,13046,45958.0,42815.0
621,2020-05-06,42728.0,45373.0,41088.0,43507.0,796973895229,4674568,8911,44216.0,44404.0
622,2020-05-09,45934.0,47482.0,45934.0,46981.0,723635972398,3930598,9202,43507.0,47465.0
623,2020-05-10,48358.0,49239.0,46699.0,47981.0,1228253689989,6532578,11052,46981.0,48202.0
624,2020-05-11,48185.0,48349.0,45679.0,47012.0,955636339287,5187383,8819,47981.0,46570.0
625,2020-05-12,45934.0,45934.0,39554.0,43950.0,1155770894902,6710753,10292,47012.0,42948.0
626,2020-05-13,40065.0,45806.0,40065.0,43937.0,946993789155,5500136,7695,43950.0,44020.0
627,2020-05-16,43382.0,43890.0,40880.0,42029.0,795822164167,4832020,5944,43937.0,41187.0
628,2020-05-17,39554.0,42616.0,39299.0,40742.0,496577508593,3110351,5586,42029.0,40908.0
629,2020-05-18,42872.0,44553.0,40065.0,43437.0,537473154494,3157585,5636,40742.0,44198.0
630,2020-05-19,44913.0,45411.0,42744.0,44030.0,448901066829,2601700,5861,43437.0,42948.0
631,2020-05-20,43127.0,43382.0,40958.0,41994.0,333145270866,2024478,5581,44030.0,41516.0
632,2020-05-23,40447.0,41085.0,39682.0,40334.0,323938994560,2049527,5151,41994.0,39809.0
633,2020-05-26,39044.0,39809.0,36916.0,38231.0,409598219226,2734048,5482,40334.0,37513.0
634,2020-05-27,37513.0,41723.0,37513.0,40562.0,477820913595,3006132,5350,38231.0,41340.0
635,2020-05-30,42162.0,43377.0,42162.0,42963.0,400259886832,2377417,5046,40562.0,43254.0
636,2020-05-31,43433.0,44275.0,40834.0,42155.0,609984137704,3692566,5446,42963.0,41723.0
637,2020-06-01,41890.0,43731.0,41341.0,43043.0,366515294788,2172935,4224,42155.0,42897.0
638,2020-06-02,44100.0,45168.0,43635.0,44570.0,540902077254,3096996,5695,43043.0,44786.0
639,2020-06-06,46317.0,47950.0,46266.0,47004.0,578302935972,3139634,6218,44570.0,47950.0
640,2020-06-07,48487.0,50017.0,48312.0,49571.0,655659937541,3375314,8005,47004.0,48792.0
641,2020-06-08,48486.0,49762.0,46317.0,48196.0,889778854009,4711191,8925,49571.0,47337.0
642,2020-06-09,47771.0,49430.0,47211.0,47981.0,575970805076,3063317,5147,48196.0,47544.0
643,2020-06-10,48066.0,49838.0,48065.0,49407.0,728705581247,3763760,6971,47981.0,49767.0
644,2020-06-13,51548.0,52033.0,51548.0,51848.0,548803599575,2701145,6043,49407.0,51982.0
645,2020-06-14,52058.0,52314.0,49056.0,50527.0,605214628147,3056653,6947,51848.0,50387.0
646,2020-06-15,50542.0,51674.0,49787.0,50755.0,621553812072,3125064,5531,50527.0,50782.0
647,2020-06-16,51038.0,52824.0,50757.0,51835.0,662503094137,3261557,5554,50755.0,52466.0
648,2020-06-20,53079.0,54427.0,52597.0,53684.0,438996272403,2086796,5386,51835.0,54171.0
649,2020-06-21,54151.0,55589.0,52829.0,54563.0,775552009709,3627230,5903,53684.0,55223.0
650,2020-06-22,55759.0,58693.0,55497.0,57719.0,582021321948,2573252,5544,54563.0,58665.0
651,2020-06-23,60605.0,62521.0,58974.0,61533.0,781687435398,3241803,8506,57719.0,59865.0
652,2020-06-24,58438.0,62521.0,56141.0,60807.0,362955569395,1523219,4374,61533.0,61296.0
653,2020-06-27,61552.0,64027.0,61552.0,63304.0,353771150141,1426098,3780,60807.0,63797.0
654,2020-06-28,65073.0,66221.0,59972.0,62550.0,735722459293,3001555,6621,63304.0,60990.0
655,2020-06-29,61092.0,62266.0,58722.0,60375.0,620026155456,2620689,7060,62550.0,61814.0
656,2020-06-30,62269.0,67622.0,62269.0,65687.0,833496048861,3238076,8615,60375.0,67369.0
657,2020-07-01,69156.0,71198.0,69154.0,69891.0,1322997851995,4830571,8538,65687.0,70942.0
658,2020-07-04,72729.0,72729.0,66398.0,69996.0,1344028145513,4900032,12573,69891.0,68442.0
659,2020-07-05,68135.0,73111.0,66651.0,70573.0,1040387438578,3761978,8730,69996.0,73009.0
660,2020-07-06,74119.0,76303.0,74119.0,75661.0,915845546065,3088939,8716,70573.0,75663.0
661,2020-07-07,76250.0,78853.0,73494.0,75983.0,1266872443570,4254795,10104,75661.0,75435.0
662,2020-07-08,75562.0,75765.0,69615.0,72120.0,1077574745030,3812892,11207,75983.0,69628.0
663,2020-07-11,66859.0,73425.0,64359.0,69505.0,945503556459,3471429,8358,72120.0,72346.0
664,2020-07-12,75281.0,76199.0,72984.0,75344.0,923286873360,3127142,7236,69505.0,74005.0
665,2020-07-13,72700.0,75281.0,70942.0,73352.0,792743514481,2757905,7419,75344.0,74273.0
666,2020-07-14,74209.0,75536.0,71583.0,73458.0,755289212026,2623825,6936,73352.0,71621.0
667,2020-07-15,70534.0,71846.0,69712.0,70745.0,700181379806,2525660,6204,73458.0,70422.0
668,2020-07-18,68133.0,69411.0,65076.0,67927.0,574689091044,2158986,6737,70745.0,66834.0
669,2020-07-19,69411.0,73724.0,69411.0,72200.0,688427940880,2433205,6236,67927.0,73622.0
670,2020-07-20,74599.0,75791.0,73138.0,74569.0,835417816662,2858948,7461,72200.0,73752.0
671,2020-07-21,71452.0,73596.0,70179.0,72364.0,914489957697,3224903,5990,74569.0,71657.0
672,2020-07-22,71792.0,73009.0,71300.0,71810.0,537873833540,1911428,3986,72364.0,71453.0
673,2020-07-25,73877.0,75281.0,72218.0,73887.0,520852890499,1798898,5194,71810.0,72474.0
674,2020-07-26,73239.0,74515.0,72729.0,73502.0,776685891990,2696550,4542,73887.0,72733.0
675,2020-07-27,72729.0,72984.0,71453.0,72078.0,436300147888,1544703,4074,73502.0,71963.0
676,2020-07-28,72336.0,74515.0,72336.0,72917.0,804968705909,2817172,4300,72078.0,72729.0
677,2020-07-29,71453.0,71580.0,70687.0,71263.0,399787391809,1431613,3884,72917.0,71203.0
678,2020-08-01,72474.0,74515.0,72218.0,73357.0,427589377335,1487454,3940,71263.0,73265.0
679,2020-08-02,74515.0,76812.0,74005.0,75155.0,521805983217,1771789,4418,73357.0,75303.0
680,2020-08-03,76301.0,75303.0,74770.0,74859.0,202240638211,689424,2114,75155.0,74783.0
681,2020-08-04,74760.0,74760.0,72974.0,74444.0,514896709616,1765038,3374,74859.0,74515.0
682,2020-08-05,74523.0,76046.0,74515.0,75001.0,403838278932,1374051,3272,74444.0,75281.0
683,2020-08-09,76557.0,78825.0,76046.0,76859.0,369132082902,1225589,3397,75001.0,77192.0
684,2020-08-10,78317.0,78317.0,74541.0,76013.0,414705973154,1392236,3133,76859.0,75281.0
685,2020-08-11,75281.0,75383.0,74005.0,74829.0,514512141183,1754641,2637,76013.0,74831.0
686,2020-08-12,76301.0,78727.0,75281.0,77909.0,534961083308,1752258,2653,74829.0,76352.0
687,2020-08-15,75153.0,76301.0,74364.0,75585.0,498239548423,1682140,2195,77909.0,75536.0
688,2020-08-16,74821.0,75255.0,74005.0,74397.0,297615450749,1020845,2056,75585.0,74262.0
689,2020-08-17,74033.0,77894.0,74033.0,76616.0,508307951516,1693035,2826,74397.0,77610.0
690,2020-08-18,79313.0,82171.0,79313.0,81449.0,271009121288,849100,3525,76616.0,80742.0
691,2020-08-19,79108.0,79874.0,75311.0,76878.0,290675082710,964861,2276,81449.0,76557.0
692,2020-08-22,79490.0,81635.0,74770.0,78841.0,505520171227,1636238,2962,76878.0,77322.0
693,2020-08-23,76557.0,78317.0,72474.0,74693.0,350858686029,1198712,2353,78841.0,72665.0
694,2020-08-24,72474.0,76812.0,68901.0,70455.0,610519709699,2211306,2653,74693.0,70177.0
695,2020-08-25,72984.0,76710.0,72984.0,75318.0,687308746896,2328689,3642,70455.0,76557.0
696,2020-08-26,80640.0,83957.0,79109.0,81488.0,1264002384081,3958366,6790,75318.0,83191.0
697,2020-08-31,85514.0,87530.0,76559.0,80964.0,1445694152581,4556630,8746,81488.0,80640.0
698,2020-09-01,77832.0,78345.0,75281.0,76501.0,611881059258,2041080,3986,80964.0,76046.0
699,2020-09-02,74005.0,74518.0,73494.0,73822.0,579093463243,2001808,2360,76501.0,73494.0
700,2020-09-05,77577.0,80895.0,76359.0,78090.0,1005498854158,3285834,5539,73822.0,78598.0
701,2020-09-06,79491.0,81150.0,75025.0,77880.0,760847748637,2493048,6600,78090.0,75383.0
702,2020-09-07,73507.0,74260.0,72218.0,72533.0,474348155483,1668864,3603,77880.0,72729.0
703,2020-09-08,68901.0,69539.0,68390.0,68901.0,734459761176,2720229,3826,72533.0,68646.0
704,2020-09-15,81660.0,84608.0,80649.0,81687.0,2644982842321,33051354,10853,68901.0,84314.0
705,2020-09-16,85743.0,86090.0,81846.0,83881.0,1200780597850,14612388,11499,81687.0,82466.0
706,2020-09-19,81762.0,84620.0,78802.0,82482.0,636342111129,7875038,6814,83881.0,81762.0
707,2020-09-20,81659.0,81762.0,76760.0,77961.0,450594684957,5899691,6508,82482.0,76870.0
708,2020-09-21,76556.0,76689.0,74055.0,75085.0,432122656459,5874493,3370,77961.0,76556.0
709,2020-09-22,77577.0,81150.0,75270.0,78596.0,580994592771,7545611,4977,75085.0,80741.0
710,2020-09-23,80741.0,82681.0,78904.0,81228.0,717627791638,9018023,6776,78596.0,80841.0
711,2020-09-26,81659.0,82681.0,78089.0,80032.0,358282933296,4569639,4837,81228.0,78394.0
712,2020-09-27,77577.0,77577.0,73239.0,74634.0,310481368671,4246353,4528,80032.0,73683.0
713,2020-09-28,72984.0,73493.0,70923.0,71518.0,532822783541,7604813,3372,74634.0,70943.0
714,2020-09-29,68799.0,77463.0,68799.0,74588.0,449807298983,6155659,4621,71518.0,77373.0
715,2020-09-30,77924.0,78577.0,74821.0,76785.0,578063507577,7684532,4712,74588.0,77567.0
716,2020-10-03,78598.0,81507.0,77555.0,80157.0,604674616186,7700103,5760,76785.0,81146.0
717,2020-10-04,81558.0,81558.0,74055.0,76777.0,554569962657,7373035,6531,80157.0,74719.0
718,2020-10-05,73443.0,76777.0,72779.0,75216.0,277296606780,3763184,3445,76777.0,76199.0
719,2020-10-06,0.0,79000.0,74650.0,77844.0,19264633158,247790,131,75216.0,78000.0
720,2020-10-07,78000.0,78250.0,74600.0,76240.0,399228467671,5236439,5570,77844.0,75505.0
721,2020-10-10,74995.0,75900.0,73500.0,74383.0,240949656768,3239324,3554,76240.0,74500.0
722,2020-10-11,74550.0,77490.0,74550.0,76767.0,557601132614,7263534,5085,74383.0,75491.0
723,2020-10-12,74500.0,76499.0,73510.0,74747.0,268975068807,3598457,3686,76767.0,75200.0
724,2020-10-13,75500.0,75998.0,73350.0,74606.0,162303968388,2175483,2509,74747.0,74980.0
725,2020-10-14,74000.0,74980.0,72001.0,73144.0,224895630624,3074710,2537,74606.0,73079.0
726,2020-10-18,73010.0,73010.0,68455.0,69714.0,165200053969,2369693,3714,73144.0,68500.0
727,2020-10-19,67000.0,67000.0,63850.0,64935.0,333724184744,5139323,3366,69714.0,63860.0
728,2020-10-20,63000.0,67299.0,63000.0,63761.0,356233558208,5587046,3005,64935.0,66800.0
729,2020-10-21,67451.0,70100.0,65000.0,67132.0,201838898930,3006589,3042,63761.0,66387.0
730,2020-10-24,65600.0,67500.0,63000.0,63240.0,305597074154,4832336,2490,67132.0,63000.0
731,2020-10-26,61500.0,63400.0,60000.0,61160.0,289771028123,4737911,3031,63240.0,62000.0
732,2020-10-27,62000.0,63000.0,60000.0,60668.0,275464705910,4540521,2205,61160.0,60200.0
733,2020-10-28,60599.0,63330.0,59000.0,61368.0,266367977856,4340535,3058,60668.0,63025.0
734,2020-10-31,63342.0,66000.0,63342.0,64872.0,199893569814,3081336,2774,61368.0,65800.0
735,2020-11-01,64500.0,65400.0,61000.0,62565.0,137092994967,2191216,2429,64872.0,61006.0
736,2020-11-02,60800.0,63900.0,60502.0,62040.0,121215139381,1953819,1691,62565.0,61962.0
737,2020-11-04,63720.0,66300.0,63720.0,65433.0,320057376706,4891356,3329,62040.0,66299.0
738,2020-11-07,61500.0,62999.0,60400.0,60687.0,385396769346,6350615,3425,65433.0,60450.0
739,2020-11-08,59899.0,59899.0,56690.0,57204.0,282531265069,4939053,2397,60687.0,56702.0
740,2020-11-09,58500.0,60600.0,57500.0,59180.0,204214229485,3450718,2447,57204.0,60100.0
741,2020-11-10,61500.0,62300.0,59600.0,60765.0,150751856151,2480901,2272,59180.0,60150.0
742,2020-11-11,60820.0,62600.0,59010.0,61278.0,255072545838,4162574,3268,60765.0,62270.0
743,2020-11-14,63760.0,65100.0,63003.0,64740.0,639121675652,9872190,4286,61278.0,65100.0
744,2020-11-15,66500.0,66999.0,61500.0,63894.0,589609701096,9227867,6047,64740.0,62060.0
745,2020-11-16,61000.0,64600.0,61000.0,63625.0,282669343302,4442744,3213,63894.0,63894.0
746,2020-11-17,63894.0,66000.0,63000.0,65246.0,386551453291,5924480,3789,63625.0,65988.0
747,2020-11-18,66500.0,69950.0,66160.0,68973.0,441066155146,6394727,4674,65246.0,69935.0
748,2020-11-21,71580.0,72300.0,66461.0,69920.0,570063030572,8153044,6270,68973.0,67290.0
749,2020-11-22,66800.0,71500.0,66120.0,69150.0,446321059323,6454422,4375,69920.0,69990.0
750,2020-11-23,71000.0,72150.0,69900.0,71032.0,480419622277,6763454,4120,69150.0,71180.0
751,2020-11-24,71900.0,71900.0,67700.0,69561.0,369248641702,5308293,4809,71032.0,68502.0
752,2020-11-25,67995.0,71470.0,67900.0,70251.0,357211745788,5084790,3475,69561.0,70846.0
753,2020-11-28,69200.0,71399.0,69150.0,70566.0,402188896191,5699492,3657,70251.0,71041.0
754,2020-11-29,71300.0,74356.0,71041.0,72660.0,417465221584,5745449,4953,70566.0,74190.0
755,2020-11-30,74999.0,76190.0,74190.0,75422.0,680310608917,9020088,5306,72660.0,76170.0
756,2020-12-01,75666.0,76760.0,73300.0,75876.0,701156374734,9240863,5048,75422.0,75199.0
757,2020-12-02,74430.0,76190.0,73159.0,74770.0,297360520970,3977006,4202,75876.0,73570.0
758,2020-12-05,73650.0,76160.0,73000.0,75272.0,296443692618,3938301,3398,74770.0,76086.0
759,2020-12-06,76201.0,77910.0,76201.0,77276.0,290638256046,3761023,3901,75272.0,77345.0
760,2020-12-07,77500.0,78000.0,74700.0,76475.0,331326916784,4332463,4416,77276.0,75490.0
761,2020-12-08,75000.0,76990.0,73700.0,75582.0,244062867188,3229099,3588,76475.0,75640.0
762,2020-12-09,76001.0,76800.0,75601.0,76050.0,173574666939,2282361,2964,75582.0,76430.0
763,2020-12-12,77000.0,78000.0,76439.0,77160.0,383800878158,4974116,4229,76050.0,76744.0
764,2020-12-13,76750.0,77000.0,75001.0,75930.0,185603067189,2444388,2955,77160.0,75600.0
765,2020-12-14,76000.0,76210.0,73650.0,74697.0,294260708478,3939395,3132,75930.0,73700.0
766,2020-12-15,72911.0,72911.0,70300.0,70848.0,615287697119,8684621,3611,74697.0,70700.0
767,2020-12-16,70071.0,75000.0,70071.0,73288.0,230897314647,3150558,3021,70848.0,74443.0
768,2020-12-19,75120.0,76999.0,74500.0,76116.0,312891867541,4110723,3136,73288.0,76960.0
769,2020-12-20,76200.0,76990.0,74605.0,75564.0,220924303522,2923678,2813,76116.0,75450.0
770,2020-12-21,75000.0,76739.0,74720.0,75952.0,166980817683,2198500,2341,75564.0,75720.0
771,2020-12-22,75751.0,76950.0,75150.0,76424.0,162279640022,2123406,2416,75952.0,76640.0
772,2020-12-23,76900.0,77000.0,76000.0,76524.0,165862566640,2167446,2164,76424.0,76215.0
773,2020-12-26,76000.0,76522.0,75000.0,75307.0,167093485925,2218829,2287,76524.0,75200.0
774,2020-12-27,75200.0,76150.0,73000.0,74354.0,153275078146,2061437,2506,75307.0,74200.0
775,2020-12-28,74310.0,76250.0,74310.0,75371.0,146930925304,1949438,1983,74354.0,75229.0
776,2020-12-29,74460.0,75229.0,74000.0,74619.0,109221817497,1463736,1520,75371.0,74261.0
777,2020-12-30,74120.0,74261.0,72370.0,73370.0,94981898769,1294553,1839,74619.0,72510.0
778,2021-01-02,72000.0,72111.0,69503.0,70224.0,149785878395,2132969,2194,73370.0,69526.0
779,2021-01-03,69001.0,73400.0,69001.0,71607.0,111585369928,1558299,2138,70224.0,72770.0
780,2021-01-04,72900.0,73900.0,72050.0,72723.0,94166737420,1294872,1809,71607.0,72743.0
781,2021-01-05,72799.0,72800.0,70400.0,71087.0,87398521309,1229459,1589,72723.0,70660.0
782,2021-01-06,70000.0,70650.0,68110.0,68678.0,146261571652,2129666,1952,71087.0,68960.0
783,2021-01-09,68020.0,70427.0,66800.0,67936.0,132442220875,1949510,1816,68678.0,68690.0
784,2021-01-10,68890.0,71720.0,68890.0,70916.0,110933839097,1564293,1899,67936.0,71698.0
785,2021-01-11,71698.0,72500.0,68162.0,69971.0,108310476209,1547939,2043,70916.0,68485.0
786,2021-01-12,69180.0,69180.0,65401.0,65982.0,153507974465,2326504,1975,69971.0,65497.0
787,2021-01-13,65000.0,66948.0,63503.0,64858.0,114737183432,1769042,1660,65982.0,64140.0
788,2021-01-16,62961.0,65000.0,60500.0,60920.0,278054814108,4564278,2051,64858.0,60500.0
789,2021-01-18,59490.0,59490.0,57100.0,57768.0,227461913521,3937476,1762,60920.0,57700.0
790,2021-01-19,56600.0,65197.0,55505.0,62543.0,247170634964,3951990,2999,57768.0,65000.0
791,2021-01-20,66968.0,69100.0,65000.0,67987.0,630938520220,9280249,4583,62543.0,68990.0
792,2021-01-23,71000.0,72600.0,70090.0,71056.0,1203755414930,16940843,7467,67987.0,71510.0
793,2021-01-24,72800.0,73000.0,64500.0,68241.0,1012431385168,14836123,9435,71056.0,65210.0
794,2021-01-25,65000.0,69998.0,63501.0,67186.0,518963442349,7724257,5007,68241.0,66300.0
795,2021-01-26,67000.0,67999.0,63801.0,65565.0,538021537015,8205927,3640,67186.0,64050.0
796,2021-01-27,64011.0,67500.0,63000.0,65797.0,181687986151,2761358,2427,65565.0,66840.0
797,2021-01-30,67900.0,71300.0,66500.0,70350.0,550599429046,7826621,4379,65797.0,71300.0
798,2021-01-31,72700.0,72700.0,66500.0,68985.0,540864368265,7840343,6194,70350.0,66800.0
799,2021-02-01,66600.0,69350.0,65550.0,67142.0,280766919077,4181696,3215,68985.0,66000.0
800,2021-02-02,65600.0,67900.0,64900.0,65960.0,194754097085,2952603,2411,67142.0,66400.0
801,2021-02-03,66900.0,67850.0,63500.0,65382.0,140600243456,2150450,2477,65960.0,64001.0
802,2021-02-06,64100.0,64780.0,61500.0,62679.0,143208002430,2284774,1959,65382.0,61600.0
803,2021-02-07,63500.0,68650.0,63400.0,68107.0,1168169351942,17152036,7411,62679.0,68500.0
804,2021-02-08,69000.0,69000.0,63201.0,65629.0,860524152782,13111893,8526,68107.0,65000.0
805,2021-02-09,65000.0,66990.0,63900.0,65672.0,424412232214,6462590,5038,65629.0,65800.0
806,2021-02-13,68380.0,69900.0,67163.0,68767.0,560766190340,8154555,4986,65672.0,69699.0
807,2021-02-14,69500.0,69500.0,66000.0,67168.0,349985513984,5210585,4184,68767.0,66300.0
808,2021-02-15,66628.0,67150.0,65000.0,66455.0,259820474558,3909749,2284,67168.0,66440.0
809,2021-02-16,66999.0,66999.0,65250.0,65455.0,134078191076,2048414,1557,66455.0,65301.0
810,2021-02-17,65390.0,66500.0,65001.0,65621.0,97200446929,1481243,1386,65455.0,65455.0
811,2021-02-20,65500.0,65900.0,64010.0,65049.0,153783665262,2364121,1586,65621.0,64905.0
812,2021-02-21,64100.0,64100.0,63300.0,63433.0,138846060694,2188859,1448,65049.0,63305.0
813,2021-02-22,63090.0,63090.0,62200.0,62592.0,137886547647,2202927,1278,63433.0,62601.0
814,2021-02-23,62190.0,66000.0,62000.0,64263.0,160732131910,2501151,2546,62592.0,65990.0
815,2021-02-24,66900.0,66900.0,63302.0,64900.0,75697212853,1166364,1782,64263.0,63602.0
816,2021-02-27,63010.0,63500.0,62450.0,62707.0,110007639864,1754317,1409,64900.0,62609.0
817,2021-02-28,62510.0,62510.0,61750.0,61906.0,117522004171,1898408,1069,62707.0,61801.0
818,2021-03-01,62200.0,64489.0,62200.0,63121.0,158071412612,2504242,2036,61906.0,63300.0
819,2021-03-02,63990.0,65200.0,63003.0,63794.0,215121430417,3372123,2434,63121.0,63121.0
820,2021-03-03,64080.0,64080.0,62200.0,62425.0,60537137347,969756,1238,63794.0,62202.0
821,2021-03-06,62003.0,62400.0,61400.0,61553.0,63551022943,1032461,1058,62425.0,61800.0
822,2021-03-07,61800.0,63290.0,61601.0,62664.0,99390328175,1586081,1569,61553.0,63100.0
823,2021-03-08,63500.0,65150.0,62550.0,64370.0,168366995051,2615618,2214,62664.0,65000.0
824,2021-03-09,65500.0,66110.0,64210.0,65007.0,167977319723,2583972,2033,64370.0,64290.0
825,2021-03-10,64050.0,65199.0,63250.0,64711.0,131318542808,2029295,1305,65007.0,65014.0
826,2021-03-13,65030.0,67200.0,64400.0,66202.0,140773413698,2126427,2052,64711.0,66441.0
827,2021-03-14,66870.0,67600.0,66350.0,67100.0,119567121613,1781926,1802,66202.0,67050.0
828,2021-03-15,67000.0,68260.0,66457.0,67577.0,135027709325,1998133,1628,67100.0,68100.0
829,2021-03-16,68490.0,72199.0,67600.0,70832.0,228519140560,3226226,2892,67577.0,72199.0
830,2021-03-17,72800.0,73300.0,71501.0,72251.0,233837940875,3236449,2609,70832.0,71800.0
831,2021-03-27,72800.0,73860.0,70800.0,72735.0,121117942417,1665206,1949,72251.0,72900.0
832,2021-03-28,72900.0,73800.0,71300.0,72124.0,102449482314,1420466,1816,72735.0,71500.0
833,2021-03-30,71309.0,72750.0,70756.0,71688.0,84451711480,1178051,1520,72124.0,71117.0
834,2021-03-31,71118.0,72000.0,70151.0,70543.0,92356661803,1309219,1223,71688.0,70220.0
835,2021-04-03,69502.0,70300.0,68800.0,69114.0,478292339163,6920371,1583,70543.0,69151.0
836,2021-04-04,69450.0,69450.0,67400.0,67532.0,105629107239,1564123,981,69114.0,67450.0
837,2021-04-05,67185.0,69574.0,66200.0,68498.0,104010465871,1518456,1418,67532.0,69574.0
838,2021-04-06,69729.0,70369.0,67500.0,68440.0,86552500520,1264649,1466,68498.0,67799.0
839,2021-04-07,67260.0,67995.0,66003.0,66538.0,41557871247,624569,939,68440.0,66249.0
840,2021-04-10,65710.0,65710.0,63900.0,64385.0,309348096737,4804628,1420,66538.0,64000.0
841,2021-04-11,62910.0,64800.0,62910.0,64124.0,89455460222,1395042,1168,64385.0,64320.0
842,2021-04-12,64820.0,66399.0,64000.0,65128.0,123984926456,1903697,1353,64124.0,66200.0
843,2021-04-13,66700.0,67992.0,66510.0,67341.0,194996238390,2895664,2048,65128.0,67550.0
844,2021-04-14,67790.0,67790.0,65701.0,66692.0,85713890605,1285221,1399,67341.0,65835.0
845,2021-04-17,65700.0,65700.0,64100.0,64315.0,49455305781,768957,1009,66692.0,64100.0
846,2021-04-18,63002.0,63994.0,62200.0,62574.0,72232623686,1154362,1169,64315.0,62350.0
847,2021-04-19,62999.0,65359.0,62600.0,64197.0,77507746929,1207333,1332,62574.0,65359.0
848,2021-04-20,65490.0,69000.0,64190.0,65571.0,135580576023,2067688,1666,64197.0,64970.0
849,2021-04-21,66000.0,66000.0,63000.0,63875.0,60865342855,952875,988,65571.0,63230.0
850,2021-04-24,63010.0,64790.0,62598.0,63386.0,48965053645,772494,1103,63875.0,63011.0
851,2021-04-25,62900.0,62990.0,61603.0,62161.0,52351580065,842188,1047,63386.0,62057.0
852,2021-04-26,62250.0,64418.0,62250.0,63467.0,68664616798,1081889,1289,62161.0,64260.0
853,2021-04-27,64500.0,66400.0,63728.0,65034.0,123861316989,1904569,1957,63467.0,64272.0
854,2021-04-28,64500.0,66660.0,64500.0,65841.0,216729190523,3291702,1863,65034.0,65900.0
855,2021-05-01,64741.0,66600.0,63800.0,64392.0,113123345489,1756802,1387,65841.0,63830.0
856,2021-05-02,63663.0,63830.0,62700.0,63065.0,62543253062,991719,905,64392.0,63100.0
857,2021-05-03,62900.0,63300.0,62250.0,62662.0,49027144218,782412,982,63065.0,62552.0
858,2021-05-05,63320.0,64010.0,62662.0,63322.0,116264599192,1836095,1299,62662.0,63070.0
859,2021-05-08,63350.0,63800.0,61700.0,62279.0,86478097345,1388568,1253,63322.0,61876.0
860,2021-05-09,61725.0,61725.0,60800.0,61132.0,63458579420,1038060,872,62279.0,60890.0
861,2021-05-10,61000.0,63399.0,60790.0,62312.0,77601242033,1245375,1360,61132.0,63389.0
862,2021-05-11,63390.0,64900.0,62550.0,64006.0,111426650052,1740888,1827,62312.0,64690.0
863,2021-05-12,64938.0,65238.0,62750.0,63930.0,95525020537,1494221,1345,64006.0,63130.0
864,2021-05-15,63001.0,66000.0,62440.0,64593.0,116146896561,1798123,1525,63930.0,64206.0
865,2021-05-16,64451.0,65220.0,63801.0,64335.0,74025048357,1150619,1059,64593.0,63860.0
866,2021-05-17,64800.0,64800.0,62900.0,63224.0,56174805960,888504,804,64335.0,62901.0
867,2021-05-18,63140.0,64472.0,62911.0,63904.0,91442328485,1430937,1039,63224.0,63601.0
868,2021-05-19,63001.0,63899.0,62250.0,62532.0,43634969568,697802,813,63904.0,62398.0
869,2021-05-22,62189.0,62999.0,60543.0,61241.0,43228333757,705876,999,62532.0,60935.0
870,2021-05-23,61974.0,61974.0,58965.0,59963.0,40222528373,670790,1084,61241.0,59850.0
871,2021-05-24,58810.0,60700.0,58800.0,59742.0,74470981840,1246533,1247,59963.0,60150.0
872,2021-05-25,60640.0,61489.0,60010.0,61016.0,70918010411,1162278,1248,59742.0,61000.0
873,2021-05-26,61000.0,61670.0,60500.0,61008.0,47646045222,780979,1157,61016.0,61020.0
874,2021-05-29,61170.0,65656.0,61170.0,64106.0,210417062118,3282340,2353,61008.0,65500.0
875,2021-05-30,65999.0,67899.0,63700.0,65397.0,178260393905,2725824,2537,64106.0,64400.0
876,2021-05-31,64480.0,65500.0,63010.0,64313.0,126225255593,1962662,1343,65397.0,63600.0
877,2021-06-01,63699.0,64731.0,63300.0,63692.0,42864668654,673000,745,64313.0,63442.0
878,2021-06-02,63999.0,65296.0,63562.0,64645.0,132024788806,2042311,1558,63692.0,65099.0
879,2021-06-07,65099.0,65549.0,64501.0,65133.0,112086949316,1720896,1439,64645.0,65000.0
880,2021-06-08,65133.0,66290.0,64703.0,65500.0,113587433271,1734168,1703,65133.0,64980.0
881,2021-06-09,64710.0,65128.0,64001.0,64464.0,31372094060,486657,755,65500.0,64471.0
882,2021-06-12,65900.0,65900.0,64111.0,64640.0,33284563953,514922,698,64464.0,64190.0
883,2021-06-13,64498.0,65100.0,63851.0,64540.0,35143058789,544517,658,64640.0,64940.0
884,2021-06-14,64552.0,65699.0,64552.0,65164.0,56896686598,873129,1092,64540.0,65344.0
885,2021-06-15,65344.0,65500.0,63980.0,64560.0,42119303842,652401,918,65164.0,64070.0
886,2021-06-16,63870.0,64700.0,63850.0,64125.0,29990764271,467693,765,64560.0,64250.0
887,2021-06-19,64250.0,65199.0,64250.0,64850.0,63999877693,986885,976,64125.0,65011.0
888,2021-06-20,65010.0,65199.0,64000.0,64458.0,47427987518,735794,807,64850.0,64076.0
889,2021-06-21,64200.0,64799.0,63705.0,64488.0,36932468726,572705,744,64458.0,64550.0
890,2021-06-22,64630.0,65750.0,64410.0,65241.0,80674861854,1236572,1133,64488.0,65670.0
891,2021-06-23,65670.0,67740.0,65300.0,66734.0,159458792098,2389455,1797,65241.0,67729.0
892,2021-06-26,67775.0,70980.0,67745.0,69848.0,153720155468,2200783,2490,66734.0,69748.0
893,2021-06-27,69750.0,71372.0,68700.0,70176.0,125421933350,1787249,1870,69848.0,69609.0
894,2021-06-28,70000.0,70900.0,69201.0,69704.0,81526790300,1169611,1352,70176.0,69470.0
895,2021-06-29,69600.0,70497.0,69470.0,70134.0,87707273851,1250559,1086,69704.0,70200.0
896,2021-06-30,70160.0,71350.0,69750.0,70667.0,79392544913,1123481,1119,70134.0,70849.0
897,2021-07-03,71360.0,71370.0,68303.0,69644.0,102490415312,1471643,1473,70667.0,68354.0
898,2021-07-04,67821.0,70500.0,67811.0,69381.0,72760960629,1048716,1360,69644.0,69499.0
899,2021-07-05,69682.0,71000.0,69600.0,70455.0,83534718500,1185648,1172,69381.0,70999.0
900,2021-07-06,71370.0,72960.0,71040.0,72345.0,122683518289,1695814,1907,70455.0,72960.0
901,2021-07-07,72551.0,72790.0,71400.0,71962.0,92557160975,1286194,1469,72345.0,71450.0
902,2021-07-10,71600.0,71600.0,70590.0,70980.0,83327400814,1173955,1193,71962.0,70785.0
903,2021-07-11,70968.0,72850.0,70516.0,72162.0,109116869857,1512106,1365,70980.0,72850.0
904,2021-07-12,72900.0,73680.0,72490.0,73129.0,112812501537,1542651,1616,72162.0,72750.0
905,2021-07-13,72505.0,74000.0,72501.0,73170.0,68706760666,939004,1366,73129.0,73000.0
906,2021-07-14,72750.0,73664.0,72203.0,73163.0,71524055627,977605,1220,73170.0,73431.0
907,2021-07-17,73800.0,74480.0,72811.0,73645.0,88401537369,1200382,1359,73163.0,73221.0
908,2021-07-18,73260.0,73630.0,72200.0,72806.0,55135833859,757300,1066,73645.0,73019.0
909,2021-07-19,72411.0,73639.0,72411.0,73259.0,64901288716,885914,887,72806.0,73365.0
910,2021-07-26,73599.0,74443.0,73262.0,74014.0,119423697166,1613526,1553,73259.0,74330.0
911,2021-07-27,74001.0,74444.0,72900.0,73508.0,113650690469,1546106,1166,74014.0,73300.0
912,2021-07-28,73500.0,74471.0,73400.0,74005.0,82757431256,1118269,1237,73508.0,74465.0
913,2021-07-31,74498.0,77815.0,74490.0,76582.0,191419460668,2499540,2214,74005.0,77815.0
914,2021-08-01,77914.0,78900.0,77396.0,78260.0,168548999122,2153696,2429,76582.0,78118.0
915,2021-08-02,78300.0,78999.0,77750.0,78142.0,139481862826,1784990,1684,78260.0,78380.0
916,2021-08-03,77821.0,79740.0,77821.0,79208.0,236013103616,2979678,1753,78142.0,79700.0
917,2021-08-04,79828.0,82000.0,79828.0,81013.0,1638010016196,20219182,3165,79208.0,81959.0
918,2021-08-07,83000.0,83000.0,80300.0,81326.0,152205155957,1871536,2395,81013.0,81280.0
919,2021-08-08,80813.0,82756.0,80500.0,82188.0,207032055492,2519000,1958,81326.0,82600.0
920,2021-08-09,82757.0,84000.0,82700.0,83427.0,247792514550,2970180,2303,82188.0,83700.0
921,2021-08-10,83750.0,84972.0,83700.0,83958.0,445717904121,5308809,2497,83427.0,84970.0
922,2021-08-11,85000.0,86600.0,85000.0,86076.0,428702091631,4980512,3179,83958.0,86450.0
923,2021-08-14,86523.0,87450.0,83000.0,85130.0,346902539502,4074988,4402,86076.0,84995.0
924,2021-08-15,84910.0,86300.0,83701.0,85516.0,214984710360,2513976,2317,85130.0,86279.0
925,2021-08-22,86360.0,88000.0,86360.0,87344.0,371774158799,4256426,2897,85516.0,87995.0
926,2021-08-23,88064.0,88744.0,85600.0,87911.0,205008445243,2331991,2508,87344.0,88698.0
927,2021-08-24,88845.0,91150.0,88845.0,90664.0,392703599658,4331394,3605,87911.0,90800.0
928,2021-08-25,91166.0,92599.0,89201.0,90731.0,593409576138,6540310,4439,90664.0,90860.0
929,2021-08-28,91020.0,91847.0,91020.0,91366.0,329218395927,3603289,3655,90731.0,91847.0
930,2021-08-29,91900.0,91977.0,86000.0,89586.0,336054853659,3751184,4867,91366.0,86890.0
931,2021-08-30,85840.0,86890.0,83300.0,84084.0,581719369456,6918287,4041,89586.0,83400.0
932,2021-08-31,83000.0,88000.0,80800.0,84947.0,397799879395,4682902,3684,84084.0,86500.0
933,2021-09-01,86650.0,89000.0,85300.0,87799.0,262747390716,2992592,2588,84947.0,89000.0
934,2021-09-04,89260.0,89909.0,88003.0,89337.0,297496472981,3330060,2523,87799.0,88960.0
935,2021-09-05,88960.0,89336.0,86310.0,87970.0,91157527787,1036238,1677,89337.0,88750.0
936,2021-09-06,88999.0,89499.0,86000.0,87891.0,147717536415,1680685,2324,87970.0,86480.0
937,2021-09-07,86129.0,86980.0,85100.0,85802.0,143316277461,1670314,2482,87891.0,85124.0
938,2021-09-08,85500.0,87480.0,84669.0,86598.0,156114843567,1802750,2555,85802.0,87280.0
939,2021-09-11,87690.0,88500.0,85978.0,87011.0,120812331980,1388470,1757,86598.0,86385.0
940,2021-09-12,86385.0,86385.0,83000.0,84350.0,130961207081,1552594,2312,87011.0,84600.0
941,2021-09-13,85200.0,85306.0,82138.0,83261.0,151789266992,1823046,2064,84350.0,83235.0
942,2021-09-14,83500.0,85963.0,83410.0,84711.0,247283013463,2919132,1928,83261.0,85963.0
943,2021-09-15,85970.0,85970.0,83850.0,84330.0,83605821438,991411,1981,84711.0,84070.0
944,2021-09-18,83700.0,84299.0,81232.0,82103.0,134049890554,1632702,1861,84330.0,81405.0
945,2021-09-19,81217.0,82976.0,79110.0,80885.0,183899728685,2273608,2142,82103.0,81730.0
946,2021-09-20,81730.0,82990.0,81000.0,81865.0,85492208087,1044301,1312,80885.0,81397.0
947,2021-09-21,81848.0,81848.0,78000.0,79082.0,130711828674,1652867,1824,81865.0,79000.0
948,2021-09-22,79899.0,81237.0,78000.0,79037.0,147860474695,1870780,1920,79082.0,81115.0
949,2021-09-25,81302.0,83700.0,81222.0,82389.0,122536532128,1487297,2162,79037.0,83556.0
950,2021-09-26,83000.0,83480.0,81111.0,82149.0,113255277031,1378663,1697,82389.0,82405.0
951,2021-09-28,82001.0,83399.0,81502.0,82090.0,181886718801,2215699,1531,82149.0,81600.0
952,2021-09-29,82100.0,83700.0,81402.0,82485.0,209678366206,2542016,1732,82090.0,83586.0
953,2021-10-02,83778.0,86413.0,83778.0,85664.0,180730582278,2109757,2420,82485.0,86413.0
954,2021-10-03,86299.0,86595.0,84130.0,85510.0,122672018126,1434597,1962,85664.0,85893.0
955,2021-10-04,85770.0,86390.0,85005.0,85977.0,75378406749,876728,1207,85510.0,86310.0
956,2021-10-06,86311.0,87100.0,85977.0,86568.0,74137424619,856411,1344,85977.0,86629.0
957,2021-10-09,85310.0,86599.0,83000.0,84336.0,76768095716,910268,1550,86568.0,83400.0
958,2021-10-10,83400.0,84280.0,81959.0,83209.0,94739127014,1138565,1497,84336.0,84269.0
959,2021-10-11,84400.0,84500.0,82500.0,83743.0,80623661912,962748,1293,83209.0,82501.0
960,2021-10-12,82700.0,82700.0,80901.0,81624.0,163592435786,2004212,1536,83743.0,80921.0
961,2021-10-13,80901.0,81969.0,79400.0,80519.0,113389718190,1408234,1441,81624.0,81499.0
962,2021-10-16,82129.0,85195.0,82120.0,84711.0,263267344366,3107827,1997,80519.0,84999.0
963,2021-10-17,85369.0,85369.0,82004.0,82962.0,159066506580,1917340,2083,84711.0,82120.0
964,2021-10-18,82349.0,83999.0,81304.0,82543.0,117424982189,1422600,1571,82962.0,83900.0
965,2021-10-19,84000.0,84500.0,83200.0,84094.0,132639758072,1577273,1463,82543.0,84039.0
966,2021-10-20,84000.0,84000.0,82686.0,83374.0,64644047792,775354,1025,84094.0,83090.0
967,2021-10-23,82802.0,83198.0,80880.0,81715.0,73913075347,904524,1250,83374.0,82080.0
968,2021-10-25,81500.0,82100.0,80220.0,80899.0,80510045426,995187,1400,81715.0,80490.0
969,2021-10-26,80280.0,82000.0,80280.0,81395.0,87095247209,1070032,1096,80899.0,81169.0
970,2021-10-27,81500.0,82549.0,81009.0,81775.0,60802669395,743533,1032,81395.0,82145.0
971,2021-10-30,82500.0,82650.0,79000.0,79877.0,100263298650,1255228,2089,81775.0,79220.0
972,2021-10-31,78900.0,80000.0,75610.0,77151.0,111128070361,1440394,1988,79877.0,76200.0
973,2021-11-01,78300.0,80370.0,78281.0,79597.0,197946856214,2486852,2147,77151.0,79130.0
974,2021-11-02,79200.0,80410.0,78414.0,79751.0,116471190695,1460432,1644,79597.0,79220.0
975,2021-11-03,79975.0,81740.0,79001.0,80681.0,179322830830,2222614,1954,79751.0,81200.0
976,2021-11-06,81950.0,85400.0,81900.0,84377.0,359493475717,4260544,3405,80681.0,83995.0
977,2021-11-07,83330.0,84350.0,81111.0,82536.0,208648706740,2527985,2662,84377.0,81642.0
978,2021-11-08,81470.0,83590.0,81363.0,82585.0,165234756134,2000790,1918,82536.0,82951.0
979,2021-11-09,83197.0,84290.0,82666.0,83464.0,159845164388,1915129,1726,82585.0,83295.0
980,2021-11-10,84000.0,84345.0,82700.0,83685.0,296016397006,3537289,2061,83464.0,84310.0
981,2021-11-13,82974.0,82974.0,81020.0,81902.0,126196390684,1540813,1903,83685.0,82105.0
982,2021-11-14,82200.0,83658.0,81801.0,82724.0,89284937786,1079312,1344,81902.0,82171.0
983,2021-11-15,82950.0,82950.0,80200.0,80935.0,83583338479,1032721,1538,82724.0,80399.0
984,2021-11-16,80100.0,81440.0,79701.0,80753.0,61993698664,767691,1156,80935.0,81271.0
985,2021-11-17,81271.0,82000.0,79000.0,80967.0,90548546716,1118335,1274,80753.0,80715.0
986,2021-11-20,80018.0,80800.0,78080.0,78915.0,91244872524,1156244,1849,80967.0,78780.0
987,2021-11-21,79400.0,80799.0,78201.0,79532.0,92483879785,1162857,1513,78915.0,80710.0
988,2021-11-22,81400.0,81950.0,80811.0,81345.0,103293248579,1269815,1395,79532.0,81249.0
989,2021-11-23,81477.0,81477.0,80000.0,80336.0,63302803243,787975,1230,81345.0,80103.0
990,2021-11-24,79801.0,80330.0,79202.0,79750.0,97109165198,1217674,1114,80336.0,80000.0
991,2021-11-27,79640.0,79750.0,77400.0,78023.0,88912657848,1139567,1707,79750.0,78000.0
992,2021-11-28,78388.0,78880.0,77400.0,78186.0,69563828854,889720,1154,78023.0,78000.0
993,2021-11-29,79450.0,79450.0,77001.0,77962.0,51637874355,662346,998,78186.0,77560.0
994,2021-11-30,77890.0,78989.0,77341.0,77695.0,46249863709,595276,802,77962.0,77576.0
995,2021-12-01,77779.0,77779.0,75800.0,76429.0,62987452816,824132,1168,77695.0,76362.0
996,2021-12-04,76700.0,77510.0,75502.0,76393.0,115781221019,1515595,1553,76429.0,77199.0
997,2021-12-05,76830.0,77980.0,76830.0,77390.0,63675286376,822788,1019,76393.0,77350.0
998,2021-12-06,76720.0,77845.0,76310.0,77027.0,53759195937,697928,919,77390.0,76555.0
999,2021-12-07,76600.0,77380.0,76300.0,76682.0,38140896810,497393,618,77027.0,77000.0
1000,2021-12-08,77100.0,78268.0,76800.0,77641.0,74945789397,965286,1081,76682.0,77722.0
1001,2021-12-11,77999.0,78500.0,76810.0,77498.0,163683081975,2112085,788,77641.0,77250.0
1002,2021-12-12,76702.0,76702.0,74690.0,75744.0,46167925655,609522,872,77498.0,75527.0
1003,2021-12-13,75200.0,75999.0,72720.0,74078.0,93160670848,1257604,1584,75744.0,73231.0
1004,2021-12-14,73699.0,75426.0,72350.0,73733.0,80061006512,1085824,1098,74078.0,73787.0
1005,2021-12-15,74400.0,74699.0,72900.0,73588.0,64716607503,879448,918,73733.0,73480.0
1006,2021-12-18,73600.0,75400.0,73600.0,74621.0,58705418857,786713,963,73588.0,74610.0
1007,2021-12-19,74111.0,74899.0,72701.0,73330.0,54488333683,743053,957,74621.0,72809.0
1008,2021-12-20,73998.0,74500.0,73617.0,74058.0,83641961873,1129404,844,73330.0,74495.0
1009,2021-12-21,74899.0,77100.0,74100.0,75881.0,109529644748,1443441,1307,74058.0,76740.0
1010,2021-12-22,77000.0,80300.0,77000.0,79920.0,233512663061,2921823,2173,75881.0,80233.0
1011,2021-12-25,80900.0,81980.0,78334.0,80155.0,213382550873,2662129,2678,79920.0,78701.0
1012,2021-12-26,78553.0,80000.0,77620.0,78754.0,121351653152,1540902,1622,80155.0,79685.0
1013,2021-12-27,79100.0,81180.0,79000.0,79733.0,112879701990,1415717,1626,78754.0,79226.0
1014,2021-12-28,79226.0,80109.0,78537.0,79680.0,77408954238,971500,978,79733.0,80087.0
1015,2021-12-29,80267.0,80267.0,78223.0,79170.0,63827448836,806203,1020,79680.0,78400.0
1016,2022-01-01,78380.0,78380.0,76933.0,77315.0,105119449710,1359624,1252,79170.0,77279.0
1017,2022-01-02,77278.0,77990.0,77054.0,77540.0,78011150496,1006075,1022,77315.0,77648.0
1018,2022-01-03,77994.0,78399.0,77500.0,77631.0,59927880030,771956,711,77540.0,77501.0
1019,2022-01-04,77490.0,77750.0,76200.0,76587.0,71872995311,938455,769,77631.0,76252.0
1020,2022-01-05,76580.0,76988.0,76253.0,76591.0,34446798139,449749,562,76587.0,76500.0
1021,2022-01-08,76599.0,77733.0,76005.0,76895.0,111661840856,1452134,820,76591.0,76480.0
1022,2022-01-09,76250.0,76395.0,74503.0,74966.0,81184091881,1082940,1074,76895.0,74700.0
1023,2022-01-10,74690.0,75599.0,74000.0,74786.0,48797120760,652494,690,74966.0,75599.0
1024,2022-01-11,75700.0,75893.0,74700.0,75241.0,27442395167,364725,553,74786.0,74811.0
1025,2022-01-12,74400.0,75500.0,74400.0,74952.0,36352574506,485014,364,75241.0,75098.0
1026,2022-01-15,74960.0,75563.0,74000.0,74314.0,38753197952,521476,610,74952.0,74090.0
1027,2022-01-16,73860.0,74500.0,73321.0,73757.0,45004778448,610180,648,74314.0,74266.0
1028,2022-01-17,73780.0,74800.0,72600.0,73294.0,40817907189,556910,714,73757.0,73448.0
1029,2022-01-18,73000.0,73000.0,71200.0,72358.0,89289449008,1233992,1016,73294.0,71960.0
1030,2022-01-19,71870.0,73200.0,71230.0,72539.0,49046710332,676144,802,72358.0,73064.0
1031,2022-01-22,74800.0,74800.0,72000.0,72984.0,45446264353,622684,810,72539.0,72001.0
1032,2022-01-23,72000.0,72000.0,70100.0,70646.0,46422321339,657113,960,72984.0,70979.0
1033,2022-01-24,70700.0,71390.0,69260.0,70127.0,57965321241,826573,791,70646.0,69261.0
1034,2022-01-25,70800.0,70800.0,66551.0,67809.0,134954966431,1990234,1754,70127.0,68811.0
1035,2022-01-26,68520.0,72000.0,68520.0,70807.0,208200221502,2940399,2159,67809.0,71300.0
1036,2022-01-29,71400.0,73450.0,71078.0,73154.0,436168460501,5962335,3126,70807.0,73450.0
1037,2022-01-30,73800.0,73980.0,71000.0,72088.0,259145080237,3594846,2775,73154.0,71725.0
1038,2022-01-31,71170.0,72990.0,70650.0,72239.0,139863220986,1936106,1675,72088.0,72730.0
1039,2022-02-01,72949.0,72949.0,71800.0,72047.0,113910460797,1581048,1027,72239.0,71890.0
1040,2022-02-02,71330.0,72999.0,71330.0,72731.0,214809660633,2953475,906,72047.0,72187.0
1041,2022-02-05,72170.0,72799.0,70800.0,71629.0,174216168836,2432194,1219,72731.0,70971.0
1042,2022-02-06,70196.0,70201.0,68700.0,69139.0,165912379516,2399703,1770,71629.0,68800.0
1043,2022-02-07,68200.0,69999.0,67845.0,69643.0,136901023629,1965759,1014,69139.0,69453.0
1044,2022-02-08,69500.0,71154.0,69500.0,70384.0,88153467045,1252469,1124,69643.0,69822.0
1045,2022-02-09,69532.0,70499.0,68900.0,69449.0,56312027464,810845,979,70384.0,69726.0
1046,2022-02-12,69500.0,70257.0,69201.0,69465.0,55952007553,805468,608,69449.0,69300.0
1047,2022-02-13,69170.0,69740.0,68802.0,69008.0,37539433470,543987,435,69465.0,69199.0
1048,2022-02-14,69188.0,70499.0,69003.0,69775.0,28124744105,403075,519,69008.0,69849.0
1049,2022-02-16,69800.0,70244.0,69550.0,69653.0,29984238801,430483,498,69775.0,69970.0
1050,2022-02-19,69060.0,69998.0,69060.0,69704.0,38864777044,557568,460,69653.0,69700.0
1051,2022-02-20,69700.0,70000.0,69350.0,69596.0,38178306096,548568,413,69704.0,69861.0
1052,2022-02-21,69710.0,72300.0,69710.0,71139.0,78338670645,1101208,1108,69596.0,71351.0
1053,2022-02-22,71800.0,71800.0,70726.0,71058.0,23068520860,324645,559,71139.0,70893.0
1054,2022-02-23,71080.0,71490.0,70400.0,70860.0,47191461673,665983,512,71058.0,71012.0
1055,2022-02-26,71350.0,71350.0,70050.0,70554.0,38440248172,544834,519,70860.0,70100.0
1056,2022-02-27,70000.0,70530.0,69900.0,70108.0,43358590779,618456,465,70554.0,70417.0
1057,2022-02-28,70698.0,70698.0,70300.0,70432.0,25792232047,366200,428,70108.0,70532.0
1058,2022-03-02,70600.0,70628.0,70106.0,70482.0,57926953372,821864,441,70432.0,70468.0
1059,2022-03-05,70750.0,72473.0,70710.0,71628.0,71475588190,997874,1076,70482.0,72473.0
1060,2022-03-06,72000.0,75530.0,72000.0,74163.0,155703762819,2099482,1841,71628.0,74673.0
1061,2022-03-07,74749.0,76200.0,74353.0,75401.0,151734533201,2012373,1591,74163.0,74550.0
1062,2022-03-08,74500.0,75200.0,74010.0,74812.0,75552874271,1009901,758,75401.0,74820.0
1063,2022-03-09,74651.0,76750.0,74651.0,75855.0,70586301668,930543,980,74812.0,76528.0
1064,2022-03-12,75100.0,75200.0,74010.0,74195.0,102181763246,1377205,843,75855.0,74050.0
1065,2022-03-13,73849.0,74699.0,73800.0,74087.0,44832390532,605130,492,74195.0,74240.0
1066,2022-03-14,74378.0,74379.0,73650.0,73884.0,54265365331,734464,527,74087.0,73675.0
1067,2022-03-15,73674.0,74400.0,73270.0,73932.0,20291740532,274464,428,73884.0,74300.0
1068,2022-03-16,74439.0,75950.0,73800.0,75045.0,55150711766,734898,824,73932.0,75606.0
1069,2022-03-19,76170.0,78649.0,76170.0,77502.0,76250861313,983861,1266,75045.0,78550.0
1070,2022-03-26,78791.0,80000.0,77250.0,79260.0,130422888500,1645504,1519,77502.0,79845.0
1071,2022-03-27,79988.0,80944.0,78801.0,80312.0,91956059800,1144987,1287,79260.0,80329.0
1072,2022-03-29,81614.0,82200.0,79151.0,80284.0,104997628650,1307820,1420,80312.0,79553.0
1073,2022-03-30,79110.0,80946.0,79110.0,79937.0,125944702796,1575542,1593,80284.0,80946.0
1074,2022-04-03,81081.0,83279.0,80200.0,82216.0,118141181922,1436957,1715,79937.0,83260.0
1075,2022-04-04,83260.0,84298.0,81065.0,82424.0,153719252839,1864973,1955,82216.0,81425.0
1076,2022-04-05,81890.0,83194.0,80651.0,82503.0,81199869301,984207,1172,82424.0,82860.0
1077,2022-04-06,83002.0,83488.0,80000.0,81119.0,92395984117,1139024,1424,82503.0,80229.0
1078,2022-04-09,79902.0,80998.0,79010.0,80103.0,147431273912,1840516,1440,81119.0,80890.0
1079,2022-04-10,81262.0,82505.0,80801.0,81858.0,111908818168,1367103,1385,80103.0,82498.0
1080,2022-04-11,81800.0,82750.0,81772.0,82178.0,67438485549,820637,875,81858.0,82100.0
1081,2022-04-12,81030.0,81030.0,78300.0,79288.0,153944770938,1941581,1729,82178.0,78301.0
1082,2022-04-13,78200.0,80923.0,78200.0,80037.0,77863554042,972839,1181,79288.0,80740.0
1083,2022-04-16,80250.0,81646.0,80250.0,80900.0,79016645155,976719,1164,80037.0,81399.0
1084,2022-04-17,81399.0,82444.0,80210.0,81498.0,106464649722,1306347,1258,80900.0,82100.0
1085,2022-04-18,82000.0,84198.0,82000.0,83461.0,133479911210,1599313,1889,81498.0,82912.0
1086,2022-04-19,82520.0,84550.0,82502.0,84062.0,109333418501,1300636,1444,83461.0,84353.0
1087,2022-04-20,84353.0,84353.0,83021.0,83697.0,89539565076,1069806,1205,84062.0,83600.0
1088,2022-04-24,83350.0,83990.0,82450.0,82673.0,80155417739,969550,1168,83697.0,82680.0
1089,2022-04-25,82400.0,83997.0,82100.0,83040.0,71545609290,861582,1020,82673.0,83995.0
1090,2022-04-26,84000.0,84197.0,83200.0,83438.0,126605389380,1517350,1471,83040.0,83601.0
1091,2022-04-27,83740.0,83740.0,82900.0,83163.0,116183174890,1397061,1185,83438.0,83076.0
1092,2022-04-30,83499.0,83898.0,83001.0,83734.0,128175063815,1530741,960,83163.0,83860.0
1093,2022-05-01,83900.0,84400.0,83400.0,83797.0,103321464774,1232995,771,83734.0,83900.0
1094,2022-05-02,83609.0,84372.0,83501.0,83858.0,60820989557,725283,765,83797.0,84190.0
1095,2022-05-07,83867.0,85000.0,83867.0,84652.0,81286679792,960244,1033,83858.0,84880.0
1096,2022-05-08,85230.0,85549.0,84400.0,85020.0,79387936549,933752,1018,84652.0,85290.0
1097,2022-05-09,85000.0,85398.0,84000.0,84567.0,130894464650,1547815,941,85020.0,84290.0
1098,2022-05-10,84000.0,85440.0,83650.0,84707.0,89554750773,1057230,936,84567.0,85429.0
1099,2022-05-11,85101.0,89000.0,85101.0,87503.0,220370419279,2518427,1921,84707.0,88351.0
1100,2022-05-14,89000.0,90840.0,89000.0,89882.0,163384329519,1817763,2029,87503.0,89888.0
1101,2022-05-15,89888.0,90600.0,87300.0,89357.0,133191243784,1490558,1458,89882.0,90200.0
1102,2022-05-16,90439.0,90900.0,90000.0,90298.0,99744154363,1104614,1428,89357.0,90521.0
1103,2022-05-17,90648.0,91400.0,89271.0,90851.0,170695072776,1878837,1532,90298.0,89660.0
1104,2022-05-18,89660.0,89660.0,88500.0,88880.0,87891678012,988883,1340,90851.0,88900.0
1105,2022-05-21,88501.0,89470.0,87650.0,88282.0,115421939335,1307430,1135,88880.0,88300.0
1106,2022-05-22,88300.0,89462.0,88021.0,88713.0,48660396817,548517,1184,88282.0,89048.0
1107,2022-05-23,89489.0,89489.0,86050.0,86846.0,176758272036,2035296,1363,88713.0,86500.0
1108,2022-05-24,85966.0,86799.0,85900.0,86395.0,105559075771,1221822,913,86846.0,86600.0
1109,2022-05-25,87198.0,87820.0,86901.0,87260.0,73618691028,843673,1002,86395.0,87553.0
1110,2022-05-28,87300.0,87553.0,85700.0,86052.0,136639725447,1587868,1056,87260.0,85815.0
1111,2022-05-29,84890.0,86489.0,84705.0,85158.0,126675315087,1487534,1027,86052.0,86100.0
1112,2022-05-30,85213.0,86599.0,85151.0,85644.0,79883530207,932744,769,85158.0,85600.0
1113,2022-05-31,85744.0,86350.0,85210.0,85770.0,72279496686,842712,835,85644.0,85700.0
1114,2022-06-01,85990.0,85990.0,84817.0,85542.0,47991452807,561025,718,85770.0,85605.0
1115,2022-06-06,85002.0,85542.0,83235.0,83983.0,110608780529,1317036,1281,85542.0,83350.0
1116,2022-06-07,83007.0,84382.0,83000.0,83733.0,38766983552,462985,884,83983.0,83620.0
1117,2022-06-08,83150.0,84780.0,83150.0,83969.0,64067591076,762994,652,83733.0,83903.0
1118,2022-06-11,83965.0,83965.0,83142.0,83574.0,134642621234,1611064,748,83969.0,83522.0
1119,2022-06-12,83400.0,86800.0,82646.0,85565.0,118960485451,1390286,1136,83574.0,86790.0
1120,2022-06-13,86210.0,89000.0,86210.0,88379.0,229748559494,2599591,1321,85565.0,88360.0
1121,2022-06-14,88437.0,88440.0,86801.0,87830.0,61360021461,698620,860,88379.0,87230.0
1122,2022-06-15,87760.0,87760.0,85960.0,86517.0,60511864315,699424,663,87830.0,86750.0
1123,2022-06-18,86500.0,86500.0,85000.0,85387.0,43586324439,510459,730,86517.0,85280.0
1124,2022-06-19,85280.0,86100.0,85002.0,85416.0,46764038280,547485,787,85387.0,85350.0
1125,2022-06-20,85001.0,86420.0,85001.0,85984.0,67407083895,783952,748,85416.0,85763.0
1126,2022-06-21,85701.0,86010.0,85108.0,85594.0,55461747816,647961,602,85984.0,85229.0
1127,2022-06-22,85000.0,85785.0,84704.0,85275.0,47763976730,560118,652,85594.0,85300.0
1128,2022-06-25,85449.0,85480.0,83360.0,84173.0,67484536514,801733,1109,85275.0,83518.0
1129,2022-06-26,83500.0,83998.0,81550.0,82206.0,80844813342,983441,997,84173.0,81800.0
1130,2022-06-27,81406.0,83250.0,81401.0,82279.0,84623682617,1028497,1077,82206.0,83000.0
1131,2022-06-28,83289.0,84079.0,82720.0,83532.0,55061372629,659162,901,82279.0,83485.0
1132,2022-06-29,83796.0,83999.0,82774.0,83474.0,42233202801,505945,777,83532.0,83627.0
1133,2022-07-02,82999.0,82999.0,81807.0,82356.0,54190513555,658000,844,83474.0,82283.0
1134,2022-07-03,82290.0,83150.0,82005.0,82636.0,44238692506,535344,878,82356.0,82949.0
1135,2022-07-04,82800.0,83293.0,82220.0,82710.0,51788749043,626151,968,82636.0,82400.0
1136,2022-07-05,82650.0,82989.0,82280.0,82692.0,49150102071,594378,805,82710.0,82987.0
1137,2022-07-06,82260.0,82700.0,81600.0,81775.0,54592109342,667591,795,82692.0,81601.0
1138,2022-07-09,81611.0,82310.0,81403.0,81728.0,51273104919,627361,775,81775.0,81520.0
1139,2022-07-11,81510.0,81669.0,80000.0,81120.0,86115919001,1061582,1073,81728.0,80950.0
1140,2022-07-12,81088.0,81980.0,80288.0,81262.0,209720165822,2580782,956,81120.0,81980.0
1141,2022-07-13,81981.0,83000.0,81981.0,82374.0,56618533587,687336,714,81262.0,82400.0
1142,2022-07-16,82400.0,82401.0,81262.0,81651.0,53541559853,655734,687,82374.0,81565.0
1143,2022-07-17,81600.0,81600.0,80600.0,80848.0,86196753150,1066159,901,81651.0,80600.0
1144,2022-07-19,80500.0,81500.0,80500.0,81163.0,86166512541,1061642,776,80848.0,81301.0
1145,2022-07-20,81301.0,81980.0,81300.0,81697.0,91675829256,1122146,725,81163.0,81939.0
1146,2022-07-23,82300.0,83500.0,82256.0,82726.0,77034025134,931199,997,81697.0,82480.0
1147,2022-07-24,82800.0,82800.0,81150.0,81824.0,122093878318,1492160,908,82726.0,81469.0
1148,2022-07-25,81000.0,81500.0,79677.0,80051.0,171206217600,2138716,1318,81824.0,79984.0
1149,2022-07-26,80110.0,80854.0,80001.0,80522.0,88469675604,1098704,690,80051.0,80610.0
1150,2022-07-27,80851.0,81697.0,80503.0,81269.0,78919262539,971090,684,80522.0,81696.0
1151,2022-07-30,81100.0,82163.0,80800.0,81444.0,92581129950,1136748,813,81269.0,81030.0
1152,2022-07-31,81030.0,81030.0,79870.0,80368.0,58639306691,729631,628,81444.0,80789.0
1153,2022-08-01,80789.0,81200.0,80511.0,80707.0,39471499764,489071,499,80368.0,80600.0
1154,2022-08-02,80380.0,81700.0,80380.0,81164.0,45396952592,559323,583,80707.0,81700.0
1155,2022-08-03,81420.0,82698.0,81400.0,81957.0,85249657955,1040171,900,81164.0,82463.0
1156,2022-08-06,81957.0,83670.0,81957.0,83296.0,89269281730,1071710,1033,81957.0,83648.0
1157,2022-08-09,84098.0,84098.0,82302.0,83056.0,60999146743,734433,856,83296.0,82961.0
1158,2022-08-10,83097.0,83300.0,82200.0,82560.0,72491005912,878045,742,83056.0,82505.0
1159,2022-08-13,82410.0,85190.0,82410.0,84519.0,153452352365,1815589,1677,82560.0,85149.0
1160,2022-08-14,85014.0,85220.0,83600.0,84183.0,104416685279,1240359,1006,84519.0,84000.0
1161,2022-08-15,84050.0,84920.0,83752.0,84475.0,118273030881,1400099,1133,84183.0,84719.0
1162,2022-08-16,84053.0,85270.0,82800.0,83841.0,94849374880,1131300,1040,84475.0,83468.0
1163,2022-08-17,84470.0,84470.0,82511.0,83004.0,125638085832,1513634,878,83841.0,82700.0
1164,2022-08-20,83400.0,83400.0,81910.0,82178.0,59442973941,723342,766,83004.0,82110.0
1165,2022-08-21,82000.0,82390.0,81451.0,81763.0,85212743861,1042192,920,82178.0,81833.0
1166,2022-08-22,82000.0,82350.0,81200.0,81553.0,47121369665,577800,729,81763.0,81569.0
1167,2022-08-23,81800.0,82880.0,81553.0,82367.0,46705688483,567047,906,81553.0,82880.0
1168,2022-08-24,82800.0,84199.0,82652.0,83563.0,88594497206,1060216,1269,82367.0,84199.0
1169,2022-08-27,84000.0,84560.0,83220.0,84045.0,116967382033,1391730,1282,83563.0,83756.0
1170,2022-08-28,83110.0,83746.0,83007.0,83435.0,40474708245,485107,657,84045.0,83520.0
1171,2022-08-29,83600.0,84282.0,83435.0,83889.0,42479298863,506377,677,83435.0,83926.0
1172,2022-08-30,83899.0,83998.0,83306.0,83621.0,26804938447,320551,520,83889.0,83484.0
1173,2022-08-31,83300.0,83998.0,83111.0,83609.0,39552879938,473069,705,83621.0,83801.0
1174,2022-09-03,83500.0,83500.0,82291.0,82666.0,61304236879,741589,798,83609.0,82600.0
1175,2022-09-04,82349.0,83100.0,81800.0,82756.0,37449932672,452534,618,82666.0,82733.0
1176,2022-09-05,82800.0,82999.0,82761.0,82859.0,47032117519,567614,476,82756.0,82864.0
1177,2022-09-06,82863.0,82920.0,82157.0,82454.0,74325845370,901426,860,82859.0,82701.0
1178,2022-09-07,82500.0,82819.0,81700.0,82084.0,40702900920,495871,671,82454.0,82035.0
1179,2022-09-10,82300.0,82300.0,81000.0,81252.0,58697070887,722412,719,82084.0,81110.0
1180,2022-09-11,80910.0,81485.0,80801.0,81008.0,60328983192,744726,740,81252.0,80984.0
1181,2022-09-12,81700.0,82005.0,81001.0,81577.0,59868628101,733889,747,81008.0,81900.0
1182,2022-09-13,81601.0,82300.0,81080.0,81745.0,83364082258,1019809,1006,81577.0,82300.0
1183,2022-09-14,82499.0,82500.0,81250.0,81495.0,78143524702,958873,730,81745.0,81452.0
1184,2022-09-18,81250.0,81664.0,80610.0,80812.0,46628761373,577001,775,81495.0,80639.0
1185,2022-09-19,80799.0,80946.0,80551.0,80749.0,55422565404,686355,633,80812.0,80729.0
1186,2022-09-20,80600.0,80737.0,80172.0,80348.0,46434220008,577917,643,80749.0,80259.0
1187,2022-09-21,80349.0,80349.0,79751.0,79974.0,60033498810,750658,603,80348.0,80016.0
1188,2022-09-24,79500.0,79500.0,77850.0,78365.0,49362472844,629902,953,79974.0,77927.0
1189,2022-09-26,77530.0,79664.0,77530.0,79098.0,68636410382,867741,764,78365.0,79628.0
1190,2022-09-28,79599.0,80640.0,79305.0,80099.0,105299067975,1314605,953,79098.0,79966.0
1191,2022-10-01,79013.0,79998.0,77602.0,78066.0,86016669801,1101843,908,80099.0,77836.0
1192,2022-10-02,77849.0,78278.0,77701.0,77970.0,61934052178,794330,712,78066.0,78100.0
1193,2022-10-03,78111.0,78190.0,77710.0,77897.0,55426338829,711534,566,77970.0,77850.0
1194,2022-10-04,78177.0,78588.0,77802.0,78070.0,59087450954,756851,596,77897.0,78429.0
1195,2022-10-08,78199.0,78798.0,78001.0,78416.0,47970943726,611753,706,78070.0,78002.0
1196,2022-10-09,78022.0,78022.0,77225.0,77413.0,37800041904,488288,591,78416.0,77401.0
1197,2022-10-10,77550.0,78000.0,77354.0,77623.0,122262061721,1575077,772,77413.0,77680.0
1198,2022-10-11,77811.0,78472.0,77558.0,78149.0,73460129128,939996,747,77623.0,78250.0
1199,2022-10-12,78231.0,79350.0,78231.0,78765.0,81222496677,1031199,784,78149.0,79350.0
1200,2022-10-15,79410.0,79410.0,78500.0,78653.0,89421646644,1136918,1319,78765.0,78848.0
1201,2022-10-16,79079.0,79079.0,78140.0,78336.0,63577903516,811608,535,78653.0,78150.0
1202,2022-10-17,78103.0,78674.0,78100.0,78404.0,37296684171,475699,395,78336.0,78670.0
1203,2022-10-18,78600.0,78799.0,78405.0,78626.0,48876863078,621635,535,78404.0,78450.0
1204,2022-10-19,78533.0,79160.0,78217.0,78649.0,37987660231,483000,529,78626.0,79108.0
1205,2022-10-22,79164.0,79191.0,78400.0,78782.0,54062404254,686230,691,78649.0,78900.0
1206,2022-10-23,78801.0,78900.0,78016.0,78420.0,23501549873,299688,518,78782.0,78200.0
1207,2022-10-24,78244.0,78244.0,76714.0,77115.0,44539383134,577572,967,78420.0,76934.0
1208,2022-10-25,76890.0,77099.0,75870.0,76259.0,39911518337,523371,827,77115.0,76024.0
1209,2022-10-26,75934.0,75999.0,74154.0,74578.0,89535831516,1200564,984,76259.0,74301.0
1210,2022-10-29,74313.0,75430.0,73090.0,74600.0,106859612155,1432425,922,74578.0,74339.0
1211,2022-10-30,74534.0,76397.0,74201.0,75319.0,45880241248,609144,756,74600.0,76330.0
1212,2022-10-31,76219.0,77164.0,75805.0,76455.0,63499684117,830546,881,75319.0,77000.0
1213,2022-11-01,76996.0,77868.0,76721.0,77382.0,65382912786,844941,1076,76455.0,77108.0
1214,2022-11-02,77188.0,77940.0,76120.0,77196.0,50823852428,658378,897,77382.0,77598.0
1215,2022-11-05,78000.0,81434.0,77752.0,80708.0,181642575673,2250622,1981,77196.0,81400.0
1216,2022-11-06,81640.0,82509.0,80800.0,82067.0,224500698312,2735581,1908,80708.0,82430.0
1217,2022-11-07,82580.0,86000.0,82000.0,84946.0,753224622054,8867058,3673,82067.0,85981.0
1218,2022-11-08,86199.0,88000.0,83660.0,85024.0,388120100734,4564840,3356,84946.0,83701.0
1219,2022-11-09,84470.0,85800.0,82701.0,84806.0,271744060114,3204296,2333,85024.0,85567.0
1220,2022-11-12,85300.0,86208.0,84816.0,85372.0,201212860509,2356889,1721,84806.0,85350.0
1221,2022-11-13,85299.0,85299.0,84100.0,84662.0,141042033540,1665933,1242,85372.0,84857.0
1222,2022-11-14,84450.0,84700.0,83300.0,83980.0,139160847970,1657065,1098,84662.0,84300.0
1223,2022-11-15,84301.0,85250.0,84223.0,84857.0,152739012004,1799966,1110,83980.0,84702.0
1224,2022-11-16,84550.0,85600.0,84010.0,85140.0,126421080106,1484861,1112,84857.0,85380.0
1225,2022-11-19,84993.0,84993.0,82250.0,83394.0,171645270943,2058246,1440,85140.0,83596.0
1226,2022-11-20,83643.0,85000.0,83643.0,84432.0,140065792837,1658927,1139,83394.0,84600.0
1227,2022-11-21,84600.0,84600.0,83527.0,83970.0,110541611550,1316440,1121,84432.0,83664.0
1228,2022-11-22,83351.0,84235.0,83301.0,83680.0,121038632779,1446440,904,83970.0,84105.0
1229,2022-11-23,83891.0,84200.0,83500.0,84118.0,637439758688,7577935,1017,83680.0,83680.0
1230,2022-11-26,83700.0,84273.0,83345.0,83931.0,626823608371,7468305,1102,84118.0,83599.0
1231,2022-11-27,83560.0,83963.0,83004.0,83808.0,637833586879,7610644,987,83931.0,83850.0
1232,2022-11-28,83555.0,84090.0,83450.0,83955.0,590634513283,7035158,913,83808.0,83739.0
1233,2022-11-29,83739.0,84546.0,83645.0,84160.0,116544304841,1384801,1121,83955.0,84540.0
1234,2022-11-30,84547.0,84577.0,84010.0,84293.0,92800299672,1100928,817,84160.0,84410.0
1235,2022-12-03,84410.0,84700.0,84001.0,84271.0,115009772645,1364767,964,84293.0,84125.0
1236,2022-12-04,84100.0,84369.0,83780.0,84035.0,106462439665,1266886,971,84271.0,84011.0
1237,2022-12-05,84095.0,85000.0,83800.0,84168.0,155464005023,1847072,1128,84035.0,84061.0
1238,2022-12-06,84060.0,84389.0,83901.0,84077.0,82020059445,975536,894,84168.0,84016.0
1239,2022-12-07,83904.0,84146.0,83370.0,83830.0,151601892916,1808437,1146,84077.0,83600.0
1240,2022-12-10,83789.0,83789.0,82350.0,82683.0,196331347360,2374519,1262,83830.0,82511.0
1241,2022-12-11,82676.0,83676.0,82542.0,83299.0,166913175294,2003789,1206,82683.0,83521.0
1242,2022-12-12,83690.0,86150.0,83620.0,85101.0,145875147598,1714146,1682,83299.0,86120.0
1243,2022-12-13,86880.0,89500.0,85613.0,88247.0,1306453218007,14804528,2886,85101.0,89313.0
1244,2022-12-14,89616.0,90700.0,88919.0,89592.0,363650339718,4058946,2549,88247.0,89450.0
1245,2022-12-17,89480.0,89480.0,88000.0,89031.0,252064082587,2831194,1901,89592.0,89396.0
1246,2022-12-18,90003.0,91091.0,90003.0,90487.0,326835491547,3611947,2562,89031.0,90114.0
1247,2022-12-19,90301.0,90850.0,89000.0,90434.0,508550163842,5623453,2046,90487.0,89861.0
1248,2022-12-20,89600.0,89951.0,88517.0,89109.0,163242329292,1831931,1828,90434.0,88888.0
1249,2022-12-21,88205.0,89889.0,88205.0,89324.0,199187331481,2229932,1758,89109.0,89304.0
1250,2022-12-24,89999.0,93700.0,89980.0,92907.0,696211267846,7493659,4269,89324.0,93679.0
1251,2022-12-25,93925.0,94988.0,93252.0,94049.0,398423938775,4236361,2952,92907.0,94059.0
1252,2022-12-26,92916.0,94800.0,92916.0,94170.0,404155288000,4291742,2174,94049.0,94780.0
1253,2022-12-28,94404.0,98750.0,94404.0,98180.0,1798486154657,18318280,4373,94170.0,98750.0
1254,2022-12-31,93650.0,95799.0,92001.0,93132.0,1013157535655,10878764,4446,98180.0,92800.0
1255,2023-01-01,92225.0,94850.0,91009.0,92692.0,513421769700,5539021,3555,93132.0,94090.0
1256,2023-01-02,94250.0,95950.0,93900.0,95139.0,334780069688,3518841,3173,92692.0,95700.0
1257,2023-01-03,95700.0,96446.0,92884.0,94326.0,349648847507,3706803,3017,95139.0,93551.0
1258,2023-01-04,93500.0,93500.0,92451.0,93045.0,217408740553,2336591,2269,94326.0,93181.0
1259,2023-01-07,93900.0,96337.0,93660.0,95338.0,487802987163,5116560,3862,93045.0,96186.0
1260,2023-01-08,96900.0,98488.0,96900.0,97872.0,673244586829,6878818,3719,95338.0,97970.0
1261,2023-01-09,98600.0,98990.0,96413.0,97978.0,457436818268,4668781,3447,97872.0,98071.0
1262,2023-01-10,98226.0,100370.0,97780.0,98756.0,818493140265,8288041,5510,97978.0,97812.0
1263,2023-01-11,97788.0,98401.0,96060.0,96958.0,821140072708,8468996,4369,98756.0,96122.0
1264,2023-01-14,95600.0,98379.0,94000.0,97190.0,753186708623,7749643,3862,96958.0,98228.0
1265,2023-01-16,98501.0,101860.0,98501.0,100858.0,791190576144,7844560,4436,97190.0,101860.0
1266,2023-01-17,103466.0,103466.0,99600.0,100546.0,564041044150,5609769,4111,100858.0,99899.0
1267,2023-01-18,100072.0,101470.0,99600.0,100504.0,513735783680,5111587,3478,100546.0,101000.0
1268,2023-01-21,100266.0,100796.0,98600.0,99144.0,579777703877,5847842,3335,100504.0,99095.0
1269,2023-01-22,99298.0,101650.0,98620.0,100069.0,494299834128,4939577,3215,99144.0,101632.0
1270,2023-01-23,101600.0,101997.0,99610.0,101235.0,713810191745,7051022,2932,100069.0,100883.0
1271,2023-01-24,101443.0,101443.0,99202.0,99995.0,240136299910,2401487,2684,101235.0,99730.0
1272,2023-01-25,99939.0,99939.0,96550.0,97630.0,354316413000,3629183,2609,99995.0,97313.0
1273,2023-01-28,97235.0,97899.0,96100.0,96716.0,375071130770,3878047,2622,97630.0,96364.0
1274,2023-01-29,95002.0,95458.0,92102.0,93504.0,620602742751,6637189,3958,96716.0,93444.0
1275,2023-01-30,92990.0,95190.0,91636.0,94030.0,395776595511,4209026,3557,93504.0,95000.0
1276,2023-01-31,95176.0,96270.0,93941.0,95163.0,465868041408,4895482,3925,94030.0,96061.0
1277,2023-02-01,96077.0,96077.0,93702.0,94505.0,423677433022,4483122,2856,95163.0,94561.0
1278,2023-02-05,93821.0,94780.0,92303.0,93131.0,377042857901,4048501,2315,94505.0,92452.0
1279,2023-02-06,92000.0,94200.0,91550.0,93383.0,283960586296,3040802,2639,93131.0,93400.0
1280,2023-02-07,94300.0,96468.0,93403.0,95309.0,461229976456,4839305,3674,93383.0,96388.0
1281,2023-02-08,96379.0,96379.0,94350.0,95194.0,519549723745,5457827,3816,95309.0,95082.0
1282,2023-02-12,95036.0,95037.0,93604.0,94079.0,574290372497,6104361,3809,95194.0,94200.0
1283,2023-02-13,94300.0,95290.0,93832.0,94121.0,720758770597,7657772,3751,94079.0,93921.0
1284,2023-02-14,93920.0,94196.0,93291.0,93621.0,709379458005,7577115,3291,94121.0,93307.0
1285,2023-02-15,93310.0,93400.0,92701.0,93040.0,635820560164,6833812,3087,93621.0,93070.0
1286,2023-02-19,93960.0,96448.0,93500.0,94839.0,1013933067344,10691113,5793,93040.0,96448.0
1287,2023-02-20,96999.0,100400.0,96999.0,100067.0,4279674551022,42768120,12061,94839.0,100400.0
1288,2023-02-21,102000.0,103789.0,100160.0,101775.0,3296353484623,32388691,11851,100067.0,100162.0
1289,2023-02-22,100350.0,102890.0,99500.0,100838.0,1213990034663,12039031,5040,101775.0,102727.0
1290,2023-02-25,105085.0,110921.0,105085.0,109719.0,2519857247414,22966380,5796,100838.0,110921.0
1291,2023-02-26,119999.0,119999.0,108921.0,113053.0,2792700926200,24702543,11471,109719.0,110009.0
1292,2023-02-27,109937.0,112900.0,108000.0,109849.0,1520971742737,13845970,7172,113053.0,108945.0
1293,2023-02-28,109100.0,112300.0,108112.0,110605.0,1572040084222,14213097,5241,109849.0,110601.0
1294,2023-03-01,110000.0,110601.0,106700.0,108039.0,1692316881375,15663972,4679,110605.0,106700.0
1295,2023-03-04,106500.0,107100.0,105970.0,106555.0,1106911424302,10388207,3680,108039.0,106746.0
1296,2023-03-05,106970.0,109900.0,106550.0,107623.0,946718493991,8796655,3449,106555.0,107088.0
1297,2023-03-06,106475.0,107390.0,105202.0,106766.0,1312064571008,12289115,3340,107623.0,106851.0
1298,2023-03-07,106990.0,111340.0,106025.0,109846.0,1953864065529,17787332,5903,106766.0,111340.0
1299,2023-03-11,110500.0,112500.0,107530.0,108680.0,1202550039731,11065067,4690,109846.0,107551.0
1300,2023-03-12,106000.0,107292.0,105023.0,106351.0,1136491986856,10686234,3947,108680.0,106739.0
1301,2023-03-13,106999.0,108464.0,106627.0,107411.0,529220640604,4927078,3184,106351.0,107660.0
1302,2023-03-14,107600.0,109230.0,107017.0,108436.0,721566381738,6654286,3985,107411.0,109180.0
1303,2023-03-15,109690.0,113250.0,109685.0,111946.0,1926764083769,17211593,5517,108436.0,113179.0
1304,2023-03-18,113850.0,119600.0,113850.0,116900.0,2769542508619,23691630,7763,111946.0,118857.0
1305,2023-03-19,119350.0,119690.0,115041.0,118009.0,2167957039175,18371041,7843,116900.0,118997.0
1306,2023-03-25,118900.0,120488.0,117500.0,119785.0,2291036668484,19126292,6286,118009.0,120000.0
1307,2023-03-26,120000.0,120000.0,119000.0,119523.0,2691650000,22520,20,119785.0,119000.0
1308,2023-03-27,116065.0,121390.0,116065.0,120231.0,1535446894178,12770838,5715,119523.0,121222.0
1309,2023-03-28,121222.0,123900.0,120650.0,122543.0,1657628264695,13526934,5449,120231.0,123200.0
1310,2023-03-29,123299.0,125000.0,122200.0,124210.0,1290760417710,10391758,5566,122543.0,124980.0
1311,2023-04-03,121000.0,124990.0,119060.0,123554.0,1414116400006,11445295,6241,124210.0,124501.0
1312,2023-04-04,124520.0,126200.0,121721.0,123353.0,1775456195393,14393249,6674,123554.0,122905.0
1313,2023-04-05,122894.0,125396.0,121005.0,124223.0,1435625653203,11556873,5299,123353.0,125225.0
1314,2023-04-08,125010.0,133000.0,124000.0,129524.0,1218177055618,9404996,5604,124223.0,129385.0
1315,2023-04-09,129499.0,132460.0,128000.0,131196.0,915319270557,6976719,4410,129524.0,131990.0
1316,2023-04-10,132449.0,133600.0,126102.0,128922.0,908110286456,7043887,5311,131196.0,127166.0
1317,2023-04-11,126000.0,131300.0,126000.0,129907.0,1208786715285,9305036,3581,128922.0,131299.0
1318,2023-04-15,132300.0,136000.0,132300.0,134834.0,2341884446520,17368596,6968,129907.0,135000.0
1319,2023-04-16,135698.0,136083.0,133600.0,134533.0,1764343357411,13114547,7336,134834.0,134557.0
1320,2023-04-17,134110.0,135920.0,132000.0,135261.0,1896245825492,14019208,6020,134533.0,135788.0
1321,2023-04-18,135510.0,140298.0,135510.0,137878.0,842116345432,6107682,5047,135261.0,137935.0
1322,2023-04-19,137127.0,138220.0,135704.0,137234.0,1110486255168,8091920,6018,137878.0,136850.0
1323,2023-04-24,137270.0,138390.0,135000.0,137473.0,889100526750,6467454,5717,137234.0,138273.0
1324,2023-04-25,139297.0,141194.0,138400.0,139804.0,798046955498,5708308,5087,137473.0,138982.0
1325,2023-04-26,138970.0,141010.0,137611.0,139488.0,1232929824609,8838975,6258,139804.0,139352.0
1326,2023-04-29,140500.0,145800.0,140500.0,144358.0,1161381339076,8045159,5308,139488.0,145720.0
1327,2023-04-30,146024.0,148184.0,145480.0,147069.0,1024560187244,6966513,6610,144358.0,148180.0
1328,2023-05-01,148699.0,148699.0,144400.0,146960.0,1003096795334,6825626,7169,147069.0,147518.0
1329,2023-05-02,147440.0,150495.0,147440.0,149549.0,864485060791,5780604,5491,146960.0,149883.0
1330,2023-05-03,150555.0,150950.0,147510.0,149118.0,745975268111,5002596,5396,149549.0,149200.0
1331,2023-05-06,152000.0,152000.0,150000.0,151000.0,1233351394295,8167878,7081,149118.0,151860.0
1332,2023-05-07,152100.0,152104.0,140300.0,143102.0,1835604408791,12827259,8011,151000.0,140524.0
1333,2023-05-08,136001.0,139499.0,131600.0,133752.0,1709901621401,12784134,6582,143102.0,131700.0
1334,2023-05-09,128500.0,141000.0,128500.0,138545.0,1016846130644,7339455,5574,133752.0,140349.0
1335,2023-05-10,140110.0,142400.0,133003.0,135366.0,962420958144,7109750,4397,138545.0,133548.0
1336,2023-05-13,133000.0,133001.0,127100.0,129281.0,869288785253,6724039,4037,135366.0,131370.0
1337,2023-05-14,132100.0,139149.0,132100.0,137018.0,2178313283832,15897998,6322,129281.0,138420.0
1338,2023-05-15,137990.0,137990.0,132501.0,135215.0,1234869642185,9132604,4521,137018.0,135660.0
1339,2023-05-17,135000.0,138800.0,133700.0,137751.0,483171715376,3507567,2942,135215.0,138600.0
1340,2023-05-20,138953.0,139496.0,135000.0,136115.0,926932171259,6809922,4202,137751.0,135300.0
1341,2023-05-21,135299.0,138300.0,134200.0,137099.0,766773082747,5592837,3831,136115.0,137924.0
1342,2023-05-22,138330.0,139200.0,137450.0,138134.0,414928050129,3003803,2919,137099.0,137950.0
1343,2023-05-23,137944.0,139997.0,137654.0,139148.0,653870943488,4699120,4356,138134.0,138900.0
1344,2023-05-24,140300.0,142209.0,138712.0,140019.0,327203676874,2336855,3050,139148.0,139179.0
1345,2023-05-27,137568.0,138994.0,136001.0,137186.0,467160869449,3405319,4483,140019.0,136353.0
1346,2023-05-28,135974.0,135974.0,131300.0,132715.0,506805073318,3818733,3363,137186.0,132884.0
1347,2023-05-29,134000.0,134800.0,132801.0,133649.0,435738101639,3260316,2690,132715.0,134197.0
1348,2023-05-30,134889.0,136000.0,133042.0,134949.0,363481294308,2693462,2813,133649.0,134100.0
1349,2023-05-31,134999.0,134999.0,132300.0,132956.0,270601577524,2035274,1797,134949.0,133458.0
1350,2023-06-03,132250.0,134400.0,132250.0,133662.0,187509274264,1402857,1727,132956.0,134286.0
1351,2023-06-06,134286.0,135735.0,133803.0,134483.0,256035548430,1903846,2229,133662.0,134957.0
1352,2023-06-07,134251.0,135545.0,133450.0,134048.0,209964580595,1566344,1766,134483.0,133594.0
1353,2023-06-10,132400.0,132400.0,128150.0,128645.0,369522282546,2872413,2074,134048.0,128180.0
1354,2023-06-11,128012.0,130000.0,127500.0,129003.0,456539059236,3538988,2340,128645.0,127500.0
1355,2023-06-12,126499.0,126950.0,123100.0,124975.0,422452101690,3380287,2493,129003.0,124950.0
1356,2023-06-13,124700.0,127688.0,124600.0,126278.0,373063491267,2954310,2256,124975.0,127275.0
1357,2023-06-14,127474.0,130395.0,127474.0,128329.0,213728636577,1665475,1741,126278.0,127700.0
1358,2023-06-17,127750.0,129800.0,127700.0,128448.0,199185968614,1550718,1380,128329.0,127777.0
1359,2023-06-18,128019.0,128019.0,124001.0,127645.0,984768076217,7714910,1357,128448.0,127600.0
1360,2023-06-19,127600.0,128579.0,126410.0,127677.0,183792911737,1439513,1149,127645.0,127230.0
1361,2023-06-20,126450.0,129350.0,126450.0,128234.0,172810917100,1347626,1304,127677.0,129105.0
1362,2023-06-21,129135.0,129996.0,128267.0,129097.0,176635233215,1368237,1758,128234.0,128980.0
1363,2023-06-24,128000.0,129866.0,127605.0,128439.0,299840033126,2334491,1922,129097.0,129770.0
1364,2023-06-25,130100.0,131000.0,129200.0,129911.0,271520133686,2090044,1922,128439.0,129300.0
1365,2023-06-26,128800.0,130650.0,128514.0,130129.0,270496211510,2078675,1685,129911.0,130170.0
1366,2023-06-27,130470.0,130470.0,127806.0,129279.0,253577305449,1961474,1327,130129.0,128920.0
1367,2023-06-28,128300.0,128976.0,127010.0,128360.0,113674652034,885590,1373,129279.0,128054.0
1368,2023-07-01,127511.0,128760.0,127511.0,127939.0,131512309754,1027932,1175,128360.0,127553.0
1369,2023-07-02,127600.0,130200.0,127600.0,129341.0,252205288352,1949922,1705,127939.0,130200.0
1370,2023-07-03,130000.0,133350.0,130000.0,132056.0,322250652831,2440253,2296,129341.0,133350.0
1371,2023-07-04,133500.0,134559.0,132500.0,133828.0,231902422659,1732839,1991,132056.0,132579.0
1372,2023-07-05,133098.0,134113.0,132530.0,133501.0,117642726219,881209,1075,133828.0,133457.0
1373,2023-07-08,132908.0,134589.0,132100.0,133219.0,124850995494,937189,1339,133501.0,132500.0
1374,2023-07-09,132208.0,133299.0,131280.0,132230.0,216687847389,1638716,1163,133219.0,131860.0
1375,2023-07-10,131860.0,131860.0,129581.0,130324.0,161450652997,1238845,1136,132230.0,129610.0
1376,2023-07-11,129610.0,130100.0,126746.0,128484.0,169906313730,1322396,1362,130324.0,126990.0
1377,2023-07-12,127487.0,127487.0,123800.0,125497.0,204901727248,1632722,1522,128484.0,126776.0
1378,2023-07-15,128007.0,128700.0,124500.0,125679.0,220005351292,1750539,1365,125497.0,124700.0
1379,2023-07-16,124975.0,124975.0,121000.0,122276.0,147425800930,1205678,1375,125679.0,121224.0
1380,2023-07-17,121300.0,122498.0,117016.0,120322.0,320803923319,2666205,1737,122276.0,121825.0
1381,2023-07-18,123000.0,125850.0,122502.0,124445.0,318655771981,2560614,2243,120322.0,125819.0
1382,2023-07-19,126186.0,126900.0,122200.0,124673.0,301621948470,2419312,2106,124445.0,122640.0
1383,2023-07-22,122500.0,122500.0,119000.0,122010.0,200958831839,1647075,1121,124673.0,122001.0
1384,2023-07-23,123999.0,124602.0,120000.0,123697.0,203045950762,1641476,958,122010.0,124350.0
1385,2023-07-24,124016.0,125700.0,123300.0,124193.0,152297511505,1226299,1567,123697.0,124167.0
1386,2023-07-25,124193.0,126483.0,122300.0,123417.0,151053553214,1223925,1437,124193.0,122751.0
1387,2023-07-26,122501.0,123499.0,122007.0,122594.0,170089528383,1387419,1186,123417.0,122830.0
1388,2023-07-29,122382.0,123440.0,122050.0,122740.0,147797588087,1204150,1193,122594.0,122295.0
1389,2023-07-30,122400.0,122610.0,120001.0,120693.0,245503100304,2034117,1246,122740.0,120660.0
1390,2023-07-31,120100.0,121998.0,120100.0,121250.0,257617757712,2124675,2825,120693.0,121487.0
1391,2023-08-01,121999.0,125600.0,121489.0,122923.0,260579829409,2119861,1696,121250.0,125550.0
1392,2023-08-05,125299.0,127050.0,125001.0,126208.0,268127223743,2124491,1644,122923.0,126505.0
1393,2023-08-06,126503.0,126504.0,124411.0,125174.0,176701569941,1411650,1677,126208.0,125200.0
1394,2023-08-07,125022.0,126978.0,125000.0,126155.0,351959679412,2789900,1600,125174.0,125026.0
1395,2023-08-08,125200.0,125498.0,124200.0,124835.0,242605289212,1943415,1086,126155.0,124466.0
1396,2023-08-09,125104.0,126185.0,124262.0,124925.0,232736162676,1863012,1138,124835.0,124439.0
1397,2023-08-12,124254.0,124254.0,119800.0,120556.0,295106166682,2447870,1374,124925.0,119830.0
1398,2023-08-13,119001.0,122600.0,119001.0,120842.0,191283125230,1582917,1303,120556.0,122560.0
1399,2023-08-14,122970.0,123200.0,121150.0,122079.0,183959435127,1506891,1747,120842.0,121340.0
1400,2023-08-15,121116.0,122393.0,119657.0,120273.0,123875909352,1029957,1376,122079.0,119923.0
1401,2023-08-16,121200.0,121200.0,119530.0,120043.0,183741326283,1530625,1921,120273.0,119907.0
1402,2023-08-19,119644.0,120000.0,117500.0,118152.0,230532171315,1951157,1950,120043.0,117521.0
1403,2023-08-20,117890.0,119000.0,117018.0,118032.0,268045158168,2270951,1700,118152.0,118001.0
1404,2023-08-21,118010.0,119297.0,117510.0,118332.0,205026181599,1732642,1475,118032.0,117650.0
1405,2023-08-22,117500.0,117800.0,115020.0,115815.0,311278350293,2687711,3134,118332.0,116105.0
1406,2023-08-23,116490.0,120689.0,115555.0,118085.0,238504008932,2019763,1579,115815.0,119959.0
1407,2023-08-26,119011.0,123798.0,119011.0,122446.0,406684266323,3321326,2497,118085.0,122667.0
1408,2023-08-27,123980.0,127395.0,122010.0,125853.0,375253867759,2981691,3066,122446.0,126235.0
1409,2023-08-28,126996.0,127196.0,124011.0,126008.0,422635407043,3354029,2378,125853.0,124799.0
1410,2023-08-29,123560.0,126949.0,123560.0,125685.0,272209597131,2165808,1986,126008.0,125254.0
1411,2023-08-30,125600.0,126380.0,124100.0,125768.0,304487767481,2421022,2241,125685.0,126150.0
1412,2023-09-02,125250.0,126899.0,125043.0,125909.0,209763822861,1665996,1668,125768.0,126000.0
1413,2023-09-03,125815.0,127203.0,125006.0,126183.0,178055519875,1411086,1349,125909.0,125760.0
1414,2023-09-04,125760.0,129499.0,125711.0,128162.0,270501879691,2110628,1819,126183.0,129430.0
1415,2023-09-05,129021.0,131000.0,129021.0,129928.0,295537092276,2274616,1983,128162.0,129668.0
1416,2023-09-09,128006.0,129677.0,126358.0,127276.0,230271091591,1809225,1680,129928.0,126401.0
1417,2023-09-10,126358.0,127700.0,125317.0,127040.0,179278759013,1411201,1050,127276.0,126856.0
1418,2023-09-11,126856.0,127909.0,126320.0,127415.0,309699189802,2430631,1554,127040.0,127800.0
1419,2023-09-12,127899.0,128998.0,127700.0,128445.0,163028508530,1269247,1290,127415.0,128368.0
1420,2023-09-13,129878.0,129878.0,128591.0,128992.0,217613650085,1687029,1510,128445.0,129019.0
1421,2023-09-17,128415.0,130100.0,128415.0,129777.0,218701139487,1685201,2265,128992.0,129955.0
1422,2023-09-18,130181.0,130801.0,128500.0,129156.0,157208264275,1217197,1401,129777.0,128831.0
1423,2023-09-19,128456.0,129499.0,128071.0,128510.0,194033120768,1509867,1588,129156.0,128297.0
1424,2023-09-20,128000.0,128529.0,126150.0,127782.0,165142661325,1292381,1980,128510.0,127637.0
1425,2023-09-23,127637.0,128389.0,127000.0,127710.0,223902706533,1753216,1201,127782.0,127507.0
1426,2023-09-25,127507.0,127705.0,125208.0,126060.0,207130402631,1643115,1495,127710.0,125456.0
1427,2023-09-26,125034.0,126449.0,125034.0,125881.0,218029861128,1732028,1351,126060.0,125801.0
1428,2023-09-27,125652.0,126448.0,125001.0,125933.0,208657735178,1656899,1360,125881.0,125881.0
1429,2023-09-30,126999.0,126999.0,124450.0,125294.0,213297434422,1702380,1628,125933.0,124722.0
1430,2023-10-01,125800.0,125800.0,122900.0,123899.0,228790461340,1846589,1663,125294.0,122900.0
1431,2023-10-02,122826.0,125950.0,122802.0,124428.0,208841019890,1678404,1304,123899.0,125197.0
1432,2023-10-04,125496.0,125990.0,124715.0,124954.0,255885930586,2047842,1624,124428.0,124800.0
1433,2023-10-07,124800.0,124950.0,122700.0,123431.0,335093934445,2714838,1775,124954.0,123254.0
1434,2023-10-08,123994.0,123994.0,118498.0,119480.0,455405587316,3811553,2102,123431.0,119400.0
1435,2023-10-09,118400.0,122450.0,118400.0,121133.0,527788681614,4357115,2429,119480.0,121094.0
1436,2023-10-10,121124.0,123460.0,119500.0,122019.0,447889144438,3670652,1673,121133.0,123202.0
1437,2023-10-11,122101.0,123500.0,122101.0,122840.0,400084259666,3256967,1483,122019.0,122449.0
1438,2023-10-14,122204.0,122204.0,120000.0,120825.0,423908127728,3508458,1441,122840.0,120300.0
1439,2023-10-15,120000.0,122400.0,119904.0,121069.0,318160301346,2627917,1406,120825.0,121139.0
1440,2023-10-16,121139.0,123888.0,121137.0,123078.0,680712409394,5530753,2161,121069.0,123601.0
1441,2023-10-17,122700.0,124497.0,122700.0,123414.0,481518213325,3901640,1287,123078.0,122841.0
1442,2023-10-18,121520.0,122500.0,121004.0,121916.0,559717277258,4591016,1780,123414.0,122039.0
1443,2023-10-21,122689.0,123400.0,122000.0,123054.0,638486038106,5188680,1714,121916.0,123190.0
1444,2023-10-22,123400.0,124239.0,122876.0,123831.0,511510560760,4130706,1952,123054.0,123513.0
1445,2023-10-23,122307.0,123672.0,121901.0,122423.0,383010492596,3128595,1436,123831.0,122183.0
1446,2023-10-24,122183.0,122282.0,120000.0,121114.0,94084340035,776827,766,122423.0,120772.0
1447,2023-10-25,120500.0,123900.0,120500.0,121389.0,135441587926,1115763,826,121114.0,121567.0
1448,2023-10-28,121388.0,121389.0,116501.0,117391.0,426819868529,3635884,1293,121389.0,117710.0
1449,2023-10-29,117080.0,120199.0,117080.0,119331.0,237074380139,1986701,1021,117391.0,119806.0
1450,2023-10-30,119110.0,122500.0,119110.0,121288.0,691365897424,5700194,1830,119331.0,121368.0
1451,2023-10-31,121368.0,121678.0,120308.0,121055.0,221777593618,1832037,930,121288.0,120839.0
1452,2023-11-01,120290.0,121100.0,118637.0,119731.0,379587992624,3170353,1327,121055.0,120284.0
1453,2023-11-04,121800.0,123988.0,121800.0,123439.0,401388374481,3251702,2683,119731.0,123880.0
1454,2023-11-05,123440.0,123999.0,122352.0,123007.0,613565761043,4988063,2871,123439.0,123181.0
1455,2023-11-06,123569.0,124900.0,122802.0,124201.0,560253274312,4510869,2148,123007.0,124794.0
1456,2023-11-07,125000.0,126984.0,124704.0,126086.0,890414085611,7061936,2809,124201.0,126835.0
1457,2023-11-08,126900.0,126929.0,125060.0,125815.0,526840209271,4187403,1786,126086.0,125717.0
1458,2023-11-11,125400.0,126750.0,124202.0,125251.0,502187581805,4009445,1985,125815.0,124263.0
1459,2023-11-12,123850.0,125681.0,123850.0,124788.0,533780225162,4277502,1921,125251.0,124380.0
1460,2023-11-13,124799.0,125597.0,124323.0,124996.0,527685503909,4221634,1780,124788.0,124490.0
1461,2023-11-14,123194.0,124900.0,122498.0,123713.0,536578640797,4337273,2192,124996.0,122906.0
1462,2023-11-15,123269.0,123679.0,122408.0,122911.0,519019549977,4222727,2161,123713.0,122452.0
1463,2023-11-18,122001.0,123500.0,121200.0,122297.0,500423830825,4091860,1831,122911.0,122339.0
1464,2023-11-19,121761.0,123150.0,121500.0,122433.0,604810641471,4939927,1992,122297.0,121500.0
1465,2023-11-20,121298.0,122196.0,120317.0,121513.0,764746806740,6293539,2154,122433.0,121722.0
1466,2023-11-21,121849.0,122631.0,121400.0,122167.0,630898946143,5164232,2565,121513.0,122600.0
1467,2023-11-22,122690.0,123744.0,122000.0,122727.0,594882199982,4847203,2360,122167.0,122647.0
1468,2023-11-25,122400.0,123000.0,122100.0,122518.0,550618238574,4494171,1956,122727.0,122563.0
1469,2023-11-26,122320.0,122900.0,122320.0,122652.0,558971202161,4557375,2644,122518.0,122849.0
1470,2023-11-27,122741.0,122994.0,122260.0,122801.0,546834056747,4452997,1979,122652.0,122730.0
1471,2023-11-28,122759.0,124998.0,122300.0,123012.0,687811096925,5591432,2586,122801.0,124820.0
1472,2023-11-29,124209.0,127200.0,124209.0,126040.0,850803462870,6750288,3313,123012.0,127181.0
1473,2023-12-02,127404.0,130451.0,127404.0,128530.0,884582373612,6882301,3893,126040.0,127839.0
1474,2023-12-03,128000.0,131600.0,127170.0,129881.0,1328026014357,10224909,4677,128530.0,131427.0
1475,2023-12-04,130623.0,132477.0,129383.0,130661.0,760165179372,5817822,3969,129881.0,129888.0
1476,2023-12-05,129402.0,131500.0,129402.0,130643.0,762499602852,5836519,3227,130661.0,130202.0
1477,2023-12-06,130020.0,131649.0,129503.0,130452.0,725457443918,5561122,2628,130643.0,130485.0
1478,2023-12-09,129514.0,130550.0,128700.0,129467.0,668563557579,5163963,2912,130452.0,128700.0
1479,2023-12-10,129150.0,130680.0,128112.0,130026.0,948694718733,7296165,2732,129467.0,130008.0
1480,2023-12-11,130080.0,130800.0,129501.0,129961.0,647142661136,4979519,2423,130026.0,129502.0
1481,2023-12-12,129542.0,130105.0,129000.0,129659.0,298946076027,2305639,1571,129961.0,129012.0
1482,2023-12-13,128800.0,130000.0,128750.0,129459.0,882369564262,6815840,8405,129659.0,129280.0
1483,2023-12-16,129500.0,131800.0,129500.0,130964.0,878760102017,6709930,3890,129459.0,131593.0
1484,2023-12-18,131802.0,134766.0,131201.0,133541.0,896134554124,6710576,4998,130964.0,134569.0
1485,2023-12-19,133210.0,134699.0,132500.0,133738.0,815352543861,6096629,4099,133541.0,133372.0
1486,2023-12-20,133370.0,134469.0,132900.0,133705.0,625538169228,4678506,2465,133738.0,133375.0
1487,2023-12-23,133706.0,134199.0,132500.0,133478.0,348239060832,2608966,1985,133705.0,132990.0
1488,2023-12-24,133000.0,133185.0,131891.0,132370.0,762441820553,5759910,2631,133478.0,131905.0
1489,2023-12-25,132399.0,132785.0,131600.0,132188.0,661848589516,5006866,2129,132370.0,132099.0
1490,2023-12-26,131012.0,131998.0,130700.0,131408.0,734393081697,5588666,2874,132188.0,130732.0
1491,2023-12-27,130520.0,132638.0,130450.0,131755.0,724330443236,5497575,2733,131408.0,132493.0
1492,2023-12-30,132501.0,133900.0,132000.0,132654.0,1095328784978,8257028,2778,131755.0,132259.0
1493,2023-12-31,132259.0,132847.0,131750.0,132267.0,749639890329,5667629,2067,132654.0,131992.0
1494,2024-01-01,132267.0,132267.0,131160.0,131866.0,713947867212,5414192,3027,132267.0,131897.0
1495,2024-01-02,131372.0,132288.0,130401.0,131363.0,848730619189,6460974,2814,131866.0,130999.0
1496,2024-01-03,131160.0,131675.0,130610.0,131173.0,808158974715,6161016,2546,131363.0,131237.0
1497,2024-01-06,130255.0,132100.0,130255.0,131425.0,737767457771,5613604,2612,131173.0,131699.0
1498,2024-01-07,132003.0,132900.0,131401.0,131764.0,703771587766,5341142,2325,131425.0,131855.0
1499,2024-01-08,131250.0,132295.0,130670.0,131890.0,639359956076,4847669,2116,131764.0,131547.0
1500,2024-01-09,131313.0,132679.0,131313.0,132012.0,664638371513,5034668,2303,131890.0,132679.0
1501,2024-01-10,132922.0,135000.0,132802.0,133393.0,940962667548,7054043,3212,132012.0,134768.0
1502,2024-01-13,135100.0,135439.0,133333.0,134702.0,930607408977,6908619,3183,133393.0,134800.0
1503,2024-01-14,135440.0,136447.0,135401.0,135865.0,686973631063,5056301,3085,134702.0,135521.0
1504,2024-01-15,135003.0,135521.0,134160.0,134882.0,671690880143,4979845,2474,135865.0,134182.0
1505,2024-01-16,133300.0,134866.0,133300.0,134348.0,518794994905,3861563,2218,134882.0,134536.0
1506,2024-01-17,134200.0,135198.0,133600.0,134678.0,627423517699,4658693,2031,134348.0,134000.0
1507,2024-01-20,134649.0,135180.0,131001.0,133078.0,593036359219,4456307,2364,134678.0,131563.0
1508,2024-01-21,131575.0,132900.0,131088.0,131985.0,728652363543,5520713,2721,133078.0,132301.0
1509,2024-01-22,133375.0,133375.0,130567.0,131661.0,827796951159,6287341,2595,131985.0,131419.0
1510,2024-01-23,131661.0,131661.0,128402.0,129544.0,764291845082,5899870,3169,131661.0,129706.0
1511,2024-01-24,129300.0,131598.0,129300.0,130542.0,628146100039,4811844,2697,129544.0,131300.0
1512,2024-01-27,131119.0,131998.0,130500.0,130680.0,2114017513236,16177047,2776,130542.0,130705.0
1513,2024-01-28,130996.0,131570.0,130300.0,130783.0,952752145927,7285009,2800,130680.0,131280.0
1514,2024-01-29,130299.0,130880.0,129012.0,130049.0,886762781628,6818660,2712,130783.0,130099.0
1515,2024-01-30,129300.0,130096.0,128400.0,128988.0,622468968343,4825796,3614,130049.0,128592.0
1516,2024-01-31,128996.0,130231.0,127560.0,129363.0,530395661030,4100046,2194,128988.0,128790.0
1517,2024-02-03,129000.0,130377.0,127914.0,129850.0,517968583390,3988977,2061,129363.0,129500.0
1518,2024-02-04,129699.0,129986.0,128002.0,128939.0,753338762984,5842614,2335,129850.0,128542.0
1519,2024-02-05,128655.0,130290.0,128655.0,129185.0,749696499926,5803300,2527,128939.0,129038.0
1520,2024-02-06,129799.0,129799.0,128020.0,128429.0,921061649145,7171776,3444,129185.0,128448.0
1521,2024-02-07,128500.0,129177.0,127723.0,128294.0,951030117999,7412883,3427,128429.0,128650.0
1522,2024-02-10,128100.0,129154.0,127751.0,128459.0,847728482152,6599205,2580,128294.0,127819.0
1523,2024-02-12,127816.0,128001.0,126700.0,127152.0,835571529972,6571441,2537,128459.0,126720.0
1524,2024-02-13,126987.0,127689.0,126314.0,126876.0,855264583274,6740931,2293,127152.0,126680.0
1525,2024-02-14,126115.0,126997.0,126115.0,126589.0,692588510844,5471178,2512,126876.0,126350.0
1526,2024-02-17,126509.0,126509.0,124800.0,125204.0,777693505662,6211423,3235,126589.0,124898.0
1527,2024-02-18,125920.0,126797.0,124923.0,126117.0,692530862956,5491189,2689,125204.0,126694.0
1528,2024-02-19,126900.0,127040.0,126206.0,126539.0,793142328739,6267984,2753,126117.0,126509.0
1529,2024-02-20,126201.0,126972.0,125900.0,126420.0,679240406282,5372871,2046,126539.0,126098.0
1530,2024-02-21,126688.0,126688.0,125600.0,125808.0,852877875920,6779206,2237,126420.0,125800.0
1531,2024-02-24,125808.0,126279.0,124610.0,125111.0,650332142265,5198055,2210,125808.0,124789.0
1532,2024-02-26,124360.0,124988.0,122700.0,123492.0,724066456267,5863263,2845,125111.0,122800.0
1533,2024-02-27,122800.0,124409.0,122000.0,123917.0,319047391022,2574679,1477,123492.0,124137.0
1534,2024-02-28,124522.0,125786.0,123902.0,124569.0,365987780805,2938042,1732,123917.0,124599.0
1535,2024-03-02,125000.0,130900.0,123811.0,129497.0,1214452158153,9378237,4059,124569.0,130900.0
1536,2024-03-03,131266.0,134299.0,131266.0,133339.0,950987691248,7132096,3238,129497.0,132644.0
1537,2024-03-04,132400.0,133339.0,129400.0,130758.0,351664771793,2689441,1983,133339.0,130004.0
1538,2024-03-05,130004.0,134500.0,130004.0,133612.0,553645340005,4143676,2405,130758.0,133400.0
1539,2024-03-06,133020.0,134493.0,132511.0,133418.0,262665539567,1968742,1665,133612.0,133572.0
1540,2024-03-10,133000.0,133000.0,130024.0,131348.0,226684280118,1725827,754,133418.0,131180.0
1541,2024-03-11,131196.0,132457.0,130320.0,132184.0,352482200771,2666603,1707,131348.0,132419.0
1542,2024-03-12,132690.0,132690.0,130130.0,131329.0,546708322196,4162875,2422,132184.0,130189.0
1543,2024-03-13,130161.0,130895.0,128722.0,129931.0,630440399876,4852104,2486,131329.0,128912.0
1544,2024-03-16,130000.0,130555.0,128999.0,129807.0,276234848490,2128047,1366,129931.0,130100.0
1545,2024-03-17,129466.0,131977.0,129466.0,131309.0,248912848132,1895623,1329,129807.0,131937.0
1546,2024-03-18,132700.0,136999.0,131941.0,134836.0,350091701235,2596431,2217,131309.0,136205.0
1547,2024-03-24,136995.0,140800.0,136900.0,139836.0,647962341990,4633726,3127,134836.0,140790.0
1548,2024-03-25,141900.0,141900.0,137800.0,138964.0,399230710878,2872907,2341,139836.0,138341.0
1549,2024-03-26,139400.0,139400.0,137308.0,137882.0,343161189509,2488811,2001,138964.0,137705.0
1550,2024-03-27,137882.0,139865.0,137882.0,138631.0,310296089494,2238288,1696,137882.0,138520.0
1551,2024-03-30,139000.0,139379.0,137900.0,138524.0,300700483993,2170739,1912,138631.0,139300.0
1552,2024-04-02,134999.0,137800.0,131638.0,136594.0,523402316287,3831813,2715,138524.0,136891.0
1553,2024-04-03,137596.0,138650.0,136855.0,137749.0,622711020002,4520625,1906,136594.0,137150.0
1554,2024-04-06,137795.0,138824.0,134300.0,136023.0,444925793039,3270969,2209,137749.0,134849.0
1555,2024-04-07,134900.0,136999.0,134900.0,136135.0,438068672394,3217909,2159,136023.0,136698.0
1556,2024-04-08,138180.0,138695.0,136455.0,137622.0,369542753019,2685197,1776,136135.0,137500.0
1557,2024-04-09,136650.0,138050.0,136650.0,137398.0,375306472274,2731530,1775,137622.0,137487.0
1558,2024-04-13,135445.0,136900.0,131400.0,132756.0,548570245904,4132159,2366,137398.0,131897.0
1559,2024-04-14,130101.0,131652.0,130101.0,130440.0,293631873056,2251095,976,132756.0,131051.0
1560,2024-04-15,132999.0,133048.0,132130.0,133015.0,83090588903,624669,367,130440.0,133048.0
1561,2024-04-16,130356.0,132399.0,130355.0,131105.0,452158196100,3448814,1844,133015.0,131576.0
1562,2024-04-17,131670.0,133727.0,131670.0,133612.0,331644606687,2482141,1067,131105.0,133727.0
1563,2024-04-20,137850.0,143300.0,135650.0,141728.0,1532615251437,10813746,3892,133612.0,143300.0
1564,2024-04-21,142350.0,143200.0,139874.0,141130.0,506977866832,3592278,2695,141728.0,139999.0
1565,2024-04-22,139400.0,141131.0,139301.0,140133.0,458077810113,3268890,1838,141130.0,139510.0
1566,2024-04-23,139592.0,140250.0,138600.0,139169.0,369723053923,2656650,2229,140133.0,138901.0
1567,2024-04-24,139494.0,140199.0,139000.0,139611.0,730056874142,5229237,2431,139169.0,139899.0
1568,2024-04-27,140000.0,140617.0,138000.0,139384.0,964635092613,6920700,2706,139611.0,138600.0
1569,2024-04-28,138305.0,138887.0,137010.0,137745.0,1200730778243,8717057,2928,139384.0,137692.0
1570,2024-04-29,137900.0,139450.0,137016.0,137956.0,971030448187,7038704,2396,137745.0,137760.0
1571,2024-04-30,137671.0,138130.0,136701.0,137251.0,1021444775618,7442186,2459,137956.0,137348.0
1572,2024-05-01,137967.0,138175.0,136800.0,137682.0,1016581695216,7383526,2230,137251.0,137800.0
1573,2024-05-05,138180.0,138919.0,136500.0,137120.0,922524063822,6727867,2367,137682.0,136501.0
1574,2024-05-06,136220.0,136962.0,134500.0,135196.0,643091459983,4756751,2339,137120.0,134890.0
1575,2024-05-07,134800.0,135989.0,134010.0,135143.0,463851809966,3432294,1407,135196.0,134199.0
1576,2024-05-08,134250.0,134860.0,133515.0,133976.0,393052300653,2933752,1326,135143.0,133558.0
1577,2024-05-11,133101.0,134400.0,132000.0,132962.0,374174872147,2814143,1136,133976.0,132325.0
1578,2024-05-12,131720.0,134199.0,131000.0,131970.0,445955539432,3379207,1767,132962.0,131050.0
1579,2024-05-13,130804.0,131849.0,128115.0,129788.0,410475008226,3162657,1496,131970.0,130254.0
1580,2024-05-14,130618.0,131500.0,129260.0,130075.0,244715361099,1881337,1171,129788.0,129280.0
1581,2024-05-15,130000.0,131400.0,128800.0,130081.0,227376753473,1747965,1393,130075.0,131138.0
1582,2024-05-18,129007.0,131176.0,128100.0,129627.0,316574446258,2442202,1196,130081.0,128324.0
1583,2024-05-19,128347.0,128347.0,124000.0,126228.0,254762846502,2018279,1329,129627.0,126399.0
1584,2024-05-21,125249.0,126938.0,124500.0,126385.0,268579497920,2125096,983,126228.0,126930.0
1585,2024-05-25,127011.0,128336.0,123600.0,124750.0,290053409423,2325084,1218,126385.0,123660.0
1586,2024-05-26,123000.0,124600.0,121000.0,121862.0,334415764991,2744210,1404,124750.0,121015.0
1587,2024-05-27,120005.0,124289.0,120005.0,122445.0,173157944829,1414171,1160,121862.0,123468.0
1588,2024-05-28,124890.0,126539.0,123617.0,125915.0,942990886005,7489084,2897,122445.0,126249.0
1589,2024-05-29,126790.0,127600.0,126210.0,126944.0,674171617178,5310799,3398,125915.0,126741.0
1590,2024-06-01,126930.0,126930.0,124100.0,124762.0,856338068705,6863761,2836,126944.0,124100.0
1591,2024-06-02,124100.0,126435.0,122690.0,124301.0,678180941814,5455948,1866,124762.0,125289.0
1592,2024-06-05,125122.0,125869.0,123703.0,124350.0,537011959754,4318552,1328,124301.0,124207.0
1593,2024-06-08,123141.0,124000.0,122002.0,122440.0,591762900716,4833071,1427,124350.0,122105.0
1594,2024-06-09,121999.0,124490.0,121500.0,123559.0,568186098627,4598495,1842,122440.0,123581.0
1595,2024-06-10,124700.0,127380.0,124500.0,126468.0,553030971905,4372895,2120,123559.0,126299.0
1596,2024-06-11,126022.0,126499.0,124604.0,125187.0,404745257239,3233134,1113,126468.0,124809.0
1597,2024-06-12,124750.0,125379.0,124011.0,124791.0,516316398406,4137457,1257,125187.0,125190.0
1598,2024-06-15,125480.0,125483.0,122859.0,123661.0,443654122631,3587670,1091,124791.0,122872.0
1599,2024-06-16,124000.0,124005.0,122001.0,123161.0,590153268799,4791732,1479,123661.0,122700.0
1600,2024-06-18,122106.0,124997.0,122106.0,123014.0,630420495633,5124801,1344,123161.0,122643.0
1601,2024-06-19,123398.0,125427.0,122558.0,124831.0,610502479011,4890632,1868,123014.0,125164.0
1602,2024-06-22,125169.0,125242.0,123508.0,124582.0,489785943415,3931439,1145,124831.0,124510.0
1603,2024-06-23,124110.0,125399.0,124110.0,125095.0,557376778908,4455630,2304,124582.0,125217.0
1604,2024-06-24,125500.0,127577.0,124600.0,127200.0,841096443624,6612408,3453,125095.0,127113.0
1605,2024-06-26,128000.0,129999.0,127500.0,129293.0,945035096055,7309253,3047,127200.0,129999.0
1606,2024-06-29,130083.0,130500.0,127080.0,129819.0,701516332505,5403795,1967,129293.0,128117.0
1607,2024-06-30,128500.0,128815.0,125502.0,126797.0,555626776491,4382002,1626,129819.0,127004.0
1608,2024-07-01,127549.0,128995.0,126033.0,128131.0,474050927869,3699743,1102,126797.0,128899.0
1609,2024-07-02,128973.0,131170.0,128973.0,130733.0,850330707005,6504335,1645,128131.0,130930.0
1610,2024-07-03,130500.0,133322.0,129800.0,131149.0,512121861232,3904879,1669,130733.0,133024.0
1611,2024-07-06,144248.0,144263.0,139451.0,140778.0,3089048475189,21942714,5821,131149.0,141700.0
1612,2024-07-07,140989.0,140989.0,133512.0,136018.0,2089910826570,15365003,4670,140778.0,136450.0
1613,2024-07-08,136018.0,137490.0,135300.0,136186.0,711738725507,5226224,1961,136018.0,135494.0
1614,2024-07-09,135504.0,136770.0,135005.0,136126.0,507928831638,3731302,1459,136186.0,135360.0
1615,2024-07-10,135833.0,136033.0,134601.0,135500.0,555411188778,4098981,1237,136126.0,135200.0
1616,2024-07-13,134701.0,137000.0,134701.0,135986.0,611950890047,4500093,1309,135500.0,135665.0
1617,2024-07-14,135019.0,137500.0,135019.0,136423.0,518240725612,3798787,1347,135986.0,136750.0
1618,2024-07-17,137900.0,137900.0,136100.0,137280.0,406510719833,2961186,1246,136423.0,137420.0
1619,2024-07-20,137267.0,137267.0,135400.0,136017.0,512344472879,3766770,1513,137280.0,135930.0
1620,2024-07-21,134998.0,135500.0,134001.0,134909.0,655785341123,4860941,1627,136017.0,134270.0
1621,2024-07-22,133440.0,135696.0,133440.0,135332.0,526024375989,3886930,1269,134909.0,135500.0
1622,2024-07-23,136050.0,138000.0,136050.0,136957.0,488034802837,3563421,1457,135332.0,136120.0
1623,2024-07-24,136120.0,137300.0,136120.0,136871.0,381242475320,2785424,936,136957.0,136813.0
1624,2024-07-27,137400.0,137492.0,136060.0,136958.0,422143176345,3082285,1668,136871.0,136799.0
1625,2024-07-29,137060.0,137600.0,134200.0,135426.0,659921356942,4872933,2020,136958.0,134354.0
1626,2024-07-30,134600.0,135397.0,133013.0,134350.0,552031560586,4108916,1732,135426.0,135010.0
1627,2024-07-31,130000.0,132500.0,126701.0,127973.0,382663768838,2990189,1538,134350.0,128300.0
1628,2024-08-03,126701.0,126701.0,121600.0,122683.0,522700367125,4260565,1768,127973.0,122140.0
1629,2024-08-04,122140.0,125136.0,120240.0,124246.0,142453778949,1146545,524,122683.0,125136.0
1630,2024-08-05,123350.0,126470.0,123350.0,124738.0,367871116077,2949147,1292,124246.0,124246.0
1631,2024-08-06,124760.0,125194.0,124738.0,124770.0,504500896682,4043434,1303,124738.0,124750.0
1632,2024-08-10,127265.0,127265.0,126311.0,126834.0,361935359090,2853613,1489,124770.0,126810.0
1633,2024-08-11,127197.0,128900.0,125500.0,127102.0,363225027358,2857734,1436,126834.0,127928.0
1634,2024-08-12,127990.0,127990.0,125502.0,126551.0,481057090463,3801289,1571,127102.0,126010.0
1635,2024-08-13,125605.0,126795.0,125000.0,126004.0,354556723741,2813846,1059,126551.0,126450.0
1636,2024-08-14,128524.0,128524.0,127450.0,128524.0,51741996002,402587,156,126004.0,128524.0
1637,2024-08-17,131087.0,131094.0,129720.0,131074.0,46254751702,352890,182,128524.0,131094.0
1638,2024-08-18,133695.0,133695.0,131212.0,133666.0,426580996060,3191398,818,131074.0,133695.0
1639,2024-08-19,132824.0,133900.0,130993.0,131431.0,808118111280,6148618,1804,133666.0,130994.0
1640,2024-08-20,130150.0,132999.0,130136.0,131049.0,244759583269,1867699,830,131431.0,130726.0
1641,2024-08-21,131500.0,132889.0,131240.0,132394.0,314497726095,2375468,1184,131049.0,132879.0
1642,2024-08-24,133694.0,135041.0,133024.0,135019.0,560153180463,4148706,676,132394.0,135041.0
1643,2024-08-26,134999.0,135219.0,133200.0,133802.0,474087018546,3543199,2100,135019.0,133789.0
1644,2024-08-27,133870.0,135040.0,133500.0,134348.0,315340208415,2347182,1195,133802.0,134847.0
1645,2024-08-28,134950.0,137034.0,134227.0,136313.0,421997073762,3095794,1565,134348.0,137034.0
1646,2024-08-31,139039.0,139039.0,139039.0,139039.0,2337750023492,16813628,894,136313.0,139039.0
1647,2024-09-01,139849.0,139849.0,136900.0,137743.0,640229249418,4648006,2103,139039.0,137603.0
1648,2024-09-03,136550.0,138000.0,136100.0,136702.0,342238307030,2503527,1316,137743.0,136700.0
1649,2024-09-07,136700.0,137875.0,135800.0,136494.0,430451051535,3153635,1508,136702.0,135809.0
1650,2024-09-08,135319.0,136489.0,134900.0,135445.0,351958491499,2598539,1055,136494.0,134972.0
1651,2024-09-09,134715.0,139254.0,134715.0,137497.0,371368913414,2700932,1671,135445.0,137254.0
1652,2024-09-10,137497.0,137660.0,136111.0,136794.0,325574967836,2380033,1370,137497.0,136370.0
1653,2024-09-11,136999.0,137345.0,136035.0,136340.0,311624709465,2285648,1376,136794.0,136231.0
1654,2024-09-14,136200.0,136889.0,135213.0,135726.0,420542615960,3098472,1508,136340.0,135335.0
1655,2024-09-15,134305.0,135850.0,134305.0,134918.0,380207218133,2818065,1229,135726.0,135100.0
1656,2024-09-16,135900.0,136500.0,135299.0,136009.0,526337024456,3869868,1523,134918.0,135890.0
1657,2024-09-17,136043.0,140000.0,136043.0,138321.0,440616413648,3185456,2435,136009.0,140000.0
1658,2024-09-18,139312.0,140170.0,138515.0,139287.0,426281086367,3060442,1816,138321.0,139082.0
1659,2024-09-22,139000.0,139999.0,138550.0,138878.0,626940171971,4514320,2295,139287.0,138600.0
1660,2024-09-23,138600.0,142178.0,138505.0,141249.0,529052531284,3745543,2082,138878.0,142149.0
1661,2024-09-24,142092.0,145486.0,142092.0,145068.0,892232118465,6150445,2714,141249.0,145454.0
1662,2024-09-25,145068.0,145944.0,142721.0,144245.0,405642674384,2812178,1922,145068.0,143886.0
1663,2024-09-28,142803.0,142803.0,142803.0,142803.0,144507782214,1011938,154,144245.0,142803.0
1664,2024-09-29,141375.0,142497.0,141375.0,141394.0,727484877670,5145107,838,142803.0,141375.0
1665,2024-09-30,141000.0,141978.0,139981.0,140283.0,376776709160,2685827,1165,141394.0,139981.0
1666,2024-10-01,138888.0,139470.0,138881.0,138937.0,195639490625,1408120,415,140283.0,138881.0
1667,2024-10-02,137548.0,137800.0,137548.0,137550.0,160828065217,1169231,487,138937.0,137548.0
1668,2024-10-05,136390.0,138340.0,136175.0,136248.0,360308584720,2644503,1004,137550.0,136175.0
1669,2024-10-06,134897.0,135400.0,134886.0,134889.0,33456877788,248033,179,136248.0,134886.0
1670,2024-10-07,133650.0,136237.0,133601.0,135618.0,572449072170,4221050,1714,134889.0,136236.0
1671,2024-10-08,136959.0,136974.0,136500.0,136893.0,518753125610,3789477,956,135618.0,136974.0
1672,2024-10-09,137055.0,138199.0,137055.0,137828.0,382215282446,2773124,1106,136893.0,137760.0
1673,2024-10-12,138925.0,141962.0,138925.0,140958.0,659331729077,4677508,1552,137828.0,141962.0
1674,2024-10-13,142802.0,144001.0,141136.0,142911.0,388937639230,2721535,1920,140958.0,143039.0
1675,2024-10-14,142998.0,142998.0,139200.0,139943.0,493455098174,3526112,1714,142911.0,139255.0
1676,2024-10-15,138000.0,138000.0,136200.0,137001.0,517849116317,3779897,1712,139943.0,136362.0
1677,2024-10-16,136800.0,139999.0,136800.0,138074.0,587242138738,4253092,1701,137001.0,137854.0
1678,2024-10-19,137900.0,137900.0,135300.0,136029.0,578521572162,4252936,1474,138074.0,135300.0
1679,2024-10-20,133941.0,134394.0,132600.0,133511.0,514266211765,3851870,1424,136029.0,132860.0
1680,2024-10-21,133072.0,135498.0,132000.0,134231.0,409629821516,3051667,1410,133511.0,134550.0
1681,2024-10-22,134597.0,138257.0,132400.0,134030.0,364355821055,2718461,1347,134231.0,132500.0
1682,2024-10-23,132912.0,134030.0,131051.0,131402.0,581777888261,4427452,1617,134030.0,131680.0
1683,2024-10-26,135344.0,135344.0,135344.0,135344.0,111744743440,825635,128,131402.0,135344.0
1684,2024-10-27,139404.0,139404.0,139404.0,139404.0,75987726360,545090,93,135344.0,139404.0
1685,2024-10-28,143586.0,143586.0,141500.0,142862.0,972302642204,6805885,2299,139404.0,143079.0
1686,2024-10-29,142999.0,142999.0,138577.0,139261.0,956111458653,6865597,1869,142862.0,138577.0
1687,2024-10-30,136765.0,143201.0,136765.0,141149.0,1123710105959,7961157,2796,139261.0,142106.0
1688,2024-11-02,142089.0,143199.0,139310.0,141033.0,799890976546,5671664,2282,141149.0,139577.0
1689,2024-11-03,138899.0,139000.0,136803.0,136878.0,451417510054,3297966,1356,141033.0,136803.0
1690,2024-11-04,133100.0,138789.0,133100.0,136492.0,489974627329,3589770,1390,136878.0,138789.0
1691,2024-11-05,138788.0,140584.0,137900.0,138932.0,375220164965,2700743,1110,136492.0,139112.0
1692,2024-11-06,135000.0,139589.0,134765.0,136495.0,1297280427149,9504218,2633,138932.0,138988.0
1693,2024-11-09,139991.0,140589.0,139960.0,140544.0,149013870472,1060262,300,136495.0,140589.0
1694,2024-11-10,144760.0,144760.0,144000.0,144760.0,2215608487059,15305393,1014,140544.0,144760.0
1695,2024-11-11,147793.0,147793.0,142500.0,144417.0,1180360075409,8173303,3261,144760.0,142683.0
1696,2024-11-12,142980.0,144666.0,141500.0,143755.0,880133560729,6122459,2056,144417.0,143490.0
1697,2024-11-13,142990.0,145600.0,142990.0,144883.0,735822608217,5078732,2061,143755.0,145060.0
1698,2024-11-16,146996.0,149229.0,146000.0,148973.0,872367384152,5855875,1277,144883.0,149229.0
1699,2024-11-17,151490.0,151490.0,145400.0,147328.0,1477774769270,10030485,2973,148973.0,146230.0
1700,2024-11-18,147111.0,151747.0,147111.0,150527.0,1821342965598,12099802,3831,147328.0,151747.0
1701,2024-11-19,150110.0,152965.0,147201.0,149525.0,948072161257,6340538,3132,150527.0,147345.0
1702,2024-11-20,146105.0,148300.0,145705.0,147324.0,778741370496,5285916,2151,149525.0,147835.0
1703,2024-11-23,146667.0,151743.0,146667.0,150854.0,915462694802,6068554,2563,147324.0,151743.0
1704,2024-11-24,152013.0,155379.0,152013.0,155260.0,2031290751342,13083137,1536,150854.0,155379.0
1705,2024-11-25,159800.0,159917.0,157855.0,159792.0,2925988193726,18311253,3724,155260.0,159917.0
1706,2024-11-26,162888.0,163697.0,154999.0,157696.0,2067554845043,13110988,5726,159792.0,155001.0
1707,2024-11-27,155900.0,159400.0,154814.0,157827.0,1594480278860,10102691,3185,157696.0,159400.0
1708,2024-11-30,158900.0,159300.0,153670.0,156000.0,1259457579766,8073429,3116,157827.0,154301.0
1709,2024-12-01,153200.0,156556.0,153200.0,154812.0,702276177016,4536328,1801,156000.0,154500.0
1710,2024-12-02,157323.0,159456.0,157323.0,159343.0,1315137853892,8253486,1015,154812.0,159456.0
1711,2024-12-03,164118.0,164118.0,159843.0,161827.0,1737764349039,10738415,4483,159343.0,161108.0
1712,2024-12-04,159850.0,163336.0,159100.0,161986.0,1034054762358,6383619,3185,161827.0,162450.0
1713,2024-12-07,162192.0,162192.0,157127.0,158760.0,1100640873295,6932713,2799,161986.0,157200.0
1714,2024-12-08,157011.0,160900.0,155600.0,158040.0,747710410774,4731136,2140,158760.0,160430.0
1715,2024-12-09,162494.0,162781.0,160430.0,162767.0,1219475555180,7492161,1404,158040.0,162781.0
1716,2024-12-10,164800.0,166680.0,162007.0,164289.0,1470543882671,8950977,3890,162767.0,162800.0
1717,2024-12-11,164399.0,169217.0,162803.0,166759.0,1326609874794,7955229,3161,164289.0,169216.0
1718,2024-12-14,171761.0,171761.0,171761.0,171761.0,378618783935,2204335,378,166759.0,171761.0
1719,2024-12-15,176913.0,176913.0,174303.0,176586.0,2242214859075,12697605,2999,171761.0,176913.0
1720,2024-12-16,178364.0,181488.0,173200.0,177309.0,1648316836156,9296300,5386,176586.0,173497.0
1721,2024-12-17,172510.0,177307.0,171990.0,173356.0,1067146914849,6155815,3126,177309.0,171990.0
1722,2024-12-18,168156.0,174000.0,168156.0,171358.0,885584044393,5168042,3356,173356.0,173755.0
1723,2024-12-21,174900.0,176498.0,174900.0,176479.0,1364800134117,7733495,1267,171358.0,176498.0
1724,2024-12-22,176799.0,178499.0,173003.0,176508.0,1975654816870,11192979,3856,176479.0,175750.0
1725,2024-12-23,175000.0,180146.0,173715.0,178097.0,1059207173977,5947372,3409,176508.0,179351.0
1726,2024-12-24,179990.0,183439.0,179500.0,181576.0,1306614391699,7195952,4053,178097.0,182001.0
1727,2024-12-25,182000.0,182890.0,177011.0,178996.0,1227572688407,6858098,4226,181576.0,178294.0
1728,2024-12-28,177200.0,180950.0,177200.0,180131.0,1308193488248,7262464,2551,178996.0,180057.0
1729,2024-12-29,180987.0,180987.0,175801.0,177005.0,818537435668,4624376,2676,180131.0,175900.0
1730,2024-12-30,172810.0,177158.0,172810.0,175220.0,508445952836,2901750,2067,177005.0,174520.0
1731,2024-12-31,175000.0,179250.0,175000.0,177576.0,830869179730,4678959,2433,175220.0,176959.0
1732,2025-01-01,177999.0,182690.0,177200.0,180321.0,1022944194179,5672901,3106,177576.0,182591.0
1733,2025-01-04,183880.0,185730.0,183102.0,185605.0,581053329455,3130592,1381,180321.0,185730.0
1734,2025-01-05,187060.0,188500.0,183000.0,185783.0,1226382922903,6601170,3873,185605.0,185000.0
1735,2025-01-06,185000.0,188383.0,183011.0,186772.0,805905133887,4314920,2029,185783.0,187996.0
1736,2025-01-07,188380.0,192375.0,187985.0,191643.0,1641879116182,8567363,3425,186772.0,192375.0
1737,2025-01-08,193970.0,196200.0,192027.0,194058.0,894605315736,4609999,2973,191643.0,195798.0
1738,2025-01-11,196906.0,196906.0,189019.0,191606.0,887013047544,4629350,3401,194058.0,189031.0
1739,2025-01-12,188917.0,188917.0,185858.0,186361.0,1004614140872,5390680,2791,191606.0,185860.0
1740,2025-01-13,183204.0,191170.0,183204.0,189399.0,523559290427,2764323,2116,186361.0,190800.0
1741,2025-01-15,191679.0,193698.0,188355.0,190901.0,537420196752,2815172,2547,189399.0,188950.0
1742,2025-01-18,188400.0,190001.0,185300.0,186492.0,786768912457,4218780,2708,190901.0,185670.0
1743,2025-01-19,185191.0,189895.0,185191.0,187396.0,504765358107,2693583,2205,186492.0,187890.0
1744,2025-01-20,187890.0,190700.0,182020.0,184384.0,782248721854,4242507,3354,187396.0,182060.0
1745,2025-01-21,184377.0,187000.0,181775.0,184853.0,965919345797,5225337,2765,184384.0,186799.0
1746,2025-01-22,189009.0,190398.0,189009.0,190310.0,252089267168,1324624,732,184853.0,190398.0
1747,2025-01-25,195666.0,195666.0,190312.0,192610.0,964247047888,5006217,3982,190310.0,192531.0
1748,2025-01-26,192532.0,193599.0,189400.0,191324.0,641337209401,3352102,2605,192610.0,189621.0
1749,2025-01-27,189750.0,191929.0,188000.0,190340.0,556022253766,2921213,2058,191324.0,189492.0
1750,2025-01-29,190600.0,192309.0,190600.0,191714.0,730604428151,3810910,1649,190340.0,191596.0
1751,2025-02-01,191596.0,191600.0,186012.0,187365.0,732688467611,3910487,2734,191714.0,187001.0
1752,2025-02-02,187365.0,189495.0,187365.0,188388.0,537618864759,2853786,1783,187365.0,188100.0
1753,2025-02-03,188100.0,190985.0,188016.0,188608.0,666155543309,3531956,1617,188388.0,189095.0
1754,2025-02-04,191559.0,193000.0,189500.0,192109.0,507855582409,2643575,2109,188608.0,191562.0
1755,2025-02-05,190000.0,191150.0,187500.0,189618.0,678349851664,3577457,2508,192109.0,190430.0
1756,2025-02-09,185000.0,195306.0,185000.0,194309.0,1499874362036,7719002,3301,189618.0,191940.0
1757,2025-02-11,191976.0,194987.0,188480.0,189898.0,395075429921,2080458,2007,194309.0,188480.0
1758,2025-02-15,184202.0,185499.0,184202.0,184208.0,255930268063,1389353,743,189898.0,184202.0
1759,2025-02-16,178682.0,179500.0,178682.0,178822.0,799225772149,4469384,2328,184208.0,179179.0
1760,2025-02-17,179500.0,182947.0,179500.0,181517.0,1285119543337,7079899,1755,178822.0,181975.0
1761,2025-02-18,180550.0,184200.0,180550.0,183046.0,372763432304,2036442,1372,181517.0,183999.0
1762,2025-02-19,184555.0,186354.0,181884.0,183779.0,561758233810,3056698,2471,183046.0,182350.0
1763,2025-02-22,183000.0,183710.0,180350.0,181978.0,511606655399,2811367,1601,183779.0,180562.0
1764,2025-02-23,185000.0,186492.0,183900.0,185873.0,1022089545320,5498860,2612,181978.0,186387.0
1765,2025-02-24,186858.0,191449.0,186856.0,190141.0,2194847366408,11543238,5204,185873.0,191449.0
1766,2025-02-25,192004.0,195500.0,187050.0,191405.0,1972961786191,10307802,6653,190141.0,187374.0
1767,2025-02-26,189012.0,189878.0,186100.0,188332.0,1129715028277,5998544,3986,191405.0,188020.0
1768,2025-03-01,187032.0,190290.0,186005.0,188958.0,1646254990558,8712302,2878,188332.0,187489.0
1769,2025-03-02,187510.0,191000.0,186152.0,189815.0,876063890966,4615366,3055,188958.0,190222.0
1770,2025-03-03,184121.0,184121.0,184121.0,184121.0,283155266996,1537876,572,189815.0,184121.0
1771,2025-03-04,181844.0,186500.0,180501.0,183416.0,1004782329606,5478174,2513,184121.0,180617.0
1772,2025-03-05,180297.0,183250.0,180297.0,181922.0,565277720125,3107261,1845,183416.0,182000.0
1773,2025-03-08,179520.0,182890.0,176465.0,178097.0,896931990580,5036197,2836,181922.0,176465.0
1774,2025-03-09,173698.0,175496.0,172755.0,173370.0,1015369483913,5856650,3187,178097.0,173367.0
1775,2025-03-10,173800.0,178408.0,173104.0,176001.0,920222752116,5228512,2522,173370.0,175770.0
1776,2025-03-11,176900.0,176900.0,173412.0,174390.0,829046887086,4753986,1932,176001.0,173633.0
1777,2025-03-12,173110.0,175950.0,173110.0,175118.0,1663911983922,9501677,2248,174390.0,175400.0
1778,2025-03-15,177900.0,180371.0,177900.0,180298.0,933764280396,5179010,843,175118.0,180371.0
1779,2025-03-16,180298.0,180900.0,178090.0,179356.0,990900204417,5524759,3142,180298.0,179181.0
1780,2025-03-17,177000.0,180580.0,175134.0,178324.0,870890993774,4883746,2157,179356.0,176351.0
1781,2025-03-18,172975.0,175200.0,172975.0,173298.0,651831430142,3761341,2058,178324.0,173389.0
1782,2025-03-25,176000.0,178496.0,176000.0,178451.0,236297535630,1324160,449,173298.0,178496.0
1783,2025-03-26,182767.0,182767.0,180077.0,181312.0,575132216999,3172066,2739,178451.0,180860.0
1784,2025-03-29,180600.0,181885.0,178284.0,180997.0,863468667519,4770612,2713,181312.0,181119.0
1785,2025-03-30,182500.0,185881.0,181505.0,184960.0,672051189380,3633501,2396,180997.0,185801.0
1786,2025-04-05,185500.0,186441.0,182950.0,184037.0,628483591676,3414993,2461,184960.0,183249.0
1787,2025-04-06,183148.0,183155.0,179253.0,181105.0,462269654577,2552490,1975,184037.0,179802.0
1788,2025-04-07,178516.0,182400.0,177200.0,179684.0,609414182020,3391583,1875,181105.0,179901.0
1789,2025-04-08,185074.0,185074.0,185074.0,185074.0,1128264960534,6096291,422,179684.0,185074.0
1790,2025-04-09,188500.0,188500.0,183542.0,185313.0,2309788989822,12464236,3600,185074.0,184290.0
1791,2025-04-12,185866.0,188499.0,185313.0,187091.0,910354813933,4865837,2432,185313.0,187338.0
1792,2025-04-13,192703.0,192703.0,192703.0,192703.0,2569863698234,13335878,557,187091.0,192703.0
1793,2025-04-14,198484.0,198484.0,198000.0,198468.0,4547919795366,22915104,3927,192703.0,198484.0
1794,2025-04-15,200000.0,200000.0,192514.0,193606.0,2456005414652,12685559,4468,198468.0,192600.0
1795,2025-04-16,192106.0,198919.0,192041.0,196582.0,2835556686260,14424301,4849,193606.0,198089.0
1796,2025-04-19,199413.0,202479.0,199413.0,201813.0,1539803830257,7629871,3583,196582.0,202479.0
1797,2025-04-20,207867.0,207867.0,207867.0,207867.0,2345140527576,11281928,805,201813.0,207867.0
1798,2025-04-21,214103.0,214103.0,201631.0,212570.0,4464887686268,21004358,6595,207867.0,207920.0
1799,2025-04-22,208100.0,211434.0,206193.0,207258.0,2425373300358,11702175,5670,212570.0,207399.0
1800,2025-04-23,205990.0,208299.0,201051.0,206469.0,2710493709884,13127871,4481,207258.0,208249.0
1801,2025-04-26,211111.0,212000.0,204234.0,207318.0,2216606829536,10691829,5036,206469.0,209111.0
1802,2025-04-27,201099.0,204500.0,201099.0,203038.0,1887717395780,9297364,4746,207318.0,204035.0
1803,2025-04-28,205090.0,209129.0,205090.0,206856.0,1274851755527,6162987,3744,203038.0,206231.0
1804,2025-04-29,205550.0,209000.0,204050.0,207342.0,1173243979799,5658490,3061,206856.0,208579.0
1805,2025-04-30,209127.0,213562.0,209110.0,213010.0,837321405689,3930895,2628,207342.0,213562.0
1806,2025-05-03,206620.0,207227.0,206620.0,206635.0,986558480766,4774395,1621,213010.0,206620.0
1807,2025-05-04,201010.0,209685.0,201010.0,206870.0,1466684721187,7089894,3818,206635.0,208891.0
1808,2025-05-05,213068.0,213068.0,208004.0,210625.0,791628403400,3758472,2678,206870.0,209145.0
1809,2025-05-06,211696.0,214837.0,209765.0,212295.0,1175452764233,5536874,3066,210625.0,214698.0
1810,2025-05-07,216927.0,218663.0,213890.0,216497.0,1495845633956,6909324,4136,212295.0,214990.0
1811,2025-05-10,212839.0,212839.0,210003.0,210096.0,1337506892400,6366169,2441,216497.0,210003.0
1812,2025-05-11,210150.0,210588.0,205783.0,206920.0,808058189631,3905179,2909,210096.0,207394.0
1813,2025-05-12,213127.0,213127.0,213127.0,213127.0,1785010875053,8375339,517,206920.0,213127.0
1814,2025-05-13,213620.0,215215.0,210054.0,213607.0,2771863929050,12976468,4335,213127.0,215100.0
1815,2025-05-14,211008.0,216890.0,211008.0,214788.0,1531048790739,7128187,3103,213607.0,215276.0
1816,2025-05-17,215611.0,218464.0,214300.0,215992.0,968828404897,4485480,2770,214788.0,215989.0
1817,2025-05-18,217111.0,218800.0,215993.0,217154.0,966165875597,4449226,2460,215992.0,218649.0
1818,2025-05-19,216000.0,217800.0,214961.0,215766.0,678736070971,3145702,2410,217154.0,215163.0
1819,2025-05-20,214401.0,214555.0,209294.0,211545.0,991666294054,4687731,3198,215766.0,209294.0
1820,2025-05-21,205500.0,214040.0,205500.0,209526.0,1699719310518,8112198,3484,211545.0,209008.0
1821,2025-05-24,213100.0,214001.0,211054.0,212855.0,1268452453393,5959230,2560,209526.0,213217.0
1822,2025-05-25,212700.0,212700.0,208200.0,210505.0,2499389318070,11873310,2435,212855.0,210512.0
1823,2025-05-26,212500.0,214499.0,211002.0,211806.0,4422413863602,20879562,2278,210505.0,213386.0
1824,2025-05-27,213399.0,216480.0,213399.0,214604.0,1165715548898,5431931,2485,211806.0,214577.0
1825,2025-05-28,215989.0,215989.0,213355.0,214182.0,681029665088,3179675,2088,214604.0,213703.0
1826,2025-05-31,215500.0,215500.0,213010.0,214455.0,637014932070,2970390,1938,214182.0,213494.0
1827,2025-06-01,214650.0,214650.0,210421.0,211574.0,606383149819,2866063,1778,214455.0,212136.0
1828,2025-06-02,212994.0,215000.0,212753.0,213692.0,845866665175,3958354,2321,211574.0,212808.0
1829,2025-06-03,212012.0,212974.0,210371.0,211335.0,994194704584,4704361,2258,213692.0,210861.0
1830,2025-06-07,207555.0,209500.0,204995.0,205900.0,1367396751005,6641083,2731,211335.0,204995.0
1831,2025-06-08,204995.0,208499.0,204266.0,206660.0,706632217381,3419304,1869,205900.0,206659.0
1832,2025-06-09,206002.0,207395.0,202541.0,204129.0,875972315886,4291268,2185,206660.0,202615.0
1833,2025-06-10,203449.0,206593.0,203265.0,204935.0,778578559319,3799146,2064,204129.0,206550.0
1834,2025-06-11,206000.0,207450.0,204120.0,205149.0,672031022096,3275820,1905,204935.0,204699.0
1835,2025-06-28,198995.0,198995.0,198995.0,198995.0,6473705340,32532,91,205149.0,198995.0
1836,2025-06-29,193026.0,193026.0,193026.0,193026.0,7225735284,37434,67,198995.0,193026.0
1837,2025-06-30,187236.0,187236.0,187236.0,187236.0,228802017528,1221998,128,193026.0,187236.0
1838,2025-07-01,181619.0,181619.0,181619.0,181619.0,108083646328,595112,128,187236.0,181619.0
1839,2025-07-02,176171.0,177966.0,176171.0,176255.0,1887798735049,10710584,2673,181619.0,177000.0
1840,2025-07-07,179001.0,181000.0,174000.0,175846.0,1177955637895,6698790,2612,176255.0,174254.0
1841,2025-07-08,175846.0,175846.0,170571.0,171612.0,813034349089,4737643,1720,175846.0,170571.0
1842,2025-07-09,167548.0,171570.0,167072.0,169090.0,707359407324,4183338,2129,171612.0,170910.0
1843,2025-07-12,171244.0,174162.0,171244.0,173819.0,685495290253,3943721,1528,169090.0,174162.0
1844,2025-07-13,174160.0,176652.0,172497.0,174086.0,1018896509338,5852845,2082,173819.0,175400.0
1845,2025-07-14,175800.0,179308.0,175780.0,177054.0,667799862763,3771729,1785,174086.0,176291.0
1846,2025-07-15,178802.0,179985.0,178000.0,178876.0,712571103814,3983611,1462,177054.0,179190.0
1847,2025-07-16,180691.0,184242.0,180665.0,183030.0,718329380164,3924659,2088,178876.0,184242.0
1848,2025-07-19,185055.0,188519.0,184860.0,186115.0,782113955173,4202321,2046,183030.0,187220.0
1849,2025-07-20,187490.0,190064.0,187034.0,188606.0,1051228266031,5573680,2148,186115.0,187600.0
1850,2025-07-21,189000.0,193500.0,188910.0,191832.0,1452459368232,7571509,2455,188606.0,193440.0
1851,2025-07-22,193000.0,194258.0,190134.0,193050.0,799264483720,4140190,1673,191832.0,191207.0
1852,2025-07-23,190096.0,190887.0,188350.0,189657.0,601659317041,3172361,1551,193050.0,189090.0
1853,2025-07-26,189599.0,192250.0,188600.0,190236.0,653252654604,3433910,1429,189657.0,188650.0
1854,2025-07-27,189995.0,189995.0,184529.0,186256.0,768412067231,4125565,1373,190236.0,184529.0
1855,2025-07-28,183000.0,184500.0,180669.0,182947.0,259758853948,1419861,579,186256.0,180669.0
1856,2025-07-29,177460.0,177750.0,177459.0,177462.0,238237663411,1342469,249,182947.0,177459.0
1857,2025-07-30,172360.0,174491.0,172139.0,172285.0,774267781964,4494098,1625,177462.0,172440.0
