,date,open,high,low,adjClose,value,volume,count,yesterday,close
0,2019-12-16,28099.0,28108.0,28009.0,28083.0,170828043,5817,34,9563.0,28057.0
1,2019-12-17,28053.0,28053.0,27450.0,27843.0,157077780,5395,82,28083.0,28047.0
2,2019-12-18,27718.0,27964.0,27718.0,27964.0,600183545638,20524746,8,27843.0,27854.0
3,2019-12-21,28042.0,28861.0,28042.0,28197.0,39806710,1350,4,27964.0,28861.0
4,2019-12-22,28871.0,29121.0,28871.0,29043.0,374072265,12317,13,28197.0,29119.0
5,2019-12-23,29071.0,29150.0,28343.0,28984.0,132146368,4360,20,29043.0,28689.0
6,2019-12-24,28861.0,28915.0,28861.0,28911.0,4988250,165,2,28984.0,28915.0
7,2019-12-25,29151.0,29353.0,29151.0,29248.0,229235878,7495,14,28911.0,29353.0
8,2019-12-28,29358.0,29644.0,29039.0,29264.0,61201668,2000,7,29248.0,29039.0
9,2019-12-29,29537.0,29537.0,29050.0,29436.0,60761668,1974,7,29264.0,29219.0
10,2019-12-30,29287.0,30200.0,29287.0,30095.0,320202302,10175,15,29436.0,30200.0
11,2019-12-31,30228.0,30228.0,29568.0,29724.0,3152631593,101427,6,30095.0,29568.0
12,2020-01-01,29753.0,30271.0,29753.0,29960.0,54261136,1732,3,29724.0,30252.0
13,2020-01-04,30130.0,30739.0,29055.0,29704.0,113531095,3655,14,29960.0,29055.0
14,2020-01-05,29073.0,29605.0,28978.0,29158.0,4909068,161,4,29704.0,29605.0
15,2020-01-07,29597.0,29597.0,28144.0,28646.0,261565080,8732,4,29158.0,28144.0
16,2020-01-08,28269.0,28269.0,28248.0,28268.0,30594975,1035,3,28646.0,28248.0
17,2020-01-11,28833.0,28833.0,28684.0,28830.0,945495510,31362,15,28268.0,28833.0
18,2020-01-12,29105.0,30330.0,29105.0,29821.0,68043452,2182,10,28830.0,30123.0
19,2020-01-13,30123.0,31522.0,30028.0,30374.0,413284896,13012,15,29821.0,31522.0
20,2020-01-14,30861.0,31443.0,31425.0,31443.0,38206370,1162,6,30374.0,31443.0
21,2020-01-15,31589.0,32263.0,31589.0,32212.0,366073991,10868,9,31443.0,32263.0
22,2020-01-18,32205.0,32982.0,31529.0,32772.0,273987203,7995,18,32212.0,32421.0
23,2020-01-19,32645.0,32930.0,32256.0,32565.0,159161723,4674,15,32772.0,32930.0
24,2020-01-20,32757.0,32849.0,32084.0,32231.0,295144160,8757,15,32565.0,32849.0
25,2020-01-21,32168.0,32168.0,32168.0,32168.0,4810234,143,1,32231.0,32168.0
26,2020-01-25,33258.0,33258.0,33255.0,33257.0,589015485,16937,27,32168.0,33258.0
27,2020-01-26,32737.0,33535.0,32705.0,32806.0,306889730,8946,31,33257.0,32705.0
28,2020-01-27,32452.0,33512.0,32452.0,32997.0,240812104,6979,8,32806.0,33512.0
29,2020-01-28,33662.0,34187.0,33662.0,33734.0,94222873,2671,15,32997.0,34187.0
30,2020-02-01,34188.0,34556.0,33293.0,34345.0,717799127,19986,27,33734.0,33470.0
31,2020-02-02,33950.0,34377.0,33282.0,33433.0,374253798,10705,24,34345.0,33815.0
32,2020-02-03,33948.0,35178.0,33837.0,34792.0,302809566,8323,27,33433.0,35178.0
33,2020-02-04,35193.0,35193.0,34483.0,34867.0,589203303,16160,26,34792.0,34522.0
34,2020-02-05,34793.0,35790.0,34570.0,35494.0,84922032,2288,11,34867.0,35790.0
35,2020-02-08,35861.0,36576.0,35832.0,36161.0,1893980374,50087,65,35494.0,35861.0
36,2020-02-09,35861.0,36150.0,35284.0,35891.0,233439745,6220,23,36161.0,35979.0
37,2020-02-10,36058.0,36058.0,35010.0,35605.0,101308918,2721,15,35891.0,35383.0
38,2020-02-12,35501.0,36320.0,34765.0,35347.0,445136822,12043,50,35605.0,36190.0
39,2020-02-15,35574.0,36281.0,35574.0,35732.0,578704032,15488,44,35347.0,36048.0
40,2020-02-16,36241.0,36865.0,35660.0,36249.0,208669791,5505,20,35732.0,36864.0
41,2020-02-17,36961.0,37295.0,36369.0,37006.0,465257194,12023,38,36249.0,36988.0
42,2020-02-18,36988.0,37009.0,36360.0,36759.0,111973885,2913,17,37006.0,36913.0
43,2020-02-19,36422.0,37389.0,36422.0,36481.0,1947015790,51038,28,36759.0,37389.0
44,2020-02-22,37258.0,37720.0,36435.0,37380.0,540822766,13836,31,36481.0,37720.0
45,2020-02-23,37566.0,38748.0,36779.0,38532.0,2028728214,50349,54,37380.0,38747.0
46,2020-02-24,38796.0,39332.0,38078.0,38697.0,557663515,13781,52,38532.0,38733.0
47,2020-02-25,39224.0,40235.0,38826.0,39623.0,1437058599,34683,63,38697.0,40235.0
48,2020-02-26,40240.0,40668.0,39380.0,40101.0,870884331,20768,67,39623.0,39786.0
49,2020-02-29,39065.0,39878.0,37875.0,38415.0,1272615848,31680,36,40101.0,38539.0
50,2020-03-01,38539.0,39515.0,38061.0,38992.0,547923289,13438,33,38415.0,39374.0
51,2020-03-02,39597.0,40533.0,38792.0,40092.0,587982632,14025,56,38992.0,40533.0
52,2020-03-03,40657.0,41639.0,40652.0,41123.0,482350341,11217,46,40092.0,41639.0
53,2020-03-04,41766.0,42838.0,41685.0,42196.0,3438044581,77916,37,41123.0,42546.0
54,2020-03-09,40333.0,40362.0,39527.0,39932.0,464586340,11126,49,42196.0,39547.0
55,2020-03-10,39546.0,39935.0,38700.0,39479.0,1218388251,29513,34,39932.0,38700.0
56,2020-03-11,39148.0,40182.0,38361.0,39786.0,632672363,15207,37,39479.0,39810.0
57,2020-03-14,38252.0,39873.0,37502.0,38372.0,1267525728,31589,18,39786.0,37553.0
58,2020-03-15,37505.0,38284.0,36689.0,37367.0,1988546912,50891,29,38372.0,37656.0
59,2020-03-16,37560.0,39387.0,37560.0,38703.0,1584243113,39144,54,37367.0,38939.0
60,2020-03-17,39169.0,39169.0,37776.0,38917.0,1193113541,29318,16,38703.0,39024.0
61,2020-03-18,39057.0,39798.0,38347.0,39648.0,960007190,23155,22,38917.0,39798.0
62,2020-03-24,40345.0,40403.0,37295.0,39284.0,93905473,2286,26,39648.0,39208.0
63,2020-03-25,40164.0,40356.0,37316.0,39059.0,316987586,7761,44,39284.0,39680.0
64,2020-03-28,40533.0,42234.0,40533.0,41565.0,3003158558,69094,109,39059.0,42234.0
65,2020-03-29,42309.0,43169.0,42235.0,42614.0,1938474223,43501,111,41565.0,42552.0
66,2020-03-30,42012.0,42857.0,42012.0,42659.0,733243073,16437,37,42614.0,42779.0
67,2020-04-04,42841.0,42841.0,42841.0,42841.0,2239950,50,1,42659.0,42841.0
68,2020-04-05,43913.0,45385.0,43913.0,45067.0,4399866616,93361,121,42841.0,45309.0
69,2020-04-06,44917.0,45789.0,44450.0,44847.0,931318468,19859,77,45067.0,44946.0
70,2020-04-07,45586.0,47293.0,45273.0,45861.0,2423993702,50545,81,44847.0,46921.0
71,2020-04-08,47404.0,48578.0,46958.0,47817.0,2157542491,43149,103,45861.0,48442.0
72,2020-04-11,48288.0,49335.0,47815.0,48934.0,3919487872,76597,121,47817.0,49098.0
73,2020-04-12,49056.0,50819.0,48771.0,49437.0,3790534777,73323,133,48934.0,50778.0
74,2020-04-13,50811.0,51450.0,50684.0,50896.0,3139363990,58986,113,49437.0,51118.0
75,2020-04-14,50970.0,51013.0,50053.0,50563.0,2533342153,47913,118,50896.0,50713.0
76,2020-04-15,50640.0,53092.0,50639.0,51912.0,1462432360,26940,79,50563.0,53092.0
77,2020-04-18,53317.0,55575.0,53313.0,53671.0,20090428738,357967,339,51912.0,55561.0
78,2020-04-19,55600.0,57291.0,55580.0,56565.0,33665991284,569166,421,53671.0,56689.0
79,2020-04-20,55517.0,58105.0,55465.0,56591.0,24624121359,416111,359,56565.0,58105.0
80,2020-04-21,58125.0,58125.0,58047.0,58125.0,12364482186,203427,121,56591.0,58052.0
81,2020-04-22,58238.0,60501.0,58238.0,59869.0,12930489132,206541,278,58125.0,60445.0
82,2020-04-25,61310.0,63453.0,61251.0,62130.0,43831212003,674640,559,59869.0,63453.0
83,2020-04-26,63515.0,65437.0,63515.0,64460.0,77384350277,1148035,629,62130.0,65433.0
84,2020-04-27,65506.0,65506.0,65433.0,65506.0,18929992942,276351,129,64460.0,65506.0
85,2020-04-28,68503.0,68853.0,68503.0,68641.0,233731657874,3256306,1982,65506.0,68709.0
86,2020-04-29,68600.0,71244.0,68600.0,70350.0,211571622107,2875972,2142,68641.0,71242.0
87,2020-05-02,71211.0,74113.0,71211.0,73146.0,583915914757,7633993,4283,70350.0,73862.0
88,2020-05-03,74504.0,77842.0,74504.0,76618.0,1005816181537,12553793,5317,73146.0,77512.0
89,2020-05-04,79371.0,79371.0,71721.0,77343.0,352387166880,4357038,3408,76618.0,78587.0
90,2020-05-05,78416.0,79516.0,66941.0,75486.0,394913652997,5002968,2673,77343.0,75069.0
91,2020-05-06,75452.0,77684.0,73443.0,75454.0,207770879572,2633231,1874,75486.0,77460.0
92,2020-05-09,79133.0,81537.0,79014.0,80516.0,264558855209,3142165,2442,75454.0,80663.0
93,2020-05-10,82313.0,84696.0,80329.0,82837.0,171269993567,1977195,2320,80516.0,82815.0
94,2020-05-11,83677.0,84154.0,81285.0,82172.0,211208234681,2457974,1843,82837.0,81899.0
95,2020-05-12,81711.0,81816.0,73635.0,79239.0,295407287730,3565138,2071,82172.0,76504.0
96,2020-05-13,78415.0,82230.0,73635.0,79153.0,170809057074,2063645,1540,79239.0,77890.0
97,2020-05-16,78607.0,78607.0,73635.0,75176.0,185173361263,2355530,1553,79153.0,75213.0
98,2020-05-17,73298.0,75547.0,71425.0,72778.0,76617376663,1006751,1046,75176.0,74853.0
99,2020-05-18,76417.0,79564.0,73635.0,77796.0,102780907797,1263409,1201,72778.0,78894.0
100,2020-05-19,79784.0,81046.0,76494.0,78450.0,60960688871,743107,1085,77796.0,76508.0
101,2020-05-20,77460.0,77460.0,74529.0,75139.0,56768840489,722502,984,78450.0,74993.0
102,2020-05-23,73319.0,73319.0,70766.0,71483.0,59239729014,792508,726,75139.0,73252.0
103,2020-05-26,73260.0,76600.0,70000.0,71112.0,88381704770,1242846,1072,71483.0,71016.0
104,2020-05-27,69005.0,78230.0,69005.0,76126.0,62777847083,824660,870,71112.0,78000.0
105,2020-05-30,79932.0,82000.0,79932.0,80716.0,70911903324,878535,1005,76126.0,80888.0
106,2020-05-31,82617.0,82617.0,75500.0,78078.0,49087964442,628707,661,80716.0,77849.0
107,2020-06-01,78299.0,80219.0,77000.0,78709.0,35190920598,447099,499,78078.0,78699.0
108,2020-06-02,80000.0,83200.0,80000.0,82118.0,92418567963,1125440,1099,78709.0,83200.0
109,2020-06-06,83800.0,86601.0,83800.0,85427.0,47161507520,552068,947,82118.0,86600.0
110,2020-06-07,88400.0,90490.0,88000.0,90040.0,71356722965,792496,1152,85427.0,88750.0
111,2020-06-08,88500.0,91255.0,85539.0,87302.0,84976294579,973359,1315,90040.0,87400.0
112,2020-06-09,85514.0,88500.0,85514.0,86999.0,68518294684,787580,770,87302.0,86000.0
113,2020-06-10,87013.0,90363.0,87000.0,89025.0,73014102319,820152,972,86999.0,89200.0
114,2020-06-13,92830.0,94100.0,92060.0,93260.0,65568041400,703070,813,89025.0,93820.0
115,2020-06-14,95890.0,95890.0,90000.0,91460.0,72888976540,796955,787,93260.0,91050.0
116,2020-06-15,91200.0,93600.0,90600.0,91990.0,58453727270,635434,758,91460.0,92500.0
117,2020-06-16,93400.0,100740.0,91990.0,100150.0,687226783210,6861681,1102,91990.0,98010.0
118,2020-06-20,101450.0,104000.0,100400.0,103110.0,818557376280,7938601,1227,100150.0,104000.0
119,2020-06-21,104500.0,104580.0,100000.0,101920.0,61230259310,600777,995,103110.0,101970.0
120,2020-06-22,102280.0,106500.0,102280.0,104960.0,39547742990,376803,781,101920.0,106490.0
121,2020-06-23,110980.0,112800.0,106500.0,111510.0,250132754070,2243189,1109,104960.0,109690.0
122,2020-06-24,105000.0,112700.0,104570.0,109340.0,46633505960,426510,800,111510.0,110990.0
123,2020-06-27,111020.0,114700.0,111020.0,114300.0,219331043670,1918978,805,109340.0,113750.0
124,2020-06-28,116110.0,116120.0,110000.0,112730.0,76987037400,682917,917,114300.0,114290.0
125,2020-06-29,111000.0,112850.0,107510.0,109940.0,58064486670,528151,768,112730.0,111360.0
126,2020-06-30,113320.0,120750.0,113320.0,119190.0,175601162350,1473286,1044,109940.0,120540.0
127,2020-07-01,122030.0,129980.0,122030.0,124570.0,95582708010,767272,1097,119190.0,125500.0
128,2020-07-04,125000.0,125000.0,112500.0,120960.0,64546073280,533602,940,124570.0,122100.0
129,2020-07-05,121000.0,128940.0,117000.0,125370.0,70950924620,565914,919,120960.0,128500.0
130,2020-07-06,130090.0,135130.0,130090.0,133440.0,90802574360,680491,1334,125370.0,133320.0
131,2020-07-07,136770.0,136770.0,129990.0,133280.0,76203965310,571740,1115,133440.0,134700.0
132,2020-07-08,134100.0,134100.0,123950.0,128740.0,91461698710,710458,1135,133280.0,124010.0
133,2020-07-11,122000.0,132000.0,119000.0,124060.0,53672925790,432652,787,128740.0,127000.0
134,2020-07-12,134100.0,135900.0,132200.0,134790.0,71255114750,528655,942,124060.0,134000.0
135,2020-07-13,133450.0,136000.0,130500.0,133500.0,61361896900,459635,796,134790.0,133990.0
136,2020-07-14,136000.0,136850.0,132000.0,134300.0,77239251270,575136,925,133500.0,133240.0
137,2020-07-15,128500.0,134290.0,126010.0,131290.0,45965474650,350107,587,134300.0,132800.0
138,2020-07-18,128150.0,131100.0,124000.0,128480.0,63471555570,494029,754,131290.0,128000.0
139,2020-07-19,130000.0,137100.0,130000.0,134720.0,25933316990,192500,565,128480.0,135550.0
140,2020-07-20,139110.0,141060.0,135020.0,139260.0,41743177480,299760,828,134720.0,136100.0
141,2020-07-21,134900.0,134900.0,130400.0,132560.0,27063385890,204159,387,139260.0,131150.0
142,2020-07-22,130010.0,132600.0,129010.0,130670.0,50993259760,390256,534,132560.0,131550.0
143,2020-07-25,135000.0,135100.0,131610.0,134120.0,30668275980,228664,590,130670.0,131810.0
144,2020-07-26,134120.0,134940.0,130000.0,131680.0,31008083410,235475,428,134120.0,131800.0
145,2020-07-27,131680.0,131800.0,128500.0,130910.0,34258150200,261693,418,131680.0,131580.0
146,2020-07-28,132110.0,133900.0,129320.0,131570.0,25113666360,190883,512,130910.0,131000.0
147,2020-07-29,132000.0,132000.0,129500.0,130640.0,36748424920,281306,542,131570.0,131110.0
148,2020-08-01,134000.0,134000.0,131000.0,131800.0,18877089730,143224,432,130640.0,131180.0
149,2020-08-02,137000.0,137000.0,134010.0,135660.0,58656731600,432370,656,131800.0,136900.0
150,2020-08-03,139000.0,139000.0,135660.0,137790.0,28872453640,209538,361,135660.0,136700.0
151,2020-08-04,140000.0,140000.0,136050.0,138120.0,36677472010,265556,434,137790.0,137800.0
152,2020-08-05,141000.0,142430.0,138200.0,140250.0,39149072090,279145,506,138120.0,141480.0
153,2020-08-09,142650.0,147980.0,142500.0,144700.0,27036497160,186850,413,140250.0,146100.0
154,2020-08-10,148890.0,148890.0,140500.0,143820.0,35242419230,245050,402,144700.0,144200.0
155,2020-08-11,142300.0,142300.0,131100.0,140030.0,28295214650,202071,264,143820.0,138000.0
156,2020-08-12,141000.0,145000.0,138560.0,140260.0,35427598050,252580,352,140030.0,140130.0
157,2020-08-15,137000.0,137000.0,134500.0,136100.0,27753724710,203921,236,140260.0,136000.0
158,2020-08-16,133700.0,133700.0,132000.0,132350.0,11056158570,83535,131,136100.0,132010.0
159,2020-08-17,134000.0,137900.0,134000.0,136250.0,23205885900,170314,308,132350.0,137700.0
160,2020-08-18,139450.0,139450.0,130000.0,133630.0,25353936480,189733,248,136250.0,133500.0
161,2020-08-19,131000.0,131500.0,129450.0,130560.0,29934308020,229280,223,133630.0,129500.0
162,2020-08-22,129500.0,129500.0,127000.0,128310.0,13419718290,104591,106,130560.0,128000.0
163,2020-08-23,128310.0,128310.0,119500.0,123020.0,75931491650,617224,292,128310.0,122000.0
164,2020-08-24,124000.0,128900.0,118500.0,120060.0,23259273210,193737,257,123020.0,119000.0
165,2020-08-25,121000.0,129990.0,121000.0,127290.0,39481966060,310172,394,120060.0,128090.0
166,2020-08-26,132000.0,140010.0,131100.0,136460.0,72407526260,530596,730,127290.0,136700.0
167,2020-08-31,140000.0,141000.0,126500.0,133140.0,38255737290,287329,569,136460.0,131380.0
168,2020-09-01,127100.0,128500.0,122000.0,123700.0,24800917190,200499,284,133140.0,123000.0
169,2020-09-02,120000.0,120660.0,119000.0,120000.0,10724921900,89377,137,123700.0,120000.0
170,2020-09-05,120100.0,128500.0,120100.0,123520.0,52924807030,428483,547,120000.0,125900.0
171,2020-09-06,126500.0,128980.0,119010.0,123080.0,32647421580,265258,470,123520.0,119200.0
172,2020-09-07,119550.0,119550.0,115600.0,116000.0,31578491080,272233,283,123080.0,116050.0
173,2020-09-08,112000.0,112190.0,111000.0,111930.0,37163497180,332024,352,116000.0,112000.0
174,2020-09-09,113690.0,120110.0,110000.0,118400.0,36591359880,309036,452,111930.0,119990.0
175,2020-09-12,123100.0,126000.0,119790.0,121980.0,53401454320,437783,624,118400.0,122000.0
176,2020-09-13,116500.0,121000.0,113000.0,116900.0,26042783990,222774,319,121980.0,117800.0
177,2020-09-14,113060.0,122300.0,113060.0,121170.0,17486640360,144314,421,116900.0,122290.0
178,2020-09-15,123240.0,126550.0,123240.0,124560.0,98009908430,786868,850,121170.0,126000.0
179,2020-09-16,126510.0,127500.0,121000.0,124220.0,46881441880,377421,595,124560.0,122010.0
180,2020-09-19,120000.0,124100.0,119000.0,122630.0,36886386320,300797,394,124220.0,122010.0
181,2020-09-20,122000.0,122020.0,116010.0,119480.0,43710354240,365840,515,122630.0,117590.0
182,2020-09-21,114050.0,122000.0,113500.0,114210.0,11871673000,103944,208,119480.0,122000.0
183,2020-09-22,120500.0,120500.0,114600.0,117790.0,12270216820,104174,256,114210.0,119490.0
184,2020-09-23,123750.0,124300.0,117500.0,122880.0,12746614200,103734,248,117790.0,121500.0
185,2020-09-26,123900.0,123900.0,117000.0,119480.0,5984368120,50088,152,122880.0,117110.0
186,2020-09-27,114000.0,118880.0,112900.0,113730.0,11126007830,97831,145,119480.0,118880.0
187,2020-09-28,113100.0,113100.0,106000.0,110550.0,27993917540,253233,197,113730.0,110010.0
188,2020-09-29,107500.0,115990.0,107500.0,111250.0,6891437010,61947,110,110550.0,114000.0
189,2020-09-30,111510.0,114440.0,110030.0,112420.0,6483074410,57667,133,111250.0,113900.0
190,2020-10-03,114280.0,119980.0,114200.0,117370.0,9200780680,78388,202,112420.0,119980.0
191,2020-10-04,122800.0,122990.0,114000.0,117760.0,14455404010,122758,245,117370.0,115950.0
192,2020-10-05,114000.0,117000.0,110420.0,113250.0,5301522780,46811,165,117760.0,115390.0
193,2020-10-07,117990.0,119970.0,116300.0,117470.0,7691371620,65473,256,113250.0,118200.0
194,2020-10-10,118830.0,118830.0,115000.0,117190.0,5386150710,45959,138,117470.0,117020.0
195,2020-10-11,121000.0,122900.0,118120.0,121200.0,18920319310,156108,251,117190.0,121030.0
196,2020-10-12,121020.0,121020.0,117300.0,119160.0,6853231230,57513,80,121200.0,117650.0
197,2020-10-13,119200.0,121250.0,116010.0,118170.0,4655575570,39396,132,119160.0,118790.0
198,2020-10-14,117000.0,117200.0,116620.0,116730.0,3659523720,31351,62,118170.0,116700.0
199,2020-10-18,115630.0,116730.0,112150.0,113270.0,5466832440,48265,118,116730.0,112400.0
200,2020-10-19,108780.0,108780.0,107500.0,108060.0,6334016400,58616,103,113270.0,108000.0
201,2020-10-20,104100.0,107000.0,103800.0,104830.0,5751734120,54866,102,108060.0,104650.0
202,2020-10-21,108030.0,111990.0,106400.0,108100.0,5504109980,50918,133,104830.0,107600.0
203,2020-10-24,103990.0,104990.0,103300.0,103940.0,7020283560,67542,82,108100.0,104200.0
204,2020-10-26,101400.0,103500.0,101400.0,101950.0,5625145690,55173,98,103940.0,102500.0
205,2020-10-27,100680.0,104990.0,95000.0,100520.0,4319090370,42968,62,101950.0,100000.0
206,2020-10-28,100660.0,102850.0,98000.0,100740.0,5347322260,53079,84,100520.0,101950.0
207,2020-10-31,102630.0,109990.0,101190.0,103860.0,19805090810,190689,245,100740.0,103890.0
208,2020-11-01,102970.0,102970.0,98860.0,99670.0,9081855970,91120,124,103860.0,98880.0
209,2020-11-02,98160.0,99970.0,96430.0,97920.0,4596820690,46947,92,99670.0,98990.0
210,2020-11-04,100770.0,102790.0,99870.0,101560.0,4373956670,43068,95,97920.0,101010.0
211,2020-11-07,98740.0,99840.0,94900.0,96290.0,8530851300,88597,82,101560.0,95520.0
212,2020-11-08,95700.0,95700.0,86670.0,93290.0,9638077110,103312,123,96290.0,93550.0
213,2020-11-09,94300.0,97630.0,93580.0,94900.0,2087144200,21993,75,93290.0,95480.0
214,2020-11-10,97000.0,98000.0,94010.0,95610.0,1554069330,16254,59,94900.0,94730.0
215,2020-11-11,93570.0,97970.0,93570.0,96290.0,1266922690,13157,75,95610.0,97970.0
216,2020-11-14,97830.0,103000.0,97830.0,100310.0,8507851910,84812,182,96290.0,103000.0
217,2020-11-15,100740.0,103700.0,97660.0,100010.0,19188846960,191878,189,100310.0,98490.0
218,2020-11-16,100300.0,101970.0,99950.0,100640.0,4559215580,45303,90,100010.0,100900.0
219,2020-11-17,100920.0,105530.0,100260.0,103310.0,4965252190,48063,130,100640.0,103000.0
220,2020-11-18,105520.0,109000.0,105520.0,107350.0,5602090720,52187,112,103310.0,108000.0
221,2020-11-21,108000.0,116900.0,105000.0,108490.0,10196628300,93988,231,107350.0,105000.0
222,2020-11-22,106340.0,108490.0,103890.0,106340.0,5408465670,50862,108,108490.0,108400.0
223,2020-11-23,108900.0,113000.0,106570.0,108610.0,12235525760,112655,201,106340.0,108250.0
224,2020-11-24,108230.0,110990.0,102970.0,105940.0,6816571830,64341,113,108610.0,104300.0
225,2020-11-25,105000.0,106900.0,104900.0,106080.0,3824720330,36054,78,105940.0,106900.0
226,2020-11-28,108010.0,109000.0,106120.0,108160.0,1700755240,15724,92,106080.0,107700.0
227,2020-11-29,109930.0,111400.0,109000.0,110100.0,3738803580,33958,134,108160.0,111380.0
228,2020-11-30,110190.0,114990.0,110190.0,112880.0,5994324830,53105,140,110100.0,114000.0
229,2020-12-01,113000.0,115270.0,110650.0,112540.0,6336357260,56301,124,112880.0,111800.0
230,2020-12-02,112090.0,114800.0,111100.0,113240.0,4349336680,38407,127,112540.0,111170.0
231,2020-12-05,111170.0,116000.0,111170.0,114280.0,3698516850,32364,106,113240.0,115800.0
232,2020-12-06,117000.0,117000.0,114080.0,115720.0,3020311700,26100,62,114280.0,115190.0
233,2020-12-07,114900.0,118140.0,113420.0,115350.0,5724816530,49631,112,115720.0,114000.0
234,2020-12-08,115350.0,116500.0,113500.0,115400.0,2854379250,24735,91,115350.0,115600.0
235,2020-12-09,115340.0,116700.0,115000.0,115660.0,4273181690,36945,128,115400.0,115310.0
236,2020-12-12,116540.0,118000.0,116540.0,117540.0,6978794240,59373,137,115660.0,117010.0
237,2020-12-13,118370.0,118370.0,116150.0,118160.0,529344500,4480,11,117540.0,116900.0
238,2020-12-14,115170.0,117980.0,112520.0,114200.0,4386117770,38406,94,118160.0,112520.0
239,2020-12-15,112050.0,112050.0,102810.0,108170.0,13344083950,123363,204,114200.0,109000.0
240,2020-12-16,109090.0,112440.0,107900.0,110280.0,5383759580,48819,121,108170.0,112430.0
241,2020-12-19,113060.0,113980.0,110000.0,111950.0,10590078040,94599,88,110280.0,113650.0
242,2020-12-20,113650.0,115150.0,111310.0,112600.0,4470492310,39704,100,111950.0,112500.0
243,2020-12-21,111310.0,113980.0,111310.0,112700.0,2376063650,21084,61,112600.0,111700.0
244,2020-12-22,111290.0,113900.0,111290.0,112870.0,2897592970,25671,77,112700.0,113500.0
245,2020-12-23,115750.0,115750.0,113240.0,114310.0,2263999300,19806,101,112870.0,114000.0
246,2020-12-26,114880.0,114880.0,111770.0,113060.0,1659706280,14680,80,114310.0,113370.0
247,2020-12-27,111900.0,114000.0,110020.0,112250.0,2631510990,23444,66,113060.0,112000.0
248,2020-12-28,111750.0,113990.0,111750.0,112560.0,1744131750,15495,64,112250.0,112420.0
249,2020-12-29,113000.0,113000.0,110280.0,111700.0,1308291900,11713,50,112560.0,110280.0
250,2020-12-30,110960.0,111690.0,107710.0,109300.0,3629998460,33212,63,111700.0,108000.0
251,2021-01-02,108610.0,108610.0,105000.0,106790.0,3543639960,33182,60,109300.0,105000.0
252,2021-01-03,106190.0,109990.0,105470.0,106840.0,6770544250,63368,112,106790.0,106130.0
253,2021-01-04,109760.0,109760.0,107500.0,107920.0,4221430400,39118,67,106840.0,107590.0
254,2021-01-05,107700.0,107710.0,106600.0,107180.0,2321188680,21657,34,107920.0,106650.0
255,2021-01-06,104810.0,104810.0,103470.0,104340.0,835997120,8012,31,107180.0,104400.0
256,2021-01-09,103760.0,104230.0,101800.0,102550.0,3084458900,30078,50,104340.0,102450.0
257,2021-01-10,102810.0,107390.0,102810.0,106120.0,1835366100,17295,42,102550.0,105520.0
258,2021-01-11,104160.0,105900.0,103010.0,104150.0,2236540100,21475,43,106120.0,103010.0
259,2021-01-12,103080.0,103080.0,100580.0,101690.0,4183585240,41142,62,104150.0,100600.0
260,2021-01-13,99560.0,100580.0,98000.0,99220.0,4403257250,44377,55,101690.0,98000.0
261,2021-01-16,98300.0,98300.0,93500.0,95190.0,5321216320,55902,91,99220.0,93500.0
262,2021-01-18,93950.0,93950.0,88000.0,92000.0,4219772030,45865,85,95190.0,92250.0
263,2021-01-19,92200.0,101130.0,92200.0,96250.0,21974547300,228310,205,92000.0,97980.0
264,2021-01-20,96600.0,99990.0,96600.0,98010.0,23447089580,239241,364,96250.0,98250.0
265,2021-01-23,98010.0,101890.0,98010.0,100600.0,14294256450,142097,285,98010.0,101890.0
266,2021-01-24,101900.0,104620.0,95150.0,99020.0,16931098150,170993,191,100600.0,96910.0
267,2021-01-25,98350.0,102600.0,97020.0,100070.0,4917825100,49145,91,99020.0,100300.0
268,2021-01-26,100160.0,100370.0,96410.0,98860.0,2838249050,28710,46,100070.0,98500.0
269,2021-01-27,97330.0,98300.0,96100.0,97720.0,3280991790,33576,41,98860.0,98100.0
270,2021-01-30,99900.0,103300.0,99900.0,102260.0,7503747360,73382,109,97720.0,103300.0
271,2021-01-31,102010.0,103540.0,97600.0,100110.0,8674000390,86644,161,102260.0,97600.0
272,2021-02-01,99920.0,101980.0,97600.0,99930.0,4226012050,42291,85,100110.0,98250.0
273,2021-02-02,98900.0,98900.0,97720.0,98360.0,2274957320,23129,39,99930.0,98000.0
274,2021-02-03,100350.0,100350.0,94800.0,96640.0,1113194330,11519,32,98360.0,95490.0
275,2021-02-06,93980.0,94000.0,90600.0,92770.0,1897968510,20458,41,96640.0,93200.0
276,2021-02-07,95000.0,102040.0,95000.0,99770.0,21493906780,215442,288,92770.0,102000.0
277,2021-02-08,99770.0,99770.0,94410.0,96080.0,9142489660,95151,195,99770.0,95310.0
278,2021-02-09,96520.0,99550.0,96500.0,98870.0,4247387530,42959,133,96080.0,98880.0
279,2021-02-13,99980.0,103100.0,99980.0,101850.0,8952971550,87905,153,98870.0,102560.0
280,2021-02-14,103490.0,103490.0,97780.0,99100.0,8992834140,90744,143,101850.0,98100.0
281,2021-02-15,100700.0,102990.0,98000.0,100850.0,4650852040,46115,139,99100.0,100860.0
282,2021-02-16,101400.0,101400.0,99000.0,100040.0,2201405270,22005,49,100850.0,99430.0
283,2021-02-17,99500.0,100000.0,98000.0,99040.0,2433284320,24569,36,100040.0,98000.0
284,2021-02-20,98010.0,98160.0,95600.0,97600.0,2116062190,21682,64,99040.0,97900.0
285,2021-02-21,98390.0,100590.0,97450.0,97580.0,1243212090,12740,27,97600.0,97450.0
286,2021-02-22,96950.0,97490.0,96950.0,97000.0,1246777130,12853,42,97580.0,97490.0
287,2021-02-23,96140.0,101500.0,96140.0,98480.0,4253602710,43194,107,97000.0,99000.0
288,2021-02-24,99200.0,99200.0,95010.0,96220.0,1735606040,18038,39,98480.0,96640.0
289,2021-02-27,95740.0,96000.0,94790.0,95020.0,1124029390,11830,39,96220.0,95800.0
290,2021-02-28,93900.0,94490.0,93890.0,93900.0,572526210,6097,27,95020.0,93890.0
291,2021-03-01,96250.0,96250.0,94180.0,94650.0,499961230,5282,30,93900.0,94820.0
292,2021-03-02,94810.0,97800.0,94330.0,95810.0,1529172650,15961,48,94650.0,94330.0
293,2021-03-03,94940.0,94940.0,93400.0,94170.0,627536360,6664,25,95810.0,93920.0
294,2021-03-06,94250.0,95820.0,93720.0,94210.0,663736920,7045,28,94170.0,93860.0
295,2021-03-07,93440.0,95000.0,93440.0,93550.0,917141970,9804,29,94210.0,94170.0
296,2021-03-08,94610.0,96730.0,94600.0,95560.0,743452670,7780,42,93550.0,95500.0
297,2021-03-09,96550.0,97450.0,96100.0,96600.0,3760360120,38926,36,95560.0,96100.0
298,2021-03-10,95800.0,95800.0,95550.0,95590.0,137267790,1436,11,96600.0,95550.0
299,2021-03-13,97450.0,98320.0,96170.0,98030.0,1302677120,13289,46,95590.0,98300.0
300,2021-03-14,98300.0,99900.0,97900.0,98390.0,286900870,2916,20,98030.0,98000.0
301,2021-03-15,96060.0,100500.0,96060.0,99710.0,1496132300,15005,43,98390.0,99900.0
302,2021-03-16,99540.0,102000.0,99540.0,100620.0,849859900,8446,42,99710.0,101350.0
303,2021-03-17,102500.0,103990.0,100710.0,102920.0,1988422060,19321,50,100620.0,103490.0
304,2021-03-27,103490.0,104900.0,102510.0,103760.0,967204170,9322,37,102920.0,102850.0
305,2021-03-28,102860.0,103990.0,101370.0,102310.0,329526150,3221,20,103760.0,101380.0
306,2021-03-30,101450.0,101700.0,101440.0,101450.0,1336690790,13176,26,102310.0,101700.0
307,2021-03-31,100960.0,100960.0,100900.0,100930.0,532404110,5275,19,101450.0,100950.0
308,2021-04-03,99790.0,99790.0,98480.0,99680.0,255873360,2567,13,100930.0,98480.0
309,2021-04-04,98720.0,98720.0,97610.0,97660.0,1333226510,13652,17,99680.0,97610.0
310,2021-04-05,97660.0,98300.0,97660.0,97740.0,1416538900,14493,18,97660.0,97810.0
311,2021-04-06,97810.0,98100.0,97810.0,98010.0,1130007750,11530,21,97740.0,98000.0
312,2021-04-07,98000.0,98000.0,96850.0,97330.0,1098027700,11282,20,98010.0,96850.0
313,2021-04-10,97130.0,98200.0,97130.0,97140.0,1269100670,13064,36,97330.0,98200.0
314,2021-04-11,96000.0,97790.0,96000.0,96650.0,70751400,732,13,97140.0,97790.0
315,2021-04-12,97010.0,97790.0,95770.0,97410.0,687453380,7057,17,96650.0,97790.0
316,2021-04-13,98000.0,99900.0,97350.0,98360.0,219336110,2230,14,97410.0,98670.0
317,2021-04-14,96620.0,96620.0,96000.0,96600.0,1016412000,10522,5,98360.0,96000.0
318,2021-04-17,96060.0,96060.0,95350.0,95920.0,1210038500,12615,15,96600.0,95350.0
319,2021-04-18,95510.0,95600.0,94520.0,95420.0,818635290,8579,11,95920.0,94520.0
320,2021-04-19,94650.0,95850.0,94650.0,94770.0,395183880,4170,20,95420.0,94770.0
321,2021-04-20,95360.0,95360.0,94530.0,95230.0,546511420,5739,20,94770.0,95360.0
322,2021-04-21,96800.0,96800.0,93790.0,94440.0,383324320,4059,20,95230.0,93900.0
323,2021-04-24,93750.0,93750.0,93750.0,93750.0,471562500,5030,9,94440.0,93750.0
324,2021-04-25,93100.0,93100.0,92240.0,92960.0,1835017020,19740,17,93750.0,93080.0
325,2021-04-26,92250.0,94000.0,92220.0,92700.0,329087610,3550,23,92960.0,92440.0
326,2021-04-27,92940.0,95040.0,92940.0,94440.0,121632740,1288,16,92700.0,95000.0
327,2021-04-28,95800.0,95800.0,94000.0,95000.0,2262195060,23812,30,94440.0,94000.0
328,2021-05-01,94260.0,94500.0,92500.0,94050.0,131485000,1398,10,95000.0,93100.0
329,2021-05-02,92790.0,92900.0,92010.0,92710.0,91323350,985,4,94050.0,92020.0
330,2021-05-03,92020.0,92260.0,89640.0,90330.0,522011690,5779,16,92710.0,89720.0
331,2021-05-05,90720.0,92670.0,90210.0,90580.0,1443440980,15936,20,90330.0,90210.0
332,2021-05-08,91380.0,91380.0,89600.0,90290.0,1172064530,12981,13,90580.0,89770.0
333,2021-05-09,90700.0,92000.0,88820.0,90210.0,788184650,8737,18,90290.0,88830.0
334,2021-05-10,89330.0,92000.0,89330.0,90610.0,925008660,10209,14,90210.0,90060.0
335,2021-05-11,91010.0,93170.0,91010.0,92590.0,824644320,8906,28,90610.0,92650.0
336,2021-05-12,91830.0,91840.0,91400.0,91820.0,105862970,1153,9,92590.0,91550.0
337,2021-05-15,92140.0,92990.0,91180.0,91560.0,212148200,2317,25,91820.0,92990.0
338,2021-05-16,92000.0,92800.0,91000.0,91970.0,207854450,2260,19,91560.0,91000.0
339,2021-05-17,91500.0,92300.0,90110.0,91330.0,108227300,1185,7,91970.0,91600.0
340,2021-05-18,89910.0,91500.0,89910.0,90840.0,574817430,6328,17,91330.0,91200.0
341,2021-05-19,90360.0,90500.0,89440.0,90240.0,104954440,1163,11,90840.0,90010.0
342,2021-05-22,89730.0,89730.0,86210.0,86700.0,418913450,4832,22,90240.0,86220.0
343,2021-05-23,85660.0,85660.0,83980.0,84230.0,631973540,7503,19,86700.0,83980.0
344,2021-05-24,83470.0,85400.0,83110.0,83330.0,275079960,3301,13,84230.0,83140.0
345,2021-05-25,83060.0,84990.0,83060.0,84140.0,346757400,4121,26,83330.0,83650.0
346,2021-05-26,83790.0,83790.0,83780.0,83780.0,167481370,1999,8,84140.0,83780.0
347,2021-05-29,85000.0,86500.0,85000.0,85980.0,542778670,6313,26,83780.0,86300.0
348,2021-05-30,88800.0,90400.0,86780.0,87320.0,987781960,11312,24,85980.0,86780.0
349,2021-05-31,86400.0,87840.0,82460.0,86340.0,75550840,875,11,87320.0,85900.0
350,2021-06-01,85930.0,88000.0,85930.0,86420.0,228938420,2649,11,86340.0,88000.0
351,2021-06-02,88190.0,88500.0,86240.0,87720.0,183069150,2087,15,86420.0,87500.0
352,2021-06-08,87840.0,87850.0,86780.0,87780.0,156516280,1783,15,87720.0,86780.0
353,2021-06-09,86970.0,88000.0,86160.0,86360.0,107951480,1250,10,87780.0,88000.0
354,2021-06-12,86900.0,88230.0,85900.0,86630.0,129858200,1499,7,86360.0,88230.0
355,2021-06-13,87000.0,88290.0,86060.0,87080.0,193572120,2223,14,86630.0,87000.0
356,2021-06-14,86240.0,87500.0,86240.0,86380.0,74458160,862,5,87080.0,87500.0
357,2021-06-15,87130.0,88000.0,87130.0,87160.0,220003120,2524,15,86380.0,88000.0
358,2021-06-16,86230.0,86840.0,85780.0,86160.0,108823540,1263,12,87160.0,86120.0
359,2021-06-19,86400.0,88500.0,86400.0,87280.0,56206510,644,8,86160.0,87300.0
360,2021-06-20,87280.0,87980.0,86850.0,86880.0,386709830,4451,8,87280.0,87980.0
361,2021-06-21,86280.0,86650.0,85730.0,86380.0,36105240,418,4,86880.0,86650.0
362,2021-06-22,87410.0,87410.0,87400.0,87400.0,568628960,6506,9,86380.0,87400.0
363,2021-06-23,88520.0,91440.0,88520.0,90680.0,1627431700,17947,27,87400.0,91440.0
364,2021-06-26,90480.0,94420.0,90480.0,93340.0,832902050,8923,31,90680.0,94420.0
365,2021-06-27,91280.0,94850.0,91280.0,92700.0,462559230,4990,20,93340.0,92900.0
366,2021-06-28,91570.0,94430.0,91570.0,92280.0,3761768230,40766,40,92700.0,92620.0
367,2021-06-29,92870.0,95200.0,92620.0,92870.0,1910621550,20573,38,92280.0,93500.0
368,2021-06-30,92980.0,93890.0,92980.0,93260.0,176171080,1889,14,92870.0,92980.0
369,2021-07-03,94270.0,94290.0,91000.0,92750.0,5047832900,54427,24,93260.0,91670.0
370,2021-07-04,91460.0,92850.0,91050.0,91680.0,884357180,9646,14,92750.0,92100.0
371,2021-07-05,92470.0,94320.0,92470.0,93380.0,223834090,2397,13,91680.0,93590.0
372,2021-07-06,94990.0,96250.0,94040.0,95690.0,463036270,4839,28,93380.0,96250.0
373,2021-07-07,94770.0,96350.0,94770.0,95280.0,240963120,2529,22,95690.0,94800.0
374,2021-07-10,96950.0,96950.0,94700.0,95240.0,54189650,569,5,95280.0,94700.0
375,2021-07-11,96650.0,96980.0,94870.0,95800.0,1041546780,10872,31,95240.0,95850.0
376,2021-07-12,97390.0,97640.0,96800.0,97290.0,1063167000,10928,29,95800.0,96800.0
377,2021-07-13,98830.0,98830.0,97000.0,98510.0,1379576840,14005,31,97290.0,97800.0
378,2021-07-14,97130.0,97700.0,97130.0,97190.0,130232060,1340,9,98510.0,97700.0
379,2021-07-17,97640.0,100260.0,97640.0,98000.0,732165230,7471,18,97190.0,97900.0
380,2021-07-18,97020.0,98690.0,96750.0,96870.0,185497880,1915,10,98000.0,96750.0
381,2021-07-19,97590.0,98850.0,97570.0,97620.0,298528540,3058,10,96870.0,98800.0
382,2021-07-26,98500.0,98500.0,98040.0,98130.0,1031327310,10510,21,97620.0,98040.0
383,2021-07-27,98090.0,98090.0,98090.0,98090.0,484956960,4944,10,98130.0,98090.0
384,2021-07-28,96970.0,98890.0,96970.0,98010.0,1100908030,11233,19,98090.0,97510.0
385,2021-07-31,99240.0,101970.0,99240.0,100220.0,629266060,6279,35,98010.0,100730.0
386,2021-08-01,100730.0,103360.0,100730.0,103010.0,915840720,8891,41,100220.0,102700.0
387,2021-08-02,100450.0,102480.0,100450.0,100920.0,276712130,2742,28,103010.0,101880.0
388,2021-08-03,100990.0,102130.0,100590.0,101010.0,319683550,3165,12,100920.0,102130.0
389,2021-08-04,103500.0,103900.0,101600.0,103320.0,2169465940,20998,39,101010.0,103090.0
390,2021-08-07,104030.0,104050.0,102700.0,103080.0,2995477010,29060,29,103320.0,102700.0
391,2021-08-08,104760.0,104760.0,102890.0,103990.0,1039756700,9999,24,103080.0,104170.0
392,2021-08-09,104190.0,105000.0,104190.0,104590.0,2715208090,25960,33,103990.0,104600.0
393,2021-08-10,105200.0,108000.0,105200.0,106860.0,642331890,6011,28,104590.0,107490.0
394,2021-08-11,107550.0,113030.0,107550.0,110430.0,2608463180,23621,60,106860.0,111550.0
395,2021-08-14,110340.0,112700.0,107810.0,110520.0,2545934500,23037,41,110430.0,111020.0
396,2021-08-15,111100.0,111100.0,108200.0,110660.0,1374178630,12418,29,110520.0,110800.0
397,2021-08-22,110860.0,113830.0,110860.0,112430.0,674908630,6003,31,110660.0,112300.0
398,2021-08-23,112000.0,112590.0,109710.0,111320.0,665923320,5982,22,112430.0,112400.0
399,2021-08-24,112400.0,114650.0,112400.0,113410.0,4077915480,35958,69,111320.0,114650.0
400,2021-08-25,114700.0,115470.0,112660.0,113670.0,5137289330,45193,46,113410.0,114810.0
401,2021-08-28,117900.0,119950.0,117830.0,119140.0,1662900610,13957,58,113670.0,119940.0
402,2021-08-29,119100.0,120990.0,113960.0,118030.0,3183031020,26969,69,119140.0,114020.0
403,2021-08-30,114150.0,114580.0,110220.0,112910.0,11953876540,105875,78,118030.0,111540.0
404,2021-08-31,111630.0,114900.0,110010.0,111390.0,4327030840,38847,63,112910.0,110970.0
405,2021-09-01,109500.0,114050.0,109500.0,112610.0,2385032930,21180,34,111390.0,113970.0
406,2021-09-04,114510.0,116160.0,113300.0,114670.0,431733070,3765,30,112610.0,114000.0
407,2021-09-05,114160.0,114600.0,111930.0,113050.0,186864400,1653,18,114670.0,113990.0
408,2021-09-06,113990.0,114090.0,112110.0,112530.0,1153063540,10247,49,113050.0,112110.0
409,2021-09-07,110130.0,111400.0,110090.0,110640.0,139511980,1261,13,112530.0,110100.0
410,2021-09-08,112700.0,112700.0,109850.0,110840.0,1484764650,13396,29,110640.0,111690.0
411,2021-09-11,112470.0,114100.0,112000.0,112850.0,1487487320,13181,49,110840.0,112000.0
412,2021-09-12,106960.0,109430.0,105910.0,107140.0,296658990,2769,23,112850.0,107060.0
413,2021-09-13,107180.0,107190.0,104280.0,106110.0,733445870,6912,17,107140.0,106210.0
414,2021-09-14,109000.0,109000.0,107390.0,108170.0,283503160,2621,14,106110.0,108140.0
415,2021-09-15,106920.0,109800.0,106920.0,107510.0,194584840,1810,16,108170.0,106920.0
416,2021-09-18,106700.0,106700.0,104310.0,105560.0,50352760,477,8,107510.0,105600.0
417,2021-09-19,105770.0,105770.0,100800.0,101520.0,340182500,3351,14,105560.0,101000.0
418,2021-09-20,101740.0,104500.0,101740.0,102120.0,357526770,3501,14,101520.0,104500.0
419,2021-09-21,100440.0,100440.0,98210.0,98860.0,170634110,1726,7,102120.0,98230.0
420,2021-09-22,98320.0,100960.0,98310.0,99080.0,1587908970,16026,20,98860.0,99290.0
421,2021-09-25,102000.0,102000.0,100390.0,101150.0,660628570,6531,14,99080.0,102000.0
422,2021-09-26,101560.0,101560.0,100600.0,101340.0,65872500,650,6,101150.0,100950.0
423,2021-09-28,102000.0,102000.0,100590.0,100680.0,781786110,7765,13,101340.0,100590.0
424,2021-09-29,101150.0,102500.0,101020.0,101290.0,237718890,2347,12,100680.0,102100.0
425,2021-10-02,102770.0,105800.0,102770.0,104300.0,2119477880,20321,26,101290.0,104300.0
426,2021-10-03,104310.0,106000.0,103080.0,105720.0,946827710,8956,25,104300.0,106000.0
427,2021-10-04,104000.0,106700.0,104000.0,104550.0,1710801400,16364,26,105720.0,104470.0
428,2021-10-06,104040.0,105100.0,104040.0,104560.0,1885883960,18036,24,104550.0,104550.0
429,2021-10-09,106890.0,115010.0,101240.0,106050.0,5623533480,53028,91,104560.0,102000.0
430,2021-10-10,103000.0,104290.0,100570.0,102050.0,566680940,5553,32,106050.0,101810.0
431,2021-10-11,102110.0,103000.0,102000.0,102100.0,552875540,5415,18,102050.0,102090.0
432,2021-10-12,99390.0,99980.0,97970.0,98620.0,319922240,3244,9,102100.0,98110.0
433,2021-10-13,100820.0,100820.0,96590.0,97700.0,428596830,4387,15,98620.0,98700.0
434,2021-10-16,98260.0,103180.0,98260.0,100450.0,1470015330,14634,26,97700.0,102000.0
435,2021-10-17,100910.0,101900.0,99940.0,100810.0,603227330,5984,19,100450.0,100100.0
436,2021-10-18,99170.0,101800.0,99170.0,99820.0,1140040330,11421,15,100810.0,100430.0
437,2021-10-19,100530.0,103850.0,100530.0,102070.0,905369350,8870,34,99820.0,101090.0
438,2021-10-20,100540.0,101120.0,100210.0,100740.0,216191390,2146,16,102070.0,100210.0
439,2021-10-23,99500.0,99500.0,95980.0,96810.0,220438650,2277,26,100740.0,96000.0
440,2021-10-25,96440.0,97690.0,95110.0,95450.0,292374510,3063,24,96810.0,95110.0
441,2021-10-26,94780.0,95350.0,94650.0,94940.0,170793790,1799,14,95450.0,95350.0
442,2021-10-27,97900.0,97920.0,95320.0,96820.0,671447840,6935,28,94940.0,97300.0
443,2021-10-30,94820.0,94820.0,93520.0,93860.0,370361010,3946,13,96820.0,94300.0
444,2021-10-31,93080.0,93080.0,90820.0,92010.0,253680430,2757,17,93860.0,91500.0
445,2021-11-01,93570.0,94900.0,93570.0,93960.0,775988020,8259,25,92010.0,93990.0
446,2021-11-02,94990.0,95800.0,94990.0,95180.0,193501220,2033,11,93960.0,95040.0
447,2021-11-03,95070.0,97940.0,95070.0,96580.0,320552040,3319,19,95180.0,97940.0
448,2021-11-06,100300.0,103500.0,100000.0,102210.0,3749057270,36681,107,96580.0,103300.0
449,2021-11-07,103000.0,103000.0,99040.0,101440.0,1503662590,14823,57,102210.0,99040.0
450,2021-11-08,98850.0,103300.0,98850.0,99990.0,594322510,5944,31,101440.0,103300.0
451,2021-11-09,101000.0,103320.0,101000.0,102020.0,1038531780,10180,36,99990.0,103300.0
452,2021-11-10,103510.0,103510.0,100800.0,102150.0,567632880,5557,48,102020.0,102980.0
453,2021-11-13,102210.0,102210.0,99430.0,101640.0,476191090,4685,16,102150.0,100400.0
454,2021-11-14,102000.0,102800.0,99600.0,101520.0,692478220,6821,23,101640.0,101500.0
455,2021-11-15,99750.0,99750.0,97700.0,99520.0,50359350,506,6,101520.0,99400.0
456,2021-11-16,98200.0,99900.0,98080.0,98190.0,415462480,4231,12,99520.0,99900.0
457,2021-11-17,98470.0,98600.0,97790.0,98010.0,78601950,802,10,98190.0,97800.0
458,2021-11-20,97900.0,99000.0,95680.0,96800.0,527954100,5454,28,98010.0,98270.0
459,2021-11-21,95680.0,98030.0,95440.0,96830.0,421901970,4357,22,96800.0,97060.0
460,2021-11-22,98050.0,99250.0,98050.0,98170.0,423821200,4317,18,96830.0,98050.0
461,2021-11-23,98220.0,99350.0,97730.0,98100.0,408311650,4162,22,98170.0,97730.0
462,2021-11-24,98000.0,98790.0,97200.0,98060.0,101001020,1030,12,98100.0,98600.0
463,2021-11-27,97300.0,97300.0,94850.0,96970.0,1039931940,10724,12,98060.0,97290.0
464,2021-11-28,95000.0,96440.0,95000.0,95980.0,102406330,1067,9,96970.0,96430.0
465,2021-11-29,94510.0,96000.0,94460.0,94570.0,127959880,1353,9,95980.0,94460.0
466,2021-11-30,94500.0,95900.0,94500.0,94870.0,25044800,264,5,94570.0,94600.0
467,2021-12-01,94000.0,94000.0,92270.0,92350.0,471895160,5110,13,94870.0,92980.0
468,2021-12-04,92960.0,94000.0,92950.0,93040.0,412533780,4434,15,92350.0,92960.0
469,2021-12-05,92680.0,93300.0,92680.0,92980.0,177596040,1910,13,93040.0,93280.0
470,2021-12-06,93140.0,94000.0,92870.0,93290.0,365325470,3916,16,92980.0,94000.0
471,2021-12-07,93010.0,93010.0,93010.0,93010.0,140166070,1507,8,93290.0,93010.0
472,2021-12-08,93290.0,94500.0,93290.0,93600.0,361215720,3859,11,93010.0,94500.0
473,2021-12-11,94720.0,96380.0,94370.0,95510.0,206970360,2167,18,93600.0,94370.0
474,2021-12-12,93520.0,93520.0,92040.0,92070.0,529297800,5749,5,95510.0,92040.0
475,2021-12-13,92160.0,92160.0,92040.0,92080.0,78086640,848,4,92070.0,92040.0
476,2021-12-14,88890.0,91220.0,88890.0,90560.0,290165280,3204,12,92080.0,90390.0
477,2021-12-15,90390.0,91000.0,89670.0,89750.0,463205370,5161,13,90560.0,90280.0
478,2021-12-18,91330.0,92000.0,89710.0,91330.0,1047780680,11473,13,89750.0,91140.0
479,2021-12-19,90950.0,90950.0,89830.0,90000.0,226891490,2521,21,91330.0,89840.0
480,2021-12-20,91530.0,91530.0,89120.0,90800.0,317521250,3497,18,90000.0,91530.0
481,2021-12-21,92880.0,94840.0,92360.0,94550.0,644159290,6813,47,90800.0,94690.0
482,2021-12-22,95970.0,98500.0,95970.0,97390.0,1827168150,18762,95,94550.0,97000.0
483,2021-12-25,97010.0,99960.0,97010.0,98640.0,955670180,9688,25,97390.0,98990.0
484,2021-12-26,96780.0,99300.0,96780.0,96830.0,517833490,5348,17,98640.0,96860.0
485,2021-12-27,100610.0,101950.0,99010.0,100460.0,4481418610,44610,56,96830.0,99260.0
486,2021-12-28,99260.0,99500.0,97730.0,98760.0,846440670,8571,23,100460.0,99500.0
487,2021-12-29,98640.0,99500.0,98640.0,98830.0,422108570,4271,21,98760.0,99500.0
488,2022-01-01,97750.0,97900.0,96650.0,96690.0,857893800,8873,12,98830.0,97900.0
489,2022-01-02,97900.0,97900.0,96790.0,96820.0,347107520,3585,12,96690.0,97740.0
490,2022-01-03,98000.0,98000.0,96020.0,97020.0,4250580700,43810,362,96820.0,97410.0
491,2022-01-04,96530.0,96530.0,96530.0,96530.0,43245440,448,1,97020.0,96530.0
492,2022-01-05,95370.0,96810.0,95370.0,96050.0,707146740,7362,47,96530.0,96810.0
493,2022-01-08,96820.0,96820.0,96050.0,96440.0,50424237750,522847,16,96050.0,96440.0
494,2022-01-09,94460.0,95430.0,93360.0,95430.0,441302051750,4624513,108,96440.0,95430.0
495,2022-01-10,93090.0,96240.0,93090.0,95280.0,2998549240,31472,361,95430.0,96240.0
496,2022-01-11,94880.0,94880.0,94880.0,94880.0,18976000,200,3,95280.0,94880.0
497,2022-01-12,94430.0,94430.0,94430.0,94430.0,42021350,445,2,94880.0,94430.0
498,2022-01-15,94650.0,95000.0,92780.0,94170.0,173370750,1841,11,94430.0,92780.0
499,2022-01-16,92670.0,92680.0,92670.0,92670.0,96566770,1042,6,94170.0,92670.0
500,2022-01-17,92870.0,92870.0,91520.0,91550.0,446565510,4878,2,92670.0,91520.0
501,2022-01-18,90620.0,90630.0,90300.0,90590.0,115042960,1270,7,91550.0,90510.0
502,2022-01-19,89410.0,91710.0,89300.0,90530.0,7378263900,81505,950,90590.0,91510.0
503,2022-01-22,90080.0,91510.0,90070.0,90920.0,35821820,394,5,90530.0,90680.0
504,2022-01-23,90470.0,90470.0,89290.0,89660.0,39987080,446,5,90920.0,89290.0
505,2022-01-24,87260.0,89630.0,86610.0,87300.0,450314090,5158,17,89660.0,86610.0
506,2022-01-25,86160.0,88500.0,83610.0,86020.0,543103760,6314,19,87300.0,85880.0
507,2022-01-26,87090.0,87990.0,85200.0,87040.0,970879730,11155,25,86020.0,87990.0
508,2022-01-29,86940.0,90000.0,86930.0,88230.0,162174460,1838,40,87040.0,90000.0
509,2022-01-30,89500.0,91790.0,88410.0,89750.0,1613751780,17981,34,88230.0,90250.0
510,2022-01-31,89560.0,90800.0,89560.0,90400.0,436428630,4828,24,89750.0,90690.0
511,2022-02-01,91090.0,93540.0,91090.0,91540.0,1218489660,13311,39,90400.0,91090.0
512,2022-02-02,90590.0,91460.0,90590.0,91430.0,950201870,10393,14,91540.0,91460.0
513,2022-02-05,93460.0,93460.0,92990.0,93280.0,44121480,473,7,91430.0,92990.0
514,2022-02-06,90900.0,90900.0,88100.0,88540.0,712928160,8052,24,93280.0,88110.0
515,2022-02-07,88280.0,90000.0,88220.0,88640.0,118069470,1332,12,88540.0,89880.0
516,2022-02-08,89880.0,90090.0,88390.0,89080.0,208717150,2343,14,88640.0,89880.0
517,2022-02-09,89200.0,90500.0,89190.0,89230.0,454258140,5091,25,89080.0,90500.0
518,2022-02-12,89360.0,91600.0,89010.0,89780.0,10121843160,112741,814,89230.0,90440.0
519,2022-02-13,88750.0,88750.0,88730.0,88730.0,96986890,1093,5,89780.0,88730.0
520,2022-02-14,88560.0,90850.0,88560.0,89730.0,47289540,527,6,88730.0,90500.0
521,2022-02-16,90880.0,90880.0,89050.0,89990.0,282663850,3141,14,89730.0,90500.0
522,2022-02-19,88900.0,89200.0,88770.0,88790.0,103978290,1171,7,89990.0,89200.0
523,2022-02-20,89410.0,91060.0,89410.0,90110.0,183381080,2035,23,88790.0,90600.0
524,2022-02-21,89720.0,90730.0,89720.0,90110.0,271856600,3017,19,90110.0,90730.0
525,2022-02-22,90820.0,91450.0,90790.0,90860.0,108576170,1195,15,90110.0,91450.0
526,2022-02-23,92100.0,92790.0,91230.0,91560.0,236398200,2582,31,90860.0,91260.0
527,2022-02-26,91570.0,91570.0,91570.0,91570.0,703623880,7684,9,91560.0,91570.0
528,2022-02-27,90050.0,90250.0,90050.0,90240.0,600346060,6653,10,91570.0,90250.0
529,2022-02-28,90840.0,91790.0,90830.0,90880.0,105062620,1156,9,90240.0,90830.0
530,2022-03-02,91030.0,91350.0,91030.0,91040.0,643378810,7067,10,90880.0,91350.0
531,2022-03-05,91900.0,92000.0,91900.0,91950.0,389764500,4239,17,91040.0,91900.0
532,2022-03-06,92390.0,94000.0,92390.0,93700.0,346489820,3698,15,91950.0,93710.0
533,2022-03-07,94770.0,97980.0,94770.0,96920.0,723802270,7468,23,93700.0,97960.0
534,2022-03-08,94880.0,94900.0,94880.0,94880.0,544345580,5737,13,96920.0,94880.0
535,2022-03-09,94640.0,96500.0,94630.0,95320.0,191773900,2012,10,94880.0,96000.0
536,2022-03-12,96240.0,96240.0,93570.0,94940.0,4102106760,43206,271,95320.0,95970.0
537,2022-03-13,96270.0,96270.0,96260.0,96270.0,19734350,205,3,94940.0,96260.0
538,2022-03-15,93280.0,94000.0,93280.0,93700.0,8901200,95,2,96270.0,94000.0
539,2022-03-16,95310.0,95320.0,95310.0,95310.0,537744020,5642,11,93700.0,95310.0
540,2022-03-19,97900.0,97900.0,95870.0,96420.0,73569520,763,9,95310.0,97850.0
541,2022-03-26,98000.0,98700.0,98000.0,98320.0,202140000,2056,8,96420.0,98010.0
542,2022-03-27,98020.0,102250.0,98020.0,101130.0,6837495330,67613,379,98320.0,100310.0
543,2022-03-28,100660.0,103280.0,100550.0,102420.0,7871517630,76859,519,101130.0,103170.0
544,2022-03-29,102250.0,103160.0,100490.0,101900.0,6109935360,59961,397,102420.0,102900.0
545,2022-03-30,102450.0,102500.0,102450.0,102500.0,66930250,653,4,101900.0,102500.0
546,2022-04-03,102210.0,105100.0,102210.0,103760.0,102721960,990,7,102500.0,104000.0
547,2022-04-04,106490.0,106500.0,105890.0,105910.0,717143940,6771,23,103760.0,106100.0
548,2022-04-05,105630.0,107270.0,102830.0,104290.0,1206206870,11566,21,105910.0,107270.0
549,2022-04-06,104000.0,104000.0,103120.0,103620.0,1106291230,10676,13,104290.0,103120.0
550,2022-04-09,103120.0,104150.0,102870.0,103290.0,126735290,1227,9,103620.0,102870.0
551,2022-04-10,104150.0,106130.0,102770.0,104750.0,8423643930,80413,517,103290.0,105000.0
552,2022-04-11,104550.0,106940.0,104510.0,105770.0,11565047330,109341,744,104750.0,104860.0
553,2022-04-12,106800.0,116340.0,103500.0,109160.0,13805610440,126466,89,105770.0,104000.0
554,2022-04-13,101350.0,105000.0,101350.0,103470.0,8731920550,84394,80,109160.0,103070.0
555,2022-04-16,103010.0,104300.0,103010.0,103880.0,4803086950,46239,66,103470.0,104060.0
556,2022-04-17,106650.0,106650.0,103830.0,104080.0,333788880,3207,20,103880.0,104010.0
557,2022-04-18,106450.0,106590.0,103840.0,105610.0,9154547300,86681,537,104080.0,106310.0
558,2022-04-19,105200.0,107840.0,105200.0,106480.0,1146900600,10771,14,105610.0,106820.0
559,2022-04-20,106820.0,108490.0,106480.0,106580.0,1173403620,11010,20,106480.0,106480.0
560,2022-04-24,106710.0,106750.0,105110.0,106710.0,2480066320,23242,53,106580.0,106710.0
561,2022-04-25,105980.0,106710.0,105980.0,106090.0,39041460,368,3,106710.0,106000.0
562,2022-04-26,107450.0,108800.0,107450.0,107960.0,119510730,1107,17,106090.0,107900.0
563,2022-04-27,107220.0,107990.0,107220.0,107230.0,330166570,3079,9,107960.0,107220.0
564,2022-04-30,107220.0,107220.0,107000.0,107010.0,99309600,928,9,107230.0,107000.0
565,2022-05-01,106620.0,108440.0,106590.0,107350.0,453668960,4226,15,107010.0,107490.0
566,2022-05-02,108370.0,110500.0,108000.0,109530.0,3617978040,33031,26,107350.0,109800.0
567,2022-05-07,108870.0,119900.0,108850.0,112910.0,5718395610,50647,47,109530.0,111790.0
568,2022-05-08,108670.0,112600.0,108670.0,111490.0,264672260,2374,17,112910.0,112600.0
569,2022-05-09,110160.0,112470.0,110150.0,110460.0,167575350,1517,10,111490.0,112190.0
570,2022-05-10,109290.0,112000.0,109290.0,110030.0,268155250,2437,13,110460.0,110320.0
571,2022-05-11,112470.0,114990.0,112470.0,113580.0,313366530,2759,12,110030.0,113660.0
572,2022-05-14,115000.0,115990.0,114250.0,115190.0,1326709540,11518,29,113580.0,115500.0
573,2022-05-15,115000.0,115110.0,115000.0,115070.0,421140120,3660,11,115190.0,115010.0
574,2022-05-16,115400.0,117080.0,115400.0,116470.0,450865410,3871,25,115070.0,117080.0
575,2022-05-17,117040.0,117840.0,117040.0,117350.0,204419680,1742,17,116470.0,117280.0
576,2022-05-18,116840.0,119490.0,116830.0,117340.0,6097914460,51967,15,117350.0,116900.0
577,2022-05-21,116260.0,117650.0,114540.0,116400.0,1297469100,11147,46,117340.0,116500.0
578,2022-05-22,117000.0,119920.0,116740.0,117080.0,486683490,4157,19,116400.0,116750.0
579,2022-05-23,117530.0,119000.0,112610.0,116020.0,727669930,6272,34,117080.0,112860.0
580,2022-05-24,114500.0,114500.0,113310.0,113760.0,265057250,2330,14,116020.0,113310.0
581,2022-05-25,114450.0,116000.0,114450.0,114530.0,662528050,5785,13,113760.0,114460.0
582,2022-05-28,118030.0,118030.0,110520.0,113500.0,3166360330,27897,23,114530.0,114600.0
583,2022-05-29,111940.0,112910.0,111920.0,111940.0,318687210,2847,12,113500.0,112910.0
584,2022-05-30,114040.0,115970.0,113000.0,115030.0,636129810,5530,30,111940.0,115640.0
585,2022-05-31,112870.0,115680.0,112870.0,114640.0,807276990,7042,14,115030.0,113700.0
586,2022-06-01,117070.0,117070.0,113960.0,115100.0,598049980,5196,16,114640.0,113960.0
587,2022-06-06,112860.0,112890.0,109890.0,110720.0,5212692330,47082,20,115100.0,109890.0
588,2022-06-07,110190.0,110190.0,110190.0,110190.0,246935790,2241,6,110720.0,110190.0
589,2022-06-08,110250.0,110250.0,110230.0,110240.0,9921700,90,2,110190.0,110230.0
590,2022-06-11,109460.0,109460.0,109450.0,109450.0,168775120,1542,7,110240.0,109450.0
591,2022-06-12,109840.0,112830.0,109840.0,111840.0,4068011910,36375,24,109450.0,112830.0
592,2022-06-13,112300.0,115500.0,112300.0,114000.0,225716100,1980,8,111840.0,115500.0
593,2022-06-14,115500.0,115500.0,114000.0,114800.0,5212505500,45405,8,114000.0,114800.0
594,2022-06-15,115340.0,115340.0,112410.0,113950.0,117022240,1027,8,114800.0,114000.0
595,2022-06-18,113950.0,113950.0,113950.0,113950.0,4045452900,35502,1,113950.0,113950.0
596,2022-06-19,110550.0,113000.0,110550.0,111920.0,108450150,969,8,113950.0,112990.0
597,2022-06-20,111040.0,111800.0,111020.0,111060.0,1169644700,10532,5,111920.0,111800.0
598,2022-06-21,110100.0,110100.0,110090.0,110100.0,246175230,2236,10,111060.0,110100.0
599,2022-06-22,110100.0,110100.0,109420.0,109500.0,177168780,1618,7,110100.0,110000.0
600,2022-06-25,110020.0,110990.0,109370.0,110000.0,313824810,2853,12,109500.0,109370.0
601,2022-06-26,110990.0,111000.0,108060.0,108780.0,213106230,1959,19,110000.0,108060.0
602,2022-06-27,107750.0,108170.0,106910.0,107750.0,209358540,1943,8,108780.0,108170.0
603,2022-06-28,109480.0,110000.0,109480.0,109680.0,131620760,1200,13,107750.0,110000.0
604,2022-06-29,110800.0,110800.0,108950.0,108960.0,5108646270,46884,9,109680.0,109860.0
605,2022-07-02,108980.0,109960.0,106660.0,108380.0,1502997780,13868,10,108960.0,106660.0
606,2022-07-03,109960.0,109960.0,107340.0,107860.0,29769940,276,3,108380.0,107340.0
607,2022-07-04,107700.0,108000.0,107700.0,107830.0,123139900,1142,5,107860.0,107800.0
608,2022-07-05,107550.0,107830.0,107550.0,107590.0,299432380,2783,15,107830.0,107830.0
609,2022-07-06,106730.0,106730.0,106730.0,106730.0,5352509500,50150,4,107590.0,106730.0
610,2022-07-09,106260.0,107500.0,106260.0,106590.0,196224660,1841,6,106730.0,107500.0
611,2022-07-11,105600.0,105700.0,105600.0,105610.0,60619300,574,7,106590.0,105600.0
612,2022-07-13,107570.0,107570.0,106360.0,106510.0,45584290,428,6,105610.0,106360.0
613,2022-07-16,106010.0,106010.0,104790.0,104970.0,42513590,405,7,106510.0,104910.0
614,2022-07-17,104320.0,105000.0,104310.0,104350.0,95166340,912,11,104970.0,104310.0
615,2022-07-19,103380.0,103380.0,103380.0,103380.0,373305180,3611,5,104350.0,103380.0
616,2022-07-20,104220.0,105950.0,104220.0,104550.0,80401950,769,4,103380.0,104220.0
617,2022-07-23,105800.0,105900.0,104420.0,105310.0,237680510,2257,14,104550.0,105110.0
618,2022-07-24,104840.0,104840.0,103060.0,104790.0,2112797380,20163,11,105310.0,104830.0
619,2022-07-25,103870.0,103870.0,101160.0,102920.0,24392970,237,5,104790.0,103000.0
620,2022-07-26,101690.0,101690.0,99120.0,99690.0,45157930,453,7,102920.0,99120.0
621,2022-07-27,99610.0,99660.0,99610.0,99650.0,11958200,120,2,99690.0,99660.0
622,2022-07-30,100900.0,102830.0,100150.0,100400.0,447064340,4453,11,99650.0,100150.0
623,2022-07-31,99850.0,99850.0,97940.0,99770.0,1099147270,11017,8,100400.0,99380.0
624,2022-08-01,101000.0,101000.0,101000.0,101000.0,5050000,50,1,99770.0,101000.0
625,2022-08-02,99290.0,101000.0,99280.0,99720.0,388513800,3896,10,101000.0,100000.0
626,2022-08-03,100200.0,100800.0,100200.0,100480.0,311704010,3102,11,99720.0,100800.0
627,2022-08-06,104020.0,105170.0,104020.0,105050.0,196229750,1868,10,100480.0,105170.0
628,2022-08-09,103000.0,103010.0,102750.0,102820.0,267645920,2603,7,105050.0,103010.0
629,2022-08-10,102580.0,102580.0,102550.0,102560.0,71893760,701,3,102820.0,102550.0
630,2022-08-13,102230.0,106290.0,102230.0,105220.0,525176150,4991,16,102560.0,104610.0
631,2022-08-14,104900.0,104900.0,103900.0,104780.0,189853350,1812,10,105220.0,103900.0
632,2022-08-15,106690.0,106690.0,104000.0,104270.0,390299890,3743,12,104780.0,104200.0
633,2022-08-16,105500.0,105500.0,104490.0,105250.0,184822940,1756,9,104270.0,104490.0
634,2022-08-17,103740.0,104330.0,103740.0,104250.0,39823900,382,6,105250.0,104330.0
635,2022-08-20,104500.0,106060.0,103290.0,104730.0,12298199690,117433,899,104250.0,105720.0
636,2022-08-21,103110.0,103110.0,103110.0,103110.0,5155500,50,1,104730.0,103110.0
637,2022-08-22,105480.0,105480.0,102850.0,103220.0,665974630,6452,14,103110.0,103450.0
638,2022-08-23,104940.0,104940.0,104940.0,104940.0,10284120,98,2,103220.0,104940.0
639,2022-08-24,104120.0,105400.0,104110.0,104320.0,1463487680,14029,39,104940.0,105400.0
640,2022-08-27,105720.0,107690.0,105720.0,106100.0,666862460,6285,13,104320.0,105720.0
641,2022-08-28,104370.0,106300.0,104360.0,104390.0,373299200,3576,8,106100.0,106300.0
642,2022-08-29,104990.0,106000.0,104550.0,104690.0,88569800,846,11,104390.0,106000.0
643,2022-08-30,104410.0,104410.0,104400.0,104410.0,414175460,3967,6,104690.0,104400.0
644,2022-08-31,104400.0,104400.0,104100.0,104100.0,3461342000,33250,3,104410.0,104100.0
645,2022-09-03,104430.0,104430.0,103000.0,103300.0,48862000,473,4,104100.0,103000.0
646,2022-09-04,104990.0,104990.0,102700.0,103600.0,123080630,1188,11,103300.0,102700.0
647,2022-09-05,102980.0,103010.0,102980.0,103000.0,89510600,869,9,103600.0,103010.0
648,2022-09-06,102860.0,104480.0,102860.0,103750.0,22409840,216,5,103000.0,103200.0
649,2022-09-07,102530.0,105290.0,102530.0,103850.0,3856844070,37139,46,103750.0,102540.0
650,2022-09-10,101690.0,103500.0,100790.0,102130.0,5839960340,57184,57,103850.0,102930.0
651,2022-09-11,102130.0,102130.0,100680.0,101340.0,109646260,1082,8,102130.0,100680.0
652,2022-09-12,100250.0,102630.0,100250.0,101310.0,79633330,786,7,101340.0,101070.0
653,2022-09-13,101390.0,101470.0,101380.0,101390.0,280337830,2765,9,101310.0,101380.0
654,2022-09-14,101650.0,103470.0,101640.0,101880.0,57970760,569,6,101390.0,102540.0
655,2022-09-18,100740.0,100740.0,100740.0,100740.0,268270620,2663,4,101880.0,100740.0
656,2022-09-19,101100.0,101100.0,101100.0,101100.0,50651100,501,7,100740.0,101100.0
657,2022-09-20,100180.0,101520.0,100180.0,101380.0,12571060,124,3,101100.0,101520.0
658,2022-09-21,102000.0,102000.0,101930.0,101940.0,25384000,249,2,101380.0,101930.0
659,2022-09-24,101540.0,101540.0,97080.0,97460.0,99316390,1019,8,101940.0,97080.0
660,2022-09-26,96550.0,98070.0,96550.0,97610.0,179116710,1835,8,97460.0,98070.0
661,2022-09-28,98740.0,101410.0,98740.0,99680.0,88912330,892,9,97610.0,99130.0
662,2022-10-01,99750.0,99750.0,97460.0,97760.0,76445450,782,12,99680.0,97490.0
663,2022-10-02,96800.0,96800.0,96400.0,96410.0,1008267250,10458,4,97760.0,96400.0
664,2022-10-03,97000.0,97000.0,97000.0,97000.0,133957000,1381,8,96410.0,97000.0
665,2022-10-04,97000.0,97000.0,96510.0,96680.0,61874200,640,4,97000.0,96510.0
666,2022-10-08,96870.0,98890.0,96860.0,97090.0,48255690,497,7,96680.0,96860.0
667,2022-10-09,96540.0,96540.0,95840.0,95970.0,47983000,500,2,97090.0,95840.0
668,2022-10-10,96190.0,96500.0,96190.0,96220.0,143845900,1495,6,95970.0,96190.0
669,2022-10-11,96950.0,97500.0,96950.0,97440.0,173348550,1779,5,96220.0,97500.0
670,2022-10-12,97800.0,98020.0,97800.0,97860.0,165473960,1691,6,97440.0,98020.0
671,2022-10-15,97720.0,100320.0,97720.0,97780.0,233488960,2388,4,97860.0,97720.0
672,2022-10-16,100310.0,100310.0,99420.0,100030.0,74322000,743,8,97780.0,99420.0
673,2022-10-17,96550.0,99100.0,96550.0,97200.0,20314150,209,4,100030.0,96600.0
674,2022-10-18,99000.0,99000.0,97220.0,97340.0,77382460,795,2,97200.0,97220.0
675,2022-10-19,96780.0,99000.0,96780.0,96960.0,504292840,5201,9,97340.0,96780.0
676,2022-10-22,96490.0,96500.0,96490.0,96500.0,58091400,602,3,96960.0,96500.0
677,2022-10-23,96540.0,96540.0,96530.0,96540.0,3231674850,33475,6,96500.0,96530.0
678,2022-10-24,96340.0,96340.0,95060.0,95310.0,69766740,732,5,96540.0,95060.0
679,2022-10-25,94730.0,94730.0,94000.0,94650.0,45998630,486,5,95310.0,94000.0
680,2022-10-29,93530.0,93530.0,93000.0,93400.0,74811000,801,5,94650.0,93000.0
681,2022-10-30,93400.0,94100.0,92650.0,93910.0,59727250,636,10,93400.0,94100.0
682,2022-10-31,94330.0,96730.0,94330.0,95620.0,181764510,1901,12,93910.0,96730.0
683,2022-11-01,95710.0,96000.0,95700.0,95800.0,81908400,855,8,95620.0,95700.0
684,2022-11-02,95530.0,96250.0,95530.0,96050.0,1525020380,15878,15,95800.0,96250.0
685,2022-11-05,97990.0,101310.0,97990.0,100110.0,25416403010,253897,1567,96050.0,98700.0
686,2022-11-06,99550.0,101490.0,99550.0,100730.0,535301750,5314,17,100110.0,101490.0
687,2022-11-07,101110.0,106330.0,101110.0,104750.0,86210920,823,9,100730.0,106330.0
688,2022-11-08,108580.0,108580.0,103870.0,106850.0,510434090,4777,13,104750.0,103870.0
689,2022-11-09,107160.0,107160.0,104400.0,107080.0,1116458160,10426,9,106850.0,107160.0
690,2022-11-12,106900.0,107050.0,106900.0,106980.0,102597690,959,12,107080.0,106900.0
691,2022-11-13,105750.0,107000.0,105750.0,106130.0,165449750,1559,6,106980.0,106960.0
692,2022-11-14,104700.0,104700.0,103560.0,104460.0,73334300,702,4,106130.0,103570.0
693,2022-11-15,104450.0,105990.0,104440.0,104450.0,888864900,8510,9,104460.0,104500.0
694,2022-11-16,105020.0,105220.0,104390.0,105210.0,2777167020,26396,10,104450.0,105220.0
695,2022-11-19,106190.0,106190.0,102840.0,105090.0,71987980,685,8,105210.0,104500.0
696,2022-11-20,104500.0,104500.0,104280.0,104310.0,861925710,8263,18,105090.0,104280.0
697,2022-11-21,104320.0,105600.0,104320.0,104960.0,507705200,4837,16,104310.0,105320.0
698,2022-11-22,104750.0,105150.0,104750.0,104850.0,209700000,2000,3,104960.0,105150.0
699,2022-11-23,104960.0,105230.0,104960.0,105180.0,731721960,6957,7,104850.0,105230.0
700,2022-11-26,107410.0,107410.0,104760.0,106990.0,89013730,832,13,105180.0,105090.0
701,2022-11-27,104700.0,106970.0,104700.0,104980.0,54590400,520,4,106990.0,104870.0
702,2022-11-28,105310.0,105310.0,105310.0,105310.0,73611690,699,4,104980.0,105310.0
703,2022-11-29,105500.0,107320.0,105210.0,105710.0,64480260,610,8,105310.0,105210.0
704,2022-11-30,108490.0,108500.0,105700.0,107230.0,9854790020,91901,519,105710.0,105700.0
705,2022-12-03,105210.0,105210.0,105180.0,105190.0,171669960,1632,6,107230.0,105180.0
706,2022-12-04,105290.0,106900.0,105290.0,105450.0,106508000,1010,6,105190.0,105300.0
707,2022-12-05,107970.0,107970.0,105690.0,106010.0,182026330,1717,7,105450.0,107000.0
708,2022-12-06,105450.0,105450.0,105450.0,105450.0,13708500,130,1,106010.0,105450.0
709,2022-12-07,105430.0,105430.0,105430.0,105430.0,105430000,1000,1,105450.0,105430.0
710,2022-12-10,105430.0,105430.0,104920.0,105020.0,26255500,250,4,105430.0,104920.0
711,2022-12-11,103660.0,104900.0,103660.0,104740.0,74257840,709,7,105020.0,104860.0
712,2022-12-12,105330.0,107000.0,105330.0,106930.0,476262370,4454,4,104740.0,107000.0
713,2022-12-13,107000.0,109440.0,107000.0,109120.0,980198900,8983,15,106930.0,109440.0
714,2022-12-14,110900.0,111440.0,110900.0,110920.0,299603540,2701,13,109120.0,110900.0
715,2022-12-17,110090.0,110090.0,110090.0,110090.0,47118520,428,1,110920.0,110090.0
716,2022-12-18,112160.0,114000.0,112160.0,113240.0,135891020,1200,8,110090.0,114000.0
717,2022-12-19,112310.0,112320.0,112310.0,112320.0,65256330,581,3,113240.0,112320.0
718,2022-12-20,111310.0,113990.0,111310.0,113520.0,76283580,672,5,112320.0,113510.0
719,2022-12-21,111170.0,114140.0,111170.0,111970.0,42998130,384,6,113520.0,111890.0
720,2022-12-24,111970.0,117320.0,111970.0,115450.0,145240470,1258,15,111970.0,115390.0
721,2022-12-25,116210.0,117000.0,116200.0,116320.0,299419980,2574,14,115450.0,116220.0
722,2022-12-26,114560.0,117610.0,114560.0,115820.0,93579590,808,7,116320.0,115800.0
723,2022-12-28,117470.0,123400.0,117470.0,119840.0,1604681240,13390,25,115820.0,121000.0
724,2022-12-31,120780.0,120780.0,116570.0,117960.0,782297060,6632,13,119840.0,118430.0
725,2023-01-01,117610.0,118200.0,115210.0,116870.0,314383640,2690,6,117960.0,115210.0
726,2023-01-02,117340.0,122000.0,117340.0,120540.0,271571840,2253,11,116870.0,121990.0
727,2023-01-03,119820.0,120000.0,119820.0,119890.0,89439720,746,4,120540.0,119820.0
728,2023-01-04,119300.0,122450.0,119300.0,119440.0,147623810,1236,4,119890.0,122450.0
729,2023-01-07,123800.0,123800.0,122400.0,122750.0,262566000,2139,8,119440.0,122400.0
730,2023-01-08,127950.0,127950.0,126000.0,127510.0,353717910,2774,14,122750.0,126000.0
731,2023-01-09,127950.0,127950.0,124640.0,125510.0,582123870,4638,29,127510.0,126300.0
732,2023-01-10,128820.0,128820.0,128200.0,128240.0,632373400,4931,6,125510.0,128200.0
733,2023-01-11,126960.0,126970.0,126960.0,126960.0,1085919520,8553,14,128240.0,126960.0
734,2023-01-14,127990.0,127990.0,125670.0,125700.0,1016405820,8086,12,126960.0,125670.0
735,2023-01-16,126030.0,129370.0,126030.0,129020.0,1374981110,10657,17,125700.0,128240.0
736,2023-01-17,129900.0,130840.0,128630.0,128660.0,1532454490,11911,14,129020.0,128630.0
737,2023-01-18,128630.0,130450.0,128630.0,129770.0,260715590,2009,16,128660.0,129190.0
738,2023-01-21,129000.0,130500.0,127020.0,128980.0,696375610,5399,9,129770.0,127020.0
739,2023-01-22,125800.0,128400.0,125800.0,126940.0,123136600,970,14,128980.0,128400.0
740,2023-01-23,129000.0,130000.0,126940.0,127800.0,69141460,541,12,126940.0,126940.0
741,2023-01-24,126350.0,126360.0,125630.0,126350.0,665611800,5268,4,127800.0,125630.0
742,2023-01-25,126180.0,126220.0,122900.0,123180.0,2642189240,21450,10,126350.0,126220.0
743,2023-01-28,123550.0,126860.0,123550.0,123630.0,305748420,2473,8,123180.0,123550.0
744,2023-01-29,118770.0,118770.0,117380.0,118260.0,1321112640,11171,7,123630.0,117380.0
745,2023-01-30,121830.0,121830.0,116650.0,121700.0,861853080,7082,6,118260.0,117900.0
746,2023-01-31,122400.0,122400.0,119270.0,120320.0,163759690,1361,9,121700.0,119780.0
747,2023-02-01,119800.0,120200.0,119630.0,119980.0,1616069090,13469,14,120320.0,120200.0
748,2023-02-05,120110.0,120300.0,117720.0,119140.0,127000110,1066,10,119980.0,117720.0
749,2023-02-06,117570.0,120470.0,117570.0,118960.0,171185690,1439,8,119140.0,119190.0
750,2023-02-07,119360.0,120530.0,119360.0,120040.0,51376240,428,4,118960.0,120530.0
751,2023-02-08,121090.0,121090.0,121080.0,121080.0,66594800,550,2,120040.0,121080.0
752,2023-02-12,123550.0,123550.0,119440.0,121530.0,17478459890,143816,147,121080.0,122000.0
753,2023-02-13,119820.0,123020.0,119820.0,120820.0,1079553170,8935,19,121530.0,120500.0
754,2023-02-14,119950.0,123180.0,119940.0,121930.0,26749937020,219381,124,120820.0,122750.0
755,2023-02-15,119190.0,122300.0,119190.0,120550.0,158760830,1317,9,121930.0,122300.0
756,2023-02-19,122500.0,122500.0,120520.0,120780.0,286013160,2368,9,120550.0,120520.0
757,2023-02-20,123300.0,128690.0,123300.0,125220.0,433769210,3464,13,120780.0,128680.0
758,2023-02-21,128680.0,133700.0,128680.0,132710.0,1816461200,13687,37,125220.0,133060.0
759,2023-02-22,132680.0,132680.0,128280.0,128550.0,1019039380,7927,27,132710.0,128280.0
760,2023-02-25,131900.0,140420.0,131900.0,136420.0,12495135980,91594,124,128550.0,140410.0
761,2023-02-26,140770.0,147300.0,140770.0,141770.0,12420354520,87607,113,136420.0,141020.0
762,2023-02-27,140750.0,143640.0,139850.0,141770.0,4036531070,28472,57,141770.0,141060.0
763,2023-02-28,140160.0,143600.0,140160.0,142460.0,305712390,2146,24,141770.0,142700.0
764,2023-03-01,142300.0,142300.0,140550.0,141500.0,251155570,1775,24,142460.0,142000.0
765,2023-03-04,138320.0,138330.0,137550.0,137620.0,619973900,4505,16,141500.0,137550.0
766,2023-03-05,137960.0,139970.0,137960.0,138010.0,472261390,3422,15,137620.0,139970.0
767,2023-03-06,137750.0,141480.0,137740.0,139600.0,136527470,978,16,138010.0,138020.0
768,2023-03-07,138020.0,142900.0,138020.0,140090.0,568084270,4055,30,139600.0,142900.0
769,2023-03-11,145370.0,145370.0,141370.0,143470.0,321088520,2238,20,140090.0,141400.0
770,2023-03-12,138450.0,138450.0,138440.0,138450.0,113386810,819,5,143470.0,138450.0
771,2023-03-13,138350.0,141000.0,138350.0,138820.0,370241130,2667,15,138450.0,141000.0
772,2023-03-14,138350.0,138800.0,138250.0,138440.0,330186370,2385,22,138820.0,138800.0
773,2023-03-15,142430.0,142430.0,140000.0,141710.0,726953100,5130,22,138440.0,141050.0
774,2023-03-18,144990.0,147610.0,144670.0,145510.0,1378812760,9476,72,141710.0,147610.0
775,2023-03-19,148200.0,151180.0,147190.0,150290.0,1760540000,11714,29,145510.0,150800.0
776,2023-03-25,154890.0,155000.0,151110.0,154540.0,548150530,3547,16,150290.0,154000.0
777,2023-03-26,151010.0,159980.0,151010.0,156910.0,9133394810,58209,22,154540.0,154480.0
778,2023-03-27,152650.0,156770.0,152650.0,156560.0,523054980,3341,28,156910.0,156770.0
779,2023-03-28,157590.0,159670.0,156850.0,157210.0,394904460,2512,28,156560.0,157000.0
780,2023-03-29,158250.0,163650.0,158250.0,159030.0,6071599720,38178,24,157210.0,161000.0
781,2023-04-03,161200.0,161200.0,158400.0,160400.0,16632630620,103694,19,159030.0,161000.0
782,2023-04-04,164000.0,164000.0,160160.0,161980.0,15897158290,98140,20,160400.0,162990.0
783,2023-04-05,162000.0,162900.0,159410.0,162360.0,5625122250,34647,15,161980.0,159410.0
784,2023-04-08,163650.0,172000.0,163650.0,167580.0,27812313580,165968,47,162360.0,172000.0
785,2023-04-09,171060.0,173650.0,171060.0,172650.0,659711170,3821,29,167580.0,173150.0
786,2023-04-10,171010.0,171310.0,162820.0,169150.0,775709160,4586,48,172650.0,164000.0
787,2023-04-11,168450.0,169400.0,168450.0,168530.0,614466750,3646,9,169150.0,168450.0
788,2023-04-15,170020.0,177130.0,170020.0,172810.0,11723004940,67839,28,168530.0,176770.0
789,2023-04-16,172710.0,177180.0,172710.0,175380.0,293938860,1676,16,172810.0,177180.0
790,2023-04-17,175380.0,180000.0,175380.0,179940.0,2406502880,13374,35,175380.0,180000.0
791,2023-04-18,175560.0,183990.0,175560.0,180260.0,868332720,4817,33,179940.0,180710.0
792,2023-04-19,183600.0,183600.0,179800.0,182370.0,8739409120,47920,30,180260.0,182350.0
793,2023-04-24,182350.0,182350.0,178070.0,178590.0,747597450,4186,45,182370.0,178700.0
794,2023-04-25,180130.0,189090.0,180130.0,184060.0,1677372680,9113,33,178590.0,184210.0
795,2023-04-26,181150.0,186000.0,181150.0,184530.0,198743870,1077,15,184060.0,183450.0
796,2023-04-29,186820.0,188990.0,186770.0,187370.0,992483850,5297,30,184530.0,188670.0
797,2023-04-30,191000.0,194600.0,191000.0,193370.0,510489870,2640,16,187370.0,194560.0
798,2023-05-01,191450.0,193500.0,191450.0,191560.0,235616950,1230,17,193370.0,192990.0
799,2023-05-02,195890.0,195890.0,191560.0,193820.0,502778160,2594,26,191560.0,194000.0
800,2023-05-03,197920.0,197920.0,193370.0,195290.0,1398066120,7159,38,193820.0,193950.0
801,2023-05-06,194010.0,201120.0,194000.0,195830.0,2893945160,14778,56,195290.0,196610.0
802,2023-05-07,196730.0,196730.0,176280.0,191740.0,10695114730,55780,59,195830.0,178560.0
803,2023-05-08,186250.0,190000.0,178550.0,184740.0,4078311250,22076,35,191740.0,178550.0
804,2023-05-09,178170.0,185960.0,178170.0,182490.0,1380506880,7565,54,184740.0,185920.0
805,2023-05-10,182860.0,187030.0,177000.0,178510.0,8147053170,45638,24,182490.0,177000.0
806,2023-05-13,176220.0,181000.0,171900.0,175170.0,11093346320,63328,50,178510.0,171900.0
807,2023-05-14,176200.0,181000.0,175200.0,177410.0,16720993200,94249,33,175170.0,180000.0
808,2023-05-15,179020.0,180000.0,175000.0,176750.0,31667425460,179162,50,177410.0,175000.0
809,2023-05-17,179350.0,180000.0,179350.0,179620.0,691734050,3851,18,176750.0,180000.0
810,2023-05-20,180460.0,180790.0,174100.0,178390.0,17754964460,99529,16,179620.0,179000.0
811,2023-05-21,177160.0,180750.0,177160.0,177610.0,227869820,1283,9,178390.0,180750.0
812,2023-05-22,178800.0,181500.0,178800.0,180730.0,6103516530,33771,18,177610.0,180000.0
813,2023-05-23,179620.0,183000.0,179620.0,181720.0,235696120,1297,33,180730.0,182490.0
814,2023-05-24,181910.0,184900.0,181910.0,181950.0,4071753730,22378,19,181720.0,181920.0
815,2023-05-27,184140.0,184140.0,177620.0,181670.0,1344540250,7401,19,181950.0,181700.0
816,2023-05-28,174110.0,174110.0,173550.0,174060.0,6254751010,35935,5,181670.0,173550.0
817,2023-05-29,173540.0,177590.0,173530.0,173540.0,5776564730,33287,7,174060.0,177590.0
818,2023-05-30,176360.0,179000.0,176360.0,176910.0,127377030,720,23,173540.0,178800.0
819,2023-05-31,175750.0,176900.0,174170.0,174290.0,421944460,2421,7,176910.0,174170.0
820,2023-06-03,174300.0,177980.0,174290.0,174850.0,3273231000,18720,9,174290.0,177980.0
821,2023-06-06,175310.0,179780.0,175300.0,176000.0,39600430,225,7,174850.0,179780.0
822,2023-06-07,176180.0,179000.0,176180.0,176340.0,606602870,3440,18,176000.0,176180.0
823,2023-06-10,174200.0,174200.0,169970.0,169980.0,4476026810,26332,10,176340.0,169970.0
824,2023-06-11,169490.0,174000.0,169490.0,170020.0,5722641950,33658,16,169980.0,170020.0
825,2023-06-12,174640.0,174640.0,164480.0,164670.0,126680020890,769280,15,170020.0,164540.0
826,2023-06-13,165500.0,169970.0,165500.0,167370.0,4853720,29,5,164670.0,166090.0
827,2023-06-14,170000.0,173220.0,169580.0,169910.0,335400340,1974,17,167370.0,173220.0
828,2023-06-17,173670.0,175320.0,170860.0,173710.0,119687280,689,11,169910.0,173730.0
829,2023-06-18,168500.0,171870.0,168500.0,170350.0,12265320,72,4,173710.0,171870.0
830,2023-06-19,169730.0,174100.0,169730.0,169850.0,93586840,551,5,170350.0,169740.0
831,2023-06-20,167950.0,168810.0,167950.0,168120.0,45391610,270,3,169850.0,168800.0
832,2023-06-21,169150.0,169500.0,169000.0,169140.0,72901450,431,6,168120.0,169000.0
833,2023-06-24,168110.0,168110.0,167510.0,167550.0,21781900,130,4,169140.0,167510.0
834,2023-06-25,167760.0,170310.0,167760.0,169570.0,119545520,705,13,167550.0,170280.0
835,2023-06-26,173600.0,173600.0,169760.0,172140.0,85725170,498,8,169570.0,172000.0
836,2023-06-27,168480.0,168480.0,167310.0,168460.0,165933510,985,5,172140.0,167310.0
837,2023-07-01,167000.0,167200.0,167000.0,167060.0,83197900,498,5,168460.0,167200.0
838,2023-07-02,166480.0,171000.0,166480.0,168020.0,357032400,2125,5,167060.0,169500.0
839,2023-07-03,168710.0,174190.0,168710.0,171660.0,310022850,1806,17,168020.0,170730.0
840,2023-07-04,176060.0,177160.0,172480.0,174520.0,193886180,1111,12,171660.0,173530.0
841,2023-07-05,171800.0,176000.0,171800.0,174360.0,161278410,925,11,174520.0,172860.0
842,2023-07-08,172840.0,175890.0,172840.0,173160.0,146317260,845,8,174360.0,173250.0
843,2023-07-09,173240.0,173240.0,172210.0,172760.0,56665130,328,7,173160.0,172210.0
844,2023-07-10,171890.0,171890.0,171800.0,171850.0,15122720,88,4,172760.0,171800.0
845,2023-07-11,169360.0,169360.0,169360.0,169360.0,96704560,571,5,171850.0,169360.0
846,2023-07-12,162650.0,165950.0,162650.0,163750.0,3438750,21,2,169360.0,165950.0
847,2023-07-15,164670.0,167350.0,164670.0,166340.0,118264820,711,7,163750.0,167330.0
848,2023-07-16,166340.0,166860.0,159510.0,161880.0,16874360380,104237,72,166340.0,160000.0
849,2023-07-17,159020.0,159020.0,154240.0,158380.0,2064378880,13034,19,161880.0,158480.0
850,2023-07-18,158380.0,161900.0,156900.0,159700.0,246581030,1544,17,158380.0,161900.0
851,2023-07-19,161830.0,164490.0,161460.0,163160.0,2271012530,13919,18,159700.0,161460.0
852,2023-07-22,160060.0,160900.0,160050.0,160630.0,212671600,1324,5,163160.0,160900.0
853,2023-07-23,160380.0,164370.0,160380.0,160750.0,116862190,727,6,160630.0,160380.0
854,2023-07-24,160750.0,164360.0,160750.0,161380.0,220601760,1367,6,160750.0,161920.0
855,2023-07-25,164360.0,164370.0,164360.0,164360.0,27777450,169,4,161380.0,164360.0
856,2023-07-26,161510.0,164370.0,161500.0,162010.0,6480290,40,4,164360.0,161500.0
857,2023-07-29,160480.0,160480.0,160470.0,160470.0,1646583070,10261,5,162010.0,160470.0
858,2023-07-30,157940.0,157940.0,157940.0,157940.0,92868720,588,6,160470.0,157940.0
859,2023-07-31,158800.0,158800.0,158800.0,158800.0,13339200,84,3,157940.0,158800.0
860,2023-08-01,161110.0,163200.0,161110.0,161490.0,35042380,217,6,158800.0,161110.0
861,2023-08-05,163480.0,166550.0,164230.0,165560.0,40396920,244,6,161490.0,166550.0
862,2023-08-06,166500.0,166500.0,164400.0,165040.0,15183600,92,6,165560.0,164400.0
863,2023-08-07,164240.0,164240.0,164240.0,164240.0,9525920,58,1,165040.0,164240.0
864,2023-08-08,165500.0,165500.0,162110.0,163620.0,13252950,81,3,164240.0,162110.0
865,2023-08-09,165500.0,165500.0,162000.0,162330.0,16558000,102,3,163620.0,162260.0
866,2023-08-12,159460.0,159460.0,157780.0,158090.0,18022200,114,3,162330.0,157780.0
867,2023-08-14,160450.0,160450.0,160450.0,160450.0,13798700,86,2,158090.0,160450.0
868,2023-08-15,162460.0,162460.0,156760.0,162270.0,1688539020,10406,9,160450.0,161000.0
869,2023-08-16,156900.0,156920.0,156900.0,156900.0,5962350,38,3,162270.0,156910.0
870,2023-08-19,156270.0,156270.0,154700.0,156240.0,1594102380,10203,7,156900.0,154700.0
871,2023-08-21,156920.0,156920.0,156920.0,156920.0,104665640,667,3,156240.0,156920.0
872,2023-08-22,153800.0,153800.0,153800.0,153800.0,10612200,69,1,156920.0,153800.0
873,2023-08-23,154060.0,154060.0,154060.0,154060.0,13095100,85,1,153800.0,154060.0
874,2023-08-26,161790.0,161790.0,157610.0,157650.0,683589380,4336,6,154060.0,160190.0
875,2023-08-27,162450.0,164660.0,162450.0,163890.0,111935540,683,9,157650.0,164000.0
876,2023-08-28,164920.0,170200.0,164920.0,168090.0,102366960,609,8,163890.0,167000.0
877,2023-08-29,165300.0,167280.0,165290.0,165980.0,84816120,511,5,168090.0,167280.0
878,2023-08-30,168580.0,172980.0,168580.0,170600.0,107137120,628,9,165980.0,172980.0
879,2023-09-02,168030.0,168030.0,168020.0,168030.0,35453620,211,5,170600.0,168020.0
880,2023-09-03,169150.0,173490.0,169150.0,169910.0,83766810,493,10,168030.0,171490.0
881,2023-09-05,171500.0,171500.0,171500.0,171500.0,18179000,106,1,169910.0,171500.0
882,2023-09-09,170510.0,170510.0,170510.0,170510.0,40922400,240,3,171500.0,170510.0
883,2023-09-10,173130.0,173130.0,169630.0,171950.0,80302910,467,5,170510.0,169630.0
884,2023-09-11,173090.0,173090.0,172500.0,172600.0,6213540,36,2,171950.0,172500.0
885,2023-09-12,172500.0,172500.0,172400.0,172430.0,73456100,426,2,172600.0,172400.0
886,2023-09-13,174320.0,174320.0,174000.0,174050.0,6091920,35,4,172430.0,174000.0
887,2023-09-17,172250.0,174000.0,170720.0,173780.0,38231080,220,7,174050.0,174000.0
888,2023-09-18,172200.0,172200.0,170990.0,171650.0,202545290,1180,12,173780.0,171050.0
889,2023-09-19,170400.0,170400.0,169630.0,169670.0,17985400,106,2,171650.0,169630.0
890,2023-09-20,169340.0,169340.0,168350.0,168380.0,164003090,974,5,169670.0,168540.0
891,2023-09-23,168900.0,172280.0,168900.0,169110.0,16065780,95,4,168380.0,172280.0
892,2023-09-25,168690.0,168690.0,168690.0,168690.0,26315640,156,3,169110.0,168690.0
893,2023-09-26,167540.0,167540.0,167540.0,167540.0,64837980,387,2,168690.0,167540.0
894,2023-09-27,168000.0,170900.0,168000.0,169120.0,66293240,392,6,167540.0,170900.0
895,2023-09-30,168780.0,168790.0,168780.0,168780.0,76120880,451,7,169120.0,168790.0
896,2023-10-01,168310.0,168310.0,168310.0,168310.0,23563400,140,2,168780.0,168310.0
897,2023-10-02,170980.0,170980.0,170980.0,170980.0,2564700,15,2,168310.0,170980.0
898,2023-10-04,171970.0,171970.0,168660.0,169660.0,20867700,123,5,170980.0,168860.0
899,2023-10-07,168000.0,169090.0,166170.0,166870.0,57737320,346,7,169660.0,166170.0
900,2023-10-10,165630.0,165630.0,162390.0,164010.0,96111790,586,5,166870.0,163500.0
901,2023-10-11,164470.0,164470.0,164470.0,164470.0,67432700,410,6,164010.0,164470.0
902,2023-10-14,166520.0,166520.0,163470.0,163510.0,217960410,1333,6,164470.0,163470.0
903,2023-10-15,163000.0,163000.0,163000.0,163000.0,33904000,208,2,163510.0,163000.0
904,2023-10-16,161720.0,166520.0,161710.0,163020.0,63253110,388,15,163000.0,163320.0
905,2023-10-17,163580.0,164130.0,163580.0,163680.0,20132990,123,2,163020.0,164130.0
906,2023-10-18,163240.0,163240.0,163240.0,163240.0,48972000,300,1,163680.0,163240.0
907,2023-10-21,163200.0,163220.0,163200.0,163220.0,135958160,833,3,163240.0,163220.0
908,2023-10-22,166270.0,167500.0,164230.0,166260.0,299097580,1799,11,163220.0,164230.0
909,2023-10-23,163480.0,163480.0,163480.0,163480.0,163480,1,1,166260.0,163480.0
910,2023-10-24,163480.0,164270.0,159470.0,162170.0,3126667210,19280,11,163480.0,159470.0
911,2023-10-25,160050.0,163220.0,160050.0,163120.0,509275140,3122,3,162170.0,163220.0
912,2023-10-28,162010.0,162010.0,160380.0,161980.0,894315400,5521,5,163120.0,160380.0
913,2023-10-29,160130.0,162370.0,160130.0,160140.0,5421708000,33857,7,161980.0,160250.0
914,2023-10-30,160730.0,162250.0,160730.0,161610.0,18747160,116,3,160140.0,161450.0
915,2023-10-31,161300.0,164510.0,161300.0,161510.0,108214870,670,4,161610.0,161720.0
916,2023-11-01,160640.0,161000.0,159010.0,160640.0,5302889010,33011,6,161510.0,161000.0
917,2023-11-04,160880.0,162750.0,160880.0,161440.0,32288130,200,4,160640.0,162750.0
918,2023-11-05,166140.0,166140.0,163890.0,163960.0,31644270,193,3,161440.0,163890.0
919,2023-11-06,167410.0,167410.0,164140.0,164510.0,945415690,5747,9,163960.0,165100.0
920,2023-11-07,164100.0,167980.0,164100.0,165310.0,34054280,206,5,164510.0,167960.0
921,2023-11-08,167510.0,167510.0,165300.0,165830.0,10292804530,62070,6,165310.0,165300.0
922,2023-11-11,165840.0,165840.0,164200.0,165810.0,5563030140,33550,3,165830.0,164200.0
923,2023-11-12,165410.0,165410.0,165410.0,165410.0,6947220,42,2,165810.0,165410.0
924,2023-11-13,165490.0,165770.0,165490.0,165540.0,26320750,159,3,165410.0,165770.0
925,2023-11-15,164010.0,164010.0,164000.0,164000.0,36573000,223,3,165540.0,164000.0
926,2023-11-18,163000.0,163000.0,163000.0,163000.0,770175000,4725,4,164000.0,163000.0
927,2023-11-19,166500.0,166500.0,164140.0,164320.0,15282070,93,4,163000.0,164140.0
928,2023-11-20,164010.0,164010.0,164000.0,164000.0,5446605510,33211,3,164320.0,164000.0
929,2023-11-21,166520.0,166520.0,166520.0,166520.0,33803560,203,2,164000.0,166520.0
930,2023-11-25,164210.0,164210.0,164210.0,164210.0,9359970,57,2,166520.0,164210.0
931,2023-11-26,163850.0,164210.0,163840.0,163840.0,134678050,822,3,164210.0,164210.0
932,2023-11-27,164020.0,164020.0,163890.0,164010.0,5431183850,33115,3,163840.0,163890.0
933,2023-11-28,166890.0,166890.0,166890.0,166890.0,1001340,6,1,164010.0,166890.0
934,2023-11-29,165400.0,167150.0,165400.0,166870.0,44040979840,263921,95,166890.0,166890.0
935,2023-12-02,168600.0,169860.0,168480.0,168810.0,7746050950,45886,40,166870.0,168840.0
936,2023-12-03,169020.0,176970.0,169020.0,169630.0,18601898120,109663,40,168810.0,175980.0
937,2023-12-04,176340.0,176340.0,172810.0,173550.0,14538654260,83771,21,169630.0,175500.0
938,2023-12-05,175900.0,175900.0,175520.0,175670.0,881689600,5019,11,173550.0,175520.0
939,2023-12-06,175040.0,175040.0,175040.0,175040.0,541748800,3095,8,175670.0,175040.0
940,2023-12-09,175110.0,175110.0,174480.0,175060.0,6315330480,36076,7,175040.0,174480.0
941,2023-12-10,174570.0,176070.0,174570.0,176060.0,3838001430,21799,5,175060.0,176070.0
942,2023-12-11,176190.0,176190.0,176190.0,176190.0,802545450,4555,5,176060.0,176190.0
943,2023-12-12,178450.0,178450.0,175600.0,177020.0,35404500,200,3,176190.0,178440.0
944,2023-12-13,174660.0,177050.0,174660.0,174970.0,11601170070,66303,9,177020.0,175270.0
945,2023-12-16,157480.0,177500.0,176140.0,177260.0,27798492460,156820,1554,174970.0,177400.0
946,2023-12-18,177340.0,183080.0,177340.0,179310.0,559624370,3121,28,177260.0,183080.0
947,2023-12-19,182510.0,182510.0,179790.0,179960.0,7720646330,42901,430,179310.0,181390.0
948,2023-12-20,178940.0,179000.0,178940.0,178970.0,406978530,2274,10,179960.0,178950.0
949,2023-12-23,179330.0,181280.0,179330.0,180090.0,8824220,49,2,178970.0,181280.0
950,2023-12-24,181280.0,181280.0,178380.0,179280.0,266945080,1489,16,180090.0,178380.0
951,2023-12-25,178650.0,178800.0,178650.0,178680.0,15902700,89,3,179280.0,178800.0
952,2023-12-26,177790.0,177790.0,177050.0,177490.0,18813920,106,4,178680.0,177050.0
953,2023-12-27,177220.0,177220.0,177220.0,177220.0,5848260000,33000,4,177490.0,177220.0
954,2023-12-30,179690.0,179730.0,176930.0,177430.0,7149031630,40293,10,177220.0,176930.0
955,2024-01-01,178990.0,178990.0,175920.0,176180.0,57787720,328,2,177430.0,175920.0
956,2024-01-02,178500.0,178500.0,174720.0,175040.0,94521300,540,3,176180.0,174720.0
957,2024-01-03,174790.0,174790.0,174400.0,174780.0,393256050,2250,3,175040.0,174790.0
958,2024-01-06,174790.0,177480.0,174790.0,175010.0,497723710,2844,8,174780.0,175000.0
959,2024-01-07,177980.0,177980.0,174810.0,175450.0,82288390,469,5,175010.0,177970.0
960,2024-01-08,175360.0,178000.0,175360.0,177250.0,89156480,503,9,175450.0,178000.0
961,2024-01-09,175220.0,175220.0,175220.0,175220.0,5256600,30,1,177250.0,175220.0
962,2024-01-10,176000.0,177880.0,175530.0,175970.0,67218730,382,7,175220.0,177880.0
963,2024-01-13,176430.0,179500.0,176430.0,178490.0,406967420,2280,11,175970.0,179480.0
964,2024-01-14,179060.0,179970.0,179060.0,179590.0,365283050,2034,6,178490.0,179970.0
965,2024-01-15,179980.0,180000.0,177800.0,179620.0,12042114460,67042,6,179590.0,177800.0
966,2024-01-16,177400.0,180470.0,177000.0,177450.0,1706183850,9615,4,179620.0,180470.0
967,2024-01-17,177060.0,177060.0,177060.0,177060.0,1062360,6,1,177450.0,177060.0
968,2024-01-20,178880.0,179000.0,177200.0,178410.0,191974360,1076,6,177060.0,179000.0
969,2024-01-21,178400.0,178400.0,178400.0,178400.0,17126400,96,2,178410.0,178400.0
970,2024-01-22,178750.0,178750.0,174510.0,177110.0,81471400,460,3,178400.0,174510.0
971,2024-01-24,174230.0,176400.0,174230.0,175180.0,56056480,320,4,177110.0,176000.0
972,2024-01-27,173630.0,175210.0,173630.0,174000.0,59158600,340,5,175180.0,174220.0
973,2024-01-28,175300.0,179500.0,175300.0,177450.0,1129851390,6367,12,174000.0,179500.0
974,2024-01-29,176480.0,176500.0,176480.0,176490.0,463806720,2628,6,177450.0,176490.0
975,2024-01-30,176480.0,176480.0,176480.0,176480.0,8294560,47,3,176490.0,176480.0
976,2024-01-31,175490.0,178960.0,175490.0,177640.0,27889900,157,4,176480.0,178000.0
977,2024-02-03,178000.0,179950.0,178000.0,178330.0,1738030500,9746,5,177640.0,179950.0
978,2024-02-05,175520.0,177000.0,175500.0,175520.0,133573580,761,9,178330.0,175500.0
979,2024-02-06,175950.0,175950.0,175950.0,175950.0,1055700,6,1,175520.0,175950.0
980,2024-02-07,175010.0,176360.0,173810.0,175090.0,10680710,61,5,175950.0,176360.0
981,2024-02-10,174530.0,174530.0,174530.0,174530.0,6108550,35,1,175090.0,174530.0
982,2024-02-12,174020.0,175000.0,174020.0,174400.0,10463740,60,3,174530.0,175000.0
983,2024-02-13,175500.0,175500.0,174020.0,174780.0,184745450,1057,5,174400.0,174020.0
984,2024-02-14,172070.0,172070.0,172070.0,172070.0,1032420,6,1,174780.0,172070.0
985,2024-02-17,173040.0,173040.0,173040.0,173040.0,47412960,274,2,172070.0,173040.0
986,2024-02-19,176000.0,176000.0,176000.0,176000.0,4400000,25,1,173040.0,176000.0
987,2024-02-20,172550.0,172550.0,172060.0,172350.0,605815060,3515,6,176000.0,172060.0
988,2024-02-21,173040.0,173040.0,173040.0,173040.0,6056400,35,2,172350.0,173040.0
989,2024-02-24,173000.0,174190.0,172550.0,173020.0,208488710,1205,3,173040.0,174190.0
990,2024-02-26,171580.0,171580.0,169610.0,170570.0,11939680,70,3,173020.0,169610.0
991,2024-02-27,170600.0,170600.0,169610.0,170200.0,2582651340,15174,4,170570.0,169610.0
992,2024-02-28,170700.0,170700.0,170700.0,170700.0,1365600,8,1,170200.0,170700.0
993,2024-03-02,170600.0,174000.0,170600.0,173970.0,1341270870,7710,10,170700.0,174000.0
994,2024-03-03,176360.0,177000.0,175490.0,176770.0,687617740,3890,16,173970.0,175500.0
995,2024-03-04,176470.0,176750.0,174510.0,176470.0,2690808680,15248,7,176770.0,174510.0
996,2024-03-05,178990.0,178990.0,176470.0,176590.0,146219530,828,5,176470.0,176470.0
997,2024-03-06,176470.0,178000.0,176470.0,177630.0,505001960,2843,32,176590.0,178000.0
998,2024-03-09,178000.0,178000.0,177000.0,177990.0,75644000,425,5,177630.0,177000.0
999,2024-03-10,175980.0,175980.0,175980.0,175980.0,10558800,60,2,177990.0,175980.0
1000,2024-03-11,176960.0,176960.0,176960.0,176960.0,49548800,280,2,175980.0,176960.0
1001,2024-03-12,178450.0,179980.0,178450.0,178450.0,6302041320,35315,10,176960.0,178450.0
1002,2024-03-13,176970.0,176970.0,176950.0,176950.0,31143320,176,3,178450.0,176950.0
1003,2024-03-16,176950.0,176950.0,176470.0,176590.0,18718300,106,3,176950.0,176470.0
1004,2024-03-17,175980.0,176960.0,175980.0,176580.0,20130670,114,6,176590.0,176960.0
1005,2024-03-18,179960.0,180970.0,179960.0,180920.0,292193300,1615,17,176580.0,180970.0
1006,2024-03-24,182110.0,186700.0,182050.0,184800.0,12901488250,69813,28,180920.0,186600.0
1007,2024-03-25,188800.0,190080.0,183830.0,185040.0,6945924840,37538,21,184800.0,184300.0
1008,2024-03-26,184910.0,187420.0,184000.0,184910.0,5341442780,28887,5,185040.0,187420.0
1009,2024-03-27,185010.0,188640.0,184960.0,186390.0,887426320,4761,30,184910.0,185540.0
1010,2024-03-30,186290.0,188380.0,186290.0,186590.0,184914350,991,8,186390.0,188380.0
1011,2024-04-02,187260.0,187500.0,182350.0,186860.0,88385380,473,9,186590.0,187500.0
1012,2024-04-03,185010.0,185010.0,184600.0,184610.0,287809340,1559,3,186860.0,184600.0
1013,2024-04-06,184320.0,186500.0,182850.0,184240.0,544808010,2957,12,184610.0,186500.0
1014,2024-04-07,182370.0,184980.0,182360.0,182380.0,335221280,1838,14,184240.0,182370.0
1015,2024-04-08,183360.0,183360.0,182370.0,182560.0,141850100,777,8,182380.0,182370.0
1016,2024-04-09,183820.0,183990.0,183820.0,183920.0,448394900,2438,8,182560.0,183820.0
1017,2024-04-13,182840.0,182840.0,178930.0,181800.0,69266480,381,4,183920.0,180000.0
1018,2024-04-14,178170.0,178180.0,178170.0,178170.0,4512871990,25329,16,181800.0,178170.0
1019,2024-04-15,178100.0,181130.0,178100.0,181130.0,6362783460,35129,7,178170.0,181130.0
1020,2024-04-16,177510.0,184600.0,177510.0,177530.0,6283499160,35395,11,181130.0,184600.0
1021,2024-04-17,181080.0,181080.0,181070.0,181080.0,1241834060,6858,20,177530.0,181070.0
1022,2024-04-20,181000.0,189990.0,181000.0,181280.0,6666897970,36776,8,181080.0,189990.0
1023,2024-04-21,189990.0,189990.0,181040.0,187290.0,286557900,1530,6,181280.0,183000.0
1024,2024-04-22,190000.0,190000.0,181000.0,182150.0,4866021310,26714,67,187290.0,181500.0
1025,2024-04-23,181000.0,182000.0,181000.0,181010.0,2721137200,15033,16,182150.0,181010.0
1026,2024-04-24,182490.0,182500.0,182390.0,182490.0,65329700,358,6,181010.0,182390.0
1027,2024-04-27,182390.0,183900.0,181160.0,182190.0,3712023550,20375,16,182490.0,182490.0
1028,2024-04-28,182160.0,182160.0,181000.0,181030.0,2027307000,11199,8,182190.0,182150.0
1029,2024-04-29,181040.0,181040.0,181040.0,181040.0,36208000,200,1,181030.0,181040.0
1030,2024-04-30,181010.0,181010.0,181000.0,181000.0,2123505400,11732,9,181040.0,181000.0
1031,2024-05-01,181020.0,181020.0,181000.0,181000.0,3313221050,18305,6,181000.0,181010.0
1032,2024-05-05,182000.0,182010.0,181870.0,181930.0,111885550,615,7,181000.0,181870.0
1033,2024-05-06,180900.0,182000.0,180890.0,181040.0,210372900,1162,4,181930.0,182000.0
1034,2024-05-07,182500.0,182500.0,179710.0,179760.0,255446030,1421,6,181040.0,179710.0
1035,2024-05-08,178920.0,178920.0,178000.0,178880.0,42931600,240,3,179760.0,178000.0
1036,2024-05-11,177940.0,181490.0,177940.0,180060.0,345166810,1917,24,178880.0,180500.0
1037,2024-05-12,177940.0,182500.0,177940.0,179780.0,206032470,1146,7,180060.0,182000.0
1038,2024-05-13,176960.0,179500.0,176000.0,176520.0,477146300,2703,3,179780.0,179500.0
1039,2024-05-14,176920.0,178400.0,176600.0,177060.0,7152907720,40398,62,176520.0,178000.0
1040,2024-05-15,176800.0,177890.0,176800.0,177800.0,6577810980,36995,4,177060.0,177800.0
1041,2024-05-18,177450.0,177500.0,175980.0,177430.0,2680088490,15105,6,177800.0,176000.0
1042,2024-05-19,171580.0,171580.0,171580.0,171580.0,5318980,31,1,177430.0,171580.0
1043,2024-05-21,173040.0,173040.0,173040.0,173040.0,89980800,520,1,171580.0,173040.0
1044,2024-05-25,173040.0,174900.0,171570.0,171780.0,7049975220,41040,6,173040.0,171570.0
1045,2024-05-26,164910.0,168800.0,164910.0,164980.0,323188960,1959,5,171780.0,168800.0
1046,2024-05-27,164000.0,165500.0,164000.0,164500.0,314200000,1910,7,164980.0,165500.0
1047,2024-05-28,169990.0,170700.0,169860.0,170000.0,404080580,2377,11,164500.0,170700.0
1048,2024-05-29,173900.0,173900.0,173900.0,173900.0,375797900,2161,5,170000.0,173900.0
1049,2024-06-01,171500.0,171500.0,171500.0,171500.0,316417500,1845,2,173900.0,171500.0
1050,2024-06-02,170520.0,170520.0,169540.0,169590.0,21707000,128,2,171500.0,169540.0
1051,2024-06-05,170030.0,170030.0,169100.0,169180.0,600072050,3547,2,169590.0,169100.0
1052,2024-06-08,167800.0,167800.0,167800.0,167800.0,13088400,78,1,169180.0,167800.0
1053,2024-06-12,168700.0,168700.0,168700.0,168700.0,1012200,6,1,167800.0,168700.0
1054,2024-06-15,168010.0,168010.0,167160.0,167160.0,11785064720,70500,6,168700.0,167160.0
1055,2024-06-16,167160.0,167160.0,165980.0,167160.0,284835920,1704,2,167160.0,165980.0
1056,2024-06-22,167950.0,167950.0,167950.0,167950.0,4870550,29,1,167160.0,167950.0
1057,2024-06-24,170500.0,171000.0,169120.0,170630.0,406792660,2384,7,167950.0,171000.0
1058,2024-06-26,172000.0,172000.0,170590.0,170700.0,13403383500,78521,49,170630.0,172000.0
1059,2024-06-29,171080.0,171080.0,171080.0,171080.0,1140761440,6668,2,170700.0,171080.0
1060,2024-07-02,171100.0,171100.0,171100.0,171100.0,1368800,8,2,171080.0,171100.0
1061,2024-07-03,170000.0,172850.0,170000.0,170400.0,77189000,453,7,171100.0,172850.0
1062,2024-07-06,175860.0,183000.0,172250.0,175610.0,31182836620,177572,120,170400.0,176000.0
1063,2024-07-07,174770.0,174770.0,170000.0,170670.0,1951426700,11434,17,175610.0,170000.0
1064,2024-07-08,170000.0,171010.0,170000.0,170440.0,14858747800,87179,14,170670.0,171000.0
1065,2024-07-09,172900.0,172900.0,170300.0,170300.0,5971818160,35066,4,170440.0,170300.0
1066,2024-07-10,170520.0,170550.0,170520.0,170520.0,13017017730,76337,8,170300.0,170520.0
1067,2024-07-13,170520.0,170520.0,169540.0,170020.0,12114026900,71250,10,170520.0,169540.0
1068,2024-07-14,169540.0,169540.0,169540.0,169540.0,12037340,71,3,170020.0,169540.0
1069,2024-07-17,177380.0,177380.0,170060.0,171660.0,50674453500,295195,17,169540.0,172990.0
1070,2024-07-20,174440.0,174440.0,170000.0,172130.0,18342284300,106562,11,171660.0,170000.0
1071,2024-07-21,170010.0,172500.0,170000.0,170020.0,145536000,856,4,172130.0,172500.0
1072,2024-07-22,173760.0,173760.0,170000.0,170000.0,5973242280,35136,4,170020.0,172000.0
1073,2024-07-23,170000.0,173990.0,170000.0,170050.0,6058951060,35630,7,170000.0,172900.0
1074,2024-07-24,171000.0,171000.0,171000.0,171000.0,1026000,6,1,170050.0,171000.0
1075,2024-07-27,170000.0,170010.0,170000.0,170000.0,753441000,4432,4,171000.0,170000.0
1076,2024-07-29,170520.0,170520.0,169000.0,170510.0,12242679400,71802,7,170000.0,169000.0
1077,2024-07-30,169000.0,169000.0,168000.0,168350.0,53031000,315,3,170510.0,168000.0
1078,2024-07-31,168000.0,168000.0,165000.0,166230.0,2899701330,17444,9,168350.0,165010.0
1079,2024-08-03,168000.0,168000.0,164000.0,167510.0,3635440000,21703,15,166230.0,164000.0
1080,2024-08-04,164160.0,164160.0,164160.0,164160.0,27086400,165,2,167510.0,164160.0
1081,2024-08-05,166700.0,166700.0,166700.0,166700.0,1000200,6,1,164160.0,166700.0
1082,2024-08-12,163370.0,163370.0,163370.0,163370.0,589929070,3611,11,166700.0,163370.0
1083,2024-08-13,161700.0,161700.0,161700.0,161700.0,206652600,1278,4,163370.0,161700.0
1084,2024-08-14,160000.0,162800.0,158470.0,159420.0,63351143800,397374,164,161700.0,158470.0
1085,2024-08-17,159420.0,159420.0,156240.0,156880.0,38536809160,245647,160,159420.0,157480.0
1086,2024-08-18,159430.0,159430.0,155530.0,156290.0,22258759530,142420,79,156880.0,156730.0
1087,2024-08-19,155640.0,157000.0,153200.0,154680.0,21004492610,135795,79,156290.0,153200.0
1088,2024-08-20,153170.0,154300.0,151590.0,152030.0,36253671920,238466,72,154680.0,151700.0
1089,2024-08-21,154340.0,154340.0,152020.0,153190.0,2213464320,14449,23,152030.0,153990.0
1090,2024-08-24,153990.0,156250.0,153990.0,156040.0,49081110940,314535,69,153190.0,156250.0
1091,2024-08-26,158900.0,158900.0,153500.0,155480.0,14156774290,91050,30,156040.0,155010.0
1092,2024-08-27,158570.0,158580.0,155480.0,156950.0,24697259790,157360,65,155480.0,158300.0
1093,2024-08-28,159900.0,160080.0,156950.0,159070.0,17316439270,108859,55,156950.0,160080.0
1094,2024-08-31,162240.0,162250.0,160040.0,161780.0,23000961120,142177,23,159070.0,162250.0
1095,2024-09-01,162250.0,164950.0,161140.0,164580.0,5346995790,32488,26,161780.0,164930.0
1096,2024-09-03,167810.0,167860.0,163510.0,167680.0,63308460730,377561,78,164580.0,167850.0
1097,2024-09-07,171090.0,172700.0,163200.0,172160.0,79439339200,461433,23,167680.0,171000.0
1098,2024-09-08,172070.0,172070.0,169900.0,170560.0,8314526700,48749,10,172160.0,169900.0
1099,2024-09-09,173160.0,173160.0,173120.0,173130.0,6059440,35,2,170560.0,173120.0
1100,2024-09-10,173280.0,173280.0,169880.0,169930.0,84116110,495,5,173130.0,169880.0
1101,2024-09-11,173250.0,173250.0,170770.0,172070.0,20648640,120,3,169930.0,170770.0
1102,2024-09-14,174190.0,174190.0,170000.0,170380.0,11415140,67,3,172070.0,170000.0
1103,2024-09-15,172960.0,172960.0,172960.0,172960.0,1037760,6,1,170380.0,172960.0
1104,2024-09-16,169590.0,172750.0,169590.0,169640.0,67516780,398,4,172960.0,169590.0
1105,2024-09-17,170280.0,172000.0,170000.0,170050.0,286530530,1685,7,169640.0,172000.0
1106,2024-09-18,172790.0,172790.0,172790.0,172790.0,1036740,6,1,170050.0,172790.0
1107,2024-09-22,173050.0,173990.0,173050.0,173050.0,3154062880,18226,5,172790.0,173990.0
1108,2024-09-23,175890.0,175890.0,175890.0,175890.0,1055340,6,1,173050.0,175890.0
1109,2024-09-24,177700.0,178240.0,176740.0,177460.0,276843660,1560,7,175890.0,176740.0
1110,2024-09-25,176810.0,176810.0,176810.0,176810.0,40666300,230,2,177460.0,176810.0
1111,2024-09-28,175050.0,175050.0,175050.0,175050.0,353776050,2021,5,176810.0,175050.0
1112,2024-09-29,173300.0,173300.0,173300.0,173300.0,167754400,968,2,175050.0,173300.0
1113,2024-09-30,175020.0,175020.0,175020.0,175020.0,1050120,6,1,173300.0,175020.0
1114,2024-10-01,176000.0,176000.0,176000.0,176000.0,1056000,6,1,175020.0,176000.0
1115,2024-10-02,174240.0,177760.0,174240.0,174330.0,39225120,225,2,176000.0,177760.0
1116,2024-10-05,176070.0,176070.0,175900.0,175900.0,102198920,581,2,174330.0,175900.0
1117,2024-10-06,174150.0,177590.0,174150.0,174150.0,3580892940,20562,4,175900.0,174150.0
1118,2024-10-07,175890.0,175890.0,175890.0,175890.0,1055340,6,1,174150.0,175890.0
1119,2024-10-08,174140.0,177630.0,174140.0,174160.0,173116100,994,3,175890.0,177630.0
1120,2024-10-09,175890.0,175900.0,175870.0,175890.0,363743200,2068,6,174160.0,175900.0
1121,2024-10-12,177500.0,177500.0,177490.0,177490.0,396867700,2236,3,175890.0,177490.0
1122,2024-10-13,178500.0,178500.0,174340.0,174380.0,106372360,610,3,177490.0,174340.0
1123,2024-10-14,174690.0,174690.0,171930.0,172320.0,611393160,3548,3,174380.0,171930.0
1124,2024-10-15,175010.0,175010.0,171580.0,171580.0,737471420,4298,3,172320.0,171580.0
1125,2024-10-19,173240.0,173240.0,173240.0,173240.0,1039440,6,1,171580.0,173240.0
1126,2024-10-20,171370.0,171410.0,168050.0,170390.0,271771970,1595,9,173240.0,171410.0
1127,2024-10-21,169360.0,169370.0,169360.0,169370.0,40479310,239,3,170390.0,169360.0
1128,2024-10-23,164290.0,167000.0,164290.0,166470.0,128845290,774,13,169370.0,164290.0
1129,2024-10-26,163010.0,163010.0,163010.0,163010.0,24288490,149,2,166470.0,163010.0
1130,2024-10-27,167900.0,167900.0,167900.0,167900.0,1900963800,11322,26,163010.0,167900.0
1131,2024-10-28,167890.0,170500.0,167890.0,169590.0,767924500,4528,13,167900.0,170500.0
1132,2024-10-29,166060.0,166060.0,166060.0,166060.0,2324840,14,1,169590.0,166060.0
1133,2024-10-30,168000.0,169220.0,165910.0,167900.0,27871300,166,6,166060.0,168400.0
1134,2024-11-02,169560.0,169560.0,169560.0,169560.0,738603360,4356,8,167900.0,169560.0
1135,2024-11-09,170500.0,173000.0,170500.0,170530.0,6029431120,35358,4,169560.0,172990.0
1136,2024-11-10,174940.0,174940.0,174940.0,174940.0,15394720,88,2,170530.0,174940.0
1137,2024-11-11,173190.0,174600.0,173190.0,173370.0,6928888200,39967,6,174940.0,174600.0
1138,2024-11-12,173600.0,173600.0,173200.0,173520.0,26375200,152,2,173370.0,173200.0
1139,2024-11-13,172910.0,175000.0,172910.0,174350.0,35916240,206,4,173520.0,175000.0
1140,2024-11-16,176250.0,179580.0,176210.0,179530.0,6414914160,35732,10,174350.0,179580.0
1141,2024-11-17,179100.0,181300.0,178000.0,180390.0,6445181900,35729,8,179530.0,180000.0
1142,2024-11-18,182450.0,182990.0,182210.0,182490.0,52191020,286,5,180390.0,182990.0
1143,2024-11-19,183150.0,184280.0,183150.0,184200.0,193590140,1051,5,182490.0,184280.0
1144,2024-11-20,181400.0,181400.0,181400.0,181400.0,15419000,85,1,184200.0,181400.0
1145,2024-11-23,185130.0,186500.0,185130.0,185930.0,325939880,1753,3,181400.0,186500.0
1146,2024-11-24,187750.0,190390.0,187750.0,190060.0,400839340,2109,7,185930.0,190100.0
1147,2024-11-25,192760.0,195760.0,192760.0,195640.0,2023934310,10345,20,190060.0,195760.0
1148,2024-11-26,195290.0,195290.0,191760.0,192280.0,1060421200,5515,7,195640.0,191760.0
1149,2024-11-27,192500.0,194050.0,191600.0,193900.0,432983020,2233,8,192280.0,194040.0
1150,2024-11-30,197910.0,197910.0,195790.0,195970.0,733134290,3741,8,193900.0,195790.0
1151,2024-12-01,193620.0,193730.0,193620.0,193690.0,34283630,177,5,195970.0,193730.0
1152,2024-12-02,195000.0,199500.0,195000.0,199280.0,771824420,3873,22,193690.0,199500.0
1153,2024-12-03,201230.0,201230.0,199810.0,200410.0,1189453520,5935,8,199280.0,200000.0
1154,2024-12-04,200620.0,200620.0,199010.0,200310.0,6209560,31,2,200410.0,199010.0
1155,2024-12-07,199000.0,199000.0,199000.0,199000.0,21094000,106,2,200310.0,199000.0
1156,2024-12-09,200000.0,202950.0,200000.0,200960.0,156343310,778,5,199000.0,201020.0
1157,2024-12-10,201940.0,201940.0,199500.0,200480.0,63951600,319,3,200960.0,199500.0
1158,2024-12-11,201640.0,202860.0,201640.0,201820.0,146720230,727,5,200480.0,202860.0
1159,2024-12-14,206360.0,207870.0,205050.0,207860.0,13030280760,62688,734,201820.0,207870.0
1160,2024-12-15,213060.0,213060.0,209000.0,212050.0,5335224430,25160,19,207860.0,212050.0
1161,2024-12-16,210500.0,213700.0,210500.0,211910.0,2737194450,12917,198,212050.0,211700.0
1162,2024-12-17,208590.0,208590.0,205560.0,207480.0,189842550,915,8,211910.0,205560.0
1163,2024-12-18,204930.0,208110.0,204050.0,204220.0,633476470,3102,8,207480.0,206260.0
1164,2024-12-21,209600.0,210340.0,206380.0,210280.0,73808800,351,10,204220.0,210340.0
1165,2024-12-22,209760.0,210380.0,209760.0,210110.0,62193860,296,5,210280.0,210380.0
1166,2024-12-23,209710.0,210470.0,209710.0,209770.0,341290130,1627,4,210110.0,210470.0
1167,2024-12-24,211850.0,211850.0,211830.0,211830.0,1095590160,5172,5,209770.0,211830.0
1168,2024-12-25,213910.0,213910.0,211110.0,212400.0,29523490,139,4,211830.0,211110.0
1169,2024-12-28,212010.0,213190.0,212010.0,212530.0,4963849820,23356,6,212400.0,213190.0
1170,2024-12-29,215480.0,215480.0,208490.0,212060.0,350327340,1652,8,212530.0,212640.0
1171,2024-12-30,208550.0,209810.0,205700.0,208420.0,70862100,340,6,212060.0,206550.0
1172,2024-12-31,208450.0,209000.0,208450.0,208850.0,103382950,495,4,208420.0,208890.0
1173,2025-01-01,209000.0,212000.0,208000.0,209620.0,202072000,964,6,208850.0,210000.0
1174,2025-01-04,212500.0,215900.0,211800.0,213870.0,275895330,1290,10,209620.0,212050.0
1175,2025-01-05,218530.0,220280.0,216000.0,219360.0,186239050,849,11,213870.0,216300.0
1176,2025-01-06,220490.0,220490.0,220490.0,220490.0,325443240,1476,4,219360.0,220490.0
1177,2025-01-07,223880.0,223880.0,223880.0,223880.0,34701400,155,3,220490.0,223880.0
1178,2025-01-08,224000.0,227000.0,224000.0,225340.0,267475200,1187,9,223880.0,225000.0
1179,2025-01-11,225030.0,229500.0,225030.0,227250.0,125667930,553,10,225340.0,225060.0
1180,2025-01-12,224500.0,224500.0,224500.0,224500.0,2694000,12,1,227250.0,224500.0
1181,2025-01-15,226420.0,226420.0,222010.0,224450.0,158684900,707,5,224500.0,222010.0
1182,2025-01-18,217720.0,217720.0,217720.0,217720.0,21772000,100,2,224450.0,217720.0
1183,2025-01-19,217000.0,222340.0,217000.0,218470.0,229390500,1050,6,217720.0,222340.0
1184,2025-01-20,218500.0,218510.0,218500.0,218510.0,13765830,63,2,218470.0,218510.0
1185,2025-01-21,218000.0,218000.0,216730.0,216910.0,154222030,711,5,218510.0,216730.0
1186,2025-01-22,216730.0,220000.0,216730.0,217880.0,80397660,369,3,216910.0,218800.0
1187,2025-01-25,220500.0,220500.0,219300.0,219400.0,781936200,3564,5,217880.0,219300.0
1188,2025-01-26,219300.0,224410.0,219300.0,219580.0,485060060,2209,8,219400.0,220000.0
1189,2025-01-27,216500.0,218400.0,216500.0,217340.0,505746800,2327,3,219580.0,218400.0
1190,2025-01-29,218000.0,218000.0,218000.0,218000.0,76736000,352,1,217340.0,218000.0
1191,2025-02-01,217000.0,220180.0,217000.0,217890.0,187817200,862,3,218000.0,220180.0
1192,2025-02-02,216000.0,220000.0,216000.0,216250.0,523756940,2422,8,217890.0,220000.0
1193,2025-02-04,220000.0,221290.0,217010.0,217870.0,98479200,452,6,216250.0,218000.0
1194,2025-02-05,218990.0,218990.0,217000.0,217010.0,654945930,3018,5,217870.0,217000.0
1195,2025-02-09,218000.0,218000.0,218000.0,218000.0,352506000,1617,3,217010.0,218000.0
1196,2025-02-11,220300.0,220300.0,220300.0,220300.0,7049600,32,2,218000.0,220300.0
1197,2025-02-15,215000.0,215000.0,215000.0,215000.0,241875000,1125,4,220300.0,215000.0
1198,2025-02-16,212000.0,212000.0,212000.0,212000.0,63600000,300,3,215000.0,212000.0
1199,2025-02-17,212000.0,215300.0,212000.0,212250.0,555888000,2619,2,212000.0,215300.0
1200,2025-02-18,213000.0,213000.0,210000.0,211000.0,3165000,15,3,212250.0,210000.0
1201,2025-02-19,215000.0,217330.0,215000.0,215200.0,44976940,209,2,211000.0,217330.0
1202,2025-02-22,217330.0,218000.0,214000.0,217250.0,138604940,638,7,215200.0,214000.0
1203,2025-02-23,215000.0,218000.0,215000.0,216020.0,88567200,410,4,217250.0,218000.0
1204,2025-02-24,219000.0,219000.0,215000.0,215090.0,3309328000,15386,186,216020.0,215500.0
1205,2025-02-25,217210.0,221540.0,217210.0,221500.0,4790944490,21630,265,215090.0,217210.0
1206,2025-02-26,218500.0,218500.0,216000.0,217950.0,9938600000,45600,3,221500.0,216000.0
1207,2025-03-01,217000.0,217000.0,217000.0,217000.0,1085000,5,1,217950.0,217000.0
1208,2025-03-02,218000.0,218000.0,218000.0,218000.0,7630000000,35000,1,217000.0,218000.0
1209,2025-03-04,216000.0,216000.0,216000.0,216000.0,7826328000,36233,5,218000.0,216000.0
1210,2025-03-08,211000.0,211000.0,210000.0,211000.0,63510000,301,2,216000.0,210000.0
1211,2025-03-09,208000.0,208000.0,208000.0,208000.0,104000000,500,1,211000.0,208000.0
1212,2025-03-10,210000.0,210000.0,207000.0,207080.0,7673785250,37057,5,208000.0,207000.0
1213,2025-03-11,205000.0,208990.0,205000.0,206850.0,11169750,54,2,207080.0,208990.0
1214,2025-03-12,206000.0,206000.0,206000.0,206000.0,15450000,75,1,206850.0,206000.0
1215,2025-03-15,208000.0,208500.0,208000.0,208110.0,26846500,129,3,206000.0,208500.0
1216,2025-03-17,209000.0,209000.0,209000.0,209000.0,249128000,1192,7,208110.0,209000.0
1217,2025-03-18,206000.0,206000.0,206000.0,206000.0,1236000,6,1,209000.0,206000.0
1218,2025-03-26,208510.0,208510.0,208510.0,208510.0,19808450,95,1,206000.0,208510.0
1219,2025-03-29,209000.0,209000.0,209000.0,209000.0,1776500000,8500,1,208510.0,209000.0
1220,2025-03-30,213000.0,214000.0,213000.0,213500.0,42700000,200,2,209000.0,214000.0
1221,2025-04-05,211000.0,211000.0,211000.0,211000.0,34604000,164,1,213500.0,211000.0
1222,2025-04-06,210000.0,210000.0,210000.0,210000.0,27720000,132,2,211000.0,210000.0
1223,2025-04-07,208000.0,208000.0,208000.0,208000.0,67600000,325,4,210000.0,208000.0
1224,2025-04-08,213000.0,214240.0,213000.0,213080.0,1027056800,4820,2,208000.0,214240.0
1225,2025-04-09,213000.0,213000.0,210850.0,210880.0,5088552250,24130,4,213080.0,210850.0
1226,2025-04-12,212000.0,212000.0,211000.0,211090.0,233467000,1106,3,210880.0,211000.0
1227,2025-04-13,216000.0,217420.0,216000.0,216960.0,30987908300,142831,46,211090.0,217420.0
1228,2025-04-14,223450.0,223450.0,217000.0,217640.0,8429151870,38730,18,216960.0,217000.0
1229,2025-04-15,218000.0,220000.0,217700.0,217780.0,543796700,2497,8,217640.0,217700.0
1230,2025-04-16,221000.0,221000.0,218010.0,218470.0,42601650,195,2,217780.0,218010.0
1231,2025-04-19,221000.0,221000.0,220650.0,220980.0,115574950,523,2,218470.0,220650.0
1232,2025-04-20,227600.0,227600.0,227600.0,227600.0,7978518000,35055,24,220980.0,227600.0
1233,2025-04-21,230050.0,234420.0,230000.0,234100.0,4554577790,19456,25,227600.0,230150.0
1234,2025-04-22,233990.0,234500.0,230000.0,232140.0,4175077200,17985,14,234100.0,234500.0
1235,2025-04-23,230500.0,230500.0,230500.0,230500.0,20745000,90,1,232140.0,230500.0
1236,2025-04-26,232850.0,232850.0,232850.0,232850.0,447304850,1921,5,230500.0,232850.0
1237,2025-04-27,230000.0,230000.0,230000.0,230000.0,28750000,125,3,232850.0,230000.0
1238,2025-04-29,231000.0,232600.0,231000.0,232440.0,3255140500,14004,7,230000.0,232500.0
1239,2025-04-30,235050.0,239380.0,235050.0,235170.0,593575480,2524,6,232440.0,239380.0
1240,2025-05-03,235000.0,238500.0,234000.0,234630.0,1491996500,6359,14,235170.0,238500.0
1241,2025-05-04,234000.0,235000.0,234000.0,234490.0,104581000,446,2,234630.0,235000.0
1242,2025-05-05,241520.0,241520.0,236800.0,239390.0,12208960,51,2,234490.0,236800.0
1243,2025-05-06,236810.0,243000.0,236810.0,237720.0,774002260,3256,12,239390.0,243000.0
1244,2025-05-07,244850.0,244850.0,244840.0,244850.0,114587680,468,7,237720.0,244850.0
1245,2025-05-12,244800.0,248800.0,244120.0,245740.0,3204942690,13042,23,244850.0,245020.0
1246,2025-05-13,248150.0,248150.0,242160.0,246980.0,17902167400,72485,8,245740.0,243070.0
1247,2025-05-14,249000.0,249000.0,248700.0,248700.0,249945000,1005,2,246980.0,248700.0
1248,2025-05-17,249000.0,249000.0,243140.0,243510.0,768285030,3155,14,248700.0,246990.0
1249,2025-05-18,248000.0,248000.0,244120.0,244150.0,265877770,1089,5,243510.0,244120.0
1250,2025-05-19,244120.0,247400.0,244120.0,244140.0,4007721410,16416,14,244150.0,244120.0
1251,2025-05-20,241180.0,241180.0,241180.0,241180.0,4100060000,17000,1,244140.0,241180.0
1252,2025-05-21,236300.0,240000.0,236300.0,238290.0,28118400,118,3,241180.0,237300.0
1253,2025-05-24,238770.0,238770.0,238760.0,238760.0,391332690,1639,4,238290.0,238760.0
1254,2025-05-25,237270.0,240000.0,235300.0,237320.0,990118080,4172,4,238760.0,240000.0
1255,2025-05-27,239000.0,239000.0,239000.0,239000.0,345355000,1445,3,237320.0,239000.0
1256,2025-05-28,244800.0,244800.0,240000.0,244300.0,21743000,89,5,239000.0,244600.0
1257,2025-05-31,242000.0,246600.0,242000.0,244590.0,651830000,2665,5,244300.0,246600.0
1258,2025-06-01,242000.0,242000.0,240000.0,241740.0,56566000,234,3,244590.0,240000.0
1259,2025-06-03,239500.0,239500.0,239500.0,239500.0,8383697500,35005,2,241740.0,239500.0
1260,2025-06-07,235000.0,235000.0,233000.0,234040.0,15797500000,67500,2,239500.0,233000.0
1261,2025-06-08,233000.0,233000.0,233000.0,233000.0,16310000000,70000,2,234040.0,233000.0
1262,2025-06-09,231000.0,231000.0,231000.0,231000.0,8811033000,38143,5,233000.0,231000.0
1263,2025-06-10,232000.0,234200.0,232000.0,234200.0,99609008000,425319,9,231000.0,234200.0
1264,2025-06-11,232020.0,232020.0,231000.0,231040.0,28880150,125,4,234200.0,231000.0
1265,2025-06-28,224110.0,224110.0,224110.0,224110.0,9714272060,43346,7,231040.0,224110.0
1266,2025-06-29,217390.0,217390.0,217390.0,217390.0,7608650000,35000,1,224110.0,217390.0
1267,2025-06-30,210870.0,217390.0,210870.0,212430.0,3421395650,16106,8,217390.0,216500.0
1268,2025-07-01,212500.0,212500.0,212500.0,212500.0,70337500,331,1,212430.0,212500.0
1269,2025-07-02,206130.0,213000.0,206130.0,211770.0,716831000,3385,7,212500.0,213000.0
1270,2025-07-07,215000.0,215000.0,215000.0,215000.0,2795000,13,1,211770.0,215000.0
1271,2025-07-08,208550.0,208550.0,208550.0,208550.0,356829050,1711,2,215000.0,208550.0
1272,2025-07-09,204000.0,207000.0,204000.0,205100.0,13947000,68,2,208550.0,207000.0
