,date,open,high,low,adjClose,value,volume,count,yesterday,close
0,2019-03-17,690.0,690.0,690.0,690.0,225000000000,150000000,335341,460.0,690.0
1,2019-03-18,725.0,725.0,725.0,725.0,538223175,341729,816,690.0,725.0
2,2019-03-19,761.0,761.0,761.0,761.0,1564152903,946251,2234,725.0,761.0
3,2019-03-25,798.0,798.0,798.0,798.0,2630988700,1516420,3544,761.0,798.0
4,2019-03-26,838.0,838.0,838.0,838.0,7009946784,3849504,8830,798.0,838.0
5,2019-03-27,860.0,874.0,796.0,855.0,139672329792,75144290,139970,838.0,870.0
6,2019-03-30,862.0,898.0,860.0,886.0,32174107425,16711035,19237,855.0,898.0
7,2019-03-31,930.0,930.0,930.0,930.0,5685794497,2813357,3576,886.0,930.0
8,2019-04-06,976.0,976.0,976.0,976.0,5829893676,2747358,4598,930.0,976.0
9,2019-04-07,1025.0,1025.0,1025.0,1025.0,4112498100,1845825,2721,976.0,1025.0
10,2019-04-08,1025.0,1076.0,983.0,1037.0,58669297815,26035714,15890,1025.0,1076.0
11,2019-04-09,1088.0,1142.0,1088.0,1123.0,4189020042,1717152,1114,1037.0,1142.0
12,2019-04-10,1150.0,1179.0,1126.0,1165.0,27472823823,10844862,9345,1123.0,1179.0
13,2019-04-13,1223.0,1223.0,1223.0,1223.0,4896444799,1841461,2726,1165.0,1223.0
14,2019-04-14,1284.0,1284.0,1284.0,1284.0,4336700456,1553816,2953,1223.0,1284.0
15,2019-04-15,1348.0,1348.0,1348.0,1348.0,13912138100,4748170,1778,1284.0,1348.0
16,2019-04-16,1415.0,1415.0,1281.0,1354.0,131232912306,44588110,14717,1348.0,1304.0
17,2019-04-17,1286.0,1286.0,1286.0,1286.0,11017836516,3940571,1776,1354.0,1286.0
18,2019-04-20,1222.0,1350.0,1222.0,1299.0,109633043208,38829778,22040,1286.0,1350.0
19,2019-04-22,1364.0,1364.0,1234.0,1356.0,108690974099,36871395,12861,1299.0,1364.0
20,2019-04-23,1394.0,1424.0,1380.0,1420.0,49082086336,15902679,5152,1356.0,1424.0
21,2019-04-24,1491.0,1491.0,1491.0,1491.0,15360133680,4740782,1453,1420.0,1491.0
22,2019-04-27,1565.0,1565.0,1518.0,1564.0,48792918379,14357004,3186,1491.0,1565.0
23,2019-04-28,1584.0,1642.0,1518.0,1618.0,98298407169,27947249,12429,1564.0,1642.0
24,2019-04-29,1683.0,1699.0,1643.0,1687.0,17599044288,4801244,1872,1618.0,1699.0
25,2019-04-30,1771.0,1859.0,1771.0,1828.0,66628418528,16769658,4291,1687.0,1804.0
26,2019-05-01,1840.0,1918.0,1762.0,1838.0,136822747794,34239220,11249,1828.0,1795.0
27,2019-05-04,1772.0,1831.0,1747.0,1779.0,118748992133,30717961,12671,1838.0,1762.0
28,2019-05-05,1749.0,1813.0,1690.0,1737.0,91140980259,24141446,7886,1779.0,1749.0
29,2019-05-06,1680.0,1720.0,1650.0,1678.0,26884994576,7369029,2795,1737.0,1650.0
30,2019-05-07,1595.0,1650.0,1595.0,1596.0,12326479402,3553015,892,1678.0,1595.0
31,2019-05-08,1516.0,1643.0,1516.0,1539.0,58210919762,17405504,6442,1596.0,1560.0
32,2019-05-11,1541.0,1615.0,1541.0,1599.0,46301703157,13324508,3321,1539.0,1574.0
33,2019-05-12,1610.0,1614.0,1519.0,1530.0,21635647258,6506717,2396,1599.0,1521.0
34,2019-05-13,1539.0,1587.0,1477.0,1537.0,33581883513,10051295,2920,1530.0,1542.0
35,2019-05-14,1540.0,1572.0,1508.0,1538.0,29749829812,8901797,3389,1537.0,1518.0
36,2019-05-15,1518.0,1519.0,1461.0,1475.0,27299775672,8518767,2839,1538.0,1467.0
37,2019-05-18,1475.0,1541.0,1475.0,1517.0,21654814562,6568568,2528,1475.0,1514.0
38,2019-05-19,1503.0,1513.0,1448.0,1468.0,16817848060,5271173,2319,1517.0,1465.0
39,2019-05-20,1449.0,1449.0,1395.0,1400.0,24713260516,8124023,2253,1468.0,1399.0
40,2019-05-21,1421.0,1470.0,1403.0,1463.0,13117369427,4126789,2433,1400.0,1470.0
41,2019-05-22,1518.0,1527.0,1488.0,1509.0,19662109820,5997004,1955,1463.0,1498.0
42,2019-05-25,1504.0,1565.0,1458.0,1525.0,22076092573,6659367,2045,1509.0,1549.0
43,2019-05-26,1559.0,1565.0,1491.0,1533.0,19708788902,5914739,3319,1525.0,1512.0
44,2019-05-28,1518.0,1559.0,1490.0,1510.0,26188165787,7975736,2376,1533.0,1504.0
45,2019-05-29,1514.0,1533.0,1463.0,1481.0,12538905884,3893587,1634,1510.0,1463.0
46,2019-06-01,1458.0,1494.0,1415.0,1447.0,13894316173,4417980,1619,1481.0,1459.0
47,2019-06-02,1456.0,1519.0,1455.0,1496.0,21588083635,6639518,1993,1447.0,1519.0
48,2019-06-03,1553.0,1564.0,1519.0,1547.0,24982490001,7428883,1782,1496.0,1541.0
49,2019-06-08,1523.0,1540.0,1486.0,1514.0,13511260384,4107228,1221,1547.0,1537.0
50,2019-06-09,1546.0,1589.0,1546.0,1583.0,25654050646,7455157,1735,1514.0,1589.0
51,2019-06-10,1609.0,1610.0,1532.0,1564.0,27288286984,8026622,1710,1583.0,1535.0
52,2019-06-11,1564.0,1643.0,1517.0,1597.0,42621707163,12276198,2257,1564.0,1643.0
53,2019-06-12,1677.0,1677.0,1677.0,1677.0,10003039110,2744318,549,1597.0,1677.0
54,2019-06-15,1697.0,1761.0,1677.0,1733.0,46251337413,12279763,2077,1677.0,1761.0
55,2019-06-16,1804.0,1817.0,1656.0,1737.0,39191843930,10382193,2471,1733.0,1666.0
56,2019-06-17,1656.0,1737.0,1650.0,1666.0,25726415728,7104050,3097,1737.0,1650.0
57,2019-06-18,1657.0,1661.0,1590.0,1619.0,17970162949,5107190,1597,1666.0,1606.0
58,2019-06-19,1606.0,1647.0,1555.0,1598.0,10086084803,2904348,1012,1619.0,1600.0
59,2019-06-22,1572.0,1605.0,1518.0,1540.0,12128896045,3622388,1151,1598.0,1564.0
60,2019-06-23,1564.0,1617.0,1538.0,1591.0,11723555814,3388824,1876,1540.0,1617.0
61,2019-06-24,1670.0,1671.0,1638.0,1663.0,10928336867,3023651,774,1591.0,1671.0
62,2019-06-25,1707.0,1707.0,1619.0,1654.0,14997032731,4172850,1145,1663.0,1643.0
63,2019-06-26,1666.0,1666.0,1587.0,1607.0,16960233364,4856772,1259,1654.0,1610.0
64,2019-06-30,1610.0,1614.0,1578.0,1597.0,11415805936,3288528,1225,1607.0,1584.0
65,2019-07-01,1608.0,1629.0,1571.0,1601.0,8349587597,2399183,1038,1597.0,1607.0
66,2019-07-02,1628.0,1681.0,1610.0,1667.0,20242098213,5585823,1639,1601.0,1681.0
67,2019-07-03,1743.0,1743.0,1648.0,1678.0,16501283024,4525181,1346,1667.0,1656.0
68,2019-07-06,1633.0,1677.0,1608.0,1634.0,10771676845,3033223,931,1678.0,1634.0
69,2019-07-07,1625.0,1664.0,1614.0,1636.0,8886682469,2500021,886,1634.0,1647.0
70,2019-07-08,1679.0,1715.0,1653.0,1688.0,21123193182,5757720,1725,1636.0,1663.0
71,2019-07-09,1707.0,1707.0,1638.0,1666.0,18250195788,5039538,1571,1688.0,1671.0
72,2019-07-10,1661.0,1749.0,1661.0,1736.0,41710106734,11052454,2697,1666.0,1749.0
73,2019-07-13,1823.0,1823.0,1804.0,1823.0,46087991830,11633963,2006,1736.0,1823.0
74,2019-07-14,1882.0,1912.0,1771.0,1851.0,59382165799,14755582,3171,1823.0,1857.0
75,2019-07-15,1854.0,1919.0,1759.0,1843.0,47090564307,11757303,2489,1851.0,1790.0
76,2019-07-16,1767.0,1815.0,1751.0,1771.0,13491798638,3503912,680,1843.0,1751.0
77,2019-07-17,1693.0,1809.0,1684.0,1733.0,29777429517,7906153,1991,1771.0,1716.0
78,2019-07-23,1749.0,1749.0,1661.0,1663.0,6012032060,1727792,322,1733.0,1661.0
79,2019-07-24,1625.0,1690.0,1601.0,1623.0,19948795626,5873708,1659,1663.0,1620.0
80,2019-07-27,1649.0,1651.0,1596.0,1621.0,13053343005,3847196,1139,1623.0,1640.0
81,2019-07-28,1627.0,1702.0,1627.0,1693.0,13239997171,3736384,928,1621.0,1702.0
82,2019-07-29,1762.0,1762.0,1663.0,1705.0,12320027097,3451697,1143,1693.0,1688.0
83,2019-07-30,1672.0,1744.0,1665.0,1723.0,10281850100,2850944,906,1705.0,1730.0
84,2019-07-31,1720.0,1761.0,1664.0,1689.0,15350790037,4344056,1031,1723.0,1677.0
85,2019-08-03,1645.0,1706.0,1620.0,1653.0,11880654175,3434389,1073,1689.0,1672.0
86,2019-08-04,1692.0,1735.0,1642.0,1726.0,11585653367,3206548,700,1653.0,1735.0
87,2019-08-05,1812.0,1812.0,1812.0,1812.0,15894376850,4190450,480,1726.0,1812.0
88,2019-08-06,1903.0,1903.0,1826.0,1872.0,54512547491,13912619,2245,1812.0,1888.0
89,2019-08-07,1873.0,1899.0,1804.0,1853.0,23260757899,5999876,1656,1872.0,1844.0
90,2019-08-10,1886.0,2042.0,1844.0,1983.0,23247401930,5603450,964,1853.0,2031.0
91,2019-08-11,2082.0,2082.0,2082.0,2082.0,2669287104,612784,268,1983.0,2082.0
92,2019-08-13,2185.0,2294.0,2185.0,2289.0,123441930923,25767120,2742,2082.0,2294.0
93,2019-08-14,2322.0,2329.0,2198.0,2266.0,60569785377,12774215,2717,2289.0,2227.0
94,2019-08-17,2222.0,2222.0,2153.0,2184.0,37805650029,8271011,2110,2266.0,2153.0
95,2019-08-18,2126.0,2293.0,2077.0,2234.0,58610656049,12536875,2715,2184.0,2293.0
96,2019-08-19,2389.0,2509.0,2389.0,2486.0,71182435293,13681870,2161,2234.0,2509.0
97,2019-08-21,2538.0,2556.0,2390.0,2466.0,37620936181,7289610,2221,2486.0,2458.0
98,2019-08-24,2427.0,2537.0,2409.0,2474.0,35430428520,6842924,1714,2466.0,2464.0
99,2019-08-25,2506.0,2506.0,2351.0,2387.0,46000228798,9207767,1710,2474.0,2375.0
100,2019-08-26,2389.0,2485.0,2385.0,2421.0,30284955601,5978528,1372,2387.0,2411.0
101,2019-08-27,2466.0,2466.0,2300.0,2367.0,32990613645,6660263,1797,2421.0,2327.0
102,2019-08-28,2271.0,2365.0,2249.0,2303.0,25053661899,5198339,1346,2367.0,2351.0
103,2019-08-31,2379.0,2418.0,2255.0,2345.0,37573388999,7655130,1796,2303.0,2288.0
104,2019-09-01,2334.0,2413.0,2275.0,2335.0,17273928195,3535475,1109,2345.0,2313.0
105,2019-09-02,2313.0,2388.0,2222.0,2265.0,18565771267,3916326,1207,2335.0,2277.0
106,2019-09-03,2236.0,2322.0,2229.0,2278.0,13151948396,2759033,904,2265.0,2294.0
107,2019-09-04,2284.0,2392.0,2284.0,2385.0,47886726558,9593769,1893,2278.0,2392.0
108,2019-09-07,2426.0,2470.0,2404.0,2440.0,37528926218,7347808,1644,2385.0,2462.0
109,2019-09-08,2479.0,2479.0,2370.0,2415.0,18340702582,3629039,1230,2440.0,2408.0
110,2019-09-11,2396.0,2413.0,2352.0,2367.0,19076810098,3851540,1333,2415.0,2367.0
111,2019-09-14,2374.0,2485.0,2374.0,2448.0,43113816877,8413719,1881,2367.0,2426.0
112,2019-09-15,2447.0,2468.0,2342.0,2395.0,20498913583,4089351,1159,2448.0,2425.0
113,2019-09-16,2461.0,2515.0,2461.0,2506.0,31307854879,5969103,641,2395.0,2515.0
114,2019-09-17,2632.0,2632.0,2628.0,2632.0,195205590876,35446878,1593,2506.0,2632.0
115,2019-09-18,2724.0,2763.0,2638.0,2736.0,201231367018,35150977,3329,2632.0,2763.0
116,2019-09-21,2867.0,2872.0,2819.0,2869.0,30860563850,5139043,514,2736.0,2872.0
117,2019-09-22,3013.0,3013.0,3013.0,3013.0,11911109665,1889153,197,2869.0,3013.0
118,2019-09-23,3163.0,3163.0,3163.0,3163.0,12488908040,1886542,177,3013.0,3163.0
119,2019-09-24,3322.0,3322.0,3058.0,3215.0,199637690447,29673095,4002,3163.0,3154.0
120,2019-09-25,3159.0,3376.0,3059.0,3263.0,138697901023,20312581,3316,3215.0,3376.0
121,2019-09-28,3426.0,3426.0,3393.0,3425.0,17742911076,2475320,198,3263.0,3423.0
122,2019-09-29,3441.0,3565.0,3269.0,3333.0,52092907860,7467814,898,3425.0,3269.0
123,2019-09-30,3333.0,3463.0,3202.0,3344.0,110602146977,15804776,3148,3333.0,3393.0
124,2019-10-01,3460.0,3460.0,3177.0,3205.0,134903606789,20111785,3148,3344.0,3177.0
125,2019-10-02,3079.0,3137.0,3045.0,3066.0,70306404727,10955748,2053,3205.0,3045.0
126,2019-10-05,3010.0,3178.0,2915.0,3020.0,64068776255,10137768,2186,3066.0,2957.0
127,2019-10-06,3030.0,3171.0,2930.0,3085.0,71048306484,11004278,1644,3020.0,3171.0
128,2019-10-07,3239.0,3239.0,3106.0,3196.0,57808147683,8643241,1562,3085.0,3144.0
129,2019-10-08,3185.0,3185.0,3036.0,3078.0,43059925386,6684471,1218,3196.0,3036.0
130,2019-10-09,3004.0,3149.0,2924.0,3033.0,44134229611,6953641,1740,3078.0,3106.0
131,2019-10-12,2994.0,3175.0,2990.0,3041.0,40327351270,6336619,1420,3033.0,3030.0
132,2019-10-13,3101.0,3101.0,2924.0,2991.0,32095396875,5127722,1208,3041.0,2944.0
133,2019-10-14,2944.0,3009.0,2842.0,2856.0,40736564027,6816739,1245,2991.0,2842.0
134,2019-10-15,2745.0,2839.0,2713.0,2730.0,20290300428,3551644,357,2856.0,2713.0
135,2019-10-16,2594.0,2665.0,2594.0,2596.0,29024946908,5342225,956,2730.0,2594.0
136,2019-10-20,2467.0,2533.0,2467.0,2469.0,13530568856,2619000,346,2596.0,2467.0
137,2019-10-21,2345.0,2408.0,2345.0,2346.0,22036929812,4488756,601,2469.0,2390.0
138,2019-10-22,2442.0,2463.0,2271.0,2421.0,34986029570,6905649,1327,2346.0,2377.0
139,2019-10-23,2421.0,2456.0,2300.0,2319.0,19500905205,4017099,999,2421.0,2318.0
140,2019-10-26,2319.0,2341.0,2204.0,2219.0,17985334981,3873762,946,2319.0,2204.0
141,2019-10-28,2222.0,2330.0,2198.0,2284.0,23077101112,4829257,1082,2219.0,2330.0
142,2019-10-30,2384.0,2397.0,2337.0,2395.0,22488679362,4486220,846,2284.0,2397.0
143,2019-11-02,2509.0,2509.0,2294.0,2408.0,21889569340,4344242,1254,2395.0,2394.0
144,2019-11-03,2399.0,2528.0,2339.0,2511.0,39568743496,7530536,1091,2408.0,2528.0
145,2019-11-04,2561.0,2561.0,2400.0,2486.0,20096471357,3862892,1071,2511.0,2421.0
146,2019-11-05,2389.0,2610.0,2388.0,2560.0,33977519747,6341413,1183,2486.0,2610.0
147,2019-11-09,2676.0,2688.0,2638.0,2685.0,26875495836,4783185,845,2560.0,2688.0
148,2019-11-10,2765.0,2815.0,2580.0,2714.0,52030910443,9162469,1787,2685.0,2781.0
149,2019-11-11,2805.0,2832.0,2669.0,2747.0,32406800463,5637590,1335,2714.0,2685.0
150,2019-11-12,2724.0,2771.0,2656.0,2700.0,37315162524,6604927,1429,2747.0,2695.0
151,2019-11-13,2731.0,2835.0,2655.0,2811.0,53512291056,9096548,1461,2700.0,2835.0
152,2019-11-16,2952.0,2952.0,2813.0,2912.0,56404507706,9254607,1823,2811.0,2848.0
153,2019-11-17,2771.0,2847.0,2767.0,2770.0,19412640925,3348524,345,2912.0,2767.0
154,2019-11-18,2632.0,2819.0,2632.0,2695.0,34038253309,6035309,985,2770.0,2718.0
155,2019-11-19,2714.0,2830.0,2714.0,2790.0,20907643107,3580634,640,2695.0,2830.0
156,2019-11-20,2867.0,2893.0,2819.0,2867.0,16131992141,2688753,722,2790.0,2850.0
157,2019-11-23,2908.0,2914.0,2772.0,2833.0,23266700803,3924659,832,2867.0,2809.0
158,2019-11-24,2799.0,2888.0,2781.0,2836.0,19875061683,3348926,794,2833.0,2826.0
159,2019-11-25,2834.0,2914.0,2827.0,2878.0,17798053178,2955333,930,2836.0,2880.0
160,2019-11-26,3001.0,3021.0,2881.0,2992.0,66415965833,10608321,1823,2878.0,3021.0
161,2019-11-27,3068.0,3079.0,2944.0,2993.0,28651387435,4574759,1275,2992.0,2982.0
162,2019-11-30,2987.0,3053.0,2915.0,2981.0,30781755434,4933734,1311,2993.0,3008.0
163,2019-12-01,3010.0,3034.0,2947.0,2988.0,24970092814,3993756,1105,2981.0,2963.0
164,2019-12-02,2967.0,3010.0,2881.0,2946.0,35308343530,5727134,1261,2988.0,2891.0
165,2019-12-03,2869.0,2934.0,2869.0,2917.0,16940946384,2775261,658,2946.0,2921.0
166,2019-12-04,2915.0,3030.0,2877.0,2968.0,19851355156,3196411,864,2917.0,2982.0
167,2019-12-07,2987.0,3035.0,2987.0,3011.0,43033865428,6830122,1281,2968.0,3034.0
168,2019-12-08,2952.0,3161.0,2952.0,3121.0,58735479869,8992084,1706,3011.0,3161.0
169,2019-12-09,3225.0,3384.0,3179.0,3271.0,40684486747,5943584,1361,3121.0,3278.0
170,2019-12-10,3302.0,3316.0,3107.0,3186.0,58646271106,8796471,1766,3271.0,3139.0
171,2019-12-11,3139.0,3229.0,3074.0,3157.0,34912911903,5284960,1250,3186.0,3196.0
172,2019-12-14,3249.0,3314.0,3159.0,3260.0,53393798889,7826838,1646,3157.0,3314.0
173,2019-12-15,3419.0,3421.0,3250.0,3368.0,56724805787,8047328,1758,3260.0,3417.0
174,2019-12-16,3464.0,3537.0,3374.0,3525.0,139382331910,18894277,1804,3368.0,3537.0
175,2019-12-17,3631.0,3701.0,3572.0,3672.0,125631822899,16349661,2745,3525.0,3701.0
176,2019-12-18,3727.0,3760.0,3574.0,3672.0,77386267516,10071547,2241,3672.0,3679.0
177,2019-12-21,3727.0,3727.0,3512.0,3608.0,49930239247,6612087,2104,3672.0,3601.0
178,2019-12-22,3600.0,3703.0,3441.0,3566.0,55506462477,7437487,1776,3608.0,3627.0
179,2019-12-23,3646.0,3744.0,3494.0,3663.0,71154369494,9283445,2124,3566.0,3608.0
180,2019-12-24,3678.0,3725.0,3560.0,3630.0,49246708327,6482024,1430,3663.0,3584.0
181,2019-12-25,3602.0,3675.0,3560.0,3599.0,47746992031,6339715,1366,3630.0,3651.0
182,2019-12-28,3716.0,3778.0,3682.0,3777.0,130080212906,16457872,2028,3599.0,3778.0
183,2019-12-29,3885.0,3885.0,3679.0,3769.0,58118162026,7368615,1722,3777.0,3724.0
184,2019-12-30,3775.0,3871.0,3704.0,3784.0,73114884999,9232739,1949,3769.0,3818.0
185,2019-12-31,3833.0,3833.0,3608.0,3697.0,64814139144,8376903,1572,3784.0,3728.0
186,2020-01-01,3727.0,3798.0,3613.0,3701.0,49544895512,6397069,1297,3697.0,3644.0
187,2020-01-04,3516.0,3516.0,3516.0,3516.0,12648637456,1719032,158,3701.0,3516.0
188,2020-01-05,3341.0,3341.0,3341.0,3341.0,20210449684,2890924,326,3516.0,3341.0
189,2020-01-07,3174.0,3272.0,3015.0,3155.0,65285684382,9887494,1081,3341.0,3015.0
190,2020-01-08,3092.0,3092.0,3092.0,3092.0,24985598715,3861165,227,3155.0,3092.0
191,2020-01-11,3154.0,3154.0,3154.0,3154.0,14165276400,2146254,172,3092.0,3154.0
192,2020-01-12,3311.0,3311.0,3259.0,3311.0,83378042563,12032403,1177,3154.0,3311.0
193,2020-01-13,3368.0,3464.0,3254.0,3383.0,54504504780,7698763,1687,3311.0,3431.0
194,2020-01-14,3476.0,3476.0,3295.0,3333.0,53028094300,7603924,1467,3383.0,3298.0
195,2020-01-15,3298.0,3463.0,3222.0,3377.0,49155639204,6955802,1236,3333.0,3354.0
196,2020-01-18,3474.0,3474.0,3345.0,3413.0,59600920870,8343635,2009,3377.0,3369.0
197,2020-01-19,3369.0,3392.0,3250.0,3312.0,50436790988,7276585,1960,3413.0,3284.0
198,2020-01-20,3344.0,3344.0,3235.0,3288.0,46736362609,6792408,1655,3312.0,3297.0
199,2020-01-21,3335.0,3350.0,3271.0,3300.0,44554159930,6450808,1564,3288.0,3279.0
200,2020-01-22,3342.0,3378.0,3290.0,3336.0,48633618924,6966036,1591,3300.0,3369.0
201,2020-01-25,3441.0,3503.0,3393.0,3499.0,158456304251,21636712,2341,3336.0,3503.0
202,2020-01-26,3670.0,3674.0,3513.0,3621.0,119202856501,15729989,3103,3499.0,3605.0
203,2020-01-27,3636.0,3636.0,3488.0,3550.0,48901916742,6582988,1895,3621.0,3488.0
204,2020-01-28,3527.0,3582.0,3465.0,3523.0,40146615326,5445058,1648,3550.0,3522.0
205,2020-02-01,3548.0,3699.0,3531.0,3641.0,133735006442,17552934,3293,3523.0,3536.0
206,2020-02-02,3559.0,3651.0,3527.0,3601.0,60893000936,8081493,2302,3641.0,3589.0
207,2020-02-03,3780.0,3969.0,3780.0,3968.0,288719690857,34773820,3564,3601.0,3969.0
208,2020-02-04,4166.0,4166.0,4008.0,4158.0,347772160954,39970126,4843,3968.0,4166.0
209,2020-02-05,4344.0,4470.0,4325.0,4402.0,147406211661,16000275,3955,4158.0,4463.0
210,2020-02-08,4564.0,4564.0,4239.0,4368.0,151815001919,16610635,4916,4402.0,4280.0
211,2020-02-09,4215.0,4348.0,4157.0,4253.0,129051758980,14497907,3836,4368.0,4218.0
212,2020-02-10,4258.0,4296.0,4041.0,4099.0,101663598508,11853491,2882,4253.0,4096.0
213,2020-02-12,4157.0,4295.0,4157.0,4251.0,53133101585,5972138,2012,4099.0,4248.0
214,2020-02-15,4372.0,4372.0,4074.0,4212.0,61733325500,7003111,2444,4251.0,4247.0
215,2020-02-16,4329.0,4422.0,4260.0,4397.0,102317865968,11119320,2629,4212.0,4422.0
216,2020-02-17,4578.0,4582.0,4301.0,4444.0,92486389249,9944685,2688,4397.0,4338.0
217,2020-02-18,4387.0,4387.0,4253.0,4291.0,64782890646,7214412,2102,4444.0,4274.0
218,2020-02-19,4277.0,4444.0,4157.0,4296.0,81945196953,9113875,2672,4291.0,4347.0
219,2020-02-22,4082.0,4395.0,4082.0,4250.0,69516968446,7815629,2037,4296.0,4305.0
220,2020-02-23,4393.0,4461.0,4296.0,4366.0,90688932549,9926728,2722,4250.0,4346.0
221,2020-02-24,4439.0,4439.0,4245.0,4296.0,98254583316,10927569,2969,4366.0,4331.0
222,2020-02-25,4325.0,4415.0,4248.0,4340.0,102776515845,11315551,3229,4296.0,4377.0
223,2020-02-26,4406.0,4406.0,4258.0,4318.0,102971509154,11394542,3363,4340.0,4262.0
224,2020-02-29,4103.0,4318.0,4103.0,4119.0,100860477773,11702700,3099,4318.0,4129.0
225,2020-03-01,4109.0,4324.0,4089.0,4302.0,88304345885,9809269,2520,4119.0,4315.0
226,2020-03-02,4420.0,4420.0,4266.0,4324.0,127006957775,14035257,3212,4302.0,4320.0
227,2020-03-03,4424.0,4540.0,4397.0,4521.0,110614502861,11691551,1950,4324.0,4540.0
228,2020-03-04,4747.0,4747.0,4645.0,4741.0,91596108514,9231375,1962,4521.0,4747.0
229,2020-03-07,4874.0,4974.0,4504.0,4763.0,102170352729,10251232,3162,4741.0,4726.0
230,2020-03-09,4563.0,4643.0,4525.0,4540.0,63937707396,6730226,1401,4763.0,4525.0
231,2020-03-10,4313.0,4600.0,4313.0,4377.0,68422923821,7470115,2205,4540.0,4313.0
232,2020-03-11,4473.0,4540.0,4305.0,4439.0,42569936648,4576560,1902,4377.0,4366.0
233,2020-03-14,4262.0,4396.0,4217.0,4292.0,36628659365,4121460,914,4439.0,4217.0
234,2020-03-15,4082.0,4216.0,4080.0,4223.0,18680340287,2166317,803,4292.0,4110.0
235,2020-03-16,4433.0,4611.0,4218.0,4293.0,29989562037,3304534,987,4223.0,4282.0
236,2020-03-17,4396.0,4396.0,4078.0,4154.0,36192436142,4202232,1553,4293.0,4100.0
237,2020-03-18,4205.0,4301.0,4100.0,4186.0,46241413510,5277031,1828,4154.0,4272.0
238,2020-03-24,4300.0,4363.0,4110.0,4255.0,47206845891,5295290,1805,4186.0,4301.0
239,2020-03-25,4396.0,4467.0,4301.0,4405.0,63118844412,6847120,2200,4255.0,4467.0
240,2020-03-28,4625.0,4625.0,4468.0,4563.0,39052107061,4041234,835,4405.0,4625.0
241,2020-03-29,4791.0,4791.0,4540.0,4716.0,122043599144,12365832,3307,4563.0,4613.0
242,2020-03-30,4578.0,4635.0,4480.0,4524.0,102602061584,10836268,3046,4716.0,4606.0
243,2020-04-04,4682.0,4750.0,4587.0,4724.0,106875087734,10809329,2669,4524.0,4750.0
244,2020-04-05,4812.0,4961.0,4755.0,4893.0,82014585819,8009485,2164,4724.0,4961.0
245,2020-04-06,5137.0,5137.0,4688.0,4946.0,99502750588,9613109,3100,4893.0,5102.0
246,2020-04-07,5161.0,5193.0,4947.0,5165.0,69875830113,6465469,1739,4946.0,5193.0
247,2020-04-08,5376.0,5423.0,5252.0,5412.0,175491275406,15495414,2373,5165.0,5423.0
248,2020-04-11,5591.0,5591.0,5141.0,5319.0,119079398305,10696618,3219,5412.0,5141.0
249,2020-04-12,5113.0,5438.0,5113.0,5306.0,136189252470,12264479,3360,5319.0,5256.0
250,2020-04-13,5424.0,5424.0,5041.0,5110.0,116912033372,10933446,2799,5306.0,5161.0
251,2020-04-14,4874.0,5080.0,4854.0,4967.0,98989256989,9522497,3200,5110.0,4936.0
252,2020-04-15,4875.0,5215.0,4875.0,5198.0,82582789172,7592429,2190,4967.0,5215.0
253,2020-04-18,5447.0,5457.0,5355.0,5447.0,101643452121,8917476,2709,5198.0,5452.0
254,2020-04-19,5614.0,5614.0,5175.0,5292.0,160427045166,14487097,3882,5447.0,5175.0
255,2020-04-20,5175.0,5543.0,5091.0,5400.0,91883675785,8130735,2335,5292.0,5438.0
256,2020-04-21,5400.0,5519.0,5289.0,5368.0,95560244703,8505998,2459,5400.0,5328.0
257,2020-04-22,5428.0,5636.0,5252.0,5510.0,155378904829,13476453,3203,5368.0,5636.0
258,2020-04-25,5785.0,5785.0,5785.0,5769.0,49503467808,4089168,677,5510.0,5785.0
259,2020-04-26,6057.0,6057.0,5734.0,6014.0,178361281862,14172754,2514,5769.0,6057.0
260,2020-04-27,6140.0,6314.0,6068.0,6247.0,70740642153,5410798,1146,6014.0,6314.0
261,2020-04-28,6559.0,6559.0,6465.0,6536.0,73658538663,5385024,1363,6247.0,6559.0
262,2020-04-29,6862.0,6862.0,6862.0,6757.0,42144695343,2934663,898,6536.0,6862.0
263,2020-05-02,7095.0,7095.0,7095.0,6911.0,23974831671,1614793,619,6757.0,7095.0
264,2020-05-03,7257.0,7257.0,7257.0,7189.0,43171702332,2842862,563,6911.0,7257.0
265,2020-05-04,7282.0,7548.0,6829.0,7272.0,235700542335,15487109,4292,7189.0,7548.0
266,2020-05-05,7636.0,7636.0,7548.0,7482.0,32715836648,2048017,500,7272.0,7636.0
267,2020-05-10,7855.0,8195.0,7463.0,7586.0,203839866139,12840216,2697,7482.0,7463.0
268,2020-05-11,7411.0,7837.0,7207.0,7367.0,104209866774,6759858,1903,7586.0,7207.0
269,2020-05-12,6999.0,6999.0,6999.0,7083.0,36072336408,2462948,336,7367.0,6999.0
270,2020-05-16,6729.0,6729.0,6729.0,6885.0,26468872398,1879758,266,7083.0,6729.0
271,2020-05-17,6541.0,6885.0,6541.0,6594.0,202553495291,14679044,2926,6885.0,6541.0
272,2020-05-18,6785.0,6923.0,6628.0,6849.0,111761575991,7798067,2148,6594.0,6923.0
273,2020-05-19,7120.0,7120.0,6506.0,6588.0,126348704269,9164916,2322,6849.0,6506.0
274,2020-05-20,6451.0,6590.0,6258.0,6315.0,142734728309,10800235,2172,6588.0,6258.0
275,2020-05-23,6212.0,6403.0,6000.0,6152.0,83401174205,6478327,2048,6315.0,6000.0
276,2020-05-26,5845.0,6116.0,5845.0,5846.0,46415764397,3793870,693,6152.0,5845.0
277,2020-05-27,5554.0,6041.0,5554.0,5806.0,78473252059,6457958,1823,5846.0,5782.0
278,2020-05-30,6096.0,6096.0,5806.0,6087.0,83200034931,6531300,1299,5806.0,6096.0
279,2020-05-31,6355.0,6355.0,5792.0,6047.0,62477111305,4936913,1491,6087.0,5925.0
280,2020-06-01,5997.0,6263.0,5782.0,5944.0,56814799079,4567430,1329,6047.0,5838.0
281,2020-06-02,6069.0,6236.0,5854.0,6041.0,67344434433,5327007,1852,5944.0,6040.0
282,2020-06-06,6343.0,6343.0,6343.0,6227.0,32372989598,2438827,687,6041.0,6343.0
283,2020-06-07,6538.0,6538.0,6538.0,6399.0,29811548907,2178729,204,6227.0,6538.0
284,2020-06-08,6719.0,6719.0,6537.0,6706.0,167528342104,11937824,2145,6399.0,6719.0
285,2020-06-09,6881.0,7030.0,6451.0,6842.0,134449786392,9389828,2571,6706.0,6998.0
286,2020-06-10,7184.0,7184.0,7041.0,7182.0,138300579559,9201791,1856,6842.0,7184.0
287,2020-06-13,7541.0,7541.0,7347.0,7515.0,146280913678,9301568,3081,7182.0,7541.0
288,2020-06-14,7478.0,7890.0,7144.0,7735.0,85754008301,5297833,979,7515.0,7890.0
289,2020-06-15,8122.0,8122.0,8122.0,8122.0,57109891216,3360196,417,7735.0,8122.0
290,2020-06-16,8527.0,8527.0,8527.0,8297.0,25729402815,1441827,392,8122.0,8527.0
291,2020-06-20,8712.0,8712.0,8712.0,8712.0,57195297256,3137083,454,8297.0,8712.0
292,2020-06-21,9147.0,9147.0,8840.0,9144.0,243307533818,12714876,1542,8712.0,9147.0
293,2020-06-22,9601.0,9601.0,9601.0,9601.0,58277087104,2900512,468,9144.0,9601.0
294,2020-06-23,10081.0,10081.0,10081.0,10081.0,109686099384,5199379,586,9601.0,10081.0
295,2020-06-24,10584.0,10584.0,10584.0,10584.0,85961757800,3880892,532,10081.0,10584.0
296,2020-06-27,11113.0,11113.0,11113.0,10857.0,27090218740,1164820,266,10584.0,11113.0
297,2020-06-28,11400.0,11400.0,11400.0,11400.0,97183016348,4073564,471,10857.0,11400.0
298,2020-06-29,11970.0,11970.0,11970.0,11603.0,20097889807,802343,221,11400.0,11970.0
299,2020-07-04,12183.0,12183.0,11023.0,12127.0,203614275772,8022892,1227,11603.0,12183.0
300,2020-07-05,12733.0,12733.0,12733.0,12480.0,31961610915,1199445,327,12127.0,12733.0
301,2020-07-06,13104.0,13104.0,13104.0,12746.0,24071498055,877785,332,12480.0,13104.0
302,2020-07-07,13383.0,13383.0,13383.0,13383.0,916483220234,32723367,3217,12746.0,13383.0
303,2020-07-08,13447.0,13853.0,12714.0,13213.0,1160650119612,41974028,12794,13383.0,12714.0
304,2020-07-11,12553.0,13365.0,12553.0,12764.0,807407617141,30227273,7158,13213.0,12811.0
305,2020-07-12,13402.0,13402.0,12520.0,13350.0,589419211326,21097976,4922,12764.0,13141.0
306,2020-07-13,13351.0,14017.0,12866.0,13832.0,962457064649,33248733,8071,13350.0,14017.0
307,2020-07-26,14524.0,14524.0,14524.0,14524.0,211821779210,13517663,338,13832.0,14524.0
308,2020-07-27,15249.0,15249.0,15249.0,15249.0,102839920731,6250527,339,14524.0,15249.0
309,2020-07-28,16011.0,16011.0,16011.0,16011.0,90665539925,5248367,281,15249.0,16011.0
310,2020-07-29,16811.0,16811.0,16811.0,16811.0,458919713418,25301561,623,16011.0,16811.0
311,2020-08-01,17651.0,17651.0,17651.0,17651.0,121223858328,6365462,207,16811.0,17651.0
312,2020-08-02,18533.0,18533.0,18533.0,18533.0,68214434384,3411404,167,17651.0,18533.0
313,2020-08-03,19459.0,19459.0,19459.0,19459.0,72550972845,3455631,244,18533.0,19459.0
314,2020-08-04,20431.0,20431.0,20431.0,20431.0,84849141564,3849081,298,19459.0,20431.0
315,2020-08-05,21453.0,21453.0,21453.0,21453.0,134107461080,5793980,390,20431.0,21453.0
316,2020-08-09,20380.0,21308.0,20380.0,20439.0,2752685990484,124827299,13906,21453.0,20380.0
317,2020-08-10,20474.0,21460.0,19417.0,20221.0,944794528561,43304799,7321,20439.0,20975.0
318,2020-08-11,21216.0,21231.0,19731.0,21160.0,906105420956,39689578,5635,20221.0,21231.0
319,2020-08-12,22217.0,22217.0,21246.0,22204.0,730270070354,30483323,4385,21160.0,22217.0
320,2020-08-15,22800.0,22800.0,21094.0,21377.0,466098476654,20208779,2957,22204.0,21094.0
321,2020-08-16,20308.0,21094.0,20308.0,20354.0,261940845165,11927861,2001,21377.0,20308.0
322,2020-08-17,19493.0,19927.0,19336.0,19386.0,170867331659,8169294,1761,20354.0,19336.0
323,2020-08-18,20150.0,20355.0,18417.0,19431.0,539641104923,25739799,5119,19386.0,18417.0
324,2020-08-19,18460.0,18460.0,18460.0,18814.0,30380196780,1525340,273,19431.0,18460.0
325,2020-08-22,17874.0,19464.0,17874.0,18378.0,88386204668,4457617,723,18814.0,17874.0
326,2020-08-23,17459.0,17459.0,17459.0,18344.0,1677302991,89043,72,18378.0,17459.0
327,2020-08-24,17428.0,17428.0,17428.0,18244.0,5054302809,268803,65,18344.0,17428.0
328,2020-08-25,17332.0,18074.0,17332.0,17419.0,584476019258,31099341,4397,18244.0,17425.0
329,2020-08-26,17851.0,17870.0,16732.0,17376.0,357509018422,19069788,4986,17419.0,17795.0
330,2020-08-31,17795.0,17795.0,16507.0,16737.0,119110415491,6595898,1388,17376.0,16507.0
331,2020-09-01,15901.0,15901.0,15901.0,16698.0,2134909796,124441,55,16737.0,15901.0
332,2020-09-02,15864.0,15864.0,15864.0,16598.0,5457368136,318846,65,16698.0,15864.0
333,2020-09-05,15768.0,15768.0,15768.0,16539.0,3374460498,198346,125,16598.0,15768.0
334,2020-09-06,15712.0,15712.0,15712.0,16324.0,12292403760,725130,122,16539.0,15712.0
335,2020-09-07,15508.0,15508.0,15508.0,16318.0,333251244,19917,24,16324.0,15508.0
336,2020-09-08,15502.0,15502.0,15502.0,16312.0,356531416,21316,24,16318.0,15502.0
337,2020-09-09,15497.0,15497.0,15497.0,16233.0,4498198320,269031,91,16312.0,15497.0
338,2020-09-12,15422.0,15422.0,15422.0,16179.0,3174837673,190807,133,16233.0,15422.0
339,2020-09-15,14830.0,14830.0,14830.0,15859.0,10824688000,676543,110,16179.0,14830.0
340,2020-09-16,15071.0,15859.0,15067.0,15251.0,62937297224,3824847,845,15859.0,15067.0
341,2020-09-19,14489.0,14489.0,14489.0,15057.0,12159769491,777827,98,15251.0,14489.0
342,2020-09-20,14304.0,14304.0,14304.0,15042.0,935471295,60615,30,15057.0,14304.0
343,2020-09-21,14290.0,14290.0,14290.0,15033.0,524273672,34004,19,15042.0,14290.0
344,2020-09-22,14282.0,14282.0,14282.0,14875.0,9893255996,642044,78,15033.0,14282.0
345,2020-09-23,14132.0,14132.0,14132.0,14791.0,5275705952,346016,86,14875.0,14132.0
346,2020-09-26,14052.0,14052.0,14052.0,14773.0,1135892442,74922,34,14791.0,14052.0
347,2020-09-27,14035.0,14035.0,14035.0,14765.0,541104819,35733,20,14773.0,14035.0
348,2020-09-28,14027.0,14027.0,14027.0,14759.0,346886414,22921,9,14765.0,14027.0
349,2020-09-29,14021.0,14021.0,14021.0,14751.0,511144864,33788,14,14759.0,14021.0
350,2020-09-30,14014.0,14014.0,14014.0,14741.0,645261120,42676,41,14751.0,14014.0
351,2020-10-03,14004.0,14004.0,14004.0,14711.0,1940811486,128454,66,14741.0,14004.0
352,2020-10-04,13976.0,13976.0,13976.0,14706.0,273548139,18141,23,14711.0,13976.0
353,2020-10-05,13971.0,13971.0,13971.0,14702.0,317096664,21036,26,14706.0,13971.0
354,2020-10-06,13995.0,13995.0,13967.0,14602.0,6419136319,425976,86,14702.0,13967.0
355,2020-10-07,13873.0,13873.0,13873.0,14470.0,8520713616,569262,175,14602.0,13873.0
356,2020-10-10,13747.0,13747.0,13747.0,14443.0,1753379712,118216,73,14470.0,13747.0
357,2020-10-11,13721.0,14227.0,13721.0,13840.0,828860475943,55508681,7891,14443.0,13754.0
358,2020-10-12,14041.0,14531.0,13903.0,14435.0,475086780852,30504243,4509,13840.0,14531.0
359,2020-10-13,15156.0,15156.0,15156.0,15156.0,60552551584,3703067,510,14435.0,15156.0
360,2020-10-14,15913.0,15913.0,14399.0,15220.0,669280664495,40757496,6686,15156.0,14399.0
361,2020-10-18,14459.0,14459.0,14459.0,15000.0,13722540000,879650,121,15220.0,14459.0
362,2020-10-19,14250.0,14250.0,14250.0,14881.0,7407552000,481792,42,15000.0,14250.0
363,2020-10-20,14138.0,14138.0,14138.0,14818.0,3965338316,259954,47,14881.0,14138.0
364,2020-10-21,14078.0,14522.0,14078.0,14185.0,112104450939,7324760,997,14818.0,14078.0
365,2020-10-24,13476.0,13476.0,13476.0,14174.0,743808240,51156,21,14185.0,13476.0
366,2020-10-26,13466.0,13466.0,13466.0,14159.0,1057318917,72773,30,14174.0,13466.0
367,2020-10-27,13451.0,13451.0,13451.0,14153.0,399992793,27561,25,14159.0,13451.0
368,2020-10-28,13446.0,13446.0,13446.0,14139.0,934018688,64384,41,14153.0,13446.0
369,2020-10-31,13433.0,13433.0,13433.0,13912.0,15302839854,1055878,218,14139.0,13433.0
370,2020-11-01,13217.0,13217.0,13217.0,13838.0,4978137480,349098,36,13912.0,13217.0
371,2020-11-02,13146.0,13146.0,13146.0,13789.0,3275553672,230933,33,13838.0,13146.0
372,2020-11-04,13100.0,13100.0,13100.0,13707.0,5471228998,387097,57,13789.0,13100.0
373,2020-11-07,13022.0,13022.0,13022.0,13670.0,2545677350,181187,17,13707.0,13022.0
374,2020-11-08,12987.0,12987.0,12987.0,13659.0,753635420,53785,8,13670.0,12987.0
375,2020-11-09,12977.0,12977.0,12977.0,13637.0,1551744831,110831,11,13659.0,12977.0
376,2020-11-10,12955.0,12955.0,12955.0,13636.0,78360668,5606,8,13637.0,12955.0
377,2020-11-11,12955.0,12955.0,12955.0,13596.0,2773623834,198442,29,13636.0,12955.0
378,2020-11-14,12917.0,12917.0,12917.0,13349.0,17246441056,1237546,212,13596.0,12917.0
379,2020-11-15,12682.0,12682.0,12682.0,13331.0,1309175757,95679,33,13349.0,12682.0
380,2020-11-16,12664.0,12664.0,12664.0,13326.0,347338880,25420,18,13331.0,12664.0
381,2020-11-17,12661.0,12661.0,12661.0,13267.0,4151656480,303928,99,13326.0,12661.0
382,2020-11-18,12604.0,12604.0,12604.0,13130.0,9603980973,706227,154,13267.0,12604.0
383,2020-11-21,12474.0,12474.0,12474.0,13094.0,2614041546,194237,74,13130.0,12474.0
384,2020-11-22,12439.0,12439.0,12439.0,13085.0,573157226,42706,35,13094.0,12439.0
385,2020-11-23,12432.0,12432.0,12432.0,13070.0,1049527011,78247,52,13085.0,12432.0
386,2020-11-24,12417.0,12417.0,12417.0,13047.0,1657074930,123690,57,13070.0,12417.0
387,2020-11-25,12396.0,12396.0,12396.0,12968.0,5713921134,427241,90,13047.0,12396.0
388,2020-11-28,12321.0,13616.0,12321.0,13211.0,1128837282810,79192911,10821,12968.0,13616.0
389,2020-11-29,13871.0,13871.0,13871.0,13749.0,43533459984,2908824,517,13211.0,13871.0
390,2020-11-30,14412.0,14412.0,13062.0,13186.0,953716528230,67037322,10447,13749.0,13062.0
391,2020-12-01,12651.0,13532.0,12605.0,13085.0,382067133155,27062872,5731,13186.0,12707.0
392,2020-12-02,12512.0,12976.0,12432.0,12495.0,231376440485,17162759,3636,13085.0,12432.0
393,2020-12-05,12058.0,12883.0,11870.0,12234.0,544111442289,41221405,8051,12495.0,12614.0
394,2020-12-06,12790.0,12846.0,12624.0,12833.0,240494546714,17369001,2435,12234.0,12846.0
395,2020-12-07,13475.0,13475.0,12902.0,13408.0,686441730751,47453036,6667,12833.0,13439.0
396,2020-12-08,13764.0,13764.0,12791.0,13235.0,234467455595,16419675,4217,13408.0,12940.0
397,2020-12-09,12818.0,13620.0,12651.0,12973.0,299717649861,21413072,4838,13235.0,12883.0
398,2020-12-12,13078.0,13621.0,13078.0,13565.0,428745037400,29294818,5204,12973.0,13615.0
399,2020-12-13,13726.0,14243.0,13115.0,14122.0,463801086578,30440032,6120,13565.0,14060.0
400,2020-12-14,14435.0,14435.0,13417.0,13633.0,129010350300,8770742,2413,14122.0,13417.0
401,2020-12-15,12952.0,12952.0,12952.0,13399.0,17095414302,1223373,108,13633.0,12952.0
402,2020-12-16,12730.0,12967.0,12730.0,12745.0,116159620155,8447433,1418,13399.0,12730.0
403,2020-12-19,12295.0,12883.0,12108.0,12375.0,235581188572,17643644,4166,12745.0,12234.0
404,2020-12-20,12373.0,12373.0,11757.0,11852.0,151781110129,11869982,2307,12375.0,11757.0
405,2020-12-21,11864.0,11864.0,11270.0,11431.0,62397216360,5059325,851,11852.0,11270.0
406,2020-12-22,10860.0,11389.0,10860.0,11056.0,580238648428,48641940,8130,11431.0,11252.0
407,2020-12-23,11609.0,11609.0,11372.0,11605.0,175353996238,14004843,2539,11056.0,11609.0
408,2020-12-26,11910.0,11910.0,11025.0,11122.0,272029401009,22668968,5210,11605.0,11025.0
409,2020-12-27,11122.0,11122.0,10566.0,10605.0,195251282767,17064606,3777,11122.0,10566.0
410,2020-12-28,10288.0,10937.0,10075.0,10294.0,215537416627,19404889,5008,10605.0,10103.0
411,2020-12-29,10195.0,10809.0,10195.0,10647.0,302885685284,26367829,5777,10294.0,10809.0
412,2020-12-30,10844.0,11025.0,10115.0,10387.0,135690318969,12107335,3243,10647.0,10115.0
413,2021-01-02,9868.0,9868.0,9868.0,10236.0,13844869038,1300354,395,10387.0,9868.0
414,2021-01-03,9724.0,9964.0,9724.0,9762.0,106258789069,10087901,1613,10236.0,9724.0
415,2021-01-04,9525.0,10191.0,9279.0,9823.0,236341519427,22301563,5029,9762.0,10134.0
416,2021-01-05,10288.0,10313.0,9817.0,10161.0,213012818291,19430785,4399,9823.0,10242.0
417,2021-01-06,10556.0,10556.0,9653.0,9794.0,57303415732,5422981,1030,10161.0,9653.0
418,2021-01-09,9305.0,9653.0,9305.0,9327.0,74276846243,7381341,1284,9794.0,9305.0
419,2021-01-10,8907.0,9296.0,8861.0,8951.0,178424014914,18475963,3972,9327.0,8861.0
420,2021-01-11,9268.0,9268.0,8528.0,8856.0,160678935565,16816717,3843,8951.0,8629.0
421,2021-01-12,8731.0,8851.0,8414.0,8577.0,31095966435,3403240,887,8856.0,8414.0
422,2021-01-13,8149.0,8314.0,8149.0,8157.0,92867009707,10551525,1657,8577.0,8149.0
423,2021-01-16,7749.0,7989.0,7749.0,8011.0,17184178462,2054312,379,8157.0,7749.0
424,2021-01-18,7610.0,7610.0,7610.0,8002.0,941292618,114638,56,8011.0,7610.0
425,2021-01-19,7603.0,7749.0,7603.0,7614.0,76402156555,9300142,1203,8002.0,7603.0
426,2021-01-20,7239.0,7582.0,7234.0,7319.0,145021080952,18364489,3373,7614.0,7452.0
427,2021-01-23,7507.0,7684.0,7331.0,7642.0,119672796339,14514630,1660,7319.0,7684.0
428,2021-01-24,7966.0,8015.0,7260.0,7492.0,106184715668,13137151,2274,7642.0,7260.0
429,2021-01-25,7117.0,7260.0,7117.0,7140.0,49795967420,6464390,1231,7492.0,7117.0
430,2021-01-26,6783.0,6783.0,6783.0,7076.0,8297821656,1133892,218,7140.0,6783.0
431,2021-01-27,6722.0,6950.0,6722.0,6740.0,67216413968,9243004,998,7076.0,6722.0
432,2021-01-30,6673.0,7016.0,6488.0,6797.0,82104190784,11196951,2035,6740.0,6951.0
433,2021-01-31,7044.0,7044.0,6457.0,6624.0,50886407387,7120173,1632,6797.0,6457.0
434,2021-02-01,6312.0,6534.0,6293.0,6406.0,34645476687,5074045,792,6624.0,6293.0
435,2021-02-02,6210.0,6293.0,6087.0,6126.0,70931997174,10732777,1574,6406.0,6087.0
436,2021-02-03,6117.0,6431.0,5820.0,6208.0,169694087687,25334594,3107,6126.0,6426.0
437,2021-02-06,6210.0,6469.0,5898.0,6135.0,72459078133,10947206,1816,6208.0,5898.0
438,2021-02-07,6303.0,6441.0,6303.0,6418.0,49002081981,7058482,596,6135.0,6441.0
439,2021-02-08,6693.0,6693.0,6098.0,6169.0,62767712619,9430667,1687,6418.0,6117.0
440,2021-02-09,5978.0,6395.0,5904.0,6189.0,49717787208,7444834,1634,6169.0,6303.0
441,2021-02-13,6303.0,6488.0,6256.0,6338.0,46125090821,6727743,1244,6189.0,6461.0
442,2021-02-14,6489.0,6560.0,6212.0,6265.0,39588169135,5874393,933,6338.0,6212.0
443,2021-02-15,6293.0,6293.0,6140.0,6214.0,22894444495,3448986,583,6265.0,6140.0
444,2021-02-16,6091.0,6140.0,6089.0,6189.0,9773078990,1487394,347,6214.0,6089.0
445,2021-02-17,6066.0,6560.0,6066.0,6382.0,91905664110,13347111,1321,6189.0,6560.0
446,2021-02-20,6765.0,6765.0,6581.0,6759.0,197445730980,27078127,3185,6382.0,6765.0
447,2021-02-21,6951.0,7127.0,6624.0,6869.0,185082798650,24972865,4182,6759.0,6695.0
448,2021-02-22,6732.0,6732.0,6732.0,6864.0,1781432325,245275,72,6869.0,6732.0
449,2021-02-23,6727.0,6727.0,6727.0,6858.0,2555505510,352095,79,6864.0,6727.0
450,2021-02-24,6722.0,6722.0,6722.0,6854.0,1349154828,186039,45,6858.0,6722.0
451,2021-02-27,6718.0,6718.0,6718.0,6851.0,929722704,128273,28,6854.0,6718.0
452,2021-02-28,6715.0,6715.0,6715.0,6850.0,319482765,44097,24,6851.0,6715.0
453,2021-03-01,6714.0,6714.0,6714.0,6849.0,493562696,68134,37,6850.0,6714.0
454,2021-03-02,6713.0,6713.0,6713.0,6848.0,280586577,38739,24,6849.0,6713.0
455,2021-03-03,6712.0,7090.0,6712.0,6873.0,256139837799,34541220,4124,6848.0,6896.0
456,2021-03-06,6735.0,6998.0,6735.0,6755.0,122953825890,16870445,2277,6873.0,6735.0
457,2021-03-07,6620.0,6620.0,6620.0,6747.0,2561994096,358672,73,6755.0,6620.0
458,2021-03-08,6613.0,6613.0,6613.0,6745.0,1004415355,140773,48,6747.0,6613.0
459,2021-03-09,6610.0,6610.0,6610.0,6738.0,2238741932,313901,53,6745.0,6610.0
460,2021-03-10,6604.0,6604.0,6604.0,6734.0,1697958750,238310,26,6738.0,6604.0
461,2021-03-13,6599.0,6599.0,6599.0,6726.0,2790384960,391908,60,6734.0,6599.0
462,2021-03-14,6592.0,6592.0,6592.0,6725.0,504553728,70944,38,6726.0,6592.0
463,2021-03-15,6591.0,6591.0,6591.0,6722.0,1428137685,200835,57,6725.0,6591.0
464,2021-03-16,6587.0,6587.0,6587.0,6690.0,11387510565,1602295,157,6722.0,6587.0
465,2021-03-17,6557.0,6557.0,6557.0,6668.0,8125825986,1148689,136,6690.0,6557.0
466,2021-03-27,6535.0,6535.0,6535.0,6661.0,2405998628,341228,116,6668.0,6535.0
467,2021-03-28,6529.0,6529.0,6529.0,6659.0,721538052,102433,47,6661.0,6529.0
468,2021-03-30,6527.0,6527.0,6527.0,6656.0,1459278450,207225,71,6659.0,6527.0
469,2021-03-31,6523.0,6523.0,6523.0,6653.0,1078636842,153259,47,6656.0,6523.0
470,2021-04-03,6520.0,6520.0,6520.0,6652.0,510783210,72606,23,6653.0,6520.0
471,2021-04-04,6519.0,6519.0,6519.0,6651.0,212173576,30164,11,6652.0,6519.0
472,2021-04-05,6519.0,6519.0,6519.0,6650.0,219267841,31177,15,6651.0,6519.0
473,2021-04-06,6518.0,6518.0,6518.0,6650.0,137363088,19534,10,6650.0,6518.0
474,2021-04-07,6518.0,6518.0,6518.0,6650.0,60967440,8670,8,6650.0,6518.0
475,2021-04-10,6518.0,6518.0,6518.0,6646.0,1218490896,173278,10,6650.0,6518.0
476,2021-04-11,6514.0,6514.0,6514.0,6646.0,30114980,4285,4,6646.0,6514.0
477,2021-04-12,6514.0,6514.0,6514.0,6645.0,173240200,24650,12,6646.0,6514.0
478,2021-04-13,6513.0,6513.0,6513.0,6641.0,1589584697,226211,45,6645.0,6513.0
479,2021-04-14,6508.0,6508.0,6508.0,6640.0,478458014,68137,23,6641.0,6508.0
480,2021-04-17,6507.0,6507.0,6507.0,6640.0,31243450,4450,4,6640.0,6507.0
481,2021-04-18,6507.0,6507.0,6507.0,6640.0,22396990,3190,4,6640.0,6507.0
482,2021-04-19,6507.0,6507.0,6507.0,6640.0,25486230,3630,5,6640.0,6507.0
483,2021-04-20,6507.0,6507.0,6507.0,6640.0,66748647,9507,8,6640.0,6507.0
484,2021-04-21,6442.0,6442.0,6442.0,6640.0,74365000,10700,7,6640.0,6442.0
485,2021-04-24,6442.0,6442.0,6442.0,6635.0,1083032400,155832,9,6640.0,6442.0
486,2021-04-25,6437.0,6437.0,6437.0,6635.0,10070250,1450,2,6635.0,6437.0
487,2021-04-26,6437.0,6437.0,6437.0,6635.0,73776735,10623,12,6635.0,6437.0
488,2021-04-27,6437.0,6437.0,6437.0,6635.0,99785760,14368,8,6635.0,6437.0
489,2021-04-28,6437.0,6437.0,6437.0,6633.0,352305960,50728,16,6635.0,6437.0
490,2021-05-01,6435.0,6435.0,6435.0,6633.0,56224414,8098,8,6633.0,6435.0
491,2021-05-02,6435.0,6435.0,6435.0,6633.0,27147130,3910,5,6633.0,6435.0
492,2021-05-03,6435.0,6435.0,6435.0,6633.0,180781834,26038,12,6633.0,6435.0
493,2021-05-05,6434.0,6434.0,6434.0,6632.0,116431224,16772,9,6633.0,6434.0
494,2021-05-08,6433.0,6433.0,6433.0,6631.0,171269175,24675,6,6632.0,6433.0
495,2021-05-09,6432.0,6432.0,6432.0,6631.0,87784060,12649,6,6631.0,6432.0
496,2021-05-10,6432.0,6432.0,6432.0,6631.0,22825660,3289,4,6631.0,6432.0
497,2021-05-11,6432.0,6432.0,6432.0,6631.0,88783420,12793,9,6631.0,6432.0
498,2021-05-12,6432.0,6432.0,6432.0,6630.0,171258380,24677,10,6631.0,6432.0
499,2021-05-15,6299.0,6299.0,6299.0,6628.0,100811864,14834,8,6630.0,6299.0
500,2021-05-16,6297.0,6297.0,6297.0,6624.0,174483508,25682,13,6628.0,6297.0
501,2021-05-17,6293.0,6293.0,6293.0,6623.0,55922440,8236,7,6624.0,6293.0
502,2021-05-18,6292.0,6292.0,6292.0,6620.0,119113005,17545,14,6623.0,6292.0
503,2021-05-19,6290.0,6290.0,6290.0,6620.0,55475550,8175,7,6620.0,6290.0
504,2021-05-22,6289.0,6289.0,6289.0,6619.0,45052400,6640,3,6620.0,6289.0
505,2021-05-23,6288.0,6288.0,6288.0,6618.0,42474624,6261,6,6619.0,6288.0
506,2021-05-24,6287.0,6287.0,6287.0,6617.0,30720207,4529,3,6618.0,6287.0
507,2021-05-25,6287.0,6287.0,6287.0,6611.0,288684480,42560,7,6617.0,6287.0
508,2021-05-26,6281.0,6281.0,6281.0,6601.0,486541161,71793,12,6611.0,6281.0
509,2021-05-29,6271.0,6271.0,6271.0,6589.0,576287284,85174,39,6601.0,6271.0
510,2021-05-30,6260.0,6260.0,6260.0,6582.0,301370234,44621,24,6589.0,6260.0
511,2021-05-31,6253.0,6253.0,6253.0,6582.0,36339342,5386,5,6582.0,6253.0
512,2021-06-01,6253.0,6253.0,5098.0,5290.0,32895733510,5763347,251,6582.0,5098.0
513,2021-06-02,5026.0,5200.0,5026.0,5064.0,239948791119,43911410,4977,5290.0,5027.0
514,2021-06-12,5064.0,5064.0,4811.0,4941.0,47172615436,9046434,507,5064.0,4811.0
515,2021-06-13,4695.0,4695.0,4695.0,4899.0,2346095504,473576,79,4941.0,4695.0
516,2021-06-14,4655.0,4757.0,4655.0,4664.0,76545677162,15553252,1626,4899.0,4655.0
517,2021-06-15,4501.0,4664.0,4431.0,4468.0,32110243460,6810419,783,4664.0,4431.0
518,2021-06-16,4246.0,4246.0,4246.0,4429.0,2205745920,492354,72,4468.0,4246.0
519,2021-06-19,4209.0,4209.0,4209.0,4404.0,1680603189,378429,67,4429.0,4209.0
520,2021-06-20,4184.0,4184.0,4184.0,4212.0,12317196580,2789852,113,4404.0,4184.0
521,2021-06-21,4002.0,4302.0,4002.0,4144.0,85130099903,19468043,2095,4212.0,4199.0
522,2021-06-22,4151.0,4351.0,4151.0,4277.0,45860624210,10160783,1366,4144.0,4351.0
523,2021-06-23,4274.0,4407.0,4094.0,4229.0,39159491412,8774200,1530,4277.0,4210.0
524,2021-06-26,4263.0,4441.0,4212.0,4387.0,59192773161,12787314,1478,4229.0,4313.0
525,2021-06-27,4228.0,4432.0,4168.0,4273.0,39067451230,8665262,1213,4387.0,4229.0
526,2021-06-28,4227.0,4359.0,4085.0,4170.0,40091032948,9111853,1149,4273.0,4132.0
527,2021-06-29,4168.0,4378.0,4142.0,4271.0,57113211721,12671742,1462,4170.0,4377.0
528,2021-06-30,4443.0,4452.0,4293.0,4384.0,31856212054,6886014,1040,4271.0,4396.0
529,2021-07-03,4473.0,4473.0,4165.0,4225.0,50115804012,11242521,1261,4384.0,4165.0
530,2021-07-04,4225.0,4407.0,4075.0,4312.0,19211763027,4222458,703,4225.0,4295.0
531,2021-07-05,4357.0,4527.0,4246.0,4475.0,64201024305,13595222,1320,4312.0,4526.0
532,2021-07-06,4596.0,4699.0,4474.0,4636.0,61823335460,12636821,907,4475.0,4699.0
533,2021-07-07,4867.0,4867.0,4867.0,4864.0,16435328400,3200025,221,4636.0,4867.0
534,2021-07-10,5107.0,5107.0,5107.0,5063.0,12918656303,2397227,192,4864.0,5107.0
535,2021-07-11,5316.0,5316.0,4950.0,5177.0,246105401115,45047481,3172,5063.0,5089.0
536,2021-07-12,4985.0,5174.0,4918.0,5033.0,79680609413,15003318,1620,5177.0,4918.0
537,2021-07-13,4843.0,4928.0,4782.0,4799.0,112103387086,22135166,1919,5033.0,4784.0
538,2021-07-14,4821.0,5039.0,4748.0,5006.0,147630892007,27951808,2163,4799.0,5039.0
539,2021-07-17,5023.0,5023.0,4786.0,4865.0,60331829846,11751040,1328,5006.0,4814.0
540,2021-07-18,4824.0,4852.0,4623.0,4663.0,49957727559,10151395,1037,4865.0,4681.0
541,2021-07-19,4644.0,4841.0,4493.0,4672.0,39641585136,8041021,1008,4663.0,4673.0
542,2021-07-26,4786.0,4786.0,4482.0,4570.0,28746171168,5960950,891,4672.0,4539.0
543,2021-07-27,4539.0,4613.0,4341.0,4407.0,32168058200,6917760,828,4570.0,4364.0
544,2021-07-28,4364.0,4549.0,4265.0,4406.0,28216459738,6068820,748,4407.0,4491.0
545,2021-07-31,4409.0,4601.0,4409.0,4474.0,20153968664,4268693,662,4406.0,4440.0
546,2021-08-01,4454.0,4549.0,4359.0,4409.0,35262585610,7578659,966,4474.0,4424.0
547,2021-08-02,4416.0,4511.0,4317.0,4403.0,20849873401,4488076,611,4409.0,4381.0
548,2021-08-03,4359.0,4589.0,4264.0,4420.0,30694541945,6580785,840,4403.0,4370.0
549,2021-08-04,4454.0,4501.0,4298.0,4366.0,30721015310,6668249,829,4420.0,4372.0
550,2021-08-07,4302.0,4431.0,4267.0,4326.0,27771624895,6083935,705,4366.0,4302.0
551,2021-08-08,4283.0,4443.0,4252.0,4354.0,24906764287,5421460,841,4326.0,4441.0
552,2021-08-09,4492.0,4571.0,4374.0,4514.0,47514831334,9976443,923,4354.0,4571.0
553,2021-08-10,4615.0,4739.0,4523.0,4709.0,70600144501,14209198,1344,4514.0,4739.0
554,2021-08-11,4795.0,4897.0,4682.0,4777.0,56102837694,11129643,1208,4709.0,4744.0
555,2021-08-14,4786.0,5016.0,4706.0,4837.0,50145834211,9824601,1208,4777.0,4937.0
556,2021-08-15,4994.0,4994.0,4739.0,4896.0,40992902573,7935697,943,4837.0,4927.0
557,2021-08-22,4898.0,4993.0,4795.0,4889.0,59950836685,11621068,1451,4896.0,4886.0
558,2021-08-23,4918.0,5023.0,4805.0,4926.0,71976579164,13846869,1555,4889.0,5013.0
559,2021-08-24,5079.0,5171.0,5070.0,5149.0,54227267657,9981410,941,4926.0,5171.0
560,2021-08-25,5315.0,5325.0,5042.0,5199.0,53229845452,9703701,1377,5149.0,5243.0
561,2021-08-28,5393.0,5459.0,5151.0,5406.0,39259148228,6881209,615,5199.0,5459.0
562,2021-08-29,5639.0,5676.0,5222.0,5565.0,150209774937,25582860,2234,5406.0,5308.0
563,2021-08-30,5287.0,5411.0,5287.0,5289.0,50059046939,8969955,692,5565.0,5287.0
564,2021-08-31,5542.0,5553.0,5137.0,5534.0,105283797084,18028956,1184,5289.0,5553.0
565,2021-09-01,5639.0,5776.0,5271.0,5590.0,76845424734,13026963,1371,5534.0,5620.0
566,2021-09-04,5704.0,5733.0,5506.0,5603.0,47249423088,7992283,1275,5590.0,5534.0
567,2021-09-05,5601.0,5882.0,5364.0,5720.0,127191797700,21072254,1952,5603.0,5840.0
568,2021-09-06,5882.0,5882.0,5450.0,5697.0,41525877215,6907684,1188,5720.0,5473.0
569,2021-09-07,5440.0,5733.0,5413.0,5502.0,61251884753,10549343,1041,5697.0,5418.0
570,2021-09-08,5477.0,5572.0,5373.0,5490.0,24720166992,4267209,1122,5502.0,5506.0
571,2021-09-11,5572.0,5619.0,5354.0,5471.0,26863724345,4653003,740,5490.0,5384.0
572,2021-09-12,5468.0,5468.0,5198.0,5209.0,41293518445,7511407,637,5471.0,5198.0
573,2021-09-13,5307.0,5307.0,4964.0,5072.0,22295557082,4165619,659,5209.0,5032.0
574,2021-09-14,5032.0,5203.0,4819.0,5056.0,30182787002,5657718,931,5072.0,5098.0
575,2021-09-15,5127.0,5136.0,4880.0,4954.0,19808150741,3788691,845,5056.0,4975.0
576,2021-09-18,4833.0,5023.0,4738.0,4851.0,24839868267,4852349,625,4954.0,4814.0
577,2021-09-19,4880.0,4945.0,4616.0,4693.0,26875402959,5427215,650,4851.0,4630.0
578,2021-09-20,4625.0,4927.0,4625.0,4898.0,67536069413,13064651,988,4693.0,4927.0
579,2021-09-21,4909.0,5002.0,4681.0,4749.0,29570364719,5900999,730,4898.0,4738.0
580,2021-09-22,4647.0,4933.0,4521.0,4743.0,31819210382,6357434,974,4749.0,4805.0
581,2021-09-25,4673.0,4962.0,4673.0,4865.0,22270122006,4338163,765,4743.0,4918.0
582,2021-09-26,4867.0,4994.0,4748.0,4883.0,10986708114,2128899,548,4865.0,4868.0
583,2021-09-28,4767.0,5127.0,4767.0,5116.0,137999465551,25559482,1584,4883.0,5127.0
584,2021-09-29,5212.0,5231.0,5032.0,5114.0,25778792227,4777713,651,5116.0,5032.0
585,2021-10-02,4929.0,5165.0,4862.0,4950.0,37633213990,7205921,964,5114.0,4868.0
586,2021-10-03,4975.0,5047.0,4738.0,4896.0,20563793069,3980306,622,4950.0,4899.0
587,2021-10-04,4815.0,5012.0,4815.0,4917.0,14907218913,2872896,385,4896.0,4893.0
588,2021-10-06,4815.0,4899.0,4711.0,4781.0,28940496351,5736703,666,4917.0,4784.0
589,2021-10-09,4805.0,4899.0,4644.0,4763.0,17975596465,3576694,501,4781.0,4728.0
590,2021-10-10,4833.0,4833.0,4584.0,4657.0,11936622066,2441259,360,4763.0,4667.0
591,2021-10-11,4578.0,4780.0,4425.0,4561.0,12057662357,2514838,427,4657.0,4492.0
592,2021-10-12,4378.0,4416.0,4334.0,4412.0,9030582094,1973428,181,4561.0,4334.0
593,2021-10-13,4192.0,4264.0,4192.0,4215.0,11839228419,2675338,277,4412.0,4192.0
594,2021-10-16,4193.0,4425.0,4151.0,4224.0,23338780440,5236823,759,4215.0,4188.0
595,2021-10-17,4217.0,4227.0,4013.0,4049.0,20068923263,4696795,589,4224.0,4013.0
596,2021-10-18,4010.0,4010.0,3848.0,3861.0,29635834412,7274329,695,4049.0,3876.0
597,2021-10-19,3914.0,3978.0,3861.0,3909.0,9969038693,2404967,351,3861.0,3896.0
598,2021-10-20,3818.0,3965.0,3793.0,3874.0,8547738771,2102774,318,3909.0,3819.0
599,2021-10-23,3743.0,3885.0,3681.0,3694.0,13794988757,3545244,319,3874.0,3681.0
600,2021-10-25,3583.0,3791.0,3510.0,3518.0,19523519870,5259190,390,3694.0,3510.0
601,2021-10-26,3402.0,3544.0,3342.0,3416.0,12410080995,3449409,446,3518.0,3371.0
602,2021-10-27,3445.0,3534.0,3343.0,3420.0,10697040133,2963046,349,3416.0,3483.0
603,2021-10-30,3363.0,3576.0,3363.0,3472.0,18557483840,5065020,560,3420.0,3473.0
604,2021-10-31,3360.0,3472.0,3299.0,3337.0,12091353403,3461800,242,3472.0,3299.0
605,2021-11-01,3172.0,3454.0,3172.0,3371.0,21423390570,6022932,374,3337.0,3402.0
606,2021-11-02,3459.0,3539.0,3318.0,3529.0,25427552208,6828595,439,3371.0,3539.0
607,2021-11-03,3582.0,3648.0,3383.0,3566.0,12650521114,3353269,424,3529.0,3583.0
608,2021-11-06,3705.0,3744.0,3590.0,3693.0,11846404883,3006384,206,3566.0,3744.0
609,2021-11-07,3866.0,3866.0,3542.0,3698.0,8836192703,2262426,275,3693.0,3658.0
610,2021-11-08,3737.0,3883.0,3570.0,3851.0,31865351877,7839962,534,3698.0,3883.0
611,2021-11-09,3971.0,4042.0,3772.0,3885.0,12386440979,3012259,408,3851.0,3838.0
612,2021-11-10,3902.0,4022.0,3810.0,3914.0,14281414968,3453659,374,3885.0,3980.0
613,2021-11-13,3885.0,4056.0,3793.0,3950.0,15442474805,3704838,369,3914.0,3956.0
614,2021-11-14,4018.0,4068.0,3753.0,3811.0,27822109413,6918782,474,3950.0,3834.0
615,2021-11-15,3880.0,3920.0,3620.0,3647.0,22056234019,5731229,456,3811.0,3620.0
616,2021-11-16,3648.0,3696.0,3521.0,3603.0,8769102522,2322263,276,3647.0,3537.0
617,2021-11-17,3487.0,3696.0,3487.0,3602.0,7728312347,2033441,270,3603.0,3620.0
618,2021-11-20,3683.0,3771.0,3505.0,3680.0,23749494225,6116513,654,3602.0,3741.0
619,2021-11-21,3810.0,3810.0,3582.0,3678.0,8714398540,2245892,333,3680.0,3643.0
620,2021-11-22,3743.0,3752.0,3526.0,3636.0,21093197531,5496878,517,3678.0,3620.0
621,2021-11-23,3675.0,3676.0,3555.0,3631.0,10029829348,2618939,314,3636.0,3563.0
622,2021-11-24,3515.0,3723.0,3515.0,3605.0,8866887486,2342686,304,3631.0,3533.0
623,2021-11-27,3518.0,3521.0,3425.0,3530.0,6342501106,1749121,281,3605.0,3425.0
624,2021-11-28,3357.0,3522.0,3354.0,3420.0,11822700325,3296315,399,3530.0,3354.0
625,2021-11-29,3263.0,3524.0,3263.0,3472.0,13114814784,3573896,414,3420.0,3504.0
626,2021-11-30,3350.0,3458.0,3318.0,3400.0,9171518886,2585457,312,3472.0,3326.0
627,2021-12-01,3288.0,3430.0,3231.0,3306.0,8815746061,2565305,293,3400.0,3279.0
628,2021-12-04,3393.0,3393.0,3175.0,3281.0,4908488777,1440686,265,3306.0,3241.0
629,2021-12-05,3172.0,3393.0,3156.0,3246.0,14144035051,4131793,306,3281.0,3200.0
630,2021-12-06,3269.0,3310.0,3162.0,3242.0,3820447753,1120702,174,3246.0,3201.0
631,2021-12-07,3269.0,3274.0,3080.0,3122.0,13099147269,3988919,362,3242.0,3080.0
632,2021-12-08,3080.0,3182.0,3033.0,3107.0,10231715455,3126216,435,3122.0,3070.0
633,2021-12-11,3127.0,3128.0,2953.0,3049.0,9870966822,3097182,322,3107.0,2980.0
634,2021-12-12,2957.0,2985.0,2897.0,2993.0,5784304813,1881407,219,3049.0,2916.0
635,2021-12-13,3042.0,3042.0,2844.0,2900.0,14255816642,4658806,260,2993.0,2844.0
636,2021-12-14,2937.0,2937.0,2774.0,2885.0,3373570158,1126304,151,2900.0,2861.0
637,2021-12-15,2843.0,3029.0,2777.0,2937.0,13595414050,4383591,269,2885.0,3029.0
638,2021-12-18,3083.0,3083.0,3083.0,3063.0,13626602302,4188934,116,2937.0,3083.0
639,2021-12-19,3214.0,3214.0,3085.0,3169.0,36604202949,10946048,756,3063.0,3140.0
640,2021-12-20,3174.0,3221.0,3011.0,3078.0,28244202250,8695819,670,3169.0,3174.0
641,2021-12-21,3212.0,3232.0,3110.0,3230.0,43870484765,12873727,600,3078.0,3232.0
642,2021-12-22,3276.0,3391.0,3165.0,3326.0,49332038054,14053071,838,3230.0,3391.0
643,2021-12-25,3393.0,3431.0,3160.0,3241.0,31421188779,9188605,675,3326.0,3221.0
644,2021-12-26,3222.0,3255.0,3079.0,3193.0,13902344898,4128678,313,3241.0,3255.0
645,2021-12-27,3156.0,3348.0,3156.0,3244.0,10194488293,2958098,318,3193.0,3266.0
646,2021-12-28,3325.0,3336.0,3142.0,3250.0,5252272771,1525785,200,3244.0,3269.0
647,2021-12-29,3175.0,3297.0,3127.0,3237.0,7839021518,2303278,223,3250.0,3221.0
648,2022-01-01,3077.0,3202.0,3076.0,3123.0,11056710804,3392604,291,3237.0,3076.0
649,2022-01-02,3023.0,3171.0,3005.0,3110.0,4247982671,1306826,203,3123.0,3094.0
650,2022-01-03,3040.0,3164.0,3040.0,3108.0,3879317094,1185058,174,3110.0,3070.0
651,2022-01-04,2989.0,3097.0,2953.0,3071.0,4807621461,1518526,206,3108.0,3033.0
652,2022-01-05,2976.0,3110.0,2976.0,3065.0,3038303263,947162,181,3071.0,3051.0
653,2022-01-08,3123.0,3123.0,2957.0,3048.0,6053262009,1897531,252,3065.0,2989.0
654,2022-01-09,3068.0,3068.0,2911.0,3009.0,5288567090,1703157,224,3048.0,2976.0
655,2022-01-10,2911.0,2985.0,2860.0,2975.0,4949768963,1611806,168,3009.0,2924.0
656,2022-01-11,2920.0,3022.0,2891.0,2969.0,6059024974,1939682,170,2975.0,2938.0
657,2022-01-12,2915.0,2985.0,2915.0,2963.0,3915528627,1258528,148,2969.0,2949.0
658,2022-01-15,2970.0,2970.0,2874.0,2944.0,3756130378,1231385,159,2963.0,2882.0
659,2022-01-16,2871.0,2871.0,2797.0,2909.0,4836922977,1613752,191,2944.0,2851.0
660,2022-01-17,2842.0,2947.0,2801.0,2887.0,8262819160,2728261,203,2909.0,2811.0
661,2022-01-18,2801.0,2840.0,2743.0,2752.0,13136895880,4536739,230,2887.0,2743.0
662,2022-01-19,2644.0,2786.0,2615.0,2689.0,8489865232,3034627,310,2752.0,2672.0
663,2022-01-22,2748.0,2748.0,2580.0,2671.0,4373268979,1576163,199,2689.0,2603.0
664,2022-01-23,2559.0,2643.0,2538.0,2621.0,6382299979,2362837,230,2671.0,2538.0
665,2022-01-24,2531.0,2621.0,2492.0,2587.0,5729718407,2141108,192,2621.0,2529.0
666,2022-01-25,2502.0,2549.0,2458.0,2545.0,4710014836,1811143,139,2587.0,2458.0
667,2022-01-26,2511.0,2601.0,2418.0,2488.0,10851363842,4160573,458,2545.0,2494.0
668,2022-01-29,2528.0,2611.0,2485.0,2515.0,6596709799,2449077,270,2488.0,2609.0
669,2022-01-30,2606.0,2606.0,2515.0,2519.0,4505820741,1689566,141,2515.0,2531.0
670,2022-01-31,2558.0,2606.0,2437.0,2528.0,4214988478,1564137,215,2519.0,2561.0
671,2022-02-01,2634.0,2634.0,2528.0,2536.0,3652419123,1351705,167,2528.0,2530.0
672,2022-02-02,2474.0,2644.0,2474.0,2556.0,5870950847,2149406,258,2536.0,2598.0
673,2022-02-05,2653.0,2653.0,2537.0,2570.0,4634349564,1686772,194,2556.0,2578.0
674,2022-02-06,2644.0,2644.0,2442.0,2508.0,7836217373,3022374,244,2570.0,2442.0
675,2022-02-07,2418.0,2472.0,2383.0,2411.0,11348341421,4503770,324,2508.0,2384.0
676,2022-02-08,2456.0,2456.0,2325.0,2405.0,4273977467,1692932,151,2411.0,2367.0
677,2022-02-09,2373.0,2406.0,2316.0,2374.0,7406625854,2991568,289,2405.0,2344.0
678,2022-02-12,2285.0,2402.0,2255.0,2298.0,13200720970,5460786,455,2374.0,2283.0
679,2022-02-13,2298.0,2321.0,2222.0,2277.0,6846961549,2878384,259,2298.0,2265.0
680,2022-02-14,2228.0,2382.0,2228.0,2292.0,7451410193,3060340,242,2277.0,2382.0
681,2022-02-16,2368.0,2406.0,2319.0,2354.0,9387360315,3720455,265,2292.0,2406.0
682,2022-02-19,2471.0,2471.0,2412.0,2463.0,23555245431,9061989,483,2354.0,2450.0
683,2022-02-20,2368.0,2473.0,2360.0,2417.0,8792538492,3494427,340,2463.0,2394.0
684,2022-02-21,2323.0,2482.0,2323.0,2419.0,6419432902,2511672,283,2417.0,2445.0
685,2022-02-22,2492.0,2506.0,2369.0,2450.0,10530357214,4048128,275,2419.0,2459.0
686,2022-02-23,2453.0,2521.0,2451.0,2459.0,3903887030,1485754,148,2450.0,2492.0
687,2022-02-26,2568.0,2581.0,2464.0,2565.0,20939304722,7734349,391,2459.0,2549.0
688,2022-02-27,2566.0,2691.0,2566.0,2598.0,6291659702,2248896,267,2565.0,2586.0
689,2022-02-28,2625.0,2653.0,2531.0,2589.0,6448314871,2373234,325,2598.0,2585.0
690,2022-03-02,2623.0,2623.0,2469.0,2551.0,7391642444,2791077,280,2589.0,2511.0
691,2022-03-05,2440.0,2623.0,2440.0,2553.0,8547688510,3171638,360,2551.0,2558.0
692,2022-03-06,2616.0,2680.0,2512.0,2603.0,10263378662,3699558,296,2553.0,2680.0
693,2022-03-07,2720.0,2733.0,2617.0,2720.0,14658008214,5087242,298,2603.0,2733.0
694,2022-03-08,2748.0,2855.0,2748.0,2815.0,13539724929,4524227,362,2720.0,2855.0
695,2022-03-09,2815.0,2955.0,2796.0,2918.0,23070264738,7492239,527,2815.0,2943.0
696,2022-03-12,2889.0,2889.0,2773.0,2803.0,11852394564,4041474,239,2918.0,2782.0
697,2022-03-13,2673.0,2866.0,2673.0,2788.0,8418873641,2872666,314,2803.0,2796.0
698,2022-03-14,2800.0,2919.0,2800.0,2840.0,8113334577,2666267,272,2788.0,2862.0
699,2022-03-15,2890.0,2947.0,2824.0,2878.0,9263072778,3025352,247,2840.0,2902.0
700,2022-03-16,2981.0,3020.0,2875.0,2966.0,12165362308,3855848,301,2878.0,3014.0
701,2022-03-19,3060.0,3114.0,2986.0,3103.0,24631281150,7524407,308,2966.0,3114.0
702,2022-03-26,3257.0,3257.0,3257.0,3253.0,15370714247,4472131,126,3103.0,3257.0
703,2022-03-27,3415.0,3415.0,3258.0,3394.0,42669453512,11915271,679,3253.0,3415.0
704,2022-03-28,0.0,0.0,0.0,3394.0,42669453512,11915271,679,3394.0,3415.0
705,2022-03-29,3563.0,3563.0,3341.0,3511.0,30484647062,8228450,749,3394.0,3383.0
706,2022-03-30,3359.0,3494.0,3336.0,3352.0,37713920488,10664109,1019,3511.0,3336.0
707,2022-04-03,3271.0,3468.0,3271.0,3384.0,17440027844,4883180,442,3352.0,3375.0
708,2022-04-04,3377.0,3420.0,3216.0,3326.0,13730394436,3916854,357,3384.0,3292.0
709,2022-04-05,3355.0,3364.0,3213.0,3310.0,12220620732,3502730,258,3326.0,3345.0
710,2022-04-06,3409.0,3409.0,3222.0,3294.0,8117788349,2344923,222,3310.0,3222.0
711,2022-04-09,3368.0,3368.0,3138.0,3255.0,19800384503,5764510,327,3294.0,3288.0
712,2022-04-10,3223.0,3390.0,3223.0,3277.0,5958941216,1705686,196,3255.0,3304.0
713,2022-04-11,3364.0,3440.0,3260.0,3431.0,25170271812,6950689,374,3277.0,3440.0
714,2022-04-12,3603.0,3603.0,3488.0,3588.0,73605477065,19443733,1246,3431.0,3535.0
715,2022-04-13,3414.0,3638.0,3414.0,3566.0,26066144927,6927724,562,3588.0,3587.0
716,2022-04-16,3592.0,3744.0,3535.0,3674.0,27159614710,7005485,321,3566.0,3744.0
717,2022-04-17,3857.0,3857.0,3707.0,3845.0,73588159163,18136624,944,3674.0,3845.0
718,2022-04-18,3866.0,3942.0,3667.0,3790.0,30107438688,7528392,838,3845.0,3696.0
719,2022-04-19,3658.0,3791.0,3658.0,3743.0,12830730002,3257217,366,3790.0,3743.0
720,2022-04-20,3696.0,3769.0,3565.0,3641.0,18170928334,4729955,428,3743.0,3642.0
721,2022-04-24,3819.0,3823.0,3789.0,3818.0,24203094404,6006567,272,3641.0,3823.0
722,2022-04-25,3990.0,4009.0,3838.0,3984.0,29293331333,6968560,430,3818.0,4009.0
723,2022-04-26,3961.0,4151.0,3924.0,4034.0,85663448526,20121560,893,3984.0,4023.0
724,2022-04-27,3952.0,4122.0,3904.0,4030.0,43147119203,10145260,680,4034.0,3904.0
725,2022-04-30,4071.0,4071.0,3838.0,3963.0,23423062771,5601052,384,4030.0,3960.0
726,2022-05-01,4042.0,4042.0,3936.0,3981.0,9542743572,2266093,266,3963.0,4017.0
727,2022-05-02,3980.0,4150.0,3923.0,3992.0,20828519173,4945427,429,3981.0,3961.0
728,2022-05-07,3905.0,3992.0,3872.0,3922.0,24679112698,5962306,615,3992.0,3941.0
729,2022-05-08,3980.0,4018.0,3838.0,3895.0,16204919939,3942648,396,3922.0,3923.0
730,2022-05-09,3885.0,3980.0,3848.0,3923.0,29728136524,7180259,421,3895.0,3895.0
731,2022-05-10,3980.0,4119.0,3906.0,4099.0,49029563638,11336807,606,3923.0,4119.0
732,2022-05-11,4302.0,4303.0,4264.0,4301.0,30110693789,6633874,402,4099.0,4303.0
733,2022-05-14,4321.0,4516.0,4189.0,4403.0,54850010192,11806585,920,4301.0,4492.0
734,2022-05-15,4492.0,4596.0,4283.0,4490.0,32457062325,6850939,607,4403.0,4538.0
735,2022-05-16,4490.0,4714.0,4409.0,4624.0,28208214377,5781955,730,4490.0,4711.0
736,2022-05-17,4711.0,4852.0,4464.0,4670.0,27121397591,5503982,641,4624.0,4618.0
737,2022-05-18,4477.0,4709.0,4437.0,4448.0,28575112001,6087938,615,4670.0,4437.0
738,2022-05-21,4416.0,4668.0,4276.0,4509.0,15006689135,3153658,399,4448.0,4511.0
739,2022-05-22,4369.0,4699.0,4369.0,4643.0,19704201864,4022355,497,4509.0,4699.0
740,2022-05-23,4814.0,4814.0,4411.0,4472.0,43110110730,9135331,579,4643.0,4414.0
741,2022-05-24,4509.0,4695.0,4464.0,4652.0,44039827176,8971474,551,4472.0,4695.0
742,2022-05-25,4884.0,4884.0,4884.0,4884.0,18035186040,3499260,176,4652.0,4884.0
743,2022-05-28,5127.0,5127.0,4918.0,5070.0,109076470630,20370417,1279,4884.0,4928.0
744,2022-05-29,4861.0,4966.0,4824.0,4833.0,52626466930,10322765,761,5070.0,4880.0
745,2022-05-30,4985.0,4994.0,4710.0,4833.0,23565518800,4623362,452,4833.0,4786.0
746,2022-05-31,4710.0,4975.0,4710.0,4814.0,14627583480,2878870,339,4833.0,4757.0
747,2022-06-01,4852.0,4966.0,4644.0,4852.0,23473226070,4585867,572,4814.0,4880.0
748,2022-06-06,4975.0,4994.0,4615.0,4662.0,28701880180,5831007,277,4852.0,4615.0
749,2022-06-07,4445.0,4662.0,4435.0,4473.0,34991718680,7414690,474,4662.0,4435.0
750,2022-06-08,4321.0,4625.0,4321.0,4530.0,15790073090,3301283,290,4473.0,4501.0
751,2022-06-11,4388.0,4587.0,4313.0,4410.0,15569080302,3345463,328,4530.0,4364.0
752,2022-06-12,4364.0,4478.0,4274.0,4359.0,16437157074,3572992,391,4410.0,4314.0
753,2022-06-13,4478.0,4567.0,4198.0,4367.0,31650693636,6868333,425,4359.0,4399.0
754,2022-06-14,4284.0,4585.0,4284.0,4546.0,67333232001,14036809,545,4367.0,4585.0
755,2022-06-15,4632.0,4772.0,4549.0,4757.0,60418514539,12035329,465,4546.0,4772.0
756,2022-06-18,4975.0,4994.0,4890.0,4994.0,154422760880,29316740,880,4757.0,4994.0
757,2022-06-19,5108.0,5241.0,5042.0,5203.0,140057520420,25521381,1553,4994.0,5241.0
758,2022-06-20,5127.0,5459.0,5127.0,5402.0,99346411910,17434632,1272,5203.0,5241.0
759,2022-06-21,5250.0,5345.0,5136.0,5165.0,65155785440,11953141,757,5402.0,5146.0
760,2022-06-22,5127.0,5127.0,4909.0,4966.0,71271188380,13604535,779,5165.0,4909.0
761,2022-06-25,4824.0,5136.0,4786.0,4937.0,30808678900,5912739,478,4966.0,4909.0
762,2022-06-26,4899.0,4937.0,4710.0,4795.0,24864448840,4909458,299,4937.0,4729.0
763,2022-06-27,4729.0,4738.0,4558.0,4577.0,54272727560,11242787,510,4795.0,4558.0
764,2022-07-03,4688.0,4806.0,4688.0,4800.0,21964456927,4428204,211,4577.0,4806.0
765,2022-07-04,4984.0,5040.0,4838.0,4985.0,30826743924,5984170,565,4800.0,4859.0
766,2022-07-05,4926.0,4926.0,4736.0,4788.0,30845081821,6233987,552,4985.0,4771.0
767,2022-07-06,4626.0,4745.0,4582.0,4660.0,9709493260,2015944,220,4788.0,4694.0
768,2022-07-09,4587.0,4713.0,4560.0,4628.0,10778125376,2253399,282,4660.0,4615.0
769,2022-07-11,4809.0,4809.0,4397.0,4436.0,33765894660,7365687,402,4628.0,4402.0
770,2022-07-12,4432.0,4432.0,4214.0,4241.0,22819991079,5207004,337,4436.0,4239.0
771,2022-07-13,4243.0,4419.0,4114.0,4225.0,18439241181,4223267,356,4241.0,4137.0
772,2022-07-16,4064.0,4258.0,4035.0,4126.0,17744378574,4161648,408,4225.0,4086.0
773,2022-07-17,4045.0,4064.0,3920.0,3951.0,16038922363,3928397,355,4126.0,3920.0
774,2022-07-19,3793.0,4111.0,3793.0,3999.0,6694648447,1620125,305,3951.0,3988.0
775,2022-07-20,3944.0,4149.0,3944.0,4039.0,7191230113,1722980,213,3999.0,4112.0
776,2022-07-23,4074.0,4225.0,3897.0,4067.0,7855589585,1869115,223,4039.0,4084.0
777,2022-07-24,4150.0,4161.0,3983.0,4092.0,8777262998,2075336,385,4067.0,4100.0
778,2022-07-25,3914.0,4064.0,3888.0,3892.0,14161146584,3520544,244,4092.0,3888.0
779,2022-07-26,3774.0,4016.0,3756.0,3803.0,5629756180,1432682,230,3892.0,3845.0
780,2022-07-27,3760.0,3871.0,3760.0,3794.0,4097338602,1044840,163,3803.0,3813.0
781,2022-07-30,3871.0,3928.0,3775.0,3867.0,7260638655,1817162,229,3794.0,3793.0
782,2022-07-31,3803.0,3803.0,3674.0,3691.0,9480785381,2485862,229,3867.0,3682.0
783,2022-08-01,3861.0,3861.0,3659.0,3737.0,3415056028,884273,136,3691.0,3684.0
784,2022-08-02,3688.0,3924.0,3676.0,3829.0,14742044700,3725119,272,3737.0,3924.0
785,2022-08-03,3948.0,4020.0,3832.0,4014.0,3072859527,740861,124,3829.0,4020.0
786,2022-08-06,4213.0,4214.0,4119.0,4209.0,9888593621,2273113,141,4014.0,4214.0
787,2022-08-09,4237.0,4355.0,4071.0,4222.0,9096283355,2084785,264,4209.0,4171.0
788,2022-08-10,4094.0,4256.0,4018.0,4091.0,5382627765,1273064,210,4222.0,4113.0
789,2022-08-13,4016.0,4296.0,4016.0,4269.0,12584329964,2852623,282,4091.0,4296.0
790,2022-08-14,4364.0,4364.0,4066.0,4151.0,8751602880,2040237,203,4269.0,4067.0
791,2022-08-15,4066.0,4180.0,4033.0,4078.0,16159764301,3835112,219,4151.0,4141.0
792,2022-08-16,4036.0,4117.0,3919.0,4015.0,8236230327,1985292,183,4078.0,3949.0
793,2022-08-17,3968.0,3968.0,3815.0,3858.0,19084470098,4787102,442,4015.0,3853.0
794,2022-08-20,3735.0,3939.0,3735.0,3852.0,4336609925,1089288,126,3858.0,3805.0
795,2022-08-21,3764.0,3871.0,3660.0,3724.0,9191228089,2388471,302,3852.0,3764.0
796,2022-08-22,3717.0,3909.0,3632.0,3861.0,28787564255,7215796,599,3724.0,3909.0
797,2022-08-23,3861.0,4054.0,3861.0,4013.0,29918566901,7214813,489,3861.0,4054.0
798,2022-08-24,4093.0,4213.0,4028.0,4148.0,15212276520,3549699,340,4013.0,4212.0
799,2022-08-27,4057.0,4209.0,3944.0,4044.0,12485790765,2987817,356,4148.0,4034.0
800,2022-08-28,3883.0,3997.0,3871.0,3915.0,8327074816,2057942,219,4044.0,3919.0
801,2022-08-29,3997.0,4111.0,3911.0,3970.0,5618734873,1369326,209,3915.0,3968.0
802,2022-08-30,3964.0,3980.0,3871.0,3904.0,3823246594,947783,163,3970.0,3939.0
803,2022-08-31,3958.0,4098.0,3874.0,4088.0,16485755840,3903118,258,3904.0,4098.0
804,2022-09-03,4111.0,4292.0,4005.0,4210.0,27567080767,6336279,569,4088.0,4240.0
805,2022-09-04,4209.0,4258.0,4000.0,4052.0,32776539893,7828546,501,4210.0,4091.0
806,2022-09-05,4007.0,4218.0,4007.0,4140.0,4398434933,1028265,183,4052.0,4103.0
807,2022-09-06,4021.0,4190.0,4021.0,4131.0,3085292569,722758,102,4140.0,4140.0
808,2022-09-07,4161.0,4161.0,3969.0,4032.0,6961953186,1670548,231,4131.0,3971.0
809,2022-09-10,3977.0,3977.0,3875.0,3907.0,6052046169,1499267,166,4032.0,3919.0
810,2022-09-11,3909.0,3968.0,3790.0,3847.0,5021223942,1263138,136,3907.0,3861.0
811,2022-09-12,3851.0,3934.0,3808.0,3848.0,8269287240,2079748,151,3847.0,3890.0
812,2022-09-13,3809.0,4039.0,3809.0,4017.0,14281349191,3440385,281,3848.0,4039.0
813,2022-09-14,4044.0,4131.0,4035.0,4069.0,9728170287,2313304,242,4017.0,4093.0
814,2022-09-18,4027.0,4121.0,3919.0,3966.0,4447375671,1085215,167,4069.0,3923.0
815,2022-09-19,3929.0,3929.0,3872.0,3885.0,9333362261,2324832,207,3966.0,3879.0
816,2022-09-20,3909.0,3968.0,3822.0,3874.0,4478414520,1118749,99,3885.0,3871.0
817,2022-09-21,3909.0,3909.0,3774.0,3849.0,3754966364,944040,143,3874.0,3900.0
818,2022-09-24,3871.0,3871.0,3658.0,3729.0,4750082053,1232907,160,3849.0,3687.0
819,2022-09-26,3677.0,3859.0,3646.0,3740.0,3437458097,889482,88,3729.0,3753.0
820,2022-09-28,3764.0,3892.0,3764.0,3840.0,5385361243,1357118,142,3740.0,3831.0
821,2022-10-01,3832.0,3856.0,3663.0,3750.0,6359932523,1641154,158,3840.0,3694.0
822,2022-10-02,3618.0,3773.0,3563.0,3593.0,10165816893,2737735,342,3750.0,3563.0
823,2022-10-03,3505.0,3755.0,3414.0,3435.0,14228107396,4008036,320,3593.0,3414.0
824,2022-10-04,3291.0,3451.0,3291.0,3385.0,3346404396,956642,129,3435.0,3377.0
825,2022-10-08,3285.0,3513.0,3285.0,3455.0,7709001548,2159187,188,3385.0,3470.0
826,2022-10-09,3455.0,3455.0,3300.0,3324.0,3545159265,1032054,147,3455.0,3416.0
827,2022-10-10,3293.0,3444.0,3220.0,3312.0,6627423585,1935899,220,3324.0,3335.0
828,2022-10-11,3377.0,3478.0,3243.0,3445.0,8539790897,2398747,237,3312.0,3478.0
829,2022-10-12,3493.0,3617.0,3450.0,3574.0,11321585911,3065349,323,3445.0,3613.0
830,2022-10-15,3617.0,3618.0,3396.0,3422.0,11924549712,3372568,351,3574.0,3396.0
831,2022-10-16,3310.0,3397.0,3251.0,3275.0,7865177351,2324350,254,3422.0,3290.0
832,2022-10-17,3214.0,3297.0,3214.0,3249.0,3171891372,944965,111,3275.0,3280.0
833,2022-10-18,3249.0,3397.0,3249.0,3357.0,2986759776,860945,141,3249.0,3319.0
834,2022-10-19,3312.0,3431.0,3242.0,3302.0,8279854175,2426399,181,3357.0,3336.0
835,2022-10-22,3276.0,3336.0,3225.0,3270.0,3362611700,995072,123,3302.0,3251.0
836,2022-10-23,3214.0,3290.0,3107.0,3148.0,6940321471,2133646,240,3270.0,3154.0
837,2022-10-24,3155.0,3230.0,3117.0,3155.0,2677870759,821462,209,3148.0,3145.0
838,2022-10-25,3155.0,3164.0,2997.0,3029.0,8673983422,2771358,308,3155.0,2997.0
839,2022-10-26,2893.0,3000.0,2878.0,2891.0,5830104209,1952148,168,3029.0,2878.0
840,2022-10-29,2891.0,3033.0,2746.0,2809.0,9378418443,3230254,318,2891.0,2747.0
841,2022-10-30,2834.0,2922.0,2700.0,2841.0,11632670068,3962042,283,2809.0,2905.0
842,2022-10-31,2846.0,2982.0,2846.0,2975.0,6461823380,2102364,106,2841.0,2982.0
843,2022-11-01,3068.0,3123.0,3019.0,3094.0,11715603013,3664668,301,2975.0,3077.0
844,2022-11-02,3024.0,3248.0,3024.0,3217.0,26392563364,7940987,531,3094.0,3248.0
845,2022-11-05,3376.0,3377.0,3339.0,3377.0,15396939327,4412208,248,3217.0,3377.0
846,2022-11-06,3423.0,3477.0,3310.0,3378.0,11714626260,3355616,293,3377.0,3420.0
847,2022-11-07,3324.0,3547.0,3324.0,3498.0,6392480305,1768535,169,3378.0,3547.0
848,2022-11-08,3672.0,3672.0,3484.0,3620.0,27353500349,7312743,609,3498.0,3580.0
849,2022-11-09,3675.0,3801.0,3509.0,3784.0,48866566632,12498177,739,3620.0,3801.0
850,2022-11-12,3883.0,3964.0,3784.0,3870.0,15454380103,3864917,413,3784.0,3816.0
851,2022-11-13,3861.0,3861.0,3677.0,3715.0,23188131578,6040025,558,3870.0,3677.0
852,2022-11-14,3715.0,3744.0,3532.0,3561.0,12133659820,3296937,364,3715.0,3608.0
853,2022-11-15,3532.0,3739.0,3532.0,3698.0,11577272804,3030225,327,3561.0,3699.0
854,2022-11-16,3716.0,3733.0,3551.0,3679.0,4730712137,1244190,192,3698.0,3672.0
855,2022-11-19,3724.0,3724.0,3495.0,3538.0,10576433152,2892868,339,3679.0,3540.0
856,2022-11-20,3619.0,3706.0,3527.0,3661.0,10701651236,2829240,301,3538.0,3686.0
857,2022-11-21,3714.0,3715.0,3610.0,3668.0,8080472061,2132070,250,3661.0,3632.0
858,2022-11-22,3590.0,3842.0,3580.0,3780.0,14268666136,3653237,329,3668.0,3841.0
859,2022-11-23,3850.0,3862.0,3736.0,3810.0,9147040270,2323460,252,3780.0,3794.0
860,2022-11-26,3730.0,3897.0,3730.0,3789.0,7718793353,1971685,198,3810.0,3784.0
861,2022-11-27,3726.0,3818.0,3629.0,3739.0,5870917241,1519336,201,3789.0,3754.0
862,2022-11-28,3677.0,3926.0,3677.0,3918.0,7242538604,1788797,142,3739.0,3926.0
863,2022-11-29,4055.0,4089.0,3927.0,4020.0,22286962050,5364642,472,3918.0,3968.0
864,2022-11-30,3927.0,4058.0,3923.0,3975.0,9190667475,2237164,237,4020.0,3977.0
865,2022-12-03,3924.0,3976.0,3871.0,3911.0,9427931129,2332395,254,3975.0,3871.0
866,2022-12-04,3871.0,3900.0,3754.0,3811.0,6382154396,1620635,229,3911.0,3784.0
867,2022-12-05,3822.0,3861.0,3756.0,3807.0,5951810174,1512951,231,3811.0,3853.0
868,2022-12-06,3808.0,3968.0,3808.0,3899.0,4140626237,1027772,218,3807.0,3918.0
869,2022-12-07,3833.0,3961.0,3774.0,3826.0,8893679622,2249304,307,3899.0,3783.0
870,2022-12-10,3769.0,3774.0,3636.0,3660.0,11823405552,3126435,412,3826.0,3659.0
871,2022-12-11,3629.0,3802.0,3629.0,3717.0,7956674364,2071438,185,3660.0,3711.0
872,2022-12-12,3819.0,3819.0,3698.0,3759.0,6784820710,1746694,192,3717.0,3789.0
873,2022-12-13,3735.0,3946.0,3735.0,3906.0,26933264692,6672432,419,3759.0,3946.0
874,2022-12-14,4006.0,4100.0,4006.0,4091.0,21173891302,5007614,326,3906.0,4100.0
875,2022-12-17,4295.0,4295.0,4064.0,4142.0,21546092587,5034649,544,4091.0,4113.0
876,2022-12-18,4077.0,4239.0,4076.0,4135.0,21580955549,5050182,505,4142.0,4103.0
877,2022-12-19,4080.0,4207.0,3968.0,4114.0,22414272827,5273061,477,4135.0,4084.0
878,2022-12-20,4035.0,4084.0,3909.0,3935.0,18691580243,4597048,464,4114.0,3919.0
879,2022-12-21,3882.0,4043.0,3882.0,3939.0,15237353083,3742525,386,3935.0,3942.0
880,2022-12-24,3877.0,4113.0,3877.0,4082.0,17021738136,4035321,346,3939.0,4101.0
881,2022-12-25,4126.0,4167.0,4044.0,4090.0,29525853203,6985285,477,4082.0,4073.0
882,2022-12-26,4055.0,4257.0,3977.0,4120.0,29893421616,7019797,577,4090.0,4125.0
883,2022-12-28,4161.0,4294.0,4140.0,4209.0,32990001320,7583930,602,4120.0,4200.0
884,2022-12-31,4190.0,4190.0,3999.0,4013.0,37745657291,9100894,604,4209.0,4030.0
885,2023-01-01,3880.0,4055.0,3813.0,3878.0,24933929750,6221927,516,4013.0,3851.0
886,2023-01-02,3967.0,4043.0,3846.0,3954.0,27797708047,6803050,550,3878.0,4038.0
887,2023-01-03,4093.0,4151.0,3980.0,4109.0,38213746895,8999440,658,3954.0,3996.0
888,2023-01-04,3996.0,4093.0,3910.0,3953.0,18771319941,4595337,513,4109.0,3981.0
889,2023-01-07,3982.0,4150.0,3871.0,4092.0,50962478885,12050260,652,3953.0,4150.0
890,2023-01-08,4172.0,4297.0,4161.0,4273.0,68691615276,15555051,866,4092.0,4254.0
891,2023-01-09,4248.0,4486.0,4074.0,4417.0,45406037475,9947966,663,4273.0,4486.0
892,2023-01-10,4635.0,4637.0,4462.0,4605.0,78154483071,16422866,939,4417.0,4552.0
893,2023-01-11,4664.0,4790.0,4471.0,4605.0,24177446092,5079882,527,4605.0,4500.0
894,2023-01-14,4453.0,4729.0,4393.0,4567.0,35795418781,7585005,678,4605.0,4616.0
895,2023-01-16,4788.0,4794.0,4694.0,4793.0,39267103028,7928453,358,4567.0,4794.0
896,2023-01-17,5022.0,5022.0,4568.0,4783.0,46701589030,9448613,847,4793.0,4700.0
897,2023-01-18,4616.0,4858.0,4544.0,4700.0,36625481183,7541537,800,4783.0,4726.0
898,2023-01-21,4635.0,4822.0,4466.0,4637.0,28166798045,5877657,632,4700.0,4524.0
899,2023-01-22,4634.0,4728.0,4413.0,4542.0,27347435127,5826082,532,4637.0,4533.0
900,2023-01-23,4447.0,4720.0,4326.0,4477.0,18812753517,4067061,484,4542.0,4413.0
901,2023-01-24,4306.0,4700.0,4306.0,4618.0,71994522659,15085824,908,4477.0,4700.0
902,2023-01-25,4629.0,4848.0,4509.0,4802.0,151169562547,30467846,1589,4618.0,4829.0
903,2023-01-28,4829.0,5030.0,4612.0,4768.0,57896347682,11750397,1102,4802.0,4659.0
904,2023-01-29,4602.0,4602.0,4530.0,4538.0,13395845474,2857168,182,4768.0,4530.0
905,2023-01-30,4311.0,4442.0,4311.0,4324.0,89425166052,20015572,957,4538.0,4311.0
906,2023-01-31,4412.0,4426.0,4108.0,4178.0,46580346587,10790216,927,4324.0,4218.0
907,2023-02-01,4218.0,4218.0,3983.0,4079.0,21065342862,4997442,476,4178.0,4123.0
908,2023-02-05,4091.0,4091.0,3876.0,3923.0,21115252992,5209084,442,4079.0,3876.0
909,2023-02-06,3795.0,3968.0,3728.0,3767.0,24714307043,6348257,505,3923.0,3795.0
910,2023-02-07,3914.0,3941.0,3822.0,3885.0,18048660057,4495395,414,3767.0,3870.0
911,2023-02-08,3954.0,3954.0,3750.0,3787.0,19510264893,4985654,525,3885.0,3753.0
912,2023-02-12,3730.0,3850.0,3599.0,3705.0,17033907242,4449029,469,3787.0,3726.0
913,2023-02-13,3851.0,3851.0,3661.0,3711.0,9496287386,2476355,321,3705.0,3677.0
914,2023-02-14,3634.0,3771.0,3633.0,3710.0,10330533710,2694207,313,3711.0,3677.0
915,2023-02-15,3644.0,3730.0,3598.0,3626.0,9804754685,2616597,296,3710.0,3614.0
916,2023-02-19,3619.0,3768.0,3619.0,3698.0,7075810601,1851601,304,3626.0,3666.0
917,2023-02-20,3772.0,3882.0,3706.0,3857.0,26959047247,6764017,499,3698.0,3882.0
918,2023-02-21,3919.0,4004.0,3805.0,3910.0,21922758392,5424655,570,3857.0,3851.0
919,2023-02-22,3774.0,3897.0,3774.0,3829.0,7540006512,1905261,215,3910.0,3876.0
920,2023-02-25,3854.0,4020.0,3854.0,4018.0,20038822504,4826191,322,3829.0,4020.0
921,2023-02-26,4074.0,4218.0,3933.0,4109.0,28253287852,6653617,686,4018.0,4026.0
922,2023-02-27,4122.0,4169.0,3963.0,4058.0,16272233219,3881032,404,4109.0,4021.0
923,2023-02-28,3973.0,4149.0,3972.0,4023.0,20299346968,4883733,462,4058.0,4043.0
924,2023-03-01,4026.0,4223.0,4026.0,4198.0,55745972210,12849908,671,4023.0,4132.0
925,2023-03-04,4149.0,4254.0,4037.0,4173.0,19334117674,4483274,400,4198.0,4084.0
926,2023-03-05,4209.0,4298.0,4016.0,4105.0,15981328706,3767649,548,4173.0,4073.0
927,2023-03-06,3992.0,4111.0,3900.0,3939.0,28483968766,6999327,567,4105.0,3928.0
928,2023-03-07,3939.0,4064.0,3926.0,3991.0,15207523730,3687566,401,3939.0,3984.0
929,2023-03-11,3991.0,4190.0,3991.0,4109.0,33931780783,7990652,674,3991.0,4067.0
930,2023-03-12,4016.0,4026.0,3904.0,3922.0,28602099526,7057212,572,4109.0,3909.0
931,2023-03-13,3910.0,4089.0,3909.0,3979.0,19040238494,4630251,572,3922.0,4025.0
932,2023-03-14,3980.0,4178.0,3980.0,4171.0,63575806280,14752174,814,3979.0,4178.0
933,2023-03-15,4179.0,4379.0,4161.0,4307.0,63006438176,14154254,1118,4171.0,4378.0
934,2023-03-18,4522.0,4522.0,4522.0,4522.0,23946293162,5124394,244,4307.0,4522.0
935,2023-03-19,4748.0,4748.0,4548.0,4747.0,138286616239,28193478,1072,4522.0,4748.0
936,2023-03-25,4764.0,4984.0,4655.0,4894.0,85814419871,16970280,1117,4747.0,4984.0
937,2023-03-26,5129.0,5137.0,4655.0,5031.0,51294644180,9866924,911,4894.0,5003.0
938,2023-03-28,5282.0,5282.0,5282.0,5282.0,5280273622,932581,99,5031.0,5282.0
939,2023-03-29,5546.0,5546.0,5546.0,5546.0,32356595865,5442657,190,5282.0,5546.0
940,2023-04-03,5821.0,5821.0,5597.0,5803.0,174516277320,28060300,1599,5546.0,5821.0
941,2023-04-04,6092.0,6092.0,5831.0,6036.0,327839664720,50671559,3858,5803.0,5970.0
942,2023-04-05,6017.0,6334.0,5737.0,6204.0,159857671460,24049242,2065,6036.0,6334.0
943,2023-04-08,6493.0,6512.0,6334.0,6484.0,111033035260,15975735,1495,6204.0,6390.0
944,2023-04-09,6530.0,6801.0,6194.0,6465.0,225005280850,32449041,3614,6484.0,6278.0
945,2023-04-10,6157.0,6558.0,6148.0,6250.0,350554434510,52316464,5157,6465.0,6148.0
946,2023-04-11,6008.0,6390.0,5952.0,6166.0,126161874590,19076094,2378,6250.0,6306.0
947,2023-04-15,6306.0,6474.0,6306.0,6474.0,123892710660,17862211,1119,6166.0,6474.0
948,2023-04-16,6763.0,6791.0,6763.0,6791.0,150962266170,20741537,1152,6474.0,6791.0
949,2023-04-17,7034.0,7127.0,6735.0,7081.0,259377261770,34171257,1774,6791.0,7127.0
950,2023-04-18,7426.0,7426.0,7426.0,7426.0,128034562240,16084744,1100,7081.0,7426.0
951,2023-04-19,7790.0,7790.0,7780.0,7790.0,330507421920,39581761,1935,7426.0,7790.0
952,2023-04-24,8172.0,8172.0,7883.0,8144.0,33359223600,3821750,275,7790.0,7902.0
953,2023-04-26,8387.0,8545.0,8088.0,8489.0,306768833820,33703379,3225,8144.0,8471.0
954,2023-04-29,8648.0,8648.0,8069.0,8135.0,195158528420,22388128,3076,8489.0,8069.0
955,2023-04-30,7855.0,8359.0,7734.0,7976.0,407235858840,47639853,6032,8135.0,8191.0
956,2023-05-01,8321.0,8368.0,8228.0,8359.0,258299565690,28815604,2245,7976.0,8368.0
957,2023-05-02,8667.0,8769.0,8667.0,8760.0,166859420740,17763319,1731,8359.0,8769.0
958,2023-05-03,8872.0,9133.0,8331.0,8480.0,368416459570,40549028,5321,8760.0,8387.0
959,2023-05-06,8349.0,8900.0,8321.0,8713.0,323709271440,34657922,3753,8480.0,8396.0
960,2023-05-07,8722.0,8722.0,8284.0,8331.0,80939073380,9065463,1075,8713.0,8284.0
961,2023-05-08,7920.0,7920.0,7920.0,7920.0,20362653720,2398428,126,8331.0,7920.0
962,2023-05-09,7528.0,7528.0,7528.0,7528.0,50528118030,6261229,436,7920.0,7528.0
963,2023-05-10,7155.0,7528.0,7155.0,7230.0,179285324270,23138437,1595,7528.0,7155.0
964,2023-05-13,6875.0,6875.0,6875.0,6875.0,27436372700,3722710,174,7230.0,6875.0
965,2023-05-14,6540.0,7183.0,6540.0,6801.0,252253768230,34604660,3558,6875.0,7015.0
966,2023-05-15,7090.0,7099.0,6465.0,6670.0,134864962330,18861404,2015,6801.0,6558.0
967,2023-05-17,6512.0,6997.0,6512.0,6950.0,82654076770,11092010,901,6670.0,6997.0
968,2023-05-20,7211.0,7230.0,6614.0,6922.0,104833579400,14126588,1739,6950.0,6857.0
969,2023-05-21,6810.0,7174.0,6717.0,7015.0,86583758130,11509076,1174,6922.0,7053.0
970,2023-05-22,7239.0,7360.0,7211.0,7351.0,51566671890,6547718,575,7015.0,7360.0
971,2023-05-23,7715.0,7715.0,7538.0,7706.0,186026236500,22534325,1738,7351.0,7715.0
972,2023-05-24,7734.0,7948.0,7491.0,7659.0,114031657700,13887823,1904,7706.0,7594.0
973,2023-05-27,7650.0,7650.0,7277.0,7332.0,144216029840,18339202,1590,7659.0,7277.0
974,2023-05-28,7277.0,7277.0,6969.0,6969.0,109819199570,14693999,994,7332.0,6997.0
975,2023-05-29,6782.0,7314.0,6782.0,7239.0,197524600640,25440476,1453,6969.0,7295.0
976,2023-05-30,7351.0,7538.0,7127.0,7323.0,92616361010,11797204,1118,7239.0,7323.0
977,2023-05-31,7304.0,7687.0,7099.0,7566.0,235352074220,29023727,2130,7323.0,7687.0
978,2023-06-03,7743.0,7939.0,7472.0,7892.0,139417968960,16488260,1612,7566.0,7930.0
979,2023-06-06,7687.0,8023.0,7528.0,7687.0,85260193870,10353187,1474,7892.0,7566.0
980,2023-06-07,7640.0,7836.0,7351.0,7510.0,58780973780,7302933,1108,7687.0,7379.0
981,2023-06-10,7342.0,7342.0,7137.0,7137.0,39491475260,5160874,413,7510.0,7137.0
982,2023-06-11,6857.0,7463.0,6857.0,7193.0,74909846320,9716239,1202,7137.0,7360.0
983,2023-06-12,7193.0,7454.0,6838.0,6903.0,77100579510,10416275,909,7193.0,6838.0
984,2023-06-13,6838.0,7183.0,6558.0,6894.0,63569411460,8604041,1013,6903.0,6913.0
985,2023-06-14,7006.0,7109.0,6838.0,6950.0,47773111850,6414005,692,6894.0,6866.0
986,2023-06-17,6997.0,7146.0,6623.0,6754.0,40249118700,5559690,912,6950.0,6679.0
987,2023-06-18,6642.0,6698.0,6465.0,6577.0,61424508490,8712327,916,6754.0,6651.0
988,2023-06-19,6791.0,6791.0,6334.0,6549.0,54333671370,7741667,765,6577.0,6344.0
989,2023-06-20,6521.0,6810.0,6325.0,6642.0,80872732960,11359583,1193,6549.0,6614.0
990,2023-06-21,6540.0,6969.0,6540.0,6894.0,80061939810,10836346,1063,6642.0,6969.0
991,2023-06-24,7183.0,7183.0,6810.0,6941.0,30318436740,4073746,638,6894.0,6857.0
992,2023-06-25,7183.0,7183.0,6595.0,6707.0,119225480370,16592019,1723,6941.0,6595.0
993,2023-06-26,6540.0,6726.0,6540.0,6623.0,52902947670,7451682,1077,6707.0,6605.0
994,2023-06-27,6605.0,6903.0,6549.0,6698.0,57411049800,7990461,1057,6623.0,6623.0
995,2023-06-28,6568.0,6782.0,6568.0,6651.0,22126894090,3104524,567,6698.0,6633.0
996,2023-07-01,6763.0,6763.0,6530.0,6577.0,34072703310,4830564,729,6651.0,6558.0
997,2023-07-02,6577.0,6819.0,6577.0,6726.0,48750196500,6763541,702,6577.0,6670.0
998,2023-07-03,6754.0,6810.0,6558.0,6670.0,69730258870,9749950,1415,6726.0,6689.0
999,2023-07-04,6791.0,6997.0,6698.0,6969.0,149619760800,20037700,1492,6670.0,6997.0
1000,2023-07-05,7174.0,7314.0,7043.0,7277.0,94618302890,12129848,1021,6969.0,7314.0
1001,2023-07-08,7556.0,7631.0,7286.0,7482.0,195709149880,24413752,2638,7277.0,7314.0
1002,2023-07-09,7193.0,7855.0,7118.0,7687.0,316809337160,38465725,3757,7482.0,7640.0
1003,2023-07-17,7309.0,7309.0,7309.0,7309.0,21208838400,2740160,102,7687.0,7309.0
1004,2023-07-18,6950.0,7205.0,6950.0,7007.0,247648603620,33370448,2644,7309.0,7130.0
1005,2023-07-19,7356.0,7356.0,6658.0,7016.0,125355487140,16881467,1506,7007.0,6695.0
1006,2023-07-22,6695.0,6809.0,6667.0,6677.0,20771527960,2939158,267,7016.0,6667.0
1007,2023-07-23,6346.0,6544.0,6346.0,6365.0,72961785160,10820688,1176,6677.0,6346.0
1008,2023-07-24,6327.0,6639.0,6327.0,6478.0,37137393300,5413172,614,6365.0,6450.0
1009,2023-07-25,6497.0,6648.0,6157.0,6299.0,59792911900,8970738,1133,6478.0,6507.0
1010,2023-07-26,6497.0,6601.0,6185.0,6365.0,27230050620,4040122,572,6299.0,6299.0
1011,2023-07-29,6459.0,6469.0,6072.0,6204.0,33725897870,5136604,611,6365.0,6100.0
1012,2023-07-30,6053.0,6214.0,5902.0,5912.0,32175787840,5138465,449,6204.0,5902.0
1013,2023-07-31,5732.0,5997.0,5619.0,5647.0,78739857970,13166559,1241,5912.0,5676.0
1014,2023-08-01,5742.0,5827.0,5638.0,5704.0,23089988320,3820675,577,5647.0,5732.0
1015,2023-08-05,5808.0,5978.0,5808.0,5893.0,25176293230,4036449,540,5704.0,5893.0
1016,2023-08-06,5893.0,5940.0,5732.0,5808.0,19991417240,3252458,440,5893.0,5798.0
1017,2023-08-07,5713.0,5930.0,5619.0,5742.0,27220536440,4476101,618,5808.0,5619.0
1018,2023-08-08,5742.0,5742.0,5468.0,5572.0,21558116680,3656535,515,5742.0,5572.0
1019,2023-08-09,5477.0,5732.0,5477.0,5591.0,12918492350,2182373,362,5572.0,5534.0
1020,2023-08-12,5487.0,5572.0,5317.0,5326.0,35663966190,6328905,489,5591.0,5336.0
1021,2023-08-13,5184.0,5383.0,5071.0,5241.0,16181087460,2916632,432,5326.0,5279.0
1022,2023-08-14,5383.0,5458.0,5203.0,5317.0,13080583990,2322240,368,5241.0,5213.0
1023,2023-08-15,5099.0,5288.0,5052.0,5071.0,25577035060,4759768,564,5317.0,5062.0
1024,2023-08-16,5269.0,5298.0,4958.0,5156.0,30436221530,5578632,629,5071.0,5090.0
1025,2023-08-19,4967.0,5288.0,4901.0,5090.0,31762820220,5897490,533,5156.0,4958.0
1026,2023-08-20,5005.0,5099.0,4844.0,4920.0,28313618230,5439087,591,5090.0,4939.0
1027,2023-08-21,4996.0,5052.0,4769.0,4873.0,13255342110,2571237,390,4920.0,4873.0
1028,2023-08-22,4901.0,4901.0,4637.0,4693.0,36777355270,7396349,630,4873.0,4816.0
1029,2023-08-23,4873.0,4873.0,4646.0,4760.0,19017393210,3774527,466,4693.0,4844.0
1030,2023-08-26,4929.0,4996.0,4929.0,4986.0,17873220890,3384844,206,4760.0,4996.0
1031,2023-08-27,5175.0,5232.0,5014.0,5213.0,49152032930,8906992,671,4986.0,5232.0
1032,2023-08-28,5279.0,5449.0,5099.0,5260.0,28117323170,5045130,608,5213.0,5222.0
1033,2023-08-29,5317.0,5392.0,5147.0,5269.0,17397372310,3119300,399,5260.0,5288.0
1034,2023-08-30,5194.0,5392.0,5194.0,5307.0,13824458140,2455688,413,5269.0,5317.0
1035,2023-09-02,5383.0,5402.0,5052.0,5184.0,26197635260,4775690,617,5307.0,5099.0
1036,2023-09-03,4996.0,5260.0,4958.0,5052.0,21421429550,4002990,563,5184.0,4977.0
1037,2023-09-04,4977.0,5298.0,4958.0,5241.0,34371960970,6198281,402,5052.0,5298.0
1038,2023-09-05,5496.0,5496.0,5496.0,5496.0,37492259580,6441969,247,5241.0,5496.0
1039,2023-09-09,5647.0,5657.0,5317.0,5468.0,58563537970,10105989,1052,5496.0,5449.0
1040,2023-09-10,5468.0,5468.0,5222.0,5336.0,29479529080,5220630,722,5468.0,5279.0
1041,2023-09-11,5156.0,5364.0,5156.0,5279.0,15614256730,2793118,331,5336.0,5251.0
1042,2023-09-12,5118.0,5364.0,5118.0,5260.0,14086202700,2527538,308,5279.0,5222.0
1043,2023-09-13,5175.0,5326.0,5118.0,5194.0,14858259160,2702004,268,5260.0,5203.0
1044,2023-09-17,5203.0,5364.0,5203.0,5307.0,19580791710,3486817,406,5194.0,5241.0
1045,2023-09-18,5307.0,5430.0,5222.0,5354.0,18751061380,3308343,373,5307.0,5232.0
1046,2023-09-19,5354.0,5373.0,5175.0,5213.0,22309962930,4040373,358,5354.0,5194.0
1047,2023-09-20,5156.0,5392.0,5156.0,5307.0,15595567690,2777328,303,5213.0,5269.0
1048,2023-09-23,5354.0,5392.0,5156.0,5251.0,17464542970,3141197,298,5307.0,5269.0
1049,2023-09-25,5194.0,5232.0,4996.0,5052.0,21317389140,3985446,515,5251.0,5024.0
1050,2023-09-26,5137.0,5166.0,5005.0,5062.0,9986748370,1861559,237,5052.0,5081.0
1051,2023-09-27,5194.0,5194.0,5043.0,5099.0,13187045950,2440753,227,5062.0,5128.0
1052,2023-09-30,5241.0,5241.0,4958.0,5014.0,21414125200,4035446,498,5099.0,4977.0
1053,2023-10-01,5062.0,5062.0,4769.0,4816.0,37003664290,7259825,702,5014.0,4863.0
1054,2023-10-02,4911.0,5014.0,4741.0,4939.0,19531341080,3735340,429,4816.0,4958.0
1055,2023-10-04,4873.0,5043.0,4873.0,4967.0,11429665840,2166969,255,4939.0,5005.0
1056,2023-10-07,4854.0,5213.0,4854.0,5147.0,53272088380,9774100,799,4967.0,5166.0
1057,2023-10-08,5090.0,5099.0,4892.0,4911.0,24131455670,4644760,360,5147.0,4892.0
1058,2023-10-09,4731.0,5033.0,4684.0,4778.0,20234892540,3997894,490,4911.0,4882.0
1059,2023-10-10,4760.0,4977.0,4731.0,4807.0,6456135040,1257393,193,4778.0,4929.0
1060,2023-10-11,4816.0,4958.0,4741.0,4835.0,13155146370,2566206,305,4807.0,4769.0
1061,2023-10-14,4948.0,4948.0,4599.0,4618.0,33404549910,6835776,532,4835.0,4599.0
1062,2023-10-15,4599.0,4750.0,4420.0,4580.0,7081200600,1470727,251,4618.0,4429.0
1063,2023-10-16,4580.0,4807.0,4523.0,4769.0,26658790590,5274361,470,4580.0,4807.0
1064,2023-10-17,4854.0,4920.0,4590.0,4750.0,13264260290,2637639,328,4769.0,4675.0
1065,2023-10-18,4627.0,4684.0,4514.0,4618.0,16575029260,3389709,292,4750.0,4608.0
1066,2023-10-21,4712.0,4712.0,4561.0,4624.0,8297531500,1692555,205,4618.0,4662.0
1067,2023-10-22,4576.0,4720.0,4575.0,4646.0,11310362118,2295402,260,4624.0,4647.0
1068,2023-10-23,4695.0,4721.0,4561.0,4645.0,16557674588,3365872,324,4646.0,4572.0
1069,2023-10-24,4675.0,4675.0,4414.0,4440.0,47015024818,9999185,544,4645.0,4416.0
1070,2023-10-25,4320.0,4523.0,4320.0,4404.0,14789314472,3170771,379,4440.0,4335.0
1071,2023-10-28,4219.0,4225.0,4184.0,4186.0,27492521279,6202447,435,4404.0,4185.0
1072,2023-10-29,4018.0,4341.0,4018.0,4209.0,7419639006,1656359,237,4186.0,4250.0
1073,2023-10-30,4316.0,4382.0,4212.0,4267.0,8008174088,1752842,298,4209.0,4258.0
1074,2023-10-31,4317.0,4390.0,4168.0,4272.0,7211484639,1591881,223,4267.0,4250.0
1075,2023-11-01,4219.0,4292.0,4105.0,4227.0,6468368161,1463856,206,4272.0,4175.0
1076,2023-11-04,4435.0,4437.0,4297.0,4372.0,14753747040,3181059,311,4227.0,4410.0
1077,2023-11-05,4437.0,4522.0,4344.0,4410.0,11351325325,2422397,274,4372.0,4429.0
1078,2023-11-06,4500.0,4630.0,4500.0,4607.0,28757671227,5895188,413,4410.0,4630.0
1079,2023-11-07,4836.0,4836.0,4836.0,4836.0,19906074666,3887146,173,4607.0,4836.0
1080,2023-11-08,4940.0,4953.0,4712.0,4829.0,46558835190,9103809,831,4836.0,4807.0
1081,2023-11-11,4920.0,4977.0,4769.0,4873.0,25445573810,4929160,451,4829.0,4920.0
1082,2023-11-12,4854.0,5109.0,4778.0,5033.0,43757120840,8207177,476,4873.0,5109.0
1083,2023-11-13,5194.0,5279.0,5062.0,5194.0,41837246530,7604637,626,5033.0,5128.0
1084,2023-11-14,5128.0,5137.0,4939.0,5005.0,23020247910,4346450,473,5194.0,4948.0
1085,2023-11-15,4929.0,5118.0,4844.0,4929.0,11734888970,2256332,407,5005.0,4873.0
1086,2023-11-18,4854.0,5005.0,4731.0,4863.0,18842210330,3657914,410,4929.0,4816.0
1087,2023-11-19,4816.0,5099.0,4816.0,5043.0,27470067650,5141599,445,4863.0,4986.0
1088,2023-11-20,4939.0,5005.0,4826.0,4939.0,8944401010,1731534,300,5043.0,4835.0
1089,2023-11-21,4835.0,4939.0,4778.0,4816.0,19827550830,3888741,371,4939.0,4816.0
1090,2023-11-22,4958.0,4958.0,4778.0,4844.0,9249746210,1797198,254,4816.0,4788.0
1091,2023-11-25,4939.0,4939.0,4693.0,4778.0,12625287260,2501454,331,4844.0,4722.0
1092,2023-11-26,4892.0,5014.0,4750.0,4977.0,60468176780,11473937,588,4778.0,5014.0
1093,2023-11-27,5166.0,5166.0,4911.0,5033.0,25964335400,4866944,459,4977.0,4911.0
1094,2023-11-28,4892.0,5099.0,4882.0,5005.0,13286771060,2510018,274,5033.0,5062.0
1095,2023-11-29,5090.0,5251.0,5090.0,5232.0,61202438270,11042437,690,5005.0,5251.0
1096,2023-12-02,5392.0,5392.0,5099.0,5232.0,40433349340,7294722,676,5232.0,5184.0
1097,2023-12-03,5222.0,5487.0,5062.0,5317.0,58677666370,10428890,1061,5232.0,5421.0
1098,2023-12-04,5421.0,5581.0,5241.0,5345.0,30272306210,5345303,532,5317.0,5288.0
1099,2023-12-05,5411.0,5496.0,5184.0,5298.0,32982369490,5883489,615,5345.0,5184.0
1100,2023-12-06,5137.0,5260.0,5033.0,5081.0,41165575570,7647983,830,5298.0,5099.0
1101,2023-12-09,5175.0,5203.0,4986.0,5099.0,14291587570,2644266,489,5081.0,5128.0
1102,2023-12-10,5194.0,5213.0,5099.0,5137.0,16119208210,2960522,279,5099.0,5147.0
1103,2023-12-11,5147.0,5260.0,5005.0,5081.0,18715902300,3475794,304,5137.0,5062.0
1104,2023-12-12,5043.0,5288.0,5033.0,5175.0,32078219570,5851139,467,5081.0,5109.0
1105,2023-12-13,5222.0,5317.0,5090.0,5222.0,20283750560,3665054,378,5175.0,5203.0
1106,2023-12-16,5336.0,5336.0,5147.0,5213.0,14970517600,2709840,343,5222.0,5184.0
1107,2023-12-18,5336.0,5336.0,5166.0,5232.0,31916296650,5764022,490,5213.0,5241.0
1108,2023-12-19,5336.0,5336.0,5099.0,5184.0,26667404240,4854524,423,5232.0,5147.0
1109,2023-12-20,5260.0,5336.0,5118.0,5203.0,10553946240,1914454,237,5184.0,5166.0
1110,2023-12-23,5269.0,5383.0,5128.0,5279.0,16518498390,2955908,400,5203.0,5251.0
1111,2023-12-24,5336.0,5364.0,5213.0,5279.0,16714792550,2987453,314,5279.0,5232.0
1112,2023-12-25,5213.0,5279.0,5024.0,5099.0,38549878230,7142176,619,5279.0,5118.0
1113,2023-12-26,5052.0,5175.0,4996.0,5052.0,16809750480,3141472,328,5099.0,5024.0
1114,2023-12-27,4939.0,5184.0,4939.0,5043.0,17807572990,3336581,363,5052.0,5052.0
1115,2023-12-30,5062.0,5175.0,5062.0,5071.0,8751539770,1620650,235,5043.0,5081.0
1116,2023-12-31,5052.0,5071.0,4939.0,5014.0,11939527000,2255104,233,5071.0,4977.0
1117,2024-01-01,4948.0,5043.0,4911.0,4958.0,18400715700,3502262,351,5014.0,4939.0
1118,2024-01-02,5071.0,5099.0,4911.0,4996.0,20168452520,3810978,379,4958.0,5081.0
1119,2024-01-03,5166.0,5241.0,4986.0,5166.0,23800634270,4351734,409,4996.0,5241.0
1120,2024-01-06,5194.0,5421.0,5194.0,5411.0,121426069870,21178586,1098,5166.0,5421.0
1121,2024-01-07,5581.0,5676.0,5449.0,5619.0,54421135440,9139214,761,5411.0,5676.0
1122,2024-01-08,5874.0,5893.0,5713.0,5855.0,225064000810,36310381,2177,5619.0,5723.0
1123,2024-01-09,5751.0,5789.0,5562.0,5628.0,83154090780,13942530,965,5855.0,5666.0
1124,2024-01-10,5657.0,5657.0,5458.0,5524.0,65334807230,11166461,867,5628.0,5600.0
1125,2024-01-13,5600.0,5798.0,5543.0,5779.0,59714601780,9763531,493,5524.0,5798.0
1126,2024-01-14,5940.0,6063.0,5723.0,5902.0,87699278500,14039951,1195,5779.0,5761.0
1127,2024-01-15,5761.0,5836.0,5609.0,5657.0,54642122630,9122546,707,5902.0,5609.0
1128,2024-01-16,5496.0,5694.0,5383.0,5515.0,52249919510,8954477,765,5657.0,5666.0
1129,2024-01-17,5742.0,5742.0,5609.0,5657.0,32771804360,5469426,503,5515.0,5619.0
1130,2024-01-20,5543.0,5666.0,5383.0,5477.0,20248044580,3492117,331,5657.0,5383.0
1131,2024-01-21,5383.0,5515.0,5203.0,5279.0,34599382270,6192089,518,5477.0,5307.0
1132,2024-01-22,5203.0,5392.0,5024.0,5071.0,31084052900,5783844,453,5279.0,5109.0
1133,2024-01-23,4967.0,5043.0,4826.0,4844.0,52284808600,10198141,666,5071.0,4911.0
1134,2024-01-24,4986.0,4986.0,4741.0,4844.0,12199518890,2379155,217,4844.0,4882.0
1135,2024-01-27,4854.0,5005.0,4816.0,4882.0,11845609650,2286930,238,4844.0,4929.0
1136,2024-01-28,4844.0,5118.0,4844.0,5090.0,29902240370,5552185,473,4882.0,5118.0
1137,2024-01-29,5260.0,5260.0,4967.0,5128.0,18398441330,3390914,360,5090.0,5128.0
1138,2024-01-30,5147.0,5147.0,4873.0,4939.0,21560626300,4125081,392,5128.0,4929.0
1139,2024-01-31,4958.0,5014.0,4797.0,4873.0,15944665710,3088192,396,4939.0,4901.0
1140,2024-02-03,4901.0,5033.0,4901.0,4929.0,8789710560,1672206,205,4873.0,4948.0
1141,2024-02-04,4929.0,5071.0,4863.0,4958.0,16263329020,3096693,283,4929.0,4967.0
1142,2024-02-05,4929.0,5099.0,4929.0,4996.0,14030236300,2649447,310,4958.0,4967.0
1143,2024-02-06,4948.0,5156.0,4948.0,5052.0,16883087680,3155743,231,4996.0,5024.0
1144,2024-02-07,4958.0,5194.0,4958.0,5071.0,16081879650,2996975,359,5052.0,5052.0
1145,2024-02-10,5033.0,5147.0,4911.0,5014.0,14162379710,2670818,298,5071.0,4920.0
1146,2024-02-12,4929.0,5033.0,4816.0,4901.0,27395601370,5282692,396,5014.0,4816.0
1147,2024-02-13,4807.0,4892.0,4722.0,4788.0,19485226290,3844964,360,4901.0,4835.0
1148,2024-02-14,4873.0,4873.0,4684.0,4722.0,23206452600,4641138,311,4788.0,4722.0
1149,2024-02-17,4816.0,4835.0,4561.0,4680.0,11197359549,2265681,296,4722.0,4617.0
1150,2024-02-18,4675.0,4797.0,4561.0,4700.0,6353309355,1269034,199,4680.0,4722.0
1151,2024-02-19,4863.0,4900.0,4726.0,4764.0,10688524642,2106632,226,4700.0,4835.0
1152,2024-02-20,4913.0,4913.0,4713.0,4752.0,10275812795,2044545,204,4764.0,4753.0
1153,2024-02-21,4675.0,4911.0,4675.0,4768.0,8104035434,1600211,250,4752.0,4775.0
1154,2024-02-24,4854.0,4854.0,4684.0,4760.0,8555860690,1700637,228,4768.0,4769.0
1155,2024-02-26,4722.0,4835.0,4637.0,4722.0,7781905560,1565241,234,4760.0,4656.0
1156,2024-02-27,4637.0,4788.0,4608.0,4693.0,7230156850,1464527,200,4722.0,4712.0
1157,2024-02-28,4637.0,4882.0,4637.0,4769.0,29643065050,5872601,358,4693.0,4731.0
1158,2024-03-02,4731.0,5005.0,4703.0,4911.0,31089833210,5973722,482,4769.0,5005.0
1159,2024-03-03,5147.0,5156.0,5005.0,5118.0,37375289050,6896945,439,4911.0,5118.0
1160,2024-03-04,5062.0,5184.0,4901.0,5033.0,12869030310,2424122,303,5118.0,5014.0
1161,2024-03-05,5014.0,5175.0,4911.0,5014.0,8738597840,1650141,265,5033.0,5014.0
1162,2024-03-06,5137.0,5137.0,4939.0,5033.0,13649708410,2560133,265,5014.0,5052.0
1163,2024-03-10,5033.0,5128.0,4948.0,5033.0,4855451150,912289,94,5033.0,5033.0
1164,2024-03-11,4939.0,5118.0,4863.0,4920.0,17866256100,3427430,421,5033.0,4901.0
1165,2024-03-12,4882.0,5014.0,4675.0,4769.0,49315674550,9769924,800,4920.0,4684.0
1166,2024-03-13,4741.0,5005.0,4712.0,4873.0,27833136530,5390044,611,4769.0,4863.0
1167,2024-03-16,4816.0,4948.0,4797.0,4844.0,19112109500,3725495,344,4873.0,4797.0
1168,2024-03-17,4920.0,5005.0,4816.0,4939.0,13996186250,2670838,219,4844.0,4958.0
1169,2024-03-18,4996.0,5184.0,4986.0,5128.0,26563909750,4893301,375,4939.0,5184.0
1170,2024-03-24,5213.0,5383.0,5213.0,5354.0,30514983820,5380591,459,5128.0,5383.0
1171,2024-03-25,5572.0,5572.0,5336.0,5430.0,33517294850,5829316,456,5354.0,5411.0
1172,2024-03-26,5373.0,5694.0,5194.0,5581.0,43934553920,7432096,716,5430.0,5666.0
1173,2024-03-27,5713.0,5855.0,5572.0,5817.0,55232307630,8968105,884,5581.0,5798.0
1174,2024-03-30,5798.0,6091.0,5619.0,5883.0,48784309810,7832101,830,5817.0,5949.0
1175,2024-04-02,5638.0,5893.0,5591.0,5638.0,40630984400,6804599,574,5883.0,5657.0
1176,2024-04-03,5666.0,5676.0,5402.0,5534.0,27258044980,4650414,468,5638.0,5591.0
1177,2024-04-06,5392.0,5647.0,5260.0,5307.0,29804142440,5302673,391,5534.0,5260.0
1178,2024-04-07,5166.0,5411.0,5052.0,5175.0,17431307650,3181372,354,5307.0,5269.0
1179,2024-04-08,5383.0,5411.0,5251.0,5298.0,11324748040,2006723,270,5175.0,5411.0
1180,2024-04-09,5241.0,5524.0,5203.0,5373.0,19771590750,3476191,386,5298.0,5392.0
1181,2024-04-13,5213.0,5213.0,5109.0,5118.0,27082123200,4999597,214,5373.0,5109.0
1182,2024-04-14,5071.0,5071.0,5071.0,5109.0,3347314320,623336,31,5118.0,5071.0
1183,2024-04-15,5071.0,5156.0,5071.0,5147.0,16070811480,2949292,199,5109.0,5128.0
1184,2024-04-16,5099.0,5099.0,5099.0,5137.0,2221009200,411298,29,5147.0,5099.0
1185,2024-04-17,5090.0,5147.0,5090.0,5090.0,16655797090,3089522,217,5137.0,5090.0
1186,2024-04-20,5062.0,5336.0,5062.0,5251.0,15916638760,2861001,316,5090.0,5288.0
1187,2024-04-21,5336.0,5506.0,5336.0,5458.0,35903570130,6213251,538,5251.0,5506.0
1188,2024-04-22,5477.0,5723.0,5430.0,5704.0,34733273790,5748863,330,5458.0,5723.0
1189,2024-04-23,5761.0,5902.0,5609.0,5761.0,32185580510,5275456,502,5704.0,5779.0
1190,2024-04-24,5798.0,5874.0,5666.0,5779.0,17891419410,2924878,303,5761.0,5761.0
1191,2024-04-27,5845.0,5893.0,5496.0,5657.0,16136636050,2695539,336,5779.0,5562.0
1192,2024-04-28,5496.0,5657.0,5383.0,5439.0,21639044270,3755080,396,5657.0,5458.0
1193,2024-04-29,5373.0,5628.0,5373.0,5496.0,9177647180,1568482,353,5439.0,5477.0
1194,2024-04-30,5534.0,5572.0,5222.0,5260.0,38156643770,6847895,551,5496.0,5279.0
1195,2024-05-01,5260.0,5477.0,5203.0,5383.0,15100510410,2650678,406,5260.0,5439.0
1196,2024-05-05,5326.0,5515.0,5298.0,5392.0,9846266550,1723089,218,5383.0,5364.0
1197,2024-05-06,5288.0,5430.0,5203.0,5279.0,10941524010,1970736,257,5392.0,5288.0
1198,2024-05-07,5241.0,5383.0,5109.0,5194.0,10092867620,1847798,262,5279.0,5203.0
1199,2024-05-08,5099.0,5260.0,5099.0,5166.0,7093052820,1302866,148,5194.0,5109.0
1200,2024-05-11,5099.0,5194.0,4911.0,5052.0,9725707480,1836638,272,5166.0,5071.0
1201,2024-05-12,5232.0,5232.0,4948.0,5071.0,14104354910,2623938,234,5052.0,5005.0
1202,2024-05-13,5043.0,5043.0,4826.0,4844.0,29578733080,5766307,414,5071.0,4854.0
1203,2024-05-14,4722.0,4958.0,4722.0,4778.0,10643515160,2109882,232,4844.0,4722.0
1204,2024-05-15,4722.0,4920.0,4599.0,4778.0,5444185570,1076110,202,4778.0,4863.0
1205,2024-05-18,4797.0,4958.0,4722.0,4778.0,7798130490,1538564,149,4778.0,4741.0
1206,2024-05-19,4854.0,4854.0,4542.0,4580.0,12079555860,2509163,247,4778.0,4542.0
1207,2024-05-21,4495.0,4618.0,4495.0,4505.0,28674179830,6013067,304,4580.0,4608.0
1208,2024-05-25,4594.0,4594.0,4415.0,4470.0,6147376722,1312948,148,4505.0,4415.0
1209,2024-05-26,4382.0,4410.0,4381.0,4434.0,5946265776,1281778,64,4470.0,4381.0
1210,2024-05-27,4346.0,4505.0,4346.0,4388.0,7521151303,1633843,109,4434.0,4370.0
1211,2024-05-28,4474.0,4475.0,4391.0,4409.0,5169141670,1097235,142,4388.0,4475.0
1212,2024-05-29,4334.0,4497.0,4334.0,4424.0,2874907036,604794,145,4409.0,4497.0
1213,2024-06-01,4458.0,4505.0,4336.0,4393.0,6043227413,1312130,184,4424.0,4336.0
1214,2024-06-02,4306.0,4406.0,4305.0,4363.0,5049480613,1107250,96,4393.0,4317.0
1215,2024-06-05,4286.0,4286.0,4276.0,4344.0,3232318960,713747,110,4363.0,4276.0
1216,2024-06-08,4257.0,4257.0,4257.0,4333.0,1972610640,437580,34,4344.0,4257.0
1217,2024-06-09,4247.0,4254.0,4247.0,4267.0,11084813916,2464803,162,4333.0,4247.0
1218,2024-06-10,4183.0,4352.0,4183.0,4297.0,6880656486,1499976,155,4267.0,4352.0
1219,2024-06-11,4250.0,4381.0,4211.0,4265.0,6321596566,1413688,170,4297.0,4273.0
1220,2024-06-12,4268.0,4268.0,4180.0,4235.0,4968280886,1122206,155,4265.0,4180.0
1221,2024-06-15,4151.0,4234.0,4151.0,4225.0,1764879800,401450,29,4235.0,4151.0
1222,2024-06-16,4141.0,4141.0,4141.0,4219.0,1028611375,234575,18,4225.0,4141.0
1223,2024-06-18,4136.0,4235.0,4135.0,4170.0,9806188658,2234042,469,4219.0,4215.0
1224,2024-06-19,4212.0,4253.0,4202.0,4211.0,8546899484,1902588,145,4170.0,4253.0
1225,2024-06-22,4293.0,4293.0,4141.0,4193.0,5387061167,1222259,189,4211.0,4145.0
1226,2024-06-23,4132.0,4250.0,4129.0,4186.0,2003063716,456299,73,4193.0,4142.0
1227,2024-06-24,4151.0,4250.0,4149.0,4183.0,8246202354,1862617,226,4186.0,4231.0
1228,2024-06-26,4248.0,4267.0,4155.0,4202.0,3680128793,815838,79,4183.0,4267.0
1229,2024-06-29,4454.0,4454.0,4182.0,4274.0,5411350941,1158122,134,4202.0,4344.0
1230,2024-06-30,4344.0,4344.0,4018.0,4204.0,4986142972,1156450,166,4274.0,4024.0
1231,2024-07-01,4024.0,4193.0,3952.0,4189.0,3520071959,802925,143,4204.0,4167.0
1232,2024-07-02,4296.0,4440.0,4129.0,4242.0,4673843546,1011304,142,4189.0,4408.0
1233,2024-07-07,4496.0,4496.0,4495.0,4426.0,11507518234,2559561,73,4242.0,4496.0
1234,2024-07-08,4665.0,4665.0,4508.0,4505.0,8222793679,1794649,208,4426.0,4620.0
1235,2024-07-09,4610.0,4620.0,4454.0,4511.0,2932061494,646132,84,4505.0,4555.0
1236,2024-07-10,4543.0,4674.0,4464.0,4509.0,2005410801,446370,129,4511.0,4559.0
1237,2024-07-13,4558.0,4558.0,4265.0,4480.0,3209617045,733587,103,4509.0,4424.0
1238,2024-07-14,4424.0,4681.0,4340.0,4470.0,1445654533,330193,84,4480.0,4376.0
1239,2024-07-17,4256.0,4530.0,4256.0,4455.0,7325196328,1649992,193,4470.0,4499.0
1240,2024-07-20,4500.0,4608.0,4400.0,4446.0,6997371223,1577161,103,4455.0,4444.0
1241,2024-07-21,4447.0,4447.0,4240.0,4357.0,8806234866,2047877,122,4446.0,4270.0
1242,2024-07-22,4220.0,4478.0,4220.0,4369.0,3996433078,908268,99,4357.0,4449.0
1243,2024-07-23,4454.0,4600.0,4417.0,4402.0,4266390480,951276,118,4369.0,4497.0
1244,2024-07-24,4500.0,4598.0,4393.0,4406.0,3003812316,679313,86,4402.0,4490.0
1245,2024-07-27,4670.0,4670.0,4531.0,4662.0,18157645490,3894439,216,4406.0,4670.0
1246,2024-07-29,4733.0,4941.0,4665.0,4894.0,73835677974,15088379,676,4662.0,4800.0
1247,2024-07-30,4841.0,4841.0,4601.0,4618.0,21101942369,4569957,346,4894.0,4601.0
1248,2024-07-31,4341.0,4341.0,4341.0,4462.0,8302223274,1912514,1019,4618.0,4341.0
1249,2024-08-03,4195.0,4680.0,4195.0,4211.0,13452124719,3203916,104,4462.0,4195.0
1250,2024-08-04,4169.0,4169.0,4169.0,4207.0,1452679712,348448,47,4211.0,4169.0
1251,2024-08-05,4165.0,4165.0,4165.0,4206.0,399631750,95950,8,4207.0,4165.0
1252,2024-08-06,4164.0,4164.0,4164.0,4206.0,129225576,31034,12,4206.0,4164.0
1253,2024-08-10,4164.0,4194.0,4164.0,4164.0,26017008020,6248047,184,4206.0,4188.0
1254,2024-08-11,4199.0,4199.0,4123.0,4150.0,5718694436,1385230,61,4164.0,4123.0
1255,2024-08-12,4109.0,4109.0,4109.0,4147.0,1103644528,268592,16,4150.0,4109.0
1256,2024-08-13,4106.0,4106.0,4106.0,4147.0,26832710,6535,4,4147.0,4106.0
1257,2024-08-14,4142.0,4188.0,4106.0,4135.0,8969939070,2173746,656,4147.0,4106.0
1258,2024-08-17,4106.0,4217.0,4106.0,4182.0,10156492708,2414990,127,4135.0,4217.0
1259,2024-08-18,4220.0,4265.0,4220.0,4198.0,3591037946,844515,92,4182.0,4250.0
1260,2024-08-19,4281.0,4281.0,4115.0,4184.0,7460315196,1789401,635,4198.0,4115.0
1261,2024-08-20,4213.0,4213.0,4101.0,4166.0,4381547300,1063050,549,4184.0,4101.0
1262,2024-08-21,4083.0,4230.0,4083.0,4141.0,6730374904,1637496,1003,4166.0,4100.0
1263,2024-08-24,4203.0,4203.0,4135.0,4147.0,8764086053,2110769,301,4141.0,4137.0
1264,2024-08-26,4209.0,4209.0,4065.0,4134.0,5634766601,1369939,672,4147.0,4065.0
1265,2024-08-27,4080.0,4210.0,4080.0,4142.0,5638918524,1357037,434,4134.0,4147.0
1266,2024-08-28,4210.0,4224.0,4196.0,4179.0,8937605160,2125540,181,4142.0,4224.0
1267,2024-08-31,4261.0,4262.0,4210.0,4191.0,2269453788,532524,55,4179.0,4262.0
1268,2024-09-01,4274.0,4274.0,4231.0,4210.0,4308027599,1011620,707,4191.0,4235.0
1269,2024-09-03,4266.0,4294.0,4241.0,4271.0,11536880514,2688342,297,4210.0,4294.0
1270,2024-09-07,4399.0,4399.0,4399.0,4369.0,11870543136,2698464,86,4271.0,4399.0
1271,2024-09-08,4489.0,4500.0,4420.0,4493.0,27524484850,6126461,325,4369.0,4490.0
1272,2024-09-09,4560.0,4627.0,4410.0,4582.0,15066408408,3283811,283,4493.0,4627.0
1273,2024-09-10,4700.0,4719.0,4660.0,4625.0,6100312032,1298630,143,4582.0,4700.0
1274,2024-09-11,4610.0,4749.0,4570.0,4655.0,11770932095,2522564,175,4625.0,4666.0
1275,2024-09-14,4760.0,4790.0,4541.0,4645.0,9565724720,2061866,255,4655.0,4656.0
1276,2024-09-15,4720.0,4720.0,4506.0,4570.0,8484022362,1878406,139,4645.0,4506.0
1277,2024-09-16,4461.0,4671.0,4461.0,4551.0,13932713108,3061916,223,4570.0,4590.0
1278,2024-09-17,4651.0,4687.0,4620.0,4618.0,8262305609,1768250,181,4551.0,4687.0
1279,2024-09-18,4620.0,4756.0,4586.0,4651.0,6827181241,1455114,92,4618.0,4700.0
1280,2024-09-22,4650.0,4741.0,4613.0,4652.0,5745938459,1234906,127,4651.0,4699.0
1281,2024-09-23,4631.0,4791.0,4631.0,4768.0,15653951187,3283395,282,4652.0,4791.0
1282,2024-09-24,4794.0,4910.0,4794.0,4810.0,10010090140,2071155,170,4768.0,4807.0
1283,2024-09-25,4860.0,4860.0,4666.0,4697.0,17608452217,3748527,264,4810.0,4678.0
1284,2024-09-28,4651.0,4651.0,4651.0,4685.0,4005497012,861212,25,4697.0,4651.0
1285,2024-09-29,4639.0,4639.0,4639.0,4682.0,935101786,201574,25,4685.0,4639.0
1286,2024-09-30,4636.0,4636.0,4636.0,4678.0,1194599844,257679,36,4682.0,4636.0
1287,2024-10-01,4632.0,4632.0,4632.0,4676.0,592432800,127900,7,4678.0,4632.0
1288,2024-10-02,4630.0,4630.0,4630.0,4671.0,1498568950,323665,507,4676.0,4630.0
1289,2024-10-05,4625.0,4625.0,4625.0,4668.0,1010252625,218433,7,4671.0,4625.0
1290,2024-10-06,4622.0,4622.0,4622.0,4668.0,9244000,2000,1,4668.0,4622.0
1291,2024-10-07,4622.0,4622.0,4622.0,4646.0,6948867326,1503433,1510,4668.0,4622.0
1292,2024-10-08,4600.0,4600.0,4600.0,4622.0,7648286600,1662671,2005,4646.0,4600.0
1293,2024-10-09,4576.0,4666.0,4576.0,4598.0,12892952991,2805941,1569,4622.0,4576.0
1294,2024-10-12,4467.0,4730.0,4461.0,4497.0,13594249089,3028270,188,4598.0,4546.0
1295,2024-10-13,4500.0,4630.0,4363.0,4393.0,20829915640,4742146,673,4497.0,4363.0
1296,2024-10-14,4262.0,4310.0,4262.0,4369.0,2771166561,648861,68,4393.0,4262.0
1297,2024-10-15,4238.0,4238.0,4238.0,4360.0,923222872,217844,17,4369.0,4238.0
1298,2024-10-16,4230.0,4360.0,4230.0,4234.0,25525566179,6028737,810,4360.0,4230.0
1299,2024-10-19,4111.0,4120.0,4107.0,4210.0,2826128346,687627,73,4234.0,4107.0
1300,2024-10-20,4084.0,4085.0,4084.0,4138.0,8317886082,2036696,71,4210.0,4084.0
1301,2024-10-21,4014.0,4084.0,4014.0,4075.0,7345490768,1829459,125,4138.0,4014.0
1302,2024-10-22,3953.0,4083.0,3953.0,4033.0,4879678870,1234134,89,4075.0,3953.0
1303,2024-10-23,3913.0,3913.0,3913.0,4028.0,582727873,148921,27,4033.0,3913.0
1304,2024-10-26,4010.0,4148.0,4010.0,4060.0,4671157614,1129854,105,4028.0,4148.0
1305,2024-10-27,4181.0,4181.0,4181.0,4148.0,11360625743,2717203,86,4060.0,4181.0
1306,2024-10-28,4272.0,4272.0,4088.0,4164.0,5610343614,1338046,259,4148.0,4230.0
1307,2024-10-29,4250.0,4250.0,4040.0,4113.0,7599642064,1870251,744,4164.0,4040.0
1308,2024-10-30,4105.0,4105.0,3990.0,4049.0,12132334827,3007311,980,4113.0,4057.0
1309,2024-11-02,4100.0,4150.0,3928.0,3947.0,16852639246,4269545,1215,4049.0,3928.0
1310,2024-11-03,3829.0,3829.0,3829.0,3934.0,1505390495,393155,23,3947.0,3829.0
1311,2024-11-04,3816.0,3934.0,3816.0,3863.0,9797370023,2557575,1553,3934.0,3824.0
1312,2024-11-05,3885.0,3885.0,3748.0,3819.0,6322285993,1678646,634,3863.0,3798.0
1313,2024-11-06,3705.0,3884.0,3705.0,3788.0,5512457577,1473672,108,3819.0,3751.0
1314,2024-11-09,3760.0,3901.0,3760.0,3857.0,10502643610,2700180,151,3788.0,3901.0
1315,2024-11-10,3972.0,3972.0,3972.0,3879.0,3041701992,765786,59,3857.0,3972.0
1316,2024-11-11,3995.0,3995.0,3918.0,3987.0,18803038687,4715699,166,3879.0,3970.0
1317,2024-11-12,3976.0,4106.0,3873.0,4055.0,24036557507,5927704,317,3987.0,4106.0
1318,2024-11-13,4155.0,4176.0,4003.0,4087.0,5818545476,1403276,104,4055.0,4176.0
1319,2024-11-16,4209.0,4209.0,4209.0,4089.0,284204307,67523,19,4087.0,4209.0
1320,2024-11-17,4211.0,4211.0,4211.0,4106.0,2135339146,507086,46,4089.0,4211.0
1321,2024-11-18,4229.0,4229.0,4229.0,4109.0,383942452,90788,22,4106.0,4229.0
1322,2024-11-19,4232.0,4232.0,4232.0,4142.0,4106237656,970283,48,4109.0,4232.0
1323,2024-11-20,4266.0,4266.0,4266.0,4183.0,5227833690,1225465,58,4142.0,4266.0
1324,2024-11-23,4308.0,4308.0,4308.0,4205.0,2737087800,635350,39,4183.0,4308.0
1325,2024-11-24,4331.0,4331.0,4331.0,4215.0,1253794183,289493,33,4205.0,4331.0
1326,2024-11-25,4341.0,4341.0,4341.0,4226.0,1365452868,314548,31,4215.0,4341.0
1327,2024-11-26,4352.0,4352.0,4352.0,4352.0,20884212224,4798762,91,4226.0,4352.0
1328,2024-11-27,4482.0,4482.0,4482.0,4473.0,14911246476,3326918,74,4352.0,4482.0
1329,2024-11-30,4607.0,4607.0,4607.0,4545.0,8256015813,1792059,70,4473.0,4607.0
1330,2024-12-01,4681.0,4681.0,4681.0,4681.0,20038818004,4280884,80,4545.0,4681.0
1331,2024-12-02,4821.0,4821.0,4821.0,4821.0,16870607400,3499400,63,4681.0,4821.0
1332,2024-12-03,4965.0,4965.0,4965.0,4885.0,7405242885,1491489,70,4821.0,4965.0
1333,2024-12-04,5031.0,5031.0,5031.0,4924.0,4529791656,900376,77,4885.0,5031.0
1334,2024-12-07,5071.0,5071.0,4960.0,5071.0,139506306428,27513120,643,4924.0,5071.0
1335,2024-12-08,5130.0,5147.0,4919.0,5055.0,106183658141,21006571,1041,5071.0,5139.0
1336,2024-12-09,5140.0,5206.0,5140.0,5201.0,30561149783,5875844,152,5055.0,5206.0
1337,2024-12-10,5355.0,5357.0,5228.0,5334.0,81004872605,15186838,718,5201.0,5357.0
1338,2024-12-11,5460.0,5494.0,5370.0,5458.0,37248831920,6825039,537,5334.0,5494.0
1339,2024-12-14,5410.0,5620.0,5410.0,5580.0,13078184120,2334990,158,5458.0,5620.0
1340,2024-12-15,5740.0,5740.0,5550.0,5660.0,76170155800,13451341,884,5580.0,5610.0
1341,2024-12-16,5600.0,5680.0,5500.0,5510.0,59919849630,10872748,606,5660.0,5500.0
1342,2024-12-17,5350.0,5450.0,5350.0,5350.0,28032504410,5236633,304,5510.0,5350.0
1343,2024-12-18,5190.0,5290.0,5190.0,5200.0,64159774430,12336742,470,5350.0,5230.0
1344,2024-12-21,5340.0,5350.0,5300.0,5310.0,12224041800,2287148,121,5200.0,5350.0
1345,2024-12-22,5460.0,5460.0,5250.0,5440.0,53824821980,9900158,543,5310.0,5430.0
1346,2024-12-23,5360.0,5600.0,5300.0,5560.0,21465173400,3862231,260,5440.0,5600.0
1347,2024-12-24,5720.0,5720.0,5590.0,5690.0,60446998500,10628652,528,5560.0,5640.0
1348,2024-12-25,5760.0,5760.0,5520.0,5530.0,47956914880,8666191,578,5690.0,5520.0
1349,2024-12-28,5680.0,5680.0,5370.0,5420.0,44291597450,8171865,547,5530.0,5380.0
1350,2024-12-29,5340.0,5580.0,5260.0,5340.0,37045196560,6937891,487,5420.0,5260.0
1351,2024-12-30,5230.0,5500.0,5220.0,5470.0,48306391790,8834954,615,5340.0,5500.0
1352,2024-12-31,5500.0,5630.0,5500.0,5600.0,31748281490,5668604,450,5470.0,5610.0
1353,2025-01-01,5500.0,5680.0,5470.0,5570.0,18731826040,3362862,557,5600.0,5630.0
1354,2025-01-04,5690.0,5730.0,5690.0,5730.0,23075574840,4029344,295,5570.0,5730.0
1355,2025-01-05,5870.0,5900.0,5750.0,5880.0,35991205670,6121987,530,5730.0,5900.0
1356,2025-01-06,5980.0,6050.0,5730.0,6020.0,25047805750,4162698,329,5880.0,6050.0
1357,2025-01-07,6200.0,6200.0,6200.0,6190.0,15673786000,2528030,179,6020.0,6200.0
1358,2025-01-08,6370.0,6370.0,6370.0,6370.0,23620947350,3708155,152,6190.0,6370.0
1359,2025-01-11,6560.0,6560.0,6180.0,6340.0,97328094630,15341874,831,6370.0,6180.0
1360,2025-01-12,6150.0,6150.0,6150.0,6290.0,3968459700,645278,106,6340.0,6150.0
1361,2025-01-13,6110.0,6290.0,6110.0,6150.0,53645387640,8723676,614,6290.0,6110.0
1362,2025-01-15,6100.0,6330.0,6000.0,6230.0,39613563440,6362326,497,6150.0,6180.0
1363,2025-01-18,6100.0,6340.0,6050.0,6110.0,23596617460,3859420,247,6230.0,6050.0
1364,2025-01-19,5940.0,6050.0,5930.0,5940.0,39950175500,6728981,457,6110.0,5940.0
1365,2025-01-20,6080.0,6080.0,5770.0,5900.0,6606456880,1130234,168,5940.0,5770.0
1366,2025-01-21,5770.0,6060.0,5730.0,5800.0,29032701940,5004989,381,5900.0,5890.0
1367,2025-01-22,5960.0,5960.0,5630.0,5700.0,36175042260,6347126,573,5800.0,5650.0
1368,2025-01-25,5630.0,5780.0,5530.0,5540.0,22114233940,3991362,193,5700.0,5530.0
1369,2025-01-26,5380.0,5630.0,5380.0,5400.0,33904748920,6275933,427,5540.0,5380.0
1370,2025-01-27,5280.0,5510.0,5240.0,5250.0,19546159300,3724475,289,5400.0,5240.0
1371,2025-01-29,5190.0,5240.0,5100.0,5100.0,27569526080,5402561,317,5250.0,5100.0
1372,2025-02-01,5170.0,5170.0,4950.0,4960.0,14341847140,2895480,222,5100.0,4950.0
1373,2025-02-02,4860.0,5080.0,4860.0,4980.0,10842570050,2172477,264,4960.0,5060.0
1374,2025-02-03,5120.0,5120.0,4850.0,4960.0,9125373390,1842598,234,4980.0,4900.0
1375,2025-02-04,5020.0,5100.0,4950.0,5060.0,11208138200,2201189,133,4960.0,5100.0
1376,2025-02-05,5190.0,5210.0,4980.0,5130.0,16729026070,3261573,258,5060.0,5140.0
1377,2025-02-09,5000.0,5180.0,4980.0,5020.0,22649470710,4514854,352,5130.0,4980.0
1378,2025-02-11,4870.0,4900.0,4870.0,4960.0,5405762810,1109618,83,5020.0,4870.0
1379,2025-02-15,4820.0,4820.0,4820.0,4950.0,641898680,133174,23,4960.0,4820.0
1380,2025-02-16,4802.0,4802.0,4802.0,4920.0,2919755258,608029,530,4950.0,4802.0
1381,2025-02-17,4773.0,4785.0,4773.0,4773.0,22701752744,4756032,735,4920.0,4773.0
1382,2025-02-18,4640.0,4850.0,4630.0,4631.0,27304890757,5896092,279,4773.0,4630.0
1383,2025-02-19,4560.0,4700.0,4493.0,4518.0,27271609226,6036154,326,4631.0,4493.0
1384,2025-02-22,4640.0,4640.0,4388.0,4454.0,11625088286,2620316,237,4518.0,4429.0
1385,2025-02-23,4580.0,4580.0,4434.0,4475.0,5836794670,1294477,198,4454.0,4502.0
1386,2025-02-24,4605.0,4609.0,4512.0,4576.0,11968104016,2599724,157,4475.0,4609.0
1387,2025-02-25,4675.0,4713.0,4610.0,4685.0,20490224561,4373837,267,4576.0,4618.0
1388,2025-02-26,4710.0,4710.0,4545.0,4546.0,16096809847,3541207,291,4685.0,4545.0
1389,2025-03-01,4411.0,4581.0,4410.0,4431.0,17743273965,4004183,260,4546.0,4410.0
1390,2025-03-02,4410.0,4411.0,4299.0,4309.0,42824546006,9938573,370,4431.0,4341.0
1391,2025-03-03,4180.0,4260.0,4180.0,4186.0,22117150912,5283007,230,4309.0,4225.0
1392,2025-03-04,4065.0,4311.0,4065.0,4230.0,9129956686,2146619,205,4186.0,4225.0
1393,2025-03-05,4300.0,4356.0,4297.0,4329.0,11587101489,2661882,180,4230.0,4356.0
1394,2025-03-08,4458.0,4458.0,4212.0,4317.0,25352448709,5873087,334,4329.0,4350.0
1395,2025-03-09,4204.0,4296.0,4188.0,4241.0,13809658870,3259767,233,4317.0,4250.0
1396,2025-03-10,4117.0,4330.0,4117.0,4204.0,9701285696,2317508,196,4241.0,4227.0
1397,2025-03-11,4104.0,4244.0,4104.0,4175.0,5351396872,1297019,113,4204.0,4110.0
1398,2025-03-12,4107.0,4298.0,4070.0,4196.0,6684069052,1583237,131,4175.0,4203.0
1399,2025-03-15,4310.0,4321.0,4233.0,4262.0,8956434517,2078503,159,4196.0,4321.0
1400,2025-03-16,4350.0,4389.0,4200.0,4380.0,15996378581,3651819,161,4262.0,4389.0
1401,2025-03-17,4511.0,4511.0,4412.0,4449.0,13226351743,2963738,160,4380.0,4511.0
1402,2025-03-18,4316.0,4582.0,4316.0,4524.0,19559529151,4323816,216,4449.0,4582.0
1403,2025-03-25,4650.0,4659.0,4621.0,4611.0,9998441842,2146171,103,4524.0,4659.0
1404,2025-03-26,4749.0,4749.0,4533.0,4627.0,8281664190,1784233,150,4611.0,4600.0
1405,2025-03-29,4687.0,4687.0,4510.0,4614.0,5576126525,1214302,124,4627.0,4674.0
1406,2025-03-30,4750.0,4752.0,4680.0,4720.0,12336851746,2599559,244,4614.0,4752.0
1407,2025-04-05,4700.0,4861.0,4610.0,4779.0,8025583451,1660839,137,4720.0,4860.0
1408,2025-04-06,4922.0,4922.0,4714.0,4807.0,8561752399,1773154,130,4779.0,4819.0
1409,2025-04-07,4664.0,4910.0,4663.0,4676.0,21334272463,4562030,196,4807.0,4880.0
1410,2025-04-08,4812.0,4816.0,4812.0,4791.0,12683040302,2634237,92,4676.0,4816.0
1411,2025-04-09,4933.0,4933.0,4669.0,4763.0,6705906230,1418124,126,4791.0,4800.0
1412,2025-04-12,4790.0,4800.0,4681.0,4738.0,9239690093,1956191,138,4763.0,4711.0
1413,2025-04-13,4880.0,4880.0,4880.0,4880.0,15602243280,3197181,110,4738.0,4880.0
1414,2025-04-14,5026.0,5026.0,4952.0,5017.0,23218257297,4628281,220,4880.0,5014.0
1415,2025-04-15,4952.0,4970.0,4867.0,4881.0,17255953360,3534980,224,5017.0,4867.0
1416,2025-04-16,4773.0,5027.0,4773.0,4970.0,17546113270,3530326,203,4881.0,5020.0
1417,2025-04-19,5027.0,5090.0,4841.0,4993.0,7529948838,1501076,178,4970.0,4983.0
1418,2025-04-20,5142.0,5142.0,5075.0,5122.0,13396457675,2605301,90,4993.0,5142.0
1419,2025-04-21,5275.0,5275.0,5000.0,5171.0,39675509239,7672330,500,5122.0,5020.0
1420,2025-04-22,5260.0,5260.0,5016.0,5022.0,36194514136,7207441,338,5171.0,5016.0
1421,2025-04-23,4876.0,5022.0,4872.0,4896.0,34637287798,7074954,383,5022.0,5000.0
1422,2025-04-26,5040.0,5040.0,4844.0,4907.0,14088803929,2870879,275,4896.0,4895.0
1423,2025-04-27,4762.0,4905.0,4760.0,4794.0,39947140617,8332762,314,4907.0,4760.0
1424,2025-04-28,4702.0,4937.0,4702.0,4872.0,21268589906,4365600,269,4794.0,4870.0
1425,2025-04-29,4858.0,5018.0,4793.0,4977.0,19231535411,3863746,231,4872.0,5018.0
1426,2025-04-30,5125.0,5126.0,5121.0,5125.0,23205998924,4527826,126,4977.0,5126.0
1427,2025-05-03,4980.0,5090.0,4980.0,4990.0,30735940560,6163131,304,5125.0,5070.0
1428,2025-05-04,4910.0,5130.0,4900.0,5070.0,31092779830,6138168,256,4990.0,5130.0
1429,2025-05-05,5140.0,5220.0,5040.0,5200.0,28030437200,5390951,324,5070.0,5200.0
1430,2025-05-06,5330.0,5350.0,5220.0,5330.0,46186779990,8668973,390,5200.0,5350.0
1431,2025-05-07,5480.0,5480.0,5370.0,5460.0,42472484330,7780960,335,5330.0,5370.0
1432,2025-05-10,5300.0,5300.0,5300.0,5380.0,7480812200,1411474,102,5460.0,5300.0
1433,2025-05-11,5220.0,5230.0,5220.0,5220.0,25399367670,4865761,175,5380.0,5220.0
1434,2025-05-12,5360.0,5370.0,5320.0,5370.0,20454262060,3809628,160,5220.0,5370.0
1435,2025-05-13,5520.0,5520.0,5270.0,5390.0,9801980010,1814112,206,5370.0,5420.0
1436,2025-05-14,5290.0,5430.0,5230.0,5340.0,37849440160,7083616,294,5390.0,5380.0
1437,2025-05-17,5420.0,5500.0,5340.0,5490.0,44938135570,8179181,397,5340.0,5500.0
1438,2025-05-18,5650.0,5650.0,5650.0,5630.0,13841669450,2449853,128,5490.0,5650.0
1439,2025-05-19,5790.0,5790.0,5580.0,5750.0,73911412750,12859660,617,5630.0,5700.0
1440,2025-05-20,5630.0,5700.0,5580.0,5590.0,48786503880,8729694,262,5750.0,5580.0
1441,2025-05-21,5430.0,5570.0,5430.0,5430.0,29455173180,5424100,221,5590.0,5440.0
1442,2025-05-24,5570.0,5580.0,5270.0,5300.0,15745101680,2968209,210,5430.0,5300.0
1443,2025-05-25,5180.0,5310.0,5150.0,5190.0,17599952540,3390991,222,5300.0,5150.0
1444,2025-05-26,5340.0,5340.0,5160.0,5330.0,23513367720,4407489,119,5190.0,5340.0
1445,2025-05-27,5480.0,5480.0,5480.0,5390.0,5599584560,1021822,71,5330.0,5480.0
1446,2025-05-28,5550.0,5550.0,5550.0,5520.0,12233298900,2204198,101,5390.0,5550.0
1447,2025-05-31,5680.0,5680.0,5600.0,5680.0,53129469790,9354319,379,5520.0,5680.0
1448,2025-06-01,5780.0,5850.0,5510.0,5720.0,37610168890,6569983,551,5680.0,5830.0
1449,2025-06-02,5800.0,5850.0,5550.0,5570.0,37533797710,6741769,431,5720.0,5550.0
1450,2025-06-03,5510.0,5610.0,5410.0,5500.0,21696325430,3943416,291,5570.0,5460.0
1451,2025-06-07,5340.0,5340.0,5340.0,5440.0,5249524380,983057,43,5500.0,5340.0
1452,2025-06-08,5280.0,5520.0,5280.0,5300.0,15382521940,2903604,201,5440.0,5280.0
1453,2025-06-09,5170.0,5270.0,5150.0,5150.0,31055513480,6028749,204,5300.0,5150.0
1454,2025-06-10,5050.0,5240.0,5000.0,5070.0,9085780690,1805669,178,5150.0,5100.0
1455,2025-06-11,5100.0,5120.0,4920.0,5020.0,7119308210,1431902,124,5070.0,4930.0
1456,2025-06-28,4870.0,4870.0,4870.0,4950.0,6835278760,1403548,19,5020.0,4870.0
1457,2025-06-29,4810.0,4810.0,4810.0,4850.0,10338431220,2149362,30,4950.0,4810.0
1458,2025-06-30,4710.0,4710.0,4710.0,4710.0,81274054980,17255638,284,4850.0,4710.0
1459,2025-07-01,4570.0,4570.0,4570.0,4700.0,589415750,128975,15,4710.0,4570.0
1460,2025-07-02,4560.0,4800.0,4560.0,4580.0,58776163510,12826787,1118,4700.0,4660.0
1461,2025-07-07,4601.0,4717.0,4515.0,4606.0,12996277850,2819228,484,4580.0,4522.0
1462,2025-07-08,4473.0,4473.0,4468.0,4593.0,1426235906,319198,35,4606.0,4468.0
1463,2025-07-09,4456.0,4456.0,4456.0,4580.0,1390900296,312141,33,4593.0,4456.0
1464,2025-07-12,4591.0,4715.0,4527.0,4571.0,18661881891,4082472,1420,4580.0,4611.0
