,date,open,high,low,adjClose,value,volume,count,yesterday,close
0,2014-02-26,332.0,332.0,332.0,332.0,403794690000,36377900,29993,30.0,332.0
1,2014-03-01,348.0,348.0,348.0,348.0,23675757210,2031382,366,332.0,348.0
2,2014-03-02,366.0,366.0,366.0,366.0,37220230518,3041614,719,348.0,366.0
3,2014-03-03,384.0,384.0,384.0,384.0,65999752016,5136967,1310,366.0,384.0
4,2014-03-04,403.0,403.0,402.0,403.0,494770867661,36676908,14450,384.0,403.0
5,2014-03-05,412.0,423.0,409.0,419.0,119014420682,8490208,8390,403.0,423.0
6,2014-03-08,440.0,440.0,430.0,440.0,280195687249,19044446,12009,419.0,440.0
7,2014-03-09,442.0,460.0,428.0,444.0,227836835933,15351740,15778,440.0,444.0
8,2014-03-10,451.0,455.0,421.0,435.0,130486589319,8970766,8727,444.0,421.0
9,2014-03-11,421.0,429.0,413.0,415.0,114723330749,8264722,6200,435.0,413.0
10,2014-03-12,411.0,427.0,398.0,414.0,86930584412,6272654,7129,415.0,419.0
11,2014-03-15,420.0,423.0,402.0,410.0,93376264031,6804024,6751,414.0,405.0
12,2014-03-16,409.0,415.0,399.0,408.0,61480475524,4504955,4141,410.0,409.0
13,2014-03-17,412.0,428.0,411.0,424.0,93202060595,6567365,4884,408.0,428.0
14,2014-03-18,445.0,445.0,437.0,445.0,151111715149,10144520,4705,424.0,445.0
15,2014-03-19,453.0,458.0,428.0,446.0,101386910076,6790851,6698,445.0,447.0
16,2014-03-25,457.0,463.0,445.0,452.0,41303202602,2731815,2436,446.0,449.0
17,2014-03-26,444.0,448.0,430.0,435.0,31670037758,2174478,2004,452.0,430.0
18,2014-03-29,427.0,427.0,414.0,416.0,29178379042,2095059,2088,435.0,415.0
19,2014-03-30,416.0,437.0,416.0,432.0,23669803880,1637497,1630,416.0,437.0
20,2014-03-31,445.0,454.0,441.0,452.0,92150510151,6098569,4485,432.0,454.0
21,2014-04-05,467.0,467.0,441.0,453.0,57381541351,3787722,3114,452.0,448.0
22,2014-04-06,445.0,447.0,432.0,436.0,44332877185,3037558,2518,453.0,433.0
23,2014-04-07,436.0,448.0,426.0,438.0,56118132651,3824985,3473,436.0,441.0
24,2014-04-08,447.0,459.0,434.0,448.0,65980085273,4398497,3117,438.0,436.0
25,2014-04-09,435.0,441.0,428.0,431.0,31747411519,2200658,1848,448.0,428.0
26,2014-04-12,432.0,433.0,410.0,417.0,64687311180,4637968,3339,431.0,410.0
27,2014-04-13,405.0,409.0,396.0,398.0,19905736180,1494091,1032,417.0,396.0
28,2014-04-14,386.0,396.0,378.0,381.0,69895370622,5480633,3440,398.0,383.0
29,2014-04-15,392.0,400.0,383.0,396.0,48913895310,3695442,2680,381.0,399.0
30,2014-04-16,409.0,415.0,397.0,406.0,31999374654,2356612,2017,396.0,400.0
31,2014-04-19,398.0,398.0,386.0,387.0,17202259959,1329323,790,406.0,386.0
32,2014-04-20,400.0,406.0,396.0,405.0,46860071595,3457373,1992,387.0,406.0
33,2014-04-21,414.0,424.0,409.0,417.0,36910466347,2642965,2149,405.0,424.0
34,2014-04-22,423.0,425.0,397.0,407.0,46130114860,3386250,2532,417.0,403.0
35,2014-04-23,399.0,423.0,399.0,416.0,48203572129,3465864,2281,407.0,416.0
36,2014-04-26,426.0,436.0,420.0,434.0,55789630941,3842135,2344,416.0,436.0
37,2014-04-27,445.0,446.0,416.0,429.0,64388091466,4486391,3274,434.0,419.0
38,2014-04-28,417.0,432.0,415.0,426.0,44541278746,3127618,1750,429.0,430.0
39,2014-04-29,432.0,442.0,423.0,433.0,45722902865,3151892,2085,426.0,425.0
40,2014-04-30,430.0,440.0,420.0,432.0,22607374779,1563016,1608,433.0,428.0
41,2014-05-03,433.0,433.0,415.0,422.0,27553545509,1951037,1290,432.0,416.0
42,2014-05-04,412.0,415.0,402.0,408.0,33350882681,2440740,1628,422.0,406.0
43,2014-05-05,409.0,412.0,397.0,404.0,40000515298,2961039,1959,408.0,404.0
44,2014-05-06,409.0,409.0,393.0,397.0,27927163366,2104199,1684,404.0,394.0
45,2014-05-07,396.0,402.0,391.0,398.0,14939138860,1122786,1039,397.0,397.0
46,2014-05-10,397.0,402.0,388.0,393.0,16633321749,1263427,1137,398.0,391.0
47,2014-05-11,391.0,406.0,390.0,398.0,28848161763,2165541,1367,393.0,405.0
48,2014-05-12,403.0,406.0,396.0,400.0,11078374487,827073,784,398.0,398.0
49,2014-05-14,398.0,399.0,393.0,395.0,14765645217,1118291,952,400.0,394.0
50,2014-05-17,387.0,387.0,377.0,381.0,20622014620,1615551,1355,395.0,382.0
51,2014-05-18,385.0,391.0,383.0,386.0,16511128719,1277590,1018,381.0,386.0
52,2014-05-19,388.0,388.0,377.0,380.0,20250519841,1593401,1423,386.0,378.0
53,2014-05-20,383.0,391.0,377.0,385.0,15177744057,1176886,1057,380.0,381.0
54,2014-05-21,388.0,391.0,382.0,385.0,11459611077,888995,796,385.0,384.0
55,2014-05-24,388.0,388.0,381.0,384.0,9912040145,771899,706,385.0,382.0
56,2014-05-25,382.0,382.0,374.0,376.0,13010887156,1032819,1137,384.0,376.0
57,2014-05-26,377.0,384.0,375.0,377.0,15215773085,1204742,1596,376.0,377.0
58,2014-05-28,378.0,380.0,374.0,377.0,17455353293,1384642,1246,377.0,378.0
59,2014-05-31,377.0,388.0,377.0,384.0,16029516695,1248814,1074,377.0,384.0
60,2014-06-01,388.0,388.0,369.0,375.0,17124538775,1366282,1116,384.0,373.0
61,2014-06-02,380.0,392.0,370.0,384.0,24363821510,1894652,1639,375.0,388.0
62,2014-06-03,390.0,394.0,386.0,390.0,16076074115,1231142,861,384.0,390.0
63,2014-06-07,394.0,394.0,377.0,383.0,10157492013,792480,682,390.0,378.0
64,2014-06-08,378.0,379.0,375.0,377.0,7846837086,622378,500,383.0,376.0
65,2014-06-09,376.0,380.0,373.0,374.0,8132647496,649286,559,377.0,373.0
66,2014-06-10,374.0,384.0,374.0,376.0,8618657013,685219,571,374.0,377.0
67,2014-06-11,374.0,375.0,372.0,373.0,8116337946,649741,494,376.0,372.0
68,2014-06-14,374.0,374.0,355.0,357.0,18660521657,1563871,1101,373.0,356.0
69,2014-06-15,356.0,362.0,339.0,348.0,19483953044,1675314,1028,357.0,358.0
70,2014-06-16,358.0,364.0,353.0,358.0,6833084536,569783,483,348.0,364.0
71,2014-06-17,363.0,363.0,349.0,352.0,5496589840,466131,400,358.0,352.0
72,2014-06-18,350.0,362.0,350.0,357.0,9532106246,797810,475,352.0,362.0
73,2014-06-21,360.0,363.0,354.0,358.0,5697542600,476109,359,357.0,359.0
74,2014-06-22,359.0,359.0,350.0,354.0,6315730925,533273,269,358.0,354.0
75,2014-06-23,350.0,351.0,345.0,348.0,6984745402,600468,315,354.0,347.0
76,2014-06-24,344.0,347.0,340.0,344.0,4960140399,431409,341,348.0,344.0
77,2014-06-25,342.0,349.0,342.0,345.0,5709060532,494390,328,344.0,345.0
78,2014-06-28,345.0,345.0,335.0,337.0,7759122620,688181,399,345.0,335.0
79,2014-06-29,333.0,333.0,320.0,324.0,15023504118,1384000,563,337.0,320.0
80,2014-06-30,313.0,329.0,312.0,322.0,16869523089,1563351,670,324.0,329.0
81,2014-07-01,329.0,339.0,328.0,338.0,17885845921,1583258,906,322.0,339.0
82,2014-07-07,353.0,366.0,350.0,356.0,10390545830,953871,599,338.0,360.0
83,2014-07-08,360.0,374.0,360.0,373.0,10556601516,924884,232,356.0,374.0
84,2014-07-09,381.0,381.0,362.0,371.0,10459805177,921173,542,373.0,370.0
85,2014-07-12,360.0,374.0,357.0,365.0,6177400628,553109,335,371.0,360.0
86,2014-07-13,360.0,360.0,354.0,355.0,4952196062,456060,291,365.0,354.0
87,2014-07-14,357.0,362.0,354.0,358.0,4213004375,384710,470,355.0,358.0
88,2014-07-15,355.0,362.0,347.0,354.0,8562464599,790136,405,358.0,360.0
89,2014-07-16,360.0,372.0,360.0,371.0,15447760201,1362087,736,354.0,372.0
90,2014-07-20,360.0,366.0,355.0,361.0,7758705697,703440,357,371.0,359.0
91,2014-07-21,360.0,369.0,357.0,365.0,4493021871,402995,290,361.0,365.0
92,2014-07-22,366.0,383.0,366.0,379.0,17758779960,1532910,708,365.0,383.0
93,2014-07-23,383.0,396.0,379.0,386.0,11484920794,973289,629,379.0,379.0
94,2014-07-26,374.0,384.0,370.0,376.0,5664587926,492370,328,386.0,381.0
95,2014-07-27,383.0,393.0,374.0,389.0,14069454179,1182087,642,376.0,391.0
96,2014-07-28,393.0,402.0,386.0,394.0,12533163600,1040746,639,389.0,388.0
97,2014-08-02,404.0,404.0,389.0,397.0,12393354124,1021190,501,394.0,389.0
98,2014-08-03,393.0,398.0,380.0,390.0,8125181076,682203,297,397.0,384.0
99,2014-08-04,392.0,396.0,385.0,391.0,6795222357,568284,292,390.0,387.0
100,2014-08-05,391.0,391.0,379.0,383.0,4484769346,383420,319,391.0,379.0
101,2014-08-06,384.0,395.0,380.0,388.0,12230957077,1032127,552,383.0,389.0
102,2014-08-09,396.0,407.0,396.0,405.0,29135273190,2354771,1054,388.0,399.0
103,2014-08-10,399.0,405.0,396.0,401.0,10812007223,881706,411,405.0,399.0
104,2014-08-11,402.0,405.0,398.0,400.0,13714764854,1121103,345,401.0,398.0
105,2014-08-12,398.0,402.0,393.0,396.0,4604211713,380633,236,400.0,394.0
106,2014-08-13,395.0,400.0,394.0,396.0,4385667056,361807,229,396.0,396.0
107,2014-08-16,394.0,398.0,392.0,396.0,8668232105,716670,315,396.0,396.0
108,2014-08-17,392.0,399.0,391.0,396.0,5169967182,427113,212,396.0,395.0
109,2014-08-18,397.0,400.0,389.0,394.0,5221823839,433788,316,396.0,393.0
110,2014-08-19,392.0,394.0,388.0,391.0,2846587338,238259,169,394.0,389.0
111,2014-08-20,393.0,400.0,393.0,397.0,4700766886,387754,287,391.0,394.0
112,2014-08-23,399.0,400.0,393.0,397.0,7131268748,586999,251,397.0,397.0
113,2014-08-24,399.0,405.0,396.0,399.0,10747881335,880036,421,397.0,398.0
114,2014-08-25,399.0,404.0,397.0,400.0,6918712833,565299,343,399.0,402.0
115,2014-08-26,405.0,406.0,399.0,402.0,7272282943,591058,344,400.0,404.0
116,2014-08-27,402.0,409.0,399.0,404.0,8011029804,648855,324,402.0,399.0
117,2014-08-30,399.0,400.0,396.0,397.0,7597467801,625768,283,404.0,396.0
118,2014-08-31,397.0,399.0,393.0,394.0,4622906536,383952,274,397.0,396.0
119,2014-09-01,395.0,396.0,393.0,394.0,3008805230,250040,339,394.0,393.0
120,2014-09-02,393.0,396.0,386.0,390.0,3467032097,290574,314,394.0,387.0
121,2014-09-03,392.0,402.0,392.0,397.0,9015504360,742477,315,390.0,397.0
122,2014-09-06,396.0,399.0,389.0,396.0,6645166486,548522,174,397.0,389.0
123,2014-09-07,389.0,393.0,384.0,390.0,8521584409,713987,247,396.0,391.0
124,2014-09-08,389.0,397.0,388.0,390.0,3551302903,297634,190,390.0,389.0
125,2014-09-09,388.0,392.0,388.0,389.0,2934694201,246955,158,390.0,388.0
126,2014-09-10,388.0,389.0,382.0,384.0,3428965909,292205,199,389.0,382.0
127,2014-09-13,381.0,389.0,367.0,372.0,8506697578,747173,353,384.0,368.0
128,2014-09-14,368.0,375.0,366.0,369.0,4657708500,412650,224,372.0,367.0
129,2014-09-15,372.0,376.0,371.0,373.0,3136535712,275256,131,369.0,371.0
130,2014-09-16,372.0,372.0,370.0,370.0,3523448831,311496,185,373.0,371.0
131,2014-09-17,370.0,376.0,370.0,372.0,6557745923,576713,169,370.0,374.0
132,2014-09-20,376.0,379.0,372.0,375.0,1271288401,110888,108,372.0,378.0
133,2014-09-21,379.0,383.0,377.0,380.0,2927712517,252239,139,375.0,381.0
134,2014-09-22,384.0,390.0,379.0,385.0,3196364556,271827,193,380.0,383.0
135,2014-09-23,390.0,390.0,384.0,385.0,2572243648,218457,89,385.0,386.0
136,2014-09-24,389.0,389.0,380.0,384.0,5464625448,465245,168,385.0,386.0
137,2014-09-27,383.0,383.0,376.0,378.0,1596838149,138115,156,384.0,377.0
138,2014-09-28,375.0,382.0,375.0,379.0,1258722253,108546,117,378.0,377.0
139,2014-09-29,374.0,382.0,373.0,375.0,2941907000,256801,143,379.0,373.0
140,2014-09-30,379.0,379.0,373.0,374.0,1988131909,173900,128,375.0,373.0
141,2014-10-01,378.0,378.0,373.0,374.0,3959454485,346686,125,374.0,374.0
142,2014-10-04,374.0,377.0,373.0,375.0,3978832093,347279,196,374.0,373.0
143,2014-10-06,374.0,376.0,371.0,373.0,3274209899,287383,169,375.0,371.0
144,2014-10-07,373.0,376.0,369.0,371.0,3292362219,290079,202,373.0,369.0
145,2014-10-08,370.0,373.0,367.0,370.0,8840165099,782168,313,371.0,371.0
146,2014-10-11,370.0,379.0,370.0,374.0,4657273861,407771,202,370.0,371.0
147,2014-10-12,370.0,387.0,370.0,377.0,5874526161,510303,335,374.0,376.0
148,2014-10-14,373.0,379.0,373.0,376.0,5280190321,459878,183,377.0,373.0
149,2014-10-15,376.0,378.0,370.0,372.0,3739821842,328382,201,376.0,371.0
150,2014-10-18,376.0,386.0,370.0,380.0,11727329776,1010338,482,372.0,382.0
151,2014-10-19,384.0,391.0,376.0,384.0,14425195344,1228083,469,380.0,389.0
152,2014-10-20,390.0,403.0,390.0,403.0,30105782270,2445996,656,384.0,403.0
153,2014-10-21,403.0,422.0,393.0,411.0,23504402761,1868351,800,403.0,406.0
154,2014-10-22,397.0,409.0,396.0,403.0,24028661258,1952423,639,411.0,405.0
155,2014-10-25,414.0,423.0,409.0,421.0,33074099385,2567743,650,403.0,423.0
156,2014-10-26,429.0,441.0,429.0,437.0,78218233321,5856058,1695,421.0,429.0
157,2014-10-27,432.0,441.0,428.0,435.0,29817827350,2240392,752,437.0,435.0
158,2014-10-28,437.0,437.0,419.0,427.0,13676743396,1047881,556,435.0,422.0
159,2014-10-29,424.0,438.0,422.0,431.0,14557122550,1103997,470,427.0,428.0
160,2014-11-01,435.0,448.0,432.0,440.0,16034592824,1191562,473,431.0,437.0
161,2014-11-02,442.0,444.0,429.0,434.0,15844028904,1193122,517,440.0,431.0
162,2014-11-05,431.0,440.0,430.0,433.0,30196558603,2281437,512,434.0,432.0
163,2014-11-08,439.0,439.0,430.0,433.0,26690438480,2017983,597,433.0,438.0
164,2014-11-09,439.0,454.0,439.0,451.0,28444646136,2061485,881,433.0,454.0
165,2014-11-10,451.0,454.0,434.0,443.0,8483272568,626595,326,451.0,434.0
166,2014-11-11,432.0,438.0,427.0,430.0,29906313057,2275773,823,443.0,429.0
167,2014-11-12,431.0,434.0,422.0,428.0,9229595168,706028,503,430.0,422.0
168,2014-11-15,416.0,425.0,406.0,414.0,15601435512,1232297,545,428.0,421.0
169,2014-11-16,420.0,428.0,417.0,420.0,5087557347,396221,411,414.0,417.0
170,2014-11-17,425.0,441.0,423.0,433.0,24139362861,1822396,620,420.0,441.0
171,2014-11-18,448.0,455.0,444.0,452.0,64361637143,4656382,1304,433.0,455.0
172,2014-11-19,460.0,468.0,458.0,463.0,30037079144,2121776,920,452.0,463.0
173,2014-11-22,452.0,461.0,448.0,455.0,9800078412,703706,430,463.0,457.0
174,2014-11-23,454.0,464.0,448.0,456.0,14478221389,1039289,491,455.0,458.0
175,2014-11-24,462.0,474.0,455.0,466.0,31560870498,2213243,532,456.0,458.0
176,2014-11-25,443.0,445.0,443.0,443.0,5108668110,377086,144,466.0,443.0
177,2014-11-26,429.0,441.0,425.0,431.0,9892402763,751520,378,443.0,425.0
178,2014-11-29,445.0,445.0,409.0,418.0,12901239357,1008491,470,431.0,409.0
179,2014-11-30,407.0,415.0,398.0,399.0,6328664103,519153,170,418.0,398.0
180,2014-12-01,393.0,409.0,392.0,397.0,11835660877,974503,461,399.0,392.0
181,2014-12-02,402.0,411.0,396.0,401.0,6393618787,521288,273,397.0,397.0
182,2014-12-03,396.0,398.0,383.0,388.0,6233953628,526081,303,401.0,398.0
183,2014-12-06,390.0,398.0,384.0,390.0,3227259815,270972,206,388.0,389.0
184,2014-12-07,389.0,394.0,370.0,379.0,9884542400,852168,368,390.0,379.0
185,2014-12-08,386.0,396.0,383.0,391.0,5409532050,452008,266,379.0,392.0
186,2014-12-09,397.0,397.0,382.0,387.0,3402777919,287483,189,391.0,382.0
187,2014-12-10,389.0,389.0,373.0,378.0,3629206434,313915,210,387.0,379.0
188,2014-12-14,379.0,379.0,360.0,365.0,5751692617,515233,362,378.0,362.0
189,2014-12-15,365.0,368.0,348.0,357.0,4767152767,436302,401,365.0,363.0
190,2014-12-16,364.0,370.0,360.0,364.0,1815483133,163138,156,357.0,364.0
191,2014-12-17,368.0,370.0,352.0,355.0,1929499395,177621,169,364.0,357.0
192,2014-12-20,359.0,373.0,357.0,368.0,3415122129,303618,240,355.0,373.0
193,2014-12-22,384.0,386.0,378.0,386.0,5633193053,477272,179,368.0,386.0
194,2014-12-24,399.0,399.0,386.0,388.0,3854867738,324799,276,386.0,389.0
195,2014-12-27,386.0,389.0,370.0,383.0,1892625267,161651,165,388.0,384.0
196,2014-12-28,383.0,391.0,383.0,387.0,1198202235,101278,114,383.0,385.0
197,2014-12-29,386.0,387.0,374.0,378.0,2711539246,234626,179,387.0,379.0
198,2014-12-30,383.0,386.0,372.0,376.0,3803174984,330598,155,378.0,377.0
199,2014-12-31,372.0,376.0,363.0,368.0,1941730356,172760,181,376.0,366.0
200,2015-01-03,372.0,376.0,358.0,364.0,3516959972,316098,233,368.0,360.0
201,2015-01-04,358.0,370.0,358.0,359.0,5203068205,473433,254,364.0,360.0
202,2015-01-05,365.0,365.0,355.0,359.0,3692092204,336792,158,359.0,355.0
203,2015-01-06,360.0,360.0,350.0,353.0,2385630018,220837,197,359.0,353.0
204,2015-01-07,360.0,360.0,347.0,353.0,2594345010,240347,158,353.0,351.0
205,2015-01-10,359.0,359.0,335.0,338.0,3684013513,356763,269,353.0,335.0
206,2015-01-11,335.0,353.0,324.0,335.0,6756169832,659192,340,338.0,350.0
207,2015-01-12,351.0,352.0,350.0,352.0,4254738514,395408,117,335.0,352.0
208,2015-01-13,360.0,360.0,344.0,351.0,7131773319,664275,260,352.0,347.0
209,2015-01-14,353.0,369.0,350.0,366.0,20272254420,1813129,636,351.0,363.0
210,2015-01-17,369.0,374.0,363.0,368.0,4510889133,401037,240,366.0,366.0
211,2015-01-18,370.0,370.0,350.0,357.0,3480802861,319316,235,368.0,351.0
212,2015-01-19,351.0,360.0,342.0,348.0,4177490095,392410,198,357.0,348.0
213,2015-01-20,353.0,359.0,340.0,342.0,1756646148,167823,112,348.0,343.0
214,2015-01-21,348.0,348.0,325.0,329.0,5754214165,571363,328,342.0,328.0
215,2015-01-24,330.0,337.0,326.0,329.0,2179652958,216608,181,329.0,334.0
216,2015-01-25,336.0,343.0,331.0,338.0,2600178774,251519,138,329.0,336.0
217,2015-01-26,339.0,348.0,334.0,342.0,2424573409,231944,206,338.0,348.0
218,2015-01-27,348.0,358.0,344.0,353.0,2308967178,213693,159,342.0,358.0
219,2015-01-28,357.0,371.0,357.0,368.0,6782521738,602951,277,353.0,371.0
220,2015-01-31,375.0,386.0,375.0,383.0,9826364358,838666,389,368.0,381.0
221,2015-02-01,386.0,386.0,371.0,376.0,5376585852,468280,267,383.0,376.0
222,2015-02-02,370.0,383.0,370.0,378.0,3257203573,281765,134,376.0,381.0
223,2015-02-03,383.0,392.0,378.0,383.0,4279130345,365002,155,378.0,378.0
224,2015-02-04,381.0,395.0,377.0,390.0,12533686886,1050479,426,383.0,388.0
225,2015-02-07,392.0,396.0,379.0,386.0,5010603259,424989,243,390.0,379.0
226,2015-02-08,379.0,383.0,370.0,375.0,2970607798,259370,179,386.0,372.0
227,2015-02-09,372.0,374.0,356.0,362.0,4408162163,398435,258,375.0,356.0
228,2015-02-10,365.0,366.0,351.0,361.0,1689525153,153242,142,362.0,364.0
229,2015-02-14,373.0,379.0,360.0,369.0,5785829152,512747,267,361.0,367.0
230,2015-02-15,361.0,369.0,360.0,362.0,6936344540,626602,603,369.0,369.0
231,2015-02-16,370.0,379.0,370.0,377.0,8227842891,714020,271,362.0,379.0
232,2015-02-17,386.0,391.0,380.0,385.0,7198593855,611100,345,377.0,385.0
233,2015-02-18,384.0,399.0,383.0,394.0,16143054850,1339879,651,385.0,392.0
234,2015-02-21,394.0,410.0,394.0,403.0,9301865210,754047,448,394.0,402.0
235,2015-02-22,406.0,406.0,388.0,392.0,9071071409,756201,443,403.0,391.0
236,2015-02-23,389.0,389.0,383.0,387.0,4357688814,368146,256,392.0,383.0
237,2015-02-24,388.0,395.0,374.0,380.0,13313437107,1146158,527,387.0,375.0
238,2015-02-25,374.0,376.0,363.0,368.0,6588669150,585405,236,380.0,365.0
239,2015-02-28,369.0,372.0,367.0,369.0,1246971700,110492,86,368.0,367.0
240,2015-03-01,368.0,380.0,368.0,375.0,2723628395,237365,196,369.0,380.0
241,2015-03-02,385.0,385.0,370.0,376.0,3772395165,328437,163,375.0,372.0
242,2015-03-03,373.0,373.0,362.0,365.0,5801795330,519464,260,376.0,364.0
243,2015-03-04,362.0,370.0,362.0,366.0,3213350463,287479,153,365.0,368.0
244,2015-03-07,371.0,376.0,370.0,372.0,2236037936,196796,165,366.0,371.0
245,2015-03-08,370.0,370.0,365.0,367.0,1043851780,93052,79,372.0,366.0
246,2015-03-09,368.0,371.0,363.0,366.0,1643816390,146871,110,367.0,366.0
247,2015-03-10,363.0,363.0,360.0,362.0,3470337354,313951,267,366.0,362.0
248,2015-03-11,361.0,369.0,361.0,363.0,1687600633,152099,131,362.0,362.0
249,2015-03-14,369.0,375.0,363.0,372.0,6747803303,593144,294,363.0,372.0
250,2015-03-15,374.0,379.0,366.0,372.0,5412526707,475315,310,372.0,367.0
251,2015-03-16,373.0,376.0,365.0,368.0,3463222309,307541,155,372.0,365.0
252,2015-03-17,360.0,367.0,355.0,359.0,2895683299,263915,213,368.0,359.0
253,2015-03-18,360.0,373.0,360.0,366.0,4962857617,443989,246,359.0,367.0
254,2015-03-25,366.0,370.0,366.0,368.0,397131559,35250,51,366.0,370.0
255,2015-03-28,370.0,387.0,367.0,378.0,8875747570,767408,404,368.0,387.0
256,2015-03-29,385.0,397.0,385.0,396.0,5086619492,420082,124,378.0,397.0
257,2015-03-30,399.0,410.0,393.0,398.0,11251980327,924134,478,396.0,399.0
258,2015-03-31,391.0,401.0,386.0,393.0,4559614353,379757,299,398.0,389.0
259,2015-04-04,412.0,412.0,412.0,412.0,255153073,20239,5,393.0,412.0
260,2015-04-05,433.0,433.0,421.0,432.0,54819352775,4146911,756,412.0,426.0
261,2015-04-06,425.0,428.0,411.0,420.0,27440265081,2137249,762,432.0,419.0
262,2015-04-07,418.0,418.0,404.0,409.0,10570336799,844267,365,420.0,408.0
263,2015-04-08,411.0,425.0,411.0,417.0,8071822800,633088,244,409.0,417.0
264,2015-04-11,409.0,417.0,399.0,408.0,10302701112,826734,340,417.0,415.0
265,2015-04-12,403.0,407.0,393.0,399.0,6905796199,566680,266,408.0,394.0
266,2015-04-13,395.0,405.0,389.0,393.0,3569266956,297426,170,399.0,393.0
267,2015-04-14,393.0,398.0,392.0,395.0,4252481378,352495,222,393.0,392.0
268,2015-04-15,392.0,408.0,390.0,397.0,3290036986,270764,134,395.0,393.0
269,2015-04-18,396.0,396.0,386.0,389.0,3645662652,306635,152,397.0,387.0
270,2015-04-19,390.0,396.0,384.0,389.0,1880057792,158030,123,389.0,384.0
271,2015-04-20,382.0,390.0,376.0,378.0,4056447441,350727,146,389.0,378.0
272,2015-04-21,388.0,388.0,374.0,377.0,1563783706,135703,98,378.0,378.0
273,2015-04-22,378.0,382.0,375.0,379.0,2742607066,236634,135,377.0,382.0
274,2015-04-25,383.0,387.0,376.0,383.0,1873555800,159936,150,379.0,376.0
275,2015-04-26,376.0,380.0,373.0,376.0,3579579625,311368,157,383.0,376.0
276,2015-04-27,370.0,374.0,363.0,368.0,7272370697,645804,238,376.0,366.0
277,2015-04-28,368.0,372.0,362.0,366.0,8439706064,754250,360,368.0,365.0
278,2015-04-29,370.0,376.0,364.0,368.0,4635674416,411804,226,366.0,373.0
279,2015-05-03,364.0,369.0,363.0,365.0,1974656717,177151,110,368.0,365.0
280,2015-05-04,365.0,366.0,359.0,362.0,3486605976,315210,194,365.0,359.0
281,2015-05-05,363.0,366.0,354.0,357.0,3645500979,333707,230,362.0,356.0
282,2015-05-06,357.0,366.0,356.0,360.0,3102443600,281636,164,357.0,359.0
283,2015-05-09,358.0,360.0,345.0,349.0,5253381424,491770,294,360.0,345.0
284,2015-05-10,347.0,355.0,339.0,342.0,2814368210,269277,176,349.0,343.0
285,2015-05-11,345.0,353.0,343.0,349.0,3244300138,304324,148,342.0,346.0
286,2015-05-12,353.0,356.0,340.0,347.0,3688954444,347643,241,349.0,340.0
287,2015-05-13,350.0,353.0,344.0,349.0,2708929762,254012,134,347.0,353.0
288,2015-05-17,344.0,352.0,343.0,346.0,3016126548,284816,130,349.0,346.0
289,2015-05-18,343.0,350.0,339.0,341.0,2804082728,268828,145,346.0,340.0
290,2015-05-19,345.0,349.0,340.0,343.0,1340778332,127965,119,341.0,341.0
291,2015-05-20,343.0,345.0,340.0,341.0,4366322750,418936,175,343.0,343.0
292,2015-05-23,349.0,349.0,339.0,340.0,3164023085,304167,173,341.0,341.0
293,2015-05-24,340.0,346.0,337.0,341.0,2213123682,212370,119,340.0,343.0
294,2015-05-25,346.0,346.0,342.0,343.0,1303806837,124177,102,341.0,346.0
295,2015-05-26,343.0,356.0,343.0,351.0,5258278473,489419,237,343.0,355.0
296,2015-05-27,354.0,355.0,347.0,352.0,3221250590,299712,148,351.0,350.0
297,2015-05-30,354.0,354.0,348.0,350.0,1422653344,133050,100,352.0,350.0
298,2015-05-31,353.0,353.0,345.0,347.0,1657804339,156076,116,350.0,347.0
299,2015-06-01,344.0,350.0,344.0,346.0,4801805254,454114,357,347.0,345.0
300,2015-06-09,320.0,322.0,318.0,327.0,1902831666,212476,79,346.0,321.0
301,2015-06-10,322.0,326.0,317.0,322.0,4245797699,472088,175,327.0,322.0
302,2015-06-13,326.0,336.0,322.0,328.0,3983441368,433723,151,322.0,336.0
303,2015-06-14,339.0,343.0,322.0,331.0,3026823610,327006,148,328.0,322.0
304,2015-06-15,324.0,326.0,320.0,322.0,3107589656,344693,77,331.0,322.0
305,2015-06-16,322.0,328.0,321.0,323.0,1776791842,196679,141,322.0,324.0
306,2015-06-17,329.0,336.0,329.0,333.0,3186273566,341949,169,323.0,332.0
307,2015-06-20,339.0,339.0,328.0,333.0,1396237017,149912,112,333.0,328.0
308,2015-06-21,325.0,332.0,324.0,330.0,1091251384,118333,81,333.0,327.0
309,2015-06-22,334.0,334.0,324.0,331.0,2454423553,265411,124,330.0,331.0
310,2015-06-23,334.0,343.0,334.0,337.0,2795178248,296553,206,331.0,341.0
311,2015-06-24,338.0,338.0,334.0,337.0,4141004223,439803,163,337.0,337.0
312,2015-06-27,340.0,340.0,333.0,335.0,1620657383,172768,108,337.0,333.0
313,2015-06-28,331.0,344.0,329.0,335.0,3224636394,343626,118,335.0,333.0
314,2015-06-29,338.0,338.0,331.0,334.0,322069834,34460,39,335.0,333.0
315,2015-06-30,334.0,342.0,332.0,338.0,4282594409,452805,168,334.0,341.0
316,2015-07-01,342.0,343.0,337.0,340.0,1243368443,130836,107,338.0,339.0
317,2015-07-04,342.0,355.0,342.0,348.0,3910126558,401266,208,340.0,348.0
318,2015-07-05,345.0,349.0,340.0,344.0,2090113101,216910,117,348.0,341.0
319,2015-07-06,349.0,357.0,347.0,352.0,5721446090,580999,204,344.0,353.0
320,2015-07-07,356.0,365.0,356.0,359.0,7685475927,765407,268,352.0,364.0
321,2015-07-11,347.0,363.0,347.0,357.0,4204253859,421520,218,359.0,363.0
322,2015-07-12,368.0,374.0,365.0,374.0,8929233734,853971,265,357.0,374.0
323,2015-07-13,383.0,392.0,375.0,392.0,45469820049,4143076,399,374.0,392.0
324,2015-07-14,404.0,412.0,378.0,409.0,41079038945,3592360,618,392.0,412.0
325,2015-07-15,425.0,429.0,407.0,422.0,29996065639,2543839,544,409.0,409.0
326,2015-07-20,415.0,436.0,404.0,425.0,19112375235,1609376,481,422.0,421.0
327,2015-07-21,414.0,432.0,408.0,422.0,18591591677,1573492,295,425.0,425.0
328,2015-07-22,415.0,425.0,411.0,417.0,8588300274,736298,161,422.0,415.0
329,2015-07-25,412.0,422.0,408.0,418.0,25386479967,2170702,283,417.0,408.0
330,2015-07-26,404.0,414.0,400.0,404.0,7827269603,692957,294,418.0,408.0
331,2015-07-27,397.0,398.0,386.0,389.0,5812271703,533877,236,404.0,388.0
332,2015-07-28,372.0,391.0,372.0,385.0,2533550884,235413,169,389.0,389.0
333,2015-07-29,386.0,400.0,375.0,392.0,5081930920,463420,180,385.0,399.0
334,2015-08-01,394.0,400.0,390.0,393.0,12284812342,1117609,235,392.0,390.0
335,2015-08-02,380.0,387.0,379.0,384.0,3683021462,343153,127,393.0,382.0
336,2015-08-03,383.0,391.0,380.0,385.0,2117323819,196629,109,384.0,388.0
337,2015-08-04,389.0,397.0,384.0,393.0,23100601489,2102734,256,385.0,394.0
338,2015-08-05,394.0,406.0,394.0,402.0,9518321498,846744,192,393.0,403.0
339,2015-08-08,393.0,397.0,386.0,393.0,2825017115,256799,85,402.0,391.0
340,2015-08-09,393.0,399.0,386.0,395.0,3201591529,289476,81,393.0,399.0
341,2015-08-10,403.0,403.0,393.0,399.0,4585233850,410610,77,395.0,400.0
342,2015-08-12,394.0,404.0,393.0,400.0,2778166206,248595,100,399.0,400.0
343,2015-08-15,396.0,404.0,393.0,400.0,6841679765,611148,155,400.0,401.0
344,2015-08-16,404.0,404.0,398.0,400.0,5002149941,447142,91,400.0,400.0
345,2015-08-17,402.0,406.0,399.0,403.0,4196582072,372321,94,400.0,406.0
346,2015-08-18,404.0,404.0,399.0,403.0,2231741594,197784,105,403.0,404.0
347,2015-08-19,406.0,406.0,398.0,404.0,4895607444,432849,92,403.0,402.0
348,2015-08-22,405.0,405.0,395.0,399.0,767044049,68753,53,404.0,399.0
349,2015-08-23,400.0,406.0,386.0,403.0,7715440859,684476,170,399.0,406.0
350,2015-08-24,406.0,406.0,398.0,399.0,3637988838,326342,70,403.0,398.0
351,2015-08-25,404.0,405.0,399.0,404.0,15755793977,1394746,215,399.0,404.0
352,2015-08-26,404.0,408.0,401.0,405.0,2183667316,192908,79,404.0,408.0
353,2015-08-29,411.0,425.0,411.0,423.0,9579307274,809075,209,405.0,425.0
354,2015-08-30,425.0,444.0,425.0,444.0,59807569535,4813576,776,423.0,444.0
355,2015-08-31,445.0,453.0,436.0,444.0,21307158575,1716504,382,444.0,438.0
356,2015-09-01,433.0,446.0,431.0,442.0,9713401528,786429,356,444.0,443.0
357,2015-09-02,444.0,444.0,442.0,443.0,2881795520,232581,111,442.0,444.0
358,2015-09-05,443.0,450.0,441.0,447.0,8290929372,663373,183,443.0,445.0
359,2015-09-06,459.0,459.0,446.0,448.0,8963441100,714491,118,447.0,448.0
360,2015-09-07,449.0,456.0,447.0,449.0,8126658679,647165,180,448.0,449.0
361,2015-09-08,454.0,457.0,448.0,450.0,6883960813,546657,89,449.0,450.0
362,2015-09-09,450.0,457.0,447.0,455.0,7746729158,609165,125,450.0,449.0
363,2015-09-12,456.0,459.0,443.0,454.0,7174662243,564819,133,455.0,454.0
364,2015-09-13,454.0,457.0,443.0,452.0,6392742423,506139,171,454.0,447.0
365,2015-09-14,450.0,452.0,445.0,448.0,9555110597,762153,301,452.0,447.0
366,2015-09-15,451.0,452.0,446.0,449.0,5306298295,422755,262,448.0,447.0
367,2015-09-16,449.0,450.0,446.0,449.0,5047584325,402176,254,449.0,447.0
368,2015-09-19,449.0,450.0,433.0,447.0,10839565994,867885,145,449.0,444.0
369,2015-09-20,442.0,446.0,424.0,434.0,6775174192,558533,98,447.0,429.0
370,2015-09-21,432.0,432.0,412.0,417.0,3635279443,311474,72,434.0,415.0
371,2015-09-22,425.0,425.0,422.0,424.0,2300266787,194032,107,417.0,425.0
372,2015-09-23,424.0,442.0,424.0,429.0,2464023025,205507,71,424.0,429.0
373,2015-09-26,438.0,443.0,422.0,435.0,2655661178,218302,103,429.0,423.0
374,2015-09-27,439.0,441.0,428.0,438.0,10588542792,863662,88,435.0,429.0
375,2015-09-28,438.0,439.0,424.0,438.0,9676627905,790014,93,438.0,438.0
376,2015-09-29,438.0,439.0,428.0,438.0,5326953589,434366,60,438.0,429.0
377,2015-09-30,436.0,443.0,431.0,439.0,7266101423,591829,83,438.0,439.0
378,2015-10-03,436.0,442.0,427.0,436.0,3142552655,257481,50,439.0,435.0
379,2015-10-04,437.0,438.0,428.0,435.0,3155893507,259100,26,436.0,430.0
380,2015-10-05,435.0,441.0,430.0,438.0,10636798088,868674,84,435.0,430.0
381,2015-10-06,429.0,439.0,429.0,437.0,3424811000,280112,31,438.0,430.0
382,2015-10-07,437.0,437.0,430.0,436.0,2847149406,233261,26,437.0,433.0
383,2015-10-10,437.0,439.0,429.0,436.0,1863841121,152894,38,436.0,429.0
384,2015-10-11,436.0,438.0,427.0,434.0,1762993159,145196,27,436.0,429.0
385,2015-10-12,436.0,438.0,430.0,437.0,4573640787,373873,46,434.0,436.0
386,2015-10-13,437.0,437.0,429.0,437.0,12542873293,1026538,109,437.0,437.0
387,2015-10-14,437.0,439.0,434.0,438.0,1677709565,136960,50,437.0,437.0
388,2015-10-17,437.0,437.0,431.0,435.0,2643789512,217408,83,438.0,433.0
389,2015-10-18,437.0,447.0,428.0,432.0,7917097178,654503,125,435.0,428.0
390,2015-10-19,435.0,443.0,426.0,430.0,17132477995,1424796,192,432.0,426.0
391,2015-10-20,433.0,436.0,428.0,432.0,2184258257,180650,39,430.0,432.0
392,2015-10-21,435.0,436.0,426.0,435.0,623231694,51182,11,432.0,432.0
393,2015-10-25,423.0,429.0,418.0,426.0,4836082671,405908,105,435.0,418.0
394,2015-10-26,425.0,426.0,424.0,425.0,2259278204,189881,46,426.0,424.0
395,2015-10-27,418.0,435.0,418.0,429.0,1775508082,147783,42,425.0,429.0
396,2015-10-28,432.0,432.0,421.0,431.0,2092411569,173591,42,429.0,429.0
397,2015-10-31,429.0,429.0,421.0,427.0,2559421073,214070,52,431.0,425.0
398,2015-11-01,418.0,425.0,418.0,422.0,504611090,42793,34,427.0,421.0
399,2015-11-02,428.0,428.0,415.0,421.0,2266239592,192481,99,422.0,420.0
400,2015-11-03,423.0,423.0,413.0,418.0,1372045594,117419,44,421.0,413.0
401,2015-11-04,416.0,421.0,411.0,418.0,1824622122,156088,77,418.0,413.0
402,2015-11-07,413.0,421.0,411.0,419.0,3037379967,259254,87,418.0,418.0
403,2015-11-08,414.0,421.0,414.0,417.0,10087045124,863766,174,419.0,421.0
404,2015-11-09,417.0,421.0,414.0,415.0,4110391980,354175,82,417.0,415.0
405,2015-11-10,418.0,429.0,415.0,419.0,3912403227,333707,66,415.0,415.0
406,2015-11-11,415.0,417.0,413.0,417.0,3171038881,271950,28,419.0,417.0
407,2015-11-14,421.0,421.0,409.0,418.0,4745351392,405884,66,417.0,409.0
408,2015-11-15,408.0,411.0,405.0,407.0,4498814733,395330,111,418.0,407.0
409,2015-11-16,415.0,418.0,410.0,415.0,2835974977,244421,45,407.0,410.0
410,2015-11-17,415.0,418.0,408.0,416.0,2551748842,219073,27,415.0,416.0
411,2015-11-18,417.0,418.0,412.0,417.0,2235922543,191528,49,416.0,416.0
412,2015-11-21,415.0,415.0,408.0,409.0,737883764,64488,20,417.0,408.0
413,2015-11-22,415.0,418.0,410.0,417.0,1873972081,160570,24,409.0,411.0
414,2015-11-23,411.0,429.0,411.0,419.0,4206020680,358512,119,417.0,414.0
415,2015-11-24,421.0,427.0,416.0,422.0,2793905286,236705,36,419.0,421.0
416,2015-11-25,425.0,425.0,417.0,423.0,1614927024,136369,26,422.0,418.0
417,2015-11-28,417.0,417.0,411.0,413.0,2253635100,195223,79,423.0,411.0
418,2015-11-29,408.0,421.0,408.0,415.0,3546807979,305174,50,413.0,410.0
419,2015-11-30,408.0,419.0,408.0,417.0,1503354525,128940,29,415.0,411.0
420,2015-12-01,417.0,418.0,408.0,415.0,2523849947,217304,42,417.0,409.0
421,2015-12-05,409.0,418.0,408.0,415.0,4425924141,381660,61,415.0,408.0
422,2015-12-06,411.0,413.0,407.0,408.0,3807735514,333816,42,415.0,408.0
423,2015-12-07,411.0,417.0,408.0,413.0,3128058966,270656,44,408.0,409.0
424,2015-12-08,417.0,418.0,409.0,416.0,1599361196,137470,23,413.0,413.0
425,2015-12-09,413.0,418.0,408.0,416.0,4208357073,361217,48,416.0,417.0
426,2015-12-13,418.0,428.0,413.0,418.0,3810802696,325893,61,416.0,418.0
427,2015-12-14,418.0,429.0,418.0,424.0,3082226286,259778,51,418.0,418.0
428,2015-12-15,424.0,433.0,424.0,427.0,3415456767,285615,85,424.0,425.0
429,2015-12-16,431.0,440.0,428.0,437.0,3427070445,280561,106,427.0,436.0
430,2015-12-19,436.0,442.0,425.0,437.0,2746513022,224730,57,437.0,432.0
431,2015-12-20,433.0,436.0,420.0,432.0,2201184624,182026,21,437.0,426.0
432,2015-12-21,422.0,428.0,420.0,422.0,304097930,25785,23,432.0,420.0
433,2015-12-22,422.0,434.0,418.0,428.0,1871599305,156149,64,422.0,423.0
434,2015-12-23,429.0,434.0,425.0,430.0,2924937201,242890,87,428.0,429.0
435,2015-12-26,432.0,437.0,430.0,435.0,2360894885,194216,105,430.0,437.0
436,2015-12-27,437.0,439.0,431.0,436.0,3714649816,304732,51,435.0,435.0
437,2015-12-28,435.0,439.0,431.0,436.0,2302375829,188734,45,436.0,431.0
438,2015-12-30,434.0,440.0,431.0,437.0,5097850958,417255,65,436.0,436.0
439,2016-01-02,440.0,446.0,433.0,439.0,3400128338,276989,58,437.0,433.0
440,2016-01-03,439.0,439.0,427.0,432.0,1578870665,130529,52,439.0,429.0
441,2016-01-04,433.0,435.0,425.0,431.0,1938612272,160707,43,432.0,425.0
442,2016-01-05,434.0,436.0,424.0,434.0,5105263147,420785,90,431.0,434.0
443,2016-01-06,436.0,445.0,427.0,435.0,6659563197,547244,88,434.0,433.0
444,2016-01-09,435.0,435.0,428.0,434.0,10840104025,893428,70,435.0,429.0
445,2016-01-10,422.0,434.0,422.0,433.0,1556328083,128449,30,434.0,431.0
446,2016-01-11,433.0,436.0,430.0,433.0,11878358755,980835,91,433.0,436.0
447,2016-01-12,435.0,436.0,431.0,434.0,2341879569,192927,58,433.0,433.0
448,2016-01-13,434.0,435.0,430.0,434.0,5298024900,436228,127,434.0,432.0
449,2016-01-16,435.0,456.0,435.0,443.0,17469909391,1409954,268,434.0,456.0
450,2016-01-17,465.0,465.0,456.0,464.0,45706844598,3518470,459,443.0,464.0
451,2016-01-18,465.0,465.0,454.0,459.0,16553848788,1288561,191,464.0,458.0
452,2016-01-19,472.0,481.0,456.0,466.0,17176312993,1317955,236,459.0,458.0
453,2016-01-20,455.0,475.0,453.0,461.0,11560895578,895661,126,466.0,455.0
454,2016-01-23,454.0,462.0,449.0,452.0,10714381695,846665,200,461.0,450.0
455,2016-01-24,451.0,461.0,447.0,453.0,32908216915,2597616,318,452.0,450.0
456,2016-01-25,456.0,476.0,447.0,466.0,93521340659,7180031,933,453.0,476.0
457,2016-01-26,489.0,489.0,472.0,485.0,171327177513,12628549,966,466.0,489.0
458,2016-01-27,493.0,497.0,461.0,487.0,34840145627,2560032,480,485.0,478.0
459,2016-01-30,489.0,511.0,483.0,501.0,218073769437,15565087,1532,487.0,510.0
460,2016-01-31,508.0,525.0,497.0,513.0,95199069930,6636098,762,501.0,524.0
461,2016-02-01,534.0,538.0,529.0,538.0,96277156522,6395227,643,513.0,538.0
462,2016-02-02,565.0,565.0,534.0,553.0,163867295089,10596541,1174,538.0,538.0
463,2016-02-03,538.0,550.0,533.0,539.0,43193116465,2862952,671,553.0,536.0
464,2016-02-06,539.0,539.0,527.0,534.0,45176315931,3026866,679,539.0,527.0
465,2016-02-07,536.0,538.0,525.0,532.0,60277262268,4054149,671,534.0,529.0
466,2016-02-08,533.0,558.0,529.0,556.0,180993884364,11644142,1053,532.0,558.0
467,2016-02-09,579.0,583.0,547.0,580.0,96433311145,5942555,870,556.0,550.0
468,2016-02-10,554.0,578.0,551.0,558.0,37370430933,2394757,393,580.0,551.0
469,2016-02-13,558.0,558.0,530.0,532.0,54717150339,3676232,449,558.0,530.0
470,2016-02-14,518.0,539.0,505.0,508.0,38542578516,2712092,415,532.0,506.0
471,2016-02-15,515.0,525.0,508.0,514.0,22320027741,1553397,311,508.0,511.0
472,2016-02-16,521.0,522.0,495.0,502.0,36215087212,2580619,525,514.0,503.0
473,2016-02-17,502.0,522.0,500.0,514.0,27579081892,1918053,426,502.0,518.0
474,2016-02-20,534.0,534.0,499.0,508.0,13174034401,927818,265,514.0,500.0
475,2016-02-21,500.0,507.0,497.0,500.0,13757632710,982996,299,508.0,500.0
476,2016-02-22,501.0,515.0,495.0,503.0,15895632350,1130071,249,500.0,505.0
477,2016-02-23,502.0,513.0,502.0,503.0,8381627760,595202,194,503.0,503.0
478,2016-02-24,500.0,510.0,500.0,508.0,11780285270,828999,209,503.0,505.0
479,2016-02-27,511.0,519.0,508.0,514.0,14090319326,980299,167,508.0,511.0
480,2016-02-28,525.0,525.0,502.0,507.0,9923458101,700201,164,514.0,504.0
481,2016-02-29,506.0,506.0,500.0,504.0,19826370547,1407503,199,507.0,501.0
482,2016-03-01,502.0,506.0,502.0,504.0,6371507863,452292,101,504.0,503.0
483,2016-03-02,511.0,511.0,500.0,504.0,11279589523,800176,180,504.0,506.0
484,2016-03-05,508.0,524.0,504.0,513.0,11298662070,787762,170,504.0,514.0
485,2016-03-06,517.0,517.0,505.0,507.0,6441507258,453962,186,513.0,505.0
486,2016-03-07,505.0,513.0,501.0,510.0,12417512319,870863,157,507.0,513.0
487,2016-03-08,516.0,516.0,500.0,505.0,13758119065,974819,181,510.0,500.0
488,2016-03-09,515.0,515.0,502.0,503.0,9784835112,695845,122,505.0,502.0
489,2016-03-12,504.0,524.0,502.0,511.0,64418623500,4503201,777,503.0,506.0
490,2016-03-14,518.0,522.0,504.0,514.0,54109221098,3765287,599,511.0,512.0
491,2016-03-15,508.0,517.0,500.0,509.0,19436666326,1364081,276,514.0,508.0
492,2016-03-16,509.0,515.0,500.0,502.0,24440373309,1738737,295,509.0,515.0
493,2016-03-26,502.0,526.0,502.0,516.0,6268801888,434707,126,502.0,510.0
494,2016-03-27,518.0,518.0,501.0,509.0,7523440373,528149,88,516.0,518.0
495,2016-03-28,518.0,518.0,507.0,512.0,2363643239,164995,70,509.0,507.0
496,2016-03-29,503.0,517.0,501.0,509.0,6112199209,429050,197,512.0,512.0
497,2016-03-30,511.0,518.0,508.0,513.0,17833251389,1243870,376,509.0,508.0
498,2016-04-02,516.0,520.0,506.0,511.0,3249371808,227440,87,513.0,511.0
499,2016-04-03,507.0,511.0,501.0,503.0,3290022425,233725,125,511.0,503.0
500,2016-04-04,510.0,510.0,502.0,506.0,1596553606,112807,66,503.0,506.0
501,2016-04-05,504.0,511.0,502.0,507.0,10727788596,756927,165,506.0,505.0
502,2016-04-06,504.0,516.0,504.0,509.0,34705474643,2437062,651,507.0,508.0
503,2016-04-09,515.0,521.0,508.0,514.0,27772717680,1929922,570,509.0,515.0
504,2016-04-10,519.0,529.0,514.0,518.0,19520405868,1348358,505,514.0,518.0
505,2016-04-11,518.0,529.0,518.0,522.0,17158073902,1174074,501,518.0,522.0
506,2016-04-12,524.0,549.0,522.0,540.0,34956827173,2312124,569,522.0,536.0
507,2016-04-13,540.0,540.0,516.0,521.0,15379482281,1056066,285,540.0,518.0
508,2016-04-16,515.0,528.0,500.0,513.0,18144277556,1265009,430,521.0,505.0
509,2016-04-17,511.0,513.0,505.0,510.0,12875066120,901650,190,513.0,510.0
510,2016-04-18,518.0,518.0,493.0,502.0,21028761698,1496975,323,510.0,500.0
511,2016-04-19,504.0,527.0,501.0,520.0,18142193704,1248378,396,502.0,527.0
512,2016-04-20,545.0,546.0,524.0,545.0,88805003292,5822739,641,520.0,546.0
513,2016-04-23,551.0,554.0,529.0,550.0,24260024554,1577126,611,545.0,552.0
514,2016-04-24,554.0,577.0,554.0,572.0,97775975338,6111843,889,550.0,577.0
515,2016-04-25,593.0,600.0,579.0,590.0,81252426014,4925740,814,572.0,588.0
516,2016-04-26,583.0,597.0,579.0,589.0,54577050877,3311005,621,590.0,590.0
517,2016-04-27,586.0,597.0,575.0,585.0,62025541535,3791618,546,589.0,597.0
518,2016-04-30,582.0,608.0,582.0,593.0,35059523631,2114863,506,585.0,585.0
519,2016-05-01,588.0,599.0,585.0,592.0,32144044296,1942109,373,593.0,593.0
520,2016-05-02,592.0,611.0,590.0,599.0,35707339708,2132406,368,592.0,595.0
521,2016-05-03,595.0,606.0,590.0,601.0,10462553536,622605,318,599.0,600.0
522,2016-05-04,599.0,599.0,572.0,586.0,14514876946,884965,207,601.0,586.0
523,2016-05-07,588.0,597.0,572.0,586.0,17776804819,1085229,444,586.0,576.0
524,2016-05-08,585.0,586.0,558.0,575.0,14101558379,876961,321,586.0,568.0
525,2016-05-09,576.0,582.0,572.0,578.0,20304161843,1255059,429,575.0,577.0
526,2016-05-10,579.0,583.0,567.0,578.0,16902691297,1045828,390,578.0,579.0
527,2016-05-11,579.0,579.0,568.0,573.0,13141640286,820342,205,578.0,572.0
528,2016-05-14,575.0,586.0,572.0,578.0,16627231071,1027897,273,573.0,574.0
529,2016-05-15,585.0,590.0,572.0,585.0,23837161393,1457918,354,578.0,578.0
530,2016-05-16,585.0,588.0,581.0,586.0,8762784385,534485,372,585.0,585.0
531,2016-05-17,590.0,602.0,586.0,596.0,19512618662,1171320,454,586.0,597.0
532,2016-05-18,600.0,602.0,594.0,598.0,3042301816,181753,106,596.0,599.0
533,2016-05-21,601.0,601.0,593.0,598.0,4756612892,284564,138,598.0,593.0
534,2016-05-23,597.0,601.0,590.0,596.0,7556328713,453547,218,598.0,596.0
535,2016-05-24,601.0,601.0,586.0,591.0,3575518023,216458,157,596.0,586.0
536,2016-05-25,596.0,596.0,572.0,591.0,5141441293,310896,75,591.0,586.0
537,2016-05-28,586.0,586.0,565.0,570.0,7056272958,442500,166,591.0,566.0
538,2016-05-29,582.0,582.0,562.0,572.0,7576578313,473239,177,570.0,562.0
539,2016-05-30,576.0,578.0,555.0,568.0,8114839061,510388,145,572.0,568.0
540,2016-05-31,568.0,573.0,540.0,549.0,11622232336,756713,135,568.0,563.0
541,2016-06-01,564.0,564.0,537.0,554.0,3227676016,208416,117,549.0,549.0
542,2016-06-05,558.0,558.0,544.0,551.0,2703305711,175312,90,554.0,545.0
543,2016-06-06,554.0,561.0,544.0,553.0,3465853110,223927,45,551.0,547.0
544,2016-06-07,552.0,567.0,545.0,554.0,3908599178,252188,55,553.0,547.0
545,2016-06-08,551.0,557.0,541.0,549.0,3379342014,220059,96,554.0,556.0
546,2016-06-11,554.0,555.0,522.0,534.0,3693860496,247287,172,549.0,522.0
547,2016-06-12,538.0,542.0,507.0,520.0,5930233144,407491,124,534.0,508.0
548,2016-06-13,528.0,536.0,519.0,530.0,3386119747,228528,73,520.0,519.0
549,2016-06-14,527.0,536.0,503.0,508.0,9059322050,636968,99,530.0,503.0
550,2016-06-15,518.0,524.0,506.0,515.0,3126248756,216860,109,508.0,511.0
551,2016-06-18,523.0,529.0,490.0,511.0,8079429257,564887,293,515.0,497.0
552,2016-06-22,560.0,568.0,540.0,561.0,11144183926,757023,139,511.0,542.0
553,2016-06-25,551.0,572.0,542.0,562.0,4883352897,331050,62,561.0,543.0
554,2016-06-26,542.0,556.0,542.0,545.0,1276187821,89250,37,562.0,546.0
555,2016-06-28,544.0,545.0,526.0,535.0,1557510530,110898,45,545.0,530.0
556,2016-06-29,528.0,528.0,511.0,519.0,1205189745,88565,55,535.0,515.0
557,2016-07-02,508.0,526.0,500.0,505.0,536705222,40547,30,519.0,500.0
558,2016-07-03,507.0,522.0,505.0,512.0,2131281732,158733,67,505.0,522.0
559,2016-07-04,515.0,515.0,507.0,512.0,131834270,9819,12,512.0,507.0
560,2016-07-05,505.0,511.0,501.0,509.0,653587207,48976,35,512.0,507.0
561,2016-07-09,499.0,507.0,496.0,506.0,465936958,35137,32,509.0,507.0
562,2016-07-10,496.0,496.0,494.0,495.0,233759509,17990,30,506.0,494.0
563,2016-07-11,494.0,509.0,488.0,494.0,1261919258,97397,82,495.0,488.0
564,2016-07-12,492.0,496.0,477.0,493.0,2350577539,181686,91,494.0,477.0
565,2016-07-13,474.0,496.0,473.0,487.0,2156920750,168804,86,493.0,496.0
566,2016-07-16,492.0,499.0,492.0,495.0,816271553,62831,69,487.0,495.0
567,2016-07-17,486.0,490.0,480.0,484.0,965836688,76007,80,495.0,480.0
568,2016-07-18,481.0,488.0,470.0,478.0,1932015751,154156,83,484.0,470.0
569,2016-07-19,487.0,500.0,487.0,496.0,1638513153,126046,71,478.0,492.0
570,2016-07-20,499.0,520.0,499.0,513.0,1516220263,112761,90,496.0,515.0
571,2016-07-23,518.0,518.0,515.0,518.0,720103845,53034,70,513.0,517.0
572,2016-07-24,517.0,518.0,507.0,514.0,1564990091,115959,79,518.0,518.0
573,2016-07-25,518.0,534.0,517.0,528.0,771060450,55638,63,514.0,522.0
574,2016-07-26,517.0,530.0,517.0,526.0,632859205,45841,25,528.0,518.0
575,2016-07-27,526.0,531.0,515.0,529.0,3090125488,222811,146,526.0,528.0
576,2016-07-31,529.0,535.0,503.0,528.0,2034525347,147009,95,529.0,530.0
577,2016-08-01,530.0,537.0,526.0,532.0,1520067444,108856,55,528.0,534.0
578,2016-08-02,537.0,538.0,530.0,536.0,2645244125,188173,75,532.0,530.0
579,2016-08-03,526.0,537.0,526.0,532.0,941132616,67388,31,536.0,526.0
580,2016-08-06,533.0,537.0,526.0,534.0,1671700974,119361,79,532.0,526.0
581,2016-08-07,534.0,546.0,528.0,538.0,3308420961,234510,56,534.0,528.0
582,2016-08-08,534.0,538.0,530.0,534.0,1243971579,88772,38,538.0,537.0
583,2016-08-09,530.0,534.0,529.0,532.0,279677359,20044,15,534.0,534.0
584,2016-08-10,528.0,534.0,528.0,533.0,1593276520,113956,40,532.0,534.0
585,2016-08-13,518.0,534.0,518.0,528.0,535992034,38714,34,533.0,530.0
586,2016-08-14,523.0,534.0,523.0,528.0,1414058124,102160,29,528.0,524.0
587,2016-08-15,522.0,530.0,518.0,523.0,1043265800,76068,15,528.0,518.0
588,2016-08-16,509.0,519.0,509.0,512.0,399275380,29724,22,523.0,509.0
589,2016-08-17,520.0,520.0,507.0,517.0,730993137,53872,32,512.0,508.0
590,2016-08-20,518.0,519.0,500.0,509.0,1246202213,93424,46,517.0,500.0
591,2016-08-21,517.0,517.0,500.0,510.0,1323111537,98875,53,509.0,517.0
592,2016-08-22,519.0,519.0,510.0,512.0,72048277,5367,8,510.0,510.0
593,2016-08-23,515.0,518.0,501.0,506.0,881706991,66478,34,512.0,512.0
594,2016-08-24,513.0,513.0,502.0,511.0,849711757,63346,18,506.0,502.0
595,2016-08-27,502.0,507.0,500.0,502.0,595325060,45236,30,511.0,501.0
596,2016-08-28,501.0,501.0,496.0,496.0,506998388,38940,29,502.0,496.0
597,2016-08-29,501.0,513.0,496.0,502.0,977072034,74213,25,496.0,506.0
598,2016-08-30,496.0,515.0,496.0,511.0,1887750720,140781,24,502.0,498.0
599,2016-08-31,509.0,513.0,504.0,511.0,2973490808,221714,34,511.0,507.0
600,2016-09-03,512.0,515.0,500.0,511.0,2806623416,209190,37,511.0,500.0
601,2016-09-04,514.0,514.0,499.0,506.0,2129490243,160358,24,511.0,500.0
602,2016-09-05,512.0,512.0,507.0,509.0,3246435542,243119,36,506.0,510.0
603,2016-09-06,500.0,511.0,500.0,508.0,568027412,42592,15,509.0,502.0
604,2016-09-07,511.0,513.0,501.0,504.0,1029802163,77840,32,508.0,501.0
605,2016-09-10,510.0,511.0,496.0,507.0,1824569290,137214,49,504.0,496.0
606,2016-09-11,499.0,507.0,499.0,500.0,775413145,59178,36,507.0,499.0
607,2016-09-13,478.0,510.0,478.0,501.0,420806957,32009,23,500.0,501.0
608,2016-09-14,485.0,501.0,485.0,491.0,696822690,54156,29,501.0,501.0
609,2016-09-17,487.0,507.0,481.0,494.0,176021863,13587,13,491.0,494.0
610,2016-09-18,483.0,501.0,483.0,495.0,895758104,69048,22,494.0,499.0
611,2016-09-19,493.0,503.0,493.0,497.0,104350810,8010,8,495.0,501.0
612,2016-09-21,496.0,496.0,492.0,493.0,488546080,37761,24,497.0,492.0
613,2016-09-24,503.0,518.0,501.0,508.0,726351232,54535,29,493.0,506.0
614,2016-09-25,516.0,518.0,498.0,513.0,315454032,23443,38,508.0,514.0
615,2016-09-26,513.0,530.0,513.0,520.0,698603062,51170,33,513.0,521.0
616,2016-09-27,530.0,535.0,526.0,531.0,2495019944,179060,70,520.0,533.0
617,2016-09-28,534.0,541.0,515.0,536.0,1684409739,119727,36,531.0,515.0
618,2016-10-01,535.0,541.0,515.0,532.0,2049429319,146766,48,536.0,520.0
619,2016-10-02,534.0,534.0,524.0,529.0,1193021128,85999,36,532.0,524.0
620,2016-10-03,530.0,530.0,517.0,520.0,1185178339,86822,50,529.0,521.0
621,2016-10-04,521.0,521.0,503.0,513.0,1879340553,139762,71,520.0,503.0
622,2016-10-05,511.0,518.0,496.0,511.0,2500389904,186482,92,513.0,517.0
623,2016-10-08,496.0,508.0,496.0,498.0,731543531,56054,26,511.0,497.0
624,2016-10-09,498.0,506.0,498.0,499.0,639020765,48820,24,498.0,499.0
625,2016-10-10,498.0,508.0,498.0,502.0,152884142,11620,24,499.0,502.0
626,2016-10-15,498.0,503.0,479.0,495.0,473877574,36502,42,502.0,503.0
627,2016-10-16,492.0,501.0,488.0,494.0,882493734,68050,42,495.0,497.0
628,2016-10-17,504.0,504.0,494.0,499.0,51985500,3975,15,494.0,496.0
629,2016-10-18,494.0,496.0,490.0,494.0,363528961,28040,34,499.0,492.0
630,2016-10-19,489.0,495.0,489.0,491.0,122728205,9523,16,494.0,495.0
631,2016-10-22,483.0,499.0,483.0,490.0,189819471,14777,26,491.0,492.0
632,2016-10-23,499.0,500.0,484.0,487.0,1311365927,102548,73,490.0,484.0
633,2016-10-24,479.0,496.0,479.0,491.0,1234054231,95736,48,487.0,484.0
634,2016-10-25,484.0,486.0,484.0,485.0,603680972,47484,30,491.0,484.0
635,2016-10-26,500.0,500.0,486.0,492.0,1154681395,89404,36,485.0,492.0
636,2016-10-29,492.0,496.0,490.0,492.0,431689543,33433,30,492.0,496.0
637,2016-10-30,491.0,495.0,491.0,491.0,612349557,47508,32,492.0,491.0
638,2016-10-31,491.0,512.0,491.0,497.0,797347089,61166,68,491.0,511.0
639,2016-11-01,515.0,515.0,499.0,512.0,1217452424,90687,52,497.0,499.0
640,2016-11-02,496.0,499.0,494.0,497.0,1243537134,95475,57,512.0,494.0
641,2016-11-05,488.0,492.0,486.0,489.0,124782577,9723,19,497.0,492.0
642,2016-11-06,486.0,497.0,486.0,489.0,55592784,4336,12,489.0,487.0
643,2016-11-07,490.0,497.0,490.0,496.0,7103003133,545832,157,489.0,496.0
644,2016-11-08,490.0,503.0,490.0,500.0,852141941,64947,29,496.0,503.0
645,2016-11-09,486.0,503.0,484.0,493.0,4485480325,346901,86,500.0,503.0
646,2016-11-12,504.0,518.0,500.0,509.0,6047414192,453044,160,493.0,514.0
647,2016-11-13,515.0,532.0,511.0,525.0,11473184023,833694,113,509.0,518.0
648,2016-11-14,529.0,534.0,528.0,531.0,8856448153,635503,228,525.0,529.0
649,2016-11-15,531.0,532.0,515.0,528.0,2870904746,207233,96,531.0,529.0
650,2016-11-16,529.0,530.0,502.0,518.0,2996329390,220556,148,528.0,507.0
651,2016-11-19,506.0,518.0,506.0,512.0,67081888,4991,15,518.0,507.0
652,2016-11-21,506.0,507.0,506.0,507.0,79576708,5987,12,512.0,506.0
653,2016-11-22,505.0,530.0,492.0,515.0,1805500140,133694,42,507.0,515.0
654,2016-11-23,522.0,523.0,506.0,520.0,933573455,68381,28,515.0,506.0
655,2016-11-26,509.0,516.0,496.0,508.0,566853612,42509,38,520.0,515.0
656,2016-11-27,515.0,515.0,500.0,509.0,590421471,44229,21,508.0,500.0
657,2016-11-29,499.0,503.0,498.0,499.0,185378069,14164,26,509.0,502.0
658,2016-12-03,492.0,492.0,474.0,478.0,373301109,29775,33,499.0,479.0
659,2016-12-04,477.0,478.0,475.0,477.0,313221570,25021,36,478.0,476.0
660,2016-12-05,487.0,487.0,478.0,479.0,207268714,16500,18,477.0,478.0
661,2016-12-06,479.0,479.0,474.0,476.0,363045215,29059,37,479.0,474.0
662,2016-12-07,475.0,479.0,474.0,477.0,429652960,34340,43,476.0,476.0
663,2016-12-10,473.0,477.0,472.0,474.0,177433690,14274,29,477.0,472.0
664,2016-12-11,472.0,472.0,469.0,470.0,109418092,8871,23,474.0,469.0
665,2016-12-12,469.0,470.0,469.0,469.0,252733541,20531,36,470.0,469.0
666,2016-12-13,467.0,476.0,467.0,473.0,759715499,61191,32,469.0,474.0
667,2016-12-14,471.0,471.0,461.0,465.0,232695087,19083,41,473.0,462.0
668,2016-12-18,464.0,472.0,461.0,465.0,206848900,16955,11,465.0,472.0
669,2016-12-19,469.0,469.0,461.0,465.0,19728878635,1617327,66,465.0,466.0
670,2016-12-20,469.0,477.0,463.0,471.0,662558476,53638,13,465.0,463.0
671,2016-12-21,471.0,477.0,469.0,473.0,92568780,7462,6,471.0,477.0
672,2016-12-24,462.0,462.0,454.0,461.0,462596192,38270,23,473.0,459.0
673,2016-12-25,459.0,460.0,454.0,458.0,276487877,22989,21,461.0,457.0
674,2016-12-26,451.0,459.0,450.0,455.0,280647436,23502,28,458.0,454.0
675,2016-12-27,457.0,457.0,444.0,449.0,780413378,66282,42,455.0,445.0
676,2016-12-28,457.0,457.0,440.0,442.0,1610790845,138794,36,449.0,440.0
677,2016-12-31,438.0,438.0,435.0,435.0,301247283,26421,18,442.0,435.0
678,2017-01-01,434.0,435.0,431.0,431.0,391767034,34630,23,435.0,435.0
679,2017-01-02,431.0,441.0,431.0,436.0,12896393611,1127269,130,431.0,441.0
680,2017-01-03,436.0,436.0,430.0,432.0,129445742,11431,23,436.0,430.0
681,2017-01-04,434.0,434.0,427.0,430.0,99731260,8847,15,432.0,427.0
682,2017-01-07,427.0,430.0,427.0,429.0,240211761,21353,23,430.0,427.0
683,2017-01-08,423.0,427.0,422.0,425.0,198870817,17849,31,429.0,423.0
684,2017-01-09,429.0,429.0,419.0,422.0,72980150,6600,13,425.0,422.0
685,2017-01-11,422.0,428.0,422.0,424.0,450978012,40582,18,422.0,427.0
686,2017-01-14,427.0,427.0,423.0,426.0,58307210,5219,9,424.0,426.0
687,2017-01-15,426.0,430.0,426.0,426.0,298329100,26684,17,426.0,426.0
688,2017-01-16,430.0,430.0,427.0,430.0,287268857,25472,12,426.0,429.0
689,2017-01-17,424.0,437.0,412.0,415.0,5885709872,541175,98,430.0,431.0
690,2017-01-18,432.0,435.0,432.0,435.0,664972791,58239,28,415.0,435.0
691,2017-01-21,441.0,457.0,441.0,456.0,1601482580,133747,85,435.0,457.0
692,2017-01-22,473.0,473.0,441.0,457.0,939390938,78365,77,456.0,457.0
693,2017-01-23,457.0,457.0,441.0,452.0,111775146,9423,15,457.0,454.0
694,2017-01-24,446.0,446.0,440.0,442.0,1612702428,139040,37,452.0,440.0
695,2017-01-25,441.0,454.0,441.0,447.0,531256860,45298,35,442.0,441.0
696,2017-01-28,440.0,440.0,438.0,440.0,277490885,24036,38,447.0,438.0
697,2017-01-29,446.0,448.0,439.0,440.0,166005027,14367,24,440.0,439.0
698,2017-01-30,440.0,440.0,418.0,430.0,985929019,87340,55,440.0,435.0
699,2017-01-31,438.0,438.0,427.0,436.0,167853954,14678,18,430.0,427.0
700,2017-02-01,424.0,435.0,424.0,431.0,111237321,9844,20,436.0,427.0
701,2017-02-04,423.0,427.0,419.0,420.0,421981579,38289,70,431.0,419.0
702,2017-02-05,419.0,419.0,417.0,418.0,207348124,18908,37,420.0,419.0
703,2017-02-06,416.0,417.0,397.0,399.0,3913941263,373809,125,418.0,408.0
704,2017-02-07,413.0,413.0,396.0,400.0,2501390211,238595,124,399.0,408.0
705,2017-02-08,408.0,420.0,402.0,405.0,13079351518,1232543,221,400.0,420.0
706,2017-02-11,421.0,425.0,421.0,425.0,1563883523,140366,126,405.0,425.0
707,2017-02-12,425.0,439.0,412.0,418.0,265882026,24277,47,425.0,413.0
708,2017-02-13,412.0,433.0,410.0,413.0,186887397,17268,35,418.0,411.0
709,2017-02-14,412.0,416.0,405.0,410.0,381581011,35470,71,413.0,407.0
710,2017-02-15,410.0,410.0,407.0,408.0,456998883,42661,51,410.0,409.0
711,2017-02-18,406.0,427.0,405.0,414.0,1414177904,130228,72,408.0,424.0
712,2017-02-19,424.0,425.0,416.0,420.0,356095017,32295,32,414.0,416.0
713,2017-02-20,416.0,429.0,412.0,415.0,389875463,35846,52,420.0,412.0
714,2017-02-21,419.0,419.0,412.0,413.0,965420559,89015,45,415.0,419.0
715,2017-02-22,414.0,416.0,412.0,413.0,924611640,85267,48,413.0,412.0
716,2017-02-25,412.0,412.0,406.0,410.0,1143220939,106369,99,413.0,409.0
717,2017-02-26,406.0,407.0,402.0,405.0,565393995,53256,48,410.0,402.0
718,2017-02-27,408.0,419.0,404.0,410.0,308763897,28682,38,405.0,419.0
719,2017-02-28,406.0,412.0,405.0,408.0,148253818,13843,20,410.0,408.0
720,2017-03-01,406.0,417.0,406.0,414.0,75416217,6947,14,408.0,417.0
721,2017-03-04,408.0,408.0,406.0,408.0,96154256,8986,16,414.0,406.0
722,2017-03-05,407.0,415.0,402.0,406.0,255692454,24028,31,408.0,402.0
723,2017-03-06,401.0,408.0,400.0,402.0,695107350,65896,44,406.0,400.0
724,2017-03-07,400.0,406.0,400.0,402.0,187712030,17794,8,402.0,406.0
725,2017-03-08,406.0,408.0,400.0,402.0,366041807,34749,20,402.0,400.0
726,2017-03-11,400.0,400.0,397.0,397.0,100180380,9610,23,402.0,397.0
727,2017-03-12,397.0,406.0,397.0,400.0,252245796,24011,25,397.0,406.0
728,2017-03-13,406.0,406.0,402.0,405.0,139841620,13165,15,400.0,402.0
729,2017-03-14,400.0,404.0,398.0,402.0,626619540,59399,34,405.0,403.0
730,2017-03-15,414.0,422.0,403.0,414.0,2036070623,187534,72,402.0,416.0
731,2017-03-18,422.0,427.0,416.0,424.0,215485400,19396,16,414.0,416.0
732,2017-03-25,428.0,428.0,419.0,424.0,157471954,14155,20,424.0,426.0
733,2017-03-26,424.0,424.0,416.0,419.0,277032068,25228,21,424.0,416.0
734,2017-03-27,428.0,428.0,414.0,420.0,707585082,64283,43,419.0,414.0
735,2017-03-28,424.0,426.0,412.0,419.0,147542198,13421,21,420.0,413.0
736,2017-03-29,412.0,429.0,412.0,426.0,1097075567,98093,61,419.0,429.0
737,2017-04-03,421.0,428.0,421.0,423.0,134011200,12063,23,426.0,425.0
738,2017-04-04,429.0,429.0,419.0,419.0,267133999,24293,18,423.0,419.0
739,2017-04-05,419.0,438.0,419.0,431.0,3505111978,309893,96,419.0,438.0
740,2017-04-08,438.0,438.0,416.0,423.0,777401541,70102,62,431.0,419.0
741,2017-04-09,431.0,431.0,419.0,424.0,393201802,35391,34,423.0,419.0
742,2017-04-10,421.0,445.0,418.0,440.0,3793961380,328848,134,424.0,445.0
743,2017-04-12,439.0,462.0,438.0,454.0,1483498199,124482,111,440.0,462.0
744,2017-04-15,462.0,475.0,446.0,463.0,2006361396,165086,92,454.0,475.0
745,2017-04-16,474.0,475.0,454.0,457.0,1701772197,142039,53,463.0,454.0
746,2017-04-17,465.0,465.0,452.0,456.0,2820097621,235532,39,457.0,459.0
747,2017-04-18,453.0,461.0,453.0,456.0,6222222525,520166,87,456.0,461.0
748,2017-04-19,465.0,465.0,457.0,458.0,723374543,60170,20,456.0,458.0
749,2017-04-22,481.0,481.0,481.0,481.0,18951679903,1501361,130,458.0,481.0
750,2017-04-23,505.0,505.0,505.0,505.0,7397295972,558118,57,481.0,505.0
751,2017-04-24,520.0,520.0,508.0,513.0,10170903562,755707,236,505.0,515.0
752,2017-04-26,518.0,518.0,503.0,510.0,3160167213,236158,91,513.0,503.0
753,2017-04-29,507.0,509.0,488.0,495.0,1943267430,149545,29,510.0,496.0
754,2017-04-30,496.0,496.0,480.0,485.0,1100582688,86584,52,495.0,484.0
755,2017-05-01,484.0,492.0,484.0,489.0,1260483690,98313,44,485.0,488.0
756,2017-05-02,485.0,488.0,485.0,486.0,383729743,30086,19,489.0,487.0
757,2017-05-03,492.0,510.0,492.0,510.0,4953088629,370373,115,486.0,510.0
758,2017-05-06,535.0,535.0,534.0,535.0,15725659693,1120011,148,510.0,535.0
759,2017-05-07,539.0,562.0,536.0,560.0,17388239281,1183653,268,535.0,560.0
760,2017-05-08,547.0,568.0,542.0,551.0,2783728107,192738,99,560.0,554.0
761,2017-05-09,535.0,551.0,523.0,534.0,4116534223,293611,84,551.0,538.0
762,2017-05-10,534.0,541.0,515.0,520.0,465439639,34104,27,534.0,515.0
763,2017-05-13,520.0,520.0,496.0,510.0,596726153,44643,28,520.0,518.0
764,2017-05-14,533.0,533.0,506.0,525.0,380694770,27640,22,510.0,517.0
765,2017-05-15,531.0,549.0,531.0,540.0,3911845219,276265,89,525.0,549.0
766,2017-05-16,534.0,535.0,531.0,534.0,377084160,26912,7,540.0,531.0
767,2017-05-17,530.0,534.0,515.0,526.0,1067264229,77299,34,534.0,534.0
768,2017-05-20,541.0,553.0,534.0,551.0,5418879245,375050,77,526.0,553.0
769,2017-05-21,559.0,571.0,542.0,557.0,3637170434,248876,81,551.0,542.0
770,2017-05-22,547.0,560.0,534.0,545.0,1820260853,127307,37,557.0,557.0
771,2017-05-23,553.0,553.0,529.0,533.0,1279379397,91527,24,545.0,529.0
772,2017-05-24,551.0,551.0,511.0,529.0,1569839283,113029,29,533.0,533.0
773,2017-05-27,511.0,515.0,503.0,505.0,5568213571,420758,95,529.0,513.0
774,2017-05-28,484.0,512.0,484.0,501.0,1722512111,131180,51,505.0,512.0
775,2017-05-29,486.0,509.0,486.0,508.0,141367900,10613,3,501.0,509.0
776,2017-05-30,511.0,511.0,485.0,487.0,181188484,14179,31,508.0,497.0
777,2017-05-31,492.0,497.0,485.0,493.0,40780045,3153,6,487.0,497.0
778,2017-06-03,503.0,503.0,486.0,488.0,14018000,1094,5,493.0,487.0
779,2017-06-06,485.0,495.0,485.0,486.0,2567445055,201544,25,488.0,486.0
780,2017-06-07,486.0,492.0,478.0,485.0,1085595704,85361,20,486.0,486.0
781,2017-06-10,478.0,496.0,464.0,480.0,2040056271,162063,46,485.0,496.0
782,2017-06-11,465.0,492.0,465.0,484.0,672356299,53003,15,480.0,473.0
783,2017-06-12,488.0,488.0,477.0,482.0,4930100,390,3,484.0,488.0
784,2017-06-13,473.0,494.0,473.0,479.0,2687620849,213949,46,482.0,494.0
785,2017-06-14,499.0,499.0,482.0,485.0,344707892,27085,18,479.0,485.0
786,2017-06-17,473.0,477.0,473.0,476.0,46331200,3711,8,485.0,477.0
787,2017-06-18,496.0,496.0,478.0,481.0,1106104378,87747,20,476.0,481.0
788,2017-06-19,496.0,496.0,473.0,488.0,779658501,60952,19,481.0,494.0
789,2017-06-20,490.0,492.0,490.0,491.0,42117990,3270,5,488.0,492.0
790,2017-06-21,495.0,504.0,473.0,502.0,723453744,54942,29,491.0,503.0
791,2017-06-24,499.0,503.0,477.0,498.0,827730316,63410,50,502.0,484.0
792,2017-06-25,492.0,497.0,474.0,485.0,528433752,41539,38,498.0,478.0
793,2017-06-28,494.0,501.0,477.0,482.0,629279863,49790,39,485.0,477.0
794,2017-07-01,475.0,496.0,475.0,490.0,17571826,1368,7,482.0,478.0
795,2017-07-02,488.0,488.0,473.0,476.0,127399210,10200,14,490.0,473.0
796,2017-07-03,496.0,496.0,457.0,479.0,220418168,17541,22,476.0,468.0
797,2017-07-04,469.0,484.0,455.0,465.0,3153208766,258373,89,479.0,458.0
798,2017-07-12,498.0,509.0,494.0,499.0,3157367528,258062,55,465.0,509.0
799,2017-07-15,510.0,510.0,494.0,498.0,1047048091,86972,40,499.0,503.0
800,2017-07-16,498.0,512.0,498.0,501.0,3581160704,294139,56,498.0,510.0
801,2017-07-17,487.0,526.0,487.0,525.0,15815404347,1239168,134,501.0,526.0
802,2017-07-18,552.0,552.0,552.0,552.0,24623444034,1837434,187,525.0,552.0
803,2017-07-19,579.0,579.0,556.0,576.0,8683005538,620130,148,552.0,565.0
804,2017-07-22,556.0,574.0,556.0,562.0,1756441165,128658,60,576.0,564.0
805,2017-07-23,564.0,565.0,556.0,556.0,3607385325,266935,56,562.0,556.0
806,2017-07-24,556.0,566.0,556.0,560.0,2682134172,196994,44,556.0,560.0
807,2017-07-25,561.0,588.0,560.0,585.0,37999072032,2675433,232,560.0,588.0
808,2017-07-26,590.0,614.0,590.0,611.0,21194147710,1427172,236,585.0,614.0
809,2017-07-29,635.0,635.0,607.0,621.0,5909539044,391859,147,611.0,617.0
810,2017-07-30,624.0,626.0,613.0,616.0,3990299268,266477,92,621.0,613.0
811,2017-07-31,613.0,634.0,613.0,624.0,8167442465,538352,108,616.0,624.0
812,2017-08-01,634.0,634.0,623.0,626.0,2487468931,163676,116,624.0,626.0
813,2017-08-02,626.0,633.0,621.0,625.0,4635838436,305192,54,626.0,626.0
814,2017-08-06,635.0,635.0,601.0,623.0,10531572114,696058,88,625.0,613.0
815,2017-08-07,617.0,621.0,601.0,607.0,2640850922,178935,68,623.0,603.0
816,2017-08-08,617.0,617.0,584.0,593.0,3362572784,233554,89,607.0,591.0
817,2017-08-09,608.0,608.0,584.0,585.0,2915957190,204977,73,593.0,589.0
818,2017-08-12,586.0,596.0,584.0,585.0,1988976732,139888,38,585.0,584.0
819,2017-08-13,589.0,599.0,585.0,588.0,1499673007,104973,25,585.0,585.0
820,2017-08-14,596.0,617.0,596.0,609.0,16036643170,1084034,141,588.0,617.0
821,2017-08-15,609.0,629.0,609.0,620.0,1211497464,80449,28,609.0,617.0
822,2017-08-16,609.0,626.0,609.0,621.0,4632401766,307014,92,620.0,617.0
823,2017-08-19,626.0,626.0,590.0,591.0,27145180907,1890537,143,621.0,590.0
824,2017-08-20,586.0,586.0,570.0,574.0,2741726943,196425,64,591.0,576.0
825,2017-08-21,574.0,574.0,546.0,552.0,3534547446,263598,82,574.0,547.0
826,2017-08-22,576.0,576.0,554.0,559.0,1843439479,135769,40,552.0,554.0
827,2017-08-23,576.0,576.0,561.0,564.0,526816746,38435,19,559.0,561.0
828,2017-08-26,556.0,575.0,556.0,559.0,762865095,56164,20,564.0,557.0
829,2017-08-27,568.0,574.0,557.0,566.0,635027700,46143,18,559.0,557.0
830,2017-08-28,557.0,574.0,554.0,566.0,8182587550,594678,92,566.0,566.0
831,2017-08-29,556.0,572.0,556.0,559.0,869394813,64039,26,566.0,567.0
832,2017-08-30,555.0,567.0,555.0,560.0,422647488,31083,16,559.0,556.0
833,2017-09-02,554.0,582.0,554.0,575.0,2043851341,146229,64,560.0,582.0
834,2017-09-03,576.0,582.0,560.0,577.0,43130773,3075,13,575.0,582.0
835,2017-09-04,576.0,576.0,564.0,569.0,574660300,41600,12,577.0,576.0
836,2017-09-05,560.0,582.0,560.0,574.0,512179850,36714,14,569.0,577.0
837,2017-09-06,576.0,582.0,576.0,579.0,85839629,6100,7,574.0,582.0
838,2017-09-10,561.0,582.0,556.0,560.0,2736278974,201205,22,579.0,556.0
839,2017-09-11,572.0,572.0,547.0,551.0,2541411816,189728,39,560.0,566.0
840,2017-09-12,572.0,576.0,552.0,572.0,1415725880,101910,21,551.0,553.0
841,2017-09-13,552.0,575.0,552.0,555.0,798227959,59170,23,572.0,552.0
842,2017-09-16,570.0,583.0,556.0,580.0,3197410375,227020,41,555.0,582.0
843,2017-09-17,583.0,583.0,568.0,579.0,1207284825,85875,18,580.0,568.0
844,2017-09-18,587.0,599.0,562.0,565.0,271334681,19783,23,579.0,562.0
845,2017-09-19,576.0,582.0,576.0,580.0,422631899,30000,9,565.0,582.0
846,2017-09-20,581.0,581.0,557.0,578.0,857349970,61013,9,580.0,576.0
847,2017-09-23,568.0,581.0,554.0,570.0,60903312,4394,9,578.0,581.0
848,2017-09-24,560.0,576.0,560.0,573.0,97638132,7018,10,570.0,575.0
849,2017-09-26,560.0,575.0,560.0,570.0,287003016,20730,18,573.0,568.0
850,2017-09-27,562.0,562.0,555.0,557.0,337656647,24951,30,570.0,555.0
851,2017-10-02,568.0,569.0,552.0,557.0,1359931125,100474,56,557.0,552.0
852,2017-10-03,552.0,562.0,541.0,556.0,809618505,59921,25,557.0,541.0
853,2017-10-04,548.0,559.0,547.0,555.0,407316308,30193,29,556.0,559.0
854,2017-10-07,547.0,568.0,531.0,546.0,1776932690,133999,61,555.0,568.0
855,2017-10-08,535.0,535.0,533.0,534.0,244631404,18872,18,546.0,533.0
856,2017-10-10,535.0,554.0,535.0,543.0,45191600,3423,19,534.0,540.0
857,2017-10-11,537.0,543.0,533.0,535.0,589113886,45350,9,543.0,534.0
858,2017-10-14,551.0,551.0,535.0,547.0,120640327,9074,32,535.0,551.0
859,2017-10-15,551.0,551.0,535.0,538.0,171577118,13117,17,547.0,536.0
860,2017-10-16,536.0,536.0,535.0,535.0,284379983,21869,19,538.0,535.0
861,2017-10-17,542.0,545.0,535.0,540.0,215235342,16404,19,535.0,535.0
862,2017-10-18,544.0,556.0,544.0,549.0,798606398,59917,48,540.0,556.0
863,2017-10-21,557.0,571.0,556.0,564.0,555204468,40549,23,549.0,571.0
864,2017-10-22,571.0,571.0,549.0,557.0,873002011,64494,22,564.0,549.0
865,2017-10-30,585.0,585.0,585.0,585.0,2845611912,200226,18,557.0,585.0
866,2017-10-31,614.0,614.0,614.0,614.0,8400190680,562940,56,585.0,614.0
867,2017-11-01,623.0,628.0,613.0,621.0,13853858586,918237,301,614.0,621.0
868,2017-11-04,626.0,626.0,617.0,622.0,7024795790,464685,116,621.0,624.0
869,2017-11-05,626.0,626.0,614.0,617.0,1858116980,124021,47,622.0,614.0
870,2017-11-06,627.0,627.0,610.0,613.0,1465790568,98447,42,617.0,611.0
871,2017-11-07,619.0,626.0,598.0,624.0,983365312,64902,25,613.0,601.0
872,2017-11-08,605.0,625.0,605.0,616.0,1705741899,114011,43,624.0,610.0
873,2017-11-11,621.0,621.0,598.0,601.0,1536917446,105165,38,616.0,612.0
874,2017-11-12,598.0,598.0,594.0,596.0,1040498483,71841,48,601.0,594.0
875,2017-11-13,603.0,613.0,592.0,596.0,272658589,18813,25,596.0,592.0
876,2017-11-14,593.0,599.0,593.0,594.0,435843803,30205,33,596.0,594.0
877,2017-11-15,593.0,605.0,593.0,597.0,707144589,48722,28,594.0,605.0
878,2017-11-18,597.0,597.0,597.0,597.0,892539761,61547,35,597.0,597.0
879,2017-11-20,605.0,613.0,595.0,597.0,943709269,65058,33,597.0,596.0
880,2017-11-21,597.0,609.0,597.0,597.0,1395173203,96111,49,597.0,597.0
881,2017-11-22,593.0,597.0,593.0,595.0,1700263483,117686,48,597.0,593.0
882,2017-11-25,593.0,618.0,593.0,616.0,4534519364,302733,82,595.0,613.0
883,2017-11-26,617.0,619.0,603.0,613.0,626868703,42084,31,616.0,604.0
884,2017-11-28,617.0,617.0,611.0,614.0,362550170,24314,40,613.0,613.0
885,2017-11-29,616.0,617.0,610.0,615.0,3084513796,206382,66,614.0,610.0
886,2017-12-02,617.0,617.0,611.0,612.0,903908247,60809,18,615.0,611.0
887,2017-12-03,609.0,613.0,603.0,605.0,2844648938,193351,39,612.0,609.0
888,2017-12-04,603.0,613.0,598.0,611.0,1189608460,80181,33,605.0,607.0
889,2017-12-05,596.0,613.0,596.0,609.0,2192150150,148130,51,611.0,609.0
890,2017-12-09,609.0,609.0,598.0,605.0,414905378,28227,26,609.0,609.0
891,2017-12-10,617.0,617.0,601.0,606.0,2639039399,179139,43,605.0,606.0
892,2017-12-11,609.0,613.0,603.0,610.0,196001618,13229,12,606.0,606.0
893,2017-12-12,617.0,628.0,617.0,622.0,6788726760,449326,123,610.0,617.0
894,2017-12-13,617.0,621.0,610.0,617.0,389680245,25974,15,622.0,617.0
895,2017-12-16,617.0,624.0,617.0,619.0,337692253,22461,28,617.0,619.0
896,2017-12-17,628.0,630.0,618.0,625.0,5550795113,365268,71,619.0,622.0
897,2017-12-18,617.0,626.0,616.0,624.0,551850106,36413,22,625.0,626.0
898,2017-12-19,621.0,623.0,615.0,617.0,649430560,43293,19,624.0,615.0
899,2017-12-20,615.0,617.0,609.0,612.0,4731626501,318207,54,617.0,614.0
900,2017-12-23,622.0,623.0,614.0,618.0,2858608519,190513,58,612.0,615.0
901,2017-12-24,615.0,621.0,613.0,617.0,322887108,21549,18,618.0,613.0
902,2017-12-25,633.0,648.0,617.0,644.0,17191195539,1098498,280,617.0,648.0
903,2017-12-26,654.0,659.0,625.0,637.0,4770816307,308164,175,644.0,638.0
904,2017-12-27,650.0,650.0,630.0,632.0,2363755396,154015,45,637.0,630.0
905,2017-12-30,632.0,632.0,604.0,609.0,2830572742,191305,64,632.0,616.0
906,2017-12-31,600.0,609.0,579.0,587.0,1643821128,115228,61,609.0,589.0
907,2018-01-01,597.0,605.0,597.0,600.0,339368546,23283,23,587.0,599.0
908,2018-01-02,597.0,613.0,583.0,590.0,338276087,23613,18,600.0,606.0
909,2018-01-03,587.0,602.0,584.0,586.0,614008435,43134,18,590.0,599.0
910,2018-01-06,581.0,604.0,581.0,585.0,2096858461,147433,70,586.0,581.0
911,2018-01-07,597.0,597.0,582.0,587.0,161256714,11305,26,585.0,589.0
912,2018-01-08,585.0,593.0,578.0,585.0,483208306,33993,39,587.0,578.0
913,2018-01-09,595.0,595.0,576.0,579.0,173562360,12339,23,585.0,576.0
914,2018-01-10,577.0,593.0,577.0,586.0,343311070,24100,28,579.0,592.0
915,2018-01-13,593.0,593.0,584.0,586.0,683068900,47938,46,586.0,584.0
916,2018-01-14,590.0,591.0,572.0,579.0,1281431982,91145,89,586.0,572.0
917,2018-01-15,571.0,588.0,571.0,585.0,333387741,23465,29,579.0,578.0
918,2018-01-16,586.0,600.0,579.0,590.0,1567111772,109292,44,585.0,579.0
919,2018-01-17,595.0,600.0,573.0,577.0,17950668692,1280861,145,590.0,576.0
920,2018-01-20,576.0,584.0,570.0,576.0,6510397706,465006,65,577.0,573.0
921,2018-01-21,605.0,605.0,596.0,604.0,5953797963,405578,154,576.0,605.0
922,2018-01-22,606.0,606.0,586.0,593.0,4718257265,327198,98,604.0,594.0
923,2018-01-23,583.0,597.0,583.0,589.0,1222703437,85370,39,593.0,584.0
924,2018-01-24,589.0,593.0,568.0,576.0,1863684905,133098,111,589.0,568.0
925,2018-01-27,569.0,605.0,569.0,600.0,9196296797,630993,85,576.0,593.0
926,2018-01-28,576.0,593.0,571.0,577.0,1544185190,110087,54,600.0,582.0
927,2018-01-29,573.0,580.0,570.0,573.0,1195910068,85850,58,577.0,570.0
928,2018-01-30,574.0,574.0,568.0,572.0,837644247,60273,40,573.0,571.0
929,2018-01-31,570.0,572.0,566.0,568.0,220459855,15974,19,572.0,572.0
930,2018-02-03,571.0,571.0,552.0,567.0,6851777930,497379,69,568.0,552.0
931,2018-02-04,564.0,564.0,554.0,556.0,133996621,9911,26,567.0,556.0
932,2018-02-05,552.0,558.0,552.0,556.0,844656184,62507,40,556.0,554.0
933,2018-02-06,556.0,556.0,543.0,545.0,4059373901,306694,121,556.0,543.0
934,2018-02-07,543.0,547.0,542.0,544.0,280486369,21222,31,545.0,545.0
935,2018-02-10,542.0,545.0,542.0,543.0,770936200,58393,41,544.0,542.0
936,2018-02-12,540.0,541.0,538.0,539.0,371931181,28380,52,543.0,540.0
937,2018-02-13,539.0,543.0,539.0,541.0,537395797,40886,36,539.0,541.0
938,2018-02-14,541.0,560.0,535.0,549.0,2990678450,224227,73,541.0,552.0
939,2018-02-17,547.0,549.0,543.0,547.0,300246040,22571,26,549.0,547.0
940,2018-02-18,540.0,551.0,540.0,543.0,113034675,8565,8,547.0,543.0
941,2018-02-19,540.0,540.0,535.0,537.0,73247780,5610,15,543.0,536.0
942,2018-02-21,537.0,549.0,536.0,537.0,705541717,54057,40,537.0,536.0
943,2018-02-24,537.0,538.0,535.0,537.0,133291112,10210,20,537.0,538.0
944,2018-02-25,539.0,547.0,535.0,536.0,122130908,9374,16,537.0,535.0
945,2018-02-26,538.0,543.0,538.0,539.0,184331818,14081,14,536.0,539.0
946,2018-02-27,536.0,536.0,521.0,534.0,2027190054,156207,79,539.0,523.0
947,2018-02-28,520.0,520.0,512.0,515.0,1052555002,84191,97,534.0,516.0
948,2018-03-03,520.0,527.0,514.0,516.0,143676561,11461,23,515.0,519.0
949,2018-03-04,514.0,514.0,509.0,512.0,685853850,55119,33,516.0,509.0
950,2018-03-05,509.0,509.0,490.0,498.0,1190256385,98463,75,512.0,507.0
951,2018-03-06,490.0,510.0,490.0,500.0,413503645,34025,43,498.0,500.0
952,2018-03-07,499.0,512.0,497.0,502.0,203822310,16701,21,500.0,504.0
953,2018-03-10,502.0,502.0,490.0,493.0,370206286,30884,38,502.0,490.0
954,2018-03-11,492.0,492.0,486.0,490.0,370097250,31077,52,493.0,491.0
955,2018-03-12,490.0,490.0,473.0,481.0,647235486,55410,32,490.0,480.0
956,2018-03-13,480.0,494.0,475.0,484.0,425392612,36144,32,481.0,477.0
957,2018-03-14,486.0,509.0,486.0,505.0,438410988,35757,22,484.0,506.0
958,2018-03-17,502.0,502.0,494.0,497.0,162847962,13483,15,505.0,495.0
959,2018-03-18,498.0,506.0,498.0,502.0,33182049,2721,11,497.0,498.0
960,2018-03-19,506.0,510.0,502.0,506.0,423189450,34393,15,502.0,506.0
961,2018-03-25,514.0,518.0,510.0,512.0,188066333,15125,11,506.0,510.0
962,2018-03-26,506.0,510.0,504.0,506.0,134561121,10938,16,512.0,505.0
963,2018-03-27,505.0,508.0,506.0,506.0,57326083,4659,11,506.0,506.0
964,2018-03-28,504.0,506.0,504.0,505.0,6750600,550,3,506.0,506.0
965,2018-04-03,506.0,513.0,502.0,509.0,196328264,15877,21,505.0,502.0
966,2018-04-04,506.0,517.0,506.0,513.0,61571840,4939,6,509.0,517.0
967,2018-04-07,502.0,510.0,502.0,506.0,26880504,2187,8,513.0,510.0
968,2018-04-08,506.0,506.0,486.0,491.0,366810629,30747,33,506.0,486.0
969,2018-04-09,482.0,483.0,466.0,471.0,1882952887,164511,128,491.0,466.0
970,2018-04-10,471.0,478.0,463.0,472.0,223645494,19488,20,471.0,472.0
971,2018-04-11,464.0,464.0,459.0,463.0,242254592,21533,22,472.0,459.0
972,2018-04-15,481.0,481.0,479.0,480.0,109323938,9382,6,463.0,479.0
973,2018-04-16,482.0,482.0,468.0,474.0,17578820,1527,7,480.0,468.0
974,2018-04-17,467.0,482.0,467.0,474.0,2396233,208,4,474.0,482.0
975,2018-04-18,479.0,479.0,459.0,472.0,83175246,7251,24,474.0,473.0
976,2018-04-21,464.0,477.0,464.0,474.0,67194105,5830,12,472.0,467.0
977,2018-04-22,477.0,477.0,461.0,462.0,294777951,26282,36,474.0,461.0
978,2018-04-23,459.0,464.0,459.0,461.0,361385640,32260,28,462.0,461.0
979,2018-04-24,472.0,481.0,469.0,474.0,531677937,46116,36,461.0,469.0
980,2018-04-25,463.0,477.0,463.0,465.0,249447870,22092,22,474.0,463.0
981,2018-04-28,463.0,465.0,457.0,460.0,495245690,44338,39,465.0,457.0
982,2018-04-29,469.0,469.0,455.0,456.0,274056889,24735,24,460.0,461.0
983,2018-04-30,460.0,460.0,458.0,460.0,28103386,2516,11,456.0,460.0
984,2018-05-01,457.0,465.0,454.0,456.0,25423219,2293,8,460.0,456.0
985,2018-05-05,455.0,461.0,453.0,454.0,890832402,80841,35,456.0,453.0
986,2018-05-06,453.0,453.0,438.0,444.0,428617342,39760,50,454.0,440.0
987,2018-05-07,440.0,459.0,440.0,454.0,311808801,28238,32,444.0,459.0
988,2018-05-08,453.0,461.0,453.0,458.0,119053506,10706,9,454.0,459.0
989,2018-05-09,453.0,453.0,447.0,451.0,548996725,50061,25,458.0,447.0
990,2018-05-12,453.0,453.0,453.0,453.0,224812144,20440,16,451.0,453.0
991,2018-05-13,453.0,461.0,453.0,458.0,596903327,53580,19,453.0,456.0
992,2018-05-14,456.0,463.0,456.0,460.0,808247950,72333,56,458.0,459.0
993,2018-05-15,461.0,462.0,461.0,461.0,414011572,36956,25,460.0,462.0
994,2018-05-16,461.0,471.0,461.0,466.0,93096074,8229,15,461.0,466.0
995,2018-05-19,466.0,469.0,465.0,466.0,13007006305,1149664,47,466.0,469.0
996,2018-05-20,469.0,476.0,466.0,472.0,311167877,27111,29,466.0,476.0
997,2018-05-21,476.0,482.0,467.0,472.0,1306781726,113995,64,472.0,468.0
998,2018-05-22,477.0,479.0,461.0,468.0,650646594,57211,58,472.0,461.0
999,2018-05-23,461.0,462.0,456.0,459.0,880265528,78949,75,468.0,457.0
1000,2018-05-26,457.0,459.0,449.0,454.0,1352852448,122681,91,459.0,450.0
1001,2018-05-27,453.0,453.0,449.0,450.0,1194647722,109326,71,454.0,449.0
1002,2018-05-28,449.0,453.0,449.0,450.0,552881951,50527,29,450.0,452.0
1003,2018-05-29,453.0,453.0,445.0,446.0,577424627,53246,29,450.0,445.0
1004,2018-05-30,456.0,456.0,447.0,449.0,353771139,32411,27,446.0,448.0
1005,2018-06-02,447.0,447.0,441.0,444.0,1056566179,97954,69,449.0,442.0
1006,2018-06-03,442.0,445.0,441.0,443.0,1096647050,101952,62,444.0,441.0
1007,2018-06-09,442.0,443.0,440.0,441.0,891086851,83078,43,443.0,440.0
1008,2018-06-10,443.0,443.0,435.0,439.0,1067654398,99989,79,441.0,435.0
1009,2018-06-11,435.0,435.0,432.0,434.0,491800773,46594,63,439.0,433.0
1010,2018-06-12,432.0,452.0,432.0,441.0,1027660454,95805,88,434.0,439.0
1011,2018-06-13,456.0,463.0,449.0,456.0,2815868065,254098,98,441.0,458.0
1012,2018-06-17,464.0,479.0,464.0,475.0,6226820329,539838,204,456.0,477.0
1013,2018-06-18,485.0,485.0,465.0,477.0,2308465523,199355,71,475.0,465.0
1014,2018-06-19,489.0,489.0,454.0,457.0,2538732095,228523,175,477.0,454.0
1015,2018-06-20,453.0,461.0,453.0,457.0,618933043,55732,41,457.0,460.0
1016,2018-06-23,463.0,466.0,461.0,465.0,2249847553,199179,103,457.0,466.0
1017,2018-06-24,465.0,477.0,465.0,467.0,2624735025,231269,134,465.0,473.0
1018,2018-06-25,473.0,486.0,469.0,475.0,3857170007,334054,166,467.0,485.0
1019,2018-06-26,473.0,474.0,467.0,471.0,1602028827,139988,73,475.0,469.0
1020,2018-06-27,483.0,483.0,467.0,468.0,730078113,64218,46,471.0,467.0
1021,2018-06-30,481.0,481.0,470.0,475.0,1000332465,86756,27,468.0,473.0
1022,2018-07-01,477.0,477.0,469.0,470.0,817851301,71563,37,475.0,469.0
1023,2018-07-02,477.0,481.0,471.0,471.0,409106499,35719,24,470.0,471.0
1024,2018-07-03,469.0,477.0,469.0,474.0,1429143861,124033,40,471.0,473.0
1025,2018-07-04,474.0,474.0,467.0,469.0,1532260893,134499,37,474.0,467.0
1026,2018-07-07,466.0,466.0,459.0,459.0,20724838859,1858177,207,469.0,465.0
1027,2018-07-08,461.0,465.0,459.0,463.0,454561830,40447,34,459.0,459.0
1028,2018-07-10,459.0,459.0,440.0,445.0,371517382,34374,46,463.0,445.0
1029,2018-07-11,436.0,456.0,424.0,431.0,908550816,86722,68,445.0,456.0
1030,2018-07-14,453.0,453.0,453.0,453.0,141075000,12825,21,431.0,453.0
1031,2018-07-15,473.0,473.0,453.0,467.0,356579416,31457,31,453.0,468.0
1032,2018-07-16,453.0,474.0,447.0,452.0,886697751,80673,45,467.0,453.0
1033,2018-07-17,449.0,449.0,438.0,443.0,1294458858,120246,73,452.0,438.0
1034,2018-07-18,452.0,452.0,435.0,439.0,722031912,67734,66,443.0,449.0
1035,2018-07-21,435.0,460.0,435.0,455.0,705710741,63843,52,439.0,460.0
1036,2018-10-02,720.0,756.0,704.0,744.0,99032295283,5477786,581,455.0,712.0
1037,2018-10-03,759.0,759.0,720.0,740.0,81991008319,4560444,802,744.0,739.0
1038,2018-10-06,739.0,749.0,703.0,721.0,84490710963,4822598,698,740.0,703.0
1039,2018-10-10,721.0,757.0,686.0,728.0,59332902501,3417916,457,721.0,708.0
1040,2018-10-13,696.0,725.0,691.0,695.0,1431706752,86347,44,728.0,691.0
1041,2018-10-14,660.0,670.0,660.0,660.0,18915711301,1200636,257,695.0,660.0
1042,2018-10-15,673.0,693.0,656.0,690.0,35454555369,2152132,255,660.0,690.0
1043,2018-10-16,725.0,725.0,712.0,725.0,75103636129,4342062,616,690.0,725.0
1044,2018-10-17,729.0,761.0,717.0,758.0,52107861540,2881144,461,725.0,761.0
1045,2018-10-20,796.0,796.0,792.0,796.0,134594831718,7087914,666,758.0,796.0
1046,2018-10-22,796.0,804.0,757.0,781.0,53780401323,2887324,484,796.0,770.0
1047,2018-10-23,742.0,759.0,742.0,742.0,25220741716,1425248,179,781.0,742.0
1048,2018-10-24,705.0,739.0,705.0,714.0,147182362422,8644511,796,742.0,737.0
1049,2018-10-27,738.0,749.0,717.0,746.0,38766305666,2177425,278,714.0,740.0
1050,2018-10-28,718.0,748.0,714.0,725.0,26028043440,1505071,277,746.0,746.0
1051,2018-10-29,733.0,754.0,725.0,735.0,6644872965,378738,80,725.0,729.0
1052,2018-10-31,721.0,750.0,715.0,739.0,12587675601,714015,166,735.0,744.0
1053,2018-11-03,733.0,754.0,721.0,738.0,7923913358,450016,126,739.0,740.0
1054,2018-11-04,740.0,762.0,723.0,743.0,14537375189,820525,192,738.0,752.0
1055,2018-11-05,752.0,779.0,736.0,763.0,17888715701,983056,313,743.0,761.0
1056,2018-11-06,754.0,784.0,754.0,772.0,28311626372,1537885,264,763.0,769.0
1057,2018-11-10,784.0,784.0,733.0,737.0,12110110484,688219,193,772.0,733.0
1058,2018-11-11,753.0,753.0,713.0,720.0,2061178114,119915,84,737.0,729.0
1059,2018-11-12,715.0,754.0,715.0,740.0,4878894688,276188,100,720.0,738.0
1060,2018-11-13,749.0,750.0,725.0,730.0,1509011429,86646,42,740.0,729.0
1061,2018-11-14,721.0,733.0,699.0,717.0,22534084783,1316621,269,730.0,729.0
1062,2018-11-17,705.0,729.0,692.0,707.0,3359522486,199122,110,717.0,692.0
1063,2018-11-18,725.0,729.0,672.0,684.0,43161770698,2643547,315,707.0,672.0
1064,2018-11-19,672.0,691.0,672.0,683.0,1517872020,93125,67,684.0,686.0
1065,2018-11-20,690.0,717.0,679.0,704.0,16646744240,990742,161,683.0,717.0
1066,2018-11-21,738.0,739.0,723.0,736.0,18101299791,1030057,215,704.0,736.0
1067,2018-11-24,750.0,750.0,700.0,702.0,4771673984,284754,112,736.0,700.0
1068,2018-11-26,684.0,700.0,668.0,673.0,4429139022,275877,87,702.0,698.0
1069,2018-11-27,705.0,705.0,685.0,702.0,413712225,24712,24,673.0,692.0
1070,2018-11-28,705.0,706.0,667.0,669.0,16682844861,1045649,203,702.0,667.0
1071,2018-12-01,635.0,670.0,635.0,635.0,2095853730,138225,42,669.0,635.0
1072,2018-12-02,620.0,662.0,620.0,636.0,1345530791,88606,42,635.0,640.0
1073,2018-12-03,645.0,653.0,613.0,635.0,3204633395,211530,114,636.0,621.0
1074,2018-12-04,633.0,633.0,604.0,608.0,2654532747,183048,107,635.0,605.0
1075,2018-12-05,629.0,637.0,583.0,625.0,3522283122,236032,102,608.0,629.0
1076,2018-12-08,629.0,642.0,620.0,631.0,3170186606,210498,87,625.0,633.0
1077,2018-12-09,639.0,639.0,616.0,620.0,2557069079,172823,90,631.0,624.0
1078,2018-12-10,629.0,629.0,606.0,609.0,2449774033,168514,59,620.0,608.0
1079,2018-12-12,600.0,616.0,591.0,595.0,3961302524,278953,88,609.0,608.0
1080,2018-12-15,609.0,616.0,595.0,601.0,2009226201,140067,65,595.0,595.0
1081,2018-12-16,618.0,631.0,604.0,615.0,2551773434,173823,134,601.0,610.0
1082,2018-12-17,628.0,628.0,588.0,596.0,1526132363,107255,61,615.0,589.0
1083,2018-12-18,608.0,608.0,578.0,582.0,955942059,68897,47,596.0,595.0
1084,2018-12-19,605.0,605.0,552.0,553.0,12240729718,928013,186,582.0,573.0
1085,2018-12-22,578.0,578.0,545.0,563.0,1683289843,125274,84,553.0,566.0
1086,2018-12-23,576.0,591.0,570.0,586.0,3223192543,230518,120,563.0,586.0
1087,2018-12-24,599.0,614.0,587.0,602.0,2082949769,145128,99,586.0,607.0
1088,2018-12-25,612.0,612.0,571.0,572.0,9294619215,680419,197,602.0,571.0
1089,2018-12-26,562.0,587.0,547.0,561.0,1793632469,134005,92,572.0,580.0
1090,2018-12-29,582.0,582.0,557.0,571.0,651245791,47817,67,561.0,570.0
1091,2018-12-30,559.0,582.0,542.0,555.0,2416022822,182559,137,571.0,562.0
1092,2018-12-31,578.0,576.0,543.0,548.0,1143240845,87362,119,555.0,545.0
1093,2019-01-01,549.0,568.0,541.0,546.0,4027346642,308894,225,548.0,549.0
1094,2019-01-02,542.0,546.0,524.0,536.0,2250200850,175928,143,546.0,528.0
1095,2019-01-05,549.0,549.0,520.0,524.0,5416774236,433569,175,536.0,530.0
1096,2019-01-06,528.0,545.0,524.0,539.0,2028849940,157803,93,524.0,545.0
1097,2019-01-07,553.0,554.0,529.0,539.0,3313612633,257863,138,539.0,536.0
1098,2019-01-08,536.0,552.0,536.0,548.0,620387405,47483,41,539.0,545.0
1099,2019-01-09,551.0,553.0,542.0,547.0,7292556545,559008,126,548.0,545.0
1100,2019-01-12,549.0,549.0,535.0,541.0,1209786681,93702,73,547.0,545.0
1101,2019-01-13,545.0,557.0,530.0,547.0,2948888447,225981,106,541.0,557.0
1102,2019-01-14,561.0,574.0,557.0,570.0,5712738514,420100,280,547.0,571.0
1103,2019-01-15,574.0,574.0,549.0,564.0,2157181861,160414,57,570.0,564.0
1104,2019-01-16,574.0,574.0,555.0,563.0,1483706342,110476,102,564.0,558.0
1105,2019-01-19,562.0,582.0,562.0,578.0,2945832774,213545,186,563.0,578.0
1106,2019-01-20,583.0,583.0,551.0,572.0,1521599610,111484,91,578.0,566.0
1107,2019-01-21,578.0,578.0,543.0,544.0,3637820946,280246,147,572.0,553.0
1108,2019-01-22,568.0,571.0,545.0,571.0,7801609555,573099,149,544.0,571.0
1109,2019-01-23,583.0,584.0,567.0,575.0,1433804729,104451,124,571.0,577.0
1110,2019-01-26,583.0,583.0,562.0,569.0,1527968069,112591,90,575.0,576.0
1111,2019-01-27,578.0,578.0,545.0,552.0,2230254548,169329,87,569.0,545.0
1112,2019-01-28,566.0,566.0,545.0,548.0,1319698044,100946,58,552.0,552.0
1113,2019-01-29,545.0,559.0,545.0,549.0,683651928,52202,45,548.0,550.0
1114,2019-01-30,545.0,555.0,540.0,543.0,2160172413,166721,65,549.0,545.0
1115,2019-02-02,553.0,553.0,538.0,539.0,482531738,37533,38,543.0,549.0
1116,2019-02-03,545.0,545.0,515.0,530.0,1576548293,124727,91,539.0,536.0
1117,2019-02-04,518.0,545.0,518.0,539.0,438664470,34092,31,530.0,536.0
1118,2019-02-05,528.0,540.0,520.0,523.0,1155121691,92498,90,539.0,522.0
1119,2019-02-06,540.0,540.0,520.0,520.0,2672063806,215385,91,523.0,520.0
1120,2019-02-10,524.0,524.0,511.0,516.0,1700635807,138095,57,520.0,523.0
1121,2019-02-12,512.0,527.0,511.0,516.0,879670889,71432,41,516.0,524.0
1122,2019-02-13,528.0,528.0,514.0,515.0,678410166,55199,48,516.0,516.0
1123,2019-02-16,515.0,528.0,514.0,517.0,650318252,52764,49,515.0,518.0
1124,2019-02-17,523.0,538.0,514.0,519.0,2207351692,178263,106,517.0,514.0
1125,2019-02-18,515.0,536.0,512.0,522.0,1215214851,97514,53,519.0,522.0
1126,2019-02-19,515.0,532.0,513.0,524.0,1309351633,104796,48,522.0,524.0
1127,2019-02-20,536.0,536.0,513.0,525.0,1551153725,123895,51,524.0,532.0
1128,2019-02-23,541.0,541.0,524.0,534.0,2375274571,186503,113,525.0,528.0
1129,2019-02-24,524.0,540.0,524.0,537.0,851658391,66405,43,534.0,540.0
1130,2019-02-25,526.0,560.0,526.0,554.0,1422911874,107611,112,537.0,555.0
1131,2019-02-26,559.0,559.0,536.0,547.0,821867178,62987,56,554.0,548.0
1132,2019-02-27,560.0,560.0,537.0,549.0,328678025,25069,38,547.0,545.0
1133,2019-03-02,541.0,549.0,541.0,545.0,902633987,69447,57,549.0,545.0
1134,2019-03-03,545.0,548.0,528.0,535.0,1723772592,134958,95,545.0,534.0
1135,2019-03-04,545.0,545.0,528.0,532.0,129979368,10236,32,535.0,532.0
1136,2019-03-05,545.0,545.0,520.0,531.0,507212589,40002,39,532.0,528.0
1137,2019-03-06,520.0,538.0,520.0,523.0,1161798437,93145,74,531.0,521.0
1138,2019-03-09,520.0,534.0,520.0,526.0,488805771,38937,36,523.0,524.0
1139,2019-03-10,524.0,543.0,513.0,528.0,3445873091,273433,177,526.0,537.0
1140,2019-03-11,542.0,555.0,541.0,554.0,16466824980,1246254,413,528.0,549.0
1141,2019-03-12,572.0,572.0,554.0,563.0,4163531516,309761,199,554.0,562.0
1142,2019-03-13,578.0,591.0,562.0,577.0,4590475576,333539,222,563.0,581.0
1143,2019-03-16,587.0,606.0,566.0,597.0,6519765196,458070,197,577.0,599.0
1144,2019-03-17,605.0,606.0,583.0,597.0,11160986091,783954,200,597.0,589.0
1145,2019-03-18,608.0,608.0,573.0,581.0,3126857038,225573,170,597.0,577.0
1146,2019-03-19,566.0,579.0,560.0,573.0,1499376408,109609,139,581.0,574.0
1147,2019-03-25,585.0,585.0,557.0,563.0,1453699930,108153,65,573.0,562.0
1148,2019-03-26,551.0,574.0,551.0,567.0,1896547218,140234,90,563.0,573.0
1149,2019-03-27,583.0,584.0,562.0,569.0,811233910,59801,75,567.0,573.0
1150,2019-03-30,587.0,587.0,572.0,574.0,2078280762,151660,123,569.0,574.0
1151,2019-03-31,574.0,578.0,557.0,568.0,3176146579,234503,136,574.0,566.0
1152,2019-04-06,566.0,578.0,557.0,570.0,2066221095,151941,101,568.0,568.0
1153,2019-04-07,562.0,578.0,562.0,572.0,4349120119,318374,164,570.0,574.0
1154,2019-04-08,566.0,601.0,566.0,584.0,7834536302,562469,263,572.0,601.0
1155,2019-04-09,610.0,610.0,586.0,590.0,6498375671,461784,231,584.0,591.0
1156,2019-04-10,597.0,619.0,591.0,610.0,3414348300,234694,173,590.0,608.0
1157,2019-04-13,616.0,639.0,602.0,623.0,5671322379,381396,223,610.0,607.0
1158,2019-04-14,611.0,637.0,596.0,622.0,10127121581,682800,154,623.0,637.0
1159,2019-04-15,636.0,637.0,626.0,635.0,6150432903,406049,131,622.0,635.0
1160,2019-04-16,637.0,650.0,608.0,628.0,5872172597,392074,168,635.0,608.0
1161,2019-04-17,603.0,608.0,596.0,597.0,25314303295,1777973,336,628.0,596.0
1162,2019-04-20,612.0,620.0,597.0,609.0,3462635914,238181,135,597.0,616.0
1163,2019-04-22,624.0,626.0,599.0,610.0,3967488078,272640,128,609.0,608.0
1164,2019-04-23,592.0,600.0,583.0,594.0,1388743462,97971,89,610.0,595.0
1165,2019-04-24,601.0,616.0,591.0,596.0,3870858125,272188,112,594.0,596.0
1166,2019-04-27,591.0,626.0,587.0,623.0,10907900352,734283,255,596.0,626.0
1167,2019-04-28,650.0,653.0,633.0,646.0,12591506251,817083,352,623.0,649.0
1168,2019-04-29,654.0,676.0,639.0,658.0,6751694730,429875,251,646.0,645.0
1169,2019-04-30,642.0,683.0,636.0,651.0,4402343858,283212,156,658.0,652.0
1170,2019-05-01,651.0,651.0,629.0,635.0,3444925822,227289,170,651.0,647.0
1171,2019-05-04,652.0,654.0,629.0,646.0,10236403004,664567,199,635.0,645.0
1172,2019-05-05,657.0,674.0,613.0,633.0,6817115400,451479,223,646.0,637.0
1173,2019-05-06,649.0,649.0,601.0,604.0,20992830845,1456504,254,633.0,616.0
1174,2019-05-07,591.0,628.0,578.0,592.0,2120896735,150248,83,604.0,587.0
1175,2019-05-08,562.0,621.0,562.0,601.0,4474801342,311885,114,592.0,598.0
1176,2019-05-11,621.0,621.0,586.0,608.0,2574740796,177548,115,601.0,587.0
1177,2019-05-12,588.0,588.0,577.0,578.0,4972508233,360723,209,608.0,577.0
1178,2019-05-13,571.0,587.0,560.0,570.0,2116576644,155646,128,578.0,581.0
1179,2019-05-14,587.0,592.0,574.0,585.0,1710802884,122637,128,570.0,591.0
1180,2019-05-15,592.0,595.0,571.0,580.0,1670081575,120728,92,585.0,574.0
1181,2019-05-18,607.0,607.0,587.0,591.0,2385161008,169239,120,580.0,589.0
1182,2019-05-19,613.0,618.0,583.0,597.0,2122305035,149020,123,591.0,587.0
1183,2019-05-20,578.0,597.0,567.0,575.0,2297603991,167474,102,597.0,580.0
1184,2019-05-21,570.0,587.0,546.0,569.0,5137249928,378656,194,575.0,577.0
1185,2019-05-22,583.0,597.0,578.0,596.0,13917880513,978110,152,569.0,597.0
1186,2019-05-25,626.0,626.0,626.0,626.0,8109671040,542816,85,596.0,626.0
1187,2019-05-26,657.0,657.0,657.0,657.0,10445408568,665864,107,626.0,657.0
1188,2019-05-28,690.0,690.0,671.0,690.0,62544847906,3799129,488,657.0,690.0
1189,2019-05-29,692.0,712.0,665.0,686.0,4878096045,298023,292,690.0,666.0
1190,2019-06-01,660.0,671.0,652.0,654.0,11045115458,708253,257,686.0,652.0
1191,2019-06-02,638.0,666.0,638.0,661.0,4510031400,286108,142,654.0,664.0
1192,2019-06-03,666.0,694.0,644.0,679.0,18872775248,1165100,270,661.0,694.0
1193,2019-06-08,713.0,713.0,713.0,713.0,16100050704,946672,119,679.0,713.0
1194,2019-06-09,748.0,748.0,748.0,748.0,37169559784,2081512,157,713.0,748.0
1195,2019-06-10,786.0,786.0,786.0,786.0,145630120146,7767354,270,748.0,786.0
1196,2019-06-11,825.0,825.0,825.0,825.0,82380063258,4184703,202,786.0,825.0
1197,2019-06-12,866.0,866.0,866.0,866.0,25414426440,1229532,101,825.0,866.0
1198,2019-06-17,910.0,955.0,910.0,954.0,31646969079,1390043,130,866.0,955.0
1199,2019-06-18,1002.0,1002.0,969.0,1002.0,154048527201,6444401,501,954.0,1002.0
1200,2019-06-19,1002.0,1024.0,952.0,978.0,113040722657,4844265,752,1002.0,964.0
1201,2019-06-22,929.0,943.0,929.0,930.0,87643523980,3949397,505,978.0,929.0
1202,2019-06-23,931.0,977.0,931.0,976.0,83338620301,3579466,418,930.0,977.0
1203,2019-06-24,1024.0,1025.0,991.0,1023.0,76312016951,3127418,505,976.0,1025.0
1204,2019-06-25,1067.0,1067.0,972.0,1008.0,26001641149,1080832,290,1023.0,1006.0
1205,2019-06-26,1006.0,1010.0,958.0,967.0,127840541573,5542491,776,1008.0,960.0
1206,2019-06-30,999.0,999.0,964.0,971.0,39844389276,1720430,263,967.0,979.0
1207,2019-07-01,975.0,1019.0,956.0,1000.0,22778015083,954361,254,971.0,1019.0
1208,2019-07-02,1050.0,1050.0,1050.0,1050.0,38363627260,1530871,199,1000.0,1050.0
1209,2019-07-03,1103.0,1103.0,1103.0,1103.0,23494982952,892904,74,1050.0,1103.0
1210,2019-07-06,1132.0,1148.0,1061.0,1107.0,35203088045,1333008,454,1103.0,1122.0
1211,2019-07-07,1107.0,1139.0,1090.0,1114.0,16497371880,620434,268,1107.0,1111.0
1212,2019-07-08,1111.0,1170.0,1098.0,1155.0,86417157183,3134542,411,1114.0,1170.0
1213,2019-07-09,1207.0,1213.0,1173.0,1210.0,114618723618,3968951,629,1155.0,1213.0
1214,2019-07-10,1213.0,1253.0,1150.0,1181.0,80153164469,2844963,546,1210.0,1185.0
1215,2019-07-13,1165.0,1198.0,1159.0,1181.0,34529219897,1225399,287,1181.0,1177.0
1216,2019-07-14,1173.0,1228.0,1153.0,1182.0,74897696299,2655241,396,1181.0,1226.0
1217,2019-07-15,1224.0,1224.0,1180.0,1191.0,65220977015,2294820,320,1182.0,1206.0
1218,2019-07-16,1184.0,1251.0,1163.0,1206.0,130126159508,4521076,610,1191.0,1251.0
1219,2019-07-17,1267.0,1267.0,1251.0,1267.0,60790853793,2011619,341,1206.0,1267.0
1220,2019-07-20,1330.0,1330.0,1236.0,1279.0,10377965484,340114,290,1267.0,1246.0
1221,2019-07-24,1261.0,1324.0,1261.0,1275.0,18905041342,623183,180,1279.0,1277.0
1222,2019-07-27,1275.0,1303.0,1236.0,1268.0,12393585101,410936,208,1275.0,1280.0
1223,2019-07-28,1293.0,1293.0,1204.0,1225.0,31995067063,1097859,227,1268.0,1248.0
1224,2019-07-29,1245.0,1261.0,1215.0,1226.0,40555409844,1391031,236,1225.0,1261.0
1225,2019-07-30,1263.0,1265.0,1219.0,1236.0,10327896167,351102,123,1226.0,1261.0
1226,2019-07-31,1240.0,1298.0,1237.0,1295.0,39196692078,1272481,216,1236.0,1298.0
1227,2019-08-03,1359.0,1360.0,1345.0,1360.0,59747036475,1847307,301,1295.0,1360.0
1228,2019-08-04,1417.0,1427.0,1400.0,1427.0,35576242852,1048125,204,1360.0,1427.0
1229,2019-08-05,1496.0,1498.0,1430.0,1498.0,24914642080,699246,120,1427.0,1498.0
1230,2019-08-06,1573.0,1573.0,1500.0,1562.0,72856010625,1959947,465,1498.0,1555.0
1231,2019-08-07,1618.0,1618.0,1562.0,1575.0,20457529025,545970,223,1562.0,1562.0
1232,2019-08-10,1593.0,1614.0,1574.0,1593.0,14090711356,371785,252,1575.0,1574.0
1233,2019-08-11,1593.0,1606.0,1534.0,1577.0,27950029114,744866,263,1593.0,1564.0
1234,2019-08-13,1578.0,1612.0,1568.0,1584.0,20471709906,543203,274,1577.0,1597.0
1235,2019-08-14,1584.0,1623.0,1583.0,1602.0,23380250947,613392,213,1584.0,1584.0
1236,2019-08-17,1622.0,1656.0,1568.0,1590.0,35501351068,938394,340,1602.0,1572.0
1237,2019-08-18,1590.0,1591.0,1534.0,1575.0,33856383785,903791,360,1590.0,1585.0
1238,2019-08-19,1593.0,1606.0,1574.0,1589.0,30572830240,808642,213,1575.0,1604.0
1239,2019-08-21,1597.0,1669.0,1589.0,1662.0,80607514450,2038335,302,1589.0,1669.0
1240,2019-08-24,1681.0,1730.0,1662.0,1686.0,13145599588,327653,222,1662.0,1662.0
1241,2019-08-25,1686.0,1744.0,1671.0,1700.0,35227078775,871145,353,1686.0,1730.0
1242,2019-08-26,1744.0,1785.0,1702.0,1780.0,124558482510,2940776,546,1700.0,1785.0
1243,2019-08-27,1828.0,1828.0,1779.0,1792.0,56076508599,1315586,341,1780.0,1807.0
1244,2019-08-28,1811.0,1860.0,1792.0,1819.0,20108195083,464636,204,1792.0,1828.0
1245,2019-08-31,1862.0,1862.0,1774.0,1810.0,65552615297,1522178,493,1819.0,1807.0
1246,2019-09-01,1810.0,1845.0,1801.0,1815.0,66956907227,1550947,289,1810.0,1816.0
1247,2019-09-02,1815.0,1892.0,1808.0,1844.0,37227387933,848683,319,1815.0,1892.0
1248,2019-09-03,1901.0,1936.0,1875.0,1935.0,99280095572,2156275,455,1844.0,1936.0
1249,2019-09-04,2013.0,2013.0,1935.0,1980.0,10529508830,223489,282,1935.0,1983.0
1250,2019-09-07,2013.0,2038.0,1954.0,1994.0,48125248334,1014602,397,1980.0,1980.0
1251,2019-09-08,2013.0,2013.0,1896.0,1945.0,40602480821,877334,453,1994.0,1974.0
1252,2019-09-11,1976.0,2043.0,1945.0,1990.0,23710997142,500906,226,1945.0,2043.0
1253,2019-09-14,2060.0,2089.0,1992.0,2059.0,15660126628,319752,228,1990.0,2069.0
1254,2019-09-15,2089.0,2142.0,2039.0,2071.0,70645436510,1433707,368,2059.0,2102.0
1255,2019-09-16,2148.0,2148.0,2092.0,2103.0,43521328240,869768,236,2071.0,2141.0
1256,2019-09-17,2152.0,2152.0,2102.0,2111.0,14561155179,289999,173,2103.0,2104.0
1257,2019-09-18,2152.0,2152.0,2081.0,2105.0,19778965454,395011,305,2111.0,2110.0
1258,2019-09-21,2105.0,2144.0,2093.0,2114.0,38647684734,768614,312,2105.0,2123.0
1259,2019-09-22,2144.0,2162.0,2100.0,2124.0,24335948685,481535,350,2114.0,2143.0
1260,2019-09-23,2143.0,2231.0,2123.0,2205.0,51389914501,979834,365,2124.0,2228.0
1261,2019-09-24,2307.0,2315.0,2205.0,2304.0,46985426652,857333,414,2205.0,2315.0
1262,2019-09-25,2315.0,2419.0,2315.0,2412.0,68644821472,1196390,507,2304.0,2413.0
1263,2019-09-28,2475.0,2522.0,2291.0,2459.0,53650030995,917033,692,2412.0,2412.0
1264,2019-09-29,2511.0,2511.0,2344.0,2437.0,36769646193,634141,450,2459.0,2409.0
1265,2019-09-30,2437.0,2438.0,2317.0,2384.0,33896567101,597723,612,2437.0,2354.0
1266,2019-10-01,2396.0,2396.0,2274.0,2355.0,78068502984,1393185,638,2384.0,2316.0
1267,2019-10-02,2362.0,2362.0,2278.0,2343.0,83023763066,1489192,431,2355.0,2281.0
1268,2019-10-05,2343.0,2371.0,2249.0,2339.0,27583799550,495783,327,2343.0,2270.0
1269,2019-10-06,2333.0,2341.0,2222.0,2320.0,101300824268,1835072,315,2339.0,2333.0
1270,2019-10-07,2337.0,2337.0,2222.0,2282.0,15824891133,291451,223,2320.0,2228.0
1271,2019-10-08,2282.0,2282.0,2168.0,2199.0,18587066478,355323,148,2282.0,2168.0
1272,2019-10-09,2089.0,2089.0,2089.0,2089.0,52768685445,1061851,164,2199.0,2089.0
1273,2019-10-12,2018.0,2060.0,1984.0,1988.0,72549704265,1534189,334,2089.0,1984.0
1274,2019-10-13,1917.0,1980.0,1888.0,1890.0,96131247620,2137578,406,1988.0,1888.0
1275,2019-10-14,1925.0,1925.0,1796.0,1811.0,62274698094,1445191,286,1890.0,1837.0
1276,2019-10-15,1860.0,1860.0,1721.0,1723.0,92476892265,2256224,317,1811.0,1795.0
1277,2019-10-16,1744.0,1786.0,1702.0,1745.0,9044649261,217914,161,1723.0,1703.0
1278,2019-10-20,1770.0,1832.0,1681.0,1756.0,7109568089,170172,157,1745.0,1740.0
1279,2019-10-21,1756.0,1844.0,1723.0,1840.0,59134812516,1350651,459,1756.0,1844.0
1280,2019-10-22,1929.0,1932.0,1850.0,1926.0,50469250446,1101626,489,1840.0,1931.0
1281,2019-10-23,2009.0,2009.0,1850.0,1920.0,12004924257,262866,264,1926.0,1883.0
1282,2019-10-26,1866.0,1910.0,1824.0,1843.0,7243916583,165254,187,1920.0,1910.0
1283,2019-10-28,1849.0,1935.0,1848.0,1924.0,38401247884,838869,233,1843.0,1935.0
1284,2019-10-30,1975.0,1975.0,1924.0,1934.0,6508261168,141479,228,1924.0,1940.0
1285,2019-11-02,2009.0,2009.0,1851.0,1924.0,2288522430,50002,133,1934.0,1913.0
1286,2019-11-03,1871.0,1906.0,1828.0,1860.0,7048582862,159280,211,1924.0,1879.0
1287,2019-11-04,1786.0,1833.0,1767.0,1772.0,11765724141,279153,227,1860.0,1767.0
1288,2019-11-05,1683.0,1860.0,1683.0,1807.0,37656645328,875808,351,1772.0,1803.0
1289,2019-11-09,1824.0,1841.0,1803.0,1813.0,12947962054,300172,160,1807.0,1804.0
1290,2019-11-10,1807.0,1845.0,1744.0,1815.0,15890334678,368022,172,1813.0,1816.0
1291,2019-11-11,1829.0,1839.0,1751.0,1804.0,9848774125,229463,97,1815.0,1799.0
1292,2019-11-12,1802.0,1894.0,1802.0,1887.0,40408513283,899949,246,1804.0,1894.0
1293,2019-11-13,1976.0,1982.0,1896.0,1977.0,31680998490,673513,405,1887.0,1982.0
1294,2019-11-16,2059.0,2059.0,2005.0,2039.0,9261800465,190972,431,1977.0,2017.0
1295,2019-11-17,1986.0,1986.0,1937.0,1939.0,25714694721,557506,274,2039.0,1937.0
1296,2019-11-18,1976.0,2036.0,1842.0,2029.0,76095989489,1576106,536,1939.0,2018.0
1297,2019-11-19,2018.0,2055.0,1999.0,2041.0,10396828434,214100,236,2029.0,2034.0
1298,2019-11-20,2076.0,2076.0,2041.0,2050.0,6534600141,133993,139,2041.0,2043.0
1299,2019-11-23,2066.0,2066.0,1971.0,2027.0,13964447620,289619,385,2050.0,1976.0
1300,2019-11-24,2025.0,2026.0,1925.0,1961.0,25425554525,545022,462,2027.0,1925.0
1301,2019-11-25,1972.0,1972.0,1892.0,1932.0,28249550829,614468,398,1961.0,1892.0
1302,2019-11-26,2029.0,2029.0,1892.0,1944.0,9313792628,201382,265,1932.0,1919.0
1303,2019-11-27,1975.0,1975.0,1892.0,1922.0,6809726729,148933,281,1944.0,1893.0
1304,2019-11-30,1934.0,1997.0,1872.0,1945.0,26878499085,580882,595,1922.0,1975.0
1305,2019-12-01,2018.0,2026.0,1975.0,2011.0,14459326150,302267,343,1945.0,1987.0
1306,2019-12-02,2032.0,2064.0,1910.0,1978.0,8974779570,190731,251,2011.0,1934.0
1307,2019-12-03,1980.0,2060.0,1934.0,1983.0,11537225311,244544,225,1978.0,1976.0
1308,2019-12-04,2036.0,2036.0,1955.0,1987.0,4916227574,103997,181,1983.0,1995.0
1309,2019-12-07,1995.0,2085.0,1995.0,2041.0,16996428389,349984,410,1987.0,2039.0
1310,2019-12-08,2060.0,2088.0,1976.0,2039.0,11282444607,232632,351,2041.0,2005.0
1311,2019-12-09,2018.0,2048.0,1976.0,2009.0,9330271514,195211,382,2039.0,1995.0
1312,2019-12-10,1976.0,2016.0,1955.0,1981.0,10847221047,230170,486,2009.0,1961.0
1313,2019-12-11,1963.0,1963.0,1921.0,1936.0,22864581181,496464,458,1981.0,1939.0
1314,2019-12-14,1998.0,2033.0,1972.0,2024.0,34749270423,721606,794,1936.0,2013.0
1315,2019-12-15,2038.0,2038.0,1943.0,1988.0,12845425070,271643,439,2024.0,1984.0
1316,2019-12-16,2013.0,2013.0,1921.0,1950.0,18170585002,391728,464,1988.0,1933.0
1317,2019-12-17,2009.0,2009.0,1852.0,1932.0,30275916892,658658,599,1950.0,1942.0
1318,2019-12-18,1996.0,1996.0,1925.0,1947.0,7268887263,156928,468,1932.0,1934.0
1319,2019-12-21,1958.0,1974.0,1883.0,1922.0,19601751854,428759,678,1947.0,1959.0
1320,2019-12-22,1976.0,1976.0,1917.0,1943.0,24626573484,532740,538,1922.0,1934.0
1321,2019-12-23,1967.0,1967.0,1871.0,1917.0,12788991131,280454,427,1943.0,1891.0
1322,2019-12-24,1875.0,1891.0,1845.0,1865.0,15876171575,357788,657,1917.0,1871.0
1323,2019-12-25,1850.0,1850.0,1772.0,1797.0,48106344045,1125202,1041,1865.0,1812.0
1324,2019-12-28,1845.0,1887.0,1844.0,1885.0,50695251133,1130378,641,1797.0,1887.0
1325,2019-12-29,1950.0,1955.0,1885.0,1899.0,40015257686,885530,1055,1885.0,1904.0
1326,2019-12-30,1871.0,1994.0,1856.0,1982.0,85893826409,1821628,1152,1899.0,1994.0
1327,2019-12-31,2081.0,2081.0,2026.0,2073.0,108880837797,2207606,1437,1982.0,2081.0
1328,2020-01-01,2177.0,2177.0,2169.0,2177.0,25712826213,496523,499,2073.0,2177.0
1329,2020-01-04,2068.0,2068.0,2068.0,2068.0,45683694639,928587,194,2177.0,2068.0
1330,2020-01-05,1965.0,2060.0,1965.0,1971.0,74179266390,1581786,1042,2068.0,1988.0
1331,2020-01-07,1976.0,2026.0,1873.0,1941.0,11316133623,245111,300,1971.0,1873.0
1332,2020-01-08,1902.0,1902.0,1902.0,1902.0,756162972,16713,20,1941.0,1902.0
1333,2020-01-11,1940.0,1940.0,1940.0,1940.0,21117786280,457610,102,1902.0,1940.0
1334,2020-01-12,2034.0,2037.0,1843.0,2016.0,81312533364,1695354,1459,1940.0,2037.0
1335,2020-01-13,2081.0,2117.0,2016.0,2104.0,43200697357,863274,700,2016.0,2117.0
1336,2020-01-14,2164.0,2164.0,2018.0,2071.0,38455399826,780623,888,2104.0,2104.0
1337,2020-01-15,2093.0,2174.0,2039.0,2151.0,67063267359,1310690,1043,2071.0,2174.0
1338,2020-01-18,2258.0,2258.0,2172.0,2223.0,38459207561,727227,1118,2151.0,2186.0
1339,2020-01-19,2217.0,2217.0,2112.0,2120.0,77920451213,1544823,1846,2223.0,2137.0
1340,2020-01-20,2144.0,2144.0,2074.0,2115.0,39430833885,783792,857,2120.0,2144.0
1341,2020-01-21,2220.0,2220.0,2009.0,2161.0,46465629642,903666,1012,2115.0,2169.0
1342,2020-01-22,2106.0,2186.0,2053.0,2114.0,43444684920,863875,993,2161.0,2123.0
1343,2020-01-25,2198.0,2198.0,2101.0,2132.0,34344634382,677187,897,2114.0,2111.0
1344,2020-01-26,2144.0,2144.0,2060.0,2081.0,46658956481,942505,859,2132.0,2070.0
1345,2020-01-27,2070.0,2157.0,1977.0,2111.0,27347181185,544448,961,2081.0,2156.0
1346,2020-01-28,2165.0,2215.0,2152.0,2196.0,39614474921,758278,949,2111.0,2196.0
1347,2020-02-01,2228.0,2228.0,2106.0,2143.0,22969859776,450611,652,2196.0,2108.0
1348,2020-02-02,2108.0,2186.0,2055.0,2093.0,32051665069,643652,940,2143.0,2071.0
1349,2020-02-03,2101.0,2185.0,2072.0,2127.0,86294367371,1705328,1277,2093.0,2102.0
1350,2020-02-04,2144.0,2144.0,2030.0,2072.0,35813845302,726516,893,2127.0,2060.0
1351,2020-02-05,2071.0,2176.0,2031.0,2163.0,110153594839,2140476,767,2072.0,2176.0
1352,2020-02-08,2271.0,2271.0,2271.0,2271.0,97557868995,1805457,330,2163.0,2271.0
1353,2020-02-09,2385.0,2385.0,2385.0,2385.0,70127114400,1236025,353,2271.0,2385.0
1354,2020-02-10,2385.0,2462.0,2266.0,2354.0,96560716067,1724507,1763,2385.0,2364.0
1355,2020-02-12,2417.0,2471.0,2358.0,2461.0,45076956122,769863,649,2354.0,2471.0
1356,2020-02-15,2584.0,2584.0,2471.0,2567.0,112288734605,1838352,1612,2461.0,2584.0
1357,2020-02-16,2690.0,2696.0,2522.0,2658.0,66967653813,1059137,1421,2567.0,2696.0
1358,2020-02-17,2774.0,2774.0,2543.0,2650.0,61149111929,970125,1447,2658.0,2543.0
1359,2020-02-18,2523.0,2565.0,2517.0,2523.0,76122738019,1268353,1133,2650.0,2543.0
1360,2020-02-19,2584.0,2649.0,2458.0,2551.0,226794889856,3737557,1143,2523.0,2649.0
1361,2020-02-22,2442.0,2678.0,2442.0,2660.0,61631722583,973964,914,2551.0,2678.0
1362,2020-02-23,2793.0,2793.0,2791.0,2793.0,17362264928,261319,231,2660.0,2793.0
1363,2020-02-24,2932.0,2932.0,2732.0,2796.0,57763582227,868426,1248,2793.0,2774.0
1364,2020-02-25,2796.0,2854.0,2720.0,2760.0,64463575037,981595,1169,2796.0,2756.0
1365,2020-02-26,2732.0,2766.0,2622.0,2702.0,74744508425,1162810,1444,2760.0,2753.0
1366,2020-02-29,2606.0,2699.0,2567.0,2587.0,31682946060,514725,755,2702.0,2584.0
1367,2020-03-01,2568.0,2717.0,2480.0,2671.0,40712455819,640815,784,2587.0,2715.0
1368,2020-03-02,2778.0,2804.0,2728.0,2726.0,34312326532,523807,615,2671.0,2774.0
1369,2020-03-03,2804.0,2863.0,2733.0,2854.0,103683124094,1527007,830,2726.0,2863.0
1370,2020-03-04,2942.0,2997.0,2711.0,2977.0,101026732819,1426693,788,2854.0,2997.0
1371,2020-03-07,2956.0,3125.0,2837.0,3058.0,71402086697,981390,750,2977.0,3014.0
1372,2020-03-09,2905.0,3026.0,2905.0,2939.0,39093178244,564797,500,3058.0,2905.0
1373,2020-03-10,2792.0,2900.0,2792.0,2832.0,37206771384,557904,575,2939.0,2792.0
1374,2020-03-11,2796.0,2973.0,2774.0,2896.0,34761221304,500060,641,2832.0,2858.0
1375,2020-03-14,2791.0,2837.0,2751.0,2881.0,5785315917,87646,238,2896.0,2751.0
1376,2020-03-15,2737.0,2737.0,2737.0,2867.0,4509921719,69263,94,2881.0,2737.0
1377,2020-03-16,2774.0,2938.0,2737.0,2832.0,25943815842,389251,517,2867.0,2905.0
1378,2020-03-17,2931.0,2931.0,2690.0,2768.0,33837009867,518646,487,2832.0,2732.0
1379,2020-03-18,2732.0,2895.0,2673.0,2801.0,33081860349,493692,725,2768.0,2768.0
1380,2020-03-24,2879.0,2941.0,2705.0,2852.0,38026112344,556916,661,2801.0,2941.0
1381,2020-03-25,2995.0,2995.0,2995.0,2967.0,43027413598,603902,171,2852.0,2995.0
1382,2020-03-28,3115.0,3115.0,3106.0,3088.0,42624791081,575114,440,2967.0,3115.0
1383,2020-03-29,3242.0,3242.0,3182.0,3241.0,115086048099,1492595,744,3088.0,3242.0
1384,2020-03-30,3350.0,3350.0,3178.0,3239.0,23045176542,299430,762,3241.0,3213.0
1385,2020-04-04,3400.0,3400.0,3400.0,3400.0,52622527736,650488,346,3239.0,3400.0
1386,2020-04-05,3552.0,3552.0,3272.0,3414.0,50077712658,616364,1097,3400.0,3300.0
1387,2020-04-06,3262.0,3320.0,3244.0,3248.0,55265874620,715238,792,3414.0,3244.0
1388,2020-04-07,3163.0,3410.0,3163.0,3347.0,104807569916,1316114,1146,3248.0,3410.0
1389,2020-04-08,3515.0,3515.0,3489.0,3515.0,80116695414,958164,622,3347.0,3515.0
1390,2020-04-11,3560.0,3560.0,3367.0,3512.0,51003226650,610485,655,3515.0,3447.0
1391,2020-04-12,3568.0,3573.0,3436.0,3529.0,213666233381,2544910,774,3512.0,3517.0
1392,2020-04-13,3529.0,3687.0,3353.0,3527.0,186842111736,2226505,1031,3529.0,3676.0
1393,2020-04-14,3676.0,3704.0,3510.0,3654.0,248918134122,2863479,1070,3527.0,3704.0
1394,2020-04-15,3837.0,3837.0,3837.0,3837.0,77031992625,843955,398,3654.0,3837.0
1395,2020-04-18,4028.0,4028.0,4028.0,4028.0,99581048928,1039056,370,3837.0,4028.0
1396,2020-04-19,4212.0,4230.0,3909.0,4202.0,294880748008,2949573,1594,4028.0,4230.0
1397,2020-04-20,4372.0,4412.0,4287.0,4404.0,62805395547,599499,436,4202.0,4412.0
1398,2020-04-21,4619.0,4624.0,4582.0,4623.0,70104561146,637363,350,4404.0,4624.0
1399,2020-04-22,4855.0,4855.0,4855.0,4855.0,102626342019,888609,147,4623.0,4855.0
1400,2020-04-25,5097.0,5097.0,5097.0,5097.0,53119526925,438045,137,4855.0,5097.0
1401,2020-04-26,5352.0,5352.0,5352.0,5348.0,54321944640,426630,120,5097.0,5352.0
1402,2020-04-29,5616.0,5897.0,5616.0,5819.0,116318992192,840295,1051,5348.0,5834.0
1403,2020-05-02,6002.0,6110.0,5819.0,6064.0,169641789994,1175869,2188,5819.0,6110.0
1404,2020-05-03,6367.0,6367.0,6367.0,6367.0,62963947746,415653,169,6064.0,6367.0
1405,2020-05-04,6686.0,6686.0,6305.0,6556.0,342327656808,2194812,1623,6367.0,6557.0
1406,2020-05-05,6641.0,6725.0,6228.0,6255.0,291199681425,1957001,1037,6556.0,6228.0
1407,2020-05-06,5942.0,6067.0,5942.0,5947.0,349299848669,2468887,650,6255.0,5942.0
1408,2020-05-09,5889.0,5889.0,5650.0,5715.0,230191921424,1693224,2642,5947.0,5885.0
1409,2020-05-10,6000.0,6000.0,5429.0,5640.0,135181199298,1007563,1264,5715.0,5750.0
1410,2020-05-11,5881.0,5881.0,5358.0,5574.0,93269097481,703371,1119,5640.0,5683.0
1411,2020-05-12,5801.0,5801.0,5295.0,5343.0,98604195185,775678,738,5574.0,5295.0
1412,2020-05-16,5108.0,5363.0,4872.0,5242.0,30162736642,244749,430,5343.0,5044.0
1413,2020-05-17,4980.0,5487.0,4980.0,5105.0,75487204583,621582,772,5242.0,5187.0
1414,2020-05-18,5360.0,5360.0,4880.0,5225.0,26383445623,207960,528,5105.0,5360.0
1415,2020-05-19,5487.0,5487.0,5338.0,5436.0,42453823731,325619,591,5225.0,5487.0
1416,2020-05-20,5704.0,5708.0,5165.0,5587.0,66964183316,503765,755,5436.0,5708.0
1417,2020-05-23,5867.0,5867.0,5464.0,5639.0,26625127948,196828,607,5587.0,5633.0
1418,2020-05-26,5866.0,5866.0,5357.0,5481.0,30782621000,240025,441,5639.0,5357.0
1419,2020-05-27,5207.0,5591.0,5207.0,5293.0,52540875960,417290,504,5481.0,5212.0
1420,2020-05-30,5212.0,5506.0,5212.0,5314.0,16700398090,131031,542,5293.0,5464.0
1421,2020-05-31,5464.0,5527.0,5048.0,5098.0,92066280818,759048,534,5314.0,5110.0
1422,2020-06-01,5061.0,5353.0,5061.0,5215.0,28197963519,223407,247,5098.0,5353.0
1423,2020-06-02,5476.0,5476.0,5418.0,5316.0,20020551147,153705,378,5215.0,5476.0
1424,2020-06-06,5581.0,5581.0,5422.0,5452.0,30409932711,230303,513,5316.0,5581.0
1425,2020-06-07,5725.0,5725.0,5592.0,5579.0,25491876380,187338,545,5452.0,5725.0
1426,2020-06-08,5858.0,5858.0,5507.0,5603.0,28695020108,214497,550,5579.0,5549.0
1427,2020-06-09,5675.0,5801.0,5338.0,5601.0,25330532037,190210,406,5603.0,5595.0
1428,2020-06-10,5855.0,5881.0,5464.0,5875.0,457205106946,3271004,512,5601.0,5881.0
1429,2020-06-13,6169.0,6169.0,6169.0,6165.0,51756705765,352655,339,5875.0,6169.0
1430,2020-06-14,6473.0,6473.0,6473.0,6473.0,79815875115,518295,590,6165.0,6473.0
1431,2020-06-15,6780.0,6797.0,6474.0,6785.0,292524434581,1812195,1376,6473.0,6721.0
1432,2020-06-16,6853.0,7124.0,6446.0,6928.0,196471597102,1191998,1725,6785.0,6873.0
1433,2020-06-20,6978.0,7275.0,6604.0,7086.0,146394496697,868410,1700,6928.0,7020.0
1434,2020-06-21,7393.0,7393.0,6732.0,6912.0,83307039481,506620,1006,7086.0,6936.0
1435,2020-06-22,6936.0,7020.0,6600.0,6930.0,350233799646,2124231,867,6912.0,6978.0
1436,2020-06-23,7082.0,7082.0,6584.0,6856.0,235182611271,1441972,1049,6930.0,6759.0
1437,2020-06-24,6513.0,6810.0,6513.0,6691.0,315631575542,1982991,795,6856.0,6683.0
1438,2020-06-27,7025.0,7025.0,6992.0,7020.0,150930529109,903710,3212,6691.0,7025.0
1439,2020-06-28,7371.0,7371.0,6671.0,7191.0,78881044126,461102,1881,7020.0,7020.0
1440,2020-06-29,6831.0,7020.0,6831.0,6832.0,118693881233,730233,716,7191.0,6831.0
1441,2020-06-30,6491.0,7146.0,6491.0,6804.0,150760158019,931333,2979,6832.0,6978.0
1442,2020-07-22,6987.0,6987.0,6638.0,6646.0,112581095417,712534,545,6804.0,6646.0
1443,2020-07-25,6314.0,6978.0,6314.0,6800.0,429068915122,2654024,3505,6646.0,6604.0
1444,2020-07-26,6730.0,7025.0,6460.0,6502.0,49196284099,318275,636,6800.0,6460.0
1445,2020-07-27,6177.0,6406.0,6177.0,6179.0,111648435013,760072,855,6502.0,6177.0
1446,2020-07-28,5870.0,6179.0,5870.0,5908.0,112355078447,799994,1369,6179.0,5870.0
1447,2020-07-29,5679.0,5889.0,5612.0,5620.0,102447878430,766811,1066,5908.0,5615.0
1448,2020-08-01,5422.0,5901.0,5422.0,5748.0,50113901803,366528,1231,5620.0,5901.0
1449,2020-08-02,6036.0,6036.0,6034.0,6036.0,57928349375,403696,717,5748.0,6034.0
1450,2020-08-03,6338.0,6338.0,6043.0,6155.0,26550712999,177616,665,6036.0,6338.0
1451,2020-08-04,6462.0,6462.0,5889.0,6269.0,204374351653,1371284,922,6155.0,6310.0
1452,2020-08-05,6463.0,6463.0,5994.0,6333.0,41808809826,276729,642,6269.0,6436.0
1453,2020-08-09,6649.0,6649.0,6066.0,6383.0,32385244718,212460,784,6333.0,6082.0
1454,2020-08-10,6604.0,6604.0,6064.0,6290.0,18387572276,126010,476,6383.0,6064.0
1455,2020-08-11,5976.0,6064.0,5976.0,6197.0,13920490883,97986,217,6290.0,5976.0
1456,2020-08-12,5888.0,6150.0,5888.0,5890.0,162303145096,1159073,453,6197.0,5888.0
1457,2020-08-15,5596.0,5636.0,5596.0,5596.0,80285727340,603529,185,5890.0,5596.0
1458,2020-08-16,5316.0,5573.0,5316.0,5518.0,12751343792,100826,286,5596.0,5316.0
1459,2020-08-17,5242.0,5316.0,5242.0,5244.0,63103090300,506139,361,5518.0,5242.0
1460,2020-08-18,5468.0,5506.0,4982.0,5233.0,49094566113,394639,627,5244.0,5174.0
1461,2020-08-19,4971.0,5494.0,4971.0,5407.0,300508734236,2337816,2141,5233.0,5047.0
1462,2020-08-22,5258.0,5296.0,5137.0,5365.0,9791400428,79208,188,5407.0,5137.0
1463,2020-08-23,5097.0,5097.0,5097.0,5360.0,926533461,7647,54,5365.0,5097.0
1464,2020-08-24,5092.0,5092.0,5092.0,5352.0,1252452615,10347,25,5360.0,5092.0
1465,2020-08-25,5085.0,5345.0,5085.0,5090.0,48145270901,397855,798,5352.0,5085.0
1466,2020-08-26,5258.0,5345.0,4836.0,5163.0,38457954514,312274,915,5090.0,5216.0
1467,2020-08-31,5384.0,5384.0,4904.0,5085.0,16759365645,142682,345,5163.0,4904.0
1468,2020-09-01,4831.0,4831.0,4831.0,5080.0,960185601,8361,51,5085.0,4831.0
1469,2020-09-02,4826.0,4831.0,4826.0,5031.0,8908020472,77648,154,5080.0,4826.0
1470,2020-09-05,4780.0,5041.0,4780.0,4995.0,6938478423,61054,156,5031.0,4780.0
1471,2020-09-06,4745.0,4837.0,4745.0,4974.0,4005247038,35444,123,4995.0,4745.0
1472,2020-09-07,4725.0,4725.0,4725.0,4971.0,542045325,4825,16,4974.0,4725.0
1473,2020-09-08,4723.0,4723.0,4723.0,4971.0,100823848,898,6,4971.0,4723.0
1474,2020-09-09,4722.0,4722.0,4722.0,4966.0,969511904,8636,31,4971.0,4722.0
1475,2020-09-12,4717.0,4917.0,4717.0,4867.0,19188357880,170984,211,4966.0,4717.0
1476,2020-09-13,4623.0,4623.0,4623.0,4860.0,1205316924,10966,26,4867.0,4623.0
1477,2020-09-14,4617.0,4617.0,4617.0,4852.0,1624830342,14802,46,4860.0,4617.0
1478,2020-09-15,4609.0,4803.0,4609.0,4620.0,47027064541,428178,728,4852.0,4609.0
1479,2020-09-16,4389.0,4515.0,4389.0,4433.0,36034918753,345223,363,4620.0,4389.0
1480,2020-09-19,4211.0,4211.0,4211.0,4211.0,54408111480,543429,141,4433.0,4211.0
1481,2020-09-20,4001.0,4001.0,4001.0,4209.0,603783672,6348,33,4211.0,4001.0
1482,2020-09-21,3998.0,3998.0,3998.0,4207.0,328401205,3455,17,4209.0,3998.0
1483,2020-09-22,3997.0,3997.0,3997.0,4206.0,325148174,3422,21,4207.0,3997.0
1484,2020-09-23,3995.0,3995.0,3995.0,4199.0,1441636796,15178,48,4206.0,3995.0
1485,2020-09-26,3989.0,3989.0,3989.0,4189.0,2197969740,23178,22,4199.0,3989.0
1486,2020-09-27,3980.0,3980.0,3980.0,4183.0,1279708386,13526,11,4189.0,3980.0
1487,2020-09-28,3974.0,3974.0,3974.0,4180.0,704189252,7453,36,4183.0,3974.0
1488,2020-09-29,3971.0,3971.0,3971.0,4180.0,141525087,1499,11,4180.0,3971.0
1489,2020-09-30,3971.0,3971.0,3971.0,4178.0,343989956,3644,23,4180.0,3971.0
1490,2020-10-03,3969.0,4143.0,3969.0,3974.0,52586964570,556640,562,4178.0,3969.0
1491,2020-10-04,3786.0,3967.0,3775.0,3892.0,18620426134,207435,235,3974.0,3775.0
1492,2020-10-05,3698.0,3698.0,3698.0,3890.0,504404628,5738,32,3892.0,3698.0
1493,2020-10-06,3697.0,4083.0,3697.0,3888.0,936222605,10319,33,3890.0,3702.0
1494,2020-10-07,3786.0,4013.0,3694.0,3792.0,32339232402,362328,430,3888.0,3786.0
1495,2020-10-10,3792.0,3890.0,3649.0,3799.0,20568515779,227176,335,3792.0,3796.0
1496,2020-10-11,3668.0,3912.0,3668.0,3793.0,9476595457,105818,386,3799.0,3754.0
1497,2020-10-12,3679.0,3754.0,3605.0,3773.0,8473588948,96795,228,3793.0,3605.0
1498,2020-10-13,3585.0,3743.0,3585.0,3662.0,28443016880,333385,180,3773.0,3585.0
1499,2020-10-14,3697.0,3702.0,3500.0,3651.0,7910725190,92550,175,3662.0,3702.0
1500,2020-10-18,3786.0,3786.0,3469.0,3616.0,12581702002,150545,227,3651.0,3554.0
1501,2020-10-19,3441.0,3533.0,3435.0,3569.0,12302321382,150578,145,3616.0,3435.0
1502,2020-10-20,3390.0,3390.0,3390.0,3562.0,1665338583,20661,49,3569.0,3390.0
1503,2020-10-21,3407.0,3558.0,3384.0,3535.0,14952950920,180970,247,3562.0,3474.0
1504,2020-10-24,3395.0,3399.0,3358.0,3517.0,5021846230,62833,114,3535.0,3365.0
1505,2020-10-26,3341.0,3341.0,3341.0,3516.0,219303469,2761,17,3517.0,3341.0
1506,2020-10-27,3340.0,3340.0,3340.0,3515.0,307399981,3871,24,3516.0,3340.0
1507,2020-10-28,3339.0,3339.0,3339.0,3510.0,1283258525,16165,39,3515.0,3339.0
1508,2020-10-31,3335.0,3428.0,3335.0,3499.0,3184043035,40068,143,3510.0,3335.0
1509,2020-11-01,3324.0,3324.0,3324.0,3498.0,358373840,4535,15,3499.0,3324.0
1510,2020-11-02,3323.0,3323.0,3323.0,3497.0,140216125,1775,13,3498.0,3323.0
1511,2020-11-04,3449.0,3470.0,3322.0,3479.0,6366512347,79752,160,3497.0,3331.0
1512,2020-11-07,3394.0,3394.0,3305.0,3478.0,130476745,1659,14,3479.0,3305.0
1513,2020-11-08,3304.0,3304.0,3304.0,3478.0,149566816,1904,6,3478.0,3304.0
1514,2020-11-09,3304.0,3304.0,3304.0,3465.0,3432049774,43697,15,3478.0,3304.0
1515,2020-11-10,3292.0,3292.0,3292.0,3465.0,89448894,1143,6,3465.0,3292.0
1516,2020-11-11,3291.0,3533.0,3291.0,3357.0,33641749412,427255,149,3465.0,3296.0
1517,2020-11-14,3525.0,3525.0,3360.0,3524.0,76823915565,917008,296,3357.0,3525.0
1518,2020-11-15,3700.0,3700.0,3355.0,3535.0,10827086167,127288,250,3524.0,3512.0
1519,2020-11-16,3365.0,3512.0,3365.0,3503.0,19819624029,241529,225,3535.0,3478.0
1520,2020-11-17,3655.0,3678.0,3533.0,3672.0,61125836554,700243,247,3503.0,3678.0
1521,2020-11-18,3708.0,3855.0,3708.0,3786.0,36189854546,395063,319,3672.0,3855.0
1522,2020-11-21,3975.0,3975.0,3609.0,3783.0,7304669689,81605,246,3786.0,3618.0
1523,2020-11-22,3597.0,3733.0,3594.0,3713.0,18136165562,211930,167,3783.0,3647.0
1524,2020-11-23,3594.0,3742.0,3527.0,3690.0,9384546042,109701,226,3713.0,3578.0
1525,2020-11-24,3578.0,3783.0,3516.0,3663.0,11570342704,136005,166,3690.0,3744.0
1526,2020-11-25,3824.0,3846.0,3660.0,3743.0,23869280798,261993,408,3663.0,3846.0
1527,2020-11-28,3911.0,3928.0,3743.0,3769.0,9899769772,107356,286,3743.0,3910.0
1528,2020-11-29,3929.0,3957.0,3716.0,3879.0,74880070510,812037,334,3769.0,3957.0
1529,2020-11-30,4073.0,4073.0,3842.0,4068.0,82097006880,848825,391,3879.0,4073.0
1530,2020-12-01,4206.0,4206.0,3865.0,4023.0,29652972013,312884,516,4068.0,3954.0
1531,2020-12-02,4023.0,4068.0,3822.0,4013.0,8483410869,90001,274,4023.0,3866.0
1532,2020-12-05,4038.0,4214.0,4013.0,4185.0,69450146280,697983,404,4013.0,4214.0
1533,2020-12-06,4370.0,4370.0,4143.0,4196.0,16730036853,166787,340,4185.0,4205.0
1534,2020-12-07,4271.0,4333.0,4089.0,4207.0,16787417441,166930,450,4196.0,4208.0
1535,2020-12-08,4039.0,4374.0,4039.0,4210.0,9803469993,97595,337,4207.0,4053.0
1536,2020-12-09,4211.0,4412.0,4070.0,4228.0,11344554655,111201,299,4210.0,4232.0
1537,2020-12-12,4067.0,4290.0,4067.0,4199.0,63020840450,631308,323,4228.0,4206.0
1538,2020-12-13,4101.0,4299.0,4068.0,4197.0,10771940878,108156,247,4199.0,4199.0
1539,2020-12-14,4181.0,4206.0,4080.0,4183.0,39271201917,395199,179,4197.0,4181.0
1540,2020-12-15,4000.0,4311.0,3974.0,4137.0,11353109645,119704,255,4183.0,3990.0
1541,2020-12-16,3930.0,4206.0,3930.0,4121.0,11671230175,120509,277,4137.0,4114.0
1542,2020-12-19,4113.0,4303.0,3954.0,4107.0,7336522259,76699,227,4121.0,4063.0
1543,2020-12-20,4164.0,4248.0,3925.0,4102.0,44041207940,451718,272,4107.0,4003.0
1544,2020-12-21,4059.0,4195.0,3897.0,4104.0,12828696020,131292,155,4102.0,4080.0
1545,2020-12-22,3922.0,4207.0,3922.0,4110.0,8945574421,90917,225,4104.0,4122.0
1546,2020-12-23,3954.0,4198.0,3954.0,4102.0,5754105604,59956,157,4110.0,4038.0
1547,2020-12-26,4101.0,4303.0,3996.0,4131.0,31403725056,318392,629,4102.0,4206.0
1548,2020-12-27,4303.0,4305.0,4072.0,4211.0,64576528000,645001,442,4131.0,4206.0
1549,2020-12-28,4261.0,4261.0,4080.0,4191.0,11125393366,113562,254,4211.0,4136.0
1550,2020-12-29,4080.0,4144.0,3996.0,4174.0,5896115749,61346,212,4191.0,4072.0
1551,2020-12-30,3986.0,4131.0,3965.0,4115.0,14312645666,151415,219,4174.0,3965.0
1552,2021-01-02,3909.0,3986.0,3909.0,4088.0,6493340871,69732,175,4115.0,3950.0
1553,2021-01-03,3912.0,3986.0,3884.0,4066.0,5862181568,63037,211,4088.0,3954.0
1554,2021-01-04,3863.0,4056.0,3863.0,4047.0,7923605634,84436,267,4066.0,3920.0
1555,2021-01-05,3863.0,4055.0,3844.0,3981.0,23085050475,248269,365,4047.0,4042.0
1556,2021-01-06,4109.0,4180.0,4042.0,4173.0,125684381199,1266974,811,3981.0,4180.0
1557,2021-01-09,4381.0,4381.0,4299.0,4380.0,303775728924,2917164,1141,4173.0,4381.0
1558,2021-01-10,4599.0,4599.0,4227.0,4512.0,635217603458,5921348,5204,4380.0,4341.0
1559,2021-01-11,4287.0,4424.0,4287.0,4312.0,241060169019,2351529,2358,4512.0,4287.0
1560,2021-01-12,4139.0,4287.0,4096.0,4125.0,48958639281,499475,378,4312.0,4096.0
1561,2021-01-13,3919.0,3919.0,3919.0,3989.0,30950254972,332234,150,4125.0,3919.0
1562,2021-01-16,3789.0,3870.0,3789.0,3790.0,56819813240,630569,455,3989.0,3789.0
1563,2021-01-18,3601.0,3601.0,3601.0,3752.0,9106639124,106381,16,3790.0,3601.0
1564,2021-01-19,3564.0,3564.0,3564.0,3740.0,2837095200,33480,85,3752.0,3564.0
1565,2021-01-20,3553.0,3733.0,3553.0,3564.0,109596626920,1293646,1259,3740.0,3564.0
1566,2021-01-23,3408.0,3702.0,3408.0,3597.0,33469866081,389533,642,3564.0,3642.0
1567,2021-01-24,3642.0,3744.0,3417.0,3494.0,44092006417,532477,574,3597.0,3417.0
1568,2021-01-25,3336.0,3485.0,3320.0,3413.0,24755552228,311790,436,3494.0,3365.0
1569,2021-01-26,3365.0,3365.0,3242.0,3304.0,32989777347,425393,333,3413.0,3242.0
1570,2021-01-27,3139.0,3365.0,3139.0,3248.0,23515447061,309360,458,3304.0,3239.0
1571,2021-01-30,3155.0,3411.0,3155.0,3270.0,26809973555,342763,434,3248.0,3411.0
1572,2021-01-31,3323.0,3417.0,3323.0,3291.0,12459718536,156141,306,3270.0,3365.0
1573,2021-02-01,3363.0,3363.0,3127.0,3273.0,12040364436,157396,288,3291.0,3163.0
1574,2021-02-02,3273.0,3273.0,3110.0,3259.0,6857004443,90893,241,3273.0,3235.0
1575,2021-02-03,3291.0,3365.0,3096.0,3183.0,39186508966,520805,618,3259.0,3096.0
1576,2021-02-06,3030.0,3096.0,3024.0,3169.0,4339938318,60329,111,3183.0,3024.0
1577,2021-02-07,3011.0,3239.0,3011.0,3149.0,17750074866,239862,413,3169.0,3092.0
1578,2021-02-08,3207.0,3207.0,2991.0,3132.0,6961245708,96574,223,3149.0,3037.0
1579,2021-02-09,2987.0,3091.0,2978.0,3071.0,24028434710,335423,499,3132.0,3025.0
1580,2021-02-13,3139.0,3175.0,3015.0,3077.0,21026486045,286684,615,3071.0,3066.0
1581,2021-02-14,3146.0,3262.0,3079.0,3225.0,184333868548,2403917,710,3077.0,3262.0
1582,2021-02-15,3419.0,3419.0,3419.0,3419.0,491626177756,6048476,941,3225.0,3419.0
1583,2021-02-16,3419.0,3449.0,3351.0,3396.0,111883596020,1385774,791,3419.0,3351.0
1584,2021-02-17,3328.0,3328.0,3328.0,3391.0,3869747684,48908,87,3396.0,3328.0
1585,2021-02-20,3323.0,3323.0,3323.0,3390.0,1207351810,15281,54,3391.0,3323.0
1586,2021-02-21,3322.0,3322.0,3322.0,3386.0,2649477050,33550,82,3390.0,3322.0
1587,2021-02-22,3318.0,3318.0,3318.0,3385.0,780103654,9889,27,3386.0,3318.0
1588,2021-02-23,3317.0,3317.0,3317.0,3380.0,3298161780,41823,28,3385.0,3317.0
1589,2021-02-24,3313.0,3313.0,3313.0,3378.0,1291706706,16402,28,3380.0,3313.0
1590,2021-02-27,3311.0,3311.0,3311.0,3378.0,296661759,3769,13,3378.0,3311.0
1591,2021-02-28,3310.0,3310.0,3310.0,3367.0,8217407513,104413,18,3378.0,3310.0
1592,2021-03-01,3299.0,3299.0,3299.0,3364.0,2243483676,28602,26,3367.0,3299.0
1593,2021-03-02,3296.0,3296.0,3296.0,3363.0,607955670,7758,16,3364.0,3296.0
1594,2021-03-03,3295.0,3354.0,3295.0,3299.0,482012283220,6145938,2961,3363.0,3295.0
1595,2021-03-06,3233.0,3233.0,3233.0,3287.0,8695479240,113134,98,3299.0,3233.0
1596,2021-03-07,3222.0,3222.0,3222.0,3285.0,1920265851,25073,34,3287.0,3222.0
1597,2021-03-08,3219.0,3219.0,3219.0,3282.0,2190920112,28629,41,3285.0,3219.0
1598,2021-03-09,3216.0,3334.0,3216.0,3222.0,220116824411,2874072,1387,3282.0,3216.0
1599,2021-03-10,3157.0,3157.0,3157.0,3218.0,2767690000,36875,67,3222.0,3157.0
1600,2021-03-13,3153.0,3218.0,3153.0,3155.0,164634978080,2194859,626,3218.0,3153.0
1601,2021-03-14,3092.0,3094.0,3092.0,3150.0,4253042271,57854,85,3155.0,3092.0
1602,2021-03-15,3087.0,3087.0,3087.0,3141.0,6832998840,93118,130,3150.0,3087.0
1603,2021-03-16,3078.0,3239.0,3078.0,3109.0,33144737080,450454,615,3141.0,3159.0
1604,2021-03-17,3054.0,3275.0,3047.0,3090.0,21704595821,297568,379,3109.0,3047.0
1605,2021-03-27,3033.0,3142.0,3029.0,3081.0,11191979138,154436,335,3090.0,3041.0
1606,2021-03-28,3037.0,3037.0,3019.0,3067.0,11526632083,160500,273,3081.0,3019.0
1607,2021-03-30,3012.0,3037.0,3005.0,3044.0,20415074549,285156,333,3067.0,3029.0
1608,2021-03-31,3044.0,3044.0,2983.0,3034.0,10141065263,142387,358,3044.0,2984.0
1609,2021-04-03,2991.0,3028.0,2973.0,3025.0,7406718916,104764,160,3034.0,2973.0
1610,2021-04-04,2964.0,2964.0,2964.0,3011.0,10729082694,152259,88,3025.0,2964.0
1611,2021-04-05,2951.0,2951.0,2951.0,3009.0,1460388112,20816,43,3011.0,2951.0
1612,2021-04-06,2949.0,2949.0,2949.0,3009.0,427561270,6098,17,3009.0,2949.0
1613,2021-04-07,2949.0,2949.0,2949.0,3007.0,1253283556,17878,24,3009.0,2949.0
1614,2021-04-10,2947.0,2947.0,2947.0,3006.0,685105348,9778,17,3007.0,2947.0
1615,2021-04-11,2946.0,2946.0,2946.0,3006.0,228630144,3264,16,3006.0,2946.0
1616,2021-04-12,2946.0,2946.0,2946.0,3005.0,1106195966,15794,15,3006.0,2946.0
1617,2021-04-13,2945.0,2945.0,2945.0,3004.0,560344032,8004,26,3005.0,2945.0
1618,2021-04-14,2944.0,2944.0,2944.0,3003.0,846693224,12097,43,3004.0,2944.0
1619,2021-04-17,2943.0,2943.0,2943.0,3003.0,87390032,1249,10,3003.0,2943.0
1620,2021-04-19,2943.0,2943.0,2943.0,3003.0,204647625,2925,11,3003.0,2943.0
1621,2021-04-21,2913.0,2913.0,2913.0,3000.0,1402280495,20251,21,3003.0,2913.0
1622,2021-04-24,2910.0,2910.0,2910.0,2999.0,575480830,8318,25,3000.0,2910.0
1623,2021-04-25,2909.0,2909.0,2909.0,2999.0,206099780,2980,8,2999.0,2909.0
1624,2021-04-26,2909.0,2909.0,2909.0,2998.0,364223584,5267,8,2999.0,2909.0
1625,2021-04-27,2908.0,2908.0,2908.0,2980.0,9742161168,140913,169,2998.0,2908.0
1626,2021-04-28,2891.0,2980.0,2891.0,2959.0,11144483141,162130,215,2980.0,2891.0
1627,2021-05-01,2871.0,2941.0,2871.0,2957.0,1641488703,23808,55,2959.0,2871.0
1628,2021-05-02,2869.0,2869.0,2869.0,2957.0,475360970,6970,13,2957.0,2869.0
1629,2021-05-03,2868.0,2868.0,2868.0,2956.0,122180352,1792,7,2957.0,2868.0
1630,2021-05-05,2868.0,2868.0,2868.0,2956.0,180325520,2645,5,2956.0,2868.0
1631,2021-05-08,2867.0,2867.0,2867.0,2956.0,266945888,3916,7,2956.0,2867.0
1632,2021-05-09,2867.0,2867.0,2867.0,2955.0,102780756,1508,4,2956.0,2867.0
1633,2021-05-10,2867.0,2867.0,2867.0,2955.0,11858622,174,2,2955.0,2867.0
1634,2021-05-11,2867.0,2944.0,2867.0,2939.0,8730999038,128099,160,2955.0,2867.0
1635,2021-05-12,2851.0,2851.0,2851.0,2939.0,254058180,3748,22,2939.0,2851.0
1636,2021-05-15,2792.0,2891.0,2792.0,2915.0,3176272897,47841,77,2939.0,2792.0
1637,2021-05-16,2769.0,2769.0,2769.0,2910.0,600876045,9127,14,2915.0,2769.0
1638,2021-05-17,2765.0,2765.0,2765.0,2909.0,135537322,2062,7,2910.0,2765.0
1639,2021-05-18,2764.0,2764.0,2764.0,2807.0,13400686824,203943,74,2909.0,2764.0
1640,2021-05-19,2667.0,2667.0,2667.0,2781.0,3540776066,55842,102,2807.0,2667.0
1641,2021-05-22,2642.0,2642.0,2642.0,2780.0,115801356,1844,8,2781.0,2642.0
1642,2021-05-23,2641.0,2641.0,2641.0,2779.0,89020622,1418,5,2780.0,2641.0
1643,2021-05-24,2640.0,2640.0,2640.0,2777.0,202916012,3233,10,2779.0,2640.0
1644,2021-05-25,2639.0,2639.0,2639.0,2773.0,569767507,9083,7,2777.0,2639.0
1645,2021-05-26,2634.0,2650.0,2634.0,2687.0,11314403842,180637,110,2773.0,2634.0
1646,2021-05-29,2553.0,2758.0,2553.0,2652.0,6875961827,111499,297,2687.0,2587.0
1647,2021-05-30,2660.0,2688.0,2519.0,2627.0,8639324196,139771,248,2652.0,2534.0
1648,2021-05-31,2495.0,2608.0,2495.0,2582.0,6200014448,104265,131,2627.0,2495.0
1649,2021-06-01,2503.0,2531.0,2406.0,2578.0,991046048,16596,84,2582.0,2498.0
1650,2021-06-02,2465.0,2563.0,2464.0,2558.0,5964892108,99605,158,2578.0,2557.0
1651,2021-06-07,2615.0,2615.0,2525.0,2559.0,5764549679,94639,205,2558.0,2551.0
1652,2021-06-08,2524.0,2687.0,2505.0,2635.0,18031379753,287746,413,2559.0,2687.0
1653,2021-06-09,2688.0,2734.0,2608.0,2657.0,9027538408,141724,186,2635.0,2710.0
1654,2021-06-12,2629.0,2754.0,2596.0,2664.0,5838556866,91599,156,2657.0,2653.0
1655,2021-06-13,2608.0,2742.0,2608.0,2665.0,1484769733,23373,83,2664.0,2705.0
1656,2021-06-14,2729.0,2729.0,2541.0,2660.0,9144067600,144846,147,2665.0,2614.0
1657,2021-06-15,2614.0,2688.0,2527.0,2545.0,15780470318,262170,162,2660.0,2532.0
1658,2021-06-16,2444.0,2608.0,2444.0,2539.0,1448892630,24551,67,2545.0,2462.0
1659,2021-06-19,2462.0,2549.0,2462.0,2538.0,2253907530,37452,46,2539.0,2532.0
1660,2021-06-20,2484.0,2604.0,2484.0,2536.0,948637116,15966,80,2538.0,2519.0
1661,2021-06-21,2524.0,2617.0,2482.0,2555.0,11355008504,186185,215,2536.0,2563.0
1662,2021-06-22,2563.0,2608.0,2524.0,2562.0,9898311720,162122,126,2555.0,2541.0
1663,2021-06-23,2527.0,2621.0,2434.0,2519.0,10300639763,174003,267,2562.0,2483.0
1664,2021-06-26,2536.0,2629.0,2483.0,2569.0,27482669484,449979,278,2519.0,2625.0
1665,2021-06-27,2600.0,2682.0,2574.0,2638.0,16589822259,263773,212,2569.0,2661.0
1666,2021-06-28,2675.0,2729.0,2616.0,2645.0,3193998663,50208,165,2638.0,2621.0
1667,2021-06-29,2734.0,2734.0,2534.0,2643.0,2138748065,34236,111,2645.0,2629.0
1668,2021-06-30,2775.0,2775.0,2775.0,2775.0,217990608300,3304390,683,2643.0,2775.0
1669,2021-07-03,2810.0,2810.0,2671.0,2770.0,60141712448,913244,827,2775.0,2682.0
1670,2021-07-04,2652.0,2754.0,2632.0,2644.0,22490639925,357741,393,2770.0,2632.0
1671,2021-07-05,2629.0,2629.0,2526.0,2567.0,19069812072,312467,394,2644.0,2562.0
1672,2021-07-06,2608.0,2695.0,2580.0,2692.0,135165071418,2111790,318,2567.0,2695.0
1673,2021-07-07,2827.0,2827.0,2827.0,2827.0,28433225810,423082,72,2692.0,2827.0
1674,2021-07-10,2968.0,2968.0,2968.0,2968.0,29795577295,422243,104,2827.0,2968.0
1675,2021-07-11,3110.0,3117.0,3029.0,3105.0,293745109475,3979613,2238,2968.0,3075.0
1676,2021-07-12,3147.0,3172.0,2987.0,3096.0,41085224849,558198,778,3105.0,3048.0
1677,2021-07-13,3066.0,3066.0,2941.0,2975.0,72443739485,1024121,863,3096.0,2941.0
1678,2021-07-14,2898.0,3092.0,2898.0,3038.0,119772366504,1658465,599,2975.0,3065.0
1679,2021-07-17,3092.0,3092.0,2902.0,2952.0,123168257321,1755217,1037,3038.0,2983.0
1680,2021-09-18,3099.0,3099.0,3099.0,3036.0,12132474741,1755531,138,2952.0,3099.0
1681,2021-09-19,3187.0,3187.0,3187.0,3103.0,9763376283,1373769,119,3036.0,3187.0
1682,2021-09-20,3258.0,3258.0,3258.0,3152.0,7152541184,984656,81,3103.0,3258.0
1683,2021-09-21,3310.0,3310.0,3310.0,3310.0,58898732040,7980858,335,3152.0,3310.0
1684,2021-09-22,3471.0,3471.0,3144.0,3286.0,238981573988,32618268,2713,3310.0,3180.0
1685,2021-09-25,3130.0,3220.0,3122.0,3149.0,27967757726,3983364,549,3286.0,3122.0
1686,2021-09-26,3018.0,3149.0,2991.0,3031.0,38457152643,5690185,634,3149.0,2991.0
1687,2021-09-28,2915.0,3182.0,2915.0,3163.0,147018530628,20842315,1875,3031.0,3163.0
1688,2021-09-29,3224.0,3224.0,3006.0,3097.0,96090115862,13916682,1389,3163.0,3166.0
1689,2021-10-02,3229.0,3229.0,2942.0,3023.0,35812162940,5312021,847,3097.0,3019.0
1690,2021-10-03,3024.0,3054.0,2875.0,2927.0,19564178872,3000058,510,3023.0,2964.0
1691,2021-10-04,2982.0,2982.0,2803.0,2854.0,32776527603,5149981,453,2927.0,2845.0
1692,2021-10-06,2854.0,2991.0,2783.0,2931.0,19434180542,2970112,461,2854.0,2910.0
1693,2021-10-09,2933.0,2933.0,2785.0,2827.0,15506994973,2482747,299,2931.0,2785.0
1694,2021-10-10,2720.0,2785.0,2685.0,2722.0,15565755514,2584132,363,2827.0,2685.0
1695,2021-10-11,2736.0,2736.0,2610.0,2694.0,10083560692,1692839,295,2722.0,2626.0
1696,2021-10-12,2650.0,2650.0,2559.0,2596.0,13199234990,2310039,216,2694.0,2559.0
1697,2021-10-13,2556.0,2556.0,2466.0,2563.0,4375216321,794103,139,2596.0,2466.0
1698,2021-10-16,2453.0,2646.0,2453.0,2604.0,27773595057,4783403,666,2563.0,2637.0
1699,2021-10-17,2646.0,2646.0,2474.0,2532.0,18073093962,3200582,419,2604.0,2474.0
1700,2021-10-18,2410.0,2466.0,2406.0,2434.0,13053654242,2431418,322,2532.0,2406.0
1701,2021-10-19,2426.0,2556.0,2332.0,2551.0,44838039351,7881153,392,2434.0,2556.0
1702,2021-10-20,2583.0,2583.0,2453.0,2534.0,6215039620,1113901,245,2551.0,2479.0
1703,2021-10-23,2509.0,2582.0,2407.0,2464.0,10130048990,1877564,256,2534.0,2407.0
1704,2021-10-25,2406.0,2406.0,2341.0,2390.0,10381793922,1982658,235,2464.0,2341.0
1705,2021-10-26,2278.0,2337.0,2271.0,2289.0,23205698879,4545410,364,2390.0,2271.0
1706,2021-10-27,2292.0,2327.0,2177.0,2214.0,17002311987,3443211,316,2289.0,2188.0
1707,2021-10-30,2310.0,2325.0,2113.0,2219.0,9323678056,1881814,397,2214.0,2141.0
1708,2021-10-31,2224.0,2323.0,2108.0,2177.0,10871114831,2255504,299,2219.0,2108.0
1709,2021-11-01,2233.0,2283.0,2072.0,2160.0,7177653392,1502327,248,2177.0,2090.0
1710,2021-11-02,2069.0,2268.0,2069.0,2248.0,31023050359,6188137,453,2160.0,2268.0
1711,2021-11-03,2274.0,2341.0,2242.0,2284.0,9483018556,1842839,233,2248.0,2318.0
1712,2021-11-06,2292.0,2392.0,2292.0,2323.0,8784398422,1671096,301,2284.0,2314.0
1713,2021-11-07,2292.0,2350.0,2207.0,2239.0,18956921829,3797469,336,2323.0,2212.0
1714,2021-11-08,2175.0,2306.0,2153.0,2240.0,6158719816,1231053,188,2239.0,2269.0
1715,2021-11-09,2301.0,2301.0,2202.0,2249.0,10789935120,2148046,199,2240.0,2242.0
1716,2021-11-10,2287.0,2361.0,2197.0,2345.0,20520709053,3923817,253,2249.0,2361.0
1717,2021-11-13,2390.0,2462.0,2257.0,2450.0,32881327693,6019182,465,2345.0,2462.0
1718,2021-11-14,2422.0,2553.0,2413.0,2458.0,8837413900,1608081,223,2450.0,2449.0
1719,2021-11-15,2482.0,2482.0,2335.0,2410.0,7128862845,1361051,138,2458.0,2363.0
1720,2021-11-16,2327.0,2417.0,2327.0,2385.0,6665656448,1272253,125,2410.0,2372.0
1721,2021-11-17,2372.0,2422.0,2325.0,2379.0,4030680286,764933,116,2385.0,2359.0
1722,2021-11-20,2316.0,2444.0,2297.0,2375.0,2260600511,432517,120,2379.0,2375.0
1723,2021-11-21,2292.0,2398.0,2288.0,2367.0,2332091902,449910,86,2375.0,2345.0
1724,2021-11-22,2336.0,2422.0,2292.0,2364.0,5220707428,993563,137,2367.0,2310.0
1725,2021-11-23,2314.0,2331.0,2246.0,2299.0,10367507442,2052097,252,2364.0,2326.0
1726,2021-11-24,2206.0,2341.0,2197.0,2286.0,2985525138,599388,123,2299.0,2242.0
1727,2021-11-27,2188.0,2331.0,2188.0,2276.0,1791218219,364996,92,2286.0,2188.0
1728,2021-11-28,2188.0,2274.0,2184.0,2263.0,3519646800,711509,91,2276.0,2247.0
1729,2021-11-29,2153.0,2262.0,2153.0,2246.0,4924287656,999273,104,2263.0,2247.0
1730,2021-11-30,2242.0,2242.0,2150.0,2234.0,2617675948,539102,91,2246.0,2197.0
1731,2021-12-01,2150.0,2222.0,2127.0,2214.0,3295326820,688093,89,2234.0,2175.0
1732,2021-12-04,2219.0,2219.0,2104.0,2164.0,7500512544,1589222,134,2214.0,2175.0
1733,2021-12-05,2209.0,2272.0,2072.0,2185.0,3858014074,769512,81,2164.0,2272.0
1734,2021-12-08,2294.0,2294.0,2294.0,2294.0,16496347592,3224462,89,2185.0,2294.0
1735,2021-12-11,2332.0,2370.0,2247.0,2299.0,11710077409,2282890,205,2294.0,2332.0
1736,2021-12-12,2252.0,2414.0,2252.0,2413.0,54252578328,10083007,378,2299.0,2414.0
1737,2021-12-13,2461.0,2534.0,2318.0,2525.0,116825301947,20748441,1042,2413.0,2534.0
1738,2021-12-14,2526.0,2651.0,2526.0,2640.0,78855262108,13394321,1114,2525.0,2641.0
1739,2021-12-15,2601.0,2772.0,2601.0,2724.0,60978130964,10039212,805,2640.0,2772.0
1740,2021-12-18,2847.0,2860.0,2779.0,2837.0,86121817498,13614724,724,2724.0,2825.0
1741,2021-12-19,2839.0,2979.0,2725.0,2929.0,264126034115,40437466,1602,2837.0,2914.0
1742,2021-12-20,2915.0,2915.0,2783.0,2887.0,6093218426,977223,115,2929.0,2783.0
1743,2021-12-21,2743.0,2821.0,2743.0,2751.0,69022628893,11250327,854,2887.0,2746.0
1744,2021-12-22,2746.0,2825.0,2655.0,2779.0,17923664618,2890708,437,2751.0,2798.0
1745,2021-12-25,2779.0,2856.0,2705.0,2771.0,12223497455,1981281,513,2779.0,2753.0
1746,2021-12-26,2686.0,2793.0,2633.0,2746.0,5578714472,930393,259,2771.0,2669.0
1747,2021-12-27,2646.0,2884.0,2646.0,2862.0,35399271841,5546495,503,2746.0,2884.0
1748,2021-12-28,3005.0,3005.0,2900.0,2941.0,18133649679,2756313,331,2862.0,2964.0
1749,2021-12-29,2964.0,2996.0,2798.0,2887.0,11598877484,1825096,336,2941.0,2801.0
1750,2022-01-01,2893.0,2893.0,2743.0,2825.0,8930175815,1453767,257,2887.0,2743.0
1751,2022-01-02,2771.0,2780.0,2684.0,2774.0,8539677978,1411265,257,2825.0,2736.0
1752,2022-01-03,2736.0,2769.0,2648.0,2762.0,3273187013,542308,122,2774.0,2693.0
1753,2022-01-04,2691.0,2723.0,2654.0,2752.0,3151559863,523189,149,2762.0,2691.0
1754,2022-01-05,2654.0,2712.0,2621.0,2727.0,5245922903,883361,136,2752.0,2646.0
1755,2022-01-08,2619.0,2691.0,2619.0,2713.0,2996989240,505782,124,2727.0,2628.0
1756,2022-01-09,2632.0,2632.0,2579.0,2677.0,5083268380,882809,130,2713.0,2579.0
1757,2022-01-10,2579.0,2641.0,2547.0,2641.0,5572691200,977016,165,2677.0,2565.0
1758,2022-01-11,2552.0,2736.0,2534.0,2628.0,5289475500,913116,184,2641.0,2579.0
1759,2022-01-12,2579.0,2579.0,2498.0,2583.0,6670716080,1193367,189,2628.0,2520.0
1760,2022-01-15,2471.0,2529.0,2458.0,2552.0,4190738520,762897,111,2583.0,2458.0
1761,2022-01-16,2449.0,2484.0,2426.0,2534.0,2817314890,519231,84,2552.0,2471.0
1762,2022-01-17,2435.0,2516.0,2422.0,2529.0,1504449440,272617,82,2534.0,2444.0
1763,2022-01-18,2404.0,2475.0,2404.0,2489.0,6183684280,1144605,85,2529.0,2404.0
1764,2022-01-19,2381.0,2444.0,2368.0,2453.0,5184722110,980489,99,2489.0,2372.0
1765,2022-01-22,2417.0,2444.0,2332.0,2377.0,10726121690,2057730,100,2453.0,2332.0
1766,2022-01-23,2265.0,2341.0,2260.0,2368.0,1254513310,248300,56,2377.0,2269.0
1767,2022-01-24,2256.0,2314.0,2251.0,2350.0,2535324110,504714,78,2368.0,2251.0
1768,2022-01-25,2242.0,2242.0,2233.0,2332.0,2279137070,457563,40,2350.0,2233.0
1769,2022-01-26,2238.0,2417.0,2233.0,2332.0,2848207180,549574,81,2332.0,2296.0
1770,2022-01-29,2265.0,2377.0,2256.0,2336.0,3383222840,647455,110,2332.0,2354.0
1771,2022-01-30,2314.0,2408.0,2251.0,2327.0,3786254220,738238,107,2336.0,2251.0
1772,2022-01-31,2229.0,2372.0,2229.0,2327.0,2327903380,450192,103,2327.0,2332.0
1773,2022-02-01,2368.0,2368.0,2242.0,2314.0,7064239420,1378374,98,2327.0,2327.0
1774,2022-02-02,2256.0,2283.0,2224.0,2305.0,2222346780,441281,57,2314.0,2224.0
1775,2022-02-05,2202.0,2417.0,2202.0,2350.0,15247297800,2907096,281,2305.0,2417.0
1776,2022-02-06,2426.0,2466.0,2327.0,2440.0,28414947350,5226107,453,2350.0,2458.0
1777,2022-02-07,2458.0,2556.0,2399.0,2525.0,26955080740,4786880,486,2440.0,2547.0
1778,2022-02-08,2471.0,2583.0,2466.0,2525.0,5934839230,1053193,206,2525.0,2466.0
1779,2022-02-09,2534.0,2534.0,2413.0,2502.0,4720557230,865340,174,2525.0,2440.0
1780,2022-02-12,2543.0,2543.0,2381.0,2435.0,11500396660,2146223,209,2502.0,2381.0
1781,2022-02-13,2332.0,2520.0,2314.0,2426.0,11031760190,2043046,158,2435.0,2480.0
1782,2022-02-14,2413.0,2484.0,2413.0,2440.0,6390829020,1162970,117,2426.0,2449.0
1783,2022-02-16,2449.0,2561.0,2449.0,2547.0,26313983580,4633687,209,2440.0,2561.0
1784,2022-02-19,2646.0,2646.0,2471.0,2552.0,4070857870,713780,97,2547.0,2511.0
1785,2022-02-20,2511.0,2677.0,2498.0,2623.0,54896653060,9388633,317,2552.0,2547.0
1786,2022-02-21,2543.0,2691.0,2534.0,2637.0,17302232750,2942662,174,2623.0,2610.0
1787,2022-02-22,2525.0,2686.0,2525.0,2619.0,4616330130,807017,69,2637.0,2556.0
1788,2022-02-23,2601.0,2691.0,2511.0,2610.0,8692776760,1497288,143,2619.0,2561.0
1789,2022-02-26,2597.0,2597.0,2480.0,2574.0,5108366810,920343,123,2610.0,2480.0
1790,2022-02-27,2458.0,2525.0,2449.0,2556.0,2894340500,526928,69,2574.0,2466.0
1791,2022-02-28,2453.0,2637.0,2453.0,2556.0,2307594920,403940,94,2556.0,2565.0
1792,2022-03-02,2458.0,2552.0,2431.0,2529.0,3750883970,688059,125,2556.0,2440.0
1793,2022-03-05,2502.0,2502.0,2404.0,2502.0,4689571020,864798,116,2529.0,2458.0
1794,2022-03-06,2404.0,2498.0,2399.0,2489.0,5123712660,935804,114,2502.0,2480.0
1795,2022-03-07,2466.0,2538.0,2386.0,2480.0,8416340510,1526688,165,2489.0,2431.0
1796,2022-03-08,2422.0,2462.0,2368.0,2458.0,6016811610,1117121,128,2480.0,2372.0
1797,2022-03-09,2462.0,2489.0,2372.0,2449.0,5700197000,1051554,136,2458.0,2453.0
1798,2022-03-12,2381.0,2484.0,2327.0,2354.0,17348360300,3303656,166,2449.0,2336.0
1799,2022-03-13,2336.0,2453.0,2310.0,2363.0,3062450760,570651,90,2354.0,2399.0
1800,2022-03-14,2422.0,2449.0,2363.0,2368.0,1631912410,302238,93,2363.0,2386.0
1801,2022-03-15,2345.0,2435.0,2332.0,2368.0,3518735450,667378,81,2368.0,2341.0
1802,2022-03-16,2274.0,2417.0,2274.0,2372.0,2332481110,438264,97,2368.0,2386.0
1803,2022-03-19,2350.0,2489.0,2350.0,2458.0,15287653630,2779962,193,2372.0,2489.0
1804,2022-03-26,2543.0,2579.0,2466.0,2471.0,3716145970,660272,128,2458.0,2498.0
1805,2022-03-27,2426.0,2556.0,2426.0,2484.0,3807582100,676391,100,2471.0,2534.0
1806,2022-03-28,0.0,0.0,0.0,2484.0,3807582100,676391,100,2484.0,2534.0
1807,2022-03-29,2466.0,2601.0,2466.0,2507.0,8074469590,1427511,153,2484.0,2511.0
1808,2022-03-30,2484.0,2552.0,2431.0,2511.0,12217816880,2179974,135,2507.0,2547.0
1809,2022-04-03,2597.0,2637.0,2511.0,2592.0,15756134230,2713597,159,2511.0,2637.0
1810,2022-04-04,2718.0,2718.0,2668.0,2713.0,32233273820,5325202,540,2592.0,2718.0
1811,2022-04-05,2749.0,2753.0,2606.0,2691.0,25269956110,4208642,329,2713.0,2736.0
1812,2022-04-06,2794.0,2794.0,2606.0,2709.0,14886043900,2462212,349,2691.0,2682.0
1813,2022-04-09,2619.0,2812.0,2619.0,2722.0,8952422100,1466274,197,2709.0,2736.0
1814,2022-04-10,2731.0,2830.0,2731.0,2740.0,8402058870,1361629,147,2722.0,2753.0
1815,2022-04-11,2753.0,2830.0,2691.0,2722.0,14937698110,2462895,343,2740.0,2691.0
1816,2022-04-12,2700.0,2771.0,2588.0,2610.0,22368250790,3840810,328,2722.0,2588.0
1817,2022-04-13,2632.0,2664.0,2484.0,2561.0,23548527690,4127611,635,2610.0,2579.0
1818,2022-04-16,2579.0,2686.0,2579.0,2659.0,15579589850,2608352,312,2561.0,2686.0
1819,2022-04-17,2789.0,2789.0,2736.0,2789.0,30880620990,4965582,310,2659.0,2789.0
1820,2022-04-18,2928.0,2928.0,2928.0,2928.0,21557952630,3301371,181,2789.0,2928.0
1821,2022-04-19,3072.0,3072.0,2928.0,3054.0,80609977840,11840616,1175,2928.0,3018.0
1822,2022-04-20,3072.0,3072.0,2901.0,2915.0,51009165170,7849669,886,3054.0,2910.0
1823,2022-04-24,3058.0,3058.0,3058.0,3058.0,33615479920,4928956,196,2915.0,3058.0
1824,2022-04-25,3211.0,3211.0,3211.0,3211.0,87058482960,12159006,401,3058.0,3211.0
1825,2022-04-26,3238.0,3368.0,3144.0,3301.0,117487152450,15961447,1168,3211.0,3314.0
1826,2022-04-27,3345.0,3345.0,3139.0,3188.0,30752682280,4324058,461,3301.0,3197.0
1827,2022-04-30,3139.0,3166.0,3036.0,3108.0,28295996130,4083818,467,3188.0,3108.0
1828,2022-05-01,3224.0,3224.0,3099.0,3135.0,12608749190,1792352,246,3108.0,3135.0
1829,2022-05-02,3135.0,3287.0,3058.0,3265.0,37960851170,5212619,504,3135.0,3287.0
1830,2022-05-07,3287.0,3310.0,3139.0,3220.0,15140762970,2121969,372,3265.0,3224.0
1831,2022-05-08,3251.0,3314.0,3166.0,3211.0,9777063620,1368410,223,3220.0,3224.0
1832,2022-05-09,3332.0,3332.0,3063.0,3175.0,11227027580,1602411,280,3211.0,3139.0
1833,2022-05-10,3139.0,3269.0,3090.0,3184.0,10384054590,1458789,203,3175.0,3162.0
1834,2022-05-11,3247.0,3296.0,3112.0,3197.0,11025085220,1537631,257,3184.0,3233.0
1835,2022-05-14,3233.0,3274.0,3184.0,3202.0,10365174320,1447348,197,3197.0,3229.0
1836,2022-05-15,3148.0,3247.0,3139.0,3193.0,8027488450,1133710,164,3202.0,3162.0
1837,2022-05-16,3117.0,3350.0,3117.0,3323.0,70682012760,9541784,563,3193.0,3350.0
1838,2022-05-17,3390.0,3426.0,3256.0,3377.0,21797587700,2892944,338,3323.0,3319.0
1839,2022-05-18,3265.0,3413.0,3265.0,3350.0,21761537080,2915782,275,3377.0,3345.0
1840,2022-05-21,3229.0,3404.0,3229.0,3314.0,24108216020,3262606,294,3350.0,3305.0
1841,2022-05-22,3215.0,3350.0,3211.0,3287.0,10227095180,1410935,232,3314.0,3229.0
1842,2022-05-23,3238.0,3319.0,3126.0,3215.0,13189232100,1865522,158,3287.0,3162.0
1843,2022-05-24,3139.0,3372.0,3058.0,3269.0,239263414390,32824457,781,3215.0,3372.0
1844,2022-05-25,3431.0,3431.0,3431.0,3381.0,16306617600,2131584,108,3269.0,3431.0
1845,2022-05-28,3547.0,3547.0,3476.0,3547.0,556703163810,70423620,1634,3381.0,3547.0
1846,2022-05-29,3583.0,3695.0,3417.0,3547.0,170895031750,21605517,1656,3547.0,3574.0
1847,2022-05-30,3650.0,3695.0,3476.0,3556.0,58797774440,7419261,753,3547.0,3516.0
1848,2022-05-31,3561.0,3606.0,3435.0,3529.0,59948972820,7614014,810,3556.0,3493.0
1849,2022-06-01,3493.0,3704.0,3422.0,3691.0,186746486110,22703062,999,3529.0,3700.0
1850,2022-06-06,3682.0,3700.0,3507.0,3543.0,60438134570,7649274,540,3691.0,3520.0
1851,2022-06-07,3543.0,3655.0,3462.0,3556.0,29938754350,3775493,356,3543.0,3534.0
1852,2022-06-08,3467.0,3632.0,3462.0,3516.0,26947773360,3436492,342,3556.0,3498.0
1853,2022-06-11,3502.0,3543.0,3408.0,3493.0,13901798230,1792314,294,3516.0,3458.0
1854,2022-06-12,3417.0,3493.0,3372.0,3422.0,27313223480,3580208,426,3493.0,3390.0
1855,2022-06-13,3386.0,3561.0,3359.0,3453.0,18768244840,2430568,331,3422.0,3431.0
1856,2022-06-14,3408.0,3623.0,3386.0,3606.0,152098135200,18913047,829,3453.0,3610.0
1857,2022-06-15,3610.0,3785.0,3502.0,3695.0,170270317280,20664727,1287,3606.0,3785.0
1858,2022-06-18,3866.0,3879.0,3812.0,3875.0,181850916680,21035386,896,3695.0,3879.0
1859,2022-06-19,4005.0,4063.0,3875.0,3955.0,114688202170,12997640,949,3875.0,3884.0
1860,2022-06-20,3964.0,4014.0,3812.0,3915.0,51448852180,5895135,652,3955.0,3875.0
1861,2022-06-21,3789.0,3902.0,3722.0,3749.0,37202998020,4447601,401,3915.0,3722.0
1862,2022-06-22,3749.0,3749.0,3565.0,3597.0,27341550590,3410416,425,3749.0,3619.0
1863,2022-06-25,3628.0,3677.0,3561.0,3597.0,7140130730,889937,153,3597.0,3574.0
1864,2022-06-26,3552.0,3623.0,3422.0,3498.0,17440786240,2259286,236,3597.0,3422.0
1865,2022-06-27,3372.0,3484.0,3372.0,3453.0,14465655160,1894617,258,3498.0,3467.0
1866,2022-06-28,3467.0,3520.0,3354.0,3431.0,28655774010,3748041,528,3453.0,3484.0
1867,2022-06-29,3489.0,3601.0,3444.0,3570.0,40511030640,5087015,369,3431.0,3601.0
1868,2022-07-02,3673.0,3677.0,3543.0,3606.0,25367071110,3156381,357,3570.0,3650.0
1869,2022-07-03,3565.0,3785.0,3467.0,3745.0,73167840890,8759549,506,3606.0,3785.0
1870,2022-07-04,3852.0,3928.0,3767.0,3928.0,102640610670,11723390,500,3745.0,3928.0
1871,2022-07-05,3942.0,4103.0,3870.0,4009.0,74734242180,8362895,720,3928.0,4050.0
1872,2022-07-06,4103.0,4103.0,3924.0,3991.0,42486071380,4773034,365,4009.0,3996.0
1873,2022-07-09,3996.0,4067.0,3798.0,3973.0,6641011150,761295,226,3991.0,3857.0
1874,2022-07-11,3803.0,3875.0,3776.0,3848.0,17626745760,2086928,236,3973.0,3776.0
1875,2022-07-12,3659.0,3812.0,3659.0,3668.0,141536743730,17311236,631,3848.0,3659.0
1876,2022-07-13,3615.0,3848.0,3615.0,3843.0,80302828960,9369343,529,3668.0,3848.0
1877,2022-07-16,4032.0,4032.0,3848.0,4027.0,151292333570,16851821,1107,3843.0,4023.0
1878,2022-07-17,4027.0,4085.0,3830.0,3839.0,62309523950,7279737,567,4027.0,3830.0
1879,2022-07-24,4001.0,4001.0,3649.0,3690.0,17184078650,2099962,155,3839.0,3649.0
1880,2022-07-25,3690.0,3699.0,3509.0,3514.0,15259465160,1957905,226,3690.0,3509.0
1881,2022-07-26,3365.0,3609.0,3343.0,3356.0,20271726560,2725594,243,3514.0,3343.0
1882,2022-07-27,3284.0,3284.0,3189.0,3198.0,35266693160,4974779,513,3356.0,3198.0
1883,2022-07-30,3225.0,3352.0,3198.0,3288.0,14862520220,2038473,334,3198.0,3275.0
1884,2022-07-31,3212.0,3315.0,3126.0,3131.0,32292559520,4650763,261,3288.0,3126.0
1885,2022-08-01,3203.0,3230.0,2977.0,3004.0,34371629060,5162526,462,3131.0,2977.0
1886,2022-08-02,2887.0,3018.0,2855.0,2878.0,13263888390,2080026,256,3004.0,2905.0
1887,2022-08-03,2919.0,3000.0,2860.0,2932.0,11930251510,1835666,226,2878.0,2928.0
1888,2022-08-06,2806.0,3067.0,2806.0,3004.0,16246931970,2438733,312,2932.0,2842.0
1889,2022-08-09,2937.0,3000.0,2860.0,2905.0,87742376410,13625119,461,3004.0,2919.0
1890,2022-08-10,2819.0,3045.0,2819.0,2932.0,15637273300,2405577,307,2905.0,2860.0
1891,2022-08-13,2860.0,3040.0,2860.0,2977.0,9069475330,1373644,225,2932.0,2937.0
1892,2022-08-14,2860.0,2955.0,2828.0,2846.0,35960975430,5697199,422,2977.0,2869.0
1893,2022-08-15,2810.0,2864.0,2707.0,2720.0,55150588450,9145519,675,2846.0,2743.0
1894,2022-08-16,2743.0,2774.0,2666.0,2734.0,13900580150,2295273,272,2720.0,2666.0
1895,2022-08-17,2707.0,2774.0,2621.0,2698.0,12571209280,2102181,234,2734.0,2657.0
1896,2022-08-20,2639.0,2810.0,2639.0,2761.0,11518326980,1882516,308,2698.0,2770.0
1897,2022-08-21,2846.0,2846.0,2670.0,2729.0,10048067610,1660232,203,2761.0,2698.0
1898,2022-08-22,2779.0,2779.0,2675.0,2698.0,4050813400,677025,120,2729.0,2684.0
1899,2022-08-23,2752.0,2828.0,2752.0,2824.0,20009249710,3198906,205,2698.0,2828.0
1900,2022-08-24,2964.0,2964.0,2964.0,2964.0,18320944320,2788576,107,2824.0,2964.0
1901,2022-08-27,2973.0,3108.0,2973.0,3081.0,45870518980,6717082,495,2964.0,2986.0
1902,2022-08-28,3022.0,3022.0,2928.0,2937.0,24432420810,3754878,326,3081.0,2928.0
1903,2022-08-29,2928.0,3000.0,2846.0,2937.0,6767147530,1039706,185,2937.0,2941.0
1904,2022-08-30,2937.0,3081.0,2937.0,3063.0,24133688140,3555854,575,2937.0,3081.0
1905,2022-08-31,3081.0,3158.0,2955.0,3090.0,8555186020,1249487,234,3063.0,3049.0
1906,2022-09-03,3090.0,3090.0,2937.0,2941.0,45480908940,6980285,330,3090.0,2986.0
1907,2022-09-04,3018.0,3018.0,2819.0,2873.0,21460651620,3369459,367,2941.0,2869.0
1908,2022-09-05,2837.0,2932.0,2738.0,2810.0,23572666410,3783193,326,2873.0,2810.0
1909,2022-09-06,2891.0,2910.0,2788.0,2851.0,23364213280,3696228,476,2810.0,2837.0
1910,2022-09-07,2860.0,2860.0,2720.0,2779.0,21239188140,3447945,349,2851.0,2729.0
1911,2022-09-10,2693.0,2738.0,2643.0,2666.0,14061503590,2380721,313,2779.0,2679.0
1912,2022-09-11,2630.0,2702.0,2535.0,2594.0,27630655220,4801833,385,2666.0,2594.0
1913,2022-09-12,2594.0,2720.0,2535.0,2702.0,46453886130,7759702,665,2594.0,2720.0
1914,2022-09-13,2774.0,2833.0,2734.0,2801.0,50766204030,8172909,664,2702.0,2833.0
1915,2022-09-14,2837.0,2837.0,2661.0,2698.0,27716199570,4634446,334,2801.0,2729.0
1916,2022-09-18,2716.0,2716.0,2576.0,2616.0,7598557580,1310542,307,2698.0,2616.0
1917,2022-09-19,2576.0,2747.0,2558.0,2698.0,73167456780,12244380,740,2616.0,2743.0
1918,2022-09-20,2743.0,2828.0,2707.0,2774.0,58805625210,9566299,731,2698.0,2761.0
1919,2022-09-21,2774.0,2788.0,2666.0,2725.0,11261445960,1864043,267,2774.0,2707.0
1920,2022-09-24,2815.0,2815.0,2589.0,2603.0,30539653950,5292642,324,2725.0,2589.0
1921,2022-09-26,2576.0,2707.0,2576.0,2675.0,7570726990,1277576,172,2603.0,2688.0
1922,2022-09-28,2770.0,2770.0,2589.0,2675.0,17096113510,2882691,333,2675.0,2679.0
1923,2022-10-01,2639.0,2707.0,2544.0,2576.0,22194353520,3886273,285,2675.0,2585.0
1924,2022-10-02,2535.0,2585.0,2449.0,2485.0,39554156780,7176708,460,2576.0,2467.0
1925,2022-10-03,2490.0,2490.0,2364.0,2373.0,39133698810,7435544,404,2485.0,2364.0
1926,2022-10-04,2332.0,2377.0,2269.0,2310.0,13219351450,2580686,334,2373.0,2341.0
1927,2022-10-08,2386.0,2409.0,2301.0,2341.0,5071047400,977839,162,2310.0,2323.0
1928,2022-10-09,2350.0,2350.0,2228.0,2233.0,15873891400,3204123,289,2341.0,2228.0
1929,2022-10-10,2179.0,2283.0,2179.0,2224.0,6360963180,1290894,141,2233.0,2201.0
1930,2022-10-11,2233.0,2332.0,2179.0,2273.0,23009673760,4562688,326,2224.0,2296.0
1931,2022-10-12,2319.0,2346.0,2296.0,2323.0,3524452690,684187,129,2273.0,2323.0
1932,2022-10-15,2355.0,2355.0,2210.0,2237.0,7116158210,1433294,227,2323.0,2210.0
1933,2022-10-16,2287.0,2287.0,2197.0,2219.0,2283429080,463986,121,2237.0,2224.0
1934,2022-10-17,2201.0,2269.0,2183.0,2215.0,6503436530,1323778,184,2219.0,2210.0
1935,2022-10-18,2170.0,2292.0,2170.0,2251.0,4598997890,921658,118,2215.0,2283.0
1936,2022-10-19,2269.0,2332.0,2251.0,2310.0,6562403890,1282638,178,2251.0,2301.0
1937,2022-10-22,2346.0,2346.0,2255.0,2292.0,5816335210,1145780,126,2310.0,2264.0
1938,2022-10-23,2237.0,2260.0,2219.0,2251.0,2038232840,408494,80,2292.0,2260.0
1939,2022-10-24,2246.0,2264.0,2147.0,2179.0,6484089540,1341633,165,2251.0,2206.0
1940,2022-10-25,2246.0,2246.0,2070.0,2102.0,9655896340,2073883,166,2179.0,2111.0
1941,2022-10-26,2070.0,2120.0,1998.0,2012.0,9770835210,2191944,187,2102.0,2003.0
1942,2022-10-29,1989.0,2025.0,1911.0,1927.0,16612636660,3887792,232,2012.0,1912.0
1943,2022-10-30,1872.0,2024.0,1843.0,1934.0,9090141306,2119935,236,1927.0,2007.0
1944,2022-10-31,2025.0,2031.0,2025.0,2031.0,11541949857,2563810,137,1934.0,2031.0
1945,2022-11-01,2061.0,2132.0,2052.0,2124.0,17808540288,3782055,283,2031.0,2132.0
1946,2022-11-02,2181.0,2181.0,2041.0,2107.0,4291872964,918927,135,2124.0,2099.0
1947,2022-11-05,2201.0,2212.0,2144.0,2195.0,8562180216,1759906,195,2107.0,2211.0
1948,2022-11-06,2251.0,2251.0,2165.0,2192.0,6634027781,1364945,209,2195.0,2206.0
1949,2022-11-07,2206.0,2302.0,2206.0,2285.0,25681362945,5069618,262,2192.0,2302.0
1950,2022-11-08,2346.0,2364.0,2186.0,2255.0,12816953925,2563170,226,2285.0,2240.0
1951,2022-11-09,2166.0,2291.0,2166.0,2244.0,5721878913,1150038,182,2255.0,2255.0
1952,2022-11-12,2328.0,2337.0,2256.0,2300.0,5010017072,982515,125,2244.0,2269.0
1953,2022-11-13,2377.0,2377.0,2244.0,2279.0,3079026028,609523,106,2300.0,2269.0
1954,2022-11-14,2359.0,2359.0,2181.0,2200.0,3962518930,812651,170,2279.0,2190.0
1955,2022-11-15,2191.0,2232.0,2135.0,2179.0,4089171307,846447,108,2200.0,2204.0
1956,2022-11-16,2165.0,2209.0,2148.0,2167.0,2974951155,619248,109,2179.0,2162.0
1957,2022-11-19,2111.0,2208.0,2059.0,2068.0,20235915681,4414929,327,2167.0,2062.0
1958,2022-11-20,2120.0,2171.0,2046.0,2162.0,11276874431,2353065,171,2068.0,2171.0
1959,2022-11-21,2219.0,2243.0,2174.0,2215.0,7572964589,1542133,204,2162.0,2211.0
1960,2022-11-22,2210.0,2326.0,2210.0,2298.0,29093444439,5710458,310,2215.0,2326.0
1961,2022-11-23,2404.0,2413.0,2332.0,2407.0,26520875411,4969035,467,2298.0,2413.0
1962,2022-11-26,2495.0,2495.0,2373.0,2413.0,7156938470,1338380,285,2407.0,2386.0
1963,2022-11-27,2440.0,2472.0,2319.0,2422.0,11202930860,2085706,251,2413.0,2463.0
1964,2022-11-28,2454.0,2504.0,2436.0,2458.0,13505897590,2477184,199,2422.0,2476.0
1965,2022-11-29,2513.0,2513.0,2418.0,2436.0,4176918840,773680,112,2458.0,2454.0
1966,2022-11-30,2413.0,2458.0,2373.0,2409.0,1830616910,342622,79,2436.0,2391.0
1967,2022-12-03,2377.0,2391.0,2323.0,2346.0,2496815510,479773,114,2409.0,2332.0
1968,2022-12-04,2305.0,2346.0,2283.0,2301.0,8182564990,1603084,165,2346.0,2292.0
1969,2022-12-05,2283.0,2346.0,2278.0,2296.0,2153240920,422989,85,2301.0,2296.0
1970,2022-12-06,2337.0,2386.0,2215.0,2314.0,7599581970,1480300,279,2296.0,2368.0
1971,2022-12-07,2404.0,2404.0,2314.0,2355.0,6661737240,1277041,181,2314.0,2332.0
1972,2022-12-10,2283.0,2346.0,2237.0,2260.0,6105547300,1219884,147,2355.0,2260.0
1973,2022-12-11,2233.0,2296.0,2201.0,2246.0,3822502630,767929,126,2260.0,2269.0
1974,2022-12-12,2264.0,2355.0,2260.0,2314.0,10746275720,2093371,159,2246.0,2355.0
1975,2022-12-13,2368.0,2427.0,2355.0,2413.0,10209353470,1908120,216,2314.0,2413.0
1976,2022-12-14,2472.0,2472.0,2368.0,2391.0,5953878670,1122322,225,2413.0,2377.0
1977,2022-12-17,2364.0,2431.0,2364.0,2395.0,7868152100,1481029,168,2391.0,2404.0
1978,2022-12-18,2436.0,2485.0,2422.0,2458.0,9930726090,1821688,216,2395.0,2458.0
1979,2022-12-19,2481.0,2481.0,2373.0,2409.0,5178864110,970257,129,2458.0,2400.0
1980,2022-12-20,2382.0,2422.0,2323.0,2355.0,5862534770,1123328,185,2409.0,2355.0
1981,2022-12-21,2350.0,2400.0,2332.0,2355.0,12056374990,2310117,237,2355.0,2346.0
1982,2022-12-24,2449.0,2467.0,2391.0,2427.0,22831347420,4247083,376,2355.0,2395.0
1983,2022-12-25,2472.0,2544.0,2413.0,2499.0,74157592200,13376017,597,2427.0,2544.0
1984,2022-12-26,2621.0,2621.0,2594.0,2621.0,171885734940,29589476,966,2499.0,2621.0
1985,2022-12-28,2752.0,2752.0,2752.0,2752.0,16210018000,2657380,105,2621.0,2752.0
1986,2022-12-31,2675.0,2693.0,2616.0,2625.0,88163522630,15155442,550,2752.0,2616.0
1987,2023-01-01,2571.0,2661.0,2495.0,2517.0,82688172870,14819278,778,2625.0,2499.0
1988,2023-01-02,2616.0,2616.0,2454.0,2522.0,97740530390,17491062,885,2517.0,2526.0
1989,2023-01-03,2549.0,2643.0,2463.0,2571.0,86386616210,15165454,911,2522.0,2472.0
1990,2023-01-04,2544.0,2544.0,2476.0,2499.0,22753711730,4106015,394,2571.0,2499.0
1991,2023-01-07,2571.0,2621.0,2513.0,2612.0,76211958920,13169419,631,2499.0,2621.0
1992,2023-01-08,2652.0,2738.0,2616.0,2688.0,95551287640,16034607,966,2612.0,2661.0
1993,2023-01-09,2684.0,2684.0,2571.0,2616.0,65105010370,11232641,817,2688.0,2630.0
1994,2023-01-10,2652.0,2747.0,2616.0,2738.0,120238944130,19823779,886,2616.0,2734.0
1995,2023-01-11,2756.0,2873.0,2684.0,2833.0,147322820700,23472064,822,2738.0,2779.0
1996,2023-01-14,2770.0,2855.0,2693.0,2797.0,28493678790,4592590,457,2833.0,2824.0
1997,2023-01-16,2923.0,2937.0,2833.0,2928.0,69754015360,10752860,564,2797.0,2937.0
1998,2023-01-17,3072.0,3072.0,2937.0,3040.0,108822534370,16142720,841,2928.0,2977.0
1999,2023-01-18,3022.0,3189.0,2914.0,3126.0,84002112870,12116742,935,3040.0,3113.0
2000,2023-01-21,3126.0,3126.0,2973.0,2982.0,89056976600,13473545,815,3126.0,2986.0
2001,2023-01-22,2932.0,3031.0,2869.0,2919.0,22434376620,3469768,406,2982.0,2973.0
2002,2023-01-23,2873.0,3058.0,2774.0,2864.0,31062931880,4892648,448,2919.0,2833.0
2003,2023-01-24,2855.0,3004.0,2747.0,2910.0,41941594510,6504210,586,2864.0,2891.0
2004,2023-01-25,2910.0,2910.0,2765.0,2770.0,78522837860,12788123,648,2910.0,2765.0
2005,2023-01-28,2860.0,2860.0,2634.0,2679.0,15079042680,2537930,276,2770.0,2707.0
2006,2023-01-29,2707.0,2707.0,2549.0,2549.0,54490006390,9638985,389,2679.0,2616.0
2007,2023-01-30,2485.0,2616.0,2422.0,2463.0,23994073640,4396460,313,2549.0,2449.0
2008,2023-01-31,2562.0,2562.0,2436.0,2485.0,14587849630,2649245,247,2463.0,2436.0
2009,2023-02-01,2481.0,2508.0,2395.0,2467.0,12975977490,2372414,154,2485.0,2485.0
2010,2023-02-05,2535.0,2544.0,2395.0,2481.0,8952404080,1628788,145,2467.0,2413.0
2011,2023-02-06,2386.0,2553.0,2382.0,2495.0,15850850480,2864296,193,2481.0,2485.0
2012,2023-02-07,2422.0,2571.0,2422.0,2531.0,8795122010,1567493,169,2495.0,2571.0
2013,2023-02-08,2517.0,2589.0,2517.0,2526.0,9070190320,1618625,126,2531.0,2522.0
2014,2023-02-12,2449.0,2558.0,2449.0,2522.0,3045936580,544411,102,2526.0,2549.0
2015,2023-02-13,2594.0,2594.0,2440.0,2485.0,7821779910,1418879,168,2522.0,2472.0
2016,2023-02-14,2472.0,2485.0,2386.0,2422.0,3888536670,724304,102,2485.0,2386.0
2017,2023-02-15,2373.0,2445.0,2350.0,2404.0,9097682890,1706692,169,2422.0,2436.0
2018,2023-02-19,2467.0,2472.0,2391.0,2404.0,1608713530,301582,85,2404.0,2391.0
2019,2023-02-20,2359.0,2522.0,2359.0,2517.0,12903179280,2313291,130,2404.0,2522.0
2020,2023-02-21,2612.0,2639.0,2567.0,2630.0,35737596680,6129009,288,2517.0,2589.0
2021,2023-02-22,2616.0,2716.0,2499.0,2589.0,20528706090,3574042,247,2630.0,2707.0
2022,2023-02-25,2716.0,2716.0,2716.0,2716.0,11860959180,1970259,85,2589.0,2716.0
2023,2023-02-26,2851.0,2851.0,2698.0,2801.0,48837011080,7860859,356,2716.0,2743.0
2024,2023-02-27,2661.0,2747.0,2661.0,2679.0,42792209380,7206565,458,2801.0,2702.0
2025,2023-02-28,2725.0,2761.0,2616.0,2711.0,21364114030,3554327,242,2679.0,2716.0
2026,2023-03-01,2846.0,2846.0,2774.0,2846.0,176434996520,27961684,626,2711.0,2846.0
2027,2023-03-04,2923.0,2986.0,2797.0,2941.0,162835607310,24989765,1074,2846.0,2873.0
2028,2023-03-05,3000.0,3000.0,2842.0,2887.0,44670984970,6983903,471,2941.0,2869.0
2029,2023-03-06,2783.0,2900.0,2779.0,2815.0,12749072280,2042687,243,2887.0,2887.0
2030,2023-03-07,2842.0,2869.0,2783.0,2819.0,25218604860,4033453,285,2815.0,2851.0
2031,2023-03-11,2846.0,2900.0,2734.0,2824.0,22781506930,3638153,240,2819.0,2770.0
2032,2023-03-12,2752.0,2806.0,2684.0,2747.0,15020266820,2465095,158,2824.0,2684.0
2033,2023-03-13,2711.0,2882.0,2711.0,2792.0,83336579530,13458632,354,2747.0,2882.0
2034,2023-03-14,2928.0,2928.0,2851.0,2928.0,125509650150,19350725,570,2792.0,2928.0
2035,2023-03-15,2964.0,3022.0,2873.0,2964.0,56175287440,8545805,524,2928.0,3022.0
2036,2023-03-18,3054.0,3108.0,3045.0,3108.0,99577120930,14457611,441,2964.0,3108.0
2037,2023-03-19,3113.0,3221.0,2982.0,3167.0,52836055680,7527899,406,3108.0,3167.0
2038,2023-03-25,3261.0,3306.0,3131.0,3225.0,32963610660,4609424,370,3167.0,3252.0
2039,2023-03-26,3356.0,3356.0,3067.0,3103.0,13352440790,1941101,233,3225.0,3113.0
2040,2023-03-28,3151.0,3259.0,3151.0,3259.0,111824781750,14800361,462,3103.0,3259.0
2041,2023-03-29,3336.0,3397.0,3181.0,3285.0,38049279910,4992906,507,3259.0,3336.0
2042,2023-04-03,3250.0,3444.0,3155.0,3310.0,43425048580,5651650,575,3285.0,3371.0
2043,2023-04-04,3405.0,3444.0,3203.0,3302.0,38096190890,4970842,427,3310.0,3237.0
2044,2023-04-05,3276.0,3466.0,3194.0,3397.0,86395361430,10966016,685,3302.0,3448.0
2045,2023-04-08,3522.0,3565.0,3401.0,3543.0,86396076370,10510670,565,3397.0,3496.0
2046,2023-04-09,3491.0,3616.0,3375.0,3513.0,72962670760,8950769,619,3543.0,3448.0
2047,2023-04-10,3483.0,3685.0,3397.0,3556.0,65491881810,7935886,678,3513.0,3405.0
2048,2023-04-11,3379.0,3556.0,3379.0,3457.0,63355149770,7903585,638,3556.0,3513.0
2049,2023-04-15,3513.0,3629.0,3513.0,3629.0,216534489870,25718515,640,3457.0,3629.0
2050,2023-04-16,3703.0,3810.0,3634.0,3797.0,290707977980,33002797,1440,3629.0,3810.0
2051,2023-04-17,3910.0,3974.0,3810.0,3892.0,96615900610,10695323,774,3797.0,3901.0
2052,2023-04-18,3987.0,4078.0,3901.0,4000.0,165618983520,17844990,1076,3892.0,4009.0
2053,2023-04-19,4026.0,4198.0,4026.0,4181.0,138987901300,14324768,966,4000.0,4168.0
2054,2023-04-24,4160.0,4379.0,3996.0,4203.0,69811328420,7157492,847,4181.0,4224.0
2055,2023-04-25,4375.0,4388.0,4095.0,4254.0,46693059160,4729382,658,4203.0,4151.0
2056,2023-04-26,4267.0,4267.0,4043.0,4060.0,160870299110,17085001,1327,4254.0,4043.0
2057,2023-04-29,4177.0,4177.0,3940.0,4022.0,89444543650,9584843,917,4060.0,4073.0
2058,2023-04-30,4116.0,4116.0,3953.0,4030.0,92127220340,9853514,830,4022.0,3966.0
2059,2023-05-01,3983.0,4216.0,3957.0,4078.0,107326962250,11346278,1083,4030.0,4147.0
2060,2023-05-02,4220.0,4246.0,3991.0,4073.0,138633359000,14664985,1442,4078.0,4004.0
2061,2023-05-03,4082.0,4125.0,3957.0,4013.0,230492335530,24753534,1455,4073.0,4009.0
2062,2023-05-06,4211.0,4211.0,4211.0,4211.0,77544577930,7937009,262,4013.0,4211.0
2063,2023-05-07,4418.0,4418.0,4004.0,4198.0,524949429350,53885467,2343,4211.0,4013.0
2064,2023-05-08,4035.0,4095.0,3991.0,4004.0,311032790630,33466467,1438,4198.0,4030.0
2065,2023-05-09,3974.0,4203.0,3974.0,4194.0,171446085950,17623843,691,4004.0,4203.0
2066,2023-05-10,4401.0,4401.0,4315.0,4397.0,687456086300,67372598,2130,4194.0,4401.0
2067,2023-05-13,4448.0,4483.0,4177.0,4272.0,271073984650,27364567,1436,4397.0,4448.0
2068,2023-05-14,4483.0,4483.0,4448.0,4483.0,92517368900,8896035,436,4272.0,4483.0
2069,2023-05-15,4526.0,4707.0,4526.0,4677.0,126433896150,11650249,639,4483.0,4707.0
2070,2023-05-17,4910.0,4910.0,4871.0,4905.0,209556679330,18408569,1027,4677.0,4910.0
2071,2023-05-20,5086.0,5086.0,4664.0,4815.0,129312695150,11579650,969,4905.0,4664.0
2072,2023-05-21,4578.0,4685.0,4578.0,4582.0,210853093030,19834834,1116,4815.0,4578.0
2073,2023-05-22,4612.0,4810.0,4578.0,4763.0,98566716590,8923895,615,4582.0,4810.0
2074,2023-05-23,4819.0,5000.0,4763.0,4996.0,129702024360,11194343,652,4763.0,5000.0
2075,2023-05-24,5009.0,5241.0,5009.0,5216.0,300838467220,24856893,1341,4996.0,5229.0
2076,2023-05-27,5172.0,5272.0,4957.0,4983.0,62182881520,5377177,415,5216.0,4957.0
2077,2023-05-28,4737.0,4953.0,4737.0,4754.0,158743587320,14396564,683,4983.0,4802.0
2078,2023-05-29,4767.0,4991.0,4767.0,4879.0,109008954240,9633668,561,4754.0,4991.0
2079,2023-05-30,5099.0,5121.0,4953.0,5078.0,95476202950,8103144,721,4879.0,5121.0
2080,2023-05-31,5164.0,5302.0,5000.0,5185.0,68817386920,5721500,542,5078.0,5259.0
2081,2023-06-03,5280.0,5410.0,5216.0,5319.0,48719162230,3948035,490,5185.0,5216.0
2082,2023-06-06,5237.0,5388.0,5073.0,5198.0,53452412590,4431004,517,5319.0,5319.0
2083,2023-06-07,5172.0,5375.0,5121.0,5237.0,59691192820,4913067,350,5198.0,5172.0
2084,2023-06-10,5060.0,5060.0,4978.0,4978.0,24376963930,2109659,91,5237.0,4978.0
2085,2023-06-11,4785.0,4910.0,4733.0,4785.0,54068727470,4871590,525,4978.0,4828.0
2086,2023-06-12,4823.0,5000.0,4547.0,4647.0,61690354330,5721286,342,4785.0,4612.0
2087,2023-06-13,4526.0,4871.0,4526.0,4685.0,32381745470,2978093,314,4647.0,4780.0
2088,2023-06-14,4698.0,4918.0,4698.0,4892.0,110783750030,9758989,512,4685.0,4892.0
2089,2023-06-17,5108.0,5108.0,4750.0,4845.0,32546184210,2896400,405,4892.0,4797.0
2090,2023-06-18,4884.0,4884.0,4603.0,4608.0,81348005690,7607949,346,4845.0,4608.0
2091,2023-06-19,4733.0,4733.0,4388.0,4478.0,21286328740,2048101,272,4608.0,4397.0
2092,2023-06-20,4474.0,4698.0,4474.0,4642.0,37344081110,3467577,337,4478.0,4634.0
2093,2023-06-21,4690.0,4690.0,4414.0,4496.0,38073755130,3651298,417,4642.0,4414.0
2094,2023-06-24,4427.0,4496.0,4272.0,4293.0,23195760940,2327850,289,4496.0,4272.0
2095,2023-06-25,4336.0,4358.0,4134.0,4293.0,16822452010,1688910,225,4293.0,4297.0
2096,2023-06-26,4358.0,4448.0,4224.0,4384.0,26179079900,2573958,255,4293.0,4349.0
2097,2023-06-27,4280.0,4349.0,4168.0,4185.0,28039050370,2887147,259,4384.0,4185.0
2098,2023-06-28,4160.0,4160.0,3978.0,4035.0,13168966130,1407535,224,4185.0,4043.0
2099,2023-07-01,3983.0,4060.0,3884.0,3953.0,44033387890,4801686,543,4035.0,3905.0
2100,2023-07-02,3879.0,4060.0,3879.0,3996.0,31100062780,3356583,292,3953.0,4056.0
2101,2023-07-03,4091.0,4194.0,4091.0,4181.0,91841926000,9468008,726,3996.0,4134.0
2102,2023-07-09,4133.0,4168.0,3973.0,3982.0,62366017460,6794937,297,4181.0,3990.0
2103,2023-07-10,4099.0,4099.0,3786.0,3799.0,67420915240,7695709,407,3982.0,3791.0
2104,2023-07-11,3791.0,3791.0,3613.0,3626.0,56295921710,6731424,327,3799.0,3613.0
2105,2023-07-12,3570.0,3570.0,3448.0,3457.0,31380981220,3936661,247,3626.0,3448.0
2106,2023-07-15,3500.0,3500.0,3288.0,3327.0,19186430780,2501280,250,3457.0,3314.0
2107,2023-07-16,3184.0,3296.0,3162.0,3171.0,30377346010,4154791,241,3327.0,3162.0
2108,2023-07-17,3171.0,3210.0,3014.0,3040.0,40199100430,5738194,332,3171.0,3166.0
2109,2023-07-18,3179.0,3192.0,3179.0,3192.0,13775323170,1871913,123,3040.0,3192.0
2110,2023-07-19,3288.0,3348.0,3192.0,3327.0,29523237020,3849860,345,3192.0,3223.0
2111,2023-07-22,3370.0,3370.0,3162.0,3175.0,13846853070,1891215,194,3327.0,3162.0
2112,2023-07-23,3262.0,3262.0,3088.0,3162.0,6719415550,921224,121,3175.0,3144.0
2113,2023-07-24,3127.0,3314.0,3127.0,3231.0,8060269510,1082162,136,3162.0,3257.0
2114,2023-07-25,3322.0,3392.0,3236.0,3353.0,17028744350,2204350,213,3231.0,3288.0
2115,2023-07-26,3227.0,3422.0,3227.0,3353.0,7630152430,987687,167,3353.0,3379.0
2116,2023-07-29,3478.0,3478.0,3292.0,3340.0,16188721660,2102833,263,3353.0,3379.0
2117,2023-07-30,3405.0,3405.0,3205.0,3257.0,8668854340,1154809,151,3340.0,3249.0
2118,2023-07-31,3184.0,3257.0,3179.0,3214.0,25268284680,3410689,243,3257.0,3244.0
2119,2023-08-01,3292.0,3348.0,3188.0,3253.0,10764126500,1434360,161,3214.0,3262.0
2120,2023-08-05,3357.0,3413.0,3270.0,3383.0,18924186610,2425745,221,3253.0,3379.0
2121,2023-08-06,3379.0,3504.0,3296.0,3348.0,23918250550,3096262,342,3383.0,3340.0
2122,2023-08-07,3240.0,3387.0,3240.0,3318.0,12436949210,1626325,211,3348.0,3288.0
2123,2023-08-08,3379.0,3379.0,3205.0,3257.0,10983885940,1462583,198,3318.0,3244.0
2124,2023-08-09,3374.0,3374.0,3197.0,3227.0,7149322370,960632,132,3257.0,3214.0
2125,2023-08-12,3270.0,3270.0,3075.0,3097.0,26084910070,3651400,306,3227.0,3131.0
2126,2023-08-13,3071.0,3192.0,3071.0,3114.0,6695629080,933097,114,3097.0,3110.0
2127,2023-08-14,3249.0,3249.0,3084.0,3136.0,5146656170,712299,126,3114.0,3088.0
2128,2023-08-15,3205.0,3205.0,3019.0,3045.0,2970410650,423163,103,3136.0,3036.0
2129,2023-08-16,3014.0,3014.0,2893.0,2941.0,5874632500,866837,161,3045.0,2915.0
2130,2023-08-19,2941.0,2941.0,2798.0,2824.0,14386553510,2209576,218,2941.0,2798.0
2131,2023-08-20,2828.0,2893.0,2802.0,2832.0,6437303060,986331,105,2824.0,2815.0
2132,2023-08-21,2871.0,2906.0,2758.0,2798.0,6360531170,986509,209,2832.0,2806.0
2133,2023-08-22,2854.0,2854.0,2659.0,2680.0,17545054440,2839364,140,2798.0,2698.0
2134,2023-08-23,2719.0,2811.0,2672.0,2802.0,22969610480,3554910,192,2680.0,2811.0
2135,2023-08-26,2941.0,2941.0,2884.0,2936.0,24911113840,3678149,147,2802.0,2941.0
2136,2023-08-27,2798.0,3079.0,2798.0,3049.0,36911727060,5251738,266,2936.0,3079.0
2137,2023-08-28,3197.0,3201.0,3088.0,3166.0,21165461330,2898409,289,3049.0,3162.0
2138,2023-08-29,3110.0,3262.0,3105.0,3192.0,11137000660,1513009,162,3166.0,3162.0
2139,2023-08-30,3214.0,3253.0,3127.0,3179.0,5294364420,722566,173,3192.0,3175.0
2140,2023-09-02,3231.0,3266.0,3032.0,3157.0,6429418250,883562,120,3179.0,3157.0
2141,2023-09-03,3114.0,3218.0,3110.0,3171.0,5212866100,713333,120,3157.0,3184.0
2142,2023-09-04,3105.0,3327.0,3105.0,3257.0,17986865070,2394420,183,3171.0,3327.0
2143,2023-09-05,3348.0,3418.0,3331.0,3409.0,27534542780,3501103,323,3257.0,3400.0
2144,2023-09-09,3335.0,3470.0,3279.0,3383.0,23053694870,2956174,378,3409.0,3439.0
2145,2023-09-10,3465.0,3539.0,3357.0,3413.0,19399979500,2463598,246,3383.0,3361.0
2146,2023-09-11,3418.0,3452.0,3292.0,3387.0,14996407370,1919812,159,3413.0,3422.0
2147,2023-09-12,3422.0,3457.0,3331.0,3370.0,4312123600,554989,82,3387.0,3331.0
2148,2023-09-13,3366.0,3392.0,3266.0,3340.0,4735288930,615032,89,3370.0,3392.0
2149,2023-09-17,3327.0,3448.0,3327.0,3422.0,6308009270,799653,67,3340.0,3435.0
2150,2023-09-18,3387.0,3431.0,3253.0,3318.0,13194708470,1725511,153,3422.0,3262.0
2151,2023-09-19,3283.0,3357.0,3218.0,3309.0,10480511390,1372987,153,3318.0,3288.0
2152,2023-09-20,3305.0,3374.0,3253.0,3296.0,1345112940,176973,34,3309.0,3318.0
2153,2023-09-23,3292.0,3340.0,3192.0,3240.0,12742082810,1705359,127,3296.0,3192.0
2154,2023-09-25,3331.0,3331.0,3084.0,3153.0,15811235360,2176275,204,3240.0,3144.0
2155,2023-09-26,3006.0,3266.0,3006.0,3210.0,12437365520,1680725,126,3153.0,3166.0
2156,2023-09-27,3240.0,3240.0,3140.0,3197.0,2445884930,331828,64,3210.0,3201.0
2157,2023-09-30,3240.0,3240.0,3092.0,3149.0,7530758570,1037699,121,3197.0,3092.0
2158,2023-10-01,3184.0,3184.0,3045.0,3101.0,3925189760,548702,86,3149.0,3075.0
2159,2023-10-02,3149.0,3244.0,3058.0,3175.0,10900666940,1488718,142,3101.0,3210.0
2160,2023-10-04,3301.0,3301.0,3205.0,3231.0,3995847900,536419,95,3175.0,3214.0
2161,2023-10-07,3184.0,3205.0,3071.0,3084.0,9029472660,1270250,141,3231.0,3071.0
2162,2023-10-08,2958.0,3010.0,2932.0,2936.0,15841637300,2341693,135,3084.0,2932.0
2163,2023-10-09,2798.0,3079.0,2798.0,2949.0,6289403880,925079,121,2936.0,3032.0
2164,2023-10-10,3032.0,3079.0,2975.0,3027.0,12609770210,1805368,166,2949.0,3014.0
2165,2023-10-11,3153.0,3153.0,3036.0,3088.0,13942444000,1959139,175,3027.0,3053.0
2166,2023-10-14,2949.0,3092.0,2936.0,3058.0,20128066640,2856160,197,3088.0,3058.0
2167,2023-10-15,3062.0,3118.0,2993.0,3058.0,7449274400,1056098,103,3058.0,3036.0
2168,2023-10-16,3084.0,3149.0,3040.0,3110.0,7582610690,1056848,116,3058.0,3123.0
2169,2023-10-17,3210.0,3210.0,3123.0,3179.0,8530788540,1163230,125,3110.0,3136.0
2170,2023-10-18,3092.0,3210.0,3049.0,3131.0,8797100070,1218004,265,3179.0,3131.0
2171,2023-10-21,3079.0,3144.0,3066.0,3101.0,5708863340,798139,199,3131.0,3088.0
2172,2023-10-22,3040.0,3210.0,3036.0,3084.0,17756621560,2496627,275,3101.0,3058.0
2173,2023-10-23,2993.0,3097.0,2967.0,3036.0,12439805060,1776928,272,3084.0,2997.0
2174,2023-10-24,3001.0,3001.0,2893.0,2936.0,4642341160,686198,108,3036.0,2949.0
2175,2023-10-25,2993.0,3014.0,2919.0,2945.0,1944636760,286266,63,2936.0,2923.0
2176,2023-10-28,2906.0,2923.0,2802.0,2811.0,16138897400,2489972,104,2945.0,2802.0
2177,2023-10-29,2767.0,2915.0,2724.0,2819.0,2227212840,342811,83,2811.0,2806.0
2178,2023-10-30,2880.0,2958.0,2837.0,2945.0,15795363480,2324814,158,2819.0,2958.0
2179,2023-10-31,2975.0,3010.0,2923.0,2945.0,3240114720,476976,65,2945.0,2936.0
2180,2023-11-01,2884.0,2923.0,2828.0,2880.0,4954860450,746692,71,2945.0,2828.0
2181,2023-11-04,2802.0,3023.0,2802.0,2932.0,335717123170,49683376,1565,2880.0,2954.0
2182,2023-11-05,3023.0,3040.0,2858.0,2945.0,79357692140,11688398,1004,2932.0,2884.0
2183,2023-11-06,2928.0,3088.0,2880.0,3006.0,618577583760,89239489,3671,2945.0,3088.0
2184,2023-11-07,3136.0,3153.0,3049.0,3118.0,336221390240,46752724,2603,3006.0,3075.0
2185,2023-11-08,3114.0,3114.0,2971.0,3049.0,280868291780,39967761,2527,3118.0,3079.0
2186,2023-11-11,3144.0,3201.0,3066.0,3171.0,255397825360,34926975,2012,3049.0,3201.0
2187,2023-11-12,3309.0,3309.0,3184.0,3253.0,114265779300,15243056,909,3171.0,3231.0
2188,2023-11-13,3335.0,3335.0,3140.0,3197.0,125431590430,17011020,1311,3253.0,3188.0
2189,2023-11-14,3197.0,3197.0,3097.0,3123.0,65998849860,9169080,619,3197.0,3110.0
2190,2023-11-15,3110.0,3127.0,3040.0,3088.0,70496467860,9894869,697,3123.0,3092.0
2191,2023-11-18,3157.0,3157.0,3023.0,3075.0,37541272620,5291937,537,3088.0,3036.0
2192,2023-11-19,3006.0,3144.0,2984.0,3062.0,75009627160,10630536,878,3075.0,3006.0
2193,2023-11-25,3079.0,3079.0,3006.0,3040.0,26481400320,3778423,226,3062.0,3006.0
2194,2023-11-26,2980.0,3153.0,2980.0,3088.0,78501713140,11028262,620,3040.0,3079.0
2195,2023-11-27,3097.0,3162.0,2962.0,3040.0,88900425810,12675196,857,3088.0,3006.0
2196,2023-11-28,2962.0,3058.0,2962.0,3010.0,41344090480,5954327,482,3040.0,3014.0
2197,2023-11-29,2993.0,3105.0,2988.0,3049.0,45156407440,6420814,492,3010.0,3071.0
2198,2023-12-02,3040.0,3201.0,3040.0,3171.0,92061436580,12598252,885,3049.0,3179.0
2199,2023-12-03,3136.0,3322.0,3136.0,3262.0,71649838400,9525243,738,3171.0,3296.0
2200,2023-12-04,3223.0,3422.0,3223.0,3344.0,70489856140,9147432,826,3262.0,3292.0
2201,2023-12-05,3340.0,3340.0,3201.0,3244.0,96618879590,12923799,1222,3344.0,3210.0
2202,2023-12-06,3201.0,3288.0,3166.0,3184.0,48604844890,6622231,516,3244.0,3175.0
2203,2023-12-09,3144.0,3205.0,3110.0,3144.0,28245175210,3897729,329,3184.0,3184.0
2204,2023-12-10,3240.0,3240.0,3127.0,3162.0,18798717520,2579658,309,3144.0,3153.0
2205,2023-12-11,3231.0,3231.0,3092.0,3136.0,23709049630,3281504,366,3162.0,3123.0
2206,2023-12-12,3097.0,3184.0,3097.0,3123.0,17382734500,2414763,251,3136.0,3123.0
2207,2023-12-13,3166.0,3166.0,3114.0,3123.0,15505532970,2153038,181,3123.0,3131.0
2208,2023-12-16,3188.0,3244.0,3127.0,3197.0,53342587340,7242508,540,3123.0,3201.0
2209,2023-12-18,3188.0,3353.0,3188.0,3305.0,111473131810,14622395,820,3197.0,3353.0
2210,2023-12-19,3396.0,3413.0,3296.0,3370.0,111995957090,14420743,979,3305.0,3301.0
2211,2023-12-20,3374.0,3535.0,3361.0,3517.0,305766932730,37715165,2399,3370.0,3535.0
2212,2023-12-23,3535.0,3535.0,3344.0,3383.0,145026768190,18598232,1848,3517.0,3370.0
2213,2023-12-24,3361.0,3387.0,3283.0,3327.0,36611195830,4773901,738,3383.0,3322.0
2214,2023-12-25,3327.0,3413.0,3283.0,3357.0,41020014320,5299483,571,3327.0,3309.0
2215,2023-12-26,3296.0,3348.0,3201.0,3253.0,44153297690,5884189,519,3357.0,3201.0
2216,2023-12-27,3201.0,3253.0,3144.0,3192.0,27200546010,3696341,472,3253.0,3214.0
2217,2023-12-30,3309.0,3327.0,3166.0,3240.0,17316401460,2318167,276,3192.0,3236.0
2218,2023-12-31,3305.0,3305.0,3123.0,3162.0,25336847610,3477765,389,3240.0,3153.0
2219,2024-01-01,3123.0,3184.0,3079.0,3136.0,26190684130,3623784,443,3162.0,3166.0
2220,2024-01-02,3131.0,3184.0,3105.0,3140.0,9237340460,1275078,224,3136.0,3123.0
2221,2024-01-03,3201.0,3201.0,3088.0,3118.0,20011478170,2782982,340,3140.0,3123.0
2222,2024-01-06,3088.0,3231.0,3088.0,3157.0,23352415900,3209155,590,3118.0,3188.0
2223,2024-01-07,3231.0,3236.0,3118.0,3153.0,11629086340,1598926,311,3157.0,3140.0
2224,2024-01-08,3144.0,3184.0,3123.0,3144.0,11649602380,1606138,227,3153.0,3149.0
2225,2024-01-09,3118.0,3188.0,3118.0,3140.0,9715974410,1341062,161,3144.0,3184.0
2226,2024-01-10,3210.0,3210.0,3153.0,3171.0,13015343020,1781702,165,3140.0,3179.0
2227,2024-01-13,3127.0,3171.0,3097.0,3123.0,27637827420,3839336,467,3171.0,3105.0
2228,2024-01-14,3123.0,3184.0,3114.0,3140.0,13078341090,1806649,204,3123.0,3136.0
2229,2024-01-15,3140.0,3244.0,3140.0,3192.0,18736678350,2545923,336,3140.0,3171.0
2230,2024-01-16,3231.0,3231.0,3097.0,3149.0,17650636730,2431324,255,3192.0,3097.0
2231,2024-01-17,3144.0,3144.0,3062.0,3105.0,19682985090,2747734,258,3149.0,3088.0
2232,2024-01-20,3123.0,3123.0,2958.0,2997.0,18668284990,2701212,294,3105.0,3010.0
2233,2024-01-21,2893.0,3019.0,2884.0,2945.0,20541428710,3025606,243,2997.0,2932.0
2234,2024-01-22,2975.0,3014.0,2819.0,2884.0,28465991930,4279224,469,2945.0,2837.0
2235,2024-01-23,2897.0,2897.0,2741.0,2763.0,25635889570,4025715,339,2884.0,2811.0
2236,2024-01-24,2854.0,2854.0,2771.0,2806.0,14846686140,2296096,454,2763.0,2789.0
2237,2024-01-27,2876.0,2876.0,2811.0,2837.0,8256088610,1262846,163,2806.0,2863.0
2238,2024-01-28,2841.0,2975.0,2832.0,2915.0,24434760180,3635536,276,2837.0,2941.0
2239,2024-01-29,2949.0,2949.0,2832.0,2867.0,9179732590,1387765,133,2915.0,2902.0
2240,2024-01-30,2858.0,2863.0,2741.0,2802.0,10280752280,1592680,185,2867.0,2776.0
2241,2024-01-31,2715.0,2819.0,2715.0,2789.0,5470921350,851386,129,2802.0,2763.0
2242,2024-02-03,2784.0,2837.0,2771.0,2811.0,14578320080,2251335,191,2789.0,2815.0
2243,2024-02-04,2884.0,2884.0,2824.0,2863.0,26257298760,3980854,363,2811.0,2863.0
2244,2024-02-05,2880.0,2893.0,2815.0,2854.0,12736258940,1936719,227,2863.0,2863.0
2245,2024-02-06,2893.0,2993.0,2845.0,2971.0,46787203840,6828727,378,2854.0,2993.0
2246,2024-02-07,2993.0,3045.0,2932.0,2984.0,14143555780,2055679,313,2971.0,3019.0
2247,2024-02-10,3036.0,3036.0,2954.0,2988.0,9419127670,1366578,157,2984.0,2958.0
2248,2024-02-12,3027.0,3027.0,2863.0,2915.0,4979318310,740636,130,2988.0,2880.0
2249,2024-02-13,2932.0,2962.0,2841.0,2915.0,6493285310,965762,91,2915.0,2884.0
2250,2024-02-14,2980.0,2980.0,2837.0,2889.0,4267959970,640934,97,2915.0,2867.0
2251,2024-02-17,2828.0,2945.0,2745.0,2780.0,15982099520,2493006,247,2889.0,2754.0
2252,2024-02-18,2815.0,2837.0,2754.0,2793.0,15697015920,2435872,162,2780.0,2767.0
2253,2024-02-19,2832.0,2902.0,2819.0,2867.0,9677898630,1464193,168,2793.0,2850.0
2254,2024-02-20,2837.0,2893.0,2802.0,2850.0,3956010020,601680,134,2867.0,2819.0
2255,2024-02-21,2923.0,2923.0,2837.0,2863.0,3306788310,501072,83,2850.0,2867.0
2256,2024-02-24,2806.0,2928.0,2806.0,2889.0,11637782910,1747955,182,2863.0,2867.0
2257,2024-02-26,2863.0,2863.0,2767.0,2798.0,8046890510,1247268,144,2889.0,2789.0
2258,2024-02-27,2758.0,2850.0,2754.0,2815.0,15846602390,2442197,135,2798.0,2837.0
2259,2024-02-28,2910.0,2954.0,2863.0,2936.0,29237705320,4316213,346,2815.0,2954.0
2260,2024-03-02,3027.0,3079.0,2980.0,3045.0,31526961190,4490957,458,2936.0,3075.0
2261,2024-03-03,3079.0,3184.0,3036.0,3118.0,47115008980,6550987,451,3045.0,3058.0
2262,2024-03-04,3058.0,3131.0,2967.0,3023.0,42325889810,6072567,376,3118.0,2993.0
2263,2024-03-05,3023.0,3171.0,3010.0,3079.0,36643399910,5159082,540,3023.0,3084.0
2264,2024-03-06,3166.0,3166.0,2997.0,3032.0,22355069000,3197813,476,3079.0,3014.0
2265,2024-03-10,2954.0,3032.0,2954.0,2984.0,4134069740,600860,74,3032.0,3027.0
2266,2024-03-11,3075.0,3088.0,2958.0,3036.0,29341945250,4190279,304,2984.0,3036.0
2267,2024-03-12,3092.0,3092.0,2945.0,2997.0,8925067100,1290720,161,3036.0,2949.0
2268,2024-03-13,2949.0,3045.0,2910.0,2975.0,16648754440,2426936,291,2997.0,2980.0
2269,2024-03-16,2967.0,3036.0,2910.0,2954.0,10582308010,1552922,163,2975.0,2915.0
2270,2024-03-17,2958.0,3053.0,2958.0,3019.0,10366694890,1489416,121,2954.0,3027.0
2271,2024-03-18,2971.0,3118.0,2971.0,3058.0,14032881750,1991820,195,3019.0,3092.0
2272,2024-03-24,3157.0,3197.0,3079.0,3144.0,16054932920,2215945,260,3058.0,3197.0
2273,2024-03-25,3188.0,3253.0,3144.0,3205.0,25351805400,3431524,279,3144.0,3184.0
2274,2024-03-26,3266.0,3296.0,3153.0,3231.0,12586828490,1688617,196,3205.0,3262.0
2275,2024-03-27,3279.0,3301.0,3179.0,3266.0,19844411180,2636039,244,3231.0,3214.0
2276,2024-03-30,3296.0,3340.0,3205.0,3270.0,15464513810,2051057,245,3266.0,3340.0
2277,2024-04-02,3110.0,3283.0,3110.0,3201.0,17975781560,2437391,214,3270.0,3236.0
2278,2024-04-03,3236.0,3296.0,3179.0,3223.0,14273784330,1920991,202,3201.0,3210.0
2279,2024-04-06,3305.0,3305.0,3062.0,3097.0,22881089230,3202707,322,3223.0,3066.0
2280,2024-04-07,3053.0,3240.0,2993.0,3123.0,15881303990,2205809,204,3097.0,3240.0
2281,2024-04-08,3240.0,3249.0,3184.0,3231.0,10552131520,1415463,117,3123.0,3210.0
2282,2024-04-09,3279.0,3296.0,3166.0,3236.0,18599231260,2492028,195,3231.0,3283.0
2283,2024-04-13,3205.0,3270.0,3075.0,3092.0,35727524080,5009659,331,3236.0,3075.0
2284,2024-04-14,3062.0,3062.0,3062.0,3062.0,11611723200,1644720,63,3092.0,3062.0
2285,2024-04-15,3092.0,3092.0,3040.0,3084.0,15144596230,2129326,212,3062.0,3092.0
2286,2024-04-21,3238.0,3238.0,3238.0,3238.0,10961667520,1489357,84,3084.0,3238.0
2287,2024-04-22,3339.0,3396.0,3251.0,3392.0,86740736140,11256361,741,3238.0,3396.0
2288,2024-04-23,3304.0,3497.0,3304.0,3422.0,40563617700,5216545,409,3392.0,3436.0
2289,2024-04-24,3352.0,3484.0,3299.0,3352.0,25603444030,3358914,355,3422.0,3339.0
2290,2024-04-27,3295.0,3409.0,3291.0,3357.0,10607990170,1390242,160,3352.0,3335.0
2291,2024-04-28,3299.0,3387.0,3194.0,3251.0,7109770480,961854,143,3357.0,3251.0
2292,2024-04-29,3282.0,3282.0,3123.0,3189.0,15103591090,2082008,123,3251.0,3137.0
2293,2024-04-30,3119.0,3264.0,3119.0,3233.0,19732351920,2685210,126,3189.0,3172.0
2294,2024-05-01,3255.0,3255.0,3128.0,3220.0,11100568610,1517279,125,3233.0,3242.0
2295,2024-05-05,3194.0,3282.0,3154.0,3176.0,4927592890,682689,103,3220.0,3185.0
2296,2024-05-06,3167.0,3189.0,3044.0,3088.0,7853743760,1118334,136,3176.0,3101.0
2297,2024-05-07,3167.0,3211.0,3079.0,3119.0,5820800580,820674,84,3088.0,3123.0
2298,2024-05-08,3053.0,3159.0,3040.0,3071.0,4906579050,703309,123,3119.0,3075.0
2299,2024-05-11,2991.0,3123.0,2921.0,2965.0,17361506410,2575115,217,3071.0,2991.0
2300,2024-05-12,3013.0,3013.0,2864.0,2934.0,11721399130,1756109,160,2965.0,2868.0
2301,2024-05-13,2837.0,2899.0,2789.0,2807.0,15560650780,2437252,230,2934.0,2815.0
2302,2024-05-14,2789.0,2881.0,2727.0,2837.0,19439154830,3014220,178,2807.0,2811.0
2303,2024-05-15,2881.0,2881.0,2802.0,2842.0,7019189440,1085986,140,2837.0,2837.0
2304,2024-05-18,2837.0,2877.0,2798.0,2837.0,6696355010,1038514,161,2842.0,2802.0
2305,2024-05-19,2785.0,2785.0,2697.0,2701.0,17791619990,2897080,165,2837.0,2697.0
2306,2024-05-21,2648.0,2749.0,2648.0,2675.0,7445330540,1223675,110,2701.0,2683.0
2307,2024-05-25,2683.0,2683.0,2622.0,2622.0,8600365300,1442378,100,2675.0,2622.0
2308,2024-05-26,2578.0,2578.0,2573.0,2573.0,10409327800,1779353,90,2622.0,2573.0
2309,2024-05-27,2525.0,2573.0,2525.0,2538.0,8936282250,1549006,139,2573.0,2529.0
2310,2024-05-28,2587.0,2587.0,2534.0,2560.0,9573419610,1644308,156,2538.0,2582.0
2311,2024-05-29,2525.0,2604.0,2525.0,2556.0,12748141410,2194007,224,2560.0,2551.0
2312,2024-06-01,2587.0,2591.0,2507.0,2529.0,6136849110,1067270,87,2556.0,2529.0
2313,2024-06-02,2529.0,2529.0,2481.0,2481.0,8044195850,1425971,109,2529.0,2481.0
2314,2024-06-05,2507.0,2507.0,2433.0,2437.0,5922661520,1068331,96,2481.0,2433.0
2315,2024-06-08,2389.0,2433.0,2389.0,2398.0,5308588840,974697,78,2437.0,2389.0
2316,2024-06-09,2419.0,2441.0,2354.0,2389.0,3730907300,687572,116,2398.0,2389.0
2317,2024-06-10,2428.0,2433.0,2424.0,2428.0,1352731260,244925,40,2389.0,2433.0
2318,2024-06-11,2463.0,2477.0,2389.0,2468.0,3511304560,625561,73,2428.0,2468.0
2319,2024-06-12,2419.0,2512.0,2419.0,2490.0,1796225250,317487,41,2468.0,2485.0
2320,2024-06-15,2441.0,2450.0,2441.0,2441.0,3684779500,663495,68,2490.0,2441.0
2321,2024-06-16,2441.0,2441.0,2393.0,2398.0,3005611860,551244,52,2441.0,2398.0
2322,2024-06-18,2441.0,2441.0,2354.0,2371.0,2010118490,373003,68,2398.0,2402.0
2323,2024-06-19,2336.0,2415.0,2336.0,2415.0,932583960,169904,18,2371.0,2415.0
2324,2024-06-22,2459.0,2459.0,2398.0,2459.0,4985066390,892311,72,2415.0,2459.0
2325,2024-06-23,2419.0,2507.0,2419.0,2503.0,2416482980,424368,56,2459.0,2507.0
2326,2024-06-24,2512.0,2551.0,2512.0,2543.0,916012490,158381,34,2503.0,2551.0
2327,2024-06-26,2591.0,2591.0,2591.0,2591.0,1352226200,229580,27,2543.0,2591.0
2328,2024-06-29,2745.0,2745.0,2551.0,2617.0,21499356180,3613550,153,2591.0,2613.0
2329,2024-06-30,2503.0,2556.0,2463.0,2490.0,4610196140,813955,67,2617.0,2543.0
2330,2024-07-01,2441.0,2573.0,2441.0,2525.0,746036700,129872,33,2490.0,2529.0
2331,2024-07-02,2609.0,2631.0,2534.0,2609.0,4559794080,769011,73,2525.0,2626.0
2332,2024-07-03,2635.0,2763.0,2551.0,2666.0,3365488130,555632,103,2609.0,2644.0
2333,2024-07-06,2824.0,2824.0,2824.0,2824.0,13132591500,2045575,41,2666.0,2824.0
2334,2024-07-07,2983.0,2983.0,2824.0,2886.0,14653112620,2234322,144,2824.0,2890.0
2335,2024-07-08,2736.0,2987.0,2736.0,2917.0,9194376410,1386038,129,2886.0,2943.0
2336,2024-07-09,2969.0,2991.0,2824.0,2895.0,1948602940,296058,46,2917.0,2912.0
2337,2024-07-10,2912.0,2912.0,2727.0,2798.0,3586963650,564093,86,2895.0,2776.0
2338,2024-07-13,2886.0,2886.0,2741.0,2815.0,3678316170,575097,73,2798.0,2741.0
2339,2024-07-14,2811.0,2842.0,2749.0,2802.0,2886126090,453420,68,2815.0,2815.0
2340,2024-07-17,2815.0,2846.0,2776.0,2837.0,4463389910,692435,40,2802.0,2820.0
2341,2024-07-20,2829.0,2837.0,2732.0,2785.0,6198379280,979290,66,2837.0,2780.0
2342,2024-07-21,2785.0,2785.0,2622.0,2670.0,16326645090,2688899,107,2785.0,2683.0
2343,2024-07-22,2793.0,2802.0,2754.0,2776.0,6178334550,979586,79,2670.0,2771.0
2344,2024-07-23,2807.0,2939.0,2749.0,2912.0,21750543580,3286156,218,2776.0,2837.0
2345,2024-07-24,2899.0,2899.0,2780.0,2895.0,4188430840,650580,63,2912.0,2837.0
2346,2024-07-27,2895.0,2899.0,2837.0,2890.0,2342274010,359273,63,2895.0,2899.0
2347,2024-07-29,2881.0,3062.0,2820.0,2952.0,25151987980,3750833,268,2890.0,2846.0
2348,2024-07-30,2965.0,2965.0,2824.0,2939.0,2671843300,409878,49,2952.0,2895.0
2349,2024-07-31,2763.0,2793.0,2763.0,2763.0,32862892120,5231467,145,2939.0,2763.0
2350,2024-08-03,2736.0,2736.0,2600.0,2604.0,46064240070,7784799,204,2763.0,2600.0
2351,2024-08-04,2582.0,2626.0,2582.0,2609.0,7868218930,1324044,43,2604.0,2626.0
2352,2024-08-05,2631.0,2631.0,2587.0,2595.0,15332025960,2602188,79,2609.0,2587.0
2353,2024-08-06,2587.0,2587.0,2573.0,2587.0,5592726500,955834,38,2595.0,2582.0
2354,2024-08-10,2565.0,2604.0,2565.0,2587.0,1665441800,285419,29,2587.0,2569.0
2355,2024-08-11,2569.0,2587.0,2565.0,2587.0,1614654020,276671,38,2587.0,2569.0
2356,2024-08-12,2565.0,2595.0,2565.0,2578.0,7432638060,1274082,52,2587.0,2565.0
2357,2024-08-13,2556.0,2556.0,2556.0,2578.0,278688270,47967,8,2578.0,2556.0
2358,2024-08-14,2556.0,2600.0,2556.0,2582.0,4277543950,726257,45,2578.0,2600.0
2359,2024-08-17,2631.0,2631.0,2631.0,2587.0,2456721540,410823,18,2582.0,2631.0
2360,2024-08-18,2635.0,2635.0,2635.0,2587.0,545078020,90998,10,2587.0,2635.0
2361,2024-08-19,2635.0,2635.0,2635.0,2591.0,2024182730,337927,21,2587.0,2635.0
2362,2024-08-20,2639.0,2639.0,2639.0,2609.0,6468906000,1078151,20,2591.0,2639.0
2363,2024-08-21,2657.0,2657.0,2657.0,2613.0,1054330320,174558,12,2609.0,2657.0
2364,2024-08-24,2661.0,2661.0,2661.0,2613.0,507788600,83932,13,2613.0,2661.0
2365,2024-08-26,2661.0,2661.0,2661.0,2617.0,1086235150,179543,25,2613.0,2661.0
2366,2024-08-27,2666.0,2666.0,2666.0,2622.0,1336672380,220573,17,2617.0,2666.0
2367,2024-08-28,2670.0,2670.0,2670.0,2631.0,3622108610,596723,17,2622.0,2670.0
2368,2024-08-31,2679.0,2679.0,2679.0,2631.0,352178610,57829,12,2631.0,2679.0
2369,2024-09-01,2679.0,2679.0,2679.0,2631.0,255591210,41969,9,2631.0,2679.0
2370,2024-09-03,2679.0,2679.0,2679.0,2631.0,636094410,104449,11,2631.0,2679.0
2371,2024-09-07,2705.0,2705.0,2705.0,2635.0,868047900,141146,25,2631.0,2705.0
2372,2024-09-08,2710.0,2710.0,2710.0,2639.0,655362400,106390,9,2635.0,2710.0
2373,2024-09-09,2798.0,2798.0,2798.0,2798.0,19436191800,3056005,54,2639.0,2798.0
2374,2024-09-10,2881.0,2881.0,2881.0,2881.0,65362993650,9979083,130,2798.0,2881.0
2375,2024-09-11,2912.0,2965.0,2908.0,2952.0,154569654260,23042183,764,2881.0,2956.0
2376,2024-09-14,2991.0,3040.0,2930.0,3009.0,31034782460,4538958,326,2952.0,2987.0
2377,2024-09-15,2987.0,3013.0,2921.0,2952.0,15394651600,2307269,218,3009.0,2921.0
2378,2024-09-16,2908.0,3000.0,2908.0,2965.0,18785546680,2786136,186,2952.0,2974.0
2379,2024-09-17,2952.0,3053.0,2952.0,3053.0,44874478120,6466504,159,2965.0,3053.0
2380,2024-09-18,3119.0,3123.0,3040.0,3101.0,33865737270,4802364,204,3053.0,3062.0
2381,2024-09-22,3159.0,3159.0,3009.0,3018.0,33258008710,4846998,245,3101.0,3009.0
2382,2024-09-23,3097.0,3106.0,2991.0,3079.0,30594955710,4373312,196,3018.0,3075.0
2383,2024-09-24,3145.0,3172.0,3057.0,3137.0,43861496410,6147849,353,3079.0,3132.0
2384,2024-09-25,3207.0,3207.0,3044.0,3071.0,22534492400,3228659,216,3137.0,3137.0
2385,2024-09-28,3044.0,3044.0,3044.0,3066.0,2229278000,322150,11,3071.0,3044.0
2386,2024-09-29,3040.0,3040.0,3040.0,3040.0,21244435680,3074448,49,3066.0,3040.0
2387,2024-09-30,3031.0,3031.0,3013.0,3022.0,14098196250,2058051,76,3040.0,3013.0
2388,2024-10-01,2996.0,2996.0,2996.0,3018.0,3252115500,477550,8,3022.0,2996.0
2389,2024-10-02,2991.0,2991.0,2991.0,3013.0,2087457200,306979,55,3018.0,2991.0
2390,2024-10-05,2987.0,2987.0,2987.0,3009.0,4849676020,714238,15,3013.0,2987.0
2391,2024-10-06,2983.0,2983.0,2983.0,3009.0,6780000,1000,1,3009.0,2983.0
2392,2024-10-07,2983.0,2983.0,2983.0,2996.0,10219412640,1507288,523,3009.0,2983.0
2393,2024-10-08,2969.0,2969.0,2969.0,2969.0,22046991750,3266221,116,2996.0,2969.0
2394,2024-10-09,2943.0,2996.0,2943.0,2952.0,15833271120,2362343,158,2969.0,2943.0
2395,2024-10-12,2890.0,2996.0,2864.0,2881.0,27253063840,4158080,180,2952.0,2899.0
2396,2024-10-13,2855.0,2903.0,2798.0,2864.0,6543504490,1017533,118,2881.0,2807.0
2397,2024-10-14,2785.0,2833.0,2780.0,2789.0,25779735580,4064651,102,2864.0,2780.0
2398,2024-10-15,2705.0,2710.0,2705.0,2745.0,10142142600,1648924,81,2789.0,2705.0
2399,2024-10-16,2749.0,2811.0,2683.0,2749.0,7435131290,1188200,77,2745.0,2705.0
2400,2024-10-19,2683.0,2683.0,2670.0,2727.0,4922078450,810090,43,2749.0,2670.0
2401,2024-10-20,2648.0,2648.0,2648.0,2714.0,2591814680,430534,15,2727.0,2648.0
2402,2024-10-21,2635.0,2697.0,2635.0,2648.0,16062233040,2680883,105,2714.0,2635.0
2403,2024-10-22,2635.0,2683.0,2569.0,2639.0,11682913140,1948448,93,2648.0,2600.0
2404,2024-10-23,2600.0,2600.0,2560.0,2626.0,3099891150,532588,47,2639.0,2560.0
2405,2024-10-26,2600.0,2701.0,2600.0,2635.0,2735836840,445951,31,2626.0,2701.0
2406,2024-10-27,2710.0,2710.0,2710.0,2639.0,587417600,95360,13,2635.0,2710.0
2407,2024-10-28,2719.0,2719.0,2653.0,2705.0,15643801810,2532358,135,2639.0,2719.0
2408,2024-10-29,2723.0,2776.0,2688.0,2727.0,21624605810,3486866,373,2705.0,2692.0
2409,2024-10-30,2683.0,2807.0,2675.0,2754.0,9413758270,1486361,121,2727.0,2776.0
2410,2024-11-02,2785.0,2789.0,2675.0,2732.0,7934364480,1290741,66,2754.0,2675.0
2411,2024-11-03,2683.0,2683.0,2653.0,2727.0,1036362410,171471,15,2732.0,2653.0
2412,2024-11-04,2648.0,2675.0,2648.0,2701.0,6066397910,1006322,85,2727.0,2653.0
2413,2024-11-05,2666.0,2758.0,2639.0,2692.0,4750498030,781712,61,2701.0,2639.0
2414,2024-11-06,2613.0,2727.0,2613.0,2683.0,4931570280,818320,80,2692.0,2683.0
2415,2024-11-09,2705.0,2763.0,2697.0,2745.0,32837025630,5263003,255,2683.0,2727.0
2416,2024-11-10,2793.0,2824.0,2793.0,2824.0,25500910360,3973958,99,2745.0,2824.0
2417,2024-11-11,2899.0,2908.0,2771.0,2833.0,32977144970,5116707,221,2824.0,2771.0
2418,2024-11-12,2899.0,2917.0,2837.0,2912.0,33801603440,5107502,179,2833.0,2917.0
2419,2024-11-13,2987.0,2996.0,2895.0,2991.0,20425873530,3002125,93,2912.0,2996.0
2420,2024-11-16,3079.0,3079.0,3079.0,2996.0,607957000,86851,18,2991.0,3079.0
2421,2024-11-17,3084.0,3084.0,3084.0,3000.0,1346214420,192042,25,2996.0,3084.0
2422,2024-11-18,3088.0,3088.0,3088.0,3013.0,3259049040,464252,23,3000.0,3088.0
2423,2024-11-19,3101.0,3101.0,3101.0,3057.0,11285844450,1600829,42,3013.0,3101.0
2424,2024-11-20,3145.0,3145.0,3145.0,3145.0,22563140600,3155684,78,3057.0,3145.0
2425,2024-11-23,3238.0,3238.0,3238.0,3238.0,27002073600,3668760,72,3145.0,3238.0
2426,2024-11-24,3335.0,3335.0,3335.0,3295.0,13443327080,1773526,52,3238.0,3335.0
2427,2024-11-25,3392.0,3392.0,3392.0,3361.0,16074031590,2084829,52,3295.0,3392.0
2428,2024-11-26,3458.0,3458.0,3458.0,3458.0,41832138300,5322155,121,3361.0,3458.0
2429,2024-11-27,3559.0,3559.0,3475.0,3554.0,280537542550,34707450,889,3458.0,3559.0
2430,2024-11-30,3559.0,3559.0,3449.0,3453.0,143707176880,18301254,539,3554.0,3449.0
2431,2024-12-01,3365.0,3519.0,3352.0,3379.0,52290009920,6807480,346,3453.0,3370.0
2432,2024-12-02,3427.0,3480.0,3427.0,3480.0,65642320800,8301015,288,3379.0,3480.0
2433,2024-12-03,3427.0,3576.0,3383.0,3488.0,46037400560,5807478,387,3480.0,3475.0
2434,2024-12-04,3475.0,3576.0,3387.0,3462.0,82755551080,10521054,387,3488.0,3466.0
2435,2024-12-07,3409.0,3449.0,3361.0,3365.0,50729480940,6628978,312,3462.0,3361.0
2436,2024-12-08,3352.0,3462.0,3269.0,3396.0,61703853840,7995955,340,3365.0,3462.0
2437,2024-12-09,3497.0,3497.0,3497.0,3497.0,38098403400,4792252,103,3396.0,3497.0
2438,2024-12-10,3515.0,3598.0,3515.0,3590.0,51416343330,6304107,295,3497.0,3598.0
2439,2024-12-11,3607.0,3686.0,3519.0,3634.0,30694975540,3717816,262,3590.0,3642.0
2440,2024-12-14,3739.0,3739.0,3739.0,3708.0,18630368000,2191808,74,3634.0,3739.0
2441,2024-12-15,3818.0,3818.0,3744.0,3810.0,80992394060,9352939,405,3708.0,3779.0
2442,2024-12-16,3889.0,3920.0,3700.0,3735.0,81865697870,9643084,418,3810.0,3700.0
2443,2024-12-17,3695.0,3805.0,3625.0,3686.0,62826470260,7498432,323,3735.0,3625.0
2444,2024-12-18,3576.0,3796.0,3576.0,3664.0,47290235090,5677991,339,3686.0,3717.0
2445,2024-12-21,3770.0,3770.0,3722.0,3766.0,30209612870,3529700,223,3664.0,3770.0
2446,2024-12-22,3854.0,3854.0,3656.0,3691.0,46413308870,5530904,413,3766.0,3739.0
2447,2024-12-23,3739.0,3801.0,3717.0,3770.0,33603922260,3922702,222,3691.0,3801.0
2448,2024-12-24,3867.0,3880.0,3779.0,3854.0,29710631860,3391733,206,3770.0,3840.0
2449,2024-12-25,3871.0,3871.0,3739.0,3774.0,56398376740,6570292,332,3854.0,3796.0
2450,2024-12-28,3854.0,3884.0,3761.0,3810.0,16437135980,1886695,160,3774.0,3871.0
2451,2024-12-29,3739.0,3920.0,3739.0,3845.0,24698414190,2822224,186,3810.0,3871.0
2452,2024-12-30,3889.0,3893.0,3730.0,3796.0,31383562610,3636964,263,3845.0,3730.0
2453,2024-12-31,3713.0,3766.0,3691.0,3717.0,35818528740,4237345,232,3796.0,3748.0
2454,2025-01-01,3722.0,3810.0,3664.0,3713.0,19492799350,2309855,258,3717.0,3752.0
2455,2025-01-04,3673.0,3823.0,3673.0,3818.0,92828320760,10689162,280,3713.0,3823.0
2456,2025-01-05,3827.0,3933.0,3801.0,3928.0,40663284420,4554967,163,3818.0,3933.0
2457,2025-01-06,3959.0,4043.0,3959.0,4038.0,45392246880,4945691,203,3928.0,4043.0
2458,2025-01-07,4157.0,4157.0,4157.0,4135.0,24092198550,2549439,52,4038.0,4157.0
2459,2025-01-08,4258.0,4258.0,4250.0,4258.0,106537683170,11006442,393,4135.0,4258.0
2460,2025-01-11,4346.0,4346.0,4131.0,4153.0,36770222440,3894266,507,4258.0,4131.0
2461,2025-01-12,4148.0,4148.0,4030.0,4060.0,21530508510,2350250,634,4153.0,4030.0
2462,2025-01-13,4091.0,4122.0,3950.0,4047.0,11438347360,1248788,171,4060.0,3990.0
2463,2025-01-15,4091.0,4148.0,3937.0,4069.0,20939519950,2259120,209,4047.0,3981.0
2464,2025-01-18,4122.0,4122.0,3950.0,4060.0,2461335880,272608,57,4069.0,3950.0
2465,2025-01-19,3942.0,4034.0,3942.0,3999.0,14709826730,1640221,110,4060.0,3942.0
2466,2025-01-20,3889.0,4012.0,3880.0,3924.0,19541252630,2207163,140,3999.0,3880.0
2467,2025-01-21,3959.0,3959.0,3810.0,3889.0,13844205780,1581133,154,3924.0,3955.0
2468,2025-01-22,3959.0,4003.0,3880.0,3906.0,19794649330,2224084,142,3889.0,3933.0
2469,2025-01-25,3805.0,3959.0,3792.0,3814.0,56522736040,6520378,751,3906.0,3792.0
2470,2025-01-26,3862.0,3898.0,3700.0,3722.0,37757312150,4462509,215,3814.0,3700.0
2471,2025-01-27,3700.0,3814.0,3682.0,3717.0,4192538330,499341,84,3722.0,3735.0
2472,2025-01-29,3704.0,3827.0,3704.0,3726.0,7738549970,907912,97,3717.0,3783.0
2473,2025-02-01,3783.0,3783.0,3616.0,3651.0,18393330970,2234048,153,3726.0,3616.0
2474,2025-02-02,3616.0,3616.0,3546.0,3554.0,23224978200,2879341,198,3651.0,3594.0
2475,2025-02-03,3642.0,3642.0,3449.0,3528.0,8401923170,1062677,90,3554.0,3528.0
2476,2025-02-04,3554.0,3603.0,3484.0,3532.0,10450774230,1301119,218,3528.0,3493.0
2477,2025-02-05,3532.0,3576.0,3431.0,3510.0,17052255840,2143723,522,3532.0,3563.0
2478,2025-02-09,3453.0,3515.0,3409.0,3431.0,21414614660,2752695,171,3510.0,3409.0
2479,2025-02-11,3343.0,3475.0,3330.0,3365.0,16849079530,2219057,120,3431.0,3330.0
2480,2025-02-15,3269.0,3269.0,3269.0,3361.0,871784190,117333,34,3365.0,3269.0
2481,2025-02-16,3264.0,3295.0,3264.0,3286.0,18183677540,2450624,591,3361.0,3264.0
2482,2025-02-17,3203.0,3321.0,3203.0,3247.0,18689233460,2539762,1053,3286.0,3216.0
2483,2025-02-18,3343.0,3343.0,3238.0,3269.0,6971842430,925568,159,3247.0,3321.0
2484,2025-02-19,3321.0,3365.0,3269.0,3286.0,7276864650,963390,139,3269.0,3339.0
2485,2025-02-22,3383.0,3383.0,3189.0,3264.0,9699138410,1320326,166,3286.0,3198.0
2486,2025-02-23,3185.0,3352.0,3185.0,3264.0,5417896000,730356,88,3264.0,3348.0
2487,2025-02-24,3255.0,3361.0,3255.0,3361.0,56651190490,7415196,191,3264.0,3361.0
2488,2025-02-25,3361.0,3431.0,3286.0,3365.0,19599751860,2559736,178,3361.0,3343.0
2489,2025-02-26,3387.0,3396.0,3269.0,3273.0,47635632860,6402940,208,3365.0,3321.0
2490,2025-03-01,3194.0,3299.0,3194.0,3260.0,8059960490,1095090,72,3273.0,3269.0
2491,2025-03-02,3198.0,3357.0,3167.0,3282.0,12218188900,1629917,134,3260.0,3255.0
2492,2025-03-03,3185.0,3185.0,3185.0,3269.0,3289725680,454382,46,3282.0,3185.0
2493,2025-03-04,3172.0,3255.0,3172.0,3238.0,8195402640,1133541,120,3269.0,3172.0
2494,2025-03-05,3141.0,3141.0,3141.0,3229.0,2389293900,334635,32,3238.0,3141.0
2495,2025-03-08,3132.0,3172.0,3132.0,3185.0,9611482310,1349916,75,3229.0,3132.0
2496,2025-03-09,3093.0,3093.0,3093.0,3181.0,1199760890,170663,33,3185.0,3093.0
2497,2025-03-10,3088.0,3088.0,3088.0,3088.0,24948588600,3553930,115,3181.0,3088.0
2498,2025-03-11,3084.0,3084.0,2996.0,3062.0,6089766860,892237,67,3088.0,2996.0
2499,2025-03-12,2974.0,3031.0,2974.0,2983.0,20889050600,3082955,178,3062.0,2991.0
2500,2025-03-15,3062.0,3071.0,3013.0,3071.0,23555403110,3374902,99,2983.0,3071.0
2501,2025-03-16,3159.0,3159.0,3005.0,3071.0,9931238400,1420704,96,3071.0,3084.0
2502,2025-03-17,3079.0,3132.0,2996.0,3075.0,6184613000,881574,80,3071.0,3013.0
2503,2025-03-18,2987.0,3154.0,2987.0,3027.0,11341537350,1669008,383,3075.0,2987.0
2504,2025-03-25,3115.0,3115.0,2991.0,3044.0,4556242460,645699,60,3027.0,3115.0
2505,2025-03-26,3132.0,3132.0,3057.0,3053.0,2795541920,395964,84,3044.0,3115.0
2506,2025-03-29,3053.0,3053.0,2965.0,3005.0,11847021910,1756109,141,3053.0,2965.0
2507,2025-03-30,2952.0,3000.0,2917.0,2939.0,22454693440,3363954,715,3005.0,2961.0
2508,2025-04-05,2974.0,3013.0,2864.0,2930.0,6964899710,1053737,82,2939.0,2947.0
2509,2025-04-06,2991.0,2991.0,2908.0,2930.0,3178451800,475491,67,2930.0,2952.0
2510,2025-04-07,2991.0,2991.0,2851.0,2925.0,2895311790,439974,107,2930.0,2917.0
2511,2025-04-08,3009.0,3009.0,2930.0,2956.0,24326013300,3622154,154,2925.0,2974.0
2512,2025-04-09,2987.0,2987.0,2868.0,2890.0,77229598860,11761931,335,2956.0,2934.0
2513,2025-04-12,2886.0,2947.0,2807.0,2815.0,61653406450,9639806,321,2890.0,2842.0
2514,2025-04-13,2859.0,2899.0,2859.0,2899.0,32275643190,4899073,121,2815.0,2899.0
2515,2025-04-27,2985.0,2985.0,2985.0,2899.0,98281125,32925,13,2899.0,2985.0
2516,2025-04-28,2985.0,2985.0,2985.0,2903.0,971459295,325447,12,2899.0,2985.0
2517,2025-04-29,2990.0,2990.0,2990.0,2904.0,130384930,43607,11,2903.0,2990.0
2518,2025-04-30,2991.0,2991.0,2991.0,2906.0,408920547,136717,10,2904.0,2991.0
2519,2025-05-03,2993.0,2993.0,2993.0,2970.0,13819803375,4617375,54,2906.0,2993.0
2520,2025-05-04,3059.0,3059.0,3059.0,3041.0,15349015822,5017658,61,2970.0,3059.0
2521,2025-05-05,3132.0,3132.0,3132.0,3099.0,12541433148,4004289,43,3041.0,3132.0
2522,2025-05-06,3191.0,3191.0,3191.0,3099.0,69723350,21850,7,3099.0,3191.0
2523,2025-05-07,3191.0,3191.0,3191.0,3101.0,531419567,166537,14,3099.0,3191.0
2524,2025-05-10,3194.0,3194.0,3194.0,3106.0,1170751118,366547,15,3101.0,3194.0
2525,2025-05-11,3199.0,3199.0,3199.0,3158.0,11328452352,3541248,61,3106.0,3199.0
2526,2025-05-12,3252.0,3252.0,3252.0,3169.0,2282341404,701827,29,3158.0,3252.0
2527,2025-05-13,3264.0,3264.0,3264.0,3175.0,1240215552,379968,21,3169.0,3264.0
2528,2025-05-14,3270.0,3270.0,3270.0,3270.0,20536855680,6280384,122,3175.0,3270.0
2529,2025-05-17,3368.0,3368.0,3368.0,3368.0,21742501216,6455612,82,3270.0,3368.0
2530,2025-05-18,3469.0,3469.0,3469.0,3469.0,28410173370,8189730,97,3368.0,3469.0
2531,2025-05-19,3573.0,3573.0,3573.0,3573.0,36214255836,10135532,134,3469.0,3573.0
2532,2025-05-20,3680.0,3680.0,3680.0,3603.0,6434564640,1748523,59,3573.0,3680.0
2533,2025-05-21,3711.0,3711.0,3711.0,3659.0,12036650766,3243506,70,3603.0,3711.0
2534,2025-05-24,3768.0,3768.0,3768.0,3768.0,541989681432,143840149,1716,3659.0,3768.0
2535,2025-05-25,3850.0,3881.0,3780.0,3857.0,372275186833,96528987,1864,3768.0,3803.0
2536,2025-05-26,3898.0,3971.0,3750.0,3868.0,104874660758,27113974,1039,3857.0,3971.0
2537,2025-05-27,3984.0,3984.0,3984.0,3984.0,28693381536,7202154,106,3868.0,3984.0
2538,2025-05-28,4103.0,4103.0,4103.0,4080.0,20790951368,5067256,68,3984.0,4103.0
2539,2025-05-31,4202.0,4202.0,4202.0,4160.0,17244755880,4103940,82,4080.0,4202.0
2540,2025-06-01,4284.0,4284.0,4284.0,4284.0,90066764592,21023988,296,4160.0,4284.0
2541,2025-06-02,4412.0,4412.0,4315.0,4412.0,187068998602,42402883,687,4284.0,4412.0
2542,2025-06-03,4468.0,4544.0,4280.0,4529.0,470831876004,103959851,2514,4412.0,4544.0
2543,2025-06-07,4624.0,4624.0,4394.0,4430.0,67523274084,15241523,360,4529.0,4394.0
2544,2025-06-08,4298.0,4500.0,4298.0,4335.0,197273473988,45508628,1118,4430.0,4349.0
2545,2025-06-09,4263.0,4415.0,4205.0,4251.0,108963047906,25633084,638,4335.0,4205.0
2546,2025-06-10,4205.0,4378.0,4205.0,4335.0,44321844026,10223477,343,4251.0,4378.0
2547,2025-06-11,4464.0,4464.0,4260.0,4353.0,52247987518,12002758,495,4335.0,4299.0
2548,2025-06-28,4223.0,4223.0,4223.0,4289.0,13067663869,3094403,40,4353.0,4223.0
2549,2025-06-29,4161.0,4161.0,4161.0,4201.0,18042329016,4336056,52,4289.0,4161.0
2550,2025-06-30,4075.0,4075.0,4075.0,4080.0,24522567600,6017808,68,4201.0,4075.0
2551,2025-07-01,3958.0,3958.0,3958.0,4078.0,370536086,93617,5,4080.0,3958.0
2552,2025-07-02,3956.0,4115.0,3956.0,3962.0,485279619590,122496890,4136,4078.0,3980.0
2553,2025-07-07,4070.0,4070.0,3844.0,3883.0,42703270148,10997350,1495,3962.0,3852.0
2554,2025-07-08,3795.0,3799.0,3767.0,3874.0,2054878092,543646,34,3883.0,3767.0
2555,2025-07-09,3758.0,3758.0,3758.0,3874.0,85554628,22766,9,3874.0,3758.0
2556,2025-07-12,3762.0,3880.0,3758.0,3768.0,47445902085,12590959,1498,3874.0,3786.0
