,date,open,high,low,adjClose,value,volume,count,yesterday,close
0,2009-07-22,71.0,71.0,71.0,71.0,214838661401,153444300,506,71.0,71.0
1,2009-07-25,73.0,73.0,73.0,73.0,33483240000,23220000,2395,71.0,73.0
2,2009-07-26,75.0,75.0,75.0,75.0,59424502500,40016500,930,73.0,75.0
3,2009-07-27,77.0,77.0,77.0,77.0,31584624863,20657047,585,75.0,77.0
4,2009-07-28,79.0,79.0,79.0,79.0,80755505488,51305912,1469,77.0,79.0
5,2009-07-29,82.0,82.0,82.0,82.0,170241929576,105022856,4470,79.0,82.0
6,2009-08-01,84.0,84.0,83.0,84.0,81384771580,48792301,2136,82.0,84.0
7,2009-08-02,87.0,87.0,84.0,86.0,63069840630,37159188,2805,84.0,84.0
8,2009-08-03,84.0,85.0,83.0,84.0,43784458509,26379429,1672,86.0,83.0
9,2009-08-04,81.0,85.0,81.0,82.0,50851675071,31105885,2081,84.0,85.0
10,2009-08-05,85.0,85.0,85.0,85.0,41975052706,24931184,1210,82.0,85.0
11,2009-08-08,87.0,87.0,87.0,87.0,1860845568,1073152,72,85.0,87.0
12,2009-08-09,89.0,89.0,89.0,89.0,2167446384,1220409,64,87.0,89.0
13,2009-08-10,92.0,92.0,89.0,92.0,142777291180,78305255,4317,89.0,92.0
14,2009-08-11,94.0,95.0,92.0,94.0,43169169815,23104730,1413,92.0,95.0
15,2009-08-12,97.0,97.0,97.0,97.0,13570402976,7053224,361,94.0,97.0
16,2009-08-15,100.0,100.0,100.0,100.0,11586960126,5849046,326,97.0,100.0
17,2009-08-16,103.0,103.0,101.0,103.0,150075303614,73706455,4579,100.0,103.0
18,2009-08-23,115.0,119.0,111.0,114.0,89164898933,40283775,3760,103.0,118.0
19,2009-08-24,118.0,118.0,114.0,117.0,44403674366,19577093,1443,114.0,118.0
20,2009-08-25,118.0,121.0,117.0,120.0,61398277777,26429727,2892,117.0,121.0
21,2009-08-26,124.0,124.0,121.0,124.0,50918580750,21296394,2910,120.0,124.0
22,2009-08-29,127.0,127.0,120.0,122.0,76101027532,32108236,6395,124.0,120.0
23,2009-08-30,119.0,121.0,119.0,119.0,9596641261,4164432,855,122.0,119.0
24,2009-08-31,115.0,121.0,115.0,116.0,96464305490,42877882,9005,119.0,119.0
25,2009-09-01,120.0,120.0,120.0,120.0,31060309699,13405447,1821,116.0,120.0
26,2009-09-02,123.0,123.0,123.0,123.0,3130818532,1312162,209,120.0,123.0
27,2009-09-05,127.0,127.0,120.0,124.0,124088067901,51552922,10385,123.0,122.0
28,2009-09-06,121.0,121.0,121.0,121.0,26109620008,11180004,2851,124.0,121.0
29,2009-09-07,117.0,117.0,117.0,120.0,569971395,251643,66,121.0,117.0
30,2009-09-08,117.0,121.0,116.0,118.0,50321836380,22026384,5059,120.0,119.0
31,2009-09-09,121.0,121.0,115.0,116.0,35733225482,15966200,5194,118.0,115.0
32,2009-09-13,112.0,112.0,112.0,115.0,346817250,159750,41,116.0,112.0
33,2009-09-14,112.0,112.0,112.0,114.0,720454028,332927,78,115.0,112.0
34,2009-09-15,111.0,111.0,111.0,114.0,315042192,146736,39,114.0,111.0
35,2009-09-16,111.0,111.0,111.0,111.0,3217517820,1503513,327,114.0,111.0
36,2009-09-19,109.0,114.0,108.0,112.0,22334854832,10340574,2158,111.0,113.0
37,2009-09-21,115.0,115.0,111.0,114.0,27825307675,12629213,2605,112.0,115.0
38,2009-09-22,117.0,117.0,114.0,117.0,12420366796,5479777,1002,114.0,117.0
39,2009-09-23,121.0,121.0,121.0,121.0,16114122205,6901123,814,117.0,121.0
40,2009-09-26,121.0,122.0,117.0,119.0,47266681005,20492644,3773,121.0,118.0
41,2009-09-27,116.0,116.0,116.0,116.0,4142905032,1851164,389,119.0,116.0
42,2009-09-28,112.0,115.0,112.0,112.0,46477848210,21359215,5626,116.0,112.0
43,2009-09-29,113.0,116.0,113.0,115.0,10320417070,4623594,956,112.0,116.0
44,2009-09-30,117.0,118.0,115.0,116.0,30009300797,13377826,2488,115.0,116.0
45,2009-10-03,119.0,119.0,119.0,119.0,2705338020,1171142,220,116.0,119.0
46,2009-10-04,123.0,123.0,120.0,122.0,75305026331,31760071,6256,119.0,123.0
47,2009-10-05,124.0,126.0,121.0,126.0,55467025741,22751126,3382,122.0,126.0
48,2009-10-06,130.0,130.0,130.0,130.0,4512631095,1797145,359,126.0,130.0
49,2009-10-07,134.0,134.0,134.0,134.0,3434272650,1328025,285,130.0,134.0
50,2009-10-10,138.0,138.0,134.0,138.0,66906310241,25131239,4898,134.0,138.0
51,2009-10-11,137.0,138.0,133.0,134.0,98020083232,37890090,6655,138.0,133.0
52,2009-10-12,131.0,138.0,130.0,133.0,64785383210,25200907,4994,134.0,133.0
53,2009-10-13,133.0,137.0,133.0,136.0,39082430225,14797169,2763,133.0,137.0
54,2009-10-17,140.0,140.0,140.0,140.0,3452251200,1269210,199,136.0,140.0
55,2009-10-18,144.0,145.0,140.0,144.0,59110415228,21201022,3620,140.0,145.0
56,2009-11-25,151.0,156.0,145.0,151.0,281358253488,96030269,4444,144.0,146.0
57,2009-11-29,146.0,146.0,146.0,146.0,3820393276,1350917,56,151.0,146.0
58,2009-11-30,141.0,141.0,141.0,141.0,3994533270,1463199,37,146.0,141.0
59,2009-12-01,136.0,136.0,136.0,136.0,5967518755,2264713,72,141.0,136.0
60,2009-12-02,131.0,140.0,131.0,135.0,246369371810,93967266,1689,136.0,132.0
61,2009-12-05,137.0,140.0,133.0,137.0,17232186895,6484807,413,135.0,137.0
62,2009-12-07,139.0,142.0,138.0,140.0,63570604795,23500313,2406,137.0,139.0
63,2009-12-08,142.0,142.0,137.0,141.0,23367043709,8570020,407,140.0,137.0
64,2009-12-09,138.0,138.0,136.0,136.0,6499743368,2467919,192,141.0,136.0
65,2009-12-12,132.0,132.0,131.0,131.0,15470072044,6081523,264,136.0,131.0
66,2009-12-13,127.0,131.0,127.0,127.0,18214570640,7416228,471,131.0,127.0
67,2009-12-14,124.0,129.0,122.0,124.0,37454113438,15650417,705,127.0,122.0
68,2009-12-15,124.0,125.0,119.0,120.0,7755393688,3334509,267,124.0,119.0
69,2009-12-16,116.0,118.0,116.0,117.0,2566352020,1142596,69,120.0,116.0
70,2009-12-19,113.0,117.0,113.0,113.0,25316326539,11581968,606,117.0,117.0
71,2009-12-20,117.0,117.0,117.0,113.0,357676488,158124,16,113.0,117.0
72,2009-12-21,117.0,117.0,117.0,117.0,2689361349,1184219,35,113.0,117.0
73,2009-12-22,121.0,121.0,114.0,120.0,34487474626,14838940,723,117.0,117.0
74,2009-12-23,119.0,124.0,117.0,123.0,31849495078,13408306,596,120.0,123.0
75,2009-12-28,119.0,121.0,118.0,119.0,7638078186,3326875,195,123.0,118.0
76,2009-12-29,115.0,118.0,114.0,115.0,3403245183,1531031,130,119.0,115.0
77,2009-12-30,117.0,117.0,113.0,115.0,950179395,421983,69,115.0,116.0
78,2010-01-02,117.0,119.0,117.0,117.0,1360139977,589371,49,115.0,119.0
79,2010-01-03,121.0,121.0,117.0,120.0,8231815151,3534158,245,117.0,120.0
80,2010-01-04,119.0,119.0,116.0,116.0,5718732524,2543425,171,120.0,116.0
81,2010-01-05,119.0,120.0,114.0,116.0,1745006129,781708,118,116.0,115.0
82,2010-01-06,117.0,120.0,117.0,119.0,11016189985,4762416,316,116.0,120.0
83,2010-01-09,123.0,124.0,121.0,123.0,10262389124,4295121,327,119.0,124.0
84,2010-01-10,128.0,128.0,122.0,127.0,28785961513,11735582,549,123.0,123.0
85,2010-01-11,124.0,130.0,123.0,128.0,7641801728,3086191,296,127.0,127.0
86,2010-01-12,128.0,128.0,123.0,125.0,2547002284,1059260,79,128.0,123.0
87,2010-02-07,127.0,129.0,122.0,126.0,41707657609,17071882,1096,125.0,122.0
88,2010-02-08,122.0,124.0,122.0,122.0,13876419489,5869220,297,126.0,122.0
89,2010-02-09,119.0,120.0,118.0,118.0,7071472197,3093283,220,122.0,118.0
90,2010-02-10,118.0,122.0,117.0,119.0,5530348547,2397747,213,118.0,119.0
91,2010-03-07,128.0,129.0,123.0,127.0,46256920082,18832102,1266,119.0,128.0
92,2010-03-08,129.0,130.0,126.0,128.0,10462951911,4235683,369,127.0,126.0
93,2010-03-09,127.0,129.0,124.0,126.0,15743833958,6442227,581,128.0,124.0
94,2010-03-10,124.0,126.0,122.0,124.0,6760234953,2822464,310,126.0,124.0
95,2010-03-13,124.0,126.0,124.0,125.0,11292854795,4680737,378,124.0,126.0
96,2010-03-14,127.0,127.0,126.0,126.0,6930977267,2833227,280,125.0,127.0
97,2010-03-15,127.0,131.0,127.0,131.0,17236134719,6822007,342,126.0,131.0
98,2010-03-16,134.0,134.0,129.0,131.0,11563037399,4544278,383,131.0,129.0
99,2010-03-17,131.0,136.0,129.0,133.0,11358259198,4394977,395,131.0,135.0
100,2010-03-27,138.0,138.0,135.0,136.0,1852964662,692963,30,133.0,138.0
101,2010-03-28,141.0,141.0,141.0,141.0,14651072136,5378514,154,136.0,141.0
102,2010-03-29,145.0,146.0,140.0,143.0,20778853238,7485138,459,141.0,140.0
103,2010-03-30,140.0,142.0,139.0,140.0,10694586737,3941755,370,143.0,141.0
104,2010-03-31,142.0,144.0,140.0,142.0,10540548807,3840564,313,140.0,141.0
105,2010-04-03,142.0,147.0,141.0,145.0,15109351852,5368658,453,142.0,147.0
106,2010-04-04,150.0,150.0,140.0,144.0,13019134159,4677211,400,145.0,140.0
107,2010-04-05,142.0,142.0,139.0,140.0,12539523900,4632930,371,144.0,139.0
108,2010-04-06,139.0,144.0,139.0,141.0,14343385737,5259777,431,140.0,141.0
109,2010-04-07,142.0,145.0,139.0,141.0,16212802750,5935050,493,141.0,139.0
110,2010-04-10,141.0,141.0,136.0,137.0,16528570563,6249948,463,141.0,136.0
111,2010-04-11,137.0,139.0,134.0,136.0,8251261396,3136240,351,137.0,134.0
112,2010-04-12,136.0,139.0,133.0,135.0,11768245620,4505493,417,136.0,134.0
113,2010-04-13,137.0,138.0,134.0,136.0,15338450492,5824365,510,135.0,135.0
114,2010-04-14,136.0,138.0,131.0,134.0,18157924971,7014789,524,136.0,132.0
115,2010-04-17,132.0,133.0,129.0,129.0,8275034363,3301365,309,134.0,130.0
116,2010-04-18,131.0,134.0,131.0,134.0,10456556705,4032579,269,129.0,134.0
117,2010-04-19,139.0,139.0,139.0,139.0,7546723619,2812793,99,134.0,139.0
118,2010-04-20,143.0,143.0,139.0,143.0,50092140876,18148678,852,139.0,139.0
119,2010-04-21,140.0,140.0,138.0,139.0,11113582280,4128342,413,143.0,138.0
120,2010-04-24,143.0,144.0,143.0,144.0,16918631896,6079352,345,139.0,144.0
121,2010-04-25,149.0,149.0,143.0,147.0,37500466604,13136042,886,144.0,144.0
122,2010-04-26,145.0,150.0,145.0,146.0,13398129462,4729990,466,147.0,145.0
123,2010-04-27,146.0,149.0,141.0,143.0,12107326664,4388108,399,146.0,141.0
124,2010-04-28,140.0,143.0,138.0,139.0,14815913375,5495172,492,143.0,139.0
125,2010-05-01,144.0,144.0,144.0,144.0,9684537560,3471164,165,139.0,144.0
126,2010-05-02,149.0,149.0,149.0,149.0,14352772466,4971518,156,144.0,149.0
127,2010-05-03,154.0,154.0,152.0,154.0,74737515218,25035889,1226,149.0,154.0
128,2010-05-04,160.0,160.0,160.0,160.0,41302412106,13370806,490,154.0,160.0
129,2010-05-05,159.0,159.0,154.0,155.0,76004191735,25399563,1461,160.0,154.0
130,2010-05-08,151.0,157.0,149.0,151.0,43298963767,14770713,1043,155.0,157.0
131,2010-05-09,157.0,157.0,157.0,157.0,13697070462,4516014,133,151.0,157.0
132,2010-05-10,161.0,162.0,155.0,160.0,125477681811,40575805,1951,157.0,156.0
133,2010-05-11,157.0,159.0,154.0,155.0,40196647785,13406688,842,160.0,155.0
134,2010-05-12,152.0,158.0,150.0,154.0,17653088040,5921564,488,155.0,156.0
135,2010-05-15,156.0,159.0,155.0,156.0,21079673454,6968650,628,154.0,155.0
136,2010-05-16,156.0,157.0,154.0,155.0,20247938778,6734345,524,156.0,155.0
137,2010-05-18,161.0,161.0,158.0,161.0,56574318892,18202693,977,155.0,160.0
138,2010-05-19,160.0,160.0,156.0,156.0,18541302685,6123754,584,161.0,156.0
139,2010-05-22,157.0,157.0,153.0,155.0,14176559232,4728502,365,156.0,155.0
140,2010-05-23,155.0,155.0,150.0,152.0,19402285395,6581047,464,155.0,152.0
141,2010-05-24,153.0,157.0,148.0,152.0,402682860456,136501127,606,152.0,149.0
142,2010-05-25,149.0,149.0,147.0,147.0,3894002858,1365004,101,152.0,147.0
143,2010-05-26,142.0,147.0,142.0,143.0,53155119484,19150340,735,147.0,144.0
144,2010-05-29,145.0,148.0,138.0,141.0,17852668798,6538078,654,143.0,138.0
145,2010-05-30,136.0,136.0,136.0,141.0,250630880,95080,16,141.0,136.0
146,2010-05-31,136.0,136.0,136.0,140.0,684552165,260385,22,141.0,136.0
147,2010-06-01,135.0,139.0,135.0,135.0,21618755160,8251226,621,140.0,135.0
148,2010-06-02,135.0,135.0,131.0,132.0,13751313228,5392866,532,135.0,133.0
149,2010-06-06,132.0,132.0,127.0,128.0,8033176934,3252623,347,132.0,127.0
150,2010-06-07,124.0,127.0,124.0,124.0,11820711216,4910421,473,128.0,125.0
151,2010-06-08,125.0,129.0,125.0,128.0,10752489965,4333431,461,124.0,128.0
152,2010-06-09,128.0,129.0,124.0,125.0,4727523758,1954410,263,128.0,124.0
153,2010-06-12,125.0,129.0,125.0,127.0,3664976165,1493645,170,125.0,127.0
154,2010-06-13,129.0,131.0,128.0,130.0,6502326998,2576666,280,127.0,131.0
155,2010-06-14,135.0,135.0,134.0,135.0,13475344657,5159024,335,130.0,135.0
156,2010-06-15,140.0,140.0,140.0,140.0,7320075390,2708130,83,135.0,140.0
157,2010-06-19,139.0,139.0,134.0,136.0,11239330251,4275377,418,140.0,134.0
158,2010-06-20,134.0,134.0,131.0,132.0,9743905081,3817510,422,136.0,131.0
159,2010-06-21,131.0,133.0,128.0,129.0,5325603830,2129934,252,132.0,133.0
160,2010-06-22,133.0,134.0,133.0,133.0,2881144328,1114248,92,129.0,134.0
161,2010-06-23,136.0,137.0,134.0,135.0,8172137140,3122772,273,133.0,134.0
162,2010-06-27,135.0,135.0,132.0,133.0,2472181253,962676,137,135.0,132.0
163,2010-06-28,132.0,133.0,129.0,131.0,3717739198,1469606,152,133.0,129.0
164,2010-06-29,131.0,132.0,127.0,129.0,4404444558,1766753,192,131.0,128.0
165,2010-06-30,128.0,129.0,126.0,128.0,7544165912,3047845,308,129.0,129.0
166,2010-07-03,130.0,130.0,127.0,128.0,3800572035,1527933,222,128.0,128.0
167,2010-07-04,127.0,129.0,123.0,124.0,9115532870,3784337,416,128.0,124.0
168,2010-07-05,125.0,129.0,125.0,128.0,9692509567,3902676,374,124.0,129.0
169,2010-07-06,129.0,129.0,125.0,126.0,6480468993,2655285,332,128.0,125.0
170,2010-07-07,128.0,131.0,128.0,130.0,25226199829,10053363,680,126.0,129.0
171,2010-07-11,130.0,135.0,130.0,134.0,10157533785,3920486,412,130.0,135.0
172,2010-07-12,136.0,136.0,129.0,132.0,7050603124,2754008,272,134.0,130.0
173,2010-07-13,130.0,131.0,130.0,130.0,7615283421,3020172,310,132.0,130.0
174,2010-07-14,131.0,132.0,128.0,129.0,15977817122,6383284,621,130.0,128.0
175,2010-07-24,134.0,137.0,133.0,134.0,8623963034,3532281,352,129.0,134.0
176,2010-07-25,134.0,137.0,134.0,135.0,5953827139,2424010,310,134.0,134.0
177,2010-07-26,135.0,136.0,132.0,133.0,7788622038,3201528,348,135.0,133.0
178,2010-07-28,134.0,134.0,131.0,132.0,8261319507,3424788,303,133.0,134.0
179,2010-07-31,132.0,134.0,131.0,132.0,6757518255,2806594,285,132.0,132.0
180,2010-08-01,132.0,134.0,132.0,133.0,3633731767,1499065,199,132.0,133.0
181,2010-08-02,134.0,137.0,134.0,135.0,6753389946,2742591,288,133.0,135.0
182,2010-08-03,136.0,140.0,136.0,140.0,17258119612,6779744,493,135.0,140.0
183,2010-08-04,140.0,144.0,138.0,142.0,14708758092,5684564,522,140.0,143.0
184,2010-08-07,144.0,147.0,144.0,147.0,16021092700,5962619,433,142.0,147.0
185,2010-08-08,151.0,151.0,143.0,145.0,8935594538,3387435,390,147.0,143.0
186,2010-08-09,143.0,150.0,142.0,147.0,9860342188,3687554,383,145.0,145.0
187,2010-08-10,147.0,150.0,146.0,148.0,11597270825,4306374,439,147.0,149.0
188,2010-08-11,149.0,150.0,146.0,148.0,14801366920,5480976,457,148.0,147.0
189,2010-08-14,146.0,146.0,142.0,143.0,6179180230,2376857,237,148.0,142.0
190,2010-08-15,138.0,141.0,137.0,138.0,6450799870,2556645,239,143.0,138.0
191,2010-08-16,138.0,142.0,138.0,141.0,3984527078,1554447,192,138.0,141.0
192,2010-08-17,144.0,145.0,141.0,143.0,4826734539,1851145,212,141.0,141.0
193,2010-08-18,144.0,145.0,141.0,143.0,8321612708,3202328,415,143.0,143.0
194,2010-08-21,144.0,146.0,142.0,143.0,11949971726,4572359,489,143.0,142.0
195,2010-08-22,147.0,149.0,146.0,148.0,33541517535,12393765,864,143.0,149.0
196,2010-08-23,152.0,154.0,152.0,154.0,23865110186,8502517,861,148.0,154.0
197,2010-08-24,155.0,156.0,148.0,150.0,8176320262,2998249,419,154.0,149.0
198,2010-08-25,150.0,151.0,146.0,148.0,8949481575,3323789,464,150.0,148.0
199,2010-08-28,148.0,150.0,145.0,147.0,8951606403,3333512,349,148.0,146.0
200,2010-08-29,148.0,149.0,145.0,147.0,16242778481,6067936,573,147.0,148.0
201,2010-08-30,148.0,152.0,148.0,150.0,11827368152,4327891,452,147.0,150.0
202,2010-08-31,151.0,151.0,147.0,147.0,10424539959,3874743,404,150.0,148.0
203,2010-09-04,149.0,151.0,148.0,149.0,16474085257,6063665,596,147.0,149.0
204,2010-09-05,150.0,153.0,150.0,152.0,31952964770,11517747,718,149.0,151.0
205,2010-09-06,152.0,152.0,148.0,150.0,10176957450,3727811,334,152.0,148.0
206,2010-09-07,151.0,151.0,144.0,147.0,10607855778,3968082,349,150.0,145.0
207,2010-09-08,146.0,148.0,145.0,148.0,14198705272,5272669,326,147.0,147.0
208,2010-09-12,148.0,150.0,147.0,148.0,7434909916,2758527,227,148.0,148.0
209,2010-09-13,147.0,150.0,145.0,147.0,9636303645,3581869,293,148.0,147.0
210,2010-09-14,147.0,149.0,146.0,147.0,6469183605,2406436,223,147.0,146.0
211,2010-09-15,148.0,148.0,145.0,146.0,5281659838,1987311,241,147.0,146.0
212,2010-09-18,144.0,147.0,144.0,145.0,4517478099,1707675,209,146.0,145.0
213,2010-09-19,145.0,147.0,139.0,143.0,5799280465,2225021,287,145.0,140.0
214,2010-09-20,140.0,141.0,138.0,139.0,4527530710,1784295,298,143.0,140.0
215,2010-09-21,138.0,145.0,137.0,144.0,10222906841,3889457,187,139.0,145.0
216,2010-09-22,147.0,147.0,141.0,145.0,3456898846,1309751,200,144.0,142.0
217,2010-09-25,145.0,145.0,140.0,142.0,2811046317,1091682,164,145.0,140.0
218,2010-09-26,140.0,144.0,139.0,141.0,3709070430,1446768,198,142.0,140.0
219,2010-09-27,138.0,140.0,137.0,138.0,5930287996,2353793,218,141.0,137.0
220,2010-09-28,138.0,142.0,138.0,140.0,2716672836,1060965,150,138.0,140.0
221,2010-09-29,141.0,142.0,139.0,140.0,5267184231,2059758,201,140.0,140.0
222,2010-10-02,139.0,142.0,139.0,140.0,3683259154,1443583,172,140.0,139.0
223,2010-10-03,139.0,141.0,138.0,140.0,17358841931,6809763,503,140.0,140.0
224,2010-10-05,141.0,142.0,140.0,141.0,7909689766,3073308,283,140.0,142.0
225,2010-10-06,142.0,145.0,141.0,142.0,5232131960,2021504,201,141.0,142.0
226,2010-10-09,140.0,142.0,139.0,140.0,10392555519,4062586,209,142.0,140.0
227,2010-10-10,140.0,146.0,140.0,143.0,23778224357,9134533,598,140.0,142.0
228,2010-10-11,141.0,145.0,141.0,143.0,4157655444,1590863,223,143.0,143.0
229,2010-10-12,143.0,143.0,138.0,139.0,24006902198,9496098,585,143.0,138.0
230,2010-10-13,137.0,138.0,133.0,135.0,29807555319,12146420,663,139.0,137.0
231,2010-10-16,133.0,140.0,132.0,138.0,6065156034,2418736,196,135.0,139.0
232,2010-10-17,140.0,140.0,137.0,138.0,3209053325,1274078,148,138.0,138.0
233,2010-10-18,140.0,144.0,139.0,143.0,9303938764,3576532,279,138.0,142.0
234,2010-10-19,142.0,142.0,137.0,137.0,10488460283,4191945,297,143.0,137.0
235,2010-10-20,139.0,139.0,134.0,136.0,1495745103,607240,110,137.0,136.0
236,2010-10-23,137.0,138.0,135.0,136.0,18904262231,7617172,257,136.0,135.0
237,2010-10-24,136.0,136.0,131.0,131.0,4340166902,1812704,175,136.0,131.0
238,2010-10-25,126.0,129.0,126.0,126.0,17824845216,7744974,524,131.0,127.0
239,2010-10-26,126.0,131.0,125.0,129.0,7609204203,3234977,320,126.0,126.0
240,2010-10-27,129.0,131.0,126.0,129.0,3142279605,1335859,162,129.0,131.0
241,2010-10-30,132.0,134.0,131.0,132.0,3175764716,1315433,169,129.0,133.0
242,2010-10-31,132.0,134.0,127.0,131.0,1412719646,597724,110,132.0,128.0
243,2010-11-01,127.0,131.0,127.0,130.0,1665125574,710409,121,131.0,129.0
244,2010-11-02,129.0,131.0,127.0,129.0,2253603667,962150,162,130.0,128.0
245,2010-11-03,127.0,130.0,127.0,129.0,1280791179,543967,101,129.0,130.0
246,2010-11-06,130.0,133.0,130.0,132.0,4143560020,1723257,190,129.0,131.0
247,2010-11-07,132.0,132.0,127.0,130.0,2746017982,1159896,132,132.0,127.0
248,2010-11-08,128.0,129.0,127.0,129.0,1203826593,515137,74,130.0,128.0
249,2010-11-09,128.0,132.0,128.0,130.0,938763160,395102,46,129.0,130.0
250,2010-11-10,132.0,132.0,130.0,130.0,831847473,348954,70,130.0,130.0
251,2010-11-13,129.0,129.0,126.0,127.0,2508731770,1084129,176,130.0,126.0
252,2010-11-14,126.0,127.0,125.0,127.0,1746274784,755915,105,127.0,126.0
253,2010-11-15,127.0,128.0,125.0,126.0,6968587998,3030472,328,127.0,126.0
254,2010-11-16,128.0,128.0,126.0,126.0,1391146018,604439,93,126.0,126.0
255,2010-11-20,127.0,127.0,124.0,126.0,1227959850,538001,67,126.0,126.0
256,2010-11-21,123.0,126.0,123.0,125.0,1371090894,601254,88,126.0,125.0
257,2010-11-22,125.0,128.0,124.0,125.0,2854145468,1248570,111,125.0,124.0
258,2010-11-23,125.0,126.0,124.0,125.0,1282039132,561523,88,125.0,125.0
259,2010-11-24,126.0,128.0,126.0,126.0,1046826296,451807,74,125.0,128.0
260,2010-11-27,128.0,131.0,128.0,131.0,3278982305,1375858,102,126.0,131.0
261,2010-11-28,136.0,136.0,132.0,135.0,10725824358,4349567,374,131.0,133.0
262,2010-11-29,135.0,135.0,131.0,132.0,3317135849,1373517,204,135.0,132.0
263,2010-11-30,132.0,136.0,127.0,131.0,5633851733,2360964,247,132.0,127.0
264,2010-12-01,126.0,129.0,126.0,126.0,5552828818,2420242,268,131.0,126.0
265,2010-12-04,126.0,126.0,123.0,125.0,1877934621,829153,138,126.0,124.0
266,2010-12-05,123.0,124.0,123.0,124.0,2073498508,918687,120,125.0,124.0
267,2010-12-06,124.0,126.0,123.0,124.0,1027888694,452231,95,124.0,124.0
268,2010-12-07,125.0,126.0,124.0,125.0,1382094196,605592,95,124.0,125.0
269,2010-12-08,126.0,126.0,124.0,125.0,1050218176,460827,86,125.0,124.0
270,2010-12-11,126.0,126.0,124.0,125.0,3382617767,1482444,124,125.0,126.0
271,2010-12-12,126.0,126.0,122.0,125.0,734824717,326723,87,125.0,124.0
272,2010-12-13,123.0,124.0,121.0,124.0,1055100365,471779,78,125.0,123.0
273,2010-12-14,122.0,123.0,122.0,124.0,854766123,381013,68,124.0,123.0
274,2010-12-18,122.0,122.0,119.0,120.0,2415834376,1111085,178,124.0,119.0
275,2010-12-19,116.0,119.0,116.0,117.0,2490794683,1174071,154,120.0,117.0
276,2010-12-20,116.0,120.0,116.0,118.0,1361600810,628870,94,117.0,119.0
277,2010-12-21,121.0,122.0,119.0,119.0,1392697112,639084,79,118.0,119.0
278,2010-12-22,118.0,122.0,118.0,119.0,933983645,424799,92,119.0,121.0
279,2010-12-25,122.0,124.0,122.0,120.0,348819130,154478,25,119.0,124.0
280,2010-12-26,125.0,125.0,125.0,125.0,4555712298,2006038,47,120.0,125.0
281,2010-12-27,129.0,129.0,126.0,129.0,22371399669,9500473,918,125.0,129.0
282,2010-12-28,131.0,133.0,128.0,130.0,3696366032,1554748,237,129.0,128.0
283,2010-12-29,130.0,130.0,126.0,128.0,3391299772,1457510,164,130.0,127.0
284,2011-01-01,127.0,127.0,123.0,126.0,2704840432,1183529,132,128.0,126.0
285,2011-01-02,125.0,125.0,123.0,124.0,1557171058,691821,104,126.0,123.0
286,2011-01-03,123.0,124.0,121.0,124.0,1574523123,698113,97,124.0,123.0
287,2011-01-04,126.0,127.0,122.0,123.0,1984132412,883086,121,124.0,123.0
288,2011-01-05,124.0,128.0,124.0,127.0,3216513327,1384906,141,123.0,128.0
289,2011-01-08,132.0,132.0,130.0,132.0,9305835136,3864451,385,127.0,132.0
290,2011-01-09,135.0,137.0,135.0,136.0,6940909846,2790535,271,132.0,137.0
291,2011-01-10,141.0,142.0,131.0,136.0,10703602782,4307142,437,136.0,132.0
292,2011-01-11,131.0,136.0,131.0,133.0,3274962344,1347752,168,136.0,132.0
293,2011-01-12,132.0,132.0,130.0,131.0,3238682410,1358051,153,133.0,130.0
294,2011-01-15,129.0,130.0,128.0,130.0,1320531788,562735,84,131.0,128.0
295,2011-01-16,129.0,135.0,129.0,132.0,4064938164,1684595,218,130.0,133.0
296,2011-01-17,133.0,133.0,128.0,130.0,3495012152,1478410,173,132.0,129.0
297,2011-01-18,129.0,129.0,127.0,129.0,2509475105,1072217,135,130.0,129.0
298,2011-01-19,129.0,132.0,129.0,131.0,2762773550,1157706,167,129.0,130.0
299,2011-01-22,129.0,132.0,129.0,130.0,3116896731,1314516,168,131.0,129.0
300,2011-01-23,132.0,132.0,128.0,129.0,1590553856,677645,103,130.0,129.0
301,2011-01-24,128.0,131.0,128.0,129.0,3328571997,1415461,196,129.0,128.0
302,2011-01-26,129.0,134.0,129.0,133.0,7149513247,2944013,316,129.0,134.0
303,2011-01-29,134.0,138.0,134.0,138.0,20381923153,8088144,532,133.0,138.0
304,2011-01-30,140.0,141.0,135.0,137.0,5835492744,2329152,233,138.0,136.0
305,2011-01-31,136.0,137.0,134.0,136.0,3523273324,1425067,148,137.0,134.0
306,2011-02-01,135.0,140.0,135.0,139.0,8619199105,3411975,330,136.0,140.0
307,2011-02-05,141.0,141.0,136.0,138.0,8389438756,3329111,445,139.0,136.0
308,2011-02-06,136.0,138.0,136.0,136.0,4986447030,2008001,180,138.0,138.0
309,2011-02-07,137.0,142.0,137.0,141.0,20490052571,7961357,548,136.0,139.0
310,2011-02-08,140.0,140.0,136.0,138.0,4580070425,1823047,169,141.0,137.0
311,2011-02-09,138.0,139.0,135.0,137.0,1932070109,776402,98,138.0,137.0
312,2011-02-12,135.0,137.0,135.0,136.0,2841634649,1149959,127,137.0,136.0
313,2011-02-13,137.0,141.0,135.0,140.0,11725933622,4597324,455,136.0,141.0
314,2011-02-14,141.0,143.0,139.0,141.0,3972147673,1547392,201,140.0,139.0
315,2011-02-15,138.0,139.0,135.0,137.0,3084546412,1237672,155,141.0,136.0
316,2011-02-16,135.0,135.0,131.0,133.0,3933763303,1626836,179,137.0,134.0
317,2011-02-22,132.0,132.0,132.0,132.0,348251000,145000,15,133.0,132.0
318,2011-02-23,132.0,132.0,130.0,130.0,5189684810,2186196,253,132.0,130.0
319,2011-02-26,130.0,135.0,130.0,131.0,2078820858,863905,121,130.0,130.0
320,2011-02-27,131.0,132.0,129.0,130.0,2483885530,1049758,162,131.0,131.0
321,2011-02-28,129.0,130.0,127.0,129.0,2128965193,910111,124,130.0,128.0
322,2011-03-01,128.0,128.0,127.0,128.0,1670896541,720449,100,129.0,127.0
323,2011-03-02,127.0,130.0,127.0,128.0,1759818454,752993,109,128.0,128.0
324,2011-03-05,131.0,133.0,127.0,133.0,238405881234,98241214,221,128.0,133.0
325,2011-03-06,134.0,136.0,130.0,133.0,2276559336,937364,138,133.0,130.0
326,2011-03-07,133.0,133.0,129.0,133.0,112480242524,46501695,130,133.0,130.0
327,2011-03-08,132.0,133.0,131.0,132.0,1013588825,423383,87,133.0,131.0
328,2011-03-09,131.0,132.0,130.0,132.0,1503160527,628805,94,132.0,130.0
329,2011-03-12,131.0,131.0,126.0,127.0,15677932249,6786979,585,132.0,126.0
330,2011-03-13,128.0,131.0,127.0,129.0,4222947611,1792002,166,127.0,131.0
331,2011-03-14,132.0,134.0,132.0,133.0,3228186780,1331224,210,129.0,133.0
332,2011-03-15,134.0,134.0,130.0,132.0,6063488147,2511389,239,133.0,130.0
333,2011-03-16,130.0,138.0,130.0,136.0,6393148493,2572293,311,132.0,138.0
334,2011-03-19,139.0,142.0,138.0,141.0,6936426471,2697077,308,136.0,140.0
335,2011-03-26,140.0,147.0,140.0,146.0,5724139867,2145890,170,141.0,147.0
336,2011-03-27,152.0,152.0,147.0,152.0,28689415941,10379534,495,146.0,148.0
337,2011-03-28,148.0,150.0,147.0,148.0,10857070102,4021058,445,152.0,148.0
338,2011-03-29,147.0,154.0,147.0,149.0,26617727579,9787290,693,148.0,151.0
339,2011-03-30,151.0,155.0,151.0,155.0,46724248662,16559736,910,149.0,155.0
340,2011-04-03,160.0,161.0,158.0,161.0,28412838828,9692370,614,155.0,161.0
341,2011-04-04,167.0,167.0,167.0,167.0,103704069415,34023870,982,161.0,167.0
342,2011-04-05,174.0,174.0,166.0,171.0,69452301276,22334298,1380,167.0,166.0
343,2011-04-06,166.0,175.0,164.0,169.0,65156731900,21151425,1348,171.0,171.0
344,2011-04-09,173.0,174.0,162.0,165.0,20783392177,6890509,525,169.0,162.0
345,2011-04-10,160.0,162.0,159.0,159.0,19489954865,6704468,974,165.0,159.0
346,2011-04-11,159.0,164.0,154.0,157.0,11174731555,3910252,451,159.0,155.0
347,2011-04-12,158.0,159.0,151.0,153.0,16025122484,5749408,501,157.0,152.0
348,2011-04-13,154.0,159.0,154.0,159.0,32847405973,11348473,706,153.0,159.0
349,2011-04-16,160.0,164.0,157.0,160.0,4427213417,1513224,269,159.0,157.0
350,2011-04-17,161.0,162.0,156.0,158.0,6733567559,2336430,296,160.0,159.0
351,2011-04-18,160.0,164.0,154.0,159.0,7833974261,2705806,320,158.0,155.0
352,2011-04-19,156.0,157.0,152.0,153.0,8160621220,2930040,220,159.0,154.0
353,2011-04-20,153.0,158.0,153.0,156.0,3308072596,1162028,176,153.0,155.0
354,2011-04-23,158.0,158.0,153.0,155.0,2855621883,1009312,194,156.0,156.0
355,2011-04-24,154.0,156.0,152.0,154.0,2905991179,1038384,176,155.0,153.0
356,2011-04-25,154.0,154.0,148.0,148.0,8338620893,3086665,241,154.0,148.0
357,2011-04-26,150.0,152.0,144.0,147.0,8266368864,3074362,250,148.0,152.0
358,2011-04-27,151.0,151.0,145.0,148.0,7297377263,2708487,230,147.0,150.0
359,2011-04-30,146.0,146.0,142.0,142.0,49205626984,19017923,879,148.0,142.0
360,2011-05-01,137.0,147.0,137.0,143.0,8395270290,3216098,295,142.0,147.0
361,2011-05-02,149.0,149.0,149.0,146.0,1820404644,670746,52,143.0,149.0
362,2011-05-08,152.0,152.0,146.0,151.0,15565118716,5656083,358,146.0,150.0
363,2011-05-09,156.0,157.0,155.0,157.0,37975902459,13271186,452,151.0,157.0
364,2011-05-10,163.0,163.0,154.0,162.0,23369728120,7891013,428,157.0,158.0
365,2011-05-11,163.0,169.0,163.0,168.0,103635353879,33787159,2325,162.0,169.0
366,2011-05-14,169.0,175.0,168.0,174.0,32042756671,10084849,508,168.0,175.0
367,2011-05-15,175.0,179.0,167.0,170.0,41234411437,13335674,1055,174.0,167.0
368,2011-05-16,167.0,171.0,163.0,163.0,23273116751,7805938,601,170.0,164.0
369,2011-05-17,162.0,164.0,157.0,160.0,15749106015,5382163,327,163.0,157.0
370,2011-05-18,154.0,157.0,154.0,154.0,77249884414,27495461,864,160.0,155.0
371,2011-05-21,155.0,160.0,155.0,160.0,30084860237,10307958,746,154.0,160.0
372,2011-05-22,160.0,160.0,156.0,159.0,4811783935,1662699,218,160.0,158.0
373,2011-05-23,159.0,164.0,159.0,161.0,6650854033,2260698,248,159.0,162.0
374,2011-05-24,162.0,164.0,155.0,160.0,4499859825,1542777,173,161.0,156.0
375,2011-05-25,156.0,156.0,154.0,154.0,13821859042,4932061,261,160.0,154.0
376,2011-05-28,152.0,158.0,147.0,149.0,8299374977,3054555,212,154.0,147.0
377,2011-05-29,144.0,145.0,143.0,143.0,9593356689,3674070,280,149.0,143.0
378,2011-05-30,143.0,149.0,143.0,149.0,8116286947,2993048,183,143.0,149.0
379,2011-05-31,154.0,155.0,152.0,155.0,4595408784,1630924,100,149.0,155.0
380,2011-06-01,156.0,157.0,151.0,156.0,4874736113,1717972,197,155.0,155.0
381,2011-06-06,161.0,162.0,157.0,161.0,9430167836,3217584,260,156.0,162.0
382,2011-06-07,162.0,162.0,155.0,159.0,1829546054,636266,128,161.0,157.0
383,2011-06-08,154.0,166.0,154.0,165.0,21938810263,7300578,705,159.0,165.0
384,2011-06-11,164.0,164.0,158.0,159.0,7893778586,2729359,192,165.0,158.0
385,2011-06-12,155.0,161.0,154.0,156.0,2820772574,993573,125,159.0,155.0
386,2011-06-13,154.0,157.0,152.0,155.0,2108005843,750338,155,156.0,152.0
387,2011-06-14,154.0,155.0,150.0,154.0,1358524738,491986,71,155.0,152.0
388,2011-06-15,152.0,154.0,150.0,152.0,1632867657,592567,84,154.0,152.0
389,2011-06-18,153.0,159.0,153.0,154.0,1476468737,515451,115,152.0,154.0
390,2011-06-19,158.0,158.0,152.0,154.0,528527809,188499,46,154.0,153.0
391,2011-06-20,152.0,152.0,148.0,149.0,3238572979,1195835,131,154.0,150.0
392,2011-06-21,153.0,155.0,150.0,150.0,805312038,288918,64,149.0,150.0
393,2011-06-22,152.0,152.0,150.0,150.0,621984020,226687,62,150.0,150.0
394,2011-06-25,150.0,151.0,147.0,150.0,559586434,206427,54,150.0,147.0
395,2011-06-26,147.0,147.0,144.0,148.0,1099303690,413754,94,150.0,146.0
396,2011-06-27,144.0,145.0,143.0,146.0,1250010990,479529,53,148.0,143.0
397,2011-06-28,141.0,148.0,141.0,141.0,4339061781,1681695,168,146.0,141.0
398,2011-06-29,141.0,147.0,141.0,146.0,2937423059,1095313,118,141.0,147.0
399,2011-07-02,148.0,152.0,148.0,148.0,1337239573,484598,76,146.0,152.0
400,2011-07-03,152.0,153.0,148.0,149.0,952225304,347665,78,148.0,149.0
401,2011-07-04,152.0,152.0,146.0,149.0,820744513,303333,85,149.0,149.0
402,2011-07-05,151.0,152.0,144.0,148.0,966800558,361368,81,149.0,144.0
403,2011-07-06,144.0,144.0,143.0,147.0,542383518,207676,46,148.0,143.0
404,2011-07-09,143.0,145.0,141.0,142.0,6761639031,2618335,181,147.0,141.0
405,2011-07-10,137.0,140.0,137.0,138.0,4080763615,1625293,126,142.0,140.0
406,2011-07-11,140.0,143.0,139.0,140.0,1615687218,625638,80,138.0,140.0
407,2011-07-12,137.0,142.0,137.0,140.0,358517056,140778,37,140.0,138.0
408,2011-07-13,139.0,143.0,136.0,139.0,1583026352,622689,89,140.0,141.0
409,2011-07-16,142.0,143.0,140.0,140.0,1214449420,469640,92,139.0,140.0
410,2011-07-18,140.0,143.0,138.0,140.0,845484424,331628,65,140.0,138.0
411,2011-07-19,139.0,141.0,137.0,138.0,9123540037,3627224,249,140.0,139.0
412,2011-07-24,151.0,153.0,148.0,150.0,5025260288,2108011,187,138.0,153.0
413,2011-07-25,155.0,155.0,148.0,150.0,2305818278,964159,195,150.0,149.0
414,2011-07-26,150.0,151.0,146.0,149.0,2317256539,976674,191,150.0,146.0
415,2011-07-27,150.0,152.0,147.0,150.0,1693717935,707374,127,149.0,148.0
416,2011-07-30,153.0,156.0,151.0,155.0,14447953606,5842455,463,150.0,151.0
417,2011-07-31,152.0,152.0,149.0,151.0,2137006049,898728,128,155.0,150.0
418,2011-08-01,153.0,155.0,150.0,151.0,1685127512,699593,100,151.0,150.0
419,2011-08-02,151.0,152.0,148.0,150.0,2073392749,869840,138,151.0,149.0
420,2011-08-03,149.0,154.0,149.0,152.0,6940496359,2876163,259,150.0,153.0
421,2011-08-06,155.0,155.0,148.0,150.0,2559701435,1074076,145,152.0,149.0
422,2011-08-07,148.0,151.0,148.0,149.0,1441494400,610137,81,150.0,148.0
423,2011-08-08,152.0,152.0,149.0,150.0,1725254108,719904,107,149.0,151.0
424,2011-08-09,150.0,150.0,144.0,145.0,5070707214,2197542,168,150.0,146.0
425,2011-08-10,148.0,151.0,144.0,148.0,2270212408,955601,124,145.0,151.0
426,2011-08-13,153.0,154.0,153.0,150.0,1289439169,526442,83,148.0,154.0
427,2011-08-14,155.0,155.0,149.0,152.0,2856193270,1178329,178,150.0,150.0
428,2011-08-15,150.0,151.0,148.0,151.0,682306173,287208,63,152.0,149.0
429,2011-08-16,150.0,150.0,147.0,151.0,688717588,292399,69,151.0,147.0
430,2011-08-17,148.0,156.0,147.0,152.0,2999502821,1241030,128,151.0,151.0
431,2011-08-20,151.0,151.0,147.0,151.0,1004418394,424194,46,152.0,150.0
432,2011-08-21,152.0,154.0,149.0,151.0,1271396397,526185,64,151.0,151.0
433,2011-08-23,151.0,157.0,151.0,157.0,3887447961,1557562,157,151.0,157.0
434,2011-08-24,161.0,161.0,154.0,159.0,7297070482,2880714,213,157.0,156.0
435,2011-08-27,156.0,160.0,154.0,158.0,1066491322,431348,82,159.0,154.0
436,2011-08-28,156.0,156.0,152.0,155.0,1670438732,685607,95,158.0,153.0
437,2011-08-29,150.0,160.0,150.0,157.0,2535019089,1010665,131,155.0,159.0
438,2011-08-30,159.0,160.0,155.0,157.0,1265887961,503247,92,157.0,157.0
439,2011-09-03,155.0,160.0,155.0,157.0,584608066,232711,61,157.0,157.0
440,2011-09-04,158.0,160.0,156.0,158.0,2642313994,1053031,96,157.0,157.0
441,2011-09-05,158.0,158.0,155.0,157.0,1433848811,575913,83,158.0,156.0
442,2011-09-06,157.0,160.0,157.0,158.0,2285080674,905013,110,157.0,159.0
443,2011-09-07,159.0,159.0,155.0,157.0,2090344798,837887,112,158.0,157.0
444,2011-09-10,158.0,163.0,158.0,160.0,2803963206,1100765,163,157.0,161.0
445,2011-09-11,163.0,163.0,157.0,159.0,668424832,264833,79,160.0,158.0
446,2011-09-12,157.0,157.0,154.0,154.0,4653811767,1894289,165,159.0,155.0
447,2011-09-13,154.0,156.0,154.0,154.0,660435937,268468,62,154.0,154.0
448,2011-09-14,157.0,157.0,152.0,154.0,2494470166,1017520,98,154.0,154.0
449,2011-09-17,157.0,157.0,154.0,154.0,3548168400,1443234,100,154.0,154.0
450,2011-09-18,154.0,154.0,152.0,153.0,3618582867,1487168,143,154.0,152.0
451,2011-09-19,153.0,154.0,152.0,153.0,606611131,250055,48,153.0,152.0
452,2011-09-20,152.0,154.0,151.0,153.0,1642231577,677543,73,153.0,154.0
453,2011-09-21,157.0,159.0,153.0,154.0,1195970021,476281,55,153.0,157.0
454,2011-09-25,158.0,158.0,151.0,154.0,471090291,194583,40,154.0,152.0
455,2011-09-26,155.0,155.0,149.0,153.0,834477875,349045,61,154.0,151.0
456,2011-09-27,154.0,154.0,152.0,153.0,585537782,240424,43,153.0,152.0
457,2011-09-28,152.0,153.0,152.0,153.0,838594693,346280,36,153.0,152.0
458,2011-10-01,151.0,153.0,149.0,152.0,515432946,215210,52,153.0,149.0
459,2011-10-02,152.0,152.0,149.0,152.0,618886553,258632,70,152.0,150.0
460,2011-10-03,150.0,154.0,150.0,152.0,849659842,348866,40,152.0,154.0
461,2011-10-04,154.0,156.0,151.0,152.0,1203784815,496246,82,152.0,151.0
462,2011-10-05,152.0,155.0,151.0,152.0,496331279,205180,47,152.0,152.0
463,2011-10-08,154.0,156.0,151.0,153.0,2242662082,917206,125,152.0,151.0
464,2011-10-09,153.0,154.0,151.0,153.0,741540789,305675,42,153.0,153.0
465,2011-10-10,151.0,153.0,150.0,153.0,726290038,301133,42,153.0,152.0
466,2011-10-11,153.0,154.0,150.0,152.0,1821439949,757477,91,153.0,150.0
467,2011-10-12,153.0,153.0,150.0,151.0,5987965261,2497992,146,152.0,150.0
468,2011-10-15,150.0,151.0,148.0,150.0,844418521,355902,61,151.0,149.0
469,2011-10-16,148.0,148.0,145.0,147.0,1868025292,804874,95,150.0,146.0
470,2011-10-17,146.0,148.0,146.0,147.0,717272103,308019,61,147.0,146.0
471,2011-10-18,147.0,153.0,147.0,150.0,2034787380,841734,113,147.0,153.0
472,2011-10-19,150.0,151.0,149.0,150.0,180060797,75304,24,150.0,150.0
473,2011-10-22,151.0,151.0,146.0,150.0,635302283,271767,62,150.0,147.0
474,2011-10-23,148.0,148.0,146.0,149.0,324889159,139787,41,150.0,146.0
475,2011-10-24,148.0,148.0,143.0,147.0,1305675487,569240,99,149.0,144.0
476,2011-10-25,145.0,147.0,143.0,147.0,483590236,208104,39,147.0,145.0
477,2011-10-26,146.0,146.0,142.0,146.0,747086563,327572,99,147.0,143.0
478,2011-10-29,144.0,144.0,142.0,145.0,427372900,188420,37,146.0,143.0
479,2011-10-30,143.0,144.0,141.0,145.0,746652123,327884,95,145.0,144.0
480,2011-10-31,144.0,144.0,142.0,145.0,467969856,205293,42,145.0,144.0
481,2011-11-01,144.0,144.0,142.0,144.0,428664477,187846,43,145.0,143.0
482,2011-11-02,144.0,147.0,144.0,145.0,1288465127,556639,75,144.0,146.0
483,2011-11-05,146.0,146.0,142.0,145.0,215310697,94127,38,145.0,142.0
484,2011-11-06,142.0,142.0,139.0,142.0,1455786163,655636,138,145.0,139.0
485,2011-11-08,139.0,139.0,136.0,140.0,958069327,440907,50,142.0,136.0
486,2011-11-09,135.0,143.0,135.0,140.0,1109516673,499349,75,140.0,143.0
487,2011-11-12,137.0,143.0,137.0,140.0,506372503,228116,66,140.0,138.0
488,2011-11-13,136.0,137.0,135.0,139.0,603600366,280068,84,140.0,135.0
489,2011-11-14,136.0,140.0,136.0,139.0,719494338,327127,29,139.0,138.0
490,2011-11-16,138.0,138.0,135.0,137.0,1214792610,564029,99,139.0,136.0
491,2011-11-19,138.0,138.0,135.0,137.0,293930348,135426,30,137.0,135.0
492,2011-11-20,135.0,136.0,132.0,132.0,12411098374,5903857,330,137.0,133.0
493,2011-11-21,133.0,136.0,130.0,132.0,813648641,385090,80,132.0,134.0
494,2011-11-22,132.0,132.0,127.0,128.0,4006708167,1973595,144,132.0,129.0
495,2011-11-23,129.0,129.0,126.0,127.0,1345846602,666891,90,128.0,126.0
496,2011-11-26,126.0,132.0,126.0,129.0,1589691526,768267,129,127.0,131.0
497,2011-11-27,131.0,131.0,124.0,126.0,7106515474,3556658,207,129.0,124.0
498,2011-11-28,124.0,126.0,122.0,125.0,894333986,458232,88,126.0,124.0
499,2011-11-29,124.0,129.0,124.0,129.0,5326022347,2586115,361,125.0,129.0
500,2011-11-30,127.0,128.0,124.0,127.0,1404128106,703761,115,129.0,126.0
501,2011-12-03,126.0,130.0,126.0,128.0,1475188243,721456,103,127.0,128.0
502,2011-12-04,129.0,133.0,129.0,131.0,2428400614,1159135,196,128.0,132.0
503,2011-12-07,133.0,136.0,133.0,136.0,8518400677,3925965,353,131.0,136.0
504,2011-12-10,138.0,138.0,131.0,135.0,1058953817,500238,120,136.0,132.0
505,2011-12-11,131.0,131.0,130.0,130.0,3176172412,1538593,138,135.0,130.0
506,2011-12-12,130.0,135.0,130.0,133.0,3502071905,1656643,223,130.0,133.0
507,2011-12-13,138.0,138.0,135.0,136.0,2740621383,1261125,196,133.0,136.0
508,2011-12-14,136.0,136.0,131.0,134.0,1642895297,784016,108,136.0,132.0
509,2011-12-17,133.0,133.0,128.0,130.0,1798789756,877225,117,134.0,129.0
510,2011-12-18,131.0,135.0,131.0,134.0,2333556458,1087898,146,130.0,135.0
511,2011-12-19,135.0,135.0,129.0,133.0,1872321101,887187,131,134.0,129.0
512,2011-12-20,132.0,132.0,130.0,132.0,810607680,390612,56,133.0,130.0
513,2011-12-21,130.0,131.0,129.0,131.0,1036994798,503215,80,132.0,130.0
514,2011-12-24,131.0,131.0,129.0,131.0,702681648,337701,68,131.0,131.0
515,2011-12-25,132.0,132.0,130.0,131.0,691645678,332192,84,131.0,130.0
516,2011-12-26,132.0,132.0,126.0,129.0,1773743384,868036,122,131.0,127.0
517,2011-12-27,126.0,129.0,126.0,129.0,284142109,139068,43,129.0,128.0
518,2011-12-28,129.0,134.0,127.0,130.0,1686463856,813984,79,129.0,134.0
519,2011-12-31,135.0,135.0,135.0,135.0,21621422172,10065839,249,130.0,135.0
520,2012-01-01,140.0,140.0,135.0,139.0,25313011380,11409524,824,135.0,136.0
521,2012-01-02,136.0,136.0,134.0,135.0,4529141293,2105091,243,139.0,135.0
522,2012-01-03,136.0,141.0,136.0,138.0,8487728211,3853513,419,135.0,141.0
523,2012-01-04,140.0,144.0,139.0,143.0,19543247692,8567319,485,138.0,142.0
524,2012-01-07,144.0,147.0,138.0,142.0,3436950376,1520446,186,143.0,139.0
525,2012-01-08,140.0,141.0,138.0,141.0,1282593536,576533,43,142.0,141.0
526,2012-01-09,141.0,144.0,139.0,143.0,2979484822,1309213,153,141.0,143.0
527,2012-01-10,144.0,146.0,142.0,144.0,3426753828,1498351,126,143.0,145.0
528,2012-01-11,144.0,144.0,141.0,143.0,1651179528,732457,79,144.0,141.0
529,2012-01-15,139.0,144.0,139.0,142.0,1607936648,717398,84,143.0,140.0
530,2012-01-16,144.0,147.0,144.0,147.0,8227798998,3520525,271,142.0,147.0
531,2012-01-17,151.0,151.0,141.0,147.0,2578015322,1104358,154,147.0,145.0
532,2012-01-18,144.0,149.0,144.0,146.0,1795572448,774840,83,147.0,144.0
533,2012-01-21,145.0,145.0,141.0,145.0,1286705087,565628,69,146.0,143.0
534,2012-01-23,141.0,142.0,140.0,143.0,1376122748,614013,121,145.0,141.0
535,2012-01-25,142.0,142.0,138.0,141.0,1102172257,500520,105,143.0,140.0
536,2012-01-28,141.0,147.0,141.0,143.0,1097355570,475491,86,141.0,146.0
537,2012-01-29,144.0,144.0,139.0,142.0,1377123546,608338,49,143.0,141.0
538,2012-01-30,139.0,142.0,139.0,141.0,1165471538,523820,48,142.0,141.0
539,2012-01-31,139.0,147.0,139.0,143.0,3112480378,1369241,133,141.0,143.0
540,2012-02-01,143.0,143.0,140.0,142.0,678936073,303276,46,143.0,140.0
541,2012-02-04,140.0,146.0,140.0,143.0,856148546,374698,76,142.0,140.0
542,2012-02-05,141.0,144.0,138.0,142.0,579651249,258998,74,143.0,141.0
543,2012-02-06,141.0,141.0,138.0,142.0,275176963,124433,38,142.0,139.0
544,2012-02-07,142.0,142.0,137.0,141.0,413493002,187750,50,142.0,138.0
545,2012-02-08,140.0,140.0,136.0,140.0,974494783,444040,69,141.0,139.0
546,2012-02-12,136.0,139.0,135.0,138.0,1277713801,589024,63,140.0,135.0
547,2012-02-13,133.0,135.0,133.0,136.0,1185045367,558555,97,138.0,133.0
548,2012-02-14,133.0,134.0,131.0,134.0,981941006,470135,92,136.0,132.0
549,2012-02-15,132.0,135.0,129.0,131.0,3327588631,1600156,181,134.0,129.0
550,2012-02-20,144.0,150.0,143.0,146.0,11643986193,5020418,472,131.0,144.0
551,2012-02-21,146.0,151.0,146.0,151.0,35035351307,14546486,302,146.0,151.0
552,2012-02-22,157.0,157.0,149.0,154.0,28304929021,11571107,369,151.0,151.0
553,2012-02-25,151.0,152.0,148.0,151.0,26524877040,11060058,130,154.0,150.0
554,2012-02-26,150.0,154.0,150.0,152.0,29767901570,12336201,213,151.0,150.0
555,2012-02-27,152.0,152.0,149.0,150.0,6385465727,2667729,146,152.0,149.0
556,2012-02-28,152.0,152.0,148.0,149.0,3384187499,1425623,83,150.0,149.0
557,2012-02-29,144.0,154.0,144.0,152.0,21169857667,8778664,297,149.0,151.0
558,2012-03-03,153.0,158.0,153.0,157.0,21505892867,8597296,326,152.0,157.0
559,2012-03-04,158.0,163.0,155.0,161.0,33600910756,13132984,276,157.0,160.0
560,2012-03-05,157.0,160.0,154.0,156.0,17792597433,7167206,196,161.0,154.0
561,2012-03-06,151.0,157.0,151.0,155.0,17723445709,7202067,159,156.0,151.0
562,2012-03-07,156.0,158.0,151.0,156.0,14184485143,5702845,95,155.0,153.0
563,2012-03-10,153.0,159.0,151.0,154.0,1686305372,693883,131,156.0,151.0
564,2012-03-11,156.0,156.0,149.0,151.0,5693319068,2366976,255,154.0,149.0
565,2012-03-12,148.0,148.0,146.0,147.0,3149886032,1348828,162,151.0,147.0
566,2012-03-13,147.0,151.0,146.0,149.0,7692768223,3254441,225,147.0,146.0
567,2012-03-14,148.0,154.0,148.0,152.0,3572537736,1474539,143,149.0,154.0
568,2012-03-17,154.0,157.0,154.0,154.0,2091825113,846049,112,152.0,155.0
569,2012-03-18,155.0,158.0,155.0,156.0,2752552326,1102804,118,154.0,156.0
570,2012-03-24,159.0,163.0,159.0,162.0,3364641866,1302095,62,156.0,163.0
571,2012-03-25,164.0,166.0,159.0,162.0,2118304655,822625,112,162.0,159.0
572,2012-03-26,158.0,158.0,156.0,159.0,2261235120,903067,128,162.0,156.0
573,2012-03-27,159.0,159.0,154.0,158.0,1276170413,514314,77,159.0,154.0
574,2012-03-28,154.0,157.0,153.0,157.0,748226610,302004,57,158.0,155.0
575,2012-04-02,154.0,154.0,151.0,155.0,2006295525,823419,87,157.0,151.0
576,2012-04-03,154.0,154.0,151.0,154.0,966347870,400155,56,155.0,152.0
577,2012-04-04,152.0,155.0,150.0,152.0,1650929415,686300,63,154.0,155.0
578,2012-04-07,156.0,156.0,150.0,152.0,1626865623,671672,110,152.0,151.0
579,2012-04-08,151.0,156.0,148.0,152.0,7844323685,3250435,143,152.0,149.0
580,2012-04-09,151.0,152.0,148.0,151.0,1334680313,561891,138,152.0,148.0
581,2012-04-10,148.0,154.0,148.0,149.0,2023528047,855239,107,151.0,149.0
582,2012-04-11,148.0,150.0,148.0,149.0,1848141740,781560,137,149.0,148.0
583,2012-04-14,150.0,150.0,149.0,149.0,1321795956,555847,76,149.0,150.0
584,2012-04-15,155.0,155.0,154.0,155.0,25339994063,10273994,800,149.0,155.0
585,2012-04-16,156.0,156.0,149.0,150.0,3234738692,1350920,158,155.0,151.0
586,2012-04-17,151.0,151.0,148.0,149.0,2102655696,888957,132,150.0,148.0
587,2012-04-18,150.0,151.0,149.0,150.0,2355313035,989096,142,149.0,149.0
588,2012-04-21,149.0,151.0,149.0,150.0,1498818911,629331,93,150.0,150.0
589,2012-04-22,148.0,149.0,148.0,149.0,1432772633,606579,71,150.0,148.0
590,2012-04-23,148.0,148.0,144.0,147.0,2594506642,1115085,175,149.0,147.0
591,2012-04-24,147.0,147.0,143.0,145.0,3296704900,1429407,180,147.0,144.0
592,2012-04-28,143.0,149.0,143.0,145.0,1411136213,608135,111,145.0,144.0
593,2012-04-29,147.0,147.0,145.0,145.0,343985727,148500,48,145.0,145.0
594,2012-04-30,146.0,148.0,144.0,146.0,1911081296,818355,113,145.0,147.0
595,2012-05-01,148.0,151.0,147.0,149.0,2778704230,1169321,178,146.0,148.0
596,2012-05-02,149.0,150.0,147.0,149.0,944689422,399675,91,149.0,148.0
597,2012-05-05,150.0,150.0,146.0,148.0,762482062,325931,62,149.0,146.0
598,2012-05-06,145.0,147.0,144.0,147.0,1592448761,689201,78,148.0,146.0
599,2012-05-07,145.0,148.0,145.0,146.0,1648613620,708027,75,147.0,148.0
600,2012-05-08,148.0,150.0,147.0,148.0,2187928247,925436,130,146.0,149.0
601,2012-05-09,150.0,151.0,149.0,149.0,3015117620,1267696,112,148.0,150.0
602,2012-05-12,150.0,153.0,149.0,150.0,2404175809,1004910,113,149.0,149.0
603,2012-05-13,149.0,154.0,149.0,152.0,5069057253,2095350,262,150.0,152.0
604,2012-05-14,153.0,154.0,152.0,152.0,1820595205,749701,86,152.0,153.0
605,2012-05-15,151.0,154.0,150.0,152.0,1509979251,623653,63,152.0,154.0
606,2012-05-16,152.0,152.0,150.0,152.0,540006500,225211,55,152.0,151.0
607,2012-05-19,151.0,157.0,151.0,153.0,4062196427,1668863,197,152.0,151.0
608,2012-05-20,152.0,153.0,150.0,151.0,2803726561,1167045,113,153.0,151.0
609,2012-05-21,153.0,154.0,151.0,151.0,23052899893,9579378,706,151.0,153.0
610,2012-05-22,155.0,157.0,155.0,157.0,35031459927,13997854,838,151.0,157.0
611,2012-05-23,160.0,162.0,157.0,160.0,19884412895,7797754,761,157.0,161.0
612,2012-05-26,157.0,157.0,154.0,154.0,5166730959,2108091,135,160.0,154.0
613,2012-05-27,152.0,158.0,152.0,155.0,6959511181,2824966,300,154.0,153.0
614,2012-05-28,154.0,154.0,150.0,152.0,2476352917,1027965,172,155.0,152.0
615,2012-05-29,151.0,152.0,150.0,151.0,3941371114,1643349,174,152.0,151.0
616,2012-05-30,153.0,153.0,150.0,151.0,2389837202,995012,104,151.0,151.0
617,2012-06-02,151.0,151.0,148.0,151.0,682074158,286118,52,151.0,150.0
618,2012-06-05,149.0,151.0,148.0,150.0,1791035710,754527,104,151.0,148.0
619,2012-06-06,148.0,148.0,147.0,148.0,2527796580,1076864,126,150.0,148.0
620,2012-06-09,147.0,147.0,142.0,144.0,2271087213,996179,83,148.0,142.0
621,2012-06-10,139.0,143.0,139.0,140.0,8689045714,3897714,237,144.0,140.0
622,2012-06-11,145.0,145.0,140.0,142.0,6159680574,2716528,180,140.0,141.0
623,2012-06-12,144.0,144.0,142.0,142.0,538524282,237839,50,142.0,142.0
624,2012-06-13,142.0,145.0,141.0,143.0,932780891,409622,76,142.0,144.0
625,2012-06-16,143.0,145.0,139.0,141.0,1817632614,812861,96,143.0,139.0
626,2012-06-17,138.0,140.0,137.0,140.0,1409868923,642727,116,141.0,140.0
627,2012-06-19,138.0,140.0,135.0,139.0,601410688,273161,47,140.0,138.0
628,2012-06-20,139.0,139.0,134.0,135.0,3292624748,1537411,170,139.0,134.0
629,2012-06-23,134.0,134.0,129.0,129.0,2863533741,1389735,143,135.0,129.0
630,2012-06-24,126.0,130.0,126.0,128.0,2073435013,1020644,138,129.0,128.0
631,2012-06-25,128.0,128.0,123.0,124.0,2641909955,1338634,155,128.0,123.0
632,2012-06-26,123.0,123.0,119.0,119.0,2463300898,1296605,113,124.0,119.0
633,2012-06-27,116.0,121.0,116.0,119.0,3349097074,1766930,182,119.0,121.0
634,2012-06-30,121.0,124.0,121.0,119.0,247549417,125978,18,119.0,124.0
635,2012-07-01,124.0,124.0,124.0,121.0,998276820,504690,23,119.0,124.0
636,2012-07-02,126.0,126.0,126.0,122.0,404612000,201500,4,121.0,126.0
637,2012-07-03,127.0,127.0,127.0,123.0,249863900,123695,8,122.0,127.0
638,2012-07-04,127.0,127.0,127.0,123.0,11869884,5853,2,123.0,127.0
639,2012-07-07,127.0,127.0,127.0,123.0,1014000,500,1,123.0,127.0
640,2012-07-08,132.0,138.0,132.0,134.0,5003871498,2340571,314,123.0,134.0
641,2012-07-09,136.0,136.0,130.0,133.0,1587600450,755772,92,134.0,134.0
642,2012-07-10,134.0,136.0,130.0,134.0,4656246594,2180250,219,133.0,134.0
643,2012-07-15,140.0,140.0,135.0,136.0,3137921665,1728857,103,134.0,136.0
644,2012-07-16,137.0,139.0,131.0,133.0,6216594209,3509437,293,136.0,134.0
645,2012-07-17,132.0,132.0,128.0,131.0,1937246242,1117239,143,133.0,132.0
646,2012-07-18,131.0,135.0,131.0,132.0,1064150249,601723,97,131.0,133.0
647,2012-07-21,132.0,135.0,132.0,132.0,689216290,385385,81,132.0,132.0
648,2012-07-22,135.0,136.0,134.0,134.0,1521263830,846440,115,132.0,134.0
649,2012-07-23,137.0,137.0,133.0,134.0,832741809,464035,84,134.0,134.0
650,2012-07-24,133.0,136.0,133.0,135.0,1113394150,618219,103,134.0,135.0
651,2012-07-25,137.0,137.0,132.0,135.0,394215623,220123,56,135.0,132.0
652,2012-07-28,135.0,135.0,129.0,131.0,1704923093,988353,94,135.0,129.0
653,2012-07-29,128.0,131.0,126.0,126.0,3243747373,1932136,214,131.0,128.0
654,2012-07-30,123.0,128.0,123.0,126.0,528037010,314982,108,126.0,126.0
655,2012-07-31,129.0,130.0,127.0,127.0,598917026,349689,59,126.0,128.0
656,2012-08-01,127.0,128.0,126.0,127.0,1464192876,865413,78,127.0,127.0
657,2012-08-04,125.0,127.0,122.0,123.0,2226447935,1362978,90,127.0,122.0
658,2012-08-05,122.0,122.0,119.0,121.0,1275831440,796916,99,123.0,121.0
659,2012-08-06,120.0,126.0,120.0,126.0,4399666168,2628031,121,121.0,125.0
660,2012-08-07,126.0,126.0,122.0,125.0,731516386,444071,56,126.0,122.0
661,2012-08-08,120.0,130.0,120.0,130.0,8829390337,5110243,225,125.0,130.0
662,2012-08-11,134.0,134.0,131.0,132.0,1400476858,790032,125,130.0,133.0
663,2012-08-12,130.0,131.0,128.0,131.0,809475170,469720,75,132.0,128.0
664,2012-08-13,132.0,132.0,128.0,131.0,412826188,238759,36,131.0,131.0
665,2012-08-14,129.0,136.0,129.0,135.0,2684448380,1497787,117,131.0,136.0
666,2012-08-15,136.0,139.0,135.0,138.0,3603592978,1965596,219,135.0,135.0
667,2012-08-18,139.0,139.0,132.0,136.0,1062886663,592852,84,138.0,133.0
668,2012-08-21,135.0,136.0,132.0,135.0,1420623020,796441,89,136.0,133.0
669,2012-08-22,134.0,134.0,130.0,134.0,495731089,284910,51,135.0,132.0
670,2012-08-25,134.0,134.0,129.0,131.0,2770962849,1586140,108,134.0,134.0
671,2012-08-26,134.0,134.0,129.0,131.0,734511426,421324,81,131.0,129.0
672,2012-08-27,129.0,131.0,129.0,131.0,373256600,215900,41,131.0,131.0
673,2012-09-02,134.0,134.0,128.0,131.0,453309928,262239,38,131.0,130.0
674,2012-09-03,133.0,134.0,131.0,133.0,2090344876,1176528,160,131.0,134.0
675,2012-09-04,135.0,138.0,133.0,137.0,10165334874,5557144,310,133.0,138.0
676,2012-09-05,142.0,143.0,138.0,142.0,7199337375,3809075,300,137.0,138.0
677,2012-09-08,137.0,141.0,136.0,138.0,2120076889,1153816,160,142.0,137.0
678,2012-09-09,133.0,134.0,133.0,134.0,2102713802,1187606,95,138.0,133.0
679,2012-09-10,131.0,135.0,130.0,134.0,912645281,511658,72,134.0,132.0
680,2012-09-11,129.0,133.0,129.0,133.0,855071387,488630,78,134.0,131.0
681,2012-09-15,134.0,136.0,131.0,134.0,2281172889,1282907,147,133.0,132.0
682,2012-09-16,132.0,132.0,129.0,133.0,843506740,484945,106,134.0,130.0
683,2012-09-17,130.0,136.0,129.0,133.0,2098829676,1188804,115,133.0,134.0
684,2012-09-18,132.0,136.0,132.0,133.0,3165282983,1786108,131,133.0,133.0
685,2012-09-19,135.0,138.0,134.0,138.0,3206645682,1744099,149,133.0,138.0
686,2012-09-22,142.0,144.0,139.0,143.0,15642782876,8206318,557,138.0,144.0
687,2012-09-23,149.0,149.0,142.0,148.0,15529402932,7869395,616,143.0,147.0
688,2012-09-24,147.0,150.0,143.0,146.0,6171323962,3169058,221,148.0,145.0
689,2012-09-25,147.0,152.0,146.0,150.0,8916527332,4453830,349,146.0,150.0
690,2012-09-26,146.0,156.0,146.0,154.0,7063149642,3446274,298,150.0,153.0
691,2012-09-29,154.0,160.0,152.0,160.0,11868961370,5588588,297,154.0,160.0
692,2012-09-30,165.0,165.0,158.0,161.0,7819158600,3638412,279,160.0,159.0
693,2012-10-01,158.0,158.0,155.0,157.0,2264937795,1091394,76,161.0,155.0
694,2012-10-02,151.0,153.0,151.0,151.0,4931741438,2458344,257,157.0,151.0
695,2012-10-03,150.0,157.0,150.0,156.0,16483512012,7921223,364,151.0,152.0
696,2012-10-06,154.0,158.0,151.0,152.0,2542204507,1258970,128,156.0,153.0
697,2012-10-07,150.0,154.0,150.0,151.0,4793749130,2392491,124,152.0,150.0
698,2012-10-08,151.0,151.0,147.0,149.0,3946717010,1994993,111,151.0,148.0
699,2012-10-09,146.0,150.0,146.0,149.0,942385203,476001,42,149.0,148.0
700,2012-10-10,147.0,147.0,144.0,147.0,1090924588,563402,68,149.0,144.0
701,2012-10-13,144.0,144.0,141.0,142.0,2395449613,1271340,102,147.0,142.0
702,2012-10-14,144.0,146.0,139.0,142.0,796098009,418396,74,142.0,142.0
703,2012-10-15,143.0,147.0,143.0,143.0,1004769815,522203,69,142.0,144.0
704,2012-10-16,146.0,149.0,143.0,148.0,5651494427,2863779,132,143.0,149.0
705,2012-10-17,153.0,154.0,142.0,145.0,2207931405,1144205,151,148.0,145.0
706,2012-10-20,143.0,151.0,143.0,150.0,5430993095,2729184,220,145.0,151.0
707,2012-10-21,155.0,155.0,145.0,150.0,4100900378,2059351,171,150.0,146.0
708,2012-10-22,144.0,148.0,144.0,146.0,2859578104,1467681,145,150.0,146.0
709,2012-10-31,156.0,162.0,152.0,156.0,15139166006,7282356,470,146.0,159.0
710,2012-11-04,162.0,162.0,162.0,162.0,2814982218,1302703,82,156.0,162.0
711,2012-11-05,169.0,169.0,163.0,166.0,15939206660,7193550,432,162.0,165.0
712,2012-11-06,168.0,168.0,160.0,162.0,9500456870,4400405,323,166.0,162.0
713,2012-11-07,165.0,166.0,159.0,161.0,8758544605,4081172,305,162.0,159.0
714,2012-11-10,158.0,161.0,156.0,158.0,4533509093,2149517,157,161.0,158.0
715,2012-11-11,160.0,162.0,157.0,159.0,3579100563,1692446,196,158.0,157.0
716,2012-11-12,161.0,165.0,158.0,164.0,3761711585,1727271,164,159.0,165.0
717,2012-11-13,170.0,170.0,170.0,169.0,2235525555,986987,49,164.0,170.0
718,2012-11-14,175.0,175.0,175.0,174.0,2402523400,1029800,32,169.0,175.0
719,2012-11-17,181.0,181.0,175.0,180.0,31375776552,13075017,570,174.0,181.0
720,2012-11-18,185.0,188.0,183.0,187.0,51786388130,20793293,1002,180.0,188.0
721,2012-11-19,195.0,195.0,184.0,193.0,76292440696,29684164,1337,187.0,185.0
722,2012-11-20,185.0,189.0,185.0,186.0,15647449600,6336034,387,193.0,187.0
723,2012-11-21,184.0,193.0,184.0,192.0,16063293175,6298353,483,186.0,192.0
724,2012-11-26,195.0,199.0,195.0,199.0,15715700738,5930620,303,192.0,199.0
725,2012-11-27,202.0,204.0,196.0,201.0,20048384533,7496138,583,199.0,196.0
726,2012-11-28,199.0,206.0,198.0,202.0,18379148794,6826907,499,201.0,198.0
727,2012-12-01,200.0,201.0,194.0,197.0,20099812872,7663138,555,202.0,196.0
728,2012-12-02,192.0,202.0,192.0,196.0,26254002276,10041119,590,197.0,196.0
729,2012-12-03,192.0,195.0,190.0,192.0,11268105801,4420373,259,196.0,193.0
730,2012-12-04,192.0,199.0,192.0,195.0,7220530001,2781379,239,192.0,194.0
731,2012-12-05,195.0,199.0,194.0,196.0,4128991719,1580053,180,195.0,195.0
732,2012-12-08,193.0,193.0,189.0,189.0,24244878729,9635389,667,196.0,189.0
733,2012-12-09,183.0,188.0,183.0,186.0,4540943528,1835200,159,189.0,186.0
734,2012-12-10,186.0,193.0,186.0,193.0,7263577318,2827808,242,186.0,192.0
735,2012-12-11,195.0,195.0,189.0,191.0,3994350362,1567731,146,193.0,189.0
736,2012-12-12,186.0,189.0,184.0,186.0,3763354673,1521368,145,191.0,186.0
737,2012-12-15,183.0,193.0,183.0,193.0,9199572478,3589051,317,186.0,193.0
738,2012-12-16,195.0,198.0,188.0,194.0,5424088331,2101658,267,193.0,188.0
739,2012-12-17,190.0,196.0,190.0,194.0,12051161329,4671305,321,194.0,196.0
740,2012-12-18,195.0,195.0,191.0,193.0,4181547195,1631410,160,194.0,194.0
741,2012-12-19,193.0,200.0,193.0,199.0,20037515370,7571141,412,193.0,200.0
742,2012-12-22,200.0,207.0,200.0,206.0,14736584314,5370341,405,199.0,207.0
743,2012-12-23,210.0,214.0,210.0,213.0,22416686017,7889675,638,206.0,211.0
744,2012-12-24,213.0,222.0,213.0,220.0,26807257073,9170004,798,213.0,218.0
745,2012-12-25,218.0,218.0,211.0,211.0,7425002392,2642263,196,220.0,211.0
746,2012-12-26,204.0,213.0,203.0,207.0,15513760199,5625890,379,211.0,204.0
747,2012-12-29,202.0,215.0,201.0,212.0,6171388914,2184194,167,207.0,207.0
748,2012-12-31,207.0,207.0,203.0,206.0,6631054430,2420743,181,212.0,207.0
749,2013-01-01,210.0,210.0,198.0,200.0,6162702870,2312033,192,206.0,198.0
750,2013-01-02,200.0,200.0,194.0,196.0,3859938900,1479816,127,200.0,198.0
751,2013-01-06,196.0,196.0,188.0,189.0,5208315242,2072545,159,196.0,188.0
752,2013-01-07,188.0,195.0,188.0,189.0,4562672349,1809859,191,189.0,195.0
753,2013-01-08,195.0,197.0,193.0,197.0,6667643262,2545801,201,189.0,197.0
754,2013-01-09,204.0,205.0,204.0,205.0,15503779795,5694214,251,197.0,205.0
755,2013-01-13,209.0,213.0,205.0,211.0,14430860055,5130027,512,205.0,206.0
756,2013-01-14,206.0,207.0,203.0,203.0,14122091339,5223363,401,211.0,203.0
757,2013-01-15,205.0,209.0,203.0,205.0,8026329450,2944177,185,203.0,204.0
758,2013-01-16,203.0,213.0,203.0,211.0,15644721831,5577526,376,205.0,213.0
759,2013-01-19,214.0,219.0,211.0,217.0,14629537421,5072506,462,211.0,219.0
760,2013-01-20,222.0,222.0,212.0,216.0,2978207748,1038012,185,217.0,216.0
761,2013-01-21,213.0,214.0,207.0,208.0,8810018736,3182666,262,216.0,207.0
762,2013-01-22,200.0,203.0,200.0,200.0,8344555782,3130339,189,208.0,202.0
763,2013-01-23,201.0,208.0,201.0,208.0,3470826072,1253152,70,200.0,208.0
764,2013-01-26,213.0,215.0,204.0,208.0,1973951997,709520,68,208.0,208.0
765,2013-01-27,207.0,207.0,202.0,206.0,1568701409,580000,69,208.0,204.0
766,2013-01-28,201.0,210.0,201.0,206.0,2292402788,835856,86,206.0,207.0
767,2013-01-30,206.0,207.0,203.0,205.0,2787668749,1023132,70,206.0,205.0
768,2013-02-02,203.0,209.0,203.0,205.0,1171682515,426714,56,205.0,207.0
769,2013-02-03,207.0,210.0,203.0,206.0,2299360122,838021,105,205.0,207.0
770,2013-02-04,203.0,209.0,202.0,203.0,6276951281,2320425,127,206.0,203.0
771,2013-02-05,203.0,209.0,203.0,205.0,2489288039,906068,91,203.0,207.0
772,2013-02-06,208.0,214.0,208.0,213.0,5554779763,1960826,101,205.0,214.0
773,2013-02-09,221.0,221.0,221.0,221.0,32114728980,10901130,513,213.0,221.0
774,2013-02-11,230.0,230.0,229.0,230.0,45389486003,14820193,714,221.0,230.0
775,2013-02-12,239.0,239.0,234.0,238.0,49542192125,15643177,856,230.0,239.0
776,2013-02-13,244.0,247.0,239.0,244.0,25644614465,7905337,503,238.0,240.0
777,2013-02-16,235.0,251.0,235.0,241.0,445606937258,138783662,498,244.0,249.0
778,2013-02-17,246.0,251.0,244.0,251.0,41987217702,12589218,348,241.0,251.0
779,2013-02-18,261.0,261.0,261.0,261.0,22236001020,6411765,128,251.0,261.0
780,2013-02-19,271.0,271.0,258.0,268.0,87213108089,24464436,1072,261.0,262.0
781,2013-02-20,272.0,280.0,263.0,271.0,36066164674,9993926,783,268.0,264.0
782,2013-02-23,269.0,269.0,260.0,261.0,15448084246,4443501,439,271.0,260.0
783,2013-02-24,255.0,257.0,251.0,252.0,478092470325,142599669,3056,261.0,253.0
784,2013-02-25,255.0,259.0,246.0,250.0,18347113643,5506909,485,252.0,253.0
785,2013-02-26,255.0,260.0,255.0,260.0,19988761579,5778418,412,250.0,260.0
786,2013-02-27,268.0,270.0,261.0,268.0,23401767797,6565656,529,260.0,261.0
787,2013-03-02,268.0,268.0,257.0,260.0,18180494973,5243684,418,268.0,257.0
788,2013-03-03,259.0,259.0,250.0,253.0,5540019240,1644755,288,260.0,255.0
789,2013-03-04,254.0,263.0,254.0,263.0,39091314199,11167570,676,253.0,263.0
790,2013-03-05,269.0,269.0,252.0,258.0,19378885876,5640035,466,263.0,253.0
791,2013-03-06,252.0,259.0,249.0,250.0,7409256282,2225554,247,258.0,249.0
792,2013-03-09,242.0,243.0,240.0,240.0,10844001532,3390807,284,250.0,240.0
793,2013-03-10,240.0,250.0,235.0,244.0,9244838933,2846230,265,240.0,241.0
794,2013-03-11,246.0,248.0,239.0,242.0,6472453697,2008080,154,244.0,246.0
795,2013-03-12,241.0,249.0,241.0,246.0,4657145426,1420711,166,242.0,249.0
796,2013-03-13,251.0,256.0,250.0,255.0,8950318211,2641805,251,246.0,256.0
797,2013-03-16,257.0,257.0,244.0,249.0,3289965413,999968,176,255.0,245.0
798,2013-03-17,254.0,254.0,242.0,246.0,8451998228,2577903,192,249.0,246.0
799,2013-03-18,250.0,256.0,247.0,253.0,6684460127,1982027,185,246.0,256.0
800,2013-03-25,263.0,263.0,263.0,260.0,2974125378,848054,35,253.0,263.0
801,2013-03-26,270.0,270.0,261.0,269.0,14498834197,4042882,337,260.0,267.0
802,2013-03-27,267.0,273.0,261.0,267.0,5399874031,1522033,230,269.0,267.0
803,2013-03-30,263.0,268.0,259.0,263.0,3135611087,902490,133,267.0,264.0
804,2013-03-31,261.0,270.0,261.0,267.0,5474467738,1538909,226,263.0,268.0
805,2013-04-03,270.0,278.0,267.0,276.0,11084451775,3014241,236,267.0,278.0
806,2013-04-06,280.0,287.0,276.0,284.0,26478895040,7014716,821,276.0,278.0
807,2013-04-07,278.0,278.0,272.0,273.0,23126353228,6376277,571,284.0,273.0
808,2013-04-08,271.0,283.0,271.0,279.0,12755235616,3435466,355,273.0,279.0
809,2013-04-09,280.0,286.0,279.0,281.0,3929534557,1050939,162,279.0,280.0
810,2013-04-10,280.0,281.0,274.0,278.0,12130277901,3276336,236,281.0,274.0
811,2013-04-13,278.0,278.0,271.0,276.0,6072060080,1655849,178,278.0,278.0
812,2013-04-15,278.0,286.0,278.0,285.0,9651399345,2545470,336,276.0,286.0
813,2013-04-16,286.0,295.0,282.0,291.0,12024038168,3103979,320,285.0,284.0
814,2013-04-17,293.0,293.0,280.0,285.0,5641935009,1489205,164,291.0,282.0
815,2013-04-20,292.0,293.0,280.0,284.0,7499851248,1986179,185,285.0,282.0
816,2013-04-21,282.0,295.0,282.0,289.0,13977043596,3639955,300,284.0,291.0
817,2013-04-22,295.0,300.0,295.0,299.0,24291968574,6097150,627,289.0,300.0
818,2013-04-23,301.0,311.0,301.0,310.0,22636110292,5492184,530,299.0,311.0
819,2013-04-24,319.0,319.0,301.0,308.0,12193182797,2970615,375,310.0,302.0
820,2013-04-27,308.0,308.0,296.0,301.0,9268252730,2314604,386,308.0,300.0
821,2013-04-28,299.0,303.0,289.0,293.0,17460824085,4481779,395,301.0,289.0
822,2013-04-29,296.0,304.0,295.0,304.0,17610012186,4355051,381,293.0,302.0
823,2013-04-30,302.0,302.0,292.0,293.0,17706833450,4540404,444,304.0,292.0
824,2013-05-01,293.0,305.0,293.0,304.0,31964878986,7888669,461,293.0,305.0
825,2013-05-04,308.0,317.0,301.0,309.0,11775782753,2859064,432,304.0,303.0
826,2013-05-05,303.0,308.0,297.0,298.0,12802735278,3232155,263,309.0,298.0
827,2013-05-06,304.0,304.0,287.0,290.0,8000213550,2069151,319,298.0,288.0
828,2013-05-07,299.0,299.0,279.0,280.0,8738049515,2340998,241,290.0,284.0
829,2013-05-08,282.0,286.0,275.0,280.0,2433169270,656277,101,280.0,278.0
830,2013-05-25,303.0,307.0,292.0,297.0,26245051818,6632321,611,280.0,298.0
831,2013-05-26,302.0,302.0,296.0,299.0,17063495226,4283981,449,297.0,297.0
832,2013-05-27,295.0,297.0,291.0,294.0,11957417369,3057427,311,299.0,294.0
833,2013-05-28,294.0,303.0,292.0,296.0,9542458947,2422773,266,294.0,298.0
834,2013-05-29,300.0,300.0,294.0,297.0,14805125997,3744452,301,296.0,294.0
835,2013-06-01,293.0,295.0,285.0,288.0,12397846186,3236050,286,297.0,287.0
836,2013-06-02,289.0,296.0,288.0,290.0,2869966621,739974,170,288.0,289.0
837,2013-06-03,294.0,301.0,292.0,297.0,7358729340,1860422,249,290.0,297.0
838,2013-06-08,297.0,297.0,287.0,294.0,2897610121,747728,84,297.0,290.0
839,2013-06-09,287.0,287.0,282.0,284.0,5761535994,1522150,215,294.0,283.0
840,2013-06-10,280.0,295.0,280.0,293.0,5778403812,1483403,181,284.0,288.0
841,2013-06-11,289.0,297.0,289.0,292.0,1702511911,437764,115,293.0,292.0
842,2013-06-12,297.0,299.0,289.0,296.0,7488746001,1900663,206,292.0,294.0
843,2013-06-15,308.0,308.0,308.0,308.0,5199125776,1269008,74,296.0,308.0
844,2013-06-16,320.0,320.0,320.0,320.0,16621386656,3905401,132,308.0,320.0
845,2013-06-17,322.0,333.0,320.0,330.0,97390871673,22149241,1238,320.0,333.0
846,2013-06-18,338.0,344.0,331.0,342.0,37445004397,8221348,432,330.0,344.0
847,2013-06-19,338.0,352.0,337.0,339.0,24134454658,5354590,921,342.0,352.0
848,2013-06-22,352.0,352.0,338.0,346.0,36003798171,7815278,446,339.0,346.0
849,2013-06-23,342.0,350.0,342.0,344.0,24443298852,5337843,288,346.0,343.0
850,2013-06-25,338.0,355.0,332.0,349.0,191752187700,41265811,497,344.0,353.0
851,2013-07-02,395.0,396.0,379.0,388.0,41872935264,9089827,744,349.0,396.0
852,2013-07-03,400.0,403.0,397.0,403.0,6952697304,1453451,125,388.0,403.0
853,2013-07-06,419.0,419.0,419.0,419.0,51398710025,10331399,238,403.0,419.0
854,2013-07-07,434.0,436.0,409.0,428.0,38870154879,7641877,702,419.0,421.0
855,2013-07-08,419.0,427.0,411.0,420.0,6526160874,1308766,261,428.0,413.0
856,2013-07-09,419.0,421.0,404.0,412.0,6340408822,1295997,272,420.0,407.0
857,2013-07-10,407.0,425.0,400.0,417.0,11113791151,2245718,366,412.0,400.0
858,2013-07-13,420.0,420.0,400.0,401.0,9743362026,2047158,216,417.0,400.0
859,2013-07-14,402.0,412.0,388.0,397.0,7586300253,1606778,249,401.0,391.0
860,2013-07-15,393.0,409.0,382.0,389.0,10216312256,2209044,341,397.0,384.0
861,2013-07-16,400.0,400.0,374.0,377.0,13668972400,3055199,362,389.0,378.0
862,2013-07-17,375.0,392.0,375.0,391.0,17116530470,3682277,363,377.0,392.0
863,2013-07-20,404.0,407.0,402.0,407.0,26190274417,5421244,468,391.0,407.0
864,2013-07-21,423.0,423.0,407.0,415.0,9148562000,1857322,401,407.0,411.0
865,2013-07-27,413.0,416.0,408.0,413.0,19504039812,3971637,208,415.0,409.0
866,2013-07-28,409.0,420.0,402.0,413.0,16747736023,3416255,345,413.0,409.0
867,2013-07-29,413.0,429.0,405.0,428.0,23984258147,4716930,394,413.0,429.0
868,2013-07-31,445.0,445.0,438.0,445.0,40787772106,7713726,331,428.0,445.0
869,2013-08-03,463.0,463.0,445.0,462.0,84744231092,15454134,958,445.0,463.0
870,2013-08-04,465.0,480.0,449.0,479.0,55076778750,9681957,934,462.0,480.0
871,2013-08-05,484.0,497.0,460.0,471.0,72511154734,12963585,1222,479.0,471.0
872,2013-08-06,467.0,488.0,457.0,470.0,27795823791,4980434,622,471.0,465.0
873,2013-08-07,471.0,489.0,468.0,488.0,39995486186,6896234,564,470.0,489.0
874,2013-08-11,501.0,505.0,488.0,494.0,17857215278,3041835,420,488.0,495.0
875,2013-08-12,494.0,497.0,480.0,487.0,26144672337,4518911,569,494.0,482.0
876,2013-08-13,476.0,484.0,468.0,472.0,32677064959,5834045,727,487.0,468.0
877,2013-08-14,478.0,486.0,463.0,476.0,9816161704,1737988,325,472.0,475.0
878,2013-08-17,494.0,494.0,494.0,481.0,2375258501,404437,49,476.0,494.0
879,2013-08-18,501.0,501.0,482.0,500.0,93549960211,15742211,989,481.0,501.0
880,2013-08-19,503.0,518.0,503.0,513.0,44067045672,7233859,1006,500.0,507.0
881,2013-08-20,513.0,513.0,492.0,493.0,24859890906,4242321,542,513.0,494.0
882,2013-08-21,486.0,505.0,486.0,498.0,22997479135,3888324,420,493.0,500.0
883,2013-08-24,505.0,518.0,502.0,516.0,28858765785,4709547,525,498.0,518.0
884,2013-08-25,537.0,537.0,502.0,527.0,48612441744,7763862,830,516.0,512.0
885,2013-08-26,512.0,521.0,506.0,511.0,23483027727,3869236,406,527.0,514.0
886,2013-08-27,514.0,531.0,491.0,517.0,34932976927,5686987,675,511.0,491.0
887,2013-08-28,497.0,497.0,497.0,515.0,928781652,157474,42,517.0,497.0
888,2013-08-31,498.0,505.0,494.0,499.0,9321342990,1572598,193,515.0,494.0
889,2013-09-01,492.0,514.0,492.0,501.0,21240964090,3570611,425,499.0,494.0
890,2013-09-03,503.0,503.0,481.0,482.0,36552108391,6382351,403,501.0,483.0
891,2013-09-04,463.0,463.0,463.0,479.0,993538082,180709,25,482.0,463.0
892,2013-09-07,460.0,461.0,460.0,460.0,9405278664,1720018,127,479.0,460.0
893,2013-09-08,446.0,479.0,442.0,450.0,8108906977,1515576,198,460.0,455.0
894,2013-09-09,463.0,463.0,445.0,454.0,4119831393,759167,109,450.0,463.0
895,2013-09-10,472.0,472.0,472.0,464.0,4093056000,729600,38,454.0,472.0
896,2013-09-11,483.0,483.0,473.0,482.0,15394392421,2688275,261,464.0,483.0
897,2013-09-14,471.0,480.0,463.0,477.0,2972079531,532765,159,482.0,477.0
898,2013-09-15,492.0,492.0,468.0,477.0,2192230949,386945,115,477.0,474.0
899,2013-09-16,470.0,485.0,462.0,472.0,5039925963,902650,125,477.0,467.0
900,2013-09-17,486.0,491.0,484.0,490.0,9666130442,1659536,211,472.0,491.0
901,2013-09-18,510.0,510.0,505.0,510.0,9907334983,1635465,218,490.0,510.0
902,2013-09-21,530.0,530.0,510.0,526.0,18030251198,2886313,467,510.0,524.0
903,2013-09-22,522.0,522.0,505.0,513.0,7257169192,1192987,301,526.0,505.0
904,2013-09-23,514.0,530.0,509.0,520.0,24180683964,3912931,528,513.0,514.0
905,2013-09-24,530.0,530.0,500.0,510.0,4820473378,805949,227,520.0,505.0
906,2013-09-25,509.0,509.0,496.0,506.0,4222947327,706269,170,510.0,504.0
907,2013-09-28,527.0,527.0,518.0,525.0,17981800489,2882570,210,506.0,527.0
908,2013-09-29,530.0,530.0,506.0,518.0,23119571691,3754933,288,525.0,508.0
909,2013-09-30,521.0,521.0,505.0,512.0,13217012521,2172270,223,518.0,519.0
910,2013-10-01,519.0,522.0,505.0,515.0,26071861537,4260176,234,512.0,514.0
911,2013-10-02,522.0,522.0,509.0,516.0,10089180736,1646385,159,515.0,517.0
912,2013-10-05,514.0,537.0,514.0,535.0,42278746578,6650274,544,516.0,535.0
913,2013-10-06,539.0,539.0,524.0,531.0,11505787115,1825462,281,535.0,529.0
914,2013-10-07,531.0,531.0,518.0,524.0,6003454572,969212,166,531.0,520.0
915,2013-10-08,518.0,529.0,518.0,525.0,6348118815,1017718,239,524.0,528.0
916,2013-10-09,525.0,543.0,505.0,519.0,20200907486,3278526,483,525.0,517.0
917,2013-10-12,506.0,526.0,506.0,520.0,32966168626,5338834,384,519.0,524.0
918,2013-10-13,529.0,529.0,510.0,519.0,26044599835,4227835,284,520.0,510.0
919,2013-10-14,517.0,524.0,506.0,516.0,18967255026,3094104,215,519.0,511.0
920,2013-10-15,522.0,522.0,507.0,511.0,19544960542,3220023,392,516.0,509.0
921,2013-10-19,519.0,521.0,509.0,515.0,18330779767,2998735,429,511.0,521.0
922,2013-10-20,509.0,519.0,509.0,511.0,9549098256,1572732,214,515.0,509.0
923,2013-10-21,506.0,518.0,506.0,511.0,5253898379,866889,181,511.0,507.0
924,2013-10-22,506.0,514.0,490.0,502.0,9779807393,1640504,216,511.0,493.0
925,2013-10-23,522.0,522.0,514.0,522.0,17660006636,2850668,284,502.0,522.0
926,2013-10-26,542.0,542.0,535.0,542.0,30257488739,4700295,685,522.0,542.0
927,2013-10-27,539.0,539.0,520.0,532.0,4868367157,780628,201,542.0,520.0
928,2013-10-28,513.0,525.0,511.0,524.0,4054870266,661025,157,532.0,519.0
929,2013-10-29,529.0,543.0,520.0,531.0,11802593074,1870168,271,524.0,539.0
930,2013-10-30,543.0,553.0,532.0,549.0,41365446800,6342264,600,531.0,541.0
931,2013-11-02,543.0,551.0,532.0,540.0,10422084305,1626045,228,549.0,532.0
932,2013-11-03,530.0,560.0,530.0,544.0,8417921450,1303366,255,540.0,541.0
933,2013-11-04,547.0,566.0,531.0,558.0,15185534548,2291485,449,544.0,551.0
934,2013-11-05,556.0,580.0,556.0,571.0,24081596705,3548622,400,558.0,576.0
935,2013-11-06,583.0,583.0,560.0,570.0,13230357157,1954518,250,571.0,564.0
936,2013-11-18,593.0,593.0,547.0,574.0,53593564346,7856492,403,570.0,573.0
937,2013-11-19,581.0,581.0,557.0,571.0,10205649378,1505441,220,574.0,569.0
938,2013-11-20,557.0,568.0,552.0,559.0,11919397746,1793953,261,571.0,560.0
939,2013-11-23,560.0,576.0,554.0,560.0,9203958376,1384933,268,559.0,556.0
940,2013-11-24,581.0,582.0,573.0,581.0,22611298429,3274049,204,560.0,582.0
941,2013-11-25,605.0,605.0,589.0,604.0,40421612619,5635288,583,581.0,589.0
942,2013-11-26,606.0,606.0,580.0,586.0,8831107349,1270742,231,604.0,584.0
943,2013-11-27,588.0,588.0,562.0,566.0,27208925073,4048497,399,586.0,562.0
944,2013-11-30,581.0,588.0,556.0,582.0,7044059261,1010216,124,566.0,588.0
945,2013-12-01,605.0,605.0,573.0,592.0,7170851273,1014998,246,582.0,575.0
946,2013-12-02,569.0,589.0,569.0,577.0,10171652079,1483618,186,592.0,576.0
947,2013-12-03,578.0,593.0,561.0,585.0,12315272837,1771395,261,577.0,570.0
948,2013-12-04,592.0,592.0,571.0,582.0,2849314741,416834,108,585.0,580.0
949,2013-12-07,577.0,577.0,570.0,577.0,4394856872,646848,159,582.0,572.0
950,2013-12-08,565.0,589.0,565.0,577.0,4836916912,705791,163,577.0,577.0
951,2013-12-09,579.0,584.0,573.0,576.0,3471581767,508106,165,577.0,577.0
952,2013-12-10,582.0,582.0,566.0,574.0,10683978791,1567569,232,576.0,576.0
953,2013-12-11,574.0,597.0,574.0,595.0,17410277240,2462604,226,574.0,597.0
954,2013-12-14,589.0,619.0,583.0,616.0,43415761190,5935273,539,595.0,619.0
955,2013-12-15,639.0,640.0,618.0,640.0,27972785371,3679217,218,616.0,640.0
956,2013-12-16,666.0,666.0,645.0,665.0,87629442347,11092653,896,640.0,666.0
957,2013-12-17,673.0,673.0,640.0,647.0,9654866821,1257069,269,665.0,644.0
958,2013-12-18,648.0,671.0,627.0,649.0,10153872684,1316976,209,647.0,648.0
959,2013-12-21,669.0,669.0,632.0,651.0,11901243458,1538608,213,649.0,648.0
960,2013-12-22,653.0,653.0,633.0,650.0,3081267603,400981,111,651.0,649.0
961,2013-12-24,657.0,669.0,648.0,661.0,14817252622,1887590,189,650.0,663.0
962,2013-12-25,663.0,665.0,648.0,657.0,5772230187,743492,133,661.0,649.0
963,2013-12-28,654.0,669.0,648.0,659.0,16387457891,2092448,274,657.0,666.0
964,2013-12-29,663.0,665.0,651.0,659.0,8846162151,1130513,166,659.0,657.0
965,2013-12-30,665.0,665.0,655.0,658.0,17930234121,2294251,208,659.0,665.0
966,2014-01-01,659.0,684.0,659.0,683.0,59104621997,7289621,593,658.0,684.0
967,2014-01-04,707.0,707.0,682.0,693.0,10937730892,1329525,211,683.0,690.0
968,2014-01-05,692.0,720.0,683.0,713.0,29048419435,3428304,468,693.0,720.0
969,2014-01-06,741.0,741.0,716.0,728.0,13635520864,1576494,208,713.0,722.0
970,2014-01-07,724.0,732.0,720.0,723.0,35328686624,4115721,316,728.0,724.0
971,2014-01-08,720.0,752.0,720.0,743.0,12805598225,1450175,291,723.0,752.0
972,2014-01-11,743.0,763.0,743.0,754.0,15412084215,1720288,246,743.0,749.0
973,2014-01-12,762.0,762.0,724.0,748.0,2332213315,270384,47,754.0,724.0
974,2014-01-13,728.0,778.0,728.0,764.0,20412764510,2248491,269,748.0,758.0
975,2014-01-14,766.0,766.0,734.0,745.0,10406347950,1179128,219,764.0,734.0
976,2014-01-15,720.0,720.0,715.0,743.0,622152246,73221,31,745.0,715.0
977,2014-01-18,714.0,714.0,714.0,743.0,210187848,24798,7,743.0,714.0
978,2014-01-20,713.0,713.0,713.0,742.0,144159400,17020,7,743.0,713.0
979,2014-01-21,713.0,713.0,713.0,742.0,18639930,2202,4,742.0,713.0
980,2014-01-22,713.0,713.0,713.0,742.0,79138400,9350,5,742.0,713.0
981,2014-01-25,712.0,712.0,712.0,741.0,221923569,26229,7,742.0,712.0
982,2014-01-26,712.0,712.0,712.0,741.0,1606260,190,1,741.0,712.0
983,2014-01-27,712.0,712.0,712.0,741.0,11607342,1373,1,741.0,712.0
984,2014-01-28,712.0,712.0,712.0,741.0,111406812,13178,8,741.0,712.0
985,2014-01-29,711.0,711.0,711.0,741.0,6084000,720,2,741.0,711.0
986,2014-02-01,711.0,711.0,711.0,741.0,52280150,6187,5,741.0,711.0
987,2014-02-03,711.0,711.0,711.0,741.0,1013760,120,1,741.0,711.0
988,2014-02-04,711.0,711.0,711.0,739.0,557356800,65975,28,741.0,711.0
989,2014-02-05,710.0,710.0,710.0,739.0,15302265,1815,2,739.0,710.0
990,2014-02-08,710.0,710.0,710.0,739.0,1686200,200,1,739.0,710.0
991,2014-02-15,710.0,710.0,710.0,739.0,31515078,3738,4,739.0,710.0
992,2014-02-16,710.0,710.0,710.0,739.0,9736650,1155,3,739.0,710.0
993,2014-02-17,710.0,710.0,710.0,739.0,23696730,2811,7,739.0,710.0
994,2014-02-18,710.0,710.0,710.0,739.0,3371600,400,2,739.0,710.0
995,2014-02-19,710.0,710.0,710.0,739.0,7586100,900,1,739.0,710.0
996,2014-02-22,710.0,710.0,710.0,739.0,55243666,6554,3,739.0,710.0
997,2014-02-23,710.0,710.0,710.0,739.0,4441029,527,3,739.0,710.0
998,2014-02-24,710.0,710.0,710.0,739.0,107907735,12805,4,739.0,710.0
999,2014-03-01,709.0,709.0,709.0,739.0,5896800,700,2,739.0,709.0
1000,2014-03-04,709.0,709.0,709.0,739.0,7581600,900,2,739.0,709.0
1001,2014-03-05,709.0,709.0,709.0,739.0,5214456,619,3,739.0,709.0
1002,2014-03-09,709.0,709.0,709.0,739.0,1179360,140,1,739.0,709.0
1003,2014-03-12,709.0,709.0,709.0,739.0,10016136,1189,2,739.0,709.0
1004,2014-03-15,709.0,709.0,709.0,739.0,7118280,845,2,739.0,709.0
1005,2014-03-16,680.0,680.0,653.0,653.0,34369130,4430,10,739.0,653.0
1006,2014-03-17,627.0,627.0,627.0,653.0,9310000,1250,3,653.0,627.0
1007,2014-03-18,627.0,627.0,627.0,653.0,40748008,5471,3,653.0,627.0
1008,2014-03-19,627.0,627.0,627.0,653.0,744700,100,1,653.0,627.0
1009,2014-03-25,627.0,627.0,627.0,653.0,4996937,671,1,653.0,627.0
1010,2014-03-26,627.0,627.0,627.0,653.0,32766800,4400,2,653.0,627.0
1011,2014-03-29,627.0,627.0,627.0,653.0,7446000,1000,1,653.0,627.0
1012,2014-03-30,627.0,627.0,627.0,653.0,44668554,5999,4,653.0,627.0
1013,2014-03-31,627.0,627.0,627.0,653.0,4519115,607,3,653.0,627.0
1014,2014-04-05,601.0,601.0,577.0,579.0,11489458444,1669834,280,653.0,577.0
1015,2014-04-06,556.0,573.0,556.0,557.0,16334231014,2468213,238,579.0,556.0
1016,2014-04-07,535.0,549.0,535.0,536.0,34847180542,5468728,611,557.0,539.0
1017,2014-04-08,546.0,558.0,536.0,551.0,18772490258,2867014,434,536.0,537.0
1018,2014-04-09,547.0,547.0,529.0,532.0,8220665425,1301932,286,551.0,529.0
1019,2014-04-12,530.0,530.0,510.0,528.0,1641034601,267760,109,532.0,510.0
1020,2014-04-13,507.0,507.0,507.0,524.0,1671106050,277362,30,528.0,507.0
1021,2014-04-14,503.0,503.0,503.0,518.0,2345348825,392527,50,524.0,503.0
1022,2014-04-15,497.0,505.0,497.0,498.0,16739594726,2831665,246,518.0,497.0
1023,2014-04-16,487.0,513.0,486.0,500.0,6669818178,1122416,202,498.0,487.0
1024,2014-04-19,481.0,485.0,480.0,480.0,17440541844,3059052,190,500.0,485.0
1025,2014-04-20,488.0,499.0,487.0,487.0,4228385486,721911,172,480.0,493.0
1026,2014-04-21,488.0,499.0,488.0,489.0,1706598165,291462,87,487.0,495.0
1027,2014-04-22,490.0,494.0,472.0,485.0,5511801290,959871,256,489.0,484.0
1028,2014-04-23,473.0,492.0,465.0,485.0,2417675039,420194,139,485.0,489.0
1029,2014-04-26,498.0,504.0,497.0,503.0,8304755977,1388974,108,485.0,504.0
1030,2014-04-28,524.0,524.0,507.0,520.0,14114461068,2285908,290,503.0,514.0
1031,2014-04-29,512.0,518.0,499.0,513.0,2990998977,501069,146,520.0,499.0
1032,2014-04-30,493.0,503.0,493.0,500.0,4913690146,839503,111,513.0,493.0
1033,2014-05-03,493.0,505.0,480.0,489.0,4646065392,810567,153,500.0,480.0
1034,2014-05-04,472.0,490.0,470.0,475.0,5329173332,953795,175,489.0,470.0
1035,2014-05-05,468.0,494.0,468.0,491.0,16253016499,2786315,211,475.0,494.0
1036,2014-05-06,501.0,511.0,488.0,506.0,9964237787,1659177,249,491.0,505.0
1037,2014-05-07,505.0,514.0,505.0,508.0,6265139442,1037208,123,506.0,509.0
1038,2014-05-10,509.0,522.0,498.0,510.0,5603177462,923733,110,508.0,513.0
1039,2014-05-11,506.0,522.0,505.0,511.0,2309289663,378184,82,510.0,515.0
1040,2014-05-12,497.0,519.0,497.0,511.0,657351994,109495,41,511.0,506.0
1041,2014-05-14,501.0,511.0,501.0,509.0,2814228642,469300,70,511.0,506.0
1042,2014-05-17,489.0,505.0,489.0,507.0,1106976905,188133,37,509.0,501.0
1043,2014-05-18,496.0,511.0,488.0,505.0,910354019,154819,50,507.0,503.0
1044,2014-05-19,496.0,501.0,485.0,500.0,2374323534,408955,83,505.0,485.0
1045,2014-05-20,482.0,512.0,482.0,499.0,6687379883,1128750,129,500.0,491.0
1046,2014-05-21,496.0,503.0,484.0,496.0,2422162116,417207,66,499.0,486.0
1047,2014-05-24,487.0,494.0,478.0,493.0,2064680230,358473,92,496.0,478.0
1048,2014-05-25,474.0,486.0,473.0,479.0,5297242162,941630,125,493.0,477.0
1049,2014-05-26,474.0,477.0,465.0,475.0,3377488059,603994,110,479.0,472.0
1050,2014-05-28,466.0,475.0,456.0,471.0,2560906812,465891,141,475.0,459.0
1051,2014-05-31,471.0,471.0,452.0,466.0,2005964438,371917,126,471.0,452.0
1052,2014-06-01,448.0,452.0,447.0,464.0,848711073,159317,99,466.0,449.0
1053,2014-06-02,463.0,469.0,453.0,463.0,1618113038,294955,82,464.0,466.0
1054,2014-06-03,470.0,479.0,465.0,467.0,1912902556,338516,57,463.0,477.0
1055,2014-06-07,476.0,476.0,455.0,466.0,488497635,89708,40,467.0,455.0
1056,2014-06-08,471.0,471.0,451.0,466.0,255917997,46899,30,466.0,457.0
1057,2014-06-09,469.0,469.0,447.0,460.0,2764936814,517102,118,466.0,448.0
1058,2014-06-10,454.0,457.0,441.0,457.0,1832871966,342423,47,460.0,457.0
1059,2014-06-11,465.0,465.0,445.0,457.0,302242140,56807,41,457.0,446.0
1060,2014-06-14,439.0,439.0,439.0,451.0,2097626290,402668,68,457.0,439.0
1061,2014-06-15,433.0,444.0,433.0,450.0,735114617,141971,51,451.0,438.0
1062,2014-06-16,432.0,454.0,432.0,450.0,3142043494,588415,69,450.0,435.0
1063,2014-06-17,438.0,467.0,436.0,452.0,4446519183,825627,143,450.0,467.0
1064,2014-07-01,452.0,460.0,452.0,456.0,749240238,160970,30,452.0,460.0
1065,2014-07-02,456.0,474.0,456.0,466.0,7027484004,1474523,122,456.0,465.0
1066,2014-07-05,481.0,485.0,471.0,485.0,9729783478,1963780,100,466.0,485.0
1067,2014-07-06,494.0,494.0,466.0,480.0,1873201475,390474,46,485.0,468.0
1068,2014-07-07,469.0,479.0,469.0,480.0,529683822,109438,20,480.0,469.0
1069,2014-07-08,481.0,499.0,481.0,488.0,3656951244,722670,83,480.0,493.0
1070,2014-07-09,486.0,492.0,470.0,488.0,485828054,97946,36,488.0,488.0
1071,2014-07-12,469.0,489.0,469.0,487.0,749522917,152740,62,488.0,472.0
1072,2014-07-13,468.0,488.0,468.0,487.0,380627238,77588,53,487.0,487.0
1073,2014-07-14,467.0,485.0,467.0,479.0,2552510992,533871,120,487.0,467.0
1074,2014-07-15,479.0,480.0,460.0,473.0,4038858695,842446,87,479.0,465.0
1075,2014-07-16,474.0,475.0,467.0,472.0,2975282040,619362,60,473.0,473.0
1076,2014-07-20,460.0,479.0,460.0,470.0,1447312041,304131,42,472.0,465.0
1077,2014-07-21,462.0,475.0,460.0,469.0,1066903640,225638,37,470.0,470.0
1078,2014-07-22,470.0,484.0,466.0,473.0,8920841017,1845002,146,469.0,482.0
1079,2014-07-23,485.0,485.0,476.0,476.0,3219682809,657529,76,473.0,478.0
1080,2014-07-26,470.0,480.0,470.0,474.0,2119720945,441297,37,476.0,480.0
1081,2014-07-27,472.0,479.0,470.0,474.0,1095171533,226765,36,474.0,470.0
1082,2014-07-28,474.0,478.0,474.0,475.0,2635948504,542641,23,474.0,477.0
1083,2014-08-02,480.0,480.0,471.0,474.0,1081432863,223875,22,475.0,477.0
1084,2014-08-03,469.0,474.0,469.0,474.0,1464867314,304217,35,474.0,474.0
1085,2014-08-04,474.0,475.0,467.0,473.0,1013843242,210331,31,474.0,474.0
1086,2014-08-05,470.0,474.0,462.0,473.0,148264295,31066,20,473.0,474.0
1087,2014-08-06,470.0,474.0,454.0,466.0,3006812833,640928,91,473.0,470.0
1088,2014-08-09,472.0,485.0,472.0,484.0,18232479956,3685355,347,466.0,485.0
1089,2014-08-10,500.0,503.0,484.0,503.0,15432047985,3004283,285,484.0,503.0
1090,2014-08-11,523.0,523.0,517.0,523.0,20976228992,3927626,349,503.0,523.0
1091,2014-08-12,538.0,540.0,509.0,527.0,10566576482,1962098,281,523.0,514.0
1092,2014-08-13,509.0,521.0,506.0,511.0,5891167256,1133983,167,527.0,511.0
1093,2014-08-16,505.0,516.0,492.0,507.0,2198136039,429979,97,511.0,502.0
1094,2014-08-17,509.0,528.0,509.0,518.0,5691090671,1071214,197,507.0,518.0
1095,2014-08-18,519.0,524.0,509.0,517.0,687428267,130958,45,518.0,509.0
1096,2014-08-19,517.0,518.0,505.0,516.0,1542191528,295444,85,517.0,506.0
1097,2014-08-20,514.0,514.0,501.0,515.0,676454580,131635,32,516.0,509.0
1098,2014-08-23,502.0,507.0,494.0,513.0,508763446,100011,51,515.0,499.0
1099,2014-08-24,508.0,510.0,493.0,508.0,2186412153,431385,93,513.0,493.0
1100,2014-08-25,489.0,507.0,489.0,503.0,3260888673,639680,94,508.0,496.0
1101,2014-08-26,507.0,508.0,492.0,502.0,2692764877,527139,69,503.0,493.0
1102,2014-08-27,503.0,503.0,484.0,499.0,1506274739,300972,83,502.0,489.0
1103,2014-08-30,486.0,486.0,479.0,495.0,1162994450,237370,72,499.0,479.0
1104,2014-08-31,479.0,489.0,476.0,490.0,1897914581,389732,105,495.0,476.0
1105,2014-09-01,470.0,486.0,470.0,488.0,889353596,182495,64,490.0,474.0
1106,2014-09-02,482.0,482.0,476.0,487.0,683594355,140093,39,488.0,481.0
1107,2014-09-03,479.0,487.0,478.0,486.0,1319007946,266104,73,487.0,485.0
1108,2014-09-06,488.0,488.0,470.0,483.0,1940598371,398442,61,486.0,470.0
1109,2014-09-07,482.0,482.0,465.0,478.0,2119123283,443007,73,483.0,473.0
1110,2014-09-08,474.0,484.0,466.0,478.0,826039594,170613,49,478.0,484.0
1111,2014-09-09,471.0,483.0,470.0,477.0,3113073628,638686,46,478.0,481.0
1112,2014-09-10,477.0,489.0,458.0,475.0,1881763737,392272,84,477.0,489.0
1113,2014-09-13,470.0,489.0,470.0,477.0,1524789377,309875,63,475.0,475.0
1114,2014-09-14,483.0,487.0,478.0,478.0,2655500788,542149,63,477.0,483.0
1115,2014-09-15,481.0,487.0,478.0,483.0,7189004658,1457649,68,478.0,484.0
1116,2014-09-16,488.0,488.0,478.0,483.0,2256268201,457692,29,483.0,485.0
1117,2014-09-17,480.0,488.0,479.0,483.0,1057254419,213067,44,483.0,488.0
1118,2014-09-20,488.0,496.0,479.0,484.0,905465727,179935,54,483.0,496.0
1119,2014-09-21,484.0,504.0,484.0,494.0,3807533492,742712,136,484.0,504.0
1120,2014-09-22,498.0,508.0,490.0,495.0,527583786,102932,39,494.0,505.0
1121,2014-09-23,501.0,508.0,497.0,495.0,353444914,69076,29,495.0,499.0
1122,2014-09-24,490.0,514.0,490.0,499.0,2434569263,470564,80,495.0,509.0
1123,2014-09-27,499.0,511.0,499.0,500.0,651258489,125707,47,499.0,509.0
1124,2014-09-28,504.0,513.0,504.0,501.0,587503676,112850,37,500.0,506.0
1125,2014-09-29,513.0,513.0,504.0,501.0,428527244,81984,27,501.0,512.0
1126,2014-09-30,505.0,513.0,504.0,502.0,765012505,146856,38,501.0,508.0
1127,2014-10-01,499.0,509.0,499.0,503.0,1518195570,294050,49,502.0,509.0
1128,2014-10-04,493.0,510.0,493.0,503.0,252265450,48637,22,503.0,509.0
1129,2014-10-06,504.0,513.0,499.0,503.0,3766131515,733626,63,503.0,499.0
1130,2014-10-07,498.0,509.0,498.0,503.0,1394555247,270726,48,503.0,507.0
1131,2014-10-08,500.0,509.0,498.0,503.0,1023430358,198282,46,503.0,508.0
1132,2014-10-11,499.0,507.0,496.0,503.0,795608746,154418,42,503.0,506.0
1133,2014-10-12,496.0,505.0,496.0,504.0,528412480,102474,17,503.0,505.0
1134,2014-10-14,505.0,505.0,498.0,504.0,910945523,176754,32,504.0,505.0
1135,2014-10-15,499.0,507.0,499.0,504.0,621875201,120277,33,504.0,507.0
1136,2014-10-18,506.0,514.0,504.0,505.0,1984141357,381700,61,504.0,513.0
1137,2014-10-19,514.0,524.0,514.0,508.0,1239973622,233442,59,505.0,523.0
1138,2014-10-20,524.0,528.0,524.0,528.0,32434725750,6009971,275,508.0,528.0
1139,2014-10-21,524.0,549.0,524.0,549.0,10765318055,1919983,208,528.0,547.0
1140,2014-10-22,535.0,557.0,535.0,549.0,3321065023,592790,96,549.0,550.0
1141,2014-10-25,570.0,570.0,556.0,570.0,76216396827,13090671,366,549.0,570.0
1142,2014-10-26,590.0,592.0,577.0,591.0,40443534372,6698331,401,570.0,584.0
1143,2014-10-27,587.0,587.0,567.0,576.0,5973433993,1021661,229,591.0,567.0
1144,2014-10-28,567.0,588.0,556.0,582.0,22580604855,3800177,276,576.0,577.0
1145,2014-10-29,577.0,605.0,577.0,603.0,14132124761,2294603,285,582.0,605.0
1146,2014-11-01,614.0,627.0,607.0,626.0,71363559298,11156945,174,603.0,611.0
1147,2014-11-02,626.0,626.0,604.0,617.0,4510869757,724053,125,626.0,609.0
1148,2014-11-05,594.0,641.0,594.0,622.0,6521522089,1023972,134,617.0,625.0
1149,2014-11-08,622.0,622.0,598.0,614.0,3323286317,538561,95,622.0,599.0
1150,2014-11-09,610.0,616.0,598.0,612.0,2659329270,429678,119,614.0,602.0
1151,2014-11-10,597.0,611.0,597.0,610.0,4612654493,742058,110,612.0,607.0
1152,2014-11-11,609.0,609.0,595.0,607.0,2336894455,380946,67,610.0,595.0
1153,2014-11-12,589.0,605.0,583.0,601.0,2703746112,449064,141,607.0,605.0
1154,2014-11-15,592.0,592.0,577.0,591.0,6241750545,1038472,123,601.0,577.0
1155,2014-11-16,587.0,606.0,582.0,591.0,4598635834,762350,83,591.0,594.0
1156,2014-11-17,597.0,605.0,591.0,592.0,1906204197,311850,41,591.0,597.0
1157,2014-11-18,588.0,596.0,577.0,591.0,1802371705,301630,61,592.0,596.0
1158,2014-11-19,582.0,597.0,578.0,591.0,1797425468,297179,61,591.0,593.0
1159,2014-11-22,582.0,599.0,580.0,591.0,1474098921,244386,40,591.0,582.0
1160,2014-11-23,578.0,607.0,577.0,596.0,7573669056,1242616,79,591.0,597.0
1161,2014-11-24,602.0,612.0,597.0,607.0,38176132129,6156073,321,596.0,600.0
1162,2014-11-25,583.0,595.0,583.0,597.0,3172756722,532813,64,607.0,583.0
1163,2014-11-26,582.0,592.0,574.0,583.0,16613231809,2789501,150,597.0,582.0
1164,2014-11-29,573.0,597.0,573.0,582.0,2185014270,369682,61,583.0,577.0
1165,2014-11-30,577.0,577.0,558.0,567.0,6821477874,1181537,85,582.0,558.0
1166,2014-12-01,563.0,569.0,545.0,566.0,191819180,33722,15,567.0,550.0
1167,2014-12-02,551.0,567.0,546.0,563.0,1413494413,252290,37,566.0,548.0
1168,2014-12-03,545.0,548.0,540.0,556.0,2302116257,416235,62,563.0,540.0
1169,2014-12-06,540.0,540.0,534.0,556.0,97495644,17836,22,556.0,534.0
1170,2014-12-07,533.0,538.0,533.0,555.0,154817750,28322,23,556.0,538.0
1171,2014-12-08,533.0,567.0,533.0,557.0,1884225376,328061,50,555.0,563.0
1172,2014-12-09,577.0,579.0,540.0,557.0,104865718,18480,16,557.0,557.0
1173,2014-12-10,548.0,557.0,535.0,537.0,6600957581,1206732,122,557.0,535.0
1174,2014-12-14,516.0,539.0,515.0,534.0,1056374683,200415,39,537.0,515.0
1175,2014-12-15,512.0,513.0,512.0,533.0,216566675,41368,22,534.0,512.0
1176,2014-12-16,545.0,554.0,527.0,533.0,260800016,46875,17,533.0,527.0
1177,2014-12-17,538.0,546.0,521.0,534.0,382912632,69340,23,533.0,545.0
1178,2014-12-20,545.0,545.0,512.0,534.0,527741195,97242,38,534.0,512.0
1179,2014-12-22,513.0,546.0,513.0,534.0,479475006,86751,22,534.0,529.0
1180,2014-12-24,524.0,524.0,523.0,533.0,343808523,64336,26,534.0,523.0
1181,2014-12-27,523.0,523.0,519.0,533.0,2128000,400,2,533.0,519.0
1182,2014-12-28,514.0,545.0,514.0,534.0,301788082,54538,30,533.0,529.0
1183,2014-12-29,516.0,532.0,514.0,533.0,265902101,50440,36,534.0,514.0
1184,2014-12-30,512.0,518.0,512.0,533.0,74545005,14185,15,533.0,518.0
1185,2014-12-31,512.0,518.0,512.0,532.0,277573338,53076,32,533.0,512.0
1186,2015-01-03,532.0,532.0,511.0,530.0,677892385,129815,15,532.0,511.0
1187,2015-01-04,512.0,519.0,509.0,528.0,645504600,124100,20,530.0,509.0
1188,2015-01-05,507.0,507.0,507.0,526.0,648020000,125100,9,528.0,507.0
1189,2015-01-06,505.0,547.0,505.0,543.0,72299288554,13040891,84,526.0,525.0
1190,2015-01-07,525.0,558.0,521.0,547.0,13461597630,2407092,73,543.0,521.0
1191,2015-01-10,525.0,538.0,525.0,546.0,297671124,55306,22,547.0,525.0
1192,2015-01-11,525.0,525.0,525.0,546.0,65392000,12200,5,546.0,525.0
1193,2015-01-12,524.0,548.0,524.0,539.0,3476706825,639313,175,546.0,548.0
1194,2015-01-13,525.0,528.0,519.0,539.0,239064171,44773,38,539.0,519.0
1195,2015-01-14,519.0,519.0,517.0,538.0,331162045,62642,32,539.0,517.0
1196,2015-01-17,516.0,532.0,516.0,536.0,425572455,80627,44,538.0,516.0
1197,2015-01-18,515.0,515.0,515.0,536.0,38780940,7370,3,536.0,515.0
1198,2015-01-20,515.0,515.0,515.0,536.0,1089027,207,1,536.0,515.0
1199,2015-01-21,515.0,515.0,515.0,536.0,4992689,949,1,536.0,515.0
1200,2015-01-25,515.0,515.0,515.0,536.0,2141227,407,2,536.0,515.0
1201,2015-01-26,515.0,515.0,515.0,536.0,51978680,9880,2,536.0,515.0
1202,2015-01-28,515.0,515.0,515.0,536.0,19468818,3702,8,536.0,515.0
1203,2015-01-31,515.0,515.0,515.0,536.0,3680600,700,3,536.0,515.0
1204,2015-02-01,515.0,515.0,515.0,536.0,1051600,200,1,536.0,515.0
1205,2015-02-02,515.0,515.0,515.0,536.0,84632768,16096,2,536.0,515.0
1206,2015-02-03,514.0,514.0,514.0,536.0,1051200,200,1,536.0,514.0
1207,2015-02-04,514.0,514.0,514.0,514.0,6834902400,1300400,30,536.0,514.0
1208,2015-02-07,494.0,494.0,494.0,514.0,161835312,32072,6,514.0,494.0
1209,2015-02-08,493.0,493.0,493.0,514.0,22734910,4510,3,514.0,493.0
1210,2015-02-10,493.0,493.0,493.0,514.0,1008000,200,1,514.0,493.0
1211,2015-02-14,493.0,493.0,493.0,514.0,17388000,3450,3,514.0,493.0
1212,2015-02-15,493.0,493.0,493.0,514.0,3024000,600,1,514.0,493.0
1213,2015-02-16,493.0,493.0,493.0,514.0,2056320,408,2,514.0,493.0
1214,2015-02-17,493.0,493.0,493.0,514.0,2131920,423,2,514.0,493.0
1215,2015-02-25,493.0,493.0,493.0,514.0,1008000,200,1,514.0,493.0
1216,2015-02-28,493.0,493.0,493.0,513.0,102312000,20300,3,514.0,493.0
1217,2015-03-08,493.0,493.0,493.0,513.0,1007200,200,1,513.0,493.0
1218,2015-03-10,493.0,493.0,493.0,513.0,2195696,436,3,513.0,493.0
1219,2015-03-15,493.0,493.0,493.0,504.0,2520417280,500480,14,513.0,493.0
1220,2015-03-16,483.0,483.0,483.0,504.0,2025400,410,2,504.0,483.0
1221,2015-03-17,463.0,463.0,445.0,445.0,4736619135,1042144,32,504.0,445.0
1222,2015-03-18,427.0,445.0,427.0,433.0,7678661331,1735296,195,445.0,434.0
1223,2015-03-25,436.0,450.0,431.0,441.0,2703314108,591893,43,433.0,450.0
1224,2015-03-28,450.0,459.0,450.0,444.0,942943939,202920,47,441.0,459.0
1225,2015-03-29,461.0,461.0,461.0,456.0,3346426285,709895,78,444.0,461.0
1226,2015-03-30,440.0,451.0,440.0,452.0,1399301917,308158,49,456.0,451.0
1227,2015-03-31,440.0,455.0,435.0,449.0,1190443827,264455,30,452.0,446.0
1228,2015-04-04,467.0,467.0,467.0,467.0,4895737000,1025500,33,449.0,467.0
1229,2015-04-05,486.0,486.0,475.0,485.0,20789203956,4194860,253,467.0,486.0
1230,2015-04-06,499.0,499.0,466.0,484.0,4610243384,933414,109,485.0,470.0
1231,2015-04-07,465.0,465.0,464.0,479.0,1286318184,271136,31,484.0,464.0
1232,2015-04-08,460.0,464.0,459.0,469.0,2333643842,496946,85,479.0,459.0
1233,2015-04-11,451.0,451.0,451.0,467.0,758096934,164589,30,469.0,451.0
1234,2015-04-12,448.0,448.0,448.0,465.0,277910863,60719,8,467.0,448.0
1235,2015-04-13,447.0,447.0,447.0,465.0,146322036,32046,9,465.0,447.0
1236,2015-04-14,446.0,446.0,446.0,465.0,14455200,3170,5,465.0,446.0
1237,2015-04-15,446.0,446.0,446.0,465.0,1003200,220,1,465.0,446.0
1238,2015-04-18,446.0,446.0,446.0,465.0,1459200,320,2,465.0,446.0
1239,2015-04-19,446.0,446.0,446.0,464.0,67711440,14849,4,465.0,446.0
1240,2015-04-20,446.0,446.0,446.0,464.0,19048260,4180,2,464.0,446.0
1241,2015-04-21,446.0,446.0,446.0,464.0,30087824,6604,8,464.0,446.0
1242,2015-04-22,446.0,446.0,446.0,446.0,8881970795,1949767,112,464.0,446.0
1243,2015-04-25,450.0,450.0,428.0,444.0,410182005,93364,54,446.0,428.0
1244,2015-04-26,428.0,429.0,427.0,443.0,371367451,85041,32,444.0,427.0
1245,2015-04-27,425.0,425.0,425.0,436.0,1853877566,426571,41,443.0,425.0
1246,2015-04-28,435.0,435.0,418.0,432.0,1037421754,242438,41,436.0,418.0
1247,2015-04-29,418.0,418.0,415.0,419.0,3275142716,772968,60,432.0,415.0
1248,2015-05-03,415.0,415.0,402.0,419.0,57717777,13973,16,419.0,403.0
1249,2015-05-04,402.0,403.0,402.0,418.0,214310446,52132,30,419.0,402.0
1250,2015-05-05,401.0,401.0,401.0,416.0,538621314,131307,23,418.0,401.0
1251,2015-05-06,399.0,399.0,399.0,416.0,36512707,8947,4,416.0,399.0
1252,2015-05-09,399.0,399.0,399.0,416.0,2227680,546,2,416.0,399.0
1253,2015-05-10,399.0,399.0,399.0,416.0,2484720,609,1,416.0,399.0
1254,2015-05-11,399.0,399.0,399.0,416.0,52330080,12826,13,416.0,399.0
1255,2015-05-13,399.0,399.0,399.0,416.0,52965815,12985,6,416.0,399.0
1256,2015-05-17,399.0,399.0,399.0,415.0,24992010,6130,1,416.0,399.0
1257,2015-05-18,399.0,399.0,399.0,415.0,1019000,250,1,415.0,399.0
1258,2015-05-19,399.0,399.0,399.0,415.0,5168368,1268,4,415.0,399.0
1259,2015-05-20,399.0,399.0,399.0,415.0,1002696,246,1,415.0,399.0
1260,2015-05-23,395.0,395.0,395.0,415.0,3000552,744,3,415.0,395.0
1261,2015-05-25,395.0,395.0,395.0,415.0,2076995,515,2,415.0,395.0
1262,2015-05-26,395.0,395.0,395.0,415.0,1088910,270,1,415.0,395.0
1263,2015-05-27,395.0,395.0,395.0,415.0,12219990,3030,2,415.0,395.0
1264,2015-05-30,395.0,405.0,395.0,395.0,9082106652,2250406,185,415.0,395.0
1265,2015-05-31,394.0,394.0,376.0,394.0,4124627569,1024107,40,395.0,382.0
1266,2015-06-01,378.0,391.0,378.0,387.0,9921975508,2512096,61,394.0,379.0
1267,2015-06-02,376.0,387.0,375.0,386.0,6072163122,1537944,37,387.0,380.0
1268,2015-06-06,386.0,386.0,374.0,386.0,5971256200,1512882,24,386.0,374.0
1269,2015-06-07,385.0,385.0,368.0,385.0,6019045553,1528900,57,386.0,368.0
1270,2015-06-08,368.0,381.0,368.0,380.0,5997186695,1543500,47,385.0,368.0
1271,2015-06-09,367.0,367.0,361.0,379.0,187432215,50645,32,380.0,361.0
1272,2015-06-10,360.0,372.0,360.0,373.0,2896261199,765478,31,379.0,360.0
1273,2015-06-13,354.0,377.0,354.0,371.0,2917665119,769803,41,373.0,362.0
1274,2015-06-14,377.0,390.0,377.0,385.0,3238713567,814098,45,371.0,390.0
1275,2015-06-15,390.0,391.0,374.0,385.0,91384441,23182,16,385.0,391.0
1276,2015-06-16,391.0,401.0,379.0,393.0,4344720551,1083174,82,385.0,382.0
1277,2015-06-24,412.0,412.0,412.0,412.0,6052738336,1767739,74,393.0,412.0
1278,2015-06-27,433.0,433.0,430.0,433.0,16098000640,4477913,258,412.0,433.0
1279,2015-06-28,450.0,450.0,430.0,434.0,10067411023,2792417,175,433.0,436.0
1280,2015-06-29,439.0,439.0,424.0,433.0,726110581,202666,61,434.0,433.0
1281,2015-06-30,438.0,449.0,431.0,438.0,2961012375,812546,104,433.0,433.0
1282,2015-07-01,433.0,433.0,428.0,436.0,556288330,155504,55,438.0,429.0
1283,2015-07-04,423.0,444.0,423.0,435.0,3175736614,878459,161,436.0,427.0
1284,2015-07-05,424.0,433.0,415.0,431.0,1252029222,356768,64,435.0,416.0
1285,2015-07-06,428.0,428.0,416.0,429.0,556449546,158960,47,431.0,424.0
1286,2015-07-07,416.0,432.0,411.0,424.0,2817949402,802640,139,429.0,429.0
1287,2015-07-11,431.0,439.0,427.0,427.0,1073249862,297674,53,424.0,433.0
1288,2015-07-12,433.0,439.0,423.0,433.0,3615663119,1003707,71,427.0,433.0
1289,2015-07-13,442.0,455.0,431.0,447.0,3891987424,1047610,131,433.0,437.0
1290,2015-07-14,468.0,468.0,438.0,452.0,2337976371,618963,90,447.0,465.0
1291,2015-07-15,474.0,474.0,443.0,455.0,5067572471,1339198,182,452.0,450.0
1292,2015-07-20,446.0,460.0,446.0,455.0,137282150,36755,14,455.0,450.0
1293,2015-07-21,462.0,468.0,456.0,458.0,2219217202,579820,78,455.0,458.0
1294,2015-07-22,459.0,459.0,435.0,442.0,4867863056,1324140,137,458.0,435.0
1295,2015-07-25,435.0,447.0,421.0,437.0,2118483056,588886,127,442.0,445.0
1296,2015-07-26,445.0,451.0,430.0,438.0,238876156,64861,32,437.0,430.0
1297,2015-07-27,425.0,425.0,424.0,437.0,30153300,8550,5,438.0,424.0
1298,2015-07-28,424.0,436.0,424.0,437.0,76269939,21583,6,437.0,432.0
1299,2015-07-29,432.0,432.0,421.0,434.0,1151191379,325196,25,437.0,423.0
1300,2015-08-01,423.0,424.0,423.0,433.0,143008292,40654,13,434.0,424.0
1301,2015-08-02,425.0,425.0,424.0,433.0,134826000,38283,13,433.0,424.0
1302,2015-08-03,424.0,424.0,421.0,433.0,88016905,25158,23,433.0,421.0
1303,2015-08-04,423.0,423.0,420.0,433.0,36440197,10421,6,433.0,420.0
1304,2015-08-08,426.0,426.0,411.0,430.0,573831611,165424,44,433.0,412.0
1305,2015-08-09,412.0,421.0,412.0,430.0,141178673,40800,10,430.0,421.0
1306,2015-08-31,396.0,396.0,376.0,393.0,745895161,228307,9,430.0,376.0
1307,2015-09-01,374.0,374.0,374.0,393.0,18285664,5891,4,393.0,374.0
1308,2015-09-02,374.0,374.0,374.0,393.0,32342569,10423,5,393.0,374.0
1309,2015-09-05,373.0,373.0,373.0,393.0,16537633,5333,3,393.0,373.0
1310,2015-09-06,373.0,373.0,373.0,393.0,620000,200,1,393.0,373.0
1311,2015-09-07,373.0,373.0,373.0,392.0,156395000,50450,3,393.0,373.0
1312,2015-09-09,353.0,359.0,335.0,345.0,5694453721,1989141,206,392.0,352.0
1313,2015-09-12,353.0,353.0,338.0,345.0,204800772,71853,24,345.0,338.0
1314,2015-09-13,336.0,340.0,330.0,342.0,637817616,228969,42,345.0,330.0
1315,2015-09-14,337.0,359.0,337.0,346.0,1636398514,563849,59,342.0,343.0
1316,2015-09-15,343.0,343.0,332.0,345.0,268850735,97187,29,346.0,332.0
1317,2015-09-16,332.0,350.0,332.0,344.0,176517540,63512,30,345.0,333.0
1318,2015-09-19,332.0,332.0,332.0,343.0,284608440,103288,14,344.0,332.0
1319,2015-09-20,330.0,348.0,326.0,343.0,2950050763,1035606,66,343.0,326.0
1320,2015-09-21,326.0,326.0,326.0,339.0,643321257,237651,7,343.0,326.0
1321,2015-09-22,322.0,322.0,322.0,329.0,1730479725,646425,32,339.0,322.0
1322,2015-09-23,319.0,335.0,313.0,326.0,456815398,175025,29,329.0,315.0
1323,2015-09-26,326.0,326.0,310.0,322.0,681436943,263956,38,326.0,310.0
1324,2015-09-27,306.0,313.0,306.0,320.0,416186060,162755,42,322.0,306.0
1325,2015-09-28,306.0,309.0,304.0,318.0,331597400,130900,31,320.0,304.0
1326,2015-09-29,303.0,303.0,302.0,317.0,160606963,63977,25,318.0,302.0
1327,2015-09-30,307.0,308.0,303.0,317.0,7716138,3018,7,317.0,303.0
1328,2015-10-03,303.0,303.0,301.0,316.0,185793462,74222,13,317.0,301.0
1329,2015-10-04,301.0,301.0,300.0,313.0,514944500,206413,28,316.0,300.0
1330,2015-10-05,297.0,313.0,297.0,313.0,78543623,30615,24,313.0,309.0
1331,2015-10-06,302.0,302.0,298.0,313.0,24675770,9847,14,313.0,298.0
1332,2015-10-07,297.0,301.0,297.0,311.0,293462082,118880,25,313.0,297.0
1333,2015-10-10,297.0,318.0,297.0,313.0,1594998729,610702,30,311.0,313.0
1334,2015-10-11,313.0,328.0,313.0,320.0,1828992192,678386,42,313.0,320.0
1335,2015-10-12,323.0,333.0,315.0,326.0,1671931075,609073,34,320.0,316.0
1336,2015-10-13,320.0,327.0,315.0,326.0,52190569,19309,9,326.0,327.0
1337,2015-10-14,326.0,326.0,313.0,326.0,208499100,79220,12,326.0,313.0
1338,2015-10-17,312.0,330.0,312.0,324.0,3542827908,1314600,58,326.0,327.0
1339,2015-10-18,331.0,331.0,327.0,325.0,50486740,18386,2,324.0,327.0
1340,2015-10-19,318.0,318.0,308.0,324.0,40751643,15642,16,325.0,308.0
1341,2015-10-20,309.0,313.0,309.0,324.0,36359660,14130,10,324.0,309.0
1342,2015-10-25,308.0,308.0,308.0,324.0,59490583,23241,6,324.0,308.0
1343,2015-10-26,308.0,320.0,308.0,324.0,41174935,16010,15,324.0,320.0
1344,2015-10-27,319.0,319.0,309.0,323.0,76881200,29800,8,324.0,309.0
1345,2015-10-28,308.0,308.0,307.0,322.0,206602129,80899,20,323.0,307.0
1346,2015-10-31,313.0,313.0,306.0,320.0,364155401,143074,15,322.0,306.0
1347,2015-11-01,304.0,320.0,304.0,319.0,7767359774,2927392,23,320.0,313.0
1348,2015-11-02,306.0,307.0,305.0,319.0,26856086,10584,12,319.0,307.0
1349,2015-11-03,306.0,309.0,303.0,316.0,607216557,240351,27,319.0,303.0
1350,2015-11-04,301.0,301.0,301.0,316.0,837500,335,1,316.0,301.0
1351,2015-11-07,301.0,316.0,300.0,314.0,5114559952,1960422,105,316.0,301.0
1352,2015-11-09,305.0,305.0,298.0,313.0,211367770,85150,24,314.0,298.0
1353,2015-11-10,298.0,313.0,298.0,313.0,38754430,15482,9,313.0,313.0
1354,2015-11-11,312.0,312.0,299.0,313.0,45752486,18041,9,313.0,300.0
1355,2015-11-14,307.0,309.0,300.0,312.0,67427636,26522,13,313.0,307.0
1356,2015-11-15,301.0,301.0,301.0,312.0,19000000,7600,3,312.0,301.0
1357,2015-11-16,299.0,299.0,297.0,303.0,1506128709,610508,39,312.0,297.0
1358,2015-11-17,296.0,296.0,289.0,302.0,267755313,110263,20,303.0,289.0
1359,2015-11-18,289.0,302.0,289.0,301.0,2293991385,917237,48,302.0,301.0
1360,2015-11-21,291.0,291.0,289.0,301.0,144506323,60000,6,301.0,289.0
1361,2015-11-22,290.0,301.0,290.0,301.0,18100674063,7250018,8,301.0,291.0
1362,2015-11-23,290.0,301.0,290.0,300.0,175380080,71303,9,301.0,301.0
1363,2015-11-24,296.0,301.0,290.0,300.0,149592448,61924,15,300.0,290.0
1364,2015-11-25,290.0,296.0,290.0,299.0,76901040,31860,5,300.0,296.0
1365,2015-11-28,292.0,295.0,290.0,299.0,138707384,57191,15,299.0,291.0
1366,2015-11-29,290.0,295.0,290.0,299.0,96111805,39375,8,299.0,291.0
1367,2015-11-30,291.0,313.0,290.0,308.0,2524232756,984794,58,299.0,310.0
1368,2015-12-01,312.0,312.0,308.0,308.0,424361524,164829,29,308.0,311.0
1369,2015-12-05,312.0,319.0,311.0,309.0,502194435,194242,25,308.0,313.0
1370,2015-12-06,295.0,303.0,293.0,303.0,1127771746,460260,31,309.0,295.0
1371,2015-12-07,290.0,304.0,290.0,303.0,27870520,11100,5,303.0,304.0
1372,2015-12-08,306.0,318.0,306.0,310.0,1444718069,549164,27,303.0,312.0
1373,2015-12-09,301.0,313.0,295.0,310.0,279879412,109516,34,310.0,296.0
1374,2015-12-13,296.0,306.0,294.0,309.0,197581449,80519,28,310.0,306.0
1375,2015-12-14,304.0,304.0,293.0,301.0,1226045230,503000,46,309.0,293.0
1376,2015-12-15,290.0,290.0,286.0,299.0,333872555,139795,43,301.0,286.0
1377,2015-12-28,314.0,314.0,314.0,308.0,1479293140,566345,30,299.0,314.0
1378,2015-12-30,323.0,323.0,323.0,316.0,1489931460,555530,19,308.0,323.0
1379,2016-01-02,332.0,332.0,332.0,332.0,37523731950,13625175,388,316.0,332.0
1380,2016-01-03,342.0,348.0,335.0,346.0,35282652887,12277279,794,332.0,348.0
1381,2016-01-04,355.0,363.0,355.0,363.0,22343396995,7415358,583,346.0,363.0
1382,2016-01-05,381.0,381.0,374.0,381.0,75478877142,23863297,888,363.0,381.0
1383,2016-01-06,400.0,400.0,400.0,400.0,11841593391,3565671,83,381.0,400.0
1384,2016-01-09,420.0,420.0,390.0,413.0,88560216297,25785795,1616,400.0,394.0
1385,2016-01-10,398.0,407.0,393.0,398.0,24664540016,7467860,695,413.0,402.0
1386,2016-01-11,406.0,417.0,400.0,417.0,57515317784,16613548,998,398.0,417.0
1387,2016-01-12,427.0,427.0,400.0,412.0,20889037099,6100474,611,417.0,400.0
1388,2016-01-13,397.0,418.0,396.0,409.0,20518152574,6033624,503,412.0,412.0
1389,2016-01-16,423.0,423.0,398.0,409.0,18252931046,5369272,490,409.0,403.0
1390,2016-01-17,415.0,415.0,389.0,392.0,19819621774,6085794,451,409.0,389.0
1391,2016-01-18,379.0,391.0,373.0,377.0,10996522669,3513758,290,392.0,378.0
1392,2016-01-19,388.0,396.0,385.0,394.0,4400231646,1342805,88,377.0,396.0
1393,2016-01-20,407.0,413.0,397.0,407.0,23564867486,6970686,520,394.0,408.0
1394,2016-01-23,409.0,427.0,395.0,416.0,28675003182,8303372,942,407.0,419.0
1395,2016-01-24,427.0,427.0,412.0,419.0,12921205128,3707882,429,416.0,419.0
1396,2016-01-25,421.0,440.0,411.0,436.0,49226759134,13591493,851,419.0,440.0
1397,2016-01-26,454.0,458.0,441.0,457.0,27775536848,7313741,411,436.0,458.0
1398,2016-01-27,472.0,473.0,434.0,443.0,15783953622,4287995,468,457.0,434.0
1399,2016-01-30,434.0,439.0,421.0,423.0,17777565279,5059061,376,443.0,421.0
1400,2016-01-31,444.0,444.0,444.0,444.0,10380484478,2813902,124,423.0,444.0
1401,2016-02-01,466.0,466.0,466.0,466.0,4043412000,1044000,41,444.0,466.0
1402,2016-02-02,489.0,489.0,489.0,489.0,6688826158,1645063,53,466.0,489.0
1403,2016-02-03,514.0,514.0,502.0,513.0,108192329890,25364865,1316,489.0,509.0
1404,2016-02-10,539.0,539.0,539.0,539.0,13530908398,3021641,85,513.0,539.0
1405,2016-02-13,551.0,566.0,521.0,550.0,62251372263,13636960,1237,539.0,541.0
1406,2016-02-14,553.0,562.0,522.0,526.0,47496604674,10874909,907,550.0,530.0
1407,2016-02-15,534.0,552.0,501.0,539.0,50353359718,11242492,971,526.0,552.0
1408,2016-02-16,566.0,566.0,560.0,566.0,83792342364,17822013,1008,539.0,566.0
1409,2016-02-17,573.0,594.0,561.0,584.0,48606337678,10012360,819,566.0,594.0
1410,2016-02-20,588.0,610.0,555.0,563.0,21821868950,4667250,602,584.0,555.0
1411,2016-02-21,549.0,549.0,535.0,536.0,21343413094,4795267,535,563.0,535.0
1412,2016-02-22,541.0,554.0,530.0,547.0,37217488422,8189788,549,536.0,535.0
1413,2016-02-23,544.0,544.0,520.0,521.0,33255957556,7687627,623,547.0,520.0
1414,2016-02-24,516.0,535.0,500.0,529.0,20488720238,4661786,300,521.0,520.0
1415,2016-02-27,528.0,540.0,518.0,525.0,6268045621,1438383,239,529.0,518.0
1416,2016-02-28,518.0,526.0,498.0,502.0,12170213642,2919634,418,525.0,498.0
1417,2016-02-29,498.0,510.0,490.0,499.0,6831484466,1648913,272,502.0,490.0
1418,2016-03-01,500.0,507.0,494.0,502.0,5640128093,1353626,257,499.0,505.0
1419,2016-03-02,506.0,506.0,492.0,500.0,5501334055,1323403,257,502.0,492.0
1420,2016-03-05,497.0,525.0,497.0,523.0,20656556102,4752088,460,500.0,525.0
1421,2016-03-06,540.0,540.0,506.0,518.0,7639704802,1775576,286,523.0,507.0
1422,2016-03-07,496.0,516.0,496.0,502.0,8383259576,2011684,210,518.0,496.0
1423,2016-03-08,505.0,506.0,486.0,498.0,6104992771,1475309,244,502.0,491.0
1424,2016-03-09,494.0,500.0,488.0,494.0,6514112371,1588643,211,498.0,489.0
1425,2016-03-12,491.0,518.0,491.0,513.0,13611342192,3194619,380,494.0,518.0
1426,2016-03-14,527.0,534.0,514.0,525.0,8724892764,1999178,306,513.0,514.0
1427,2016-03-15,530.0,530.0,499.0,502.0,8202759895,1966994,263,525.0,503.0
1428,2016-03-16,503.0,507.0,481.0,491.0,7085317707,1736232,230,502.0,489.0
1429,2016-03-26,480.0,503.0,480.0,492.0,697216237,168258,52,491.0,500.0
1430,2016-03-27,488.0,491.0,477.0,488.0,2075360713,516996,146,492.0,479.0
1431,2016-03-28,482.0,499.0,477.0,486.0,2865581594,711641,126,488.0,490.0
1432,2016-03-29,490.0,510.0,480.0,500.0,9229029840,2220486,249,486.0,510.0
1433,2016-03-30,517.0,525.0,514.0,524.0,17458642384,4008403,355,500.0,525.0
1434,2016-04-02,524.0,539.0,518.0,528.0,7264106317,1657400,256,524.0,521.0
1435,2016-04-03,518.0,525.0,501.0,507.0,4267574767,1013654,157,528.0,501.0
1436,2016-04-04,517.0,517.0,495.0,505.0,1130295567,272811,74,507.0,497.0
1437,2016-04-05,513.0,513.0,496.0,501.0,5452318236,1310461,247,505.0,500.0
1438,2016-04-06,494.0,500.0,488.0,493.0,4757362584,1161934,258,501.0,494.0
1439,2016-04-09,494.0,507.0,489.0,495.0,3547594124,861305,222,493.0,495.0
1440,2016-04-10,503.0,503.0,483.0,489.0,5408220220,1332005,339,495.0,484.0
1441,2016-04-11,486.0,502.0,483.0,493.0,6349729729,1551333,334,489.0,488.0
1442,2016-04-12,498.0,517.0,498.0,514.0,26072804342,6099764,764,493.0,501.0
1443,2016-04-13,514.0,514.0,489.0,492.0,5064706261,1238497,271,514.0,494.0
1444,2016-04-16,488.0,488.0,468.0,479.0,2955100467,750215,179,492.0,468.0
1445,2016-04-17,463.0,475.0,455.0,457.0,9624897872,2535299,382,479.0,455.0
1446,2016-04-18,466.0,479.0,466.0,472.0,3553840632,901285,165,457.0,471.0
1447,2016-04-19,492.0,492.0,457.0,469.0,3594618465,922486,171,472.0,464.0
1448,2016-04-20,469.0,469.0,455.0,465.0,1732012511,454107,143,469.0,465.0
1449,2016-04-23,464.0,478.0,445.0,458.0,3468245808,912423,186,465.0,455.0
1450,2016-04-24,448.0,477.0,447.0,464.0,5419352399,1405955,269,458.0,468.0
1451,2016-04-25,487.0,487.0,483.0,487.0,27871663666,6887596,491,464.0,487.0
1452,2016-04-26,494.0,505.0,475.0,492.0,9103044093,2227484,401,487.0,479.0
1453,2016-04-27,491.0,494.0,478.0,482.0,5670140661,1415318,206,492.0,484.0
1454,2016-04-30,492.0,492.0,478.0,483.0,4853801769,1210581,170,482.0,491.0
1455,2016-05-01,490.0,490.0,475.0,482.0,2879313018,718443,142,483.0,485.0
1456,2016-05-02,478.0,489.0,470.0,480.0,3802105557,954096,167,482.0,472.0
1457,2016-05-03,468.0,475.0,463.0,465.0,6636067517,1719133,217,480.0,467.0
1458,2016-05-04,463.0,484.0,463.0,465.0,9357163303,2422601,168,465.0,467.0
1459,2016-05-07,481.0,481.0,447.0,462.0,6860230898,1786602,249,465.0,453.0
1460,2016-05-08,449.0,467.0,447.0,456.0,3326109063,880883,183,462.0,457.0
1461,2016-05-09,450.0,462.0,450.0,456.0,2039633139,537810,106,456.0,461.0
1462,2016-05-10,451.0,457.0,442.0,449.0,4378287341,1174116,193,456.0,447.0
1463,2016-05-11,448.0,448.0,431.0,441.0,2025312248,561828,166,449.0,437.0
1464,2016-05-14,442.0,451.0,431.0,446.0,4929557837,1330240,247,441.0,449.0
1465,2016-05-15,448.0,448.0,431.0,436.0,4379510761,1210065,170,446.0,432.0
1466,2016-05-16,439.0,457.0,439.0,456.0,4891025063,1289926,121,436.0,457.0
1467,2016-05-17,479.0,479.0,479.0,479.0,13493710968,3389528,113,456.0,479.0
1468,2016-05-18,497.0,497.0,479.0,488.0,26638427394,6576940,1060,479.0,481.0
1469,2016-05-21,485.0,487.0,475.0,482.0,8764111411,2188461,515,488.0,481.0
1470,2016-05-23,495.0,506.0,492.0,506.0,40915535323,9738058,999,482.0,500.0
1471,2016-05-24,506.0,517.0,498.0,508.0,12876037509,3048114,573,506.0,504.0
1472,2016-05-25,501.0,511.0,484.0,496.0,22712943341,5510143,1405,508.0,490.0
1473,2016-05-28,496.0,500.0,472.0,485.0,9299863528,2309919,621,496.0,490.0
1474,2016-05-29,491.0,504.0,481.0,496.0,29080405023,7052616,671,485.0,494.0
1475,2016-05-30,492.0,498.0,485.0,496.0,17372968760,4213126,276,496.0,486.0
1476,2016-05-31,490.0,492.0,480.0,488.0,18043530878,4448854,237,496.0,480.0
1477,2016-06-01,481.0,489.0,476.0,488.0,18579389992,4585260,220,488.0,482.0
1478,2016-06-05,493.0,493.0,467.0,475.0,22117744630,5609133,495,488.0,469.0
1479,2016-06-06,470.0,492.0,469.0,483.0,10975252322,2734408,324,475.0,472.0
1480,2016-06-07,489.0,489.0,471.0,481.0,4057296454,1014316,193,483.0,475.0
1481,2016-06-08,484.0,484.0,469.0,477.0,2845227773,720167,230,481.0,474.0
1482,2016-06-11,481.0,481.0,454.0,466.0,2732671306,713361,239,477.0,458.0
1483,2016-06-12,451.0,454.0,443.0,446.0,24901353890,6716973,439,466.0,445.0
1484,2016-06-13,444.0,463.0,438.0,451.0,20401488396,5445153,286,446.0,450.0
1485,2016-06-14,443.0,451.0,433.0,450.0,19072743642,5104461,296,451.0,447.0
1486,2016-06-15,449.0,457.0,441.0,456.0,19539524270,5159939,254,450.0,455.0
1487,2016-06-18,462.0,462.0,449.0,460.0,20552688171,5376104,302,456.0,451.0
1488,2016-06-19,452.0,457.0,450.0,460.0,30629950,8183,7,460.0,450.0
1489,2016-06-28,457.0,457.0,435.0,444.0,32035349931,8686429,827,460.0,441.0
1490,2016-07-18,444.0,466.0,437.0,464.0,4009749841,1172981,156,444.0,466.0
1491,2016-07-19,477.0,486.0,469.0,484.0,20861119591,5858648,461,464.0,475.0
1492,2016-07-20,467.0,478.0,460.0,474.0,39241888654,11244181,524,484.0,470.0
1493,2016-07-23,468.0,498.0,463.0,486.0,47508265805,13274203,798,474.0,484.0
1494,2016-07-24,488.0,488.0,480.0,486.0,39361620403,10999443,408,486.0,485.0
1495,2016-07-25,486.0,486.0,476.0,486.0,40279619637,11262393,396,486.0,476.0
1496,2016-07-26,476.0,489.0,475.0,488.0,38275949961,10648252,254,486.0,481.0
1497,2016-07-27,477.0,488.0,475.0,487.0,21015942505,5861179,287,488.0,476.0
1498,2016-07-31,476.0,484.0,471.0,481.0,38533768647,10878420,389,487.0,471.0
1499,2016-08-01,481.0,481.0,464.0,475.0,36877152741,10544992,352,481.0,475.0
1500,2016-08-02,474.0,474.0,463.0,472.0,1873428525,541650,176,475.0,473.0
1501,2016-08-03,473.0,496.0,473.0,493.0,10397662495,2867240,230,472.0,496.0
1502,2016-08-06,515.0,517.0,505.0,516.0,84413369709,22207447,1243,493.0,514.0
1503,2016-08-07,523.0,523.0,502.0,509.0,18678153718,4988012,427,516.0,503.0
1504,2016-08-08,497.0,509.0,489.0,495.0,16750613766,4593936,343,509.0,490.0
1505,2016-08-09,504.0,508.0,482.0,498.0,5195426804,1417186,206,495.0,482.0
1506,2016-08-10,502.0,511.0,489.0,503.0,15598297630,4210793,301,498.0,508.0
1507,2016-08-13,496.0,528.0,496.0,524.0,17923972172,4645937,566,503.0,516.0
1508,2016-08-14,523.0,523.0,503.0,514.0,2930183890,780421,197,524.0,503.0
1509,2016-08-15,512.0,512.0,498.0,508.0,18276938741,4884761,214,514.0,500.0
1510,2016-08-16,506.0,509.0,491.0,506.0,35563587742,9539255,257,508.0,492.0
1511,2016-08-17,490.0,503.0,490.0,502.0,1250547834,343867,130,506.0,493.0
1512,2016-08-20,492.0,496.0,487.0,490.0,5942402899,1646698,233,502.0,489.0
1513,2016-08-21,488.0,496.0,486.0,490.0,3039588682,843251,156,490.0,494.0
1514,2016-08-22,496.0,501.0,482.0,500.0,29842243830,8107875,346,490.0,482.0
1515,2016-08-23,488.0,496.0,488.0,494.0,1913555559,531346,134,500.0,488.0
1516,2016-08-24,485.0,498.0,485.0,498.0,27872291733,7603340,222,494.0,486.0
1517,2016-08-27,489.0,491.0,481.0,490.0,26501963483,7348215,240,498.0,484.0
1518,2016-08-28,481.0,496.0,473.0,493.0,27447767506,7560305,311,490.0,474.0
1519,2016-08-29,474.0,482.0,471.0,478.0,2838025776,814260,156,493.0,472.0
1520,2016-08-30,469.0,482.0,469.0,481.0,29057182628,8201584,260,478.0,469.0
1521,2016-08-31,469.0,481.0,469.0,481.0,28153728774,7953657,243,481.0,469.0
1522,2016-09-03,475.0,475.0,462.0,473.0,1512156541,443212,135,481.0,462.0
1523,2016-09-04,458.0,469.0,455.0,462.0,2350286325,699310,136,473.0,462.0
1524,2016-09-05,454.0,465.0,454.0,462.0,28180083530,8286459,263,462.0,462.0
1525,2016-09-06,464.0,468.0,458.0,462.0,2538249840,746599,133,462.0,458.0
1526,2016-09-07,465.0,470.0,459.0,463.0,28145252260,8259672,287,462.0,459.0
1527,2016-09-10,462.0,469.0,455.0,463.0,1335853611,392763,80,463.0,465.0
1528,2016-09-11,469.0,469.0,454.0,461.0,616314953,183471,79,463.0,458.0
1529,2016-09-13,460.0,460.0,448.0,455.0,2132080552,642981,163,461.0,449.0
1530,2016-09-14,446.0,451.0,441.0,448.0,2514723645,767608,212,455.0,442.0
1531,2016-09-17,455.0,455.0,441.0,446.0,1416598681,432699,132,448.0,444.0
1532,2016-09-18,444.0,461.0,444.0,450.0,1712863905,512820,144,446.0,459.0
1533,2016-09-19,451.0,459.0,451.0,451.0,908136017,271764,100,450.0,455.0
1534,2016-09-21,462.0,462.0,448.0,452.0,1439041364,431897,133,451.0,451.0
1535,2016-09-24,455.0,466.0,448.0,453.0,2000787151,598140,151,452.0,451.0
1536,2016-09-25,451.0,451.0,435.0,442.0,14399762368,4424347,413,453.0,438.0
1537,2016-09-26,436.0,453.0,433.0,440.0,4732861896,1460503,420,442.0,448.0
1538,2016-09-27,446.0,452.0,432.0,437.0,3746438013,1163476,265,440.0,441.0
1539,2016-09-28,436.0,446.0,435.0,440.0,2279205790,701969,213,437.0,437.0
1540,2016-10-01,437.0,444.0,436.0,439.0,2115192697,654936,217,440.0,437.0
1541,2016-10-02,439.0,439.0,429.0,434.0,3762491672,1177265,300,439.0,433.0
1542,2016-10-03,433.0,433.0,420.0,423.0,7989481664,2567421,624,434.0,420.0
1543,2016-10-04,420.0,424.0,413.0,418.0,7414310545,2411678,605,423.0,414.0
1544,2016-10-09,417.0,432.0,408.0,416.0,1465291661,480071,107,418.0,420.0
1545,2016-10-10,420.0,426.0,413.0,418.0,3622636801,1178607,310,416.0,417.0
1546,2016-10-15,427.0,427.0,408.0,414.0,3643523774,1196567,351,418.0,413.0
1547,2016-10-16,413.0,414.0,402.0,410.0,2010059825,668976,216,414.0,405.0
1548,2016-10-17,409.0,430.0,401.0,420.0,3773549699,1221744,376,410.0,428.0
1549,2016-10-18,433.0,433.0,421.0,425.0,4490140725,1435096,412,420.0,425.0
1550,2016-11-07,446.0,446.0,446.0,446.0,20857378230,6349278,108,425.0,446.0
1551,2016-11-08,469.0,469.0,469.0,469.0,3615341821,1048229,70,446.0,469.0
1552,2016-11-09,469.0,492.0,449.0,485.0,80620631283,22589432,1779,469.0,492.0
1553,2016-11-12,508.0,509.0,494.0,506.0,36258138461,9730684,1084,485.0,499.0
1554,2016-11-13,499.0,507.0,484.0,500.0,21238019351,5770151,758,506.0,500.0
1555,2016-11-14,500.0,522.0,494.0,505.0,10520966058,2830432,460,500.0,501.0
1556,2016-11-15,508.0,508.0,486.0,492.0,6133038698,1693665,340,505.0,489.0
1557,2016-11-16,477.0,492.0,468.0,484.0,10950769697,3071676,444,492.0,489.0
1558,2016-11-19,486.0,496.0,475.0,488.0,7979305291,2220278,388,484.0,478.0
1559,2016-11-21,479.0,489.0,464.0,471.0,6979063290,2014584,327,488.0,465.0
1560,2016-11-22,470.0,494.0,466.0,490.0,19490078943,5406144,694,471.0,490.0
1561,2016-11-23,501.0,501.0,481.0,488.0,15857000282,4416880,467,490.0,494.0
1562,2016-11-26,496.0,512.0,491.0,506.0,16513220168,4429936,615,488.0,505.0
1563,2016-11-27,504.0,509.0,490.0,498.0,6558550813,1787407,228,506.0,490.0
1564,2016-11-29,490.0,500.0,489.0,495.0,4269105524,1172591,190,498.0,491.0
1565,2016-12-03,500.0,500.0,470.0,476.0,3869800702,1103433,195,495.0,471.0
1566,2016-12-04,470.0,494.0,469.0,484.0,3535410704,990922,189,476.0,485.0
1567,2016-12-05,493.0,507.0,485.0,501.0,7795085453,2113766,332,484.0,505.0
1568,2016-12-06,501.0,526.0,501.0,525.0,23525805161,6090173,551,501.0,526.0
1569,2016-12-07,543.0,549.0,530.0,538.0,27066186069,6840913,749,525.0,541.0
1570,2016-12-10,546.0,563.0,534.0,546.0,22378197156,5567526,779,538.0,547.0
1571,2016-12-11,544.0,564.0,537.0,553.0,15805552936,3882407,620,546.0,547.0
1572,2016-12-12,548.0,563.0,544.0,553.0,23251399314,5707790,633,553.0,547.0
1573,2016-12-13,559.0,559.0,531.0,545.0,15954298846,3978906,393,553.0,537.0
1574,2016-12-14,543.0,543.0,524.0,532.0,14088929144,3599189,404,545.0,527.0
1575,2016-12-18,525.0,541.0,523.0,535.0,8330064540,2113417,365,532.0,532.0
1576,2016-12-19,531.0,532.0,514.0,521.0,4258267491,1110149,216,535.0,525.0
1577,2016-12-20,516.0,527.0,511.0,519.0,4635371166,1214344,200,521.0,522.0
1578,2016-12-21,535.0,544.0,530.0,541.0,9865470531,2479044,348,519.0,538.0
1579,2016-12-24,538.0,544.0,524.0,534.0,5488601764,1395525,255,541.0,538.0
1580,2016-12-25,535.0,537.0,525.0,532.0,2059468995,528924,93,534.0,527.0
1581,2016-12-26,538.0,538.0,523.0,529.0,4303776868,1105200,201,532.0,527.0
1582,2016-12-27,526.0,526.0,509.0,519.0,3190378700,839408,172,529.0,512.0
1583,2016-12-28,507.0,516.0,504.0,508.0,4535895412,1213979,202,519.0,508.0
1584,2016-12-31,504.0,511.0,501.0,503.0,10141555805,2739055,301,508.0,506.0
1585,2017-01-01,498.0,511.0,498.0,508.0,3893796042,1042019,188,503.0,505.0
1586,2017-01-02,503.0,508.0,497.0,504.0,2251062110,609551,128,508.0,504.0
1587,2017-01-03,505.0,505.0,501.0,502.0,4241321576,1147719,124,504.0,503.0
1588,2017-01-04,500.0,502.0,498.0,500.0,3249930450,883164,114,502.0,502.0
1589,2017-01-07,499.0,506.0,485.0,491.0,4109098022,1137405,117,500.0,495.0
1590,2017-01-08,502.0,502.0,489.0,491.0,1661393734,458253,111,491.0,493.0
1591,2017-01-09,490.0,500.0,490.0,493.0,1994839415,548299,78,491.0,496.0
1592,2017-01-11,491.0,501.0,489.0,492.0,3247857954,896105,83,493.0,493.0
1593,2017-01-14,493.0,517.0,493.0,512.0,5151366720,1367575,181,492.0,517.0
1594,2017-01-15,523.0,530.0,496.0,516.0,4928361791,1298035,220,512.0,508.0
1595,2017-01-16,499.0,509.0,499.0,512.0,999879210,270454,69,516.0,509.0
1596,2017-01-17,512.0,512.0,500.0,509.0,2023335436,543671,80,512.0,505.0
1597,2017-01-18,508.0,513.0,500.0,507.0,2889986262,775085,110,509.0,506.0
1598,2017-01-21,511.0,511.0,489.0,506.0,581511257,157949,60,507.0,506.0
1599,2017-01-22,503.0,504.0,485.0,501.0,1119271320,311685,91,506.0,489.0
1600,2017-01-23,485.0,505.0,485.0,497.0,2318007357,636580,125,501.0,497.0
1601,2017-01-24,490.0,503.0,488.0,494.0,2390285372,658666,130,497.0,489.0
1602,2017-01-25,488.0,500.0,485.0,489.0,5680745121,1576986,150,494.0,485.0
1603,2017-01-28,486.0,486.0,466.0,473.0,5128291270,1472949,240,489.0,470.0
1604,2017-01-29,474.0,474.0,456.0,464.0,3978683167,1164070,229,473.0,466.0
1605,2017-01-30,469.0,481.0,469.0,475.0,3500173434,1000680,174,464.0,472.0
1606,2017-01-31,477.0,477.0,456.0,470.0,2740772224,794567,243,475.0,462.0
1607,2017-02-01,469.0,469.0,447.0,449.0,12512449661,3782630,472,470.0,452.0
1608,2017-02-04,452.0,457.0,444.0,450.0,2619988005,790925,183,449.0,444.0
1609,2017-02-05,444.0,448.0,434.0,439.0,5730504386,1773054,315,450.0,445.0
1610,2017-02-06,448.0,461.0,448.0,459.0,9902334627,2931481,422,439.0,460.0
1611,2017-02-07,462.0,463.0,448.0,456.0,2093104802,625792,205,459.0,452.0
1612,2017-02-08,457.0,462.0,446.0,449.0,4204550052,1271818,175,456.0,446.0
1613,2017-02-11,446.0,456.0,446.0,449.0,13234674705,4000361,206,449.0,447.0
1614,2017-02-12,446.0,460.0,436.0,448.0,12157641149,3685009,259,449.0,454.0
1615,2017-02-13,454.0,458.0,450.0,454.0,12793903480,3826836,241,448.0,451.0
1616,2017-02-14,458.0,469.0,456.0,462.0,12907545047,3794504,243,454.0,467.0
1617,2017-02-15,461.0,469.0,461.0,468.0,14558937443,4222346,292,462.0,462.0
1618,2017-02-18,462.0,470.0,460.0,468.0,12672609236,3680469,268,468.0,462.0
1619,2017-02-19,464.0,464.0,455.0,461.0,12915162609,3805963,247,468.0,459.0
1620,2017-02-20,455.0,462.0,448.0,460.0,14881687973,4395481,324,461.0,452.0
1621,2017-02-21,449.0,455.0,441.0,447.0,17461940522,5300516,459,460.0,451.0
1622,2017-02-22,457.0,464.0,447.0,453.0,20233901897,6064589,402,447.0,447.0
1623,2017-02-25,451.0,456.0,443.0,448.0,3643273829,1104792,366,453.0,444.0
1624,2017-02-26,443.0,470.0,442.0,462.0,9652338729,2835354,414,448.0,470.0
1625,2017-02-27,486.0,486.0,470.0,483.0,19775050758,5561059,705,462.0,471.0
1626,2017-02-28,469.0,477.0,459.0,461.0,10258616825,3021307,470,483.0,459.0
1627,2017-03-01,458.0,472.0,458.0,463.0,34667394019,10162724,366,461.0,459.0
1628,2017-03-04,473.0,473.0,451.0,460.0,2077772925,617648,206,463.0,452.0
1629,2017-03-05,460.0,460.0,446.0,452.0,2636958978,797679,135,460.0,448.0
1630,2017-03-06,446.0,459.0,446.0,450.0,1543265874,468430,96,452.0,447.0
1631,2017-03-07,458.0,458.0,447.0,450.0,1413680416,426666,101,450.0,447.0
1632,2017-03-08,447.0,455.0,441.0,446.0,4753824275,1446677,256,450.0,448.0
1633,2017-03-11,441.0,452.0,431.0,440.0,2650104083,820287,148,446.0,445.0
1634,2017-03-12,435.0,462.0,433.0,455.0,4845308656,1446587,243,440.0,462.0
1635,2017-03-13,459.0,462.0,444.0,451.0,2314471301,700780,186,455.0,448.0
1636,2017-03-14,457.0,465.0,454.0,460.0,9215953366,2723576,240,451.0,455.0
1637,2017-03-15,451.0,462.0,448.0,457.0,2413448862,719585,121,460.0,459.0
1638,2017-03-18,458.0,461.0,453.0,457.0,1493871420,444352,72,457.0,454.0
1639,2017-03-25,451.0,453.0,451.0,455.0,988666845,297405,73,457.0,452.0
1640,2017-03-26,452.0,456.0,448.0,455.0,994523685,298380,78,455.0,455.0
1641,2017-03-27,454.0,462.0,454.0,456.0,1038128000,306465,80,455.0,462.0
1642,2017-03-28,451.0,461.0,451.0,456.0,437003591,130051,65,456.0,453.0
1643,2017-03-29,458.0,461.0,451.0,456.0,2223820486,662577,128,456.0,460.0
1644,2017-04-03,450.0,459.0,450.0,456.0,850413894,254322,99,456.0,453.0
1645,2017-04-04,459.0,459.0,449.0,454.0,1274878461,383634,119,456.0,449.0
1646,2017-04-05,449.0,477.0,448.0,475.0,9470003626,2708897,319,454.0,477.0
1647,2017-04-08,482.0,499.0,479.0,497.0,14006494411,3832064,545,475.0,499.0
1648,2017-04-09,497.0,499.0,483.0,493.0,5676979997,1565048,295,497.0,494.0
1649,2017-04-10,489.0,503.0,482.0,497.0,5142605090,1407054,282,493.0,497.0
1650,2017-04-12,487.0,521.0,487.0,516.0,20522152550,5407130,519,497.0,521.0
1651,2017-04-15,539.0,541.0,521.0,538.0,20541632668,5181576,617,516.0,530.0
1652,2017-04-16,540.0,540.0,512.0,521.0,10497313250,2738439,442,538.0,513.0
1653,2017-04-17,500.0,519.0,495.0,507.0,6005342941,1609052,243,521.0,517.0
1654,2017-04-18,516.0,528.0,509.0,514.0,6357070915,1679211,124,507.0,509.0
1655,2017-04-19,509.0,523.0,504.0,517.0,4435838562,1166506,146,514.0,523.0
1656,2017-04-22,512.0,542.0,512.0,528.0,7087309472,1824928,420,517.0,522.0
1657,2017-04-23,522.0,533.0,501.0,519.0,7346929550,1924202,256,528.0,509.0
1658,2017-04-24,503.0,515.0,501.0,512.0,1951184863,525243,162,519.0,502.0
1659,2017-04-26,507.0,516.0,496.0,507.0,2975248450,798493,148,512.0,511.0
1660,2017-04-29,503.0,523.0,503.0,517.0,6554825209,1722368,234,507.0,520.0
1661,2017-04-30,524.0,530.0,506.0,515.0,3371227701,890397,105,517.0,506.0
1662,2017-05-01,499.0,524.0,499.0,515.0,2310649931,609521,84,515.0,512.0
1663,2017-05-02,505.0,522.0,496.0,508.0,1969766625,534083,173,515.0,509.0
1664,2017-05-03,509.0,509.0,490.0,499.0,2518218467,692139,132,508.0,491.0
1665,2017-05-06,490.0,498.0,474.0,477.0,9865891845,2810895,342,499.0,474.0
1666,2017-06-12,489.0,489.0,453.0,465.0,1741114335,522061,22,477.0,453.0
1667,2017-06-13,448.0,466.0,442.0,451.0,5746861333,1729499,192,465.0,448.0
1668,2017-06-14,456.0,460.0,448.0,450.0,7938658143,2399383,197,451.0,454.0
1669,2017-06-17,455.0,455.0,441.0,446.0,5943258037,1811172,118,450.0,448.0
1670,2017-06-18,443.0,448.0,433.0,439.0,6400159113,1982177,174,446.0,441.0
1671,2017-06-19,432.0,441.0,419.0,423.0,8819147370,2829672,305,439.0,425.0
1672,2017-06-20,430.0,437.0,424.0,430.0,2335214894,732614,69,423.0,437.0
1673,2017-06-21,433.0,434.0,424.0,429.0,2771495261,878877,62,430.0,432.0
1674,2017-06-24,424.0,431.0,424.0,427.0,2068962562,659142,104,429.0,427.0
1675,2017-06-25,424.0,429.0,421.0,427.0,2203093087,702002,68,427.0,425.0
1676,2017-06-28,424.0,448.0,424.0,440.0,4517615733,1394379,194,427.0,447.0
1677,2017-07-01,446.0,458.0,436.0,442.0,1413613787,430729,99,440.0,452.0
1678,2017-07-02,455.0,460.0,441.0,450.0,5420594443,1637150,146,442.0,455.0
1679,2017-07-03,458.0,458.0,435.0,446.0,2255537457,689602,76,450.0,440.0
1680,2017-07-04,434.0,439.0,429.0,431.0,10526882467,3320717,219,446.0,432.0
1681,2017-07-05,444.0,445.0,421.0,425.0,9059808509,2894343,214,431.0,425.0
1682,2017-07-08,422.0,431.0,422.0,425.0,1767036721,565965,101,425.0,430.0
1683,2017-07-09,436.0,440.0,429.0,435.0,4302600442,1344326,105,425.0,440.0
1684,2017-07-10,435.0,440.0,430.0,436.0,3043682082,949138,123,435.0,440.0
1685,2017-07-11,431.0,435.0,422.0,425.0,13719474301,4379801,334,436.0,432.0
1686,2017-08-27,375.0,375.0,358.0,364.0,17588563878,6716380,566,425.0,368.0
1687,2017-08-28,374.0,378.0,360.0,368.0,7833195277,2958947,445,364.0,363.0
1688,2017-08-29,363.0,371.0,353.0,360.0,8330972099,3215826,452,368.0,357.0
1689,2017-08-30,358.0,365.0,351.0,355.0,4059258112,1589329,303,360.0,351.0
1690,2017-09-02,351.0,368.0,351.0,361.0,3276629323,1259803,284,355.0,364.0
1691,2017-09-03,364.0,367.0,349.0,358.0,2460968786,956360,200,361.0,359.0
1692,2017-09-04,360.0,363.0,354.0,358.0,3728897197,1446577,201,358.0,360.0
1693,2017-09-05,354.0,361.0,351.0,355.0,2736235163,1070430,143,358.0,353.0
1694,2017-09-06,353.0,353.0,345.0,349.0,2146806002,857262,193,355.0,346.0
1695,2017-09-10,343.0,346.0,333.0,343.0,1653672419,677458,148,349.0,334.0
1696,2017-09-11,340.0,340.0,326.0,328.0,3693966626,1562542,224,343.0,326.0
1697,2017-09-12,314.0,321.0,312.0,313.0,8373846185,3714785,467,328.0,317.0
1698,2017-09-13,319.0,326.0,313.0,318.0,1691899892,734366,207,313.0,326.0
1699,2017-09-16,320.0,334.0,320.0,329.0,2177071572,914096,220,318.0,334.0
1700,2017-09-17,336.0,343.0,329.0,333.0,1499896017,622558,147,329.0,333.0
1701,2017-09-18,333.0,333.0,324.0,332.0,849009179,357990,82,333.0,328.0
1702,2017-09-19,328.0,333.0,321.0,329.0,892770020,381177,79,332.0,327.0
1703,2017-09-20,334.0,334.0,320.0,326.0,1364853486,586125,124,329.0,324.0
1704,2017-09-23,320.0,333.0,310.0,318.0,3903631413,1705615,241,326.0,320.0
1705,2017-09-24,315.0,333.0,315.0,327.0,1905466903,804357,148,318.0,327.0
1706,2017-09-25,321.0,343.0,321.0,341.0,4305047090,1755048,348,327.0,343.0
1707,2017-09-26,346.0,352.0,332.0,340.0,2293723123,936570,209,341.0,332.0
1708,2017-09-27,343.0,343.0,330.0,338.0,688815989,287884,97,340.0,331.0
1709,2017-10-02,326.0,328.0,324.0,333.0,1064909097,454638,108,338.0,324.0
1710,2017-10-03,324.0,331.0,322.0,323.0,2526061864,1085747,142,333.0,322.0
1711,2017-10-04,320.0,327.0,317.0,322.0,728077276,316549,80,323.0,326.0
1712,2017-10-07,327.0,327.0,308.0,314.0,2053171846,913340,153,322.0,309.0
1713,2017-10-08,307.0,311.0,298.0,300.0,3122269436,1444617,225,314.0,300.0
1714,2017-10-09,300.0,308.0,300.0,302.0,876358293,400625,134,300.0,301.0
1715,2017-10-10,302.0,310.0,299.0,302.0,823155218,378409,117,302.0,306.0
1716,2017-10-11,315.0,315.0,300.0,302.0,560941201,257141,78,302.0,303.0
1717,2017-10-14,306.0,306.0,300.0,303.0,905235990,414084,101,302.0,300.0
1718,2017-10-15,306.0,311.0,299.0,303.0,667147622,306773,104,303.0,300.0
1719,2017-10-16,300.0,306.0,300.0,302.0,1500010735,691582,130,303.0,301.0
1720,2017-10-17,300.0,303.0,295.0,297.0,3787298147,1769741,304,302.0,295.0
1721,2017-10-18,304.0,304.0,293.0,297.0,1559758789,729639,221,297.0,302.0
1722,2017-10-21,303.0,312.0,303.0,308.0,2010547146,901132,253,297.0,312.0
1723,2017-10-22,317.0,318.0,308.0,312.0,3099725629,1381416,268,308.0,313.0
1724,2017-10-23,313.0,318.0,301.0,311.0,721986429,326150,115,312.0,303.0
1725,2017-10-24,307.0,309.0,302.0,308.0,784162890,357855,75,311.0,304.0
1726,2017-10-25,308.0,308.0,301.0,308.0,423989299,193781,53,308.0,304.0
1727,2017-10-28,308.0,318.0,306.0,314.0,2874010907,1270067,329,308.0,315.0
1728,2017-10-29,315.0,330.0,315.0,328.0,9531289448,4039445,544,314.0,330.0
1729,2017-10-30,332.0,344.0,321.0,336.0,5386386074,2226315,387,328.0,336.0
1730,2017-10-31,339.0,342.0,329.0,335.0,1810152480,752450,201,336.0,332.0
1731,2017-11-01,333.0,347.0,333.0,338.0,1786813138,733192,193,335.0,335.0
1732,2017-11-04,345.0,354.0,345.0,354.0,6151430124,2416161,240,338.0,354.0
1733,2017-11-05,358.0,365.0,350.0,356.0,6528303312,2549223,424,354.0,350.0
1734,2017-11-06,348.0,348.0,338.0,340.0,4418947242,1806362,316,356.0,338.0
1735,2017-11-07,330.0,335.0,324.0,334.0,1334369428,564764,202,340.0,330.0
1736,2017-11-08,332.0,347.0,329.0,340.0,4160833150,1698656,200,334.0,343.0
1737,2017-11-11,349.0,350.0,328.0,335.0,1675656692,699008,167,340.0,331.0
1738,2017-11-12,327.0,335.0,326.0,334.0,467865359,197617,58,335.0,328.0
1739,2017-11-13,325.0,334.0,322.0,330.0,1091757712,466115,117,334.0,324.0
1740,2017-11-14,329.0,329.0,318.0,325.0,1264478204,547569,188,330.0,322.0
1741,2017-11-15,318.0,324.0,314.0,322.0,1071473701,468061,128,325.0,317.0
1742,2017-11-18,321.0,321.0,309.0,317.0,1421978017,630414,156,322.0,310.0
1743,2017-11-20,318.0,318.0,308.0,315.0,469998110,211076,74,317.0,309.0
1744,2017-11-21,314.0,314.0,307.0,311.0,1645454718,739505,159,315.0,310.0
1745,2017-11-22,307.0,318.0,306.0,311.0,561010150,249840,80,311.0,311.0
1746,2017-11-25,313.0,327.0,312.0,323.0,1982285020,845994,155,311.0,327.0
1747,2017-11-26,332.0,336.0,313.0,323.0,2282091267,982513,184,323.0,315.0
1748,2017-11-28,314.0,325.0,314.0,320.0,1112453683,487585,91,323.0,316.0
1749,2017-11-29,315.0,318.0,310.0,314.0,1840690472,818575,200,320.0,310.0
1750,2017-12-02,313.0,318.0,306.0,310.0,1967813535,882674,212,314.0,307.0
1751,2017-12-03,312.0,313.0,308.0,310.0,970869334,434829,101,310.0,308.0
1752,2017-12-04,310.0,312.0,302.0,306.0,2422569025,1100886,340,310.0,305.0
1753,2017-12-05,306.0,320.0,306.0,310.0,1239368536,548593,152,306.0,313.0
1754,2017-12-09,310.0,319.0,310.0,312.0,922589948,406918,102,310.0,311.0
1755,2017-12-10,310.0,313.0,306.0,308.0,1831187138,829863,130,312.0,313.0
1756,2017-12-11,313.0,313.0,306.0,308.0,2379624558,1074561,168,308.0,308.0
1757,2017-12-12,309.0,323.0,309.0,316.0,1664415115,722037,141,308.0,323.0
1758,2017-12-13,331.0,332.0,320.0,331.0,7830551925,3289995,415,316.0,332.0
1759,2017-12-16,333.0,342.0,324.0,330.0,4355109204,1833760,250,331.0,326.0
1760,2017-12-17,325.0,335.0,320.0,329.0,1914363290,809902,228,330.0,333.0
1761,2017-12-18,331.0,335.0,322.0,329.0,2844602088,1202872,197,329.0,324.0
1762,2017-12-19,323.0,332.0,323.0,326.0,2024347991,862951,117,329.0,324.0
1763,2017-12-20,324.0,333.0,321.0,328.0,1692552368,716313,180,326.0,333.0
1764,2017-12-23,327.0,333.0,321.0,324.0,2065786588,888301,153,328.0,323.0
1765,2017-12-24,324.0,331.0,320.0,323.0,1254772059,540849,96,324.0,322.0
1766,2017-12-25,320.0,321.0,316.0,320.0,1230303565,538649,139,323.0,316.0
1767,2017-12-26,315.0,317.0,314.0,319.0,791036050,348459,93,320.0,314.0
1768,2017-12-27,314.0,319.0,313.0,318.0,625881548,274909,101,319.0,313.0
1769,2017-12-30,308.0,315.0,303.0,312.0,1515404551,683563,172,318.0,306.0
1770,2017-12-31,296.0,303.0,296.0,296.0,7188247878,3372022,329,312.0,296.0
1771,2018-01-01,292.0,306.0,289.0,295.0,1836801236,865039,147,296.0,289.0
1772,2018-01-02,293.0,293.0,282.0,286.0,2455985568,1192770,196,295.0,286.0
1773,2018-01-03,281.0,299.0,281.0,289.0,1110710876,529764,112,286.0,296.0
1774,2018-01-06,291.0,292.0,274.0,280.0,3760382922,1865223,184,289.0,283.0
1775,2018-01-07,291.0,291.0,284.0,282.0,582678902,282542,69,280.0,287.0
1776,2018-01-08,286.0,292.0,286.0,284.0,763431118,366810,82,282.0,292.0
1777,2018-01-09,290.0,294.0,289.0,287.0,818712615,391329,99,284.0,289.0
1778,2018-01-10,289.0,289.0,281.0,287.0,483650077,235235,54,287.0,287.0
1779,2018-01-13,284.0,292.0,283.0,286.0,983930149,477492,80,287.0,287.0
1780,2018-01-14,284.0,290.0,284.0,286.0,958422741,465590,91,286.0,286.0
1781,2018-01-15,286.0,286.0,283.0,284.0,1938938352,949347,174,286.0,283.0
1782,2018-01-16,283.0,283.0,282.0,283.0,1037647827,510136,112,284.0,282.0
1783,2018-01-17,282.0,285.0,279.0,281.0,1635421876,810612,125,283.0,282.0
1784,2018-01-20,279.0,281.0,272.0,276.0,3041227744,1531661,299,281.0,274.0
1785,2018-01-21,276.0,276.0,262.0,263.0,8298031599,4385734,412,276.0,262.0
1786,2018-01-22,257.0,263.0,250.0,259.0,1173081484,634252,133,263.0,259.0
1787,2018-01-24,275.0,289.0,273.0,285.0,2329095608,1136137,167,259.0,289.0
1788,2018-01-27,297.0,297.0,283.0,291.0,3185464088,1519277,267,285.0,287.0
1789,2018-01-28,289.0,289.0,278.0,289.0,697520218,341154,75,291.0,285.0
1790,2018-01-29,282.0,283.0,280.0,287.0,523823901,258521,73,289.0,280.0
1791,2018-01-30,279.0,279.0,274.0,285.0,448309624,225041,70,287.0,274.0
1792,2018-01-31,273.0,277.0,271.0,271.0,3849807193,1973225,227,285.0,271.0
1793,2018-02-03,269.0,270.0,263.0,269.0,598027049,313553,48,271.0,264.0
1794,2018-02-04,263.0,263.0,260.0,264.0,1482286654,786926,121,269.0,263.0
1795,2018-02-05,264.0,273.0,260.0,266.0,1658356816,864684,134,264.0,269.0
1796,2018-02-06,271.0,279.0,268.0,277.0,2499502354,1252240,206,266.0,279.0
1797,2018-02-07,281.0,290.0,275.0,281.0,1616261990,794902,198,277.0,278.0
1798,2018-02-10,279.0,279.0,268.0,277.0,908824368,466329,79,281.0,270.0
1799,2018-02-12,268.0,281.0,268.0,276.0,717902030,362669,99,277.0,273.0
1800,2018-02-13,278.0,279.0,271.0,276.0,569520479,288266,55,276.0,278.0
1801,2018-02-14,278.0,278.0,270.0,275.0,218657210,111614,36,276.0,271.0
1802,2018-02-17,282.0,285.0,270.0,274.0,1110569134,563690,80,275.0,275.0
1803,2018-02-18,270.0,272.0,268.0,272.0,1249986502,642947,92,274.0,270.0
1804,2018-02-19,267.0,270.0,261.0,265.0,1765547603,929613,127,272.0,263.0
1805,2018-02-21,264.0,270.0,261.0,265.0,615413058,322655,62,265.0,261.0
1806,2018-02-24,260.0,264.0,257.0,262.0,1145492115,613884,132,265.0,258.0
1807,2018-02-25,256.0,262.0,253.0,256.0,1351286792,739096,109,262.0,256.0
1808,2018-02-26,257.0,261.0,253.0,256.0,705497220,382375,50,256.0,258.0
1809,2018-02-27,257.0,258.0,254.0,256.0,300757365,163721,47,256.0,256.0
1810,2018-02-28,253.0,257.0,252.0,256.0,903203473,492219,90,256.0,252.0
1811,2018-03-03,257.0,257.0,251.0,254.0,1087293639,596734,88,256.0,253.0
1812,2018-03-04,252.0,257.0,244.0,251.0,1866904875,1031322,134,254.0,250.0
1813,2018-03-05,249.0,251.0,241.0,246.0,1462000890,830915,146,251.0,244.0
1814,2018-03-06,247.0,247.0,242.0,245.0,630184624,359376,62,246.0,244.0
1815,2018-03-07,244.0,253.0,244.0,246.0,852000604,479152,83,245.0,250.0
1816,2018-03-10,243.0,248.0,243.0,245.0,576086280,328516,66,246.0,243.0
1817,2018-03-11,243.0,249.0,233.0,237.0,3469842381,2030068,212,245.0,233.0
1818,2018-03-12,239.0,240.0,230.0,233.0,2009644862,1198776,147,237.0,231.0
1819,2018-03-13,244.0,244.0,229.0,231.0,2511336951,1508038,176,233.0,233.0
1820,2018-03-14,232.0,236.0,230.0,232.0,685306306,409467,65,231.0,233.0
1821,2018-03-17,236.0,236.0,231.0,232.0,421899248,252374,65,232.0,231.0
1822,2018-03-18,232.0,240.0,231.0,232.0,664354711,397150,59,232.0,240.0
1823,2018-03-19,243.0,243.0,234.0,233.0,564260928,331412,49,232.0,242.0
1824,2018-03-25,241.0,242.0,233.0,234.0,10651265770,6333318,350,233.0,233.0
1825,2018-03-26,234.0,235.0,230.0,232.0,7433996974,4445395,258,234.0,235.0
1826,2018-03-27,236.0,237.0,231.0,233.0,5036156031,3005899,182,232.0,232.0
1827,2018-03-28,230.0,236.0,230.0,233.0,770264716,459421,57,233.0,232.0
1828,2018-04-03,236.0,236.0,231.0,232.0,2860068268,1711325,181,233.0,233.0
1829,2018-04-04,236.0,244.0,235.0,243.0,17799405155,10182317,455,232.0,244.0
1830,2018-04-07,252.0,255.0,249.0,254.0,28047523097,15352137,1136,243.0,255.0
1831,2018-04-08,256.0,256.0,241.0,244.0,5918382430,3375338,368,254.0,241.0
1832,2018-04-09,243.0,243.0,235.0,237.0,2415693162,1417439,196,244.0,236.0
1833,2018-04-10,236.0,249.0,234.0,246.0,2833047712,1596939,215,237.0,249.0
1834,2018-04-11,247.0,255.0,234.0,239.0,2750607200,1598268,231,246.0,236.0
1835,2018-04-15,239.0,251.0,236.0,240.0,776620906,445714,80,239.0,236.0
1836,2018-04-16,235.0,247.0,235.0,239.0,719217679,421939,63,240.0,239.0
1837,2018-04-17,235.0,241.0,235.0,238.0,740188093,435101,70,239.0,236.0
1838,2018-04-18,245.0,245.0,234.0,236.0,861825966,509317,77,238.0,235.0
1839,2018-04-21,242.0,248.0,241.0,247.0,2967944900,1666886,142,236.0,248.0
1840,2018-04-22,260.0,260.0,250.0,256.0,14763443394,7997455,771,247.0,250.0
1841,2018-04-23,255.0,255.0,247.0,251.0,2896822780,1604529,216,256.0,249.0
1842,2018-04-24,246.0,252.0,244.0,246.0,2127828392,1202984,193,251.0,246.0
1843,2018-04-25,250.0,258.0,250.0,258.0,9296020003,5014533,402,246.0,257.0
1844,2018-04-28,260.0,261.0,247.0,253.0,3030004119,1663903,276,258.0,249.0
1845,2018-04-29,251.0,262.0,246.0,254.0,2870006880,1571617,184,253.0,247.0
1846,2018-04-30,250.0,253.0,243.0,246.0,2126910435,1201841,169,254.0,248.0
1847,2018-05-01,245.0,253.0,245.0,247.0,1201826423,673261,70,246.0,248.0
1848,2018-05-05,247.0,250.0,235.0,238.0,2335355180,1361108,111,247.0,236.0
1849,2018-05-06,236.0,237.0,230.0,236.0,827860986,492027,83,238.0,237.0
1850,2018-05-07,236.0,246.0,236.0,238.0,840502424,485624,101,236.0,240.0
1851,2018-05-08,242.0,245.0,240.0,240.0,806624223,463246,102,238.0,243.0
1852,2018-05-09,230.0,252.0,230.0,240.0,3735275429,2163664,271,240.0,240.0
1853,2018-05-12,235.0,246.0,232.0,239.0,1308706962,763179,133,240.0,239.0
1854,2018-05-13,242.0,250.0,240.0,244.0,1647110783,936239,142,239.0,250.0
1855,2018-05-14,249.0,256.0,246.0,252.0,2740944862,1509153,191,244.0,254.0
1856,2018-05-15,256.0,259.0,245.0,250.0,3077168850,1711265,225,252.0,253.0
1857,2018-05-16,245.0,257.0,245.0,252.0,2626244035,1445929,266,250.0,250.0
1858,2018-05-19,253.0,254.0,246.0,250.0,1841397460,1025016,150,252.0,249.0
1859,2018-05-20,247.0,254.0,247.0,251.0,2045325987,1132891,153,250.0,250.0
1860,2018-05-21,252.0,261.0,248.0,256.0,9031312006,4894177,547,251.0,257.0
1861,2018-05-22,260.0,261.0,254.0,258.0,2426300730,1307927,218,256.0,254.0
1862,2018-05-23,252.0,254.0,247.0,250.0,2655147620,1474243,205,258.0,247.0
1863,2018-05-26,253.0,255.0,247.0,252.0,2462222167,1359655,154,250.0,249.0
1864,2018-05-27,250.0,251.0,245.0,249.0,1384764775,776579,107,252.0,247.0
1865,2018-05-28,247.0,247.0,240.0,245.0,1047756449,600545,114,249.0,240.0
1866,2018-05-29,241.0,243.0,236.0,239.0,2155336485,1255142,176,245.0,239.0
1867,2018-05-30,237.0,242.0,236.0,239.0,899081327,521678,80,239.0,238.0
1868,2018-06-02,238.0,243.0,236.0,238.0,1572712580,917298,210,239.0,243.0
1869,2018-06-03,243.0,243.0,239.0,241.0,1306791627,751469,136,238.0,240.0
1870,2018-06-09,238.0,238.0,236.0,237.0,1621697160,951337,169,241.0,236.0
1871,2018-06-10,236.0,240.0,236.0,237.0,1034707474,607958,122,237.0,236.0
1872,2018-06-11,237.0,242.0,236.0,238.0,691572586,399845,91,237.0,242.0
1873,2018-06-12,238.0,242.0,238.0,239.0,1696990604,985262,126,238.0,240.0
1874,2018-06-13,243.0,251.0,239.0,251.0,14626579740,8114224,417,239.0,251.0
1875,2018-06-17,256.0,263.0,247.0,261.0,15446463070,8233631,746,251.0,258.0
1876,2018-06-18,259.0,259.0,249.0,253.0,5881761030,3228909,339,261.0,249.0
1877,2018-06-19,256.0,256.0,246.0,249.0,4014127008,2235956,233,253.0,247.0
1878,2018-06-20,247.0,262.0,247.0,260.0,8910142438,4765107,300,249.0,262.0
1879,2018-06-23,268.0,273.0,264.0,272.0,10720511538,5468320,511,260.0,273.0
1880,2018-06-24,285.0,286.0,278.0,286.0,10628696690,5170495,414,272.0,286.0
1881,2018-06-25,300.0,300.0,300.0,300.0,4612573940,2137430,102,286.0,300.0
1882,2018-06-27,294.0,294.0,279.0,280.0,8388856164,4158232,279,300.0,279.0
1883,2018-06-30,267.0,275.0,266.0,269.0,10294270413,5311233,577,280.0,268.0
1884,2018-07-01,271.0,273.0,256.0,262.0,10297062610,5452351,612,269.0,264.0
1885,2018-07-02,270.0,276.0,266.0,273.0,3336333694,1694993,279,262.0,276.0
1886,2018-07-04,293.0,304.0,282.0,292.0,8637691250,4108602,597,273.0,284.0
1887,2018-07-07,292.0,292.0,277.0,279.0,5403543238,2690300,438,292.0,277.0
1888,2018-07-08,277.0,277.0,266.0,270.0,3735768053,1921581,261,279.0,266.0
1889,2018-07-10,263.0,272.0,263.0,268.0,3510862493,1822782,220,270.0,267.0
1890,2018-07-11,264.0,277.0,260.0,268.0,4151446959,2148755,338,268.0,270.0
1891,2018-07-14,277.0,277.0,266.0,269.0,1199096030,620111,118,268.0,266.0
1892,2018-07-15,264.0,270.0,258.0,262.0,2861841539,1521029,145,269.0,258.0
1893,2018-07-16,261.0,264.0,252.0,258.0,2757572245,1486759,211,262.0,253.0
1894,2018-07-17,254.0,256.0,247.0,251.0,2595743047,1434365,233,258.0,251.0
1895,2018-07-18,256.0,256.0,239.0,246.0,5485150764,3095901,356,251.0,239.0
1896,2018-07-24,236.0,258.0,236.0,252.0,4567252210,2595947,222,246.0,258.0
1897,2018-07-25,264.0,264.0,264.0,262.0,1535931072,832032,45,252.0,264.0
1898,2018-07-28,275.0,275.0,275.0,266.0,581357212,302948,40,262.0,275.0
1899,2018-07-29,279.0,279.0,265.0,278.0,18728862743,9651634,517,266.0,279.0
1900,2018-07-30,286.0,292.0,281.0,291.0,8866581993,4363820,302,278.0,292.0
1901,2018-07-31,306.0,306.0,306.0,303.0,1769295771,829487,43,291.0,306.0
1902,2018-08-01,314.0,329.0,298.0,315.0,35896320095,16316382,1302,303.0,329.0
1903,2018-08-04,331.0,331.0,331.0,331.0,2644545750,1144825,104,315.0,331.0
1904,2018-08-05,347.0,347.0,347.0,347.0,2429675400,1001928,115,331.0,347.0
1905,2018-08-06,364.0,364.0,364.0,364.0,6508137706,2560243,91,347.0,364.0
1906,2018-08-07,382.0,382.0,382.0,382.0,6536706618,2449122,82,364.0,382.0
1907,2018-08-11,401.0,421.0,401.0,420.0,7432891966,2534173,141,382.0,421.0
1908,2018-08-12,429.0,433.0,399.0,411.0,106752904147,37168047,2716,420.0,408.0
1909,2018-08-13,408.0,432.0,401.0,429.0,60386111498,20165757,1202,411.0,432.0
1910,2018-08-14,445.0,450.0,433.0,449.0,103024350808,32840788,1852,429.0,450.0
1911,2018-08-15,461.0,472.0,457.0,469.0,24204591037,7390111,333,449.0,472.0
1912,2018-08-18,492.0,492.0,492.0,492.0,5097158172,1482594,65,469.0,492.0
1913,2018-08-19,517.0,517.0,517.0,517.0,23888198367,6619063,112,492.0,517.0
1914,2018-08-20,543.0,570.0,543.0,569.0,227530588397,57291310,2431,517.0,570.0
1915,2018-08-21,597.0,597.0,573.0,596.0,52650068008,12653328,432,569.0,597.0
1916,2018-08-25,626.0,626.0,626.0,624.0,4243439309,971261,54,596.0,626.0
1917,2018-08-26,655.0,655.0,655.0,632.0,1226013804,268157,21,624.0,655.0
1918,2018-08-28,663.0,696.0,630.0,660.0,153749171051,33356445,2383,632.0,670.0
1919,2018-08-29,666.0,679.0,627.0,644.0,53295740200,11859619,1221,660.0,627.0
1920,2018-09-01,620.0,625.0,612.0,614.0,11907308567,2775361,297,644.0,612.0
1921,2018-09-02,584.0,584.0,584.0,602.0,1703706860,417985,49,614.0,584.0
1922,2018-09-03,572.0,572.0,572.0,572.0,6493904510,1625915,97,602.0,572.0
1923,2018-09-04,569.0,601.0,562.0,589.0,96790947278,23553471,1823,572.0,601.0
1924,2018-09-11,714.0,748.0,691.0,730.0,45143528877,14255125,1041,589.0,746.0
1925,2018-09-12,766.0,766.0,726.0,759.0,113717371730,34521145,2503,730.0,730.0
1926,2018-09-15,721.0,721.0,721.0,721.0,11001580660,3514882,487,759.0,721.0
1927,2018-09-16,685.0,712.0,685.0,688.0,56147106284,18808742,1412,721.0,693.0
1928,2018-09-17,704.0,716.0,653.0,689.0,40010390310,13375852,1739,688.0,666.0
1929,2018-09-18,661.0,716.0,659.0,692.0,30510993323,10156550,1256,689.0,689.0
1930,2018-09-22,722.0,723.0,696.0,715.0,28986373258,9334025,1217,692.0,706.0
1931,2018-09-23,709.0,751.0,686.0,737.0,97463705239,30479441,2412,715.0,751.0
1932,2018-09-24,773.0,773.0,758.0,772.0,139540439875,41627261,3482,737.0,773.0
1933,2018-09-25,811.0,811.0,737.0,805.0,107905952072,30875708,2285,772.0,787.0
1934,2018-09-26,829.0,845.0,788.0,830.0,156429590238,43421932,4316,805.0,845.0
1935,2018-09-29,871.0,871.0,871.0,862.0,6080124609,1607223,125,830.0,871.0
1936,2018-09-30,905.0,950.0,905.0,945.0,73038250537,17801944,2305,862.0,950.0
1937,2018-10-01,967.0,967.0,898.0,911.0,83869945070,21215608,2438,945.0,898.0
1938,2018-10-02,865.0,865.0,865.0,886.0,4267646076,1136221,148,911.0,865.0
1939,2018-10-03,842.0,842.0,842.0,842.0,10530338364,2881866,265,886.0,842.0
1940,2018-10-06,818.0,882.0,800.0,827.0,48638307552,13547578,1392,842.0,800.0
1941,2018-10-07,786.0,786.0,786.0,811.0,2723335578,798398,73,827.0,786.0
1942,2018-10-08,771.0,771.0,771.0,809.0,393529215,117647,27,811.0,771.0
1943,2018-10-09,768.0,838.0,768.0,791.0,76639552861,22333416,2230,809.0,768.0
1944,2018-10-10,776.0,815.0,751.0,758.0,35994144311,10939254,940,791.0,751.0
1945,2018-10-13,723.0,796.0,720.0,746.0,36564518374,11296889,901,758.0,720.0
1946,2018-10-14,712.0,737.0,709.0,714.0,17009037430,5486548,495,746.0,723.0
1947,2018-10-15,749.0,750.0,731.0,750.0,19191341892,5897673,449,714.0,750.0
1948,2018-10-16,787.0,787.0,787.0,787.0,8645612472,2530917,102,750.0,787.0
1949,2018-10-21,903.0,921.0,858.0,885.0,94943117572,24713606,2154,787.0,864.0
1950,2018-10-22,885.0,885.0,841.0,848.0,52911817714,14365708,1617,885.0,841.0
1951,2018-10-23,815.0,825.0,806.0,807.0,10690602613,3051299,250,848.0,806.0
1952,2018-10-24,767.0,767.0,767.0,794.0,2215539383,665527,77,807.0,767.0
1953,2018-10-27,755.0,755.0,755.0,785.0,1618796088,494138,75,794.0,755.0
1954,2018-10-28,746.0,818.0,746.0,763.0,64824411601,19569855,1846,785.0,774.0
1955,2018-10-29,783.0,797.0,753.0,780.0,30418079190,8985485,1068,763.0,783.0
1956,2018-10-31,819.0,819.0,819.0,802.0,4225048510,1188815,172,780.0,819.0
1957,2018-11-03,842.0,842.0,822.0,842.0,204695370366,56016039,2465,802.0,842.0
1958,2018-11-04,875.0,875.0,802.0,853.0,117276130377,31689798,2847,842.0,838.0
1959,2018-11-05,829.0,861.0,813.0,833.0,66038398156,18254489,1906,853.0,834.0
1960,2018-11-06,843.0,843.0,813.0,823.0,28866332314,8074743,1197,833.0,815.0
1961,2018-11-10,807.0,826.0,782.0,792.0,36397062211,10584717,1480,823.0,783.0
1962,2018-11-11,783.0,829.0,768.0,806.0,39490157913,11291847,1569,792.0,822.0
1963,2018-11-12,825.0,837.0,795.0,819.0,23406896884,6581922,1081,806.0,795.0
1964,2018-11-14,828.0,828.0,795.0,808.0,16767486357,4782521,684,819.0,795.0
1965,2018-11-17,813.0,813.0,767.0,782.0,26172857167,7703701,1064,808.0,772.0
1966,2018-11-18,758.0,782.0,744.0,746.0,23212304087,7171198,825,782.0,744.0
1967,2018-11-19,716.0,760.0,716.0,731.0,16374096295,5159571,1016,746.0,726.0
1968,2018-11-20,716.0,726.0,695.0,702.0,29293527589,9611783,1463,731.0,714.0
1969,2018-11-21,721.0,732.0,704.0,717.0,12910184962,4149298,756,702.0,718.0
1970,2018-11-24,703.0,716.0,681.0,687.0,9576638429,3208883,579,717.0,681.0
1971,2018-11-26,653.0,668.0,653.0,653.0,7289123585,2570900,344,687.0,653.0
1972,2018-11-27,653.0,668.0,626.0,644.0,24466005265,8750877,1061,653.0,645.0
1973,2018-11-28,645.0,645.0,612.0,617.0,17191689730,6414549,918,644.0,618.0
1974,2018-12-01,599.0,610.0,586.0,587.0,17848598492,7001627,904,617.0,586.0
1975,2018-12-02,604.0,616.0,589.0,611.0,12953206703,4884837,494,587.0,616.0
1976,2018-12-03,627.0,640.0,616.0,629.0,18182396486,6660615,774,611.0,624.0
1977,2018-12-04,629.0,631.0,607.0,615.0,7390452680,2769593,469,629.0,612.0
1978,2018-12-05,612.0,627.0,604.0,620.0,9275774664,3446225,537,615.0,620.0
1979,2018-12-08,615.0,631.0,615.0,625.0,12995976773,4788528,510,620.0,629.0
1980,2018-12-09,630.0,656.0,630.0,655.0,53005003759,18643898,1261,625.0,656.0
1981,2018-12-10,659.0,678.0,647.0,664.0,20310483764,7047093,931,655.0,654.0
1982,2018-12-11,636.0,691.0,636.0,674.0,40729194588,13930256,1111,664.0,680.0
1983,2018-12-12,690.0,696.0,674.0,685.0,32545241992,10948011,1082,674.0,695.0
1984,2018-12-15,700.0,700.0,659.0,677.0,12036803050,4097194,716,685.0,659.0
1985,2018-12-16,668.0,668.0,643.0,644.0,23403041319,8371893,828,677.0,643.0
1986,2018-12-17,652.0,652.0,614.0,622.0,10483656439,3884097,550,644.0,617.0
1987,2018-12-18,612.0,613.0,594.0,602.0,16075539452,6148309,659,622.0,606.0
1988,2018-12-19,619.0,619.0,594.0,606.0,7627473712,2899675,508,602.0,612.0
1989,2018-12-22,622.0,632.0,609.0,622.0,5439155751,2013820,481,606.0,632.0
1990,2018-12-23,633.0,653.0,622.0,648.0,12873920557,4575444,628,622.0,645.0
1991,2018-12-24,645.0,656.0,631.0,642.0,7142229789,2562028,321,648.0,644.0
1992,2018-12-25,636.0,645.0,620.0,624.0,13260423244,4897832,515,642.0,620.0
1993,2018-12-26,622.0,631.0,606.0,619.0,14142225321,5265004,648,624.0,631.0
1994,2018-12-29,627.0,645.0,627.0,636.0,6654250000,2410778,321,619.0,645.0
1995,2018-12-30,645.0,645.0,620.0,632.0,3615584684,1321419,308,636.0,630.0
1996,2018-12-31,623.0,647.0,622.0,638.0,5734051985,2069109,372,632.0,632.0
1997,2019-01-01,643.0,643.0,623.0,627.0,11181479239,4107387,538,638.0,629.0
1998,2019-01-02,633.0,633.0,606.0,614.0,11730279287,4399199,583,627.0,610.0
1999,2019-01-05,612.0,629.0,610.0,615.0,6542172366,2448777,388,614.0,611.0
2000,2019-01-06,624.0,624.0,603.0,607.0,7807644363,2965749,469,615.0,607.0
2001,2019-01-07,619.0,619.0,605.0,612.0,10051039221,3784756,455,607.0,610.0
2002,2019-01-08,615.0,639.0,610.0,624.0,14292375785,5273913,560,612.0,622.0
2003,2019-01-09,622.0,647.0,620.0,642.0,28120789941,10088989,870,624.0,646.0
2004,2019-01-12,656.0,659.0,645.0,651.0,16381593587,5799308,710,642.0,651.0
2005,2019-01-13,643.0,647.0,635.0,643.0,9494725269,3400880,476,651.0,642.0
2006,2019-01-14,645.0,645.0,629.0,635.0,7241726787,2628216,452,643.0,632.0
2007,2019-01-15,644.0,644.0,621.0,625.0,8898660276,3279902,582,635.0,631.0
2008,2019-01-16,642.0,643.0,626.0,632.0,10124671112,3691305,445,625.0,629.0
2009,2019-01-19,644.0,644.0,631.0,634.0,6175887158,2243735,387,632.0,633.0
2010,2019-01-20,642.0,642.0,610.0,625.0,15415781275,5680042,666,634.0,624.0
2011,2019-01-21,622.0,622.0,599.0,606.0,13106853790,4980914,730,625.0,606.0
2012,2019-01-22,613.0,616.0,601.0,610.0,4473281074,1688364,339,606.0,613.0
2013,2019-01-23,615.0,617.0,601.0,609.0,7428737262,2809139,540,610.0,611.0
2014,2019-01-26,621.0,621.0,610.0,614.0,7268418371,2725437,490,609.0,615.0
2015,2019-01-27,621.0,621.0,594.0,601.0,14568387071,5586446,818,614.0,603.0
2016,2019-01-28,599.0,606.0,580.0,592.0,9091001952,3534177,564,601.0,594.0
2017,2019-01-29,592.0,592.0,576.0,581.0,9056405100,3592316,789,592.0,584.0
2018,2019-01-30,582.0,586.0,560.0,575.0,7481118870,2994993,641,581.0,574.0
2019,2019-02-02,574.0,574.0,553.0,559.0,6184037586,2549678,507,575.0,555.0
2020,2019-02-03,553.0,567.0,531.0,537.0,12800890849,5489534,667,559.0,539.0
2021,2019-02-04,547.0,560.0,541.0,552.0,7277799958,3036540,434,537.0,550.0
2022,2019-02-05,550.0,560.0,542.0,551.0,8113883094,3389480,550,552.0,557.0
2023,2019-02-06,553.0,557.0,541.0,548.0,4098982394,1723278,344,551.0,550.0
2024,2019-02-10,553.0,553.0,541.0,546.0,3018673171,1275929,304,548.0,551.0
2025,2019-02-12,552.0,569.0,544.0,557.0,7267125186,3002730,460,546.0,566.0
2026,2019-02-13,558.0,570.0,550.0,560.0,4507388792,1851058,370,557.0,567.0
2027,2019-02-16,573.0,573.0,549.0,563.0,7831962087,3203841,538,560.0,562.0
2028,2019-02-17,570.0,571.0,556.0,564.0,4483634749,1829490,273,563.0,564.0
2029,2019-02-18,564.0,576.0,557.0,567.0,3448849920,1397830,252,564.0,564.0
2030,2019-02-19,570.0,570.0,553.0,562.0,2824895869,1164837,342,567.0,566.0
2031,2019-02-20,567.0,567.0,553.0,560.0,3390321888,1399356,253,562.0,560.0
2032,2019-02-23,564.0,569.0,556.0,560.0,5075681465,2088972,412,560.0,559.0
2033,2019-02-24,568.0,568.0,553.0,556.0,4176848873,1732943,406,560.0,555.0
2034,2019-02-25,556.0,562.0,552.0,555.0,4142923318,1721409,386,556.0,561.0
2035,2019-02-26,553.0,561.0,544.0,553.0,3130831509,1307036,319,555.0,551.0
2036,2019-02-27,553.0,555.0,543.0,551.0,3129594963,1312013,434,553.0,551.0
2037,2019-03-03,543.0,551.0,540.0,544.0,4354127253,1843725,444,551.0,548.0
2038,2019-03-04,551.0,551.0,527.0,536.0,7850735592,3376941,538,544.0,534.0
2039,2019-03-05,539.0,562.0,532.0,554.0,5240058652,2180384,254,536.0,562.0
2040,2019-03-06,581.0,581.0,581.0,581.0,6064355967,2403629,167,554.0,581.0
2041,2019-03-09,606.0,606.0,573.0,593.0,18585885942,7219871,1036,581.0,577.0
2042,2019-03-10,569.0,587.0,569.0,575.0,5408487242,2166030,462,593.0,571.0
2043,2019-03-11,571.0,601.0,566.0,586.0,11735664581,4613848,748,575.0,588.0
2044,2019-03-12,588.0,606.0,576.0,596.0,8417537649,3255354,489,586.0,594.0
2045,2019-03-13,599.0,599.0,581.0,586.0,5804346451,2283797,418,596.0,586.0
2046,2019-03-16,588.0,615.0,588.0,613.0,39184261039,14713832,1329,586.0,615.0
2047,2019-03-17,613.0,644.0,613.0,643.0,19048574138,6823208,795,613.0,644.0
2048,2019-03-18,652.0,662.0,625.0,645.0,17120561420,6109657,953,643.0,630.0
2049,2019-03-19,626.0,633.0,613.0,621.0,23133130928,8582306,1129,645.0,628.0
2050,2019-03-25,617.0,652.0,592.0,642.0,13490773596,4838687,622,621.0,645.0
2051,2019-03-26,655.0,674.0,655.0,673.0,15979006597,5470560,459,642.0,674.0
2052,2019-03-27,691.0,691.0,645.0,668.0,22223751145,7661726,963,673.0,658.0
2053,2019-03-30,659.0,672.0,648.0,659.0,13391808387,4678113,961,668.0,665.0
2054,2019-03-31,663.0,674.0,650.0,661.0,11813681940,4116415,618,659.0,664.0
2055,2019-04-06,664.0,670.0,650.0,661.0,9435720364,3286401,576,661.0,656.0
2056,2019-04-07,665.0,680.0,661.0,670.0,20924258261,7198959,891,661.0,667.0
2057,2019-04-08,668.0,669.0,645.0,666.0,10739696455,3715443,499,670.0,668.0
2058,2019-04-09,656.0,691.0,645.0,678.0,20323784976,6902209,793,666.0,688.0
2059,2019-04-10,691.0,712.0,689.0,709.0,28825131110,9368947,811,678.0,712.0
2060,2019-04-13,744.0,744.0,744.0,744.0,11660115890,3609943,238,709.0,744.0
2061,2019-04-14,780.0,781.0,728.0,766.0,124614650516,37482321,3378,744.0,781.0
2062,2019-04-15,776.0,804.0,774.0,795.0,94246110592,27311308,1923,766.0,797.0
2063,2019-04-16,804.0,806.0,779.0,793.0,71030955518,20636303,1576,795.0,779.0
2064,2019-04-17,753.0,783.0,753.0,762.0,36506027096,11034621,1062,793.0,766.0
2065,2019-04-20,768.0,797.0,760.0,786.0,19633274882,5750222,713,762.0,794.0
2066,2019-04-22,806.0,815.0,779.0,798.0,24133661460,6964118,829,786.0,787.0
2067,2019-04-23,769.0,795.0,758.0,771.0,19790205118,5916567,596,798.0,759.0
2068,2019-04-24,783.0,783.0,756.0,774.0,14601172672,4347584,503,771.0,779.0
2069,2019-04-27,801.0,801.0,777.0,787.0,20170245800,5900371,594,774.0,781.0
2070,2019-04-28,795.0,800.0,759.0,780.0,23816842929,7029187,838,787.0,784.0
2071,2019-04-29,784.0,819.0,783.0,816.0,45235307465,12771017,926,780.0,819.0
2072,2019-04-30,857.0,857.0,817.0,852.0,68052953015,18403197,1189,816.0,857.0
2073,2019-05-01,875.0,894.0,852.0,888.0,22685218988,5887787,446,852.0,894.0
2074,2019-05-04,932.0,932.0,932.0,932.0,8629457380,2133364,133,888.0,932.0
2075,2019-05-05,978.0,978.0,935.0,971.0,206244002547,48902130,2259,932.0,978.0
2076,2019-05-06,968.0,968.0,923.0,929.0,109098768148,27037796,1840,971.0,926.0
2077,2019-05-07,887.0,914.0,883.0,888.0,24976925430,6481618,399,929.0,883.0
2078,2019-05-08,844.0,932.0,844.0,886.0,76465867777,19884257,1620,888.0,925.0
2079,2019-05-11,924.0,930.0,855.0,911.0,72111339293,18233987,1276,886.0,880.0
2080,2019-05-12,887.0,887.0,866.0,867.0,27874056370,7404288,510,911.0,866.0
2081,2019-05-13,853.0,893.0,832.0,861.0,43845744703,11728948,1053,867.0,850.0
2082,2019-05-14,870.0,901.0,860.0,883.0,45748483840,11933634,929,861.0,875.0
2083,2019-05-15,875.0,887.0,839.0,848.0,37270379201,10120920,990,883.0,850.0
2084,2019-05-18,864.0,864.0,833.0,846.0,32773541655,8928710,800,848.0,849.0
2085,2019-05-19,849.0,888.0,834.0,886.0,116912941799,30406536,1356,846.0,888.0
2086,2019-05-20,853.0,873.0,841.0,846.0,44377503252,12079318,866,886.0,841.0
2087,2019-05-21,815.0,852.0,811.0,826.0,63168255945,17614530,1560,846.0,819.0
2088,2019-05-22,822.0,835.0,795.0,810.0,25616091618,7287546,860,826.0,799.0
2089,2019-05-25,802.0,806.0,769.0,785.0,32529146744,9543198,908,810.0,788.0
2090,2019-05-26,790.0,817.0,789.0,799.0,30495358833,8788753,955,785.0,799.0
2091,2019-05-28,820.0,823.0,788.0,806.0,23623183795,6747876,1113,799.0,800.0
2092,2019-05-29,791.0,818.0,784.0,793.0,19089128158,5545044,884,806.0,784.0
2093,2019-06-01,795.0,806.0,773.0,787.0,12534698474,3669569,734,793.0,806.0
2094,2019-06-02,806.0,826.0,806.0,823.0,36932864766,10333741,1268,787.0,824.0
2095,2019-06-03,837.0,864.0,807.0,858.0,46807706848,12571358,1230,823.0,864.0
2096,2019-06-08,882.0,882.0,815.0,868.0,44926097915,11919582,1404,858.0,868.0
2097,2019-06-09,873.0,911.0,869.0,902.0,54447407631,13911666,1584,868.0,911.0
2098,2019-06-10,919.0,940.0,875.0,907.0,55287812195,14044391,1903,902.0,875.0
2099,2019-06-11,885.0,908.0,862.0,891.0,43782771153,11318955,1607,907.0,893.0
2100,2019-06-12,910.0,935.0,885.0,929.0,106533635137,26422691,2295,891.0,914.0
2101,2019-06-15,919.0,928.0,890.0,910.0,32283603007,8168500,1071,929.0,891.0
2102,2019-06-16,896.0,933.0,883.0,903.0,44387919163,11320045,1512,910.0,885.0
2103,2019-06-17,919.0,946.0,887.0,929.0,44865833137,11123220,1623,903.0,927.0
2104,2019-06-18,921.0,947.0,899.0,922.0,35206102733,8795580,1110,929.0,947.0
2105,2019-06-19,954.0,967.0,919.0,947.0,57734027462,14042884,1716,922.0,940.0
2106,2019-06-22,900.0,924.0,900.0,902.0,29791557823,7610611,952,947.0,900.0
2107,2019-06-23,919.0,919.0,875.0,889.0,17595899706,4561068,994,902.0,892.0
2108,2019-06-24,896.0,919.0,887.0,906.0,18014391452,4580875,675,889.0,906.0
2109,2019-06-25,917.0,917.0,871.0,886.0,20009330133,5200059,780,906.0,891.0
2110,2019-06-26,898.0,928.0,876.0,896.0,24074644626,6189098,978,886.0,898.0
2111,2019-06-30,906.0,906.0,880.0,895.0,13708476664,3526441,670,896.0,885.0
2112,2019-07-01,887.0,897.0,865.0,878.0,16995231109,4459396,662,895.0,875.0
2113,2019-07-02,887.0,900.0,870.0,877.0,15890794102,4171376,681,878.0,879.0
2114,2019-07-03,894.0,894.0,868.0,876.0,11670529612,3070012,583,877.0,876.0
2115,2019-07-06,875.0,885.0,841.0,854.0,19821130342,5346148,840,876.0,846.0
2116,2019-07-07,836.0,858.0,836.0,844.0,17013201559,4640664,714,854.0,850.0
2117,2019-07-08,858.0,885.0,857.0,872.0,16479674706,4352311,678,844.0,864.0
2118,2019-07-09,849.0,883.0,836.0,845.0,17613625034,4802613,923,872.0,841.0
2119,2019-07-10,859.0,862.0,822.0,841.0,18347009106,5024829,1015,845.0,851.0
2120,2019-07-13,862.0,883.0,858.0,877.0,27274145126,7166226,1203,841.0,883.0
2121,2019-07-14,910.0,949.0,907.0,921.0,46529818632,11632647,1754,877.0,912.0
2122,2019-07-15,928.0,928.0,876.0,900.0,28840932410,7382676,1304,921.0,876.0
2123,2019-07-16,896.0,896.0,855.0,867.0,6635063066,1773930,494,900.0,855.0
2124,2019-07-17,825.0,905.0,825.0,876.0,32676239603,8589055,1324,867.0,866.0
2125,2019-07-20,841.0,898.0,841.0,868.0,14905289910,3956374,876,876.0,845.0
2126,2019-07-21,859.0,887.0,851.0,866.0,10943743978,2912423,585,868.0,852.0
2127,2019-07-22,862.0,873.0,850.0,859.0,11482748367,3077953,632,866.0,852.0
2128,2019-07-29,856.0,885.0,856.0,873.0,29400667989,7754954,859,859.0,868.0
2129,2019-07-30,875.0,875.0,843.0,853.0,14207193185,3834557,781,873.0,852.0
2130,2019-07-31,869.0,869.0,843.0,849.0,9906120707,2687068,601,853.0,862.0
2131,2019-08-03,862.0,875.0,848.0,859.0,8924481584,2394089,446,849.0,854.0
2132,2019-08-04,853.0,859.0,838.0,850.0,13973884790,3784688,783,859.0,852.0
2133,2019-08-05,853.0,859.0,841.0,849.0,16299283733,4422300,824,850.0,847.0
2134,2019-08-06,848.0,854.0,826.0,841.0,25955725366,7113202,1080,849.0,838.0
2135,2019-08-11,882.0,882.0,855.0,869.0,26061251394,6966378,946,841.0,863.0
2136,2019-08-13,884.0,912.0,857.0,908.0,158873202127,40617086,2252,869.0,912.0
2137,2019-08-14,954.0,954.0,938.0,953.0,230780958563,56267386,4435,908.0,954.0
2138,2019-08-17,973.0,982.0,943.0,969.0,105541610617,25302268,3845,953.0,957.0
2139,2019-08-18,971.0,1017.0,936.0,1005.0,79601635120,18395264,1559,969.0,1017.0
2140,2019-08-19,1055.0,1055.0,1036.0,1055.0,163679038059,36036313,2864,1005.0,1055.0
2141,2019-08-21,1089.0,1089.0,1034.0,1063.0,96301661639,21040232,3749,1055.0,1059.0
2142,2019-08-24,1101.0,1116.0,1069.0,1111.0,94231718949,19704917,2643,1063.0,1116.0
2143,2019-08-25,1068.0,1092.0,1055.0,1060.0,255055265376,55867290,6121,1111.0,1066.0
2144,2019-08-26,1068.0,1092.0,1061.0,1082.0,99500140274,21352541,3115,1060.0,1078.0
2145,2019-08-27,1092.0,1092.0,1028.0,1066.0,98633836484,21491539,3367,1082.0,1038.0
2146,2019-08-28,1054.0,1073.0,1015.0,1054.0,98224202949,21641475,2772,1066.0,1054.0
2147,2019-08-31,1068.0,1080.0,1034.0,1067.0,128385177310,27958970,3355,1054.0,1052.0
2148,2019-09-02,1059.0,1079.0,1006.0,1055.0,99614209569,21921832,2542,1067.0,1068.0
2149,2019-09-03,1075.0,1108.0,1075.0,1107.0,191122049629,40091372,1597,1055.0,1108.0
2150,2019-09-04,1138.0,1162.0,1131.0,1157.0,532544558648,106893296,6542,1107.0,1162.0
2151,2019-09-07,1215.0,1215.0,1176.0,1213.0,209481944550,40104886,3772,1157.0,1215.0
2152,2019-09-08,1250.0,1257.0,1177.0,1210.0,177247508348,34014986,6241,1213.0,1200.0
2153,2019-09-11,1210.0,1254.0,1168.0,1211.0,153603448584,29464142,4726,1210.0,1238.0
2154,2019-09-14,1231.0,1271.0,1209.0,1257.0,201915567002,37310657,4493,1211.0,1217.0
2155,2019-09-15,1231.0,1232.0,1194.0,1205.0,195971568328,37780938,5601,1257.0,1195.0
2156,2019-09-16,1202.0,1238.0,1168.0,1195.0,115328989294,22410121,4429,1205.0,1171.0
2157,2019-09-17,1184.0,1185.0,1136.0,1149.0,112507910395,22740446,3832,1195.0,1136.0
2158,2019-09-18,1136.0,1136.0,1092.0,1099.0,47033017667,9942697,1885,1149.0,1092.0
2159,2019-09-21,1067.0,1152.0,1067.0,1109.0,67655769293,14169018,2760,1099.0,1100.0
2160,2019-09-22,1109.0,1164.0,1109.0,1163.0,152719453707,30508055,2644,1109.0,1164.0
2161,2019-09-23,1208.0,1208.0,1168.0,1187.0,103588429767,20263565,2646,1163.0,1203.0
2162,2019-09-24,1210.0,1210.0,1131.0,1161.0,92349481428,18480967,2708,1187.0,1152.0
2163,2019-09-25,1129.0,1185.0,1129.0,1154.0,71443892479,14375986,2576,1161.0,1157.0
2164,2019-09-28,1175.0,1196.0,1148.0,1169.0,92458690890,18368638,3410,1154.0,1179.0
2165,2019-09-29,1194.0,1218.0,1145.0,1180.0,99140373954,19513611,3335,1169.0,1170.0
2166,2019-09-30,1191.0,1239.0,1176.0,1227.0,186056866197,35222559,3353,1180.0,1239.0
2167,2019-10-01,1274.0,1274.0,1173.0,1236.0,133322310753,25049853,4185,1227.0,1185.0
2168,2019-10-02,1194.0,1233.0,1174.0,1197.0,90227851685,17508525,2357,1236.0,1185.0
2169,2019-10-05,1257.0,1257.0,1243.0,1256.0,212571991983,39301901,2244,1197.0,1257.0
2170,2019-10-06,1290.0,1319.0,1265.0,1312.0,293135172369,51903919,4117,1256.0,1319.0
2171,2019-10-07,1362.0,1377.0,1303.0,1359.0,408610552194,69813489,7366,1312.0,1325.0
2172,2019-10-08,1324.0,1422.0,1292.0,1344.0,330130069764,57045307,7027,1359.0,1306.0
2173,2019-10-09,1301.0,1345.0,1277.0,1308.0,123877992739,21996787,3270,1344.0,1318.0
2174,2019-10-12,1332.0,1357.0,1265.0,1309.0,101043516862,17928716,3079,1308.0,1291.0
2175,2019-10-13,1278.0,1338.0,1244.0,1276.0,113569490578,20671356,3248,1309.0,1246.0
2176,2019-10-14,1226.0,1243.0,1212.0,1218.0,20282861279,3867917,627,1276.0,1212.0
2177,2019-10-21,1036.0,1088.0,1036.0,1064.0,14517010041,3170101,320,1218.0,1088.0
2178,2019-10-22,1116.0,1116.0,1092.0,1115.0,286075254528,59610031,3613,1064.0,1116.0
2179,2019-10-23,1138.0,1138.0,1074.0,1110.0,77412321364,16194749,2453,1115.0,1132.0
2180,2019-10-26,1150.0,1150.0,1084.0,1112.0,54809670475,11451803,1866,1110.0,1121.0
2181,2019-10-28,1123.0,1167.0,1103.0,1156.0,48603057774,9767563,1231,1112.0,1167.0
2182,2019-10-30,1213.0,1213.0,1198.0,1211.0,27984788659,5367354,694,1156.0,1213.0
2183,2019-11-02,1271.0,1271.0,1211.0,1253.0,149347332790,27687595,3667,1211.0,1271.0
2184,2019-11-03,1276.0,1315.0,1258.0,1305.0,140655234599,25027774,2644,1253.0,1315.0
2185,2019-11-04,1335.0,1342.0,1244.0,1285.0,108914703310,19682906,2998,1305.0,1251.0
2186,2019-11-05,1241.0,1324.0,1221.0,1269.0,68528635022,12538822,1966,1285.0,1255.0
2187,2019-11-09,1336.0,1388.0,1301.0,1333.0,113639536481,19798907,3933,1269.0,1312.0
2188,2019-11-10,1317.0,1319.0,1267.0,1277.0,53359601512,9706547,2117,1333.0,1267.0
2189,2019-11-11,1213.0,1213.0,1213.0,1213.0,14093732754,2698398,574,1277.0,1213.0
2190,2019-11-12,1152.0,1251.0,1152.0,1195.0,325329222538,63262371,7136,1213.0,1233.0
2191,2019-11-13,1238.0,1254.0,1223.0,1253.0,148801214157,27590818,2650,1195.0,1254.0
2192,2019-11-16,1261.0,1261.0,1190.0,1203.0,117055328445,22606014,3605,1253.0,1190.0
2193,2019-11-17,1143.0,1171.0,1143.0,1143.0,103231231228,20974654,1967,1203.0,1143.0
2194,2019-11-18,1131.0,1184.0,1119.0,1162.0,43159277022,8624260,1640,1143.0,1150.0
2195,2019-11-19,1173.0,1204.0,1166.0,1188.0,45769259762,8950661,1379,1162.0,1190.0
2196,2019-11-23,1150.0,1188.0,1113.0,1148.0,130695695100,26434211,3744,1188.0,1146.0
2197,2019-11-24,1150.0,1154.0,1094.0,1116.0,82654455660,17205021,3156,1148.0,1129.0
2198,2019-11-25,1143.0,1172.0,1120.0,1161.0,41586392493,8320223,1092,1116.0,1172.0
2199,2019-11-26,1219.0,1219.0,1185.0,1217.0,269018303023,51335939,4193,1161.0,1219.0
2200,2019-11-27,1233.0,1244.0,1190.0,1215.0,77329698853,14787163,2548,1217.0,1201.0
2201,2019-11-30,1215.0,1242.0,1201.0,1226.0,110113214816,20855145,2850,1215.0,1231.0
2202,2019-12-01,1243.0,1274.0,1223.0,1247.0,126757102904,23617795,3549,1226.0,1240.0
2203,2019-12-02,1255.0,1266.0,1184.0,1211.0,119945041600,23012621,3934,1247.0,1205.0
2204,2019-12-03,1205.0,1217.0,1173.0,1197.0,78438613955,15220165,2816,1211.0,1194.0
2205,2019-12-04,1197.0,1231.0,1196.0,1207.0,84657734457,16294259,2759,1197.0,1205.0
2206,2019-12-07,1226.0,1259.0,1207.0,1234.0,88916024359,16732323,2994,1207.0,1229.0
2207,2019-12-11,1252.0,1312.0,1212.0,1278.0,315729423299,57368493,5905,1234.0,1286.0
2208,2019-12-14,1326.0,1342.0,1319.0,1341.0,204804709006,35478323,3087,1278.0,1342.0
2209,2019-12-15,1388.0,1393.0,1281.0,1345.0,292756836839,50567273,8778,1341.0,1324.0
2210,2019-12-16,1324.0,1412.0,1294.0,1387.0,435061098284,72877667,8187,1345.0,1412.0
2211,2019-12-17,1433.0,1456.0,1414.0,1453.0,277755244581,44411570,5940,1387.0,1456.0
2212,2019-12-18,1496.0,1521.0,1405.0,1464.0,242217861591,38426392,6291,1453.0,1438.0
2213,2019-12-21,1447.0,1498.0,1409.0,1443.0,158845484272,25576875,5960,1464.0,1426.0
2214,2019-12-22,1435.0,1515.0,1396.0,1477.0,302294492938,47549109,7807,1443.0,1496.0
2215,2019-12-23,1515.0,1522.0,1403.0,1435.0,278849640345,45126884,7410,1477.0,1417.0
2216,2019-12-24,1412.0,1456.0,1402.0,1425.0,119867576932,19539724,3817,1435.0,1417.0
2217,2019-12-25,1429.0,1440.0,1368.0,1395.0,151319349815,25195208,4939,1425.0,1405.0
2218,2019-12-28,1417.0,1460.0,1405.0,1427.0,160639980345,26143591,4207,1395.0,1424.0
2219,2019-12-29,1414.0,1440.0,1382.0,1404.0,176100762498,29127444,6098,1427.0,1412.0
2220,2019-12-30,1463.0,1474.0,1443.0,1473.0,342770273888,54053997,3303,1404.0,1474.0
2221,2019-12-31,1542.0,1542.0,1428.0,1495.0,266386745035,41395599,6401,1473.0,1484.0
2222,2020-01-01,1475.0,1524.0,1432.0,1468.0,188845463625,29881905,5677,1495.0,1440.0
2223,2020-01-04,1394.0,1394.0,1394.0,1428.0,5106612140,850535,231,1468.0,1394.0
2224,2020-01-05,1357.0,1357.0,1357.0,1357.0,22401606246,3833922,616,1428.0,1357.0
2225,2020-01-07,1289.0,1289.0,1289.0,1289.0,27636713741,4978691,507,1357.0,1289.0
2226,2020-01-08,1263.0,1263.0,1263.0,1279.0,3422777280,629187,160,1289.0,1263.0
2227,2020-01-11,1305.0,1305.0,1305.0,1305.0,19010377012,3384436,267,1279.0,1305.0
2228,2020-01-12,1346.0,1370.0,1319.0,1348.0,295087315148,50858562,7647,1305.0,1370.0
2229,2020-01-13,1375.0,1412.0,1336.0,1388.0,154218390306,25803110,4241,1348.0,1394.0
2230,2020-01-14,1414.0,1414.0,1328.0,1369.0,152152793226,25815164,4566,1388.0,1370.0
2231,2020-01-15,1343.0,1393.0,1336.0,1365.0,134575530563,22905097,3862,1369.0,1373.0
2232,2020-01-18,1380.0,1431.0,1377.0,1407.0,231826500186,38268898,5099,1365.0,1391.0
2233,2020-01-19,1394.0,1405.0,1337.0,1369.0,175132096907,29705416,5176,1407.0,1359.0
2234,2020-01-20,1347.0,1382.0,1337.0,1359.0,150988610058,25805258,5024,1369.0,1362.0
2235,2020-01-21,1396.0,1427.0,1371.0,1424.0,355945318819,58048776,3119,1359.0,1427.0
2236,2020-01-22,1479.0,1495.0,1440.0,1492.0,360246293370,56092808,3517,1424.0,1495.0
2237,2020-01-25,1566.0,1566.0,1566.0,1566.0,291085728197,43168579,2107,1492.0,1566.0
2238,2020-01-26,1644.0,1644.0,1591.0,1633.0,879003914792,125004685,9663,1566.0,1619.0
2239,2020-01-27,1626.0,1715.0,1556.0,1681.0,894865803687,123663380,8822,1633.0,1715.0
2240,2020-01-28,1764.0,1764.0,1764.0,1764.0,57528145754,7572482,753,1681.0,1764.0
2241,2020-02-01,1852.0,1852.0,1777.0,1843.0,982817164110,123825369,10198,1764.0,1852.0
2242,2020-02-02,1830.0,1934.0,1765.0,1869.0,533153221953,66263915,9435,1843.0,1881.0
2243,2020-02-03,1893.0,1958.0,1853.0,1910.0,484667769594,58923861,7161,1869.0,1902.0
2244,2020-02-04,1937.0,2006.0,1937.0,1994.0,481659298493,56089187,4322,1910.0,2006.0
2245,2020-02-05,2042.0,2094.0,1922.0,2052.0,466615429760,52824321,7682,1994.0,2094.0
2246,2020-02-10,1949.0,1974.0,1852.0,1908.0,445891483701,54276843,7260,2052.0,1917.0
2247,2020-02-12,1928.0,2000.0,1879.0,1936.0,470461138213,56429752,7671,1908.0,1916.0
2248,2020-02-15,1939.0,1939.0,1840.0,1850.0,318556034952,39988685,4922,1936.0,1844.0
2249,2020-02-16,1842.0,1943.0,1842.0,1936.0,328630646842,39430310,4473,1850.0,1943.0
2250,2020-02-17,1984.0,2020.0,1839.0,1893.0,325180929216,39900192,6316,1936.0,1839.0
2251,2020-02-18,1846.0,1884.0,1798.0,1811.0,364758722689,46775850,6799,1893.0,1843.0
2252,2020-02-22,1916.0,1995.0,1916.0,1955.0,247543358255,29403861,5094,1811.0,1934.0
2253,2020-02-23,2043.0,2053.0,2024.0,2050.0,251662016619,28506274,3921,1955.0,2053.0
2254,2020-02-24,2111.0,2111.0,1965.0,2007.0,265989877053,30774919,6230,2050.0,1997.0
2255,2020-02-25,2000.0,2055.0,1939.0,1997.0,415951452303,48375190,8526,2007.0,2039.0
2256,2020-02-26,2090.0,2090.0,1948.0,2008.0,322490112957,37296826,7336,1997.0,1957.0
2257,2020-02-29,1908.0,1961.0,1908.0,1913.0,285551537875,34673377,5372,2008.0,1908.0
2258,2020-03-01,1894.0,2002.0,1894.0,1963.0,185986673769,22004983,4571,1913.0,1948.0
2259,2020-03-02,1977.0,2053.0,1940.0,1997.0,316780201940,36844121,6324,1963.0,2041.0
2260,2020-03-03,2067.0,2097.0,2044.0,2092.0,295362350629,32787659,3237,1997.0,2097.0
2261,2020-03-04,2144.0,2197.0,2093.0,2177.0,395013479146,42134353,5385,2092.0,2197.0
2262,2020-03-07,2179.0,2179.0,2069.0,2108.0,235266040757,25922850,5222,2177.0,2069.0
2263,2020-03-09,2003.0,2003.0,2003.0,2041.0,29229676282,3389734,839,2108.0,2003.0
2264,2020-03-10,1939.0,1992.0,1939.0,1941.0,225992758940,27035781,3431,2041.0,1939.0
2265,2020-03-11,1951.0,1986.0,1893.0,1941.0,245911696133,29422073,5722,1941.0,1905.0
2266,2020-03-14,1844.0,1879.0,1844.0,1848.0,65877151288,8278174,1911,1941.0,1844.0
2267,2020-03-15,1756.0,1846.0,1756.0,1764.0,183166690854,24112345,4154,1848.0,1756.0
2268,2020-03-16,1756.0,1852.0,1756.0,1847.0,181080581534,22771262,3792,1764.0,1844.0
2269,2020-03-17,1879.0,1879.0,1755.0,1773.0,145369290582,19041309,4513,1847.0,1809.0
2270,2020-03-18,1819.0,1862.0,1807.0,1857.0,124579736945,15584667,2815,1773.0,1862.0
2271,2020-03-24,1874.0,1928.0,1800.0,1869.0,116783343577,14509946,3695,1857.0,1902.0
2272,2020-03-25,1905.0,1963.0,1904.0,1959.0,193404973331,22928173,4489,1869.0,1961.0
2273,2020-03-28,1987.0,2057.0,1927.0,2015.0,280412234272,32324719,6611,1959.0,2057.0
2274,2020-03-29,2092.0,2115.0,2016.0,2077.0,297627502051,33276765,6102,2015.0,2032.0
2275,2020-03-30,1977.0,2181.0,1973.0,2127.0,576345084544,62937220,7391,2077.0,2181.0
2276,2020-04-04,2233.0,2233.0,2230.0,2233.0,210113954388,21855077,1916,2127.0,2233.0
2277,2020-04-05,2344.0,2344.0,2265.0,2342.0,458692074772,45489658,4911,2233.0,2344.0
2278,2020-04-06,2459.0,2459.0,2344.0,2454.0,413572581999,39147174,5135,2342.0,2459.0
2279,2020-04-07,2576.0,2576.0,2454.0,2559.0,688305665630,62479558,11568,2454.0,2485.0
2280,2020-04-08,2469.0,2613.0,2434.0,2509.0,476131843895,44072455,10930,2559.0,2466.0
2281,2020-04-11,2439.0,2506.0,2384.0,2411.0,379813066401,36586055,8479,2509.0,2384.0
2282,2020-04-12,2347.0,2532.0,2347.0,2501.0,142483534548,13231506,2197,2411.0,2532.0
2283,2020-04-13,2614.0,2614.0,2462.0,2540.0,396082143490,36221560,6695,2501.0,2494.0
2284,2020-04-14,2413.0,2601.0,2413.0,2473.0,262700191067,24668630,6402,2540.0,2441.0
2285,2020-04-15,2487.0,2597.0,2477.0,2564.0,332436256906,30118609,7022,2473.0,2483.0
2286,2020-04-18,2625.0,2692.0,2543.0,2671.0,454141278154,39484679,8350,2564.0,2692.0
2287,2020-04-19,2764.0,2805.0,2645.0,2777.0,787272269067,65847553,7737,2671.0,2648.0
2288,2020-04-20,2761.0,2916.0,2741.0,2900.0,589925468573,47237909,5572,2777.0,2916.0
2289,2020-04-21,2996.0,3045.0,2916.0,3016.0,613398261696,47239656,8354,2900.0,3045.0
2290,2020-04-22,3124.0,3124.0,2865.0,3013.0,733996977798,56587066,11189,3016.0,3047.0
2291,2020-04-25,3112.0,3163.0,3084.0,3156.0,455624181712,33532343,5254,3013.0,3163.0
2292,2020-04-26,3252.0,3252.0,2998.0,3075.0,1222331495710,92337971,17722,3156.0,3027.0
2293,2020-04-27,3089.0,3228.0,2968.0,3145.0,752735869034,55594305,7974,3075.0,3228.0
2294,2020-04-28,3302.0,3302.0,3302.0,3302.0,54825557346,3856338,671,3145.0,3302.0
2295,2020-04-29,3467.0,3467.0,3467.0,3467.0,57738725671,3868073,713,3302.0,3467.0
2296,2020-05-02,3640.0,3640.0,3640.0,3640.0,268635031924,17139988,915,3467.0,3640.0
2297,2020-05-05,3822.0,4013.0,3631.0,3918.0,2524534896299,149651614,13732,3640.0,3879.0
2298,2020-05-06,3902.0,4114.0,3761.0,4068.0,1738869582411,99281534,13562,3918.0,4113.0
2299,2020-05-09,4134.0,4271.0,4004.0,4166.0,1371411238142,76459842,19298,4068.0,4039.0
2300,2020-05-10,4180.0,4273.0,3958.0,4061.0,871958726192,49862219,12807,4166.0,3958.0
2301,2020-05-11,3859.0,3958.0,3859.0,3876.0,266646934962,15978239,4341,4061.0,3859.0
2302,2020-05-12,3682.0,3682.0,3682.0,3682.0,46290398222,2919793,993,3876.0,3682.0
2303,2020-05-13,3498.0,3667.0,3498.0,3515.0,1417013310327,93616556,14088,3682.0,3498.0
2304,2020-05-16,3340.0,3377.0,3340.0,3342.0,183891233977,12780064,2267,3515.0,3340.0
2305,2020-05-17,3175.0,3245.0,3175.0,3177.0,380146817439,27788107,3925,3342.0,3213.0
2306,2020-05-18,3336.0,3336.0,3055.0,3257.0,675296819737,48161221,10248,3177.0,3284.0
2307,2020-05-19,3354.0,3413.0,3205.0,3322.0,607450619908,42471947,9861,3257.0,3319.0
2308,2020-05-20,3414.0,3414.0,3156.0,3204.0,337493490655,24460559,5884,3322.0,3156.0
2309,2020-05-23,3044.0,3044.0,3044.0,3044.0,112689934780,8597035,1825,3204.0,3044.0
2310,2020-05-26,2896.0,3049.0,2896.0,2902.0,334401000000,26803761,4741,3044.0,2896.0
2311,2020-05-27,2820.0,3047.0,2820.0,2957.0,561431593269,44164089,9612,2902.0,3029.0
2312,2020-05-30,3104.0,3104.0,3093.0,3104.0,335642120215,25148730,4590,2957.0,3104.0
2313,2020-05-31,3249.0,3249.0,2949.0,3041.0,442715116938,33863157,8455,3104.0,2989.0
2314,2020-06-01,2989.0,3184.0,2954.0,3053.0,249713390351,19026506,5384,3041.0,3023.0
2315,2020-06-02,3116.0,3205.0,3054.0,3137.0,344316545045,25525846,6437,3053.0,3203.0
2316,2020-06-06,3294.0,3294.0,3294.0,3294.0,141506569455,9991285,1587,3137.0,3294.0
2317,2020-06-07,3459.0,3459.0,3325.0,3450.0,496566408314,33478397,5601,3294.0,3397.0
2318,2020-06-08,3622.0,3622.0,3277.0,3376.0,602390339686,41503917,10189,3450.0,3277.0
2319,2020-06-09,3349.0,3488.0,3217.0,3305.0,349440183361,24588405,6546,3376.0,3257.0
2320,2020-06-10,3372.0,3433.0,3313.0,3376.0,455048332809,31347523,7463,3305.0,3402.0
2321,2020-06-13,3512.0,3544.0,3414.0,3538.0,590110223080,38799986,6997,3376.0,3544.0
2322,2020-06-14,3558.0,3589.0,3361.0,3424.0,555925410120,37757110,9047,3538.0,3375.0
2323,2020-06-15,3361.0,3486.0,3254.0,3324.0,767304429700,53681012,12758,3424.0,3265.0
2324,2020-06-16,3326.0,3489.0,3324.0,3426.0,494205374440,33554073,7542,3324.0,3489.0
2325,2020-06-20,3596.0,3596.0,3596.0,3596.0,833198426280,53893818,6669,3426.0,3596.0
2326,2020-06-21,3775.0,3775.0,3775.0,3775.0,369579822000,22771400,1361,3596.0,3775.0
2327,2020-06-22,3963.0,3963.0,3963.0,3963.0,404622774720,23745468,1466,3775.0,3963.0
2328,2020-06-23,4161.0,4161.0,4161.0,4161.0,680364732610,38030449,2627,3963.0,4161.0
2329,2020-06-24,4140.0,4368.0,4024.0,4303.0,2463541723940,133175611,18099,4161.0,4365.0
2330,2020-06-27,4368.0,4517.0,4321.0,4484.0,2562518421480,132898139,20813,4303.0,4421.0
2331,2020-06-28,4484.0,4484.0,4261.0,4298.0,1576970944770,85321161,17272,4484.0,4261.0
2332,2020-06-29,4084.0,4512.0,4084.0,4328.0,1158634271030,62270010,13910,4298.0,4477.0
2333,2020-06-30,4545.0,4545.0,4512.0,4545.0,1382409805370,70749754,13864,4328.0,4545.0
2334,2020-07-01,4770.0,4770.0,4559.0,4738.0,1977367435030,97081333,23886,4545.0,4770.0
2335,2020-07-04,4770.0,4772.0,4503.0,4533.0,1343204145130,68904648,21170,4738.0,4503.0
2336,2020-07-05,4307.0,4759.0,4307.0,4498.0,1481899061780,76612497,22637,4533.0,4570.0
2337,2020-07-06,4675.0,4721.0,4649.0,4719.0,2303877110190,113566156,23646,4498.0,4719.0
2338,2020-07-07,4791.0,4791.0,4484.0,4547.0,1501618392290,76802229,24843,4719.0,4484.0
2339,2020-07-08,4403.0,4547.0,4321.0,4365.0,598012646470,31858255,11463,4547.0,4321.0
2340,2020-07-11,4149.0,4547.0,4149.0,4307.0,1409850091910,76113278,21156,4365.0,4514.0
2341,2020-07-12,4521.0,4521.0,4372.0,4510.0,1253499564210,64647140,15769,4307.0,4419.0
2342,2020-07-13,4393.0,4510.0,4286.0,4335.0,1028241797260,55172550,17036,4510.0,4286.0
2343,2020-07-14,4256.0,4547.0,4119.0,4252.0,905995258110,49560358,16783,4335.0,4119.0
2344,2020-07-15,4042.0,4231.0,4040.0,4065.0,1067254985010,61068946,17280,4252.0,4040.0
2345,2020-07-18,4070.0,4268.0,4070.0,4261.0,1356632690210,74070951,14363,4065.0,4268.0
2346,2020-07-19,4465.0,4470.0,4291.0,4396.0,1338137364660,70793913,22969,4261.0,4375.0
2347,2020-07-20,4465.0,4614.0,4326.0,4519.0,1199997116940,61767597,19330,4396.0,4365.0
2348,2020-07-21,4349.0,4407.0,4293.0,4305.0,690961834300,37336102,10770,4519.0,4293.0
2349,2020-07-22,4093.0,4291.0,4091.0,4110.0,437895381790,24782185,7950,4305.0,4091.0
2350,2020-07-25,4117.0,4303.0,3977.0,4152.0,737649887110,41323384,16029,4110.0,4031.0
2351,2020-07-26,4152.0,4152.0,3945.0,3986.0,428041591280,24976538,8155,4152.0,3945.0
2352,2020-07-27,3977.0,4184.0,3977.0,4154.0,875075259150,49006395,10778,3986.0,4184.0
2353,2020-07-28,4361.0,4361.0,4186.0,4356.0,671916344200,35879008,9354,4154.0,4361.0
2354,2020-07-29,4419.0,4570.0,4145.0,4370.0,1050080707020,55871102,20533,4356.0,4363.0
2355,2020-08-01,4559.0,4559.0,4254.0,4342.0,799256219400,42805259,16533,4370.0,4256.0
2356,2020-08-02,4328.0,4559.0,4326.0,4491.0,1453325183270,75253233,18620,4342.0,4559.0
2357,2020-08-03,4652.0,4652.0,4419.0,4528.0,660463830850,33927043,11765,4491.0,4433.0
2358,2020-08-04,4419.0,4512.0,4303.0,4363.0,987330093050,52618801,16119,4528.0,4372.0
2359,2020-08-05,4210.0,4579.0,4210.0,4512.0,1106739178950,57060292,11315,4363.0,4579.0
2360,2020-08-09,4738.0,4738.0,4647.0,4735.0,1006535063750,49436455,7014,4512.0,4738.0
2361,2020-08-10,4970.0,4970.0,4768.0,4954.0,2202390300360,103387376,15837,4735.0,4970.0
2362,2020-08-11,4884.0,5200.0,4707.0,4984.0,2285163544740,106632744,19307,4954.0,5200.0
2363,2020-08-12,5233.0,5233.0,5233.0,5233.0,531337342500,23614993,3221,4984.0,5233.0
2364,2020-08-15,5442.0,5442.0,4973.0,5135.0,2518931904260,114062994,21293,5233.0,5047.0
2365,2020-08-16,5138.0,5324.0,4879.0,5007.0,472968055350,21971838,6562,5135.0,4879.0
2366,2020-08-17,4759.0,5024.0,4759.0,4772.0,712400890320,34713480,6665,5007.0,4759.0
2367,2020-08-18,4931.0,4977.0,4535.0,4659.0,1646480991600,82214475,18310,4772.0,4652.0
2368,2020-08-19,4426.0,4426.0,4426.0,4431.0,41420621880,2176596,824,4659.0,4426.0
2369,2020-08-22,4426.0,4535.0,4210.0,4333.0,129378347660,6945539,2035,4431.0,4210.0
2370,2020-08-23,4117.0,4117.0,4117.0,4256.0,16448202900,929277,476,4333.0,4117.0
2371,2020-08-24,4045.0,4045.0,4045.0,4210.0,10073453130,579267,386,4256.0,4045.0
2372,2020-08-25,4000.0,4419.0,4000.0,4161.0,1243169875770,69502991,12203,4210.0,4277.0
2373,2020-08-26,4342.0,4368.0,4161.0,4354.0,960511213630,51304777,12517,4161.0,4368.0
2374,2020-08-31,4349.0,4349.0,4138.0,4198.0,185186908800,10262135,3095,4354.0,4138.0
2375,2020-09-01,3989.0,3989.0,3989.0,4061.0,29806031150,1737961,458,4198.0,3989.0
2376,2020-09-12,3364.0,3364.0,3205.0,3282.0,102547500110,7302484,1139,4061.0,3271.0
2377,2020-09-13,3119.0,3119.0,3119.0,3161.0,28517411580,2137737,739,3282.0,3119.0
2378,2020-09-14,3004.0,3112.0,3004.0,3018.0,1233450524000,95523574,14803,3161.0,3037.0
2379,2020-09-15,3109.0,3168.0,3049.0,3154.0,707466615520,52431155,8839,3018.0,3168.0
2380,2020-09-16,3168.0,3261.0,2997.0,3088.0,367410109420,27818522,6167,3154.0,2997.0
2381,2020-09-19,2934.0,2981.0,2934.0,2936.0,272797555280,21727566,3667,3088.0,2934.0
2382,2020-09-20,2791.0,2791.0,2791.0,2826.0,34235944080,2867332,981,2936.0,2791.0
2383,2020-09-21,2686.0,2686.0,2686.0,2801.0,7916081460,688954,242,2826.0,2686.0
2384,2020-09-22,2663.0,2663.0,2663.0,2663.0,124820732000,10958800,1013,2801.0,2663.0
2385,2020-09-23,2560.0,2707.0,2532.0,2586.0,443253716280,40085466,7278,2663.0,2532.0
2386,2020-09-26,2525.0,2548.0,2457.0,2473.0,347598871650,32867225,4945,2586.0,2457.0
2387,2020-09-27,2352.0,2352.0,2352.0,2448.0,9468753680,941228,322,2473.0,2352.0
2388,2020-09-28,2326.0,2326.0,2326.0,2438.0,3375040000,339200,145,2448.0,2326.0
2389,2020-09-29,2317.0,2317.0,2317.0,2317.0,62574465250,6314275,555,2438.0,2317.0
2390,2020-09-30,2221.0,2312.0,2202.0,2209.0,434562814720,45963347,6959,2317.0,2235.0
2391,2020-10-03,2242.0,2319.0,2233.0,2298.0,108888892410,11073897,1761,2209.0,2319.0
2392,2020-10-04,2361.0,2371.0,2184.0,2251.0,288924628380,30011998,5005,2298.0,2186.0
2393,2020-10-05,2139.0,2230.0,2139.0,2155.0,235951769430,25592482,4082,2251.0,2188.0
2394,2020-10-12,2712.0,2782.0,2576.0,2644.0,648818638660,57356646,8221,2155.0,2635.0
2395,2020-10-13,2658.0,2775.0,2579.0,2756.0,558283634570,47369353,6524,2644.0,2775.0
2396,2020-10-14,2689.0,2791.0,2621.0,2660.0,259506404230,22812589,4202,2756.0,2630.0
2397,2020-10-18,2569.0,2569.0,2530.0,2586.0,28324411140,2610718,675,2660.0,2530.0
2398,2020-10-19,2457.0,2457.0,2457.0,2576.0,3752091020,357002,109,2586.0,2457.0
2399,2020-10-20,2448.0,2448.0,2448.0,2448.0,48982293090,4678347,305,2576.0,2448.0
2400,2020-10-21,2525.0,2569.0,2371.0,2534.0,427223656720,39401167,5527,2448.0,2569.0
2401,2020-11-15,2513.0,2618.0,2389.0,2448.0,419527791600,40068680,5558,2534.0,2401.0
2402,2020-11-16,2354.0,2569.0,2326.0,2513.0,311173115680,28957435,3834,2448.0,2569.0
2403,2020-11-17,2630.0,2637.0,2537.0,2635.0,133140551950,11818673,1189,2513.0,2637.0
2404,2020-11-18,2766.0,2766.0,2705.0,2766.0,531395594040,44930051,3139,2635.0,2766.0
2405,2020-11-24,3016.0,3165.0,2925.0,3072.0,1347245156300,102532693,10104,2766.0,3165.0
2406,2020-11-25,3224.0,3224.0,3109.0,3207.0,1046977943660,76311742,10446,3072.0,3200.0
2407,2020-11-28,3049.0,3261.0,3049.0,3109.0,665636404640,50066386,9121,3207.0,3144.0
2408,2020-11-29,3203.0,3264.0,3123.0,3247.0,806620991400,58068376,6875,3109.0,3264.0
2409,2020-11-30,3306.0,3341.0,3156.0,3233.0,539113346540,38995500,7874,3247.0,3163.0
2410,2020-12-01,3254.0,3378.0,3154.0,3275.0,699480928920,49927022,6639,3233.0,3236.0
2411,2020-12-02,3285.0,3439.0,3273.0,3432.0,2044826035940,139333623,8563,3275.0,3439.0
2412,2020-12-05,3483.0,3579.0,3444.0,3509.0,1146738215420,76395306,12673,3432.0,3493.0
2413,2020-12-06,3467.0,3572.0,3334.0,3451.0,1337164461670,90604437,15629,3509.0,3385.0
2414,2020-12-07,3371.0,3483.0,3280.0,3338.0,714050960740,50017457,8323,3451.0,3280.0
2415,2020-12-08,3273.0,3329.0,3172.0,3200.0,566803771760,41415541,7076,3338.0,3172.0
2416,2020-12-09,3121.0,3359.0,3121.0,3334.0,1403685540030,98449141,12441,3200.0,3359.0
2417,2020-12-12,3441.0,3441.0,3182.0,3308.0,613436968200,43342940,10494,3334.0,3205.0
2418,2020-12-13,3163.0,3273.0,3144.0,3161.0,597235343480,44169540,7625,3308.0,3144.0
2419,2020-12-14,3133.0,3219.0,3004.0,3058.0,371534077410,28405035,5041,3161.0,3004.0
2420,2020-12-15,2906.0,2990.0,2906.0,2908.0,159199644700,12801431,1556,3058.0,2906.0
2421,2020-12-16,2763.0,2876.0,2763.0,2784.0,634400347020,53274014,6803,2908.0,2833.0
2422,2020-12-19,2894.0,2922.0,2819.0,2911.0,518076157400,41611339,4917,2784.0,2922.0
2423,2020-12-20,2964.0,2981.0,2805.0,2890.0,284360151410,23000150,4838,2911.0,2831.0
2424,2020-12-21,2819.0,3027.0,2794.0,2929.0,519112364790,41414577,6424,2890.0,3002.0
2425,2020-12-22,3067.0,3074.0,3011.0,3074.0,520631513260,39606560,2825,2929.0,3074.0
2426,2020-12-23,3203.0,3215.0,2992.0,3105.0,653607024400,49200128,8460,3074.0,3058.0
2427,2020-12-26,3042.0,3179.0,3006.0,3074.0,521973549870,39692135,7061,3105.0,3042.0
2428,2020-12-27,3034.0,3193.0,3016.0,3086.0,388849730340,29464128,5449,3074.0,3042.0
2429,2020-12-28,3086.0,3179.0,2948.0,3042.0,436362263120,33534019,5890,3086.0,2971.0
2430,2020-12-29,2976.0,3030.0,2890.0,2901.0,384653238260,30998144,4594,3042.0,2890.0
2431,2020-12-30,2840.0,2901.0,2756.0,2782.0,348996028330,29333466,5240,2901.0,2756.0
2432,2021-01-02,2649.0,2747.0,2644.0,2646.0,206608471730,18252117,2773,2782.0,2644.0
2433,2021-01-03,2548.0,2686.0,2516.0,2565.0,365883120130,33362082,5220,2646.0,2537.0
2434,2021-01-04,2614.0,2691.0,2614.0,2689.0,238539042280,20743677,1772,2565.0,2691.0
2435,2021-01-05,2822.0,2822.0,2700.0,2775.0,504156350280,42488580,5828,2689.0,2717.0
2436,2021-01-06,2667.0,2735.0,2637.0,2642.0,335966779320,29739964,4020,2775.0,2637.0
2437,2021-01-09,2618.0,2663.0,2511.0,2576.0,310507579330,28167642,4614,2642.0,2630.0
2438,2021-01-10,2705.0,2705.0,2600.0,2677.0,229994396480,20079379,3801,2576.0,2660.0
2439,2021-01-11,2670.0,2705.0,2544.0,2602.0,362394810660,32574174,4813,2677.0,2553.0
2440,2021-01-12,2525.0,2583.0,2473.0,2485.0,339157483390,31891318,4081,2602.0,2473.0
2441,2021-01-13,2373.0,2525.0,2364.0,2436.0,209447394900,20103506,3817,2485.0,2478.0
2442,2021-01-16,2389.0,2548.0,2314.0,2345.0,331018675680,33003386,4251,2436.0,2314.0
2443,2021-01-18,2228.0,2310.0,2228.0,2230.0,120475285370,12634571,1421,2345.0,2228.0
2444,2021-01-19,2127.0,2340.0,2127.0,2300.0,312380608820,31738321,4092,2230.0,2340.0
2445,2021-01-20,2415.0,2415.0,2415.0,2415.0,73221622500,7088250,476,2300.0,2415.0
2446,2021-01-23,2534.0,2534.0,2534.0,2534.0,58443187920,5391438,277,2415.0,2534.0
2447,2021-01-24,2660.0,2660.0,2431.0,2625.0,673291996390,59971161,6688,2534.0,2611.0
2448,2021-01-25,2630.0,2756.0,2537.0,2712.0,378532597990,32643109,4484,2625.0,2756.0
2449,2021-01-26,2787.0,2833.0,2579.0,2689.0,365666333360,31810893,5277,2712.0,2593.0
2450,2021-01-27,2597.0,2749.0,2555.0,2665.0,259445830570,22768137,3612,2689.0,2677.0
2451,2021-01-30,2770.0,2798.0,2679.0,2780.0,271965974490,22864425,3284,2665.0,2798.0
2452,2021-01-31,2864.0,2864.0,2677.0,2754.0,334611249260,28407399,4836,2780.0,2724.0
2453,2021-02-01,2733.0,2787.0,2618.0,2658.0,246427126260,21676334,3029,2754.0,2618.0
2454,2021-02-02,2618.0,2712.0,2527.0,2600.0,220998270950,19877995,3172,2658.0,2630.0
2455,2021-02-03,2630.0,2700.0,2471.0,2520.0,257448582170,23889713,3230,2600.0,2485.0
2456,2021-02-06,2436.0,2530.0,2396.0,2403.0,239796099460,23328907,2842,2520.0,2396.0
2457,2021-02-07,2448.0,2523.0,2410.0,2511.0,140817362470,13110975,1138,2403.0,2523.0
2458,2021-02-08,2616.0,2621.0,2443.0,2523.0,193853392460,17959976,3150,2511.0,2511.0
2459,2021-02-09,2597.0,2646.0,2551.0,2630.0,134280971210,11940445,1308,2523.0,2646.0
2460,2021-02-13,2784.0,2787.0,2733.0,2784.0,526803053890,44249671,2953,2630.0,2787.0
2461,2021-02-14,2911.0,2911.0,2731.0,2784.0,368091418620,30912939,4078,2784.0,2759.0
2462,2021-02-15,2747.0,2920.0,2740.0,2852.0,269449017260,22088876,4360,2784.0,2906.0
2463,2021-02-16,2908.0,2962.0,2812.0,2890.0,256641464780,20755828,4243,2852.0,2943.0
2464,2021-02-17,2964.0,2964.0,2833.0,2871.0,193318384100,15737085,3076,2890.0,2836.0
2465,2021-02-20,2815.0,2822.0,2815.0,2815.0,96863596510,8044595,853,2871.0,2815.0
2466,2021-02-21,2759.0,2759.0,2759.0,2759.0,49536742200,4198029,399,2815.0,2759.0
2467,2021-02-22,2705.0,2705.0,2705.0,2707.0,44322737810,3830833,223,2759.0,2705.0
2468,2021-02-23,2653.0,2759.0,2653.0,2667.0,264209256480,23148032,2954,2707.0,2689.0
2469,2021-02-24,2689.0,2752.0,2616.0,2625.0,176128460060,15683354,2734,2667.0,2616.0
2470,2021-02-27,2586.0,2625.0,2574.0,2576.0,102413908790,9291818,1469,2625.0,2574.0
2471,2021-02-28,2525.0,2525.0,2525.0,2541.0,33759709200,3125899,245,2576.0,2525.0
2472,2021-03-01,2492.0,2567.0,2492.0,2501.0,192922341500,18027860,2930,2541.0,2546.0
2473,2021-03-02,2541.0,2583.0,2492.0,2537.0,291255264280,26843764,3780,2501.0,2572.0
2474,2021-03-08,2666.0,2823.0,2666.0,2755.0,117228256150,17179249,1508,2537.0,2823.0
2475,2021-03-09,2916.0,2916.0,2916.0,2916.0,122289666940,16937627,1360,2755.0,2916.0
2476,2021-03-10,2860.0,2944.0,2860.0,2880.0,300212702830,42128082,5298,2916.0,2892.0
2477,2021-03-13,2835.0,3050.0,2835.0,3025.0,333510357510,44541715,4484,2880.0,3050.0
2478,2021-03-14,3110.0,3130.0,2969.0,3021.0,278781275410,37288935,4890,3025.0,3025.0
2479,2021-03-15,3029.0,3138.0,2993.0,3094.0,131122782250,17119169,2405,3021.0,3082.0
2480,2021-03-16,3106.0,3179.0,3041.0,3114.0,161679169430,20973695,3166,3094.0,3114.0
2481,2021-03-17,3114.0,3183.0,3054.0,3062.0,205027486660,27043263,2782,3114.0,3054.0
2482,2021-03-27,3054.0,3215.0,3001.0,3138.0,134984239760,17380232,2573,3062.0,3159.0
2483,2021-03-28,3207.0,3207.0,3082.0,3134.0,84300697530,10859175,1891,3138.0,3163.0
2484,2021-03-30,3118.0,3183.0,3074.0,3090.0,127660763000,16680507,1957,3134.0,3122.0
2485,2021-03-31,3082.0,3272.0,3082.0,3231.0,361355068630,45153695,4498,3090.0,3272.0
2486,2021-04-03,3231.0,3296.0,3167.0,3179.0,113848603130,14465554,1973,3231.0,3167.0
2487,2021-04-04,3118.0,3167.0,3118.0,3118.0,63037650440,8162993,555,3179.0,3118.0
2488,2021-04-05,3058.0,3118.0,3058.0,3062.0,148116531960,19529885,1931,3118.0,3066.0
2489,2021-04-06,3070.0,3114.0,3001.0,3021.0,78674646060,10520112,1565,3062.0,3001.0
2490,2021-04-07,2985.0,3017.0,2965.0,2997.0,19714358200,2684382,464,3021.0,2965.0
2491,2021-04-10,2940.0,2940.0,2940.0,2993.0,1958145280,268976,55,2997.0,2940.0
2492,2021-04-11,2936.0,2936.0,2936.0,2989.0,2867426130,394419,64,2993.0,2936.0
2493,2021-04-12,2932.0,2932.0,2932.0,2981.0,7505402520,1033802,100,2989.0,2932.0
2494,2021-04-13,2936.0,3078.0,2924.0,2993.0,171158057800,23109228,2884,2981.0,2989.0
2495,2021-04-14,2969.0,2989.0,2936.0,2940.0,61695259230,8474791,1233,2993.0,2936.0
2496,2021-04-17,2892.0,2908.0,2884.0,2932.0,8389548950,1173173,148,2940.0,2884.0
2497,2021-04-18,2876.0,2876.0,2876.0,2928.0,2136035600,300005,31,2932.0,2876.0
2498,2021-04-19,2872.0,2872.0,2872.0,2924.0,1854344880,260808,61,2928.0,2872.0
2499,2021-04-20,2868.0,2908.0,2868.0,2876.0,92274876860,12967788,1590,2924.0,2868.0
2500,2021-04-21,2791.0,2827.0,2791.0,2823.0,30179428080,4366632,391,2876.0,2791.0
2501,2021-04-24,2743.0,2743.0,2743.0,2819.0,2486742440,366236,45,2823.0,2743.0
2502,2021-04-25,2738.0,2738.0,2738.0,2815.0,1386042180,204431,31,2819.0,2738.0
2503,2021-04-26,2734.0,2734.0,2734.0,2795.0,13188318810,1948053,130,2815.0,2734.0
2504,2021-04-27,2714.0,2775.0,2714.0,2718.0,87054001130,12935105,1651,2795.0,2714.0
2505,2021-04-28,2666.0,2783.0,2642.0,2706.0,81744440690,12197653,1722,2718.0,2738.0
2506,2021-05-01,2771.0,2775.0,2625.0,2658.0,47270369160,7184757,989,2706.0,2625.0
2507,2021-05-02,2581.0,2581.0,2581.0,2654.0,1527836220,239098,74,2658.0,2581.0
2508,2021-05-03,2577.0,2577.0,2577.0,2646.0,4364487820,684089,66,2654.0,2577.0
2509,2021-05-05,2569.0,2569.0,2569.0,2638.0,4231708680,665363,87,2646.0,2569.0
2510,2021-05-08,2561.0,2561.0,2561.0,2633.0,3044759640,480246,60,2638.0,2561.0
2511,2021-05-09,2557.0,2557.0,2557.0,2633.0,362512770,57269,27,2633.0,2557.0
2512,2021-05-10,2557.0,2605.0,2557.0,2557.0,58537335000,9240842,1242,2633.0,2557.0
2513,2021-05-11,2504.0,2621.0,2488.0,2561.0,95651845490,15098848,2179,2557.0,2533.0
2514,2021-05-12,2516.0,2581.0,2484.0,2528.0,33363363690,5356636,821,2561.0,2484.0
2515,2021-05-15,2464.0,2537.0,2403.0,2444.0,108141158260,17873050,2251,2528.0,2427.0
2516,2021-05-16,2419.0,2496.0,2383.0,2427.0,84996010140,14139349,1675,2444.0,2423.0
2517,2021-05-17,2367.0,2427.0,2335.0,2367.0,75482657980,12873166,1189,2427.0,2387.0
2518,2021-05-18,2347.0,2415.0,2294.0,2355.0,41801138450,7173676,1051,2367.0,2322.0
2519,2021-05-19,2322.0,2423.0,2258.0,2335.0,78072731290,13518512,2162,2355.0,2351.0
2520,2021-05-22,2322.0,2322.0,2221.0,2234.0,27564814790,4988404,681,2335.0,2221.0
2521,2021-05-23,2141.0,2197.0,2125.0,2137.0,19592307290,3704378,551,2234.0,2125.0
2522,2021-05-24,2040.0,2121.0,2032.0,2048.0,63563390390,12544716,1502,2137.0,2036.0
2523,2021-05-25,2036.0,2133.0,2036.0,2076.0,49612842220,9658449,1376,2048.0,2096.0
2524,2021-05-26,2072.0,2177.0,2072.0,2161.0,80229058360,14992373,1364,2076.0,2177.0
2525,2021-05-29,2250.0,2266.0,2221.0,2262.0,35211631380,6285191,418,2161.0,2266.0
2526,2021-05-30,2375.0,2375.0,2282.0,2367.0,218852772660,37354911,2426,2262.0,2375.0
2527,2021-05-31,2379.0,2456.0,2286.0,2367.0,63748322530,10883671,1441,2367.0,2335.0
2528,2021-06-01,2310.0,2407.0,2302.0,2355.0,63042974940,10809728,1024,2367.0,2359.0
2529,2021-06-02,2327.0,2472.0,2327.0,2468.0,123724358680,20257566,1387,2355.0,2472.0
2530,2021-06-07,2589.0,2589.0,2524.0,2569.0,159366049760,25057399,2188,2468.0,2557.0
2531,2021-06-08,2565.0,2589.0,2444.0,2496.0,123475088080,19974931,2257,2569.0,2456.0
2532,2021-06-09,2423.0,2504.0,2383.0,2448.0,44936894650,7410230,944,2496.0,2456.0
2533,2021-06-12,2395.0,2468.0,2363.0,2403.0,45121091650,7583440,832,2448.0,2411.0
2534,2021-06-13,2375.0,2504.0,2363.0,2456.0,55982846070,9203846,994,2403.0,2464.0
2535,2021-06-14,2456.0,2516.0,2379.0,2423.0,72297756470,12056742,1458,2456.0,2468.0
2536,2021-06-15,2476.0,2476.0,2314.0,2379.0,42846861050,7278092,1091,2423.0,2343.0
2537,2021-06-16,2395.0,2395.0,2318.0,2339.0,28916172860,4994800,798,2379.0,2339.0
2538,2021-06-19,2339.0,2452.0,2339.0,2427.0,79809106650,13278399,1175,2339.0,2452.0
2539,2021-06-20,2476.0,2476.0,2375.0,2415.0,38537325600,6444962,909,2427.0,2432.0
2540,2021-06-21,2448.0,2496.0,2403.0,2444.0,41025327190,6778658,851,2415.0,2496.0
2541,2021-06-22,2488.0,2565.0,2476.0,2524.0,80394175370,12867245,1389,2444.0,2520.0
2542,2021-06-23,2541.0,2650.0,2480.0,2617.0,167104818010,25785601,2018,2524.0,2650.0
2543,2021-06-26,2662.0,2747.0,2605.0,2726.0,135959780480,20153623,1928,2617.0,2694.0
2544,2021-06-27,2690.0,2779.0,2633.0,2694.0,66236949640,9937351,1286,2726.0,2654.0
2545,2021-06-28,2654.0,2686.0,2573.0,2609.0,62125334430,9620071,1277,2694.0,2625.0
2546,2021-06-29,2593.0,2682.0,2537.0,2593.0,44250833060,6893556,1042,2609.0,2577.0
2547,2021-06-30,2589.0,2722.0,2545.0,2710.0,222440343570,33173282,2201,2593.0,2722.0
2548,2021-07-03,2706.0,2759.0,2577.0,2617.0,144125488680,22244363,2207,2710.0,2585.0
2549,2021-07-04,2528.0,2678.0,2500.0,2621.0,31252078780,4817049,922,2617.0,2613.0
2550,2021-07-05,2589.0,2694.0,2589.0,2662.0,53779624750,8166285,1214,2621.0,2674.0
2551,2021-07-06,2706.0,2783.0,2662.0,2738.0,88802320640,13088395,1695,2662.0,2767.0
2552,2021-07-07,2767.0,2872.0,2706.0,2815.0,143753054960,20620755,2651,2738.0,2799.0
2553,2021-07-10,2803.0,2819.0,2690.0,2730.0,63329257650,9373183,1634,2815.0,2747.0
2554,2021-07-11,2747.0,2815.0,2694.0,2771.0,64308928110,9367888,1355,2730.0,2783.0
2555,2021-07-12,2751.0,2839.0,2734.0,2775.0,86309957150,12567348,1735,2771.0,2747.0
2556,2021-07-13,2747.0,2807.0,2662.0,2714.0,56276875780,8376227,1344,2775.0,2670.0
2557,2021-07-14,2674.0,2779.0,2662.0,2726.0,49766536770,7373099,1338,2714.0,2734.0
2558,2021-07-17,2714.0,2827.0,2714.0,2779.0,79306435030,11531136,1604,2726.0,2751.0
2559,2021-07-18,2726.0,2759.0,2706.0,2738.0,45661615810,6738430,1261,2779.0,2734.0
2560,2021-07-19,2718.0,2807.0,2718.0,2771.0,62690896890,9139999,1660,2738.0,2755.0
2561,2021-07-26,2633.0,2670.0,2633.0,2633.0,93079963800,14273080,964,2771.0,2633.0
2562,2021-07-27,2504.0,2553.0,2504.0,2508.0,294153963170,47340240,3001,2633.0,2504.0
2563,2021-07-28,2383.0,2456.0,2383.0,2395.0,237381848000,39999289,3646,2508.0,2407.0
2564,2021-07-31,2444.0,2508.0,2403.0,2464.0,105726539240,17345867,2183,2395.0,2472.0
2565,2021-08-01,2464.0,2500.0,2363.0,2415.0,94884431660,15862679,2221,2464.0,2399.0
2566,2021-08-02,2379.0,2456.0,2314.0,2363.0,85936986110,14681748,2244,2415.0,2335.0
2567,2021-08-03,2335.0,2367.0,2270.0,2310.0,71092609520,12419851,1950,2363.0,2306.0
2568,2021-08-04,2355.0,2423.0,2298.0,2359.0,101017306670,17310760,2076,2310.0,2423.0
2569,2021-08-07,2432.0,2460.0,2363.0,2432.0,84636513650,14068570,1795,2359.0,2440.0
2570,2021-08-08,2440.0,2553.0,2403.0,2537.0,149437567380,23800825,1750,2432.0,2553.0
2571,2021-08-09,2545.0,2589.0,2496.0,2549.0,93129365310,14767398,1929,2537.0,2553.0
2572,2021-08-10,2553.0,2666.0,2504.0,2609.0,157453169910,24374323,2089,2549.0,2666.0
2573,2021-08-11,2666.0,2710.0,2585.0,2638.0,174985951780,26784002,2437,2609.0,2686.0
2574,2021-08-14,2686.0,2686.0,2569.0,2609.0,79412975250,12298032,1537,2638.0,2638.0
2575,2021-08-15,2621.0,2738.0,2573.0,2722.0,120657885590,17913632,1360,2609.0,2738.0
2576,2021-08-22,2856.0,2856.0,2779.0,2856.0,565072721530,79976266,3682,2722.0,2856.0
2577,2021-08-23,2957.0,2997.0,2876.0,2981.0,270463084380,36650926,1758,2856.0,2997.0
2578,2021-08-24,3045.0,3126.0,3029.0,3122.0,827920828060,107164710,5095,2981.0,3126.0
2579,2021-08-25,3122.0,3231.0,3017.0,3122.0,430556648800,55680512,4715,3122.0,3114.0
2580,2021-08-28,3146.0,3272.0,2993.0,3207.0,225026465450,28323222,3627,3122.0,3167.0
2581,2021-08-29,3211.0,3211.0,3050.0,3094.0,404854721400,52870079,5022,3207.0,3050.0
2582,2021-08-30,2953.0,3009.0,2940.0,2944.0,144925520680,19873338,1430,3094.0,2940.0
2583,2021-08-31,2799.0,2884.0,2799.0,2807.0,476744914920,68636204,3892,2944.0,2799.0
2584,2021-09-01,2783.0,2920.0,2743.0,2856.0,140622136880,19879568,2202,2807.0,2888.0
2585,2021-09-04,2944.0,2944.0,2827.0,2888.0,171852949600,24021239,2674,2856.0,2884.0
2586,2021-09-06,2884.0,2884.0,2747.0,2791.0,82814586920,11976744,1406,2888.0,2751.0
2587,2021-09-07,2787.0,2856.0,2690.0,2795.0,128806987470,18619879,2770,2791.0,2811.0
2588,2021-09-08,2844.0,2916.0,2799.0,2880.0,98113689920,13760500,2677,2795.0,2900.0
2589,2021-09-11,2904.0,2969.0,2775.0,2868.0,72833352530,10251935,1801,2880.0,2811.0
2590,2021-09-12,2775.0,2856.0,2726.0,2734.0,112734219110,16641868,1480,2868.0,2726.0
2591,2021-09-13,2629.0,2747.0,2601.0,2621.0,98567648270,15185263,1976,2734.0,2625.0
2592,2021-09-14,2625.0,2726.0,2593.0,2678.0,46348869040,6993418,1499,2621.0,2698.0
2593,2021-09-15,2678.0,2763.0,2629.0,2682.0,55877507310,8414152,2014,2678.0,2662.0
2594,2021-09-18,2629.0,2702.0,2549.0,2573.0,86909623930,13636385,1456,2682.0,2549.0
2595,2021-09-19,2504.0,2605.0,2452.0,2504.0,61247600360,9880396,1256,2573.0,2500.0
2596,2021-09-20,2476.0,2557.0,2460.0,2496.0,46781743030,7572378,1280,2504.0,2476.0
2597,2021-09-21,2480.0,2533.0,2375.0,2383.0,86695813930,14684239,1509,2496.0,2375.0
2598,2021-09-22,2351.0,2500.0,2286.0,2403.0,79985142740,13435495,1783,2383.0,2464.0
2599,2021-09-25,2500.0,2520.0,2427.0,2488.0,75441364820,12253120,1490,2403.0,2516.0
2600,2021-09-26,2541.0,2541.0,2395.0,2444.0,38543675450,6373777,1084,2488.0,2436.0
2601,2021-09-28,2432.0,2464.0,2335.0,2403.0,38941808300,6546194,1159,2444.0,2375.0
2602,2021-09-29,2419.0,2476.0,2367.0,2432.0,43474543150,7219526,1092,2403.0,2472.0
2603,2021-10-02,2452.0,2553.0,2423.0,2528.0,104714648650,16719029,1918,2432.0,2524.0
2604,2021-10-03,2496.0,2577.0,2444.0,2488.0,46220318260,7503773,1159,2528.0,2456.0
2605,2021-10-04,2456.0,2565.0,2456.0,2488.0,29730500910,4826170,965,2488.0,2484.0
2606,2021-10-06,2520.0,2524.0,2456.0,2484.0,35087364630,5706644,1085,2488.0,2456.0
2607,2021-10-09,2456.0,2500.0,2363.0,2403.0,43691592900,7343271,1175,2484.0,2363.0
2608,2021-10-10,2322.0,2403.0,2322.0,2351.0,21963817160,3775914,847,2403.0,2375.0
2609,2021-10-11,2403.0,2411.0,2322.0,2359.0,22888847410,3922002,787,2351.0,2339.0
2610,2021-10-12,2339.0,2339.0,2242.0,2250.0,72059261570,12943859,1313,2359.0,2242.0
2611,2021-10-13,2234.0,2262.0,2157.0,2185.0,38159876560,7053148,829,2250.0,2193.0
2612,2021-10-16,2189.0,2294.0,2189.0,2290.0,23643117460,4166446,684,2185.0,2294.0
2613,2021-10-17,2294.0,2343.0,2193.0,2242.0,39562161980,7129535,1004,2290.0,2197.0
2614,2021-10-18,2242.0,2258.0,2133.0,2189.0,37234328050,6867908,986,2242.0,2230.0
2615,2021-10-19,2262.0,2298.0,2181.0,2290.0,66088510490,11657135,1170,2189.0,2298.0
2616,2021-10-20,2230.0,2278.0,2177.0,2209.0,160307087270,29315955,3443,2290.0,2205.0
2617,2021-10-23,2100.0,2100.0,2100.0,2100.0,39669198400,7628692,404,2209.0,2100.0
2618,2021-10-25,1995.0,1995.0,1995.0,1995.0,77379275740,15663821,726,2100.0,1995.0
2619,2021-10-26,1898.0,1975.0,1898.0,1902.0,229101309550,48643926,4290,1995.0,1898.0
2620,2021-11-01,1910.0,1910.0,1815.0,1842.0,136139711195,32241669,2703,1902.0,1815.0
2621,2021-11-02,1785.0,1876.0,1767.0,1839.0,88434376276,20980952,2248,1842.0,1859.0
2622,2021-11-03,1843.0,1931.0,1843.0,1920.0,64018963540,14547198,1143,1839.0,1931.0
2623,2021-11-06,1985.0,2016.0,1963.0,2011.0,102655146570,22270521,2006,1920.0,1977.0
2624,2021-11-07,1977.0,2016.0,1911.0,1929.0,148251028638,33526936,2666,2011.0,1917.0
2625,2021-11-08,1867.0,1997.0,1867.0,1943.0,92204303708,20709377,1953,1929.0,1943.0
2626,2021-11-09,1907.0,2003.0,1907.0,1967.0,67581588404,14993246,1557,1943.0,1942.0
2627,2021-11-10,1959.0,2059.0,1911.0,2004.0,145127455423,31600897,2503,1967.0,2051.0
2628,2021-11-13,1957.0,2064.0,1957.0,2018.0,93502589179,20215347,2052,2004.0,2028.0
2629,2021-11-14,2038.0,2073.0,1965.0,2008.0,59608667336,12949380,1498,2018.0,1989.0
2630,2021-11-15,1989.0,1989.0,1908.0,1933.0,56341284686,12714028,1388,2008.0,1908.0
2631,2021-11-16,1885.0,1928.0,1850.0,1883.0,53734446809,12454229,1535,1933.0,1889.0
2632,2021-11-17,1889.0,1928.0,1860.0,1884.0,37236367500,8626438,1110,1883.0,1883.0
2633,2021-11-20,1876.0,1962.0,1860.0,1909.0,64931047085,14840745,1785,1884.0,1915.0
2634,2021-11-21,1883.0,1959.0,1883.0,1926.0,60751007537,13763799,1318,1909.0,1959.0
2635,2021-11-22,1963.0,2022.0,1940.0,2014.0,67793268330,14686862,1046,1926.0,2022.0
2636,2021-11-23,2033.0,2094.0,1964.0,2029.0,89596374113,19269329,2055,2014.0,1985.0
2637,2021-11-24,1963.0,2020.0,1928.0,1951.0,62071672645,13880801,1296,2029.0,1942.0
2638,2021-11-27,1914.0,1977.0,1854.0,1860.0,71008377455,16662668,1271,1951.0,1854.0
2639,2021-11-28,1833.0,1898.0,1833.0,1874.0,39716778916,9249564,1050,1860.0,1861.0
2640,2021-11-29,1867.0,1897.0,1805.0,1833.0,41184218829,9803864,1070,1874.0,1815.0
2641,2021-11-30,1811.0,1889.0,1793.0,1849.0,36093329445,8519563,1027,1833.0,1819.0
2642,2021-12-01,1833.0,1850.0,1767.0,1787.0,53482202448,13060353,1055,1849.0,1797.0
2643,2021-12-04,1792.0,1815.0,1698.0,1716.0,48808381876,12409042,1341,1787.0,1716.0
2644,2021-12-05,1704.0,1762.0,1682.0,1706.0,27722402096,7089031,1021,1716.0,1702.0
2645,2021-12-06,1702.0,1740.0,1684.0,1711.0,33975859997,8664838,815,1706.0,1706.0
2646,2021-12-07,1658.0,1721.0,1636.0,1666.0,44085382087,11546413,1021,1711.0,1658.0
2647,2021-12-08,1636.0,1724.0,1636.0,1690.0,27937850936,7210935,933,1666.0,1719.0
2648,2021-12-11,1741.0,1775.0,1672.0,1767.0,139125732613,34354378,1959,1690.0,1775.0
2649,2021-12-12,1775.0,1795.0,1679.0,1723.0,46747198480,11836425,1232,1767.0,1732.0
2650,2021-12-13,1758.0,1758.0,1637.0,1661.0,63217237484,16610226,1018,1723.0,1637.0
2651,2021-12-14,1667.0,1667.0,1578.0,1605.0,44102444603,11992227,996,1661.0,1597.0
2652,2021-12-15,1557.0,1614.0,1525.0,1542.0,52654417410,14893993,1122,1605.0,1533.0
2653,2021-12-18,1558.0,1598.0,1528.0,1549.0,34706465543,9773024,903,1542.0,1545.0
2654,2021-12-19,1545.0,1548.0,1472.0,1485.0,67629421477,19867569,1160,1549.0,1478.0
2655,2021-12-20,1449.0,1559.0,1449.0,1545.0,67691313723,19110707,1246,1485.0,1559.0
2656,2021-12-21,1587.0,1623.0,1547.0,1608.0,46203690619,12538170,1017,1545.0,1614.0
2657,2021-12-22,1614.0,1688.0,1614.0,1686.0,22762011266,5891608,424,1608.0,1688.0
2658,2021-12-25,1737.0,1770.0,1719.0,1759.0,102105214476,25329349,1244,1686.0,1720.0
2659,2021-12-26,1696.0,1821.0,1693.0,1779.0,86975698381,21331632,1688,1759.0,1815.0
2660,2021-12-27,1828.0,1867.0,1816.0,1850.0,71965480245,16972152,1490,1779.0,1851.0
2661,2021-12-28,1820.0,1876.0,1789.0,1830.0,47566062518,11342932,933,1850.0,1833.0
2662,2021-12-29,1857.0,1857.0,1806.0,1833.0,56981605411,13567999,835,1830.0,1807.0
2663,2022-01-01,1796.0,1820.0,1761.0,1778.0,31450560726,7720761,764,1833.0,1782.0
2664,2022-01-02,1789.0,1814.0,1764.0,1792.0,20233723450,4925999,554,1778.0,1789.0
2665,2022-01-03,1767.0,1822.0,1747.0,1780.0,20626458769,5055117,662,1792.0,1787.0
2666,2022-01-04,1759.0,1806.0,1715.0,1778.0,35459633943,8700751,724,1780.0,1788.0
2667,2022-01-05,1769.0,1854.0,1769.0,1827.0,49498659297,11822174,915,1778.0,1828.0
2668,2022-01-08,1828.0,1869.0,1789.0,1826.0,48743586933,11646104,798,1827.0,1827.0
2669,2022-01-09,1828.0,1828.0,1754.0,1775.0,29502636683,7252198,657,1826.0,1762.0
2670,2022-01-10,1755.0,1796.0,1746.0,1771.0,32922415905,8113651,683,1775.0,1789.0
2671,2022-01-11,1806.0,1806.0,1755.0,1776.0,24267121810,5961979,517,1771.0,1789.0
2672,2022-01-12,1755.0,1785.0,1755.0,1772.0,31796576885,7830811,552,1776.0,1763.0
2673,2022-01-15,1756.0,1772.0,1683.0,1723.0,38467755337,9742052,703,1772.0,1683.0
2674,2022-01-16,1683.0,1708.0,1658.0,1676.0,23089825616,6013241,591,1723.0,1680.0
2675,2022-01-17,1644.0,1680.0,1592.0,1630.0,28754270309,7697291,770,1676.0,1592.0
2676,2022-01-18,1580.0,1614.0,1549.0,1554.0,48033704247,13483339,882,1630.0,1562.0
2677,2022-01-19,1556.0,1621.0,1527.0,1590.0,23415794090,6424839,678,1554.0,1621.0
2678,2022-01-22,1621.0,1621.0,1511.0,1546.0,51977901532,14667670,989,1590.0,1512.0
2679,2022-01-23,1486.0,1512.0,1469.0,1471.0,58643570841,17396677,825,1546.0,1479.0
2680,2022-01-24,1405.0,1468.0,1405.0,1433.0,25944814157,7900514,608,1471.0,1435.0
2681,2022-01-25,1405.0,1418.0,1361.0,1368.0,51767019781,16510964,594,1433.0,1366.0
2682,2022-02-09,1436.0,1436.0,1436.0,1436.0,36318044415,11035565,337,1368.0,1436.0
2683,2022-02-12,1508.0,1508.0,1508.0,1508.0,39695289650,11489230,283,1436.0,1508.0
2684,2022-02-13,1583.0,1583.0,1510.0,1580.0,227289820565,62792966,2600,1508.0,1583.0
2685,2022-02-14,1584.0,1584.0,1514.0,1540.0,48607845130,13773645,1402,1580.0,1518.0
2686,2022-02-16,1523.0,1559.0,1463.0,1487.0,63857916121,18742508,1592,1540.0,1518.0
2687,2022-02-19,1506.0,1561.0,1506.0,1539.0,33910283986,9616112,979,1487.0,1531.0
2688,2022-02-20,1511.0,1559.0,1488.0,1525.0,32951772691,9430997,722,1539.0,1553.0
2689,2022-02-21,1527.0,1600.0,1505.0,1579.0,98390278060,27189235,926,1525.0,1600.0
2690,2022-02-22,1609.0,1658.0,1597.0,1649.0,163357421804,43210668,1490,1579.0,1643.0
2691,2022-02-23,1628.0,1694.0,1623.0,1662.0,37490940706,9846577,955,1649.0,1665.0
2692,2022-02-26,1593.0,1693.0,1584.0,1622.0,28941640487,7785563,758,1662.0,1601.0
2693,2022-02-27,1580.0,1654.0,1571.0,1621.0,45358447391,12207882,755,1622.0,1622.0
2694,2022-02-28,1658.0,1674.0,1619.0,1662.0,49167073296,12906091,743,1621.0,1658.0
2695,2022-03-02,1636.0,1684.0,1617.0,1656.0,27616964837,7277459,732,1662.0,1641.0
2696,2022-03-05,1632.0,1731.0,1615.0,1703.0,50343263970,12898650,1106,1656.0,1697.0
2697,2022-03-06,1701.0,1788.0,1680.0,1755.0,69350192383,17242083,1136,1703.0,1788.0
2698,2022-03-07,1824.0,1842.0,1734.0,1803.0,79472192192,19232277,1486,1755.0,1741.0
2699,2022-03-08,1724.0,1785.0,1724.0,1757.0,41884686285,10404613,876,1803.0,1749.0
2700,2022-03-09,1724.0,1812.0,1724.0,1783.0,44492942305,10889611,872,1757.0,1811.0
2701,2022-03-12,1745.0,1763.0,1698.0,1737.0,77033116065,19350919,1113,1783.0,1702.0
2702,2022-03-13,1669.0,1728.0,1669.0,1692.0,43751809391,11285228,815,1737.0,1682.0
2703,2022-03-14,1662.0,1720.0,1659.0,1690.0,71578670070,18478347,722,1692.0,1703.0
2704,2022-03-15,1736.0,1775.0,1680.0,1758.0,34118712271,8469682,604,1690.0,1760.0
2705,2022-03-16,1780.0,1845.0,1780.0,1841.0,68343663736,16197153,988,1758.0,1845.0
2706,2022-03-19,1871.0,1933.0,1859.0,1919.0,42412036129,9643550,685,1841.0,1933.0
2707,2022-03-26,1985.0,1985.0,1920.0,1947.0,35641386306,7985803,698,1919.0,1936.0
2708,2022-03-27,1950.0,2011.0,1885.0,1979.0,55283608086,12190186,1000,1947.0,2001.0
2709,2022-03-28,2004.0,2038.0,1935.0,1988.0,60358004016,13243815,1266,1979.0,2020.0
2710,2022-03-29,2016.0,2020.0,1926.0,1981.0,52854126396,11638649,1015,1988.0,1963.0
2711,2022-03-30,1929.0,2038.0,1920.0,2000.0,44643941810,9738483,931,1981.0,2020.0
2712,2022-04-03,2007.0,2094.0,2003.0,2064.0,58573355456,12382301,1096,2000.0,2086.0
2713,2022-04-04,2029.0,2081.0,1961.0,1974.0,177994831837,39335006,2033,2064.0,1963.0
2714,2022-04-05,1942.0,2042.0,1881.0,1976.0,56745349196,12531021,1153,1974.0,2014.0
2715,2022-04-06,2029.0,2041.0,1920.0,2011.0,107031232371,23218742,1212,1976.0,1996.0
2716,2022-04-09,1921.0,2009.0,1921.0,1984.0,37762146278,8306685,828,2011.0,1976.0
2717,2022-04-10,1944.0,2059.0,1944.0,2020.0,67230135004,14520480,1705,1984.0,2045.0
2718,2022-04-11,2001.0,2066.0,2001.0,2039.0,42124271244,9017057,1153,2020.0,2020.0
2719,2022-04-12,1984.0,2037.0,1937.0,1953.0,38066496774,8505713,645,2039.0,1937.0
2720,2022-04-13,1909.0,2003.0,1889.0,1969.0,47776269073,10589010,846,1953.0,1957.0
2721,2022-04-16,1985.0,2016.0,1947.0,1970.0,46807425858,10366716,864,1969.0,1947.0
2722,2022-04-17,1963.0,1975.0,1929.0,1948.0,32744036857,7333186,962,1970.0,1972.0
2723,2022-04-18,1966.0,2006.0,1908.0,1954.0,76967171159,17186705,1499,1948.0,1912.0
2724,2022-04-19,1889.0,1963.0,1889.0,1926.0,42860195669,9712699,1177,1954.0,1898.0
2725,2022-04-20,1898.0,1942.0,1843.0,1877.0,60338201230,14026010,1381,1926.0,1887.0
2726,2022-04-24,1911.0,1911.0,1833.0,1863.0,50532346497,11836889,1192,1877.0,1850.0
2727,2022-04-25,1859.0,1955.0,1837.0,1884.0,60873972867,14102491,1456,1863.0,1920.0
2728,2022-04-26,1924.0,1994.0,1909.0,1966.0,137984280402,30626766,1851,1884.0,1981.0
2729,2022-04-27,1982.0,2004.0,1903.0,1933.0,45604818073,10294189,1381,1966.0,1907.0
2730,2022-04-30,1894.0,1985.0,1889.0,1939.0,66612613399,14992862,1343,1933.0,1911.0
2731,2022-05-01,1962.0,1965.0,1900.0,1922.0,50763559515,11526887,1157,1939.0,1924.0
2732,2022-05-02,1912.0,1946.0,1904.0,1925.0,44213569067,10024579,991,1922.0,1940.0
2733,2022-05-07,1959.0,1982.0,1922.0,1942.0,59389676481,13345173,1233,1925.0,1950.0
2734,2022-05-08,1929.0,2058.0,1929.0,2031.0,265200532374,56965358,2075,1942.0,2058.0
2735,2022-05-09,2081.0,2090.0,2011.0,2062.0,175124101570,37057858,2741,2031.0,2046.0
2736,2022-05-10,1991.0,2177.0,1991.0,2097.0,161057905729,33512876,2103,2062.0,2112.0
2737,2022-05-11,2116.0,2177.0,2103.0,2131.0,99377650329,20348241,2135,2097.0,2114.0
2738,2022-05-14,2069.0,2138.0,2003.0,2049.0,200971381468,42800664,3008,2131.0,2029.0
2739,2022-05-15,2011.0,2153.0,2011.0,2097.0,217647503816,45282749,3147,2049.0,2133.0
2740,2022-05-16,2162.0,2221.0,2116.0,2187.0,96576403838,19265794,1720,2097.0,2162.0
2741,2022-05-23,2056.0,2056.0,2056.0,2056.0,64912139574,13772998,339,2187.0,2056.0
2742,2022-05-24,1963.0,2045.0,1933.0,1953.0,148146278460,33108898,2525,2056.0,1953.0
2743,2022-05-25,1898.0,1985.0,1898.0,1942.0,110307259967,24780155,1879,1953.0,1971.0
2744,2022-05-28,1985.0,2004.0,1847.0,1915.0,52187281786,11886664,1273,1942.0,1866.0
2745,2022-05-29,1858.0,1901.0,1801.0,1816.0,74308089111,17857229,1567,1915.0,1820.0
2746,2022-05-30,1815.0,1873.0,1738.0,1787.0,45736545228,11170039,1374,1816.0,1758.0
2747,2022-05-31,1710.0,1858.0,1710.0,1802.0,42809500799,10367157,1043,1787.0,1810.0
2748,2022-06-01,1841.0,1841.0,1776.0,1807.0,32426584041,7830632,834,1802.0,1794.0
2749,2022-06-06,1806.0,1806.0,1699.0,1705.0,59897503207,15330094,1183,1807.0,1699.0
2750,2022-06-07,1721.0,1721.0,1641.0,1689.0,30213659833,7806849,765,1705.0,1672.0
2751,2022-06-08,1680.0,1745.0,1680.0,1707.0,22884621055,5848235,579,1689.0,1688.0
2752,2022-06-11,1734.0,1763.0,1619.0,1700.0,64202556732,16478523,1402,1707.0,1728.0
2753,2022-06-12,1745.0,1763.0,1693.0,1726.0,31148819330,7876774,810,1700.0,1700.0
2754,2022-06-13,1724.0,1812.0,1676.0,1753.0,53327470310,13274072,1090,1726.0,1745.0
2755,2022-06-14,1784.0,1784.0,1702.0,1723.0,41648493186,10546138,798,1753.0,1721.0
2756,2022-06-19,1728.0,1728.0,1654.0,1675.0,36839005130,9595905,662,1723.0,1661.0
2757,2022-06-20,1658.0,1710.0,1606.0,1643.0,37190366961,9874177,909,1675.0,1630.0
2758,2022-06-21,1615.0,1655.0,1580.0,1614.0,18933405416,5120466,621,1643.0,1580.0
2759,2022-06-22,1570.0,1627.0,1569.0,1582.0,42908344640,11832334,1063,1614.0,1610.0
2760,2022-06-25,1600.0,1677.0,1600.0,1664.0,107803922994,28274666,1359,1582.0,1664.0
2761,2022-06-26,1654.0,1664.0,1599.0,1623.0,47818335175,12857239,707,1664.0,1600.0
2762,2022-06-27,1580.0,1648.0,1580.0,1618.0,43497313732,11729088,788,1623.0,1627.0
2763,2022-06-28,1648.0,1715.0,1641.0,1706.0,64733310703,16561492,941,1618.0,1715.0
2764,2022-06-29,1804.0,1806.0,1746.0,1785.0,165702610475,40507855,1795,1706.0,1780.0
2765,2022-07-02,1709.0,1758.0,1690.0,1738.0,79174587051,19877658,947,1785.0,1725.0
2766,2022-07-03,1689.0,1754.0,1689.0,1737.0,47747243818,11994453,770,1738.0,1746.0
2767,2022-07-04,1697.0,1785.0,1697.0,1755.0,46234913849,11494190,628,1737.0,1753.0
2768,2022-07-05,1776.0,1798.0,1724.0,1774.0,27464567970,6754438,752,1755.0,1771.0
2769,2022-07-06,1734.0,1776.0,1710.0,1749.0,31301957396,7808292,649,1774.0,1756.0
2770,2022-07-09,1693.0,1775.0,1693.0,1753.0,52302091702,13016213,823,1749.0,1746.0
2771,2022-07-11,1741.0,1746.0,1648.0,1664.0,42658064548,11184809,876,1753.0,1648.0
2772,2022-07-12,1606.0,1680.0,1573.0,1641.0,29317939518,7796137,675,1664.0,1641.0
2773,2022-07-13,1641.0,1702.0,1641.0,1684.0,28367524638,7348807,441,1641.0,1677.0
2774,2022-07-16,1601.0,1700.0,1601.0,1652.0,35441408057,9362162,394,1684.0,1657.0
2775,2022-07-17,1620.0,1662.0,1572.0,1612.0,11743163509,3196514,503,1652.0,1586.0
2776,2022-07-19,1584.0,1636.0,1584.0,1606.0,22737310693,6178116,648,1612.0,1601.0
2777,2022-07-20,1614.0,1649.0,1614.0,1615.0,8605909630,2315575,253,1606.0,1620.0
2778,2022-07-23,1636.0,1645.0,1580.0,1623.0,23225575348,6245013,492,1615.0,1612.0
2779,2022-07-24,1580.0,1640.0,1532.0,1596.0,19456574827,5318939,403,1623.0,1567.0
2780,2022-07-25,1573.0,1573.0,1501.0,1508.0,46155847032,13352082,941,1596.0,1509.0
2781,2022-07-26,1504.0,1540.0,1469.0,1494.0,22914114296,6691401,475,1508.0,1492.0
2782,2022-07-27,1462.0,1521.0,1462.0,1501.0,17163035867,4990567,485,1494.0,1492.0
2783,2022-07-30,1505.0,1511.0,1441.0,1471.0,27384442329,8123978,602,1501.0,1487.0
2784,2022-07-31,1428.0,1483.0,1397.0,1420.0,19008121161,5839294,586,1471.0,1418.0
2785,2022-08-01,1405.0,1474.0,1405.0,1424.0,3453226846,1050662,84,1420.0,1425.0
2786,2022-08-02,1425.0,1440.0,1384.0,1404.0,11342159427,3537343,267,1424.0,1394.0
2787,2022-08-03,1404.0,1457.0,1404.0,1439.0,19908472075,6035374,557,1404.0,1449.0
2788,2022-08-06,1457.0,1525.0,1457.0,1515.0,25498116545,7345500,421,1439.0,1525.0
2789,2022-08-09,1580.0,1605.0,1492.0,1590.0,33325581275,9147638,539,1515.0,1605.0
2790,2022-08-10,1633.0,1633.0,1553.0,1587.0,24326810209,6691135,644,1590.0,1612.0
2791,2022-08-20,1681.0,1681.0,1587.0,1657.0,68806257997,19116334,824,1587.0,1680.0
2792,2022-08-21,1621.0,1726.0,1621.0,1698.0,35977436231,9755173,752,1657.0,1690.0
2793,2022-08-22,1699.0,1749.0,1654.0,1695.0,46509651756,12631406,689,1698.0,1704.0
2794,2022-08-23,1689.0,1762.0,1637.0,1747.0,26017446584,6855715,564,1695.0,1761.0
2795,2022-08-24,1768.0,1832.0,1710.0,1791.0,40947702260,10527601,905,1747.0,1828.0
2796,2022-08-27,1762.0,1841.0,1762.0,1791.0,41577867938,10688956,715,1791.0,1772.0
2797,2022-08-28,1749.0,1785.0,1731.0,1745.0,23226881071,6127642,513,1791.0,1758.0
2798,2022-08-29,1727.0,1779.0,1727.0,1759.0,18857381926,4935873,492,1745.0,1772.0
2799,2022-08-30,1729.0,1831.0,1726.0,1771.0,74198348611,19285262,607,1759.0,1814.0
2800,2022-08-31,1819.0,1885.0,1774.0,1839.0,52474368730,13135282,1000,1771.0,1882.0
2801,2022-09-03,1865.0,1887.0,1750.0,1823.0,46390027361,11716386,975,1839.0,1807.0
2802,2022-09-04,1772.0,1849.0,1772.0,1810.0,12471056619,3176724,441,1823.0,1784.0
2803,2022-09-05,1777.0,1805.0,1760.0,1778.0,18420595571,4771312,679,1810.0,1764.0
2804,2022-09-06,1760.0,1778.0,1717.0,1731.0,26075772978,6937017,505,1778.0,1724.0
2805,2022-09-07,1717.0,1770.0,1717.0,1740.0,23859530494,6312224,465,1731.0,1749.0
2806,2022-09-10,1727.0,1727.0,1653.0,1679.0,17824555165,4887038,600,1740.0,1654.0
2807,2022-09-11,1659.0,1721.0,1627.0,1650.0,17869652735,4988032,598,1679.0,1635.0
2808,2022-09-12,1644.0,1765.0,1644.0,1755.0,84358657139,22136869,916,1650.0,1765.0
2809,2022-09-13,1772.0,1807.0,1740.0,1779.0,41140290211,10643339,871,1755.0,1764.0
2810,2022-09-14,1763.0,1796.0,1729.0,1752.0,17528442333,4606616,427,1779.0,1743.0
2811,2022-09-18,1749.0,1749.0,1681.0,1717.0,18927677619,5075190,453,1752.0,1703.0
2812,2022-09-19,1674.0,1703.0,1662.0,1680.0,14677356459,4021500,360,1717.0,1662.0
2813,2022-09-20,1666.0,1744.0,1630.0,1698.0,31837065600,8631809,688,1680.0,1736.0
2814,2022-09-21,1736.0,1739.0,1693.0,1718.0,20210327138,5417355,468,1698.0,1725.0
2815,2022-09-24,1712.0,1713.0,1632.0,1677.0,33620820911,9230569,539,1718.0,1694.0
2816,2022-09-26,1664.0,1731.0,1664.0,1705.0,22269668940,6013377,505,1677.0,1718.0
2817,2022-09-28,1690.0,1749.0,1690.0,1725.0,20175940337,5385200,497,1705.0,1717.0
2818,2022-10-01,1681.0,1714.0,1624.0,1652.0,35292451386,9834271,710,1725.0,1639.0
2819,2022-10-02,1621.0,1657.0,1588.0,1613.0,24477221101,6986621,451,1652.0,1594.0
2820,2022-10-03,1589.0,1652.0,1567.0,1587.0,17668836722,5126137,447,1613.0,1574.0
2821,2022-10-04,1575.0,1657.0,1567.0,1615.0,28592267627,8152233,621,1587.0,1655.0
2822,2022-10-08,1657.0,1678.0,1588.0,1630.0,15189859791,4290396,450,1615.0,1625.0
2823,2022-10-09,1604.0,1639.0,1535.0,1575.0,20729460600,6058714,396,1630.0,1576.0
2824,2022-10-10,1565.0,1611.0,1561.0,1582.0,17288131833,5029656,303,1575.0,1611.0
2825,2022-10-11,1592.0,1653.0,1592.0,1626.0,13843472332,3909254,406,1582.0,1639.0
2826,2022-10-12,1656.0,1656.0,1605.0,1617.0,11964852975,3410557,290,1626.0,1614.0
2827,2022-10-15,1594.0,1645.0,1593.0,1602.0,16811725768,4831704,380,1617.0,1593.0
2828,2022-10-16,1588.0,1588.0,1558.0,1569.0,17344833661,5089170,366,1602.0,1560.0
2829,2022-10-17,1549.0,1638.0,1534.0,1581.0,36533810211,10641620,636,1569.0,1633.0
2830,2022-10-18,1648.0,1653.0,1581.0,1598.0,6156053044,1746060,232,1581.0,1607.0
2831,2022-10-19,1591.0,1625.0,1589.0,1599.0,8728383533,2512221,298,1598.0,1595.0
2832,2022-10-22,1607.0,1610.0,1563.0,1585.0,12704784808,3695766,446,1599.0,1588.0
2833,2022-10-23,1547.0,1610.0,1542.0,1562.0,9983647315,2964050,353,1585.0,1555.0
2834,2022-10-24,1555.0,1564.0,1487.0,1512.0,17652952172,5374419,498,1562.0,1502.0
2835,2022-10-25,1480.0,1552.0,1441.0,1474.0,13805574527,4312926,559,1512.0,1447.0
2836,2022-10-26,1429.0,1482.0,1397.0,1424.0,51702434545,16708832,726,1474.0,1441.0
2837,2022-10-29,1434.0,1481.0,1424.0,1438.0,26996044895,8641685,803,1424.0,1432.0
2838,2022-10-30,1468.0,1469.0,1409.0,1423.0,20099949922,6501870,532,1438.0,1441.0
2839,2022-10-31,1416.0,1519.0,1416.0,1470.0,13932228236,4349678,497,1423.0,1486.0
2840,2022-11-01,1461.0,1535.0,1461.0,1501.0,13406162958,4095104,406,1470.0,1509.0
2841,2022-11-02,1501.0,1606.0,1469.0,1557.0,44010221734,13015478,1109,1501.0,1589.0
2842,2022-11-05,1565.0,1665.0,1555.0,1627.0,26709396747,7555216,596,1557.0,1635.0
2843,2022-11-06,1621.0,1661.0,1590.0,1632.0,17774703283,5014560,515,1627.0,1634.0
2844,2022-11-07,1607.0,1738.0,1607.0,1711.0,28771923639,7739652,601,1632.0,1709.0
2845,2022-11-08,1741.0,1809.0,1676.0,1710.0,53890817879,14509849,807,1711.0,1682.0
2846,2022-11-09,1702.0,1726.0,1657.0,1692.0,22038622715,5995414,529,1710.0,1716.0
2847,2022-11-12,1748.0,1748.0,1658.0,1702.0,23191821006,6273197,450,1692.0,1701.0
2848,2022-11-13,1685.0,1718.0,1644.0,1681.0,26793196932,7337065,523,1702.0,1701.0
2849,2022-11-14,1685.0,1721.0,1652.0,1692.0,64406254521,17527578,1441,1681.0,1717.0
2850,2022-11-15,1685.0,1805.0,1667.0,1746.0,62244344184,16415727,1095,1692.0,1796.0
2851,2022-11-16,1791.0,1819.0,1750.0,1780.0,41169841600,10650240,703,1746.0,1751.0
2852,2022-11-19,1780.0,1780.0,1685.0,1722.0,102852402458,27496135,958,1780.0,1727.0
2853,2022-11-20,1727.0,1786.0,1727.0,1744.0,72262911043,19077685,689,1722.0,1748.0
2854,2022-11-21,1741.0,1772.0,1714.0,1733.0,66675173374,17713220,578,1744.0,1731.0
2855,2022-11-22,1733.0,1741.0,1697.0,1720.0,17698544133,4737385,474,1733.0,1727.0
2856,2022-11-23,1697.0,1749.0,1697.0,1722.0,20087545405,5369267,316,1720.0,1718.0
2857,2022-11-26,1706.0,1763.0,1706.0,1748.0,26666521845,7025029,675,1722.0,1745.0
2858,2022-11-27,1722.0,1770.0,1715.0,1744.0,23265033225,6140911,424,1748.0,1762.0
2859,2022-11-28,1721.0,1772.0,1721.0,1745.0,15109788632,3987246,368,1744.0,1729.0
2860,2022-11-30,1756.0,1818.0,1727.0,1752.0,15949625268,4190115,433,1745.0,1740.0
2861,2022-12-03,1716.0,1786.0,1716.0,1740.0,25836997268,6837154,602,1752.0,1747.0
2862,2022-12-04,1719.0,1781.0,1714.0,1730.0,16427559645,4372252,410,1740.0,1721.0
2863,2022-12-07,1736.0,1749.0,1680.0,1724.0,12770755471,3413232,333,1730.0,1726.0
2864,2022-12-10,1703.0,1736.0,1660.0,1674.0,30516750325,8395269,668,1724.0,1684.0
2865,2022-12-11,1661.0,1713.0,1661.0,1689.0,18148198147,4945918,423,1674.0,1674.0
2866,2022-12-12,1708.0,1745.0,1690.0,1726.0,19326839740,5157154,423,1689.0,1726.0
2867,2022-12-13,1726.0,1809.0,1723.0,1787.0,45446970635,11711503,776,1726.0,1788.0
2868,2022-12-14,1802.0,1844.0,1778.0,1825.0,88142330664,22230083,1201,1787.0,1836.0
2869,2022-12-17,1851.0,1901.0,1835.0,1860.0,53606215003,13265360,925,1825.0,1860.0
2870,2022-12-18,1865.0,1923.0,1842.0,1881.0,64607520121,15812120,1014,1860.0,1923.0
2871,2022-12-19,1915.0,1915.0,1847.0,1885.0,80576814611,19681268,958,1881.0,1892.0
2872,2022-12-20,1883.0,1892.0,1848.0,1877.0,30953794530,7593555,538,1885.0,1877.0
2873,2022-12-21,1900.0,1942.0,1861.0,1909.0,32326455426,7796348,388,1877.0,1935.0
2874,2022-12-24,1912.0,2007.0,1912.0,1974.0,26142492266,6096852,591,1909.0,1975.0
2875,2022-12-25,1974.0,2006.0,1934.0,1958.0,212911225636,50070886,1488,1974.0,1960.0
2876,2022-12-26,1975.0,1979.0,1901.0,1925.0,51427644449,12299022,1105,1958.0,1924.0
2877,2022-12-28,1897.0,2059.0,1897.0,2029.0,180601464513,40967022,1655,1925.0,2039.0
2878,2022-12-31,1980.0,1980.0,1912.0,1933.0,40587420853,9665306,804,2029.0,1936.0
2879,2023-01-01,1952.0,1978.0,1814.0,1867.0,40743843934,10046243,889,1933.0,1865.0
2880,2023-01-02,1842.0,1947.0,1842.0,1906.0,52309330247,12633499,896,1867.0,1919.0
2881,2023-01-03,1943.0,1958.0,1869.0,1906.0,73223732980,17685732,925,1906.0,1897.0
2882,2023-01-04,1906.0,1975.0,1842.0,1929.0,93286867122,22259193,992,1906.0,1944.0
2883,2023-01-07,1929.0,1984.0,1929.0,1957.0,71243626104,16760016,995,1929.0,1959.0
2884,2023-01-08,1988.0,2017.0,1961.0,1988.0,56468833185,13076128,1047,1957.0,1980.0
2885,2023-01-09,1974.0,2071.0,1969.0,2012.0,74835447807,17123336,1054,1988.0,2044.0
2886,2023-01-10,2044.0,2072.0,1996.0,2033.0,85520352123,19366872,1273,2012.0,2040.0
2887,2023-01-11,2067.0,2168.0,1982.0,2102.0,119779621873,26239391,1392,2033.0,2072.0
2888,2023-01-14,2051.0,2118.0,2012.0,2075.0,50732143389,11256568,745,2102.0,2076.0
2889,2023-01-16,2076.0,2199.0,2076.0,2144.0,160763187704,34525808,1344,2075.0,2185.0
2890,2023-01-17,2210.0,2242.0,2142.0,2190.0,114898435066,24155182,1350,2144.0,2156.0
2891,2023-01-18,2136.0,2200.0,2104.0,2139.0,85643195379,18435265,1252,2190.0,2113.0
2892,2023-01-21,2101.0,2114.0,2034.0,2063.0,79332143786,17700711,1785,2139.0,2035.0
2893,2023-01-22,2063.0,2090.0,2017.0,2053.0,82444672427,18489168,886,2063.0,2053.0
2894,2023-01-23,2059.0,2118.0,1980.0,2055.0,63199390468,14159958,712,2053.0,2050.0
2895,2023-01-24,2114.0,2114.0,2041.0,2053.0,26809440514,6010858,471,2055.0,2063.0
2896,2023-01-25,2058.0,2072.0,1912.0,1972.0,55920225635,13057245,830,2053.0,1957.0
2897,2023-01-28,1984.0,2007.0,1867.0,1925.0,53556911721,12807347,747,1972.0,1928.0
2898,2023-01-29,1921.0,1921.0,1791.0,1814.0,69622389958,17671681,976,1925.0,1816.0
2899,2023-01-30,1783.0,1860.0,1731.0,1794.0,44512846255,11426701,782,1814.0,1819.0
2900,2023-01-31,1887.0,1887.0,1795.0,1823.0,44175354983,11158849,865,1794.0,1795.0
2901,2023-02-01,1782.0,1842.0,1782.0,1812.0,37700913483,9579583,1021,1823.0,1798.0
2902,2023-02-05,1883.0,1883.0,1732.0,1777.0,30541006557,7914776,614,1812.0,1745.0
2903,2023-02-06,1709.0,1805.0,1709.0,1765.0,27507573025,7174855,524,1777.0,1777.0
2904,2023-02-07,1768.0,1860.0,1768.0,1827.0,24778372974,6243006,567,1765.0,1826.0
2905,2023-02-08,1801.0,1864.0,1784.0,1812.0,50924159028,12939059,832,1827.0,1807.0
2906,2023-02-12,1812.0,1812.0,1719.0,1771.0,28954643724,7527980,407,1812.0,1772.0
2907,2023-02-13,1785.0,1819.0,1771.0,1787.0,17981148865,4633693,393,1771.0,1794.0
2908,2023-02-14,1763.0,1836.0,1750.0,1789.0,29883907691,7691804,433,1787.0,1756.0
2909,2023-02-15,1744.0,1805.0,1744.0,1777.0,40525594345,10501687,1020,1789.0,1769.0
2910,2023-02-19,1813.0,1813.0,1759.0,1784.0,24168095534,6238814,526,1777.0,1773.0
2911,2023-02-20,1804.0,1908.0,1796.0,1899.0,49236655178,11937377,658,1784.0,1908.0
2912,2023-02-21,1920.0,2032.0,1920.0,1999.0,82499382897,18997251,1030,1899.0,1966.0
2913,2023-02-22,1999.0,1999.0,1872.0,1934.0,25377715054,6042478,516,1999.0,1938.0
2914,2023-02-25,1972.0,2069.0,1972.0,2059.0,126882164618,28366730,1230,1934.0,2069.0
2915,2023-02-26,2196.0,2196.0,2017.0,2107.0,110369723951,24113047,1674,2059.0,2092.0
2916,2023-02-27,2076.0,2187.0,2026.0,2113.0,75203375449,16382783,1106,2107.0,2144.0
2917,2023-02-28,2097.0,2219.0,2090.0,2180.0,48064084585,10148179,841,2113.0,2128.0
2918,2023-03-01,2110.0,2182.0,2075.0,2114.0,63956104001,13927291,1649,2180.0,2079.0
2919,2023-03-04,2049.0,2114.0,2003.0,2040.0,51262484757,11568483,806,2114.0,2062.0
2920,2023-03-05,2028.0,2095.0,2028.0,2057.0,19217643418,4300279,439,2040.0,2053.0
2921,2023-03-06,2026.0,2069.0,2003.0,2046.0,19841492326,4464886,417,2057.0,2056.0
2922,2023-03-13,2046.0,2090.0,2046.0,2062.0,18767250004,4190759,250,2046.0,2074.0
2923,2023-03-14,2061.0,2150.0,1985.0,2064.0,73038744191,16292920,1616,2062.0,2054.0
2924,2023-03-15,2056.0,2208.0,2046.0,2164.0,98652553238,20984914,884,2064.0,2208.0
2925,2023-03-18,2315.0,2316.0,2254.0,2313.0,53277949366,10601824,448,2164.0,2316.0
2926,2023-03-19,2454.0,2475.0,2325.0,2430.0,114983312592,21784722,1547,2313.0,2440.0
2927,2023-03-25,2481.0,2560.0,2334.0,2463.0,78250640700,14622546,1415,2430.0,2435.0
2928,2023-03-26,2417.0,2555.0,2343.0,2440.0,63000700290,11896513,1238,2463.0,2362.0
2929,2023-03-27,2334.0,2458.0,2334.0,2399.0,147574318960,28301828,3645,2440.0,2417.0
2930,2023-03-28,2458.0,2477.0,2380.0,2426.0,67632054580,12827356,1118,2399.0,2431.0
2931,2023-03-29,2449.0,2555.0,2449.0,2500.0,173355992190,31929881,2056,2426.0,2500.0
2932,2023-04-03,2440.0,2574.0,2426.0,2518.0,110489176220,20191543,1673,2500.0,2505.0
2933,2023-04-04,2528.0,2578.0,2440.0,2514.0,202216287870,37065217,2318,2518.0,2486.0
2934,2023-04-05,2486.0,2560.0,2440.0,2528.0,126222115020,22990467,1588,2514.0,2537.0
2935,2023-04-08,2541.0,2702.0,2500.0,2693.0,476076380420,81410317,2047,2528.0,2702.0
2936,2023-04-09,2716.0,2877.0,2693.0,2850.0,347902590490,56242320,1490,2693.0,2877.0
2937,2023-04-10,3048.0,3048.0,2859.0,3011.0,1257398103630,192139344,5258,2850.0,2937.0
2938,2023-04-11,2946.0,3080.0,2905.0,2988.0,373845951800,57593026,3204,3011.0,3011.0
2939,2023-04-15,3002.0,3195.0,2988.0,3071.0,353117391890,52945134,3415,2988.0,3016.0
2940,2023-04-16,3089.0,3089.0,2859.0,2960.0,406896580540,63299389,4065,3071.0,2887.0
2941,2023-04-17,2896.0,3006.0,2864.0,2942.0,367241922130,57507264,3696,2960.0,2891.0
2942,2023-04-18,2919.0,3075.0,2900.0,3011.0,352403731130,53905532,2927,2942.0,2993.0
2943,2023-04-19,3066.0,3085.0,2937.0,3002.0,177124335400,27148058,2054,3011.0,2974.0
2944,2023-04-24,3011.0,3117.0,2919.0,3034.0,195511891020,29664932,2118,3002.0,3075.0
2945,2023-04-25,3117.0,3154.0,2946.0,3048.0,233050212730,35202930,2343,3034.0,2988.0
2946,2023-04-26,2951.0,3075.0,2946.0,3020.0,126929734710,19351371,1605,3048.0,2970.0
2947,2023-04-29,2974.0,3126.0,2970.0,3066.0,299313532630,44965796,2469,3020.0,3108.0
2948,2023-04-30,3121.0,3278.0,3121.0,3273.0,704860824480,99167902,2061,3066.0,3278.0
2949,2023-05-01,3338.0,3435.0,3264.0,3338.0,370864672580,51138481,3163,3273.0,3292.0
2950,2023-05-02,3315.0,3435.0,3287.0,3347.0,243409301710,33458969,2647,3338.0,3333.0
2951,2023-05-03,3398.0,3577.0,3398.0,3573.0,914572311110,117903897,2111,3347.0,3577.0
2952,2023-05-06,3821.0,3821.0,3734.0,3821.0,2111771101050,254511030,4687,3573.0,3821.0
2953,2023-05-09,3522.0,3563.0,3315.0,3476.0,621341785140,82332834,4536,3821.0,3430.0
2954,2023-05-10,3494.0,3614.0,3237.0,3352.0,231798910240,31822908,1612,3476.0,3237.0
2955,2023-05-13,3121.0,3121.0,3121.0,3121.0,62702185800,9248110,250,3352.0,3121.0
2956,2023-05-14,3131.0,3278.0,3016.0,3163.0,668701721180,97354419,3290,3121.0,3163.0
2957,2023-05-15,3108.0,3218.0,2942.0,2965.0,686058262260,106499033,3460,3163.0,2956.0
2958,2023-05-17,2946.0,3062.0,2942.0,2997.0,193278541090,29677328,1932,2965.0,2965.0
2959,2023-05-20,3029.0,3085.0,2854.0,2937.0,351933478970,55181527,2293,2997.0,2946.0
2960,2023-05-21,2970.0,3131.0,2919.0,3052.0,691795741020,104352697,3543,2937.0,3089.0
2961,2023-05-22,3108.0,3172.0,2997.0,3071.0,265775305030,39845395,2377,3052.0,3043.0
2962,2023-05-23,3062.0,3190.0,3039.0,3098.0,180537334840,26820458,1683,3071.0,3043.0
2963,2023-05-24,3039.0,3149.0,3011.0,3080.0,136858172540,20457761,1525,3098.0,3034.0
2964,2023-05-27,3006.0,3080.0,2868.0,2910.0,222506334910,35180335,2264,3080.0,2868.0
2965,2023-05-28,2767.0,3094.0,2707.0,2850.0,689339539080,111448552,2992,2910.0,3039.0
2966,2023-05-29,3048.0,3048.0,2979.0,3043.0,601787092640,91067598,3235,2850.0,3048.0
2967,2023-05-30,3121.0,3181.0,3002.0,3089.0,144437209430,21539178,1412,3043.0,3048.0
2968,2023-05-31,2993.0,3085.0,2923.0,2983.0,157514561970,24297853,1421,3089.0,3016.0
2969,2023-06-03,2933.0,3039.0,2933.0,2993.0,355053473890,54642394,1795,2983.0,3006.0
2970,2023-06-06,3006.0,3034.0,2896.0,2942.0,88229712720,13798703,1114,2993.0,2970.0
2971,2023-06-10,2873.0,3011.0,2767.0,2951.0,352793747820,55014727,2132,2942.0,2868.0
2972,2023-06-11,2951.0,3020.0,2854.0,2928.0,204735540950,32201664,1787,2951.0,2891.0
2973,2023-06-12,2956.0,2956.0,2726.0,2749.0,301388158910,50469892,1918,2928.0,2726.0
2974,2023-06-13,2790.0,2813.0,2684.0,2785.0,105976105530,17526695,851,2749.0,2808.0
2975,2023-06-14,2822.0,2979.0,2795.0,2951.0,285591487510,44554238,1743,2785.0,2900.0
2976,2023-06-17,2877.0,2960.0,2804.0,2905.0,99428098760,15755047,1063,2951.0,2877.0
2977,2023-06-18,2900.0,2900.0,2707.0,2767.0,112833166080,18769662,880,2905.0,2795.0
2978,2023-06-19,2808.0,2873.0,2730.0,2790.0,76575799590,12627519,863,2767.0,2772.0
2979,2023-06-20,2749.0,2827.0,2749.0,2785.0,167032178850,27605119,888,2790.0,2813.0
2980,2023-06-21,2785.0,2864.0,2762.0,2813.0,84330743620,13805482,810,2785.0,2785.0
2981,2023-06-24,2684.0,2822.0,2684.0,2767.0,48799092660,8121540,629,2813.0,2799.0
2982,2023-06-25,2767.0,2960.0,2767.0,2933.0,186047810460,29189634,1231,2767.0,2960.0
2983,2023-06-26,2933.0,2988.0,2841.0,2887.0,60373297270,9635175,969,2933.0,2850.0
2984,2023-06-27,2868.0,2868.0,2735.0,2781.0,54750029350,9070444,867,2887.0,2739.0
2985,2023-06-28,2735.0,2808.0,2702.0,2762.0,39807923420,6634077,519,2781.0,2758.0
2986,2023-07-01,2790.0,2804.0,2716.0,2744.0,47828323270,8029970,500,2762.0,2744.0
2987,2023-07-02,2753.0,2827.0,2730.0,2790.0,45633636290,7529779,568,2744.0,2772.0
2988,2023-07-03,2859.0,2868.0,2795.0,2818.0,44115625240,7208941,549,2790.0,2841.0
2989,2023-07-04,2868.0,2905.0,2785.0,2841.0,53638807120,8697443,712,2818.0,2818.0
2990,2023-07-05,2795.0,2882.0,2785.0,2836.0,42622368250,6918725,588,2841.0,2822.0
2991,2023-07-08,2822.0,2896.0,2795.0,2831.0,48098153720,7818401,663,2836.0,2804.0
2992,2023-07-09,2831.0,3029.0,2808.0,2951.0,136914792690,21347878,1485,2831.0,2910.0
2993,2023-07-10,2877.0,2970.0,2808.0,2882.0,42344136220,6767167,836,2951.0,2827.0
2994,2023-07-11,2808.0,2868.0,2684.0,2767.0,216216506150,35957827,1102,2882.0,2721.0
2995,2023-07-12,2739.0,2753.0,2574.0,2638.0,74253321410,12948666,774,2767.0,2684.0
2996,2023-07-15,2684.0,2762.0,2551.0,2647.0,84004341820,14600098,921,2638.0,2587.0
2997,2023-07-19,2624.0,2647.0,2498.0,2568.0,33475950950,6077706,357,2647.0,2526.0
2998,2023-07-22,2456.0,2507.0,2391.0,2414.0,103348613320,19969663,824,2568.0,2400.0
2999,2023-07-23,2358.0,2493.0,2354.0,2424.0,21297861560,4091953,434,2414.0,2396.0
3000,2023-07-24,2428.0,2493.0,2400.0,2442.0,75805337990,14465360,822,2424.0,2456.0
3001,2023-07-25,2479.0,2493.0,2358.0,2419.0,95319960010,18368431,1161,2442.0,2368.0
3002,2023-07-30,2270.0,2382.0,2251.0,2274.0,175213123410,35886861,1229,2419.0,2349.0
3003,2023-07-31,2330.0,2363.0,2265.0,2288.0,104888347060,21369933,952,2274.0,2298.0
3004,2023-08-01,2316.0,2354.0,2298.0,2326.0,54209288210,10865173,777,2288.0,2349.0
3005,2023-08-05,2358.0,2424.0,2354.0,2399.0,60323880291,11718078,852,2326.0,2416.0
3006,2023-08-06,2419.0,2423.0,2321.0,2369.0,115390764004,22702172,1372,2399.0,2321.0
3007,2023-08-07,2321.0,2512.0,2307.0,2417.0,122160478160,23559714,1414,2369.0,2402.0
3008,2023-08-08,2377.0,2475.0,2377.0,2417.0,148072056164,28547877,885,2417.0,2382.0
3009,2023-08-09,2451.0,2453.0,2345.0,2389.0,22982603939,4484582,429,2417.0,2372.0
3010,2023-08-12,2358.0,2382.0,2237.0,2293.0,107715858760,21891381,1077,2389.0,2284.0
3011,2023-08-13,2288.0,2363.0,2270.0,2312.0,77506576400,15611986,923,2293.0,2302.0
3012,2023-08-14,2396.0,2396.0,2260.0,2302.0,33464830080,6769043,577,2312.0,2260.0
3013,2023-08-15,2307.0,2307.0,2144.0,2158.0,228540258610,49393842,1535,2302.0,2186.0
3014,2023-08-16,2181.0,2223.0,2097.0,2167.0,44692321160,9612436,685,2158.0,2167.0
3015,2023-08-19,2149.0,2214.0,2111.0,2163.0,35041900180,7555089,578,2167.0,2172.0
3016,2023-08-26,2312.0,2312.0,2256.0,2298.0,53035381810,10764521,417,2163.0,2312.0
3017,2023-08-27,2447.0,2456.0,2382.0,2447.0,310737825520,59160244,1323,2298.0,2433.0
3018,2023-08-28,2470.0,2540.0,2372.0,2433.0,97520699280,18700017,835,2447.0,2438.0
3019,2023-08-29,2498.0,2498.0,2386.0,2419.0,54655513900,10534424,657,2433.0,2405.0
3020,2023-08-30,2461.0,2587.0,2442.0,2559.0,95324079240,17374111,873,2419.0,2563.0
3021,2023-09-02,2563.0,2587.0,2498.0,2545.0,30830531700,5648784,595,2559.0,2517.0
3022,2023-09-03,2433.0,2573.0,2433.0,2526.0,35680811810,6585516,574,2545.0,2507.0
3023,2023-09-04,2465.0,2587.0,2465.0,2549.0,49206621830,9000759,509,2526.0,2568.0
3024,2023-09-05,2549.0,2689.0,2549.0,2605.0,70057847500,12539182,858,2549.0,2624.0
3025,2023-09-09,2624.0,2624.0,2475.0,2540.0,73173234620,13434159,792,2605.0,2512.0
3026,2023-09-10,2633.0,2671.0,2577.0,2615.0,57373874480,10232964,792,2540.0,2601.0
3027,2023-09-11,2563.0,2619.0,2554.0,2577.0,60762404080,10991526,569,2615.0,2591.0
3028,2023-09-12,2629.0,2629.0,2545.0,2568.0,24592183620,4462116,351,2577.0,2545.0
3029,2023-09-13,2479.0,2643.0,2479.0,2591.0,41919329670,7534030,606,2568.0,2559.0
3030,2023-09-17,2587.0,2647.0,2563.0,2605.0,60462882140,10821575,830,2591.0,2591.0
3031,2023-09-18,2582.0,2647.0,2554.0,2596.0,24014658140,4311285,545,2605.0,2563.0
3032,2023-09-19,2559.0,2587.0,2526.0,2559.0,16582051370,3031638,422,2596.0,2531.0
3033,2023-09-20,2493.0,2540.0,2465.0,2489.0,46985828870,8792360,541,2559.0,2503.0
3034,2023-09-23,2498.0,2521.0,2391.0,2428.0,107047354520,20531828,1048,2489.0,2456.0
3035,2023-09-25,2456.0,2465.0,2396.0,2405.0,66839869040,12956560,591,2428.0,2400.0
3036,2023-09-26,2372.0,2461.0,2372.0,2433.0,16369104010,3127319,380,2405.0,2447.0
3037,2023-09-27,2414.0,2489.0,2414.0,2456.0,32797749830,6228047,378,2433.0,2447.0
3038,2023-09-30,2442.0,2456.0,2396.0,2414.0,28759812410,5550470,473,2456.0,2405.0
3039,2023-10-01,2382.0,2419.0,2377.0,2405.0,20601932320,3994957,351,2414.0,2391.0
3040,2023-10-02,2363.0,2433.0,2321.0,2382.0,35247982030,6902071,541,2405.0,2428.0
3041,2023-10-04,2400.0,2470.0,2377.0,2433.0,24301973450,4659887,339,2382.0,2410.0
3042,2023-10-07,2396.0,2438.0,2382.0,2400.0,36947266750,7175917,471,2433.0,2382.0
3043,2023-10-08,2344.0,2358.0,2293.0,2316.0,79216832300,15951592,765,2400.0,2326.0
3044,2023-10-09,2316.0,2372.0,2307.0,2326.0,57188314050,11449356,500,2316.0,2321.0
3045,2023-10-10,2382.0,2400.0,2316.0,2354.0,64629806720,12802184,503,2326.0,2396.0
3046,2023-10-11,2447.0,2447.0,2354.0,2368.0,28085920280,5529201,288,2354.0,2368.0
3047,2023-10-22,2531.0,2531.0,2400.0,2461.0,80011566710,15152842,856,2368.0,2461.0
3048,2023-10-23,2629.0,2629.0,2568.0,2624.0,929365816580,164984307,3704,2461.0,2629.0
3049,2023-10-24,2680.0,2717.0,2587.0,2643.0,349097747200,61546838,2889,2624.0,2605.0
3050,2023-10-25,2619.0,2792.0,2563.0,2717.0,258669791280,44386554,2246,2643.0,2768.0
3051,2023-10-28,2694.0,2694.0,2531.0,2559.0,201084114610,36599958,1665,2717.0,2531.0
3052,2023-10-29,2577.0,2736.0,2577.0,2689.0,150481495270,26067468,1273,2559.0,2736.0
3053,2023-10-30,2773.0,2876.0,2773.0,2871.0,354236168100,57502167,1906,2689.0,2876.0
3054,2023-10-31,2871.0,2922.0,2801.0,2857.0,205932753100,33574677,2102,2871.0,2810.0
3055,2023-11-01,2796.0,2824.0,2694.0,2731.0,241711600480,41254119,1954,2857.0,2750.0
3056,2023-11-04,2787.0,2880.0,2759.0,2824.0,119191893450,19659308,1140,2731.0,2866.0
3057,2023-11-05,2871.0,2913.0,2820.0,2862.0,90034070700,14664523,945,2824.0,2852.0
3058,2023-11-06,2796.0,2913.0,2796.0,2848.0,182950212490,29964396,1615,2862.0,2852.0
3059,2023-11-07,2834.0,2969.0,2792.0,2908.0,97397785740,15620028,1198,2848.0,2913.0
3060,2023-11-08,2936.0,3025.0,2890.0,2941.0,72773612890,11539010,800,2908.0,2936.0
3061,2023-11-11,2904.0,2969.0,2820.0,2880.0,114364599800,18503199,1438,2941.0,2862.0
3062,2023-11-12,2810.0,2904.0,2810.0,2876.0,61088341320,9906137,722,2880.0,2880.0
3063,2023-11-13,2936.0,2936.0,2871.0,2899.0,69188222790,11131690,694,2876.0,2871.0
3064,2023-11-15,3099.0,3099.0,3099.0,3099.0,1089052511750,163767295,2466,2899.0,3099.0
3065,2023-11-18,3099.0,3253.0,3099.0,3169.0,666572094020,98088342,5016,3099.0,3118.0
3066,2023-11-19,3146.0,3193.0,3062.0,3118.0,226707049400,33899604,2052,3169.0,3062.0
3067,2023-11-20,3048.0,3109.0,3015.0,3057.0,166480818830,25395146,1726,3118.0,3020.0
3068,2023-11-21,2992.0,3132.0,2992.0,3057.0,157430312080,23985738,1208,3057.0,3020.0
3069,2023-11-22,3099.0,3099.0,3015.0,3048.0,139729678600,21374715,1130,3057.0,3039.0
3070,2023-11-25,3011.0,3104.0,3011.0,3043.0,129916021660,19907096,1171,3048.0,3043.0
3071,2023-11-26,3025.0,3123.0,3025.0,3090.0,154882714370,23353841,1245,3043.0,3113.0
3072,2023-11-27,3118.0,3127.0,3029.0,3076.0,146858341620,22234517,1029,3090.0,3071.0
3073,2023-11-28,3071.0,3123.0,3034.0,3057.0,80508974890,12270740,793,3076.0,3053.0
3074,2023-11-29,3048.0,3132.0,3048.0,3104.0,101194724740,15186594,925,3057.0,3113.0
3075,2023-12-02,3123.0,3183.0,3085.0,3118.0,115137721730,17208395,1131,3104.0,3085.0
3076,2023-12-03,3085.0,3141.0,3039.0,3090.0,141902594970,21416291,1366,3118.0,3132.0
3077,2023-12-04,3123.0,3262.0,3104.0,3211.0,255163500380,37018764,1848,3090.0,3216.0
3078,2023-12-05,3234.0,3337.0,3169.0,3286.0,199916808960,28344666,1478,3211.0,3267.0
3079,2023-12-06,3304.0,3360.0,3239.0,3309.0,127117009060,17895851,1116,3286.0,3290.0
3080,2023-12-09,3286.0,3342.0,3211.0,3258.0,100871160300,14429187,869,3309.0,3234.0
3081,2023-12-10,3202.0,3356.0,3202.0,3295.0,76949127990,10880358,860,3258.0,3295.0
3082,2023-12-11,3262.0,3370.0,3262.0,3318.0,117968074630,16566610,873,3295.0,3309.0
3083,2023-12-12,3346.0,3346.0,3262.0,3290.0,118672206990,16819452,1104,3318.0,3272.0
3084,2023-12-13,3248.0,3309.0,3188.0,3239.0,145673395160,20955082,1020,3290.0,3262.0
3085,2023-12-16,3276.0,3281.0,3216.0,3244.0,90633646440,13029897,780,3239.0,3230.0
3086,2023-12-18,3244.0,3318.0,3225.0,3272.0,124201452790,17684191,3003,3244.0,3262.0
3087,2023-12-19,3295.0,3323.0,3169.0,3225.0,136473573480,19734307,1986,3272.0,3179.0
3088,2023-12-20,3183.0,3211.0,3113.0,3151.0,141728919370,20980337,1110,3225.0,3113.0
3089,2023-12-23,3137.0,3137.0,3132.0,3151.0,45592860,6782,3,3151.0,3132.0
3090,2023-12-26,3262.0,3393.0,3258.0,3295.0,242578319200,34314711,1375,3151.0,3318.0
3091,2023-12-27,3314.0,3477.0,3276.0,3407.0,161960708800,22142607,1600,3295.0,3393.0
3092,2023-12-30,3426.0,3444.0,3360.0,3402.0,94996155790,13019703,1087,3407.0,3416.0
3093,2023-12-31,3384.0,3416.0,3328.0,3360.0,63852039070,8855045,982,3402.0,3337.0
3094,2024-01-01,3356.0,3356.0,3276.0,3309.0,85051222890,11978202,1025,3360.0,3300.0
3095,2024-01-02,3300.0,3318.0,3225.0,3267.0,110602463550,15788155,1056,3309.0,3272.0
3096,2024-01-03,3300.0,3300.0,3169.0,3225.0,48388457450,6995703,567,3267.0,3197.0
3097,2024-01-06,3151.0,3220.0,3099.0,3151.0,69160939750,10237929,713,3225.0,3197.0
3098,2024-01-08,3286.0,3346.0,3202.0,3286.0,110998925010,15734357,1187,3151.0,3281.0
3099,2024-01-09,3286.0,3309.0,3239.0,3272.0,51215131730,7298551,538,3286.0,3295.0
3100,2024-01-10,3262.0,3337.0,3253.0,3295.0,60687300090,8586039,677,3272.0,3276.0
3101,2024-01-13,3244.0,3342.0,3230.0,3276.0,144156022890,20515961,1655,3295.0,3253.0
3102,2024-01-14,3234.0,3304.0,3234.0,3272.0,110913711610,15801373,1259,3276.0,3281.0
3103,2024-01-15,3332.0,3337.0,3244.0,3272.0,86280941100,12298222,661,3272.0,3248.0
3104,2024-01-16,3258.0,3262.0,3202.0,3244.0,56188372030,8075447,685,3272.0,3225.0
3105,2024-01-17,3216.0,3248.0,3193.0,3220.0,46000556600,6660407,497,3244.0,3193.0
3106,2024-01-20,3356.0,3393.0,3253.0,3309.0,167499522620,23606078,2932,3220.0,3267.0
3107,2024-01-21,3248.0,3300.0,3244.0,3267.0,71500199290,10192574,973,3309.0,3276.0
3108,2024-01-23,3262.0,3281.0,3169.0,3244.0,41458808020,5956638,180,3267.0,3225.0
3109,2024-01-27,3332.0,3458.0,3272.0,3370.0,135921926820,18786861,1302,3244.0,3421.0
3110,2024-01-28,3416.0,3472.0,3356.0,3388.0,189683058020,26073565,1737,3370.0,3370.0
3111,2024-01-29,3332.0,3351.0,3262.0,3286.0,319925926120,45364051,2551,3388.0,3295.0
3112,2024-01-30,3328.0,3342.0,3253.0,3286.0,82380142940,11690990,892,3286.0,3253.0
3113,2024-01-31,3286.0,3314.0,3216.0,3258.0,171236672670,24489898,1231,3286.0,3267.0
3114,2024-02-03,3239.0,3318.0,3234.0,3262.0,50108557840,7160946,573,3258.0,3239.0
3115,2024-02-04,3225.0,3491.0,3388.0,3486.0,471935038860,63124606,1842,3262.0,3491.0
3116,2024-02-05,3495.0,3561.0,3430.0,3500.0,188961542130,25161715,1595,3486.0,3468.0
3117,2024-02-06,3398.0,3696.0,3398.0,3598.0,281186435220,36419374,2344,3500.0,3589.0
3118,2024-02-07,3579.0,3649.0,3556.0,3612.0,103360587910,13340252,1193,3598.0,3612.0
3119,2024-02-10,3612.0,3635.0,3542.0,3570.0,87784860250,11457518,880,3612.0,3556.0
3120,2024-02-12,3537.0,3565.0,3468.0,3519.0,76576480940,10137163,938,3570.0,3500.0
3121,2024-02-13,3458.0,3542.0,3430.0,3486.0,46797398600,6258092,588,3519.0,3440.0
3122,2024-02-14,3481.0,3542.0,3356.0,3402.0,112843419210,15455586,1041,3486.0,3384.0
3123,2024-02-17,3356.0,3393.0,3295.0,3332.0,52262552680,7310721,668,3402.0,3328.0
3124,2024-02-18,3300.0,3365.0,3258.0,3300.0,88106743500,12442801,1025,3332.0,3309.0
3125,2024-02-19,3332.0,3342.0,3267.0,3295.0,57319752620,8112297,750,3300.0,3272.0
3126,2024-02-20,3290.0,3318.0,3258.0,3290.0,92664812740,13118105,534,3295.0,3290.0
3127,2024-02-21,3272.0,3318.0,3234.0,3262.0,53917828830,7702441,693,3290.0,3239.0
3128,2024-02-24,3286.0,3290.0,3193.0,3225.0,48152624020,6954358,693,3262.0,3207.0
3129,2024-02-26,3169.0,3286.0,3113.0,3174.0,86479583480,12701395,951,3225.0,3137.0
3130,2024-02-27,3202.0,3202.0,3132.0,3155.0,41576789340,6142726,492,3174.0,3165.0
3131,2024-02-28,3188.0,3262.0,3169.0,3202.0,71182369140,10365001,502,3155.0,3234.0
3132,2024-03-02,3248.0,3365.0,3207.0,3286.0,88666591390,12568354,672,3202.0,3314.0
3133,2024-03-03,3356.0,3472.0,3309.0,3384.0,156588895880,21570705,1029,3286.0,3356.0
3134,2024-03-04,3379.0,3379.0,3276.0,3304.0,72441365100,10214568,763,3384.0,3281.0
3135,2024-03-05,3286.0,3402.0,3267.0,3351.0,68981038210,9593499,1142,3304.0,3286.0
3136,2024-03-06,3332.0,3356.0,3272.0,3300.0,39400798800,5563015,552,3351.0,3309.0
3137,2024-03-09,3281.0,3323.0,3281.0,3300.0,89033335150,12576537,697,3300.0,3300.0
3138,2024-03-10,3337.0,3337.0,3225.0,3286.0,47580022130,6750534,547,3300.0,3290.0
3139,2024-03-11,3239.0,3346.0,3239.0,3281.0,65463838330,9297204,948,3286.0,3244.0
3140,2024-03-12,3244.0,3314.0,3244.0,3272.0,63661442150,9065030,1280,3281.0,3276.0
3141,2024-03-13,3253.0,3276.0,3220.0,3248.0,56003449460,8037983,670,3272.0,3220.0
3142,2024-03-16,3220.0,3290.0,3169.0,3220.0,80124099780,11599738,870,3248.0,3202.0
3143,2024-03-17,3202.0,3267.0,3202.0,3234.0,19856518870,2858649,334,3220.0,3258.0
3144,2024-03-18,3258.0,3323.0,3234.0,3262.0,10917961800,1542779,228,3234.0,3323.0
3145,2024-03-24,3300.0,3491.0,3300.0,3458.0,165826179090,22334161,923,3262.0,3491.0
3146,2024-03-25,3584.0,3603.0,3505.0,3547.0,62881283730,8265337,1096,3458.0,3519.0
3147,2024-03-26,3505.0,3542.0,3495.0,3523.0,41756433230,5522738,631,3547.0,3514.0
3148,2024-03-27,3486.0,3542.0,3444.0,3486.0,37684848130,5039106,552,3523.0,3454.0
3149,2024-03-30,3486.0,3621.0,3435.0,3533.0,72714636610,9594338,864,3486.0,3589.0
3150,2024-04-02,3533.0,3570.0,3370.0,3495.0,64442825190,8589400,853,3533.0,3528.0
3151,2024-04-03,3519.0,3575.0,3435.0,3472.0,58293333410,7826401,734,3495.0,3472.0
3152,2024-04-06,3463.0,3491.0,3253.0,3337.0,110144533490,15381848,1256,3472.0,3356.0
3153,2024-04-07,3304.0,3402.0,3304.0,3356.0,44209378470,6142133,857,3337.0,3351.0
3154,2024-04-08,3356.0,3458.0,3356.0,3421.0,77673188140,10582244,1024,3356.0,3402.0
3155,2024-04-09,3393.0,3468.0,3384.0,3412.0,81770049570,11173064,571,3421.0,3402.0
3156,2024-04-13,3318.0,3337.0,3193.0,3248.0,113572788040,16296890,1538,3412.0,3193.0
3157,2024-04-14,3220.0,3220.0,3220.0,3244.0,3063410300,443330,31,3248.0,3220.0
3158,2024-04-15,3216.0,3272.0,3216.0,3244.0,81178468130,11665177,410,3244.0,3272.0
3159,2024-04-16,3216.0,3234.0,3216.0,3216.0,108162781350,15674284,462,3244.0,3220.0
3160,2024-04-17,3225.0,3244.0,3216.0,3239.0,47740224150,6873831,470,3216.0,3234.0
3161,2024-04-20,3253.0,3463.0,3253.0,3388.0,204786323900,28176031,1780,3239.0,3463.0
3162,2024-04-21,3486.0,3519.0,3384.0,3449.0,99833242960,13497175,831,3388.0,3398.0
3163,2024-04-22,3444.0,3472.0,3309.0,3379.0,236590708620,32645318,1538,3449.0,3309.0
3164,2024-04-23,3300.0,3379.0,3225.0,3276.0,149775893400,21301848,1352,3379.0,3262.0
3165,2024-04-24,3262.0,3304.0,3234.0,3253.0,92059137080,13188581,852,3276.0,3253.0
3166,2024-04-27,3230.0,3272.0,3146.0,3202.0,115339727130,16777561,1359,3253.0,3165.0
3167,2024-04-28,3169.0,3179.0,3048.0,3090.0,139404118930,21038905,1389,3202.0,3057.0
3168,2024-04-29,3104.0,3151.0,2969.0,3043.0,77720358300,11905428,1179,3090.0,2987.0
3169,2024-04-30,2946.0,3029.0,2852.0,2922.0,418397078710,66687303,3909,3043.0,2973.0
3170,2024-05-01,3001.0,3020.0,2922.0,2946.0,61979706870,9813495,1109,2922.0,2932.0
3171,2024-05-05,2936.0,3127.0,2918.0,3020.0,324746185390,50148085,2241,2946.0,2983.0
3172,2024-05-06,2946.0,3034.0,2946.0,2983.0,212405491260,33199523,1047,3020.0,2946.0
3173,2024-05-07,2932.0,3188.0,2932.0,3109.0,275756995320,41334290,2187,2983.0,3123.0
3174,2024-05-08,3127.0,3244.0,3127.0,3160.0,160707159470,23719655,1189,3109.0,3151.0
3175,2024-05-11,3160.0,3276.0,3155.0,3234.0,115363355280,16617060,730,3160.0,3253.0
3176,2024-05-15,3309.0,3309.0,3230.0,3262.0,169525982740,24215263,906,3234.0,3239.0
3177,2024-05-18,3220.0,3253.0,3039.0,3099.0,188332918960,28325774,1743,3262.0,3062.0
3178,2024-05-19,3043.0,3043.0,2890.0,2932.0,178545272860,28406423,1087,3099.0,2978.0
3179,2024-05-21,2955.0,2955.0,2876.0,2899.0,49220621540,7909964,512,2932.0,2941.0
3180,2024-05-25,2885.0,2950.0,2843.0,2848.0,26135208490,4276293,190,2899.0,2843.0
3181,2024-05-26,2792.0,2792.0,2792.0,2792.0,66655132650,11127735,178,2848.0,2792.0
3182,2024-05-27,2740.0,2778.0,2740.0,2740.0,157411168490,26748745,764,2792.0,2759.0
3183,2024-05-28,2787.0,2792.0,2745.0,2792.0,77446944010,12931411,431,2740.0,2792.0
3184,2024-05-29,2843.0,2843.0,2843.0,2843.0,34405317600,5640216,180,2792.0,2843.0
3185,2024-06-01,2871.0,2899.0,2787.0,2871.0,111175082040,18053388,830,2843.0,2899.0
3186,2024-06-02,2885.0,2894.0,2815.0,2848.0,40865704080,6692188,428,2871.0,2866.0
3187,2024-06-05,2834.0,2885.0,2801.0,2829.0,43609321720,7184062,473,2848.0,2815.0
3188,2024-06-08,2796.0,2801.0,2773.0,2773.0,51724033140,8688145,434,2829.0,2773.0
3189,2024-06-09,2745.0,2820.0,2745.0,2773.0,21334688760,3584927,230,2773.0,2792.0
3190,2024-06-10,2824.0,2824.0,2824.0,2824.0,21797432160,3596936,162,2773.0,2824.0
3191,2024-06-11,2866.0,2876.0,2796.0,2824.0,30872150480,5090791,305,2824.0,2834.0
3192,2024-06-12,2857.0,2857.0,2768.0,2824.0,28612892190,4718620,451,2824.0,2843.0
3193,2024-06-15,2857.0,2857.0,2768.0,2768.0,118360038140,19911072,603,2824.0,2768.0
3194,2024-06-16,2792.0,2792.0,2717.0,2722.0,99471056770,17032706,447,2768.0,2717.0
3195,2024-06-18,2764.0,2764.0,2680.0,2722.0,18939832070,3241014,998,2722.0,2754.0
3196,2024-06-19,2745.0,2773.0,2726.0,2773.0,28856775410,4852555,229,2722.0,2764.0
3197,2024-06-22,2796.0,2801.0,2722.0,2754.0,59159620630,10017892,694,2773.0,2754.0
3198,2024-06-23,2768.0,2806.0,2768.0,2801.0,56799585680,9443286,410,2754.0,2796.0
3199,2024-06-24,2824.0,2857.0,2815.0,2852.0,36231952470,5919231,287,2801.0,2857.0
3200,2024-06-26,2908.0,2908.0,2899.0,2908.0,106376150090,17054331,376,2852.0,2908.0
3201,2024-06-29,3025.0,3025.0,2871.0,2973.0,103619092450,16250203,847,2908.0,2941.0
3202,2024-06-30,2978.0,2978.0,2801.0,2857.0,55491183360,9047769,417,2973.0,2857.0
3203,2024-07-01,2754.0,2936.0,2754.0,2857.0,38536658880,6283835,256,2857.0,2894.0
3204,2024-07-02,2876.0,2946.0,2801.0,2890.0,70660313510,11401297,763,2857.0,2922.0
3205,2024-07-03,2932.0,2964.0,2876.0,2918.0,42092524670,6720900,605,2890.0,2941.0
3206,2024-07-06,3090.0,3090.0,3090.0,3090.0,54354384240,8198248,239,2918.0,3090.0
3207,2024-07-21,3275.0,3275.0,3150.0,3258.0,27477798192,8434346,240,3090.0,3275.0
3208,2024-07-22,3453.0,3453.0,3345.0,3402.0,171333567191,50366788,1296,3258.0,3383.0
3209,2024-07-23,3447.0,3453.0,3363.0,3397.0,87330930212,25705524,1060,3402.0,3423.0
3210,2024-07-24,3416.0,3450.0,3392.0,3403.0,68250171901,20053765,1028,3397.0,3410.0
3211,2024-07-27,3419.0,3440.0,3392.0,3399.0,65314866048,19213258,930,3403.0,3400.0
3212,2024-07-29,3415.0,3415.0,3340.0,3389.0,52869403790,15601551,845,3399.0,3341.0
3213,2024-07-30,3419.0,3419.0,3337.0,3362.0,49352504753,14680059,1158,3389.0,3381.0
3214,2024-07-31,3161.0,3300.0,3161.0,3196.0,29095761379,9104610,395,3362.0,3209.0
3215,2024-08-03,3196.0,3196.0,3005.0,3034.0,53672029794,17691285,941,3196.0,3005.0
3216,2024-08-04,3004.0,3064.0,3004.0,3023.0,43353153903,14341762,963,3034.0,3049.0
3217,2024-08-05,3036.0,3048.0,2993.0,2995.0,48349061091,16144664,1332,3023.0,2998.0
3218,2024-08-06,2985.0,2990.0,2966.0,2976.0,35321447069,11867702,825,2995.0,2990.0
3219,2024-08-10,3005.0,3005.0,2976.0,2992.0,12805480221,4264215,159,2976.0,3005.0
3220,2024-08-11,3021.0,3021.0,3006.0,3021.0,28739991551,9513511,218,2992.0,3021.0
3221,2024-08-12,3031.0,3051.0,2999.0,3045.0,85476259615,28067510,744,3021.0,3003.0
3222,2024-08-13,3015.0,3060.0,3015.0,3030.0,40155217860,13251457,685,3045.0,3044.0
3223,2024-08-14,3011.0,3060.0,3011.0,3048.0,13293265146,4344905,101,3030.0,3060.0
3224,2024-08-17,3108.0,3108.0,3108.0,3082.0,12733326816,4096952,129,3048.0,3108.0
3225,2024-08-18,3143.0,3143.0,3143.0,3134.0,19356944964,6158748,92,3082.0,3143.0
3226,2024-08-19,3196.0,3196.0,3158.0,3194.0,57230718930,17917635,415,3134.0,3196.0
3227,2024-08-20,3200.0,3234.0,3131.0,3148.0,33615407278,10679786,973,3194.0,3133.0
3228,2024-08-21,3179.0,3210.0,3146.0,3170.0,48614780632,15336400,717,3148.0,3173.0
3229,2024-08-24,3232.0,3233.0,3230.0,3233.0,58110667448,17974676,376,3170.0,3233.0
3230,2024-08-26,3297.0,3297.0,3255.0,3276.0,32933563383,10053953,560,3233.0,3256.0
3231,2024-08-27,3315.0,3320.0,3259.0,3281.0,47662464279,14527429,541,3276.0,3279.0
3232,2024-08-28,3300.0,3346.0,3256.0,3327.0,76388171041,22961933,513,3281.0,3346.0
3233,2024-08-31,3393.0,3393.0,3393.0,3393.0,24524895798,7228086,141,3327.0,3393.0
3234,2024-09-01,3460.0,3460.0,3420.0,3459.0,124727345988,36056756,466,3393.0,3460.0
3235,2024-09-11,3900.0,3941.0,3783.0,3834.0,368602183758,96144489,1631,3459.0,3851.0
3236,2024-09-14,3851.0,3949.0,3825.0,3930.0,335561141116,85387871,1628,3834.0,3857.0
3237,2024-09-15,3898.0,3929.0,3813.0,3846.0,145870569505,37926773,913,3930.0,3830.0
3238,2024-09-16,3800.0,3917.0,3800.0,3877.0,106294078355,27418848,889,3846.0,3880.0
3239,2024-09-17,3877.0,3993.0,3877.0,3989.0,210668085540,52806658,777,3877.0,3993.0
3240,2024-09-18,4080.0,4108.0,3990.0,4080.0,198155354176,48565169,1199,3989.0,4065.0
3241,2024-09-22,4013.0,4090.0,3958.0,3977.0,129355577284,32522338,1195,4080.0,3958.0
3242,2024-09-23,3910.0,4096.0,3892.0,4027.0,159960990277,39718395,942,3977.0,4077.0
3243,2024-09-24,4100.0,4146.0,4020.0,4090.0,103475909128,25301000,679,4027.0,4031.0
3244,2024-09-25,4090.0,4090.0,3968.0,3977.0,215269973144,54132567,902,4090.0,3968.0
3245,2024-09-28,3938.0,3938.0,3938.0,3977.0,238611296,60592,14,3977.0,3938.0
3246,2024-09-29,3938.0,3994.0,3938.0,3938.0,200402059182,50889005,889,3977.0,3938.0
3247,2024-10-02,3899.0,3899.0,3899.0,3899.0,135528776019,34759881,281,3938.0,3899.0
3248,2024-10-05,3861.0,3864.0,3861.0,3861.0,118015891347,30566127,314,3899.0,3861.0
3249,2024-10-06,3823.0,3823.0,3823.0,3859.0,1146857947,299989,8,3861.0,3823.0
3250,2024-10-07,3821.0,3823.0,3821.0,3821.0,89263845183,23361048,352,3859.0,3821.0
3251,2024-10-08,3784.0,3856.0,3784.0,3793.0,111485780928,29391703,680,3821.0,3794.0
3252,2024-10-09,3789.0,3830.0,3789.0,3830.0,90198622759,23551863,378,3793.0,3830.0
3253,2024-10-12,3870.0,3944.0,3870.0,3927.0,184859681285,47070299,883,3830.0,3944.0
3254,2024-10-13,3967.0,4044.0,3932.0,4020.0,132587702989,32983841,842,3927.0,3963.0
3255,2024-10-14,3962.0,4000.0,3900.0,3909.0,95973411128,24552157,785,4020.0,3900.0
3256,2024-10-15,3810.0,3810.0,3792.0,3822.0,20445730174,5390174,130,3909.0,3792.0
3257,2024-10-16,3724.0,3936.0,3724.0,3933.0,246623901858,62702935,637,3822.0,3936.0
3258,2024-10-19,4050.0,4050.0,3888.0,4029.0,304626180703,75601504,1709,3933.0,3920.0
3259,2024-10-20,3928.0,3999.0,3909.0,3910.0,46340941099,11850641,588,4029.0,3909.0
3260,2024-10-21,3810.0,4026.0,3806.0,3862.0,119726293309,31001094,921,3910.0,3829.0
3261,2024-10-22,3950.0,3950.0,3747.0,3861.0,220359763141,57072754,1137,3862.0,3747.0
3262,2024-10-23,3746.0,3746.0,3746.0,3746.0,56994682006,15214811,159,3861.0,3746.0
3263,2024-10-26,3800.0,3858.0,3800.0,3853.0,92173775406,23919685,377,3746.0,3858.0
3264,2024-10-27,3968.0,3968.0,3968.0,3968.0,28704472320,7233990,108,3853.0,3968.0
3265,2024-10-28,4087.0,4087.0,3904.0,4004.0,181406881954,45302531,1442,3968.0,3943.0
3266,2024-10-29,3908.0,3936.0,3884.0,3885.0,52372629453,13481162,332,4004.0,3884.0
3267,2024-10-30,3769.0,3857.0,3769.0,3779.0,218320531910,57768132,1496,3885.0,3769.0
3268,2024-11-02,3700.0,3800.0,3666.0,3687.0,121819013421,33037627,758,3779.0,3666.0
3269,2024-11-03,3577.0,3590.0,3577.0,3577.0,59184880708,16545453,263,3687.0,3577.0
3270,2024-11-04,3470.0,3645.0,3470.0,3530.0,109880218944,31126597,1110,3577.0,3608.0
3271,2024-11-05,3635.0,3635.0,3600.0,3635.0,116218023861,31973566,571,3530.0,3635.0
3272,2024-11-06,3590.0,3744.0,3558.0,3672.0,188757100044,51408712,1419,3635.0,3721.0
3273,2024-11-09,3782.0,3782.0,3754.0,3782.0,30081834291,7954539,197,3672.0,3782.0
3274,2024-11-10,3895.0,3895.0,3895.0,3880.0,24198170480,6212624,154,3782.0,3895.0
3275,2024-11-11,3996.0,3996.0,3825.0,3916.0,201051915793,51337697,1353,3880.0,3840.0
3276,2024-11-12,3806.0,3923.0,3799.0,3843.0,98005207334,25503522,775,3916.0,3799.0
3277,2024-11-13,3799.0,3947.0,3750.0,3875.0,140685897943,36305112,814,3843.0,3856.0
3278,2024-11-16,3989.0,3991.0,3970.0,3990.0,355411557068,89065595,1575,3875.0,3991.0
3279,2024-11-17,4032.0,4032.0,3871.0,3906.0,110185993731,28211953,1197,3990.0,3885.0
3280,2024-11-18,3917.0,4023.0,3857.0,4006.0,224324489809,55998078,1163,3906.0,3980.0
3281,2024-11-19,4011.0,4099.0,3886.0,3929.0,146482360672,37280659,1036,4006.0,3886.0
3282,2024-11-20,3835.0,3968.0,3812.0,3847.0,93107383824,24204454,803,3929.0,3850.0
3283,2024-11-23,3822.0,3960.0,3822.0,3902.0,90365497226,23159540,716,3847.0,3882.0
3284,2024-11-24,3902.0,4019.0,3856.0,4014.0,330674542631,82371965,921,3902.0,4019.0
3285,2024-11-25,4090.0,4134.0,4072.0,4130.0,273374750221,66190418,746,4014.0,4134.0
3286,2024-11-26,4130.0,4130.0,4007.0,4020.0,251138084959,62478144,1449,4130.0,4007.0
3287,2024-11-27,3930.0,4092.0,3930.0,3993.0,92912215383,23267787,1074,4020.0,4024.0
3288,2024-11-30,4079.0,4079.0,3874.0,3907.0,130031631099,33280454,1301,3993.0,3877.0
3289,2024-12-01,3877.0,3939.0,3810.0,3859.0,54450380635,14109247,855,3907.0,3855.0
3290,2024-12-02,3855.0,3974.0,3855.0,3973.0,313193469913,78821880,1332,3859.0,3974.0
3291,2024-12-03,4090.0,4092.0,3982.0,4079.0,389165749835,95412943,1638,3973.0,4092.0
3292,2024-12-04,4150.0,4201.0,4046.0,4197.0,691181017194,164674987,2123,4079.0,4201.0
3293,2024-12-07,4322.0,4322.0,4226.0,4314.0,922164190962,213738360,2743,4197.0,4322.0
3294,2024-12-08,4399.0,4443.0,4327.0,4436.0,835796425770,188427314,3092,4314.0,4443.0
3295,2024-12-09,4568.0,4569.0,4442.0,4558.0,981263153783,215294631,4448,4436.0,4569.0
3296,2024-12-10,4642.0,4649.0,4422.0,4439.0,557299827229,125534887,3221,4558.0,4422.0
3297,2024-12-11,4422.0,4502.0,4355.0,4458.0,291377178620,65359202,1824,4439.0,4502.0
3298,2024-12-14,4591.0,4591.0,4591.0,4591.0,214464180595,46714045,568,4458.0,4591.0
3299,2024-12-15,4728.0,4728.0,4650.0,4727.0,751316569514,158929802,1999,4591.0,4728.0
3300,2024-12-16,4800.0,4800.0,4600.0,4737.0,213927439923,45160269,1514,4727.0,4775.0
3301,2024-12-17,4595.0,4595.0,4595.0,4595.0,85001577045,18498711,241,4737.0,4595.0
3302,2024-12-18,4700.0,4732.0,4560.0,4727.0,639707598739,135318911,1633,4595.0,4732.0
3303,2024-12-21,4868.0,4868.0,4868.0,4868.0,121330056340,24924005,364,4727.0,4868.0
3304,2024-12-22,5014.0,5014.0,4871.0,5008.0,625276709101,124865177,2064,4868.0,5014.0
3305,2024-12-23,5001.0,5090.0,4931.0,5004.0,394261364263,78792474,2368,5008.0,5010.0
3306,2024-12-24,4966.0,5130.0,4910.0,4995.0,356835430773,71444150,2107,5004.0,4945.0
3307,2024-12-25,4931.0,4977.0,4846.0,4858.0,712397961171,146641677,2750,4995.0,4890.0
3308,2024-12-28,4950.0,5003.0,4815.0,5000.0,439524696049,87911234,2596,4858.0,5003.0
3309,2024-12-29,5068.0,5070.0,4850.0,4882.0,249325850461,51074809,1408,5000.0,4860.0
3310,2024-12-30,4835.0,4950.0,4762.0,4795.0,211502857491,44106152,1301,4882.0,4790.0
3311,2024-12-31,4839.0,4900.0,4661.0,4770.0,214031041645,44867043,2044,4795.0,4819.0
3312,2025-01-01,4819.0,4913.0,4810.0,4906.0,236620220122,48234720,1727,4770.0,4913.0
3313,2025-01-04,5053.0,5053.0,5053.0,5053.0,61308832215,12133155,284,4906.0,5053.0
3314,2025-01-05,5204.0,5204.0,5064.0,5203.0,564866250909,108555320,1924,5053.0,5204.0
3315,2025-01-06,5327.0,5359.0,5096.0,5338.0,465362620742,87183051,2432,5203.0,5359.0
3316,2025-01-07,5469.0,5498.0,5411.0,5488.0,222362025503,40516759,1344,5338.0,5498.0
3317,2025-01-08,5652.0,5652.0,5550.0,5649.0,330065772844,58431865,1439,5488.0,5652.0
3318,2025-01-11,5790.0,5790.0,5480.0,5490.0,489461788820,89185062,1995,5649.0,5480.0
3319,2025-01-12,5390.0,5490.0,5330.0,5330.0,174864013210,32792440,1102,5490.0,5330.0
3320,2025-01-13,5270.0,5480.0,5270.0,5430.0,190823684170,35153081,1759,5330.0,5480.0
3321,2025-01-15,5550.0,5590.0,5380.0,5510.0,160604274240,29129264,2071,5430.0,5420.0
3322,2025-01-18,5510.0,5510.0,5350.0,5360.0,160177532210,29911038,841,5510.0,5350.0
3323,2025-01-19,5250.0,5470.0,5200.0,5240.0,259391634890,49473847,1625,5360.0,5330.0
3324,2025-01-22,5830.0,5960.0,5710.0,5820.0,895294377620,153850199,4417,5240.0,5760.0
3325,2025-01-25,5880.0,5890.0,5650.0,5670.0,572030624410,100896631,3643,5820.0,5650.0
3326,2025-01-26,5610.0,5790.0,5580.0,5700.0,173119713650,30380902,1558,5670.0,5640.0
3327,2025-01-27,5660.0,5840.0,5590.0,5700.0,172013566420,30181113,1682,5700.0,5640.0
3328,2025-01-29,5800.0,5820.0,5670.0,5750.0,129970607400,22608268,1454,5700.0,5770.0
3329,2025-02-01,5770.0,5800.0,5580.0,5590.0,271981274000,48618003,1832,5750.0,5610.0
3330,2025-02-02,5620.0,5750.0,5580.0,5740.0,438553952880,76351117,2190,5590.0,5750.0
3331,2025-02-03,5790.0,5880.0,5700.0,5750.0,95570164530,16614229,918,5740.0,5750.0
3332,2025-02-04,5850.0,5860.0,5660.0,5740.0,134824756260,23508341,1160,5750.0,5690.0
3333,2025-02-05,5660.0,5720.0,5570.0,5600.0,183509553620,32746847,1458,5740.0,5640.0
3334,2025-02-09,5490.0,5680.0,5440.0,5520.0,174664343930,31647434,1826,5600.0,5440.0
3335,2025-02-11,5430.0,5500.0,5360.0,5370.0,136139936170,25353684,573,5520.0,5360.0
3336,2025-02-15,5210.0,5210.0,5210.0,5240.0,29307833840,5625304,128,5370.0,5210.0
3337,2025-02-16,5090.0,5090.0,5090.0,5090.0,222225216020,43659178,693,5240.0,5090.0
3338,2025-02-17,5010.0,5240.0,4940.0,5030.0,419514144680,83434923,2293,5090.0,4940.0
3339,2025-02-18,4950.0,5180.0,4950.0,5090.0,153594593750,30204883,1238,5030.0,5120.0
3340,2025-02-19,5110.0,5220.0,4940.0,4960.0,233671331840,47072350,2082,5090.0,4940.0
3341,2025-02-22,4910.0,4980.0,4820.0,4830.0,201644879130,41766335,1334,4960.0,4820.0
3342,2025-02-23,4760.0,4970.0,4760.0,4930.0,107597757340,21842957,852,4830.0,4970.0
3343,2025-02-24,5040.0,5070.0,5030.0,5070.0,69842602410,13776762,437,4930.0,5070.0
3344,2025-02-25,5220.0,5220.0,5100.0,5200.0,177034836080,34065227,1060,5070.0,5130.0
3345,2025-02-26,5240.0,5300.0,5100.0,5180.0,138168038680,26660726,993,5200.0,5160.0
3346,2025-03-01,5100.0,5220.0,5030.0,5120.0,114752524060,22393084,865,5180.0,5080.0
3347,2025-03-02,5090.0,5270.0,5080.0,5210.0,116729281130,22424620,979,5120.0,5160.0
3348,2025-03-03,5060.0,5060.0,5060.0,5060.0,115915183340,22908139,360,5210.0,5060.0
3349,2025-03-04,5060.0,5190.0,4910.0,4940.0,200654671320,40604726,1186,5060.0,4960.0
3350,2025-03-05,5080.0,5080.0,5010.0,5080.0,238786315500,47014011,1041,4940.0,5080.0
3351,2025-03-08,5100.0,5140.0,4930.0,4940.0,171178428980,34621115,930,5080.0,4930.0
3352,2025-03-09,4800.0,4870.0,4800.0,4800.0,230456342270,47971633,1216,4940.0,4820.0
3353,2025-03-10,4890.0,4940.0,4670.0,4760.0,131063013890,27509615,1250,4800.0,4770.0
3354,2025-03-11,4760.0,4830.0,4630.0,4730.0,117381750150,24840773,1128,4760.0,4710.0
3355,2025-03-12,4750.0,4870.0,4650.0,4800.0,192989712120,40182655,1544,4730.0,4870.0
3356,2025-03-15,4944.0,4944.0,4901.0,4944.0,157981955364,31954968,660,4800.0,4944.0
3357,2025-03-16,5053.0,5053.0,4823.0,4906.0,149575438505,30485975,1713,4944.0,4889.0
3358,2025-03-17,4850.0,4903.0,4759.0,4779.0,148544915593,31081897,1048,4906.0,4759.0
3359,2025-03-18,4636.0,4769.0,4636.0,4636.0,174275599569,37591404,667,4779.0,4636.0
3360,2025-03-25,4768.0,4775.0,4644.0,4775.0,50706050501,10619477,325,4636.0,4775.0
3361,2025-03-26,4909.0,4909.0,4711.0,4777.0,57572089964,12053128,656,4775.0,4760.0
3362,2025-03-29,4720.0,4847.0,4719.0,4759.0,36478749793,7665955,456,4777.0,4788.0
3363,2025-03-30,4760.0,4870.0,4723.0,4811.0,58496940809,12159683,510,4759.0,4836.0
3364,2025-04-05,4821.0,4955.0,4810.0,4938.0,185888169319,37641365,1057,4811.0,4912.0
3365,2025-04-06,4912.0,5013.0,4790.0,4837.0,207305239915,42858718,1092,4938.0,4795.0
3366,2025-04-07,4725.0,4901.0,4697.0,4735.0,81090852330,17126982,625,4837.0,4705.0
3367,2025-04-08,4877.0,4877.0,4877.0,4877.0,35120203630,7201190,151,4735.0,4877.0
3368,2025-04-09,5023.0,5023.0,4885.0,4982.0,121101144534,24309625,782,4877.0,4943.0
3369,2025-04-12,5021.0,5056.0,4833.0,4994.0,75566796141,15130381,907,4982.0,5000.0
3370,2025-04-13,5143.0,5143.0,5143.0,5143.0,158925540190,30901330,248,4994.0,5143.0
3371,2025-04-14,5297.0,5297.0,5297.0,5297.0,283078009915,53441195,388,5143.0,5297.0
3372,2025-04-15,5455.0,5455.0,5455.0,5455.0,96506837930,17691446,238,5297.0,5455.0
3373,2025-04-16,5618.0,5618.0,5618.0,5618.0,110870522132,19734874,239,5455.0,5618.0
3374,2025-04-19,5780.0,5780.0,5780.0,5780.0,77848577360,13468612,210,5618.0,5780.0
3375,2025-04-20,5950.0,5950.0,5950.0,5950.0,52826158700,8878346,131,5780.0,5950.0
3376,2025-04-21,6120.0,6120.0,6120.0,6120.0,118969672680,19439489,314,5950.0,6120.0
3377,2025-04-22,6300.0,6300.0,6300.0,6300.0,66754056600,10595882,314,6120.0,6300.0
3378,2025-04-23,6480.0,6480.0,6480.0,6480.0,114671233440,17696178,382,6300.0,6480.0
3379,2025-04-26,6670.0,6670.0,6610.0,6670.0,2764691521470,414524252,5564,6480.0,6670.0
3380,2025-04-27,6490.0,6870.0,6470.0,6740.0,2677445634780,397138261,7733,6670.0,6870.0
3381,2025-04-28,6940.0,6940.0,6600.0,6840.0,1174211354350,171632946,4266,6740.0,6730.0
3382,2025-04-29,6720.0,6900.0,6640.0,6720.0,640048178220,95256580,2616,6840.0,6850.0
3383,2025-04-30,6780.0,6920.0,6740.0,6910.0,430711107530,62312167,1765,6720.0,6920.0
3384,2025-05-03,6710.0,6710.0,6710.0,6760.0,36199779000,5394900,187,6910.0,6710.0
3385,2025-05-04,6940.0,6960.0,6930.0,6960.0,554270096040,79675102,1622,6760.0,6960.0
3386,2025-05-05,7160.0,7160.0,7000.0,7150.0,902176496550,126241925,2669,6960.0,7150.0
3387,2025-05-06,7060.0,7360.0,6950.0,7120.0,416162298400,58436793,2058,7150.0,7160.0
3388,2025-05-07,7050.0,7200.0,6910.0,6940.0,1230404542970,177257122,3141,7120.0,6910.0
3389,2025-05-10,6740.0,6750.0,6740.0,6740.0,1290141448960,191414813,2819,6940.0,6740.0
3390,2025-05-11,6590.0,6720.0,6540.0,6550.0,247497546460,37759895,1271,6740.0,6540.0
3391,2025-05-12,6740.0,6740.0,6570.0,6720.0,567160409580,84348902,2354,6550.0,6740.0
3392,2025-05-13,6650.0,6750.0,6520.0,6550.0,288455875500,44057424,1859,6720.0,6520.0
3393,2025-05-14,6450.0,6580.0,6360.0,6390.0,340240193650,53251600,1703,6550.0,6360.0
3394,2025-05-17,6250.0,6540.0,6200.0,6320.0,610829019940,96723128,3193,6390.0,6330.0
3395,2025-05-18,6310.0,6500.0,6310.0,6490.0,488033122600,75191841,1604,6320.0,6500.0
3396,2025-05-19,6440.0,6680.0,6330.0,6600.0,514085195010,77861517,2136,6490.0,6680.0
3397,2025-05-20,6460.0,6710.0,6410.0,6470.0,374622490390,57880942,1772,6600.0,6410.0
3398,2025-05-21,6470.0,6660.0,6430.0,6660.0,284781723210,42791357,1583,6470.0,6660.0
3399,2025-05-24,6830.0,6850.0,6650.0,6810.0,321232200240,47195798,1941,6660.0,6780.0
3400,2025-05-25,6650.0,6790.0,6610.0,6610.0,172754657480,26119044,870,6810.0,6610.0
3401,2025-05-26,6520.0,6700.0,6460.0,6590.0,81951080000,12431902,739,6610.0,6670.0
3402,2025-05-27,6700.0,6700.0,6510.0,6570.0,121416335930,18469261,940,6590.0,6610.0
3403,2025-05-28,6510.0,6630.0,6510.0,6560.0,130568597380,19916354,1615,6570.0,6560.0
3404,2025-05-31,6700.0,6750.0,6600.0,6730.0,291909466110,43391482,2194,6560.0,6660.0
3405,2025-06-01,6650.0,6650.0,6530.0,6530.0,192952191350,29529999,1086,6730.0,6530.0
3406,2025-06-02,6430.0,6680.0,6430.0,6540.0,119518858350,18287133,1488,6530.0,6530.0
3407,2025-06-03,6440.0,6590.0,6350.0,6390.0,133252594590,20858946,1369,6540.0,6350.0
3408,2025-06-07,6290.0,6320.0,6200.0,6250.0,35192746570,5669942,239,6390.0,6200.0
3409,2025-06-08,6090.0,6220.0,6070.0,6100.0,203396654730,33337440,1369,6250.0,6140.0
3410,2025-06-09,6220.0,6280.0,5920.0,6000.0,193570183350,32279561,1483,6100.0,5930.0
3411,2025-06-10,6040.0,6170.0,6000.0,6080.0,61359665270,10083809,698,6000.0,6110.0
3412,2025-06-11,6180.0,6260.0,6010.0,6120.0,102557269500,16753511,948,6080.0,6030.0
3413,2025-06-28,5940.0,5940.0,5940.0,6000.0,28947354480,4873292,75,6120.0,5940.0
3414,2025-06-29,5820.0,5820.0,5820.0,5830.0,39407220000,6771000,90,6000.0,5820.0
3415,2025-06-30,5660.0,5660.0,5660.0,5800.0,8074918240,1426664,46,5830.0,5660.0
3416,2025-07-01,5630.0,5630.0,5630.0,5630.0,1551671604350,275607745,3311,5800.0,5630.0
3417,2025-07-02,5470.0,5580.0,5470.0,5470.0,1583390708490,289235596,4334,5630.0,5490.0
3418,2025-07-07,5460.0,5600.0,5310.0,5370.0,512541568100,95410436,2244,5470.0,5310.0
3419,2025-07-08,5490.0,5490.0,5210.0,5250.0,353032819340,67224707,1779,5370.0,5210.0
3420,2025-07-09,5100.0,5220.0,5100.0,5110.0,371095590110,72657040,1613,5250.0,5220.0
3421,2025-07-12,5260.0,5260.0,5180.0,5260.0,259013150670,49247008,968,5110.0,5260.0
