,date,open,high,low,adjClose,value,volume,count,yesterday,close
0,2004-03-07,42.0,42.0,42.0,42.0,3395000000,485000,482,0.0,42.0
1,2004-03-09,44.0,44.0,25.0,44.0,1381203100,243372,227,42.0,44.0
2,2004-03-10,46.0,46.0,46.0,46.0,2096153276,271628,68,44.0,46.0
3,2004-03-13,46.0,46.0,44.0,44.0,1087223341,147735,144,46.0,44.0
4,2004-03-14,43.0,44.0,43.0,43.0,287505934,39824,55,44.0,43.0
5,2004-03-15,44.0,44.0,42.0,43.0,31889250,4486,9,43.0,43.0
6,2004-03-16,42.0,42.0,40.0,41.0,64882277,9433,12,43.0,41.0
7,2004-03-17,40.0,40.0,39.0,39.0,47699860,7215,10,41.0,39.0
8,2004-03-28,39.0,39.0,38.0,38.0,95651978,14878,16,39.0,38.0
9,2004-03-29,37.0,38.0,36.0,37.0,34471490,5610,7,38.0,37.0
10,2004-03-30,37.0,37.0,37.0,37.0,48189590,7840,10,37.0,37.0
11,2004-04-03,37.0,38.0,37.0,37.0,52782014,8416,13,37.0,37.0
12,2004-04-04,38.0,39.0,38.0,38.0,23729910,3660,7,37.0,38.0
13,2004-04-05,40.0,40.0,39.0,39.0,25704720,3831,10,38.0,39.0
14,2004-04-06,41.0,41.0,39.0,39.0,2830010,410,2,39.0,39.0
15,2004-04-07,41.0,41.0,41.0,41.0,66223695,9555,6,39.0,41.0
16,2004-04-10,42.0,42.0,42.0,42.0,51535940,7310,13,41.0,42.0
17,2004-04-12,42.0,42.0,42.0,42.0,6013240,853,5,42.0,42.0
18,2004-04-13,42.0,42.0,41.0,42.0,59337720,8510,7,42.0,42.0
19,2004-04-18,40.0,40.0,40.0,40.0,37161070,5610,11,42.0,40.0
20,2004-04-21,39.0,40.0,39.0,40.0,63558030,9610,13,40.0,40.0
21,2004-04-24,39.0,40.0,38.0,39.0,180330496,27482,22,40.0,39.0
22,2004-04-25,39.0,39.0,39.0,39.0,4526797,690,3,39.0,39.0
23,2004-04-26,39.0,39.0,39.0,39.0,232575835,35464,17,39.0,39.0
24,2004-04-27,39.0,39.0,39.0,39.0,65430000,10000,2,39.0,39.0
25,2004-05-01,38.0,38.0,38.0,38.0,162313353,25433,18,39.0,38.0
26,2004-05-02,36.0,38.0,36.0,38.0,4556123,751,2,38.0,38.0
27,2004-05-03,38.0,38.0,38.0,38.0,12729400,2010,2,38.0,38.0
28,2004-05-04,38.0,38.0,38.0,38.0,80322777,12671,11,38.0,38.0
29,2004-05-05,38.0,38.0,37.0,38.0,31539572,5010,6,38.0,38.0
30,2004-05-08,37.0,38.0,37.0,38.0,18541650,2960,5,38.0,38.0
31,2004-05-09,37.0,37.0,37.0,37.0,23551470,3760,10,38.0,37.0
32,2004-05-10,37.0,38.0,37.0,37.0,185294739,29566,19,37.0,37.0
33,2004-05-11,38.0,38.0,37.0,37.0,9397664,1492,4,37.0,37.0
34,2004-05-15,37.0,37.0,37.0,37.0,33312930,5310,6,37.0,37.0
35,2004-05-16,37.0,38.0,37.0,37.0,35203040,5610,9,37.0,37.0
36,2004-05-17,38.0,38.0,38.0,38.0,31483892,5010,11,37.0,38.0
37,2004-05-18,38.0,38.0,38.0,38.0,578098,92,2,38.0,38.0
38,2004-05-19,36.0,38.0,36.0,37.0,37406329,6039,8,38.0,37.0
39,2004-05-22,37.0,37.0,37.0,37.0,6261355,1010,5,37.0,37.0
40,2004-05-23,37.0,37.0,37.0,37.0,46360800,7520,1,37.0,37.0
41,2004-05-25,37.0,37.0,36.0,36.0,37018570,6070,6,37.0,36.0
42,2004-05-26,36.0,36.0,36.0,36.0,19362070,3213,6,36.0,36.0
43,2004-05-29,36.0,36.0,36.0,36.0,6917992,1154,3,36.0,36.0
44,2004-05-30,35.0,38.0,35.0,36.0,193983982,32119,25,36.0,36.0
45,2004-05-31,38.0,38.0,36.0,36.0,7250480,1144,3,36.0,36.0
46,2004-06-01,38.0,38.0,37.0,37.0,3259150,510,2,36.0,37.0
47,2004-06-02,38.0,38.0,38.0,38.0,48278400,7520,1,37.0,38.0
48,2004-06-05,38.0,38.0,38.0,38.0,40999715,6381,6,38.0,38.0
49,2004-06-06,40.0,40.0,40.0,40.0,107463041,15941,12,38.0,40.0
50,2004-06-07,42.0,42.0,42.0,42.0,61362606,8684,6,40.0,42.0
51,2004-06-08,43.0,44.0,43.0,44.0,143119351,19633,18,42.0,44.0
52,2004-06-09,44.0,44.0,43.0,44.0,152038935,20731,32,44.0,44.0
53,2004-06-12,44.0,44.0,42.0,43.0,163034138,22768,17,44.0,43.0
54,2004-06-13,43.0,43.0,42.0,43.0,233584382,32672,14,43.0,43.0
55,2004-09-26,44.0,45.0,43.0,45.0,496781550,66620,31,43.0,45.0
56,2004-09-27,45.0,45.0,44.0,44.0,386793910,51931,20,45.0,44.0
57,2004-09-28,44.0,44.0,44.0,44.0,145342898,19642,15,44.0,44.0
58,2004-09-29,44.0,44.0,44.0,44.0,21035306,2831,8,44.0,44.0
59,2004-10-02,44.0,44.0,44.0,44.0,37753340,5096,6,44.0,44.0
60,2004-10-03,44.0,44.0,44.0,44.0,19841757,2707,4,44.0,44.0
61,2004-10-06,43.0,44.0,43.0,44.0,14593770,2010,3,44.0,44.0
62,2004-10-09,42.0,44.0,42.0,44.0,2203260,310,3,44.0,44.0
63,2004-10-19,43.0,45.0,43.0,44.0,379776250,51503,25,44.0,44.0
64,2004-10-20,44.0,46.0,44.0,44.0,1120446580,147010,5,44.0,44.0
65,2004-10-23,44.0,44.0,44.0,44.0,147580,20,2,44.0,44.0
66,2004-10-25,42.0,43.0,42.0,43.0,10568230,1510,3,44.0,43.0
67,2004-10-26,42.0,43.0,42.0,43.0,3568000,510,2,43.0,43.0
68,2004-10-27,41.0,42.0,41.0,42.0,31219190,4510,7,43.0,42.0
69,2004-10-30,40.0,41.0,40.0,41.0,13469190,2010,3,42.0,41.0
70,2004-11-01,39.0,39.0,39.0,39.0,63820392,9708,5,41.0,39.0
71,2004-11-03,40.0,40.0,40.0,40.0,19240527,2873,3,39.0,40.0
72,2004-11-06,42.0,42.0,42.0,42.0,69600000,10000,6,40.0,42.0
73,2004-11-08,43.0,43.0,42.0,42.0,3689310,510,3,42.0,42.0
74,2004-11-09,42.0,42.0,42.0,42.0,105000000,15000,4,42.0,42.0
75,2004-11-10,42.0,44.0,42.0,43.0,212423510,29254,14,42.0,43.0
76,2004-11-13,45.0,45.0,44.0,44.0,106286432,14368,7,43.0,44.0
77,2004-11-16,46.0,46.0,46.0,46.0,49702400,6400,3,44.0,46.0
78,2004-11-17,49.0,49.0,48.0,48.0,950935413,117266,37,46.0,48.0
79,2004-11-20,49.0,50.0,49.0,49.0,603411941,72969,23,48.0,49.0
80,2004-11-21,50.0,51.0,50.0,50.0,706016493,84321,26,49.0,50.0
81,2004-11-22,51.0,52.0,51.0,52.0,310395420,35872,25,50.0,52.0
82,2004-11-23,54.0,54.0,54.0,54.0,642847428,70767,40,52.0,54.0
83,2004-11-24,57.0,57.0,57.0,57.0,423266349,44377,50,54.0,57.0
84,2004-11-27,57.0,60.0,56.0,56.0,446773135,47305,30,57.0,56.0
85,2004-11-28,56.0,56.0,55.0,56.0,263898015,28382,29,56.0,56.0
86,2004-11-29,55.0,55.0,54.0,54.0,60846055,6675,6,56.0,54.0
87,2004-11-30,54.0,54.0,52.0,53.0,163197561,18255,14,54.0,53.0
88,2004-12-01,54.0,54.0,53.0,54.0,596256789,66300,32,53.0,54.0
89,2004-12-04,54.0,54.0,53.0,53.0,77654198,8741,8,54.0,53.0
90,2004-12-05,52.0,52.0,52.0,52.0,189376942,21642,8,53.0,52.0
91,2004-12-06,53.0,53.0,52.0,52.0,2067510,235,2,52.0,52.0
92,2004-12-07,52.0,52.0,52.0,52.0,32760422,3744,9,52.0,52.0
93,2004-12-12,52.0,52.0,52.0,52.0,37929130,4336,5,52.0,52.0
94,2004-12-13,52.0,52.0,52.0,52.0,17940048,2056,3,52.0,52.0
95,2004-12-14,52.0,52.0,52.0,52.0,1747800,200,1,52.0,52.0
96,2004-12-15,52.0,52.0,50.0,52.0,42195604,4848,4,52.0,52.0
97,2004-12-18,51.0,51.0,49.0,50.0,133495864,15883,17,52.0,50.0
98,2004-12-19,49.0,50.0,49.0,50.0,29580536,3578,6,50.0,50.0
99,2004-12-20,50.0,52.0,50.0,51.0,157289906,18517,14,50.0,51.0
100,2004-12-21,52.0,53.0,52.0,53.0,543876382,61771,33,51.0,53.0
101,2004-12-22,55.0,55.0,55.0,55.0,197784624,21396,13,53.0,55.0
102,2004-12-26,58.0,58.0,58.0,58.0,98030600,10100,6,55.0,58.0
103,2004-12-27,61.0,61.0,60.0,61.0,1096241789,107759,47,58.0,61.0
104,2004-12-28,64.0,64.0,62.0,64.0,1256756085,117965,77,61.0,64.0
105,2004-12-29,61.0,62.0,60.0,61.0,361074614,35219,31,64.0,61.0
106,2005-01-01,62.0,62.0,61.0,61.0,24648680,2390,4,61.0,61.0
107,2005-01-02,62.0,62.0,61.0,61.0,108864059,10593,22,61.0,61.0
108,2005-01-03,58.0,59.0,58.0,58.0,72368107,7399,13,61.0,58.0
109,2005-01-04,58.0,58.0,57.0,58.0,40360300,4167,8,58.0,58.0
110,2005-01-05,55.0,57.0,55.0,57.0,30055805,3255,6,58.0,57.0
111,2005-01-08,54.0,56.0,54.0,56.0,7024943,767,3,57.0,56.0
112,2005-01-09,54.0,54.0,54.0,54.0,120344354,13274,14,56.0,54.0
113,2005-01-10,53.0,53.0,53.0,53.0,49526076,5627,9,54.0,53.0
114,2005-01-11,50.0,53.0,50.0,52.0,99239985,11440,12,53.0,52.0
115,2005-01-12,51.0,53.0,51.0,52.0,117512262,13416,15,52.0,52.0
116,2005-01-15,54.0,55.0,54.0,54.0,91874810,10112,10,52.0,54.0
117,2005-01-16,55.0,57.0,55.0,55.0,35951003,3828,9,54.0,55.0
118,2005-01-17,56.0,56.0,56.0,56.0,37683090,4008,12,55.0,56.0
119,2005-01-18,56.0,58.0,56.0,57.0,194866007,20523,13,56.0,57.0
120,2005-01-19,58.0,58.0,58.0,58.0,406054771,42019,18,57.0,58.0
121,2005-01-22,59.0,59.0,58.0,59.0,109427710,11084,15,58.0,59.0
122,2005-01-23,59.0,62.0,59.0,61.0,110537493,10793,16,59.0,61.0
123,2005-01-24,61.0,63.0,60.0,62.0,159601119,15471,26,61.0,62.0
124,2005-01-25,60.0,60.0,59.0,59.0,90094498,9072,13,62.0,59.0
125,2005-01-26,58.0,58.0,56.0,58.0,41674195,4297,5,59.0,58.0
126,2005-01-30,56.0,58.0,56.0,58.0,3574782,378,2,58.0,58.0
127,2005-01-31,56.0,58.0,56.0,58.0,2535410,270,2,58.0,58.0
128,2005-02-01,56.0,58.0,55.0,58.0,3204205,345,3,58.0,58.0
129,2005-02-02,55.0,58.0,55.0,58.0,2081375,225,2,58.0,58.0
130,2005-02-06,55.0,58.0,55.0,58.0,2071976,224,3,58.0,58.0
131,2005-02-22,55.0,58.0,55.0,58.0,1018270,110,2,58.0,58.0
132,2005-02-23,55.0,58.0,55.0,58.0,2860640,310,2,58.0,58.0
133,2005-02-27,55.0,55.0,55.0,55.0,4595500,500,1,58.0,55.0
134,2005-02-28,52.0,52.0,52.0,52.0,4959776,568,1,55.0,52.0
135,2005-03-01,50.0,50.0,50.0,50.0,2729384,329,2,52.0,50.0
136,2005-03-02,47.0,47.0,47.0,47.0,945840,120,2,50.0,47.0
137,2005-03-05,45.0,45.0,45.0,45.0,29203200,3900,3,47.0,45.0
138,2005-03-06,43.0,43.0,43.0,43.0,259113222,36423,29,45.0,43.0
139,2005-03-07,40.0,45.0,40.0,44.0,37737237,5110,6,43.0,44.0
140,2005-03-08,45.0,46.0,44.0,45.0,376028501,49769,25,44.0,45.0
141,2005-03-09,46.0,46.0,43.0,44.0,74371586,10071,13,45.0,44.0
142,2005-03-13,44.0,44.0,43.0,44.0,4046510,555,3,44.0,44.0
143,2005-03-14,44.0,46.0,44.0,45.0,50677286,6744,7,44.0,45.0
144,2005-03-15,46.0,46.0,45.0,45.0,7721340,1010,2,45.0,45.0
145,2005-03-26,45.0,45.0,45.0,45.0,1208440,160,2,45.0,45.0
146,2005-03-29,47.0,47.0,45.0,45.0,4816680,610,3,45.0,45.0
147,2005-03-30,47.0,47.0,46.0,46.0,7986210,1010,3,45.0,46.0
148,2005-04-03,48.0,48.0,47.0,48.0,91300880,11424,12,46.0,48.0
149,2005-04-04,50.0,50.0,48.0,48.0,5819784,694,4,48.0,48.0
150,2005-04-05,50.0,50.0,50.0,50.0,92785000,11000,5,48.0,50.0
151,2005-04-06,53.0,53.0,53.0,53.0,59211216,6686,9,50.0,53.0
152,2005-04-10,53.0,53.0,53.0,53.0,40091112,4527,5,53.0,53.0
153,2005-04-11,53.0,53.0,53.0,53.0,38984782,4402,6,53.0,53.0
154,2005-04-12,55.0,55.0,53.0,55.0,219486038,23745,14,53.0,55.0
155,2005-04-13,55.0,58.0,55.0,55.0,23410885,2517,4,55.0,55.0
156,2005-04-16,56.0,56.0,55.0,55.0,9997200,1075,3,55.0,55.0
157,2005-04-17,55.0,55.0,54.0,54.0,69125790,7647,6,55.0,54.0
158,2005-04-18,54.0,54.0,51.0,53.0,58490460,6615,8,54.0,53.0
159,2005-04-19,53.0,54.0,53.0,54.0,188714181,21024,12,53.0,54.0
160,2005-04-20,54.0,54.0,53.0,53.0,71345012,7998,7,54.0,53.0
161,2005-04-23,53.0,54.0,53.0,53.0,12870010,1433,5,53.0,53.0
162,2005-04-25,53.0,53.0,53.0,53.0,25487949,2853,5,53.0,53.0
163,2005-04-27,54.0,54.0,54.0,54.0,30230680,3359,4,53.0,54.0
164,2005-04-30,54.0,54.0,54.0,54.0,55852625,6230,9,54.0,54.0
165,2005-05-01,54.0,54.0,53.0,54.0,475963660,52960,22,54.0,54.0
166,2005-05-02,54.0,54.0,53.0,54.0,101107540,11260,4,54.0,54.0
167,2005-05-04,54.0,54.0,54.0,54.0,4571270,510,2,54.0,54.0
168,2005-05-07,54.0,54.0,54.0,54.0,985960,110,2,54.0,54.0
169,2005-05-08,53.0,54.0,53.0,53.0,185300784,20818,17,54.0,53.0
170,2005-05-09,53.0,53.0,52.0,53.0,14716830,1687,4,53.0,53.0
171,2005-05-10,53.0,53.0,53.0,53.0,1802542166,203580,10,53.0,53.0
172,2005-05-11,54.0,54.0,53.0,53.0,1852940510,208275,8,53.0,53.0
173,2005-05-14,53.0,53.0,53.0,53.0,1691300187,190010,5,53.0,53.0
174,2005-05-15,55.0,56.0,55.0,55.0,81117111,8744,6,53.0,55.0
175,2005-05-16,57.0,58.0,57.0,58.0,236508373,24314,16,55.0,58.0
176,2005-05-17,61.0,61.0,61.0,61.0,595897911,58347,21,58.0,61.0
177,2005-05-18,64.0,64.0,61.0,64.0,249420439,23445,20,61.0,64.0
178,2005-05-21,64.0,65.0,64.0,64.0,380233751,35327,25,64.0,64.0
179,2005-05-22,64.0,64.0,63.0,64.0,192669490,18115,16,64.0,64.0
180,2005-05-23,63.0,67.0,63.0,67.0,289567430,25987,24,64.0,67.0
181,2005-08-22,66.0,66.0,66.0,66.0,10991000,1000,1,67.0,66.0
182,2005-08-27,62.0,62.0,62.0,62.0,66828800,6400,1,66.0,62.0
183,2005-08-28,59.0,59.0,59.0,59.0,1704602110,171827,62,62.0,59.0
184,2005-08-29,56.0,56.0,56.0,56.0,124560870,13209,4,59.0,56.0
185,2005-08-30,56.0,56.0,54.0,54.0,359179844,40010,15,56.0,54.0
186,2005-08-31,51.0,51.0,51.0,51.0,124778232,14626,15,54.0,51.0
187,2005-09-03,53.0,54.0,53.0,53.0,74951126,8405,9,51.0,53.0
188,2005-09-04,53.0,53.0,53.0,53.0,167285170,18760,6,53.0,53.0
189,2005-09-06,53.0,53.0,53.0,53.0,6299944,708,2,53.0,53.0
190,2005-09-07,51.0,53.0,51.0,52.0,87875870,10130,5,53.0,52.0
191,2005-09-11,49.0,53.0,49.0,52.0,138781476,15947,10,52.0,52.0
192,2005-09-13,49.0,50.0,49.0,50.0,41433640,5010,4,52.0,50.0
193,2005-09-14,48.0,50.0,48.0,50.0,8034990,1010,2,50.0,50.0
194,2005-09-17,47.0,50.0,47.0,49.0,27465280,3360,5,50.0,49.0
195,2005-09-19,49.0,50.0,49.0,49.0,26389820,3180,3,49.0,49.0
196,2005-09-21,52.0,52.0,50.0,50.0,10576944,1261,3,49.0,50.0
197,2005-09-24,50.0,50.0,50.0,50.0,2108090,254,2,50.0,50.0
198,2005-10-03,47.0,47.0,47.0,47.0,75277125,9559,1,50.0,47.0
199,2005-10-09,45.0,45.0,45.0,45.0,47884800,6400,3,47.0,45.0
200,2005-10-10,43.0,43.0,43.0,43.0,206413430,28792,21,45.0,43.0
201,2005-10-12,44.0,44.0,43.0,43.0,2291790,310,2,43.0,43.0
202,2005-10-17,41.0,41.0,41.0,41.0,41883689,6109,5,43.0,41.0
203,2005-10-19,40.0,43.0,40.0,41.0,30832746,4544,6,41.0,41.0
204,2005-10-24,39.0,40.0,39.0,40.0,27871120,4255,7,41.0,40.0
205,2005-10-26,40.0,40.0,40.0,40.0,1778716,268,1,40.0,40.0
206,2005-11-08,38.0,39.0,38.0,39.0,3534380,560,2,40.0,39.0
207,2005-11-09,38.0,38.0,38.0,38.0,20053582,3194,4,39.0,38.0
208,2005-11-26,40.0,40.0,38.0,39.0,33572070,5156,6,38.0,39.0
209,2005-11-27,40.0,41.0,40.0,40.0,219024167,32311,23,39.0,40.0
210,2005-11-29,42.0,42.0,41.0,41.0,21399330,3010,3,40.0,41.0
211,2005-11-30,43.0,43.0,43.0,43.0,29934960,4120,4,41.0,43.0
212,2005-12-03,43.0,44.0,43.0,43.0,6812394,949,4,43.0,43.0
213,2005-12-04,44.0,44.0,43.0,43.0,29099860,3986,8,43.0,43.0
214,2005-12-05,43.0,45.0,43.0,45.0,48847796,6510,6,43.0,45.0
215,2005-12-06,45.0,45.0,45.0,45.0,2506002,334,2,45.0,45.0
216,2005-12-10,44.0,45.0,44.0,45.0,8102537,1109,6,45.0,45.0
217,2005-12-13,42.0,44.0,42.0,44.0,32418219,4467,6,45.0,44.0
218,2005-12-19,42.0,42.0,42.0,42.0,61556740,8826,5,44.0,42.0
219,2005-12-20,42.0,43.0,42.0,43.0,120141560,16808,6,42.0,43.0
220,2005-12-21,45.0,45.0,45.0,45.0,72058792,9608,7,43.0,45.0
221,2005-12-24,43.0,45.0,43.0,44.0,29446505,4020,6,45.0,44.0
222,2005-12-25,42.0,46.0,42.0,45.0,206341867,27330,16,44.0,45.0
223,2005-12-26,47.0,47.0,46.0,46.0,9951180,1260,3,45.0,46.0
224,2005-12-27,48.0,48.0,48.0,48.0,174912990,21870,18,46.0,48.0
225,2005-12-28,50.0,50.0,50.0,50.0,54240546,6461,16,48.0,50.0
226,2005-12-31,52.0,52.0,51.0,51.0,34532210,3971,5,50.0,51.0
227,2006-01-01,53.0,53.0,51.0,51.0,135696980,15778,18,51.0,51.0
228,2006-01-02,53.0,54.0,51.0,53.0,114812590,12843,8,51.0,53.0
229,2006-01-03,51.0,53.0,51.0,52.0,132598161,15377,9,53.0,52.0
230,2006-01-04,52.0,52.0,51.0,51.0,18815750,2210,6,52.0,51.0
231,2006-01-07,49.0,51.0,49.0,51.0,7588750,930,2,51.0,51.0
232,2006-01-08,48.0,48.0,48.0,48.0,63269958,7814,3,51.0,48.0
233,2006-01-09,48.0,48.0,48.0,48.0,5336800,660,3,48.0,48.0
234,2006-01-14,46.0,48.0,46.0,48.0,16599858,2158,4,48.0,48.0
235,2006-01-21,47.0,48.0,47.0,48.0,13395810,1685,2,48.0,48.0
236,2006-01-29,48.0,48.0,47.0,47.0,361067613,45483,22,48.0,47.0
237,2006-01-30,48.0,48.0,48.0,48.0,44630770,5510,4,47.0,48.0
238,2006-01-31,49.0,49.0,48.0,48.0,1075080,132,2,48.0,48.0
239,2006-02-01,46.0,46.0,46.0,46.0,112139202,14609,7,48.0,46.0
240,2006-02-04,44.0,44.0,44.0,44.0,36538760,5010,2,46.0,44.0
241,2006-02-05,42.0,44.0,42.0,44.0,10584890,1510,2,44.0,44.0
242,2006-02-12,41.0,42.0,41.0,42.0,34764290,5020,4,44.0,42.0
243,2006-02-18,40.0,40.0,40.0,40.0,42585600,6400,4,42.0,40.0
244,2006-02-19,39.0,40.0,39.0,39.0,58601330,8935,6,40.0,39.0
245,2006-02-20,40.0,40.0,40.0,40.0,42816279,6401,5,39.0,40.0
246,2006-02-21,41.0,41.0,41.0,41.0,43654400,6400,4,40.0,41.0
247,2006-02-22,42.0,42.0,42.0,42.0,44524800,6400,3,41.0,42.0
248,2006-02-25,42.0,42.0,42.0,42.0,45414400,6400,9,42.0,42.0
249,2006-02-26,43.0,43.0,43.0,43.0,46316800,6400,6,42.0,43.0
250,2006-02-27,44.0,44.0,44.0,44.0,47238400,6400,7,43.0,44.0
251,2006-02-28,45.0,45.0,44.0,45.0,84991946,11352,16,44.0,45.0
252,2006-03-01,44.0,44.0,44.0,44.0,36979030,5010,6,45.0,44.0
253,2006-03-04,43.0,43.0,43.0,43.0,46518265,6410,7,44.0,43.0
254,2006-03-06,43.0,43.0,43.0,43.0,27271124,3824,9,43.0,43.0
255,2006-03-07,43.0,43.0,43.0,43.0,74585730,10388,8,43.0,43.0
256,2006-03-08,43.0,43.0,42.0,43.0,2848274,402,4,43.0,43.0
257,2006-03-11,42.0,43.0,42.0,43.0,85790,12,2,43.0,43.0
258,2006-03-12,42.0,43.0,42.0,43.0,1134610,161,3,43.0,43.0
259,2006-03-13,42.0,43.0,42.0,43.0,3030656,431,4,43.0,43.0
260,2006-03-14,42.0,43.0,42.0,43.0,106670,15,2,43.0,43.0
261,2006-03-18,42.0,42.0,42.0,42.0,108340856,15441,12,43.0,42.0
262,2006-03-19,42.0,42.0,42.0,42.0,10880508,1548,6,42.0,42.0
263,2006-03-27,41.0,42.0,41.0,42.0,1719230,249,2,42.0,42.0
264,2006-04-09,43.0,43.0,42.0,42.0,15034656,2102,3,42.0,42.0
265,2006-04-10,43.0,43.0,42.0,42.0,17194900,2430,3,42.0,42.0
266,2006-04-18,42.0,42.0,42.0,42.0,529800,75,1,42.0,42.0
267,2006-04-19,41.0,42.0,41.0,42.0,11932900,1710,4,42.0,42.0
268,2006-04-22,41.0,42.0,41.0,42.0,7660150,1110,3,42.0,42.0
269,2006-04-23,41.0,41.0,41.0,41.0,45456638,6608,6,42.0,41.0
270,2006-04-24,41.0,41.0,41.0,41.0,42727604,6193,7,41.0,41.0
271,2006-04-25,41.0,41.0,41.0,41.0,33781466,4908,4,41.0,41.0
272,2006-06-21,61.0,66.0,61.0,64.0,136213453,12798,10,41.0,64.0
273,2006-06-24,62.0,65.0,62.0,63.0,431306209,41210,30,64.0,63.0
274,2006-06-25,61.0,61.0,61.0,61.0,142100478,13854,12,63.0,61.0
275,2006-06-26,60.0,60.0,60.0,60.0,64332800,6400,4,61.0,60.0
276,2006-06-27,59.0,59.0,59.0,59.0,117414069,11919,13,60.0,59.0
277,2006-06-28,58.0,60.0,58.0,58.0,400551952,41308,45,59.0,58.0
278,2006-08-06,54.0,62.0,54.0,58.0,446541746,45782,20,58.0,58.0
279,2006-08-07,59.0,59.0,59.0,59.0,1077816060,108345,30,58.0,59.0
280,2006-08-09,61.0,61.0,61.0,61.0,568433779,56028,36,59.0,61.0
281,2006-08-12,62.0,62.0,61.0,61.0,45938224,4509,8,61.0,61.0
282,2006-08-13,61.0,62.0,61.0,62.0,306894322,29644,25,61.0,62.0
283,2006-08-14,61.0,61.0,61.0,61.0,242441939,23762,11,62.0,61.0
284,2006-08-15,62.0,62.0,61.0,62.0,1508342777,146257,34,61.0,62.0
285,2006-08-16,62.0,63.0,62.0,62.0,258184022,24820,14,62.0,62.0
286,2006-08-19,62.0,62.0,61.0,62.0,342229746,33069,16,62.0,62.0
287,2006-08-20,63.0,63.0,62.0,63.0,405825758,38721,27,62.0,63.0
288,2006-08-21,63.0,64.0,63.0,64.0,101973944,9571,10,63.0,64.0
289,2006-08-23,65.0,65.0,64.0,64.0,33251900,3060,4,64.0,64.0
290,2006-08-26,66.0,66.0,66.0,66.0,86202260,7858,8,64.0,66.0
291,2006-08-27,67.0,67.0,67.0,67.0,67917110,6070,5,66.0,67.0
292,2006-08-28,68.0,68.0,68.0,68.0,474342091,41609,25,67.0,68.0
293,2006-08-29,69.0,69.0,69.0,69.0,136349728,11728,9,68.0,69.0
294,2006-08-30,71.0,71.0,71.0,71.0,301411876,25421,19,69.0,71.0
295,2006-09-02,71.0,72.0,71.0,72.0,358978808,29686,21,71.0,72.0
296,2006-09-03,74.0,74.0,72.0,72.0,27709694,2284,8,72.0,72.0
297,2006-09-04,72.0,74.0,71.0,72.0,609217487,50325,29,72.0,72.0
298,2006-09-05,74.0,74.0,74.0,74.0,191220011,15500,8,72.0,74.0
299,2006-11-27,143.0,143.0,102.0,129.0,2631255548,121865,69,74.0,129.0
300,2006-11-28,126.0,126.0,126.0,126.0,156076160,7376,4,129.0,126.0
301,2006-11-29,124.0,124.0,124.0,124.0,668706039,32247,19,126.0,124.0
302,2006-12-02,121.0,124.0,121.0,122.0,4181281210,204330,124,124.0,122.0
303,2006-12-03,125.0,125.0,124.0,124.0,80564290,3860,6,122.0,124.0
304,2006-12-04,126.0,126.0,124.0,124.0,26146924,1238,3,124.0,124.0
305,2006-12-05,127.0,127.0,127.0,127.0,832471876,39262,43,124.0,127.0
306,2006-12-06,129.0,129.0,129.0,129.0,326401218,15093,10,127.0,129.0
307,2006-12-09,132.0,132.0,132.0,132.0,252299404,11438,8,129.0,132.0
308,2006-12-10,134.0,134.0,134.0,134.0,1194179423,53077,37,132.0,134.0
309,2006-12-11,137.0,137.0,136.0,136.0,81646984,3558,7,134.0,136.0
310,2006-12-12,139.0,139.0,136.0,136.0,28372366,1223,6,136.0,136.0
311,2006-12-13,139.0,139.0,137.0,137.0,27431890,1178,7,136.0,137.0
312,2006-12-16,140.0,140.0,140.0,140.0,581336250,24870,18,137.0,140.0
313,2006-12-17,142.0,142.0,142.0,142.0,152588800,6400,9,140.0,142.0
314,2006-12-18,145.0,145.0,142.0,145.0,1266910658,52138,47,142.0,145.0
315,2006-12-19,148.0,148.0,143.0,148.0,1011421117,40850,40,145.0,148.0
316,2006-12-20,147.0,147.0,145.0,145.0,295214290,12160,12,148.0,145.0
317,2006-12-23,142.0,142.0,142.0,142.0,554760716,23316,51,145.0,142.0
318,2006-12-24,139.0,139.0,139.0,139.0,200115076,8582,9,142.0,139.0
319,2006-12-25,137.0,138.0,137.0,138.0,89444548,3914,5,139.0,138.0
320,2006-12-26,135.0,138.0,135.0,138.0,1065578,47,2,138.0,138.0
321,2006-12-27,135.0,138.0,135.0,138.0,2600610,115,2,138.0,138.0
322,2006-12-30,135.0,137.0,135.0,137.0,22803620,1010,2,138.0,137.0
323,2007-01-01,134.0,134.0,134.0,134.0,149644950,6650,6,137.0,134.0
324,2007-01-02,135.0,137.0,132.0,136.0,2727102274,120121,107,134.0,136.0
325,2007-01-03,138.0,138.0,138.0,138.0,1173754484,50689,32,136.0,138.0
326,2007-01-06,141.0,141.0,138.0,141.0,1108549291,47077,76,138.0,141.0
327,2007-01-07,140.0,140.0,138.0,138.0,725225012,31401,34,141.0,138.0
328,2007-01-09,135.0,135.0,135.0,135.0,444113210,19620,22,138.0,135.0
329,2007-01-10,134.0,134.0,133.0,133.0,284968631,12843,17,135.0,133.0
330,2007-01-13,131.0,131.0,130.0,130.0,192786074,8860,12,133.0,130.0
331,2007-01-14,127.0,128.0,127.0,128.0,128186457,6011,13,130.0,128.0
332,2007-01-15,125.0,130.0,125.0,125.0,785011402,37408,33,128.0,125.0
333,2007-01-16,128.0,128.0,126.0,126.0,41456618,1937,5,125.0,126.0
334,2007-01-17,129.0,129.0,129.0,129.0,384299451,17847,14,126.0,129.0
335,2007-01-20,129.0,129.0,126.0,127.0,235244833,11089,15,129.0,127.0
336,2007-03-13,127.0,127.0,68.0,68.0,26487652140,2320010,2,127.0,68.0
337,2007-06-24,114.0,114.0,108.0,110.0,496248720,27010,12,68.0,110.0
338,2007-06-25,108.0,110.0,108.0,110.0,3784610,210,5,110.0,110.0
339,2007-06-26,107.0,110.0,107.0,110.0,1083310,60,2,110.0,110.0
340,2007-07-14,107.0,109.0,107.0,109.0,54163890,3010,3,110.0,109.0
341,2007-07-16,106.0,108.0,106.0,108.0,13550960,760,4,109.0,108.0
342,2007-07-24,90.0,93.0,84.0,90.0,381399150,25401,20,108.0,90.0
343,2007-07-25,91.0,91.0,90.0,91.0,312410504,20546,23,90.0,91.0
344,2007-07-29,92.0,92.0,90.0,91.0,260600165,17187,21,91.0,91.0
345,2007-07-30,90.0,90.0,89.0,89.0,437640336,29288,26,91.0,89.0
346,2007-08-01,89.0,91.0,89.0,90.0,124181115,8273,14,89.0,90.0
347,2007-08-04,89.0,91.0,89.0,90.0,81630149,5406,8,90.0,90.0
348,2007-08-05,92.0,92.0,90.0,92.0,196141002,12770,11,90.0,92.0
349,2007-08-06,94.0,94.0,94.0,94.0,586535040,37440,26,92.0,94.0
350,2007-08-07,94.0,94.0,93.0,94.0,12875230,825,4,94.0,94.0
351,2007-08-08,94.0,95.0,93.0,94.0,840368421,53417,14,94.0,94.0
352,2007-08-12,96.0,96.0,96.0,96.0,104940840,6540,4,94.0,96.0
353,2007-08-13,98.0,98.0,98.0,98.0,104742400,6400,2,96.0,98.0
354,2007-08-14,100.0,100.0,100.0,100.0,106835200,6400,11,98.0,100.0
355,2007-08-15,102.0,102.0,102.0,102.0,165594876,9726,12,100.0,102.0
356,2007-08-18,102.0,104.0,100.0,102.0,446902865,26056,21,102.0,102.0
357,2007-08-19,105.0,105.0,105.0,105.0,199431600,11400,8,102.0,105.0
358,2007-08-20,107.0,107.0,107.0,107.0,267645000,15000,6,105.0,107.0
359,2007-08-21,107.0,109.0,107.0,109.0,525598189,28881,19,107.0,109.0
360,2007-08-22,111.0,111.0,108.0,110.0,314914510,17086,17,109.0,110.0
361,2007-08-25,110.0,110.0,110.0,110.0,25619480,1390,5,110.0,110.0
362,2007-08-26,110.0,110.0,108.0,108.0,184682209,10205,17,110.0,108.0
363,2007-08-27,106.0,106.0,106.0,106.0,287944052,16235,12,108.0,106.0
364,2007-08-28,106.0,106.0,104.0,104.0,141226226,8095,12,106.0,104.0
365,2007-09-01,104.0,106.0,104.0,104.0,1924150,110,3,104.0,104.0
366,2007-09-02,104.0,104.0,104.0,104.0,72736543,4169,3,104.0,104.0
367,2007-09-03,104.0,104.0,104.0,104.0,29991393,1719,2,104.0,104.0
368,2007-09-04,104.0,104.0,104.0,104.0,81841032,4686,10,104.0,104.0
369,2007-09-05,104.0,106.0,104.0,106.0,130733020,7366,10,104.0,106.0
370,2007-09-08,105.0,106.0,105.0,106.0,21595739,1229,5,106.0,106.0
371,2007-09-09,106.0,106.0,106.0,106.0,124000000,7000,4,106.0,106.0
372,2007-09-10,106.0,106.0,104.0,104.0,405645710,23346,15,106.0,104.0
373,2007-09-11,103.0,103.0,102.0,103.0,258547210,15032,17,104.0,103.0
374,2007-09-12,101.0,103.0,101.0,103.0,9128740,540,3,103.0,103.0
375,2007-09-15,101.0,101.0,101.0,101.0,140079312,8321,8,103.0,101.0
376,2007-09-17,99.0,99.0,99.0,99.0,213925706,12966,11,101.0,99.0
377,2007-09-18,97.0,97.0,97.0,97.0,183556664,11346,9,99.0,97.0
378,2007-09-19,99.0,99.0,98.0,98.0,77980066,4726,6,97.0,98.0
379,2007-09-22,98.0,100.0,98.0,98.0,11486044,695,4,98.0,98.0
380,2007-09-23,98.0,98.0,98.0,98.0,45565906,2773,5,98.0,98.0
381,2007-09-24,100.0,100.0,100.0,100.0,83911406,5008,9,98.0,100.0
382,2007-09-25,100.0,102.0,100.0,100.0,48313160,2847,6,100.0,100.0
383,2007-09-26,102.0,102.0,101.0,102.0,115079840,6770,4,100.0,102.0
384,2007-09-29,102.0,102.0,102.0,102.0,38554526,2256,5,102.0,102.0
385,2007-09-30,104.0,104.0,102.0,102.0,13505130,779,2,102.0,102.0
386,2007-10-01,102.0,102.0,102.0,102.0,59819835,3505,6,102.0,102.0
387,2007-10-02,102.0,102.0,102.0,102.0,46052580,2692,4,102.0,102.0
388,2007-10-07,102.0,102.0,102.0,102.0,12393750,729,2,102.0,102.0
389,2007-10-08,103.0,104.0,102.0,102.0,7072360,410,3,102.0,102.0
390,2007-10-09,104.0,104.0,104.0,104.0,107607188,6178,11,102.0,104.0
391,2007-10-10,103.0,104.0,103.0,104.0,30077590,1738,5,104.0,104.0
392,2007-10-14,102.0,103.0,102.0,103.0,17817336,1046,4,104.0,103.0
393,2007-10-15,104.0,104.0,101.0,102.0,99797080,5855,10,103.0,102.0
394,2007-10-16,104.0,104.0,102.0,103.0,73208795,4235,7,102.0,103.0
395,2007-10-17,104.0,104.0,102.0,103.0,8789140,510,3,103.0,103.0
396,2007-10-20,103.0,103.0,101.0,102.0,60630964,3580,5,103.0,102.0
397,2007-10-22,103.0,103.0,102.0,102.0,5330650,310,2,102.0,102.0
398,2007-10-23,103.0,104.0,103.0,103.0,106712920,6183,11,102.0,103.0
399,2007-10-24,103.0,104.0,101.0,101.0,399562874,23592,9,103.0,101.0
400,2007-10-27,100.0,100.0,99.0,100.0,69852720,4194,7,101.0,100.0
401,2007-10-28,98.0,99.0,98.0,99.0,51222760,3120,7,100.0,99.0
402,2007-10-29,97.0,98.0,97.0,98.0,48938340,3010,4,99.0,98.0
403,2007-10-30,98.0,98.0,98.0,98.0,3171762,193,1,98.0,98.0
404,2007-11-11,98.0,98.0,98.0,98.0,42815370,2606,4,98.0,98.0
405,2007-11-19,98.0,98.0,98.0,98.0,16591310,1010,2,98.0,98.0
406,2007-11-21,96.0,97.0,96.0,97.0,63769140,3960,5,98.0,97.0
407,2007-11-24,96.0,97.0,96.0,97.0,6732234,418,2,97.0,97.0
408,2007-12-03,95.0,96.0,95.0,96.0,35420636,2228,4,97.0,96.0
409,2007-12-04,94.0,95.0,94.0,95.0,56045290,3550,4,96.0,95.0
410,2007-12-05,93.0,95.0,93.0,95.0,31384320,2010,2,95.0,95.0
411,2007-12-09,93.0,94.0,93.0,94.0,15022178,968,3,95.0,94.0
412,2007-12-10,94.0,94.0,94.0,94.0,7671510,486,2,94.0,94.0
413,2007-12-11,93.0,94.0,93.0,94.0,12413925,799,3,94.0,94.0
414,2007-12-15,94.0,94.0,94.0,94.0,7885000,500,1,94.0,94.0
415,2007-12-16,94.0,94.0,94.0,94.0,74879320,4778,5,94.0,94.0
416,2007-12-18,92.0,93.0,92.0,93.0,15539470,1010,4,94.0,93.0
417,2008-01-13,92.0,92.0,92.0,92.0,33430300,2180,1,93.0,92.0
418,2008-01-15,90.0,90.0,90.0,90.0,15029000,1000,2,92.0,90.0
419,2008-01-16,88.0,90.0,88.0,90.0,14878820,1010,2,90.0,90.0
420,2008-01-26,88.0,90.0,88.0,90.0,4554720,310,2,90.0,90.0
421,2008-01-29,88.0,88.0,88.0,88.0,22714601,1547,5,90.0,88.0
422,2008-01-30,86.0,87.0,86.0,87.0,14536370,1010,4,88.0,87.0
423,2008-02-03,86.0,86.0,86.0,86.0,14345000,1000,2,87.0,86.0
424,2008-02-17,84.0,84.0,84.0,84.0,14059000,1000,1,86.0,84.0
425,2008-02-18,82.0,82.0,82.0,82.0,1377800,100,1,84.0,82.0
426,2008-02-19,81.0,81.0,81.0,81.0,1350300,100,1,82.0,81.0
427,2008-02-26,57.0,77.0,57.0,70.0,31513759,2682,7,81.0,70.0
428,2008-02-27,69.0,70.0,69.0,70.0,23146770,2010,2,70.0,70.0
429,2008-03-01,68.0,70.0,68.0,70.0,11056884,966,3,70.0,70.0
430,2008-03-02,68.0,69.0,68.0,69.0,34345330,3010,2,70.0,69.0
431,2008-03-03,68.0,69.0,68.0,69.0,126633,11,2,69.0,69.0
432,2008-03-29,68.0,68.0,68.0,68.0,4973320,440,1,69.0,68.0
433,2008-04-08,66.0,66.0,66.0,66.0,11077000,1000,1,68.0,66.0
434,2008-04-12,65.0,65.0,65.0,65.0,10856000,1000,1,66.0,65.0
435,2008-04-14,64.0,64.0,64.0,64.0,10639000,1000,1,65.0,64.0
436,2008-04-15,62.0,62.0,62.0,62.0,1960276,188,1,64.0,62.0
437,2008-04-16,61.0,61.0,61.0,61.0,10219000,1000,1,62.0,61.0
438,2008-05-12,48.0,54.0,45.0,49.0,151310650,18530,15,61.0,49.0
439,2008-05-13,47.0,49.0,47.0,49.0,7048610,882,4,49.0,49.0
440,2008-05-14,49.0,49.0,47.0,48.0,38562584,4762,7,49.0,48.0
441,2008-05-18,50.0,50.0,49.0,49.0,25131210,3010,3,48.0,49.0
442,2008-05-20,48.0,48.0,48.0,48.0,51040000,6400,5,49.0,48.0
443,2008-05-21,48.0,48.0,46.0,47.0,39236380,5070,5,48.0,47.0
444,2008-05-25,48.0,48.0,47.0,47.0,9783730,1220,7,47.0,47.0
445,2008-05-26,48.0,48.0,48.0,48.0,55574740,6890,3,47.0,48.0
446,2008-05-27,50.0,50.0,49.0,49.0,32147130,3870,3,48.0,49.0
447,2008-06-28,53.0,53.0,53.0,53.0,18064990,2030,3,49.0,53.0
448,2008-06-29,53.0,53.0,53.0,53.0,3568890,401,2,53.0,53.0
449,2008-07-05,52.0,52.0,52.0,52.0,132956833,15401,9,53.0,52.0
450,2008-07-06,52.0,53.0,52.0,52.0,8586092,984,3,52.0,52.0
451,2008-07-07,52.0,52.0,52.0,52.0,994405,115,1,52.0,52.0
452,2008-07-09,52.0,52.0,51.0,51.0,98008845,11525,4,52.0,51.0
453,2008-07-13,51.0,51.0,51.0,51.0,9010030,1060,2,51.0,51.0
454,2008-07-14,51.0,51.0,50.0,50.0,46644952,5534,5,51.0,50.0
455,2008-07-21,49.0,50.0,49.0,50.0,6869415,839,2,50.0,50.0
456,2008-07-27,50.0,63.0,50.0,56.0,19427915,2061,3,50.0,56.0
457,2008-07-28,58.0,58.0,57.0,57.0,9801700,1010,2,56.0,57.0
458,2008-07-29,58.0,58.0,55.0,58.0,83356777,8608,8,57.0,58.0
459,2008-08-05,60.0,60.0,58.0,58.0,8679658,871,3,58.0,58.0
460,2008-08-06,58.0,60.0,58.0,59.0,20016850,2010,4,58.0,59.0
461,2008-08-09,59.0,59.0,59.0,59.0,21539205,2199,1,59.0,59.0
462,2008-08-11,60.0,60.0,59.0,59.0,703240,70,3,59.0,59.0
463,2008-08-12,58.0,58.0,58.0,58.0,29197520,3010,2,59.0,58.0
464,2008-08-16,58.0,58.0,58.0,58.0,12282010,1260,3,58.0,58.0
465,2008-08-19,58.0,58.0,58.0,58.0,4475709,459,3,58.0,58.0
466,2008-08-23,58.0,58.0,58.0,58.0,5695158,584,2,58.0,58.0
467,2008-08-24,58.0,58.0,58.0,58.0,292570,30,2,58.0,58.0
468,2008-08-26,60.0,60.0,60.0,60.0,64246076,6410,5,58.0,60.0
469,2008-08-27,60.0,62.0,58.0,60.0,14022594,1418,6,60.0,60.0
470,2008-08-31,60.0,60.0,60.0,60.0,14990000,1500,4,60.0,60.0
471,2008-09-01,60.0,60.0,60.0,60.0,6849940,685,3,60.0,60.0
472,2008-09-02,61.0,61.0,60.0,60.0,1129290,110,2,60.0,60.0
473,2008-09-03,62.0,62.0,62.0,62.0,75278380,7310,6,60.0,62.0
474,2008-09-06,63.0,63.0,63.0,63.0,48776124,4599,7,62.0,63.0
475,2008-09-07,63.0,65.0,63.0,63.0,1714486,159,4,63.0,63.0
476,2008-09-08,65.0,65.0,63.0,63.0,16377004,1511,4,63.0,63.0
477,2008-09-09,65.0,65.0,65.0,65.0,83858958,7716,9,63.0,65.0
478,2008-09-10,65.0,65.0,65.0,65.0,137498788,12604,9,65.0,65.0
479,2008-09-15,65.0,65.0,65.0,65.0,6818125,625,3,65.0,65.0
480,2008-09-17,66.0,66.0,65.0,65.0,4530346,412,2,65.0,65.0
481,2008-09-21,63.0,65.0,63.0,65.0,10696640,1010,4,65.0,65.0
482,2008-09-27,63.0,65.0,63.0,65.0,5377890,510,3,65.0,65.0
483,2008-10-18,63.0,63.0,63.0,63.0,105140,10,1,65.0,63.0
484,2008-10-27,66.0,67.0,61.0,63.0,423199810,39844,18,63.0,63.0
485,2008-10-28,65.0,65.0,64.0,64.0,37628680,3440,6,63.0,64.0
486,2008-10-29,66.0,66.0,66.0,66.0,71129600,6400,4,64.0,66.0
487,2008-11-01,68.0,68.0,68.0,68.0,73260800,6400,6,66.0,68.0
488,2008-11-02,70.0,70.0,68.0,70.0,382321684,32638,22,68.0,70.0
489,2008-11-03,70.0,71.0,68.0,70.0,87427040,7485,11,70.0,70.0
490,2008-11-04,72.0,72.0,68.0,70.0,24380080,2105,5,70.0,70.0
491,2008-11-05,72.0,72.0,72.0,72.0,216148383,18019,18,70.0,72.0
492,2008-11-08,74.0,74.0,72.0,73.0,94510886,7684,13,72.0,73.0
493,2008-11-09,72.0,74.0,72.0,73.0,22501977,1841,7,73.0,73.0
494,2008-11-10,71.0,74.0,71.0,71.0,124399166,10444,10,73.0,71.0
495,2008-11-11,71.0,71.0,71.0,71.0,29948970,2522,2,71.0,71.0
496,2008-11-12,69.0,69.0,69.0,69.0,62486040,5410,4,71.0,69.0
497,2008-11-15,67.0,69.0,67.0,69.0,11371500,1010,2,69.0,69.0
498,2008-11-16,67.0,67.0,67.0,67.0,84959932,7583,10,69.0,67.0
499,2008-11-17,65.0,67.0,65.0,66.0,34428920,3163,8,67.0,66.0
500,2008-11-18,64.0,64.0,64.0,64.0,70096770,6540,8,66.0,64.0
501,2008-11-19,64.0,66.0,64.0,64.0,46439925,4306,7,64.0,64.0
502,2008-11-22,66.0,66.0,65.0,65.0,47901820,4337,7,64.0,65.0
503,2008-11-23,67.0,67.0,66.0,66.0,29576842,2622,5,65.0,66.0
504,2008-11-24,68.0,68.0,67.0,67.0,38373646,3361,7,66.0,67.0
505,2008-11-26,68.0,68.0,67.0,67.0,3023872,266,2,67.0,67.0
506,2008-11-29,65.0,65.0,65.0,65.0,65672480,6010,4,67.0,65.0
507,2008-11-30,63.0,63.0,63.0,63.0,79060180,7444,4,65.0,63.0
508,2008-12-01,63.0,65.0,63.0,65.0,68829778,6366,8,63.0,65.0
509,2008-12-02,66.0,67.0,66.0,66.0,75621400,6803,7,65.0,66.0
510,2008-12-03,68.0,68.0,66.0,66.0,1256000,110,2,66.0,66.0
511,2008-12-06,68.0,68.0,68.0,66.0,1154935,101,1,66.0,68.0
512,2008-12-07,64.0,64.0,64.0,66.0,10792000,1000,1,66.0,64.0
513,2008-12-08,64.0,64.0,64.0,66.0,2030049,189,1,66.0,64.0
514,2008-12-23,65.0,65.0,64.0,65.0,52719000,4900,4,66.0,64.0
515,2008-12-24,63.0,63.0,63.0,64.0,15475338,1473,2,65.0,63.0
516,2008-12-27,62.0,62.0,62.0,64.0,5967676,572,1,64.0,62.0
517,2009-01-10,62.0,62.0,62.0,64.0,11934535,1147,1,64.0,62.0
518,2009-01-25,62.0,62.0,62.0,62.0,57969496,5602,2,64.0,62.0
519,2009-01-27,60.0,60.0,60.0,62.0,6046200,600,1,62.0,60.0
520,2009-01-28,60.0,60.0,60.0,61.0,35121255,3495,4,62.0,60.0
521,2009-01-31,59.0,59.0,59.0,60.0,34350375,3475,3,61.0,59.0
522,2009-02-01,58.0,58.0,58.0,60.0,3909450,402,1,60.0,58.0
523,2009-02-02,60.0,60.0,60.0,60.0,77525616,7734,5,60.0,60.0
524,2009-02-03,62.0,62.0,62.0,62.0,60911600,5900,1,60.0,62.0
525,2009-02-04,63.0,63.0,63.0,62.0,2461520,232,1,62.0,63.0
526,2009-02-08,60.0,60.0,60.0,60.0,60658192,6064,11,62.0,60.0
527,2009-02-09,58.0,58.0,58.0,60.0,488500,50,1,60.0,58.0
528,2009-02-15,58.0,58.0,58.0,59.0,32724329,3349,6,60.0,58.0
529,2009-02-18,58.0,58.0,58.0,58.0,56905970,5861,4,59.0,58.0
530,2009-02-23,60.0,60.0,60.0,60.0,23560000,2356,2,58.0,60.0
531,2009-03-01,58.0,58.0,58.0,60.0,3880000,400,2,60.0,58.0
532,2009-03-03,58.0,58.0,58.0,60.0,3872800,400,2,60.0,58.0
533,2009-03-07,58.0,58.0,58.0,60.0,260928,27,1,60.0,58.0
534,2009-03-10,58.0,58.0,58.0,59.0,5797800,600,2,60.0,58.0
535,2009-03-11,58.0,58.0,58.0,59.0,5781600,600,2,59.0,58.0
536,2009-03-14,57.0,57.0,57.0,59.0,3497312,364,1,59.0,57.0
537,2009-03-18,57.0,57.0,57.0,59.0,335720,35,1,59.0,57.0
538,2009-03-28,57.0,57.0,57.0,59.0,3836000,400,3,59.0,57.0
539,2009-03-29,57.0,57.0,57.0,59.0,9571000,1000,4,59.0,57.0
540,2009-04-04,57.0,57.0,57.0,58.0,12528005,1315,4,59.0,57.0
541,2009-04-06,58.0,58.0,57.0,58.0,10931012,1146,4,58.0,57.0
542,2009-04-11,58.0,58.0,58.0,58.0,6960236,716,1,58.0,58.0
543,2009-04-19,60.0,60.0,60.0,58.0,11161272,1115,2,58.0,60.0
544,2009-04-22,60.0,60.0,60.0,59.0,35042848,3482,9,58.0,60.0
545,2009-04-27,61.0,61.0,61.0,59.0,1982680,194,2,59.0,61.0
546,2009-05-04,59.0,59.0,59.0,59.0,2982000,300,1,59.0,59.0
547,2009-05-05,58.0,58.0,58.0,59.0,1940000,200,1,59.0,58.0
548,2009-05-06,58.0,58.0,58.0,58.0,53350000,5500,2,59.0,58.0
549,2009-05-09,60.0,60.0,60.0,60.0,50120000,5000,1,58.0,60.0
550,2009-05-10,60.0,61.0,60.0,60.0,59021094,5843,6,60.0,61.0
551,2009-05-31,61.0,61.0,61.0,61.0,141804635,13800,12,60.0,61.0
552,2009-06-02,61.0,61.0,61.0,61.0,1192016,116,1,61.0,61.0
553,2009-06-03,61.0,61.0,60.0,61.0,22919984,2240,5,61.0,60.0
554,2009-06-06,60.0,60.0,60.0,60.0,192425040,19228,7,61.0,60.0
555,2009-06-07,60.0,60.0,60.0,60.0,7120100,712,4,60.0,60.0
556,2009-06-17,60.0,60.0,52.0,59.0,12600100,1600,6,60.0,60.0
557,2009-07-05,61.0,61.0,61.0,59.0,1622200,200,1,59.0,61.0
558,2009-07-07,61.0,61.0,61.0,59.0,6494400,800,2,59.0,61.0
559,2009-07-13,61.0,61.0,61.0,61.0,4074000,500,1,59.0,61.0
560,2009-07-14,63.0,63.0,63.0,61.0,839200,100,1,61.0,63.0
561,2009-07-15,63.0,63.0,63.0,63.0,20131200,2400,9,61.0,63.0
562,2009-07-18,65.0,65.0,65.0,65.0,9718875,1125,6,63.0,65.0
563,2009-07-19,66.0,66.0,66.0,64.0,444900,50,1,65.0,66.0
564,2009-08-03,90.0,90.0,90.0,90.0,34022835,2835,2,64.0,90.0
565,2009-08-04,92.0,92.0,87.0,89.0,48516723,4112,7,90.0,87.0
566,2009-08-05,86.0,86.0,86.0,86.0,220063165,19111,5,89.0,86.0
567,2009-08-08,89.0,89.0,89.0,86.0,6048600,510,1,86.0,89.0
568,2009-08-09,89.0,89.0,89.0,89.0,83216000,7000,4,86.0,89.0
569,2009-08-10,91.0,91.0,91.0,89.0,244880,20,2,89.0,91.0
570,2009-08-11,91.0,91.0,91.0,91.0,78368000,6400,1,89.0,91.0
571,2009-08-16,94.0,94.0,94.0,94.0,75672000,6000,2,91.0,94.0
572,2009-08-17,97.0,97.0,94.0,96.0,175328244,13582,16,94.0,94.0
573,2009-08-18,96.0,96.0,96.0,96.0,1935000,150,1,96.0,96.0
574,2009-08-22,94.0,94.0,94.0,96.0,12620000,1000,3,96.0,94.0
575,2009-08-24,94.0,94.0,94.0,96.0,3319323,263,1,96.0,94.0
576,2009-08-26,94.0,94.0,94.0,95.0,29026350,2301,2,96.0,94.0
577,2009-08-29,94.0,94.0,94.0,95.0,2383668,189,1,95.0,94.0
578,2009-08-30,92.0,92.0,92.0,95.0,8109555,655,1,95.0,92.0
579,2009-08-31,92.0,92.0,92.0,93.0,63041762,5091,2,95.0,92.0
580,2009-09-01,92.0,92.0,90.0,90.0,262519238,21709,7,93.0,90.0
581,2009-09-05,88.0,88.0,88.0,88.0,117310000,10000,4,90.0,88.0
582,2009-09-08,85.0,85.0,85.0,85.0,62590000,5500,2,88.0,85.0
583,2009-09-09,85.0,85.0,83.0,83.0,155404868,13964,6,85.0,83.0
584,2009-09-15,81.0,81.0,81.0,82.0,23734424,2194,2,83.0,81.0
585,2009-09-19,82.0,82.0,82.0,82.0,11363000,1033,2,82.0,82.0
586,2009-09-29,85.0,85.0,85.0,85.0,83975200,7400,6,82.0,85.0
587,2009-09-30,87.0,87.0,87.0,85.0,5844000,500,1,85.0,87.0
588,2009-10-03,87.0,87.0,87.0,87.0,60923200,5200,4,85.0,87.0
589,2009-10-04,90.0,90.0,90.0,90.0,92347695,7695,10,87.0,90.0
590,2009-10-05,90.0,90.0,90.0,90.0,109200000,9100,8,90.0,90.0
591,2009-10-06,90.0,92.0,90.0,91.0,45120000,3670,4,90.0,92.0
592,2009-10-11,94.0,94.0,94.0,94.0,87951078,7017,3,91.0,94.0
593,2009-10-12,96.0,96.0,96.0,95.0,28686020,2222,2,94.0,96.0
594,2009-10-13,97.0,97.0,97.0,97.0,59219760,4540,3,95.0,97.0
595,2009-10-17,99.0,99.0,99.0,99.0,85260800,6400,3,97.0,99.0
596,2009-10-18,102.0,102.0,102.0,101.0,57189128,4168,6,99.0,102.0
597,2009-10-19,104.0,104.0,104.0,104.0,90229050,6450,3,101.0,104.0
598,2009-10-20,108.0,108.0,108.0,107.0,79402488,5511,4,104.0,108.0
599,2009-10-21,110.0,110.0,110.0,110.0,90690080,6136,5,107.0,110.0
600,2009-10-24,114.0,114.0,114.0,114.0,114668568,7542,7,110.0,114.0
601,2009-10-25,117.0,117.0,117.0,117.0,1273750602,81339,41,114.0,117.0
602,2009-10-26,117.0,120.0,117.0,119.0,193183291,12150,16,117.0,120.0
603,2009-10-27,122.0,122.0,122.0,122.0,131016000,8000,3,119.0,122.0
604,2009-10-28,126.0,126.0,122.0,124.0,196372769,11792,9,122.0,122.0
605,2009-10-31,121.0,121.0,121.0,124.0,16154000,1000,1,124.0,121.0
606,2009-11-01,120.0,121.0,120.0,120.0,505243888,31424,21,124.0,120.0
607,2009-11-02,116.0,124.0,116.0,121.0,151337742,9366,9,120.0,119.0
608,2009-11-03,124.0,124.0,124.0,123.0,80981745,4875,5,121.0,124.0
609,2009-11-04,120.0,120.0,120.0,121.0,72040500,4500,6,123.0,120.0
610,2009-11-07,118.0,118.0,116.0,116.0,105313932,6752,4,121.0,116.0
611,2009-11-08,119.0,119.0,119.0,116.0,640000,40,3,116.0,119.0
612,2009-11-09,112.0,112.0,112.0,116.0,10266828,682,3,116.0,112.0
613,2009-11-24,112.0,112.0,112.0,115.0,36327578,2422,3,116.0,112.0
614,2009-11-25,111.0,111.0,111.0,114.0,7400500,500,1,115.0,111.0
615,2009-11-29,110.0,110.0,110.0,114.0,8546040,579,1,114.0,110.0
616,2009-11-30,110.0,110.0,110.0,110.0,101247034,6881,4,114.0,110.0
617,2010-01-04,110.0,110.0,110.0,110.0,27956600,1900,2,110.0,110.0
618,2010-01-09,106.0,106.0,106.0,107.0,71000000,5000,4,110.0,106.0
619,2010-01-17,103.0,103.0,103.0,107.0,5966784,432,1,107.0,103.0
620,2010-01-19,103.0,103.0,103.0,106.0,6889500,500,1,107.0,103.0
621,2010-01-23,103.0,103.0,103.0,105.0,20630500,1500,4,106.0,103.0
622,2010-01-24,102.0,102.0,102.0,103.0,51034464,3744,2,105.0,102.0
623,2010-01-27,100.0,100.0,100.0,103.0,1308572,98,2,103.0,100.0
624,2010-02-06,101.0,105.0,101.0,103.0,953950,70,2,103.0,105.0
625,2010-02-08,100.0,100.0,100.0,103.0,7219104,541,1,103.0,100.0
626,2010-02-09,100.0,100.0,100.0,103.0,2269500,170,1,103.0,100.0
627,2010-02-23,100.0,103.0,100.0,102.0,78854678,5786,5,103.0,102.0
628,2010-02-24,98.0,98.0,98.0,101.0,13244064,1007,4,102.0,98.0
629,2010-03-07,101.0,101.0,101.0,101.0,86723395,6400,6,101.0,101.0
630,2010-03-17,105.0,105.0,105.0,103.0,54640000,3900,5,101.0,105.0
631,2010-04-06,103.0,103.0,103.0,103.0,6907500,500,1,103.0,103.0
632,2010-04-10,106.0,106.0,105.0,104.0,57578000,4090,5,103.0,105.0
633,2010-04-11,107.0,107.0,107.0,105.0,14299056,1000,2,104.0,107.0
634,2010-04-12,107.0,108.0,107.0,108.0,100184200,6944,6,105.0,108.0
635,2010-04-13,111.0,111.0,111.0,111.0,132345880,8866,9,108.0,111.0
636,2010-04-14,115.0,115.0,114.0,114.0,68180340,4421,12,111.0,115.0
637,2010-04-19,113.0,113.0,113.0,114.0,17894685,1185,1,114.0,113.0
638,2010-04-20,113.0,113.0,113.0,114.0,17906662,1181,3,114.0,113.0
639,2010-04-21,110.0,116.0,110.0,113.0,23227840,1570,2,114.0,116.0
640,2010-04-25,109.0,109.0,109.0,112.0,23356800,1600,1,113.0,109.0
641,2010-05-01,108.0,116.0,108.0,111.0,30703320,2080,4,112.0,112.0
642,2010-05-02,115.0,115.0,115.0,112.0,7469000,485,2,111.0,115.0
643,2010-05-03,112.0,112.0,112.0,112.0,115485000,7699,4,112.0,112.0
644,2010-05-04,112.0,112.0,112.0,112.0,191250000,12750,5,112.0,112.0
645,2010-05-05,112.0,112.0,112.0,112.0,271530000,18102,11,112.0,112.0
646,2010-05-08,112.0,112.0,112.0,112.0,3450000,230,1,112.0,112.0
647,2010-05-09,112.0,112.0,112.0,112.0,150000000,10000,1,112.0,112.0
648,2010-05-10,114.0,114.0,114.0,112.0,1468800,96,1,112.0,114.0
649,2010-05-12,112.0,116.0,112.0,116.0,521375454,33658,16,112.0,116.0
650,2010-05-15,120.0,120.0,120.0,117.0,40336416,2516,4,116.0,120.0
651,2010-05-18,121.0,121.0,121.0,119.0,48756000,3000,4,117.0,121.0
652,2010-05-19,123.0,123.0,123.0,120.0,27254700,1650,1,119.0,123.0
653,2010-05-22,124.0,124.0,124.0,124.0,119285719,7157,4,120.0,124.0
654,2010-05-23,129.0,129.0,129.0,129.0,215137258,12475,13,124.0,129.0
655,2010-05-24,133.0,133.0,133.0,130.0,35696000,2000,2,129.0,133.0
656,2010-05-25,133.0,133.0,133.0,131.0,17848000,1000,1,130.0,133.0
657,2010-05-26,133.0,133.0,133.0,133.0,208542439,11688,10,131.0,133.0
658,2010-05-29,133.0,133.0,129.0,129.0,124784720,7236,7,133.0,129.0
659,2010-05-30,124.0,124.0,124.0,127.0,38476304,2312,5,129.0,124.0
660,2010-05-31,123.0,123.0,123.0,127.0,3286400,200,2,127.0,123.0
661,2010-06-01,123.0,123.0,123.0,127.0,5416290,330,1,127.0,123.0
662,2010-06-06,122.0,122.0,122.0,126.0,16383000,1000,2,127.0,122.0
663,2010-06-07,122.0,122.0,122.0,125.0,30958600,1900,3,126.0,122.0
664,2010-06-08,120.0,120.0,120.0,120.0,103974000,6448,5,125.0,120.0
665,2010-06-09,117.0,120.0,117.0,120.0,17525500,1100,2,120.0,120.0
666,2010-06-13,116.0,120.0,116.0,117.0,1377025200,88192,6,120.0,120.0
667,2010-06-14,121.0,121.0,121.0,121.0,415392690,25705,12,117.0,121.0
668,2010-06-15,121.0,125.0,121.0,121.0,20393200,1220,4,121.0,125.0
669,2010-06-16,126.0,126.0,126.0,123.0,29074045,1727,14,121.0,126.0
670,2010-06-19,127.0,127.0,127.0,124.0,44048448,2592,4,123.0,127.0
671,2010-06-29,129.0,129.0,129.0,129.0,86801352,6676,3,124.0,129.0
672,2010-06-30,134.0,134.0,134.0,131.0,29450916,2178,1,129.0,134.0
673,2010-07-13,136.0,136.0,136.0,131.0,1370600,100,1,131.0,136.0
674,2010-07-17,136.0,136.0,136.0,131.0,685700,50,1,131.0,136.0
675,2010-07-18,136.0,136.0,136.0,132.0,13992360,1020,3,131.0,136.0
676,2010-07-21,137.0,137.0,137.0,132.0,552240,40,1,132.0,137.0
677,2010-07-24,137.0,137.0,137.0,132.0,690450,50,1,132.0,137.0
678,2010-07-25,137.0,137.0,137.0,133.0,16271714,1178,1,132.0,137.0
679,2010-07-26,138.0,138.0,138.0,134.0,13915000,1000,1,133.0,138.0
680,2010-08-02,139.0,139.0,139.0,139.0,89612800,6400,2,134.0,139.0
681,2010-08-04,145.0,145.0,145.0,142.0,43686000,3000,1,139.0,145.0
682,2010-08-09,148.0,148.0,148.0,148.0,94937600,6400,1,142.0,148.0
683,2010-08-10,153.0,153.0,153.0,149.0,24683200,1600,1,148.0,153.0
684,2010-08-11,155.0,155.0,155.0,150.0,15581000,1000,1,149.0,155.0
685,2010-08-15,156.0,156.0,156.0,150.0,783950,50,1,150.0,156.0
686,2010-08-18,156.0,156.0,156.0,156.0,141156000,9000,1,150.0,156.0
687,2010-08-23,162.0,162.0,162.0,157.0,24466500,1500,2,156.0,162.0
688,2010-08-24,164.0,164.0,164.0,163.0,98047760,5956,15,157.0,164.0
689,2010-08-25,170.0,170.0,170.0,165.0,30733200,1800,2,163.0,170.0
690,2010-08-28,172.0,172.0,172.0,166.0,8633000,500,1,165.0,172.0
691,2010-08-30,172.0,172.0,172.0,166.0,2875120,166,1,166.0,172.0
692,2010-09-04,172.0,172.0,172.0,167.0,12950739,747,2,166.0,172.0
693,2010-09-05,173.0,173.0,173.0,167.0,10450800,600,1,167.0,173.0
694,2010-09-06,174.0,174.0,174.0,174.0,111897600,6400,2,167.0,174.0
695,2010-09-07,181.0,181.0,181.0,177.0,58549260,3220,3,174.0,181.0
696,2010-09-12,184.0,184.0,184.0,180.0,46372500,2500,2,177.0,184.0
697,2010-09-13,187.0,187.0,187.0,184.0,65409008,3472,3,180.0,187.0
698,2010-09-14,191.0,191.0,191.0,184.0,6987024,363,2,184.0,191.0
699,2010-09-15,192.0,192.0,192.0,185.0,14565460,755,3,184.0,192.0
700,2010-09-18,193.0,193.0,193.0,185.0,1938300,100,1,185.0,193.0
701,2010-09-19,193.0,193.0,193.0,185.0,232752,12,1,185.0,193.0
702,2010-09-20,193.0,193.0,193.0,186.0,13946443,719,1,185.0,193.0
703,2010-09-21,194.0,194.0,194.0,188.0,32343440,1660,2,186.0,194.0
704,2010-09-22,196.0,196.0,189.0,195.0,217591998,11100,25,188.0,189.0
705,2010-09-25,198.0,198.0,187.0,194.0,32358515,1685,5,195.0,192.0
706,2010-09-26,186.0,186.0,186.0,194.0,5615700,300,1,194.0,186.0
707,2010-09-28,186.0,189.0,186.0,187.0,150690484,8000,7,194.0,189.0
708,2010-09-29,180.0,180.0,180.0,185.0,36166000,2000,2,187.0,180.0
709,2010-10-02,178.0,178.0,178.0,181.0,64285200,3600,6,185.0,178.0
710,2010-10-03,178.0,178.0,178.0,181.0,3642828,204,2,181.0,178.0
711,2010-10-06,178.0,178.0,178.0,181.0,1785700,100,1,181.0,178.0
712,2010-10-09,177.0,177.0,177.0,180.0,7136000,400,1,181.0,177.0
713,2010-10-11,173.0,173.0,173.0,173.0,220801352,12673,10,180.0,173.0
714,2010-10-12,180.0,180.0,180.0,173.0,1811900,100,1,173.0,180.0
715,2010-10-13,179.0,179.0,166.0,170.0,46725587,2791,2,173.0,166.0
716,2010-10-16,170.0,174.0,170.0,172.0,47112368,2700,3,170.0,174.0
717,2010-10-17,179.0,179.0,172.0,173.0,104281000,6000,3,172.0,172.0
718,2010-10-18,166.0,180.0,166.0,172.0,354431341,20460,12,173.0,180.0
719,2010-10-19,169.0,169.0,169.0,172.0,10169895,597,1,172.0,169.0
720,2010-10-20,179.0,179.0,179.0,172.0,3597400,200,1,172.0,179.0
721,2010-10-30,165.0,165.0,165.0,172.0,1496610,90,1,172.0,165.0
722,2010-11-01,165.0,165.0,165.0,171.0,16616000,1000,2,172.0,165.0
723,2010-11-02,165.0,165.0,165.0,168.0,58166000,3500,6,171.0,165.0
724,2010-11-06,161.0,161.0,161.0,168.0,4051750,250,1,168.0,161.0
725,2010-11-13,174.0,174.0,174.0,169.0,31238460,1782,3,168.0,174.0
726,2010-11-14,176.0,176.0,176.0,170.0,7196350,406,2,169.0,176.0
727,2010-11-16,177.0,177.0,177.0,171.0,26104130,1469,7,170.0,177.0
728,2010-11-20,177.0,178.0,165.0,172.0,31480195,1825,4,171.0,165.0
729,2010-11-29,172.0,172.0,172.0,172.0,4325000,250,1,172.0,172.0
730,2010-11-30,178.0,178.0,167.0,171.0,11917300,700,3,172.0,167.0
731,2010-12-11,164.0,164.0,164.0,170.0,16705400,1010,2,171.0,164.0
732,2010-12-18,165.0,166.0,165.0,165.0,113378099,6819,6,170.0,165.0
733,2010-12-22,166.0,166.0,166.0,165.0,2972600,178,2,165.0,166.0
734,2010-12-27,169.0,169.0,169.0,165.0,2738610,161,1,165.0,169.0
735,2010-12-28,172.0,172.0,172.0,166.0,3458119,200,2,165.0,172.0
736,2011-01-02,166.0,166.0,166.0,166.0,1972960,118,1,166.0,166.0
737,2011-01-08,159.0,159.0,159.0,165.0,6637510,415,1,166.0,159.0
738,2011-01-18,159.0,159.0,159.0,165.0,3200000,200,1,165.0,159.0
739,2011-01-23,164.0,172.0,164.0,165.0,106491129,6422,6,165.0,172.0
740,2011-01-29,171.0,171.0,171.0,166.0,17245000,1000,1,165.0,171.0
741,2011-01-30,173.0,173.0,173.0,172.0,104118000,6000,1,166.0,173.0
742,2011-01-31,179.0,179.0,179.0,176.0,59895981,3327,4,172.0,179.0
743,2011-02-01,180.0,183.0,179.0,182.0,422056484,23078,23,176.0,183.0
744,2011-02-05,189.0,189.0,189.0,189.0,324292969,17051,10,182.0,189.0
745,2011-02-06,197.0,197.0,197.0,196.0,108191130,5470,4,189.0,197.0
746,2011-02-07,203.0,203.0,203.0,200.0,75683500,3700,3,196.0,203.0
747,2011-02-08,208.0,208.0,194.0,208.0,984652815,47145,32,200.0,194.0
748,2011-02-09,208.0,208.0,208.0,208.0,6450684,309,1,208.0,208.0
749,2011-02-12,199.0,201.0,199.0,199.0,378626458,18881,16,208.0,199.0
750,2011-02-13,207.0,207.0,207.0,203.0,58831955,2821,5,199.0,207.0
751,2011-02-14,211.0,211.0,211.0,205.0,32810758,1546,2,203.0,211.0
752,2011-02-15,213.0,213.0,213.0,212.0,121346764,5663,3,205.0,213.0
753,2011-02-16,221.0,221.0,221.0,212.0,5391198,243,1,212.0,221.0
754,2011-02-19,221.0,221.0,221.0,221.0,621138833,27960,23,212.0,221.0
755,2011-02-27,212.0,212.0,212.0,218.0,46066320,2160,4,221.0,212.0
756,2011-02-28,209.0,209.0,209.0,218.0,946755,45,1,218.0,209.0
757,2011-03-02,209.0,209.0,209.0,215.0,42066000,2000,1,218.0,209.0
758,2011-03-05,207.0,207.0,207.0,215.0,976190,47,1,215.0,207.0
759,2011-03-14,206.0,206.0,206.0,212.0,41528000,2000,1,215.0,206.0
760,2011-04-05,204.0,204.0,204.0,211.0,14866125,725,2,212.0,204.0
761,2011-04-12,203.0,203.0,203.0,211.0,816480,40,1,211.0,203.0
762,2011-04-13,203.0,203.0,203.0,203.0,187744400,9200,1,211.0,203.0
763,2011-04-19,195.0,195.0,195.0,202.0,9795500,500,1,203.0,195.0
764,2011-05-04,194.0,194.0,194.0,200.0,39060000,2000,1,202.0,194.0
765,2011-05-08,192.0,208.0,192.0,193.0,729580762,37555,32,200.0,208.0
766,2011-05-09,200.0,201.0,200.0,200.0,126519372,6293,5,193.0,201.0
767,2011-05-10,208.0,208.0,208.0,208.0,133734400,6400,3,200.0,208.0
768,2011-05-11,216.0,216.0,210.0,216.0,3301870632,152033,56,208.0,211.0
769,2011-05-30,207.0,225.0,207.0,220.0,277721000,47000,14,216.0,225.0
770,2011-05-31,229.0,229.0,229.0,229.0,828019222,134778,46,220.0,229.0
771,2011-06-01,237.0,238.0,235.0,238.0,744084235,116649,62,229.0,238.0
772,2011-06-06,238.0,238.0,235.0,238.0,764965517,119992,22,238.0,238.0
773,2011-06-07,242.0,247.0,239.0,245.0,540602699,82330,30,238.0,247.0
774,2011-06-08,248.0,250.0,237.0,243.0,289454700,44490,18,245.0,237.0
775,2011-06-11,239.0,239.0,233.0,236.0,145375520,23031,16,243.0,233.0
776,2011-06-12,228.0,228.0,228.0,233.0,53460277,8763,11,236.0,228.0
777,2011-06-13,228.0,228.0,226.0,228.0,121904910,19974,12,233.0,226.0
778,2011-06-14,220.0,220.0,220.0,227.0,22761162,3867,2,228.0,220.0
779,2011-06-15,218.0,218.0,218.0,224.0,41720316,7139,5,227.0,218.0
780,2011-06-18,218.0,218.0,215.0,222.0,35714300,6165,6,224.0,215.0
781,2011-06-20,213.0,213.0,213.0,220.0,33679360,5888,10,222.0,213.0
782,2011-06-21,222.0,229.0,211.0,219.0,103636300,17711,17,220.0,211.0
783,2011-06-22,211.0,211.0,210.0,216.0,42208030,7479,6,219.0,210.0
784,2011-06-26,208.0,208.0,208.0,208.0,575835052,103493,21,216.0,208.0
785,2011-06-27,200.0,200.0,199.0,206.0,31031519,5801,5,208.0,199.0
786,2011-06-29,214.0,214.0,214.0,210.0,68784000,12000,9,206.0,214.0
787,2011-07-02,218.0,218.0,218.0,212.0,36712880,6280,6,210.0,218.0
788,2011-07-03,219.0,220.0,219.0,214.0,39324160,6670,7,212.0,220.0
789,2011-07-04,220.0,220.0,220.0,214.0,2949500,500,1,214.0,220.0
790,2011-07-05,217.0,217.0,215.0,215.0,77184403,13294,11,214.0,217.0
791,2011-07-06,217.0,222.0,217.0,217.0,81047160,13839,9,215.0,222.0
792,2011-07-09,223.0,223.0,217.0,218.0,105119056,17982,13,217.0,217.0
793,2011-07-10,218.0,218.0,218.0,218.0,3553760,608,2,218.0,218.0
794,2011-07-24,222.0,226.0,226.0,218.0,5234880,912,3,218.0,226.0
795,2011-07-25,227.0,227.0,227.0,220.0,27296252,4748,5,218.0,227.0
796,2011-07-26,229.0,229.0,229.0,224.0,69528000,12000,2,220.0,229.0
797,2011-07-27,233.0,233.0,233.0,229.0,72622080,12288,13,224.0,233.0
798,2011-07-30,238.0,238.0,238.0,235.0,102510000,17000,5,229.0,238.0
799,2011-07-31,245.0,245.0,238.0,243.0,449357344,72941,33,235.0,243.0
800,2011-08-01,243.0,248.0,243.0,244.0,96087810,15511,9,243.0,247.0
801,2011-08-02,247.0,254.0,245.0,251.0,235296181,37054,19,244.0,254.0
802,2011-08-03,261.0,261.0,261.0,252.0,25774912,3903,6,251.0,261.0
803,2011-08-07,262.0,262.0,262.0,255.0,38533508,5798,4,252.0,262.0
804,2011-08-08,265.0,265.0,265.0,256.0,20079312,2992,3,255.0,265.0
805,2011-08-09,266.0,266.0,266.0,256.0,6818184,1011,2,256.0,266.0
806,2011-08-10,267.0,267.0,267.0,258.0,20210960,2992,1,256.0,267.0
807,2011-08-13,268.0,268.0,268.0,258.0,6789000,1000,1,258.0,268.0
808,2011-08-14,268.0,268.0,268.0,259.0,20400000,3000,2,258.0,268.0
809,2011-08-15,270.0,270.0,270.0,263.0,54672000,8000,7,259.0,270.0
810,2011-08-16,273.0,273.0,273.0,273.0,475851375,68715,27,263.0,273.0
811,2011-08-17,284.0,284.0,284.0,274.0,14404000,2000,3,273.0,284.0
812,2011-08-20,285.0,285.0,285.0,275.0,14450000,2000,2,274.0,285.0
813,2011-08-21,286.0,286.0,286.0,276.0,9061250,1250,2,275.0,286.0
814,2011-08-23,287.0,287.0,287.0,278.0,36131136,4974,1,276.0,287.0
815,2011-08-24,289.0,289.0,289.0,285.0,109867324,15001,2,278.0,289.0
816,2011-08-27,296.0,296.0,296.0,285.0,2289635,305,1,285.0,296.0
817,2011-08-28,296.0,296.0,296.0,286.0,9726745,1295,2,285.0,296.0
818,2011-08-30,297.0,297.0,297.0,289.0,51988368,6906,2,286.0,297.0
819,2011-09-03,300.0,300.0,300.0,293.0,68541228,9002,3,289.0,300.0
820,2011-09-04,305.0,305.0,305.0,294.0,9437109,1221,4,293.0,305.0
821,2011-09-05,306.0,306.0,306.0,294.0,7744,1,1,294.0,306.0
822,2011-09-06,306.0,306.0,306.0,295.0,12041920,1555,2,294.0,306.0
823,2011-09-07,306.0,306.0,306.0,296.0,16886700,2175,2,295.0,306.0
824,2011-09-12,307.0,307.0,307.0,297.0,15202192,1951,14,296.0,307.0
825,2011-09-13,308.0,308.0,308.0,297.0,781700,100,1,297.0,308.0
826,2011-09-14,308.0,308.0,308.0,304.0,114705696,14672,11,297.0,308.0
827,2011-09-17,316.0,316.0,316.0,312.0,133322132,16648,10,304.0,316.0
828,2011-09-18,325.0,325.0,325.0,320.0,123450000,15000,9,312.0,325.0
829,2011-09-19,333.0,333.0,333.0,333.0,426119330,50518,33,320.0,333.0
830,2011-09-20,335.0,341.0,320.0,333.0,454487670,53862,58,333.0,328.0
831,2011-09-21,328.0,328.0,320.0,326.0,185963392,22508,12,333.0,320.0
832,2011-09-25,313.0,313.0,313.0,317.0,144292538,18166,8,326.0,313.0
833,2011-09-26,304.0,304.0,304.0,316.0,14389204,1868,2,317.0,304.0
834,2011-09-27,303.0,303.0,303.0,315.0,5966583,777,1,316.0,303.0
835,2011-09-28,303.0,303.0,303.0,315.0,3834500,500,1,315.0,303.0
836,2011-10-01,302.0,302.0,302.0,315.0,5746500,750,2,315.0,302.0
837,2011-10-02,289.0,289.0,278.0,279.0,335362034,47413,38,315.0,284.0
838,2011-10-03,284.0,290.0,284.0,289.0,248141377,33859,21,279.0,290.0
839,2011-10-04,301.0,301.0,301.0,301.0,182928000,24000,5,289.0,301.0
840,2011-10-05,296.0,313.0,296.0,306.0,747296270,96371,48,301.0,313.0
841,2011-10-08,316.0,318.0,316.0,318.0,574719202,71280,43,306.0,318.0
842,2011-10-09,318.0,327.0,316.0,319.0,84125200,10406,12,318.0,326.0
843,2011-10-10,321.0,321.0,316.0,318.0,139008130,17275,12,319.0,318.0
844,2011-10-11,319.0,319.0,305.0,309.0,223395464,28553,13,318.0,305.0
845,2011-10-12,308.0,314.0,300.0,308.0,21439000,2790,4,309.0,314.0
846,2011-10-15,307.0,307.0,296.0,305.0,75031170,9867,3,308.0,296.0
847,2011-11-14,292.0,292.0,280.0,282.0,53596733,7493,14,305.0,281.0
848,2011-11-16,276.0,276.0,271.0,281.0,32195429,4620,9,282.0,271.0
849,2011-11-23,270.0,270.0,270.0,281.0,75174,11,2,281.0,270.0
850,2011-12-03,270.0,270.0,270.0,270.0,172305642,25213,9,281.0,270.0
851,2011-12-04,259.0,280.0,259.0,265.0,1435636246,213632,64,270.0,259.0
852,2011-12-07,275.0,275.0,255.0,255.0,640846542,99238,34,265.0,255.0
853,2011-12-10,259.0,264.0,256.0,262.0,158821919,23948,52,255.0,260.0
854,2011-12-11,251.0,257.0,251.0,259.0,74254070,11461,8,262.0,253.0
855,2011-12-12,264.0,268.0,258.0,259.0,43081162,6534,5,259.0,258.0
856,2011-12-13,266.0,268.0,253.0,255.0,325515885,50366,17,259.0,253.0
857,2011-12-14,245.0,248.0,245.0,252.0,43886748,7031,8,255.0,248.0
858,2011-12-17,246.0,263.0,246.0,259.0,863234487,131563,66,252.0,263.0
859,2011-12-18,269.0,269.0,269.0,269.0,343572165,50355,15,259.0,269.0
860,2011-12-19,280.0,280.0,280.0,279.0,149292990,21042,4,269.0,280.0
861,2011-12-20,290.0,290.0,290.0,287.0,140699223,19161,5,279.0,290.0
862,2011-12-21,299.0,299.0,276.0,288.0,1325911338,181784,81,287.0,276.0
863,2011-12-24,296.0,296.0,276.0,278.0,518478173,73723,26,288.0,276.0
864,2011-12-25,267.0,284.0,267.0,273.0,394483504,56968,32,278.0,271.0
865,2011-12-26,263.0,263.0,262.0,262.0,187249732,28161,23,273.0,262.0
866,2011-12-27,262.0,262.0,253.0,256.0,137633870,21261,10,262.0,253.0
867,2011-12-28,260.0,260.0,253.0,256.0,208471960,32170,21,256.0,253.0
868,2011-12-31,253.0,256.0,245.0,250.0,561053555,88572,51,256.0,256.0
869,2012-01-01,249.0,260.0,249.0,256.0,184704399,28430,21,250.0,260.0
870,2012-01-02,249.0,252.0,249.0,249.0,174650744,27623,22,256.0,249.0
871,2012-01-03,259.0,259.0,247.0,249.0,143885481,22802,14,249.0,247.0
872,2012-01-04,251.0,252.0,247.0,248.0,238703061,37988,23,249.0,247.0
873,2012-01-07,258.0,258.0,258.0,256.0,132634360,20296,7,248.0,258.0
874,2012-01-08,267.0,267.0,255.0,266.0,1455234554,216260,46,256.0,257.0
875,2012-01-09,264.0,264.0,255.0,257.0,1491309137,229131,60,266.0,257.0
876,2012-01-10,256.0,257.0,249.0,252.0,215827489,33845,24,257.0,254.0
877,2012-01-11,262.0,262.0,251.0,253.0,268957735,42016,34,252.0,253.0
878,2012-01-15,261.0,261.0,245.0,249.0,503659052,79811,55,253.0,248.0
879,2012-01-16,254.0,255.0,245.0,249.0,315441457,49940,37,249.0,252.0
880,2012-01-17,249.0,249.0,246.0,248.0,110950095,17726,21,249.0,247.0
881,2012-01-18,246.0,246.0,242.0,244.0,211239780,34180,36,248.0,242.0
882,2012-01-31,247.0,249.0,247.0,247.0,191543200,30576,12,244.0,249.0
883,2012-02-01,251.0,251.0,239.0,247.0,290629838,46336,30,247.0,239.0
884,2012-02-04,242.0,242.0,238.0,242.0,119146673,19536,24,247.0,242.0
885,2012-02-05,237.0,238.0,232.0,236.0,146348147,24505,22,242.0,232.0
886,2012-02-06,231.0,236.0,231.0,233.0,102528324,17405,12,236.0,236.0
887,2012-02-07,235.0,235.0,226.0,232.0,52340162,9002,14,233.0,234.0
888,2012-02-08,233.0,233.0,224.0,232.0,35200597,6001,10,232.0,224.0
889,2012-02-12,224.0,231.0,223.0,224.0,206644565,36428,34,232.0,229.0
890,2012-02-13,233.0,233.0,233.0,233.0,840271257,142443,28,224.0,233.0
891,2012-02-14,242.0,242.0,242.0,242.0,239103320,38980,7,233.0,242.0
892,2012-02-15,252.0,252.0,252.0,252.0,808716862,126778,35,242.0,252.0
893,2012-02-18,262.0,262.0,260.0,262.0,1878941181,283385,133,252.0,262.0
894,2012-02-19,272.0,272.0,253.0,268.0,924561074,136365,70,262.0,260.0
895,2012-02-20,257.0,260.0,257.0,257.0,702166073,107721,49,268.0,258.0
896,2012-03-04,267.0,267.0,251.0,263.0,1498237356,224629,100,257.0,251.0
897,2012-03-05,262.0,274.0,256.0,269.0,2708704925,397822,144,263.0,274.0
898,2012-03-06,279.0,279.0,279.0,279.0,410768810,58010,32,269.0,279.0
899,2012-03-07,291.0,291.0,279.0,290.0,4913498733,667846,150,279.0,291.0
900,2012-03-10,296.0,302.0,281.0,294.0,2542563656,341723,190,290.0,281.0
901,2012-03-11,282.0,282.0,282.0,282.0,174339201,24407,16,294.0,282.0
902,2012-03-12,271.0,271.0,271.0,272.0,140108940,20430,15,282.0,271.0
903,2012-03-13,261.0,261.0,261.0,261.0,653649696,98679,46,272.0,261.0
904,2012-05-12,317.0,329.0,304.0,322.0,2331617162,1041203,261,261.0,313.0
905,2012-05-13,313.0,313.0,309.0,310.0,251378606,116422,44,322.0,309.0
906,2012-05-14,298.0,309.0,298.0,301.0,608651478,290595,101,310.0,309.0
907,2012-05-15,312.0,313.0,308.0,312.0,310498026,143132,44,301.0,313.0
908,2012-05-16,323.0,324.0,317.0,323.0,589782767,262415,59,312.0,324.0
909,2012-05-19,336.0,336.0,336.0,336.0,86632590,37070,10,323.0,336.0
910,2012-05-20,349.0,349.0,349.0,344.0,35324910,14537,13,336.0,349.0
911,2012-05-21,358.0,358.0,330.0,354.0,3915882420,1588830,235,344.0,344.0
912,2012-05-22,340.0,356.0,340.0,343.0,745966250,312511,122,354.0,344.0
913,2012-05-23,344.0,351.0,339.0,344.0,809138329,338424,97,343.0,345.0
914,2012-05-26,330.0,330.0,330.0,330.0,146138104,63649,19,344.0,330.0
915,2012-05-27,331.0,342.0,322.0,335.0,461592406,198348,51,330.0,324.0
916,2012-05-28,341.0,341.0,323.0,327.0,596057630,262289,58,335.0,325.0
917,2012-05-29,337.0,337.0,323.0,326.0,340870741,150477,53,327.0,323.0
918,2012-05-30,323.0,329.0,320.0,326.0,441765509,194592,30,326.0,326.0
919,2012-06-02,328.0,328.0,316.0,324.0,308446327,136716,21,326.0,326.0
920,2012-06-05,319.0,325.0,319.0,324.0,318800945,141587,21,324.0,319.0
921,2012-06-06,317.0,329.0,311.0,324.0,345111706,153267,34,324.0,329.0
922,2012-06-09,314.0,314.0,311.0,312.0,564023714,260338,38,324.0,311.0
923,2012-06-10,299.0,311.0,299.0,303.0,59774738,28330,12,312.0,302.0
924,2012-06-11,315.0,315.0,309.0,315.0,388414746,177489,40,303.0,315.0
925,2012-06-12,322.0,327.0,315.0,319.0,83671154,37671,16,315.0,324.0
926,2012-06-13,316.0,326.0,316.0,321.0,76506702,34227,19,319.0,323.0
927,2012-06-16,323.0,323.0,309.0,318.0,330238817,149385,42,321.0,309.0
928,2012-06-17,321.0,321.0,307.0,308.0,101365844,47366,9,318.0,308.0
929,2012-06-19,298.0,315.0,298.0,303.0,34091142,16280,11,308.0,309.0
930,2012-06-20,297.0,313.0,297.0,304.0,65511634,30986,13,303.0,302.0
931,2012-06-23,299.0,299.0,292.0,293.0,117371840,57583,8,304.0,292.0
932,2012-06-24,282.0,282.0,281.0,281.0,130716159,66787,8,293.0,281.0
933,2012-06-25,270.0,293.0,270.0,278.0,827199963,427658,64,281.0,275.0
934,2012-06-26,285.0,285.0,267.0,279.0,278763781,143609,43,278.0,284.0
935,2012-06-27,283.0,288.0,279.0,280.0,161750632,83049,23,279.0,288.0
936,2012-06-30,289.0,291.0,288.0,291.0,151146360,74679,22,280.0,291.0
937,2012-07-01,299.0,302.0,299.0,301.0,82254073,39258,20,291.0,302.0
938,2012-07-02,313.0,313.0,313.0,304.0,12338370,5665,3,301.0,313.0
939,2012-07-03,316.0,316.0,316.0,316.0,188234400,85600,29,304.0,316.0
940,2012-07-04,329.0,329.0,323.0,329.0,385929753,168918,34,316.0,329.0
941,2012-07-07,329.0,342.0,329.0,338.0,128754568,54714,14,329.0,342.0
942,2012-07-08,346.0,352.0,342.0,348.0,205726326,84960,35,338.0,348.0
943,2012-07-09,352.0,362.0,338.0,357.0,470614241,189785,49,348.0,345.0
944,2012-07-10,352.0,352.0,342.0,346.0,41350236,17350,14,357.0,342.0
945,2012-07-11,345.0,345.0,333.0,335.0,114812274,49329,23,346.0,333.0
946,2012-07-14,321.0,329.0,321.0,322.0,90050787,40261,22,335.0,321.0
947,2012-07-15,311.0,311.0,309.0,309.0,70143572,32596,12,322.0,309.0
948,2012-07-16,308.0,322.0,308.0,320.0,183922535,82651,30,309.0,322.0
949,2012-07-17,333.0,333.0,308.0,318.0,205844121,93124,26,320.0,323.0
950,2012-07-28,324.0,324.0,305.0,313.0,20997461,9871,18,318.0,305.0
951,2012-07-29,301.0,303.0,301.0,301.0,54417291,26093,13,313.0,303.0
952,2012-07-30,289.0,289.0,289.0,289.0,48072000,24000,1,301.0,289.0
953,2012-07-31,277.0,277.0,277.0,277.0,110009061,57207,10,289.0,277.0
954,2012-08-04,288.0,288.0,267.0,272.0,21818576,11812,8,277.0,267.0
955,2012-08-05,261.0,261.0,261.0,261.0,186877090,103190,16,272.0,261.0
956,2012-08-06,272.0,272.0,251.0,251.0,149941425,86215,34,261.0,251.0
957,2012-08-07,260.0,260.0,242.0,250.0,103824852,59900,15,251.0,242.0
958,2012-08-08,245.0,260.0,245.0,255.0,95672921,54039,24,250.0,260.0
959,2012-08-11,265.0,265.0,265.0,265.0,150254400,81660,19,255.0,265.0
960,2012-08-12,272.0,272.0,255.0,270.0,185526340,99000,21,265.0,255.0
961,2012-08-14,260.0,260.0,260.0,264.0,27000000,15000,2,270.0,260.0
962,2012-08-15,253.0,267.0,253.0,256.0,36804810,20852,15,264.0,253.0
963,2012-08-18,250.0,250.0,250.0,256.0,60725,35,1,256.0,250.0
964,2012-08-21,260.0,260.0,246.0,247.0,35096660,20604,6,256.0,246.0
965,2012-08-22,247.0,254.0,247.0,248.0,13514129,7839,5,247.0,254.0
966,2012-08-25,253.0,257.0,253.0,253.0,58255800,33207,14,248.0,257.0
967,2012-08-26,260.0,263.0,260.0,263.0,149534256,81996,20,253.0,263.0
968,2012-08-27,264.0,274.0,264.0,273.0,96561914,51027,31,263.0,274.0
969,2012-09-02,284.0,284.0,283.0,281.0,34908397,17762,21,273.0,284.0
970,2012-09-03,292.0,292.0,292.0,288.0,31935078,15786,5,281.0,292.0
971,2012-09-04,300.0,300.0,300.0,293.0,20762076,10001,4,288.0,300.0
972,2012-09-05,305.0,305.0,303.0,304.0,110677004,52527,29,293.0,303.0
973,2012-09-08,316.0,316.0,292.0,303.0,97962592,46638,30,304.0,298.0
974,2012-09-10,291.0,291.0,291.0,293.0,37848384,18774,8,303.0,291.0
975,2012-09-11,282.0,282.0,282.0,282.0,80518284,41228,10,293.0,282.0
976,2012-09-15,271.0,282.0,271.0,273.0,217441530,114748,32,282.0,271.0
977,2012-09-16,263.0,277.0,263.0,267.0,148202424,80013,22,273.0,277.0
978,2012-09-17,265.0,277.0,264.0,270.0,41575320,22230,13,267.0,277.0
979,2012-09-18,271.0,273.0,271.0,272.0,50140812,26602,11,270.0,271.0
980,2012-09-19,274.0,279.0,274.0,276.0,91299317,47757,17,272.0,275.0
981,2012-09-22,286.0,286.0,274.0,279.0,61849083,32021,13,276.0,285.0
982,2012-09-23,290.0,290.0,268.0,275.0,209567946,110126,50,279.0,270.0
983,2012-09-24,277.0,278.0,276.0,276.0,62274495,32569,18,275.0,276.0
984,2012-09-25,276.0,278.0,270.0,273.0,99736881,52674,15,276.0,270.0
985,2012-09-26,277.0,281.0,277.0,279.0,249352073,128761,41,273.0,281.0
986,2012-09-29,283.0,291.0,283.0,289.0,152153698,75896,20,279.0,291.0
987,2012-09-30,301.0,301.0,283.0,299.0,628440078,303792,63,289.0,283.0
988,2012-10-01,287.0,287.0,287.0,288.0,43019190,21650,16,299.0,287.0
989,2012-10-02,280.0,280.0,276.0,277.0,141242712,73613,22,288.0,277.0
990,2012-10-03,288.0,288.0,285.0,288.0,71077835,35633,18,277.0,287.0
991,2012-10-06,279.0,279.0,276.0,282.0,23243078,12130,3,288.0,276.0
992,2012-10-07,286.0,286.0,277.0,282.0,5471223,2845,6,282.0,282.0
993,2012-10-08,281.0,281.0,270.0,271.0,45301438,24141,14,282.0,271.0
994,2012-10-09,281.0,281.0,276.0,279.0,42066425,21724,12,271.0,276.0
995,2012-10-10,281.0,281.0,278.0,280.0,27737258,14227,7,279.0,279.0
996,2012-10-13,281.0,281.0,269.0,270.0,43378946,23244,12,280.0,269.0
997,2012-10-14,278.0,278.0,265.0,268.0,33016762,17852,13,270.0,265.0
998,2012-10-15,278.0,278.0,271.0,273.0,25383088,13208,7,268.0,271.0
999,2012-10-16,278.0,278.0,271.0,273.0,54918380,29026,7,273.0,271.0
1000,2012-10-17,278.0,278.0,263.0,268.0,112792175,60733,25,273.0,263.0
1001,2012-10-20,273.0,273.0,258.0,262.0,145805221,80332,31,268.0,258.0
1002,2012-10-21,272.0,272.0,260.0,261.0,187356554,103465,38,262.0,265.0
1003,2012-10-22,254.0,258.0,251.0,253.0,100069865,56999,21,261.0,251.0
1004,2012-10-23,258.0,263.0,243.0,257.0,393874580,221519,58,253.0,263.0
1005,2012-10-24,267.0,267.0,247.0,250.0,1324219235,765047,134,257.0,248.0
1006,2012-11-05,188.0,195.0,188.0,189.0,80452372,61329,6,250.0,195.0
1007,2012-11-06,197.0,197.0,197.0,189.0,1364,1,1,189.0,197.0
1008,2012-11-07,197.0,197.0,197.0,189.0,1364,1,1,189.0,197.0
1009,2012-11-10,197.0,197.0,197.0,197.0,53073240,38910,3,189.0,197.0
1010,2012-11-11,205.0,205.0,205.0,197.0,2241858,1581,3,197.0,205.0
1011,2012-11-12,205.0,205.0,205.0,201.0,15061824,10592,5,197.0,205.0
1012,2012-11-13,209.0,209.0,209.0,203.0,10534160,7280,3,201.0,209.0
1013,2012-11-14,211.0,211.0,211.0,205.0,8215720,5608,2,203.0,211.0
1014,2012-11-17,213.0,213.0,213.0,210.0,20692000,14000,2,205.0,213.0
1015,2012-11-18,218.0,218.0,218.0,218.0,41964568,27736,13,210.0,218.0
1016,2012-11-19,227.0,227.0,227.0,222.0,15730000,10000,1,218.0,227.0
1017,2012-11-20,231.0,231.0,231.0,224.0,9418110,5890,2,222.0,231.0
1018,2012-11-21,233.0,233.0,233.0,224.0,969000,600,2,224.0,233.0
1019,2012-11-26,233.0,233.0,233.0,225.0,2039037,1261,3,224.0,233.0
1020,2012-11-27,234.0,234.0,234.0,234.0,38070000,23500,7,225.0,234.0
1021,2012-11-28,243.0,243.0,243.0,243.0,84102876,49972,3,234.0,243.0
1022,2012-12-01,253.0,253.0,243.0,251.0,879920169,505724,133,243.0,250.0
1023,2012-12-02,261.0,261.0,241.0,259.0,1057857318,589678,95,251.0,255.0
1024,2012-12-03,260.0,260.0,249.0,249.0,243189445,140819,41,259.0,249.0
1025,2012-12-04,239.0,239.0,239.0,239.0,44102800,26600,10,249.0,239.0
1026,2012-12-05,230.0,239.0,230.0,230.0,268151941,168319,65,239.0,239.0
1027,2012-12-08,239.0,239.0,222.0,224.0,166474238,107249,36,230.0,224.0
1028,2012-12-09,232.0,233.0,224.0,230.0,292755644,183487,43,224.0,233.0
1029,2012-12-10,239.0,239.0,226.0,238.0,476168592,288769,40,230.0,239.0
1030,2012-12-11,233.0,242.0,229.0,236.0,268674358,164526,25,238.0,229.0
1031,2012-12-12,231.0,238.0,227.0,229.0,86901010,54694,40,236.0,231.0
1032,2012-12-15,231.0,238.0,223.0,231.0,165786734,103667,30,229.0,238.0
1033,2012-12-16,236.0,236.0,224.0,232.0,271634972,169218,31,231.0,232.0
1034,2012-12-17,227.0,227.0,227.0,231.0,49957150,31750,9,232.0,227.0
1035,2012-12-18,227.0,237.0,224.0,230.0,138983746,87414,34,231.0,237.0
1036,2012-12-19,237.0,237.0,226.0,230.0,32581754,20349,32,230.0,226.0
1037,2012-12-22,221.0,224.0,221.0,227.0,100660292,65285,16,230.0,224.0
1038,2012-12-23,222.0,226.0,221.0,224.0,110572802,72118,22,227.0,226.0
1039,2012-12-24,229.0,229.0,220.0,223.0,104605618,68164,20,224.0,220.0
1040,2012-12-25,220.0,232.0,220.0,224.0,150968442,96752,37,223.0,232.0
1041,2012-12-26,229.0,229.0,222.0,225.0,22428420,14229,7,224.0,222.0
1042,2012-12-29,221.0,234.0,221.0,229.0,177624112,110700,14,225.0,234.0
1043,2012-12-30,225.0,225.0,225.0,229.0,12496000,8000,3,229.0,225.0
1044,2012-12-31,229.0,229.0,225.0,229.0,3859783,2471,3,229.0,225.0
1045,2013-01-01,222.0,231.0,222.0,228.0,51005195,33205,12,229.0,222.0
1046,2013-01-02,223.0,235.0,222.0,228.0,97078573,61462,19,228.0,222.0
1047,2013-01-06,222.0,222.0,219.0,227.0,24410739,16000,8,228.0,219.0
1048,2013-01-07,221.0,221.0,218.0,222.0,139046384,91625,12,227.0,218.0
1049,2013-01-08,215.0,215.0,214.0,221.0,42787676,28882,18,222.0,214.0
1050,2013-01-09,212.0,221.0,212.0,219.0,95251990,63877,33,221.0,221.0
1051,2013-01-13,225.0,225.0,225.0,219.0,15600,10,1,219.0,225.0
1052,2013-01-14,225.0,225.0,210.0,218.0,5386425,3665,8,219.0,210.0
1053,2013-01-15,210.0,210.0,210.0,215.0,91770664,63116,9,218.0,210.0
1054,2013-01-16,206.0,206.0,206.0,215.0,11566773,8083,7,215.0,206.0
1055,2013-01-19,206.0,206.0,206.0,214.0,13590276,9517,7,215.0,206.0
1056,2013-01-20,205.0,205.0,205.0,214.0,761840,535,3,214.0,205.0
1057,2013-01-21,205.0,205.0,205.0,212.0,41018320,28805,4,214.0,205.0
1058,2013-01-22,204.0,204.0,204.0,212.0,7070,5,5,212.0,204.0
1059,2013-01-23,204.0,204.0,204.0,210.0,62856542,44453,11,212.0,204.0
1060,2013-01-26,202.0,202.0,202.0,210.0,5512314,3943,9,210.0,202.0
1061,2013-01-27,202.0,202.0,202.0,205.0,139713970,100010,6,210.0,202.0
1062,2013-01-28,197.0,205.0,197.0,199.0,224208644,162254,27,205.0,202.0
1063,2013-01-30,202.0,203.0,200.0,202.0,195602008,139789,23,199.0,200.0
1064,2013-02-02,209.0,209.0,208.0,202.0,2745500,1896,8,202.0,208.0
1065,2013-02-03,198.0,202.0,198.0,202.0,40598624,29008,7,202.0,202.0
1066,2013-02-04,198.0,198.0,197.0,201.0,22524002,16458,5,202.0,198.0
1067,2013-02-05,208.0,209.0,206.0,202.0,21709239,15015,17,201.0,209.0
1068,2013-02-06,197.0,197.0,195.0,201.0,26275109,19401,7,202.0,196.0
1069,2013-02-09,195.0,206.0,195.0,200.0,55667144,40996,21,201.0,196.0
1070,2013-02-11,196.0,196.0,195.0,199.0,36923763,27213,3,200.0,195.0
1071,2013-02-12,202.0,207.0,202.0,201.0,116144948,82676,22,199.0,207.0
1072,2013-02-13,202.0,207.0,202.0,203.0,76172628,53104,8,201.0,207.0
1073,2013-02-16,209.0,211.0,209.0,205.0,58896761,40297,16,203.0,211.0
1074,2013-02-17,213.0,213.0,213.0,205.0,14409612,9756,5,205.0,213.0
1075,2013-02-18,214.0,214.0,214.0,206.0,13676680,9241,5,205.0,214.0
1076,2013-02-19,214.0,214.0,214.0,206.0,14914200,10050,5,206.0,214.0
1077,2013-02-20,215.0,215.0,215.0,206.0,1138320,765,2,206.0,215.0
1078,2013-02-23,215.0,215.0,215.0,206.0,312480,210,2,206.0,215.0
1079,2013-02-24,215.0,215.0,215.0,208.0,45842304,30808,9,206.0,215.0
1080,2013-02-25,216.0,216.0,205.0,210.0,71123418,47990,28,208.0,216.0
1081,2013-02-26,218.0,218.0,218.0,210.0,9828000,6500,1,210.0,218.0
1082,2013-02-27,218.0,218.0,218.0,210.0,10233126,6759,2,210.0,218.0
1083,2013-03-02,219.0,219.0,219.0,211.0,27759476,18311,7,210.0,219.0
1084,2013-03-03,220.0,220.0,220.0,212.0,28303432,18584,7,211.0,220.0
1085,2013-03-04,221.0,221.0,212.0,220.0,923251918,605642,61,212.0,221.0
1086,2013-03-05,221.0,221.0,213.0,217.0,246182947,163807,22,220.0,214.0
1087,2013-03-06,218.0,218.0,209.0,213.0,130804650,89970,30,217.0,216.0
1088,2013-03-09,209.0,209.0,205.0,210.0,90586843,63400,15,213.0,205.0
1089,2013-03-10,202.0,216.0,202.0,205.0,183872010,130080,16,210.0,205.0
1090,2013-03-11,204.0,212.0,203.0,205.0,42286587,29670,10,205.0,203.0
1091,2013-03-12,201.0,202.0,201.0,204.0,70153060,50254,6,205.0,201.0
1092,2013-03-13,197.0,202.0,197.0,201.0,123480947,90107,18,204.0,198.0
1093,2013-03-16,196.0,198.0,195.0,199.0,108552205,79494,19,201.0,196.0
1094,2013-03-17,196.0,201.0,194.0,197.0,149239966,110096,28,199.0,196.0
1095,2013-03-18,202.0,202.0,195.0,196.0,45076353,33281,8,197.0,197.0
1096,2013-03-25,204.0,204.0,204.0,197.0,11760065,8311,5,196.0,204.0
1097,2013-03-26,205.0,205.0,205.0,200.0,81808674,57693,6,197.0,205.0
1098,2013-03-27,207.0,207.0,205.0,201.0,32372932,22544,5,200.0,205.0
1099,2013-03-30,208.0,208.0,208.0,203.0,63306895,43811,15,201.0,208.0
1100,2013-03-31,211.0,211.0,202.0,208.0,559789683,388098,81,203.0,211.0
1101,2013-04-03,215.0,216.0,210.0,214.0,425791640,287211,55,208.0,216.0
1102,2013-04-06,216.0,222.0,214.0,215.0,100818513,67318,31,214.0,220.0
1103,2013-04-07,221.0,221.0,206.0,207.0,292415610,204112,35,215.0,206.0
1104,2013-04-08,200.0,213.0,199.0,199.0,254089956,184261,31,207.0,202.0
1105,2013-04-09,202.0,207.0,199.0,199.0,17723229,12629,11,199.0,199.0
1106,2013-04-10,207.0,207.0,192.0,196.0,181961360,134749,31,199.0,196.0
1107,2013-04-13,202.0,202.0,192.0,197.0,61434425,44565,11,196.0,196.0
1108,2013-04-15,195.0,200.0,195.0,197.0,87912484,64356,24,197.0,200.0
1109,2013-04-16,196.0,196.0,193.0,196.0,49393111,36566,7,197.0,195.0
1110,2013-04-17,189.0,202.0,189.0,196.0,60795199,45068,11,196.0,193.0
1111,2013-04-20,203.0,203.0,191.0,195.0,158872583,117552,18,196.0,191.0
1112,2013-04-21,191.0,195.0,189.0,190.0,199849825,151900,20,195.0,190.0
1113,2013-04-22,189.0,196.0,189.0,191.0,43264742,32333,26,190.0,192.0
1114,2013-04-23,192.0,198.0,192.0,192.0,72815572,54192,20,191.0,194.0
1115,2013-04-24,199.0,199.0,191.0,199.0,413642500,299446,56,192.0,199.0
1116,2013-04-27,207.0,207.0,207.0,207.0,274627820,191245,36,199.0,207.0
1117,2013-04-28,215.0,215.0,207.0,213.0,296471650,200677,61,207.0,212.0
1118,2013-04-29,212.0,216.0,205.0,208.0,265648420,184156,65,213.0,208.0
1119,2013-04-30,214.0,214.0,202.0,205.0,163322603,115674,31,208.0,203.0
1120,2013-05-01,200.0,202.0,197.0,198.0,591886048,431519,64,205.0,197.0
1121,2013-05-04,202.0,203.0,197.0,199.0,250166441,181494,39,198.0,197.0
1122,2013-05-05,196.0,204.0,196.0,200.0,147621467,106073,32,199.0,203.0
1123,2013-05-06,204.0,204.0,197.0,200.0,94096915,68237,14,200.0,203.0
1124,2013-05-07,203.0,203.0,198.0,200.0,9132198,6652,6,200.0,198.0
1125,2013-05-08,200.0,200.0,192.0,197.0,90759008,67524,25,200.0,192.0
1126,2013-05-11,195.0,202.0,192.0,196.0,59935151,44584,17,197.0,194.0
1127,2013-05-12,201.0,201.0,192.0,196.0,173662776,128324,23,196.0,193.0
1128,2013-05-13,201.0,201.0,188.0,189.0,316661909,241632,27,196.0,189.0
1129,2013-05-14,193.0,193.0,182.0,187.0,54232854,42958,10,189.0,183.0
1130,2013-05-15,188.0,193.0,187.0,188.0,51208040,38607,13,187.0,192.0
1131,2013-05-18,193.0,193.0,188.0,188.0,180274604,138136,25,188.0,190.0
1132,2013-05-19,191.0,191.0,184.0,188.0,61583429,47511,8,188.0,184.0
1133,2013-05-20,193.0,193.0,184.0,188.0,8916270,6938,5,188.0,186.0
1134,2013-05-21,185.0,185.0,185.0,187.0,35915282,28001,5,188.0,185.0
1135,2013-05-22,193.0,193.0,185.0,188.0,25154598,19150,16,187.0,189.0
1136,2013-05-25,192.0,193.0,189.0,191.0,168736114,126856,35,188.0,193.0
1137,2013-05-26,190.0,193.0,188.0,189.0,196778215,149914,30,191.0,189.0
1138,2013-05-27,188.0,190.0,188.0,188.0,218728049,167567,28,189.0,189.0
1139,2013-05-28,189.0,193.0,188.0,189.0,150253381,114389,21,188.0,189.0
1140,2013-05-29,192.0,197.0,192.0,193.0,138749204,102120,29,189.0,197.0
1141,2013-06-01,191.0,198.0,191.0,193.0,95400907,71624,10,193.0,198.0
1142,2013-06-02,192.0,201.0,192.0,200.0,366180310,264245,33,193.0,201.0
1143,2013-06-03,201.0,206.0,196.0,200.0,65093338,46770,30,200.0,205.0
1144,2013-06-08,205.0,205.0,197.0,200.0,45664838,32814,16,200.0,198.0
1145,2013-06-09,197.0,197.0,192.0,198.0,73933363,55258,25,200.0,197.0
1146,2013-06-10,193.0,195.0,193.0,196.0,73887158,55188,12,198.0,195.0
1147,2013-06-11,196.0,198.0,196.0,197.0,119668119,87115,12,196.0,198.0
1148,2013-06-12,201.0,205.0,198.0,201.0,292569796,210505,26,197.0,205.0
1149,2013-06-15,208.0,208.0,207.0,208.0,441986616,306072,33,201.0,208.0
1150,2013-06-16,217.0,217.0,217.0,217.0,248712698,165698,30,208.0,217.0
1151,2013-06-17,225.0,225.0,208.0,215.0,86273685,58291,24,217.0,210.0
1152,2013-06-30,225.0,234.0,225.0,230.0,290616486,182480,35,215.0,234.0
1153,2013-07-01,239.0,239.0,239.0,234.0,124739856,75326,16,230.0,239.0
1154,2013-07-02,243.0,243.0,243.0,243.0,401079189,237747,22,234.0,243.0
1155,2013-07-03,253.0,253.0,253.0,252.0,239505192,136548,16,243.0,253.0
1156,2013-07-06,262.0,262.0,262.0,261.0,286733202,158154,10,252.0,262.0
1157,2013-07-07,272.0,272.0,272.0,269.0,210209184,111576,12,261.0,272.0
1158,2013-07-08,279.0,279.0,279.0,271.0,77215424,39884,8,269.0,279.0
1159,2013-07-09,282.0,282.0,282.0,282.0,466249905,238491,28,271.0,282.0
1160,2013-07-10,293.0,293.0,282.0,289.0,1209936281,603099,150,282.0,287.0
1161,2013-07-13,289.0,289.0,278.0,282.0,244546156,125943,43,289.0,278.0
1162,2013-07-14,271.0,271.0,271.0,280.0,62096791,33083,7,282.0,271.0
1163,2013-07-15,269.0,269.0,269.0,269.0,1473831360,791530,83,280.0,269.0
1164,2013-07-16,258.0,271.0,258.0,260.0,1223314621,679709,95,269.0,260.0
1165,2013-07-27,270.0,270.0,249.0,256.0,123756204,71388,32,260.0,249.0
1166,2013-07-28,246.0,246.0,246.0,251.0,121831223,71677,21,256.0,246.0
1167,2013-07-29,241.0,241.0,241.0,243.0,212363560,127240,29,251.0,241.0
1168,2013-07-31,234.0,253.0,234.0,250.0,671335350,387309,83,243.0,253.0
1169,2013-08-03,260.0,260.0,254.0,260.0,351130189,195191,57,250.0,260.0
1170,2013-08-04,270.0,270.0,270.0,270.0,1255092556,671182,115,260.0,270.0
1171,2013-08-05,281.0,281.0,260.0,268.0,576599123,311212,86,270.0,260.0
1172,2013-08-06,260.0,260.0,257.0,257.0,563185371,316512,101,268.0,257.0
1173,2013-08-07,247.0,260.0,247.0,251.0,245890681,142005,51,257.0,250.0
1174,2013-08-11,251.0,261.0,251.0,256.0,185186858,103593,33,251.0,259.0
1175,2013-08-12,250.0,266.0,250.0,263.0,451955984,248328,76,256.0,266.0
1176,2013-08-13,273.0,273.0,273.0,271.0,232589236,122933,16,263.0,273.0
1177,2013-08-14,282.0,282.0,282.0,282.0,936840450,480431,45,271.0,282.0
1178,2013-08-17,293.0,293.0,293.0,285.0,92442324,45583,12,282.0,293.0
1179,2013-08-18,296.0,296.0,296.0,289.0,120431350,58747,22,285.0,296.0
1180,2013-08-19,301.0,301.0,301.0,297.0,221830438,106598,17,289.0,301.0
1181,2013-08-20,309.0,309.0,309.0,298.0,47286768,22138,13,297.0,309.0
1182,2013-08-21,310.0,310.0,310.0,300.0,42036113,19579,9,298.0,310.0
1183,2013-08-24,312.0,312.0,312.0,306.0,162767150,75425,17,300.0,312.0
1184,2013-08-25,318.0,318.0,317.0,318.0,1529867830,696073,114,306.0,318.0
1185,2013-08-26,330.0,330.0,318.0,328.0,986205321,434473,99,318.0,330.0
1186,2013-08-27,341.0,341.0,324.0,340.0,1329161263,565539,108,328.0,330.0
1187,2013-08-28,326.0,326.0,326.0,339.0,17310288,7673,4,340.0,326.0
1188,2013-08-31,325.0,325.0,325.0,332.0,172852260,76755,8,339.0,325.0
1189,2013-09-01,319.0,324.0,319.0,319.0,994804961,450397,79,332.0,319.0
1190,2013-09-03,319.0,319.0,307.0,319.0,10647582,5019,16,319.0,307.0
1191,2013-09-04,306.0,306.0,306.0,319.0,4593942,2169,2,319.0,306.0
1192,2013-09-07,306.0,306.0,306.0,316.0,69659885,32905,5,319.0,306.0
1193,2013-09-08,304.0,304.0,304.0,316.0,6300,3,1,316.0,304.0
1194,2013-09-09,304.0,304.0,304.0,316.0,12805800,6098,9,316.0,304.0
1195,2013-09-10,303.0,325.0,303.0,311.0,1379812412,640559,117,316.0,321.0
1196,2013-09-11,324.0,324.0,304.0,312.0,218920707,101050,60,311.0,306.0
1197,2013-09-14,302.0,302.0,300.0,311.0,27516512,13213,7,312.0,300.0
1198,2013-09-15,299.0,299.0,299.0,309.0,69586677,33633,4,311.0,299.0
1199,2013-09-16,297.0,297.0,297.0,300.0,235980000,115000,15,309.0,297.0
1200,2013-09-17,312.0,312.0,312.0,312.0,357603806,165634,36,300.0,312.0
1201,2013-09-18,324.0,324.0,324.0,324.0,359200000,160000,15,312.0,324.0
1202,2013-09-21,337.0,337.0,337.0,330.0,157400292,67438,14,324.0,337.0
1203,2013-09-22,343.0,343.0,343.0,343.0,395995070,166805,16,330.0,343.0
1204,2013-09-23,357.0,357.0,357.0,357.0,403518000,163500,19,343.0,357.0
1205,2013-09-24,371.0,371.0,353.0,366.0,4111647479,1623329,274,357.0,361.0
1206,2013-09-25,367.0,373.0,352.0,364.0,2736744174,1087882,215,366.0,373.0
1207,2013-09-28,378.0,378.0,378.0,378.0,479852880,183430,18,364.0,378.0
1208,2013-09-29,393.0,393.0,371.0,385.0,3562591258,1337701,155,378.0,371.0
1209,2013-09-30,370.0,376.0,370.0,370.0,1739291224,679979,89,385.0,370.0
1210,2013-10-01,355.0,369.0,355.0,357.0,681422552,275652,60,370.0,355.0
1211,2013-10-02,347.0,354.0,343.0,347.0,455415489,189791,70,357.0,353.0
1212,2013-10-05,358.0,358.0,333.0,343.0,735595553,309878,74,347.0,358.0
1213,2013-10-06,338.0,357.0,338.0,353.0,299227972,121540,29,343.0,357.0
1214,2013-10-07,367.0,367.0,367.0,361.0,238282668,93886,14,353.0,367.0
1215,2013-10-08,375.0,375.0,375.0,373.0,333831365,128545,19,361.0,375.0
1216,2013-10-09,387.0,387.0,387.0,376.0,93985136,35056,14,373.0,387.0
1217,2013-10-12,391.0,391.0,391.0,391.0,688225035,254427,25,376.0,391.0
1218,2013-10-13,407.0,407.0,407.0,403.0,346491275,123175,16,391.0,407.0
1219,2013-10-14,419.0,419.0,397.0,414.0,5495942127,1920611,331,403.0,402.0
1220,2013-10-15,402.0,418.0,397.0,405.0,1288806574,459705,135,414.0,408.0
1221,2013-10-19,412.0,419.0,399.0,408.0,1243865636,440983,125,405.0,400.0
1222,2013-10-20,408.0,408.0,392.0,396.0,1062037191,387667,68,408.0,399.0
1223,2013-10-21,403.0,412.0,396.0,408.0,1801122934,637331,103,396.0,408.0
1224,2013-10-22,397.0,409.0,392.0,401.0,1130438986,407227,78,408.0,407.0
1225,2013-10-23,401.0,415.0,385.0,406.0,947405933,337175,95,401.0,397.0
1226,2013-10-26,406.0,406.0,390.0,395.0,713698886,260961,61,406.0,390.0
1227,2013-10-27,386.0,386.0,380.0,391.0,116934194,44349,19,395.0,380.0
1228,2013-10-28,376.0,376.0,376.0,390.0,39226200,15087,9,391.0,376.0
1229,2013-10-29,374.0,374.0,374.0,388.0,44526335,17185,13,390.0,374.0
1230,2013-10-30,373.0,402.0,373.0,377.0,1321377492,506782,86,388.0,376.0
1231,2013-11-02,390.0,390.0,362.0,370.0,1283942999,501276,155,377.0,362.0
1232,2013-11-03,367.0,374.0,356.0,365.0,725525080,287216,59,370.0,356.0
1233,2013-11-04,351.0,369.0,351.0,358.0,738886019,298067,67,365.0,368.0
1234,2013-11-05,359.0,373.0,359.0,372.0,713436748,277179,71,358.0,373.0
1235,2013-11-06,386.0,387.0,380.0,386.0,1145400370,429312,152,372.0,387.0
1236,2013-11-09,400.0,400.0,370.0,383.0,497917334,187945,78,386.0,375.0
1237,2013-11-10,368.0,376.0,368.0,372.0,545104729,212056,57,383.0,376.0
1238,2013-11-11,362.0,386.0,362.0,379.0,1753203022,669008,144,372.0,386.0
1239,2013-11-12,393.0,394.0,386.0,392.0,786724661,289736,98,379.0,394.0
1240,2013-11-16,405.0,408.0,393.0,407.0,2349455189,834364,221,392.0,408.0
1241,2013-11-17,412.0,416.0,391.0,405.0,1396219489,498283,151,407.0,391.0
1242,2013-11-18,391.0,405.0,389.0,390.0,1021887495,378879,67,405.0,389.0
1243,2013-11-19,375.0,405.0,374.0,402.0,2124488806,764071,252,390.0,405.0
1244,2013-11-20,415.0,415.0,390.0,398.0,571413321,207450,86,402.0,399.0
1245,2013-11-23,414.0,414.0,414.0,405.0,197512896,68964,28,398.0,414.0
1246,2013-11-24,421.0,421.0,421.0,408.0,98511834,33818,16,405.0,421.0
1247,2013-11-25,425.0,425.0,425.0,425.0,804694696,273892,25,408.0,425.0
1248,2013-11-26,442.0,442.0,442.0,437.0,355333160,116312,22,425.0,442.0
1249,2013-11-27,454.0,454.0,454.0,442.0,138317144,44008,16,437.0,454.0
1250,2013-11-30,459.0,459.0,459.0,450.0,232162434,73053,15,442.0,459.0
1251,2013-12-01,468.0,468.0,468.0,453.0,102645920,31720,29,450.0,468.0
1252,2013-12-02,471.0,471.0,471.0,467.0,403796456,123788,21,453.0,471.0
1253,2013-12-03,486.0,486.0,486.0,486.0,581371899,172873,18,467.0,486.0
1254,2013-12-04,505.0,505.0,505.0,488.0,63491532,18156,14,486.0,505.0
1255,2013-12-07,508.0,508.0,508.0,492.0,120745323,34371,11,488.0,508.0
1256,2013-12-08,512.0,512.0,512.0,512.0,1954850250,551750,33,492.0,512.0
1257,2013-12-09,532.0,532.0,532.0,532.0,1870418376,507714,27,512.0,532.0
1258,2013-12-10,554.0,554.0,554.0,554.0,811099320,211720,14,532.0,554.0
1259,2013-12-11,576.0,576.0,576.0,576.0,2232896544,560466,29,554.0,576.0
1260,2013-12-14,599.0,599.0,599.0,599.0,1976231715,477005,43,576.0,599.0
1261,2013-12-15,623.0,623.0,623.0,623.0,691097976,160422,16,599.0,623.0
1262,2013-12-16,648.0,648.0,623.0,647.0,16856714899,3763501,541,623.0,648.0
1263,2013-12-17,665.0,673.0,623.0,664.0,11492449483,2502233,431,647.0,673.0
1264,2013-12-18,689.0,690.0,672.0,689.0,4264463219,893986,225,664.0,690.0
1265,2013-12-21,717.0,717.0,717.0,717.0,6174227840,1244804,178,689.0,717.0
1266,2013-12-22,743.0,743.0,688.0,714.0,5670583210,1148681,419,717.0,692.0
1267,2013-12-24,691.0,708.0,685.0,687.0,9313526565,1959476,325,714.0,685.0
1268,2013-12-25,685.0,714.0,665.0,711.0,16224187083,3299797,1002,687.0,714.0
1269,2013-12-28,723.0,739.0,723.0,738.0,11082218185,2170883,283,711.0,739.0
1270,2013-12-29,767.0,767.0,744.0,766.0,9867296296,1862931,462,738.0,767.0
1271,2013-12-30,795.0,796.0,773.0,794.0,4229990235,769771,153,766.0,796.0
1272,2014-01-01,826.0,826.0,826.0,817.0,654921538,114617,28,794.0,826.0
1273,2014-01-04,850.0,850.0,850.0,849.0,914117170,155515,32,817.0,850.0
1274,2014-01-05,883.0,883.0,826.0,878.0,17899017778,2945933,702,849.0,883.0
1275,2014-01-06,882.0,893.0,843.0,856.0,6643448506,1121485,343,878.0,843.0
1276,2014-01-07,822.0,822.0,822.0,822.0,1103682456,194037,64,856.0,822.0
1277,2014-01-08,789.0,789.0,789.0,791.0,817009288,149608,61,822.0,789.0
1278,2014-01-11,760.0,812.0,760.0,775.0,11224163515,2092288,554,791.0,766.0
1279,2014-01-12,759.0,759.0,744.0,752.0,1358317302,261047,56,775.0,744.0
1280,2014-01-13,782.0,782.0,762.0,782.0,6529106804,1207057,233,752.0,782.0
1281,2014-01-14,813.0,813.0,751.0,778.0,5058119709,939459,261,782.0,751.0
1282,2014-01-15,747.0,747.0,747.0,747.0,1022557425,197825,43,778.0,747.0
1283,2014-01-18,717.0,717.0,717.0,737.0,277853555,55985,12,747.0,717.0
1284,2014-01-20,707.0,707.0,707.0,728.0,220768340,45110,10,737.0,707.0
1285,2014-01-21,699.0,757.0,699.0,712.0,3083570000,625976,182,728.0,699.0
1286,2014-01-22,683.0,683.0,683.0,705.0,190493578,40282,14,712.0,683.0
1287,2014-01-25,677.0,677.0,677.0,705.0,5097609,1089,3,705.0,677.0
1288,2014-01-26,676.0,676.0,676.0,703.0,53118000,11350,5,705.0,676.0
1289,2014-01-27,675.0,675.0,675.0,702.0,11317475,2425,2,703.0,675.0
1290,2014-01-28,674.0,707.0,674.0,678.0,3982997657,848913,195,702.0,674.0
1291,2014-01-29,651.0,678.0,651.0,659.0,9218347184,2022739,438,678.0,669.0
1292,2014-02-01,676.0,685.0,658.0,682.0,3381179819,716981,237,659.0,685.0
1293,2014-02-02,707.0,707.0,654.0,679.0,1645600416,350137,69,682.0,654.0
1294,2014-02-03,652.0,652.0,652.0,678.0,37530816,8318,7,679.0,652.0
1295,2014-02-04,651.0,651.0,651.0,673.0,139858677,31059,10,678.0,651.0
1296,2014-02-08,646.0,646.0,646.0,668.0,130161776,29132,4,673.0,646.0
1297,2014-02-09,641.0,641.0,641.0,668.0,3087456,696,2,668.0,641.0
1298,2014-02-10,641.0,641.0,641.0,667.0,11038715,2489,2,668.0,641.0
1299,2014-02-15,641.0,641.0,641.0,667.0,5730576,1293,2,667.0,641.0
1300,2014-02-16,640.0,640.0,640.0,665.0,42001449,9479,7,667.0,640.0
1301,2014-02-17,639.0,639.0,639.0,650.0,423157540,95737,32,665.0,639.0
1302,2014-02-18,624.0,624.0,624.0,646.0,102226665,23691,5,650.0,624.0
1303,2014-02-19,620.0,620.0,620.0,640.0,157976737,36833,12,646.0,620.0
1304,2014-02-22,614.0,614.0,614.0,622.0,455361081,107169,21,640.0,614.0
1305,2014-02-23,598.0,598.0,598.0,616.0,166404805,40243,10,622.0,598.0
1306,2014-02-24,592.0,592.0,592.0,615.0,44837488,10952,2,616.0,592.0
1307,2014-02-25,590.0,590.0,590.0,615.0,1020500,250,1,615.0,590.0
1308,2014-02-26,590.0,590.0,590.0,613.0,36738000,9000,4,615.0,590.0
1309,2014-03-01,589.0,589.0,589.0,610.0,78331936,19232,9,613.0,589.0
1310,2014-03-03,586.0,586.0,586.0,610.0,3243200,800,2,610.0,586.0
1311,2014-03-05,586.0,586.0,586.0,610.0,2026500,500,1,610.0,586.0
1312,2014-03-08,586.0,586.0,586.0,610.0,3237548,799,2,610.0,586.0
1313,2014-03-12,585.0,585.0,585.0,610.0,2645303,653,2,610.0,585.0
1314,2014-03-15,585.0,585.0,585.0,610.0,992250,245,1,610.0,585.0
1315,2014-03-17,585.0,585.0,585.0,609.0,13174650,3253,2,610.0,585.0
1316,2014-03-19,585.0,585.0,585.0,608.0,19101840,4720,5,609.0,585.0
1317,2014-03-30,584.0,584.0,584.0,608.0,7857648,1944,3,608.0,584.0
1318,2014-03-31,584.0,584.0,584.0,606.0,68263880,16897,9,608.0,584.0
1319,2014-04-05,581.0,581.0,581.0,605.0,24298920,6040,12,606.0,581.0
1320,2014-04-06,581.0,629.0,581.0,611.0,13820272218,3271896,616,605.0,629.0
1321,2014-04-07,635.0,635.0,608.0,634.0,4689008119,1068227,198,611.0,635.0
1322,2014-04-08,659.0,659.0,609.0,621.0,3493900362,813153,211,634.0,609.0
1323,2014-04-09,596.0,596.0,596.0,614.0,192011662,46537,9,621.0,596.0
1324,2014-04-13,589.0,589.0,589.0,614.0,4078000,1000,1,614.0,589.0
1325,2014-04-14,589.0,589.0,589.0,613.0,20385000,5000,1,614.0,589.0
1326,2014-04-16,589.0,589.0,589.0,589.0,1067401504,262132,36,613.0,589.0
1327,2014-04-19,565.0,565.0,565.0,588.0,1955000,500,1,589.0,565.0
1328,2014-04-20,565.0,565.0,565.0,587.0,25408500,6500,5,588.0,565.0
1329,2014-04-21,564.0,564.0,564.0,583.0,119682144,30672,5,587.0,564.0
1330,2014-04-22,560.0,560.0,560.0,583.0,6911520,1785,2,583.0,560.0
1331,2014-04-23,559.0,559.0,559.0,569.0,374616000,96800,12,583.0,559.0
1332,2014-04-26,546.0,575.0,546.0,555.0,14081792782,3665695,753,569.0,557.0
1333,2014-04-27,562.0,564.0,533.0,541.0,5297645055,1416203,359,555.0,533.0
1334,2014-04-28,519.0,520.0,519.0,519.0,704749116,196148,45,541.0,519.0
1335,2014-04-29,499.0,502.0,499.0,499.0,1915757350,555267,111,519.0,499.0
1336,2014-04-30,479.0,479.0,479.0,495.0,84555360,25530,14,499.0,479.0
1337,2014-05-03,476.0,480.0,476.0,476.0,2476818507,752552,153,495.0,476.0
1338,2014-05-04,457.0,457.0,457.0,475.0,25213640,7979,3,476.0,457.0
1339,2014-05-05,456.0,456.0,456.0,462.0,328634037,104229,15,475.0,456.0
1340,2014-05-06,444.0,444.0,444.0,460.0,50488320,16435,10,462.0,444.0
1341,2014-05-07,442.0,442.0,442.0,460.0,14927920,4880,4,460.0,442.0
1342,2014-05-10,442.0,474.0,442.0,453.0,7032164888,2242736,398,460.0,463.0
1343,2014-05-11,471.0,471.0,471.0,471.0,1414241329,433689,81,453.0,471.0
1344,2014-05-12,490.0,490.0,490.0,490.0,676901247,199617,24,471.0,490.0
1345,2014-05-14,510.0,510.0,487.0,501.0,8234153397,2374022,391,490.0,489.0
1346,2014-05-17,481.0,481.0,481.0,495.0,163483020,49094,11,501.0,481.0
1347,2014-05-18,475.0,475.0,475.0,492.0,82685460,25140,6,495.0,475.0
1348,2014-05-19,472.0,472.0,472.0,491.0,20179900,6175,6,492.0,472.0
1349,2014-05-20,472.0,472.0,472.0,490.0,32640000,10000,1,491.0,472.0
1350,2014-05-21,471.0,478.0,471.0,471.0,4812048392,1476252,236,490.0,471.0
1351,2014-05-24,470.0,470.0,452.0,453.0,1497490456,477678,136,471.0,452.0
1352,2014-05-25,442.0,449.0,435.0,436.0,2029009832,672116,137,453.0,435.0
1353,2014-05-26,419.0,439.0,419.0,424.0,2900113506,988266,215,436.0,419.0
1354,2014-05-28,416.0,416.0,407.0,409.0,1110204362,392509,129,424.0,407.0
1355,2014-05-31,406.0,406.0,392.0,394.0,541507861,198520,71,409.0,392.0
1356,2014-06-01,379.0,381.0,379.0,379.0,654467260,249698,33,394.0,379.0
1357,2014-06-02,364.0,384.0,364.0,365.0,2098622470,830976,150,379.0,366.0
1358,2014-06-03,366.0,380.0,366.0,377.0,895042211,343472,73,365.0,380.0
1359,2014-06-07,392.0,392.0,392.0,392.0,457494070,168817,23,377.0,392.0
1360,2014-06-08,400.0,400.0,376.0,381.0,2423656094,919437,188,392.0,376.0
1361,2014-06-09,392.0,392.0,366.0,366.0,855130559,337345,88,381.0,366.0
1362,2014-06-10,353.0,353.0,352.0,352.0,940209650,386094,81,366.0,352.0
1363,2014-06-11,364.0,364.0,338.0,339.0,507494576,216439,56,352.0,338.0
1364,2014-06-14,326.0,326.0,325.0,335.0,112074084,49740,12,339.0,325.0
1365,2014-06-15,321.0,321.0,321.0,333.0,57570464,25886,8,335.0,321.0
1366,2014-06-16,322.0,346.0,319.0,322.0,476571193,213913,55,333.0,319.0
1367,2014-06-17,311.0,318.0,309.0,310.0,817671949,381026,70,322.0,318.0
1368,2014-06-18,321.0,322.0,298.0,318.0,809934780,367901,79,310.0,322.0
1369,2014-06-21,318.0,331.0,318.0,330.0,891384416,390092,102,318.0,331.0
1370,2014-06-22,335.0,343.0,335.0,343.0,1234661976,520583,100,330.0,343.0
1371,2014-06-23,356.0,356.0,329.0,339.0,901865211,384681,70,343.0,329.0
1372,2014-06-24,325.0,325.0,325.0,331.0,204841000,91000,11,339.0,325.0
1373,2014-06-25,318.0,319.0,318.0,318.0,1502948038,683090,115,331.0,318.0
1374,2014-06-28,306.0,306.0,305.0,316.0,62165824,29427,13,318.0,305.0
1375,2014-06-29,303.0,303.0,303.0,315.0,20970000,10000,2,316.0,303.0
1376,2014-06-30,302.0,302.0,302.0,315.0,12514344,5982,4,315.0,302.0
1377,2014-07-01,302.0,321.0,302.0,309.0,1441932213,674140,137,315.0,311.0
1378,2014-07-02,315.0,321.0,309.0,317.0,890875165,406513,108,309.0,309.0
1379,2014-07-05,329.0,329.0,324.0,329.0,1109405894,487004,59,317.0,329.0
1380,2014-07-06,337.0,337.0,316.0,321.0,319708157,144502,35,329.0,316.0
1381,2014-07-07,308.0,328.0,308.0,315.0,895945464,410779,73,321.0,315.0
1382,2014-07-08,322.0,327.0,318.0,324.0,753514149,335719,87,315.0,319.0
1383,2014-07-09,312.0,318.0,311.0,312.0,759071012,351933,66,324.0,311.0
1384,2014-07-15,306.0,318.0,306.0,316.0,331037495,151809,37,312.0,318.0
1385,2014-07-16,326.0,329.0,316.0,325.0,1003970716,448041,78,316.0,319.0
1386,2014-07-20,319.0,325.0,312.0,316.0,265396872,122890,29,325.0,312.0
1387,2014-07-21,305.0,317.0,303.0,307.0,681130505,321080,61,316.0,308.0
1388,2014-07-22,319.0,320.0,313.0,319.0,1533423333,696238,93,307.0,320.0
1389,2014-07-23,332.0,332.0,332.0,332.0,1080266570,471733,44,319.0,332.0
1390,2014-07-26,345.0,345.0,332.0,345.0,2710882426,1139250,201,332.0,345.0
1391,2014-07-27,348.0,359.0,346.0,356.0,2271755909,925930,190,345.0,354.0
1392,2014-07-28,356.0,369.0,342.0,348.0,839042121,349213,80,356.0,345.0
1393,2014-08-02,342.0,351.0,335.0,341.0,950845485,403721,67,348.0,335.0
1394,2014-08-03,334.0,342.0,328.0,331.0,289520911,127549,33,341.0,342.0
1395,2014-08-04,342.0,343.0,326.0,336.0,260679413,111966,35,331.0,336.0
1396,2014-08-05,325.0,333.0,325.0,332.0,137195763,60976,23,336.0,330.0
1397,2014-08-06,335.0,335.0,325.0,331.0,239235309,104989,28,332.0,328.0
1398,2014-08-09,319.0,330.0,318.0,323.0,256565217,115955,27,331.0,326.0
1399,2014-08-10,326.0,336.0,326.0,335.0,966521049,418427,71,323.0,336.0
1400,2014-08-11,346.0,346.0,335.0,345.0,531123930,223320,34,335.0,341.0
1401,2014-08-12,335.0,341.0,331.0,337.0,337279914,145249,26,345.0,336.0
1402,2014-08-13,333.0,351.0,333.0,349.0,1740912301,722082,128,337.0,351.0
1403,2014-08-16,358.0,362.0,348.0,358.0,733235441,297236,88,349.0,348.0
1404,2014-08-17,359.0,362.0,343.0,351.0,765153495,316230,76,358.0,343.0
1405,2014-08-18,355.0,355.0,337.0,339.0,376403643,160888,47,351.0,348.0
1406,2014-08-19,329.0,350.0,329.0,346.0,679976915,285098,57,339.0,346.0
1407,2014-08-20,355.0,359.0,355.0,359.0,979989405,395823,74,346.0,359.0
1408,2014-08-23,367.0,373.0,362.0,369.0,908527780,356691,72,359.0,373.0
1409,2014-08-24,384.0,384.0,384.0,384.0,2784620818,1051594,106,369.0,384.0
1410,2014-08-25,394.0,399.0,373.0,397.0,5003441496,1827682,271,384.0,399.0
1411,2014-08-26,407.0,412.0,386.0,399.0,2302591891,836394,131,397.0,396.0
1412,2014-08-27,391.0,397.0,383.0,390.0,1258574329,467820,89,399.0,387.0
1413,2014-08-30,390.0,390.0,374.0,377.0,451699403,173860,64,390.0,374.0
1414,2014-08-31,370.0,391.0,370.0,386.0,1637300799,614717,112,377.0,391.0
1415,2014-09-01,398.0,401.0,387.0,399.0,1321951207,480000,106,386.0,401.0
1416,2014-09-02,410.0,415.0,410.0,415.0,3278140764,1145152,161,399.0,415.0
1417,2014-09-03,430.0,430.0,402.0,409.0,992581591,351531,96,415.0,410.0
1418,2014-09-06,418.0,418.0,393.0,393.0,1518567642,559319,113,409.0,393.0
1419,2014-09-07,381.0,406.0,378.0,386.0,1606131797,603735,86,393.0,378.0
1420,2014-09-08,377.0,401.0,377.0,397.0,1264756116,461335,94,386.0,399.0
1421,2014-09-09,411.0,411.0,382.0,383.0,1695508749,641828,120,397.0,382.0
1422,2014-09-10,384.0,393.0,368.0,369.0,525558238,206373,46,383.0,368.0
1423,2014-09-13,355.0,355.0,355.0,360.0,248437456,101516,25,369.0,355.0
1424,2014-09-14,352.0,372.0,352.0,358.0,368769086,149277,40,360.0,362.0
1425,2014-09-15,364.0,372.0,348.0,369.0,839746925,329810,67,358.0,372.0
1426,2014-09-16,377.0,378.0,354.0,361.0,245274404,99574,30,369.0,357.0
1427,2014-09-17,371.0,372.0,350.0,359.0,136050013,55849,22,361.0,359.0
1428,2014-09-20,372.0,372.0,350.0,359.0,345784042,139412,35,359.0,350.0
1429,2014-09-21,373.0,374.0,355.0,370.0,726003468,284668,51,359.0,355.0
1430,2014-09-22,370.0,381.0,370.0,373.0,210165761,80833,40,370.0,377.0
1431,2014-09-23,377.0,386.0,358.0,366.0,975314518,386698,76,373.0,372.0
1432,2014-09-24,377.0,378.0,365.0,373.0,974112631,378885,98,366.0,376.0
1433,2014-09-27,375.0,375.0,361.0,367.0,275168951,109491,28,373.0,362.0
1434,2014-09-28,371.0,376.0,358.0,369.0,1688134777,663074,155,367.0,358.0
1435,2014-09-29,366.0,374.0,360.0,370.0,428337287,167970,57,369.0,373.0
1436,2014-09-30,373.0,384.0,373.0,383.0,1133275656,428782,101,370.0,384.0
1437,2014-10-01,398.0,398.0,388.0,397.0,1481427752,541522,157,383.0,394.0
1438,2014-10-04,398.0,398.0,381.0,389.0,362700836,135785,69,397.0,391.0
1439,2014-10-06,386.0,399.0,381.0,395.0,507533812,186271,57,389.0,391.0
1440,2014-10-07,396.0,406.0,380.0,398.0,849568854,309324,78,395.0,380.0
1441,2014-10-08,403.0,403.0,384.0,393.0,210565981,78544,29,398.0,384.0
1442,2014-10-11,400.0,400.0,380.0,386.0,267396490,101514,30,393.0,383.0
1443,2014-10-12,378.0,396.0,378.0,388.0,952468924,356105,68,386.0,382.0
1444,2014-10-14,384.0,393.0,378.0,383.0,573966171,217400,54,388.0,381.0
1445,2014-10-15,386.0,392.0,381.0,386.0,579285166,217330,51,383.0,382.0
1446,2014-10-18,391.0,402.0,383.0,399.0,1608003731,584232,109,386.0,402.0
1447,2014-10-19,415.0,415.0,401.0,412.0,2433212009,855391,180,399.0,415.0
1448,2014-10-20,429.0,429.0,426.0,429.0,1174714037,397308,52,412.0,429.0
1449,2014-10-21,446.0,446.0,435.0,445.0,481690115,156906,31,429.0,446.0
1450,2014-10-22,462.0,462.0,433.0,455.0,4675978898,1489809,258,445.0,456.0
1451,2014-10-25,459.0,459.0,437.0,439.0,2155709966,711022,152,455.0,442.0
1452,2014-10-26,445.0,445.0,429.0,434.0,1547988997,516739,99,439.0,429.0
1453,2014-10-27,435.0,446.0,422.0,440.0,428345296,140790,43,434.0,436.0
1454,2014-10-28,443.0,458.0,443.0,453.0,1404229990,448927,154,440.0,455.0
1455,2014-10-29,470.0,470.0,454.0,464.0,1274040532,397909,86,453.0,461.0
1456,2014-11-01,459.0,469.0,457.0,464.0,2182283851,681259,140,464.0,457.0
1457,2014-11-02,468.0,468.0,446.0,447.0,1878239317,609327,182,464.0,446.0
1458,2014-11-05,457.0,457.0,438.0,448.0,589113453,190690,94,447.0,445.0
1459,2014-11-08,443.0,456.0,432.0,439.0,1389325851,458267,114,448.0,435.0
1460,2014-11-09,448.0,448.0,433.0,437.0,1111502643,368899,111,439.0,440.0
1461,2014-11-10,435.0,442.0,435.0,437.0,850477657,281945,65,437.0,436.0
1462,2014-11-11,436.0,448.0,421.0,434.0,1234909775,412530,105,437.0,429.0
1463,2014-11-12,428.0,451.0,428.0,449.0,2704178966,872779,220,434.0,451.0
1464,2014-11-15,460.0,460.0,431.0,438.0,1248766687,412986,94,449.0,435.0
1465,2014-11-16,425.0,443.0,425.0,438.0,323655668,106961,54,438.0,435.0
1466,2014-11-17,423.0,455.0,422.0,438.0,1132302650,374623,73,438.0,429.0
1467,2014-11-18,438.0,446.0,428.0,431.0,501259530,168413,51,438.0,430.0
1468,2014-11-19,445.0,445.0,416.0,419.0,445816910,154258,53,431.0,416.0
1469,2014-11-22,420.0,429.0,410.0,421.0,349025068,119982,55,419.0,425.0
1470,2014-11-23,414.0,438.0,414.0,437.0,912880716,303075,67,421.0,438.0
1471,2014-11-24,454.0,454.0,454.0,454.0,1320172452,421511,55,437.0,454.0
1472,2014-11-25,436.0,436.0,436.0,451.0,70841913,23559,11,454.0,436.0
1473,2014-11-26,433.0,440.0,433.0,434.0,2303993600,770077,108,451.0,433.0
1474,2014-11-29,441.0,441.0,416.0,419.0,1259822467,435727,66,434.0,416.0
1475,2014-11-30,403.0,403.0,402.0,414.0,129270446,46555,17,419.0,402.0
1476,2014-12-01,398.0,427.0,398.0,398.0,699020276,254704,60,414.0,398.0
1477,2014-12-02,403.0,408.0,382.0,392.0,250689316,93433,45,398.0,382.0
1478,2014-12-03,378.0,379.0,377.0,391.0,34197100,13135,11,392.0,377.0
1479,2014-12-06,376.0,376.0,376.0,391.0,13167360,5080,4,391.0,376.0
1480,2014-12-07,375.0,376.0,375.0,375.0,699523215,270181,37,391.0,375.0
1481,2014-12-08,366.0,390.0,360.0,369.0,1619048351,635331,262,375.0,383.0
1482,2014-12-09,384.0,384.0,355.0,371.0,1488199058,581059,218,369.0,372.0
1483,2014-12-10,372.0,381.0,356.0,364.0,475356393,189231,70,371.0,357.0
1484,2014-12-14,352.0,352.0,350.0,362.0,61937460,25675,15,364.0,350.0
1485,2014-12-15,347.0,347.0,347.0,360.0,40468551,16883,4,362.0,347.0
1486,2014-12-16,346.0,369.0,346.0,357.0,1729571011,702797,175,360.0,356.0
1487,2014-12-17,342.0,342.0,342.0,356.0,23157400,9800,5,357.0,342.0
1488,2014-12-20,342.0,353.0,342.0,348.0,247767843,104505,37,356.0,353.0
1489,2014-12-22,352.0,358.0,342.0,350.0,660425947,273524,102,348.0,346.0
1490,2014-12-24,358.0,358.0,336.0,338.0,938381763,401822,84,350.0,336.0
1491,2014-12-27,326.0,329.0,325.0,325.0,1009092892,449679,82,338.0,325.0
1492,2014-12-28,337.0,338.0,328.0,337.0,812833674,349794,54,325.0,338.0
1493,2014-12-29,347.0,347.0,333.0,343.0,725817560,306215,55,337.0,339.0
1494,2014-12-30,346.0,346.0,330.0,340.0,286297375,122351,40,343.0,335.0
1495,2014-12-31,328.0,328.0,327.0,327.0,744711358,330251,58,340.0,327.0
1496,2015-01-03,315.0,333.0,314.0,323.0,875769952,393183,107,327.0,325.0
1497,2015-01-04,333.0,333.0,323.0,327.0,471357167,208862,45,323.0,327.0
1498,2015-01-05,316.0,326.0,315.0,322.0,155172753,71308,39,327.0,316.0
1499,2015-01-06,310.0,323.0,309.0,312.0,312319851,145647,35,322.0,309.0
1500,2015-01-07,319.0,319.0,304.0,311.0,124761340,58528,17,312.0,305.0
1501,2015-01-10,303.0,303.0,298.0,306.0,133986930,64725,21,311.0,298.0
1502,2015-01-11,294.0,294.0,294.0,294.0,702083620,345854,57,306.0,294.0
1503,2015-01-12,306.0,306.0,304.0,306.0,577818623,273922,54,294.0,306.0
1504,2015-01-13,316.0,316.0,293.0,297.0,449066427,219058,48,306.0,299.0
1505,2015-01-14,287.0,301.0,285.0,290.0,204333709,103234,48,297.0,285.0
1506,2015-01-17,280.0,297.0,280.0,290.0,255483125,127738,36,290.0,291.0
1507,2015-01-18,293.0,293.0,278.0,281.0,334812081,172563,40,290.0,278.0
1508,2015-01-19,271.0,271.0,270.0,270.0,690978673,370701,36,281.0,271.0
1509,2015-01-20,260.0,281.0,259.0,267.0,1622880818,882654,140,270.0,281.0
1510,2015-01-21,277.0,277.0,277.0,277.0,1143486896,598058,77,267.0,277.0
1511,2015-01-24,288.0,288.0,288.0,285.0,220878728,111106,11,277.0,288.0
1512,2015-01-25,296.0,296.0,296.0,290.0,162291834,79438,7,285.0,296.0
1513,2015-01-26,302.0,302.0,302.0,302.0,333440000,160000,14,290.0,302.0
1514,2015-01-27,314.0,314.0,314.0,303.0,20369800,9400,3,302.0,314.0
1515,2015-01-28,315.0,315.0,315.0,310.0,217200000,100000,12,303.0,315.0
1516,2015-01-31,323.0,323.0,323.0,314.0,111300000,50000,8,310.0,323.0
1517,2015-02-01,327.0,327.0,327.0,324.0,293838202,130363,14,314.0,327.0
1518,2015-02-02,337.0,337.0,335.0,337.0,1203529598,517406,54,324.0,337.0
1519,2015-02-03,351.0,351.0,351.0,348.0,322694600,133400,17,337.0,351.0
1520,2015-02-04,362.0,362.0,362.0,356.0,216282500,86513,18,348.0,362.0
1521,2015-02-07,370.0,370.0,370.0,370.0,408037256,159764,16,356.0,370.0
1522,2015-02-08,382.0,385.0,374.0,383.0,4478080429,1692183,200,370.0,385.0
1523,2015-02-09,399.0,399.0,399.0,399.0,471092244,171244,20,383.0,399.0
1524,2015-02-10,415.0,415.0,383.0,404.0,10258101320,3682763,341,399.0,383.0
1525,2015-02-14,388.0,388.0,388.0,388.0,1171121084,437966,27,404.0,388.0
1526,2015-02-15,372.0,394.0,372.0,374.0,4632772157,1797260,191,388.0,394.0
1527,2015-02-16,389.0,389.0,377.0,388.0,3500305963,1306224,174,374.0,389.0
1528,2015-02-17,377.0,399.0,373.0,377.0,1370895965,527475,86,388.0,373.0
1529,2015-02-18,362.0,392.0,362.0,387.0,1749264647,654771,87,377.0,392.0
1530,2015-02-21,399.0,403.0,399.0,402.0,658456028,237126,30,387.0,403.0
1531,2015-02-22,413.0,417.0,388.0,407.0,1061525006,378342,172,402.0,397.0
1532,2015-02-23,407.0,420.0,390.0,406.0,1901702705,679579,125,407.0,393.0
1533,2015-02-24,415.0,415.0,390.0,398.0,264672576,98157,26,406.0,399.0
1534,2015-02-25,382.0,401.0,382.0,396.0,74737567,28332,14,398.0,382.0
1535,2015-02-28,380.0,380.0,380.0,394.0,55923900,21345,11,396.0,380.0
1536,2015-03-01,378.0,379.0,378.0,378.0,502021888,192475,60,394.0,378.0
1537,2015-03-02,364.0,390.0,363.0,365.0,1038222209,412656,77,378.0,365.0
1538,2015-03-03,362.0,372.0,350.0,351.0,646923085,267159,63,365.0,358.0
1539,2015-03-04,361.0,365.0,341.0,356.0,512118575,208811,83,351.0,365.0
1540,2015-03-07,369.0,370.0,362.0,368.0,471388429,184833,35,356.0,370.0
1541,2015-03-08,382.0,382.0,355.0,366.0,635549244,251425,72,368.0,362.0
1542,2015-03-09,371.0,371.0,355.0,363.0,299575833,120464,39,366.0,365.0
1543,2015-03-10,370.0,370.0,348.0,349.0,608819889,253073,69,363.0,349.0
1544,2015-03-11,348.0,359.0,345.0,350.0,94579688,38643,27,349.0,357.0
1545,2015-03-14,363.0,364.0,362.0,364.0,1117121013,445262,72,350.0,364.0
1546,2015-03-15,374.0,378.0,351.0,376.0,1377067022,530805,102,364.0,364.0
1547,2015-03-16,378.0,383.0,361.0,374.0,298791640,116331,35,376.0,374.0
1548,2015-03-17,384.0,384.0,359.0,372.0,359699693,140385,57,374.0,359.0
1549,2015-03-18,384.0,387.0,375.0,381.0,764415810,290624,78,372.0,378.0
1550,2015-03-25,389.0,396.0,389.0,384.0,112854779,41578,35,381.0,395.0
1551,2015-03-28,396.0,399.0,378.0,398.0,765852682,278911,65,384.0,399.0
1552,2015-03-29,407.0,414.0,405.0,412.0,1363095284,479123,131,398.0,405.0
1553,2015-03-30,412.0,419.0,396.0,404.0,561619003,201320,64,412.0,400.0
1554,2015-03-31,396.0,410.0,388.0,399.0,673761183,244715,45,404.0,394.0
1555,2015-04-04,415.0,415.0,415.0,409.0,317503837,110899,8,399.0,415.0
1556,2015-04-05,425.0,425.0,425.0,425.0,5141622636,1753623,176,409.0,425.0
1557,2015-04-06,439.0,439.0,408.0,418.0,3646723023,1265640,226,425.0,433.0
1558,2015-04-07,429.0,429.0,401.0,411.0,1559155091,549128,115,418.0,401.0
1559,2015-04-08,417.0,417.0,402.0,412.0,533643372,187617,63,411.0,412.0
1560,2015-04-11,396.0,406.0,396.0,398.0,441834521,161552,47,412.0,396.0
1561,2015-04-12,394.0,394.0,382.0,393.0,150272045,56967,8,398.0,382.0
1562,2015-04-13,377.0,384.0,377.0,377.0,704191384,270496,71,393.0,377.0
1563,2015-04-14,377.0,381.0,362.0,374.0,756162098,292765,65,377.0,370.0
1564,2015-04-15,370.0,374.0,361.0,367.0,707561649,279262,50,374.0,362.0
1565,2015-04-18,360.0,382.0,354.0,372.0,2291782038,892811,176,367.0,382.0
1566,2015-04-19,387.0,387.0,387.0,385.0,454319849,170221,28,372.0,387.0
1567,2015-04-20,400.0,400.0,370.0,397.0,4129384985,1508629,266,385.0,400.0
1568,2015-04-21,405.0,407.0,381.0,393.0,1191660116,439258,106,397.0,383.0
1569,2015-04-22,400.0,400.0,378.0,383.0,1355018645,513258,102,393.0,378.0
1570,2015-04-25,377.0,388.0,367.0,371.0,544539462,212534,76,383.0,368.0
1571,2015-04-26,364.0,372.0,359.0,364.0,563003367,223995,87,371.0,359.0
1572,2015-04-27,364.0,364.0,354.0,358.0,881229229,357134,80,364.0,354.0
1573,2015-04-28,354.0,368.0,351.0,357.0,1207252262,490578,118,358.0,352.0
1574,2015-04-29,357.0,360.0,351.0,357.0,164570916,66681,29,357.0,359.0
1575,2015-05-03,354.0,362.0,349.0,356.0,136660965,56163,21,357.0,357.0
1576,2015-05-04,348.0,351.0,342.0,342.0,721263688,305574,45,356.0,342.0
1577,2015-05-05,348.0,351.0,328.0,336.0,549615968,237271,63,342.0,328.0
1578,2015-05-06,329.0,341.0,324.0,329.0,396102543,174987,46,336.0,326.0
1579,2015-05-09,330.0,330.0,316.0,319.0,616093194,280180,70,329.0,316.0
1580,2015-05-10,331.0,331.0,306.0,318.0,338426137,154570,75,319.0,316.0
1581,2015-05-11,323.0,329.0,307.0,317.0,250374210,114423,43,318.0,318.0
1582,2015-05-12,329.0,330.0,319.0,323.0,294991922,131003,44,317.0,328.0
1583,2015-05-13,326.0,333.0,323.0,324.0,127732799,56534,38,323.0,325.0
1584,2015-05-17,321.0,332.0,320.0,326.0,316487970,139909,49,324.0,324.0
1585,2015-05-18,329.0,329.0,319.0,326.0,50899755,23000,11,326.0,327.0
1586,2015-05-19,329.0,329.0,316.0,325.0,107639945,48762,24,326.0,318.0
1587,2015-05-20,327.0,327.0,319.0,323.0,114130200,51641,23,325.0,322.0
1588,2015-05-23,317.0,317.0,307.0,308.0,992817859,466975,81,323.0,309.0
1589,2015-05-24,295.0,318.0,295.0,308.0,21004000,10000,6,308.0,318.0
1590,2015-05-25,319.0,323.0,319.0,315.0,234972954,105555,35,308.0,323.0
1591,2015-05-26,326.0,331.0,319.0,328.0,485325012,213916,44,315.0,331.0
1592,2015-05-27,341.0,341.0,324.0,333.0,945311428,411313,96,328.0,325.0
1593,2015-05-30,319.0,338.0,317.0,327.0,727378340,322126,62,333.0,333.0
1594,2015-05-31,333.0,333.0,322.0,326.0,208670839,93328,27,327.0,331.0
1595,2015-06-01,335.0,338.0,323.0,329.0,150842339,65353,15,326.0,335.0
1596,2015-06-02,338.0,338.0,319.0,328.0,70047096,30971,25,329.0,330.0
1597,2015-06-06,323.0,331.0,319.0,326.0,179845563,80985,29,328.0,331.0
1598,2015-06-07,317.0,330.0,315.0,324.0,71446475,32872,13,326.0,316.0
1599,2015-06-08,316.0,316.0,308.0,319.0,215535974,99806,25,324.0,308.0
1600,2015-06-09,309.0,312.0,303.0,315.0,137304953,65420,14,319.0,303.0
1601,2015-06-10,309.0,319.0,299.0,312.0,95657792,45878,16,315.0,311.0
1602,2015-06-13,305.0,310.0,304.0,311.0,199463493,93827,26,312.0,310.0
1603,2015-06-14,307.0,307.0,295.0,300.0,456069204,220703,50,311.0,297.0
1604,2015-06-15,297.0,307.0,287.0,299.0,97094180,47357,26,300.0,304.0
1605,2015-06-16,304.0,306.0,293.0,300.0,96548305,46536,21,299.0,306.0
1606,2015-06-17,306.0,315.0,306.0,314.0,587738187,271021,40,300.0,315.0
1607,2015-06-20,326.0,330.0,325.0,329.0,1745565858,767964,114,314.0,325.0
1608,2015-06-21,328.0,336.0,320.0,332.0,596641499,260823,76,329.0,330.0
1609,2015-06-22,335.0,338.0,333.0,334.0,400996804,173762,50,332.0,333.0
1610,2015-06-23,333.0,346.0,328.0,338.0,910100569,390368,89,334.0,341.0
1611,2015-06-24,340.0,340.0,325.0,336.0,513534941,221855,56,338.0,332.0
1612,2015-06-27,333.0,340.0,322.0,331.0,337591630,148982,32,336.0,322.0
1613,2015-06-28,319.0,328.0,315.0,323.0,304251253,138165,20,331.0,315.0
1614,2015-06-29,319.0,333.0,316.0,322.0,295196397,133090,39,323.0,318.0
1615,2015-06-30,333.0,338.0,325.0,334.0,1225288481,531124,104,322.0,338.0
1616,2015-07-01,351.0,351.0,336.0,349.0,1537287901,638976,103,334.0,351.0
1617,2015-07-04,366.0,366.0,359.0,366.0,5278231952,2090128,181,349.0,366.0
1618,2015-07-05,384.0,384.0,363.0,381.0,9237103449,3509102,418,366.0,380.0
1619,2015-07-06,367.0,400.0,367.0,388.0,4657414040,1740382,236,381.0,394.0
1620,2015-07-07,394.0,407.0,391.0,407.0,8566967293,3054222,323,388.0,407.0
1621,2015-07-11,420.0,427.0,404.0,422.0,3570186713,1225949,178,407.0,427.0
1622,2015-07-12,443.0,443.0,406.0,426.0,6520896345,2216174,457,422.0,413.0
1623,2015-07-21,405.0,405.0,385.0,390.0,2507644734,947839,149,426.0,386.0
1624,2015-07-22,397.0,397.0,371.0,376.0,2941351050,1153733,233,390.0,371.0
1625,2015-07-25,365.0,365.0,357.0,359.0,588424568,242000,49,376.0,357.0
1626,2015-07-26,344.0,370.0,342.0,350.0,2646114631,1114982,167,359.0,361.0
1627,2015-07-27,361.0,367.0,341.0,352.0,894450788,375016,98,350.0,344.0
1628,2015-07-28,346.0,366.0,345.0,355.0,640988388,266146,77,352.0,359.0
1629,2015-07-29,368.0,373.0,363.0,372.0,1218729437,483007,76,355.0,373.0
1630,2015-08-01,389.0,391.0,381.0,390.0,3196948331,1209116,193,372.0,391.0
1631,2015-08-02,391.0,409.0,391.0,405.0,1994695677,726984,157,390.0,405.0
1632,2015-08-03,411.0,420.0,396.0,409.0,1387772634,499930,130,405.0,396.0
1633,2015-08-04,389.0,405.0,389.0,392.0,1160144911,436753,126,409.0,390.0
1634,2015-08-05,398.0,398.0,376.0,384.0,982155348,377213,93,392.0,380.0
1635,2015-08-08,383.0,383.0,365.0,370.0,2014094274,803269,129,384.0,365.0
1636,2015-08-09,366.0,383.0,366.0,375.0,630554566,247691,64,370.0,373.0
1637,2015-08-10,371.0,371.0,370.0,375.0,32720000,13000,2,375.0,370.0
1638,2015-08-12,380.0,380.0,362.0,371.0,371862248,148162,26,375.0,372.0
1639,2015-08-15,381.0,381.0,366.0,370.0,240372570,95950,35,371.0,376.0
1640,2015-08-16,378.0,389.0,376.0,388.0,1564478671,594852,92,370.0,389.0
1641,2015-08-17,394.0,402.0,378.0,393.0,783366024,294135,70,388.0,384.0
1642,2015-08-18,380.0,392.0,380.0,385.0,464227126,178057,35,393.0,389.0
1643,2015-08-19,395.0,397.0,386.0,387.0,403284858,153406,37,385.0,388.0
1644,2015-08-22,394.0,394.0,383.0,387.0,151228597,57586,21,387.0,386.0
1645,2015-08-23,390.0,390.0,383.0,387.0,1042731801,397566,65,387.0,390.0
1646,2015-08-24,392.0,392.0,378.0,387.0,286107102,109144,19,387.0,386.0
1647,2015-08-25,385.0,385.0,368.0,381.0,162878955,64855,14,387.0,368.0
1648,2015-08-26,379.0,386.0,364.0,372.0,422955636,168302,35,381.0,373.0
1649,2015-08-29,377.0,389.0,373.0,383.0,641769332,247282,41,372.0,373.0
1650,2015-08-30,365.0,388.0,365.0,373.0,381324928,151764,36,383.0,369.0
1651,2015-08-31,369.0,369.0,364.0,369.0,244281278,98579,20,373.0,364.0
1652,2015-09-01,354.0,375.0,354.0,371.0,301647282,119771,32,369.0,369.0
1653,2015-09-02,366.0,368.0,357.0,367.0,172118560,70405,34,371.0,363.0
1654,2015-09-05,380.0,385.0,369.0,383.0,1040570240,400445,66,367.0,385.0
1655,2015-09-06,377.0,391.0,374.0,386.0,504854310,192691,31,383.0,383.0
1656,2015-09-07,375.0,380.0,375.0,384.0,81421318,31974,16,386.0,376.0
1657,2015-09-08,383.0,385.0,373.0,375.0,512616670,201471,52,384.0,373.0
1658,2015-09-09,373.0,383.0,370.0,374.0,181931253,71902,31,375.0,370.0
1659,2015-09-12,370.0,370.0,362.0,373.0,148746877,59334,18,374.0,362.0
1660,2015-09-13,358.0,361.0,356.0,362.0,327918390,135330,37,373.0,359.0
1661,2015-09-14,363.0,364.0,346.0,359.0,376330168,155166,40,362.0,350.0
1662,2015-09-15,348.0,354.0,342.0,352.0,225330832,96114,35,359.0,354.0
1663,2015-09-16,365.0,365.0,343.0,350.0,159298590,68024,21,352.0,344.0
1664,2015-09-19,349.0,354.0,341.0,349.0,236089625,100067,32,350.0,342.0
1665,2015-09-20,339.0,339.0,332.0,342.0,214496569,94721,30,349.0,332.0
1666,2015-09-21,326.0,339.0,325.0,338.0,125409543,56705,20,342.0,339.0
1667,2015-09-22,347.0,354.0,346.0,347.0,441257538,186690,30,338.0,348.0
1668,2015-09-23,348.0,357.0,341.0,347.0,263165117,111907,26,347.0,346.0
1669,2015-09-26,345.0,345.0,332.0,334.0,562804940,248680,29,347.0,332.0
1670,2015-09-27,319.0,341.0,319.0,336.0,282259394,123412,27,334.0,340.0
1671,2015-09-28,339.0,352.0,336.0,352.0,978410279,410241,45,336.0,352.0
1672,2015-09-29,361.0,369.0,361.0,369.0,682577736,272684,43,352.0,369.0
1673,2015-09-30,387.0,387.0,369.0,385.0,3384331695,1296114,238,369.0,387.0
1674,2015-10-03,391.0,404.0,369.0,395.0,2187694549,816922,140,385.0,389.0
1675,2015-10-04,397.0,405.0,375.0,390.0,2791892054,1055332,149,395.0,381.0
1676,2015-10-05,375.0,395.0,373.0,386.0,120754895,47425,27,390.0,376.0
1677,2015-10-06,386.0,386.0,367.0,368.0,1793963876,718798,131,386.0,367.0
1678,2015-10-07,374.0,382.0,361.0,369.0,815588374,326176,82,368.0,364.0
1679,2015-10-10,354.0,372.0,354.0,359.0,443128071,182286,37,369.0,356.0
1680,2015-10-11,368.0,377.0,357.0,372.0,846527700,335434,57,359.0,377.0
1681,2015-10-12,386.0,390.0,376.0,378.0,217340442,82812,20,372.0,383.0
1682,2015-10-13,387.0,397.0,381.0,392.0,608951358,229043,69,378.0,397.0
1683,2015-10-14,397.0,411.0,397.0,403.0,1020297924,373709,68,392.0,401.0
1684,2015-10-17,410.0,414.0,382.0,406.0,1191053433,432402,111,403.0,414.0
1685,2015-10-18,418.0,423.0,394.0,405.0,380366583,138690,56,406.0,394.0
1686,2015-10-19,388.0,413.0,388.0,400.0,332236326,123162,25,405.0,398.0
1687,2015-10-20,410.0,410.0,398.0,400.0,11396400,4190,7,400.0,400.0
1688,2015-10-21,400.0,400.0,381.0,395.0,192875059,73292,31,400.0,392.0
1689,2015-10-25,410.0,410.0,382.0,393.0,102597138,39124,13,395.0,382.0
1690,2015-10-26,376.0,389.0,376.0,389.0,150439587,58630,25,393.0,389.0
1691,2015-10-27,397.0,400.0,388.0,391.0,176017941,65609,30,389.0,388.0
1692,2015-10-28,398.0,398.0,382.0,391.0,131959435,49624,20,391.0,395.0
1693,2015-10-31,383.0,399.0,383.0,392.0,136336664,50836,21,391.0,386.0
1694,2015-11-01,386.0,397.0,381.0,386.0,437221211,167499,53,392.0,392.0
1695,2015-11-02,384.0,394.0,382.0,385.0,395237719,151592,25,386.0,391.0
1696,2015-11-03,392.0,392.0,379.0,383.0,379534260,146511,38,385.0,380.0
1697,2015-11-04,386.0,388.0,380.0,382.0,271718922,105249,29,383.0,382.0
1698,2015-11-07,376.0,382.0,376.0,381.0,112426815,43935,19,382.0,377.0
1699,2015-11-08,383.0,387.0,376.0,381.0,72958891,28240,14,381.0,380.0
1700,2015-11-09,388.0,388.0,369.0,376.0,282976768,111768,43,381.0,372.0
1701,2015-11-10,373.0,374.0,372.0,375.0,194103063,76790,15,376.0,372.0
1702,2015-11-11,383.0,394.0,383.0,393.0,4421543320,1657779,202,375.0,394.0
1703,2015-11-14,405.0,405.0,387.0,401.0,1282373767,472015,123,393.0,398.0
1704,2015-11-15,382.0,398.0,381.0,384.0,800879547,307717,95,401.0,383.0
1705,2015-11-16,394.0,394.0,376.0,382.0,313063077,121015,42,384.0,377.0
1706,2015-11-17,391.0,391.0,378.0,382.0,126113778,48551,23,382.0,379.0
1707,2015-11-18,375.0,385.0,372.0,380.0,788451862,305780,67,382.0,380.0
1708,2015-11-21,387.0,387.0,377.0,381.0,395202150,152969,33,380.0,378.0
1709,2015-11-22,388.0,381.0,379.0,380.0,206530455,80159,17,381.0,381.0
1710,2015-11-23,380.0,382.0,375.0,380.0,86798624,33664,13,380.0,375.0
1711,2015-11-24,374.0,374.0,366.0,369.0,714546305,285386,69,380.0,373.0
1712,2015-11-25,366.0,370.0,354.0,362.0,421475369,171952,31,369.0,364.0
1713,2015-11-28,364.0,376.0,362.0,364.0,140173095,56013,27,362.0,369.0
1714,2015-11-29,366.0,369.0,363.0,365.0,189653089,76496,31,364.0,363.0
1715,2015-11-30,372.0,372.0,364.0,365.0,54389126,21897,14,365.0,364.0
1716,2015-12-01,371.0,371.0,371.0,365.0,13669460,5435,3,365.0,371.0
1717,2015-12-05,369.0,377.0,364.0,367.0,239454483,95661,31,365.0,364.0
1718,2015-12-06,359.0,359.0,354.0,360.0,335984232,138940,33,367.0,354.0
1719,2015-12-07,354.0,367.0,352.0,358.0,105890097,44136,12,360.0,354.0
1720,2015-12-08,351.0,354.0,351.0,357.0,75830348,31756,21,358.0,354.0
1721,2015-12-09,355.0,364.0,355.0,357.0,77547515,32112,17,357.0,358.0
1722,2015-12-13,373.0,373.0,355.0,358.0,44404782,18071,12,357.0,366.0
1723,2015-12-14,371.0,371.0,355.0,360.0,158389706,63878,17,358.0,356.0
1724,2015-12-15,361.0,374.0,361.0,367.0,280233715,110951,34,360.0,372.0
1725,2015-12-16,377.0,377.0,360.0,367.0,394787655,158322,35,367.0,360.0
1726,2015-12-19,369.0,369.0,349.0,355.0,904844553,375325,67,367.0,349.0
1727,2015-12-20,349.0,351.0,346.0,354.0,138311784,58353,22,355.0,348.0
1728,2015-12-21,357.0,357.0,348.0,353.0,205777786,86047,17,354.0,354.0
1729,2015-12-22,355.0,355.0,348.0,353.0,69928424,29317,14,353.0,355.0
1730,2015-12-23,367.0,367.0,346.0,363.0,880251851,357393,17,353.0,360.0
1731,2015-12-26,360.0,360.0,354.0,360.0,196648485,81439,14,363.0,360.0
1732,2015-12-27,368.0,371.0,363.0,364.0,245448662,98301,33,360.0,366.0
1733,2015-12-28,357.0,361.0,357.0,361.0,250449028,103008,34,364.0,361.0
1734,2015-12-30,369.0,379.0,369.0,376.0,696616577,273038,64,361.0,377.0
1735,2016-01-02,380.0,380.0,357.0,362.0,1425479407,579927,87,376.0,357.0
1736,2016-01-03,368.0,374.0,352.0,364.0,1267873853,513385,93,362.0,369.0
1737,2016-01-04,379.0,382.0,372.0,381.0,1753670318,679248,118,364.0,382.0
1738,2016-01-05,390.0,394.0,383.0,389.0,1826422707,692932,138,381.0,385.0
1739,2016-01-06,371.0,397.0,371.0,387.0,1189010473,452970,99,389.0,380.0
1740,2016-01-09,383.0,390.0,369.0,375.0,1577202246,619620,124,387.0,373.0
1741,2016-01-10,372.0,380.0,372.0,376.0,915401076,358985,66,375.0,374.0
1742,2016-01-11,383.0,395.0,383.0,389.0,1461403228,553457,83,376.0,395.0
1743,2016-01-12,397.0,409.0,397.0,407.0,2786214913,1008273,157,389.0,409.0
1744,2016-01-13,424.0,428.0,410.0,427.0,4755346210,1642283,175,407.0,428.0
1745,2016-01-16,448.0,448.0,427.0,446.0,9547400252,3152963,379,427.0,448.0
1746,2016-01-17,467.0,467.0,428.0,449.0,3922162066,1286662,218,446.0,433.0
1747,2016-01-18,428.0,464.0,427.0,437.0,1644454946,554645,124,449.0,446.0
1748,2016-01-19,452.0,459.0,450.0,457.0,2747425579,886753,187,437.0,459.0
1749,2016-01-20,473.0,479.0,461.0,478.0,5732438809,1769461,239,457.0,479.0
1750,2016-01-23,501.0,502.0,464.0,478.0,3963153967,1222993,211,478.0,472.0
1751,2016-01-24,472.0,473.0,454.0,461.0,3626892498,1161136,226,478.0,454.0
1752,2016-01-25,443.0,475.0,440.0,459.0,5080769688,1631673,280,461.0,470.0
1753,2016-01-26,480.0,482.0,472.0,480.0,2266067194,695888,91,459.0,482.0
1754,2016-01-27,504.0,504.0,462.0,484.0,3178473730,968095,187,480.0,470.0
1755,2016-01-30,469.0,494.0,465.0,476.0,1062186361,328903,79,484.0,467.0
1756,2016-01-31,470.0,484.0,460.0,473.0,960194614,299380,73,476.0,476.0
1757,2016-02-01,478.0,485.0,465.0,477.0,3662400069,1131590,211,473.0,469.0
1758,2016-02-02,468.0,501.0,464.0,499.0,8236308716,2434976,343,477.0,500.0
1759,2016-02-03,509.0,524.0,494.0,521.0,4066586557,1151481,218,499.0,524.0
1760,2016-02-06,547.0,547.0,536.0,547.0,2132325042,575242,75,521.0,547.0
1761,2016-02-07,572.0,574.0,562.0,572.0,4070066706,1048866,158,547.0,574.0
1762,2016-02-08,598.0,601.0,546.0,581.0,8383584692,2128750,372,572.0,560.0
1763,2016-02-09,568.0,597.0,552.0,571.0,8673539273,2241198,480,581.0,552.0
1764,2016-02-10,543.0,568.0,542.0,547.0,2920980356,786591,202,571.0,542.0
1765,2016-02-13,524.0,531.0,520.0,522.0,1131387892,319794,98,547.0,520.0
1766,2016-02-14,501.0,520.0,496.0,498.0,2971212309,878735,211,522.0,497.0
1767,2016-02-15,481.0,523.0,481.0,523.0,1784466159,503503,83,498.0,523.0
1768,2016-02-16,547.0,547.0,501.0,527.0,3150453601,881709,200,523.0,521.0
1769,2016-02-17,535.0,543.0,506.0,522.0,1043787812,294597,112,527.0,516.0
1770,2016-02-20,503.0,516.0,496.0,501.0,1917746332,564363,144,522.0,496.0
1771,2016-02-21,477.0,495.0,476.0,477.0,1465359924,452970,147,501.0,476.0
1772,2016-02-22,492.0,492.0,469.0,477.0,1946928508,601186,145,477.0,471.0
1773,2016-02-23,473.0,497.0,473.0,483.0,1493135671,455457,155,477.0,473.0
1774,2016-02-24,480.0,487.0,460.0,470.0,1040806853,326730,107,483.0,470.0
1775,2016-02-27,464.0,487.0,464.0,479.0,1308457599,402728,93,470.0,481.0
1776,2016-02-28,479.0,503.0,465.0,494.0,3477885185,1037245,253,479.0,503.0
1777,2016-02-29,509.0,519.0,501.0,513.0,3335074682,957835,273,494.0,519.0
1778,2016-03-01,519.0,539.0,516.0,534.0,2380087324,657133,202,513.0,516.0
1779,2016-03-02,515.0,529.0,507.0,512.0,1750714169,504066,217,534.0,515.0
1780,2016-03-05,516.0,533.0,509.0,522.0,2928059535,827121,215,512.0,520.0
1781,2016-03-06,531.0,531.0,496.0,500.0,1519525549,448224,147,522.0,496.0
1782,2016-03-07,506.0,506.0,476.0,481.0,3136644326,961384,282,500.0,481.0
1783,2016-03-08,481.0,482.0,462.0,468.0,2002235691,630901,185,481.0,464.0
1784,2016-03-09,482.0,491.0,457.0,476.0,2173278665,672640,224,468.0,491.0
1785,2016-03-12,491.0,500.0,479.0,495.0,1347473160,401170,151,476.0,497.0
1786,2016-03-14,510.0,510.0,487.0,500.0,1176740067,347002,137,495.0,488.0
1787,2016-03-15,484.0,491.0,476.0,481.0,1000867842,306848,88,500.0,484.0
1788,2016-03-16,472.0,486.0,463.0,470.0,1531270298,480061,161,481.0,486.0
1789,2016-03-26,494.0,494.0,488.0,493.0,924534857,276303,79,470.0,494.0
1790,2016-03-27,497.0,501.0,482.0,492.0,671398013,201085,69,493.0,495.0
1791,2016-03-28,494.0,509.0,487.0,497.0,1021675241,303145,87,492.0,506.0
1792,2016-03-29,510.0,510.0,472.0,488.0,964912429,291222,79,497.0,494.0
1793,2016-03-30,481.0,513.0,481.0,509.0,2032236237,588990,193,488.0,513.0
1794,2016-04-02,491.0,534.0,491.0,525.0,3967159101,1114441,360,509.0,534.0
1795,2016-04-03,544.0,551.0,531.0,544.0,4965105785,1345785,493,525.0,551.0
1796,2016-04-04,561.0,569.0,535.0,558.0,4786896901,1264425,341,544.0,568.0
1797,2016-04-05,569.0,570.0,550.0,564.0,2607903048,682313,199,558.0,560.0
1798,2016-04-06,559.0,559.0,535.0,537.0,3496435201,959199,273,564.0,541.0
1799,2016-04-09,537.0,537.0,525.0,530.0,992162068,275749,78,537.0,532.0
1800,2016-04-10,518.0,531.0,505.0,518.0,1659856111,472156,104,530.0,512.0
1801,2016-04-11,528.0,534.0,509.0,523.0,744012205,209746,74,518.0,516.0
1802,2016-04-12,516.0,516.0,498.0,506.0,1087563618,317204,105,523.0,498.0
1803,2016-04-13,525.0,525.0,492.0,498.0,996596374,294820,89,506.0,496.0
1804,2016-04-16,509.0,515.0,473.0,478.0,1855828210,572712,142,498.0,473.0
1805,2016-04-17,455.0,497.0,455.0,484.0,414421277,125968,49,478.0,496.0
1806,2016-04-18,501.0,508.0,490.0,502.0,706828942,207462,45,484.0,504.0
1807,2016-04-19,488.0,498.0,479.0,497.0,192486200,58021,25,502.0,495.0
1808,2016-04-20,520.0,520.0,475.0,495.0,285067025,85140,36,497.0,497.0
1809,2016-04-23,487.0,508.0,487.0,498.0,853058402,252413,99,495.0,487.0
1810,2016-04-24,488.0,501.0,487.0,491.0,378325434,114009,49,498.0,488.0
1811,2016-04-25,481.0,492.0,481.0,489.0,458475602,138400,49,491.0,488.0
1812,2016-04-26,492.0,499.0,485.0,489.0,712979945,214889,51,489.0,487.0
1813,2016-04-27,487.0,495.0,487.0,488.0,549280725,166049,48,489.0,487.0
1814,2016-04-30,488.0,491.0,482.0,487.0,669704786,202800,49,488.0,488.0
1815,2016-05-01,487.0,496.0,487.0,489.0,626830224,189034,55,487.0,487.0
1816,2016-05-02,469.0,491.0,469.0,487.0,367879912,111632,54,489.0,491.0
1817,2016-05-03,487.0,501.0,486.0,494.0,558149383,166487,54,487.0,497.0
1818,2016-05-04,497.0,504.0,487.0,497.0,889846617,264010,71,494.0,487.0
1819,2016-05-07,488.0,488.0,481.0,486.0,422973838,128793,34,497.0,481.0
1820,2016-05-08,479.0,482.0,475.0,477.0,848834686,262410,61,486.0,476.0
1821,2016-05-09,476.0,489.0,472.0,476.0,1035684262,321015,88,477.0,475.0
1822,2016-05-10,479.0,479.0,471.0,473.0,477000873,148764,35,476.0,479.0
1823,2016-05-11,491.0,496.0,479.0,493.0,2212260132,661167,163,473.0,489.0
1824,2016-05-14,476.0,495.0,476.0,490.0,480917270,144655,40,493.0,488.0
1825,2016-05-15,492.0,493.0,471.0,474.0,837428582,260392,56,490.0,473.0
1826,2016-05-16,484.0,498.0,475.0,494.0,1446633733,431754,89,474.0,498.0
1827,2016-05-17,500.0,519.0,497.0,513.0,3069603731,882902,224,494.0,513.0
1828,2016-05-18,488.0,520.0,488.0,504.0,1492556776,436331,138,513.0,504.0
1829,2016-05-21,498.0,516.0,494.0,510.0,1819915235,526404,133,504.0,511.0
1830,2016-05-23,513.0,535.0,511.0,525.0,1525515952,428127,163,510.0,525.0
1831,2016-05-24,531.0,531.0,506.0,515.0,1014765438,290776,62,525.0,507.0
1832,2016-05-25,513.0,516.0,496.0,509.0,537942220,155925,41,515.0,512.0
1833,2016-05-28,514.0,516.0,506.0,513.0,680778299,195806,89,509.0,509.0
1834,2016-05-29,506.0,514.0,488.0,500.0,956530443,281959,70,513.0,494.0
1835,2016-05-30,505.0,513.0,494.0,503.0,698113860,204678,96,500.0,498.0
1836,2016-05-31,515.0,515.0,494.0,500.0,236317203,70212,23,503.0,504.0
1837,2016-06-01,512.0,512.0,494.0,499.0,256876368,75887,49,500.0,495.0
1838,2016-06-05,494.0,512.0,491.0,498.0,165498440,49194,38,499.0,498.0
1839,2016-06-06,489.0,509.0,487.0,496.0,421572893,125363,52,498.0,504.0
1840,2016-06-07,488.0,501.0,488.0,494.0,140951901,42492,35,496.0,488.0
1841,2016-06-08,493.0,499.0,485.0,491.0,307365144,92526,70,494.0,488.0
1842,2016-06-11,498.0,498.0,473.0,479.0,361017546,112002,42,491.0,478.0
1843,2016-06-12,476.0,478.0,471.0,476.0,309970412,96461,31,479.0,475.0
1844,2016-06-13,486.0,500.0,476.0,493.0,797195953,238557,75,476.0,498.0
1845,2016-06-14,491.0,501.0,472.0,476.0,510374740,157964,47,493.0,479.0
1846,2016-06-15,472.0,494.0,472.0,484.0,373800200,113329,28,476.0,494.0
1847,2016-06-18,488.0,495.0,460.0,479.0,169771334,53364,25,484.0,472.0
1848,2016-06-19,494.0,494.0,455.0,466.0,369099481,117660,62,479.0,455.0
1849,2016-06-20,451.0,457.0,448.0,461.0,163856993,53502,38,466.0,448.0
1850,2016-06-21,463.0,472.0,448.0,462.0,477933903,152471,45,461.0,472.0
1851,2016-06-22,474.0,481.0,470.0,477.0,510790404,157922,52,462.0,481.0
1852,2016-06-25,471.0,484.0,464.0,477.0,166683704,51638,27,477.0,464.0
1853,2016-06-26,479.0,479.0,459.0,474.0,160567664,50529,32,477.0,475.0
1854,2016-06-28,483.0,491.0,465.0,473.0,678440271,211329,51,474.0,475.0
1855,2016-06-29,467.0,468.0,459.0,467.0,326210117,103851,44,473.0,467.0
1856,2016-07-02,456.0,478.0,451.0,467.0,266650955,83955,38,467.0,468.0
1857,2016-07-03,472.0,472.0,454.0,462.0,472071048,150753,68,467.0,454.0
1858,2016-07-04,456.0,472.0,456.0,462.0,305463361,97409,45,462.0,472.0
1859,2016-07-05,481.0,481.0,473.0,465.0,104332947,32298,21,462.0,473.0
1860,2016-07-09,472.0,474.0,462.0,466.0,82953924,25993,36,465.0,472.0
1861,2016-07-10,461.0,472.0,454.0,464.0,163035987,52278,29,466.0,464.0
1862,2016-07-11,473.0,473.0,456.0,465.0,429211876,135950,39,464.0,456.0
1863,2016-07-12,457.0,457.0,442.0,446.0,1304720275,431472,100,465.0,442.0
1864,2016-07-13,442.0,442.0,428.0,434.0,1207466666,409851,125,446.0,436.0
1865,2016-07-24,456.0,456.0,456.0,442.0,188037120,61210,23,434.0,456.0
1866,2016-07-25,464.0,464.0,460.0,464.0,1001161588,320491,105,442.0,464.0
1867,2016-07-26,464.0,470.0,445.0,450.0,572660847,188796,58,464.0,452.0
1868,2016-07-27,434.0,472.0,434.0,464.0,1235237537,394869,99,450.0,471.0
1869,2016-07-31,473.0,481.0,465.0,475.0,736761620,230173,81,464.0,470.0
1870,2016-08-01,461.0,472.0,460.0,470.0,180567278,58119,17,475.0,461.0
1871,2016-08-02,454.0,467.0,454.0,463.0,276329648,89516,39,470.0,459.0
1872,2016-08-03,456.0,469.0,456.0,462.0,134221679,43486,17,463.0,458.0
1873,2016-08-06,466.0,466.0,453.0,458.0,466055404,151268,56,462.0,460.0
1874,2016-08-07,453.0,466.0,453.0,458.0,453445004,146854,51,458.0,457.0
1875,2016-08-08,454.0,466.0,448.0,453.0,382312829,125706,38,458.0,450.0
1876,2016-08-09,450.0,460.0,450.0,453.0,123016544,40224,23,453.0,454.0
1877,2016-08-10,450.0,453.0,450.0,453.0,261030877,85712,28,453.0,453.0
1878,2016-08-13,445.0,457.0,445.0,454.0,226805549,74054,25,453.0,456.0
1879,2016-08-14,451.0,464.0,451.0,457.0,434740450,140988,57,454.0,456.0
1880,2016-08-15,465.0,471.0,462.0,466.0,655636369,208837,54,457.0,467.0
1881,2016-08-16,471.0,479.0,468.0,474.0,924611318,289579,81,466.0,468.0
1882,2016-08-17,463.0,478.0,462.0,473.0,65309136,20932,12,474.0,463.0
1883,2016-08-20,455.0,482.0,455.0,472.0,905154833,284538,89,473.0,477.0
1884,2016-08-21,481.0,496.0,481.0,493.0,3438746451,1035148,229,472.0,496.0
1885,2016-08-22,506.0,512.0,492.0,501.0,2155887846,639090,248,493.0,498.0
1886,2016-08-23,503.0,526.0,503.0,521.0,6539095931,1863569,428,501.0,526.0
1887,2016-08-24,544.0,544.0,512.0,527.0,3469711297,978109,276,521.0,526.0
1888,2016-08-27,501.0,529.0,501.0,512.0,1356941157,393462,131,527.0,506.0
1889,2016-08-28,505.0,514.0,493.0,504.0,879580617,259218,94,512.0,502.0
1890,2016-08-29,496.0,515.0,496.0,502.0,205497277,60904,60,504.0,502.0
1891,2016-08-30,503.0,528.0,503.0,522.0,3363434345,956909,244,502.0,513.0
1892,2016-08-31,505.0,533.0,505.0,520.0,1155179712,329571,112,522.0,511.0
1893,2016-09-03,511.0,520.0,502.0,516.0,300905440,87111,38,520.0,502.0
1894,2016-09-04,501.0,508.0,493.0,504.0,333265780,99307,35,516.0,499.0
1895,2016-09-05,500.0,500.0,480.0,486.0,754610891,230341,81,504.0,488.0
1896,2016-09-06,491.0,508.0,487.0,503.0,501243207,148014,60,486.0,499.0
1897,2016-09-07,512.0,520.0,502.0,516.0,506483355,145693,47,503.0,503.0
1898,2016-09-10,505.0,512.0,500.0,513.0,132870701,39168,24,516.0,505.0
1899,2016-09-11,505.0,519.0,490.0,500.0,631254434,187518,68,513.0,497.0
1900,2016-09-13,497.0,512.0,490.0,493.0,402348268,121336,30,500.0,493.0
1901,2016-09-14,493.0,497.0,489.0,490.0,834881423,252704,41,493.0,490.0
1902,2016-09-17,501.0,501.0,481.0,484.0,722963720,221690,69,490.0,490.0
1903,2016-09-18,484.0,508.0,484.0,505.0,1267862740,372669,138,484.0,506.0
1904,2016-09-19,507.0,517.0,484.0,497.0,621940223,185704,63,505.0,505.0
1905,2016-09-21,493.0,509.0,486.0,490.0,495829171,150357,66,497.0,502.0
1906,2016-09-24,498.0,513.0,498.0,504.0,635312917,187271,84,490.0,503.0
1907,2016-09-25,512.0,512.0,490.0,497.0,762091894,227754,60,504.0,490.0
1908,2016-09-26,491.0,521.0,491.0,517.0,2909364271,834984,160,497.0,521.0
1909,2016-09-27,533.0,533.0,520.0,525.0,2098973415,593224,205,517.0,524.0
1910,2016-09-28,526.0,531.0,506.0,518.0,956424443,274104,104,525.0,515.0
1911,2016-10-01,508.0,512.0,502.0,509.0,369743830,108497,55,518.0,505.0
1912,2016-10-02,505.0,520.0,504.0,514.0,670453452,193630,72,509.0,512.0
1913,2016-10-03,522.0,522.0,498.0,506.0,471343537,138442,61,514.0,498.0
1914,2016-10-04,497.0,509.0,497.0,503.0,245030097,72591,24,506.0,499.0
1915,2016-10-05,497.0,520.0,496.0,510.0,640544970,186427,62,503.0,517.0
1916,2016-10-08,505.0,527.0,497.0,508.0,527739813,154141,67,510.0,497.0
1917,2016-10-09,499.0,524.0,499.0,512.0,196587410,56474,37,508.0,499.0
1918,2016-10-10,501.0,519.0,501.0,513.0,227230610,65643,33,512.0,519.0
1919,2016-10-15,526.0,526.0,488.0,496.0,524887968,157173,55,513.0,509.0
1920,2016-10-16,490.0,492.0,482.0,489.0,451137162,136941,44,496.0,486.0
1921,2016-10-17,484.0,500.0,484.0,491.0,282996539,85347,20,489.0,490.0
1922,2016-10-18,490.0,497.0,484.0,489.0,394555093,119853,35,491.0,490.0
1923,2016-10-19,497.0,512.0,489.0,498.0,444200791,132172,49,489.0,496.0
1924,2016-10-22,504.0,518.0,504.0,512.0,868264723,251728,88,498.0,514.0
1925,2016-10-23,512.0,512.0,490.0,504.0,426128391,125922,52,512.0,490.0
1926,2016-10-26,494.0,494.0,494.0,494.0,73260000,22000,6,504.0,494.0
1927,2016-10-29,508.0,518.0,494.0,504.0,878470106,258701,63,494.0,511.0
1928,2016-10-30,520.0,520.0,505.0,511.0,672126553,195171,69,504.0,506.0
1929,2016-10-31,508.0,511.0,501.0,505.0,684086921,200969,71,511.0,505.0
1930,2016-11-01,505.0,515.0,490.0,505.0,461962702,135729,61,505.0,499.0
1931,2016-11-02,504.0,512.0,484.0,494.0,728537918,218848,65,505.0,497.0
1932,2016-11-05,493.0,497.0,485.0,493.0,214922730,65060,31,494.0,485.0
1933,2016-11-06,483.0,502.0,482.0,494.0,806551509,242451,48,493.0,492.0
1934,2016-11-07,502.0,519.0,502.0,518.0,2145390807,615333,90,494.0,519.0
1935,2016-11-08,526.0,543.0,523.0,542.0,5142795613,1409375,250,518.0,543.0
1936,2016-11-09,520.0,569.0,515.0,557.0,8348049740,2226197,373,542.0,569.0
1937,2016-11-12,581.0,584.0,571.0,583.0,4284420940,1091124,244,557.0,584.0
1938,2016-11-13,607.0,611.0,564.0,585.0,4696132632,1191045,294,583.0,581.0
1939,2016-11-14,594.0,597.0,564.0,590.0,2131469914,536666,173,585.0,574.0
1940,2016-11-15,589.0,619.0,575.0,600.0,6058777094,1499016,301,590.0,597.0
1941,2016-11-16,600.0,604.0,579.0,589.0,809020758,204011,53,600.0,592.0
1942,2016-11-19,560.0,594.0,560.0,579.0,1044184072,267600,92,589.0,564.0
1943,2016-11-21,580.0,592.0,558.0,565.0,1084348788,284761,97,579.0,558.0
1944,2016-11-22,564.0,593.0,564.0,586.0,4913180276,1244152,221,565.0,593.0
1945,2016-11-23,605.0,615.0,594.0,612.0,3487417456,846407,193,586.0,606.0
1946,2016-11-26,609.0,638.0,589.0,620.0,5102108448,1221759,348,612.0,595.0
1947,2016-11-27,621.0,621.0,589.0,590.0,3074957898,773301,205,620.0,589.0
1948,2016-11-29,564.0,609.0,564.0,587.0,961641095,243269,133,590.0,574.0
1949,2016-12-03,592.0,592.0,564.0,577.0,921241092,237098,126,587.0,569.0
1950,2016-12-04,569.0,579.0,548.0,566.0,787651107,206603,73,577.0,564.0
1951,2016-12-05,582.0,594.0,549.0,587.0,1673524974,423430,116,566.0,594.0
1952,2016-12-06,594.0,597.0,579.0,592.0,614056489,154086,50,587.0,592.0
1953,2016-12-07,580.0,597.0,569.0,587.0,862307067,218034,87,592.0,582.0
1954,2016-12-10,587.0,594.0,570.0,583.0,590439878,150359,63,587.0,586.0
1955,2016-12-11,579.0,589.0,579.0,584.0,399062608,101324,73,583.0,579.0
1956,2016-12-12,586.0,586.0,557.0,570.0,485891628,126453,42,584.0,561.0
1957,2016-12-13,584.0,584.0,550.0,563.0,340123345,90066,31,570.0,550.0
1958,2016-12-14,549.0,579.0,549.0,555.0,473346737,126664,49,563.0,549.0
1959,2016-12-18,536.0,570.0,530.0,540.0,2194799994,603212,91,555.0,564.0
1960,2016-12-19,567.0,567.0,561.0,566.0,583986951,153037,48,540.0,561.0
1961,2016-12-20,566.0,577.0,538.0,540.0,1187004300,326250,93,566.0,557.0
1962,2016-12-21,554.0,554.0,545.0,546.0,211525200,56775,7,540.0,552.0
1963,2016-12-24,552.0,552.0,518.0,529.0,3171061250,889990,129,546.0,532.0
1964,2016-12-25,533.0,545.0,518.0,529.0,1837374530,515579,109,529.0,519.0
1965,2016-12-26,539.0,539.0,525.0,530.0,862491806,241629,66,529.0,534.0
1966,2016-12-27,525.0,534.0,505.0,516.0,1010938770,291106,74,530.0,516.0
1967,2016-12-28,531.0,531.0,505.0,514.0,827480804,239092,70,516.0,505.0
1968,2016-12-31,512.0,534.0,512.0,526.0,1247753108,352170,129,514.0,530.0
1969,2017-01-01,527.0,552.0,527.0,547.0,2689889035,730528,87,526.0,552.0
1970,2017-01-02,574.0,574.0,553.0,572.0,4525547614,1173718,221,547.0,574.0
1971,2017-01-03,582.0,582.0,551.0,569.0,975150297,254261,107,572.0,554.0
1972,2017-01-04,570.0,564.0,541.0,550.0,834460854,225366,59,569.0,542.0
1973,2017-01-07,549.0,577.0,543.0,574.0,3578066982,925987,162,550.0,570.0
1974,2017-01-08,546.0,572.0,546.0,554.0,416163949,112226,49,574.0,550.0
1975,2017-01-09,529.0,549.0,527.0,531.0,1012035790,283145,73,554.0,540.0
1976,2017-01-11,534.0,542.0,520.0,532.0,323244993,89959,67,531.0,534.0
1977,2017-01-14,558.0,558.0,536.0,549.0,579713510,156665,76,532.0,552.0
1978,2017-01-15,553.0,569.0,546.0,554.0,446407072,119392,55,549.0,546.0
1979,2017-01-16,549.0,570.0,549.0,555.0,453706629,121310,79,554.0,550.0
1980,2017-01-17,557.0,583.0,557.0,577.0,4334179437,1115002,225,555.0,583.0
1981,2017-01-18,580.0,585.0,553.0,579.0,2011975574,516026,94,577.0,581.0
1982,2017-01-25,574.0,603.0,574.0,595.0,11188969326,2789336,332,579.0,603.0
1983,2017-01-28,625.0,625.0,625.0,625.0,1914088995,454545,66,595.0,625.0
1984,2017-01-29,656.0,656.0,656.0,656.0,1399193448,316488,47,625.0,656.0
1985,2017-01-30,689.0,689.0,640.0,676.0,10575523016,2321909,478,656.0,657.0
1986,2017-01-31,668.0,672.0,642.0,645.0,6041303194,1389884,415,676.0,642.0
1987,2017-02-01,619.0,653.0,613.0,627.0,5118937470,1212335,368,645.0,625.0
1988,2017-02-04,625.0,658.0,609.0,636.0,6417581714,1497921,421,627.0,609.0
1989,2017-02-05,612.0,628.0,604.0,611.0,2591135820,629819,209,636.0,620.0
1990,2017-02-06,623.0,623.0,595.0,605.0,1156485875,283675,105,611.0,595.0
1991,2017-02-07,597.0,619.0,592.0,603.0,2079434241,512025,134,605.0,592.0
1992,2017-02-08,592.0,633.0,592.0,626.0,3069649643,728320,243,603.0,626.0
1993,2017-02-11,629.0,657.0,629.0,652.0,5543772091,1261955,303,626.0,638.0
1994,2017-02-12,621.0,656.0,620.0,627.0,4009185550,949363,374,652.0,620.0
1995,2017-02-13,599.0,638.0,598.0,613.0,3514830805,850880,279,627.0,619.0
1996,2017-02-14,623.0,638.0,597.0,617.0,1983083094,477228,283,613.0,619.0
1997,2017-02-15,618.0,644.0,613.0,624.0,1636932547,389203,231,617.0,616.0
1998,2017-02-18,630.0,635.0,600.0,612.0,2420160980,587034,220,624.0,608.0
1999,2017-02-21,577.0,606.0,577.0,604.0,1212102860,298016,66,612.0,606.0
2000,2017-02-22,606.0,615.0,574.0,604.0,2277751202,560242,255,604.0,607.0
2001,2017-02-25,608.0,616.0,577.0,606.0,2087750370,511326,208,604.0,605.0
2002,2017-02-26,594.0,619.0,594.0,611.0,1584392611,385217,169,606.0,594.0
2003,2017-02-27,596.0,615.0,594.0,602.0,2878122899,709993,195,611.0,603.0
2004,2017-02-28,598.0,610.0,594.0,603.0,2299477434,565679,214,602.0,594.0
2005,2017-03-01,603.0,609.0,588.0,595.0,2116565687,527865,209,603.0,589.0
2006,2017-03-04,589.0,589.0,566.0,572.0,3551991708,922470,266,595.0,569.0
2007,2017-03-05,582.0,585.0,561.0,578.0,920934991,236387,137,572.0,582.0
2008,2017-03-06,591.0,591.0,577.0,581.0,834739587,213376,151,578.0,582.0
2009,2017-03-07,592.0,592.0,573.0,586.0,873922036,221389,139,581.0,573.0
2010,2017-03-08,588.0,601.0,579.0,591.0,1581966926,397189,174,586.0,591.0
2011,2017-03-11,594.0,600.0,588.0,593.0,565976767,141673,104,591.0,594.0
2012,2017-03-12,594.0,607.0,592.0,602.0,933854165,230386,190,593.0,607.0
2013,2017-03-13,613.0,623.0,607.0,614.0,966789827,233864,173,602.0,615.0
2014,2017-03-14,620.0,644.0,616.0,635.0,2551212517,596677,372,614.0,640.0
2015,2017-03-15,644.0,661.0,635.0,648.0,984152008,225471,243,635.0,652.0
2016,2017-03-18,656.0,661.0,645.0,654.0,2498147090,567005,294,648.0,652.0
2017,2017-03-25,655.0,687.0,640.0,674.0,3733209646,822761,395,654.0,683.0
2018,2017-03-26,690.0,707.0,667.0,692.0,5772660995,1237623,348,674.0,689.0
2019,2017-03-27,701.0,725.0,687.0,709.0,5534647972,1158827,495,692.0,709.0
2020,2017-03-28,723.0,744.0,723.0,743.0,8655443150,1728669,474,709.0,744.0
2021,2017-03-29,779.0,779.0,745.0,759.0,3457650854,676163,288,743.0,756.0
2022,2017-04-03,771.0,771.0,721.0,746.0,2354735640,468500,270,759.0,747.0
2023,2017-04-04,759.0,782.0,750.0,773.0,2841721143,546096,257,746.0,770.0
2024,2017-04-05,776.0,776.0,750.0,756.0,2287230857,448833,183,773.0,751.0
2025,2017-04-08,755.0,783.0,748.0,771.0,3105438868,597821,315,756.0,767.0
2026,2017-04-09,748.0,797.0,742.0,771.0,7359127429,1416627,546,771.0,787.0
2027,2017-04-10,792.0,810.0,778.0,802.0,5052810523,935597,277,771.0,810.0
2028,2017-04-12,842.0,842.0,824.0,836.0,2288933057,406402,166,802.0,842.0
2029,2017-04-15,877.0,878.0,837.0,869.0,4646295786,794042,258,836.0,869.0
2030,2017-04-16,888.0,905.0,825.0,864.0,3192764772,548884,279,869.0,856.0
2031,2017-04-17,845.0,904.0,845.0,877.0,6638539892,1123566,562,864.0,886.0
2032,2017-04-18,907.0,921.0,907.0,920.0,5977975367,964772,274,877.0,921.0
2033,2017-04-19,964.0,965.0,929.0,959.0,6508460966,1007981,420,920.0,959.0
2034,2017-04-22,960.0,1006.0,960.0,1006.0,13961326336,2060740,673,959.0,1005.0
2035,2017-04-23,1052.0,1055.0,1024.0,1047.0,17236083754,2444920,821,1006.0,1055.0
2036,2017-04-24,1054.0,1084.0,1006.0,1045.0,12111137930,1720611,748,1047.0,1008.0
2037,2017-04-26,993.0,1035.0,993.0,994.0,4040752846,603184,295,1045.0,993.0
2038,2017-04-29,945.0,945.0,945.0,945.0,2173131935,341419,82,994.0,945.0
2039,2017-04-30,898.0,898.0,898.0,898.0,984058545,162735,47,945.0,898.0
2040,2017-05-01,853.0,897.0,853.0,861.0,13845510991,2386500,689,898.0,854.0
2041,2017-05-02,862.0,903.0,822.0,885.0,8970505636,1504405,400,861.0,901.0
2042,2017-05-03,895.0,911.0,841.0,862.0,2587711688,445670,248,885.0,861.0
2043,2017-05-06,846.0,846.0,819.0,821.0,4613105693,833792,331,862.0,819.0
2044,2017-05-07,782.0,814.0,780.0,785.0,5509491871,1042173,360,821.0,780.0
2045,2017-05-08,780.0,824.0,752.0,799.0,9070645870,1686045,515,785.0,824.0
2046,2017-05-09,837.0,839.0,802.0,834.0,7372505500,1312194,280,799.0,834.0
2047,2017-05-10,845.0,853.0,800.0,824.0,2747041351,494928,170,834.0,822.0
2048,2017-05-13,794.0,822.0,784.0,802.0,1441471330,266704,118,824.0,794.0
2049,2017-05-14,763.0,802.0,762.0,764.0,2766697575,537280,255,802.0,762.0
2050,2017-05-15,757.0,803.0,757.0,797.0,4321928514,805429,394,764.0,800.0
2051,2017-05-16,802.0,822.0,775.0,793.0,1442640623,270128,102,797.0,777.0
2052,2017-05-17,775.0,789.0,757.0,768.0,1653041284,319545,159,793.0,782.0
2053,2017-05-20,802.0,802.0,782.0,788.0,868552824,163557,44,768.0,782.0
2054,2017-05-21,806.0,806.0,765.0,775.0,355287201,68561,56,788.0,766.0
2055,2017-05-22,800.0,800.0,759.0,768.0,1341379318,259131,98,775.0,775.0
2056,2017-05-23,768.0,778.0,760.0,767.0,879733428,170281,82,768.0,762.0
2057,2017-05-24,772.0,779.0,763.0,765.0,1991358098,386260,91,767.0,769.0
2058,2017-05-27,779.0,779.0,765.0,769.0,879146254,169777,138,765.0,766.0
2059,2017-05-28,769.0,775.0,730.0,736.0,2920214461,588691,245,769.0,746.0
2060,2017-05-29,701.0,727.0,700.0,706.0,4225763259,888024,250,736.0,700.0
2061,2017-05-30,684.0,721.0,684.0,711.0,1594680926,332938,126,706.0,711.0
2062,2017-05-31,719.0,720.0,698.0,710.0,741254196,154936,64,711.0,706.0
2063,2017-06-03,711.0,735.0,675.0,693.0,1317424572,282021,116,710.0,684.0
2064,2017-06-06,692.0,720.0,662.0,686.0,2034117344,440250,140,693.0,699.0
2065,2017-06-07,705.0,705.0,659.0,679.0,1203567245,263243,76,686.0,680.0
2066,2017-06-10,658.0,683.0,658.0,665.0,809838302,180739,69,679.0,665.0
2067,2017-06-11,665.0,665.0,632.0,634.0,1858401195,434998,121,665.0,632.0
2068,2017-06-12,604.0,666.0,604.0,664.0,1659441476,370707,113,634.0,666.0
2069,2017-06-13,697.0,698.0,675.0,693.0,2221250128,475679,157,664.0,698.0
2070,2017-06-14,721.0,721.0,677.0,697.0,487002657,103651,45,693.0,677.0
2071,2017-06-17,698.0,698.0,663.0,669.0,1611909853,357562,119,697.0,663.0
2072,2017-06-18,668.0,671.0,638.0,642.0,585539442,135296,49,669.0,646.0
2073,2017-06-19,611.0,656.0,611.0,626.0,806930618,191352,88,642.0,622.0
2074,2017-06-20,612.0,646.0,612.0,626.0,258323631,61290,28,626.0,625.0
2075,2017-06-21,638.0,638.0,612.0,621.0,502149717,120009,55,626.0,628.0
2076,2017-07-16,612.0,643.0,609.0,613.0,759697102,184054,48,621.0,612.0
2077,2017-07-30,620.0,651.0,620.0,635.0,1380285382,324481,133,613.0,644.0
2078,2017-07-31,667.0,667.0,664.0,667.0,1171122772,262274,88,635.0,667.0
2079,2017-08-01,694.0,699.0,673.0,688.0,2218365861,481538,275,667.0,697.0
2080,2017-08-02,695.0,702.0,665.0,687.0,1576543792,342563,156,688.0,685.0
2081,2017-08-06,687.0,696.0,664.0,668.0,845558170,189015,94,687.0,665.0
2082,2017-08-07,665.0,665.0,635.0,649.0,1127928516,259580,119,668.0,641.0
2083,2017-08-08,627.0,681.0,620.0,641.0,634867167,147950,64,649.0,630.0
2084,2017-08-09,642.0,673.0,609.0,657.0,4850664985,1102994,264,641.0,673.0
2085,2017-08-12,681.0,690.0,675.0,687.0,3525113503,765775,204,657.0,675.0
2086,2017-08-13,688.0,721.0,687.0,698.0,1497790727,320453,165,687.0,691.0
2087,2017-08-14,687.0,694.0,665.0,686.0,1050159058,228573,128,698.0,672.0
2088,2017-08-15,694.0,694.0,652.0,660.0,1330493740,301233,141,686.0,652.0
2089,2017-08-16,643.0,643.0,627.0,631.0,723920605,171357,84,660.0,637.0
2090,2017-08-19,627.0,663.0,613.0,626.0,1474824356,351889,128,631.0,624.0
2091,2017-08-20,618.0,636.0,595.0,614.0,2086714786,508009,154,626.0,633.0
2092,2017-08-21,625.0,644.0,624.0,635.0,1308198251,307438,130,614.0,644.0
2093,2017-08-22,654.0,654.0,627.0,639.0,235889911,54778,37,635.0,650.0
2094,2017-08-23,642.0,653.0,633.0,638.0,721090923,168865,73,639.0,633.0
2095,2017-08-26,613.0,642.0,613.0,625.0,712915216,170360,61,638.0,622.0
2096,2017-08-27,610.0,642.0,610.0,623.0,655282174,157167,67,625.0,623.0
2097,2017-08-28,619.0,639.0,617.0,624.0,233551764,55807,25,623.0,626.0
2098,2017-08-29,637.0,641.0,624.0,624.0,67045047,15953,22,624.0,630.0
2099,2017-08-30,624.0,641.0,621.0,626.0,513778519,122554,47,624.0,624.0
2100,2017-09-02,623.0,635.0,612.0,618.0,602930059,145634,87,626.0,615.0
2101,2017-09-03,617.0,627.0,608.0,612.0,379856256,92885,57,618.0,608.0
2102,2017-09-04,610.0,624.0,609.0,612.0,15233466722,3714284,147,612.0,621.0
2103,2017-09-05,641.0,643.0,631.0,643.0,3024437666,702687,188,612.0,643.0
2104,2017-09-06,648.0,653.0,627.0,635.0,410624515,96821,48,643.0,627.0
2105,2017-09-10,648.0,648.0,610.0,614.0,819356190,199352,84,635.0,610.0
2106,2017-09-11,608.0,632.0,608.0,613.0,200727027,49033,38,614.0,618.0
2107,2017-09-12,609.0,627.0,607.0,615.0,1068906305,259766,99,613.0,607.0
2108,2017-09-13,605.0,624.0,590.0,601.0,837454945,207980,139,615.0,600.0
2109,2017-09-16,595.0,627.0,595.0,604.0,87155935,21101,20,601.0,620.0
2110,2017-09-17,626.0,634.0,626.0,633.0,820829198,193550,126,604.0,634.0
2111,2017-09-18,651.0,651.0,629.0,637.0,332098353,77516,52,633.0,635.0
2112,2017-09-19,647.0,647.0,616.0,631.0,224669909,53907,26,637.0,624.0
2113,2017-09-20,638.0,638.0,610.0,625.0,196674629,47691,50,631.0,614.0
2114,2017-09-23,610.0,645.0,609.0,634.0,593097435,139704,95,625.0,627.0
2115,2017-09-24,635.0,650.0,626.0,635.0,636230422,149730,80,634.0,642.0
2116,2017-09-25,635.0,638.0,623.0,628.0,662961126,157567,88,635.0,627.0
2117,2017-09-26,614.0,629.0,610.0,613.0,977237755,237927,126,628.0,610.0
2118,2017-09-27,610.0,636.0,609.0,616.0,1212917778,294057,96,613.0,636.0
2119,2017-10-02,611.0,642.0,611.0,625.0,471860331,112630,51,616.0,611.0
2120,2017-10-03,611.0,613.0,605.0,617.0,231033213,56817,48,625.0,607.0
2121,2017-10-04,607.0,611.0,601.0,607.0,415893124,102676,75,617.0,609.0
2122,2017-10-07,605.0,620.0,577.0,580.0,1327352884,341676,157,607.0,577.0
2123,2017-10-08,576.0,576.0,551.0,552.0,703866067,190615,71,580.0,551.0
2124,2017-10-09,524.0,552.0,524.0,531.0,905307437,254544,111,552.0,545.0
2125,2017-10-10,545.0,545.0,505.0,512.0,1532495663,446951,164,531.0,510.0
2126,2017-10-11,523.0,523.0,509.0,514.0,361358681,104903,60,512.0,522.0
2127,2017-10-14,539.0,539.0,523.0,530.0,426498294,119412,70,514.0,533.0
2128,2017-10-15,536.0,543.0,527.0,535.0,633648927,176799,55,530.0,527.0
2129,2017-10-16,527.0,562.0,527.0,559.0,1174150771,313866,105,535.0,562.0
2130,2017-10-17,538.0,560.0,538.0,551.0,445167350,121078,51,559.0,551.0
2131,2017-10-18,536.0,566.0,535.0,553.0,713648506,192603,119,551.0,560.0
2132,2017-10-21,538.0,574.0,538.0,561.0,375910903,99535,52,553.0,556.0
2133,2017-10-22,544.0,579.0,544.0,559.0,158847505,42758,38,561.0,548.0
2134,2017-10-23,539.0,561.0,539.0,555.0,265071976,71875,71,559.0,557.0
2135,2017-10-24,545.0,557.0,527.0,529.0,1327354640,374644,143,555.0,527.0
2136,2017-10-25,524.0,544.0,506.0,515.0,801102267,232385,68,529.0,523.0
2137,2017-10-28,523.0,529.0,523.0,524.0,442629035,125812,63,515.0,528.0
2138,2017-10-29,544.0,544.0,510.0,522.0,676851719,193625,59,524.0,514.0
2139,2017-10-30,511.0,530.0,511.0,519.0,267236849,77369,48,522.0,511.0
2140,2017-10-31,515.0,518.0,509.0,513.0,361996667,105687,41,519.0,518.0
2141,2017-11-01,512.0,519.0,509.0,512.0,310165502,90694,42,513.0,519.0
2142,2017-11-04,519.0,523.0,508.0,515.0,418581886,121148,38,512.0,515.0
2143,2017-11-05,522.0,526.0,513.0,517.0,276347983,79533,42,515.0,517.0
2144,2017-11-06,523.0,524.0,514.0,520.0,440165028,126292,42,517.0,518.0
2145,2017-11-07,522.0,522.0,505.0,509.0,538162229,157795,58,520.0,512.0
2146,2017-11-08,504.0,515.0,502.0,505.0,378393716,112113,42,509.0,505.0
2147,2017-11-11,505.0,505.0,486.0,495.0,450817923,136401,57,505.0,491.0
2148,2017-11-12,487.0,493.0,480.0,485.0,711365307,219289,75,495.0,490.0
2149,2017-11-13,498.0,493.0,476.0,481.0,557956897,173108,49,485.0,491.0
2150,2017-11-14,505.0,505.0,488.0,485.0,138529817,41748,34,481.0,497.0
2151,2017-11-15,502.0,506.0,496.0,503.0,591565823,175775,62,485.0,502.0
2152,2017-11-18,502.0,519.0,502.0,505.0,564697089,166867,64,503.0,518.0
2153,2017-11-20,502.0,531.0,502.0,524.0,1536486569,438250,82,505.0,511.0
2154,2017-11-21,503.0,525.0,503.0,517.0,256368611,74927,28,524.0,514.0
2155,2017-11-22,514.0,514.0,503.0,510.0,364909861,107535,33,517.0,505.0
2156,2017-11-25,510.0,521.0,504.0,507.0,292240501,86401,29,510.0,504.0
2157,2017-11-26,505.0,514.0,505.0,507.0,369246153,108853,27,507.0,505.0
2158,2017-11-28,512.0,514.0,504.0,507.0,431807562,127165,29,507.0,510.0
2159,2017-11-29,505.0,508.0,493.0,503.0,298149843,88901,49,507.0,506.0
2160,2017-12-02,508.0,508.0,486.0,499.0,190130248,57600,26,503.0,487.0
2161,2017-12-03,488.0,512.0,481.0,495.0,1295871824,391385,117,499.0,483.0
2162,2017-12-04,482.0,506.0,481.0,495.0,375676451,113390,91,495.0,503.0
2163,2017-12-05,505.0,512.0,502.0,508.0,495669042,145679,111,495.0,508.0
2164,2017-12-09,511.0,511.0,487.0,499.0,526189770,157332,86,508.0,493.0
2165,2017-12-10,508.0,524.0,503.0,522.0,3832902852,1097417,294,499.0,524.0
2166,2017-12-11,548.0,548.0,545.0,547.0,3272658903,892831,225,522.0,548.0
2167,2017-12-12,572.0,572.0,538.0,557.0,3154594283,846159,442,547.0,551.0
2168,2017-12-13,561.0,574.0,540.0,560.0,2444178797,651764,408,557.0,564.0
2169,2017-12-16,582.0,582.0,553.0,570.0,678952273,177883,207,560.0,571.0
2170,2017-12-17,575.0,580.0,545.0,568.0,595630572,156714,141,570.0,545.0
2171,2017-12-18,568.0,568.0,545.0,560.0,445174977,118935,87,568.0,545.0
2172,2017-12-19,545.0,557.0,537.0,543.0,818437879,225013,107,560.0,539.0
2173,2017-12-20,537.0,545.0,524.0,539.0,278810271,77772,81,543.0,524.0
2174,2017-12-23,538.0,566.0,538.0,558.0,921727173,246711,141,539.0,564.0
2175,2017-12-24,554.0,568.0,550.0,558.0,168257827,44976,67,558.0,553.0
2176,2017-12-25,553.0,559.0,531.0,547.0,429723395,117856,70,558.0,546.0
2177,2017-12-26,566.0,566.0,519.0,543.0,165459506,46245,27,547.0,519.0
2178,2017-12-27,538.0,554.0,521.0,543.0,240298274,66029,49,543.0,530.0
2179,2017-12-30,553.0,553.0,516.0,523.0,435418637,124871,62,543.0,523.0
2180,2017-12-31,542.0,549.0,497.0,502.0,828111812,246180,137,523.0,508.0
2181,2018-01-01,499.0,522.0,499.0,502.0,90039400,26800,11,502.0,515.0
2182,2018-01-02,500.0,503.0,494.0,500.0,210967791,63391,30,502.0,499.0
2183,2018-01-03,500.0,500.0,476.0,480.0,465001184,144743,56,500.0,482.0
2184,2018-01-06,503.0,503.0,494.0,484.0,113193024,33802,14,480.0,494.0
2185,2018-01-07,500.0,500.0,478.0,483.0,162017337,50433,28,484.0,480.0
2186,2018-01-08,483.0,493.0,481.0,484.0,173584007,53396,33,483.0,485.0
2187,2018-01-09,483.0,483.0,474.0,480.0,309677921,96907,62,484.0,475.0
2188,2018-01-10,470.0,475.0,460.0,470.0,407814749,130060,56,480.0,470.0
2189,2018-01-13,481.0,483.0,470.0,475.0,337040006,105284,45,470.0,474.0
2190,2018-01-14,472.0,491.0,452.0,471.0,1006960442,319467,73,475.0,478.0
2191,2018-01-15,491.0,491.0,466.0,471.0,105718750,33465,24,471.0,468.0
2192,2018-01-16,466.0,488.0,466.0,472.0,359836934,113730,60,471.0,472.0
2193,2018-01-17,488.0,488.0,475.0,474.0,157134910,49008,38,472.0,477.0
2194,2018-01-20,478.0,493.0,478.0,490.0,619368467,188895,53,474.0,493.0
2195,2018-01-21,497.0,497.0,478.0,483.0,547287142,169054,57,490.0,479.0
2196,2018-01-22,491.0,491.0,471.0,479.0,249742444,78566,32,483.0,490.0
2197,2018-01-23,470.0,490.0,470.0,478.0,140075897,43995,19,479.0,477.0
2198,2018-01-24,474.0,485.0,474.0,478.0,379018115,118356,33,478.0,477.0
2199,2018-01-27,477.0,485.0,463.0,470.0,389011288,124030,57,478.0,467.0
2200,2018-01-28,476.0,476.0,466.0,469.0,304019422,97161,29,470.0,466.0
2201,2018-01-29,477.0,477.0,466.0,469.0,127265041,40263,28,469.0,475.0
2202,2018-01-30,485.0,485.0,466.0,470.0,260187502,82449,56,469.0,474.0
2203,2018-01-31,470.0,470.0,456.0,462.0,488731810,157890,60,470.0,457.0
2204,2018-02-03,463.0,463.0,453.0,455.0,512399830,168323,49,462.0,453.0
2205,2018-02-04,451.0,463.0,451.0,454.0,404668593,133337,54,455.0,453.0
2206,2018-02-05,476.0,476.0,456.0,456.0,72792165,23018,14,454.0,470.0
2207,2018-02-06,459.0,464.0,451.0,453.0,534135660,176099,63,456.0,456.0
2208,2018-02-07,463.0,463.0,452.0,454.0,363084750,119195,56,453.0,454.0
2209,2018-02-10,460.0,477.0,453.0,473.0,841086060,265630,63,454.0,477.0
2210,2018-02-12,478.0,493.0,478.0,489.0,994180110,303399,98,473.0,490.0
2211,2018-02-13,493.0,500.0,465.0,481.0,823672196,255691,82,489.0,489.0
2212,2018-02-14,479.0,493.0,479.0,484.0,766801000,236414,50,481.0,481.0
2213,2018-02-17,468.0,491.0,468.0,482.0,116352148,36549,27,484.0,482.0
2214,2018-02-18,466.0,482.0,466.0,480.0,107271770,33875,20,482.0,468.0
2215,2018-02-19,466.0,478.0,466.0,475.0,176563793,56464,30,480.0,467.0
2216,2018-02-21,478.0,478.0,467.0,475.0,11277473,3587,6,475.0,467.0
2217,2018-02-26,463.0,480.0,463.0,477.0,322550500,100822,29,475.0,475.0
2218,2018-02-27,479.0,480.0,470.0,476.0,411275344,129213,66,477.0,471.0
2219,2018-02-28,463.0,475.0,454.0,460.0,688448104,223408,67,476.0,460.0
2220,2018-03-03,461.0,465.0,452.0,459.0,560408363,182160,52,460.0,458.0
2221,2018-03-04,476.0,477.0,459.0,460.0,528280918,171452,41,459.0,460.0
2222,2018-03-05,457.0,467.0,448.0,457.0,379121430,123995,43,460.0,456.0
2223,2018-03-06,450.0,450.0,435.0,437.0,3439678057,1174926,262,457.0,435.0
2224,2018-03-07,435.0,448.0,433.0,439.0,139430112,47021,33,437.0,447.0
2225,2018-03-10,455.0,455.0,420.0,431.0,404323399,140802,43,439.0,427.0
2226,2018-03-11,440.0,440.0,424.0,428.0,398402277,139108,53,431.0,434.0
2227,2018-03-12,435.0,450.0,435.0,448.0,1331567679,443996,102,428.0,450.0
2228,2018-03-13,461.0,461.0,436.0,448.0,315513100,105134,42,448.0,451.0
2229,2018-03-14,435.0,458.0,435.0,447.0,269525802,90166,31,448.0,439.0
2230,2018-03-17,462.0,462.0,431.0,444.0,121428804,41714,35,447.0,435.0
2231,2018-03-18,430.0,434.0,429.0,439.0,188995251,65382,38,444.0,429.0
2232,2018-03-19,428.0,453.0,427.0,441.0,356137641,120581,33,439.0,435.0
2233,2018-03-25,453.0,453.0,429.0,440.0,91718371,31292,18,441.0,435.0
2234,2018-03-26,445.0,448.0,429.0,437.0,170639206,59290,19,440.0,448.0
2235,2018-03-27,447.0,458.0,447.0,457.0,1708819578,558090,147,437.0,454.0
2236,2018-03-28,461.0,475.0,446.0,467.0,667314070,213637,89,457.0,448.0
2237,2018-04-03,470.0,470.0,443.0,451.0,334952779,112427,44,467.0,444.0
2238,2018-04-04,461.0,461.0,437.0,447.0,192041462,65203,31,451.0,454.0
2239,2018-04-07,459.0,459.0,441.0,445.0,193603507,65453,34,447.0,442.0
2240,2018-04-08,451.0,455.0,433.0,438.0,894903400,304813,87,445.0,433.0
2241,2018-04-09,447.0,447.0,417.0,422.0,640598988,226637,95,438.0,430.0
2242,2018-04-10,435.0,440.0,419.0,424.0,105996623,36665,37,422.0,434.0
2243,2018-04-11,436.0,436.0,403.0,408.0,458581782,167928,61,424.0,403.0
2244,2018-04-15,427.0,428.0,388.0,389.0,880282085,337784,76,408.0,388.0
2245,2018-04-16,393.0,393.0,370.0,370.0,745447838,300587,85,389.0,370.0
2246,2018-04-17,352.0,380.0,352.0,364.0,823825542,338532,95,370.0,355.0
2247,2018-04-18,352.0,372.0,352.0,365.0,310680259,126892,58,364.0,364.0
2248,2018-04-21,365.0,379.0,359.0,369.0,195509742,78002,42,365.0,370.0
2249,2018-04-22,379.0,379.0,368.0,371.0,176042052,70265,14,369.0,377.0
2250,2018-04-23,378.0,378.0,354.0,359.0,487785834,203244,50,371.0,366.0
2251,2018-04-24,350.0,373.0,350.0,361.0,213193663,87188,32,359.0,372.0
2252,2018-04-25,358.0,373.0,358.0,363.0,97583017,39594,24,361.0,362.0
2253,2018-04-28,369.0,376.0,346.0,362.0,116904420,48400,27,363.0,360.0
2254,2018-04-29,364.0,364.0,344.0,361.0,52737240,22490,16,362.0,351.0
2255,2018-04-30,345.0,358.0,343.0,351.0,309519527,133560,57,361.0,349.0
2256,2018-05-01,353.0,358.0,346.0,352.0,94138297,39725,22,351.0,356.0
2257,2018-05-05,358.0,366.0,344.0,351.0,91409496,39519,17,352.0,344.0
2258,2018-05-06,354.0,358.0,337.0,349.0,199552871,85929,53,351.0,354.0
2259,2018-05-07,354.0,354.0,341.0,346.0,566029344,244177,35,349.0,354.0
2260,2018-05-08,342.0,361.0,342.0,353.0,352216070,147769,50,346.0,359.0
2261,2018-05-09,344.0,354.0,339.0,351.0,79065226,34395,36,353.0,348.0
2262,2018-05-12,358.0,369.0,355.0,364.0,488792031,200400,80,351.0,369.0
2263,2018-05-13,382.0,382.0,381.0,377.0,414862115,162373,67,364.0,382.0
2264,2018-05-14,384.0,396.0,380.0,389.0,526683117,201886,57,377.0,395.0
2265,2018-05-15,407.0,407.0,374.0,388.0,314739859,121244,61,389.0,374.0
2266,2018-05-16,375.0,391.0,369.0,382.0,254211595,101411,40,388.0,381.0
2267,2018-05-19,390.0,401.0,382.0,398.0,910349084,341728,82,382.0,400.0
2268,2018-05-20,401.0,401.0,382.0,392.0,289627681,111433,36,398.0,384.0
2269,2018-05-21,399.0,399.0,382.0,392.0,89732419,34291,40,392.0,390.0
2270,2018-05-22,376.0,394.0,372.0,374.0,493597143,197299,74,392.0,373.0
2271,2018-05-23,370.0,380.0,366.0,371.0,464405010,186921,32,374.0,366.0
2272,2018-05-26,366.0,390.0,366.0,388.0,754775902,290640,72,371.0,390.0
2273,2018-05-27,402.0,402.0,379.0,387.0,118988076,46053,31,388.0,388.0
2274,2018-05-28,402.0,402.0,369.0,386.0,274700526,106578,47,387.0,382.0
2275,2018-05-29,382.0,382.0,372.0,383.0,173575804,68626,29,386.0,379.0
2276,2018-05-30,373.0,385.0,372.0,378.0,302427126,120623,38,383.0,379.0
2277,2018-06-02,388.0,388.0,370.0,376.0,159695297,63926,24,378.0,375.0
2278,2018-06-03,374.0,374.0,360.0,361.0,1028131909,424840,89,376.0,362.0
2279,2018-06-09,375.0,375.0,352.0,358.0,211795975,89281,20,361.0,352.0
2280,2018-06-10,369.0,370.0,355.0,358.0,112078390,46754,22,358.0,355.0
2281,2018-06-11,364.0,370.0,345.0,356.0,237069191,99916,47,358.0,354.0
2282,2018-06-12,354.0,370.0,351.0,358.0,1113136735,464494,95,356.0,354.0
2283,2018-06-13,369.0,376.0,358.0,368.0,511693196,207633,87,358.0,364.0
2284,2018-06-17,385.0,386.0,374.0,385.0,1023690424,397338,121,368.0,386.0
2285,2018-06-18,399.0,404.0,390.0,401.0,2060108417,767176,203,385.0,393.0
2286,2018-06-19,393.0,396.0,381.0,384.0,1390116771,540760,136,401.0,381.0
2287,2018-06-20,388.0,396.0,383.0,387.0,471682104,181754,66,384.0,396.0
2288,2018-06-23,388.0,397.0,368.0,383.0,409794968,160272,72,387.0,382.0
2289,2018-06-24,394.0,394.0,372.0,377.0,1169765440,463748,110,383.0,381.0
2290,2018-06-25,374.0,395.0,374.0,392.0,2284671442,871002,186,377.0,395.0
2291,2018-06-26,395.0,407.0,377.0,393.0,1085515797,412758,151,392.0,393.0
2292,2018-06-27,393.0,393.0,373.0,386.0,339175453,132136,55,393.0,385.0
2293,2018-06-30,396.0,396.0,375.0,383.0,278177269,109299,35,386.0,378.0
2294,2018-07-01,373.0,381.0,366.0,371.0,516991599,208331,43,383.0,367.0
2295,2018-07-02,380.0,380.0,366.0,371.0,119761334,48326,25,371.0,373.0
2296,2018-07-03,379.0,388.0,364.0,376.0,288712958,113600,33,371.0,375.0
2297,2018-07-04,388.0,388.0,374.0,376.0,256240392,101614,49,376.0,374.0
2298,2018-07-07,380.0,381.0,358.0,365.0,669792560,274079,69,376.0,367.0
2299,2018-07-08,358.0,372.0,347.0,354.0,383964785,163396,58,365.0,358.0
2300,2018-07-10,351.0,358.0,347.0,351.0,262493398,112341,66,354.0,347.0
2301,2018-07-11,347.0,347.0,334.0,338.0,951046231,420884,116,351.0,334.0
2302,2018-07-14,352.0,354.0,327.0,340.0,274700982,120217,61,338.0,348.0
2303,2018-07-15,351.0,351.0,329.0,337.0,153218678,68992,40,340.0,329.0
2304,2018-07-16,329.0,343.0,321.0,328.0,514757882,234251,54,337.0,340.0
2305,2018-07-17,344.0,344.0,332.0,344.0,767954341,333580,89,328.0,344.0
2306,2018-07-24,361.0,361.0,327.0,345.0,13681840,5982,6,344.0,351.0
2307,2018-07-25,344.0,350.0,332.0,336.0,348064401,157478,42,345.0,339.0
2308,2018-07-28,339.0,339.0,325.0,333.0,257016245,117567,41,336.0,325.0
2309,2018-07-29,339.0,339.0,316.0,318.0,1048795664,497091,129,333.0,318.0
2310,2018-07-30,304.0,331.0,304.0,325.0,482070909,223483,62,318.0,329.0
2311,2018-07-31,324.0,341.0,324.0,338.0,533630667,238002,89,325.0,341.0
2312,2018-08-01,353.0,353.0,327.0,339.0,384604098,170688,53,338.0,331.0
2313,2018-08-04,325.0,331.0,322.0,333.0,212927955,98928,40,339.0,324.0
2314,2018-08-05,316.0,331.0,316.0,319.0,938150581,443586,105,333.0,316.0
2315,2018-08-06,321.0,322.0,305.0,310.0,903131069,439483,74,319.0,322.0
2316,2018-08-07,310.0,321.0,310.0,311.0,173946158,83302,39,310.0,319.0
2317,2018-08-08,312.0,325.0,312.0,315.0,422993771,202392,38,311.0,315.0
2318,2018-08-11,324.0,324.0,316.0,320.0,552016191,259759,42,315.0,321.0
2319,2018-08-12,324.0,324.0,309.0,317.0,405003266,193088,62,320.0,315.0
2320,2018-08-13,324.0,328.0,316.0,322.0,938766616,439199,93,317.0,327.0
2321,2018-08-14,327.0,338.0,327.0,336.0,810627226,363262,81,322.0,338.0
2322,2018-08-15,348.0,353.0,348.0,350.0,671513318,288673,67,336.0,353.0
2323,2018-08-18,368.0,368.0,362.0,368.0,2319422727,950210,160,350.0,368.0
2324,2018-08-19,368.0,375.0,350.0,366.0,1055061537,434805,113,368.0,362.0
2325,2018-08-20,366.0,383.0,365.0,373.0,564686807,228245,63,366.0,369.0
2326,2018-08-21,377.0,384.0,359.0,377.0,772165503,308999,94,373.0,383.0
2327,2018-08-25,386.0,395.0,386.0,395.0,1092939231,417297,39,377.0,395.0
2328,2018-08-26,414.0,414.0,414.0,414.0,881923184,320816,32,395.0,414.0
2329,2018-08-27,435.0,435.0,435.0,425.0,310545144,107604,18,414.0,435.0
2330,2018-08-28,447.0,447.0,447.0,447.0,1653550392,557878,63,425.0,447.0
2331,2018-08-29,469.0,469.0,469.0,469.0,2316804872,744481,69,447.0,469.0
2332,2018-09-03,489.0,489.0,465.0,477.0,4840529937,1530431,339,469.0,475.0
2333,2018-09-04,481.0,500.0,475.0,494.0,5611074563,1712547,307,477.0,500.0
2334,2018-09-05,512.0,512.0,498.0,502.0,1134613989,340541,112,494.0,505.0
2335,2018-09-08,505.0,527.0,505.0,526.0,3816878462,1093566,229,502.0,527.0
2336,2018-09-09,550.0,552.0,530.0,540.0,1818074452,507579,149,526.0,538.0
2337,2018-09-10,542.0,548.0,514.0,535.0,2322937138,654444,185,540.0,542.0
2338,2018-09-11,541.0,542.0,524.0,537.0,1950342872,546791,162,535.0,542.0
2339,2018-09-12,552.0,564.0,541.0,552.0,2627732897,717813,185,537.0,550.0
2340,2018-09-15,554.0,578.0,524.0,542.0,1785585286,496041,171,552.0,524.0
2341,2018-09-16,524.0,545.0,515.0,519.0,2154091541,625114,178,542.0,521.0
2342,2018-09-17,521.0,545.0,521.0,544.0,2219819093,615191,156,519.0,545.0
2343,2018-09-18,571.0,571.0,550.0,569.0,2305917904,611051,158,544.0,571.0
2344,2018-09-22,595.0,597.0,566.0,596.0,3302969265,834332,191,569.0,597.0
2345,2018-09-23,622.0,626.0,622.0,625.0,1765818141,425556,87,596.0,626.0
2346,2018-09-25,656.0,689.0,640.0,660.0,2852785727,651623,183,625.0,656.0
2347,2018-09-26,678.0,681.0,631.0,652.0,3378289193,780983,233,660.0,637.0
2348,2018-09-29,648.0,681.0,633.0,670.0,4187748753,941579,220,652.0,670.0
2349,2018-09-30,703.0,704.0,678.0,699.0,4465663599,962073,271,670.0,704.0
2350,2018-10-01,734.0,734.0,666.0,706.0,4229871933,902088,243,699.0,705.0
2351,2018-10-02,687.0,705.0,671.0,673.0,882968897,197600,78,706.0,671.0
2352,2018-10-03,640.0,640.0,640.0,657.0,236246985,55653,24,673.0,640.0
2353,2018-10-06,624.0,639.0,624.0,625.0,1664564144,401331,106,657.0,624.0
2354,2018-10-07,594.0,594.0,594.0,619.0,86985752,22072,11,625.0,594.0
2355,2018-10-08,588.0,588.0,588.0,604.0,210110199,53833,14,619.0,588.0
2356,2018-10-09,574.0,587.0,574.0,575.0,3979274438,1043431,189,604.0,574.0
2357,2018-10-10,546.0,546.0,546.0,546.0,603693168,166582,37,575.0,546.0
2358,2018-10-13,519.0,519.0,519.0,539.0,123954886,36002,12,546.0,519.0
2359,2018-10-15,512.0,546.0,512.0,516.0,4151889351,1212293,225,539.0,512.0
2360,2018-10-16,527.0,527.0,490.0,492.0,6356560543,1946802,343,516.0,496.0
2361,2018-10-17,509.0,509.0,471.0,479.0,2123660568,668625,143,492.0,485.0
2362,2018-10-20,502.0,502.0,486.0,502.0,2821383738,846806,133,479.0,502.0
2363,2018-10-21,519.0,519.0,490.0,500.0,859443952,258676,86,502.0,506.0
2364,2018-10-22,519.0,526.0,494.0,512.0,1614760094,475405,120,500.0,512.0
2365,2018-10-23,534.0,534.0,486.0,488.0,1427818910,441253,87,512.0,502.0
2366,2018-10-24,473.0,475.0,463.0,465.0,551494824,178815,43,488.0,463.0
2367,2018-10-27,441.0,441.0,441.0,454.0,220989390,75423,26,465.0,441.0
2368,2018-10-28,431.0,441.0,431.0,432.0,4340977516,1514731,206,454.0,431.0
2369,2018-10-29,452.0,452.0,433.0,439.0,709006053,243386,48,432.0,444.0
2370,2018-10-31,434.0,449.0,434.0,439.0,1054759148,362102,114,439.0,440.0
2371,2018-11-03,452.0,459.0,434.0,447.0,1234623017,415906,93,439.0,449.0
2372,2018-11-04,451.0,451.0,425.0,434.0,464722569,161521,51,447.0,425.0
2373,2018-11-05,424.0,444.0,422.0,429.0,831199075,292062,71,434.0,427.0
2374,2018-11-06,441.0,448.0,416.0,423.0,1124199536,400563,75,429.0,432.0
2375,2018-11-10,442.0,442.0,429.0,438.0,816908958,280822,110,423.0,437.0
2376,2018-11-11,447.0,447.0,416.0,419.0,869573166,312671,95,438.0,419.0
2377,2018-11-12,409.0,439.0,409.0,430.0,1143185919,400244,85,419.0,435.0
2378,2018-11-13,430.0,447.0,430.0,439.0,818867474,280801,67,430.0,442.0
2379,2018-11-14,430.0,443.0,429.0,437.0,419258264,144636,45,439.0,441.0
2380,2018-11-17,440.0,440.0,419.0,426.0,444124621,157353,52,437.0,432.0
2381,2018-11-18,436.0,436.0,405.0,409.0,913587805,336751,136,426.0,405.0
2382,2018-11-19,388.0,423.0,388.0,412.0,792079334,289442,58,409.0,422.0
2383,2018-11-20,432.0,433.0,409.0,415.0,206149229,74273,40,412.0,419.0
2384,2018-11-21,414.0,420.0,407.0,409.0,660544009,243466,62,415.0,408.0
2385,2018-11-24,408.0,417.0,399.0,405.0,702034149,260852,53,409.0,405.0
2386,2018-11-26,407.0,407.0,385.0,386.0,699889170,273155,88,405.0,385.0
2387,2018-11-27,404.0,405.0,386.0,388.0,431831304,167372,35,386.0,386.0
2388,2018-11-28,389.0,394.0,384.0,387.0,311348346,121473,44,388.0,394.0
2389,2018-12-01,369.0,379.0,368.0,375.0,320627225,130806,32,387.0,379.0
2390,2018-12-02,394.0,394.0,380.0,376.0,23590598,9160,9,375.0,380.0
2391,2018-12-03,379.0,384.0,370.0,376.0,108775122,43264,32,376.0,376.0
2392,2018-12-04,371.0,391.0,370.0,377.0,295444816,117920,53,376.0,373.0
2393,2018-12-05,374.0,396.0,374.0,392.0,469124558,179715,60,377.0,393.0
2394,2018-12-08,405.0,412.0,396.0,409.0,1286797297,473823,88,392.0,412.0
2395,2018-12-09,428.0,428.0,400.0,411.0,323206742,118288,45,409.0,401.0
2396,2018-12-10,411.0,416.0,407.0,411.0,234680266,85814,38,411.0,408.0
2397,2018-12-11,423.0,428.0,411.0,421.0,913871230,326769,92,411.0,423.0
2398,2018-12-12,412.0,428.0,409.0,417.0,274876170,100434,48,421.0,419.0
2399,2018-12-15,419.0,419.0,402.0,413.0,209937296,77316,25,417.0,413.0
2400,2018-12-16,413.0,413.0,397.0,408.0,325256694,121099,17,413.0,397.0
2401,2018-12-17,413.0,413.0,393.0,407.0,368488074,136551,39,408.0,408.0
2402,2018-12-18,413.0,413.0,393.0,400.0,300645808,114341,19,407.0,407.0
2403,2018-12-19,408.0,408.0,393.0,399.0,374414232,141375,20,400.0,393.0
2404,2018-12-22,413.0,413.0,393.0,402.0,439534846,164614,45,399.0,393.0
2405,2018-12-23,407.0,407.0,393.0,402.0,182431653,68497,45,402.0,396.0
2406,2018-12-24,413.0,413.0,396.0,402.0,129870303,48723,20,402.0,396.0
2407,2018-12-25,394.0,411.0,382.0,388.0,616907695,239301,71,402.0,382.0
2408,2018-12-26,396.0,396.0,383.0,390.0,244204015,93799,49,388.0,384.0
2409,2018-12-29,384.0,410.0,384.0,407.0,1376994855,509348,96,390.0,410.0
2410,2018-12-30,413.0,420.0,405.0,412.0,500851841,182902,62,407.0,407.0
2411,2018-12-31,413.0,413.0,400.0,409.0,192729732,72038,46,412.0,407.0
2412,2019-01-01,413.0,413.0,399.0,403.0,527086931,197021,48,409.0,401.0
2413,2019-01-02,392.0,411.0,392.0,407.0,786107356,290940,65,403.0,411.0
2414,2019-01-05,410.0,427.0,407.0,418.0,838731532,302597,107,407.0,420.0
2415,2019-01-06,420.0,427.0,414.0,423.0,488686226,173871,60,418.0,420.0
2416,2019-01-07,420.0,429.0,414.0,425.0,1014651621,359607,82,423.0,426.0
2417,2019-01-08,406.0,421.0,406.0,416.0,425064001,154421,40,425.0,413.0
2418,2019-01-09,408.0,436.0,408.0,419.0,438741915,157560,77,416.0,423.0
2419,2019-01-12,419.0,440.0,419.0,436.0,980762473,338825,93,419.0,440.0
2420,2019-01-13,458.0,458.0,458.0,458.0,782123118,257362,81,436.0,458.0
2421,2019-01-14,470.0,470.0,435.0,452.0,938960382,312678,105,458.0,449.0
2422,2019-01-15,459.0,467.0,435.0,448.0,629189857,211747,69,452.0,440.0
2423,2019-01-16,437.0,446.0,429.0,439.0,1021964244,350333,101,448.0,440.0
2424,2019-01-19,431.0,452.0,431.0,449.0,533000286,178981,52,439.0,444.0
2425,2019-01-20,440.0,440.0,433.0,439.0,459669438,158201,32,449.0,434.0
2426,2019-01-21,417.0,435.0,417.0,421.0,676933160,242457,54,439.0,417.0
2427,2019-01-22,414.0,432.0,414.0,418.0,358423206,129335,43,421.0,429.0
2428,2019-01-23,426.0,439.0,426.0,435.0,422074278,145055,61,418.0,439.0
2429,2019-01-26,449.0,457.0,439.0,450.0,1141956557,382205,111,435.0,457.0
2430,2019-01-27,455.0,457.0,437.0,451.0,343790865,114825,74,450.0,437.0
2431,2019-01-28,434.0,450.0,434.0,443.0,292271038,100748,34,451.0,435.0
2432,2019-01-29,452.0,452.0,437.0,442.0,153703400,52699,24,443.0,438.0
2433,2019-01-30,447.0,447.0,422.0,438.0,526844128,181149,67,442.0,425.0
2434,2019-02-02,452.0,452.0,433.0,444.0,512844276,173893,119,438.0,448.0
2435,2019-02-03,431.0,452.0,431.0,442.0,992476666,338272,113,444.0,443.0
2436,2019-02-04,452.0,452.0,437.0,441.0,544868586,186337,29,442.0,438.0
2437,2019-02-05,419.0,450.0,419.0,444.0,1224755354,415131,113,441.0,446.0
2438,2019-02-06,449.0,449.0,428.0,435.0,731113459,253283,44,444.0,446.0
2439,2019-02-10,423.0,447.0,423.0,430.0,284114090,100444,41,435.0,439.0
2440,2019-02-12,440.0,449.0,427.0,444.0,595393157,202074,79,430.0,427.0
2441,2019-02-13,444.0,444.0,423.0,429.0,790048886,277351,79,444.0,424.0
2442,2019-02-16,443.0,443.0,423.0,431.0,2112669750,738356,154,429.0,442.0
2443,2019-02-17,453.0,453.0,444.0,452.0,3348878984,1115102,225,431.0,453.0
2444,2019-02-18,460.0,475.0,460.0,470.0,772047808,247611,109,452.0,475.0
2445,2019-02-19,493.0,493.0,493.0,492.0,539236569,164753,59,470.0,493.0
2446,2019-02-20,516.0,516.0,516.0,510.0,437980881,127803,45,492.0,516.0
2447,2019-02-23,535.0,535.0,484.0,515.0,8741348127,2558264,380,510.0,492.0
2448,2019-02-24,490.0,512.0,489.0,490.0,1437776133,441703,132,515.0,489.0
2449,2019-02-25,475.0,497.0,470.0,477.0,1658785503,524367,125,490.0,484.0
2450,2019-02-26,482.0,493.0,467.0,474.0,264790347,84389,26,477.0,482.0
2451,2019-02-27,495.0,498.0,490.0,497.0,2411263046,730830,163,474.0,498.0
2452,2019-03-02,505.0,517.0,476.0,494.0,1010068819,307759,107,497.0,497.0
2453,2019-03-03,506.0,506.0,476.0,482.0,556501629,174105,61,494.0,482.0
2454,2019-03-04,498.0,499.0,461.0,468.0,1104881928,355479,130,482.0,478.0
2455,2019-03-05,490.0,492.0,464.0,476.0,1472960159,466384,92,468.0,484.0
2456,2019-03-06,476.0,489.0,466.0,476.0,553907643,175321,75,476.0,478.0
2457,2019-03-09,478.0,482.0,452.0,468.0,1509917741,486563,125,476.0,477.0
2458,2019-03-10,482.0,482.0,453.0,470.0,533601430,171091,71,468.0,473.0
2459,2019-03-11,475.0,477.0,465.0,472.0,395073153,125855,33,470.0,476.0
2460,2019-03-12,472.0,488.0,472.0,479.0,442593936,139076,29,472.0,473.0
2461,2019-03-13,469.0,479.0,455.0,467.0,509307581,164355,81,479.0,466.0
2462,2019-03-16,484.0,484.0,455.0,461.0,1115238034,364869,63,467.0,474.0
2463,2019-03-17,463.0,479.0,463.0,467.0,461666883,148670,59,461.0,464.0
2464,2019-03-18,481.0,481.0,464.0,469.0,595603226,191527,54,467.0,469.0
2465,2019-03-19,469.0,485.0,469.0,479.0,1134220857,356478,114,469.0,485.0
2466,2019-03-25,489.0,503.0,473.0,486.0,1456372505,451449,138,479.0,503.0
2467,2019-03-26,510.0,510.0,490.0,502.0,1568596580,471061,113,486.0,503.0
2468,2019-03-27,497.0,519.0,484.0,504.0,650869148,194388,75,502.0,494.0
2469,2019-03-30,490.0,517.0,490.0,512.0,716895419,211064,81,504.0,512.0
2470,2019-03-31,518.0,537.0,514.0,527.0,2424503621,693200,171,512.0,519.0
2471,2019-04-06,530.0,553.0,527.0,548.0,2748848481,756415,173,527.0,538.0
2472,2019-04-07,565.0,565.0,527.0,545.0,1946503045,537751,158,548.0,535.0
2473,2019-04-08,540.0,540.0,521.0,527.0,1818359245,519321,151,545.0,537.0
2474,2019-04-09,533.0,550.0,512.0,533.0,1539016876,434806,207,527.0,535.0
2475,2019-04-10,544.0,550.0,527.0,543.0,1798387835,499472,155,533.0,532.0
2476,2019-04-13,548.0,552.0,524.0,541.0,1503825035,418909,135,543.0,527.0
2477,2019-04-14,522.0,545.0,522.0,534.0,968792479,273455,77,541.0,538.0
2478,2019-04-15,538.0,560.0,538.0,553.0,3010432845,820793,237,534.0,544.0
2479,2019-04-16,559.0,565.0,535.0,550.0,3390860406,928913,243,553.0,537.0
2480,2019-04-17,568.0,570.0,528.0,541.0,1861801353,518076,86,550.0,548.0
2481,2019-04-20,548.0,565.0,544.0,549.0,1776215571,487004,120,541.0,550.0
2482,2019-04-22,563.0,577.0,550.0,573.0,4939564982,1299507,213,549.0,573.0
2483,2019-04-23,576.0,601.0,573.0,596.0,7123362322,1801333,276,573.0,577.0
2484,2019-04-24,586.0,587.0,566.0,571.0,5430900917,1432799,259,596.0,579.0
2485,2019-04-27,587.0,587.0,545.0,564.0,3312329067,885359,190,571.0,570.0
2486,2019-04-28,574.0,582.0,560.0,576.0,2135952220,558887,196,564.0,581.0
2487,2019-04-29,581.0,605.0,581.0,601.0,4297334365,1077444,156,576.0,605.0
2488,2019-04-30,630.0,631.0,595.0,620.0,4391470816,1067561,226,601.0,621.0
2489,2019-05-01,640.0,642.0,605.0,624.0,2533792724,611951,155,620.0,622.0
2490,2019-05-04,631.0,655.0,625.0,646.0,5901926817,1377223,244,624.0,655.0
2491,2019-05-05,621.0,669.0,618.0,640.0,3499993329,823603,191,646.0,631.0
2492,2019-05-06,619.0,646.0,608.0,614.0,4060131512,996568,211,640.0,608.0
2493,2019-05-07,595.0,596.0,583.0,589.0,608842276,155630,64,614.0,583.0
2494,2019-05-08,560.0,583.0,560.0,564.0,1939049536,517624,99,589.0,576.0
2495,2019-05-11,573.0,593.0,570.0,588.0,3039631031,778762,192,564.0,593.0
2496,2019-05-12,617.0,617.0,580.0,596.0,3719913277,939550,333,588.0,603.0
2497,2019-05-13,613.0,625.0,598.0,617.0,4433376525,1082997,277,596.0,622.0
2498,2019-05-14,633.0,648.0,633.0,647.0,2389913283,556301,170,617.0,648.0
2499,2019-05-15,663.0,678.0,621.0,657.0,4405738187,1009525,240,647.0,666.0
2500,2019-05-18,679.0,690.0,668.0,689.0,3255356453,711782,150,657.0,690.0
2501,2019-05-19,723.0,723.0,689.0,721.0,2006953057,419610,78,689.0,723.0
2502,2019-05-20,757.0,757.0,685.0,709.0,6410185082,1363019,346,721.0,729.0
2503,2019-05-21,689.0,744.0,689.0,741.0,5620946469,1142197,153,709.0,744.0
2504,2019-05-22,753.0,778.0,753.0,777.0,1427904250,277050,56,741.0,778.0
2505,2019-05-25,815.0,815.0,815.0,815.0,1001072877,185007,42,777.0,815.0
2506,2019-05-26,850.0,856.0,778.0,841.0,7560523313,1354220,340,815.0,856.0
2507,2019-05-28,883.0,883.0,883.0,883.0,1194915942,203841,49,841.0,883.0
2508,2019-05-29,927.0,927.0,927.0,924.0,557981525,90655,30,883.0,927.0
2509,2019-06-03,971.0,1019.0,922.0,963.0,8969641942,1402525,378,924.0,934.0
2510,2019-06-08,943.0,943.0,915.0,918.0,1429154828,234444,83,963.0,915.0
2511,2019-06-09,874.0,964.0,874.0,928.0,10831039956,1758621,402,918.0,964.0
2512,2019-06-10,974.0,974.0,936.0,963.0,5077357882,794559,196,928.0,974.0
2513,2019-06-11,1009.0,1011.0,1009.0,1011.0,16414815490,2446879,247,963.0,1011.0
2514,2019-06-12,1011.0,1061.0,995.0,1050.0,13733241884,1971228,393,1011.0,1033.0
2515,2019-06-15,1049.0,1049.0,997.0,1001.0,6963636958,1047568,229,1050.0,1014.0
2516,2019-06-16,1017.0,1051.0,1012.0,1038.0,7547334783,1095854,168,1001.0,1051.0
2517,2019-06-17,1071.0,1071.0,986.0,997.0,1997835737,301849,145,1038.0,986.0
2518,2019-06-18,985.0,1039.0,948.0,959.0,2945116767,462810,204,997.0,976.0
2519,2019-06-19,921.0,956.0,911.0,913.0,5071250891,836433,194,959.0,911.0
2520,2019-06-22,885.0,959.0,868.0,938.0,5559945613,893343,204,913.0,959.0
2521,2019-06-23,959.0,985.0,931.0,984.0,1857050881,284337,64,938.0,985.0
2522,2019-06-24,1033.0,1033.0,1033.0,1033.0,1013972018,147874,23,984.0,1033.0
2523,2019-06-25,1085.0,1085.0,995.0,1079.0,14051508169,1961384,316,1033.0,1085.0
2524,2019-06-26,1133.0,1133.0,1133.0,1133.0,3508346327,466414,92,1079.0,1133.0
2525,2019-06-30,1190.0,1190.0,1166.0,1189.0,12059762350,1528226,301,1133.0,1190.0
2526,2019-07-01,1189.0,1248.0,1130.0,1213.0,18796926737,2335226,481,1189.0,1248.0
2527,2019-07-02,1273.0,1273.0,1207.0,1273.0,3600378090,426062,84,1213.0,1273.0
2528,2019-07-03,1337.0,1337.0,1337.0,1337.0,3073331776,346408,62,1273.0,1337.0
2529,2019-07-06,1403.0,1403.0,1403.0,1403.0,1288469430,138322,41,1337.0,1403.0
2530,2019-07-07,1473.0,1473.0,1473.0,1473.0,1901114640,194388,39,1403.0,1473.0
2531,2019-07-08,1547.0,1547.0,1492.0,1546.0,59529502234,5802260,651,1473.0,1547.0
2532,2019-07-14,1623.0,1704.0,1542.0,1575.0,11461760862,1096421,283,1546.0,1542.0
2533,2019-07-15,1496.0,1544.0,1496.0,1498.0,24034454929,2418022,429,1575.0,1496.0
2534,2019-07-16,1493.0,1493.0,1423.0,1428.0,1649946692,174127,90,1498.0,1423.0
2535,2019-07-22,1495.0,1567.0,1450.0,1515.0,21035566725,2096815,305,1428.0,1480.0
2536,2019-07-23,1480.0,1590.0,1439.0,1532.0,13576202521,1337697,244,1515.0,1590.0
2537,2019-07-24,1609.0,1609.0,1609.0,1609.0,1598314752,149992,34,1532.0,1609.0
2538,2019-07-27,1689.0,1689.0,1689.0,1689.0,2270011636,202897,33,1609.0,1689.0
2539,2019-07-28,1774.0,1774.0,1706.0,1768.0,20211339350,1725547,421,1689.0,1774.0
2540,2019-07-29,1850.0,1857.0,1736.0,1827.0,10454674481,863753,254,1768.0,1857.0
2541,2019-07-30,1919.0,1919.0,1857.0,1919.0,7030130947,553183,135,1827.0,1919.0
2542,2019-07-31,2015.0,2015.0,2015.0,2015.0,9281659392,695568,101,1919.0,2015.0
2543,2019-08-03,2115.0,2115.0,2115.0,2115.0,1120880000,80000,26,2015.0,2115.0
2544,2019-08-04,2221.0,2221.0,2221.0,2221.0,1692294596,115036,33,2115.0,2221.0
2545,2019-08-05,2265.0,2332.0,2110.0,2246.0,44738765138,3007881,827,2221.0,2332.0
2546,2019-08-06,2340.0,2340.0,2332.0,2340.0,1388604280,89588,21,2246.0,2332.0
2547,2019-08-10,2457.0,2580.0,2348.0,2524.0,14976037627,895844,344,2340.0,2580.0
2548,2019-08-11,2650.0,2650.0,2582.0,2648.0,18579990307,1059467,387,2524.0,2650.0
2549,2019-08-13,2780.0,2780.0,2780.0,2780.0,7236216935,392995,66,2648.0,2780.0
2550,2019-08-14,2919.0,2919.0,2793.0,2918.0,27091268325,1401487,299,2780.0,2919.0
2551,2019-08-17,3033.0,3064.0,2929.0,3030.0,7679483450,382594,141,2918.0,3064.0
2552,2019-08-18,3182.0,3182.0,3182.0,3182.0,6033435300,286284,155,3030.0,3182.0
2553,2019-08-19,3341.0,3341.0,3341.0,3341.0,12132162816,548272,128,3182.0,3341.0
2554,2019-08-21,3508.0,3508.0,3508.0,3508.0,13758106036,592154,91,3341.0,3508.0
2555,2019-08-24,3683.0,3683.0,3333.0,3667.0,43630695831,1796293,650,3508.0,3683.0
2556,2019-08-25,3850.0,3850.0,3683.0,3819.0,65610817543,2593771,1020,3667.0,3850.0
2557,2019-08-31,4010.0,4206.0,3810.0,4043.0,31220005741,1165771,826,3819.0,4075.0
2558,2019-09-01,4211.0,4211.0,3841.0,3861.0,6400258371,250252,202,4043.0,3841.0
2559,2019-09-02,3668.0,3880.0,3668.0,3687.0,38009502799,1556645,630,3861.0,3668.0
2560,2019-09-03,3624.0,3871.0,3502.0,3683.0,76573350003,3139094,944,3687.0,3871.0
2561,2019-09-04,3867.0,3867.0,3759.0,3865.0,32358061747,1263920,292,3683.0,3867.0
2562,2019-09-07,4059.0,4059.0,3895.0,4030.0,27397082111,1026539,631,3865.0,4059.0
2563,2019-09-08,4203.0,4203.0,3828.0,3890.0,28419227747,1103129,811,4030.0,3888.0
2564,2019-09-11,3925.0,3925.0,3695.0,3709.0,15393966540,626681,369,3890.0,3695.0
2565,2019-09-14,3641.0,3850.0,3578.0,3648.0,22507657771,931451,557,3709.0,3582.0
2566,2019-09-15,3737.0,3737.0,3503.0,3579.0,12997951209,548393,528,3648.0,3579.0
2567,2019-09-16,3623.0,3699.0,3400.0,3449.0,16904765678,740000,544,3579.0,3400.0
2568,2019-09-17,3460.0,3460.0,3277.0,3290.0,14471826127,664020,384,3449.0,3277.0
2569,2019-09-18,3140.0,3455.0,3140.0,3350.0,20159808633,908551,534,3290.0,3455.0
2570,2019-09-21,3518.0,3518.0,3518.0,3518.0,2389722456,102572,67,3350.0,3518.0
2571,2019-09-22,3693.0,3693.0,3693.0,3693.0,5811975504,237592,94,3518.0,3693.0
2572,2019-09-23,3862.0,3878.0,3758.0,3874.0,45318448361,1766252,576,3693.0,3878.0
2573,2019-09-24,4066.0,4066.0,3680.0,3815.0,29482602385,1166908,617,3874.0,3680.0
2574,2019-09-25,3739.0,4001.0,3639.0,3793.0,13060264281,519802,430,3815.0,3756.0
2575,2019-09-28,3925.0,3983.0,3604.0,3826.0,51645253150,2037746,880,3793.0,3983.0
2576,2019-09-29,3850.0,3966.0,3635.0,3836.0,12659662714,498256,338,3826.0,3800.0
2577,2019-09-30,3648.0,3878.0,3648.0,3766.0,8321175099,333636,317,3836.0,3771.0
2578,2019-10-01,3820.0,3820.0,3577.0,3596.0,16028286057,672918,461,3766.0,3577.0
2579,2019-10-02,3548.0,3548.0,3417.0,3418.0,18238356883,805723,321,3596.0,3417.0
2580,2019-10-05,3248.0,3420.0,3247.0,3264.0,16876881109,780611,614,3418.0,3247.0
2581,2019-10-06,3247.0,3397.0,3101.0,3269.0,10935442657,505108,468,3264.0,3359.0
2582,2019-10-07,3172.0,3432.0,3172.0,3426.0,10217048756,450214,246,3269.0,3432.0
2583,2019-10-08,3598.0,3598.0,3598.0,3598.0,14138319972,593349,224,3426.0,3598.0
2584,2019-10-09,3775.0,3777.0,3698.0,3776.0,35412859027,1416079,436,3598.0,3777.0
2585,2019-10-12,3959.0,3964.0,3903.0,3956.0,13837488771,528149,239,3776.0,3964.0
2586,2019-10-13,4107.0,4153.0,4076.0,4144.0,11451802790,417255,272,3956.0,4153.0
2587,2019-10-14,4351.0,4351.0,4227.0,4350.0,30753076295,1067455,652,4144.0,4351.0
2588,2019-10-15,4567.0,4567.0,4132.0,4345.0,39083065177,1358157,760,4350.0,4132.0
2589,2019-10-16,4128.0,4128.0,4128.0,4161.0,1850986995,67705,141,4345.0,4128.0
2590,2019-10-20,3953.0,3953.0,3953.0,4090.0,710788936,27148,28,4161.0,3953.0
2591,2019-10-21,3886.0,3886.0,3886.0,4040.0,507321718,19711,23,4090.0,3886.0
2592,2019-10-22,3838.0,4242.0,3838.0,3883.0,16163840113,628488,512,4040.0,3838.0
2593,2019-10-23,3835.0,3850.0,3689.0,3691.0,5961376060,243857,119,3883.0,3689.0
2594,2019-10-26,3506.0,3506.0,3506.0,3645.0,459440392,19783,22,3691.0,3506.0
2595,2019-10-28,3473.0,3820.0,3463.0,3547.0,24466152580,1041333,770,3645.0,3744.0
2596,2019-10-30,3725.0,3725.0,3725.0,3725.0,2023968105,82045,99,3547.0,3725.0
2597,2019-11-02,3911.0,3911.0,3655.0,3844.0,20761499421,815521,631,3725.0,3911.0
2598,2019-11-03,3956.0,3956.0,3652.0,3750.0,8968735873,361073,306,3844.0,3652.0
2599,2019-11-04,3705.0,3705.0,3563.0,3576.0,8872467820,374641,370,3750.0,3563.0
2600,2019-11-05,3399.0,3753.0,3399.0,3636.0,5248717325,217945,252,3576.0,3624.0
2601,2019-11-09,3774.0,3774.0,3473.0,3556.0,5577944757,236824,252,3636.0,3533.0
2602,2019-11-10,3473.0,3658.0,3412.0,3479.0,4495110355,195090,215,3556.0,3480.0
2603,2019-11-11,3616.0,3653.0,3473.0,3649.0,28444278982,1176753,741,3479.0,3653.0
2604,2019-11-12,3829.0,3829.0,3467.0,3590.0,13367508258,562189,740,3649.0,3533.0
2605,2019-11-13,3638.0,3638.0,3427.0,3533.0,22087126463,943949,495,3590.0,3559.0
2606,2019-11-16,3608.0,3608.0,3356.0,3386.0,18734891840,835491,679,3533.0,3356.0
2607,2019-11-17,3216.0,3216.0,3216.0,3267.0,1191647214,55938,74,3386.0,3216.0
2608,2019-11-18,3104.0,3216.0,3104.0,3118.0,17073596480,826725,528,3267.0,3104.0
2609,2019-11-19,3036.0,3274.0,3036.0,3256.0,24974305003,1158076,749,3118.0,3274.0
2610,2019-11-20,3306.0,3363.0,3186.0,3246.0,12305413967,572347,439,3256.0,3270.0
2611,2019-11-23,3231.0,3291.0,3084.0,3101.0,41091370389,2000915,1201,3246.0,3132.0
2612,2019-11-24,3154.0,3243.0,2959.0,3095.0,63754617550,3110457,1282,3101.0,3186.0
2613,2019-11-25,3233.0,3249.0,3186.0,3244.0,52668526829,2450985,1119,3095.0,3249.0
2614,2019-11-26,3352.0,3352.0,3126.0,3237.0,21680367630,1011278,846,3244.0,3214.0
2615,2019-11-27,3245.0,3245.0,3075.0,3088.0,61221179959,2993032,1853,3237.0,3119.0
2616,2019-11-30,3125.0,3243.0,3080.0,3208.0,51043890029,2402556,1762,3088.0,3243.0
2617,2019-12-01,3317.0,3368.0,3279.0,3351.0,28775451955,1296398,748,3208.0,3368.0
2618,2019-12-02,3518.0,3518.0,3184.0,3316.0,51690266671,2353648,1951,3351.0,3246.0
2619,2019-12-03,3321.0,3352.0,3187.0,3266.0,30068028377,1390193,916,3316.0,3246.0
2620,2019-12-04,3261.0,3355.0,3248.0,3306.0,28325549900,1293395,995,3266.0,3314.0
2621,2019-12-07,3412.0,3412.0,3255.0,3314.0,35438166590,1614519,1226,3306.0,3273.0
2622,2019-12-08,3251.0,3397.0,3231.0,3314.0,43096324678,1963289,1255,3314.0,3334.0
2623,2019-12-09,3412.0,3480.0,3412.0,3477.0,32336284294,1404216,694,3314.0,3480.0
2624,2019-12-10,3646.0,3646.0,3389.0,3579.0,40250517330,1697863,1414,3477.0,3412.0
2625,2019-12-11,3406.0,3548.0,3400.0,3438.0,38069638961,1671862,1321,3579.0,3463.0
2626,2019-12-14,3473.0,3563.0,3367.0,3428.0,29688825201,1307556,1152,3438.0,3390.0
2627,2019-12-15,3397.0,3397.0,3284.0,3323.0,47952269284,2178678,1480,3428.0,3291.0
2628,2019-12-16,3291.0,3321.0,3157.0,3269.0,28456524347,1314084,1121,3323.0,3313.0
2629,2019-12-17,3397.0,3397.0,3276.0,3329.0,21452446751,973018,954,3269.0,3320.0
2630,2019-12-18,3321.0,3412.0,3162.0,3235.0,38484513238,1796113,1409,3329.0,3276.0
2631,2019-12-21,3346.0,3346.0,3223.0,3266.0,20706559325,957358,1061,3235.0,3313.0
2632,2019-12-22,3396.0,3397.0,3322.0,3365.0,23122897835,1037437,958,3266.0,3397.0
2633,2019-12-23,3473.0,3533.0,3205.0,3473.0,77675037035,3376530,2037,3365.0,3442.0
2634,2019-12-24,3482.0,3647.0,3473.0,3611.0,59317961852,2480429,1793,3473.0,3647.0
2635,2019-12-25,3775.0,3775.0,3531.0,3689.0,48551219933,1986944,1689,3611.0,3713.0
2636,2019-12-28,3713.0,3713.0,3505.0,3561.0,74978960175,3178916,2774,3689.0,3530.0
2637,2019-12-29,3530.0,3590.0,3408.0,3504.0,51953026958,2238735,1816,3561.0,3544.0
2638,2019-12-30,3475.0,3611.0,3475.0,3574.0,29624431232,1251638,1155,3504.0,3593.0
2639,2019-12-31,3622.0,3623.0,3412.0,3489.0,25764578208,1114790,1116,3574.0,3468.0
2640,2020-01-01,3551.0,3571.0,3419.0,3478.0,22958991124,996523,1020,3489.0,3456.0
2641,2020-01-04,3305.0,3305.0,3305.0,3305.0,1881733248,85971,135,3478.0,3305.0
2642,2020-01-05,3139.0,3261.0,3139.0,3144.0,33292335394,1598633,1065,3305.0,3139.0
2643,2020-01-07,3050.0,3139.0,2987.0,3024.0,9690250541,483737,533,3144.0,2987.0
2644,2020-01-08,2964.0,2964.0,2964.0,2986.0,995440560,50705,75,3024.0,2964.0
2645,2020-01-11,3046.0,3046.0,3046.0,3046.0,8349806430,413910,171,2986.0,3046.0
2646,2020-01-12,3198.0,3198.0,3198.0,3198.0,2307415778,108938,43,3046.0,3198.0
2647,2020-01-13,3358.0,3358.0,3322.0,3357.0,25421602913,1143244,782,3198.0,3358.0
2648,2020-01-14,3472.0,3472.0,3198.0,3332.0,13450049207,609535,681,3357.0,3284.0
2649,2020-01-15,3352.0,3397.0,3216.0,3307.0,22612887493,1032445,1029,3332.0,3376.0
2650,2020-01-18,3472.0,3472.0,3345.0,3404.0,24629714433,1092520,1001,3307.0,3350.0
2651,2020-01-19,3441.0,3457.0,3323.0,3390.0,24514096884,1091701,958,3404.0,3376.0
2652,2020-01-20,3382.0,3427.0,3322.0,3357.0,24602522460,1106519,1017,3390.0,3367.0
2653,2020-01-21,3410.0,3525.0,3367.0,3477.0,37796597827,1641385,1124,3357.0,3525.0
2654,2020-01-22,3608.0,3608.0,3473.0,3587.0,35762027174,1505453,1401,3477.0,3603.0
2655,2020-01-25,3691.0,3766.0,3691.0,3753.0,31060539396,1249612,826,3587.0,3766.0
2656,2020-01-26,3940.0,3940.0,3775.0,3891.0,72456800310,2811547,2168,3753.0,3940.0
2657,2020-01-27,3940.0,4061.0,3925.0,3990.0,29240083144,1106378,1017,3891.0,4006.0
2658,2020-01-28,4052.0,4052.0,3791.0,3847.0,38636641771,1516425,1717,3990.0,3835.0
2659,2020-02-01,3926.0,3926.0,3688.0,3852.0,54891567561,2151481,1554,3847.0,3872.0
2660,2020-02-02,3775.0,3925.0,3710.0,3840.0,33150914322,1303257,1172,3852.0,3910.0
2661,2020-02-03,3993.0,3993.0,3823.0,3900.0,24406062666,944820,861,3840.0,3879.0
2662,2020-02-04,3873.0,3877.0,3767.0,3816.0,31014922282,1227025,970,3900.0,3877.0
2663,2020-02-05,3925.0,3963.0,3880.0,3926.0,23847527127,917026,1035,3816.0,3925.0
2664,2020-02-08,3993.0,4123.0,3993.0,4108.0,55588486010,2043143,1093,3926.0,4123.0
2665,2020-02-09,4313.0,4313.0,4313.0,4313.0,19950221522,698366,501,4108.0,4313.0
2666,2020-02-10,4529.0,4529.0,4107.0,4464.0,130250992558,4405505,2671,4313.0,4529.0
2667,2020-02-12,4687.0,4687.0,4680.0,4687.0,62664863769,2018602,904,4464.0,4687.0
2668,2020-02-15,4921.0,4921.0,4921.0,4921.0,27162344588,833303,422,4687.0,4921.0
2669,2020-02-16,5167.0,5167.0,5167.0,5167.0,9669178550,282518,202,4921.0,5167.0
2670,2020-02-17,5426.0,5426.0,5426.0,5426.0,20840580096,579936,299,5167.0,5426.0
2671,2020-02-18,5697.0,5697.0,5154.0,5382.0,221783449839,6222246,4224,5426.0,5212.0
2672,2020-02-19,5112.0,5450.0,5112.0,5242.0,98881608087,2847947,3036,5382.0,5177.0
2673,2020-02-22,4980.0,5503.0,4980.0,5307.0,61362293710,1745620,1905,5242.0,5367.0
2674,2020-02-23,5494.0,5572.0,5224.0,5433.0,67584740467,1878177,1853,5307.0,5244.0
2675,2020-02-24,5316.0,5511.0,5164.0,5312.0,76651196615,2178565,1932,5433.0,5299.0
2676,2020-02-25,5358.0,5358.0,5058.0,5167.0,74648315395,2181229,2249,5312.0,5138.0
2677,2020-02-26,5198.0,5198.0,4998.0,5077.0,44605570786,1326606,1558,5167.0,5004.0
2678,2020-02-29,4824.0,4982.0,4823.0,4869.0,38673808963,1199296,1314,5077.0,4892.0
2679,2020-03-01,4848.0,5112.0,4848.0,5099.0,40540904402,1200356,663,4869.0,5112.0
2680,2020-03-02,5354.0,5354.0,4982.0,5127.0,43291156347,1273705,1634,5099.0,5044.0
2681,2020-03-03,5133.0,5133.0,4893.0,4972.0,75366190728,2288730,2646,5127.0,4979.0
2682,2020-03-04,5133.0,5133.0,4979.0,5027.0,40930126509,1226548,1563,4972.0,5005.0
2683,2020-03-07,4872.0,4872.0,4775.0,4799.0,44068627977,1391646,1432,5027.0,4775.0
2684,2020-03-09,4608.0,4786.0,4559.0,4660.0,29615903848,975314,1302,4799.0,4559.0
2685,2020-03-10,4427.0,4829.0,4427.0,4642.0,26059036801,849965,1224,4660.0,4635.0
2686,2020-03-11,4874.0,4874.0,4771.0,4794.0,31939221033,989715,972,4642.0,4874.0
2687,2020-03-14,5031.0,5031.0,4554.0,4737.0,17530546292,570941,727,4794.0,4554.0
2688,2020-03-15,4500.0,4682.0,4500.0,4647.0,18319347805,613849,943,4737.0,4507.0
2689,2020-03-16,4575.0,4862.0,4469.0,4687.0,20555704685,654225,845,4647.0,4531.0
2690,2020-03-17,4799.0,4831.0,4453.0,4652.0,10525189908,350840,576,4687.0,4575.0
2691,2020-03-18,4484.0,4689.0,4479.0,4605.0,19916099767,662180,1167,4652.0,4575.0
2692,2020-03-24,4643.0,4756.0,4469.0,4579.0,13768653546,460787,792,4605.0,4513.0
2693,2020-03-25,4514.0,4731.0,4424.0,4598.0,33627633857,1101893,1516,4579.0,4706.0
2694,2020-03-28,4822.0,4828.0,4763.0,4701.0,24517408673,768260,985,4598.0,4828.0
2695,2020-03-29,4936.0,4936.0,4516.0,4765.0,30101096724,944470,1185,4701.0,4661.0
2696,2020-03-30,4726.0,4982.0,4529.0,4730.0,22871090993,736720,1016,4765.0,4830.0
2697,2020-04-04,4966.0,4966.0,4815.0,4888.0,40113065133,1227090,1011,4730.0,4966.0
2698,2020-04-05,5103.0,5132.0,5014.0,5050.0,40987712862,1212994,829,4888.0,5132.0
2699,2020-04-06,5303.0,5303.0,4798.0,5183.0,45298061997,1312233,1560,5050.0,5284.0
2700,2020-04-07,4952.0,5284.0,4952.0,5091.0,47200334653,1403400,1695,5183.0,5118.0
2701,2020-04-08,5133.0,5281.0,4930.0,5055.0,60175926966,1797419,1934,5091.0,5139.0
2702,2020-04-11,5139.0,5139.0,4960.0,5059.0,33818789020,1008972,1114,5055.0,4982.0
2703,2020-04-12,4982.0,5133.0,4937.0,5031.0,42940486219,1289618,1443,5059.0,5013.0
2704,2020-04-13,5111.0,5133.0,4847.0,5021.0,41885110913,1260025,1068,5031.0,4877.0
2705,2020-04-14,4771.0,5164.0,4770.0,4957.0,27827761709,855926,1216,5021.0,4877.0
2706,2020-04-15,5099.0,5099.0,4877.0,4992.0,39105260910,1180380,1214,4957.0,4982.0
2707,2020-04-18,5204.0,5242.0,5148.0,5173.0,41715532515,1206889,734,4992.0,5242.0
2708,2020-04-19,5360.0,5432.0,5133.0,5369.0,85878367866,2415036,1594,5173.0,5238.0
2709,2020-04-20,5426.0,5636.0,5238.0,5478.0,40262054143,1101348,1154,5369.0,5603.0
2710,2020-04-21,5722.0,5722.0,5285.0,5440.0,44501859943,1237134,1164,5478.0,5435.0
2711,2020-04-22,5435.0,5435.0,5209.0,5276.0,60709795865,1737304,1747,5440.0,5283.0
2712,2020-04-25,5390.0,5540.0,5360.0,5492.0,55605835345,1528767,1141,5276.0,5540.0
2713,2020-04-26,5766.0,5766.0,5269.0,5516.0,80013219367,2190186,1877,5492.0,5503.0
2714,2020-04-27,5677.0,5677.0,5266.0,5484.0,50384618395,1387451,1230,5516.0,5420.0
2715,2020-04-28,5405.0,5758.0,5253.0,5518.0,91330721827,2498758,2066,5484.0,5758.0
2716,2020-04-29,5794.0,5794.0,5794.0,5623.0,20764259620,541060,309,5518.0,5794.0
2717,2020-05-02,5904.0,5904.0,5904.0,5726.0,19374676234,495478,275,5623.0,5904.0
2718,2020-05-03,6013.0,6013.0,6013.0,5995.0,50252113520,1261855,902,5726.0,6013.0
2719,2020-05-04,6281.0,6295.0,5696.0,6116.0,73571141129,1816093,1213,5995.0,6295.0
2720,2020-05-05,6422.0,6422.0,5814.0,6254.0,98561690693,2379459,1714,6116.0,6422.0
2721,2020-05-06,6553.0,6567.0,6039.0,6377.0,48475628429,1143982,1252,6254.0,6567.0
2722,2020-05-09,6695.0,6695.0,6567.0,6590.0,35887207933,810084,727,6377.0,6695.0
2723,2020-05-10,6919.0,6919.0,6342.0,6737.0,45763602041,1022081,1270,6590.0,6659.0
2724,2020-05-11,6794.0,6794.0,6400.0,6593.0,26383954732,616594,638,6737.0,6400.0
2725,2020-05-12,6263.0,6263.0,6263.0,6537.0,8263737252,199203,202,6593.0,6263.0
2726,2020-05-13,6211.0,6583.0,6211.0,6313.0,61037997956,1459721,1065,6537.0,6211.0
2727,2020-05-16,5998.0,6211.0,5998.0,6272.0,6314922660,158848,200,6313.0,5998.0
2728,2020-05-17,5958.0,5958.0,5958.0,6229.0,6479081128,164177,117,6272.0,5958.0
2729,2020-05-18,5918.0,6403.0,5918.0,6006.0,91554528756,2301550,1734,6229.0,5979.0
2730,2020-05-19,5906.0,6166.0,5706.0,5778.0,53724296986,1403718,1451,6006.0,5706.0
2731,2020-05-20,5706.0,5888.0,5490.0,5596.0,32775887376,894168,1064,5778.0,5490.0
2732,2020-05-23,5316.0,5546.0,5316.0,5476.0,23368864569,659401,724,5596.0,5316.0
2733,2020-05-26,5202.0,5316.0,5202.0,5446.0,5097696288,147948,183,5476.0,5202.0
2734,2020-05-27,5174.0,5526.0,5174.0,5253.0,40759220615,1177862,875,5446.0,5174.0
2735,2020-05-30,5179.0,5515.0,5179.0,5366.0,40230977834,1125480,953,5253.0,5514.0
2736,2020-05-31,5556.0,5571.0,5097.0,5329.0,14751313059,424919,587,5366.0,5210.0
2737,2020-06-01,5082.0,5435.0,5077.0,5284.0,18391519140,533148,613,5329.0,5164.0
2738,2020-06-02,5164.0,5548.0,5164.0,5516.0,56084470532,1535089,960,5284.0,5548.0
2739,2020-06-06,5634.0,5792.0,5530.0,5605.0,30766611779,820014,1019,5516.0,5654.0
2740,2020-06-07,5733.0,5885.0,5662.0,5826.0,72393959988,1875953,1658,5605.0,5885.0
2741,2020-06-08,6118.0,5888.0,5535.0,5732.0,34005747911,903304,937,5826.0,5612.0
2742,2020-06-09,5612.0,5651.0,5446.0,5643.0,23380610256,637146,711,5732.0,5511.0
2743,2020-06-10,5612.0,5737.0,5435.0,5552.0,42935633799,1170776,1180,5643.0,5487.0
2744,2020-06-13,5592.0,5829.0,5435.0,5736.0,71920419570,1893364,1536,5552.0,5829.0
2745,2020-06-14,6009.0,6021.0,5499.0,5872.0,49818127440,1279106,1096,5736.0,6021.0
2746,2020-06-15,6165.0,6165.0,6165.0,6009.0,26078896770,638719,373,5872.0,6165.0
2747,2020-06-16,6309.0,6309.0,6309.0,6143.0,25305850920,605548,739,6009.0,6309.0
2748,2020-06-20,6338.0,6338.0,5941.0,6047.0,61878046220,1545100,1779,6143.0,5944.0
2749,2020-06-21,5979.0,5979.0,5745.0,5805.0,46204310610,1202657,1412,6047.0,5808.0
2750,2020-06-22,5737.0,5941.0,5737.0,5854.0,40973064100,1055275,1133,5805.0,5888.0
2751,2020-06-23,5964.0,6130.0,5722.0,5891.0,87209544330,2234989,1799,5854.0,5783.0
2752,2020-06-24,5598.0,5873.0,5597.0,5689.0,42235928570,1124483,750,5891.0,5692.0
2753,2020-06-27,5876.0,5973.0,5709.0,5924.0,66601091000,1697120,893,5689.0,5973.0
2754,2020-06-28,6036.0,6036.0,5629.0,5742.0,47333124230,1247320,922,5924.0,5629.0
2755,2020-06-29,5459.0,5888.0,5458.0,5695.0,35387193800,941458,973,5742.0,5811.0
2756,2020-06-30,5798.0,5979.0,5737.0,5911.0,44212709280,1121864,1184,5695.0,5979.0
2757,2020-07-01,6171.0,6171.0,5737.0,5861.0,53322799410,1373638,1383,5911.0,5813.0
2758,2020-07-04,5903.0,5903.0,5568.0,5677.0,41766755900,1116516,1120,5861.0,5677.0
2759,2020-07-05,5677.0,5903.0,5435.0,5704.0,43962136520,1163021,1047,5677.0,5801.0
2760,2020-07-06,5888.0,5988.0,5801.0,5964.0,83293938410,2108729,1533,5704.0,5988.0
2761,2020-07-07,6248.0,6248.0,5666.0,5879.0,51499109560,1322513,1247,5964.0,5796.0
2762,2020-07-08,5885.0,5885.0,5586.0,5706.0,32717643250,878368,856,5879.0,5586.0
2763,2020-07-11,5422.0,5888.0,5422.0,5601.0,27651741740,755950,781,5706.0,5707.0
2764,2020-07-12,5789.0,5881.0,5710.0,5841.0,47596564440,1226175,924,5601.0,5813.0
2765,2020-07-13,5888.0,5946.0,5601.0,5826.0,23746663830,617150,702,5841.0,5733.0
2766,2020-07-14,5589.0,5911.0,5586.0,5763.0,38390824220,1009347,959,5826.0,5665.0
2767,2020-07-15,5911.0,5911.0,5512.0,5734.0,20503327600,543780,699,5763.0,5737.0
2768,2020-07-18,5737.0,6020.0,5737.0,5914.0,35399562610,890732,605,5734.0,6020.0
2769,2020-07-19,6208.0,6208.0,6060.0,6171.0,47859626410,1164812,1001,5914.0,6208.0
2770,2020-07-20,6426.0,6479.0,6293.0,6409.0,52918981170,1243770,1097,6171.0,6476.0
2771,2020-07-21,6590.0,6590.0,6089.0,6353.0,45034756490,1072499,1103,6409.0,6266.0
2772,2020-07-22,6098.0,6220.0,6036.0,6211.0,27571800910,684644,669,6353.0,6094.0
2773,2020-07-25,6211.0,6211.0,5902.0,6062.0,38529297950,965678,962,6211.0,5994.0
2774,2020-07-26,5761.0,5926.0,5760.0,5885.0,27302457490,715558,669,6062.0,5760.0
2775,2020-07-27,5592.0,5783.0,5592.0,5725.0,24735853080,667554,540,5885.0,5592.0
2776,2020-07-28,5586.0,5715.0,5440.0,5579.0,30038009830,823124,817,5725.0,5443.0
2777,2020-07-29,5390.0,5580.0,5301.0,5449.0,29167336970,817641,785,5579.0,5449.0
2778,2020-08-01,5579.0,5632.0,5435.0,5484.0,22224542920,606935,763,5449.0,5570.0
2779,2020-08-02,5210.0,5757.0,5210.0,5506.0,26979444760,737168,820,5484.0,5435.0
2780,2020-08-03,5372.0,5372.0,5231.0,5417.0,19192266630,548523,621,5506.0,5271.0
2781,2020-08-04,5269.0,5583.0,5147.0,5334.0,32101248440,916004,971,5417.0,5576.0
2782,2020-08-05,5594.0,5594.0,5373.0,5419.0,25693010150,705143,752,5334.0,5550.0
2783,2020-08-09,5585.0,5585.0,5148.0,5375.0,21596385370,612951,729,5419.0,5231.0
2784,2020-08-10,5148.0,5209.0,5106.0,5239.0,24838663280,733002,618,5375.0,5106.0
2785,2020-08-11,4978.0,5058.0,4978.0,5174.0,11432976710,346688,349,5239.0,4978.0
2786,2020-08-12,4922.0,5431.0,4917.0,5144.0,8646869680,260600,388,5174.0,4940.0
2787,2020-08-15,5100.0,5132.0,4887.0,5115.0,5937471920,182415,303,5144.0,4967.0
2788,2020-08-16,4860.0,4981.0,4860.0,5085.0,5818305200,180607,190,5115.0,4860.0
2789,2020-08-17,4831.0,5013.0,4831.0,5046.0,7633300510,237882,329,5085.0,4902.0
2790,2020-08-18,5046.0,5284.0,4794.0,5044.0,6927442160,207614,480,5046.0,4831.0
2791,2020-08-19,4831.0,4875.0,4792.0,5020.0,4598277130,144644,224,5044.0,4795.0
2792,2020-08-22,4874.0,5020.0,4769.0,4996.0,5074438480,159695,288,5020.0,4831.0
2793,2020-08-23,4747.0,4904.0,4747.0,4991.0,987762240,31396,72,4996.0,4747.0
2794,2020-08-24,4742.0,4742.0,4742.0,4987.0,878694750,27975,38,4991.0,4742.0
2795,2020-08-25,4738.0,5236.0,4738.0,4972.0,16952757480,517610,462,4987.0,4863.0
2796,2020-08-26,4724.0,5209.0,4724.0,4985.0,15601761470,469448,624,4972.0,5103.0
2797,2020-08-31,5133.0,5148.0,4736.0,4955.0,7120642000,225005,193,4985.0,4736.0
2798,2020-09-01,4708.0,4708.0,4708.0,4954.0,421771860,13527,22,4955.0,4708.0
2799,2020-09-02,4706.0,4706.0,4706.0,4952.0,332615070,10671,15,4954.0,4706.0
2800,2020-09-05,4705.0,4706.0,4705.0,4920.0,6054395370,194295,115,4952.0,4705.0
2801,2020-09-06,4676.0,4705.0,4676.0,4916.0,934272660,30162,64,4920.0,4676.0
2802,2020-09-07,4671.0,4671.0,4671.0,4916.0,75369840,2436,10,4916.0,4671.0
2803,2020-09-08,4671.0,4671.0,4671.0,4913.0,717343900,23185,14,4916.0,4671.0
2804,2020-09-09,4668.0,4668.0,4668.0,4910.0,487330120,15761,28,4913.0,4668.0
2805,2020-09-12,4665.0,4665.0,4665.0,4901.0,1749836100,56629,96,4910.0,4665.0
2806,2020-09-13,4656.0,4656.0,4656.0,4892.0,1769599200,57380,30,4901.0,4656.0
2807,2020-09-21,4647.0,5133.0,4647.0,4863.0,6389952290,206380,132,4892.0,4650.0
2808,2020-09-22,4620.0,4620.0,4620.0,4851.0,2447908200,79997,74,4863.0,4620.0
2809,2020-09-23,4609.0,4609.0,4609.0,4848.0,608066010,19917,29,4851.0,4609.0
2810,2020-09-26,4606.0,4606.0,4606.0,4836.0,2488822740,81574,16,4848.0,4606.0
2811,2020-09-27,4594.0,4594.0,4594.0,4836.0,21970460,722,4,4836.0,4594.0
2812,2020-09-28,4594.0,4594.0,4594.0,4836.0,84656260,2782,4,4836.0,4594.0
2813,2020-09-29,4594.0,4594.0,4594.0,4836.0,44153930,1451,6,4836.0,4594.0
2814,2020-09-30,4594.0,4594.0,4594.0,4834.0,172598960,5672,14,4836.0,4594.0
2815,2020-10-03,4593.0,4593.0,4593.0,4825.0,1667441880,54814,32,4834.0,4593.0
2816,2020-10-04,4585.0,4585.0,4585.0,4824.0,162115060,5338,7,4825.0,4585.0
2817,2020-10-05,4584.0,4584.0,4584.0,4824.0,72044280,2373,9,4824.0,4584.0
2818,2020-10-06,4584.0,4584.0,4584.0,4816.0,1574469600,51860,49,4824.0,4584.0
2819,2020-10-07,4576.0,4576.0,4576.0,4810.0,1085310170,35807,27,4816.0,4576.0
2820,2020-10-10,4570.0,4570.0,4570.0,4807.0,690791670,22821,23,4810.0,4570.0
2821,2020-10-11,4567.0,4567.0,4567.0,4769.0,7452934500,246378,105,4807.0,4567.0
2822,2020-10-12,4532.0,4532.0,4532.0,4765.0,856980940,28547,21,4769.0,4532.0
2823,2020-10-13,4528.0,4528.0,4528.0,4763.0,413262200,13780,13,4765.0,4528.0
2824,2020-10-14,4526.0,4526.0,4526.0,4762.0,424906540,14173,20,4763.0,4526.0
2825,2020-10-18,4525.0,4525.0,4525.0,4760.0,320499180,10694,9,4762.0,4525.0
2826,2020-10-19,4523.0,4523.0,4523.0,4760.0,87633000,2925,6,4760.0,4523.0
2827,2020-10-20,4523.0,4523.0,4523.0,4759.0,348764360,11641,11,4760.0,4523.0
2828,2020-10-21,4522.0,4522.0,4522.0,4759.0,41900050,1399,3,4759.0,4522.0
2829,2020-10-24,4522.0,4522.0,4522.0,4759.0,59780200,1996,4,4759.0,4522.0
2830,2020-10-26,4522.0,4522.0,4522.0,4759.0,22073150,737,4,4759.0,4522.0
2831,2020-10-27,4522.0,4522.0,4522.0,4759.0,9883500,330,1,4759.0,4522.0
2832,2020-10-28,4522.0,4522.0,4522.0,4679.0,16087882100,537158,52,4759.0,4522.0
2833,2020-10-31,4446.0,4446.0,4446.0,4676.0,569474650,19337,26,4679.0,4446.0
2834,2020-11-01,4443.0,4443.0,4443.0,4676.0,66923820,2274,4,4676.0,4443.0
2835,2020-11-02,4443.0,4443.0,4443.0,4676.0,75576240,2568,8,4676.0,4443.0
2836,2020-11-04,4443.0,4443.0,4443.0,4676.0,71102880,2416,5,4676.0,4443.0
2837,2020-11-07,4443.0,4443.0,4443.0,4676.0,88290000,3000,1,4676.0,4443.0
2838,2020-11-08,4443.0,4443.0,4443.0,4676.0,59801760,2032,3,4676.0,4443.0
2839,2020-11-09,4443.0,4443.0,4443.0,4671.0,882900000,30000,8,4676.0,4443.0
2840,2020-11-10,4439.0,4439.0,4439.0,4658.0,2761689000,93935,10,4671.0,4439.0
2841,2020-11-11,4425.0,4425.0,4425.0,4649.0,1901427630,64873,16,4658.0,4425.0
2842,2020-11-14,4418.0,4418.0,4418.0,4634.0,3240457220,110747,56,4649.0,4418.0
2843,2020-11-15,4403.0,4403.0,4403.0,4634.0,127779120,4382,8,4634.0,4403.0
2844,2020-11-16,4403.0,4403.0,4403.0,4634.0,69080040,2369,7,4634.0,4403.0
2845,2020-11-23,3925.0,4122.0,3775.0,3974.0,44688671330,1698135,1284,4634.0,3883.0
2846,2020-11-24,3776.0,3924.0,3776.0,3850.0,28871295750,1147460,695,3974.0,3776.0
2847,2020-11-25,3891.0,4042.0,3658.0,3883.0,29181459510,1130552,733,3850.0,4042.0
2848,2020-11-28,4076.0,4076.0,3942.0,3968.0,23254459440,861854,242,3883.0,4076.0
2849,2020-11-29,4166.0,4166.0,3770.0,4012.0,20256355390,749317,635,3968.0,4147.0
2850,2020-11-30,4190.0,4190.0,3971.0,4018.0,14176079790,530676,456,4012.0,3995.0
2851,2020-12-01,4045.0,4076.0,3817.0,4002.0,14660437500,558456,371,4018.0,3939.0
2852,2020-12-02,3870.0,4027.0,3870.0,3974.0,17513273840,674583,319,4002.0,3907.0
2853,2020-12-05,3996.0,4172.0,3974.0,4057.0,30426588310,1116232,531,3974.0,4172.0
2854,2020-12-06,4259.0,4259.0,4093.0,4149.0,24603686920,872708,211,4057.0,4259.0
2855,2020-12-07,4356.0,4356.0,4259.0,4268.0,31694871320,1098913,470,4149.0,4356.0
2856,2020-12-08,4481.0,4481.0,4481.0,4323.0,14230283760,479457,212,4268.0,4481.0
2857,2020-12-09,4538.0,4538.0,4481.0,4528.0,54590418610,1816238,482,4323.0,4538.0
2858,2020-12-12,4750.0,4750.0,4303.0,4421.0,54027046480,1845362,1013,4528.0,4303.0
2859,2020-12-13,4303.0,4641.0,4202.0,4460.0,30736237190,1034824,565,4421.0,4641.0
2860,2020-12-14,4682.0,4682.0,4461.0,4658.0,61250860150,1985204,778,4460.0,4596.0
2861,2020-12-15,4425.0,4635.0,4425.0,4564.0,20435698860,695940,192,4658.0,4425.0
2862,2020-12-16,4336.0,4786.0,4336.0,4457.0,41324546300,1406172,572,4564.0,4560.0
2863,2020-12-19,4543.0,4679.0,4543.0,4677.0,82537496370,2664231,615,4457.0,4679.0
2864,2020-12-20,4877.0,4877.0,4495.0,4674.0,22848644340,738869,400,4677.0,4683.0
2865,2020-12-21,4736.0,4907.0,4735.0,4851.0,46110393570,1425462,750,4674.0,4907.0
2866,2020-12-22,5055.0,5055.0,4609.0,4818.0,34598772000,1088622,825,4851.0,4721.0
2867,2020-12-23,4982.0,4982.0,4605.0,4833.0,31665898740,987134,644,4818.0,4967.0
2868,2020-12-26,4952.0,4952.0,4671.0,4803.0,31325309160,988217,640,4833.0,4753.0
2869,2020-12-27,4869.0,4969.0,4591.0,4813.0,35710567430,1119252,589,4803.0,4952.0
2870,2020-12-28,4982.0,5053.0,4848.0,5028.0,51468798200,1545073,719,4813.0,5053.0
2871,2020-12-29,5238.0,5278.0,4984.0,5262.0,54152248390,1553505,726,5028.0,5278.0
2872,2020-12-30,5511.0,5524.0,5263.0,5434.0,43502581100,1197121,812,5262.0,5524.0
2873,2021-01-02,5660.0,5704.0,5524.0,5698.0,59811533430,1584753,532,5434.0,5704.0
2874,2021-01-03,5888.0,5982.0,5767.0,5944.0,54338388950,1379964,741,5698.0,5982.0
2875,2021-01-04,6240.0,6240.0,6240.0,6130.0,36065921890,872633,487,5944.0,6240.0
2876,2021-01-05,6436.0,6436.0,5823.0,5994.0,99255457520,2500212,1891,6130.0,5843.0
2877,2021-01-06,6175.0,6293.0,5710.0,6100.0,102536065050,2537776,1457,5994.0,6293.0
2878,2021-01-09,6402.0,6402.0,5795.0,6122.0,55026961090,1357044,1136,6100.0,5890.0
2879,2021-01-10,6266.0,6341.0,5817.0,5941.0,96647270250,2455922,1002,6122.0,5817.0
2880,2021-01-11,5645.0,5949.0,5645.0,5669.0,75042151080,1998375,997,5941.0,5645.0
2881,2021-01-12,5435.0,5952.0,5435.0,5854.0,48467480920,1250206,542,5669.0,5952.0
2882,2021-01-13,6145.0,6145.0,6115.0,6044.0,33037751590,811771,367,5854.0,6145.0
2883,2021-01-16,6346.0,6346.0,5742.0,6113.0,117195764720,2894581,1372,6044.0,5799.0
2884,2021-01-18,5808.0,5813.0,5808.0,5956.0,24732102160,642882,103,6113.0,5808.0
2885,2021-01-19,5659.0,6071.0,5659.0,5861.0,31172416810,810143,505,5956.0,5675.0
2886,2021-01-20,5579.0,5956.0,5568.0,5660.0,42921321090,1148488,590,5861.0,5570.0
2887,2021-01-23,5408.0,5767.0,5408.0,5644.0,23475969450,629996,484,5660.0,5556.0
2888,2021-01-24,5662.0,5760.0,5363.0,5503.0,34242041700,949131,306,5644.0,5363.0
2889,2021-01-25,5228.0,5435.0,5228.0,5417.0,14968460870,431400,273,5503.0,5228.0
2890,2021-01-26,5148.0,5179.0,5147.0,5405.0,2126757950,62354,54,5417.0,5147.0
2891,2021-01-27,5135.0,5650.0,5135.0,5417.0,62715177630,1748002,640,5405.0,5586.0
2892,2021-01-30,5687.0,5687.0,5417.0,5613.0,53546197240,1440145,590,5417.0,5687.0
2893,2021-01-31,5873.0,5893.0,5618.0,5852.0,97139861180,2506127,1198,5613.0,5737.0
2894,2021-02-01,5852.0,6143.0,5852.0,6094.0,117115649880,2901641,1239,5852.0,6143.0
2895,2021-02-02,6391.0,6397.0,6100.0,6349.0,101278305560,2408539,1260,6094.0,6397.0
2896,2021-02-03,6664.0,6666.0,6492.0,6584.0,45863027320,1039021,526,6349.0,6666.0
2897,2021-02-06,6913.0,6913.0,6776.0,6910.0,82731937480,1807379,527,6584.0,6913.0
2898,2021-02-07,7255.0,7255.0,7255.0,7060.0,23901415400,497428,273,6910.0,7255.0
2899,2021-02-08,7412.0,7412.0,7412.0,7215.0,24945279860,508154,215,7060.0,7412.0
2900,2021-02-09,7575.0,7575.0,7575.0,7400.0,29462934540,587262,219,7215.0,7575.0
2901,2021-02-13,7843.0,7843.0,7843.0,7588.0,22501882750,433145,207,7400.0,7843.0
2902,2021-02-14,8043.0,8043.0,7747.0,8016.0,123445902590,2325150,649,7588.0,8043.0
2903,2021-02-15,8494.0,8496.0,8198.0,8485.0,89986785310,1601264,415,8016.0,8496.0
2904,2021-02-20,8316.0,8681.0,8316.0,8384.0,193179000580,3478880,1326,8485.0,8316.0
2905,2021-02-21,8216.0,8216.0,8216.0,8302.0,23435537640,430642,36,8384.0,8216.0
2906,2021-02-22,8138.0,8138.0,8138.0,8247.0,16274458200,301938,22,8302.0,8138.0
2907,2021-02-23,8082.0,8082.0,8082.0,8247.0,102135240,1908,8,8247.0,8082.0
2908,2021-02-24,8082.0,8082.0,8082.0,8242.0,1128519460,21082,6,8247.0,8082.0
2909,2021-02-27,8077.0,8077.0,8077.0,8242.0,15140500,283,3,8242.0,8077.0
2910,2021-02-28,8077.0,8077.0,8077.0,8237.0,1374950000,25700,4,8242.0,8077.0
2911,2021-03-01,8073.0,8073.0,8073.0,8230.0,2063781590,38597,7,8237.0,8073.0
2912,2021-03-02,8065.0,8065.0,8065.0,8225.0,1299174400,24320,5,8230.0,8065.0
2913,2021-03-03,8062.0,8062.0,8062.0,8221.0,1327150200,24853,10,8225.0,8062.0
2914,2021-03-06,8058.0,8058.0,8058.0,8216.0,1333182600,24980,6,8221.0,8058.0
2915,2021-03-07,8053.0,8053.0,8053.0,8212.0,1286294100,24115,6,8216.0,8053.0
2916,2021-03-08,8049.0,8049.0,8049.0,8207.0,1263447000,23700,3,8212.0,8049.0
2917,2021-03-09,8044.0,8044.0,8044.0,8207.0,41878080,786,3,8207.0,8044.0
2918,2021-03-10,8044.0,8044.0,8044.0,8207.0,168897600,3170,3,8207.0,8044.0
2919,2021-03-13,8044.0,8044.0,8044.0,8207.0,80026560,1502,8,8207.0,8044.0
2920,2021-03-14,8044.0,8044.0,8044.0,8204.0,1065600000,20000,3,8207.0,8044.0
2921,2021-03-15,8041.0,8041.0,8041.0,8204.0,66308700,1245,9,8204.0,8041.0
2922,2021-03-16,7877.0,7877.0,7877.0,8200.0,666576090,12777,19,8204.0,7877.0
2923,2021-03-17,8037.0,8037.0,8037.0,8195.0,1307807870,24569,7,8200.0,8037.0
2924,2021-03-27,8032.0,8032.0,8032.0,8191.0,1290312800,24254,6,8195.0,8032.0
2925,2021-03-28,8028.0,8028.0,8028.0,8186.0,1259597300,23690,4,8191.0,8028.0
2926,2021-03-30,8023.0,8023.0,8023.0,8182.0,1362509600,25640,5,8186.0,8023.0
2927,2021-03-31,8019.0,8019.0,8019.0,8182.0,153434790,2889,6,8182.0,8019.0
2928,2021-04-03,8019.0,8019.0,8019.0,8177.0,1366520300,25730,4,8182.0,8019.0
2929,2021-04-04,8014.0,8014.0,8014.0,8176.0,541946800,10210,3,8177.0,8014.0
2930,2021-04-05,8013.0,8013.0,8013.0,8176.0,5307000,100,1,8176.0,8013.0
2931,2021-04-06,8013.0,8013.0,8013.0,8176.0,22607820,426,2,8176.0,8013.0
2932,2021-04-12,8013.0,8013.0,8013.0,8176.0,20113530,379,1,8176.0,8013.0
2933,2021-04-13,8013.0,8013.0,8013.0,8176.0,14541180,274,3,8176.0,8013.0
2934,2021-04-14,8013.0,8013.0,8013.0,8176.0,5307000,100,1,8176.0,8013.0
2935,2021-04-17,8013.0,8013.0,8013.0,8174.0,586370430,11049,4,8176.0,8013.0
2936,2021-04-18,8011.0,8011.0,8011.0,8139.0,10612000000,200000,15,8174.0,8011.0
2937,2021-04-20,7978.0,7978.0,7978.0,8139.0,73976000,1400,1,8139.0,7978.0
2938,2021-04-27,7896.0,7896.0,7896.0,8139.0,19664800,376,2,8139.0,7896.0
2939,2021-04-28,7896.0,7896.0,7896.0,8139.0,10198500,195,2,8139.0,7896.0
2940,2021-05-01,7896.0,7896.0,7896.0,8139.0,5230000,100,1,8139.0,7896.0
2941,2021-05-02,7896.0,7896.0,7896.0,8139.0,9937000,190,1,8139.0,7896.0
2942,2021-05-03,7896.0,7896.0,7896.0,8139.0,32582900,623,1,8139.0,7896.0
2943,2021-05-08,7896.0,7896.0,7896.0,8139.0,52300000,1000,1,8139.0,7896.0
2944,2021-05-18,7733.0,7733.0,7733.0,8139.0,10244000,200,1,8139.0,7733.0
2945,2021-05-22,7733.0,7733.0,7733.0,8139.0,5122000,100,1,8139.0,7733.0
2946,2021-05-29,7733.0,7733.0,7733.0,8139.0,5122000,100,1,8139.0,7733.0
2947,2021-06-07,7733.0,7733.0,7733.0,8139.0,10244000,200,1,8139.0,7733.0
2948,2021-06-09,7733.0,7733.0,7733.0,8139.0,10192780,199,2,8139.0,7733.0
2949,2021-06-13,7733.0,7733.0,7733.0,8139.0,5122000,100,1,8139.0,7733.0
2950,2021-06-19,7733.0,7733.0,7733.0,8139.0,15366000,300,1,8139.0,7733.0
2951,2021-06-20,7733.0,7733.0,7733.0,8139.0,5122000,100,1,8139.0,7733.0
2952,2021-06-22,7733.0,7733.0,7733.0,8139.0,13265980,259,2,8139.0,7733.0
2953,2021-06-23,7733.0,7733.0,7733.0,8139.0,5122000,100,1,8139.0,7733.0
2954,2021-06-26,7733.0,7733.0,7733.0,8139.0,20488000,400,2,8139.0,7733.0
2955,2021-06-27,7326.0,7326.0,7326.0,8123.0,277679960,5723,20,8139.0,7326.0
2956,2021-06-28,7717.0,7717.0,7717.0,8121.0,30666000,600,2,8123.0,7717.0
2957,2021-07-05,7717.0,7717.0,7717.0,8115.0,204337780,3998,2,8121.0,7717.0
2958,2021-07-06,7711.0,7711.0,7711.0,8115.0,9958650,195,1,8115.0,7711.0
2959,2021-07-07,7304.0,7304.0,7304.0,8026.0,1479895820,30589,17,8115.0,7304.0
2960,2021-07-11,7626.0,7626.0,7626.0,8026.0,25204490,499,4,8026.0,7626.0
2961,2021-07-12,7626.0,7626.0,7626.0,8026.0,11162710,221,3,8026.0,7626.0
2962,2021-07-13,7626.0,7626.0,7626.0,8026.0,5051000,100,1,8026.0,7626.0
2963,2021-07-17,7626.0,7626.0,7626.0,8026.0,10203020,202,2,8026.0,7626.0
2964,2021-07-19,7626.0,7626.0,7626.0,8026.0,15153000,300,2,8026.0,7626.0
2965,2021-07-26,7626.0,7626.0,7626.0,8025.0,35104450,695,2,8026.0,7626.0
2966,2021-07-27,7625.0,7625.0,7625.0,8025.0,21664500,429,1,8025.0,7625.0
2967,2021-07-31,7625.0,7625.0,7625.0,8025.0,10100000,200,1,8025.0,7625.0
2968,2021-08-02,7625.0,7625.0,7625.0,8025.0,5050000,100,1,8025.0,7625.0
2969,2021-08-07,7625.0,7625.0,7625.0,8016.0,302343500,5987,9,8025.0,7625.0
2970,2021-08-08,7615.0,7615.0,7615.0,8016.0,10088000,200,1,8016.0,7615.0
2971,2021-08-09,7615.0,7615.0,7615.0,8013.0,93465320,1853,5,8016.0,7615.0
2972,2021-08-10,7612.0,7612.0,7612.0,8008.0,155293600,3080,6,8013.0,7612.0
2973,2021-08-11,7608.0,7608.0,7608.0,7991.0,601858160,11944,12,8008.0,7608.0
2974,2021-08-14,7593.0,7593.0,7593.0,7987.0,157256830,3127,9,7991.0,7593.0
2975,2021-08-24,5439.0,5666.0,5167.0,5444.0,321357735740,8919575,2990,7987.0,5619.0
2976,2021-08-25,5707.0,5716.0,5439.0,5652.0,180760683730,4832436,2779,5444.0,5716.0
2977,2021-08-28,5817.0,5817.0,5370.0,5569.0,163612632260,4439245,3505,5652.0,5515.0
2978,2021-08-29,5574.0,5816.0,5442.0,5634.0,104637625800,2805821,2467,5569.0,5590.0
2979,2021-09-01,5590.0,5657.0,5458.0,5577.0,49627332040,1344417,1002,5634.0,5619.0
2980,2021-09-04,5530.0,5696.0,5364.0,5521.0,64326016780,1760518,1333,5577.0,5530.0
2981,2021-09-05,5530.0,5662.0,5353.0,5424.0,64878625580,1807128,1319,5521.0,5479.0
2982,2021-09-06,5527.0,5695.0,5365.0,5645.0,116478178760,3117854,2179,5424.0,5590.0
2983,2021-09-07,5636.0,5636.0,5364.0,5459.0,43532381780,1204873,1166,5645.0,5476.0
2984,2021-09-08,5663.0,5731.0,5477.0,5683.0,75611939170,2010199,1566,5459.0,5731.0
2985,2021-09-11,5793.0,5967.0,5681.0,5884.0,83663501760,2148541,1745,5683.0,5918.0
2986,2021-09-12,5965.0,5965.0,5590.0,5695.0,42576188440,1129768,1015,5884.0,5725.0
2987,2021-09-13,5725.0,5847.0,5412.0,5648.0,32696635130,874708,834,5695.0,5590.0
2988,2021-09-14,5462.0,5788.0,5462.0,5666.0,38988089120,1039793,770,5648.0,5597.0
2989,2021-09-15,5485.0,5524.0,5383.0,5411.0,34376147940,959908,977,5666.0,5394.0
2990,2021-09-18,5423.0,5423.0,5140.0,5160.0,16441121090,481440,406,5411.0,5140.0
2991,2021-09-19,4903.0,5107.0,4903.0,5003.0,8339566820,256934,239,5160.0,4903.0
2992,2021-09-20,4753.0,4753.0,4753.0,4891.0,5904286960,187676,142,5003.0,4753.0
2993,2021-09-21,4648.0,4648.0,4648.0,4868.0,1217265480,39573,53,4891.0,4648.0
2994,2021-09-22,4625.0,4797.0,4625.0,4655.0,46087765230,1495864,832,4868.0,4627.0
2995,2021-09-25,4480.0,4734.0,4423.0,4501.0,30948145370,1038981,931,4655.0,4424.0
2996,2021-09-26,4424.0,4483.0,4277.0,4290.0,27704672830,975810,655,4501.0,4277.0
2997,2021-09-28,4143.0,4503.0,4143.0,4491.0,47665704930,1603991,941,4290.0,4503.0
2998,2021-09-29,4684.0,4714.0,4518.0,4708.0,70711068630,2269286,959,4491.0,4714.0
2999,2021-10-02,4903.0,4942.0,4763.0,4924.0,60112124600,1844678,997,4708.0,4942.0
3000,2021-10-03,4924.0,4924.0,4679.0,4685.0,15813800580,509948,296,4924.0,4679.0
3001,2021-10-04,4451.0,4669.0,4451.0,4480.0,88866848960,2997199,1517,4685.0,4451.0
3002,2021-10-06,4355.0,4593.0,4355.0,4489.0,16029597800,539454,547,4480.0,4510.0
3003,2021-10-09,4421.0,4608.0,4265.0,4323.0,16202485210,566364,492,4489.0,4288.0
3004,2021-10-10,4107.0,4320.0,4107.0,4110.0,16948208050,623170,343,4323.0,4107.0
3005,2021-10-11,3906.0,4315.0,3904.0,4030.0,39826458600,1493416,996,4110.0,4309.0
3006,2021-10-12,4231.0,4231.0,4107.0,4213.0,86612787840,3106454,1256,4030.0,4200.0
3007,2021-10-13,4214.0,4382.0,4002.0,4075.0,11747357970,437764,252,4213.0,4002.0
3008,2021-10-16,3873.0,4261.0,3873.0,3962.0,51220920860,1953419,840,4075.0,3919.0
3009,2021-10-17,3962.0,3962.0,3764.0,3773.0,26857666960,1075452,415,3962.0,3764.0
3010,2021-10-18,3626.0,3823.0,3585.0,3608.0,17756356340,743417,468,3773.0,3585.0
3011,2021-10-19,3460.0,3614.0,3428.0,3449.0,32790691820,1436609,656,3608.0,3428.0
3012,2021-10-20,3475.0,3607.0,3336.0,3521.0,19921388190,855106,520,3449.0,3528.0
3013,2021-10-23,3607.0,3607.0,3359.0,3463.0,6740952770,299894,254,3521.0,3369.0
3014,2021-10-25,3294.0,3493.0,3291.0,3369.0,22401854340,1004350,585,3463.0,3445.0
3015,2021-10-26,3516.0,3516.0,3205.0,3354.0,5478982480,248655,236,3369.0,3321.0
3016,2021-10-27,3197.0,3481.0,3197.0,3357.0,9837963140,442584,300,3354.0,3466.0
3017,2021-10-30,3525.0,3525.0,3190.0,3307.0,12973499680,593939,293,3357.0,3220.0
3018,2021-10-31,3289.0,3289.0,3143.0,3233.0,6472977750,310839,169,3307.0,3165.0
3019,2021-11-01,3097.0,3362.0,3097.0,3209.0,7148131170,339130,266,3233.0,3107.0
3020,2021-11-02,3049.0,3324.0,3049.0,3221.0,7458289960,348618,275,3209.0,3249.0
3021,2021-11-03,3362.0,3362.0,3244.0,3279.0,8009133710,363481,275,3221.0,3350.0
3022,2021-11-06,3442.0,3442.0,3430.0,3400.0,11630183940,510583,173,3279.0,3442.0
3023,2021-11-07,3463.0,3569.0,3453.0,3552.0,34061181020,1448506,498,3400.0,3569.0
3024,2021-11-08,3614.0,3729.0,3611.0,3723.0,42130015660,1709527,454,3552.0,3729.0
3025,2021-11-09,3723.0,3909.0,3723.0,3885.0,32761281210,1274267,610,3723.0,3909.0
3026,2021-11-10,4004.0,4078.0,4004.0,4063.0,30822447220,1146352,613,3885.0,4078.0
3027,2021-11-13,4063.0,4265.0,4063.0,4261.0,99598539620,3531566,702,4063.0,4265.0
3028,2021-11-14,4336.0,4454.0,4049.0,4229.0,59764977620,2134962,1223,4261.0,4131.0
3029,2021-11-15,4093.0,4193.0,4019.0,4108.0,10200998110,380398,225,4229.0,4019.0
3030,2021-11-16,3907.0,4042.0,3904.0,3906.0,34131215120,1320215,414,4108.0,3904.0
3031,2021-11-17,3750.0,3999.0,3711.0,3771.0,25882865040,1037056,575,3906.0,3711.0
3032,2021-11-20,3773.0,3808.0,3584.0,3637.0,12619644910,526912,323,3771.0,3584.0
3033,2021-11-21,3616.0,3626.0,3456.0,3511.0,23055239820,992147,571,3637.0,3567.0
3034,2021-11-22,3552.0,3687.0,3528.0,3646.0,15214139280,630544,422,3511.0,3687.0
3035,2021-11-23,3682.0,3803.0,3465.0,3664.0,17501273580,721676,483,3646.0,3690.0
3036,2021-11-24,3770.0,3770.0,3481.0,3508.0,18794532130,809560,402,3664.0,3481.0
3037,2021-11-27,3347.0,3427.0,3333.0,3415.0,8086112230,365554,196,3508.0,3333.0
3038,2021-11-28,3244.0,3389.0,3244.0,3351.0,5822261600,269754,203,3415.0,3283.0
3039,2021-11-29,3371.0,3517.0,3294.0,3477.0,21737505470,944776,468,3351.0,3517.0
3040,2021-11-30,3486.0,3650.0,3486.0,3637.0,28428220410,1181009,435,3477.0,3650.0
3041,2021-12-01,3682.0,3808.0,3546.0,3676.0,17147981790,704758,466,3637.0,3566.0
3042,2021-12-04,3499.0,3551.0,3493.0,3646.0,2563983600,110367,73,3676.0,3551.0
3043,2021-12-05,3477.0,3702.0,3465.0,3631.0,6187463520,258979,234,3646.0,3608.0
3044,2021-12-06,3679.0,3759.0,3498.0,3644.0,9838234720,407196,224,3631.0,3604.0
3045,2021-12-07,3493.0,3604.0,3463.0,3569.0,6279103040,273213,168,3644.0,3463.0
3046,2021-12-08,3394.0,3731.0,3394.0,3576.0,7941555810,335023,208,3569.0,3584.0
3047,2021-12-11,3700.0,3700.0,3398.0,3552.0,5706418090,245289,126,3576.0,3469.0
3048,2021-12-12,3388.0,3685.0,3375.0,3519.0,9709733610,418891,210,3552.0,3579.0
3049,2021-12-13,3664.0,3664.0,3400.0,3517.0,2305310410,99294,131,3519.0,3404.0
3050,2021-12-14,3351.0,3522.0,3342.0,3460.0,6466788340,288156,115,3517.0,3342.0
3051,2021-12-15,3430.0,3456.0,3288.0,3436.0,2724726020,123549,92,3460.0,3297.0
3052,2021-12-18,3385.0,3460.0,3265.0,3353.0,9203814140,420716,201,3436.0,3265.0
3053,2021-12-19,3265.0,3265.0,3187.0,3330.0,1962515620,92935,55,3353.0,3187.0
3054,2021-12-20,3164.0,3187.0,3164.0,3291.0,3284927280,156852,61,3330.0,3164.0
3055,2021-12-21,3128.0,3315.0,3128.0,3164.0,12682354310,607813,339,3291.0,3128.0
3056,2021-12-22,3126.0,3321.0,3125.0,3258.0,25377020370,1177003,324,3164.0,3314.0
3057,2021-12-25,3321.0,3400.0,3159.0,3300.0,10768027270,490462,259,3258.0,3333.0
3058,2021-12-26,3380.0,3398.0,3256.0,3341.0,9513168530,426993,180,3300.0,3347.0
3059,2021-12-27,3264.0,3451.0,3174.0,3297.0,14189714770,650912,217,3341.0,3323.0
3060,2021-12-28,3323.0,3350.0,3171.0,3236.0,10408951270,489927,206,3297.0,3203.0
3061,2021-12-29,3182.0,3398.0,3097.0,3332.0,36265870100,1644813,839,3236.0,3398.0
3062,2022-01-01,3475.0,3495.0,3356.0,3433.0,30596937510,1346798,575,3332.0,3489.0
3063,2022-01-02,3404.0,3604.0,3404.0,3575.0,33956956810,1434954,669,3433.0,3604.0
3064,2022-01-03,3656.0,3746.0,3404.0,3542.0,39391754480,1680566,712,3575.0,3439.0
3065,2022-01-04,3404.0,3416.0,3365.0,3433.0,9569984520,429293,207,3542.0,3365.0
3066,2022-01-05,3262.0,3465.0,3262.0,3282.0,16830485090,774982,356,3433.0,3262.0
3067,2022-01-08,3262.0,3273.0,3176.0,3244.0,6942683890,327638,184,3282.0,3181.0
3068,2022-01-09,3135.0,3304.0,3105.0,3205.0,6664655980,318813,167,3244.0,3110.0
3069,2022-01-10,3097.0,3143.0,3045.0,3052.0,28826769520,1426913,592,3205.0,3111.0
3070,2022-01-11,3039.0,3164.0,3007.0,3069.0,7071844620,346253,279,3052.0,3096.0
3071,2022-01-12,3029.0,3123.0,3029.0,3073.0,7055015540,346184,168,3069.0,3039.0
3072,2022-01-15,3039.0,3039.0,2939.0,3043.0,5468074050,276224,159,3073.0,2948.0
3073,2022-01-16,2921.0,3019.0,2892.0,2980.0,6636614780,345048,170,3043.0,2892.0
3074,2022-01-17,2838.0,2960.0,2832.0,2878.0,16124268180,846548,419,2980.0,2887.0
3075,2022-01-18,2954.0,2954.0,2735.0,2807.0,8791890150,479628,278,2878.0,2735.0
3076,2022-01-19,2689.0,2822.0,2668.0,2671.0,13781269040,779309,329,2807.0,2693.0
3077,2022-01-22,2647.0,2718.0,2538.0,2653.0,3305107940,192887,135,2671.0,2560.0
3078,2022-01-23,2526.0,2596.0,2522.0,2617.0,3982956680,238356,107,2653.0,2523.0
3079,2022-01-24,2489.0,2489.0,2487.0,2606.0,1093959250,66460,38,2617.0,2487.0
3080,2022-01-25,2476.0,2476.0,2476.0,2605.0,225034700,13730,10,2606.0,2476.0
3081,2022-01-26,2475.0,2593.0,2475.0,2563.0,5465635050,330869,175,2605.0,2514.0
3082,2022-01-29,2443.0,2641.0,2443.0,2570.0,4424766200,258314,142,2563.0,2579.0
3083,2022-01-30,2472.0,2634.0,2442.0,2544.0,8624778830,515923,251,2570.0,2493.0
3084,2022-01-31,2495.0,2495.0,2418.0,2476.0,8338210250,518522,306,2544.0,2439.0
3085,2022-02-01,2421.0,2464.0,2410.0,2467.0,3181685980,197268,140,2476.0,2424.0
3086,2022-02-02,2402.0,2563.0,2402.0,2475.0,8637449970,526433,235,2467.0,2544.0
3087,2022-02-05,2461.0,2597.0,2461.0,2547.0,11470733410,673619,284,2475.0,2597.0
3088,2022-02-06,2570.0,2674.0,2523.0,2617.0,19081502150,1101392,521,2547.0,2656.0
3089,2022-02-07,2683.0,2683.0,2487.0,2566.0,8506027030,509347,353,2617.0,2487.0
3090,2022-02-08,2448.0,2553.0,2439.0,2529.0,5709888340,349258,214,2566.0,2472.0
3091,2022-02-09,2431.0,2517.0,2431.0,2517.0,2285887600,141143,113,2529.0,2440.0
3092,2022-02-12,2433.0,2492.0,2414.0,2479.0,5968475960,371837,160,2517.0,2416.0
3093,2022-02-13,2416.0,2440.0,2380.0,2460.0,4078705250,255458,71,2479.0,2398.0
3094,2022-02-14,2351.0,2401.0,2337.0,2442.0,2307003820,148094,133,2460.0,2398.0
3095,2022-02-16,2413.0,2460.0,2321.0,2436.0,3737311250,233293,178,2442.0,2445.0
3096,2022-02-19,2445.0,2520.0,2422.0,2442.0,2840271540,173801,127,2436.0,2455.0
3097,2022-02-20,2333.0,2473.0,2333.0,2442.0,3919409800,242741,168,2442.0,2455.0
3098,2022-02-21,2463.0,2523.0,2351.0,2448.0,3325496020,203428,146,2442.0,2451.0
3099,2022-02-22,2478.0,2516.0,2425.0,2455.0,5984356380,366736,172,2448.0,2463.0
3100,2022-02-23,2470.0,2569.0,2470.0,2505.0,9869663300,588507,193,2455.0,2566.0
3101,2022-02-26,2628.0,2629.0,2569.0,2555.0,6907527980,398599,270,2505.0,2584.0
3102,2022-02-27,2606.0,2606.0,2449.0,2534.0,7735121850,464785,149,2555.0,2508.0
3103,2022-02-28,2442.0,2643.0,2442.0,2547.0,9379597170,554553,168,2534.0,2564.0
3104,2022-03-02,2546.0,2625.0,2440.0,2550.0,6707980790,396859,167,2547.0,2496.0
3105,2022-03-05,2552.0,2677.0,2549.0,2650.0,31790629670,1812002,415,2550.0,2677.0
3106,2022-03-06,2688.0,2782.0,2688.0,2780.0,34999446900,1902427,381,2650.0,2782.0
3107,2022-03-07,2916.0,2919.0,2878.0,2860.0,10153407930,526372,153,2780.0,2919.0
3108,2022-03-08,3002.0,3002.0,2922.0,2998.0,29710742490,1497368,330,2860.0,3002.0
3109,2022-03-09,3147.0,3147.0,3147.0,3039.0,5118930840,245748,85,2998.0,3147.0
3110,2022-03-12,3188.0,3190.0,3039.0,3185.0,50974739960,2418237,530,3039.0,3190.0
3111,2022-03-13,3323.0,3323.0,3026.0,3122.0,78761463240,3813061,1299,3185.0,3075.0
3112,2022-03-14,3141.0,3141.0,2966.0,3045.0,13226250170,658656,324,3122.0,2966.0
3113,2022-03-15,2895.0,3007.0,2893.0,2898.0,23295620010,1214720,391,3045.0,2893.0
3114,2022-03-16,2869.0,3042.0,2869.0,3022.0,43486110150,2174415,463,2898.0,3037.0
3115,2022-03-19,3165.0,3165.0,2871.0,3025.0,32801702340,1638093,587,3022.0,3072.0
3116,2022-03-26,3070.0,3070.0,2940.0,3001.0,8704646010,440607,230,3025.0,2942.0
3117,2022-03-27,2903.0,3075.0,2903.0,2992.0,7975605500,403902,219,3001.0,2961.0
3118,2022-03-28,3020.0,3141.0,2844.0,3029.0,81059511800,4042690,950,2992.0,3141.0
3119,2022-03-29,3181.0,3181.0,3105.0,3168.0,24778498800,1181875,393,3029.0,3181.0
3120,2022-03-30,3323.0,3326.0,3188.0,3324.0,16543250500,751957,251,3168.0,3326.0
3121,2022-04-03,3483.0,3483.0,3158.0,3232.0,42068588060,1966563,885,3324.0,3205.0
3122,2022-04-04,3113.0,3261.0,3072.0,3138.0,12667358610,612122,405,3232.0,3119.0
3123,2022-04-05,3135.0,3196.0,3052.0,3126.0,8966627850,434232,287,3138.0,3140.0
3124,2022-04-06,3171.0,3249.0,3084.0,3141.0,9824982650,471563,245,3126.0,3140.0
3125,2022-04-09,3022.0,3141.0,3022.0,3110.0,6553234160,322380,215,3141.0,3108.0
3126,2022-04-10,3220.0,3220.0,3066.0,3097.0,7042763300,344929,263,3110.0,3070.0
3127,2022-04-11,3113.0,3140.0,3026.0,3076.0,12021378140,591442,314,3097.0,3134.0
3128,2022-04-12,3128.0,3202.0,3039.0,3114.0,17352421270,841801,347,3076.0,3097.0
3129,2022-04-13,3158.0,3158.0,2992.0,3087.0,11235065310,551343,296,3114.0,3061.0
3130,2022-04-16,3143.0,3176.0,2995.0,3111.0,15470637750,751510,381,3087.0,3155.0
3131,2022-04-17,3203.0,3265.0,3158.0,3242.0,52964864950,2468635,750,3111.0,3265.0
3132,2022-04-18,3277.0,3404.0,3184.0,3336.0,45019930660,2039000,783,3242.0,3400.0
3133,2022-04-19,3471.0,3481.0,3294.0,3445.0,33834677770,1484194,454,3336.0,3459.0
3134,2022-04-20,3489.0,3492.0,3335.0,3395.0,30931590810,1376768,441,3445.0,3339.0
3135,2022-04-24,3307.0,3323.0,3226.0,3235.0,22474821270,1049806,510,3395.0,3226.0
3136,2022-04-25,3249.0,3381.0,3174.0,3288.0,18750259320,861702,413,3235.0,3330.0
3137,2022-04-26,3339.0,3451.0,3339.0,3419.0,26548394560,1173345,506,3288.0,3451.0
3138,2022-04-27,3394.0,3533.0,3341.0,3422.0,14592272090,644184,343,3419.0,3456.0
3139,2022-04-30,3339.0,3490.0,3339.0,3436.0,20899419300,919214,376,3422.0,3460.0
3140,2022-05-01,3460.0,3513.0,3294.0,3375.0,16242705770,727137,347,3436.0,3389.0
3141,2022-05-02,3517.0,3517.0,3385.0,3457.0,14690351880,641674,438,3375.0,3471.0
3142,2022-05-07,3407.0,3629.0,3407.0,3599.0,54918537000,2305880,685,3457.0,3629.0
3143,2022-05-08,3599.0,3718.0,3595.0,3622.0,15617952690,651475,388,3599.0,3622.0
3144,2022-05-09,3530.0,3616.0,3442.0,3521.0,28508680800,1223389,511,3622.0,3442.0
3145,2022-05-10,3533.0,3551.0,3356.0,3463.0,10563255440,463910,350,3521.0,3472.0
3146,2022-05-11,3369.0,3513.0,3369.0,3477.0,17331316100,753274,355,3463.0,3490.0
3147,2022-05-14,3498.0,3635.0,3498.0,3575.0,25631008090,1083187,379,3477.0,3572.0
3148,2022-05-15,3646.0,3667.0,3454.0,3492.0,18964947960,820594,271,3575.0,3505.0
3149,2022-05-16,3602.0,3666.0,3369.0,3628.0,62438933040,2601011,497,3492.0,3666.0
3150,2022-05-17,3669.0,3809.0,3669.0,3805.0,20435673910,811436,140,3628.0,3809.0
3151,2022-05-18,3993.0,3993.0,3856.0,3981.0,118521186500,4498119,688,3805.0,3993.0
3152,2022-05-21,4175.0,4175.0,3783.0,3910.0,85007760500,3284828,937,3981.0,3783.0
3153,2022-05-22,3853.0,4036.0,3715.0,3912.0,95759895280,3698029,1578,3910.0,4001.0
3154,2022-05-23,4075.0,4075.0,3717.0,3850.0,37661807100,1478096,916,3912.0,3777.0
3155,2022-05-24,3815.0,3815.0,3658.0,3700.0,13330891250,545228,363,3850.0,3658.0
3156,2022-05-25,3561.0,3885.0,3561.0,3826.0,39949223710,1577620,573,3700.0,3885.0
3157,2022-05-28,4004.0,4016.0,3673.0,3945.0,43762725550,1676302,693,3826.0,3907.0
3158,2022-05-29,3898.0,4004.0,3749.0,3863.0,20432526640,798938,383,3945.0,3942.0
3159,2022-05-30,4016.0,4055.0,3867.0,4021.0,39485735960,1484075,456,3863.0,4055.0
3160,2022-05-31,4208.0,4222.0,4040.0,4216.0,76778972630,2751595,410,4021.0,4222.0
3161,2022-06-01,4426.0,4426.0,4276.0,4424.0,150729330040,5148695,741,4216.0,4426.0
3162,2022-06-06,4639.0,4639.0,4299.0,4509.0,89710434650,3006599,856,4424.0,4509.0
3163,2022-06-07,4299.0,4734.0,4284.0,4623.0,100383204180,3280308,753,4509.0,4734.0
3164,2022-06-08,4855.0,4855.0,4855.0,4855.0,42473128950,1321915,180,4623.0,4855.0
3165,2022-06-11,5096.0,5096.0,5096.0,5068.0,13831829750,410075,102,4855.0,5096.0
3166,2022-06-12,5320.0,5320.0,4815.0,5199.0,208788849330,6068321,1791,5068.0,4954.0
3167,2022-06-13,4957.0,5199.0,4939.0,4960.0,141081505480,4297232,1442,5199.0,4939.0
3168,2022-06-14,5062.0,5208.0,4986.0,5164.0,101230811170,2962076,965,4960.0,5152.0
3169,2022-06-15,5167.0,5409.0,4920.0,5248.0,65722128090,1892103,786,5164.0,5266.0
3170,2022-06-18,5167.0,5509.0,5139.0,5455.0,83113960720,2302501,867,5248.0,5509.0
3171,2022-06-19,5590.0,5726.0,5192.0,5415.0,43500036490,1213720,728,5455.0,5316.0
3172,2022-06-20,5207.0,5364.0,5145.0,5175.0,23329372800,681063,324,5415.0,5145.0
3173,2022-06-21,4917.0,5417.0,4917.0,5053.0,64400918010,1925934,738,5175.0,5137.0
3174,2022-06-22,5281.0,5305.0,4912.0,5266.0,99161324640,2845752,902,5053.0,5226.0
3175,2022-06-25,5134.0,5529.0,5033.0,5453.0,84207608450,2333346,712,5266.0,5426.0
3176,2022-06-26,5649.0,5725.0,5427.0,5707.0,92146336340,2439732,632,5453.0,5725.0
3177,2022-06-27,5742.0,5991.0,5742.0,5980.0,90085006310,2275975,823,5707.0,5991.0
3178,2022-06-28,6270.0,6278.0,6045.0,6275.0,25368859150,610827,160,5980.0,6278.0
3179,2022-06-29,6588.0,6588.0,6354.0,6565.0,97342886330,2240428,1067,6275.0,6588.0
3180,2022-07-09,6893.0,6893.0,6308.0,6875.0,70727790480,1554537,389,6565.0,6891.0
3181,2022-07-11,6721.0,6721.0,6532.0,6550.0,86809732080,2002539,613,6875.0,6532.0
3182,2022-07-12,6240.0,6829.0,6240.0,6506.0,30070048630,698258,610,6550.0,6331.0
3183,2022-07-13,6286.0,6799.0,6261.0,6580.0,39326566070,903076,507,6506.0,6467.0
3184,2022-07-16,6347.0,6796.0,6252.0,6418.0,23490549730,552926,423,6580.0,6252.0
3185,2022-07-23,6101.0,6338.0,6098.0,6391.0,1261956120,31168,60,6418.0,6098.0
3186,2022-07-24,6072.0,6072.0,6072.0,6375.0,711081670,17693,26,6391.0,6072.0
3187,2022-07-25,6057.0,6057.0,6057.0,6370.0,228031920,5688,7,6375.0,6057.0
3188,2022-07-26,6053.0,6053.0,6053.0,6366.0,185237440,4624,10,6370.0,6053.0
3189,2022-07-27,6048.0,6048.0,6048.0,6355.0,457422810,11427,20,6366.0,6048.0
3190,2022-07-30,6038.0,6038.0,6038.0,6354.0,71128800,1780,5,6355.0,6038.0
3191,2022-07-31,6036.0,6036.0,6036.0,6036.0,24508845600,613488,97,6354.0,6036.0
3192,2022-08-01,5864.0,6337.0,5864.0,6264.0,49983511070,1205439,534,6036.0,6239.0
3193,2022-08-02,6331.0,6420.0,5952.0,6145.0,19391476660,476844,332,6264.0,5952.0
3194,2022-08-03,5952.0,6192.0,5838.0,5875.0,46785841540,1203208,395,6145.0,5838.0
3195,2022-08-06,5581.0,5748.0,5581.0,5603.0,75509251510,2036392,718,5875.0,5581.0
3196,2022-08-09,5581.0,5654.0,5323.0,5396.0,120750482310,3381306,1516,5603.0,5373.0
3197,2022-08-10,5397.0,5665.0,5213.0,5630.0,81507052380,2187725,1107,5396.0,5665.0
3198,2022-08-14,5515.0,5708.0,5371.0,5479.0,14010296610,386781,261,5630.0,5406.0
3199,2022-08-15,5235.0,5752.0,5235.0,5734.0,69017520600,1818882,655,5479.0,5752.0
3200,2022-08-16,5817.0,6020.0,5681.0,5912.0,53479208880,1366718,594,5734.0,5808.0
3201,2022-08-17,6044.0,6044.0,5618.0,5701.0,28098339280,744804,491,5912.0,5618.0
3202,2022-08-20,5731.0,5731.0,5417.0,5524.0,9271975120,258077,183,5701.0,5417.0
3203,2022-08-21,5249.0,5355.0,5249.0,5291.0,11800384280,339526,184,5524.0,5249.0
3204,2022-08-22,5080.0,5482.0,5027.0,5084.0,21222170380,630595,312,5291.0,5031.0
3205,2022-08-23,5083.0,5308.0,4837.0,4998.0,20377023720,615951,480,5084.0,5030.0
3206,2022-08-24,4998.0,5089.0,4749.0,4793.0,45506405280,1434791,763,4998.0,4749.0
3207,2022-08-30,4912.0,5157.0,4912.0,5115.0,57289526480,1695179,370,4793.0,5157.0
3208,2022-08-31,5297.0,5371.0,5221.0,5362.0,34285925450,967684,198,5115.0,5371.0
3209,2022-09-03,5595.0,5630.0,5191.0,5530.0,82822589270,2266350,1001,5362.0,5539.0
3210,2022-09-04,5628.0,5675.0,5254.0,5282.0,55923586040,1602472,394,5530.0,5254.0
3211,2022-09-05,5156.0,5156.0,5018.0,5020.0,34218505240,1031726,314,5282.0,5018.0
3212,2022-09-06,4888.0,5269.0,4770.0,5157.0,125137159460,3671401,795,5020.0,5269.0
3213,2022-09-07,5412.0,5415.0,5412.0,5415.0,43638858880,1219787,190,5157.0,5415.0
3214,2022-09-10,5478.0,5684.0,5478.0,5675.0,84200412130,2245600,369,5415.0,5684.0
3215,2022-09-11,5928.0,5958.0,5923.0,5956.0,202128049830,5135544,725,5675.0,5958.0
3216,2022-09-12,6253.0,6253.0,6253.0,6236.0,16347927440,395642,110,5956.0,6253.0
3217,2022-09-13,6548.0,6548.0,6548.0,6548.0,20524778340,474342,76,6236.0,6548.0
3218,2022-09-14,6875.0,6875.0,6557.0,6871.0,234434062990,5163981,1064,6548.0,6875.0
3219,2022-09-18,7214.0,7214.0,7214.0,7214.0,27844428360,584108,110,6871.0,7214.0
3220,2022-09-26,6854.0,6893.0,6854.0,6855.0,99806360930,2203417,322,7214.0,6854.0
3221,2022-09-28,6553.0,6674.0,6513.0,6536.0,107359310450,2485488,344,6855.0,6513.0
3222,2022-10-02,6211.0,6211.0,6211.0,6211.0,20149901280,490982,28,6536.0,6211.0
3223,2022-10-03,5900.0,5900.0,5900.0,6093.0,5159039830,132317,30,6211.0,5900.0
3224,2022-10-04,5788.0,5788.0,5788.0,6031.0,2717394750,71043,32,6093.0,5788.0
3225,2022-10-08,5751.0,5900.0,5729.0,5751.0,220252912210,5796554,889,6031.0,5729.0
3226,2022-10-09,5501.0,5599.0,5463.0,5513.0,12411101230,342115,104,5751.0,5463.0
3227,2022-10-10,5238.0,5238.0,5238.0,5439.0,3542575770,102357,90,5513.0,5238.0
3228,2022-10-11,5168.0,5298.0,5168.0,5177.0,67996962330,1987822,750,5439.0,5168.0
3229,2022-10-12,5039.0,5297.0,4918.0,5095.0,139085902230,4131028,1876,5177.0,4994.0
3230,2022-10-15,5124.0,5282.0,4918.0,5132.0,52460654190,1547145,1158,5095.0,5036.0
3231,2022-10-16,5038.0,5144.0,4876.0,4949.0,12795608320,393200,257,5132.0,4876.0
3232,2022-10-17,4714.0,5191.0,4706.0,4940.0,109254094240,3346762,1632,4949.0,4808.0
3233,2022-10-18,4782.0,5015.0,4782.0,4880.0,40300570370,1249449,645,4940.0,4852.0
3234,2022-10-19,4964.0,5124.0,4946.0,5117.0,80593569510,2384033,800,4880.0,5124.0
3235,2022-10-22,5191.0,5372.0,5009.0,5215.0,55518991320,1611342,990,5117.0,5044.0
3236,2022-10-23,4996.0,5198.0,4955.0,4980.0,60396196810,1835448,848,5215.0,4955.0
3237,2022-10-24,4896.0,5015.0,4732.0,4778.0,19300977200,611420,306,4980.0,4732.0
3238,2022-10-25,4903.0,4903.0,4540.0,4617.0,49181950080,1611856,735,4778.0,4540.0
3239,2022-10-26,4413.0,4581.0,4387.0,4422.0,11627640750,399877,149,4617.0,4387.0
3240,2022-10-29,4201.0,4358.0,4201.0,4212.0,31118857350,1118343,253,4422.0,4201.0
3241,2022-10-30,4001.0,4198.0,4001.0,4013.0,45544493940,1717324,526,4212.0,4056.0
3242,2022-10-31,4013.0,4213.0,4013.0,4198.0,29289335150,1055666,364,4013.0,4213.0
3243,2022-11-01,4343.0,4405.0,4237.0,4316.0,13273693640,464115,354,4198.0,4301.0
3244,2022-11-02,4118.0,4476.0,4118.0,4327.0,32096126760,1122609,500,4316.0,4404.0
3245,2022-11-05,4386.0,4542.0,4386.0,4520.0,20671134630,692064,323,4327.0,4525.0
3246,2022-11-06,4404.0,4735.0,4392.0,4496.0,18501736220,622781,397,4520.0,4440.0
3247,2022-11-07,4440.0,4720.0,4440.0,4666.0,48048015980,1558514,878,4496.0,4691.0
3248,2022-11-08,4584.0,4899.0,4516.0,4711.0,38863661960,1248536,687,4666.0,4516.0
3249,2022-11-09,4540.0,4722.0,4517.0,4632.0,12933044270,424252,379,4711.0,4517.0
3250,2022-11-12,4517.0,4767.0,4517.0,4666.0,13684161280,443547,345,4632.0,4646.0
3251,2022-11-13,4499.0,4623.0,4473.0,4590.0,8815268080,293944,235,4666.0,4514.0
3252,2022-11-14,4542.0,4570.0,4390.0,4529.0,6912336160,234443,212,4590.0,4439.0
3253,2022-11-15,4558.0,4616.0,4436.0,4523.0,4848299920,162628,129,4529.0,4440.0
3254,2022-11-16,4525.0,4525.0,4363.0,4401.0,13052878730,449913,301,4523.0,4366.0
3255,2022-11-19,4495.0,4548.0,4222.0,4426.0,21330863990,729229,446,4401.0,4523.0
3256,2022-11-20,4607.0,4647.0,4601.0,4643.0,30860315760,1005820,216,4426.0,4647.0
3257,2022-11-22,4865.0,4874.0,4767.0,4862.0,65042615030,2024608,597,4643.0,4874.0
3258,2022-11-23,5039.0,5039.0,4675.0,4831.0,17524531300,548989,340,4862.0,4713.0
3259,2022-11-26,4620.0,5070.0,4617.0,4944.0,40406965420,1236873,734,4831.0,5006.0
3260,2022-11-27,5070.0,5070.0,4769.0,4926.0,13120333320,403330,274,4944.0,4862.0
3261,2022-11-28,4964.0,5168.0,4852.0,5039.0,43233088810,1298100,439,4926.0,5115.0
3262,2022-11-29,5115.0,5247.0,4988.0,5062.0,9592480880,285979,266,5039.0,5024.0
3263,2022-11-30,5221.0,5221.0,4994.0,5042.0,11034939020,331771,260,5062.0,5080.0
3264,2022-12-03,5080.0,5144.0,4976.0,5041.0,8813560310,264590,197,5042.0,5092.0
3265,2022-12-04,5129.0,5129.0,4920.0,5036.0,6251971040,188103,160,5041.0,4968.0
3266,2022-12-05,4968.0,5100.0,4818.0,4923.0,13113066710,404227,298,5036.0,4821.0
3267,2022-12-06,4949.0,5129.0,4778.0,4982.0,13584716530,412172,237,4923.0,5005.0
3268,2022-12-07,5070.0,5230.0,4918.0,5197.0,75607237430,2201666,885,4982.0,5230.0
3269,2022-12-10,5233.0,5456.0,5232.0,5446.0,68293105080,1897685,655,5197.0,5456.0
3270,2022-12-11,5675.0,5717.0,5374.0,5627.0,66691844960,1793917,956,5446.0,5705.0
3271,2022-12-12,5705.0,5902.0,5501.0,5698.0,39641539500,1052761,620,5627.0,5761.0
3272,2022-12-13,5686.0,5907.0,5528.0,5681.0,23301179330,620712,457,5698.0,5528.0
3273,2022-12-14,5660.0,5857.0,5398.0,5505.0,45025929800,1237664,780,5681.0,5398.0
3274,2022-12-17,5581.0,5581.0,5232.0,5301.0,37519901140,1071193,791,5505.0,5295.0
3275,2022-12-18,5239.0,5392.0,5219.0,5300.0,49622933950,1416871,914,5301.0,5389.0
3276,2022-12-19,5419.0,5505.0,5145.0,5348.0,32950182130,932384,755,5300.0,5265.0
3277,2022-12-20,5188.0,5292.0,5082.0,5109.0,33997363460,1006913,647,5348.0,5083.0
3278,2022-12-21,5029.0,5263.0,5029.0,5171.0,12593934980,368037,294,5109.0,5130.0
3279,2022-12-24,5160.0,5427.0,5123.0,5192.0,40655248620,1184944,694,5171.0,5204.0
3280,2022-12-25,5274.0,5274.0,4933.0,5048.0,76112553550,2281385,1057,5192.0,5045.0
3281,2022-12-26,5048.0,5097.0,4918.0,5002.0,24288245690,734816,507,5048.0,5058.0
3282,2022-12-28,5098.0,5145.0,5026.0,5083.0,28410862400,845774,527,5002.0,5029.0
3283,2022-12-31,5008.0,5221.0,5008.0,5120.0,26194962240,774208,519,5083.0,5115.0
3284,2023-01-01,5173.0,5176.0,4991.0,5067.0,14232163380,425323,431,5120.0,5008.0
3285,2023-01-02,5089.0,5170.0,4967.0,5058.0,33753919040,1009874,738,5067.0,5006.0
3286,2023-01-03,5053.0,5071.0,4828.0,4936.0,46386934790,1422047,1128,5058.0,4835.0
3287,2023-01-04,4809.0,5136.0,4809.0,5041.0,32496376110,975657,524,4936.0,5050.0
3288,2023-01-07,5136.0,5292.0,5053.0,5191.0,96022494120,2799633,901,5041.0,5292.0
3289,2023-01-08,5448.0,5450.0,5312.0,5446.0,87769207900,2439040,1020,5191.0,5446.0
3290,2023-01-09,5377.0,5717.0,5377.0,5575.0,84800188780,2301956,1012,5446.0,5463.0
3291,2023-01-10,5675.0,5690.0,5297.0,5404.0,68634005580,1921910,784,5575.0,5312.0
3292,2023-01-11,5433.0,5433.0,5135.0,5176.0,62512981720,1827954,1005,5404.0,5135.0
3293,2023-01-14,5147.0,5434.0,4999.0,5362.0,59782927770,1687443,589,5176.0,5306.0
3294,2023-01-16,5227.0,5630.0,5227.0,5572.0,52855448950,1435597,751,5362.0,5548.0
3295,2023-01-17,5748.0,5851.0,5472.0,5796.0,74174622330,1936754,993,5572.0,5781.0
3296,2023-01-18,5851.0,6085.0,5851.0,6075.0,151283560770,3768790,1338,5796.0,6078.0
3297,2023-01-21,6205.0,6377.0,5982.0,6230.0,99341059080,2412694,1390,6075.0,6078.0
3298,2023-01-22,6078.0,6078.0,5920.0,5928.0,39334201090,1004103,423,6230.0,5920.0
3299,2023-01-23,5660.0,5891.0,5633.0,5667.0,99508229660,2657287,1524,5928.0,5633.0
3300,2023-01-24,5723.0,5947.0,5448.0,5658.0,51353854460,1373365,677,5667.0,5480.0
3301,2023-01-25,5643.0,5643.0,5377.0,5401.0,43134379970,1208627,614,5658.0,5377.0
3302,2023-01-28,5215.0,5397.0,5132.0,5165.0,21778253830,638075,442,5401.0,5132.0
3303,2023-01-29,4949.0,5080.0,4908.0,4918.0,13569680960,417701,221,5165.0,4908.0
3304,2023-01-30,4676.0,4887.0,4673.0,4723.0,23642891670,757525,512,4918.0,4805.0
3305,2023-01-31,4874.0,4959.0,4843.0,4941.0,29338190630,898634,404,4723.0,4959.0
3306,2023-02-01,4964.0,5009.0,4722.0,4894.0,10726566830,332499,257,4941.0,4896.0
3307,2023-02-05,5048.0,5048.0,4650.0,4740.0,15384681190,491269,387,4894.0,4650.0
3308,2023-02-06,4504.0,4673.0,4504.0,4549.0,16670159190,554574,273,4740.0,4587.0
3309,2023-02-07,4767.0,4767.0,4399.0,4588.0,14318129490,472183,281,4549.0,4616.0
3310,2023-02-08,4764.0,4764.0,4540.0,4622.0,26698936030,874326,406,4588.0,4644.0
3311,2023-02-12,4728.0,4852.0,4634.0,4818.0,51091924420,1604460,709,4622.0,4852.0
3312,2023-02-13,4976.0,5059.0,4818.0,4944.0,29545611660,904459,469,4818.0,4858.0
3313,2023-02-14,4828.0,5112.0,4737.0,5000.0,34492957790,1043898,624,4944.0,5026.0
3314,2023-02-15,5061.0,5061.0,4750.0,4753.0,64409762300,2050609,654,5000.0,4750.0
3315,2023-02-19,4691.0,4799.0,4540.0,4641.0,22326008790,727859,381,4753.0,4601.0
3316,2023-02-20,4601.0,4873.0,4563.0,4812.0,18444436610,580094,404,4641.0,4873.0
3317,2023-02-21,4988.0,4988.0,4676.0,4884.0,28078294280,870058,381,4812.0,4778.0
3318,2023-02-22,4843.0,4961.0,4693.0,4846.0,13110350650,409901,220,4884.0,4947.0
3319,2023-02-25,4893.0,5088.0,4893.0,5042.0,37066442780,1112453,596,4846.0,5088.0
3320,2023-02-26,5145.0,5250.0,4874.0,5048.0,31579030950,946548,613,5042.0,5039.0
3321,2023-02-27,5024.0,5100.0,4844.0,4956.0,20805493210,635282,371,5048.0,4846.0
3322,2023-02-28,4821.0,5035.0,4821.0,4927.0,27649327840,849278,547,4956.0,4943.0
3323,2023-03-01,4829.0,5077.0,4767.0,4958.0,27460885230,838174,521,4927.0,4932.0
3324,2023-03-05,4932.0,5176.0,4885.0,4961.0,8737085850,266484,226,4958.0,4967.0
3325,2023-03-06,4858.0,5056.0,4858.0,4961.0,24882904800,759032,451,4961.0,4979.0
3326,2023-03-07,4980.0,5097.0,4980.0,5053.0,26617144190,797169,536,4961.0,5085.0
3327,2023-03-11,5100.0,5174.0,4888.0,5023.0,20795738700,626504,504,5053.0,5039.0
3328,2023-03-12,4877.0,4964.0,4843.0,4921.0,10517571490,325999,329,5023.0,4894.0
3329,2023-03-13,4776.0,4982.0,4776.0,4868.0,12183107370,379508,339,4921.0,4879.0
3330,2023-03-14,4828.0,4832.0,4713.0,4770.0,20984354350,665736,621,4868.0,4761.0
3331,2023-03-15,4797.0,4933.0,4767.0,4811.0,25649847330,806972,611,4770.0,4852.0
3332,2023-03-18,4891.0,5050.0,4847.0,5015.0,54166040290,1634685,642,4811.0,5039.0
3333,2023-03-19,5145.0,5206.0,5024.0,5065.0,34717158770,1037381,590,5015.0,5036.0
3334,2023-03-25,5212.0,5318.0,5036.0,5282.0,45207951460,1295282,583,5065.0,5318.0
3335,2023-03-26,5316.0,5501.0,5223.0,5309.0,44492305900,1268207,625,5282.0,5446.0
3336,2023-03-28,5452.0,5562.0,5291.0,5399.0,45242120510,1240440,450,5309.0,5384.0
3337,2023-03-29,5452.0,5537.0,5350.0,5398.0,29313885830,803952,623,5399.0,5355.0
3338,2023-04-03,5529.0,5534.0,5292.0,5399.0,33731290090,924841,570,5398.0,5427.0
3339,2023-04-04,5418.0,5669.0,5412.0,5562.0,90119922660,2398798,885,5399.0,5669.0
3340,2023-04-05,5818.0,5839.0,5682.0,5836.0,119072542160,3020975,786,5562.0,5839.0
3341,2023-04-08,5922.0,6111.0,5774.0,5975.0,102393100070,2536813,1388,5836.0,5855.0
3342,2023-04-09,5919.0,6215.0,5848.0,6022.0,99620024440,2449128,1142,5975.0,6114.0
3343,2023-04-10,6036.0,6323.0,6030.0,6233.0,108529798380,2578107,1173,6022.0,6110.0
3344,2023-04-11,6070.0,6543.0,6047.0,6435.0,78975508340,1816806,949,6233.0,6542.0
3345,2023-04-15,6554.0,6757.0,6554.0,6711.0,66244194730,1461280,779,6435.0,6757.0
3346,2023-04-16,7035.0,7035.0,6758.0,6948.0,85821117720,1828591,1070,6711.0,6951.0
3347,2023-04-17,7254.0,7254.0,6754.0,6977.0,71926684970,1526106,1007,6948.0,6973.0
3348,2023-04-18,7171.0,7304.0,6764.0,7005.0,108419106840,2291153,1264,6977.0,6989.0
3349,2023-04-19,7044.0,7355.0,6817.0,7250.0,76927877430,1571056,864,7005.0,7355.0
3350,2023-04-24,7402.0,7611.0,7256.0,7587.0,63232788270,1233697,779,7250.0,7611.0
3351,2023-04-25,7957.0,7957.0,7208.0,7411.0,101314312650,2023947,1224,7587.0,7392.0
3352,2023-04-26,7498.0,7498.0,7109.0,7261.0,50705471500,1033759,617,7411.0,7269.0
3353,2023-04-29,7254.0,7549.0,7137.0,7284.0,68760389400,1397510,865,7261.0,7335.0
3354,2023-04-30,7285.0,7648.0,7285.0,7634.0,60207276130,1167580,515,7284.0,7648.0
3355,2023-05-01,7988.0,8015.0,7633.0,7929.0,71172618590,1328804,730,7634.0,8015.0
3356,2023-05-02,8156.0,8324.0,7997.0,8292.0,49585429840,885272,645,7929.0,8324.0
3357,2023-05-03,8689.0,8706.0,8320.0,8555.0,71863923940,1243528,728,8292.0,8702.0
3358,2023-05-08,8129.0,8129.0,8129.0,8160.0,13229905580,240938,51,8555.0,8129.0
3359,2023-05-09,7753.0,7901.0,7753.0,7754.0,151682457280,2895841,939,8160.0,7754.0
3360,2023-05-10,7368.0,7368.0,7368.0,7368.0,13662611550,274515,115,7754.0,7368.0
3361,2023-05-13,7001.0,7001.0,7001.0,7001.0,21664116480,458112,152,7368.0,7001.0
3362,2023-05-14,6653.0,7180.0,6652.0,6783.0,30157915530,658122,642,7001.0,6825.0
3363,2023-05-15,6961.0,7044.0,6517.0,6665.0,24737670540,549421,456,6783.0,6691.0
3364,2023-05-17,6811.0,6998.0,6669.0,6980.0,62647571320,1328708,394,6665.0,6998.0
3365,2023-05-20,7328.0,7328.0,7328.0,7328.0,26415031500,533637,211,6980.0,7328.0
3366,2023-05-21,7694.0,7694.0,7694.0,7694.0,32689493790,629007,107,7328.0,7694.0
3367,2023-05-22,8077.0,8077.0,7910.0,8062.0,110464535950,2028447,562,7694.0,8077.0
3368,2023-05-23,8465.0,8465.0,8335.0,8464.0,71977741720,1258953,457,8062.0,8465.0
3369,2023-05-24,8364.0,8705.0,8042.0,8255.0,96099928560,1723457,1166,8464.0,8585.0
3370,2023-05-27,8583.0,8666.0,8268.0,8647.0,74654321610,1278051,829,8255.0,8666.0
3371,2023-05-28,8882.0,8918.0,8215.0,8370.0,86736884100,1534010,864,8647.0,8215.0
3372,2023-05-29,8424.0,8788.0,8409.0,8666.0,43459705350,742354,473,8370.0,8652.0
3373,2023-05-30,8733.0,9029.0,8444.0,8817.0,33969163630,570339,440,8666.0,8859.0
3374,2023-05-31,8881.0,8881.0,8438.0,8561.0,20125263340,347993,320,8817.0,8444.0
3375,2023-06-03,8469.0,8880.0,8469.0,8721.0,12375447450,209161,221,8561.0,8690.0
3376,2023-06-06,8660.0,8734.0,8286.0,8358.0,52961027700,938026,513,8721.0,8286.0
3377,2023-06-07,8141.0,8509.0,8009.0,8210.0,26829199500,483783,378,8358.0,8031.0
3378,2023-06-10,8033.0,8179.0,7800.0,7827.0,34411366960,650882,348,8210.0,7800.0
3379,2023-06-11,7876.0,7891.0,7449.0,7553.0,14334962640,280977,359,7827.0,7491.0
3380,2023-06-12,7331.0,7920.0,7239.0,7433.0,20559510430,409469,352,7553.0,7460.0
3381,2023-06-13,7298.0,7805.0,7298.0,7760.0,45062654590,859592,366,7433.0,7805.0
3382,2023-06-14,7905.0,8099.0,7372.0,7632.0,39523137190,766624,462,7760.0,7697.0
3383,2023-06-17,7634.0,8012.0,7633.0,7951.0,34429351240,641019,501,7632.0,7867.0
3384,2023-06-18,8253.0,8253.0,7734.0,7947.0,8547525880,159317,234,7951.0,8043.0
3385,2023-06-19,7771.0,8253.0,7771.0,8016.0,9707602990,178296,288,7947.0,8085.0
3386,2023-06-20,8344.0,8344.0,8085.0,8225.0,18426641150,331627,292,8016.0,8231.0
3387,2023-06-21,8127.0,8634.0,8068.0,8464.0,38411913380,671933,415,8225.0,8233.0
3388,2023-06-24,8512.0,8529.0,8142.0,8286.0,18213518940,325392,300,8464.0,8142.0
3389,2023-06-25,8144.0,8615.0,8144.0,8397.0,32273274400,569030,348,8286.0,8570.0
3390,2023-06-26,8231.0,8729.0,8231.0,8634.0,17270223690,296143,272,8397.0,8638.0
3391,2023-06-27,8493.0,9060.0,8493.0,8943.0,38292927940,633915,484,8634.0,8734.0
3392,2023-06-28,8601.0,9230.0,8601.0,9008.0,15123652300,248429,331,8943.0,8927.0
3393,2023-07-01,8853.0,9179.0,8714.0,8835.0,22366631750,374779,271,9008.0,8764.0
3394,2023-07-02,8834.0,9065.0,8394.0,8567.0,40447565120,698949,508,8835.0,8424.0
3395,2023-07-03,8542.0,8774.0,8424.0,8567.0,17923604590,309747,339,8567.0,8720.0
3396,2023-07-04,8468.0,8754.0,8424.0,8591.0,12724899700,219223,278,8567.0,8696.0
3397,2023-07-05,8586.0,8592.0,8335.0,8533.0,9036974330,157393,204,8591.0,8592.0
3398,2023-07-08,8541.0,8727.0,8541.0,8573.0,5732857490,98227,151,8533.0,8610.0
3399,2023-07-09,8580.0,8690.0,8555.0,8617.0,9116916020,156082,235,8573.0,8643.0
3400,2023-07-10,8558.0,8804.0,8290.0,8583.0,12262367620,211673,308,8617.0,8684.0
3401,2023-07-11,8777.0,9005.0,8464.0,8640.0,15652469320,268184,324,8583.0,8601.0
3402,2023-07-12,8586.0,8882.0,8298.0,8477.0,12452317650,218256,288,8640.0,8557.0
3403,2023-07-15,8308.0,8653.0,8053.0,8310.0,15062756430,268337,213,8477.0,8070.0
3404,2023-07-16,7898.0,7978.0,7895.0,7897.0,32732156660,613658,201,8310.0,7895.0
3405,2023-07-17,7506.0,7698.0,7503.0,7506.0,16728259020,329956,147,7897.0,7503.0
3406,2023-07-18,7402.0,7735.0,7331.0,7506.0,10495619130,207027,242,7506.0,7602.0
3407,2023-07-24,7504.0,7864.0,7504.0,7515.0,1785285950,35158,55,7506.0,7607.0
3408,2023-07-25,7768.0,7794.0,7289.0,7501.0,4910249310,98023,127,7515.0,7413.0
3409,2023-07-26,7673.0,7874.0,7500.0,7615.0,9125522790,177051,133,7501.0,7670.0
3410,2023-07-29,7770.0,7770.0,7453.0,7621.0,3743362170,73104,97,7615.0,7618.0
3411,2023-07-30,7553.0,7621.0,7361.0,7585.0,2691470450,54068,109,7621.0,7395.0
3412,2023-07-31,7862.0,7862.0,7312.0,7564.0,2393696540,47922,76,7585.0,7461.0
3413,2023-08-01,7409.0,7753.0,7322.0,7615.0,12611737680,246852,226,7564.0,7727.0
3414,2023-08-05,7834.0,7834.0,7513.0,7606.0,5259261810,103379,183,7615.0,7589.0
3415,2023-08-06,7589.0,7907.0,7589.0,7761.0,17395063860,334440,241,7606.0,7734.0
3416,2023-08-07,7719.0,7924.0,7598.0,7749.0,7411110550,142936,207,7761.0,7622.0
3417,2023-08-08,7664.0,7880.0,7488.0,7692.0,5158303700,101475,131,7749.0,7612.0
3418,2023-08-09,7570.0,7682.0,7309.0,7431.0,12690570950,256145,295,7692.0,7309.0
3419,2023-08-12,7407.0,7416.0,7060.0,7374.0,2748257120,57463,108,7431.0,7288.0
3420,2023-08-13,7455.0,7455.0,7037.0,7312.0,4820937640,100090,121,7374.0,7134.0
3421,2023-08-14,7459.0,7459.0,7197.0,7307.0,2769856740,56686,80,7312.0,7197.0
3422,2023-08-15,7312.0,7312.0,6943.0,7060.0,10337945930,221306,131,7307.0,6945.0
3423,2023-08-16,6894.0,7310.0,6807.0,7066.0,10368773480,218912,162,7060.0,7115.0
3424,2023-08-19,7143.0,7143.0,6803.0,7028.0,3862463300,83258,81,7066.0,6863.0
3425,2023-08-20,6736.0,7121.0,6736.0,7007.0,2136650510,46276,64,7028.0,6924.0
3426,2023-08-21,6971.0,7210.0,6971.0,7028.0,3877167990,81645,84,7007.0,7145.0
3427,2023-08-22,7028.0,7176.0,6891.0,7019.0,3028597170,64719,61,7028.0,6892.0
3428,2023-08-23,6964.0,7197.0,6924.0,7052.0,6155170050,129350,60,7019.0,7083.0
3429,2023-08-26,7233.0,7310.0,7089.0,7106.0,5240021220,108429,105,7052.0,7177.0
3430,2023-08-27,7383.0,7383.0,7037.0,7128.0,7353366670,153413,130,7106.0,7160.0
3431,2023-08-28,7233.0,7233.0,6864.0,7083.0,4466415730,95498,147,7128.0,6864.0
3432,2023-08-29,7233.0,7233.0,6886.0,7064.0,2448430470,52417,101,7083.0,6909.0
3433,2023-08-30,7171.0,7171.0,6712.0,6827.0,11792440930,259762,320,7064.0,6767.0
3434,2023-09-02,6918.0,6918.0,6487.0,6648.0,11328017720,256205,293,6827.0,6487.0
3435,2023-09-03,6487.0,6694.0,6487.0,6651.0,4634867620,103885,114,6648.0,6573.0
3436,2023-09-04,6661.0,6797.0,6510.0,6660.0,4552548990,101685,160,6651.0,6651.0
3437,2023-09-05,6634.0,6746.0,6595.0,6657.0,4949716070,111061,150,6660.0,6640.0
3438,2023-09-09,6773.0,6989.0,6715.0,6875.0,23198728800,503503,401,6657.0,6903.0
3439,2023-09-10,6900.0,7218.0,6746.0,7162.0,28384111910,591312,421,6875.0,7103.0
3440,2023-09-11,7231.0,7364.0,6909.0,7119.0,13016038720,273172,316,7162.0,6940.0
3441,2023-09-12,6967.0,7088.0,6900.0,7049.0,7412516880,158661,204,7119.0,6961.0
3442,2023-09-13,7131.0,7252.0,6974.0,7130.0,12481948840,260377,245,7049.0,7089.0
3443,2023-09-17,7237.0,7237.0,6949.0,7083.0,5908700820,125711,165,7130.0,6960.0
3444,2023-09-18,6883.0,7073.0,6795.0,7013.0,5526571320,119523,167,7083.0,6812.0
3445,2023-09-19,6831.0,6931.0,6724.0,6949.0,3829346930,84350,119,7013.0,6760.0
3446,2023-09-20,6760.0,6861.0,6719.0,6915.0,2383763350,52728,58,6949.0,6745.0
3447,2023-09-23,6763.0,6834.0,6682.0,6778.0,10458181070,232121,147,6915.0,6788.0
3448,2023-09-25,6939.0,6939.0,6566.0,6760.0,2793741020,62392,103,6778.0,6713.0
3449,2023-09-26,6684.0,6860.0,6591.0,6745.0,6126951650,135982,120,6760.0,6730.0
3450,2023-09-27,6612.0,6760.0,6581.0,6703.0,5119511140,115273,113,6745.0,6633.0
3451,2023-09-30,6954.0,6954.0,6437.0,6670.0,2265753190,52039,78,6703.0,6479.0
3452,2023-10-01,6491.0,6740.0,6491.0,6649.0,3694739550,83731,85,6670.0,6609.0
3453,2023-10-02,6542.0,6700.0,6185.0,6604.0,3152233750,73006,102,6649.0,6551.0
3454,2023-10-04,6512.0,7066.0,6512.0,7016.0,40219439490,855418,528,6604.0,7066.0
3455,2023-10-07,7507.0,7507.0,7425.0,7504.0,114219074080,2271034,951,7016.0,7504.0
3456,2023-10-08,7395.0,7583.0,6979.0,7230.0,44335644910,914994,642,7504.0,7355.0
3457,2023-10-09,7603.0,7603.0,7134.0,7301.0,17117476510,349857,302,7230.0,7386.0
3458,2023-10-10,7461.0,7461.0,7179.0,7306.0,7494733710,152991,192,7301.0,7245.0
3459,2023-10-11,7267.0,7603.0,7106.0,7449.0,40578198850,812868,516,7306.0,7586.0
3460,2023-10-14,7658.0,7758.0,7066.0,7516.0,34921290560,693304,440,7449.0,7530.0
3461,2023-10-15,7558.0,7725.0,7277.0,7480.0,6503662930,130561,196,7516.0,7312.0
3462,2023-10-16,7162.0,7586.0,7162.0,7474.0,4496501610,89946,192,7480.0,7459.0
3463,2023-10-17,7592.0,7592.0,7207.0,7415.0,7513906170,152419,177,7474.0,7400.0
3464,2023-10-18,7165.0,7482.0,7165.0,7385.0,3058132260,62730,106,7415.0,7288.0
3465,2023-10-21,7091.0,7373.0,6940.0,7340.0,5996296880,123001,128,7385.0,7325.0
3466,2023-10-22,7388.0,7567.0,6969.0,7297.0,7108397350,146274,151,7340.0,7162.0
3467,2023-10-23,7018.0,7162.0,6786.0,6869.0,21461523790,466277,214,7297.0,6788.0
3468,2023-10-24,6895.0,6895.0,6519.0,6766.0,7560307430,168816,190,6869.0,6715.0
3469,2023-10-25,6864.0,7239.0,6581.0,7186.0,76114262640,1580286,324,6766.0,7239.0
3470,2023-10-28,7145.0,7145.0,6684.0,6767.0,49870314120,1099707,470,7186.0,6684.0
3471,2023-10-29,7013.0,7082.0,6716.0,6907.0,20038266540,432881,326,6767.0,6974.0
3472,2023-10-30,7083.0,7161.0,6849.0,6945.0,20383975430,437942,293,6907.0,6894.0
3473,2023-10-31,6730.0,7010.0,6655.0,6880.0,6337556340,139056,149,6945.0,6746.0
3474,2023-11-01,6745.0,6891.0,6454.0,6616.0,11222314050,255336,197,6880.0,6704.0
3475,2023-11-04,6863.0,6863.0,6491.0,6604.0,10502527050,237460,181,6616.0,6622.0
3476,2023-11-05,6497.0,6624.0,6342.0,6518.0,13530547770,310164,252,6604.0,6566.0
3477,2023-11-06,6554.0,6889.0,6475.0,6678.0,24661614390,551088,366,6518.0,6834.0
3478,2023-11-07,6903.0,7013.0,6685.0,6794.0,12596525690,275610,264,6678.0,6845.0
3479,2023-11-08,7261.0,7261.0,6772.0,6846.0,6846117870,147799,185,6794.0,6903.0
3480,2023-11-11,6909.0,7085.0,6843.0,6882.0,7740514910,167003,129,6846.0,6849.0
3481,2023-11-12,7006.0,7006.0,6658.0,6806.0,6811079580,151295,145,6882.0,6700.0
3482,2023-11-13,6575.0,6852.0,6575.0,6782.0,4161581070,92354,135,6806.0,6706.0
3483,2023-11-14,6785.0,6806.0,6640.0,6754.0,3125729090,70118,107,6782.0,6643.0
3484,2023-11-15,6660.0,6806.0,6598.0,6716.0,6060407130,135714,115,6754.0,6775.0
3485,2023-11-18,6592.0,6783.0,6592.0,6722.0,3333181680,73770,122,6716.0,6745.0
3486,2023-11-19,6855.0,6855.0,6610.0,6715.0,2931128800,65468,71,6722.0,6640.0
3487,2023-11-20,6640.0,7063.0,6533.0,6800.0,13977931460,306372,210,6715.0,6918.0
3488,2023-11-21,6989.0,6989.0,6648.0,6785.0,6826353270,150565,174,6800.0,6798.0
3489,2023-11-22,6675.0,6891.0,6640.0,6773.0,2770914620,61531,70,6785.0,6658.0
3490,2023-11-25,6772.0,7246.0,6733.0,7198.0,62193848090,1289187,359,6773.0,7246.0
3491,2023-11-26,7321.0,7701.0,7319.0,7633.0,132182054520,2584386,993,7198.0,7580.0
3492,2023-11-27,7597.0,8043.0,7461.0,7710.0,40987138320,793231,665,7633.0,7518.0
3493,2023-11-28,7697.0,8249.0,7222.0,8097.0,109995237750,2027126,998,7710.0,8198.0
3494,2023-11-29,8416.0,8416.0,7640.0,7904.0,48220624860,910319,794,8097.0,7892.0
3495,2023-12-02,7880.0,8162.0,7701.0,7901.0,26136078130,493575,426,7904.0,7856.0
3496,2023-12-03,7495.0,8431.0,7495.0,8198.0,53787976530,979116,545,7901.0,8356.0
3497,2023-12-04,8432.0,8582.0,7859.0,8140.0,43748498310,802021,587,8198.0,8079.0
3498,2023-12-05,7985.0,8104.0,7849.0,7974.0,38655715140,723311,559,8140.0,7964.0
3499,2023-12-06,8091.0,8532.0,7985.0,8395.0,53117372060,944060,472,7974.0,8395.0
3500,2023-12-09,8394.0,8508.0,8200.0,8283.0,18624626610,335530,231,8395.0,8212.0
3501,2023-12-10,8229.0,8561.0,8207.0,8398.0,25198420840,447698,276,8283.0,8476.0
3502,2023-12-11,8595.0,8846.0,8540.0,8714.0,25945026700,444298,305,8398.0,8640.0
3503,2023-12-12,8740.0,8740.0,8365.0,8531.0,14948440810,261593,266,8714.0,8467.0
3504,2023-12-13,8346.0,8617.0,8203.0,8417.0,10041918610,179205,256,8531.0,8307.0
3505,2023-12-16,8431.0,8708.0,8349.0,8447.0,7733415380,136136,204,8417.0,8458.0
3506,2023-12-18,8655.0,8655.0,8358.0,8417.0,7783631300,138444,263,8447.0,8382.0
3507,2023-12-19,8789.0,8789.0,8083.0,8344.0,10247470170,183966,137,8417.0,8331.0
3508,2023-12-20,8156.0,8337.0,8156.0,8328.0,2340050870,42366,102,8344.0,8180.0
3509,2023-12-23,8241.0,8241.0,7909.0,8055.0,11854591410,221229,255,8328.0,7924.0
3510,2023-12-24,7813.0,7944.0,7764.0,7910.0,9506081440,180914,207,8055.0,7849.0
3511,2023-12-25,7910.0,8058.0,7794.0,7946.0,7028696440,131357,152,7910.0,7803.0
3512,2023-12-26,8044.0,8044.0,7391.0,7453.0,38512691560,770948,377,7946.0,7391.0
3513,2023-12-27,7434.0,7544.0,7207.0,7430.0,5462282850,110223,142,7453.0,7461.0
3514,2023-12-30,7245.0,7652.0,7242.0,7436.0,3029317260,60583,164,7430.0,7431.0
3515,2024-01-02,7595.0,7628.0,7104.0,7474.0,7776138740,154507,204,7436.0,7491.0
3516,2024-01-03,7679.0,7679.0,7282.0,7450.0,5774309970,116221,129,7474.0,7431.0
3517,2024-01-06,7461.0,7849.0,7303.0,7533.0,8974545630,176430,137,7450.0,7674.0
3518,2024-01-07,7612.0,7959.0,7542.0,7800.0,20260184620,387581,292,7533.0,7935.0
3519,2024-01-08,7980.0,7982.0,7610.0,7773.0,6238520720,120400,133,7800.0,7759.0
3520,2024-01-09,7722.0,7803.0,7537.0,7719.0,4911385370,96353,142,7773.0,7539.0
3521,2024-01-10,7744.0,7744.0,7455.0,7639.0,6784761800,134283,164,7719.0,7625.0
3522,2024-01-13,7556.0,7744.0,7397.0,7616.0,4142882910,81805,133,7639.0,7595.0
3523,2024-01-14,7556.0,7685.0,7397.0,7592.0,4097934450,81181,131,7616.0,7643.0
3524,2024-01-15,7830.0,7830.0,7492.0,7613.0,5539460760,108080,134,7592.0,7664.0
3525,2024-01-16,7388.0,7662.0,7386.0,7570.0,6130705750,121837,103,7613.0,7662.0
3526,2024-01-17,7613.0,7804.0,7580.0,7671.0,11623148350,225216,183,7570.0,7765.0
3527,2024-01-20,7670.0,7891.0,7621.0,7673.0,3195653110,62081,150,7671.0,7759.0
3528,2024-01-21,7556.0,7794.0,7509.0,7676.0,4795812520,93128,131,7673.0,7750.0
3529,2024-01-22,7759.0,7922.0,7556.0,7728.0,5195885580,99049,99,7676.0,7683.0
3530,2024-01-23,7759.0,7759.0,7409.0,7709.0,1945352180,38312,65,7728.0,7633.0
3531,2024-01-24,7436.0,7827.0,7327.0,7621.0,5322259470,106333,157,7709.0,7595.0
3532,2024-01-27,7741.0,7862.0,7446.0,7640.0,4487610440,87151,110,7621.0,7595.0
3533,2024-01-28,7831.0,7894.0,7598.0,7664.0,10967477520,213267,150,7640.0,7743.0
3534,2024-01-29,7509.0,7883.0,7485.0,7758.0,20752903220,399188,200,7664.0,7807.0
3535,2024-01-30,7983.0,7983.0,7685.0,7810.0,10373301590,197551,156,7758.0,7685.0
3536,2024-01-31,7621.0,7832.0,7461.0,7721.0,10295598400,200046,187,7810.0,7819.0
3537,2024-02-03,7892.0,7944.0,7731.0,7765.0,14683539500,282137,118,7721.0,7841.0
3538,2024-02-04,7916.0,8013.0,7761.0,7858.0,20209107850,383776,195,7765.0,7880.0
3539,2024-02-05,7688.0,8282.0,7688.0,8006.0,24309689040,453101,256,7858.0,8028.0
3540,2024-02-06,7761.0,8207.0,7761.0,8064.0,19278005590,356728,258,8006.0,8019.0
3541,2024-02-07,8046.0,8131.0,7892.0,8035.0,8823509050,164311,184,8064.0,8082.0
3542,2024-02-10,8173.0,8297.0,8059.0,8159.0,18338663090,335402,197,8035.0,8201.0
3543,2024-02-12,8295.0,8355.0,8161.0,8256.0,27758072880,501713,286,8159.0,8255.0
3544,2024-02-13,8162.0,8483.0,8162.0,8334.0,21154444890,378746,229,8256.0,8252.0
3545,2024-02-14,8528.0,8661.0,8235.0,8408.0,29289595010,519749,343,8334.0,8562.0
3546,2024-02-17,8326.0,8655.0,8326.0,8504.0,27350476070,479891,266,8408.0,8520.0
3547,2024-02-18,8611.0,8711.0,8467.0,8616.0,18352381970,317865,208,8504.0,8652.0
3548,2024-02-19,8652.0,9046.0,8610.0,8743.0,30269559300,516642,421,8616.0,9041.0
3549,2024-02-20,8947.0,9162.0,8655.0,8834.0,11165006700,187775,299,8743.0,8916.0
3550,2024-02-21,8640.0,9101.0,8640.0,8846.0,8268242320,139305,260,8834.0,9098.0
3551,2024-02-24,8661.0,9286.0,8661.0,9190.0,23164865670,376118,458,8846.0,9283.0
3552,2024-02-26,9287.0,9640.0,9252.0,9325.0,13918089920,222292,364,9190.0,9283.0
3553,2024-02-27,9625.0,9632.0,8953.0,9261.0,9264887400,149999,265,9325.0,9117.0
3554,2024-02-28,9261.0,9547.0,9177.0,9319.0,15890250580,254447,280,9261.0,9395.0
3555,2024-03-02,9475.0,9625.0,9255.0,9453.0,23785854010,375446,319,9319.0,9549.0
3556,2024-03-03,9699.0,9925.0,9562.0,9810.0,26530098630,403582,359,9453.0,9922.0
3557,2024-03-04,9811.0,10256.0,9625.0,9962.0,19058204050,285458,342,9810.0,9939.0
3558,2024-03-05,10168.0,10430.0,9871.0,10156.0,26509238510,389497,341,9962.0,10190.0
3559,2024-03-06,10189.0,10453.0,9850.0,10156.0,21654356630,318153,369,10156.0,9992.0
3560,2024-03-09,10141.0,10142.0,9681.0,9959.0,8292845580,126120,248,10156.0,9948.0
3561,2024-03-10,9699.0,9978.0,9462.0,9699.0,7920881650,124423,212,9959.0,9462.0
3562,2024-03-11,9683.0,10117.0,9214.0,9547.0,23161884760,361992,408,9699.0,9401.0
3563,2024-03-12,9698.0,9928.0,9356.0,9608.0,31918018760,495709,400,9547.0,9399.0
3564,2024-03-27,10085.0,10085.0,10085.0,9996.0,12866039620,569042,34,9608.0,10085.0
3565,2024-03-30,9501.0,10496.0,9501.0,10380.0,37251532410,1601094,461,9996.0,10496.0
3566,2024-04-02,10496.0,10897.0,10469.0,10853.0,21739606610,893400,433,10380.0,10897.0
3567,2024-04-03,11241.0,11392.0,10438.0,11094.0,16764928470,674027,367,10853.0,11392.0
3568,2024-04-06,11647.0,11647.0,11375.0,11615.0,63574697010,2441599,622,11094.0,11647.0
3569,2024-04-07,11754.0,12195.0,11651.0,12155.0,30464170100,1117878,206,11615.0,12195.0
3570,2024-04-08,12762.0,12762.0,12762.0,12762.0,17246708810,602821,85,12155.0,12762.0
3571,2024-04-09,13400.0,13400.0,12771.0,13373.0,86461187530,2883972,685,12762.0,13400.0
3572,2024-04-13,13828.0,14038.0,13426.0,13997.0,94934075160,3025168,1105,13373.0,14038.0
3573,2024-04-14,13859.0,13859.0,13859.0,13975.0,2664407850,85755,54,13997.0,13859.0
3574,2024-04-15,13837.0,13837.0,13837.0,13837.0,18798833460,606023,145,13975.0,13837.0
3575,2024-04-16,13699.0,13699.0,13699.0,13823.0,1631775850,53135,22,13837.0,13699.0
3576,2024-04-17,13690.0,13690.0,13690.0,13788.0,3992738310,130099,42,13823.0,13690.0
3577,2024-04-20,13101.0,13690.0,13101.0,13132.0,195694888370,6646579,1494,13788.0,13101.0
3578,2024-04-21,12789.0,13578.0,12557.0,13007.0,80879620480,2773340,1069,13132.0,13203.0
3579,2024-04-22,13355.0,13654.0,12686.0,13284.0,60701344370,2038062,711,13007.0,13154.0
3580,2024-04-23,12757.0,13377.0,12757.0,13065.0,28190359850,962475,427,13284.0,12780.0
3581,2024-04-24,13337.0,13605.0,12414.0,13029.0,52389386910,1793583,837,13065.0,13360.0
3582,2024-04-27,13676.0,13681.0,13195.0,13641.0,52526195380,1717641,642,13029.0,13681.0
3583,2024-04-28,13828.0,14319.0,13828.0,14283.0,22897850360,715053,164,13641.0,14319.0
3584,2024-04-29,14997.0,14997.0,14997.0,14997.0,27033438560,804088,148,14283.0,14997.0
3585,2024-04-30,15746.0,15746.0,14997.0,15496.0,105544730560,3038023,1226,14997.0,15501.0
3586,2024-05-01,14988.0,16268.0,14988.0,16130.0,56789648850,1570493,870,15496.0,16268.0
3587,2024-05-05,15327.0,15327.0,15327.0,15327.0,29543758800,859830,158,16130.0,15327.0
3588,2024-05-06,14729.0,15032.0,14564.0,14613.0,79608197340,2430325,515,15327.0,14564.0
3589,2024-05-07,14559.0,15340.0,14542.0,15206.0,135724515600,3980837,1018,14613.0,15340.0
3590,2024-05-08,15965.0,15965.0,15568.0,15960.0,132273168710,3696520,832,15206.0,15965.0
3591,2024-05-11,16081.0,16081.0,15166.0,15215.0,99373828300,2913705,888,15960.0,15166.0
3592,2024-05-12,14617.0,15059.0,14457.0,14546.0,25630698360,785880,282,15215.0,14457.0
3593,2024-05-13,13873.0,14225.0,13819.0,13855.0,23469242870,755666,254,14546.0,13819.0
3594,2024-05-14,13186.0,13663.0,13163.0,13190.0,66189043600,2238161,749,13855.0,13163.0
3595,2024-05-15,13761.0,13841.0,12789.0,13730.0,56520561930,1836396,639,13190.0,13672.0
3596,2024-05-18,13770.0,14386.0,13409.0,13832.0,25427929790,819951,385,13730.0,14042.0
3597,2024-05-19,13877.0,14162.0,13141.0,13293.0,41273108500,1384904,661,13832.0,13141.0
3598,2024-05-21,13538.0,13556.0,13029.0,13275.0,8238915310,277048,175,13293.0,13114.0
3599,2024-05-25,13016.0,13016.0,13012.0,13239.0,1965146220,67366,47,13275.0,13012.0
3600,2024-05-26,12976.0,12976.0,12976.0,13239.0,94047970,3233,9,13239.0,12976.0
3601,2024-05-27,12976.0,12976.0,12976.0,13235.0,356905210,12269,11,13239.0,12976.0
3602,2024-05-28,12972.0,13480.0,12972.0,13154.0,23136028280,784492,344,13235.0,13418.0
3603,2024-05-29,13404.0,13413.0,13248.0,13395.0,14329014210,476639,171,13154.0,13413.0
3604,2024-06-01,13650.0,13663.0,13128.0,13337.0,18793754850,628657,247,13395.0,13128.0
3605,2024-06-02,13074.0,13074.0,13074.0,13221.0,6357431180,216898,73,13337.0,13074.0
3606,2024-06-05,12985.0,12985.0,12958.0,13145.0,4180878610,143904,52,13221.0,12958.0
3607,2024-06-08,12887.0,12887.0,12887.0,13141.0,372536550,12895,18,13145.0,12887.0
3608,2024-06-09,12882.0,12882.0,12882.0,13128.0,670766880,23226,22,13141.0,12882.0
3609,2024-06-10,12869.0,13360.0,12869.0,12909.0,21980736670,759631,218,13128.0,12869.0
3610,2024-06-11,13105.0,13105.0,12655.0,12878.0,1860117200,65556,64,12909.0,12655.0
3611,2024-06-12,12624.0,12624.0,12624.0,12851.0,1434583600,50692,17,12878.0,12624.0
3612,2024-06-15,12597.0,12597.0,12597.0,12851.0,65658000,2325,8,12851.0,12597.0
3613,2024-06-16,12597.0,12597.0,12597.0,12690.0,9393075840,332616,544,12851.0,12597.0
3614,2024-06-18,12441.0,12441.0,12441.0,12682.0,642529820,23038,16,12690.0,12441.0
3615,2024-06-19,12432.0,12909.0,12432.0,12525.0,33606261030,1196807,1014,12682.0,12753.0
3616,2024-06-22,12280.0,12748.0,12280.0,12467.0,6744818010,242593,171,12525.0,12307.0
3617,2024-06-23,12668.0,12668.0,12222.0,12329.0,10907929060,396195,140,12467.0,12222.0
3618,2024-06-24,12552.0,12570.0,12173.0,12356.0,26852075690,969374,540,12329.0,12329.0
3619,2024-06-26,12601.0,12601.0,12249.0,12325.0,14528459940,525854,161,12356.0,12351.0
3620,2024-06-29,11883.0,13056.0,11883.0,12592.0,10637729160,373224,180,12325.0,12869.0
3621,2024-06-30,12914.0,13333.0,12534.0,12882.0,15030807780,519873,212,12592.0,13038.0
3622,2024-07-01,13449.0,13449.0,12499.0,12873.0,4686920780,162628,135,12882.0,12882.0
3623,2024-07-02,12873.0,13047.0,12378.0,12780.0,8289698750,291109,204,12873.0,12592.0
3624,2024-07-03,12343.0,13511.0,12343.0,13079.0,14586715140,496512,254,12780.0,12927.0
3625,2024-07-06,13413.0,13859.0,13413.0,13797.0,24965686610,807183,321,13079.0,13859.0
3626,2024-07-07,13797.0,14265.0,12972.0,13609.0,13433819260,441295,237,13797.0,13150.0
3627,2024-07-08,12896.0,13560.0,12793.0,12949.0,21082763500,726361,315,13609.0,12793.0
3628,2024-07-09,13150.0,13150.0,12200.0,12833.0,5192026590,183424,174,12949.0,13056.0
3629,2024-07-10,12864.0,13029.0,12222.0,12793.0,2716051990,96041,75,12833.0,12842.0
3630,2024-07-13,12793.0,13377.0,12338.0,12989.0,13376043360,458382,240,12793.0,13217.0
3631,2024-07-23,13097.0,13700.0,13012.0,13021.0,3778944460,128772,84,12989.0,13316.0
3632,2024-07-24,13012.0,13476.0,12699.0,13123.0,6567018170,221372,126,13021.0,12918.0
3633,2024-07-27,13356.0,13356.0,12618.0,13083.0,2220246480,77095,68,13123.0,12824.0
3634,2024-07-29,12668.0,12824.0,12382.0,12971.0,3209675540,114012,79,13083.0,12779.0
3635,2024-07-30,12422.0,13324.0,12417.0,12918.0,18671002380,645871,180,12971.0,13307.0
3636,2024-07-31,12145.0,12480.0,12145.0,12592.0,6196770270,227307,119,12918.0,12181.0
3637,2024-08-03,11944.0,12064.0,11837.0,12493.0,1837970330,69324,69,12592.0,11837.0
3638,2024-08-04,12373.0,12373.0,12373.0,12489.0,598713180,21622,10,12493.0,12373.0
3639,2024-08-05,12368.0,12368.0,12368.0,12484.0,457107520,16514,10,12489.0,12368.0
3640,2024-08-06,12364.0,12364.0,12364.0,12484.0,40674900,1470,5,12484.0,12364.0
3641,2024-08-10,12364.0,12364.0,12364.0,12484.0,54426890,1967,6,12484.0,12364.0
3642,2024-08-12,12364.0,12364.0,12364.0,12480.0,475757980,17194,3,12484.0,12364.0
3643,2024-08-13,12359.0,12359.0,12359.0,12480.0,11506560,416,2,12480.0,12359.0
3644,2024-08-14,12359.0,12359.0,12359.0,12458.0,2894397720,104642,19,12480.0,12359.0
3645,2024-08-17,12212.0,12694.0,12212.0,12377.0,8998739680,326160,158,12458.0,12569.0
3646,2024-08-18,12176.0,12511.0,12167.0,12346.0,4233884480,154219,73,12377.0,12391.0
3647,2024-08-19,12462.0,12462.0,12100.0,12324.0,1361135090,50189,59,12346.0,12100.0
3648,2024-08-20,12078.0,12078.0,12078.0,12319.0,226268130,8371,12,12324.0,12078.0
3649,2024-08-21,12073.0,12073.0,12073.0,12315.0,394762200,14610,14,12319.0,12073.0
3650,2024-08-24,12069.0,12069.0,12069.0,12270.0,2755317110,102011,53,12315.0,12069.0
3651,2024-08-26,12029.0,12029.0,12029.0,12257.0,853121720,31691,21,12270.0,12029.0
3652,2024-08-27,12015.0,12015.0,12015.0,12243.0,738318730,27457,20,12257.0,12015.0
3653,2024-08-28,12002.0,12002.0,12002.0,12234.0,610527800,22730,28,12243.0,12002.0
3654,2024-08-31,12475.0,12475.0,11993.0,12158.0,36399460170,1337537,347,12234.0,11993.0
3655,2024-09-01,11917.0,11917.0,11917.0,12131.0,1513149120,56736,46,12158.0,11917.0
3656,2024-09-03,11890.0,11890.0,11890.0,12127.0,259740210,9761,10,12131.0,11890.0
3657,2024-09-07,11765.0,11765.0,11765.0,12109.0,753643590,28623,23,12127.0,11765.0
3658,2024-09-08,11747.0,11747.0,11747.0,12038.0,2851255660,108454,15,12109.0,11747.0
3659,2024-09-09,11680.0,11680.0,11680.0,11930.0,4410340800,168720,72,12038.0,11680.0
3660,2024-09-10,11573.0,11573.0,11573.0,11801.0,5163268600,199354,92,11930.0,11573.0
3661,2024-09-11,11448.0,11448.0,11448.0,11734.0,2775209640,108322,63,11801.0,11448.0
3662,2024-09-14,11385.0,11385.0,11385.0,11412.0,13357253000,524225,62,11734.0,11385.0
3663,2024-09-15,11072.0,11072.0,11072.0,11367.0,1792040040,72318,27,11412.0,11072.0
3664,2024-09-16,11028.0,11028.0,11028.0,11314.0,2302841440,93308,54,11367.0,11028.0
3665,2024-09-17,10979.0,10979.0,10979.0,11242.0,3053485890,124277,49,11314.0,10979.0
3666,2024-09-18,10907.0,10907.0,10907.0,11144.0,4029334290,165069,76,11242.0,10907.0
3667,2024-09-22,10813.0,10813.0,10813.0,11099.0,1998557000,82585,48,11144.0,10813.0
3668,2024-09-23,10769.0,11162.0,10769.0,10795.0,50723714400,2099688,575,11099.0,10769.0
3669,2024-09-24,10679.0,11117.0,10679.0,11059.0,95988102090,3878185,580,10795.0,11117.0
3670,2024-09-25,11278.0,11390.0,11059.0,11367.0,36312561880,1427244,452,11059.0,11390.0
3671,2024-09-28,11256.0,11256.0,11256.0,11256.0,20073382010,796879,88,11367.0,11256.0
3672,2024-09-29,11144.0,11367.0,11144.0,11189.0,28134045020,1123638,237,11256.0,11144.0
3673,2024-09-30,11077.0,11077.0,11077.0,11139.0,6391630490,257831,35,11189.0,11077.0
3674,2024-10-01,11032.0,11032.0,11032.0,11131.0,953108070,38603,7,11139.0,11032.0
3675,2024-10-02,11023.0,11023.0,11023.0,11126.0,365387370,14811,12,11131.0,11023.0
3676,2024-10-05,11019.0,11019.0,11019.0,11126.0,21454200,870,3,11126.0,11019.0
3677,2024-10-06,11019.0,11019.0,11019.0,11122.0,661381200,26820,9,11126.0,11019.0
3678,2024-10-07,11014.0,11014.0,11014.0,11090.0,4221953400,171276,27,11122.0,11014.0
3679,2024-10-08,10983.0,10983.0,10983.0,11059.0,4359361320,177354,37,11090.0,10983.0
3680,2024-10-09,10952.0,11157.0,10952.0,10988.0,10138216660,413541,109,11059.0,10952.0
3681,2024-10-12,10719.0,11309.0,10719.0,11028.0,33240208670,1347062,306,10988.0,11282.0
3682,2024-10-13,11282.0,11349.0,10956.0,11242.0,14850451200,589897,209,11028.0,11309.0
3683,2024-10-14,11005.0,11349.0,11001.0,11122.0,13603291160,547316,182,11242.0,11037.0
3684,2024-10-15,10791.0,11278.0,10791.0,11095.0,10483581630,422710,133,11122.0,10791.0
3685,2024-10-16,10764.0,10764.0,10764.0,11032.0,2835489360,117704,43,11095.0,10764.0
3686,2024-10-19,10702.0,10702.0,10702.0,11032.0,34344300,1434,2,11032.0,10702.0
3687,2024-10-20,10702.0,10702.0,10702.0,11005.0,1211199400,50572,6,11032.0,10702.0
3688,2024-10-21,10679.0,10679.0,10679.0,11001.0,177242400,7416,7,11005.0,10679.0
3689,2024-10-22,10675.0,10675.0,10675.0,10992.0,364418060,15254,7,11001.0,10675.0
3690,2024-10-27,11314.0,11318.0,11037.0,11242.0,21786775820,865997,162,10992.0,11305.0
3691,2024-10-28,11305.0,11314.0,10907.0,11126.0,8661427720,350579,186,11242.0,10970.0
3692,2024-10-29,10795.0,11452.0,10795.0,11139.0,18628712080,747342,212,11126.0,11157.0
3693,2024-10-30,10809.0,11305.0,10809.0,10983.0,12504539970,510143,141,11139.0,11166.0
3694,2024-11-02,10885.0,11247.0,10657.0,10728.0,16384079190,682315,172,10983.0,10657.0
3695,2024-11-03,10675.0,10675.0,10407.0,10661.0,2995597800,128596,38,10728.0,10407.0
3696,2024-11-04,10617.0,10894.0,10344.0,10563.0,4567027360,196996,85,10661.0,10344.0
3697,2024-11-05,10277.0,10308.0,10250.0,10447.0,5408964070,235570,90,10563.0,10250.0
3698,2024-11-06,10134.0,10411.0,10134.0,10134.0,13893870340,612544,98,10447.0,10134.0
3699,2024-11-09,10259.0,10416.0,10143.0,10268.0,13301175020,577656,128,10134.0,10290.0
3700,2024-11-10,10156.0,10572.0,10156.0,10460.0,10611444110,449418,165,10268.0,10572.0
3701,2024-11-11,10527.0,10764.0,10215.0,10545.0,9484249290,399834,112,10460.0,10286.0
3702,2024-11-12,10496.0,10603.0,10232.0,10384.0,9924913310,430717,182,10545.0,10232.0
3703,2024-11-13,10080.0,10608.0,10076.0,10317.0,13643927800,591369,225,10384.0,10407.0
3704,2024-11-16,10206.0,10608.0,10206.0,10393.0,7046082650,300472,105,10317.0,10469.0
3705,2024-11-17,10635.0,10666.0,10085.0,10179.0,15879152190,697082,306,10393.0,10085.0
3706,2024-11-18,10264.0,10483.0,10264.0,10393.0,11318838200,483209,152,10179.0,10483.0
3707,2024-11-19,10492.0,10702.0,10492.0,10635.0,13156131300,550663,233,10393.0,10563.0
3708,2024-11-20,10420.0,10916.0,10317.0,10572.0,6506130400,277249,145,10635.0,10858.0
3709,2024-11-23,10849.0,10885.0,10831.0,10845.0,13586230540,557939,168,10572.0,10885.0
3710,2024-11-24,11099.0,11166.0,11095.0,11162.0,15891503530,636068,140,10845.0,11166.0
3711,2024-11-25,11475.0,11492.0,11358.0,11484.0,29115800030,1132896,219,11162.0,11492.0
3712,2024-11-26,11810.0,11814.0,11144.0,11470.0,11398947690,444390,233,11484.0,11300.0
3713,2024-11-27,11305.0,11470.0,11126.0,11309.0,9894533560,394450,445,11470.0,11345.0
3714,2024-11-30,11519.0,11542.0,10974.0,11189.0,7440316130,300383,184,11309.0,11108.0
3715,2024-12-01,10907.0,11300.0,10867.0,11180.0,1825169270,73365,71,11189.0,11215.0
3716,2024-12-02,11318.0,11515.0,10961.0,11475.0,75335852470,2933679,288,11180.0,11515.0
3717,2024-12-03,11796.0,11814.0,11309.0,11551.0,11964935700,462023,217,11475.0,11399.0
3718,2024-12-04,11792.0,11792.0,11274.0,11501.0,9793077610,381403,207,11551.0,11318.0
3719,2024-12-07,11671.0,11671.0,11157.0,11233.0,13254684560,528472,201,11501.0,11157.0
3720,2024-12-08,10903.0,10903.0,10898.0,11113.0,5175257240,212186,123,11233.0,10898.0
3721,2024-12-09,10853.0,11443.0,10853.0,11354.0,14376814920,565469,255,11113.0,11358.0
3722,2024-12-10,11265.0,11600.0,11014.0,11041.0,22709417930,919049,297,11354.0,11014.0
3723,2024-12-11,11081.0,11349.0,10711.0,10724.0,112582949810,4691350,770,11041.0,10746.0
3724,2024-12-14,10965.0,11046.0,10845.0,11028.0,71562099580,2899425,468,10724.0,11046.0
3725,2024-12-15,11341.0,11345.0,10996.0,11144.0,28802003080,1154777,420,11028.0,10996.0
3726,2024-12-16,11260.0,11260.0,10813.0,10827.0,26427696960,1090506,348,11144.0,10813.0
3727,2024-12-17,10505.0,10505.0,10505.0,10742.0,3865584730,164423,74,10827.0,10505.0
3728,2024-12-18,10420.0,10420.0,10420.0,10501.0,10949836040,469547,79,10742.0,10420.0
3729,2024-12-21,10188.0,10719.0,10188.0,10295.0,113020119980,4904900,1015,10501.0,10188.0
3730,2024-12-22,10425.0,10425.0,9987.0,10009.0,24435721230,1091055,409,10295.0,9987.0
3731,2024-12-23,9745.0,10308.0,9745.0,10215.0,38140107010,1668523,434,10009.0,10308.0
3732,2024-12-24,10277.0,10518.0,10232.0,10456.0,38418350610,1641683,425,10215.0,10518.0
3733,2024-12-25,10666.0,10769.0,10340.0,10719.0,64327273500,2681268,615,10456.0,10769.0
3734,2024-12-28,10992.0,11037.0,10769.0,11019.0,47798710900,1938134,460,10719.0,11037.0
3735,2024-12-29,11005.0,11162.0,10693.0,10822.0,31381263020,1295572,516,11019.0,10693.0
3736,2024-12-30,10550.0,10836.0,10501.0,10576.0,12581677410,533716,286,10822.0,10501.0
3737,2024-12-31,10268.0,10563.0,10259.0,10290.0,13761543170,598364,221,10576.0,10259.0
3738,2025-01-01,10259.0,10599.0,10103.0,10563.0,30238636240,1279242,358,10290.0,10599.0
3739,2025-01-04,10871.0,10876.0,10782.0,10871.0,20510791610,843109,257,10563.0,10876.0
3740,2025-01-05,11117.0,11117.0,10706.0,10836.0,12709056240,524325,266,10871.0,10715.0
3741,2025-01-06,10943.0,10943.0,10518.0,10719.0,9646668480,404599,203,10836.0,10755.0
3742,2025-01-07,10867.0,11037.0,10737.0,11014.0,23626549640,958572,331,10719.0,11037.0
3743,2025-01-08,11032.0,11341.0,11014.0,11175.0,20562787260,822258,407,11014.0,11291.0
3744,2025-01-11,11180.0,11501.0,10840.0,10862.0,25419319140,1045692,302,11175.0,10840.0
3745,2025-01-12,10541.0,10545.0,10541.0,10541.0,17448525750,739632,167,10862.0,10541.0
3746,2025-01-13,10608.0,10853.0,10228.0,10456.0,49198586210,2102235,613,10541.0,10585.0
3747,2025-01-15,10755.0,10769.0,10411.0,10509.0,7754409290,328276,170,10456.0,10496.0
3748,2025-01-18,10438.0,10724.0,10197.0,10335.0,8648752940,378330,166,10509.0,10197.0
3749,2025-01-19,10143.0,10643.0,10027.0,10375.0,16348762660,704061,307,10335.0,10469.0
3750,2025-01-20,10675.0,10684.0,10067.0,10322.0,15142032350,655359,262,10375.0,10429.0
3751,2025-01-21,10313.0,10630.0,10112.0,10541.0,14813205530,627738,213,10322.0,10630.0
3752,2025-01-22,10822.0,10853.0,10724.0,10836.0,42410112560,1748516,198,10541.0,10845.0
3753,2025-01-25,11157.0,11157.0,10845.0,11153.0,58793523090,2355956,347,10836.0,11157.0
3754,2025-01-26,11390.0,11484.0,11166.0,11475.0,90383415370,3519289,633,11153.0,11484.0
3755,2025-01-27,11752.0,11819.0,11698.0,11801.0,59733853810,2261611,336,11475.0,11819.0
3756,2025-01-29,12154.0,12154.0,11854.0,12122.0,129438357480,4770585,830,11801.0,12154.0
3757,2025-02-01,12484.0,12484.0,12207.0,12404.0,108204189230,3898266,700,12122.0,12484.0
3758,2025-02-02,12775.0,12775.0,12712.0,12775.0,73278414760,2563250,470,12404.0,12775.0
3759,2025-02-03,13137.0,13155.0,12395.0,12828.0,120844110430,4208436,1135,12775.0,12395.0
3760,2025-02-04,12444.0,13213.0,12444.0,12873.0,138155938240,4794618,914,12828.0,13119.0
3761,2025-02-05,13168.0,13257.0,12873.0,13199.0,70472222730,2385294,526,12873.0,13249.0
3762,2025-02-09,12806.0,13579.0,12806.0,13088.0,69066652290,2357965,1083,13199.0,12828.0
3763,2025-02-11,12703.0,13173.0,12699.0,12918.0,25017697440,865509,256,13088.0,12699.0
3764,2025-02-15,12534.0,12851.0,12534.0,12534.0,15665303420,558434,52,12918.0,12534.0
3765,2025-02-16,12158.0,12158.0,12158.0,12525.0,274875420,10102,10,12534.0,12158.0
3766,2025-02-17,12149.0,12900.0,12149.0,12596.0,146795200910,5207052,536,12525.0,12900.0
3767,2025-02-18,12971.0,12971.0,12690.0,12954.0,52220817990,1801156,330,12596.0,12971.0
3768,2025-02-19,13168.0,13338.0,13164.0,13329.0,30596381460,1025687,265,12954.0,13338.0
3769,2025-02-22,13727.0,13727.0,13673.0,13727.0,49155139700,1600296,311,13329.0,13727.0
3770,2025-02-23,14138.0,14138.0,14120.0,14138.0,67182092950,2123448,310,13727.0,14138.0
3771,2025-02-24,14558.0,14558.0,14410.0,14549.0,16374987410,502849,100,14138.0,14558.0
3772,2025-02-25,14978.0,14982.0,14915.0,14982.0,44111837860,1315780,286,14549.0,14982.0
3773,2025-02-26,15416.0,15416.0,14535.0,15067.0,121531031590,3604477,688,14982.0,14759.0
3774,2025-03-01,15407.0,15518.0,14616.0,15000.0,89363230700,2661782,583,15067.0,14978.0
3775,2025-03-02,15416.0,15416.0,14553.0,14692.0,77725498790,2364005,573,15000.0,14558.0
3776,2025-03-03,14254.0,14254.0,14254.0,14254.0,28849690100,904379,115,14692.0,14254.0
3777,2025-03-04,13829.0,14669.0,13829.0,14156.0,45255796900,1428505,415,14254.0,14500.0
3778,2025-03-05,14576.0,14576.0,14035.0,14419.0,22386933420,693712,220,14156.0,14294.0
3779,2025-03-08,14013.0,14035.0,13990.0,14272.0,5110350980,163044,57,14419.0,13990.0
3780,2025-03-09,13847.0,13847.0,13847.0,14165.0,3571163640,115236,9,14272.0,13847.0
3781,2025-03-10,13740.0,14299.0,13740.0,13744.0,15549641740,505500,84,14165.0,13740.0
3782,2025-03-11,13333.0,13333.0,13333.0,13722.0,698136640,23396,10,13744.0,13333.0
3783,2025-03-12,13311.0,13311.0,13311.0,13610.0,3835045440,128736,36,13722.0,13311.0
3784,2025-03-15,13208.0,13937.0,13204.0,13436.0,15274476270,507894,295,13610.0,13204.0
3785,2025-03-16,13208.0,13494.0,13034.0,13289.0,5854632550,200107,160,13436.0,13034.0
3786,2025-03-17,12918.0,13226.0,12891.0,13226.0,2270874410,78697,86,13289.0,12891.0
3787,2025-03-18,12833.0,12833.0,12833.0,13195.0,1174217200,40885,24,13226.0,12833.0
3788,2025-03-25,12802.0,13588.0,12802.0,13490.0,16997459260,562999,186,13195.0,13575.0
3789,2025-03-26,13405.0,13812.0,13088.0,13423.0,4548198280,153093,130,13490.0,13088.0
3790,2025-03-29,13038.0,13642.0,13021.0,13320.0,5489341270,186487,95,13423.0,13021.0
3791,2025-04-13,13710.0,13710.0,13610.0,13710.0,25954538340,1893113,150,13320.0,13710.0
3792,2025-04-14,14120.0,14120.0,14110.0,14120.0,32420767440,2296137,175,13710.0,14120.0
3793,2025-04-15,14500.0,14500.0,13700.0,14010.0,30529668380,2179766,260,14120.0,13910.0
3794,2025-04-16,14080.0,14430.0,14030.0,14330.0,13748093760,955326,139,14010.0,14430.0
3795,2025-04-19,14750.0,14750.0,14650.0,14690.0,13653941010,926299,159,14330.0,14750.0
3796,2025-04-20,15130.0,15130.0,15010.0,15120.0,38024390740,2514290,310,14690.0,15030.0
3797,2025-04-21,15500.0,15570.0,14670.0,15290.0,59740353470,3908408,679,15120.0,14990.0
3798,2025-04-22,14840.0,14840.0,14840.0,15200.0,3106175240,209311,58,15290.0,14840.0
3799,2025-04-23,14750.0,14750.0,14750.0,15160.0,1438921500,97554,43,15200.0,14750.0
3800,2025-04-26,14710.0,15160.0,14710.0,14720.0,42373016110,2878016,208,15160.0,14710.0
3801,2025-04-27,14280.0,15150.0,14280.0,14600.0,33974565740,2326865,323,14720.0,14720.0
3802,2025-04-28,14680.0,15010.0,14170.0,14470.0,7625865440,530823,151,14600.0,14170.0
3803,2025-04-29,14680.0,14860.0,14040.0,14470.0,25431403620,1757950,281,14470.0,14490.0
3804,2025-04-30,14500.0,14850.0,14500.0,14720.0,14576910740,990018,176,14470.0,14800.0
3805,2025-05-03,14280.0,15150.0,14280.0,14730.0,36560017680,2482070,329,14720.0,15000.0
3806,2025-05-04,14820.0,15170.0,14820.0,15150.0,35077863080,2315779,246,14730.0,15170.0
3807,2025-05-05,15160.0,15600.0,15160.0,15590.0,19921249840,1278077,198,15150.0,15600.0
3808,2025-05-06,15990.0,16050.0,15740.0,16040.0,21953192240,1368760,222,15590.0,16050.0
3809,2025-05-07,16510.0,16520.0,15560.0,16280.0,20612113450,1266100,247,16040.0,15800.0
3810,2025-05-10,15820.0,16350.0,15800.0,15980.0,9123556870,577134,107,16280.0,15800.0
3811,2025-05-11,15590.0,16440.0,15520.0,16180.0,17652347740,1091019,280,15980.0,15890.0
3812,2025-05-12,16590.0,16660.0,16250.0,16570.0,25924075750,1564631,187,16180.0,16660.0
3813,2025-05-13,16230.0,16960.0,16080.0,16540.0,17874217240,1080839,209,16570.0,16960.0
3814,2025-05-14,17030.0,17030.0,16700.0,16900.0,13115207010,772993,191,16540.0,16950.0
3815,2025-05-17,16490.0,17240.0,16400.0,16670.0,9783975390,591016,142,16900.0,16400.0
3816,2025-05-18,16170.0,17140.0,16170.0,16770.0,18922725350,1128162,198,16670.0,16980.0
3817,2025-05-19,16930.0,16930.0,16270.0,16540.0,7848691110,480028,82,16770.0,16270.0
3818,2025-05-20,16050.0,16050.0,16050.0,16440.0,2795605050,174181,31,16540.0,16050.0
3819,2025-05-21,15950.0,15950.0,15950.0,16410.0,731626500,45870,19,16440.0,15950.0
3820,2025-05-24,15920.0,16290.0,15920.0,16260.0,4651649840,291690,92,16410.0,15920.0
3821,2025-05-25,15780.0,15780.0,15780.0,16240.0,458061840,29028,19,16260.0,15780.0
3822,2025-05-26,15760.0,15760.0,15760.0,16200.0,1056865600,67060,24,16240.0,15760.0
3823,2025-05-27,15720.0,16450.0,15720.0,15860.0,12211661700,773136,200,16200.0,15720.0
3824,2025-05-28,15400.0,16330.0,15390.0,16120.0,21061282020,1306880,244,15860.0,16290.0
3825,2025-05-31,16580.0,16600.0,16400.0,16570.0,20551347840,1240035,307,16120.0,16600.0
3826,2025-06-01,17050.0,17060.0,16570.0,16900.0,13803855390,814475,192,16570.0,16940.0
3827,2025-06-02,17000.0,17370.0,16910.0,17030.0,8607346700,502018,172,16900.0,17090.0
3828,2025-06-03,16810.0,17150.0,16520.0,16920.0,3551906190,214716,83,17030.0,16520.0
3829,2025-06-07,16420.0,16420.0,16420.0,16870.0,1405995340,85627,10,16920.0,16420.0
3830,2025-06-08,16370.0,16370.0,16370.0,16860.0,305251390,18647,9,16870.0,16370.0
3831,2025-06-09,16360.0,16360.0,16360.0,16820.0,1094369480,66893,14,16860.0,16360.0
3832,2025-06-10,16320.0,16320.0,16320.0,16820.0,119756160,7338,12,16820.0,16320.0
3833,2025-06-11,16320.0,16320.0,16320.0,16790.0,787358400,48245,10,16820.0,16320.0
3834,2025-06-28,16290.0,16290.0,16290.0,16540.0,7140297960,438324,19,16790.0,16290.0
3835,2025-06-29,16050.0,16050.0,16050.0,16180.0,10657601250,664025,24,16540.0,16050.0
3836,2025-06-30,15700.0,15710.0,15700.0,15700.0,56214718580,3580554,173,16180.0,15700.0
3837,2025-07-01,15230.0,15230.0,15230.0,15690.0,196314700,12890,5,15700.0,15230.0
3838,2025-07-02,15230.0,16140.0,15220.0,15640.0,11330612010,725155,150,15690.0,15320.0
3839,2025-07-07,15460.0,15620.0,15180.0,15530.0,3859359030,253706,41,15640.0,15180.0
3840,2025-07-08,15070.0,15070.0,15070.0,15520.0,363352770,24111,5,15530.0,15070.0
3841,2025-07-09,15060.0,15060.0,15060.0,15520.0,5271000,350,1,15520.0,15060.0
3842,2025-07-12,15060.0,15060.0,15060.0,15060.0,43993633440,2921224,611,15520.0,15060.0
