,date,open,high,low,adjClose,value,volume,count,yesterday,close
0,2004-02-25,753.0,753.0,753.0,753.0,2181924000,181827,95,753.0,753.0
1,2004-02-28,753.0,753.0,753.0,753.0,146076000,12173,4,753.0,753.0
2,2004-02-29,753.0,753.0,753.0,753.0,899340000,74945,23,753.0,753.0
3,2004-03-06,753.0,753.0,753.0,753.0,72000000,6000,4,753.0,753.0
4,2004-03-09,753.0,753.0,753.0,753.0,59172000,4931,5,753.0,753.0
5,2004-03-13,753.0,753.0,753.0,753.0,1200000,100,1,753.0,753.0
6,2004-03-15,716.0,746.0,716.0,746.0,34318840,3010,5,753.0,746.0
7,2004-04-10,746.0,753.0,746.0,749.0,7388154310,615710,8,746.0,749.0
8,2004-04-13,749.0,749.0,749.0,749.0,23669120,1984,1,749.0,749.0
9,2004-04-26,748.0,753.0,748.0,752.0,2710073033,225927,14,749.0,752.0
10,2004-05-08,714.0,750.0,714.0,750.0,11498480,1010,2,752.0,750.0
11,2004-05-09,748.0,753.0,748.0,749.0,298314270,25010,4,750.0,749.0
12,2004-05-18,753.0,755.0,749.0,749.0,24133340,2010,4,749.0,749.0
13,2004-05-19,753.0,753.0,749.0,749.0,24119400,2010,2,749.0,749.0
14,2004-06-01,749.0,756.0,749.0,752.0,120491860,10010,3,749.0,752.0
15,2004-06-05,752.0,752.0,752.0,752.0,599300,50,1,752.0,752.0
16,2004-06-06,752.0,756.0,752.0,753.0,69242740,5755,4,752.0,753.0
17,2004-06-07,754.0,756.0,754.0,754.0,100039840,8310,5,753.0,754.0
18,2004-06-09,754.0,754.0,754.0,754.0,24028000,2000,1,754.0,754.0
19,2004-06-12,754.0,754.0,754.0,754.0,11413300,950,2,754.0,754.0
20,2004-06-13,754.0,754.0,754.0,754.0,69152584,5756,2,754.0,754.0
21,2004-06-14,754.0,754.0,754.0,754.0,60070000,5000,1,754.0,754.0
22,2004-06-16,756.0,756.0,755.0,755.0,49525210,4110,5,754.0,755.0
23,2004-06-19,756.0,756.0,755.0,755.0,12170220,1010,2,755.0,755.0
24,2004-06-21,756.0,756.0,755.0,756.0,3298793990,273760,8,755.0,756.0
25,2004-08-01,534.0,534.0,534.0,534.0,8500000,1000,1,756.0,534.0
26,2004-08-15,534.0,534.0,534.0,534.0,8500000,1000,1,534.0,534.0
27,2004-08-21,530.0,530.0,530.0,530.0,506940000,60000,6,534.0,530.0
28,2004-08-22,530.0,530.0,530.0,530.0,12759490,1510,3,530.0,530.0
29,2004-09-05,530.0,534.0,530.0,530.0,67710053,8010,7,530.0,530.0
30,2004-09-22,504.0,530.0,504.0,504.0,2070380280,250010,4,530.0,504.0
31,2004-09-25,503.0,504.0,503.0,504.0,16120270,2010,2,504.0,504.0
32,2004-10-04,504.0,504.0,504.0,504.0,36121500,4500,1,504.0,504.0
33,2004-10-23,504.0,504.0,504.0,504.0,1373227052,171076,3,504.0,504.0
34,2004-10-26,504.0,504.0,504.0,504.0,80380270,10010,4,504.0,504.0
35,2004-11-02,504.0,504.0,504.0,504.0,401390135,50005,6,504.0,504.0
36,2004-11-23,504.0,504.0,504.0,504.0,431049900,53700,7,504.0,504.0
37,2004-12-01,504.0,504.0,504.0,504.0,9126699,1137,2,504.0,504.0
38,2004-12-14,504.0,504.0,504.0,504.0,80270,10,1,504.0,504.0
39,2004-12-15,504.0,504.0,504.0,504.0,12040500,1500,2,504.0,504.0
40,2004-12-18,504.0,504.0,504.0,504.0,160540,20,1,504.0,504.0
41,2004-12-19,504.0,504.0,504.0,504.0,27853690,3470,2,504.0,504.0
42,2004-12-25,504.0,504.0,504.0,504.0,968858900,120700,201,504.0,504.0
43,2004-12-26,504.0,504.0,504.0,504.0,2118610,264,3,504.0,504.0
44,2004-12-27,504.0,504.0,504.0,504.0,497674000,62000,9,504.0,504.0
45,2004-12-28,504.0,504.0,504.0,504.0,162978698,20304,15,504.0,504.0
46,2005-01-01,504.0,504.0,504.0,504.0,16134260,2010,3,504.0,504.0
47,2005-01-02,504.0,504.0,504.0,504.0,15971740,1990,1,504.0,504.0
48,2005-01-04,502.0,504.0,502.0,504.0,3040250,380,2,504.0,504.0
49,2005-01-05,502.0,504.0,502.0,504.0,9255093,1157,2,504.0,504.0
50,2005-01-15,479.0,499.0,479.0,499.0,48129530,6310,3,504.0,499.0
51,2005-02-07,489.0,498.0,489.0,498.0,11764350,1510,4,499.0,498.0
52,2005-02-27,480.0,480.0,480.0,480.0,779280000,102000,11,498.0,480.0
53,2005-03-27,456.0,456.0,456.0,456.0,3629000,500,1,480.0,456.0
54,2005-04-04,455.0,458.0,455.0,458.0,354472546,48611,19,456.0,458.0
55,2005-04-10,461.0,461.0,458.0,458.0,7422930,1010,2,458.0,458.0
56,2005-04-20,461.0,461.0,458.0,458.0,14030610,1909,2,458.0,458.0
57,2005-04-27,481.0,481.0,462.0,462.0,38373540,5010,2,458.0,462.0
58,2005-05-01,481.0,481.0,468.0,468.0,76674520,10010,4,462.0,468.0
59,2005-05-07,468.0,468.0,468.0,468.0,50301000,6750,1,468.0,468.0
60,2005-05-10,468.0,468.0,468.0,468.0,24219000,3250,1,468.0,468.0
61,2005-05-14,468.0,468.0,468.0,468.0,36492444,4897,4,468.0,468.0
62,2005-05-21,468.0,468.0,468.0,468.0,99887456,13403,12,468.0,468.0
63,2005-05-23,468.0,468.0,468.0,468.0,23172660,3110,4,468.0,468.0
64,2005-05-25,471.0,471.0,468.0,470.0,1614495624,215327,18,468.0,470.0
65,2005-06-14,471.0,471.0,470.0,470.0,30074940,4010,2,470.0,470.0
66,2005-06-15,477.0,477.0,472.0,472.0,45675140,6010,5,470.0,472.0
67,2005-06-22,483.0,483.0,473.0,473.0,38575430,5010,3,472.0,473.0
68,2005-06-27,477.0,483.0,458.0,476.0,99275790,13010,5,473.0,476.0
69,2005-07-23,464.0,464.0,464.0,464.0,37000000,5000,1,476.0,464.0
70,2005-08-29,441.0,441.0,441.0,441.0,281200000,40000,5,464.0,441.0
71,2005-09-07,441.0,441.0,441.0,441.0,70350290,10010,3,441.0,441.0
72,2005-09-18,440.0,441.0,440.0,441.0,421030,60,2,441.0,441.0
73,2005-10-01,439.0,439.0,439.0,439.0,280000000,40000,5,441.0,439.0
74,2005-10-16,439.0,439.0,439.0,439.0,34685330,4960,3,439.0,439.0
75,2005-10-17,417.0,438.0,417.0,438.0,14699750,2210,5,439.0,438.0
76,2005-10-22,439.0,439.0,438.0,438.0,5036796,721,2,438.0,438.0
77,2005-10-24,438.0,438.0,438.0,438.0,18921150,2710,3,438.0,438.0
78,2005-10-26,438.0,438.0,438.0,438.0,24781298,3549,3,438.0,438.0
79,2005-11-08,438.0,438.0,438.0,438.0,697500,100,1,438.0,438.0
80,2005-12-25,416.0,431.0,416.0,431.0,66338730,10010,2,438.0,431.0
81,2005-12-26,416.0,427.0,416.0,427.0,66348010,10010,2,431.0,427.0
82,2005-12-27,408.0,421.0,408.0,421.0,65067130,10010,2,427.0,421.0
83,2005-12-28,402.0,415.0,402.0,415.0,66044089,10319,3,421.0,415.0
84,2006-01-01,395.0,410.0,395.0,410.0,63065250,10010,2,415.0,410.0
85,2006-01-02,402.0,407.0,402.0,407.0,64064880,10010,2,410.0,407.0
86,2006-01-03,408.0,408.0,407.0,407.0,65064910,10010,2,407.0,407.0
87,2006-01-04,408.0,408.0,408.0,408.0,65064930,10010,2,407.0,408.0
88,2006-01-17,408.0,408.0,408.0,408.0,65064950,10010,2,408.0,408.0
89,2006-01-21,408.0,408.0,408.0,408.0,1527450,235,2,408.0,408.0
90,2006-03-12,416.0,416.0,410.0,410.0,73789600,11140,4,408.0,410.0
91,2006-03-18,439.0,439.0,439.0,439.0,3499500,500,1,410.0,439.0
92,2006-03-27,439.0,439.0,439.0,439.0,14069490,2010,3,439.0,439.0
93,2006-04-03,439.0,439.0,439.0,439.0,1294990,185,4,439.0,439.0
94,2006-04-04,439.0,439.0,439.0,439.0,128414990,18345,7,439.0,439.0
95,2006-04-08,439.0,439.0,439.0,439.0,18316383,2617,4,439.0,439.0
96,2006-04-11,439.0,439.0,439.0,439.0,126068990,18010,5,439.0,439.0
97,2006-04-30,438.0,439.0,438.0,439.0,69809910,10010,2,439.0,439.0
98,2006-05-01,437.0,439.0,437.0,439.0,1463900,210,2,439.0,439.0
99,2006-05-02,437.0,439.0,437.0,439.0,1787484650,256675,3,439.0,439.0
100,2006-05-03,437.0,438.0,436.0,438.0,1819088935,261625,3,439.0,438.0
101,2006-05-10,430.0,438.0,430.0,438.0,3492310,510,2,438.0,438.0
102,2006-05-31,439.0,439.0,439.0,439.0,149106970,21310,4,438.0,439.0
103,2006-06-12,430.0,439.0,430.0,437.0,151908704,21890,7,439.0,437.0
104,2006-06-24,433.0,433.0,433.0,433.0,6900000,1000,1,437.0,433.0
105,2006-07-26,427.0,439.0,427.0,434.0,29886880,4290,3,433.0,434.0
106,2006-08-07,434.0,434.0,434.0,434.0,3799400,550,1,434.0,434.0
107,2006-08-29,425.0,433.0,425.0,433.0,6541160,966,2,434.0,433.0
108,2006-09-02,434.0,434.0,433.0,433.0,3523040,510,2,433.0,433.0
109,2006-09-06,433.0,434.0,433.0,433.0,11810440,1710,4,433.0,433.0
110,2006-09-10,433.0,433.0,425.0,433.0,11570498,1706,3,433.0,433.0
111,2006-09-17,433.0,442.0,433.0,433.0,9779449,1407,3,433.0,433.0
112,2006-10-04,433.0,439.0,433.0,433.0,1399067990,200010,5,433.0,433.0
113,2006-10-08,439.0,439.0,434.0,434.0,39829150,5690,2,433.0,434.0
114,2006-10-16,434.0,434.0,434.0,434.0,6985150,1010,2,434.0,434.0
115,2006-10-18,434.0,434.0,434.0,434.0,39634390,5730,2,434.0,434.0
116,2006-10-21,434.0,434.0,434.0,434.0,1120208,162,4,434.0,434.0
117,2006-10-23,434.0,439.0,434.0,438.0,302585830,43331,9,434.0,438.0
118,2006-11-01,443.0,443.0,443.0,443.0,555937568,78848,15,438.0,443.0
119,2006-11-05,443.0,443.0,443.0,443.0,7050000,1000,1,443.0,443.0
120,2006-11-07,451.0,451.0,443.0,443.0,10015713,1393,3,443.0,443.0
121,2006-11-08,452.0,452.0,443.0,443.0,7267600,1010,2,443.0,443.0
122,2006-11-11,443.0,452.0,443.0,443.0,8469769,1177,3,443.0,443.0
123,2006-12-13,452.0,452.0,447.0,447.0,108161270,15010,6,443.0,447.0
124,2006-12-16,456.0,456.0,449.0,449.0,46712628,6428,4,447.0,449.0
125,2006-12-18,458.0,458.0,449.0,449.0,1850300,254,4,449.0,449.0
126,2006-12-19,458.0,458.0,454.0,454.0,144198590,19766,7,449.0,454.0
127,2006-12-20,454.0,454.0,454.0,454.0,35813250,4950,4,454.0,454.0
128,2006-12-26,454.0,454.0,454.0,454.0,3654569905,505123,6,454.0,454.0
129,2007-01-09,456.0,456.0,454.0,454.0,32742380,4510,2,454.0,454.0
130,2007-01-10,454.0,454.0,454.0,454.0,506660000,70000,8,454.0,454.0
131,2007-01-24,377.0,377.0,377.0,377.0,23705950,3950,3,454.0,377.0
132,2007-01-27,384.0,384.0,377.0,377.0,6181040,1010,2,377.0,377.0
133,2007-02-07,377.0,377.0,377.0,377.0,36024000,6000,2,377.0,377.0
134,2007-02-12,377.0,384.0,377.0,377.0,18336100,3010,3,377.0,377.0
135,2007-02-26,377.0,377.0,377.0,377.0,60100000,10000,2,377.0,377.0
136,2007-03-05,377.0,377.0,377.0,377.0,274038984,45582,8,377.0,377.0
137,2007-03-06,377.0,377.0,377.0,377.0,204408000,34000,4,377.0,377.0
138,2007-03-07,377.0,385.0,377.0,377.0,23145090,3840,4,377.0,377.0
139,2007-03-13,377.0,377.0,377.0,377.0,120260000,20000,2,377.0,377.0
140,2007-03-28,377.0,377.0,377.0,377.0,51862125,8625,1,377.0,377.0
141,2007-04-11,377.0,377.0,377.0,377.0,1382990000,230000,1,377.0,377.0
142,2007-04-17,377.0,377.0,377.0,377.0,1331175979,221383,2,377.0,377.0
143,2007-04-22,377.0,377.0,377.0,377.0,2757664021,458617,2,377.0,377.0
144,2007-04-28,377.0,377.0,377.0,377.0,1563180130,260010,3,377.0,377.0
145,2007-04-29,377.0,378.0,377.0,377.0,81180560,13500,6,377.0,377.0
146,2007-05-01,377.0,377.0,377.0,377.0,1563680650,260050,2,377.0,377.0
147,2007-05-06,377.0,377.0,377.0,377.0,9392306,1562,2,377.0,377.0
148,2007-05-07,377.0,377.0,377.0,377.0,1615514710,268670,6,377.0,377.0
149,2007-05-15,377.0,377.0,377.0,377.0,6072000,1012,1,377.0,377.0
150,2007-05-19,377.0,377.0,377.0,377.0,240300000,40050,5,377.0,377.0
151,2007-05-23,369.0,377.0,369.0,377.0,3000490,510,2,377.0,377.0
152,2007-05-26,369.0,376.0,369.0,376.0,26524370,4510,3,377.0,376.0
153,2007-05-27,369.0,374.0,368.0,374.0,67665240,11520,6,376.0,374.0
154,2007-05-28,374.0,374.0,366.0,374.0,3161377,541,4,374.0,374.0
155,2007-06-09,366.0,373.0,366.0,373.0,35133913,6019,5,374.0,373.0
156,2007-06-10,365.0,372.0,365.0,372.0,15076533,2584,4,373.0,372.0
157,2007-06-11,366.0,372.0,365.0,372.0,23368120,4010,4,372.0,372.0
158,2007-06-16,377.0,377.0,373.0,373.0,90059490,15010,3,372.0,373.0
159,2007-06-23,381.0,381.0,375.0,375.0,49269147,8121,4,373.0,375.0
160,2007-06-30,367.0,373.0,367.0,373.0,60956879,10413,8,375.0,373.0
161,2007-07-08,380.0,380.0,373.0,373.0,2362230,390,3,373.0,373.0
162,2007-07-09,373.0,373.0,373.0,373.0,6662103,1121,4,373.0,373.0
163,2007-07-10,373.0,373.0,373.0,373.0,16640400,2800,1,373.0,373.0
164,2007-07-16,366.0,372.0,366.0,372.0,38090675,6539,2,373.0,372.0
165,2007-07-21,364.0,372.0,364.0,372.0,8479360,1460,2,372.0,372.0
166,2007-07-25,364.0,370.0,364.0,370.0,49674620,8560,2,372.0,370.0
167,2007-07-30,363.0,370.0,363.0,370.0,13699710,2370,3,370.0,370.0
168,2007-07-31,363.0,369.0,363.0,369.0,16066670,2780,3,370.0,369.0
169,2007-08-18,369.0,369.0,369.0,369.0,6054636,1029,5,369.0,369.0
170,2007-08-19,369.0,369.0,369.0,369.0,37657600,6400,1,369.0,369.0
171,2007-08-21,369.0,369.0,369.0,369.0,29448840,5010,3,369.0,369.0
172,2007-08-28,362.0,362.0,362.0,362.0,1009612670,175010,4,369.0,362.0
173,2007-09-01,355.0,356.0,355.0,356.0,299612690,53010,7,362.0,356.0
174,2007-09-24,349.0,349.0,349.0,349.0,348561216,62736,16,356.0,349.0
175,2007-09-25,342.0,342.0,342.0,342.0,353925000,65000,7,349.0,342.0
176,2007-09-26,335.0,335.0,335.0,335.0,346905000,65000,7,342.0,335.0
177,2007-09-29,328.0,328.0,328.0,328.0,340015000,65000,7,335.0,328.0
178,2007-09-30,322.0,322.0,322.0,322.0,333255000,65000,7,328.0,322.0
179,2007-10-01,315.0,315.0,315.0,315.0,334112250,66490,13,322.0,315.0
180,2007-10-02,309.0,315.0,309.0,315.0,638330230,129610,3,315.0,315.0
181,2007-10-07,309.0,309.0,309.0,309.0,322988184,65608,8,315.0,309.0
182,2007-10-09,303.0,303.0,303.0,303.0,313625000,65000,10,309.0,303.0
183,2007-10-14,297.0,297.0,297.0,297.0,331030000,70000,7,303.0,297.0
184,2007-10-30,303.0,303.0,303.0,303.0,6594994315,1367405,15,297.0,303.0
185,2007-11-05,301.0,303.0,301.0,302.0,91674438,19096,6,303.0,302.0
186,2007-11-12,302.0,302.0,302.0,302.0,30822400,6400,1,302.0,302.0
187,2007-11-19,297.0,302.0,297.0,302.0,2388015,505,2,302.0,302.0
188,2007-11-21,302.0,302.0,302.0,302.0,72230,15,2,302.0,302.0
189,2007-11-24,302.0,302.0,302.0,302.0,107245064,22287,5,302.0,302.0
190,2007-11-27,302.0,302.0,302.0,302.0,1283244932,266676,4,302.0,302.0
191,2007-12-03,297.0,302.0,296.0,302.0,12094500,2560,5,302.0,302.0
192,2007-12-04,296.0,296.0,296.0,296.0,2258359550,479075,19,302.0,296.0
193,2007-12-08,296.0,302.0,296.0,300.0,272344606,56868,19,296.0,300.0
194,2007-12-09,306.0,306.0,306.0,306.0,729748800,149600,19,300.0,306.0
195,2007-12-10,306.0,306.0,306.0,306.0,641944800,131600,14,306.0,306.0
196,2007-12-12,301.0,306.0,301.0,306.0,29730080,6196,5,306.0,306.0
197,2007-12-18,306.0,306.0,306.0,306.0,4926700,1010,2,306.0,306.0
198,2007-12-19,306.0,306.0,306.0,306.0,53950610,11060,4,306.0,306.0
199,2007-12-23,306.0,306.0,306.0,306.0,636152600,130600,2,306.0,306.0
200,2007-12-25,304.0,306.0,304.0,306.0,7323013,1510,3,306.0,306.0
201,2007-12-26,304.0,306.0,304.0,306.0,14907060,3069,4,306.0,306.0
202,2008-01-01,305.0,306.0,305.0,306.0,13285666,2737,3,306.0,306.0
203,2008-01-08,305.0,308.0,305.0,306.0,146288710,30010,4,306.0,306.0
204,2008-01-16,311.0,312.0,308.0,308.0,106834040,21510,4,306.0,308.0
205,2008-01-20,314.0,314.0,308.0,308.0,9993046,1998,2,308.0,308.0
206,2008-01-22,314.0,314.0,308.0,308.0,46051875,9343,7,308.0,308.0
207,2008-01-29,308.0,308.0,308.0,308.0,77521470,15810,8,308.0,308.0
208,2008-02-03,314.0,314.0,309.0,309.0,53169230,10634,3,308.0,309.0
209,2008-02-04,308.0,309.0,303.0,309.0,37817920,7760,4,309.0,309.0
210,2008-02-06,308.0,313.0,308.0,309.0,29996950,6120,3,309.0,309.0
211,2008-02-12,313.0,313.0,309.0,309.0,746350,150,2,309.0,309.0
212,2008-02-13,309.0,309.0,309.0,309.0,4806870,978,2,309.0,309.0
213,2008-02-17,309.0,309.0,309.0,309.0,4178590,850,2,309.0,309.0
214,2008-02-18,309.0,309.0,309.0,309.0,18736180,3812,5,309.0,309.0
215,2008-02-24,311.0,311.0,310.0,310.0,198049380,40010,5,309.0,310.0
216,2008-02-25,311.0,311.0,310.0,310.0,104211450,21010,4,310.0,310.0
217,2008-03-01,317.0,317.0,311.0,311.0,10135480,2010,4,310.0,311.0
218,2008-03-02,311.0,311.0,311.0,311.0,64399480,13010,4,311.0,311.0
219,2008-03-12,317.0,317.0,317.0,317.0,335553954,66499,8,311.0,317.0
220,2008-03-17,317.0,317.0,317.0,317.0,5040954,999,1,317.0,317.0
221,2008-03-18,320.0,320.0,317.0,317.0,10255580,2011,3,317.0,317.0
222,2008-04-06,320.0,320.0,317.0,317.0,98968861,19508,4,317.0,317.0
223,2008-04-12,323.0,323.0,317.0,318.0,31362790,6120,4,317.0,318.0
224,2008-04-13,320.0,320.0,320.0,320.0,301093780,59038,7,318.0,320.0
225,2008-04-14,323.0,323.0,321.0,321.0,84943600,16510,5,320.0,321.0
226,2008-04-22,323.0,326.0,322.0,322.0,170812114,33137,11,321.0,322.0
227,2008-04-28,326.0,326.0,326.0,326.0,390000000,75000,8,322.0,326.0
228,2008-04-29,333.0,333.0,333.0,333.0,424133010,80010,9,326.0,333.0
229,2008-04-30,326.0,333.0,326.0,331.0,102630650,19663,7,333.0,331.0
230,2008-05-04,337.0,337.0,332.0,332.0,26902830,5010,2,331.0,332.0
231,2008-05-14,330.0,331.0,330.0,331.0,121480634,23082,11,332.0,331.0
232,2008-05-17,331.0,331.0,331.0,331.0,2373750,450,2,331.0,331.0
233,2008-05-24,331.0,331.0,331.0,331.0,26402750,5010,2,331.0,331.0
234,2008-05-25,337.0,341.0,334.0,334.0,141635139,26347,10,331.0,334.0
235,2008-05-27,330.0,334.0,330.0,334.0,10492138,1998,2,334.0,334.0
236,2008-06-18,333.0,333.0,333.0,333.0,53100000,10000,1,334.0,333.0
237,2008-07-07,333.0,333.0,333.0,333.0,531000,100,1,333.0,333.0
238,2008-07-08,342.0,342.0,335.0,335.0,61930960,11363,4,333.0,335.0
239,2008-07-23,336.0,336.0,335.0,335.0,2727860,510,2,335.0,335.0
240,2008-08-05,335.0,335.0,335.0,335.0,8605360,1610,2,335.0,335.0
241,2008-08-11,335.0,335.0,335.0,335.0,27201520,5100,3,335.0,335.0
242,2008-08-19,334.0,335.0,334.0,335.0,8563238,1609,2,335.0,335.0
243,2008-09-06,325.0,334.0,325.0,334.0,25010480,4828,3,335.0,334.0
244,2008-09-07,324.0,334.0,324.0,334.0,5528110,1070,2,334.0,334.0
245,2008-09-13,332.0,334.0,332.0,334.0,10645200,2010,2,334.0,334.0
246,2008-09-16,331.0,334.0,331.0,334.0,15863180,3010,2,334.0,334.0
247,2008-09-17,324.0,333.0,324.0,333.0,10371130,2010,3,334.0,333.0
248,2008-09-20,324.0,333.0,324.0,333.0,22462612,4358,2,333.0,333.0
249,2008-11-08,323.0,333.0,323.0,333.0,531319,103,3,333.0,333.0
250,2008-11-09,323.0,333.0,323.0,333.0,5195990,1010,2,333.0,333.0
251,2008-11-11,323.0,332.0,323.0,332.0,5193960,1010,2,333.0,332.0
252,2008-11-17,323.0,332.0,323.0,332.0,5190930,1010,2,332.0,332.0
253,2008-11-18,322.0,332.0,322.0,332.0,16520795,3217,2,332.0,332.0
254,2008-12-06,322.0,322.0,322.0,329.0,102540000,20000,2,332.0,322.0
255,2008-12-21,319.0,319.0,319.0,328.0,10154000,2000,1,329.0,319.0
256,2008-12-22,318.0,318.0,318.0,322.0,207993000,41000,5,328.0,318.0
257,2008-12-28,312.0,312.0,312.0,322.0,4973000,1000,1,322.0,312.0
258,2009-01-03,312.0,312.0,312.0,322.0,4971000,1000,1,322.0,312.0
259,2009-01-05,312.0,312.0,312.0,312.0,330945338,66602,7,322.0,312.0
260,2009-01-20,303.0,303.0,303.0,312.0,4820000,1000,1,312.0,303.0
261,2009-01-21,302.0,303.0,302.0,303.0,6881215420,1427685,18,312.0,303.0
262,2009-01-26,294.0,294.0,294.0,302.0,3226440,690,1,303.0,294.0
263,2009-01-31,293.0,311.0,293.0,307.0,172433220,34850,8,302.0,311.0
264,2009-02-03,307.0,307.0,307.0,307.0,764776324,156364,26,307.0,307.0
265,2009-03-03,307.0,307.0,307.0,307.0,586920000,120000,1,307.0,307.0
266,2009-04-05,188.0,188.0,188.0,188.0,104550000,34850,15,307.0,188.0
267,2009-04-26,282.0,282.0,282.0,282.0,4500000,1000,1,188.0,282.0
268,2009-04-28,282.0,282.0,282.0,282.0,22500000,5000,2,282.0,282.0
269,2009-04-29,274.0,274.0,274.0,278.0,130950000,30000,6,282.0,274.0
270,2009-05-05,270.0,270.0,270.0,270.0,558180198,129749,21,278.0,270.0
271,2009-05-20,278.0,278.0,278.0,275.0,176796900,39900,4,270.0,278.0
272,2009-05-23,276.0,276.0,276.0,276.0,91999600,20909,3,275.0,276.0
273,2009-06-14,282.0,282.0,282.0,282.0,502095500,111599,12,276.0,282.0
274,2009-06-17,282.0,282.0,282.0,282.0,6304500,1401,1,282.0,282.0
275,2009-06-20,282.0,282.0,282.0,282.0,54000,12,1,282.0,282.0
276,2009-06-23,282.0,282.0,282.0,282.0,44993170,10000,3,282.0,282.0
277,2009-07-14,294.0,294.0,294.0,294.0,340257000,78220,16,282.0,294.0
278,2009-07-27,286.0,286.0,286.0,293.0,37051600,8780,1,294.0,286.0
279,2009-09-02,284.0,284.0,284.0,293.0,5463900,1300,1,293.0,284.0
280,2009-09-07,293.0,293.0,293.0,293.0,701298000,162000,1,293.0,293.0
281,2009-09-13,284.0,284.0,284.0,293.0,2095800,499,2,293.0,284.0
282,2009-09-16,284.0,284.0,284.0,293.0,1146327,273,1,293.0,284.0
283,2009-09-21,293.0,293.0,284.0,293.0,519591600,120137,15,293.0,284.0
284,2009-09-29,293.0,293.0,293.0,293.0,8650000,2000,1,293.0,293.0
285,2009-09-30,293.0,293.0,293.0,293.0,1730000,400,1,293.0,293.0
286,2009-10-03,293.0,293.0,293.0,293.0,2165000,500,1,293.0,293.0
287,2009-10-04,293.0,293.0,293.0,293.0,2160670,499,1,293.0,293.0
288,2009-11-02,298.0,298.0,298.0,293.0,24238490,5510,3,293.0,298.0
289,2009-12-01,283.0,283.0,283.0,293.0,4181000,1000,1,293.0,283.0
290,2009-12-28,283.0,283.0,283.0,290.0,74613000,17850,3,293.0,283.0
291,2010-01-09,280.0,280.0,280.0,290.0,2068500,500,1,290.0,280.0
292,2010-01-10,280.0,280.0,280.0,290.0,45507,11,1,290.0,280.0
293,2010-01-11,283.0,283.0,283.0,289.0,27492074,6577,2,290.0,283.0
294,2010-01-16,283.0,283.0,283.0,288.0,41800000,10000,1,289.0,283.0
295,2010-01-23,278.0,278.0,278.0,278.0,323889246,78786,6,288.0,278.0
296,2010-01-26,271.0,271.0,268.0,274.0,130931165,32844,8,278.0,268.0
297,2010-02-09,274.0,274.0,274.0,274.0,206290955,50999,3,274.0,274.0
298,2010-02-20,283.0,283.0,274.0,274.0,402430651,99472,4,274.0,274.0
299,2010-02-22,283.0,283.0,274.0,274.0,210693220,51999,5,274.0,274.0
300,2010-02-24,271.0,271.0,271.0,274.0,2000000,500,1,274.0,271.0
301,2010-03-10,265.0,265.0,265.0,274.0,3589380,918,1,274.0,265.0
302,2010-04-04,264.0,264.0,264.0,274.0,3908000,1000,1,274.0,264.0
303,2010-04-10,281.0,281.0,281.0,274.0,3810618,918,1,274.0,281.0
304,2010-04-24,283.0,283.0,281.0,281.0,606723530,146187,4,274.0,281.0
305,2010-04-28,291.0,291.0,291.0,281.0,4295000,1000,1,281.0,291.0
306,2010-05-05,291.0,291.0,291.0,282.0,42970000,10000,4,281.0,291.0
307,2010-05-22,292.0,292.0,292.0,282.0,864200,200,1,282.0,292.0
308,2010-05-23,273.0,273.0,273.0,282.0,8055970,1999,1,282.0,273.0
309,2010-06-01,273.0,273.0,273.0,281.0,35472800,8800,1,282.0,273.0
310,2010-06-09,273.0,273.0,273.0,281.0,891735,221,2,281.0,273.0
311,2010-06-28,281.0,281.0,281.0,281.0,2697906700,650098,1,281.0,281.0
312,2010-07-06,292.0,292.0,292.0,281.0,4030000,1000,1,281.0,292.0
313,2010-08-10,290.0,290.0,290.0,281.0,9602400,2400,1,281.0,290.0
314,2010-09-19,293.0,293.0,293.0,281.0,4037000,1000,1,281.0,293.0
315,2010-10-20,293.0,293.0,293.0,282.0,4039000,1000,1,281.0,293.0
316,2010-10-23,293.0,293.0,293.0,293.0,935487459,231499,6,282.0,293.0
317,2010-12-08,304.0,304.0,304.0,304.0,310948000,74000,7,293.0,304.0
318,2010-12-11,317.0,317.0,317.0,305.0,3299350,755,1,304.0,317.0
319,2010-12-19,317.0,317.0,317.0,305.0,4013496,918,1,305.0,317.0
320,2011-01-17,317.0,317.0,317.0,305.0,8310600,1900,1,305.0,317.0
321,2011-01-18,317.0,317.0,317.0,308.0,72078340,16460,4,305.0,317.0
322,2011-01-19,321.0,321.0,321.0,308.0,3155025,713,1,308.0,321.0
323,2011-01-24,321.0,321.0,321.0,309.0,13281000,3000,1,308.0,321.0
324,2011-01-26,321.0,321.0,321.0,319.0,221750000,50000,20,309.0,321.0
325,2011-02-27,323.0,323.0,323.0,319.0,30497915,6850,8,319.0,323.0
326,2011-02-28,332.0,332.0,332.0,320.0,9838122,2149,3,319.0,332.0
327,2011-03-12,333.0,333.0,333.0,320.0,5508000,1200,2,320.0,333.0
328,2011-04-05,333.0,333.0,333.0,321.0,11937207,2599,1,320.0,333.0
329,2011-04-13,333.0,333.0,333.0,331.0,229710200,49937,7,321.0,333.0
330,2011-04-16,344.0,344.0,344.0,337.0,142410000,30000,2,331.0,344.0
331,2011-04-20,351.0,351.0,351.0,337.0,4839000,1000,1,337.0,351.0
332,2011-04-26,351.0,351.0,351.0,338.0,5180940,1070,1,337.0,351.0
333,2011-04-27,351.0,351.0,351.0,348.0,242250000,50000,2,338.0,351.0
334,2011-04-30,362.0,362.0,362.0,355.0,139065000,27813,8,348.0,362.0
335,2011-05-01,369.0,369.0,359.0,356.0,71092700,14206,7,355.0,362.0
336,2011-05-02,362.0,362.0,362.0,356.0,5000000,1000,1,356.0,362.0
337,2011-05-04,362.0,362.0,362.0,362.0,50000000,10000,3,356.0,362.0
338,2011-05-08,362.0,362.0,362.0,362.0,3170000,634,1,362.0,362.0
339,2011-05-09,359.0,359.0,359.0,362.0,495000,100,1,362.0,359.0
340,2011-05-10,362.0,362.0,362.0,362.0,2550000,510,1,362.0,362.0
341,2011-05-11,355.0,355.0,354.0,362.0,807000,165,2,362.0,354.0
342,2011-06-06,370.0,370.0,370.0,362.0,51000,10,1,362.0,370.0
343,2011-06-07,377.0,377.0,377.0,362.0,52000,10,1,362.0,377.0
344,2011-06-13,348.0,377.0,348.0,362.0,4778000,995,2,362.0,377.0
345,2011-06-14,362.0,362.0,362.0,362.0,3600350000,720070,16,362.0,362.0
346,2011-06-25,362.0,362.0,362.0,362.0,500000,100,1,362.0,362.0
347,2011-06-26,355.0,355.0,355.0,362.0,490000,100,1,362.0,355.0
348,2011-06-28,362.0,362.0,362.0,362.0,1980000,396,1,362.0,362.0
349,2011-06-29,362.0,362.0,348.0,359.0,62497580,13003,6,362.0,348.0
350,2011-07-03,345.0,345.0,345.0,358.0,19052000,4000,1,359.0,345.0
351,2011-07-05,345.0,345.0,345.0,350.0,180992000,38000,5,358.0,345.0
352,2011-07-06,364.0,364.0,364.0,352.0,30119366,6000,3,350.0,364.0
353,2011-07-09,348.0,348.0,338.0,346.0,143157753,30414,6,352.0,338.0
354,2011-07-10,346.0,346.0,346.0,346.0,64748280,13540,2,346.0,346.0
355,2011-07-11,333.0,340.0,333.0,343.0,104542000,22550,8,346.0,333.0
356,2011-07-12,333.0,333.0,329.0,341.0,47080000,10300,7,343.0,333.0
357,2011-07-25,346.0,359.0,344.0,346.0,314515120,66365,15,341.0,347.0
358,2011-07-26,348.0,354.0,333.0,345.0,404678920,85799,22,346.0,333.0
359,2011-07-27,331.0,331.0,331.0,343.0,29481860,6505,4,345.0,331.0
360,2011-07-30,344.0,344.0,343.0,343.0,19713110,4195,3,343.0,343.0
361,2011-07-31,344.0,344.0,331.0,341.0,106727442,23191,12,343.0,331.0
362,2011-08-01,336.0,340.0,336.0,339.0,855395779,184379,7,341.0,339.0
363,2011-08-02,333.0,333.0,333.0,338.0,54730000,12000,2,339.0,333.0
364,2011-08-03,330.0,330.0,327.0,338.0,9947330,2213,3,338.0,327.0
365,2011-08-06,325.0,325.0,324.0,335.0,50131095,11295,4,338.0,324.0
366,2011-08-07,325.0,325.0,324.0,333.0,48794560,10992,4,335.0,324.0
367,2011-08-08,325.0,325.0,325.0,333.0,22250000,5000,1,333.0,325.0
368,2011-08-09,322.0,322.0,322.0,333.0,4411000,1000,1,333.0,322.0
369,2011-08-10,325.0,325.0,323.0,330.0,71722250,16200,4,333.0,325.0
370,2011-08-13,336.0,336.0,336.0,330.0,230000,50,1,330.0,336.0
371,2011-08-16,318.0,318.0,318.0,330.0,6525000,1500,1,330.0,318.0
372,2011-08-17,322.0,322.0,317.0,325.0,109735693,25143,15,330.0,318.0
373,2011-08-21,336.0,336.0,329.0,327.0,83635400,18399,11,325.0,336.0
374,2011-08-23,336.0,336.0,329.0,328.0,45121500,9983,7,327.0,329.0
375,2011-08-24,333.0,333.0,333.0,328.0,13886600,3052,4,328.0,333.0
376,2011-08-27,330.0,330.0,325.0,328.0,68572970,15324,9,328.0,329.0
377,2011-08-28,324.0,327.0,324.0,326.0,126610424,28562,7,328.0,324.0
378,2011-08-29,327.0,327.0,327.0,326.0,64645850,14446,3,326.0,327.0
379,2011-08-30,329.0,329.0,329.0,328.0,167485500,37219,7,326.0,329.0
380,2011-09-03,329.0,341.0,329.0,338.0,238705848,51386,12,328.0,337.0
381,2011-09-04,325.0,344.0,325.0,338.0,684800,151,3,338.0,344.0
382,2011-09-05,344.0,351.0,344.0,342.0,109993560,22937,10,338.0,347.0
383,2011-09-06,347.0,347.0,347.0,342.0,4750,1,1,342.0,347.0
384,2011-09-10,356.0,356.0,356.0,349.0,137397310,28213,12,342.0,356.0
385,2011-09-11,362.0,362.0,362.0,352.0,68187374,13753,4,349.0,362.0
386,2011-09-13,366.0,366.0,366.0,352.0,5457182,1091,2,352.0,366.0
387,2011-09-14,366.0,366.0,366.0,358.0,140200060,28012,3,352.0,366.0
388,2011-09-17,372.0,372.0,372.0,358.0,7641000,1500,2,358.0,372.0
389,2011-09-18,373.0,373.0,373.0,361.0,50954100,9991,5,358.0,373.0
390,2011-09-19,375.0,375.0,375.0,368.0,160852276,31343,5,361.0,375.0
391,2011-09-20,383.0,383.0,373.0,383.0,1012275345,193436,29,368.0,383.0
392,2011-09-21,398.0,398.0,367.0,382.0,84872890,16298,10,383.0,367.0
393,2011-09-25,367.0,373.0,367.0,372.0,234382504,46439,11,382.0,368.0
394,2011-09-26,380.0,380.0,380.0,372.0,4966000,955,2,372.0,380.0
395,2011-09-27,387.0,387.0,387.0,376.0,78289660,14780,5,372.0,387.0
396,2011-09-28,376.0,391.0,376.0,377.0,670750000,130000,6,376.0,391.0
397,2011-10-01,390.0,392.0,390.0,392.0,465849264,86820,29,377.0,392.0
398,2011-10-02,408.0,408.0,406.0,393.0,25807598,4640,5,392.0,406.0
399,2011-10-03,400.0,400.0,400.0,393.0,273500,50,1,393.0,400.0
400,2011-10-04,402.0,402.0,387.0,393.0,10471400,1938,3,393.0,387.0
401,2011-10-05,382.0,382.0,382.0,391.0,74067382,14189,12,393.0,382.0
402,2011-10-08,375.0,375.0,375.0,390.0,10266000,2000,1,391.0,375.0
403,2011-10-09,375.0,376.0,375.0,389.0,19864981,3870,3,390.0,376.0
404,2011-10-11,374.0,374.0,374.0,374.0,357840500,70000,9,389.0,374.0
405,2011-10-12,362.0,362.0,362.0,373.0,19800000,4000,2,374.0,362.0
406,2011-10-15,362.0,362.0,362.0,373.0,8044750,1625,2,373.0,362.0
407,2011-10-16,358.0,358.0,358.0,371.0,44055000,9000,3,373.0,358.0
408,2011-10-18,358.0,358.0,358.0,370.0,9806000,2000,1,371.0,358.0
409,2011-10-19,370.0,370.0,370.0,370.0,5064000,1000,1,370.0,370.0
410,2011-10-22,385.0,385.0,385.0,370.0,5266000,1000,1,370.0,385.0
411,2011-10-23,370.0,370.0,370.0,370.0,76015000,15000,2,370.0,370.0
412,2011-10-24,365.0,370.0,365.0,370.0,15883910,3159,3,370.0,370.0
413,2011-10-25,365.0,365.0,365.0,370.0,4365000,873,2,370.0,365.0
414,2011-10-26,370.0,370.0,370.0,370.0,42549728,8402,3,370.0,370.0
415,2011-10-29,369.0,369.0,369.0,370.0,25250000,5000,3,370.0,369.0
416,2011-10-31,365.0,365.0,365.0,370.0,10000000,2000,3,370.0,365.0
417,2011-11-01,365.0,365.0,355.0,369.0,24437000,5000,3,370.0,355.0
418,2011-11-02,380.0,380.0,380.0,370.0,20792000,4000,1,369.0,380.0
419,2011-11-09,370.0,370.0,370.0,370.0,25285000,5000,5,370.0,370.0
420,2011-11-13,370.0,370.0,370.0,370.0,25290000,5000,1,370.0,370.0
421,2011-11-16,370.0,370.0,370.0,370.0,3419210788,676084,18,370.0,370.0
422,2011-11-20,370.0,373.0,370.0,370.0,3552538231,702483,17,370.0,373.0
423,2011-11-21,370.0,370.0,370.0,370.0,29957446,5921,2,370.0,370.0
424,2011-11-22,370.0,370.0,370.0,370.0,162835400,32200,8,370.0,370.0
425,2011-11-23,370.0,370.0,370.0,370.0,278135000,55000,14,370.0,370.0
426,2011-11-27,369.0,369.0,369.0,370.0,5050000,1000,2,370.0,369.0
427,2011-11-28,355.0,355.0,355.0,355.0,441547685,90947,14,370.0,355.0
428,2011-12-04,365.0,368.0,365.0,355.0,7303060,1454,2,355.0,368.0
429,2011-12-11,365.0,369.0,365.0,356.0,14092400,2800,3,355.0,369.0
430,2011-12-12,370.0,370.0,370.0,358.0,41500200,8200,2,356.0,370.0
431,2011-12-13,372.0,372.0,372.0,358.0,16510560,3245,3,358.0,372.0
432,2011-12-14,373.0,373.0,373.0,360.0,31613800,6200,4,358.0,373.0
433,2011-12-17,365.0,365.0,365.0,360.0,17406518,3482,2,360.0,365.0
434,2011-12-19,365.0,365.0,360.0,360.0,9943489,2018,3,360.0,360.0
435,2011-12-20,346.0,346.0,346.0,359.0,23650500,5000,6,360.0,346.0
436,2011-12-21,346.0,346.0,346.0,359.0,7730444,1634,3,359.0,346.0
437,2011-12-24,347.0,347.0,347.0,358.0,5697648,1199,1,359.0,347.0
438,2011-12-25,365.0,365.0,365.0,358.0,499900,100,1,358.0,365.0
439,2011-12-26,348.0,348.0,348.0,358.0,10463200,2200,2,358.0,348.0
440,2012-01-01,344.0,345.0,344.0,357.0,19355482,4102,6,358.0,345.0
441,2012-01-03,343.0,343.0,343.0,355.0,37269995,7945,4,357.0,343.0
442,2012-01-08,341.0,341.0,341.0,355.0,8452700,1810,2,355.0,341.0
443,2012-01-25,341.0,341.0,341.0,355.0,4665000,1000,1,355.0,341.0
444,2012-02-01,341.0,341.0,340.0,353.0,25545620,5480,3,355.0,340.0
445,2012-02-06,339.0,339.0,339.0,353.0,4415493,951,1,353.0,339.0
446,2012-02-08,339.0,351.0,339.0,353.0,37642774,7876,11,353.0,351.0
447,2012-02-12,339.0,339.0,339.0,349.0,76831720,16585,3,353.0,339.0
448,2012-02-13,335.0,335.0,335.0,347.0,45840000,10000,2,349.0,335.0
449,2012-02-14,336.0,336.0,333.0,345.0,41818950,9175,8,347.0,333.0
450,2012-02-19,351.0,351.0,344.0,349.0,197560000,41200,5,345.0,344.0
451,2012-02-26,345.0,345.0,345.0,348.0,7672128,1624,2,349.0,345.0
452,2012-02-27,351.0,351.0,349.0,349.0,55584000,11650,2,348.0,349.0
453,2012-02-29,349.0,349.0,348.0,348.0,705383500,148000,9,349.0,348.0
454,2012-03-05,350.0,350.0,350.0,349.0,39286200,8200,1,348.0,350.0
455,2012-03-13,349.0,349.0,349.0,349.0,5725200,1200,1,349.0,349.0
456,2012-03-14,351.0,351.0,351.0,349.0,48010,10,1,349.0,351.0
457,2012-03-28,349.0,349.0,349.0,349.0,47710000,10000,1,349.0,349.0
458,2012-04-09,349.0,349.0,349.0,349.0,4771000,1000,1,349.0,349.0
459,2012-04-17,351.0,351.0,351.0,349.0,14421000,3000,1,349.0,351.0
460,2012-04-18,362.0,362.0,362.0,351.0,42117500,8500,1,349.0,362.0
461,2012-04-24,362.0,362.0,362.0,351.0,494900,100,1,351.0,362.0
462,2012-04-28,362.0,362.0,362.0,359.0,218323300,44106,6,351.0,362.0
463,2012-05-01,355.0,355.0,355.0,358.0,5862366,1206,2,359.0,355.0
464,2012-05-07,364.0,364.0,357.0,360.0,287635685,58461,22,358.0,364.0
465,2012-05-08,364.0,365.0,364.0,365.0,430465180,86321,15,360.0,365.0
466,2012-05-09,369.0,379.0,369.0,367.0,102092220,20032,12,365.0,379.0
467,2012-05-12,382.0,382.0,382.0,368.0,10701000,2050,3,367.0,382.0
468,2012-05-14,382.0,382.0,382.0,368.0,5230,1,1,368.0,382.0
469,2012-05-15,382.0,382.0,382.0,368.0,5230000,1000,1,368.0,382.0
470,2012-05-16,383.0,383.0,383.0,372.0,83728000,16000,2,368.0,383.0
471,2012-05-19,383.0,386.0,383.0,376.0,108825518,20646,5,372.0,386.0
472,2012-05-20,391.0,391.0,391.0,376.0,1069800,200,1,376.0,391.0
473,2012-05-21,391.0,391.0,391.0,379.0,53469000,10000,3,376.0,391.0
474,2012-05-23,393.0,393.0,393.0,379.0,18670509,3471,6,379.0,393.0
475,2012-05-26,393.0,394.0,393.0,383.0,93462460,17355,6,379.0,394.0
476,2012-05-28,398.0,398.0,398.0,384.0,10872750,1995,2,383.0,398.0
477,2012-05-29,399.0,399.0,399.0,384.0,595249,109,1,384.0,399.0
478,2012-05-30,399.0,399.0,399.0,386.0,54600000,10000,2,384.0,399.0
479,2012-06-05,399.0,402.0,399.0,390.0,98426560,17988,4,386.0,402.0
480,2012-06-06,382.0,382.0,382.0,390.0,5221000,1000,1,390.0,382.0
481,2012-06-10,406.0,406.0,399.0,398.0,178700500,32200,6,390.0,399.0
482,2012-06-11,414.0,414.0,414.0,401.0,53485152,9443,3,398.0,414.0
483,2012-06-12,417.0,417.0,417.0,403.0,58004422,10178,13,401.0,417.0
484,2012-06-13,419.0,419.0,417.0,412.0,187270608,32659,14,403.0,417.0
485,2012-06-16,428.0,428.0,428.0,417.0,122142996,20860,16,412.0,428.0
486,2012-06-17,434.0,434.0,431.0,422.0,113841000,19200,6,417.0,431.0
487,2012-06-19,424.0,434.0,424.0,429.0,280091792,47430,12,422.0,434.0
488,2012-07-03,439.0,439.0,439.0,439.0,22000000,10000,3,429.0,439.0
489,2012-07-04,422.0,422.0,422.0,427.0,90816000,43000,10,439.0,422.0
490,2012-07-08,410.0,410.0,410.0,427.0,1027000,500,1,427.0,410.0
491,2012-07-15,393.0,393.0,377.0,388.0,32017910,16499,10,427.0,379.0
492,2012-07-16,378.0,378.0,377.0,386.0,14460540,7651,3,388.0,377.0
493,2012-07-22,371.0,371.0,371.0,386.0,3716000,2000,1,386.0,371.0
494,2012-07-24,371.0,371.0,371.0,386.0,3712000,2000,1,386.0,371.0
495,2012-07-25,399.0,399.0,399.0,386.0,220000,110,2,386.0,399.0
496,2012-08-08,399.0,399.0,399.0,386.0,3288305,1645,3,386.0,399.0
497,2012-08-11,371.0,371.0,371.0,386.0,649600,350,1,386.0,371.0
498,2012-08-22,385.0,385.0,385.0,385.0,341610000,177000,4,386.0,385.0
499,2012-09-03,379.0,379.0,379.0,384.0,19000000,10000,2,385.0,379.0
500,2012-09-04,375.0,375.0,375.0,383.0,15162200,8065,1,384.0,375.0
501,2012-09-05,379.0,379.0,379.0,383.0,19000000,10000,1,383.0,379.0
502,2012-09-09,391.0,391.0,391.0,383.0,11760,6,1,383.0,391.0
503,2012-09-10,391.0,392.0,391.0,383.0,7481211,3815,4,383.0,392.0
504,2012-09-17,398.0,398.0,381.0,398.0,318564800,159890,15,383.0,398.0
505,2012-09-18,404.0,404.0,382.0,395.0,24944391,13025,7,398.0,382.0
506,2012-09-22,406.0,410.0,406.0,397.0,19686000,9600,2,395.0,410.0
507,2012-09-23,412.0,413.0,412.0,412.0,355390700,172100,11,397.0,413.0
508,2012-09-25,406.0,409.0,405.0,412.0,10311960,5060,7,412.0,409.0
509,2012-09-26,413.0,420.0,413.0,412.0,384672,183,3,412.0,420.0
510,2012-09-29,428.0,428.0,428.0,415.0,23580920,10996,6,412.0,428.0
511,2012-09-30,431.0,431.0,431.0,415.0,3529440,1634,3,415.0,431.0
512,2012-10-02,417.0,431.0,417.0,415.0,5260000,2500,2,415.0,431.0
513,2012-10-03,431.0,431.0,431.0,416.0,4860000,2250,2,415.0,431.0
514,2012-10-06,431.0,431.0,431.0,417.0,6480000,3000,2,416.0,431.0
515,2012-10-07,420.0,420.0,419.0,417.0,21001000,10000,2,417.0,419.0
516,2012-10-08,434.0,434.0,434.0,434.0,292307760,134580,15,417.0,434.0
517,2012-10-09,434.0,434.0,434.0,434.0,6522000,3000,1,434.0,434.0
518,2012-10-10,446.0,451.0,446.0,440.0,53662341,23811,3,434.0,451.0
519,2012-10-14,439.0,439.0,439.0,440.0,8384200,3811,1,440.0,439.0
520,2012-10-17,450.0,450.0,422.0,436.0,67177748,31000,6,440.0,422.0
521,2012-10-22,454.0,454.0,454.0,437.0,3067200,1350,2,436.0,454.0
522,2012-10-23,437.0,437.0,437.0,437.0,7658322876,3501748,257,437.0,437.0
523,2012-10-24,445.0,449.0,445.0,448.0,935002569,416569,13,437.0,449.0
524,2012-10-28,466.0,466.0,466.0,449.0,4668000,2000,1,448.0,466.0
525,2012-10-29,467.0,467.0,467.0,451.0,12853500,5500,3,449.0,467.0
526,2012-10-31,469.0,469.0,469.0,452.0,10744680,4580,1,451.0,469.0
527,2012-11-04,470.0,470.0,470.0,470.0,1219795200,518400,11,452.0,470.0
528,2012-11-05,489.0,489.0,489.0,471.0,6729250,2750,4,470.0,489.0
529,2012-11-06,489.0,489.0,489.0,489.0,1649728884,673084,25,471.0,489.0
530,2012-11-10,509.0,509.0,509.0,509.0,749329530,293970,6,489.0,509.0
531,2012-11-13,529.0,529.0,529.0,509.0,2650000,1000,1,509.0,529.0
532,2012-11-14,530.0,530.0,530.0,530.0,18367380720,6925860,284,509.0,530.0
533,2012-11-17,551.0,551.0,551.0,551.0,8670600400,3143800,66,530.0,551.0
534,2012-11-20,573.0,573.0,573.0,551.0,2868000,1000,1,551.0,573.0
535,2012-11-21,573.0,573.0,573.0,551.0,286900,100,1,551.0,573.0
536,2012-11-26,573.0,573.0,529.0,530.0,4584824220,1728845,11,551.0,529.0
537,2012-11-27,551.0,551.0,508.0,509.0,511825616,200952,17,530.0,508.0
538,2012-11-28,488.0,499.0,488.0,505.0,88206000,36060,3,509.0,499.0
539,2012-12-04,525.0,525.0,500.0,506.0,375441357,148233,9,505.0,500.0
540,2012-12-09,526.0,526.0,487.0,506.0,52877800,20910,7,506.0,487.0
541,2012-12-10,485.0,485.0,485.0,504.0,32040580,13180,6,506.0,485.0
542,2012-12-11,511.0,511.0,485.0,504.0,13127522,5402,4,504.0,485.0
543,2012-12-12,484.0,484.0,484.0,484.0,490404145,202479,18,504.0,484.0
544,2012-12-16,502.0,503.0,486.0,486.0,68539621448,28135225,40,484.0,486.0
545,2012-12-17,506.0,506.0,467.0,468.0,27524908055,11752383,15,486.0,467.0
546,2012-12-18,486.0,486.0,486.0,468.0,124185,51,3,468.0,486.0
547,2012-12-19,486.0,486.0,486.0,468.0,8388575,3445,2,468.0,486.0
548,2012-12-22,468.0,468.0,468.0,468.0,9078395659,3877999,78,468.0,468.0
549,2012-12-23,468.0,468.0,449.0,449.0,450015900,200000,19,468.0,449.0
550,2012-12-24,450.0,467.0,450.0,450.0,15917652,6951,3,449.0,467.0
551,2012-12-25,468.0,468.0,468.0,451.0,23470866,10026,3,450.0,468.0
552,2012-12-26,468.0,468.0,433.0,433.0,436387219,201095,18,451.0,433.0
553,2012-12-30,434.0,434.0,416.0,420.0,324562500,155500,14,433.0,416.0
554,2012-12-31,404.0,404.0,404.0,407.0,303300000,150000,8,420.0,404.0
555,2013-01-06,423.0,423.0,423.0,407.0,3078907,1453,1,407.0,423.0
556,2013-01-07,423.0,423.0,393.0,394.0,418295390,212217,19,407.0,423.0
557,2013-01-09,409.0,409.0,378.0,384.0,437130573,227277,21,394.0,409.0
558,2013-01-15,399.0,399.0,399.0,385.0,19990000,10000,2,384.0,399.0
559,2013-01-16,400.0,400.0,400.0,393.0,200400000,100000,2,385.0,400.0
560,2013-01-19,409.0,409.0,409.0,401.0,204600000,100000,2,393.0,409.0
561,2013-01-20,417.0,417.0,417.0,402.0,10865910,5199,2,401.0,417.0
562,2013-01-27,418.0,418.0,418.0,406.0,104600000,50000,1,402.0,418.0
563,2013-02-04,422.0,422.0,422.0,407.0,13741000,6500,1,406.0,422.0
564,2013-02-05,423.0,423.0,423.0,409.0,58638783,27699,2,407.0,423.0
565,2013-02-11,425.0,425.0,425.0,409.0,2512220,1180,1,409.0,425.0
566,2013-02-23,425.0,425.0,425.0,409.0,40470,19,1,409.0,425.0
567,2013-02-27,425.0,425.0,393.0,395.0,395917114,200000,18,409.0,393.0
568,2013-03-02,380.0,380.0,380.0,380.0,391033799,205699,16,395.0,380.0
569,2013-03-03,395.0,395.0,395.0,380.0,3954000,2000,1,380.0,395.0
570,2013-03-06,395.0,395.0,395.0,380.0,9692200,4900,1,380.0,395.0
571,2013-03-09,365.0,365.0,365.0,365.0,365600000,200000,15,380.0,365.0
572,2013-03-27,380.0,380.0,380.0,366.0,31556600,16600,1,365.0,380.0
573,2013-04-06,381.0,381.0,381.0,367.0,31656200,16600,4,366.0,381.0
574,2013-04-09,382.0,382.0,382.0,368.0,4782500,2500,1,367.0,382.0
575,2013-04-24,382.0,382.0,382.0,368.0,5742000,3000,1,368.0,382.0
576,2013-04-27,382.0,382.0,382.0,368.0,9575000,5000,1,368.0,382.0
577,2013-05-06,383.0,383.0,383.0,369.0,28735830,14990,10,368.0,383.0
578,2013-05-26,384.0,384.0,384.0,369.0,17316,9,1,369.0,384.0
579,2013-05-27,384.0,384.0,384.0,369.0,17316,9,1,369.0,384.0
580,2013-06-01,384.0,384.0,384.0,373.0,86578076,44999,1,369.0,384.0
581,2013-06-08,388.0,388.0,388.0,373.0,1942,1,1,373.0,388.0
582,2013-06-11,388.0,388.0,388.0,388.0,2330400000,1200000,51,373.0,388.0
583,2013-06-19,403.0,403.0,403.0,388.0,80760,40,1,388.0,403.0
584,2013-07-10,403.0,403.0,403.0,388.0,3984000,2000,2,388.0,403.0
585,2013-07-13,403.0,403.0,403.0,403.0,1096150000,550000,11,388.0,403.0
586,2013-07-14,419.0,419.0,419.0,404.0,4144000,2000,1,403.0,419.0
587,2013-07-15,420.0,420.0,420.0,420.0,1471830000,710000,15,404.0,420.0
588,2013-07-16,436.0,436.0,436.0,420.0,10775000,5000,1,420.0,436.0
589,2013-07-17,437.0,437.0,437.0,420.0,4316000,2000,1,420.0,437.0
590,2013-07-20,437.0,437.0,437.0,420.0,4318000,2000,1,420.0,437.0
591,2013-07-24,437.0,437.0,437.0,422.0,35881920,16612,2,420.0,437.0
592,2013-07-29,439.0,439.0,439.0,424.0,43340000,20000,3,422.0,439.0
593,2013-07-31,440.0,440.0,440.0,425.0,28070400,12900,1,424.0,440.0
594,2013-08-05,442.0,442.0,442.0,425.0,128738,59,2,425.0,442.0
595,2013-08-06,442.0,442.0,442.0,425.0,21820,10,1,425.0,442.0
596,2013-08-07,442.0,442.0,442.0,425.0,43640,20,1,425.0,442.0
597,2013-08-11,442.0,442.0,442.0,427.0,52280720,23960,2,425.0,442.0
598,2013-08-13,444.0,444.0,444.0,428.0,26325806,11999,1,427.0,444.0
599,2013-08-18,445.0,445.0,445.0,428.0,6597000,3000,1,428.0,445.0
600,2013-08-28,445.0,445.0,445.0,429.0,6380000,2900,1,428.0,445.0
601,2013-09-04,446.0,446.0,446.0,430.0,22010000,10000,1,429.0,446.0
602,2013-09-11,447.0,447.0,447.0,430.0,2206000,1000,1,430.0,447.0
603,2013-10-09,447.0,447.0,447.0,430.0,3306794,1499,1,430.0,447.0
604,2013-10-12,447.0,447.0,447.0,430.0,4414000,2000,1,430.0,447.0
605,2013-10-19,447.0,447.0,447.0,435.0,110400000,50000,2,430.0,447.0
606,2013-11-12,452.0,452.0,452.0,435.0,3348000,1500,1,435.0,452.0
607,2013-11-19,452.0,452.0,452.0,435.0,89320,40,1,435.0,452.0
608,2013-11-23,469.0,488.0,469.0,488.0,4845190,2010,2,435.0,488.0
609,2013-12-10,507.0,507.0,507.0,499.0,255711493,101999,3,488.0,507.0
610,2013-12-24,518.0,518.0,518.0,504.0,128029512,49992,2,499.0,518.0
611,2014-01-06,544.0,566.0,544.0,565.0,502030,180,13,504.0,566.0
612,2014-01-20,587.0,587.0,587.0,565.0,2900000,1000,1,565.0,587.0
613,2014-01-21,587.0,587.0,587.0,571.0,141423750,48750,5,565.0,587.0
614,2014-01-28,593.0,593.0,593.0,571.0,1345329,459,1,571.0,593.0
615,2014-01-29,593.0,593.0,593.0,571.0,11724000,4000,1,571.0,593.0
616,2014-02-02,594.0,594.0,594.0,571.0,2493050,850,7,571.0,594.0
617,2014-02-03,594.0,594.0,594.0,571.0,2493900,850,4,571.0,594.0
618,2014-02-12,594.0,594.0,594.0,572.0,16142500,5500,1,571.0,594.0
619,2014-02-15,595.0,595.0,595.0,572.0,3526800,1200,2,572.0,595.0
620,2014-02-16,595.0,595.0,595.0,572.0,2940000,1000,1,572.0,595.0
621,2014-02-17,595.0,595.0,595.0,574.0,29421764,10004,4,572.0,595.0
622,2014-02-18,597.0,597.0,597.0,574.0,2504950,850,1,574.0,597.0
623,2014-03-16,866.0,900.0,866.0,870.0,253535723,58999,7,574.0,900.0
624,2014-03-17,904.0,904.0,904.0,904.0,4468000000,1000000,37,870.0,904.0
625,2014-03-18,940.0,940.0,940.0,905.0,7898200,1700,2,904.0,940.0
626,2014-03-19,941.0,941.0,941.0,905.0,11880288,2556,2,905.0,941.0
627,2014-03-25,941.0,941.0,941.0,941.0,56720579100,12197974,508,905.0,941.0
628,2014-03-26,979.0,979.0,979.0,979.0,1695013164,350499,17,941.0,979.0
629,2014-03-29,1018.0,1018.0,1018.0,982.0,80464000,16000,3,979.0,1018.0
630,2014-03-30,1022.0,1022.0,1022.0,982.0,1009400,200,1,982.0,1022.0
631,2014-04-05,1022.0,1022.0,1022.0,984.0,40249825,7975,1,982.0,1022.0
632,2014-04-06,1023.0,1023.0,1023.0,984.0,1112100,220,1,984.0,1023.0
633,2014-04-08,1023.0,1023.0,1023.0,984.0,5055,1,1,984.0,1023.0
634,2014-04-09,1023.0,1023.0,1023.0,984.0,10110,2,2,984.0,1023.0
635,2014-04-12,1023.0,1023.0,1023.0,984.0,3361575,665,9,984.0,1023.0
636,2014-04-20,1023.0,1023.0,1023.0,984.0,2528000,500,1,984.0,1023.0
637,2014-04-21,1024.0,1024.0,1024.0,985.0,2528500,500,1,984.0,1024.0
638,2014-04-22,1024.0,1024.0,1024.0,985.0,8593542,1699,1,985.0,1024.0
639,2014-04-23,1024.0,1024.0,1024.0,985.0,1614140,319,1,985.0,1024.0
640,2014-04-26,1024.0,1024.0,1024.0,985.0,2530000,500,1,985.0,1024.0
641,2014-04-27,1024.0,1024.0,1024.0,1024.0,109672057257,21670037,488,985.0,1024.0
642,2014-04-28,1065.0,1065.0,1065.0,1025.0,15789000,3000,2,1024.0,1065.0
643,2014-04-29,1066.0,1066.0,1066.0,1030.0,131650000,25000,1,1025.0,1066.0
644,2014-04-30,1072.0,1072.0,1072.0,1031.0,7877472,1488,8,1030.0,1072.0
645,2014-05-03,1072.0,1072.0,1072.0,1044.0,317760000,60000,6,1031.0,1072.0
646,2014-05-04,1086.0,1086.0,1086.0,1086.0,34624105056,6454904,240,1044.0,1086.0
647,2014-05-05,1129.0,1129.0,1129.0,1086.0,16734000,3000,1,1086.0,1129.0
648,2014-05-06,1130.0,1130.0,1130.0,1086.0,1116200,200,1,1086.0,1130.0
649,2014-05-07,1130.0,1130.0,1130.0,1088.0,50206676,8996,2,1086.0,1130.0
650,2014-05-10,1132.0,1132.0,1132.0,1089.0,2796000,500,1,1088.0,1132.0
651,2014-05-11,1132.0,1132.0,1132.0,1089.0,2796500,500,1,1089.0,1132.0
652,2014-05-12,1132.0,1132.0,1132.0,1090.0,29648200,5300,2,1089.0,1132.0
653,2014-05-14,1134.0,1134.0,1134.0,1091.0,19594400,3499,2,1090.0,1134.0
654,2014-05-17,1134.0,1134.0,1134.0,1091.0,2802000,500,1,1091.0,1134.0
655,2014-05-18,1135.0,1135.0,1135.0,1091.0,2802500,500,1,1091.0,1135.0
656,2014-05-19,1135.0,1135.0,1135.0,1135.0,7713856,1376,2,1091.0,1135.0
657,2014-05-20,1180.0,1180.0,1180.0,1135.0,2915000,500,2,1135.0,1180.0
658,2014-05-21,1180.0,1180.0,1180.0,1137.0,38461276,6596,1,1135.0,1180.0
659,2014-05-25,1182.0,1182.0,1182.0,1143.0,154494101,26459,3,1137.0,1182.0
660,2014-05-26,1189.0,1189.0,1189.0,1144.0,29360000,5000,1,1143.0,1189.0
661,2014-05-28,1190.0,1190.0,1190.0,1145.0,8230600,1400,3,1144.0,1190.0
662,2014-05-31,1190.0,1190.0,1190.0,1149.0,118431578,20138,5,1145.0,1190.0
663,2014-06-01,1195.0,1195.0,1195.0,1150.0,8705444,1474,2,1149.0,1195.0
664,2014-06-07,1196.0,1196.0,1196.0,1150.0,2954000,500,1,1150.0,1196.0
665,2014-06-08,1196.0,1196.0,1196.0,1163.0,304000323,51447,4,1150.0,1196.0
666,2014-06-09,1209.0,1209.0,1209.0,1163.0,2987000,500,1,1163.0,1209.0
667,2014-06-10,1209.0,1209.0,1209.0,1209.0,1120312500,187500,4,1163.0,1209.0
668,2014-06-11,1258.0,1258.0,1258.0,1215.0,126498398,20357,6,1209.0,1258.0
669,2015-01-12,1021.0,1061.0,1021.0,1060.0,26229136000,5050290,243,1215.0,1061.0
670,2015-01-13,1102.0,1102.0,1102.0,1071.0,255002814,47214,6,1060.0,1102.0
671,2015-01-14,1113.0,1113.0,1113.0,1071.0,54550,10,2,1071.0,1113.0
672,2015-01-17,1113.0,1113.0,1113.0,1076.0,136642295,25049,5,1071.0,1113.0
673,2015-01-18,1119.0,1119.0,1119.0,1119.0,1151640000,210000,8,1076.0,1119.0
674,2015-01-19,1164.0,1164.0,1164.0,1124.0,120099477,21059,4,1119.0,1164.0
675,2015-01-20,1169.0,1169.0,1169.0,1160.0,836714721,146049,9,1124.0,1169.0
676,2015-01-21,1206.0,1206.0,1113.0,1168.0,8829003926,1543102,383,1160.0,1206.0
677,2015-01-24,1214.0,1214.0,1214.0,1194.0,624748961,105000,55,1168.0,1214.0
678,2015-01-25,1241.0,1242.0,1146.0,1241.0,37234723858,6122969,293,1194.0,1242.0
679,2015-01-26,1291.0,1291.0,1247.0,1288.0,1132744198,179261,79,1241.0,1291.0
680,2015-01-27,1339.0,1339.0,1339.0,1319.0,732962276,111698,22,1288.0,1339.0
681,2015-01-28,1371.0,1371.0,1371.0,1331.0,291423187,43373,19,1319.0,1371.0
682,2015-01-31,1384.0,1384.0,1384.0,1339.0,191942986,28306,6,1331.0,1384.0
683,2015-02-01,1392.0,1392.0,1392.0,1358.0,453308256,66448,12,1339.0,1392.0
684,2015-02-02,1412.0,1412.0,1412.0,1367.0,225165017,32543,12,1358.0,1412.0
685,2015-02-03,1422.0,1422.0,1412.0,1415.0,1146750984,164634,75,1367.0,1422.0
686,2015-02-04,1472.0,1472.0,1410.0,1431.0,410679165,57095,79,1415.0,1449.0
687,2015-02-07,1408.0,1471.0,1374.0,1382.0,2435615532,359598,77,1431.0,1374.0
688,2015-02-08,1327.0,1425.0,1327.0,1334.0,1148629951,176093,35,1382.0,1337.0
689,2015-02-09,1327.0,1327.0,1281.0,1283.0,1127810044,179673,38,1334.0,1286.0
690,2015-02-10,1232.0,1270.0,1232.0,1236.0,1055103617,174708,35,1283.0,1241.0
691,2015-02-14,1188.0,1225.0,1187.0,1193.0,1078283871,184623,26,1236.0,1225.0
692,2015-02-15,1239.0,1239.0,1147.0,1162.0,1282121670,225152,34,1193.0,1239.0
693,2015-02-16,1209.0,1209.0,1123.0,1132.0,849775646,154028,18,1162.0,1194.0
694,2015-02-17,1178.0,1178.0,1177.0,1133.0,10452928,1812,5,1132.0,1178.0
695,2015-02-18,1178.0,1178.0,1178.0,1133.0,5772000,1000,3,1133.0,1178.0
696,2015-02-25,868.0,902.0,868.0,882.0,734530433,169999,24,1133.0,902.0
697,2015-02-28,917.0,917.0,917.0,891.0,131757225,29325,6,882.0,917.0
698,2015-03-01,926.0,926.0,926.0,892.0,9078000,2000,1,891.0,926.0
699,2015-03-02,927.0,927.0,927.0,907.0,227100000,50000,4,892.0,927.0
700,2015-03-03,943.0,943.0,943.0,916.0,136839780,29619,3,907.0,943.0
701,2015-03-04,953.0,953.0,953.0,916.0,1624116,348,1,916.0,953.0
702,2015-03-07,953.0,953.0,953.0,918.0,23806800,5100,3,916.0,953.0
703,2015-03-08,954.0,954.0,954.0,921.0,49098000,10500,4,918.0,954.0
704,2015-03-09,958.0,958.0,958.0,923.0,23700006,5049,2,921.0,958.0
705,2015-03-10,960.0,960.0,960.0,925.0,25861000,5500,2,923.0,960.0
706,2015-03-14,962.0,962.0,962.0,927.0,32512800,6900,6,925.0,962.0
707,2015-03-15,964.0,964.0,964.0,932.0,72951458,15446,2,927.0,964.0
708,2015-03-16,969.0,969.0,969.0,934.0,23749749,5001,2,932.0,969.0
709,2015-03-17,971.0,971.0,971.0,934.0,7222644,1518,2,934.0,971.0
710,2015-03-18,972.0,972.0,972.0,936.0,26494965,5565,2,934.0,972.0
711,2015-03-25,974.0,974.0,974.0,936.0,3205440,672,1,936.0,974.0
712,2015-03-28,974.0,974.0,974.0,937.0,2390271,501,2,936.0,974.0
713,2015-03-29,974.0,974.0,974.0,937.0,9544000,2000,3,937.0,974.0
714,2015-03-31,975.0,975.0,975.0,938.0,14325000,3000,1,937.0,975.0
715,2015-04-04,976.0,976.0,976.0,939.0,9560000,2000,2,938.0,976.0
716,2015-04-05,976.0,976.0,976.0,941.0,24044384,5026,3,939.0,976.0
717,2015-04-06,978.0,978.0,978.0,943.0,33551000,7000,2,941.0,978.0
718,2015-04-07,981.0,981.0,981.0,951.0,111057965,23113,7,943.0,981.0
719,2015-04-08,989.0,989.0,989.0,952.0,5054378,1043,1,951.0,989.0
720,2015-04-11,990.0,990.0,990.0,953.0,24240000,5000,1,952.0,990.0
721,2015-04-12,991.0,991.0,991.0,955.0,24522993,5049,1,953.0,991.0
722,2015-04-14,993.0,993.0,993.0,960.0,63402409,13027,4,955.0,993.0
723,2015-04-15,998.0,998.0,998.0,964.0,49120313,10043,7,960.0,998.0
724,2015-04-18,1002.0,1002.0,1002.0,965.0,24545000,5000,1,964.0,1002.0
725,2015-04-19,1004.0,1004.0,1004.0,972.0,93028128,18912,4,965.0,1004.0
726,2015-04-21,1011.0,1011.0,1011.0,980.0,95651832,19308,8,972.0,1011.0
727,2015-04-22,1019.0,1019.0,1019.0,984.0,67365000,13500,7,980.0,1019.0
728,2015-04-25,1024.0,1024.0,1024.0,990.0,66940220,13348,4,984.0,1024.0
729,2015-04-26,1029.0,1029.0,1029.0,990.0,5041,1,1,990.0,1029.0
730,2015-04-27,1029.0,1029.0,1029.0,990.0,211722,42,1,990.0,1029.0
731,2015-04-28,1029.0,1029.0,1029.0,1028.0,504100000,100000,4,990.0,1029.0
732,2015-04-29,1069.0,1069.0,1069.0,1069.0,1105553475,211185,44,1028.0,1069.0
733,2015-05-03,1111.0,1111.0,1068.0,1110.0,3139758361,577511,181,1069.0,1068.0
734,2015-05-04,1065.0,1106.0,1065.0,1070.0,3345094629,638426,92,1110.0,1066.0
735,2015-05-05,1110.0,1112.0,1110.0,1081.0,140633900,25820,12,1070.0,1112.0
736,2015-05-06,1124.0,1124.0,1124.0,1091.0,117244030,21290,8,1081.0,1124.0
737,2015-05-09,1134.0,1134.0,1134.0,1101.0,122343120,22020,17,1091.0,1134.0
738,2015-05-10,1145.0,1145.0,1145.0,1118.0,207636200,37025,24,1101.0,1145.0
739,2015-05-11,1163.0,1163.0,1163.0,1163.0,756128628,132724,41,1118.0,1163.0
740,2015-05-12,1209.0,1209.0,1145.0,1189.0,327261706,55320,47,1163.0,1209.0
741,2015-05-13,1237.0,1237.0,1225.0,1218.0,349766715,57773,42,1189.0,1237.0
742,2015-05-17,1267.0,1267.0,1267.0,1223.0,55845000,9000,18,1218.0,1267.0
743,2015-05-18,1271.0,1271.0,1271.0,1226.0,36146887,5803,19,1223.0,1271.0
744,2015-05-19,1275.0,1275.0,1275.0,1240.0,170844465,27357,18,1226.0,1275.0
745,2015-05-20,1290.0,1290.0,1290.0,1241.0,6318000,1000,1,1240.0,1290.0
746,2015-05-23,1302.0,1302.0,1302.0,1250.0,86041404,13484,7,1241.0,1302.0
747,2015-05-24,1312.0,1312.0,1312.0,1259.0,86000212,13379,5,1250.0,1312.0
748,2015-05-25,1321.0,1321.0,1321.0,1262.0,37465038,5787,2,1259.0,1321.0
749,2015-05-26,1326.0,1326.0,1326.0,1264.0,14871260,2290,3,1262.0,1326.0
750,2015-05-27,1327.0,1327.0,1327.0,1265.0,13654200,2100,2,1264.0,1327.0
751,2015-05-30,1329.0,1329.0,1225.0,1323.0,1279893566,197441,102,1265.0,1326.0
752,2015-05-31,1386.0,1386.0,1296.0,1320.0,371153272,57506,45,1323.0,1298.0
753,2015-06-01,1254.0,1304.0,1254.0,1254.0,684554160,111435,43,1320.0,1254.0
754,2015-06-02,1254.0,1273.0,1223.0,1255.0,99310590,16074,15,1254.0,1223.0
755,2015-06-06,1197.0,1197.0,1192.0,1193.0,642953492,110001,34,1255.0,1193.0
756,2015-06-07,1133.0,1136.0,1133.0,1135.0,819221586,147314,25,1193.0,1135.0
757,2015-06-08,1082.0,1086.0,1079.0,1081.0,748848980,141339,11,1135.0,1086.0
758,2015-06-09,1135.0,1135.0,1035.0,1080.0,999391480,188803,40,1081.0,1135.0
759,2015-06-10,1078.0,1134.0,1078.0,1111.0,367832090,66808,16,1080.0,1134.0
760,2015-06-13,1134.0,1167.0,1111.0,1114.0,97610062,17744,17,1111.0,1143.0
761,2015-06-14,1143.0,1169.0,1143.0,1120.0,75549800,13277,12,1114.0,1153.0
762,2015-06-15,1169.0,1169.0,1092.0,1126.0,171145138,30715,35,1120.0,1119.0
763,2015-06-21,1182.0,1182.0,1181.0,1126.0,4196325,725,3,1126.0,1181.0
764,2015-06-22,1177.0,1177.0,1176.0,1129.0,25512750,4426,17,1126.0,1176.0
765,2015-06-23,1143.0,1175.0,1129.0,1129.0,20959578,3763,15,1129.0,1136.0
766,2015-06-24,1137.0,1138.0,1073.0,1130.0,75560767,13596,20,1129.0,1073.0
767,2015-06-27,1075.0,1075.0,1074.0,1129.0,5735590,1090,4,1130.0,1074.0
768,2015-06-28,1122.0,1122.0,1074.0,1128.0,14900196,2814,8,1129.0,1074.0
769,2015-06-29,1102.0,1102.0,1073.0,1086.0,390709959,74147,62,1128.0,1074.0
770,2015-07-12,1032.0,1141.0,1032.0,1059.0,684339868,132811,38,1086.0,1141.0
771,2015-07-13,1112.0,1112.0,1112.0,1070.0,112490130,20793,7,1059.0,1112.0
772,2015-07-14,1124.0,1124.0,1124.0,1089.0,180635810,33023,9,1070.0,1124.0
773,2015-07-15,1144.0,1144.0,1144.0,1097.0,79744082,14327,6,1089.0,1144.0
774,2015-07-20,1152.0,1152.0,1152.0,1101.0,36709968,6546,2,1097.0,1152.0
775,2015-07-21,1156.0,1156.0,1140.0,1155.0,7952490728,1415040,19,1101.0,1156.0
776,2015-07-22,1130.0,1130.0,1097.0,1148.0,73044570,13554,12,1155.0,1097.0
777,2015-07-25,1192.0,1192.0,1091.0,1131.0,151546228,28503,12,1148.0,1091.0
778,2015-07-26,1110.0,1134.0,1079.0,1128.0,72976595,13518,11,1131.0,1134.0
779,2015-07-27,1134.0,1134.0,1073.0,1076.0,1029034090,196548,13,1128.0,1075.0
780,2015-07-28,1048.0,1110.0,1025.0,1030.0,1357145924,270735,23,1076.0,1110.0
781,2015-07-29,1048.0,1081.0,996.0,1016.0,1372464951,277649,31,1030.0,1081.0
782,2015-08-01,1066.0,1066.0,1066.0,1018.0,21304950,4105,3,1016.0,1066.0
783,2015-08-02,1068.0,1068.0,1068.0,1019.0,10129600,1948,1,1018.0,1068.0
784,2015-08-03,1069.0,1069.0,988.0,1012.0,1054447295,214153,62,1019.0,1069.0
785,2015-08-04,1062.0,1062.0,1060.0,1014.0,22931400,4438,13,1012.0,1062.0
786,2015-08-05,1065.0,1065.0,1048.0,1015.0,16795828,3261,5,1014.0,1065.0
787,2015-08-08,1058.0,1066.0,1027.0,1024.0,163606479,32279,28,1015.0,1063.0
788,2015-08-09,1062.0,1075.0,1062.0,1033.0,119681278,23072,23,1024.0,1068.0
789,2015-08-10,1075.0,1075.0,1053.0,1036.0,54959495,10643,12,1033.0,1053.0
790,2015-08-12,1031.0,1068.0,1031.0,1036.0,18473200,3673,4,1036.0,1068.0
791,2015-08-16,997.0,1048.0,997.0,1038.0,181519427,35838,13,1036.0,1027.0
792,2015-08-25,997.0,1047.0,997.0,1010.0,357067973,72619,19,1038.0,1047.0
793,2015-08-26,1033.0,1033.0,997.0,1011.0,77161554,15624,8,1010.0,1033.0
794,2015-08-29,960.0,1056.0,960.0,1011.0,2672600,539,2,1011.0,1056.0
795,2015-08-30,998.0,1027.0,998.0,1011.0,27058142,5472,6,1011.0,1000.0
796,2015-08-31,962.0,1028.0,961.0,973.0,631026275,133291,17,1011.0,1028.0
797,2015-09-01,1021.0,1021.0,956.0,979.0,1021124355,214208,17,973.0,1021.0
798,2015-09-02,979.0,1027.0,956.0,973.0,560472400,118352,13,979.0,1027.0
799,2015-09-05,1022.0,1022.0,933.0,974.0,1103777658,232810,40,973.0,1022.0
800,2015-09-06,1022.0,1022.0,1021.0,975.0,9376340,1886,4,974.0,1021.0
801,2015-09-07,1021.0,1021.0,1021.0,978.0,36077230,7259,2,975.0,1021.0
802,2015-09-08,1025.0,1025.0,1025.0,982.0,45014790,9021,7,978.0,1025.0
803,2015-09-09,966.0,1026.0,966.0,981.0,44936415,9500,9,982.0,976.0
804,2015-09-14,967.0,1005.0,967.0,982.0,14606400,3000,5,981.0,1002.0
805,2015-09-16,964.0,996.0,964.0,981.0,39073923,8238,8,982.0,966.0
806,2015-09-20,945.0,995.0,935.0,946.0,559827225,121605,15,981.0,966.0
807,2015-09-22,966.0,966.0,966.0,946.0,5889100,1253,1,946.0,966.0
808,2015-09-23,992.0,992.0,992.0,946.0,1072038,222,1,946.0,992.0
809,2015-09-26,986.0,986.0,945.0,946.0,21213778,4600,5,946.0,945.0
810,2015-09-27,992.0,993.0,992.0,947.0,4902510,1015,3,946.0,992.0
811,2015-09-28,946.0,946.0,946.0,947.0,381966,83,1,947.0,946.0
812,2015-09-29,946.0,994.0,946.0,948.0,24724845,5206,10,947.0,994.0
813,2015-09-30,952.0,995.0,950.0,949.0,11688416,2467,8,948.0,995.0
814,2015-10-03,996.0,996.0,996.0,953.0,52827453,10899,8,949.0,996.0
815,2015-10-04,950.0,1001.0,950.0,954.0,13557000,2900,3,953.0,1001.0
816,2015-10-05,951.0,1001.0,951.0,956.0,24169829,4961,7,954.0,1001.0
817,2015-10-06,1003.0,1003.0,1003.0,956.0,1221000,250,1,956.0,1003.0
818,2015-10-07,1004.0,1004.0,1004.0,957.0,10991250,2250,2,956.0,1004.0
819,2015-10-10,1005.0,1005.0,1005.0,957.0,2445000,500,1,957.0,1005.0
820,2015-10-11,1005.0,1005.0,1005.0,960.0,32681662,6682,11,957.0,1005.0
821,2015-10-12,1008.0,1008.0,1008.0,960.0,2453000,500,1,960.0,1008.0
822,2015-10-13,1008.0,1008.0,1008.0,961.0,10206560,2080,4,960.0,1008.0
823,2015-10-14,1009.0,1009.0,974.0,994.0,366161054,74598,33,961.0,1007.0
824,2015-10-17,1009.0,1044.0,1009.0,1002.0,81656274,16082,16,994.0,1044.0
825,2015-10-18,1050.0,1052.0,1050.0,1004.0,22391614,4377,7,1002.0,1052.0
826,2015-10-19,1054.0,1054.0,1052.0,1028.0,254737978,49682,28,1004.0,1054.0
827,2015-10-20,1079.0,1079.0,1079.0,1035.0,74258028,14139,11,1028.0,1079.0
828,2015-10-21,1086.0,1086.0,1086.0,1040.0,55841294,10562,6,1035.0,1086.0
829,2015-10-25,1092.0,1092.0,1092.0,1046.0,55807500,10500,5,1040.0,1092.0
830,2015-10-26,1098.0,1098.0,1098.0,1059.0,133681860,25020,8,1046.0,1098.0
831,2015-10-27,1112.0,1112.0,1112.0,1082.0,237174400,43840,14,1059.0,1112.0
832,2015-10-28,1136.0,1136.0,1136.0,1136.0,1266700848,229060,61,1082.0,1136.0
833,2015-10-31,1165.0,1193.0,1089.0,1190.0,2593806630,447822,162,1136.0,1193.0
834,2015-11-01,1249.0,1249.0,1233.0,1249.0,1965854720,323495,118,1190.0,1249.0
835,2015-11-02,1311.0,1311.0,1294.0,1309.0,881094942,138281,59,1249.0,1311.0
836,2015-11-03,1375.0,1375.0,1375.0,1375.0,624745650,93385,20,1309.0,1375.0
837,2015-11-04,1443.0,1443.0,1306.0,1378.0,4085757837,609209,279,1375.0,1306.0
838,2015-11-07,1309.0,1309.0,1309.0,1350.0,240632208,37764,22,1378.0,1309.0
839,2015-11-08,1283.0,1283.0,1283.0,1339.0,96766500,15500,4,1350.0,1283.0
840,2015-11-09,1272.0,1272.0,1272.0,1331.0,66873600,10800,2,1339.0,1272.0
841,2015-11-10,1265.0,1265.0,1265.0,1327.0,32011200,5200,2,1331.0,1265.0
842,2015-11-11,1261.0,1261.0,1261.0,1325.0,22035420,3590,3,1327.0,1261.0
843,2015-11-14,1259.0,1259.0,1259.0,1322.0,30463444,4972,6,1325.0,1259.0
844,2015-11-15,1256.0,1256.0,1256.0,1319.0,24444000,4000,2,1322.0,1256.0
845,2015-11-16,1253.0,1253.0,1253.0,1315.0,31709600,5200,3,1319.0,1253.0
846,2015-11-17,1249.0,1249.0,1249.0,1313.0,18240000,3000,2,1315.0,1249.0
847,2015-11-18,1247.0,1247.0,1247.0,1310.0,24284000,4000,1,1313.0,1247.0
848,2015-11-21,1245.0,1245.0,1245.0,1306.0,36348000,6000,2,1310.0,1245.0
849,2015-11-22,1241.0,1241.0,1241.0,1304.0,19687140,3260,2,1306.0,1241.0
850,2015-11-23,1239.0,1239.0,1239.0,1301.0,24112000,4000,2,1304.0,1239.0
851,2015-11-24,1236.0,1236.0,1236.0,1295.0,46959105,7807,6,1301.0,1236.0
852,2015-11-28,1231.0,1231.0,1231.0,1295.0,5349070,893,1,1295.0,1231.0
853,2015-11-29,1230.0,1230.0,1230.0,1294.0,6406090,1070,2,1295.0,1230.0
854,2015-11-30,1229.0,1229.0,1229.0,1293.0,8018560,1340,3,1294.0,1229.0
855,2015-12-01,1228.0,1228.0,1228.0,1292.0,8310810,1390,1,1293.0,1228.0
856,2015-12-06,1227.0,1227.0,1227.0,1292.0,1194800,200,1,1292.0,1227.0
857,2015-12-07,1227.0,1227.0,1227.0,1292.0,1552980,260,1,1292.0,1227.0
858,2015-12-09,1227.0,1227.0,1227.0,1290.0,10391280,1740,2,1292.0,1227.0
859,2015-12-21,1226.0,1226.0,1226.0,1290.0,2386400,400,1,1290.0,1226.0
860,2015-12-23,1226.0,1226.0,1226.0,1290.0,29830,5,1,1290.0,1226.0
861,2015-12-28,1226.0,1226.0,1226.0,1290.0,59660,10,1,1290.0,1226.0
862,2015-12-30,1226.0,1226.0,1226.0,1226.0,596600000,100000,13,1290.0,1226.0
863,2016-01-02,1165.0,1236.0,1165.0,1179.0,1295432670,225762,131,1226.0,1231.0
864,2016-01-03,1179.0,1233.0,1120.0,1161.0,350196398,62478,58,1179.0,1120.0
865,2016-01-04,1103.0,1169.0,1103.0,1148.0,297149790,53612,88,1161.0,1110.0
866,2016-01-05,1130.0,1163.0,1091.0,1108.0,815402019,151246,89,1148.0,1110.0
867,2016-01-18,1068.0,1161.0,1068.0,1129.0,388477080,70258,39,1108.0,1159.0
868,2016-01-19,1130.0,1185.0,1130.0,1171.0,440046239,76648,69,1129.0,1165.0
869,2016-01-20,1229.0,1229.0,1192.0,1219.0,541351761,91191,58,1171.0,1229.0
870,2016-01-23,1279.0,1279.0,1253.0,1271.0,503338883,80844,38,1219.0,1279.0
871,2016-01-24,1333.0,1333.0,1274.0,1278.0,241128129,38446,32,1271.0,1284.0
872,2016-01-25,1315.0,1315.0,1214.0,1224.0,569094592,95572,60,1278.0,1214.0
873,2016-01-26,1184.0,1212.0,1163.0,1181.0,485216833,84761,85,1224.0,1192.0
874,2016-01-27,1167.0,1167.0,1122.0,1133.0,456325880,83210,27,1181.0,1122.0
875,2016-01-30,1130.0,1130.0,1076.0,1093.0,379532471,72128,32,1133.0,1079.0
876,2016-01-31,1043.0,1043.0,1038.0,1065.0,244102429,48243,32,1093.0,1039.0
877,2016-02-01,1070.0,1119.0,1070.0,1115.0,491128348,90383,58,1065.0,1119.0
878,2016-02-02,1145.0,1167.0,1145.0,1134.0,246717583,43903,23,1115.0,1146.0
879,2016-02-03,1128.0,1171.0,1077.0,1081.0,1007700397,191469,52,1134.0,1077.0
880,2016-02-06,1069.0,1069.0,1068.0,1081.0,26005000,5000,5,1081.0,1068.0
881,2016-02-07,1068.0,1110.0,1036.0,1052.0,656625394,128280,48,1081.0,1079.0
882,2016-02-08,1054.0,1086.0,1028.0,1043.0,424931992,83772,31,1052.0,1064.0
883,2016-02-09,1029.0,1076.0,1029.0,1043.0,650136366,128073,81,1043.0,1046.0
884,2016-02-10,1066.0,1089.0,1017.0,1043.0,1351193654,266075,62,1043.0,1023.0
885,2016-02-13,1001.0,1089.0,1001.0,1045.0,25345800,4850,9,1043.0,1068.0
886,2016-02-14,1027.0,1085.0,1027.0,1047.0,91066428,17700,20,1045.0,1042.0
887,2016-02-15,1027.0,1042.0,1027.0,1042.0,143805978,28679,28,1047.0,1028.0
888,2016-02-16,1028.0,1035.0,997.0,1029.0,739756687,147687,25,1042.0,1035.0
889,2016-02-17,1026.0,1056.0,1026.0,1029.0,31655350907,6319627,19,1029.0,1038.0
890,2016-02-20,982.0,1017.0,982.0,1027.0,38018100,7830,12,1029.0,995.0
891,2016-02-21,1036.0,1038.0,992.0,1018.0,182852941,37420,16,1027.0,1038.0
892,2016-02-22,1027.0,1027.0,994.0,1017.0,105786809,21492,10,1018.0,1027.0
893,2016-02-23,992.0,1027.0,991.0,1016.0,56261325,11438,9,1017.0,1027.0
894,2016-02-24,990.0,1058.0,990.0,1016.0,4686830,949,5,1016.0,1048.0
895,2016-02-27,1057.0,1067.0,1057.0,1032.0,171557338,33102,25,1016.0,1067.0
896,2016-02-28,1084.0,1084.0,1052.0,1048.0,198549142,37972,28,1032.0,1084.0
897,2016-02-29,1083.0,1086.0,1015.0,1053.0,119097485,22850,17,1048.0,1016.0
898,2016-03-01,1016.0,1058.0,1008.0,1050.0,49787836,10042,15,1053.0,1046.0
899,2016-03-02,1010.0,1045.0,1010.0,1048.0,81422114,16138,6,1050.0,1045.0
900,2016-03-05,1078.0,1078.0,1003.0,1046.0,175955449,34653,19,1048.0,1048.0
901,2016-03-06,1046.0,1076.0,1046.0,1046.0,10203794,1980,8,1046.0,1076.0
902,2016-03-08,1027.0,1058.0,1027.0,1046.0,46330300,9084,6,1046.0,1058.0
903,2016-03-09,1048.0,1060.0,994.0,1045.0,46799600,9328,12,1046.0,1048.0
904,2016-03-12,1048.0,1097.0,1045.0,1045.0,26692790302,5246701,499,1045.0,1097.0
905,2016-03-14,1098.0,1098.0,1048.0,1062.0,378486207,72835,35,1045.0,1048.0
906,2016-03-15,1062.0,1062.0,1062.0,1062.0,15163610,2933,3,1062.0,1062.0
907,2016-03-16,1097.0,1097.0,1062.0,1065.0,96102688,18274,16,1062.0,1092.0
908,2016-03-26,1066.0,1085.0,1066.0,1066.0,48626880,9352,5,1065.0,1085.0
909,2016-03-28,1089.0,1093.0,1066.0,1074.0,234451141,44427,12,1066.0,1093.0
910,2016-03-29,1099.0,1099.0,1098.0,1074.0,2406500,450,2,1074.0,1098.0
911,2016-03-30,1097.0,1097.0,1075.0,1074.0,39625993,7570,7,1074.0,1075.0
912,2016-04-02,1075.0,1077.0,1025.0,1074.0,340432634,65099,42,1074.0,1075.0
913,2016-04-03,1075.0,1089.0,1025.0,1075.0,49723628,9500,8,1074.0,1087.0
914,2016-04-04,1075.0,1088.0,1028.0,1075.0,52001140,9940,9,1075.0,1088.0
915,2016-04-05,1075.0,1084.0,1075.0,1077.0,251826792,47909,13,1075.0,1083.0
916,2016-04-06,1085.0,1085.0,1085.0,1077.0,5280000,1000,1,1077.0,1085.0
917,2016-04-09,1068.0,1101.0,1068.0,1077.0,482586928,92048,40,1077.0,1087.0
918,2016-04-10,1069.0,1097.0,1023.0,1053.0,876802000,171100,26,1077.0,1082.0
919,2016-04-11,1029.0,1089.0,1029.0,1058.0,530402472,103000,13,1053.0,1086.0
920,2016-04-12,1036.0,1105.0,1017.0,1058.0,2336714570,453616,64,1058.0,1105.0
921,2016-04-13,1089.0,1089.0,1089.0,1059.0,8674463,1637,2,1058.0,1089.0
922,2016-04-16,1074.0,1088.0,1027.0,1055.0,69173601,13739,9,1059.0,1028.0
923,2016-04-17,1027.0,1027.0,1027.0,1055.0,10995000,2199,2,1055.0,1027.0
924,2016-04-18,1028.0,1084.0,1028.0,1038.0,52695693150,10430120,1015,1055.0,1084.0
925,2016-04-19,1042.0,1042.0,1042.0,1038.0,15190640,2995,1,1038.0,1042.0
926,2016-04-20,1087.0,1088.0,1033.0,1039.0,12349764,2334,5,1038.0,1088.0
927,2016-04-23,1084.0,1084.0,1064.0,1040.0,6724712,1294,4,1039.0,1066.0
928,2016-04-24,1079.0,1079.0,1079.0,1040.0,5586000,1064,1,1040.0,1079.0
929,2016-04-25,1076.0,1089.0,1031.0,1032.0,52955858259,10544950,1050,1040.0,1089.0
930,2016-04-26,1083.0,1083.0,1083.0,1033.0,12255750,2325,3,1032.0,1083.0
931,2016-04-27,1085.0,1085.0,1048.0,1035.0,15530430,2961,3,1033.0,1048.0
932,2016-04-30,1048.0,1086.0,1031.0,1033.0,15816943608,3146971,328,1035.0,1086.0
933,2016-05-01,1083.0,1083.0,1079.0,1040.0,78557924,14916,4,1033.0,1079.0
934,2016-05-03,1089.0,1089.0,1087.0,1041.0,14028500,2650,4,1040.0,1087.0
935,2016-05-04,1038.0,1048.0,1038.0,1041.0,1570630,309,3,1041.0,1042.0
936,2016-05-08,1037.0,1037.0,1037.0,1041.0,33296608,6596,1,1041.0,1037.0
937,2016-05-09,1040.0,1068.0,1040.0,1041.0,5042200,975,2,1041.0,1068.0
938,2016-05-11,1030.0,1048.0,1030.0,1041.0,26543375,5225,5,1041.0,1048.0
939,2016-05-14,1031.0,1051.0,1031.0,1032.0,6934745440,1381222,122,1041.0,1051.0
940,2016-05-15,1081.0,1081.0,1048.0,1035.0,71361161,13899,10,1032.0,1048.0
941,2016-05-16,1038.0,1064.0,1035.0,1036.0,3823117048,758380,36,1035.0,1064.0
942,2016-05-17,1036.0,1040.0,1036.0,1036.0,16639300,3300,3,1036.0,1040.0
943,2016-05-18,1082.0,1082.0,1026.0,1036.0,37435296,7375,9,1036.0,1027.0
944,2016-05-21,1058.0,1058.0,1036.0,1038.0,85935000,16900,3,1036.0,1036.0
945,2016-05-23,1028.0,1090.0,1027.0,1053.0,822216090,160379,19,1038.0,1090.0
946,2016-05-24,1031.0,1068.0,1031.0,1031.0,21737848775,4330024,378,1053.0,1068.0
947,2016-05-25,1081.0,1083.0,1081.0,1042.0,110855441,21032,13,1031.0,1083.0
948,2016-05-28,1094.0,1094.0,1048.0,1049.0,1139399070,223126,27,1042.0,1094.0
949,2016-05-31,1102.0,1102.0,1099.0,1060.0,107878336,20128,10,1049.0,1102.0
950,2016-06-01,1112.0,1112.0,1112.0,1061.0,8850760,1636,2,1060.0,1112.0
951,2016-06-05,1068.0,1112.0,1068.0,1074.0,131349180,24279,4,1061.0,1112.0
952,2016-06-06,1112.0,1112.0,1112.0,1074.0,5961820,1102,3,1074.0,1112.0
953,2016-06-11,1032.0,1110.0,1032.0,1075.0,34575200,6507,9,1074.0,1107.0
954,2016-06-12,1110.0,1112.0,1033.0,1075.0,20702400,3965,8,1075.0,1033.0
955,2016-06-13,1068.0,1110.0,1068.0,1075.0,46963000,9000,3,1075.0,1110.0
956,2016-06-14,1110.0,1110.0,1109.0,1080.0,71494258,13242,7,1075.0,1109.0
957,2016-06-15,1068.0,1107.0,1034.0,1078.0,34260748,6649,9,1080.0,1107.0
958,2016-06-18,1099.0,1099.0,1099.0,1079.0,8292500,1550,3,1078.0,1099.0
959,2016-06-19,1036.0,1097.0,1036.0,1080.0,55463875,10417,13,1079.0,1097.0
960,2016-06-20,1080.0,1095.0,1080.0,1081.0,9198912744,1748814,179,1080.0,1095.0
961,2016-06-21,1096.0,1096.0,1096.0,1081.0,1141262,214,1,1081.0,1096.0
962,2016-06-22,1058.0,1089.0,1058.0,1064.0,378689600,73498,7,1081.0,1089.0
963,2016-06-25,1051.0,1096.0,1050.0,1063.0,20896850,4065,4,1064.0,1096.0
964,2016-06-26,1091.0,1091.0,1089.0,1063.0,3464640,653,3,1063.0,1089.0
965,2016-06-28,1050.0,1053.0,1050.0,1063.0,19414601,3794,5,1063.0,1053.0
966,2016-06-29,1053.0,1109.0,1053.0,1069.0,73961926,13751,18,1063.0,1108.0
967,2016-07-02,1053.0,1109.0,1053.0,1072.0,38112331,7069,7,1069.0,1109.0
968,2016-07-03,1073.0,1113.0,1073.0,1074.0,85456515,16189,8,1072.0,1074.0
969,2016-07-04,1107.0,1107.0,1103.0,1076.0,41017918,7633,4,1074.0,1107.0
970,2016-07-05,1099.0,1099.0,1059.0,1079.0,62972674,11826,7,1076.0,1099.0
971,2016-07-09,1069.0,1122.0,1051.0,1077.0,30459925,5950,5,1079.0,1122.0
972,2016-07-10,1089.0,1123.0,1058.0,1077.0,4082172,763,6,1077.0,1058.0
973,2016-07-11,1077.0,1099.0,1023.0,1076.0,67414205,12940,22,1077.0,1099.0
974,2016-07-19,1032.0,1034.0,1032.0,1076.0,6010000,1200,2,1076.0,1034.0
975,2016-07-20,1106.0,1114.0,1032.0,1077.0,30001200,5590,7,1076.0,1032.0
976,2016-07-23,1024.0,1024.0,1024.0,1077.0,1736350,350,1,1077.0,1024.0
977,2016-07-25,1042.0,1042.0,1032.0,1073.0,50172000,10000,3,1077.0,1034.0
978,2016-07-27,1032.0,1053.0,1032.0,1067.0,119536500,23500,7,1073.0,1053.0
979,2016-08-01,1026.0,1026.0,1026.0,1067.0,4972000,1000,1,1067.0,1026.0
980,2016-08-02,1024.0,1024.0,1024.0,1066.0,6653100,1340,3,1067.0,1024.0
981,2016-08-03,1032.0,1042.0,1025.0,1064.0,21117000,4250,4,1066.0,1042.0
982,2016-08-08,1052.0,1052.0,1052.0,1064.0,10656800,2090,3,1064.0,1052.0
983,2016-08-09,1022.0,1022.0,1011.0,1063.0,5941801,1210,2,1064.0,1011.0
984,2016-08-10,1014.0,1014.0,1014.0,1062.0,11791085,2399,1,1063.0,1014.0
985,2016-08-14,1042.0,1042.0,1042.0,1062.0,7576460,1500,3,1062.0,1042.0
986,2016-08-15,1052.0,1052.0,1052.0,1062.0,2550000,500,1,1062.0,1052.0
987,2016-08-16,1067.0,1067.0,1067.0,1062.0,21869100,4230,3,1062.0,1067.0
988,2016-08-22,1059.0,1061.0,1059.0,1062.0,5189900,1010,3,1062.0,1061.0
989,2016-08-23,1042.0,1042.0,1042.0,1062.0,4368650,865,2,1062.0,1042.0
990,2016-08-27,1009.0,1042.0,1009.0,1060.0,40402750,8035,7,1062.0,1010.0
991,2016-08-28,1042.0,1042.0,1042.0,1059.0,15150000,3000,1,1060.0,1042.0
992,2016-08-30,1042.0,1042.0,1042.0,1059.0,15150000,3000,2,1059.0,1042.0
993,2016-09-04,1011.0,1011.0,1006.0,1057.0,19505300,4000,2,1059.0,1006.0
994,2016-09-05,1050.0,1050.0,1050.0,1056.0,50899788,10001,7,1057.0,1050.0
995,2016-09-07,1032.0,1032.0,1032.0,1056.0,10000000,2000,3,1056.0,1032.0
996,2016-09-10,1003.0,1003.0,1003.0,1054.0,10647190,2190,5,1056.0,1003.0
997,2016-09-11,1003.0,1050.0,1003.0,1052.0,37215720,7500,9,1054.0,1050.0
998,2016-09-13,1000.0,1000.0,1000.0,1052.0,2423000,500,1,1052.0,1000.0
999,2016-09-14,1000.0,1000.0,1000.0,1051.0,4652160,960,2,1052.0,1000.0
1000,2016-09-18,999.0,999.0,999.0,1051.0,2421000,500,1,1051.0,999.0
1001,2016-09-19,999.0,999.0,999.0,1051.0,48410,10,1,1051.0,999.0
1002,2016-09-21,1050.0,1050.0,1050.0,1051.0,28198600,5540,3,1051.0,1050.0
1003,2016-09-24,999.0,1052.0,999.0,1043.0,108453458,22067,15,1051.0,1042.0
1004,2016-09-25,991.0,991.0,991.0,1040.0,23697870,4935,6,1043.0,991.0
1005,2016-09-26,992.0,992.0,988.0,1032.0,71234820,14862,8,1040.0,988.0
1006,2016-09-27,981.0,988.0,981.0,1025.0,76236892,15964,7,1032.0,981.0
1007,2016-09-28,990.0,1021.0,990.0,1024.0,4837200,1000,2,1025.0,1021.0
1008,2016-10-01,973.0,973.0,973.0,1021.0,32311750,6850,3,1024.0,973.0
1009,2016-10-02,970.0,971.0,970.0,1020.0,7055250,1500,3,1021.0,971.0
1010,2016-10-03,1032.0,1071.0,1032.0,1065.0,1103305534,213701,50,1020.0,1071.0
1011,2016-10-04,1119.0,1119.0,1119.0,1119.0,560699451,103431,39,1065.0,1119.0
1012,2016-10-05,1174.0,1174.0,1174.0,1162.0,446713852,78481,25,1119.0,1174.0
1013,2016-10-08,1220.0,1220.0,1220.0,1220.0,551091600,93200,31,1162.0,1220.0
1014,2016-10-09,1281.0,1281.0,1159.0,1191.0,645280592,111824,63,1220.0,1159.0
1015,2016-10-10,1131.0,1131.0,1131.0,1149.0,361198108,65876,18,1191.0,1131.0
1016,2016-10-15,1091.0,1091.0,1091.0,1127.0,188958800,35720,9,1149.0,1091.0
1017,2016-10-16,1071.0,1087.0,1071.0,1105.0,198347100,38149,13,1127.0,1077.0
1018,2016-10-17,1134.0,1134.0,1134.0,1105.0,1099600,200,1,1105.0,1134.0
1019,2016-10-18,1074.0,1074.0,1050.0,1100.0,47429352,9242,12,1105.0,1050.0
1020,2016-10-19,1050.0,1050.0,1050.0,1099.0,12075024,2373,3,1100.0,1050.0
1021,2016-10-22,1050.0,1054.0,1050.0,1096.0,33985204,6678,10,1099.0,1054.0
1022,2016-10-23,1048.0,1048.0,1041.0,1061.0,308059325,60975,12,1096.0,1041.0
1023,2016-10-24,1041.0,1041.0,1040.0,1061.0,3908875,775,2,1061.0,1040.0
1024,2016-10-25,1093.0,1094.0,1063.0,1067.0,123203290,23442,17,1061.0,1073.0
1025,2016-10-26,1073.0,1073.0,1067.0,1067.0,36353000,7015,4,1067.0,1073.0
1026,2016-10-29,1035.0,1074.0,1035.0,1067.0,33759530,6570,12,1067.0,1053.0
1027,2016-10-30,1094.0,1120.0,1093.0,1108.0,445146340,82339,69,1067.0,1120.0
1028,2016-12-03,1173.0,1232.0,1172.0,1229.0,1461597066,587666,132,1108.0,1232.0
1029,2016-12-04,1274.0,1274.0,1168.0,1184.0,638985391,267294,88,1229.0,1169.0
1030,2016-12-05,1137.0,1186.0,1127.0,1172.0,155096671,67432,46,1184.0,1128.0
1031,2016-12-06,1196.0,1196.0,1136.0,1172.0,128656282,54350,19,1172.0,1174.0
1032,2016-12-07,1206.0,1206.0,1117.0,1160.0,272346600,117661,36,1172.0,1117.0
1033,2016-12-10,1209.0,1209.0,1123.0,1157.0,56965364,24992,13,1160.0,1123.0
1034,2016-12-11,1123.0,1123.0,1117.0,1149.0,136262553,60167,28,1157.0,1122.0
1035,2016-12-12,1102.0,1115.0,1102.0,1145.0,54818811,24566,12,1149.0,1104.0
1036,2016-12-13,1115.0,1136.0,1097.0,1141.0,90286294,40010,13,1145.0,1103.0
1037,2016-12-14,1089.0,1089.0,1087.0,1133.0,93118264,42317,27,1141.0,1087.0
1038,2016-12-18,1133.0,1133.0,1098.0,1133.0,5780419366,2522067,9,1133.0,1098.0
1039,2016-12-19,1087.0,1125.0,1087.0,1131.0,54039751,23964,10,1133.0,1102.0
1040,2016-12-20,1078.0,1131.0,1078.0,1131.0,26544504771,11596759,20,1131.0,1089.0
1041,2016-12-21,1087.0,1093.0,1081.0,1130.0,12584636,5732,5,1131.0,1081.0
1042,2016-12-24,1078.0,1078.0,1074.0,1126.0,52877520,24280,8,1130.0,1074.0
1043,2016-12-25,1081.0,1081.0,1074.0,1125.0,15573412,7142,4,1126.0,1074.0
1044,2016-12-26,1074.0,1074.0,1069.0,1122.0,32678819,15093,8,1125.0,1069.0
1045,2016-12-27,1067.0,1067.0,1066.0,1118.0,44386590,20570,13,1122.0,1066.0
1046,2016-12-28,1062.0,1087.0,1062.0,1110.0,88822238,41262,17,1118.0,1062.0
1047,2016-12-31,1063.0,1063.0,1058.0,1110.0,6292350,2929,4,1110.0,1058.0
1048,2017-01-01,1054.0,1055.0,1054.0,1106.0,41436392,19424,13,1110.0,1054.0
1049,2017-01-02,1051.0,1051.0,1051.0,1104.0,14741684,6934,8,1106.0,1051.0
1050,2017-01-03,1050.0,1050.0,1049.0,1103.0,13846083,6521,6,1104.0,1049.0
1051,2017-01-04,1048.0,1048.0,1048.0,1101.0,19501880,9199,10,1103.0,1048.0
1052,2017-01-07,1046.0,1078.0,1046.0,1082.0,221977253,104419,27,1101.0,1046.0
1053,2017-01-08,1029.0,1068.0,1029.0,1081.0,24797251,11521,5,1082.0,1062.0
1054,2017-01-09,1062.0,1073.0,1029.0,1081.0,3515490,1655,3,1081.0,1029.0
1055,2017-01-11,1028.0,1076.0,1028.0,1079.0,71625564,33260,10,1081.0,1076.0
1056,2017-01-14,1028.0,1076.0,1028.0,1076.0,57817980,27263,12,1079.0,1068.0
1057,2017-01-15,1068.0,1073.0,1031.0,1074.0,44470110,20965,7,1076.0,1039.0
1058,2017-01-16,1044.0,1076.0,1044.0,1074.0,31787068,14639,6,1074.0,1076.0
1059,2017-01-17,1077.0,1077.0,1044.0,1074.0,3835920,1785,3,1074.0,1044.0
1060,2017-01-21,1044.0,1044.0,1043.0,1072.0,46125088,21849,2,1074.0,1043.0
1061,2017-01-23,1031.0,1086.0,1031.0,1072.0,69277494,31858,10,1072.0,1086.0
1062,2017-01-24,1086.0,1097.0,1048.0,1072.0,35311936,16274,10,1072.0,1048.0
1063,2017-01-25,1063.0,1107.0,1058.0,1072.0,14553920,6730,8,1072.0,1063.0
1064,2017-01-28,1063.0,1063.0,1038.0,1071.0,23676476,11216,7,1072.0,1038.0
1065,2017-01-29,1043.0,1043.0,1043.0,1071.0,5277500,2500,2,1071.0,1043.0
1066,2017-01-31,1039.0,1039.0,1039.0,1070.0,21010000,10000,2,1071.0,1039.0
1067,2017-02-04,1087.0,1098.0,1087.0,1070.0,13729609,6229,2,1070.0,1098.0
1068,2017-02-05,1038.0,1038.0,1038.0,1068.0,40141500,19115,2,1070.0,1038.0
1069,2017-02-07,1040.0,1041.0,1038.0,1068.0,4208845,2000,3,1068.0,1041.0
1070,2017-02-08,1041.0,1041.0,1041.0,1068.0,4346262,2063,2,1068.0,1041.0
1071,2017-02-11,1024.0,1024.0,1024.0,1068.0,9319500,4500,4,1068.0,1024.0
1072,2017-02-12,1038.0,1038.0,1038.0,1067.0,10500000,5000,1,1068.0,1038.0
1073,2017-02-13,1038.0,1038.0,1018.0,1065.0,42653340,20389,9,1067.0,1038.0
1074,2017-02-20,1048.0,1048.0,1048.0,1063.0,59773400,28195,6,1065.0,1048.0
1075,2017-02-21,1048.0,1048.0,1048.0,1063.0,1057880,499,1,1063.0,1048.0
1076,2017-02-25,1078.0,1078.0,1078.0,1063.0,1744000,800,1,1063.0,1078.0
1077,2017-02-26,1053.0,1053.0,1053.0,1063.0,2300400,1080,2,1063.0,1053.0
1078,2017-02-27,1063.0,1063.0,1063.0,1063.0,1075000,500,1,1063.0,1063.0
1079,2017-02-28,1063.0,1063.0,1021.0,1063.0,28365650,13295,5,1063.0,1021.0
1080,2017-03-04,1083.0,1083.0,1083.0,1063.0,7011200,3200,1,1063.0,1083.0
1081,2017-03-05,1018.0,1018.0,1016.0,1060.0,33991400,16525,4,1063.0,1016.0
1082,2017-03-06,1016.0,1016.0,1016.0,1060.0,4395728,2138,1,1060.0,1016.0
1083,2017-03-11,1023.0,1038.0,1007.0,1059.0,12515800,6060,7,1060.0,1007.0
1084,2017-03-12,1008.0,1013.0,1008.0,1056.0,39696100,19364,4,1059.0,1013.0
1085,2017-03-14,1011.0,1014.0,1011.0,1054.0,25014154,12199,3,1056.0,1014.0
1086,2017-03-26,1058.0,1058.0,1058.0,1054.0,23540000,11000,2,1054.0,1058.0
1087,2017-04-04,1012.0,1013.0,1012.0,1053.0,10658500,5200,5,1054.0,1013.0
1088,2017-04-05,1038.0,1042.0,1008.0,1051.0,26638800,12993,6,1053.0,1042.0
1089,2017-04-08,1010.0,1010.0,1010.0,1050.0,8969425,4390,3,1051.0,1010.0
1090,2017-04-09,1038.0,1038.0,1038.0,1050.0,1014300,483,1,1050.0,1038.0
1091,2017-04-10,1010.0,1033.0,1008.0,1049.0,24138118,11710,7,1050.0,1008.0
1092,2017-04-12,1028.0,1101.0,1028.0,1068.0,521932089,240868,64,1049.0,1101.0
1093,2017-04-15,1053.0,1101.0,1053.0,1068.0,19499856,9000,10,1068.0,1101.0
1094,2017-04-16,1038.0,1038.0,1015.0,1027.0,518635450,250800,20,1068.0,1021.0
1095,2017-04-18,981.0,1030.0,981.0,1009.0,378522000,185500,32,1027.0,1030.0
1096,2017-04-19,989.0,1056.0,964.0,968.0,1273287148,650057,76,1009.0,1010.0
1097,2017-04-22,998.0,1016.0,976.0,977.0,108964348,53204,19,968.0,1016.0
1098,2017-04-23,1025.0,1025.0,1023.0,979.0,31701460,15290,8,977.0,1025.0
1099,2017-04-24,989.0,1028.0,989.0,980.0,12621120,6078,4,979.0,1028.0
1100,2017-04-26,1029.0,1029.0,1029.0,980.0,2706600,1300,2,980.0,1029.0
1101,2017-04-29,1029.0,1029.0,1029.0,1001.0,253585518,121799,22,980.0,1029.0
1102,2017-04-30,1051.0,1051.0,1051.0,1018.0,200357019,94197,9,1001.0,1051.0
1103,2017-05-01,1069.0,1069.0,1069.0,1033.0,172244016,79632,10,1018.0,1069.0
1104,2017-05-02,1084.0,1084.0,1084.0,1035.0,28509000,13000,2,1033.0,1084.0
1105,2017-05-03,1086.0,1086.0,1086.0,1036.0,4396000,2000,2,1035.0,1086.0
1106,2017-05-06,1087.0,1087.0,1087.0,1044.0,100206231,45569,4,1036.0,1087.0
1107,2017-05-07,1096.0,1096.0,1096.0,1065.0,246013839,110967,18,1044.0,1096.0
1108,2017-05-08,1118.0,1118.0,1118.0,1085.0,215075364,95124,9,1065.0,1118.0
1109,2017-05-09,1139.0,1139.0,1121.0,1139.0,2453457423,1067479,86,1085.0,1139.0
1110,2017-05-10,1195.0,1195.0,1195.0,1186.0,554385652,229845,26,1139.0,1195.0
1111,2017-05-13,1245.0,1245.0,1185.0,1224.0,478524590,190888,36,1186.0,1245.0
1112,2017-05-14,1285.0,1285.0,1285.0,1230.0,67822508,26156,4,1224.0,1285.0
1113,2017-05-15,1291.0,1291.0,1291.0,1237.0,80926930,31066,6,1230.0,1291.0
1114,2017-05-16,1298.0,1298.0,1298.0,1239.0,26190000,10000,3,1237.0,1298.0
1115,2017-05-17,1300.0,1300.0,1300.0,1246.0,82627123,31501,9,1239.0,1300.0
1116,2017-05-20,1308.0,1308.0,1308.0,1279.0,395998094,150113,30,1246.0,1308.0
1117,2017-05-21,1343.0,1343.0,1343.0,1310.0,374153535,138115,28,1279.0,1343.0
1118,2017-05-22,1376.0,1376.0,1376.0,1322.0,142203376,51226,10,1310.0,1376.0
1119,2017-05-23,1388.0,1388.0,1388.0,1353.0,364130000,130000,16,1322.0,1388.0
1120,2017-05-24,1421.0,1421.0,1421.0,1421.0,806779000,281500,45,1353.0,1421.0
1121,2017-05-27,1491.0,1491.0,1350.0,1423.0,1193986188,415722,98,1421.0,1363.0
1122,2017-05-28,1353.0,1363.0,1353.0,1410.0,146184088,53554,21,1423.0,1353.0
1123,2017-05-29,1340.0,1340.0,1340.0,1397.0,139204500,51500,9,1410.0,1340.0
1124,2017-05-30,1328.0,1328.0,1328.0,1395.0,20355042,7598,5,1397.0,1328.0
1125,2017-06-03,1326.0,1465.0,1326.0,1417.0,4297703553,1503468,225,1395.0,1388.0
1126,2017-06-06,1417.0,1417.0,1347.0,1402.0,190788314,69626,32,1417.0,1347.0
1127,2017-06-07,1402.0,1402.0,1332.0,1386.0,176648516,65578,15,1402.0,1332.0
1128,2017-06-10,1317.0,1317.0,1317.0,1386.0,3455400,1300,3,1386.0,1317.0
1129,2017-06-12,1317.0,1317.0,1317.0,1385.0,3416902,1286,2,1386.0,1317.0
1130,2017-06-13,1316.0,1316.0,1316.0,1385.0,2066368,778,2,1385.0,1316.0
1131,2017-06-14,1316.0,1388.0,1316.0,1342.0,570291347,212872,33,1385.0,1375.0
1132,2017-06-17,1275.0,1375.0,1275.0,1330.0,133889196,51934,16,1342.0,1338.0
1133,2017-06-18,1263.0,1263.0,1263.0,1329.0,9821297,3853,3,1330.0,1263.0
1134,2017-06-19,1262.0,1338.0,1262.0,1324.0,114940278,43858,15,1329.0,1262.0
1135,2017-06-20,1258.0,1258.0,1258.0,1316.0,91213575,35925,6,1324.0,1258.0
1136,2017-06-21,1251.0,1254.0,1251.0,1312.0,43406730,17200,7,1316.0,1254.0
1137,2017-06-24,1247.0,1247.0,1247.0,1309.0,27536735,10949,9,1312.0,1247.0
1138,2017-06-25,1244.0,1244.0,1244.0,1303.0,67531550,26905,16,1309.0,1244.0
1139,2017-06-28,1238.0,1238.0,1238.0,1302.0,14208624,5688,6,1303.0,1238.0
1140,2017-07-01,1237.0,1237.0,1237.0,1301.0,2844300,1140,2,1302.0,1237.0
1141,2017-07-02,1236.0,1236.0,1236.0,1301.0,2494,1,1,1301.0,1236.0
1142,2017-07-03,1236.0,1236.0,1236.0,1301.0,249400,100,1,1301.0,1236.0
1143,2017-07-04,1236.0,1236.0,1236.0,1301.0,1012564,406,1,1301.0,1236.0
1144,2017-07-10,1120.0,1150.0,1120.0,1124.0,675662902,297939,25,1301.0,1140.0
1145,2017-07-11,1068.0,1165.0,1068.0,1087.0,2793311416,1272873,199,1124.0,1095.0
1146,2017-07-12,1141.0,1141.0,1073.0,1107.0,1082388593,484460,92,1087.0,1138.0
1147,2017-07-15,1107.0,1140.0,1090.0,1108.0,77965184,34719,18,1107.0,1134.0
1148,2017-07-16,1138.0,1138.0,1071.0,1107.0,98832603,44434,18,1108.0,1110.0
1149,2017-07-17,1090.0,1113.0,1058.0,1096.0,161402212,75040,25,1107.0,1059.0
1150,2017-07-18,1052.0,1052.0,1041.0,1042.0,1061572796,505074,113,1096.0,1041.0
1151,2017-07-19,1061.0,1081.0,1018.0,1045.0,67869219,31495,19,1042.0,1066.0
1152,2017-07-22,1051.0,1097.0,1051.0,1064.0,326625461,149748,37,1045.0,1097.0
1153,2017-07-23,1117.0,1117.0,1117.0,1095.0,364868504,161876,27,1064.0,1117.0
1154,2017-07-24,1135.0,1149.0,1071.0,1139.0,588872417,255152,62,1095.0,1149.0
1155,2017-07-25,1194.0,1195.0,1095.0,1143.0,127405847,54515,19,1139.0,1184.0
1156,2017-07-26,1150.0,1150.0,1110.0,1136.0,231325658,102171,15,1143.0,1132.0
1157,2017-07-29,1110.0,1130.0,1081.0,1126.0,175971332,79241,26,1136.0,1083.0
1158,2017-07-30,1104.0,1105.0,1070.0,1124.0,20431019,9429,9,1126.0,1090.0
1159,2017-07-31,1068.0,1071.0,1068.0,1119.0,50442189,23412,14,1124.0,1068.0
1160,2017-08-01,1095.0,1095.0,1071.0,1118.0,23537224,10842,6,1119.0,1071.0
1161,2017-08-02,1066.0,1099.0,1066.0,1112.0,133834100,60850,7,1118.0,1090.0
1162,2017-08-06,1090.0,1090.0,1058.0,1108.0,113124785,51458,5,1112.0,1090.0
1163,2017-08-07,1056.0,1090.0,1055.0,1107.0,11551806,5409,6,1108.0,1056.0
1164,2017-08-08,1085.0,1088.0,1053.0,1104.0,38488120,17996,7,1107.0,1088.0
1165,2017-08-09,1051.0,1081.0,1051.0,1097.0,80250130,37725,20,1104.0,1081.0
1166,2017-08-12,1051.0,1152.0,1051.0,1140.0,1015911223,441694,89,1097.0,1152.0
1167,2017-08-13,1175.0,1175.0,1103.0,1138.0,114891435,50263,12,1140.0,1138.0
1168,2017-08-14,1115.0,1115.0,1082.0,1130.0,108408369,49263,19,1138.0,1082.0
1169,2017-08-15,1138.0,1138.0,1095.0,1129.0,125036026,55180,11,1130.0,1138.0
1170,2017-08-16,1169.0,1169.0,1169.0,1129.0,1014370,430,1,1129.0,1169.0
1171,2017-08-19,1090.0,1090.0,1073.0,1122.0,73801073,34080,26,1129.0,1073.0
1172,2017-08-20,1066.0,1095.0,1066.0,1107.0,158332269,73579,22,1122.0,1066.0
1173,2017-08-21,1103.0,1103.0,1054.0,1107.0,8473822,3857,8,1107.0,1090.0
1174,2017-08-22,1053.0,1088.0,1053.0,1096.0,122524307,57603,24,1107.0,1088.0
1175,2017-08-23,1102.0,1102.0,1051.0,1095.0,24613360,11373,7,1096.0,1095.0
1176,2017-08-26,1051.0,1080.0,1051.0,1093.0,22268210,10489,4,1095.0,1080.0
1177,2017-08-27,1081.0,1081.0,1081.0,1093.0,1134640,520,1,1093.0,1081.0
1178,2017-08-28,1082.0,1082.0,1071.0,1093.0,19990620,9169,10,1093.0,1082.0
1179,2017-08-29,1048.0,1101.0,1041.0,1089.0,122047141,56348,18,1093.0,1101.0
1180,2017-08-30,1055.0,1055.0,1041.0,1076.0,175929200,83500,15,1089.0,1041.0
1181,2017-09-02,1051.0,1051.0,1027.0,1073.0,44593503,21146,10,1076.0,1027.0
1182,2017-09-03,1080.0,1081.0,1041.0,1073.0,90891752,41997,23,1073.0,1081.0
1183,2017-09-04,1041.0,1099.0,1036.0,1071.0,37905609,18023,23,1073.0,1076.0
1184,2017-09-05,1100.0,1100.0,1051.0,1077.0,135285019,61142,25,1071.0,1094.0
1185,2017-09-06,1076.0,1085.0,1042.0,1076.0,34058913,15812,13,1077.0,1085.0
1186,2017-09-10,1082.0,1101.0,1082.0,1077.0,20398781,9300,6,1076.0,1101.0
1187,2017-09-12,1032.0,1032.0,1031.0,1076.0,14605815,7015,4,1077.0,1032.0
1188,2017-09-13,1032.0,1035.0,1031.0,1070.0,85566664,41044,10,1076.0,1031.0
1189,2017-09-16,1031.0,1036.0,1031.0,1068.0,31979554,15334,11,1070.0,1031.0
1190,2017-09-17,1031.0,1121.0,1031.0,1114.0,720321250,320452,54,1068.0,1121.0
1191,2017-09-18,1170.0,1170.0,1170.0,1123.0,99613240,42209,10,1114.0,1170.0
1192,2017-09-19,1179.0,1179.0,1179.0,1179.0,665840000,280000,16,1123.0,1179.0
1193,2017-09-20,1236.0,1237.0,1127.0,1236.0,1751985454,702439,115,1179.0,1237.0
1194,2017-09-23,1237.0,1239.0,1190.0,1235.0,143284020,57808,15,1236.0,1190.0
1195,2017-09-24,1266.0,1268.0,1173.0,1233.0,68718100,27920,12,1235.0,1173.0
1196,2017-09-25,1191.0,1239.0,1180.0,1232.0,159856777,64563,17,1233.0,1180.0
1197,2017-09-26,1170.0,1171.0,1170.0,1194.0,408721711,173101,29,1232.0,1170.0
1198,2017-09-27,1145.0,1195.0,1140.0,1148.0,695647659,300340,35,1194.0,1195.0
1199,2017-10-02,1131.0,1131.0,1106.0,1125.0,367226604,164087,22,1148.0,1106.0
1200,2017-10-03,1115.0,1140.0,1081.0,1088.0,1405348814,639853,62,1125.0,1093.0
1201,2017-10-04,1115.0,1130.0,1058.0,1071.0,1831812217,847697,92,1088.0,1130.0
1202,2017-10-07,1125.0,1125.0,1074.0,1075.0,5181383916,2389205,238,1071.0,1125.0
1203,2017-10-08,1076.0,1083.0,1076.0,1075.0,14235770,6532,4,1075.0,1083.0
1204,2017-10-09,1124.0,1128.0,1118.0,1076.0,4380031,1927,4,1075.0,1128.0
1205,2017-10-10,1129.0,1129.0,1067.0,1079.0,36573425,16066,8,1076.0,1129.0
1206,2017-10-11,1084.0,1115.0,1084.0,1079.0,4479746,2008,2,1079.0,1115.0
1207,2017-10-14,1128.0,1128.0,1128.0,1079.0,8265075,3633,4,1079.0,1128.0
1208,2017-10-15,1091.0,1132.0,1090.0,1083.0,143531105,64818,23,1079.0,1090.0
1209,2017-10-16,1125.0,1125.0,1031.0,1055.0,364118897,174025,28,1083.0,1056.0
1210,2017-10-17,1056.0,1092.0,1041.0,1052.0,331900506,156689,30,1055.0,1055.0
1211,2017-10-18,1058.0,1087.0,1041.0,1054.0,249623813,117170,39,1052.0,1087.0
1212,2017-10-21,1046.0,1088.0,1046.0,1056.0,60756335,28022,36,1054.0,1088.0
1213,2017-10-22,1090.0,1090.0,1061.0,1061.0,172785430,79721,17,1056.0,1090.0
1214,2017-10-23,1066.0,1066.0,1066.0,1061.0,17618841,8191,6,1061.0,1066.0
1215,2017-10-24,1057.0,1058.0,1043.0,1058.0,178389178,84146,22,1061.0,1043.0
1216,2017-10-25,1066.0,1066.0,1046.0,1058.0,33662310,15941,8,1058.0,1047.0
1217,2017-10-28,1049.0,1080.0,1049.0,1058.0,14980757,6919,6,1058.0,1076.0
1218,2017-10-29,1046.0,1052.0,1046.0,1056.0,98249342,46498,8,1058.0,1047.0
1219,2017-10-30,1046.0,1046.0,1041.0,1053.0,110140908,52408,12,1056.0,1042.0
1220,2017-10-31,1047.0,1047.0,1041.0,1052.0,73676840,35000,6,1053.0,1041.0
1221,2017-11-01,1041.0,1076.0,1041.0,1053.0,28460534,13338,11,1052.0,1056.0
1222,2017-11-04,1051.0,1066.0,1021.0,1052.0,342625680,161628,21,1053.0,1066.0
1223,2017-11-05,1001.0,1061.0,1001.0,1052.0,7170400,3410,4,1052.0,1051.0
1224,2017-11-07,1041.0,1060.0,1041.0,1051.0,85355047,40528,7,1052.0,1041.0
1225,2017-11-08,1061.0,1061.0,1041.0,1050.0,39200643,18607,3,1051.0,1041.0
1226,2017-11-11,1046.0,1056.0,1046.0,1051.0,182123730,85813,8,1050.0,1046.0
1227,2017-11-12,1043.0,1056.0,1043.0,1050.0,123735905,58444,11,1051.0,1046.0
1228,2017-11-13,1041.0,1066.0,1041.0,1047.0,644462828,305075,25,1050.0,1066.0
1229,2017-11-14,1041.0,1075.0,1041.0,1047.0,61705273,29281,7,1047.0,1043.0
1230,2017-11-15,1041.0,1041.0,1041.0,1047.0,3046450,1450,1,1047.0,1041.0
1231,2017-11-18,1036.0,1036.0,998.0,1046.0,21017975,10271,8,1047.0,1016.0
1232,2017-11-20,1002.0,1002.0,1002.0,1046.0,594174,294,1,1046.0,1002.0
1233,2017-11-21,1021.0,1021.0,1011.0,1042.0,66301640,32491,5,1046.0,1011.0
1234,2017-11-22,1000.0,1000.0,1000.0,1042.0,1900014,942,1,1042.0,1000.0
1235,2017-11-26,1031.0,1043.0,1031.0,1042.0,315389975,150000,12,1042.0,1031.0
1236,2017-11-29,1031.0,1031.0,1031.0,1041.0,19094400,9180,3,1042.0,1031.0
1237,2017-12-02,999.0,999.0,999.0,1041.0,3326400,1650,1,1041.0,999.0
1238,2017-12-03,999.0,1040.0,999.0,1039.0,66815670,32211,12,1041.0,1040.0
1239,2017-12-04,1040.0,1040.0,1021.0,1036.0,116381219,56453,14,1039.0,1021.0
1240,2017-12-05,992.0,992.0,991.0,1035.0,6002000,3000,2,1036.0,991.0
1241,2017-12-09,998.0,1001.0,992.0,1018.0,247603392,123168,15,1035.0,992.0
1242,2017-12-11,991.0,1057.0,967.0,1009.0,138805888,70154,39,1018.0,1046.0
1243,2017-12-16,1056.0,1056.0,972.0,1009.0,12892512,6380,8,1009.0,972.0
1244,2017-12-17,972.0,984.0,972.0,1007.0,26282948,13271,9,1009.0,984.0
1245,2017-12-18,972.0,1036.0,957.0,1001.0,159321000,80000,9,1007.0,1036.0
1246,2017-12-19,967.0,1004.0,967.0,1000.0,45945000,23100,6,1001.0,1004.0
1247,2017-12-20,1031.0,1049.0,1031.0,1007.0,113643405,54434,20,1000.0,1049.0
1248,2017-12-23,991.0,991.0,991.0,1006.0,37996000,18998,9,1007.0,991.0
1249,2017-12-24,1019.0,1045.0,1019.0,1006.0,5090200,2450,2,1006.0,1045.0
1250,2017-12-25,997.0,1048.0,997.0,1006.0,5401884,2646,2,1006.0,1048.0
1251,2017-12-26,996.0,1040.0,996.0,1005.0,21149000,10500,3,1006.0,1040.0
1252,2017-12-27,1006.0,1006.0,998.0,1004.0,62412232,31000,4,1005.0,998.0
1253,2017-12-30,1053.0,1053.0,982.0,1004.0,32549752,15998,3,1004.0,982.0
1254,2017-12-31,1033.0,1033.0,1033.0,1004.0,4976592,2388,3,1004.0,1033.0
1255,2018-01-02,1050.0,1050.0,957.0,1004.0,7435995,3677,5,1004.0,1031.0
1256,2018-01-03,1025.0,1025.0,991.0,1004.0,17836526,8779,7,1004.0,996.0
1257,2018-01-06,984.0,987.0,976.0,1003.0,40130180,20193,9,1004.0,986.0
1258,2018-01-07,993.0,993.0,959.0,971.0,919184717,468972,36,1003.0,971.0
1259,2018-01-08,1007.0,1014.0,1007.0,972.0,13027512,6400,4,971.0,1014.0
1260,2018-01-09,991.0,991.0,976.0,973.0,8098500,4050,2,972.0,976.0
1261,2018-01-14,976.0,976.0,932.0,972.0,19639240,10273,3,973.0,932.0
1262,2018-01-15,942.0,942.0,938.0,971.0,10749631,5667,3,972.0,938.0
1263,2018-01-16,954.0,981.0,942.0,970.0,21133990,11000,7,971.0,981.0
1264,2018-01-17,942.0,942.0,932.0,968.0,27491840,14615,4,970.0,932.0
1265,2018-01-21,932.0,932.0,932.0,963.0,76589320,40739,4,968.0,932.0
1266,2018-01-23,932.0,932.0,932.0,962.0,26536200,14115,3,963.0,932.0
1267,2018-01-27,932.0,1001.0,932.0,964.0,42025700,21100,13,962.0,1001.0
1268,2018-01-28,1001.0,1001.0,1001.0,964.0,6057000,3000,2,964.0,1001.0
1269,2018-01-30,932.0,991.0,932.0,962.0,43704048,23052,7,964.0,991.0
1270,2018-01-31,933.0,933.0,933.0,962.0,3766000,2000,1,962.0,933.0
1271,2018-02-03,933.0,933.0,933.0,962.0,4705000,2500,1,962.0,933.0
1272,2018-02-04,934.0,934.0,932.0,961.0,10706114,5685,7,962.0,932.0
1273,2018-02-05,976.0,976.0,932.0,951.0,192058543,102019,20,961.0,932.0
1274,2018-02-06,932.0,942.0,924.0,950.0,15442150,8210,3,951.0,942.0
1275,2018-02-07,942.0,942.0,912.0,950.0,5075405,2716,3,950.0,912.0
1276,2018-02-10,907.0,907.0,907.0,950.0,1830000,1000,1,950.0,907.0
1277,2018-02-13,903.0,903.0,903.0,950.0,36440,20,2,950.0,903.0
1278,2018-02-17,935.0,935.0,935.0,950.0,23531622,12477,1,950.0,935.0
1279,2018-02-18,903.0,903.0,903.0,949.0,12523017,6877,7,950.0,903.0
1280,2018-02-19,902.0,902.0,902.0,946.0,30299083,16657,8,949.0,902.0
1281,2018-02-21,902.0,934.0,899.0,943.0,37087630,20206,11,946.0,934.0
1282,2018-02-24,899.0,899.0,899.0,942.0,9318820,5140,5,943.0,899.0
1283,2018-02-25,895.0,941.0,895.0,939.0,74563992,40273,10,942.0,941.0
1284,2018-02-27,893.0,939.0,892.0,938.0,17993205,9613,9,939.0,939.0
1285,2018-03-04,892.0,892.0,892.0,937.0,12116265,6735,2,938.0,892.0
1286,2018-03-05,891.0,891.0,891.0,934.0,31560711,17563,8,937.0,891.0
1287,2018-03-06,933.0,934.0,933.0,934.0,10356600,5500,2,934.0,934.0
1288,2018-03-07,888.0,888.0,888.0,930.0,49750398,27778,5,934.0,888.0
1289,2018-03-11,884.0,884.0,884.0,929.0,6762919,3793,3,930.0,884.0
1290,2018-03-17,883.0,883.0,883.0,928.0,17820000,10000,2,929.0,883.0
1291,2018-03-27,882.0,882.0,882.0,927.0,3202200,1800,2,928.0,882.0
1292,2018-04-07,881.0,881.0,881.0,926.0,9133586,5137,1,927.0,881.0
1293,2018-04-11,880.0,896.0,880.0,920.0,73869458,41485,8,926.0,896.0
1294,2018-04-22,874.0,874.0,874.0,919.0,3528000,2000,1,920.0,874.0
1295,2018-04-23,939.0,939.0,939.0,919.0,1895,1,1,919.0,939.0
1296,2018-04-25,874.0,874.0,874.0,915.0,45689908,25916,6,919.0,874.0
1297,2018-04-28,869.0,869.0,869.0,915.0,349046,199,1,915.0,869.0
1298,2018-04-29,869.0,869.0,869.0,915.0,964700,550,1,915.0,869.0
1299,2018-04-30,869.0,869.0,869.0,914.0,3248408,1852,3,915.0,869.0
1300,2018-05-09,869.0,869.0,869.0,914.0,5922634,3378,3,914.0,869.0
1301,2018-05-12,869.0,869.0,869.0,911.0,30663476,17492,6,914.0,869.0
1302,2018-05-13,866.0,868.0,866.0,910.0,7679353,4392,4,911.0,867.0
1303,2018-05-15,867.0,956.0,867.0,923.0,229997026,121339,34,910.0,942.0
1304,2018-05-16,917.0,966.0,877.0,918.0,90771629,50200,15,923.0,901.0
1305,2018-05-20,879.0,941.0,879.0,917.0,8961950,5050,4,918.0,941.0
1306,2018-05-21,873.0,873.0,873.0,916.0,12721464,7224,1,917.0,873.0
1307,2018-05-23,871.0,872.0,872.0,916.0,5280000,3000,2,916.0,872.0
1308,2018-05-26,903.0,903.0,902.0,916.0,7283000,4000,3,916.0,902.0
1309,2018-05-27,871.0,871.0,870.0,902.0,155130546,88327,8,916.0,870.0
1310,2018-05-28,857.0,882.0,857.0,899.0,29378060,16932,6,902.0,857.0
1311,2018-06-02,854.0,854.0,854.0,898.0,9482000,5500,3,899.0,854.0
1312,2018-06-03,867.0,867.0,867.0,898.0,8267000,4724,2,898.0,867.0
1313,2018-06-09,939.0,939.0,853.0,896.0,27765448,15884,3,898.0,853.0
1314,2018-06-10,852.0,852.0,852.0,895.0,3436000,2000,1,896.0,852.0
1315,2018-06-11,851.0,851.0,851.0,895.0,5148000,3000,1,895.0,851.0
1316,2018-06-12,850.0,892.0,850.0,891.0,46936310,27226,4,895.0,882.0
1317,2018-06-13,907.0,907.0,848.0,890.0,29990000,17000,10,891.0,848.0
1318,2018-06-17,851.0,867.0,846.0,883.0,84955347,49500,15,890.0,867.0
1319,2018-06-18,868.0,927.0,868.0,901.0,368907864,201315,29,883.0,927.0
1320,2018-06-19,946.0,946.0,946.0,906.0,55236600,28950,5,901.0,946.0
1321,2018-06-20,951.0,951.0,951.0,940.0,414004136,215852,15,906.0,951.0
1322,2018-06-23,987.0,987.0,987.0,987.0,784326576,393936,33,940.0,987.0
1323,2018-06-24,1036.0,1036.0,1036.0,1036.0,596045010,285189,27,987.0,1036.0
1324,2018-06-25,1087.0,1087.0,1087.0,1086.0,601085792,273968,21,1036.0,1087.0
1325,2018-06-26,1140.0,1140.0,1140.0,1105.0,224227935,97456,19,1086.0,1140.0
1326,2018-06-27,1160.0,1160.0,1160.0,1142.0,441565443,188623,36,1105.0,1160.0
1327,2018-06-30,1199.0,1199.0,1199.0,1154.0,138152960,57088,14,1142.0,1199.0
1328,2018-07-01,1211.0,1211.0,1211.0,1160.0,69685772,28513,6,1154.0,1211.0
1329,2018-07-02,1218.0,1218.0,1218.0,1169.0,112542885,45805,22,1160.0,1218.0
1330,2018-07-03,1140.0,1140.0,1111.0,1163.0,89869016,39675,25,1169.0,1112.0
1331,2018-07-04,1105.0,1105.0,1105.0,1162.0,11618548,5212,6,1163.0,1105.0
1332,2018-07-07,1104.0,1104.0,1104.0,1153.0,94447070,42410,7,1162.0,1104.0
1333,2018-07-10,1095.0,1095.0,1095.0,1153.0,1105000,500,1,1153.0,1095.0
1334,2018-07-14,1095.0,1095.0,1095.0,1153.0,906100,410,1,1153.0,1095.0
1335,2018-07-16,1095.0,1095.0,1095.0,1152.0,3315000,1500,2,1153.0,1095.0
1336,2018-07-17,1095.0,1095.0,1095.0,1152.0,11045,5,1,1152.0,1095.0
1337,2018-07-28,1095.0,1095.0,1095.0,1095.0,650586072,294514,24,1152.0,1095.0
1338,2018-07-29,1040.0,1149.0,1040.0,1049.0,1354980999,639951,67,1095.0,1149.0
1339,2018-07-30,998.0,999.0,998.0,1042.0,78932955,39176,6,1049.0,999.0
1340,2018-07-31,990.0,990.0,990.0,1038.0,43886070,21965,9,1042.0,990.0
1341,2018-08-01,987.0,987.0,987.0,1036.0,19906018,9998,1,1038.0,987.0
1342,2018-08-04,985.0,985.0,985.0,997.0,425618387,214201,16,1036.0,985.0
1343,2018-08-05,947.0,1035.0,947.0,960.0,413750550,216209,29,997.0,1035.0
1344,2018-08-06,912.0,917.0,912.0,942.0,188196286,102267,18,960.0,912.0
1345,2018-08-07,895.0,897.0,895.0,939.0,37970000,21000,6,942.0,897.0
1346,2018-08-08,893.0,899.0,893.0,934.0,50722026,28059,12,939.0,899.0
1347,2018-08-11,889.0,912.0,889.0,934.0,5887840,3251,2,934.0,912.0
1348,2018-08-12,912.0,959.0,892.0,932.0,37485600,20437,7,934.0,959.0
1349,2018-08-13,890.0,890.0,887.0,923.0,102348103,57088,8,932.0,890.0
1350,2018-08-14,877.0,877.0,877.0,916.0,70778356,40000,16,923.0,877.0
1351,2018-08-15,871.0,871.0,871.0,916.0,3514888,2000,3,916.0,871.0
1352,2018-08-18,870.0,870.0,870.0,915.0,3512000,2000,2,916.0,870.0
1353,2018-08-19,870.0,871.0,870.0,915.0,3513000,2000,2,915.0,871.0
1354,2018-08-20,872.0,892.0,872.0,914.0,9933160,5545,5,915.0,887.0
1355,2018-08-21,902.0,902.0,902.0,914.0,27152450,14920,4,914.0,902.0
1356,2018-08-25,878.0,960.0,878.0,932.0,303582939,159177,26,914.0,960.0
1357,2018-08-26,890.0,978.0,890.0,933.0,18573341,9535,8,932.0,971.0
1358,2018-08-27,979.0,979.0,937.0,957.0,290940424,147274,20,933.0,979.0
1359,2018-08-28,1005.0,1005.0,1005.0,961.0,44289950,21850,6,957.0,1005.0
1360,2018-08-29,1008.0,1008.0,1008.0,961.0,5866056,2884,3,961.0,1008.0
1361,2018-09-01,1009.0,1009.0,967.0,969.0,9573347720,4896273,387,961.0,1009.0
1362,2018-09-02,1017.0,1017.0,999.0,991.0,269717792,131643,32,969.0,1017.0
1363,2018-09-03,1040.0,1040.0,1040.0,1021.0,364680654,173823,27,991.0,1040.0
1364,2018-09-04,1072.0,1072.0,970.0,1003.0,255518695,129024,42,1021.0,970.0
1365,2018-09-05,967.0,991.0,953.0,987.0,200257871,103326,25,1003.0,962.0
1366,2018-09-08,963.0,1036.0,963.0,993.0,103433776,50375,22,987.0,1036.0
1367,2018-09-09,1042.0,1042.0,1041.0,1012.0,229979102,109377,20,993.0,1042.0
1368,2018-09-10,1041.0,1056.0,1041.0,1013.0,11710110,5547,3,1012.0,1056.0
1369,2018-09-11,1061.0,1061.0,969.0,1013.0,31896082,15544,10,1013.0,995.0
1370,2018-09-12,1041.0,1041.0,972.0,1017.0,454317012,221323,56,1013.0,1006.0
1371,2018-09-15,1040.0,1051.0,966.0,1005.0,837417310,413053,85,1017.0,1016.0
1372,2018-09-16,986.0,1011.0,967.0,992.0,681149719,340212,48,1005.0,1011.0
1373,2018-09-17,991.0,1042.0,991.0,1030.0,619229568,297958,31,992.0,1042.0
1374,2018-09-18,1081.0,1081.0,1081.0,1046.0,198318330,90930,10,1030.0,1081.0
1375,2018-09-22,1098.0,1098.0,1098.0,1052.0,69910368,31548,10,1046.0,1098.0
1376,2018-09-23,1105.0,1105.0,1105.0,1055.0,32610270,14630,3,1052.0,1105.0
1377,2018-09-24,1108.0,1108.0,1108.0,1062.0,82860390,37074,2,1055.0,1108.0
1378,2018-09-25,1115.0,1115.0,1115.0,1067.0,55030500,24458,4,1062.0,1115.0
1379,2018-09-26,1120.0,1120.0,1120.0,1076.0,107729451,47689,6,1067.0,1120.0
1380,2018-09-29,1129.0,1129.0,1129.0,1095.0,236080530,103635,7,1076.0,1129.0
1381,2018-09-30,1150.0,1150.0,1150.0,1105.0,119076320,51326,6,1095.0,1150.0
1382,2018-10-01,1160.0,1160.0,1160.0,1125.0,228418393,97573,12,1105.0,1160.0
1383,2018-10-02,1181.0,1181.0,1181.0,1177.0,619872624,260232,27,1125.0,1181.0
1384,2018-10-03,1250.0,1312.0,1250.0,1299.0,1322859232,504640,60,1177.0,1312.0
1385,2018-10-06,1364.0,1364.0,1249.0,1357.0,5950249493,2173804,178,1299.0,1331.0
1386,2018-10-07,1364.0,1424.0,1294.0,1368.0,3614425857,1309141,131,1357.0,1363.0
1387,2018-10-08,1413.0,1413.0,1341.0,1374.0,1020376548,368089,84,1368.0,1363.0
1388,2018-10-09,1432.0,1432.0,1306.0,1365.0,1387295220,503932,83,1374.0,1306.0
1389,2018-10-10,1297.0,1297.0,1297.0,1355.0,106128504,40569,21,1365.0,1297.0
1390,2018-10-13,1287.0,1287.0,1287.0,1287.0,1038800000,400000,36,1355.0,1287.0
1391,2018-10-14,1223.0,1224.0,1223.0,1223.0,1001732472,405888,28,1287.0,1223.0
1392,2018-10-15,1162.0,1284.0,1162.0,1202.0,1810734105,746503,72,1223.0,1168.0
1393,2018-10-16,1145.0,1257.0,1145.0,1208.0,938406208,385088,70,1202.0,1145.0
1394,2018-10-17,1149.0,1189.0,1148.0,1149.0,900227959,388385,36,1208.0,1148.0
1395,2018-10-20,1140.0,1149.0,1116.0,1128.0,706283078,310337,68,1149.0,1125.0
1396,2018-10-21,1125.0,1133.0,1086.0,1127.0,80201208,35470,17,1128.0,1086.0
1397,2018-10-22,1085.0,1085.0,1072.0,1115.0,140360639,64641,27,1127.0,1085.0
1398,2018-10-23,1066.0,1066.0,1060.0,1087.0,305699115,142936,16,1115.0,1060.0
1399,2018-10-24,1033.0,1033.0,1033.0,1072.0,167286319,80271,16,1087.0,1033.0
1400,2018-10-27,1018.0,1041.0,1018.0,1021.0,551643346,268549,26,1072.0,1041.0
1401,2018-10-28,1071.0,1071.0,1071.0,1050.0,358540590,165915,34,1021.0,1071.0
1402,2018-10-29,1083.0,1102.0,1083.0,1075.0,370007644,168052,22,1050.0,1102.0
1403,2018-10-31,1071.0,1129.0,1071.0,1078.0,54628505,24415,13,1075.0,1129.0
1404,2018-11-03,1132.0,1132.0,1090.0,1087.0,112993178,49566,18,1078.0,1090.0
1405,2018-11-04,1141.0,1141.0,1108.0,1140.0,751776555,326870,60,1087.0,1141.0
1406,2018-11-05,1170.0,1197.0,1140.0,1157.0,437509024,186075,46,1140.0,1197.0
1407,2018-11-06,1214.0,1214.0,1204.0,1208.0,623247600,254540,40,1157.0,1214.0
1408,2018-11-10,1268.0,1268.0,1213.0,1212.0,291323308,118532,39,1208.0,1215.0
1409,2018-11-11,1155.0,1204.0,1152.0,1152.0,3732386504,1605260,104,1212.0,1204.0
1410,2018-11-12,1199.0,1208.0,1116.0,1152.0,81200200,34920,15,1152.0,1180.0
1411,2018-11-13,1180.0,1180.0,1108.0,1155.0,143535000,61000,6,1152.0,1108.0
1412,2018-11-14,1105.0,1139.0,1098.0,1143.0,236030498,104094,14,1155.0,1139.0
1413,2018-11-17,1086.0,1091.0,1086.0,1139.0,51039910,23227,8,1143.0,1088.0
1414,2018-11-18,1082.0,1158.0,1082.0,1087.0,3454331728,1575070,66,1139.0,1155.0
1415,2018-11-19,1083.0,1141.0,1061.0,1083.0,2628359208,1202141,91,1087.0,1141.0
1416,2018-11-20,1138.0,1138.0,1108.0,1118.0,1040139055,461037,83,1083.0,1138.0
1417,2018-11-21,1174.0,1174.0,1075.0,1131.0,157665909,66824,23,1118.0,1075.0
1418,2018-11-24,1080.0,1150.0,1074.0,1114.0,186659114,86002,15,1131.0,1150.0
1419,2018-11-26,1095.0,1095.0,1058.0,1109.0,50443176,23537,10,1114.0,1060.0
1420,2018-11-27,1090.0,1160.0,1090.0,1097.0,2591998527,1170551,38,1109.0,1140.0
1421,2018-11-28,1151.0,1152.0,1097.0,1103.0,201365924,89400,10,1097.0,1140.0
1422,2018-12-01,1098.0,1098.0,1048.0,1079.0,277901679,131110,23,1103.0,1051.0
1423,2018-12-02,1032.0,1032.0,1032.0,1079.0,1987182,954,1,1079.0,1032.0
1424,2018-12-03,1053.0,1053.0,1041.0,1072.0,113539884,53923,9,1079.0,1043.0
1425,2018-12-04,1041.0,1041.0,1041.0,1071.0,12793290,6090,5,1072.0,1041.0
1426,2018-12-05,1061.0,1081.0,1061.0,1069.0,108372557,50608,9,1071.0,1081.0
1427,2018-12-08,1113.0,1113.0,1081.0,1071.0,52133019,23745,9,1069.0,1081.0
1428,2018-12-09,1020.0,1075.0,1018.0,1064.0,101487081,48815,24,1071.0,1024.0
1429,2018-12-10,1028.0,1032.0,1026.0,1049.0,239354412,115271,20,1064.0,1031.0
1430,2018-12-11,1002.0,1027.0,1002.0,1049.0,9215192,4461,3,1049.0,1027.0
1431,2018-12-12,1041.0,1041.0,1006.0,1048.0,24188900,11669,5,1049.0,1006.0
1432,2018-12-15,1002.0,1040.0,1001.0,1045.0,42491630,20882,17,1048.0,1037.0
1433,2018-12-16,1006.0,1040.0,993.0,1038.0,112500592,55244,25,1045.0,993.0
1434,2018-12-17,992.0,1035.0,986.0,1027.0,114383332,57383,45,1038.0,991.0
1435,2018-12-18,979.0,981.0,976.0,1005.0,255100270,129313,24,1027.0,981.0
1436,2018-12-19,967.0,967.0,962.0,981.0,309195750,159085,8,1005.0,962.0
1437,2018-12-23,1026.0,1026.0,937.0,981.0,10100840,5240,5,981.0,937.0
1438,2018-12-24,991.0,991.0,940.0,980.0,19416148,10120,10,981.0,940.0
1439,2018-12-25,938.0,979.0,937.0,979.0,15195371,7981,6,980.0,979.0
1440,2018-12-26,976.0,976.0,932.0,974.0,347522384,177252,21,979.0,976.0
1441,2018-12-29,938.0,1023.0,926.0,981.0,938414052,474239,84,974.0,1023.0
1442,2018-12-30,1029.0,1029.0,1029.0,1004.0,270591560,130280,21,981.0,1029.0
1443,2018-12-31,1054.0,1054.0,1053.0,1054.0,701725694,330069,55,1004.0,1054.0
1444,2019-01-01,1105.0,1105.0,1038.0,1053.0,136014067,64287,36,1054.0,1051.0
1445,2019-01-05,1002.0,1046.0,1001.0,1041.0,382914948,183302,25,1053.0,1046.0
1446,2019-01-06,1027.0,1027.0,1027.0,1041.0,7989632,3856,2,1041.0,1027.0
1447,2019-01-07,1019.0,1052.0,1011.0,1038.0,312654415,149569,23,1041.0,1052.0
1448,2019-01-08,1016.0,1050.0,991.0,1016.0,951519981,464331,47,1038.0,1047.0
1449,2019-01-09,1016.0,1041.0,1016.0,1017.0,51537306,24818,15,1016.0,1020.0
1450,2019-01-12,1026.0,1040.0,1016.0,1017.0,57945273,28121,13,1017.0,1016.0
1451,2019-01-13,1012.0,1038.0,1011.0,1017.0,111471040,54464,17,1017.0,1016.0
1452,2019-01-14,997.0,1016.0,997.0,1016.0,25116308,12325,5,1017.0,1016.0
1453,2019-01-15,998.0,1067.0,998.0,1054.0,625775590,294330,58,1016.0,1067.0
1454,2019-01-16,1089.0,1106.0,1038.0,1066.0,194726338,88252,49,1054.0,1047.0
1455,2019-01-19,1041.0,1041.0,1041.0,1066.0,16002815,7619,6,1066.0,1041.0
1456,2019-01-20,1043.0,1090.0,1041.0,1065.0,18092200,8501,5,1066.0,1041.0
1457,2019-01-21,1065.0,1065.0,1015.0,1061.0,84868923,40667,20,1065.0,1016.0
1458,2019-01-22,1051.0,1051.0,1022.0,1059.0,59096546,28197,8,1061.0,1022.0
1459,2019-01-23,1031.0,1059.0,1022.0,1054.0,116575677,55872,18,1059.0,1059.0
1460,2019-01-26,1024.0,1024.0,1021.0,1042.0,216595150,105000,6,1054.0,1021.0
1461,2019-01-27,1022.0,1094.0,990.0,1046.0,412467520,194986,48,1042.0,1094.0
1462,2019-01-28,1090.0,1090.0,1022.0,1045.0,82633070,39476,12,1046.0,1035.0
1463,2019-01-29,1012.0,1027.0,993.0,1040.0,60634797,30000,12,1045.0,1027.0
1464,2019-01-30,1026.0,1091.0,1026.0,1043.0,168735264,79633,15,1040.0,1091.0
1465,2019-02-02,1041.0,1086.0,1041.0,1043.0,13571480,6437,4,1043.0,1041.0
1466,2019-02-03,1041.0,1076.0,1041.0,1043.0,197481710,93875,13,1043.0,1046.0
1467,2019-02-04,1026.0,1075.0,1026.0,1043.0,32551554,15455,6,1043.0,1074.0
1468,2019-02-05,1071.0,1081.0,1028.0,1042.0,127934097,61043,19,1043.0,1050.0
1469,2019-02-06,1076.0,1076.0,1041.0,1046.0,70326696,32502,15,1042.0,1043.0
1470,2019-02-10,1076.0,1098.0,1075.0,1072.0,364825887,165843,32,1046.0,1098.0
1471,2019-02-12,1126.0,1126.0,1085.0,1088.0,196377572,86572,43,1072.0,1126.0
1472,2019-02-13,1125.0,1142.0,1125.0,1097.0,104271625,45287,22,1088.0,1142.0
1473,2019-02-16,1097.0,1151.0,1097.0,1117.0,382593876,167686,28,1097.0,1151.0
1474,2019-02-17,1108.0,1173.0,1108.0,1125.0,90511460,38310,10,1117.0,1173.0
1475,2019-02-18,1181.0,1181.0,1181.0,1126.0,12000516,5038,3,1125.0,1181.0
1476,2019-02-19,1182.0,1182.0,1182.0,1132.0,78264336,32829,12,1126.0,1182.0
1477,2019-02-20,1189.0,1189.0,1189.0,1136.0,46262216,19292,5,1132.0,1189.0
1478,2019-02-23,1193.0,1193.0,1193.0,1144.0,96639396,40166,6,1136.0,1193.0
1479,2019-02-24,1201.0,1201.0,1201.0,1201.0,717973668,296316,29,1144.0,1201.0
1480,2019-02-25,1261.0,1261.0,1261.0,1235.0,407574240,160210,19,1201.0,1261.0
1481,2019-02-26,1297.0,1297.0,1297.0,1236.0,7853232,3002,3,1235.0,1297.0
1482,2019-02-27,1297.0,1297.0,1297.0,1250.0,167354533,63949,5,1236.0,1297.0
1483,2019-03-02,1312.0,1312.0,1312.0,1261.0,133570267,50461,4,1250.0,1312.0
1484,2019-03-03,1324.0,1324.0,1324.0,1274.0,155559040,58240,6,1261.0,1324.0
1485,2019-03-04,1685.0,1769.0,1601.0,1622.0,3203457595,978794,194,1274.0,1601.0
1486,2019-03-05,1550.0,1655.0,1541.0,1598.0,415719718,131247,65,1622.0,1541.0
1487,2019-03-06,1518.0,1518.0,1518.0,1523.0,806736003,263381,32,1598.0,1518.0
1488,2019-03-09,1447.0,1447.0,1447.0,1460.0,680616960,233088,27,1523.0,1447.0
1489,2019-03-10,1487.0,1487.0,1387.0,1391.0,1094307003,389794,105,1460.0,1394.0
1490,2019-03-11,1454.0,1461.0,1413.0,1409.0,209454256,71131,30,1391.0,1461.0
1491,2019-03-12,1478.0,1479.0,1477.0,1424.0,186026180,62354,24,1409.0,1479.0
1492,2019-03-13,1495.0,1495.0,1495.0,1428.0,45481280,15080,9,1424.0,1495.0
1493,2019-03-16,1499.0,1499.0,1499.0,1429.0,18422250,6090,3,1428.0,1499.0
1494,2019-03-17,1501.0,1501.0,1501.0,1434.0,50749280,16760,11,1429.0,1501.0
1495,2019-03-18,1505.0,1505.0,1505.0,1437.0,33920253,11169,3,1434.0,1505.0
1496,2019-03-19,1508.0,1508.0,1508.0,1437.0,1688865,555,3,1437.0,1508.0
1497,2019-03-25,1508.0,1508.0,1508.0,1440.0,35237940,11580,3,1437.0,1508.0
1498,2019-03-26,1512.0,1512.0,1512.0,1442.0,21773950,7139,9,1440.0,1512.0
1499,2019-03-27,1514.0,1514.0,1514.0,1443.0,12216000,4000,1,1442.0,1514.0
1500,2019-03-30,1515.0,1515.0,1515.0,1443.0,1314080,430,2,1443.0,1515.0
1501,2019-04-06,1515.0,1515.0,1515.0,1443.0,7774464,2544,6,1443.0,1515.0
1502,2019-04-08,1515.0,1515.0,1515.0,1445.0,19234644,6292,4,1443.0,1515.0
1503,2019-04-09,1517.0,1517.0,1517.0,1447.0,21970800,7180,2,1445.0,1517.0
1504,2019-04-10,1519.0,1519.0,1519.0,1451.0,50255728,16402,5,1447.0,1519.0
1505,2019-04-13,1523.0,1523.0,1523.0,1451.0,540848,176,1,1451.0,1523.0
1506,2019-04-14,1523.0,1523.0,1523.0,1451.0,5869430,1910,4,1451.0,1523.0
1507,2019-04-15,1524.0,1524.0,1524.0,1455.0,49675840,16160,2,1451.0,1524.0
1508,2019-04-16,1528.0,1528.0,1528.0,1456.0,3605940,1170,3,1455.0,1528.0
1509,2019-04-17,1528.0,1528.0,1528.0,1456.0,1319524,428,2,1456.0,1528.0
1510,2019-04-20,1735.0,1821.0,1663.0,1753.0,19021294604,5378286,461,1456.0,1673.0
1511,2019-04-22,1779.0,1779.0,1666.0,1689.0,5623196598,1649932,187,1753.0,1669.0
1512,2019-04-23,1646.0,1725.0,1608.0,1689.0,2463944914,723210,88,1689.0,1686.0
1513,2019-04-24,1685.0,1773.0,1642.0,1755.0,5342822416,1508655,208,1689.0,1763.0
1514,2019-04-27,1710.0,1843.0,1710.0,1830.0,3235115141,876237,113,1755.0,1843.0
1515,2019-04-28,1921.0,1921.0,1896.0,1921.0,2116425398,546073,76,1830.0,1921.0
1516,2019-04-29,2017.0,2017.0,1922.0,1992.0,5181541756,1289113,209,1921.0,2017.0
1517,2019-04-30,2082.0,2082.0,1916.0,2000.0,3909087324,968580,184,1992.0,2012.0
1518,2019-05-01,2062.0,2062.0,1901.0,1968.0,3209186670,808079,221,2000.0,1983.0
1519,2019-05-04,1983.0,2056.0,1963.0,2011.0,2946947350,726325,192,1968.0,2034.0
1520,2019-05-05,1987.0,2032.0,1938.0,1982.0,1108921119,277407,93,2011.0,1983.0
1521,2019-05-06,2022.0,2022.0,1883.0,1905.0,1120609574,291533,71,1982.0,1933.0
1522,2019-05-07,2000.0,2000.0,1810.0,1833.0,1134214646,306597,43,1905.0,1810.0
1523,2019-05-08,1903.0,1903.0,1760.0,1797.0,1382168465,381267,50,1833.0,1824.0
1524,2019-05-11,1886.0,1886.0,1735.0,1817.0,1203251282,328308,50,1797.0,1788.0
1525,2019-05-12,1728.0,1804.0,1728.0,1752.0,821172517,234018,33,1817.0,1804.0
1526,2019-05-13,1738.0,1829.0,1727.0,1765.0,630647262,176226,51,1752.0,1784.0
1527,2019-05-14,1741.0,1853.0,1740.0,1824.0,2133850111,579799,127,1765.0,1852.0
1528,2019-05-15,1853.0,1878.0,1765.0,1843.0,832008821,223129,56,1824.0,1834.0
1529,2019-05-18,1785.0,1912.0,1785.0,1862.0,2557683087,680819,123,1843.0,1908.0
1530,2019-05-19,1862.0,1953.0,1815.0,1918.0,1862061994,481317,143,1862.0,1943.0
1531,2019-05-22,2012.0,2012.0,1922.0,1961.0,1753549640,443275,94,1918.0,1922.0
1532,2019-05-25,1865.0,1992.0,1865.0,1890.0,1602129413,420137,83,1961.0,1884.0
1533,2019-05-26,1953.0,1953.0,1810.0,1855.0,1551051525,414363,117,1890.0,1844.0
1534,2019-05-28,1809.0,1913.0,1809.0,1883.0,1966992858,517598,130,1855.0,1888.0
1535,2019-05-29,1933.0,1933.0,1797.0,1894.0,1425078818,372967,68,1883.0,1908.0
1536,2019-06-01,1864.0,1989.0,1810.0,1985.0,22608679513,5645254,414,1894.0,1989.0
1537,2019-06-02,2084.0,2084.0,2084.0,2084.0,17033361700,4050740,223,1985.0,2084.0
1538,2019-06-03,2188.0,2188.0,2188.0,2188.0,2758006350,624690,30,2084.0,2188.0
1539,2019-06-08,2297.0,2297.0,2297.0,2297.0,4015087290,866254,49,2188.0,2297.0
1540,2019-06-09,2412.0,2412.0,2409.0,2412.0,18051449422,3709717,242,2297.0,2412.0
1541,2019-06-10,2532.0,2532.0,2417.0,2499.0,11535999495,2288228,294,2412.0,2430.0
1542,2019-06-11,2434.0,2623.0,2374.0,2521.0,35504419667,6979817,951,2499.0,2623.0
1543,2019-06-12,2647.0,2647.0,2647.0,2647.0,2289911022,428742,51,2521.0,2647.0
1544,2019-06-15,2780.0,2780.0,2741.0,2779.0,15130435864,2698280,286,2647.0,2780.0
1545,2019-06-16,2918.0,2918.0,2640.0,2764.0,15417163406,2764457,518,2779.0,2640.0
1546,2019-06-17,2626.0,2626.0,2626.0,2626.0,1757821373,331727,58,2764.0,2626.0
1547,2019-06-18,2496.0,2496.0,2496.0,2496.0,1465643185,291091,62,2626.0,2496.0
1548,2019-06-19,2371.0,2371.0,2371.0,2371.0,1340993472,280308,37,2496.0,2371.0
1549,2019-06-22,2253.0,2253.0,2253.0,2253.0,1538009820,338396,27,2371.0,2253.0
1550,2019-06-23,2140.0,2365.0,2140.0,2315.0,12569189588,2690666,276,2253.0,2365.0
1551,2019-06-24,2379.0,2379.0,2210.0,2294.0,6803023490,1469921,333,2315.0,2280.0
1552,2019-06-25,2280.0,2329.0,2179.0,2232.0,9522874745,2114847,309,2294.0,2324.0
1553,2019-06-26,2305.0,2343.0,2203.0,2282.0,11078001913,2405637,395,2232.0,2231.0
1554,2019-06-30,2280.0,2280.0,2168.0,2222.0,3927749119,875899,201,2282.0,2223.0
1555,2019-07-01,2230.0,2333.0,2168.0,2313.0,7677925198,1645482,313,2222.0,2333.0
1556,2019-07-02,2418.0,2424.0,2285.0,2380.0,7509472996,1563984,341,2313.0,2356.0
1557,2019-07-03,2379.0,2379.0,2270.0,2330.0,4152506037,883492,243,2380.0,2325.0
1558,2019-07-06,2379.0,2379.0,2216.0,2236.0,4504567380,998483,211,2330.0,2236.0
1559,2019-07-07,2275.0,2275.0,2186.0,2244.0,2244811563,495804,157,2236.0,2220.0
1560,2019-07-08,2191.0,2329.0,2191.0,2307.0,6494418463,1395357,284,2244.0,2320.0
1561,2019-07-09,2413.0,2413.0,2206.0,2289.0,3625797056,784934,187,2307.0,2281.0
1562,2019-07-10,2305.0,2305.0,2192.0,2240.0,4438034744,982077,210,2289.0,2219.0
1563,2019-07-13,2219.0,2305.0,2206.0,2248.0,3378202921,744861,219,2240.0,2255.0
1564,2019-07-14,2279.0,2280.0,2230.0,2249.0,3628277141,799657,254,2248.0,2270.0
1565,2019-07-15,2313.0,2313.0,2181.0,2222.0,3441973819,767696,196,2249.0,2196.0
1566,2019-07-16,2265.0,2265.0,2111.0,2118.0,4891105855,1144508,225,2222.0,2141.0
1567,2019-07-23,2032.0,2155.0,2013.0,2019.0,1129068640,277241,85,2118.0,2032.0
1568,2019-07-24,1943.0,2032.0,1918.0,1929.0,6322877809,1625206,296,2019.0,1948.0
1569,2019-07-27,1963.0,1992.0,1859.0,1936.0,5235363842,1339967,239,1929.0,1983.0
1570,2019-07-28,1982.0,2033.0,1927.0,2020.0,3663772730,898830,195,1936.0,2033.0
1571,2019-07-29,2121.0,2121.0,2121.0,2048.0,325306696,76024,26,2020.0,2121.0
1572,2019-07-30,2150.0,2150.0,2150.0,2096.0,569231250,131250,17,2048.0,2150.0
1573,2019-07-31,2200.0,2200.0,2200.0,2200.0,1341150631,302129,23,2096.0,2200.0
1574,2019-08-03,2310.0,2310.0,2211.0,2287.0,14558717768,3154328,649,2200.0,2310.0
1575,2019-08-04,2359.0,2401.0,2173.0,2382.0,12328302794,2565340,643,2287.0,2401.0
1576,2019-08-05,2477.0,2501.0,2448.0,2491.0,3142977227,625296,109,2382.0,2501.0
1577,2019-08-06,2600.0,2600.0,2367.0,2402.0,17803384773,3673530,650,2491.0,2428.0
1578,2019-08-07,2379.0,2379.0,2282.0,2320.0,2909776368,621691,244,2402.0,2351.0
1579,2019-08-10,2207.0,2330.0,2207.0,2260.0,1466933199,321678,137,2320.0,2268.0
1580,2019-08-11,2201.0,2270.0,2201.0,2240.0,969829339,215114,90,2260.0,2268.0
1581,2019-08-13,2300.0,2300.0,2181.0,2260.0,2979745025,653511,188,2240.0,2289.0
1582,2019-08-14,2290.0,2330.0,2231.0,2289.0,2156565687,466997,121,2260.0,2313.0
1583,2019-08-17,2236.0,2384.0,2236.0,2340.0,4284925158,907702,257,2289.0,2359.0
1584,2019-08-18,2389.0,2389.0,2260.0,2281.0,2345579195,509569,142,2340.0,2295.0
1585,2019-08-19,2295.0,2374.0,2185.0,2256.0,2251172243,494659,248,2281.0,2329.0
1586,2019-08-21,2364.0,2368.0,2344.0,2365.0,4278915727,896689,206,2256.0,2368.0
1587,2019-08-24,2453.0,2483.0,2430.0,2477.0,3610088148,722352,158,2365.0,2483.0
1588,2019-08-25,2597.0,2601.0,2429.0,2557.0,12121977563,2350348,468,2477.0,2601.0
1589,2019-08-26,2684.0,2684.0,2637.0,2682.0,15865039110,2931226,448,2557.0,2684.0
1590,2019-08-27,2813.0,2813.0,2627.0,2737.0,12253404818,2218761,445,2682.0,2676.0
1591,2019-08-28,2628.0,2800.0,2602.0,2727.0,8530268350,1550312,331,2737.0,2770.0
1592,2019-08-31,2728.0,2863.0,2686.0,2793.0,7180367500,1274123,364,2727.0,2797.0
1593,2019-09-01,2673.0,2855.0,2673.0,2814.0,11865645261,2089941,359,2793.0,2825.0
1594,2019-09-02,2825.0,2854.0,2674.0,2712.0,4857821612,887807,230,2814.0,2692.0
1595,2019-09-03,2825.0,2847.0,2686.0,2828.0,7622386250,1335847,281,2712.0,2847.0
1596,2019-09-04,2751.0,2969.0,2751.0,2936.0,4784105015,807561,174,2828.0,2969.0
1597,2019-09-07,3083.0,3083.0,3073.0,3083.0,6033884666,970123,178,2936.0,3083.0
1598,2019-09-08,3237.0,3237.0,3237.0,3237.0,2203056513,337323,49,3083.0,3237.0
1599,2019-09-11,3399.0,3399.0,3282.0,3370.0,7690935141,1130938,129,3237.0,3399.0
1600,2019-09-14,3539.0,3539.0,3539.0,3539.0,4926514320,689988,68,3370.0,3539.0
1601,2019-09-17,3494.0,3669.0,3320.0,3647.0,59008360670,8018092,609,3539.0,3669.0
1602,2019-09-18,3816.0,3829.0,3647.0,3803.0,27348752065,3564578,921,3647.0,3829.0
1603,2019-09-21,3992.0,3992.0,3829.0,3992.0,6929871486,860392,180,3803.0,3992.0
1604,2019-09-22,4191.0,4191.0,4168.0,4190.0,4258151244,503689,120,3992.0,4191.0
1605,2019-09-23,4399.0,4399.0,4399.0,4399.0,7105335636,800511,175,4190.0,4399.0
1606,2019-09-24,4619.0,4619.0,4399.0,4591.0,24364421535,2630203,642,4399.0,4619.0
1607,2019-09-25,4807.0,4821.0,4411.0,4676.0,29155012935,3090036,1074,4591.0,4821.0
1608,2019-09-28,4910.0,4910.0,4837.0,4907.0,6508669049,657429,183,4676.0,4910.0
1609,2019-09-29,5152.0,5152.0,4961.0,5147.0,26196798241,2522583,698,4907.0,5152.0
1610,2019-09-30,5383.0,5405.0,5156.0,5374.0,10652386066,982537,333,5147.0,5405.0
1611,2019-10-01,5642.0,5642.0,5642.0,5477.0,1225646976,107664,68,5374.0,5642.0
1612,2019-10-05,5750.0,5750.0,5203.0,5408.0,32815828651,3007678,899,5477.0,5303.0
1613,2019-10-06,5254.0,5650.0,5138.0,5277.0,35545536146,3338774,858,5408.0,5477.0
1614,2019-10-07,5075.0,5452.0,5013.0,5029.0,21423236004,2111421,512,5277.0,5013.0
1615,2019-10-08,4778.0,4956.0,4778.0,4793.0,4498356674,465164,195,5029.0,4778.0
1616,2019-10-09,4553.0,4553.0,4553.0,4553.0,6080994731,661913,71,4793.0,4553.0
1617,2019-10-12,4389.0,4758.0,4389.0,4522.0,6893565350,755539,310,4553.0,4494.0
1618,2019-10-13,4510.0,4510.0,4296.0,4357.0,23527238009,2676490,436,4522.0,4296.0
1619,2019-10-14,4139.0,4139.0,4139.0,4295.0,662944135,79385,56,4357.0,4139.0
1620,2019-10-15,4081.0,4081.0,4081.0,4137.0,1700386189,206533,40,4295.0,4081.0
1621,2019-10-16,3930.0,3930.0,3930.0,3967.0,1832083760,231032,44,4137.0,3930.0
1622,2019-10-20,3768.0,3768.0,3768.0,3818.0,1596994944,210048,23,3967.0,3768.0
1623,2019-10-21,3627.0,3627.0,3627.0,3627.0,3443104364,470498,80,3818.0,3627.0
1624,2019-10-22,3446.0,3808.0,3446.0,3621.0,11383817977,1558091,404,3627.0,3747.0
1625,2019-10-23,3791.0,3791.0,3474.0,3703.0,5337351494,714392,294,3621.0,3742.0
1626,2019-10-26,3693.0,3816.0,3569.0,3629.0,2916361131,398344,177,3703.0,3685.0
1627,2019-10-28,3494.0,3810.0,3494.0,3783.0,4658371275,610380,218,3629.0,3810.0
1628,2019-10-30,3972.0,3972.0,3972.0,3804.0,249204300,31100,28,3783.0,3972.0
1629,2019-11-02,3993.0,3993.0,3993.0,3968.0,1951244260,242180,52,3804.0,3993.0
1630,2019-11-03,4166.0,4166.0,4166.0,4033.0,769729900,91580,26,3968.0,4166.0
1631,2019-11-04,4234.0,4234.0,4234.0,4234.0,2881934128,337384,40,4033.0,4234.0
1632,2019-11-05,4445.0,4445.0,4445.0,4445.0,2572901154,286866,55,4234.0,4445.0
1633,2019-11-09,4667.0,4667.0,4667.0,4667.0,2846382420,302260,51,4445.0,4667.0
1634,2019-11-10,4900.0,4900.0,4446.0,4726.0,31082364596,3259749,1036,4667.0,4534.0
1635,2019-11-11,4490.0,4619.0,4490.0,4496.0,13139503303,1448564,484,4726.0,4490.0
1636,2019-11-12,4338.0,4560.0,4287.0,4365.0,11296765526,1282645,669,4496.0,4352.0
1637,2019-11-13,4459.0,4509.0,4165.0,4350.0,7957678439,906684,442,4365.0,4361.0
1638,2019-11-16,4550.0,4550.0,4143.0,4206.0,6700848569,789702,399,4350.0,4238.0
1639,2019-11-17,3995.0,4114.0,3995.0,3998.0,7410013282,918551,221,4206.0,3995.0
1640,2019-11-18,3800.0,4114.0,3800.0,4011.0,2754252534,340330,233,3998.0,4082.0
1641,2019-11-19,4157.0,4157.0,4015.0,4063.0,2866527710,349665,158,4011.0,4015.0
1642,2019-11-20,3965.0,4163.0,3965.0,4116.0,4184903291,503876,226,4063.0,4113.0
1643,2019-11-23,4213.0,4258.0,4109.0,4174.0,5103639795,606050,267,4116.0,4149.0
1644,2019-11-24,4257.0,4257.0,4020.0,4158.0,3981356528,474592,255,4174.0,4183.0
1645,2019-11-25,4161.0,4366.0,4160.0,4299.0,8495374342,979479,383,4158.0,4366.0
1646,2019-11-26,4513.0,4513.0,4412.0,4498.0,4561473244,502669,246,4299.0,4513.0
1647,2019-11-27,4654.0,4709.0,4436.0,4625.0,7288877115,781052,504,4498.0,4659.0
1648,2019-11-30,4708.0,4856.0,4659.0,4827.0,9193100119,943926,375,4625.0,4856.0
1649,2019-12-01,5046.0,5068.0,5006.0,5059.0,12166910035,1192122,334,4827.0,5068.0
1650,2019-12-02,5274.0,5276.0,4806.0,4905.0,28048345263,2833961,989,5059.0,4806.0
1651,2019-12-03,4689.0,4907.0,4661.0,4745.0,11505270659,1201766,568,4905.0,4733.0
1652,2019-12-04,4857.0,4931.0,4660.0,4905.0,9024305626,911937,396,4745.0,4930.0
1653,2019-12-07,5031.0,5080.0,4684.0,4837.0,8854435268,907225,527,4905.0,4804.0
1654,2019-12-08,4804.0,4813.0,4596.0,4707.0,7050626949,742511,481,4837.0,4708.0
1655,2019-12-09,4833.0,4942.0,4719.0,4868.0,7315088713,744816,353,4707.0,4942.0
1656,2019-12-10,5055.0,5080.0,4868.0,5004.0,15809398796,1565927,665,4868.0,5024.0
1657,2019-12-11,5080.0,5080.0,4759.0,4940.0,6849225450,687251,285,5004.0,4956.0
1658,2019-12-14,4951.0,4956.0,4759.0,4932.0,21107098119,2121070,518,4940.0,4906.0
1659,2019-12-15,4847.0,5001.0,4724.0,4806.0,6476045094,667857,506,4932.0,4778.0
1660,2019-12-16,4858.0,5046.0,4808.0,4961.0,26568488817,2654581,680,4806.0,5046.0
1661,2019-12-17,5209.0,5209.0,5209.0,5209.0,3984666003,379167,192,4961.0,5209.0
1662,2019-12-18,5469.0,5469.0,5301.0,5423.0,14939517195,1365467,713,5209.0,5378.0
1663,2019-12-21,5430.0,5553.0,5152.0,5213.0,22424837321,2132310,1086,5423.0,5175.0
1664,2019-12-22,4957.0,5178.0,4957.0,5036.0,9500472988,935106,525,5213.0,5080.0
1665,2019-12-23,5205.0,5205.0,4784.0,4929.0,10519208034,1057741,613,5036.0,4899.0
1666,2019-12-24,4733.0,5006.0,4733.0,4930.0,4727214603,475274,334,4929.0,4930.0
1667,2019-12-25,4968.0,4968.0,4809.0,4879.0,3619279728,367662,282,4930.0,4930.0
1668,2019-12-28,4956.0,5123.0,4892.0,5088.0,9729546314,947782,528,4879.0,5123.0
1669,2019-12-29,5244.0,5244.0,4957.0,5110.0,7207584543,699135,359,5088.0,5111.0
1670,2019-12-30,5100.0,5191.0,4958.0,5099.0,5963564035,579641,383,5110.0,5122.0
1671,2019-12-31,5056.0,5127.0,4895.0,4975.0,7642353512,761369,352,5099.0,5051.0
1672,2020-01-01,4818.0,5124.0,4818.0,5003.0,6616488604,655491,320,4975.0,4980.0
1673,2020-01-04,4753.0,4753.0,4753.0,4898.0,1125491990,117361,55,5003.0,4753.0
1674,2020-01-05,4654.0,4654.0,4654.0,4662.0,2544794560,271040,125,4898.0,4654.0
1675,2020-01-07,4429.0,4659.0,4429.0,4431.0,9098213200,1017688,241,4662.0,4429.0
1676,2020-01-08,4343.0,4343.0,4343.0,4425.0,162570148,18554,12,4431.0,4343.0
1677,2020-01-11,4513.0,4513.0,4513.0,4513.0,3818136694,419299,104,4425.0,4513.0
1678,2020-01-12,4739.0,4739.0,4739.0,4739.0,6871452456,718696,56,4513.0,4739.0
1679,2020-01-13,4975.0,4976.0,4798.0,4955.0,7771425794,777279,352,4739.0,4976.0
1680,2020-01-14,5155.0,5155.0,4858.0,4969.0,3136274997,312845,216,4955.0,4897.0
1681,2020-01-15,4887.0,4887.0,4721.0,4810.0,4699877467,484292,310,4969.0,4819.0
1682,2020-01-18,4947.0,5043.0,4813.0,4950.0,6533404380,654259,352,4810.0,4956.0
1683,2020-01-19,5129.0,5129.0,4833.0,4912.0,4043800508,408007,216,4950.0,4951.0
1684,2020-01-20,5055.0,5055.0,4748.0,4992.0,6347997520,630245,334,4912.0,4833.0
1685,2020-01-21,4957.0,5010.0,4858.0,4938.0,6833740914,685913,360,4992.0,4929.0
1686,2020-01-22,4980.0,5185.0,4929.0,5090.0,13782216529,1342099,632,4938.0,5184.0
1687,2020-01-25,5344.0,5344.0,5344.0,5266.0,2088128376,193668,126,5090.0,5344.0
1688,2020-01-26,5529.0,5529.0,5417.0,5525.0,15674633093,1406066,470,5266.0,5529.0
1689,2020-01-27,5802.0,5802.0,5561.0,5758.0,14994173625,1290675,490,5525.0,5802.0
1690,2020-01-28,6045.0,6045.0,5831.0,6028.0,23731574401,1951493,641,5758.0,6045.0
1691,2020-02-01,6294.0,6295.0,5740.0,6026.0,25978348708,2136801,1014,6028.0,6195.0
1692,2020-02-02,6027.0,6327.0,6027.0,6275.0,10482338474,827931,320,6026.0,6327.0
1693,2020-02-03,6589.0,6589.0,6445.0,6578.0,19670655495,1482222,700,6275.0,6589.0
1694,2020-02-04,6865.0,6865.0,6249.0,6310.0,16100045873,1264649,609,6578.0,6249.0
1695,2020-02-05,6022.0,6344.0,5995.0,6087.0,17728871703,1443645,807,6310.0,6027.0
1696,2020-02-08,6260.0,6260.0,5783.0,5862.0,17651808985,1492342,808,6087.0,5783.0
1697,2020-02-09,5938.0,6120.0,5626.0,5824.0,16161297485,1375266,721,5862.0,5968.0
1698,2020-02-10,5824.0,6096.0,5533.0,5693.0,12822199325,1116329,599,5824.0,5849.0
1699,2020-02-12,5898.0,5977.0,5774.0,5949.0,10847308439,903701,453,5693.0,5977.0
1700,2020-02-15,5997.0,6115.0,5700.0,5983.0,9987115610,827381,544,5949.0,5859.0
1701,2020-02-16,5799.0,6196.0,5734.0,5908.0,10595942006,888886,510,5983.0,5948.0
1702,2020-02-17,6047.0,6047.0,5700.0,5789.0,6218898581,532429,392,5908.0,5839.0
1703,2020-02-18,6047.0,6057.0,5762.0,5946.0,14835394208,1236664,498,5789.0,6056.0
1704,2020-02-19,6037.0,6176.0,5948.0,6091.0,10045712549,817385,455,5946.0,6171.0
1705,2020-02-22,5800.0,6396.0,5800.0,6274.0,4148968320,327759,211,6091.0,6396.0
1706,2020-02-23,6588.0,6588.0,6588.0,6524.0,2966551200,223200,97,6274.0,6588.0
1707,2020-02-24,6850.0,6850.0,6850.0,6770.0,2915332635,210935,128,6524.0,6850.0
1708,2020-02-25,7108.0,7108.0,7108.0,7108.0,4020728806,280366,87,6770.0,7108.0
1709,2020-02-26,7463.0,7463.0,7212.0,7445.0,35714641824,2377666,664,7108.0,7463.0
1710,2020-02-29,7559.0,7817.0,7098.0,7552.0,24869021145,1632159,782,7445.0,7817.0
1711,2020-03-01,7929.0,7929.0,7925.0,7929.0,19858603046,1241337,466,7552.0,7929.0
1712,2020-03-02,8325.0,8325.0,8184.0,8163.0,34537066155,2060785,1176,7929.0,8325.0
1713,2020-03-03,8571.0,8571.0,8426.0,8296.0,18830372964,1089018,667,8163.0,8571.0
1714,2020-03-04,8710.0,8710.0,7933.0,8331.0,27341198904,1619418,1250,8296.0,8079.0
1715,2020-03-07,7915.0,8078.0,7915.0,8259.0,8227540798,515115,314,8331.0,7915.0
1716,2020-03-09,7847.0,7847.0,7847.0,8240.0,2231838549,140979,95,8259.0,7847.0
1717,2020-03-10,7828.0,7828.0,7828.0,8228.0,1397721618,88497,81,8240.0,7828.0
1718,2020-03-11,7816.0,8078.0,7816.0,8075.0,18815278763,1188874,736,8228.0,7816.0
1719,2020-03-14,7671.0,7671.0,7671.0,8059.0,1896056316,122508,75,8075.0,7671.0
1720,2020-03-15,7656.0,7656.0,7656.0,8056.0,352176153,22799,33,8059.0,7656.0
1721,2020-03-16,7653.0,8047.0,7653.0,7911.0,21072118719,1351369,876,8056.0,7653.0
1722,2020-03-17,7516.0,7516.0,7516.0,7896.0,1870176120,123330,119,7911.0,7516.0
1723,2020-03-18,7501.0,7759.0,7501.0,7643.0,30200155366,1994085,927,7896.0,7501.0
1724,2020-03-24,7509.0,8023.0,7369.0,7707.0,24059945225,1533148,1231,7643.0,7907.0
1725,2020-03-25,8054.0,8092.0,7940.0,7819.0,16889356276,1039061,481,7707.0,8092.0
1726,2020-03-28,8209.0,8209.0,8129.0,7954.0,18537506695,1120544,653,7819.0,8209.0
1727,2020-03-29,8351.0,8351.0,7566.0,7960.0,22614937472,1406661,1052,7954.0,7734.0
1728,2020-03-30,7648.0,7863.0,7562.0,7891.0,11852286809,765592,700,7960.0,7831.0
1729,2020-04-04,8002.0,8285.0,7697.0,8039.0,43726679865,2687382,1652,7891.0,8285.0
1730,2020-04-05,8441.0,8441.0,8182.0,8188.0,22944909981,1356580,1271,8039.0,8394.0
1731,2020-04-06,8575.0,8575.0,7807.0,8189.0,13253246603,801966,958,8188.0,8208.0
1732,2020-04-07,8597.0,8597.0,8303.0,8261.0,15404833188,904901,1010,8189.0,8358.0
1733,2020-04-08,8575.0,8575.0,8034.0,8244.0,15225120492,920004,947,8261.0,8037.0
1734,2020-04-11,7930.0,8168.0,7832.0,8142.0,14987455580,938134,846,8244.0,7925.0
1735,2020-04-12,8142.0,8366.0,7931.0,8159.0,20550169147,1244781,837,8142.0,7990.0
1736,2020-04-13,8302.0,8302.0,7751.0,8076.0,13170093697,830665,610,8159.0,7794.0
1737,2020-04-14,7673.0,7881.0,7673.0,7976.0,12063150936,777505,592,8076.0,7680.0
1738,2020-04-15,7589.0,8228.0,7589.0,8007.0,24873340171,1534225,839,7976.0,8015.0
1739,2020-04-18,8358.0,8407.0,8358.0,8177.0,23551797774,1392226,611,8007.0,8407.0
1740,2020-04-19,8585.0,8585.0,7930.0,8224.0,16540604587,984808,769,8177.0,7930.0
1741,2020-04-20,7866.0,8525.0,7866.0,8200.0,14567611665,887018,524,8224.0,8036.0
1742,2020-04-21,8327.0,8610.0,7955.0,8333.0,32884428611,1937285,761,8200.0,8610.0
1743,2020-04-22,8750.0,8750.0,8750.0,8390.0,7398336994,419098,138,8333.0,8750.0
1744,2020-04-25,8809.0,8809.0,8809.0,8650.0,32630286031,1835947,631,8390.0,8809.0
1745,2020-04-26,9083.0,9083.0,8426.0,8773.0,31961648255,1789576,995,8650.0,8763.0
1746,2020-04-27,9070.0,9070.0,8334.0,8585.0,32969410738,1925846,1048,8773.0,8334.0
1747,2020-04-28,8157.0,8822.0,8157.0,8513.0,20161496772,1188769,840,8585.0,8500.0
1748,2020-04-29,8280.0,8916.0,8280.0,8639.0,33835464737,1926202,1255,8513.0,8873.0
1749,2020-05-02,9070.0,9071.0,8939.0,8867.0,27986236245,1530149,737,8639.0,9071.0
1750,2020-05-03,9310.0,9310.0,9098.0,9089.0,27744711305,1479078,692,8867.0,9310.0
1751,2020-05-04,9541.0,9543.0,8635.0,9239.0,30479542095,1614806,833,9089.0,9095.0
1752,2020-05-05,9701.0,9701.0,8777.0,9160.0,17303677998,952883,672,9239.0,8777.0
1753,2020-05-06,8702.0,9119.0,8702.0,9068.0,16127368506,901200,663,9160.0,8974.0
1754,2020-05-09,9071.0,9506.0,9071.0,9183.0,18061570291,952624,623,9068.0,9269.0
1755,2020-05-10,9616.0,9616.0,8729.0,9122.0,15488883729,854076,711,9183.0,8842.0
1756,2020-05-11,9068.0,9068.0,8666.0,9006.0,15388847923,870878,535,9122.0,8666.0
1757,2020-05-12,8556.0,8847.0,8556.0,8937.0,7236578119,419101,227,9006.0,8556.0
1758,2020-05-13,8491.0,8903.0,8491.0,8857.0,10847029671,626222,450,8937.0,8491.0
1759,2020-05-16,8414.0,8772.0,8414.0,8818.0,4228325749,249050,234,8857.0,8414.0
1760,2020-05-17,8377.0,9120.0,8377.0,8805.0,16625401759,938671,508,8818.0,8798.0
1761,2020-05-18,9119.0,9245.0,8798.0,9006.0,27722800868,1496431,1154,8805.0,9245.0
1762,2020-05-19,9456.0,9456.0,9245.0,9188.0,21902169223,1148829,531,9006.0,9456.0
1763,2020-05-20,9647.0,9647.0,9647.0,9340.0,17970799776,923284,380,9188.0,9647.0
1764,2020-05-23,9286.0,9286.0,8873.0,9237.0,12534321318,694296,360,9340.0,8873.0
1765,2020-05-26,8873.0,8873.0,8776.0,9186.0,5290445826,298667,207,9237.0,8776.0
1766,2020-05-27,8727.0,8921.0,8727.0,9074.0,12381505109,700241,385,9186.0,8862.0
1767,2020-05-30,8624.0,9412.0,8621.0,8987.0,19863862234,1111293,674,9074.0,8728.0
1768,2020-05-31,9080.0,9219.0,8538.0,8896.0,13056692016,747817,427,8987.0,8626.0
1769,2020-06-01,8872.0,9013.0,8466.0,8864.0,16423271572,924933,398,8896.0,8922.0
1770,2020-06-02,9021.0,9021.0,8461.0,8878.0,15047230335,836804,361,8864.0,8807.0
1771,2020-06-06,9269.0,9269.0,8471.0,8908.0,16240046304,897412,534,8878.0,9073.0
1772,2020-06-07,9269.0,9353.0,9073.0,9070.0,21568863137,1149264,465,8908.0,9353.0
1773,2020-06-08,9524.0,9524.0,8822.0,9350.0,35384272018,1847390,514,9070.0,9524.0
1774,2020-06-09,9818.0,9818.0,9818.0,9482.0,15522459968,783646,274,9350.0,9818.0
1775,2020-06-10,9956.0,9956.0,9923.0,9741.0,30736804280,1530389,451,9482.0,9956.0
1776,2020-06-13,10225.0,10225.0,10225.0,9824.0,9196317620,445774,223,9741.0,10225.0
1777,2020-06-14,10314.0,10314.0,9422.0,10062.0,34119170160,1659935,549,9824.0,10314.0
1778,2020-06-15,10562.0,10562.0,10091.0,10299.0,25689707530,1205585,243,10062.0,10562.0
1779,2020-06-16,10810.0,10810.0,10810.0,10364.0,7177758240,329104,95,10299.0,10810.0
1780,2020-06-20,10879.0,10879.0,10879.0,10488.0,12756703450,581171,200,10364.0,10879.0
1781,2020-06-21,11008.0,11008.0,10904.0,10651.0,16941640400,762881,390,10488.0,11008.0
1782,2020-06-22,11182.0,11182.0,11182.0,10711.0,5892040320,261172,132,10651.0,11182.0
1783,2020-06-23,11246.0,11246.0,11246.0,10954.0,24414394620,1075998,506,10711.0,11246.0
1784,2020-06-24,11449.0,11499.0,11003.0,11107.0,16126376980,696619,403,10954.0,11499.0
1785,2020-06-27,11663.0,11663.0,11663.0,11246.0,12920087700,549090,241,11107.0,11663.0
1786,2020-06-28,11806.0,11806.0,11806.0,11330.0,7818009840,328212,188,11246.0,11806.0
1787,2020-06-29,11895.0,11895.0,11895.0,11425.0,9054480000,377270,156,11330.0,11895.0
1788,2020-06-30,11995.0,11995.0,11995.0,11504.0,7394285800,305549,134,11425.0,11995.0
1789,2020-07-01,12079.0,12079.0,12079.0,11603.0,9435406010,387173,158,11504.0,12079.0
1790,2020-07-04,12183.0,12183.0,12183.0,11752.0,13294682920,540874,153,11603.0,12183.0
1791,2020-07-05,12337.0,12337.0,12337.0,11841.0,8326327250,334525,128,11752.0,12337.0
1792,2020-07-06,12431.0,12431.0,12431.0,11920.0,7096461240,282953,122,11841.0,12431.0
1793,2020-07-07,12515.0,12515.0,12515.0,12039.0,10971958250,434533,187,11920.0,12515.0
1794,2020-07-08,12639.0,12639.0,12639.0,12247.0,18716388000,733976,328,12039.0,12639.0
1795,2020-07-11,12857.0,12857.0,12857.0,12421.0,14982036100,577565,282,12247.0,12857.0
1796,2020-07-12,13040.0,13040.0,13040.0,12485.0,5543517000,210700,63,12421.0,13040.0
1797,2020-07-13,13105.0,13105.0,13105.0,12570.0,7338686400,277560,106,12485.0,13105.0
1798,2020-07-14,13194.0,13194.0,13194.0,12649.0,7049508400,264820,131,12570.0,13194.0
1799,2020-07-15,13278.0,13278.0,13278.0,12778.0,11138880150,415785,202,12649.0,13278.0
1800,2020-07-18,13412.0,13412.0,13412.0,12852.0,6158856000,227600,127,12778.0,13412.0
1801,2020-07-19,13491.0,13491.0,12213.0,12703.0,45775775460,1787467,893,12852.0,12213.0
1802,2020-07-20,12579.0,12579.0,12069.0,12163.0,58010883190,2363828,1797,12703.0,12069.0
1803,2020-07-21,11558.0,12094.0,11558.0,11841.0,30383657800,1289420,734,12163.0,11796.0
1804,2020-07-22,11306.0,11648.0,11251.0,11598.0,19039456390,836698,534,11841.0,11251.0
1805,2020-07-25,11107.0,12178.0,11018.0,11365.0,46352528870,2023763,950,11598.0,11400.0
1806,2020-07-26,11891.0,11891.0,10919.0,11390.0,11991774970,518439,375,11365.0,11038.0
1807,2020-07-27,10845.0,11588.0,10825.0,11261.0,12524253280,569424,433,11390.0,10835.0
1808,2020-07-28,10711.0,11112.0,10701.0,11127.0,11799903430,545144,360,11261.0,10701.0
1809,2020-07-29,10582.0,11400.0,10572.0,11023.0,14863539040,681932,501,11127.0,10865.0
1810,2020-08-01,11400.0,11405.0,10656.0,11073.0,14117071290,624163,439,11023.0,11053.0
1811,2020-08-02,11053.0,11623.0,10706.0,11107.0,13657257970,604006,469,11073.0,10904.0
1812,2020-08-03,10904.0,11097.0,10552.0,11028.0,9244005250,428938,325,11107.0,10656.0
1813,2020-08-04,11083.0,11474.0,10656.0,11043.0,15531203790,695408,511,11028.0,11152.0
1814,2020-08-05,11549.0,11568.0,10493.0,10939.0,13935812150,646229,442,11043.0,10493.0
1815,2020-08-09,11152.0,11152.0,10394.0,10974.0,26044674020,1172512,651,10939.0,10681.0
1816,2020-08-10,10433.0,11400.0,10428.0,10850.0,14418108920,676377,398,10974.0,10428.0
1817,2020-08-11,10309.0,10681.0,10309.0,10760.0,8019929590,385259,240,10850.0,10309.0
1818,2020-08-18,10959.0,10959.0,10225.0,10696.0,12747334000,600994,211,10760.0,10225.0
1819,2020-08-19,10165.0,10165.0,10165.0,10691.0,519285500,25331,22,10696.0,10165.0
1820,2020-08-22,10160.0,10165.0,10160.0,10681.0,1043711630,50937,65,10691.0,10160.0
1821,2020-08-23,10151.0,10151.0,10151.0,10676.0,246683970,12051,7,10681.0,10151.0
1822,2020-08-24,10146.0,10146.0,10146.0,10671.0,450999780,22043,13,10676.0,10146.0
1823,2020-08-25,10141.0,10413.0,10141.0,10279.0,35639312090,1741019,382,10671.0,10160.0
1824,2020-08-26,9823.0,10790.0,9823.0,10562.0,72014900150,3381229,575,10279.0,10790.0
1825,2020-08-31,11088.0,11088.0,11088.0,10899.0,33910818240,1516584,260,10562.0,11088.0
1826,2020-09-01,11440.0,11440.0,10423.0,11073.0,153095380000,6855299,1288,10899.0,11440.0
1827,2020-09-02,11554.0,11569.0,10661.0,11088.0,27475987290,1227219,748,11073.0,10870.0
1828,2020-09-05,11623.0,11623.0,10537.0,10984.0,13057316910,604666,411,11088.0,10736.0
1829,2020-09-06,10537.0,10909.0,10438.0,10959.0,2787222110,130784,65,10984.0,10438.0
1830,2020-09-07,10413.0,10413.0,10413.0,10954.0,288939000,13759,7,10959.0,10413.0
1831,2020-09-08,10408.0,10408.0,10408.0,10711.0,21117136430,1006057,121,10954.0,10408.0
1832,2020-09-09,10175.0,10607.0,10175.0,10443.0,23897876700,1162209,232,10711.0,10403.0
1833,2020-09-12,10661.0,10661.0,9922.0,10428.0,1597837120,78731,78,10443.0,9922.0
1834,2020-09-13,9908.0,9908.0,9908.0,10413.0,1245073680,62316,18,10428.0,9908.0
1835,2020-09-14,9893.0,9893.0,9893.0,10393.0,1649745300,82694,43,10413.0,9893.0
1836,2020-09-15,9878.0,10909.0,9878.0,10289.0,14407087190,710861,334,10393.0,9878.0
1837,2020-09-16,9779.0,10056.0,9779.0,10240.0,5029406430,254028,134,10289.0,9779.0
1838,2020-09-19,9729.0,9729.0,9729.0,10240.0,94823460,4833,14,10240.0,9729.0
1839,2020-09-20,9729.0,9729.0,9729.0,10240.0,58408740,2977,4,10240.0,9729.0
1840,2020-09-21,9729.0,9729.0,9729.0,10111.0,11935964340,608357,43,10240.0,9729.0
1841,2020-09-22,9610.0,9833.0,9610.0,10022.0,8372291620,431999,66,10111.0,9610.0
1842,2020-09-23,9521.0,9833.0,9521.0,9873.0,13711505120,714096,76,10022.0,9521.0
1843,2020-09-26,9382.0,9382.0,9382.0,9853.0,1976175080,104449,7,9873.0,9382.0
1844,2020-09-27,9362.0,9362.0,9362.0,9853.0,61133440,3238,3,9853.0,9362.0
1845,2020-09-28,9362.0,9362.0,9362.0,9848.0,361552000,19150,2,9853.0,9362.0
1846,2020-09-29,9357.0,9357.0,9357.0,9754.0,9006273600,477280,17,9848.0,9357.0
1847,2020-09-30,9268.0,9268.0,9268.0,9754.0,14484750,775,2,9754.0,9268.0
1848,2020-10-03,9268.0,9268.0,9268.0,9754.0,176994300,9470,10,9754.0,9268.0
1849,2020-10-04,9268.0,9268.0,9268.0,9754.0,73227420,3918,6,9754.0,9268.0
1850,2020-10-05,9268.0,9268.0,9268.0,9754.0,214168710,11459,10,9754.0,9268.0
1851,2020-10-06,9268.0,9268.0,9268.0,9689.0,6492289230,347367,103,9754.0,9268.0
1852,2020-10-07,9208.0,9863.0,9208.0,9585.0,10651194030,572159,248,9689.0,9233.0
1853,2020-10-10,9109.0,9422.0,9109.0,9560.0,2329976410,126793,81,9585.0,9109.0
1854,2020-10-11,9084.0,9422.0,9084.0,9446.0,13871239130,750746,449,9560.0,9084.0
1855,2020-10-12,8975.0,8975.0,8975.0,9436.0,1072370700,59247,67,9446.0,8975.0
1856,2020-10-13,8965.0,8965.0,8965.0,9427.0,945547840,52298,26,9436.0,8965.0
1857,2020-10-19,8955.0,8955.0,8955.0,9427.0,193693500,10725,13,9427.0,8955.0
1858,2020-10-20,8955.0,8955.0,8955.0,9427.0,31081260,1721,3,9427.0,8955.0
1859,2020-10-21,8955.0,8955.0,8955.0,9427.0,94562160,5236,6,9427.0,8955.0
1860,2020-10-24,8955.0,8955.0,8955.0,9427.0,117678960,6516,3,9427.0,8955.0
1861,2020-10-26,8955.0,8955.0,8955.0,9427.0,40526640,2244,4,9427.0,8955.0
1862,2020-10-27,8955.0,8955.0,8955.0,9352.0,7252896000,401600,103,9427.0,8955.0
1863,2020-10-28,8886.0,8886.0,8886.0,9332.0,1818880000,101500,38,9352.0,8886.0
1864,2020-10-31,8866.0,8866.0,8866.0,9332.0,42822600,2395,4,9332.0,8866.0
1865,2020-11-01,8866.0,8866.0,8866.0,9332.0,4541520,254,1,9332.0,8866.0
1866,2020-11-02,8866.0,9769.0,8866.0,9174.0,76562802230,4139060,763,9332.0,8866.0
1867,2020-11-04,8717.0,8926.0,8717.0,9154.0,1974127360,112113,91,9174.0,8717.0
1868,2020-11-07,8698.0,8698.0,8698.0,9154.0,5262000,300,1,9154.0,8698.0
1869,2020-11-08,8698.0,9610.0,8698.0,9228.0,31945664040,1708362,468,9154.0,9610.0
1870,2020-11-09,9347.0,9347.0,8767.0,9218.0,1162489840,64858,47,9228.0,8767.0
1871,2020-11-10,8762.0,8762.0,8762.0,9203.0,1322705520,74856,19,9218.0,8762.0
1872,2020-11-11,8747.0,8747.0,8747.0,9189.0,1587300120,89983,20,9203.0,8747.0
1873,2020-11-14,8732.0,9189.0,8732.0,8856.0,42920744650,2413167,698,9189.0,8732.0
1874,2020-11-15,8430.0,8698.0,8415.0,8782.0,8278933020,486802,254,8856.0,8415.0
1875,2020-11-16,8346.0,8346.0,8346.0,8782.0,257044590,15273,12,8782.0,8346.0
1876,2020-11-17,8346.0,8430.0,8346.0,8683.0,10134062990,602109,85,8782.0,8346.0
1877,2020-11-18,8251.0,8569.0,8251.0,8474.0,25200845780,1504245,481,8683.0,8256.0
1878,2020-11-21,8474.0,8474.0,8053.0,8380.0,11215882290,689510,213,8474.0,8053.0
1879,2020-11-22,7964.0,7964.0,7964.0,8370.0,883524840,55014,22,8380.0,7964.0
1880,2020-11-23,7954.0,8251.0,7954.0,8217.0,20591947790,1273660,382,8370.0,8122.0
1881,2020-11-24,8122.0,8122.0,7810.0,8157.0,7723682860,486935,257,8217.0,7899.0
1882,2020-11-25,8132.0,8132.0,7750.0,8117.0,7491410550,469811,221,8157.0,7934.0
1883,2020-11-28,7731.0,8375.0,7731.0,8122.0,8910571620,541791,337,8117.0,8231.0
1884,2020-11-29,8425.0,8430.0,8038.0,8162.0,15999745590,961458,365,8122.0,8360.0
1885,2020-11-30,8425.0,8569.0,7934.0,8450.0,45955282980,2685131,434,8162.0,8569.0
1886,2020-12-01,8628.0,8871.0,8231.0,8653.0,28415513810,1594832,501,8450.0,8871.0
1887,2020-12-02,9084.0,9084.0,8827.0,8797.0,20097967960,1100735,677,8653.0,9084.0
1888,2020-12-05,9223.0,9233.0,8678.0,8871.0,16110545320,885036,502,8797.0,9213.0
1889,2020-12-06,9223.0,9308.0,8430.0,8891.0,33771890870,1882195,881,8871.0,9045.0
1890,2020-12-07,8579.0,9099.0,8450.0,8876.0,13707978490,769182,589,8891.0,8727.0
1891,2020-12-08,8435.0,8926.0,8435.0,8851.0,7704614610,438246,261,8876.0,8871.0
1892,2020-12-09,8921.0,8926.0,8425.0,8737.0,22149978640,1277293,501,8851.0,8668.0
1893,2020-12-12,9174.0,9174.0,8306.0,8712.0,11708693090,672043,446,8737.0,8648.0
1894,2020-12-13,8643.0,8673.0,8316.0,8668.0,8349276630,490365,270,8712.0,8648.0
1895,2020-12-14,8648.0,8717.0,8236.0,8584.0,11025493540,657617,221,8668.0,8236.0
1896,2020-12-15,8157.0,8157.0,8157.0,8579.0,495145000,30100,31,8584.0,8157.0
1897,2020-12-16,8152.0,8365.0,8152.0,8544.0,3622022560,220229,170,8579.0,8152.0
1898,2020-12-19,8152.0,8970.0,8117.0,8762.0,78162305590,4424586,704,8544.0,8970.0
1899,2020-12-20,9198.0,9198.0,9198.0,8841.0,9698181150,522813,179,8762.0,9198.0
1900,2020-12-21,9283.0,9283.0,9283.0,9015.0,21219045120,1133496,75,8841.0,9283.0
1901,2020-12-22,9461.0,9461.0,9461.0,9084.0,8472073320,444029,84,9015.0,9461.0
1902,2020-12-23,9536.0,9536.0,9461.0,9536.0,117057267550,6087859,799,9084.0,9536.0
1903,2020-12-26,10002.0,10012.0,9694.0,9982.0,72020172580,3578354,1064,9536.0,10012.0
1904,2020-12-27,9486.0,10012.0,9486.0,9536.0,51383950220,2671501,906,9982.0,9486.0
1905,2020-12-28,9079.0,9079.0,9060.0,9506.0,2889300200,158118,114,9536.0,9060.0
1906,2020-12-29,9035.0,9977.0,9035.0,9555.0,60967368100,3163864,955,9506.0,9967.0
1907,2020-12-30,10027.0,10032.0,9818.0,9908.0,39735446570,1965740,805,9555.0,10032.0
1908,2021-01-02,10393.0,10393.0,9417.0,9779.0,18156533180,941679,442,9908.0,9417.0
1909,2021-01-03,10160.0,10160.0,9293.0,9610.0,21749683430,1145799,474,9779.0,9293.0
1910,2021-01-04,9149.0,9570.0,9134.0,9432.0,18604700670,1006083,533,9610.0,9134.0
1911,2021-01-05,9397.0,9868.0,9015.0,9476.0,38068349390,1989995,766,9432.0,9248.0
1912,2021-01-06,9317.0,9322.0,9005.0,9139.0,34858276760,1913111,446,9476.0,9005.0
1913,2021-01-09,9372.0,9595.0,8703.0,9327.0,30470459840,1597438,585,9139.0,9595.0
1914,2021-01-10,9793.0,9793.0,9793.0,9422.0,10777989750,545721,113,9327.0,9793.0
1915,2021-01-11,9893.0,9893.0,9893.0,9536.0,13190381400,661172,75,9422.0,9893.0
1916,2021-01-12,10012.0,10012.0,10002.0,10012.0,141281666540,6997608,902,9536.0,10012.0
1917,2021-01-18,9516.0,10111.0,9516.0,9729.0,45931720180,2345068,614,10012.0,9967.0
1918,2021-01-19,9917.0,10215.0,9917.0,10101.0,39758967660,1931457,270,9729.0,10215.0
1919,2021-01-20,10602.0,10602.0,10602.0,10200.0,10738639500,502275,88,10101.0,10602.0
1920,2021-01-23,10706.0,10706.0,10706.0,10314.0,11950280900,553510,91,10200.0,10706.0
1921,2021-01-24,10830.0,10830.0,10463.0,10770.0,69837689310,3215398,790,10314.0,10830.0
1922,2021-01-25,11306.0,11306.0,11306.0,11043.0,28146850800,1234511,195,10770.0,11306.0
1923,2021-01-26,11594.0,11594.0,11594.0,11301.0,26557879740,1135923,140,11043.0,11594.0
1924,2021-01-27,11861.0,11861.0,11861.0,11544.0,25044144320,1046996,159,11301.0,11861.0
1925,2021-01-30,12119.0,12119.0,12119.0,11747.0,18617585480,761767,124,11544.0,12119.0
1926,2021-01-31,12332.0,12332.0,12332.0,11965.0,19783214550,795465,120,11747.0,12332.0
1927,2021-02-01,12560.0,12560.0,12560.0,12139.0,15866787990,626403,126,11965.0,12560.0
1928,2021-02-02,12744.0,12744.0,11534.0,12094.0,332383062730,13625524,3432,12139.0,12129.0
1929,2021-02-03,11951.0,12694.0,11951.0,12531.0,61967219720,2451997,738,12094.0,12694.0
1930,2021-02-06,13156.0,13156.0,13156.0,12883.0,29486264430,1111431,125,12531.0,13156.0
1931,2021-02-07,13522.0,13522.0,13522.0,13151.0,22412013120,821856,87,12883.0,13522.0
1932,2021-02-08,13805.0,13805.0,13205.0,13746.0,166567088260,6008571,1645,13151.0,13805.0
1933,2021-02-09,13884.0,14430.0,13061.0,14043.0,168226833970,5939346,1850,13746.0,14430.0
1934,2021-02-13,14430.0,14871.0,13765.0,13904.0,101827284440,3631042,1465,14043.0,13765.0
1935,2021-02-14,13627.0,14430.0,13627.0,13954.0,138263645610,4913983,2045,13904.0,14147.0
1936,2021-02-15,14276.0,14787.0,14147.0,14767.0,266094172320,8935763,1197,13954.0,14787.0
1937,2021-02-16,14837.0,15293.0,14475.0,14603.0,129343722560,4392110,1094,14767.0,14475.0
1938,2021-02-17,14316.0,14603.0,14316.0,14380.0,126569205000,4364944,974,14603.0,14316.0
1939,2021-02-20,14093.0,14093.0,14093.0,14251.0,22207814300,781415,104,14380.0,14093.0
1940,2021-02-21,13969.0,13969.0,13969.0,14152.0,17002257030,603559,22,14251.0,13969.0
1941,2021-02-22,13870.0,13870.0,13870.0,14137.0,2450172000,87600,5,14152.0,13870.0
1942,2021-02-23,13855.0,13855.0,13855.0,14137.0,187645040,6716,8,14137.0,13855.0
1943,2021-02-24,13855.0,13855.0,13855.0,14013.0,21319365540,763041,21,14137.0,13855.0
1944,2021-02-27,13736.0,13736.0,13736.0,14013.0,136007000,4910,3,14013.0,13736.0
1945,2021-02-28,13736.0,13736.0,13736.0,14013.0,10193600,368,2,14013.0,13736.0
1946,2021-03-01,13736.0,13736.0,13736.0,14013.0,12326500,445,2,14013.0,13736.0
1947,2021-03-02,13736.0,13736.0,13736.0,13889.0,21872252400,789612,27,14013.0,13736.0
1948,2021-03-03,13612.0,13612.0,13612.0,13850.0,7056351900,257062,21,13889.0,13612.0
1949,2021-03-06,13577.0,13577.0,13577.0,13845.0,821400000,30000,2,13850.0,13577.0
1950,2021-03-07,13572.0,13572.0,13572.0,13840.0,467589080,17084,7,13845.0,13572.0
1951,2021-03-08,13567.0,13567.0,13567.0,13840.0,114747840,4194,1,13840.0,13567.0
1952,2021-03-09,13567.0,13567.0,13567.0,13840.0,25773120,942,2,13840.0,13567.0
1953,2021-03-10,13567.0,13567.0,13567.0,13830.0,2097280800,76655,11,13840.0,13567.0
1954,2021-03-13,13557.0,13557.0,13557.0,13815.0,2236439340,81801,6,13830.0,13557.0
1955,2021-03-14,13542.0,14643.0,13542.0,14113.0,223663004280,7859306,1480,13815.0,14643.0
1956,2021-03-15,14956.0,14956.0,14956.0,14956.0,161433873120,5352582,277,14113.0,14956.0
1957,2021-03-16,15848.0,15848.0,15848.0,15476.0,33382283920,1044502,129,14956.0,15848.0
1958,2021-03-17,16403.0,16403.0,16403.0,16002.0,33569517840,1014798,150,15476.0,16403.0
1959,2021-03-27,16860.0,16959.0,15684.0,16825.0,175673532950,5177998,896,16002.0,16959.0
1960,2021-03-28,17802.0,17832.0,16493.0,17038.0,149526120240,4352381,1822,16825.0,16825.0
1961,2021-03-30,16706.0,17579.0,16701.0,16790.0,67187958710,1984052,854,17038.0,16711.0
1962,2021-03-31,16800.0,17256.0,16790.0,16815.0,20638352450,607276,368,16790.0,16790.0
1963,2021-04-03,16815.0,17217.0,16815.0,16860.0,24329715270,713360,392,16815.0,17177.0
1964,2021-04-04,17871.0,17871.0,17871.0,17871.0,56348035440,1563486,476,16860.0,17871.0
1965,2021-04-05,17871.0,18927.0,17866.0,18189.0,76103100100,2074864,1311,17871.0,18744.0
1966,2021-04-06,18942.0,19280.0,18213.0,19076.0,135282465710,3516613,1926,18189.0,18908.0
1967,2021-04-07,18744.0,19716.0,18699.0,18992.0,96538096420,2520484,1160,19076.0,18699.0
1968,2021-04-10,18615.0,18615.0,18615.0,18724.0,35014308800,932720,94,18992.0,18615.0
1969,2021-04-11,18352.0,18352.0,18352.0,18724.0,298559670,8067,1,18724.0,18352.0
1970,2021-04-12,18352.0,18352.0,18352.0,18724.0,120652600,3260,6,18724.0,18352.0
1971,2021-04-13,18352.0,18352.0,18352.0,18724.0,93672310,2531,6,18724.0,18352.0
1972,2021-04-14,18352.0,18352.0,18352.0,18506.0,28545738980,771298,25,18724.0,18352.0
1973,2021-04-17,18139.0,18407.0,18139.0,18144.0,171477319120,4686465,1034,18506.0,18139.0
1974,2021-04-18,17782.0,18139.0,17782.0,17822.0,42766519900,1192545,159,18144.0,17782.0
1975,2021-04-19,17470.0,17470.0,17470.0,17623.0,26821550210,761327,28,17822.0,17470.0
1976,2021-04-20,17271.0,17271.0,17271.0,17623.0,15917310,457,2,17623.0,17271.0
1977,2021-04-21,17098.0,17098.0,17098.0,17623.0,71442560,2072,3,17623.0,17098.0
1978,2021-04-24,17098.0,17098.0,17098.0,17623.0,39134800,1135,2,17623.0,17098.0
1979,2021-04-26,17098.0,17098.0,17098.0,17623.0,18964000,550,1,17623.0,17098.0
1980,2021-04-27,17098.0,17098.0,17098.0,17623.0,5172000,150,1,17623.0,17098.0
1981,2021-04-28,17098.0,17098.0,17098.0,17623.0,103681360,3007,2,17623.0,17098.0
1982,2021-05-01,17098.0,17098.0,17098.0,17623.0,35031680,1016,2,17623.0,17098.0
1983,2021-05-02,17098.0,17098.0,17098.0,17623.0,8620000,250,1,17623.0,17098.0
1984,2021-05-03,17098.0,17098.0,17098.0,17623.0,59478000,1725,5,17623.0,17098.0
1985,2021-05-05,17098.0,17098.0,17098.0,17623.0,148057120,4294,3,17623.0,17098.0
1986,2021-05-08,17098.0,17098.0,17098.0,17623.0,5172000,150,1,17623.0,17098.0
1987,2021-05-10,17098.0,17098.0,17098.0,17618.0,498132560,14447,1,17623.0,17098.0
1988,2021-05-11,17093.0,17093.0,17093.0,17618.0,90483750,2625,3,17618.0,17093.0
1989,2021-05-12,17093.0,17093.0,17093.0,17618.0,5067090,147,1,17618.0,17093.0
1990,2021-05-15,16741.0,16741.0,16741.0,16741.0,100572829280,2979053,259,17618.0,16741.0
1991,2021-05-16,15908.0,15908.0,15908.0,15908.0,16628379280,518341,133,16741.0,15908.0
1992,2021-05-17,15114.0,15114.0,15114.0,15893.0,204947520,6724,4,15908.0,15114.0
1993,2021-05-18,15099.0,15099.0,15099.0,15699.0,3152427600,103528,5,15893.0,15099.0
1994,2021-05-19,14916.0,14916.0,14916.0,14916.0,20971234560,697182,34,15699.0,14916.0
1995,2021-05-22,14172.0,14172.0,14172.0,14916.0,14290000,500,1,14916.0,14172.0
1996,2021-05-23,14172.0,14172.0,14172.0,14841.0,1429000000,50000,10,14916.0,14172.0
1997,2021-05-24,14103.0,14103.0,14103.0,14479.0,6962595480,244817,18,14841.0,14103.0
1998,2021-05-25,13756.0,13756.0,13756.0,14479.0,5548000,200,1,14479.0,13756.0
1999,2021-05-26,13756.0,13756.0,13756.0,14479.0,5548000,200,1,14479.0,13756.0
2000,2021-05-29,13756.0,15203.0,13756.0,14638.0,66048236770,2237253,731,14479.0,15203.0
2001,2021-05-30,15367.0,15367.0,14479.0,15223.0,44940979360,1463649,616,14638.0,15144.0
2002,2021-05-31,15223.0,15223.0,14465.0,14956.0,5654840020,193153,68,15223.0,14465.0
2003,2021-06-01,14212.0,15699.0,14212.0,15491.0,77844992160,2492220,728,14956.0,15699.0
2004,2021-06-02,15570.0,16265.0,15570.0,16195.0,33138561200,1014758,365,15491.0,16265.0
2005,2021-06-07,16602.0,17003.0,16200.0,16840.0,37041795150,1090754,472,16195.0,17003.0
2006,2021-06-08,17108.0,17678.0,16840.0,17286.0,56533493400,1621893,703,16840.0,17356.0
2007,2021-06-09,17351.0,17842.0,17286.0,17365.0,56283648550,1607354,588,17286.0,17291.0
2008,2021-06-12,17375.0,18233.0,17365.0,18005.0,85689094400,2360086,906,17365.0,17896.0
2009,2021-06-13,18194.0,18347.0,18005.0,18060.0,24944017830,684841,423,18005.0,18010.0
2010,2021-06-14,18070.0,18273.0,17157.0,17881.0,41666090710,1155460,459,18060.0,17157.0
2011,2021-06-15,16989.0,16989.0,16989.0,17842.0,679923960,19846,7,17881.0,16989.0
2012,2021-06-21,17653.0,17842.0,16954.0,17276.0,18433149300,529012,173,17842.0,16954.0
2013,2021-06-22,16413.0,16825.0,16413.0,16458.0,55137643860,1661414,561,17276.0,16413.0
2014,2021-06-23,15818.0,16364.0,15640.0,15903.0,9519897570,300868,118,16458.0,15640.0
2015,2021-06-26,15109.0,15109.0,15109.0,15863.0,683533510,22433,19,15903.0,15109.0
2016,2021-06-27,15075.0,15075.0,15075.0,15848.0,233958400,7696,14,15863.0,15075.0
2017,2021-06-28,15060.0,15060.0,15060.0,15803.0,796210290,26217,11,15848.0,15060.0
2018,2021-06-29,15015.0,15015.0,15015.0,15794.0,192217440,6348,11,15803.0,15015.0
2019,2021-06-30,15005.0,15005.0,15005.0,15749.0,775261200,25620,20,15794.0,15005.0
2020,2021-07-03,14965.0,14965.0,14965.0,15739.0,193815960,6422,10,15749.0,14965.0
2021,2021-07-04,14956.0,14956.0,14956.0,15739.0,15954640,529,2,15739.0,14956.0
2022,2021-07-05,14956.0,16364.0,14956.0,15630.0,65835530240,2088573,1080,15739.0,15893.0
2023,2021-07-06,16066.0,16066.0,14851.0,15159.0,30495753330,997614,757,15630.0,14956.0
2024,2021-07-07,14851.0,15243.0,14405.0,14727.0,39190060890,1319363,804,15159.0,14475.0
2025,2021-07-10,14380.0,14777.0,13994.0,14167.0,18958970790,663630,436,14727.0,13994.0
2026,2021-07-11,13909.0,14698.0,13785.0,14232.0,20036624980,698025,480,14167.0,14182.0
2027,2021-07-12,14703.0,14703.0,13522.0,13904.0,44182513050,1575479,859,14232.0,14078.0
2028,2021-07-13,13919.0,14385.0,13637.0,14088.0,21896624010,770800,423,13904.0,14088.0
2029,2021-07-14,14792.0,14792.0,14142.0,14722.0,16340418120,550433,265,14088.0,14792.0
2030,2021-07-17,15456.0,15456.0,15456.0,15456.0,36141209790,1159487,162,14722.0,15456.0
2031,2021-07-18,15868.0,16091.0,15015.0,15630.0,49370465160,1566111,924,15456.0,15620.0
2032,2021-07-27,15640.0,15729.0,15188.0,15600.0,19477258070,619510,203,15630.0,15575.0
2033,2021-07-28,14821.0,15600.0,14821.0,14960.0,22848201310,757847,318,15600.0,15312.0
2034,2021-07-31,15684.0,15684.0,14216.0,14762.0,36997352020,1243640,573,14960.0,14439.0
2035,2021-08-01,14265.0,14920.0,14265.0,14652.0,9082672980,308963,300,14762.0,14449.0
2036,2021-08-02,15005.0,15332.0,14394.0,14990.0,13218159900,436096,304,14652.0,15104.0
2037,2021-08-03,15104.0,15302.0,14638.0,15049.0,7388592290,242616,157,14990.0,15268.0
2038,2021-08-04,15278.0,15799.0,14360.0,15273.0,34267809600,1113256,336,15049.0,14985.0
2039,2021-08-07,14717.0,15868.0,14717.0,15397.0,9414495010,301836,127,15273.0,15109.0
2040,2021-08-08,15064.0,15397.0,14811.0,15248.0,5581547940,184563,171,15397.0,15020.0
2041,2021-08-09,15630.0,15630.0,14891.0,15233.0,31240183240,1017706,288,15248.0,15630.0
2042,2021-08-10,15873.0,15992.0,15521.0,15848.0,20748458310,649651,250,15233.0,15992.0
2043,2021-08-11,16637.0,16637.0,16161.0,16612.0,43041614640,1285455,340,15848.0,16637.0
2044,2021-08-14,17441.0,17441.0,16642.0,17292.0,22073643700,633445,336,16612.0,17203.0
2045,2021-08-15,16672.0,17367.0,16429.0,16533.0,25965776760,779347,533,17292.0,17367.0
2046,2021-08-22,17357.0,17357.0,16682.0,17277.0,64112573470,1841203,436,16533.0,17357.0
2047,2021-08-23,18111.0,18111.0,16627.0,17515.0,18761812990,531448,298,17277.0,17481.0
2048,2021-08-24,17481.0,18359.0,16642.0,17114.0,57139835350,1656734,723,17515.0,16642.0
2049,2021-08-25,16429.0,16994.0,16260.0,16434.0,38088235980,1150090,631,17114.0,16260.0
2050,2021-08-28,16627.0,16865.0,16076.0,16449.0,33920937410,1023370,528,16434.0,16588.0
2051,2021-08-29,16870.0,16870.0,15630.0,16255.0,26519469480,809431,496,16449.0,15630.0
2052,2021-08-30,15446.0,15828.0,15446.0,15516.0,13543442210,433981,190,16255.0,15446.0
2053,2021-08-31,14742.0,16290.0,14742.0,16151.0,60470353100,1857746,566,15516.0,16290.0
2054,2021-09-01,16865.0,16865.0,15883.0,16359.0,22943091370,695972,342,16151.0,16047.0
2055,2021-09-04,15684.0,16325.0,15546.0,15645.0,26272657570,833173,572,16359.0,15565.0
2056,2021-09-05,15952.0,16424.0,15387.0,16176.0,58950442150,1808023,683,15645.0,16424.0
2057,2021-09-06,16816.0,16851.0,15675.0,16280.0,22506945780,685878,474,16176.0,15878.0
2058,2021-09-07,16364.0,16364.0,15610.0,16091.0,7192488720,224436,210,16280.0,15799.0
2059,2021-09-08,15799.0,16270.0,15431.0,15853.0,16319029160,510828,339,16091.0,15749.0
2060,2021-09-11,16295.0,16295.0,15546.0,16022.0,17711086430,548489,285,15853.0,16022.0
2061,2021-09-12,16091.0,16821.0,15223.0,16558.0,86956466290,2605491,827,16022.0,16821.0
2062,2021-09-13,16865.0,17069.0,15878.0,16379.0,34643454600,1049439,504,16558.0,15933.0
2063,2021-09-14,16374.0,16478.0,15729.0,16141.0,19236361450,591411,415,16379.0,16205.0
2064,2021-09-15,15739.0,16612.0,15739.0,16205.0,19587858820,599690,312,16141.0,16022.0
2065,2021-09-18,16359.0,16359.0,15397.0,15456.0,23869930180,766340,266,16205.0,15397.0
2066,2021-09-19,16052.0,16215.0,14687.0,15302.0,21313527540,691080,289,15456.0,15382.0
2067,2021-09-20,15600.0,15804.0,14687.0,15327.0,7352082830,237636,135,15302.0,14985.0
2068,2021-09-21,15843.0,15843.0,14563.0,14593.0,16364053190,556392,185,15327.0,14563.0
2069,2021-09-22,13908.0,14886.0,13908.0,14335.0,14284123610,494467,178,14593.0,14742.0
2070,2021-09-25,14876.0,14876.0,14042.0,14384.0,3798650230,129722,122,14335.0,14141.0
2071,2021-09-26,14141.0,14340.0,13764.0,14315.0,2797684560,99092,85,14384.0,13992.0
2072,2021-10-02,14489.0,15213.0,14489.0,14801.0,123425820270,4137712,314,14315.0,15213.0
2073,2021-10-03,15541.0,15541.0,15541.0,15541.0,29183005080,931769,39,14801.0,15541.0
2074,2021-10-04,16315.0,16315.0,16315.0,16315.0,29347800240,892573,64,15541.0,16315.0
2075,2021-10-06,17128.0,17128.0,17128.0,17128.0,35550249400,1029845,107,16315.0,17128.0
2076,2021-10-09,17982.0,17982.0,17193.0,17962.0,129777443080,3585263,543,17128.0,17391.0
2077,2021-10-10,17491.0,18860.0,17491.0,18552.0,280360860000,7498663,1256,17962.0,18860.0
2078,2021-10-11,19475.0,19475.0,19475.0,19475.0,50670062250,1290957,177,18552.0,19475.0
2079,2021-10-12,20448.0,20448.0,18548.0,20264.0,171976353270,4210994,1030,19475.0,20448.0
2080,2021-10-13,21277.0,21277.0,20666.0,21262.0,47310837870,1104230,339,20264.0,21277.0
2081,2021-10-16,22323.0,22323.0,22323.0,22209.0,14078090840,312916,143,21262.0,22323.0
2082,2021-10-19,23316.0,23316.0,22323.0,23043.0,132107881400,2844632,539,22209.0,23316.0
2083,2021-10-20,24090.0,24194.0,21892.0,22477.0,529857730220,11697137,2385,23043.0,21892.0
2084,2021-10-23,21356.0,21807.0,21356.0,21361.0,63158259400,1466983,436,22477.0,21584.0
2085,2021-10-25,21336.0,22070.0,20294.0,20949.0,55070227070,1304503,705,21361.0,21187.0
2086,2021-10-26,20106.0,21932.0,19902.0,20443.0,80707069880,1958954,694,20949.0,20170.0
2087,2021-10-27,20448.0,20448.0,19421.0,19475.0,54653682680,1392438,381,20443.0,19421.0
2088,2021-10-30,19550.0,19550.0,18503.0,18557.0,68761963700,1838455,254,19475.0,19327.0
2089,2021-10-31,19327.0,19470.0,17630.0,18314.0,64108219140,1736694,378,18557.0,17630.0
2090,2021-11-01,17401.0,17401.0,17401.0,17401.0,21399328230,610189,70,18314.0,17401.0
2091,2021-11-02,16533.0,17754.0,16533.0,16573.0,198312477730,5937074,1057,17401.0,16533.0
2092,2021-11-03,16027.0,16870.0,15794.0,16464.0,119513847460,3601742,1049,16573.0,16454.0
2093,2021-11-06,16771.0,16970.0,16106.0,16672.0,35666286270,1061464,717,16464.0,16235.0
2094,2021-11-07,15893.0,16865.0,15838.0,15987.0,35171450070,1091678,523,16672.0,15838.0
2095,2021-11-08,15977.0,16364.0,15258.0,15714.0,23666765850,747278,437,15987.0,15868.0
2096,2021-11-09,15878.0,15878.0,14930.0,15044.0,28326834640,934197,463,15714.0,14930.0
2097,2021-11-10,14454.0,15794.0,14454.0,15660.0,52917826140,1676988,363,15044.0,15794.0
2098,2021-11-13,16374.0,16439.0,14886.0,16305.0,102051671990,3106101,795,15660.0,16439.0
2099,2021-11-14,16771.0,17089.0,15828.0,16607.0,85416580910,2552124,872,16305.0,16746.0
2100,2021-11-15,17089.0,17089.0,15828.0,16126.0,26485482480,814919,411,16607.0,16290.0
2101,2021-11-16,16126.0,16126.0,15322.0,15352.0,70875868400,2290618,396,16126.0,15322.0
2102,2021-11-17,14687.0,15283.0,14588.0,14687.0,71402102280,2412464,642,15352.0,14588.0
2103,2021-11-20,14191.0,14955.0,13953.0,14231.0,20330412860,708937,379,14687.0,14375.0
2104,2021-11-21,14638.0,14940.0,13893.0,14861.0,36777917400,1228144,445,14231.0,14940.0
2105,2021-11-22,15486.0,15486.0,14633.0,15025.0,37212581930,1229148,594,14861.0,14717.0
2106,2021-11-23,14643.0,15079.0,14275.0,14365.0,25309038810,874273,559,15025.0,14275.0
2107,2021-11-24,14275.0,14638.0,13655.0,13997.0,26498312990,939233,528,14365.0,13695.0
2108,2021-11-27,13447.0,13983.0,13298.0,13481.0,12241350400,453555,284,13997.0,13298.0
2109,2021-11-28,12812.0,13318.0,12812.0,12891.0,32364013930,1245880,662,13481.0,12812.0
2110,2021-11-29,12812.0,13000.0,12251.0,12271.0,34973792640,1414145,379,12891.0,12251.0
2111,2021-11-30,11720.0,12881.0,11720.0,12831.0,73125094900,2827622,770,12271.0,12881.0
2112,2021-12-01,13248.0,13367.0,12191.0,12554.0,20939331730,827657,308,12831.0,12191.0
2113,2021-12-04,11928.0,11928.0,11928.0,12380.0,3986505120,165828,67,12554.0,11928.0
2114,2021-12-05,11765.0,12300.0,11765.0,11839.0,20261402030,849101,339,12380.0,12132.0
2115,2021-12-06,12370.0,12370.0,11665.0,12072.0,15985054650,656970,222,11839.0,11710.0
2116,2021-12-07,11482.0,11755.0,11472.0,11601.0,10874243720,470117,139,12072.0,11472.0
2117,2021-12-08,11040.0,11750.0,11040.0,11546.0,34571244730,1485954,284,11601.0,11660.0
2118,2021-12-11,11120.0,11601.0,11120.0,11507.0,2454187860,107644,105,11546.0,11263.0
2119,2021-12-12,10991.0,11909.0,10936.0,11502.0,33689905730,1453421,224,11507.0,11909.0
2120,2021-12-13,11993.0,12072.0,11611.0,12003.0,38138396390,1576824,358,11502.0,12072.0
2121,2021-12-14,12504.0,12598.0,12137.0,12454.0,25539491040,1017450,473,12003.0,12598.0
2122,2021-12-15,12256.0,13070.0,12256.0,12916.0,18482368040,710138,343,12454.0,12901.0
2123,2021-12-18,12951.0,13060.0,12291.0,12578.0,12054322180,478203,375,12916.0,12291.0
2124,2021-12-19,12291.0,12300.0,11953.0,11973.0,14613880900,605522,215,12578.0,11953.0
2125,2021-12-20,11378.0,12365.0,11378.0,11551.0,9837679560,427983,197,11973.0,11383.0
2126,2021-12-21,11085.0,12107.0,11085.0,11655.0,4568337150,191019,172,11551.0,11834.0
2127,2021-12-22,12122.0,12231.0,11512.0,11730.0,7146736110,300490,148,11655.0,11745.0
2128,2021-12-25,11660.0,12142.0,11179.0,11690.0,3950053510,169248,152,11730.0,11179.0
2129,2021-12-26,11308.0,12271.0,11110.0,11839.0,40573727820,1700526,528,11690.0,12271.0
2130,2021-12-27,12400.0,12430.0,12271.0,12360.0,14241120220,569006,256,11839.0,12430.0
2131,2021-12-28,12653.0,12653.0,11760.0,12072.0,15535709840,638426,343,12360.0,12087.0
2132,2021-12-29,12013.0,12673.0,11780.0,12276.0,25277129800,1021872,335,12072.0,12673.0
2133,2022-01-01,12673.0,12886.0,12469.0,12871.0,31672326410,1220836,260,12276.0,12886.0
2134,2022-01-02,13392.0,13511.0,13000.0,13486.0,58504033370,2152409,318,12871.0,13511.0
2135,2022-01-03,14151.0,14156.0,12901.0,13734.0,88427451780,3194765,798,13486.0,13462.0
2136,2022-01-04,13323.0,13730.0,13050.0,13149.0,46686981850,1761725,351,13734.0,13050.0
2137,2022-01-05,13149.0,13397.0,12573.0,13035.0,4752754950,184583,134,13149.0,12608.0
2138,2022-01-08,13040.0,13685.0,12683.0,13347.0,10509748100,386281,204,13035.0,13685.0
2139,2022-01-09,13730.0,14012.0,13730.0,13992.0,20783429140,737020,327,13347.0,14012.0
2140,2022-01-10,14156.0,14692.0,14156.0,14538.0,23510945250,802295,365,13992.0,14692.0
2141,2022-01-11,15228.0,15263.0,13844.0,14796.0,63644106610,2134251,576,14538.0,14543.0
2142,2022-01-12,14389.0,15536.0,14072.0,14861.0,7134626040,236677,174,14796.0,14886.0
2143,2022-01-15,14613.0,15307.0,14146.0,14776.0,4686586730,159395,142,14861.0,14588.0
2144,2022-01-16,15233.0,15233.0,14161.0,14717.0,5676244900,192679,144,14776.0,14856.0
2145,2022-01-17,14176.0,14935.0,14176.0,14702.0,1840904200,62644,75,14717.0,14672.0
2146,2022-01-18,13973.0,14489.0,13968.0,13973.0,23733284160,842933,123,14702.0,13968.0
2147,2022-01-19,14434.0,14434.0,13367.0,13978.0,1892253190,66995,87,13973.0,14191.0
2148,2022-01-22,14399.0,14399.0,13333.0,13933.0,2981909950,107594,107,13978.0,14012.0
2149,2022-01-23,14389.0,14628.0,13992.0,14166.0,6779682940,232575,159,13933.0,14528.0
2150,2022-01-24,14722.0,14866.0,14246.0,14384.0,8864627930,302292,164,14166.0,14633.0
2151,2022-01-25,14146.0,14687.0,13695.0,14251.0,5580706790,197448,139,14384.0,14087.0
2152,2022-01-26,13670.0,14881.0,13660.0,14201.0,2590298800,92043,104,14251.0,14211.0
2153,2022-01-29,13849.0,14732.0,13849.0,14712.0,33501487190,1129725,101,14201.0,14667.0
2154,2022-01-30,14241.0,15426.0,14122.0,14712.0,2553869650,86180,102,14712.0,14251.0
2155,2022-01-31,13978.0,15446.0,13978.0,15208.0,21466670970,700410,223,14712.0,15446.0
2156,2022-02-01,15451.0,15967.0,14613.0,15367.0,6902889950,219723,117,15208.0,15431.0
2157,2022-02-02,15456.0,15456.0,14687.0,15228.0,4777791640,159058,59,15367.0,15025.0
2158,2022-02-05,14737.0,15034.0,14469.0,14891.0,8046845950,273078,115,15228.0,14474.0
2159,2022-02-06,14251.0,14737.0,14251.0,14856.0,1096403670,37613,47,14891.0,14682.0
2160,2022-02-07,14151.0,14494.0,14117.0,14672.0,3581100710,125702,81,14856.0,14117.0
2161,2022-02-08,14042.0,14925.0,13943.0,14509.0,5400143970,188008,136,14672.0,14092.0
2162,2022-02-12,14509.0,14588.0,14082.0,14504.0,18222050140,623323,54,14509.0,14146.0
2163,2022-02-13,13948.0,15084.0,13893.0,14935.0,37643666410,1250551,252,14504.0,14846.0
2164,2022-02-14,14846.0,15223.0,14677.0,15000.0,5045000540,165370,85,14935.0,15030.0
2165,2022-02-16,15134.0,15134.0,14345.0,14896.0,6459362720,217319,139,15000.0,15000.0
2166,2022-02-19,14985.0,15476.0,14285.0,14955.0,6750326530,222866,117,14896.0,14558.0
2167,2022-02-20,15203.0,15620.0,14231.0,15089.0,8623477030,281655,134,14955.0,14955.0
2168,2022-02-21,14533.0,15620.0,14533.0,15352.0,20778670510,671556,148,15089.0,15044.0
2169,2022-02-22,15203.0,15481.0,14747.0,15426.0,34061352270,1095398,79,15352.0,15005.0
2170,2022-02-23,15129.0,15382.0,14657.0,15025.0,61465409770,2029981,212,15426.0,14657.0
2171,2022-02-26,14275.0,14553.0,14275.0,14300.0,46426212050,1610749,491,15025.0,14275.0
2172,2022-02-27,13958.0,14389.0,13586.0,13660.0,32922097400,1195697,455,14300.0,13586.0
2173,2022-02-28,13739.0,14087.0,12980.0,13367.0,36574591210,1357696,695,13660.0,13099.0
2174,2022-03-02,13342.0,13342.0,12712.0,12980.0,10511792190,404530,371,13367.0,13025.0
2175,2022-03-05,13268.0,13288.0,12658.0,12975.0,7017199650,268557,263,12980.0,12891.0
2176,2022-03-06,13298.0,13298.0,12722.0,13020.0,11069273560,421344,283,12975.0,13060.0
2177,2022-03-07,12752.0,13338.0,12752.0,13035.0,5626381950,213752,227,13020.0,12807.0
2178,2022-03-08,12697.0,12995.0,12385.0,12534.0,12026716870,479778,254,13035.0,12385.0
2179,2022-03-09,12256.0,12683.0,11909.0,12201.0,11225853820,459552,430,12534.0,12033.0
2180,2022-03-12,11646.0,12028.0,11596.0,11998.0,5242253670,223257,177,12201.0,11611.0
2181,2022-03-13,11894.0,11894.0,11452.0,11824.0,5956960860,255182,196,11998.0,11601.0
2182,2022-03-14,11894.0,11894.0,11288.0,11685.0,4827220190,209792,196,11824.0,11288.0
2183,2022-03-15,11556.0,11660.0,11229.0,11502.0,9772629300,424449,175,11685.0,11427.0
2184,2022-03-16,11199.0,11219.0,10931.0,11095.0,11139482010,502185,385,11502.0,11065.0
2185,2022-03-19,11229.0,11229.0,10767.0,11080.0,5691716250,255398,225,11095.0,11164.0
2186,2022-03-26,11402.0,11407.0,11134.0,11164.0,5756573790,252664,186,11080.0,11288.0
2187,2022-03-27,11338.0,11412.0,11075.0,11234.0,5579010820,243836,160,11164.0,11338.0
2188,2022-03-28,11710.0,11794.0,11368.0,11606.0,11792622540,498707,176,11234.0,11794.0
2189,2022-03-29,12157.0,12181.0,12072.0,12092.0,14211095690,579340,297,11606.0,12181.0
2190,2022-03-30,12529.0,12688.0,11938.0,12171.0,6726340620,271575,251,12092.0,12082.0
2191,2022-04-03,12171.0,12171.0,11566.0,11819.0,13126146820,552897,387,12171.0,11700.0
2192,2022-04-04,12047.0,12047.0,11229.0,11363.0,18371044260,802138,426,11819.0,11229.0
2193,2022-04-05,11536.0,11561.0,11273.0,11402.0,13064692950,568258,236,11363.0,11561.0
2194,2022-04-06,11378.0,11760.0,11263.0,11427.0,7894098410,342246,266,11402.0,11263.0
2195,2022-04-09,11477.0,11958.0,11472.0,11611.0,7803335900,328382,297,11427.0,11884.0
2196,2022-04-10,12142.0,12191.0,11730.0,12117.0,22465999450,920015,388,11611.0,12191.0
2197,2022-04-11,12598.0,12603.0,11923.0,12167.0,16174629490,659747,449,12117.0,12256.0
2198,2022-04-12,11725.0,12305.0,11561.0,11650.0,16172732050,688747,348,12167.0,11561.0
2199,2022-04-13,11611.0,12008.0,11313.0,11730.0,7846592960,329706,224,11650.0,11809.0
2200,2022-04-16,11512.0,12296.0,11512.0,12181.0,16356473770,666227,254,11730.0,12241.0
2201,2022-04-17,12489.0,12653.0,12251.0,12370.0,15724765080,630634,414,12181.0,12340.0
2202,2022-04-18,12405.0,12454.0,11988.0,12152.0,16264526610,664096,471,12370.0,12127.0
2203,2022-04-19,12345.0,12345.0,11938.0,12176.0,8699532810,353932,291,12152.0,12251.0
2204,2022-04-20,12390.0,12390.0,11909.0,12171.0,14931124410,608614,459,12176.0,12102.0
2205,2022-04-24,11923.0,12559.0,11923.0,12296.0,9801805020,393266,269,12171.0,12449.0
2206,2022-04-25,12554.0,12717.0,12191.0,12464.0,10076035230,398150,277,12296.0,12568.0
2207,2022-04-26,12777.0,13070.0,12405.0,12752.0,29734112260,1157172,574,12464.0,12941.0
2208,2022-04-27,13070.0,13387.0,12821.0,13149.0,60889934380,2297945,572,12752.0,13387.0
2209,2022-04-30,13218.0,13804.0,13149.0,13799.0,65694001960,2362098,350,13149.0,13804.0
2210,2022-05-01,14489.0,14489.0,14389.0,14489.0,394087552160,13496415,1266,13799.0,14489.0
2211,2022-05-02,15164.0,15213.0,14662.0,15183.0,167998741680,5490454,1167,14489.0,15213.0
2212,2022-05-07,15943.0,15943.0,15943.0,15943.0,32874387840,1023168,139,15183.0,15943.0
2213,2022-05-08,16736.0,16736.0,16736.0,16736.0,43368077660,1285742,129,15943.0,16736.0
2214,2022-05-09,17367.0,17570.0,15903.0,16702.0,455298654520,13526230,3626,16736.0,16116.0
2215,2022-05-10,15868.0,16543.0,15868.0,15918.0,308231594230,9609497,2751,16702.0,15868.0
2216,2022-05-11,16067.0,16682.0,15154.0,16186.0,88226792240,2704868,1562,15918.0,16354.0
2217,2022-05-14,16870.0,16870.0,15377.0,15729.0,165359858550,5216859,1771,16186.0,15536.0
2218,2022-05-15,15729.0,15739.0,14945.0,15243.0,94303353710,3070022,911,15729.0,14945.0
2219,2022-05-16,14980.0,15278.0,14484.0,14737.0,108550443200,3654389,1603,15243.0,14836.0
2220,2022-05-17,15178.0,15377.0,14489.0,14910.0,52385900590,1743143,909,14737.0,14613.0
2221,2022-05-18,14980.0,14990.0,14166.0,14464.0,36573450040,1254646,645,14910.0,14166.0
2222,2022-05-21,14389.0,14389.0,13744.0,13804.0,68291529780,2455028,1045,14464.0,13744.0
2223,2022-05-22,13546.0,14315.0,13541.0,14062.0,51417313080,1814535,787,13804.0,13893.0
2224,2022-05-23,13596.0,14380.0,13362.0,13526.0,25575258820,938178,452,14062.0,13362.0
2225,2022-05-24,12866.0,13268.0,12851.0,12871.0,41475890460,1599070,708,13526.0,12851.0
2226,2022-05-25,12425.0,13129.0,12420.0,12826.0,24188978050,935644,570,12871.0,12896.0
2227,2022-05-28,13099.0,13099.0,12186.0,12449.0,22570126670,899643,672,12826.0,12186.0
2228,2022-05-29,11968.0,12340.0,11829.0,11928.0,22695226860,943887,521,12449.0,12057.0
2229,2022-05-30,11928.0,12211.0,11675.0,11884.0,12935562310,540194,410,11928.0,11904.0
2230,2022-05-31,12122.0,12474.0,11889.0,12420.0,47637299490,1902850,656,11884.0,12474.0
2231,2022-06-01,12643.0,13040.0,12459.0,12931.0,59945725270,2300228,935,12420.0,12802.0
2232,2022-06-06,12941.0,13025.0,12286.0,12410.0,25390556300,1015346,366,12931.0,12286.0
2233,2022-06-07,11824.0,12613.0,11809.0,11993.0,14443451430,597616,454,12410.0,11829.0
2234,2022-06-08,11517.0,12335.0,11517.0,12003.0,9077432460,374980,273,11993.0,12137.0
2235,2022-06-11,12137.0,12137.0,11407.0,11531.0,22815212820,981537,561,12003.0,11407.0
2236,2022-06-12,11397.0,11531.0,11020.0,11348.0,15662455990,684937,420,11531.0,11497.0
2237,2022-06-13,11576.0,11913.0,11576.0,11839.0,34081948880,1428339,554,11348.0,11889.0
2238,2022-06-14,11909.0,12296.0,11442.0,11933.0,14650002320,609126,423,11839.0,12067.0
2239,2022-06-15,12132.0,12152.0,11631.0,11958.0,11486914610,476380,285,11933.0,11814.0
2240,2022-06-18,11641.0,11854.0,11363.0,11655.0,11402334520,488900,332,11958.0,11536.0
2241,2022-06-19,11437.0,11938.0,11075.0,11631.0,9854725780,420893,289,11655.0,11492.0
2242,2022-06-20,11730.0,11730.0,11298.0,11546.0,8086187980,349474,239,11631.0,11298.0
2243,2022-06-21,11412.0,11512.0,11254.0,11422.0,10159692370,443211,257,11546.0,11507.0
2244,2022-06-22,11507.0,11596.0,11263.0,11392.0,6154462970,269046,191,11422.0,11392.0
2245,2022-06-25,11507.0,11725.0,11507.0,11482.0,6943705740,297212,182,11392.0,11611.0
2246,2022-06-26,11710.0,11710.0,10926.0,11298.0,13685886730,601746,204,11482.0,11174.0
2247,2022-06-27,11368.0,11368.0,10926.0,11204.0,6969122090,311573,247,11298.0,11204.0
2248,2022-06-28,11363.0,11760.0,11065.0,11392.0,8319201600,357517,251,11204.0,11606.0
2249,2022-06-29,11884.0,11884.0,11477.0,11541.0,9323316740,397578,258,11392.0,11536.0
2250,2022-07-02,11864.0,11864.0,11164.0,11437.0,10701251570,465882,202,11541.0,11358.0
2251,2022-07-03,11412.0,11576.0,11214.0,11388.0,10216080200,445978,221,11437.0,11323.0
2252,2022-07-04,11318.0,11606.0,11288.0,11383.0,4291974450,187323,154,11388.0,11328.0
2253,2022-07-05,11318.0,11551.0,11214.0,11368.0,9033079950,394627,249,11383.0,11358.0
2254,2022-07-06,11556.0,11556.0,11179.0,11293.0,12067849830,531056,167,11368.0,11358.0
2255,2022-07-09,11452.0,11452.0,11219.0,11288.0,4685444330,206167,143,11293.0,11288.0
2256,2022-07-11,11383.0,11383.0,10728.0,10837.0,15999797830,732571,343,11288.0,10728.0
2257,2022-07-12,10420.0,10494.0,10296.0,10311.0,23263749450,1119475,448,10837.0,10296.0
2258,2022-07-13,9944.0,10494.0,9944.0,10266.0,5861672590,284916,210,10311.0,10137.0
2259,2022-07-16,10465.0,10777.0,10083.0,10767.0,22968777070,1058439,301,10266.0,10777.0
2260,2022-07-25,10229.0,10229.0,10229.0,10638.0,3481406760,169494,18,10767.0,10229.0
2261,2022-07-26,10110.0,10110.0,10110.0,10513.0,3274735100,161317,43,10638.0,10110.0
2262,2022-07-27,9990.0,9990.0,9990.0,10384.0,3477180340,173339,86,10513.0,9990.0
2263,2022-07-30,9866.0,10379.0,9866.0,9970.0,23896080950,1193582,567,10384.0,9866.0
2264,2022-07-31,9711.0,9711.0,9472.0,9657.0,9123929350,478487,233,9970.0,9472.0
2265,2022-08-01,9702.0,9702.0,9179.0,9413.0,8629643400,463088,252,9657.0,9179.0
2266,2022-08-02,9263.0,9263.0,8945.0,9189.0,6246038990,347678,148,9413.0,8945.0
2267,2022-08-03,8740.0,9014.0,8730.0,8800.0,16474555520,932363,456,9189.0,8835.0
2268,2022-08-06,8935.0,8935.0,8372.0,8656.0,13884005980,799606,402,8800.0,8691.0
2269,2022-08-09,8656.0,8920.0,8656.0,8676.0,3255406870,185240,168,8656.0,8671.0
2270,2022-08-10,8432.0,8765.0,8432.0,8656.0,4403999760,254896,168,8676.0,8591.0
2271,2022-08-13,8566.0,9084.0,8521.0,8925.0,20008658640,1116276,477,8656.0,9084.0
2272,2022-08-14,9213.0,9368.0,9094.0,9318.0,27932856160,1492786,570,8925.0,9368.0
2273,2022-08-15,9487.0,9487.0,9014.0,9238.0,17309504300,933325,537,9318.0,9308.0
2274,2022-08-16,9378.0,9378.0,8795.0,9069.0,12593135000,694543,399,9238.0,9029.0
2275,2022-08-17,9029.0,9134.0,8860.0,9009.0,8585865150,477130,261,9069.0,8940.0
2276,2022-08-20,8740.0,9318.0,8725.0,9049.0,14942555850,822294,403,9009.0,9089.0
2277,2022-08-21,9393.0,9393.0,8820.0,9069.0,6819745840,373420,223,9049.0,8969.0
2278,2022-08-22,9333.0,9333.0,8805.0,8979.0,7194348020,403353,216,9069.0,8815.0
2279,2022-08-23,8681.0,9189.0,8676.0,9014.0,6554087500,360401,228,8979.0,9109.0
2280,2022-08-24,9223.0,9223.0,9024.0,9049.0,7237200990,396643,207,9014.0,9139.0
2281,2022-08-27,9079.0,9243.0,9044.0,9089.0,7304305230,398191,174,9049.0,9044.0
2282,2022-08-28,8815.0,9144.0,8815.0,9074.0,3842632750,211950,101,9089.0,9094.0
2283,2022-08-29,9213.0,9527.0,9094.0,9452.0,23196937480,1222357,419,9074.0,9527.0
2284,2022-08-30,9697.0,9911.0,9617.0,9711.0,13944010330,711886,312,9452.0,9876.0
2285,2022-08-31,9916.0,9916.0,9438.0,9657.0,10713840910,554204,325,9711.0,9637.0
2286,2022-09-03,9373.0,9582.0,9179.0,9263.0,21718570250,1167586,364,9657.0,9179.0
2287,2022-09-07,8979.0,9462.0,8979.0,9268.0,1067447850,57055,66,9263.0,9194.0
2288,2022-09-10,8945.0,9184.0,8805.0,8989.0,10073599540,565588,276,9268.0,8890.0
2289,2022-09-11,8666.0,9029.0,8666.0,8945.0,4666019400,262686,95,8989.0,8770.0
2290,2022-09-12,8949.0,9084.0,8666.0,8925.0,1828336760,103755,93,8945.0,8815.0
2291,2022-09-13,8566.0,8915.0,8566.0,8895.0,3169054230,179335,115,8925.0,8815.0
2292,2022-09-14,8820.0,8954.0,8691.0,8880.0,2163231680,122626,89,8895.0,8691.0
2293,2022-09-18,8526.0,8959.0,8526.0,8830.0,2610871910,150992,92,8880.0,8596.0
2294,2022-09-19,8526.0,8815.0,8526.0,8785.0,3198464930,184506,90,8830.0,8596.0
2295,2022-09-20,8591.0,8765.0,8556.0,8770.0,1271990310,73361,73,8785.0,8581.0
2296,2022-09-21,8541.0,8705.0,8417.0,8720.0,3006456000,175391,65,8770.0,8496.0
2297,2022-09-24,8412.0,8466.0,8287.0,8656.0,2251902300,134757,113,8720.0,8322.0
2298,2022-09-26,8237.0,8551.0,8227.0,8576.0,3578193550,213687,108,8656.0,8342.0
2299,2022-09-28,8267.0,8825.0,8158.0,8616.0,9081407980,523217,197,8576.0,8466.0
2300,2022-10-01,8367.0,8561.0,8188.0,8566.0,2057521430,123954,102,8616.0,8317.0
2301,2022-10-02,8183.0,8387.0,8143.0,8526.0,1599166790,97233,84,8566.0,8202.0
2302,2022-10-03,8461.0,8461.0,8168.0,8486.0,1819765530,110247,83,8526.0,8262.0
2303,2022-10-04,8417.0,8910.0,8173.0,8845.0,29165212620,1642632,358,8486.0,8910.0
2304,2022-10-08,8959.0,9199.0,8466.0,8775.0,15926744400,903846,380,8845.0,8606.0
2305,2022-10-09,8456.0,8840.0,8337.0,8491.0,11124444300,658833,190,8775.0,8337.0
2306,2022-10-10,8153.0,8561.0,8153.0,8481.0,2193792200,129415,67,8491.0,8466.0
2307,2022-10-11,8566.0,8790.0,8307.0,8486.0,2661265250,155781,94,8481.0,8551.0
2308,2022-10-12,8481.0,8591.0,8322.0,8476.0,4330717970,255234,79,8486.0,8402.0
2309,2022-10-15,8835.0,8835.0,8466.0,8481.0,1363588990,79654,52,8476.0,8466.0
2310,2022-10-16,8307.0,8511.0,8307.0,8471.0,2199637880,130385,60,8481.0,8357.0
2311,2022-10-17,8471.0,8486.0,8342.0,8461.0,2418594790,143078,65,8471.0,8442.0
2312,2022-10-18,8850.0,8850.0,8217.0,8442.0,2794319740,166315,67,8461.0,8277.0
2313,2022-10-19,8466.0,8636.0,8397.0,8437.0,3505063060,207073,42,8442.0,8476.0
2314,2022-10-22,8491.0,8516.0,8317.0,8437.0,1871871670,110603,60,8437.0,8466.0
2315,2022-10-23,8217.0,8417.0,8192.0,8397.0,3207003850,193654,68,8437.0,8312.0
2316,2022-10-24,8192.0,8402.0,8192.0,8382.0,1439901240,87009,60,8397.0,8227.0
2317,2022-10-25,8103.0,8556.0,7963.0,8297.0,4869210030,298128,107,8382.0,8133.0
2318,2022-10-26,8078.0,8138.0,7884.0,8028.0,9558002580,602540,150,8297.0,7884.0
2319,2022-10-29,8242.0,8242.0,7630.0,7924.0,4119238190,267860,101,8028.0,7630.0
2320,2022-10-30,7535.0,7620.0,7530.0,7774.0,5540550120,365871,129,7924.0,7530.0
2321,2022-10-31,7426.0,7919.0,7426.0,7759.0,5859803770,377240,161,7774.0,7819.0
2322,2022-11-01,7819.0,8063.0,7625.0,7774.0,4493310290,286636,172,7759.0,7859.0
2323,2022-11-02,7889.0,7968.0,7630.0,7769.0,1422691500,91876,75,7774.0,7754.0
2324,2022-11-05,7769.0,8043.0,7769.0,7834.0,5232831580,327229,145,7769.0,8038.0
2325,2022-11-06,8038.0,8038.0,7824.0,7839.0,1218099720,76620,57,7834.0,7914.0
2326,2022-11-07,8023.0,8227.0,8023.0,8058.0,9451593650,573366,152,7839.0,8227.0
2327,2022-11-08,8446.0,8456.0,8073.0,8103.0,4321098180,261863,132,8058.0,8168.0
2328,2022-11-09,7869.0,8417.0,7729.0,8073.0,7636483500,473065,152,8103.0,8118.0
2329,2022-11-12,8352.0,8476.0,8168.0,8446.0,15782308380,930813,220,8073.0,8476.0
2330,2022-11-13,8536.0,8865.0,8516.0,8810.0,24657705220,1393562,293,8446.0,8865.0
2331,2022-11-14,8900.0,9248.0,8815.0,9094.0,23735118790,1299539,488,8810.0,9014.0
2332,2022-11-15,9174.0,9194.0,8641.0,8760.0,18540740330,1053796,340,9094.0,8641.0
2333,2022-11-16,8506.0,9194.0,8372.0,8999.0,39191115520,2168656,447,8760.0,9194.0
2334,2022-11-19,9448.0,9448.0,9129.0,9388.0,56138800220,2978904,515,8999.0,9213.0
2335,2022-11-20,9213.0,9413.0,8940.0,9134.0,16575958240,903672,375,9388.0,9104.0
2336,2022-11-21,8989.0,9064.0,8920.0,9059.0,5818981750,324034,137,9134.0,8925.0
2337,2022-11-22,8765.0,8999.0,8611.0,8994.0,5428703030,304592,184,9059.0,8999.0
2338,2022-11-23,9109.0,9109.0,8765.0,8945.0,4429701870,249653,129,8994.0,8890.0
2339,2022-11-26,8860.0,8935.0,8646.0,8910.0,2591668460,147459,90,8945.0,8720.0
2340,2022-11-27,8671.0,9233.0,8616.0,8865.0,10361505630,583213,172,8910.0,9019.0
2341,2022-11-28,8735.0,9129.0,8735.0,8890.0,4294281530,238701,103,8865.0,8735.0
2342,2022-11-29,8686.0,9089.0,8686.0,8895.0,3977190130,222439,106,8890.0,8925.0
2343,2022-11-30,9064.0,9233.0,9024.0,8945.0,3449746990,188664,94,8895.0,9054.0
2344,2022-12-03,9059.0,9213.0,8979.0,8994.0,5534534130,303287,129,8945.0,9034.0
2345,2022-12-04,8860.0,9164.0,8820.0,8984.0,5560289370,308685,120,8994.0,9089.0
2346,2022-12-05,9184.0,9184.0,8855.0,8979.0,1198696450,66715,74,8984.0,9049.0
2347,2022-12-06,8815.0,9114.0,8815.0,9019.0,7561646610,415614,148,8979.0,9099.0
2348,2022-12-07,8875.0,9467.0,8875.0,9353.0,29846555220,1589370,250,9019.0,9467.0
2349,2022-12-10,9816.0,9816.0,9612.0,9811.0,67526015050,3428394,530,9353.0,9811.0
2350,2022-12-11,9791.0,9791.0,9323.0,9452.0,14191374800,749492,312,9811.0,9388.0
2351,2022-12-14,9921.0,9921.0,9462.0,9761.0,18295742280,933570,231,9452.0,9612.0
2352,2022-12-17,9353.0,9637.0,9353.0,9617.0,7247389290,381204,249,9761.0,9562.0
2353,2022-12-18,9662.0,10095.0,9433.0,9786.0,15686130000,798346,346,9617.0,9811.0
2354,2022-12-19,10090.0,10090.0,9647.0,9791.0,6604419360,335566,181,9786.0,9662.0
2355,2022-12-20,9672.0,9731.0,9443.0,9746.0,4503781990,232714,106,9791.0,9687.0
2356,2022-12-21,9687.0,9861.0,9662.0,9751.0,3227702480,164624,133,9746.0,9662.0
2357,2022-12-24,9672.0,9951.0,9672.0,9806.0,9851117610,498889,226,9751.0,9906.0
2358,2022-12-25,9906.0,10110.0,9761.0,9921.0,28261090030,1418419,363,9806.0,9866.0
2359,2022-12-26,9816.0,10045.0,9751.0,9866.0,13955756290,704852,249,9921.0,9761.0
2360,2022-12-28,9761.0,10354.0,9761.0,10160.0,16577237260,812592,286,9866.0,10150.0
2361,2022-12-31,10319.0,10319.0,9662.0,9990.0,6816833790,346418,166,10160.0,9741.0
2362,2023-01-01,9637.0,9951.0,9492.0,9557.0,19838027850,1033763,311,9990.0,9492.0
2363,2023-01-02,9218.0,9781.0,9218.0,9597.0,7561811000,391125,184,9557.0,9647.0
2364,2023-01-03,9597.0,9702.0,9119.0,9273.0,14163691160,760487,267,9597.0,9323.0
2365,2023-01-04,9438.0,9438.0,9129.0,9248.0,4883083410,264278,126,9273.0,9263.0
2366,2023-01-07,9507.0,9612.0,9328.0,9383.0,7297842740,381247,146,9248.0,9512.0
2367,2023-01-08,9522.0,9851.0,9522.0,9806.0,27988396740,1421631,239,9383.0,9781.0
2368,2023-01-09,9791.0,9980.0,9672.0,9826.0,14199534890,719588,256,9806.0,9911.0
2369,2023-01-10,10105.0,10105.0,9716.0,9896.0,11144834620,559023,218,9826.0,9826.0
2370,2023-01-11,9507.0,10354.0,9507.0,10040.0,21790145340,1080999,362,9896.0,9926.0
2371,2023-01-14,10180.0,10384.0,9612.0,10185.0,11393005610,554425,272,10040.0,10319.0
2372,2023-01-16,10319.0,10693.0,10319.0,10588.0,18827404130,885600,339,10185.0,10473.0
2373,2023-01-21,10708.0,10708.0,10254.0,10468.0,10096750270,483001,174,10588.0,10394.0
2374,2023-01-22,10060.0,10991.0,10060.0,10827.0,41474030810,1908150,369,10468.0,10991.0
2375,2023-01-23,11330.0,11365.0,10608.0,11270.0,47561668680,2101992,652,10827.0,11156.0
2376,2023-01-24,11554.0,11554.0,10872.0,11176.0,22180435570,988405,308,11270.0,11086.0
2377,2023-01-25,11036.0,11036.0,10618.0,10658.0,25959774630,1213143,232,11176.0,10618.0
2378,2023-01-28,10135.0,10638.0,10135.0,10404.0,9198959140,446446,180,10658.0,10389.0
2379,2023-01-29,10010.0,10010.0,9886.0,9886.0,17416611730,877234,111,10404.0,9886.0
2380,2023-01-30,9393.0,10359.0,9393.0,10060.0,25011819200,1238022,346,9886.0,10294.0
2381,2023-01-31,10459.0,10563.0,10190.0,10483.0,25774117500,1224225,275,10060.0,10563.0
2382,2023-02-01,10488.0,10653.0,10209.0,10444.0,4942888660,237503,143,10483.0,10279.0
2383,2023-02-05,10040.0,10454.0,9926.0,10020.0,14604327660,725761,231,10444.0,10359.0
2384,2023-02-06,9995.0,10449.0,9995.0,10100.0,11195990750,550616,205,10020.0,10115.0
2385,2023-02-07,10100.0,10568.0,10100.0,10165.0,3704889360,178218,128,10100.0,10284.0
2386,2023-02-08,10160.0,10434.0,10010.0,10155.0,2827199510,139156,94,10165.0,10035.0
2387,2023-02-12,9761.0,10254.0,9761.0,10120.0,2905161630,145176,72,10155.0,10050.0
2388,2023-02-13,10100.0,10105.0,9866.0,10075.0,3545016180,177562,122,10120.0,9911.0
2389,2023-02-14,9781.0,9911.0,9572.0,9896.0,5743891500,297026,144,10075.0,9572.0
2390,2023-02-15,9577.0,9786.0,9527.0,9846.0,3184737270,164147,87,9896.0,9672.0
2391,2023-02-19,9612.0,9911.0,9462.0,9806.0,2208339500,114673,95,9846.0,9522.0
2392,2023-02-20,9856.0,10005.0,9781.0,9856.0,8094790920,407417,203,9806.0,9891.0
2393,2023-02-21,10344.0,10344.0,10115.0,10304.0,15442280400,745858,169,9856.0,10115.0
2394,2023-02-22,9836.0,10110.0,9791.0,9995.0,10051562840,508593,209,10304.0,9990.0
2395,2023-02-25,9990.0,10493.0,9990.0,10414.0,29841231780,1426800,274,9995.0,10493.0
2396,2023-02-26,10817.0,10932.0,10518.0,10872.0,105899707670,4852066,1522,10414.0,10932.0
2397,2023-02-27,11255.0,11255.0,10468.0,10722.0,11448700960,534682,390,10872.0,10538.0
2398,2023-02-28,10528.0,10782.0,10229.0,10384.0,17316956970,830465,333,10722.0,10229.0
2399,2023-03-01,10165.0,10802.0,9901.0,10339.0,33067793190,1592974,445,10384.0,10459.0
2400,2023-03-04,10747.0,10797.0,10274.0,10548.0,12222437400,574126,238,10339.0,10473.0
2401,2023-03-05,10852.0,10852.0,10085.0,10249.0,16939007990,823071,363,10548.0,10200.0
2402,2023-03-06,10757.0,10757.0,10234.0,10658.0,40259441700,1881659,502,10249.0,10563.0
2403,2023-03-07,10359.0,10613.0,10249.0,10384.0,15003778340,719636,372,10658.0,10468.0
2404,2023-03-11,10209.0,10374.0,10130.0,10269.0,10270655990,500614,281,10384.0,10145.0
2405,2023-03-12,9901.0,10269.0,9901.0,10150.0,5483176680,274432,154,10269.0,9960.0
2406,2023-03-13,10195.0,10195.0,9726.0,9970.0,8052484690,407939,264,10150.0,9801.0
2407,2023-03-14,9960.0,10105.0,9622.0,9821.0,8747417510,447810,324,9970.0,9622.0
2408,2023-03-15,9936.0,10309.0,9741.0,10214.0,74592664920,3636558,939,9821.0,10309.0
2409,2023-03-18,10553.0,10653.0,10359.0,10503.0,21140209130,1002595,450,10214.0,10518.0
2410,2023-03-19,10508.0,10513.0,10110.0,10274.0,18593122370,901068,467,10503.0,10254.0
2411,2023-03-25,10658.0,10658.0,10239.0,10359.0,9373117330,448435,189,10274.0,10359.0
2412,2023-03-26,10110.0,10543.0,10110.0,10294.0,8893908070,432207,260,10359.0,10229.0
2413,2023-03-27,10454.0,10807.0,10095.0,10658.0,30116824230,1407380,665,10294.0,10762.0
2414,2023-03-28,10852.0,11136.0,10608.0,10862.0,28900821200,1325234,537,10658.0,10996.0
2415,2023-03-29,11295.0,11355.0,10862.0,11126.0,23756821290,1063452,537,10862.0,11026.0
2416,2023-04-03,11206.0,11679.0,11206.0,11460.0,25429130450,1105338,516,11126.0,11629.0
2417,2023-04-04,12012.0,12012.0,11206.0,11489.0,29061203800,1259541,812,11460.0,11445.0
2418,2023-04-05,11554.0,12062.0,11489.0,12002.0,52281190240,2169073,624,11489.0,12062.0
2419,2023-04-08,12490.0,12600.0,12052.0,12431.0,28690999730,1149681,682,12002.0,12107.0
2420,2023-04-09,12077.0,12600.0,11953.0,12351.0,30473913090,1228581,607,12431.0,12346.0
2421,2023-04-10,12500.0,12600.0,11733.0,11963.0,56873823120,2367477,835,12351.0,11733.0
2422,2023-04-11,11365.0,11893.0,11365.0,11619.0,27782667280,1190816,437,11963.0,11878.0
2423,2023-04-15,12197.0,12197.0,12127.0,12197.0,50208201460,2050154,509,11619.0,12197.0
2424,2023-04-16,12720.0,12804.0,12451.0,12759.0,76768343840,2996865,907,12197.0,12804.0
2425,2023-04-17,13387.0,13387.0,12804.0,13143.0,34936528300,1323696,685,12759.0,13198.0
2426,2023-04-18,13208.0,13546.0,12700.0,13203.0,69973991590,2639731,1423,13143.0,13073.0
2427,2023-04-19,13626.0,13626.0,12924.0,13223.0,55309025370,2083565,1348,13203.0,13242.0
2428,2023-04-24,13506.0,13880.0,13223.0,13691.0,62264352870,2265389,963,13223.0,13880.0
2429,2023-04-25,14373.0,14373.0,13327.0,13765.0,43398368930,1569924,1100,13691.0,13422.0
2430,2023-04-26,13870.0,13870.0,13397.0,13561.0,33577654200,1233256,744,13765.0,13402.0
2431,2023-04-29,13830.0,13845.0,13237.0,13571.0,32255720100,1183783,700,13561.0,13571.0
2432,2023-04-30,13716.0,14189.0,13716.0,13945.0,53849001030,1922926,737,13571.0,14019.0
2433,2023-05-01,14239.0,14239.0,13496.0,13860.0,29438656250,1057723,819,13945.0,13780.0
2434,2023-05-02,14144.0,14144.0,13780.0,13955.0,33197313850,1184636,755,13860.0,14024.0
2435,2023-05-03,14622.0,14622.0,13945.0,14214.0,39726464020,1391968,829,13955.0,13945.0
2436,2023-05-06,13960.0,14866.0,13890.0,14448.0,76220877730,2627349,1271,14214.0,14756.0
2437,2023-05-07,14991.0,14991.0,13726.0,13840.0,42472062810,1528236,634,14448.0,13726.0
2438,2023-05-08,13153.0,13153.0,13153.0,13153.0,20970385120,794032,235,13840.0,13153.0
2439,2023-05-09,12495.0,13153.0,12495.0,12685.0,27708782290,1088034,604,13153.0,12874.0
2440,2023-05-10,12725.0,13143.0,12052.0,12172.0,19504060200,797988,365,12685.0,12052.0
2441,2023-05-13,11574.0,11953.0,11564.0,11639.0,12558431490,540593,253,12172.0,11564.0
2442,2023-05-14,11564.0,12092.0,11061.0,11604.0,26230819180,1125730,532,11639.0,11753.0
2443,2023-05-15,11948.0,11953.0,11305.0,11714.0,16486968220,700833,373,11604.0,11664.0
2444,2023-05-17,11430.0,12296.0,11430.0,12177.0,15568422670,636723,354,11714.0,12296.0
2445,2023-05-20,12784.0,12784.0,11704.0,12202.0,19306706150,788149,365,12177.0,11903.0
2446,2023-05-21,12331.0,12451.0,11664.0,12152.0,9373486100,385176,301,12202.0,12127.0
2447,2023-05-22,11953.0,12451.0,11803.0,12137.0,16174909590,663780,392,12152.0,12167.0
2448,2023-05-23,12062.0,12565.0,12012.0,12356.0,16133472590,650344,384,12137.0,12436.0
2449,2023-05-24,12356.0,12615.0,12072.0,12396.0,22888466380,919653,425,12356.0,12226.0
2450,2023-05-27,12226.0,12241.0,11783.0,11923.0,15521769260,648279,372,12396.0,11783.0
2451,2023-05-28,11783.0,11783.0,11330.0,11345.0,22443738830,985243,416,11923.0,11554.0
2452,2023-05-29,11430.0,11843.0,11430.0,11430.0,4440497220,190401,173,11345.0,11509.0
2453,2023-05-30,11519.0,11883.0,11445.0,11484.0,7189394690,310506,220,11430.0,11504.0
2454,2023-05-31,11803.0,11803.0,11021.0,11355.0,7617807020,337261,243,11484.0,11260.0
2455,2023-06-03,11041.0,11923.0,11041.0,11803.0,21669777690,914405,475,11355.0,11923.0
2456,2023-06-06,11430.0,12391.0,11430.0,12241.0,26046799960,1059499,519,11803.0,12391.0
2457,2023-06-07,12401.0,12849.0,12401.0,12819.0,34348268620,1334220,444,12241.0,12849.0
2458,2023-06-10,12949.0,13457.0,12182.0,12889.0,52550108250,2030355,911,12819.0,12909.0
2459,2023-06-11,12909.0,13531.0,12426.0,13312.0,39487996680,1477112,672,12889.0,13531.0
2460,2023-06-12,13745.0,13975.0,13123.0,13820.0,68419734940,2465911,1096,13312.0,13970.0
2461,2023-06-13,14488.0,14488.0,13208.0,13780.0,27408379300,990569,591,13820.0,13467.0
2462,2023-06-14,13940.0,14468.0,13093.0,14194.0,54551280350,1913870,735,13780.0,14468.0
2463,2023-06-17,14901.0,14901.0,14194.0,14806.0,78728541220,2648054,767,14194.0,14443.0
2464,2023-06-18,14926.0,14926.0,14069.0,14079.0,47587174350,1683559,397,14806.0,14069.0
2465,2023-06-19,14318.0,14358.0,13377.0,13551.0,20980124030,771125,399,14079.0,13377.0
2466,2023-06-20,13845.0,13945.0,12874.0,13377.0,20871410440,777059,414,13551.0,13880.0
2467,2023-06-21,14044.0,14044.0,13721.0,13965.0,17625932050,628710,311,13377.0,13955.0
2468,2023-06-24,14438.0,14438.0,13501.0,13900.0,9518021920,341892,126,13965.0,13646.0
2469,2023-06-25,13696.0,13835.0,13352.0,13651.0,10720783990,393665,230,13900.0,13641.0
2470,2023-06-26,14328.0,14333.0,13297.0,14119.0,23389827680,825074,368,13651.0,14293.0
2471,2023-06-27,14323.0,14687.0,13417.0,14019.0,16725611010,594177,236,14119.0,13616.0
2472,2023-06-28,13417.0,14617.0,13327.0,13910.0,10307723590,370267,250,14019.0,13546.0
2473,2023-07-01,13407.0,14189.0,13228.0,13716.0,8226456070,302064,190,13910.0,13591.0
2474,2023-07-02,13347.0,14398.0,13218.0,14039.0,16310909370,578619,309,13716.0,14224.0
2475,2023-07-03,14398.0,14737.0,13975.0,14458.0,18486183910,636734,258,14039.0,14737.0
2476,2023-07-05,14941.0,15180.0,14941.0,15010.0,12585992220,413050,132,14458.0,15180.0
2477,2023-07-08,15752.0,15752.0,15015.0,15259.0,10272909190,332516,275,15010.0,15035.0
2478,2023-07-09,15937.0,15937.0,14916.0,15354.0,10124782360,327301,233,15259.0,15787.0
2479,2023-07-10,15787.0,16086.0,15439.0,15718.0,16071123980,509297,340,15354.0,15563.0
2480,2023-07-11,15688.0,15877.0,14936.0,15040.0,23035507320,762863,270,15718.0,14936.0
2481,2023-07-12,14492.0,14492.0,14288.0,14293.0,18751837140,653371,174,15040.0,14288.0
2482,2023-07-15,14991.0,15005.0,13800.0,14268.0,6903895880,241444,159,14293.0,13920.0
2483,2023-07-16,14443.0,14443.0,13556.0,13571.0,15990292940,586846,126,14268.0,13556.0
2484,2023-07-23,14245.0,14245.0,13771.0,13691.0,3922649090,139434,109,13571.0,13986.0
2485,2023-07-24,14375.0,14375.0,13991.0,14036.0,8679617240,302764,117,13691.0,14126.0
2486,2023-07-25,14405.0,14735.0,14235.0,14720.0,30475216780,1034251,283,14036.0,14735.0
2487,2023-07-26,15135.0,15135.0,13986.0,14151.0,22079294880,779459,335,14720.0,13986.0
2488,2023-07-29,14345.0,14355.0,13611.0,14056.0,5768209020,207115,158,14151.0,13986.0
2489,2023-07-30,13741.0,13821.0,13486.0,13846.0,8671226470,316024,143,14056.0,13611.0
2490,2023-07-31,13621.0,14235.0,13596.0,13861.0,4853738410,174575,94,13846.0,13936.0
2491,2023-08-01,13926.0,14181.0,13786.0,13876.0,4721502530,169558,112,13861.0,14086.0
2492,2023-08-05,13876.0,14131.0,13616.0,13881.0,4958740450,178303,119,13876.0,14131.0
2493,2023-08-06,13811.0,14061.0,13691.0,13836.0,7378924920,267176,75,13881.0,13966.0
2494,2023-08-07,14086.0,14086.0,13521.0,13816.0,2436230480,88759,68,13836.0,13636.0
2495,2023-08-08,13586.0,13821.0,13586.0,13781.0,2719439810,99626,68,13816.0,13821.0
2496,2023-08-09,13486.0,13791.0,13486.0,13761.0,2839124220,103683,66,13781.0,13726.0
2497,2023-08-12,14031.0,14031.0,13286.0,13701.0,3681212190,135966,69,13761.0,13656.0
2498,2023-08-13,13351.0,13726.0,13286.0,13596.0,6812930460,252564,95,13701.0,13726.0
2499,2023-08-14,13961.0,14275.0,13516.0,13756.0,5360148370,190479,70,13596.0,13886.0
2500,2023-08-15,14026.0,14026.0,13591.0,13751.0,973403260,35460,41,13756.0,13601.0
2501,2023-08-16,13261.0,13606.0,13261.0,13631.0,5048012870,188110,123,13751.0,13316.0
2502,2023-08-19,13286.0,13591.0,13087.0,13521.0,4448398380,167385,90,13631.0,13087.0
2503,2023-08-20,13236.0,13486.0,13032.0,13456.0,3418505610,128830,83,13521.0,13286.0
2504,2023-08-21,13087.0,13336.0,13087.0,13441.0,875236230,33082,38,13456.0,13152.0
2505,2023-08-22,13192.0,13336.0,12972.0,13291.0,5312123040,203488,90,13441.0,13227.0
2506,2023-08-23,12762.0,13207.0,12762.0,13271.0,963189060,37076,42,13291.0,12992.0
2507,2023-08-26,13836.0,13931.0,13286.0,13336.0,3809071050,140537,72,13271.0,13486.0
2508,2023-08-27,12767.0,13646.0,12747.0,13291.0,16030362250,602427,137,13336.0,13506.0
2509,2023-08-28,13686.0,13956.0,13506.0,13766.0,13305891630,479863,226,13291.0,13956.0
2510,2023-08-29,14330.0,14450.0,13986.0,14101.0,10078220160,352027,178,13766.0,14335.0
2511,2023-08-30,14685.0,14685.0,13396.0,13591.0,15675989230,576008,371,14101.0,13786.0
2512,2023-09-02,14206.0,14206.0,13521.0,13606.0,4218546050,154476,82,13591.0,13811.0
2513,2023-09-03,14255.0,14255.0,13541.0,13616.0,2798530150,102331,83,13606.0,13571.0
2514,2023-09-04,13486.0,13661.0,13486.0,13601.0,3034654810,111906,66,13616.0,13496.0
2515,2023-09-05,13671.0,13836.0,13511.0,13631.0,7484509510,273721,104,13601.0,13581.0
2516,2023-09-09,13516.0,13561.0,13246.0,13571.0,4221348900,157199,117,13631.0,13391.0
2517,2023-09-10,13261.0,13661.0,13261.0,13571.0,1376706840,50725,46,13571.0,13511.0
2518,2023-09-11,13571.0,13606.0,13366.0,13566.0,4321619280,159300,100,13571.0,13606.0
2519,2023-09-12,13486.0,13586.0,13361.0,13556.0,3957322830,146070,80,13566.0,13531.0
2520,2023-09-13,13396.0,13631.0,13396.0,13536.0,2212746150,82257,69,13556.0,13461.0
2521,2023-09-17,13986.0,13986.0,13441.0,13541.0,6062302330,223575,74,13536.0,13511.0
2522,2023-09-18,14136.0,14136.0,13446.0,13556.0,2356690370,86240,52,13541.0,13446.0
2523,2023-09-19,13192.0,13586.0,13192.0,13481.0,8972746370,333647,101,13556.0,13431.0
2524,2023-09-20,13886.0,13886.0,13336.0,13496.0,1465054410,53615,67,13481.0,13566.0
2525,2023-09-23,13386.0,13476.0,13321.0,13476.0,2619265230,97761,84,13496.0,13421.0
2526,2023-09-25,13291.0,13541.0,13291.0,13466.0,2788953290,103863,70,13476.0,13341.0
2527,2023-09-26,13291.0,13526.0,13291.0,13461.0,1788193230,66617,71,13466.0,13361.0
2528,2023-09-27,13241.0,13336.0,13097.0,13207.0,17331871310,655440,144,13461.0,13137.0
2529,2023-09-30,13087.0,13087.0,12797.0,13112.0,4831163030,186871,111,13207.0,12802.0
2530,2023-10-01,13127.0,13152.0,12762.0,12917.0,9033674150,352490,148,13112.0,12767.0
2531,2023-10-02,12737.0,12987.0,12537.0,12647.0,15003365690,592505,222,12917.0,12987.0
2532,2023-10-04,12682.0,12947.0,12677.0,12757.0,12249188440,478817,111,12647.0,12932.0
2533,2023-10-07,12742.0,12742.0,12512.0,12742.0,1778732760,70398,81,12757.0,12517.0
2534,2023-10-08,12108.0,12407.0,12108.0,12113.0,55410867820,2285263,299,12742.0,12113.0
2535,2023-10-09,12287.0,12637.0,11838.0,12108.0,1735776570,71704,57,12113.0,12093.0
2536,2023-10-10,11938.0,12337.0,11638.0,11823.0,19161234000,809608,201,12108.0,11993.0
2537,2023-10-11,12188.0,12188.0,11858.0,11828.0,441917150,18381,35,11823.0,11868.0
2538,2023-10-14,11693.0,11968.0,11603.0,11823.0,2307903630,97841,84,11828.0,11603.0
2539,2023-10-15,11588.0,11728.0,11363.0,11703.0,5589143160,242684,132,11823.0,11488.0
2540,2023-10-16,11463.0,11728.0,11184.0,11348.0,31092772040,1368527,352,11703.0,11468.0
2541,2023-10-17,11249.0,11828.0,11249.0,11488.0,6557162390,280876,201,11348.0,11598.0
2542,2023-10-29,12058.0,12058.0,12058.0,11618.0,3518936080,291544,36,11488.0,12058.0
2543,2023-10-30,12198.0,12198.0,12198.0,11718.0,2787225540,228274,33,11618.0,12198.0
2544,2023-10-31,12297.0,12297.0,12297.0,11888.0,4717302790,383209,56,11718.0,12297.0
2545,2023-11-01,12477.0,12477.0,12477.0,12068.0,5040002270,403523,46,11888.0,12477.0
2546,2023-11-04,12667.0,12667.0,12667.0,12497.0,11379171480,897411,71,12068.0,12667.0
2547,2023-11-05,13117.0,13117.0,12487.0,12977.0,53716632580,4135184,635,12497.0,12487.0
2548,2023-11-06,12477.0,12787.0,12337.0,12387.0,48167840880,3884597,836,12977.0,12337.0
2549,2023-11-13,12377.0,12467.0,11958.0,12228.0,9780955890,804843,282,12387.0,11998.0
2550,2023-11-14,12218.0,12787.0,11618.0,12188.0,49084083440,4022334,1044,12228.0,12377.0
2551,2023-11-15,12717.0,12717.0,11808.0,12218.0,11734847240,958568,298,12188.0,12138.0
2552,2023-11-18,12128.0,12367.0,11638.0,11948.0,9677634890,818758,283,12218.0,11698.0
2553,2023-11-19,11698.0,11838.0,11358.0,11538.0,24836059800,2149857,423,11948.0,11488.0
2554,2023-11-22,11968.0,11978.0,10969.0,11099.0,34274414980,3085523,834,11538.0,10989.0
2555,2023-11-25,10989.0,11139.0,10549.0,10629.0,54522092590,5125083,1028,11099.0,10639.0
2556,2023-11-26,10579.0,11159.0,10260.0,10869.0,53966154090,4960809,992,10629.0,11159.0
2557,2023-11-27,11358.0,11408.0,10539.0,11328.0,90695093360,7997204,970,10869.0,11079.0
2558,2023-11-28,11288.0,11538.0,10769.0,11219.0,104425672710,9300919,1653,11328.0,11269.0
2559,2023-11-29,11428.0,11508.0,10709.0,11069.0,38014918650,3429874,854,11219.0,10949.0
2560,2023-12-02,11099.0,11468.0,10789.0,11169.0,36603829450,3275379,662,11069.0,11209.0
2561,2023-12-03,11089.0,11249.0,10879.0,11029.0,20793608680,1883668,515,11169.0,11149.0
2562,2023-12-04,11229.0,11578.0,11079.0,11438.0,39033141660,3410414,372,11029.0,11578.0
2563,2023-12-05,11888.0,12008.0,11538.0,11948.0,119812759560,10016858,844,11438.0,12008.0
2564,2023-12-06,12437.0,12537.0,12138.0,12487.0,95256941210,7620038,776,11948.0,12537.0
2565,2023-12-09,12887.0,13087.0,12198.0,12707.0,80418434420,6322045,999,12487.0,12947.0
2566,2023-12-10,12937.0,12937.0,12347.0,12527.0,23756921660,1894018,369,12707.0,12537.0
2567,2023-12-11,12198.0,12507.0,11908.0,11998.0,38514025550,3207827,605,12527.0,12088.0
2568,2023-12-12,11988.0,12427.0,11798.0,12118.0,16560751310,1364843,278,11998.0,11988.0
2569,2023-12-13,11988.0,12357.0,11878.0,12098.0,10311613780,852301,193,12118.0,12337.0
2570,2023-12-16,11988.0,12697.0,11838.0,12367.0,54962793440,4438181,619,12098.0,12257.0
2571,2023-12-18,12098.0,12587.0,11958.0,12098.0,37411702310,3089043,599,12367.0,12188.0
2572,2023-12-19,12098.0,12168.0,11718.0,11968.0,9191816850,772603,237,12098.0,11798.0
2573,2023-12-20,11968.0,12188.0,11758.0,11948.0,5824839340,488473,151,11968.0,11968.0
2574,2023-12-23,12088.0,12238.0,11588.0,11768.0,20852707130,1769860,389,11948.0,11638.0
2575,2023-12-24,11598.0,11878.0,11189.0,11269.0,50980259740,4518715,851,11768.0,11189.0
2576,2023-12-25,11428.0,11428.0,11089.0,11209.0,15613853550,1391838,260,11269.0,11229.0
2577,2023-12-26,11278.0,11278.0,10649.0,10719.0,82476189770,7687722,953,11209.0,10919.0
2578,2023-12-27,10989.0,11249.0,10729.0,11139.0,20558015760,1844265,409,10719.0,11249.0
2579,2023-12-30,11348.0,11348.0,10939.0,11169.0,15034028790,1344570,426,11139.0,11139.0
2580,2023-12-31,11049.0,11139.0,10789.0,11019.0,9132714950,835461,262,11169.0,10879.0
2581,2024-01-01,11069.0,11568.0,10779.0,11378.0,27566092370,2420675,345,11019.0,11568.0
2582,2024-01-02,11938.0,11938.0,11858.0,11938.0,30742530120,2573434,221,11378.0,11938.0
2583,2024-01-03,12477.0,12527.0,12198.0,12507.0,140058505560,11188050,962,11938.0,12527.0
2584,2024-01-06,12687.0,13127.0,12487.0,12907.0,60094106070,4649478,691,12507.0,12767.0
2585,2024-01-07,12887.0,13546.0,12527.0,13336.0,206291822660,15453575,2119,12907.0,13546.0
2586,2024-01-08,13786.0,13996.0,13386.0,13796.0,141292233510,10228740,1963,13336.0,13976.0
2587,2024-01-09,14245.0,14245.0,13147.0,13646.0,69894427880,5116268,953,13796.0,13436.0
2588,2024-01-10,13586.0,14305.0,13087.0,13966.0,125127828750,8948140,1511,13646.0,14265.0
2589,2024-01-13,14325.0,14585.0,14036.0,14335.0,69537912650,4844266,1224,13966.0,14315.0
2590,2024-01-14,14285.0,14475.0,13626.0,13866.0,97779767270,7046678,1263,14335.0,13916.0
2591,2024-01-15,14325.0,14325.0,13706.0,14106.0,53196893370,3768607,716,13866.0,14275.0
2592,2024-01-16,13886.0,14335.0,13886.0,14146.0,33328005350,2353648,590,14106.0,14245.0
2593,2024-01-17,14325.0,14825.0,13986.0,14555.0,79167729080,5432529,1087,14146.0,14335.0
2594,2024-01-20,14345.0,14785.0,13836.0,14315.0,80528889330,5621517,623,14555.0,13836.0
2595,2024-01-21,13606.0,14056.0,13606.0,13646.0,119525962350,8752126,850,14315.0,13606.0
2596,2024-01-22,13207.0,13796.0,12967.0,13067.0,38531103870,2945075,518,13646.0,12967.0
2597,2024-01-23,12587.0,12587.0,12417.0,12427.0,18371676450,1476976,232,13067.0,12417.0
2598,2024-01-24,11888.0,12357.0,11888.0,12088.0,18546269380,1532485,398,12427.0,12088.0
2599,2024-01-27,12277.0,12437.0,11788.0,12078.0,10655202040,881450,317,12088.0,12008.0
2600,2024-01-28,11888.0,12337.0,11818.0,12078.0,19727011950,1632203,377,12078.0,11958.0
2601,2024-01-29,11898.0,11918.0,11478.0,11548.0,38638374410,3343664,548,12078.0,11558.0
2602,2024-01-30,11488.0,11628.0,11199.0,11368.0,20513504970,1803299,315,11548.0,11468.0
2603,2024-01-31,11269.0,11628.0,11009.0,11348.0,11733698830,1033006,279,11368.0,11408.0
2604,2024-02-03,11478.0,11898.0,11239.0,11738.0,26201698880,2230197,361,11348.0,11698.0
2605,2024-02-04,11738.0,11908.0,11239.0,11508.0,13571455720,1180607,290,11738.0,11648.0
2606,2024-02-05,11558.0,11788.0,11408.0,11528.0,5678173490,490170,107,11508.0,11588.0
2607,2024-02-06,11568.0,11768.0,10999.0,11288.0,18173898850,1608621,419,11528.0,11189.0
2608,2024-02-07,11318.0,11678.0,11318.0,11438.0,10574373790,918115,241,11288.0,11468.0
2609,2024-02-10,11189.0,11668.0,11189.0,11438.0,4827055230,421278,175,11438.0,11368.0
2610,2024-02-12,11199.0,11298.0,10869.0,10979.0,29564905880,2691306,567,11438.0,11269.0
2611,2024-02-13,11428.0,11518.0,11189.0,11358.0,12649363250,1106213,230,10979.0,11518.0
2612,2024-02-14,11918.0,11918.0,11918.0,11918.0,17469158650,1464305,149,11358.0,11918.0
2613,2024-02-17,12347.0,12407.0,11788.0,12118.0,36574259560,3015063,503,11918.0,12018.0
2614,2024-02-18,11978.0,12307.0,11588.0,12028.0,28796407460,2391558,449,12118.0,12178.0
2615,2024-02-19,12287.0,12287.0,11798.0,12068.0,11873194530,981659,164,12028.0,12048.0
2616,2024-02-20,11938.0,12118.0,11848.0,11988.0,8941569590,748826,273,12068.0,11858.0
2617,2024-02-21,11838.0,11858.0,11388.0,11478.0,18506521910,1610836,362,11988.0,11548.0
2618,2024-02-24,11428.0,11788.0,11029.0,11368.0,5724306040,510212,145,11478.0,11159.0
2619,2024-02-26,11189.0,11189.0,10809.0,11009.0,10781226010,988539,291,11368.0,10819.0
2620,2024-02-27,10789.0,11278.0,10749.0,11009.0,5653679650,513404,170,11009.0,11169.0
2621,2024-02-28,11169.0,11219.0,10789.0,10989.0,3601109790,328578,144,11009.0,10979.0
2622,2024-03-02,10739.0,11528.0,10739.0,11199.0,9447843330,833092,150,10989.0,11358.0
2623,2024-03-03,11538.0,11758.0,10899.0,11219.0,5887074570,522236,194,11199.0,11278.0
2624,2024-03-04,10919.0,11448.0,10839.0,11169.0,4721550480,425954,156,11219.0,11089.0
2625,2024-03-05,11089.0,11288.0,10859.0,11069.0,10138416040,919552,239,11169.0,10859.0
2626,2024-03-06,10819.0,11059.0,10569.0,10849.0,11881478820,1099976,301,11069.0,10829.0
2627,2024-03-09,10709.0,11169.0,10709.0,10909.0,8592230740,784124,245,10849.0,10829.0
2628,2024-03-10,10779.0,11259.0,10539.0,10839.0,17740306380,1635453,348,10909.0,10849.0
2629,2024-03-11,11119.0,11119.0,10649.0,10839.0,9318549770,859223,182,10839.0,10869.0
2630,2024-03-12,10929.0,11049.0,10709.0,10909.0,12589375890,1151603,151,10839.0,10709.0
2631,2024-03-13,11059.0,11059.0,10789.0,10959.0,11371101350,1035355,164,10909.0,10999.0
2632,2024-03-16,11079.0,11249.0,10829.0,11029.0,9618423770,868117,131,10959.0,11179.0
2633,2024-03-17,11179.0,11189.0,10899.0,11019.0,1980312500,180568,68,11029.0,10929.0
2634,2024-03-18,10949.0,10989.0,10599.0,10879.0,9716831000,898552,360,11019.0,10979.0
2635,2024-03-24,10989.0,11189.0,10839.0,10939.0,6420928860,582352,163,10879.0,11079.0
2636,2024-03-25,11109.0,11209.0,10879.0,10959.0,7776542760,707631,156,10939.0,10989.0
2637,2024-03-26,10949.0,11169.0,10939.0,10979.0,3913383770,353672,79,10959.0,11159.0
2638,2024-03-27,11139.0,11358.0,11039.0,11049.0,4705837830,419602,123,10979.0,11199.0
2639,2024-03-30,11318.0,11378.0,11089.0,11159.0,7881835060,699718,169,11049.0,11278.0
2640,2024-04-02,10699.0,11288.0,10699.0,11109.0,4361228730,396955,141,11159.0,10949.0
2641,2024-04-03,10999.0,11338.0,10949.0,11069.0,5975305170,542417,120,11109.0,10949.0
2642,2024-04-06,10889.0,10889.0,10519.0,10859.0,6672193350,628392,200,11069.0,10539.0
2643,2024-04-07,10489.0,10849.0,10469.0,10819.0,2001316950,189094,76,10859.0,10649.0
2644,2024-04-08,10879.0,11009.0,10519.0,10809.0,2988513900,277811,99,10819.0,10709.0
2645,2024-04-09,10879.0,10879.0,10479.0,10719.0,6177767580,582418,165,10809.0,10539.0
2646,2024-04-15,10769.0,10769.0,10619.0,10679.0,7395748330,695048,98,10719.0,10619.0
2647,2024-04-16,10579.0,10729.0,10579.0,10579.0,15492206570,1462455,85,10679.0,10579.0
2648,2024-04-17,10509.0,10589.0,10479.0,10569.0,1783141440,169300,51,10579.0,10479.0
2649,2024-04-20,10689.0,10879.0,10569.0,10639.0,6394431360,594393,121,10569.0,10789.0
2650,2024-04-21,10689.0,10969.0,10499.0,10679.0,6927400560,645084,127,10639.0,10799.0
2651,2024-04-22,10519.0,10929.0,10509.0,10739.0,4612981220,424135,64,10679.0,10909.0
2652,2024-04-23,10969.0,11269.0,10969.0,11059.0,10879039030,969576,120,10739.0,11269.0
2653,2024-04-24,11608.0,11608.0,11608.0,11438.0,11401718300,981215,71,11059.0,11608.0
2654,2024-04-27,12008.0,12008.0,11288.0,11718.0,35739601560,3046787,436,11438.0,11478.0
2655,2024-04-28,11578.0,11578.0,11139.0,11408.0,11318840720,999953,212,11718.0,11139.0
2656,2024-04-29,11019.0,11388.0,10979.0,11298.0,5135635590,461981,114,11408.0,11059.0
2657,2024-04-30,10879.0,10989.0,10739.0,10859.0,12200296880,1129951,311,11298.0,10739.0
2658,2024-05-01,11049.0,11328.0,10369.0,10919.0,7381340240,672348,267,10859.0,11179.0
2659,2024-05-05,11338.0,11338.0,10999.0,11039.0,6975446810,622804,177,10919.0,11219.0
2660,2024-05-06,11209.0,11209.0,10669.0,11019.0,1448547870,133005,65,11039.0,11099.0
2661,2024-05-07,10689.0,11139.0,10689.0,11009.0,1987447920,180984,40,11019.0,11139.0
2662,2024-05-08,11219.0,11239.0,11009.0,11099.0,7547431070,673182,128,11009.0,11089.0
2663,2024-05-11,11229.0,11269.0,10979.0,11149.0,5973092200,531098,86,11099.0,11269.0
2664,2024-05-12,11099.0,11328.0,10889.0,11209.0,9413044550,836771,121,11149.0,11169.0
2665,2024-05-13,10869.0,10989.0,10649.0,11099.0,4246456330,391651,89,11209.0,10789.0
2666,2024-05-14,10909.0,10929.0,10639.0,10999.0,4852276730,449426,78,11099.0,10769.0
2667,2024-05-15,10589.0,10779.0,10539.0,10969.0,1426986220,133552,37,10999.0,10689.0
2668,2024-05-18,10709.0,10959.0,10539.0,10929.0,3038727990,281983,82,10969.0,10599.0
2669,2024-05-19,10489.0,10589.0,10389.0,10789.0,3636995320,349394,101,10929.0,10389.0
2670,2024-05-21,10579.0,10679.0,10579.0,10699.0,6138864350,579643,53,10789.0,10589.0
2671,2024-05-25,10589.0,10589.0,10489.0,10699.0,337783900,32053,25,10699.0,10489.0
2672,2024-05-26,10489.0,10489.0,10489.0,10699.0,124656000,11872,7,10699.0,10489.0
2673,2024-05-27,10489.0,10489.0,10489.0,10699.0,147189000,14018,5,10699.0,10489.0
2674,2024-05-28,10489.0,10489.0,10489.0,10669.0,1759579500,167579,48,10699.0,10489.0
2675,2024-05-29,10459.0,10459.0,10459.0,10629.0,2636178480,251784,51,10669.0,10459.0
2676,2024-06-01,10419.0,10419.0,10419.0,10549.0,5812847600,557320,81,10629.0,10419.0
2677,2024-06-02,10339.0,10389.0,10339.0,10479.0,4578684710,442371,87,10549.0,10339.0
2678,2024-06-05,10329.0,10329.0,10280.0,10469.0,395836410,38419,21,10479.0,10280.0
2679,2024-06-08,10270.0,10270.0,10270.0,10469.0,21588000,2100,4,10469.0,10270.0
2680,2024-06-09,10270.0,10270.0,10270.0,10389.0,5589955600,543770,54,10469.0,10270.0
2681,2024-06-10,10190.0,10290.0,10190.0,10369.0,1784308460,174875,91,10389.0,10190.0
2682,2024-06-11,10170.0,10170.0,10170.0,10369.0,102410800,10060,7,10369.0,10170.0
2683,2024-06-12,10170.0,10170.0,10170.0,10369.0,60143440,5908,5,10369.0,10170.0
2684,2024-06-15,10170.0,10170.0,10170.0,10319.0,3345840240,328668,37,10369.0,10170.0
2685,2024-06-16,10120.0,10120.0,10120.0,10319.0,33834200,3340,4,10319.0,10120.0
2686,2024-06-18,10120.0,10120.0,10120.0,10319.0,30157010,2977,3,10319.0,10120.0
2687,2024-06-19,10379.0,10419.0,10270.0,10319.0,4854066280,469806,182,10319.0,10280.0
2688,2024-06-22,10190.0,10260.0,10120.0,10309.0,878264610,86654,37,10319.0,10120.0
2689,2024-06-23,10120.0,10260.0,10110.0,10299.0,461773550,45520,20,10309.0,10110.0
2690,2024-06-24,10100.0,10100.0,10100.0,10290.0,714129960,70636,31,10299.0,10100.0
2691,2024-06-26,10090.0,10090.0,10090.0,10260.0,2256319800,223398,60,10290.0,10090.0
2692,2024-06-29,9650.0,9930.0,9650.0,10000.0,6364532940,656800,182,10260.0,9660.0
2693,2024-06-30,9410.0,9420.0,9400.0,9940.0,1419701100,150840,40,10000.0,9400.0
2694,2024-07-01,9630.0,10030.0,9460.0,9770.0,10534322640,1083241,448,9940.0,9980.0
2695,2024-07-02,9730.0,10160.0,9201.0,9780.0,560996990,56583,35,9770.0,9880.0
2696,2024-07-03,9780.0,9880.0,9420.0,9750.0,1420202440,149309,27,9780.0,9750.0
2697,2024-07-06,9920.0,10329.0,9920.0,10020.0,8161879280,794102,130,9750.0,10309.0
2698,2024-07-07,10270.0,10290.0,9740.0,10020.0,1158085050,114944,44,10020.0,10090.0
2699,2024-07-08,10250.0,10250.0,9840.0,10010.0,822096940,82817,16,10020.0,9840.0
2700,2024-07-09,9730.0,9980.0,9570.0,10000.0,477670640,48929,38,10010.0,9570.0
2701,2024-07-10,9850.0,9850.0,9470.0,9960.0,1326912140,138806,34,10000.0,9590.0
2702,2024-07-13,9590.0,9590.0,9430.0,9940.0,603866500,63684,29,9960.0,9440.0
2703,2024-07-14,9730.0,9790.0,9350.0,9800.0,4005373230,424036,152,9940.0,9360.0
2704,2024-07-23,9800.0,9860.0,9300.0,9800.0,241547100,24981,24,9800.0,9740.0
2705,2024-07-24,9350.0,10040.0,9220.0,9720.0,2154848580,232094,111,9800.0,9500.0
2706,2024-07-27,9400.0,9560.0,9140.0,9520.0,4896732740,535384,152,9720.0,9150.0
2707,2024-07-29,9490.0,9490.0,8950.0,9410.0,2727739680,304485,132,9520.0,8950.0
2708,2024-07-30,8850.0,8990.0,8850.0,9320.0,2239841330,252992,95,9410.0,8850.0
2709,2024-07-31,8770.0,8770.0,8770.0,9300.0,433001210,49373,9,9320.0,8770.0
2710,2024-08-03,8750.0,8750.0,8750.0,9260.0,1044531250,119375,16,9300.0,8750.0
2711,2024-08-04,9170.0,9170.0,9170.0,9260.0,50554210,5513,4,9260.0,9170.0
2712,2024-08-05,9170.0,9170.0,9170.0,9260.0,18844350,2055,4,9260.0,9170.0
2713,2024-08-06,9170.0,9170.0,9170.0,9260.0,18340000,2000,1,9260.0,9170.0
2714,2024-08-10,9170.0,9200.0,9170.0,9240.0,3768882800,410994,38,9260.0,9170.0
2715,2024-08-11,9150.0,9150.0,9150.0,9240.0,23231850,2539,4,9240.0,9150.0
2716,2024-08-12,9150.0,9150.0,9150.0,9240.0,20130000,2200,2,9240.0,9150.0
2717,2024-08-14,9150.0,9200.0,9150.0,9240.0,647605630,70695,29,9240.0,9150.0
2718,2024-08-17,9150.0,9150.0,9060.0,9240.0,314376870,34694,16,9240.0,9060.0
2719,2024-08-18,9060.0,9060.0,9060.0,9230.0,1034733540,114209,10,9240.0,9060.0
2720,2024-08-19,9050.0,9050.0,9050.0,9230.0,155479000,17180,5,9230.0,9050.0
2721,2024-08-20,9050.0,9050.0,9050.0,9230.0,106382750,11755,3,9230.0,9050.0
2722,2024-08-21,9050.0,9050.0,9050.0,9230.0,140437900,15518,5,9230.0,9050.0
2723,2024-08-24,9050.0,9050.0,9050.0,9230.0,187371200,20704,11,9230.0,9050.0
2724,2024-08-26,9050.0,9050.0,9050.0,9230.0,50652850,5597,4,9230.0,9050.0
2725,2024-08-27,9050.0,9050.0,9050.0,9230.0,105685900,11678,4,9230.0,9050.0
2726,2024-08-28,9100.0,9170.0,9050.0,9220.0,999289820,110406,20,9230.0,9050.0
2727,2024-08-31,9040.0,9150.0,9040.0,9090.0,10791394830,1192649,211,9220.0,9130.0
2728,2024-09-01,8950.0,9140.0,8910.0,9060.0,2749730250,307324,132,9090.0,8910.0
2729,2024-09-03,8880.0,8940.0,8880.0,9050.0,1214079130,136691,67,9060.0,8880.0
2730,2024-09-07,8820.0,9020.0,8780.0,9030.0,1352492900,153684,104,9050.0,8800.0
2731,2024-09-08,8760.0,8890.0,8760.0,9020.0,714143470,81479,35,9030.0,8760.0
2732,2024-09-09,8760.0,8990.0,8750.0,8930.0,5213053000,595283,103,9020.0,8750.0
2733,2024-09-10,8710.0,8720.0,8670.0,8910.0,980375360,113028,42,8930.0,8670.0
2734,2024-09-11,8720.0,8880.0,8650.0,8870.0,2767421230,317944,87,8910.0,8800.0
2735,2024-09-14,8860.0,8860.0,8610.0,8830.0,2954023120,341003,148,8870.0,8620.0
2736,2024-09-15,8760.0,8760.0,8570.0,8790.0,2579993750,300625,87,8830.0,8570.0
2737,2024-09-16,8540.0,9050.0,8530.0,8840.0,7385822500,830547,208,8790.0,9030.0
2738,2024-09-17,8820.0,9100.0,8820.0,8900.0,3366897040,370204,81,8840.0,9100.0
2739,2024-09-18,9150.0,9160.0,9110.0,8920.0,1383804250,151151,81,8900.0,9160.0
2740,2024-09-22,9140.0,9180.0,9100.0,8930.0,679673980,74327,36,8920.0,9170.0
2741,2024-09-23,9180.0,9190.0,9000.0,8980.0,3319566150,362298,90,8930.0,9190.0
2742,2024-09-24,9240.0,9240.0,9140.0,9020.0,2498241360,270394,47,8980.0,9240.0
2743,2024-09-25,9280.0,9290.0,8850.0,9120.0,5900373910,636085,60,9020.0,9280.0
2744,2024-09-28,9030.0,9030.0,9030.0,9120.0,206470950,22865,7,9120.0,9030.0
2745,2024-09-29,9030.0,9030.0,9030.0,9110.0,999530700,110690,20,9120.0,9030.0
2746,2024-09-30,9020.0,9200.0,9020.0,9110.0,2698909820,295615,41,9110.0,9080.0
2747,2024-10-01,9020.0,9090.0,9020.0,9110.0,181818770,20153,14,9110.0,9090.0
2748,2024-10-02,9020.0,9200.0,9020.0,9110.0,5025089510,552105,63,9110.0,9020.0
2749,2024-10-05,9050.0,9050.0,9020.0,9100.0,1133508660,125583,30,9110.0,9020.0
2750,2024-10-06,9010.0,9190.0,9010.0,9100.0,188367620,20894,15,9100.0,9010.0
2751,2024-10-07,9010.0,9020.0,9010.0,9100.0,467832860,51923,14,9100.0,9010.0
2752,2024-10-08,9020.0,9030.0,9010.0,9100.0,199227120,22086,14,9100.0,9030.0
2753,2024-10-09,9010.0,9010.0,9010.0,9100.0,174433600,19360,15,9100.0,9010.0
2754,2024-10-12,8830.0,9140.0,8830.0,9080.0,1253683040,141881,27,9100.0,9140.0
2755,2024-10-13,9120.0,9190.0,9000.0,9080.0,1546224610,169506,55,9080.0,9160.0
2756,2024-10-14,8820.0,8820.0,8810.0,9080.0,163918000,18600,20,9080.0,8810.0
2757,2024-10-15,8810.0,8810.0,8810.0,9080.0,141330020,16042,10,9080.0,8810.0
2758,2024-10-16,8830.0,9000.0,8810.0,9070.0,538666260,60312,23,9080.0,8810.0
2759,2024-10-19,8800.0,8800.0,8800.0,9060.0,445007200,50569,3,9070.0,8800.0
2760,2024-10-21,8790.0,8790.0,8790.0,9060.0,70276050,7995,3,9060.0,8790.0
2761,2024-10-22,8790.0,8810.0,8790.0,9050.0,364422080,41452,14,9060.0,8790.0
2762,2024-10-23,8780.0,8780.0,8780.0,9050.0,17560000,2000,3,9050.0,8780.0
2763,2024-10-26,8780.0,9130.0,8780.0,9040.0,869535990,97360,33,9050.0,9040.0
2764,2024-10-27,9000.0,9120.0,8770.0,9010.0,4213837420,471352,157,9040.0,8980.0
2765,2024-10-28,9150.0,9150.0,8740.0,8960.0,2593584480,296559,39,9010.0,8740.0
2766,2024-10-29,8700.0,8700.0,8700.0,8940.0,990495000,113850,10,8960.0,8700.0
2767,2024-10-30,8680.0,8680.0,8680.0,8930.0,752113320,86649,28,8940.0,8680.0
2768,2024-11-02,8680.0,8690.0,8670.0,8900.0,1474416100,170032,36,8930.0,8670.0
2769,2024-11-03,8640.0,8640.0,8640.0,8900.0,5970240,691,1,8900.0,8640.0
2770,2024-11-05,8640.0,8640.0,8640.0,8900.0,121841280,14102,4,8900.0,8640.0
2771,2024-11-06,8640.0,8650.0,8640.0,8870.0,1790810160,207269,36,8900.0,8640.0
2772,2024-11-09,8610.0,8880.0,8610.0,8850.0,1700838850,195324,95,8870.0,8700.0
2773,2024-11-10,8820.0,9100.0,8760.0,8860.0,2928945740,329848,85,8850.0,8890.0
2774,2024-11-11,9080.0,9090.0,8600.0,8860.0,1430996590,161815,67,8860.0,8780.0
2775,2024-11-12,8600.0,8700.0,8600.0,8770.0,5348668410,621436,62,8860.0,8600.0
2776,2024-11-13,8590.0,8650.0,8510.0,8750.0,1355665080,158265,48,8770.0,8610.0
2777,2024-11-16,8710.0,9000.0,8710.0,8790.0,4960949330,559111,143,8750.0,8860.0
2778,2024-11-17,8850.0,8850.0,8530.0,8750.0,3667783330,425792,124,8790.0,8540.0
2779,2024-11-18,8490.0,8990.0,8490.0,8740.0,7719169570,883348,185,8750.0,8790.0
2780,2024-11-19,8790.0,8790.0,8500.0,8690.0,5071194450,589888,125,8740.0,8550.0
2781,2024-11-20,8490.0,8760.0,8490.0,8670.0,1841110190,215323,60,8690.0,8590.0
2782,2024-11-23,8710.0,8890.0,8500.0,8650.0,5650027180,656003,141,8670.0,8550.0
2783,2024-11-24,8760.0,8900.0,8610.0,8800.0,15229170130,1730009,200,8650.0,8900.0
2784,2024-11-25,8950.0,9060.0,8950.0,8930.0,8407807280,929081,176,8800.0,9060.0
2785,2024-11-26,9190.0,9190.0,8680.0,9140.0,16558764260,1810769,152,8930.0,8950.0
2786,2024-11-27,9030.0,9380.0,9030.0,9160.0,2912982990,315360,67,9140.0,9200.0
2787,2024-11-30,9300.0,9430.0,9130.0,9420.0,15732412450,1669383,132,9160.0,9430.0
2788,2024-12-01,9700.0,9700.0,9430.0,9510.0,6839622590,709985,102,9420.0,9700.0
2789,2024-12-02,9780.0,9790.0,9700.0,9560.0,2879570080,294252,61,9510.0,9790.0
2790,2024-12-03,9840.0,9840.0,9320.0,9530.0,6518439210,687183,135,9560.0,9650.0
2791,2024-12-04,9430.0,9810.0,9430.0,9620.0,6436848180,660443,129,9530.0,9780.0
2792,2024-12-07,9550.0,9890.0,9340.0,9580.0,9314533120,975074,208,9620.0,9850.0
2793,2024-12-08,9630.0,9860.0,9420.0,9630.0,5594205220,575367,115,9580.0,9860.0
2794,2024-12-09,9900.0,9910.0,9650.0,9760.0,7320283500,739065,102,9630.0,9910.0
2795,2024-12-10,9770.0,9840.0,9470.0,9730.0,2184940070,228918,89,9760.0,9680.0
2796,2024-12-11,9780.0,10020.0,9530.0,9820.0,6262606940,628601,105,9730.0,10020.0
2797,2024-12-14,10110.0,10110.0,9990.0,9850.0,1790513160,177477,69,9820.0,10110.0
2798,2024-12-15,9960.0,10140.0,9960.0,9900.0,3327898950,329848,90,9850.0,10140.0
2799,2024-12-16,10140.0,10190.0,9610.0,9910.0,3385131570,340339,98,9900.0,9630.0
2800,2024-12-17,9620.0,9670.0,9620.0,9880.0,1774643490,184405,66,9910.0,9670.0
2801,2024-12-18,9590.0,9770.0,9590.0,9840.0,2343340640,243988,97,9880.0,9620.0
2802,2024-12-21,9900.0,10110.0,9700.0,9860.0,2109166040,211349,112,9840.0,9730.0
2803,2024-12-22,10110.0,10110.0,9570.0,9750.0,6273952870,652667,115,9860.0,9570.0
2804,2024-12-23,9480.0,10000.0,9470.0,9820.0,5943530690,599365,115,9750.0,9970.0
2805,2024-12-24,9970.0,9970.0,9530.0,9690.0,7092887530,741898,128,9820.0,9740.0
2806,2024-12-25,9490.0,9520.0,9400.0,9670.0,1499838560,158509,67,9690.0,9450.0
2807,2024-12-28,9460.0,9880.0,9390.0,9640.0,11115280200,1153855,174,9670.0,9700.0
2808,2024-12-29,9480.0,9900.0,9440.0,9670.0,3226642810,330160,57,9640.0,9890.0
2809,2024-12-30,9470.0,9900.0,9400.0,9660.0,3205691610,332430,83,9670.0,9430.0
2810,2024-12-31,9410.0,9470.0,9380.0,9620.0,2366012250,251272,63,9660.0,9430.0
2811,2025-01-01,9370.0,9790.0,9340.0,9550.0,11108246970,1166613,263,9620.0,9700.0
2812,2025-01-04,9810.0,9830.0,9810.0,9620.0,4052554880,412318,40,9550.0,9830.0
2813,2025-01-05,9900.0,9900.0,9640.0,9740.0,6908526660,699326,76,9620.0,9900.0
2814,2025-01-06,10030.0,10030.0,10030.0,9770.0,1784998980,177966,30,9740.0,10030.0
2815,2025-01-07,10060.0,10060.0,10060.0,9820.0,2952931920,293532,28,9770.0,10060.0
2816,2025-01-08,10110.0,10110.0,10110.0,9830.0,608581560,60196,21,9820.0,10110.0
2817,2025-01-11,10120.0,10120.0,10120.0,9880.0,2566209360,253578,31,9830.0,10120.0
2818,2025-01-12,10170.0,10170.0,10170.0,10090.0,11370060000,1118000,63,9880.0,10170.0
2819,2025-01-13,10170.0,10390.0,10120.0,10150.0,3631739240,350927,47,10090.0,10390.0
2820,2025-01-15,10450.0,10450.0,10260.0,10270.0,6645833690,636796,104,10150.0,10400.0
2821,2025-01-18,10400.0,10400.0,9970.0,10210.0,3422654490,342208,98,10270.0,10070.0
2822,2025-01-19,9930.0,10100.0,9910.0,10170.0,2312064960,232847,53,10210.0,9920.0
2823,2025-01-20,9970.0,9970.0,9870.0,10150.0,856018700,86685,34,10170.0,9870.0
2824,2025-01-21,9850.0,10200.0,9850.0,10010.0,13200149970,1320719,665,10150.0,10100.0
2825,2025-01-22,9780.0,10100.0,9710.0,10000.0,2354952390,236754,80,10010.0,9710.0
2826,2025-01-25,9750.0,9750.0,9700.0,9970.0,1721611470,177352,77,10000.0,9700.0
2827,2025-01-26,9690.0,9870.0,9680.0,9950.0,960778580,99121,39,9970.0,9680.0
2828,2025-01-27,9680.0,9690.0,9660.0,9930.0,1202361180,124454,74,9950.0,9660.0
2829,2025-01-29,9640.0,9650.0,9640.0,9920.0,315236830,32695,48,9930.0,9640.0
2830,2025-02-01,9630.0,9630.0,9630.0,9910.0,626941890,65103,24,9920.0,9630.0
2831,2025-02-02,9620.0,9630.0,9620.0,9880.0,1412719900,146850,33,9910.0,9620.0
2832,2025-02-03,9590.0,9600.0,9590.0,9860.0,1115021760,116264,20,9880.0,9590.0
2833,2025-02-04,9570.0,9770.0,9570.0,9840.0,1538265350,159094,41,9860.0,9730.0
2834,2025-02-05,9550.0,9670.0,9550.0,9730.0,5546170160,580734,71,9840.0,9670.0
2835,2025-02-09,9450.0,9470.0,9440.0,9710.0,942156940,99770,57,9730.0,9440.0
2836,2025-02-11,9420.0,9420.0,9420.0,9710.0,32791020,3481,3,9710.0,9420.0
2837,2025-02-15,9420.0,9420.0,9420.0,9710.0,64046580,6799,9,9710.0,9420.0
2838,2025-02-16,9420.0,9420.0,9420.0,9650.0,2821167540,299487,33,9710.0,9420.0
2839,2025-02-17,9420.0,9420.0,9370.0,9650.0,251127580,26774,14,9650.0,9370.0
2840,2025-02-18,9370.0,9370.0,9370.0,9650.0,128762540,13742,9,9650.0,9370.0
2841,2025-02-19,9370.0,9380.0,9370.0,9610.0,2148750370,229301,31,9650.0,9370.0
2842,2025-02-22,9330.0,9330.0,9330.0,9560.0,2359333080,252876,29,9610.0,9330.0
2843,2025-02-23,9280.0,9280.0,9280.0,9550.0,274697280,29601,18,9560.0,9280.0
2844,2025-02-24,9270.0,9520.0,9270.0,9480.0,4172704750,447663,99,9550.0,9400.0
2845,2025-02-25,9260.0,9380.0,9200.0,9450.0,1578216800,170960,77,9480.0,9200.0
2846,2025-02-26,9170.0,9170.0,9170.0,9430.0,1089762800,118840,21,9450.0,9170.0
2847,2025-03-01,9150.0,9250.0,9150.0,9420.0,279398850,30519,17,9430.0,9150.0
2848,2025-03-02,9140.0,9140.0,9140.0,9420.0,185094140,20251,20,9420.0,9140.0
2849,2025-03-03,9140.0,9700.0,9140.0,9410.0,2155371670,230831,70,9420.0,9140.0
2850,2025-03-04,9540.0,9540.0,9130.0,9400.0,482059300,52744,16,9410.0,9130.0
2851,2025-03-05,9120.0,9120.0,9120.0,9400.0,30214560,3313,5,9400.0,9120.0
2852,2025-03-08,9120.0,9520.0,9120.0,9400.0,312384080,33859,12,9400.0,9120.0
2853,2025-03-09,9120.0,9120.0,9120.0,9400.0,81168000,8900,4,9400.0,9120.0
2854,2025-03-10,9120.0,9120.0,9120.0,9400.0,18240000,2000,3,9400.0,9120.0
2855,2025-03-11,9120.0,9120.0,9120.0,9400.0,220649280,24194,12,9400.0,9120.0
2856,2025-03-12,9120.0,9120.0,9120.0,9400.0,34984320,3836,3,9400.0,9120.0
2857,2025-03-15,9120.0,9220.0,9120.0,9360.0,2381389750,260918,73,9400.0,9120.0
2858,2025-03-16,9080.0,9080.0,9080.0,9360.0,106463000,11725,11,9360.0,9080.0
2859,2025-03-17,9080.0,9080.0,9080.0,9360.0,19612800,2160,2,9360.0,9080.0
2860,2025-03-18,9080.0,9080.0,9080.0,9350.0,507326840,55873,4,9360.0,9080.0
2861,2025-03-25,9080.0,9090.0,9070.0,9340.0,745543270,82161,29,9350.0,9070.0
2862,2025-03-26,9060.0,9060.0,9060.0,9330.0,378345600,41760,14,9340.0,9060.0
2863,2025-03-29,9060.0,9060.0,9060.0,9330.0,20865180,2303,4,9330.0,9060.0
2864,2025-03-30,9060.0,9060.0,9060.0,9330.0,128597640,14194,13,9330.0,9060.0
2865,2025-04-05,9060.0,9060.0,9060.0,9320.0,447355620,49377,10,9330.0,9060.0
2866,2025-04-06,9050.0,9050.0,9050.0,9320.0,134510150,14863,6,9320.0,9050.0
2867,2025-04-08,9050.0,9200.0,9050.0,9250.0,4249635900,468552,136,9320.0,9050.0
2868,2025-04-09,9050.0,9050.0,8980.0,9240.0,316461250,35229,24,9250.0,8980.0
2869,2025-04-12,8970.0,8980.0,8970.0,9220.0,815556150,90913,30,9240.0,8970.0
2870,2025-04-13,9000.0,9390.0,9000.0,9210.0,5072683550,552337,178,9220.0,9160.0
2871,2025-04-14,9120.0,9310.0,9010.0,9210.0,1379064770,150130,48,9210.0,9050.0
2872,2025-04-15,9000.0,9000.0,8940.0,9200.0,417318540,46646,22,9210.0,8940.0
2873,2025-04-16,8930.0,9210.0,8930.0,9170.0,1701190350,189668,77,9200.0,8950.0
2874,2025-04-19,8920.0,9100.0,8900.0,9140.0,1674198320,187229,85,9170.0,8900.0
2875,2025-04-20,8900.0,9410.0,8900.0,9270.0,11324159670,1215639,164,9140.0,9410.0
2876,2025-04-21,9280.0,9540.0,9070.0,9280.0,4965032200,533892,140,9270.0,9080.0
2877,2025-04-22,9050.0,9240.0,9010.0,9260.0,1382838510,153254,78,9280.0,9010.0
2878,2025-04-23,9000.0,9110.0,8990.0,9230.0,1786156060,197761,71,9260.0,9100.0
2879,2025-04-26,8990.0,9000.0,8960.0,9210.0,1304334200,145484,60,9230.0,8960.0
2880,2025-04-27,8940.0,8950.0,8940.0,9200.0,396639830,44364,34,9210.0,8940.0
2881,2025-04-28,9040.0,9170.0,8930.0,9160.0,2358149700,263448,112,9200.0,8930.0
2882,2025-04-29,8930.0,9430.0,8930.0,9260.0,6211120940,659796,94,9160.0,9430.0
2883,2025-04-30,9530.0,9530.0,9300.0,9330.0,4024252070,422548,55,9260.0,9530.0
2884,2025-05-03,9570.0,9600.0,9100.0,9460.0,9395323830,984616,115,9330.0,9540.0
2885,2025-05-04,9340.0,9480.0,9270.0,9450.0,1200356300,128421,31,9460.0,9270.0
2886,2025-05-05,9600.0,9600.0,9290.0,9450.0,1222404240,128661,34,9450.0,9500.0
2887,2025-05-06,9550.0,9550.0,9270.0,9450.0,156020660,16723,16,9450.0,9400.0
2888,2025-05-07,9310.0,9600.0,9310.0,9450.0,430579600,45825,29,9450.0,9310.0
2889,2025-05-10,9200.0,9200.0,9170.0,9350.0,5056476400,551216,48,9450.0,9180.0
2890,2025-05-11,9080.0,9370.0,9070.0,9350.0,69303850,7607,12,9350.0,9080.0
2891,2025-05-12,9300.0,9570.0,9170.0,9350.0,1684558540,180320,80,9350.0,9410.0
2892,2025-05-13,9190.0,9320.0,9070.0,9310.0,2255065610,248166,95,9350.0,9070.0
2893,2025-05-14,9060.0,9350.0,9040.0,9300.0,577260880,62944,45,9310.0,9300.0
2894,2025-05-17,9070.0,9110.0,9030.0,9290.0,862620600,95279,56,9300.0,9070.0
2895,2025-05-18,9060.0,9560.0,9060.0,9370.0,5543553760,583651,79,9290.0,9560.0
2896,2025-05-19,9650.0,9650.0,9650.0,9450.0,4632289500,480030,41,9370.0,9650.0
2897,2025-05-20,9730.0,9730.0,9720.0,9560.0,6171575070,634288,105,9450.0,9730.0
2898,2025-05-21,9840.0,9840.0,9840.0,9630.0,4244336400,431335,38,9560.0,9840.0
2899,2025-05-24,9910.0,9910.0,9910.0,9700.0,3689225430,372273,59,9630.0,9910.0
2900,2025-05-25,9990.0,9990.0,9990.0,9910.0,11326022640,1133736,57,9700.0,9990.0
2901,2025-05-26,10200.0,10200.0,10200.0,10080.0,9148125000,896875,153,9910.0,10200.0
2902,2025-05-27,10380.0,10380.0,10380.0,10120.0,1955124900,188355,21,10080.0,10380.0
2903,2025-05-28,10420.0,10420.0,10420.0,10410.0,15573440240,1494572,78,10120.0,10420.0
2904,2025-05-31,10720.0,10720.0,10720.0,10710.0,15024047840,1401497,72,10410.0,10720.0
2905,2025-06-01,11030.0,11030.0,11030.0,10740.0,1580819600,143320,36,10710.0,11030.0
2906,2025-06-02,11060.0,11060.0,11060.0,10830.0,4316142880,390248,27,10740.0,11060.0
2907,2025-06-03,11150.0,11150.0,11150.0,11150.0,18959593800,1700412,86,10830.0,11150.0
2908,2025-06-07,11480.0,11480.0,11480.0,11480.0,15269456160,1330092,110,11150.0,11480.0
2909,2025-06-08,11820.0,11820.0,11480.0,11790.0,34555132470,2929846,494,11480.0,11820.0
2910,2025-06-09,12140.0,12140.0,11820.0,12120.0,21382020660,1764181,661,11790.0,12140.0
2911,2025-06-10,12470.0,12480.0,12240.0,12240.0,5886447240,471834,258,12120.0,12480.0
2912,2025-06-11,12600.0,12600.0,12580.0,12480.0,11200250460,889059,297,12240.0,12600.0
2913,2025-06-28,12110.0,12110.0,12110.0,12300.0,6927622380,572058,24,12480.0,12110.0
2914,2025-06-29,11940.0,12160.0,11940.0,11940.0,25040680180,2096895,339,12300.0,12160.0
2915,2025-06-30,11590.0,11940.0,11590.0,11610.0,31864456460,2744972,655,11940.0,11590.0
2916,2025-07-01,11270.0,11270.0,11270.0,11610.0,38498320,3416,2,11610.0,11270.0
2917,2025-07-02,11270.0,11280.0,11270.0,11270.0,51454952040,4565651,4617,11610.0,11270.0
2918,2025-07-08,10940.0,10940.0,10940.0,11230.0,1547244200,141430,5,11270.0,10940.0
2919,2025-07-09,10900.0,10900.0,10900.0,11210.0,1098992500,100825,3,11230.0,10900.0
2920,2025-07-12,10880.0,10880.0,10880.0,11010.0,8993592960,826617,1029,11210.0,10880.0
2921,2025-07-13,10680.0,11290.0,10680.0,10880.0,7377794170,685657,1141,11010.0,11200.0
2922,2025-07-14,10980.0,10980.0,10560.0,10870.0,3207683430,296084,1171,10880.0,10890.0
