,date,open,high,low,adjClose,value,volume,count,yesterday,close
0,2012-06-24,32.0,32.0,28.0,28.0,788084992681,690000000,3292,24.0,28.0
1,2012-06-25,28.0,29.0,28.0,28.0,81667019797,70242200,4041,28.0,28.0
2,2012-06-26,28.0,28.0,27.0,28.0,52724280106,46616885,2363,28.0,27.0
3,2012-06-27,27.0,28.0,27.0,27.0,76405243282,69730343,2728,28.0,27.0
4,2012-06-30,28.0,28.0,28.0,27.0,2119502455,1860845,63,27.0,28.0
5,2012-07-01,28.0,28.0,28.0,28.0,46327090157,39983891,1570,27.0,28.0
6,2012-07-02,29.0,29.0,29.0,29.0,32521537122,27152077,1259,28.0,29.0
7,2012-07-03,30.0,30.0,30.0,30.0,104113103969,83796323,3664,29.0,30.0
8,2012-07-04,31.0,32.0,31.0,31.0,52264673513,40897212,2699,30.0,31.0
9,2012-07-07,32.0,33.0,32.0,32.0,46846053899,35427063,2026,31.0,33.0
10,2012-07-08,33.0,34.0,33.0,34.0,72942879677,53147693,2712,32.0,34.0
11,2012-07-09,34.0,35.0,34.0,34.0,59916104891,42859419,2526,34.0,34.0
12,2012-07-10,33.0,34.0,33.0,33.0,35095825321,25835476,1876,34.0,33.0
13,2012-08-25,37.0,38.0,37.0,38.0,17049930710,10959739,360,33.0,38.0
14,2012-08-26,40.0,40.0,40.0,40.0,7898396440,4881580,206,38.0,40.0
15,2012-08-27,41.0,41.0,40.0,41.0,187263675870,111406235,3926,40.0,41.0
16,2012-09-02,41.0,43.0,41.0,42.0,47501207679,27549716,1514,41.0,43.0
17,2012-09-03,43.0,44.0,43.0,44.0,25551769754,14281795,560,42.0,44.0
18,2012-09-04,45.0,45.0,45.0,45.0,7700400000,4140000,91,44.0,45.0
19,2012-09-05,47.0,47.0,46.0,47.0,141916346872,73942088,3687,45.0,47.0
20,2012-09-08,47.0,49.0,45.0,47.0,73482171970,38117638,5367,47.0,46.0
21,2012-09-09,46.0,46.0,45.0,45.0,72537865239,39152196,1721,47.0,45.0
22,2012-09-10,46.0,47.0,45.0,46.0,172050246530,90860279,3298,45.0,47.0
23,2012-09-11,46.0,47.0,44.0,45.0,54201388477,29403622,2465,46.0,45.0
24,2012-09-15,45.0,47.0,45.0,47.0,70742563612,37069829,4210,45.0,47.0
25,2012-09-16,48.0,48.0,46.0,47.0,34702788400,18214588,1270,47.0,46.0
26,2012-09-17,47.0,48.0,47.0,48.0,62264903570,31763800,1379,47.0,48.0
27,2012-09-18,50.0,50.0,49.0,50.0,64684659360,31739792,916,48.0,50.0
28,2012-09-19,51.0,52.0,50.0,52.0,202683728449,96194620,4560,50.0,51.0
29,2012-09-22,52.0,54.0,52.0,53.0,163570255384,74806038,4088,52.0,54.0
30,2012-09-23,55.0,55.0,51.0,53.0,65870385586,30593784,2191,53.0,51.0
31,2012-09-24,51.0,53.0,51.0,51.0,90802598314,43705551,2438,53.0,51.0
32,2012-09-25,53.0,53.0,52.0,53.0,51891873716,24067292,1477,51.0,53.0
33,2012-09-26,55.0,55.0,55.0,55.0,129768443582,57880771,1746,53.0,55.0
34,2012-09-29,56.0,57.0,55.0,56.0,87020268946,38101591,2828,55.0,55.0
35,2012-09-30,56.0,56.0,54.0,54.0,79478717769,36129713,2100,56.0,54.0
36,2012-10-01,52.0,54.0,52.0,52.0,18570918913,8756782,725,54.0,52.0
37,2012-10-02,51.0,53.0,50.0,50.0,47560959356,23039413,1921,52.0,50.0
38,2012-10-03,52.0,52.0,51.0,52.0,64004653688,29994947,1864,50.0,51.0
39,2012-10-06,51.0,51.0,50.0,50.0,51747278166,25221441,1495,52.0,51.0
40,2012-10-07,51.0,52.0,50.0,51.0,19140697587,9184269,878,50.0,51.0
41,2012-10-08,52.0,53.0,50.0,52.0,36318338606,17072521,1185,51.0,52.0
42,2012-10-09,53.0,54.0,52.0,53.0,25037951720,11647348,953,52.0,53.0
43,2012-10-10,53.0,54.0,53.0,53.0,48237123984,22161005,1433,53.0,53.0
44,2012-10-13,53.0,53.0,51.0,52.0,13558961912,6415418,652,53.0,51.0
45,2012-10-14,50.0,53.0,50.0,52.0,37646621525,17865732,1451,52.0,53.0
46,2012-10-15,53.0,54.0,53.0,54.0,70175477201,32066751,1935,52.0,54.0
47,2012-10-16,54.0,55.0,54.0,54.0,60910337604,27493149,1503,54.0,54.0
48,2012-10-17,53.0,55.0,53.0,54.0,21419049273,9707247,850,54.0,55.0
49,2012-10-20,55.0,56.0,55.0,56.0,26834153061,11714192,729,54.0,56.0
50,2012-10-21,57.0,58.0,56.0,58.0,100373823509,42230153,2211,56.0,58.0
51,2012-10-22,58.0,60.0,58.0,60.0,102646138721,41678589,1713,58.0,60.0
52,2012-10-23,61.0,63.0,59.0,62.0,46142229823,18271861,1369,60.0,63.0
53,2012-10-24,64.0,64.0,64.0,64.0,94445174538,35965413,685,62.0,64.0
54,2012-10-27,67.0,67.0,67.0,67.0,134245145240,49156040,895,64.0,67.0
55,2012-10-28,69.0,69.0,69.0,69.0,239081580880,84183657,1956,67.0,69.0
56,2012-10-29,71.0,72.0,70.0,72.0,137988980347,47000074,3968,69.0,72.0
57,2012-10-30,75.0,75.0,72.0,74.0,407026783792,134575425,5885,72.0,72.0
58,2012-10-31,73.0,74.0,71.0,72.0,96573882880,32683409,2732,74.0,72.0
59,2012-11-04,73.0,74.0,71.0,73.0,52896420452,17815276,1380,72.0,72.0
60,2012-11-05,72.0,73.0,70.0,70.0,103939711049,36118035,1780,73.0,70.0
61,2012-11-06,70.0,72.0,69.0,71.0,55137734458,19027538,1513,70.0,71.0
62,2012-11-07,73.0,73.0,71.0,71.0,81162758173,27798067,1774,71.0,71.0
63,2012-11-10,71.0,72.0,69.0,70.0,27020558527,9399543,973,71.0,70.0
64,2012-11-11,71.0,71.0,70.0,70.0,14858650912,5192639,630,70.0,70.0
65,2012-11-12,70.0,73.0,70.0,72.0,47602609556,16111981,1075,70.0,73.0
66,2012-11-13,75.0,75.0,75.0,75.0,107564911749,35041505,1051,72.0,75.0
67,2012-11-14,78.0,78.0,78.0,78.0,46674924240,14622470,347,75.0,78.0
68,2012-11-17,81.0,81.0,80.0,81.0,268494917222,80929317,4097,78.0,81.0
69,2012-11-18,83.0,84.0,79.0,82.0,125180753814,37389909,3214,81.0,80.0
70,2012-11-19,79.0,81.0,79.0,79.0,110829086034,34194387,2267,82.0,79.0
71,2012-11-20,76.0,76.0,76.0,79.0,1302147936,418428,47,79.0,76.0
72,2012-11-21,76.0,76.0,76.0,76.0,12397332570,4000430,239,79.0,76.0
73,2012-11-26,73.0,76.0,73.0,73.0,157435433612,52416598,3467,76.0,76.0
74,2012-11-27,76.0,76.0,76.0,76.0,81880647954,26226711,1263,73.0,76.0
75,2012-11-28,78.0,79.0,78.0,79.0,180459211558,55795772,3146,76.0,79.0
76,2012-12-01,79.0,82.0,77.0,82.0,134283059484,40251623,2476,79.0,82.0
77,2012-12-02,83.0,85.0,81.0,83.0,114322829855,33497923,2961,82.0,81.0
78,2012-12-03,81.0,85.0,81.0,84.0,109457475838,32049901,2817,83.0,85.0
79,2012-12-04,87.0,87.0,86.0,87.0,272420222864,76740930,3900,84.0,87.0
80,2012-12-05,88.0,90.0,87.0,90.0,298028964839,80987502,5202,87.0,90.0
81,2012-12-08,92.0,94.0,86.0,90.0,200348603938,54712583,5917,90.0,86.0
82,2012-12-09,88.0,89.0,86.0,87.0,87990926501,24657137,2315,90.0,86.0
83,2012-12-10,87.0,89.0,84.0,86.0,88034442040,25113565,2141,87.0,84.0
84,2012-12-11,85.0,89.0,84.0,88.0,237868295545,66248341,3233,86.0,88.0
85,2012-12-12,89.0,90.0,87.0,88.0,39567507167,11012395,1258,88.0,87.0
86,2012-12-15,88.0,89.0,86.0,88.0,74921763643,20911292,1205,88.0,87.0
87,2012-12-16,88.0,91.0,86.0,90.0,198568736680,54183181,3320,88.0,90.0
88,2012-12-17,91.0,93.0,91.0,93.0,95648850109,25135258,1703,90.0,93.0
89,2012-12-18,95.0,95.0,91.0,93.0,98465558384,25999276,2705,93.0,91.0
90,2012-12-19,92.0,94.0,91.0,92.0,105650624126,28112074,2528,93.0,91.0
91,2012-12-22,92.0,96.0,91.0,94.0,105130830025,27228254,2393,92.0,96.0
92,2012-12-23,98.0,98.0,98.0,98.0,16622100000,4140000,144,94.0,98.0
93,2012-12-24,102.0,102.0,102.0,102.0,18139381350,4344762,115,98.0,102.0
94,2012-12-25,106.0,106.0,102.0,105.0,308928365529,71633611,3422,102.0,106.0
95,2012-12-26,109.0,110.0,108.0,109.0,69340677023,15536720,1049,105.0,110.0
96,2013-03-10,137.0,137.0,131.0,133.0,414753032439,76491073,5747,109.0,133.0
97,2013-03-11,136.0,138.0,135.0,137.0,268414457288,47896268,5566,133.0,137.0
98,2013-03-12,135.0,141.0,132.0,137.0,125045728028,22366125,2514,137.0,137.0
99,2013-03-13,140.0,142.0,139.0,142.0,568907019980,98054593,6044,137.0,139.0
100,2013-03-16,142.0,142.0,136.0,139.0,132105303594,23302581,2254,142.0,136.0
101,2013-03-17,134.0,136.0,133.0,134.0,59519491400,10853561,1566,139.0,133.0
102,2013-03-18,136.0,139.0,133.0,137.0,157079514887,28089116,1959,134.0,139.0
103,2013-03-25,142.0,142.0,142.0,137.0,1190254905,204687,48,137.0,142.0
104,2013-03-26,143.0,143.0,143.0,141.0,15547980155,2668265,97,137.0,143.0
105,2013-03-27,146.0,146.0,146.0,146.0,24643356696,4123721,145,141.0,146.0
106,2013-03-30,151.0,152.0,144.0,149.0,273316040873,44833159,5688,146.0,152.0
107,2013-03-31,152.0,155.0,150.0,155.0,188489092393,29788286,3088,149.0,155.0
108,2013-04-03,156.0,160.0,152.0,158.0,131439826567,20351406,3399,155.0,159.0
109,2013-04-06,160.0,163.0,158.0,159.0,94765424067,14539585,2990,158.0,158.0
110,2013-04-07,160.0,162.0,157.0,160.0,95465745584,14636856,2596,159.0,161.0
111,2013-04-08,164.0,166.0,163.0,166.0,93725630340,13844090,808,160.0,166.0
112,2013-04-09,172.0,172.0,172.0,172.0,76031274880,10799897,377,166.0,172.0
113,2013-04-10,171.0,176.0,169.0,173.0,263760043935,37349669,5393,172.0,173.0
114,2013-04-13,173.0,174.0,169.0,171.0,88886944681,12692461,2547,173.0,172.0
115,2013-04-15,171.0,178.0,171.0,176.0,156048471085,21663509,3128,171.0,177.0
116,2013-04-16,179.0,183.0,177.0,183.0,371181514037,49633488,3423,176.0,183.0
117,2013-04-17,186.0,189.0,181.0,185.0,143341700576,18958782,3886,183.0,187.0
118,2013-04-20,190.0,192.0,190.0,192.0,319945530438,40709371,4030,185.0,192.0
119,2013-04-21,197.0,198.0,190.0,195.0,196423086540,24697826,4716,192.0,194.0
120,2013-04-22,197.0,200.0,194.0,196.0,212249458894,26506521,4378,195.0,195.0
121,2013-04-23,196.0,198.0,190.0,194.0,207612440807,26170351,4205,196.0,194.0
122,2013-04-24,196.0,202.0,196.0,201.0,296632432792,36064068,5803,194.0,202.0
123,2013-04-27,209.0,209.0,209.0,209.0,88922063412,10395378,400,201.0,209.0
124,2013-04-28,218.0,218.0,213.0,217.0,528499778278,59466559,7648,209.0,218.0
125,2013-04-30,230.0,239.0,221.0,228.0,437805423511,47038106,7312,217.0,222.0
126,2013-05-01,228.0,237.0,223.0,236.0,371283318274,38523488,6183,228.0,237.0
127,2013-05-04,245.0,245.0,227.0,238.0,378593048756,38984581,8306,236.0,228.0
128,2013-05-05,228.0,230.0,228.0,228.0,91964024564,9862447,1107,238.0,228.0
129,2013-05-06,221.0,230.0,219.0,222.0,527153416627,58186504,8246,228.0,219.0
130,2013-05-07,216.0,219.0,213.0,215.0,67110052130,7646963,1086,222.0,213.0
131,2013-05-08,206.0,206.0,206.0,206.0,38254125325,4540549,338,215.0,206.0
132,2013-05-11,199.0,214.0,198.0,204.0,425905503336,51158807,8079,206.0,212.0
133,2013-05-12,212.0,212.0,195.0,202.0,526029242534,63604862,8840,204.0,198.0
134,2013-05-13,194.0,199.0,194.0,194.0,187215580835,23566664,2199,202.0,194.0
135,2013-05-14,187.0,187.0,187.0,194.0,2713434909,355767,157,194.0,187.0
136,2013-05-15,186.0,196.0,186.0,187.0,190562994545,24945056,3235,194.0,186.0
137,2013-05-18,179.0,179.0,179.0,186.0,2933592666,399999,161,187.0,179.0
138,2013-05-19,179.0,181.0,179.0,179.0,223354645869,30564127,2785,186.0,179.0
139,2013-08-25,340.0,341.0,326.0,332.0,757146692973,60832159,8255,179.0,326.0
140,2013-08-26,318.0,332.0,318.0,322.0,735095650614,60740375,9520,332.0,325.0
141,2013-08-27,333.0,335.0,312.0,329.0,1112213310753,90119220,13054,322.0,322.0
142,2013-08-28,316.0,319.0,316.0,316.0,338360072227,28553804,3147,329.0,316.0
143,2013-08-31,320.0,325.0,311.0,318.0,214211417953,17974585,4647,316.0,315.0
144,2013-09-01,325.0,330.0,321.0,329.0,444875253583,36076589,5794,318.0,330.0
145,2013-09-03,342.0,342.0,332.0,339.0,396698803470,31218860,5961,329.0,336.0
146,2013-09-04,325.0,325.0,325.0,332.0,23045923835,1889165,437,339.0,325.0
147,2013-09-07,319.0,319.0,319.0,331.0,6293471832,525507,173,332.0,319.0
148,2013-09-08,318.0,323.0,318.0,318.0,206519657590,17328143,2486,331.0,318.0
149,2013-09-09,318.0,322.0,307.0,314.0,202689156130,17179245,4307,318.0,309.0
150,2013-09-10,322.0,327.0,321.0,327.0,653466864510,53313470,4450,314.0,327.0
151,2013-09-11,338.0,338.0,322.0,329.0,300947138651,24373114,4723,327.0,326.0
152,2013-09-14,324.0,324.0,316.0,316.0,257427684159,21684124,4152,329.0,317.0
153,2013-09-15,320.0,321.0,304.0,309.0,218630072357,18825677,5593,316.0,305.0
154,2013-09-16,301.0,320.0,301.0,312.0,161907694641,13836652,3495,309.0,318.0
155,2013-09-17,320.0,324.0,318.0,321.0,139832196226,11593786,3401,312.0,319.0
156,2013-09-18,329.0,330.0,323.0,327.0,183244826681,14922890,3362,321.0,326.0
157,2013-09-21,333.0,333.0,315.0,321.0,237124808981,19701778,4973,327.0,317.0
158,2013-09-22,310.0,314.0,308.0,310.0,189266934398,16280435,3530,321.0,311.0
159,2013-09-23,316.0,322.0,315.0,322.0,198071009973,16401284,2062,310.0,322.0
160,2013-09-24,325.0,331.0,315.0,321.0,149530528796,12420041,2955,322.0,317.0
161,2013-09-25,320.0,328.0,316.0,323.0,150319493272,12382466,2341,321.0,322.0
162,2013-09-28,332.0,332.0,325.0,329.0,186634495497,15139422,3151,323.0,327.0
163,2013-09-29,328.0,342.0,324.0,336.0,495938454094,39333020,5652,329.0,342.0
164,2013-09-30,344.0,349.0,338.0,349.0,336319956546,25705796,3277,336.0,349.0
165,2013-10-01,356.0,363.0,350.0,360.0,338145086056,25029932,5786,349.0,363.0
166,2013-10-02,368.0,374.0,365.0,374.0,472498181189,33690752,6871,360.0,374.0
167,2013-10-05,382.0,389.0,380.0,387.0,264932599592,18225775,3293,374.0,389.0
168,2013-10-06,403.0,403.0,387.0,398.0,515764444712,34552291,9004,387.0,388.0
169,2013-10-07,384.0,393.0,382.0,388.0,807815834222,55428622,6384,398.0,392.0
170,2013-10-08,397.0,404.0,373.0,395.0,627463242438,42376059,7986,388.0,395.0
171,2013-10-09,394.0,410.0,389.0,407.0,358650316843,23481539,5388,395.0,410.0
172,2013-10-12,400.0,423.0,400.0,415.0,540337176836,34694189,10313,407.0,423.0
173,2013-10-13,430.0,432.0,424.0,431.0,454415938351,28110792,6067,415.0,432.0
174,2013-10-14,440.0,448.0,432.0,444.0,280960151494,16854541,4174,431.0,448.0
175,2013-10-15,462.0,462.0,462.0,462.0,138961042000,8015750,1121,444.0,462.0
176,2013-10-19,480.0,480.0,466.0,478.0,760335594885,42374333,9183,462.0,467.0
177,2013-10-20,459.0,466.0,459.0,459.0,529484139638,30720818,6201,478.0,459.0
178,2013-10-21,450.0,466.0,441.0,447.0,588718973846,35130231,8918,459.0,442.0
179,2013-10-22,429.0,429.0,429.0,429.0,109864340656,6828962,1131,447.0,429.0
180,2013-10-23,412.0,437.0,412.0,417.0,578764406896,36971565,7850,429.0,431.0
181,2013-10-26,429.0,434.0,425.0,432.0,380420946759,23444527,4825,417.0,426.0
182,2013-10-27,424.0,424.0,415.0,416.0,128295436483,8224491,2048,432.0,415.0
183,2013-10-28,408.0,424.0,399.0,402.0,318531609645,21108395,5548,416.0,404.0
184,2013-10-29,410.0,418.0,404.0,417.0,285801306940,18258736,4516,402.0,418.0
185,2013-10-30,421.0,428.0,413.0,418.0,179900366144,11471608,3756,417.0,413.0
186,2013-11-02,405.0,408.0,401.0,402.0,186995067331,12408823,4009,418.0,401.0
187,2013-11-03,402.0,410.0,386.0,397.0,279866565546,18778789,5369,402.0,390.0
188,2013-11-04,391.0,408.0,382.0,395.0,218779043856,14764982,5093,397.0,405.0
189,2013-11-05,407.0,411.0,406.0,410.0,117619492868,7648648,2415,395.0,411.0
190,2013-11-06,422.0,426.0,418.0,424.0,225028871288,14126436,5215,410.0,421.0
191,2013-11-09,429.0,432.0,408.0,412.0,122390021553,7915590,2940,424.0,408.0
192,2013-11-10,402.0,407.0,396.0,396.0,379307214016,25503038,7479,412.0,397.0
193,2013-11-11,400.0,408.0,388.0,395.0,129778470018,8745924,4374,396.0,391.0
194,2013-11-12,393.0,398.0,386.0,395.0,177097075820,11955331,3462,395.0,396.0
195,2013-11-16,397.0,404.0,384.0,394.0,142238031337,9631301,4676,395.0,385.0
196,2013-11-17,385.0,385.0,378.0,378.0,117781427090,8294570,3406,394.0,378.0
197,2013-11-18,368.0,375.0,363.0,368.0,216738059458,15709747,6848,378.0,368.0
198,2013-11-19,373.0,382.0,372.0,380.0,65653604698,4605764,1303,368.0,382.0
199,2013-11-20,392.0,394.0,384.0,388.0,163636636952,11226158,4803,380.0,389.0
200,2013-11-23,397.0,397.0,373.0,376.0,183538535793,12993568,5892,388.0,373.0
201,2013-11-24,373.0,383.0,361.0,367.0,261131846581,18973429,7861,376.0,365.0
202,2013-11-25,373.0,381.0,361.0,377.0,232363325498,16424765,5601,367.0,381.0
203,2013-11-26,389.0,392.0,368.0,379.0,136418515035,9579206,4479,377.0,371.0
204,2013-11-27,376.0,378.0,368.0,371.0,170644572951,12245872,4086,379.0,370.0
205,2013-11-30,373.0,378.0,363.0,369.0,158835298526,11459055,4636,371.0,365.0
206,2013-12-01,373.0,384.0,372.0,382.0,372533182235,25991109,5881,369.0,384.0
207,2013-12-02,386.0,391.0,370.0,378.0,140630712094,9914541,3860,382.0,373.0
208,2013-12-03,378.0,393.0,378.0,390.0,329242840691,22481077,5528,378.0,387.0
209,2013-12-04,397.0,405.0,390.0,399.0,179263085881,11976869,3882,390.0,398.0
210,2013-12-07,405.0,405.0,386.0,392.0,105611414538,7176354,3567,399.0,387.0
211,2013-12-08,386.0,388.0,376.0,379.0,190232386538,13365742,4817,392.0,383.0
212,2013-12-09,394.0,394.0,389.0,394.0,71927470416,4865548,1178,379.0,394.0
213,2013-12-10,410.0,410.0,400.0,406.0,197619185629,12971067,5006,394.0,400.0
214,2013-12-11,399.0,399.0,390.0,391.0,155865537575,10608840,4304,406.0,392.0
215,2013-12-14,392.0,405.0,388.0,399.0,151987257489,10142473,4079,391.0,400.0
216,2013-12-15,401.0,408.0,400.0,405.0,147588560217,9712965,4105,399.0,407.0
217,2013-12-16,409.0,414.0,393.0,402.0,221838495449,14720666,4669,405.0,394.0
218,2013-12-17,396.0,396.0,389.0,391.0,138192933697,9419534,3330,402.0,389.0
219,2013-12-18,391.0,396.0,377.0,390.0,152293210570,10401293,3405,391.0,386.0
220,2013-12-21,378.0,384.0,375.0,376.0,163202195978,11555236,4180,390.0,375.0
221,2013-12-22,369.0,386.0,369.0,376.0,113513748151,8040607,3194,376.0,374.0
222,2013-12-24,386.0,386.0,373.0,376.0,143413356320,10150758,4153,376.0,374.0
223,2013-12-25,377.0,378.0,372.0,374.0,95058770506,6764769,3403,376.0,373.0
224,2013-12-28,374.0,382.0,369.0,372.0,99149009330,7096869,3100,374.0,370.0
225,2013-12-29,372.0,377.0,368.0,371.0,93460741477,6708324,2659,372.0,375.0
226,2013-12-30,373.0,386.0,373.0,382.0,161358498041,11263530,3272,371.0,386.0
227,2014-01-01,389.0,397.0,386.0,395.0,126213821404,8524441,2758,382.0,397.0
228,2014-01-04,402.0,408.0,393.0,400.0,181142821627,12060900,3861,395.0,394.0
229,2014-01-05,395.0,404.0,389.0,395.0,91900373274,6203870,2450,400.0,392.0
230,2014-01-06,392.0,393.0,379.0,386.0,81507456102,5626023,2352,395.0,380.0
231,2014-01-07,377.0,384.0,375.0,377.0,83503417684,5901693,2020,386.0,378.0
232,2014-01-08,380.0,382.0,376.0,378.0,72408056033,5102240,2005,377.0,378.0
233,2014-01-11,379.0,393.0,379.0,391.0,69077383365,4713600,1885,378.0,393.0
234,2014-01-12,399.0,400.0,375.0,380.0,151945954404,10663539,2482,391.0,381.0
235,2014-01-13,388.0,395.0,382.0,393.0,171972093401,11657363,2715,380.0,394.0
236,2014-01-14,395.0,395.0,380.0,385.0,55807253078,3871625,1660,393.0,382.0
237,2014-01-15,382.0,382.0,372.0,377.0,74942279565,5303759,1675,385.0,377.0
238,2014-01-18,378.0,378.0,373.0,375.0,50509584241,3594387,1666,377.0,374.0
239,2014-01-20,375.0,377.0,364.0,372.0,129607458400,9281950,2944,375.0,373.0
240,2014-02-01,387.0,387.0,387.0,387.0,187646025190,12922390,1298,372.0,387.0
241,2014-02-02,387.0,392.0,376.0,385.0,170357604786,11800319,2808,387.0,382.0
242,2014-02-03,385.0,389.0,381.0,387.0,151461441370,10441266,2271,385.0,388.0
243,2014-02-04,387.0,394.0,387.0,391.0,151309337530,10304573,2249,387.0,394.0
244,2014-02-05,391.0,393.0,386.0,388.0,125585821077,8627748,2204,391.0,389.0
245,2014-02-08,388.0,388.0,372.0,379.0,127449025157,8951034,2155,388.0,383.0
246,2014-02-09,379.0,395.0,379.0,394.0,346168448265,23430011,3471,379.0,394.0
247,2014-02-10,395.0,404.0,378.0,390.0,131125650257,8968220,2570,394.0,390.0
248,2014-02-12,386.0,386.0,374.0,375.0,84804561728,6018463,2060,390.0,374.0
249,2014-02-15,376.0,386.0,376.0,378.0,49191885368,3461228,1330,375.0,378.0
250,2014-02-16,381.0,393.0,381.0,391.0,284207434665,19365184,2776,378.0,391.0
251,2014-02-17,397.0,407.0,389.0,403.0,359307289017,23765174,5506,391.0,403.0
252,2014-02-18,403.0,404.0,390.0,398.0,114313210258,7648771,2626,403.0,398.0
253,2014-02-19,402.0,414.0,402.0,413.0,566400941046,36554517,22752,398.0,413.0
254,2014-02-22,410.0,419.0,405.0,411.0,153597463377,9955364,3597,413.0,411.0
255,2014-02-23,404.0,407.0,396.0,399.0,89451016854,5974297,2932,411.0,399.0
256,2014-02-24,394.0,396.0,386.0,391.0,52132727872,3566289,1624,399.0,391.0
257,2014-02-25,387.0,387.0,379.0,383.0,53098610443,3704509,1662,391.0,382.0
258,2014-02-26,377.0,397.0,375.0,385.0,69112147090,4777560,2635,383.0,385.0
259,2014-03-01,392.0,394.0,386.0,387.0,33987027438,2328573,1355,385.0,387.0
260,2014-03-02,390.0,390.0,378.0,384.0,31171551016,2183864,1448,387.0,380.0
261,2014-03-03,378.0,378.0,373.0,375.0,62508023976,4443913,2209,384.0,375.0
262,2014-03-04,373.0,382.0,372.0,376.0,42504537860,3011322,1462,375.0,376.0
263,2014-03-05,378.0,391.0,376.0,388.0,85234783175,5847159,1867,376.0,388.0
264,2014-03-08,390.0,392.0,377.0,384.0,41609418470,2905968,1500,388.0,381.0
265,2014-03-09,378.0,381.0,375.0,380.0,213826345085,14987830,1683,384.0,379.0
266,2014-03-10,378.0,388.0,377.0,387.0,272141830806,18762576,1154,380.0,382.0
267,2014-03-11,385.0,385.0,376.0,382.0,26067153021,1842824,1058,387.0,377.0
268,2014-03-12,374.0,386.0,373.0,378.0,54962329820,3882063,2154,382.0,378.0
269,2014-03-15,378.0,384.0,373.0,377.0,67097503562,4743590,2878,378.0,374.0
270,2014-03-16,375.0,378.0,365.0,376.0,968082803614,68606415,4978,377.0,370.0
271,2014-03-17,372.0,378.0,370.0,376.0,166347271805,11779708,2632,376.0,371.0
272,2014-03-18,375.0,375.0,366.0,371.0,41133921803,2972116,2479,376.0,367.0
273,2014-03-19,368.0,368.0,364.0,366.0,50770908125,3706550,3316,371.0,365.0
274,2014-03-25,365.0,366.0,351.0,356.0,48575455216,3653211,2624,366.0,351.0
275,2014-03-26,342.0,350.0,341.0,344.0,45450448846,3543391,1677,356.0,341.0
276,2014-03-29,333.0,336.0,330.0,330.0,113428168830,9146945,3387,344.0,330.0
277,2014-03-30,330.0,344.0,330.0,339.0,42806448921,3347919,2018,330.0,344.0
278,2014-03-31,352.0,352.0,346.0,352.0,58053494860,4399968,2113,339.0,352.0
279,2014-04-05,354.0,354.0,338.0,344.0,38951373118,3035532,2224,352.0,339.0
280,2014-04-06,338.0,338.0,331.0,332.0,52707259212,4230902,2272,344.0,331.0
281,2014-04-07,330.0,330.0,320.0,325.0,54534143447,4469195,2957,332.0,328.0
282,2014-04-08,330.0,333.0,328.0,327.0,30717646048,2489945,1676,325.0,328.0
283,2014-04-09,330.0,330.0,320.0,323.0,39036138445,3233477,1656,327.0,322.0
284,2014-04-12,323.0,323.0,310.0,312.0,54498097500,4656214,2099,323.0,310.0
285,2014-04-13,302.0,302.0,299.0,309.0,11154839665,989494,577,312.0,299.0
286,2014-04-14,297.0,297.0,297.0,308.0,3474521260,311980,179,309.0,297.0
287,2014-04-15,296.0,314.0,296.0,298.0,194006596666,17345720,4955,308.0,298.0
288,2014-04-16,301.0,308.0,296.0,301.0,53846488064,4761720,2438,298.0,299.0
289,2014-04-19,296.0,299.0,289.0,296.0,20847471684,1915098,725,301.0,289.0
290,2014-04-20,296.0,306.0,296.0,300.0,46460883962,4123675,1868,296.0,301.0
291,2014-04-21,304.0,312.0,301.0,310.0,62974511658,5404707,1750,300.0,312.0
292,2014-04-22,323.0,323.0,317.0,323.0,167937134581,13863354,3011,310.0,323.0
293,2014-04-23,329.0,336.0,323.0,333.0,117298062651,9383082,2846,323.0,336.0
294,2014-04-26,346.0,346.0,346.0,346.0,51995134437,3999570,966,333.0,346.0
295,2014-04-27,358.0,360.0,343.0,353.0,207360224070,15662227,5907,346.0,343.0
296,2014-04-28,343.0,345.0,339.0,340.0,134435868401,10544624,3196,353.0,339.0
297,2014-04-29,336.0,346.0,327.0,333.0,54181408797,4333985,1903,340.0,327.0
298,2014-04-30,326.0,341.0,326.0,333.0,57373354084,4587099,1717,333.0,333.0
299,2014-05-03,338.0,338.0,326.0,332.0,42801725928,3444128,1223,333.0,332.0
300,2014-05-04,332.0,332.0,322.0,327.0,59142657441,4820355,1524,332.0,332.0
301,2014-05-05,333.0,338.0,329.0,332.0,53856141538,4316317,1365,327.0,333.0
302,2014-05-06,336.0,337.0,332.0,333.0,35752108861,2859397,1089,332.0,333.0
303,2014-05-07,334.0,334.0,330.0,333.0,37228858395,2981384,1148,333.0,331.0
304,2014-05-10,330.0,333.0,322.0,329.0,27384417857,2243678,1468,333.0,323.0
305,2014-05-11,327.0,327.0,317.0,322.0,53024834337,4382976,1947,329.0,322.0
306,2014-05-12,320.0,322.0,314.0,319.0,26047749977,2197875,1404,322.0,316.0
307,2014-05-14,317.0,317.0,308.0,314.0,53014268410,4500248,1987,319.0,316.0
308,2014-05-17,314.0,322.0,314.0,317.0,61611637160,5182051,1881,314.0,320.0
309,2014-05-18,325.0,329.0,320.0,328.0,70642484475,5732297,1540,317.0,329.0
310,2014-05-19,335.0,335.0,320.0,329.0,83363969594,6747762,1850,328.0,321.0
311,2014-05-20,329.0,333.0,322.0,329.0,62792373071,5091270,1661,329.0,328.0
312,2014-05-21,330.0,330.0,323.0,326.0,69216326383,5652309,1228,329.0,325.0
313,2014-05-24,330.0,330.0,316.0,323.0,29569534388,2452336,994,326.0,321.0
314,2014-05-25,320.0,328.0,320.0,323.0,38585548002,3189091,1104,323.0,321.0
315,2014-05-26,323.0,325.0,317.0,322.0,42255318404,3498663,1669,323.0,317.0
316,2014-05-28,320.0,320.0,313.0,319.0,23061727481,1946244,1520,322.0,317.0
317,2014-05-31,319.0,319.0,309.0,317.0,37713783239,3179054,1175,319.0,311.0
318,2014-06-01,309.0,311.0,304.0,305.0,53620547896,4691988,1689,317.0,304.0
319,2014-06-02,305.0,317.0,304.0,313.0,56124774467,4781273,1377,305.0,317.0
320,2014-06-03,322.0,325.0,321.0,325.0,67112035290,5503804,1622,313.0,325.0
321,2014-06-07,330.0,330.0,320.0,325.0,81966164981,6722195,1487,325.0,323.0
322,2014-06-08,323.0,325.0,314.0,323.0,20752570814,1728417,753,325.0,316.0
323,2014-06-09,316.0,321.0,314.0,321.0,10723354627,902464,559,323.0,314.0
324,2014-06-10,314.0,317.0,311.0,314.0,104822048961,8888918,740,321.0,311.0
325,2014-06-11,312.0,312.0,303.0,312.0,15556989581,1354209,1013,314.0,309.0
326,2014-06-14,309.0,310.0,299.0,306.0,36487058085,3199262,993,312.0,299.0
327,2014-06-15,296.0,299.0,293.0,294.0,52300682849,4740498,1674,306.0,298.0
328,2014-06-16,293.0,305.0,293.0,295.0,16724760913,1497010,709,294.0,298.0
329,2014-06-17,295.0,298.0,291.0,294.0,12408154504,1132447,646,295.0,292.0
330,2014-06-18,293.0,302.0,290.0,295.0,18462627508,1666312,908,294.0,297.0
331,2014-06-21,298.0,298.0,291.0,294.0,17966394052,1632338,794,295.0,292.0
332,2014-06-22,289.0,293.0,287.0,292.0,15877763278,1462937,879,294.0,288.0
333,2014-06-23,288.0,288.0,281.0,289.0,18021154338,1693608,914,292.0,282.0
334,2014-06-24,284.0,284.0,277.0,278.0,41285650205,3960220,1419,289.0,277.0
335,2014-06-25,271.0,288.0,271.0,283.0,63654328614,5983437,1350,278.0,276.0
336,2014-06-28,274.0,280.0,272.0,275.0,33996153444,3325166,885,283.0,272.0
337,2014-06-29,266.0,268.0,264.0,265.0,46447414149,4661781,1096,275.0,264.0
338,2014-06-30,255.0,261.0,255.0,258.0,29054180224,3030622,682,265.0,255.0
339,2014-07-01,249.0,267.0,249.0,262.0,54094550226,5511676,1862,258.0,266.0
340,2014-07-02,267.0,272.0,264.0,270.0,70967524540,7004976,1630,262.0,272.0
341,2014-07-05,281.0,281.0,275.0,280.0,62020317937,5898620,869,270.0,278.0
342,2014-07-06,280.0,280.0,269.0,271.0,38324110089,3776599,1220,280.0,269.0
343,2014-07-07,264.0,274.0,260.0,265.0,65080090439,6535785,1374,271.0,265.0
344,2014-07-08,266.0,276.0,266.0,275.0,42700384185,4138636,691,265.0,276.0
345,2014-07-09,280.0,286.0,272.0,281.0,76910262161,7294129,2041,275.0,286.0
346,2014-07-12,289.0,292.0,281.0,291.0,45313418361,4146247,996,281.0,292.0
347,2014-07-13,298.0,298.0,284.0,290.0,61632608889,5664262,1533,291.0,290.0
348,2014-07-14,298.0,298.0,289.0,294.0,48560335727,4395186,916,290.0,291.0
349,2014-07-15,293.0,293.0,283.0,288.0,36602174220,3399894,1087,294.0,285.0
350,2014-07-16,282.0,288.0,280.0,285.0,30676921314,2883399,1051,288.0,284.0
351,2014-07-20,288.0,293.0,282.0,286.0,63198610553,5891774,1726,285.0,283.0
352,2015-03-17,149.0,150.0,143.0,144.0,156882360462,34786774,4012,286.0,144.0
353,2015-03-18,149.0,150.0,146.0,150.0,65113955989,13916539,2057,144.0,150.0
354,2015-03-25,156.0,156.0,156.0,154.0,6728991894,1382859,189,150.0,156.0
355,2015-03-28,160.0,160.0,160.0,160.0,10210067712,2045286,115,154.0,160.0
356,2015-03-29,166.0,166.0,166.0,166.0,15363587967,2961941,107,160.0,166.0
357,2015-03-30,173.0,173.0,173.0,173.0,14049358038,2604627,177,166.0,173.0
358,2015-03-31,180.0,180.0,180.0,180.0,13570947455,2419495,210,173.0,180.0
359,2015-04-04,187.0,187.0,187.0,187.0,11243171663,1927511,83,180.0,187.0
360,2015-04-05,194.0,194.0,194.0,194.0,10915026948,1799378,90,187.0,194.0
361,2015-04-06,210.0,218.0,202.0,214.0,234850774101,35193199,7321,194.0,218.0
362,2015-04-07,219.0,221.0,208.0,216.0,75940429848,11278224,3289,214.0,214.0
363,2015-04-08,211.0,224.0,210.0,221.0,62234305114,9021777,2266,216.0,224.0
364,2015-04-11,227.0,230.0,219.0,229.0,160367151585,22400899,5334,221.0,230.0
365,2015-04-12,233.0,233.0,220.0,225.0,128169218919,18238058,4593,229.0,220.0
366,2015-04-13,216.0,224.0,216.0,217.0,39629426944,5839119,1611,225.0,216.0
367,2015-04-14,216.0,218.0,209.0,210.0,99953553929,15242607,3182,217.0,209.0
368,2015-04-15,203.0,206.0,202.0,202.0,47322732671,7498292,1665,210.0,202.0
369,2015-04-18,194.0,200.0,194.0,195.0,25721187835,4226170,868,202.0,194.0
370,2015-04-19,187.0,194.0,187.0,189.0,141842938790,24091306,4979,195.0,192.0
371,2015-04-22,159.0,165.0,159.0,162.0,86236542617,17066421,2978,189.0,165.0
372,2015-04-25,168.0,168.0,168.0,168.0,11128571305,2117711,119,162.0,168.0
373,2015-04-26,175.0,175.0,175.0,175.0,11707363460,2142244,237,168.0,175.0
374,2015-04-27,175.0,175.0,168.0,171.0,33696999100,6296249,1071,175.0,168.0
375,2015-04-28,165.0,170.0,165.0,165.0,74252591768,14371781,3689,171.0,167.0
376,2015-04-29,169.0,172.0,167.0,171.0,46915489656,8806474,1894,165.0,172.0
377,2015-05-03,172.0,174.0,164.0,169.0,18655841074,3542522,1122,171.0,166.0
378,2015-05-04,168.0,168.0,162.0,163.0,13775420075,2713826,652,169.0,162.0
379,2015-05-05,159.0,163.0,156.0,158.0,18139249188,3664700,1079,163.0,156.0
380,2015-05-06,154.0,155.0,152.0,152.0,43736298381,9190887,2311,158.0,152.0
381,2015-05-09,150.0,155.0,146.0,147.0,26356013733,5736040,1387,152.0,146.0
382,2015-05-10,144.0,146.0,141.0,141.0,27420904807,6205976,1432,147.0,141.0
383,2015-05-11,138.0,147.0,137.0,144.0,22617187855,5039771,1012,141.0,147.0
384,2015-05-12,149.0,149.0,149.0,149.0,9680235396,2074188,275,144.0,149.0
385,2015-05-13,155.0,155.0,155.0,155.0,9768837078,2013778,160,149.0,155.0
386,2015-05-17,161.0,161.0,150.0,156.0,71274559717,14595174,2492,155.0,156.0
387,2015-05-18,157.0,157.0,150.0,152.0,16353643207,3443452,911,156.0,150.0
388,2015-05-19,148.0,155.0,147.0,152.0,20569338396,4345613,999,152.0,152.0
389,2015-05-20,153.0,155.0,149.0,153.0,11879142601,2485373,776,152.0,154.0
390,2015-05-23,154.0,154.0,149.0,151.0,12188398134,2578870,711,153.0,150.0
391,2015-05-24,151.0,155.0,151.0,153.0,14070206603,2937048,835,151.0,154.0
392,2015-05-25,157.0,161.0,156.0,159.0,32988286931,6624540,1474,153.0,158.0
393,2015-05-26,160.0,160.0,154.0,158.0,13281558002,2695478,858,159.0,156.0
394,2015-05-27,158.0,158.0,152.0,156.0,20251182643,4162577,1173,158.0,157.0
395,2015-05-30,156.0,163.0,153.0,157.0,20608935151,4195947,1031,156.0,155.0
396,2015-05-31,157.0,158.0,154.0,156.0,7205348756,1488181,550,157.0,154.0
397,2015-06-01,154.0,157.0,154.0,156.0,9356048921,1922567,1065,156.0,155.0
398,2015-06-02,157.0,158.0,155.0,157.0,23259771348,4742504,2351,156.0,157.0
399,2015-06-06,158.0,158.0,153.0,155.0,6333134840,1314580,439,157.0,154.0
400,2015-06-07,153.0,155.0,151.0,153.0,5028874223,1063372,492,155.0,151.0
401,2015-06-08,154.0,156.0,151.0,155.0,35411376317,7299178,3557,153.0,151.0
402,2015-06-09,153.0,153.0,148.0,150.0,7081994083,1532820,365,155.0,148.0
403,2015-06-10,146.0,147.0,142.0,144.0,9726670600,2156155,686,150.0,145.0
404,2015-06-13,145.0,149.0,143.0,145.0,8047130344,1780328,617,144.0,144.0
405,2015-06-14,147.0,147.0,141.0,144.0,5949030182,1323509,473,145.0,143.0
406,2015-06-15,144.0,146.0,141.0,144.0,5910047750,1316098,409,144.0,144.0
407,2015-06-16,144.0,150.0,144.0,147.0,9223474687,2008302,614,144.0,149.0
408,2015-06-22,154.0,154.0,154.0,154.0,10504839361,2182597,81,147.0,154.0
409,2015-06-23,162.0,162.0,162.0,162.0,10716200280,2120760,128,154.0,162.0
410,2015-06-24,170.0,170.0,163.0,168.0,213555364043,40774069,5386,162.0,163.0
411,2015-06-27,166.0,166.0,159.0,162.0,38737363175,7638218,1722,168.0,159.0
412,2015-06-28,158.0,158.0,154.0,155.0,16304884628,3370425,933,162.0,154.0
413,2015-06-29,151.0,160.0,151.0,157.0,14736747000,3009511,765,155.0,158.0
414,2015-06-30,159.0,165.0,159.0,163.0,15185078857,2974092,769,157.0,165.0
415,2015-07-01,167.0,168.0,163.0,166.0,29970679432,5785705,1292,163.0,166.0
416,2015-07-04,168.0,174.0,168.0,174.0,62859909377,11598074,1843,166.0,174.0
417,2015-07-05,175.0,175.0,170.0,172.0,33113937682,6152398,1301,174.0,171.0
418,2015-07-06,173.0,179.0,172.0,177.0,23811717875,4307783,1133,172.0,179.0
419,2015-07-07,181.0,186.0,179.0,183.0,44367383904,7760312,1540,177.0,185.0
420,2015-07-11,178.0,183.0,175.0,179.0,29835956969,5337736,1413,183.0,181.0
421,2015-07-12,183.0,188.0,181.0,186.0,31911706893,5505569,1541,179.0,184.0
422,2015-07-13,195.0,195.0,192.0,195.0,74764897765,12306228,2122,186.0,195.0
423,2015-07-14,203.0,203.0,186.0,195.0,70562271532,11585986,2214,195.0,196.0
424,2015-07-15,196.0,196.0,185.0,186.0,75316851502,12947247,1703,195.0,185.0
425,2015-07-20,178.0,183.0,177.0,178.0,17720499687,3195375,541,186.0,177.0
426,2015-09-09,143.0,150.0,143.0,146.0,21689207317,5211281,657,178.0,150.0
427,2015-09-12,154.0,154.0,150.0,152.0,50855880558,11736906,2222,146.0,150.0
428,2015-09-13,149.0,149.0,145.0,145.0,17046069324,4131733,919,152.0,145.0
429,2015-09-14,145.0,147.0,143.0,145.0,43878947173,10665335,1448,145.0,143.0
430,2015-09-15,143.0,144.0,138.0,138.0,26073130816,6649035,1130,145.0,138.0
431,2015-09-16,137.0,137.0,132.0,134.0,21914662591,5771362,1302,138.0,132.0
432,2015-09-19,133.0,135.0,127.0,130.0,15596754739,4218084,1037,134.0,127.0
433,2015-09-20,127.0,130.0,124.0,125.0,16421665658,4634730,896,130.0,124.0
434,2015-09-21,120.0,121.0,118.0,119.0,24244503628,7175850,1107,125.0,120.0
435,2015-09-22,120.0,125.0,115.0,123.0,34117467984,9728124,1137,119.0,125.0
436,2015-09-23,127.0,130.0,125.0,129.0,38005288104,10336253,1097,123.0,130.0
437,2015-09-26,132.0,134.0,123.0,127.0,12645656293,3512889,721,129.0,125.0
438,2015-09-27,127.0,129.0,125.0,129.0,48563652935,13268226,595,127.0,128.0
439,2015-09-28,129.0,131.0,127.0,129.0,10442455397,2850171,600,129.0,129.0
440,2015-09-29,130.0,130.0,128.0,130.0,44181839088,11966871,355,129.0,128.0
441,2015-09-30,130.0,130.0,127.0,129.0,3655338718,1000787,275,130.0,128.0
442,2015-10-03,129.0,129.0,123.0,125.0,7924699989,2238026,439,129.0,123.0
443,2015-10-04,125.0,128.0,120.0,127.0,60242513189,16665847,615,125.0,126.0
444,2015-10-05,128.0,131.0,127.0,129.0,34606454885,9429215,447,127.0,128.0
445,2015-10-06,129.0,130.0,124.0,129.0,21892111385,5977764,468,129.0,128.0
446,2015-10-07,129.0,135.0,129.0,132.0,32847169342,8763892,1312,129.0,130.0
447,2015-10-10,134.0,134.0,129.0,131.0,19847164682,5330423,896,132.0,130.0
448,2015-10-11,130.0,131.0,126.0,128.0,21282168803,5829847,882,131.0,126.0
449,2015-10-12,126.0,128.0,123.0,125.0,16313706612,4605671,1167,128.0,124.0
450,2015-10-13,123.0,126.0,121.0,124.0,13450671793,3826275,693,125.0,125.0
451,2015-10-14,126.0,128.0,124.0,126.0,15230096752,4250793,740,124.0,124.0
452,2015-10-17,126.0,132.0,126.0,132.0,63792487691,17061410,1864,126.0,132.0
453,2015-10-18,136.0,138.0,130.0,133.0,40906820133,10809333,1864,132.0,130.0
454,2015-10-19,131.0,133.0,129.0,130.0,19228709703,5192284,901,133.0,129.0
455,2015-10-20,127.0,133.0,127.0,130.0,17966051468,4880051,1107,130.0,128.0
456,2015-10-21,129.0,129.0,126.0,127.0,8449467763,2351499,543,130.0,126.0
457,2015-10-25,126.0,127.0,121.0,122.0,20174922090,5842282,977,127.0,121.0
458,2015-10-26,122.0,123.0,121.0,122.0,10718334618,3082356,636,122.0,122.0
459,2015-10-27,123.0,126.0,123.0,124.0,8258492375,2327305,614,122.0,123.0
460,2015-10-28,123.0,125.0,121.0,123.0,5306416713,1529798,437,124.0,122.0
461,2015-10-31,121.0,124.0,121.0,123.0,4610661109,1327403,438,123.0,122.0
462,2015-11-01,122.0,124.0,120.0,122.0,5658605330,1638586,515,123.0,121.0
463,2015-11-02,123.0,123.0,121.0,122.0,5409824735,1569185,382,122.0,121.0
464,2015-11-03,122.0,126.0,120.0,124.0,13260797588,3777948,802,122.0,123.0
465,2015-11-04,124.0,128.0,124.0,126.0,16736580664,4677357,1127,124.0,124.0
466,2015-11-07,125.0,126.0,123.0,124.0,11201982614,3177979,691,126.0,123.0
467,2015-11-08,123.0,127.0,123.0,125.0,9297238530,2624302,573,124.0,124.0
468,2015-11-09,125.0,125.0,122.0,123.0,8173944671,2334864,681,125.0,123.0
469,2015-11-10,124.0,127.0,124.0,126.0,13510988429,3785449,796,123.0,125.0
470,2015-11-11,123.0,126.0,122.0,124.0,8332035872,2376082,558,126.0,123.0
471,2015-11-14,123.0,124.0,122.0,123.0,6863251341,1972142,586,124.0,122.0
472,2015-11-15,122.0,125.0,121.0,124.0,13801177402,3924153,703,123.0,125.0
473,2015-11-16,125.0,127.0,124.0,125.0,8139266652,2289782,524,124.0,124.0
474,2015-11-17,126.0,126.0,122.0,123.0,6251603732,1797691,451,125.0,122.0
475,2015-11-18,122.0,125.0,121.0,124.0,8728068003,2486188,406,123.0,124.0
476,2015-11-21,124.0,124.0,122.0,123.0,6439767336,1855744,457,124.0,122.0
477,2015-11-22,122.0,124.0,121.0,123.0,10802312674,3083668,435,123.0,123.0
478,2015-11-23,123.0,125.0,122.0,124.0,9870962823,2794076,514,123.0,124.0
479,2015-11-24,124.0,126.0,123.0,125.0,21602286358,6070179,498,124.0,125.0
480,2015-11-25,126.0,127.0,124.0,126.0,11694463906,3269419,667,125.0,126.0
481,2015-11-28,127.0,127.0,123.0,126.0,25396663662,7078500,425,126.0,124.0
482,2015-11-29,124.0,126.0,122.0,125.0,3759010604,1073736,371,126.0,123.0
483,2015-11-30,122.0,129.0,122.0,126.0,22763532106,6333169,1008,125.0,126.0
484,2015-12-01,127.0,128.0,124.0,125.0,8022708687,2254982,333,126.0,124.0
485,2015-12-05,126.0,126.0,122.0,124.0,8660157913,2472012,530,125.0,122.0
486,2015-12-06,123.0,124.0,121.0,123.0,4222945795,1218977,349,124.0,122.0
487,2015-12-07,121.0,123.0,120.0,122.0,5328727958,1550337,328,123.0,120.0
488,2015-12-08,122.0,122.0,120.0,121.0,3828463996,1118700,289,122.0,120.0
489,2015-12-09,122.0,122.0,120.0,121.0,2050607169,596419,230,121.0,121.0
490,2015-12-13,120.0,120.0,115.0,115.0,14414702607,4394786,952,121.0,115.0
491,2015-12-14,112.0,114.0,110.0,111.0,16831205549,5357166,1099,115.0,111.0
492,2015-12-15,111.0,114.0,111.0,112.0,8847847361,2776904,541,111.0,111.0
493,2015-12-16,114.0,114.0,108.0,109.0,11926013240,3846729,892,112.0,108.0
494,2015-12-19,106.0,106.0,104.0,104.0,9873895621,3348139,603,109.0,104.0
495,2015-12-20,100.0,102.0,99.0,99.0,70530535164,25158563,824,104.0,99.0
496,2015-12-21,100.0,103.0,99.0,101.0,9215942108,3220498,536,99.0,100.0
497,2015-12-22,100.0,102.0,97.0,100.0,8225308771,2903086,527,101.0,102.0
498,2015-12-23,99.0,102.0,99.0,101.0,11754710098,4101167,332,100.0,100.0
499,2015-12-26,101.0,101.0,96.0,100.0,15599606945,5515119,499,101.0,97.0
500,2015-12-27,97.0,99.0,96.0,98.0,7122997562,2565771,596,100.0,98.0
501,2015-12-28,97.0,99.0,96.0,98.0,4897711198,1769841,398,98.0,97.0
502,2015-12-30,97.0,100.0,96.0,98.0,7272524170,2601216,567,98.0,98.0
503,2016-01-02,100.0,100.0,97.0,98.0,5925544173,2116665,432,98.0,98.0
504,2016-01-03,99.0,99.0,97.0,98.0,5071248393,1831891,380,98.0,97.0
505,2016-01-04,99.0,99.0,97.0,98.0,5575522524,2008004,430,98.0,97.0
506,2016-01-05,98.0,103.0,97.0,101.0,17660545719,6152287,1103,98.0,103.0
507,2016-01-06,103.0,106.0,102.0,104.0,10746643387,3633530,782,101.0,103.0
508,2016-01-09,105.0,106.0,100.0,104.0,40192301037,13665617,631,104.0,102.0
509,2016-01-10,101.0,102.0,100.0,102.0,4790308521,1675614,384,104.0,100.0
510,2016-01-11,100.0,103.0,99.0,101.0,8466277235,2969427,671,102.0,100.0
511,2016-01-12,99.0,100.0,97.0,97.0,17434380437,6300812,1004,101.0,97.0
512,2016-01-13,98.0,102.0,97.0,101.0,18376881576,6394856,783,97.0,102.0
513,2016-01-16,106.0,106.0,106.0,103.0,4239391856,1405168,105,101.0,106.0
514,2016-01-17,108.0,108.0,104.0,108.0,88437081357,28861501,2478,103.0,108.0
515,2016-01-18,107.0,110.0,103.0,107.0,18642732388,6108509,946,108.0,109.0
516,2016-01-19,109.0,111.0,107.0,108.0,16620058537,5397747,956,107.0,108.0
517,2016-01-20,108.0,111.0,107.0,109.0,31850740571,10304162,1368,108.0,109.0
518,2016-01-23,112.0,112.0,110.0,111.0,30966629026,9832215,1397,109.0,110.0
519,2016-01-31,116.0,116.0,116.0,112.0,2493448237,753991,62,111.0,116.0
520,2016-02-01,118.0,118.0,118.0,116.0,7595527072,2270032,82,112.0,118.0
521,2016-02-02,122.0,122.0,122.0,122.0,11102925154,3206158,112,116.0,122.0
522,2016-02-03,128.0,128.0,128.0,128.0,176871735490,48657974,1579,122.0,128.0
523,2016-02-06,132.0,134.0,129.0,133.0,132211590751,35098776,2984,128.0,134.0
524,2016-02-07,137.0,139.0,134.0,139.0,106489769719,27034813,3187,133.0,139.0
525,2016-02-08,141.0,146.0,141.0,145.0,122353389350,29629104,2590,139.0,146.0
526,2016-02-09,153.0,153.0,143.0,152.0,191896290379,44376369,2490,145.0,146.0
527,2016-02-10,146.0,158.0,145.0,152.0,111099220704,25695976,3056,152.0,152.0
528,2016-02-13,151.0,155.0,145.0,147.0,40909950296,9815934,1425,152.0,145.0
529,2016-02-14,143.0,146.0,139.0,141.0,51885340385,12960305,1373,147.0,139.0
530,2016-02-15,136.0,146.0,136.0,142.0,98055322729,24263522,2740,141.0,143.0
531,2016-02-16,145.0,145.0,135.0,137.0,55852231950,14351621,2065,142.0,135.0
532,2016-02-17,136.0,140.0,133.0,138.0,37399505521,9562577,1482,137.0,135.0
533,2016-02-20,137.0,139.0,131.0,132.0,54515071144,14518121,2007,138.0,131.0
534,2016-02-21,132.0,139.0,127.0,136.0,58292281474,15130972,1626,132.0,139.0
535,2016-02-22,142.0,142.0,141.0,142.0,135623470769,33529240,1477,136.0,142.0
536,2016-02-23,149.0,149.0,145.0,149.0,168886206024,39964102,3290,142.0,149.0
537,2016-02-24,149.0,156.0,147.0,154.0,225581282488,51430329,3533,149.0,156.0
538,2016-02-27,161.0,162.0,160.0,162.0,48175032828,10474676,594,154.0,162.0
539,2016-02-28,170.0,170.0,163.0,168.0,553659366510,116199191,6665,162.0,170.0
540,2016-02-29,172.0,174.0,159.0,164.0,286145616478,61431467,6274,168.0,161.0
541,2016-03-01,164.0,172.0,164.0,169.0,213351848399,44413082,4463,164.0,169.0
542,2016-03-02,171.0,176.0,166.0,171.0,103817363526,21398723,2586,169.0,170.0
543,2016-03-05,179.0,179.0,176.0,179.0,132791655936,26085762,1547,171.0,179.0
544,2016-03-06,185.0,186.0,178.0,182.0,278804902442,53955554,5749,179.0,179.0
545,2016-03-07,181.0,186.0,176.0,181.0,147774363797,28812765,3683,182.0,177.0
546,2016-03-08,183.0,190.0,181.0,188.0,275463620943,51476833,4599,181.0,190.0
547,2016-03-09,190.0,197.0,187.0,193.0,194125309220,35366511,4148,188.0,192.0
548,2016-04-02,197.0,201.0,187.0,194.0,202678685956,36768901,5508,193.0,189.0
549,2016-04-03,189.0,192.0,184.0,186.0,21825853537,4136066,674,194.0,184.0
550,2016-04-04,182.0,185.0,176.0,178.0,150779788521,29732860,4723,186.0,179.0
551,2016-04-05,179.0,186.0,173.0,181.0,107876086822,21011077,4624,178.0,180.0
552,2016-04-06,182.0,182.0,175.0,177.0,72382632721,14387688,2958,181.0,176.0
553,2016-04-09,184.0,186.0,178.0,182.0,56991187072,11012920,2257,177.0,179.0
554,2016-04-10,181.0,182.0,174.0,177.0,56636146788,11281011,1818,182.0,176.0
555,2016-04-11,179.0,179.0,172.0,175.0,35136918077,7054149,1627,177.0,173.0
556,2016-04-12,177.0,179.0,175.0,176.0,50817374957,10151334,1502,175.0,176.0
557,2016-04-13,181.0,184.0,173.0,178.0,113469824089,22394134,2808,176.0,173.0
558,2016-04-16,178.0,179.0,169.0,172.0,12815718222,2618464,559,178.0,169.0
559,2016-04-17,164.0,170.0,164.0,165.0,72480224163,15473899,2023,172.0,166.0
560,2016-04-18,164.0,171.0,161.0,165.0,66395227792,14201581,2086,165.0,165.0
561,2016-04-19,165.0,173.0,164.0,169.0,59881367207,12491537,1919,165.0,173.0
562,2016-04-20,176.0,177.0,173.0,176.0,91071195728,18183344,1945,169.0,175.0
563,2016-04-23,178.0,181.0,175.0,177.0,50339289127,9995541,1644,176.0,176.0
564,2016-04-24,176.0,185.0,170.0,180.0,77606521107,15137091,2608,177.0,182.0
565,2016-04-25,182.0,184.0,176.0,178.0,40677212956,8026924,1676,180.0,176.0
566,2016-04-26,173.0,176.0,170.0,173.0,29434068952,5998810,1524,178.0,172.0
567,2016-04-27,175.0,177.0,173.0,175.0,21820262205,4394614,1038,173.0,173.0
568,2016-04-30,179.0,183.0,176.0,179.0,46494541283,9117173,1678,175.0,179.0
569,2016-05-01,179.0,179.0,173.0,176.0,28498246759,5684552,1122,179.0,175.0
570,2016-05-02,176.0,176.0,171.0,175.0,83433285134,16768919,1181,176.0,172.0
571,2016-05-03,173.0,173.0,169.0,170.0,26742754953,5523532,1234,175.0,170.0
572,2016-05-04,171.0,176.0,167.0,172.0,46814662689,9582471,1094,170.0,170.0
573,2016-05-07,172.0,175.0,163.0,171.0,68325684778,14074977,1286,172.0,168.0
574,2016-05-08,166.0,169.0,165.0,167.0,18024828792,3800629,799,171.0,166.0
575,2016-05-09,167.0,171.0,166.0,167.0,14212246173,2989047,592,167.0,166.0
576,2016-05-10,165.0,171.0,162.0,167.0,57882539071,12186166,1079,167.0,164.0
577,2016-05-11,164.0,165.0,160.0,162.0,30483892574,6641260,953,167.0,160.0
578,2016-05-14,162.0,165.0,161.0,163.0,12375894532,2680035,725,162.0,162.0
579,2016-05-15,163.0,165.0,158.0,162.0,42648133537,9238638,889,163.0,159.0
580,2016-05-16,159.0,167.0,159.0,165.0,42241114752,8986753,1029,162.0,165.0
581,2016-05-17,169.0,174.0,169.0,173.0,58931067707,11961783,1438,165.0,174.0
582,2016-05-18,177.0,178.0,169.0,174.0,47685448956,9636083,1826,173.0,173.0
583,2016-05-21,172.0,174.0,168.0,170.0,16230112868,3363937,830,174.0,169.0
584,2016-05-23,169.0,174.0,168.0,172.0,17063479220,3493910,898,170.0,171.0
585,2016-05-24,169.0,177.0,169.0,174.0,47876151992,9671814,1052,172.0,171.0
586,2016-05-25,172.0,180.0,172.0,179.0,77156700302,15207415,2648,174.0,179.0
587,2016-05-28,179.0,184.0,175.0,182.0,94174700642,18245168,1613,179.0,175.0
588,2016-05-29,179.0,180.0,173.0,175.0,18458264196,3709774,799,182.0,173.0
589,2016-05-30,174.0,179.0,170.0,175.0,40631588253,8153032,599,175.0,172.0
590,2016-05-31,172.0,175.0,171.0,174.0,5319345999,1084384,378,175.0,172.0
591,2016-06-01,172.0,174.0,171.0,172.0,8527520376,1746057,407,174.0,172.0
592,2016-06-05,172.0,176.0,171.0,172.0,1249336869,251275,51,172.0,174.0
593,2016-06-11,172.0,172.0,164.0,164.0,33663819030,7202556,873,172.0,164.0
594,2016-06-12,164.0,168.0,159.0,166.0,44105922680,9356096,653,164.0,164.0
595,2016-06-13,164.0,169.0,160.0,167.0,40400383640,8512348,658,166.0,163.0
596,2016-06-14,162.0,164.0,159.0,160.0,13620789044,2987737,617,167.0,160.0
597,2016-06-15,160.0,165.0,155.0,163.0,37947952041,8179685,680,160.0,163.0
598,2016-06-18,164.0,166.0,159.0,164.0,22846758840,4887939,521,163.0,161.0
599,2016-06-19,160.0,162.0,156.0,159.0,14308038228,3173160,614,164.0,162.0
600,2016-06-20,156.0,158.0,152.0,156.0,9277782097,2098946,441,159.0,153.0
601,2016-06-21,153.0,163.0,153.0,161.0,24523865925,5350428,703,156.0,163.0
602,2016-06-22,164.0,169.0,164.0,167.0,13833876777,2913145,545,161.0,169.0
603,2016-06-25,161.0,164.0,159.0,160.0,15904988584,3488203,619,167.0,162.0
604,2016-06-26,162.0,164.0,158.0,162.0,19449875216,4221031,460,160.0,160.0
605,2016-06-28,162.0,165.0,158.0,160.0,26012987946,5706422,1167,162.0,158.0
606,2016-06-29,158.0,160.0,155.0,156.0,18953705516,4277496,791,160.0,155.0
607,2016-07-02,156.0,159.0,155.0,156.0,18991399738,4281284,693,156.0,155.0
608,2016-07-03,156.0,157.0,154.0,155.0,24440427329,5553581,851,156.0,155.0
609,2016-07-04,155.0,160.0,154.0,157.0,20939339211,4693594,829,155.0,155.0
610,2016-07-05,155.0,160.0,155.0,157.0,10395331307,2324800,373,157.0,156.0
611,2016-07-09,158.0,158.0,153.0,156.0,9783091270,2213866,468,157.0,153.0
612,2016-07-10,152.0,158.0,151.0,154.0,11094385397,2539503,522,156.0,152.0
613,2016-07-11,154.0,157.0,150.0,155.0,37755311844,8579035,833,154.0,155.0
614,2016-07-12,155.0,158.0,150.0,156.0,39356276006,8882219,680,155.0,154.0
615,2016-07-13,152.0,157.0,151.0,155.0,23638457827,5350717,556,156.0,152.0
616,2016-07-16,152.0,163.0,151.0,161.0,106456094753,23234370,2376,155.0,163.0
617,2016-07-17,169.0,169.0,167.0,169.0,108902837204,22670287,1981,161.0,168.0
618,2016-07-18,165.0,172.0,161.0,168.0,94155847602,19782584,1653,169.0,161.0
619,2016-07-24,172.0,172.0,169.0,171.0,29750360320,6392196,623,168.0,169.0
620,2016-07-25,169.0,179.0,167.0,175.0,61910101503,12975001,1785,171.0,173.0
621,2016-07-26,174.0,179.0,170.0,177.0,69435051298,14425151,1265,175.0,176.0
622,2016-07-27,176.0,186.0,176.0,184.0,177106329118,35304108,3355,177.0,184.0
623,2016-07-31,184.0,192.0,181.0,186.0,85414880530,16849437,2034,184.0,183.0
624,2016-08-01,181.0,183.0,179.0,180.0,23272381531,4737936,795,186.0,181.0
625,2016-08-02,181.0,189.0,181.0,188.0,142039534567,27749759,3177,180.0,189.0
626,2016-08-03,191.0,197.0,191.0,197.0,143233657156,26776091,2205,188.0,192.0
627,2016-08-06,194.0,204.0,191.0,197.0,172851176147,32205180,3648,197.0,196.0
628,2016-08-07,198.0,204.0,191.0,197.0,87877660764,16418575,2222,197.0,192.0
629,2016-08-08,194.0,194.0,188.0,190.0,53190165683,10263314,1508,197.0,189.0
630,2016-08-09,190.0,196.0,190.0,191.0,68814877632,13220795,1953,190.0,190.0
631,2016-08-10,192.0,192.0,182.0,185.0,45765438418,9068628,2025,191.0,182.0
632,2016-08-13,186.0,191.0,182.0,186.0,51763840407,10207599,1660,185.0,190.0
633,2016-08-14,190.0,195.0,188.0,192.0,36200281274,6942859,1249,186.0,189.0
634,2016-08-15,191.0,191.0,183.0,186.0,17181760405,3391864,847,192.0,184.0
635,2016-08-16,184.0,187.0,180.0,183.0,19446325775,3900265,821,186.0,181.0
636,2016-08-17,184.0,187.0,181.0,184.0,11330410590,2261613,613,183.0,186.0
637,2016-08-20,186.0,193.0,184.0,192.0,59967608871,11501077,1698,184.0,193.0
638,2016-08-21,195.0,198.0,188.0,193.0,71115339880,13505054,2269,192.0,188.0
639,2016-08-22,191.0,191.0,186.0,187.0,20395374617,3998759,981,193.0,186.0
640,2016-08-23,189.0,189.0,183.0,185.0,16540892518,3278489,818,187.0,185.0
641,2016-08-24,187.0,188.0,183.0,184.0,17558971603,3504454,862,185.0,183.0
642,2016-08-27,185.0,185.0,180.0,182.0,17887366979,3603258,970,184.0,184.0
643,2016-08-28,184.0,186.0,180.0,181.0,13224402276,2679091,666,182.0,180.0
644,2016-08-29,180.0,186.0,180.0,183.0,18242326693,3656370,751,181.0,182.0
645,2016-08-30,183.0,185.0,180.0,182.0,6131868228,1238435,382,183.0,181.0
646,2016-08-31,183.0,184.0,179.0,181.0,9826264647,1995560,484,182.0,179.0
647,2016-09-03,179.0,181.0,176.0,178.0,8578177047,1771786,531,181.0,176.0
648,2016-09-04,176.0,176.0,169.0,170.0,42914355360,9257083,1637,178.0,170.0
649,2016-09-05,170.0,174.0,167.0,173.0,17903818967,3812122,840,170.0,174.0
650,2016-09-06,175.0,181.0,174.0,180.0,38949453731,7930425,946,173.0,181.0
651,2016-09-07,187.0,189.0,180.0,186.0,107088887685,21193279,1615,180.0,181.0
652,2016-09-10,181.0,182.0,177.0,181.0,28546950470,5797722,824,186.0,177.0
653,2016-09-11,179.0,179.0,177.0,179.0,7979385486,1645226,392,181.0,179.0
654,2016-09-13,179.0,179.0,174.0,176.0,13914150499,2910315,503,179.0,175.0
655,2016-09-14,176.0,183.0,173.0,178.0,26583632659,5490824,759,176.0,178.0
656,2016-09-17,177.0,179.0,175.0,176.0,9368180997,1953416,400,178.0,176.0
657,2016-09-18,178.0,180.0,176.0,178.0,10557471694,2182375,448,176.0,178.0
658,2016-09-19,179.0,183.0,177.0,178.0,8092528099,1669997,410,178.0,178.0
659,2016-09-21,178.0,180.0,176.0,178.0,13068213556,2694007,494,178.0,180.0
660,2016-09-24,177.0,183.0,177.0,181.0,20195278578,4093632,580,178.0,180.0
661,2016-09-25,181.0,186.0,181.0,184.0,24355110075,4866167,915,181.0,181.0
662,2016-09-26,182.0,185.0,176.0,179.0,21335354108,4385332,863,184.0,177.0
663,2016-09-27,180.0,181.0,175.0,176.0,21818826612,4543445,882,179.0,175.0
664,2016-09-28,175.0,180.0,175.0,176.0,14494875143,3020821,805,176.0,177.0
665,2016-10-01,183.0,185.0,181.0,184.0,41926275626,8377717,1368,176.0,184.0
666,2016-10-02,184.0,184.0,179.0,180.0,12731794063,2593512,584,184.0,180.0
667,2016-10-03,181.0,182.0,178.0,180.0,20418004010,4162744,794,180.0,180.0
668,2016-10-04,180.0,185.0,179.0,181.0,24844506862,5037053,717,180.0,179.0
669,2016-10-05,180.0,180.0,178.0,179.0,15524717765,3189971,626,181.0,178.0
670,2016-10-08,182.0,188.0,181.0,187.0,99389975037,19572169,2656,179.0,187.0
671,2016-10-09,187.0,187.0,182.0,183.0,15143417786,3031420,648,187.0,182.0
672,2016-10-10,183.0,187.0,181.0,185.0,47616100520,9448944,1021,183.0,184.0
673,2016-10-15,187.0,194.0,186.0,191.0,82830160584,15943822,2597,185.0,189.0
674,2016-10-16,189.0,189.0,183.0,186.0,33773879472,6687991,1260,191.0,184.0
675,2016-10-17,186.0,188.0,184.0,186.0,20013354243,3960223,965,186.0,184.0
676,2016-10-18,186.0,188.0,182.0,184.0,19146553561,3823190,861,186.0,182.0
677,2016-10-19,185.0,186.0,182.0,183.0,19124185387,3833281,911,184.0,182.0
678,2016-10-22,184.0,192.0,182.0,190.0,54504151580,10530168,1847,183.0,189.0
679,2016-10-23,192.0,194.0,187.0,190.0,33999129973,6584867,1172,190.0,189.0
680,2016-10-24,191.0,198.0,189.0,193.0,68869023511,13081614,2276,190.0,194.0
681,2016-10-25,193.0,193.0,188.0,190.0,19027996966,3679793,905,193.0,191.0
682,2016-10-26,191.0,196.0,189.0,193.0,29633699090,5650270,1181,190.0,192.0
683,2016-10-29,192.0,196.0,189.0,193.0,40652957675,7748412,1551,193.0,191.0
684,2016-10-30,190.0,195.0,190.0,193.0,27759712046,5272904,1058,193.0,194.0
685,2016-10-31,193.0,196.0,189.0,192.0,28884799249,5534905,1159,193.0,190.0
686,2016-11-01,191.0,191.0,186.0,187.0,23778323916,4672933,1232,192.0,186.0
687,2016-11-02,186.0,189.0,186.0,187.0,22334294590,4398982,948,187.0,186.0
688,2016-11-05,184.0,184.0,177.0,179.0,31631188763,6500717,1839,187.0,177.0
689,2016-11-06,176.0,181.0,176.0,179.0,11475994239,2357847,631,179.0,178.0
690,2016-11-07,181.0,183.0,180.0,181.0,9648936224,1953108,439,179.0,182.0
691,2016-11-08,183.0,184.0,179.0,181.0,10697927300,2175307,500,181.0,181.0
692,2016-11-09,172.0,178.0,172.0,173.0,35481957280,7555233,1507,181.0,176.0
693,2016-11-12,176.0,178.0,170.0,173.0,16361000525,3467630,671,173.0,172.0
694,2016-11-13,173.0,175.0,171.0,173.0,11254068749,2384376,568,173.0,173.0
695,2016-11-14,174.0,180.0,173.0,178.0,15370639470,3167850,636,173.0,177.0
696,2016-11-15,178.0,180.0,174.0,176.0,8348637230,1744104,434,178.0,174.0
697,2016-11-16,177.0,177.0,172.0,174.0,10252545159,2160323,523,176.0,174.0
698,2016-11-19,174.0,175.0,172.0,172.0,10979674176,2340537,634,174.0,172.0
699,2016-11-21,173.0,177.0,172.0,173.0,12299384179,2609758,524,172.0,173.0
700,2016-11-22,176.0,177.0,173.0,174.0,28095359658,5949000,852,173.0,173.0
701,2016-11-23,175.0,176.0,173.0,174.0,14030631215,2956482,507,174.0,173.0
702,2016-11-26,173.0,173.0,171.0,172.0,10274431468,2196777,554,174.0,171.0
703,2016-11-27,173.0,173.0,171.0,172.0,8155728039,1746655,481,172.0,172.0
704,2016-11-29,171.0,174.0,170.0,172.0,7002910866,1499150,523,172.0,171.0
705,2016-12-03,180.0,180.0,176.0,179.0,54710332950,11207767,1656,172.0,178.0
706,2016-12-04,179.0,179.0,173.0,175.0,11911872362,2495142,694,179.0,175.0
707,2016-12-05,173.0,175.0,172.0,173.0,10544624131,2240421,472,175.0,173.0
708,2016-12-06,174.0,177.0,173.0,175.0,10025102609,2108712,379,173.0,173.0
709,2016-12-07,176.0,176.0,172.0,174.0,7759205267,1644404,378,175.0,175.0
710,2017-01-03,176.0,176.0,171.0,173.0,21849846286,4644708,744,174.0,172.0
711,2017-01-04,169.0,175.0,166.0,172.0,34417103134,7351780,1280,173.0,174.0
712,2017-01-07,170.0,176.0,170.0,174.0,28296736206,5962947,818,172.0,173.0
713,2017-01-08,174.0,176.0,171.0,175.0,16908401451,3552848,609,174.0,173.0
714,2017-01-09,173.0,175.0,170.0,173.0,14275433412,3023162,559,175.0,172.0
715,2017-01-11,171.0,174.0,166.0,169.0,32402122500,7038845,913,173.0,172.0
716,2017-01-14,171.0,171.0,167.0,168.0,7120052141,1556837,475,169.0,168.0
717,2017-01-15,167.0,174.0,167.0,171.0,16485018418,3542268,527,168.0,172.0
718,2017-01-16,172.0,176.0,172.0,174.0,21281342814,4486367,598,171.0,174.0
719,2017-01-17,176.0,181.0,171.0,176.0,29917602335,6257042,826,174.0,175.0
720,2017-01-18,176.0,180.0,173.0,177.0,17737156047,3691216,599,176.0,178.0
721,2017-01-21,177.0,179.0,171.0,175.0,12261849837,2580199,590,177.0,171.0
722,2017-01-22,174.0,177.0,173.0,176.0,9468376665,1975871,326,175.0,173.0
723,2017-01-23,173.0,173.0,172.0,175.0,3325246681,709630,268,176.0,172.0
724,2017-01-24,171.0,177.0,170.0,173.0,9781428204,2073970,547,175.0,171.0
725,2017-01-25,171.0,172.0,169.0,171.0,5908860429,1278526,403,173.0,170.0
726,2017-01-28,172.0,174.0,168.0,170.0,5551689391,1199855,370,171.0,169.0
727,2017-01-29,171.0,173.0,169.0,171.0,15188560684,3254465,522,170.0,172.0
728,2017-01-30,169.0,172.0,169.0,171.0,9266802768,1988675,405,171.0,171.0
729,2017-01-31,170.0,173.0,169.0,171.0,29834012317,6405050,650,171.0,169.0
730,2017-02-01,169.0,172.0,169.0,170.0,5126065736,1109324,356,171.0,169.0
731,2017-02-04,170.0,172.0,165.0,168.0,8644269634,1891217,520,170.0,166.0
732,2017-02-05,168.0,170.0,166.0,168.0,9827738678,2149268,493,168.0,166.0
733,2017-02-06,168.0,171.0,165.0,168.0,15747570231,3436446,543,168.0,170.0
734,2017-02-07,169.0,170.0,167.0,168.0,5498630878,1198344,234,168.0,167.0
735,2017-02-08,167.0,170.0,166.0,169.0,18415327101,3997122,521,168.0,168.0
736,2017-02-11,169.0,174.0,169.0,172.0,20957696027,4465710,667,169.0,174.0
737,2017-02-12,170.0,175.0,170.0,174.0,19784383265,4186817,515,172.0,173.0
738,2017-02-13,174.0,176.0,172.0,174.0,8529136886,1800089,338,174.0,172.0
739,2017-02-14,173.0,174.0,169.0,171.0,7188515813,1550890,298,174.0,169.0
740,2017-02-15,169.0,176.0,169.0,175.0,32913854938,6901834,732,171.0,173.0
741,2017-02-18,176.0,183.0,176.0,180.0,41441915790,8439622,1175,175.0,179.0
742,2017-02-19,180.0,181.0,176.0,178.0,7970109389,1654048,490,180.0,176.0
743,2017-03-08,180.0,181.0,176.0,178.0,19270518583,3980466,646,178.0,176.0
744,2017-03-11,173.0,181.0,173.0,179.0,32459602279,6665427,843,178.0,176.0
745,2017-03-12,174.0,180.0,174.0,178.0,36801144905,7590732,667,179.0,179.0
746,2017-03-13,180.0,180.0,176.0,178.0,17207633175,3546545,384,178.0,176.0
747,2017-03-14,180.0,184.0,177.0,180.0,37227847719,7599947,1021,178.0,177.0
748,2017-03-15,181.0,184.0,179.0,182.0,13059254610,2641651,384,180.0,180.0
749,2017-03-18,182.0,186.0,182.0,184.0,14882790294,2976388,464,182.0,183.0
750,2017-03-25,184.0,185.0,182.0,183.0,2409918051,484150,167,184.0,182.0
751,2017-03-26,182.0,184.0,179.0,183.0,3413442159,693270,225,183.0,179.0
752,2017-03-27,182.0,186.0,179.0,183.0,9888609757,1983950,457,183.0,184.0
753,2017-03-28,181.0,184.0,181.0,183.0,1893887525,380781,166,183.0,181.0
754,2017-03-29,182.0,184.0,181.0,183.0,4324183499,870040,228,183.0,182.0
755,2017-04-03,184.0,186.0,181.0,183.0,8607184334,1722808,350,183.0,184.0
756,2017-04-04,184.0,186.0,182.0,185.0,14057948394,2793440,570,183.0,186.0
757,2017-04-05,186.0,189.0,186.0,187.0,7590071535,1489732,453,185.0,187.0
758,2017-04-08,186.0,190.0,182.0,185.0,9781149516,1941406,601,187.0,182.0
759,2017-04-09,182.0,186.0,178.0,183.0,16988787093,3408482,734,185.0,186.0
760,2017-04-10,184.0,185.0,180.0,182.0,10034801647,2020795,549,183.0,180.0
761,2017-04-12,183.0,185.0,180.0,183.0,16288980096,3266732,593,182.0,182.0
762,2017-04-15,181.0,185.0,180.0,182.0,30237206858,6097749,831,183.0,183.0
763,2017-04-16,184.0,191.0,180.0,187.0,47405881248,9320479,1600,182.0,190.0
764,2017-04-17,191.0,193.0,187.0,189.0,24525929746,4775671,776,187.0,187.0
765,2017-04-18,186.0,190.0,186.0,189.0,22334866547,4345493,691,189.0,190.0
766,2017-04-19,190.0,195.0,187.0,191.0,45199836143,8705316,981,189.0,189.0
767,2017-04-22,188.0,196.0,188.0,193.0,65512613976,12474599,1564,191.0,192.0
768,2017-04-23,193.0,196.0,189.0,192.0,20206474245,3873986,850,193.0,189.0
769,2017-04-24,190.0,192.0,188.0,190.0,10945881040,2116759,435,192.0,189.0
770,2017-04-26,189.0,191.0,188.0,190.0,29853667741,5761231,747,190.0,191.0
771,2017-04-29,193.0,198.0,191.0,194.0,228119508564,43203207,3639,190.0,197.0
772,2017-04-30,199.0,204.0,191.0,198.0,127188442668,23645730,3452,194.0,193.0
773,2017-05-01,197.0,198.0,193.0,198.0,132175986718,24578624,1572,198.0,197.0
774,2017-05-02,195.0,198.0,195.0,197.0,53818977776,10016245,879,198.0,198.0
775,2017-05-03,197.0,198.0,195.0,197.0,46228643393,8609739,806,197.0,197.0
776,2017-05-06,197.0,198.0,195.0,197.0,107998249863,20133629,1356,197.0,197.0
777,2017-05-07,197.0,197.0,196.0,197.0,29671096731,5533153,614,197.0,196.0
778,2017-05-08,197.0,197.0,197.0,197.0,39720273818,7409595,522,197.0,197.0
779,2017-05-09,197.0,197.0,197.0,197.0,44824652899,8358653,573,197.0,197.0
780,2017-05-10,197.0,197.0,197.0,197.0,17684175040,3297484,354,197.0,197.0
781,2017-05-13,197.0,197.0,197.0,197.0,16040356776,2990944,278,197.0,197.0
782,2017-05-14,197.0,197.0,197.0,197.0,30910231464,5764121,402,197.0,197.0
783,2017-05-15,197.0,202.0,197.0,198.0,30022389945,5567577,522,197.0,198.0
784,2017-05-16,201.0,204.0,198.0,202.0,14278729812,2600624,483,198.0,204.0
785,2017-05-17,206.0,211.0,204.0,208.0,40859955623,7202849,1317,202.0,209.0
786,2017-05-20,217.0,219.0,211.0,214.0,20073270509,3439122,630,208.0,211.0
787,2017-05-21,214.0,219.0,208.0,214.0,21769768812,3730110,663,214.0,210.0
788,2017-05-22,209.0,211.0,207.0,208.0,10028900440,1771162,380,214.0,207.0
789,2017-05-23,207.0,208.0,202.0,206.0,18911229831,3372958,510,208.0,206.0
790,2017-05-24,204.0,207.0,203.0,205.0,7918084633,1423467,335,206.0,204.0
791,2017-05-27,202.0,205.0,201.0,203.0,17736206583,3216759,759,205.0,203.0
792,2017-05-28,202.0,209.0,202.0,204.0,11296107225,2029473,352,203.0,202.0
793,2017-05-29,204.0,207.0,202.0,207.0,38748249485,6888376,426,204.0,202.0
794,2017-05-30,202.0,207.0,202.0,205.0,13778925885,2470738,369,207.0,205.0
795,2017-05-31,205.0,205.0,202.0,204.0,6332852476,1140304,287,205.0,204.0
796,2017-06-03,202.0,203.0,197.0,201.0,8019525778,1474603,465,204.0,199.0
797,2017-06-06,202.0,202.0,195.0,200.0,7975727219,1465829,332,201.0,197.0
798,2017-06-07,200.0,201.0,190.0,198.0,32250307361,5993947,646,200.0,193.0
799,2017-06-10,198.0,200.0,195.0,199.0,33913201240,6268457,372,198.0,196.0
800,2017-06-11,198.0,199.0,195.0,198.0,9317683504,1733563,331,199.0,195.0
801,2017-06-12,198.0,198.0,188.0,189.0,33016095185,6412445,688,198.0,189.0
802,2017-06-13,187.0,191.0,186.0,187.0,11458278666,2250414,391,189.0,186.0
803,2017-06-14,186.0,191.0,186.0,188.0,5073211501,981975,175,187.0,190.0
804,2017-06-17,190.0,194.0,187.0,190.0,9013953393,1744623,316,188.0,187.0
805,2017-06-18,190.0,190.0,186.0,189.0,4485069743,877106,211,190.0,187.0
806,2017-06-19,187.0,187.0,180.0,187.0,3650159881,732946,260,189.0,181.0
807,2017-06-20,183.0,187.0,182.0,185.0,8298068367,1649551,273,187.0,184.0
808,2017-06-21,186.0,187.0,181.0,185.0,1656212303,332308,128,185.0,183.0
809,2017-06-24,183.0,185.0,178.0,183.0,5463175117,1109810,297,185.0,178.0
810,2017-06-25,181.0,184.0,178.0,182.0,5811132922,1170619,230,183.0,183.0
811,2017-06-28,185.0,185.0,182.0,183.0,3426063713,686119,140,182.0,182.0
812,2017-07-01,185.0,185.0,181.0,183.0,1981212712,397738,167,183.0,183.0
813,2017-07-02,181.0,184.0,180.0,183.0,1747417471,352999,144,183.0,180.0
814,2017-07-03,181.0,183.0,178.0,182.0,2058290904,419710,163,183.0,181.0
815,2017-07-04,183.0,185.0,179.0,184.0,40662839720,8121831,521,182.0,184.0
816,2017-07-05,184.0,184.0,178.0,181.0,10178000391,2060731,285,184.0,178.0
817,2017-07-08,185.0,190.0,184.0,189.0,131525681557,25523124,2073,181.0,190.0
818,2017-07-29,199.0,205.0,197.0,200.0,80862696693,17005830,1166,189.0,204.0
819,2017-07-30,202.0,204.0,198.0,202.0,42650331725,8870252,1339,200.0,199.0
820,2017-07-31,199.0,202.0,197.0,199.0,16583885642,3502880,874,202.0,198.0
821,2017-08-01,198.0,198.0,193.0,194.0,12282079578,2662244,691,199.0,193.0
822,2017-08-02,192.0,197.0,192.0,194.0,9015103573,1954304,333,194.0,194.0
823,2017-08-06,197.0,198.0,193.0,195.0,8399694334,1808271,308,194.0,193.0
824,2017-08-07,193.0,195.0,189.0,191.0,11037114103,2429192,427,195.0,192.0
825,2017-08-08,192.0,195.0,189.0,192.0,11519621135,2521195,300,191.0,191.0
826,2017-08-09,190.0,193.0,190.0,192.0,7981741715,1748402,251,192.0,192.0
827,2017-08-12,190.0,202.0,190.0,199.0,54860651261,11581811,1169,192.0,197.0
828,2017-08-13,199.0,199.0,194.0,196.0,14312800377,3068252,356,199.0,194.0
829,2017-08-14,193.0,197.0,191.0,196.0,16824664071,3609304,324,196.0,195.0
830,2017-08-15,194.0,197.0,194.0,196.0,9800137400,2100587,196,196.0,196.0
831,2017-08-16,199.0,199.0,191.0,194.0,8534226417,1852984,219,196.0,193.0
832,2017-08-19,196.0,202.0,193.0,200.0,54498156390,11476311,921,194.0,199.0
833,2017-08-20,200.0,202.0,198.0,199.0,9315066419,1966797,311,200.0,199.0
834,2017-08-21,198.0,202.0,196.0,199.0,41574379833,8782420,507,199.0,201.0
835,2017-08-22,201.0,201.0,197.0,198.0,36220928598,7697275,335,199.0,198.0
836,2017-08-23,201.0,202.0,198.0,199.0,5068735082,1066831,275,198.0,198.0
837,2017-08-26,201.0,201.0,197.0,199.0,9739501519,2062271,243,199.0,198.0
838,2017-08-27,200.0,200.0,198.0,198.0,33265689347,7046280,481,199.0,199.0
839,2017-08-28,199.0,201.0,197.0,198.0,17524134052,3721784,248,198.0,198.0
840,2017-08-29,197.0,201.0,196.0,198.0,5843769168,1243097,191,198.0,198.0
841,2017-08-30,198.0,202.0,197.0,200.0,12678707043,2661290,356,198.0,200.0
842,2017-09-02,201.0,202.0,198.0,200.0,3803733028,801662,144,200.0,199.0
843,2017-09-03,198.0,200.0,198.0,199.0,7036981859,1492684,240,200.0,198.0
844,2017-09-04,198.0,207.0,198.0,204.0,40853568378,8405028,869,199.0,205.0
845,2017-09-05,206.0,206.0,202.0,204.0,18879810643,3894757,277,204.0,203.0
846,2017-09-06,203.0,204.0,201.0,203.0,11289067109,2341022,197,204.0,201.0
847,2017-09-10,200.0,203.0,198.0,202.0,2934983645,616842,157,203.0,200.0
848,2017-09-11,201.0,204.0,200.0,202.0,48392294571,10057719,320,202.0,202.0
849,2017-09-12,202.0,205.0,199.0,203.0,19335884276,4007423,432,202.0,205.0
850,2017-09-13,204.0,209.0,200.0,207.0,18393425615,3735135,587,203.0,205.0
851,2017-09-16,206.0,217.0,206.0,213.0,40223432334,7945744,856,207.0,214.0
852,2017-09-17,214.0,216.0,209.0,212.0,6069978029,1209693,282,213.0,210.0
853,2017-09-18,212.0,216.0,210.0,212.0,10842072386,2150602,304,212.0,213.0
854,2017-09-19,214.0,219.0,212.0,217.0,12985972325,2519771,461,212.0,215.0
855,2017-09-20,218.0,218.0,214.0,215.0,10288980010,2009728,319,217.0,216.0
856,2017-09-23,217.0,219.0,216.0,216.0,6557043207,1271510,268,215.0,216.0
857,2017-09-24,217.0,218.0,215.0,215.0,10978267531,2147453,222,216.0,215.0
858,2017-09-25,215.0,216.0,213.0,214.0,11748995715,2304869,251,215.0,213.0
859,2017-09-26,215.0,220.0,215.0,217.0,10936443985,2118839,309,214.0,217.0
860,2017-09-27,215.0,219.0,215.0,217.0,9521590454,1843035,239,217.0,217.0
861,2017-10-02,218.0,218.0,210.0,213.0,18349631197,3617120,326,217.0,212.0
862,2017-10-03,212.0,216.0,210.0,213.0,9275413235,1829434,292,213.0,212.0
863,2017-10-04,214.0,216.0,211.0,215.0,9900583451,1938055,235,213.0,214.0
864,2017-10-07,215.0,215.0,208.0,211.0,9860924001,1965707,252,215.0,208.0
865,2017-10-08,212.0,212.0,205.0,206.0,23520610628,4793168,483,211.0,207.0
866,2017-10-09,207.0,214.0,207.0,209.0,6076270922,1210418,278,206.0,211.0
867,2017-10-10,211.0,215.0,210.0,211.0,5661607428,1116331,185,209.0,214.0
868,2017-10-11,213.0,214.0,209.0,212.0,8537337540,1692955,246,211.0,212.0
869,2017-10-14,212.0,214.0,211.0,213.0,7588428875,1493765,258,212.0,213.0
870,2017-10-15,213.0,215.0,213.0,213.0,4851162684,953805,186,213.0,214.0
871,2017-10-16,214.0,214.0,213.0,213.0,5481510606,1079415,205,213.0,213.0
872,2017-10-17,213.0,215.0,211.0,213.0,5920105276,1165752,232,213.0,211.0
873,2017-10-18,214.0,220.0,213.0,216.0,20194990295,3921339,723,213.0,219.0
874,2017-10-21,219.0,227.0,218.0,224.0,36779495515,6900118,937,216.0,224.0
875,2017-10-22,227.0,227.0,221.0,224.0,19286377985,3612210,449,224.0,223.0
876,2017-10-23,224.0,224.0,215.0,220.0,8079017271,1550480,227,224.0,219.0
877,2017-10-24,220.0,223.0,215.0,220.0,6091047384,1160198,268,220.0,221.0
878,2017-10-25,219.0,222.0,219.0,220.0,3330120330,637041,149,220.0,219.0
879,2017-10-28,221.0,227.0,221.0,225.0,50863810857,9501229,599,220.0,225.0
880,2017-10-29,227.0,236.0,225.0,236.0,119590633875,21326389,1293,225.0,236.0
881,2017-10-30,246.0,248.0,242.0,246.0,208129174427,35564582,2349,236.0,243.0
882,2017-10-31,243.0,256.0,243.0,250.0,104635471580,17614397,1928,246.0,255.0
883,2017-11-01,258.0,262.0,258.0,262.0,137639777852,22118241,2108,250.0,262.0
884,2017-11-04,265.0,267.0,257.0,261.0,36667124670,5899530,1184,262.0,258.0
885,2017-11-05,259.0,261.0,254.0,257.0,30019009963,4906674,848,261.0,256.0
886,2017-11-06,255.0,257.0,249.0,253.0,31838333269,5290772,890,257.0,254.0
887,2017-11-07,258.0,263.0,257.0,260.0,22830006811,3695667,702,253.0,258.0
888,2017-11-08,258.0,263.0,255.0,260.0,28384193711,4581985,580,260.0,263.0
889,2017-11-11,264.0,265.0,261.0,263.0,25846363508,4137175,632,260.0,263.0
890,2017-11-12,264.0,265.0,260.0,261.0,20702625547,3330305,459,263.0,260.0
891,2017-11-13,261.0,264.0,261.0,261.0,9725062703,1565823,325,261.0,262.0
892,2017-11-14,263.0,265.0,261.0,262.0,11087712802,1777313,386,261.0,263.0
893,2017-11-15,261.0,264.0,260.0,261.0,14338936380,2308342,377,262.0,261.0
894,2017-11-18,264.0,274.0,260.0,273.0,63596633007,9808716,1159,261.0,274.0
895,2017-11-20,276.0,283.0,271.0,277.0,31665614077,4811901,927,273.0,277.0
896,2017-11-21,277.0,290.0,277.0,287.0,78571617712,11518170,1568,277.0,282.0
897,2017-11-22,282.0,288.0,281.0,283.0,46976904606,6973258,1038,287.0,282.0
898,2017-11-25,292.0,297.0,286.0,294.0,113420111175,16193657,1407,283.0,290.0
899,2017-11-26,294.0,294.0,285.0,289.0,16051889563,2332930,514,294.0,290.0
900,2017-11-28,298.0,301.0,291.0,294.0,76977932022,11003311,1227,289.0,292.0
901,2017-11-29,294.0,294.0,285.0,287.0,45192306479,6612380,706,294.0,290.0
902,2017-12-02,290.0,294.0,286.0,290.0,41348617402,5998279,560,287.0,287.0
903,2017-12-03,290.0,291.0,276.0,283.0,28173455283,4188269,726,290.0,281.0
904,2017-12-04,287.0,287.0,277.0,283.0,35355116605,5251195,498,283.0,283.0
905,2017-12-05,283.0,286.0,277.0,280.0,18906255222,2842794,410,283.0,278.0
906,2017-12-09,285.0,285.0,278.0,281.0,13477140963,2019505,305,280.0,279.0
907,2017-12-10,278.0,284.0,278.0,281.0,19631748677,2933622,518,281.0,282.0
908,2017-12-11,282.0,289.0,276.0,284.0,27560987261,4074529,684,281.0,286.0
909,2017-12-12,291.0,299.0,290.0,298.0,204236816417,28825341,2055,284.0,298.0
910,2017-12-13,307.0,307.0,298.0,299.0,90979684426,12787854,1298,298.0,298.0
911,2017-12-16,298.0,302.0,293.0,295.0,49817309588,7105939,857,299.0,293.0
912,2017-12-17,291.0,304.0,291.0,297.0,68804979119,9725914,958,295.0,296.0
913,2017-12-18,293.0,301.0,291.0,295.0,62622189525,8928021,874,297.0,293.0
914,2017-12-19,295.0,297.0,291.0,294.0,35473259945,5077281,577,295.0,291.0
915,2017-12-20,290.0,292.0,288.0,289.0,15614761807,2270386,497,294.0,289.0
916,2017-12-23,294.0,302.0,290.0,297.0,67955663534,9614743,902,289.0,301.0
917,2017-12-24,303.0,311.0,300.0,305.0,97606280018,13451846,1243,297.0,309.0
918,2017-12-25,311.0,319.0,311.0,316.0,54745087762,7282701,1023,305.0,315.0
919,2017-12-26,317.0,318.0,305.0,309.0,17741948840,2416359,522,316.0,307.0
920,2017-12-27,311.0,311.0,301.0,304.0,12497217032,1726029,466,309.0,301.0
921,2017-12-30,302.0,311.0,290.0,303.0,66421023199,9220963,877,304.0,300.0
922,2017-12-31,302.0,307.0,291.0,298.0,102897705431,14530912,1204,303.0,298.0
923,2018-01-01,300.0,304.0,298.0,299.0,31484045656,4425880,442,298.0,298.0
924,2018-01-02,301.0,303.0,299.0,300.0,24366996215,3410553,371,299.0,299.0
925,2018-01-03,301.0,303.0,297.0,299.0,16829633971,2370119,349,300.0,297.0
926,2018-01-06,296.0,300.0,296.0,299.0,18823214922,2649324,382,299.0,298.0
927,2018-01-07,299.0,300.0,295.0,298.0,14834909667,2094679,379,299.0,295.0
928,2018-01-08,296.0,300.0,292.0,298.0,6264586416,884297,212,298.0,295.0
929,2018-01-09,298.0,300.0,295.0,297.0,15384803902,2176155,265,298.0,295.0
930,2018-01-10,297.0,300.0,295.0,297.0,12772585249,1806400,206,297.0,298.0
931,2018-01-13,301.0,304.0,299.0,300.0,10783540505,1512117,272,297.0,300.0
932,2018-01-14,300.0,308.0,298.0,305.0,32888271233,4538740,624,300.0,303.0
933,2018-01-15,303.0,313.0,303.0,309.0,28825976279,3917788,591,305.0,308.0
934,2018-01-16,312.0,312.0,307.0,309.0,21514969381,2928915,386,309.0,309.0
935,2018-01-17,307.0,310.0,306.0,307.0,15016999795,2056983,353,309.0,307.0
936,2018-01-20,307.0,311.0,303.0,307.0,8304440217,1139119,251,307.0,305.0
937,2018-01-21,305.0,307.0,298.0,301.0,19180605633,2677035,434,307.0,298.0
938,2018-01-22,304.0,306.0,301.0,302.0,7738070922,1076286,329,301.0,302.0
939,2018-01-27,301.0,301.0,298.0,301.0,2672192329,375959,113,302.0,300.0
940,2018-01-28,302.0,303.0,298.0,300.0,6457783805,908013,272,301.0,298.0
941,2018-01-29,301.0,301.0,294.0,296.0,16498334782,2340233,446,300.0,295.0
942,2018-01-30,294.0,294.0,284.0,291.0,24811024297,3585578,536,296.0,288.0
943,2018-01-31,284.0,293.0,284.0,291.0,13841157794,2000657,283,291.0,292.0
944,2018-02-03,293.0,295.0,285.0,288.0,9823014290,1432285,345,291.0,291.0
945,2018-02-04,290.0,294.0,289.0,292.0,11132385241,1603775,223,288.0,292.0
946,2018-02-05,294.0,294.0,291.0,293.0,12056238014,1728421,320,292.0,291.0
947,2018-02-06,291.0,298.0,291.0,294.0,13087525820,1870169,345,293.0,293.0
948,2018-02-07,292.0,297.0,292.0,294.0,12023830612,1720837,267,294.0,294.0
949,2018-02-10,282.0,290.0,279.0,280.0,69568547996,10437133,823,294.0,281.0
950,2018-02-12,284.0,290.0,275.0,280.0,30032186813,4501195,656,280.0,284.0
951,2018-02-13,281.0,294.0,281.0,291.0,18592678095,2685201,448,280.0,289.0
952,2018-02-14,293.0,298.0,288.0,294.0,10710416614,1531563,299,291.0,296.0
953,2018-02-17,296.0,302.0,293.0,297.0,20216861765,2858993,374,294.0,294.0
954,2018-02-18,298.0,307.0,294.0,303.0,37803243972,5239046,698,297.0,304.0
955,2018-02-19,306.0,309.0,302.0,306.0,76284141002,10480196,708,303.0,307.0
956,2018-02-21,305.0,305.0,300.0,303.0,5526324552,771830,164,306.0,301.0
957,2018-02-24,303.0,307.0,300.0,304.0,11634456402,1609950,320,303.0,301.0
958,2018-02-25,301.0,306.0,299.0,304.0,11212126932,1551703,239,304.0,301.0
959,2018-02-26,303.0,307.0,298.0,303.0,25978710713,3600979,464,304.0,298.0
960,2018-02-27,305.0,305.0,294.0,301.0,60689140982,8470495,782,303.0,297.0
961,2018-02-28,303.0,304.0,294.0,300.0,22915869300,3215776,402,301.0,295.0
962,2018-03-03,298.0,298.0,288.0,295.0,21473907832,3064741,432,300.0,298.0
963,2018-03-04,289.0,298.0,289.0,297.0,16192649821,2294615,278,295.0,298.0
964,2018-03-05,298.0,301.0,294.0,298.0,12791604160,1801935,221,297.0,295.0
965,2018-03-06,298.0,301.0,292.0,299.0,10642442671,1496441,250,298.0,293.0
966,2018-03-07,292.0,296.0,291.0,298.0,2282569237,326008,143,299.0,292.0
967,2018-03-10,298.0,298.0,289.0,294.0,27211388231,3887323,407,298.0,290.0
968,2018-03-11,296.0,298.0,293.0,296.0,16320023533,2319172,296,294.0,293.0
969,2018-03-12,294.0,302.0,294.0,299.0,21725870002,3059425,349,296.0,298.0
970,2018-03-13,298.0,301.0,292.0,298.0,19738709098,2785538,183,299.0,292.0
971,2018-03-14,298.0,298.0,292.0,297.0,8804339990,1245469,146,298.0,293.0
972,2018-03-17,295.0,298.0,290.0,296.0,8218790099,1169240,175,297.0,291.0
973,2018-03-18,291.0,300.0,288.0,298.0,20921393387,2951693,251,296.0,299.0
974,2018-03-19,299.0,303.0,298.0,301.0,28318075281,3953688,296,298.0,301.0
975,2018-03-25,302.0,304.0,302.0,301.0,2643590649,367344,125,301.0,302.0
976,2018-03-26,304.0,304.0,299.0,302.0,2153986452,299441,58,301.0,300.0
977,2018-03-27,303.0,303.0,297.0,301.0,728727599,102482,86,302.0,297.0
978,2018-03-28,294.0,296.0,294.0,300.0,2563232581,365857,194,301.0,295.0
979,2018-04-03,294.0,303.0,294.0,297.0,8079801823,1146398,281,300.0,294.0
980,2018-04-04,301.0,302.0,294.0,299.0,10674909397,1498369,233,297.0,302.0
981,2018-04-07,300.0,300.0,289.0,296.0,4299470302,619664,199,299.0,290.0
982,2018-04-08,292.0,298.0,289.0,295.0,1906687808,274352,109,296.0,290.0
983,2018-04-09,297.0,298.0,294.0,296.0,21144872294,2999602,477,295.0,294.0
984,2018-04-10,299.0,305.0,298.0,302.0,16444224298,2292640,321,296.0,299.0
985,2018-04-11,302.0,305.0,295.0,301.0,13758839745,1919293,321,302.0,296.0
986,2018-04-15,303.0,305.0,298.0,302.0,11277759315,1568389,359,301.0,298.0
987,2018-04-16,302.0,306.0,298.0,304.0,26194990404,3621978,343,302.0,299.0
988,2018-04-17,302.0,303.0,297.0,303.0,1749611964,246387,100,304.0,297.0
989,2018-04-18,297.0,305.0,297.0,303.0,6759590186,938786,131,303.0,298.0
990,2018-04-21,300.0,303.0,298.0,302.0,1661319713,233552,63,303.0,299.0
991,2018-04-22,299.0,305.0,298.0,303.0,20906724448,2904384,282,302.0,302.0
992,2018-04-23,298.0,306.0,298.0,304.0,22887104322,3163766,357,303.0,303.0
993,2018-04-24,303.0,311.0,303.0,308.0,21117457915,2885119,399,304.0,307.0
994,2018-04-25,310.0,315.0,310.0,314.0,20015998711,2682000,423,308.0,313.0
995,2018-04-28,314.0,316.0,313.0,314.0,21653874935,2896786,473,314.0,314.0
996,2018-04-29,311.0,315.0,311.0,314.0,13780263199,1843244,361,314.0,314.0
997,2018-04-30,315.0,315.0,313.0,314.0,14076512740,1881576,325,314.0,315.0
998,2018-05-01,315.0,322.0,314.0,317.0,32670745406,4330660,463,314.0,319.0
999,2018-05-05,320.0,321.0,315.0,318.0,15052507002,1989944,382,317.0,315.0
1000,2018-05-06,318.0,321.0,310.0,315.0,21806454224,2906240,392,318.0,313.0
1001,2018-05-07,315.0,319.0,315.0,317.0,9956007277,1318654,181,315.0,317.0
1002,2018-05-08,321.0,324.0,318.0,323.0,12372401509,1612654,293,317.0,324.0
1003,2018-05-09,323.0,339.0,323.0,329.0,42125523220,5385936,640,323.0,325.0
1004,2018-05-12,330.0,336.0,329.0,331.0,22537263177,2858790,404,329.0,330.0
1005,2018-05-13,332.0,334.0,331.0,332.0,26703820576,3380694,419,331.0,331.0
1006,2018-05-14,334.0,334.0,332.0,332.0,16728345407,2115677,299,332.0,332.0
1007,2018-05-15,333.0,333.0,332.0,332.0,11967440329,1513694,315,332.0,332.0
1008,2018-05-16,334.0,334.0,332.0,333.0,28841926637,3639649,269,332.0,333.0
1009,2018-05-19,336.0,340.0,336.0,339.0,19067203553,2366027,316,333.0,339.0
1010,2018-05-20,341.0,347.0,340.0,343.0,34834577440,4273135,396,339.0,342.0
1011,2018-05-21,344.0,345.0,336.0,343.0,28289508074,3464060,338,343.0,340.0
1012,2018-05-22,343.0,344.0,333.0,341.0,16862444464,2080108,312,343.0,333.0
1013,2018-05-23,339.0,341.0,335.0,339.0,27371953918,3396017,355,341.0,335.0
1014,2018-05-26,328.0,332.0,322.0,324.0,66266642859,8604222,870,339.0,322.0
1015,2018-05-27,313.0,317.0,309.0,311.0,23017753506,3111970,522,324.0,310.0
1016,2018-05-28,311.0,316.0,311.0,313.0,10190178530,1367886,313,311.0,311.0
1017,2018-05-29,315.0,316.0,307.0,310.0,44687929163,6054863,500,313.0,309.0
1018,2018-05-30,309.0,313.0,306.0,310.0,9895523961,1339844,237,310.0,309.0
1019,2018-06-02,315.0,315.0,304.0,309.0,11601118757,1576840,299,310.0,305.0
1020,2018-06-03,309.0,309.0,302.0,306.0,5555516649,767904,315,309.0,307.0
1021,2018-06-09,306.0,306.0,298.0,303.0,6518576385,911301,215,306.0,298.0
1022,2018-06-10,299.0,299.0,292.0,297.0,6572798890,938124,288,303.0,294.0
1023,2018-06-11,293.0,294.0,290.0,293.0,5813245093,840288,263,297.0,290.0
1024,2018-06-12,290.0,291.0,290.0,291.0,5297449130,767582,278,293.0,291.0
1025,2018-06-13,294.0,306.0,292.0,303.0,44062269028,6108103,643,291.0,306.0
1026,2018-06-17,315.0,318.0,313.0,316.0,33472589218,4450670,614,303.0,316.0
1027,2018-06-18,319.0,324.0,309.0,317.0,29722347324,3942721,548,316.0,310.0
1028,2018-06-19,314.0,333.0,307.0,324.0,35398373280,4591680,673,317.0,325.0
1029,2018-06-20,328.0,340.0,324.0,335.0,104308896774,13098845,1231,324.0,336.0
1030,2018-06-23,340.0,340.0,333.0,336.0,26501170029,3319994,478,335.0,333.0
1031,2018-06-24,336.0,339.0,330.0,333.0,45581290038,5754278,633,336.0,332.0
1032,2018-06-25,330.0,342.0,330.0,338.0,104983934481,13059198,1321,333.0,332.0
1033,2018-06-26,336.0,336.0,321.0,325.0,24977724377,3234430,483,338.0,321.0
1034,2018-06-27,318.0,336.0,309.0,324.0,28053107991,3639832,476,325.0,313.0
1035,2018-06-30,318.0,332.0,315.0,325.0,5904929110,763656,221,324.0,320.0
1036,2018-07-01,324.0,325.0,308.0,312.0,8946862247,1208445,259,325.0,308.0
1037,2018-07-02,314.0,317.0,301.0,312.0,4457794818,599392,142,312.0,311.0
1038,2018-07-03,304.0,319.0,304.0,313.0,11898263839,1598585,309,312.0,311.0
1039,2018-07-04,309.0,316.0,307.0,311.0,4378059321,597172,258,313.0,308.0
1040,2018-07-07,311.0,311.0,307.0,309.0,6000929082,818457,189,311.0,307.0
1041,2018-07-08,309.0,319.0,303.0,311.0,20569681130,2781809,322,309.0,309.0
1042,2018-07-10,317.0,317.0,303.0,309.0,3074052098,424939,221,311.0,303.0
1043,2018-07-11,309.0,310.0,302.0,307.0,12272114803,1682771,392,309.0,303.0
1044,2018-07-14,308.0,308.0,295.0,301.0,6462306777,909350,323,307.0,298.0
1045,2018-07-15,298.0,315.0,295.0,306.0,30761442912,4220735,414,301.0,307.0
1046,2018-07-16,298.0,307.0,297.0,304.0,3954290008,554884,200,306.0,297.0
1047,2018-07-17,304.0,311.0,296.0,303.0,38683663910,5358698,487,304.0,298.0
1048,2018-07-29,348.0,359.0,342.0,348.0,117776701036,15384695,1302,303.0,350.0
1049,2018-07-30,350.0,366.0,350.0,365.0,110159248192,13730206,967,348.0,366.0
1050,2018-07-31,383.0,383.0,382.0,383.0,163319600920,19387684,861,365.0,383.0
1051,2018-08-01,402.0,402.0,383.0,401.0,398925559287,45248314,3472,383.0,402.0
1052,2018-08-04,409.0,412.0,387.0,407.0,157059178720,17575471,1631,401.0,403.0
1053,2018-08-05,426.0,426.0,421.0,421.0,8157620140,872952,61,407.0,421.0
1054,2018-08-06,442.0,464.0,441.0,450.0,204310165909,20682542,3041,421.0,441.0
1055,2018-08-07,444.0,464.0,427.0,451.0,191426651696,19318667,2083,450.0,432.0
1056,2018-08-08,433.0,451.0,428.0,436.0,171842512810,17924234,1887,451.0,451.0
1057,2018-08-11,437.0,453.0,421.0,437.0,61640640211,6412766,902,436.0,441.0
1058,2018-08-12,441.0,447.0,428.0,435.0,22315775505,2332813,539,437.0,428.0
1059,2018-08-13,440.0,441.0,422.0,433.0,26483693694,2780226,553,435.0,437.0
1060,2018-08-14,441.0,451.0,435.0,445.0,50399784048,5158608,667,433.0,435.0
1061,2018-08-15,449.0,449.0,426.0,430.0,58566731240,6197021,817,445.0,427.0
1062,2018-08-18,435.0,435.0,418.0,426.0,29587518561,3160216,564,430.0,432.0
1063,2018-08-19,434.0,435.0,422.0,427.0,19392941282,2067265,580,426.0,423.0
1064,2018-08-20,432.0,441.0,425.0,433.0,56843531613,5972742,683,427.0,433.0
1065,2018-08-21,435.0,450.0,428.0,433.0,245498032578,25802679,2009,433.0,428.0
1066,2018-08-25,441.0,454.0,438.0,448.0,96812936720,9835594,1325,433.0,441.0
1067,2018-08-26,470.0,494.0,462.0,477.0,344041505519,32810171,2265,448.0,493.0
1068,2018-08-27,494.0,501.0,487.0,498.0,175827460509,16068768,2165,477.0,501.0
1069,2018-08-28,473.0,473.0,449.0,450.0,75722471958,7650480,599,498.0,449.0
1070,2018-08-29,446.0,461.0,439.0,448.0,49861872789,5061227,995,450.0,444.0
1071,2018-09-01,455.0,455.0,428.0,435.0,32561255387,3402887,707,448.0,432.0
1072,2018-09-02,432.0,435.0,414.0,426.0,23966439755,2560629,616,435.0,429.0
1073,2018-09-03,445.0,447.0,441.0,447.0,93271649222,9504413,1241,426.0,447.0
1074,2018-09-04,469.0,469.0,455.0,469.0,118118541398,11464819,1100,447.0,469.0
1075,2018-09-05,478.0,492.0,457.0,479.0,74357497182,7064159,1491,469.0,487.0
1076,2018-09-08,482.0,491.0,471.0,482.0,74978606754,7072594,1599,479.0,475.0
1077,2018-09-09,486.0,507.0,476.0,505.0,155464014488,14002660,1154,482.0,507.0
1078,2018-09-10,528.0,530.0,519.0,529.0,250180543515,21502680,1994,505.0,530.0
1079,2018-09-11,542.0,542.0,503.0,516.0,98440402881,8674714,1842,529.0,506.0
1080,2018-09-12,512.0,542.0,512.0,541.0,270855225283,22778239,1633,516.0,542.0
1081,2018-09-15,564.0,564.0,516.0,536.0,80015166956,6797039,1837,541.0,528.0
1082,2018-09-16,518.0,537.0,509.0,512.0,164058540182,14586315,1633,536.0,513.0
1083,2018-09-17,519.0,523.0,502.0,513.0,82228132629,7299945,1177,512.0,508.0
1084,2018-09-18,506.0,514.0,491.0,504.0,51845456125,4678493,968,513.0,514.0
1085,2018-09-22,514.0,530.0,506.0,528.0,179984310645,15501574,1194,504.0,530.0
1086,2018-09-23,537.0,555.0,537.0,549.0,171262816263,14194895,2010,528.0,539.0
1087,2018-09-24,546.0,547.0,537.0,544.0,79804720275,6681049,1348,549.0,542.0
1088,2018-09-25,555.0,571.0,542.0,553.0,1409581150240,115998075,5994,544.0,571.0
1089,2018-09-26,581.0,581.0,578.0,581.0,1388226566023,108803792,3683,553.0,581.0
1090,2018-09-29,610.0,610.0,610.0,610.0,833213436904,62198674,2071,581.0,610.0
1091,2018-09-30,640.0,640.0,640.0,640.0,1432983244804,101883398,5461,610.0,640.0
1092,2018-10-01,672.0,672.0,642.0,671.0,207825738916,14089417,836,640.0,649.0
1093,2018-10-02,638.0,638.0,606.0,606.0,109949748239,8252403,508,671.0,606.0
1094,2018-10-03,582.0,635.0,582.0,608.0,808430705305,60496280,6498,606.0,634.0
1095,2018-10-06,637.0,638.0,578.0,620.0,956765376201,70217154,5336,608.0,596.0
1096,2018-10-07,595.0,628.0,589.0,594.0,1153993570885,88468417,5269,620.0,590.0
1097,2018-10-08,605.0,623.0,587.0,611.0,517412235984,38563308,3388,594.0,623.0
1098,2018-10-09,639.0,641.0,627.0,640.0,492664672575,35030631,2333,611.0,640.0
1099,2018-10-10,646.0,661.0,633.0,646.0,443491587990,31231198,3931,640.0,643.0
1100,2018-10-13,640.0,643.0,614.0,616.0,669366810072,49428594,3189,646.0,619.0
1101,2018-10-14,623.0,637.0,618.0,625.0,41908186925,3050187,414,616.0,628.0
1102,2018-10-15,647.0,657.0,637.0,653.0,299907499556,20904956,2260,625.0,657.0
1103,2018-10-16,660.0,682.0,653.0,664.0,286356854800,19614727,2287,653.0,660.0
1104,2018-10-17,667.0,696.0,637.0,681.0,561552801645,37541800,3276,664.0,692.0
1105,2018-10-20,701.0,715.0,701.0,714.0,465649219628,29664765,1873,681.0,715.0
1106,2018-10-21,728.0,742.0,708.0,722.0,234537634009,14773198,2964,714.0,709.0
1107,2018-10-22,710.0,724.0,686.0,700.0,361175881802,23479319,3013,722.0,698.0
1108,2018-10-23,655.0,688.0,653.0,676.0,487784284266,32820036,1482,700.0,688.0
1109,2018-10-24,687.0,687.0,642.0,660.0,245664781278,16944678,2488,676.0,644.0
1110,2018-10-27,660.0,660.0,627.0,632.0,131357761814,9464199,1180,660.0,627.0
1111,2018-10-28,632.0,637.0,623.0,631.0,85758744645,6185690,1294,632.0,635.0
1112,2018-10-29,628.0,654.0,624.0,637.0,48843485022,3486506,1009,631.0,627.0
1113,2018-10-31,626.0,646.0,613.0,630.0,70485554964,5090377,1036,637.0,637.0
1114,2018-11-03,612.0,639.0,612.0,629.0,93910477901,6790050,1203,630.0,621.0
1115,2018-11-04,646.0,646.0,614.0,633.0,74589450183,5362330,1025,629.0,625.0
1116,2018-11-05,635.0,637.0,624.0,631.0,34070646793,2457367,819,633.0,630.0
1117,2018-11-06,634.0,646.0,626.0,635.0,135715743471,9729584,1302,631.0,640.0
1118,2018-11-10,628.0,642.0,617.0,629.0,110872128638,8025600,1139,635.0,624.0
1119,2018-11-11,614.0,626.0,597.0,602.0,129459109020,9780788,1498,629.0,605.0
1120,2018-11-12,605.0,614.0,595.0,603.0,55711706070,4201960,979,602.0,600.0
1121,2018-11-13,601.0,611.0,601.0,606.0,51919585711,3897181,685,603.0,605.0
1122,2018-11-17,601.0,603.0,571.0,579.0,70306799865,5528095,1316,606.0,571.0
1123,2018-11-18,553.0,569.0,550.0,552.0,231252863728,19068819,1482,579.0,556.0
1124,2018-11-19,553.0,577.0,553.0,570.0,40247210018,3214738,713,552.0,564.0
1125,2018-11-20,573.0,580.0,564.0,570.0,32223925506,2571624,438,570.0,570.0
1126,2018-11-21,546.0,576.0,542.0,552.0,148830857381,12276401,1295,570.0,542.0
1127,2018-11-24,524.0,524.0,524.0,546.0,2087986032,181296,108,552.0,524.0
1128,2018-11-26,518.0,523.0,518.0,518.0,216628407201,19017370,1273,546.0,518.0
1129,2018-11-27,524.0,541.0,505.0,519.0,34231252634,2999583,783,518.0,515.0
1130,2018-11-28,520.0,528.0,493.0,502.0,49776815311,4508355,849,519.0,493.0
1131,2018-12-01,478.0,510.0,477.0,490.0,340620082658,31619501,1865,502.0,496.0
1132,2018-12-02,501.0,515.0,496.0,512.0,52796797783,4692853,876,490.0,515.0
1133,2018-12-03,532.0,538.0,528.0,536.0,59762195141,5075737,1137,512.0,537.0
1134,2018-12-04,531.0,553.0,509.0,535.0,75478859822,6422825,1114,536.0,537.0
1135,2018-12-05,536.0,546.0,512.0,534.0,50187964894,4276642,861,535.0,531.0
1136,2018-12-08,545.0,545.0,533.0,538.0,27613569607,2336618,620,534.0,533.0
1137,2018-12-09,538.0,541.0,519.0,532.0,43677334216,3734934,749,538.0,528.0
1138,2018-12-10,521.0,537.0,521.0,533.0,68862896565,5875756,781,532.0,527.0
1139,2018-12-11,535.0,536.0,512.0,526.0,11798404080,1021589,338,533.0,516.0
1140,2018-12-12,513.0,528.0,507.0,519.0,49765104875,4361788,637,526.0,512.0
1141,2018-12-15,514.0,525.0,506.0,518.0,26952446798,2369962,463,519.0,506.0
1142,2018-12-16,510.0,516.0,496.0,504.0,64839563391,5853869,692,518.0,509.0
1143,2018-12-17,496.0,510.0,489.0,499.0,33616428196,3065919,574,504.0,498.0
1144,2018-12-18,499.0,500.0,477.0,490.0,36803266170,3421138,542,499.0,477.0
1145,2018-12-19,470.0,471.0,465.0,465.0,68154764984,6663770,402,490.0,465.0
1146,2018-12-22,443.0,454.0,442.0,443.0,101741470030,10461146,1094,465.0,442.0
1147,2018-12-23,442.0,459.0,440.0,451.0,37414557739,3778479,724,443.0,451.0
1148,2018-12-24,455.0,461.0,451.0,453.0,20809613374,2089110,336,451.0,451.0
1149,2018-12-25,441.0,455.0,431.0,443.0,84646310099,8694742,884,453.0,441.0
1150,2018-12-26,443.0,462.0,443.0,452.0,28700300582,2889925,640,443.0,457.0
1151,2018-12-29,460.0,474.0,457.0,470.0,21742599147,2107061,721,452.0,471.0
1152,2018-12-30,472.0,480.0,463.0,470.0,15192705149,1472491,517,470.0,467.0
1153,2018-12-31,473.0,479.0,460.0,470.0,25114545594,2430443,583,470.0,472.0
1154,2019-01-01,471.0,471.0,455.0,460.0,12249507028,1212841,466,470.0,455.0
1155,2019-01-02,455.0,456.0,444.0,448.0,23510945127,2389364,558,460.0,445.0
1156,2019-01-05,462.0,468.0,455.0,463.0,12684472830,1247473,446,448.0,463.0
1157,2019-01-06,465.0,469.0,454.0,457.0,17685602031,1761124,491,463.0,458.0
1158,2019-01-07,455.0,480.0,451.0,477.0,164403576190,15678761,1490,457.0,480.0
1159,2019-01-08,486.0,501.0,478.0,493.0,44768391820,4129792,1114,477.0,481.0
1160,2019-01-09,496.0,509.0,487.0,497.0,26079543031,2386661,801,493.0,491.0
1161,2019-01-12,501.0,505.0,477.0,489.0,26530345384,2466851,645,497.0,486.0
1162,2019-01-13,478.0,496.0,476.0,484.0,16010450154,1506065,487,489.0,480.0
1163,2019-01-14,484.0,491.0,473.0,484.0,38488590921,3621817,711,484.0,480.0
1164,2019-01-15,482.0,508.0,482.0,499.0,51607449024,4705945,882,484.0,500.0
1165,2019-01-16,505.0,521.0,499.0,512.0,52872311911,4700414,993,499.0,519.0
1166,2019-01-19,522.0,537.0,522.0,537.0,282103996950,23892665,1365,512.0,537.0
1167,2019-01-20,560.0,564.0,539.0,558.0,212982336189,17368583,1908,537.0,545.0
1168,2019-01-21,546.0,546.0,530.0,532.0,125319343308,10719372,1313,558.0,530.0
1169,2019-01-22,530.0,537.0,514.0,528.0,29780238730,2567540,625,532.0,529.0
1170,2019-01-23,529.0,536.0,521.0,527.0,31083144335,2681648,716,528.0,523.0
1171,2019-01-26,523.0,534.0,513.0,520.0,32712402622,2861188,611,527.0,514.0
1172,2019-01-27,510.0,523.0,499.0,507.0,21046110076,1890827,640,520.0,501.0
1173,2019-01-28,506.0,519.0,501.0,511.0,20518184403,1828229,571,507.0,506.0
1174,2019-01-29,518.0,523.0,501.0,510.0,23744783269,2116840,578,511.0,507.0
1175,2019-01-30,514.0,518.0,498.0,507.0,40633968755,3646996,625,510.0,503.0
1176,2019-02-02,514.0,514.0,501.0,507.0,15701514855,1410392,316,507.0,501.0
1177,2019-02-03,495.0,510.0,482.0,493.0,35293573002,3259153,501,507.0,491.0
1178,2019-02-04,505.0,513.0,496.0,506.0,21519570230,1936716,398,493.0,499.0
1179,2019-02-05,505.0,512.0,492.0,505.0,25873896125,2330050,385,506.0,510.0
1180,2019-02-06,511.0,511.0,502.0,507.0,13577804385,1218530,299,505.0,505.0
1181,2019-02-10,511.0,511.0,504.0,509.0,12746761059,1140398,322,507.0,504.0
1182,2019-02-12,511.0,520.0,491.0,505.0,27810461316,2504636,544,509.0,496.0
1183,2019-02-13,512.0,512.0,492.0,502.0,22574640867,2048116,476,505.0,497.0
1184,2019-02-16,506.0,518.0,478.0,496.0,49554235786,4545039,919,502.0,491.0
1185,2019-02-17,491.0,508.0,490.0,496.0,21607860538,1983396,384,496.0,494.0
1186,2019-02-18,492.0,508.0,492.0,501.0,13154095850,1195298,370,496.0,494.0
1187,2019-02-19,501.0,505.0,491.0,499.0,14598978595,1331731,275,501.0,502.0
1188,2019-02-20,501.0,521.0,498.0,510.0,38569300204,3438161,789,499.0,514.0
1189,2019-02-23,520.0,536.0,519.0,534.0,68666650155,5846230,995,510.0,533.0
1190,2019-02-24,536.0,542.0,514.0,534.0,19372283771,1650257,565,534.0,534.0
1191,2019-02-25,538.0,538.0,521.0,523.0,16074999632,1397973,476,534.0,523.0
1192,2019-02-26,519.0,519.0,501.0,508.0,32328197398,2896011,517,523.0,506.0
1193,2019-02-27,512.0,517.0,505.0,509.0,10031001740,897613,275,508.0,507.0
1194,2019-03-02,505.0,508.0,496.0,505.0,5311113350,481074,185,509.0,502.0
1195,2019-03-03,501.0,514.0,499.0,505.0,11842061093,1068127,332,505.0,501.0
1196,2019-03-04,501.0,514.0,498.0,502.0,26135946163,2369133,510,505.0,503.0
1197,2019-03-05,498.0,501.0,483.0,490.0,16805032786,1560690,468,502.0,489.0
1198,2019-03-06,497.0,509.0,486.0,498.0,14590520461,1331988,314,490.0,504.0
1199,2019-03-09,507.0,507.0,498.0,502.0,18327350417,1659793,322,498.0,501.0
1200,2019-03-10,507.0,510.0,501.0,507.0,14958035365,1341920,357,502.0,508.0
1201,2019-03-11,510.0,528.0,510.0,523.0,41386851634,3599603,706,507.0,519.0
1202,2019-03-12,523.0,530.0,514.0,524.0,41629273810,3614148,488,523.0,519.0
1203,2019-03-13,510.0,530.0,510.0,525.0,16139076957,1398607,484,524.0,528.0
1204,2019-03-16,528.0,551.0,526.0,550.0,143993535853,11912725,1403,525.0,546.0
1205,2019-03-17,557.0,559.0,539.0,549.0,23289040847,1929989,738,550.0,552.0
1206,2019-03-18,556.0,573.0,554.0,563.0,41912108896,3387935,724,549.0,564.0
1207,2019-03-19,575.0,575.0,555.0,566.0,25641288738,2062301,591,563.0,561.0
1208,2019-03-25,564.0,580.0,546.0,559.0,19159396663,1560261,462,566.0,555.0
1209,2019-03-26,556.0,562.0,553.0,557.0,9995618356,816818,347,559.0,558.0
1210,2019-03-27,560.0,568.0,554.0,559.0,23157576754,1886462,433,557.0,560.0
1211,2019-03-30,564.0,576.0,564.0,571.0,36599742895,2914992,565,559.0,573.0
1212,2019-03-31,578.0,582.0,555.0,564.0,19626482288,1584753,492,571.0,559.0
1213,2019-04-06,566.0,577.0,564.0,572.0,42340812839,3368244,638,564.0,575.0
1214,2019-04-07,575.0,589.0,575.0,584.0,78575143991,6118151,901,572.0,587.0
1215,2019-04-08,591.0,614.0,560.0,604.0,130304502936,9809093,1638,584.0,614.0
1216,2019-04-09,628.0,634.0,605.0,618.0,43137153748,3177515,931,604.0,605.0
1217,2019-04-10,610.0,628.0,605.0,622.0,70972899621,5194574,901,618.0,623.0
1218,2019-04-13,623.0,632.0,607.0,620.0,40121193441,2942916,745,622.0,628.0
1219,2019-04-14,623.0,645.0,614.0,631.0,56286084497,4056631,813,620.0,637.0
1220,2019-04-15,646.0,663.0,646.0,661.0,192652059246,13259109,1248,631.0,660.0
1221,2019-04-16,659.0,673.0,643.0,658.0,64702606966,4477901,763,661.0,646.0
1222,2019-04-17,655.0,664.0,637.0,657.0,46572902645,3225346,680,658.0,660.0
1223,2019-04-20,664.0,680.0,663.0,670.0,36513693151,2480138,611,657.0,678.0
1224,2019-04-22,683.0,694.0,660.0,674.0,65781930770,4441821,740,670.0,662.0
1225,2019-04-23,655.0,673.0,654.0,664.0,55880329970,3829250,664,674.0,664.0
1226,2019-04-24,660.0,673.0,654.0,668.0,41423076518,2823853,564,664.0,673.0
1227,2019-04-27,680.0,688.0,661.0,681.0,76812059729,5135244,897,668.0,687.0
1228,2019-04-28,689.0,715.0,687.0,714.0,357405430135,22789200,2039,681.0,715.0
1229,2019-04-29,728.0,746.0,717.0,741.0,139149624546,8541558,1339,714.0,746.0
1230,2019-04-30,748.0,755.0,708.0,723.0,127781826010,8037699,1401,741.0,719.0
1231,2019-05-01,708.0,755.0,708.0,739.0,117141714102,7211589,1203,723.0,746.0
1232,2019-05-04,744.0,744.0,719.0,738.0,114374403306,7054155,1193,739.0,739.0
1233,2019-05-05,739.0,739.0,714.0,728.0,145236652438,9082386,1326,738.0,724.0
1234,2019-05-06,721.0,721.0,691.0,694.0,184283383012,12076025,1138,728.0,691.0
1235,2019-05-07,683.0,692.0,660.0,661.0,177277962609,12208673,1048,694.0,660.0
1236,2019-05-08,638.0,694.0,638.0,677.0,84526143118,5680583,774,661.0,694.0
1237,2019-05-11,692.0,692.0,643.0,649.0,211858509372,14859635,1211,677.0,643.0
1238,2019-05-12,643.0,646.0,616.0,620.0,141998828977,10423512,972,649.0,628.0
1239,2019-05-13,628.0,651.0,628.0,638.0,52379851139,3733097,544,620.0,651.0
1240,2019-05-14,651.0,670.0,648.0,666.0,71671687676,4896683,697,638.0,668.0
1241,2019-05-15,672.0,695.0,665.0,676.0,39054565481,2628061,542,666.0,678.0
1242,2019-05-18,669.0,699.0,669.0,682.0,32872115394,2193992,536,676.0,671.0
1243,2019-05-19,677.0,701.0,667.0,691.0,62168486223,4094463,746,682.0,695.0
1244,2019-05-20,700.0,700.0,664.0,677.0,80046723575,5381986,712,691.0,685.0
1245,2019-05-21,691.0,691.0,677.0,683.0,47280795386,3150186,472,677.0,683.0
1246,2019-05-22,688.0,688.0,676.0,680.0,24746816320,1656444,302,683.0,683.0
1247,2019-05-25,673.0,673.0,646.0,652.0,38325462375,2676230,603,680.0,661.0
1248,2019-05-26,652.0,671.0,652.0,665.0,14886926744,1019080,380,652.0,665.0
1249,2019-05-28,663.0,687.0,655.0,678.0,51746088839,3470470,588,665.0,672.0
1250,2019-05-29,687.0,687.0,665.0,675.0,11889537625,801644,231,678.0,678.0
1251,2019-06-02,673.0,677.0,660.0,668.0,54141181617,3688742,486,675.0,665.0
1252,2019-06-03,651.0,673.0,651.0,659.0,34160586457,2359473,578,668.0,660.0
1253,2019-06-08,660.0,669.0,650.0,653.0,29103494924,2028342,493,659.0,650.0
1254,2019-06-09,646.0,655.0,637.0,650.0,40327735463,2823264,739,653.0,650.0
1255,2019-06-10,653.0,653.0,637.0,641.0,60602602254,4299567,833,650.0,644.0
1256,2019-06-11,642.0,642.0,633.0,636.0,46427588849,3322237,905,641.0,633.0
1257,2019-06-12,630.0,668.0,630.0,656.0,76266264692,5294428,953,636.0,642.0
1258,2019-06-15,655.0,664.0,643.0,656.0,70681635680,4904081,719,656.0,657.0
1259,2019-06-16,655.0,689.0,655.0,682.0,112573682113,7506635,1489,656.0,677.0
1260,2019-06-17,686.0,712.0,683.0,700.0,32554105762,2116222,834,682.0,700.0
1261,2019-06-18,700.0,710.0,665.0,677.0,29035175563,1950241,692,700.0,667.0
1262,2019-06-19,671.0,678.0,656.0,672.0,14163638729,958727,324,677.0,669.0
1263,2019-06-22,647.0,687.0,647.0,679.0,18047670085,1209505,347,672.0,678.0
1264,2019-06-23,683.0,701.0,681.0,688.0,17239280506,1140329,463,679.0,691.0
1265,2019-06-24,696.0,703.0,683.0,699.0,76786001405,5001859,787,688.0,702.0
1266,2019-06-25,696.0,713.0,680.0,701.0,55569759878,3604840,689,699.0,710.0
1267,2019-06-26,713.0,737.0,711.0,730.0,139125407119,8669336,1584,701.0,728.0
1268,2019-06-30,746.0,746.0,724.0,734.0,30802909413,1909543,678,730.0,728.0
1269,2019-07-01,722.0,734.0,719.0,725.0,24720572295,1552542,451,734.0,728.0
1270,2019-07-02,706.0,728.0,706.0,715.0,28914331860,1839914,417,725.0,718.0
1271,2019-07-03,708.0,728.0,689.0,710.0,17027638384,1090713,377,715.0,712.0
1272,2019-07-06,710.0,721.0,689.0,695.0,27912554235,1828934,580,710.0,690.0
1273,2019-07-07,690.0,719.0,690.0,707.0,22562974765,1452159,442,695.0,710.0
1274,2019-07-08,718.0,719.0,705.0,710.0,17740666741,1136693,437,707.0,714.0
1275,2019-07-09,710.0,714.0,690.0,697.0,15521767292,1013090,371,710.0,696.0
1276,2019-07-10,696.0,699.0,688.0,692.0,16228722564,1067846,473,697.0,699.0
1277,2019-07-13,687.0,710.0,687.0,700.0,33375936588,2170485,527,692.0,699.0
1278,2019-07-14,705.0,719.0,701.0,712.0,43767835144,2795832,547,700.0,708.0
1279,2019-07-15,713.0,719.0,701.0,705.0,34206099999,2207863,508,712.0,705.0
1280,2019-07-16,684.0,701.0,670.0,671.0,99537556181,6748079,823,705.0,673.0
1281,2019-07-17,669.0,685.0,669.0,680.0,43244439125,2894402,809,671.0,680.0
1282,2019-07-23,694.0,729.0,694.0,710.0,102874635793,7438294,921,680.0,709.0
1283,2019-07-24,719.0,734.0,714.0,728.0,68259123068,4815509,1075,710.0,731.0
1284,2019-07-27,745.0,746.0,719.0,733.0,15229985524,1067285,480,728.0,729.0
1285,2019-07-28,727.0,745.0,727.0,738.0,25892707388,1802729,527,733.0,742.0
1286,2019-07-29,739.0,760.0,737.0,743.0,21629758733,1495096,416,738.0,740.0
1287,2019-07-30,755.0,761.0,744.0,749.0,24174601600,1658187,485,743.0,760.0
1288,2019-07-31,765.0,778.0,748.0,770.0,127243146836,8486377,1213,749.0,774.0
1289,2019-08-03,779.0,789.0,761.0,774.0,22214682112,1472973,807,770.0,761.0
1290,2019-08-04,760.0,770.0,750.0,757.0,19729006028,1337383,594,774.0,769.0
1291,2019-08-05,769.0,770.0,754.0,765.0,35879133949,2407791,418,757.0,765.0
1292,2019-08-06,770.0,770.0,751.0,761.0,12948893545,873611,318,765.0,761.0
1293,2019-08-07,765.0,765.0,737.0,747.0,46401048317,3187810,602,761.0,741.0
1294,2019-08-10,737.0,742.0,727.0,734.0,22778414020,1592961,551,747.0,727.0
1295,2019-08-11,719.0,737.0,718.0,728.0,12158141119,858127,525,734.0,737.0
1296,2019-08-13,737.0,738.0,729.0,736.0,41138085696,2869497,420,728.0,738.0
1297,2019-08-14,745.0,770.0,739.0,760.0,36844045482,2489266,496,736.0,761.0
1298,2019-08-17,760.0,760.0,745.0,752.0,10445441491,713014,341,760.0,752.0
1299,2019-08-18,755.0,761.0,747.0,751.0,20214971712,1382176,383,752.0,751.0
1300,2019-08-19,765.0,765.0,750.0,755.0,34947115553,2376202,493,751.0,759.0
1301,2019-08-21,770.0,780.0,760.0,775.0,33563405162,2224172,559,755.0,777.0
1302,2019-08-24,788.0,806.0,771.0,792.0,33106765794,2147401,709,775.0,791.0
1303,2019-08-25,792.0,811.0,770.0,785.0,22414127281,1466459,448,792.0,786.0
1304,2019-08-26,803.0,811.0,783.0,798.0,27129431823,1744956,497,785.0,806.0
1305,2019-08-27,810.0,823.0,805.0,815.0,35610223520,2242878,555,798.0,805.0
1306,2019-08-28,815.0,822.0,783.0,812.0,39709528299,2509863,666,815.0,811.0
1307,2019-08-31,819.0,827.0,810.0,818.0,49020156580,3076223,953,812.0,814.0
1308,2019-09-01,822.0,859.0,822.0,843.0,83117390859,5062799,1231,818.0,852.0
1309,2019-09-02,855.0,859.0,822.0,839.0,43962504584,2690950,907,843.0,829.0
1310,2019-09-03,837.0,847.0,817.0,838.0,19646808529,1203351,509,839.0,836.0
1311,2019-09-04,822.0,835.0,819.0,825.0,49250477951,3063869,735,838.0,828.0
1312,2019-09-07,834.0,867.0,831.0,864.0,181098786978,10761519,1833,825.0,867.0
1313,2019-09-08,886.0,904.0,873.0,890.0,111695077809,6440761,1864,864.0,879.0
1314,2019-09-11,899.0,899.0,872.0,879.0,53313501206,3113019,1506,890.0,872.0
1315,2019-09-14,888.0,888.0,855.0,863.0,60933221124,3623946,1432,879.0,860.0
1316,2019-09-15,872.0,878.0,856.0,870.0,129979565626,7673622,1334,863.0,873.0
1317,2019-09-16,880.0,898.0,857.0,872.0,116732964109,6872972,1509,870.0,857.0
1318,2019-09-17,857.0,868.0,847.0,853.0,73201881578,4407628,989,872.0,847.0
1319,2019-09-18,837.0,837.0,810.0,823.0,60977907492,3804402,874,853.0,836.0
1320,2019-09-21,814.0,834.0,814.0,826.0,58608092916,3645218,811,823.0,823.0
1321,2019-09-22,827.0,852.0,827.0,832.0,57324072617,3536320,840,826.0,835.0
1322,2019-09-23,861.0,874.0,837.0,868.0,101843143284,6024452,1001,832.0,865.0
1323,2019-09-24,874.0,878.0,852.0,862.0,54800161114,3265423,852,868.0,865.0
1324,2019-09-25,865.0,873.0,847.0,862.0,65068931255,3874977,839,862.0,854.0
1325,2019-09-28,854.0,868.0,842.0,847.0,85150768123,5160955,1639,862.0,847.0
1326,2019-09-29,852.0,852.0,832.0,836.0,34301049357,2105932,818,847.0,839.0
1327,2019-09-30,837.0,866.0,822.0,855.0,66271307879,3981142,955,836.0,853.0
1328,2019-10-01,825.0,860.0,825.0,843.0,53278659893,3247013,903,855.0,826.0
1329,2019-10-02,837.0,837.0,820.0,830.0,43588142962,2697856,680,843.0,829.0
1330,2019-10-05,841.0,841.0,801.0,822.0,59031326886,3688759,1149,830.0,811.0
1331,2019-10-06,814.0,822.0,784.0,804.0,70820378648,4521148,856,822.0,815.0
1332,2019-10-07,822.0,842.0,815.0,832.0,70979828518,4380475,1504,804.0,831.0
1333,2019-10-08,844.0,863.0,806.0,843.0,78549902425,4783485,1498,832.0,832.0
1334,2019-10-09,850.0,864.0,832.0,851.0,39530382066,2384615,1075,843.0,863.0
1335,2019-10-12,870.0,894.0,870.0,891.0,364666201866,21011367,1974,851.0,894.0
1336,2019-10-13,936.0,936.0,935.0,936.0,1335332546953,73277362,3225,891.0,936.0
1337,2019-10-14,936.0,973.0,901.0,944.0,458001451701,24915433,5470,936.0,944.0
1338,2019-10-15,955.0,967.0,897.0,905.0,432188228340,24508833,2910,944.0,917.0
1339,2019-10-16,917.0,951.0,917.0,946.0,472843206824,25667336,3100,905.0,951.0
1340,2019-10-20,948.0,982.0,909.0,930.0,223057633463,12320802,2484,946.0,921.0
1341,2019-10-21,930.0,976.0,929.0,959.0,166263890355,8899466,2804,930.0,974.0
1342,2019-10-22,976.0,982.0,940.0,966.0,119721017016,6362675,2117,959.0,970.0
1343,2019-10-23,1006.0,1006.0,965.0,981.0,202091714483,10575410,2890,966.0,970.0
1344,2019-10-26,967.0,976.0,946.0,958.0,73583109579,3943372,1784,981.0,946.0
1345,2019-10-28,958.0,965.0,937.0,948.0,70509181582,3819039,1606,958.0,945.0
1346,2019-10-30,950.0,965.0,938.0,950.0,104265504976,5636065,1577,948.0,951.0
1347,2019-11-02,970.0,970.0,922.0,938.0,71546630019,3916953,1293,950.0,937.0
1348,2019-11-03,924.0,947.0,918.0,931.0,81356937506,4488559,1313,938.0,923.0
1349,2019-11-04,924.0,929.0,899.0,911.0,75338531661,4248822,1248,931.0,900.0
1350,2019-11-05,900.0,929.0,898.0,915.0,91777251248,5152785,1004,911.0,906.0
1351,2019-11-09,909.0,917.0,893.0,901.0,148384994427,8451992,1677,915.0,909.0
1352,2019-11-10,899.0,916.0,880.0,896.0,97326649299,5577968,1066,901.0,888.0
1353,2019-11-11,888.0,919.0,882.0,907.0,65660024351,3715517,1062,896.0,911.0
1354,2019-11-12,932.0,949.0,917.0,929.0,117343300703,6483004,2134,907.0,919.0
1355,2019-11-13,937.0,940.0,919.0,925.0,94345376405,5237490,1262,929.0,921.0
1356,2019-11-16,960.0,960.0,929.0,946.0,279939211569,15193754,4868,925.0,932.0
1357,2019-11-17,904.0,935.0,904.0,922.0,138075641061,7686548,1326,946.0,924.0
1358,2019-11-18,908.0,944.0,908.0,924.0,62558850178,3476623,992,922.0,919.0
1359,2019-11-19,932.0,932.0,906.0,917.0,31068412862,1739666,1198,924.0,908.0
1360,2019-11-20,914.0,924.0,903.0,911.0,47186053869,2658527,1183,917.0,913.0
1361,2019-11-23,911.0,920.0,905.0,913.0,41246102239,2320024,1100,911.0,911.0
1362,2019-11-24,914.0,924.0,899.0,907.0,51601661807,2921511,1291,913.0,902.0
1363,2019-11-25,899.0,907.0,888.0,893.0,99316164959,5711649,2362,907.0,895.0
1364,2019-11-26,893.0,898.0,883.0,887.0,48126334298,2785741,1618,893.0,885.0
1365,2019-11-27,886.0,894.0,884.0,889.0,59400464557,3431100,1346,887.0,889.0
1366,2019-11-30,891.0,893.0,877.0,881.0,88617140381,5163471,2701,889.0,878.0
1367,2019-12-01,882.0,899.0,878.0,887.0,98847821285,5722833,1734,881.0,889.0
1368,2019-12-02,898.0,907.0,885.0,895.0,53551073319,3072800,1705,887.0,889.0
1369,2019-12-03,900.0,901.0,889.0,894.0,36701943170,2109122,1228,895.0,893.0
1370,2019-12-04,898.0,898.0,883.0,888.0,82856028619,4791945,2049,894.0,883.0
1371,2019-12-07,892.0,905.0,883.0,894.0,84184366119,4835519,2130,888.0,888.0
1372,2019-12-08,899.0,924.0,891.0,910.0,113202990457,6387229,2319,894.0,919.0
1373,2019-12-09,928.0,956.0,928.0,951.0,385929451298,20830885,4811,910.0,954.0
1374,2019-12-10,965.0,970.0,927.0,942.0,131131151263,7144688,3422,951.0,939.0
1375,2019-12-11,960.0,970.0,950.0,960.0,159614700980,8539651,3747,942.0,960.0
1376,2019-12-14,970.0,970.0,950.0,960.0,144595143634,7734760,2889,960.0,959.0
1377,2019-12-15,958.0,965.0,940.0,947.0,114098849275,6187820,2967,960.0,952.0
1378,2019-12-16,955.0,955.0,935.0,944.0,96435752477,5245921,2577,947.0,941.0
1379,2019-12-17,950.0,950.0,935.0,940.0,188615626556,10301844,5079,944.0,947.0
1380,2019-12-24,993.0,1002.0,966.0,989.0,129749904578,14005424,4738,940.0,984.0
1381,2019-12-25,992.0,1001.0,978.0,988.0,99214527793,10720750,3673,989.0,987.0
1382,2019-12-28,1001.0,1034.0,987.0,1025.0,127664368361,13299171,4478,988.0,1032.0
1383,2019-12-29,1057.0,1076.0,1037.0,1070.0,255466282677,25485201,7158,1025.0,1076.0
1384,2019-12-30,1124.0,1124.0,1100.0,1123.0,250328673177,23795268,6070,1070.0,1124.0
1385,2019-12-31,1179.0,1179.0,1129.0,1172.0,357234845506,32527389,9188,1123.0,1179.0
1386,2020-01-01,1222.0,1231.0,1206.0,1229.0,429221154182,37288107,9780,1172.0,1231.0
1387,2020-01-04,1167.0,1183.0,1167.0,1168.0,644590442726,58917618,8329,1229.0,1168.0
1388,2020-01-05,1155.0,1226.0,1155.0,1223.0,359596847851,31387491,6697,1168.0,1226.0
1389,2020-01-07,1281.0,1283.0,1162.0,1220.0,325644189899,28484707,8863,1223.0,1176.0
1390,2020-01-08,1196.0,1244.0,1196.0,1210.0,500751705233,44186701,7400,1220.0,1243.0
1391,2020-01-11,1234.0,1234.0,1234.0,1218.0,3382198077,292603,120,1210.0,1234.0
1392,2020-01-12,1279.0,1279.0,1279.0,1279.0,529625835900,44216550,3636,1218.0,1279.0
1393,2020-01-13,1339.0,1342.0,1309.0,1338.0,375109785645,29929935,9266,1279.0,1336.0
1394,2020-01-14,1387.0,1387.0,1287.0,1317.0,186146008934,15083616,7764,1338.0,1309.0
1395,2020-01-15,1304.0,1304.0,1252.0,1276.0,193950507477,16228295,7058,1317.0,1283.0
1396,2020-01-18,1283.0,1324.0,1252.0,1277.0,236676060695,19790829,8506,1276.0,1255.0
1397,2020-01-19,1260.0,1265.0,1213.0,1238.0,190400553702,16416533,6613,1277.0,1244.0
1398,2020-01-20,1244.0,1253.0,1217.0,1239.0,125337559427,10797089,5059,1238.0,1243.0
1399,2020-01-21,1180.0,1217.0,1177.0,1184.0,307849477541,27763285,10168,1239.0,1183.0
1400,2020-01-22,1174.0,1211.0,1169.0,1199.0,117075655350,10419374,4497,1184.0,1202.0
1401,2020-01-25,1227.0,1227.0,1187.0,1208.0,148046853990,13079928,5353,1199.0,1207.0
1402,2020-01-26,1214.0,1214.0,1160.0,1173.0,173014480716,15739141,6972,1208.0,1170.0
1403,2020-01-27,1158.0,1175.0,1136.0,1165.0,100751202494,9234279,4042,1173.0,1163.0
1404,2020-01-28,1164.0,1196.0,1153.0,1173.0,175225718526,15939390,5486,1165.0,1172.0
1405,2020-02-01,1191.0,1227.0,1172.0,1180.0,394204530715,35650332,5990,1173.0,1182.0
1406,2020-02-02,1193.0,1193.0,1148.0,1165.0,148497524932,13602689,5335,1180.0,1162.0
1407,2020-02-03,1174.0,1192.0,1164.0,1172.0,402138179643,36621644,8537,1165.0,1165.0
1408,2020-02-04,1184.0,1218.0,1169.0,1184.0,291208275682,26254891,6865,1172.0,1173.0
1409,2020-02-05,1177.0,1243.0,1177.0,1232.0,778014116768,67416374,6621,1184.0,1243.0
1410,2020-02-08,1293.0,1293.0,1259.0,1290.0,1448702705295,119858777,14899,1232.0,1293.0
1411,2020-02-09,1286.0,1302.0,1232.0,1268.0,414109856135,34858461,10576,1290.0,1253.0
1412,2020-02-10,1253.0,1253.0,1205.0,1209.0,256788016648,22677246,6790,1268.0,1205.0
1413,2020-02-12,1219.0,1239.0,1190.0,1210.0,177199859294,15629554,7060,1209.0,1196.0
1414,2020-02-15,1212.0,1268.0,1160.0,1213.0,434487380023,38237712,9897,1210.0,1241.0
1415,2020-02-16,1253.0,1274.0,1229.0,1267.0,637227338902,53696842,7674,1213.0,1274.0
1416,2020-02-17,1301.0,1301.0,1212.0,1250.0,292479308611,24967855,6713,1267.0,1234.0
1417,2020-02-18,1231.0,1250.0,1188.0,1212.0,276197693387,24324542,5620,1250.0,1213.0
1418,2020-02-19,1201.0,1249.0,1201.0,1231.0,263541813624,22854616,5551,1212.0,1222.0
1419,2020-02-22,1169.0,1270.0,1169.0,1224.0,286773538442,25017607,6682,1231.0,1249.0
1420,2020-02-23,1260.0,1269.0,1236.0,1248.0,328459454142,28099165,7503,1224.0,1244.0
1421,2020-02-24,1244.0,1259.0,1217.0,1231.0,396000677970,34335252,6628,1248.0,1231.0
1422,2020-02-25,1238.0,1254.0,1218.0,1237.0,346107482966,29864051,7872,1231.0,1252.0
1423,2020-02-26,1259.0,1274.0,1249.0,1263.0,411033128339,34738924,7109,1237.0,1256.0
1424,2020-02-29,1208.0,1234.0,1200.0,1202.0,146398942022,12997597,4562,1263.0,1200.0
1425,2020-03-01,1177.0,1227.0,1177.0,1195.0,271299485568,24228530,7753,1202.0,1200.0
1426,2020-03-02,1228.0,1244.0,1196.0,1218.0,312537894285,27400121,7696,1195.0,1217.0
1427,2020-03-03,1235.0,1251.0,1222.0,1236.0,393960388881,34018712,9135,1218.0,1246.0
1428,2020-03-04,1263.0,1298.0,1245.0,1289.0,1558601301261,129118096,17467,1236.0,1249.0
1429,2020-03-07,1238.0,1276.0,1224.0,1233.0,356955931076,30894450,8827,1289.0,1224.0
1430,2020-03-09,1172.0,1172.0,1172.0,1207.0,46284311937,4216481,2096,1233.0,1172.0
1431,2020-03-10,1147.0,1147.0,1147.0,1187.0,34932214312,3251323,1324,1207.0,1147.0
1432,2020-03-11,1132.0,1152.0,1128.0,1135.0,415651804103,39107137,7973,1187.0,1128.0
1433,2020-03-14,1095.0,1107.0,1078.0,1086.0,162087251764,15940039,3934,1135.0,1078.0
1434,2020-03-15,1032.0,1085.0,1031.0,1043.0,391980766120,40120637,9700,1086.0,1070.0
1435,2020-03-16,1056.0,1092.0,1043.0,1066.0,509552010493,51010462,13564,1043.0,1046.0
1436,2020-03-17,1041.0,1056.0,1013.0,1018.0,491162138290,51480531,10863,1066.0,1033.0
1437,2020-03-18,1040.0,1051.0,1016.0,1031.0,244631827911,25328730,9376,1018.0,1050.0
1438,2020-03-24,1039.0,1039.0,980.0,987.0,185262148226,20045471,6916,1031.0,980.0
1439,2020-03-25,967.0,1019.0,945.0,987.0,419564781083,45375851,13694,987.0,1006.0
1440,2020-03-28,1007.0,1033.0,982.0,1010.0,423917382123,44782106,13929,987.0,1025.0
1441,2020-03-29,1037.0,1037.0,984.0,1007.0,316444332953,33538112,12634,1010.0,996.0
1442,2020-03-30,1003.0,1003.0,978.0,987.0,333176932410,36042126,9306,1007.0,992.0
1443,2020-04-04,1036.0,1036.0,1035.0,1036.0,1323806556779,136390916,14791,987.0,1036.0
1444,2020-04-05,1056.0,1067.0,1035.0,1043.0,513653290899,52558491,14615,1036.0,1046.0
1445,2020-04-06,1040.0,1041.0,991.0,1004.0,274500300247,29182546,9876,1043.0,1007.0
1446,2020-04-07,1004.0,1035.0,1004.0,1016.0,324889705011,34120659,10092,1004.0,1015.0
1447,2020-04-08,1044.0,1066.0,1023.0,1045.0,659664475239,67418217,13176,1016.0,1040.0
1448,2020-04-11,1088.0,1095.0,1064.0,1075.0,790943157815,78530377,16404,1045.0,1067.0
1449,2020-04-12,1089.0,1115.0,1080.0,1092.0,908417631238,88762095,14719,1075.0,1085.0
1450,2020-04-13,1111.0,1111.0,1055.0,1076.0,451196271224,44770749,10484,1092.0,1064.0
1451,2020-04-14,1026.0,1057.0,1022.0,1031.0,330169184276,34191383,11763,1076.0,1028.0
1452,2020-04-15,1032.0,1057.0,1026.0,1037.0,543652989167,55942092,12364,1031.0,1035.0
1453,2020-04-18,1062.0,1089.0,1038.0,1079.0,999066564411,98839227,17887,1037.0,1089.0
1454,2020-04-19,1133.0,1133.0,1121.0,1133.0,3255619105424,306770303,13077,1079.0,1133.0
1455,2020-04-20,1189.0,1189.0,1189.0,1189.0,2550882314343,228922401,9058,1133.0,1189.0
1456,2020-04-21,1206.0,1249.0,1195.0,1241.0,5941831246424,511164575,38493,1189.0,1249.0
1457,2020-04-22,1249.0,1303.0,1230.0,1291.0,3601571315193,297790307,36028,1241.0,1303.0
1458,2020-04-25,1355.0,1355.0,1355.0,1355.0,1126814424960,88739520,7954,1291.0,1355.0
1459,2020-04-26,1423.0,1423.0,1383.0,1422.0,3505882248687,263122259,22153,1355.0,1423.0
1460,2020-04-27,1493.0,1493.0,1493.0,1493.0,2117569433240,151363076,12479,1422.0,1493.0
1461,2020-04-28,1568.0,1568.0,1568.0,1568.0,654157810784,44533856,3147,1493.0,1568.0
1462,2020-05-03,1646.0,1729.0,1646.0,1728.0,1638135844530,101192548,3940,1568.0,1729.0
1463,2020-05-04,1814.0,1814.0,1731.0,1814.0,4548282889158,267721423,24977,1728.0,1814.0
1464,2020-05-05,1904.0,1904.0,1814.0,1898.0,7884171396519,443404036,40592,1814.0,1904.0
1465,2020-05-06,1909.0,1993.0,1909.0,1978.0,2864377103996,154595023,23717,1898.0,1993.0
1466,2020-05-09,2077.0,2077.0,2077.0,2077.0,1302850935354,66970851,2636,1978.0,2077.0
1467,2020-05-10,2180.0,2180.0,2180.0,2180.0,926897707302,45378327,2531,2077.0,2180.0
1468,2020-05-11,2289.0,2289.0,2289.0,2289.0,200761141941,9360803,1487,2180.0,2289.0
1469,2020-05-12,2404.0,2404.0,2175.0,2315.0,18036921836589,831602606,111202,2289.0,2218.0
1470,2020-05-13,2215.0,2431.0,2200.0,2338.0,8378560428060,382522063,63737,2315.0,2220.0
1471,2020-05-16,2221.0,2221.0,2221.0,2221.0,312194534256,15003582,3879,2338.0,2221.0
1472,2020-05-17,2110.0,2110.0,2110.0,2110.0,252538176800,12775100,2936,2221.0,2110.0
1473,2020-05-18,2135.0,2215.0,2005.0,2097.0,6205201794005,315945644,54462,2110.0,2115.0
1474,2020-05-19,2050.0,2060.0,1992.0,2010.0,1257275667797,66770282,12245,2097.0,1992.0
1475,2020-05-20,1910.0,1910.0,1910.0,1910.0,200656494417,11216753,2721,2010.0,1910.0
1476,2020-05-23,1814.0,1814.0,1814.0,1814.0,218947009875,12883025,2319,1910.0,1814.0
1477,2020-05-26,1725.0,1816.0,1725.0,1726.0,2458210000000,152114127,19567,1814.0,1725.0
1478,2020-05-27,1672.0,1813.0,1672.0,1784.0,1986780987616,118946805,17375,1726.0,1813.0
1479,2020-05-30,1874.0,1874.0,1874.0,1874.0,384742190016,21937632,2193,1784.0,1874.0
1480,2020-05-31,1906.0,1967.0,1780.0,1839.0,2631645464684,152896002,26322,1874.0,1816.0
1481,2020-06-02,2190.0,2297.0,2100.0,2198.0,3591557774649,174531135,41824,1839.0,2231.0
1482,2020-06-06,2308.0,2308.0,2308.0,2308.0,413611241706,19143351,3300,2198.0,2308.0
1483,2020-06-07,2424.0,2424.0,2424.0,2424.0,516316073268,22759238,2501,2308.0,2424.0
1484,2020-06-08,2545.0,2545.0,2302.0,2481.0,6531290922110,281182152,62013,2424.0,2414.0
1485,2020-06-09,2388.0,2605.0,2361.0,2499.0,3826308983916,163586095,41551,2481.0,2468.0
1486,2020-06-10,2499.0,2624.0,2497.0,2604.0,2195352928198,90055056,21639,2499.0,2624.0
1487,2020-06-13,2734.0,2734.0,2734.0,2734.0,699177938490,27322311,5729,2604.0,2734.0
1488,2020-06-14,2767.0,2799.0,2598.0,2686.0,5630520129870,224005086,61021,2734.0,2703.0
1489,2020-06-15,2617.0,2740.0,2552.0,2596.0,4727974089410,194547293,50067,2686.0,2552.0
1490,2020-06-16,2489.0,2725.0,2478.0,2642.0,4830315194250,195322735,50176,2596.0,2725.0
1491,2020-06-20,2772.0,2773.0,2724.0,2769.0,1568201697320,60510170,13950,2642.0,2773.0
1492,2020-06-21,2907.0,2907.0,2830.0,2904.0,3227529707620,118741448,26029,2769.0,2907.0
1493,2020-06-22,3044.0,3048.0,2911.0,3035.0,1667188934220,58693160,15043,2904.0,3048.0
1494,2020-06-23,3187.0,3187.0,3187.0,3187.0,299831949480,10051356,3193,3035.0,3187.0
1495,2020-06-24,3346.0,3346.0,3346.0,3346.0,277410698640,8857302,1063,3187.0,3346.0
1496,2020-06-28,3513.0,3513.0,3513.0,3513.0,2204535872640,67047928,10189,3346.0,3513.0
1497,2020-06-29,3513.0,3688.0,3513.0,3583.0,2880902635590,85902427,25571,3513.0,3688.0
1498,2020-06-30,3761.0,3761.0,3761.0,3761.0,163366935480,4639788,2678,3583.0,3761.0
1499,2020-07-01,3950.0,3950.0,3950.0,3950.0,347713534330,9405289,3573,3761.0,3950.0
1500,2020-07-04,4146.0,4146.0,4016.0,4141.0,5329554097220,137508280,36216,3950.0,4146.0
1501,2020-07-05,4347.0,4347.0,4347.0,4347.0,1473293673020,36207758,12430,4141.0,4347.0
1502,2020-07-06,4564.0,4564.0,4564.0,4564.0,770530899840,18036772,2876,4347.0,4564.0
1503,2020-07-07,4791.0,4791.0,4791.0,4791.0,885660574500,19747170,2965,4564.0,4791.0
1504,2020-07-08,5031.0,5031.0,4552.0,5021.0,13975209518450,297365032,111618,4791.0,5029.0
1505,2020-07-11,5021.0,5272.0,4770.0,5142.0,4761874118160,98938612,40791,5021.0,5272.0
1506,2020-07-12,5398.0,5398.0,5398.0,5398.0,436671669900,8641830,789,5142.0,5398.0
1507,2020-07-15,5667.0,5667.0,5129.0,5637.0,16392439199410,310648792,154310,5398.0,5308.0
1508,2020-07-18,5356.0,5356.0,5356.0,5356.0,1084228763920,21624028,27557,5637.0,5356.0
1509,2020-07-19,5089.0,5624.0,5089.0,5433.0,13557912832140,266592164,105241,5356.0,5624.0
1510,2020-07-22,5795.0,5869.0,5731.0,5805.0,4233502500580,78564497,18242,5433.0,5829.0
1511,2020-07-25,6095.0,6095.0,6086.0,6095.0,3762068582550,66492181,33592,5805.0,6095.0
1512,2020-07-26,6399.0,6399.0,6335.0,6395.0,5784742821860,97433497,62483,6095.0,6397.0
1513,2020-07-27,6076.0,6714.0,6076.0,6299.0,14047176158920,240206530,156284,6395.0,6205.0
1514,2020-07-28,6313.0,6614.0,5985.0,6193.0,9711121586120,168905318,111197,6299.0,5985.0
1515,2020-07-29,5884.0,5884.0,5884.0,5884.0,568837695960,10414458,13351,6193.0,5884.0
1516,2020-08-01,5590.0,6178.0,5590.0,5789.0,8054481265970,149869545,99888,5884.0,5593.0
1517,2020-08-02,5500.0,6078.0,5500.0,5643.0,8882234596110,169547261,118428,5789.0,5500.0
1518,2020-08-03,5569.0,5925.0,5362.0,5392.0,5389751563330,107663887,70098,5643.0,5362.0
1519,2020-08-04,5362.0,5662.0,5123.0,5349.0,7528825973900,151617226,105331,5392.0,5284.0
1520,2020-08-05,5494.0,5617.0,5278.0,5591.0,5928868111850,114228177,60429,5349.0,5617.0
1521,2020-08-09,5870.0,5870.0,5860.0,5870.0,5822115532330,106848262,57153,5591.0,5870.0
1522,2020-08-10,6160.0,6163.0,5577.0,5883.0,9706196627610,177748899,117877,5870.0,5577.0
1523,2020-08-11,5589.0,5589.0,5589.0,5589.0,313845206600,6049445,7201,5883.0,5589.0
1524,2020-08-12,5860.0,5867.0,5310.0,5521.0,4631343386630,90366574,50685,5589.0,5310.0
1525,2020-08-15,5245.0,5245.0,5245.0,5245.0,698642585100,14348790,11430,5521.0,5245.0
1526,2020-08-16,4983.0,4983.0,4983.0,4983.0,1993519650600,43093810,14580,5245.0,4983.0
1527,2020-08-18,4734.0,4955.0,4734.0,4746.0,2502710443840,56798415,19583,4983.0,4734.0
1528,2020-08-19,4509.0,4509.0,4509.0,4509.0,1009596851900,24118415,7806,4746.0,4509.0
1529,2020-08-22,4734.0,4734.0,4309.0,4520.0,5046431742000,120277315,54441,4509.0,4433.0
1530,2020-08-23,4481.0,4631.0,4295.0,4313.0,4661464553230,116409325,27546,4520.0,4295.0
1531,2020-08-24,4417.0,4510.0,4098.0,4133.0,7125073892900,185680271,47000,4313.0,4298.0
1532,2020-08-25,4339.0,4339.0,4339.0,4339.0,386070265920,9584664,3465,4133.0,4339.0
1533,2020-08-26,4555.0,4555.0,4555.0,4555.0,531110383300,12558770,1617,4339.0,4555.0
1534,2020-08-31,4783.0,4783.0,4579.0,4770.0,11129534091000,251325492,62373,4555.0,4783.0
1535,2020-09-01,4768.0,4966.0,4537.0,4738.0,5115303293110,116313593,51145,4770.0,4602.0
1536,2020-09-02,4530.0,4664.0,4502.0,4509.0,2337038177450,55827095,18840,4738.0,4502.0
1537,2020-09-19,4470.0,4693.0,4247.0,4517.0,1694694647420,40416505,12428,4509.0,4686.0
1538,2020-09-20,4742.0,4742.0,4320.0,4633.0,8831757971120,205360894,89883,4517.0,4585.0
1539,2020-09-21,4567.0,4683.0,4401.0,4468.0,3924413157540,94615279,40026,4633.0,4447.0
1540,2020-09-22,4578.0,4631.0,4246.0,4418.0,4195659822120,102296156,41199,4468.0,4519.0
1541,2020-09-23,4535.0,4638.0,4427.0,4608.0,4675904949620,109306379,41519,4418.0,4638.0
1542,2020-09-26,4707.0,4838.0,4470.0,4707.0,3593922189660,82245762,40669,4608.0,4656.0
1543,2020-09-27,4524.0,4546.0,4473.0,4484.0,302362998550,7262612,3987,4707.0,4473.0
1544,2020-09-28,4260.0,4260.0,4260.0,4260.0,151011115150,3818233,1137,4484.0,4260.0
1545,2020-09-29,4048.0,4163.0,4048.0,4052.0,3733553004520,99234253,26756,4260.0,4048.0
1546,2020-09-30,4018.0,4130.0,3850.0,3944.0,4580197313620,125117792,36414,4052.0,4129.0
1547,2020-10-03,4029.0,4141.0,3996.0,4127.0,1288741338940,33642803,12891,3944.0,4141.0
1548,2020-10-04,4192.0,4296.0,3921.0,4056.0,2681756739680,71233348,31121,4127.0,3923.0
1549,2020-10-05,3853.0,4007.0,3853.0,3861.0,1756626858550,49017896,16460,4056.0,3853.0
1550,2020-10-06,3781.0,4053.0,3669.0,3878.0,3651262004570,101434827,44624,3861.0,4053.0
1551,2020-10-07,4039.0,4072.0,3932.0,4049.0,2619510419250,69684041,23356,3878.0,4072.0
1552,2020-10-10,4039.0,4251.0,3905.0,4167.0,2106475565960,54460089,24103,4049.0,4251.0
1553,2020-10-11,4375.0,4375.0,4201.0,4352.0,2673202576210,66175933,24042,4167.0,4244.0
1554,2020-10-12,4266.0,4513.0,4145.0,4317.0,2749351875240,68593586,32001,4352.0,4309.0
1555,2020-10-13,4417.0,4533.0,4180.0,4455.0,4029884405920,97443089,31833,4317.0,4533.0
1556,2020-10-14,4535.0,4677.0,4309.0,4534.0,4409224915940,104761748,51253,4455.0,4451.0
1557,2020-10-18,4308.0,4308.0,4308.0,4308.0,1425286829190,35641081,5995,4534.0,4308.0
1558,2020-10-19,4093.0,4093.0,4093.0,4093.0,472253854000,12427733,1385,4308.0,4093.0
1559,2020-10-20,3889.0,3889.0,3889.0,3889.0,131938027300,3654793,1336,4093.0,3889.0
1560,2020-10-21,3770.0,3983.0,3695.0,3756.0,1725638961320,49485902,19622,3889.0,3695.0
1561,2020-10-24,3569.0,3569.0,3569.0,3569.0,253942642680,7665036,1152,3756.0,3569.0
1562,2020-10-26,3391.0,3391.0,3391.0,3391.0,222100371800,7055285,900,3569.0,3391.0
1563,2020-10-27,3222.0,3222.0,3222.0,3222.0,165685248600,5539460,980,3391.0,3222.0
1564,2020-10-28,3061.0,3176.0,3061.0,3066.0,3587846272330,126082058,32352,3222.0,3071.0
1565,2020-10-31,3019.0,3218.0,3017.0,3110.0,1593422911850,55195306,27183,3066.0,3103.0
1566,2020-11-01,2976.0,3098.0,2955.0,2959.0,1029089400680,37459286,9205,3110.0,2955.0
1567,2020-11-02,2811.0,2833.0,2811.0,2811.0,346321798170,13268420,3981,2959.0,2811.0
1568,2020-11-04,2811.0,2952.0,2673.0,2890.0,1870998138460,69735802,23570,2811.0,2952.0
1569,2020-11-07,2746.0,2746.0,2746.0,2746.0,228751746240,8974176,1457,2890.0,2746.0
1570,2020-11-08,2609.0,2609.0,2609.0,2699.0,36471420580,1505839,515,2746.0,2609.0
1571,2020-11-09,2565.0,2565.0,2565.0,2565.0,726951919700,30531370,4042,2699.0,2565.0
1572,2020-11-10,2532.0,2596.0,2437.0,2482.0,1270580100510,55153311,14039,2565.0,2437.0
1573,2020-11-11,2434.0,2531.0,2358.0,2424.0,2424554373560,107770816,29025,2482.0,2462.0
1574,2020-11-14,2488.0,2544.0,2488.0,2536.0,773767679280,32872444,6812,2424.0,2544.0
1575,2020-11-15,2662.0,2662.0,2425.0,2580.0,2594778197660,108346088,29702,2536.0,2516.0
1576,2020-11-16,2488.0,2708.0,2465.0,2684.0,2332628075950,93594734,16843,2580.0,2708.0
1577,2020-11-17,2779.0,2818.0,2736.0,2814.0,866207493760,33167033,4784,2684.0,2818.0
1578,2020-11-18,2954.0,2954.0,2954.0,2954.0,784500430980,28610519,2000,2814.0,2954.0
1579,2020-11-21,3101.0,3101.0,2911.0,3071.0,4691896368150,164576994,35754,2954.0,3002.0
1580,2020-11-22,2962.0,3224.0,2918.0,3112.0,5340902789780,184893229,48094,3071.0,3180.0
1581,2020-11-23,3199.0,3263.0,3123.0,3193.0,2487577064320,83933779,30328,3112.0,3237.0
1582,2020-11-24,3253.0,3285.0,3033.0,3089.0,3950033544140,137730241,37473,3193.0,3033.0
1583,2020-11-25,2935.0,3151.0,2935.0,3010.0,5456187428040,195260723,52973,3089.0,2976.0
1584,2020-11-28,2876.0,3068.0,2861.0,2968.0,3472634049850,126031062,43513,3010.0,2958.0
1585,2020-11-29,2984.0,3115.0,2920.0,3059.0,3394824088190,119537261,29332,2968.0,3115.0
1586,2020-11-30,3178.0,3212.0,3124.0,3206.0,3522723940850,118368977,25645,3059.0,3193.0
1587,2020-12-01,3156.0,3365.0,3113.0,3329.0,5229148661640,169220227,40387,3206.0,3339.0
1588,2020-12-02,3372.0,3390.0,3163.0,3252.0,3011262585620,99731928,34791,3329.0,3163.0
1589,2020-12-05,3122.0,3282.0,3090.0,3179.0,2295609171470,77803799,28767,3252.0,3152.0
1590,2020-12-06,3196.0,3337.0,3194.0,3331.0,4026042214250,130213582,20735,3179.0,3337.0
1591,2020-12-07,3390.0,3497.0,3197.0,3388.0,3723583477420,118402965,34754,3331.0,3294.0
1592,2020-12-08,3391.0,3533.0,3315.0,3418.0,2350685252260,74094815,32378,3388.0,3407.0
1593,2020-12-09,3442.0,3494.0,3285.0,3389.0,1932627388630,61423854,26661,3418.0,3415.0
1594,2020-12-12,3458.0,3544.0,3340.0,3460.0,2308517710750,71876203,32163,3389.0,3377.0
1595,2020-12-13,3393.0,3632.0,3340.0,3575.0,4038099716380,121647906,31195,3460.0,3632.0
1596,2020-12-14,3662.0,3684.0,3397.0,3522.0,3295684084000,100776326,31412,3575.0,3397.0
1597,2020-12-15,3348.0,3436.0,3347.0,3353.0,745992121030,23962693,3185,3522.0,3347.0
1598,2020-12-16,3186.0,3275.0,3186.0,3192.0,3451963318370,116492949,28151,3353.0,3186.0
1599,2020-12-19,3124.0,3270.0,3032.0,3149.0,2558490611320,87535795,23745,3192.0,3170.0
1600,2020-12-20,3156.0,3226.0,2991.0,3042.0,1527745125880,54095261,16962,3149.0,2991.0
1601,2020-12-21,2995.0,3178.0,2925.0,3054.0,1580408898270,55744578,20023,3042.0,3014.0
1602,2020-12-22,3016.0,3206.0,2973.0,3144.0,2613146072630,89536260,25321,3054.0,3206.0
1603,2020-12-23,3232.0,3261.0,3070.0,3152.0,1674559028920,57231607,19333,3144.0,3124.0
1604,2020-12-26,3070.0,3150.0,2995.0,3004.0,1262251786050,45254168,13561,3152.0,2995.0
1605,2020-12-27,2887.0,3080.0,2855.0,2932.0,2135253751970,78446064,24251,3004.0,3005.0
1606,2020-12-28,2984.0,3079.0,2973.0,3073.0,2394242996060,83910400,17488,2932.0,3079.0
1607,2020-12-29,3092.0,3118.0,2920.0,2945.0,1507325016920,55132702,15244,3073.0,2920.0
1608,2020-12-30,2824.0,2944.0,2799.0,2827.0,1603308701340,61095359,15278,2945.0,2799.0
1609,2021-01-02,2705.0,2765.0,2685.0,2687.0,907704468750,36390620,9591,2827.0,2685.0
1610,2021-01-03,2577.0,2740.0,2553.0,2623.0,1182515190270,48554424,16143,2687.0,2608.0
1611,2021-01-04,2670.0,2753.0,2601.0,2710.0,1125186043340,44718742,14526,2623.0,2725.0
1612,2021-01-05,2715.0,2715.0,2576.0,2594.0,750965053400,31183344,11390,2710.0,2576.0
1613,2021-01-06,2488.0,2528.0,2465.0,2468.0,730161115190,31865734,6919,2594.0,2465.0
1614,2021-01-09,2352.0,2468.0,2345.0,2356.0,1239638925300,56690051,13806,2468.0,2348.0
1615,2021-01-10,2382.0,2473.0,2371.0,2459.0,1001521045590,43859683,12383,2356.0,2473.0
1616,2021-01-11,2478.0,2542.0,2336.0,2395.0,917790917000,41287732,12441,2459.0,2340.0
1617,2021-01-12,2291.0,2340.0,2275.0,2276.0,648593369160,30694728,5550,2395.0,2275.0
1618,2021-01-13,2164.0,2299.0,2163.0,2176.0,1097726129270,54342017,12364,2276.0,2164.0
1619,2021-01-16,2094.0,2153.0,2067.0,2070.0,723809698300,37668240,6091,2176.0,2067.0
1620,2021-01-18,1969.0,2025.0,1967.0,1968.0,362608296500,19845413,3059,2070.0,1967.0
1621,2021-01-19,1870.0,2066.0,1870.0,2038.0,984683486590,52040918,8591,1968.0,2066.0
1622,2021-01-20,2101.0,2139.0,2066.0,2136.0,326820543290,16476983,1982,2038.0,2139.0
1623,2021-01-23,2243.0,2243.0,2243.0,2243.0,160241109180,7696499,1006,2136.0,2243.0
1624,2021-01-24,2355.0,2355.0,2245.0,2344.0,2866932307430,131749501,20391,2243.0,2355.0
1625,2021-01-25,2338.0,2460.0,2243.0,2431.0,1544172803840,68413972,10271,2344.0,2460.0
1626,2021-01-26,2521.0,2551.0,2311.0,2411.0,2541637051440,113555743,23794,2431.0,2311.0
1627,2021-01-27,2370.0,2503.0,2291.0,2425.0,1955869732810,86880461,18829,2411.0,2475.0
1628,2021-01-30,2478.0,2545.0,2445.0,2542.0,957213116610,40555616,6846,2425.0,2545.0
1629,2021-01-31,2655.0,2657.0,2415.0,2498.0,2107927426130,90906378,20942,2542.0,2417.0
1630,2021-02-01,2387.0,2500.0,2374.0,2402.0,1143017111610,51263138,8285,2498.0,2374.0
1631,2021-02-02,2294.0,2348.0,2283.0,2286.0,992420527140,46768232,8086,2402.0,2283.0
1632,2021-02-03,2219.0,2317.0,2172.0,2187.0,452574205060,22290085,3965,2286.0,2172.0
1633,2021-02-06,2080.0,2101.0,2078.0,2078.0,591996226780,30687187,4814,2187.0,2078.0
1634,2021-02-07,2091.0,2181.0,2091.0,2173.0,300266820510,14886951,3394,2078.0,2181.0
1635,2021-02-08,2280.0,2280.0,2154.0,2256.0,829688887980,39624067,10389,2173.0,2271.0
1636,2021-02-09,2311.0,2368.0,2208.0,2348.0,978637260050,44887711,8742,2256.0,2368.0
1637,2021-02-13,2488.0,2488.0,2470.0,2488.0,937956635520,40608743,5591,2348.0,2488.0
1638,2021-02-14,2637.0,2637.0,2564.0,2634.0,3653241731840,149413388,18526,2488.0,2637.0
1639,2021-02-15,2674.0,2791.0,2587.0,2759.0,3621611031050,141431881,27022,2634.0,2791.0
1640,2021-02-16,2819.0,2844.0,2704.0,2720.0,2608291860980,103307563,18389,2759.0,2705.0
1641,2021-02-17,2789.0,2882.0,2721.0,2796.0,1870280551350,72057894,16831,2720.0,2797.0
1642,2021-02-20,2803.0,2844.0,2741.0,2750.0,1157163982770,45333209,6499,2796.0,2741.0
1643,2021-02-21,2695.0,2695.0,2695.0,2695.0,174001389840,6954492,937,2750.0,2695.0
1644,2021-02-22,2641.0,2641.0,2641.0,2641.0,126201595680,5146884,413,2695.0,2641.0
1645,2021-02-23,2589.0,2731.0,2589.0,2633.0,2277501298810,93202086,19559,2641.0,2690.0
1646,2021-02-24,2693.0,2737.0,2581.0,2626.0,722711719290,29639257,8949,2633.0,2581.0
1647,2021-02-27,2575.0,2652.0,2575.0,2578.0,852084702790,35610200,4821,2626.0,2575.0
1648,2021-02-28,2527.0,2527.0,2527.0,2554.0,52979389560,2258286,161,2578.0,2527.0
1649,2021-03-01,2503.0,2639.0,2503.0,2557.0,1257741971300,52983982,12298,2554.0,2612.0
1650,2021-03-02,2607.0,2710.0,2587.0,2683.0,1379691316020,55380484,11997,2557.0,2659.0
1651,2021-03-03,2688.0,2710.0,2631.0,2648.0,344767940840,14024022,2713,2683.0,2631.0
1652,2021-03-06,2607.0,2691.0,2595.0,2611.0,901539032110,37187106,6508,2648.0,2634.0
1653,2021-03-07,2620.0,2767.0,2620.0,2731.0,1633817998930,64448049,13226,2611.0,2767.0
1654,2021-03-08,2822.0,2894.0,2785.0,2883.0,2161245733940,80755785,13523,2731.0,2894.0
1655,2021-03-09,2952.0,3055.0,2896.0,2997.0,2528788709020,90888830,22503,2883.0,2926.0
1656,2021-03-10,2938.0,2984.0,2938.0,2941.0,1514008058380,55455595,9489,2997.0,2938.0
1657,2021-03-13,2938.0,3092.0,2898.0,3015.0,1325688853500,47363207,13096,2941.0,3023.0
1658,2021-03-14,3015.0,3078.0,2956.0,2969.0,1106990558540,40173664,10175,3015.0,2956.0
1659,2021-03-15,2910.0,3038.0,2910.0,2953.0,1078472576880,39352307,11120,2969.0,2952.0
1660,2021-03-16,2953.0,3128.0,2908.0,3075.0,1658346390290,58087252,12371,2953.0,3127.0
1661,2021-03-17,3124.0,3218.0,3062.0,3135.0,984273578920,33825005,11172,3075.0,3122.0
1662,2021-03-27,3072.0,3117.0,3072.0,3075.0,937047980980,32816892,7554,3135.0,3072.0
1663,2021-03-28,3032.0,3075.0,3014.0,3016.0,284369435480,10157797,2541,3075.0,3014.0
1664,2021-03-30,2956.0,3069.0,2956.0,2980.0,629069815490,22743646,7927,3016.0,2956.0
1665,2021-03-31,2926.0,3014.0,2920.0,2925.0,315820950420,11634251,3588,2980.0,2920.0
1666,2021-04-03,2866.0,2898.0,2866.0,2868.0,116080430100,4362007,859,2925.0,2866.0
1667,2021-04-04,2810.0,2810.0,2810.0,2823.0,90137193040,3454856,331,2868.0,2810.0
1668,2021-04-05,2767.0,2855.0,2767.0,2779.0,956082572730,37054593,14153,2823.0,2833.0
1669,2021-04-06,2811.0,2864.0,2724.0,2751.0,376878942670,14757437,5796,2779.0,2724.0
1670,2021-04-07,2696.0,2718.0,2696.0,2726.0,50770613990,2028291,643,2751.0,2696.0
1671,2021-04-10,2673.0,2673.0,2673.0,2716.0,23742202410,956961,212,2726.0,2673.0
1672,2021-04-11,2662.0,2662.0,2662.0,2693.0,49470433110,2002041,235,2716.0,2662.0
1673,2021-04-12,2639.0,2639.0,2639.0,2639.0,142451967000,5814366,967,2693.0,2639.0
1674,2021-04-13,2628.0,2747.0,2609.0,2663.0,776691955510,31413665,10985,2639.0,2622.0
1675,2021-04-14,2648.0,2661.0,2610.0,2613.0,364282753430,15013604,3067,2663.0,2610.0
1676,2021-04-17,2562.0,2564.0,2562.0,2583.0,68183383300,2867253,715,2613.0,2562.0
1677,2021-04-18,2532.0,2532.0,2532.0,2560.0,51129736080,2174808,195,2583.0,2532.0
1678,2021-04-19,2510.0,2510.0,2510.0,2510.0,233645037200,10027684,1618,2560.0,2510.0
1679,2021-04-20,2461.0,2510.0,2460.0,2465.0,493497516420,21568850,5709,2510.0,2460.0
1680,2021-04-21,2391.0,2391.0,2391.0,2450.0,22190698200,999581,306,2465.0,2391.0
1681,2021-04-24,2376.0,2376.0,2376.0,2440.0,15807820980,716583,215,2450.0,2376.0
1682,2021-04-25,2368.0,2368.0,2368.0,2437.0,5334546000,242700,141,2440.0,2368.0
1683,2021-04-26,2364.0,2364.0,2364.0,2364.0,135815032350,6187473,744,2437.0,2364.0
1684,2021-04-27,2348.0,2455.0,2316.0,2390.0,696388457610,31376741,9674,2364.0,2355.0
1685,2021-04-28,2370.0,2439.0,2319.0,2349.0,419242310960,19225180,5382,2390.0,2343.0
1686,2021-05-01,2306.0,2386.0,2279.0,2300.0,284950696910,13343570,2923,2349.0,2279.0
1687,2021-05-02,2231.0,2231.0,2231.0,2258.0,69145036170,3338727,506,2300.0,2231.0
1688,2021-05-03,2191.0,2191.0,2191.0,2251.0,10093318200,496230,230,2258.0,2191.0
1689,2021-05-05,2185.0,2231.0,2185.0,2187.0,458805873660,22603033,4404,2251.0,2185.0
1690,2021-05-08,2133.0,2208.0,2122.0,2130.0,184031080310,9308002,2329,2187.0,2122.0
1691,2021-05-09,2066.0,2066.0,2066.0,2066.0,120798862240,6298168,401,2130.0,2066.0
1692,2021-05-10,2005.0,2178.0,2005.0,2062.0,641888241920,33529450,8062,2066.0,2126.0
1693,2021-05-11,2180.0,2185.0,2130.0,2179.0,437959780640,21648215,3312,2062.0,2185.0
1694,2021-05-12,2304.0,2310.0,2235.0,2303.0,1848847554800,86460065,11417,2179.0,2310.0
1695,2021-05-15,2315.0,2417.0,2268.0,2403.0,1303988507350,58454179,7922,2303.0,2417.0
1696,2021-05-16,2440.0,2510.0,2338.0,2411.0,1032716745180,46139879,11294,2403.0,2354.0
1697,2021-05-17,2316.0,2401.0,2291.0,2326.0,477284183210,22102668,4395,2411.0,2291.0
1698,2021-05-18,2249.0,2408.0,2220.0,2327.0,462380318330,21410684,5135,2326.0,2327.0
1699,2021-05-19,2327.0,2363.0,2210.0,2255.0,349602703110,16700717,3825,2327.0,2210.0
1700,2021-05-22,2143.0,2143.0,2143.0,2157.0,99375392610,4996249,542,2255.0,2143.0
1701,2021-05-23,2049.0,2106.0,2049.0,2051.0,514976753630,27052934,3291,2157.0,2049.0
1702,2021-05-24,1970.0,2122.0,1953.0,2049.0,609918539710,32071727,6890,2051.0,2071.0
1703,2021-05-25,2062.0,2151.0,2062.0,2138.0,454005525390,22871852,5862,2049.0,2151.0
1704,2021-05-26,2111.0,2202.0,2111.0,2163.0,243555584130,12129466,5243,2138.0,2193.0
1705,2021-05-29,2203.0,2271.0,2194.0,2269.0,322221336740,15301457,1597,2163.0,2271.0
1706,2021-05-30,2382.0,2382.0,2297.0,2372.0,1397685509820,63483785,8265,2269.0,2331.0
1707,2021-05-31,2345.0,2444.0,2260.0,2343.0,886937180350,40771251,8342,2372.0,2282.0
1708,2021-06-01,2282.0,2357.0,2227.0,2265.0,788493427960,37493900,6763,2343.0,2231.0
1709,2021-06-02,2181.0,2369.0,2181.0,2301.0,1210197020260,56669975,10928,2265.0,2300.0
1710,2021-08-30,3514.0,3674.0,3385.0,3510.0,15550833211148,2726244411,103887,2301.0,3533.0
1711,2021-08-31,3566.0,3685.0,3452.0,3654.0,8147128249003,1371969301,53486,3510.0,3680.0
1712,2021-09-01,3660.0,3723.0,3537.0,3650.0,3480835929771,586763573,40936,3654.0,3711.0
1713,2021-09-04,3717.0,3809.0,3643.0,3711.0,1995504540520,331170767,27427,3650.0,3686.0
1714,2021-09-05,3631.0,3698.0,3569.0,3649.0,1355169956990,228470871,19326,3711.0,3674.0
1715,2021-09-06,3674.0,3828.0,3631.0,3803.0,4637896633200,750467799,32983,3649.0,3766.0
1716,2021-09-07,3778.0,3877.0,3741.0,3828.0,1509504162290,242509654,21244,3803.0,3791.0
1717,2021-09-08,3834.0,3963.0,3785.0,3883.0,1489961706000,236171009,19232,3828.0,3920.0
1718,2021-09-11,3975.0,4074.0,3914.0,3981.0,1538160141800,237903013,17943,3883.0,3951.0
1719,2021-09-12,3889.0,3951.0,3785.0,3803.0,1560064118360,252282310,15647,3981.0,3785.0
1720,2021-09-13,3711.0,3828.0,3625.0,3717.0,1290874240070,213859664,15873,3803.0,3711.0
1721,2021-09-14,3785.0,3901.0,3723.0,3865.0,1570343436680,249938617,15860,3717.0,3871.0
1722,2021-09-15,3877.0,3908.0,3785.0,3846.0,835079659420,133688166,13535,3865.0,3828.0
1723,2021-09-18,3815.0,3858.0,3655.0,3692.0,924248137220,154012528,13080,3846.0,3655.0
1724,2021-09-19,3612.0,3778.0,3575.0,3649.0,814484476270,137284688,10501,3692.0,3686.0
1725,2021-09-20,3692.0,3772.0,3643.0,3723.0,688171074630,113826871,8214,3649.0,3741.0
1726,2021-09-21,3735.0,3741.0,3545.0,3600.0,825159291870,140995652,10798,3723.0,3625.0
1727,2021-09-22,3606.0,3778.0,3483.0,3674.0,1268827279990,212648429,15222,3600.0,3778.0
1728,2021-09-25,3852.0,3852.0,3815.0,3852.0,613976845640,98084750,4197,3674.0,3852.0
1729,2021-09-26,3951.0,4043.0,3852.0,3963.0,1819060537450,282486305,22295,3852.0,3994.0
1730,2021-09-28,4086.0,4160.0,4025.0,4123.0,2235930556210,333551369,24674,3963.0,4049.0
1731,2021-09-29,4061.0,4240.0,4006.0,4111.0,1314919007260,196806540,17011,4123.0,4160.0
1732,2021-10-02,4215.0,4314.0,4215.0,4301.0,2547082276730,364450835,22087,4111.0,4314.0
1733,2021-10-03,4369.0,4400.0,4178.0,4295.0,1627068560600,233004589,22015,4301.0,4258.0
1734,2021-10-04,4425.0,4474.0,4338.0,4406.0,1430226506200,199816846,14687,4295.0,4388.0
1735,2021-10-06,4480.0,4541.0,4418.0,4486.0,1241874263100,170411528,14154,4406.0,4468.0
1736,2021-10-09,4461.0,4461.0,4265.0,4295.0,1398399316040,200394792,16982,4486.0,4265.0
1737,2021-10-10,4295.0,4449.0,4172.0,4314.0,1891987052970,269779226,19008,4295.0,4332.0
1738,2021-10-11,4363.0,4406.0,4141.0,4258.0,1073809693410,155165969,14173,4314.0,4178.0
1739,2021-10-12,4166.0,4185.0,4049.0,4055.0,1599714337110,242604435,14894,4258.0,4055.0
1740,2021-10-13,4000.0,4129.0,3858.0,3932.0,1568993469650,245384485,14160,4055.0,3981.0
1741,2021-10-16,4080.0,4123.0,4043.0,4123.0,798445153470,119225120,5687,3932.0,4123.0
1742,2021-10-17,4234.0,4240.0,4012.0,4117.0,955212997190,142825479,11414,4123.0,4178.0
1743,2021-10-18,4043.0,4203.0,3988.0,4117.0,1137560123710,170143413,10316,4117.0,4197.0
1744,2021-10-19,4209.0,4221.0,4111.0,4148.0,717020764990,106347296,8198,4117.0,4135.0
1745,2021-10-20,4068.0,4129.0,4000.0,4061.0,662033098430,100372396,7462,4148.0,4049.0
1746,2021-10-23,3932.0,3988.0,3858.0,3865.0,375786905690,59792796,3550,4061.0,3858.0
1747,2021-10-25,3809.0,3852.0,3674.0,3717.0,1023161959630,169468737,13061,3865.0,3698.0
1748,2021-10-26,3692.0,3834.0,3668.0,3735.0,580735763090,95641499,8239,3717.0,3748.0
1749,2021-10-27,3741.0,3889.0,3705.0,3803.0,499398765140,80758310,7225,3735.0,3846.0
1750,2021-10-30,3828.0,3865.0,3618.0,3698.0,625394223460,104058767,10322,3803.0,3661.0
1751,2021-10-31,3618.0,3661.0,3514.0,3532.0,831470352050,144840301,9723,3698.0,3557.0
1752,2021-11-01,3668.0,3705.0,3643.0,3698.0,311562955870,51805335,3016,3532.0,3705.0
1753,2021-11-02,3772.0,3883.0,3735.0,3852.0,1034300329300,165129255,10413,3698.0,3883.0
1754,2021-11-03,3901.0,4043.0,3815.0,3951.0,741397612510,115425443,9760,3852.0,4006.0
1755,2021-11-06,4031.0,4148.0,4018.0,4135.0,977699452990,145407109,7919,3951.0,4098.0
1756,2021-11-07,4135.0,4234.0,3932.0,4055.0,1098883926280,166697831,13507,4135.0,3969.0
1757,2021-11-08,3938.0,4129.0,3932.0,4043.0,747805469420,113806498,9592,4055.0,4080.0
1758,2021-11-09,4123.0,4240.0,4098.0,4234.0,2133400262200,310046549,13034,4043.0,4240.0
1759,2021-11-10,4332.0,4406.0,4215.0,4289.0,1375843296570,197505008,14269,4234.0,4283.0
1760,2021-11-13,4141.0,4283.0,4086.0,4197.0,1158656691750,169979554,11073,4289.0,4228.0
1761,2021-11-14,4277.0,4314.0,4141.0,4228.0,672682925340,97981181,8755,4197.0,4172.0
1762,2021-11-15,4172.0,4185.0,4018.0,4080.0,814051130490,122725868,9009,4228.0,4031.0
1763,2021-11-16,4006.0,4178.0,4000.0,4117.0,584788612860,87448494,7187,4080.0,4123.0
1764,2021-11-17,4160.0,4203.0,4068.0,4123.0,474059780060,70724538,7017,4117.0,4080.0
1765,2021-11-20,4092.0,4092.0,3920.0,3938.0,1088361208630,169943461,12260,4123.0,3920.0
1766,2021-11-21,3920.0,4037.0,3840.0,3945.0,649263878200,101300030,9167,3938.0,3981.0
1767,2021-11-22,4049.0,4141.0,3975.0,4086.0,768174910460,115659814,9345,3945.0,4061.0
1768,2021-11-23,4086.0,4098.0,3981.0,4025.0,443121392870,67753786,6654,4086.0,3988.0
1769,2021-11-24,3988.0,4025.0,3895.0,3938.0,357220617040,55837130,5819,4025.0,3938.0
1770,2021-11-27,3754.0,3828.0,3741.0,3760.0,645787216850,105740083,8018,3938.0,3741.0
1771,2021-11-28,3705.0,3815.0,3643.0,3735.0,487035840540,80251038,7184,3760.0,3723.0
1772,2021-11-29,3754.0,3815.0,3680.0,3735.0,314494139380,51835883,5470,3735.0,3717.0
1773,2021-11-30,3735.0,3803.0,3674.0,3705.0,327218810180,54344458,4975,3735.0,3686.0
1774,2021-12-01,3668.0,3686.0,3551.0,3606.0,335612253550,57271043,6232,3705.0,3618.0
1775,2021-12-04,3692.0,3785.0,3532.0,3698.0,581099181890,96634816,8213,3606.0,3785.0
1776,2021-12-05,3846.0,3883.0,3803.0,3871.0,943839314260,150132539,10471,3698.0,3883.0
1777,2021-12-06,3871.0,3926.0,3785.0,3846.0,362840015860,58043083,6283,3871.0,3791.0
1778,2021-12-07,3778.0,3908.0,3754.0,3840.0,369777506070,59273413,5154,3846.0,3834.0
1779,2021-12-08,3846.0,4025.0,3828.0,3969.0,699353297410,108345701,7626,3840.0,3975.0
1780,2021-12-11,3969.0,4000.0,3865.0,3926.0,331742868750,51956989,5110,3969.0,3901.0
1781,2021-12-12,3815.0,3834.0,3735.0,3748.0,402702228940,66091852,5597,3926.0,3741.0
1782,2021-12-13,3766.0,3828.0,3563.0,3655.0,518483834890,87254328,6829,3748.0,3600.0
1783,2021-12-14,3698.0,3809.0,3588.0,3729.0,381210297700,62916112,6162,3655.0,3735.0
1784,2021-12-15,3754.0,3809.0,3661.0,3723.0,295017607660,48779627,4951,3729.0,3692.0
1785,2021-12-18,3754.0,3865.0,3735.0,3772.0,237068258580,38682088,4374,3723.0,3741.0
1786,2021-12-19,3754.0,3772.0,3618.0,3668.0,440730522080,73944136,5647,3772.0,3643.0
1787,2021-12-22,3846.0,3846.0,3846.0,3741.0,49530025000,7924804,456,3668.0,3846.0
1788,2021-12-25,3926.0,3926.0,3926.0,3926.0,388216224440,60848938,2593,3741.0,3926.0
1789,2021-12-26,3981.0,4117.0,3945.0,4049.0,2211721322140,335896797,20151,3926.0,4117.0
1790,2021-12-27,4148.0,4246.0,4061.0,4148.0,1065680458710,158054130,12007,4049.0,4098.0
1791,2021-12-28,4123.0,4228.0,4049.0,4154.0,656078164550,97159313,8183,4148.0,4185.0
1792,2021-12-29,4166.0,4203.0,4018.0,4080.0,523494358170,79004995,7989,4154.0,4031.0
1793,2022-01-01,4006.0,4043.0,3908.0,3981.0,479453881140,74112024,6371,4080.0,4000.0
1794,2022-01-02,4006.0,4080.0,3969.0,4025.0,376321809580,57543677,5551,3981.0,4049.0
1795,2022-01-03,4061.0,4098.0,4006.0,4043.0,276124181260,42001111,4485,4025.0,4031.0
1796,2022-01-04,4012.0,4012.0,3883.0,3945.0,356209013170,55533202,4594,4043.0,3969.0
1797,2022-01-05,3945.0,4055.0,3914.0,3988.0,359425272870,55451697,4847,3945.0,3994.0
1798,2022-01-08,4043.0,4105.0,3994.0,4037.0,378187973160,57651834,6043,3988.0,4012.0
1799,2022-01-09,4006.0,4012.0,3840.0,3865.0,582547692850,92722524,7072,4037.0,3877.0
1800,2022-01-10,3828.0,3951.0,3766.0,3883.0,325611031400,51628962,4857,3865.0,3908.0
1801,2022-01-11,3938.0,3969.0,3883.0,3926.0,317490635030,49739087,4032,3883.0,3951.0
1802,2022-01-12,3938.0,4031.0,3908.0,3963.0,351551475390,54607185,4374,3926.0,3932.0
1803,2022-01-15,3988.0,4006.0,3846.0,3926.0,412740989330,64720530,5022,3963.0,3858.0
1804,2022-01-16,3846.0,3908.0,3803.0,3846.0,296315603010,47391223,4416,3926.0,3877.0
1805,2022-01-17,3914.0,3969.0,3828.0,3895.0,317806034360,50232054,3932,3846.0,3834.0
1806,2022-01-18,3877.0,3877.0,3723.0,3785.0,488418040040,79409720,5761,3895.0,3821.0
1807,2022-01-19,3865.0,3969.0,3803.0,3951.0,906090384910,141080989,7622,3785.0,3969.0
1808,2022-01-22,4111.0,4148.0,3969.0,4080.0,1122449809810,169285933,11628,3951.0,3988.0
1809,2022-01-23,3951.0,4025.0,3877.0,3901.0,955332830390,150733370,7109,4080.0,3877.0
1810,2022-01-24,3834.0,3908.0,3729.0,3809.0,430997937530,69598950,6153,3901.0,3785.0
1811,2022-01-25,3815.0,3840.0,3625.0,3661.0,1127909183470,189703285,9552,3809.0,3729.0
1812,2022-01-26,3821.0,3840.0,3760.0,3834.0,744216577280,119542500,6536,3661.0,3840.0
1813,2022-01-29,3957.0,4025.0,3938.0,4006.0,392761983000,60304641,3168,3834.0,4025.0
1814,2022-01-30,4178.0,4203.0,4074.0,4178.0,2147435795050,316427561,16676,4006.0,4172.0
1815,2022-01-31,4160.0,4258.0,4092.0,4203.0,1383677935850,202513984,14003,4178.0,4154.0
1816,2022-02-01,4215.0,4252.0,4129.0,4185.0,953878276100,140189510,10455,4203.0,4129.0
1817,2022-02-02,4160.0,4221.0,4061.0,4148.0,870394988910,129060383,7888,4185.0,4191.0
1818,2022-02-05,4234.0,4314.0,4160.0,4234.0,668047855320,97159892,7891,4148.0,4166.0
1819,2022-02-06,4191.0,4191.0,4025.0,4061.0,1063524842150,161252978,7385,4234.0,4025.0
1820,2022-02-07,4000.0,4172.0,3938.0,4074.0,477352569050,72154406,6364,4061.0,4086.0
1821,2022-02-08,4068.0,4197.0,4061.0,4105.0,397049470420,59502079,6595,4074.0,4080.0
1822,2022-02-09,4061.0,4166.0,4037.0,4117.0,386023170620,57730899,6265,4105.0,4111.0
1823,2022-02-12,4166.0,4209.0,4068.0,4141.0,478658656950,71094100,5476,4117.0,4086.0
1824,2022-02-13,4086.0,4148.0,4055.0,4098.0,240922182870,36168309,3354,4141.0,4105.0
1825,2022-02-14,4092.0,4166.0,4074.0,4123.0,282291937730,42122310,3217,4098.0,4111.0
1826,2022-02-16,4098.0,4135.0,4049.0,4086.0,250334976960,37695104,3700,4123.0,4061.0
1827,2022-02-19,4031.0,4061.0,3951.0,4006.0,353425364840,54305456,4641,4086.0,4000.0
1828,2022-02-20,3988.0,3988.0,3883.0,3920.0,400047182570,62799004,4920,4006.0,3920.0
1829,2022-02-21,3908.0,4012.0,3908.0,3951.0,415717713110,64714969,5263,3920.0,3932.0
1830,2022-02-22,4006.0,4148.0,4000.0,4092.0,814386653400,122459198,7631,3951.0,4148.0
1831,2022-02-23,4160.0,4197.0,4068.0,4111.0,479908676180,71799859,6157,4092.0,4092.0
1832,2022-02-26,4117.0,4178.0,4000.0,4092.0,357192498520,53749845,5018,4111.0,4043.0
1833,2022-02-27,4061.0,4141.0,4031.0,4080.0,300409613220,45279039,3406,4092.0,4068.0
1834,2022-02-28,4086.0,4123.0,4043.0,4068.0,262803395130,39763859,3446,4080.0,4061.0
1835,2022-03-02,4148.0,4209.0,4092.0,4141.0,436307138800,64786377,5163,4068.0,4123.0
1836,2022-03-05,4209.0,4345.0,4185.0,4265.0,1041582036300,150300718,9475,4141.0,4345.0
1837,2022-03-06,4394.0,4474.0,4375.0,4468.0,2406643206680,331643744,14861,4265.0,4474.0
1838,2022-03-07,4665.0,4689.0,4566.0,4677.0,3081543177800,405252533,19633,4468.0,4566.0
1839,2022-03-08,4621.0,4745.0,4511.0,4628.0,1410878639090,187668551,13798,4677.0,4578.0
1840,2022-03-09,4646.0,4855.0,4646.0,4769.0,1342480460350,173141453,13563,4628.0,4775.0
1841,2022-03-12,4585.0,4615.0,4535.0,4541.0,1516836575530,205587811,11158,4769.0,4535.0
1842,2022-03-13,4455.0,4658.0,4455.0,4585.0,464158159350,62329015,5900,4541.0,4566.0
1843,2022-03-14,4572.0,4621.0,4560.0,4585.0,531394459050,71334021,4451,4585.0,4572.0
1844,2022-03-15,4480.0,4621.0,4455.0,4529.0,487927052820,66266034,5417,4585.0,4480.0
1845,2022-03-16,4455.0,4591.0,4443.0,4523.0,395345288940,53757025,5082,4529.0,4517.0
1846,2022-03-19,4603.0,4732.0,4566.0,4646.0,472136327480,62541484,5319,4523.0,4665.0
1847,2022-03-26,4855.0,4874.0,4800.0,4868.0,1084157843900,137056456,8885,4646.0,4874.0
1848,2022-03-27,4892.0,5003.0,4800.0,4898.0,742979226500,93309020,9579,4868.0,4917.0
1849,2022-03-28,4911.0,4935.0,4775.0,4843.0,896054159300,113909168,11780,4898.0,4843.0
1850,2022-03-29,4825.0,4825.0,4634.0,4720.0,756840452670,98726641,10111,4843.0,4677.0
1851,2022-03-30,4621.0,4806.0,4591.0,4757.0,365168916590,47220443,6211,4720.0,4781.0
1852,2022-04-03,4775.0,4898.0,4677.0,4818.0,718242696380,91710054,8390,4757.0,4837.0
1853,2022-04-04,4825.0,5058.0,4818.0,5009.0,2186781234950,268481963,17131,4818.0,5015.0
1854,2022-04-05,5003.0,5163.0,4948.0,5065.0,943528721170,114648461,10585,5009.0,5034.0
1855,2022-04-06,5077.0,5089.0,4831.0,4929.0,926125707440,115641113,12203,5065.0,4855.0
1856,2022-04-09,4757.0,5145.0,4732.0,4997.0,1053884553790,129832161,10327,4929.0,5065.0
1857,2022-04-10,5046.0,5175.0,5021.0,5095.0,681917429720,82354061,6701,4997.0,5101.0
1858,2022-04-11,5114.0,5145.0,5028.0,5089.0,782970956830,94624559,7035,5095.0,5077.0
1859,2022-04-12,5058.0,5058.0,4837.0,4880.0,1321096389380,166665557,9793,5089.0,4880.0
1860,2022-04-13,4843.0,5120.0,4843.0,5089.0,1196304158930,144598581,10147,4880.0,5120.0
1861,2022-04-16,5225.0,5249.0,5120.0,5181.0,651123320140,77334982,7758,5089.0,5163.0
1862,2022-04-17,5169.0,5261.0,5028.0,5188.0,798421160730,94767619,9195,5181.0,5255.0
1863,2022-04-18,5268.0,5483.0,5255.0,5403.0,1331858135670,151765288,11388,5188.0,5341.0
1864,2022-04-19,5378.0,5686.0,5292.0,5532.0,1447083342300,160990545,12319,5403.0,5508.0
1865,2022-04-20,5526.0,5563.0,5391.0,5452.0,921324326060,104006737,10262,5532.0,5471.0
1866,2022-04-24,5452.0,5452.0,5243.0,5341.0,541168039070,62364066,8272,5452.0,5317.0
1867,2022-04-25,5311.0,5372.0,5225.0,5292.0,569086148250,66140449,6991,5341.0,5317.0
1868,2022-04-26,5335.0,5563.0,5280.0,5415.0,1328864100170,150999158,10455,5292.0,5409.0
1869,2022-04-27,5471.0,5532.0,5378.0,5446.0,596218561910,67384971,7132,5415.0,5434.0
1870,2022-04-30,5428.0,5588.0,5385.0,5520.0,716068652260,79824930,7735,5446.0,5545.0
1871,2022-05-01,5557.0,5569.0,5477.0,5520.0,584295784560,65154180,5887,5520.0,5538.0
1872,2022-05-02,5526.0,5785.0,5477.0,5643.0,786039552330,85762059,8851,5520.0,5723.0
1873,2022-05-07,5938.0,5981.0,5846.0,5938.0,2090538889090,216648991,17301,5643.0,5975.0
1874,2022-05-08,5988.0,6018.0,5797.0,5871.0,1057229229270,110857732,13221,5938.0,5852.0
1875,2022-05-09,5846.0,5852.0,5538.0,5680.0,1106946690540,119954343,12462,5871.0,5668.0
1876,2022-05-10,5680.0,5754.0,5532.0,5655.0,941920351010,102481128,7756,5680.0,5643.0
1877,2022-05-11,5668.0,5846.0,5661.0,5797.0,734572856960,77988283,6788,5655.0,5840.0
1878,2022-05-14,5877.0,6111.0,5871.0,5975.0,1090622296530,112376518,10439,5797.0,6031.0
1879,2022-05-15,6031.0,6055.0,5760.0,5883.0,956330811420,100016732,9721,5975.0,5975.0
1880,2022-05-16,5963.0,6012.0,5821.0,5883.0,628215053020,65692751,8795,5883.0,5914.0
1881,2022-05-17,5901.0,5994.0,5686.0,5834.0,1069285955600,112764641,9733,5883.0,5723.0
1882,2022-05-18,5705.0,5760.0,5532.0,5612.0,1269946825970,139175118,11738,5834.0,5631.0
1883,2022-05-21,5569.0,5674.0,5421.0,5545.0,986027166050,109438111,9557,5612.0,5588.0
1884,2022-05-22,5588.0,5588.0,5495.0,5538.0,706881211620,78559675,6964,5545.0,5514.0
1885,2022-05-23,5545.0,5612.0,5292.0,5403.0,1157310259700,131801664,9256,5538.0,5415.0
1886,2022-05-24,5403.0,5421.0,5341.0,5397.0,702918310690,80165532,5292,5403.0,5391.0
1887,2022-05-25,5446.0,5649.0,5391.0,5495.0,656297393860,73475863,7317,5397.0,5545.0
1888,2022-05-28,5643.0,5674.0,5440.0,5532.0,659453721850,73357171,6784,5495.0,5477.0
1889,2022-05-29,5372.0,5551.0,5372.0,5465.0,572939745720,64499809,5652,5532.0,5551.0
1890,2022-05-30,5569.0,5600.0,5458.0,5489.0,443286243920,49679445,5140,5465.0,5471.0
1891,2022-05-31,5495.0,5705.0,5465.0,5588.0,499398413520,54976685,5513,5489.0,5569.0
1892,2022-06-01,5551.0,5569.0,5489.0,5532.0,240396276800,26751903,3751,5588.0,5526.0
1893,2022-06-06,5532.0,5532.0,5231.0,5323.0,558209417170,64509220,6660,5532.0,5298.0
1894,2022-06-07,5280.0,5403.0,5261.0,5341.0,400799774370,46186189,4423,5323.0,5354.0
1895,2022-06-08,5391.0,5434.0,5341.0,5385.0,469235465370,53651225,3839,5341.0,5354.0
1896,2022-06-11,5298.0,5440.0,5261.0,5366.0,511789080650,58680854,4574,5385.0,5354.0
1897,2022-06-12,5354.0,5661.0,5317.0,5551.0,799821798460,88664489,7604,5366.0,5631.0
1898,2022-06-13,5668.0,5797.0,5625.0,5729.0,783154668210,84152538,7279,5551.0,5655.0
1899,2022-06-14,5643.0,5754.0,5612.0,5692.0,482421120990,52153186,4720,5729.0,5680.0
1900,2022-06-15,5661.0,5692.0,5569.0,5637.0,307054807080,33528608,3357,5692.0,5643.0
1901,2022-06-18,5778.0,5846.0,5643.0,5729.0,880389407130,94544476,8769,5637.0,5674.0
1902,2022-06-19,5674.0,5766.0,5655.0,5705.0,701755367770,75721880,5296,5729.0,5686.0
1903,2022-06-20,5674.0,5766.0,5668.0,5698.0,431145981650,46562588,4138,5705.0,5674.0
1904,2022-06-21,5668.0,5723.0,5612.0,5649.0,321326523380,35006747,3955,5698.0,5631.0
1905,2022-06-22,5631.0,5698.0,5612.0,5649.0,403279313780,43918165,3599,5649.0,5661.0
1906,2022-06-25,5661.0,5661.0,5495.0,5612.0,478909504680,52518526,4570,5649.0,5532.0
1907,2022-06-26,5600.0,5606.0,5471.0,5520.0,584492777280,65192206,4059,5612.0,5557.0
1908,2022-06-27,5563.0,5661.0,5477.0,5581.0,558236388430,61569217,5650,5520.0,5649.0
1909,2022-06-28,5674.0,5766.0,5618.0,5698.0,370715464280,40035487,4109,5581.0,5655.0
1910,2022-06-29,5692.0,5717.0,5588.0,5661.0,240523076200,26156252,3212,5698.0,5649.0
1911,2022-07-02,5569.0,5618.0,5514.0,5557.0,345906056540,38311101,3686,5661.0,5551.0
1912,2022-07-03,5501.0,5692.0,5495.0,5631.0,341416569520,37327776,4019,5557.0,5643.0
1913,2022-07-04,5661.0,5711.0,5631.0,5655.0,347856737970,37836408,3353,5631.0,5655.0
1914,2022-07-05,5661.0,5858.0,5661.0,5760.0,914735108920,97678790,7486,5655.0,5846.0
1915,2022-07-06,5748.0,5828.0,5674.0,5748.0,563870184950,60387752,4803,5760.0,5760.0
1916,2022-07-09,5754.0,5815.0,5735.0,5754.0,532074248540,56922594,4175,5748.0,5748.0
1917,2022-07-11,5729.0,5748.0,5588.0,5680.0,506797842060,54929715,4415,5754.0,5612.0
1918,2022-07-12,5600.0,5766.0,5545.0,5692.0,717041378870,77543766,5032,5680.0,5754.0
1919,2022-07-13,5840.0,5988.0,5834.0,5914.0,1061844431610,110482532,9383,5692.0,5957.0
1920,2022-07-16,5969.0,6025.0,5877.0,5957.0,880613027210,90940034,8203,5914.0,5963.0
1921,2022-07-17,5945.0,5957.0,5791.0,5846.0,793951044600,83539769,8022,5957.0,5846.0
1922,2022-07-24,6104.0,6190.0,5925.0,6047.0,1575424423330,186961926,8820,5846.0,5939.0
1923,2022-07-25,5997.0,5997.0,5717.0,5803.0,993771538480,122883397,9338,6047.0,5760.0
1924,2022-07-26,5817.0,5947.0,5803.0,5853.0,475077065390,58254810,5054,5803.0,5825.0
1925,2022-07-27,5875.0,5889.0,5817.0,5853.0,481591892750,59038880,4426,5853.0,5825.0
1926,2022-07-30,5882.0,5918.0,5652.0,5774.0,500279462920,62180442,6062,5853.0,5667.0
1927,2022-07-31,5667.0,5774.0,5509.0,5660.0,684482998260,86747979,5983,5774.0,5731.0
1928,2022-08-01,5767.0,5767.0,5660.0,5710.0,252216158520,31671872,3060,5660.0,5695.0
1929,2022-08-02,5724.0,5789.0,5688.0,5717.0,499719813270,62694671,3318,5710.0,5731.0
1930,2022-08-03,5782.0,5782.0,5703.0,5724.0,217007632040,27200638,3029,5717.0,5738.0
1931,2022-08-06,5660.0,5667.0,5552.0,5617.0,814624959620,104037883,7497,5724.0,5638.0
1932,2022-08-09,5602.0,5645.0,5430.0,5516.0,498437191220,64811660,7435,5617.0,5452.0
1933,2022-08-10,5423.0,5530.0,5373.0,5423.0,390318347120,51646269,5200,5516.0,5387.0
1934,2022-08-13,5459.0,5602.0,5387.0,5502.0,481849114040,62787593,5107,5423.0,5523.0
1935,2022-08-14,5523.0,5602.0,5351.0,5487.0,708854613760,92602982,6326,5502.0,5502.0
1936,2022-08-15,5516.0,5545.0,5394.0,5444.0,419999590130,55361192,5530,5487.0,5423.0
1937,2022-08-16,5380.0,5387.0,5258.0,5308.0,580737266260,78530663,7296,5444.0,5279.0
1938,2022-08-17,5258.0,5258.0,5036.0,5114.0,930597225620,130577762,10673,5308.0,5114.0
1939,2022-08-20,5093.0,5229.0,5050.0,5129.0,508180278100,71028406,6313,5114.0,5122.0
1940,2022-08-21,5150.0,5172.0,5057.0,5107.0,380619978480,53485473,3993,5129.0,5086.0
1941,2022-08-22,5107.0,5129.0,5050.0,5079.0,296838312160,41917482,3476,5107.0,5079.0
1942,2022-08-23,5086.0,5229.0,5071.0,5122.0,394742735820,55254568,5131,5079.0,5193.0
1943,2022-08-24,5236.0,5387.0,5236.0,5308.0,709599044350,95948864,7213,5122.0,5344.0
1944,2022-08-27,5401.0,5487.0,5394.0,5459.0,637205903330,83768986,6664,5308.0,5430.0
1945,2022-08-28,5437.0,5509.0,5337.0,5430.0,349871360290,46195721,4088,5459.0,5495.0
1946,2022-08-29,5495.0,5516.0,5416.0,5473.0,246383468470,32300340,3501,5430.0,5423.0
1947,2022-08-30,5509.0,5516.0,5430.0,5473.0,221143368470,28993501,2755,5473.0,5473.0
1948,2022-08-31,5444.0,5487.0,5380.0,5437.0,224429057800,29625352,2760,5473.0,5430.0
1949,2022-09-03,5373.0,5387.0,5215.0,5287.0,325476553290,44147248,3913,5437.0,5308.0
1950,2022-09-04,5287.0,5337.0,5229.0,5272.0,199534794140,27135656,2624,5287.0,5294.0
1951,2022-09-05,5294.0,5315.0,5244.0,5272.0,149856805700,20394207,1966,5272.0,5265.0
1952,2022-09-06,5308.0,5308.0,5150.0,5201.0,220346159290,30373609,3356,5272.0,5179.0
1953,2022-09-07,5150.0,5165.0,5086.0,5107.0,273347796170,38418461,3930,5201.0,5100.0
1954,2022-09-10,5079.0,5150.0,4985.0,5079.0,345394457660,48809365,4334,5107.0,5086.0
1955,2022-09-11,5107.0,5157.0,5064.0,5093.0,193195674090,27192380,2874,5079.0,5071.0
1956,2022-09-12,5107.0,5157.0,5071.0,5107.0,207997045610,29208827,2884,5093.0,5136.0
1957,2022-09-13,5114.0,5193.0,5086.0,5136.0,184375260020,25740415,2596,5107.0,5150.0
1958,2022-09-14,5165.0,5201.0,5093.0,5129.0,142025628960,19862600,2277,5136.0,5129.0
1959,2022-09-18,5100.0,5129.0,5007.0,5036.0,203907188200,29050899,3979,5129.0,5014.0
1960,2022-09-19,5021.0,5071.0,4992.0,5028.0,184813246420,26376018,2406,5036.0,5007.0
1961,2022-09-20,5007.0,5021.0,4957.0,4978.0,272220509140,39213442,3301,5028.0,4978.0
1962,2022-09-28,5064.0,5186.0,5043.0,5093.0,374084518210,52665483,3866,4978.0,5057.0
1963,2022-10-01,5043.0,5043.0,4799.0,4878.0,431349288420,63391949,6205,5093.0,4820.0
1964,2022-10-02,4806.0,4899.0,4770.0,4835.0,253500010870,37617791,3089,4878.0,4849.0
1965,2022-10-03,4849.0,4921.0,4806.0,4835.0,174153076670,25836534,2118,4835.0,4813.0
1966,2022-10-04,4820.0,4892.0,4806.0,4842.0,168819804760,25006619,2224,4835.0,4835.0
1967,2022-10-08,5007.0,5157.0,4985.0,5057.0,469636097520,66608448,4623,4842.0,5000.0
1968,2022-10-09,5057.0,5071.0,4921.0,5000.0,318135669400,45664402,2982,5057.0,5050.0
1969,2022-10-10,5036.0,5165.0,4992.0,5064.0,253994671950,35962774,3031,5000.0,5150.0
1970,2022-10-11,5114.0,5229.0,5114.0,5179.0,322904597970,44754181,3358,5064.0,5157.0
1971,2022-10-12,5165.0,5186.0,5093.0,5157.0,172195345330,23950299,2354,5179.0,5179.0
1972,2022-10-15,5157.0,5172.0,5043.0,5122.0,220432096100,30886363,3054,5157.0,5157.0
1973,2022-10-16,5079.0,5136.0,5000.0,5057.0,243842542950,34571059,3083,5122.0,5007.0
1974,2022-10-17,4985.0,5201.0,4978.0,5129.0,271258597120,37926761,3007,5057.0,5143.0
1975,2022-10-18,5165.0,5265.0,5165.0,5229.0,290863958880,39912145,3895,5129.0,5222.0
1976,2022-10-19,5165.0,5258.0,5150.0,5208.0,307502217320,42369056,3207,5229.0,5165.0
1977,2022-10-24,5308.0,5409.0,5272.0,5344.0,1664395174560,223333413,9632,5208.0,5380.0
1978,2022-10-25,5380.0,5581.0,5380.0,5473.0,1087792268730,142497358,9396,5344.0,5437.0
1979,2022-10-26,5452.0,5452.0,5351.0,5416.0,646076694270,85572111,5727,5473.0,5430.0
1980,2022-10-29,5552.0,5667.0,5538.0,5581.0,744471824390,95702886,6325,5416.0,5595.0
1981,2022-10-30,5688.0,5918.0,5617.0,5810.0,1422583901290,175576500,10172,5581.0,5911.0
1982,2022-10-31,5918.0,5982.0,5817.0,5889.0,901983282270,109861115,7598,5810.0,5939.0
1983,2022-11-01,5961.0,5990.0,5868.0,5918.0,988186250010,119840159,7492,5889.0,5889.0
1984,2022-11-02,5911.0,5947.0,5853.0,5911.0,660696645880,80173791,5137,5918.0,5925.0
1985,2022-11-05,6011.0,6320.0,6011.0,6269.0,1891892796180,216419266,10542,5911.0,6320.0
1986,2022-11-06,6384.0,6449.0,6255.0,6334.0,924459926010,104688885,8536,6269.0,6305.0
1987,2022-11-07,6305.0,6771.0,6226.0,6649.0,2464606910190,265911307,14327,6334.0,6771.0
1988,2022-11-08,6886.0,7051.0,6649.0,6814.0,1692114224780,178093686,12772,6649.0,6685.0
1989,2022-11-09,6678.0,7044.0,6621.0,6908.0,1829719304120,190047105,13057,6814.0,6994.0
1990,2022-11-12,6958.0,6994.0,6836.0,6908.0,1222408124350,126992693,9376,6908.0,6908.0
1991,2022-11-13,6915.0,6944.0,6693.0,6807.0,1148773920580,121039573,9538,6908.0,6728.0
1992,2022-11-14,6807.0,6807.0,6506.0,6635.0,1176588863960,127156707,8952,6807.0,6585.0
1993,2022-11-15,6628.0,6714.0,6535.0,6606.0,717857977020,77957161,5779,6635.0,6635.0
1994,2022-11-16,6614.0,6693.0,6549.0,6621.0,463717919800,50213927,3818,6606.0,6642.0
1995,2022-11-19,6470.0,6506.0,6255.0,6348.0,938569902050,106008471,7216,6621.0,6355.0
1996,2022-11-20,6377.0,6556.0,6370.0,6492.0,566104954230,62521072,4348,6348.0,6470.0
1997,2022-11-21,6506.0,6549.0,6456.0,6499.0,444986744330,49120733,3487,6492.0,6484.0
1998,2022-11-22,6449.0,6528.0,6384.0,6456.0,304670108940,33843123,3236,6499.0,6477.0
1999,2022-11-23,6513.0,6563.0,6441.0,6499.0,235721598920,26020658,2637,6456.0,6484.0
2000,2022-11-26,6470.0,6470.0,6334.0,6391.0,566490068810,63571209,5196,6499.0,6355.0
2001,2022-11-27,6341.0,6384.0,6255.0,6312.0,458242322830,52096852,5058,6391.0,6370.0
2002,2022-11-28,6341.0,6506.0,6255.0,6384.0,469855744520,52809710,5466,6312.0,6441.0
2003,2022-11-29,6463.0,6599.0,6456.0,6542.0,519937423410,56984482,4850,6384.0,6585.0
2004,2022-11-30,6571.0,6614.0,6499.0,6556.0,316685004280,34655051,2950,6542.0,6520.0
2005,2022-12-03,6528.0,6542.0,6470.0,6492.0,253417677070,27994016,2875,6556.0,6477.0
2006,2022-12-04,6470.0,6535.0,6377.0,6449.0,334341155980,37195541,3790,6492.0,6470.0
2007,2022-12-05,6470.0,6492.0,6348.0,6391.0,420183515500,47180521,4403,6449.0,6370.0
2008,2022-12-06,6341.0,6406.0,6284.0,6334.0,379333941960,42977774,3761,6391.0,6341.0
2009,2022-12-07,6298.0,6298.0,6097.0,6162.0,911787152290,106109338,9250,6334.0,6140.0
2010,2022-12-10,6061.0,6140.0,5939.0,5982.0,736106674110,88230450,6407,6162.0,5968.0
2011,2022-12-11,6040.0,6312.0,6011.0,6198.0,642732305630,74375916,5886,5982.0,6190.0
2012,2022-12-12,6212.0,6355.0,6212.0,6291.0,402519751080,45889951,4053,6198.0,6269.0
2013,2022-12-13,6312.0,6628.0,6312.0,6520.0,619081803970,68120027,5475,6291.0,6535.0
2014,2022-12-14,6542.0,6685.0,6484.0,6549.0,602940841840,66043513,5568,6520.0,6492.0
2015,2022-12-17,6463.0,6556.0,6420.0,6470.0,455649004760,50520117,4683,6549.0,6434.0
2016,2022-12-18,6463.0,6714.0,6463.0,6606.0,603390615590,65546972,5150,6470.0,6556.0
2017,2022-12-19,6599.0,6628.0,6477.0,6549.0,443149022440,48520261,3914,6606.0,6528.0
2018,2022-12-20,6520.0,6535.0,6406.0,6463.0,392851671260,43592862,3387,6549.0,6441.0
2019,2022-12-21,6506.0,6506.0,6377.0,6413.0,454408539700,50832502,4215,6463.0,6449.0
2020,2022-12-24,6599.0,6857.0,6585.0,6807.0,1499432081480,158055959,9162,6413.0,6857.0
2021,2022-12-25,6958.0,7080.0,6807.0,6915.0,721522100410,74842647,7668,6807.0,6850.0
2022,2022-12-26,6814.0,7015.0,6771.0,6908.0,720886734200,74893490,6003,6915.0,6915.0
2023,2022-12-28,6972.0,7388.0,6972.0,7360.0,1759900972930,171601998,11914,6908.0,7388.0
2024,2022-12-31,6886.0,7080.0,6850.0,6922.0,1857627829290,192506058,13837,7360.0,6865.0
2025,2023-01-01,6850.0,7058.0,6614.0,6786.0,1093928186840,115647379,9539,6922.0,6908.0
2026,2023-01-02,6951.0,7073.0,6922.0,6972.0,847346373990,87210965,6931,6786.0,6965.0
2027,2023-01-03,6958.0,7073.0,6814.0,6915.0,1084504536920,112508868,8897,6972.0,6850.0
2028,2023-01-04,6779.0,6807.0,6700.0,6743.0,586657556480,62430008,6177,6915.0,6700.0
2029,2023-01-07,6671.0,6879.0,6642.0,6721.0,1115962606930,119084996,10189,6743.0,6793.0
2030,2023-01-08,6843.0,7087.0,6800.0,6915.0,1261611324300,130914942,9303,6721.0,6886.0
2031,2023-01-09,6929.0,6972.0,6750.0,6886.0,1233393228170,128426386,10113,6915.0,6915.0
2032,2023-01-10,6958.0,7066.0,6843.0,6929.0,1011825034390,104716900,9166,6886.0,6857.0
2033,2023-01-11,6922.0,6922.0,6750.0,6807.0,1030051933000,108504553,7974,6929.0,6779.0
2034,2023-01-14,6707.0,6908.0,6635.0,6807.0,662406735460,69810875,6258,6807.0,6872.0
2035,2023-01-16,6879.0,7015.0,6850.0,6915.0,1169293659420,121336817,9194,6807.0,6915.0
2036,2023-01-17,6951.0,7015.0,6657.0,6800.0,1536133343420,162006613,13933,6915.0,6736.0
2037,2023-01-18,6743.0,7066.0,6728.0,6929.0,1867759840900,193384641,14721,6800.0,6958.0
2038,2023-01-21,6987.0,6987.0,6621.0,6728.0,2077027254180,221503155,16861,6929.0,6728.0
2039,2023-01-22,6764.0,6922.0,6635.0,6736.0,1207665014180,128554369,11208,6728.0,6764.0
2040,2023-01-23,6800.0,6822.0,6571.0,6693.0,1302441159320,139565686,9824,6736.0,6671.0
2041,2023-01-24,6606.0,6693.0,6535.0,6563.0,645485964170,70530881,8017,6693.0,6542.0
2042,2023-01-25,6556.0,6556.0,6327.0,6413.0,814806323570,91138135,8858,6563.0,6449.0
2043,2023-01-28,6456.0,6513.0,6370.0,6449.0,881766548140,98127335,7084,6413.0,6456.0
2044,2023-01-29,6398.0,6420.0,6061.0,6212.0,1031889001370,119115814,9534,6449.0,6241.0
2045,2023-01-30,6183.0,6377.0,6068.0,6241.0,553118959890,63574325,6662,6212.0,6291.0
2046,2023-01-31,6406.0,6441.0,6241.0,6320.0,388096626400,44074735,5172,6241.0,6291.0
2047,2023-02-01,6312.0,6377.0,6255.0,6298.0,419322474070,47764280,4444,6320.0,6298.0
2048,2023-02-05,6233.0,6248.0,6040.0,6111.0,709193170250,83241539,7093,6298.0,6047.0
2049,2023-02-06,6111.0,6219.0,6068.0,6147.0,355784333400,41502175,3836,6111.0,6169.0
2050,2023-02-07,6155.0,6312.0,6155.0,6241.0,389579459080,44784643,3649,6147.0,6269.0
2051,2023-02-08,6255.0,6320.0,6155.0,6212.0,358239882340,41351544,4068,6241.0,6162.0
2052,2023-02-12,6169.0,6226.0,6111.0,6169.0,361019638230,41988080,3846,6212.0,6155.0
2053,2023-02-13,6155.0,6212.0,6140.0,6169.0,303618382700,35307711,3430,6169.0,6147.0
2054,2023-02-14,6133.0,6205.0,6097.0,6140.0,379124656120,44287626,3596,6169.0,6104.0
2055,2023-02-15,6076.0,6133.0,6040.0,6061.0,261809526930,30976798,3539,6140.0,6047.0
2056,2023-02-19,6076.0,6169.0,6068.0,6111.0,377148612650,44245085,3932,6061.0,6169.0
2057,2023-02-20,6248.0,6535.0,6241.0,6449.0,1329663205500,147866900,7369,6111.0,6535.0
2058,2023-02-21,6714.0,6893.0,6649.0,6800.0,1380796663890,145599026,10804,6449.0,6693.0
2059,2023-02-22,6743.0,6807.0,6592.0,6685.0,680423192350,72972669,6262,6800.0,6736.0
2060,2023-02-25,6922.0,7152.0,6922.0,7144.0,1440760494930,144621533,6344,6685.0,7152.0
2061,2023-02-26,7639.0,7639.0,7216.0,7568.0,3157784376570,299312607,19704,7144.0,7503.0
2062,2023-02-27,7288.0,7747.0,7238.0,7510.0,1897259119370,181216892,13720,7568.0,7510.0
2063,2023-02-28,7532.0,7812.0,7403.0,7690.0,1223894700870,114171279,10094,7510.0,7639.0
2064,2023-03-01,7661.0,7661.0,7180.0,7417.0,1413929659200,136693048,10719,7690.0,7281.0
2065,2023-03-04,7037.0,7216.0,6922.0,7051.0,1300731606970,132360651,11073,7417.0,6979.0
2066,2023-03-05,6987.0,7173.0,6979.0,7037.0,741138422490,75560824,6296,7051.0,7015.0
2067,2023-03-06,7030.0,7037.0,6764.0,6929.0,655262940190,67826167,5564,7037.0,6958.0
2068,2023-03-07,6958.0,7230.0,6951.0,7116.0,748748353750,75450950,6605,6929.0,7216.0
2069,2023-03-11,7159.0,7317.0,7058.0,7137.0,859651242560,86435328,7211,7116.0,7073.0
2070,2023-03-12,7080.0,7080.0,6857.0,6979.0,517771060490,53226627,5478,7137.0,6979.0
2071,2023-03-13,6979.0,7123.0,6951.0,7001.0,731037488150,74869702,5871,6979.0,6979.0
2072,2023-03-14,7001.0,7087.0,6979.0,7022.0,470373953250,48054036,7530,7001.0,7058.0
2073,2023-03-15,7073.0,7460.0,7073.0,7302.0,693929390830,68156934,7614,7022.0,7424.0
2074,2023-03-18,7474.0,7812.0,7431.0,7776.0,1795066185470,165593442,10023,7302.0,7812.0
2075,2023-03-19,8170.0,8170.0,7776.0,7933.0,959035762940,86673506,8855,7776.0,7984.0
2076,2023-03-25,8041.0,8163.0,7819.0,8005.0,797617309040,71468144,8692,7933.0,7933.0
2077,2023-03-26,7941.0,8565.0,7941.0,8471.0,2563839535640,217153955,16602,8005.0,8349.0
2078,2023-03-27,8428.0,8658.0,8235.0,8550.0,1066693710060,89524662,11076,8471.0,8558.0
2079,2023-03-28,8601.0,8887.0,8550.0,8687.0,1172510005430,96788790,10603,8550.0,8701.0
2080,2023-03-29,8844.0,8844.0,8608.0,8730.0,975840247940,80215659,10632,8687.0,8751.0
2081,2023-04-03,8464.0,8816.0,8292.0,8608.0,1259119513590,104939584,13776,8730.0,8730.0
2082,2023-04-04,8751.0,8909.0,8493.0,8651.0,1077286690780,89322448,10795,8608.0,8529.0
2083,2023-04-05,8500.0,8751.0,8464.0,8636.0,704263849650,58505210,8216,8651.0,8601.0
2084,2023-04-08,8644.0,8966.0,8579.0,8787.0,2004875386790,163635051,15946,8636.0,8679.0
2085,2023-04-09,8787.0,8816.0,8593.0,8679.0,1570349586540,129830864,14171,8787.0,8658.0
2086,2023-04-10,8737.0,9110.0,8550.0,8816.0,1580905201420,128594049,13490,8679.0,8679.0
2087,2023-04-11,8708.0,8945.0,8636.0,8830.0,856301482740,69565251,8560,8816.0,8931.0
2088,2023-04-15,9060.0,9447.0,9052.0,9296.0,1651401109460,127402447,13117,8830.0,9440.0
2089,2023-04-16,9691.0,9691.0,9375.0,9547.0,1447392249510,108705613,12225,9296.0,9569.0
2090,2023-04-17,9677.0,9956.0,9555.0,9813.0,1731284646840,126571826,11458,9547.0,9806.0
2091,2023-04-18,10006.0,10128.0,9770.0,9942.0,1505814073990,108619337,12035,9813.0,9935.0
2092,2023-04-19,9978.0,10028.0,9691.0,9856.0,881024287600,64136193,10180,9942.0,9870.0
2093,2023-04-24,9899.0,9899.0,9612.0,9698.0,1031674363120,76295540,10615,9856.0,9691.0
2094,2023-04-25,9712.0,9899.0,9626.0,9755.0,1599021911870,117588507,10995,9698.0,9662.0
2095,2023-04-26,9633.0,9806.0,9540.0,9691.0,793645786060,58736656,7877,9755.0,9755.0
2096,2023-04-29,9813.0,10035.0,9770.0,9928.0,1523746808020,110092703,10797,9691.0,9963.0
2097,2023-04-30,10121.0,10358.0,10050.0,10171.0,1045034125680,73676744,8659,9928.0,10171.0
2098,2023-05-01,10329.0,10329.0,9942.0,10050.0,1140952555700,81433410,10621,10171.0,10035.0
2099,2023-05-02,10042.0,10243.0,9971.0,10100.0,1006298921160,71475346,9010,10050.0,10114.0
2100,2023-05-03,10157.0,10157.0,9870.0,9949.0,1281561252450,92365795,12422,10100.0,9892.0
2101,2023-05-06,9949.0,10379.0,9784.0,10128.0,2908532896980,205954420,21234,9949.0,10265.0
2102,2023-05-07,10473.0,10473.0,9425.0,9684.0,1944140584970,144034245,16612,10128.0,9425.0
2103,2023-05-08,9060.0,9347.0,9009.0,9067.0,1467424756950,116081808,10890,9684.0,9009.0
2104,2023-05-09,8543.0,9576.0,8543.0,9131.0,1557987200730,122379842,14037,9067.0,9397.0
2105,2023-05-10,9540.0,9605.0,8945.0,9131.0,1288895568010,101240286,10682,9131.0,9203.0
2106,2023-05-13,9024.0,9232.0,8701.0,8966.0,1572042280030,125748453,11285,9131.0,9045.0
2107,2023-05-14,9555.0,9590.0,9232.0,9583.0,2025855180280,151623234,8429,8966.0,9590.0
2108,2023-05-15,9892.0,10014.0,9490.0,9748.0,1293835636650,95238730,10503,9583.0,9720.0
2109,2023-05-17,9856.0,10179.0,9748.0,9992.0,1098142919840,78852011,9383,9748.0,10006.0
2110,2023-05-20,10171.0,10171.0,9648.0,9913.0,1371554859030,99253594,9686,9992.0,9999.0
2111,2023-05-21,9913.0,10050.0,9791.0,9978.0,1047656541220,75340592,6892,9913.0,10050.0
2112,2023-05-22,10035.0,10193.0,9906.0,10006.0,937908922640,67222169,6903,9978.0,9913.0
2113,2023-05-23,10006.0,10136.0,9827.0,10006.0,724819626720,51970965,6675,10006.0,9913.0
2114,2023-05-24,10702.0,10702.0,10301.0,10602.0,2616205367330,176985621,14941,10006.0,10430.0
2115,2023-05-27,10487.0,10494.0,10186.0,10315.0,1098141349100,76369929,7953,10602.0,10387.0
2116,2023-05-28,10258.0,10258.0,9985.0,10057.0,961111919360,68545851,6977,10315.0,10078.0
2117,2023-05-29,10114.0,10186.0,10006.0,10057.0,597805664430,42643068,5189,10057.0,10071.0
2118,2023-05-30,10085.0,10150.0,10028.0,10057.0,721794568050,51501421,4708,10057.0,10064.0
2119,2023-05-31,10042.0,10042.0,9827.0,9913.0,649406973490,47001658,5130,10057.0,9913.0
2120,2023-06-03,9906.0,10006.0,9741.0,9920.0,457892324290,33101934,3806,9913.0,9935.0
2121,2023-06-06,9992.0,10014.0,9856.0,9935.0,407647272500,29441256,4097,9920.0,9928.0
2122,2023-06-07,10021.0,10021.0,9684.0,9798.0,489597404460,35843576,5281,9935.0,9755.0
2123,2023-06-10,9598.0,9598.0,9260.0,9325.0,671171857060,51614136,6223,9798.0,9318.0
2124,2023-06-11,9311.0,9490.0,9246.0,9339.0,364119188480,27956160,5515,9325.0,9332.0
2125,2023-06-12,9124.0,9325.0,8801.0,8902.0,918587677540,74018866,8384,9339.0,8816.0
2126,2023-06-13,8866.0,9311.0,8866.0,9139.0,310386762730,24364405,4356,8902.0,9268.0
2127,2023-06-14,9325.0,9469.0,9289.0,9339.0,396164639700,30417165,4041,9139.0,9325.0
2128,2023-06-17,9246.0,9347.0,9174.0,9239.0,281400618370,21844677,4220,9339.0,9174.0
2129,2023-06-18,9139.0,9433.0,9081.0,9260.0,335500452520,25980609,3824,9239.0,9382.0
2130,2023-06-19,9268.0,9411.0,9268.0,9354.0,440511888530,33790958,3611,9260.0,9318.0
2131,2023-06-20,9397.0,9978.0,9361.0,9655.0,565963200780,42040838,5611,9354.0,9777.0
2132,2023-06-21,9777.0,9899.0,9677.0,9777.0,371975384180,27285979,4290,9655.0,9705.0
2133,2023-06-24,9748.0,9748.0,9583.0,9648.0,252559921980,18782050,3625,9777.0,9662.0
2134,2023-06-25,10050.0,10215.0,9899.0,10028.0,583287406300,41726608,5764,9648.0,9949.0
2135,2023-06-26,10028.0,10028.0,9791.0,9877.0,447277083260,32490039,4677,10028.0,9827.0
2136,2023-06-27,9784.0,9784.0,9555.0,9633.0,318757578340,23731337,3986,9877.0,9605.0
2137,2023-06-28,9519.0,9712.0,9390.0,9497.0,420605790290,31778807,4289,9633.0,9562.0
2138,2023-07-01,9576.0,9576.0,9268.0,9339.0,441399987520,33912744,4838,9497.0,9311.0
2139,2023-07-02,9289.0,9555.0,9289.0,9390.0,231665703130,17691749,3161,9339.0,9390.0
2140,2023-07-03,9892.0,9935.0,9691.0,9813.0,496819314910,36312232,5083,9390.0,9885.0
2141,2023-07-04,9870.0,10042.0,9827.0,9913.0,324511000240,23479679,4361,9813.0,9849.0
2142,2023-07-05,10014.0,10014.0,9791.0,9827.0,329208745830,24029328,3831,9913.0,9827.0
2143,2023-07-08,9827.0,9978.0,9748.0,9877.0,328627688970,23864655,3978,9827.0,9784.0
2144,2023-07-09,9834.0,9935.0,9748.0,9827.0,512333019160,37403870,3528,9877.0,9827.0
2145,2023-07-10,9842.0,9863.0,9677.0,9727.0,565768533220,41712045,3999,9827.0,9691.0
2146,2023-07-11,9691.0,9734.0,9504.0,9612.0,1476495998880,110172380,6292,9727.0,9504.0
2147,2023-07-12,9504.0,9576.0,9088.0,9268.0,696156589240,53891772,5769,9612.0,9347.0
2148,2023-07-15,9361.0,9540.0,9268.0,9382.0,398414384340,30457014,4124,9268.0,9304.0
2149,2023-07-16,9304.0,9447.0,9002.0,9139.0,687359297790,53950786,5561,9382.0,9067.0
2150,2023-07-17,9052.0,9103.0,8644.0,8830.0,877521631470,71263904,8812,9139.0,8931.0
2151,2023-07-23,7879.0,7879.0,7622.0,7777.0,689122103790,75886691,5282,8830.0,7682.0
2152,2023-07-24,7725.0,7897.0,7614.0,7725.0,905131473570,100315244,12494,7777.0,7725.0
2153,2023-07-25,7811.0,7939.0,7691.0,7785.0,484708324460,53341604,6059,7725.0,7777.0
2154,2023-07-26,7794.0,7837.0,7631.0,7691.0,410987266290,45756124,5682,7785.0,7665.0
2155,2023-07-29,7708.0,7742.0,7494.0,7571.0,394353905610,44634897,5986,7691.0,7537.0
2156,2023-07-30,7503.0,7537.0,7169.0,7288.0,512276427430,60228263,6442,7571.0,7211.0
2157,2023-07-31,7246.0,7400.0,7211.0,7306.0,274890762400,32240959,3397,7288.0,7374.0
2158,2023-08-01,7451.0,7811.0,7391.0,7674.0,517892429800,57774545,5059,7306.0,7811.0
2159,2023-08-05,7965.0,8205.0,7845.0,8153.0,818860180640,86045017,7175,7674.0,8205.0
2160,2023-08-06,8291.0,8333.0,8008.0,8171.0,427918495700,44876421,4613,8153.0,8205.0
2161,2023-08-07,8059.0,8333.0,8059.0,8196.0,395335472230,41289615,3276,8171.0,8205.0
2162,2023-08-08,8196.0,8248.0,8008.0,8111.0,264498522880,27943152,2760,8196.0,8068.0
2163,2023-08-09,8282.0,8291.0,8034.0,8119.0,194866543080,20556826,2785,8111.0,8042.0
2164,2023-08-12,8076.0,8119.0,7691.0,7819.0,446989109720,48942767,4377,8119.0,7708.0
2165,2023-08-13,7768.0,8128.0,7725.0,7931.0,216299603300,23352648,2931,7819.0,8042.0
2166,2023-08-14,8205.0,8222.0,8051.0,8111.0,226668413050,23944210,3381,7931.0,8085.0
2167,2023-08-15,8136.0,8136.0,8008.0,8059.0,192776005750,20485295,2385,8111.0,8068.0
2168,2023-08-16,8068.0,8119.0,8042.0,8059.0,181453740990,19278345,2298,8059.0,8051.0
2169,2023-08-19,8051.0,8119.0,7957.0,7999.0,281759424160,30171170,2637,8059.0,7999.0
2170,2023-08-20,8076.0,8085.0,7982.0,8034.0,161235028600,17196603,2207,7999.0,8076.0
2171,2023-08-21,8153.0,8153.0,8034.0,8068.0,147037446050,15605305,1883,8034.0,8051.0
2172,2023-08-22,8128.0,8128.0,7965.0,8016.0,193066555060,20625624,1996,8068.0,8034.0
2173,2023-08-23,7974.0,8273.0,7965.0,8188.0,342234494710,35796325,2614,8016.0,8265.0
2174,2023-08-26,8291.0,8753.0,8291.0,8659.0,671628507700,66443012,4908,8188.0,8753.0
2175,2023-08-27,9070.0,9258.0,8839.0,9164.0,857431185840,80168996,6122,8659.0,9121.0
2176,2023-08-28,9335.0,9618.0,9104.0,9267.0,680146968670,62864202,5341,9164.0,9130.0
2177,2023-08-29,9361.0,9498.0,9053.0,9224.0,533387214680,49509758,4531,9267.0,9216.0
2178,2023-08-30,8993.0,9404.0,8993.0,9258.0,274257752470,25379630,3067,9224.0,9267.0
2179,2023-09-02,9335.0,9464.0,9027.0,9284.0,542541110790,50034398,4464,9258.0,9378.0
2180,2023-09-03,9378.0,9575.0,9275.0,9481.0,503500550370,45467389,4204,9284.0,9464.0
2181,2023-09-04,9507.0,10021.0,9481.0,9747.0,603521117700,53032845,5413,9481.0,9755.0
2182,2023-09-05,10098.0,10098.0,9815.0,9918.0,571716727610,49375566,4877,9747.0,9849.0
2183,2023-09-09,9961.0,10055.0,9755.0,9875.0,451514634280,39158042,4121,9918.0,9789.0
2184,2023-09-10,9644.0,9918.0,9635.0,9841.0,524870883740,45690607,3097,9875.0,9841.0
2185,2023-09-11,9841.0,9926.0,9738.0,9789.0,304697266070,26647243,2590,9841.0,9755.0
2186,2023-09-12,9789.0,9892.0,9764.0,9806.0,298332654330,26055126,1875,9789.0,9806.0
2187,2023-09-13,9866.0,9978.0,9858.0,9926.0,282899326760,24414891,2705,9806.0,9961.0
2188,2023-09-17,10021.0,10312.0,9978.0,10218.0,439801138170,36869233,4181,9926.0,10269.0
2189,2023-09-18,10235.0,10363.0,10149.0,10243.0,385126793010,32205296,3378,10218.0,10166.0
2190,2023-09-19,10218.0,10269.0,10175.0,10218.0,281052774720,23562551,2141,10243.0,10260.0
2191,2023-09-20,10175.0,10269.0,10046.0,10175.0,270987280490,22818083,2056,10218.0,10192.0
2192,2023-09-23,10192.0,10200.0,9995.0,10063.0,235115250440,20011272,2815,10175.0,10012.0
2193,2023-09-25,9935.0,10063.0,9747.0,9875.0,419002513140,36354593,3506,10063.0,9858.0
2194,2023-09-26,9815.0,9952.0,9729.0,9858.0,203071251670,17635978,2166,9875.0,9892.0
2195,2023-09-27,9892.0,9961.0,9832.0,9901.0,175819329600,15205611,1857,9858.0,9909.0
2196,2023-09-30,9901.0,9909.0,9592.0,9712.0,334110609430,29451129,3571,9901.0,9601.0
2197,2023-10-01,9687.0,9687.0,9361.0,9472.0,534503584660,48326139,4242,9712.0,9455.0
2198,2023-10-02,9361.0,9507.0,9353.0,9447.0,334707954170,30358781,2633,9472.0,9421.0
2199,2023-10-04,9421.0,9524.0,9335.0,9395.0,208994035550,19050957,2380,9447.0,9395.0
2200,2023-10-07,9164.0,9250.0,8916.0,9036.0,430479686080,40787093,4319,9395.0,9027.0
2201,2023-10-08,8847.0,8864.0,8616.0,8676.0,499135811490,49267236,4231,9036.0,8693.0
2202,2023-10-09,8616.0,8993.0,8599.0,8727.0,257358603880,25249552,3015,8676.0,8667.0
2203,2023-10-10,8779.0,8907.0,8736.0,8822.0,170076473000,16511668,2061,8727.0,8890.0
2204,2023-10-11,8899.0,8976.0,8804.0,8890.0,135503605530,13058831,1744,8822.0,8804.0
2205,2023-10-14,8890.0,8967.0,8547.0,8736.0,219747162730,21538306,2293,8890.0,8753.0
2206,2023-10-15,8693.0,8830.0,8693.0,8753.0,160220929210,15672583,1747,8736.0,8770.0
2207,2023-10-16,8822.0,9113.0,8822.0,8959.0,166960734290,15960836,2040,8753.0,9061.0
2208,2023-10-17,9335.0,9361.0,9078.0,9190.0,277947345010,25907276,2399,8959.0,9087.0
2209,2023-10-18,9190.0,9284.0,9113.0,9173.0,254135263410,23730483,2118,9190.0,9164.0
2210,2023-10-21,9156.0,9241.0,9104.0,9147.0,140051143660,13110739,1651,9173.0,9113.0
2211,2023-10-22,9130.0,9293.0,9053.0,9164.0,206890079550,19337937,2112,9147.0,9096.0
2212,2023-10-23,8993.0,8993.0,8625.0,8736.0,822913413970,80703828,7573,9164.0,8625.0
2213,2023-10-24,8565.0,8616.0,8419.0,8470.0,640603442010,64744255,5788,8736.0,8436.0
2214,2023-10-25,8470.0,8565.0,8428.0,8496.0,183794648080,18522392,2309,8470.0,8539.0
2215,2023-10-28,8479.0,8496.0,8025.0,8145.0,405595942730,42632896,4561,8496.0,8051.0
2216,2023-10-29,8042.0,8393.0,8042.0,8256.0,118969782500,12339085,2060,8145.0,8231.0
2217,2023-10-30,8265.0,8513.0,8265.0,8385.0,166680880170,17020428,2268,8256.0,8376.0
2218,2023-10-31,8393.0,8419.0,8222.0,8316.0,173341380030,17855853,2261,8385.0,8239.0
2219,2023-11-01,8222.0,8453.0,8059.0,8273.0,236992704450,24529681,2263,8316.0,8368.0
2220,2023-11-04,8436.0,8556.0,8350.0,8453.0,147729751270,14970846,2218,8273.0,8445.0
2221,2023-11-05,8539.0,8642.0,8342.0,8470.0,424117756680,42904409,3338,8453.0,8590.0
2222,2023-11-06,8693.0,8702.0,8573.0,8642.0,171008789510,16950280,2096,8470.0,8607.0
2223,2023-11-07,8693.0,8744.0,8539.0,8667.0,349792743060,34554335,3006,8642.0,8710.0
2224,2023-11-08,8762.0,8762.0,8573.0,8625.0,216637999960,21518837,2064,8667.0,8599.0
2225,2023-11-11,8625.0,8727.0,8539.0,8599.0,293036780970,29180168,2788,8625.0,8650.0
2226,2023-11-12,8650.0,8684.0,8539.0,8565.0,110022408120,11005632,1726,8599.0,8547.0
2227,2023-11-13,8642.0,8642.0,8496.0,8556.0,252660713690,25301367,2777,8565.0,8565.0
2228,2023-11-14,8650.0,8650.0,8445.0,8488.0,171246185530,17283172,2014,8556.0,8479.0
2229,2023-11-15,8479.0,8556.0,8402.0,8453.0,214182311350,21704852,2099,8488.0,8419.0
2230,2023-11-18,8402.0,8530.0,8350.0,8385.0,117131399590,11963555,1946,8453.0,8350.0
2231,2023-11-19,8393.0,8453.0,8333.0,8368.0,152311137960,15589700,1872,8385.0,8376.0
2232,2023-11-20,8368.0,8436.0,8256.0,8350.0,168237044700,17256465,2104,8368.0,8325.0
2233,2023-11-21,8350.0,8445.0,8282.0,8350.0,250689961930,25705100,2566,8350.0,8325.0
2234,2023-11-22,8445.0,8505.0,8316.0,8376.0,283874870240,29026691,2777,8350.0,8333.0
2235,2023-11-25,8462.0,8462.0,8291.0,8325.0,157430099720,16198150,2187,8376.0,8308.0
2236,2023-11-26,8359.0,8402.0,8282.0,8325.0,210235006340,21623372,2101,8325.0,8308.0
2237,2023-11-27,8393.0,8402.0,8248.0,8308.0,182570124440,18815071,2263,8325.0,8308.0
2238,2023-11-28,8265.0,8428.0,8248.0,8333.0,114845961320,11795618,1670,8308.0,8428.0
2239,2023-11-29,8436.0,8522.0,8342.0,8428.0,166835521970,16960374,2114,8333.0,8513.0
2240,2023-12-02,8522.0,8787.0,8522.0,8667.0,304337030040,30059908,3033,8428.0,8607.0
2241,2023-12-03,8684.0,8899.0,8556.0,8719.0,313214910270,30779924,3427,8667.0,8856.0
2242,2023-12-04,9019.0,9121.0,8787.0,8916.0,419564243430,40315957,3833,8719.0,8822.0
2243,2023-12-05,8856.0,9027.0,8736.0,8916.0,304244891320,29220494,2928,8916.0,8864.0
2244,2023-12-06,8881.0,9010.0,8796.0,8873.0,190255661360,18362640,2583,8916.0,8822.0
2245,2023-12-09,8779.0,8899.0,8702.0,8779.0,256866785770,25052272,2296,8873.0,8702.0
2246,2023-12-10,8693.0,8779.0,8667.0,8719.0,198434029110,19493399,1621,8779.0,8693.0
2247,2023-12-11,8693.0,8787.0,8599.0,8650.0,386564540020,38267249,3218,8719.0,8650.0
2248,2023-12-12,8736.0,8736.0,8556.0,8599.0,217118937360,21616831,2812,8650.0,8565.0
2249,2023-12-13,8565.0,8599.0,8470.0,8513.0,209282251160,21059472,2913,8599.0,8513.0
2250,2023-12-16,8479.0,8565.0,8479.0,8530.0,185513060490,18626719,2519,8513.0,8556.0
2251,2023-12-18,8599.0,8719.0,8565.0,8633.0,424952822350,42177629,3636,8530.0,8702.0
2252,2023-12-19,8710.0,8907.0,8676.0,8770.0,361806770360,35332470,3127,8633.0,8736.0
2253,2023-12-20,8693.0,8950.0,8642.0,8804.0,334485794550,32544407,2604,8770.0,8804.0
2254,2023-12-26,8710.0,8710.0,8547.0,8607.0,166086231070,16525603,1623,8804.0,8565.0
2255,2023-12-27,8539.0,8590.0,8513.0,8547.0,219935987770,22038386,3142,8607.0,8539.0
2256,2023-12-30,8565.0,8607.0,8453.0,8505.0,293408736500,29562408,4108,8547.0,8470.0
2257,2023-12-31,8522.0,8547.0,8428.0,8462.0,141605854430,14334006,2354,8505.0,8436.0
2258,2024-01-01,8470.0,8470.0,8333.0,8376.0,190749129700,19499514,3152,8462.0,8350.0
2259,2024-01-02,8325.0,8350.0,8256.0,8282.0,131702841210,13623851,2849,8376.0,8265.0
2260,2024-01-03,8265.0,8299.0,8162.0,8213.0,162671072810,16957015,2894,8282.0,8256.0
2261,2024-01-06,8350.0,8350.0,8162.0,8205.0,172536359820,18005842,2602,8213.0,8239.0
2262,2024-01-07,8239.0,8325.0,8205.0,8231.0,250264277050,26032390,2860,8205.0,8222.0
2263,2024-01-08,8188.0,8530.0,8188.0,8402.0,382806709840,39033435,4280,8231.0,8393.0
2264,2024-01-09,8402.0,8779.0,8402.0,8607.0,352581030130,35079099,4429,8402.0,8650.0
2265,2024-01-10,8727.0,8864.0,8650.0,8804.0,510250156570,49650046,4769,8607.0,8830.0
2266,2024-01-13,8864.0,9164.0,8804.0,8976.0,525042556550,50096592,5136,8804.0,8941.0
2267,2024-01-14,9070.0,9207.0,8976.0,9096.0,419004356430,39467277,4049,8976.0,9096.0
2268,2024-01-15,9087.0,9087.0,8873.0,8959.0,482421469550,46108690,4226,9096.0,8916.0
2269,2024-01-16,8813.0,8984.0,8813.0,8899.0,300111378870,28898174,2325,8959.0,8864.0
2270,2024-01-17,8822.0,8924.0,8813.0,8881.0,231819078480,22362779,2094,8899.0,8856.0
2271,2024-01-20,8822.0,9070.0,8265.0,8530.0,456233630860,45787393,4676,8881.0,8265.0
2272,2024-01-21,8299.0,8625.0,8231.0,8436.0,1046399111380,106216510,7069,8530.0,8607.0
2273,2024-01-22,8727.0,8727.0,8410.0,8488.0,355767761960,35895457,3790,8436.0,8479.0
2274,2024-02-10,8565.0,8573.0,8368.0,8479.0,273387586120,27626783,3239,8488.0,8505.0
2275,2024-02-12,8393.0,8436.0,8273.0,8316.0,451644122550,46496863,4975,8479.0,8282.0
2276,2024-02-13,8316.0,8316.0,8196.0,8256.0,282092824380,29257719,3597,8316.0,8205.0
2277,2024-02-14,8205.0,8222.0,8119.0,8153.0,219889651080,23089067,3343,8256.0,8119.0
2278,2024-02-17,8119.0,8153.0,7897.0,8025.0,267607389240,28570601,3879,8153.0,8008.0
2279,2024-02-18,8025.0,8179.0,8016.0,8076.0,167365839910,17747513,2498,8025.0,8085.0
2280,2024-02-19,8162.0,8188.0,8102.0,8136.0,181305077840,19082566,2225,8076.0,8119.0
2281,2024-02-20,8179.0,8213.0,8102.0,8153.0,193006556470,20275423,1980,8136.0,8162.0
2282,2024-02-21,8222.0,8222.0,8068.0,8128.0,211619507100,22300075,2368,8153.0,8136.0
2283,2024-02-24,8231.0,8231.0,8059.0,8111.0,140323673050,14812278,2223,8128.0,8111.0
2284,2024-02-26,8119.0,8171.0,7931.0,7991.0,192215664350,20605058,3029,8111.0,7991.0
2285,2024-02-27,7991.0,8085.0,7991.0,8042.0,145775689320,15526660,2011,7991.0,8059.0
2286,2024-02-28,8111.0,8205.0,8094.0,8136.0,156394280960,16464116,1830,8042.0,8111.0
2287,2024-03-02,8145.0,8702.0,8111.0,8582.0,546153563260,54490187,3757,8136.0,8702.0
2288,2024-03-03,9096.0,9181.0,8924.0,9156.0,1187389106320,111110039,9121,8582.0,9173.0
2289,2024-03-04,9207.0,9293.0,8933.0,9053.0,421070839810,39837672,5053,9156.0,8950.0
2290,2024-03-05,9078.0,9678.0,8924.0,9644.0,1608423614050,142870600,8641,9053.0,9661.0
2291,2024-03-06,9729.0,9798.0,9327.0,9541.0,460502198240,41331677,4858,9644.0,9567.0
2292,2024-03-09,9387.0,9567.0,9370.0,9430.0,394707653010,35834555,3528,9541.0,9395.0
2293,2024-03-10,9412.0,9430.0,9173.0,9353.0,470740843100,43101738,2898,9430.0,9318.0
2294,2024-03-11,9310.0,9567.0,9164.0,9353.0,319712586730,29270161,2920,9353.0,9318.0
2295,2024-03-12,9267.0,9515.0,9250.0,9353.0,347704930820,31836073,2913,9353.0,9327.0
2296,2024-03-13,9353.0,9387.0,9053.0,9164.0,367506416180,34334524,3382,9353.0,9070.0
2297,2024-03-16,9078.0,9310.0,9036.0,9121.0,327920921420,30778383,2976,9164.0,9130.0
2298,2024-03-17,9130.0,9335.0,9130.0,9173.0,141230918540,13187591,1916,9121.0,9207.0
2299,2024-03-18,9198.0,9592.0,9198.0,9524.0,288082172810,25910432,2968,9173.0,9575.0
2300,2024-03-24,9669.0,9884.0,9644.0,9781.0,434311968980,38036230,4134,9524.0,9884.0
2301,2024-03-25,9935.0,9986.0,9678.0,9789.0,322857716580,28235982,3865,9781.0,9704.0
2302,2024-03-26,9772.0,9772.0,9644.0,9687.0,191933305930,16976797,2557,9789.0,9644.0
2303,2024-03-27,9678.0,9764.0,9584.0,9661.0,177117313120,15705500,2504,9687.0,9661.0
2304,2024-03-30,9661.0,9721.0,9635.0,9669.0,127943323330,11333920,1906,9661.0,9704.0
2305,2024-04-02,9421.0,9712.0,9310.0,9558.0,279466824750,25031615,3188,9669.0,9661.0
2306,2024-04-03,9584.0,9712.0,9412.0,9541.0,228815033740,20533584,2921,9558.0,9575.0
2307,2024-04-06,9421.0,9609.0,9113.0,9370.0,645670581910,59004674,7027,9541.0,9378.0
2308,2024-04-07,9353.0,9541.0,9267.0,9378.0,192581227520,17586999,2607,9370.0,9455.0
2309,2024-04-08,9421.0,9738.0,9421.0,9618.0,307194598000,27352799,2866,9378.0,9704.0
2310,2024-04-09,9721.0,9781.0,9592.0,9687.0,200575100990,17741327,2519,9618.0,9687.0
2311,2024-04-13,9687.0,9687.0,9078.0,9224.0,558075101950,51799441,6022,9687.0,9096.0
2312,2024-04-14,9138.0,9138.0,9138.0,9138.0,114343614550,10716365,694,9224.0,9138.0
2313,2024-04-15,9078.0,9224.0,9078.0,9198.0,123324524960,11485541,916,9138.0,9224.0
2314,2024-04-16,9224.0,9224.0,9113.0,9138.0,381406683110,35739798,3289,9198.0,9190.0
2315,2024-04-17,9224.0,9224.0,9224.0,9224.0,110461007970,10256361,769,9138.0,9224.0
2316,2024-04-20,9798.0,9866.0,9430.0,9849.0,711409514640,61885042,4710,9224.0,9866.0
2317,2024-04-21,10158.0,10278.0,9978.0,10123.0,405798454330,34319294,4508,9849.0,10063.0
2318,2024-04-22,10123.0,10363.0,9978.0,10243.0,429001999860,35864979,3693,10123.0,10158.0
2319,2024-04-23,10106.0,10149.0,9995.0,10055.0,237406001780,20214588,2863,10243.0,10089.0
2320,2024-04-24,10021.0,10192.0,10021.0,10132.0,239512198200,20252277,2345,10055.0,10149.0
2321,2024-04-27,10149.0,10278.0,10081.0,10149.0,267647615750,22588860,2848,10132.0,10106.0
2322,2024-04-28,10132.0,10166.0,9901.0,9969.0,158735953870,13635417,2498,10149.0,9926.0
2323,2024-04-29,9892.0,10081.0,9866.0,9969.0,224363294960,19278220,2661,9969.0,9935.0
2324,2024-04-30,9943.0,10003.0,9687.0,9832.0,239378354410,20852280,3029,9969.0,9935.0
2325,2024-05-01,9978.0,9978.0,9764.0,9841.0,248993580510,21674630,2315,9832.0,9841.0
2326,2024-05-05,9926.0,9926.0,9635.0,9755.0,234956000270,20635348,2634,9841.0,9695.0
2327,2024-05-06,9738.0,9755.0,9515.0,9584.0,199031065940,17790543,2967,9755.0,9550.0
2328,2024-05-07,9584.0,9635.0,9404.0,9490.0,190777638280,17223369,2644,9584.0,9447.0
2329,2024-05-08,9481.0,9541.0,9293.0,9370.0,176030949600,16094451,2782,9490.0,9301.0
2330,2024-05-11,9344.0,9464.0,9233.0,9293.0,155056503640,14287116,2677,9370.0,9250.0
2331,2024-05-12,9293.0,9318.0,9061.0,9173.0,248401233690,23189787,3395,9293.0,9078.0
2332,2024-05-13,9216.0,9216.0,8856.0,8967.0,219569568900,20965422,3769,9173.0,8916.0
2333,2024-05-14,8967.0,9096.0,8881.0,9001.0,189432762860,18023913,2370,8967.0,8941.0
2334,2024-05-15,8950.0,9121.0,8830.0,9001.0,165449782530,15734929,2127,9001.0,9078.0
2335,2024-05-18,9173.0,9173.0,8779.0,8924.0,234860576580,22533765,3359,9001.0,8779.0
2336,2024-05-25,8753.0,8753.0,8753.0,8753.0,326301788960,31927768,1031,8924.0,8753.0
2337,2024-05-26,8582.0,8582.0,8582.0,8590.0,109959600240,10974012,664,8753.0,8582.0
2338,2024-05-27,8419.0,8419.0,8419.0,8419.0,134941059590,13727473,1039,8590.0,8419.0
2339,2024-05-28,8256.0,8582.0,8256.0,8445.0,716585343830,72655974,5330,8419.0,8582.0
2340,2024-05-29,8607.0,8607.0,8505.0,8607.0,125509120380,12489842,931,8445.0,8607.0
2341,2024-06-01,8779.0,8779.0,8436.0,8582.0,292011434060,29134040,3305,8607.0,8547.0
2342,2024-06-02,8436.0,8667.0,8410.0,8462.0,272840461470,27624879,2888,8582.0,8479.0
2343,2024-06-05,8419.0,8599.0,8299.0,8350.0,171957712570,17630187,2798,8462.0,8325.0
2344,2024-06-08,8222.0,8222.0,8188.0,8188.0,119900684350,12540069,1492,8350.0,8188.0
2345,2024-06-09,8128.0,8273.0,8025.0,8136.0,177148131190,18651783,2646,8188.0,8196.0
2346,2024-06-10,8299.0,8299.0,8299.0,8273.0,98497173630,10164827,672,8136.0,8299.0
2347,2024-06-11,8436.0,8436.0,8291.0,8393.0,242709777070,24775910,2187,8273.0,8308.0
2348,2024-06-12,8393.0,8453.0,8265.0,8342.0,171487183950,17611506,2245,8393.0,8393.0
2349,2024-06-15,8291.0,8393.0,8179.0,8256.0,84563165910,8806998,1542,8342.0,8179.0
2350,2024-06-16,8094.0,8094.0,8094.0,8179.0,52147008900,5518202,825,8256.0,8094.0
2351,2024-06-18,8016.0,8308.0,8016.0,8128.0,196321119670,20689335,2201,8179.0,8162.0
2352,2024-06-19,8222.0,8282.0,8111.0,8256.0,158286389100,16425608,1745,8128.0,8282.0
2353,2024-06-22,8308.0,8419.0,8205.0,8273.0,112371462660,11633412,1894,8256.0,8239.0
2354,2024-06-23,8359.0,8359.0,8179.0,8273.0,138078322670,14299470,1546,8273.0,8265.0
2355,2024-06-24,8419.0,8436.0,8333.0,8436.0,150682274170,15299898,668,8273.0,8436.0
2356,2024-06-26,8599.0,8599.0,8599.0,8599.0,144071730960,14349774,874,8436.0,8599.0
2357,2024-06-29,8607.0,8727.0,8462.0,8573.0,227069939160,22681697,2582,8599.0,8539.0
2358,2024-06-30,8556.0,8642.0,8248.0,8445.0,357505588210,36266233,3606,8573.0,8453.0
2359,2024-07-01,8513.0,8556.0,8376.0,8453.0,137128916130,13892374,1641,8445.0,8479.0
2360,2024-07-02,8479.0,8565.0,8402.0,8513.0,127594783880,12830512,1179,8453.0,8539.0
2361,2024-07-03,8556.0,8573.0,8496.0,8530.0,338042420190,33929729,2344,8513.0,8573.0
2362,2024-07-06,9036.0,9036.0,9036.0,9036.0,134047582600,12705932,544,8530.0,9036.0
2363,2024-07-07,9464.0,9464.0,9010.0,9190.0,534558724740,49824895,3383,9036.0,9078.0
2364,2024-07-08,8924.0,9250.0,8924.0,9078.0,434056343330,40957664,4351,9190.0,9104.0
2365,2024-07-09,8993.0,9096.0,8924.0,9019.0,236370836830,22454547,2438,9078.0,8976.0
2366,2024-07-10,8984.0,9019.0,8856.0,8950.0,437247164410,41835939,3661,9019.0,9010.0
2367,2024-07-20,8860.0,8940.0,8580.0,8710.0,370035948460,42508209,4558,8950.0,8650.0
2368,2024-07-21,8600.0,8600.0,8300.0,8400.0,359674872920,42823009,4094,8710.0,8350.0
2369,2024-07-22,8180.0,8460.0,8180.0,8350.0,250511669390,29987840,4301,8400.0,8450.0
2370,2024-07-23,8610.0,8720.0,8350.0,8540.0,179783586130,21042269,2790,8350.0,8350.0
2371,2024-07-24,8550.0,8740.0,8380.0,8550.0,139528739660,16318892,4106,8540.0,8590.0
2372,2024-07-27,8590.0,8610.0,8400.0,8480.0,159138518400,18770904,3999,8550.0,8440.0
2373,2024-07-29,8520.0,8530.0,8200.0,8300.0,165499191830,19948297,2934,8480.0,8230.0
2374,2024-07-30,8320.0,8400.0,8120.0,8210.0,171466892280,20880084,2619,8300.0,8250.0
2375,2024-07-31,8090.0,8090.0,7760.0,7840.0,291884214630,37237919,3521,8210.0,7920.0
2376,2024-08-03,7720.0,7720.0,7370.0,7410.0,197477077260,26659636,3639,7840.0,7370.0
2377,2024-08-04,7340.0,7480.0,7340.0,7410.0,138350490230,18664098,2184,7410.0,7460.0
2378,2024-08-05,7410.0,7480.0,7340.0,7370.0,232059860750,31475777,3028,7410.0,7360.0
2379,2024-08-06,7370.0,7410.0,7310.0,7340.0,167196136530,22774598,1702,7370.0,7320.0
2380,2024-08-10,7340.0,7390.0,7270.0,7310.0,114220925530,15633244,1901,7340.0,7290.0
2381,2024-08-11,7260.0,7370.0,7240.0,7280.0,122469057990,16820306,1940,7310.0,7330.0
2382,2024-08-12,7300.0,7310.0,7210.0,7230.0,94331719730,13063486,1466,7280.0,7210.0
2383,2024-08-13,7160.0,7180.0,7160.0,7200.0,52859570500,7382562,584,7230.0,7160.0
2384,2024-08-14,7160.0,7270.0,7160.0,7260.0,125821439280,17324486,884,7200.0,7270.0
2385,2024-08-17,7400.0,7400.0,7400.0,7300.0,35497163600,4796914,354,7260.0,7400.0
2386,2024-08-18,7440.0,7440.0,7440.0,7360.0,53439905520,7182783,313,7300.0,7440.0
2387,2024-08-19,7500.0,7500.0,7340.0,7480.0,204519206540,27324977,1543,7360.0,7450.0
2388,2024-08-20,7470.0,7550.0,7340.0,7440.0,69791607890,9418798,1233,7480.0,7420.0
2389,2024-08-21,7420.0,7570.0,7390.0,7460.0,70409264270,9429063,1173,7440.0,7540.0
2390,2024-08-24,7570.0,7600.0,7540.0,7580.0,104611404400,13769742,883,7460.0,7600.0
2391,2024-08-26,7730.0,7730.0,7610.0,7710.0,142457460560,18468312,1640,7580.0,7670.0
2392,2024-08-27,7800.0,7860.0,7700.0,7820.0,117933992100,15058019,1363,7710.0,7860.0
2393,2024-08-28,7960.0,7970.0,7950.0,7880.0,54988086870,6900764,554,7820.0,7970.0
2394,2024-08-31,8030.0,8030.0,8030.0,7910.0,26070366630,3246621,322,7880.0,8030.0
2395,2024-09-01,8060.0,8060.0,8060.0,8060.0,135554683940,16818199,658,7910.0,8060.0
2396,2024-09-03,8210.0,8220.0,8130.0,8210.0,285289719860,34748942,2252,8060.0,8220.0
2397,2024-09-07,8360.0,8360.0,8060.0,8190.0,230748646010,28176031,2356,8210.0,8080.0
2398,2024-09-08,8190.0,8220.0,7950.0,8040.0,157717156880,19623316,3034,8190.0,8100.0
2399,2024-09-09,8190.0,8280.0,8050.0,8230.0,254051864180,30857454,1649,8040.0,8240.0
2400,2024-09-10,8240.0,8320.0,8100.0,8150.0,172917859480,21204313,1939,8230.0,8120.0
2401,2024-09-11,8150.0,8150.0,7940.0,8010.0,269139983510,33581013,3451,8150.0,7970.0
2402,2024-09-14,8100.0,8100.0,7770.0,7850.0,291707498290,37167283,3078,8010.0,7770.0
2403,2024-09-15,7760.0,7860.0,7620.0,7690.0,280227604480,36435373,2856,7850.0,7650.0
2404,2024-09-16,7690.0,7790.0,7580.0,7710.0,91328317480,11835698,1325,7690.0,7700.0
2405,2024-09-17,7720.0,7940.0,7720.0,7860.0,137251786560,17455261,1272,7710.0,7920.0
2406,2024-09-18,7900.0,8010.0,7830.0,7870.0,149980356170,19048823,1553,7860.0,7840.0
2407,2024-09-22,7830.0,7960.0,7830.0,7880.0,107161161810,13592673,1293,7870.0,7870.0
2408,2024-09-23,7920.0,8030.0,7830.0,7970.0,102376942030,12827480,1287,7880.0,8020.0
2409,2024-09-24,8000.0,8200.0,7960.0,8180.0,310269713930,37948273,2437,7970.0,8180.0
2410,2024-09-25,8250.0,8250.0,8000.0,8110.0,223782226460,27598140,2359,8180.0,8060.0
2411,2024-09-28,8030.0,8030.0,8030.0,8100.0,7921426370,986479,177,8110.0,8030.0
2412,2024-09-29,8020.0,8020.0,8020.0,8020.0,173994830320,21695116,658,8100.0,8020.0
2413,2024-09-30,7940.0,7990.0,7940.0,7940.0,322711295340,40639036,1539,8020.0,7940.0
2414,2024-10-01,7870.0,7870.0,7870.0,7920.0,40436752560,5138088,357,7940.0,7870.0
2415,2024-10-02,7850.0,7850.0,7850.0,7890.0,52132792000,6641120,300,7920.0,7850.0
2416,2024-10-05,7820.0,7820.0,7820.0,7890.0,5349834040,684122,189,7890.0,7820.0
2417,2024-10-06,7820.0,7820.0,7820.0,7890.0,3854016620,492841,94,7890.0,7820.0
2418,2024-10-07,7820.0,7820.0,7820.0,7850.0,62927977920,8047056,330,7890.0,7820.0
2419,2024-10-08,7780.0,7800.0,7780.0,7780.0,428201783030,55035585,2066,7850.0,7780.0
2420,2024-10-09,7710.0,7710.0,7710.0,7710.0,120265784250,15598675,1137,7780.0,7710.0
2421,2024-10-12,7660.0,7780.0,7500.0,7620.0,224922486620,29529647,2886,7710.0,7710.0
2422,2024-10-13,7710.0,7710.0,7400.0,7440.0,312292556750,41979891,2786,7620.0,7400.0
2423,2024-10-14,7250.0,7390.0,7220.0,7270.0,89639303200,12397177,1230,7440.0,7220.0
2424,2024-10-15,7060.0,7060.0,7060.0,7180.0,49278192840,6979914,775,7270.0,7060.0
2425,2024-10-16,6970.0,7050.0,6970.0,6980.0,283082208470,40568131,3245,7180.0,6970.0
2426,2024-10-19,6790.0,6970.0,6780.0,6870.0,64650424620,9529755,1060,6980.0,6780.0
2427,2024-10-20,6670.0,6670.0,6670.0,6830.0,20569699710,3083913,495,6870.0,6670.0
2428,2024-10-21,6630.0,6630.0,6630.0,6760.0,39362310000,5937000,863,6830.0,6630.0
2429,2024-10-22,6560.0,6560.0,6560.0,6720.0,21761100960,3317241,485,6760.0,6560.0
2430,2024-10-23,6520.0,6520.0,6520.0,6700.0,12755812760,1956413,375,6720.0,6520.0
2431,2024-10-26,6520.0,6900.0,6520.0,6800.0,631222559520,92854794,2637,6700.0,6900.0
2432,2024-10-27,7000.0,7000.0,7000.0,7000.0,200620035000,28660005,760,6800.0,7000.0
2433,2024-10-28,7210.0,7210.0,6890.0,7080.0,647762813910,91491043,5355,7000.0,6960.0
2434,2024-10-29,6870.0,6900.0,6870.0,6990.0,54060538920,7868891,851,7080.0,6870.0
2435,2024-10-30,6790.0,6980.0,6790.0,6810.0,592407221430,86958579,4529,6990.0,6810.0
2436,2024-11-02,6650.0,6880.0,6610.0,6700.0,174876380290,26107877,2345,6810.0,6610.0
2437,2024-11-03,6500.0,6500.0,6500.0,6670.0,17069858000,2626132,414,6700.0,6500.0
2438,2024-11-04,6470.0,6470.0,6470.0,6470.0,211812757250,32737675,1003,6670.0,6470.0
2439,2024-11-05,6310.0,6500.0,6280.0,6300.0,462156029670,73335016,4634,6470.0,6300.0
2440,2024-11-06,6160.0,6480.0,6120.0,6240.0,286416233420,45891267,3492,6300.0,6300.0
2441,2024-11-09,6390.0,6420.0,6310.0,6420.0,343165899110,53456900,1369,6240.0,6420.0
2442,2024-11-10,6610.0,6610.0,6610.0,6610.0,177948794890,26921149,719,6420.0,6610.0
2443,2024-11-11,6800.0,6800.0,6550.0,6720.0,754699121260,112240981,5790,6610.0,6620.0
2444,2024-11-12,6580.0,6790.0,6520.0,6670.0,388780626340,58321359,3850,6720.0,6620.0
2445,2024-11-13,6640.0,6870.0,6510.0,6840.0,781443335650,114199023,4676,6670.0,6870.0
2446,2024-11-16,7040.0,7040.0,7010.0,7040.0,272431028870,38698094,1296,6840.0,7040.0
2447,2024-11-17,7250.0,7250.0,7060.0,7200.0,992485313950,137880474,6085,7040.0,7190.0
2448,2024-11-18,7250.0,7410.0,7200.0,7400.0,587554120720,79386400,3084,7200.0,7410.0
2449,2024-11-19,7590.0,7620.0,7180.0,7420.0,812922178630,109499996,7236,7400.0,7210.0
2450,2024-11-20,7200.0,7300.0,7200.0,7210.0,610180458770,84578683,4193,7420.0,7230.0
2451,2024-11-23,7030.0,7340.0,7030.0,7200.0,421100039420,58472461,4136,7210.0,7160.0
2452,2024-11-24,7200.0,7410.0,7200.0,7390.0,674140125840,91273095,3655,7200.0,7410.0
2453,2024-11-25,7590.0,7610.0,7500.0,7600.0,559484271970,73614515,2708,7390.0,7610.0
2454,2024-11-26,7810.0,7820.0,7420.0,7670.0,1154118868590,150373796,7806,7600.0,7470.0
2455,2024-11-27,7500.0,7760.0,7440.0,7560.0,716826064060,94874077,6020,7670.0,7610.0
2456,2024-11-30,7610.0,7700.0,7340.0,7430.0,623085920930,83863402,5120,7560.0,7340.0
2457,2024-12-01,7230.0,7370.0,7210.0,7240.0,601809095340,83129740,4198,7430.0,7220.0
2458,2024-12-02,7370.0,7450.0,7340.0,7440.0,321341129430,43164702,1633,7240.0,7450.0
2459,2024-12-03,7660.0,7660.0,7460.0,7630.0,984192944950,129002824,6100,7440.0,7570.0
2460,2024-12-04,7600.0,7750.0,7450.0,7670.0,714748148420,93208810,5148,7630.0,7700.0
2461,2024-12-07,7610.0,7610.0,7440.0,7460.0,389346658780,52161085,2637,7670.0,7440.0
2462,2024-12-08,7260.0,7480.0,7240.0,7300.0,764308567030,104709709,5943,7460.0,7470.0
2463,2024-12-09,7510.0,7510.0,7510.0,7510.0,311992007930,41543543,1057,7300.0,7510.0
2464,2024-12-10,7730.0,7730.0,7680.0,7730.0,1533093339810,198338345,4003,7510.0,7730.0
2465,2024-12-11,7960.0,7960.0,7960.0,7960.0,460613543080,57866023,1592,7730.0,7960.0
2466,2024-12-14,8190.0,8190.0,8190.0,8190.0,123484127130,15077427,694,7960.0,8190.0
2467,2024-12-15,8430.0,8430.0,8430.0,8430.0,129831104400,15401080,783,8190.0,8430.0
2468,2024-12-16,8680.0,8680.0,8680.0,8680.0,145776103760,16794482,1006,8430.0,8680.0
2469,2024-12-17,8940.0,8940.0,8640.0,8890.0,5080101935130,571379780,15444,8680.0,8850.0
2470,2024-12-18,8890.0,9150.0,8820.0,9100.0,2098907592580,230586048,6677,8890.0,9150.0
2471,2024-12-21,9370.0,9370.0,9370.0,9370.0,232668559510,24831223,811,9100.0,9370.0
2472,2024-12-22,9650.0,9650.0,9650.0,9650.0,747046200100,77414114,1714,9370.0,9650.0
2473,2024-12-23,9930.0,9930.0,9930.0,9930.0,579040285020,58312214,1453,9650.0,9930.0
2474,2024-12-24,10220.0,10220.0,10220.0,10220.0,659380030680,64518594,1427,9930.0,10220.0
2475,2024-12-25,10520.0,10520.0,10520.0,10520.0,2305948368760,219196613,4086,10220.0,10520.0
2476,2024-12-28,10830.0,10830.0,10210.0,10570.0,5504909221280,520671206,20153,10520.0,10310.0
2477,2024-12-29,10400.0,10440.0,10260.0,10270.0,2042814844130,198879563,6986,10570.0,10260.0
2478,2024-12-30,9970.0,10430.0,9970.0,10090.0,2072273024370,205340703,9063,10270.0,10070.0
2479,2024-12-31,10250.0,10390.0,10250.0,10380.0,1656369993990,159532325,6443,10090.0,10390.0
2480,2025-01-01,10600.0,10690.0,10500.0,10680.0,1083229016130,101469755,5769,10380.0,10690.0
2481,2025-01-04,11000.0,11000.0,11000.0,11000.0,983170298000,89379118,1918,10680.0,11000.0
2482,2025-01-05,11330.0,11330.0,11090.0,11300.0,3466877489310,306762756,13916,11000.0,11250.0
2483,2025-01-06,11250.0,11310.0,10970.0,11070.0,1319976136130,119252604,7826,11300.0,11200.0
2484,2025-01-07,11240.0,11400.0,10980.0,11310.0,1849248245900,163545037,8827,11070.0,11400.0
2485,2025-01-08,11380.0,11390.0,11020.0,11150.0,1317860976610,118229229,9633,11310.0,11060.0
2486,2025-01-11,11060.0,11060.0,10820.0,10850.0,357410480820,32934395,3135,11150.0,10820.0
2487,2025-01-12,10530.0,10530.0,10530.0,10610.0,84956018940,8067998,941,10850.0,10530.0
2488,2025-01-13,10300.0,10480.0,10300.0,10320.0,2731932985920,264684312,14558,10610.0,10300.0
2489,2025-01-18,10020.0,10020.0,10020.0,10210.0,44011497300,4392365,623,10320.0,10020.0
2490,2025-01-19,9910.0,10200.0,9910.0,9940.0,1526570734620,153523006,8833,10210.0,9910.0
2491,2025-01-20,9810.0,10120.0,9650.0,9690.0,1136542960040,117337568,5989,9940.0,9650.0
2492,2025-01-21,9500.0,9750.0,9400.0,9510.0,561662512240,59034689,6119,9690.0,9690.0
2493,2025-01-22,9790.0,9790.0,9770.0,9790.0,652935409520,66700174,3164,9510.0,9790.0
2494,2025-01-27,9500.0,9500.0,9500.0,9500.0,121091037500,12746425,739,9790.0,9500.0
2495,2025-01-29,9220.0,9460.0,9220.0,9270.0,696383587180,75159293,6931,9500.0,9220.0
2496,2025-02-01,9110.0,9250.0,9000.0,9010.0,663565730840,73673201,5007,9270.0,9030.0
2497,2025-02-02,9050.0,9200.0,8980.0,9060.0,433156453290,47787538,4289,9010.0,8980.0
2498,2025-02-03,9130.0,9330.0,8980.0,9110.0,493358596820,54133208,3320,9060.0,9270.0
2499,2025-02-04,9270.0,9380.0,9210.0,9380.0,708045728380,75504045,2365,9110.0,9380.0
2500,2025-02-05,9490.0,9660.0,9170.0,9600.0,1211449105110,126146691,4172,9380.0,9660.0
2501,2025-02-09,9780.0,9880.0,9670.0,9850.0,1680079280250,170506592,5692,9600.0,9830.0
2502,2025-02-11,9910.0,10140.0,9580.0,10000.0,1639117460480,163982241,8292,9850.0,9940.0
2503,2025-02-15,9720.0,9860.0,9700.0,9700.0,412177010520,42486207,1086,10000.0,9700.0
2504,2025-02-16,9410.0,9550.0,9410.0,9410.0,1487693963920,158018411,5345,9700.0,9500.0
2505,2025-02-17,9600.0,9690.0,9360.0,9590.0,490431469450,51155527,3582,9410.0,9390.0
2506,2025-02-18,9370.0,9800.0,9360.0,9620.0,440431467460,45784728,3152,9590.0,9700.0
2507,2025-02-19,9660.0,9760.0,9420.0,9550.0,504297344870,52782679,3919,9620.0,9630.0
2508,2025-02-22,9540.0,9550.0,9270.0,9300.0,719530638780,77387563,4317,9550.0,9270.0
2509,2025-02-23,9260.0,9570.0,9210.0,9490.0,660459939520,69578433,4013,9300.0,9510.0
2510,2025-02-24,9700.0,9770.0,9550.0,9770.0,504724169550,51681581,1304,9490.0,9770.0
2511,2025-02-25,10060.0,10060.0,9780.0,10030.0,1363849599050,135997938,5504,9770.0,9910.0
2512,2025-02-26,9830.0,10210.0,9760.0,10000.0,703781614290,70358221,4575,10030.0,9900.0
2513,2025-03-01,9800.0,10090.0,9710.0,9900.0,458106552800,46270096,4445,10000.0,9800.0
2514,2025-03-02,9900.0,10190.0,9710.0,10080.0,972156551460,96487599,4941,9900.0,10190.0
2515,2025-03-03,9780.0,9900.0,9780.0,9780.0,1174697796280,120096721,4770,10080.0,9780.0
2516,2025-03-04,9800.0,10070.0,9740.0,9970.0,908802953380,91118604,5636,9780.0,9810.0
2517,2025-03-05,9810.0,10050.0,9680.0,9840.0,474843819020,48250947,3898,9970.0,9890.0
2518,2025-03-08,9580.0,9830.0,9550.0,9570.0,520513687960,54412623,2921,9840.0,9550.0
2519,2025-03-09,9290.0,9550.0,9290.0,9310.0,909743076980,97765138,4889,9570.0,9440.0
2520,2025-03-10,9330.0,9550.0,9130.0,9240.0,336071716270,36360063,3520,9310.0,9160.0
2521,2025-03-11,9120.0,9240.0,8970.0,8980.0,380387422070,42358646,2608,9240.0,8970.0
2522,2025-03-12,8750.0,9220.0,8740.0,9040.0,408828159750,45214346,2778,8980.0,9150.0
2523,2025-03-15,9260.0,9310.0,9260.0,9310.0,470394392330,50527523,1711,9040.0,9310.0
2524,2025-03-16,9500.0,9540.0,9340.0,9430.0,307990807300,32668929,2335,9310.0,9400.0
2525,2025-03-17,9430.0,9500.0,9150.0,9280.0,285886385110,30800775,2586,9430.0,9150.0
2526,2025-03-18,9010.0,9290.0,9010.0,9060.0,613449548060,67679552,3160,9280.0,9280.0
2527,2025-03-25,9330.0,9330.0,9200.0,9330.0,170536449330,18278881,779,9060.0,9330.0
2528,2025-03-26,9570.0,9580.0,9330.0,9460.0,183588250140,19414608,2150,9330.0,9380.0
2529,2025-03-29,9410.0,9440.0,9180.0,9320.0,207338560200,22252420,2323,9460.0,9260.0
2530,2025-03-30,9380.0,9550.0,9250.0,9430.0,274317239620,29098708,2365,9320.0,9540.0
2531,2025-04-05,9150.0,9410.0,9150.0,9160.0,434571644760,47435490,3146,9430.0,9150.0
2532,2025-04-06,8950.0,9130.0,8890.0,8910.0,281698328730,31610692,2732,9160.0,8890.0
2533,2025-04-07,8700.0,8890.0,8650.0,8670.0,394648384380,45518136,3502,8910.0,8650.0
2534,2025-04-08,8930.0,8930.0,8930.0,8930.0,142548143340,15962838,594,8670.0,8930.0
2535,2025-04-09,9140.0,9140.0,8670.0,8800.0,434356050540,49361556,3859,8930.0,8680.0
2536,2025-04-12,8670.0,8850.0,8560.0,8690.0,266335104120,30638896,2664,8800.0,8650.0
2537,2025-04-13,8950.0,8950.0,8950.0,8950.0,232357116550,25961689,865,8690.0,8950.0
2538,2025-04-14,9210.0,9210.0,9060.0,9200.0,890339957640,96746042,4240,8950.0,9210.0
2539,2025-04-15,9290.0,9290.0,8930.0,9000.0,471573870780,52394854,3371,9200.0,8950.0
2540,2025-04-16,8930.0,9270.0,8830.0,9070.0,408619648760,45037591,2950,9000.0,9090.0
2541,2025-04-19,9260.0,9340.0,9150.0,9330.0,544752468260,58363866,2121,9070.0,9340.0
2542,2025-04-20,9600.0,9600.0,9600.0,9600.0,392809027200,40917607,806,9330.0,9600.0
2543,2025-04-21,9880.0,9880.0,9590.0,9840.0,1469941583900,149446479,5455,9600.0,9740.0
2544,2025-04-22,9870.0,10130.0,9620.0,10070.0,1170924857230,116323789,3771,9840.0,10130.0
2545,2025-04-23,10370.0,10370.0,10370.0,10370.0,1224356241800,118067140,2163,10070.0,10370.0
2546,2025-04-26,10680.0,10680.0,10400.0,10660.0,4157204166210,389914100,10990,10370.0,10680.0
2547,2025-04-27,10350.0,10970.0,10350.0,10700.0,3216275862290,300619232,11104,10660.0,10820.0
2548,2025-04-28,11020.0,11020.0,10770.0,10950.0,1388902942750,126893368,6192,10700.0,10800.0
2549,2025-04-29,10680.0,10770.0,10630.0,10640.0,2046450525600,192325000,6847,10950.0,10630.0
2550,2025-04-30,10450.0,10800.0,10410.0,10650.0,1112554265840,104427548,6682,10640.0,10690.0
2551,2025-05-03,10340.0,10340.0,10340.0,10340.0,897314743820,86780923,2111,10650.0,10340.0
2552,2025-05-04,10030.0,10200.0,10030.0,10040.0,1408306296970,140259373,6733,10340.0,10100.0
2553,2025-05-05,10030.0,10240.0,9810.0,9990.0,657356623120,65781928,5076,10040.0,9870.0
2554,2025-05-06,9950.0,10280.0,9750.0,10140.0,1233584075920,121680402,5248,9990.0,10280.0
2555,2025-05-07,10440.0,10440.0,10290.0,10420.0,865813172100,83058422,4236,10140.0,10440.0
2556,2025-05-10,10300.0,10300.0,10110.0,10120.0,532390644260,52591375,2729,10420.0,10120.0
2557,2025-05-11,10110.0,10420.0,10110.0,10350.0,1600642316720,154620509,5791,10120.0,10290.0
2558,2025-05-12,10660.0,10660.0,10660.0,10660.0,999409442460,93753231,1594,10350.0,10660.0
2559,2025-05-13,10970.0,10970.0,10700.0,10930.0,1923982188690,176086545,7020,10660.0,10970.0
2560,2025-05-14,10870.0,10870.0,10610.0,10670.0,1273800621690,119396780,7430,10930.0,10620.0
2561,2025-05-17,10610.0,10750.0,10350.0,10400.0,975688569110,93825964,6330,10670.0,10380.0
2562,2025-05-18,10470.0,10710.0,10210.0,10530.0,1089900868150,103510520,4523,10400.0,10710.0
2563,2025-05-19,10600.0,10740.0,10320.0,10520.0,710074904150,67489663,4331,10530.0,10420.0
2564,2025-05-20,10830.0,10830.0,10340.0,10660.0,1884916547970,176766416,6717,10520.0,10410.0
2565,2025-05-21,10380.0,10640.0,10360.0,10500.0,738123578200,70311708,3615,10660.0,10580.0
2566,2025-05-24,10720.0,10800.0,10500.0,10700.0,436214696250,40758948,2842,10500.0,10710.0
2567,2025-05-25,10740.0,10740.0,10380.0,10410.0,484669319960,46553301,3256,10700.0,10490.0
2568,2025-05-26,10590.0,10690.0,10420.0,10570.0,296470143250,28035721,2234,10410.0,10660.0
2569,2025-05-27,10880.0,10880.0,10620.0,10810.0,313088454790,28963771,2574,10570.0,10770.0
2570,2025-05-28,10820.0,10850.0,10650.0,10760.0,390028513030,36259985,2697,10810.0,10740.0
2571,2025-05-31,10880.0,10900.0,10590.0,10730.0,536019005790,49945959,3116,10760.0,10650.0
2572,2025-06-01,10730.0,10740.0,10470.0,10590.0,481821092710,45503467,2762,10730.0,10630.0
2573,2025-06-02,10590.0,10900.0,10590.0,10880.0,891450777290,81939306,3562,10590.0,10900.0
2574,2025-06-03,10880.0,11040.0,10760.0,10860.0,488035025430,44944981,2647,10880.0,10780.0
2575,2025-06-07,10720.0,10860.0,10540.0,10660.0,824851815930,77379357,3919,10860.0,10560.0
2576,2025-06-10,10550.0,10890.0,10410.0,10640.0,169437412590,15922009,1344,10660.0,10780.0
2577,2025-06-11,10920.0,10920.0,10620.0,10710.0,202934354350,18954727,2180,10640.0,10660.0
2578,2025-06-28,10390.0,10390.0,10390.0,10540.0,62174778220,5984098,243,10710.0,10390.0
2579,2025-06-29,10230.0,10230.0,10230.0,10230.0,192252287700,18792990,427,10540.0,10230.0
2580,2025-06-30,9930.0,9930.0,9930.0,9950.0,102466190430,10318851,253,10230.0,9930.0
2581,2025-07-01,9660.0,9660.0,9660.0,9660.0,137273777760,14210536,346,9950.0,9660.0
2582,2025-07-02,9380.0,9860.0,9380.0,9440.0,4247986016060,449962929,13519,9660.0,9700.0
2583,2025-07-07,9700.0,9710.0,9310.0,9430.0,420814829800,44618874,2672,9440.0,9330.0
2584,2025-07-08,9170.0,9250.0,9150.0,9160.0,166342749490,18165254,1113,9430.0,9150.0
2585,2025-07-09,8910.0,9240.0,8910.0,9090.0,593128765500,65271607,2519,9160.0,9190.0
2586,2025-07-12,9360.0,9360.0,9110.0,9260.0,627882137150,67785399,2534,9090.0,9250.0
