,date,open,high,low,adjClose,value,volume,count,yesterday,close
0,2001-03-26,19.0,19.0,19.0,19.0,15000000,500,1,0.0,19.0
1,2001-03-31,19.0,19.0,18.0,18.0,65499400,2200,14,19.0,18.0
2,2001-04-03,18.0,18.0,18.0,18.0,61991504,2096,5,18.0,18.0
3,2001-04-07,18.0,18.0,18.0,18.0,54245400,1862,6,18.0,18.0
4,2001-04-08,18.0,18.0,18.0,18.0,39092000,1348,6,18.0,18.0
5,2001-04-09,18.0,18.0,18.0,18.0,18502638,638,2,18.0,18.0
6,2001-04-10,18.0,18.0,18.0,18.0,29002000,1000,2,18.0,18.0
7,2001-04-11,18.0,18.0,18.0,18.0,44250000,1500,4,18.0,18.0
8,2001-04-15,19.0,19.0,19.0,19.0,63750000,2125,1,18.0,19.0
9,2001-04-16,19.0,19.0,19.0,19.0,76000000,2500,1,19.0,19.0
10,2001-04-21,19.0,19.0,19.0,19.0,31201500,1000,2,19.0,19.0
11,2001-04-22,19.0,20.0,19.0,20.0,66090900,2100,7,19.0,20.0
12,2001-04-24,20.0,20.0,20.0,20.0,31820000,1000,1,20.0,20.0
13,2001-04-28,20.0,20.0,20.0,20.0,200281842,6200,6,20.0,20.0
14,2001-04-29,20.0,20.0,20.0,20.0,212972926,6532,7,20.0,20.0
15,2001-04-30,20.0,20.0,20.0,20.0,41635000,1300,5,20.0,20.0
16,2001-05-01,20.0,20.0,20.0,20.0,69412300,2207,5,20.0,20.0
17,2001-05-02,20.0,20.0,20.0,20.0,40808931,1300,4,20.0,20.0
18,2001-05-05,20.0,20.0,20.0,20.0,152362600,4819,8,20.0,20.0
19,2001-05-06,20.0,20.0,20.0,20.0,90108880,2823,11,20.0,20.0
20,2001-05-08,20.0,20.0,20.0,20.0,68785450,2150,5,20.0,20.0
21,2001-05-13,20.0,20.0,20.0,20.0,31500000,1000,2,20.0,20.0
22,2001-05-15,20.0,20.0,20.0,20.0,117285714,3690,14,20.0,20.0
23,2001-05-19,20.0,20.0,20.0,20.0,7875000,250,2,20.0,20.0
24,2001-05-20,20.0,20.0,20.0,20.0,16947000,538,3,20.0,20.0
25,2001-05-21,20.0,20.0,19.0,20.0,218247000,6936,7,20.0,20.0
26,2001-05-27,20.0,20.0,20.0,20.0,159950000,5000,1,20.0,20.0
27,2001-05-29,20.0,20.0,20.0,20.0,2495220,78,1,20.0,20.0
28,2001-06-03,20.0,20.0,20.0,20.0,79633900,2513,8,20.0,20.0
29,2001-06-11,20.0,20.0,20.0,20.0,4463060,140,1,20.0,20.0
30,2001-06-23,20.0,20.0,20.0,20.0,35119480,1115,3,20.0,20.0
31,2001-08-01,20.0,20.0,20.0,20.0,39438000,1252,6,20.0,20.0
32,2001-08-05,20.0,20.0,20.0,20.0,72009000,2286,3,20.0,20.0
33,2001-08-06,20.0,20.0,20.0,20.0,2457000,78,1,20.0,20.0
34,2001-08-07,20.0,20.0,20.0,20.0,18206216,578,4,20.0,20.0
35,2001-08-08,20.0,20.0,20.0,20.0,3150000,100,1,20.0,20.0
36,2001-08-20,20.0,20.0,20.0,20.0,58086300,1850,2,20.0,20.0
37,2001-08-21,20.0,20.0,20.0,20.0,33909840,1080,3,20.0,20.0
38,2001-08-22,20.0,20.0,20.0,20.0,5337660,170,2,20.0,20.0
39,2001-08-25,20.0,20.0,20.0,20.0,56926387,1813,5,20.0,20.0
40,2001-08-26,20.0,20.0,20.0,20.0,31399509,1000,5,20.0,20.0
41,2001-08-28,20.0,20.0,20.0,20.0,45842540,1460,3,20.0,20.0
42,2001-08-29,20.0,20.0,20.0,20.0,18212000,580,1,20.0,20.0
43,2001-09-02,20.0,20.0,20.0,20.0,82265940,2620,5,20.0,20.0
44,2001-09-05,20.0,20.0,20.0,20.0,118245140,3766,6,20.0,20.0
45,2001-09-19,20.0,20.0,20.0,20.0,4458586,142,2,20.0,20.0
46,2001-09-26,20.0,20.0,20.0,20.0,121536700,3824,11,20.0,20.0
47,2001-09-29,20.0,20.0,20.0,20.0,15744000,492,4,20.0,20.0
48,2001-09-30,20.0,20.0,20.0,20.0,9600000,300,2,20.0,20.0
49,2001-10-07,20.0,20.0,20.0,20.0,13120072,410,4,20.0,20.0
50,2001-10-08,20.0,20.0,20.0,20.0,32000000,1000,2,20.0,20.0
51,2001-10-13,20.0,20.0,20.0,20.0,699348288,21856,3,20.0,20.0
52,2001-10-16,20.0,20.0,20.0,20.0,18044980,564,3,20.0,20.0
53,2001-10-17,20.0,20.0,20.0,20.0,6494985,203,1,20.0,20.0
54,2001-10-24,20.0,20.0,20.0,20.0,98640585,3083,4,20.0,20.0
55,2001-10-29,20.0,20.0,20.0,20.0,11038275,345,2,20.0,20.0
56,2001-10-30,20.0,20.0,20.0,20.0,73588500,2300,1,20.0,20.0
57,2001-10-31,20.0,20.0,20.0,20.0,98396000,3000,5,20.0,20.0
58,2001-11-03,20.0,20.0,20.0,20.0,82002500,2500,5,20.0,20.0
59,2001-11-04,20.0,20.0,20.0,20.0,65602500,2000,2,20.0,20.0
60,2001-11-05,20.0,20.0,20.0,20.0,16072490,490,2,20.0,20.0
61,2001-11-11,20.0,20.0,20.0,20.0,6560200,200,1,20.0,20.0
62,2001-11-14,21.0,21.0,21.0,21.0,92680800,2810,6,20.0,21.0
63,2001-11-17,21.0,21.0,21.0,21.0,16500000,500,1,21.0,21.0
64,2001-11-24,21.0,21.0,21.0,21.0,60225000,1825,3,21.0,21.0
65,2001-11-26,21.0,21.0,21.0,21.0,74250000,2250,9,21.0,21.0
66,2001-12-04,21.0,21.0,21.0,21.0,17655000,535,2,21.0,21.0
67,2001-12-30,21.0,21.0,21.0,21.0,4258095,129,5,21.0,21.0
68,2002-06-12,8.0,8.0,8.0,8.0,20062500,1565,3,21.0,8.0
69,2002-06-15,8.0,8.0,8.0,8.0,15329600,1225,3,8.0,8.0
70,2002-06-23,8.0,8.0,8.0,8.0,82398500,6500,5,8.0,8.0
71,2002-06-24,8.0,8.0,8.0,8.0,25410000,2000,2,8.0,8.0
72,2002-06-25,8.0,8.0,8.0,8.0,7216050,565,2,8.0,8.0
73,2002-06-26,8.0,8.0,8.0,8.0,12771500,1000,2,8.0,8.0
74,2002-06-29,8.0,8.0,8.0,8.0,297481350,22914,28,8.0,8.0
75,2002-06-30,8.0,8.0,8.0,8.0,51146000,4000,2,8.0,8.0
76,2002-07-01,8.0,8.0,8.0,8.0,51146100,4000,2,8.0,8.0
77,2002-07-02,8.0,8.0,8.0,8.0,19317280,1510,3,8.0,8.0
78,2002-07-03,8.0,8.0,8.0,8.0,76767224,6000,13,8.0,8.0
79,2002-07-06,8.0,8.0,8.0,8.0,4669445,365,4,8.0,8.0
80,2002-07-07,8.0,8.0,8.0,8.0,49191404,3845,6,8.0,8.0
81,2002-07-09,8.0,8.0,8.0,8.0,946756,74,1,8.0,8.0
82,2002-07-16,8.0,8.0,8.0,8.0,47206450,3515,2,8.0,8.0
83,2002-07-17,8.0,8.0,8.0,8.0,122680522,9582,8,8.0,8.0
84,2002-07-21,8.0,8.0,8.0,8.0,74472576,5750,3,8.0,8.0
85,2002-07-22,8.0,8.0,8.0,8.0,90372000,6920,6,8.0,8.0
86,2002-07-23,8.0,8.0,8.0,8.0,26502000,2000,1,8.0,8.0
87,2002-07-24,8.0,8.0,8.0,8.0,99958000,7544,2,8.0,8.0
88,2002-08-03,8.0,8.0,8.0,8.0,27679250,2089,2,8.0,8.0
89,2002-08-06,8.0,8.0,8.0,8.0,6973514,536,3,8.0,8.0
90,2002-08-28,9.0,9.0,9.0,9.0,13659000,1000,4,8.0,9.0
91,2002-09-04,9.0,9.0,9.0,9.0,34151200,2500,2,9.0,9.0
92,2002-09-07,9.0,9.0,9.0,9.0,1366000,100,1,9.0,9.0
93,2002-09-18,8.0,8.0,8.0,8.0,5952629,445,3,9.0,8.0
94,2002-11-19,8.0,8.0,8.0,8.0,4101240,312,1,8.0,8.0
95,2002-12-17,8.0,8.0,8.0,8.0,12790950,1000,2,8.0,8.0
96,2003-01-07,8.0,8.0,8.0,8.0,12018328,989,4,8.0,8.0
97,2003-01-11,8.0,8.0,8.0,8.0,4956466,408,3,8.0,8.0
98,2003-01-13,7.0,7.0,7.0,7.0,12198837,1057,2,8.0,7.0
99,2003-02-03,7.0,7.0,7.0,7.0,11000000,1000,1,7.0,7.0
100,2003-04-07,7.0,7.0,7.0,7.0,7524000,720,5,7.0,7.0
101,2003-04-08,6.0,7.0,6.0,6.0,103988137,10000,32,7.0,6.0
102,2003-04-14,6.0,6.0,6.0,6.0,10285000,1000,3,6.0,6.0
103,2003-05-03,6.0,6.0,6.0,6.0,5927390,578,2,6.0,6.0
104,2003-05-04,6.0,6.0,6.0,6.0,4320858,422,3,6.0,6.0
105,2003-05-07,6.0,6.0,6.0,6.0,153529677,15000,12,6.0,6.0
106,2003-05-12,6.0,6.0,6.0,6.0,1495040,146,1,6.0,6.0
107,2003-05-17,6.0,6.0,6.0,6.0,5241055,512,2,6.0,6.0
108,2003-05-20,6.0,6.0,6.0,6.0,2281067,223,1,6.0,6.0
109,2003-05-24,6.0,6.0,6.0,6.0,28077914,2808,5,6.0,6.0
110,2003-05-25,6.0,6.0,6.0,6.0,16230000,1623,3,6.0,6.0
111,2003-05-26,6.0,6.0,6.0,6.0,45357434,4535,9,6.0,6.0
112,2003-05-27,6.0,6.0,6.0,6.0,55995838,5472,7,6.0,6.0
113,2003-05-28,6.0,6.0,6.0,6.0,2274600,223,1,6.0,6.0
114,2003-06-09,6.0,6.0,6.0,6.0,93432524,9248,9,6.0,6.0
115,2003-06-11,6.0,6.0,6.0,6.0,5000000,500,1,6.0,6.0
116,2003-06-15,7.0,7.0,7.0,7.0,2908500,277,1,6.0,7.0
117,2003-06-16,7.0,7.0,7.0,7.0,2656470,253,2,7.0,7.0
118,2003-06-23,6.0,6.0,6.0,6.0,19100000,1910,1,7.0,6.0
119,2003-06-24,6.0,6.0,6.0,6.0,340000,34,1,6.0,6.0
120,2003-06-29,6.0,6.0,6.0,6.0,1250000,125,1,6.0,6.0
121,2003-07-01,6.0,6.0,6.0,6.0,3640000,364,2,6.0,6.0
122,2003-07-02,6.0,6.0,6.0,6.0,6710000,671,2,6.0,6.0
123,2003-07-08,6.0,6.0,6.0,6.0,10000000,1000,1,6.0,6.0
124,2003-07-12,6.0,6.0,6.0,6.0,1555200,162,1,6.0,6.0
125,2003-07-19,6.0,6.0,6.0,6.0,28000000,2800,2,6.0,6.0
126,2003-07-20,6.0,6.0,6.0,6.0,2000000,200,2,6.0,6.0
127,2003-07-26,6.0,6.0,6.0,6.0,1980000,198,1,6.0,6.0
128,2003-07-29,6.0,6.0,6.0,6.0,100000000,10000,4,6.0,6.0
129,2003-07-30,6.0,6.0,6.0,6.0,38460000,3846,1,6.0,6.0
130,2003-08-04,6.0,6.0,6.0,6.0,22587000,2266,3,6.0,6.0
131,2003-08-10,6.0,6.0,6.0,6.0,1000000,100,1,6.0,6.0
132,2003-08-12,6.0,6.0,6.0,6.0,50000000,5000,5,6.0,6.0
133,2003-08-13,6.0,6.0,6.0,6.0,78519500,7852,5,6.0,6.0
134,2003-08-16,6.0,6.0,6.0,6.0,21480000,2148,1,6.0,6.0
135,2003-08-18,6.0,6.0,6.0,6.0,25000000,2500,3,6.0,6.0
136,2003-08-19,6.0,6.0,6.0,6.0,38940000,3894,1,6.0,6.0
137,2003-08-24,6.0,6.0,6.0,6.0,16953778,1695,5,6.0,6.0
138,2003-08-31,6.0,6.0,6.0,6.0,7333615,733,4,6.0,6.0
139,2003-09-07,6.0,6.0,6.0,6.0,38714360,3856,4,6.0,6.0
140,2003-09-08,6.0,6.0,6.0,6.0,873080,87,2,6.0,6.0
141,2003-09-09,6.0,6.0,6.0,6.0,8915998,888,2,6.0,6.0
142,2003-09-15,7.0,7.0,6.0,6.0,23851000,2272,5,6.0,6.0
143,2003-09-28,7.0,7.0,7.0,7.0,105000000,10000,3,6.0,7.0
144,2003-10-06,7.0,7.0,7.0,7.0,15862050,1510,3,7.0,7.0
145,2003-10-13,7.0,7.0,7.0,7.0,22172670,2016,6,7.0,7.0
146,2003-10-19,7.0,7.0,7.0,7.0,8540930,763,2,7.0,7.0
147,2003-10-27,7.0,7.0,6.0,6.0,617157730,60010,13,7.0,6.0
148,2003-10-28,6.0,6.0,6.0,6.0,68568086,7010,3,6.0,6.0
149,2003-11-02,6.0,6.0,6.0,6.0,672558860,68864,14,6.0,6.0
150,2003-11-03,6.0,6.0,6.0,6.0,28573700342,2774202,54,6.0,6.0
151,2003-11-08,6.0,6.0,6.0,6.0,148685159,14381,4,6.0,6.0
152,2003-11-09,7.0,7.0,7.0,7.0,13130420,1210,3,6.0,7.0
153,2003-11-10,7.0,7.0,7.0,7.0,197352000,18000,199,7.0,7.0
154,2003-11-11,7.0,7.0,7.0,7.0,92096000,8000,100,7.0,7.0
155,2003-11-12,8.0,8.0,7.0,7.0,6159090,510,2,7.0,7.0
156,2003-11-15,8.0,8.0,7.0,7.0,8611460,710,3,7.0,7.0
157,2003-11-17,8.0,8.0,8.0,8.0,122070000,10000,4,7.0,8.0
158,2003-11-18,8.0,8.0,8.0,8.0,227540201,17753,7,8.0,8.0
159,2003-11-19,8.0,8.0,8.0,8.0,134570000,10000,1,8.0,8.0
160,2003-11-22,9.0,9.0,9.0,9.0,103565570,7330,12,8.0,9.0
161,2003-11-23,9.0,9.0,9.0,9.0,3600591230,242710,78,9.0,9.0
162,2003-11-24,9.0,9.0,9.0,9.0,134648890,9110,10,9.0,9.0
163,2003-11-25,9.0,9.0,9.0,9.0,2031459227,137275,35,9.0,9.0
164,2003-11-29,9.0,9.0,9.0,9.0,8730765,590,2,9.0,9.0
165,2003-11-30,9.0,9.0,9.0,9.0,501692655,33899,26,9.0,9.0
166,2003-12-01,9.0,9.0,9.0,9.0,1037860640,70126,21,9.0,9.0
167,2003-12-02,9.0,9.0,9.0,9.0,250968056,16959,21,9.0,9.0
168,2003-12-03,9.0,9.0,9.0,9.0,29545860,1995,4,9.0,9.0
169,2003-12-06,9.0,9.0,9.0,9.0,92263994,6241,9,9.0,9.0
170,2003-12-07,9.0,9.0,9.0,9.0,51831198,3506,5,9.0,9.0
171,2003-12-08,9.0,9.0,9.0,9.0,108939970,7374,9,9.0,9.0
172,2003-12-10,9.0,9.0,9.0,9.0,118985208,8054,12,9.0,9.0
173,2003-12-13,9.0,9.0,9.0,9.0,7547750,510,2,9.0,9.0
174,2003-12-14,9.0,9.0,9.0,9.0,7547770,510,2,9.0,9.0
175,2003-12-15,9.0,9.0,9.0,9.0,63195930,4270,6,9.0,9.0
176,2003-12-17,9.0,9.0,9.0,9.0,105000000,7000,1,9.0,9.0
177,2003-12-21,9.0,9.0,9.0,9.0,35233220,2340,4,9.0,9.0
178,2003-12-22,9.0,9.0,9.0,9.0,17605980,1166,3,9.0,9.0
179,2003-12-27,9.0,9.0,9.0,9.0,21743520,1440,2,9.0,9.0
180,2003-12-28,9.0,9.0,9.0,9.0,62395530,4105,2,9.0,9.0
181,2003-12-29,10.0,10.0,9.0,9.0,17899810,1170,3,9.0,9.0
182,2003-12-30,10.0,10.0,10.0,10.0,61352600,4010,3,9.0,10.0
183,2003-12-31,10.0,10.0,10.0,10.0,57318412,3722,5,10.0,10.0
184,2004-01-03,10.0,10.0,10.0,10.0,57338952,3736,4,10.0,10.0
185,2004-01-06,10.0,10.0,10.0,10.0,41934120,2710,4,10.0,10.0
186,2004-01-07,10.0,10.0,10.0,10.0,848630976,54086,9,10.0,10.0
187,2004-01-10,10.0,10.0,10.0,10.0,80660310,5010,3,10.0,10.0
188,2004-01-11,10.0,10.0,10.0,10.0,17484030,1086,3,10.0,10.0
189,2004-01-12,10.0,10.0,10.0,10.0,64567549,4010,8,10.0,10.0
190,2004-01-13,10.0,10.0,10.0,10.0,24023510,1430,4,10.0,10.0
191,2004-02-23,4.0,4.0,4.0,4.0,6400000,1000,1,10.0,4.0
192,2004-03-06,4.0,4.0,4.0,4.0,17891560,2710,4,4.0,4.0
193,2004-03-07,4.0,4.0,4.0,4.0,26669728,4040,6,4.0,4.0
194,2004-03-08,4.0,4.0,4.0,4.0,33080330,5010,3,4.0,4.0
195,2004-03-10,4.0,4.0,4.0,4.0,6671380,1010,2,4.0,4.0
196,2004-03-14,4.0,4.0,4.0,4.0,11550246,1766,5,4.0,4.0
197,2004-03-15,4.0,4.0,4.0,4.0,7865340,1210,2,4.0,4.0
198,2004-03-27,4.0,4.0,4.0,4.0,1651330,254,2,4.0,4.0
199,2004-04-12,4.0,4.0,4.0,4.0,591820,91,2,4.0,4.0
200,2004-04-14,4.0,4.0,4.0,4.0,1053310,162,2,4.0,4.0
201,2004-04-21,4.0,4.0,4.0,4.0,2417938,372,3,4.0,4.0
202,2004-04-28,4.0,4.0,4.0,4.0,127340,20,2,4.0,4.0
203,2004-06-02,4.0,4.0,4.0,4.0,134843940,21735,16,4.0,4.0
204,2004-06-06,4.0,4.0,4.0,4.0,67375440,10860,5,4.0,4.0
205,2004-06-09,4.0,4.0,4.0,4.0,31745868,5117,3,4.0,4.0
206,2004-06-12,4.0,4.0,4.0,4.0,3102000,500,1,4.0,4.0
207,2004-06-22,4.0,4.0,4.0,4.0,91274587,14076,10,4.0,4.0
208,2004-06-27,4.0,4.0,4.0,4.0,4610300,717,3,4.0,4.0
209,2004-06-29,4.0,4.0,4.0,4.0,36106134,5611,7,4.0,4.0
210,2004-06-30,4.0,4.0,4.0,4.0,9959792,1548,5,4.0,4.0
211,2004-07-03,4.0,4.0,4.0,4.0,39627982,6163,3,4.0,4.0
212,2004-07-04,4.0,4.0,4.0,4.0,46996860,7309,2,4.0,4.0
213,2004-07-05,4.0,4.0,4.0,4.0,13129343,2042,3,4.0,4.0
214,2004-07-12,4.0,4.0,4.0,4.0,28633158,4457,6,4.0,4.0
215,2004-07-17,4.0,4.0,4.0,4.0,5024604,783,3,4.0,4.0
216,2004-08-22,4.0,4.0,4.0,4.0,139685958,21805,14,4.0,4.0
217,2004-09-14,4.0,4.0,4.0,4.0,82954455,12952,7,4.0,4.0
218,2004-09-26,4.0,4.0,4.0,4.0,32020000,5000,1,4.0,4.0
219,2004-10-03,4.0,4.0,4.0,4.0,83758525,13763,5,4.0,4.0
220,2004-10-06,4.0,4.0,4.0,4.0,35989200,5850,2,4.0,4.0
221,2004-10-11,4.0,4.0,4.0,4.0,12568536,2043,2,4.0,4.0
222,2004-10-17,4.0,4.0,4.0,4.0,61520,10,1,4.0,4.0
223,2004-10-19,4.0,4.0,4.0,4.0,2614600,425,1,4.0,4.0
224,2004-12-13,4.0,4.0,4.0,4.0,43710360,6725,2,4.0,4.0
225,2004-12-15,4.0,4.0,4.0,4.0,1102360,175,2,4.0,4.0
226,2005-03-14,3.0,3.0,3.0,3.0,5600000,1000,1,4.0,3.0
227,2005-03-16,3.0,3.0,3.0,3.0,24399200,4357,1,3.0,3.0
228,2005-03-29,3.0,3.0,3.0,3.0,5600000,1000,1,3.0,3.0
229,2005-07-04,3.0,3.0,3.0,3.0,1680000,300,2,3.0,3.0
230,2005-07-05,3.0,3.0,3.0,3.0,280000,50,1,3.0,3.0
231,2005-07-13,3.0,3.0,3.0,3.0,924000,165,1,3.0,3.0
232,2005-09-11,2.0,2.0,2.0,2.0,3638000,1000,1,3.0,2.0
233,2005-09-18,2.0,2.0,2.0,2.0,797427642,219766,4,2.0,2.0
234,2005-09-27,2.0,2.0,2.0,2.0,378434210,104510,19,2.0,2.0
235,2005-09-28,2.0,2.0,2.0,2.0,940700,260,3,2.0,2.0
236,2005-10-01,2.0,2.0,2.0,2.0,39255280,10844,2,2.0,2.0
237,2005-10-04,2.0,2.0,2.0,2.0,18100000,5000,1,2.0,2.0
238,2005-10-16,2.0,2.0,2.0,2.0,1280937,337,1,2.0,2.0
239,2005-11-08,2.0,2.0,2.0,2.0,941617900,260110,3,2.0,2.0
240,2005-11-27,2.0,2.0,2.0,2.0,18961950,5010,3,2.0,2.0
241,2005-11-30,2.0,2.0,2.0,2.0,412940,110,3,2.0,2.0
242,2005-12-03,2.0,2.0,2.0,2.0,1029479,271,2,2.0,2.0
243,2005-12-11,2.0,2.0,2.0,2.0,3801588,1002,1,2.0,2.0
244,2005-12-20,2.0,2.0,2.0,2.0,3300000,1000,1,2.0,2.0
245,2005-12-21,2.0,2.0,2.0,2.0,3300000,1000,1,2.0,2.0
246,2005-12-24,2.0,2.0,2.0,2.0,2036100,617,1,2.0,2.0
247,2005-12-25,2.0,2.0,2.0,2.0,33000,10,1,2.0,2.0
248,2005-12-27,2.0,2.0,2.0,2.0,69806650,20268,6,2.0,2.0
249,2005-12-28,2.0,2.0,2.0,2.0,56158502,15763,5,2.0,2.0
250,2006-01-01,2.0,2.0,2.0,2.0,1949360,560,1,2.0,2.0
251,2006-01-04,2.0,2.0,2.0,2.0,53032360,14570,5,2.0,2.0
252,2006-01-07,2.0,2.0,2.0,2.0,2043204180,552173,7,2.0,2.0
253,2006-01-08,2.0,2.0,2.0,2.0,47136802,12444,4,2.0,2.0
254,2006-01-10,2.0,2.0,2.0,2.0,96663320,25010,6,2.0,2.0
255,2006-01-14,3.0,3.0,3.0,3.0,329612436,81932,14,2.0,3.0
256,2006-01-15,3.0,3.0,3.0,3.0,70715428,16744,8,3.0,3.0
257,2006-01-16,3.0,3.0,3.0,3.0,226279614,52170,7,3.0,3.0
258,2006-01-17,3.0,4.0,3.0,3.0,4977305699,936047,41,3.0,3.0
259,2006-01-18,3.0,3.0,3.0,3.0,1710420930,364857,65,3.0,3.0
260,2006-01-21,3.0,3.0,3.0,3.0,2235329191,455326,58,3.0,3.0
261,2006-01-22,3.0,3.0,3.0,3.0,74580325,14780,13,3.0,3.0
262,2006-01-24,3.0,3.0,3.0,3.0,5414795,1145,2,3.0,3.0
263,2006-01-25,3.0,3.0,3.0,3.0,146774172,31116,21,3.0,3.0
264,2006-01-30,3.0,3.0,3.0,3.0,347828080,77146,16,3.0,3.0
265,2006-01-31,3.0,3.0,3.0,3.0,4945860,1110,6,3.0,3.0
266,2006-02-01,3.0,3.0,3.0,3.0,372816660,85585,16,3.0,3.0
267,2006-02-04,3.0,3.0,3.0,3.0,499622829,120711,16,3.0,3.0
268,2006-02-05,3.0,3.0,3.0,3.0,165560000,40000,4,3.0,3.0
269,2006-02-06,3.0,3.0,3.0,3.0,1239151995,300015,32,3.0,3.0
270,2006-02-12,2.0,2.0,2.0,2.0,840000000,210000,21,3.0,2.0
271,2006-02-13,2.0,2.0,2.0,2.0,418492310,109807,21,2.0,2.0
272,2006-02-14,2.0,2.0,2.0,2.0,209055,55,2,2.0,2.0
273,2006-02-15,2.0,2.0,2.0,2.0,770314860,206290,27,2.0,2.0
274,2006-02-19,2.0,2.0,2.0,2.0,10193820,2730,2,2.0,2.0
275,2006-02-22,2.0,2.0,2.0,2.0,746800000,200000,20,2.0,2.0
276,2006-03-07,2.0,2.0,2.0,2.0,3766330,1010,2,2.0,2.0
277,2006-04-29,2.0,2.0,2.0,2.0,1047800,282,2,2.0,2.0
278,2006-04-30,2.0,2.0,2.0,2.0,8110624,2182,2,2.0,2.0
279,2006-05-23,2.0,2.0,2.0,2.0,25504826,6976,4,2.0,2.0
280,2006-05-29,2.0,2.0,2.0,2.0,12995500,3500,2,2.0,2.0
281,2006-06-27,2.0,2.0,2.0,2.0,1405760,386,3,2.0,2.0
282,2006-07-05,2.0,2.0,2.0,2.0,1113600,300,1,2.0,2.0
283,2006-07-18,2.0,2.0,2.0,2.0,1082077,297,2,2.0,2.0
284,2006-07-29,2.0,2.0,2.0,2.0,1701027,467,3,2.0,2.0
285,2006-08-12,2.0,2.0,2.0,2.0,10345825,2735,2,2.0,2.0
286,2006-08-13,2.0,2.0,2.0,2.0,37927390,10010,2,2.0,2.0
287,2006-08-14,2.0,2.0,2.0,2.0,79348290,20810,4,2.0,2.0
288,2006-08-21,2.0,2.0,2.0,2.0,115958630,30010,4,2.0,2.0
289,2006-08-23,2.0,2.0,2.0,2.0,59139000,15010,3,2.0,2.0
290,2006-08-26,2.0,2.0,2.0,2.0,39819250,10010,2,2.0,2.0
291,2006-08-27,2.0,2.0,2.0,2.0,40069500,10010,2,2.0,2.0
292,2006-08-28,3.0,3.0,2.0,2.0,40329750,10010,2,2.0,2.0
293,2006-08-29,3.0,3.0,2.0,2.0,4093770,1010,2,2.0,2.0
294,2006-08-30,3.0,3.0,2.0,2.0,4095790,1010,2,2.0,2.0
295,2006-09-12,3.0,3.0,2.0,2.0,42352826,10437,3,2.0,2.0
296,2006-09-13,3.0,3.0,3.0,3.0,13593402,3327,3,2.0,3.0
297,2006-09-19,3.0,3.0,3.0,3.0,61278582,14968,4,3.0,3.0
298,2006-12-05,3.0,3.0,3.0,3.0,4174560,1010,2,3.0,3.0
299,2007-02-10,3.0,3.0,3.0,3.0,8100000,2000,1,3.0,3.0
300,2007-02-26,3.0,3.0,3.0,3.0,6674926,1616,3,3.0,3.0
301,2007-03-28,3.0,3.0,3.0,3.0,6073545,1469,2,3.0,3.0
302,2007-04-17,3.0,3.0,3.0,3.0,20735710,5010,2,3.0,3.0
303,2007-05-01,3.0,3.0,3.0,3.0,22503170,5420,2,3.0,3.0
304,2007-05-12,3.0,3.0,3.0,3.0,12538930,3010,2,3.0,3.0
305,2007-05-14,3.0,3.0,3.0,3.0,15889708,3807,2,3.0,3.0
306,2007-10-02,3.0,3.0,3.0,3.0,21500000,5000,1,3.0,3.0
307,2008-01-08,3.0,3.0,3.0,3.0,24320000,5000,1,3.0,3.0
308,2008-01-13,3.0,3.0,3.0,3.0,4513570,910,3,3.0,3.0
309,2008-01-29,3.0,3.0,3.0,3.0,2972486,599,3,3.0,3.0
310,2008-02-09,3.0,3.0,3.0,3.0,99369330,20010,3,3.0,3.0
311,2008-02-17,3.0,3.0,3.0,3.0,152942400,30400,7,3.0,3.0
312,2008-02-19,3.0,3.0,3.0,3.0,155982400,30400,8,3.0,3.0
313,2008-02-23,3.0,3.0,3.0,3.0,159083200,30400,10,3.0,3.0
314,2008-02-27,3.0,3.0,3.0,3.0,162244800,30400,13,3.0,3.0
315,2008-03-02,3.0,3.0,3.0,3.0,165467200,30400,10,3.0,3.0
316,2008-03-04,3.0,3.0,3.0,3.0,168750400,30400,13,3.0,3.0
317,2008-03-05,4.0,4.0,4.0,4.0,172124800,30400,17,3.0,4.0
318,2008-03-09,4.0,4.0,4.0,4.0,104353790,18070,4,4.0,4.0
319,2008-03-12,4.0,4.0,4.0,4.0,2423725,415,2,4.0,4.0
320,2008-03-15,4.0,4.0,4.0,4.0,31620510,5410,2,4.0,4.0
321,2008-03-17,4.0,4.0,4.0,4.0,34139190,5820,3,4.0,4.0
322,2008-03-30,4.0,4.0,4.0,4.0,29440,5,1,4.0,4.0
323,2008-04-02,4.0,4.0,4.0,4.0,30025,5,1,4.0,4.0
324,2008-04-05,4.0,4.0,4.0,4.0,761459015,125311,51,4.0,4.0
325,2008-04-06,4.0,4.0,4.0,4.0,154639718,24954,14,4.0,4.0
326,2008-04-07,4.0,4.0,4.0,4.0,28868982,4584,2,4.0,4.0
327,2008-04-08,4.0,4.0,4.0,4.0,1312508,208,2,4.0,4.0
328,2008-04-09,4.0,4.0,4.0,4.0,586251,93,2,4.0,4.0
329,2008-04-21,4.0,4.0,4.0,4.0,315850,50,1,4.0,4.0
330,2008-04-22,4.0,4.0,4.0,4.0,515440,80,1,4.0,4.0
331,2008-04-23,4.0,4.0,4.0,4.0,328550,50,1,4.0,4.0
332,2008-04-26,4.0,4.0,4.0,4.0,670200,100,1,4.0,4.0
333,2008-04-27,4.0,4.0,4.0,4.0,478520,70,1,4.0,4.0
334,2008-04-29,4.0,4.0,4.0,4.0,348600,50,1,4.0,4.0
335,2008-04-30,4.0,4.0,4.0,4.0,355550,50,1,4.0,4.0
336,2008-05-03,5.0,5.0,5.0,5.0,362650,50,1,4.0,5.0
337,2008-05-04,5.0,5.0,5.0,5.0,73980,10,1,5.0,5.0
338,2008-05-05,5.0,5.0,5.0,5.0,528150,70,2,5.0,5.0
339,2008-05-07,5.0,5.0,5.0,5.0,76950,10,1,5.0,5.0
340,2008-05-10,5.0,5.0,5.0,5.0,396250,50,1,5.0,5.0
341,2008-05-11,5.0,5.0,5.0,5.0,163240,20,1,5.0,5.0
342,2008-05-12,5.0,5.0,5.0,5.0,84060,10,1,5.0,5.0
343,2008-05-13,5.0,5.0,5.0,5.0,173160,20,1,5.0,5.0
344,2008-05-17,6.0,6.0,6.0,6.0,14891390,1670,1,5.0,6.0
345,2008-05-18,6.0,6.0,6.0,6.0,5005280,545,1,6.0,6.0
346,2008-05-19,6.0,6.0,6.0,6.0,423058106,44744,21,6.0,6.0
347,2008-05-20,6.0,6.0,6.0,6.0,222152250,22813,12,6.0,6.0
348,2008-05-21,6.0,6.0,6.0,6.0,113492643,11489,13,6.0,6.0
349,2008-05-24,6.0,6.0,6.0,6.0,6829360,722,3,6.0,6.0
350,2008-05-25,6.0,6.0,6.0,6.0,10129500,1010,2,6.0,6.0
351,2008-05-26,6.0,6.0,6.0,6.0,20181690,2010,2,6.0,6.0
352,2008-05-27,6.0,6.0,6.0,6.0,22777658,2264,4,6.0,6.0
353,2008-05-28,6.0,6.0,6.0,6.0,2013890,200,2,6.0,6.0
354,2008-06-01,6.0,6.0,6.0,6.0,60614510,6010,3,6.0,6.0
355,2008-06-02,6.0,6.0,6.0,6.0,82312338,8113,3,6.0,6.0
356,2008-06-08,6.0,6.0,6.0,6.0,115788234,11322,6,6.0,6.0
357,2008-06-10,6.0,6.0,6.0,6.0,103521400,10010,2,6.0,6.0
358,2008-06-11,7.0,7.0,6.0,6.0,22034010,2110,2,6.0,6.0
359,2008-06-14,7.0,7.0,6.0,6.0,24569010,2348,4,6.0,6.0
360,2008-06-16,7.0,7.0,6.0,6.0,11125889,1061,2,6.0,6.0
361,2008-06-17,7.0,7.0,6.0,6.0,11893560,1133,3,6.0,6.0
362,2008-06-23,7.0,7.0,6.0,6.0,51611350,4910,3,6.0,6.0
363,2008-06-24,7.0,7.0,6.0,6.0,4052778,384,2,6.0,6.0
364,2008-06-25,7.0,7.0,6.0,6.0,40856042,3867,7,6.0,6.0
365,2008-06-28,6.0,7.0,6.0,6.0,23219105,2206,4,6.0,6.0
366,2008-06-29,7.0,7.0,7.0,7.0,116957260,11010,3,6.0,7.0
367,2008-07-19,7.0,7.0,7.0,7.0,20852000,2000,2,7.0,7.0
368,2008-07-20,6.0,7.0,6.0,7.0,1115650,110,2,7.0,7.0
369,2008-07-22,7.0,7.0,7.0,7.0,22072362,2056,2,7.0,7.0
370,2008-07-23,7.0,7.0,7.0,7.0,32318750,3010,2,7.0,7.0
371,2008-07-26,7.0,7.0,7.0,7.0,21664950,2010,2,7.0,7.0
372,2008-07-29,7.0,7.0,7.0,7.0,5383935,513,4,7.0,7.0
373,2008-08-12,6.0,7.0,6.0,7.0,1935670,188,2,7.0,7.0
374,2009-01-25,3.0,4.0,3.0,4.0,36005000,6200,3,7.0,4.0
375,2009-01-26,4.0,4.0,4.0,4.0,598100,100,1,4.0,4.0
376,2009-02-07,4.0,4.0,4.0,4.0,2255214,377,1,4.0,4.0
377,2009-02-25,4.0,4.0,4.0,4.0,598400,100,1,4.0,4.0
378,2009-02-28,4.0,4.0,4.0,4.0,2244375,375,6,4.0,4.0
379,2009-03-11,4.0,4.0,4.0,4.0,1849983,309,1,4.0,4.0
380,2009-04-08,4.0,4.0,4.0,4.0,598900,100,1,4.0,4.0
381,2009-04-12,4.0,4.0,4.0,4.0,5452512,884,1,4.0,4.0
382,2009-05-05,4.0,4.0,4.0,4.0,61730,10,1,4.0,4.0
383,2009-05-09,4.0,4.0,4.0,4.0,127160,20,1,4.0,4.0
384,2009-05-10,4.0,4.0,4.0,4.0,130960,20,1,4.0,4.0
385,2009-05-11,4.0,4.0,4.0,4.0,65480,10,1,4.0,4.0
386,2009-05-12,4.0,4.0,4.0,4.0,2619200,400,1,4.0,4.0
387,2009-05-24,5.0,5.0,5.0,4.0,3304560,490,1,4.0,5.0
388,2009-05-25,5.0,5.0,5.0,4.0,13494000,2000,1,4.0,5.0
389,2009-06-10,5.0,5.0,5.0,4.0,5982600,885,2,4.0,5.0
390,2009-06-13,5.0,5.0,5.0,4.0,67670,10,1,4.0,5.0
391,2009-06-22,5.0,5.0,5.0,4.0,5988795,885,1,4.0,5.0
392,2009-07-01,5.0,5.0,5.0,5.0,67730,10,1,4.0,5.0
393,2009-07-04,5.0,5.0,5.0,5.0,767360,110,2,5.0,5.0
394,2009-07-14,5.0,5.0,5.0,5.0,1357965,189,1,5.0,5.0
395,2009-07-22,5.0,5.0,5.0,5.0,27285242,3797,1,5.0,5.0
396,2009-08-12,5.0,5.0,5.0,5.0,31737200,4400,1,5.0,5.0
397,2009-08-16,5.0,5.0,5.0,5.0,28298401,3907,2,5.0,5.0
398,2009-12-02,5.0,5.0,5.0,5.0,752621,103,1,5.0,5.0
399,2009-12-13,5.0,5.0,5.0,5.0,14616000,2000,1,5.0,5.0
400,2009-12-19,5.0,5.0,5.0,5.0,15400724,2103,2,5.0,5.0
401,2010-02-20,5.0,5.0,5.0,5.0,27582230,4303,1,5.0,5.0
402,2010-02-28,5.0,5.0,5.0,5.0,148166,23,1,5.0,5.0
403,2010-03-02,5.0,5.0,5.0,5.0,133340,20,1,5.0,5.0
404,2010-03-03,5.0,5.0,5.0,5.0,138000,20,1,5.0,5.0
405,2010-03-07,6.0,6.0,6.0,5.0,30277840,4240,3,5.0,6.0
406,2010-03-29,6.0,6.0,6.0,5.0,7176000,1000,1,5.0,6.0
407,2010-03-31,6.0,6.0,6.0,5.0,13481568,1877,7,5.0,6.0
408,2010-04-05,6.0,6.0,6.0,5.0,6480000,900,1,5.0,6.0
409,2010-05-16,6.0,6.0,6.0,5.0,720700,100,1,5.0,6.0
410,2010-06-20,6.0,6.0,6.0,5.0,2162400,300,1,5.0,6.0
411,2010-06-30,6.0,6.0,6.0,5.0,3100860,428,1,5.0,6.0
412,2010-08-02,6.0,6.0,6.0,5.0,2174700,300,1,5.0,6.0
413,2010-08-23,9.0,9.0,9.0,9.0,12535000,1078,2,5.0,9.0
414,2010-08-24,9.0,9.0,9.0,9.0,3627900,300,1,9.0,9.0
415,2010-08-29,9.0,9.0,9.0,9.0,9000912,744,1,9.0,9.0
416,2010-09-06,9.0,9.0,9.0,9.0,29219017,2413,2,9.0,9.0
417,2010-09-08,9.0,9.0,9.0,9.0,4798460,395,2,9.0,9.0
418,2010-09-26,9.0,9.0,9.0,9.0,44969643,3700,3,9.0,9.0
419,2010-10-03,9.0,9.0,9.0,9.0,3688326,302,1,9.0,9.0
420,2010-10-12,9.0,9.0,9.0,9.0,9249026,757,1,9.0,9.0
421,2010-10-13,10.0,10.0,10.0,9.0,17123400,1400,2,9.0,10.0
422,2010-10-18,10.0,10.0,9.0,9.0,2604648541,221011,11,9.0,9.0
423,2010-10-25,10.0,10.0,10.0,9.0,15013600,1225,1,9.0,10.0
424,2010-10-27,10.0,10.0,10.0,9.0,14731200,1200,3,9.0,10.0
425,2010-11-03,10.0,10.0,10.0,9.0,3479485,283,1,9.0,10.0
426,2010-11-20,10.0,10.0,10.0,9.0,12300000,1000,1,9.0,10.0
427,2010-11-30,10.0,10.0,10.0,10.0,3207702200,260450,15,9.0,10.0
428,2010-12-12,10.0,10.0,10.0,10.0,28497800,2225,2,10.0,10.0
429,2011-01-11,10.0,10.0,9.0,10.0,53340952,4478,4,10.0,9.0
430,2011-01-12,10.0,10.0,10.0,10.0,638900,50,1,10.0,10.0
431,2011-02-15,10.0,10.0,10.0,10.0,12020000,1000,1,10.0,10.0
432,2011-03-08,10.0,10.0,10.0,10.0,11570000,1000,1,10.0,10.0
433,2011-04-04,10.0,10.0,10.0,10.0,48621400,4040,2,10.0,10.0
434,2011-04-18,10.0,10.0,10.0,10.0,10145505,843,2,10.0,10.0
435,2011-05-22,10.0,10.0,10.0,10.0,2857960,236,2,10.0,10.0
436,2011-05-28,10.0,10.0,10.0,10.0,121130,10,1,10.0,10.0
437,2011-08-29,11.0,11.0,11.0,11.0,509670600,38197,23,10.0,11.0
438,2011-09-03,11.0,11.0,11.0,11.0,7601000,592,3,11.0,11.0
439,2011-09-04,11.0,11.0,11.0,11.0,48128000,3760,5,11.0,11.0
440,2011-09-05,11.0,11.0,11.0,11.0,12737000,1000,2,11.0,11.0
441,2011-09-06,11.0,11.0,11.0,11.0,12720000,1000,2,11.0,11.0
442,2011-09-07,10.0,11.0,10.0,11.0,527117231,41265,9,11.0,11.0
443,2011-11-30,10.0,10.0,10.0,10.0,48565440,3960,5,11.0,10.0
444,2011-12-04,10.0,10.0,10.0,10.0,11662500,933,3,10.0,10.0
445,2011-12-07,10.0,10.0,10.0,10.0,17450000,1396,1,10.0,10.0
446,2011-12-17,11.0,11.0,11.0,11.0,30135600,2283,2,10.0,11.0
447,2011-12-18,11.0,11.0,11.0,11.0,19992400,1510,3,11.0,11.0
448,2011-12-19,11.0,11.0,11.0,11.0,26528698,2000,3,11.0,11.0
449,2012-01-08,10.0,10.0,10.0,11.0,15670630,1273,2,11.0,10.0
450,2012-01-09,10.0,10.0,10.0,11.0,8770020,713,3,11.0,10.0
451,2012-01-15,10.0,10.0,10.0,11.0,1240100,100,1,11.0,10.0
452,2012-01-23,10.0,10.0,10.0,10.0,11500000,1000,1,11.0,10.0
453,2012-01-31,10.0,10.0,10.0,10.0,1380000,120,1,10.0,10.0
454,2012-02-08,10.0,10.0,10.0,10.0,2990000,260,1,10.0,10.0
455,2012-02-20,11.0,11.0,11.0,10.0,11900000,1000,2,10.0,11.0
456,2012-03-03,11.0,11.0,11.0,10.0,121925400,10318,3,10.0,11.0
457,2012-03-04,10.0,11.0,10.0,10.0,16985072,1414,7,10.0,11.0
458,2012-03-06,10.0,11.0,10.0,10.0,15384690,1310,3,10.0,11.0
459,2012-03-12,11.0,11.0,11.0,10.0,30258800,2500,3,10.0,11.0
460,2012-03-25,10.0,10.0,10.0,10.0,11677000,1000,1,10.0,10.0
461,2012-04-03,10.0,10.0,10.0,10.0,21018600000,1800000,36,10.0,10.0
462,2012-04-04,10.0,10.0,10.0,10.0,21018600000,1800000,36,10.0,10.0
463,2012-04-07,10.0,10.0,10.0,10.0,21018600000,1800000,36,10.0,10.0
464,2012-04-08,10.0,10.0,10.0,10.0,21018600000,1800000,36,10.0,10.0
465,2012-04-09,10.0,10.0,10.0,10.0,21018600000,1800000,36,10.0,10.0
466,2012-04-10,10.0,10.0,10.0,10.0,21020400000,1800000,36,10.0,10.0
467,2012-04-11,10.0,10.0,10.0,10.0,21077705808,1804908,37,10.0,10.0
468,2012-04-14,10.0,10.0,10.0,10.0,21020400000,1800000,36,10.0,10.0
469,2012-04-16,10.0,10.0,10.0,10.0,3783870526,324017,7,10.0,10.0
470,2012-04-23,11.0,11.0,11.0,11.0,91816200,7560,6,10.0,11.0
471,2012-04-29,11.0,11.0,11.0,11.0,19930625,1625,1,11.0,11.0
472,2012-04-30,10.0,11.0,10.0,10.0,372998400,32400,5,11.0,11.0
473,2012-05-02,10.0,10.0,10.0,10.0,33174000,3000,2,10.0,10.0
474,2012-05-05,11.0,11.0,11.0,11.0,9700423472,822488,17,10.0,11.0
475,2012-05-23,10.0,10.0,10.0,11.0,2377830,210,1,11.0,10.0
476,2012-05-29,11.0,11.0,11.0,11.0,367860000,30000,1,11.0,11.0
477,2012-05-30,11.0,11.0,11.0,11.0,25492000,2000,1,11.0,11.0
478,2012-06-05,11.0,11.0,11.0,11.0,194240800,15200,1,11.0,11.0
479,2012-06-16,11.0,11.0,11.0,11.0,974592,81,1,11.0,11.0
480,2012-06-19,11.0,11.0,11.0,11.0,1323410,110,2,11.0,11.0
481,2012-07-04,11.0,12.0,11.0,11.0,198569642,15298,2,11.0,12.0
482,2012-07-25,11.0,11.0,11.0,11.0,612350,50,1,11.0,11.0
483,2012-07-28,11.0,11.0,11.0,11.0,612300,50,1,11.0,11.0
484,2012-07-29,11.0,11.0,11.0,11.0,12246,1,1,11.0,11.0
485,2012-08-01,11.0,11.0,11.0,11.0,4898000,400,1,11.0,11.0
486,2012-08-13,11.0,11.0,11.0,11.0,2447800,200,2,11.0,11.0
487,2012-08-14,11.0,11.0,11.0,11.0,24782775,2025,2,11.0,11.0
488,2012-08-18,11.0,11.0,11.0,11.0,573541,47,1,11.0,11.0
489,2012-09-09,11.0,11.0,11.0,11.0,210240460,17230,10,11.0,11.0
490,2012-09-10,12.0,12.0,12.0,11.0,12918000,1000,1,11.0,12.0
491,2012-09-15,12.0,12.0,12.0,11.0,139555715,10789,3,11.0,12.0
492,2012-09-16,12.0,12.0,12.0,11.0,43001602,3298,4,11.0,12.0
493,2012-09-17,12.0,12.0,12.0,11.0,15799200,1200,3,11.0,12.0
494,2012-09-18,12.0,12.0,12.0,11.0,145650415,11045,10,11.0,12.0
495,2012-09-19,12.0,12.0,12.0,12.0,406691200,30400,8,11.0,12.0
496,2012-09-24,12.0,12.0,12.0,12.0,1391300,100,2,12.0,12.0
497,2012-09-29,12.0,12.0,12.0,12.0,695750,50,1,12.0,12.0
498,2012-10-02,12.0,12.0,12.0,12.0,2936276,211,3,12.0,12.0
499,2012-10-03,12.0,12.0,12.0,12.0,1948800,140,3,12.0,12.0
500,2012-10-06,12.0,12.0,12.0,12.0,28484412,2046,1,12.0,12.0
501,2012-10-08,12.0,12.0,12.0,12.0,13959,1,1,12.0,12.0
502,2012-10-09,12.0,12.0,12.0,12.0,1409859,101,2,12.0,12.0
503,2012-10-10,12.0,12.0,12.0,12.0,1410162,101,2,12.0,12.0
504,2012-10-13,12.0,12.0,12.0,12.0,28570344,2046,2,12.0,12.0
505,2012-10-14,12.0,12.0,12.0,12.0,14001,1,1,12.0,12.0
506,2012-10-15,12.0,12.0,12.0,12.0,1414101,101,2,12.0,12.0
507,2012-10-17,12.0,12.0,12.0,12.0,1400300,100,1,12.0,12.0
508,2012-10-20,13.0,13.0,13.0,12.0,1400500,100,1,12.0,13.0
509,2012-10-21,13.0,13.0,13.0,13.0,700350000,50000,1,12.0,13.0
510,2012-10-23,13.0,13.0,13.0,13.0,2185050000,150000,3,13.0,13.0
511,2012-10-27,14.0,14.0,14.0,13.0,757450,50,1,13.0,14.0
512,2012-10-29,14.0,14.0,14.0,13.0,1515000,100,1,13.0,14.0
513,2012-10-30,14.0,14.0,14.0,13.0,10197296,673,4,13.0,14.0
514,2012-10-31,14.0,14.0,14.0,14.0,1516600000,100000,8,13.0,14.0
515,2012-11-04,14.0,14.0,14.0,14.0,4731600,300,3,14.0,14.0
516,2012-11-05,14.0,14.0,14.0,14.0,788900,50,1,14.0,14.0
517,2012-11-06,14.0,14.0,14.0,14.0,11834250000,750000,15,14.0,14.0
518,2012-11-07,15.0,15.0,15.0,15.0,3282164100,200010,7,14.0,15.0
519,2012-11-10,15.0,15.0,15.0,15.0,10884671814,637799,51,15.0,15.0
520,2012-11-11,16.0,16.0,16.0,15.0,17748000,1000,1,15.0,16.0
521,2012-11-12,16.0,16.0,16.0,15.0,1777100,100,2,15.0,16.0
522,2012-11-13,16.0,16.0,16.0,15.0,176663620,9940,4,15.0,16.0
523,2012-12-09,16.0,16.0,16.0,15.0,23982660,1332,6,15.0,16.0
524,2012-12-10,16.0,16.0,16.0,16.0,57895560,3210,4,15.0,16.0
525,2012-12-11,16.0,16.0,16.0,16.0,7262912000,401000,9,16.0,16.0
526,2012-12-12,17.0,17.0,17.0,16.0,20663092,1097,2,16.0,17.0
527,2012-12-15,17.0,17.0,16.0,16.0,27841383154,1596276,55,16.0,16.0
528,2012-12-16,16.0,16.0,16.0,16.0,9630200838,552098,19,16.0,16.0
529,2012-12-17,16.0,16.0,16.0,16.0,6743324206,386451,24,16.0,16.0
530,2012-12-18,16.0,16.0,16.0,16.0,21827532,1203,5,16.0,16.0
531,2012-12-19,16.0,16.0,15.0,16.0,77100884,4427,16,16.0,15.0
532,2012-12-23,16.0,16.0,15.0,16.0,61756248,3636,4,16.0,15.0
533,2012-12-24,15.0,15.0,15.0,15.0,80086204,4786,12,16.0,15.0
534,2012-12-25,15.0,15.0,15.0,15.0,6926787,417,1,15.0,15.0
535,2012-12-26,15.0,15.0,15.0,15.0,83015000,5000,2,15.0,15.0
536,2012-12-29,15.0,15.0,15.0,15.0,7421850,450,2,15.0,15.0
537,2012-12-30,15.0,15.0,15.0,15.0,301585876,18289,5,15.0,15.0
538,2012-12-31,15.0,15.0,15.0,15.0,16700000,1000,1,15.0,15.0
539,2013-01-02,14.0,14.0,14.0,15.0,108715120,6757,5,15.0,14.0
540,2013-01-07,15.0,15.0,15.0,15.0,18749890,1110,4,15.0,15.0
541,2013-01-09,14.0,14.0,14.0,15.0,223880186,14000,5,15.0,14.0
542,2013-01-14,14.0,14.0,14.0,15.0,89647730,5607,8,15.0,14.0
543,2013-01-21,16.0,16.0,15.0,15.0,173289640,11357,9,15.0,15.0
544,2013-01-22,15.0,15.0,15.0,15.0,6895000,466,5,15.0,15.0
545,2013-01-23,16.0,16.0,15.0,15.0,16287100,1100,2,15.0,15.0
546,2013-01-26,16.0,16.0,16.0,15.0,3168000,200,1,15.0,16.0
547,2013-01-27,16.0,16.0,16.0,15.0,39595750,2500,6,15.0,16.0
548,2013-01-28,16.0,16.0,15.0,15.0,30877000,2000,3,15.0,15.0
549,2013-02-04,16.0,16.0,16.0,15.0,73574505,4625,9,15.0,16.0
550,2013-02-05,16.0,16.0,16.0,15.0,62423400,3900,4,15.0,16.0
551,2013-02-06,16.0,16.0,16.0,15.0,4826400,300,1,15.0,16.0
552,2013-02-11,15.0,16.0,15.0,15.0,4952000,320,3,15.0,15.0
553,2013-02-12,16.0,16.0,16.0,15.0,476970,30,1,15.0,16.0
554,2013-02-13,16.0,16.0,16.0,16.0,18509250,1150,6,15.0,16.0
555,2013-02-17,16.0,16.0,16.0,16.0,596366,37,1,16.0,16.0
556,2013-02-18,16.0,16.0,16.0,16.0,9780896,608,2,16.0,16.0
557,2013-02-19,16.0,16.0,16.0,16.0,31847367,1981,8,16.0,16.0
558,2013-02-24,16.0,16.0,15.0,16.0,6615410,440,3,16.0,15.0
559,2013-02-26,15.0,15.0,15.0,16.0,27007010,1810,3,16.0,15.0
560,2013-03-04,15.0,15.0,15.0,15.0,14886000,1000,1,16.0,15.0
561,2013-03-06,15.0,15.0,15.0,15.0,7047432,474,1,15.0,15.0
562,2013-03-09,15.0,15.0,15.0,15.0,7434000,500,1,15.0,15.0
563,2013-03-12,15.0,15.0,15.0,15.0,9848673,663,3,15.0,15.0
564,2013-04-15,16.0,16.0,16.0,15.0,5720920,356,1,15.0,16.0
565,2013-04-16,15.0,15.0,15.0,15.0,18307600,1200,2,15.0,15.0
566,2013-04-20,15.0,16.0,15.0,15.0,80855000,5357,7,15.0,16.0
567,2013-04-21,16.0,16.0,16.0,15.0,18899543,1181,4,15.0,16.0
568,2013-04-22,16.0,16.0,16.0,15.0,41304156,2577,2,15.0,16.0
569,2013-04-24,16.0,16.0,16.0,15.0,15229654,947,2,15.0,16.0
570,2013-04-27,16.0,16.0,16.0,15.0,1336466,83,1,15.0,16.0
571,2013-04-28,16.0,16.0,16.0,16.0,75688800,4700,1,15.0,16.0
572,2013-04-29,16.0,16.0,16.0,16.0,179702360,11090,9,16.0,16.0
573,2013-04-30,16.0,16.0,16.0,16.0,8220000,500,1,16.0,16.0
574,2013-05-01,16.0,16.0,16.0,16.0,11515000,700,2,16.0,16.0
575,2013-05-04,16.0,16.0,16.0,16.0,105365934,6399,6,16.0,16.0
576,2013-05-05,17.0,17.0,17.0,16.0,209227004,12601,9,16.0,17.0
577,2013-05-07,17.0,17.0,17.0,16.0,2869430,170,1,16.0,17.0
578,2013-05-14,17.0,17.0,17.0,16.0,9336299,553,2,16.0,17.0
579,2013-05-20,22.0,23.0,22.0,22.0,350856000,15700,8,16.0,23.0
580,2013-05-21,23.0,23.0,23.0,23.0,241797864,10404,19,22.0,23.0
581,2013-05-22,24.0,24.0,24.0,23.0,486747151,20660,24,23.0,24.0
582,2013-05-25,24.0,24.0,24.0,23.0,4840000,200,1,23.0,24.0
583,2013-05-26,24.0,24.0,24.0,23.0,63446547,2621,5,23.0,24.0
584,2013-05-27,24.0,24.0,24.0,23.0,24290,1,1,23.0,24.0
585,2013-05-28,24.0,24.0,24.0,23.0,27593440,1136,3,23.0,24.0
586,2013-05-29,24.0,24.0,24.0,23.0,24326000,1000,2,23.0,24.0
587,2013-06-01,24.0,24.0,24.0,24.0,244968406,10057,8,23.0,24.0
588,2013-06-03,25.0,25.0,25.0,24.0,10958364,444,1,24.0,25.0
589,2013-06-09,25.0,25.0,25.0,24.0,2469500,100,1,24.0,25.0
590,2013-06-11,25.0,25.0,25.0,24.0,83652126,3387,4,24.0,25.0
591,2013-06-12,25.0,25.0,25.0,24.0,28976912,1168,3,24.0,25.0
592,2013-06-17,25.0,25.0,25.0,24.0,67086900,2700,1,24.0,25.0
593,2013-06-22,25.0,25.0,25.0,24.0,116999712,4692,4,24.0,25.0
594,2013-07-06,25.0,25.0,25.0,24.0,1003600,40,1,24.0,25.0
595,2013-07-08,25.0,25.0,25.0,24.0,20072800,800,2,24.0,25.0
596,2013-07-09,25.0,25.0,25.0,24.0,7108111,283,1,24.0,25.0
597,2013-07-22,25.0,25.0,25.0,24.0,58543580,2330,2,24.0,25.0
598,2013-08-03,25.0,25.0,25.0,24.0,5040600,200,1,24.0,25.0
599,2013-08-06,25.0,25.0,25.0,24.0,12601620,500,3,24.0,25.0
600,2013-08-12,25.0,25.0,25.0,25.0,1062771380,42130,4,24.0,25.0
601,2013-08-14,26.0,26.0,26.0,25.0,34341615,1309,1,25.0,26.0
602,2013-08-18,26.0,26.0,26.0,25.0,2680458,102,1,25.0,26.0
603,2013-08-26,26.0,26.0,26.0,26.0,798972800,30400,5,25.0,26.0
604,2013-09-15,37.0,38.0,37.0,37.0,567905800,15335,8,26.0,38.0
605,2013-09-16,36.0,37.0,36.0,36.0,518081139,14528,27,37.0,36.0
606,2013-09-17,35.0,35.0,35.0,36.0,34922000,1000,4,36.0,35.0
607,2013-09-18,35.0,35.0,35.0,36.0,69787000,2001,2,36.0,35.0
608,2013-09-21,35.0,35.0,35.0,36.0,59584992,1713,4,36.0,35.0
609,2013-09-22,35.0,35.0,35.0,36.0,6455130,186,2,36.0,35.0
610,2013-09-23,35.0,35.0,35.0,36.0,11311222,326,7,36.0,35.0
611,2013-09-24,35.0,35.0,35.0,36.0,22924802,661,5,36.0,35.0
612,2013-09-25,35.0,35.0,35.0,36.0,9364140,270,2,36.0,35.0
613,2013-09-28,35.0,35.0,35.0,36.0,101010240,2916,6,36.0,35.0
614,2013-09-29,36.0,36.0,36.0,36.0,10164000,280,1,36.0,36.0
615,2013-10-08,35.0,35.0,35.0,36.0,379621,11,1,36.0,35.0
616,2013-10-09,35.0,35.0,35.0,36.0,69020000,2000,3,36.0,35.0
617,2013-10-12,36.0,36.0,36.0,36.0,15314344,427,2,36.0,36.0
618,2013-10-13,34.0,34.0,34.0,36.0,98882914,2873,7,36.0,34.0
619,2013-10-14,34.0,34.0,34.0,36.0,54860800,1600,3,36.0,34.0
620,2013-10-15,34.0,34.0,34.0,36.0,6843200,200,1,36.0,34.0
621,2013-10-21,34.0,34.0,34.0,36.0,84080806,2458,5,36.0,34.0
622,2013-10-22,34.0,34.0,34.0,35.0,41223273,1209,2,36.0,34.0
623,2013-10-23,34.0,34.0,34.0,35.0,89839477,2639,4,35.0,34.0
624,2013-10-27,37.0,37.0,34.0,35.0,76670240,2240,4,35.0,34.0
625,2013-11-02,35.0,35.0,35.0,35.0,16133698,463,1,35.0,35.0
626,2013-11-04,34.0,34.0,34.0,35.0,56546640,1671,6,35.0,34.0
627,2013-11-05,34.0,34.0,34.0,35.0,67532,2,1,35.0,34.0
628,2013-11-09,34.0,34.0,34.0,35.0,202055744,5984,26,35.0,34.0
629,2013-11-10,34.0,34.0,34.0,35.0,13400000,400,2,35.0,34.0
630,2013-11-11,33.0,34.0,33.0,35.0,30207820,902,7,35.0,33.0
631,2013-11-12,33.0,33.0,33.0,35.0,11036190,330,2,35.0,33.0
632,2013-11-16,36.0,36.0,36.0,35.0,7224600,200,2,35.0,36.0
633,2013-11-19,36.0,36.0,36.0,35.0,227960165,6295,7,35.0,36.0
634,2013-11-20,37.0,37.0,37.0,35.0,18260000,500,4,35.0,37.0
635,2013-11-25,37.0,37.0,37.0,35.0,31172032,853,3,35.0,37.0
636,2013-11-26,37.0,37.0,37.0,35.0,6987735,191,1,35.0,37.0
637,2013-11-27,37.0,37.0,37.0,35.0,8050680,220,2,35.0,37.0
638,2013-11-30,37.0,37.0,37.0,35.0,112710320,3080,4,35.0,37.0
639,2013-12-01,37.0,37.0,37.0,35.0,62478400,1700,5,35.0,37.0
640,2013-12-14,37.0,37.0,37.0,36.0,244946100,6650,2,35.0,37.0
641,2013-12-17,37.0,37.0,37.0,37.0,1328362750,35750,15,36.0,37.0
642,2013-12-18,39.0,39.0,39.0,37.0,21524151,557,2,37.0,39.0
643,2013-12-24,39.0,39.0,39.0,37.0,6574070,170,1,37.0,39.0
644,2013-12-29,39.0,39.0,39.0,37.0,26727189,691,1,37.0,39.0
645,2014-01-07,39.0,39.0,39.0,37.0,54201000,1400,1,37.0,39.0
646,2014-01-12,39.0,39.0,39.0,37.0,116358000,3000,2,37.0,39.0
647,2014-01-25,39.0,39.0,39.0,37.0,11707433,347,3,37.0,39.0
648,2014-01-26,39.0,39.0,39.0,37.0,9687685,287,1,37.0,39.0
649,2014-01-27,39.0,39.0,39.0,38.0,33767000,1000,4,37.0,39.0
650,2014-02-02,39.0,39.0,39.0,38.0,33812,1,1,38.0,39.0
651,2014-02-03,39.0,39.0,39.0,38.0,33812000,1000,1,38.0,39.0
652,2014-02-05,39.0,39.0,39.0,38.0,33857,1,1,38.0,39.0
653,2014-02-24,39.0,39.0,39.0,38.0,778711,23,1,38.0,39.0
654,2014-03-01,39.0,39.0,39.0,39.0,1029283200,30400,1,38.0,39.0
655,2014-03-03,41.0,41.0,41.0,39.0,809876,23,1,39.0,41.0
656,2014-03-05,41.0,41.0,41.0,39.0,7042600,200,1,39.0,41.0
657,2014-03-10,41.0,41.0,41.0,39.0,31699800,900,1,39.0,41.0
658,2014-03-16,41.0,41.0,41.0,39.0,3173760,90,1,39.0,41.0
659,2014-04-12,41.0,41.0,41.0,39.0,35268000,1000,1,39.0,41.0
660,2014-04-20,41.0,41.0,41.0,39.0,35315000,1000,1,39.0,41.0
661,2014-04-23,41.0,41.0,41.0,39.0,6011540,170,1,39.0,41.0
662,2014-04-27,41.0,41.0,41.0,39.0,21398850,605,2,39.0,41.0
663,2014-04-30,41.0,41.0,41.0,39.0,814154,23,1,39.0,41.0
664,2014-05-20,41.0,41.0,41.0,39.0,7079800,200,1,39.0,41.0
665,2014-05-25,41.0,41.0,41.0,39.0,17704000,500,1,39.0,41.0
666,2014-06-09,41.0,41.0,41.0,41.0,1077102400,30400,3,39.0,41.0
667,2014-06-17,43.0,43.0,43.0,41.0,36848000,1000,1,41.0,43.0
668,2014-06-24,43.0,43.0,43.0,41.0,149405900,4050,7,41.0,43.0
669,2014-06-25,43.0,43.0,43.0,41.0,3709200,100,2,41.0,43.0
670,2014-06-28,43.0,43.0,43.0,41.0,741940,20,2,41.0,43.0
671,2014-06-29,43.0,43.0,43.0,41.0,556470,15,1,41.0,43.0
672,2014-06-30,43.0,43.0,43.0,41.0,37655485,1015,2,41.0,43.0
673,2014-07-01,43.0,43.0,43.0,42.0,230138055,6195,18,41.0,43.0
674,2014-07-02,43.0,43.0,43.0,42.0,18726000,500,1,42.0,43.0
675,2014-07-06,43.0,43.0,43.0,42.0,169321086,4518,4,42.0,43.0
676,2014-07-07,44.0,44.0,44.0,42.0,18850000,500,1,42.0,44.0
677,2014-07-12,44.0,44.0,44.0,42.0,565860,15,1,42.0,44.0
678,2014-07-14,44.0,44.0,44.0,42.0,565890,15,2,42.0,44.0
679,2014-08-11,44.0,44.0,44.0,42.0,50214637,1331,2,42.0,44.0
680,2014-09-01,44.0,44.0,44.0,42.0,6424810,170,1,42.0,44.0
681,2014-09-02,44.0,44.0,44.0,42.0,10848887,287,1,42.0,44.0
682,2014-09-03,44.0,44.0,44.0,42.0,37816,1,1,42.0,44.0
683,2014-09-06,44.0,44.0,44.0,42.0,37816,1,1,42.0,44.0
684,2014-09-07,44.0,44.0,44.0,42.0,37816,1,1,42.0,44.0
685,2014-09-13,44.0,44.0,44.0,42.0,9983424,264,1,42.0,44.0
686,2014-09-15,44.0,44.0,44.0,43.0,383596200,10140,8,42.0,44.0
687,2014-09-16,44.0,44.0,44.0,44.0,1165353600,30400,5,43.0,44.0
688,2014-09-20,46.0,46.0,46.0,44.0,598005,15,1,44.0,46.0
689,2014-09-21,46.0,46.0,46.0,45.0,175658408,4406,2,44.0,46.0
690,2014-09-24,46.0,46.0,46.0,45.0,601485,15,2,45.0,46.0
691,2014-09-27,46.0,46.0,46.0,45.0,49683900,1239,3,45.0,46.0
692,2014-09-29,46.0,46.0,46.0,45.0,12049500,300,1,45.0,46.0
693,2014-10-29,46.0,46.0,46.0,45.0,412200,20,1,45.0,46.0
694,2014-11-02,46.0,46.0,46.0,45.0,412220,20,1,45.0,46.0
695,2014-11-11,48.0,50.0,48.0,50.0,881880,40,3,45.0,50.0
696,2014-11-17,54.0,56.0,54.0,55.0,122858,5,2,50.0,56.0
697,2014-11-25,58.0,58.0,58.0,55.0,255540,10,1,55.0,58.0
698,2014-11-26,58.0,58.0,58.0,55.0,25554,1,1,55.0,58.0
699,2014-11-29,58.0,58.0,58.0,55.0,51108,2,1,55.0,58.0
700,2014-12-01,58.0,58.0,58.0,55.0,51108,2,1,55.0,58.0
701,2014-12-02,58.0,58.0,58.0,55.0,25554,1,1,55.0,58.0
702,2014-12-03,58.0,58.0,58.0,55.0,25554,1,1,55.0,58.0
703,2014-12-07,58.0,58.0,58.0,55.0,25554,1,1,55.0,58.0
704,2014-12-10,58.0,58.0,58.0,58.0,255540,10,2,55.0,58.0
705,2014-12-30,60.0,60.0,60.0,58.0,2657600,100,1,58.0,60.0
706,2015-01-13,60.0,60.0,60.0,58.0,132549473,4987,1,58.0,60.0
707,2015-01-26,116.0,120.0,116.0,118.0,771568469,19169,20,58.0,120.0
708,2015-01-27,123.0,123.0,123.0,120.0,617031140,14740,39,118.0,123.0
709,2015-01-28,125.0,125.0,125.0,120.0,53511942,1254,5,120.0,125.0
710,2015-01-31,125.0,125.0,125.0,121.0,73733400,1725,16,120.0,125.0
711,2015-02-01,126.0,126.0,126.0,121.0,3084480,72,1,121.0,126.0
712,2015-02-02,126.0,126.0,126.0,121.0,31618872,738,3,121.0,126.0
713,2015-02-03,126.0,126.0,126.0,126.0,1285464964,29974,26,121.0,126.0
714,2015-02-04,131.0,131.0,131.0,126.0,49034700,1100,2,126.0,131.0
715,2015-02-07,131.0,131.0,131.0,126.0,669630,15,1,126.0,131.0
716,2015-02-08,131.0,131.0,131.0,126.0,1339290,30,1,126.0,131.0
717,2015-02-09,131.0,131.0,131.0,126.0,99201190,2222,6,126.0,131.0
718,2015-02-10,131.0,131.0,131.0,126.0,44775000,1000,5,126.0,131.0
719,2015-02-18,131.0,131.0,131.0,127.0,44834000,1000,1,126.0,131.0
720,2015-02-21,132.0,132.0,132.0,127.0,44893,1,1,127.0,132.0
721,2015-02-22,132.0,132.0,131.0,127.0,63244502,1409,15,127.0,132.0
722,2015-02-23,132.0,132.0,132.0,127.0,81090921,1803,27,127.0,132.0
723,2015-02-24,132.0,132.0,122.0,126.0,204294895,4899,30,127.0,122.0
724,2015-02-25,125.0,125.0,121.0,126.0,12621000,305,5,126.0,121.0
725,2015-02-28,121.0,121.0,121.0,126.0,10542975,255,9,126.0,121.0
726,2015-03-02,121.0,121.0,121.0,126.0,31287567,757,4,126.0,121.0
727,2015-03-04,121.0,121.0,121.0,126.0,1032250,25,1,126.0,121.0
728,2015-03-07,121.0,121.0,121.0,126.0,6193350,150,2,126.0,121.0
729,2015-03-14,121.0,121.0,121.0,126.0,19814880,480,3,126.0,121.0
730,2015-03-15,121.0,121.0,121.0,126.0,7756128,188,2,126.0,121.0
731,2015-03-16,121.0,121.0,121.0,126.0,3010885,73,1,126.0,121.0
732,2015-04-04,121.0,121.0,121.0,126.0,12784710,310,7,126.0,121.0
733,2015-04-05,121.0,121.0,121.0,126.0,50499400,1225,2,126.0,121.0
734,2015-04-06,121.0,121.0,121.0,126.0,5144750,125,2,126.0,121.0
735,2015-04-07,121.0,121.0,121.0,126.0,1028775,25,1,126.0,121.0
736,2015-04-12,121.0,121.0,121.0,126.0,7530450,183,2,126.0,121.0
737,2015-04-29,121.0,121.0,121.0,126.0,4114000,100,1,126.0,121.0
738,2015-05-03,121.0,121.0,121.0,126.0,2097885,51,2,126.0,121.0
739,2015-05-04,121.0,121.0,121.0,126.0,2179996,53,1,126.0,121.0
740,2015-05-09,121.0,121.0,121.0,126.0,1028225,25,1,126.0,121.0
741,2015-05-25,119.0,119.0,119.0,126.0,1017475,25,1,126.0,119.0
742,2015-06-06,119.0,119.0,119.0,125.0,197588790,4855,13,126.0,119.0
743,2015-06-07,118.0,118.0,118.0,122.0,445273817,11029,17,125.0,118.0
744,2015-06-08,116.0,116.0,116.0,122.0,13874000,350,6,122.0,116.0
745,2015-06-10,116.0,116.0,116.0,122.0,1426212,36,1,122.0,116.0
746,2015-06-16,116.0,116.0,116.0,122.0,81725745,2063,5,122.0,116.0
747,2015-06-17,116.0,116.0,116.0,122.0,22070438,559,6,122.0,116.0
748,2015-06-20,116.0,116.0,116.0,122.0,3944500,100,1,122.0,116.0
749,2015-06-21,116.0,116.0,116.0,122.0,18891281,479,3,122.0,116.0
750,2015-06-27,115.0,115.0,115.0,122.0,1970350,50,1,122.0,115.0
751,2015-07-06,115.0,115.0,115.0,121.0,19702500,500,3,122.0,115.0
752,2015-07-07,115.0,115.0,115.0,121.0,9921744,252,3,121.0,115.0
753,2015-08-02,115.0,115.0,115.0,115.0,1196422400,30400,7,121.0,115.0
754,2015-09-01,110.0,110.0,110.0,115.0,1869450,50,1,115.0,110.0
755,2015-09-02,110.0,110.0,110.0,115.0,102026394,2729,1,115.0,110.0
756,2015-09-05,109.0,109.0,109.0,115.0,1414284,38,2,115.0,109.0
757,2015-09-26,109.0,109.0,109.0,115.0,9378432,252,4,115.0,109.0
758,2015-09-27,109.0,109.0,109.0,115.0,19865334,534,2,115.0,109.0
759,2015-09-29,109.0,109.0,109.0,115.0,4943344,133,1,115.0,109.0
760,2015-09-30,109.0,109.0,109.0,114.0,143066000,3850,4,115.0,109.0
761,2015-10-10,108.0,108.0,108.0,114.0,25846800,700,2,114.0,108.0
762,2015-10-11,108.0,108.0,108.0,114.0,1106430,30,1,114.0,108.0
763,2015-10-12,108.0,108.0,108.0,114.0,7375800,200,2,114.0,108.0
764,2015-10-13,108.0,108.0,108.0,114.0,7373400,200,1,114.0,108.0
765,2015-10-17,108.0,108.0,108.0,114.0,18427500,500,1,114.0,108.0
766,2015-10-20,108.0,108.0,108.0,114.0,515536,14,1,114.0,108.0
767,2015-10-25,108.0,108.0,108.0,114.0,4418760,120,1,114.0,108.0
768,2015-10-27,108.0,108.0,108.0,114.0,1472640,40,1,114.0,108.0
769,2015-10-31,108.0,108.0,108.0,114.0,1840650,50,1,114.0,108.0
770,2015-11-02,108.0,108.0,108.0,113.0,39018600,1060,3,114.0,108.0
771,2015-11-04,108.0,108.0,108.0,113.0,14698400,400,1,113.0,108.0
772,2015-11-07,108.0,108.0,108.0,113.0,918050,25,1,113.0,108.0
773,2015-11-15,108.0,108.0,108.0,113.0,1064880,29,1,113.0,108.0
774,2015-12-05,108.0,108.0,108.0,113.0,7343600,200,3,113.0,108.0
775,2015-12-08,108.0,108.0,108.0,113.0,4037660,110,2,113.0,108.0
776,2015-12-14,108.0,108.0,108.0,112.0,248745822,6778,3,113.0,108.0
777,2016-01-04,101.0,106.0,96.0,101.0,1719413110,49831,135,112.0,96.0
778,2016-01-05,96.0,96.0,96.0,101.0,17078380,521,9,101.0,96.0
779,2016-01-06,96.0,100.0,96.0,96.0,1537172651,46764,87,101.0,96.0
780,2016-01-09,101.0,101.0,100.0,97.0,75588972,2223,10,96.0,100.0
781,2016-01-10,101.0,101.0,100.0,101.0,1084577717,31468,47,97.0,101.0
782,2016-01-11,97.0,104.0,97.0,101.0,483311172,13973,34,101.0,103.0
783,2016-01-12,97.0,99.0,96.0,99.0,401662932,12162,34,101.0,96.0
784,2016-01-13,97.0,102.0,97.0,100.0,517072500,15097,54,99.0,100.0
785,2016-01-27,106.0,112.0,105.0,107.0,1444812679,45704,46,100.0,112.0
786,2016-01-30,112.0,112.0,109.0,111.0,1175592247,35754,40,107.0,112.0
787,2016-01-31,117.0,117.0,116.0,117.0,2758281168,79896,41,111.0,117.0
788,2016-02-01,122.0,122.0,122.0,122.0,5088341097,140373,117,117.0,122.0
789,2016-02-02,124.0,128.0,117.0,121.0,971153622,27084,55,122.0,122.0
790,2016-02-03,122.0,123.0,115.0,120.0,345809395,9931,39,121.0,115.0
791,2016-02-06,118.0,126.0,118.0,124.0,4115044432,111606,71,120.0,126.0
792,2016-02-07,131.0,131.0,131.0,131.0,3228051268,83383,68,124.0,131.0
793,2016-02-08,137.0,137.0,124.0,128.0,1273128946,33527,62,131.0,126.0
794,2016-02-09,122.0,130.0,122.0,124.0,1643748104,44596,73,128.0,122.0
795,2016-02-10,118.0,123.0,118.0,118.0,1036209665,29572,48,124.0,118.0
796,2016-02-13,117.0,119.0,113.0,114.0,1380677754,41039,42,118.0,113.0
797,2016-02-14,114.0,114.0,111.0,114.0,765471188,22778,33,114.0,114.0
798,2016-02-15,113.0,114.0,108.0,110.0,1429699370,43687,89,114.0,108.0
799,2016-02-16,113.0,113.0,109.0,110.0,1041874731,32071,60,110.0,109.0
800,2016-02-17,108.0,110.0,105.0,106.0,970637356,30836,73,110.0,105.0
801,2016-02-20,106.0,111.0,101.0,103.0,1371439229,44964,80,106.0,108.0
802,2016-02-21,107.0,108.0,107.0,103.0,86308930,2699,11,103.0,108.0
803,2016-02-22,109.0,109.0,109.0,103.0,32163,1,1,103.0,109.0
804,2016-02-23,109.0,109.0,109.0,103.0,10131345,315,3,103.0,109.0
805,2016-02-24,109.0,109.0,109.0,104.0,117296100,3645,6,103.0,109.0
806,2016-02-27,109.0,109.0,109.0,104.0,17740404,548,3,104.0,109.0
807,2016-02-28,109.0,109.0,109.0,104.0,6091764,188,6,104.0,109.0
808,2016-02-29,109.0,109.0,109.0,104.0,22721513,701,2,104.0,109.0
809,2016-03-01,110.0,110.0,110.0,105.0,97385451,3001,3,104.0,110.0
810,2016-03-05,110.0,110.0,110.0,105.0,978330,30,1,105.0,110.0
811,2016-03-06,110.0,110.0,110.0,105.0,58313832,1788,5,105.0,110.0
812,2016-03-07,110.0,110.0,110.0,106.0,135742350,4150,2,105.0,110.0
813,2016-03-08,111.0,111.0,111.0,106.0,70377821,2137,3,106.0,111.0
814,2016-03-09,112.0,112.0,112.0,106.0,1652400,50,1,106.0,112.0
815,2016-03-12,112.0,112.0,112.0,107.0,143375238,4338,4,106.0,112.0
816,2016-03-14,112.0,112.0,112.0,108.0,167766480,5040,12,107.0,112.0
817,2016-03-15,113.0,113.0,113.0,108.0,37926190,1130,5,108.0,113.0
818,2016-03-16,114.0,114.0,114.0,109.0,114997500,3420,5,108.0,114.0
819,2016-03-26,114.0,114.0,114.0,109.0,2028840,60,2,109.0,114.0
820,2016-03-27,114.0,114.0,114.0,109.0,12715192,376,1,109.0,114.0
821,2016-03-28,114.0,114.0,114.0,109.0,981302,29,1,109.0,114.0
822,2016-03-29,114.0,114.0,114.0,109.0,57020400,1685,2,109.0,114.0
823,2016-03-30,115.0,115.0,115.0,113.0,757791756,22332,4,109.0,115.0
824,2016-04-02,119.0,119.0,119.0,113.0,35179000,1000,5,113.0,119.0
825,2016-04-03,119.0,119.0,119.0,113.0,3523600,100,3,113.0,119.0
826,2016-04-04,119.0,119.0,119.0,113.0,6696170,190,2,113.0,119.0
827,2016-04-06,119.0,119.0,119.0,114.0,42691383,1211,3,113.0,119.0
828,2016-04-09,119.0,119.0,119.0,114.0,43271900,1225,5,114.0,119.0
829,2016-04-10,120.0,120.0,120.0,115.0,134677975,3805,8,114.0,120.0
830,2016-04-11,120.0,120.0,120.0,116.0,222535016,6248,4,115.0,120.0
831,2016-04-12,121.0,121.0,121.0,116.0,103774972,2884,11,116.0,121.0
832,2016-04-13,122.0,122.0,122.0,117.0,85106516,2354,5,116.0,122.0
833,2016-04-16,123.0,123.0,123.0,117.0,3520518,97,2,117.0,123.0
834,2016-04-17,123.0,123.0,123.0,119.0,349823100,9637,2,117.0,123.0
835,2016-04-18,125.0,125.0,125.0,119.0,152076624,4124,4,119.0,125.0
836,2016-04-19,125.0,125.0,125.0,121.0,282706875,7615,12,119.0,125.0
837,2016-04-20,127.0,127.0,127.0,121.0,37365454,994,3,121.0,127.0
838,2016-04-23,127.0,127.0,127.0,122.0,117778584,3128,5,121.0,127.0
839,2016-04-24,128.0,128.0,128.0,122.0,45945044,1214,3,122.0,128.0
840,2016-04-25,128.0,128.0,128.0,122.0,3033680,80,1,122.0,128.0
841,2016-04-26,134.0,141.0,134.0,141.0,10796805966,258806,210,122.0,141.0
842,2016-04-27,148.0,148.0,141.0,142.0,26417648120,627118,246,141.0,148.0
843,2016-04-30,149.0,149.0,149.0,143.0,77802329,1759,8,142.0,149.0
844,2016-05-01,150.0,150.0,150.0,146.0,592192650,13350,15,143.0,150.0
845,2016-05-02,153.0,153.0,153.0,147.0,161744576,3568,9,146.0,153.0
846,2016-05-03,154.0,154.0,154.0,147.0,71315272,1564,3,147.0,154.0
847,2016-05-04,154.0,154.0,154.0,147.0,91430,2,2,147.0,154.0
848,2016-05-07,154.0,154.0,154.0,147.0,80321255,1757,8,147.0,154.0
849,2016-05-08,155.0,155.0,155.0,149.0,310482656,6772,8,147.0,155.0
850,2016-05-09,157.0,157.0,157.0,151.0,402665588,8686,3,149.0,157.0
851,2016-05-10,159.0,159.0,159.0,154.0,487419686,10366,4,151.0,159.0
852,2016-05-11,161.0,161.0,161.0,154.0,34144908,714,3,154.0,161.0
853,2016-05-14,162.0,162.0,162.0,162.0,1451917902,30326,18,154.0,162.0
854,2016-05-15,170.0,170.0,167.0,170.0,24555148610,488565,321,162.0,170.0
855,2016-05-16,173.0,173.0,162.0,170.0,2813127003,55838,156,170.0,167.0
856,2016-05-17,164.0,167.0,162.0,165.0,867658948,18069,57,170.0,162.0
857,2016-05-18,157.0,164.0,157.0,157.0,3460153374,74347,77,165.0,164.0
858,2016-05-21,165.0,165.0,165.0,164.0,1277863348,26156,24,157.0,165.0
859,2016-05-23,169.0,172.0,162.0,168.0,5880271952,118382,177,164.0,162.0
860,2016-05-24,161.0,168.0,161.0,166.0,389148816,8103,37,168.0,161.0
861,2016-05-25,159.0,165.0,159.0,164.0,541178681,11438,43,166.0,159.0
862,2016-05-28,163.0,172.0,162.0,167.0,1188614935,23966,39,164.0,165.0
863,2016-05-29,162.0,170.0,162.0,167.0,984975078,19824,47,167.0,169.0
864,2016-05-30,170.0,172.0,168.0,168.0,552655904,11035,35,167.0,168.0
865,2016-05-31,169.0,169.0,168.0,168.0,429257169,8599,26,168.0,168.0
866,2016-06-01,169.0,177.0,167.0,175.0,7640422775,147335,159,168.0,177.0
867,2016-06-05,182.0,184.0,180.0,182.0,1365988944,25179,68,175.0,182.0
868,2016-06-06,182.0,189.0,181.0,182.0,545400152,10098,49,182.0,182.0
869,2016-06-07,182.0,186.0,173.0,181.0,441047395,8357,43,182.0,173.0
870,2016-06-08,173.0,182.0,173.0,181.0,323813105,6052,31,181.0,182.0
871,2016-06-11,182.0,182.0,172.0,179.0,377258765,7329,39,181.0,172.0
872,2016-06-12,170.0,170.0,170.0,176.0,461379816,9152,32,179.0,170.0
873,2016-06-13,168.0,176.0,168.0,168.0,2002504813,40326,92,176.0,169.0
874,2016-06-14,164.0,173.0,164.0,168.0,138010232,2757,19,168.0,168.0
875,2016-06-15,166.0,172.0,166.0,168.0,486962350,9744,17,168.0,169.0
876,2016-06-18,176.0,176.0,166.0,168.0,64349245,1262,14,168.0,174.0
877,2016-06-19,176.0,176.0,168.0,168.0,435413718,8698,25,168.0,172.0
878,2016-06-20,169.0,169.0,168.0,168.0,65965036,1320,8,168.0,169.0
879,2016-06-21,166.0,173.0,166.0,169.0,200862967,3966,23,168.0,173.0
880,2016-06-22,174.0,174.0,171.0,169.0,85902526,1685,16,169.0,172.0
881,2016-06-25,172.0,172.0,164.0,169.0,140512457,2781,19,169.0,172.0
882,2016-06-26,172.0,172.0,169.0,170.0,414240908,8123,15,169.0,169.0
883,2016-06-28,169.0,172.0,169.0,170.0,354128005,7060,24,170.0,171.0
884,2016-06-29,169.0,170.0,165.0,169.0,315793755,6407,27,170.0,170.0
885,2016-07-02,165.0,170.0,165.0,169.0,497549161,9945,32,169.0,169.0
886,2016-07-03,169.0,169.0,165.0,169.0,21141000,429,3,169.0,165.0
887,2016-07-04,165.0,165.0,165.0,168.0,217346461,4446,16,169.0,165.0
888,2016-07-05,165.0,169.0,165.0,168.0,119399853,2442,7,168.0,169.0
889,2016-07-09,165.0,169.0,165.0,168.0,6557696,133,3,168.0,169.0
890,2016-07-10,170.0,170.0,162.0,168.0,121606505,2489,7,168.0,162.0
891,2016-07-11,168.0,169.0,162.0,166.0,487715345,10091,17,168.0,167.0
892,2016-07-12,162.0,172.0,158.0,165.0,595943597,12384,26,166.0,169.0
893,2016-07-13,169.0,172.0,165.0,165.0,172782145,3438,16,165.0,165.0
894,2016-07-16,170.0,170.0,165.0,165.0,152408455,3094,12,165.0,169.0
895,2016-07-17,169.0,169.0,161.0,165.0,368844764,7581,14,165.0,165.0
896,2016-07-18,162.0,165.0,161.0,165.0,242353022,5050,24,165.0,161.0
897,2016-07-19,159.0,161.0,159.0,165.0,5054670,107,3,165.0,161.0
898,2016-07-20,164.0,168.0,164.0,165.0,154702370,3141,13,165.0,165.0
899,2016-07-23,168.0,171.0,168.0,166.0,308484800,6163,11,165.0,171.0
900,2016-07-24,171.0,171.0,169.0,166.0,151135217,2986,16,166.0,171.0
901,2016-07-25,171.0,174.0,171.0,169.0,613395226,12012,30,166.0,174.0
902,2016-07-26,170.0,174.0,170.0,169.0,185130215,3655,17,169.0,171.0
903,2016-07-27,174.0,174.0,170.0,169.0,79983364,1582,6,169.0,170.0
904,2016-07-31,169.0,169.0,167.0,169.0,197199355,3945,12,169.0,167.0
905,2016-08-01,167.0,167.0,165.0,168.0,236305784,4809,13,169.0,165.0
906,2016-08-02,165.0,169.0,164.0,168.0,65264458,1314,9,168.0,169.0
907,2016-08-03,172.0,171.0,171.0,169.0,89626350,1765,3,168.0,171.0
908,2016-08-06,171.0,171.0,164.0,168.0,214872395,4383,21,169.0,171.0
909,2016-08-07,164.0,172.0,164.0,168.0,16526081,334,7,168.0,171.0
910,2016-08-08,171.0,177.0,171.0,172.0,1985417977,39001,44,168.0,175.0
911,2016-08-09,169.0,173.0,169.0,172.0,7026000,140,2,172.0,173.0
912,2016-08-10,166.0,172.0,166.0,171.0,329422601,6591,24,172.0,172.0
913,2016-08-13,172.0,176.0,170.0,172.0,408017473,7941,27,171.0,173.0
914,2016-08-14,176.0,180.0,174.0,174.0,532989978,10087,31,172.0,177.0
915,2016-08-15,180.0,183.0,173.0,175.0,302102738,5735,22,174.0,180.0
916,2016-08-16,177.0,182.0,176.0,176.0,498834870,9376,26,175.0,179.0
917,2016-08-17,179.0,179.0,173.0,176.0,535752787,10328,28,176.0,173.0
918,2016-08-20,179.0,185.0,179.0,184.0,3381554620,61926,117,176.0,185.0
919,2016-08-21,185.0,193.0,180.0,185.0,433415830,7853,23,184.0,180.0
920,2016-08-22,191.0,191.0,176.0,180.0,1319287050,24855,41,185.0,186.0
921,2016-08-23,176.0,185.0,176.0,180.0,169260050,3165,16,180.0,182.0
922,2016-08-24,177.0,182.0,171.0,175.0,1120115572,21819,46,180.0,171.0
923,2016-08-27,167.0,167.0,167.0,175.0,111272688,2256,15,175.0,167.0
924,2016-08-28,166.0,166.0,166.0,174.0,104174680,2120,11,175.0,166.0
925,2016-08-29,165.0,165.0,165.0,173.0,128394096,2622,10,174.0,165.0
926,2016-08-30,165.0,165.0,165.0,173.0,52462532,1076,6,173.0,165.0
927,2016-08-31,164.0,164.0,164.0,173.0,76754167,1577,29,173.0,164.0
928,2016-09-03,164.0,164.0,164.0,173.0,3398150,70,1,173.0,164.0
929,2016-09-04,164.0,164.0,164.0,172.0,11358126,234,4,173.0,164.0
930,2016-09-05,164.0,166.0,164.0,167.0,999154505,20590,56,172.0,164.0
931,2016-09-06,158.0,159.0,158.0,162.0,781776213,16675,40,167.0,158.0
932,2016-09-07,157.0,164.0,154.0,161.0,169827473,3683,25,162.0,155.0
933,2016-09-10,153.0,162.0,153.0,159.0,362803680,7976,32,161.0,157.0
934,2016-09-11,155.0,158.0,152.0,157.0,454942945,9995,28,159.0,152.0
935,2016-09-13,152.0,159.0,152.0,157.0,20215475,445,7,157.0,154.0
936,2016-09-14,159.0,159.0,154.0,157.0,46813549,1024,6,157.0,154.0
937,2016-09-17,154.0,159.0,149.0,157.0,426471510,9282,36,157.0,154.0
938,2016-09-18,159.0,159.0,152.0,156.0,49610040,1100,7,157.0,152.0
939,2016-09-19,157.0,157.0,149.0,155.0,384129145,8616,26,156.0,149.0
940,2016-09-21,152.0,157.0,152.0,155.0,181596305,3974,17,155.0,152.0
941,2016-09-24,149.0,154.0,147.0,152.0,772903992,17356,42,155.0,149.0
942,2016-09-25,154.0,160.0,147.0,153.0,995789676,21876,73,152.0,160.0
943,2016-09-26,161.0,161.0,160.0,158.0,833740731,17493,39,153.0,161.0
944,2016-09-27,166.0,166.0,152.0,156.0,810426033,17615,73,158.0,154.0
945,2016-09-28,154.0,162.0,154.0,156.0,712711802,15473,38,156.0,159.0
946,2016-10-01,159.0,164.0,159.0,157.0,344117584,7216,28,156.0,161.0
947,2016-10-02,164.0,165.0,159.0,158.0,232742140,4860,23,157.0,162.0
948,2016-10-03,165.0,165.0,159.0,159.0,270514300,5596,11,158.0,162.0
949,2016-10-04,159.0,161.0,159.0,159.0,125127975,2656,14,159.0,159.0
950,2016-10-05,155.0,155.0,155.0,159.0,135240022,2940,11,159.0,155.0
951,2016-10-08,154.0,154.0,151.0,151.0,2330641976,52206,120,159.0,151.0
952,2016-10-10,149.0,155.0,149.0,150.0,278137361,6317,30,151.0,149.0
953,2016-10-15,147.0,151.0,147.0,150.0,107145546,2424,10,150.0,149.0
954,2016-10-16,153.0,153.0,149.0,150.0,124470252,2823,12,150.0,149.0
955,2016-10-17,152.0,153.0,149.0,150.0,136319068,3061,26,150.0,150.0
956,2016-10-18,150.0,156.0,150.0,151.0,233444012,5139,26,150.0,155.0
957,2016-10-19,155.0,155.0,149.0,151.0,43677708,987,7,151.0,155.0
958,2016-10-22,155.0,155.0,153.0,151.0,204312275,4450,32,151.0,155.0
959,2016-10-23,157.0,157.0,153.0,152.0,116854745,2562,10,151.0,153.0
960,2016-10-24,157.0,157.0,157.0,152.0,7191195,155,3,152.0,157.0
961,2016-10-25,157.0,159.0,156.0,156.0,969786666,20649,84,152.0,159.0
962,2016-10-26,164.0,164.0,159.0,162.0,2020043378,42107,87,156.0,164.0
963,2016-10-29,168.0,170.0,168.0,165.0,672401185,13442,60,162.0,170.0
964,2016-10-30,173.0,173.0,172.0,170.0,867500753,16908,53,165.0,173.0
965,2016-10-31,178.0,178.0,175.0,178.0,2056651190,39000,75,170.0,178.0
966,2016-11-01,178.0,178.0,172.0,177.0,532778679,10275,52,178.0,173.0
967,2016-11-02,172.0,178.0,172.0,176.0,322644817,6282,29,177.0,178.0
968,2016-11-05,178.0,179.0,173.0,176.0,541252793,10425,38,176.0,177.0
969,2016-11-06,184.0,184.0,172.0,176.0,343501074,6577,18,176.0,177.0
970,2016-11-07,179.0,185.0,178.0,179.0,819571494,15198,33,176.0,178.0
971,2016-11-08,182.0,182.0,176.0,179.0,344639754,6579,30,179.0,180.0
972,2016-11-09,172.0,176.0,170.0,175.0,807602757,15814,64,179.0,176.0
973,2016-11-12,169.0,179.0,169.0,175.0,70077347,1349,9,175.0,176.0
974,2016-11-13,181.0,181.0,167.0,168.0,1790918814,36072,84,175.0,167.0
975,2016-11-14,165.0,169.0,162.0,167.0,127087260,2636,10,168.0,169.0
976,2016-11-15,164.0,164.0,160.0,162.0,1227703570,25724,25,167.0,162.0
977,2016-11-16,164.0,169.0,162.0,163.0,276027989,5623,31,162.0,164.0
978,2016-11-19,170.0,170.0,167.0,164.0,360508295,7178,16,163.0,169.0
979,2016-11-21,170.0,173.0,169.0,166.0,395923550,7870,30,164.0,170.0
980,2016-11-22,170.0,172.0,164.0,166.0,386458559,7849,26,166.0,164.0
981,2016-11-23,161.0,162.0,161.0,165.0,281097692,5869,12,166.0,161.0
982,2016-11-26,163.0,163.0,162.0,165.0,39736210,825,4,165.0,162.0
983,2016-11-27,161.0,162.0,161.0,165.0,103445273,2161,16,165.0,162.0
984,2016-11-29,165.0,173.0,165.0,166.0,472565262,9416,46,165.0,166.0
985,2016-12-03,172.0,172.0,163.0,166.0,28213408,575,9,166.0,172.0
986,2016-12-04,164.0,164.0,163.0,166.0,112319521,2321,13,166.0,163.0
987,2016-12-05,165.0,165.0,164.0,166.0,121040700,2493,8,166.0,164.0
988,2016-12-06,162.0,164.0,162.0,165.0,228889821,4753,22,166.0,164.0
989,2016-12-07,161.0,162.0,161.0,165.0,76071000,1588,7,165.0,162.0
990,2016-12-10,165.0,165.0,163.0,165.0,50980760,1047,10,165.0,165.0
991,2016-12-11,169.0,169.0,163.0,165.0,71131660,1442,11,165.0,167.0
992,2016-12-12,161.0,161.0,161.0,165.0,47806110,1000,6,165.0,161.0
993,2016-12-13,162.0,167.0,162.0,167.0,2608250104,52748,21,165.0,167.0
994,2016-12-14,172.0,172.0,166.0,167.0,161348347,3190,27,167.0,166.0
995,2016-12-18,162.0,169.0,162.0,167.0,93743600,1904,10,167.0,165.0
996,2016-12-19,164.0,172.0,162.0,167.0,202617388,4081,41,167.0,170.0
997,2016-12-20,169.0,169.0,161.0,165.0,554757178,11564,29,167.0,161.0
998,2016-12-21,167.0,169.0,160.0,165.0,143824125,2998,27,165.0,162.0
999,2016-12-24,161.0,168.0,161.0,165.0,132797364,2737,12,165.0,164.0
1000,2016-12-25,162.0,169.0,162.0,165.0,29778326,618,7,165.0,164.0
1001,2016-12-26,169.0,169.0,160.0,162.0,1127107957,23693,18,165.0,160.0
1002,2016-12-27,169.0,169.0,159.0,161.0,557805168,11832,20,162.0,159.0
1003,2016-12-28,159.0,165.0,159.0,160.0,200596949,4247,37,161.0,159.0
1004,2016-12-31,164.0,164.0,152.0,156.0,1618207544,34995,108,160.0,152.0
1005,2017-01-01,150.0,154.0,150.0,155.0,180828546,4059,40,156.0,152.0
1006,2017-01-02,152.0,157.0,150.0,155.0,197733824,4349,32,155.0,150.0
1007,2017-01-03,156.0,163.0,156.0,158.0,628444131,13133,36,155.0,162.0
1008,2017-01-04,155.0,155.0,155.0,158.0,79525914,1728,12,158.0,155.0
1009,2017-01-07,154.0,158.0,150.0,157.0,288269963,6407,32,158.0,155.0
1010,2017-01-08,155.0,162.0,152.0,156.0,313795740,6779,29,157.0,155.0
1011,2017-01-09,152.0,155.0,151.0,154.0,681921737,15130,51,156.0,152.0
1012,2017-01-24,140.0,147.0,140.0,141.0,547346350,14595,17,154.0,147.0
1013,2017-01-25,149.0,149.0,149.0,143.0,304266079,7727,7,141.0,149.0
1014,2017-01-28,150.0,150.0,150.0,143.0,17067356,428,3,143.0,150.0
1015,2017-01-29,151.0,151.0,151.0,144.0,125823618,3153,7,143.0,151.0
1016,2017-01-30,151.0,151.0,151.0,146.0,252711900,6300,10,144.0,151.0
1017,2017-01-31,153.0,153.0,153.0,147.0,289491504,7143,12,146.0,153.0
1018,2017-02-01,155.0,155.0,155.0,149.0,261605520,6380,6,147.0,155.0
1019,2017-02-04,156.0,156.0,154.0,156.0,1858262120,44960,93,149.0,156.0
1020,2017-02-05,163.0,163.0,156.0,158.0,579346461,13686,43,156.0,159.0
1021,2017-02-06,158.0,158.0,150.0,153.0,1138146106,28176,37,158.0,151.0
1022,2017-02-07,158.0,158.0,151.0,153.0,79215799,1957,11,153.0,152.0
1023,2017-02-08,159.0,159.0,149.0,153.0,128862595,3206,22,153.0,149.0
1024,2017-02-11,158.0,158.0,151.0,153.0,42669336,1054,3,153.0,151.0
1025,2017-02-12,158.0,158.0,151.0,153.0,29530250,737,12,153.0,151.0
1026,2017-02-13,153.0,153.0,151.0,153.0,7245000,181,3,153.0,151.0
1027,2017-02-14,146.0,146.0,145.0,150.0,458948767,11941,32,153.0,145.0
1028,2017-02-15,144.0,147.0,142.0,149.0,133388966,3499,24,150.0,144.0
1029,2017-02-18,143.0,143.0,143.0,148.0,88977511,2347,10,149.0,143.0
1030,2017-02-19,143.0,143.0,143.0,148.0,205985430,5425,20,148.0,143.0
1031,2017-02-20,143.0,147.0,141.0,143.0,2207315926,58388,37,148.0,141.0
1032,2017-02-21,147.0,147.0,135.0,140.0,418377705,11561,41,143.0,137.0
1033,2017-02-22,145.0,145.0,133.0,134.0,2243975522,63154,133,140.0,133.0
1034,2017-02-25,137.0,137.0,127.0,128.0,1084859718,31900,70,134.0,127.0
1035,2017-02-26,126.0,135.0,126.0,129.0,527711500,15285,44,128.0,135.0
1036,2017-02-27,136.0,136.0,136.0,130.0,174939622,4862,6,129.0,136.0
1037,2017-02-28,137.0,137.0,137.0,133.0,493396315,13604,56,130.0,137.0
1038,2017-03-01,140.0,140.0,140.0,137.0,625838976,16881,51,133.0,140.0
1039,2017-03-04,144.0,144.0,139.0,140.0,701427594,18546,61,137.0,139.0
1040,2017-03-05,136.0,146.0,134.0,141.0,423288352,11249,28,140.0,141.0
1041,2017-03-06,137.0,141.0,134.0,139.0,418068194,11639,51,141.0,134.0
1042,2017-03-07,134.0,134.0,132.0,137.0,250879479,7141,33,139.0,134.0
1043,2017-03-08,131.0,137.0,131.0,137.0,69627555,1998,14,137.0,137.0
1044,2017-03-11,132.0,136.0,130.0,136.0,216817926,6234,38,137.0,131.0
1045,2017-03-12,131.0,134.0,131.0,135.0,91401130,2622,12,136.0,132.0
1046,2017-03-13,134.0,136.0,132.0,135.0,86559292,2422,7,135.0,136.0
1047,2017-03-14,134.0,134.0,134.0,135.0,73027920,2057,11,135.0,134.0
1048,2017-03-15,135.0,135.0,133.0,135.0,203182685,5730,11,135.0,134.0
1049,2017-03-18,134.0,136.0,134.0,135.0,100198860,2790,7,135.0,136.0
1050,2017-03-25,137.0,137.0,132.0,135.0,40084700,1139,5,135.0,132.0
1051,2017-03-26,132.0,136.0,132.0,135.0,23288146,655,6,135.0,134.0
1052,2017-03-27,137.0,137.0,130.0,135.0,131427895,3740,13,135.0,135.0
1053,2017-03-28,130.0,136.0,130.0,134.0,81758246,2328,8,135.0,136.0
1054,2017-03-29,137.0,138.0,137.0,135.0,213157330,5868,19,134.0,138.0
1055,2017-04-03,136.0,141.0,136.0,135.0,56622826,1530,8,135.0,141.0
1056,2017-04-04,141.0,141.0,139.0,136.0,153377200,4115,8,135.0,140.0
1057,2017-04-05,141.0,141.0,140.0,137.0,231881538,6260,15,136.0,140.0
1058,2017-04-08,134.0,142.0,134.0,137.0,44297310,1181,9,137.0,141.0
1059,2017-04-09,141.0,142.0,138.0,138.0,259994258,6967,24,137.0,142.0
1060,2017-04-10,142.0,145.0,138.0,139.0,240719927,6367,29,138.0,145.0
1061,2017-04-12,146.0,146.0,145.0,143.0,731578248,18946,35,139.0,146.0
1062,2017-04-15,141.0,145.0,140.0,142.0,517619579,13799,30,143.0,140.0
1063,2017-04-16,140.0,140.0,140.0,142.0,280730355,7579,19,142.0,140.0
1064,2017-04-17,136.0,140.0,136.0,141.0,214829218,5850,11,142.0,138.0
1065,2017-04-18,140.0,145.0,140.0,142.0,368546410,9660,34,141.0,140.0
1066,2017-04-19,145.0,145.0,141.0,142.0,240297832,6317,13,142.0,143.0
1067,2017-04-22,145.0,149.0,145.0,145.0,591808542,15161,54,142.0,149.0
1068,2017-04-23,152.0,152.0,151.0,147.0,312765646,7771,29,145.0,152.0
1069,2017-04-24,154.0,154.0,154.0,150.0,617273740,15130,15,147.0,154.0
1070,2017-04-26,158.0,158.0,147.0,153.0,558042462,13516,41,150.0,155.0
1071,2017-04-29,155.0,155.0,151.0,153.0,34113675,841,5,153.0,151.0
1072,2017-04-30,153.0,153.0,152.0,153.0,9172933,227,3,153.0,152.0
1073,2017-05-01,152.0,153.0,147.0,152.0,308464973,7774,20,153.0,147.0
1074,2017-05-02,152.0,152.0,151.0,152.0,158162600,3934,12,152.0,152.0
1075,2017-05-03,158.0,158.0,151.0,152.0,162390622,4001,11,152.0,151.0
1076,2017-05-06,151.0,152.0,147.0,152.0,167283304,4206,17,152.0,147.0
1077,2017-05-07,147.0,151.0,144.0,151.0,259737757,6707,21,152.0,151.0
1078,2017-05-09,144.0,151.0,143.0,150.0,76910624,1950,5,151.0,151.0
1079,2017-05-10,151.0,151.0,144.0,150.0,55180963,1432,7,150.0,151.0
1080,2017-05-13,143.0,143.0,143.0,149.0,113514930,2999,8,150.0,143.0
1081,2017-05-15,142.0,143.0,142.0,148.0,239448380,6361,12,149.0,143.0
1082,2017-05-16,141.0,141.0,141.0,148.0,22859815,613,2,148.0,141.0
1083,2017-05-17,142.0,146.0,140.0,147.0,127440613,3403,13,148.0,141.0
1084,2017-05-20,143.0,143.0,143.0,147.0,9828000,260,1,147.0,143.0
1085,2017-05-21,140.0,147.0,140.0,146.0,123566413,3323,7,147.0,141.0
1086,2017-05-22,140.0,145.0,140.0,146.0,111142920,2987,12,146.0,140.0
1087,2017-05-23,138.0,143.0,138.0,144.0,579097967,15247,5,146.0,143.0
1088,2017-05-24,146.0,146.0,144.0,145.0,266667500,6922,24,144.0,146.0
1089,2017-05-27,145.0,145.0,138.0,144.0,187643200,4946,27,145.0,138.0
1090,2017-05-28,147.0,147.0,145.0,144.0,30663000,795,6,144.0,145.0
1091,2017-05-29,145.0,152.0,144.0,146.0,491279849,12605,36,144.0,152.0
1092,2017-05-30,151.0,153.0,151.0,147.0,223469740,5562,16,146.0,151.0
1093,2017-05-31,152.0,152.0,151.0,147.0,130605795,3262,15,147.0,151.0
1094,2017-06-03,151.0,151.0,147.0,147.0,318824128,8137,14,147.0,147.0
1095,2017-06-06,152.0,155.0,152.0,150.0,526644121,12950,25,147.0,155.0
1096,2017-06-07,157.0,157.0,157.0,157.0,1282948900,30750,53,150.0,157.0
1097,2017-06-10,165.0,165.0,158.0,158.0,288653090,6818,30,157.0,158.0
1098,2017-06-11,160.0,165.0,158.0,159.0,611186419,14364,43,158.0,164.0
1099,2017-06-12,164.0,164.0,159.0,159.0,191048701,4489,23,159.0,163.0
1100,2017-06-13,162.0,163.0,159.0,159.0,110970056,2605,20,159.0,160.0
1101,2017-06-14,159.0,164.0,159.0,161.0,820176552,19113,34,159.0,164.0
1102,2017-06-17,161.0,165.0,161.0,161.0,40649740,943,6,161.0,163.0
1103,2017-06-18,160.0,161.0,160.0,161.0,125202300,2936,13,161.0,160.0
1104,2017-06-19,161.0,164.0,160.0,162.0,925148534,21487,39,161.0,164.0
1105,2017-07-11,184.0,185.0,181.0,184.0,2395513843,125918,50,162.0,183.0
1106,2017-07-12,184.0,184.0,174.0,179.0,975620086,53099,41,184.0,177.0
1107,2017-07-15,176.0,186.0,176.0,180.0,569786794,30240,24,179.0,179.0
1108,2017-07-16,180.0,180.0,175.0,179.0,335483535,18391,24,180.0,178.0
1109,2017-07-17,182.0,184.0,179.0,180.0,525075300,28101,24,179.0,180.0
1110,2017-07-18,175.0,180.0,174.0,178.0,607623246,33600,27,180.0,179.0
1111,2017-07-19,173.0,180.0,173.0,178.0,25834605,1399,14,178.0,176.0
1112,2017-07-22,173.0,180.0,173.0,178.0,1417306,77,2,178.0,180.0
1113,2017-07-23,179.0,179.0,174.0,178.0,25756455,1395,8,178.0,179.0
1114,2017-07-24,179.0,179.0,174.0,175.0,958542526,53059,38,178.0,177.0
1115,2017-07-25,178.0,178.0,174.0,175.0,184068159,10154,27,175.0,176.0
1116,2017-07-26,176.0,178.0,174.0,176.0,250814474,13724,25,175.0,178.0
1117,2017-07-29,179.0,179.0,172.0,175.0,388706932,21631,15,176.0,172.0
1118,2017-07-30,173.0,178.0,173.0,175.0,115663680,6308,13,175.0,178.0
1119,2017-07-31,178.0,181.0,178.0,175.0,102572238,5497,15,175.0,180.0
1120,2017-08-01,178.0,179.0,175.0,176.0,139935639,7634,21,175.0,175.0
1121,2017-08-02,175.0,176.0,174.0,175.0,216950846,12038,12,176.0,174.0
1122,2017-08-06,176.0,176.0,174.0,175.0,243080900,13503,14,175.0,174.0
1123,2017-08-07,174.0,174.0,174.0,175.0,5202000,289,1,175.0,174.0
1124,2017-08-08,174.0,174.0,172.0,175.0,99582111,5533,10,175.0,174.0
1125,2017-08-09,172.0,172.0,168.0,175.0,119592915,6775,19,175.0,168.0
1126,2017-08-12,172.0,180.0,166.0,174.0,59023200,3360,7,175.0,174.0
1127,2017-08-13,172.0,176.0,172.0,174.0,38849084,2162,6,174.0,172.0
1128,2017-08-14,172.0,175.0,172.0,174.0,33166620,1830,7,174.0,172.0
1129,2017-08-15,174.0,177.0,174.0,174.0,13732580,761,6,174.0,174.0
1130,2017-08-16,167.0,176.0,167.0,174.0,137155584,7655,9,174.0,175.0
1131,2017-08-19,167.0,174.0,167.0,174.0,45559825,2584,12,174.0,174.0
1132,2017-08-20,171.0,176.0,171.0,174.0,18051430,1000,10,174.0,174.0
1133,2017-08-21,176.0,176.0,170.0,174.0,28992500,1630,5,174.0,171.0
1134,2017-08-22,171.0,174.0,169.0,172.0,648764930,36796,30,174.0,169.0
1135,2017-08-23,172.0,172.0,164.0,164.0,1951964110,114865,80,172.0,164.0
1136,2017-08-26,169.0,171.0,164.0,164.0,22733418,1294,11,164.0,164.0
1137,2017-08-27,164.0,164.0,161.0,164.0,82978300,4892,8,164.0,164.0
1138,2017-08-28,161.0,161.0,158.0,164.0,144005172,8700,15,164.0,159.0
1139,2017-08-30,171.0,172.0,171.0,164.0,91324186,5134,17,164.0,172.0
1140,2017-09-02,171.0,171.0,166.0,164.0,18305386,1037,4,164.0,166.0
1141,2017-09-03,164.0,165.0,164.0,164.0,93112043,5461,15,164.0,164.0
1142,2017-09-04,171.0,171.0,171.0,164.0,4956000,280,4,164.0,171.0
1143,2017-09-05,165.0,165.0,165.0,164.0,113252862,6617,8,164.0,165.0
1144,2017-09-06,171.0,172.0,171.0,165.0,157334266,8856,26,164.0,172.0
1145,2017-09-10,173.0,173.0,170.0,166.0,239059234,13369,30,165.0,173.0
1146,2017-09-11,174.0,174.0,174.0,167.0,175115299,9707,25,166.0,174.0
1147,2017-09-12,166.0,174.0,166.0,167.0,16804760,960,7,167.0,174.0
1148,2017-09-13,174.0,174.0,164.0,166.0,471389148,27629,19,167.0,164.0
1149,2017-09-16,174.0,175.0,166.0,167.0,91979440,5258,20,166.0,166.0
1150,2017-09-17,166.0,166.0,166.0,167.0,17202500,1000,2,167.0,166.0
1151,2017-09-20,166.0,166.0,164.0,167.0,22898285,1338,10,167.0,166.0
1152,2017-09-23,164.0,164.0,161.0,166.0,24458035,1444,8,167.0,161.0
1153,2017-09-24,164.0,165.0,162.0,166.0,7996850,474,3,166.0,162.0
1154,2017-09-25,166.0,173.0,166.0,166.0,6950383718,402953,14,166.0,173.0
1155,2017-09-26,169.0,169.0,166.0,167.0,52625000,3030,9,166.0,169.0
1156,2017-09-27,167.0,167.0,167.0,167.0,34876000,2015,3,167.0,167.0
1157,2017-10-02,167.0,167.0,161.0,166.0,22651600,1346,4,167.0,161.0
1158,2017-10-03,172.0,172.0,161.0,166.0,7053700,412,4,166.0,161.0
1159,2017-10-04,161.0,171.0,161.0,166.0,29486011,1751,8,166.0,171.0
1160,2017-10-07,162.0,162.0,162.0,166.0,39680206,2362,7,166.0,162.0
1161,2017-10-08,164.0,164.0,162.0,166.0,83158596,4931,11,166.0,162.0
1162,2017-10-09,166.0,166.0,161.0,166.0,50900452,3049,10,166.0,161.0
1163,2017-10-10,161.0,164.0,161.0,166.0,113977888,6718,6,166.0,164.0
1164,2017-10-11,161.0,161.0,161.0,165.0,56847784,3411,11,166.0,161.0
1165,2017-10-14,160.0,160.0,160.0,165.0,39658196,2386,9,165.0,160.0
1166,2017-10-15,160.0,164.0,160.0,165.0,124286921,7373,12,165.0,164.0
1167,2017-10-16,164.0,164.0,161.0,165.0,100204865,5899,10,165.0,164.0
1168,2017-10-17,164.0,164.0,163.0,165.0,87332250,5175,5,165.0,163.0
1169,2017-10-18,161.0,164.0,161.0,165.0,17513326,1045,5,165.0,164.0
1170,2017-10-21,161.0,161.0,159.0,165.0,49764164,2989,6,165.0,159.0
1171,2017-10-22,164.0,164.0,164.0,165.0,1682901,99,1,165.0,164.0
1172,2017-10-23,161.0,161.0,160.0,164.0,156081300,9400,8,165.0,160.0
1173,2017-10-24,164.0,164.0,164.0,164.0,38542711,2271,14,164.0,164.0
1174,2017-10-25,159.0,159.0,158.0,164.0,46058696,2809,10,164.0,158.0
1175,2017-10-28,158.0,158.0,158.0,164.0,27322400,1666,5,164.0,158.0
1176,2017-10-29,158.0,158.0,158.0,164.0,51459428,3141,18,164.0,158.0
1177,2017-10-31,162.0,162.0,157.0,163.0,155789728,9543,16,164.0,159.0
1178,2017-11-01,155.0,159.0,155.0,162.0,72424276,4472,11,163.0,159.0
1179,2017-11-04,154.0,159.0,154.0,162.0,103557458,6466,18,162.0,159.0
1180,2017-11-05,158.0,158.0,158.0,162.0,1968000,120,1,162.0,158.0
1181,2017-11-06,158.0,164.0,157.0,162.0,58657364,3520,11,162.0,164.0
1182,2017-11-07,158.0,163.0,158.0,162.0,10981185,669,5,162.0,163.0
1183,2017-11-08,164.0,164.0,154.0,161.0,106760139,6511,15,162.0,156.0
1184,2017-11-11,163.0,163.0,163.0,161.0,1097200,65,1,161.0,163.0
1185,2017-11-12,155.0,155.0,153.0,161.0,118051000,7400,6,161.0,153.0
1186,2017-11-13,154.0,159.0,153.0,159.0,233251553,14659,37,161.0,153.0
1187,2017-11-14,151.0,157.0,151.0,159.0,54576574,3362,6,159.0,157.0
1188,2017-11-15,151.0,151.0,151.0,159.0,78430,5,1,159.0,151.0
1189,2017-11-18,154.0,154.0,154.0,159.0,49104000,3069,7,159.0,154.0
1190,2017-11-20,154.0,154.0,152.0,159.0,82452179,5165,7,159.0,154.0
1191,2017-11-21,151.0,152.0,151.0,159.0,37966748,2424,11,159.0,151.0
1192,2017-11-22,159.0,164.0,157.0,160.0,473629062,28216,30,159.0,164.0
1193,2017-11-25,166.0,166.0,161.0,160.0,18720268,1121,6,160.0,161.0
1194,2017-11-26,161.0,161.0,161.0,160.0,127150966,7635,15,160.0,161.0
1195,2017-11-28,159.0,159.0,154.0,160.0,43653000,2682,4,160.0,154.0
1196,2017-11-29,152.0,159.0,152.0,159.0,174201014,11065,23,160.0,159.0
1197,2017-12-02,154.0,154.0,151.0,158.0,138701270,8823,17,159.0,151.0
1198,2017-12-03,151.0,152.0,151.0,157.0,90411791,5761,7,158.0,152.0
1199,2017-12-04,153.0,153.0,153.0,157.0,88868010,5621,6,157.0,153.0
1200,2017-12-05,151.0,151.0,151.0,157.0,5315860,340,3,157.0,151.0
1201,2017-12-09,157.0,157.0,156.0,157.0,17339134,1066,3,157.0,156.0
1202,2017-12-10,163.0,163.0,163.0,157.0,1958892,116,2,157.0,163.0
1203,2017-12-11,163.0,163.0,152.0,157.0,162468883,10007,12,157.0,154.0
1204,2017-12-12,153.0,153.0,153.0,157.0,7950000,500,3,157.0,153.0
1205,2017-12-13,152.0,152.0,152.0,157.0,3927500,250,1,157.0,152.0
1206,2017-12-16,152.0,152.0,149.0,154.0,529546095,34224,18,157.0,152.0
1207,2017-12-17,149.0,154.0,146.0,154.0,24887322771,1562442,160,154.0,154.0
1208,2017-12-18,160.0,160.0,159.0,154.0,66599990,4037,11,154.0,159.0
1209,2017-12-19,159.0,159.0,154.0,154.0,61407286,3832,17,154.0,154.0
1210,2017-12-20,151.0,162.0,150.0,159.0,1343876097,81627,26,154.0,162.0
1211,2017-12-23,159.0,159.0,159.0,159.0,23430720,1420,5,159.0,159.0
1212,2017-12-24,165.0,165.0,159.0,159.0,45568670,2736,10,159.0,159.0
1213,2017-12-25,163.0,164.0,161.0,159.0,45266640,2702,12,159.0,164.0
1214,2017-12-26,165.0,167.0,164.0,164.0,992831056,57810,48,159.0,167.0
1215,2017-12-27,167.0,172.0,167.0,167.0,545813007,30778,45,164.0,172.0
1216,2017-12-30,175.0,175.0,158.0,169.0,994566266,56282,50,167.0,175.0
1217,2017-12-31,177.0,177.0,164.0,172.0,571236650,31217,13,169.0,172.0
1218,2018-01-01,174.0,174.0,172.0,172.0,4383200,244,2,172.0,172.0
1219,2018-01-02,176.0,176.0,173.0,172.0,49143212,2733,6,172.0,174.0
1220,2018-01-03,174.0,175.0,164.0,172.0,111648108,6444,12,172.0,169.0
1221,2018-01-06,172.0,174.0,172.0,172.0,252765380,14156,15,172.0,173.0
1222,2018-01-07,174.0,174.0,169.0,172.0,68863879,3906,13,172.0,173.0
1223,2018-01-08,166.0,170.0,166.0,171.0,357835920,20594,17,172.0,166.0
1224,2018-01-09,167.0,172.0,167.0,171.0,96862716,5491,10,171.0,171.0
1225,2018-01-10,170.0,171.0,168.0,171.0,96141710,5458,10,171.0,170.0
1226,2018-01-13,171.0,171.0,166.0,171.0,53009300,3014,12,171.0,169.0
1227,2018-01-14,171.0,171.0,165.0,170.0,204504327,11709,30,171.0,170.0
1228,2018-01-24,162.0,162.0,162.0,162.0,102357408,6602,16,170.0,162.0
1229,2018-01-27,154.0,154.0,154.0,161.0,57060146,3874,16,162.0,154.0
1230,2018-01-28,153.0,153.0,153.0,161.0,27299594,1858,5,161.0,153.0
1231,2018-01-29,153.0,153.0,153.0,159.0,333644184,22734,13,161.0,153.0
1232,2018-01-30,151.0,151.0,151.0,159.0,11733548,811,3,159.0,151.0
1233,2018-01-31,151.0,151.0,151.0,159.0,8242200,570,2,159.0,151.0
1234,2018-02-03,151.0,151.0,151.0,158.0,85073560,5885,8,159.0,151.0
1235,2018-02-04,150.0,150.0,150.0,158.0,2880400,200,1,158.0,150.0
1236,2018-02-05,150.0,151.0,150.0,154.0,551784225,38313,23,158.0,150.0
1237,2018-02-06,157.0,159.0,148.0,154.0,35834490,2510,12,154.0,149.0
1238,2018-02-07,153.0,153.0,151.0,154.0,42037300,2869,11,154.0,153.0
1239,2018-02-10,153.0,153.0,148.0,154.0,29115534,2041,4,154.0,148.0
1240,2018-02-12,148.0,148.0,148.0,154.0,4267500,300,2,154.0,148.0
1241,2018-02-13,151.0,151.0,148.0,154.0,22617980,1566,9,154.0,148.0
1242,2018-02-17,148.0,148.0,148.0,154.0,4260300,300,1,154.0,148.0
1243,2018-02-18,148.0,148.0,146.0,153.0,94962135,6730,17,154.0,146.0
1244,2018-02-19,151.0,151.0,149.0,153.0,7551863,524,3,153.0,149.0
1245,2018-02-24,146.0,146.0,146.0,153.0,61153660,4380,17,153.0,146.0
1246,2018-02-25,146.0,146.0,146.0,153.0,994000,71,1,153.0,146.0
1247,2018-02-26,152.0,152.0,145.0,153.0,64735692,4501,6,153.0,145.0
1248,2018-02-27,146.0,152.0,146.0,153.0,18952295,1352,3,153.0,152.0
1249,2018-02-28,146.0,152.0,145.0,153.0,14930414,1068,5,153.0,152.0
1250,2018-03-03,151.0,151.0,146.0,152.0,101251710,7206,9,153.0,146.0
1251,2018-03-04,146.0,146.0,145.0,150.0,454775807,32500,12,152.0,145.0
1252,2018-03-05,146.0,146.0,146.0,150.0,12432000,888,2,150.0,146.0
1253,2018-03-06,153.0,153.0,153.0,150.0,1175840,80,2,150.0,153.0
1254,2018-03-07,146.0,146.0,143.0,150.0,5019200,361,3,150.0,143.0
1255,2018-03-10,144.0,144.0,143.0,149.0,173760000,12600,10,150.0,144.0
1256,2018-03-11,144.0,144.0,144.0,148.0,276100000,20000,3,149.0,144.0
1257,2018-03-12,144.0,144.0,144.0,147.0,76757200,5560,4,148.0,144.0
1258,2018-03-14,151.0,151.0,151.0,147.0,5502783,381,1,147.0,151.0
1259,2018-03-17,151.0,155.0,147.0,149.0,1834486143,128445,47,147.0,155.0
1260,2018-03-18,156.0,157.0,149.0,150.0,180882837,12215,18,149.0,155.0
1261,2018-03-19,155.0,157.0,155.0,154.0,751232320,49884,23,150.0,157.0
1262,2018-03-25,162.0,162.0,162.0,156.0,247083590,15904,17,154.0,162.0
1263,2018-03-26,160.0,164.0,160.0,157.0,95517272,6092,9,156.0,164.0
1264,2018-03-27,157.0,157.0,157.0,157.0,797003016,53064,21,157.0,157.0
1265,2018-03-28,162.0,164.0,162.0,157.0,66595500,4272,8,157.0,164.0
1266,2018-04-03,165.0,165.0,165.0,157.0,10899240,690,6,157.0,165.0
1267,2018-04-04,165.0,165.0,165.0,159.0,338320820,21410,17,157.0,165.0
1268,2018-04-07,167.0,167.0,164.0,159.0,17563058,1100,7,159.0,167.0
1269,2018-04-08,159.0,159.0,158.0,159.0,33561400,2210,4,159.0,158.0
1270,2018-04-09,152.0,152.0,152.0,159.0,17044190,1169,5,159.0,152.0
1271,2018-04-10,157.0,157.0,157.0,159.0,4290000,286,2,159.0,157.0
1272,2018-04-15,152.0,152.0,151.0,159.0,69862268,4808,3,159.0,151.0
1273,2018-04-16,151.0,151.0,151.0,159.0,17478450,1210,4,159.0,151.0
1274,2018-04-17,151.0,151.0,151.0,159.0,2222990,154,2,159.0,151.0
1275,2018-04-18,151.0,151.0,151.0,158.0,88624760,6140,5,159.0,151.0
1276,2018-04-21,150.0,150.0,150.0,158.0,15888795,1105,5,158.0,150.0
1277,2018-04-22,150.0,150.0,150.0,158.0,2873800,200,2,158.0,150.0
1278,2018-04-23,150.0,153.0,150.0,155.0,451300451,31135,19,158.0,153.0
1279,2018-04-24,159.0,163.0,159.0,157.0,421412868,27523,23,155.0,163.0
1280,2018-04-25,165.0,165.0,164.0,157.0,32613804,2068,5,157.0,165.0
1281,2018-04-28,157.0,165.0,157.0,157.0,57899799,3750,7,157.0,164.0
1282,2018-04-29,164.0,164.0,164.0,157.0,8331750,529,2,157.0,164.0
1283,2018-04-30,165.0,165.0,157.0,157.0,91063770,6002,6,157.0,157.0
1284,2018-05-01,165.0,165.0,157.0,158.0,394768018,26113,21,157.0,164.0
1285,2018-05-05,150.0,165.0,150.0,158.0,263758011,17224,38,158.0,158.0
1286,2018-05-06,165.0,165.0,165.0,158.0,30580200,1932,3,158.0,165.0
1287,2018-05-07,166.0,166.0,158.0,158.0,58381194,3749,6,158.0,165.0
1288,2018-05-08,166.0,166.0,164.0,159.0,34927440,2209,16,158.0,164.0
1289,2018-05-09,166.0,166.0,160.0,159.0,83732169,5300,13,159.0,165.0
1290,2018-05-12,166.0,167.0,163.0,159.0,39957363,2536,12,159.0,163.0
1291,2018-05-13,167.0,167.0,160.0,159.0,72788142,4724,5,159.0,160.0
1292,2018-05-14,167.0,167.0,159.0,159.0,46485421,3013,7,159.0,159.0
1293,2018-05-15,167.0,167.0,159.0,159.0,164547978,10746,12,159.0,159.0
1294,2018-05-16,167.0,167.0,159.0,159.0,168840049,11030,12,159.0,167.0
1295,2018-05-19,167.0,167.0,159.0,159.0,31436052,2034,5,159.0,159.0
1296,2018-05-20,167.0,167.0,167.0,161.0,260530562,16260,30,159.0,167.0
1297,2018-05-21,162.0,169.0,162.0,161.0,55241880,3469,10,161.0,169.0
1298,2018-05-22,161.0,161.0,161.0,161.0,247270000,16000,7,161.0,161.0
1299,2018-05-23,169.0,169.0,157.0,161.0,20125255,1340,3,161.0,157.0
1300,2018-05-26,167.0,167.0,159.0,161.0,35873455,2337,5,161.0,160.0
1301,2018-05-27,167.0,167.0,167.0,161.0,1151784,72,1,161.0,167.0
1302,2018-05-29,160.0,161.0,153.0,161.0,11866844942,768785,22,161.0,161.0
1303,2018-05-30,153.0,157.0,153.0,161.0,17956678,1218,8,161.0,157.0
1304,2018-06-02,153.0,156.0,153.0,161.0,40188433,2739,9,161.0,153.0
1305,2018-06-03,166.0,166.0,157.0,161.0,323078732,20598,5,161.0,164.0
1306,2018-06-09,153.0,153.0,153.0,161.0,95417700,6491,7,161.0,153.0
1307,2018-06-10,153.0,153.0,153.0,161.0,4318800,295,2,161.0,153.0
1308,2018-06-11,153.0,153.0,153.0,161.0,19379388,1324,13,161.0,153.0
1309,2018-06-12,153.0,153.0,153.0,159.0,272361375,18623,18,161.0,153.0
1310,2018-06-13,151.0,151.0,151.0,151.0,3779433210,261462,92,159.0,151.0
1311,2018-06-17,143.0,150.0,143.0,145.0,24219384432,1737875,324,151.0,144.0
1312,2018-06-18,146.0,149.0,139.0,142.0,1970519635,144418,139,145.0,140.0
1313,2018-06-19,139.0,144.0,139.0,142.0,4838412225,356351,115,142.0,139.0
1314,2018-06-20,138.0,139.0,137.0,138.0,1543668518,117109,101,142.0,139.0
1315,2018-06-23,137.0,139.0,132.0,138.0,1641676329,124526,81,138.0,132.0
1316,2018-06-24,139.0,139.0,135.0,137.0,1331073421,101591,79,138.0,136.0
1317,2018-06-25,136.0,141.0,136.0,137.0,809350783,61481,48,137.0,138.0
1318,2018-06-26,137.0,143.0,137.0,138.0,343273705,25645,34,137.0,138.0
1319,2018-06-27,138.0,138.0,131.0,136.0,554326399,43080,43,138.0,131.0
1320,2018-06-30,131.0,134.0,131.0,135.0,289996090,23086,26,136.0,131.0
1321,2018-07-01,131.0,138.0,128.0,131.0,668712160,54040,51,135.0,128.0
1322,2018-07-02,131.0,131.0,124.0,128.0,551923090,45761,49,131.0,125.0
1323,2018-07-03,125.0,130.0,125.0,127.0,280065764,23217,31,128.0,127.0
1324,2018-07-04,125.0,127.0,125.0,126.0,437264140,36394,39,127.0,127.0
1325,2018-07-07,126.0,128.0,125.0,127.0,126136903,10386,26,126.0,128.0
1326,2018-07-08,126.0,132.0,126.0,130.0,863552027,69249,61,127.0,131.0
1327,2018-07-10,129.0,129.0,123.0,127.0,641063404,53095,42,130.0,127.0
1328,2018-07-11,125.0,125.0,123.0,127.0,153179452,12936,19,127.0,123.0
1329,2018-07-14,125.0,125.0,123.0,126.0,123046580,10450,13,127.0,125.0
1330,2018-07-15,130.0,130.0,124.0,126.0,69141469,5799,14,126.0,124.0
1331,2018-07-16,124.0,124.0,120.0,125.0,219666875,18915,29,126.0,121.0
1332,2018-07-17,122.0,122.0,122.0,125.0,233100,20,1,125.0,122.0
1333,2018-07-18,122.0,122.0,121.0,123.0,358252577,30916,24,125.0,121.0
1334,2018-07-21,121.0,125.0,121.0,123.0,96782591,8302,11,123.0,122.0
1335,2018-07-22,121.0,125.0,121.0,123.0,199146898,17188,13,123.0,125.0
1336,2018-07-23,122.0,122.0,121.0,122.0,175217990,15137,23,123.0,121.0
1337,2018-07-24,120.0,120.0,120.0,122.0,31868431,2777,3,122.0,120.0
1338,2018-07-25,119.0,120.0,116.0,122.0,102532564,9134,21,122.0,116.0
1339,2018-07-28,116.0,117.0,116.0,119.0,372001151,33378,39,122.0,116.0
1340,2018-07-29,115.0,117.0,115.0,119.0,223472707,20111,22,119.0,115.0
1341,2018-07-30,117.0,120.0,115.0,118.0,231658360,20545,23,119.0,115.0
1342,2018-07-31,124.0,124.0,115.0,119.0,266063817,22685,29,118.0,123.0
1343,2018-08-01,125.0,125.0,116.0,120.0,180867674,15228,16,119.0,123.0
1344,2018-08-04,116.0,118.0,116.0,119.0,314612536,28050,16,120.0,117.0
1345,2018-08-05,120.0,120.0,116.0,119.0,174914140,15622,23,119.0,118.0
1346,2018-08-06,118.0,118.0,113.0,116.0,678516314,61708,50,119.0,113.0
1347,2018-08-07,121.0,121.0,110.0,114.0,274392201,25917,24,116.0,111.0
1348,2018-08-08,111.0,114.0,108.0,112.0,350891641,33207,27,114.0,114.0
1349,2018-08-11,118.0,118.0,107.0,110.0,428646482,41318,44,112.0,107.0
1350,2018-08-12,108.0,110.0,105.0,110.0,122423894,12024,13,110.0,105.0
1351,2018-08-13,105.0,105.0,104.0,109.0,162994075,16225,17,110.0,105.0
1352,2018-08-14,104.0,106.0,103.0,107.0,237335566,23890,33,109.0,106.0
1353,2018-08-15,104.0,109.0,102.0,105.0,396645006,40086,42,107.0,109.0
1354,2018-08-18,109.0,110.0,109.0,109.0,670233691,63747,61,105.0,110.0
1355,2018-08-19,112.0,114.0,110.0,110.0,278369889,26074,28,109.0,112.0
1356,2018-08-20,113.0,115.0,110.0,114.0,828464759,75775,37,110.0,115.0
1357,2018-08-21,119.0,120.0,118.0,116.0,293432805,25620,37,114.0,118.0
1358,2018-08-25,119.0,120.0,115.0,116.0,268743607,23927,19,116.0,117.0
1359,2018-08-26,119.0,120.0,116.0,117.0,281438293,24664,22,116.0,116.0
1360,2018-08-27,116.0,118.0,116.0,117.0,364242364,32524,20,117.0,118.0
1361,2018-08-28,119.0,121.0,119.0,118.0,335542698,29362,24,117.0,121.0
1362,2018-08-29,119.0,123.0,115.0,118.0,478605982,42324,34,118.0,117.0
1363,2018-09-01,115.0,124.0,115.0,122.0,764150335,64968,30,118.0,121.0
1364,2018-09-02,121.0,121.0,116.0,119.0,652111748,58033,43,122.0,120.0
1365,2018-09-03,121.0,121.0,113.0,117.0,279609628,25429,31,119.0,113.0
1366,2018-09-04,119.0,119.0,115.0,117.0,257493855,23055,26,117.0,116.0
1367,2018-09-05,118.0,119.0,116.0,117.0,212647608,18715,17,117.0,118.0
1368,2018-09-08,118.0,123.0,116.0,118.0,6403021169,567267,132,117.0,118.0
1369,2018-09-09,122.0,124.0,122.0,124.0,10535365868,889208,220,118.0,124.0
1370,2018-09-10,130.0,130.0,125.0,129.0,14362345498,1165689,227,124.0,127.0
1371,2018-09-11,129.0,135.0,124.0,130.0,5581637543,446739,168,129.0,128.0
1372,2018-09-12,124.0,130.0,124.0,127.0,3758290148,309060,164,130.0,128.0
1373,2018-09-15,128.0,128.0,121.0,122.0,5181963620,445108,252,127.0,122.0
1374,2018-09-16,117.0,128.0,117.0,124.0,2723976207,229997,137,122.0,128.0
1375,2018-09-17,128.0,130.0,125.0,130.0,6186927033,498119,159,124.0,125.0
1376,2018-09-18,130.0,135.0,127.0,131.0,4393595766,351138,194,130.0,127.0
1377,2018-09-22,136.0,137.0,136.0,137.0,29270379268,2228955,514,131.0,137.0
1378,2018-09-23,144.0,144.0,140.0,144.0,43314141312,3142711,716,137.0,144.0
1379,2018-09-24,147.0,151.0,145.0,150.0,17143385858,1189865,355,144.0,151.0
1380,2018-09-25,158.0,166.0,153.0,158.0,19380538848,1280919,466,150.0,156.0
1381,2018-09-26,161.0,166.0,151.0,158.0,26499809031,1755183,988,158.0,157.0
1382,2018-09-29,165.0,165.0,158.0,162.0,11533313138,742985,452,158.0,163.0
1383,2018-09-30,170.0,170.0,170.0,170.0,15644156119,960019,411,162.0,170.0
1384,2018-10-01,179.0,179.0,162.0,168.0,16583941694,1027725,602,170.0,163.0
1385,2018-10-02,163.0,163.0,160.0,162.0,1169996577,75690,66,168.0,160.0
1386,2018-10-03,154.0,154.0,154.0,160.0,267432960,18168,34,162.0,154.0
1387,2018-10-06,152.0,152.0,152.0,152.0,1603274904,110168,70,160.0,152.0
1388,2018-10-07,144.0,144.0,144.0,146.0,845169554,61129,23,152.0,144.0
1389,2018-10-08,139.0,139.0,139.0,141.0,704315272,52964,19,146.0,139.0
1390,2018-10-09,134.0,141.0,134.0,135.0,12131903607,936898,418,141.0,134.0
1391,2018-10-10,128.0,130.0,128.0,128.0,2746377226,223173,108,135.0,128.0
1392,2018-10-13,122.0,122.0,122.0,122.0,885090537,75707,26,128.0,122.0
1393,2018-10-14,116.0,116.0,116.0,121.0,131383848,11796,6,122.0,116.0
1394,2018-10-15,115.0,127.0,115.0,118.0,6758477037,596563,340,121.0,117.0
1395,2018-10-16,123.0,123.0,112.0,115.0,6168127133,558314,304,118.0,112.0
1396,2018-10-17,119.0,120.0,112.0,118.0,2712110251,240502,167,115.0,120.0
1397,2018-10-20,124.0,124.0,124.0,124.0,2136532568,180471,51,118.0,124.0
1398,2018-10-21,130.0,130.0,130.0,130.0,2240072450,180215,44,124.0,130.0
1399,2018-10-22,136.0,136.0,130.0,136.0,12479488136,960070,421,130.0,136.0
1400,2018-10-23,142.0,142.0,129.0,131.0,3445084626,274819,193,136.0,131.0
1401,2018-10-24,132.0,132.0,124.0,125.0,1657761760,138835,117,131.0,124.0
1402,2018-10-27,124.0,124.0,118.0,119.0,2327008674,203704,114,125.0,118.0
1403,2018-10-28,117.0,122.0,117.0,121.0,1782363542,153677,114,119.0,122.0
1404,2018-10-29,127.0,127.0,122.0,124.0,1092259796,92043,55,121.0,125.0
1405,2018-10-31,125.0,126.0,124.0,125.0,782891449,65550,64,124.0,125.0
1406,2018-11-03,118.0,125.0,118.0,119.0,1018194139,89054,64,125.0,120.0
1407,2018-11-04,118.0,121.0,116.0,118.0,1129424409,100121,70,119.0,116.0
1408,2018-11-05,124.0,124.0,120.0,123.0,2831906166,239991,114,118.0,124.0
1409,2018-11-06,124.0,129.0,124.0,127.0,2049055270,167919,129,123.0,128.0
1410,2018-11-10,128.0,132.0,127.0,129.0,1228194008,99098,111,127.0,129.0
1411,2018-11-11,129.0,129.0,123.0,124.0,2094639765,176697,121,129.0,124.0
1412,2018-11-12,124.0,124.0,118.0,120.0,1429847534,124752,114,124.0,120.0
1413,2018-11-13,120.0,124.0,118.0,119.0,1369237310,119904,68,120.0,120.0
1414,2018-11-14,123.0,123.0,118.0,119.0,1624542230,142617,97,119.0,119.0
1415,2018-11-17,118.0,121.0,118.0,119.0,1281715903,112086,77,119.0,119.0
1416,2018-11-18,125.0,125.0,117.0,119.0,1138911263,100185,82,119.0,119.0
1417,2018-11-19,117.0,120.0,117.0,119.0,1183426523,104091,75,119.0,119.0
1418,2018-11-20,119.0,121.0,119.0,119.0,490145340,42924,49,119.0,119.0
1419,2018-11-21,121.0,122.0,120.0,121.0,1289776728,111350,57,119.0,121.0
1420,2018-11-24,117.0,117.0,117.0,120.0,109784997,9800,13,121.0,117.0
1421,2018-11-27,117.0,117.0,114.0,115.0,4972474795,452024,221,120.0,114.0
1422,2018-11-28,113.0,113.0,109.0,109.0,2999904316,286334,193,115.0,109.0
1423,2018-12-01,105.0,114.0,104.0,104.0,3348693062,335766,210,109.0,104.0
1424,2018-12-02,106.0,109.0,102.0,105.0,14584826313,1447783,137,104.0,109.0
1425,2018-12-03,110.0,110.0,110.0,107.0,302787779,28627,19,105.0,110.0
1426,2018-12-04,112.0,112.0,112.0,111.0,721601916,67026,15,107.0,112.0
1427,2018-12-05,117.0,117.0,117.0,117.0,878863167,78351,13,111.0,117.0
1428,2018-12-08,123.0,123.0,123.0,123.0,987638040,83940,15,117.0,123.0
1429,2018-12-09,129.0,129.0,121.0,128.0,18871595246,1540975,426,123.0,125.0
1430,2018-12-10,124.0,124.0,121.0,122.0,5853243262,502469,255,128.0,123.0
1431,2018-12-11,117.0,127.0,117.0,124.0,3128122855,263940,137,122.0,122.0
1432,2018-12-12,125.0,130.0,120.0,128.0,6412702977,523687,203,124.0,128.0
1433,2018-12-15,132.0,132.0,124.0,127.0,793998099,65527,88,128.0,124.0
1434,2018-12-16,122.0,129.0,122.0,125.0,338434276,28764,47,127.0,122.0
1435,2018-12-17,122.0,125.0,119.0,123.0,606848483,52180,61,125.0,123.0
1436,2018-12-18,124.0,124.0,117.0,117.0,1099431446,98116,71,123.0,118.0
1437,2018-12-19,121.0,121.0,111.0,114.0,630983899,58393,45,117.0,114.0
1438,2018-12-22,119.0,119.0,110.0,113.0,374247408,35224,41,114.0,111.0
1439,2018-12-23,115.0,115.0,110.0,113.0,2670655540,246682,111,113.0,114.0
1440,2018-12-24,115.0,115.0,109.0,111.0,923992995,87184,73,113.0,109.0
1441,2018-12-25,114.0,115.0,109.0,110.0,418577805,39681,68,111.0,110.0
1442,2018-12-26,112.0,115.0,111.0,112.0,501216408,46236,63,110.0,113.0
1443,2018-12-29,110.0,114.0,110.0,112.0,901232326,83914,63,112.0,113.0
1444,2018-12-30,112.0,118.0,110.0,117.0,2450876366,218696,119,112.0,118.0
1445,2018-12-31,122.0,122.0,119.0,121.0,2272350824,196076,133,117.0,122.0
1446,2019-01-01,125.0,127.0,122.0,125.0,1679627676,140051,145,121.0,126.0
1447,2019-01-02,127.0,127.0,120.0,124.0,1725526979,144997,86,125.0,124.0
1448,2019-01-05,125.0,125.0,120.0,123.0,375369403,32392,51,124.0,120.0
1449,2019-01-06,124.0,124.0,117.0,122.0,385770432,33475,52,123.0,119.0
1450,2019-01-07,116.0,123.0,116.0,119.0,2337290632,205794,70,122.0,120.0
1451,2019-01-09,125.0,125.0,120.0,124.0,2047493887,172376,95,119.0,122.0
1452,2019-01-12,121.0,124.0,121.0,123.0,414163327,35530,48,124.0,121.0
1453,2019-01-13,118.0,122.0,117.0,118.0,2851904088,253162,209,123.0,117.0
1454,2019-01-14,117.0,120.0,116.0,117.0,2135895340,189748,102,118.0,117.0
1455,2019-01-15,117.0,119.0,114.0,116.0,2377957342,213824,158,117.0,116.0
1456,2019-01-20,116.0,122.0,116.0,122.0,1539634810,142510,71,116.0,122.0
1457,2019-01-21,124.0,124.0,121.0,122.0,927146574,85314,75,122.0,122.0
1458,2019-01-22,125.0,125.0,119.0,123.0,1064233663,97447,52,122.0,125.0
1459,2019-01-23,125.0,129.0,125.0,128.0,2159726073,189646,64,123.0,129.0
1460,2019-01-26,134.0,134.0,134.0,134.0,8280151901,692595,153,128.0,134.0
1461,2019-01-27,140.0,140.0,129.0,135.0,3828595730,319621,200,134.0,135.0
1462,2019-01-28,132.0,135.0,129.0,134.0,553873995,46762,50,135.0,135.0
1463,2019-01-29,128.0,141.0,128.0,138.0,4134176721,337526,241,134.0,137.0
1464,2019-01-30,141.0,145.0,137.0,143.0,3474004064,274041,184,138.0,142.0
1465,2019-02-02,145.0,145.0,136.0,140.0,2279168653,182954,102,143.0,140.0
1466,2019-02-03,139.0,140.0,134.0,137.0,2093412629,171849,94,140.0,136.0
1467,2019-02-04,139.0,139.0,135.0,136.0,832925727,68917,34,137.0,135.0
1468,2019-02-05,138.0,141.0,137.0,140.0,1274079195,102485,65,136.0,141.0
1469,2019-02-06,135.0,141.0,135.0,138.0,567798749,46929,49,140.0,135.0
1470,2019-02-10,135.0,139.0,135.0,135.0,1017572434,84467,33,138.0,137.0
1471,2019-02-12,137.0,137.0,132.0,134.0,1050522491,87913,32,135.0,134.0
1472,2019-02-13,132.0,135.0,131.0,134.0,132068851,11252,41,134.0,133.0
1473,2019-02-16,130.0,133.0,129.0,133.0,260249522,22385,28,134.0,130.0
1474,2019-02-17,130.0,135.0,130.0,134.0,1963232628,165383,72,133.0,135.0
1475,2019-02-18,135.0,135.0,131.0,134.0,440673357,37016,34,134.0,133.0
1476,2019-02-19,134.0,135.0,128.0,131.0,911021375,78047,55,134.0,129.0
1477,2019-02-20,129.0,134.0,128.0,128.0,1196406441,105054,83,131.0,128.0
1478,2019-02-23,128.0,128.0,125.0,126.0,1819197795,162328,110,128.0,127.0
1479,2019-02-24,127.0,131.0,127.0,128.0,562594967,48973,57,126.0,129.0
1480,2019-02-25,134.0,134.0,131.0,133.0,1321381605,111520,55,128.0,133.0
1481,2019-02-26,131.0,133.0,131.0,132.0,1144678246,97455,42,133.0,133.0
1482,2019-02-27,133.0,133.0,130.0,132.0,896308912,76411,48,132.0,133.0
1483,2019-03-02,132.0,137.0,127.0,133.0,1913322144,162273,87,132.0,136.0
1484,2019-03-03,130.0,139.0,130.0,135.0,1457156180,121132,81,133.0,135.0
1485,2019-03-04,138.0,138.0,132.0,133.0,691119305,58618,66,135.0,135.0
1486,2019-03-05,135.0,137.0,130.0,133.0,1299884841,110023,51,133.0,136.0
1487,2019-03-06,135.0,137.0,132.0,134.0,959277524,80637,70,133.0,134.0
1488,2019-03-09,134.0,140.0,132.0,137.0,3788408067,310488,129,134.0,140.0
1489,2019-03-10,141.0,142.0,138.0,141.0,3557688557,283552,139,137.0,142.0
1490,2019-03-11,139.0,142.0,137.0,139.0,1973739973,160109,68,141.0,138.0
1491,2019-03-12,138.0,141.0,135.0,137.0,1672965740,137042,75,139.0,141.0
1492,2019-03-13,135.0,139.0,135.0,137.0,120277391,9912,26,137.0,138.0
1493,2019-03-16,142.0,142.0,136.0,137.0,1350438471,110836,70,137.0,138.0
1494,2019-03-17,143.0,143.0,135.0,138.0,596749245,48498,43,137.0,137.0
1495,2019-03-18,135.0,141.0,135.0,137.0,3200209003,262397,94,138.0,135.0
1496,2019-03-19,141.0,141.0,135.0,137.0,1571674781,129105,52,137.0,136.0
1497,2019-03-25,139.0,139.0,138.0,137.0,217983660,17658,10,137.0,138.0
1498,2019-03-26,139.0,139.0,135.0,138.0,677891595,55321,40,137.0,137.0
1499,2019-03-27,139.0,139.0,137.0,138.0,1056061582,86084,44,138.0,139.0
1500,2019-03-30,139.0,145.0,139.0,144.0,2087076285,162893,112,138.0,145.0
1501,2019-03-31,151.0,151.0,147.0,150.0,5319216664,398131,135,144.0,149.0
1502,2019-04-06,148.0,151.0,146.0,149.0,1453103855,109786,89,150.0,149.0
1503,2019-04-07,149.0,156.0,149.0,155.0,10225979668,739897,236,149.0,156.0
1504,2019-04-08,159.0,163.0,157.0,163.0,4143240987,286167,131,155.0,163.0
1505,2019-04-09,170.0,171.0,164.0,170.0,6367904734,420505,126,163.0,171.0
1506,2019-04-10,179.0,179.0,178.0,179.0,16198937487,1018932,282,170.0,179.0
1507,2019-04-13,181.0,181.0,170.0,174.0,4863287470,314003,216,179.0,170.0
1508,2019-04-14,165.0,165.0,165.0,167.0,904866858,61497,54,174.0,165.0
1509,2019-04-15,159.0,172.0,159.0,162.0,11642566647,805855,434,167.0,161.0
1510,2019-04-16,169.0,169.0,155.0,157.0,4981711638,355944,247,162.0,155.0
1511,2019-04-17,161.0,169.0,159.0,168.0,8025139646,538041,247,157.0,169.0
1512,2019-04-20,176.0,176.0,176.0,176.0,3387320640,216304,50,168.0,176.0
1513,2019-04-22,185.0,185.0,177.0,183.0,27172498396,1667019,411,176.0,181.0
1514,2019-04-23,184.0,185.0,175.0,180.0,7487561508,466862,212,183.0,180.0
1515,2019-04-24,180.0,189.0,180.0,189.0,187450409178,11135072,983,180.0,189.0
1516,2019-04-27,199.0,199.0,199.0,199.0,191089745175,10811301,576,189.0,199.0
1517,2019-04-28,209.0,209.0,204.0,208.0,262005363072,14133793,1499,199.0,209.0
1518,2019-04-29,214.0,219.0,209.0,218.0,78159413495,4040123,800,208.0,215.0
1519,2019-04-30,224.0,224.0,209.0,217.0,39395835875,2038867,549,218.0,214.0
1520,2019-05-01,214.0,228.0,214.0,228.0,77307761474,3817020,613,217.0,228.0
1521,2019-05-04,231.0,232.0,220.0,224.0,33415103947,1676353,757,228.0,220.0
1522,2019-05-05,225.0,225.0,213.0,219.0,61658401802,3164376,798,224.0,214.0
1523,2019-05-06,214.0,230.0,211.0,218.0,267771840602,13826478,2008,219.0,230.0
1524,2019-05-07,229.0,229.0,229.0,229.0,55643982275,2736365,197,218.0,229.0
1525,2019-05-08,240.0,240.0,236.0,240.0,186627510327,8741007,1130,229.0,240.0
1526,2019-05-11,247.0,252.0,242.0,251.0,73038792920,3267663,583,240.0,252.0
1527,2019-05-12,264.0,264.0,242.0,262.0,289071123389,12395099,3064,251.0,264.0
1528,2019-05-13,270.0,275.0,264.0,275.0,114647980709,4693488,728,262.0,275.0
1529,2019-05-19,261.0,270.0,248.0,258.0,112906352821,4930602,1898,275.0,249.0
1530,2019-05-20,258.0,263.0,245.0,249.0,35518947276,1602196,692,258.0,245.0
1531,2019-05-21,245.0,249.0,237.0,239.0,83781282737,3936505,1070,249.0,247.0
1532,2019-05-22,251.0,251.0,242.0,251.0,52716940822,2364847,640,239.0,251.0
1533,2019-05-25,257.0,263.0,253.0,261.0,58823310718,2535156,778,251.0,263.0
1534,2019-05-26,268.0,274.0,263.0,273.0,28176013380,1160865,353,261.0,274.0
1535,2019-05-28,286.0,286.0,260.0,274.0,93601375932,3837306,1518,273.0,283.0
1536,2019-05-29,281.0,281.0,262.0,271.0,38769719785,1611524,740,274.0,262.0
1537,2019-06-01,265.0,265.0,257.0,258.0,63027963631,2747804,992,271.0,257.0
1538,2019-06-02,257.0,271.0,247.0,263.0,60244480268,2576204,826,258.0,271.0
1539,2019-06-03,276.0,276.0,276.0,276.0,10957934566,446279,86,263.0,276.0
1540,2019-06-11,290.0,304.0,290.0,304.0,7861179647,290487,89,276.0,304.0
1541,2019-06-12,320.0,320.0,320.0,320.0,7714473595,271493,81,304.0,320.0
1542,2019-06-15,315.0,336.0,309.0,327.0,126151695918,4342766,1163,320.0,336.0
1543,2019-06-16,343.0,343.0,333.0,343.0,128685618594,4221765,712,327.0,343.0
1544,2019-06-17,343.0,360.0,343.0,358.0,107919206677,3390655,976,343.0,360.0
1545,2019-06-18,375.0,376.0,350.0,368.0,51991230155,1587283,788,358.0,359.0
1546,2019-06-19,354.0,360.0,350.0,350.0,101287937189,3252600,944,368.0,350.0
1547,2019-06-22,333.0,337.0,333.0,333.0,29112772823,983746,335,350.0,333.0
1548,2019-06-23,317.0,349.0,317.0,333.0,33362956849,1125712,612,333.0,332.0
1549,2019-06-24,337.0,347.0,329.0,339.0,33898797398,1125273,455,333.0,341.0
1550,2019-06-25,348.0,348.0,332.0,342.0,34205943000,1125720,419,339.0,345.0
1551,2019-06-26,333.0,342.0,332.0,338.0,47953034365,1595892,588,342.0,342.0
1552,2019-06-30,349.0,349.0,326.0,333.0,33134760173,1118292,508,338.0,335.0
1553,2019-07-01,328.0,337.0,328.0,331.0,16443563845,559293,289,333.0,332.0
1554,2019-07-02,331.0,337.0,323.0,328.0,40743940748,1398245,429,331.0,337.0
1555,2019-07-03,328.0,344.0,328.0,343.0,44548307835,1458698,252,328.0,344.0
1556,2019-07-06,349.0,361.0,336.0,352.0,53211122304,1699846,633,343.0,361.0
1557,2019-07-07,370.0,370.0,370.0,370.0,4990052628,151821,48,352.0,370.0
1558,2019-07-08,388.0,388.0,388.0,388.0,5594474677,162107,52,370.0,388.0
1559,2019-07-09,408.0,408.0,389.0,407.0,129169932945,3568217,893,388.0,403.0
1560,2019-07-10,405.0,427.0,391.0,420.0,123888743657,3320286,1038,407.0,427.0
1561,2019-07-13,433.0,441.0,416.0,434.0,83719937637,2167112,930,420.0,416.0
1562,2019-07-14,427.0,434.0,413.0,415.0,123186818565,3340172,907,434.0,421.0
1563,2019-07-15,405.0,429.0,394.0,418.0,49260594985,1324214,835,415.0,404.0
1564,2019-07-16,408.0,408.0,397.0,398.0,27308742160,772482,223,418.0,397.0
1565,2019-07-17,382.0,405.0,378.0,390.0,41049610191,1184694,673,398.0,388.0
1566,2019-07-20,400.0,400.0,370.0,377.0,23903462091,713800,539,390.0,379.0
1567,2019-07-21,367.0,389.0,367.0,380.0,20140444591,596744,458,377.0,377.0
1568,2019-07-22,379.0,386.0,371.0,382.0,31205293979,917671,428,380.0,382.0
1569,2019-07-23,388.0,388.0,363.0,378.0,30654219572,911057,719,382.0,374.0
1570,2019-07-24,381.0,387.0,359.0,381.0,18765768246,553727,545,378.0,383.0
1571,2019-07-27,382.0,385.0,372.0,380.0,31882643567,942563,585,381.0,383.0
1572,2019-07-28,385.0,399.0,382.0,391.0,21324539636,614052,368,380.0,399.0
1573,2019-07-29,398.0,410.0,394.0,405.0,28150520394,780885,559,391.0,396.0
1574,2019-07-30,405.0,410.0,394.0,400.0,13638244787,383507,423,405.0,395.0
1575,2019-07-31,400.0,405.0,382.0,396.0,12441453926,353288,352,400.0,392.0
1576,2019-08-03,389.0,396.0,379.0,384.0,14328143715,419697,490,396.0,382.0
1577,2019-08-04,382.0,386.0,373.0,381.0,21105946419,622525,516,384.0,385.0
1578,2019-08-05,392.0,392.0,376.0,382.0,22070581354,650204,533,381.0,382.0
1579,2019-08-06,382.0,401.0,382.0,400.0,58075033020,1631070,549,382.0,401.0
1580,2019-08-07,420.0,420.0,416.0,420.0,56804447488,1519693,666,400.0,420.0
1581,2019-08-10,441.0,441.0,422.0,440.0,41857145908,1069851,746,420.0,440.0
1582,2019-08-11,454.0,455.0,427.0,443.0,40870610390,1037974,830,440.0,440.0
1583,2019-08-13,449.0,461.0,441.0,450.0,19708478240,492360,442,443.0,442.0
1584,2019-08-14,458.0,458.0,439.0,441.0,16525192770,421375,470,450.0,439.0
1585,2019-08-17,443.0,455.0,440.0,445.0,20316614373,513138,305,441.0,441.0
1586,2019-08-18,445.0,450.0,435.0,438.0,14638079419,375756,479,445.0,437.0
1587,2019-08-19,436.0,447.0,436.0,441.0,11645329071,297209,417,438.0,444.0
1588,2019-08-21,441.0,462.0,439.0,453.0,36405671328,904349,587,441.0,462.0
1589,2019-08-24,474.0,475.0,450.0,474.0,19847828851,470911,194,453.0,475.0
1590,2019-08-25,497.0,498.0,470.0,488.0,41272763320,950927,584,474.0,498.0
1591,2019-08-26,500.0,512.0,500.0,509.0,12395749098,274060,312,488.0,509.0
1592,2019-08-27,529.0,529.0,483.0,489.0,27698497457,636368,538,509.0,483.0
1593,2019-08-28,465.0,484.0,465.0,469.0,36689731813,878907,578,489.0,465.0
1594,2019-08-31,476.0,476.0,450.0,465.0,25592081191,618334,501,469.0,452.0
1595,2019-09-01,461.0,480.0,454.0,464.0,20945300567,507529,479,465.0,470.0
1596,2019-09-02,464.0,471.0,441.0,447.0,39231781991,987337,683,464.0,441.0
1597,2019-09-03,448.0,468.0,443.0,460.0,30828921280,753919,585,447.0,466.0
1598,2019-09-04,471.0,475.0,467.0,473.0,23821167495,566798,318,460.0,472.0
1599,2019-09-07,475.0,482.0,467.0,475.0,15294410605,362176,430,473.0,470.0
1600,2019-09-08,475.0,480.0,461.0,468.0,13071157534,313965,353,475.0,471.0
1601,2019-09-11,483.0,483.0,468.0,473.0,10960509618,260552,354,468.0,472.0
1602,2019-09-14,481.0,497.0,481.0,493.0,21175885943,483369,544,473.0,491.0
1603,2019-09-15,494.0,517.0,494.0,514.0,55101087093,1206174,747,493.0,517.0
1604,2019-09-16,538.0,539.0,517.0,536.0,29051661971,609088,570,514.0,531.0
1605,2019-09-17,551.0,562.0,517.0,535.0,22255485814,467839,583,536.0,539.0
1606,2019-09-18,541.0,541.0,508.0,513.0,23880016987,523766,434,535.0,508.0
1607,2019-09-21,506.0,523.0,493.0,506.0,17814967546,396126,530,513.0,506.0
1608,2019-09-22,527.0,531.0,506.0,525.0,53880039738,1153351,646,506.0,531.0
1609,2019-09-23,552.0,552.0,552.0,552.0,13647459730,278230,84,525.0,552.0
1610,2019-09-24,579.0,579.0,579.0,579.0,24041548897,466799,117,552.0,579.0
1611,2019-09-25,608.0,608.0,597.0,608.0,137266063289,2539116,1312,579.0,608.0
1612,2019-09-28,638.0,638.0,626.0,637.0,57582190751,1015889,826,608.0,635.0
1613,2019-09-29,640.0,640.0,606.0,612.0,35958946725,661052,773,637.0,613.0
1614,2019-09-30,618.0,635.0,607.0,621.0,25821915404,467482,533,612.0,620.0
1615,2019-10-01,641.0,641.0,607.0,625.0,32356897775,582266,654,621.0,607.0
1616,2019-10-02,630.0,630.0,594.0,609.0,25256824636,466517,428,625.0,612.0
1617,2019-10-05,625.0,625.0,594.0,610.0,23450108337,432105,422,609.0,596.0
1618,2019-10-06,580.0,616.0,580.0,596.0,17254624679,325540,334,610.0,610.0
1619,2019-10-07,616.0,626.0,580.0,616.0,65952346507,1204598,818,596.0,613.0
1620,2019-10-08,613.0,632.0,585.0,608.0,65683540806,1215866,712,616.0,585.0
1621,2019-10-09,586.0,638.0,577.0,632.0,310760856914,5534176,2032,608.0,638.0
1622,2019-10-12,663.0,663.0,600.0,627.0,193787041768,3473192,3386,632.0,600.0
1623,2019-10-13,616.0,616.0,596.0,597.0,77456298118,1459514,1126,627.0,596.0
1624,2019-10-14,572.0,600.0,567.0,572.0,40176048763,790539,684,597.0,567.0
1625,2019-10-15,554.0,585.0,543.0,555.0,25848615637,523745,532,572.0,543.0
1626,2019-10-16,527.0,527.0,527.0,527.0,5325686968,113588,212,555.0,527.0
1627,2019-10-20,501.0,501.0,501.0,501.0,12120100910,272105,103,527.0,501.0
1628,2019-10-21,476.0,495.0,476.0,479.0,76336059380,1790902,747,501.0,493.0
1629,2019-10-22,497.0,503.0,468.0,487.0,79129594065,1828633,1496,479.0,469.0
1630,2019-10-23,492.0,492.0,462.0,465.0,10805515949,261135,397,487.0,462.0
1631,2019-10-26,442.0,442.0,442.0,442.0,3529341580,89780,182,465.0,442.0
1632,2019-10-28,420.0,459.0,420.0,433.0,51868383283,1346100,1253,442.0,446.0
1633,2019-10-30,455.0,455.0,455.0,455.0,4646399010,114845,71,433.0,455.0
1634,2019-11-02,471.0,478.0,449.0,471.0,65960708046,1576624,1441,455.0,478.0
1635,2019-11-03,491.0,494.0,484.0,492.0,69540808429,1589524,1484,471.0,490.0
1636,2019-11-04,492.0,500.0,479.0,489.0,29253159080,673109,719,492.0,481.0
1637,2019-11-05,495.0,513.0,478.0,497.0,26114911761,591041,546,489.0,513.0
1638,2019-11-09,520.0,522.0,506.0,520.0,26926999465,582797,606,497.0,522.0
1639,2019-11-10,540.0,546.0,522.0,538.0,45953208549,960805,1081,520.0,545.0
1640,2019-11-11,562.0,565.0,543.0,563.0,64955131113,1297404,1198,538.0,565.0
1641,2019-11-12,585.0,591.0,568.0,585.0,73056151211,1404719,1821,563.0,578.0
1642,2019-11-13,583.0,583.0,556.0,562.0,49095717637,983036,1405,585.0,556.0
1643,2019-11-16,551.0,578.0,550.0,557.0,21724505727,438331,807,562.0,553.0
1644,2019-11-17,530.0,535.0,530.0,530.0,6825093616,144950,246,557.0,530.0
1645,2019-11-18,503.0,556.0,503.0,532.0,37056971812,782689,650,530.0,549.0
1646,2019-11-19,556.0,556.0,534.0,547.0,17313971183,355790,502,532.0,545.0
1647,2019-11-20,551.0,556.0,529.0,537.0,17660397574,369697,667,547.0,534.0
1648,2019-11-23,539.0,539.0,517.0,523.0,15742715887,338794,723,537.0,524.0
1649,2019-11-24,524.0,534.0,507.0,516.0,16122406207,351695,532,523.0,522.0
1650,2019-11-25,533.0,533.0,520.0,531.0,19608659142,415290,696,516.0,532.0
1651,2019-11-26,541.0,541.0,521.0,530.0,17872690851,379149,731,531.0,531.0
1652,2019-11-27,529.0,534.0,518.0,520.0,14994619234,324205,650,530.0,521.0
1653,2019-11-30,529.0,540.0,521.0,531.0,28518132723,603882,711,520.0,534.0
1654,2019-12-01,533.0,558.0,532.0,553.0,38633006608,785106,990,531.0,558.0
1655,2019-12-02,565.0,572.0,540.0,555.0,24731984715,501602,796,553.0,547.0
1656,2019-12-03,554.0,554.0,539.0,546.0,16627419416,342497,590,555.0,545.0
1657,2019-12-04,535.0,551.0,535.0,543.0,23282814055,482215,806,546.0,543.0
1658,2019-12-07,545.0,551.0,529.0,545.0,33749671780,696836,983,543.0,543.0
1659,2019-12-08,557.0,557.0,545.0,548.0,35373775582,725655,865,545.0,545.0
1660,2019-12-09,551.0,552.0,540.0,546.0,36664171964,755396,1155,548.0,542.0
1661,2019-12-10,545.0,573.0,540.0,569.0,102887586790,2034347,1583,546.0,573.0
1662,2019-12-11,573.0,590.0,571.0,582.0,38935168672,752192,1179,569.0,580.0
1663,2019-12-14,592.0,592.0,570.0,577.0,45091643952,878873,1165,582.0,585.0
1664,2019-12-15,585.0,585.0,563.0,570.0,39645147608,782469,959,577.0,567.0
1665,2019-12-16,579.0,579.0,557.0,564.0,32516054609,648725,817,570.0,562.0
1666,2019-12-17,574.0,574.0,546.0,562.0,32864132698,657174,967,564.0,561.0
1667,2019-12-18,568.0,568.0,546.0,555.0,28001975556,567559,890,562.0,559.0
1668,2019-12-21,574.0,583.0,563.0,582.0,120869426905,2335585,803,555.0,583.0
1669,2019-12-22,611.0,611.0,596.0,611.0,205221633623,3778514,2632,582.0,611.0
1670,2019-12-23,641.0,641.0,624.0,641.0,449831928954,7895277,4674,611.0,641.0
1671,2019-12-24,670.0,673.0,641.0,671.0,270703143678,4536969,4444,641.0,673.0
1672,2019-12-25,705.0,705.0,686.0,704.0,220337074327,3517886,2538,671.0,705.0
1673,2019-12-28,740.0,740.0,677.0,706.0,360406647801,5741244,8128,704.0,689.0
1674,2019-12-29,697.0,697.0,671.0,675.0,234900979737,3911642,5173,706.0,676.0
1675,2019-12-30,686.0,696.0,662.0,680.0,115615709276,1912341,2938,675.0,675.0
1676,2019-12-31,689.0,689.0,655.0,672.0,107974439878,1806536,2916,680.0,671.0
1677,2020-01-01,683.0,692.0,669.0,675.0,87335905116,1454078,2155,672.0,670.0
1678,2020-01-04,642.0,642.0,642.0,642.0,7612888140,133419,245,675.0,642.0
1679,2020-01-05,610.0,610.0,610.0,610.0,20975236029,386947,560,642.0,610.0
1680,2020-01-07,579.0,607.0,579.0,580.0,147428062786,2858464,1736,610.0,579.0
1681,2020-01-08,568.0,568.0,568.0,568.0,8366208400,165520,240,580.0,568.0
1682,2020-01-11,580.0,580.0,580.0,580.0,4852614375,94125,53,568.0,580.0
1683,2020-01-12,609.0,609.0,609.0,606.0,3942487692,72831,47,580.0,609.0
1684,2020-01-13,636.0,636.0,636.0,636.0,7163525508,126573,75,606.0,636.0
1685,2020-01-14,668.0,668.0,668.0,668.0,11407104150,191958,170,636.0,668.0
1686,2020-01-15,702.0,702.0,702.0,702.0,22721940172,364157,288,668.0,702.0
1687,2020-01-21,881.0,918.0,837.0,887.0,716532345871,9491156,8004,702.0,887.0
1688,2020-01-22,921.0,931.0,893.0,925.0,1160823025753,14745609,12997,887.0,931.0
1689,2020-01-25,971.0,971.0,971.0,971.0,85557189858,1035062,853,925.0,971.0
1690,2020-01-26,1019.0,1019.0,1019.0,1019.0,316491973809,3646599,1277,971.0,1019.0
1691,2020-01-27,1070.0,1070.0,1019.0,1069.0,630683791860,6926176,5903,1019.0,1070.0
1692,2020-01-28,1116.0,1116.0,1079.0,1110.0,912753408308,9654846,14613,1069.0,1092.0
1693,2020-02-01,1123.0,1146.0,1055.0,1114.0,723832212593,7629891,13406,1110.0,1130.0
1694,2020-02-02,1139.0,1170.0,1118.0,1162.0,899803147239,9091447,13062,1114.0,1170.0
1695,2020-03-09,1969.0,2066.0,1871.0,1940.0,2567025262563,474631057,45438,1162.0,1965.0
1696,2020-03-10,2036.0,2036.0,2036.0,2036.0,596453339962,105046379,6873,1940.0,2036.0
1697,2020-03-11,2138.0,2138.0,2138.0,2105.0,37310512983,6259103,929,2036.0,2138.0
1698,2020-03-14,2210.0,2210.0,2014.0,2190.0,3949792523808,646763274,63843,2105.0,2210.0
1699,2020-03-15,2081.0,2300.0,2081.0,2217.0,2149599718329,347831991,42195,2190.0,2300.0
1700,2020-03-16,2327.0,2327.0,2327.0,2327.0,230950719279,35591111,3222,2217.0,2327.0
1701,2020-03-17,2444.0,2444.0,2444.0,2444.0,151096445271,22177667,1386,2327.0,2444.0
1702,2020-03-18,2565.0,2565.0,2442.0,2537.0,2857353658817,403954849,53745,2444.0,2565.0
1703,2020-03-24,2511.0,2620.0,2410.0,2474.0,1046576612325,151715063,28495,2537.0,2410.0
1704,2020-03-25,2351.0,2351.0,2351.0,2351.0,234568197428,35790082,10055,2474.0,2351.0
1705,2020-03-28,2367.0,2468.0,2367.0,2448.0,1544942957609,226366804,27553,2351.0,2468.0
1706,2020-03-29,2570.0,2570.0,2332.0,2498.0,2456117446676,352706705,69462,2448.0,2385.0
1707,2020-03-30,2403.0,2475.0,2373.0,2382.0,1687378354327,254097593,44991,2498.0,2373.0
1708,2020-04-04,2403.0,2438.0,2263.0,2299.0,1988778443769,310248061,61777,2382.0,2263.0
1709,2020-04-05,2267.0,2295.0,2184.0,2208.0,1377853033338,223829102,41677,2299.0,2184.0
1710,2020-04-06,2170.0,2260.0,2098.0,2142.0,1134547582261,189934469,35915,2208.0,2201.0
1711,2020-04-07,2238.0,2249.0,2202.0,2244.0,877253351351,140178307,21608,2142.0,2249.0
1712,2020-04-08,2349.0,2355.0,2274.0,2325.0,1259418613104,194263941,32650,2244.0,2303.0
1713,2020-04-11,2313.0,2313.0,2209.0,2239.0,753402686424,120665233,26098,2325.0,2214.0
1714,2020-04-12,2217.0,2237.0,2152.0,2176.0,1005261663405,165721081,31485,2239.0,2157.0
1715,2020-04-13,2166.0,2188.0,2080.0,2124.0,857623820076,144826256,26222,2176.0,2112.0
1716,2020-04-14,2029.0,2097.0,2018.0,2034.0,785106449715,138439129,28312,2124.0,2019.0
1717,2020-04-15,2012.0,2135.0,2012.0,2126.0,716967550159,120948660,19825,2034.0,2135.0
1718,2020-04-18,2232.0,2232.0,2152.0,2222.0,1313827209523,212127873,35971,2126.0,2232.0
1719,2020-04-19,2303.0,2303.0,2115.0,2197.0,1104866338698,180353201,36134,2222.0,2116.0
1720,2020-04-20,2119.0,2245.0,2119.0,2164.0,922079586155,152811924,25089,2197.0,2152.0
1721,2020-04-21,2188.0,2188.0,2056.0,2119.0,861749962072,145827566,25855,2164.0,2109.0
1722,2020-04-22,2087.0,2206.0,2087.0,2156.0,933113438854,155261651,27793,2119.0,2186.0
1723,2020-04-25,2259.0,2263.0,2208.0,2247.0,1415420824620,225903397,36291,2156.0,2263.0
1724,2020-04-26,2360.0,2360.0,2188.0,2283.0,1638989108807,257467254,42456,2247.0,2271.0
1725,2020-04-27,2292.0,2313.0,2224.0,2257.0,1061559909523,168714538,30865,2283.0,2229.0
1726,2020-04-28,2238.0,2295.0,2190.0,2232.0,1080319858998,173562854,31675,2257.0,2220.0
1727,2020-04-29,2249.0,2331.0,2242.0,2277.0,1513284833863,238343911,43570,2232.0,2310.0
1728,2020-05-02,2391.0,2391.0,2391.0,2391.0,560940713652,84149522,9139,2277.0,2391.0
1729,2020-05-03,2510.0,2510.0,2510.0,2510.0,509730408966,72829034,4918,2391.0,2510.0
1730,2020-05-04,2635.0,2635.0,2529.0,2634.0,2420931647252,329695669,34335,2510.0,2635.0
1731,2020-05-05,2765.0,2765.0,2663.0,2763.0,2223160227001,288561309,28362,2634.0,2765.0
1732,2020-05-06,2901.0,2901.0,2898.0,2901.0,1338377452710,165458368,17248,2763.0,2901.0
1733,2020-05-09,3046.0,3046.0,3046.0,3046.0,618079603740,72775180,5584,2901.0,3046.0
1734,2020-05-10,3198.0,3198.0,3198.0,3198.0,689689538156,77345468,5537,3046.0,3198.0
1735,2020-05-11,3358.0,3358.0,3358.0,3358.0,449381223996,48000558,2604,3198.0,3358.0
1736,2020-05-16,3190.0,3190.0,3031.0,3079.0,621135000027,72357967,13351,3358.0,3031.0
1737,2020-05-17,2925.0,3013.0,2925.0,2934.0,2312748169780,282745480,40522,3079.0,2945.0
1738,2020-05-18,3081.0,3081.0,2959.0,3075.0,1641467618543,191470475,26153,2934.0,3081.0
1739,2020-05-19,3228.0,3228.0,3108.0,3223.0,1737483754915,193347245,27060,3075.0,3228.0
1740,2020-05-20,3271.0,3278.0,3062.0,3117.0,1794942236860,206558170,41962,3223.0,3062.0
1741,2020-05-23,2961.0,3188.0,2961.0,3003.0,696171062928,83145859,16568,3117.0,2961.0
1742,2020-05-26,2856.0,2964.0,2856.0,2856.0,110121000000,13843000,2996,3003.0,2856.0
1743,2020-05-27,2713.0,2832.0,2713.0,2738.0,1381055319200,181074918,31411,2856.0,2715.0
1744,2020-05-30,2861.0,2875.0,2764.0,2867.0,1058954007733,132585383,24323,2738.0,2868.0
1745,2020-05-31,2943.0,2943.0,2724.0,2761.0,563787987974,73285085,14367,2867.0,2724.0
1746,2020-06-01,2652.0,2835.0,2624.0,2668.0,874758322022,117703787,23020,2761.0,2663.0
1747,2020-06-02,2674.0,2800.0,2674.0,2756.0,763561748275,99459553,19947,2668.0,2764.0
1748,2020-06-06,2871.0,2893.0,2764.0,2845.0,912625907848,115130497,24246,2756.0,2893.0
1749,2020-06-07,2979.0,2988.0,2908.0,2983.0,977942960244,117676270,19823,2845.0,2940.0
1750,2020-06-08,3132.0,3132.0,2834.0,2879.0,744841038479,92881885,20841,2983.0,2834.0
1751,2020-06-09,2811.0,2868.0,2735.0,2760.0,726944859297,94539623,19123,2879.0,2744.0
1752,2020-06-10,2764.0,2852.0,2743.0,2786.0,829581668876,106890414,24133,2760.0,2781.0
1753,2020-06-13,2893.0,2908.0,2800.0,2879.0,1004110254240,125241789,26800,2786.0,2908.0
1754,2020-06-14,2951.0,3022.0,2735.0,2796.0,990752652800,127142735,24798,2879.0,2803.0
1755,2020-06-15,2829.0,2890.0,2728.0,2818.0,992271626020,126454563,25165,2796.0,2836.0
1756,2020-06-16,2897.0,2958.0,2836.0,2940.0,1484749380120,181312967,25006,2818.0,2958.0
1757,2020-06-20,3083.0,3083.0,2979.0,3080.0,1358716208460,158343513,22268,2940.0,3083.0
1758,2020-06-21,3231.0,3231.0,3123.0,3220.0,1857821205940,207198276,31493,3080.0,3227.0
1759,2020-06-22,3231.0,3231.0,3062.0,3116.0,1903010134240,219256190,43863,3220.0,3083.0
1760,2020-06-23,3130.0,3227.0,2965.0,3109.0,1920969505040,221695294,42905,3116.0,2972.0
1761,2020-06-24,2954.0,3263.0,2954.0,2965.0,1107676321680,134022194,24888,3109.0,2961.0
1762,2020-06-27,3019.0,3112.0,3019.0,3098.0,609713616500,70657981,10078,2965.0,3112.0
1763,2020-06-28,3252.0,3252.0,2969.0,3144.0,1702086761700,194372577,31125,3098.0,3069.0
1764,2020-06-29,3022.0,3087.0,2990.0,3008.0,1321804535600,157772426,29057,3144.0,3015.0
1765,2020-06-30,3066.0,3155.0,3066.0,3148.0,1753309459500,199942273,32187,3008.0,3155.0
1766,2020-07-01,3238.0,3302.0,3162.0,3284.0,2541637972910,277632538,37655,3148.0,3302.0
1767,2020-07-04,3446.0,3446.0,3123.0,3374.0,2902310348060,308754254,47017,3284.0,3446.0
1768,2020-07-05,3536.0,3543.0,3446.0,3532.0,1491446389440,151535313,19841,3374.0,3543.0
1769,2020-07-06,3708.0,3708.0,3708.0,3708.0,855793209260,82845422,10206,3532.0,3708.0
1770,2020-07-07,3877.0,3891.0,3733.0,3862.0,2626285025380,244068832,35511,3708.0,3891.0
1771,2020-07-08,4042.0,4053.0,3672.0,3913.0,3729094113570,342212658,63259,3862.0,3672.0
1772,2020-07-11,3719.0,4107.0,3719.0,3733.0,2336037958360,224709664,33735,3913.0,3719.0
1773,2020-07-12,3830.0,3920.0,3593.0,3855.0,2126337213370,197961902,35036,3733.0,3697.0
1774,2020-07-13,3708.0,3733.0,3665.0,3676.0,1289833782890,126011193,22037,3855.0,3665.0
1775,2020-07-14,3812.0,3859.0,3493.0,3751.0,3538400387210,338466632,49125,3676.0,3643.0
1776,2020-07-15,3748.0,3748.0,3564.0,3593.0,2056865428280,205441408,40349,3751.0,3564.0
1777,2020-07-18,3572.0,3773.0,3572.0,3748.0,1223832898890,117174413,18205,3593.0,3773.0
1778,2020-07-19,3934.0,3934.0,3934.0,3934.0,353949396880,32294653,5111,3748.0,3934.0
1779,2020-07-20,4128.0,4128.0,4020.0,4121.0,3095270973760,269603357,36079,3934.0,4114.0
1780,2020-07-21,4092.0,4325.0,3916.0,3992.0,2140333191580,192465635,38573,4121.0,3916.0
1781,2020-07-22,3916.0,3949.0,3794.0,3805.0,832367644600,78488343,16479,3992.0,3794.0
1782,2020-07-25,3841.0,3995.0,3751.0,3945.0,2180989392260,198493865,37716,3805.0,3855.0
1783,2020-07-26,4006.0,4006.0,3751.0,3862.0,1858930506870,172740422,31177,3945.0,3751.0
1784,2020-07-27,3812.0,4053.0,3812.0,4031.0,2472202413360,220115518,28642,3862.0,4053.0
1785,2020-07-28,4232.0,4232.0,4128.0,4232.0,2247249940570,190666510,24947,4031.0,4232.0
1786,2020-07-29,4415.0,4440.0,4236.0,4426.0,2122917875540,172127599,25285,4232.0,4440.0
1787,2020-08-01,4645.0,4645.0,4645.0,4645.0,644407703920,49799668,7024,4426.0,4645.0
1788,2020-08-02,4875.0,4875.0,4666.0,4857.0,2516616449000,185952972,33872,4645.0,4875.0
1789,2020-08-03,5097.0,5097.0,4982.0,5076.0,2588628875160,183135305,36587,4857.0,5097.0
1790,2020-08-04,5298.0,5323.0,4824.0,4907.0,3849575947290,281704515,56238,5076.0,4824.0
1791,2020-08-05,4702.0,4828.0,4663.0,4684.0,1160032635270,88884627,21278,4907.0,4663.0
1792,2020-08-15,4451.0,4451.0,4451.0,4451.0,61731540000,4978350,1392,4684.0,4451.0
1793,2020-08-16,4229.0,4229.0,4229.0,4229.0,48044588640,4078488,1136,4451.0,4229.0
1794,2020-08-17,4020.0,4020.0,4020.0,4020.0,1410181516800,125909064,14864,4229.0,4020.0
1795,2020-08-18,4135.0,4221.0,3819.0,4038.0,1811159199830,160928866,33660,4020.0,3823.0
1796,2020-08-19,3837.0,3841.0,3837.0,3837.0,1021464052390,95552978,10121,4038.0,3837.0
1797,2020-08-22,3902.0,3984.0,3647.0,3744.0,294156354420,28190977,5822,3837.0,3647.0
1798,2020-08-23,3557.0,3557.0,3557.0,3557.0,54893868400,5539240,1123,3744.0,3557.0
1799,2020-08-24,3381.0,3381.0,3381.0,3442.0,29046089580,3083449,800,3557.0,3381.0
1800,2020-08-25,3274.0,3378.0,3274.0,3295.0,1266030335490,137889582,19814,3442.0,3274.0
1801,2020-08-26,3414.0,3457.0,3302.0,3410.0,748321559950,78773578,16717,3295.0,3457.0
1802,2020-08-31,3554.0,3554.0,3241.0,3317.0,679507552370,73512143,10192,3410.0,3241.0
1803,2020-09-01,3152.0,3152.0,3152.0,3238.0,22469890140,2559213,801,3317.0,3152.0
1804,2020-09-02,3076.0,3076.0,3076.0,3180.0,16404668290,1914197,616,3238.0,3076.0
1805,2020-09-05,3022.0,3022.0,3022.0,3022.0,55269309420,6564051,1217,3180.0,3022.0
1806,2020-09-06,2872.0,2872.0,2872.0,2872.0,49190464000,6148808,1360,3022.0,2872.0
1807,2020-09-07,2728.0,2728.0,2728.0,2836.0,10352765600,1362206,472,2872.0,2728.0
1808,2020-09-08,2696.0,2696.0,2696.0,2807.0,8773775290,1168279,302,2836.0,2696.0
1809,2020-09-09,2667.0,2667.0,2667.0,2667.0,41471020520,5581564,1368,2807.0,2667.0
1810,2020-09-12,2638.0,2753.0,2534.0,2588.0,286736682380,39751108,6550,2667.0,2534.0
1811,2020-09-13,2459.0,2459.0,2459.0,2516.0,25477198150,3719299,772,2588.0,2459.0
1812,2020-09-14,2391.0,2391.0,2391.0,2391.0,64322233380,9657993,1910,2516.0,2391.0
1813,2020-09-15,2272.0,2477.0,2272.0,2373.0,1816527815760,274898320,37665,2391.0,2437.0
1814,2020-09-16,2459.0,2462.0,2254.0,2326.0,578227048150,89182220,14489,2373.0,2254.0
1815,2020-09-19,2211.0,2211.0,2211.0,2211.0,53200150080,8636388,1507,2326.0,2211.0
1816,2020-09-20,2104.0,2104.0,2104.0,2139.0,30603932040,5222514,1047,2211.0,2104.0
1817,2020-09-21,2035.0,2035.0,2035.0,2107.0,12920064570,2278671,638,2139.0,2035.0
1818,2020-09-22,2003.0,2003.0,2003.0,2053.0,22751177760,4077272,771,2107.0,2003.0
1819,2020-09-23,1953.0,1981.0,1953.0,1953.0,418084889530,76799647,7141,2053.0,1953.0
1820,2020-09-26,1856.0,1856.0,1856.0,1892.0,29188568860,5645758,957,1953.0,1856.0
1821,2020-09-27,1798.0,1798.0,1798.0,1870.0,10947175650,2185065,399,1892.0,1798.0
1822,2020-09-28,1777.0,1777.0,1777.0,1859.0,4604945400,930292,302,1870.0,1777.0
1823,2020-09-29,1770.0,1770.0,1770.0,1770.0,51750831180,10497126,1269,1859.0,1770.0
1824,2020-10-04,1684.0,1831.0,1684.0,1709.0,599773355610,126013677,10923,1770.0,1759.0
1825,2020-10-05,1709.0,1791.0,1626.0,1737.0,356055956460,73506965,8092,1709.0,1791.0
1826,2020-10-06,1824.0,1824.0,1824.0,1791.0,32637110240,6424628,917,1737.0,1824.0
1827,2020-10-07,1877.0,1877.0,1877.0,1877.0,54746614920,10467804,982,1791.0,1877.0
1828,2020-10-10,1971.0,1971.0,1971.0,1924.0,26528887800,4832220,853,1877.0,1971.0
1829,2020-10-11,2017.0,2017.0,2017.0,2017.0,54659451220,9725881,947,1924.0,2017.0
1830,2020-10-12,2118.0,2118.0,2046.0,2114.0,869350111830,147573959,12366,2017.0,2118.0
1831,2020-10-18,2010.0,2010.0,2010.0,2010.0,93130833600,16630506,1781,2114.0,2010.0
1832,2020-10-19,1910.0,1910.0,1910.0,1960.0,23310420560,4381658,636,2010.0,1910.0
1833,2020-10-20,1863.0,1863.0,1863.0,1906.0,25039954260,4824654,725,1960.0,1863.0
1834,2020-10-21,1824.0,1999.0,1813.0,1863.0,460044851250,88705241,11819,1906.0,1813.0
1835,2020-10-24,1773.0,1773.0,1773.0,1827.0,19896882460,4027709,673,1863.0,1773.0
1836,2020-10-26,1737.0,1737.0,1737.0,1795.0,16155610240,3337936,493,1827.0,1737.0
1837,2020-10-27,1705.0,1705.0,1705.0,1770.0,11955959000,2517044,508,1795.0,1705.0
1838,2020-10-28,1684.0,1845.0,1684.0,1716.0,378322644770,79204500,9668,1770.0,1741.0
1839,2020-10-31,1687.0,1798.0,1687.0,1773.0,294495165460,59589826,8215,1716.0,1780.0
1840,2020-11-01,1795.0,1795.0,1687.0,1698.0,54704740720,11554309,1539,1773.0,1687.0
1841,2020-11-02,1615.0,1701.0,1615.0,1619.0,217539251300,48232723,5171,1698.0,1615.0
1842,2020-11-04,1565.0,1698.0,1561.0,1673.0,287823340630,61769111,5951,1619.0,1698.0
1843,2020-11-07,1666.0,1716.0,1590.0,1608.0,170117257610,38004089,2996,1673.0,1590.0
1844,2020-11-08,1529.0,1590.0,1529.0,1544.0,118946001850,27681669,2358,1608.0,1572.0
1845,2020-11-09,1518.0,1612.0,1468.0,1515.0,298194148350,70721663,7080,1544.0,1547.0
1846,2020-11-10,1529.0,1572.0,1439.0,1461.0,321321338640,78882204,7340,1515.0,1486.0
1847,2020-11-11,1454.0,1518.0,1389.0,1454.0,325259886760,80241766,7587,1461.0,1479.0
1848,2020-11-14,1504.0,1526.0,1490.0,1522.0,207032070540,48832639,3877,1454.0,1526.0
1849,2020-11-15,1597.0,1597.0,1454.0,1526.0,348003574330,81796377,7991,1522.0,1479.0
1850,2020-11-16,1479.0,1569.0,1454.0,1526.0,283326802320,66592707,6848,1526.0,1526.0
1851,2020-11-21,1687.0,1723.0,1605.0,1648.0,601509803700,130999557,12040,1526.0,1605.0
1852,2020-11-22,1633.0,1680.0,1569.0,1612.0,330381332220,73514958,7763,1648.0,1594.0
1853,2020-11-23,1583.0,1651.0,1533.0,1569.0,376115983550,86021863,9084,1612.0,1547.0
1854,2020-11-25,1615.0,1694.0,1554.0,1651.0,651460787190,141499107,12098,1569.0,1694.0
1855,2020-11-28,1676.0,1734.0,1651.0,1716.0,259447296220,54304148,4147,1651.0,1734.0
1856,2020-11-29,1798.0,1798.0,1798.0,1798.0,74764916370,14923137,1458,1716.0,1798.0
1857,2020-11-30,1888.0,1888.0,1798.0,1863.0,851668021240,163960865,15156,1798.0,1834.0
1858,2020-12-01,1831.0,1906.0,1773.0,1809.0,602365535370,119633936,13331,1863.0,1773.0
1859,2020-12-02,1759.0,1798.0,1719.0,1748.0,403645194730,82908775,10048,1809.0,1719.0
1860,2020-12-05,1719.0,1834.0,1669.0,1813.0,560332286360,111006833,8172,1748.0,1834.0
1861,2020-12-06,1885.0,1902.0,1820.0,1885.0,684812579560,130446929,12143,1813.0,1902.0
1862,2020-12-07,1928.0,1964.0,1791.0,1870.0,472861860410,90696538,11200,1885.0,1827.0
1863,2020-12-08,1838.0,1946.0,1834.0,1906.0,456948674200,86002789,10546,1870.0,1920.0
1864,2020-12-09,1996.0,1999.0,1917.0,1992.0,420815864840,75803246,6537,1906.0,1999.0
1865,2020-12-12,2082.0,2089.0,1999.0,2075.0,711469534660,123156609,11964,1992.0,2028.0
1866,2020-12-13,2028.0,2125.0,1974.0,2025.0,768068100480,136243907,14311,2075.0,2075.0
1867,2020-12-14,2107.0,2111.0,1924.0,1999.0,403786522710,72477900,9021,2025.0,1924.0
1868,2020-12-15,1902.0,1902.0,1902.0,1913.0,43167758000,8144860,860,1999.0,1902.0
1869,2020-12-16,1820.0,1856.0,1820.0,1824.0,358381173440,70567571,6319,1913.0,1820.0
1870,2020-12-19,1852.0,1888.0,1745.0,1824.0,422621980350,83228443,9186,1824.0,1816.0
1871,2020-12-20,1838.0,1841.0,1734.0,1752.0,451231800730,92414347,9461,1824.0,1737.0
1872,2020-12-21,1773.0,1838.0,1687.0,1806.0,276284378400,54928720,4616,1752.0,1838.0
1873,2020-12-22,1895.0,1895.0,1895.0,1895.0,65193648960,12347282,1202,1806.0,1895.0
1874,2020-12-23,1989.0,1989.0,1989.0,1989.0,117833356860,21269559,1761,1895.0,1989.0
1875,2020-12-26,2086.0,2086.0,1999.0,2075.0,1974656549720,341406115,24672,1989.0,2086.0
1876,2020-12-27,2086.0,2086.0,1974.0,1989.0,857966363420,154795464,13952,2075.0,1974.0
1877,2020-12-28,1938.0,2046.0,1892.0,1938.0,702196361150,130154867,13042,1989.0,1902.0
1878,2020-12-29,1899.0,2035.0,1863.0,2007.0,916146197170,163800387,11250,1938.0,2035.0
1879,2020-12-30,2050.0,2078.0,1920.0,1992.0,663197420910,119402739,12630,2007.0,1971.0
1880,2021-01-02,1899.0,2003.0,1895.0,1899.0,250173607440,47307333,3538,1992.0,1895.0
1881,2021-01-03,1809.0,1892.0,1806.0,1816.0,538942670300,106481309,10028,1899.0,1813.0
1882,2021-01-04,1834.0,1881.0,1784.0,1820.0,503346717830,99185012,10371,1816.0,1795.0
1883,2021-01-05,1798.0,1910.0,1752.0,1877.0,867776591290,166052984,13523,1820.0,1910.0
1884,2021-01-06,1910.0,1928.0,1784.0,1809.0,631747464500,125357875,12471,1877.0,1784.0
1885,2021-01-09,1766.0,1834.0,1719.0,1734.0,457756844790,94764710,8830,1809.0,1727.0
1886,2021-01-10,1723.0,1795.0,1669.0,1730.0,405304534800,84075322,9716,1734.0,1723.0
1887,2021-01-11,1741.0,1773.0,1644.0,1669.0,535090028140,114951180,10858,1730.0,1644.0
1888,2021-01-12,1633.0,1633.0,1587.0,1590.0,164761921820,37176885,3270,1669.0,1587.0
1889,2021-01-13,1511.0,1536.0,1511.0,1511.0,208100574190,49378490,4067,1590.0,1511.0
1890,2021-01-16,1443.0,1486.0,1436.0,1443.0,98941438350,24636065,2429,1511.0,1436.0
1891,2021-01-20,1515.0,1515.0,1515.0,1515.0,61490510420,14571211,825,1443.0,1515.0
1892,2021-01-23,1558.0,1590.0,1515.0,1583.0,364336716960,82604821,7075,1515.0,1590.0
1893,2021-01-24,1615.0,1648.0,1504.0,1533.0,453363048220,106141677,8926,1583.0,1504.0
1894,2021-01-25,1465.0,1508.0,1457.0,1465.0,327587879990,80277598,6417,1533.0,1457.0
1895,2021-01-26,1436.0,1526.0,1393.0,1450.0,600964122880,148624616,11545,1465.0,1504.0
1896,2021-01-27,1490.0,1522.0,1418.0,1497.0,412088148680,98904170,7664,1450.0,1522.0
1897,2021-01-30,1544.0,1569.0,1472.0,1526.0,510174863610,119996550,10737,1497.0,1533.0
1898,2021-01-31,1533.0,1533.0,1450.0,1465.0,443001496450,108641079,10375,1526.0,1454.0
1899,2021-02-03,1424.0,1439.0,1355.0,1402.0,220593026250,57507382,3668,1465.0,1392.0
1900,2021-02-06,1351.0,1465.0,1333.0,1399.0,530566877650,138504353,10885,1402.0,1421.0
1901,2021-02-07,1439.0,1468.0,1402.0,1457.0,338135706680,84667017,6318,1399.0,1468.0
1902,2021-02-08,1490.0,1494.0,1388.0,1406.0,437002226770,113622955,9036,1457.0,1392.0
1903,2021-02-09,1388.0,1406.0,1337.0,1373.0,320000509550,85198417,7900,1406.0,1388.0
1904,2021-02-13,1417.0,1450.0,1366.0,1413.0,413564132550,106869761,8753,1373.0,1439.0
1905,2021-02-14,1450.0,1454.0,1388.0,1399.0,229330231980,59905902,4481,1413.0,1388.0
1906,2021-02-15,1373.0,1388.0,1373.0,1373.0,175993907960,46788986,3296,1399.0,1377.0
1907,2021-02-16,1392.0,1421.0,1348.0,1381.0,346375436900,91571589,7532,1373.0,1402.0
1908,2021-02-17,1402.0,1413.0,1373.0,1384.0,196660628170,51847652,4738,1381.0,1381.0
1909,2021-02-20,1377.0,1381.0,1359.0,1362.0,105976490150,28440090,2456,1384.0,1359.0
1910,2021-02-21,1337.0,1337.0,1337.0,1351.0,19931353500,5445725,556,1362.0,1337.0
1911,2021-02-22,1326.0,1326.0,1326.0,1344.0,13798243470,3801169,308,1351.0,1326.0
1912,2021-02-23,1318.0,1344.0,1318.0,1318.0,123356468550,34125551,2604,1344.0,1322.0
1913,2021-02-24,1318.0,1359.0,1293.0,1300.0,69924221270,19620125,1945,1318.0,1293.0
1914,2021-02-27,1275.0,1275.0,1275.0,1297.0,9138781380,2618562,339,1300.0,1275.0
1915,2021-03-02,1271.0,1271.0,1271.0,1293.0,8827253160,2536567,244,1297.0,1271.0
1916,2021-03-03,1267.0,1267.0,1267.0,1289.0,10157241730,2927159,360,1293.0,1267.0
1917,2021-03-06,1264.0,1264.0,1264.0,1286.0,7099698560,2051936,254,1289.0,1264.0
1918,2021-03-07,1260.0,1260.0,1260.0,1278.0,12193221150,3534267,310,1286.0,1260.0
1919,2021-03-08,1253.0,1253.0,1253.0,1267.0,18078370660,5270662,478,1278.0,1253.0
1920,2021-03-09,1245.0,1337.0,1245.0,1282.0,267400728400,76244143,5602,1267.0,1315.0
1921,2021-03-10,1315.0,1329.0,1256.0,1293.0,453759614960,128149377,11127,1282.0,1311.0
1922,2021-03-15,1348.0,1348.0,1297.0,1318.0,101434608180,28115334,2655,1293.0,1300.0
1923,2021-03-16,1297.0,1370.0,1293.0,1326.0,212167954690,58404702,5509,1318.0,1322.0
1924,2021-03-17,1333.0,1351.0,1300.0,1315.0,148723184790,41349323,3976,1326.0,1311.0
1925,2021-03-27,1311.0,1322.0,1289.0,1297.0,144033578810,40600479,4170,1315.0,1300.0
1926,2021-03-28,1315.0,1326.0,1275.0,1297.0,105334009590,29672545,2852,1297.0,1300.0
1927,2021-03-30,1297.0,1315.0,1271.0,1278.0,107118976140,30619475,3279,1297.0,1271.0
1928,2021-03-31,1260.0,1282.0,1253.0,1256.0,73399159660,21355250,2366,1278.0,1253.0
1929,2021-04-03,1238.0,1264.0,1234.0,1242.0,43653917460,12878403,1046,1256.0,1234.0
1930,2021-04-04,1220.0,1220.0,1220.0,1238.0,5234474720,1567208,243,1242.0,1220.0
1931,2021-04-05,1216.0,1216.0,1216.0,1234.0,7350558750,2207375,296,1238.0,1216.0
1932,2021-04-06,1213.0,1213.0,1213.0,1231.0,11444066560,3447008,391,1234.0,1213.0
1933,2021-04-07,1209.0,1209.0,1209.0,1227.0,5342164570,1613947,178,1231.0,1209.0
1934,2021-04-10,1205.0,1205.0,1205.0,1227.0,3141517500,951975,130,1227.0,1205.0
1935,2021-04-11,1205.0,1205.0,1205.0,1227.0,2282398800,691636,117,1227.0,1205.0
1936,2021-04-12,1205.0,1205.0,1205.0,1224.0,10227957300,3099381,230,1227.0,1205.0
1937,2021-04-13,1202.0,1293.0,1202.0,1242.0,271454347940,79852382,6640,1224.0,1238.0
1938,2021-04-14,1227.0,1275.0,1220.0,1224.0,107228829950,32033821,2741,1242.0,1220.0
1939,2021-04-17,1202.0,1202.0,1202.0,1220.0,7120826650,2164385,271,1224.0,1202.0
1940,2021-04-18,1198.0,1198.0,1198.0,1216.0,4716702320,1438019,84,1220.0,1198.0
1941,2021-04-19,1194.0,1194.0,1194.0,1213.0,4779592230,1461649,165,1216.0,1194.0
1942,2021-04-20,1191.0,1242.0,1191.0,1202.0,153103190760,46476377,3586,1213.0,1194.0
1943,2021-04-21,1172.0,1202.0,1169.0,1169.0,95889458620,29938768,2299,1202.0,1169.0
1944,2021-04-24,1140.0,1169.0,1136.0,1143.0,40425319660,12973973,1146,1169.0,1136.0
1945,2021-04-25,1110.0,1110.0,1110.0,1114.0,40652488160,13372529,631,1143.0,1110.0
1946,2021-04-26,1081.0,1088.0,1081.0,1096.0,24572240780,8301159,778,1114.0,1081.0
1947,2021-04-27,1063.0,1150.0,1063.0,1096.0,198944106240,66390579,4594,1096.0,1118.0
1948,2021-04-28,1125.0,1136.0,1092.0,1110.0,86063785240,28289415,2773,1096.0,1107.0
1949,2021-05-01,1125.0,1125.0,1077.0,1088.0,46146287550,15494064,1270,1110.0,1077.0
1950,2021-05-02,1059.0,1059.0,1059.0,1085.0,5114625600,1763664,258,1088.0,1059.0
1951,2021-05-03,1053.0,1059.0,1053.0,1053.0,91697965331,31800185,1725,1085.0,1053.0
1952,2021-05-05,1022.0,1037.0,1022.0,1022.0,60690545732,21685863,1660,1053.0,1022.0
1953,2021-05-08,992.0,992.0,992.0,1018.0,6676283796,2458131,286,1022.0,992.0
1954,2021-05-09,988.0,992.0,988.0,988.0,108298504884,40035080,1588,1018.0,988.0
1955,2021-05-10,986.0,1045.0,961.0,1003.0,131721400612,47970319,4199,988.0,1041.0
1956,2021-05-11,1043.0,1047.0,997.0,1027.0,84457247516,30030574,2718,1003.0,1030.0
1957,2021-05-12,1023.0,1047.0,996.0,1009.0,61666155047,22311053,1874,1027.0,996.0
1958,2021-05-15,992.0,1030.0,961.0,990.0,83624767098,30857352,2331,1009.0,978.0
1959,2021-05-16,968.0,1008.0,959.0,984.0,60629707966,22502769,2168,990.0,986.0
1960,2021-05-17,968.0,1001.0,935.0,955.0,45496173823,17395377,1797,984.0,935.0
1961,2021-05-18,912.0,948.0,908.0,914.0,40387658551,16133100,1327,955.0,908.0
1962,2021-05-19,869.0,895.0,869.0,870.0,84640993524,35528949,1721,914.0,882.0
1963,2021-05-22,840.0,870.0,827.0,831.0,27612228764,12130937,874,870.0,827.0
1964,2021-05-23,790.0,822.0,790.0,801.0,78734413597,35922704,2450,831.0,799.0
1965,2021-05-24,793.0,840.0,772.0,824.0,95851743715,42493376,2687,801.0,840.0
1966,2021-05-25,856.0,865.0,844.0,862.0,46399496566,19659943,1204,824.0,865.0
1967,2021-05-26,885.0,905.0,856.0,892.0,56176485239,23003882,1423,862.0,905.0
1968,2021-05-29,936.0,936.0,936.0,935.0,15178656932,5919913,397,892.0,936.0
1969,2021-05-30,982.0,982.0,982.0,982.0,25125394560,9347245,428,935.0,982.0
1970,2021-05-31,986.0,1015.0,933.0,967.0,291820194246,110206325,5515,982.0,954.0
1971,2021-06-01,950.0,1015.0,950.0,1010.0,230170728855,83251678,3864,967.0,1015.0
1972,2021-06-02,1020.0,1060.0,1004.0,1043.0,119903052628,41966613,2304,1010.0,1060.0
1973,2021-06-07,1092.0,1095.0,1060.0,1093.0,32514467726,10866981,918,1043.0,1095.0
1974,2021-06-08,1147.0,1147.0,1107.0,1138.0,265026984523,85062882,4606,1093.0,1114.0
1975,2021-06-09,1096.0,1164.0,1081.0,1119.0,212834814119,69496694,4026,1138.0,1126.0
1976,2021-06-12,1139.0,1175.0,1139.0,1169.0,239015589855,74689148,5081,1119.0,1175.0
1977,2021-06-13,1161.0,1227.0,1161.0,1210.0,148831449942,44940990,3436,1169.0,1227.0
1978,2021-06-14,1267.0,1267.0,1238.0,1256.0,15082033170,4365188,237,1210.0,1253.0
1979,2021-06-16,1263.0,1263.0,1194.0,1211.0,146161354059,44092400,2535,1256.0,1194.0
1980,2021-06-19,1150.0,1238.0,1150.0,1183.0,246538914391,76114524,3813,1211.0,1220.0
1981,2021-06-20,1242.0,1242.0,1216.0,1240.0,220782719218,65025936,3322,1183.0,1242.0
1982,2021-06-21,1242.0,1297.0,1178.0,1213.0,325353335109,97964308,7154,1240.0,1187.0
1983,2021-06-22,1213.0,1273.0,1189.0,1249.0,201879920757,59033288,4185,1213.0,1268.0
1984,2021-06-23,1283.0,1312.0,1249.0,1299.0,194215469023,54584012,4296,1249.0,1312.0
1985,2021-06-26,1340.0,1344.0,1281.0,1319.0,222623143899,61645779,4686,1299.0,1306.0
1986,2021-06-27,1275.0,1308.0,1253.0,1265.0,185901592732,53686826,4318,1319.0,1253.0
1987,2021-06-28,1227.0,1263.0,1202.0,1212.0,188912270664,56917400,4631,1265.0,1202.0
1988,2021-06-29,1205.0,1241.0,1158.0,1195.0,186366838171,56971928,4208,1212.0,1205.0
1989,2021-06-30,1226.0,1226.0,1161.0,1190.0,229499122089,70466676,3996,1195.0,1187.0
1990,2021-07-03,1183.0,1220.0,1140.0,1178.0,165930775250,51453124,3398,1190.0,1179.0
1991,2021-07-04,1178.0,1237.0,1150.0,1207.0,184876274571,55916923,3622,1178.0,1237.0
1992,2021-07-05,1237.0,1268.0,1218.0,1265.0,208516533233,60207586,3821,1207.0,1268.0
1993,2021-07-06,1291.0,1304.0,1224.0,1274.0,194401801087,55750007,4390,1265.0,1275.0
1994,2021-07-07,1275.0,1299.0,1234.0,1274.0,95411600874,27356339,2633,1274.0,1257.0
1995,2021-07-10,1242.0,1273.0,1210.0,1217.0,162303793745,48699255,4074,1274.0,1210.0
1996,2021-07-11,1203.0,1256.0,1161.0,1227.0,117048292116,34842993,2905,1217.0,1238.0
1997,2021-07-12,1236.0,1282.0,1236.0,1266.0,122237042600,35276622,2874,1227.0,1252.0
1998,2021-07-13,1264.0,1278.0,1227.0,1247.0,95431520509,27959326,2301,1266.0,1228.0
1999,2021-07-14,1218.0,1260.0,1209.0,1232.0,84936916108,25172602,2632,1247.0,1224.0
2000,2021-07-17,1219.0,1258.0,1209.0,1237.0,136933314717,40433431,3343,1232.0,1255.0
2001,2021-07-18,1263.0,1263.0,1209.0,1234.0,98630295780,29189335,2626,1237.0,1220.0
2002,2021-07-19,1213.0,1295.0,1209.0,1279.0,430438856082,122913322,6475,1234.0,1295.0
2003,2021-07-26,1340.0,1343.0,1314.0,1342.0,94157739322,25627986,1594,1279.0,1343.0
2004,2021-07-27,1409.0,1409.0,1297.0,1363.0,366852639228,98333828,7515,1342.0,1326.0
2005,2021-07-28,1322.0,1395.0,1315.0,1350.0,148821385749,40249448,3676,1363.0,1333.0
2006,2021-07-31,1316.0,1387.0,1304.0,1351.0,159287138736,43064342,4365,1350.0,1333.0
2007,2021-08-01,1344.0,1370.0,1284.0,1327.0,125635940879,34585378,3388,1351.0,1301.0
2008,2021-08-02,1315.0,1326.0,1261.0,1276.0,136103113212,38963504,3806,1327.0,1261.0
2009,2021-08-03,1275.0,1339.0,1246.0,1331.0,203577949254,55874010,3767,1276.0,1339.0
2010,2021-08-04,1351.0,1392.0,1333.0,1361.0,179899428458,48263902,3891,1331.0,1369.0
2011,2021-08-07,1392.0,1395.0,1333.0,1359.0,160900647258,43247883,3204,1361.0,1377.0
2012,2021-08-08,1366.0,1424.0,1348.0,1396.0,164192746549,42970016,3655,1359.0,1388.0
2013,2021-08-09,1399.0,1424.0,1376.0,1395.0,139934352166,36637700,3691,1396.0,1388.0
2014,2021-08-10,1392.0,1408.0,1351.0,1367.0,171899102267,45938407,4062,1395.0,1375.0
2015,2021-08-11,1341.0,1396.0,1333.0,1351.0,166344891206,44956148,4269,1367.0,1351.0
2016,2021-08-14,1321.0,1362.0,1284.0,1309.0,187210917254,52244244,4658,1351.0,1308.0
2017,2021-08-15,1315.0,1352.0,1279.0,1326.0,129871195569,35776754,3295,1309.0,1322.0
2018,2021-08-22,1322.0,1367.0,1322.0,1350.0,188240208382,50916712,3815,1326.0,1364.0
2019,2021-08-23,1367.0,1387.0,1318.0,1356.0,180069797613,48495213,3694,1350.0,1373.0
2020,2021-08-24,1387.0,1424.0,1381.0,1415.0,132304150937,34156212,1703,1356.0,1424.0
2021,2021-08-25,1484.0,1485.0,1447.0,1482.0,399335186925,98418603,4710,1415.0,1485.0
2022,2021-08-28,1508.0,1556.0,1501.0,1532.0,370048892422,88181994,7103,1482.0,1528.0
2023,2021-08-29,1549.0,1549.0,1456.0,1486.0,319287932578,78453575,6492,1532.0,1456.0
2024,2021-08-30,1412.0,1443.0,1412.0,1413.0,138159044066,35709772,2221,1486.0,1412.0
2025,2021-08-31,1343.0,1424.0,1343.0,1364.0,247880505051,66342524,4307,1413.0,1344.0
2026,2021-09-01,1352.0,1432.0,1318.0,1394.0,175971107290,46116170,3939,1364.0,1432.0
2027,2021-09-04,1461.0,1463.0,1432.0,1455.0,235458412611,59100871,4297,1394.0,1463.0
2028,2021-09-05,1479.0,1511.0,1406.0,1464.0,181544243003,45299775,3959,1455.0,1477.0
2029,2021-09-06,1479.0,1516.0,1417.0,1465.0,172666848022,43039801,4345,1464.0,1427.0
2030,2021-09-07,1432.0,1466.0,1392.0,1416.0,108040697074,27871750,3836,1465.0,1398.0
2031,2021-09-08,1393.0,1450.0,1388.0,1413.0,141383963855,36533971,5046,1416.0,1410.0
2032,2021-09-11,1439.0,1461.0,1350.0,1403.0,133293938844,34690911,3288,1413.0,1392.0
2033,2021-09-12,1388.0,1392.0,1333.0,1343.0,53087421550,14438056,1592,1403.0,1333.0
2034,2021-09-13,1278.0,1315.0,1276.0,1280.0,190371969151,54329464,3660,1343.0,1276.0
2035,2021-09-14,1243.0,1344.0,1243.0,1311.0,180788573192,50369489,3980,1280.0,1344.0
2036,2021-09-15,1344.0,1376.0,1314.0,1351.0,203365849978,54961590,5402,1311.0,1369.0
2037,2021-09-18,1369.0,1402.0,1316.0,1356.0,210510025731,56684698,3719,1351.0,1360.0
2038,2021-09-19,1351.0,1395.0,1300.0,1346.0,149406214133,40539476,2886,1356.0,1346.0
2039,2021-09-20,1333.0,1387.0,1333.0,1353.0,145448469034,39258948,2455,1346.0,1381.0
2040,2021-09-21,1366.0,1392.0,1298.0,1341.0,166641951096,45390009,3020,1353.0,1326.0
2041,2021-09-22,1340.0,1351.0,1274.0,1287.0,201222257372,57077538,3733,1341.0,1322.0
2042,2021-09-25,1326.0,1352.0,1315.0,1347.0,111755162752,30301841,2700,1287.0,1352.0
2043,2021-09-26,1381.0,1395.0,1333.0,1358.0,98651419862,26536154,2040,1347.0,1359.0
2044,2021-09-28,1339.0,1401.0,1339.0,1381.0,151526542578,40087440,2680,1358.0,1362.0
2045,2021-09-29,1362.0,1402.0,1333.0,1374.0,117399491375,31203363,2420,1381.0,1370.0
2046,2021-10-02,1351.0,1404.0,1326.0,1362.0,116841830111,31321769,3015,1374.0,1340.0
2047,2021-10-03,1326.0,1351.0,1294.0,1307.0,139558188762,38997604,3096,1362.0,1308.0
2048,2021-10-04,1315.0,1343.0,1294.0,1315.0,105174889387,29213846,2258,1307.0,1322.0
2049,2021-10-06,1311.0,1315.0,1278.0,1289.0,94019632775,26644166,2564,1315.0,1281.0
2050,2021-10-09,1279.0,1280.0,1225.0,1243.0,120755639633,35488930,2840,1289.0,1244.0
2051,2021-10-10,1245.0,1260.0,1182.0,1209.0,82560699548,24941269,2083,1243.0,1218.0
2052,2021-10-11,1205.0,1259.0,1205.0,1233.0,95125260256,28168406,2115,1209.0,1219.0
2053,2021-10-12,1187.0,1219.0,1172.0,1175.0,39711940545,12343023,1003,1233.0,1172.0
2054,2021-10-13,1125.0,1165.0,1116.0,1121.0,50181500614,16350956,1160,1175.0,1116.0
2055,2021-10-16,1096.0,1172.0,1096.0,1144.0,78817985415,25167520,2137,1121.0,1150.0
2056,2021-10-17,1165.0,1165.0,1087.0,1102.0,84392796988,27971439,2112,1144.0,1087.0
2057,2021-10-18,1059.0,1077.0,1047.0,1050.0,72479575501,25200869,1993,1102.0,1047.0
2058,2021-10-19,1070.0,1103.0,1066.0,1098.0,131434079498,43706348,1772,1050.0,1103.0
2059,2021-10-20,1120.0,1153.0,1114.0,1148.0,199968167129,63620345,2884,1098.0,1153.0
2060,2021-10-23,1157.0,1205.0,1096.0,1164.0,132058795778,41428146,2950,1148.0,1164.0
2061,2021-10-25,1191.0,1191.0,1106.0,1121.0,91494566432,29799604,1932,1164.0,1106.0
2062,2021-10-26,1106.0,1177.0,1096.0,1166.0,143780640629,45040932,1932,1121.0,1177.0
2063,2021-10-27,1215.0,1224.0,1176.0,1208.0,94550752690,28585240,2267,1166.0,1214.0
2064,2021-10-30,1194.0,1216.0,1154.0,1182.0,102704219316,31745789,2401,1208.0,1190.0
2065,2021-10-31,1182.0,1205.0,1123.0,1148.0,54412711341,17314725,1204,1182.0,1123.0
2066,2021-11-01,1118.0,1205.0,1118.0,1154.0,85346605351,27002074,1876,1148.0,1134.0
2067,2021-11-02,1158.0,1192.0,1136.0,1171.0,86724864611,27044029,1639,1154.0,1183.0
2068,2021-11-03,1172.0,1214.0,1161.0,1194.0,95262923022,29134728,1749,1171.0,1202.0
2069,2021-11-06,1209.0,1254.0,1209.0,1248.0,157724090778,46160923,1680,1194.0,1253.0
2070,2021-11-07,1256.0,1289.0,1205.0,1240.0,117489585234,34620139,2281,1248.0,1241.0
2071,2021-11-08,1242.0,1288.0,1205.0,1243.0,100023799249,29386984,1806,1240.0,1240.0
2072,2021-11-09,1210.0,1286.0,1210.0,1253.0,85280555753,24855347,1833,1243.0,1245.0
2073,2021-11-10,1227.0,1315.0,1227.0,1289.0,145476218532,41217367,2752,1253.0,1303.0
2074,2021-11-13,1249.0,1308.0,1231.0,1271.0,115433984797,33172522,2527,1289.0,1271.0
2075,2021-11-14,1271.0,1333.0,1256.0,1295.0,110972061567,31298308,2484,1271.0,1278.0
2076,2021-11-15,1293.0,1315.0,1230.0,1251.0,96153006986,28063884,1839,1295.0,1230.0
2077,2021-11-16,1230.0,1242.0,1189.0,1195.0,115814652519,35394029,2319,1251.0,1192.0
2078,2021-11-17,1169.0,1231.0,1169.0,1216.0,83713511823,25143552,1836,1195.0,1225.0
2079,2021-11-20,1225.0,1267.0,1205.0,1231.0,87188334184,25864635,2012,1216.0,1216.0
2080,2021-11-21,1209.0,1256.0,1178.0,1226.0,64649348298,19254927,1612,1231.0,1251.0
2081,2021-11-22,1240.0,1287.0,1240.0,1285.0,174836678817,49695164,2534,1226.0,1287.0
2082,2021-11-23,1297.0,1332.0,1279.0,1309.0,124108161353,34639738,2654,1285.0,1303.0
2083,2021-11-24,1265.0,1331.0,1243.0,1264.0,97149445172,28064076,2038,1309.0,1243.0
2084,2021-11-27,1214.0,1243.0,1201.0,1205.0,43116071232,13071283,1121,1264.0,1201.0
2085,2021-11-28,1176.0,1231.0,1161.0,1186.0,51832458660,15963146,1656,1205.0,1167.0
2086,2021-11-29,1176.0,1216.0,1140.0,1167.0,47351308941,14817174,1382,1186.0,1145.0
2087,2021-11-30,1165.0,1165.0,1114.0,1130.0,49719949735,16069017,1642,1167.0,1119.0
2088,2021-12-01,1119.0,1121.0,1074.0,1078.0,82159348574,27830336,2026,1130.0,1074.0
2089,2021-12-04,1059.0,1099.0,1029.0,1063.0,67404867370,23154326,1713,1078.0,1079.0
2090,2021-12-05,1067.0,1116.0,1063.0,1101.0,86841277616,28799376,1923,1063.0,1116.0
2091,2021-12-06,1125.0,1156.0,1116.0,1144.0,88208023455,28173901,1828,1101.0,1154.0
2092,2021-12-07,1168.0,1191.0,1150.0,1163.0,68955818535,21650033,1537,1144.0,1165.0
2093,2021-12-08,1190.0,1190.0,1161.0,1172.0,66547033526,20735693,1357,1163.0,1176.0
2094,2021-12-11,1176.0,1198.0,1133.0,1163.0,39687625792,12462585,1146,1172.0,1150.0
2095,2021-12-12,1150.0,1161.0,1105.0,1110.0,24893650787,8189576,572,1163.0,1105.0
2096,2021-12-13,1096.0,1125.0,1055.0,1076.0,74080145462,25138948,1689,1110.0,1055.0
2097,2021-12-14,1047.0,1096.0,1045.0,1065.0,29043488826,9955586,991,1076.0,1068.0
2098,2021-12-15,1077.0,1086.0,1015.0,1049.0,28612616155,9957963,949,1065.0,1027.0
2099,2021-12-18,1041.0,1099.0,1041.0,1071.0,40989870242,13976070,1144,1049.0,1071.0
2100,2021-12-19,1071.0,1077.0,1018.0,1030.0,44322857141,15712599,1059,1071.0,1018.0
2101,2021-12-20,1018.0,1039.0,979.0,995.0,70751900942,25959770,1709,1030.0,988.0
2102,2021-12-21,996.0,1045.0,996.0,1038.0,53453919208,18802678,930,995.0,1045.0
2103,2021-12-22,1090.0,1090.0,1064.0,1090.0,76312125968,25576240,920,1038.0,1090.0
2104,2021-12-25,1139.0,1144.0,1114.0,1140.0,128352294134,41133349,2133,1090.0,1144.0
2105,2021-12-26,1161.0,1165.0,1096.0,1145.0,72873969029,23241907,1607,1140.0,1157.0
2106,2021-12-27,1132.0,1202.0,1132.0,1170.0,115432013657,36035661,2186,1145.0,1201.0
2107,2021-12-28,1203.0,1227.0,1187.0,1207.0,78152641187,23645330,1677,1170.0,1212.0
2108,2021-12-29,1241.0,1241.0,1161.0,1198.0,80601528130,24578751,1647,1207.0,1171.0
2109,2022-01-01,1150.0,1171.0,1138.0,1142.0,22466441433,7181870,590,1198.0,1138.0
2110,2022-01-02,1111.0,1172.0,1092.0,1144.0,79974317198,25530914,1827,1142.0,1168.0
2111,2022-01-03,1185.0,1185.0,1136.0,1159.0,28365017877,8938286,1046,1144.0,1141.0
2112,2022-01-04,1161.0,1161.0,1103.0,1118.0,38423597752,12554705,1153,1159.0,1107.0
2113,2022-01-05,1125.0,1145.0,1101.0,1129.0,31823677607,10299743,982,1118.0,1132.0
2114,2022-01-08,1121.0,1154.0,1121.0,1140.0,38354604524,12291430,1073,1129.0,1147.0
2115,2022-01-09,1151.0,1151.0,1096.0,1119.0,25031407440,8167578,907,1140.0,1110.0
2116,2022-01-10,1096.0,1148.0,1096.0,1127.0,43223055393,14000745,1060,1119.0,1141.0
2117,2022-01-11,1129.0,1154.0,1127.0,1138.0,28705878351,9210983,811,1127.0,1140.0
2118,2022-01-12,1133.0,1195.0,1133.0,1190.0,82411946599,25300987,1347,1138.0,1195.0
2119,2022-01-15,1241.0,1249.0,1189.0,1220.0,110954756727,33209021,2388,1190.0,1203.0
2120,2022-01-16,1205.0,1215.0,1159.0,1168.0,75172082993,23499715,1560,1220.0,1161.0
2121,2022-01-17,1169.0,1216.0,1140.0,1166.0,58817687468,18425851,1473,1168.0,1146.0
2122,2022-01-22,1108.0,1108.0,1108.0,1136.0,7370579291,2429600,196,1166.0,1108.0
2123,2022-01-23,1079.0,1079.0,1079.0,1080.0,13601188305,4602771,326,1136.0,1079.0
2124,2022-01-24,1041.0,1079.0,1027.0,1030.0,84646039131,30027513,1745,1080.0,1027.0
2125,2022-01-25,993.0,1019.0,978.0,984.0,56930302664,21129655,1044,1030.0,986.0
2126,2022-01-26,986.0,1030.0,980.0,1007.0,44797673679,16244110,1321,984.0,1027.0
2127,2022-01-29,1008.0,1057.0,1008.0,1052.0,51795540489,17980556,1156,1007.0,1057.0
2128,2022-01-30,1096.0,1102.0,1041.0,1065.0,43759228538,15002596,1249,1052.0,1059.0
2129,2022-01-31,1037.0,1087.0,1037.0,1065.0,62089935292,21300746,1692,1065.0,1070.0
2130,2022-02-08,1071.0,1071.0,1017.0,1033.0,45129371777,17133015,1546,1065.0,1020.0
2131,2022-02-09,1020.0,1033.0,992.0,1009.0,33097276675,12857958,1470,1033.0,1013.0
2132,2022-02-12,1012.0,1042.0,1006.0,1022.0,29378437252,11275992,1155,1009.0,1007.0
2133,2022-02-13,1007.0,1020.0,971.0,980.0,53634527591,21464991,1523,1022.0,971.0
2134,2022-02-14,971.0,996.0,944.0,966.0,29201361657,11854763,1200,980.0,974.0
2135,2022-02-16,953.0,984.0,953.0,964.0,28521410509,11600470,1093,966.0,953.0
2136,2022-02-19,965.0,977.0,938.0,952.0,33527055325,13804667,1195,964.0,952.0
2137,2022-02-20,949.0,958.0,917.0,929.0,38408599458,16203474,1398,952.0,929.0
2138,2022-02-21,929.0,976.0,929.0,957.0,51445396108,21085217,1359,929.0,976.0
2139,2022-02-22,996.0,1005.0,961.0,996.0,69379514149,27302484,1595,957.0,1005.0
2140,2022-02-23,984.0,1040.0,984.0,1014.0,65925536989,25479004,1569,996.0,1027.0
2141,2022-02-26,1025.0,1054.0,1000.0,1032.0,48823778756,18554907,1424,1014.0,1024.0
2142,2022-02-27,1035.0,1035.0,1004.0,1021.0,40360719038,15498986,1156,1032.0,1035.0
2143,2022-02-28,1036.0,1072.0,1020.0,1068.0,95119159931,34924065,1787,1021.0,1072.0
2144,2022-03-02,1079.0,1121.0,1079.0,1105.0,124754408925,44287736,2726,1068.0,1090.0
2145,2022-03-05,1078.0,1122.0,1072.0,1096.0,94446470939,33790500,1981,1105.0,1105.0
2146,2022-03-06,1107.0,1151.0,1107.0,1140.0,55386201288,19043050,1371,1096.0,1151.0
2147,2022-03-07,1175.0,1197.0,1140.0,1169.0,152141459836,51057623,2957,1140.0,1196.0
2148,2022-03-08,1196.0,1212.0,1157.0,1179.0,89336156434,29715227,1916,1169.0,1169.0
2149,2022-03-09,1176.0,1220.0,1145.0,1187.0,92734401974,30649312,1973,1179.0,1201.0
2150,2022-03-12,1155.0,1188.0,1133.0,1151.0,58786326700,20020474,1405,1187.0,1137.0
2151,2022-03-13,1120.0,1174.0,1106.0,1138.0,54330144221,18717278,1132,1151.0,1158.0
2152,2022-03-14,1158.0,1195.0,1143.0,1187.0,48504114134,16019478,1185,1138.0,1195.0
2153,2022-03-15,1214.0,1247.0,1188.0,1234.0,81113603456,25782936,1798,1187.0,1243.0
2154,2022-03-16,1231.0,1274.0,1216.0,1251.0,67540067758,21163657,1349,1234.0,1261.0
2155,2022-03-19,1274.0,1274.0,1243.0,1261.0,33644701988,10462627,1011,1251.0,1265.0
2156,2022-03-26,1269.0,1321.0,1263.0,1294.0,65948062462,19988991,1224,1261.0,1310.0
2157,2022-03-27,1324.0,1347.0,1286.0,1324.0,40092041929,11876330,1078,1294.0,1343.0
2158,2022-03-28,1369.0,1372.0,1333.0,1355.0,38188643561,11050848,1166,1324.0,1360.0
2159,2022-03-29,1368.0,1372.0,1294.0,1334.0,89015747172,26163205,1711,1355.0,1339.0
2160,2022-03-30,1339.0,1353.0,1296.0,1334.0,50241231586,14763006,1146,1334.0,1329.0
2161,2022-04-03,1306.0,1377.0,1306.0,1359.0,75890528497,21895130,1376,1334.0,1361.0
2162,2022-04-04,1359.0,1380.0,1314.0,1361.0,101574623001,29266340,2046,1359.0,1370.0
2163,2022-04-05,1362.0,1423.0,1362.0,1407.0,60966948336,16996125,1550,1361.0,1411.0
2164,2022-04-06,1412.0,1427.0,1358.0,1386.0,84760326239,23974409,1809,1407.0,1388.0
2165,2022-04-09,1387.0,1435.0,1357.0,1400.0,108184023872,30294124,1604,1386.0,1414.0
2166,2022-04-10,1412.0,1470.0,1412.0,1455.0,87819897320,23668173,1676,1400.0,1470.0
2167,2022-04-11,1477.0,1494.0,1435.0,1467.0,76440601185,20435339,1692,1455.0,1467.0
2168,2022-04-12,1451.0,1451.0,1394.0,1400.0,126493113019,35435134,1485,1467.0,1394.0
2169,2022-04-13,1341.0,1437.0,1341.0,1402.0,77429317858,21651322,1356,1400.0,1401.0
2170,2022-04-16,1372.0,1472.0,1372.0,1449.0,161230233390,43645891,2303,1402.0,1472.0
2171,2022-04-17,1506.0,1521.0,1471.0,1513.0,149042442953,38619217,2099,1449.0,1521.0
2172,2022-04-18,1561.0,1589.0,1529.0,1575.0,235293477601,58567974,3363,1513.0,1530.0
2173,2022-04-19,1545.0,1608.0,1514.0,1576.0,128631518424,31998797,2228,1575.0,1590.0
2174,2022-04-20,1590.0,1655.0,1576.0,1617.0,187164453705,45385022,2813,1576.0,1654.0
2175,2022-04-24,1663.0,1682.0,1588.0,1648.0,147222747231,35038038,2833,1617.0,1668.0
2176,2022-04-25,1680.0,1717.0,1608.0,1680.0,113145561197,26411579,2539,1648.0,1706.0
2177,2022-04-26,1674.0,1764.0,1674.0,1757.0,140218011810,31299774,2229,1680.0,1764.0
2178,2022-04-27,1816.0,1819.0,1694.0,1776.0,236863686828,52282593,4465,1757.0,1807.0
2179,2022-04-30,1777.0,1865.0,1777.0,1857.0,130703713393,27598484,1979,1776.0,1865.0
2180,2022-05-01,1949.0,1950.0,1890.0,1930.0,349802229358,71065027,5788,1857.0,1921.0
2181,2022-05-02,1961.0,1961.0,1834.0,1857.0,329394333083,69560683,6166,1930.0,1883.0
2182,2022-05-07,1884.0,1949.0,1884.0,1934.0,175891689390,35660562,2624,1857.0,1949.0
2183,2022-05-08,2016.0,2030.0,1949.0,2015.0,291197324697,56674812,5210,1934.0,2030.0
2184,2022-05-09,2059.0,2070.0,1914.0,1973.0,300126471362,59639427,4430,2015.0,1961.0
2185,2022-05-10,1960.0,2072.0,1883.0,2028.0,282471130836,54606251,4955,1973.0,2071.0
2186,2022-05-11,2115.0,2130.0,2078.0,2123.0,368797039684,68109062,5540,2028.0,2121.0
2187,2022-05-14,2176.0,2227.0,2157.0,2219.0,439087382920,77613255,6001,2123.0,2227.0
2188,2022-05-15,2314.0,2314.0,2110.0,2184.0,407302604510,73159282,6816,2219.0,2184.0
2189,2022-05-16,2184.0,2255.0,2118.0,2192.0,275296340550,49280583,4909,2184.0,2227.0
2190,2022-05-17,2200.0,2231.0,2086.0,2129.0,293906476930,54166119,5301,2192.0,2086.0
2191,2022-05-18,2086.0,2121.0,2023.0,2039.0,362237419040,69619138,4617,2129.0,2023.0
2192,2022-05-21,1980.0,2000.0,1937.0,1941.0,450859455600,91058996,5332,2039.0,1937.0
2193,2022-05-22,1933.0,2035.0,1894.0,1996.0,294766760430,57855707,4877,1941.0,2035.0
2194,2022-05-23,2055.0,2094.0,1957.0,2023.0,253798399120,49230606,4409,1996.0,2019.0
2195,2022-05-24,1961.0,2118.0,1961.0,2078.0,222279380300,41903096,3037,2023.0,2098.0
2196,2022-05-25,2121.0,2157.0,2027.0,2086.0,150629953370,28320970,3213,2078.0,2074.0
2197,2022-05-28,2051.0,2070.0,1984.0,2004.0,183077728880,35858138,2847,2086.0,1984.0
2198,2022-05-29,1910.0,1961.0,1906.0,1910.0,44725433980,9192507,648,2004.0,1906.0
2199,2022-05-30,1823.0,1921.0,1816.0,1831.0,428455036810,91649718,4762,1910.0,1878.0
2200,2022-05-31,1863.0,1921.0,1831.0,1902.0,136986475950,28220747,1930,1831.0,1921.0
2201,2022-06-01,1937.0,1996.0,1925.0,1980.0,168809201750,33417825,2659,1902.0,1988.0
2202,2022-06-06,1961.0,1961.0,1882.0,1894.0,52762445580,10919265,1117,1980.0,1882.0
2203,2022-06-07,1804.0,1949.0,1804.0,1878.0,161257185550,33677781,2422,1894.0,1918.0
2204,2022-06-08,1918.0,1957.0,1863.0,1918.0,74176892070,15162505,1577,1878.0,1921.0
2205,2022-06-11,1847.0,1918.0,1822.0,1827.0,139304099273,29905753,2491,1918.0,1822.0
2206,2022-06-12,1804.0,1863.0,1736.0,1797.0,227885781481,49729895,2940,1827.0,1858.0
2207,2022-06-13,1843.0,1887.0,1843.0,1883.0,113063022812,23542379,1976,1797.0,1887.0
2208,2022-06-14,1921.0,1978.0,1886.0,1948.0,187465246511,37726054,2748,1883.0,1970.0
2209,2022-06-15,1972.0,2038.0,1961.0,2007.0,157192066455,30716561,2879,1948.0,2014.0
2210,2022-06-18,2035.0,2059.0,1914.0,1980.0,138917257460,27490531,2618,2007.0,1988.0
2211,2022-06-19,2000.0,2031.0,1925.0,1992.0,122446934090,24089352,2561,1980.0,1988.0
2212,2022-06-20,1992.0,2039.0,1965.0,2004.0,108990397640,21321885,2252,1992.0,2000.0
2213,2022-06-21,2008.0,2008.0,1929.0,1968.0,99378660500,19813053,1473,2004.0,1984.0
2214,2022-06-22,1929.0,2067.0,1914.0,2043.0,290611064930,55809367,4769,1968.0,2067.0
2215,2022-06-25,2070.0,2118.0,2019.0,2063.0,130186857350,24742898,2547,2043.0,2031.0
2216,2022-06-26,2055.0,2055.0,1961.0,1976.0,60455126340,11992535,1166,2063.0,1961.0
2217,2022-06-27,1921.0,1972.0,1878.0,1890.0,150605751760,31278408,2449,1976.0,1878.0
2218,2022-06-28,1847.0,1949.0,1808.0,1898.0,133938750050,27648866,2648,1890.0,1890.0
2219,2022-06-29,1906.0,1957.0,1874.0,1906.0,102651394130,21136180,1888,1898.0,1882.0
2220,2022-07-02,1855.0,1921.0,1810.0,1829.0,88013317202,18868968,1783,1906.0,1810.0
2221,2022-07-03,1804.0,1843.0,1738.0,1764.0,115579257724,25691457,2718,1829.0,1741.0
2222,2022-07-04,1729.0,1823.0,1729.0,1763.0,71464586969,15899360,1878,1764.0,1733.0
2223,2022-07-05,1747.0,1747.0,1675.0,1684.0,147956799615,34457434,2883,1763.0,1675.0
2224,2022-07-06,1659.0,1682.0,1600.0,1616.0,127333704159,30895562,2804,1684.0,1625.0
2225,2022-07-09,1639.0,1696.0,1588.0,1662.0,131005397596,30907594,2490,1616.0,1667.0
2226,2022-07-11,1664.0,1681.0,1580.0,1601.0,73928992230,18100900,1744,1662.0,1580.0
2227,2022-07-12,1541.0,1569.0,1521.0,1527.0,126230857391,32420590,2349,1601.0,1549.0
2228,2022-07-13,1530.0,1603.0,1530.0,1588.0,120936236089,29870611,2342,1527.0,1603.0
2229,2022-07-16,1600.0,1646.0,1569.0,1603.0,69758893897,17067960,1926,1588.0,1600.0
2230,2022-07-17,1577.0,1603.0,1523.0,1533.0,58282379862,14910597,1432,1603.0,1523.0
2231,2022-07-19,1498.0,1588.0,1494.0,1559.0,99571897361,25047432,2387,1533.0,1572.0
2232,2022-07-20,1585.0,1631.0,1572.0,1609.0,55845651019,13612568,1518,1559.0,1592.0
2233,2022-07-23,1612.0,1686.0,1612.0,1647.0,74422740458,17722551,1653,1609.0,1632.0
2234,2022-07-24,1620.0,1631.0,1565.0,1571.0,64423738567,16077111,1492,1647.0,1565.0
2235,2022-07-25,1525.0,1564.0,1493.0,1503.0,36497029257,9519227,765,1571.0,1493.0
2236,2022-07-26,1456.0,1569.0,1455.0,1506.0,57925407736,15085882,1329,1503.0,1486.0
2237,2022-07-27,1474.0,1580.0,1474.0,1551.0,65603081724,16585243,1367,1506.0,1558.0
2238,2022-07-30,1551.0,1557.0,1474.0,1509.0,42948590132,11162600,1184,1551.0,1474.0
2239,2022-07-31,1474.0,1529.0,1434.0,1440.0,76421062185,20806539,1368,1509.0,1434.0
2240,2022-08-01,1442.0,1490.0,1412.0,1457.0,52991789906,14261990,1319,1440.0,1463.0
2241,2022-08-02,1459.0,1490.0,1431.0,1465.0,36997250319,9899331,1086,1457.0,1458.0
2242,2022-08-03,1486.0,1529.0,1455.0,1497.0,97017301068,25415224,1643,1465.0,1519.0
2243,2022-08-06,1530.0,1550.0,1494.0,1511.0,87630843204,22739515,2045,1497.0,1499.0
2244,2022-08-13,1569.0,1586.0,1538.0,1562.0,35960307312,9028699,868,1511.0,1543.0
2245,2022-08-14,1534.0,1556.0,1484.0,1496.0,78055367385,20466578,1626,1562.0,1485.0
2246,2022-08-15,1491.0,1529.0,1451.0,1498.0,97470751267,25512523,2052,1496.0,1498.0
2247,2022-08-16,1475.0,1545.0,1475.0,1528.0,94898700952,24357471,1580,1498.0,1512.0
2248,2022-08-17,1511.0,1604.0,1511.0,1584.0,179942029322,44547028,2696,1528.0,1604.0
2249,2022-08-20,1608.0,1635.0,1569.0,1600.0,88925856812,21788932,1701,1584.0,1573.0
2250,2022-08-21,1560.0,1627.0,1545.0,1604.0,141894313393,34691893,1806,1600.0,1620.0
2251,2022-08-22,1589.0,1627.0,1580.0,1603.0,69593591722,17027885,1619,1604.0,1586.0
2252,2022-08-27,1639.0,1639.0,1571.0,1601.0,34924848192,8553502,778,1603.0,1573.0
2253,2022-08-28,1553.0,1594.0,1530.0,1558.0,61305233999,15425190,1350,1601.0,1565.0
2254,2022-08-29,1576.0,1635.0,1576.0,1620.0,94715535049,22934562,1813,1558.0,1620.0
2255,2022-08-30,1640.0,1667.0,1608.0,1639.0,73032066141,17467530,1575,1620.0,1627.0
2256,2022-08-31,1623.0,1680.0,1608.0,1643.0,61539916748,14686683,1388,1639.0,1635.0
2257,2022-09-03,1612.0,1623.0,1561.0,1570.0,84255590770,21045385,1488,1643.0,1561.0
2258,2022-09-04,1529.0,1605.0,1529.0,1575.0,41278943507,10277343,1006,1570.0,1561.0
2259,2022-09-05,1569.0,1615.0,1569.0,1586.0,54974099689,13590947,1200,1575.0,1575.0
2260,2022-09-06,1569.0,1608.0,1551.0,1565.0,29556743013,7404865,830,1586.0,1572.0
2261,2022-09-07,1564.0,1607.0,1538.0,1569.0,55745423848,13935091,1240,1565.0,1567.0
2262,2022-09-10,1549.0,1568.0,1490.0,1508.0,46974614253,12217848,1259,1569.0,1502.0
2263,2022-09-11,1506.0,1545.0,1478.0,1518.0,46815140231,12097905,1115,1508.0,1517.0
2264,2022-09-12,1482.0,1557.0,1482.0,1522.0,42495160415,10949963,1147,1518.0,1538.0
2265,2022-09-13,1556.0,1568.0,1520.0,1543.0,44682482952,11352047,938,1522.0,1533.0
2266,2022-09-14,1560.0,1572.0,1500.0,1517.0,27529691930,7115533,1005,1543.0,1505.0
2267,2022-09-18,1491.0,1521.0,1466.0,1483.0,39110166288,10341435,962,1517.0,1467.0
2268,2022-09-19,1482.0,1545.0,1455.0,1503.0,47228812981,12326033,1146,1483.0,1493.0
2269,2022-09-20,1521.0,1533.0,1470.0,1501.0,33114836559,8648796,895,1503.0,1474.0
2270,2022-09-21,1514.0,1529.0,1472.0,1492.0,26796733185,7041805,689,1501.0,1480.0
2271,2022-09-24,1472.0,1498.0,1418.0,1425.0,52066420864,14332589,988,1492.0,1418.0
2272,2022-09-26,1355.0,1469.0,1355.0,1429.0,42758194735,11734728,931,1425.0,1430.0
2273,2022-09-28,1433.0,1500.0,1433.0,1490.0,86504740262,22767804,1410,1429.0,1499.0
2274,2022-10-01,1455.0,1501.0,1416.0,1458.0,47990193787,12902528,1190,1490.0,1416.0
2275,2022-10-02,1445.0,1445.0,1386.0,1400.0,44465179102,12460280,1079,1458.0,1408.0
2276,2022-10-03,1384.0,1436.0,1367.0,1395.0,26361819841,7410431,806,1400.0,1397.0
2277,2022-10-04,1399.0,1464.0,1365.0,1432.0,82807731515,22669410,1653,1395.0,1451.0
2278,2022-10-08,1439.0,1504.0,1438.0,1496.0,81447055189,21342127,1266,1432.0,1504.0
2279,2022-10-09,1528.0,1571.0,1467.0,1550.0,202254154446,51170958,2753,1496.0,1571.0
2280,2022-10-10,1595.0,1627.0,1571.0,1620.0,148779557462,36017370,2752,1550.0,1627.0
2281,2022-10-11,1647.0,1659.0,1574.0,1626.0,366146238639,88288436,2526,1620.0,1597.0
2282,2022-10-12,1597.0,1655.0,1569.0,1635.0,329578846300,79036172,1846,1626.0,1628.0
2283,2022-10-15,1646.0,1706.0,1620.0,1667.0,107821062888,25361463,2093,1635.0,1670.0
2284,2022-10-16,1627.0,1664.0,1591.0,1631.0,63568669364,15279510,1555,1667.0,1627.0
2285,2022-10-17,1603.0,1703.0,1600.0,1673.0,103959748681,24367327,1800,1631.0,1696.0
2286,2022-10-18,1656.0,1737.0,1656.0,1718.0,87686521533,20013252,1878,1673.0,1726.0
2287,2022-10-19,1737.0,1769.0,1673.0,1735.0,83057925265,18769320,1767,1718.0,1725.0
2288,2022-10-22,1725.0,1772.0,1679.0,1733.0,87064492937,19696617,1793,1735.0,1733.0
2289,2022-10-23,1733.0,1763.0,1686.0,1738.0,69602271521,15700783,1497,1733.0,1737.0
2290,2022-10-24,1737.0,1745.0,1652.0,1666.0,125535738491,29546128,1525,1738.0,1652.0
2291,2022-10-25,1616.0,1706.0,1609.0,1676.0,82694700066,19353821,1733,1666.0,1686.0
2292,2022-10-26,1643.0,1686.0,1592.0,1635.0,84920617586,20369909,1530,1676.0,1639.0
2293,2022-10-29,1636.0,1677.0,1578.0,1625.0,88289046225,21310742,1771,1635.0,1603.0
2294,2022-10-30,1575.0,1596.0,1543.0,1550.0,81215819403,20552810,1403,1625.0,1565.0
2295,2022-10-31,1530.0,1626.0,1530.0,1604.0,36538835929,8933259,1166,1550.0,1625.0
2296,2022-11-01,1625.0,1681.0,1620.0,1655.0,39180959679,9284696,1014,1604.0,1621.0
2297,2022-11-02,1576.0,1635.0,1576.0,1600.0,47751120973,11707545,1016,1655.0,1594.0
2298,2022-11-05,1594.0,1653.0,1594.0,1623.0,72049845695,17402463,1380,1600.0,1635.0
2299,2022-11-06,1608.0,1686.0,1608.0,1651.0,56231298361,13352491,1413,1623.0,1675.0
2300,2022-11-07,1653.0,1734.0,1653.0,1727.0,134307445314,30504240,1795,1651.0,1734.0
2301,2022-11-08,1730.0,1790.0,1692.0,1737.0,110049285699,24839598,1832,1727.0,1729.0
2302,2022-11-09,1698.0,1804.0,1667.0,1749.0,116390275746,26089213,1655,1737.0,1788.0
2303,2022-11-12,1788.0,1835.0,1745.0,1808.0,87730894861,19025448,1689,1749.0,1800.0
2304,2022-11-13,1835.0,1847.0,1770.0,1828.0,89220245011,19141308,1618,1808.0,1836.0
2305,2022-11-14,1854.0,1854.0,1767.0,1802.0,65654585654,14289378,1220,1828.0,1804.0
2306,2022-11-15,1792.0,1820.0,1749.0,1784.0,61651367235,13551555,1172,1802.0,1790.0
2307,2022-11-16,1803.0,1835.0,1737.0,1794.0,80660818151,17628539,1381,1784.0,1823.0
2308,2022-11-19,1812.0,1812.0,1705.0,1736.0,58857274423,13296581,1268,1794.0,1731.0
2309,2022-11-20,1761.0,1816.0,1745.0,1780.0,76891588225,16940228,1395,1736.0,1765.0
2310,2022-11-21,1804.0,1843.0,1751.0,1792.0,102296984739,22378509,2185,1780.0,1788.0
2311,2022-11-22,1765.0,1843.0,1757.0,1812.0,90543866971,19597766,1478,1792.0,1796.0
2312,2022-11-23,1785.0,1819.0,1756.0,1777.0,58292108444,12864372,1402,1812.0,1764.0
2313,2022-11-26,1761.0,1808.0,1748.0,1780.0,47010657896,10356597,1262,1777.0,1792.0
2314,2022-11-27,1754.0,1815.0,1753.0,1789.0,93516958779,20498119,1480,1780.0,1784.0
2315,2022-11-28,1772.0,1835.0,1772.0,1806.0,43587676426,9462475,924,1789.0,1804.0
2316,2022-11-29,1827.0,1896.0,1784.0,1885.0,262481895365,54598395,2307,1806.0,1896.0
2317,2022-11-30,1902.0,1949.0,1870.0,1904.0,79815854963,16437469,1366,1885.0,1872.0
2318,2022-12-03,1904.0,1921.0,1827.0,1873.0,58566473152,12263102,1177,1904.0,1882.0
2319,2022-12-04,1882.0,1882.0,1804.0,1832.0,57428230883,12291865,1308,1873.0,1862.0
2320,2022-12-05,1813.0,1898.0,1813.0,1867.0,72948632113,15326928,1184,1832.0,1872.0
2321,2022-12-06,1870.0,1921.0,1868.0,1905.0,106065211067,21833711,1397,1867.0,1916.0
2322,2022-12-07,1913.0,1992.0,1883.0,1963.0,244956136022,48944897,2137,1905.0,1961.0
2323,2022-12-10,1949.0,1976.0,1882.0,1933.0,88807272240,18000068,1591,1963.0,1961.0
2324,2022-12-11,1937.0,2016.0,1933.0,1996.0,84483516650,16599876,1520,1933.0,2000.0
2325,2022-12-12,1984.0,2051.0,1968.0,2004.0,100671898470,19704716,1760,1996.0,2019.0
2326,2022-12-13,2019.0,2070.0,1992.0,2019.0,96025415710,18649703,1856,2004.0,2004.0
2327,2022-12-14,2008.0,2035.0,1965.0,2004.0,103032137220,20176806,1958,2019.0,2012.0
2328,2022-12-17,2012.0,2102.0,1992.0,2082.0,167600707880,31578445,2768,2004.0,2102.0
2329,2022-12-18,2106.0,2172.0,2082.0,2125.0,107915592620,19913047,2206,2082.0,2090.0
2330,2022-12-19,2129.0,2176.0,2078.0,2137.0,137623394350,25248286,2106,2125.0,2153.0
2331,2022-12-20,2133.0,2208.0,2110.0,2165.0,108957158680,19745076,1722,2137.0,2165.0
2332,2022-12-21,2192.0,2239.0,2157.0,2200.0,178386248660,31810467,2464,2165.0,2176.0
2333,2022-12-26,2308.0,2308.0,2304.0,2308.0,16347723170,2828332,120,2200.0,2308.0
2334,2022-12-28,2320.0,2411.0,2320.0,2368.0,190294449820,32102898,2849,2308.0,2368.0
2335,2022-12-31,2388.0,2427.0,2316.0,2391.0,227047991700,37886577,3395,2368.0,2384.0
2336,2023-01-01,2316.0,2395.0,2276.0,2292.0,189038465810,32944284,2551,2391.0,2276.0
2337,2023-01-02,2252.0,2380.0,2252.0,2324.0,152320135210,26190349,2257,2292.0,2316.0
2338,2023-01-03,2336.0,2376.0,2208.0,2260.0,202536879230,35768563,3207,2324.0,2216.0
2339,2023-01-04,2236.0,2236.0,2148.0,2184.0,132785736500,24257531,1971,2260.0,2204.0
2340,2023-01-07,2196.0,2248.0,2188.0,2216.0,99194301470,17864931,1700,2184.0,2244.0
2341,2023-01-08,2244.0,2304.0,2216.0,2260.0,118611677000,20962707,1761,2216.0,2244.0
2342,2023-01-09,2236.0,2276.0,2204.0,2240.0,105591313000,18825141,2119,2260.0,2228.0
2343,2023-01-10,2232.0,2316.0,2168.0,2244.0,177591842290,31587390,2603,2240.0,2224.0
2344,2023-01-11,2236.0,2256.0,2156.0,2212.0,134199285770,24220604,2347,2244.0,2224.0
2345,2023-01-14,2196.0,2240.0,2148.0,2200.0,103546758510,18784435,1970,2212.0,2204.0
2346,2023-01-16,2244.0,2292.0,2228.0,2268.0,184049326350,32394651,2184,2200.0,2276.0
2347,2023-01-17,2308.0,2419.0,2256.0,2356.0,276035905700,46778711,4281,2268.0,2395.0
2348,2023-01-18,2419.0,2519.0,2403.0,2503.0,417695860000,66613021,5672,2356.0,2515.0
2349,2023-01-21,2483.0,2599.0,2399.0,2499.0,303846801900,48507413,4366,2503.0,2519.0
2350,2023-01-22,2495.0,2623.0,2463.0,2555.0,182397487350,28502211,3050,2499.0,2579.0
2351,2023-01-23,2563.0,2619.0,2395.0,2503.0,211932780550,33783872,3430,2555.0,2463.0
2352,2023-01-24,2479.0,2479.0,2376.0,2435.0,144192068700,23621080,2349,2503.0,2439.0
2353,2023-01-25,2451.0,2459.0,2268.0,2308.0,202036147670,34965530,2945,2435.0,2268.0
2354,2023-01-28,2296.0,2296.0,2148.0,2196.0,163186859300,29669207,2858,2308.0,2164.0
2355,2023-01-29,2152.0,2160.0,2044.0,2052.0,85906741340,16700980,1321,2196.0,2044.0
2356,2023-01-30,2004.0,2084.0,1912.0,1964.0,197227206360,40111748,2905,2052.0,2032.0
2357,2023-01-31,2016.0,2100.0,2012.0,2084.0,119509789370,22893514,2200,1964.0,2100.0
2358,2023-02-01,2104.0,2224.0,2048.0,2160.0,126677799460,23418723,2104,2084.0,2216.0
2359,2023-02-05,2188.0,2220.0,2068.0,2148.0,149459272150,27754893,2628,2160.0,2132.0
2360,2023-02-06,2148.0,2248.0,2092.0,2184.0,112482822010,20557257,1958,2148.0,2204.0
2361,2023-02-07,2192.0,2272.0,2172.0,2220.0,141002566660,25375101,1962,2184.0,2228.0
2362,2023-02-08,2224.0,2276.0,2164.0,2244.0,135168521400,24033226,2101,2220.0,2232.0
2363,2023-02-12,2248.0,2300.0,2168.0,2256.0,130694948450,23123679,2164,2244.0,2288.0
2364,2023-02-13,2296.0,2336.0,2156.0,2228.0,172822748420,30957311,2702,2256.0,2224.0
2365,2023-02-14,2236.0,2316.0,2200.0,2288.0,210901545970,36807340,2672,2228.0,2292.0
2366,2023-02-15,2320.0,2332.0,2224.0,2304.0,157695399050,27332561,2105,2288.0,2304.0
2367,2023-02-19,2308.0,2388.0,2280.0,2344.0,144026301130,24537878,1731,2304.0,2356.0
2368,2023-02-20,2356.0,2491.0,2356.0,2443.0,122901117250,20093039,1716,2344.0,2439.0
2369,2023-02-21,2487.0,2487.0,2308.0,2391.0,274786755960,45845084,4665,2443.0,2324.0
2370,2023-03-01,2614.0,2679.0,2516.0,2619.0,190761458494,47598420,1808,2391.0,2666.0
2371,2023-03-04,2692.0,2802.0,2647.0,2777.0,315262145580,74182652,4885,2619.0,2802.0
2372,2023-03-05,2868.0,2971.0,2833.0,2916.0,216376348634,48494108,4004,2777.0,2888.0
2373,2023-03-06,2908.0,2912.0,2712.0,2822.0,171146190298,39627256,3596,2916.0,2829.0
2374,2023-03-07,2776.0,2940.0,2692.0,2867.0,247634574360,56430223,3524,2822.0,2875.0
2375,2023-03-11,2868.0,2908.0,2725.0,2825.0,247641301907,57290870,4633,2867.0,2856.0
2376,2023-03-12,2875.0,2875.0,2720.0,2804.0,198669659304,46300461,3091,2825.0,2799.0
2377,2023-03-13,2745.0,2857.0,2727.0,2782.0,125571906903,29493733,2985,2804.0,2777.0
2378,2023-03-14,2749.0,2836.0,2719.0,2776.0,144712737454,34055814,3709,2782.0,2836.0
2379,2023-03-15,2810.0,2950.0,2810.0,2922.0,148177588481,33132920,2946,2776.0,2948.0
2380,2023-03-18,2954.0,3127.0,2954.0,3110.0,196274833268,41230488,3027,2922.0,3123.0
2381,2023-03-19,3189.0,3202.0,3006.0,3080.0,191630619072,40655318,3778,3110.0,3071.0
2382,2023-03-25,3136.0,3136.0,3015.0,3060.0,149914356447,32013287,3237,3080.0,3070.0
2383,2023-03-26,3038.0,3078.0,2882.0,2957.0,169630776777,37478702,3948,3060.0,2895.0
2384,2023-03-28,2955.0,3071.0,2955.0,3002.0,109684613041,23868893,2423,2957.0,2987.0
2385,2023-03-29,3006.0,3090.0,2967.0,3036.0,161705556416,34798397,3089,3002.0,3065.0
2386,2023-04-03,3063.0,3064.0,2940.0,3002.0,164011219503,35691864,3705,3036.0,3018.0
2387,2023-04-04,3061.0,3122.0,2965.0,3033.0,161843930890,34868851,3002,3002.0,2980.0
2388,2023-04-05,2986.0,3114.0,2981.0,3073.0,166747249490,35459256,3033,3033.0,3104.0
2389,2023-04-08,3078.0,3288.0,3078.0,3258.0,311746121787,62527858,4554,3073.0,3249.0
2390,2023-04-09,3398.0,3398.0,3222.0,3276.0,244915835486,48859800,4196,3258.0,3267.0
2391,2023-04-10,3268.0,3332.0,3047.0,3153.0,428911264262,88875511,7465,3276.0,3067.0
2392,2023-04-11,3103.0,3234.0,3045.0,3161.0,188875154453,39038600,3059,3153.0,3211.0
2393,2023-04-15,3267.0,3347.0,3254.0,3319.0,200584799582,39495615,3192,3161.0,3340.0
2394,2023-04-16,3372.0,3430.0,3291.0,3361.0,262241083841,50982872,3602,3319.0,3374.0
2395,2023-04-17,3404.0,3451.0,3326.0,3383.0,250279714593,48338030,3851,3361.0,3341.0
2396,2023-04-18,3372.0,3525.0,3371.0,3427.0,293477418245,55961291,4679,3383.0,3389.0
2397,2023-04-19,3470.0,3553.0,3347.0,3468.0,325018749719,61226682,4802,3427.0,3453.0
2398,2023-04-24,3430.0,3463.0,3359.0,3417.0,235668069020,45090393,3893,3468.0,3424.0
2399,2023-04-25,3424.0,3581.0,3391.0,3496.0,366912573530,68611844,4196,3417.0,3457.0
2400,2023-04-26,3463.0,3731.0,3430.0,3633.0,412025561700,74129014,4960,3496.0,3679.0
2401,2023-04-29,3731.0,3757.0,3581.0,3653.0,279977664710,50128895,4476,3633.0,3587.0
2402,2023-04-30,3607.0,3718.0,3528.0,3613.0,306816782860,55521545,5387,3653.0,3594.0
2403,2023-05-01,3626.0,3698.0,3528.0,3620.0,263642444980,47561250,3908,3613.0,3626.0
2404,2023-05-02,3626.0,3829.0,3626.0,3764.0,353545677910,61346915,4276,3620.0,3757.0
2405,2023-05-03,3770.0,3914.0,3731.0,3809.0,305507888460,52358433,4473,3764.0,3783.0
2406,2023-05-06,3907.0,3907.0,3666.0,3731.0,380121785790,66514676,6230,3809.0,3724.0
2407,2023-05-07,3724.0,3731.0,3476.0,3502.0,150095315480,27982472,2164,3731.0,3476.0
2408,2023-05-08,3261.0,3261.0,3261.0,3261.0,44795659140,8977086,488,3502.0,3261.0
2409,2023-05-09,3038.0,3228.0,3038.0,3071.0,357474961690,75997897,5202,3261.0,3136.0
2410,2023-05-10,3104.0,3215.0,2862.0,2895.0,324443069610,73274215,3978,3071.0,2868.0
2411,2023-05-13,2790.0,2849.0,2692.0,2717.0,224956768558,54095979,3465,2895.0,2772.0
2412,2023-05-14,2836.0,2907.0,2777.0,2899.0,155586678255,35072977,2002,2717.0,2907.0
2413,2023-05-15,3080.0,3101.0,2907.0,3055.0,284973744155,60955759,3810,2899.0,3091.0
2414,2023-05-17,3058.0,3261.0,2959.0,3152.0,130917271967,27137695,2276,3055.0,3195.0
2415,2023-05-20,3240.0,3250.0,2941.0,3059.0,164567166254,35148775,2838,3152.0,3005.0
2416,2023-05-21,3055.0,3162.0,2877.0,3070.0,320680911815,68238364,2687,3059.0,3071.0
2417,2023-05-22,3156.0,3156.0,3082.0,3117.0,127441613440,26712868,1738,3070.0,3097.0
2418,2023-05-23,3118.0,3208.0,3079.0,3143.0,194750130466,40491909,2605,3117.0,3097.0
2419,2023-05-24,3119.0,3119.0,3006.0,3052.0,123157347302,26365834,2082,3143.0,3025.0
2420,2023-05-27,3065.0,3084.0,2839.0,2903.0,92608916252,20842660,2410,3052.0,2865.0
2421,2023-05-28,2868.0,2868.0,2700.0,2724.0,182573828239,43797591,2787,2903.0,2764.0
2422,2023-05-29,2744.0,2848.0,2720.0,2770.0,103807296160,24487224,1786,2724.0,2829.0
2423,2023-05-30,2829.0,2901.0,2777.0,2825.0,122224506438,28274020,1787,2770.0,2812.0
2424,2023-05-31,2816.0,2816.0,2718.0,2763.0,71745724459,16967842,1347,2825.0,2758.0
2425,2023-06-03,2725.0,2955.0,2721.0,2942.0,986678161556,219162077,3676,2763.0,2955.0
2426,2023-06-06,2992.0,3008.0,2906.0,2967.0,408121208634,89872772,4697,2942.0,2977.0
2427,2023-06-07,2979.0,3174.0,2945.0,3063.0,347256738562,74092804,4535,2967.0,3006.0
2428,2023-06-10,2992.0,2992.0,2848.0,2855.0,83893902978,19203384,1094,3063.0,2848.0
2429,2023-06-11,2744.0,2901.0,2744.0,2796.0,176435992171,41233130,2808,2855.0,2812.0
2430,2023-06-12,2868.0,2888.0,2601.0,2649.0,231298070149,57048421,3092,2796.0,2637.0
2431,2023-06-13,2626.0,2743.0,2534.0,2665.0,133067887203,32625783,2125,2649.0,2729.0
2432,2023-06-14,2737.0,2810.0,2670.0,2770.0,109604049477,25847992,1828,2665.0,2787.0
2433,2023-06-17,2788.0,2874.0,2707.0,2792.0,105857088128,24775685,1632,2770.0,2744.0
2434,2023-06-18,2744.0,2770.0,2631.0,2691.0,86680841294,21046912,1741,2792.0,2697.0
2435,2023-06-19,2672.0,2789.0,2655.0,2712.0,86152288356,20755453,1385,2691.0,2708.0
2436,2023-06-20,2776.0,2776.0,2705.0,2730.0,68146662915,16309759,1249,2712.0,2744.0
2437,2023-06-21,2732.0,2879.0,2732.0,2797.0,104090072673,24313544,1742,2730.0,2783.0
2438,2023-06-24,2783.0,2808.0,2702.0,2744.0,84188327430,20042663,1483,2797.0,2764.0
2439,2023-06-25,2764.0,2852.0,2750.0,2808.0,88633138333,20621622,1687,2744.0,2803.0
2440,2023-06-26,2823.0,2887.0,2774.0,2827.0,101555692626,23472624,1627,2808.0,2841.0
2441,2023-06-27,2842.0,2861.0,2697.0,2744.0,78214461285,18623547,1702,2827.0,2705.0
2442,2023-06-28,2738.0,2767.0,2679.0,2733.0,62527005162,14953130,1246,2744.0,2725.0
2443,2023-07-01,2738.0,2794.0,2686.0,2720.0,49603625143,11919173,1240,2733.0,2695.0
2444,2023-07-02,2679.0,2777.0,2679.0,2733.0,58270227297,13930320,1357,2720.0,2728.0
2445,2023-07-03,2729.0,2797.0,2728.0,2770.0,70885312526,16722155,1356,2733.0,2777.0
2446,2023-07-04,2803.0,2836.0,2766.0,2801.0,88209334958,20580317,1525,2770.0,2779.0
2447,2023-07-05,2774.0,2846.0,2744.0,2792.0,87184756328,20403602,1499,2801.0,2752.0
2448,2023-07-08,2809.0,2827.0,2721.0,2766.0,76560185632,18087905,1581,2792.0,2751.0
2449,2023-07-09,2713.0,2774.0,2652.0,2694.0,64105376142,15548985,1899,2766.0,2665.0
2450,2023-07-10,2705.0,2705.0,2582.0,2614.0,73942743539,18479168,1710,2694.0,2589.0
2451,2023-07-11,2614.0,2659.0,2431.0,2553.0,78656427059,20134665,1821,2614.0,2483.0
2452,2023-07-12,2517.0,2589.0,2385.0,2505.0,157879455217,41186287,2608,2553.0,2588.0
2453,2023-07-15,2614.0,2645.0,2505.0,2589.0,82466872256,20809608,1750,2505.0,2561.0
2454,2023-07-16,2581.0,2605.0,2431.0,2514.0,78576550960,20420613,1826,2589.0,2483.0
2455,2023-07-17,2505.0,2505.0,2339.0,2356.0,143920108311,39926898,2166,2514.0,2409.0
2456,2023-07-18,2470.0,2520.0,2365.0,2501.0,137295840042,35868413,1367,2356.0,2520.0
2457,2023-07-19,2588.0,2646.0,2451.0,2559.0,93079302664,23765527,2146,2501.0,2466.0
2458,2023-07-22,2380.0,2516.0,2380.0,2388.0,102507357592,28053517,1743,2559.0,2380.0
2459,2023-07-23,2388.0,2450.0,2356.0,2414.0,48420745520,13102963,1086,2388.0,2404.0
2460,2023-07-24,2414.0,2496.0,2414.0,2453.0,30022706948,7998250,886,2414.0,2444.0
2461,2023-07-25,2457.0,2561.0,2445.0,2499.0,61537784162,16088024,1375,2453.0,2483.0
2462,2023-07-26,2424.0,2498.0,2422.0,2454.0,32386414780,8625135,898,2499.0,2434.0
2463,2023-07-29,2483.0,2483.0,2403.0,2433.0,30504995276,8194116,854,2454.0,2405.0
2464,2023-07-30,2405.0,2443.0,2268.0,2319.0,55561499861,15655601,1317,2433.0,2310.0
2465,2023-07-31,2333.0,2393.0,2280.0,2349.0,72040833574,20038306,1151,2319.0,2370.0
2466,2023-08-01,2386.0,2470.0,2360.0,2401.0,37158463694,10112707,877,2349.0,2410.0
2467,2023-08-05,2405.0,2527.0,2405.0,2467.0,38324756024,10151052,960,2401.0,2470.0
2468,2023-08-21,2467.0,2488.0,2352.0,2467.0,101414172077,26857811,928,2467.0,2470.0
2469,2023-08-22,2450.0,2450.0,2295.0,2325.0,96055199322,26990822,2248,2467.0,2295.0
2470,2023-08-23,2294.0,2385.0,2196.0,2295.0,78925283640,22466591,1463,2325.0,2378.0
2471,2023-08-26,2385.0,2456.0,2352.0,2437.0,76043929130,20393918,1254,2295.0,2456.0
2472,2023-08-27,2437.0,2593.0,2437.0,2525.0,69768769078,18054914,1323,2437.0,2497.0
2473,2023-08-28,2525.0,2623.0,2503.0,2562.0,75836731602,19339717,1624,2525.0,2532.0
2474,2023-08-29,2507.0,2601.0,2490.0,2567.0,68886333100,17534578,1200,2562.0,2533.0
2475,2023-08-30,2511.0,2672.0,2511.0,2606.0,74199804287,18599689,1398,2567.0,2659.0
2476,2023-09-02,2659.0,2686.0,2571.0,2623.0,56424003939,14053918,1234,2606.0,2601.0
2477,2023-09-03,2645.0,2738.0,2549.0,2682.0,70156747725,17096349,1151,2623.0,2708.0
2478,2023-09-04,2723.0,2751.0,2650.0,2704.0,68439876318,16534908,1239,2682.0,2689.0
2479,2023-09-05,2656.0,2751.0,2656.0,2708.0,75747162362,18279034,1229,2704.0,2679.0
2480,2023-09-09,2688.0,2688.0,2555.0,2613.0,68206474986,17057646,1237,2708.0,2556.0
2481,2023-09-10,2555.0,2605.0,2504.0,2559.0,56147230799,14334787,1058,2613.0,2543.0
2482,2023-09-11,2548.0,2601.0,2505.0,2533.0,29910731845,7717502,903,2559.0,2548.0
2483,2023-09-12,2503.0,2581.0,2503.0,2542.0,39081399683,10045089,834,2533.0,2516.0
2484,2023-09-13,2535.0,2579.0,2514.0,2539.0,35615574301,9165263,935,2542.0,2548.0
2485,2023-09-17,2581.0,2581.0,2529.0,2552.0,46306971554,11859227,1005,2539.0,2538.0
2486,2023-09-18,2561.0,2591.0,2518.0,2558.0,55287108934,14123289,1148,2552.0,2553.0
2487,2023-09-19,2554.0,2565.0,2487.0,2516.0,36206704799,9403845,802,2558.0,2491.0
2488,2023-09-20,2484.0,2516.0,2457.0,2479.0,26158085820,6895171,770,2516.0,2465.0
2489,2023-09-23,2457.0,2476.0,2431.0,2447.0,23125224727,6174714,900,2479.0,2445.0
2490,2023-09-25,2444.0,2508.0,2405.0,2452.0,50020980923,13327795,1136,2447.0,2418.0
2491,2023-09-26,2425.0,2508.0,2425.0,2478.0,43063092509,11354880,939,2452.0,2454.0
2492,2023-09-27,2431.0,2515.0,2431.0,2487.0,44767873370,11761476,729,2478.0,2492.0
2493,2023-09-30,2491.0,2539.0,2425.0,2457.0,58668746173,15603927,864,2487.0,2432.0
2494,2023-10-01,2437.0,2437.0,2379.0,2394.0,57414708226,15670489,963,2457.0,2386.0
2495,2023-10-02,2470.0,2470.0,2372.0,2411.0,27519381960,7456872,719,2394.0,2418.0
2496,2023-10-04,2381.0,2522.0,2381.0,2483.0,53362952298,14042006,1143,2411.0,2474.0
2497,2023-10-07,2483.0,2508.0,2405.0,2463.0,35783618023,9493433,630,2483.0,2431.0
2498,2023-10-08,2405.0,2405.0,2291.0,2296.0,96635150118,27497961,1386,2463.0,2291.0
2499,2023-10-09,2186.0,2347.0,2186.0,2286.0,66076112153,18889964,938,2296.0,2274.0
2500,2023-10-10,2346.0,2385.0,2271.0,2333.0,53689666651,15032909,750,2286.0,2354.0
2501,2023-10-11,2350.0,2398.0,2293.0,2348.0,50791248838,14131484,1099,2333.0,2307.0
2502,2023-10-16,2352.0,2437.0,2352.0,2379.0,33120282154,9095643,706,2348.0,2382.0
2503,2023-10-17,2439.0,2439.0,2352.0,2386.0,37074033469,10154805,845,2379.0,2353.0
2504,2023-10-18,2321.0,2385.0,2270.0,2305.0,57516114322,16300964,1088,2386.0,2323.0
2505,2023-10-21,2287.0,2352.0,2287.0,2318.0,34157529247,9630903,527,2305.0,2326.0
2506,2023-10-22,2290.0,2365.0,2290.0,2339.0,21844427864,6103934,547,2318.0,2327.0
2507,2023-10-23,2290.0,2325.0,2268.0,2284.0,35086255197,10038386,753,2339.0,2269.0
2508,2023-10-24,2278.0,2339.0,2222.0,2269.0,52134441261,15015387,927,2284.0,2238.0
2509,2023-10-25,2222.0,2362.0,2222.0,2329.0,68525954262,19229141,1126,2269.0,2346.0
2510,2023-10-28,2225.0,2287.0,2166.0,2173.0,89142909588,26798059,1349,2329.0,2166.0
2511,2023-10-29,2156.0,2293.0,2156.0,2233.0,28717208121,8403949,721,2173.0,2263.0
2512,2023-10-30,2307.0,2307.0,2248.0,2270.0,23185383953,6673530,587,2233.0,2250.0
2513,2023-10-31,2234.0,2318.0,2212.0,2256.0,26911112058,7795441,731,2270.0,2222.0
2514,2023-11-01,2196.0,2209.0,2108.0,2156.0,39071438482,11841541,978,2256.0,2157.0
2515,2023-11-04,2222.0,2306.0,2215.0,2261.0,43623293567,12607778,968,2156.0,2287.0
2516,2023-11-05,2307.0,2307.0,2263.0,2290.0,34687184138,9900406,629,2261.0,2287.0
2517,2023-11-06,2287.0,2336.0,2238.0,2307.0,43029897578,12189113,820,2290.0,2313.0
2518,2023-11-07,2320.0,2463.0,2307.0,2424.0,74060223547,19961667,1319,2307.0,2435.0
2519,2023-11-08,2418.0,2450.0,2352.0,2400.0,34039653259,9266610,693,2424.0,2372.0
2520,2023-11-11,2340.0,2434.0,2297.0,2348.0,42491108616,11823090,954,2400.0,2324.0
2521,2023-11-12,2339.0,2490.0,2322.0,2428.0,66035223368,17770710,1553,2348.0,2475.0
2522,2023-11-13,2496.0,2516.0,2362.0,2448.0,55366023832,14778059,1268,2428.0,2372.0
2523,2023-11-14,2385.0,2440.0,2352.0,2401.0,24199946225,6584274,742,2448.0,2386.0
2524,2023-11-15,2439.0,2529.0,2411.0,2481.0,64536193631,16997625,1432,2401.0,2451.0
2525,2023-11-18,2495.0,2508.0,2397.0,2458.0,29795182080,7920436,716,2481.0,2411.0
2526,2023-11-19,2385.0,2537.0,2385.0,2484.0,37099277934,9760795,891,2458.0,2432.0
2527,2023-11-20,2438.0,2483.0,2399.0,2429.0,41299651353,11107120,791,2484.0,2412.0
2528,2023-11-21,2387.0,2434.0,2378.0,2408.0,19002107281,5156293,518,2429.0,2398.0
2529,2023-11-22,2399.0,2482.0,2392.0,2431.0,32253771509,8667137,824,2408.0,2431.0
2530,2023-11-25,2430.0,2460.0,2379.0,2417.0,26692850963,7216292,914,2431.0,2418.0
2531,2023-11-26,2398.0,2450.0,2380.0,2415.0,42992572612,11631219,869,2417.0,2424.0
2532,2023-11-27,2411.0,2548.0,2400.0,2478.0,43006862268,11339122,942,2415.0,2460.0
2533,2023-11-28,2476.0,2480.0,2427.0,2454.0,29269952672,7794675,496,2478.0,2470.0
2534,2023-11-29,2431.0,2504.0,2431.0,2467.0,58432052563,15473827,1037,2454.0,2450.0
2535,2023-12-04,2522.0,2614.0,2522.0,2564.0,73929590642,18839790,1150,2467.0,2539.0
2536,2023-12-05,2568.0,2640.0,2535.0,2584.0,90974292070,23004866,1565,2564.0,2565.0
2537,2023-12-06,2545.0,2600.0,2475.0,2503.0,54535704381,14239924,1079,2584.0,2483.0
2538,2023-12-09,2501.0,2504.0,2442.0,2464.0,40804890754,10819962,722,2503.0,2445.0
2539,2023-12-10,2444.0,2509.0,2432.0,2471.0,25831791927,6830072,574,2464.0,2468.0
2540,2023-12-11,2471.0,2514.0,2436.0,2461.0,31731086152,8423607,748,2471.0,2436.0
2541,2023-12-12,2444.0,2484.0,2431.0,2454.0,45376197653,12081435,941,2461.0,2446.0
2542,2023-12-13,2441.0,2482.0,2378.0,2410.0,58131755920,15763179,1041,2454.0,2378.0
2543,2023-12-16,2373.0,2450.0,2372.0,2411.0,63458469494,17198709,1048,2410.0,2418.0
2544,2023-12-18,2418.0,2494.0,2409.0,2467.0,43272809230,11460323,1088,2411.0,2476.0
2545,2023-12-19,2487.0,2488.0,2403.0,2446.0,61100683490,16318030,940,2467.0,2427.0
2546,2023-12-20,2426.0,2440.0,2383.0,2412.0,83094292472,22506384,1048,2446.0,2391.0
2547,2023-12-23,2418.0,2507.0,2418.0,2453.0,85023931735,22649748,1460,2412.0,2437.0
2548,2023-12-24,2457.0,2483.0,2403.0,2458.0,87810267536,23340991,1403,2453.0,2437.0
2549,2023-12-25,2433.0,2476.0,2401.0,2426.0,63317700778,17052720,1112,2458.0,2405.0
2550,2023-12-26,2385.0,2427.0,2333.0,2373.0,38090412551,10486795,1023,2426.0,2348.0
2551,2023-12-27,2372.0,2414.0,2326.0,2361.0,31328360608,8667695,1108,2373.0,2385.0
2552,2023-12-30,2395.0,2430.0,2364.0,2389.0,30134983877,8242256,814,2361.0,2373.0
2553,2023-12-31,2359.0,2410.0,2329.0,2348.0,39330375609,10942851,1008,2389.0,2338.0
2554,2024-01-01,2327.0,2347.0,2297.0,2317.0,49632298722,13996225,1203,2348.0,2298.0
2555,2024-01-02,2317.0,2317.0,2275.0,2291.0,45860789649,13079319,1080,2317.0,2293.0
2556,2024-01-03,2332.0,2339.0,2281.0,2299.0,48774598872,13863290,1078,2291.0,2300.0
2557,2024-01-06,2339.0,2382.0,2288.0,2341.0,90232753255,25191344,1747,2299.0,2376.0
2558,2024-01-07,2385.0,2480.0,2385.0,2429.0,105340007069,28330315,2097,2341.0,2403.0
2559,2024-01-08,2411.0,2418.0,2344.0,2377.0,51124423204,14051940,1109,2429.0,2354.0
2560,2024-01-09,2321.0,2402.0,2321.0,2363.0,47057004808,13010778,1174,2377.0,2342.0
2561,2024-01-10,2320.0,2385.0,2318.0,2338.0,61886867850,17294370,1431,2363.0,2332.0
2562,2024-01-13,2334.0,2391.0,2297.0,2344.0,57214557046,15948282,1358,2338.0,2324.0
2563,2024-01-14,2313.0,2385.0,2313.0,2350.0,45069852118,12534576,916,2344.0,2341.0
2564,2024-01-15,2333.0,2375.0,2284.0,2327.0,87173603443,24475297,1655,2350.0,2288.0
2565,2024-01-22,2329.0,2362.0,2230.0,2290.0,61227624701,17646977,1413,2327.0,2273.0
2566,2024-01-23,2219.0,2291.0,2148.0,2173.0,62714299169,19046729,1436,2290.0,2155.0
2567,2024-01-24,2164.0,2250.0,2164.0,2214.0,48747203849,14528308,1362,2173.0,2224.0
2568,2024-01-27,2180.0,2310.0,2180.0,2266.0,69671560317,20288046,1570,2214.0,2296.0
2569,2024-01-28,2336.0,2363.0,2270.0,2327.0,51334982347,14555778,1114,2266.0,2316.0
2570,2024-01-29,2279.0,2336.0,2271.0,2296.0,38379131770,11032357,926,2327.0,2279.0
2571,2024-01-30,2310.0,2310.0,2197.0,2255.0,43360618044,12689136,922,2296.0,2226.0
2572,2024-01-31,2243.0,2256.0,2178.0,2199.0,38409993342,11523713,1084,2255.0,2189.0
2573,2024-02-03,2186.0,2244.0,2178.0,2207.0,53263374911,15922548,1271,2199.0,2196.0
2574,2024-02-04,2178.0,2217.0,2162.0,2176.0,33708511468,10221914,912,2207.0,2167.0
2575,2024-02-05,2170.0,2328.0,2170.0,2272.0,170691859967,49576226,3185,2176.0,2328.0
2576,2024-02-06,2343.0,2393.0,2298.0,2360.0,132657525741,37097196,2291,2272.0,2343.0
2577,2024-02-07,2343.0,2393.0,2323.0,2357.0,65023993500,18204513,1258,2360.0,2337.0
2578,2024-02-10,2337.0,2429.0,2337.0,2391.0,81555963958,22501394,1627,2357.0,2345.0
2579,2024-02-12,2391.0,2391.0,2298.0,2322.0,53714183990,15263988,971,2391.0,2302.0
2580,2024-02-13,2337.0,2337.0,2258.0,2305.0,65430752257,18734258,1126,2322.0,2295.0
2581,2024-02-14,2272.0,2310.0,2244.0,2258.0,29367715831,8585239,819,2305.0,2256.0
2582,2024-02-17,2257.0,2282.0,2183.0,2213.0,33710671616,10050121,785,2258.0,2184.0
2583,2024-02-18,2180.0,2275.0,2180.0,2226.0,44135753499,13081611,819,2213.0,2227.0
2584,2024-02-19,2213.0,2369.0,2213.0,2322.0,83307189715,23679557,1556,2226.0,2310.0
2585,2024-02-20,2310.0,2356.0,2283.0,2302.0,36534240208,10473313,632,2322.0,2287.0
2586,2024-02-21,2310.0,2455.0,2286.0,2403.0,111077232986,30506351,2171,2302.0,2410.0
2587,2024-02-24,2410.0,2454.0,2319.0,2374.0,56661828486,15750998,1238,2403.0,2330.0
2588,2024-02-26,2374.0,2374.0,2244.0,2293.0,69869980620,20104109,1416,2374.0,2290.0
2589,2024-02-27,2251.0,2343.0,2251.0,2299.0,38488139949,11047988,923,2293.0,2323.0
2590,2024-02-28,2339.0,2382.0,2320.0,2358.0,31755849424,8886516,762,2299.0,2339.0
2591,2024-03-02,2343.0,2473.0,2329.0,2414.0,86325338541,23595832,1674,2358.0,2466.0
2592,2024-03-03,2469.0,2541.0,2403.0,2446.0,111242969156,30017733,1614,2414.0,2438.0
2593,2024-03-04,2409.0,2438.0,2327.0,2378.0,69921183436,19406891,1199,2446.0,2331.0
2594,2024-03-05,2329.0,2432.0,2323.0,2356.0,64801310877,18150132,1209,2378.0,2351.0
2595,2024-03-06,2376.0,2376.0,2316.0,2332.0,65727284631,18600392,973,2356.0,2319.0
2596,2024-03-17,2395.0,2454.0,2395.0,2423.0,49346279988,16128285,926,2332.0,2422.0
2597,2024-03-18,2424.0,2524.0,2423.0,2491.0,41167270601,13083738,1146,2423.0,2505.0
2598,2024-03-24,2488.0,2582.0,2488.0,2555.0,43226357468,13399845,973,2491.0,2581.0
2599,2024-03-25,2537.0,2612.0,2502.0,2536.0,63967974738,19976955,1491,2555.0,2511.0
2600,2024-03-26,2456.0,2518.0,2456.0,2485.0,45670577399,14555075,965,2536.0,2494.0
2601,2024-03-27,2464.0,2513.0,2459.0,2481.0,44992763784,14359095,815,2485.0,2477.0
2602,2024-03-30,2494.0,2550.0,2494.0,2525.0,52473865213,16454114,1104,2481.0,2531.0
2603,2024-04-02,2455.0,2471.0,2395.0,2436.0,57042128742,18541590,1044,2525.0,2460.0
2604,2024-04-03,2420.0,2479.0,2417.0,2430.0,28746531281,9366816,735,2436.0,2422.0
2605,2024-04-06,2454.0,2454.0,2281.0,2337.0,65351250517,22149174,1303,2430.0,2334.0
2606,2024-04-07,2269.0,2496.0,2269.0,2422.0,98644202992,32254783,2085,2337.0,2486.0
2607,2024-04-08,2479.0,2565.0,2469.0,2519.0,77099918872,24235402,1177,2422.0,2497.0
2608,2024-04-09,2497.0,2557.0,2456.0,2513.0,74202929947,23377875,2057,2519.0,2529.0
2609,2024-04-13,2437.0,2455.0,2338.0,2372.0,136163679048,45453765,2401,2513.0,2338.0
2610,2024-04-14,2349.0,2349.0,2349.0,2367.0,3223517919,1086457,95,2372.0,2349.0
2611,2024-04-15,2390.0,2390.0,2384.0,2390.0,93509795399,30987469,784,2367.0,2390.0
2612,2024-04-16,2366.0,2412.0,2366.0,2381.0,69234098752,23024912,969,2390.0,2391.0
2613,2024-04-17,2400.0,2405.0,2370.0,2401.0,49008668593,16164297,574,2381.0,2396.0
2614,2024-04-20,2376.0,2568.0,2376.0,2517.0,86303305848,27147180,1952,2401.0,2563.0
2615,2024-04-21,2542.0,2613.0,2505.0,2578.0,112003081193,34409826,2100,2517.0,2578.0
2616,2024-04-22,2543.0,2687.0,2523.0,2609.0,52274748838,15862555,1436,2578.0,2593.0
2617,2024-04-23,2583.0,2692.0,2583.0,2654.0,110626642052,32998433,2108,2609.0,2669.0
2618,2024-04-24,2692.0,2839.0,2654.0,2786.0,204387009942,58102526,2980,2654.0,2791.0
2619,2024-04-27,2772.0,2787.0,2681.0,2726.0,108521536378,31523986,2046,2786.0,2692.0
2620,2024-04-28,2729.0,2729.0,2607.0,2639.0,74259968510,22277795,1670,2726.0,2631.0
2621,2024-04-29,2653.0,2700.0,2616.0,2668.0,45855083281,13612075,1407,2639.0,2650.0
2622,2024-04-30,2638.0,2698.0,2609.0,2661.0,63278065104,18826680,1531,2668.0,2677.0
2623,2024-05-01,2640.0,2708.0,2582.0,2652.0,81774155077,24414453,1316,2661.0,2700.0
2624,2024-05-05,2700.0,2787.0,2700.0,2752.0,98352964020,28301136,2072,2652.0,2779.0
2625,2024-05-06,2753.0,2753.0,2629.0,2677.0,45547156823,13477274,1120,2752.0,2655.0
2626,2024-05-07,2639.0,2763.0,2582.0,2655.0,48737889314,14533836,1133,2677.0,2653.0
2627,2024-05-08,2614.0,2652.0,2546.0,2585.0,34685719739,10626098,929,2655.0,2574.0
2628,2024-05-11,2544.0,2613.0,2481.0,2528.0,47549887659,14896395,951,2585.0,2494.0
2629,2024-05-12,2486.0,2597.0,2462.0,2512.0,46773320842,14747292,952,2528.0,2510.0
2630,2024-05-13,2525.0,2525.0,2376.0,2416.0,34931801049,11449411,711,2512.0,2413.0
2631,2024-05-14,2416.0,2470.0,2337.0,2385.0,37087040828,12314615,722,2416.0,2376.0
2632,2024-05-15,2376.0,2407.0,2324.0,2361.0,24389772342,8181597,695,2385.0,2395.0
2633,2024-05-18,2349.0,2493.0,2349.0,2426.0,32825633713,10716436,662,2361.0,2380.0
2634,2024-05-19,2392.0,2393.0,2277.0,2313.0,43503091087,14893246,880,2426.0,2336.0
2635,2024-05-21,2287.0,2349.0,2275.0,2306.0,14726914466,5057385,351,2313.0,2298.0
2636,2024-05-25,2349.0,2349.0,2260.0,2269.0,23893485000,8339618,435,2306.0,2260.0
2637,2024-05-26,2224.0,2230.0,2224.0,2254.0,4485803449,1597302,138,2269.0,2224.0
2638,2024-05-27,2210.0,2210.0,2210.0,2232.0,7391628580,2648380,167,2254.0,2210.0
2639,2024-05-28,2187.0,2273.0,2187.0,2231.0,27383090478,9720816,696,2232.0,2267.0
2640,2024-05-29,2241.0,2275.0,2241.0,2270.0,15726738679,5485933,357,2231.0,2275.0
2641,2024-06-01,2296.0,2296.0,2225.0,2237.0,20588170460,7286950,505,2270.0,2225.0
2642,2024-06-02,2233.0,2233.0,2193.0,2193.0,14678477983,5299340,359,2237.0,2217.0
2643,2024-06-05,2187.0,2199.0,2150.0,2168.0,11004577125,4033485,328,2193.0,2150.0
2644,2024-06-08,2138.0,2138.0,2125.0,2152.0,5660880705,2108795,114,2168.0,2125.0
2645,2024-06-09,2109.0,2111.0,2109.0,2112.0,56128743873,21045565,1535,2152.0,2109.0
2646,2024-06-10,2113.0,2154.0,2070.0,2114.0,38531685593,14430142,1192,2112.0,2089.0
2647,2024-06-11,2077.0,2129.0,2072.0,2093.0,24064248622,9105591,641,2114.0,2074.0
2648,2024-06-12,2074.0,2106.0,2052.0,2068.0,19538154735,7483353,733,2093.0,2059.0
2649,2024-06-15,2059.0,2059.0,2026.0,2030.0,31140219296,12146799,829,2068.0,2026.0
2650,2024-06-16,1992.0,2071.0,1992.0,2055.0,43430873045,16739296,1146,2030.0,2067.0
2651,2024-06-18,2095.0,2095.0,2090.0,2095.0,22289405950,8423825,338,2055.0,2095.0
2652,2024-06-19,2136.0,2136.0,2136.0,2124.0,10720187334,3973383,137,2095.0,2136.0
2653,2024-06-22,2166.0,2166.0,2166.0,2150.0,9402826070,3437962,161,2124.0,2166.0
2654,2024-06-23,2193.0,2193.0,2193.0,2186.0,13280805174,4796246,162,2150.0,2193.0
2655,2024-06-24,2230.0,2230.0,2230.0,2213.0,9569410048,3398228,158,2186.0,2230.0
2656,2024-06-26,2256.0,2256.0,2230.0,2254.0,50087528039,17593537,637,2213.0,2256.0
2657,2024-06-29,2296.0,2389.0,2186.0,2340.0,51453391466,17410998,1174,2254.0,2356.0
2658,2024-06-30,2415.0,2415.0,2249.0,2344.0,49760396870,16809633,1080,2340.0,2391.0
2659,2024-07-01,2399.0,2477.0,2352.0,2423.0,29702509176,9707162,655,2344.0,2438.0
2660,2024-07-02,2452.0,2550.0,2452.0,2498.0,37490648130,11883797,647,2423.0,2488.0
2661,2024-07-03,2517.0,2534.0,2426.0,2480.0,46418202574,14820945,2624,2498.0,2451.0
2662,2024-07-06,2628.0,2628.0,2613.0,2627.0,106798377652,32187316,1088,2480.0,2628.0
2663,2024-07-07,2629.0,2692.0,2470.0,2523.0,123817026457,38866500,2714,2627.0,2470.0
2664,2024-07-08,2399.0,2518.0,2395.0,2452.0,42775682559,13816036,843,2523.0,2432.0
2665,2024-07-09,2485.0,2485.0,2395.0,2434.0,27234540064,8860036,642,2452.0,2445.0
2666,2024-07-10,2378.0,2472.0,2309.0,2361.0,27159275427,9106929,743,2434.0,2329.0
2667,2024-07-13,2320.0,2407.0,2265.0,2321.0,50433394628,17203979,1080,2361.0,2358.0
2668,2024-07-20,2319.0,2319.0,2208.0,2281.0,6970419821,2492005,186,2321.0,2239.0
2669,2024-07-21,2194.0,2245.0,2144.0,2165.0,31251949941,11550317,785,2281.0,2152.0
2670,2024-07-22,2103.0,2235.0,2103.0,2191.0,24805170128,9056117,853,2165.0,2176.0
2671,2024-07-23,2160.0,2271.0,2160.0,2222.0,14469780791,5209836,464,2191.0,2208.0
2672,2024-07-24,2177.0,2242.0,2152.0,2178.0,21708169057,7975383,961,2222.0,2160.0
2673,2024-07-27,2154.0,2223.0,2080.0,2122.0,37647086207,14194212,3034,2178.0,2104.0
2674,2024-07-29,2088.0,2132.0,2041.0,2063.0,22112588471,8573766,843,2122.0,2078.0
2675,2024-07-30,2127.0,2187.0,2080.0,2167.0,38291252978,14137740,635,2063.0,2187.0
2676,2024-07-31,2048.0,2152.0,2037.0,2071.0,35982459029,13902516,674,2167.0,2080.0
2677,2024-08-03,2008.0,2079.0,1947.0,1955.0,37702415638,15432961,1016,2071.0,1947.0
2678,2024-08-04,1935.0,1974.0,1935.0,1949.0,33094958444,13586356,563,1955.0,1968.0
2679,2024-08-05,1946.0,1946.0,1930.0,1939.0,7604235940,3149635,709,1949.0,1930.0
2680,2024-08-06,1939.0,1949.0,1920.0,1926.0,26890719936,11171249,3820,1939.0,1927.0
2681,2024-08-10,1907.0,1927.0,1907.0,1907.0,34001191810,14267795,820,1926.0,1907.0
2682,2024-08-11,1888.0,1889.0,1888.0,1903.0,3140237880,1330608,107,1907.0,1888.0
2683,2024-08-12,1884.0,1884.0,1884.0,1894.0,7066825125,3000775,1547,1903.0,1884.0
2684,2024-08-13,1875.0,1875.0,1875.0,1894.0,314977344,134376,17,1894.0,1875.0
2685,2024-08-14,1875.0,1911.0,1875.0,1879.0,37714081818,16056771,550,1894.0,1888.0
2686,2024-08-17,1909.0,1916.0,1883.0,1915.0,20562069201,8591500,362,1879.0,1916.0
2687,2024-08-18,1952.0,1952.0,1914.0,1952.0,35460498271,14533936,382,1915.0,1952.0
2688,2024-08-19,1991.0,1991.0,1914.0,1927.0,33720933904,13997538,578,1952.0,1914.0
2689,2024-08-20,1889.0,1890.0,1889.0,1905.0,8833371409,3741328,210,1927.0,1889.0
2690,2024-08-21,1888.0,1940.0,1867.0,1879.0,23651177524,10073534,584,1905.0,1920.0
2691,2024-08-24,1911.0,1915.0,1883.0,1891.0,7280958766,3060493,226,1879.0,1900.0
2692,2024-08-26,1883.0,1927.0,1872.0,1895.0,15730641051,6643516,1039,1891.0,1881.0
2693,2024-08-27,1893.0,1920.0,1871.0,1897.0,23889238643,10075133,1869,1895.0,1895.0
2694,2024-08-28,1922.0,1935.0,1898.0,1925.0,18947297620,7875637,509,1897.0,1935.0
2695,2024-08-31,1930.0,1963.0,1930.0,1962.0,18710566547,7631871,437,1925.0,1963.0
2696,2024-09-01,2001.0,2001.0,1943.0,1978.0,16086176811,6508536,1407,1962.0,1970.0
2697,2024-09-03,1993.0,1993.0,1944.0,1971.0,16701366404,6779391,1623,1978.0,1979.0
2698,2024-09-07,2004.0,2030.0,1968.0,2002.0,24111398933,9635857,684,1971.0,2018.0
2699,2024-09-08,2023.0,2023.0,1945.0,1960.0,19676651779,8030487,397,2002.0,1945.0
2700,2024-09-09,1999.0,2019.0,1971.0,2008.0,62673491838,24969188,587,1960.0,2019.0
2701,2024-09-10,2047.0,2068.0,2022.0,2060.0,21752906635,8448958,481,2008.0,2068.0
2702,2024-09-11,2122.0,2122.0,2080.0,2117.0,21179956509,8004654,358,2060.0,2122.0
2703,2024-09-14,2121.0,2180.0,2121.0,2177.0,39455039503,14502855,583,2117.0,2180.0
2704,2024-09-15,2177.0,2242.0,2177.0,2239.0,88471700062,31608478,667,2177.0,2242.0
2705,2024-09-16,2271.0,2306.0,2214.0,2295.0,73724170435,25692607,1142,2239.0,2306.0
2706,2024-09-17,2343.0,2364.0,2259.0,2358.0,53505677191,18154043,731,2295.0,2364.0
2707,2024-09-18,2294.0,2415.0,2294.0,2359.0,41543230278,14092763,1057,2358.0,2331.0
2708,2024-09-22,2320.0,2429.0,2312.0,2368.0,54099065038,18275707,928,2359.0,2336.0
2709,2024-09-23,2327.0,2431.0,2323.0,2387.0,43040848852,14422919,716,2368.0,2399.0
2710,2024-09-24,2417.0,2435.0,2352.0,2387.0,48426170765,16236598,1080,2387.0,2372.0
2711,2024-09-25,2334.0,2382.0,2315.0,2325.0,53160718742,18294900,888,2387.0,2315.0
2712,2024-09-28,2302.0,2302.0,2302.0,2302.0,14806837248,5146624,105,2325.0,2302.0
2713,2024-09-29,2279.0,2279.0,2279.0,2297.0,3355669009,1177841,44,2302.0,2279.0
2714,2024-09-30,2275.0,2275.0,2275.0,2288.0,6001985235,2111145,1043,2297.0,2275.0
2715,2024-10-01,2266.0,2266.0,2266.0,2284.0,2444205744,863067,22,2288.0,2266.0
2716,2024-10-02,2262.0,2262.0,2262.0,2271.0,9083476105,3213115,1541,2284.0,2262.0
2717,2024-10-05,2248.0,2248.0,2248.0,2266.0,3369310830,1199043,523,2271.0,2248.0
2718,2024-10-06,2243.0,2243.0,2243.0,2264.0,1226991144,437586,14,2266.0,2243.0
2719,2024-10-07,2242.0,2242.0,2242.0,2246.0,12215290980,4359490,2047,2264.0,2242.0
2720,2024-10-08,2223.0,2223.0,2223.0,2233.0,8386810796,3017924,1568,2246.0,2223.0
2721,2024-10-09,2211.0,2211.0,2211.0,2212.0,14300667892,5173903,2064,2233.0,2211.0
2722,2024-10-12,2147.0,2191.0,2147.0,2147.0,110612914128,41225123,2012,2212.0,2147.0
2723,2024-10-13,2104.0,2191.0,2083.0,2109.0,49620091079,18826147,2641,2147.0,2131.0
2724,2024-10-14,2056.0,2084.0,2046.0,2052.0,26119268879,10182587,351,2109.0,2046.0
2725,2024-10-15,1991.0,1991.0,1991.0,2026.0,5900587674,2370666,78,2052.0,1991.0
2726,2024-10-16,1966.0,1966.0,1966.0,1966.0,20395684764,8301052,787,2026.0,1966.0
2727,2024-10-19,1907.0,1951.0,1907.0,1908.0,18658395208,7822970,329,1966.0,1907.0
2728,2024-10-20,1851.0,1851.0,1851.0,1881.0,6697636972,2894398,242,1908.0,1851.0
2729,2024-10-21,1825.0,1927.0,1825.0,1837.0,58754571267,25594198,939,1881.0,1825.0
2730,2024-10-22,1783.0,1880.0,1783.0,1801.0,26264245775,11666469,638,1837.0,1783.0
2731,2024-10-23,1747.0,1783.0,1747.0,1749.0,16072483564,7351312,289,1801.0,1747.0
2732,2024-10-26,1752.0,1801.0,1752.0,1785.0,14749833322,6604965,253,1749.0,1801.0
2733,2024-10-27,1838.0,1838.0,1838.0,1804.0,5813704703,2530999,91,1785.0,1838.0
2734,2024-10-28,1858.0,1858.0,1857.0,1858.0,20593306482,8868781,292,1804.0,1858.0
2735,2024-10-29,1911.0,1913.0,1841.0,1889.0,72144239359,30556648,997,1858.0,1874.0
2736,2024-10-30,1842.0,1944.0,1833.0,1883.0,56483172394,24008378,1054,1889.0,1903.0
2737,2024-11-02,1935.0,1939.0,1864.0,1917.0,32159277726,13422845,564,1883.0,1867.0
2738,2024-11-03,1864.0,1871.0,1860.0,1860.0,21873571902,9407032,246,1917.0,1860.0
2739,2024-11-04,1805.0,1914.0,1805.0,1862.0,43669085805,18762816,996,1860.0,1902.0
2740,2024-11-05,1911.0,1917.0,1866.0,1900.0,35788031509,15070096,631,1862.0,1915.0
2741,2024-11-06,1850.0,1957.0,1850.0,1940.0,47386846066,19544679,643,1900.0,1955.0
2742,2024-11-09,1991.0,1998.0,1978.0,1997.0,17792122013,7127468,248,1940.0,1998.0
2743,2024-11-10,2056.0,2056.0,2048.0,2056.0,23796723402,9259546,350,1997.0,2056.0
2744,2024-11-11,2118.0,2118.0,2016.0,2075.0,52057610318,20066834,888,2056.0,2048.0
2745,2024-11-12,2018.0,2128.0,2018.0,2081.0,27623151652,10620471,619,2075.0,2030.0
2746,2024-11-13,2030.0,2143.0,2024.0,2121.0,40190013422,15161007,451,2081.0,2143.0
2747,2024-11-16,2184.0,2184.0,2148.0,2184.0,24942791274,9137027,246,2121.0,2184.0
2748,2024-11-17,2249.0,2249.0,2167.0,2229.0,56416029033,20252163,851,2184.0,2203.0
2749,2024-11-18,2240.0,2295.0,2193.0,2287.0,70542123951,24670884,584,2229.0,2295.0
2750,2024-11-19,2320.0,2355.0,2280.0,2347.0,162292750331,55332238,1382,2287.0,2337.0
2751,2024-11-20,2283.0,2393.0,2283.0,2352.0,54391540622,18502994,880,2347.0,2352.0
2752,2024-11-23,2354.0,2423.0,2352.0,2416.0,71120051020,23549147,709,2352.0,2423.0
2753,2024-11-24,2488.0,2488.0,2472.0,2488.0,22520188215,7241338,319,2416.0,2488.0
2754,2024-11-25,2563.0,2563.0,2544.0,2562.0,111111146023,34700157,922,2488.0,2563.0
2755,2024-11-26,2620.0,2639.0,2545.0,2615.0,137037500306,41925671,1762,2562.0,2587.0
2756,2024-11-27,2598.0,2694.0,2537.0,2647.0,147042227886,44453949,1309,2615.0,2694.0
2757,2024-11-30,2676.0,2726.0,2581.0,2660.0,131563804069,39572564,1270,2647.0,2660.0
2758,2024-12-01,2660.0,2739.0,2624.0,2691.0,78429530812,23324463,932,2660.0,2712.0
2759,2024-12-02,2720.0,2771.0,2720.0,2770.0,137702283047,39780911,877,2691.0,2771.0
2760,2024-12-03,2771.0,2847.0,2711.0,2743.0,78891998974,23011056,1232,2770.0,2711.0
2761,2024-12-04,2682.0,2767.0,2661.0,2684.0,154949690850,46186170,1876,2743.0,2724.0
2762,2024-12-07,2739.0,2751.0,2604.0,2627.0,36568255627,11138633,474,2684.0,2604.0
2763,2024-12-08,2548.0,2616.0,2548.0,2555.0,76527415609,23970714,1042,2627.0,2568.0
2764,2024-12-09,2564.0,2629.0,2564.0,2605.0,61910030860,19016127,970,2555.0,2596.0
2765,2024-12-10,2592.0,2671.0,2527.0,2550.0,99155926279,31113738,1359,2605.0,2539.0
2766,2024-12-11,2497.0,2575.0,2482.0,2523.0,66326642702,21029997,1080,2550.0,2551.0
2767,2024-12-14,2568.0,2599.0,2568.0,2598.0,106786183565,32882600,1092,2523.0,2599.0
2768,2024-12-15,2616.0,2668.0,2560.0,2608.0,73614006208,22582164,1309,2598.0,2560.0
2769,2024-12-16,2560.0,2608.0,2531.0,2539.0,113661613642,35809987,1519,2608.0,2531.0
2770,2024-12-17,2463.0,2520.0,2463.0,2472.0,43770278395,14164881,750,2539.0,2463.0
2771,2024-12-18,2399.0,2496.0,2399.0,2408.0,80828897210,26852986,1252,2472.0,2399.0
2772,2024-12-21,2476.0,2480.0,2419.0,2479.0,56768535860,18316115,717,2408.0,2480.0
2773,2024-12-22,2540.0,2540.0,2406.0,2426.0,60417004549,19926747,972,2479.0,2406.0
2774,2024-12-23,2358.0,2498.0,2358.0,2486.0,102686568776,33053785,1157,2426.0,2498.0
2775,2024-12-24,2519.0,2560.0,2461.0,2503.0,49349938051,15773371,971,2486.0,2503.0
2776,2024-12-25,2558.0,2558.0,2431.0,2462.0,50014802447,16255793,997,2503.0,2462.0
2777,2024-12-28,2520.0,2535.0,2432.0,2531.0,114513385760,36195447,957,2462.0,2535.0
2778,2024-12-29,2607.0,2607.0,2530.0,2567.0,96157522888,29960584,1291,2531.0,2560.0
2779,2024-12-30,2538.0,2560.0,2491.0,2501.0,42363906949,13551419,864,2567.0,2491.0
2780,2024-12-31,2433.0,2559.0,2427.0,2467.0,44849550235,14548272,909,2501.0,2447.0
2781,2025-01-01,2442.0,2518.0,2408.0,2464.0,56040951953,18192463,1456,2467.0,2481.0
2782,2025-01-04,2532.0,2538.0,2519.0,2538.0,79824214822,25166995,813,2464.0,2538.0
2783,2025-01-05,2600.0,2600.0,2489.0,2542.0,46433157647,14616848,912,2538.0,2512.0
2784,2025-01-06,2490.0,2618.0,2490.0,2585.0,90330750622,27961118,1238,2542.0,2618.0
2785,2025-01-07,2662.0,2662.0,2618.0,2662.0,71368894775,21452114,747,2585.0,2662.0
2786,2025-01-08,2720.0,2741.0,2641.0,2702.0,101938720193,30182448,1529,2662.0,2688.0
2787,2025-01-11,2701.0,2716.0,2621.0,2643.0,95305846447,28858162,2131,2702.0,2621.0
2788,2025-01-12,2563.0,2569.0,2563.0,2564.0,18903482467,5898855,781,2643.0,2563.0
2789,2025-01-13,2520.0,2564.0,2493.0,2532.0,59194026942,18701865,2936,2564.0,2523.0
2790,2025-01-15,2560.0,2560.0,2459.0,2493.0,52490653127,16844877,901,2532.0,2472.0
2791,2025-01-18,2432.0,2493.0,2419.0,2435.0,46951896206,15426605,1718,2493.0,2419.0
2792,2025-01-19,2427.0,2504.0,2395.0,2443.0,50133906121,16417955,1649,2435.0,2493.0
2793,2025-01-20,2493.0,2507.0,2371.0,2395.0,57154235387,19093035,2371,2443.0,2371.0
2794,2025-01-21,2388.0,2466.0,2347.0,2431.0,53823140399,17707918,1083,2395.0,2466.0
2795,2025-01-22,2464.0,2504.0,2445.0,2495.0,39119660418,12545640,672,2431.0,2504.0
2796,2025-01-25,2512.0,2567.0,2459.0,2525.0,42625611233,13507083,774,2495.0,2507.0
2797,2025-01-26,2521.0,2528.0,2450.0,2465.0,51693283410,16779989,1761,2525.0,2451.0
2798,2025-01-27,2455.0,2455.0,2391.0,2409.0,37118074887,12329326,2641,2465.0,2416.0
2799,2025-01-29,2407.0,2418.0,2359.0,2383.0,25682620657,8624007,1780,2409.0,2398.0
2800,2025-02-01,2359.0,2397.0,2319.0,2353.0,34811391199,11837182,1678,2383.0,2352.0
2801,2025-02-02,2399.0,2423.0,2364.0,2414.0,38791218145,12858710,840,2353.0,2419.0
2802,2025-02-03,2431.0,2431.0,2375.0,2395.0,34051346628,11371679,1713,2414.0,2400.0
2803,2025-02-04,2428.0,2447.0,2401.0,2419.0,29800391390,9854687,607,2395.0,2401.0
2804,2025-02-05,2440.0,2444.0,2367.0,2394.0,42614824614,14243010,2458,2419.0,2368.0
2805,2025-03-05,2424.0,2465.0,2424.0,2448.0,176634704476,57724168,931,2394.0,2465.0
2806,2025-03-08,2443.0,2480.0,2375.0,2407.0,144196770407,47932297,2001,2448.0,2376.0
2807,2025-03-09,2360.0,2479.0,2360.0,2460.0,196525911841,63913024,2414,2407.0,2479.0
2808,2025-03-10,2520.0,2532.0,2419.0,2458.0,60922304023,19833569,1555,2460.0,2438.0
2809,2025-03-11,2410.0,2471.0,2384.0,2417.0,90051782585,29812303,2346,2458.0,2438.0
2810,2025-03-18,2418.0,2489.0,2379.0,2419.0,38692920933,15996720,595,2417.0,2400.0
2811,2025-03-25,2412.0,2491.0,2412.0,2481.0,17426947566,7024944,376,2419.0,2491.0
2812,2025-03-26,2500.0,2555.0,2492.0,2517.0,17922810829,7120374,549,2481.0,2498.0
2813,2025-03-29,2516.0,2542.0,2480.0,2504.0,22348227785,8923536,1472,2517.0,2491.0
2814,2025-03-30,2503.0,2578.0,2501.0,2542.0,28838974994,11342905,762,2504.0,2531.0
2815,2025-04-05,2540.0,2613.0,2534.0,2567.0,34605357164,13480255,913,2542.0,2542.0
2816,2025-04-06,2543.0,2590.0,2490.0,2518.0,22093740351,8774745,1477,2567.0,2490.0
2817,2025-04-07,2515.0,2515.0,2443.0,2459.0,26789456855,10895356,1610,2518.0,2506.0
2818,2025-04-08,2532.0,2532.0,2532.0,2532.0,46512875448,18370014,320,2459.0,2532.0
2819,2025-04-09,2593.0,2607.0,2590.0,2606.0,87538823022,33590203,895,2532.0,2607.0
2820,2025-04-12,2619.0,2684.0,2619.0,2684.0,71195112125,26530150,788,2606.0,2684.0
2821,2025-04-13,2764.0,2764.0,2764.0,2764.0,45175595448,16344282,360,2684.0,2764.0
2822,2025-04-14,2846.0,2846.0,2846.0,2846.0,36406043384,12792004,373,2764.0,2846.0
2823,2025-04-15,2931.0,2931.0,2871.0,2931.0,310215102315,105842561,1771,2846.0,2931.0
2824,2025-04-16,3018.0,3018.0,2930.0,3015.0,149049190159,49434725,965,2931.0,3018.0
2825,2025-04-19,3105.0,3105.0,3105.0,3105.0,56133879120,18078544,557,3015.0,3105.0
2826,2025-04-20,3198.0,3198.0,3198.0,3198.0,35875202376,11218012,315,3105.0,3198.0
2827,2025-04-21,3293.0,3293.0,3199.0,3292.0,188361088122,57214535,956,3198.0,3293.0
2828,2025-04-22,3390.0,3390.0,3300.0,3390.0,140048764400,41312982,1003,3292.0,3390.0
2829,2025-04-23,3491.0,3491.0,3395.0,3468.0,378909528623,109250031,2675,3390.0,3491.0
2830,2025-04-26,3572.0,3572.0,3501.0,3568.0,247607001468,69402059,1988,3468.0,3572.0
2831,2025-04-27,3572.0,3630.0,3500.0,3552.0,183832223311,51752685,1812,3568.0,3570.0
2832,2025-04-28,3550.0,3658.0,3549.0,3639.0,204966323350,56331848,1569,3552.0,3658.0
2833,2025-04-29,3570.0,3748.0,3530.0,3666.0,236216994069,64442212,2275,3639.0,3748.0
2834,2025-04-30,3775.0,3775.0,3775.0,3775.0,89260324225,23645119,617,3666.0,3775.0
2835,2025-05-03,3680.0,3888.0,3680.0,3803.0,215553444423,56674609,2637,3775.0,3830.0
2836,2025-05-04,3810.0,3917.0,3810.0,3913.0,264479872082,67582343,1152,3803.0,3917.0
2837,2025-05-05,3980.0,4030.0,3849.0,3953.0,363633413059,91980497,2756,3913.0,4030.0
2838,2025-05-06,4070.0,4071.0,4042.0,4071.0,272354829594,66903643,1083,3953.0,4071.0
2839,2025-05-07,4193.0,4193.0,4071.0,4176.0,168872878782,40443567,1236,4071.0,4151.0
2840,2025-05-10,4190.0,4190.0,4051.0,4071.0,272180089461,66861595,3299,4176.0,4100.0
2841,2025-05-11,4020.0,4090.0,3987.0,4041.0,200794613118,49687543,1535,4071.0,4050.0
2842,2025-05-12,4162.0,4162.0,4110.0,4160.0,215833022379,51880490,1252,4041.0,4161.0
2843,2025-05-13,4152.0,4242.0,4046.0,4147.0,142090834690,34259645,1638,4160.0,4147.0
2844,2025-05-14,4118.0,4203.0,4100.0,4146.0,196775345063,47457529,1363,4147.0,4190.0
2845,2025-05-17,4190.0,4237.0,4124.0,4174.0,115680415452,27712681,1100,4146.0,4234.0
2846,2025-05-18,4178.0,4270.0,4178.0,4226.0,66190270365,15662943,733,4174.0,4259.0
2847,2025-05-19,4298.0,4298.0,4174.0,4204.0,78933989738,18773930,742,4226.0,4188.0
2848,2025-05-20,4205.0,4313.0,4112.0,4206.0,308251922098,73287521,1977,4204.0,4200.0
2849,2025-05-21,4140.0,4250.0,4140.0,4190.0,146947553857,35068116,1086,4206.0,4200.0
2850,2025-05-24,4295.0,4300.0,4200.0,4238.0,59928472414,14141132,626,4190.0,4240.0
2851,2025-05-25,4214.0,4240.0,4207.0,4219.0,68126026796,16148178,653,4238.0,4230.0
2852,2025-05-26,4219.0,4250.0,4207.0,4220.0,50141899717,11881909,507,4219.0,4220.0
2853,2025-05-27,4220.0,4290.0,4198.0,4214.0,259607034295,61612156,718,4220.0,4201.0
2854,2025-05-28,4210.0,4237.0,4166.0,4204.0,70557621454,16782113,607,4214.0,4203.0
2855,2025-05-31,4203.0,4258.0,4199.0,4216.0,83530718207,19814809,529,4204.0,4211.0
2856,2025-06-01,4206.0,4240.0,4181.0,4216.0,161580967048,38327919,726,4216.0,4182.0
2857,2025-06-02,4215.0,4270.0,4180.0,4207.0,168210414617,39980035,784,4216.0,4246.0
2858,2025-06-03,4171.0,4240.0,4155.0,4197.0,179956289047,42875845,695,4207.0,4200.0
2859,2025-06-07,4188.0,4188.0,4098.0,4137.0,83823336026,20262792,1515,4197.0,4098.0
2860,2025-06-08,4137.0,4210.0,4137.0,4168.0,84729994307,20329711,715,4137.0,4200.0
2861,2025-06-09,4150.0,4230.0,4043.0,4057.0,77675238838,19145954,598,4168.0,4043.0
2862,2025-06-10,3950.0,4101.0,3950.0,4048.0,93364609277,23061730,594,4057.0,4057.0
2863,2025-06-11,4040.0,4120.0,3970.0,4033.0,62223791022,15428399,377,4048.0,4011.0
2864,2025-06-28,3913.0,3913.0,3913.0,4006.0,5200138307,1328939,12,4033.0,3913.0
2865,2025-06-29,3886.0,3886.0,3886.0,4005.0,288282910,74185,11,4006.0,3886.0
2866,2025-06-30,3885.0,3885.0,3885.0,3885.0,23313574200,6000920,50,4005.0,3885.0
2867,2025-07-01,3769.0,3769.0,3769.0,3880.0,891180050,236450,13,3885.0,3769.0
2868,2025-07-02,3764.0,3940.0,3764.0,3775.0,423612608033,112225158,4886,3880.0,3870.0
2869,2025-07-07,3662.0,3872.0,3662.0,3791.0,76920067397,20288356,739,3775.0,3790.0
2870,2025-07-08,3681.0,3830.0,3681.0,3764.0,95466928510,25361076,619,3791.0,3809.0
2871,2025-07-09,3694.0,3780.0,3652.0,3724.0,72199493421,19389078,555,3764.0,3741.0
2872,2025-07-12,3652.0,3800.0,3652.0,3770.0,70023510702,18576162,406,3724.0,3790.0
