,date,open,high,low,adjClose,value,volume,count,yesterday,close
0,2001-05-13,48.0,48.0,48.0,48.0,600000,400,1,0.0,48.0
1,2001-06-03,48.0,48.0,48.0,48.0,600000,400,1,48.0,48.0
2,2001-07-15,46.0,48.0,46.0,48.0,368000,250,5,48.0,48.0
3,2002-01-14,79.0,79.0,79.0,79.0,2500000,1000,1,48.0,79.0
4,2002-06-15,83.0,83.0,83.0,83.0,3675000,1400,1,79.0,83.0
5,2002-08-05,120.0,135.0,103.0,134.0,3838300000,1000000,332,83.0,134.0
6,2002-08-06,141.0,141.0,141.0,141.0,4434000000,1000000,282,134.0,141.0
7,2002-08-07,144.0,144.0,144.0,144.0,6816000000,1500000,412,141.0,144.0
8,2002-08-10,148.0,148.0,148.0,148.0,2794200000,600000,189,144.0,148.0
9,2002-08-11,152.0,152.0,149.0,152.0,2532429350,530865,308,148.0,152.0
10,2002-08-13,152.0,152.0,148.0,148.0,472616960,101305,56,152.0,148.0
11,2002-08-14,144.0,146.0,144.0,144.0,120000220,26380,27,148.0,144.0
12,2002-08-17,141.0,141.0,141.0,141.0,28417350,6422,8,144.0,141.0
13,2002-08-18,137.0,137.0,137.0,137.0,29018375,6725,2,141.0,137.0
14,2002-08-19,138.0,139.0,130.0,137.0,1332977792,312046,122,137.0,137.0
15,2002-08-20,136.0,136.0,133.0,136.0,604082631,141382,49,137.0,136.0
16,2002-08-21,136.0,139.0,136.0,137.0,3083393840,715697,128,136.0,137.0
17,2002-08-27,137.0,137.0,137.0,137.0,171638500,39750,15,137.0,137.0
18,2002-08-28,137.0,140.0,137.0,137.0,330747778,75940,36,137.0,137.0
19,2002-08-31,140.0,140.0,137.0,140.0,273195963,62213,21,137.0,140.0
20,2002-09-01,140.0,145.0,88.0,145.0,16388382800,5884094,3160,140.0,145.0
21,2002-09-02,145.0,149.0,140.0,140.0,7884450778,1778552,88,145.0,140.0
22,2002-09-03,141.0,145.0,141.0,141.0,903234807,199762,75,140.0,141.0
23,2002-09-04,140.0,146.0,140.0,140.0,8241954040,1863429,150,141.0,140.0
24,2002-09-07,141.0,142.0,140.0,140.0,1382802839,312178,50,140.0,140.0
25,2002-09-08,141.0,141.0,138.0,138.0,100329852,22665,21,140.0,138.0
26,2002-09-09,133.0,140.0,133.0,138.0,327412230,76478,31,138.0,138.0
27,2002-09-10,138.0,138.0,134.0,138.0,1375501850,316220,57,138.0,138.0
28,2002-09-11,139.0,139.0,138.0,138.0,1919353358,440718,70,138.0,138.0
29,2002-09-14,141.0,143.0,138.0,140.0,2745944120,623822,94,138.0,140.0
30,2002-09-15,145.0,145.0,142.0,143.0,3055397112,680716,91,140.0,143.0
31,2002-09-16,145.0,150.0,145.0,150.0,587642424,125109,65,143.0,150.0
32,2002-09-17,154.0,156.0,150.0,154.0,3639331443,753414,110,150.0,154.0
33,2002-09-18,159.0,159.0,155.0,155.0,4673189410,956480,165,154.0,155.0
34,2002-09-22,156.0,156.0,155.0,155.0,619902662,126986,48,155.0,155.0
35,2002-09-23,155.0,155.0,154.0,155.0,1747283258,358546,90,155.0,155.0
36,2002-09-24,151.0,151.0,147.0,147.0,129685167,28001,16,155.0,147.0
37,2002-09-25,147.0,147.0,145.0,145.0,66980000,14500,9,147.0,145.0
38,2002-09-28,145.0,145.0,142.0,142.0,142989294,31586,28,145.0,142.0
39,2002-09-29,143.0,146.0,142.0,143.0,359393002,79303,57,142.0,143.0
40,2002-09-30,147.0,147.0,147.0,147.0,303238286,65531,27,143.0,147.0
41,2002-10-01,149.0,151.0,148.0,148.0,1835937658,392562,99,147.0,148.0
42,2002-10-02,149.0,150.0,148.0,150.0,100554487,21321,19,148.0,150.0
43,2002-10-06,148.0,148.0,145.0,146.0,152141100,32746,15,150.0,146.0
44,2002-10-07,143.0,145.0,143.0,143.0,111544080,24752,10,146.0,143.0
45,2002-10-08,140.0,140.0,136.0,136.0,45178000,10370,4,143.0,136.0
46,2002-10-09,136.0,136.0,130.0,130.0,495058613,116092,52,136.0,130.0
47,2002-10-12,131.0,135.0,131.0,133.0,279018380,66104,27,130.0,133.0
48,2002-10-13,133.0,133.0,133.0,133.0,102800038,24520,17,133.0,133.0
49,2002-10-14,133.0,133.0,126.0,126.0,351496467,87624,49,133.0,126.0
50,2002-10-15,126.0,127.0,126.0,127.0,173013150,43350,23,126.0,127.0
51,2002-10-16,127.0,128.0,127.0,128.0,170521460,42473,19,127.0,128.0
52,2002-10-19,129.0,134.0,129.0,134.0,211931109,51729,12,128.0,134.0
53,2002-10-20,141.0,141.0,141.0,141.0,17275936,3898,5,134.0,141.0
54,2002-10-21,143.0,148.0,134.0,141.0,1231871534,268717,73,141.0,141.0
55,2002-10-23,141.0,141.0,134.0,141.0,245979247,55642,37,141.0,141.0
56,2002-10-26,141.0,148.0,141.0,146.0,3472489276,748792,107,141.0,146.0
57,2002-10-27,147.0,151.0,147.0,151.0,1368637341,291568,76,146.0,151.0
58,2002-10-28,152.0,153.0,152.0,152.0,1736826911,360933,182,151.0,152.0
59,2002-10-29,152.0,153.0,151.0,152.0,1587612148,330827,100,152.0,152.0
60,2002-10-30,160.0,160.0,154.0,160.0,2107574090,418525,85,152.0,160.0
61,2002-11-02,168.0,168.0,168.0,168.0,1212873480,229190,44,160.0,168.0
62,2002-11-03,176.0,176.0,168.0,176.0,3761130686,683896,167,168.0,176.0
63,2002-11-04,176.0,177.0,172.0,172.0,776472493,141923,53,176.0,172.0
64,2002-11-05,169.0,175.0,167.0,175.0,2370599063,441515,177,172.0,175.0
65,2002-11-06,184.0,184.0,184.0,184.0,328229310,56689,22,175.0,184.0
66,2002-11-09,193.0,193.0,193.0,193.0,75409995,12405,11,184.0,193.0
67,2002-11-10,203.0,203.0,193.0,203.0,5584368371,879573,214,193.0,203.0
68,2002-11-11,193.0,203.0,193.0,196.0,2055238487,334245,123,203.0,196.0
69,2002-11-12,191.0,196.0,186.0,191.0,3629965159,595085,143,196.0,191.0
70,2002-11-13,187.0,188.0,181.0,181.0,1555944257,269693,115,191.0,181.0
71,2002-11-16,190.0,190.0,181.0,190.0,848793429,142113,65,181.0,190.0
72,2002-11-17,190.0,200.0,181.0,181.0,4844632165,825088,184,190.0,181.0
73,2002-11-18,181.0,181.0,180.0,180.0,4063994939,714373,148,181.0,180.0
74,2002-11-19,181.0,182.0,177.0,182.0,640477347,112714,42,180.0,182.0
75,2002-11-20,188.0,191.0,184.0,189.0,707655646,119562,46,182.0,189.0
76,2002-11-23,190.0,190.0,189.0,190.0,3891119060,650028,86,189.0,190.0
77,2002-11-24,190.0,190.0,190.0,190.0,1435559443,239771,90,190.0,190.0
78,2002-11-25,190.0,190.0,186.0,190.0,803352963,135299,57,190.0,190.0
79,2002-11-26,190.0,191.0,190.0,191.0,1899063694,317445,62,190.0,191.0
80,2002-11-30,191.0,194.0,191.0,194.0,310006750,51067,20,191.0,194.0
81,2002-12-01,194.0,197.0,194.0,197.0,110776573,17995,19,194.0,197.0
82,2002-12-02,197.0,201.0,197.0,201.0,427847868,68621,60,197.0,201.0
83,2002-12-03,201.0,204.0,198.0,198.0,499495601,79209,57,201.0,198.0
84,2002-12-04,198.0,199.0,194.0,194.0,188752147,30524,22,198.0,194.0
85,2002-12-07,194.0,194.0,193.0,194.0,250464926,41041,39,194.0,194.0
86,2002-12-08,190.0,191.0,184.0,188.0,286726167,48175,31,194.0,188.0
87,2002-12-10,188.0,188.0,188.0,188.0,3309280,559,1,188.0,188.0
88,2002-12-11,188.0,188.0,184.0,184.0,475467277,81843,55,188.0,184.0
89,2002-12-14,184.0,188.0,184.0,188.0,517872911,87608,41,184.0,188.0
90,2002-12-15,188.0,188.0,186.0,186.0,215714490,36509,22,188.0,186.0
91,2002-12-16,188.0,188.0,184.0,184.0,102623700,17464,12,186.0,184.0
92,2002-12-17,185.0,185.0,184.0,184.0,168158480,28926,17,184.0,184.0
93,2002-12-18,184.0,187.0,184.0,187.0,209698591,35959,21,184.0,187.0
94,2002-12-21,187.0,187.0,187.0,187.0,29485000,5000,3,187.0,187.0
95,2002-12-22,178.0,178.0,178.0,178.0,61969180,11060,6,187.0,178.0
96,2002-12-25,178.0,187.0,178.0,187.0,670584874,116020,45,178.0,187.0
97,2002-12-28,187.0,187.0,184.0,184.0,159623235,27359,27,187.0,184.0
98,2002-12-29,185.0,185.0,184.0,184.0,629423730,108230,59,184.0,184.0
99,2002-12-31,184.0,184.0,184.0,184.0,1265387013,218165,60,184.0,184.0
100,2003-01-01,183.0,184.0,181.0,181.0,670306248,116633,42,184.0,181.0
101,2003-01-04,180.0,181.0,178.0,178.0,373172400,65628,22,181.0,178.0
102,2003-01-05,181.0,181.0,176.0,178.0,419480790,74220,28,178.0,178.0
103,2003-01-06,176.0,177.0,172.0,172.0,623534990,114745,39,178.0,172.0
104,2003-01-07,172.0,173.0,171.0,172.0,350460101,64839,38,172.0,172.0
105,2003-01-08,172.0,172.0,170.0,170.0,200784669,37355,25,172.0,170.0
106,2003-01-11,168.0,168.0,168.0,168.0,179643656,33900,21,170.0,168.0
107,2003-01-12,165.0,165.0,164.0,164.0,37242420,7210,4,168.0,164.0
108,2003-01-13,163.0,164.0,159.0,159.0,422595968,84110,32,164.0,159.0
109,2003-01-14,159.0,159.0,156.0,156.0,255925141,52091,47,159.0,156.0
110,2003-01-15,156.0,157.0,155.0,157.0,199923593,40769,38,156.0,157.0
111,2003-01-18,165.0,165.0,159.0,159.0,94714865,18293,12,157.0,159.0
112,2003-01-19,159.0,159.0,158.0,158.0,196634071,39327,22,159.0,158.0
113,2003-01-20,152.0,154.0,152.0,152.0,274958959,57205,34,158.0,152.0
114,2003-01-21,152.0,152.0,149.0,149.0,99022123,20980,13,152.0,149.0
115,2003-01-22,143.0,149.0,143.0,147.0,285701776,61553,36,149.0,147.0
116,2003-01-25,147.0,152.0,147.0,152.0,426317320,90045,34,147.0,152.0
117,2003-01-26,160.0,160.0,158.0,160.0,1317733262,262078,71,152.0,160.0
118,2003-01-27,160.0,163.0,160.0,160.0,134589007,26500,20,160.0,160.0
119,2003-01-28,160.0,160.0,160.0,160.0,450905314,89393,33,160.0,160.0
120,2003-01-29,160.0,160.0,156.0,156.0,190618705,38465,29,160.0,156.0
121,2003-02-01,156.0,156.0,154.0,154.0,402005100,82400,32,156.0,154.0
122,2003-02-02,156.0,156.0,154.0,156.0,472097409,96400,42,154.0,156.0
123,2003-02-03,156.0,156.0,156.0,156.0,388282783,79242,23,156.0,156.0
124,2003-02-04,154.0,155.0,152.0,152.0,314740468,65285,24,156.0,152.0
125,2003-02-05,152.0,152.0,151.0,151.0,554324784,115900,40,152.0,151.0
126,2003-02-08,151.0,151.0,146.0,148.0,259657500,55430,24,151.0,148.0
127,2003-02-09,149.0,152.0,148.0,152.0,1238419897,265716,27,148.0,152.0
128,2003-02-10,152.0,159.0,152.0,159.0,337055770,68150,44,152.0,159.0
129,2003-02-15,159.0,165.0,152.0,159.0,524362566,105436,91,159.0,159.0
130,2003-03-03,151.0,151.0,151.0,151.0,34076500,7174,3,159.0,151.0
131,2003-03-05,143.0,151.0,143.0,143.0,1161183396,257292,86,151.0,143.0
132,2003-03-08,143.0,143.0,138.0,138.0,77761515,17791,16,143.0,138.0
133,2003-03-09,139.0,139.0,137.0,137.0,1459355807,338156,57,138.0,137.0
134,2003-03-10,130.0,135.0,130.0,131.0,169553420,41083,35,137.0,131.0
135,2003-03-11,131.0,132.0,130.0,132.0,1704758360,415464,27,131.0,132.0
136,2003-03-12,132.0,135.0,132.0,132.0,1615173242,388550,45,132.0,132.0
137,2003-03-15,132.0,137.0,132.0,137.0,1075582570,258284,44,132.0,137.0
138,2003-03-16,133.0,140.0,132.0,140.0,1395072958,332988,36,137.0,140.0
139,2003-03-17,133.0,133.0,82.0,133.0,823116120,312618,215,140.0,133.0
140,2003-03-18,133.0,139.0,133.0,139.0,640554000,153000,12,133.0,139.0
141,2003-03-19,133.0,139.0,133.0,139.0,6876227660,1644393,102,139.0,139.0
142,2003-04-06,143.0,143.0,143.0,143.0,4652148600,1036575,206,139.0,143.0
143,2003-04-07,146.0,146.0,146.0,146.0,8935610400,1942524,325,143.0,146.0
144,2003-04-14,148.0,150.0,145.0,146.0,1877998732,401028,90,146.0,146.0
145,2003-04-15,146.0,146.0,142.0,142.0,284482530,63155,31,146.0,142.0
146,2003-04-16,142.0,143.0,142.0,143.0,831762770,185182,56,142.0,143.0
147,2003-04-19,143.0,143.0,142.0,142.0,28114200,6255,3,143.0,142.0
148,2003-04-20,141.0,141.0,138.0,138.0,26554000,6000,2,142.0,138.0
149,2003-05-14,76.0,76.0,71.0,73.0,1106194878,492011,89,138.0,73.0
150,2003-05-17,76.0,76.0,76.0,76.0,1403602482,584008,80,73.0,76.0
151,2003-05-18,80.0,80.0,80.0,80.0,2277046792,902158,209,76.0,80.0
152,2003-05-20,84.0,84.0,84.0,84.0,1457500000,550000,155,80.0,84.0
153,2003-05-21,88.0,88.0,88.0,88.0,2240122040,805220,284,84.0,88.0
154,2003-05-24,93.0,93.0,93.0,93.0,1921793083,657923,226,88.0,93.0
155,2003-05-25,97.0,97.0,97.0,97.0,2290938588,746964,288,93.0,97.0
156,2003-05-26,100.0,100.0,100.0,100.0,1443454180,459260,113,97.0,100.0
157,2003-05-27,102.0,102.0,102.0,102.0,15989044,4964,3,100.0,102.0
158,2003-05-28,107.0,107.0,102.0,107.0,7869188286,2350455,620,102.0,107.0
159,2003-05-31,107.0,107.0,102.0,103.0,4251524370,1289735,347,107.0,103.0
160,2003-06-01,101.0,101.0,98.0,98.0,243902126,78606,39,103.0,98.0
161,2003-06-02,95.0,100.0,93.0,99.0,1242520055,401201,145,98.0,99.0
162,2003-06-03,99.0,99.0,98.0,99.0,570340582,184611,75,99.0,99.0
163,2003-06-07,99.0,100.0,99.0,99.0,2203349341,707888,134,99.0,99.0
164,2003-06-08,99.0,102.0,99.0,100.0,2387029846,755706,168,99.0,100.0
165,2003-06-09,100.0,101.0,98.0,98.0,723632285,229784,79,100.0,98.0
166,2003-06-10,97.0,98.0,97.0,97.0,662542857,215557,66,98.0,97.0
167,2003-06-11,97.0,97.0,92.0,96.0,911223122,304608,91,97.0,96.0
168,2003-06-14,95.0,95.0,91.0,91.0,407523969,140223,37,96.0,91.0
169,2003-06-15,91.0,92.0,87.0,89.0,1196994856,430243,69,91.0,89.0
170,2003-06-16,89.0,91.0,89.0,89.0,110571293,39197,29,89.0,89.0
171,2003-06-17,89.0,94.0,89.0,94.0,288055907,99557,38,89.0,94.0
172,2003-06-18,95.0,97.0,94.0,96.0,492999966,163438,40,94.0,96.0
173,2003-06-21,96.0,98.0,96.0,98.0,192415640,63554,33,96.0,98.0
174,2003-06-22,98.0,98.0,95.0,95.0,546141930,177705,44,98.0,95.0
175,2003-06-23,95.0,95.0,95.0,95.0,861599000,287266,44,95.0,95.0
176,2003-06-24,95.0,95.0,92.0,92.0,249128700,85735,25,95.0,92.0
177,2003-06-25,92.0,92.0,92.0,92.0,763631779,263350,54,92.0,92.0
178,2003-06-28,92.0,92.0,90.0,91.0,442818832,155313,44,92.0,91.0
179,2003-06-29,91.0,91.0,89.0,90.0,785505268,276243,84,91.0,90.0
180,2003-06-30,91.0,94.0,90.0,94.0,927219140,323621,113,90.0,94.0
181,2003-07-01,95.0,99.0,95.0,99.0,413527647,133167,30,94.0,99.0
182,2003-07-02,104.0,104.0,102.0,102.0,1235006898,378665,121,99.0,102.0
183,2003-07-05,102.0,107.0,99.0,107.0,3335362807,1030931,214,102.0,107.0
184,2003-07-16,111.0,111.0,111.0,111.0,3510000,1000,1,107.0,111.0
185,2003-07-19,117.0,117.0,117.0,117.0,11102963960,3013016,387,111.0,117.0
186,2003-07-20,123.0,123.0,123.0,123.0,11624839959,3004611,584,117.0,123.0
187,2003-07-21,129.0,129.0,129.0,129.0,12192093000,3001500,747,123.0,129.0
188,2003-07-22,135.0,135.0,135.0,135.0,12817809220,3005348,639,129.0,135.0
189,2003-07-23,133.0,142.0,129.0,135.0,8461979735,1966675,485,135.0,135.0
190,2003-07-26,135.0,139.0,129.0,135.0,8646459000,2046483,332,135.0,135.0
191,2003-07-27,135.0,140.0,133.0,135.0,3908116637,906065,334,135.0,135.0
192,2003-07-28,139.0,142.0,139.0,142.0,5096609514,1141142,240,135.0,142.0
193,2003-07-29,149.0,149.0,149.0,149.0,3392137615,721885,184,142.0,149.0
194,2003-07-30,157.0,159.0,149.0,154.0,8259621018,1678508,464,149.0,154.0
195,2003-08-03,154.0,154.0,132.0,152.0,1519990278,338427,163,154.0,152.0
196,2003-08-04,152.0,154.0,151.0,153.0,3125813064,649697,221,152.0,153.0
197,2003-08-05,143.0,153.0,133.0,137.0,1620447637,370584,129,153.0,137.0
198,2003-08-06,149.0,149.0,139.0,149.0,2228369861,479177,153,137.0,149.0
199,2003-08-09,149.0,151.0,143.0,143.0,1336303319,293133,124,149.0,143.0
200,2003-08-10,143.0,146.0,140.0,146.0,2250734433,498350,120,143.0,146.0
201,2003-08-11,146.0,153.0,143.0,152.0,2706785242,580530,196,146.0,152.0
202,2003-08-12,153.0,153.0,153.0,153.0,15671469923,3252017,493,152.0,153.0
203,2003-08-13,153.0,153.0,153.0,153.0,14799149000,3071000,507,153.0,153.0
204,2003-08-16,153.0,153.0,153.0,153.0,5014535744,1040576,233,153.0,153.0
205,2003-08-17,153.0,153.0,153.0,153.0,2464735378,511462,127,153.0,153.0
206,2003-08-18,153.0,153.0,153.0,153.0,59856799,12421,10,153.0,153.0
207,2003-08-19,153.0,153.0,153.0,153.0,8958521,1859,3,153.0,153.0
208,2003-08-20,161.0,161.0,153.0,153.0,71928622,14218,14,153.0,153.0
209,2003-08-23,161.0,161.0,153.0,153.0,783623683,154897,59,153.0,153.0
210,2003-08-24,161.0,161.0,153.0,153.0,527375215,104245,31,153.0,153.0
211,2003-08-25,161.0,161.0,153.0,153.0,539187980,106580,56,153.0,153.0
212,2003-08-26,161.0,161.0,153.0,153.0,872889738,172542,80,153.0,153.0
213,2003-08-27,161.0,161.0,153.0,153.0,980358075,193785,120,153.0,153.0
214,2003-08-30,161.0,161.0,153.0,153.0,391890136,77464,52,153.0,153.0
215,2003-08-31,161.0,161.0,153.0,153.0,119900959,23701,36,153.0,153.0
216,2003-09-01,161.0,161.0,161.0,161.0,1584413033,313187,187,153.0,161.0
217,2003-09-02,169.0,169.0,161.0,166.0,8329527954,1597691,495,161.0,166.0
218,2003-09-03,164.0,164.0,160.0,161.0,2286080597,450702,146,166.0,161.0
219,2003-09-06,161.0,161.0,153.0,161.0,1439059174,292015,95,161.0,161.0
220,2003-09-07,153.0,161.0,153.0,161.0,783022839,162314,67,161.0,161.0
221,2003-09-08,153.0,161.0,153.0,161.0,114521246,23764,16,161.0,161.0
222,2003-09-09,153.0,161.0,153.0,161.0,122342483,25387,18,161.0,161.0
223,2003-09-13,153.0,161.0,153.0,161.0,47667259,9891,5,161.0,161.0
224,2003-09-14,153.0,153.0,153.0,153.0,58387004,12116,6,161.0,153.0
225,2003-09-15,145.0,153.0,145.0,153.0,246201493,53767,13,153.0,153.0
226,2003-09-16,145.0,151.0,145.0,151.0,120511782,26318,13,153.0,151.0
227,2003-09-17,143.0,143.0,143.0,143.0,547072848,121356,38,151.0,143.0
228,2003-09-20,136.0,142.0,136.0,142.0,44742188,10446,4,143.0,142.0
229,2003-09-21,135.0,135.0,135.0,135.0,903123200,212200,54,142.0,135.0
230,2003-09-22,135.0,138.0,129.0,135.0,2090361099,491684,244,135.0,135.0
231,2003-09-23,133.0,142.0,133.0,139.0,616773138,141059,59,135.0,139.0
232,2003-09-27,139.0,143.0,139.0,141.0,883586698,199699,68,139.0,141.0
233,2003-09-28,141.0,141.0,134.0,139.0,124175110,29217,11,141.0,139.0
234,2003-09-29,132.0,139.0,132.0,139.0,4244561,1023,4,139.0,139.0
235,2003-09-30,132.0,132.0,132.0,132.0,2347135648,565984,147,139.0,132.0
236,2003-10-05,132.0,132.0,127.0,129.0,437084822,107725,65,132.0,129.0
237,2003-10-06,132.0,135.0,129.0,132.0,1546426267,373361,146,129.0,132.0
238,2003-10-07,138.0,138.0,138.0,138.0,705783532,162355,65,132.0,138.0
239,2003-10-08,138.0,138.0,137.0,138.0,432623319,99435,41,138.0,138.0
240,2003-10-11,136.0,137.0,131.0,136.0,123808898,29823,23,138.0,136.0
241,2003-10-13,131.0,131.0,129.0,130.0,304691328,74769,33,136.0,130.0
242,2003-10-14,130.0,130.0,125.0,126.0,529498287,133037,68,130.0,126.0
243,2003-10-15,124.0,124.0,120.0,121.0,781047065,205862,66,126.0,121.0
244,2003-10-18,124.0,127.0,121.0,123.0,396687220,102154,38,121.0,123.0
245,2003-10-19,129.0,129.0,125.0,125.0,147556877,36664,26,123.0,125.0
246,2003-10-20,125.0,125.0,124.0,125.0,186127974,47269,26,125.0,125.0
247,2003-10-21,127.0,131.0,127.0,130.0,667089984,163515,57,125.0,130.0
248,2003-10-22,136.0,136.0,131.0,131.0,87269882,20381,8,130.0,131.0
249,2003-10-25,138.0,138.0,135.0,135.0,224453086,51813,14,131.0,135.0
250,2003-10-26,142.0,142.0,139.0,139.0,254847288,57128,20,135.0,139.0
251,2003-10-27,146.0,146.0,137.0,143.0,1742042123,388172,131,139.0,143.0
252,2003-10-28,143.0,143.0,136.0,138.0,1197408289,274939,95,143.0,138.0
253,2003-10-29,138.0,138.0,133.0,135.0,613930570,144309,66,138.0,135.0
254,2003-11-01,135.0,135.0,128.0,130.0,582971522,142194,59,135.0,130.0
255,2003-11-02,128.0,128.0,124.0,124.0,496707131,127337,53,130.0,124.0
256,2003-11-03,124.0,130.0,123.0,126.0,451615982,113802,62,124.0,126.0
257,2003-11-04,132.0,132.0,130.0,132.0,4452399856,1069359,199,126.0,132.0
258,2003-11-05,133.0,135.0,132.0,133.0,153651867,36621,28,132.0,133.0
259,2003-11-08,133.0,138.0,133.0,135.0,584122053,137116,58,133.0,135.0
260,2003-11-09,137.0,140.0,137.0,137.0,1452968890,335900,96,135.0,137.0
261,2003-11-10,137.0,140.0,137.0,140.0,1488210052,338615,97,137.0,140.0
262,2003-11-11,140.0,140.0,133.0,135.0,1744439819,408968,116,140.0,135.0
263,2003-11-12,132.0,133.0,129.0,130.0,1445138716,353090,88,135.0,130.0
264,2003-11-15,130.0,130.0,127.0,129.0,699050573,171898,66,130.0,129.0
265,2003-11-17,129.0,135.0,127.0,132.0,1429021658,343159,97,129.0,132.0
266,2003-11-18,130.0,130.0,129.0,130.0,601579557,147360,78,132.0,130.0
267,2003-11-19,130.0,131.0,128.0,129.0,1336689899,328614,128,130.0,129.0
268,2003-11-22,130.0,130.0,126.0,128.0,990994168,245828,97,129.0,128.0
269,2003-11-23,130.0,134.0,130.0,130.0,123369668,29231,16,128.0,130.0
270,2003-11-24,137.0,137.0,132.0,132.0,140195182,32619,25,130.0,132.0
271,2003-11-25,139.0,139.0,137.0,137.0,245985956,56187,30,132.0,137.0
272,2003-11-29,144.0,144.0,138.0,138.0,67328140,14896,19,137.0,138.0
273,2003-11-30,145.0,145.0,138.0,144.0,3003610815,662226,197,138.0,144.0
274,2003-12-01,141.0,141.0,137.0,137.0,973722904,225481,79,144.0,137.0
275,2003-12-02,137.0,137.0,133.0,135.0,606692155,142630,52,137.0,135.0
276,2003-12-03,135.0,135.0,132.0,133.0,1145138938,273672,89,135.0,133.0
277,2003-12-06,133.0,135.0,130.0,133.0,1020618501,243786,65,133.0,133.0
278,2003-12-07,130.0,133.0,130.0,131.0,1140836492,276391,81,133.0,131.0
279,2003-12-08,132.0,133.0,132.0,132.0,357377949,85790,60,131.0,132.0
280,2003-12-09,139.0,139.0,133.0,139.0,1788465172,409496,78,132.0,139.0
281,2003-12-10,140.0,140.0,136.0,138.0,1031286606,237523,89,139.0,138.0
282,2003-12-13,137.0,137.0,136.0,137.0,482354103,112100,58,138.0,137.0
283,2003-12-14,137.0,141.0,133.0,137.0,1236658484,286116,100,137.0,137.0
284,2003-12-15,142.0,143.0,141.0,142.0,1257725921,281874,95,137.0,142.0
285,2003-12-16,141.0,141.0,140.0,140.0,1432290043,323998,98,142.0,140.0
286,2003-12-23,135.0,140.0,127.0,128.0,494964250,122819,30,140.0,128.0
287,2003-12-24,128.0,134.0,128.0,130.0,356131810,84938,45,128.0,130.0
288,2003-12-27,137.0,137.0,137.0,137.0,1171424661,272361,62,130.0,137.0
289,2003-12-28,140.0,142.0,140.0,140.0,1904904692,432125,153,137.0,140.0
290,2003-12-29,140.0,140.0,139.0,140.0,1913948057,434853,132,140.0,140.0
291,2003-12-30,140.0,140.0,138.0,140.0,1198872530,272212,93,140.0,140.0
292,2003-12-31,140.0,140.0,134.0,139.0,1935449206,443734,74,140.0,139.0
293,2004-01-03,133.0,136.0,133.0,136.0,470025086,111946,45,139.0,136.0
294,2004-01-04,132.0,135.0,132.0,133.0,1010813198,240570,73,136.0,133.0
295,2004-01-05,133.0,136.0,132.0,133.0,763216954,182708,77,133.0,133.0
296,2004-01-06,133.0,135.0,130.0,133.0,1554384542,371409,146,133.0,133.0
297,2004-01-07,132.0,133.0,131.0,132.0,2959038109,712761,174,133.0,132.0
298,2004-01-10,133.0,138.0,131.0,136.0,1081245408,253113,94,132.0,136.0
299,2004-01-11,137.0,137.0,131.0,134.0,748279748,178080,89,136.0,134.0
300,2004-01-12,132.0,133.0,130.0,131.0,811278598,196677,86,134.0,131.0
301,2004-01-13,132.0,135.0,127.0,130.0,2099356612,509566,120,131.0,130.0
302,2004-01-14,130.0,130.0,127.0,128.0,1526714151,377990,134,130.0,128.0
303,2004-01-17,128.0,128.0,122.0,125.0,561562278,143641,80,128.0,125.0
304,2004-01-18,124.0,124.0,119.0,123.0,344005597,91122,62,125.0,123.0
305,2004-01-19,119.0,119.0,117.0,119.0,505663098,137211,57,123.0,119.0
306,2004-01-20,113.0,117.0,113.0,117.0,385721137,106209,74,119.0,117.0
307,2004-01-21,117.0,121.0,117.0,117.0,132582593,35369,37,117.0,117.0
308,2004-01-24,123.0,123.0,120.0,120.0,306125671,78919,44,117.0,120.0
309,2004-01-25,123.0,123.0,118.0,119.0,825737109,219717,104,120.0,119.0
310,2004-01-26,118.0,122.0,115.0,118.0,417875022,112742,53,119.0,118.0
311,2004-01-27,120.0,122.0,120.0,120.0,525208910,137902,62,118.0,120.0
312,2004-01-28,120.0,120.0,118.0,120.0,283588853,76000,53,120.0,120.0
313,2004-01-31,119.0,119.0,115.0,118.0,1615602406,435911,67,120.0,118.0
314,2004-02-01,117.0,117.0,113.0,115.0,498322850,139963,45,118.0,115.0
315,2004-02-03,115.0,115.0,109.0,113.0,364364111,104622,36,115.0,113.0
316,2004-02-04,108.0,111.0,107.0,111.0,308848549,90641,34,113.0,111.0
317,2004-02-07,111.0,114.0,111.0,111.0,285827820,81008,42,111.0,111.0
318,2004-02-08,113.0,114.0,111.0,112.0,467135865,131732,62,111.0,112.0
319,2004-02-09,113.0,114.0,112.0,113.0,766680232,215474,85,112.0,113.0
320,2004-02-14,113.0,114.0,113.0,113.0,91711129,25504,22,113.0,113.0
321,2004-02-15,113.0,113.0,107.0,112.0,204914032,59336,44,113.0,112.0
322,2004-02-16,107.0,108.0,107.0,107.0,645496027,191617,90,112.0,107.0
323,2004-02-17,106.0,107.0,105.0,107.0,167438751,50520,26,107.0,107.0
324,2004-02-18,106.0,106.0,105.0,106.0,271363976,82122,34,107.0,106.0
325,2004-02-21,106.0,107.0,105.0,106.0,776058800,233126,74,106.0,106.0
326,2004-02-22,107.0,108.0,106.0,106.0,131876525,39081,35,106.0,106.0
327,2004-02-23,107.0,108.0,105.0,106.0,528022502,157874,40,106.0,106.0
328,2004-02-24,106.0,106.0,102.0,105.0,240335564,74059,33,106.0,105.0
329,2004-02-25,104.0,106.0,100.0,104.0,406960724,125126,44,105.0,104.0
330,2004-02-28,105.0,109.0,105.0,105.0,151884843,44431,26,104.0,105.0
331,2004-02-29,110.0,110.0,106.0,106.0,186070852,53654,18,105.0,106.0
332,2004-03-03,112.0,112.0,106.0,106.0,6110960,1740,5,106.0,106.0
333,2004-03-06,112.0,112.0,106.0,106.0,23201322,6603,6,106.0,106.0
334,2004-03-07,112.0,112.0,107.0,107.0,33914522,9638,11,106.0,107.0
335,2004-03-08,112.0,112.0,107.0,107.0,40974066,11621,9,107.0,107.0
336,2004-03-09,112.0,112.0,112.0,112.0,11202835364,3168267,221,107.0,112.0
337,2004-03-10,112.0,118.0,112.0,115.0,1283451459,357791,48,112.0,115.0
338,2004-03-13,115.0,115.0,109.0,114.0,239051167,67986,40,115.0,114.0
339,2004-03-14,109.0,111.0,108.0,111.0,306606056,90138,36,114.0,111.0
340,2004-03-15,109.0,111.0,106.0,111.0,68735817,20093,13,111.0,111.0
341,2004-03-16,114.0,114.0,111.0,111.0,194646537,54879,42,111.0,111.0
342,2004-03-17,111.0,114.0,111.0,112.0,1370431327,389418,66,111.0,112.0
343,2004-03-27,112.0,112.0,112.0,112.0,193576160,55082,25,112.0,112.0
344,2004-03-28,112.0,114.0,112.0,112.0,258050252,72864,31,112.0,112.0
345,2004-03-29,114.0,114.0,112.0,112.0,165907077,46884,27,112.0,112.0
346,2004-03-30,114.0,114.0,106.0,111.0,402286217,116396,36,112.0,111.0
347,2004-04-03,111.0,111.0,108.0,110.0,207012445,60332,32,111.0,110.0
348,2004-04-04,109.0,110.0,105.0,110.0,128331494,38849,17,110.0,110.0
349,2004-04-05,104.0,109.0,104.0,109.0,16109772,4917,4,110.0,109.0
350,2004-04-06,104.0,109.0,104.0,109.0,99077680,30280,17,109.0,109.0
351,2004-04-07,103.0,106.0,103.0,106.0,427969913,131463,59,109.0,106.0
352,2004-04-10,104.0,104.0,101.0,104.0,372061002,116604,54,106.0,104.0
353,2004-04-12,101.0,103.0,99.0,103.0,326718821,102593,46,104.0,103.0
354,2004-04-13,100.0,102.0,98.0,102.0,233191107,75135,31,103.0,102.0
355,2004-04-14,100.0,101.0,97.0,101.0,435525295,138678,48,102.0,101.0
356,2004-04-17,100.0,100.0,98.0,100.0,395101576,126167,49,101.0,100.0
357,2004-04-18,100.0,100.0,97.0,99.0,322444105,104641,46,100.0,99.0
358,2004-04-21,98.0,99.0,97.0,99.0,289158517,93917,45,99.0,99.0
359,2004-04-24,96.0,97.0,95.0,97.0,532396648,176251,68,99.0,97.0
360,2004-04-25,97.0,102.0,97.0,98.0,778268476,250749,70,97.0,98.0
361,2004-04-26,101.0,103.0,101.0,102.0,687565486,211867,80,98.0,102.0
362,2004-04-27,105.0,107.0,105.0,105.0,511881974,152077,55,102.0,105.0
363,2004-04-28,110.0,110.0,102.0,106.0,634993774,188245,115,105.0,106.0
364,2004-05-01,104.0,106.0,101.0,106.0,106538683,33341,26,106.0,106.0
365,2004-05-02,100.0,105.0,100.0,105.0,96288318,30432,25,106.0,105.0
366,2004-05-03,100.0,105.0,100.0,105.0,53492978,17003,12,105.0,105.0
367,2004-05-04,100.0,103.0,100.0,103.0,293145525,93507,51,105.0,103.0
368,2004-05-05,99.0,101.0,98.0,101.0,314716853,102100,35,103.0,101.0
369,2004-05-08,99.0,100.0,97.0,100.0,266781318,86066,33,101.0,100.0
370,2004-05-09,98.0,98.0,95.0,97.0,625739847,208113,78,100.0,97.0
371,2004-05-10,96.0,96.0,94.0,96.0,161851192,54012,38,97.0,96.0
372,2004-05-11,95.0,96.0,93.0,96.0,146395049,49264,31,96.0,96.0
373,2004-05-12,95.0,96.0,93.0,96.0,42032710,14143,16,96.0,96.0
374,2004-05-15,95.0,96.0,94.0,96.0,117410307,39398,32,96.0,96.0
375,2004-05-16,95.0,95.0,93.0,95.0,182734409,61692,44,96.0,95.0
376,2004-05-17,95.0,95.0,93.0,95.0,150142167,51257,44,95.0,95.0
377,2004-05-18,94.0,94.0,90.0,94.0,192474911,67215,26,95.0,94.0
378,2004-05-19,92.0,93.0,89.0,93.0,91718790,32395,27,94.0,93.0
379,2004-05-22,89.0,93.0,89.0,93.0,89355882,31762,20,93.0,93.0
380,2004-05-23,90.0,93.0,88.0,93.0,66603854,23767,18,93.0,93.0
381,2004-05-24,88.0,91.0,88.0,91.0,299049379,107662,53,93.0,91.0
382,2004-05-25,92.0,94.0,91.0,91.0,207579756,71025,34,91.0,91.0
383,2004-05-26,94.0,96.0,94.0,95.0,728066348,241832,117,91.0,95.0
384,2004-05-29,95.0,98.0,95.0,96.0,495972994,164431,66,95.0,96.0
385,2004-05-30,95.0,95.0,92.0,95.0,225735531,77189,41,96.0,95.0
386,2004-05-31,91.0,93.0,90.0,93.0,317002781,111787,47,95.0,93.0
387,2004-06-01,91.0,91.0,88.0,91.0,364449886,131162,66,93.0,91.0
388,2004-06-02,87.0,92.0,86.0,88.0,527415570,192758,69,91.0,88.0
389,2004-06-05,91.0,92.0,89.0,89.0,119905590,41330,26,88.0,89.0
390,2004-06-06,93.0,93.0,92.0,93.0,1116984015,382070,162,89.0,93.0
391,2004-06-07,94.0,97.0,94.0,96.0,564125273,184280,62,93.0,96.0
392,2004-06-08,98.0,98.0,92.0,96.0,601638816,199629,82,96.0,96.0
393,2004-06-09,96.0,96.0,91.0,94.0,415072324,142523,62,96.0,94.0
394,2004-06-12,91.0,92.0,89.0,92.0,307040910,108806,50,94.0,92.0
395,2004-06-13,91.0,91.0,88.0,91.0,243491246,87201,45,92.0,91.0
396,2004-06-14,89.0,90.0,87.0,90.0,262987036,94480,48,91.0,90.0
397,2004-06-15,89.0,89.0,87.0,89.0,300434800,108393,51,90.0,89.0
398,2004-06-16,88.0,94.0,88.0,90.0,1020192931,349928,59,89.0,90.0
399,2004-06-19,94.0,94.0,92.0,92.0,493270196,166533,58,90.0,92.0
400,2004-06-20,97.0,97.0,93.0,93.0,157921508,51744,23,92.0,93.0
401,2004-06-21,98.0,98.0,96.0,96.0,586973640,190576,53,93.0,96.0
402,2004-06-22,101.0,101.0,97.0,97.0,164425661,51593,19,96.0,97.0
403,2004-06-23,102.0,102.0,102.0,102.0,1285854202,399706,89,97.0,102.0
404,2004-06-26,107.0,107.0,98.0,101.0,1267585204,400417,151,102.0,101.0
405,2004-06-27,97.0,98.0,96.0,96.0,1340126009,441931,105,101.0,96.0
406,2004-06-28,96.0,97.0,92.0,96.0,1853003055,613924,52,96.0,96.0
407,2004-06-29,95.0,95.0,91.0,95.0,335699838,114755,56,96.0,95.0
408,2004-09-27,64.0,79.0,54.0,61.0,843649541,435851,115,95.0,61.0
409,2004-09-28,63.0,65.0,62.0,62.0,234567584,116987,32,61.0,62.0
410,2004-09-29,66.0,66.0,63.0,63.0,93979145,45555,27,62.0,63.0
411,2004-10-02,66.0,66.0,64.0,64.0,226592520,108939,21,63.0,64.0
412,2004-10-03,67.0,67.0,67.0,67.0,655938339,309259,85,64.0,67.0
413,2004-10-04,71.0,71.0,70.0,70.0,468335623,210299,71,67.0,70.0
414,2004-10-05,73.0,73.0,66.0,72.0,3570565013,1564677,376,70.0,72.0
415,2004-10-06,71.0,71.0,69.0,70.0,383300925,176383,60,72.0,70.0
416,2004-10-09,67.0,70.0,67.0,69.0,529411028,245889,100,70.0,69.0
417,2004-10-10,70.0,71.0,67.0,69.0,635945196,291152,88,69.0,69.0
418,2004-10-11,67.0,69.0,66.0,69.0,118233556,56607,39,69.0,69.0
419,2004-10-12,66.0,68.0,65.0,68.0,148510942,72201,32,69.0,68.0
420,2004-10-13,65.0,66.0,64.0,66.0,340900222,167152,68,68.0,66.0
421,2004-10-16,65.0,65.0,63.0,65.0,264793334,132789,49,66.0,65.0
422,2004-10-17,62.0,63.0,61.0,63.0,321413812,165969,48,65.0,63.0
423,2004-10-18,61.0,64.0,60.0,62.0,237881569,122034,53,63.0,62.0
424,2004-10-19,62.0,62.0,62.0,62.0,128268141,65390,25,62.0,62.0
425,2004-10-20,62.0,62.0,60.0,62.0,55957887,29288,25,62.0,62.0
426,2004-10-23,60.0,63.0,60.0,62.0,154019968,78874,36,62.0,62.0
427,2004-10-24,62.0,62.0,59.0,62.0,44088935,23232,14,62.0,62.0
428,2004-10-25,59.0,62.0,59.0,62.0,34269458,18450,14,62.0,62.0
429,2004-10-26,59.0,61.0,59.0,61.0,139406658,75534,34,62.0,61.0
430,2004-10-27,58.0,59.0,58.0,58.0,433818653,237801,74,61.0,58.0
431,2004-10-30,58.0,59.0,57.0,58.0,264842435,144455,63,58.0,58.0
432,2004-10-31,57.0,58.0,56.0,58.0,132508080,73997,38,58.0,58.0
433,2004-11-01,56.0,58.0,56.0,58.0,176824334,97573,41,58.0,58.0
434,2004-11-02,58.0,60.0,57.0,58.0,284177402,154191,55,58.0,58.0
435,2004-11-03,59.0,61.0,59.0,59.0,218938000,115744,40,58.0,59.0
436,2004-11-06,60.0,60.0,59.0,59.0,203336088,107975,33,59.0,59.0
437,2004-11-07,60.0,60.0,56.0,58.0,600815588,328141,97,59.0,58.0
438,2004-12-20,60.0,60.0,48.0,52.0,450380056,275127,79,58.0,52.0
439,2004-12-21,52.0,55.0,52.0,55.0,1185431064,690760,158,52.0,55.0
440,2004-12-22,54.0,56.0,52.0,54.0,547089327,322713,116,55.0,54.0
441,2004-12-25,55.0,55.0,53.0,54.0,497008959,291016,96,54.0,54.0
442,2004-12-26,54.0,55.0,53.0,54.0,288456431,168685,70,54.0,54.0
443,2004-12-27,54.0,55.0,54.0,54.0,451043120,264130,93,54.0,54.0
444,2004-12-28,54.0,55.0,52.0,54.0,432252866,255869,102,54.0,54.0
445,2004-12-29,53.0,53.0,51.0,53.0,224223495,137028,65,54.0,53.0
446,2005-01-01,51.0,53.0,50.0,52.0,237360976,147262,66,53.0,52.0
447,2005-01-02,50.0,51.0,49.0,51.0,185999602,118690,57,52.0,51.0
448,2005-01-03,50.0,50.0,49.0,50.0,135127369,86993,40,51.0,50.0
449,2005-01-04,49.0,50.0,48.0,50.0,125606946,83282,20,50.0,50.0
450,2005-01-05,47.0,48.0,47.0,47.0,469819423,315463,96,50.0,47.0
451,2005-01-08,47.0,47.0,46.0,47.0,358180116,242104,75,47.0,47.0
452,2005-01-09,47.0,49.0,41.0,49.0,974155400,713472,230,47.0,49.0
453,2005-01-10,49.0,51.0,49.0,50.0,1225342744,787656,72,49.0,50.0
454,2005-01-11,49.0,52.0,49.0,51.0,441381376,276620,95,50.0,51.0
455,2005-01-12,52.0,52.0,49.0,51.0,405700343,254909,84,51.0,51.0
456,2005-01-15,50.0,50.0,48.0,50.0,173316523,110728,52,51.0,50.0
457,2005-01-16,48.0,50.0,48.0,50.0,100756716,67126,21,50.0,50.0
458,2005-01-17,47.0,49.0,47.0,49.0,105419772,70962,31,50.0,49.0
459,2005-01-18,46.0,49.0,46.0,49.0,54536911,37277,16,49.0,49.0
460,2005-01-19,46.0,48.0,46.0,48.0,119883785,82393,40,49.0,48.0
461,2005-01-22,47.0,50.0,47.0,48.0,145693137,96341,42,48.0,48.0
462,2005-01-23,49.0,49.0,47.0,48.0,33521451,22056,21,48.0,48.0
463,2005-01-24,48.0,48.0,47.0,48.0,136762019,91461,34,48.0,48.0
464,2005-01-25,47.0,48.0,47.0,48.0,128481327,86043,37,48.0,48.0
465,2005-01-26,48.0,48.0,47.0,48.0,25977110,17414,13,48.0,48.0
466,2005-01-30,47.0,47.0,45.0,47.0,35953727,24875,18,48.0,47.0
467,2005-01-31,46.0,47.0,45.0,47.0,74146910,51900,26,47.0,47.0
468,2005-02-01,45.0,46.0,45.0,46.0,224400365,158391,42,47.0,46.0
469,2005-02-02,45.0,46.0,44.0,46.0,36130733,25951,10,46.0,46.0
470,2005-02-05,44.0,45.0,43.0,45.0,46668268,33961,20,46.0,45.0
471,2005-02-06,43.0,45.0,43.0,45.0,35533588,26114,15,45.0,45.0
472,2005-02-07,43.0,45.0,43.0,45.0,48718800,35875,8,45.0,45.0
473,2005-02-08,43.0,45.0,43.0,45.0,23200975,17275,11,45.0,45.0
474,2005-02-09,42.0,44.0,42.0,44.0,166581307,123761,49,45.0,44.0
475,2005-02-12,43.0,44.0,42.0,44.0,109302858,79616,30,44.0,44.0
476,2005-02-13,44.0,44.0,42.0,44.0,54298524,39870,16,44.0,44.0
477,2005-02-14,44.0,44.0,41.0,43.0,66458478,49395,23,44.0,43.0
478,2005-02-15,41.0,43.0,41.0,43.0,13600658,10464,8,43.0,43.0
479,2005-02-16,41.0,43.0,41.0,43.0,26156492,20182,13,43.0,43.0
480,2005-02-21,41.0,43.0,41.0,43.0,19283006,14936,9,43.0,43.0
481,2005-02-22,41.0,43.0,41.0,43.0,26465191,20563,12,43.0,43.0
482,2005-02-23,41.0,43.0,41.0,43.0,17878266,13956,10,43.0,43.0
483,2005-02-26,41.0,45.0,41.0,41.0,318877833,245627,69,43.0,41.0
484,2005-02-27,43.0,43.0,42.0,42.0,101471165,74447,29,41.0,42.0
485,2005-02-28,44.0,44.0,41.0,42.0,202737463,148343,51,42.0,42.0
486,2005-03-01,44.0,44.0,41.0,43.0,196264876,145000,46,42.0,43.0
487,2005-03-02,41.0,43.0,41.0,42.0,483428567,365191,38,43.0,42.0
488,2005-03-05,41.0,43.0,41.0,42.0,78518278,59241,36,42.0,42.0
489,2005-03-06,42.0,42.0,40.0,42.0,136884625,105510,39,42.0,42.0
490,2005-03-07,42.0,42.0,41.0,42.0,1885696656,1447134,12,42.0,42.0
491,2005-03-08,42.0,42.0,42.0,42.0,32927925,24857,20,42.0,42.0
492,2005-03-09,42.0,42.0,41.0,42.0,52578852,39759,19,42.0,42.0
493,2005-03-12,43.0,44.0,42.0,42.0,207005942,152969,56,42.0,42.0
494,2005-03-13,44.0,44.0,42.0,42.0,49616736,36450,18,42.0,42.0
495,2005-03-14,43.0,44.0,42.0,42.0,44302627,32455,24,42.0,42.0
496,2005-03-15,44.0,44.0,43.0,43.0,116030560,83923,34,42.0,43.0
497,2005-03-16,44.0,44.0,43.0,43.0,69616053,50967,23,43.0,43.0
498,2005-03-26,44.0,44.0,43.0,43.0,7633590,5475,4,43.0,43.0
499,2005-03-27,44.0,44.0,43.0,43.0,13399170,9640,2,43.0,43.0
500,2005-03-28,44.0,44.0,43.0,43.0,55877435,40720,21,43.0,43.0
501,2005-03-29,44.0,44.0,43.0,43.0,36467836,26503,16,43.0,43.0
502,2005-03-30,44.0,44.0,43.0,43.0,16389048,11946,10,43.0,43.0
503,2005-04-03,44.0,44.0,43.0,43.0,18576834,13641,8,43.0,43.0
504,2005-04-04,43.0,43.0,41.0,43.0,15947905,12006,7,43.0,43.0
505,2005-04-05,42.0,43.0,41.0,43.0,9202536,7100,8,43.0,43.0
506,2005-04-06,41.0,43.0,41.0,43.0,64323492,50110,19,43.0,43.0
507,2005-04-10,41.0,42.0,40.0,42.0,44149895,34451,24,43.0,42.0
508,2005-04-11,41.0,42.0,40.0,42.0,98043089,76685,39,42.0,42.0
509,2005-04-12,40.0,42.0,40.0,42.0,73938428,58289,30,42.0,42.0
510,2005-04-13,40.0,42.0,40.0,42.0,46783765,37131,21,42.0,42.0
511,2005-04-16,41.0,41.0,40.0,41.0,304094268,240284,40,42.0,41.0
512,2005-04-17,40.0,41.0,39.0,41.0,61158841,49176,24,41.0,41.0
513,2005-04-18,39.0,41.0,39.0,41.0,50819250,41316,14,41.0,41.0
514,2005-04-19,39.0,40.0,39.0,40.0,91562861,74867,21,41.0,40.0
515,2005-04-24,39.0,40.0,39.0,40.0,2995637,2449,2,40.0,40.0
516,2005-04-25,38.0,40.0,38.0,40.0,45153916,37286,17,40.0,40.0
517,2005-04-27,38.0,40.0,38.0,40.0,107709415,89385,42,40.0,40.0
518,2005-04-30,38.0,39.0,38.0,39.0,339511610,284825,82,40.0,39.0
519,2005-05-01,37.0,38.0,37.0,37.0,458867520,392729,117,39.0,37.0
520,2005-05-02,37.0,37.0,37.0,37.0,139260094,119351,38,37.0,37.0
521,2005-05-03,37.0,38.0,37.0,37.0,355095373,303621,96,37.0,37.0
522,2005-05-04,37.0,37.0,37.0,37.0,122470552,105244,43,37.0,37.0
523,2005-05-07,37.0,38.0,37.0,37.0,99135118,84854,36,37.0,37.0
524,2005-05-08,37.0,37.0,37.0,37.0,318300335,275017,69,37.0,37.0
525,2005-05-09,37.0,37.0,35.0,36.0,363900862,326759,90,37.0,36.0
526,2005-05-10,35.0,37.0,35.0,36.0,112617878,98646,39,36.0,36.0
527,2005-05-11,36.0,38.0,36.0,36.0,178514035,152287,55,36.0,36.0
528,2005-05-14,37.0,37.0,36.0,36.0,135355956,117953,48,36.0,36.0
529,2005-05-15,36.0,37.0,35.0,36.0,214925829,188988,52,36.0,36.0
530,2005-05-16,36.0,36.0,35.0,36.0,397337069,355301,85,36.0,36.0
531,2005-05-17,36.0,36.0,35.0,35.0,216549833,196342,53,36.0,35.0
532,2005-05-18,36.0,36.0,34.0,35.0,446892790,400938,103,35.0,35.0
533,2005-05-21,35.0,35.0,35.0,35.0,253935994,230979,52,35.0,35.0
534,2005-05-25,34.0,35.0,34.0,35.0,143905545,131229,31,35.0,35.0
535,2005-05-28,34.0,35.0,33.0,35.0,273233044,255189,58,35.0,35.0
536,2005-05-29,35.0,35.0,33.0,34.0,171348634,162410,57,35.0,34.0
537,2005-05-30,33.0,34.0,33.0,34.0,160253456,152961,57,34.0,34.0
538,2005-05-31,33.0,33.0,32.0,33.0,122213781,119594,39,34.0,33.0
539,2005-06-01,33.0,33.0,32.0,33.0,207118623,205365,72,33.0,33.0
540,2005-06-06,32.0,32.0,31.0,32.0,187164490,189618,63,33.0,32.0
541,2005-06-07,32.0,32.0,31.0,32.0,187158801,190643,51,32.0,32.0
542,2005-06-08,32.0,32.0,30.0,31.0,198279692,206093,63,32.0,31.0
543,2005-06-11,31.0,31.0,30.0,31.0,116400933,124048,39,31.0,31.0
544,2005-06-12,31.0,32.0,30.0,31.0,109651646,113540,41,31.0,31.0
545,2005-06-13,32.0,32.0,31.0,31.0,84086278,83950,34,31.0,31.0
546,2005-06-14,32.0,32.0,32.0,32.0,265827559,260671,50,31.0,32.0
547,2005-06-15,33.0,33.0,33.0,33.0,578206703,551811,119,32.0,33.0
548,2005-06-18,35.0,35.0,33.0,35.0,624671879,568779,165,33.0,35.0
549,2005-06-19,35.0,35.0,33.0,34.0,433599643,402057,104,35.0,34.0
550,2005-06-20,34.0,34.0,34.0,34.0,168074087,155761,47,34.0,34.0
551,2005-06-21,34.0,34.0,33.0,34.0,75324674,71314,35,34.0,34.0
552,2005-06-22,34.0,34.0,34.0,34.0,371401079,347298,82,34.0,34.0
553,2005-06-25,33.0,34.0,32.0,34.0,80195897,78579,27,34.0,34.0
554,2005-06-26,33.0,33.0,32.0,33.0,84508538,82759,36,34.0,33.0
555,2005-06-27,33.0,33.0,32.0,33.0,67339713,65926,30,33.0,33.0
556,2005-06-28,32.0,33.0,32.0,33.0,103986995,103354,34,33.0,33.0
557,2005-06-29,32.0,33.0,32.0,33.0,20340872,20340,13,33.0,33.0
558,2005-07-02,33.0,33.0,31.0,33.0,167422919,162034,53,33.0,33.0
559,2005-07-03,33.0,33.0,31.0,33.0,90560978,90476,33,33.0,33.0
560,2005-07-04,32.0,32.0,31.0,32.0,46846151,47372,27,33.0,32.0
561,2005-07-05,31.0,32.0,31.0,32.0,152782137,154976,51,32.0,32.0
562,2005-07-06,31.0,32.0,31.0,32.0,147562375,149453,42,32.0,32.0
563,2005-07-20,32.0,32.0,32.0,32.0,7714278,7722,3,32.0,32.0
564,2005-07-23,32.0,32.0,30.0,32.0,17642769,18347,9,32.0,32.0
565,2005-07-24,31.0,32.0,30.0,32.0,50769724,52678,31,32.0,32.0
566,2005-07-25,31.0,31.0,30.0,31.0,46786587,49510,20,32.0,31.0
567,2005-07-26,30.0,31.0,30.0,31.0,150553628,160674,54,31.0,31.0
568,2005-07-27,30.0,30.0,29.0,30.0,255530618,275408,64,31.0,30.0
569,2005-07-30,29.0,31.0,29.0,30.0,107442284,110522,41,30.0,30.0
570,2005-07-31,32.0,32.0,31.0,31.0,170898977,171871,55,30.0,31.0
571,2005-08-01,31.0,31.0,29.0,31.0,92829622,96906,34,31.0,31.0
572,2005-08-02,31.0,31.0,29.0,31.0,92578935,96920,35,31.0,31.0
573,2005-08-03,30.0,31.0,30.0,30.0,56921057,59523,28,31.0,30.0
574,2005-08-06,31.0,31.0,30.0,30.0,51768307,54058,24,30.0,30.0
575,2005-08-07,30.0,30.0,29.0,30.0,87472826,94867,41,30.0,30.0
576,2005-08-08,30.0,31.0,29.0,30.0,87411002,90673,31,30.0,30.0
577,2005-08-09,30.0,31.0,30.0,30.0,194250879,201847,49,30.0,30.0
578,2005-08-10,30.0,30.0,30.0,30.0,232678400,249843,55,30.0,30.0
579,2005-08-13,30.0,30.0,28.0,30.0,44355645,48205,29,30.0,30.0
580,2005-08-14,30.0,30.0,29.0,30.0,48512920,52664,17,30.0,30.0
581,2005-08-15,28.0,30.0,28.0,30.0,42729681,47060,21,30.0,30.0
582,2005-08-16,29.0,29.0,28.0,29.0,118655534,131839,34,30.0,29.0
583,2005-08-17,29.0,29.0,28.0,29.0,42592712,47625,14,29.0,29.0
584,2005-08-20,29.0,29.0,28.0,29.0,77872200,86902,27,29.0,29.0
585,2005-08-21,29.0,30.0,29.0,29.0,109190589,119171,38,29.0,29.0
586,2005-08-22,28.0,29.0,28.0,29.0,90718021,101639,31,29.0,29.0
587,2005-08-23,29.0,29.0,28.0,29.0,59434093,66166,24,29.0,29.0
588,2005-08-24,29.0,29.0,27.0,28.0,163837410,187971,60,29.0,28.0
589,2005-08-27,28.0,29.0,28.0,28.0,105625044,119396,39,28.0,28.0
590,2005-08-28,28.0,28.0,27.0,28.0,23423548,27134,12,28.0,28.0
591,2005-08-29,28.0,28.0,27.0,28.0,16800722,19713,8,28.0,28.0
592,2005-08-30,27.0,28.0,27.0,28.0,33928795,39992,12,28.0,28.0
593,2005-08-31,27.0,28.0,27.0,28.0,52762591,61889,23,28.0,28.0
594,2005-09-03,29.0,29.0,27.0,28.0,39476587,45367,20,28.0,28.0
595,2005-09-04,28.0,28.0,26.0,28.0,51225980,60545,18,28.0,28.0
596,2005-09-05,27.0,27.0,26.0,27.0,126374465,152785,35,28.0,27.0
597,2005-09-06,27.0,27.0,26.0,27.0,115015665,140835,36,27.0,27.0
598,2005-09-07,25.0,26.0,25.0,26.0,99795728,124738,33,27.0,26.0
599,2005-09-10,26.0,26.0,25.0,26.0,14407943,17508,13,26.0,26.0
600,2005-09-11,25.0,26.0,25.0,26.0,91607923,116020,38,26.0,26.0
601,2005-09-12,26.0,26.0,25.0,26.0,21821276,27382,14,26.0,26.0
602,2005-09-13,26.0,26.0,26.0,26.0,42938489,52968,17,26.0,26.0
603,2005-09-14,25.0,26.0,25.0,26.0,60452434,77166,28,26.0,26.0
604,2005-09-17,25.0,26.0,25.0,26.0,8424850,10525,5,26.0,26.0
605,2005-09-18,26.0,26.0,25.0,26.0,8570548,10659,6,26.0,26.0
606,2005-09-19,26.0,26.0,25.0,26.0,18192707,23030,11,26.0,26.0
607,2005-09-21,25.0,25.0,24.0,25.0,42014596,54663,20,26.0,25.0
608,2005-09-24,24.0,25.0,24.0,25.0,3586950,4658,6,25.0,25.0
609,2005-09-25,24.0,25.0,24.0,25.0,30409070,39828,17,25.0,25.0
610,2005-09-26,24.0,25.0,24.0,25.0,14281490,18791,8,25.0,25.0
611,2005-09-27,24.0,25.0,24.0,25.0,16972900,22510,8,25.0,25.0
612,2005-09-28,24.0,25.0,24.0,25.0,10499350,13980,5,25.0,25.0
613,2005-10-01,24.0,25.0,24.0,25.0,9192847,12273,8,25.0,25.0
614,2005-10-02,24.0,25.0,24.0,25.0,9465607,12671,10,25.0,25.0
615,2005-10-03,24.0,25.0,24.0,25.0,816155,1095,2,25.0,25.0
616,2005-10-04,24.0,25.0,24.0,25.0,6764828,9092,6,25.0,25.0
617,2005-10-05,24.0,24.0,24.0,24.0,168050331,226006,57,25.0,24.0
618,2005-10-08,23.0,24.0,23.0,24.0,93703076,127134,27,24.0,24.0
619,2005-10-09,25.0,25.0,24.0,24.0,127722173,162029,47,24.0,24.0
620,2005-10-10,25.0,26.0,24.0,25.0,106547697,134103,36,24.0,25.0
621,2005-10-11,26.0,26.0,25.0,25.0,130327450,164016,51,25.0,25.0
622,2005-10-12,24.0,26.0,24.0,25.0,35273513,45433,14,25.0,25.0
623,2005-10-15,25.0,26.0,25.0,25.0,120553641,148519,40,25.0,25.0
624,2005-10-16,26.0,26.0,25.0,25.0,91061112,112140,39,25.0,25.0
625,2005-10-17,26.0,26.0,25.0,25.0,57070540,71755,19,25.0,25.0
626,2005-10-18,25.0,25.0,25.0,25.0,55692886,69859,23,25.0,25.0
627,2005-10-19,26.0,26.0,25.0,25.0,74024229,92285,23,25.0,25.0
628,2005-10-22,26.0,26.0,25.0,25.0,116801962,143282,30,25.0,25.0
629,2005-10-23,26.0,26.0,25.0,25.0,29349753,36275,9,25.0,25.0
630,2005-10-24,26.0,26.0,24.0,25.0,2182731469,2830918,32,25.0,25.0
631,2005-10-26,25.0,26.0,25.0,25.0,132842587,164734,48,25.0,25.0
632,2005-10-29,25.0,26.0,25.0,25.0,14282451,17814,11,25.0,25.0
633,2005-10-30,26.0,26.0,25.0,25.0,30644174,38449,17,25.0,25.0
634,2005-10-31,25.0,25.0,24.0,25.0,50417555,64988,25,25.0,25.0
635,2005-11-01,24.0,25.0,24.0,25.0,107441270,141930,38,25.0,25.0
636,2005-11-02,24.0,25.0,24.0,24.0,141757616,189716,49,25.0,24.0
637,2005-11-05,24.0,24.0,24.0,24.0,18050843,23806,13,24.0,24.0
638,2005-11-06,24.0,24.0,23.0,24.0,17118988,22489,15,24.0,24.0
639,2005-11-07,24.0,24.0,24.0,24.0,2504053,3347,3,24.0,24.0
640,2005-11-08,24.0,24.0,23.0,24.0,26176755,35967,12,24.0,24.0
641,2005-11-09,23.0,24.0,23.0,24.0,25430327,34865,16,24.0,24.0
642,2005-11-13,24.0,24.0,24.0,24.0,63954847,85780,38,24.0,24.0
643,2005-11-14,24.0,24.0,24.0,24.0,34308145,46137,14,24.0,24.0
644,2005-11-15,24.0,24.0,24.0,24.0,52451385,70831,23,24.0,24.0
645,2005-11-16,24.0,24.0,23.0,24.0,81758133,111058,32,24.0,24.0
646,2005-11-19,24.0,24.0,24.0,24.0,547564,734,1,24.0,24.0
647,2005-11-20,24.0,25.0,24.0,24.0,40996866,53682,16,24.0,24.0
648,2005-11-21,24.0,24.0,24.0,24.0,12395347,16649,9,24.0,24.0
649,2005-11-22,24.0,24.0,24.0,24.0,5074210,6621,6,24.0,24.0
650,2005-11-23,24.0,25.0,24.0,24.0,42829231,55514,21,24.0,24.0
651,2005-11-26,25.0,25.0,24.0,24.0,55097550,70010,17,24.0,24.0
652,2005-11-27,25.0,25.0,25.0,25.0,169984796,214659,62,24.0,25.0
653,2005-11-29,25.0,26.0,25.0,25.0,130349628,161381,54,25.0,25.0
654,2005-11-30,26.0,26.0,25.0,25.0,115963502,141045,50,25.0,25.0
655,2005-12-03,27.0,27.0,26.0,26.0,175645745,210464,63,25.0,26.0
656,2005-12-04,27.0,27.0,26.0,26.0,89384013,107799,37,26.0,26.0
657,2005-12-05,27.0,27.0,25.0,26.0,110626427,138056,56,26.0,26.0
658,2005-12-06,26.0,27.0,25.0,26.0,138974018,171606,49,26.0,26.0
659,2005-12-10,25.0,26.0,24.0,26.0,18506590,23929,14,26.0,26.0
660,2005-12-11,25.0,26.0,24.0,26.0,26328325,33782,18,26.0,26.0
661,2005-12-12,25.0,25.0,24.0,25.0,20529546,26704,15,26.0,25.0
662,2005-12-13,25.0,25.0,25.0,25.0,19280011,24191,11,25.0,25.0
663,2005-12-14,25.0,25.0,25.0,25.0,10325463,13319,7,25.0,25.0
664,2005-12-17,25.0,25.0,24.0,25.0,58689845,77004,24,25.0,25.0
665,2005-12-18,24.0,25.0,24.0,25.0,722867611,954007,20,25.0,25.0
666,2005-12-19,24.0,25.0,24.0,25.0,735469930,978890,25,25.0,25.0
667,2005-12-20,25.0,25.0,24.0,25.0,20788235,26804,12,25.0,25.0
668,2005-12-21,24.0,25.0,24.0,25.0,13892605,18588,11,25.0,25.0
669,2005-12-24,24.0,25.0,24.0,25.0,21341931,26683,15,25.0,25.0
670,2005-12-25,24.0,25.0,24.0,25.0,42222673,54149,24,25.0,25.0
671,2005-12-26,24.0,25.0,24.0,25.0,34331954,43198,20,25.0,25.0
672,2005-12-27,24.0,26.0,24.0,25.0,91412637,115810,38,25.0,25.0
673,2005-12-28,25.0,25.0,24.0,25.0,15545272,20326,15,25.0,25.0
674,2005-12-31,25.0,25.0,24.0,25.0,9597923,12407,13,25.0,25.0
675,2006-01-01,24.0,25.0,24.0,25.0,28279512,37620,17,25.0,25.0
676,2006-01-02,24.0,25.0,24.0,25.0,19746963,25690,14,25.0,25.0
677,2006-01-03,24.0,25.0,24.0,25.0,50594554,66127,20,25.0,25.0
678,2006-01-04,24.0,25.0,24.0,25.0,4934609,6553,3,25.0,25.0
679,2006-01-07,24.0,24.0,24.0,24.0,38124654,50533,22,25.0,24.0
680,2006-01-08,24.0,24.0,23.0,24.0,77077596,103850,32,24.0,24.0
681,2006-01-09,24.0,24.0,23.0,24.0,19315157,26180,18,24.0,24.0
682,2006-01-10,23.0,24.0,23.0,24.0,20742700,28420,16,24.0,24.0
683,2006-01-14,23.0,24.0,23.0,24.0,27916500,38286,15,24.0,24.0
684,2006-01-15,23.0,24.0,23.0,24.0,11008033,15304,9,24.0,24.0
685,2006-01-16,24.0,24.0,23.0,24.0,58379079,81254,26,24.0,24.0
686,2006-01-17,24.0,24.0,24.0,24.0,52832054,70431,26,24.0,24.0
687,2006-01-18,24.0,24.0,24.0,24.0,206210,275,2,24.0,24.0
688,2006-01-21,23.0,24.0,23.0,24.0,24175215,33530,12,24.0,24.0
689,2006-01-22,23.0,24.0,23.0,24.0,53471553,72791,18,24.0,24.0
690,2006-01-23,24.0,24.0,22.0,24.0,43297526,58821,21,24.0,24.0
691,2006-01-24,22.0,23.0,22.0,23.0,33850239,48048,17,24.0,23.0
692,2006-01-25,22.0,23.0,22.0,23.0,75967545,108344,29,23.0,23.0
693,2006-01-28,23.0,23.0,22.0,23.0,17381810,24510,11,23.0,23.0
694,2006-01-29,22.0,23.0,22.0,23.0,101312497,145963,39,23.0,23.0
695,2006-01-30,22.0,22.0,22.0,22.0,82022525,120725,19,23.0,22.0
696,2006-01-31,21.0,22.0,21.0,22.0,73682107,110091,25,22.0,22.0
697,2006-02-01,21.0,22.0,21.0,22.0,27459562,41542,16,22.0,22.0
698,2006-02-04,21.0,22.0,21.0,22.0,24869734,37624,12,22.0,22.0
699,2006-02-05,21.0,22.0,21.0,22.0,7207410,11020,7,22.0,22.0
700,2006-02-06,21.0,22.0,21.0,22.0,16331850,25010,4,22.0,22.0
701,2007-05-06,14.0,17.0,13.0,14.0,953684482,2126355,373,22.0,14.0
702,2007-05-07,14.0,14.0,14.0,14.0,216709440,475240,67,14.0,14.0
703,2007-05-08,15.0,15.0,15.0,15.0,263753115,567211,90,14.0,15.0
704,2007-05-09,15.0,15.0,15.0,15.0,286575660,604590,97,15.0,15.0
705,2007-05-12,15.0,15.0,15.0,15.0,53845253,111481,31,15.0,15.0
706,2007-05-13,15.0,15.0,15.0,15.0,6391240,13178,7,15.0,15.0
707,2007-05-14,15.0,15.0,15.0,15.0,369338655,761523,125,15.0,15.0
708,2007-05-15,16.0,16.0,16.0,16.0,105415598,213392,49,15.0,16.0
709,2007-05-16,16.0,16.0,16.0,16.0,115942328,232816,35,16.0,16.0
710,2007-05-19,16.0,16.0,16.0,16.0,8313997,16529,11,16.0,16.0
711,2007-05-20,16.0,16.0,16.0,16.0,108807411,216317,59,16.0,16.0
712,2007-05-21,16.0,16.0,16.0,16.0,1528990,3010,3,16.0,16.0
713,2007-05-22,16.0,16.0,16.0,16.0,101605030,200010,45,16.0,16.0
714,2007-05-23,16.0,16.0,16.0,16.0,453029787,883099,238,16.0,16.0
715,2007-05-26,17.0,17.0,17.0,17.0,319097467,610129,92,16.0,17.0
716,2007-05-27,17.0,17.0,17.0,17.0,119986778,225116,52,17.0,17.0
717,2007-05-28,17.0,17.0,17.0,17.0,239653176,445452,85,17.0,17.0
718,2007-05-29,17.0,17.0,17.0,17.0,239718764,437443,95,17.0,17.0
719,2007-05-30,18.0,18.0,18.0,18.0,243697572,436734,137,17.0,18.0
720,2007-06-02,18.0,18.0,18.0,18.0,5545450112,9746538,1726,18.0,18.0
721,2007-06-03,18.0,18.0,18.0,18.0,1146863525,1982044,418,18.0,18.0
722,2007-06-06,19.0,19.0,18.0,19.0,607372652,1031558,233,18.0,19.0
723,2007-06-09,19.0,19.0,19.0,19.0,18818084,31416,12,19.0,19.0
724,2007-06-10,19.0,19.0,19.0,19.0,537001800,895003,116,19.0,19.0
725,2007-06-11,19.0,19.0,19.0,19.0,17590606,28743,4,19.0,19.0
726,2007-06-12,19.0,19.0,19.0,19.0,112983799,184313,60,19.0,19.0
727,2007-06-13,20.0,20.0,19.0,19.0,153350470,248140,35,19.0,19.0
728,2007-06-16,20.0,20.0,20.0,20.0,49391150,79026,20,19.0,20.0
729,2007-06-17,20.0,20.0,19.0,20.0,3107975680,5000885,934,20.0,20.0
730,2007-06-19,19.0,20.0,19.0,20.0,126317622,207418,51,20.0,20.0
731,2007-06-20,19.0,20.0,19.0,20.0,32079107,53199,17,20.0,20.0
732,2007-06-23,19.0,20.0,19.0,19.0,1780653280,2913379,433,20.0,19.0
733,2007-06-24,20.0,20.0,20.0,20.0,578690371,928877,197,19.0,20.0
734,2007-06-25,20.0,20.0,20.0,20.0,292535610,460686,105,20.0,20.0
735,2007-06-26,21.0,21.0,20.0,20.0,20755003,32079,11,20.0,20.0
736,2007-06-27,21.0,21.0,21.0,21.0,284678064,439318,100,20.0,21.0
737,2007-06-30,21.0,21.0,21.0,21.0,7572060,11473,7,21.0,21.0
738,2007-07-01,21.0,21.0,21.0,21.0,74903310,113490,32,21.0,21.0
739,2007-07-02,21.0,21.0,21.0,21.0,6646510,10010,4,21.0,21.0
740,2007-07-03,21.0,21.0,21.0,21.0,45507794,68536,20,21.0,21.0
741,2007-07-04,21.0,21.0,21.0,21.0,42903610,64420,22,21.0,21.0
742,2007-07-07,21.0,21.0,21.0,21.0,22281020,33355,10,21.0,21.0
743,2007-07-08,21.0,21.0,21.0,21.0,9918464,14826,8,21.0,21.0
744,2007-07-09,21.0,21.0,21.0,21.0,25185054,37646,16,21.0,21.0
745,2007-07-10,21.0,21.0,21.0,21.0,112753550,168289,45,21.0,21.0
746,2007-07-11,21.0,21.0,21.0,21.0,101555020,150452,28,21.0,21.0
747,2007-07-14,22.0,22.0,21.0,21.0,159611580,234723,49,21.0,21.0
748,2007-07-15,22.0,22.0,22.0,22.0,989911353,1440919,327,21.0,22.0
749,2008-09-24,13.0,20.0,11.0,12.0,1043383183,2741883,487,22.0,12.0
750,2008-09-27,12.0,12.0,12.0,12.0,33024161,84461,19,12.0,12.0
751,2008-09-28,12.0,12.0,12.0,12.0,4425856,11262,4,12.0,12.0
752,2008-09-29,12.0,12.0,12.0,12.0,161330420,410510,45,12.0,12.0
753,2008-09-30,13.0,13.0,13.0,13.0,174695261,433487,71,12.0,13.0
754,2008-10-04,13.0,13.0,13.0,13.0,179335195,432133,70,13.0,13.0
755,2008-10-05,14.0,14.0,14.0,14.0,173588300,406530,91,13.0,14.0
756,2008-10-06,14.0,14.0,14.0,14.0,189216000,432000,74,14.0,14.0
757,2008-10-07,14.0,14.0,14.0,14.0,195190094,432794,73,14.0,14.0
758,2008-10-08,15.0,15.0,15.0,15.0,200448000,432000,75,14.0,15.0
759,2008-10-11,15.0,15.0,14.0,15.0,3198445178,6737801,1240,15.0,15.0
760,2008-10-12,15.0,15.0,15.0,15.0,29732220,64635,18,15.0,15.0
761,2008-10-15,15.0,15.0,15.0,15.0,7213630,15750,7,15.0,15.0
762,2008-10-18,15.0,15.0,15.0,15.0,1700180,3720,2,15.0,15.0
763,2008-10-20,15.0,15.0,15.0,15.0,5971759,13067,4,15.0,15.0
764,2008-10-21,15.0,15.0,15.0,15.0,2979323,6519,3,15.0,15.0
765,2008-10-22,15.0,15.0,15.0,15.0,1496358,3274,2,15.0,15.0
766,2008-10-27,15.0,15.0,15.0,15.0,23768690,52010,12,15.0,15.0
767,2008-10-29,14.0,14.0,14.0,14.0,11658010,25622,7,15.0,14.0
768,2008-11-01,14.0,14.0,14.0,14.0,4574700,10350,2,14.0,14.0
769,2008-11-03,14.0,14.0,14.0,14.0,42900,100,1,14.0,14.0
770,2008-11-04,13.0,14.0,13.0,14.0,45990,110,2,14.0,14.0
771,2008-11-05,13.0,13.0,13.0,13.0,4211700,10100,3,14.0,13.0
772,2008-11-08,13.0,13.0,13.0,13.0,405000,1000,1,13.0,13.0
773,2008-11-09,12.0,13.0,12.0,13.0,1998692780,5066650,897,13.0,13.0
774,2008-11-10,13.0,13.0,13.0,13.0,580425323,1435190,232,13.0,13.0
775,2008-11-11,13.0,13.0,12.0,13.0,386762729,959413,213,13.0,13.0
776,2008-11-12,12.0,13.0,12.0,12.0,817363224,2090264,397,13.0,12.0
777,2008-11-15,13.0,13.0,12.0,12.0,151939198,394834,89,12.0,12.0
778,2008-11-16,12.0,13.0,12.0,12.0,178389273,465600,91,12.0,12.0
779,2008-11-17,12.0,12.0,12.0,12.0,351515223,938936,164,12.0,12.0
780,2008-11-18,12.0,12.0,12.0,12.0,60155216,165342,36,12.0,12.0
781,2008-11-19,11.0,12.0,11.0,12.0,60650966,168944,38,12.0,12.0
782,2008-11-22,11.0,11.0,11.0,11.0,88104700,247485,54,12.0,11.0
783,2008-11-23,11.0,12.0,11.0,11.0,753831671,2127318,283,11.0,11.0
784,2008-11-24,12.0,12.0,11.0,11.0,89898670,246980,43,11.0,11.0
785,2008-11-25,12.0,12.0,11.0,11.0,589992064,1641423,226,11.0,11.0
786,2008-11-26,11.0,11.0,11.0,11.0,251999517,720950,133,11.0,11.0
787,2008-11-29,11.0,11.0,11.0,11.0,12163071,35879,8,11.0,11.0
788,2008-11-30,11.0,11.0,11.0,11.0,4480290,13255,4,11.0,11.0
789,2008-12-01,11.0,11.0,11.0,11.0,10819470,32010,8,11.0,11.0
790,2008-12-02,11.0,11.0,11.0,11.0,5598681,16613,6,11.0,11.0
791,2008-12-03,11.0,11.0,11.0,11.0,4766965,14145,7,11.0,11.0
792,2008-12-06,11.0,11.0,11.0,11.0,6740,20,1,11.0,11.0
793,2008-12-16,11.0,11.0,11.0,11.0,1011000,3000,1,11.0,11.0
794,2008-12-20,10.0,10.0,10.0,11.0,9810000,30000,3,11.0,10.0
795,2008-12-22,10.0,10.0,10.0,10.0,82561782,253257,50,11.0,10.0
796,2008-12-23,10.0,11.0,10.0,10.0,978104135,3075416,613,10.0,10.0
797,2008-12-24,10.0,10.0,10.0,10.0,126670401,387463,79,10.0,10.0
798,2008-12-27,11.0,11.0,10.0,10.0,79693843,243779,46,10.0,10.0
799,2008-12-28,10.0,10.0,10.0,10.0,72603764,228298,58,10.0,10.0
800,2008-12-29,10.0,10.0,10.0,10.0,25040000,80000,18,10.0,10.0
801,2008-12-30,10.0,10.0,10.0,10.0,18660000,60000,6,10.0,10.0
802,2008-12-31,10.0,10.0,10.0,10.0,36519860,117806,25,10.0,10.0
803,2009-01-10,10.0,10.0,10.0,10.0,215660676,700197,92,10.0,10.0
804,2009-01-11,10.0,10.0,9.0,10.0,67751780,226220,32,10.0,9.0
805,2009-01-12,9.0,9.0,9.0,9.0,126937910,430298,86,10.0,9.0
806,2009-01-13,9.0,10.0,9.0,9.0,15159200,51239,18,9.0,10.0
807,2009-01-14,9.0,10.0,9.0,9.0,16580850,55630,7,9.0,10.0
808,2009-01-17,10.0,10.0,10.0,9.0,29367366,96922,17,9.0,10.0
809,2009-01-18,10.0,10.0,10.0,9.0,30500000,100000,17,9.0,10.0
810,2009-01-19,10.0,10.0,10.0,10.0,30700000,100000,10,9.0,10.0
811,2009-01-20,10.0,10.0,10.0,10.0,31819640,102644,21,10.0,10.0
812,2009-01-21,10.0,10.0,10.0,10.0,19548360,62655,25,10.0,10.0
813,2009-01-24,10.0,10.0,10.0,10.0,246557366,790354,152,10.0,10.0
814,2009-01-25,10.0,10.0,10.0,10.0,109173574,348624,74,10.0,10.0
815,2009-01-26,10.0,10.0,10.0,10.0,18487785,59097,22,10.0,10.0
816,2009-01-27,10.0,10.0,10.0,10.0,53425232,175708,32,10.0,10.0
817,2009-01-28,10.0,10.0,10.0,10.0,4493300,14961,4,10.0,10.0
818,2009-01-31,10.0,10.0,10.0,10.0,21076500,70055,13,10.0,10.0
819,2009-02-01,10.0,10.0,9.0,10.0,6135831,20460,5,10.0,9.0
820,2009-02-02,9.0,10.0,9.0,10.0,22961547,76778,11,10.0,9.0
821,2009-02-03,9.0,10.0,9.0,10.0,7747307,25616,6,10.0,10.0
822,2009-02-04,10.0,10.0,10.0,10.0,18195000,59950,12,10.0,10.0
823,2009-02-07,9.0,10.0,9.0,10.0,29668666,99506,19,10.0,10.0
824,2009-02-08,9.0,9.0,9.0,10.0,15930000,54000,10,10.0,9.0
825,2009-02-09,9.0,10.0,9.0,10.0,65485455,210247,45,10.0,10.0
826,2009-02-11,10.0,10.0,10.0,10.0,49533336,158466,19,10.0,10.0
827,2009-02-14,10.0,10.0,10.0,10.0,73657570,234237,37,10.0,10.0
828,2009-02-15,10.0,10.0,10.0,10.0,57476070,189690,22,10.0,10.0
829,2009-02-17,9.0,10.0,9.0,10.0,100146900,334923,53,10.0,9.0
830,2009-02-18,9.0,9.0,9.0,10.0,1886045,6391,6,10.0,9.0
831,2009-02-21,9.0,9.0,9.0,9.0,46864676,160153,26,10.0,9.0
832,2009-02-22,9.0,9.0,9.0,9.0,99778400,343960,51,9.0,9.0
833,2009-02-23,9.0,9.0,9.0,9.0,91736508,322819,44,9.0,9.0
834,2009-02-25,9.0,9.0,9.0,9.0,8258174,29681,8,9.0,9.0
835,2009-02-28,9.0,9.0,9.0,9.0,5130000,18000,3,9.0,9.0
836,2009-03-01,9.0,9.0,9.0,9.0,10956101,38619,8,9.0,9.0
837,2009-03-02,9.0,9.0,9.0,9.0,5860000,20000,4,9.0,9.0
838,2009-03-03,9.0,9.0,9.0,9.0,16717625,57125,15,9.0,9.0
839,2009-03-04,9.0,9.0,9.0,9.0,111052032,377728,77,9.0,9.0
840,2009-03-07,9.0,10.0,9.0,9.0,696180,2362,2,9.0,10.0
841,2009-03-08,10.0,10.0,9.0,9.0,60742000,202000,44,9.0,10.0
842,2009-03-09,9.0,10.0,9.0,9.0,51195647,170322,34,9.0,10.0
843,2009-03-10,10.0,10.0,9.0,10.0,65085261,215866,61,9.0,10.0
844,2009-03-11,9.0,9.0,9.0,9.0,78689474,269652,44,10.0,9.0
845,2009-03-14,9.0,9.0,9.0,9.0,34344608,119584,25,9.0,9.0
846,2009-03-16,9.0,10.0,9.0,9.0,102503517,343927,68,9.0,10.0
847,2009-03-17,10.0,10.0,10.0,10.0,104063243,341625,72,9.0,10.0
848,2009-03-18,10.0,10.0,9.0,10.0,59573287,197728,30,10.0,10.0
849,2009-03-28,10.0,10.0,10.0,10.0,33014090,106239,14,10.0,10.0
850,2009-03-29,10.0,10.0,10.0,10.0,31300000,100000,20,10.0,10.0
851,2009-04-13,14.0,16.0,13.0,15.0,1840605442,3921272,633,10.0,16.0
852,2009-04-14,15.0,15.0,15.0,15.0,1449082164,3000667,490,15.0,15.0
853,2009-04-15,16.0,16.0,15.0,16.0,1091263597,2197087,381,15.0,16.0
854,2009-04-18,16.0,16.0,16.0,16.0,2412070155,4721709,732,16.0,16.0
855,2009-04-19,17.0,17.0,17.0,17.0,223866652,425602,48,16.0,17.0
856,2009-04-20,17.0,17.0,17.0,17.0,541000,1000,1,17.0,17.0
857,2009-04-21,17.0,17.0,17.0,17.0,216400000,400000,80,17.0,17.0
858,2009-04-22,18.0,18.0,18.0,17.0,111200556,200001,41,17.0,18.0
859,2009-04-25,18.0,18.0,18.0,18.0,173235100,307700,38,17.0,18.0
860,2009-04-26,18.0,18.0,18.0,18.0,239229424,416776,65,18.0,18.0
861,2009-04-27,19.0,19.0,19.0,18.0,59000,100,1,18.0,19.0
862,2009-04-28,19.0,19.0,19.0,18.0,9942680,16852,4,18.0,19.0
863,2009-04-29,19.0,19.0,19.0,18.0,11820000,20000,2,18.0,19.0
864,2009-05-02,19.0,19.0,19.0,18.0,34840976,58853,12,18.0,19.0
865,2009-05-03,19.0,19.0,19.0,18.0,12325500,20750,3,18.0,19.0
866,2009-05-04,19.0,19.0,19.0,18.0,3807405,6399,1,18.0,19.0
867,2009-05-05,19.0,19.0,19.0,18.0,12952555,21769,6,18.0,19.0
868,2009-05-06,19.0,19.0,19.0,18.0,14765304,24774,5,18.0,19.0
869,2009-05-09,19.0,19.0,19.0,18.0,4776,8,1,18.0,19.0
870,2009-05-10,19.0,19.0,19.0,19.0,52325259,87647,22,18.0,19.0
871,2009-05-11,19.0,19.0,19.0,19.0,46314000,77190,17,19.0,19.0
872,2009-05-12,19.0,19.0,19.0,19.0,120600000,200000,26,19.0,19.0
873,2009-05-13,19.0,19.0,19.0,19.0,12490673,20443,3,19.0,19.0
874,2009-05-16,19.0,19.0,19.0,19.0,7325640,11970,3,19.0,19.0
875,2009-05-17,19.0,19.0,19.0,19.0,14294484,23357,6,19.0,19.0
876,2009-05-19,19.0,19.0,19.0,19.0,6130000,10000,1,19.0,19.0
877,2009-05-20,19.0,19.0,19.0,19.0,10371347,16919,2,19.0,19.0
878,2009-05-23,20.0,20.0,20.0,19.0,37312166,60769,10,19.0,20.0
879,2009-05-25,20.0,20.0,20.0,19.0,401632,652,2,19.0,20.0
880,2009-05-26,20.0,20.0,20.0,19.0,70716800,114800,29,19.0,20.0
881,2009-05-27,20.0,20.0,20.0,19.0,12440000,20000,2,19.0,20.0
882,2009-05-30,20.0,20.0,20.0,19.0,9624727,15449,5,19.0,20.0
883,2009-05-31,20.0,20.0,20.0,19.0,4372992,7008,3,19.0,20.0
884,2009-06-01,20.0,20.0,20.0,19.0,1373424,2201,1,19.0,20.0
885,2009-06-02,20.0,20.0,20.0,19.0,5949840,9535,2,19.0,20.0
886,2009-06-03,20.0,20.0,20.0,19.0,4199520,6730,3,19.0,20.0
887,2009-06-06,20.0,20.0,20.0,19.0,28704,46,1,19.0,20.0
888,2009-06-07,20.0,20.0,20.0,20.0,13765440,22060,4,19.0,20.0
889,2009-06-08,20.0,20.0,20.0,20.0,32100,50,1,20.0,20.0
890,2009-06-09,21.0,21.0,21.0,21.0,33050,50,1,20.0,21.0
891,2009-06-10,22.0,22.0,22.0,22.0,34000,50,1,21.0,22.0
892,2009-06-13,22.0,22.0,22.0,22.0,1652664300,2360949,422,22.0,22.0
893,2009-06-14,23.0,23.0,23.0,23.0,3367995764,4671284,886,22.0,23.0
894,2009-06-15,22.0,23.0,22.0,22.0,4326914957,6115940,1173,23.0,22.0
895,2009-06-16,22.0,22.0,22.0,22.0,54880000,80000,17,22.0,22.0
896,2009-06-17,22.0,23.0,22.0,23.0,4297321815,6006598,1252,22.0,23.0
897,2009-06-20,23.0,23.0,23.0,23.0,797093888,1083008,225,23.0,23.0
898,2009-06-21,24.0,24.0,23.0,24.0,5215522586,6882532,1485,23.0,24.0
899,2009-06-22,25.0,25.0,25.0,24.0,6734520,8634,2,24.0,25.0
900,2009-06-23,25.0,25.0,25.0,25.0,234156000,300200,62,24.0,25.0
901,2009-06-24,25.0,25.0,25.0,25.0,7960000,10000,1,25.0,25.0
902,2009-06-27,25.0,25.0,25.0,25.0,19824578,24874,11,25.0,25.0
903,2009-06-28,25.0,25.0,25.0,25.0,40960542,51329,11,25.0,25.0
904,2009-06-29,25.0,25.0,25.0,25.0,85698990,106990,22,25.0,25.0
905,2009-06-30,26.0,26.0,26.0,25.0,58656795,72685,15,25.0,26.0
906,2009-07-01,26.0,26.0,26.0,25.0,31824451,39241,10,25.0,26.0
907,2009-07-04,26.0,26.0,26.0,25.0,9756000,12000,5,25.0,26.0
908,2009-07-05,26.0,26.0,26.0,25.0,22205920,27280,9,25.0,26.0
909,2009-07-07,26.0,26.0,26.0,25.0,34866515,42781,9,25.0,26.0
910,2009-07-11,26.0,26.0,26.0,25.0,62825666,76898,18,25.0,26.0
911,2009-07-12,26.0,26.0,26.0,25.0,59263885,72185,22,25.0,26.0
912,2009-07-13,26.0,26.0,26.0,26.0,90807136,109936,32,25.0,26.0
913,2009-07-14,26.0,26.0,26.0,26.0,32928896,39578,12,26.0,26.0
914,2009-07-15,26.0,26.0,26.0,26.0,840616956,1007934,228,26.0,26.0
915,2009-07-26,35.0,37.0,32.0,35.0,11629686120,10504686,1929,26.0,36.0
916,2009-07-27,36.0,36.0,34.0,36.0,8446770725,7428041,1434,35.0,35.0
917,2009-07-28,35.0,35.0,35.0,35.0,739983949,670883,131,36.0,35.0
918,2009-07-29,34.0,36.0,34.0,35.0,7841276688,7187996,1094,35.0,36.0
919,2009-08-01,36.0,36.0,36.0,36.0,443948852,395324,88,35.0,36.0
920,2009-08-02,37.0,37.0,35.0,35.0,3222339117,2897955,478,36.0,35.0
921,2009-08-03,34.0,35.0,34.0,34.0,1955365680,1811549,401,35.0,34.0
922,2009-08-04,35.0,35.0,34.0,34.0,947877652,879530,130,34.0,34.0
923,2009-08-05,35.0,35.0,35.0,35.0,1494933095,1347969,273,34.0,35.0
924,2009-08-08,36.0,36.0,36.0,36.0,4094260913,3585169,644,35.0,36.0
925,2009-08-09,37.0,37.0,37.0,37.0,3742534475,3186645,615,36.0,37.0
926,2009-08-10,38.0,38.0,36.0,38.0,7114309856,5928841,1101,37.0,36.0
927,2009-08-11,37.0,38.0,37.0,37.0,2452161966,2094719,394,38.0,37.0
928,2009-08-12,38.0,38.0,37.0,38.0,3801571948,3162930,640,37.0,38.0
929,2009-08-15,39.0,39.0,39.0,39.0,795138432,642700,129,38.0,39.0
930,2009-08-16,40.0,40.0,40.0,40.0,19320235559,15166570,2825,39.0,40.0
931,2009-08-17,42.0,42.0,40.0,41.0,8771062041,6769014,1350,40.0,40.0
932,2009-08-18,40.0,41.0,40.0,40.0,1179384412,936121,201,41.0,40.0
933,2009-08-19,39.0,41.0,39.0,39.0,5848943498,4752505,841,40.0,39.0
934,2009-08-22,40.0,40.0,40.0,40.0,3911821894,3087772,1253,39.0,40.0
935,2009-08-23,41.0,41.0,40.0,41.0,4700928998,3612029,765,40.0,41.0
936,2009-08-24,43.0,43.0,42.0,43.0,3846131164,2871635,582,41.0,43.0
937,2009-08-25,44.0,44.0,44.0,43.0,183755887,133253,29,43.0,44.0
938,2009-08-26,44.0,44.0,44.0,44.0,480060529,345119,73,43.0,44.0
939,2009-08-29,45.0,45.0,43.0,45.0,16654871251,11788179,2411,44.0,45.0
940,2009-08-30,44.0,44.0,44.0,44.0,292363287,213218,53,45.0,44.0
941,2009-08-31,43.0,45.0,43.0,44.0,5946463126,4330328,924,44.0,44.0
942,2009-09-01,44.0,45.0,44.0,45.0,4916261586,3478264,751,44.0,45.0
943,2009-09-02,46.0,46.0,44.0,45.0,1727692012,1214285,256,45.0,45.0
944,2009-09-05,45.0,45.0,44.0,44.0,735086240,531204,111,45.0,44.0
945,2009-09-06,43.0,44.0,43.0,43.0,679648134,504218,79,44.0,43.0
946,2009-09-07,42.0,42.0,42.0,42.0,159576000,122000,19,43.0,42.0
947,2009-09-08,41.0,44.0,41.0,43.0,6747305051,4959577,986,42.0,44.0
948,2009-09-09,44.0,44.0,44.0,44.0,5011613600,3579724,687,43.0,44.0
949,2009-09-13,44.0,45.0,43.0,44.0,4555537423,3284803,666,44.0,44.0
950,2009-09-14,43.0,45.0,43.0,44.0,9829931135,7146720,1457,44.0,44.0
951,2009-09-15,43.0,45.0,42.0,44.0,4105530550,2938739,719,44.0,45.0
952,2009-09-16,45.0,46.0,45.0,46.0,1957451115,1362528,571,44.0,46.0
953,2009-09-19,47.0,47.0,44.0,47.0,1138889211,775774,180,46.0,46.0
954,2009-09-21,47.0,47.0,45.0,46.0,931415438,640474,149,47.0,47.0
955,2009-09-22,47.0,48.0,47.0,48.0,4663004795,3115835,669,46.0,48.0
956,2009-09-23,49.0,49.0,49.0,49.0,1231473842,799190,181,48.0,49.0
957,2009-09-26,49.0,49.0,47.0,49.0,1922227660,1259213,232,49.0,48.0
958,2009-09-27,48.0,48.0,47.0,47.0,1805515445,1216701,264,49.0,47.0
959,2009-09-28,46.0,47.0,46.0,46.0,407103136,281667,54,47.0,46.0
960,2009-09-29,45.0,48.0,45.0,46.0,3863479665,2669041,624,46.0,47.0
961,2009-09-30,47.0,47.0,45.0,47.0,4294306863,2924755,531,46.0,46.0
962,2009-10-03,48.0,48.0,48.0,48.0,5614853309,3715133,774,47.0,48.0
963,2009-10-04,49.0,49.0,47.0,48.0,3058606289,2027706,460,48.0,47.0
964,2009-10-05,46.0,49.0,46.0,48.0,4066910899,2714562,525,48.0,47.0
965,2009-10-06,48.0,49.0,47.0,48.0,2893073014,1928450,427,48.0,47.0
966,2009-10-07,47.0,47.0,46.0,46.0,4159263002,2853620,642,48.0,46.0
967,2009-10-10,46.0,46.0,45.0,45.0,1987347970,1399859,295,46.0,45.0
968,2009-10-11,44.0,44.0,44.0,44.0,1640930743,1189596,256,45.0,44.0
969,2009-10-12,42.0,43.0,42.0,43.0,283068942,211559,60,44.0,42.0
970,2009-10-13,42.0,43.0,42.0,42.0,4318750136,3248524,761,43.0,43.0
971,2009-10-17,43.0,43.0,43.0,43.0,1928642320,1414776,318,42.0,43.0
972,2009-10-18,44.0,44.0,42.0,42.0,859956732,645026,161,43.0,42.0
973,2009-10-19,43.0,43.0,41.0,41.0,1692902217,1296149,269,42.0,41.0
974,2009-10-20,41.0,43.0,41.0,42.0,2742389212,2049735,445,41.0,43.0
975,2009-10-21,44.0,44.0,41.0,43.0,1258493498,939061,206,42.0,42.0
976,2009-10-24,42.0,44.0,41.0,42.0,2015804342,1522827,337,43.0,41.0
977,2009-10-25,42.0,42.0,41.0,41.0,2687354973,2072670,443,42.0,41.0
978,2009-10-26,41.0,41.0,40.0,40.0,663020582,524110,101,41.0,40.0
979,2009-10-27,39.0,40.0,39.0,39.0,2266621826,1841464,392,40.0,39.0
980,2009-10-28,38.0,38.0,38.0,38.0,1509572690,1262942,210,39.0,38.0
981,2009-10-31,37.0,37.0,37.0,38.0,109238360,94171,23,38.0,37.0
982,2009-11-01,37.0,37.0,37.0,37.0,154325376,133963,30,38.0,37.0
983,2009-11-02,36.0,38.0,36.0,37.0,2878272145,2463169,500,37.0,36.0
984,2009-11-03,38.0,38.0,36.0,37.0,1575130213,1366863,180,37.0,36.0
985,2009-11-04,37.0,38.0,37.0,38.0,717434989,606082,89,37.0,38.0
986,2009-11-07,39.0,39.0,39.0,39.0,404721625,330385,34,38.0,39.0
987,2009-11-08,40.0,40.0,38.0,39.0,3208591871,2591253,244,39.0,38.0
988,2009-11-09,40.0,40.0,38.0,38.0,1061244826,882823,69,39.0,38.0
989,2009-11-10,37.0,37.0,37.0,37.0,767323381,661127,75,38.0,37.0
990,2009-11-11,37.0,38.0,37.0,38.0,693656290,584960,62,37.0,38.0
991,2009-11-14,37.0,38.0,36.0,37.0,682674140,587510,92,38.0,37.0
992,2009-11-15,37.0,37.0,36.0,36.0,866535931,770423,95,37.0,36.0
993,2009-11-16,36.0,36.0,34.0,35.0,1367348218,1255890,127,36.0,34.0
994,2009-11-17,35.0,35.0,34.0,34.0,563591999,526196,67,35.0,34.0
995,2009-11-18,34.0,34.0,33.0,33.0,934637457,889924,116,34.0,33.0
996,2009-11-21,33.0,33.0,32.0,33.0,255347288,249592,21,33.0,32.0
997,2009-11-22,32.0,32.0,32.0,33.0,112743062,112969,6,33.0,32.0
998,2009-11-23,31.0,31.0,31.0,32.0,110334510,111449,16,33.0,31.0
999,2009-11-24,31.0,33.0,31.0,32.0,2902544668,2877940,266,32.0,33.0
1000,2009-11-25,33.0,33.0,32.0,33.0,1024108267,986076,74,32.0,33.0
1001,2009-11-29,32.0,32.0,32.0,32.0,864294836,861454,79,33.0,32.0
1002,2009-11-30,32.0,32.0,31.0,31.0,1039439956,1067130,89,32.0,31.0
1003,2009-12-01,31.0,32.0,31.0,31.0,531120044,536859,71,31.0,31.0
1004,2009-12-02,32.0,32.0,32.0,32.0,920837534,903112,74,31.0,32.0
1005,2009-12-05,34.0,34.0,33.0,33.0,119231245,114042,22,32.0,33.0
1006,2009-12-07,33.0,34.0,33.0,33.0,365340448,347860,45,33.0,33.0
1007,2009-12-08,34.0,34.0,32.0,33.0,104054661,100064,18,33.0,33.0
1008,2009-12-09,32.0,33.0,32.0,32.0,758924946,750171,88,33.0,33.0
1009,2009-12-12,31.0,31.0,31.0,32.0,164258298,168074,16,32.0,31.0
1010,2009-12-13,31.0,33.0,31.0,32.0,2029472382,2029028,332,32.0,31.0
1011,2009-12-14,31.0,31.0,31.0,31.0,428375372,442000,39,32.0,31.0
1012,2009-12-15,30.0,30.0,30.0,30.0,211984084,226369,32,31.0,30.0
1013,2009-12-16,29.0,29.0,29.0,30.0,2100834,2286,2,30.0,29.0
1014,2009-12-19,29.0,29.0,29.0,29.0,720735809,784247,91,30.0,29.0
1015,2009-12-20,30.0,30.0,30.0,30.0,1378383297,1451091,84,29.0,30.0
1016,2009-12-21,31.0,31.0,30.0,31.0,441879341,454988,41,30.0,30.0
1017,2009-12-22,30.0,30.0,30.0,31.0,48006840,51180,5,31.0,30.0
1018,2009-12-23,30.0,31.0,30.0,30.0,165361810,177035,23,31.0,30.0
1019,2009-12-28,29.0,29.0,29.0,30.0,52243725,56725,5,30.0,29.0
1020,2009-12-30,29.0,29.0,29.0,30.0,12359326,13478,6,30.0,29.0
1021,2010-01-02,29.0,31.0,29.0,30.0,724535530,768753,72,30.0,30.0
1022,2010-01-03,30.0,30.0,29.0,29.0,401443295,439340,56,30.0,29.0
1023,2010-01-04,28.0,28.0,28.0,29.0,196465490,222430,24,29.0,28.0
1024,2010-01-05,28.0,29.0,28.0,28.0,400459082,461000,38,29.0,28.0
1025,2010-01-06,27.0,29.0,27.0,28.0,1376503138,1538146,113,28.0,29.0
1026,2010-01-09,29.0,29.0,29.0,28.0,25000148,26998,6,28.0,29.0
1027,2010-01-10,29.0,29.0,29.0,29.0,1287245792,1394633,101,28.0,29.0
1028,2010-01-11,28.0,30.0,28.0,30.0,336831501,359023,50,29.0,30.0
1029,2010-01-12,30.0,30.0,29.0,29.0,177431642,195404,27,30.0,29.0
1030,2010-01-13,29.0,29.0,28.0,28.0,653683923,732521,75,29.0,28.0
1031,2010-01-16,27.0,28.0,27.0,28.0,86000438,98377,14,28.0,28.0
1032,2010-01-17,28.0,28.0,27.0,28.0,309513241,358528,64,28.0,27.0
1033,2010-01-18,27.0,28.0,27.0,27.0,551215760,639504,62,28.0,27.0
1034,2010-01-19,27.0,28.0,27.0,27.0,122833644,142052,20,27.0,28.0
1035,2010-01-20,28.0,28.0,27.0,27.0,227222069,262836,28,27.0,28.0
1036,2010-01-23,28.0,28.0,28.0,28.0,370675644,414626,32,27.0,28.0
1037,2010-01-24,29.0,29.0,29.0,29.0,184800000,200000,18,28.0,29.0
1038,2010-01-25,30.0,30.0,29.0,30.0,1844756766,1967037,167,29.0,30.0
1039,2010-01-26,30.0,31.0,30.0,30.0,725019186,762230,86,30.0,30.0
1040,2010-01-27,29.0,30.0,29.0,29.0,2452384877,2655849,196,30.0,29.0
1041,2010-01-30,29.0,29.0,28.0,29.0,141284152,157848,21,29.0,28.0
1042,2010-01-31,28.0,28.0,28.0,29.0,85576966,96815,18,29.0,28.0
1043,2010-02-01,28.0,29.0,28.0,28.0,853566536,974290,60,29.0,28.0
1044,2010-02-02,29.0,29.0,28.0,29.0,309938138,342986,49,28.0,28.0
1045,2010-02-03,30.0,30.0,30.0,30.0,1316217419,1416811,99,29.0,30.0
1046,2010-02-06,31.0,31.0,30.0,31.0,4563642833,4748944,159,30.0,31.0
1047,2010-02-07,32.0,32.0,32.0,32.0,1117744054,1124491,55,31.0,32.0
1048,2010-02-08,31.0,33.0,31.0,32.0,6879555256,6887418,466,32.0,32.0
1049,2010-02-09,32.0,33.0,32.0,33.0,3426294823,3326933,256,32.0,33.0
1050,2010-02-10,34.0,34.0,34.0,34.0,2028567887,1903282,123,33.0,34.0
1051,2010-02-14,35.0,35.0,35.0,35.0,355582934,322378,19,34.0,35.0
1052,2010-02-16,36.0,36.0,36.0,36.0,361813236,319623,17,35.0,36.0
1053,2010-02-17,37.0,37.0,36.0,37.0,15282941036,13183517,830,36.0,37.0
1054,2010-02-20,37.0,38.0,37.0,38.0,4789562888,3997612,457,37.0,38.0
1055,2010-02-21,39.0,39.0,39.0,39.0,6016570579,4856414,305,38.0,39.0
1056,2010-02-22,39.0,40.0,38.0,38.0,3734163456,3102321,241,39.0,38.0
1057,2010-03-09,37.0,37.0,34.0,35.0,8671524981,7770361,566,38.0,34.0
1058,2010-03-10,35.0,35.0,34.0,34.0,5127039434,4751270,338,35.0,34.0
1059,2010-03-13,34.0,35.0,34.0,35.0,5032601883,4580570,431,34.0,35.0
1060,2010-03-14,35.0,36.0,34.0,35.0,1496780719,1374085,194,35.0,34.0
1061,2010-03-15,35.0,36.0,34.0,35.0,2002909603,1830533,162,35.0,34.0
1062,2010-03-16,34.0,34.0,34.0,34.0,1036125887,979307,93,35.0,34.0
1063,2010-03-17,33.0,34.0,33.0,34.0,566463478,526929,65,34.0,34.0
1064,2010-03-27,35.0,35.0,35.0,35.0,277442888,249499,22,34.0,35.0
1065,2010-03-28,36.0,36.0,36.0,36.0,767676042,676963,27,35.0,36.0
1066,2010-03-29,37.0,37.0,36.0,37.0,1882943957,1622115,132,36.0,36.0
1067,2010-03-30,36.0,37.0,36.0,36.0,1719355001,1513811,146,37.0,36.0
1068,2010-03-31,37.0,37.0,36.0,36.0,2680399161,2343724,171,36.0,37.0
1069,2010-04-03,36.0,38.0,36.0,38.0,3124331522,2642642,189,36.0,38.0
1070,2010-04-04,39.0,39.0,38.0,39.0,9637778721,7911785,497,38.0,39.0
1071,2010-04-05,40.0,40.0,40.0,40.0,4564125720,3622322,184,39.0,40.0
1072,2010-04-06,41.0,41.0,41.0,41.0,372981816,286029,33,40.0,41.0
1073,2010-04-07,42.0,42.0,42.0,42.0,544293344,408016,26,41.0,42.0
1074,2010-04-10,44.0,44.0,42.0,44.0,13860293209,10109395,610,42.0,43.0
1075,2010-04-11,42.0,44.0,42.0,42.0,5287419894,3963960,342,44.0,42.0
1076,2010-04-12,42.0,44.0,41.0,43.0,11818834082,8750300,756,42.0,44.0
1077,2010-04-13,44.0,44.0,43.0,44.0,14214356595,10184934,594,43.0,43.0
1078,2010-04-14,43.0,43.0,43.0,44.0,190295812,141169,9,44.0,43.0
1079,2010-04-17,42.0,42.0,42.0,44.0,19980000,15000,2,44.0,42.0
1080,2010-04-18,42.0,44.0,42.0,42.0,11408976281,8573728,584,44.0,42.0
1081,2010-04-19,42.0,43.0,41.0,42.0,6493065129,4912698,365,42.0,43.0
1082,2010-04-20,42.0,43.0,41.0,42.0,3549493687,2657704,270,42.0,41.0
1083,2010-04-21,41.0,42.0,41.0,41.0,2700743592,2067651,188,42.0,41.0
1084,2010-04-24,41.0,43.0,41.0,43.0,1870582407,1386459,100,41.0,43.0
1085,2010-04-25,44.0,44.0,42.0,44.0,8378499105,6042542,402,43.0,44.0
1086,2010-04-26,44.0,46.0,44.0,45.0,4794085074,3370507,288,44.0,44.0
1087,2010-04-27,45.0,45.0,44.0,45.0,3234871869,2308656,222,45.0,45.0
1088,2010-04-28,45.0,46.0,45.0,46.0,1591484200,1100022,84,45.0,46.0
1089,2010-05-01,48.0,48.0,48.0,48.0,714500136,477288,43,46.0,48.0
1090,2010-05-02,49.0,49.0,49.0,49.0,663427406,428294,20,48.0,49.0
1091,2010-05-03,51.0,51.0,51.0,51.0,801500000,500000,27,49.0,51.0
1092,2010-05-04,53.0,53.0,53.0,53.0,46993305156,28326284,1306,51.0,53.0
1093,2010-05-05,51.0,53.0,51.0,51.0,20088402275,12454262,822,53.0,51.0
1094,2010-05-08,49.0,50.0,49.0,49.0,8818141322,5662146,339,51.0,49.0
1095,2010-05-09,49.0,51.0,48.0,51.0,9591199075,5988541,559,49.0,50.0
1096,2010-05-10,50.0,52.0,49.0,49.0,5414841508,3482920,326,51.0,49.0
1097,2010-05-11,48.0,48.0,48.0,48.0,892670424,594424,43,49.0,48.0
1098,2010-05-12,46.0,46.0,46.0,47.0,98600000,68000,5,48.0,46.0
1099,2010-06-15,57.0,58.0,55.0,56.0,38185038265,21501402,1500,47.0,58.0
1100,2010-06-16,58.0,58.0,57.0,58.0,14680121184,8037894,798,56.0,58.0
1101,2010-06-19,60.0,60.0,56.0,57.0,23342492284,12918688,771,58.0,56.0
1102,2010-06-20,55.0,55.0,55.0,57.0,18442800,10575,4,57.0,55.0
1103,2010-06-21,55.0,55.0,55.0,55.0,1219400000,700000,34,57.0,55.0
1104,2010-06-22,53.0,55.0,53.0,54.0,25750651262,15264269,1060,55.0,54.0
1105,2010-06-23,54.0,55.0,53.0,54.0,2790129642,1641793,155,54.0,54.0
1106,2010-06-27,53.0,53.0,52.0,52.0,3211162580,1955681,196,54.0,52.0
1107,2010-06-28,54.0,54.0,53.0,54.0,3260347975,1932552,140,52.0,53.0
1108,2010-06-29,53.0,53.0,51.0,52.0,11083965935,6795883,458,54.0,53.0
1109,2010-06-30,53.0,54.0,51.0,53.0,4077077515,2437411,255,52.0,53.0
1110,2010-07-03,54.0,55.0,53.0,53.0,4233835903,2515322,291,53.0,53.0
1111,2010-07-04,53.0,54.0,51.0,53.0,5414068838,3258072,245,53.0,52.0
1112,2010-07-05,51.0,53.0,51.0,53.0,9877257302,5964683,506,53.0,51.0
1113,2010-08-04,53.0,55.0,52.0,53.0,12954311850,7692083,660,53.0,54.0
1114,2010-08-07,55.0,56.0,55.0,56.0,10171376273,5820163,588,53.0,56.0
1115,2010-08-08,56.0,56.0,53.0,54.0,4854644917,2854005,269,56.0,53.0
1116,2010-08-09,53.0,56.0,53.0,56.0,6743540616,3824567,278,54.0,56.0
1117,2010-08-10,58.0,58.0,58.0,58.0,635664237,346789,29,56.0,58.0
1118,2010-08-11,60.0,60.0,60.0,60.0,1494103683,790113,60,58.0,60.0
1119,2010-08-14,62.0,62.0,60.0,62.0,44720195458,22848717,1268,60.0,61.0
1120,2010-08-15,60.0,63.0,60.0,62.0,8553722286,4394657,495,62.0,62.0
1121,2010-08-16,62.0,64.0,62.0,64.0,91282911674,45132781,965,62.0,64.0
1122,2010-08-17,67.0,67.0,67.0,67.0,1046059539,497413,34,64.0,67.0
1123,2010-08-18,69.0,69.0,69.0,69.0,944784000,432000,32,67.0,69.0
1124,2010-08-21,72.0,72.0,70.0,72.0,73132401300,32203158,2078,69.0,72.0
1125,2010-08-22,73.0,75.0,70.0,73.0,23320098207,10132558,744,72.0,75.0
1126,2010-08-23,76.0,76.0,76.0,76.0,4291956018,1792797,93,73.0,76.0
1127,2010-08-24,79.0,79.0,75.0,79.0,54799606215,22048008,1277,76.0,79.0
1128,2010-08-25,82.0,82.0,81.0,82.0,41738429504,16155727,724,79.0,82.0
1129,2010-08-28,83.0,84.0,79.0,81.0,34468127858,13440383,1041,82.0,80.0
1130,2010-08-29,82.0,84.0,80.0,82.0,21543720229,8343305,681,81.0,81.0
1131,2010-08-30,79.0,80.0,79.0,79.0,48470224008,19539648,1048,82.0,79.0
1132,2010-08-31,79.0,81.0,78.0,80.0,16684310085,6643392,736,79.0,79.0
1133,2010-09-04,81.0,81.0,77.0,78.0,23680594487,9703708,743,80.0,77.0
1134,2010-09-05,77.0,79.0,74.0,76.0,14707337772,6177363,559,78.0,74.0
1135,2010-09-06,74.0,78.0,74.0,76.0,8251362218,3427522,389,76.0,75.0
1136,2010-09-07,77.0,77.0,73.0,74.0,6856983514,2959755,217,76.0,73.0
1137,2010-09-08,71.0,73.0,71.0,72.0,6882690926,3055197,336,74.0,72.0
1138,2010-09-12,71.0,71.0,69.0,69.0,9066404887,4160398,373,72.0,69.0
1139,2010-09-13,69.0,72.0,67.0,70.0,12936936815,5836473,518,69.0,68.0
1140,2010-09-14,70.0,70.0,68.0,68.0,3875906137,1808878,206,70.0,68.0
1141,2010-09-15,68.0,70.0,67.0,69.0,4705652919,2170454,231,68.0,70.0
1142,2010-09-18,70.0,72.0,70.0,72.0,1533060159,680787,85,69.0,72.0
1143,2010-09-19,74.0,74.0,70.0,73.0,9415690519,4082312,403,72.0,70.0
1144,2010-09-20,72.0,73.0,70.0,71.0,2544330991,1141726,124,73.0,70.0
1145,2010-09-21,68.0,72.0,68.0,70.0,7017972141,3179451,323,71.0,70.0
1146,2010-09-22,71.0,73.0,69.0,71.0,2920627844,1306545,165,70.0,69.0
1147,2010-09-25,71.0,71.0,68.0,68.0,3276521110,1523386,162,71.0,70.0
1148,2010-09-26,66.0,68.0,66.0,66.0,3490068000,1682232,182,68.0,66.0
1149,2010-09-27,65.0,65.0,63.0,64.0,3269569019,1630441,196,66.0,63.0
1150,2010-09-28,65.0,66.0,65.0,66.0,2892178381,1388144,103,64.0,66.0
1151,2010-09-29,69.0,69.0,67.0,69.0,1648424625,761872,78,66.0,69.0
1152,2010-10-02,71.0,71.0,68.0,70.0,3325098711,1499466,179,69.0,68.0
1153,2010-10-03,69.0,69.0,68.0,68.0,739125141,346984,33,70.0,68.0
1154,2010-10-05,66.0,70.0,65.0,67.0,4090188829,1950568,194,68.0,68.0
1155,2010-10-06,66.0,67.0,64.0,65.0,1717505989,838762,101,67.0,65.0
1156,2010-10-09,65.0,65.0,62.0,63.0,2117782937,1072291,111,65.0,62.0
1157,2010-10-10,60.0,62.0,60.0,60.0,1670937709,880451,100,63.0,60.0
1158,2010-10-11,58.0,62.0,58.0,58.0,3986900630,2168175,251,60.0,59.0
1159,2010-10-12,58.0,59.0,56.0,56.0,3430515744,1941654,136,58.0,56.0
1160,2010-10-13,54.0,54.0,54.0,56.0,100172213,59029,9,56.0,54.0
1161,2010-10-16,54.0,56.0,54.0,54.0,5488681872,3232438,280,56.0,54.0
1162,2010-10-17,55.0,56.0,54.0,56.0,9814123533,5568734,409,54.0,56.0
1163,2010-10-18,58.0,58.0,58.0,58.0,998236276,545017,50,56.0,58.0
1164,2010-10-19,60.0,60.0,56.0,57.0,3491367283,1938300,176,58.0,56.0
1165,2010-10-20,56.0,56.0,55.0,55.0,4129219330,2384095,178,57.0,55.0
1166,2010-10-23,56.0,57.0,54.0,56.0,2644074861,1502041,154,55.0,54.0
1167,2010-10-24,54.0,54.0,54.0,55.0,323699860,191194,32,56.0,54.0
1168,2010-10-25,53.0,53.0,53.0,55.0,10774907,6487,6,55.0,53.0
1169,2010-10-26,53.0,53.0,53.0,53.0,9602800263,5784100,400,55.0,53.0
1170,2010-10-31,53.0,55.0,52.0,53.0,3133504784,1876874,190,53.0,53.0
1171,2010-11-01,53.0,55.0,51.0,55.0,3750262827,2184263,188,53.0,55.0
1172,2010-11-02,56.0,57.0,56.0,57.0,5696962455,3192253,256,55.0,57.0
1173,2010-11-03,58.0,59.0,57.0,58.0,4990908590,2722697,381,57.0,59.0
1174,2010-11-06,61.0,61.0,61.0,61.0,832533897,436867,46,58.0,61.0
1175,2010-11-07,63.0,63.0,59.0,62.0,9392090703,4812598,385,61.0,59.0
1176,2010-11-08,60.0,60.0,60.0,60.0,1010796112,538883,37,62.0,60.0
1177,2010-11-09,59.0,62.0,58.0,62.0,7613039653,3926143,278,60.0,62.0
1178,2010-11-10,64.0,64.0,64.0,64.0,4854116582,2407855,165,62.0,64.0
1179,2010-11-13,65.0,65.0,61.0,63.0,4245418233,2144745,299,64.0,61.0
1180,2010-11-14,61.0,65.0,61.0,63.0,4045762425,2032635,196,63.0,61.0
1181,2010-11-15,64.0,64.0,61.0,62.0,3457592618,1776946,184,63.0,61.0
1182,2010-11-16,60.0,63.0,59.0,61.0,1990946106,1030168,144,62.0,62.0
1183,2010-11-20,63.0,64.0,61.0,61.0,1136610120,587085,80,61.0,61.0
1184,2010-11-21,60.0,61.0,59.0,60.0,1545435984,817664,101,61.0,59.0
1185,2010-11-22,60.0,61.0,59.0,60.0,1934065905,1030729,122,60.0,59.0
1186,2010-11-23,59.0,59.0,57.0,58.0,2229515073,1229577,143,60.0,58.0
1187,2010-11-24,57.0,58.0,56.0,57.0,1105986248,617036,80,58.0,58.0
1188,2010-11-27,59.0,59.0,59.0,58.0,383432193,205911,19,57.0,59.0
1189,2010-11-28,60.0,60.0,57.0,59.0,1989834198,1079155,109,58.0,58.0
1190,2010-11-29,57.0,57.0,56.0,56.0,1471472251,828363,84,59.0,56.0
1191,2010-11-30,56.0,58.0,54.0,55.0,1410680870,808715,88,56.0,56.0
1192,2010-12-01,56.0,57.0,55.0,56.0,841896686,479833,54,55.0,56.0
1193,2010-12-04,56.0,56.0,54.0,54.0,2262459403,1339176,127,56.0,54.0
1194,2010-12-05,53.0,53.0,52.0,52.0,2972867906,1802153,149,54.0,52.0
1195,2010-12-06,53.0,55.0,53.0,54.0,2014962159,1183753,157,52.0,53.0
1196,2010-12-07,54.0,56.0,54.0,56.0,5762919555,3276780,286,54.0,56.0
1197,2010-12-08,56.0,58.0,55.0,57.0,1996715744,1113330,144,56.0,56.0
1198,2010-12-11,57.0,57.0,55.0,55.0,1016954535,585175,68,57.0,55.0
1199,2010-12-12,54.0,54.0,53.0,53.0,2301804065,1372369,177,55.0,54.0
1200,2010-12-13,54.0,55.0,54.0,55.0,2533235214,1465378,124,53.0,55.0
1201,2010-12-14,54.0,57.0,54.0,56.0,2190015493,1249570,126,55.0,55.0
1202,2010-12-18,57.0,57.0,54.0,55.0,2518331362,1443437,210,56.0,54.0
1203,2010-12-19,54.0,55.0,53.0,53.0,2471621671,1468825,186,55.0,53.0
1204,2010-12-20,54.0,56.0,54.0,55.0,2014324873,1161744,140,53.0,56.0
1205,2010-12-21,57.0,57.0,55.0,55.0,1414521862,812468,110,55.0,55.0
1206,2010-12-22,55.0,57.0,55.0,56.0,2547110671,1443078,197,55.0,56.0
1207,2010-12-25,56.0,58.0,56.0,58.0,3496696217,1911027,188,56.0,58.0
1208,2010-12-26,60.0,60.0,59.0,60.0,2860529137,1503739,136,58.0,60.0
1209,2010-12-27,60.0,63.0,58.0,61.0,11376845910,5920175,631,60.0,63.0
1210,2010-12-28,63.0,63.0,63.0,63.0,7406685830,3707085,189,61.0,63.0
1211,2010-12-29,66.0,66.0,65.0,66.0,20671651096,9957870,806,63.0,66.0
1212,2011-01-01,65.0,65.0,63.0,64.0,1529245594,760518,92,66.0,63.0
1213,2011-01-02,61.0,61.0,61.0,63.0,308722487,159877,21,64.0,61.0
1214,2011-01-03,60.0,63.0,60.0,61.0,9008532010,4721924,446,63.0,60.0
1215,2011-01-04,62.0,63.0,62.0,63.0,5784715240,2937592,315,61.0,62.0
1216,2011-01-05,64.0,65.0,63.0,65.0,9320516822,4589747,542,63.0,65.0
1217,2011-01-08,67.0,67.0,66.0,67.0,6549624639,3105442,302,65.0,67.0
1218,2011-01-09,70.0,70.0,68.0,69.0,12166544715,5559315,589,67.0,70.0
1219,2011-01-10,71.0,71.0,67.0,69.0,35348983380,16239771,543,69.0,68.0
1220,2011-01-11,68.0,72.0,67.0,70.0,6625884116,3024257,345,69.0,69.0
1221,2011-01-12,69.0,70.0,67.0,68.0,6892352250,3229724,359,70.0,69.0
1222,2011-01-15,69.0,70.0,67.0,68.0,4710132697,2192455,257,68.0,68.0
1223,2011-01-16,70.0,71.0,69.0,71.0,12599216854,5650816,461,68.0,71.0
1224,2011-01-17,72.0,72.0,69.0,70.0,5388563559,2428455,314,71.0,70.0
1225,2011-01-18,70.0,71.0,70.0,71.0,6175587625,2782244,297,70.0,71.0
1226,2011-01-19,71.0,73.0,71.0,73.0,11888373593,5173698,472,71.0,73.0
1227,2011-02-23,79.0,79.0,76.0,78.0,27089259016,11073853,958,73.0,76.0
1228,2011-02-26,76.0,76.0,75.0,75.0,4629752964,1962177,170,78.0,75.0
1229,2011-02-27,72.0,72.0,72.0,72.0,1364411085,602389,38,75.0,72.0
1230,2011-02-28,71.0,75.0,69.0,72.0,24337456168,10762800,1148,72.0,71.0
1231,2011-03-01,71.0,72.0,69.0,70.0,8026350825,3663257,373,72.0,69.0
1232,2011-03-02,67.0,69.0,67.0,68.0,10403423667,4892551,588,70.0,67.0
1233,2011-03-05,69.0,70.0,68.0,69.0,3693893011,1704510,282,68.0,69.0
1234,2011-03-06,72.0,72.0,70.0,72.0,24756075133,10992800,827,69.0,71.0
1235,2011-03-07,70.0,73.0,70.0,71.0,7631775622,3406998,429,72.0,71.0
1236,2011-03-08,72.0,73.0,69.0,70.0,5678333531,2565549,307,71.0,69.0
1237,2011-03-09,71.0,71.0,68.0,68.0,7632441329,3562659,449,70.0,68.0
1238,2011-03-12,68.0,68.0,65.0,66.0,4150976959,1995448,323,68.0,66.0
1239,2011-03-13,66.0,68.0,66.0,67.0,3746497808,1782384,301,66.0,67.0
1240,2011-03-14,69.0,69.0,66.0,67.0,5586667251,2650920,366,67.0,66.0
1241,2011-03-15,67.0,68.0,64.0,65.0,7279141275,3556197,503,67.0,65.0
1242,2011-03-16,66.0,68.0,65.0,67.0,3107139432,1465558,204,65.0,68.0
1243,2011-03-19,70.0,70.0,70.0,70.0,1338467160,607290,58,67.0,70.0
1244,2011-03-26,73.0,73.0,73.0,73.0,996650988,434839,35,70.0,73.0
1245,2011-03-27,76.0,76.0,76.0,76.0,1143337187,479789,39,73.0,76.0
1246,2011-03-28,76.0,79.0,74.0,77.0,26119608720,10739109,1088,76.0,79.0
1247,2011-03-29,80.0,80.0,80.0,80.0,8334860706,3295714,170,77.0,80.0
1248,2011-03-30,82.0,84.0,80.0,83.0,43906708761,16821924,1660,80.0,82.0
1249,2011-04-03,83.0,86.0,83.0,86.0,7551621754,2802407,346,83.0,86.0
1250,2011-04-04,89.0,89.0,89.0,89.0,34799670558,12419679,612,86.0,89.0
1251,2011-04-05,91.0,92.0,88.0,90.0,37535995139,13235983,1520,89.0,88.0
1252,2011-04-06,87.0,89.0,86.0,87.0,45329984805,16601984,1775,90.0,86.0
1253,2011-04-09,89.0,90.0,83.0,86.0,16532665985,6100275,821,87.0,83.0
1254,2011-04-10,83.0,85.0,83.0,83.0,9453949123,3623695,446,86.0,83.0
1255,2011-04-11,81.0,85.0,80.0,82.0,20420525903,7903924,881,83.0,81.0
1256,2011-04-12,83.0,85.0,80.0,83.0,13793633277,5304438,688,82.0,81.0
1257,2011-04-13,83.0,83.0,79.0,80.0,14317475190,5689671,796,83.0,80.0
1258,2011-04-16,83.0,83.0,79.0,79.0,70178288198,28050484,718,80.0,79.0
1259,2011-04-17,83.0,83.0,79.0,82.0,19526648557,7596836,861,79.0,83.0
1260,2011-04-18,84.0,85.0,78.0,82.0,22521438154,8753639,883,82.0,78.0
1261,2011-04-19,81.0,83.0,78.0,79.0,12599611490,5066216,535,82.0,79.0
1262,2011-04-20,81.0,81.0,79.0,80.0,11204409061,4443495,656,79.0,79.0
1263,2011-04-23,82.0,83.0,82.0,83.0,13902866272,5322794,632,80.0,83.0
1264,2011-04-24,84.0,84.0,80.0,81.0,8556717663,3362569,446,83.0,80.0
1265,2011-04-25,81.0,81.0,78.0,78.0,3685511945,1502990,203,81.0,78.0
1266,2011-04-26,78.0,80.0,75.0,77.0,9828659628,4071823,526,78.0,75.0
1267,2011-04-27,78.0,78.0,74.0,74.0,6827764792,2929407,435,77.0,75.0
1268,2011-04-30,71.0,71.0,71.0,72.0,635784468,284086,46,74.0,71.0
1269,2011-05-01,69.0,72.0,69.0,69.0,14257021432,6526355,637,72.0,70.0
1270,2011-05-02,72.0,72.0,72.0,71.0,706076256,310773,20,69.0,72.0
1271,2011-05-03,74.0,74.0,71.0,73.0,19430584876,8465601,637,71.0,71.0
1272,2011-05-04,73.0,73.0,70.0,71.0,7928139518,3543897,533,73.0,71.0
1273,2011-05-08,71.0,71.0,68.0,68.0,5349444198,2487775,260,71.0,68.0
1274,2011-05-09,69.0,71.0,69.0,70.0,8723405737,3940622,516,68.0,71.0
1275,2011-05-10,72.0,73.0,68.0,70.0,5043208298,2288239,343,70.0,68.0
1276,2011-05-11,68.0,70.0,67.0,68.0,4645260381,2164670,321,70.0,68.0
1277,2011-05-14,69.0,69.0,68.0,68.0,77991673,36416,18,68.0,68.0
1278,2011-05-15,68.0,70.0,67.0,68.0,3606232544,1695279,274,68.0,67.0
1279,2011-05-16,68.0,69.0,66.0,67.0,4148496523,1970932,303,68.0,68.0
1280,2011-05-17,68.0,68.0,67.0,68.0,2825597272,1323737,259,67.0,67.0
1281,2011-05-18,68.0,69.0,67.0,68.0,2337252712,1092815,192,68.0,68.0
1282,2011-05-21,69.0,69.0,65.0,66.0,6291643929,3025902,465,68.0,67.0
1283,2011-05-22,67.0,67.0,63.0,64.0,7395772069,3670456,598,66.0,64.0
1284,2011-05-23,63.0,64.0,61.0,62.0,6088715459,3125358,543,64.0,63.0
1285,2011-05-24,62.0,62.0,59.0,60.0,4846715025,2552059,382,62.0,59.0
1286,2011-05-25,58.0,58.0,58.0,58.0,891556608,488792,72,60.0,58.0
1287,2011-05-28,57.0,58.0,56.0,57.0,2724384173,1528657,178,58.0,56.0
1288,2011-05-29,54.0,54.0,54.0,56.0,45071162,26342,12,57.0,54.0
1289,2011-05-30,54.0,57.0,54.0,54.0,54686785829,31899161,925,56.0,56.0
1290,2011-05-31,56.0,57.0,55.0,56.0,6139124854,3459561,496,54.0,57.0
1291,2011-06-25,58.0,58.0,56.0,57.0,5518590535,3067974,388,56.0,57.0
1292,2011-06-26,57.0,57.0,55.0,55.0,1208308548,692252,96,57.0,55.0
1293,2011-06-27,53.0,53.0,53.0,53.0,5530654538,3299617,286,55.0,53.0
1294,2011-06-28,51.0,54.0,51.0,51.0,9479464071,5853171,607,53.0,51.0
1295,2011-06-29,52.0,53.0,52.0,53.0,5537922656,3300513,295,51.0,53.0
1296,2011-07-02,54.0,55.0,52.0,54.0,3397975628,2010767,246,53.0,53.0
1297,2011-07-03,53.0,54.0,52.0,52.0,3502735024,2149240,262,54.0,52.0
1298,2011-07-04,53.0,53.0,50.0,51.0,1890788261,1177103,176,52.0,51.0
1299,2011-07-05,53.0,53.0,53.0,53.0,1586859050,950215,83,51.0,53.0
1300,2011-07-06,54.0,54.0,51.0,52.0,2048901428,1241271,143,53.0,52.0
1301,2011-07-09,52.0,52.0,50.0,50.0,2075978418,1307130,116,52.0,50.0
1302,2011-07-10,50.0,50.0,48.0,49.0,4181676850,2739014,208,50.0,48.0
1303,2011-07-11,50.0,50.0,49.0,50.0,5361133906,3377642,315,49.0,50.0
1304,2011-07-12,51.0,52.0,49.0,51.0,3679890543,2298895,316,50.0,52.0
1305,2011-07-13,51.0,52.0,50.0,51.0,1394581989,863710,164,51.0,51.0
1306,2011-07-16,51.0,53.0,51.0,53.0,3929723689,2363218,265,51.0,53.0
1307,2011-07-18,54.0,55.0,51.0,53.0,7357377685,4392007,606,53.0,53.0
1308,2011-07-24,58.0,59.0,58.0,58.0,6266473266,3407037,441,53.0,59.0
1309,2011-07-25,59.0,60.0,56.0,57.0,5722237987,3187599,371,58.0,56.0
1310,2011-07-26,55.0,58.0,55.0,57.0,4615757074,2574754,314,57.0,57.0
1311,2011-07-27,57.0,59.0,57.0,59.0,7401839939,3992850,399,57.0,59.0
1312,2011-07-30,61.0,61.0,60.0,61.0,7847000661,4074135,351,59.0,61.0
1313,2011-07-31,60.0,60.0,59.0,59.0,2864569890,1541628,225,61.0,59.0
1314,2011-08-01,58.0,61.0,57.0,60.0,8617486225,4544832,593,59.0,61.0
1315,2011-08-02,59.0,63.0,59.0,62.0,12023878111,6123793,710,60.0,63.0
1316,2011-08-03,64.0,65.0,64.0,65.0,6387614400,3135368,424,62.0,65.0
1317,2011-08-06,67.0,67.0,63.0,65.0,25428775196,12521060,1327,65.0,63.0
1318,2011-08-07,62.0,65.0,62.0,63.0,15513812160,7831210,753,65.0,63.0
1319,2011-08-08,63.0,65.0,63.0,65.0,5923264665,2883592,305,63.0,65.0
1320,2011-08-09,67.0,68.0,64.0,66.0,34280302470,16441685,1566,65.0,67.0
1321,2011-08-10,65.0,69.0,65.0,68.0,33266971439,15557548,1721,66.0,69.0
1322,2011-08-13,70.0,71.0,69.0,70.0,17688001866,7980835,763,68.0,71.0
1323,2011-08-14,71.0,72.0,68.0,69.0,30259323336,13892966,1420,70.0,68.0
1324,2011-08-15,68.0,68.0,66.0,67.0,2198843563,1047588,108,69.0,66.0
1325,2011-08-16,64.0,66.0,64.0,64.0,9115832695,4495940,520,67.0,64.0
1326,2011-08-17,63.0,64.0,62.0,62.0,12628852060,6446163,693,64.0,62.0
1327,2011-08-20,62.0,62.0,60.0,60.0,4995813117,2650361,304,62.0,60.0
1328,2011-08-21,59.0,62.0,58.0,61.0,4111907842,2138478,333,60.0,62.0
1329,2011-08-23,63.0,63.0,63.0,63.0,1790637219,895781,150,61.0,63.0
1330,2011-08-24,64.0,65.0,61.0,62.0,15244583921,7836127,897,63.0,61.0
1331,2011-08-27,60.0,62.0,59.0,60.0,5067754363,2680621,334,62.0,59.0
1332,2011-08-28,58.0,59.0,58.0,58.0,5976840671,3283020,540,60.0,58.0
1333,2011-08-29,58.0,60.0,58.0,60.0,3739893942,1978980,205,58.0,60.0
1334,2011-08-30,62.0,62.0,61.0,62.0,11301676296,5756240,506,60.0,62.0
1335,2011-09-03,64.0,65.0,64.0,65.0,9894756479,4859521,1017,62.0,65.0
1336,2011-09-04,65.0,67.0,65.0,66.0,12385628390,5955835,658,65.0,65.0
1337,2011-09-05,66.0,68.0,65.0,67.0,9276666410,4420307,591,66.0,66.0
1338,2011-09-06,67.0,68.0,65.0,66.0,7295334807,3489196,454,67.0,66.0
1339,2011-09-07,64.0,65.0,64.0,64.0,19722755780,9800539,999,66.0,64.0
1340,2011-09-10,64.0,66.0,64.0,65.0,8846339284,4304086,489,64.0,65.0
1341,2011-09-11,65.0,66.0,63.0,64.0,5832290618,2895399,444,65.0,64.0
1342,2011-09-12,64.0,64.0,61.0,62.0,6568782444,3376629,520,64.0,61.0
1343,2011-09-13,62.0,62.0,59.0,61.0,3165192107,1647070,277,62.0,61.0
1344,2011-09-14,61.0,62.0,60.0,61.0,1821768003,952467,184,61.0,61.0
1345,2011-09-17,60.0,63.0,60.0,63.0,4874209083,2454947,282,61.0,63.0
1346,2011-09-18,64.0,65.0,63.0,64.0,46279208838,22820082,423,63.0,64.0
1347,2011-09-19,64.0,65.0,62.0,63.0,2034568002,1031582,214,64.0,62.0
1348,2011-09-20,61.0,64.0,61.0,63.0,2140956439,1084641,213,63.0,63.0
1349,2011-09-21,64.0,65.0,63.0,65.0,4696917910,2311485,319,63.0,65.0
1350,2011-09-25,65.0,65.0,63.0,64.0,2491611744,1235258,217,65.0,63.0
1351,2011-09-26,63.0,64.0,62.0,62.0,3367007904,1732681,217,64.0,62.0
1352,2011-09-27,62.0,63.0,61.0,62.0,1604612735,821828,148,62.0,61.0
1353,2011-09-28,62.0,62.0,61.0,61.0,1753923018,906775,171,62.0,61.0
1354,2011-10-01,61.0,61.0,59.0,60.0,2731072493,1446784,254,61.0,59.0
1355,2011-10-02,59.0,60.0,58.0,59.0,2038096225,1101496,244,60.0,59.0
1356,2011-10-03,58.0,60.0,58.0,59.0,1999027931,1077753,192,59.0,58.0
1357,2011-10-04,59.0,60.0,57.0,58.0,2478256882,1350753,221,59.0,58.0
1358,2011-10-05,59.0,59.0,57.0,58.0,2687254137,1475184,255,58.0,57.0
1359,2011-10-08,60.0,60.0,60.0,60.0,1006395840,531360,48,58.0,60.0
1360,2011-10-09,62.0,62.0,59.0,60.0,2243260247,1179994,238,60.0,59.0
1361,2011-10-10,60.0,60.0,59.0,59.0,1077839524,579754,94,60.0,59.0
1362,2011-10-11,60.0,60.0,58.0,59.0,1969085862,1062067,147,59.0,59.0
1363,2011-10-12,58.0,59.0,58.0,58.0,720520632,392441,116,59.0,58.0
1364,2011-10-15,58.0,58.0,56.0,57.0,3514483312,1972156,308,58.0,56.0
1365,2011-10-16,55.0,55.0,54.0,54.0,1129125270,659769,87,57.0,54.0
1366,2011-10-17,54.0,55.0,53.0,54.0,3600880930,2116902,296,54.0,54.0
1367,2011-10-18,54.0,55.0,54.0,54.0,1923561166,1124240,209,54.0,54.0
1368,2011-10-19,54.0,56.0,53.0,55.0,2038675718,1185210,197,54.0,54.0
1369,2011-10-22,55.0,55.0,53.0,54.0,1143093907,675079,123,55.0,54.0
1370,2011-10-23,55.0,56.0,54.0,55.0,2176021250,1258531,191,54.0,54.0
1371,2011-10-24,53.0,54.0,53.0,53.0,5887022010,3545138,366,55.0,53.0
1372,2011-10-25,54.0,55.0,53.0,55.0,5165793607,3003200,358,53.0,55.0
1373,2011-10-26,56.0,56.0,54.0,55.0,1961973525,1142751,182,55.0,54.0
1374,2011-10-29,54.0,56.0,54.0,55.0,1497835888,871998,135,55.0,55.0
1375,2011-10-30,55.0,57.0,54.0,56.0,4613376006,2612387,377,55.0,57.0
1376,2011-10-31,56.0,58.0,55.0,57.0,5953751420,3322671,549,56.0,56.0
1377,2011-11-01,56.0,57.0,55.0,56.0,2578507813,1470731,231,57.0,56.0
1378,2011-11-02,57.0,57.0,55.0,56.0,1837930760,1047541,177,56.0,56.0
1379,2011-11-05,55.0,55.0,54.0,54.0,3627254946,2143444,297,56.0,54.0
1380,2011-11-06,53.0,53.0,52.0,52.0,3833074484,2355612,357,54.0,52.0
1381,2011-11-08,50.0,50.0,50.0,50.0,1964172710,1256376,155,52.0,50.0
1382,2011-11-09,50.0,52.0,50.0,51.0,4599746487,2844483,254,50.0,52.0
1383,2011-11-12,53.0,53.0,52.0,53.0,2711517004,1628431,247,51.0,53.0
1384,2011-11-13,51.0,51.0,51.0,51.0,1290060663,806759,95,53.0,51.0
1385,2011-11-14,50.0,52.0,50.0,51.0,2075555671,1304586,176,51.0,50.0
1386,2011-11-16,52.0,52.0,50.0,50.0,1027385363,650871,100,51.0,50.0
1387,2011-11-19,51.0,51.0,48.0,49.0,2839932085,1851866,251,50.0,48.0
1388,2011-11-20,49.0,50.0,47.0,48.0,2507611038,1667301,212,49.0,48.0
1389,2011-11-21,47.0,50.0,47.0,48.0,3541748482,2320792,307,48.0,49.0
1390,2011-11-22,48.0,48.0,47.0,47.0,6047060415,4083812,497,48.0,47.0
1391,2011-11-23,47.0,49.0,47.0,48.0,2340155505,1559270,353,47.0,47.0
1392,2011-11-26,47.0,48.0,46.0,47.0,2546637486,1717453,234,48.0,46.0
1393,2011-11-27,46.0,48.0,45.0,46.0,6096415850,4189933,486,47.0,45.0
1394,2011-11-28,45.0,45.0,44.0,44.0,1628718486,1164238,121,46.0,44.0
1395,2011-11-29,45.0,46.0,45.0,46.0,5082257457,3502208,270,44.0,46.0
1396,2011-11-30,45.0,47.0,45.0,45.0,3548147285,2478299,293,46.0,46.0
1397,2011-12-03,46.0,47.0,46.0,47.0,3191690384,2153662,314,45.0,47.0
1398,2011-12-04,49.0,49.0,47.0,49.0,3026975177,1966304,168,47.0,49.0
1399,2011-12-07,51.0,51.0,51.0,51.0,2636552000,1647845,166,49.0,51.0
1400,2011-12-10,53.0,53.0,49.0,52.0,7990723018,4895319,536,51.0,50.0
1401,2011-12-11,51.0,51.0,50.0,50.0,2453272989,1563511,148,52.0,50.0
1402,2011-12-12,50.0,51.0,48.0,50.0,2703677668,1731537,204,50.0,50.0
1403,2011-12-13,51.0,51.0,49.0,50.0,2791625257,1770595,271,50.0,49.0
1404,2011-12-14,50.0,50.0,48.0,48.0,4187961806,2756535,292,50.0,48.0
1405,2011-12-17,48.0,48.0,47.0,48.0,3015592074,2011138,232,48.0,47.0
1406,2011-12-18,48.0,49.0,48.0,49.0,2093928246,1357118,203,48.0,49.0
1407,2011-12-19,50.0,51.0,49.0,50.0,5038897025,3183771,425,49.0,49.0
1408,2011-12-20,50.0,50.0,48.0,49.0,2272763321,1487414,249,50.0,48.0
1409,2011-12-21,48.0,48.0,47.0,48.0,1728446361,1152271,117,49.0,48.0
1410,2011-12-24,48.0,49.0,47.0,48.0,1757725203,1168777,140,48.0,47.0
1411,2011-12-25,48.0,49.0,47.0,48.0,2319182960,1550323,142,48.0,47.0
1412,2011-12-26,47.0,47.0,46.0,46.0,2644083314,1808222,209,48.0,47.0
1413,2011-12-27,46.0,47.0,46.0,47.0,1468654934,995055,109,46.0,47.0
1414,2011-12-28,48.0,48.0,46.0,47.0,1321592431,888659,97,47.0,48.0
1415,2011-12-31,48.0,49.0,48.0,49.0,2669361477,1739834,234,47.0,49.0
1416,2012-01-01,51.0,51.0,48.0,49.0,3592078631,2315581,293,49.0,48.0
1417,2012-01-02,47.0,49.0,47.0,48.0,1230609511,810520,116,49.0,48.0
1418,2012-01-03,49.0,50.0,48.0,49.0,2284029612,1484603,174,48.0,48.0
1419,2012-01-04,49.0,50.0,48.0,49.0,4265056798,2787434,452,49.0,48.0
1420,2012-01-07,49.0,50.0,47.0,48.0,1357312783,894972,141,49.0,48.0
1421,2012-01-08,47.0,48.0,47.0,48.0,828797852,553052,84,48.0,47.0
1422,2012-01-09,47.0,49.0,47.0,49.0,6244442741,4030691,611,48.0,49.0
1423,2012-01-10,50.0,50.0,48.0,49.0,2085197735,1361283,204,49.0,48.0
1424,2012-01-11,49.0,49.0,47.0,48.0,2896989372,1930427,263,49.0,48.0
1425,2012-01-15,48.0,48.0,47.0,48.0,1850610517,1230014,178,48.0,47.0
1426,2012-01-16,48.0,50.0,48.0,50.0,8138586164,5212847,660,48.0,50.0
1427,2012-01-17,50.0,51.0,49.0,50.0,3391533992,2154100,289,50.0,49.0
1428,2012-01-18,49.0,50.0,49.0,49.0,1074505600,694802,94,50.0,49.0
1429,2012-01-21,49.0,50.0,48.0,48.0,1043758492,689064,134,49.0,48.0
1430,2012-01-23,48.0,48.0,47.0,48.0,2083275853,1392277,200,48.0,47.0
1431,2012-01-25,47.0,47.0,46.0,46.0,1800532274,1235567,241,48.0,47.0
1432,2012-01-28,48.0,48.0,48.0,48.0,2057239130,1358531,138,46.0,48.0
1433,2012-01-29,49.0,49.0,47.0,48.0,1943323959,1291266,194,48.0,47.0
1434,2012-01-30,48.0,48.0,46.0,47.0,1214183001,828227,125,48.0,47.0
1435,2012-01-31,47.0,47.0,46.0,47.0,1516720496,1029789,157,47.0,47.0
1436,2012-02-01,47.0,49.0,47.0,48.0,4862566855,3200509,442,47.0,49.0
1437,2012-02-04,49.0,50.0,49.0,50.0,7304988367,4627727,536,48.0,50.0
1438,2012-02-05,52.0,52.0,52.0,52.0,4997353842,3043626,286,50.0,52.0
1439,2012-02-06,54.0,54.0,52.0,53.0,9962322170,5918637,661,52.0,53.0
1440,2012-02-07,53.0,53.0,51.0,52.0,4671104327,2873878,291,53.0,51.0
1441,2012-02-08,51.0,51.0,50.0,50.0,1322551552,839852,104,52.0,50.0
1442,2012-02-12,48.0,49.0,48.0,48.0,1962482456,1294990,145,50.0,48.0
1443,2012-02-13,48.0,49.0,47.0,48.0,1501156811,997362,182,48.0,47.0
1444,2012-02-14,47.0,48.0,46.0,46.0,2730457896,1876173,233,48.0,46.0
1445,2012-02-15,45.0,48.0,45.0,46.0,3497741793,2398747,390,46.0,46.0
1446,2012-02-18,46.0,48.0,46.0,46.0,2084501439,1424700,207,46.0,46.0
1447,2012-02-19,47.0,48.0,46.0,46.0,1487687408,1021342,188,46.0,46.0
1448,2012-02-20,47.0,47.0,44.0,45.0,4477213708,3178408,498,46.0,45.0
1449,2012-02-21,45.0,47.0,45.0,46.0,1827581928,1261506,177,45.0,47.0
1450,2012-02-22,48.0,48.0,47.0,48.0,6941728952,4623104,469,46.0,48.0
1451,2012-03-17,52.0,52.0,50.0,51.0,6889216979,4268455,580,48.0,51.0
1452,2012-03-18,51.0,53.0,50.0,51.0,8972634492,5548462,570,51.0,53.0
1453,2012-03-24,53.0,53.0,53.0,53.0,714928227,425551,48,51.0,53.0
1454,2012-03-25,55.0,55.0,55.0,55.0,697675410,399585,37,53.0,55.0
1455,2012-03-26,56.0,57.0,56.0,57.0,16678189437,9359316,901,55.0,57.0
1456,2012-03-27,57.0,59.0,57.0,58.0,3699171726,2036874,272,57.0,58.0
1457,2012-03-28,58.0,58.0,57.0,58.0,5547599058,3047686,397,58.0,58.0
1458,2012-04-02,57.0,57.0,56.0,56.0,6567936156,3752463,317,58.0,56.0
1459,2012-04-03,56.0,56.0,54.0,54.0,1637586303,962623,383,56.0,54.0
1460,2012-04-04,54.0,55.0,54.0,54.0,1498678350,878451,141,54.0,55.0
1461,2012-04-07,56.0,56.0,56.0,55.0,179158034,100991,27,54.0,56.0
1462,2012-04-08,57.0,57.0,57.0,55.0,89500000,50000,22,55.0,57.0
1463,2012-04-09,57.0,57.0,57.0,57.0,1601361860,890140,57,55.0,57.0
1464,2012-04-10,57.0,59.0,56.0,57.0,4842580128,2691735,415,57.0,56.0
1465,2012-04-11,56.0,57.0,56.0,56.0,1602534684,909568,177,57.0,56.0
1466,2012-04-14,56.0,57.0,55.0,55.0,1273916423,736084,126,56.0,55.0
1467,2012-04-15,57.0,57.0,56.0,57.0,4611698466,2566940,298,55.0,57.0
1468,2012-04-16,57.0,59.0,57.0,57.0,2581399578,1428380,271,57.0,57.0
1469,2012-04-17,57.0,57.0,55.0,56.0,1351091728,772395,157,57.0,55.0
1470,2012-04-18,55.0,56.0,54.0,55.0,2312795264,1340413,177,56.0,55.0
1471,2012-04-21,55.0,56.0,53.0,54.0,1069443817,627736,156,55.0,53.0
1472,2012-04-22,54.0,54.0,52.0,52.0,2690406728,1630087,287,54.0,52.0
1473,2012-04-23,52.0,54.0,51.0,52.0,2793968954,1712061,266,52.0,51.0
1474,2012-04-24,52.0,52.0,50.0,50.0,5781911254,3670833,630,52.0,50.0
1475,2012-05-23,57.0,60.0,57.0,59.0,9240574541,5981872,542,50.0,60.0
1476,2012-05-26,57.0,58.0,57.0,57.0,2919745818,1965999,224,59.0,57.0
1477,2012-05-27,57.0,59.0,56.0,58.0,5304710499,3511490,507,57.0,57.0
1478,2012-05-28,57.0,57.0,55.0,56.0,2968854890,2033217,345,58.0,56.0
1479,2012-05-29,57.0,57.0,55.0,55.0,740784446,515216,101,56.0,55.0
1480,2012-05-30,56.0,56.0,54.0,55.0,2960035362,2062448,357,55.0,55.0
1481,2012-06-02,55.0,55.0,53.0,53.0,2873020232,2066466,301,55.0,53.0
1482,2012-06-05,52.0,53.0,51.0,52.0,1750581517,1290812,243,53.0,51.0
1483,2012-06-06,50.0,52.0,50.0,51.0,953488592,707499,149,52.0,52.0
1484,2012-06-09,51.0,51.0,49.0,50.0,1407530702,1079316,152,51.0,49.0
1485,2012-06-10,49.0,50.0,48.0,49.0,994753003,780127,168,50.0,49.0
1486,2012-06-11,48.0,51.0,48.0,50.0,2263079430,1712656,270,49.0,51.0
1487,2012-06-12,51.0,51.0,49.0,50.0,961801736,736456,135,50.0,49.0
1488,2012-06-13,49.0,51.0,49.0,50.0,1284064464,975910,157,50.0,51.0
1489,2012-06-16,49.0,51.0,49.0,50.0,1800523208,1368657,132,50.0,50.0
1490,2012-06-17,49.0,50.0,49.0,49.0,969860744,754657,146,50.0,50.0
1491,2012-06-19,48.0,50.0,48.0,49.0,429599608,337060,91,49.0,49.0
1492,2012-06-20,49.0,49.0,47.0,47.0,934065588,755799,163,49.0,47.0
1493,2012-06-23,47.0,47.0,45.0,45.0,2192564230,1845099,149,47.0,45.0
1494,2012-06-24,44.0,47.0,44.0,45.0,2159743571,1831138,213,45.0,46.0
1495,2012-06-25,44.0,46.0,44.0,45.0,2172389605,1847241,160,45.0,45.0
1496,2012-06-26,44.0,44.0,43.0,43.0,4009230908,3549637,294,45.0,43.0
1497,2012-06-27,42.0,44.0,42.0,43.0,1314761465,1171084,143,43.0,43.0
1498,2012-06-30,45.0,45.0,44.0,44.0,424072696,363388,36,43.0,45.0
1499,2012-07-01,46.0,46.0,45.0,46.0,1469457035,1224427,123,44.0,46.0
1500,2012-07-02,48.0,48.0,48.0,47.0,296224032,237359,29,46.0,48.0
1501,2012-07-03,49.0,49.0,49.0,49.0,611005500,479220,34,47.0,49.0
1502,2012-07-04,51.0,51.0,50.0,51.0,14384456473,10851487,718,49.0,50.0
1503,2012-07-07,52.0,52.0,50.0,51.0,1934952129,1442355,191,51.0,51.0
1504,2012-07-08,49.0,50.0,49.0,49.0,4358984517,3376353,343,51.0,49.0
1505,2012-07-09,48.0,49.0,47.0,48.0,1206336362,953578,111,49.0,48.0
1506,2012-07-10,48.0,50.0,47.0,50.0,1431441204,1091185,135,48.0,50.0
1507,2012-07-11,52.0,52.0,52.0,52.0,3656693408,2680872,149,50.0,52.0
1508,2012-07-14,54.0,54.0,52.0,54.0,5321909371,3777826,401,52.0,52.0
1509,2012-07-15,52.0,53.0,52.0,52.0,7868510759,5802033,343,54.0,52.0
1510,2012-07-16,52.0,52.0,50.0,52.0,3101161132,2292719,361,52.0,52.0
1511,2012-07-24,53.0,53.0,51.0,51.0,1529273269,1141118,140,52.0,51.0
1512,2012-07-25,49.0,50.0,49.0,49.0,556068962,429480,62,51.0,50.0
1513,2012-07-28,50.0,51.0,48.0,49.0,2004605517,1562406,209,49.0,49.0
1514,2012-07-29,50.0,50.0,47.0,47.0,1702203160,1375772,158,49.0,47.0
1515,2012-07-30,48.0,48.0,45.0,46.0,706291760,590912,92,47.0,46.0
1516,2012-07-31,45.0,47.0,45.0,46.0,183042684,152767,51,46.0,46.0
1517,2012-08-01,45.0,46.0,44.0,45.0,640935154,549888,91,46.0,44.0
1518,2012-08-04,44.0,44.0,43.0,43.0,346176279,308493,48,45.0,43.0
1519,2012-08-05,42.0,42.0,42.0,43.0,264123015,240575,49,43.0,42.0
1520,2012-08-06,41.0,44.0,41.0,43.0,916003264,818444,95,43.0,42.0
1521,2012-08-07,41.0,42.0,41.0,41.0,648078653,601897,67,43.0,41.0
1522,2012-08-08,43.0,43.0,42.0,43.0,697047584,624322,93,41.0,43.0
1523,2012-08-11,44.0,44.0,44.0,44.0,658367520,567597,43,43.0,44.0
1524,2012-08-12,46.0,46.0,43.0,43.0,498977636,443055,82,44.0,43.0
1525,2012-08-13,42.0,44.0,42.0,43.0,310536012,278470,49,43.0,44.0
1526,2012-08-14,42.0,44.0,42.0,44.0,437872046,382726,53,43.0,43.0
1527,2012-08-15,44.0,45.0,44.0,44.0,357669287,308435,55,44.0,44.0
1528,2012-08-18,45.0,45.0,43.0,44.0,90369612,79542,26,44.0,43.0
1529,2012-08-21,44.0,45.0,44.0,45.0,514260215,440149,83,44.0,44.0
1530,2012-08-22,45.0,45.0,44.0,44.0,111505300,97291,27,45.0,44.0
1531,2012-08-25,44.0,44.0,43.0,44.0,309305737,269837,36,44.0,44.0
1532,2012-08-26,43.0,43.0,43.0,43.0,606335388,539105,57,44.0,43.0
1533,2012-08-27,42.0,43.0,42.0,43.0,75313879,67239,18,43.0,43.0
1534,2012-09-02,43.0,45.0,43.0,44.0,772544135,666567,109,43.0,45.0
1535,2012-09-03,44.0,46.0,44.0,46.0,780061195,650376,85,44.0,46.0
1536,2012-09-04,46.0,48.0,46.0,47.0,1276778594,1030129,118,46.0,48.0
1537,2012-09-05,49.0,49.0,47.0,49.0,1236814103,967247,114,47.0,49.0
1538,2012-09-08,48.0,50.0,48.0,50.0,1667331318,1278792,123,49.0,50.0
1539,2012-09-09,49.0,50.0,48.0,49.0,1362155373,1053244,103,50.0,48.0
1540,2012-09-10,47.0,50.0,47.0,49.0,2150486771,1664050,200,49.0,50.0
1541,2012-09-11,50.0,51.0,49.0,51.0,1412487693,1063940,85,49.0,50.0
1542,2012-09-15,50.0,53.0,50.0,52.0,784572381,577721,81,51.0,53.0
1543,2012-09-16,51.0,53.0,51.0,53.0,2482270700,1798300,285,52.0,53.0
1544,2012-09-17,53.0,53.0,51.0,52.0,405682483,302116,65,53.0,51.0
1545,2012-09-18,52.0,53.0,52.0,53.0,2097838873,1512100,190,52.0,53.0
1546,2012-09-19,53.0,55.0,53.0,55.0,2731961198,1898200,189,53.0,55.0
1547,2012-09-22,57.0,57.0,55.0,56.0,953910457,646704,123,55.0,57.0
1548,2012-09-23,58.0,59.0,55.0,58.0,1274198868,836864,139,56.0,55.0
1549,2012-09-24,57.0,57.0,56.0,56.0,824307853,561484,95,58.0,56.0
1550,2012-09-25,54.0,57.0,54.0,56.0,894931700,608122,79,56.0,57.0
1551,2012-09-26,57.0,57.0,55.0,56.0,1904657849,1289134,285,56.0,55.0
1552,2012-09-29,56.0,57.0,55.0,56.0,1411724597,955540,188,56.0,56.0
1553,2012-09-30,56.0,56.0,54.0,54.0,816813200,572374,108,56.0,54.0
1554,2012-10-01,53.0,53.0,52.0,52.0,1854882584,1353436,234,54.0,52.0
1555,2012-10-02,50.0,52.0,50.0,50.0,995270336,755623,83,52.0,50.0
1556,2012-10-03,51.0,52.0,50.0,50.0,294632460,222135,44,50.0,50.0
1557,2012-10-06,49.0,49.0,49.0,50.0,200481419,156752,34,50.0,49.0
1558,2012-10-07,48.0,50.0,48.0,48.0,651384144,517447,79,50.0,48.0
1559,2012-10-08,49.0,49.0,48.0,48.0,134122462,105237,35,48.0,49.0
1560,2012-10-09,48.0,49.0,46.0,48.0,264626996,214871,61,48.0,48.0
1561,2012-10-10,47.0,48.0,47.0,48.0,112930308,90801,70,48.0,48.0
1562,2012-10-13,49.0,49.0,47.0,48.0,285938633,230051,58,48.0,47.0
1563,2012-10-14,49.0,49.0,46.0,48.0,290609120,231831,48,48.0,48.0
1564,2012-10-15,49.0,49.0,47.0,48.0,201503277,159887,51,48.0,47.0
1565,2012-10-16,48.0,48.0,47.0,48.0,171006825,137115,29,48.0,47.0
1566,2012-10-17,48.0,48.0,47.0,48.0,194700558,157587,43,48.0,47.0
1567,2012-10-20,47.0,48.0,47.0,48.0,397515681,319547,69,48.0,48.0
1568,2012-10-21,47.0,48.0,46.0,47.0,528158776,432241,87,48.0,46.0
1569,2012-10-24,53.0,55.0,52.0,53.0,2769548314,1987654,209,47.0,53.0
1570,2012-10-27,53.0,54.0,52.0,53.0,1275380462,914512,149,53.0,52.0
1571,2012-10-28,53.0,53.0,51.0,51.0,1275925900,951691,105,53.0,51.0
1572,2012-10-29,51.0,51.0,49.0,49.0,721426906,557599,81,51.0,50.0
1573,2012-10-30,48.0,49.0,47.0,48.0,63748781805,50237664,50,49.0,48.0
1574,2012-10-31,49.0,50.0,48.0,49.0,267033131,207904,61,48.0,50.0
1575,2012-11-04,50.0,51.0,50.0,50.0,1554077858,1176520,158,49.0,51.0
1576,2012-11-05,52.0,52.0,49.0,50.0,194846682,147431,47,50.0,50.0
1577,2012-11-06,50.0,50.0,49.0,50.0,580525943,446591,43,50.0,49.0
1578,2012-11-07,50.0,52.0,49.0,51.0,1381859074,1042530,137,50.0,52.0
1579,2012-11-10,50.0,51.0,49.0,50.0,207079855,157397,53,51.0,51.0
1580,2012-11-11,50.0,52.0,50.0,50.0,430400200,326510,52,50.0,52.0
1581,2012-11-12,49.0,52.0,49.0,52.0,1349570132,988847,139,50.0,52.0
1582,2012-11-13,53.0,54.0,53.0,54.0,671049259,473339,46,52.0,54.0
1583,2012-11-14,56.0,56.0,56.0,56.0,6572988451,4468381,277,54.0,56.0
1584,2012-11-17,58.0,58.0,58.0,58.0,5090435482,3329258,206,56.0,58.0
1585,2012-11-18,61.0,61.0,58.0,61.0,6599043412,4151578,227,58.0,61.0
1586,2012-11-19,63.0,63.0,63.0,63.0,12469122837,7543329,358,61.0,63.0
1587,2012-11-20,65.0,66.0,63.0,65.0,16530403678,9690466,643,63.0,65.0
1588,2012-11-21,65.0,67.0,64.0,66.0,4413311438,2567681,238,65.0,67.0
1589,2012-11-26,67.0,68.0,67.0,68.0,7119903110,3986366,225,66.0,68.0
1590,2012-11-27,69.0,71.0,67.0,70.0,8275803576,4507205,447,68.0,71.0
1591,2012-11-28,73.0,73.0,72.0,73.0,8847648520,4638393,249,70.0,73.0
1592,2012-12-01,75.0,76.0,74.0,76.0,7564908400,3823874,381,73.0,75.0
1593,2012-12-02,75.0,76.0,73.0,73.0,10435815553,5433575,468,76.0,74.0
1594,2012-12-03,73.0,73.0,71.0,72.0,1105273718,587416,119,73.0,72.0
1595,2012-12-04,71.0,74.0,71.0,73.0,4925695012,2564676,220,72.0,73.0
1596,2012-12-05,73.0,75.0,71.0,74.0,2937317009,1508925,168,73.0,75.0
1597,2012-12-08,72.0,77.0,71.0,76.0,7545841166,3813654,282,74.0,74.0
1598,2012-12-09,74.0,76.0,73.0,75.0,5807208246,2950811,201,76.0,73.0
1599,2012-12-10,76.0,78.0,74.0,78.0,12215811813,5985673,398,75.0,78.0
1600,2012-12-11,81.0,81.0,78.0,79.0,1540126840,747664,87,78.0,78.0
1601,2012-12-12,77.0,80.0,77.0,79.0,2911430013,1409260,152,79.0,79.0
1602,2012-12-15,79.0,82.0,78.0,81.0,8583212368,4025775,259,79.0,82.0
1603,2012-12-16,85.0,85.0,85.0,83.0,565483539,255067,24,81.0,85.0
1604,2012-12-17,86.0,86.0,86.0,84.0,380443518,168189,13,83.0,86.0
1605,2012-12-18,88.0,88.0,88.0,86.0,499108212,217761,22,84.0,88.0
1606,2012-12-19,89.0,89.0,89.0,89.0,1678254732,719972,52,86.0,89.0
1607,2012-12-22,92.0,92.0,86.0,90.0,16646907096,7068818,483,89.0,87.0
1608,2012-12-23,87.0,94.0,86.0,90.0,11882614653,5014969,497,90.0,88.0
1609,2012-12-24,88.0,91.0,87.0,90.0,3360356035,1433454,205,90.0,90.0
1610,2012-12-25,90.0,92.0,87.0,90.0,3352909184,1426170,158,90.0,88.0
1611,2012-12-26,90.0,91.0,88.0,90.0,6399299721,2714893,228,90.0,91.0
1612,2012-12-29,91.0,92.0,89.0,91.0,3727210787,1570348,162,90.0,92.0
1613,2012-12-30,88.0,91.0,88.0,88.0,1653134385,714908,62,91.0,89.0
1614,2012-12-31,88.0,91.0,88.0,89.0,3300184673,1415361,134,88.0,90.0
1615,2013-01-01,88.0,89.0,86.0,89.0,1075344531,463083,55,89.0,89.0
1616,2013-01-02,90.0,90.0,85.0,89.0,5411189058,2314051,157,89.0,88.0
1617,2013-01-06,89.0,89.0,86.0,86.0,2413882611,1068872,107,89.0,86.0
1618,2013-01-07,88.0,88.0,85.0,86.0,671443795,296541,55,86.0,86.0
1619,2013-01-08,87.0,87.0,83.0,86.0,996091944,445005,100,86.0,86.0
1620,2013-01-09,82.0,86.0,82.0,84.0,1126851525,511571,67,86.0,86.0
1621,2013-01-13,85.0,85.0,81.0,83.0,1951921599,892825,76,84.0,83.0
1622,2013-01-14,85.0,85.0,80.0,83.0,942241381,435269,92,83.0,82.0
1623,2013-01-15,84.0,84.0,79.0,82.0,466977334,221317,92,83.0,80.0
1624,2013-01-16,79.0,83.0,79.0,82.0,1085386537,504455,95,82.0,83.0
1625,2013-01-19,80.0,83.0,80.0,83.0,753021602,346342,101,82.0,83.0
1626,2013-01-21,84.0,85.0,84.0,84.0,287364300,130627,24,83.0,85.0
1627,2013-01-22,85.0,85.0,81.0,81.0,1194238186,562705,71,84.0,82.0
1628,2013-01-23,82.0,84.0,82.0,84.0,1733602059,786927,113,81.0,84.0
1629,2013-01-26,84.0,86.0,81.0,85.0,501430131,225389,42,84.0,81.0
1630,2013-01-27,86.0,87.0,82.0,85.0,1525131457,683607,76,85.0,87.0
1631,2013-01-28,86.0,88.0,86.0,86.0,709659875,311751,70,85.0,88.0
1632,2013-01-30,87.0,89.0,87.0,87.0,510655945,221814,54,86.0,87.0
1633,2013-02-02,89.0,90.0,88.0,89.0,1119644865,480047,81,87.0,90.0
1634,2013-02-03,88.0,93.0,88.0,92.0,1398571712,581293,121,89.0,93.0
1635,2013-02-04,96.0,96.0,94.0,95.0,2583351076,1037639,213,92.0,95.0
1636,2013-02-05,95.0,98.0,91.0,95.0,2687477044,1075272,155,95.0,95.0
1637,2013-02-06,98.0,98.0,94.0,95.0,420247474,168146,67,95.0,96.0
1638,2013-02-09,92.0,98.0,92.0,95.0,3857793416,1543800,147,95.0,97.0
1639,2013-02-11,95.0,98.0,95.0,97.0,1646207269,651175,91,95.0,96.0
1640,2013-02-12,94.0,99.0,94.0,97.0,1748470858,685672,119,97.0,99.0
1641,2013-02-13,99.0,99.0,95.0,98.0,901809355,349642,52,97.0,99.0
1642,2013-02-16,99.0,101.0,99.0,100.0,1219571705,467250,79,98.0,100.0
1643,2013-02-17,100.0,102.0,96.0,101.0,1472644348,558244,82,100.0,101.0
1644,2013-02-18,101.0,105.0,99.0,101.0,5813137936,2192511,162,101.0,103.0
1645,2013-02-19,105.0,105.0,103.0,105.0,5654752368,2056429,203,101.0,105.0
1646,2013-02-24,101.0,101.0,97.0,101.0,2256821049,853267,95,105.0,97.0
1647,2013-02-25,97.0,97.0,97.0,101.0,126006860,49609,13,101.0,97.0
1648,2013-02-26,97.0,97.0,97.0,100.0,207275310,81927,17,101.0,97.0
1649,2013-02-27,96.0,103.0,96.0,98.0,4743704621,1856987,234,100.0,96.0
1650,2013-03-02,96.0,100.0,94.0,95.0,1130911943,456641,106,98.0,94.0
1651,2013-03-03,93.0,94.0,91.0,92.0,2530752764,1054854,160,95.0,91.0
1652,2013-03-04,92.0,95.0,92.0,94.0,773154249,310305,56,92.0,95.0
1653,2013-03-05,98.0,98.0,91.0,97.0,3920910326,1542004,192,94.0,95.0
1654,2013-03-06,93.0,97.0,93.0,94.0,971580815,396356,56,97.0,95.0
1655,2013-03-09,95.0,95.0,91.0,92.0,638318542,268510,72,94.0,91.0
1656,2013-03-10,91.0,92.0,89.0,91.0,671169742,282966,38,92.0,89.0
1657,2013-03-11,92.0,94.0,88.0,90.0,480372964,205659,53,91.0,88.0
1658,2013-03-12,90.0,91.0,87.0,90.0,319467433,138357,34,90.0,91.0
1659,2013-03-13,87.0,92.0,87.0,90.0,602534063,253585,45,90.0,89.0
1660,2013-03-16,89.0,91.0,87.0,90.0,151150169,65151,21,90.0,87.0
1661,2013-03-17,87.0,90.0,87.0,90.0,91527067,39837,32,90.0,90.0
1662,2013-03-18,87.0,91.0,87.0,90.0,563055794,238844,46,90.0,91.0
1663,2013-03-25,93.0,94.0,93.0,91.0,456776315,186855,39,90.0,94.0
1664,2013-03-26,94.0,94.0,91.0,92.0,321767500,132713,46,91.0,91.0
1665,2013-03-27,91.0,94.0,91.0,92.0,712620413,295643,36,92.0,93.0
1666,2013-03-30,90.0,94.0,90.0,92.0,480521590,196579,47,92.0,94.0
1667,2013-03-31,92.0,95.0,92.0,93.0,340000564,138255,36,92.0,95.0
1668,2013-04-03,95.0,97.0,95.0,96.0,2741009489,1086872,111,93.0,97.0
1669,2013-04-06,98.0,100.0,97.0,99.0,1904174172,731473,166,96.0,99.0
1670,2013-04-07,97.0,99.0,95.0,97.0,1030331255,407525,93,99.0,98.0
1671,2013-04-08,98.0,101.0,96.0,98.0,551239564,211679,69,97.0,99.0
1672,2013-04-09,99.0,99.0,96.0,98.0,354681333,140186,46,98.0,97.0
1673,2013-04-10,96.0,100.0,96.0,98.0,969020367,378018,82,98.0,97.0
1674,2013-04-13,98.0,98.0,94.0,94.0,1290130093,523481,102,98.0,94.0
1675,2013-04-15,93.0,96.0,91.0,95.0,520646177,208515,62,94.0,95.0
1676,2013-04-16,96.0,98.0,96.0,98.0,1612614524,626501,138,95.0,98.0
1677,2013-04-17,101.0,102.0,97.0,100.0,848994116,320868,82,98.0,97.0
1678,2013-04-20,99.0,99.0,97.0,99.0,480833712,188985,51,100.0,97.0
1679,2013-04-21,97.0,99.0,95.0,95.0,1641582316,657684,84,99.0,95.0
1680,2013-04-22,95.0,97.0,95.0,96.0,1502928162,599301,104,95.0,97.0
1681,2013-04-23,97.0,99.0,96.0,97.0,704996698,272997,63,96.0,99.0
1682,2013-04-24,101.0,101.0,97.0,98.0,700694872,270344,66,97.0,97.0
1683,2013-04-27,97.0,97.0,95.0,98.0,279648331,111358,43,98.0,96.0
1684,2013-04-28,96.0,97.0,94.0,95.0,1630312981,655775,132,98.0,94.0
1685,2013-04-29,94.0,99.0,92.0,97.0,1321899124,517915,123,95.0,99.0
1686,2013-04-30,99.0,99.0,97.0,97.0,418864591,164853,60,97.0,97.0
1687,2013-05-01,99.0,101.0,96.0,98.0,1223660115,477643,98,97.0,96.0
1688,2013-05-04,99.0,102.0,96.0,101.0,2019468746,765422,179,98.0,102.0
1689,2013-05-05,103.0,103.0,99.0,100.0,836981653,319278,143,101.0,99.0
1690,2013-05-06,99.0,101.0,96.0,98.0,732675920,288235,108,100.0,96.0
1691,2013-05-07,99.0,99.0,95.0,97.0,582524232,233868,57,98.0,97.0
1692,2013-05-08,96.0,100.0,95.0,96.0,385932428,154320,61,97.0,100.0
1693,2013-05-11,100.0,100.0,99.0,99.0,1186068423,454866,162,96.0,100.0
1694,2013-05-12,103.0,103.0,103.0,103.0,2950664502,1091375,140,99.0,103.0
1695,2013-05-13,107.0,107.0,105.0,107.0,3423096847,1218724,366,103.0,107.0
1696,2013-05-14,112.0,112.0,109.0,111.0,2329573078,802252,168,107.0,112.0
1697,2013-05-15,115.0,115.0,111.0,115.0,6678612321,2218361,366,111.0,115.0
1698,2013-05-18,119.0,119.0,110.0,113.0,2333081647,791239,253,115.0,112.0
1699,2013-05-19,112.0,113.0,108.0,112.0,767114822,264894,106,113.0,111.0
1700,2013-05-20,112.0,116.0,111.0,115.0,8290249569,2761003,394,112.0,114.0
1701,2013-05-21,114.0,114.0,110.0,111.0,3169463808,1090404,181,115.0,110.0
1702,2013-05-22,107.0,107.0,107.0,111.0,112876413,40443,18,111.0,107.0
1703,2013-05-25,106.0,113.0,106.0,110.0,4439498327,1546964,318,111.0,108.0
1704,2013-05-26,111.0,112.0,105.0,106.0,5210798259,1873948,555,110.0,105.0
1705,2013-05-27,104.0,105.0,102.0,103.0,2996401223,1112564,307,106.0,102.0
1706,2013-05-28,106.0,107.0,101.0,105.0,5099193478,1846064,372,103.0,107.0
1707,2013-05-29,107.0,110.0,105.0,108.0,2519811161,891760,237,105.0,106.0
1708,2013-06-01,106.0,106.0,104.0,106.0,523703952,192201,57,108.0,104.0
1709,2013-06-02,104.0,106.0,102.0,103.0,1812839924,674617,167,106.0,102.0
1710,2013-06-03,103.0,104.0,100.0,101.0,1311434586,496587,113,103.0,103.0
1711,2013-06-08,99.0,103.0,99.0,100.0,1113310779,424380,108,101.0,101.0
1712,2013-06-09,100.0,101.0,96.0,99.0,899244177,350855,144,100.0,96.0
1713,2013-06-10,95.0,103.0,95.0,100.0,1744866806,668720,157,99.0,103.0
1714,2013-06-11,103.0,104.0,102.0,102.0,1003259007,371650,101,100.0,104.0
1715,2013-06-12,104.0,106.0,100.0,104.0,1055594423,385604,156,102.0,104.0
1716,2013-06-15,105.0,108.0,105.0,108.0,1859391013,657562,154,104.0,108.0
1717,2013-06-16,112.0,112.0,104.0,108.0,1715099893,607187,184,108.0,105.0
1718,2013-06-17,104.0,106.0,104.0,104.0,1115984996,411150,105,108.0,104.0
1719,2013-06-18,105.0,109.0,105.0,107.0,3544992900,1265309,217,104.0,109.0
1720,2013-06-19,111.0,111.0,106.0,108.0,1604231029,564766,120,107.0,108.0
1721,2013-06-22,109.0,110.0,104.0,107.0,1473671259,527573,136,108.0,105.0
1722,2013-06-23,107.0,107.0,104.0,105.0,824198410,301028,92,107.0,105.0
1723,2013-06-25,105.0,107.0,102.0,105.0,2122725349,768486,128,105.0,105.0
1724,2013-06-26,105.0,110.0,105.0,109.0,3011723886,1054676,169,105.0,110.0
1725,2013-06-29,113.0,113.0,113.0,111.0,619188570,208481,35,109.0,113.0
1726,2013-06-30,115.0,115.0,115.0,115.0,60915133480,20170574,848,111.0,115.0
1727,2013-07-01,120.0,120.0,120.0,120.0,22074749500,7030175,299,115.0,120.0
1728,2013-07-02,125.0,125.0,125.0,125.0,20049898105,6140857,260,120.0,125.0
1729,2013-07-03,130.0,130.0,130.0,130.0,26517601495,7810781,323,125.0,130.0
1730,2013-07-06,135.0,135.0,135.0,135.0,1956629580,554286,33,130.0,135.0
1731,2013-07-07,140.0,140.0,134.0,140.0,124475452665,34033479,1895,135.0,140.0
1732,2013-07-08,143.0,145.0,141.0,145.0,55109039593,14525239,1284,140.0,144.0
1733,2013-08-03,184.0,192.0,184.0,187.0,43198143189,9840026,623,145.0,192.0
1734,2013-08-04,195.0,195.0,195.0,195.0,12003941400,2629560,122,187.0,195.0
1735,2013-08-05,203.0,203.0,203.0,203.0,16922532830,3564890,157,195.0,203.0
1736,2013-08-06,199.0,211.0,199.0,208.0,88812074661,18187793,1358,203.0,211.0
1737,2013-08-07,217.0,217.0,217.0,214.0,1753316606,345277,42,208.0,217.0
1738,2013-08-11,223.0,223.0,223.0,223.0,2956440530,566585,45,214.0,223.0
1739,2013-08-12,232.0,232.0,232.0,232.0,3204335152,590552,43,223.0,232.0
1740,2013-08-13,241.0,241.0,228.0,238.0,98355748356,17618822,1304,232.0,230.0
1741,2013-08-14,230.0,248.0,230.0,242.0,67210112760,11839987,1066,238.0,248.0
1742,2013-08-17,252.0,252.0,252.0,252.0,2851496208,482977,53,242.0,252.0
1743,2013-08-18,256.0,262.0,244.0,256.0,38502817775,6415413,690,252.0,262.0
1744,2013-08-19,264.0,266.0,257.0,266.0,38891409139,6238720,578,256.0,264.0
1745,2013-08-20,263.0,269.0,256.0,261.0,20492537155,3352900,538,266.0,263.0
1746,2013-08-21,261.0,271.0,261.0,270.0,15702080238,2484449,239,261.0,271.0
1747,2013-08-24,276.0,281.0,274.0,280.0,27793446786,4236675,817,270.0,281.0
1748,2013-08-25,290.0,291.0,271.0,282.0,41190331064,6243243,809,280.0,273.0
1749,2013-08-26,271.0,277.0,270.0,272.0,40606036063,6375277,798,282.0,276.0
1750,2013-11-11,347.0,361.0,347.0,351.0,71715249854,8727056,829,272.0,361.0
1751,2013-11-12,362.0,364.0,338.0,352.0,38808920430,4700574,771,351.0,348.0
1752,2013-11-16,342.0,349.0,338.0,340.0,44749849117,5621789,599,352.0,338.0
1753,2013-11-17,333.0,345.0,328.0,337.0,18347542895,2327018,428,340.0,343.0
1754,2013-11-18,341.0,350.0,333.0,346.0,13461296738,1662226,306,337.0,350.0
1755,2013-11-19,354.0,356.0,344.0,349.0,14017435550,1714790,319,346.0,346.0
1756,2013-11-20,346.0,354.0,341.0,351.0,47555287093,5777492,398,349.0,346.0
1757,2013-11-23,346.0,353.0,337.0,340.0,14019350245,1759236,263,351.0,337.0
1758,2013-11-24,349.0,349.0,327.0,330.0,18269424472,2364383,410,340.0,327.0
1759,2013-11-25,332.0,337.0,322.0,332.0,24101407681,3095232,544,330.0,325.0
1760,2013-11-26,333.0,333.0,319.0,322.0,17258157930,2289717,306,332.0,319.0
1761,2013-11-27,319.0,328.0,309.0,320.0,17823154565,2374848,434,322.0,318.0
1762,2013-11-30,320.0,333.0,318.0,330.0,30434153288,3933114,625,320.0,328.0
1763,2013-12-01,329.0,338.0,320.0,333.0,15010811443,1925532,349,330.0,320.0
1764,2013-12-02,333.0,342.0,324.0,333.0,24427379613,3135853,384,333.0,341.0
1765,2013-12-03,342.0,346.0,336.0,344.0,37970404256,4708547,737,333.0,346.0
1766,2013-12-04,348.0,348.0,331.0,339.0,18025261209,2271455,321,344.0,331.0
1767,2013-12-07,325.0,336.0,325.0,326.0,16566907479,2168813,406,339.0,325.0
1768,2013-12-08,324.0,333.0,313.0,318.0,10241332325,1375893,430,326.0,313.0
1769,2013-12-09,318.0,319.0,307.0,311.0,4981793796,684236,265,318.0,307.0
1770,2013-12-10,307.0,319.0,304.0,309.0,9222241738,1272231,358,311.0,307.0
1771,2013-12-11,307.0,316.0,303.0,308.0,6560439377,910581,361,309.0,308.0
1772,2013-12-14,302.0,307.0,295.0,299.0,11443261655,1632280,545,308.0,303.0
1773,2013-12-15,305.0,311.0,305.0,311.0,7889020835,1082669,148,299.0,311.0
1774,2013-12-16,324.0,324.0,320.0,323.0,26943917597,3556903,405,311.0,324.0
1775,2013-12-17,332.0,336.0,314.0,333.0,31922006473,4090521,699,323.0,327.0
1776,2013-12-18,337.0,338.0,320.0,332.0,28203327594,3622860,591,333.0,323.0
1777,2013-12-21,330.0,330.0,319.0,322.0,14285669918,1891592,466,332.0,319.0
1778,2013-12-22,327.0,327.0,312.0,320.0,4603462750,613293,288,322.0,320.0
1779,2013-12-24,314.0,329.0,308.0,318.0,9556584897,1281934,513,320.0,318.0
1780,2013-12-25,319.0,331.0,318.0,327.0,17310591827,2260653,897,318.0,330.0
1781,2013-12-28,340.0,340.0,331.0,340.0,71024436248,8929759,2988,327.0,337.0
1782,2013-12-29,345.0,353.0,344.0,351.0,40753476833,4950034,687,340.0,353.0
1783,2013-12-30,366.0,366.0,346.0,357.0,89404938890,10700797,1472,351.0,348.0
1784,2014-01-01,360.0,360.0,342.0,349.0,17170126062,2102045,685,357.0,342.0
1785,2014-01-04,335.0,341.0,335.0,335.0,26733569309,3403913,762,349.0,337.0
1786,2014-01-05,349.0,349.0,342.0,348.0,37821414562,4635751,848,335.0,349.0
1787,2014-01-06,350.0,350.0,334.0,338.0,17739844801,2238655,624,348.0,334.0
1788,2014-01-07,330.0,335.0,325.0,326.0,9839877869,1286535,428,338.0,325.0
1789,2014-01-08,315.0,324.0,313.0,315.0,20566991385,2789994,696,326.0,313.0
1790,2014-01-15,284.0,296.0,280.0,292.0,6252443608,966855,196,315.0,296.0
1791,2014-01-18,302.0,302.0,280.0,283.0,4237799803,676737,179,292.0,280.0
1792,2014-01-20,271.0,271.0,271.0,276.0,1865174904,310242,72,283.0,271.0
1793,2014-01-21,265.0,271.0,265.0,265.0,5476236816,933070,227,276.0,265.0
1794,2014-01-22,254.0,254.0,254.0,258.0,1972334525,350015,71,265.0,254.0
1795,2014-01-25,247.0,254.0,247.0,247.0,5726332598,1044930,257,258.0,247.0
1796,2014-01-26,238.0,239.0,237.0,238.0,8737370184,1660399,183,247.0,237.0
1797,2014-01-27,228.0,232.0,228.0,228.0,15380596793,3041092,388,238.0,231.0
1798,2014-01-28,233.0,237.0,228.0,237.0,5743880545,1094918,141,228.0,237.0
1799,2014-01-29,246.0,246.0,244.0,240.0,1092119960,200393,36,237.0,246.0
1800,2014-02-01,250.0,250.0,250.0,243.0,596638257,107677,22,240.0,250.0
1801,2014-02-02,252.0,252.0,247.0,252.0,24922062214,4460872,190,243.0,252.0
1802,2014-02-03,262.0,262.0,262.0,262.0,12799203410,2202961,51,252.0,262.0
1803,2014-02-04,273.0,273.0,273.0,268.0,1566243492,259226,29,262.0,273.0
1804,2014-02-05,278.0,278.0,278.0,276.0,2457919520,398560,37,268.0,278.0
1805,2014-02-08,287.0,287.0,266.0,282.0,71537542996,11441893,1007,276.0,278.0
1806,2014-02-09,272.0,282.0,271.0,277.0,8454562346,1376496,217,282.0,271.0
1807,2014-02-10,268.0,279.0,266.0,276.0,7490307815,1225299,269,277.0,271.0
1808,2014-02-12,265.0,265.0,265.0,274.0,462829340,78860,34,276.0,265.0
1809,2014-02-15,263.0,280.0,263.0,271.0,1328692921,224390,91,274.0,263.0
1810,2014-02-16,260.0,279.0,260.0,273.0,1367684093,225035,122,271.0,275.0
1811,2014-02-17,275.0,281.0,264.0,275.0,2020323181,329387,154,273.0,275.0
1812,2014-02-18,264.0,275.0,264.0,272.0,1054245580,179790,79,275.0,264.0
1813,2014-02-19,261.0,274.0,261.0,270.0,1095475092,184533,111,272.0,268.0
1814,2014-02-22,262.0,278.0,261.0,272.0,2617225522,434696,157,270.0,272.0
1815,2014-02-23,275.0,275.0,262.0,269.0,1470390028,249246,101,272.0,263.0
1816,2014-02-24,262.0,262.0,258.0,266.0,740409611,129056,90,269.0,258.0
1817,2014-02-25,256.0,256.0,256.0,266.0,211430630,37322,27,266.0,256.0
1818,2014-02-26,255.0,271.0,255.0,261.0,3603649784,623236,166,266.0,261.0
1819,2014-03-01,251.0,271.0,251.0,270.0,8392620378,1402304,186,261.0,270.0
1820,2014-03-02,275.0,280.0,271.0,275.0,3437319675,564368,127,270.0,275.0
1821,2014-03-03,275.0,275.0,264.0,274.0,238636838,40738,30,275.0,264.0
1822,2014-03-04,263.0,269.0,263.0,272.0,801236799,136032,45,274.0,263.0
1823,2014-03-05,267.0,274.0,261.0,266.0,1979991745,339346,159,272.0,261.0
1824,2014-03-08,257.0,273.0,255.0,268.0,6948289810,1170414,256,266.0,268.0
1825,2014-03-09,258.0,266.0,258.0,266.0,266485933722,45269969,20307,268.0,266.0
1826,2014-03-10,255.0,273.0,255.0,271.0,276243092198,46040778,152,266.0,268.0
1827,2014-03-11,262.0,274.0,262.0,271.0,272478904598,45414241,59,271.0,271.0
1828,2014-03-12,261.0,280.0,261.0,278.0,282811315803,45993594,183,271.0,278.0
1829,2014-03-15,280.0,280.0,269.0,278.0,277663422798,45150044,73,278.0,271.0
1830,2014-03-16,271.0,273.0,266.0,271.0,272079714701,45347361,133,278.0,266.0
1831,2014-03-17,261.0,271.0,261.0,271.0,270641180741,45109563,98,271.0,263.0
1832,2014-03-18,271.0,280.0,271.0,275.0,277250282476,45441711,176,271.0,280.0
1833,2014-03-19,280.0,282.0,275.0,276.0,276543451893,45289066,189,275.0,281.0
1834,2014-03-25,272.0,279.0,266.0,276.0,275147320138,45062300,42,276.0,276.0
1835,2014-03-26,267.0,275.0,267.0,275.0,37040429602,6069963,37,276.0,269.0
1836,2014-03-29,268.0,275.0,264.0,273.0,883968145,148547,74,275.0,270.0
1837,2014-03-30,275.0,280.0,267.0,273.0,848308022,141457,81,273.0,267.0
1838,2014-03-31,274.0,274.0,265.0,272.0,230511313,38915,40,273.0,266.0
1839,2014-04-05,262.0,267.0,261.0,270.0,617436531,106418,63,272.0,267.0
1840,2014-04-06,260.0,260.0,259.0,269.0,366656292,63831,44,270.0,259.0
1841,2014-04-07,258.0,266.0,258.0,263.0,1477996599,258383,129,269.0,266.0
1842,2014-04-08,266.0,271.0,253.0,263.0,870761247,150558,99,263.0,253.0
1843,2014-04-09,252.0,257.0,252.0,261.0,603313355,107265,61,263.0,255.0
1844,2014-04-12,250.0,257.0,250.0,259.0,417020720,74925,57,261.0,250.0
1845,2014-04-13,249.0,253.0,249.0,249.0,6896447220,1249640,194,259.0,249.0
1846,2014-04-14,239.0,254.0,239.0,251.0,3110167316,558783,180,249.0,254.0
1847,2014-04-15,244.0,261.0,244.0,259.0,3307792385,577498,110,251.0,260.0
1848,2014-04-16,261.0,269.0,261.0,267.0,2511822973,421817,139,259.0,269.0
1849,2014-04-19,278.0,278.0,257.0,269.0,1454513263,242218,83,267.0,262.0
1850,2014-04-20,274.0,276.0,266.0,271.0,1701992660,282717,112,269.0,271.0
1851,2014-04-21,275.0,276.0,266.0,273.0,4314240383,712934,155,271.0,266.0
1852,2014-04-22,267.0,274.0,264.0,271.0,6117663935,1019155,173,273.0,271.0
1853,2014-04-23,264.0,273.0,262.0,271.0,2194030178,366142,80,271.0,271.0
1854,2014-04-26,271.0,275.0,266.0,271.0,1951332196,325169,122,271.0,266.0
1855,2014-04-27,271.0,271.0,260.0,261.0,4217664612,730705,141,271.0,260.0
1856,2014-04-28,260.0,261.0,251.0,256.0,1471174504,262693,87,261.0,252.0
1857,2014-04-29,264.0,264.0,246.0,254.0,962755449,174528,69,256.0,246.0
1858,2014-04-30,247.0,264.0,247.0,261.0,2686404978,463113,127,254.0,264.0
1859,2014-05-03,267.0,272.0,266.0,269.0,4209140895,706275,147,261.0,271.0
1860,2014-05-04,259.0,271.0,258.0,269.0,1785280507,299438,74,269.0,271.0
1861,2014-05-05,270.0,270.0,260.0,268.0,549256914,94629,45,269.0,261.0
1862,2014-05-06,260.0,264.0,257.0,265.0,1299160152,224284,48,268.0,260.0
1863,2014-05-07,271.0,271.0,255.0,262.0,1017419747,179061,75,265.0,255.0
1864,2014-05-10,257.0,257.0,251.0,257.0,1274682256,228394,67,262.0,251.0
1865,2014-05-11,247.0,257.0,247.0,255.0,1111682341,200417,57,257.0,255.0
1866,2014-05-12,250.0,254.0,244.0,246.0,5715656901,1050306,207,255.0,248.0
1867,2014-05-14,246.0,248.0,245.0,246.0,1360258308,249431,103,246.0,248.0
1868,2014-05-17,248.0,248.0,236.0,243.0,815566287,154737,79,246.0,236.0
1869,2014-05-18,241.0,248.0,241.0,244.0,765976744,141802,63,243.0,248.0
1870,2014-05-19,239.0,244.0,237.0,243.0,265837491,50204,55,244.0,238.0
1871,2014-05-20,237.0,245.0,237.0,241.0,1096874022,207716,78,243.0,237.0
1872,2014-05-21,235.0,239.0,234.0,237.0,1516513577,291423,137,241.0,235.0
1873,2014-05-24,235.0,235.0,232.0,237.0,425507552,82279,65,237.0,233.0
1874,2014-05-25,231.0,238.0,231.0,237.0,227197642,43926,40,237.0,232.0
1875,2014-05-26,231.0,231.0,229.0,235.0,598264988,117608,80,237.0,229.0
1876,2014-05-28,229.0,232.0,226.0,227.0,2300335505,458539,123,235.0,226.0
1877,2014-05-31,218.0,221.0,218.0,225.0,682663358,140892,79,227.0,218.0
1878,2014-06-01,216.0,216.0,216.0,222.0,661074000,138300,54,225.0,216.0
1879,2014-06-02,213.0,219.0,213.0,214.0,2234984314,472255,131,222.0,213.0
1880,2014-06-03,213.0,223.0,206.0,219.0,2163318637,445508,174,214.0,223.0
1881,2014-06-07,219.0,227.0,217.0,221.0,1117360206,224156,91,219.0,221.0
1882,2014-06-08,227.0,227.0,213.0,220.0,773287923,160425,60,221.0,214.0
1883,2014-06-09,219.0,219.0,214.0,219.0,616953297,129785,41,220.0,217.0
1884,2014-06-10,220.0,211.0,210.0,216.0,729160318,156577,65,219.0,210.0
1885,2014-06-11,207.0,210.0,207.0,214.0,592877350,128966,59,216.0,207.0
1886,2014-06-14,205.0,205.0,205.0,214.0,20006502,4398,18,214.0,205.0
1887,2014-06-15,205.0,205.0,205.0,214.0,14950536,3288,4,214.0,205.0
1888,2014-06-16,205.0,217.0,205.0,212.0,570797300,125018,55,214.0,205.0
1889,2014-06-17,203.0,204.0,203.0,211.0,292690724,64954,51,212.0,203.0
1890,2014-06-18,202.0,211.0,202.0,208.0,929996655,205981,112,211.0,203.0
1891,2014-06-21,208.0,208.0,200.0,207.0,310631427,70077,44,208.0,200.0
1892,2014-06-22,199.0,203.0,199.0,202.0,1353362618,307599,64,207.0,199.0
1893,2014-06-23,202.0,210.0,202.0,206.0,1516713781,329289,58,202.0,210.0
1894,2014-06-24,214.0,214.0,214.0,208.0,586566432,123696,36,206.0,214.0
1895,2014-06-25,216.0,216.0,216.0,212.0,1067559091,222919,42,208.0,216.0
1896,2014-06-28,219.0,219.0,203.0,211.0,729654635,157184,53,212.0,203.0
1897,2014-06-29,203.0,203.0,203.0,211.0,18396700,4100,3,211.0,203.0
1898,2014-06-30,202.0,202.0,202.0,211.0,5830500,1300,3,211.0,202.0
1899,2014-07-01,202.0,218.0,202.0,209.0,778805305,170137,71,211.0,206.0
1900,2014-07-02,210.0,214.0,205.0,211.0,2100424243,449095,89,209.0,208.0
1901,2014-07-05,203.0,219.0,203.0,215.0,1695996915,352808,139,211.0,217.0
1902,2014-07-06,208.0,214.0,207.0,213.0,657731450,143572,56,215.0,207.0
1903,2014-07-07,204.0,214.0,204.0,209.0,980399559,216219,67,213.0,204.0
1904,2014-07-08,201.0,213.0,201.0,204.0,3233824962,714338,145,209.0,208.0
1905,2014-07-09,203.0,207.0,198.0,204.0,1175460395,260067,115,204.0,205.0
1906,2014-07-12,208.0,208.0,199.0,204.0,161641734,36214,19,204.0,200.0
1907,2014-07-13,199.0,200.0,196.0,202.0,682659855,155762,61,204.0,199.0
1908,2014-07-14,194.0,206.0,194.0,203.0,1292088266,286433,59,202.0,206.0
1909,2014-07-15,206.0,206.0,196.0,201.0,1902928094,426991,50,203.0,196.0
1910,2014-07-16,195.0,209.0,195.0,203.0,18371703443,4075703,123,201.0,204.0
1911,2014-07-20,209.0,212.0,209.0,212.0,2323621036,495712,89,203.0,212.0
1912,2014-07-21,218.0,220.0,210.0,219.0,9747224595,2012874,177,212.0,220.0
1913,2014-07-22,221.0,225.0,212.0,219.0,1363826952,279784,101,219.0,220.0
1914,2014-07-23,213.0,221.0,213.0,219.0,730302114,150693,66,219.0,217.0
1915,2014-07-26,211.0,227.0,211.0,225.0,2972741563,596000,161,219.0,226.0
1916,2014-07-27,227.0,230.0,223.0,226.0,1601830547,320090,79,225.0,227.0
1917,2014-07-28,227.0,227.0,223.0,225.0,589692495,118890,26,226.0,224.0
1918,2014-08-02,228.0,234.0,227.0,229.0,1578711121,308602,49,225.0,227.0
1919,2014-08-03,232.0,232.0,220.0,229.0,221082904,43243,28,229.0,232.0
1920,2014-08-04,223.0,233.0,220.0,229.0,686223846,134122,22,229.0,233.0
1921,2014-08-05,222.0,227.0,222.0,229.0,15801722,3188,6,229.0,222.0
1922,2014-08-06,233.0,233.0,222.0,229.0,125609371,25507,10,229.0,222.0
1923,2014-08-09,220.0,227.0,220.0,229.0,119451091,24366,19,229.0,226.0
1924,2014-08-10,220.0,222.0,220.0,228.0,94306911,19276,13,229.0,220.0
1925,2014-08-11,220.0,221.0,220.0,228.0,234414432,47975,29,228.0,220.0
1926,2014-08-12,219.0,231.0,219.0,228.0,27453539473,5441830,1818,228.0,230.0
1927,2014-08-13,234.0,234.0,226.0,228.0,291431806,56935,18,228.0,229.0
1928,2014-08-16,232.0,232.0,227.0,229.0,706613733,137546,36,228.0,227.0
1929,2014-08-23,230.0,230.0,226.0,229.0,5607410000,1104859,173,229.0,227.0
1930,2014-08-24,220.0,226.0,220.0,228.0,341374325,69817,29,229.0,220.0
1931,2014-08-25,219.0,221.0,219.0,226.0,629571430,129841,46,228.0,219.0
1932,2014-08-26,217.0,217.0,217.0,225.0,91115404,18989,22,226.0,217.0
1933,2014-08-27,216.0,217.0,216.0,216.0,2987467150,623685,45,225.0,216.0
1934,2014-08-30,208.0,208.0,208.0,216.0,92362261,20083,9,216.0,208.0
1935,2014-08-31,207.0,209.0,207.0,215.0,109930104,23836,17,216.0,208.0
1936,2014-09-01,207.0,221.0,207.0,215.0,153034844,33248,18,215.0,208.0
1937,2014-09-02,208.0,208.0,206.0,215.0,108813340,23717,17,215.0,206.0
1938,2014-09-03,206.0,206.0,206.0,214.0,298861420,65468,29,215.0,206.0
1939,2014-09-06,205.0,205.0,205.0,213.0,226550573,49889,23,214.0,205.0
1940,2014-09-07,204.0,207.0,204.0,210.0,638334344,141073,21,213.0,204.0
1941,2014-09-08,202.0,202.0,202.0,205.0,1310872872,293114,51,210.0,202.0
1942,2014-09-09,202.0,205.0,198.0,205.0,71756675,16084,13,205.0,198.0
1943,2014-09-10,198.0,202.0,197.0,205.0,66234000,15098,14,205.0,197.0
1944,2014-09-13,197.0,197.0,197.0,205.0,114342370,26225,14,205.0,197.0
1945,2014-09-14,196.0,196.0,196.0,205.0,8266900,1900,2,205.0,196.0
1946,2014-09-15,196.0,196.0,196.0,204.0,13050000,3000,2,205.0,196.0
1947,2014-09-16,196.0,196.0,196.0,204.0,3696650,850,2,204.0,196.0
1948,2014-09-17,196.0,196.0,196.0,204.0,26833330,6170,2,204.0,196.0
1949,2014-09-20,196.0,196.0,196.0,204.0,434700,100,1,204.0,196.0
1950,2014-09-21,196.0,196.0,196.0,201.0,870738876,200308,21,204.0,196.0
1951,2014-09-22,205.0,209.0,204.0,205.0,1234068793,266396,78,201.0,209.0
1952,2014-09-23,211.0,214.0,211.0,207.0,360294120,76242,39,205.0,214.0
1953,2014-09-24,215.0,215.0,215.0,209.0,785571360,165036,52,207.0,215.0
1954,2014-09-27,218.0,218.0,218.0,210.0,234503504,48632,18,209.0,218.0
1955,2014-09-28,219.0,219.0,219.0,211.0,342495909,70749,27,210.0,219.0
1956,2014-09-29,220.0,220.0,220.0,220.0,4208872800,864600,37,211.0,220.0
1957,2014-09-30,228.0,228.0,217.0,224.0,2176051913,436938,132,220.0,217.0
1958,2014-10-01,225.0,225.0,218.0,223.0,1855578001,375372,66,224.0,223.0
1959,2014-10-04,217.0,217.0,215.0,222.0,363236927,76254,18,223.0,216.0
1960,2014-10-06,223.0,228.0,222.0,225.0,1677344184,333285,72,222.0,226.0
1961,2014-10-07,228.0,234.0,226.0,229.0,1634107808,319690,119,225.0,230.0
1962,2014-10-08,232.0,232.0,225.0,229.0,1090977209,214658,80,229.0,230.0
1963,2014-10-11,226.0,230.0,226.0,229.0,627632046,123808,85,229.0,230.0
1964,2014-10-12,230.0,230.0,222.0,228.0,1201671909,239773,107,229.0,226.0
1965,2014-10-14,226.0,229.0,219.0,221.0,3366543796,687743,143,228.0,219.0
1966,2014-10-15,225.0,225.0,215.0,221.0,767945340,157556,124,221.0,215.0
1967,2014-10-18,218.0,225.0,218.0,222.0,1955135615,396121,99,221.0,224.0
1968,2014-10-19,222.0,231.0,222.0,229.0,3668052101,723965,84,222.0,231.0
1969,2014-10-20,238.0,238.0,238.0,238.0,26555264714,5039906,142,229.0,238.0
1970,2014-10-21,247.0,247.0,247.0,247.0,2739845177,500063,39,238.0,247.0
1971,2014-10-22,255.0,257.0,248.0,255.0,10236846726,1814605,370,247.0,253.0
1972,2014-10-25,261.0,265.0,259.0,264.0,4572495032,783228,123,255.0,265.0
1973,2014-10-26,263.0,264.0,261.0,263.0,3023489267,519459,223,264.0,263.0
1974,2014-10-27,253.0,273.0,253.0,271.0,7928540446,1321695,190,263.0,269.0
1975,2014-10-28,274.0,279.0,271.0,275.0,3088202252,507459,114,271.0,273.0
1976,2014-10-29,279.0,279.0,265.0,271.0,4340588384,722241,122,275.0,265.0
1977,2014-11-01,264.0,275.0,262.0,266.0,2844901838,482189,179,271.0,262.0
1978,2014-11-02,261.0,261.0,256.0,259.0,2214124497,389896,99,266.0,256.0
1979,2014-11-05,253.0,265.0,248.0,260.0,2457377717,425722,132,259.0,261.0
1980,2014-11-08,260.0,262.0,252.0,257.0,1530207753,272270,84,260.0,252.0
1981,2014-11-09,251.0,266.0,248.0,259.0,1863033625,323230,101,257.0,262.0
1982,2014-11-10,266.0,267.0,255.0,260.0,3406474820,592465,59,259.0,255.0
1983,2014-11-11,260.0,266.0,260.0,264.0,4509175838,770612,109,260.0,266.0
1984,2014-11-12,269.0,275.0,269.0,274.0,4682159060,772284,156,264.0,271.0
1985,2014-11-15,271.0,271.0,263.0,263.0,3527213090,605735,119,274.0,263.0
1986,2014-11-16,270.0,270.0,252.0,256.0,2928958095,517092,142,263.0,252.0
1987,2014-11-17,259.0,259.0,245.0,248.0,6115273610,1111242,200,256.0,245.0
1988,2014-11-18,246.0,255.0,244.0,249.0,1689268952,306001,108,248.0,251.0
1989,2014-11-19,257.0,257.0,242.0,248.0,1502351031,274615,83,249.0,242.0
1990,2014-11-22,257.0,257.0,248.0,249.0,1218329600,218552,102,248.0,249.0
1991,2014-11-23,242.0,259.0,242.0,252.0,1452022925,256833,93,249.0,249.0
1992,2014-11-24,259.0,262.0,257.0,262.0,8648009758,1492242,204,252.0,257.0
1993,2014-11-25,251.0,251.0,251.0,260.0,520412048,93532,26,262.0,251.0
1994,2014-11-26,249.0,257.0,249.0,253.0,3300806309,589350,134,260.0,249.0
1995,2014-11-29,262.0,263.0,262.0,263.0,176096829480,30231265,661,253.0,263.0
1996,2014-11-30,273.0,273.0,273.0,273.0,7088944382,1170179,72,263.0,273.0
1997,2014-12-01,284.0,284.0,284.0,284.0,3402189000,540030,51,273.0,284.0
1998,2014-12-02,296.0,296.0,296.0,296.0,35345628864,5394632,207,284.0,296.0
1999,2014-12-03,308.0,308.0,308.0,308.0,6730692036,987774,70,296.0,308.0
2000,2014-12-06,320.0,320.0,320.0,320.0,10142262660,1431310,165,308.0,320.0
2001,2014-12-07,333.0,333.0,333.0,332.0,3436702637,466373,57,320.0,333.0
2002,2014-12-08,345.0,345.0,335.0,344.0,202056540262,26479883,1873,332.0,345.0
2003,2014-12-09,346.0,356.0,337.0,350.0,63329091155,8169096,823,344.0,348.0
2004,2014-12-10,357.0,364.0,357.0,361.0,13005063890,1626446,134,350.0,364.0
2005,2014-12-14,375.0,375.0,362.0,373.0,41809710465,5058574,731,361.0,373.0
2006,2014-12-15,372.0,378.0,360.0,368.0,39072366586,4788559,839,373.0,372.0
2007,2014-12-16,370.0,383.0,363.0,379.0,60128277455,7164474,854,368.0,370.0
2008,2014-12-17,379.0,390.0,374.0,387.0,115011463903,13419933,1487,379.0,375.0
2009,2014-12-20,381.0,384.0,371.0,377.0,7415096256,887708,321,387.0,371.0
2010,2014-12-22,362.0,362.0,362.0,362.0,26003756592,3242768,663,377.0,362.0
2011,2014-12-24,348.0,357.0,348.0,349.0,30988796580,4008260,474,362.0,352.0
2012,2014-12-27,349.0,363.0,349.0,360.0,14179694620,1775759,301,349.0,363.0
2013,2014-12-28,375.0,375.0,363.0,368.0,13331766092,1634921,345,360.0,369.0
2014,2014-12-29,370.0,370.0,360.0,364.0,3960239178,491256,143,368.0,361.0
2015,2014-12-30,361.0,367.0,353.0,363.0,3524645125,438880,330,364.0,355.0
2016,2014-12-31,361.0,365.0,349.0,362.0,42366201008,5282263,2607,363.0,349.0
2017,2015-01-03,361.0,363.0,348.0,356.0,8688829448,1101961,377,362.0,348.0
2018,2015-01-04,360.0,365.0,342.0,354.0,5530094049,704730,242,356.0,342.0
2019,2015-01-05,360.0,360.0,340.0,342.0,3600179017,476336,114,354.0,340.0
2020,2015-01-06,340.0,340.0,330.0,334.0,6535649822,883319,198,342.0,339.0
2021,2015-01-07,347.0,347.0,333.0,346.0,8710904834,1136699,157,334.0,347.0
2022,2015-01-10,352.0,352.0,332.0,342.0,7949551399,1050097,453,346.0,332.0
2023,2015-01-17,353.0,353.0,348.0,352.0,959502795,137440,27,342.0,348.0
2024,2015-01-18,352.0,358.0,352.0,352.0,2022238180,289622,109,352.0,353.0
2025,2015-02-04,387.0,387.0,372.0,378.0,7093267787,948312,220,352.0,372.0
2026,2015-02-07,383.0,383.0,362.0,370.0,2604127860,358764,162,378.0,362.0
2027,2015-02-08,370.0,370.0,355.0,365.0,1170051065,165629,134,370.0,355.0
2028,2015-02-09,351.0,351.0,351.0,364.0,187076192,26929,15,365.0,351.0
2029,2015-02-10,350.0,371.0,350.0,368.0,48988234713,6724701,311,364.0,350.0
2030,2015-02-14,353.0,361.0,353.0,353.0,48377052874,6907618,463,368.0,353.0
2031,2015-02-15,339.0,341.0,339.0,339.0,4340320467,645323,88,353.0,339.0
2032,2015-02-16,326.0,351.0,326.0,338.0,36890898412,5506717,827,339.0,345.0
2033,2015-02-17,348.0,352.0,338.0,349.0,41986021805,6068719,764,338.0,338.0
2034,2015-02-18,343.0,347.0,335.0,339.0,10448665027,1555400,307,349.0,335.0
2035,2015-02-21,326.0,340.0,326.0,329.0,9311043148,1429916,396,339.0,326.0
2036,2015-02-22,328.0,328.0,316.0,320.0,8241734562,1300917,425,329.0,317.0
2037,2015-02-23,327.0,327.0,313.0,320.0,5153134673,813446,167,320.0,321.0
2038,2015-02-24,320.0,333.0,320.0,332.0,18708548318,2842050,365,320.0,333.0
2039,2015-02-25,341.0,341.0,319.0,327.0,5390355500,830920,342,332.0,322.0
2040,2015-02-28,332.0,340.0,322.0,332.0,9387994925,1429024,348,327.0,322.0
2041,2015-03-01,333.0,333.0,318.0,320.0,14963034750,2363007,457,332.0,318.0
2042,2015-03-15,340.0,340.0,326.0,328.0,1396239672,397637,96,320.0,326.0
2043,2015-03-16,315.0,315.0,315.0,315.0,4416960623,1310267,230,328.0,315.0
2044,2015-03-17,302.0,313.0,302.0,303.0,4258688853,1313313,232,315.0,307.0
2045,2015-03-18,313.0,315.0,313.0,315.0,1357820716,402821,100,303.0,315.0
2046,2015-03-25,308.0,318.0,303.0,312.0,936642357,285665,89,315.0,303.0
2047,2015-03-28,313.0,324.0,305.0,313.0,770509735,227484,102,312.0,314.0
2048,2015-03-29,322.0,322.0,309.0,315.0,2576365896,761902,175,313.0,309.0
2049,2015-03-30,315.0,315.0,303.0,308.0,2880404698,874498,154,315.0,303.0
2050,2015-03-31,299.0,307.0,295.0,305.0,596724995,187677,83,308.0,295.0
2051,2015-04-04,317.0,317.0,317.0,317.0,9573958000,2815870,84,305.0,317.0
2052,2015-04-05,330.0,330.0,330.0,330.0,3115216000,881000,48,317.0,330.0
2053,2015-04-06,343.0,343.0,318.0,332.0,8614668562,2423490,316,330.0,321.0
2054,2015-04-07,325.0,325.0,319.0,320.0,5392825762,1574409,213,332.0,319.0
2055,2015-04-08,318.0,333.0,318.0,331.0,4502160588,1269580,209,320.0,327.0
2056,2015-04-11,326.0,342.0,320.0,325.0,2980993799,856663,103,331.0,327.0
2057,2015-04-12,327.0,334.0,322.0,328.0,2456177644,698827,140,325.0,334.0
2058,2015-04-13,334.0,341.0,327.0,334.0,5438594486,1519377,207,328.0,341.0
2059,2015-04-14,348.0,348.0,342.0,347.0,15293200660,4110863,439,334.0,346.0
2060,2015-04-15,348.0,354.0,334.0,344.0,3025867226,821927,174,347.0,350.0
2061,2015-04-18,345.0,347.0,331.0,339.0,3524172455,969144,149,344.0,336.0
2062,2015-04-19,345.0,345.0,327.0,339.0,1577604902,434499,127,339.0,337.0
2063,2015-04-20,353.0,353.0,350.0,353.0,24337144848,6442142,564,339.0,353.0
2064,2015-04-21,358.0,361.0,339.0,348.0,5475702672,1470288,293,353.0,340.0
2065,2015-04-22,341.0,343.0,334.0,334.0,10431369127,2914511,463,348.0,334.0
2066,2015-04-28,348.0,348.0,348.0,348.0,4837516898,1299709,127,334.0,348.0
2067,2015-04-29,353.0,353.0,334.0,343.0,3792871223,1033138,289,348.0,337.0
2068,2015-05-03,345.0,345.0,329.0,330.0,7878065130,2230689,213,343.0,329.0
2069,2015-05-04,318.0,322.0,317.0,325.0,1047345106,308429,120,330.0,317.0
2070,2015-05-05,312.0,326.0,312.0,317.0,2800014165,824849,201,325.0,317.0
2071,2015-05-06,317.0,317.0,305.0,306.0,3601932427,1100159,210,317.0,305.0
2072,2015-05-09,296.0,303.0,294.0,297.0,2008707021,638594,141,306.0,294.0
2073,2015-05-10,286.0,300.0,285.0,287.0,7230817595,2352256,307,297.0,289.0
2074,2015-05-11,285.0,298.0,285.0,293.0,1631749616,513112,137,287.0,296.0
2075,2015-05-12,303.0,304.0,281.0,294.0,1310067088,414865,80,293.0,302.0
2076,2015-05-13,301.0,303.0,289.0,294.0,1450322513,460915,160,294.0,303.0
2077,2015-05-17,303.0,303.0,288.0,293.0,351122088,112563,69,294.0,296.0
2078,2015-05-18,295.0,300.0,282.0,291.0,1357774114,440320,148,293.0,289.0
2079,2015-05-19,286.0,294.0,286.0,290.0,1293435315,416384,131,291.0,291.0
2080,2015-05-20,298.0,298.0,279.0,281.0,2624769038,870785,148,290.0,284.0
2081,2015-05-23,281.0,282.0,269.0,281.0,387219959,131112,73,281.0,275.0
2082,2015-05-24,274.0,275.0,267.0,277.0,772153238,268226,84,281.0,272.0
2083,2015-05-25,279.0,285.0,267.0,275.0,1469789638,502561,126,277.0,267.0
2084,2015-05-26,266.0,271.0,262.0,272.0,589945042,207855,54,275.0,270.0
2085,2015-05-27,270.0,270.0,262.0,271.0,487022522,172366,63,272.0,263.0
2086,2015-05-30,265.0,265.0,257.0,265.0,1207805560,435432,81,271.0,258.0
2087,2015-05-31,259.0,259.0,252.0,261.0,851486277,313725,97,265.0,252.0
2088,2015-06-01,252.0,262.0,249.0,260.0,796006932,287717,112,261.0,261.0
2089,2015-06-02,266.0,266.0,257.0,260.0,909186557,324779,137,260.0,262.0
2090,2015-06-06,266.0,273.0,263.0,264.0,991088949,344466,117,260.0,271.0
2091,2015-06-07,271.0,273.0,269.0,265.0,585487621,201897,67,264.0,269.0
2092,2015-06-08,273.0,273.0,260.0,265.0,577337398,204332,73,265.0,262.0
2093,2015-06-09,265.0,265.0,252.0,261.0,839293374,308021,86,265.0,252.0
2094,2015-06-10,267.0,267.0,248.0,259.0,813589066,298385,92,261.0,259.0
2095,2015-06-13,267.0,267.0,255.0,259.0,654302922,236965,53,259.0,258.0
2096,2015-06-14,260.0,266.0,260.0,259.0,619100158,220809,61,259.0,262.0
2097,2015-06-15,264.0,264.0,253.0,259.0,336101650,121579,47,259.0,255.0
2098,2015-06-16,262.0,268.0,258.0,260.0,1493006178,534276,142,259.0,268.0
2099,2015-06-17,270.0,273.0,268.0,269.0,1934755537,663933,122,260.0,268.0
2100,2015-06-20,276.0,276.0,260.0,270.0,1046713904,361759,69,269.0,267.0
2101,2015-06-21,262.0,262.0,256.0,263.0,1402149138,506757,112,270.0,259.0
2102,2015-06-22,260.0,269.0,260.0,264.0,723784211,255296,94,263.0,263.0
2103,2015-06-23,264.0,270.0,258.0,261.0,2269761474,814111,103,264.0,262.0
2104,2015-06-24,262.0,263.0,248.0,257.0,2588514129,940252,201,261.0,254.0
2105,2015-06-27,258.0,262.0,258.0,260.0,3504760796,1256764,170,257.0,261.0
2106,2015-06-28,262.0,265.0,261.0,261.0,1327811700,474025,84,260.0,265.0
2107,2015-06-29,265.0,269.0,264.0,262.0,449604538,157821,75,261.0,268.0
2108,2015-06-30,268.0,275.0,268.0,269.0,1368300965,465678,87,262.0,275.0
2109,2015-07-01,269.0,276.0,267.0,269.0,745751706,257240,64,269.0,269.0
2110,2015-07-04,275.0,282.0,275.0,276.0,1603807732,534599,98,269.0,280.0
2111,2015-07-05,280.0,288.0,274.0,276.0,966831052,325171,94,276.0,280.0
2112,2015-07-06,285.0,285.0,276.0,277.0,266534814,89016,43,276.0,277.0
2113,2015-07-07,284.0,284.0,274.0,277.0,1708607541,577144,89,277.0,278.0
2114,2015-07-11,277.0,285.0,274.0,278.0,884640582,293992,56,277.0,284.0
2115,2015-07-12,288.0,291.0,287.0,281.0,734744336,237896,68,278.0,287.0
2116,2015-07-13,292.0,295.0,291.0,292.0,2196793379,695800,66,281.0,295.0
2117,2015-07-14,306.0,306.0,288.0,294.0,4994593489,1584200,172,292.0,288.0
2118,2015-07-15,297.0,297.0,280.0,283.0,3003501132,989486,165,294.0,289.0
2119,2015-07-20,293.0,293.0,276.0,283.0,408428715,134752,47,283.0,280.0
2120,2015-07-21,280.0,289.0,277.0,283.0,386646916,128315,47,283.0,287.0
2121,2015-07-22,287.0,287.0,272.0,282.0,518823835,173990,66,283.0,276.0
2122,2015-07-25,279.0,281.0,268.0,278.0,854200373,294751,92,282.0,268.0
2123,2015-07-26,264.0,278.0,264.0,277.0,522195521,179115,54,278.0,277.0
2124,2015-07-27,284.0,284.0,266.0,277.0,83303543,28885,29,277.0,276.0
2125,2015-07-28,269.0,276.0,268.0,276.0,111765475,38693,15,277.0,274.0
2126,2015-07-29,266.0,280.0,263.0,268.0,3571985951,1245526,188,276.0,272.0
2127,2015-08-01,272.0,275.0,266.0,268.0,1122620732,390368,77,268.0,271.0
2128,2015-08-02,267.0,275.0,264.0,271.0,1971125288,677729,100,268.0,273.0
2129,2015-08-03,274.0,274.0,266.0,270.0,383535730,133159,53,271.0,271.0
2130,2015-08-04,271.0,273.0,261.0,269.0,2644619155,918864,69,270.0,261.0
2131,2015-08-05,265.0,271.0,265.0,269.0,238156052,82493,25,269.0,271.0
2132,2015-08-08,269.0,273.0,264.0,270.0,1357326184,468111,71,269.0,270.0
2133,2015-08-09,266.0,274.0,260.0,269.0,3072397506,1065044,104,270.0,270.0
2134,2015-08-10,268.0,271.0,267.0,269.0,206742215,72083,24,269.0,271.0
2135,2015-08-12,268.0,269.0,261.0,268.0,586198494,206520,59,269.0,267.0
2136,2015-08-15,261.0,269.0,261.0,268.0,328736344,116186,39,268.0,269.0
2137,2015-08-16,271.0,271.0,254.0,266.0,472617586,169854,40,268.0,254.0
2138,2015-08-17,253.0,265.0,253.0,260.0,1174381357,432034,77,266.0,253.0
2139,2015-08-18,249.0,270.0,249.0,260.0,2064195060,739933,124,260.0,261.0
2140,2015-08-19,252.0,263.0,251.0,260.0,152371875,55626,25,260.0,261.0
2141,2015-08-22,261.0,261.0,251.0,260.0,185391362,68400,15,260.0,251.0
2142,2015-08-23,254.0,258.0,252.0,259.0,318207472,117620,27,260.0,257.0
2143,2015-08-24,249.0,257.0,249.0,256.0,696144173,259590,59,259.0,250.0
2144,2015-08-25,249.0,252.0,243.0,255.0,337861942,127979,26,256.0,243.0
2145,2015-08-26,242.0,252.0,242.0,253.0,380257481,145694,29,255.0,250.0
2146,2015-08-29,252.0,253.0,252.0,253.0,262063524,97010,24,253.0,252.0
2147,2015-08-30,247.0,252.0,240.0,245.0,1512710917,584739,87,253.0,240.0
2148,2015-08-31,243.0,243.0,234.0,243.0,524101981,207432,55,245.0,241.0
2149,2015-09-01,243.0,247.0,243.0,243.0,450067914,172010,47,243.0,244.0
2150,2015-09-02,249.0,249.0,238.0,243.0,391888016,151729,69,243.0,244.0
2151,2015-09-05,247.0,255.0,233.0,246.0,1684356964,635889,104,243.0,248.0
2152,2015-09-06,246.0,256.0,246.0,247.0,376899085,140177,46,246.0,248.0
2153,2015-09-07,253.0,253.0,239.0,246.0,231864635,89056,40,247.0,246.0
2154,2015-09-08,248.0,249.0,237.0,246.0,432026610,165498,56,246.0,248.0
2155,2015-09-09,243.0,247.0,243.0,246.0,279432835,106217,19,246.0,246.0
2156,2015-09-12,247.0,252.0,238.0,245.0,501097622,193079,40,246.0,248.0
2157,2015-09-13,239.0,242.0,234.0,243.0,542092672,212397,36,245.0,234.0
2158,2015-09-14,234.0,234.0,234.0,243.0,26480163,10560,9,243.0,234.0
2159,2015-09-15,234.0,234.0,232.0,242.0,236293007,94974,26,243.0,232.0
2160,2015-09-16,239.0,239.0,230.0,241.0,201031875,81302,30,242.0,230.0
2161,2015-09-19,230.0,237.0,229.0,240.0,138981590,56483,19,241.0,230.0
2162,2015-09-20,228.0,228.0,228.0,240.0,116575080,47640,12,240.0,228.0
2163,2015-09-21,250.0,250.0,234.0,250.0,5422630579,2024976,80,240.0,242.0
2164,2015-09-22,240.0,245.0,238.0,248.0,466893898,183016,36,250.0,243.0
2165,2015-09-23,238.0,245.0,235.0,246.0,277634190,108732,39,248.0,242.0
2166,2015-09-26,234.0,242.0,234.0,244.0,516947421,205893,23,246.0,240.0
2167,2015-09-27,232.0,238.0,232.0,242.0,437391323,175105,44,244.0,232.0
2168,2015-09-28,231.0,231.0,230.0,241.0,108342993,44006,15,242.0,230.0
2169,2015-09-29,229.0,233.0,229.0,240.0,246666154,100518,32,241.0,229.0
2170,2015-09-30,228.0,228.0,228.0,237.0,532651825,218373,50,240.0,228.0
2171,2015-10-03,225.0,227.0,225.0,234.0,566821023,235265,36,237.0,225.0
2172,2015-10-04,231.0,231.0,222.0,232.0,344001886,144695,49,234.0,222.0
2173,2015-10-05,220.0,222.0,220.0,231.0,192163169,81370,21,232.0,220.0
2174,2015-10-06,219.0,220.0,219.0,230.0,152705790,64981,18,231.0,219.0
2175,2015-10-07,219.0,223.0,218.0,229.0,126444052,53906,22,230.0,218.0
2176,2015-10-10,218.0,222.0,218.0,229.0,126081010,53372,13,229.0,222.0
2177,2015-10-11,223.0,223.0,217.0,227.0,348124566,148991,37,229.0,217.0
2178,2015-10-12,223.0,227.0,220.0,227.0,57338708,24184,9,227.0,220.0
2179,2015-10-13,230.0,230.0,218.0,226.0,161367500,67500,11,227.0,218.0
2180,2015-10-14,228.0,228.0,221.0,225.0,929663688,388358,40,226.0,221.0
2181,2015-10-17,227.0,236.0,227.0,235.0,2153785949,855191,48,225.0,236.0
2182,2015-10-18,246.0,246.0,235.0,246.0,6939740412,2630993,179,235.0,246.0
2183,2015-10-19,241.0,258.0,241.0,253.0,7072325016,2606053,196,246.0,258.0
2184,2015-10-20,257.0,261.0,253.0,257.0,2892802219,1052838,105,253.0,256.0
2185,2015-10-21,259.0,259.0,245.0,253.0,1626087101,604100,111,257.0,256.0
2186,2015-10-25,256.0,256.0,240.0,243.0,2764142885,1061637,104,253.0,240.0
2187,2015-10-26,243.0,246.0,235.0,242.0,330464074,129108,27,243.0,238.0
2188,2015-10-27,247.0,252.0,241.0,245.0,2177605615,829515,106,242.0,246.0
2189,2015-11-04,262.0,271.0,261.0,263.0,4554710979,1614754,194,245.0,262.0
2190,2015-11-07,263.0,264.0,250.0,255.0,2077873852,763964,181,263.0,254.0
2191,2015-11-08,261.0,261.0,242.0,246.0,2190739779,833434,164,255.0,245.0
2192,2015-11-09,245.0,251.0,244.0,246.0,1149152474,435111,69,246.0,246.0
2193,2015-11-10,249.0,249.0,243.0,246.0,421879710,161317,36,246.0,247.0
2194,2015-11-11,243.0,248.0,241.0,245.0,608820935,232878,36,246.0,244.0
2195,2015-11-14,241.0,245.0,239.0,244.0,579485465,224966,38,245.0,245.0
2196,2015-11-15,245.0,245.0,241.0,243.0,818752438,315731,33,244.0,245.0
2197,2015-11-16,235.0,242.0,235.0,242.0,726835766,285635,52,243.0,239.0
2198,2015-11-17,242.0,253.0,242.0,247.0,1443193560,538893,119,242.0,253.0
2199,2015-11-18,252.0,253.0,247.0,247.0,365854412,136826,43,247.0,250.0
2200,2015-11-21,252.0,252.0,244.0,247.0,95899028,36221,17,247.0,244.0
2201,2015-11-22,244.0,248.0,243.0,246.0,971867236,372399,52,247.0,243.0
2202,2015-11-23,249.0,250.0,241.0,245.0,560558488,214551,47,246.0,246.0
2203,2015-11-24,247.0,248.0,243.0,245.0,337433685,129058,19,245.0,248.0
2204,2015-11-25,243.0,243.0,243.0,245.0,248318692,95492,15,245.0,243.0
2205,2015-11-28,250.0,250.0,240.0,245.0,111939147,43331,15,245.0,241.0
2206,2015-11-29,240.0,241.0,240.0,244.0,166355146,64621,29,245.0,240.0
2207,2015-11-30,244.0,244.0,234.0,241.0,1131281880,445272,45,244.0,235.0
2208,2015-12-01,236.0,236.0,229.0,234.0,1300330031,529754,86,241.0,229.0
2209,2015-12-05,222.0,236.0,222.0,225.0,4241458043,1762041,287,234.0,225.0
2210,2015-12-06,214.0,220.0,214.0,216.0,19125059267,8282976,773,225.0,214.0
2211,2015-12-07,210.0,217.0,205.0,209.0,6147794611,2749265,485,216.0,206.0
2212,2015-12-08,206.0,210.0,204.0,206.0,2639624076,1193668,243,209.0,204.0
2213,2015-12-09,208.0,214.0,205.0,211.0,2937731031,1299697,229,206.0,212.0
2214,2015-12-13,214.0,214.0,204.0,207.0,2427318835,1096149,144,211.0,206.0
2215,2015-12-14,207.0,209.0,205.0,207.0,1321483702,594144,100,207.0,206.0
2216,2015-12-15,208.0,212.0,206.0,209.0,1935770358,866225,138,207.0,209.0
2217,2015-12-16,209.0,209.0,204.0,206.0,2916789041,1324162,144,209.0,204.0
2218,2015-12-19,204.0,207.0,202.0,204.0,4988804189,2281332,274,206.0,205.0
2219,2015-12-20,204.0,207.0,198.0,203.0,6398529342,2939821,311,204.0,203.0
2220,2015-12-21,204.0,204.0,201.0,203.0,3180643284,1464591,164,203.0,203.0
2221,2015-12-22,203.0,203.0,199.0,201.0,1427830890,663224,122,203.0,202.0
2222,2015-12-23,199.0,211.0,199.0,211.0,9556137981,4229278,465,201.0,211.0
2223,2015-12-26,212.0,217.0,210.0,214.0,3200820217,1398441,232,211.0,213.0
2224,2015-12-27,205.0,214.0,205.0,210.0,3432657765,1528822,223,214.0,208.0
2225,2015-12-28,210.0,219.0,208.0,216.0,11782331156,5086634,489,210.0,217.0
2226,2015-12-30,219.0,227.0,219.0,226.0,20129673016,8301060,444,216.0,227.0
2227,2016-01-02,236.0,238.0,226.0,234.0,29019533432,11604029,942,226.0,230.0
2228,2016-01-03,230.0,241.0,226.0,234.0,26809983139,10709010,889,234.0,239.0
2229,2016-01-04,239.0,245.0,239.0,245.0,31852331045,12127226,791,234.0,245.0
2230,2016-01-10,265.0,278.0,265.0,271.0,38715878771,14422120,976,245.0,275.0
2231,2016-01-11,277.0,285.0,277.0,284.0,28271640003,10043386,438,271.0,285.0
2232,2016-01-12,299.0,299.0,290.0,298.0,108615877150,36822780,1864,284.0,298.0
2233,2016-01-13,293.0,302.0,288.0,294.0,21520560732,7403391,782,298.0,294.0
2234,2016-01-16,303.0,306.0,288.0,296.0,17750464706,6053494,593,294.0,291.0
2235,2016-01-17,296.0,302.0,282.0,286.0,11155431641,3939338,377,296.0,282.0
2236,2016-01-18,275.0,287.0,273.0,280.0,8295747333,2996136,296,286.0,286.0
2237,2016-01-19,293.0,294.0,291.0,294.0,17446203550,6002189,254,280.0,294.0
2238,2016-01-20,308.0,308.0,308.0,308.0,3143560000,1030000,59,294.0,308.0
2239,2016-01-23,324.0,324.0,324.0,324.0,2819520000,880000,39,308.0,324.0
2240,2016-01-24,340.0,340.0,340.0,340.0,2960320000,880000,41,324.0,340.0
2241,2016-01-25,357.0,357.0,349.0,357.0,95670443841,27090847,867,340.0,357.0
2242,2016-01-26,375.0,375.0,375.0,375.0,5551176895,1497485,48,357.0,375.0
2243,2016-01-27,393.0,393.0,374.0,393.0,79262673741,20406790,943,375.0,393.0
2244,2016-01-30,393.0,412.0,393.0,407.0,12133977718,3015195,192,393.0,412.0
2245,2016-01-31,427.0,427.0,407.0,425.0,53766669568,12775124,811,407.0,427.0
2246,2016-02-01,446.0,447.0,435.0,446.0,40068830080,9076062,577,425.0,447.0
2247,2016-02-02,455.0,461.0,427.0,445.0,37900865268,8613644,832,446.0,453.0
2248,2016-02-03,435.0,443.0,426.0,434.0,17122335316,3984206,406,445.0,434.0
2249,2016-02-06,424.0,446.0,416.0,432.0,89996530200,21059951,805,434.0,444.0
2250,2016-02-07,453.0,453.0,435.0,450.0,123862116147,27796057,1343,432.0,445.0
2251,2016-02-08,473.0,473.0,472.0,473.0,78648587828,16812926,684,450.0,473.0
2252,2016-02-09,496.0,496.0,475.0,493.0,46229824013,9466869,701,473.0,478.0
2253,2016-02-10,481.0,518.0,481.0,509.0,63682764650,12632511,1006,493.0,505.0
2254,2016-02-13,505.0,520.0,484.0,490.0,33554207972,6913769,735,509.0,485.0
2255,2016-02-14,492.0,515.0,475.0,501.0,46948460133,9466266,853,490.0,515.0
2256,2016-02-15,526.0,526.0,526.0,526.0,4583040000,880000,58,501.0,526.0
2257,2016-02-16,553.0,553.0,553.0,553.0,4811840000,880000,31,526.0,553.0
2258,2016-02-17,580.0,580.0,580.0,580.0,5052080000,880000,35,553.0,580.0
2259,2016-02-20,609.0,609.0,576.0,603.0,160879368808,26952130,1981,580.0,584.0
2260,2016-02-21,603.0,609.0,573.0,591.0,64330057385,11002880,1265,603.0,585.0
2261,2016-02-22,616.0,620.0,600.0,618.0,68670992033,11235126,1047,591.0,620.0
2262,2016-02-23,627.0,646.0,596.0,615.0,46887192403,7707460,763,618.0,600.0
2263,2016-02-24,591.0,625.0,588.0,616.0,40186667246,6592202,582,615.0,616.0
2264,2016-02-27,627.0,647.0,626.0,644.0,78891036704,12380884,1075,616.0,647.0
2265,2016-02-28,666.0,674.0,622.0,654.0,45113318122,6967508,686,644.0,654.0
2266,2016-02-29,677.0,687.0,662.0,683.0,134691455347,19920929,1374,654.0,687.0
2267,2016-03-01,707.0,717.0,667.0,703.0,112806387199,16207563,2303,683.0,686.0
2268,2016-03-02,677.0,682.0,668.0,671.0,18249378216,2749529,287,703.0,668.0
2269,2016-03-05,637.0,655.0,637.0,640.0,133111094562,21007693,2635,671.0,640.0
2270,2016-03-06,652.0,660.0,609.0,630.0,55925918437,8978712,1545,640.0,613.0
2271,2016-03-07,612.0,657.0,609.0,640.0,104841722920,16566916,1257,630.0,648.0
2272,2016-03-08,655.0,671.0,630.0,663.0,83183740021,12680632,1416,640.0,668.0
2273,2016-03-09,683.0,687.0,657.0,677.0,57226376953,8544042,821,663.0,659.0
2274,2016-03-12,697.0,697.0,648.0,679.0,42667875024,6352333,872,677.0,650.0
2275,2016-03-14,677.0,677.0,645.0,651.0,29209391473,4532937,885,679.0,645.0
2276,2016-03-15,627.0,657.0,619.0,627.0,28515619651,4592504,975,651.0,619.0
2277,2016-05-01,679.0,708.0,664.0,685.0,34739602080,14645993,1402,627.0,664.0
2278,2016-05-02,703.0,719.0,653.0,715.0,51724428461,20904851,1425,685.0,719.0
2279,2016-05-03,731.0,750.0,714.0,732.0,23300921270,9191998,803,715.0,719.0
2280,2016-05-04,734.0,734.0,696.0,703.0,18871479916,7756212,713,732.0,696.0
2281,2016-05-07,685.0,693.0,668.0,668.0,24584145637,10627981,700,703.0,668.0
2282,2016-05-08,678.0,692.0,653.0,681.0,12206789955,5177985,576,668.0,671.0
2283,2016-05-09,684.0,688.0,647.0,656.0,6994830571,3079171,336,681.0,653.0
2284,2016-05-10,641.0,659.0,624.0,636.0,4252514024,1950400,251,656.0,624.0
2285,2016-05-11,623.0,623.0,604.0,606.0,5384795866,2569683,285,636.0,604.0
2286,2016-05-14,582.0,615.0,582.0,601.0,6267313928,3013020,348,606.0,585.0
2287,2016-05-15,587.0,612.0,587.0,599.0,3504431813,1694469,217,601.0,610.0
2288,2016-05-16,609.0,611.0,578.0,589.0,11933677498,5856915,364,599.0,593.0
2289,2016-05-17,592.0,609.0,581.0,591.0,22417675188,10956488,987,589.0,607.0
2290,2016-05-18,601.0,621.0,593.0,621.0,161743166916,75311511,1926,591.0,621.0
2291,2016-05-21,630.0,634.0,601.0,617.0,36289515186,16979963,1190,621.0,601.0
2292,2016-05-23,609.0,630.0,601.0,612.0,32574293317,15372710,968,617.0,604.0
2293,2016-05-24,612.0,621.0,603.0,610.0,17314802676,8192882,644,612.0,617.0
2294,2016-05-25,612.0,641.0,612.0,637.0,45909567154,20809307,906,610.0,641.0
2295,2016-05-28,666.0,669.0,625.0,655.0,122852280196,54206510,2345,637.0,633.0
2296,2016-05-29,632.0,642.0,622.0,625.0,19267946324,8913556,637,655.0,622.0
2297,2016-05-30,627.0,649.0,618.0,634.0,23356297521,10635017,928,625.0,632.0
2298,2016-05-31,622.0,636.0,604.0,621.0,19369168269,9018169,639,634.0,612.0
2299,2016-06-01,621.0,651.0,621.0,649.0,59528937757,26517428,1279,621.0,651.0
2300,2016-06-05,681.0,681.0,681.0,681.0,8299871447,3521371,159,649.0,681.0
2301,2016-06-06,715.0,715.0,715.0,715.0,6712625032,2713268,123,681.0,715.0
2302,2016-06-07,750.0,750.0,682.0,744.0,274644653616,106695569,4907,715.0,750.0
2303,2016-06-08,762.0,781.0,752.0,776.0,56489062773,21022822,1221,744.0,781.0
2304,2016-06-11,808.0,815.0,751.0,798.0,177667343944,64305935,3491,776.0,777.0
2305,2016-06-12,805.0,838.0,779.0,822.0,137549458678,48331766,2857,798.0,838.0
2306,2016-06-13,843.0,863.0,843.0,861.0,35905413040,12049634,646,822.0,863.0
2307,2016-06-14,896.0,896.0,827.0,861.0,110113913959,36935356,2979,861.0,839.0
2308,2016-06-15,838.0,870.0,818.0,827.0,102077241984,35655956,2365,861.0,824.0
2309,2016-06-18,832.0,864.0,816.0,837.0,34296862647,11842144,953,827.0,838.0
2310,2016-06-19,818.0,852.0,797.0,831.0,46070643812,16022657,1168,837.0,812.0
2311,2016-06-20,797.0,834.0,797.0,819.0,21955973935,7741404,564,831.0,806.0
2312,2016-06-21,815.0,860.0,815.0,849.0,147788426553,50262924,2399,819.0,854.0
2313,2016-06-22,879.0,892.0,878.0,888.0,32265637481,10491716,573,849.0,892.0
2314,2016-06-25,918.0,933.0,901.0,925.0,103345391920,32268454,1687,888.0,933.0
2315,2016-06-26,953.0,972.0,942.0,970.0,59527156429,17725340,1013,925.0,972.0
2316,2016-06-28,1017.0,1018.0,922.0,970.0,145147427846,43234617,3305,970.0,944.0
2317,2016-06-29,969.0,1004.0,931.0,983.0,88917909156,26136003,1854,970.0,975.0
2318,2016-07-02,997.0,997.0,934.0,939.0,38950186264,11984434,1057,983.0,934.0
2319,2016-07-03,924.0,933.0,892.0,903.0,65620588279,20994047,1656,939.0,901.0
2320,2016-07-04,918.0,948.0,899.0,926.0,57210392304,17858390,1399,903.0,904.0
2321,2016-07-05,936.0,962.0,905.0,942.0,63848690735,19590697,1051,926.0,936.0
2322,2016-07-09,974.0,979.0,921.0,952.0,24634159400,7477414,628,942.0,924.0
2323,2016-07-10,920.0,968.0,920.0,959.0,45322082360,13657089,678,952.0,948.0
2324,2016-07-11,939.0,967.0,919.0,940.0,56265658444,17285756,903,959.0,934.0
2325,2016-07-12,946.0,953.0,894.0,910.0,29514032012,9370271,905,940.0,904.0
2326,2016-07-13,902.0,924.0,865.0,907.0,78770133350,25094799,1135,910.0,890.0
2327,2016-07-16,906.0,937.0,880.0,914.0,62813235406,19858666,1169,907.0,896.0
2328,2016-07-17,910.0,913.0,884.0,896.0,29266931789,9435855,666,914.0,887.0
2329,2016-07-18,901.0,933.0,870.0,919.0,73319337021,23057235,1373,896.0,911.0
2330,2016-07-19,933.0,961.0,927.0,949.0,60170146303,18324059,938,919.0,938.0
2331,2016-07-20,953.0,982.0,933.0,960.0,57214134498,17219876,1246,949.0,942.0
2332,2016-07-23,939.0,948.0,912.0,918.0,45904134714,14447910,1712,960.0,912.0
2333,2016-07-24,916.0,935.0,890.0,909.0,19018744671,6046298,1047,918.0,898.0
2334,2016-07-25,898.0,924.0,890.0,903.0,19911789443,6367690,685,909.0,904.0
2335,2016-07-26,919.0,919.0,872.0,885.0,28083002491,9172094,1129,903.0,874.0
2336,2016-07-27,893.0,918.0,840.0,868.0,56637618875,18856377,1882,885.0,840.0
2337,2016-07-31,839.0,881.0,825.0,837.0,44815799850,15475463,1818,868.0,825.0
2338,2016-08-01,829.0,866.0,826.0,851.0,32315234503,10972016,1072,837.0,865.0
2339,2016-08-02,866.0,875.0,832.0,845.0,18127160299,6194884,672,851.0,835.0
2340,2016-08-03,838.0,859.0,818.0,829.0,12131216934,4226231,599,845.0,823.0
2341,2016-08-06,838.0,852.0,818.0,829.0,11699579143,4074436,643,829.0,823.0
2342,2016-08-07,829.0,852.0,827.0,842.0,20891436203,7171771,789,829.0,838.0
2343,2016-08-08,838.0,852.0,823.0,845.0,19802882828,6770724,572,842.0,846.0
2344,2016-08-09,833.0,863.0,833.0,852.0,31907447834,10824973,821,845.0,858.0
2345,2016-08-10,861.0,894.0,856.0,891.0,42074087953,13640224,813,852.0,894.0
2346,2016-08-13,936.0,936.0,936.0,936.0,8401104426,2593734,252,891.0,936.0
2347,2016-08-14,982.0,982.0,889.0,927.0,205040885994,63910554,4167,936.0,905.0
2348,2016-08-15,896.0,939.0,889.0,917.0,20317598518,6399386,757,927.0,893.0
2349,2016-08-16,916.0,919.0,893.0,905.0,27159224629,8669503,861,917.0,896.0
2350,2016-08-17,918.0,918.0,896.0,909.0,15148924583,4813379,488,905.0,898.0
2351,2016-08-20,898.0,921.0,881.0,900.0,27799265454,8918955,883,909.0,890.0
2352,2016-08-21,884.0,905.0,872.0,891.0,25030711193,8119641,626,900.0,875.0
2353,2016-08-22,896.0,925.0,893.0,913.0,60368872545,19092486,1024,891.0,916.0
2354,2016-08-27,942.0,942.0,895.0,903.0,35829965447,11458674,879,913.0,895.0
2355,2016-08-28,881.0,904.0,858.0,871.0,23273400080,7720039,993,903.0,858.0
2356,2016-08-29,835.0,866.0,835.0,847.0,29038222287,9901829,817,871.0,849.0
2357,2016-08-30,838.0,860.0,805.0,812.0,36226908098,12888531,1374,847.0,806.0
2358,2016-08-31,823.0,835.0,780.0,805.0,35199041567,12627603,1376,812.0,803.0
2359,2016-09-03,813.0,826.0,787.0,808.0,17495373107,6252890,622,805.0,800.0
2360,2016-09-04,809.0,826.0,786.0,800.0,7114700461,2568723,390,808.0,788.0
2361,2016-09-05,783.0,823.0,766.0,796.0,52864170249,19183476,1277,800.0,817.0
2362,2016-09-06,823.0,836.0,823.0,835.0,75900608995,26246513,1035,796.0,836.0
2363,2016-09-07,877.0,877.0,838.0,869.0,66532272301,22115286,1592,835.0,847.0
2364,2016-09-10,866.0,866.0,827.0,842.0,21953065017,7534497,655,869.0,828.0
2365,2016-09-11,835.0,835.0,806.0,818.0,17937556662,6337196,698,842.0,820.0
2366,2016-09-13,823.0,835.0,802.0,816.0,12494771285,4424612,464,818.0,806.0
2367,2016-09-14,835.0,835.0,789.0,802.0,23170407349,8348121,955,816.0,792.0
2368,2016-09-17,802.0,802.0,768.0,781.0,44593567997,16495196,979,802.0,783.0
2369,2016-09-18,789.0,820.0,788.0,814.0,43022950617,15269583,1134,781.0,820.0
2370,2016-09-19,823.0,846.0,806.0,825.0,24162837290,8461120,855,814.0,815.0
2371,2016-09-21,835.0,835.0,789.0,799.0,27005525165,9767153,1278,825.0,789.0
2372,2016-09-24,806.0,820.0,792.0,802.0,56730430539,20425505,1520,799.0,799.0
2373,2016-09-25,809.0,823.0,776.0,786.0,55017396609,20212313,2000,802.0,782.0
2374,2016-09-26,792.0,800.0,777.0,789.0,26752098626,9792813,932,786.0,786.0
2375,2016-09-27,796.0,823.0,790.0,806.0,80212374960,28745973,1928,789.0,816.0
2376,2016-09-28,819.0,821.0,786.0,797.0,31862216328,11547007,1217,806.0,789.0
2377,2016-10-01,797.0,807.0,774.0,778.0,76794070572,28524605,2841,797.0,777.0
2378,2016-10-02,788.0,794.0,739.0,764.0,112906019658,42710618,3528,778.0,757.0
2379,2016-10-03,751.0,763.0,732.0,745.0,56001396423,21714502,3027,764.0,748.0
2380,2016-10-04,738.0,782.0,738.0,770.0,66411108660,24904337,2438,745.0,782.0
2381,2016-10-05,794.0,794.0,770.0,781.0,30012425821,11106467,1504,770.0,772.0
2382,2016-10-08,779.0,783.0,748.0,757.0,31610501190,12071040,1798,781.0,754.0
2383,2016-10-09,760.0,763.0,746.0,751.0,16880967449,6491019,987,757.0,752.0
2384,2016-10-10,763.0,779.0,751.0,767.0,17864921912,6732347,930,751.0,763.0
2385,2016-10-15,771.0,774.0,744.0,748.0,27170453507,10490862,1306,767.0,748.0
2386,2016-10-16,750.0,750.0,711.0,718.0,110569337455,44492908,4352,748.0,719.0
2387,2016-10-17,711.0,732.0,710.0,719.0,29298444301,11772454,1429,718.0,716.0
2388,2016-10-18,732.0,735.0,702.0,716.0,55830954431,22537915,2269,719.0,702.0
2389,2016-10-19,694.0,748.0,680.0,714.0,145779754014,58977610,4805,716.0,744.0
2390,2016-10-22,748.0,750.0,737.0,748.0,45372127999,17531147,1056,714.0,750.0
2391,2016-10-23,773.0,773.0,734.0,751.0,44834142261,17258215,1910,748.0,737.0
2392,2016-10-24,743.0,753.0,718.0,732.0,38570066061,15225607,1683,751.0,725.0
2393,2016-10-25,731.0,765.0,728.0,749.0,28602827392,11036841,1354,732.0,744.0
2394,2016-10-26,751.0,751.0,721.0,731.0,30243503974,11942626,1301,749.0,732.0
2395,2016-10-29,737.0,753.0,725.0,739.0,21509691546,8406377,1182,731.0,728.0
2396,2016-10-30,731.0,743.0,725.0,732.0,18012496047,7109009,790,739.0,728.0
2397,2016-10-31,727.0,768.0,726.0,759.0,61422135665,23391928,2476,732.0,768.0
2398,2016-11-01,771.0,779.0,747.0,761.0,31263348338,11864156,1670,759.0,749.0
2399,2016-11-02,751.0,756.0,737.0,744.0,16248753051,6305739,733,761.0,753.0
2400,2016-11-05,751.0,755.0,708.0,726.0,37904786070,15076673,1393,744.0,722.0
2401,2016-11-06,723.0,745.0,714.0,725.0,37860820109,15080400,1020,726.0,722.0
2402,2016-11-07,734.0,746.0,725.0,737.0,12422230384,4872179,662,725.0,745.0
2403,2016-11-08,733.0,748.0,730.0,735.0,14051443003,5523009,660,737.0,738.0
2404,2016-11-09,698.0,721.0,698.0,699.0,80920920268,33460744,2371,735.0,708.0
2405,2016-11-12,705.0,717.0,673.0,686.0,39121791981,16469832,1693,699.0,681.0
2406,2016-11-13,690.0,716.0,688.0,705.0,25923861186,10621001,1162,686.0,714.0
2407,2016-11-14,728.0,740.0,728.0,739.0,34459410058,13477746,735,705.0,740.0
2408,2016-11-15,766.0,775.0,751.0,768.0,153280409186,57676336,4011,739.0,761.0
2409,2016-11-16,764.0,779.0,738.0,763.0,44550008529,16860197,1806,768.0,754.0
2410,2016-11-19,773.0,778.0,755.0,765.0,28822439305,10886569,1242,763.0,758.0
2411,2017-03-12,639.0,662.0,626.0,638.0,45721144705,21101885,1670,765.0,630.0
2412,2017-03-13,633.0,637.0,606.0,617.0,69194262840,33051143,2881,638.0,606.0
2413,2017-03-14,604.0,612.0,586.0,592.0,38590875308,19202954,1918,617.0,586.0
2414,2017-03-15,577.0,584.0,563.0,570.0,56736672319,29328627,2885,592.0,567.0
2415,2017-03-18,574.0,598.0,574.0,592.0,42429377464,21090443,1905,570.0,586.0
2416,2017-03-25,589.0,616.0,577.0,602.0,16270142750,7958077,1043,592.0,602.0
2417,2017-03-26,602.0,615.0,589.0,599.0,10397404849,5110398,739,602.0,598.0
2418,2017-03-27,601.0,601.0,578.0,584.0,12629334969,6366103,997,599.0,585.0
2419,2017-03-28,581.0,590.0,574.0,579.0,14002778985,7127035,1164,584.0,577.0
2420,2017-03-29,578.0,579.0,564.0,569.0,17751175721,9194113,1428,579.0,571.0
2421,2017-04-03,566.0,574.0,556.0,561.0,27264370647,14313458,1888,569.0,562.0
2422,2017-04-04,562.0,562.0,534.0,546.0,25910463001,13964266,2071,561.0,545.0
2423,2017-04-05,542.0,573.0,538.0,557.0,25343062717,13392649,1347,546.0,573.0
2424,2017-04-08,583.0,585.0,576.0,584.0,22484961850,11335303,704,557.0,585.0
2425,2017-04-09,589.0,602.0,583.0,591.0,36883886370,18386928,2038,584.0,589.0
2426,2017-04-10,592.0,612.0,588.0,599.0,37662826211,18509514,1845,591.0,590.0
2427,2017-04-12,604.0,624.0,600.0,613.0,43703910881,20990970,2224,599.0,615.0
2428,2017-04-15,622.0,644.0,622.0,642.0,40393459685,18540428,1119,613.0,642.0
2429,2017-04-16,651.0,663.0,611.0,628.0,54434446092,25526798,2452,642.0,612.0
2430,2017-04-17,614.0,615.0,597.0,601.0,32704423401,16035113,1547,628.0,597.0
2431,2017-04-18,589.0,624.0,588.0,599.0,25232404831,12402794,1232,601.0,598.0
2432,2017-04-19,595.0,612.0,592.0,604.0,19972159726,9742701,1108,599.0,611.0
2433,2017-04-22,611.0,634.0,610.0,629.0,44812975143,20977770,1943,604.0,618.0
2434,2017-04-23,620.0,632.0,598.0,604.0,40815675463,19906642,1969,629.0,598.0
2435,2017-04-24,592.0,595.0,574.0,582.0,31951044744,16173309,1833,604.0,580.0
2436,2017-04-26,583.0,589.0,563.0,575.0,21747466008,11133709,1131,582.0,576.0
2437,2017-04-29,576.0,588.0,565.0,572.0,29411002134,15146765,1621,575.0,566.0
2438,2017-04-30,565.0,577.0,564.0,566.0,26765366573,13916448,1553,572.0,565.0
2439,2017-05-01,574.0,577.0,564.0,568.0,19962786339,10344850,1040,566.0,568.0
2440,2017-05-02,574.0,592.0,568.0,579.0,24072502199,12245277,1485,568.0,574.0
2441,2017-05-03,583.0,583.0,565.0,568.0,17891993545,9268954,1156,579.0,565.0
2442,2017-05-06,568.0,568.0,549.0,556.0,26492237721,14030739,1858,568.0,551.0
2443,2017-05-07,559.0,566.0,545.0,557.0,20220252931,10697338,1200,556.0,551.0
2444,2017-05-08,554.0,568.0,549.0,559.0,36377967940,19169535,1901,557.0,553.0
2445,2017-05-09,554.0,557.0,536.0,544.0,21031225934,11373170,1261,559.0,542.0
2446,2017-05-10,554.0,559.0,539.0,545.0,20793434965,11237024,1116,544.0,545.0
2447,2017-05-13,545.0,556.0,536.0,548.0,12011928584,6454001,784,545.0,539.0
2448,2017-05-14,550.0,550.0,532.0,537.0,15135805712,8306539,964,548.0,534.0
2449,2017-05-15,533.0,537.0,519.0,526.0,18738202843,10496147,1235,537.0,527.0
2450,2017-05-16,525.0,544.0,525.0,537.0,10729112339,5882331,755,526.0,537.0
2451,2017-11-06,456.0,456.0,434.0,444.0,90202738272,59860088,3785,537.0,434.0
2452,2017-11-07,422.0,422.0,422.0,422.0,8498212592,5934506,1537,444.0,422.0
2453,2017-11-08,401.0,436.0,401.0,411.0,147230348679,105438811,7002,422.0,415.0
2454,2017-11-11,413.0,431.0,413.0,428.0,53378429627,36736524,3354,411.0,430.0
2455,2017-11-12,433.0,437.0,414.0,423.0,26147986703,18199200,2764,428.0,417.0
2456,2017-11-13,414.0,427.0,405.0,418.0,27504087697,19380821,3844,423.0,415.0
2457,2017-11-14,419.0,425.0,408.0,414.0,12770673764,9079018,959,418.0,410.0
2458,2017-11-15,415.0,415.0,400.0,403.0,18305393788,13376714,1533,414.0,403.0
2459,2017-11-18,399.0,403.0,386.0,393.0,17132363736,12836050,1501,403.0,389.0
2460,2017-11-20,389.0,392.0,377.0,383.0,20231817942,15548823,1655,393.0,385.0
2461,2017-11-21,380.0,393.0,368.0,377.0,20873444359,16319095,2889,383.0,372.0
2462,2017-11-22,370.0,378.0,367.0,372.0,19270112846,15274548,1237,377.0,370.0
2463,2017-11-25,372.0,377.0,362.0,368.0,17187622829,13743392,1421,372.0,365.0
2464,2017-11-26,367.0,375.0,361.0,367.0,15936656815,12786420,1361,368.0,365.0
2465,2017-11-28,363.0,368.0,354.0,359.0,20698272312,16975728,1593,367.0,359.0
2466,2017-11-29,357.0,374.0,355.0,366.0,17185520505,13837199,1321,359.0,365.0
2467,2017-12-02,368.0,370.0,358.0,361.0,7113073488,5808281,711,366.0,359.0
2468,2017-12-03,358.0,361.0,350.0,354.0,14789167234,12307535,1128,361.0,352.0
2469,2017-12-04,353.0,353.0,337.0,342.0,19498093606,16768511,1843,354.0,338.0
2470,2017-12-05,333.0,339.0,328.0,332.0,19894849876,17655203,1802,342.0,333.0
2471,2017-12-09,329.0,329.0,318.0,322.0,24091127895,22018344,1878,332.0,320.0
2472,2017-12-10,320.0,338.0,320.0,333.0,21732446554,19200471,1566,322.0,338.0
2473,2017-12-11,342.0,347.0,329.0,338.0,15979640671,13936724,1419,333.0,330.0
2474,2017-12-12,330.0,337.0,325.0,329.0,15760584052,14094957,1174,338.0,327.0
2475,2017-12-13,327.0,330.0,322.0,327.0,8464771324,7633163,712,329.0,329.0
2476,2017-12-16,331.0,336.0,325.0,329.0,7294929898,6518734,658,327.0,327.0
2477,2017-12-17,325.0,331.0,316.0,321.0,11476277439,10520035,1237,329.0,318.0
2478,2017-12-18,318.0,323.0,310.0,318.0,13709003862,12694933,923,321.0,318.0
2479,2017-12-19,323.0,323.0,312.0,314.0,9203844412,8620906,841,318.0,315.0
2480,2017-12-20,314.0,322.0,312.0,316.0,8211859840,7657332,951,314.0,321.0
2481,2017-12-23,317.0,331.0,317.0,329.0,14850894035,13292995,1154,316.0,331.0
2482,2017-12-24,334.0,341.0,329.0,334.0,35730797339,31539215,1504,329.0,330.0
2483,2017-12-25,333.0,333.0,319.0,323.0,11455154941,10429587,821,334.0,321.0
2484,2017-12-26,328.0,339.0,321.0,339.0,136965394059,118998983,4374,323.0,324.0
2485,2017-12-27,343.0,347.0,330.0,340.0,25916462420,22473411,1786,339.0,335.0
2486,2017-12-30,331.0,333.0,323.0,323.0,35191523452,32051219,1536,340.0,323.0
2487,2017-12-31,315.0,317.0,307.0,308.0,26065912200,24936893,1537,323.0,307.0
2488,2018-01-01,295.0,317.0,295.0,312.0,8396988035,7938583,611,308.0,311.0
2489,2018-01-02,309.0,311.0,297.0,301.0,8261324308,8080547,809,312.0,299.0
2490,2018-01-03,300.0,303.0,290.0,295.0,15077197688,15031709,1075,301.0,298.0
2491,2018-01-06,306.0,306.0,299.0,304.0,7701704525,7472016,629,295.0,303.0
2492,2018-01-07,304.0,318.0,300.0,314.0,10149531127,9522623,884,304.0,312.0
2493,2018-01-08,317.0,318.0,304.0,309.0,7426098881,7076883,546,314.0,305.0
2494,2018-01-09,305.0,305.0,299.0,301.0,8112130446,7946490,674,309.0,300.0
2495,2018-01-10,300.0,301.0,294.0,297.0,11900758914,11790749,794,301.0,297.0
2496,2018-01-13,300.0,304.0,295.0,299.0,7152747483,7048743,553,297.0,298.0
2497,2018-01-14,300.0,300.0,292.0,295.0,14839206113,14820323,1197,299.0,293.0
2498,2018-01-15,292.0,294.0,287.0,291.0,13685060088,13839153,1162,295.0,288.0
2499,2018-01-16,289.0,289.0,277.0,281.0,24116233339,25245228,1897,291.0,283.0
2500,2018-01-20,294.0,294.0,285.0,291.0,2606222477,2641250,295,281.0,289.0
2501,2018-01-21,292.0,292.0,276.0,279.0,8584968509,9063210,820,291.0,278.0
2502,2018-01-22,280.0,280.0,271.0,274.0,6594562209,7100607,583,279.0,274.0
2503,2018-01-23,274.0,283.0,272.0,278.0,7502207312,7952179,776,274.0,277.0
2504,2018-01-24,279.0,282.0,273.0,275.0,7759260555,8300826,602,278.0,275.0
2505,2018-01-27,275.0,275.0,269.0,272.0,4693965236,5083806,505,275.0,272.0
2506,2018-01-28,273.0,277.0,269.0,272.0,4956509658,5368130,488,272.0,269.0
2507,2018-01-29,270.0,276.0,268.0,271.0,5224616911,5674384,508,272.0,271.0
2508,2018-01-30,274.0,274.0,268.0,269.0,6054911735,6630066,529,271.0,270.0
2509,2018-01-31,271.0,274.0,262.0,266.0,8593324939,9501577,724,269.0,263.0
2510,2018-02-03,270.0,270.0,259.0,262.0,6546481677,7367936,647,266.0,264.0
2511,2018-02-04,260.0,269.0,259.0,264.0,5159919093,5749615,621,262.0,264.0
2512,2018-02-05,265.0,274.0,264.0,268.0,7590556809,8335663,690,264.0,266.0
2513,2018-02-06,266.0,271.0,264.0,266.0,5406189061,5992795,565,268.0,266.0
2514,2018-02-07,266.0,271.0,265.0,268.0,4469430034,4914122,458,266.0,269.0
2515,2018-02-10,268.0,269.0,265.0,268.0,3069247379,3375522,380,268.0,269.0
2516,2018-02-12,271.0,274.0,267.0,271.0,6472118400,7031324,631,268.0,271.0
2517,2018-02-13,271.0,274.0,259.0,265.0,9213633057,10250377,737,271.0,264.0
2518,2018-02-14,268.0,268.0,259.0,261.0,8358272994,9408754,615,265.0,265.0
2519,2018-02-17,265.0,265.0,261.0,263.0,5335719866,5978483,366,261.0,265.0
2520,2018-02-18,263.0,268.0,262.0,265.0,5670896390,6297692,551,263.0,265.0
2521,2018-02-19,266.0,268.0,263.0,265.0,6174419482,6858489,498,265.0,264.0
2522,2018-02-21,265.0,271.0,261.0,265.0,27905149707,30962109,1817,265.0,266.0
2523,2018-02-24,270.0,270.0,264.0,266.0,5862074998,6494213,549,265.0,265.0
2524,2018-02-25,265.0,265.0,262.0,263.0,4082623983,4569877,402,266.0,263.0
2525,2018-02-26,262.0,264.0,260.0,262.0,6264281023,7045434,501,263.0,260.0
2526,2018-02-27,262.0,265.0,256.0,259.0,6781900617,7719241,605,262.0,259.0
2527,2018-02-28,257.0,262.0,256.0,257.0,6657481929,7620148,575,259.0,258.0
2528,2018-03-03,258.0,259.0,247.0,251.0,7436283781,8731429,938,257.0,248.0
2529,2018-03-04,248.0,253.0,244.0,246.0,6066391250,7248915,675,251.0,246.0
2530,2018-03-05,245.0,245.0,239.0,241.0,6588859578,8048702,646,246.0,241.0
2531,2018-03-06,244.0,247.0,239.0,243.0,5830636701,7078526,700,241.0,246.0
2532,2018-03-07,247.0,255.0,243.0,253.0,3959220659,4608964,433,243.0,255.0
2533,2018-03-10,265.0,265.0,259.0,265.0,14498579874,16124355,1160,253.0,265.0
2534,2018-03-11,270.0,273.0,255.0,263.0,13855528317,15495853,1002,265.0,257.0
2535,2018-03-12,251.0,257.0,250.0,251.0,10465513188,12293157,708,263.0,250.0
2536,2018-03-13,250.0,253.0,244.0,249.0,3261567866,3864080,394,251.0,245.0
2537,2018-03-14,245.0,252.0,242.0,246.0,5643650138,6760334,572,249.0,249.0
2538,2018-03-17,250.0,250.0,244.0,245.0,2196460226,2635815,199,246.0,245.0
2539,2018-03-18,247.0,256.0,244.0,251.0,3389486467,3968528,312,245.0,253.0
2540,2018-03-19,256.0,257.0,250.0,254.0,3022770838,3507338,349,251.0,255.0
2541,2018-03-25,258.0,258.0,248.0,254.0,1891073524,2195569,188,254.0,248.0
2542,2018-03-26,248.0,253.0,245.0,251.0,1145045432,1359271,160,254.0,250.0
2543,2018-03-27,253.0,253.0,240.0,244.0,3185523153,3849980,324,251.0,246.0
2544,2018-03-28,243.0,253.0,243.0,248.0,4957484092,5892951,370,244.0,252.0
2545,2018-04-03,250.0,254.0,250.0,251.0,1451573432,1693798,251,248.0,253.0
2546,2018-04-04,253.0,263.0,253.0,263.0,13496133069,15126219,838,251.0,263.0
2547,2018-04-07,271.0,271.0,256.0,263.0,8920987515,9984973,785,263.0,256.0
2548,2018-04-08,255.0,256.0,250.0,250.0,7955226793,9357151,600,263.0,250.0
2549,2018-04-09,250.0,251.0,241.0,244.0,7340452248,8842478,461,250.0,243.0
2550,2018-04-10,247.0,254.0,243.0,248.0,1537214040,1820210,224,244.0,247.0
2551,2018-04-11,247.0,247.0,239.0,242.0,4121005566,5014785,365,248.0,246.0
2552,2018-04-15,244.0,244.0,235.0,239.0,2695644822,3321602,304,242.0,237.0
2553,2018-04-16,237.0,241.0,237.0,239.0,1719397663,2122112,219,239.0,238.0
2554,2018-04-17,239.0,241.0,236.0,239.0,911523538,1122498,164,239.0,239.0
2555,2018-04-18,241.0,243.0,239.0,241.0,2649864809,3233636,297,239.0,242.0
2556,2018-04-21,244.0,251.0,241.0,247.0,3289060936,3919340,379,241.0,246.0
2557,2018-04-22,243.0,245.0,243.0,244.0,2078871956,2513930,149,247.0,243.0
2558,2018-04-23,243.0,244.0,236.0,238.0,2847375856,3518713,278,244.0,241.0
2559,2018-04-24,237.0,244.0,237.0,241.0,3556776643,4341000,296,238.0,244.0
2560,2018-04-25,244.0,247.0,240.0,241.0,1767597936,2155467,148,241.0,240.0
2561,2018-04-28,245.0,245.0,241.0,242.0,3804554798,4622204,285,241.0,242.0
2562,2018-04-29,241.0,241.0,230.0,233.0,15967464321,20154664,927,242.0,230.0
2563,2018-04-30,231.0,231.0,227.0,229.0,3240963063,4165754,295,233.0,227.0
2564,2018-05-01,230.0,231.0,218.0,220.0,15718590556,21047895,1009,229.0,218.0
2565,2018-05-05,215.0,218.0,212.0,216.0,2327006884,3172615,235,220.0,218.0
2566,2018-05-06,217.0,221.0,213.0,218.0,3413515605,4611920,402,216.0,219.0
2567,2018-05-07,221.0,226.0,218.0,222.0,2779296829,3687607,327,218.0,224.0
2568,2018-05-08,224.0,229.0,219.0,223.0,6525776711,8628862,484,222.0,220.0
2569,2018-05-09,212.0,215.0,212.0,212.0,7080123941,9837204,631,223.0,212.0
2570,2018-05-12,212.0,217.0,212.0,213.0,2642659641,3646109,254,212.0,213.0
2571,2018-05-13,217.0,224.0,212.0,223.0,7789824008,10300286,814,213.0,224.0
2572,2018-05-14,230.0,234.0,224.0,230.0,11063192940,14139548,930,223.0,234.0
2573,2018-05-15,234.0,242.0,232.0,238.0,14547020793,18011999,1240,230.0,232.0
2574,2018-05-16,234.0,234.0,229.0,232.0,4558268970,5788144,403,238.0,231.0
2575,2018-05-19,231.0,244.0,231.0,242.0,9549362420,11607626,803,232.0,244.0
2576,2018-05-20,246.0,249.0,241.0,244.0,5898287760,7128857,541,242.0,243.0
2577,2018-05-21,240.0,244.0,231.0,234.0,7051838562,8858447,532,244.0,235.0
2578,2018-05-22,232.0,235.0,227.0,230.0,1887787450,2423259,241,234.0,228.0
2579,2018-05-23,231.0,241.0,228.0,240.0,7673074608,9426180,655,230.0,241.0
2580,2018-05-26,242.0,251.0,242.0,248.0,8179297476,9705993,779,240.0,249.0
2581,2018-05-27,247.0,251.0,242.0,247.0,6487037740,7720084,579,248.0,245.0
2582,2018-05-28,244.0,245.0,236.0,240.0,3421114970,4191563,344,247.0,241.0
2583,2018-05-29,241.0,244.0,241.0,242.0,2608422098,3171502,270,240.0,242.0
2584,2018-05-30,242.0,243.0,239.0,241.0,4419471606,5397692,335,242.0,243.0
2585,2018-06-03,245.0,249.0,241.0,243.0,4515664605,5469712,431,241.0,246.0
2586,2018-06-09,239.0,245.0,236.0,239.0,2860252926,3531188,293,243.0,237.0
2587,2018-06-10,238.0,239.0,230.0,231.0,5326918355,6782225,540,239.0,230.0
2588,2018-06-11,230.0,243.0,230.0,242.0,176631847498,214899306,5944,231.0,243.0
2589,2018-06-12,254.0,254.0,251.0,254.0,123046183395,142628502,4501,242.0,254.0
2590,2018-06-13,258.0,267.0,256.0,263.0,53517968035,60025661,3002,254.0,262.0
2591,2018-06-17,268.0,276.0,268.0,275.0,65548756112,70145723,2813,263.0,276.0
2592,2018-06-18,281.0,281.0,277.0,280.0,2204946045,2310976,83,275.0,280.0
2593,2018-06-19,289.0,303.0,278.0,289.0,62851754552,63982875,3535,280.0,283.0
2594,2018-06-20,286.0,302.0,277.0,292.0,84055168520,84712772,4228,289.0,289.0
2595,2018-06-23,294.0,302.0,286.0,291.0,30486969228,30873565,2060,292.0,289.0
2596,2018-06-24,292.0,300.0,287.0,293.0,36402397624,36593488,2037,291.0,291.0
2597,2018-06-25,290.0,294.0,279.0,281.0,30666237551,32122863,1574,293.0,279.0
2598,2018-06-26,275.0,279.0,267.0,269.0,59064768294,64573196,2867,281.0,267.0
2599,2018-06-27,271.0,282.0,264.0,275.0,39506662770,42334423,2130,269.0,271.0
2600,2018-06-30,277.0,288.0,271.0,286.0,35505866507,36556876,1915,275.0,280.0
2601,2018-07-01,281.0,282.0,272.0,273.0,22398108605,24180937,1151,286.0,272.0
2602,2018-07-02,267.0,278.0,267.0,272.0,9241069929,10000331,627,273.0,269.0
2603,2018-07-03,268.0,280.0,265.0,269.0,12582655482,13754728,929,272.0,266.0
2604,2018-07-04,271.0,271.0,257.0,262.0,40359208770,45367391,1972,269.0,266.0
2605,2018-07-07,264.0,272.0,259.0,263.0,9135952043,10229755,733,262.0,260.0
2606,2018-07-08,255.0,260.0,254.0,256.0,8010048067,9202715,727,263.0,256.0
2607,2018-07-10,254.0,254.0,245.0,248.0,9392303492,11141157,790,256.0,250.0
2608,2018-07-11,250.0,250.0,241.0,243.0,23658181092,28627723,1758,248.0,246.0
2609,2018-07-14,245.0,255.0,245.0,255.0,29602047352,34203403,1327,243.0,255.0
2610,2018-07-15,259.0,264.0,252.0,259.0,10957998800,12480577,868,255.0,253.0
2611,2018-07-16,252.0,256.0,247.0,251.0,7121179329,8366561,675,259.0,249.0
2612,2018-07-17,249.0,254.0,239.0,245.0,7949404423,9568865,789,251.0,246.0
2613,2018-07-18,250.0,257.0,246.0,256.0,17804261594,20492116,1352,245.0,257.0
2614,2018-07-21,261.0,268.0,246.0,255.0,41839041617,48374423,2751,256.0,251.0
2615,2018-07-22,254.0,254.0,247.0,249.0,12304489941,14526103,1005,255.0,253.0
2616,2018-07-23,252.0,255.0,244.0,249.0,13130102214,15554016,946,249.0,251.0
2617,2018-07-24,250.0,254.0,243.0,245.0,13533615284,16241981,994,249.0,244.0
2618,2018-07-29,245.0,247.0,233.0,237.0,27485337451,34105351,1670,245.0,238.0
2619,2018-07-30,236.0,245.0,231.0,240.0,27163257407,33364001,1482,237.0,240.0
2620,2018-07-31,240.0,250.0,237.0,247.0,21697665000,25865527,1606,240.0,250.0
2621,2018-08-01,254.0,256.0,236.0,241.0,17644721546,21514589,1205,247.0,238.0
2622,2018-08-04,241.0,241.0,231.0,233.0,13430402004,16995241,1023,241.0,233.0
2623,2018-08-05,233.0,244.0,229.0,241.0,20238809722,24746834,1488,233.0,237.0
2624,2018-08-06,239.0,245.0,230.0,235.0,19742079157,24697520,1478,241.0,231.0
2625,2018-08-07,236.0,241.0,226.0,232.0,25282398681,32044439,1745,235.0,231.0
2626,2018-08-08,236.0,241.0,234.0,237.0,14862277966,18463925,1053,232.0,239.0
2627,2018-08-11,244.0,246.0,239.0,243.0,54859343111,66503794,2490,237.0,243.0
2628,2018-08-12,248.0,255.0,248.0,254.0,51685368783,59818333,1975,243.0,255.0
2629,2018-08-13,267.0,267.0,255.0,265.0,172626476664,191635992,7250,254.0,262.0
2630,2018-08-14,258.0,274.0,255.0,266.0,54346709944,60113755,3220,265.0,261.0
2631,2018-08-15,267.0,276.0,259.0,270.0,57444232830,62654138,3286,266.0,272.0
2632,2018-08-18,283.0,283.0,283.0,283.0,33716917702,35048771,956,270.0,283.0
2633,2018-08-19,297.0,297.0,297.0,297.0,24247771950,24007695,592,283.0,297.0
2634,2018-08-20,312.0,312.0,312.0,312.0,8762298140,8266319,302,297.0,312.0
2635,2018-08-21,328.0,328.0,328.0,328.0,2900165247,2605719,83,312.0,328.0
2636,2018-08-25,344.0,361.0,344.0,358.0,18494683493,15217031,499,328.0,361.0
2637,2018-08-26,375.0,375.0,375.0,365.0,1400502075,1098433,45,358.0,375.0
2638,2018-08-28,368.0,369.0,350.0,360.0,45537084821,37197217,1281,365.0,350.0
2639,2018-08-29,362.0,376.0,343.0,361.0,206524349366,168585833,8527,360.0,372.0
2640,2018-09-01,379.0,379.0,363.0,376.0,127696193373,100000796,4705,361.0,379.0
2641,2018-09-02,368.0,376.0,350.0,359.0,75431798558,61830253,3458,376.0,351.0
2642,2018-09-03,353.0,365.0,341.0,347.0,95410715267,80981880,4556,359.0,341.0
2643,2018-09-04,344.0,352.0,330.0,340.0,85470727417,73928969,4227,347.0,340.0
2644,2018-09-05,340.0,357.0,339.0,354.0,84027695582,69956834,3216,340.0,357.0
2645,2018-09-08,371.0,371.0,371.0,371.0,83229556020,66002820,1529,354.0,371.0
2646,2018-09-09,383.0,390.0,377.0,388.0,219948236862,167022266,7281,371.0,390.0
2647,2018-09-10,392.0,396.0,374.0,384.0,115356757581,88407774,5808,388.0,377.0
2648,2018-09-11,381.0,394.0,368.0,381.0,94937556058,73349000,4383,384.0,389.0
2649,2018-09-12,398.0,400.0,395.0,399.0,46400049857,34220462,1515,381.0,400.0
2650,2018-09-15,415.0,419.0,380.0,405.0,113954008462,82833990,5000,399.0,388.0
2651,2018-09-16,389.0,400.0,385.0,388.0,97096960534,73650579,3721,405.0,392.0
2652,2018-09-17,398.0,407.0,392.0,405.0,133939425928,97241317,4848,388.0,407.0
2653,2018-09-18,412.0,425.0,407.0,422.0,116160570574,81106297,3750,405.0,425.0
2654,2018-09-22,438.0,443.0,431.0,442.0,92714499522,61761813,2875,422.0,443.0
2655,2018-09-23,462.0,464.0,430.0,448.0,87347337740,57354697,4169,442.0,435.0
2656,2018-09-24,436.0,463.0,426.0,438.0,156490617781,105273638,7156,448.0,445.0
2657,2018-09-25,452.0,460.0,452.0,459.0,48171484571,30901197,1764,438.0,460.0
2658,2018-09-26,479.0,481.0,460.0,476.0,98445692457,60939091,4082,459.0,474.0
2659,2018-09-29,499.0,499.0,493.0,499.0,101962707918,60169766,2946,476.0,499.0
2660,2018-09-30,524.0,524.0,523.0,524.0,65726197129,36946571,1577,499.0,524.0
2661,2018-10-01,550.0,550.0,498.0,534.0,240572666250,132515873,6283,524.0,533.0
2662,2018-10-02,534.0,534.0,508.0,510.0,83791499422,48372518,1971,534.0,508.0
2663,2018-10-03,485.0,504.0,461.0,479.0,120074467878,73801488,4707,510.0,465.0
2664,2018-10-06,480.0,501.0,455.0,478.0,55026824059,33882432,2153,479.0,455.0
2665,2018-10-07,454.0,454.0,454.0,455.0,3760300258,2437006,104,478.0,454.0
2666,2018-10-08,432.0,432.0,432.0,445.0,1558924984,1061938,92,455.0,432.0
2667,2018-10-09,423.0,444.0,423.0,428.0,117087002158,80485152,4082,445.0,423.0
2668,2018-10-10,418.0,427.0,407.0,410.0,51113123974,36673818,1288,428.0,407.0
2669,2018-10-13,390.0,390.0,390.0,390.0,8963467325,6764881,203,410.0,390.0
2670,2018-10-14,371.0,371.0,371.0,371.0,22205980128,17637792,302,390.0,371.0
2671,2018-10-15,363.0,389.0,363.0,378.0,97297732340,75693814,3903,371.0,383.0
2672,2018-10-16,389.0,394.0,367.0,382.0,59674285995,45970536,3497,378.0,373.0
2673,2018-10-17,364.0,375.0,363.0,364.0,56962181267,46060904,2246,382.0,363.0
2674,2018-10-20,377.0,382.0,371.0,381.0,37974183812,29370553,1238,364.0,382.0
2675,2018-10-21,389.0,400.0,378.0,394.0,77237870163,57772928,2627,381.0,400.0
2676,2018-10-22,413.0,413.0,401.0,413.0,208117751091,148566650,5661,394.0,413.0
2677,2018-10-23,415.0,421.0,392.0,403.0,87660636474,64050530,4024,413.0,405.0
2678,2018-10-24,403.0,423.0,401.0,420.0,171803972749,120542962,6088,403.0,418.0
2679,2018-10-27,420.0,434.0,399.0,417.0,70297217288,49663924,3462,420.0,418.0
2680,2018-10-28,424.0,437.0,415.0,436.0,156910829762,105957456,4465,417.0,437.0
2681,2018-10-29,445.0,458.0,436.0,450.0,119335018656,78119348,4653,436.0,445.0
2682,2018-10-31,442.0,444.0,428.0,430.0,137765538518,94337344,5341,450.0,430.0
2683,2018-11-03,427.0,436.0,409.0,419.0,46551116567,32724505,2243,430.0,413.0
2684,2018-11-04,414.0,430.0,398.0,408.0,34636853989,24968813,1649,419.0,398.0
2685,2018-11-05,403.0,429.0,399.0,422.0,81011237937,56554666,2990,408.0,429.0
2686,2018-11-06,427.0,439.0,421.0,427.0,40550716610,27941874,1700,422.0,425.0
2687,2018-11-10,427.0,436.0,407.0,416.0,43723555825,30951393,2417,427.0,408.0
2688,2018-11-11,412.0,423.0,395.0,399.0,65160695924,48138722,2874,416.0,395.0
2689,2018-11-12,392.0,412.0,392.0,404.0,39361569178,28717308,1837,399.0,403.0
2690,2018-11-13,409.0,424.0,398.0,410.0,154277803973,110802352,5439,404.0,424.0
2691,2018-11-14,426.0,430.0,410.0,427.0,132525093987,91311577,3828,410.0,430.0
2692,2018-11-17,433.0,447.0,427.0,438.0,88171740462,59284349,4076,427.0,428.0
2693,2018-11-18,436.0,437.0,416.0,418.0,43686840775,30801745,1737,438.0,416.0
2694,2018-11-19,411.0,424.0,403.0,411.0,42715807711,30591577,2253,418.0,406.0
2695,2018-11-20,411.0,415.0,392.0,400.0,40027958295,29480802,2156,411.0,400.0
2696,2018-11-21,399.0,411.0,395.0,403.0,27688881447,20246515,1504,400.0,399.0
2697,2018-11-24,406.0,413.0,384.0,398.0,41167476601,30418947,2454,403.0,405.0
2698,2018-11-26,406.0,406.0,379.0,385.0,32999100347,25249877,2171,398.0,381.0
2699,2018-11-27,386.0,397.0,377.0,384.0,30374230115,23266950,1802,385.0,383.0
2700,2018-11-28,386.0,386.0,365.0,367.0,50385744802,40381796,3070,384.0,368.0
2701,2018-12-01,362.0,362.0,349.0,350.0,14376624009,12078878,900,367.0,349.0
2702,2018-12-02,350.0,364.0,345.0,354.0,37206248701,30966082,2094,350.0,356.0
2703,2018-12-03,355.0,368.0,349.0,355.0,32845701677,27248391,1889,354.0,350.0
2704,2018-12-04,353.0,353.0,337.0,342.0,42019158260,36193795,2581,355.0,345.0
2705,2018-12-05,350.0,359.0,345.0,358.0,41742372518,34369928,2178,342.0,359.0
2706,2018-12-08,365.0,375.0,354.0,372.0,73737875973,58352222,3951,358.0,375.0
2707,2018-12-09,379.0,379.0,356.0,367.0,55877976592,44766976,2662,372.0,365.0
2708,2018-12-10,364.0,365.0,350.0,353.0,39640033099,33021687,2250,367.0,352.0
2709,2018-12-11,350.0,363.0,348.0,356.0,25526688208,21089481,1762,353.0,361.0
2710,2018-12-12,362.0,368.0,357.0,361.0,21468129936,17528683,1615,356.0,359.0
2711,2018-12-15,365.0,368.0,359.0,364.0,22643921428,18328252,1497,361.0,361.0
2712,2018-12-16,365.0,365.0,348.0,354.0,20493779291,17066599,1316,364.0,352.0
2713,2018-12-17,355.0,365.0,336.0,345.0,44061008740,37602812,2974,354.0,341.0
2714,2018-12-18,341.0,341.0,328.0,331.0,44667629938,39782584,3214,345.0,332.0
2715,2018-12-19,331.0,332.0,317.0,324.0,28870934551,26243318,2145,331.0,332.0
2716,2018-12-22,333.0,340.0,325.0,335.0,25540684687,22421568,1672,324.0,340.0
2717,2018-12-23,347.0,352.0,343.0,350.0,29793349954,25029848,1741,335.0,352.0
2718,2018-12-24,353.0,353.0,342.0,347.0,23610987336,20022493,1550,350.0,342.0
2719,2018-12-25,342.0,345.0,335.0,337.0,23047779557,20142557,1731,347.0,336.0
2720,2018-12-26,341.0,353.0,336.0,348.0,35906748485,30398931,2260,337.0,347.0
2721,2018-12-29,353.0,353.0,342.0,347.0,18156036371,15402381,1354,348.0,345.0
2722,2018-12-30,344.0,350.0,341.0,343.0,28082899517,24083451,1533,347.0,344.0
2723,2018-12-31,345.0,349.0,341.0,344.0,19952011841,17078143,1404,343.0,344.0
2724,2019-01-01,347.0,359.0,342.0,351.0,49930247633,41886372,2806,344.0,347.0
2725,2019-01-02,353.0,357.0,339.0,344.0,43795118840,37485607,2586,351.0,340.0
2726,2019-01-05,350.0,355.0,346.0,350.0,21305124052,17921309,1532,344.0,347.0
2727,2019-01-06,350.0,350.0,338.0,342.0,25515640367,21996866,2064,350.0,342.0
2728,2019-01-07,345.0,347.0,342.0,343.0,23955905278,20541884,1633,342.0,343.0
2729,2019-01-08,342.0,347.0,340.0,342.0,23409339137,20148298,1378,343.0,344.0
2730,2019-01-09,341.0,353.0,341.0,348.0,31693440592,26846658,2334,342.0,345.0
2731,2019-01-15,360.0,360.0,347.0,355.0,42600416413,35373564,1969,348.0,353.0
2732,2019-01-16,360.0,372.0,348.0,359.0,72025260614,59018668,3550,355.0,372.0
2733,2019-01-19,377.0,377.0,377.0,377.0,10950432507,8548347,405,359.0,377.0
2734,2019-01-20,395.0,395.0,378.0,389.0,147196042135,111530103,6734,377.0,382.0
2735,2019-01-21,378.0,383.0,369.0,372.0,55148495068,43665595,2562,389.0,369.0
2736,2019-01-22,373.0,390.0,371.0,388.0,78829831469,59903866,3128,372.0,390.0
2737,2019-01-23,392.0,402.0,388.0,395.0,42753861968,31895672,2489,388.0,392.0
2738,2019-01-26,389.0,410.0,385.0,399.0,74322268467,54823355,3918,395.0,403.0
2739,2019-01-27,406.0,407.0,386.0,395.0,38982167424,29032847,2191,399.0,391.0
2740,2019-01-28,394.0,399.0,379.0,388.0,35123905524,26670109,1907,395.0,382.0
2741,2019-01-29,380.0,392.0,377.0,383.0,33330897809,25616061,1731,388.0,381.0
2742,2019-01-30,376.0,382.0,368.0,374.0,27145519183,21388322,1924,383.0,372.0
2743,2019-02-02,374.0,386.0,371.0,379.0,18798365188,14592570,1496,374.0,371.0
2744,2019-02-03,377.0,386.0,364.0,374.0,49055834300,38617754,2456,379.0,380.0
2745,2019-02-04,386.0,393.0,384.0,392.0,90898118945,68234851,3342,374.0,393.0
2746,2019-02-05,397.0,408.0,389.0,401.0,78098249307,57370168,3619,392.0,408.0
2747,2019-02-06,408.0,421.0,403.0,419.0,223663403313,157149219,5634,401.0,421.0
2748,2019-02-10,425.0,436.0,411.0,423.0,92442839578,64377321,4084,419.0,412.0
2749,2019-02-12,415.0,415.0,402.0,407.0,48762092296,35314775,2479,423.0,402.0
2750,2019-02-13,398.0,408.0,393.0,400.0,29303562047,21570289,1730,407.0,404.0
2751,2019-02-16,407.0,418.0,401.0,409.0,34109294276,24535351,1999,400.0,406.0
2752,2019-02-17,409.0,409.0,389.0,392.0,37265943817,27968298,1840,409.0,389.0
2753,2019-02-18,391.0,400.0,385.0,393.0,38674360969,28980323,1649,392.0,394.0
2754,2019-02-19,395.0,406.0,390.0,398.0,32080517750,23743087,1459,393.0,395.0
2755,2019-02-20,398.0,403.0,387.0,395.0,32466729516,24169689,1504,398.0,393.0
2756,2019-02-23,398.0,403.0,388.0,392.0,45432181925,34145055,1925,395.0,390.0
2757,2019-02-24,391.0,391.0,377.0,383.0,37577461588,28880501,2224,392.0,379.0
2758,2019-02-25,380.0,383.0,375.0,379.0,22824085185,17720175,1404,383.0,380.0
2759,2019-02-26,373.0,375.0,365.0,369.0,28181516763,22472097,1741,379.0,365.0
2760,2019-02-27,369.0,381.0,369.0,374.0,23330037917,18363514,1376,369.0,374.0
2761,2019-03-02,377.0,379.0,365.0,369.0,19966982196,15928378,1303,374.0,367.0
2762,2019-03-03,371.0,388.0,366.0,380.0,31638460548,24495268,1601,369.0,388.0
2763,2019-03-04,394.0,399.0,388.0,395.0,53649295849,39962525,2828,380.0,392.0
2764,2019-03-05,395.0,395.0,380.0,385.0,19935983836,15243812,1163,395.0,382.0
2765,2019-03-06,383.0,388.0,371.0,380.0,18662995834,14445968,1154,385.0,383.0
2766,2019-03-09,382.0,386.0,374.0,377.0,18136600014,14155328,1047,380.0,374.0
2767,2019-03-10,380.0,393.0,372.0,385.0,22787837988,17454544,1218,377.0,386.0
2768,2019-03-11,387.0,396.0,378.0,386.0,23089358001,17626931,1397,385.0,379.0
2769,2019-03-12,380.0,385.0,375.0,379.0,27624691774,21462584,1346,386.0,382.0
2770,2019-03-13,382.0,388.0,375.0,380.0,32545313640,25182883,1722,379.0,379.0
2771,2019-03-16,377.0,391.0,377.0,382.0,34368605549,26458709,1456,380.0,381.0
2772,2019-03-17,380.0,388.0,377.0,382.0,25816694484,19896685,1297,382.0,378.0
2773,2019-03-18,380.0,387.0,378.0,383.0,58250532293,44822459,1840,382.0,380.0
2774,2019-03-19,382.0,387.0,379.0,382.0,19497622787,15013839,1305,383.0,382.0
2775,2019-03-26,408.0,412.0,398.0,405.0,55268605686,40155411,2815,382.0,410.0
2776,2019-03-27,412.0,412.0,398.0,402.0,27279722193,20003327,1822,405.0,400.0
2777,2019-03-30,401.0,411.0,398.0,407.0,37411299788,27091348,1874,402.0,411.0
2778,2019-03-31,413.0,427.0,402.0,420.0,92271773296,64725511,3192,407.0,427.0
2779,2019-04-06,441.0,441.0,441.0,441.0,6672371514,4457162,288,420.0,441.0
2780,2019-04-07,463.0,463.0,443.0,459.0,280396110940,179886108,9486,441.0,452.0
2781,2019-04-08,447.0,482.0,443.0,472.0,257803898027,160901910,9059,459.0,472.0
2782,2019-04-09,459.0,478.0,449.0,460.0,110658666540,70818165,5157,472.0,459.0
2783,2019-04-10,461.0,477.0,461.0,470.0,76678871080,48056115,3594,460.0,471.0
2784,2019-04-13,477.0,482.0,453.0,465.0,64442795349,40844868,3164,470.0,459.0
2785,2019-04-14,462.0,488.0,457.0,481.0,187702721483,114839892,5716,465.0,488.0
2786,2019-04-15,496.0,504.0,483.0,492.0,91916660675,55048150,3769,481.0,488.0
2787,2019-04-16,492.0,496.0,467.0,481.0,113588638431,69501931,4093,492.0,467.0
2788,2019-04-17,470.0,492.0,461.0,476.0,83731998731,51759312,3712,481.0,471.0
2789,2019-04-20,487.0,500.0,476.0,495.0,96115426749,57219986,3763,476.0,499.0
2790,2019-04-22,501.0,502.0,470.0,476.0,88770090618,54891932,3792,495.0,470.0
2791,2019-04-23,461.0,474.0,453.0,460.0,73914577283,47357956,3607,476.0,453.0
2792,2019-04-24,451.0,468.0,451.0,460.0,49383475327,31587469,2748,460.0,459.0
2793,2019-04-27,468.0,482.0,462.0,472.0,63030557339,39324214,2768,460.0,474.0
2794,2019-04-28,474.0,483.0,467.0,474.0,67069386307,41621525,2830,472.0,474.0
2795,2019-04-29,476.0,495.0,476.0,486.0,86002445003,52072238,3948,474.0,480.0
2796,2019-04-30,486.0,495.0,464.0,475.0,119422630056,74030507,5190,486.0,465.0
2797,2019-05-01,471.0,489.0,466.0,479.0,94641198269,58220187,3743,475.0,478.0
2798,2019-05-04,487.0,503.0,486.0,499.0,145319029669,85792278,4615,479.0,503.0
2799,2019-05-05,515.0,524.0,486.0,509.0,143683424833,83150795,5288,499.0,496.0
2800,2019-05-06,500.0,501.0,483.0,488.0,50211492065,30290338,2007,509.0,483.0
2801,2019-05-07,467.0,474.0,464.0,466.0,21027123449,13289276,755,488.0,464.0
2802,2019-05-08,443.0,468.0,443.0,451.0,105315418755,68758051,4374,466.0,459.0
2803,2019-05-11,462.0,472.0,429.0,442.0,81338283828,54235143,3915,451.0,433.0
2804,2019-05-12,438.0,450.0,420.0,421.0,70599194465,49344603,3367,442.0,424.0
2805,2019-05-13,433.0,438.0,414.0,429.0,55760550733,38250375,2674,421.0,431.0
2806,2019-05-14,436.0,451.0,430.0,442.0,86480101846,57591769,3781,429.0,441.0
2807,2019-05-15,445.0,448.0,426.0,435.0,42183325168,28574116,2441,442.0,434.0
2808,2019-05-18,440.0,447.0,434.0,441.0,42746960379,28572522,2577,435.0,437.0
2809,2019-05-19,448.0,462.0,438.0,460.0,115144896670,73774099,4051,441.0,462.0
2810,2019-05-20,464.0,468.0,448.0,456.0,51675700275,33331846,2749,460.0,448.0
2811,2019-05-21,456.0,468.0,453.0,462.0,43465596560,27725142,2447,456.0,455.0
2812,2019-05-22,452.0,468.0,448.0,455.0,36319943903,23488894,1994,462.0,451.0
2813,2019-05-25,456.0,465.0,446.0,457.0,49906045715,32185660,2799,455.0,463.0
2814,2019-05-26,465.0,479.0,462.0,475.0,85237084375,52863081,3937,457.0,479.0
2815,2019-05-28,486.0,497.0,476.0,484.0,64686059068,39319668,3178,475.0,485.0
2816,2019-05-29,484.0,484.0,467.0,476.0,57430409847,35560382,2680,484.0,471.0
2817,2019-06-01,458.0,471.0,453.0,460.0,46789959531,29947789,2355,476.0,464.0
2818,2019-06-02,466.0,477.0,460.0,470.0,35711779823,22366375,1901,460.0,470.0
2819,2019-06-03,471.0,482.0,466.0,476.0,57786064470,35743207,2494,470.0,476.0
2820,2019-06-08,477.0,500.0,471.0,492.0,88451127101,52934823,3660,476.0,500.0
2821,2019-06-09,507.0,516.0,500.0,514.0,111519125726,63883210,4463,492.0,516.0
2822,2019-06-10,523.0,540.0,521.0,539.0,204561967603,111782071,5039,514.0,540.0
2823,2019-06-11,542.0,559.0,515.0,541.0,168075852082,91498801,5770,539.0,558.0
2824,2019-06-12,558.0,568.0,548.0,565.0,201465090823,104962502,4619,541.0,552.0
2825,2019-06-15,537.0,554.0,537.0,541.0,130038673794,70826828,4275,565.0,538.0
2826,2019-06-16,545.0,553.0,514.0,529.0,82491835576,45893832,3407,541.0,514.0
2827,2019-06-17,515.0,520.0,503.0,506.0,63375371613,36869777,2954,529.0,503.0
2828,2019-06-18,504.0,518.0,490.0,504.0,58226801888,34034473,2542,506.0,492.0
2829,2019-06-19,501.0,501.0,479.0,482.0,53439158020,32664359,2661,504.0,479.0
2830,2019-06-22,466.0,506.0,459.0,492.0,66571405336,39861097,3402,482.0,505.0
2831,2019-06-23,510.0,516.0,510.0,516.0,11986092235,6845003,611,492.0,516.0
2832,2019-06-24,541.0,541.0,506.0,532.0,73322053058,40574741,2865,516.0,515.0
2833,2019-06-25,515.0,529.0,506.0,518.0,51871419557,29506888,2264,532.0,518.0
2834,2019-06-26,527.0,527.0,502.0,512.0,51433630088,29591331,2177,518.0,506.0
2835,2019-06-30,515.0,521.0,495.0,503.0,32404310751,18968890,1865,512.0,500.0
2836,2019-07-01,506.0,514.0,480.0,499.0,43152174191,25484429,2145,503.0,508.0
2837,2019-07-02,512.0,523.0,507.0,519.0,65614799506,37208204,2784,499.0,523.0
2838,2019-07-03,534.0,534.0,510.0,517.0,42286258918,24061534,1999,519.0,515.0
2839,2019-07-06,517.0,517.0,492.0,498.0,58893310876,34843790,2649,517.0,493.0
2840,2019-07-07,498.0,511.0,498.0,502.0,39861718157,23372972,1780,498.0,500.0
2841,2019-07-08,508.0,524.0,504.0,515.0,58496278020,33466471,2407,502.0,512.0
2842,2019-07-09,515.0,539.0,501.0,525.0,77130533055,43250863,3418,515.0,534.0
2843,2019-07-10,529.0,551.0,529.0,549.0,137374344949,73624627,4010,525.0,551.0
2844,2019-07-13,562.0,570.0,542.0,557.0,79811414899,42193701,3626,549.0,545.0
2845,2019-07-14,554.0,565.0,533.0,548.0,91133866325,48965918,3607,557.0,533.0
2846,2019-07-15,541.0,574.0,530.0,551.0,110779877951,59224107,3552,548.0,539.0
2847,2019-07-16,534.0,543.0,524.0,528.0,23255293075,12971982,895,551.0,524.0
2848,2019-07-17,502.0,539.0,502.0,510.0,77246133430,44588215,3189,528.0,504.0
2849,2019-07-20,512.0,520.0,489.0,501.0,30736859718,18076241,1973,510.0,496.0
2850,2019-07-21,500.0,512.0,494.0,505.0,36675752738,21393612,1662,501.0,504.0
2851,2019-07-22,517.0,518.0,500.0,508.0,28250709267,16374697,1607,505.0,504.0
2852,2019-07-23,509.0,509.0,483.0,487.0,38756945425,23437840,2107,508.0,487.0
2853,2019-07-24,497.0,498.0,483.0,489.0,27853414190,16789533,1525,487.0,494.0
2854,2019-07-27,495.0,510.0,493.0,500.0,40422792400,23817124,2025,489.0,505.0
2855,2019-07-28,511.0,511.0,494.0,500.0,31527682077,18558141,1633,500.0,495.0
2856,2019-07-29,500.0,509.0,489.0,496.0,27246750132,16188991,1358,500.0,495.0
2857,2019-07-30,498.0,512.0,482.0,504.0,45181538245,26415806,2336,496.0,506.0
2858,2019-07-31,512.0,518.0,508.0,512.0,29607929520,17013977,1709,504.0,511.0
2859,2019-08-03,519.0,538.0,519.0,537.0,123179304231,67555192,3913,512.0,538.0
2860,2019-08-04,545.0,545.0,518.0,531.0,50028272258,27720640,2631,537.0,526.0
2861,2019-08-05,533.0,544.0,518.0,534.0,78348078089,43247619,3086,531.0,543.0
2862,2019-08-06,545.0,559.0,542.0,551.0,92051835554,49228107,3651,534.0,550.0
2863,2019-08-07,557.0,561.0,539.0,550.0,54296352373,29056049,2307,551.0,551.0
2864,2019-08-10,548.0,552.0,534.0,541.0,82487076996,44928133,3314,550.0,536.0
2865,2019-08-11,545.0,556.0,530.0,545.0,76690561151,41420250,3443,541.0,545.0
2866,2019-08-13,557.0,572.0,555.0,572.0,196628250971,101201215,3093,545.0,572.0
2867,2019-08-14,594.0,601.0,583.0,597.0,238764457078,117675227,6534,572.0,599.0
2868,2019-08-17,602.0,624.0,586.0,603.0,178644244290,87265620,6791,597.0,606.0
2869,2019-08-18,613.0,627.0,600.0,616.0,152008515674,72655088,5113,603.0,615.0
2870,2019-08-19,615.0,641.0,601.0,628.0,129627072710,60780534,4580,616.0,633.0
2871,2019-08-21,642.0,655.0,632.0,642.0,117849154717,54046933,4669,628.0,634.0
2872,2019-08-24,640.0,663.0,625.0,644.0,145441119141,66480308,5271,642.0,639.0
2873,2019-08-25,648.0,653.0,612.0,618.0,161290159878,76821138,5480,644.0,615.0
2874,2019-08-26,618.0,639.0,618.0,630.0,97776554456,45682838,3420,618.0,638.0
2875,2019-08-27,642.0,644.0,601.0,620.0,93086290085,44206066,3814,630.0,603.0
2876,2019-08-28,605.0,618.0,590.0,609.0,77098358629,37302089,2886,620.0,609.0
2877,2019-08-31,618.0,636.0,600.0,620.0,81805579601,38824151,3611,609.0,612.0
2878,2019-09-01,618.0,629.0,607.0,618.0,72877647664,34705922,2986,620.0,615.0
2879,2019-09-02,615.0,639.0,599.0,619.0,95528924603,45427262,3364,618.0,617.0
2880,2019-09-03,615.0,638.0,610.0,628.0,62370922244,29237614,2527,619.0,631.0
2881,2019-09-04,634.0,659.0,633.0,655.0,212836317999,95634445,4145,628.0,659.0
2882,2019-09-07,673.0,688.0,672.0,687.0,323873823993,138865001,4976,655.0,688.0
2883,2019-09-08,702.0,718.0,689.0,704.0,180854249111,75614001,6251,687.0,697.0
2884,2019-09-11,692.0,721.0,692.0,703.0,86491044054,36204007,3626,704.0,700.0
2885,2019-09-14,703.0,738.0,693.0,726.0,148113169889,60051747,4978,703.0,718.0
2886,2019-09-15,713.0,733.0,698.0,712.0,95135755396,39360074,2987,726.0,716.0
2887,2019-09-16,726.0,730.0,684.0,704.0,125869817823,52659816,5003,712.0,688.0
2888,2019-09-17,680.0,700.0,669.0,679.0,119762417412,51917054,4203,704.0,669.0
2889,2019-09-18,668.0,673.0,645.0,650.0,108823551567,49326733,3150,679.0,656.0
2890,2019-09-21,644.0,671.0,644.0,656.0,50825036150,22823204,2307,650.0,653.0
2891,2019-09-22,658.0,680.0,658.0,669.0,79342134575,34912563,2934,656.0,662.0
2892,2019-09-23,675.0,703.0,669.0,698.0,58467951042,24671277,1385,669.0,703.0
2893,2019-09-24,724.0,733.0,694.0,713.0,122799022686,50738318,3821,698.0,711.0
2894,2019-09-25,707.0,744.0,697.0,730.0,89201792090,35987823,3223,713.0,738.0
2895,2019-09-28,748.0,766.0,745.0,763.0,208029554723,80325338,5249,730.0,766.0
2896,2019-09-29,780.0,780.0,725.0,745.0,136135964409,53837781,4235,763.0,751.0
2897,2019-09-30,748.0,769.0,739.0,760.0,113002387550,43760077,3565,745.0,765.0
2898,2019-10-01,779.0,779.0,722.0,743.0,141660478180,56126913,4297,760.0,722.0
2899,2019-10-02,713.0,733.0,706.0,713.0,98716242826,40756812,3771,743.0,713.0
2900,2019-10-05,724.0,749.0,714.0,736.0,96702741077,38678871,3217,713.0,718.0
2901,2019-10-06,728.0,728.0,699.0,705.0,68842912633,28760014,2507,736.0,707.0
2902,2019-10-07,704.0,727.0,693.0,710.0,63177338322,26212333,2209,705.0,707.0
2903,2019-10-08,710.0,721.0,674.0,691.0,42533764944,18133565,1585,710.0,674.0
2904,2019-10-09,657.0,674.0,656.0,661.0,58084025669,25878239,2309,691.0,672.0
2905,2019-10-12,674.0,683.0,636.0,661.0,49819295025,22197239,2470,661.0,670.0
2906,2019-10-13,677.0,680.0,628.0,646.0,54130463333,24682919,2662,661.0,632.0
2907,2019-10-14,621.0,639.0,614.0,615.0,42983442448,20592460,1818,646.0,614.0
2908,2019-10-15,601.0,610.0,584.0,590.0,26363726952,13163270,1203,615.0,584.0
2909,2019-10-16,560.0,585.0,560.0,565.0,59173200767,30859260,2614,590.0,560.0
2910,2019-10-20,583.0,591.0,537.0,544.0,125899187404,68097866,4088,565.0,543.0
2911,2019-10-21,546.0,571.0,521.0,552.0,99770599586,53250474,3787,544.0,571.0
2912,2019-10-22,579.0,579.0,569.0,579.0,78521075315,39965990,2034,552.0,579.0
2913,2019-10-23,606.0,617.0,576.0,595.0,123082785318,60878653,4355,579.0,614.0
2914,2019-10-26,607.0,625.0,597.0,621.0,140167331823,66421545,3926,595.0,625.0
2915,2019-10-28,645.0,646.0,613.0,627.0,107404416437,50408383,4906,621.0,624.0
2916,2019-10-30,624.0,645.0,615.0,627.0,77202789892,36286960,4030,627.0,626.0
2917,2019-11-02,634.0,634.0,596.0,610.0,82920202973,40066132,3923,627.0,608.0
2918,2019-11-03,608.0,640.0,599.0,637.0,72679096249,33593540,1521,610.0,640.0
2919,2019-11-04,648.0,667.0,614.0,638.0,158863549597,73299932,5777,637.0,618.0
2920,2019-11-05,620.0,670.0,616.0,655.0,157515270463,70816997,5288,638.0,653.0
2921,2019-11-09,665.0,669.0,634.0,650.0,87758226553,39749676,3456,655.0,640.0
2922,2019-11-10,645.0,645.0,624.0,630.0,38605899809,18057068,2154,650.0,626.0
2923,2019-11-11,618.0,652.0,618.0,633.0,59666357477,27759890,2337,630.0,637.0
2924,2019-11-12,645.0,646.0,627.0,637.0,51119200615,23629723,2148,633.0,637.0
2925,2019-11-13,654.0,669.0,654.0,665.0,46460301315,20558643,1141,637.0,669.0
2926,2019-11-16,699.0,699.0,675.0,697.0,332494703644,140528770,7420,665.0,694.0
2927,2019-11-17,665.0,685.0,662.0,664.0,149653392579,66367971,3556,697.0,662.0
2928,2019-11-18,663.0,697.0,654.0,693.0,164067233390,69683979,3595,664.0,697.0
2929,2019-11-19,712.0,728.0,701.0,718.0,129036326238,52940026,4411,693.0,728.0
2930,2019-11-20,731.0,753.0,731.0,752.0,242601632086,94979312,5240,718.0,753.0
2931,2019-11-23,766.0,788.0,733.0,757.0,239186213813,92989254,7815,752.0,738.0
2932,2019-11-24,739.0,795.0,723.0,773.0,234872276585,89462005,5996,757.0,795.0
2933,2019-11-25,812.0,812.0,812.0,812.0,171340652288,62170048,1640,773.0,812.0
2934,2019-11-26,818.0,839.0,788.0,815.0,373961983524,135057054,9690,812.0,804.0
2935,2019-11-27,810.0,854.0,797.0,830.0,216086717670,76645410,6200,815.0,851.0
2936,2019-11-30,842.0,866.0,841.0,853.0,186669645296,64461579,5681,830.0,845.0
2937,2019-12-01,851.0,851.0,810.0,824.0,260220795122,92962234,8228,853.0,822.0
2938,2019-12-02,821.0,838.0,784.0,807.0,198265452074,72354896,6475,824.0,799.0
2939,2019-12-03,809.0,836.0,795.0,820.0,125552073847,45095265,4076,807.0,816.0
2940,2019-12-04,828.0,861.0,813.0,849.0,224017764511,77718847,5230,820.0,861.0
2941,2019-12-07,875.0,891.0,861.0,885.0,271527355305,90359681,6612,849.0,891.0
2942,2019-12-08,907.0,922.0,885.0,899.0,161739722772,52972106,5343,885.0,894.0
2943,2019-12-09,904.0,904.0,866.0,883.0,155562771050,51855933,5068,899.0,880.0
2944,2019-12-10,883.0,897.0,839.0,861.0,245931566035,84070889,7210,883.0,839.0
2945,2019-12-11,851.0,872.0,824.0,857.0,115850156235,39781275,3984,861.0,869.0
2946,2019-12-14,863.0,900.0,863.0,887.0,182267074787,60468406,4532,857.0,900.0
2947,2019-12-15,921.0,932.0,898.0,926.0,351357305385,111721109,6199,887.0,932.0
2948,2019-12-16,948.0,972.0,941.0,968.0,301469271189,91667179,5576,926.0,972.0
2949,2019-12-17,995.0,1017.0,966.0,995.0,425335908182,125821269,11938,968.0,975.0
2950,2019-12-18,955.0,995.0,946.0,959.0,256202809728,78662085,7407,995.0,951.0
2951,2019-12-21,966.0,986.0,936.0,969.0,124373257977,37777410,4226,959.0,965.0
2952,2019-12-22,971.0,1018.0,947.0,1002.0,200103127458,58804731,5696,969.0,1018.0
2953,2019-12-23,1028.0,1052.0,957.0,1040.0,525916623786,148837572,8261,1002.0,1052.0
2954,2019-12-24,1060.0,1092.0,1046.0,1090.0,303323183737,81920707,3824,1040.0,1092.0
2955,2019-12-25,1111.0,1145.0,1075.0,1128.0,373850879136,97580788,8222,1090.0,1145.0
2956,2019-12-28,1184.0,1184.0,1184.0,1184.0,58855683614,14633437,1043,1128.0,1184.0
2957,2019-12-29,1242.0,1243.0,1187.0,1234.0,637387087249,152085557,11118,1184.0,1243.0
2958,2019-12-30,1259.0,1296.0,1183.0,1262.0,576052759354,134441633,14609,1234.0,1233.0
2959,2019-12-31,1223.0,1260.0,1199.0,1203.0,652174731781,159593127,12979,1262.0,1204.0
2960,2020-01-01,1187.0,1229.0,1157.0,1188.0,332701237921,82449930,9732,1203.0,1160.0
2961,2020-01-04,1129.0,1129.0,1129.0,1129.0,14275366074,3723361,453,1188.0,1129.0
2962,2020-01-05,1073.0,1073.0,1073.0,1073.0,46050722197,12640879,971,1129.0,1073.0
2963,2020-01-07,1019.0,1051.0,1019.0,1021.0,142677241968,41167991,1252,1073.0,1023.0
2964,2020-01-13,1294.0,1338.0,1251.0,1283.0,656054983120,150600225,12227,1021.0,1272.0
2965,2020-01-14,1281.0,1281.0,1222.0,1251.0,314069966727,73915320,8974,1283.0,1236.0
2966,2020-01-15,1225.0,1295.0,1201.0,1249.0,350254858405,82590352,9134,1251.0,1264.0
2967,2020-01-18,1293.0,1311.0,1281.0,1308.0,276506534602,62253722,5468,1249.0,1311.0
2968,2020-01-19,1316.0,1369.0,1248.0,1322.0,225952177040,50337593,6605,1308.0,1307.0
2969,2020-01-20,1316.0,1349.0,1274.0,1297.0,260801211845,59199558,7133,1322.0,1283.0
2970,2020-01-21,1307.0,1307.0,1232.0,1252.0,230781277447,54293428,6809,1297.0,1232.0
2971,2020-01-22,1222.0,1286.0,1210.0,1256.0,198430398541,46508755,6546,1252.0,1260.0
2972,2020-01-25,1271.0,1319.0,1252.0,1298.0,250045347217,56720678,5903,1256.0,1319.0
2973,2020-01-26,1340.0,1363.0,1298.0,1348.0,389912739642,85165023,7195,1298.0,1328.0
2974,2020-01-27,1341.0,1399.0,1296.0,1350.0,187307619093,40855164,4450,1348.0,1346.0
2975,2020-01-28,1354.0,1369.0,1299.0,1327.0,206450322854,45830339,6916,1350.0,1304.0
2976,2020-02-01,1325.0,1355.0,1260.0,1287.0,330906347207,75729743,7837,1327.0,1261.0
2977,2020-02-02,1266.0,1351.0,1237.0,1325.0,388199953542,86240299,7488,1287.0,1351.0
2978,2020-02-03,1355.0,1392.0,1350.0,1381.0,361537074547,77084047,8134,1325.0,1363.0
2979,2020-02-04,1384.0,1390.0,1312.0,1326.0,334261177738,74254496,7785,1381.0,1312.0
2980,2020-02-05,1318.0,1348.0,1299.0,1322.0,221785233860,49416170,5713,1326.0,1321.0
2981,2020-02-08,1345.0,1370.0,1303.0,1332.0,284481393597,62862208,5880,1322.0,1319.0
2982,2020-02-09,1332.0,1399.0,1332.0,1389.0,360553076402,76413122,5555,1332.0,1399.0
2983,2020-02-10,1433.0,1434.0,1320.0,1379.0,320486459919,68423771,7348,1389.0,1391.0
2984,2020-02-12,1413.0,1448.0,1405.0,1446.0,385691693508,78521692,6002,1379.0,1448.0
2985,2020-02-15,1472.0,1502.0,1420.0,1472.0,256051337490,51208122,5887,1446.0,1487.0
2986,2020-02-17,1631.0,1631.0,1550.0,1567.0,317176773406,59619874,6067,1472.0,1550.0
2987,2020-02-18,1531.0,1645.0,1488.0,1570.0,786342173538,147457659,11844,1567.0,1645.0
2988,2020-02-22,1768.0,1856.0,1767.0,1817.0,810204142212,131277702,12652,1570.0,1856.0
2989,2020-02-23,1908.0,1908.0,1857.0,1895.0,838371768376,130280087,14904,1817.0,1896.0
2990,2020-02-24,1911.0,1911.0,1801.0,1849.0,481303345578,76667145,11990,1895.0,1843.0
2991,2020-02-25,1843.0,1938.0,1804.0,1863.0,457418262563,72295510,9216,1849.0,1902.0
2992,2020-02-26,1914.0,1955.0,1878.0,1928.0,336832309986,51446880,7485,1863.0,1886.0
2993,2020-02-29,1832.0,1920.0,1756.0,1866.0,360812545237,56927010,6992,1928.0,1867.0
2994,2020-03-01,1870.0,1959.0,1870.0,1950.0,422337994950,63771054,5320,1866.0,1959.0
2995,2020-03-02,2046.0,2048.0,2020.0,2046.0,318255772109,45789718,3636,1950.0,2048.0
2996,2020-03-03,2135.0,2149.0,2120.0,2147.0,438817988038,60174321,7019,2046.0,2149.0
2997,2020-03-04,2254.0,2254.0,2150.0,2202.0,409804325447,54807970,8592,2147.0,2173.0
2998,2020-03-07,2092.0,2126.0,2092.0,2093.0,434379794103,61102157,6744,2202.0,2092.0
2999,2020-03-10,2046.0,2049.0,1944.0,1982.0,195118206135,28985038,3812,2093.0,1944.0
3000,2020-03-11,1900.0,2027.0,1883.0,1938.0,445770448476,67722906,10694,1982.0,1893.0
3001,2020-03-14,1841.0,1887.0,1841.0,1847.0,108017456000,17221470,2396,1938.0,1841.0
3002,2020-03-15,1755.0,1796.0,1755.0,1759.0,407166352882,68166268,7183,1847.0,1755.0
3003,2020-03-16,1746.0,1846.0,1746.0,1803.0,278285217105,45442454,7238,1759.0,1772.0
3004,2020-03-17,1767.0,1830.0,1713.0,1720.0,309867022048,53057331,6372,1803.0,1723.0
3005,2020-03-18,1766.0,1806.0,1714.0,1797.0,363925042311,59623754,6663,1720.0,1806.0
3006,2020-03-24,1884.0,1884.0,1779.0,1824.0,293250891966,47341708,6866,1797.0,1826.0
3007,2020-03-25,1840.0,1915.0,1826.0,1897.0,359600851545,55806143,6477,1824.0,1915.0
3008,2020-03-28,1973.0,1992.0,1943.0,1990.0,262070533919,38773522,3541,1897.0,1992.0
3009,2020-03-29,2089.0,2089.0,2002.0,2071.0,425696515676,60531919,7474,1990.0,2061.0
3010,2020-03-30,2061.0,2164.0,2017.0,2104.0,372877272567,52187025,7580,2071.0,2117.0
3011,2020-04-04,2179.0,2179.0,2085.0,2129.0,554081694140,76622541,11457,2104.0,2107.0
3012,2020-04-05,2110.0,2113.0,2024.0,2064.0,502497505308,71668399,11220,2129.0,2046.0
3013,2020-04-06,2032.0,2120.0,1971.0,2032.0,580410939074,84115076,10824,2064.0,2094.0
3014,2020-04-07,2129.0,2133.0,2117.0,2133.0,767977875850,106016555,5056,2032.0,2133.0
3015,2020-04-08,2240.0,2240.0,2240.0,2240.0,599384798442,78804207,3074,2133.0,2240.0
3016,2020-04-11,2352.0,2352.0,2299.0,2351.0,805204465154,100840354,5813,2240.0,2352.0
3017,2020-04-12,2469.0,2469.0,2356.0,2463.0,728024585592,87042322,7741,2351.0,2459.0
3018,2020-04-13,2497.0,2497.0,2340.0,2368.0,703084618984,87435657,10142,2463.0,2367.0
3019,2020-04-14,2282.0,2467.0,2267.0,2360.0,460330907698,57433908,9704,2368.0,2426.0
3020,2020-04-15,2478.0,2478.0,2478.0,2478.0,109007691210,12953974,2487,2360.0,2478.0
3021,2020-04-18,2602.0,2602.0,2602.0,2602.0,54824267250,6205350,823,2478.0,2602.0
3022,2020-04-19,2731.0,2731.0,2576.0,2706.0,1160041101494,126240065,13017,2602.0,2621.0
3023,2020-04-20,2738.0,2841.0,2659.0,2817.0,581938647802,60827629,6932,2706.0,2841.0
3024,2020-04-21,2930.0,2958.0,2879.0,2948.0,260563118747,26030731,3177,2817.0,2958.0
3025,2020-04-22,3086.0,3095.0,2989.0,3069.0,1212186384008,116307819,16711,2948.0,3095.0
3026,2020-04-25,3222.0,3222.0,3222.0,3222.0,52967731190,4840330,360,3069.0,3222.0
3027,2020-04-27,3383.0,3552.0,3383.0,3516.0,797433596304,66782550,8525,3222.0,3552.0
3028,2020-04-28,3679.0,3692.0,3445.0,3606.0,1655566239692,135188103,24093,3516.0,3533.0
3029,2020-04-29,3592.0,3769.0,3455.0,3683.0,1047522366572,83739385,19974,3606.0,3749.0
3030,2020-05-02,3866.0,3867.0,3754.0,3861.0,352677325762,26896252,4851,3683.0,3867.0
3031,2020-05-03,4054.0,4054.0,3872.0,4042.0,1157499899820,84319672,13800,3861.0,3946.0
3032,2020-05-04,3840.0,4119.0,3840.0,3904.0,1863397613614,140560519,22317,4042.0,3840.0
3033,2020-05-05,3887.0,4049.0,3709.0,3806.0,695029922246,53766202,9781,3904.0,3709.0
3034,2020-05-06,3616.0,3710.0,3616.0,3626.0,1246132939744,101206643,14974,3806.0,3616.0
3035,2020-05-09,3798.0,3807.0,3684.0,3803.0,1209076075529,93624631,12782,3626.0,3807.0
3036,2020-05-10,3993.0,3993.0,3637.0,3907.0,1380623326532,104053878,19811,3803.0,3857.0
3037,2020-05-11,3828.0,3866.0,3712.0,3748.0,326751667203,25670648,5952,3907.0,3712.0
3038,2020-05-12,3561.0,3561.0,3561.0,3561.0,89945774934,7437838,1469,3748.0,3561.0
3039,2020-05-13,3383.0,3592.0,3383.0,3413.0,1274748128020,109982559,15799,3561.0,3383.0
3040,2020-05-16,3242.0,3242.0,3242.0,3242.0,238857185567,21692597,2390,3413.0,3242.0
3041,2020-05-17,3080.0,3239.0,3080.0,3109.0,874213368607,82801318,11947,3242.0,3177.0
3042,2020-05-18,3264.0,3264.0,3264.0,3264.0,121400603235,10951791,2046,3109.0,3264.0
3043,2020-05-19,3427.0,3427.0,3427.0,3427.0,136351885954,11715086,1233,3264.0,3427.0
3044,2020-05-20,3598.0,3598.0,3469.0,3582.0,1304363238649,107228509,15433,3427.0,3598.0
3045,2020-05-26,3475.0,3598.0,3301.0,3354.0,163799000000,14378061,1856,3582.0,3301.0
3046,2020-05-27,3195.0,3522.0,3195.0,3422.0,424057663747,36482990,6590,3354.0,3522.0
3047,2020-05-30,3594.0,3594.0,3594.0,3594.0,69379715592,5684998,815,3422.0,3594.0
3048,2020-05-31,3773.0,3773.0,3414.0,3742.0,1590896777718,125185238,14696,3594.0,3773.0
3049,2020-06-01,3760.0,3929.0,3742.0,3916.0,586649866448,44115105,6785,3742.0,3929.0
3050,2020-06-02,4111.0,4111.0,4082.0,4111.0,93033312865,6664497,987,3916.0,4082.0
3051,2020-06-06,4564.0,4704.0,4340.0,4551.0,850266489269,55008053,12954,4111.0,4605.0
3052,2020-06-07,4667.0,4778.0,4446.0,4629.0,1298082101849,82568933,23551,4551.0,4455.0
3053,2020-06-08,4398.0,4861.0,4398.0,4438.0,981241089343,65101861,15238,4629.0,4398.0
3054,2020-06-09,4349.0,4561.0,4216.0,4321.0,879342802218,59925026,13081,4438.0,4315.0
3055,2020-06-10,4415.0,4537.0,4414.0,4524.0,789521881848,51387190,12588,4321.0,4537.0
3056,2020-06-13,4750.0,4750.0,4623.0,4747.0,786442132080,48799893,9866,4524.0,4750.0
3057,2020-06-14,4829.0,4829.0,4511.0,4620.0,1012687530260,64549111,15502,4747.0,4635.0
3058,2020-06-15,4773.0,4782.0,4417.0,4579.0,735063374680,47275685,12992,4620.0,4461.0
3059,2020-06-16,4579.0,4652.0,4420.0,4523.0,1291570617300,84063603,19961,4579.0,4502.0
3060,2020-06-20,4744.0,4747.0,4626.0,4738.0,662049126400,41135275,9306,4523.0,4747.0
3061,2020-06-21,4973.0,4973.0,4773.0,4967.0,765489931180,45381350,10513,4738.0,4973.0
3062,2020-06-22,5109.0,5215.0,4976.0,5144.0,922674525500,52826524,13867,4967.0,5215.0
3063,2020-06-23,5300.0,5383.0,4888.0,5068.0,1510377382330,87772014,26265,5144.0,4888.0
3064,2020-06-24,4814.0,4909.0,4814.0,4820.0,1134814740930,69316370,13748,5068.0,4814.0
3065,2020-06-27,4835.0,4962.0,4594.0,4729.0,1329704391510,82815095,19709,4820.0,4626.0
3066,2020-06-28,4688.0,4688.0,4493.0,4514.0,1485081284840,96843511,16860,4729.0,4493.0
3067,2020-06-29,4420.0,4694.0,4290.0,4423.0,1591945735930,105970004,21492,4514.0,4582.0
3068,2020-06-30,4644.0,4644.0,4644.0,4644.0,1274782426860,80835918,9763,4423.0,4644.0
3069,2020-07-01,4873.0,4873.0,4873.0,4873.0,306640237050,18528111,3969,4644.0,4873.0
3070,2020-07-04,5115.0,5115.0,4632.0,4847.0,2237942006050,135968211,28273,4873.0,4702.0
3071,2020-07-05,4711.0,5088.0,4626.0,4885.0,1596746183150,96271626,20677,4847.0,5003.0
3072,2020-07-06,5085.0,5126.0,4864.0,5091.0,1844435138290,106684127,23530,4885.0,5035.0
3073,2020-07-07,4844.0,5020.0,4838.0,4859.0,1580316981690,95801988,20757,5091.0,4838.0
3074,2020-07-08,4755.0,4844.0,4617.0,4670.0,1101177057340,69411060,16886,4859.0,4617.0
3075,2020-07-11,4437.0,4588.0,4437.0,4452.0,1218234368260,80549538,15030,4670.0,4437.0
3076,2020-07-12,4623.0,4673.0,4273.0,4570.0,1169449310890,75365882,18329,4452.0,4361.0
3077,2020-07-13,4426.0,4461.0,4343.0,4361.0,1175543782610,79354263,16055,4570.0,4343.0
3078,2020-07-14,4361.0,4579.0,4314.0,4511.0,1641041010170,107122263,24408,4361.0,4399.0
3079,2020-07-15,4535.0,4682.0,4290.0,4440.0,1104152630850,73242121,18878,4511.0,4290.0
3080,2020-07-18,4390.0,4661.0,4390.0,4638.0,965826529520,61334628,8858,4440.0,4661.0
3081,2020-07-19,4867.0,4867.0,4682.0,4841.0,1733417415710,105451858,22107,4638.0,4770.0
3082,2020-07-20,4838.0,4962.0,4599.0,4744.0,1745508021820,108335677,28050,4841.0,4599.0
3083,2020-07-21,4564.0,4596.0,4508.0,4517.0,922213332550,60116431,12334,4744.0,4508.0
3084,2020-07-22,4446.0,4564.0,4293.0,4358.0,786108984710,53109456,13656,4517.0,4314.0
3085,2020-07-25,4476.0,4576.0,4476.0,4570.0,1008476069880,64985988,11476,4358.0,4576.0
3086,2020-07-26,4652.0,4667.0,4367.0,4543.0,949960597700,61572509,14566,4570.0,4461.0
3087,2020-07-27,4623.0,4770.0,4358.0,4711.0,2340436475040,146314867,19202,4543.0,4770.0
3088,2020-07-28,4947.0,4947.0,4947.0,4947.0,159095210400,9469953,2838,4711.0,4947.0
3089,2020-07-29,5194.0,5194.0,5194.0,5194.0,174578087880,9896717,3493,4947.0,5194.0
3090,2020-08-01,5453.0,5453.0,5453.0,5453.0,100448313000,5423775,1628,5194.0,5453.0
3091,2020-08-02,5724.0,5724.0,5724.0,5724.0,140197916880,7211827,1640,5453.0,5724.0
3092,2020-08-03,6010.0,6010.0,6010.0,6010.0,399568366080,19577088,2663,5724.0,6010.0
3093,2020-08-04,6036.0,6310.0,6010.0,6272.0,9280357406780,435603535,40456,6010.0,6310.0
3094,2020-08-05,6561.0,6561.0,6369.0,6525.0,536115877650,24190220,3102,6272.0,6390.0
3095,2020-08-10,6201.0,6201.0,6201.0,6201.0,64020441420,3039907,1207,6525.0,6201.0
3096,2020-08-11,5892.0,5892.0,5892.0,5892.0,52167170550,2607055,1268,6201.0,5892.0
3097,2020-08-12,5977.0,6110.0,5598.0,5880.0,1687824569980,84524954,11655,5892.0,5598.0
3098,2020-08-15,5589.0,5589.0,5589.0,5589.0,60956490660,3211617,822,5880.0,5589.0
3099,2020-08-16,5312.0,5565.0,5312.0,5318.0,1211467201690,67073874,8184,5589.0,5312.0
3100,2020-08-17,5094.0,5294.0,5053.0,5076.0,2177141154910,126296512,16516,5318.0,5053.0
3101,2020-08-18,5327.0,5330.0,4823.0,5032.0,2087690413690,122162637,21018,5076.0,4823.0
3102,2020-08-19,4782.0,4782.0,4782.0,4782.0,65277573200,4019555,881,5032.0,4782.0
3103,2020-08-22,4741.0,4917.0,4543.0,4626.0,488514932780,31087779,3768,4782.0,4543.0
3104,2020-08-23,4396.0,4396.0,4396.0,4396.0,78010250310,5225067,607,4626.0,4396.0
3105,2020-08-24,4178.0,4178.0,4178.0,4323.0,15009926580,1057782,421,4396.0,4178.0
3106,2020-08-25,4108.0,4402.0,4108.0,4187.0,1762754462040,123985247,18381,4323.0,4128.0
3107,2020-08-26,4228.0,4396.0,4225.0,4361.0,468841337350,31662861,5211,4187.0,4396.0
3108,2020-08-31,4502.0,4505.0,4143.0,4196.0,722985631410,50722732,6549,4361.0,4143.0
3109,2020-09-01,3987.0,3987.0,3987.0,4125.0,15670627320,1157358,511,4196.0,3987.0
3110,2020-09-02,3919.0,3919.0,3919.0,4046.0,17180162010,1290771,300,4125.0,3919.0
3111,2020-09-05,3846.0,3846.0,3846.0,3846.0,79948135180,6121603,782,4046.0,3846.0
3112,2020-09-06,3754.0,3922.0,3654.0,3722.0,827771203110,65506839,6180,3846.0,3654.0
3113,2020-09-07,3536.0,3536.0,3536.0,3701.0,4706514830,391883,158,3722.0,3536.0
3114,2020-09-08,3519.0,3519.0,3519.0,3695.0,1684316650,140947,112,3701.0,3519.0
3115,2020-09-09,3513.0,3513.0,3513.0,3569.0,30201952210,2531597,626,3695.0,3513.0
3116,2020-09-12,3513.0,3666.0,3392.0,3469.0,550111522970,46685182,6843,3569.0,3392.0
3117,2020-09-13,3298.0,3298.0,3298.0,3395.0,19813136000,1769030,423,3469.0,3298.0
3118,2020-09-14,3227.0,3533.0,3227.0,3268.0,1841813696850,165971928,19009,3395.0,3268.0
3119,2020-09-15,3327.0,3430.0,3313.0,3416.0,1143318543550,98534900,12733,3268.0,3430.0
3120,2020-09-16,3460.0,3525.0,3245.0,3348.0,438147642560,38538505,7223,3416.0,3245.0
3121,2020-09-19,3183.0,3183.0,3183.0,3183.0,47520143830,4395943,672,3348.0,3183.0
3122,2020-09-20,3024.0,3024.0,3024.0,3145.0,10556440570,1027891,361,3183.0,3024.0
3123,2020-09-21,2989.0,2989.0,2989.0,3118.0,7691609100,757794,231,3145.0,2989.0
3124,2020-09-22,2965.0,2965.0,2965.0,3071.0,13698382120,1360316,331,3118.0,2965.0
3125,2020-09-23,2918.0,3009.0,2918.0,2927.0,805367669470,81037201,8295,3071.0,2918.0
3126,2020-09-26,2783.0,2783.0,2783.0,2821.0,34529468400,3653912,624,2927.0,2783.0
3127,2020-09-27,2683.0,2683.0,2683.0,2803.0,5468569020,600282,155,2821.0,2683.0
3128,2020-09-28,2665.0,2665.0,2665.0,2797.0,1779863500,196670,80,2803.0,2665.0
3129,2020-09-29,2659.0,2659.0,2659.0,2765.0,10417278900,1153630,164,2797.0,2659.0
3130,2020-09-30,2630.0,2630.0,2630.0,2703.0,20077051100,2248270,354,2765.0,2630.0
3131,2020-10-03,2571.0,2762.0,2571.0,2632.0,854129902520,95520129,13101,2703.0,2635.0
3132,2020-10-04,2653.0,2677.0,2503.0,2523.0,431684050670,50384999,4739,2632.0,2503.0
3133,2020-10-05,2400.0,2400.0,2400.0,2459.0,22754302850,2791939,467,2523.0,2400.0
3134,2020-10-06,2562.0,2579.0,2535.0,2571.0,163121807690,18681894,1828,2459.0,2579.0
3135,2020-10-07,2697.0,2697.0,2588.0,2680.0,841917608290,92534689,10296,2571.0,2697.0
3136,2020-10-10,2659.0,2812.0,2591.0,2780.0,402949775950,42676154,4426,2680.0,2812.0
3137,2020-10-11,2918.0,2918.0,2812.0,2906.0,362862776620,36769595,4770,2780.0,2827.0
3138,2020-10-12,2836.0,3036.0,2762.0,2833.0,404527890580,42039689,5833,2906.0,2812.0
3139,2020-10-13,2697.0,2877.0,2691.0,2706.0,418293422100,45537959,5685,2833.0,2691.0
3140,2020-10-14,2627.0,2665.0,2574.0,2576.0,289195808090,33036784,3762,2706.0,2574.0
3141,2020-10-18,2644.0,2644.0,2450.0,2506.0,89974738790,10576365,1833,2576.0,2450.0
3142,2020-10-19,2382.0,2382.0,2382.0,2482.0,9161803650,1132485,308,2506.0,2382.0
3143,2020-10-20,2359.0,2359.0,2359.0,2444.0,14409413280,1798928,384,2482.0,2359.0
3144,2020-10-21,2385.0,2491.0,2323.0,2347.0,384348315540,48196204,5734,2444.0,2323.0
3145,2020-10-24,2232.0,2232.0,2232.0,2326.0,8612168600,1136170,297,2347.0,2232.0
3146,2020-10-26,2211.0,2211.0,2211.0,2311.0,5909273540,786854,194,2326.0,2211.0
3147,2020-10-27,2197.0,2197.0,2197.0,2306.0,2599892060,348511,132,2311.0,2197.0
3148,2020-10-28,2191.0,2191.0,2191.0,2288.0,7657248000,1029200,280,2306.0,2191.0
3149,2020-10-31,2176.0,2320.0,2176.0,2205.0,453828963450,60563285,6840,2288.0,2176.0
3150,2020-11-01,2164.0,2176.0,2097.0,2120.0,53774500670,7468870,789,2205.0,2097.0
3151,2020-11-02,2014.0,2029.0,2014.0,2014.0,155386948010,22716693,1861,2120.0,2014.0
3152,2020-11-04,1979.0,2102.0,1914.0,1949.0,277860735840,41990785,5484,2014.0,1949.0
3153,2020-11-07,1855.0,1896.0,1852.0,1896.0,26681828280,4237337,585,1949.0,1852.0
3154,2020-11-08,1802.0,1802.0,1802.0,1893.0,2143101600,350180,92,1896.0,1802.0
3155,2020-11-09,1799.0,1799.0,1799.0,1876.0,7946305510,1300541,211,1893.0,1799.0
3156,2020-11-10,1784.0,1840.0,1784.0,1790.0,142958458990,23530040,1900,1876.0,1784.0
3157,2020-11-11,1752.0,1849.0,1702.0,1758.0,543854290330,91126054,7631,1790.0,1796.0
3158,2020-11-14,1826.0,1843.0,1799.0,1840.0,85571472170,13689501,1197,1758.0,1843.0
3159,2020-11-15,1929.0,1932.0,1749.0,1826.0,567778878630,91628956,7687,1840.0,1758.0
3160,2020-11-16,1761.0,1917.0,1746.0,1890.0,482029268600,75117611,5248,1826.0,1917.0
3161,2020-11-17,1923.0,1985.0,1914.0,1967.0,108244920500,16197442,1231,1890.0,1985.0
3162,2020-11-18,2064.0,2064.0,2064.0,2064.0,84098051690,11996869,833,1967.0,2064.0
3163,2020-11-21,2167.0,2167.0,2002.0,2117.0,622573177440,86552805,8425,2064.0,2032.0
3164,2020-11-22,2023.0,2135.0,2014.0,2044.0,300894363560,43328191,4339,2117.0,2029.0
3165,2020-11-23,2014.0,2102.0,1943.0,1976.0,402023494260,59874907,6172,2044.0,1979.0
3166,2020-11-24,1973.0,2052.0,1879.0,1932.0,480783541750,73276428,6766,1976.0,1896.0
3167,2020-11-25,1885.0,2026.0,1849.0,1967.0,566135986790,84757806,6844,1932.0,2026.0
3168,2020-11-28,2044.0,2064.0,1993.0,2049.0,241741208220,34735570,1888,1967.0,2064.0
3169,2020-11-29,2150.0,2150.0,2150.0,2150.0,73087030600,10011922,628,2049.0,2150.0
3170,2020-11-30,2256.0,2256.0,2256.0,2256.0,103582487880,13522518,691,2150.0,2256.0
3171,2020-12-01,2256.0,2367.0,2179.0,2332.0,1009278004180,127514256,11148,2256.0,2303.0
3172,2020-12-02,2297.0,2447.0,2223.0,2385.0,705885816240,87171391,8772,2332.0,2356.0
3173,2020-12-05,2385.0,2468.0,2326.0,2420.0,354002943340,43062054,5518,2385.0,2459.0
3174,2020-12-06,2497.0,2521.0,2332.0,2412.0,511597008700,62437288,8436,2420.0,2382.0
3175,2020-12-07,2356.0,2450.0,2294.0,2344.0,388582514780,48828381,6872,2412.0,2294.0
3176,2020-12-08,2341.0,2341.0,2229.0,2253.0,449274761350,58709641,6906,2344.0,2261.0
3177,2020-12-09,2253.0,2364.0,2253.0,2347.0,419310658250,52596820,5714,2253.0,2364.0
3178,2020-12-13,2473.0,2597.0,2426.0,2556.0,1148398102100,132352062,10703,2347.0,2597.0
3179,2020-12-14,2630.0,2644.0,2429.0,2497.0,754041369810,88927707,9023,2556.0,2429.0
3180,2020-12-15,2373.0,2373.0,2373.0,2397.0,40769470820,5058247,313,2497.0,2373.0
3181,2020-12-16,2279.0,2367.0,2279.0,2291.0,532401066480,68440314,5915,2397.0,2317.0
3182,2020-12-19,2309.0,2385.0,2194.0,2329.0,261488325870,33074657,4525,2291.0,2335.0
3183,2020-12-20,2303.0,2379.0,2214.0,2256.0,309735277910,40446433,4776,2329.0,2223.0
3184,2020-12-21,2197.0,2367.0,2197.0,2359.0,844393868820,105405292,7502,2256.0,2367.0
3185,2020-12-22,2367.0,2397.0,2288.0,2347.0,516999158290,64845760,7364,2359.0,2356.0
3186,2020-12-23,2370.0,2420.0,2291.0,2367.0,430319719420,53517394,5881,2347.0,2356.0
3187,2020-12-26,2356.0,2485.0,2311.0,2426.0,722900998770,87728389,9456,2367.0,2426.0
3188,2020-12-27,2459.0,2547.0,2429.0,2523.0,677552435830,79104335,8787,2426.0,2547.0
3189,2020-12-28,2576.0,2579.0,2400.0,2453.0,604528411040,72594869,8196,2523.0,2400.0
3190,2020-12-29,2356.0,2432.0,2332.0,2338.0,278811506960,35124675,3156,2453.0,2332.0
3191,2020-12-30,2282.0,2338.0,2223.0,2241.0,326950177800,42965712,4843,2338.0,2223.0
3192,2021-01-02,2135.0,2238.0,2129.0,2138.0,360773904200,49698622,4391,2241.0,2129.0
3193,2021-01-03,2076.0,2200.0,2035.0,2105.0,184861139420,25860681,4284,2138.0,2091.0
3194,2021-01-04,2094.0,2194.0,2091.0,2147.0,167257224890,22958781,4032,2105.0,2091.0
3195,2021-01-05,2094.0,2147.0,2041.0,2058.0,273180112260,39072626,5050,2147.0,2041.0
3196,2021-01-09,1961.0,2002.0,1958.0,1961.0,267872874900,40228113,3227,2058.0,1958.0
3197,2021-01-10,1961.0,2058.0,1914.0,2005.0,282039747010,41412022,4985,1961.0,1985.0
3198,2021-01-11,2023.0,2088.0,1946.0,2017.0,311628339980,45522997,5266,2005.0,1973.0
3199,2021-01-12,1976.0,2017.0,1917.0,1923.0,236553751540,36220390,3161,2017.0,1917.0
3200,2021-01-16,1829.0,1829.0,1829.0,1911.0,6521468760,1050156,148,1923.0,1829.0
3201,2021-01-18,1817.0,1817.0,1817.0,1902.0,4176725970,676941,159,1911.0,1817.0
3202,2021-01-19,1808.0,1885.0,1808.0,1817.0,232256942830,37617849,3695,1902.0,1808.0
3203,2021-01-20,1767.0,1870.0,1767.0,1826.0,247869242490,40005490,5194,1817.0,1829.0
3204,2021-01-23,1843.0,1917.0,1840.0,1911.0,224493036010,34604510,3042,1826.0,1917.0
3205,2021-01-24,1996.0,1999.0,1817.0,1846.0,355771301610,56726999,4805,1911.0,1817.0
3206,2021-01-25,1758.0,1852.0,1755.0,1799.0,240017592430,39312861,3669,1846.0,1784.0
3207,2021-01-26,1770.0,1823.0,1711.0,1726.0,211905787220,36141385,3477,1799.0,1711.0
3208,2021-02-01,1664.0,1673.0,1581.0,1614.0,156700448850,28584522,2856,1726.0,1590.0
3209,2021-02-02,1558.0,1614.0,1534.0,1549.0,339955270700,64593445,3845,1614.0,1564.0
3210,2021-02-03,1561.0,1584.0,1472.0,1490.0,247748361850,48987974,3357,1549.0,1472.0
3211,2021-02-06,1472.0,1472.0,1416.0,1443.0,36541019470,7536608,901,1490.0,1416.0
3212,2021-02-07,1416.0,1514.0,1416.0,1508.0,124685218190,24361108,1938,1443.0,1514.0
3213,2021-02-08,1561.0,1561.0,1434.0,1472.0,210060766280,42018919,3793,1508.0,1478.0
3214,2021-02-09,1469.0,1546.0,1428.0,1528.0,204511457260,39386315,3272,1472.0,1546.0
3215,2021-02-13,1620.0,1620.0,1620.0,1578.0,28428994000,5168908,648,1528.0,1620.0
3216,2021-02-14,1673.0,1673.0,1596.0,1643.0,319261753900,57246011,4603,1578.0,1622.0
3217,2021-02-15,1620.0,1661.0,1611.0,1614.0,113793380740,20775930,1632,1643.0,1611.0
3218,2021-02-16,1584.0,1584.0,1584.0,1608.0,9583216460,1781267,318,1614.0,1584.0
3219,2021-02-17,1578.0,1590.0,1578.0,1590.0,32921987200,6141013,458,1608.0,1578.0
3220,2021-02-20,1561.0,1561.0,1561.0,1587.0,5544149800,1046066,167,1590.0,1561.0
3221,2021-02-21,1558.0,1558.0,1558.0,1584.0,2628907820,496958,75,1587.0,1558.0
3222,2021-02-22,1555.0,1555.0,1555.0,1584.0,2304060000,436375,63,1584.0,1555.0
3223,2021-02-23,1555.0,1555.0,1555.0,1578.0,8908320960,1687182,154,1584.0,1555.0
3224,2021-02-24,1549.0,1549.0,1549.0,1575.0,6781507600,1289260,151,1578.0,1549.0
3225,2021-02-27,1546.0,1546.0,1546.0,1572.0,3065527500,583910,114,1575.0,1546.0
3226,2021-02-28,1543.0,1543.0,1543.0,1572.0,1299797720,248053,66,1572.0,1543.0
3227,2021-03-01,1543.0,1543.0,1543.0,1569.0,5053712760,964449,155,1572.0,1543.0
3228,2021-03-02,1540.0,1540.0,1540.0,1567.0,3783889310,723497,110,1569.0,1540.0
3229,2021-03-03,1537.0,1537.0,1537.0,1564.0,2730947400,523170,82,1567.0,1537.0
3230,2021-03-06,1534.0,1534.0,1534.0,1564.0,1644750110,315691,78,1564.0,1534.0
3231,2021-03-07,1534.0,1534.0,1534.0,1561.0,3413633680,655208,87,1564.0,1534.0
3232,2021-03-08,1531.0,1531.0,1531.0,1555.0,9703631600,1866083,206,1561.0,1531.0
3233,2021-03-09,1525.0,1552.0,1525.0,1528.0,138925098390,26789870,2476,1555.0,1525.0
3234,2021-03-10,1499.0,1508.0,1499.0,1499.0,58901037240,11571587,915,1528.0,1499.0
3235,2021-03-13,1469.0,1475.0,1469.0,1469.0,47435216920,9505595,892,1499.0,1469.0
3236,2021-03-14,1452.0,1505.0,1446.0,1466.0,164941715610,33102667,3910,1469.0,1455.0
3237,2021-03-15,1446.0,1496.0,1443.0,1463.0,164779812710,33181259,3324,1466.0,1452.0
3238,2021-03-31,1651.0,1745.0,1651.0,1719.0,105944975940,41366108,1182,1463.0,1745.0
3239,2021-04-03,1819.0,1819.0,1725.0,1806.0,558461914120,207903912,10726,1719.0,1772.0
3240,2021-04-04,1772.0,1772.0,1772.0,1792.0,16111737840,6102931,399,1806.0,1772.0
3241,2021-04-05,1759.0,1759.0,1759.0,1786.0,7107281860,2712703,216,1792.0,1759.0
3242,2021-04-06,1752.0,1806.0,1752.0,1759.0,82106995360,31352817,1352,1786.0,1752.0
3243,2021-04-07,1725.0,1725.0,1725.0,1745.0,16041235820,6241726,351,1759.0,1725.0
3244,2021-04-10,1712.0,1712.0,1712.0,1745.0,1265169750,496145,53,1745.0,1712.0
3245,2021-04-11,1712.0,1712.0,1712.0,1745.0,1862185950,730269,60,1745.0,1712.0
3246,2021-04-12,1712.0,1712.0,1712.0,1745.0,1038010650,407063,60,1745.0,1712.0
3247,2021-04-14,1658.0,1665.0,1631.0,1631.0,106472495610,43748763,1718,1745.0,1631.0
3248,2021-04-17,1604.0,1604.0,1604.0,1631.0,1377794370,576483,72,1631.0,1604.0
3249,2021-04-18,1604.0,1604.0,1604.0,1631.0,1433438350,599765,41,1631.0,1604.0
3250,2021-04-19,1604.0,1604.0,1604.0,1631.0,1317336930,551187,65,1631.0,1604.0
3251,2021-04-20,1604.0,1604.0,1604.0,1631.0,4339733320,1815788,109,1631.0,1604.0
3252,2021-04-21,1584.0,1584.0,1584.0,1631.0,1779914360,754201,72,1631.0,1584.0
3253,2021-04-24,1584.0,1584.0,1584.0,1631.0,409896600,173685,31,1631.0,1584.0
3254,2021-04-25,1584.0,1584.0,1584.0,1631.0,444222800,188230,27,1631.0,1584.0
3255,2021-04-26,1584.0,1584.0,1584.0,1631.0,2583067200,1094520,84,1631.0,1584.0
3256,2021-04-27,1584.0,1584.0,1584.0,1625.0,4140808800,1754580,126,1631.0,1584.0
3257,2021-04-28,1578.0,1578.0,1578.0,1618.0,5578580400,2373864,160,1625.0,1578.0
3258,2021-05-01,1571.0,1571.0,1571.0,1611.0,4925051820,2104723,81,1618.0,1571.0
3259,2021-05-02,1564.0,1564.0,1564.0,1610.0,430097030,184591,27,1611.0,1564.0
3260,2021-05-03,1563.0,1563.0,1563.0,1609.0,1398508752,600734,39,1610.0,1563.0
3261,2021-05-05,1561.0,1561.0,1561.0,1607.0,1803447818,775343,65,1609.0,1561.0
3262,2021-05-08,1559.0,1559.0,1559.0,1606.0,1347774401,580187,38,1607.0,1559.0
3263,2021-05-09,1558.0,1558.0,1558.0,1605.0,531903570,229170,38,1606.0,1558.0
3264,2021-05-10,1557.0,1557.0,1557.0,1604.0,1057300560,455733,58,1605.0,1557.0
3265,2021-05-11,1556.0,1556.0,1556.0,1597.0,6955390800,3000600,141,1604.0,1556.0
3266,2021-05-12,1549.0,1549.0,1549.0,1595.0,1725617744,747668,80,1597.0,1549.0
3267,2021-05-15,1516.0,1516.0,1516.0,1550.0,8098307968,3586496,122,1595.0,1516.0
3268,2021-05-16,1473.0,1473.0,1473.0,1509.0,7304227502,3329183,127,1550.0,1473.0
3269,2021-05-17,1434.0,1434.0,1434.0,1502.0,1204174272,563752,65,1509.0,1434.0
3270,2021-05-18,1428.0,1428.0,1428.0,1495.0,1348092600,633800,68,1502.0,1428.0
3271,2021-05-19,1420.0,1420.0,1420.0,1490.0,913075160,431510,42,1495.0,1420.0
3272,2021-05-22,1416.0,1416.0,1416.0,1487.0,516386541,244849,31,1490.0,1416.0
3273,2021-05-23,1413.0,1413.0,1413.0,1482.0,853160710,405302,37,1487.0,1413.0
3274,2021-05-24,1408.0,1408.0,1408.0,1479.0,617940724,294538,44,1482.0,1408.0
3275,2021-05-25,1405.0,1405.0,1405.0,1461.0,3383501940,1616580,110,1479.0,1405.0
3276,2021-05-26,1389.0,1389.0,1389.0,1455.0,1222996245,591105,56,1461.0,1389.0
3277,2021-05-29,1383.0,1439.0,1383.0,1399.0,466028816997,223570947,9660,1455.0,1402.0
3278,2021-05-30,1420.0,1469.0,1356.0,1440.0,266906957891,124423024,5233,1399.0,1390.0
3279,2021-05-31,1390.0,1415.0,1368.0,1375.0,64754334143,31619396,1552,1440.0,1368.0
3280,2021-06-01,1306.0,1306.0,1306.0,1344.0,6062482776,3115356,196,1375.0,1306.0
3281,2021-06-02,1277.0,1362.0,1277.0,1308.0,304587136582,156295441,5520,1344.0,1333.0
3282,2021-06-07,1362.0,1373.0,1337.0,1371.0,141846720221,69429968,1570,1308.0,1373.0
3283,2021-06-08,1440.0,1440.0,1390.0,1432.0,191123814943,89618968,2261,1371.0,1423.0
3284,2021-06-09,1394.0,1495.0,1387.0,1447.0,234765985590,108904773,4158,1432.0,1459.0
3285,2021-06-12,1411.0,1467.0,1380.0,1424.0,96430676838,45468546,2002,1447.0,1410.0
3286,2021-06-13,1420.0,1439.0,1377.0,1412.0,86550861087,41158390,1723,1424.0,1410.0
3287,2021-06-14,1429.0,1462.0,1406.0,1431.0,119800454663,56222181,2056,1412.0,1443.0
3288,2021-06-15,1437.0,1459.0,1359.0,1380.0,139215671292,67695719,2538,1431.0,1359.0
3289,2021-06-16,1342.0,1376.0,1312.0,1336.0,170626427538,85755345,2542,1380.0,1320.0
3290,2021-06-19,1343.0,1372.0,1316.0,1345.0,70199934910,35026462,1937,1336.0,1336.0
3291,2021-06-20,1349.0,1363.0,1278.0,1290.0,111047234516,57790866,2491,1345.0,1278.0
3292,2021-06-21,1249.0,1355.0,1229.0,1316.0,211380440882,107772283,3222,1290.0,1355.0
3293,2021-06-22,1376.0,1382.0,1343.0,1379.0,225480583802,109800809,2935,1316.0,1382.0
3294,2021-06-23,1402.0,1437.0,1343.0,1404.0,179988939753,86044335,2850,1379.0,1402.0
3295,2021-06-26,1402.0,1456.0,1383.0,1418.0,153953325717,72891180,2905,1404.0,1392.0
3296,2021-06-27,1383.0,1439.0,1357.0,1388.0,167928517751,81216982,3426,1418.0,1366.0
3297,2021-07-05,1466.0,1481.0,1439.0,1455.0,133583874061,73119573,2106,1388.0,1471.0
3298,2021-07-06,1481.0,1524.0,1458.0,1494.0,131532457051,70119662,3112,1455.0,1501.0
3299,2021-07-07,1513.0,1568.0,1498.0,1554.0,74751813071,38306944,1142,1494.0,1568.0
3300,2021-07-10,1617.0,1631.0,1585.0,1622.0,362133258401,177907161,5587,1554.0,1601.0
3301,2021-07-11,1592.0,1608.0,1541.0,1561.0,284942271884,145390370,5088,1622.0,1575.0
3302,2021-07-12,1592.0,1625.0,1530.0,1575.0,111232236024,56247939,2712,1561.0,1549.0
3303,2021-07-13,1537.0,1593.0,1522.0,1552.0,79397355265,40757760,2069,1575.0,1541.0
3304,2021-07-14,1541.0,1575.0,1527.0,1552.0,71922194597,36917243,1978,1552.0,1563.0
3305,2021-07-17,1584.0,1629.0,1578.0,1626.0,649460260813,318112779,7150,1552.0,1629.0
3306,2021-07-18,1640.0,1665.0,1569.0,1619.0,239227077815,117644245,4930,1626.0,1608.0
3307,2021-07-19,1609.0,1697.0,1578.0,1655.0,203049416823,97694583,4077,1619.0,1649.0
3308,2021-07-26,1673.0,1692.0,1585.0,1629.0,156240814997,76387707,3429,1655.0,1595.0
3309,2021-07-27,1625.0,1625.0,1548.0,1556.0,120976755040,61927785,2430,1629.0,1548.0
3310,2021-07-28,1482.0,1553.0,1479.0,1493.0,139500600469,74396811,3250,1556.0,1481.0
3311,2021-07-31,1475.0,1559.0,1474.0,1532.0,69610242049,36183740,2072,1493.0,1544.0
3312,2021-08-01,1558.0,1560.0,1505.0,1535.0,115761250219,60075286,2028,1532.0,1535.0
3313,2021-08-02,1542.0,1575.0,1477.0,1504.0,98886061037,52380627,2937,1535.0,1481.0
3314,2021-08-03,1474.0,1512.0,1473.0,1484.0,56638660246,30396001,1868,1504.0,1481.0
3315,2021-08-04,1481.0,1520.0,1462.0,1487.0,101086236475,54149965,2902,1484.0,1473.0
3316,2021-08-07,1456.0,1513.0,1456.0,1472.0,73483539822,39755193,2154,1487.0,1458.0
3317,2021-08-08,1439.0,1545.0,1439.0,1531.0,192155791720,99970161,3041,1472.0,1545.0
3318,2021-08-09,1549.0,1564.0,1505.0,1529.0,131820255597,68661721,3397,1531.0,1509.0
3319,2021-08-10,1529.0,1584.0,1509.0,1549.0,122595673400,63028713,3377,1529.0,1537.0
3320,2021-08-11,1569.0,1569.0,1509.0,1532.0,118336907616,61531498,3569,1549.0,1525.0
3321,2021-08-14,1527.0,1577.0,1504.0,1543.0,141008082208,72784963,3962,1532.0,1542.0
3322,2021-08-15,1560.0,1619.0,1523.0,1590.0,209671134373,105030105,3425,1543.0,1619.0
3323,2021-08-22,1669.0,1669.0,1625.0,1660.0,336570748966,161466204,5604,1590.0,1669.0
3324,2021-08-23,1685.0,1743.0,1633.0,1730.0,549986674216,253223109,5811,1660.0,1743.0
3325,2021-08-24,1768.0,1816.0,1728.0,1806.0,379763194514,167473238,5504,1730.0,1805.0
3326,2021-08-25,1824.0,1852.0,1724.0,1779.0,347287476667,155544845,6623,1806.0,1779.0
3327,2021-08-28,1790.0,1848.0,1779.0,1812.0,283748079203,124735486,4856,1779.0,1800.0
3328,2021-08-29,1816.0,1818.0,1722.0,1756.0,275511828996,124944177,5381,1812.0,1722.0
3329,2021-08-30,1669.0,1712.0,1669.0,1669.0,50002316508,23853674,871,1756.0,1669.0
3330,2021-08-31,1587.0,1656.0,1587.0,1596.0,241469952305,120513612,4073,1669.0,1587.0
3331,2021-09-01,1569.0,1667.0,1553.0,1617.0,141404358121,69674220,2987,1596.0,1633.0
3332,2021-09-04,1664.0,1694.0,1612.0,1640.0,151598731188,73624735,3828,1617.0,1636.0
3333,2021-09-05,1649.0,1720.0,1610.0,1677.0,233512969144,110933684,4106,1640.0,1665.0
3334,2021-09-06,1704.0,1760.0,1673.0,1751.0,590839423489,268718982,6640,1677.0,1726.0
3335,2021-09-07,1736.0,1826.0,1700.0,1787.0,261809947142,116695694,5309,1751.0,1792.0
3336,2021-09-08,1792.0,1877.0,1792.0,1872.0,584241390735,248615797,5805,1787.0,1877.0
3337,2021-09-11,1912.0,1947.0,1802.0,1866.0,374547426121,159888625,5905,1872.0,1826.0
3338,2021-09-12,1817.0,1848.0,1773.0,1782.0,84113471058,37598689,1338,1866.0,1773.0
3339,2021-09-13,1699.0,1762.0,1693.0,1701.0,209905453756,98263649,2929,1782.0,1693.0
3340,2021-09-14,1673.0,1760.0,1657.0,1704.0,174949423954,81802869,3997,1701.0,1689.0
3341,2021-09-15,1689.0,1744.0,1653.0,1704.0,134612084551,62904268,3768,1704.0,1707.0
3342,2021-09-18,1736.0,1736.0,1619.0,1628.0,211873059495,103643374,2600,1704.0,1619.0
3343,2021-09-19,1584.0,1663.0,1547.0,1567.0,122525788666,62305378,2101,1628.0,1547.0
3344,2021-09-20,1529.0,1601.0,1511.0,1549.0,110468046219,56800900,2685,1567.0,1526.0
3345,2021-09-21,1521.0,1553.0,1472.0,1481.0,141086684313,75891447,2595,1549.0,1480.0
3346,2021-09-22,1473.0,1523.0,1407.0,1438.0,89020924102,49282066,2674,1481.0,1466.0
3347,2021-09-25,1505.0,1510.0,1466.0,1491.0,62577652779,33420682,1933,1438.0,1510.0
3348,2021-09-26,1513.0,1529.0,1457.0,1481.0,39685753579,21335648,1410,1491.0,1466.0
3349,2021-09-28,1466.0,1488.0,1408.0,1435.0,73446154449,40763579,2205,1481.0,1420.0
3350,2021-09-29,1415.0,1459.0,1411.0,1440.0,54090435486,29925154,1562,1435.0,1449.0
3351,2021-10-02,1451.0,1481.0,1440.0,1455.0,66194768190,36224587,1951,1440.0,1459.0
3352,2021-10-03,1444.0,1466.0,1383.0,1426.0,69450555236,38774573,2006,1455.0,1442.0
3353,2021-10-04,1434.0,1454.0,1428.0,1438.0,51057635093,28264483,1599,1426.0,1440.0
3354,2021-10-06,1442.0,1469.0,1434.0,1445.0,51318686027,28289864,1518,1438.0,1436.0
3355,2021-10-09,1446.0,1471.0,1373.0,1389.0,94010151008,53899013,1959,1445.0,1378.0
3356,2021-10-10,1377.0,1377.0,1320.0,1341.0,65735126781,39036911,1861,1389.0,1341.0
3357,2021-10-11,1327.0,1372.0,1312.0,1335.0,39213252649,23395719,1419,1341.0,1318.0
3358,2021-10-12,1338.0,1338.0,1269.0,1274.0,103141671049,64508083,1481,1335.0,1269.0
3359,2021-10-13,1227.0,1290.0,1227.0,1262.0,105622834989,66655342,2064,1274.0,1290.0
3360,2021-10-16,1321.0,1325.0,1294.0,1325.0,39891287201,23988519,608,1262.0,1325.0
3361,2021-10-17,1354.0,1354.0,1284.0,1322.0,75167229973,45292200,1827,1325.0,1303.0
3362,2021-10-18,1301.0,1301.0,1256.0,1266.0,87894746820,55323885,1992,1322.0,1286.0
3363,2021-10-19,1274.0,1329.0,1256.0,1319.0,71768771939,43334591,1536,1266.0,1329.0
3364,2021-10-20,1330.0,1344.0,1274.0,1306.0,36840408346,22469509,1091,1319.0,1299.0
3365,2021-10-23,1281.0,1299.0,1241.0,1244.0,34137134426,21859787,721,1306.0,1241.0
3366,2021-10-25,1187.0,1219.0,1182.0,1184.0,99780869460,67145669,1749,1244.0,1182.0
3367,2021-10-26,1133.0,1201.0,1133.0,1156.0,50440442338,34746087,1523,1184.0,1153.0
3368,2021-10-27,1141.0,1214.0,1133.0,1199.0,83345799971,55386977,1702,1156.0,1214.0
3369,2021-10-30,1234.0,1234.0,1140.0,1174.0,63535765371,43118769,1687,1199.0,1163.0
3370,2021-10-31,1156.0,1157.0,1116.0,1124.0,102066028704,72325626,1918,1174.0,1141.0
3371,2021-11-01,1163.0,1180.0,1140.0,1176.0,63972128414,43348392,1136,1124.0,1165.0
3372,2021-11-02,1163.0,1223.0,1156.0,1199.0,41470885046,27542330,1168,1176.0,1193.0
3373,2021-11-03,1210.0,1259.0,1169.0,1246.0,118701229111,75901889,1563,1199.0,1259.0
3374,2021-11-06,1286.0,1308.0,1262.0,1304.0,21735642373,13274172,383,1246.0,1308.0
3375,2021-11-07,1368.0,1368.0,1287.0,1338.0,111976778283,66654328,2053,1304.0,1314.0
3376,2021-11-08,1336.0,1376.0,1290.0,1325.0,74242910146,44617496,1691,1338.0,1315.0
3377,2021-11-09,1299.0,1343.0,1282.0,1309.0,60090100146,36580912,1462,1325.0,1306.0
3378,2021-11-10,1345.0,1374.0,1315.0,1365.0,85063207956,49624322,1635,1309.0,1374.0
3379,2021-11-13,1324.0,1398.0,1301.0,1351.0,78977899917,46561193,1861,1365.0,1354.0
3380,2021-11-14,1354.0,1410.0,1354.0,1387.0,70177689949,40288822,1801,1351.0,1376.0
3381,2021-11-15,1394.0,1394.0,1318.0,1331.0,50485681721,30213334,1106,1387.0,1318.0
3382,2021-11-16,1297.0,1352.0,1272.0,1304.0,36209674574,22125722,1095,1331.0,1298.0
3383,2021-11-17,1326.0,1348.0,1284.0,1313.0,35035026145,21260073,1087,1304.0,1306.0
3384,2021-11-20,1291.0,1321.0,1247.0,1262.0,48111707799,30372894,1343,1313.0,1255.0
3385,2021-11-21,1248.0,1325.0,1243.0,1320.0,410140948200,247475006,3398,1262.0,1322.0
3386,2021-11-22,1322.0,1338.0,1290.0,1311.0,176688597029,107371567,3436,1320.0,1303.0
3387,2021-11-23,1311.0,1311.0,1246.0,1260.0,102875589583,65022031,2429,1311.0,1260.0
3388,2021-11-24,1282.0,1288.0,1204.0,1259.0,66634378464,42152062,1706,1260.0,1270.0
3389,2021-11-27,1235.0,1243.0,1196.0,1206.0,59502223399,39297106,1494,1259.0,1197.0
3390,2021-11-28,1225.0,1235.0,1166.0,1209.0,31949401805,21045356,1064,1206.0,1211.0
3391,2021-11-29,1204.0,1243.0,1195.0,1211.0,31681265926,20848792,1034,1209.0,1201.0
3392,2021-11-30,1209.0,1227.0,1167.0,1191.0,32067996296,21447483,1039,1211.0,1168.0
3393,2021-12-01,1167.0,1189.0,1132.0,1140.0,55937053729,39101805,1339,1191.0,1155.0
3394,2021-12-04,1155.0,1163.0,1091.0,1109.0,32554656574,23363868,1123,1140.0,1115.0
3395,2021-12-05,1139.0,1164.0,1116.0,1159.0,83976213579,57697983,1422,1109.0,1164.0
3396,2021-12-06,1179.0,1216.0,1175.0,1206.0,197910523121,130685229,3004,1159.0,1195.0
3397,2021-12-07,1206.0,1217.0,1146.0,1157.0,100085454660,68859721,1891,1206.0,1146.0
3398,2021-12-08,1131.0,1207.0,1127.0,1177.0,44951666074,30421390,1109,1157.0,1184.0
3399,2021-12-11,1163.0,1211.0,1156.0,1178.0,35385427377,23932888,1021,1177.0,1163.0
3400,2021-12-12,1120.0,1176.0,1120.0,1145.0,29521482396,20538524,628,1178.0,1127.0
3401,2021-12-13,1137.0,1156.0,1088.0,1115.0,61424567800,43887669,1351,1145.0,1106.0
3402,2021-12-14,1127.0,1155.0,1075.0,1121.0,47730201330,33912288,1161,1115.0,1133.0
3403,2021-12-15,1125.0,1147.0,1108.0,1124.0,28013414976,19852587,764,1121.0,1131.0
3404,2021-12-18,1146.0,1180.0,1139.0,1167.0,39869976296,27217051,1148,1124.0,1175.0
3405,2021-12-19,1180.0,1191.0,1109.0,1123.0,36789844843,26089222,1042,1167.0,1124.0
3406,2021-12-20,1135.0,1155.0,1117.0,1133.0,20821955122,14639519,765,1123.0,1131.0
3407,2021-12-21,1131.0,1170.0,1131.0,1160.0,23108946871,15862340,777,1133.0,1163.0
3408,2021-12-22,1179.0,1218.0,1176.0,1215.0,68614032525,44967648,1055,1160.0,1218.0
3409,2021-12-25,1231.0,1254.0,1172.0,1217.0,66644860525,43614542,1620,1215.0,1192.0
3410,2021-12-26,1187.0,1205.0,1161.0,1183.0,55929314202,37672157,1190,1217.0,1203.0
3411,2021-12-27,1214.0,1239.0,1183.0,1211.0,76526447580,50309580,1458,1183.0,1208.0
3412,2021-12-28,1204.0,1250.0,1187.0,1223.0,53960984545,35137843,1304,1211.0,1231.0
3413,2021-12-29,1235.0,1249.0,1195.0,1216.0,58435780145,38276161,1075,1223.0,1203.0
3414,2022-01-01,1166.0,1185.0,1156.0,1163.0,87611163481,60010299,1435,1216.0,1163.0
3415,2022-01-02,1155.0,1176.0,1140.0,1160.0,62146837616,42688844,1202,1163.0,1155.0
3416,2022-01-03,1171.0,1199.0,1153.0,1167.0,57462259042,39223984,1230,1160.0,1165.0
3417,2022-01-04,1178.0,1178.0,1116.0,1139.0,33016857089,23082940,988,1167.0,1134.0
3418,2022-01-05,1124.0,1155.0,1119.0,1135.0,33301369959,23375976,860,1139.0,1147.0
3419,2022-01-08,1129.0,1175.0,1126.0,1145.0,40515829553,28204180,1208,1135.0,1129.0
3420,2022-01-09,1128.0,1145.0,1096.0,1110.0,59729510307,42862508,1513,1145.0,1098.0
3421,2022-01-10,1094.0,1115.0,1089.0,1099.0,65819838967,47708677,1616,1110.0,1107.0
3422,2022-01-16,1100.0,1102.0,1067.0,1086.0,21418616951,15827963,436,1099.0,1083.0
3423,2022-01-17,1060.0,1098.0,1042.0,1065.0,47105236757,35463134,1503,1086.0,1042.0
3424,2022-01-18,1036.0,1043.0,1012.0,1015.0,92901483190,73440340,1540,1065.0,1021.0
3425,2022-01-19,973.0,1020.0,973.0,1002.0,24090542565,19282486,952,1015.0,1018.0
3426,2022-01-22,1042.0,1042.0,984.0,1013.0,28987047715,22949520,996,1002.0,1001.0
3427,2022-01-23,1017.0,1017.0,963.0,969.0,59253395687,49054985,1261,1013.0,963.0
3428,2022-01-24,948.0,979.0,927.0,947.0,29269864112,24810992,937,969.0,944.0
3429,2022-01-25,935.0,953.0,899.0,904.0,48534883148,43076407,1146,947.0,915.0
3430,2022-01-26,923.0,949.0,923.0,943.0,30307554650,25784511,893,904.0,949.0
3431,2022-01-29,974.0,989.0,952.0,987.0,17314846295,14077608,446,943.0,989.0
3432,2022-01-30,1019.0,1034.0,988.0,1008.0,42392505548,33718376,1214,987.0,1000.0
3433,2022-01-31,987.0,1049.0,974.0,1025.0,57830049431,45263894,1313,1008.0,1040.0
3434,2022-02-01,1041.0,1051.0,995.0,1018.0,42109681115,33178755,1085,1025.0,1002.0
3435,2022-02-02,999.0,1015.0,985.0,1001.0,29904412266,23955709,832,1018.0,996.0
3436,2022-02-05,988.0,1023.0,964.0,987.0,24320536810,19765999,938,1001.0,972.0
3437,2022-02-06,991.0,991.0,938.0,941.0,36456514710,31088416,738,987.0,938.0
3438,2022-02-07,911.0,971.0,895.0,934.0,65454093664,56244444,1300,941.0,964.0
3439,2022-02-08,971.0,976.0,938.0,952.0,31190498292,26282913,871,934.0,951.0
3440,2022-02-09,935.0,978.0,935.0,960.0,29546404833,24691165,1112,952.0,964.0
3441,2022-02-12,961.0,972.0,940.0,954.0,25765671354,21667625,832,960.0,947.0
3442,2022-02-13,947.0,960.0,926.0,944.0,20206485726,17162361,587,954.0,952.0
3443,2022-02-14,939.0,962.0,934.0,948.0,24960811504,21128027,694,944.0,947.0
3444,2022-02-16,939.0,954.0,931.0,938.0,16959069727,14504696,671,948.0,942.0
3445,2022-02-19,941.0,966.0,939.0,950.0,29042600120,24527288,888,938.0,952.0
3446,2022-02-20,939.0,959.0,932.0,948.0,20806346061,17621144,668,950.0,956.0
3447,2022-02-21,952.0,995.0,952.0,990.0,54721662464,44332892,953,948.0,995.0
3448,2022-02-22,1003.0,1010.0,964.0,983.0,27317064730,22295161,1074,990.0,979.0
3449,2022-02-23,968.0,1020.0,968.0,996.0,45302247868,36475543,972,983.0,1014.0
3450,2022-02-26,1003.0,1041.0,987.0,1014.0,58635045719,46385652,1438,996.0,1011.0
3451,2022-02-27,1027.0,1043.0,1004.0,1024.0,55677626795,43624020,1121,1014.0,1019.0
3452,2022-02-28,1008.0,1036.0,1008.0,1028.0,41560766938,32442516,869,1024.0,1024.0
3453,2022-03-02,1034.0,1043.0,1003.0,1025.0,32261618998,25253249,839,1028.0,1011.0
3454,2022-03-05,1007.0,1056.0,1007.0,1033.0,40778311711,31663540,958,1025.0,1029.0
3455,2022-03-06,1015.0,1051.0,1015.0,1037.0,49191096696,38053733,1138,1033.0,1043.0
3456,2022-03-07,1049.0,1055.0,1019.0,1031.0,50922673697,39617792,1315,1037.0,1020.0
3457,2022-03-08,1026.0,1029.0,1000.0,1016.0,23413652682,18501202,665,1031.0,1003.0
3458,2022-03-09,1027.0,1041.0,1003.0,1015.0,32229597323,25480569,912,1016.0,1014.0
3459,2022-03-12,1003.0,1003.0,964.0,971.0,49904119894,41235742,1210,1015.0,966.0
3460,2022-03-13,953.0,987.0,939.0,972.0,24210895008,19997096,707,971.0,979.0
3461,2022-03-14,987.0,1000.0,964.0,987.0,24792810293,20156003,736,972.0,980.0
3462,2022-03-15,971.0,1003.0,971.0,989.0,14990793439,12159193,541,987.0,994.0
3463,2022-03-16,1015.0,1038.0,998.0,1031.0,44360152328,34532298,923,989.0,1038.0
3464,2022-03-19,1082.0,1082.0,1068.0,1082.0,117793250923,87338006,1630,1031.0,1082.0
3465,2022-03-26,1123.0,1136.0,1086.0,1123.0,108286060711,77356090,1402,1082.0,1136.0
3466,2022-03-27,1145.0,1171.0,1108.0,1148.0,95679704670,66862813,2088,1123.0,1142.0
3467,2022-03-28,1148.0,1178.0,1117.0,1153.0,122034369359,84926662,2726,1148.0,1149.0
3468,2022-03-29,1155.0,1172.0,1111.0,1130.0,87933957386,62460789,1954,1153.0,1123.0
3469,2022-03-30,1115.0,1167.0,1115.0,1150.0,53325116102,37224707,1410,1130.0,1158.0
3470,2022-04-03,1163.0,1207.0,1147.0,1188.0,157056866379,106020288,2720,1150.0,1207.0
3471,2022-04-04,1212.0,1244.0,1155.0,1195.0,120367357697,80861562,2456,1188.0,1174.0
3472,2022-04-05,1174.0,1218.0,1135.0,1180.0,85443406829,58099140,1799,1195.0,1186.0
3473,2022-04-06,1193.0,1216.0,1127.0,1167.0,103542503816,71221931,2225,1180.0,1155.0
3474,2022-04-09,1167.0,1195.0,1149.0,1170.0,41696594101,28601163,928,1167.0,1157.0
3475,2022-04-10,1151.0,1223.0,1151.0,1197.0,81162232922,54416453,1636,1170.0,1196.0
3476,2022-04-11,1191.0,1236.0,1180.0,1207.0,64261432453,42688352,1685,1197.0,1199.0
3477,2022-04-12,1203.0,1203.0,1147.0,1149.0,94257321067,65824675,1441,1207.0,1147.0
3478,2022-04-13,1110.0,1171.0,1107.0,1143.0,46450715396,32602535,1145,1149.0,1155.0
3479,2022-04-16,1175.0,1200.0,1149.0,1196.0,96209992893,64524038,1566,1143.0,1200.0
3480,2022-04-17,1211.0,1256.0,1179.0,1236.0,130597849996,84757717,2422,1196.0,1241.0
3481,2022-04-18,1243.0,1290.0,1205.0,1240.0,105009085638,67975415,2313,1236.0,1213.0
3482,2022-04-19,1219.0,1255.0,1204.0,1231.0,66558970957,43390245,1542,1240.0,1222.0
3483,2022-04-20,1215.0,1247.0,1198.0,1215.0,80867214164,53426842,1614,1231.0,1219.0
3484,2022-04-24,1252.0,1254.0,1200.0,1213.0,67207454364,44434980,1548,1215.0,1219.0
3485,2022-04-25,1207.0,1273.0,1207.0,1272.0,701542506836,442382315,3622,1213.0,1273.0
3486,2022-04-26,1316.0,1336.0,1292.0,1314.0,645310586438,393951413,6155,1272.0,1309.0
3487,2022-04-27,1288.0,1325.0,1268.0,1289.0,180594568492,112399728,2977,1314.0,1277.0
3488,2022-04-30,1284.0,1315.0,1261.0,1281.0,111004585193,69528687,2307,1289.0,1268.0
3489,2022-05-01,1283.0,1304.0,1251.0,1266.0,145985584225,92512400,2303,1281.0,1276.0
3490,2022-05-02,1268.0,1329.0,1268.0,1321.0,315730988288,191840517,4194,1266.0,1329.0
3491,2022-05-07,1333.0,1364.0,1305.0,1336.0,122674089770,73674602,2682,1321.0,1316.0
3492,2022-05-08,1332.0,1346.0,1297.0,1309.0,152095734393,93216949,2937,1336.0,1318.0
3493,2022-05-09,1308.0,1321.0,1268.0,1286.0,161433676504,100689239,2350,1309.0,1276.0
3494,2022-05-10,1275.0,1320.0,1260.0,1301.0,130672483562,80573697,2388,1286.0,1288.0
3495,2022-05-11,1284.0,1340.0,1284.0,1317.0,141752875398,86369297,2387,1301.0,1307.0
3496,2022-05-14,1324.0,1382.0,1324.0,1375.0,476379865959,277986218,5995,1317.0,1382.0
3497,2022-05-15,1386.0,1443.0,1317.0,1413.0,402951950023,228766107,5557,1375.0,1443.0
3498,2022-05-16,1460.0,1483.0,1429.0,1459.0,187673362050,103228509,3758,1413.0,1453.0
3499,2022-05-17,1459.0,1471.0,1386.0,1417.0,190942191146,108110967,3753,1459.0,1395.0
3500,2022-05-18,1404.0,1423.0,1353.0,1384.0,115630757071,67029048,2346,1417.0,1394.0
3501,2022-05-21,1388.0,1388.0,1324.0,1357.0,108431591293,64077424,1783,1384.0,1349.0
3502,2022-05-22,1333.0,1384.0,1333.0,1350.0,83319628497,49504662,1676,1357.0,1340.0
3503,2022-05-23,1341.0,1363.0,1283.0,1289.0,170833045585,106273956,2114,1350.0,1283.0
3504,2022-05-24,1252.0,1316.0,1244.0,1282.0,116083365447,72632244,2137,1289.0,1292.0
3505,2022-05-25,1300.0,1345.0,1288.0,1334.0,95129138699,57204226,1186,1282.0,1345.0
3506,2022-05-28,1380.0,1396.0,1275.0,1325.0,217000865769,131458285,2840,1334.0,1292.0
3507,2022-05-29,1296.0,1314.0,1259.0,1267.0,106236232648,67262887,1695,1325.0,1286.0
3508,2022-05-30,1284.0,1308.0,1251.0,1272.0,94616681297,59688965,1548,1267.0,1256.0
3509,2022-05-31,1260.0,1298.0,1248.0,1268.0,65248591089,41268306,1276,1272.0,1252.0
3510,2022-06-01,1254.0,1280.0,1236.0,1260.0,44519829216,28340767,1084,1268.0,1273.0
3511,2022-06-06,1273.0,1273.0,1198.0,1204.0,95283070317,63492912,1413,1260.0,1198.0
3512,2022-06-07,1157.0,1203.0,1155.0,1179.0,96810597882,65919376,1812,1204.0,1171.0
3513,2022-06-08,1163.0,1223.0,1163.0,1191.0,63071857598,42506708,1359,1179.0,1203.0
3514,2022-06-11,1203.0,1219.0,1172.0,1191.0,46176511083,31089156,1171,1191.0,1177.0
3515,2022-06-12,1205.0,1226.0,1188.0,1211.0,58983878626,39069398,1007,1191.0,1222.0
3516,2022-06-13,1199.0,1258.0,1199.0,1232.0,46897668746,30526645,1183,1211.0,1223.0
3517,2022-06-14,1232.0,1252.0,1204.0,1220.0,60689713366,39905034,1303,1232.0,1211.0
3518,2022-06-15,1206.0,1227.0,1190.0,1201.0,76704762563,51250859,1387,1220.0,1207.0
3519,2022-06-18,1197.0,1225.0,1176.0,1185.0,42966034988,29087780,1117,1201.0,1179.0
3520,2022-06-19,1171.0,1219.0,1171.0,1200.0,62954622617,42078344,1134,1185.0,1194.0
3521,2022-06-20,1223.0,1223.0,1161.0,1184.0,41857140871,28355628,1153,1200.0,1169.0
3522,2022-06-22,1195.0,1203.0,1157.0,1179.0,48242657524,32829525,1043,1184.0,1171.0
3523,2022-06-25,1165.0,1203.0,1163.0,1179.0,72862839234,49565179,1243,1179.0,1169.0
3524,2022-06-26,1167.0,1191.0,1123.0,1141.0,53543716219,37643149,1122,1179.0,1138.0
3525,2022-06-27,1126.0,1187.0,1126.0,1151.0,61682563462,42984234,1118,1141.0,1155.0
3526,2022-06-28,1175.0,1187.0,1147.0,1171.0,52527086400,35994630,976,1151.0,1170.0
3527,2022-06-29,1160.0,1184.0,1152.0,1167.0,32348695125,22244112,766,1171.0,1176.0
3528,2022-07-02,1142.0,1147.0,1117.0,1127.0,28366347269,20188005,474,1167.0,1138.0
3529,2022-07-03,1139.0,1158.0,1123.0,1139.0,38836341551,27358261,904,1127.0,1138.0
3530,2022-07-04,1155.0,1175.0,1127.0,1146.0,31377058297,21973195,777,1139.0,1147.0
3531,2022-07-05,1140.0,1195.0,1140.0,1170.0,70543279510,48389996,1441,1146.0,1163.0
3532,2022-07-06,1150.0,1167.0,1131.0,1145.0,32070625739,22477678,809,1170.0,1131.0
3533,2022-07-09,1133.0,1143.0,1097.0,1121.0,53867388991,38572255,1230,1145.0,1105.0
3534,2022-07-11,1100.0,1115.0,1065.0,1076.0,65308623895,48711785,1393,1121.0,1065.0
3535,2022-07-12,1051.0,1083.0,1031.0,1060.0,30442491286,23046749,788,1076.0,1051.0
3536,2022-07-13,1060.0,1087.0,1051.0,1072.0,22491452531,16829130,737,1060.0,1073.0
3537,2022-07-16,1044.0,1083.0,1032.0,1050.0,25933102991,19808194,757,1072.0,1051.0
3538,2022-07-17,1041.0,1055.0,999.0,1010.0,53493063631,42497505,1310,1050.0,1021.0
3539,2022-07-19,1004.0,1034.0,1002.0,1017.0,21233019701,16755664,750,1010.0,1019.0
3540,2022-07-20,1012.0,1050.0,1012.0,1037.0,17371402249,13448080,648,1017.0,1039.0
3541,2022-07-23,1057.0,1057.0,1005.0,1024.0,43437590881,34048567,1189,1037.0,1018.0
3542,2022-07-24,1019.0,1030.0,973.0,985.0,50181172443,40868918,1213,1024.0,975.0
3543,2022-07-25,955.0,963.0,936.0,939.0,79058680465,67565476,1750,985.0,947.0
3544,2022-07-26,960.0,960.0,931.0,943.0,27148917054,23080290,829,939.0,937.0
3545,2022-07-27,938.0,970.0,937.0,953.0,22388555189,18844296,720,943.0,967.0
3546,2022-07-30,967.0,983.0,940.0,960.0,52998782403,44304136,1079,953.0,964.0
3547,2022-07-31,957.0,969.0,923.0,948.0,43248953765,36615033,1012,960.0,962.0
3548,2022-08-01,975.0,995.0,949.0,994.0,99990895184,80703150,1660,948.0,995.0
3549,2022-08-02,1003.0,1033.0,987.0,1006.0,42321923405,33747292,1209,994.0,1004.0
3550,2022-08-03,1017.0,1030.0,979.0,1005.0,40693256619,32483740,1076,1006.0,1008.0
3551,2022-08-06,1015.0,1049.0,1008.0,1032.0,60565716526,47091453,1172,1005.0,1037.0
3552,2022-08-09,1024.0,1058.0,995.0,1037.0,49519265113,38310229,1064,1032.0,1027.0
3553,2022-08-10,1014.0,1035.0,996.0,1008.0,36954177631,29392716,824,1037.0,1014.0
3554,2022-08-13,1026.0,1058.0,1017.0,1057.0,72645686464,55146257,1030,1008.0,1058.0
3555,2022-08-14,1058.0,1073.0,1032.0,1044.0,42197179780,32424533,886,1057.0,1037.0
3556,2022-08-15,1036.0,1090.0,1034.0,1061.0,43199616522,32649714,891,1044.0,1072.0
3557,2022-08-16,1051.0,1093.0,1048.0,1073.0,69068814979,51626237,1085,1061.0,1059.0
3558,2022-08-17,1057.0,1089.0,1043.0,1056.0,45664666517,34698174,988,1073.0,1057.0
3559,2022-08-20,1072.0,1108.0,1061.0,1102.0,204660670978,149006813,2079,1056.0,1081.0
3560,2022-08-21,1081.0,1108.0,1060.0,1081.0,45465230892,33760436,1278,1102.0,1071.0
3561,2022-08-22,1057.0,1091.0,1043.0,1063.0,66775646724,50408148,1327,1081.0,1063.0
3562,2022-08-23,1069.0,1108.0,1046.0,1090.0,61836489624,45529500,1054,1063.0,1107.0
3563,2022-08-24,1107.0,1143.0,1095.0,1134.0,107087725311,75811333,1525,1090.0,1141.0
3564,2022-08-27,1131.0,1152.0,1082.0,1118.0,64027491373,45940030,1255,1134.0,1107.0
3565,2022-08-28,1107.0,1107.0,1063.0,1075.0,86159877391,64312898,1388,1118.0,1084.0
3566,2022-08-29,1092.0,1106.0,1067.0,1083.0,39664007178,29390457,822,1075.0,1075.0
3567,2022-08-30,1076.0,1091.0,1064.0,1077.0,24870430523,18535135,567,1083.0,1075.0
3568,2022-08-31,1087.0,1093.0,1073.0,1083.0,33674298072,24936506,694,1077.0,1093.0
3569,2022-09-03,1075.0,1075.0,1044.0,1058.0,38719926977,29348391,693,1083.0,1066.0
3570,2022-09-04,1059.0,1086.0,1045.0,1065.0,52873997058,39842167,925,1058.0,1082.0
3571,2022-09-05,1089.0,1102.0,1067.0,1088.0,40268239373,29703360,845,1065.0,1076.0
3572,2022-09-06,1098.0,1098.0,1051.0,1066.0,31687803450,23847658,678,1088.0,1067.0
3573,2022-09-07,1059.0,1061.0,1031.0,1045.0,37348934732,28682089,903,1066.0,1037.0
3574,2022-09-10,1004.0,1031.0,992.0,1017.0,26490055274,20895444,604,1045.0,1014.0
3575,2022-09-11,1013.0,1023.0,993.0,1001.0,35448032602,28414237,818,1017.0,998.0
3576,2022-09-12,999.0,1035.0,999.0,1022.0,32135198268,25232787,693,1001.0,1025.0
3577,2022-09-13,1004.0,1051.0,1004.0,1036.0,29423602756,22789340,726,1022.0,1038.0
3578,2022-09-14,1036.0,1055.0,1003.0,1021.0,32324890492,25409329,790,1036.0,1008.0
3579,2022-09-18,995.0,1011.0,987.0,996.0,30855464567,24834357,993,1021.0,995.0
3580,2022-09-19,996.0,1017.0,987.0,996.0,19883318576,16009350,486,996.0,995.0
3581,2022-09-20,991.0,1002.0,964.0,981.0,30826828676,25214968,685,996.0,979.0
3582,2022-09-21,970.0,996.0,965.0,980.0,25197582142,20612333,673,981.0,973.0
3583,2022-09-24,971.0,976.0,931.0,936.0,119570794219,102499601,2021,980.0,943.0
3584,2022-09-26,926.0,983.0,926.0,979.0,36057041765,29564287,649,936.0,983.0
3585,2022-09-28,1006.0,1028.0,997.0,1021.0,89165558828,70087133,1648,979.0,1020.0
3586,2022-10-01,1012.0,1019.0,970.0,984.0,71465235809,58294152,1272,1021.0,970.0
3587,2022-10-02,960.0,987.0,954.0,967.0,44240387740,36718320,1079,984.0,961.0
3588,2022-10-03,979.0,981.0,948.0,964.0,25056720498,20857676,655,967.0,960.0
3589,2022-10-04,973.0,985.0,955.0,968.0,17353672195,14388990,525,964.0,975.0
3590,2022-10-08,960.0,990.0,960.0,974.0,34725368977,28615544,721,968.0,963.0
3591,2022-10-09,955.0,978.0,930.0,940.0,44764925587,38195837,990,974.0,945.0
3592,2022-10-10,975.0,978.0,944.0,964.0,37255845812,30995957,889,940.0,975.0
3593,2022-10-11,964.0,994.0,962.0,972.0,31595137981,26065924,745,964.0,972.0
3594,2022-10-12,964.0,983.0,964.0,976.0,17938012023,14754917,485,972.0,983.0
3595,2022-10-15,983.0,995.0,948.0,959.0,40815515742,34143335,735,976.0,956.0
3596,2022-10-16,952.0,958.0,916.0,928.0,68280370186,58994866,1301,959.0,932.0
3597,2022-10-17,931.0,959.0,931.0,948.0,33179639859,28092313,999,928.0,955.0
3598,2022-10-18,952.0,968.0,935.0,951.0,21521844728,18160934,639,948.0,951.0
3599,2022-10-19,952.0,960.0,935.0,948.0,27913705009,23627885,742,951.0,943.0
3600,2022-10-24,943.0,943.0,918.0,930.0,38439225941,33152680,920,948.0,931.0
3601,2022-10-25,921.0,960.0,911.0,928.0,39234977615,33919802,1251,930.0,923.0
3602,2022-10-26,915.0,923.0,883.0,886.0,99656533619,90249168,1706,928.0,891.0
3603,2022-10-29,895.0,906.0,842.0,865.0,57003543251,52876117,1377,886.0,863.0
3604,2022-10-30,863.0,883.0,844.0,865.0,24042248864,22298932,749,865.0,883.0
3605,2022-10-31,883.0,907.0,865.0,902.0,67975418546,60471150,1172,865.0,907.0
3606,2022-11-01,922.0,928.0,903.0,915.0,31556921819,27682011,772,902.0,911.0
3607,2022-11-02,914.0,914.0,884.0,901.0,27815859495,24762702,721,915.0,907.0
3608,2022-11-05,901.0,946.0,901.0,939.0,84611184596,72342797,1289,901.0,946.0
3609,2022-11-06,956.0,985.0,945.0,977.0,80330335274,65961217,1436,939.0,985.0
3610,2022-11-07,1001.0,1025.0,988.0,1021.0,132464969979,104055861,1775,977.0,1025.0
3611,2022-11-08,1043.0,1059.0,971.0,998.0,169451494421,136178600,2786,1021.0,971.0
3612,2022-11-09,968.0,1017.0,968.0,990.0,100112710501,81139089,1537,998.0,991.0
3613,2022-11-12,991.0,1033.0,976.0,1008.0,48726197019,38762057,1219,990.0,995.0
3614,2022-11-13,1004.0,1025.0,983.0,1000.0,37630093002,30209221,902,1008.0,994.0
3615,2022-11-14,982.0,1013.0,966.0,982.0,36890642773,30127133,847,1000.0,988.0
3616,2022-11-15,993.0,1011.0,978.0,997.0,24454657820,19681582,679,982.0,993.0
3617,2022-11-16,993.0,1010.0,986.0,1002.0,26302655813,21054033,713,997.0,1003.0
3618,2022-11-19,1003.0,1004.0,956.0,971.0,48165230595,39798751,1153,1002.0,994.0
3619,2022-11-20,996.0,1019.0,995.0,1016.0,103055467616,81430297,1661,971.0,1019.0
3620,2022-11-21,1034.0,1047.0,1011.0,1033.0,76503340145,59447951,1516,1016.0,1015.0
3621,2022-11-22,1009.0,1059.0,1009.0,1037.0,53770523590,41591665,1027,1033.0,1053.0
3622,2022-11-23,1048.0,1065.0,1034.0,1048.0,34069780062,26092197,855,1037.0,1041.0
3623,2022-11-26,1043.0,1073.0,1033.0,1050.0,54790685379,41851091,1025,1048.0,1049.0
3624,2022-11-27,1044.0,1067.0,1029.0,1047.0,40025344372,30675881,861,1050.0,1041.0
3625,2022-11-28,1031.0,1055.0,1022.0,1037.0,35673982129,27590267,913,1047.0,1042.0
3626,2022-11-29,1043.0,1074.0,1036.0,1061.0,44541016966,33673978,981,1037.0,1063.0
3627,2022-11-30,1063.0,1110.0,1045.0,1085.0,61301704009,45342525,1625,1061.0,1072.0
3628,2022-12-03,1099.0,1106.0,1080.0,1095.0,59433071849,43526048,1414,1085.0,1091.0
3629,2022-12-04,1106.0,1119.0,1075.0,1091.0,33837028067,24878324,953,1095.0,1084.0
3630,2022-12-05,1079.0,1096.0,1067.0,1090.0,871923823,649090,26,1091.0,1083.0
3631,2022-12-07,1086.0,1088.0,1034.0,1053.0,80123784586,61010064,1772,1090.0,1047.0
3632,2022-12-10,1035.0,1039.0,1001.0,1015.0,85552760864,67646870,1377,1053.0,1021.0
3633,2022-12-11,1011.0,1041.0,1010.0,1025.0,43321550673,33903991,959,1015.0,1033.0
3634,2022-12-12,1039.0,1076.0,1025.0,1069.0,90605754668,68022991,1493,1025.0,1071.0
3635,2022-12-13,1076.0,1115.0,1073.0,1093.0,65897207484,48371396,1225,1069.0,1091.0
3636,2022-12-14,1107.0,1111.0,1081.0,1098.0,46961607078,34333903,1059,1093.0,1095.0
3637,2022-12-17,1107.0,1123.0,1081.0,1109.0,54930027863,39760461,1102,1098.0,1099.0
3638,2022-12-18,1099.0,1164.0,1094.0,1163.0,267291930907,184507616,2460,1109.0,1164.0
3639,2022-12-19,1185.0,1202.0,1133.0,1167.0,123443587447,84838562,2143,1163.0,1171.0
3640,2022-12-20,1151.0,1191.0,1138.0,1166.0,74504782698,51292520,1186,1167.0,1179.0
3641,2022-12-21,1178.0,1191.0,1150.0,1173.0,53796816341,36790823,1165,1166.0,1171.0
3642,2022-12-24,1174.0,1218.0,1174.0,1191.0,137736169912,92727242,2013,1173.0,1204.0
3643,2022-12-25,1216.0,1228.0,1186.0,1205.0,135630962890,90291992,2248,1191.0,1195.0
3644,2022-12-26,1185.0,1219.0,1185.0,1198.0,88030310431,58976195,1799,1205.0,1194.0
3645,2022-12-28,1180.0,1239.0,1180.0,1226.0,124274918070,81355032,2016,1198.0,1228.0
3646,2022-12-31,1199.0,1199.0,1165.0,1169.0,167774218665,115175319,2458,1226.0,1165.0
3647,2023-01-01,1155.0,1191.0,1116.0,1138.0,105697647739,74472484,2038,1169.0,1126.0
3648,2023-01-02,1163.0,1195.0,1163.0,1194.0,157420897255,105800640,1911,1138.0,1195.0
3649,2023-01-03,1211.0,1253.0,1193.0,1231.0,191775563793,124985585,2738,1194.0,1203.0
3650,2023-01-04,1203.0,1217.0,1179.0,1193.0,79525922176,53490224,1696,1231.0,1196.0
3651,2023-01-07,1215.0,1252.0,1215.0,1252.0,196748962656,126136819,2244,1193.0,1252.0
3652,2023-01-08,1284.0,1314.0,1282.0,1309.0,315422939311,193224962,3831,1252.0,1314.0
3653,2023-01-09,1316.0,1324.0,1260.0,1294.0,198262040042,122919146,3262,1309.0,1300.0
3654,2023-01-10,1286.0,1327.0,1252.0,1280.0,234736434850,147197443,3821,1294.0,1273.0
3655,2023-01-11,1256.0,1340.0,1253.0,1306.0,251614232864,154589289,3526,1280.0,1291.0
3656,2023-01-14,1276.0,1320.0,1252.0,1292.0,125323602621,77801311,2286,1306.0,1307.0
3657,2023-01-16,1344.0,1347.0,1300.0,1324.0,245127928193,148552844,3632,1292.0,1317.0
3658,2023-02-06,1243.0,1247.0,1194.0,1222.0,312374373500,207530598,2843,1324.0,1212.0
3659,2023-02-07,1234.0,1283.0,1194.0,1278.0,207372507183,131712713,1939,1222.0,1283.0
3660,2023-02-08,1315.0,1315.0,1221.0,1255.0,217741004593,140949961,3830,1278.0,1234.0
3661,2023-02-12,1250.0,1250.0,1194.0,1209.0,148265330903,99557956,2073,1255.0,1201.0
3662,2023-02-13,1186.0,1234.0,1182.0,1194.0,106160159002,72214872,1796,1209.0,1184.0
3663,2023-02-14,1193.0,1209.0,1142.0,1162.0,99768090271,69699279,1841,1194.0,1145.0
3664,2023-02-15,1145.0,1159.0,1121.0,1135.0,92104197897,65888372,1747,1162.0,1123.0
3665,2023-02-19,1115.0,1161.0,1115.0,1138.0,60543184126,43210635,1310,1135.0,1137.0
3666,2023-02-20,1138.0,1195.0,1138.0,1192.0,94810407958,64582751,1220,1138.0,1195.0
3667,2023-02-21,1211.0,1247.0,1184.0,1222.0,161727555405,107472067,2656,1192.0,1199.0
3668,2023-02-22,1210.0,1229.0,1178.0,1204.0,112718155482,76038736,1591,1222.0,1204.0
3669,2023-02-25,1244.0,1264.0,1244.0,1263.0,153317049259,98595375,1341,1204.0,1264.0
3670,2023-02-26,1325.0,1325.0,1237.0,1303.0,265595330371,165547000,3336,1263.0,1290.0
3671,2023-02-27,1296.0,1368.0,1271.0,1361.0,559313025554,333769577,4889,1303.0,1368.0
3672,2023-02-28,1381.0,1429.0,1352.0,1424.0,787523093781,449310874,5746,1361.0,1429.0
3673,2023-03-01,1494.0,1494.0,1437.0,1489.0,720769200305,392946400,5386,1424.0,1478.0
3674,2023-03-04,1459.0,1558.0,1416.0,1481.0,536294759010,293997872,6014,1489.0,1539.0
3675,2023-03-05,1555.0,1555.0,1485.0,1529.0,408818695209,217066982,4904,1481.0,1516.0
3676,2023-03-06,1486.0,1507.0,1453.0,1463.0,359477441940,199461489,4487,1529.0,1455.0
3677,2023-03-07,1458.0,1522.0,1444.0,1475.0,242102786286,133287918,3144,1463.0,1462.0
3678,2023-03-11,1462.0,1522.0,1416.0,1450.0,301965289352,169167850,3908,1475.0,1428.0
3679,2023-03-12,1429.0,1429.0,1377.0,1385.0,219084133123,128529443,2957,1450.0,1377.0
3680,2023-03-13,1369.0,1454.0,1355.0,1413.0,153753823434,88378783,2503,1385.0,1401.0
3681,2023-03-14,1390.0,1454.0,1390.0,1419.0,179651637143,102855841,3218,1413.0,1437.0
3682,2023-03-15,1453.0,1489.0,1446.0,1481.0,293227224116,160800643,3343,1419.0,1489.0
3683,2023-03-18,1521.0,1555.0,1519.0,1550.0,282175393002,147818224,2797,1481.0,1555.0
3684,2023-03-19,1616.0,1628.0,1558.0,1619.0,345414075043,173297973,3568,1550.0,1628.0
3685,2023-03-25,1628.0,1686.0,1584.0,1639.0,250027503522,123928174,3229,1619.0,1631.0
3686,2023-03-26,1645.0,1675.0,1564.0,1611.0,250926124058,126479273,3634,1639.0,1576.0
3687,2023-03-27,1600.0,1692.0,1561.0,1677.0,265000415158,128335905,3050,1611.0,1692.0
3688,2023-03-28,1738.0,1761.0,1700.0,1739.0,247138064884,115406956,3476,1677.0,1725.0
3689,2023-03-29,1738.0,1786.0,1705.0,1753.0,205701187617,95270562,3384,1739.0,1757.0
3690,2023-04-03,1753.0,1835.0,1668.0,1746.0,287734620702,133858703,4459,1753.0,1805.0
3691,2023-04-04,1818.0,1833.0,1748.0,1801.0,306849380576,138378035,4063,1746.0,1814.0
3692,2023-04-05,1890.0,1890.0,1852.0,1888.0,170648365587,73407829,1188,1801.0,1890.0
3693,2023-04-08,1947.0,1982.0,1930.0,1977.0,574688631325,236134133,2908,1888.0,1982.0
3694,2023-04-09,2029.0,2075.0,1994.0,2064.0,482006309028,189612302,3736,1977.0,2075.0
3695,2023-04-10,2168.0,2168.0,2002.0,2122.0,1106628205822,423459025,9124,2064.0,2043.0
3696,2023-04-11,2071.0,2208.0,2041.0,2142.0,707820943462,268320609,6651,2122.0,2192.0
3697,2023-04-15,2209.0,2249.0,2161.0,2209.0,1027117881829,377683192,9350,2142.0,2238.0
3698,2023-04-16,2234.0,2234.0,2126.0,2179.0,660482208813,246152107,7966,2209.0,2145.0
3699,2023-04-17,2134.0,2205.0,2070.0,2129.0,686101234584,261693267,7170,2179.0,2157.0
3700,2023-04-18,2191.0,2235.0,2158.0,2207.0,434235322918,159796116,5419,2129.0,2188.0
3701,2023-04-19,2224.0,2316.0,2166.0,2283.0,769049247006,273624073,7478,2207.0,2258.0
3702,2023-04-24,2275.0,2298.0,2194.0,2248.0,409690107418,148019632,4951,2283.0,2268.0
3703,2023-04-25,2312.0,2360.0,2252.0,2327.0,538947718435,188102897,6086,2248.0,2275.0
3704,2023-04-26,2273.0,2354.0,2219.0,2268.0,401897900908,143878557,4958,2327.0,2249.0
3705,2023-04-29,2235.0,2315.0,2219.0,2260.0,582560800458,209296712,6123,2268.0,2258.0
3706,2023-04-30,2305.0,2373.0,2269.0,2354.0,845299066059,291670031,5454,2260.0,2371.0
3707,2023-05-01,2428.0,2462.0,2322.0,2382.0,402829893036,137333750,4878,2354.0,2365.0
3708,2023-05-02,2396.0,2471.0,2361.0,2423.0,464199982681,155559705,5425,2382.0,2436.0
3709,2023-05-03,2445.0,2544.0,2445.0,2540.0,1023168045350,327122001,6647,2423.0,2544.0
3710,2023-05-06,2610.0,2667.0,2558.0,2638.0,595803421133,183460815,4553,2540.0,2615.0
3711,2023-05-07,2636.0,2636.0,2506.0,2518.0,269498639095,86947297,1933,2638.0,2506.0
3712,2023-05-08,2392.0,2392.0,2392.0,2392.0,28264228145,9597361,279,2518.0,2392.0
3713,2023-05-09,2272.0,2300.0,2272.0,2274.0,425939347494,152132711,3447,2392.0,2272.0
3714,2023-05-10,2217.0,2323.0,2160.0,2210.0,324327715254,119181838,2528,2274.0,2160.0
3715,2023-05-13,2099.0,2120.0,2099.0,2099.0,129177519435,49968471,673,2210.0,2099.0
3716,2023-05-14,1995.0,2112.0,1995.0,2024.0,867809560719,348267800,7869,2099.0,2074.0
3717,2023-05-15,2103.0,2103.0,1947.0,2010.0,283098610201,114398647,3726,2024.0,1995.0
3718,2023-05-17,1990.0,2079.0,1942.0,2030.0,201094330580,80450717,2771,2010.0,2045.0
3719,2023-05-20,2124.0,2124.0,1976.0,2032.0,277329187280,110824364,3449,2030.0,1990.0
3720,2023-05-21,1979.0,2115.0,1979.0,2081.0,222223043397,86748388,2577,2032.0,2077.0
3721,2023-05-22,2120.0,2132.0,2071.0,2095.0,212540142365,82384492,2642,2081.0,2077.0
3722,2023-05-23,2118.0,2168.0,2073.0,2116.0,233379819834,89548415,3124,2095.0,2075.0
3723,2023-05-24,2128.0,2152.0,2071.0,2099.0,172488244538,66757089,2976,2116.0,2077.0
3724,2023-05-27,2108.0,2108.0,1998.0,2032.0,295877426510,118252231,3295,2099.0,1999.0
3725,2023-05-28,1999.0,2030.0,1930.0,1933.0,209977451097,88233683,1921,2032.0,1930.0
3726,2023-05-29,1899.0,1978.0,1899.0,1931.0,214036534746,90022777,2407,1933.0,1920.0
3727,2023-05-30,1935.0,1989.0,1917.0,1942.0,203517475753,85134317,2144,1931.0,1937.0
3728,2023-05-31,1941.0,1981.0,1868.0,1922.0,216081922429,91281499,2124,1942.0,1929.0
3729,2023-06-03,1926.0,1978.0,1926.0,1944.0,108000934026,45117891,1550,1922.0,1941.0
3730,2023-06-06,1935.0,2014.0,1935.0,1974.0,121631099473,50036351,1713,1944.0,1982.0
3731,2023-06-07,1982.0,2018.0,1926.0,1952.0,115330771737,47976158,1887,1974.0,1938.0
3732,2023-06-10,1903.0,1909.0,1855.0,1866.0,47307706652,20586323,577,1952.0,1855.0
3733,2023-06-11,1782.0,1860.0,1774.0,1792.0,189081461264,85713715,3183,1866.0,1818.0
3734,2023-06-12,1762.0,1852.0,1702.0,1728.0,200725129536,94304474,2886,1792.0,1727.0
3735,2023-06-13,1730.0,1802.0,1673.0,1740.0,104225177083,48638278,1554,1728.0,1775.0
3736,2023-06-14,1775.0,1826.0,1770.0,1796.0,109605566693,49561534,1608,1740.0,1779.0
3737,2023-06-17,1811.0,1839.0,1722.0,1788.0,153507501247,69715233,2207,1796.0,1730.0
3738,2023-06-18,1730.0,1774.0,1699.0,1724.0,126166804187,59416735,1736,1788.0,1722.0
3739,2023-06-19,1746.0,1775.0,1722.0,1741.0,110272525559,51435771,1542,1724.0,1754.0
3740,2023-06-20,1770.0,1770.0,1725.0,1749.0,85681151875,39774678,1130,1741.0,1752.0
3741,2023-06-21,1770.0,1815.0,1755.0,1790.0,168094769823,76279069,1999,1749.0,1811.0
3742,2023-06-24,1795.0,1879.0,1795.0,1865.0,341704662397,148847470,3745,1790.0,1878.0
3743,2023-06-25,1888.0,1926.0,1825.0,1886.0,141307430628,60868486,2330,1865.0,1852.0
3744,2023-06-26,1891.0,1908.0,1835.0,1873.0,91211670752,39558826,1586,1886.0,1852.0
3745,2023-06-27,1852.0,1876.0,1779.0,1801.0,95490407271,43067944,1777,1873.0,1779.0
3746,2023-06-28,1801.0,1811.0,1729.0,1776.0,89274369757,40820148,1316,1801.0,1778.0
3747,2023-07-01,1788.0,1805.0,1747.0,1766.0,95394769376,43878240,1616,1776.0,1766.0
3748,2023-07-02,1768.0,1853.0,1759.0,1834.0,158136005380,70046274,2221,1766.0,1814.0
3749,2023-07-03,1844.0,1876.0,1799.0,1826.0,122208924085,54332769,1880,1834.0,1839.0
3750,2023-07-04,1857.0,1900.0,1835.0,1875.0,104762084807,45380652,1610,1826.0,1852.0
3751,2023-07-05,1876.0,1917.0,1857.0,1890.0,164258098873,70575697,1796,1875.0,1870.0
3752,2023-07-08,1876.0,1926.0,1844.0,1883.0,100539668868,43366366,1518,1890.0,1868.0
3753,2023-07-09,1884.0,1887.0,1816.0,1846.0,84918680891,37352464,1461,1883.0,1821.0
3754,2023-07-10,1848.0,1848.0,1754.0,1768.0,223061179291,102442449,3023,1846.0,1754.0
3755,2023-07-11,1744.0,1768.0,1680.0,1693.0,148839943620,71393323,1886,1768.0,1680.0
3756,2023-07-12,1678.0,1692.0,1609.0,1615.0,159353749450,80124756,1922,1693.0,1613.0
3757,2023-07-15,1584.0,1673.0,1584.0,1628.0,58355417517,29101411,1085,1615.0,1608.0
3758,2023-07-16,1611.0,1641.0,1547.0,1555.0,161179895194,84187236,2068,1628.0,1547.0
3759,2023-07-17,1509.0,1547.0,1478.0,1494.0,145684484470,79240890,1828,1555.0,1524.0
3760,2023-07-18,1543.0,1567.0,1543.0,1563.0,103808166632,53914057,1364,1494.0,1567.0
3761,2023-07-19,1592.0,1628.0,1493.0,1567.0,201062572107,104158663,2830,1563.0,1515.0
3762,2023-07-22,1502.0,1559.0,1489.0,1498.0,118369036184,64157617,1735,1567.0,1489.0
3763,2023-07-23,1485.0,1555.0,1485.0,1530.0,57187759950,30359514,1002,1498.0,1511.0
3764,2023-07-24,1543.0,1600.0,1543.0,1574.0,115031407672,59341100,1368,1530.0,1586.0
3765,2023-07-25,1597.0,1640.0,1519.0,1587.0,100788189368,51589586,1509,1574.0,1565.0
3766,2023-07-26,1554.0,1609.0,1535.0,1584.0,70163897383,35983924,968,1587.0,1584.0
3767,2023-07-29,1584.0,1632.0,1535.0,1583.0,91731466644,47064079,1678,1584.0,1535.0
3768,2023-07-30,1551.0,1565.0,1504.0,1508.0,154086075058,82989178,1795,1583.0,1505.0
3769,2023-07-31,1511.0,1542.0,1475.0,1511.0,68969617270,37063245,1076,1508.0,1511.0
3770,2023-08-01,1525.0,1554.0,1515.0,1529.0,91449395939,48575812,1051,1511.0,1535.0
3771,2023-08-05,1606.0,1606.0,1601.0,1606.0,309917074179,156761327,1431,1529.0,1606.0
3772,2023-08-06,1625.0,1651.0,1582.0,1619.0,325450012570,163253364,3818,1606.0,1621.0
3773,2023-08-07,1602.0,1665.0,1581.0,1623.0,154418743381,77288077,2274,1619.0,1582.0
3774,2023-08-08,1615.0,1623.0,1560.0,1580.0,77496260824,39822493,1483,1623.0,1563.0
3775,2023-08-09,1600.0,1600.0,1528.0,1550.0,87867233815,46018692,1360,1580.0,1551.0
3776,2023-08-12,1511.0,1539.0,1473.0,1477.0,141185684137,77620436,2105,1550.0,1473.0
3777,2023-08-13,1423.0,1512.0,1423.0,1490.0,73197530082,39879367,1138,1477.0,1503.0
3778,2023-08-14,1535.0,1551.0,1474.0,1515.0,83041875752,44503231,1146,1490.0,1474.0
3779,2023-08-15,1508.0,1508.0,1440.0,1462.0,87800303254,48771468,1279,1515.0,1482.0
3780,2023-08-16,1478.0,1502.0,1403.0,1438.0,70351238817,39729597,1337,1462.0,1424.0
3781,2023-08-19,1438.0,1446.0,1368.0,1389.0,72649932869,42488056,1319,1438.0,1378.0
3782,2023-08-20,1381.0,1451.0,1356.0,1406.0,69193629954,39977172,1253,1389.0,1436.0
3783,2023-08-21,1421.0,1476.0,1421.0,1469.0,150750142116,83352522,1717,1406.0,1451.0
3784,2023-08-22,1467.0,1485.0,1402.0,1446.0,88101644727,49489040,1350,1469.0,1472.0
3785,2023-08-23,1446.0,1518.0,1446.0,1503.0,85911590127,46403193,1378,1446.0,1518.0
3786,2023-08-26,1543.0,1578.0,1527.0,1563.0,130145962240,67645105,1698,1503.0,1578.0
3787,2023-08-27,1584.0,1639.0,1559.0,1606.0,123748128261,62582527,1809,1563.0,1581.0
3788,2023-08-28,1600.0,1641.0,1545.0,1584.0,179001167541,91785939,2896,1606.0,1545.0
3789,2023-08-29,1537.0,1615.0,1537.0,1589.0,90047352433,46041367,1621,1584.0,1588.0
3790,2023-08-30,1593.0,1641.0,1543.0,1607.0,99548772060,50314048,1555,1589.0,1601.0
3791,2023-09-02,1592.0,1623.0,1549.0,1567.0,60339929160,31259046,858,1607.0,1567.0
3792,2023-09-03,1567.0,1591.0,1546.0,1567.0,50479611434,26171245,775,1567.0,1557.0
3793,2023-09-04,1576.0,1623.0,1558.0,1595.0,95657103996,48711990,1346,1567.0,1611.0
3794,2023-09-05,1623.0,1656.0,1580.0,1628.0,136715764778,68200466,1808,1595.0,1616.0
3795,2023-09-09,1639.0,1639.0,1549.0,1569.0,66991075777,34679586,1108,1628.0,1565.0
3796,2023-09-10,1559.0,1611.0,1548.0,1572.0,68934685371,35612966,1224,1569.0,1550.0
3797,2023-09-11,1552.0,1594.0,1551.0,1569.0,45276002522,23429672,866,1572.0,1572.0
3798,2023-09-12,1556.0,1588.0,1544.0,1559.0,45302783068,23599589,765,1569.0,1563.0
3799,2023-09-13,1547.0,1575.0,1542.0,1551.0,49217321273,25772466,790,1559.0,1544.0
3800,2023-09-17,1548.0,1602.0,1548.0,1576.0,47123712211,24286054,948,1551.0,1579.0
3801,2023-09-18,1561.0,1654.0,1561.0,1636.0,181047764555,89840625,2395,1576.0,1608.0
3802,2023-09-19,1625.0,1654.0,1615.0,1630.0,75092552224,37409483,1118,1636.0,1616.0
3803,2023-09-20,1612.0,1615.0,1560.0,1584.0,72229373147,37022743,1264,1630.0,1584.0
3804,2023-09-23,1567.0,1603.0,1558.0,1572.0,48105393719,24852917,859,1584.0,1570.0
3805,2023-09-25,1570.0,1600.0,1519.0,1554.0,75991527737,39731522,1278,1572.0,1531.0
3806,2023-09-26,1524.0,1566.0,1519.0,1531.0,77864201355,41297493,1362,1554.0,1537.0
3807,2023-09-27,1543.0,1557.0,1520.0,1531.0,39952653621,21196826,791,1531.0,1522.0
3808,2023-09-30,1519.0,1558.0,1510.0,1535.0,69891248815,36987144,945,1531.0,1519.0
3809,2023-10-01,1541.0,1543.0,1512.0,1522.0,35695519121,19045753,675,1535.0,1524.0
3810,2023-10-02,1519.0,1582.0,1512.0,1554.0,59908812397,31303322,935,1522.0,1554.0
3811,2023-10-04,1584.0,1604.0,1555.0,1580.0,40242599955,20685835,718,1554.0,1574.0
3812,2023-10-07,1555.0,1580.0,1501.0,1515.0,110783097586,59358996,1591,1580.0,1515.0
3813,2023-10-08,1498.0,1498.0,1440.0,1441.0,59031567450,33268848,827,1515.0,1440.0
3814,2023-10-09,1426.0,1426.0,1375.0,1396.0,75348671682,43840198,1351,1441.0,1411.0
3815,2023-10-10,1396.0,1446.0,1384.0,1420.0,38684038911,22123305,671,1396.0,1437.0
3816,2023-10-11,1417.0,1453.0,1386.0,1418.0,60725070158,34773718,1043,1420.0,1394.0
3817,2023-10-14,1394.0,1418.0,1347.0,1362.0,68842149958,41047164,1230,1418.0,1350.0
3818,2023-10-15,1371.0,1381.0,1334.0,1351.0,45270019657,27202132,825,1362.0,1352.0
3819,2023-10-16,1372.0,1419.0,1361.0,1407.0,80674668923,46565596,1167,1351.0,1419.0
3820,2023-10-17,1434.0,1450.0,1386.0,1408.0,46294347805,26696589,788,1407.0,1408.0
3821,2023-10-18,1348.0,1379.0,1338.0,1346.0,80797195869,48746497,1352,1408.0,1344.0
3822,2023-10-21,1364.0,1373.0,1338.0,1350.0,48577604570,29230217,835,1346.0,1355.0
3823,2023-10-22,1357.0,1403.0,1344.0,1367.0,75481958880,44856811,1072,1350.0,1348.0
3824,2023-10-23,1346.0,1363.0,1334.0,1343.0,38909120778,23519261,784,1367.0,1334.0
3825,2023-10-24,1334.0,1360.0,1277.0,1293.0,70345012376,44186977,1288,1343.0,1290.0
3826,2023-10-25,1316.0,1340.0,1268.0,1311.0,49050561404,30398132,836,1293.0,1322.0
3827,2023-10-28,1263.0,1286.0,1246.0,1247.0,86135379321,56116636,1008,1311.0,1246.0
3828,2023-10-29,1202.0,1308.0,1202.0,1287.0,105032517699,66262126,1400,1247.0,1299.0
3829,2023-10-30,1308.0,1351.0,1301.0,1349.0,127251688198,76609914,1482,1287.0,1351.0
3830,2023-10-31,1360.0,1380.0,1290.0,1325.0,54365258253,33307297,1100,1349.0,1303.0
3831,2023-11-01,1271.0,1313.0,1270.0,1289.0,44744390210,28198596,693,1325.0,1308.0
3832,2023-11-04,1332.0,1353.0,1303.0,1348.0,56103745005,33804564,852,1289.0,1353.0
3833,2023-11-05,1372.0,1392.0,1325.0,1349.0,64374387705,38752320,1045,1348.0,1340.0
3834,2023-11-06,1356.0,1416.0,1324.0,1402.0,144198757861,83540110,1642,1349.0,1416.0
3835,2023-11-07,1437.0,1472.0,1435.0,1469.0,262351251743,145033216,2202,1402.0,1472.0
3836,2023-11-08,1496.0,1496.0,1421.0,1451.0,105006782661,58746915,1880,1469.0,1427.0
3837,2023-11-11,1457.0,1479.0,1413.0,1442.0,103170426191,58088353,1497,1451.0,1414.0
3838,2023-11-12,1413.0,1455.0,1413.0,1437.0,54404486837,30736340,1038,1442.0,1427.0
3839,2023-11-13,1451.0,1471.0,1414.0,1436.0,95443873807,53992952,1643,1437.0,1417.0
3840,2023-11-14,1433.0,1433.0,1390.0,1407.0,72094260917,41602554,1113,1436.0,1405.0
3841,2023-11-15,1397.0,1425.0,1396.0,1412.0,36973021644,21265296,670,1407.0,1404.0
3842,2023-11-18,1412.0,1421.0,1380.0,1392.0,50306855371,29353155,807,1412.0,1382.0
3843,2023-11-19,1393.0,1427.0,1364.0,1390.0,46372161147,27095726,843,1392.0,1372.0
3844,2023-11-20,1364.0,1405.0,1363.0,1384.0,73220577182,42977343,1261,1390.0,1401.0
3845,2023-11-21,1401.0,1442.0,1381.0,1419.0,109126182464,62468298,1467,1384.0,1433.0
3846,2023-11-22,1440.0,1450.0,1404.0,1424.0,66845742318,38100771,1022,1419.0,1415.0
3847,2023-11-25,1437.0,1437.0,1373.0,1391.0,87291566030,50969117,1514,1424.0,1385.0
3848,2023-11-26,1415.0,1433.0,1397.0,1416.0,17687852348,10147878,431,1391.0,1413.0
3849,2023-11-27,1405.0,1429.0,1382.0,1400.0,70819131376,41072032,1084,1416.0,1394.0
3850,2023-11-28,1382.0,1412.0,1372.0,1390.0,55103613532,32181581,836,1400.0,1397.0
3851,2023-11-29,1405.0,1459.0,1402.0,1437.0,120054721232,67833159,1487,1390.0,1451.0
3852,2023-12-02,1459.0,1506.0,1439.0,1476.0,107988718979,59445549,1614,1437.0,1454.0
3853,2023-12-03,1442.0,1533.0,1442.0,1494.0,116826054666,63490891,1563,1476.0,1524.0
3854,2023-12-04,1540.0,1556.0,1491.0,1523.0,116268226133,61996396,1720,1494.0,1511.0
3855,2023-12-05,1521.0,1550.0,1493.0,1524.0,117075272191,62367320,1635,1523.0,1527.0
3856,2023-12-06,1535.0,1541.0,1495.0,1516.0,112179518842,60099517,1352,1524.0,1524.0
3857,2023-12-09,1517.0,1533.0,1497.0,1511.0,67001001846,35998319,860,1516.0,1505.0
3858,2023-12-10,1494.0,1542.0,1494.0,1533.0,73602506516,38988263,1101,1511.0,1533.0
3859,2023-12-11,1521.0,1557.0,1516.0,1528.0,93611054821,49736665,1325,1533.0,1519.0
3860,2023-12-12,1515.0,1541.0,1502.0,1520.0,112194323865,59933427,1273,1528.0,1507.0
3861,2023-12-18,1599.0,1641.0,1565.0,1599.0,216447863759,109921813,1835,1520.0,1576.0
3862,2023-12-19,1581.0,1591.0,1540.0,1562.0,123239735700,64097486,1896,1599.0,1548.0
3863,2023-12-20,1553.0,1567.0,1523.0,1541.0,100121587107,52788660,1107,1562.0,1535.0
3864,2023-12-23,1561.0,1562.0,1528.0,1545.0,97577815953,51264886,1122,1541.0,1543.0
3865,2023-12-24,1528.0,1567.0,1507.0,1528.0,103623648249,55068132,1516,1545.0,1512.0
3866,2023-12-25,1519.0,1532.0,1476.0,1494.0,165791155145,90122701,1900,1528.0,1498.0
3867,2023-12-26,1488.0,1543.0,1474.0,1508.0,144969133883,78067636,2009,1494.0,1511.0
3868,2023-12-27,1498.0,1535.0,1478.0,1506.0,63468162734,34242202,1235,1508.0,1507.0
3869,2023-12-30,1507.0,1550.0,1507.0,1530.0,118437015149,62877686,1595,1506.0,1535.0
3870,2023-12-31,1527.0,1550.0,1489.0,1507.0,81719899053,44045814,1299,1530.0,1498.0
3871,2024-01-01,1507.0,1511.0,1461.0,1475.0,156165719822,85977654,2120,1507.0,1478.0
3872,2024-01-02,1463.0,1498.0,1454.0,1469.0,168321921132,93064639,1892,1475.0,1480.0
3873,2024-01-03,1502.0,1507.0,1445.0,1467.0,104673032640,57945186,1349,1469.0,1458.0
3874,2024-01-06,1462.0,1488.0,1449.0,1470.0,107226422869,59246045,1842,1467.0,1466.0
3875,2024-01-07,1493.0,1527.0,1472.0,1498.0,87765104864,47603921,1522,1470.0,1476.0
3876,2024-01-08,1489.0,1507.0,1461.0,1479.0,89664934462,49236489,1456,1498.0,1470.0
3877,2024-01-09,1463.0,1491.0,1445.0,1461.0,108951367031,60560038,2075,1479.0,1459.0
3878,2024-01-15,1501.0,1501.0,1461.0,1477.0,125283431265,69647713,1788,1461.0,1467.0
3879,2024-01-16,1454.0,1476.0,1443.0,1459.0,108658458130,61168153,1585,1477.0,1448.0
3880,2024-01-17,1447.0,1477.0,1447.0,1464.0,102700253129,57611192,1597,1459.0,1465.0
3881,2024-01-20,1485.0,1485.0,1404.0,1442.0,86049559725,48998005,1620,1464.0,1421.0
3882,2024-01-21,1437.0,1437.0,1388.0,1409.0,72865156610,42472797,1169,1442.0,1425.0
3883,2024-01-22,1426.0,1436.0,1371.0,1394.0,87062892969,51303167,1432,1409.0,1391.0
3884,2024-01-23,1364.0,1397.0,1325.0,1339.0,118202048174,72514620,1959,1394.0,1344.0
3885,2024-01-24,1332.0,1377.0,1329.0,1346.0,85880647769,52398136,1322,1339.0,1339.0
3886,2024-01-27,1373.0,1408.0,1356.0,1384.0,92249170941,54760690,1305,1346.0,1397.0
3887,2024-01-28,1398.0,1442.0,1392.0,1414.0,74150478554,43065533,1309,1384.0,1409.0
3888,2024-01-29,1388.0,1412.0,1368.0,1385.0,66815610314,39598837,1091,1414.0,1385.0
3889,2024-01-30,1388.0,1395.0,1339.0,1366.0,51256308522,30827018,1237,1385.0,1340.0
3890,2024-01-31,1341.0,1395.0,1341.0,1375.0,52921707935,31608637,944,1366.0,1380.0
3891,2024-02-03,1368.0,1413.0,1355.0,1389.0,70895902921,41937273,1121,1375.0,1362.0
3892,2024-02-04,1372.0,1398.0,1363.0,1380.0,103602901047,61666039,1329,1389.0,1390.0
3893,2024-02-05,1381.0,1404.0,1366.0,1385.0,57640409167,34191134,1090,1380.0,1382.0
3894,2024-02-06,1372.0,1402.0,1372.0,1389.0,58047506281,34328891,1136,1385.0,1378.0
3895,2024-02-07,1391.0,1392.0,1364.0,1377.0,39005729885,23261276,872,1389.0,1367.0
3896,2024-02-10,1392.0,1401.0,1367.0,1378.0,55236366868,32921379,979,1377.0,1374.0
3897,2024-02-12,1371.0,1380.0,1347.0,1357.0,45019398692,27252426,948,1378.0,1352.0
3898,2024-02-13,1343.0,1388.0,1339.0,1353.0,53186314148,32293006,1045,1357.0,1349.0
3899,2024-02-14,1339.0,1355.0,1323.0,1332.0,31876418330,19648777,837,1353.0,1323.0
3900,2024-02-17,1318.0,1351.0,1294.0,1309.0,55738213134,34961163,1187,1332.0,1312.0
3901,2024-02-18,1344.0,1368.0,1300.0,1343.0,72326949410,44243151,1205,1309.0,1355.0
3902,2024-02-19,1376.0,1399.0,1358.0,1378.0,96334775509,57405568,1372,1343.0,1368.0
3903,2024-02-20,1388.0,1393.0,1361.0,1377.0,41001737471,24446964,796,1378.0,1370.0
3904,2024-02-21,1363.0,1385.0,1351.0,1363.0,39722685848,23924820,667,1377.0,1354.0
3905,2024-02-24,1335.0,1372.0,1330.0,1349.0,33801601514,20585980,563,1363.0,1351.0
3906,2024-02-26,1338.0,1343.0,1310.0,1320.0,47417960060,29498554,802,1349.0,1326.0
3907,2024-02-27,1312.0,1346.0,1307.0,1312.0,21214738027,13274509,681,1320.0,1321.0
3908,2024-02-28,1344.0,1358.0,1312.0,1325.0,56168489462,34827363,951,1312.0,1325.0
3909,2024-03-02,1302.0,1390.0,1302.0,1381.0,146318034966,87018000,1850,1325.0,1390.0
3910,2024-03-03,1421.0,1435.0,1395.0,1413.0,123806769663,71942506,1619,1381.0,1412.0
3911,2024-03-04,1406.0,1426.0,1375.0,1397.0,87703873773,51571065,1583,1413.0,1384.0
3912,2024-03-05,1388.0,1434.0,1387.0,1416.0,143573874711,83284957,1726,1397.0,1396.0
3913,2024-03-06,1429.0,1445.0,1411.0,1426.0,111672314430,64344866,1627,1416.0,1421.0
3914,2024-03-09,1435.0,1496.0,1427.0,1488.0,507319345757,280029278,4289,1426.0,1496.0
3915,2024-03-10,1519.0,1544.0,1477.0,1507.0,230658836048,125732853,3494,1488.0,1494.0
3916,2024-03-11,1491.0,1510.0,1455.0,1477.0,168331311125,93573986,2589,1507.0,1478.0
3917,2024-03-12,1494.0,1525.0,1452.0,1484.0,118043178805,65331970,1843,1477.0,1461.0
3918,2024-03-13,1477.0,1477.0,1438.0,1449.0,74702544747,42354855,1456,1484.0,1450.0
3919,2024-03-16,1454.0,1468.0,1420.0,1445.0,88105652636,50066822,1208,1449.0,1459.0
3920,2024-03-17,1430.0,1486.0,1430.0,1459.0,57033565320,32115693,931,1445.0,1436.0
3921,2024-03-18,1454.0,1506.0,1454.0,1486.0,73567696058,40659764,1084,1459.0,1504.0
3922,2024-03-24,1515.0,1560.0,1515.0,1555.0,188449090042,99490763,2176,1486.0,1560.0
3923,2024-03-25,1563.0,1608.0,1538.0,1560.0,121465800412,63956521,2223,1555.0,1542.0
3924,2024-03-26,1542.0,1560.0,1523.0,1536.0,86887190675,46471184,1248,1560.0,1540.0
3925,2024-03-27,1553.0,1553.0,1512.0,1528.0,59591298262,32044235,1192,1536.0,1523.0
3926,2024-03-30,1536.0,1549.0,1494.0,1508.0,56893352737,30980086,1120,1528.0,1521.0
3927,2024-04-02,1478.0,1478.0,1433.0,1448.0,83496013407,47357880,1366,1508.0,1446.0
3928,2024-04-03,1443.0,1469.0,1417.0,1431.0,61071585649,35058853,1069,1448.0,1418.0
3929,2024-04-06,1419.0,1420.0,1359.0,1367.0,215990943125,129752103,2660,1431.0,1359.0
3930,2024-04-07,1323.0,1386.0,1323.0,1353.0,60446192068,36685433,1095,1367.0,1355.0
3931,2024-04-08,1370.0,1402.0,1362.0,1378.0,123391493928,73516355,1405,1353.0,1387.0
3932,2024-04-09,1413.0,1445.0,1385.0,1405.0,443883947457,259391297,3480,1378.0,1416.0
3933,2024-04-13,1364.0,1395.0,1335.0,1340.0,74478681309,45641345,758,1405.0,1335.0
3934,2024-04-14,1327.0,1327.0,1327.0,1337.0,3546365328,2194533,94,1340.0,1327.0
3935,2024-04-15,1325.0,1350.0,1325.0,1348.0,155392754360,94719566,1150,1337.0,1349.0
3936,2024-04-16,1335.0,1335.0,1335.0,1335.0,27037458500,16638436,352,1348.0,1335.0
3937,2024-04-17,1324.0,1348.0,1321.0,1327.0,111871538952,69207131,1395,1335.0,1321.0
3938,2024-04-20,1352.0,1393.0,1352.0,1386.0,261994182066,155249115,2154,1327.0,1393.0
3939,2024-04-21,1418.0,1450.0,1385.0,1409.0,148237618935,86399912,1716,1386.0,1396.0
3940,2024-04-22,1410.0,1421.0,1371.0,1399.0,102819649613,60382193,1513,1409.0,1388.0
3941,2024-04-23,1388.0,1468.0,1388.0,1427.0,306106937727,176148487,2500,1399.0,1468.0
3942,2024-04-24,1498.0,1498.0,1498.0,1498.0,439601680032,241009693,1695,1427.0,1498.0
3943,2024-04-27,1523.0,1558.0,1463.0,1514.0,685242950464,371708663,5249,1498.0,1477.0
3944,2024-04-28,1477.0,1486.0,1438.0,1446.0,293536619519,166680091,2838,1514.0,1439.0
3945,2024-04-29,1437.0,1473.0,1412.0,1437.0,103644505069,59227685,1573,1446.0,1423.0
3946,2024-04-30,1437.0,1450.0,1378.0,1395.0,92804427680,54618547,1411,1437.0,1392.0
3947,2024-05-01,1379.0,1421.0,1379.0,1400.0,55755187538,32702214,949,1395.0,1408.0
3948,2024-05-05,1425.0,1440.0,1398.0,1418.0,85881721122,49758893,1365,1400.0,1408.0
3949,2024-05-06,1413.0,1413.0,1384.0,1398.0,76455287366,44926349,1159,1418.0,1396.0
3950,2024-05-07,1390.0,1418.0,1355.0,1376.0,54893727397,32749471,1217,1398.0,1386.0
3951,2024-05-08,1389.0,1389.0,1349.0,1364.0,73136683825,44018994,1308,1376.0,1355.0
3952,2024-05-11,1348.0,1380.0,1315.0,1335.0,79584323508,48988045,1468,1364.0,1326.0
3953,2024-05-12,1317.0,1354.0,1293.0,1321.0,62883238416,39081742,1196,1335.0,1313.0
3954,2024-05-13,1306.0,1314.0,1256.0,1265.0,142077068070,92229383,2054,1321.0,1277.0
3955,2024-05-14,1266.0,1301.0,1248.0,1269.0,38385983747,24838288,808,1265.0,1264.0
3956,2024-05-15,1287.0,1289.0,1237.0,1261.0,43493748694,28308072,832,1269.0,1278.0
3957,2024-05-18,1262.0,1289.0,1228.0,1252.0,77225022631,50625598,1299,1261.0,1248.0
3958,2024-05-19,1240.0,1240.0,1190.0,1191.0,90850565477,62636240,1324,1252.0,1190.0
3959,2024-05-21,1175.0,1210.0,1168.0,1187.0,44761689203,30970153,788,1191.0,1188.0
3960,2024-05-25,1191.0,1191.0,1164.0,1170.0,14915531366,10468356,438,1187.0,1164.0
3961,2024-05-26,1147.0,1147.0,1147.0,1161.0,5686357182,4070406,190,1170.0,1147.0
3962,2024-05-27,1138.0,1156.0,1138.0,1138.0,49329590054,35582513,616,1161.0,1146.0
3963,2024-05-28,1137.0,1160.0,1137.0,1157.0,51182605536,36314569,703,1138.0,1160.0
3964,2024-05-29,1176.0,1180.0,1169.0,1179.0,24823600079,17288477,348,1157.0,1180.0
3965,2024-06-01,1202.0,1202.0,1156.0,1162.0,75701520175,53514044,1080,1179.0,1156.0
3966,2024-06-02,1141.0,1161.0,1139.0,1140.0,40851427887,29441343,670,1162.0,1139.0
3967,2024-06-05,1133.0,1150.0,1118.0,1120.0,35562997905,26078094,731,1140.0,1118.0
3968,2024-06-08,1098.0,1098.0,1098.0,1114.0,3804266375,2845375,115,1120.0,1098.0
3969,2024-06-09,1092.0,1108.0,1092.0,1093.0,92017648072,69125519,1010,1114.0,1092.0
3970,2024-06-10,1091.0,1114.0,1091.0,1114.0,65661816135,48429751,713,1093.0,1107.0
3971,2024-06-11,1101.0,1132.0,1091.0,1097.0,57138741626,42770019,751,1114.0,1099.0
3972,2024-06-12,1101.0,1101.0,1076.0,1077.0,17377389318,13253960,366,1097.0,1076.0
3973,2024-06-15,1055.0,1068.0,1055.0,1056.0,14627258401,11376153,240,1077.0,1055.0
3974,2024-06-16,1036.0,1052.0,1036.0,1036.0,56564706342,44833752,618,1056.0,1036.0
3975,2024-06-18,1016.0,1043.0,1016.0,1018.0,45495406327,36691608,770,1036.0,1021.0
3976,2024-06-19,1018.0,1038.0,1018.0,1037.0,34008816423,26936107,535,1018.0,1038.0
3977,2024-06-22,1043.0,1055.0,1027.0,1038.0,32623184498,25800227,629,1037.0,1027.0
3978,2024-06-23,1023.0,1043.0,1018.0,1024.0,42819762347,34334162,712,1038.0,1041.0
3979,2024-06-24,1044.0,1044.0,1044.0,1034.0,7277674824,5725944,127,1024.0,1044.0
3980,2024-06-26,1055.0,1055.0,1045.0,1055.0,64822376244,50495091,487,1034.0,1055.0
3981,2024-06-29,1097.0,1107.0,1037.0,1072.0,54069410042,41444983,876,1055.0,1055.0
3982,2024-06-30,1027.0,1059.0,1008.0,1010.0,55184900127,44864464,846,1072.0,1008.0
3983,2024-07-01,991.0,1035.0,991.0,1013.0,20685185569,16764822,527,1010.0,1026.0
3984,2024-07-02,1034.0,1055.0,1026.0,1036.0,22428502197,17785056,462,1013.0,1029.0
3985,2024-07-03,1038.0,1086.0,1021.0,1044.0,43383748098,34127109,668,1036.0,1082.0
3986,2024-07-06,1106.0,1106.0,1106.0,1082.0,9530177211,7075113,123,1044.0,1106.0
3987,2024-07-07,1146.0,1146.0,1110.0,1144.0,171833151154,123323226,1605,1082.0,1142.0
3988,2024-07-08,1111.0,1177.0,1111.0,1148.0,58322992331,41732269,1070,1144.0,1133.0
3989,2024-07-09,1135.0,1142.0,1110.0,1118.0,26349837286,19362385,472,1148.0,1118.0
3990,2024-07-10,1118.0,1125.0,1068.0,1082.0,54877801945,41661739,774,1118.0,1079.0
3991,2024-07-13,1055.0,1108.0,1055.0,1079.0,29841750165,22707574,458,1082.0,1072.0
3992,2024-07-14,1068.0,1103.0,1059.0,1081.0,31245130164,23745378,453,1079.0,1102.0
3993,2024-07-17,1108.0,1141.0,1098.0,1111.0,33552796634,24793084,559,1081.0,1113.0
3994,2024-07-20,1092.0,1133.0,1045.0,1097.0,40072210714,29991112,818,1111.0,1078.0
3995,2024-07-21,1100.0,1100.0,1033.0,1045.0,74251875245,58346989,1218,1097.0,1036.0
3996,2024-07-22,1074.0,1074.0,1010.0,1031.0,44136050068,35176069,894,1045.0,1033.0
3997,2024-07-23,1065.0,1078.0,1040.0,1057.0,38200807651,29693159,696,1031.0,1041.0
3998,2024-07-24,1066.0,1069.0,1027.0,1055.0,28165199318,21943912,572,1057.0,1055.0
3999,2024-07-27,1065.0,1067.0,1035.0,1045.0,35762819615,28086139,600,1055.0,1045.0
4000,2024-07-29,1044.0,1050.0,1004.0,1018.0,52103144505,42012546,763,1045.0,1018.0
4001,2024-07-30,1005.0,1027.0,999.0,1004.0,26203989000,21424268,618,1018.0,1009.0
4002,2024-07-31,944.0,957.0,944.0,944.0,106816714050,92857158,1290,1004.0,953.0
4003,2024-08-03,893.0,920.0,888.0,889.0,97466893467,90109053,1344,944.0,888.0
4004,2024-08-04,880.0,895.0,880.0,881.0,49330566022,45961651,738,889.0,880.0
4005,2024-08-05,873.0,875.0,873.0,873.0,13851714677,13029979,241,881.0,873.0
4006,2024-08-06,865.0,865.0,865.0,865.0,42617978442,40472914,427,873.0,865.0
4007,2024-08-10,873.0,873.0,862.0,871.0,67493861163,63608176,831,865.0,862.0
4008,2024-08-11,866.0,880.0,866.0,875.0,19561380054,18351764,581,871.0,876.0
4009,2024-08-12,867.0,869.0,867.0,869.0,11367971045,10764945,193,875.0,867.0
4010,2024-08-13,861.0,861.0,861.0,866.0,3943404968,3762791,74,869.0,861.0
4011,2024-08-14,867.0,875.0,867.0,875.0,25876614905,24303273,324,866.0,875.0
4012,2024-08-17,892.0,892.0,875.0,892.0,18294566216,16846726,216,875.0,892.0
4013,2024-08-18,909.0,909.0,908.0,909.0,26692946110,24113716,365,892.0,909.0
4014,2024-08-19,911.0,911.0,891.0,894.0,41115037728,37741352,596,909.0,891.0
4015,2024-08-20,880.0,899.0,877.0,886.0,31826127020,29508965,633,894.0,894.0
4016,2024-08-21,902.0,903.0,887.0,903.0,23643114595,21512670,344,886.0,903.0
4017,2024-08-24,904.0,920.0,904.0,918.0,76819531126,68707970,798,903.0,912.0
4018,2024-08-26,913.0,934.0,904.0,921.0,45553663051,40640517,839,918.0,927.0
4019,2024-08-27,922.0,939.0,922.0,938.0,50704411221,44389062,758,921.0,938.0
4020,2024-08-28,930.0,956.0,930.0,951.0,24080725954,20794425,389,938.0,956.0
4021,2024-08-31,970.0,970.0,970.0,963.0,9985057388,8454748,135,951.0,970.0
4022,2024-09-01,982.0,982.0,953.0,979.0,113253672971,95031819,1244,963.0,982.0
4023,2024-09-03,990.0,998.0,976.0,988.0,51648498390,42938371,657,979.0,987.0
4024,2024-09-07,972.0,1004.0,958.0,977.0,45780134416,38472742,854,988.0,981.0
4025,2024-09-08,981.0,1001.0,951.0,972.0,33732318290,28516927,563,977.0,962.0
4026,2024-09-09,983.0,1000.0,957.0,998.0,54502256902,44856911,643,972.0,1000.0
4027,2024-09-10,1026.0,1027.0,1001.0,1015.0,57313600000,46359233,736,998.0,1008.0
4028,2024-09-11,1045.0,1045.0,1028.0,1041.0,84914332196,67025295,642,1015.0,1045.0
4029,2024-09-14,1068.0,1072.0,1036.0,1064.0,195054569534,150646698,1607,1041.0,1064.0
4030,2024-09-15,1043.0,1043.0,1032.0,1032.0,114256574699,90866865,1053,1064.0,1032.0
4031,2024-09-16,1027.0,1063.0,1018.0,1052.0,55592077135,43388131,720,1032.0,1061.0
4032,2024-09-17,1052.0,1083.0,1044.0,1082.0,90546113004,68725365,656,1052.0,1083.0
4033,2024-09-18,1083.0,1114.0,1083.0,1109.0,117241156736,86877335,1132,1082.0,1114.0
4034,2024-09-22,1109.0,1142.0,1085.0,1130.0,72351102363,52567586,809,1109.0,1142.0
4035,2024-09-23,1142.0,1164.0,1112.0,1146.0,72058794860,51659119,1285,1130.0,1151.0
4036,2024-09-24,1125.0,1174.0,1125.0,1150.0,132613401468,94706140,1846,1146.0,1149.0
4037,2024-09-25,1119.0,1135.0,1115.0,1118.0,162446385609,119329074,1941,1150.0,1115.0
4038,2024-09-28,1107.0,1107.0,1107.0,1116.0,1729469172,1282989,76,1118.0,1107.0
4039,2024-09-29,1105.0,1105.0,1105.0,1109.0,10268523628,7628918,117,1116.0,1105.0
4040,2024-09-30,1098.0,1099.0,1098.0,1098.0,14583104073,10907237,139,1109.0,1098.0
4041,2024-10-01,1087.0,1087.0,1087.0,1097.0,691227300,522075,30,1098.0,1087.0
4042,2024-10-02,1087.0,1087.0,1087.0,1096.0,583808148,441276,25,1097.0,1087.0
4043,2024-10-05,1086.0,1086.0,1086.0,1096.0,1336864568,1011244,37,1096.0,1086.0
4044,2024-10-06,1085.0,1085.0,1085.0,1095.0,577711609,437329,29,1096.0,1085.0
4045,2024-10-07,1084.0,1084.0,1084.0,1094.0,1371433800,1038965,33,1095.0,1084.0
4046,2024-10-08,1083.0,1083.0,1083.0,1090.0,5958199990,4517210,83,1094.0,1083.0
4047,2024-10-09,1079.0,1079.0,1079.0,1086.0,5224897620,3976330,63,1090.0,1079.0
4048,2024-10-12,1054.0,1079.0,1054.0,1055.0,159064240078,123842446,1355,1086.0,1057.0
4049,2024-10-13,1030.0,1076.0,1023.0,1031.0,75517600843,60162339,917,1055.0,1041.0
4050,2024-10-14,1006.0,1043.0,1000.0,1002.0,26008072725,21309990,334,1031.0,1000.0
4051,2024-10-15,972.0,972.0,972.0,986.0,7561640864,6386521,115,1002.0,972.0
4052,2024-10-16,956.0,980.0,956.0,958.0,49884858669,42756600,815,986.0,956.0
4053,2024-10-21,903.0,929.0,895.0,912.0,65842478140,59336688,935,958.0,910.0
4054,2024-10-22,921.0,921.0,885.0,897.0,60429234261,55330302,896,912.0,906.0
4055,2024-10-23,871.0,911.0,871.0,873.0,87820863574,82630237,1312,897.0,871.0
4056,2024-10-26,898.0,898.0,898.0,896.0,13746414132,12565278,211,873.0,898.0
4057,2024-10-27,922.0,922.0,922.0,903.0,4008792191,3569717,96,896.0,922.0
4058,2024-10-28,929.0,929.0,929.0,929.0,51535575780,45566380,385,903.0,929.0
4059,2024-10-29,956.0,956.0,935.0,952.0,171858459929,148257263,1726,929.0,938.0
4060,2024-10-30,926.0,980.0,926.0,974.0,76530480747,64554022,1045,952.0,980.0
4061,2024-11-02,985.0,997.0,945.0,967.0,91257960559,77544755,1266,974.0,945.0
4062,2024-11-03,938.0,944.0,938.0,946.0,10196966302,8928981,121,967.0,938.0
4063,2024-11-04,918.0,928.0,918.0,919.0,62539629759,55897865,962,946.0,921.0
4064,2024-11-05,921.0,945.0,894.0,917.0,35729535849,32002348,627,919.0,927.0
4065,2024-11-06,899.0,944.0,890.0,917.0,60596041906,54281706,869,917.0,933.0
4066,2024-11-09,944.0,944.0,944.0,927.0,5871979437,5110513,97,917.0,944.0
4067,2024-11-10,954.0,954.0,954.0,938.0,6098368892,5248166,106,927.0,954.0
4068,2024-11-11,966.0,966.0,966.0,959.0,12288937752,10449777,165,938.0,966.0
4069,2024-11-12,988.0,988.0,988.0,978.0,10726785288,8916696,138,959.0,988.0
4070,2024-11-13,1007.0,1007.0,1007.0,990.0,7117161714,5805189,105,978.0,1007.0
4071,2024-11-16,1020.0,1020.0,1020.0,1020.0,15348304386,12357733,149,990.0,1020.0
4072,2024-11-17,1050.0,1050.0,1050.0,1045.0,13214961819,10332261,166,1020.0,1050.0
4073,2024-11-18,1077.0,1077.0,1077.0,1077.0,18204577464,13886024,170,1045.0,1077.0
4074,2024-11-19,1109.0,1109.0,1103.0,1109.0,239370863393,177325299,1401,1077.0,1109.0
4075,2024-11-20,1125.0,1142.0,1111.0,1136.0,849186212303,613968915,5893,1109.0,1142.0
4076,2024-11-23,1150.0,1169.0,1138.0,1163.0,44847675181,31662412,523,1136.0,1169.0
4077,2024-11-24,1197.0,1197.0,1197.0,1197.0,36685755684,25161698,239,1163.0,1197.0
4078,2024-11-25,1233.0,1233.0,1233.0,1233.0,18308948834,12197834,211,1197.0,1233.0
4079,2024-11-26,1270.0,1270.0,1241.0,1269.0,713661569381,461884752,4392,1233.0,1270.0
4080,2024-11-27,1307.0,1307.0,1287.0,1305.0,386125185229,242942916,2447,1269.0,1307.0
4081,2024-11-30,1343.0,1344.0,1266.0,1298.0,530727225135,335680237,4249,1305.0,1281.0
4082,2024-12-01,1281.0,1321.0,1260.0,1285.0,239101561805,152738551,2887,1298.0,1281.0
4083,2024-12-02,1323.0,1323.0,1323.0,1323.0,22046792760,13685160,269,1285.0,1323.0
4084,2024-12-03,1362.0,1362.0,1322.0,1355.0,385202703409,233494038,2798,1323.0,1341.0
4085,2024-12-04,1339.0,1369.0,1315.0,1331.0,378893149569,233707165,3382,1355.0,1319.0
4086,2024-12-07,1306.0,1326.0,1292.0,1299.0,71647965002,45298595,803,1331.0,1292.0
4087,2024-12-08,1261.0,1308.0,1261.0,1267.0,250287114510,162205056,2251,1299.0,1288.0
4088,2024-12-09,1305.0,1305.0,1305.0,1305.0,52326227632,32930288,420,1267.0,1305.0
4089,2024-12-10,1344.0,1344.0,1270.0,1311.0,174951967929,109615918,2168,1305.0,1280.0
4090,2024-12-11,1306.0,1349.0,1286.0,1339.0,270619665866,165925572,2255,1311.0,1349.0
4091,2024-12-14,1379.0,1379.0,1379.0,1379.0,33532732792,19971848,354,1339.0,1379.0
4092,2024-12-15,1420.0,1420.0,1382.0,1418.0,343686984146,199097552,2198,1379.0,1420.0
4093,2024-12-16,1436.0,1454.0,1376.0,1401.0,316243095239,185340849,3015,1418.0,1376.0
4094,2024-12-17,1373.0,1395.0,1359.0,1362.0,175591240318,105934417,1240,1401.0,1359.0
4095,2024-12-18,1321.0,1355.0,1321.0,1325.0,332097423989,205877782,2608,1362.0,1339.0
4096,2024-12-21,1364.0,1364.0,1315.0,1363.0,117909202591,71032074,1056,1325.0,1364.0
4097,2024-12-22,1365.0,1381.0,1323.0,1326.0,238186237303,147440032,2322,1363.0,1323.0
4098,2024-12-23,1302.0,1366.0,1302.0,1352.0,180644495349,109774002,1840,1326.0,1366.0
4099,2024-12-24,1387.0,1392.0,1355.0,1382.0,142699242830,84776267,1418,1352.0,1372.0
4100,2024-12-25,1384.0,1423.0,1341.0,1382.0,316520765994,188036519,2801,1382.0,1423.0
4101,2024-12-28,1423.0,1423.0,1423.0,1423.0,71409790040,41205880,391,1382.0,1423.0
4102,2024-12-29,1465.0,1465.0,1445.0,1464.0,681415117911,382073893,3796,1423.0,1465.0
4103,2024-12-30,1495.0,1508.0,1421.0,1488.0,498050306101,274881992,4297,1464.0,1470.0
4104,2024-12-31,1478.0,1503.0,1444.0,1462.0,300927672924,169040177,2864,1488.0,1462.0
4105,2025-01-01,1459.0,1505.0,1459.0,1502.0,235809131758,128925392,2665,1462.0,1505.0
4106,2025-01-04,1544.0,1546.0,1512.0,1537.0,244551225003,130651186,2577,1502.0,1528.0
4107,2025-01-05,1536.0,1536.0,1491.0,1497.0,281133652618,154206548,2618,1537.0,1491.0
4108,2025-01-06,1466.0,1542.0,1466.0,1528.0,149177275472,80183737,1269,1497.0,1542.0
4109,2025-01-07,1573.0,1573.0,1539.0,1562.0,272527282098,143299307,2707,1528.0,1569.0
4110,2025-01-08,1585.0,1585.0,1515.0,1536.0,301273633875,161130107,3866,1562.0,1545.0
4111,2025-01-11,1560.0,1560.0,1490.0,1498.0,238470467668,130764700,2485,1536.0,1490.0
4112,2025-01-12,1480.0,1480.0,1454.0,1454.0,155671468791,87897351,1968,1498.0,1454.0
4113,2025-01-13,1471.0,1485.0,1425.0,1456.0,122824397711,69271623,1629,1454.0,1457.0
4114,2025-01-20,1413.0,1413.0,1413.0,1429.0,9145152903,5408133,146,1456.0,1413.0
4115,2025-01-21,1386.0,1417.0,1386.0,1390.0,150067151956,90196599,1825,1429.0,1386.0
4116,2025-01-22,1398.0,1431.0,1398.0,1419.0,88089207792,51870830,1218,1390.0,1411.0
4117,2025-01-25,1428.0,1445.0,1377.0,1389.0,88449275787,53189036,1340,1419.0,1381.0
4118,2025-01-26,1377.0,1429.0,1349.0,1386.0,79571974126,47958157,1186,1389.0,1362.0
4119,2025-01-27,1373.0,1373.0,1345.0,1348.0,96564493955,59828118,1150,1386.0,1345.0
4120,2025-01-29,1324.0,1362.0,1308.0,1320.0,82201838914,52020650,1198,1348.0,1308.0
4121,2025-02-01,1320.0,1337.0,1281.0,1286.0,80974691060,52615007,963,1320.0,1281.0
4122,2025-02-02,1278.0,1310.0,1250.0,1265.0,126116348116,83318036,1551,1286.0,1253.0
4123,2025-02-03,1255.0,1285.0,1227.0,1239.0,119655465553,80702783,1900,1265.0,1256.0
4124,2025-02-04,1261.0,1276.0,1261.0,1275.0,34988129155,22923516,373,1239.0,1276.0
4125,2025-02-05,1261.0,1312.0,1237.0,1285.0,69299282221,45065774,933,1275.0,1294.0
4126,2025-02-09,1270.0,1312.0,1246.0,1277.0,74399671591,48644968,1105,1285.0,1246.0
4127,2025-02-11,1240.0,1267.0,1240.0,1241.0,33879404690,22813059,428,1277.0,1240.0
4128,2025-02-15,1204.0,1204.0,1204.0,1212.0,11086591439,7693679,156,1241.0,1204.0
4129,2025-02-16,1176.0,1176.0,1176.0,1176.0,17888342912,12704789,233,1212.0,1176.0
4130,2025-02-17,1142.0,1186.0,1141.0,1155.0,136118152648,98494416,1661,1176.0,1168.0
4131,2025-02-18,1153.0,1189.0,1153.0,1188.0,37636562889,26459647,340,1155.0,1189.0
4132,2025-02-19,1223.0,1223.0,1178.0,1218.0,100218481824,68742867,1250,1188.0,1178.0
4133,2025-02-22,1186.0,1222.0,1182.0,1185.0,87858230106,61944115,1020,1218.0,1182.0
4134,2025-02-23,1206.0,1220.0,1204.0,1219.0,53600527507,36744844,520,1185.0,1220.0
4135,2025-02-24,1255.0,1255.0,1255.0,1241.0,9617391614,6403057,244,1219.0,1255.0
4136,2025-02-25,1278.0,1278.0,1261.0,1276.0,95788087040,62674029,1006,1241.0,1265.0
4137,2025-02-26,1276.0,1314.0,1256.0,1287.0,74898550854,48621521,1153,1276.0,1266.0
4138,2025-03-01,1287.0,1320.0,1248.0,1271.0,66868821571,43961699,870,1287.0,1263.0
4139,2025-03-02,1289.0,1293.0,1249.0,1265.0,80166736688,52943211,1070,1271.0,1287.0
4140,2025-03-03,1227.0,1227.0,1227.0,1242.0,8442582447,5747163,136,1265.0,1227.0
4141,2025-03-04,1211.0,1261.0,1205.0,1220.0,66568881532,45584117,986,1242.0,1205.0
4142,2025-03-05,1184.0,1207.0,1184.0,1185.0,94227608609,66435163,1080,1220.0,1186.0
4143,2025-03-08,1150.0,1170.0,1150.0,1150.0,27539819350,19996959,354,1185.0,1150.0
4144,2025-03-09,1116.0,1116.0,1116.0,1124.0,10514951928,7870473,199,1150.0,1116.0
4145,2025-03-10,1091.0,1129.0,1091.0,1095.0,140186185488,106916581,1386,1124.0,1091.0
4146,2025-03-11,1063.0,1063.0,1063.0,1073.0,9323137992,7329511,182,1095.0,1063.0
4147,2025-03-12,1043.0,1104.0,1041.0,1076.0,109445256188,84960506,1404,1073.0,1104.0
4148,2025-03-26,1100.0,1112.0,1085.0,1102.0,30301545051,27502218,523,1076.0,1103.0
4149,2025-03-29,1103.0,1135.0,1072.0,1128.0,34412797623,30519124,483,1102.0,1135.0
4150,2025-03-30,1161.0,1161.0,1141.0,1158.0,14422817787,12425960,191,1128.0,1161.0
4151,2025-04-05,1192.0,1192.0,1174.0,1191.0,75143411075,63111930,981,1158.0,1192.0
4152,2025-04-06,1225.0,1225.0,1170.0,1203.0,76923706261,63959899,1139,1191.0,1205.0
4153,2025-04-07,1195.0,1197.0,1167.0,1169.0,40193712876,34397331,738,1203.0,1167.0
4154,2025-04-08,1204.0,1204.0,1204.0,1184.0,6696345796,5561749,155,1169.0,1204.0
4155,2025-04-09,1219.0,1219.0,1176.0,1211.0,59753747671,49360450,813,1184.0,1213.0
4156,2025-04-12,1240.0,1243.0,1213.0,1230.0,41878321168,34046563,729,1211.0,1240.0
4157,2025-04-13,1266.0,1266.0,1266.0,1266.0,18421811604,14551194,151,1230.0,1266.0
4158,2025-04-14,1303.0,1303.0,1300.0,1303.0,108219363966,83062858,821,1266.0,1303.0
4159,2025-04-15,1342.0,1342.0,1270.0,1309.0,168930879147,129026687,2063,1303.0,1296.0
4160,2025-04-16,1286.0,1348.0,1286.0,1336.0,165978677635,124233792,1718,1309.0,1329.0
4161,2025-04-19,1370.0,1376.0,1336.0,1372.0,152851326557,111388476,1760,1336.0,1376.0
4162,2025-04-20,1413.0,1413.0,1413.0,1394.0,8432926713,5968101,178,1372.0,1413.0
4163,2025-04-21,1435.0,1435.0,1392.0,1425.0,201347402354,141255755,1846,1394.0,1419.0
4164,2025-04-22,1424.0,1450.0,1383.0,1402.0,184469164714,131551827,2435,1425.0,1393.0
4165,2025-04-23,1415.0,1428.0,1360.0,1399.0,135662040998,96955983,1858,1402.0,1423.0
4166,2025-04-26,1440.0,1440.0,1440.0,1440.0,17168742720,11922738,234,1399.0,1440.0
4167,2025-04-27,1483.0,1483.0,1483.0,1483.0,26006676956,17536532,278,1440.0,1483.0
4168,2025-04-28,1527.0,1527.0,1527.0,1515.0,11948622300,7824900,208,1483.0,1527.0
4169,2025-04-29,1560.0,1560.0,1560.0,1544.0,10851746880,6956248,186,1515.0,1560.0
4170,2025-04-30,1590.0,1590.0,1590.0,1590.0,29168583390,18345021,271,1544.0,1590.0
4171,2025-05-03,1637.0,1637.0,1637.0,1637.0,463075861415,282880795,2269,1590.0,1637.0
4172,2025-05-04,1686.0,1686.0,1686.0,1686.0,158050465332,93742862,959,1637.0,1686.0
4173,2025-05-05,1736.0,1736.0,1686.0,1727.0,1147614074298,664494387,7057,1686.0,1695.0
4174,2025-05-06,1676.0,1778.0,1676.0,1732.0,752834241911,434752332,4722,1727.0,1778.0
4175,2025-05-07,1783.0,1783.0,1732.0,1769.0,440014136645,248780330,3699,1732.0,1783.0
4176,2025-05-10,1770.0,1770.0,1716.0,1729.0,286949109722,165969886,1960,1769.0,1716.0
4177,2025-05-11,1700.0,1716.0,1678.0,1686.0,145811375990,86467932,1354,1729.0,1678.0
4178,2025-05-12,1736.0,1736.0,1700.0,1733.0,288449041842,166411793,2036,1686.0,1734.0
4179,2025-05-13,1720.0,1732.0,1682.0,1684.0,291169257232,172942932,2105,1733.0,1684.0
4180,2025-05-14,1699.0,1699.0,1634.0,1659.0,302995947144,182611429,2739,1684.0,1665.0
4181,2025-05-17,1699.0,1708.0,1642.0,1704.0,515414897707,302508443,3138,1659.0,1708.0
4182,2025-05-18,1750.0,1755.0,1708.0,1752.0,132183940882,75440044,838,1704.0,1755.0
4183,2025-05-19,1804.0,1804.0,1710.0,1783.0,541622787813,303808961,3889,1752.0,1740.0
4184,2025-05-20,1740.0,1760.0,1730.0,1732.0,97913189837,56525826,805,1783.0,1730.0
4185,2025-05-21,1681.0,1681.0,1681.0,1684.0,15691060841,9334361,181,1732.0,1681.0
4186,2025-05-24,1679.0,1710.0,1634.0,1648.0,306372255721,185947626,2687,1684.0,1645.0
4187,2025-05-25,1621.0,1650.0,1599.0,1606.0,38447680947,23939081,473,1648.0,1599.0
4188,2025-05-26,1589.0,1645.0,1558.0,1570.0,290762514144,185202379,2494,1606.0,1585.0
4189,2025-05-27,1575.0,1617.0,1575.0,1614.0,212896144382,131936488,1588,1570.0,1600.0
4190,2025-05-28,1624.0,1624.0,1571.0,1587.0,92845300908,58515966,1345,1614.0,1585.0
4191,2025-05-31,1580.0,1634.0,1580.0,1622.0,169410808221,104474671,1553,1587.0,1600.0
4192,2025-06-01,1585.0,1609.0,1574.0,1579.0,29587740847,18742101,386,1622.0,1574.0
4193,2025-06-02,1551.0,1626.0,1533.0,1559.0,176243870466,113080641,2299,1579.0,1540.0
4194,2025-06-03,1533.0,1541.0,1513.0,1518.0,40026136276,26363951,498,1559.0,1513.0
4195,2025-06-07,1473.0,1473.0,1473.0,1498.0,6538561566,4438942,179,1518.0,1473.0
4196,2025-06-08,1454.0,1489.0,1454.0,1459.0,167130322107,114523303,1686,1498.0,1461.0
4197,2025-06-09,1463.0,1490.0,1416.0,1419.0,78689430652,55438195,797,1459.0,1416.0
4198,2025-06-10,1461.0,1461.0,1390.0,1430.0,200591847633,140262227,2064,1419.0,1453.0
4199,2025-06-11,1451.0,1470.0,1401.0,1423.0,107741688652,75702324,1302,1430.0,1434.0
4200,2025-06-28,1381.0,1381.0,1381.0,1397.0,9026142807,6535947,73,1423.0,1381.0
4201,2025-06-29,1356.0,1356.0,1356.0,1365.0,11234982060,8285385,71,1397.0,1356.0
4202,2025-06-30,1325.0,1325.0,1325.0,1325.0,18191511975,13729443,110,1365.0,1325.0
4203,2025-07-01,1286.0,1286.0,1286.0,1286.0,1292680120570,1005194495,5814,1325.0,1286.0
4204,2025-07-02,1248.0,1298.0,1248.0,1256.0,580979841649,462446553,4271,1286.0,1284.0
4205,2025-07-07,1293.0,1293.0,1232.0,1261.0,145730558025,115546406,1954,1256.0,1236.0
4206,2025-07-08,1238.0,1243.0,1224.0,1234.0,11935116976,9722477,197,1261.0,1224.0
4207,2025-07-09,1197.0,1197.0,1197.0,1197.0,19019556738,15889354,223,1234.0,1197.0
4208,2025-07-12,1185.0,1232.0,1185.0,1218.0,121073344422,99403651,1266,1197.0,1215.0
