,date,open,high,low,adjClose,value,volume,count,yesterday,close
0,2001-11-19,10.0,11.0,10.0,11.0,1950716500,713895,67,0.0,11.0
1,2001-11-20,11.0,11.0,11.0,11.0,1615295400,557240,306,11.0,11.0
2,2001-11-21,11.0,11.0,11.0,11.0,334825358,114747,126,11.0,11.0
3,2001-11-24,11.0,11.0,11.0,11.0,790362645,268020,284,11.0,11.0
4,2001-11-25,11.0,11.0,11.0,11.0,53466300,18000,13,11.0,11.0
5,2001-11-26,11.0,11.0,11.0,11.0,77808060,26198,9,11.0,11.0
6,2001-12-04,11.0,11.0,11.0,11.0,3294760,1100,2,11.0,11.0
7,2001-12-08,11.0,12.0,11.0,11.0,5991430,2000,4,11.0,11.0
8,2001-12-09,11.0,11.0,11.0,11.0,29935196,10000,6,11.0,11.0
9,2001-12-10,11.0,11.0,11.0,11.0,58564230,19554,7,11.0,11.0
10,2001-12-11,11.0,11.0,11.0,11.0,27353335,9133,3,11.0,11.0
11,2001-12-12,11.0,11.0,11.0,11.0,357626960,119408,18,11.0,11.0
12,2001-12-15,11.0,11.0,11.0,11.0,14975000,5000,2,11.0,11.0
13,2001-12-17,11.0,11.0,11.0,11.0,2995000,1000,1,11.0,11.0
14,2001-12-18,11.0,11.0,11.0,11.0,10278840,3432,3,11.0,11.0
15,2001-12-23,11.0,11.0,11.0,11.0,8494890,2895,4,11.0,11.0
16,2001-12-24,11.0,11.0,11.0,11.0,1958576,668,1,11.0,11.0
17,2001-12-25,11.0,11.0,11.0,11.0,3225300,1100,2,11.0,11.0
18,2001-12-30,11.0,11.0,11.0,11.0,1464500,500,1,11.0,11.0
19,2001-12-31,11.0,11.0,11.0,11.0,21777528,7434,4,11.0,11.0
20,2002-01-01,11.0,11.0,11.0,11.0,5869000,2000,2,11.0,11.0
21,2002-01-05,11.0,11.0,11.0,11.0,6163000,2100,2,11.0,11.0
22,2002-01-07,11.0,11.0,11.0,11.0,2849510,973,2,11.0,11.0
23,2002-01-26,11.0,11.0,11.0,11.0,2897000,1000,1,11.0,11.0
24,2002-01-27,11.0,11.0,11.0,11.0,42294130,14617,14,11.0,11.0
25,2002-01-28,11.0,11.0,11.0,11.0,46923530,16070,8,11.0,11.0
26,2002-01-30,11.0,11.0,11.0,11.0,14645000,5000,2,11.0,11.0
27,2002-02-06,11.0,11.0,11.0,11.0,75277586,25680,5,11.0,11.0
28,2002-02-10,11.0,11.0,11.0,11.0,4863800,1660,1,11.0,11.0
29,2002-02-16,11.0,11.0,11.0,11.0,9440470,3222,2,11.0,11.0
30,2002-02-18,11.0,11.0,11.0,11.0,11720000,4000,2,11.0,11.0
31,2002-02-19,11.0,11.0,11.0,11.0,3305040,1128,1,11.0,11.0
32,2002-02-20,11.0,11.0,11.0,11.0,256961000,87700,32,11.0,11.0
33,2002-02-24,11.0,11.0,11.0,11.0,85939830,29331,7,11.0,11.0
34,2002-02-26,11.0,11.0,11.0,11.0,40289500,13750,7,11.0,11.0
35,2002-03-04,11.0,11.0,11.0,11.0,14099160,4812,4,11.0,11.0
36,2002-06-08,12.0,12.0,12.0,12.0,9999000,3333,1,11.0,12.0
37,2002-06-09,12.0,12.0,12.0,12.0,4623540,1540,2,12.0,12.0
38,2002-06-16,12.0,12.0,12.0,12.0,1935336,645,2,12.0,12.0
39,2002-06-17,12.0,12.0,12.0,12.0,12510000,4170,2,12.0,12.0
40,2002-06-18,12.0,12.0,12.0,12.0,891000,297,1,12.0,12.0
41,2002-07-28,11.0,11.0,11.0,11.0,2900000,1000,1,12.0,11.0
42,2002-08-31,11.0,11.0,11.0,11.0,67503369,23333,6,11.0,11.0
43,2002-09-02,11.0,11.0,11.0,11.0,52115040,18033,11,11.0,11.0
44,2002-10-16,11.0,11.0,11.0,11.0,19566200,6775,5,11.0,11.0
45,2002-11-03,11.0,11.0,11.0,11.0,27918296,9667,10,11.0,11.0
46,2002-11-05,11.0,11.0,11.0,11.0,57800,20,1,11.0,11.0
47,2002-11-06,11.0,11.0,11.0,11.0,15950000,5500,2,11.0,11.0
48,2002-11-09,12.0,12.0,12.0,12.0,27180000,9000,2,11.0,12.0
49,2002-11-10,12.0,12.0,12.0,12.0,15694000,5000,2,12.0,12.0
50,2002-11-13,12.0,13.0,12.0,13.0,26077000,8020,4,12.0,13.0
51,2002-11-17,13.0,13.0,13.0,13.0,6524000,2000,1,13.0,13.0
52,2002-11-18,13.0,13.0,13.0,13.0,7314400,2230,2,13.0,13.0
53,2002-11-19,13.0,13.0,13.0,13.0,23280000,7000,4,13.0,13.0
54,2002-11-23,13.0,13.0,13.0,13.0,17136500,5000,4,13.0,13.0
55,2002-11-24,13.0,13.0,13.0,13.0,56362656,16356,33,13.0,13.0
56,2002-11-25,13.0,14.0,13.0,14.0,41164799,11749,7,13.0,14.0
57,2002-11-26,14.0,14.0,14.0,14.0,10950000,3000,2,14.0,14.0
58,2002-11-30,14.0,14.0,14.0,14.0,10563100,2894,4,14.0,14.0
59,2002-12-01,14.0,14.0,14.0,14.0,72980,20,1,14.0,14.0
60,2002-12-02,14.0,14.0,14.0,14.0,36010000,10000,3,14.0,14.0
61,2002-12-03,14.0,14.0,14.0,14.0,7106000,2000,1,14.0,14.0
62,2002-12-04,14.0,14.0,14.0,14.0,8892500,2500,1,14.0,14.0
63,2002-12-14,14.0,14.0,14.0,14.0,4397298,1212,5,14.0,14.0
64,2002-12-21,14.0,15.0,14.0,15.0,35855000,9500,2,14.0,15.0
65,2002-12-25,15.0,15.0,15.0,15.0,1905000,500,1,15.0,15.0
66,2003-01-01,15.0,15.0,15.0,15.0,1616288,424,1,15.0,15.0
67,2003-01-07,15.0,15.0,15.0,15.0,9599755,2515,1,15.0,15.0
68,2003-01-12,15.0,15.0,15.0,15.0,29644855,7591,7,15.0,15.0
69,2003-01-13,15.0,15.0,15.0,15.0,7840000,2000,1,15.0,15.0
70,2003-02-05,19.0,19.0,19.0,19.0,18740000,3748,1,15.0,19.0
71,2003-02-09,20.0,20.0,20.0,20.0,5250000,1000,1,19.0,20.0
72,2003-02-10,21.0,21.0,21.0,21.0,5512000,1000,2,20.0,21.0
73,2003-02-15,22.0,22.0,22.0,22.0,14141150,2450,3,21.0,22.0
74,2003-02-16,23.0,23.0,23.0,23.0,18228000,3000,3,22.0,23.0
75,2003-02-17,24.0,24.0,24.0,24.0,81651200,12800,11,23.0,24.0
76,2003-02-18,24.0,24.0,24.0,24.0,47132431,7389,10,24.0,24.0
77,2003-02-19,24.0,24.0,24.0,24.0,56933101,8927,8,24.0,24.0
78,2003-02-22,24.0,24.0,24.0,24.0,23912240,3748,1,24.0,24.0
79,2003-02-24,24.0,24.0,24.0,24.0,1276000,200,2,24.0,24.0
80,2003-02-25,24.0,24.0,24.0,24.0,33176000,5200,5,24.0,24.0
81,2003-02-26,24.0,24.0,24.0,24.0,12760000,2000,3,24.0,24.0
82,2003-03-01,24.0,24.0,24.0,24.0,17123920,2684,3,24.0,24.0
83,2003-03-02,24.0,24.0,24.0,24.0,10239900,1605,1,24.0,24.0
84,2003-03-03,24.0,24.0,24.0,24.0,6380000,1000,1,24.0,24.0
85,2003-03-04,24.0,24.0,24.0,24.0,19140000,3000,4,24.0,24.0
86,2003-03-10,24.0,24.0,24.0,24.0,19140000,3000,2,24.0,24.0
87,2003-03-12,24.0,24.0,24.0,24.0,12760000,2000,1,24.0,24.0
88,2003-03-16,24.0,24.0,24.0,24.0,3190000,500,1,24.0,24.0
89,2003-05-03,24.0,24.0,24.0,24.0,5461280,856,3,24.0,24.0
90,2003-05-12,25.0,29.0,25.0,29.0,9996000,1390,2,24.0,29.0
91,2003-05-20,29.0,29.0,29.0,29.0,11839968,1568,3,29.0,29.0
92,2003-05-31,29.0,29.0,29.0,29.0,38000000,5000,1,29.0,29.0
93,2003-06-01,29.0,29.0,29.0,29.0,3800000,500,1,29.0,29.0
94,2003-06-02,29.0,29.0,29.0,29.0,22950000,3000,1,29.0,29.0
95,2003-06-09,30.0,30.0,30.0,30.0,19500000,2500,1,29.0,30.0
96,2003-06-14,30.0,30.0,30.0,30.0,18140000,2300,2,30.0,30.0
97,2003-06-28,32.0,32.0,32.0,32.0,9119000,1100,1,30.0,32.0
98,2003-10-14,17.0,17.0,17.0,17.0,93192000,21180,7,32.0,17.0
99,2003-10-25,17.0,17.0,16.0,16.0,155149688,36916,21,17.0,16.0
100,2003-10-27,16.0,17.0,16.0,17.0,132464190,30110,7,16.0,17.0
101,2003-11-05,17.0,17.0,17.0,17.0,19839490,4510,2,17.0,17.0
102,2003-11-10,17.0,17.0,17.0,17.0,3967898,902,1,17.0,17.0
103,2003-11-11,17.0,17.0,17.0,17.0,4552965,1035,1,17.0,17.0
104,2003-11-12,17.0,17.0,17.0,17.0,19830480,4510,2,17.0,17.0
105,2003-11-17,17.0,17.0,17.0,17.0,54200709,12327,5,17.0,17.0
106,2003-12-03,17.0,17.0,17.0,17.0,454999846,100000,2,17.0,17.0
107,2003-12-07,17.0,18.0,17.0,17.0,494756730,108643,4,17.0,17.0
108,2003-12-08,18.0,18.0,17.0,17.0,7621220,1657,3,17.0,17.0
109,2003-12-09,18.0,18.0,17.0,17.0,4645070,1010,2,17.0,17.0
110,2003-12-16,17.0,17.0,17.0,17.0,743655,165,1,17.0,17.0
111,2003-12-17,17.0,18.0,17.0,18.0,4131901740,900346,33,17.0,18.0
112,2003-12-23,18.0,18.0,18.0,18.0,12945036,2835,4,18.0,18.0
113,2003-12-27,18.0,18.0,18.0,18.0,4617660,1010,2,18.0,18.0
114,2003-12-29,18.0,18.0,18.0,18.0,2331660,510,2,18.0,18.0
115,2004-01-03,18.0,18.0,18.0,18.0,4168703966,906240,9,18.0,18.0
116,2004-01-04,18.0,18.0,18.0,18.0,1879032,411,2,18.0,18.0
117,2004-01-05,18.0,18.0,18.0,18.0,17818588,3899,3,18.0,18.0
118,2004-01-06,18.0,18.0,18.0,18.0,228300,50,1,18.0,18.0
119,2004-01-07,18.0,18.0,18.0,18.0,1958814,429,2,18.0,18.0
120,2004-01-12,18.0,18.0,18.0,18.0,106604870,23175,4,18.0,18.0
121,2004-01-14,18.0,18.0,18.0,18.0,6896360,1510,5,18.0,18.0
122,2004-01-19,18.0,18.0,18.0,18.0,575751299,125168,4,18.0,18.0
123,2004-01-26,18.0,18.0,18.0,18.0,1697330850,368985,6,18.0,18.0
124,2004-02-15,18.0,18.0,18.0,18.0,2010919290,437164,11,18.0,18.0
125,2004-02-16,18.0,18.0,18.0,18.0,9006640,1958,2,18.0,18.0
126,2004-02-22,17.0,18.0,17.0,18.0,1977182,436,3,18.0,18.0
127,2004-02-29,18.0,18.0,18.0,18.0,1599806,349,2,18.0,18.0
128,2004-03-07,18.0,18.0,18.0,18.0,4583000,1000,2,18.0,18.0
129,2004-03-09,18.0,18.0,18.0,18.0,916600000,200000,3,18.0,18.0
130,2004-03-13,18.0,18.0,18.0,18.0,4632830,1010,2,18.0,18.0
131,2004-03-15,19.0,19.0,19.0,19.0,297049500,60010,12,18.0,19.0
132,2004-03-16,20.0,20.0,19.0,19.0,14931420,2928,2,19.0,19.0
133,2004-03-17,20.0,20.0,19.0,19.0,503295870,101372,3,19.0,19.0
134,2004-04-06,19.0,19.0,19.0,19.0,1029660,210,2,19.0,19.0
135,2004-04-12,19.0,19.0,18.0,19.0,8262250,1717,6,19.0,19.0
136,2004-04-18,19.0,20.0,19.0,20.0,274415162,53503,12,19.0,20.0
137,2004-04-25,20.0,20.0,20.0,20.0,309000000,60000,7,20.0,20.0
138,2004-04-27,20.0,20.0,20.0,20.0,463500000,90000,9,20.0,20.0
139,2004-04-28,20.0,20.0,20.0,20.0,5150000,1000,1,20.0,20.0
140,2004-05-01,20.0,20.0,20.0,20.0,2729500,530,2,20.0,20.0
141,2004-05-03,20.0,20.0,20.0,20.0,10307490,2010,2,20.0,20.0
142,2004-05-04,20.0,20.0,20.0,20.0,20574470,4010,3,20.0,20.0
143,2004-05-10,19.0,20.0,19.0,20.0,24546210,5010,2,20.0,20.0
144,2004-05-15,20.0,20.0,20.0,20.0,5121000,1000,1,20.0,20.0
145,2004-05-18,19.0,20.0,19.0,20.0,79330641,15819,5,20.0,20.0
146,2004-05-24,20.0,20.0,20.0,20.0,49884306,9812,4,20.0,20.0
147,2004-06-01,20.0,20.0,20.0,20.0,203450840,40010,6,20.0,20.0
148,2004-06-05,20.0,20.0,20.0,20.0,5084000,1000,1,20.0,20.0
149,2004-06-06,20.0,20.0,20.0,20.0,869525,171,2,20.0,20.0
150,2004-06-07,20.0,20.0,20.0,20.0,8186840,1610,2,20.0,20.0
151,2004-06-09,20.0,20.0,20.0,20.0,4032395,793,2,20.0,20.0
152,2004-06-13,20.0,20.0,20.0,20.0,99661958,19553,5,20.0,20.0
153,2004-07-04,20.0,20.0,20.0,20.0,270518642,53044,13,20.0,20.0
154,2004-07-19,20.0,20.0,20.0,20.0,1529700,300,1,20.0,20.0
155,2004-07-20,19.0,19.0,19.0,19.0,58190350,12010,3,20.0,19.0
156,2004-08-03,19.0,19.0,19.0,19.0,554050,110,2,19.0,19.0
157,2004-08-08,20.0,20.0,20.0,20.0,78801020,15010,3,19.0,20.0
158,2004-08-14,20.0,20.0,20.0,20.0,10455060,2010,2,20.0,20.0
159,2004-08-18,21.0,21.0,21.0,21.0,262689000,49000,5,20.0,21.0
160,2004-08-22,22.0,22.0,21.0,21.0,140780000,25010,4,21.0,21.0
161,2004-08-23,22.0,22.0,22.0,22.0,173306710,30010,4,21.0,22.0
162,2004-08-25,23.0,23.0,22.0,22.0,176829780,30266,5,22.0,22.0
163,2004-08-31,22.0,22.0,22.0,22.0,110257860,19010,3,22.0,22.0
164,2004-09-07,22.0,22.0,22.0,22.0,13254478,2285,3,22.0,22.0
165,2004-09-11,22.0,22.0,22.0,22.0,29102880,5010,2,22.0,22.0
166,2004-09-12,22.0,22.0,22.0,22.0,174354762,30010,6,22.0,22.0
167,2004-09-14,22.0,22.0,22.0,22.0,116258040,20010,4,22.0,22.0
168,2004-09-26,23.0,23.0,23.0,23.0,670440740,111740,15,22.0,23.0
169,2004-09-27,23.0,23.0,23.0,23.0,73902000,12317,2,23.0,23.0
170,2004-09-28,23.0,23.0,23.0,23.0,17472000,2912,1,23.0,23.0
171,2004-10-13,23.0,23.0,23.0,23.0,270150010,45010,7,23.0,23.0
172,2004-10-19,23.0,23.0,23.0,23.0,270150010,45010,8,23.0,23.0
173,2004-10-20,23.0,23.0,23.0,23.0,6025004,1004,1,23.0,23.0
174,2004-10-26,23.0,23.0,23.0,23.0,1440930,240,2,23.0,23.0
175,2004-11-01,26.0,26.0,26.0,26.0,34500000,5000,1,23.0,26.0
176,2004-11-10,27.0,27.0,27.0,27.0,71569520,10010,2,26.0,27.0
177,2004-11-13,27.0,27.0,27.0,27.0,4967952,714,2,27.0,27.0
178,2004-12-14,28.0,28.0,27.0,27.0,22375484,3066,3,27.0,27.0
179,2004-12-15,28.0,28.0,27.0,27.0,5224478,714,2,27.0,27.0
180,2004-12-18,28.0,28.0,27.0,27.0,33569164,4582,2,27.0,27.0
181,2004-12-19,28.0,28.0,27.0,27.0,1954802,266,2,27.0,27.0
182,2004-12-21,28.0,28.0,27.0,27.0,21555574,2928,3,27.0,27.0
183,2004-12-27,28.0,28.0,27.0,27.0,7640035,1035,3,27.0,27.0
184,2004-12-28,28.0,28.0,27.0,27.0,88787290,12010,4,27.0,27.0
185,2004-12-29,29.0,29.0,27.0,27.0,6680605,893,2,27.0,27.0
186,2005-01-02,29.0,29.0,27.0,27.0,7562420,1010,2,27.0,27.0
187,2005-01-03,29.0,29.0,28.0,28.0,28492910,3800,2,27.0,28.0
188,2005-01-05,29.0,29.0,28.0,28.0,5341350,710,2,28.0,28.0
189,2005-01-08,29.0,29.0,28.0,28.0,6437195,855,2,28.0,28.0
190,2005-01-09,29.0,29.0,28.0,28.0,8780590,1165,2,28.0,28.0
191,2005-01-10,28.0,29.0,28.0,28.0,9503480,1260,3,28.0,28.0
192,2005-01-11,29.0,29.0,28.0,28.0,5815350,770,2,28.0,28.0
193,2005-01-12,29.0,29.0,28.0,28.0,11870420,1570,2,28.0,28.0
194,2005-01-15,29.0,29.0,28.0,28.0,9471564,1251,2,28.0,28.0
195,2005-01-16,29.0,29.0,28.0,28.0,10376570,1370,6,28.0,28.0
196,2005-01-17,29.0,29.0,28.0,28.0,9541150,1260,2,28.0,28.0
197,2005-01-18,29.0,29.0,28.0,28.0,9162480,1210,2,28.0,28.0
198,2005-01-19,29.0,29.0,28.0,28.0,12950090,1710,2,28.0,28.0
199,2005-01-22,29.0,29.0,28.0,28.0,9924070,1310,2,28.0,28.0
200,2005-01-23,29.0,29.0,28.0,28.0,60331583,7913,5,28.0,28.0
201,2005-01-24,30.0,30.0,29.0,29.0,116016215,15085,11,28.0,29.0
202,2005-01-25,30.0,30.0,29.0,29.0,109215420,14010,5,29.0,29.0
203,2005-01-26,30.0,30.0,29.0,29.0,9841740,1260,2,29.0,29.0
204,2005-01-30,30.0,30.0,29.0,29.0,58355938,7363,4,29.0,29.0
205,2005-01-31,31.0,31.0,30.0,30.0,87922930,11010,3,29.0,30.0
206,2005-02-01,31.0,31.0,30.0,30.0,30204430,3740,3,30.0,30.0
207,2005-02-02,31.0,31.0,30.0,30.0,67224172,8315,11,30.0,30.0
208,2005-02-15,19.0,20.0,19.0,19.0,252300450,50010,8,30.0,19.0
209,2005-02-16,20.0,20.0,19.0,19.0,3095447,590,3,19.0,19.0
210,2005-02-26,20.0,20.0,19.0,19.0,105044240,20640,10,19.0,19.0
211,2005-03-01,19.0,19.0,19.0,19.0,25060060,5114,6,19.0,19.0
212,2005-03-06,19.0,19.0,19.0,19.0,120559282,23911,4,19.0,19.0
213,2005-03-07,19.0,19.0,19.0,19.0,9973086,1978,4,19.0,19.0
214,2005-03-12,20.0,20.0,19.0,19.0,2035530,400,2,19.0,19.0
215,2005-03-15,19.0,19.0,19.0,19.0,5238389,1043,4,19.0,19.0
216,2005-03-16,19.0,19.0,19.0,19.0,29545000,5875,3,19.0,19.0
217,2005-03-27,19.0,19.0,19.0,19.0,17935290,3560,2,19.0,19.0
218,2005-03-28,19.0,19.0,19.0,19.0,2192390,435,2,19.0,19.0
219,2005-03-29,19.0,19.0,19.0,19.0,781190,155,2,19.0,19.0
220,2005-04-06,19.0,19.0,19.0,19.0,10910690,2165,4,19.0,19.0
221,2005-04-11,19.0,20.0,19.0,19.0,76441740,15020,7,19.0,19.0
222,2005-04-13,20.0,20.0,19.0,19.0,76775600,15010,3,19.0,19.0
223,2005-04-18,20.0,20.0,19.0,19.0,62330790,12010,3,19.0,19.0
224,2005-04-19,20.0,20.0,19.0,19.0,102790,20,2,19.0,19.0
225,2005-04-20,19.0,19.0,19.0,19.0,3032163,597,1,19.0,19.0
226,2005-04-23,19.0,19.0,19.0,19.0,263425086,51964,8,19.0,19.0
227,2005-04-25,19.0,19.0,19.0,19.0,2585710,510,2,19.0,19.0
228,2005-05-03,19.0,19.0,19.0,19.0,115295840,22832,9,19.0,19.0
229,2005-05-04,20.0,20.0,19.0,19.0,41036890,8022,3,19.0,19.0
230,2005-05-17,19.0,19.0,19.0,19.0,116926623,23067,5,19.0,19.0
231,2005-05-18,19.0,19.0,19.0,19.0,50680,10,1,19.0,19.0
232,2005-05-21,19.0,20.0,19.0,19.0,31992593,6311,5,19.0,19.0
233,2005-05-22,20.0,20.0,19.0,19.0,3683690,710,2,19.0,19.0
234,2005-05-29,19.0,19.0,19.0,19.0,60306044,11896,5,19.0,19.0
235,2005-05-30,19.0,19.0,19.0,19.0,7466637,1473,1,19.0,19.0
236,2005-06-13,19.0,19.0,19.0,19.0,58445506,11623,10,19.0,19.0
237,2005-06-14,20.0,20.0,19.0,19.0,5612150,1080,5,19.0,19.0
238,2005-06-18,19.0,19.0,19.0,19.0,20261064,4001,2,19.0,19.0
239,2005-06-20,19.0,19.0,19.0,19.0,23312034,4626,4,19.0,19.0
240,2005-06-21,19.0,19.0,19.0,19.0,101240000,20000,2,19.0,19.0
241,2005-06-22,20.0,20.0,19.0,19.0,1529620,300,2,19.0,19.0
242,2005-06-25,18.0,20.0,18.0,19.0,29876850,5769,4,19.0,19.0
243,2005-06-26,19.0,19.0,19.0,19.0,5071564,1010,3,19.0,19.0
244,2005-07-05,19.0,20.0,19.0,20.0,1016522564,192417,9,19.0,20.0
245,2005-07-23,18.0,18.0,18.0,18.0,4800000,1000,1,20.0,18.0
246,2005-07-24,18.0,18.0,18.0,18.0,13555339,2971,4,18.0,18.0
247,2005-08-01,18.0,18.0,18.0,18.0,12918640,2808,2,18.0,18.0
248,2005-08-02,18.0,18.0,18.0,18.0,1052480,220,1,18.0,18.0
249,2005-08-27,12.0,12.0,12.0,12.0,15150000,5000,1,18.0,12.0
250,2005-08-28,12.0,12.0,12.0,12.0,21170290,7010,5,12.0,12.0
251,2005-08-29,12.0,12.0,12.0,12.0,1341847,443,1,12.0,12.0
252,2005-08-30,12.0,12.0,12.0,12.0,3331900,1100,1,12.0,12.0
253,2005-09-12,14.0,14.0,14.0,14.0,3640000,1000,1,12.0,14.0
254,2005-09-14,14.0,14.0,14.0,14.0,21157704,5813,4,14.0,14.0
255,2005-09-17,13.0,14.0,13.0,14.0,47197065,13085,4,14.0,14.0
256,2005-09-18,14.0,15.0,14.0,14.0,14834760,4010,3,14.0,14.0
257,2005-09-21,15.0,15.0,14.0,14.0,3471680,910,2,14.0,14.0
258,2005-09-24,15.0,15.0,14.0,14.0,141066319,36941,9,14.0,14.0
259,2005-09-25,14.0,14.0,14.0,14.0,99543451,28159,5,14.0,14.0
260,2005-09-26,13.0,14.0,13.0,14.0,191050290,55010,8,14.0,14.0
261,2005-09-27,13.0,13.0,13.0,13.0,33565070,10010,2,14.0,13.0
262,2005-09-28,13.0,13.0,13.0,13.0,5827579,1743,3,13.0,13.0
263,2005-10-01,13.0,13.0,13.0,13.0,176157580,52900,15,13.0,13.0
264,2005-10-02,13.0,13.0,13.0,13.0,16783850,5010,2,13.0,13.0
265,2005-10-03,12.0,13.0,12.0,13.0,128673000,40010,6,13.0,13.0
266,2005-10-04,12.0,13.0,12.0,13.0,3796170,1210,2,13.0,13.0
267,2005-10-05,12.0,13.0,12.0,13.0,11333621,3617,3,13.0,13.0
268,2005-10-08,12.0,13.0,12.0,13.0,5501600,1760,2,13.0,13.0
269,2005-10-09,13.0,13.0,13.0,13.0,2187810,666,1,13.0,13.0
270,2005-10-10,13.0,13.0,13.0,13.0,3942000,1200,1,13.0,13.0
271,2005-10-11,13.0,13.0,13.0,13.0,4309850,1310,2,13.0,13.0
272,2005-10-12,13.0,13.0,13.0,13.0,4652850,1410,2,13.0,13.0
273,2005-10-15,13.0,13.0,12.0,13.0,7684670,2322,4,13.0,13.0
274,2005-10-16,12.0,13.0,12.0,13.0,27677850,8410,6,13.0,13.0
275,2005-10-17,13.0,13.0,13.0,13.0,3750860,1110,3,13.0,13.0
276,2005-10-18,13.0,13.0,13.0,13.0,7130880,2110,3,13.0,13.0
277,2005-10-19,13.0,13.0,13.0,13.0,11414082,3330,5,13.0,13.0
278,2005-10-22,13.0,13.0,13.0,13.0,55728090,16510,4,13.0,13.0
279,2005-10-24,13.0,13.0,13.0,13.0,2793100,810,2,13.0,13.0
280,2005-10-26,13.0,13.0,13.0,13.0,9972600,2891,2,13.0,13.0
281,2005-10-29,13.0,13.0,13.0,13.0,3513170,1010,2,13.0,13.0
282,2005-10-30,13.0,13.0,13.0,13.0,3317000,1000,1,13.0,13.0
283,2005-11-01,12.0,13.0,12.0,13.0,1623160,510,2,13.0,13.0
284,2005-11-02,12.0,12.0,12.0,12.0,225175950,70810,19,13.0,12.0
285,2005-11-05,13.0,13.0,12.0,12.0,6631970,2010,2,12.0,12.0
286,2005-11-06,13.0,13.0,12.0,12.0,5026990,1510,2,12.0,12.0
287,2005-11-07,12.0,12.0,12.0,12.0,5901490,1830,2,12.0,12.0
288,2005-11-09,12.0,12.0,12.0,12.0,20219510,6260,3,12.0,12.0
289,2005-11-12,13.0,13.0,12.0,12.0,69558660,21460,6,12.0,12.0
290,2005-11-13,12.0,12.0,12.0,12.0,48198110,15010,9,12.0,12.0
291,2005-11-14,13.0,13.0,12.0,12.0,3673120,1110,2,12.0,12.0
292,2005-11-16,13.0,13.0,12.0,12.0,1953030,580,2,12.0,12.0
293,2005-11-19,13.0,13.0,12.0,12.0,11652170,3510,2,12.0,12.0
294,2005-11-20,13.0,13.0,12.0,12.0,4022180,1210,2,12.0,12.0
295,2005-11-23,13.0,13.0,13.0,13.0,111506840,33010,5,12.0,13.0
296,2005-11-26,13.0,13.0,13.0,13.0,171140850,49635,13,13.0,13.0
297,2005-11-27,14.0,14.0,13.0,13.0,195505010,55010,13,13.0,13.0
298,2005-11-29,14.0,14.0,13.0,14.0,153943296,42021,14,13.0,14.0
299,2005-11-30,14.0,14.0,13.0,14.0,127654965,33917,9,14.0,14.0
300,2005-12-04,15.0,15.0,15.0,15.0,203962020,53060,14,14.0,15.0
301,2005-12-05,15.0,15.0,15.0,15.0,1664080,440,1,15.0,15.0
302,2005-12-06,15.0,15.0,15.0,15.0,206767870,53706,13,15.0,15.0
303,2005-12-10,14.0,15.0,14.0,15.0,25625110,7010,6,15.0,15.0
304,2005-12-11,15.0,15.0,15.0,15.0,3908110,1010,2,15.0,15.0
305,2005-12-14,14.0,15.0,14.0,15.0,10813350,2977,4,15.0,15.0
306,2005-12-17,14.0,15.0,14.0,15.0,4031010,1110,3,15.0,15.0
307,2005-12-18,14.0,15.0,14.0,15.0,4381980,1210,2,15.0,15.0
308,2005-12-19,15.0,15.0,15.0,15.0,16164530,4145,2,15.0,15.0
309,2005-12-20,15.0,15.0,15.0,15.0,101921260,26751,6,15.0,15.0
310,2005-12-21,15.0,15.0,15.0,15.0,15398060,4010,2,15.0,15.0
311,2005-12-24,14.0,14.0,14.0,14.0,2303425510,622856,8,15.0,14.0
312,2005-12-26,14.0,14.0,14.0,14.0,2632700,700,2,14.0,14.0
313,2005-12-27,14.0,14.0,14.0,14.0,3384900,900,2,14.0,14.0
314,2005-12-28,14.0,14.0,14.0,14.0,3234460,860,3,14.0,14.0
315,2005-12-31,14.0,14.0,14.0,14.0,3572950,950,2,14.0,14.0
316,2006-01-01,14.0,14.0,14.0,14.0,4701250,1250,2,14.0,14.0
317,2006-01-02,14.0,14.0,14.0,14.0,1918110,510,1,14.0,14.0
318,2006-01-04,15.0,15.0,14.0,14.0,3887620,1010,2,14.0,14.0
319,2006-01-09,14.0,14.0,14.0,14.0,6790090,1860,2,14.0,14.0
320,2006-01-10,14.0,14.0,14.0,14.0,6796090,1877,2,14.0,14.0
321,2006-01-14,14.0,14.0,14.0,14.0,4035920,1130,2,14.0,14.0
322,2006-04-17,13.0,13.0,13.0,13.0,3400000,1000,1,14.0,13.0
323,2006-04-22,13.0,13.0,13.0,13.0,4304400,1266,1,13.0,13.0
324,2006-04-30,13.0,13.0,13.0,13.0,1700000,500,1,13.0,13.0
325,2006-05-06,13.0,13.0,13.0,13.0,339900,100,1,13.0,13.0
326,2006-05-07,13.0,13.0,13.0,13.0,1718980,510,2,13.0,13.0
327,2006-07-17,11.0,11.0,11.0,11.0,2900000,1000,1,13.0,11.0
328,2006-07-22,11.0,11.0,11.0,11.0,2029300,700,1,11.0,11.0
329,2006-07-23,11.0,11.0,11.0,11.0,12465700,4300,2,11.0,11.0
330,2006-07-25,11.0,11.0,11.0,11.0,50029382,17362,6,11.0,11.0
331,2006-07-30,11.0,11.0,11.0,11.0,85193730,30010,6,11.0,11.0
332,2006-08-01,11.0,11.0,11.0,11.0,28193650,10010,3,11.0,11.0
333,2006-08-05,11.0,11.0,11.0,11.0,224640000,80000,8,11.0,11.0
334,2006-08-07,11.0,11.0,11.0,11.0,27548010,10010,2,11.0,11.0
335,2006-08-09,11.0,11.0,11.0,11.0,27477940,10010,2,11.0,11.0
336,2006-08-14,11.0,11.0,11.0,11.0,27417870,10010,2,11.0,11.0
337,2006-08-15,11.0,11.0,11.0,11.0,5531860,2010,3,11.0,11.0
338,2006-08-20,11.0,11.0,11.0,11.0,2963530,1066,2,11.0,11.0
339,2006-08-21,10.0,11.0,10.0,11.0,27327780,10010,2,11.0,11.0
340,2006-08-26,10.0,11.0,10.0,11.0,27257710,10010,2,11.0,11.0
341,2006-08-28,11.0,11.0,11.0,11.0,13309113,4803,2,11.0,11.0
342,2006-08-29,10.0,11.0,10.0,11.0,86939490,32010,6,11.0,11.0
343,2006-08-30,10.0,11.0,10.0,11.0,28944760,10740,3,11.0,11.0
344,2006-09-03,10.0,10.0,10.0,10.0,50591500,18800,7,11.0,10.0
345,2006-09-04,10.0,10.0,10.0,10.0,3337567,1223,1,10.0,10.0
346,2006-09-06,10.0,10.0,10.0,10.0,26827220,10010,3,10.0,10.0
347,2006-09-24,10.0,10.0,10.0,10.0,88962102,33344,5,10.0,10.0
348,2006-09-26,10.0,10.0,10.0,10.0,52946850,20010,3,10.0,10.0
349,2006-09-27,10.0,10.0,10.0,10.0,78986650,30010,4,10.0,10.0
350,2006-10-10,10.0,10.0,10.0,10.0,555023560,208264,5,10.0,10.0
351,2006-10-23,10.0,10.0,10.0,10.0,36604028,13497,7,10.0,10.0
352,2006-10-29,10.0,10.0,10.0,10.0,2996730,1110,2,10.0,10.0
353,2006-10-30,10.0,10.0,10.0,10.0,9214515,3410,5,10.0,10.0
354,2006-10-31,10.0,10.0,10.0,10.0,6086310,2246,2,10.0,10.0
355,2006-11-01,10.0,10.0,10.0,10.0,27304060,10020,4,10.0,10.0
356,2006-11-06,10.0,10.0,10.0,10.0,13651840,5010,2,10.0,10.0
357,2006-11-08,10.0,10.0,10.0,10.0,81776990,30010,6,10.0,10.0
358,2006-11-14,10.0,11.0,10.0,10.0,88094560,32075,11,10.0,10.0
359,2006-11-15,11.0,11.0,10.0,10.0,5391010,1945,2,10.0,10.0
360,2006-11-18,11.0,11.0,10.0,10.0,4186700,1510,2,10.0,10.0
361,2006-11-19,11.0,11.0,10.0,10.0,1594510,575,2,10.0,10.0
362,2006-11-20,11.0,11.0,10.0,10.0,5575210,2010,2,10.0,10.0
363,2006-12-03,11.0,11.0,10.0,10.0,720960,260,2,10.0,10.0
364,2006-12-04,11.0,11.0,10.0,10.0,720960,260,2,10.0,10.0
365,2006-12-09,11.0,11.0,10.0,10.0,1414710,510,2,10.0,10.0
366,2006-12-10,11.0,11.0,10.0,10.0,1414710,510,2,10.0,10.0
367,2006-12-11,11.0,11.0,11.0,11.0,222000000,80000,16,10.0,11.0
368,2006-12-12,11.0,11.0,11.0,11.0,229592290,81140,11,11.0,11.0
369,2006-12-13,11.0,11.0,11.0,11.0,230800000,80000,16,11.0,11.0
370,2006-12-16,11.0,11.0,11.0,11.0,276556826,94003,17,11.0,11.0
371,2006-12-17,12.0,12.0,11.0,11.0,168929830,56310,17,11.0,11.0
372,2006-12-18,12.0,12.0,12.0,12.0,172496440,56705,12,11.0,12.0
373,2006-12-19,12.0,12.0,12.0,12.0,67864970,22190,12,12.0,12.0
374,2006-12-20,12.0,12.0,12.0,12.0,177976110,57525,9,12.0,12.0
375,2006-12-23,12.0,12.0,12.0,12.0,2508940,812,2,12.0,12.0
376,2006-12-24,12.0,12.0,12.0,12.0,11078100,3644,5,12.0,12.0
377,2006-12-26,12.0,12.0,12.0,12.0,1258740,410,2,12.0,12.0
378,2006-12-27,12.0,12.0,12.0,12.0,111905953,36621,12,12.0,12.0
379,2007-01-02,12.0,12.0,12.0,12.0,123380360,41010,9,12.0,12.0
380,2007-01-03,12.0,12.0,12.0,12.0,14219920,4632,4,12.0,12.0
381,2007-01-10,12.0,12.0,12.0,12.0,42868160,13840,6,12.0,12.0
382,2007-01-14,12.0,12.0,12.0,12.0,496680,160,3,12.0,12.0
383,2007-02-21,14.0,14.0,14.0,14.0,18750000,5000,2,12.0,14.0
384,2007-02-24,14.0,15.0,14.0,14.0,35185082,9211,5,14.0,14.0
385,2007-02-25,14.0,15.0,14.0,14.0,22788410,6050,3,14.0,14.0
386,2007-02-26,15.0,15.0,14.0,14.0,1187790,310,2,14.0,14.0
387,2007-02-27,15.0,15.0,14.0,14.0,3729742,973,3,14.0,14.0
388,2007-02-28,15.0,15.0,14.0,14.0,1598038,417,2,14.0,14.0
389,2007-03-03,15.0,15.0,14.0,14.0,7322220,1910,3,14.0,14.0
390,2007-03-04,15.0,15.0,14.0,14.0,1196394,312,2,14.0,14.0
391,2007-03-05,15.0,15.0,14.0,14.0,1572420,410,2,14.0,14.0
392,2007-03-06,15.0,15.0,15.0,15.0,386002200,100600,13,14.0,15.0
393,2007-03-07,15.0,15.0,15.0,15.0,1918500,500,1,15.0,15.0
394,2007-04-04,15.0,15.0,15.0,15.0,176906400,45210,14,15.0,15.0
395,2007-04-10,15.0,15.0,15.0,15.0,4313860,1110,3,15.0,15.0
396,2007-04-11,15.0,15.0,15.0,15.0,3972870,1010,3,15.0,15.0
397,2007-04-14,15.0,15.0,15.0,15.0,9419280,2410,3,15.0,15.0
398,2007-04-15,15.0,15.0,15.0,15.0,1228380,310,2,15.0,15.0
399,2007-04-16,15.0,15.0,15.0,15.0,21096288,5426,2,15.0,15.0
400,2007-04-21,15.0,15.0,15.0,15.0,3990870,1010,3,15.0,15.0
401,2007-04-22,15.0,15.0,15.0,15.0,5816540,1469,2,15.0,15.0
402,2007-04-23,15.0,15.0,15.0,15.0,3212510,810,2,15.0,15.0
403,2007-04-24,15.0,15.0,15.0,15.0,31782990,8010,4,15.0,15.0
404,2007-04-28,15.0,15.0,15.0,15.0,41349730,10400,6,15.0,15.0
405,2007-04-29,15.0,15.0,15.0,15.0,20771540,5210,4,15.0,15.0
406,2007-04-30,15.0,15.0,15.0,15.0,21595990,5410,4,15.0,15.0
407,2007-05-02,15.0,15.0,15.0,15.0,41608090,10410,4,15.0,15.0
408,2007-05-05,15.0,15.0,15.0,15.0,21677140,5410,2,15.0,15.0
409,2007-05-06,15.0,15.0,15.0,15.0,22105390,5510,3,15.0,15.0
410,2007-05-07,15.0,15.0,15.0,15.0,33782270,8410,4,15.0,15.0
411,2007-05-08,15.0,15.0,15.0,15.0,6354670,1610,2,15.0,15.0
412,2007-05-12,15.0,15.0,15.0,15.0,40289570,10010,2,15.0,15.0
413,2007-05-14,15.0,15.0,15.0,15.0,1653970,410,2,15.0,15.0
414,2007-05-16,15.0,15.0,15.0,15.0,30522582,7610,6,15.0,15.0
415,2007-05-19,16.0,16.0,15.0,15.0,21456970,5310,3,15.0,15.0
416,2007-05-21,15.0,16.0,15.0,15.0,21600690,5351,3,15.0,15.0
417,2007-05-22,16.0,16.0,15.0,15.0,21510070,5310,3,15.0,15.0
418,2007-05-26,16.0,16.0,15.0,15.0,4663620,1150,2,15.0,15.0
419,2007-08-19,10.0,10.0,10.0,10.0,26800000,10000,1,15.0,10.0
420,2007-08-20,10.0,10.0,10.0,10.0,2653800,1010,2,10.0,10.0
421,2007-08-21,10.0,10.0,10.0,10.0,131376630,50010,8,10.0,10.0
422,2007-08-22,10.0,10.0,10.0,10.0,12074370,4626,2,10.0,10.0
423,2007-08-26,10.0,10.0,10.0,10.0,190006840,70010,9,10.0,10.0
424,2007-09-03,10.0,10.0,10.0,10.0,39493028,14716,4,10.0,10.0
425,2007-09-09,10.0,10.0,10.0,10.0,111910950,41010,7,10.0,10.0
426,2007-09-10,11.0,11.0,10.0,10.0,82467050,30010,4,10.0,10.0
427,2007-09-12,11.0,11.0,10.0,10.0,124182200,45010,10,10.0,10.0
428,2007-09-15,11.0,11.0,10.0,10.0,13897220,5010,2,10.0,10.0
429,2007-09-16,11.0,11.0,10.0,10.0,67431268,24293,9,10.0,10.0
430,2007-09-17,11.0,11.0,10.0,10.0,31483072,11343,5,10.0,10.0
431,2007-09-18,11.0,11.0,10.0,10.0,16052600,5760,5,10.0,10.0
432,2007-09-19,11.0,11.0,11.0,11.0,41862400,15010,5,10.0,11.0
433,2007-09-23,11.0,11.0,11.0,11.0,13997420,5010,2,11.0,11.0
434,2007-09-25,11.0,11.0,11.0,11.0,11211430,4010,2,11.0,11.0
435,2007-09-26,11.0,11.0,11.0,11.0,41982480,15010,3,11.0,11.0
436,2007-09-29,11.0,11.0,11.0,11.0,8433490,3010,2,11.0,11.0
437,2007-09-30,11.0,11.0,11.0,11.0,249487058,89010,26,11.0,11.0
438,2007-10-02,11.0,11.0,11.0,11.0,14192800,5010,2,11.0,11.0
439,2008-01-05,19.0,19.0,16.0,17.0,352961564,78057,14,11.0,17.0
440,2008-01-06,18.0,18.0,17.0,17.0,4656220,1010,2,17.0,17.0
441,2008-01-08,17.0,17.0,17.0,17.0,12215472,2756,3,17.0,17.0
442,2008-01-12,17.0,17.0,17.0,17.0,379651420,85700,13,17.0,17.0
443,2008-01-13,17.0,17.0,17.0,17.0,107347420,24490,9,17.0,17.0
444,2008-01-14,17.0,17.0,17.0,17.0,1819836168,408214,5,17.0,17.0
445,2008-01-15,17.0,17.0,17.0,17.0,1476885,325,3,17.0,17.0
446,2008-01-20,17.0,17.0,17.0,17.0,13374000,3000,1,17.0,17.0
447,2008-01-22,17.0,17.0,17.0,17.0,37348988,8491,3,17.0,17.0
448,2008-01-23,17.0,17.0,17.0,17.0,57244510,13010,4,17.0,17.0
449,2008-01-27,17.0,17.0,17.0,17.0,43664450,10010,3,17.0,17.0
450,2008-01-28,17.0,17.0,17.0,17.0,8855680,2030,3,17.0,17.0
451,2008-01-29,17.0,17.0,17.0,17.0,21824410,5010,2,17.0,17.0
452,2008-01-30,17.0,17.0,17.0,17.0,230753120,53010,13,17.0,17.0
453,2008-02-02,17.0,17.0,17.0,17.0,40566556,9034,11,17.0,17.0
454,2008-02-04,17.0,17.0,17.0,17.0,43113710,9581,2,17.0,17.0
455,2008-02-05,17.0,17.0,17.0,17.0,298864370,67010,8,17.0,17.0
456,2008-02-09,17.0,17.0,17.0,17.0,229521570,51010,8,17.0,17.0
457,2008-02-10,17.0,17.0,17.0,17.0,25715906,5706,4,17.0,17.0
458,2008-02-12,17.0,17.0,17.0,17.0,15203587,3399,5,17.0,17.0
459,2008-02-17,17.0,17.0,17.0,17.0,7327770,1643,2,17.0,17.0
460,2008-02-20,17.0,17.0,17.0,17.0,18718086,4196,6,17.0,17.0
461,2008-02-23,17.0,17.0,17.0,17.0,42202845,9655,3,17.0,17.0
462,2008-02-24,17.0,17.0,17.0,17.0,423022090,96890,16,17.0,17.0
463,2008-02-26,17.0,17.0,17.0,17.0,10857210,2490,4,17.0,17.0
464,2008-02-27,17.0,17.0,17.0,17.0,5184400,1189,2,17.0,17.0
465,2008-03-01,17.0,17.0,17.0,17.0,454092510,101360,19,17.0,17.0
466,2008-03-02,17.0,17.0,17.0,17.0,669194510,150010,2,17.0,17.0
467,2008-03-03,17.0,17.0,17.0,17.0,2899550,650,2,17.0,17.0
468,2008-03-04,17.0,17.0,17.0,17.0,31093070,6970,6,17.0,17.0
469,2008-03-09,17.0,17.0,17.0,17.0,40237040,9040,3,17.0,17.0
470,2008-03-12,17.0,17.0,17.0,17.0,478461220,105388,24,17.0,17.0
471,2008-03-16,18.0,18.0,17.0,17.0,18445120,4010,2,17.0,17.0
472,2008-03-17,18.0,18.0,17.0,17.0,9990330,2172,2,17.0,17.0
473,2008-04-13,17.0,17.0,17.0,17.0,31681260,7020,1,17.0,17.0
474,2008-04-21,17.0,18.0,17.0,17.0,122940801,26777,7,17.0,17.0
475,2008-04-26,17.0,17.0,17.0,17.0,11315000,2500,2,17.0,17.0
476,2008-04-29,17.0,17.0,17.0,17.0,157947400,34900,6,17.0,17.0
477,2008-05-11,18.0,18.0,17.0,17.0,4751383010,1049772,5,17.0,17.0
478,2008-05-13,17.0,17.0,17.0,17.0,308790,70,2,17.0,17.0
479,2008-05-21,18.0,18.0,17.0,17.0,58320380,12510,3,17.0,17.0
480,2008-06-08,17.0,17.0,17.0,17.0,3385348,746,3,17.0,17.0
481,2008-06-16,18.0,18.0,17.0,17.0,14067410,3010,2,17.0,17.0
482,2008-06-18,18.0,18.0,17.0,17.0,14076440,3010,2,17.0,17.0
483,2008-06-22,18.0,18.0,17.0,17.0,14085470,3010,3,17.0,17.0
484,2008-06-25,18.0,18.0,18.0,18.0,239343900,51110,8,17.0,18.0
485,2008-06-29,18.0,18.0,18.0,18.0,14226930,3010,2,18.0,18.0
486,2008-07-01,18.0,18.0,18.0,18.0,141946190,30010,8,18.0,18.0
487,2008-07-02,18.0,18.0,18.0,18.0,14317220,3010,2,18.0,18.0
488,2008-07-05,18.0,18.0,18.0,18.0,14326250,3010,3,18.0,18.0
489,2008-07-06,18.0,18.0,18.0,18.0,9572270,2010,3,18.0,18.0
490,2008-07-09,18.0,18.0,18.0,18.0,10052790,2110,4,18.0,18.0
491,2008-07-12,18.0,18.0,18.0,18.0,47716380,10010,2,18.0,18.0
492,2008-08-24,18.0,18.0,16.0,17.0,236725510,52010,18,18.0,17.0
493,2008-08-25,18.0,18.0,17.0,17.0,13875520,3010,2,17.0,17.0
494,2008-08-26,18.0,18.0,17.0,17.0,4695530,1010,2,17.0,17.0
495,2008-08-27,17.0,18.0,17.0,17.0,27416712,6176,3,17.0,17.0
496,2008-09-03,17.0,17.0,17.0,17.0,4544490,1010,2,17.0,17.0
497,2008-09-06,17.0,18.0,17.0,17.0,95741300,20877,8,17.0,17.0
498,2008-09-07,17.0,17.0,17.0,17.0,56099760,12610,4,17.0,17.0
499,2008-09-08,17.0,17.0,17.0,17.0,15753950,3510,4,17.0,17.0
500,2008-09-09,18.0,18.0,17.0,17.0,977450,210,2,17.0,17.0
501,2008-09-10,17.0,17.0,17.0,17.0,16799620,3810,5,17.0,17.0
502,2008-09-17,17.0,17.0,17.0,17.0,20665460,4690,5,17.0,17.0
503,2008-09-20,17.0,17.0,17.0,17.0,34043470,7730,5,17.0,17.0
504,2008-09-21,17.0,18.0,17.0,17.0,106335440,23010,7,17.0,17.0
505,2008-09-23,18.0,18.0,17.0,17.0,2385440,510,2,17.0,17.0
506,2008-09-28,17.0,17.0,17.0,17.0,7393088,1627,1,17.0,17.0
507,2008-09-30,17.0,17.0,17.0,17.0,5912288,1302,2,17.0,17.0
508,2008-10-06,17.0,17.0,17.0,17.0,953440,210,2,17.0,17.0
509,2008-10-11,17.0,17.0,17.0,17.0,953440,210,2,17.0,17.0
510,2008-10-12,17.0,17.0,17.0,17.0,1367840,310,2,17.0,17.0
511,2008-10-13,17.0,17.0,17.0,17.0,1367840,310,2,17.0,17.0
512,2008-10-20,17.0,17.0,17.0,17.0,927040,210,2,17.0,17.0
513,2008-10-21,17.0,17.0,17.0,17.0,927040,210,2,17.0,17.0
514,2008-10-22,17.0,17.0,17.0,17.0,927040,210,2,17.0,17.0
515,2008-10-26,17.0,17.0,17.0,17.0,927040,210,2,17.0,17.0
516,2008-10-27,17.0,17.0,17.0,17.0,706640,160,2,17.0,17.0
517,2008-10-28,17.0,17.0,17.0,17.0,706640,160,2,17.0,17.0
518,2008-10-29,17.0,17.0,17.0,17.0,927040,210,2,17.0,17.0
519,2008-11-01,17.0,17.0,17.0,17.0,706640,160,2,17.0,17.0
520,2008-11-02,17.0,17.0,17.0,17.0,927040,210,2,17.0,17.0
521,2008-11-03,17.0,17.0,17.0,17.0,706640,160,2,17.0,17.0
522,2008-11-04,17.0,17.0,17.0,17.0,927040,210,2,17.0,17.0
523,2008-11-05,17.0,17.0,17.0,17.0,927040,210,2,17.0,17.0
524,2008-11-08,17.0,17.0,17.0,17.0,706640,160,2,17.0,17.0
525,2008-11-10,17.0,17.0,17.0,17.0,88205270,20010,6,17.0,17.0
526,2008-11-12,17.0,17.0,17.0,17.0,923670,210,2,17.0,17.0
527,2008-11-15,17.0,17.0,17.0,17.0,923670,210,2,17.0,17.0
528,2008-11-17,17.0,17.0,17.0,17.0,704070,160,2,17.0,17.0
529,2008-11-18,17.0,17.0,17.0,17.0,923670,210,2,17.0,17.0
530,2008-11-22,17.0,17.0,17.0,17.0,923670,210,2,17.0,17.0
531,2008-11-25,17.0,17.0,17.0,17.0,923670,210,2,17.0,17.0
532,2008-11-26,17.0,17.0,17.0,17.0,923670,210,2,17.0,17.0
533,2008-11-30,17.0,17.0,17.0,17.0,704070,160,2,17.0,17.0
534,2008-12-29,13.0,13.0,12.0,13.0,5050000,1500,2,17.0,12.0
535,2009-01-05,13.0,13.0,13.0,13.0,3266000,1000,2,13.0,13.0
536,2009-01-10,13.0,13.0,13.0,13.0,1633000,500,1,13.0,13.0
537,2009-01-12,13.0,13.0,13.0,13.0,1633000,500,1,13.0,13.0
538,2009-01-13,13.0,13.0,13.0,13.0,1633000,500,1,13.0,13.0
539,2009-01-20,13.0,13.0,13.0,13.0,1959600,600,3,13.0,13.0
540,2009-01-26,13.0,13.0,13.0,13.0,1633000,500,1,13.0,13.0
541,2009-01-31,13.0,13.0,13.0,13.0,1633000,500,1,13.0,13.0
542,2009-02-01,13.0,13.0,13.0,13.0,1633000,500,1,13.0,13.0
543,2009-02-02,13.0,13.0,13.0,13.0,979800,300,1,13.0,13.0
544,2009-02-03,13.0,13.0,13.0,13.0,979800,300,1,13.0,13.0
545,2009-02-09,13.0,13.0,13.0,13.0,1633000,500,1,13.0,13.0
546,2009-02-14,13.0,13.0,13.0,13.0,1633000,500,1,13.0,13.0
547,2009-02-15,13.0,13.0,13.0,13.0,979800,300,1,13.0,13.0
548,2009-03-02,13.0,13.0,13.0,13.0,1633000,500,1,13.0,13.0
549,2009-03-03,13.0,13.0,13.0,13.0,1633000,500,1,13.0,13.0
550,2009-03-08,13.0,13.0,13.0,13.0,1633000,500,1,13.0,13.0
551,2009-04-14,10.0,10.0,7.0,8.0,140295256,68518,19,13.0,7.0
552,2009-04-15,8.0,8.0,8.0,8.0,64211892,32316,9,8.0,8.0
553,2009-04-19,8.0,8.0,8.0,8.0,20360000,10000,3,8.0,8.0
554,2009-04-20,8.0,8.0,8.0,8.0,14044328,6898,3,8.0,8.0
555,2009-04-21,8.0,8.0,8.0,8.0,10180000,5000,2,8.0,8.0
556,2009-04-25,8.0,8.0,8.0,8.0,55810800,27400,4,8.0,8.0
557,2009-04-26,8.0,8.0,8.0,8.0,20665000,10000,2,8.0,8.0
558,2009-04-27,8.0,8.0,8.0,8.0,36143500,17450,5,8.0,8.0
559,2009-04-29,8.0,8.0,8.0,8.0,10215000,5000,1,8.0,8.0
560,2009-05-04,8.0,8.0,8.0,8.0,3345620,1636,1,8.0,8.0
561,2009-05-10,8.0,8.0,8.0,8.0,7185951,3417,3,8.0,8.0
562,2009-05-12,8.0,8.0,8.0,8.0,2263904,1076,1,8.0,8.0
563,2009-05-17,8.0,8.0,8.0,8.0,3156000,1500,1,8.0,8.0
564,2009-05-23,8.0,8.0,8.0,8.0,736750,350,1,8.0,8.0
565,2009-07-04,8.0,8.0,8.0,8.0,736750,350,1,8.0,8.0
566,2009-09-05,8.0,8.0,8.0,8.0,239997600,133332,14,8.0,8.0
567,2009-10-05,9.0,9.0,9.0,8.0,4115880,2220,2,8.0,9.0
568,2009-10-06,9.0,9.0,9.0,8.0,3978975,2145,1,8.0,9.0
569,2009-10-11,9.0,9.0,9.0,8.0,4547200,2450,1,8.0,9.0
570,2009-10-18,9.0,9.0,9.0,8.0,6898755,3715,3,8.0,9.0
571,2009-10-21,9.0,9.0,9.0,8.0,3979551,2143,1,8.0,9.0
572,2009-10-24,9.0,9.0,9.0,9.0,354063238,190764,31,8.0,9.0
573,2009-10-26,9.0,9.0,9.0,9.0,382200000,200000,20,9.0,9.0
574,2009-10-31,9.0,9.0,9.0,9.0,393600000,200000,20,9.0,9.0
575,2009-11-04,10.0,10.0,10.0,10.0,810800000,400000,8,9.0,10.0
576,2009-11-07,10.0,10.0,10.0,10.0,4194000,2000,1,10.0,10.0
577,2009-11-23,10.0,10.0,10.0,10.0,9873188,4706,1,10.0,10.0
578,2009-12-05,10.0,10.0,10.0,10.0,6303000,3000,1,10.0,10.0
579,2009-12-13,10.0,10.0,10.0,10.0,4504586,2143,1,10.0,10.0
580,2009-12-16,10.0,10.0,10.0,10.0,5606598,2666,1,10.0,10.0
581,2009-12-19,10.0,10.0,10.0,10.0,11218528,5332,2,10.0,10.0
582,2009-12-21,10.0,10.0,10.0,10.0,1402596,666,1,10.0,10.0
583,2010-01-16,10.0,10.0,10.0,10.0,5433480,2580,1,10.0,10.0
584,2010-02-01,10.0,10.0,10.0,10.0,9831262,4666,2,10.0,10.0
585,2010-02-03,10.0,10.0,10.0,10.0,11245188,5332,2,10.0,10.0
586,2010-03-03,10.0,10.0,10.0,10.0,84440,40,1,10.0,10.0
587,2010-03-09,12.0,12.0,12.0,12.0,13756560,5332,1,10.0,12.0
588,2010-03-14,12.0,13.0,12.0,12.0,10051950,3777,2,12.0,13.0
589,2010-04-13,13.0,13.0,13.0,12.0,7390752,2766,1,12.0,13.0
590,2010-04-24,13.0,13.0,13.0,12.0,7246464,2712,1,12.0,13.0
591,2010-07-14,12.0,12.0,12.0,12.0,50000000,20000,1,12.0,12.0
592,2010-07-26,12.0,12.0,12.0,12.0,25000000,10000,1,12.0,12.0
593,2010-08-09,12.0,12.0,12.0,12.0,1112800,428,1,12.0,12.0
594,2010-08-17,12.0,12.0,12.0,12.0,22076600,8491,3,12.0,12.0
595,2010-08-21,12.0,12.0,12.0,12.0,38897860,14932,3,12.0,12.0
596,2010-09-12,12.0,12.0,12.0,12.0,3918386,1499,1,12.0,12.0
597,2010-09-15,12.0,12.0,12.0,12.0,2615000,1000,1,12.0,12.0
598,2010-10-18,12.0,12.0,12.0,12.0,2616000,1000,1,12.0,12.0
599,2010-10-19,12.0,12.0,12.0,12.0,390027212,149036,3,12.0,12.0
600,2010-10-20,13.0,13.0,13.0,12.0,2714000,1000,1,12.0,13.0
601,2010-10-23,13.0,13.0,13.0,12.0,472410,174,1,12.0,13.0
602,2010-10-24,13.0,13.0,13.0,12.0,6369390,2346,1,12.0,13.0
603,2010-10-25,13.0,13.0,13.0,12.0,2717000,1000,1,12.0,13.0
604,2010-11-07,13.0,13.0,13.0,12.0,543600,200,3,12.0,13.0
605,2010-11-15,13.0,13.0,13.0,12.0,87682680,32260,4,12.0,13.0
606,2010-11-16,13.0,13.0,13.0,12.0,46071360,16938,2,12.0,13.0
607,2010-11-22,13.0,13.0,13.0,12.0,5480000,2000,1,12.0,13.0
608,2010-11-28,13.0,13.0,13.0,12.0,32394220,11780,2,12.0,13.0
609,2011-01-09,15.0,15.0,15.0,15.0,22090000,7000,2,12.0,15.0
610,2011-01-10,15.0,15.0,15.0,15.0,35784800,10910,2,15.0,15.0
611,2011-01-11,15.0,15.0,15.0,15.0,977440,298,1,15.0,15.0
612,2011-01-15,15.0,15.0,15.0,15.0,1987590,627,1,15.0,15.0
613,2011-01-17,15.0,15.0,15.0,15.0,15881350,5000,2,15.0,15.0
614,2011-01-19,15.0,15.0,15.0,15.0,857444,271,1,15.0,15.0
615,2011-01-26,15.0,15.0,15.0,15.0,2993900,910,1,15.0,15.0
616,2011-01-30,15.0,15.0,15.0,15.0,3165000,1000,1,15.0,15.0
617,2011-02-01,15.0,15.0,15.0,15.0,79250000,25000,1,15.0,15.0
618,2011-02-07,15.0,15.0,15.0,15.0,160000000,50000,1,15.0,15.0
619,2011-02-16,15.0,15.0,15.0,15.0,4770000,1500,1,15.0,15.0
620,2011-02-19,15.0,15.0,15.0,15.0,6380000,2000,1,15.0,15.0
621,2011-02-23,15.0,15.0,15.0,15.0,6370000,2000,1,15.0,15.0
622,2011-03-12,17.0,17.0,17.0,17.0,123716450,34606,2,15.0,17.0
623,2011-03-13,17.0,17.0,17.0,17.0,108330150,30000,3,17.0,17.0
624,2011-03-14,18.0,18.0,17.0,17.0,115777350,31500,5,17.0,17.0
625,2011-03-15,17.0,18.0,17.0,17.0,144652000,39000,6,17.0,18.0
626,2011-03-16,18.0,18.0,18.0,17.0,150880000,40000,4,17.0,18.0
627,2011-04-03,18.0,18.0,18.0,17.0,76180000,20000,2,17.0,18.0
628,2011-04-04,18.0,18.0,18.0,17.0,19140000,5000,1,17.0,18.0
629,2011-04-06,18.0,18.0,18.0,17.0,38330000,10000,2,17.0,18.0
630,2011-04-10,18.0,18.0,18.0,17.0,19210000,5000,2,17.0,18.0
631,2011-04-11,18.0,18.0,18.0,17.0,19240000,5000,1,17.0,18.0
632,2011-04-12,18.0,18.0,18.0,17.0,5779500,1500,1,17.0,18.0
633,2011-04-17,18.0,18.0,18.0,17.0,38540000,10000,5,17.0,18.0
634,2011-04-18,18.0,18.0,18.0,17.0,29358800,7600,2,17.0,18.0
635,2011-04-19,18.0,18.0,18.0,17.0,1153260,298,1,17.0,18.0
636,2011-04-23,18.0,18.0,18.0,18.0,19860840,5132,4,17.0,18.0
637,2011-05-02,18.0,18.0,18.0,18.0,13178400,3400,2,18.0,18.0
638,2011-05-22,17.0,17.0,17.0,18.0,1138800,312,1,18.0,17.0
639,2011-05-24,17.0,17.0,17.0,18.0,3821550,1047,1,18.0,17.0
640,2011-06-01,18.0,18.0,18.0,18.0,3738099775,963990,22,18.0,18.0
641,2011-06-06,19.0,19.0,19.0,19.0,4234650000,1050000,21,18.0,19.0
642,2011-06-07,20.0,20.0,20.0,20.0,4527842400,1079600,28,19.0,20.0
643,2011-06-08,20.0,20.0,20.0,20.0,6558644696,1562454,44,20.0,20.0
644,2011-06-18,20.0,20.0,20.0,20.0,29358000,7000,1,20.0,20.0
645,2011-06-20,20.0,20.0,20.0,20.0,21678680,4981,2,20.0,20.0
646,2011-06-29,20.0,20.0,20.0,20.0,43478600,10233,2,20.0,20.0
647,2011-07-02,20.0,20.0,20.0,20.0,43000000,10000,1,20.0,20.0
648,2011-07-13,21.0,21.0,21.0,20.0,18935000,5000,1,20.0,21.0
649,2011-08-07,21.0,21.0,21.0,20.0,40639708,10752,3,20.0,21.0
650,2011-08-24,19.0,19.0,19.0,20.0,16663206,4746,1,20.0,19.0
651,2011-08-27,19.0,19.0,19.0,20.0,1007944,287,1,20.0,19.0
652,2011-09-05,20.0,20.0,20.0,20.0,11621170,3226,3,20.0,20.0
653,2011-09-06,20.0,20.0,20.0,20.0,2404926,666,1,20.0,20.0
654,2011-09-21,21.0,21.0,21.0,20.0,2528802,666,1,20.0,21.0
655,2011-09-28,21.0,21.0,21.0,20.0,7444080,1960,1,20.0,21.0
656,2011-10-03,21.0,21.0,21.0,20.0,41040000,10800,5,20.0,21.0
657,2011-10-04,21.0,21.0,21.0,20.0,19050000,5000,2,20.0,21.0
658,2011-10-10,21.0,21.0,21.0,20.0,19075000,5000,2,20.0,21.0
659,2011-10-17,21.0,21.0,21.0,20.0,16044000,4200,5,20.0,21.0
660,2011-11-23,23.0,24.0,22.0,23.0,839160200,199468,33,20.0,24.0
661,2011-11-26,24.0,24.0,24.0,24.0,1034932500,236556,47,23.0,24.0
662,2011-11-27,25.0,25.0,25.0,25.0,1667788850,366547,52,24.0,25.0
663,2011-11-28,25.0,25.0,24.0,25.0,132858616,29798,29,25.0,24.0
664,2011-11-29,24.0,24.0,24.0,25.0,57533440,13220,9,25.0,24.0
665,2011-12-03,24.0,24.0,24.0,24.0,87736050,20225,5,25.0,24.0
666,2011-12-04,23.0,23.0,23.0,24.0,8632000,2000,1,24.0,23.0
667,2011-12-07,23.0,24.0,23.0,24.0,432383832,99693,40,24.0,24.0
668,2011-12-10,24.0,24.0,23.0,24.0,48822500,11260,6,24.0,24.0
669,2011-12-11,23.0,23.0,23.0,24.0,138006368,32504,11,24.0,23.0
670,2011-12-12,23.0,23.0,23.0,23.0,330076052,78779,17,24.0,23.0
671,2011-12-13,22.0,23.0,22.0,23.0,97159313,23157,14,23.0,23.0
672,2011-12-14,23.0,24.0,23.0,23.0,174500300,39586,17,23.0,24.0
673,2011-12-17,24.0,24.0,24.0,24.0,451676472,101001,6,23.0,24.0
674,2011-12-18,25.0,25.0,25.0,24.0,917000,200,1,24.0,25.0
675,2011-12-19,25.0,25.0,25.0,25.0,460884200,100520,5,24.0,25.0
676,2011-12-20,26.0,26.0,26.0,25.0,14104700,3001,2,25.0,26.0
677,2011-12-21,26.0,26.0,26.0,26.0,841492790,178930,35,25.0,26.0
678,2011-12-24,26.0,27.0,25.0,26.0,574066514,119547,30,26.0,27.0
679,2011-12-25,27.0,27.0,26.0,26.0,59381180,12093,8,26.0,27.0
680,2011-12-26,26.0,26.0,26.0,26.0,95200000,20000,4,26.0,26.0
681,2011-12-28,26.0,26.0,26.0,26.0,16520000,3500,1,26.0,26.0
682,2011-12-31,25.0,25.0,25.0,26.0,25311000,5500,2,26.0,25.0
683,2012-01-01,25.0,26.0,25.0,26.0,50501240,10866,8,26.0,25.0
684,2012-01-02,25.0,26.0,25.0,26.0,131876771,28323,10,26.0,26.0
685,2012-01-03,25.0,27.0,25.0,26.0,399809410,83305,42,26.0,27.0
686,2012-01-04,27.0,27.0,26.0,26.0,310544224,62806,29,26.0,27.0
687,2012-01-07,27.0,27.0,26.0,26.0,13614528,2808,3,26.0,26.0
688,2012-01-08,26.0,27.0,26.0,26.0,20460988,4160,5,26.0,27.0
689,2012-01-09,27.0,27.0,27.0,27.0,567079804,112592,19,26.0,27.0
690,2012-01-10,28.0,28.0,28.0,28.0,882486063,170397,15,27.0,28.0
691,2012-01-11,29.0,29.0,27.0,28.0,1012643416,195791,62,28.0,27.0
692,2012-01-15,27.0,29.0,27.0,28.0,893200302,170955,32,28.0,28.0
693,2012-01-16,29.0,29.0,27.0,28.0,441309898,86680,26,28.0,27.0
694,2012-01-17,27.0,27.0,27.0,28.0,69557091,14053,7,28.0,27.0
695,2012-01-18,27.0,27.0,27.0,28.0,24650000,5000,2,28.0,27.0
696,2012-01-21,27.0,27.0,27.0,28.0,142322040,28898,8,28.0,27.0
697,2012-01-23,27.0,27.0,27.0,27.0,221217472,45248,13,28.0,27.0
698,2012-01-25,28.0,28.0,26.0,27.0,45911410,9353,8,27.0,26.0
699,2012-01-28,26.0,27.0,26.0,27.0,351039225,72535,15,27.0,26.0
700,2012-01-29,27.0,27.0,26.0,27.0,205493782,42034,11,27.0,26.0
701,2012-01-31,27.0,28.0,27.0,27.0,429236213,85057,34,27.0,28.0
702,2012-02-01,28.0,28.0,28.0,28.0,295409900,56980,35,27.0,28.0
703,2012-02-04,29.0,29.0,29.0,28.0,218846580,41590,16,28.0,29.0
704,2012-02-05,29.0,29.0,28.0,28.0,283675542,53547,24,28.0,29.0
705,2012-02-06,29.0,29.0,29.0,28.0,222980785,41436,16,28.0,29.0
706,2012-02-08,30.0,30.0,30.0,29.0,163110000,30000,5,28.0,30.0
707,2012-02-12,30.0,30.0,30.0,29.0,131448000,24000,5,29.0,30.0
708,2012-02-14,30.0,30.0,29.0,29.0,366719207,66593,23,29.0,30.0
709,2012-02-15,30.0,30.0,30.0,29.0,77115313,13845,10,29.0,30.0
710,2012-02-19,29.0,29.0,28.0,29.0,68459560,13000,17,29.0,28.0
711,2012-02-20,28.0,28.0,28.0,29.0,165146996,31892,13,29.0,28.0
712,2012-02-21,28.0,29.0,28.0,29.0,38616960,7451,12,29.0,28.0
713,2012-02-22,28.0,29.0,28.0,29.0,111022656,21628,20,29.0,28.0
714,2012-02-26,28.0,28.0,28.0,29.0,5129500,1000,2,29.0,28.0
715,2012-02-29,28.0,28.0,28.0,29.0,10300000,2000,2,29.0,28.0
716,2012-03-03,28.0,28.0,28.0,29.0,86667022,16990,6,29.0,28.0
717,2012-03-04,29.0,29.0,29.0,29.0,65525810,12190,7,29.0,29.0
718,2012-03-05,30.0,30.0,30.0,29.0,23696380,4310,2,29.0,30.0
719,2012-03-06,30.0,30.0,29.0,29.0,35512343,6600,9,29.0,29.0
720,2012-03-07,30.0,30.0,29.0,29.0,200358876,36740,15,29.0,30.0
721,2012-03-25,29.0,29.0,29.0,29.0,10320180,1965,1,29.0,29.0
722,2012-03-28,28.0,28.0,28.0,29.0,24744290,4830,5,29.0,28.0
723,2012-04-02,28.0,28.0,28.0,29.0,13160924,2572,2,29.0,28.0
724,2012-04-08,28.0,28.0,28.0,28.0,364409984,71254,15,29.0,28.0
725,2012-04-09,28.0,28.0,27.0,28.0,12636000,2500,3,28.0,27.0
726,2012-04-10,27.0,28.0,27.0,28.0,62752000,12500,7,28.0,27.0
727,2012-04-11,27.0,27.0,27.0,28.0,52652600,10520,7,28.0,27.0
728,2012-04-14,27.0,27.0,27.0,28.0,19468800,3900,2,28.0,27.0
729,2012-04-15,27.0,27.0,27.0,28.0,81672350,16350,6,28.0,27.0
730,2012-04-16,28.0,28.0,27.0,28.0,60869600,12180,7,28.0,27.0
731,2012-04-17,28.0,29.0,28.0,28.0,61152496,11456,11,28.0,29.0
732,2012-04-18,29.0,29.0,27.0,28.0,315109116,63000,18,28.0,27.0
733,2012-04-21,29.0,29.0,27.0,28.0,85949034,16444,14,28.0,29.0
734,2012-04-22,28.0,29.0,28.0,28.0,52112484,9842,12,28.0,29.0
735,2012-04-23,29.0,29.0,29.0,28.0,3646400,688,2,28.0,29.0
736,2012-04-24,29.0,29.0,27.0,28.0,252697148,49581,30,28.0,29.0
737,2012-05-07,30.0,30.0,29.0,30.0,146054250,40000,11,28.0,29.0
738,2012-05-08,30.0,30.0,30.0,30.0,6419500,1735,2,30.0,30.0
739,2012-05-09,30.0,30.0,30.0,30.0,14921640,4122,1,30.0,30.0
740,2012-05-12,30.0,30.0,29.0,30.0,93534500,26600,6,30.0,29.0
741,2012-05-14,31.0,31.0,31.0,30.0,993877,263,1,30.0,31.0
742,2012-05-15,31.0,31.0,31.0,30.0,1043004,276,1,30.0,31.0
743,2012-05-16,28.0,28.0,28.0,29.0,203386730,58277,15,30.0,28.0
744,2012-05-19,28.0,28.0,28.0,29.0,106770187,30891,6,29.0,28.0
745,2012-05-20,28.0,28.0,28.0,29.0,168215246,48914,3,29.0,28.0
746,2012-05-21,29.0,29.0,29.0,29.0,175000,50,2,29.0,29.0
747,2012-05-22,29.0,29.0,29.0,29.0,212400,59,1,29.0,29.0
748,2012-05-26,28.0,28.0,28.0,29.0,102602565,29835,20,29.0,28.0
749,2012-05-28,28.0,28.0,28.0,29.0,9889000,2900,1,29.0,28.0
750,2012-05-29,29.0,29.0,28.0,29.0,109476000,32010,2,29.0,28.0
751,2012-06-02,30.0,30.0,30.0,29.0,13879720,3792,2,29.0,30.0
752,2012-06-05,28.0,28.0,28.0,29.0,2180400,632,2,29.0,28.0
753,2012-06-06,28.0,28.0,28.0,29.0,7038000,2040,1,29.0,28.0
754,2012-06-09,28.0,28.0,28.0,29.0,52018200,15210,2,29.0,28.0
755,2012-06-10,28.0,28.0,28.0,29.0,22558432,6682,3,29.0,28.0
756,2012-06-11,28.0,28.0,28.0,29.0,6760000,2000,2,29.0,28.0
757,2012-06-13,28.0,28.0,28.0,29.0,6612685,1960,3,29.0,28.0
758,2012-06-16,27.0,27.0,27.0,29.0,8529470,2531,2,29.0,27.0
759,2012-06-17,27.0,27.0,27.0,28.0,79073312,23469,4,29.0,27.0
760,2012-06-23,27.0,27.0,27.0,28.0,130884000,39000,23,28.0,27.0
761,2012-06-27,27.0,27.0,27.0,28.0,41675000,12500,3,28.0,27.0
762,2012-06-30,27.0,27.0,27.0,28.0,69867000,21000,8,28.0,27.0
763,2012-07-04,27.0,27.0,27.0,28.0,8158500,2450,2,28.0,27.0
764,2012-07-07,29.0,29.0,29.0,28.0,17500,5,1,28.0,29.0
765,2012-07-08,27.0,27.0,27.0,28.0,414778986,125109,13,28.0,27.0
766,2012-07-15,28.0,29.0,28.0,28.0,45422838,15000,4,28.0,29.0
767,2012-07-23,29.0,29.0,29.0,28.0,22686042,7481,7,28.0,29.0
768,2012-08-04,29.0,29.0,29.0,28.0,30430,10,1,28.0,29.0
769,2012-08-11,29.0,29.0,29.0,28.0,19889048,6536,3,28.0,29.0
770,2012-08-14,29.0,29.0,29.0,28.0,10807208,3548,1,28.0,29.0
771,2012-08-27,29.0,29.0,29.0,28.0,30400,10,1,28.0,29.0
772,2012-09-17,34.0,36.0,34.0,35.0,144425287,39081,26,28.0,36.0
773,2012-09-18,36.0,36.0,35.0,35.0,57223310,15464,11,35.0,35.0
774,2012-09-25,34.0,35.0,34.0,35.0,114746600,31010,20,35.0,35.0
775,2012-09-26,36.0,36.0,35.0,35.0,40391402,10762,15,35.0,36.0
776,2012-09-29,36.0,36.0,35.0,35.0,23684636,6289,5,35.0,36.0
777,2012-09-30,36.0,36.0,35.0,35.0,42190000,11400,3,35.0,35.0
778,2012-10-02,34.0,35.0,35.0,35.0,3326300,899,1,35.0,35.0
779,2012-10-03,35.0,35.0,35.0,35.0,66456000,18000,2,35.0,35.0
780,2012-10-09,35.0,35.0,34.0,35.0,216819890,61010,7,35.0,34.0
781,2012-10-10,36.0,36.0,36.0,35.0,5670000,1500,1,35.0,36.0
782,2012-10-13,35.0,35.0,33.0,35.0,11533220,3266,3,35.0,33.0
783,2012-10-14,33.0,33.0,33.0,34.0,362563000,103000,4,35.0,33.0
784,2012-10-15,35.0,35.0,34.0,34.0,378896910,105110,7,34.0,34.0
785,2012-10-16,34.0,35.0,34.0,34.0,614061535,169669,12,34.0,35.0
786,2012-10-17,35.0,35.0,34.0,34.0,573850977,158256,38,34.0,35.0
787,2012-10-20,36.0,36.0,36.0,34.0,94259214,25029,14,34.0,36.0
788,2012-10-22,36.0,36.0,36.0,34.0,3785782,1001,2,34.0,36.0
789,2012-10-27,36.0,36.0,36.0,34.0,3007485,795,1,34.0,36.0
790,2012-10-28,36.0,36.0,36.0,34.0,3786783,1001,1,34.0,36.0
791,2012-10-31,36.0,36.0,36.0,34.0,1044384,276,2,34.0,36.0
792,2012-11-04,36.0,36.0,36.0,35.0,143421168,37902,2,34.0,36.0
793,2012-11-05,36.0,36.0,36.0,35.0,144749696,38012,5,35.0,36.0
794,2012-11-06,36.0,36.0,36.0,35.0,15603904,4072,2,35.0,36.0
795,2012-11-07,36.0,36.0,36.0,35.0,50992200,13300,2,35.0,36.0
796,2012-11-10,36.0,36.0,36.0,35.0,9028700,2350,2,35.0,36.0
797,2012-11-12,36.0,36.0,36.0,35.0,34587000,9000,2,35.0,36.0
798,2012-11-21,42.0,42.0,42.0,42.0,321933000,71700,11,35.0,42.0
799,2012-11-26,43.0,43.0,41.0,42.0,253780000,56500,15,42.0,41.0
800,2012-11-27,42.0,42.0,42.0,42.0,4404461,1001,2,42.0,42.0
801,2012-11-28,41.0,43.0,41.0,42.0,368357941,82500,15,42.0,43.0
802,2012-12-01,43.0,43.0,42.0,42.0,139215313,30669,11,42.0,43.0
803,2012-12-02,44.0,44.0,44.0,43.0,145296171,31140,19,42.0,44.0
804,2012-12-03,44.0,44.0,44.0,43.0,116479788,24868,13,43.0,44.0
805,2012-12-04,45.0,45.0,45.0,43.0,49506810,10511,5,43.0,45.0
806,2012-12-05,45.0,45.0,45.0,43.0,176920282,37499,16,43.0,45.0
807,2012-12-08,45.0,45.0,45.0,43.0,178833731,37673,5,43.0,45.0
808,2012-12-09,45.0,45.0,45.0,43.0,30434267,6371,2,43.0,45.0
809,2012-12-10,45.0,45.0,45.0,44.0,106643382,22301,18,43.0,45.0
810,2012-12-11,45.0,45.0,45.0,44.0,54705600,11397,2,44.0,45.0
811,2012-12-12,45.0,45.0,42.0,44.0,134620778,28861,5,44.0,42.0
812,2012-12-16,44.0,44.0,44.0,44.0,23197000,5010,2,44.0,44.0
813,2012-12-17,44.0,45.0,44.0,44.0,38818040,8250,7,44.0,45.0
814,2012-12-18,44.0,44.0,42.0,44.0,51431052,11559,10,44.0,42.0
815,2012-12-19,42.0,42.0,42.0,44.0,222400,50,2,44.0,42.0
816,2012-12-22,42.0,42.0,42.0,44.0,7770000,1750,3,44.0,42.0
817,2012-12-23,43.0,43.0,43.0,44.0,6541200,1422,4,44.0,43.0
818,2012-12-24,42.0,45.0,42.0,44.0,44238150,9300,4,44.0,45.0
819,2012-12-29,43.0,43.0,43.0,44.0,46000000,10000,2,44.0,43.0
820,2012-12-31,44.0,44.0,44.0,44.0,47000,10,1,44.0,44.0
821,2013-01-01,44.0,45.0,44.0,44.0,99497566,21000,9,44.0,45.0
822,2013-01-02,42.0,42.0,42.0,44.0,1162200,260,1,44.0,42.0
823,2013-01-06,43.0,43.0,43.0,44.0,9388080,2076,4,44.0,43.0
824,2013-01-07,43.0,43.0,43.0,44.0,313950,69,1,44.0,43.0
825,2013-01-08,42.0,42.0,42.0,44.0,8946510,2010,2,44.0,42.0
826,2013-01-09,44.0,44.0,44.0,44.0,79900,17,1,44.0,44.0
827,2013-01-13,44.0,45.0,44.0,44.0,28180400,5948,6,44.0,44.0
828,2013-01-14,44.0,44.0,44.0,44.0,47714400,10152,1,44.0,44.0
829,2013-01-15,43.0,43.0,43.0,44.0,33929600,7376,3,44.0,43.0
830,2013-01-16,44.0,45.0,44.0,44.0,14087414,3000,4,44.0,44.0
831,2013-01-19,45.0,45.0,45.0,44.0,14330600,3000,3,44.0,45.0
832,2013-01-26,45.0,45.0,45.0,44.0,144875000,30500,2,44.0,45.0
833,2013-01-28,43.0,43.0,43.0,44.0,35708400,7848,1,44.0,43.0
834,2013-02-17,42.0,43.0,42.0,44.0,9520137,2131,5,44.0,42.0
835,2013-02-18,42.0,42.0,42.0,44.0,4509650,1010,2,44.0,42.0
836,2013-02-19,42.0,42.0,42.0,44.0,6633504,1486,3,44.0,42.0
837,2013-02-23,42.0,42.0,42.0,44.0,4464,1,1,44.0,42.0
838,2013-02-24,42.0,42.0,42.0,44.0,44640,10,1,44.0,42.0
839,2013-02-27,42.0,42.0,42.0,44.0,57982896,12989,2,44.0,42.0
840,2013-03-02,42.0,42.0,42.0,44.0,10415100,2330,4,44.0,42.0
841,2013-03-04,42.0,42.0,42.0,44.0,20034000,4500,3,44.0,42.0
842,2013-03-13,42.0,44.0,42.0,44.0,57068500,12500,3,44.0,44.0
843,2013-03-16,43.0,43.0,42.0,44.0,31210760,6868,4,44.0,42.0
844,2013-03-17,42.0,42.0,42.0,44.0,134756190,30330,9,44.0,42.0
845,2013-03-18,44.0,44.0,44.0,44.0,119340000,25500,6,44.0,44.0
846,2013-03-26,45.0,45.0,45.0,44.0,101058249,21117,11,44.0,45.0
847,2013-03-27,42.0,42.0,42.0,44.0,20793240,4680,3,44.0,42.0
848,2013-03-31,42.0,42.0,42.0,44.0,4440000,1000,1,44.0,42.0
849,2013-04-07,45.0,45.0,45.0,44.0,97631433,20319,5,44.0,45.0
850,2013-04-08,43.0,46.0,43.0,44.0,88397340,18399,10,44.0,46.0
851,2013-04-09,46.0,46.0,45.0,44.0,84640370,17510,3,44.0,45.0
852,2013-04-10,46.0,46.0,46.0,44.0,29100000,6000,2,44.0,46.0
853,2013-04-17,46.0,46.0,46.0,44.0,24254850,5001,2,44.0,46.0
854,2013-04-24,46.0,46.0,46.0,44.0,10895551,2243,2,44.0,46.0
855,2013-04-27,46.0,46.0,46.0,44.0,5558250,1145,2,44.0,46.0
856,2013-04-29,45.0,45.0,45.0,44.0,9908940,2073,2,44.0,45.0
857,2013-04-30,46.0,46.0,46.0,44.0,9684000,2000,3,44.0,46.0
858,2013-05-01,46.0,46.0,46.0,44.0,97653200,20260,3,44.0,46.0
859,2013-05-04,46.0,46.0,46.0,44.0,47970172,9836,2,44.0,46.0
860,2013-05-05,46.0,46.0,46.0,45.0,152599800,31390,4,44.0,46.0
861,2013-05-06,46.0,46.0,46.0,45.0,1615035,335,1,45.0,46.0
862,2013-05-07,46.0,46.0,46.0,45.0,6907725,1433,5,45.0,46.0
863,2013-05-11,46.0,46.0,46.0,45.0,9482907,1967,3,45.0,46.0
864,2013-05-14,46.0,46.0,46.0,45.0,53130,11,1,45.0,46.0
865,2013-05-15,46.0,46.0,43.0,45.0,96948023,20237,5,45.0,43.0
866,2013-06-08,50.0,52.0,50.0,52.0,933425282,170062,19,45.0,52.0
867,2013-06-09,54.0,54.0,54.0,52.0,138145016,24202,4,52.0,54.0
868,2013-06-10,54.0,54.0,54.0,52.0,286550,50,1,52.0,54.0
869,2013-06-11,54.0,54.0,54.0,52.0,200585,35,1,52.0,54.0
870,2013-06-16,54.0,54.0,54.0,52.0,1146200,200,1,52.0,54.0
871,2013-06-19,54.0,54.0,54.0,52.0,11462000,2000,1,52.0,54.0
872,2013-06-25,54.0,54.0,54.0,52.0,57330000,10000,1,52.0,54.0
873,2013-06-29,54.0,54.0,54.0,52.0,6321942,1101,3,52.0,54.0
874,2013-06-30,54.0,54.0,54.0,52.0,128149302,22314,5,52.0,54.0
875,2013-07-02,54.0,54.0,54.0,52.0,51074804,8861,1,52.0,54.0
876,2013-07-07,55.0,55.0,55.0,53.0,91386590,15830,3,52.0,55.0
877,2013-07-13,55.0,55.0,55.0,53.0,289400000,50000,9,53.0,55.0
878,2013-07-14,55.0,55.0,55.0,53.0,167860868,28763,16,53.0,55.0
879,2013-07-27,67.0,70.0,67.0,68.0,527464400,82850,11,53.0,70.0
880,2013-07-28,71.0,71.0,71.0,68.0,6620,1,1,68.0,71.0
881,2013-07-29,71.0,71.0,71.0,68.0,66200000,10000,1,68.0,71.0
882,2013-07-31,71.0,71.0,71.0,68.0,132646632,20001,4,68.0,71.0
883,2013-08-03,71.0,71.0,71.0,69.0,266126653,40001,3,68.0,71.0
884,2013-08-04,72.0,72.0,72.0,69.0,200940000,30000,2,69.0,72.0
885,2013-08-05,72.0,72.0,72.0,70.0,201930000,30000,3,69.0,72.0
886,2013-08-06,72.0,72.0,72.0,70.0,151319520,22368,3,70.0,72.0
887,2013-08-07,73.0,73.0,73.0,70.0,50925000,7500,1,70.0,73.0
888,2013-08-11,73.0,73.0,73.0,70.0,101970000,15000,2,70.0,73.0
889,2013-08-12,73.0,73.0,73.0,70.0,140136845,20563,3,70.0,73.0
890,2013-08-13,73.0,73.0,73.0,70.0,133341000,19500,4,70.0,73.0
891,2013-08-17,73.0,73.0,73.0,71.0,102885000,15000,2,70.0,73.0
892,2013-08-20,73.0,73.0,73.0,71.0,154710000,22500,2,71.0,73.0
893,2013-08-21,74.0,74.0,74.0,71.0,40528544,5872,2,71.0,74.0
894,2013-08-25,74.0,74.0,74.0,71.0,27632000,4000,1,71.0,74.0
895,2013-08-26,74.0,74.0,74.0,71.0,13824000,2000,1,71.0,74.0
896,2013-08-27,74.0,74.0,74.0,71.0,68448600,9900,3,71.0,74.0
897,2013-08-28,74.0,74.0,74.0,72.0,729210836,105286,24,71.0,74.0
898,2013-09-11,75.0,75.0,75.0,72.0,4574152,649,1,72.0,75.0
899,2013-09-14,75.0,75.0,75.0,72.0,3524500,500,1,72.0,75.0
900,2013-09-16,75.0,75.0,75.0,72.0,3525000,500,1,72.0,75.0
901,2013-09-17,75.0,75.0,75.0,72.0,14094949,1999,2,72.0,75.0
902,2013-09-18,75.0,75.0,75.0,72.0,1234275,175,1,72.0,75.0
903,2013-09-21,75.0,75.0,75.0,73.0,171867504,24368,1,72.0,75.0
904,2013-09-22,76.0,76.0,76.0,73.0,77902000,11000,6,73.0,76.0
905,2013-09-23,76.0,76.0,76.0,73.0,35470000,5000,1,73.0,76.0
906,2013-09-24,76.0,76.0,76.0,73.0,18611721,2621,13,73.0,76.0
907,2013-09-25,76.0,76.0,76.0,73.0,78144,11,1,73.0,76.0
908,2013-09-28,76.0,76.0,76.0,73.0,34191552,4813,4,73.0,76.0
909,2013-09-29,76.0,76.0,76.0,73.0,49763000,7000,2,73.0,76.0
910,2013-09-30,76.0,76.0,76.0,73.0,25763540,3620,2,73.0,76.0
911,2013-10-01,76.0,76.0,76.0,73.0,35605000,5000,1,73.0,76.0
912,2013-10-05,76.0,76.0,76.0,73.0,31163616,4372,1,73.0,76.0
913,2013-10-07,76.0,76.0,76.0,73.0,9201570,1290,1,73.0,76.0
914,2013-10-08,76.0,76.0,76.0,73.0,37881540,5310,2,73.0,76.0
915,2013-10-09,76.0,76.0,76.0,73.0,6147540,861,1,73.0,76.0
916,2013-10-12,76.0,76.0,76.0,74.0,71410000,10000,1,73.0,76.0
917,2013-10-13,76.0,76.0,76.0,74.0,36108344,5048,2,74.0,76.0
918,2013-10-15,77.0,77.0,77.0,74.0,44264097,6183,3,74.0,77.0
919,2013-11-02,112.0,117.0,112.0,113.0,1597185230,150906,63,74.0,116.0
920,2013-11-03,118.0,118.0,109.0,114.0,1575338769,146949,63,113.0,118.0
921,2013-11-04,119.0,119.0,110.0,114.0,170801131,15408,22,114.0,112.0
922,2013-11-05,110.0,118.0,110.0,114.0,80837569,7713,19,114.0,110.0
923,2013-11-06,110.0,110.0,110.0,114.0,161779680,15768,6,114.0,110.0
924,2013-11-09,109.0,118.0,109.0,113.0,448812935,43747,27,114.0,109.0
925,2013-11-10,109.0,109.0,109.0,112.0,825997825,81275,8,113.0,109.0
926,2013-11-11,107.0,107.0,107.0,112.0,29268631,2919,7,112.0,107.0
927,2013-11-12,107.0,107.0,107.0,111.0,47008511,4691,8,112.0,107.0
928,2013-11-16,107.0,107.0,107.0,110.0,811373416,81032,16,111.0,107.0
929,2013-11-17,106.0,106.0,106.0,110.0,14007004,1418,5,110.0,106.0
930,2013-11-18,106.0,106.0,106.0,110.0,20287020,2054,6,110.0,106.0
931,2013-11-19,106.0,106.0,106.0,110.0,78020400,7900,5,110.0,106.0
932,2013-11-20,105.0,105.0,105.0,110.0,29047560,2946,8,110.0,105.0
933,2013-11-23,106.0,106.0,105.0,110.0,95568620,9679,16,110.0,105.0
934,2013-11-24,105.0,105.0,105.0,109.0,53647680,5452,5,110.0,105.0
935,2013-11-25,105.0,107.0,105.0,109.0,242337955,24595,13,109.0,105.0
936,2013-11-26,107.0,113.0,107.0,110.0,557795857,52595,25,109.0,113.0
937,2013-11-27,114.0,114.0,114.0,110.0,58817900,5497,7,110.0,114.0
938,2013-11-30,114.0,114.0,107.0,110.0,128385430,12111,11,110.0,107.0
939,2013-12-01,115.0,115.0,115.0,110.0,58770020,5480,4,110.0,115.0
940,2013-12-02,115.0,115.0,115.0,110.0,9982620,930,1,110.0,115.0
941,2013-12-03,107.0,107.0,107.0,110.0,22502250,2250,1,110.0,107.0
942,2013-12-04,114.0,115.0,114.0,111.0,326164320,30390,6,110.0,115.0
943,2013-12-07,115.0,115.0,115.0,111.0,12393550,1150,3,111.0,115.0
944,2013-12-08,115.0,115.0,115.0,111.0,8631400,800,4,111.0,115.0
945,2013-12-09,115.0,115.0,115.0,111.0,7328196,680,7,111.0,115.0
946,2013-12-10,115.0,115.0,115.0,111.0,38413200,3560,6,111.0,115.0
947,2013-12-11,115.0,115.0,114.0,111.0,118328062,10994,15,111.0,115.0
948,2013-12-14,115.0,116.0,108.0,111.0,592517588,56826,8,111.0,116.0
949,2013-12-15,115.0,115.0,115.0,111.0,43129000,4012,1,111.0,115.0
950,2013-12-16,112.0,116.0,112.0,111.0,144527750,13550,7,111.0,112.0
951,2013-12-17,107.0,108.0,107.0,111.0,4176500,415,3,111.0,108.0
952,2013-12-18,112.0,116.0,107.0,111.0,80208423,7702,10,111.0,107.0
953,2013-12-21,116.0,116.0,116.0,112.0,127546229,11769,12,111.0,116.0
954,2013-12-22,116.0,116.0,116.0,112.0,274210270,25245,12,112.0,116.0
955,2013-12-24,108.0,111.0,108.0,112.0,59450086,5866,5,112.0,111.0
956,2013-12-25,113.0,116.0,112.0,112.0,227803055,21328,6,112.0,116.0
957,2013-12-28,117.0,117.0,117.0,113.0,221079867,20251,12,112.0,117.0
958,2013-12-29,117.0,117.0,117.0,113.0,31952818,2917,2,113.0,117.0
959,2013-12-30,117.0,117.0,117.0,113.0,367126500,33500,5,113.0,117.0
960,2014-01-01,118.0,118.0,118.0,114.0,148770000,13500,4,113.0,118.0
961,2014-01-04,118.0,118.0,118.0,114.0,223771700,20260,18,114.0,118.0
962,2014-01-05,118.0,118.0,118.0,115.0,443763320,40040,7,114.0,118.0
963,2014-01-07,119.0,119.0,119.0,115.0,338057100,30300,3,115.0,119.0
964,2014-01-08,120.0,120.0,120.0,116.0,395818900,35300,8,115.0,120.0
965,2014-01-11,121.0,121.0,121.0,116.0,287746892,25514,10,116.0,121.0
966,2014-01-12,112.0,120.0,112.0,116.0,631629518,59387,26,116.0,119.0
967,2014-01-13,120.0,120.0,116.0,117.0,583693999,51859,24,116.0,120.0
968,2014-01-14,117.0,118.0,113.0,117.0,1077300950,98696,16,117.0,118.0
969,2014-01-15,112.0,112.0,112.0,115.0,1078775994,102917,29,117.0,112.0
970,2014-01-18,110.0,110.0,110.0,115.0,52746240,5120,2,115.0,110.0
971,2014-01-20,110.0,110.0,110.0,115.0,7679324,746,3,115.0,110.0
972,2014-01-21,110.0,110.0,110.0,114.0,324733857,31549,20,115.0,110.0
973,2014-01-28,109.0,109.0,109.0,113.0,563145000,55000,6,114.0,109.0
974,2014-01-29,108.0,108.0,108.0,109.0,1988206955,195979,20,113.0,108.0
975,2014-02-01,105.0,105.0,105.0,107.0,1032943128,105252,17,109.0,105.0
976,2014-02-02,103.0,103.0,103.0,106.0,491742000,51000,3,107.0,103.0
977,2014-02-04,102.0,102.0,102.0,106.0,47800000,5000,1,106.0,102.0
978,2014-02-05,102.0,102.0,102.0,105.0,955200000,100000,2,106.0,102.0
979,2014-02-10,100.0,100.0,100.0,105.0,2723970,290,2,105.0,100.0
980,2014-02-16,100.0,100.0,100.0,105.0,2911830,310,2,105.0,100.0
981,2014-02-17,100.0,100.0,100.0,104.0,351448640,37420,6,105.0,100.0
982,2014-02-19,100.0,100.0,100.0,104.0,2800200,300,2,104.0,100.0
983,2014-02-22,100.0,100.0,100.0,104.0,10603424,1136,5,104.0,100.0
984,2014-03-01,100.0,100.0,100.0,103.0,653240000,70000,8,104.0,100.0
985,2014-03-05,99.0,99.0,99.0,103.0,9223000,1000,1,103.0,99.0
986,2014-03-08,99.0,99.0,99.0,99.0,7803341770,846078,42,103.0,99.0
987,2014-03-09,95.0,102.0,95.0,99.0,1472391196,158771,17,99.0,95.0
988,2014-03-10,96.0,96.0,95.0,99.0,120280940,13530,7,99.0,95.0
989,2014-03-11,95.0,95.0,95.0,99.0,1773400,200,1,99.0,95.0
990,2014-03-12,95.0,98.0,95.0,98.0,9760286867,1060243,37,99.0,98.0
991,2014-03-15,102.0,102.0,95.0,99.0,307282438,32250,13,98.0,95.0
992,2014-03-16,95.0,103.0,95.0,98.0,896499276,100050,8,99.0,103.0
993,2014-03-17,101.0,101.0,94.0,96.0,1999883930,223929,34,98.0,101.0
994,2014-03-18,97.0,97.0,97.0,96.0,205749350,22585,1,96.0,97.0
995,2014-03-19,100.0,100.0,100.0,96.0,206580060,22170,20,96.0,100.0
996,2014-03-26,97.0,97.0,97.0,96.0,4550000,500,1,96.0,97.0
997,2014-03-29,100.0,100.0,100.0,96.0,4824600,516,1,96.0,100.0
998,2014-03-30,100.0,100.0,100.0,96.0,2805900,300,1,96.0,100.0
999,2014-03-31,100.0,100.0,98.0,96.0,36983480,3994,7,96.0,100.0
1000,2014-04-05,100.0,100.0,100.0,96.0,1215500,130,1,96.0,100.0
1001,2014-04-06,96.0,96.0,96.0,96.0,35992000,4000,1,96.0,96.0
1002,2014-04-07,100.0,100.0,96.0,96.0,37284608,4004,8,96.0,96.0
1003,2014-04-08,97.0,97.0,97.0,96.0,18200000,2000,2,96.0,97.0
1004,2014-04-09,100.0,100.0,100.0,96.0,11236800,1200,3,96.0,100.0
1005,2014-04-12,94.0,94.0,94.0,96.0,4840750,550,2,96.0,94.0
1006,2014-04-14,94.0,94.0,92.0,96.0,81285204,9266,11,96.0,92.0
1007,2014-04-20,100.0,100.0,100.0,96.0,75278376,8046,4,96.0,100.0
1008,2014-04-21,100.0,100.0,100.0,96.0,2857545,305,2,96.0,100.0
1009,2014-05-04,100.0,100.0,100.0,96.0,31196550,5550,8,96.0,100.0
1010,2014-05-05,100.0,100.0,100.0,96.0,562400,100,1,96.0,100.0
1011,2014-05-06,100.0,100.0,100.0,96.0,2249600,400,2,96.0,100.0
1012,2014-05-07,100.0,100.0,100.0,96.0,25308000,4500,3,96.0,100.0
1013,2014-05-11,100.0,100.0,100.0,96.0,25879600,4600,3,96.0,100.0
1014,2014-05-12,100.0,100.0,100.0,96.0,5628,1,1,96.0,100.0
1015,2014-05-18,100.0,100.0,100.0,96.0,562800,100,1,96.0,100.0
1016,2014-05-24,100.0,100.0,100.0,96.0,11256000,2000,3,96.0,100.0
1017,2014-05-26,100.0,100.0,100.0,96.0,562900,100,1,96.0,100.0
1018,2014-05-31,100.0,100.0,100.0,97.0,354627000,63000,12,96.0,100.0
1019,2014-06-01,101.0,101.0,101.0,98.0,671184000,118500,10,97.0,101.0
1020,2014-06-02,102.0,102.0,102.0,98.0,189123000,33000,21,98.0,102.0
1021,2014-06-03,102.0,102.0,102.0,99.0,191568148,33339,21,98.0,102.0
1022,2014-06-07,103.0,103.0,103.0,99.0,44932370,7790,11,99.0,103.0
1023,2014-06-08,103.0,103.0,103.0,99.0,82975329,14373,13,99.0,103.0
1024,2014-06-09,103.0,103.0,103.0,99.0,153277434,26514,23,99.0,103.0
1025,2014-06-10,103.0,103.0,103.0,99.0,28858284,4979,3,99.0,103.0
1026,2014-06-11,103.0,103.0,103.0,99.0,38976000,6720,2,99.0,103.0
1027,2014-06-14,103.0,103.0,103.0,99.0,47563780,8195,8,99.0,103.0
1028,2014-06-16,103.0,103.0,103.0,100.0,10456200,1800,2,99.0,103.0
1029,2014-06-18,103.0,103.0,103.0,100.0,115206490,19829,6,100.0,103.0
1030,2014-06-21,104.0,104.0,104.0,100.0,1862720,320,1,100.0,104.0
1031,2014-06-22,104.0,104.0,104.0,100.0,85434817,14677,8,100.0,104.0
1032,2014-06-23,104.0,104.0,104.0,100.0,9415450,1615,4,100.0,104.0
1033,2014-06-25,104.0,104.0,104.0,100.0,641410,110,2,100.0,104.0
1034,2014-06-29,104.0,104.0,104.0,100.0,44420558,7618,11,100.0,104.0
1035,2014-06-30,104.0,104.0,104.0,100.0,43307370,7422,7,100.0,104.0
1036,2014-07-01,104.0,104.0,104.0,100.0,80508132,13788,8,100.0,104.0
1037,2014-07-02,104.0,104.0,104.0,100.0,81664437,13971,20,100.0,104.0
1038,2014-07-05,104.0,104.0,104.0,100.0,2049600,350,3,100.0,104.0
1039,2014-07-06,104.0,104.0,104.0,100.0,34316160,5860,7,100.0,104.0
1040,2014-07-07,104.0,104.0,104.0,100.0,8970129,1531,4,100.0,104.0
1041,2014-07-08,104.0,104.0,104.0,100.0,43762480,7468,15,100.0,104.0
1042,2014-07-09,104.0,104.0,104.0,100.0,7505920,1280,3,100.0,104.0
1043,2014-07-12,104.0,104.0,104.0,101.0,29278080,4992,4,100.0,104.0
1044,2014-07-14,105.0,105.0,105.0,101.0,33030972,5629,7,101.0,105.0
1045,2014-07-15,105.0,105.0,105.0,101.0,4990350,850,2,101.0,105.0
1046,2014-07-16,105.0,105.0,105.0,101.0,7996302,1362,3,101.0,105.0
1047,2014-07-20,105.0,105.0,105.0,101.0,50734080,8640,2,101.0,105.0
1048,2014-08-04,105.0,105.0,105.0,101.0,55123104,10288,14,101.0,105.0
1049,2014-08-05,105.0,105.0,105.0,102.0,558964038,104226,22,101.0,105.0
1050,2014-08-06,106.0,106.0,106.0,103.0,510670303,94237,31,102.0,106.0
1051,2014-08-09,107.0,107.0,107.0,103.0,24676303,4517,8,103.0,107.0
1052,2014-08-10,99.0,107.0,99.0,103.0,41342204,7673,16,103.0,107.0
1053,2014-08-11,107.0,107.0,107.0,103.0,66753400,12200,5,103.0,107.0
1054,2014-08-12,107.0,107.0,107.0,103.0,2189460,401,2,103.0,107.0
1055,2014-08-13,107.0,107.0,99.0,103.0,93224955,18345,27,103.0,99.0
1056,2014-08-16,99.0,100.0,99.0,103.0,61756624,12224,13,103.0,100.0
1057,2014-08-17,99.0,99.0,99.0,103.0,78192227,15498,6,103.0,99.0
1058,2014-08-18,98.0,98.0,98.0,103.0,12841862,2549,5,103.0,98.0
1059,2014-08-19,98.0,98.0,98.0,102.0,5037000,1000,1,103.0,98.0
1060,2014-08-20,98.0,98.0,98.0,102.0,5036000,1000,1,102.0,98.0
1061,2014-08-23,98.0,98.0,98.0,102.0,32727500,6500,3,102.0,98.0
1062,2014-08-24,98.0,98.0,98.0,102.0,279917917,55594,27,102.0,98.0
1063,2014-08-25,102.0,102.0,98.0,102.0,433159324,83116,5,102.0,98.0
1064,2014-08-26,98.0,98.0,98.0,102.0,70824277,14153,11,102.0,98.0
1065,2014-08-27,98.0,98.0,98.0,102.0,21042367,4211,4,102.0,98.0
1066,2014-08-30,98.0,98.0,98.0,102.0,2497500,500,1,102.0,98.0
1067,2014-09-01,98.0,98.0,98.0,102.0,4995000,1000,1,102.0,98.0
1068,2014-09-02,98.0,98.0,98.0,102.0,2497000,500,1,102.0,98.0
1069,2014-09-07,98.0,98.0,98.0,102.0,4994000,1000,1,102.0,98.0
1070,2014-09-20,98.0,98.0,98.0,101.0,125758691,25187,4,102.0,98.0
1071,2014-09-24,97.0,97.0,97.0,101.0,1001181,201,1,101.0,97.0
1072,2014-10-04,97.0,97.0,97.0,101.0,1001181,201,1,101.0,97.0
1073,2014-10-07,97.0,97.0,97.0,101.0,2012324,404,2,101.0,97.0
1074,2014-10-20,97.0,105.0,97.0,101.0,517070684,103084,51,101.0,97.0
1075,2014-10-21,97.0,97.0,97.0,100.0,53499248,10832,11,101.0,97.0
1076,2014-10-28,96.0,97.0,96.0,100.0,66305257,13429,6,100.0,96.0
1077,2014-11-01,96.0,96.0,96.0,100.0,22817232,4632,4,100.0,96.0
1078,2014-11-05,96.0,99.0,96.0,100.0,351429336,71364,22,100.0,96.0
1079,2014-11-09,96.0,96.0,96.0,99.0,55267000,11300,10,100.0,96.0
1080,2014-11-10,95.0,95.0,95.0,99.0,77225808,15812,13,99.0,95.0
1081,2014-11-11,95.0,95.0,95.0,99.0,3661876,751,1,99.0,95.0
1082,2014-11-12,95.0,95.0,95.0,99.0,14628000,3000,2,99.0,95.0
1083,2014-11-15,95.0,95.0,95.0,99.0,39801084,8166,3,99.0,95.0
1084,2014-11-16,95.0,95.0,95.0,99.0,3458410,710,3,99.0,95.0
1085,2014-11-17,95.0,95.0,95.0,99.0,73065000,15000,5,99.0,95.0
1086,2014-11-18,95.0,95.0,95.0,99.0,29819916,6132,3,99.0,95.0
1087,2014-11-19,95.0,95.0,95.0,99.0,11907000,2450,1,99.0,95.0
1088,2014-11-22,95.0,95.0,95.0,99.0,13469148,2772,4,99.0,95.0
1089,2014-11-23,95.0,95.0,95.0,99.0,5878180,1210,4,99.0,95.0
1090,2014-11-24,95.0,95.0,95.0,99.0,24285000,5000,6,99.0,95.0
1091,2014-11-26,95.0,95.0,95.0,99.0,1582404,326,1,99.0,95.0
1092,2014-12-02,95.0,95.0,95.0,99.0,1795980,370,1,99.0,95.0
1093,2014-12-22,95.0,103.0,95.0,99.0,153713436,31481,16,99.0,95.0
1094,2014-12-24,95.0,95.0,95.0,99.0,2710960,560,1,99.0,95.0
1095,2015-01-03,95.0,95.0,95.0,99.0,987564,204,1,99.0,95.0
1096,2015-02-02,95.0,95.0,95.0,98.0,83904212,17332,8,99.0,95.0
1097,2015-02-07,94.0,94.0,94.0,98.0,2416000,500,1,98.0,94.0
1098,2015-03-07,94.0,94.0,94.0,98.0,49383040,10220,6,98.0,94.0
1099,2015-03-16,94.0,94.0,94.0,98.0,482300,100,1,98.0,94.0
1100,2015-03-29,94.0,99.0,94.0,98.0,136535903,28309,4,98.0,99.0
1101,2015-04-04,101.0,101.0,101.0,98.0,121942319,23543,18,98.0,101.0
1102,2015-04-05,102.0,102.0,94.0,98.0,7402670,1510,4,98.0,94.0
1103,2015-04-11,94.0,94.0,94.0,97.0,240800000,50000,5,98.0,94.0
1104,2015-04-13,93.0,93.0,93.0,96.0,238400000,50000,10,97.0,93.0
1105,2015-06-30,91.0,91.0,91.0,96.0,1989846,426,2,96.0,91.0
1106,2015-07-04,91.0,91.0,91.0,96.0,3628590,777,2,96.0,91.0
1107,2015-07-05,91.0,91.0,91.0,96.0,4225445,905,2,96.0,91.0
1108,2015-07-22,91.0,91.0,91.0,96.0,89815246,20057,7,96.0,91.0
1109,2015-07-26,91.0,91.0,91.0,95.0,8910000,2000,3,96.0,91.0
1110,2015-10-20,92.0,92.0,92.0,95.0,2218720,490,1,95.0,92.0
1111,2015-10-25,91.0,91.0,91.0,95.0,4453000,1000,1,95.0,91.0
1112,2015-10-31,91.0,91.0,91.0,95.0,44530,10,1,95.0,91.0
1113,2015-11-07,91.0,91.0,91.0,95.0,1135260,255,1,95.0,91.0
1114,2015-11-08,91.0,91.0,91.0,94.0,195648876,43946,15,95.0,91.0
1115,2015-11-30,92.0,92.0,92.0,94.0,513030,147,1,94.0,92.0
1116,2015-12-05,90.0,90.0,90.0,94.0,338700,100,1,94.0,90.0
1117,2015-12-08,90.0,90.0,90.0,94.0,6269337,1851,6,94.0,90.0
1118,2015-12-14,90.0,90.0,90.0,94.0,3556350,1050,1,94.0,90.0
1119,2015-12-15,90.0,90.0,90.0,94.0,14724750,4350,1,94.0,90.0
1120,2015-12-23,90.0,90.0,90.0,94.0,1058566,313,1,94.0,90.0
1121,2016-01-05,90.0,90.0,90.0,94.0,1014600,300,1,94.0,90.0
1122,2016-01-10,90.0,90.0,90.0,94.0,1129588,334,1,94.0,90.0
1123,2016-01-30,85.0,85.0,81.0,84.0,52298280,16396,9,94.0,81.0
1124,2016-01-31,81.0,81.0,81.0,84.0,98641307,32447,8,84.0,81.0
1125,2016-02-01,81.0,87.0,81.0,84.0,50794799,16576,7,84.0,81.0
1126,2016-02-02,81.0,81.0,81.0,84.0,6691659,2197,2,84.0,81.0
1127,2016-02-03,80.0,80.0,80.0,83.0,75816150,25230,4,84.0,80.0
1128,2016-02-09,79.0,80.0,79.0,82.0,235827445,78405,24,83.0,79.0
1129,2016-02-10,79.0,79.0,79.0,82.0,939000,313,1,82.0,79.0
1130,2016-02-13,82.0,82.0,82.0,82.0,1550000,500,1,82.0,82.0
1131,2016-02-16,78.0,78.0,78.0,82.0,6250218,2118,5,82.0,78.0
1132,2016-02-24,78.0,78.0,78.0,82.0,7891250,2675,3,82.0,78.0
1133,2016-02-27,78.0,78.0,78.0,82.0,78257608,26546,14,82.0,78.0
1134,2016-02-28,79.0,79.0,79.0,82.0,4483500,1500,3,82.0,79.0
1135,2016-03-01,78.0,78.0,78.0,82.0,8209600,2800,3,82.0,78.0
1136,2016-03-06,78.0,78.0,78.0,82.0,29300,10,1,82.0,78.0
1137,2016-03-07,78.0,78.0,78.0,82.0,29300,10,1,82.0,78.0
1138,2016-03-08,78.0,82.0,78.0,82.0,27251252864,8847821,4,82.0,82.0
1139,2016-03-09,77.0,77.0,77.0,82.0,6299678,2153,4,82.0,77.0
1140,2016-03-14,77.0,77.0,77.0,81.0,131983082,45107,12,82.0,77.0
1141,2016-03-15,77.0,77.0,77.0,81.0,34800000,12000,3,81.0,77.0
1142,2016-03-16,77.0,77.0,77.0,81.0,9000123,3111,1,81.0,77.0
1143,2016-03-28,82.0,82.0,82.0,81.0,974610,315,1,81.0,82.0
1144,2016-03-29,77.0,77.0,77.0,81.0,7807600,2700,3,81.0,77.0
1145,2016-04-02,81.0,81.0,81.0,81.0,5608980,1836,3,81.0,81.0
1146,2016-04-09,77.0,77.0,77.0,80.0,19330299,6691,3,81.0,77.0
1147,2016-04-11,76.0,76.0,76.0,80.0,35654100,12350,5,80.0,76.0
1148,2016-04-12,76.0,76.0,76.0,80.0,115160000,40000,3,80.0,76.0
1149,2016-04-13,76.0,76.0,76.0,80.0,671395,235,1,80.0,76.0
1150,2016-04-23,76.0,76.0,76.0,79.0,62962566,22038,4,80.0,76.0
1151,2016-04-26,75.0,75.0,75.0,79.0,3416400,1200,2,79.0,75.0
1152,2016-04-30,75.0,75.0,75.0,79.0,5839992,2052,2,79.0,75.0
1153,2016-05-01,75.0,79.0,75.0,79.0,34425451,12061,4,79.0,75.0
1154,2016-05-02,75.0,76.0,75.0,79.0,27592156,9699,8,79.0,75.0
1155,2016-05-04,75.0,75.0,75.0,79.0,28320000,10000,2,79.0,75.0
1156,2016-05-07,77.0,77.0,75.0,79.0,3006500,1050,2,79.0,75.0
1157,2016-05-11,75.0,75.0,75.0,79.0,2850,1,1,79.0,75.0
1158,2016-05-16,75.0,75.0,75.0,79.0,5371300,1900,2,79.0,75.0
1159,2016-06-08,75.0,75.0,75.0,78.0,229943142,81367,8,79.0,75.0
1160,2016-06-13,74.0,74.0,74.0,78.0,2893280,1040,1,78.0,74.0
1161,2016-06-22,74.0,74.0,74.0,77.0,110040646,39566,7,78.0,74.0
1162,2016-07-23,73.0,73.0,73.0,77.0,11726000,4400,6,77.0,73.0
1163,2016-07-27,73.0,73.0,73.0,77.0,18321440,6880,3,77.0,73.0
1164,2016-08-01,73.0,73.0,73.0,75.0,263395860,99021,7,77.0,73.0
1165,2016-08-02,73.0,73.0,73.0,75.0,115820752,43538,5,75.0,73.0
1166,2016-08-03,73.0,73.0,73.0,75.0,25137750,9450,2,75.0,73.0
1167,2016-08-06,78.0,79.0,78.0,76.0,208825663,72935,19,75.0,79.0
1168,2016-08-07,80.0,80.0,80.0,76.0,11620000,4000,6,76.0,80.0
1169,2016-08-08,80.0,80.0,80.0,76.0,290700,100,1,76.0,80.0
1170,2016-08-09,80.0,80.0,80.0,76.0,16808274,5782,12,76.0,80.0
1171,2016-08-10,80.0,80.0,80.0,77.0,169079730,58103,7,76.0,80.0
1172,2016-08-13,81.0,81.0,81.0,79.0,396739944,134808,13,77.0,81.0
1173,2016-08-14,83.0,83.0,83.0,80.0,320868377,106283,13,79.0,83.0
1174,2016-08-15,84.0,84.0,84.0,81.0,189728000,61600,7,80.0,84.0
1175,2016-08-16,85.0,85.0,85.0,82.0,166943403,53559,7,81.0,85.0
1176,2016-08-17,86.0,86.0,86.0,83.0,159918400,50800,4,82.0,86.0
1177,2016-08-20,87.0,87.0,82.0,86.0,620179192,195802,53,83.0,87.0
1178,2016-08-21,83.0,88.0,82.0,85.0,133959477,44822,37,86.0,88.0
1179,2016-08-22,85.0,85.0,85.0,85.0,20440200,6600,3,85.0,85.0
1180,2016-08-23,85.0,87.0,81.0,85.0,83332744,27442,6,85.0,81.0
1181,2016-08-24,81.0,81.0,81.0,85.0,61721310,20958,10,85.0,81.0
1182,2016-08-29,80.0,80.0,80.0,85.0,2934000,1000,2,85.0,80.0
1183,2016-09-04,80.0,80.0,80.0,85.0,1011885,345,1,85.0,80.0
1184,2016-09-11,80.0,80.0,80.0,85.0,1173200,400,1,85.0,80.0
1185,2016-09-28,80.0,80.0,80.0,85.0,17589201,5997,4,85.0,80.0
1186,2016-10-04,80.0,80.0,80.0,85.0,9958600,3400,4,85.0,80.0
1187,2016-10-23,80.0,80.0,80.0,84.0,73175000,25000,6,85.0,80.0
1188,2016-10-24,80.0,80.0,80.0,84.0,29130000,10000,2,84.0,80.0
1189,2016-10-26,80.0,80.0,80.0,84.0,5726790,1970,3,84.0,80.0
1190,2016-10-29,80.0,80.0,80.0,84.0,6831450,2350,2,84.0,80.0
1191,2016-11-02,80.0,80.0,80.0,84.0,1025818,353,2,84.0,80.0
1192,2016-11-06,80.0,80.0,80.0,84.0,2040012,702,3,84.0,80.0
1193,2016-11-08,80.0,88.0,80.0,81.0,2235807718,758567,37,84.0,87.0
1194,2016-11-09,77.0,85.0,77.0,81.0,31010108,10744,14,81.0,83.0
1195,2016-11-12,84.0,85.0,80.0,84.0,640379761,208048,41,81.0,85.0
1196,2016-11-13,88.0,88.0,80.0,84.0,13415066,4498,5,84.0,80.0
1197,2016-11-14,86.0,86.0,79.0,84.0,78087426,25359,20,84.0,84.0
1198,2016-11-15,84.0,84.0,80.0,84.0,18894048,6444,10,84.0,80.0
1199,2016-11-16,82.0,85.0,79.0,84.0,57831488,19200,7,84.0,79.0
1200,2016-11-19,79.0,83.0,79.0,83.0,118240749,40165,10,84.0,83.0
1201,2016-11-21,79.0,82.0,79.0,83.0,58414980,19500,5,83.0,82.0
1202,2016-11-22,82.0,82.0,82.0,83.0,2671780,890,1,83.0,82.0
1203,2016-11-23,79.0,82.0,79.0,83.0,24175558,8262,8,83.0,82.0
1204,2016-11-26,79.0,79.0,79.0,83.0,1005900,350,1,83.0,79.0
1205,2016-11-27,79.0,79.0,79.0,83.0,36818818,12807,5,83.0,79.0
1206,2016-12-03,79.0,79.0,79.0,82.0,60953604,21253,4,83.0,79.0
1207,2016-12-04,78.0,78.0,78.0,82.0,2456160,860,3,82.0,78.0
1208,2016-12-05,78.0,78.0,78.0,82.0,12078024,4229,2,82.0,78.0
1209,2016-12-06,78.0,82.0,78.0,82.0,93285600,32632,11,82.0,78.0
1210,2016-12-07,82.0,82.0,82.0,82.0,1490000,500,1,82.0,82.0
1211,2016-12-11,78.0,78.0,78.0,82.0,1425000,500,1,82.0,78.0
1212,2016-12-12,82.0,82.0,78.0,82.0,8799000,3000,2,82.0,78.0
1213,2016-12-18,78.0,78.0,78.0,82.0,31231000,11000,9,82.0,78.0
1214,2016-12-19,78.0,78.0,78.0,82.0,4577727,1617,2,82.0,78.0
1215,2016-12-20,78.0,78.0,78.0,82.0,18395000,6500,5,82.0,78.0
1216,2016-12-24,78.0,78.0,78.0,82.0,2826000,1000,1,82.0,78.0
1217,2016-12-25,78.0,80.0,77.0,81.0,54982425,19382,13,82.0,77.0
1218,2016-12-26,77.0,77.0,77.0,81.0,9486550,3370,3,81.0,77.0
1219,2016-12-27,77.0,77.0,77.0,81.0,19376344,6888,3,81.0,77.0
1220,2016-12-28,77.0,77.0,77.0,81.0,9868720,3512,3,81.0,77.0
1221,2016-12-31,78.0,78.0,77.0,81.0,5658000,2000,2,81.0,77.0
1222,2017-01-01,77.0,77.0,77.0,81.0,1403500,500,1,81.0,77.0
1223,2017-01-04,77.0,77.0,77.0,81.0,1032976,368,1,81.0,77.0
1224,2017-01-14,77.0,77.0,77.0,81.0,5614000,2000,4,81.0,77.0
1225,2017-01-17,77.0,77.0,77.0,81.0,5612000,2000,2,81.0,77.0
1226,2017-01-18,77.0,77.0,77.0,81.0,4973265,1773,1,81.0,77.0
1227,2017-01-21,77.0,77.0,77.0,81.0,2243200,800,3,81.0,77.0
1228,2017-01-22,77.0,77.0,77.0,81.0,1402000,500,1,81.0,77.0
1229,2017-01-23,77.0,77.0,77.0,81.0,1488924,531,1,81.0,77.0
1230,2017-01-25,77.0,77.0,77.0,81.0,3364800,1200,2,81.0,77.0
1231,2017-01-28,77.0,77.0,77.0,81.0,15136600,5400,2,81.0,77.0
1232,2017-01-30,77.0,77.0,77.0,80.0,227796160,81337,21,81.0,77.0
1233,2017-01-31,76.0,76.0,76.0,79.0,14598532,5297,6,80.0,76.0
1234,2017-02-01,76.0,76.0,76.0,79.0,25785702,9363,3,79.0,76.0
1235,2017-02-04,75.0,75.0,75.0,79.0,2749000,1000,1,79.0,75.0
1236,2017-02-06,75.0,75.0,75.0,79.0,3572400,1300,2,79.0,75.0
1237,2017-02-12,75.0,75.0,75.0,79.0,1373500,500,1,79.0,75.0
1238,2017-02-13,75.0,75.0,75.0,79.0,1373500,500,1,79.0,75.0
1239,2017-02-14,75.0,75.0,75.0,79.0,2472300,900,2,79.0,75.0
1240,2017-02-18,75.0,75.0,75.0,79.0,4974817,1811,1,79.0,75.0
1241,2017-02-19,75.0,75.0,75.0,79.0,1098400,400,1,79.0,75.0
1242,2017-02-20,75.0,75.0,75.0,79.0,1647600,600,1,79.0,75.0
1243,2017-02-22,75.0,75.0,75.0,79.0,8691090,3165,4,79.0,75.0
1244,2017-02-25,75.0,75.0,75.0,79.0,3320240,1210,2,79.0,75.0
1245,2017-03-01,75.0,75.0,75.0,79.0,2743000,1000,1,79.0,75.0
1246,2017-03-18,75.0,75.0,75.0,79.0,1022766,373,1,79.0,75.0
1247,2017-03-26,75.0,75.0,75.0,79.0,3134106,1143,2,79.0,75.0
1248,2017-04-12,75.0,75.0,75.0,79.0,1096400,400,1,79.0,75.0
1249,2017-04-16,75.0,75.0,75.0,76.0,496113213,180970,23,79.0,75.0
1250,2017-04-17,73.0,80.0,73.0,77.0,748940786,267680,23,76.0,77.0
1251,2017-04-18,74.0,80.0,73.0,73.0,2032298784,761310,115,77.0,74.0
1252,2017-04-19,71.0,75.0,71.0,73.0,582332997,220324,48,73.0,73.0
1253,2017-04-22,73.0,76.0,73.0,76.0,1059200993,384336,45,73.0,76.0
1254,2017-04-23,79.0,79.0,74.0,76.0,293022193,104070,20,76.0,77.0
1255,2017-04-24,73.0,80.0,73.0,76.0,106108767,39380,17,76.0,77.0
1256,2017-04-26,76.0,76.0,73.0,76.0,54617658,20484,6,76.0,73.0
1257,2017-04-29,76.0,78.0,75.0,76.0,203862030,73039,21,76.0,77.0
1258,2017-04-30,77.0,77.0,73.0,76.0,42434972,15845,6,76.0,74.0
1259,2017-05-01,77.0,77.0,73.0,76.0,354566491,126691,15,76.0,77.0
1260,2017-05-02,77.0,80.0,77.0,80.0,1297429778,445172,33,76.0,80.0
1261,2017-05-03,84.0,84.0,84.0,82.0,376737263,123157,10,80.0,84.0
1262,2017-05-06,86.0,86.0,86.0,86.0,1225138176,391168,44,82.0,86.0
1263,2017-05-07,90.0,90.0,90.0,90.0,2092289208,636341,53,86.0,90.0
1264,2017-05-08,95.0,95.0,86.0,92.0,3077123598,919360,101,90.0,86.0
1265,2017-05-09,87.0,87.0,87.0,88.0,636000000,200000,4,92.0,87.0
1266,2017-05-10,84.0,93.0,84.0,90.0,1205044644,368598,68,88.0,92.0
1267,2017-05-13,93.0,94.0,93.0,90.0,119691390,35047,17,90.0,94.0
1268,2017-05-14,86.0,94.0,86.0,90.0,14528605,4615,3,90.0,94.0
1269,2017-05-15,86.0,86.0,86.0,89.0,156144000,50000,5,90.0,86.0
1270,2017-05-16,85.0,93.0,85.0,89.0,42804000,13760,5,89.0,85.0
1271,2017-05-17,85.0,85.0,85.0,89.0,15430646,5000,2,89.0,85.0
1272,2017-05-20,85.0,85.0,85.0,89.0,13495100,4350,6,89.0,85.0
1273,2017-05-21,85.0,85.0,85.0,89.0,24835000,8000,4,89.0,85.0
1274,2017-05-22,85.0,87.0,84.0,89.0,75549515,24145,6,89.0,84.0
1275,2017-05-23,85.0,85.0,84.0,88.0,135054000,43800,3,89.0,84.0
1276,2017-05-24,84.0,84.0,83.0,87.0,187452840,61460,9,88.0,83.0
1277,2017-05-27,90.0,90.0,83.0,87.0,95942454,29435,7,87.0,88.0
1278,2017-05-28,88.0,88.0,83.0,86.0,176736785,58295,6,87.0,83.0
1279,2017-05-31,82.0,82.0,82.0,85.0,176402556,59037,11,86.0,82.0
1280,2017-06-07,81.0,88.0,81.0,83.0,434202500,145250,14,85.0,83.0
1281,2017-06-10,84.0,84.0,79.0,83.0,24010688,8238,6,83.0,83.0
1282,2017-06-11,79.0,79.0,79.0,83.0,4137071,1433,2,83.0,79.0
1283,2017-06-12,79.0,79.0,79.0,83.0,1154400,400,1,83.0,79.0
1284,2017-06-17,80.0,80.0,79.0,83.0,25956000,8960,2,83.0,79.0
1285,2017-06-25,79.0,82.0,79.0,83.0,13189500,4500,5,83.0,82.0
1286,2017-06-28,82.0,82.0,79.0,83.0,13785455,4705,4,83.0,79.0
1287,2017-07-01,79.0,79.0,79.0,83.0,19926102,6926,4,83.0,79.0
1288,2017-07-02,82.0,82.0,82.0,83.0,748250,250,1,83.0,82.0
1289,2017-07-03,81.0,81.0,81.0,83.0,295000,100,1,83.0,81.0
1290,2017-07-04,79.0,79.0,79.0,83.0,10601370,3690,5,83.0,79.0
1291,2017-07-05,79.0,79.0,79.0,83.0,2871000,1000,1,83.0,79.0
1292,2017-07-09,79.0,79.0,79.0,83.0,9806790,3417,5,83.0,79.0
1293,2017-07-18,79.0,79.0,79.0,83.0,17631625,6375,4,83.0,79.0
1294,2017-07-22,79.0,79.0,79.0,82.0,59678575,21725,8,83.0,79.0
1295,2017-07-23,78.0,80.0,78.0,81.0,324423614,118444,21,82.0,80.0
1296,2017-07-24,82.0,82.0,77.0,80.0,117980810,43100,11,81.0,78.0
1297,2017-07-25,81.0,81.0,78.0,80.0,49832760,17904,6,80.0,79.0
1298,2017-07-26,82.0,82.0,78.0,80.0,12228500,4435,3,80.0,80.0
1299,2017-07-29,77.0,77.0,77.0,80.0,27438630,10159,6,80.0,77.0
1300,2017-07-31,77.0,80.0,77.0,80.0,122547494,44774,14,80.0,80.0
1301,2017-08-01,81.0,82.0,77.0,80.0,58928479,20819,6,80.0,80.0
1302,2017-08-02,78.0,78.0,76.0,80.0,64549073,24001,14,80.0,77.0
1303,2017-08-06,77.0,77.0,77.0,79.0,23470080,8756,3,80.0,77.0
1304,2017-08-07,77.0,77.0,76.0,79.0,31085072,11632,5,79.0,76.0
1305,2017-08-09,78.0,82.0,76.0,78.0,303371978,113000,29,79.0,81.0
1306,2017-08-12,82.0,82.0,77.0,78.0,11396980,4210,2,78.0,77.0
1307,2017-08-13,76.0,76.0,76.0,78.0,4770000,1800,3,78.0,76.0
1308,2017-08-14,76.0,76.0,74.0,78.0,42343028,16214,10,78.0,74.0
1309,2017-08-15,74.0,77.0,74.0,78.0,33260200,12700,11,78.0,77.0
1310,2017-08-16,78.0,82.0,78.0,80.0,473942876,167886,20,78.0,82.0
1311,2017-08-19,82.0,84.0,82.0,83.0,2656030260,913685,63,80.0,84.0
1312,2017-08-20,87.0,87.0,80.0,83.0,643012555,220348,93,83.0,81.0
1313,2017-08-21,81.0,81.0,79.0,83.0,102511786,36763,16,83.0,79.0
1314,2017-08-22,86.0,86.0,86.0,83.0,1494500,500,1,83.0,86.0
1315,2017-08-23,83.0,83.0,83.0,83.0,39803970,13773,2,83.0,83.0
1316,2017-08-26,80.0,82.0,79.0,82.0,222636397,80708,18,83.0,82.0
1317,2017-08-28,82.0,82.0,78.0,79.0,554107200,204100,24,82.0,81.0
1318,2017-08-29,80.0,82.0,78.0,80.0,259397753,91023,18,79.0,78.0
1319,2017-08-30,79.0,79.0,76.0,80.0,21880090,7997,5,80.0,76.0
1320,2017-09-02,76.0,76.0,76.0,79.0,38534378,14547,14,80.0,76.0
1321,2017-09-03,76.0,78.0,75.0,78.0,174110024,66010,16,79.0,78.0
1322,2017-09-04,75.0,75.0,74.0,78.0,130986538,50174,16,78.0,74.0
1323,2017-09-05,80.0,80.0,80.0,78.0,11164000,4000,2,78.0,80.0
1324,2017-09-06,78.0,78.0,78.0,78.0,5430000,2000,2,78.0,78.0
1325,2017-09-10,77.0,77.0,76.0,78.0,26660000,10000,6,78.0,76.0
1326,2017-09-12,74.0,75.0,74.0,77.0,34157992,13224,4,78.0,75.0
1327,2017-09-13,74.0,74.0,74.0,77.0,28359000,11000,5,77.0,74.0
1328,2017-09-17,74.0,74.0,73.0,77.0,136005696,52520,19,77.0,74.0
1329,2017-09-18,73.0,76.0,73.0,75.0,230797995,90651,19,77.0,74.0
1330,2017-09-19,75.0,79.0,75.0,79.0,2582534558,939125,88,75.0,79.0
1331,2017-09-20,80.0,82.0,79.0,80.0,1294256252,464811,80,79.0,79.0
1332,2017-09-23,77.0,77.0,76.0,78.0,256620908,96790,25,80.0,77.0
1333,2017-09-24,74.0,78.0,74.0,78.0,172460148,65533,16,78.0,76.0
1334,2017-09-25,74.0,80.0,74.0,77.0,5307069232,1976333,52,78.0,80.0
1335,2017-09-26,77.0,77.0,76.0,77.0,2932464,1087,2,77.0,76.0
1336,2017-09-27,79.0,79.0,77.0,77.0,138014751,50689,6,77.0,77.0
1337,2017-10-02,75.0,77.0,75.0,77.0,63287640,24000,3,77.0,77.0
1338,2017-10-03,73.0,73.0,73.0,77.0,2850393,1113,1,77.0,73.0
1339,2017-10-04,80.0,80.0,80.0,77.0,1499728,536,1,77.0,80.0
1340,2017-10-07,74.0,74.0,73.0,77.0,35825852,13936,8,77.0,73.0
1341,2017-10-08,73.0,73.0,73.0,76.0,86153580,33756,10,77.0,73.0
1342,2017-10-09,72.0,73.0,72.0,75.0,130095540,51418,12,76.0,73.0
1343,2017-10-10,72.0,72.0,72.0,74.0,225140927,89837,20,75.0,72.0
1344,2017-10-11,72.0,72.0,70.0,73.0,281110287,114031,24,74.0,70.0
1345,2017-10-14,69.0,69.0,69.0,73.0,4231305,1755,1,73.0,69.0
1346,2017-10-16,74.0,74.0,74.0,73.0,2080000,800,1,73.0,74.0
1347,2017-10-18,70.0,70.0,70.0,72.0,26983000,11000,1,73.0,70.0
1348,2017-10-21,70.0,70.0,69.0,72.0,94039830,38830,17,72.0,69.0
1349,2017-10-29,69.0,70.0,68.0,72.0,21644800,9011,9,72.0,70.0
1350,2017-10-30,68.0,68.0,68.0,72.0,57180148,23944,15,72.0,68.0
1351,2017-10-31,68.0,68.0,68.0,71.0,110272536,46411,18,72.0,68.0
1352,2017-11-01,67.0,67.0,67.0,70.0,90512808,38418,21,71.0,67.0
1353,2017-11-04,67.0,67.0,67.0,69.0,175202896,74935,30,70.0,67.0
1354,2017-11-05,66.0,66.0,66.0,69.0,100755850,43710,27,69.0,66.0
1355,2017-11-06,65.0,65.0,65.0,68.0,125959700,55100,21,69.0,65.0
1356,2017-11-07,65.0,65.0,65.0,67.0,111602556,49338,28,68.0,65.0
1357,2017-11-08,67.0,67.0,64.0,67.0,25508972,11249,5,67.0,64.0
1358,2017-11-11,64.0,64.0,64.0,66.0,220229278,98352,29,67.0,64.0
1359,2017-11-12,63.0,63.0,63.0,66.0,1513733,689,1,66.0,63.0
1360,2017-11-13,64.0,64.0,63.0,66.0,28171484,12802,7,66.0,63.0
1361,2017-11-14,63.0,64.0,63.0,65.0,210599698,95878,27,66.0,64.0
1362,2017-11-15,68.0,68.0,63.0,65.0,74065740,32269,15,65.0,63.0
1363,2017-11-20,62.0,62.0,62.0,65.0,43165650,20000,12,65.0,62.0
1364,2017-11-21,61.0,63.0,61.0,64.0,33768600,15720,24,65.0,61.0
1365,2017-11-22,61.0,64.0,61.0,64.0,80664858,36923,27,64.0,61.0
1366,2017-11-25,65.0,65.0,65.0,64.0,1140000,500,1,64.0,65.0
1367,2017-11-26,65.0,65.0,65.0,64.0,5650000,2500,1,64.0,65.0
1368,2017-11-28,61.0,61.0,61.0,64.0,4180680,1960,1,64.0,61.0
1369,2017-11-29,61.0,63.0,61.0,63.0,138838618,65051,23,64.0,63.0
1370,2017-12-02,64.0,64.0,61.0,63.0,4519200,2110,3,63.0,61.0
1371,2017-12-03,61.0,63.0,61.0,63.0,12685885,5828,7,63.0,61.0
1372,2017-12-05,60.0,60.0,60.0,63.0,31104257,14774,13,63.0,60.0
1373,2017-12-09,60.0,60.0,60.0,63.0,14728000,7000,1,63.0,60.0
1374,2017-12-10,60.0,63.0,60.0,63.0,5488444,2586,4,63.0,63.0
1375,2017-12-11,63.0,63.0,60.0,63.0,22945240,10900,7,63.0,60.0
1376,2017-12-12,60.0,60.0,60.0,61.0,391812300,187470,13,63.0,60.0
1377,2017-12-13,62.0,62.0,61.0,61.0,22285500,10500,3,61.0,61.0
1378,2017-12-16,62.0,62.0,59.0,61.0,35271960,16412,7,61.0,59.0
1379,2017-12-17,58.0,60.0,58.0,61.0,21324400,10214,13,61.0,60.0
1380,2017-12-19,58.0,58.0,58.0,61.0,4717940,2340,3,61.0,58.0
1381,2017-12-20,58.0,61.0,58.0,61.0,88500958,41982,9,61.0,61.0
1382,2017-12-23,58.0,61.0,58.0,60.0,113752228,56226,14,61.0,59.0
1383,2017-12-25,60.0,60.0,60.0,60.0,67309200,32052,6,60.0,60.0
1384,2017-12-26,58.0,60.0,57.0,59.0,115521934,57582,13,60.0,60.0
1385,2017-12-27,57.0,57.0,57.0,58.0,351679834,176039,33,59.0,57.0
1386,2017-12-30,59.0,59.0,59.0,58.0,4363800,2100,3,58.0,59.0
1387,2017-12-31,55.0,55.0,55.0,58.0,27421338,14246,10,58.0,55.0
1388,2018-01-01,55.0,55.0,55.0,57.0,142875688,74450,15,58.0,55.0
1389,2018-01-02,55.0,60.0,55.0,57.0,256576959,129330,20,57.0,60.0
1390,2018-01-03,60.0,60.0,60.0,59.0,441889609,211883,37,57.0,60.0
1391,2018-01-06,60.0,60.0,60.0,59.0,101789700,48820,2,59.0,60.0
1392,2018-01-07,61.0,61.0,59.0,59.0,65663700,31500,5,59.0,61.0
1393,2018-01-08,61.0,61.0,61.0,60.0,148448000,70000,6,59.0,61.0
1394,2018-01-09,57.0,60.0,57.0,58.0,349348103,175210,37,60.0,60.0
1395,2018-01-10,57.0,58.0,55.0,58.0,58873799,30213,20,58.0,55.0
1396,2018-01-13,55.0,55.0,55.0,56.0,248121476,129338,18,58.0,55.0
1397,2018-01-14,54.0,54.0,54.0,56.0,18910000,10000,3,56.0,54.0
1398,2018-01-15,54.0,57.0,54.0,56.0,135151319,69100,23,56.0,57.0
1399,2018-01-16,57.0,57.0,54.0,56.0,40610774,21166,11,56.0,55.0
1400,2018-01-20,54.0,54.0,53.0,54.0,432666331,229878,27,56.0,54.0
1401,2018-01-21,53.0,54.0,53.0,54.0,328106832,176186,25,54.0,53.0
1402,2018-01-22,54.0,56.0,54.0,54.0,75604519,38995,18,54.0,56.0
1403,2018-01-23,57.0,57.0,57.0,56.0,440740872,223047,27,54.0,57.0
1404,2018-01-24,57.0,57.0,56.0,56.0,16769065,8435,3,56.0,56.0
1405,2018-01-27,57.0,57.0,53.0,55.0,134051812,71502,25,56.0,53.0
1406,2018-01-28,53.0,57.0,53.0,53.0,493678945,265038,34,55.0,54.0
1407,2018-01-29,53.0,54.0,53.0,53.0,9994000,5300,5,53.0,54.0
1408,2018-01-30,53.0,53.0,53.0,53.0,21404690,11495,3,53.0,53.0
1409,2018-01-31,53.0,53.0,53.0,53.0,82026686,44053,9,53.0,53.0
1410,2018-02-03,53.0,54.0,53.0,53.0,28817112,15476,7,53.0,54.0
1411,2018-02-04,53.0,54.0,53.0,53.0,17972300,9570,4,53.0,54.0
1412,2018-02-05,53.0,55.0,53.0,53.0,6419980,3420,2,53.0,55.0
1413,2018-02-06,53.0,53.0,53.0,53.0,174585982,93761,10,53.0,53.0
1414,2018-02-07,52.0,53.0,51.0,53.0,87093833,47270,11,53.0,53.0
1415,2018-02-10,51.0,52.0,51.0,53.0,10937572,6076,3,53.0,52.0
1416,2018-02-12,52.0,52.0,52.0,53.0,1663200,924,1,53.0,52.0
1417,2018-02-14,51.0,52.0,51.0,53.0,78138810,44088,19,53.0,51.0
1418,2018-02-17,50.0,50.0,50.0,52.0,53052140,30280,15,53.0,50.0
1419,2018-02-18,50.0,50.0,50.0,51.0,249111164,142916,25,52.0,50.0
1420,2018-02-19,49.0,49.0,49.0,51.0,6811800,4000,3,51.0,49.0
1421,2018-02-21,50.0,50.0,49.0,51.0,12516000,7200,3,51.0,49.0
1422,2018-02-24,49.0,49.0,49.0,51.0,87176730,51248,8,51.0,49.0
1423,2018-02-25,49.0,50.0,49.0,50.0,99523540,58325,16,51.0,49.0
1424,2018-02-26,49.0,49.0,48.0,50.0,69684300,41700,8,50.0,48.0
1425,2018-02-27,49.0,49.0,47.0,49.0,145839859,87472,12,50.0,49.0
1426,2018-03-03,49.0,49.0,47.0,49.0,102262300,62504,11,49.0,47.0
1427,2018-03-04,46.0,46.0,46.0,48.0,60419710,37380,9,49.0,46.0
1428,2018-03-06,46.0,46.0,46.0,48.0,9483430,5905,5,48.0,46.0
1429,2018-03-07,46.0,46.0,46.0,48.0,8340800,5200,4,48.0,46.0
1430,2018-03-10,46.0,48.0,46.0,48.0,83946268,51834,28,48.0,46.0
1431,2018-03-11,46.0,46.0,46.0,48.0,24335600,15241,8,48.0,46.0
1432,2018-03-12,45.0,45.0,45.0,47.0,63456195,39985,19,48.0,45.0
1433,2018-03-14,47.0,47.0,45.0,45.0,446642076,282075,38,47.0,45.0
1434,2018-03-17,43.0,43.0,43.0,44.0,362450924,240320,28,45.0,43.0
1435,2018-03-18,42.0,43.0,42.0,42.0,3471121139,2386598,244,44.0,42.0
1436,2018-03-19,43.0,43.0,41.0,42.0,735791501,503400,86,42.0,42.0
1437,2018-03-25,43.0,43.0,41.0,42.0,3990820,2700,3,42.0,41.0
1438,2018-03-26,41.0,42.0,40.0,41.0,766298268,535761,51,42.0,41.0
1439,2018-03-27,41.0,41.0,39.0,40.0,261686947,190070,31,41.0,39.0
1440,2018-03-28,39.0,39.0,38.0,40.0,70968975,52558,17,40.0,39.0
1441,2018-04-03,39.0,40.0,39.0,40.0,224786090,161499,28,40.0,40.0
1442,2018-04-04,39.0,39.0,39.0,40.0,151489987,111467,18,40.0,39.0
1443,2018-04-07,40.0,41.0,38.0,39.0,419166089,309057,38,40.0,38.0
1444,2018-04-08,38.0,38.0,38.0,39.0,86047930,64878,11,39.0,38.0
1445,2018-04-09,39.0,41.0,39.0,40.0,923381535,653713,69,39.0,41.0
1446,2018-04-10,40.0,40.0,38.0,39.0,271946063,201196,29,40.0,38.0
1447,2018-04-11,38.0,40.0,38.0,39.0,94338835,71675,13,39.0,38.0
1448,2018-04-15,40.0,40.0,37.0,39.0,49758663,38183,11,39.0,37.0
1449,2018-04-16,37.0,39.0,37.0,39.0,60637478,44151,14,39.0,39.0
1450,2018-04-18,37.0,37.0,37.0,39.0,12942000,10000,3,39.0,37.0
1451,2018-04-22,40.0,40.0,37.0,39.0,17867985,13649,9,39.0,37.0
1452,2018-04-23,37.0,37.0,37.0,38.0,187194848,144863,33,39.0,37.0
1453,2018-04-24,36.0,36.0,36.0,38.0,6331000,5000,4,38.0,36.0
1454,2018-04-25,36.0,36.0,36.0,38.0,132585185,104786,24,38.0,36.0
1455,2018-04-28,36.0,36.0,36.0,37.0,136868015,109745,26,38.0,36.0
1456,2018-04-29,35.0,35.0,35.0,36.0,178018811,144759,19,37.0,35.0
1457,2018-04-30,35.0,35.0,35.0,35.0,354710128,290088,42,36.0,35.0
1458,2018-05-01,35.0,37.0,34.0,35.0,165562404,133268,30,35.0,37.0
1459,2018-05-05,37.0,37.0,35.0,36.0,1251479532,998381,91,35.0,37.0
1460,2018-05-06,37.0,38.0,37.0,37.0,367992811,280013,20,36.0,38.0
1461,2018-05-07,38.0,39.0,38.0,37.0,91514800,67685,12,37.0,39.0
1462,2018-05-08,39.0,39.0,39.0,39.0,1611410440,1176212,65,37.0,39.0
1463,2018-05-09,41.0,41.0,39.0,41.0,564095068,394658,54,39.0,41.0
1464,2018-05-12,43.0,43.0,43.0,43.0,507049197,338303,56,41.0,43.0
1465,2018-05-13,45.0,45.0,45.0,43.0,100621300,64090,9,43.0,45.0
1466,2018-05-14,45.0,45.0,45.0,44.0,118418520,74712,4,43.0,45.0
1467,2018-05-15,46.0,46.0,46.0,44.0,35843148,22374,7,44.0,46.0
1468,2018-05-16,46.0,46.0,46.0,44.0,66999044,41692,5,44.0,46.0
1469,2018-05-19,46.0,46.0,46.0,45.0,135828000,84000,4,44.0,46.0
1470,2018-05-20,47.0,47.0,47.0,47.0,927448704,566208,26,45.0,47.0
1471,2018-05-21,49.0,49.0,46.0,49.0,3226618085,1879987,207,47.0,49.0
1472,2018-05-22,52.0,52.0,52.0,52.0,1572708487,873243,87,49.0,52.0
1473,2018-05-23,54.0,54.0,54.0,54.0,742499259,392649,29,52.0,54.0
1474,2018-05-27,54.0,54.0,52.0,53.0,575623615,311690,60,54.0,52.0
1475,2018-05-28,50.0,50.0,50.0,50.0,676163731,384783,33,53.0,50.0
1476,2018-05-29,48.0,48.0,48.0,50.0,79440230,47569,13,50.0,48.0
1477,2018-05-30,47.0,47.0,47.0,50.0,9942000,6000,6,50.0,47.0
1478,2018-06-02,47.0,47.0,47.0,50.0,2896250,1750,2,50.0,47.0
1479,2018-06-03,47.0,47.0,47.0,50.0,12074200,7300,5,50.0,47.0
1480,2018-06-09,47.0,47.0,47.0,50.0,3388650,2050,2,50.0,47.0
1481,2018-06-10,47.0,47.0,47.0,50.0,7681800,4650,3,50.0,47.0
1482,2018-06-11,47.0,47.0,47.0,50.0,2641600,1600,2,50.0,47.0
1483,2018-06-12,47.0,52.0,47.0,48.0,2483688742,1469376,139,50.0,49.0
1484,2018-06-13,51.0,51.0,46.0,49.0,833364583,491442,85,48.0,46.0
1485,2018-06-17,47.0,50.0,46.0,48.0,1315073831,790479,115,49.0,46.0
1486,2018-06-18,48.0,48.0,45.0,46.0,1391367429,872671,119,48.0,45.0
1487,2018-06-19,43.0,48.0,43.0,47.0,2150501986,1306144,113,46.0,48.0
1488,2018-06-20,49.0,49.0,49.0,49.0,1998571968,1156581,88,47.0,49.0
1489,2018-06-23,50.0,52.0,50.0,52.0,3561561076,1976487,210,49.0,52.0
1490,2018-06-24,54.0,54.0,54.0,54.0,4112203567,2173782,252,52.0,54.0
1491,2018-06-25,57.0,57.0,57.0,55.0,126273852,63582,11,54.0,57.0
1492,2018-06-26,56.0,59.0,53.0,57.0,3625155198,1810313,208,55.0,58.0
1493,2018-06-27,57.0,60.0,55.0,60.0,4748587692,2275507,212,57.0,60.0
1494,2018-06-30,58.0,63.0,58.0,62.0,2344118384,1073216,166,60.0,63.0
1495,2018-07-01,65.0,65.0,59.0,60.0,718171544,341104,57,62.0,59.0
1496,2018-07-02,57.0,62.0,57.0,58.0,3065013665,1519041,199,60.0,57.0
1497,2018-07-03,60.0,60.0,55.0,55.0,3523020570,1827953,220,58.0,55.0
1498,2018-07-04,57.0,57.0,52.0,53.0,986636628,536723,76,55.0,52.0
1499,2018-07-07,55.0,55.0,51.0,52.0,571285888,316301,56,53.0,52.0
1500,2018-07-08,52.0,54.0,49.0,52.0,643008525,353985,59,52.0,52.0
1501,2018-07-10,52.0,52.0,50.0,52.0,151439801,85327,17,52.0,50.0
1502,2018-07-11,50.0,51.0,49.0,49.0,565150798,327596,60,52.0,49.0
1503,2018-07-14,51.0,51.0,47.0,49.0,261730173,155117,28,49.0,49.0
1504,2018-07-15,51.0,51.0,47.0,48.0,221423786,133548,42,49.0,48.0
1505,2018-07-22,51.0,51.0,51.0,51.0,66276000,42000,4,48.0,51.0
1506,2018-07-23,53.0,53.0,53.0,53.0,503425656,304001,15,51.0,53.0
1507,2018-07-24,56.0,56.0,56.0,53.0,108871250,62750,7,53.0,56.0
1508,2018-07-25,56.0,56.0,56.0,55.0,286879488,163744,14,53.0,56.0
1509,2018-07-28,58.0,58.0,58.0,56.0,142550619,79327,13,55.0,58.0
1510,2018-07-29,58.0,58.0,58.0,58.0,397881216,218496,15,56.0,58.0
1511,2018-07-30,60.0,60.0,60.0,60.0,566400000,300000,22,58.0,60.0
1512,2018-07-31,64.0,64.0,64.0,61.0,31906236,16098,5,60.0,64.0
1513,2018-08-01,64.0,64.0,64.0,64.0,776430185,390755,36,61.0,64.0
1514,2018-08-04,67.0,67.0,67.0,67.0,1005981844,482254,29,64.0,67.0
1515,2018-08-05,70.0,74.0,70.0,73.0,8593275161,3769790,370,67.0,74.0
1516,2018-08-06,76.0,76.0,76.0,76.0,990638520,416760,31,73.0,76.0
1517,2018-08-08,74.0,74.0,70.0,71.0,1394665517,626303,150,76.0,70.0
1518,2018-08-11,68.0,75.0,68.0,71.0,6537374427,2941484,305,71.0,75.0
1519,2018-08-12,75.0,75.0,75.0,75.0,592836297,254109,17,71.0,75.0
1520,2018-08-13,78.0,78.0,78.0,78.0,6378090627,2607653,239,75.0,78.0
1521,2018-08-14,81.0,82.0,79.0,82.0,2861210484,1118788,109,78.0,82.0
1522,2018-08-15,86.0,86.0,86.0,86.0,727264692,270963,22,82.0,86.0
1523,2018-08-18,90.0,95.0,90.0,95.0,4805536966,1624887,128,86.0,95.0
1524,2018-08-19,99.0,99.0,99.0,99.0,9072646976,2923019,226,95.0,99.0
1525,2018-08-20,102.0,104.0,100.0,103.0,7963501292,2477054,352,99.0,102.0
1526,2018-08-21,105.0,105.0,98.0,99.0,4717917506,1532121,235,103.0,98.0
1527,2018-08-25,94.0,102.0,94.0,96.0,9769124733,3265069,476,99.0,98.0
1528,2018-08-26,95.0,99.0,91.0,94.0,8621874030,2940242,420,96.0,91.0
1529,2018-08-27,94.0,94.0,89.0,91.0,3624773819,1271585,250,94.0,93.0
1530,2018-08-28,94.0,95.0,90.0,93.0,3377384844,1164833,203,91.0,93.0
1531,2018-08-29,94.0,97.0,92.0,97.0,1193985031,394915,71,93.0,97.0
1532,2018-09-01,102.0,102.0,101.0,102.0,5131423928,1617214,175,97.0,102.0
1533,2018-09-02,107.0,107.0,97.0,104.0,4381267931,1350248,211,102.0,101.0
1534,2018-09-03,100.0,105.0,99.0,99.0,3089095554,998679,190,104.0,99.0
1535,2018-09-04,101.0,104.0,99.0,102.0,3763024314,1183289,206,99.0,99.0
1536,2018-09-05,104.0,107.0,104.0,107.0,8974651916,2693684,259,102.0,107.0
1537,2018-09-08,112.0,112.0,111.0,112.0,5800056501,1661152,343,107.0,112.0
1538,2018-09-09,114.0,117.0,109.0,116.0,6697200071,1855545,285,112.0,117.0
1539,2018-09-10,120.0,121.0,120.0,119.0,613824201,162684,20,116.0,121.0
1540,2018-09-11,125.0,131.0,122.0,127.0,5812445281,1462166,261,119.0,128.0
1541,2018-09-12,130.0,133.0,124.0,128.0,8945412879,2237695,432,127.0,125.0
1542,2018-09-15,128.0,131.0,122.0,128.0,12306196651,3077699,524,128.0,125.0
1543,2018-09-16,125.0,129.0,122.0,124.0,6077297680,1569391,256,128.0,123.0
1544,2018-09-17,129.0,130.0,129.0,130.0,6449622648,1587350,184,124.0,130.0
1545,2018-09-18,137.0,137.0,136.0,137.0,5416353560,1269660,157,130.0,137.0
1546,2018-09-22,143.0,144.0,140.0,143.0,6404631552,1433575,219,137.0,144.0
1547,2018-09-23,150.0,150.0,150.0,150.0,2315463527,493597,46,143.0,150.0
1548,2018-09-25,158.0,166.0,158.0,151.0,74036730,14668,4,150.0,166.0
1549,2018-09-29,158.0,166.0,158.0,166.0,9975716986,1922327,214,151.0,166.0
1550,2018-09-30,175.0,175.0,175.0,175.0,4151376000,762000,80,166.0,175.0
1551,2018-10-01,183.0,183.0,166.0,181.0,18418682925,3261545,490,175.0,183.0
1552,2018-10-02,190.0,190.0,172.0,174.0,1509451057,278080,61,181.0,172.0
1553,2018-10-03,165.0,182.0,165.0,165.0,9222067810,1788051,182,174.0,165.0
1554,2018-10-06,160.0,173.0,157.0,161.0,11623722967,2313578,208,165.0,157.0
1555,2018-10-07,154.0,154.0,153.0,159.0,333206792,69592,21,161.0,153.0
1556,2018-10-08,151.0,151.0,151.0,159.0,30262173,6421,6,159.0,151.0
1557,2018-10-09,151.0,160.0,151.0,152.0,6370696862,1341540,143,159.0,151.0
1558,2018-10-10,145.0,145.0,145.0,148.0,652515404,144617,25,152.0,145.0
1559,2018-10-13,141.0,141.0,141.0,147.0,92622731,21113,5,148.0,141.0
1560,2018-10-14,140.0,140.0,140.0,147.0,17476000,4000,2,147.0,140.0
1561,2018-10-15,140.0,151.0,140.0,143.0,9107976795,2037907,273,147.0,140.0
1562,2018-10-16,140.0,144.0,136.0,138.0,7276980609,1686681,249,143.0,136.0
1563,2018-10-17,131.0,138.0,131.0,133.0,3394052044,819772,138,138.0,133.0
1564,2018-10-20,126.0,139.0,126.0,137.0,5726255283,1336463,133,133.0,139.0
1565,2018-10-21,144.0,144.0,139.0,144.0,4648011312,1034552,104,137.0,144.0
1566,2018-10-22,151.0,151.0,151.0,151.0,6263652413,1327889,99,144.0,151.0
1567,2018-10-23,159.0,159.0,159.0,159.0,1323620080,267290,40,151.0,159.0
1568,2018-10-24,167.0,167.0,167.0,167.0,6844088376,1316424,34,159.0,167.0
1569,2018-10-27,169.0,169.0,161.0,165.0,5666860514,1097970,133,167.0,161.0
1570,2018-10-28,157.0,165.0,157.0,160.0,24229997569,4851248,483,165.0,162.0
1571,2018-10-29,163.0,168.0,160.0,166.0,8298472418,1605536,283,160.0,168.0
1572,2018-10-31,168.0,173.0,162.0,168.0,11685705291,2224125,316,166.0,166.0
1573,2018-11-03,170.0,170.0,160.0,164.0,6807191946,1333672,236,168.0,160.0
1574,2018-11-04,160.0,164.0,155.0,159.0,7892411747,1590290,272,164.0,157.0
1575,2018-11-05,166.0,167.0,166.0,167.0,8152049060,1564587,195,159.0,167.0
1576,2018-11-06,170.0,175.0,169.0,171.0,6665800685,1249071,247,167.0,169.0
1577,2018-11-10,170.0,170.0,162.0,163.0,2326735336,456283,198,171.0,162.0
1578,2018-11-11,167.0,172.0,160.0,169.0,6161052514,1165253,261,163.0,172.0
1579,2018-11-12,175.0,175.0,167.0,171.0,5438400589,1016196,268,169.0,167.0
1580,2018-11-13,171.0,175.0,163.0,165.0,5211893049,1009236,296,171.0,166.0
1581,2018-11-14,167.0,173.0,164.0,169.0,6549464760,1241756,166,165.0,167.0
1582,2018-11-17,167.0,170.0,161.0,162.0,5281982329,1043187,165,169.0,161.0
1583,2018-11-18,158.0,163.0,154.0,158.0,2385154338,482572,131,162.0,160.0
1584,2018-11-19,155.0,165.0,150.0,153.0,5192322069,1088370,271,158.0,151.0
1585,2018-11-20,147.0,157.0,147.0,151.0,2894019145,614631,101,153.0,149.0
1586,2018-11-21,155.0,158.0,148.0,157.0,7441783192,1520508,166,151.0,158.0
1587,2018-11-24,160.0,162.0,156.0,159.0,2066234618,416093,120,157.0,157.0
1588,2018-11-26,153.0,166.0,151.0,152.0,1877563560,396297,137,159.0,151.0
1589,2018-11-27,158.0,159.0,151.0,158.0,3886818612,789402,198,152.0,159.0
1590,2018-11-28,162.0,162.0,155.0,159.0,2747612349,554551,130,158.0,157.0
1591,2018-12-01,165.0,165.0,151.0,156.0,820591600,170120,75,159.0,158.0
1592,2018-12-02,162.0,162.0,151.0,155.0,2672008693,552191,123,156.0,155.0
1593,2018-12-03,156.0,160.0,151.0,154.0,2400351644,498080,125,155.0,158.0
1594,2018-12-04,157.0,159.0,152.0,155.0,3275756591,677764,139,154.0,157.0
1595,2018-12-05,158.0,158.0,154.0,155.0,2953845680,609154,200,155.0,157.0
1596,2018-12-08,158.0,163.0,154.0,160.0,8341718913,1668458,350,155.0,163.0
1597,2018-12-09,165.0,168.0,165.0,168.0,5520204673,1052349,223,160.0,168.0
1598,2018-12-10,171.0,171.0,160.0,163.0,3773585790,739712,222,168.0,160.0
1599,2018-12-11,166.0,166.0,160.0,163.0,375986307,74668,40,163.0,161.0
1600,2018-12-12,165.0,165.0,155.0,156.0,5949518018,1222321,279,163.0,155.0
1601,2018-12-15,160.0,160.0,150.0,151.0,3049087483,645694,183,156.0,151.0
1602,2018-12-16,149.0,150.0,144.0,146.0,2982799785,656388,187,151.0,144.0
1603,2018-12-17,144.0,151.0,143.0,145.0,2843523752,628557,129,146.0,144.0
1604,2018-12-18,150.0,150.0,138.0,145.0,636893694,140750,48,145.0,144.0
1605,2018-12-19,145.0,149.0,142.0,145.0,795594091,175445,80,145.0,143.0
1606,2018-12-22,145.0,150.0,145.0,147.0,607630617,130918,75,145.0,150.0
1607,2018-12-23,152.0,152.0,144.0,147.0,1458754067,317590,76,147.0,146.0
1608,2018-12-24,150.0,150.0,143.0,146.0,708476690,156609,61,147.0,146.0
1609,2018-12-25,143.0,147.0,143.0,145.0,509935621,113749,35,146.0,143.0
1610,2018-12-26,142.0,152.0,142.0,147.0,2407379733,526399,119,145.0,147.0
1611,2018-12-29,147.0,150.0,143.0,148.0,2374273682,514765,121,147.0,146.0
1612,2018-12-30,150.0,150.0,144.0,145.0,1110763430,245262,77,148.0,145.0
1613,2018-12-31,144.0,148.0,143.0,145.0,831509937,184484,47,145.0,146.0
1614,2019-01-01,145.0,149.0,144.0,147.0,2819771223,614911,107,145.0,146.0
1615,2019-01-02,143.0,148.0,143.0,144.0,1400396625,311961,67,147.0,143.0
1616,2019-01-05,144.0,148.0,142.0,146.0,1916077973,421458,65,144.0,148.0
1617,2019-01-06,144.0,151.0,143.0,147.0,2269478276,495217,80,146.0,150.0
1618,2019-01-07,147.0,152.0,147.0,150.0,2818004742,603362,113,147.0,151.0
1619,2019-01-08,150.0,151.0,147.0,150.0,986394926,210892,64,150.0,148.0
1620,2019-01-09,152.0,157.0,150.0,153.0,5884142823,1232326,190,150.0,155.0
1621,2019-01-12,155.0,160.0,152.0,155.0,1430938602,295544,113,153.0,152.0
1622,2019-01-13,155.0,157.0,153.0,154.0,1134423295,236252,79,155.0,153.0
1623,2019-01-14,158.0,158.0,148.0,151.0,1335410654,282922,96,154.0,149.0
1624,2019-01-15,148.0,157.0,147.0,154.0,1108150420,230535,95,151.0,156.0
1625,2019-01-16,157.0,158.0,153.0,157.0,2297081205,470260,96,154.0,158.0
1626,2019-01-19,159.0,164.0,159.0,163.0,3880692846,764799,191,157.0,164.0
1627,2019-01-20,170.0,170.0,164.0,169.0,7905633282,1500530,284,163.0,170.0
1628,2019-01-21,173.0,173.0,164.0,168.0,4155324108,790989,202,169.0,165.0
1629,2019-01-22,167.0,167.0,161.0,166.0,789618238,153355,94,168.0,164.0
1630,2019-01-23,161.0,163.0,160.0,162.0,1413256456,279866,133,166.0,161.0
1631,2019-01-26,165.0,165.0,157.0,161.0,1461252347,290570,121,162.0,157.0
1632,2019-01-27,161.0,161.0,153.0,154.0,4246506825,885852,301,161.0,153.0
1633,2019-01-28,154.0,155.0,148.0,151.0,1907753237,405665,136,154.0,153.0
1634,2019-01-29,151.0,156.0,151.0,155.0,2213264660,458688,128,151.0,154.0
1635,2019-01-30,155.0,160.0,154.0,156.0,1525452656,313380,81,155.0,157.0
1636,2019-02-02,160.0,160.0,154.0,156.0,1182782177,243709,109,156.0,154.0
1637,2019-02-03,156.0,157.0,148.0,149.0,2043599674,439916,134,156.0,149.0
1638,2019-02-04,149.0,153.0,146.0,147.0,2104144203,457912,131,149.0,148.0
1639,2019-02-05,146.0,155.0,146.0,154.0,1649591498,344244,105,147.0,155.0
1640,2019-02-06,155.0,160.0,151.0,155.0,653097998,133811,78,154.0,151.0
1641,2019-02-10,155.0,155.0,149.0,152.0,982758416,208301,76,155.0,155.0
1642,2019-02-12,152.0,152.0,147.0,149.0,1058336434,227857,89,152.0,148.0
1643,2019-02-13,149.0,152.0,146.0,148.0,1267690547,274370,101,149.0,151.0
1644,2019-02-16,152.0,153.0,151.0,149.0,518538826,109992,63,148.0,153.0
1645,2019-02-17,154.0,154.0,146.0,148.0,1398184386,302699,74,149.0,149.0
1646,2019-02-18,151.0,153.0,149.0,149.0,391584070,83475,51,148.0,149.0
1647,2019-02-19,152.0,152.0,150.0,151.0,1824835782,388084,117,149.0,151.0
1648,2019-02-20,151.0,153.0,148.0,150.0,1046984101,223331,99,151.0,152.0
1649,2019-02-23,154.0,158.0,154.0,157.0,2954444022,602708,149,150.0,158.0
1650,2019-02-24,159.0,165.0,154.0,157.0,1621239357,331432,139,157.0,156.0
1651,2019-02-25,165.0,165.0,165.0,165.0,2241653424,436459,63,157.0,165.0
1652,2019-02-26,167.0,173.0,165.0,172.0,15268631661,2848823,315,165.0,173.0
1653,2019-02-27,175.0,175.0,167.0,170.0,11367738110,2140989,420,172.0,171.0
1654,2019-03-02,170.0,170.0,164.0,166.0,5631630683,1087180,240,170.0,169.0
1655,2019-03-03,170.0,174.0,166.0,173.0,8902521391,1651144,347,166.0,170.0
1656,2019-03-04,178.0,178.0,167.0,170.0,4414905239,830365,217,173.0,169.0
1657,2019-03-05,170.0,170.0,166.0,167.0,4081564939,783164,156,170.0,166.0
1658,2019-03-06,171.0,171.0,164.0,168.0,1496568928,285800,124,167.0,169.0
1659,2019-03-09,170.0,171.0,164.0,166.0,2307300014,445521,131,168.0,167.0
1660,2019-03-10,161.0,168.0,161.0,164.0,3991431190,780915,189,166.0,164.0
1661,2019-03-11,164.0,168.0,163.0,164.0,3706832751,725080,192,164.0,164.0
1662,2019-03-12,164.0,172.0,163.0,171.0,6220746702,1166231,224,164.0,172.0
1663,2019-03-13,179.0,179.0,170.0,176.0,7399852254,1349519,247,171.0,170.0
1664,2019-03-16,168.0,178.0,168.0,176.0,6939794986,1266955,238,176.0,176.0
1665,2019-03-17,176.0,176.0,171.0,173.0,5134799462,948897,163,176.0,172.0
1666,2019-03-18,171.0,180.0,171.0,177.0,3701315157,668708,138,173.0,179.0
1667,2019-03-19,176.0,179.0,173.0,176.0,3072109193,560434,144,177.0,177.0
1668,2019-03-25,179.0,179.0,173.0,176.0,2377327173,432665,100,176.0,179.0
1669,2019-03-26,179.0,185.0,176.0,181.0,2654639892,469050,111,176.0,185.0
1670,2019-03-27,189.0,190.0,186.0,190.0,7712840589,1303453,259,181.0,189.0
1671,2019-03-30,199.0,199.0,199.0,199.0,5883540922,947158,103,190.0,199.0
1672,2019-03-31,209.0,209.0,209.0,207.0,1404460524,215342,30,199.0,209.0
1673,2019-04-06,218.0,218.0,218.0,218.0,1833840000,270000,43,207.0,218.0
1674,2019-04-07,224.0,228.0,219.0,226.0,33135418454,4688221,696,218.0,228.0
1675,2019-04-08,234.0,238.0,227.0,237.0,13984910671,1893407,269,226.0,238.0
1676,2019-04-09,245.0,248.0,237.0,244.0,18939208938,2483294,582,237.0,242.0
1677,2019-04-10,248.0,257.0,237.0,254.0,26960647255,3406404,483,244.0,257.0
1678,2019-04-13,264.0,266.0,260.0,266.0,5960073154,718360,92,254.0,266.0
1679,2019-04-15,279.0,293.0,266.0,279.0,15253311434,1753780,457,266.0,275.0
1680,2019-04-16,279.0,279.0,265.0,267.0,13908826093,1668039,525,279.0,265.0
1681,2019-04-17,257.0,280.0,254.0,267.0,14664689376,1761861,488,267.0,272.0
1682,2019-04-20,280.0,280.0,279.0,280.0,8417372237,964056,238,267.0,280.0
1683,2019-04-22,293.0,293.0,268.0,276.0,7535214259,875425,324,280.0,269.0
1684,2019-04-23,266.0,279.0,266.0,273.0,8992410130,1054545,326,276.0,278.0
1685,2019-04-24,278.0,287.0,268.0,285.0,19136452628,2148353,468,273.0,287.0
1686,2019-04-27,292.0,300.0,292.0,300.0,13789463377,1474968,346,285.0,300.0
1687,2019-04-28,314.0,314.0,301.0,306.0,8492305500,889340,335,300.0,303.0
1688,2019-04-29,308.0,314.0,291.0,302.0,8852199941,937754,381,306.0,301.0
1689,2019-04-30,304.0,304.0,287.0,291.0,15522847836,1710576,532,302.0,287.0
1690,2019-05-01,280.0,301.0,280.0,293.0,8578979198,937601,321,291.0,290.0
1691,2019-05-04,293.0,301.0,289.0,297.0,16969883136,1831387,679,293.0,294.0
1692,2019-05-05,297.0,311.0,286.0,297.0,10845031734,1168236,724,297.0,298.0
1693,2019-05-06,297.0,307.0,285.0,291.0,7730494159,851252,336,297.0,295.0
1694,2019-05-07,288.0,297.0,276.0,278.0,13248642501,1527039,326,291.0,276.0
1695,2019-05-08,265.0,292.0,265.0,285.0,13223848550,1484589,398,278.0,287.0
1696,2019-05-11,277.0,300.0,277.0,297.0,20862785592,2249998,493,285.0,293.0
1697,2019-05-12,301.0,301.0,282.0,287.0,9545746532,1063944,323,297.0,296.0
1698,2019-05-13,280.0,302.0,280.0,300.0,11733431118,1253928,327,287.0,302.0
1699,2019-05-14,315.0,315.0,315.0,315.0,19293839800,1963950,181,300.0,315.0
1700,2019-05-15,328.0,328.0,315.0,322.0,20901932050,2078294,470,315.0,322.0
1701,2019-05-18,321.0,335.0,316.0,327.0,13016919581,1276720,501,322.0,317.0
1702,2019-05-19,327.0,327.0,310.0,313.0,14667898349,1499287,390,327.0,313.0
1703,2019-05-20,324.0,324.0,298.0,300.0,8378068678,894488,326,313.0,298.0
1704,2019-05-21,314.0,314.0,292.0,298.0,4607328676,496138,335,300.0,298.0
1705,2019-05-22,308.0,312.0,287.0,310.0,7707888818,795553,301,298.0,312.0
1706,2019-05-25,325.0,325.0,295.0,314.0,4262240829,434423,200,310.0,314.0
1707,2019-05-26,314.0,327.0,311.0,317.0,6086667641,614316,319,314.0,317.0
1708,2019-05-28,333.0,333.0,320.0,333.0,8970430006,862716,142,317.0,333.0
1709,2019-05-29,346.0,346.0,318.0,330.0,6588434024,639878,314,333.0,322.0
1710,2019-06-01,333.0,333.0,315.0,320.0,11549550718,1157043,271,330.0,317.0
1711,2019-06-02,305.0,320.0,305.0,313.0,15061401125,1540238,376,320.0,317.0
1712,2019-06-03,314.0,324.0,305.0,316.0,10866678767,1103384,339,313.0,315.0
1713,2019-06-08,316.0,316.0,300.0,304.0,11433742717,1206350,394,316.0,301.0
1714,2019-06-09,300.0,319.0,300.0,315.0,13826792932,1406428,388,304.0,319.0
1715,2019-06-10,326.0,328.0,308.0,316.0,11714132919,1186107,409,315.0,316.0
1716,2019-06-11,320.0,325.0,311.0,319.0,13255073716,1333299,315,316.0,323.0
1717,2019-06-12,334.0,334.0,325.0,334.0,37516798073,3595935,601,319.0,334.0
1718,2019-06-15,334.0,346.0,318.0,326.0,12984808180,1276184,476,334.0,320.0
1719,2019-06-16,330.0,330.0,310.0,317.0,11702622910,1182783,493,326.0,311.0
1720,2019-06-17,320.0,320.0,301.0,304.0,14618025902,1540760,484,317.0,307.0
1721,2019-06-18,318.0,319.0,307.0,314.0,11724245683,1197961,371,304.0,318.0
1722,2019-06-19,320.0,329.0,311.0,323.0,15857060821,1571356,513,314.0,327.0
1723,2019-07-01,307.0,339.0,307.0,327.0,6749178661,727350,256,323.0,323.0
1724,2019-07-02,337.0,337.0,321.0,324.0,7170018675,780149,357,327.0,323.0
1725,2019-07-03,320.0,336.0,308.0,318.0,9271813967,1028598,428,324.0,324.0
1726,2019-07-06,332.0,332.0,318.0,321.0,4927439553,540944,269,318.0,323.0
1727,2019-07-07,333.0,333.0,317.0,322.0,5706436974,625487,258,321.0,323.0
1728,2019-07-08,323.0,325.0,317.0,320.0,7519144526,827458,318,322.0,318.0
1729,2019-07-09,324.0,324.0,306.0,310.0,10048540740,1144769,384,320.0,309.0
1730,2019-07-10,306.0,314.0,294.0,303.0,12746481398,1482905,456,310.0,296.0
1731,2019-07-13,314.0,314.0,289.0,294.0,14503943749,1740249,590,303.0,291.0
1732,2019-07-14,305.0,305.0,291.0,297.0,5365699234,637330,335,294.0,292.0
1733,2019-07-15,303.0,303.0,286.0,289.0,10102723655,1234848,372,297.0,289.0
1734,2019-07-16,298.0,298.0,274.0,275.0,9847287478,1262449,350,289.0,274.0
1735,2019-07-17,275.0,282.0,262.0,279.0,3208319582,405252,207,275.0,279.0
1736,2019-07-20,282.0,289.0,274.0,278.0,3016436405,382100,201,279.0,278.0
1737,2019-07-21,282.0,283.0,271.0,279.0,5306990302,669949,207,278.0,282.0
1738,2019-07-22,277.0,293.0,277.0,291.0,4014130837,487180,121,279.0,293.0
1739,2019-07-23,305.0,305.0,305.0,305.0,6573348348,759749,57,291.0,305.0
1740,2019-07-24,320.0,320.0,320.0,320.0,5643307824,621236,73,305.0,320.0
1741,2019-07-27,336.0,336.0,336.0,336.0,8934511664,936728,145,320.0,336.0
1742,2019-07-28,353.0,353.0,336.0,347.0,33482504699,3398209,932,336.0,340.0
1743,2019-07-29,346.0,346.0,330.0,331.0,11628858293,1239639,409,347.0,330.0
1744,2019-07-30,325.0,340.0,322.0,332.0,7641489100,811900,304,331.0,327.0
1745,2019-07-31,323.0,328.0,317.0,321.0,7398340251,812582,363,332.0,323.0
1746,2019-08-03,331.0,333.0,317.0,326.0,7967996017,860857,300,321.0,331.0
1747,2019-08-04,335.0,335.0,322.0,328.0,6243431901,671280,282,326.0,329.0
1748,2019-08-05,323.0,325.0,317.0,320.0,19677901515,2168798,543,328.0,317.0
1749,2019-08-06,317.0,333.0,317.0,326.0,7974988360,861663,384,320.0,325.0
1750,2019-08-07,331.0,336.0,321.0,330.0,16655573385,1778052,533,326.0,336.0
1751,2019-08-10,340.0,346.0,336.0,341.0,6826726128,705595,326,330.0,337.0
1752,2019-08-11,336.0,345.0,331.0,336.0,7872273125,825493,371,341.0,331.0
1753,2019-08-13,331.0,346.0,324.0,340.0,12715375404,1317536,368,336.0,344.0
1754,2019-08-14,344.0,357.0,341.0,354.0,20798723650,2073548,556,340.0,351.0
1755,2019-08-17,353.0,371.0,353.0,365.0,12581404067,1213905,293,354.0,371.0
1756,2019-08-18,383.0,384.0,374.0,383.0,22756344161,2094863,468,365.0,384.0
1757,2019-08-19,402.0,402.0,394.0,402.0,21317102227,1869528,368,383.0,402.0
1758,2019-08-21,416.0,422.0,407.0,420.0,35716981884,2998628,794,402.0,416.0
1759,2019-08-24,420.0,423.0,399.0,406.0,39563816057,3436664,1484,420.0,401.0
1760,2019-08-25,404.0,417.0,386.0,402.0,26435371671,2320508,983,406.0,413.0
1761,2019-08-26,419.0,422.0,413.0,421.0,25696781814,2150283,410,402.0,422.0
1762,2019-08-27,437.0,437.0,400.0,415.0,14626203324,1242812,686,421.0,405.0
1763,2019-08-28,394.0,413.0,394.0,400.0,14980557144,1321271,422,415.0,405.0
1764,2019-08-31,395.0,420.0,395.0,414.0,16976133289,1446081,453,400.0,399.0
1765,2019-09-01,412.0,412.0,398.0,401.0,7760951331,682040,359,414.0,398.0
1766,2019-09-02,395.0,398.0,381.0,385.0,16223864879,1487625,576,401.0,394.0
1767,2019-09-03,394.0,395.0,381.0,391.0,6852019284,618396,207,385.0,393.0
1768,2019-09-04,395.0,404.0,393.0,395.0,10991671873,980829,350,391.0,393.0
1769,2019-09-07,402.0,415.0,391.0,408.0,23148034106,2000291,615,395.0,415.0
1770,2019-09-08,427.0,428.0,416.0,427.0,20630980596,1703876,507,408.0,428.0
1771,2019-09-11,426.0,448.0,416.0,447.0,19720852685,1556571,522,427.0,448.0
1772,2019-09-14,448.0,458.0,425.0,438.0,18974552999,1527728,742,447.0,430.0
1773,2019-09-15,430.0,437.0,416.0,424.0,70732980241,5888714,554,438.0,435.0
1774,2019-09-16,435.0,445.0,435.0,444.0,17564124885,1396345,376,424.0,445.0
1775,2019-09-17,462.0,462.0,423.0,444.0,16201830084,1287018,469,444.0,444.0
1776,2019-09-18,444.0,447.0,423.0,427.0,12121548343,1001027,324,444.0,430.0
1777,2019-09-21,427.0,448.0,425.0,445.0,10411981204,825776,241,427.0,448.0
1778,2019-09-22,467.0,467.0,451.0,467.0,14170956685,1070419,251,445.0,467.0
1779,2019-09-23,490.0,490.0,469.0,485.0,23305256810,1694041,479,467.0,490.0
1780,2019-09-24,485.0,497.0,471.0,485.0,11226887921,816736,363,485.0,481.0
1781,2019-09-25,494.0,501.0,482.0,492.0,7428074081,532159,340,485.0,497.0
1782,2019-09-28,501.0,517.0,494.0,514.0,37522792530,2576682,640,492.0,517.0
1783,2019-09-29,529.0,529.0,488.0,501.0,13758748382,967885,468,514.0,511.0
1784,2019-09-30,513.0,513.0,497.0,504.0,19140227920,1339164,456,501.0,504.0
1785,2019-10-01,524.0,524.0,479.0,489.0,20511200009,1478033,630,504.0,479.0
1786,2019-10-02,465.0,489.0,465.0,478.0,8900631304,656423,291,489.0,472.0
1787,2019-10-05,494.0,494.0,462.0,480.0,8967932846,658888,286,478.0,469.0
1788,2019-10-06,472.0,472.0,456.0,458.0,15390208706,1184741,329,480.0,465.0
1789,2019-10-07,481.0,481.0,445.0,457.0,9513171622,734537,268,458.0,451.0
1790,2019-10-08,451.0,471.0,434.0,440.0,13506825897,1081385,287,457.0,434.0
1791,2019-10-09,420.0,434.0,418.0,424.0,9775959808,812580,278,440.0,434.0
1792,2019-10-12,434.0,445.0,434.0,443.0,5412045492,430650,197,424.0,445.0
1793,2019-10-13,462.0,465.0,421.0,442.0,6526606649,520393,277,443.0,442.0
1794,2019-10-14,423.0,455.0,423.0,438.0,3883849060,312867,165,442.0,430.0
1795,2019-10-15,455.0,455.0,416.0,417.0,17233160902,1456181,278,438.0,416.0
1796,2019-10-16,406.0,419.0,403.0,407.0,7974234105,691607,257,417.0,409.0
1797,2019-10-20,427.0,427.0,386.0,390.0,14360458278,1299845,343,407.0,386.0
1798,2019-10-21,381.0,402.0,371.0,380.0,7535392949,699915,262,390.0,392.0
1799,2019-10-22,398.0,399.0,388.0,399.0,6727882567,595287,130,380.0,399.0
1800,2019-10-23,418.0,418.0,402.0,415.0,8996676295,764416,287,399.0,418.0
1801,2019-10-26,412.0,412.0,394.0,410.0,1395444074,121834,77,415.0,394.0
1802,2019-10-28,389.0,411.0,389.0,392.0,42457417958,3820361,995,410.0,396.0
1803,2019-10-30,402.0,411.0,389.0,403.0,17934626476,1570890,590,392.0,411.0
1804,2019-11-02,420.0,420.0,390.0,402.0,9006541632,789327,363,403.0,403.0
1805,2019-11-03,406.0,409.0,400.0,404.0,6782293759,592120,279,402.0,406.0
1806,2019-11-04,420.0,420.0,388.0,396.0,2679588176,239272,196,404.0,389.0
1807,2019-11-05,396.0,396.0,383.0,387.0,6428704098,585455,260,396.0,390.0
1808,2019-11-09,396.0,402.0,387.0,398.0,5424121649,481124,197,387.0,398.0
1809,2019-11-10,412.0,412.0,385.0,391.0,5752612762,519066,193,398.0,397.0
1810,2019-11-11,405.0,405.0,380.0,390.0,3583281469,324336,242,391.0,398.0
1811,2019-11-12,405.0,405.0,388.0,395.0,6172027506,550540,225,390.0,403.0
1812,2019-11-13,406.0,406.0,388.0,398.0,3840688282,339872,187,395.0,401.0
1813,2019-11-16,391.0,404.0,385.0,395.0,4854191461,433195,230,398.0,386.0
1814,2019-11-17,380.0,405.0,375.0,376.0,9875140000,926467,260,395.0,379.0
1815,2019-11-18,357.0,388.0,357.0,379.0,4623839893,429825,224,376.0,384.0
1816,2019-11-19,395.0,395.0,384.0,386.0,1962523855,178006,160,379.0,391.0
1817,2019-11-20,395.0,400.0,381.0,388.0,3438391845,312743,295,386.0,395.0
1818,2019-11-23,395.0,402.0,383.0,391.0,12221256379,1102052,399,388.0,400.0
1819,2019-11-24,400.0,411.0,398.0,408.0,8185157805,708190,310,391.0,411.0
1820,2019-11-25,428.0,428.0,415.0,426.0,16144473241,1336411,579,408.0,428.0
1821,2019-11-26,439.0,447.0,420.0,446.0,56032651213,4433407,832,426.0,447.0
1822,2019-11-27,454.0,458.0,431.0,442.0,13640219380,1088311,448,446.0,443.0
1823,2019-11-30,431.0,442.0,420.0,436.0,13796470422,1117146,460,442.0,438.0
1824,2019-12-01,426.0,448.0,426.0,438.0,9749743998,784477,400,436.0,439.0
1825,2019-12-02,444.0,447.0,417.0,435.0,16219948368,1314061,443,438.0,432.0
1826,2019-12-03,439.0,439.0,420.0,426.0,11894923304,984954,431,435.0,427.0
1827,2019-12-04,428.0,430.0,416.0,421.0,15845221470,1326503,686,426.0,427.0
1828,2019-12-07,440.0,442.0,431.0,440.0,15239850028,1220197,323,421.0,442.0
1829,2019-12-08,457.0,462.0,448.0,458.0,11466184834,883369,401,440.0,462.0
1830,2019-12-09,473.0,473.0,449.0,458.0,12699477334,977904,503,458.0,458.0
1831,2019-12-10,458.0,481.0,458.0,479.0,60235762811,4430225,822,458.0,475.0
1832,2019-12-11,479.0,483.0,458.0,476.0,10413581490,771326,350,479.0,474.0
1833,2019-12-14,493.0,500.0,476.0,498.0,43774612867,3100490,684,476.0,500.0
1834,2019-12-15,511.0,511.0,475.0,490.0,20249052355,1456498,526,498.0,486.0
1835,2019-12-16,486.0,498.0,474.0,493.0,15257528788,1091407,431,490.0,493.0
1836,2019-12-17,481.0,518.0,481.0,508.0,46730381832,3243472,956,493.0,518.0
1837,2019-12-18,533.0,533.0,519.0,532.0,51718385887,3429846,1341,508.0,533.0
1838,2019-12-21,536.0,558.0,533.0,550.0,42287070261,2710131,1124,532.0,557.0
1839,2019-12-22,564.0,564.0,533.0,539.0,28968297660,1895000,1149,550.0,534.0
1840,2019-12-23,535.0,566.0,512.0,537.0,141694511484,9308269,2145,539.0,566.0
1841,2019-12-24,564.0,564.0,564.0,564.0,26940593174,1685578,140,537.0,564.0
1842,2019-12-25,592.0,592.0,592.0,592.0,26536000476,1581218,119,564.0,592.0
1843,2019-12-28,621.0,621.0,621.0,621.0,5183904369,294189,64,592.0,621.0
1844,2019-12-29,652.0,652.0,652.0,652.0,29360324246,1586873,224,621.0,652.0
1845,2019-12-30,684.0,684.0,635.0,668.0,201993924055,10656844,2828,652.0,659.0
1846,2019-12-31,651.0,670.0,635.0,639.0,95533780409,5269633,1718,668.0,635.0
1847,2020-01-01,622.0,666.0,622.0,643.0,42614042060,2336265,1109,639.0,635.0
1848,2020-01-04,611.0,611.0,611.0,612.0,4341772992,250564,60,643.0,611.0
1849,2020-01-05,582.0,582.0,582.0,582.0,6599607978,400146,127,612.0,582.0
1850,2020-01-07,572.0,575.0,553.0,561.0,36879522881,2319057,441,582.0,553.0
1851,2020-01-08,550.0,550.0,550.0,551.0,3376755195,216667,41,561.0,550.0
1852,2020-01-11,562.0,562.0,562.0,562.0,5799802800,363624,58,551.0,562.0
1853,2020-01-12,591.0,591.0,578.0,590.0,51546106406,3082633,622,562.0,591.0
1854,2020-01-13,615.0,619.0,596.0,617.0,56686975652,3241355,975,590.0,619.0
1855,2020-01-14,645.0,645.0,621.0,635.0,36327805313,2017727,917,617.0,636.0
1856,2020-01-15,645.0,667.0,608.0,655.0,73911474875,3977835,1242,635.0,667.0
1857,2020-01-18,688.0,688.0,661.0,685.0,59806674930,3077684,874,655.0,686.0
1858,2020-01-19,655.0,712.0,655.0,699.0,37154501873,1874273,1019,685.0,705.0
1859,2020-01-20,733.0,733.0,699.0,712.0,60685567745,3003738,1292,699.0,712.0
1860,2020-01-21,677.0,677.0,677.0,677.0,59624471832,3106573,1220,712.0,677.0
1861,2020-01-22,645.0,697.0,645.0,667.0,85917162508,4539895,2119,677.0,661.0
1862,2020-01-25,670.0,691.0,663.0,675.0,100528510754,5248602,2530,667.0,686.0
1863,2020-01-26,695.0,695.0,652.0,673.0,79948606533,4189980,1909,675.0,667.0
1864,2020-01-27,680.0,680.0,652.0,664.0,27429090386,1456317,948,673.0,659.0
1865,2020-01-28,664.0,680.0,645.0,666.0,27985641726,1482956,1076,664.0,645.0
1866,2020-02-01,643.0,665.0,632.0,640.0,43319172863,2385662,1466,666.0,639.0
1867,2020-02-02,652.0,672.0,640.0,662.0,27221636669,1449273,871,640.0,672.0
1868,2020-02-03,682.0,688.0,648.0,679.0,28838674500,1497297,1070,662.0,677.0
1869,2020-02-04,688.0,688.0,645.0,661.0,28224478540,1505312,796,679.0,649.0
1870,2020-02-05,652.0,674.0,638.0,649.0,27876042367,1514785,1215,661.0,643.0
1871,2020-02-08,665.0,665.0,617.0,632.0,43674661408,2438137,1418,649.0,632.0
1872,2020-02-09,642.0,642.0,600.0,612.0,33914536352,1953210,1319,632.0,603.0
1873,2020-02-10,607.0,643.0,582.0,607.0,43961378213,2554740,1300,612.0,628.0
1874,2020-02-12,637.0,637.0,637.0,637.0,10493551108,580781,248,607.0,637.0
1875,2020-02-15,667.0,669.0,652.0,667.0,49182101738,2600664,1019,637.0,669.0
1876,2020-02-16,675.0,687.0,646.0,666.0,25470098456,1349303,991,667.0,658.0
1877,2020-02-17,675.0,675.0,637.0,648.0,28945640296,1574104,885,666.0,647.0
1878,2020-02-18,649.0,681.0,648.0,672.0,50020735585,2623994,1362,648.0,669.0
1879,2020-02-19,676.0,676.0,642.0,653.0,35804147084,1932338,1413,672.0,655.0
1880,2020-02-22,621.0,651.0,621.0,634.0,38266664274,2129323,1362,653.0,628.0
1881,2020-02-23,635.0,665.0,635.0,661.0,43247361303,2307243,1366,634.0,665.0
1882,2020-02-24,687.0,694.0,670.0,686.0,55270447373,2841232,905,661.0,694.0
1883,2020-02-25,720.0,720.0,720.0,720.0,19882164775,973423,315,686.0,720.0
1884,2020-02-26,741.0,741.0,705.0,725.0,69464510780,3378029,1601,720.0,711.0
1885,2020-02-29,689.0,709.0,689.0,690.0,46910949805,2398672,787,725.0,689.0
1886,2020-03-01,656.0,705.0,656.0,681.0,34320451778,1777089,1423,690.0,683.0
1887,2020-03-02,698.0,698.0,659.0,666.0,56204680811,2974007,1819,681.0,670.0
1888,2020-03-03,700.0,700.0,700.0,684.0,24938503813,1256791,373,666.0,700.0
1889,2020-03-04,718.0,718.0,718.0,718.0,61094014968,3001278,284,684.0,718.0
1890,2020-03-07,754.0,754.0,754.0,754.0,151803658935,7102593,1039,718.0,754.0
1891,2020-03-09,791.0,791.0,755.0,788.0,288345966154,12903987,2638,754.0,791.0
1892,2020-03-10,827.0,827.0,825.0,827.0,179898729414,7667676,1103,788.0,827.0
1893,2020-03-11,869.0,869.0,834.0,867.0,359438639570,14612361,2113,827.0,869.0
1894,2020-03-14,911.0,911.0,826.0,890.0,514427005634,20378966,6131,867.0,878.0
1895,2020-03-15,885.0,890.0,846.0,864.0,190630353348,7781393,2839,890.0,853.0
1896,2020-03-16,847.0,901.0,822.0,859.0,170160854904,6989572,3799,864.0,831.0
1897,2020-03-17,859.0,878.0,816.0,823.0,101351578657,4343159,2219,859.0,816.0
1898,2020-03-18,842.0,864.0,782.0,843.0,154660119101,6467414,3613,823.0,864.0
1899,2020-03-24,881.0,881.0,806.0,838.0,72625664392,3055398,2134,843.0,818.0
1900,2020-03-25,838.0,880.0,829.0,874.0,142041177766,5734116,1861,838.0,880.0
1901,2020-03-28,899.0,899.0,830.0,863.0,201202104850,8221027,4940,874.0,860.0
1902,2020-03-29,868.0,896.0,833.0,863.0,178361885340,7291109,4322,863.0,839.0
1903,2020-03-30,839.0,860.0,820.0,826.0,131961118929,5635148,3134,863.0,829.0
1904,2020-04-04,839.0,864.0,809.0,844.0,94123014715,3930601,2757,826.0,832.0
1905,2020-04-05,864.0,864.0,802.0,826.0,103129957655,4403148,2765,844.0,822.0
1906,2020-04-06,822.0,822.0,785.0,792.0,82284985824,3664661,2365,826.0,790.0
1907,2020-04-07,803.0,831.0,797.0,829.0,94669605587,4028639,1560,792.0,831.0
1908,2020-04-08,870.0,870.0,860.0,869.0,118474329275,4806912,2395,829.0,870.0
1909,2020-04-11,875.0,885.0,846.0,874.0,106520608542,4296695,1988,869.0,855.0
1910,2020-04-12,853.0,868.0,831.0,839.0,119336083524,5017117,2990,874.0,839.0
1911,2020-04-13,841.0,850.0,809.0,828.0,61532603333,2620134,1627,839.0,816.0
1912,2020-04-14,787.0,807.0,787.0,790.0,81864593319,3655239,2079,828.0,787.0
1913,2020-04-15,776.0,829.0,776.0,822.0,45971656246,1968894,1339,790.0,829.0
1914,2020-04-18,863.0,864.0,826.0,858.0,100989860380,4149408,2403,822.0,861.0
1915,2020-04-19,876.0,876.0,815.0,830.0,128782663835,5472744,3194,858.0,815.0
1916,2020-04-20,803.0,864.0,803.0,847.0,108064810211,4497414,2478,830.0,846.0
1917,2020-04-21,871.0,890.0,846.0,876.0,234321017509,9430333,3521,847.0,890.0
1918,2020-04-22,920.0,920.0,920.0,920.0,86446475550,3313395,1040,876.0,920.0
1919,2020-04-25,966.0,966.0,966.0,947.0,30460566542,1111943,423,920.0,966.0
1920,2020-04-26,994.0,994.0,913.0,986.0,292546382901,10465682,4008,947.0,994.0
1921,2020-04-27,1005.0,1028.0,970.0,988.0,216525141072,7725320,4078,986.0,972.0
1922,2020-04-28,984.0,1017.0,939.0,962.0,224853714618,8242150,4867,988.0,993.0
1923,2020-04-29,993.0,1010.0,973.0,1006.0,181910013381,6375523,2340,962.0,1010.0
1924,2020-05-02,1055.0,1057.0,1037.0,1056.0,150486384613,5027517,2115,1006.0,1057.0
1925,2020-05-03,1108.0,1108.0,1086.0,1106.0,458479476080,14620701,6192,1056.0,1108.0
1926,2020-05-04,1111.0,1146.0,1051.0,1089.0,210885586350,6826335,4131,1106.0,1093.0
1927,2020-05-05,1128.0,1128.0,1035.0,1051.0,151250722768,5073193,2612,1089.0,1035.0
1928,2020-05-06,999.0,1086.0,999.0,1020.0,136123907307,4708536,3309,1051.0,1019.0
1929,2020-05-09,1058.0,1070.0,1030.0,1067.0,185942184640,6147198,2688,1020.0,1070.0
1930,2020-05-10,1120.0,1120.0,1067.0,1115.0,254469262853,8047057,3871,1067.0,1120.0
1931,2020-05-11,1167.0,1171.0,1128.0,1165.0,191391672551,5793857,3237,1115.0,1171.0
1932,2020-05-12,1223.0,1223.0,1107.0,1151.0,260106184374,7969780,4031,1165.0,1108.0
1933,2020-05-13,1128.0,1208.0,1114.0,1195.0,274190789230,8091508,3434,1151.0,1192.0
1934,2020-05-16,1238.0,1238.0,1135.0,1152.0,63145050868,1932274,1414,1195.0,1135.0
1935,2020-05-17,1095.0,1125.0,1095.0,1097.0,101112487582,3251605,1660,1152.0,1095.0
1936,2020-05-18,1069.0,1150.0,1063.0,1099.0,171720603621,5511357,2928,1097.0,1063.0
1937,2020-05-19,1076.0,1128.0,1058.0,1095.0,160049075741,5154827,2942,1099.0,1069.0
1938,2020-05-20,1093.0,1128.0,1051.0,1092.0,152277021931,4918621,3047,1095.0,1104.0
1939,2020-05-23,1141.0,1146.0,1114.0,1142.0,119994127822,3703936,1659,1092.0,1146.0
1940,2020-05-26,1193.0,1193.0,1138.0,1187.0,274855000000,8124280,3736,1142.0,1158.0
1941,2020-05-27,1203.0,1246.0,1187.0,1238.0,137863545701,3907179,2084,1187.0,1246.0
1942,2020-05-30,1300.0,1300.0,1246.0,1299.0,357616449184,9657166,4372,1238.0,1280.0
1943,2020-05-31,1279.0,1279.0,1234.0,1240.0,201014669959,5686324,2121,1299.0,1234.0
1944,2020-06-01,1178.0,1178.0,1178.0,1196.0,33609691760,1000765,418,1240.0,1178.0
1945,2020-06-02,1137.0,1193.0,1137.0,1139.0,257648895141,7938502,2362,1196.0,1158.0
1946,2020-06-06,1165.0,1196.0,1160.0,1185.0,93862380229,2777732,1368,1139.0,1196.0
1947,2020-06-07,1243.0,1245.0,1196.0,1243.0,151571186271,4279181,1072,1185.0,1245.0
1948,2020-06-08,1305.0,1305.0,1181.0,1289.0,528600219019,14387208,3270,1243.0,1305.0
1949,2020-06-09,1321.0,1353.0,1305.0,1351.0,526279415734,13670867,3579,1289.0,1353.0
1950,2020-06-10,1388.0,1418.0,1330.0,1391.0,318313719202,8029694,3967,1351.0,1356.0
1951,2020-06-13,1386.0,1460.0,1324.0,1399.0,501575079210,12579135,5026,1391.0,1460.0
1952,2020-06-14,1469.0,1469.0,1469.0,1469.0,75352479020,1800107,459,1399.0,1469.0
1953,2020-06-15,1542.0,1542.0,1542.0,1542.0,345056064750,7851105,894,1469.0,1542.0
1954,2020-06-16,1600.0,1619.0,1506.0,1599.0,690139095950,15137423,3998,1542.0,1619.0
1955,2020-06-20,1679.0,1679.0,1579.0,1666.0,571494770440,12030463,3363,1599.0,1631.0
1956,2020-06-21,1617.0,1617.0,1583.0,1585.0,283936906530,6285917,2568,1666.0,1583.0
1957,2020-06-22,1506.0,1578.0,1506.0,1518.0,598845306440,13838805,5774,1585.0,1519.0
1958,2020-06-23,1533.0,1594.0,1518.0,1586.0,325224542570,7193185,3140,1518.0,1577.0
1959,2020-06-24,1577.0,1665.0,1526.0,1652.0,301438173300,6401220,1969,1586.0,1663.0
1960,2020-06-27,1691.0,1731.0,1674.0,1711.0,53638472590,1099675,407,1652.0,1730.0
1961,2020-06-30,1797.0,1797.0,1754.0,1796.0,331980215100,6483955,1606,1711.0,1797.0
1962,2020-07-01,1886.0,1886.0,1744.0,1792.0,345185049730,6757676,3488,1796.0,1749.0
1963,2020-07-04,1749.0,1750.0,1703.0,1715.0,81308589800,1663578,1075,1792.0,1703.0
1964,2020-07-05,1629.0,1800.0,1629.0,1688.0,904517434500,18799262,5429,1715.0,1800.0
1965,2020-07-06,1772.0,1772.0,1760.0,1772.0,448579851110,8881213,2471,1688.0,1772.0
1966,2020-07-07,1860.0,1860.0,1772.0,1857.0,686560616250,12974015,3296,1772.0,1860.0
1967,2020-07-08,1926.0,1949.0,1803.0,1939.0,695994493970,12589831,3461,1857.0,1810.0
1968,2020-07-11,1843.0,2036.0,1843.0,1981.0,644866247240,11420620,2823,1939.0,2036.0
1969,2020-07-12,2080.0,2080.0,1981.0,2078.0,464293994460,7838659,2474,1981.0,2035.0
1970,2020-07-13,2035.0,2182.0,2017.0,2124.0,440285985660,7271375,3001,2078.0,2124.0
1971,2020-07-14,2221.0,2230.0,2194.0,2228.0,434002867840,6833608,1567,2124.0,2230.0
1972,2020-07-15,2337.0,2339.0,2280.0,2337.0,496440675480,7452424,2025,2228.0,2339.0
1973,2020-07-18,2337.0,2454.0,2220.0,2328.0,727070582940,10954273,5713,2337.0,2249.0
1974,2020-07-19,2242.0,2438.0,2212.0,2264.0,583348899780,9038515,5195,2328.0,2224.0
1975,2020-07-22,2280.0,2393.0,2280.0,2343.0,150610810290,2290317,528,2264.0,2387.0
1976,2020-07-25,2423.0,2423.0,2227.0,2334.0,371540079160,5673370,3320,2343.0,2231.0
1977,2020-07-26,2281.0,2281.0,2217.0,2229.0,159868086170,2556117,1021,2334.0,2217.0
1978,2020-07-27,2117.0,2217.0,2117.0,2129.0,503811242420,8433780,2897,2229.0,2139.0
1979,2020-07-28,2142.0,2235.0,2142.0,2218.0,292438393260,4697765,2682,2129.0,2165.0
1980,2020-07-29,2218.0,2329.0,2174.0,2311.0,143113764710,2206395,1189,2218.0,2329.0
1981,2020-08-01,2427.0,2427.0,2427.0,2427.0,62099368500,911885,390,2311.0,2427.0
1982,2020-08-02,2427.0,2548.0,2427.0,2548.0,133615972200,1868826,423,2427.0,2548.0
1983,2020-08-03,2675.0,2675.0,2675.0,2675.0,245387990230,3268789,930,2548.0,2675.0
1984,2020-08-09,2809.0,2809.0,2542.0,2772.0,330321761070,4247143,1458,2675.0,2701.0
1985,2020-08-10,2633.0,2701.0,2633.0,2634.0,282967696180,3828140,1392,2772.0,2633.0
1986,2020-08-11,2503.0,2503.0,2503.0,2530.0,36829033380,524406,221,2634.0,2503.0
1987,2020-08-12,2424.0,2657.0,2404.0,2466.0,444931057320,6429534,1147,2530.0,2404.0
1988,2020-08-15,2343.0,2402.0,2343.0,2345.0,82544174150,1254029,320,2466.0,2343.0
1989,2020-08-16,2228.0,2228.0,2228.0,2247.0,37732915610,603437,177,2345.0,2228.0
1990,2020-08-17,2244.0,2352.0,2158.0,2268.0,225857308540,3548467,1683,2247.0,2265.0
1991,2020-08-18,2209.0,2351.0,2155.0,2166.0,183129696820,3012864,868,2268.0,2155.0
1992,2020-08-19,2058.0,2058.0,2058.0,2088.0,30126096000,521664,71,2166.0,2058.0
1993,2020-08-22,2003.0,2192.0,1984.0,2072.0,1190292546760,20471288,3882,2088.0,2192.0
1994,2020-08-23,2175.0,2175.0,2072.0,2165.0,2015560315180,33177958,8544,2072.0,2175.0
1995,2020-08-24,2199.0,2273.0,2199.0,2268.0,1347265982800,21165534,7202,2165.0,2273.0
1996,2020-08-25,2298.0,2302.0,2155.0,2186.0,848757351310,13836213,7351,2268.0,2170.0
1997,2020-08-26,2199.0,2295.0,2186.0,2260.0,584437824340,9214982,6677,2186.0,2288.0
1998,2020-08-31,2288.0,2373.0,2147.0,2279.0,988703950980,15457936,5473,2260.0,2373.0
1999,2020-09-01,2316.0,2387.0,2174.0,2273.0,258610015750,4054105,2927,2279.0,2208.0
2000,2020-09-02,2209.0,2245.0,2160.0,2168.0,74067895040,1217168,531,2273.0,2160.0
2001,2020-09-05,2167.0,2241.0,2060.0,2085.0,453206695350,7745858,2900,2168.0,2060.0
2002,2020-09-06,2038.0,2117.0,1981.0,1996.0,319614801460,5707601,1874,2085.0,1981.0
2003,2020-09-07,1896.0,1896.0,1896.0,1970.0,11302393200,212451,48,1996.0,1896.0
2004,2020-09-08,1872.0,1872.0,1872.0,1969.0,387335000,7375,23,1970.0,1872.0
2005,2020-09-09,1871.0,1871.0,1871.0,1923.0,20365695000,387918,189,1969.0,1871.0
2006,2020-09-12,1889.0,1942.0,1827.0,1842.0,232737867380,4503103,1682,1923.0,1827.0
2007,2020-09-13,1750.0,1750.0,1750.0,1822.0,9733534900,198239,62,1842.0,1750.0
2008,2020-09-14,1731.0,1782.0,1731.0,1740.0,373047694270,7638619,1962,1822.0,1746.0
2009,2020-09-15,1782.0,1827.0,1746.0,1805.0,341587090260,6745579,2707,1740.0,1827.0
2010,2020-09-16,1824.0,1883.0,1714.0,1767.0,116798101580,2355524,1195,1805.0,1714.0
2011,2020-09-19,1679.0,1679.0,1679.0,1704.0,33606059830,713353,110,1767.0,1679.0
2012,2020-09-20,1619.0,1619.0,1619.0,1690.0,7795504640,171556,42,1704.0,1619.0
2013,2020-09-21,1605.0,1605.0,1605.0,1630.0,32253952950,715959,94,1690.0,1605.0
2014,2020-09-22,1549.0,1607.0,1549.0,1555.0,335357984160,7683394,2022,1630.0,1556.0
2015,2020-09-23,1568.0,1624.0,1481.0,1565.0,216632742560,4934061,1908,1555.0,1513.0
2016,2020-09-26,1518.0,1564.0,1487.0,1498.0,91086141770,2167388,633,1565.0,1487.0
2017,2020-09-27,1423.0,1423.0,1423.0,1429.0,41992703940,1051658,266,1498.0,1423.0
2018,2020-09-28,1357.0,1390.0,1357.0,1358.0,272076916720,7139857,1236,1429.0,1357.0
2019,2020-09-29,1358.0,1426.0,1319.0,1403.0,191992884850,4875535,1188,1358.0,1426.0
2020,2020-09-30,1473.0,1473.0,1426.0,1472.0,81239759220,1966907,668,1403.0,1473.0
2021,2020-10-03,1545.0,1545.0,1545.0,1535.0,45702610720,1054027,190,1472.0,1545.0
2022,2020-10-04,1612.0,1612.0,1459.0,1603.0,409513966070,9103441,2101,1535.0,1564.0
2023,2020-10-05,1532.0,1604.0,1525.0,1558.0,124629072420,2850547,1405,1603.0,1575.0
2024,2020-10-06,1536.0,1636.0,1536.0,1633.0,140517837950,3065579,783,1558.0,1636.0
2025,2020-10-07,1707.0,1710.0,1597.0,1654.0,139900867940,3014476,1422,1633.0,1607.0
2026,2020-10-10,1604.0,1706.0,1575.0,1641.0,87099513070,1890988,1215,1654.0,1639.0
2027,2020-10-11,1604.0,1723.0,1604.0,1702.0,83615542290,1751274,864,1641.0,1675.0
2028,2020-10-12,1643.0,1746.0,1617.0,1645.0,115788821530,2509205,977,1702.0,1689.0
2029,2020-10-13,1645.0,1693.0,1563.0,1584.0,104445494830,2349771,912,1645.0,1566.0
2030,2020-10-14,1543.0,1579.0,1505.0,1518.0,87193144460,2046681,765,1584.0,1520.0
2031,2020-10-18,1505.0,1593.0,1470.0,1534.0,81823262850,1900462,823,1518.0,1518.0
2032,2020-10-19,1461.0,1517.0,1457.0,1469.0,41608501990,1016062,419,1534.0,1457.0
2033,2020-10-20,1396.0,1461.0,1396.0,1406.0,66251986430,1679264,591,1469.0,1443.0
2034,2020-10-21,1476.0,1476.0,1425.0,1472.0,92529955600,2239731,668,1406.0,1475.0
2035,2020-10-24,1497.0,1497.0,1399.0,1412.0,82617681480,2084477,433,1472.0,1399.0
2036,2020-10-26,1346.0,1425.0,1342.0,1368.0,62295817380,1623141,692,1412.0,1384.0
2037,2020-10-27,1372.0,1422.0,1300.0,1305.0,88356610740,2412111,439,1368.0,1300.0
2038,2020-10-28,1272.0,1370.0,1248.0,1356.0,107533488950,2825804,836,1305.0,1370.0
2039,2020-10-31,1389.0,1424.0,1373.0,1419.0,68459995580,1719443,617,1356.0,1424.0
2040,2020-11-01,1469.0,1490.0,1374.0,1446.0,88375903400,2177122,1006,1419.0,1461.0
2041,2020-11-02,1404.0,1497.0,1404.0,1457.0,58326471080,1426823,687,1446.0,1452.0
2042,2020-11-04,1525.0,1529.0,1425.0,1528.0,59388194800,1384544,291,1457.0,1529.0
2043,2020-11-07,1452.0,1452.0,1452.0,1521.0,4664734000,114472,84,1528.0,1452.0
2044,2020-11-08,1445.0,1445.0,1445.0,1519.0,849400850,20947,33,1521.0,1445.0
2045,2020-11-09,1444.0,1444.0,1444.0,1515.0,2830798290,69879,35,1519.0,1444.0
2046,2020-11-10,1439.0,1493.0,1439.0,1443.0,112808564350,2785659,504,1515.0,1439.0
2047,2020-11-11,1372.0,1461.0,1371.0,1387.0,171683980720,4410914,1088,1443.0,1413.0
2048,2020-11-14,1436.0,1456.0,1354.0,1452.0,52353360200,1284694,243,1387.0,1456.0
2049,2020-11-15,1461.0,1493.0,1380.0,1414.0,162008932580,4082501,1040,1452.0,1380.0
2050,2020-11-16,1351.0,1425.0,1351.0,1386.0,82268754000,2114863,723,1414.0,1380.0
2051,2020-11-17,1354.0,1455.0,1353.0,1441.0,147772621340,3655111,1008,1386.0,1440.0
2052,2020-11-18,1440.0,1493.0,1409.0,1454.0,103190255190,2529211,1179,1441.0,1449.0
2053,2020-11-21,1461.0,1527.0,1408.0,1501.0,192059745200,4561086,1483,1454.0,1467.0
2054,2020-11-22,1444.0,1550.0,1426.0,1492.0,84644229060,2021309,989,1501.0,1497.0
2055,2020-11-23,1529.0,1567.0,1473.0,1563.0,140116226500,3195579,907,1492.0,1567.0
2056,2020-11-24,1635.0,1635.0,1527.0,1581.0,136979959860,3088263,2071,1563.0,1568.0
2057,2020-11-25,1502.0,1603.0,1502.0,1542.0,105818831440,2445092,1305,1581.0,1539.0
2058,2020-11-28,1528.0,1619.0,1466.0,1559.0,268514180930,6139350,2111,1542.0,1619.0
2059,2020-11-29,1636.0,1636.0,1619.0,1636.0,152432563720,3319735,1234,1559.0,1636.0
2060,2020-11-30,1659.0,1710.0,1571.0,1651.0,177656764110,3835428,1846,1636.0,1632.0
2061,2020-12-01,1586.0,1668.0,1586.0,1625.0,80774648460,1771721,1093,1651.0,1600.0
2062,2020-12-02,1557.0,1632.0,1550.0,1590.0,75147299870,1683875,1076,1625.0,1604.0
2063,2020-12-05,1606.0,1670.0,1565.0,1643.0,118364864660,2567443,1033,1590.0,1670.0
2064,2020-12-06,1706.0,1725.0,1664.0,1709.0,66929857050,1395677,716,1643.0,1725.0
2065,2020-12-07,1794.0,1794.0,1764.0,1794.0,109544866810,2175743,720,1709.0,1794.0
2066,2020-12-08,1884.0,1884.0,1884.0,1884.0,72582700320,1373112,313,1794.0,1884.0
2067,2020-12-09,1978.0,1978.0,1884.0,1938.0,363298434560,6677882,2674,1884.0,1937.0
2068,2020-12-12,1878.0,1996.0,1871.0,1908.0,254108786940,4745842,2739,1938.0,1903.0
2069,2020-12-13,1878.0,1960.0,1826.0,1895.0,131955024160,2480901,1426,1908.0,1865.0
2070,2020-12-14,1853.0,1889.0,1801.0,1815.0,114151639650,2240813,1085,1895.0,1801.0
2071,2020-12-15,1725.0,1781.0,1725.0,1725.0,57809640880,1194197,265,1815.0,1725.0
2072,2020-12-16,1639.0,1704.0,1639.0,1646.0,170068302030,3682248,1203,1725.0,1675.0
2073,2020-12-19,1687.0,1728.0,1687.0,1726.0,149780723300,3092387,1171,1646.0,1728.0
2074,2020-12-20,1764.0,1812.0,1668.0,1777.0,246139484140,4936229,1503,1726.0,1812.0
2075,2020-12-21,1865.0,1865.0,1840.0,1865.0,210634810960,4023595,664,1777.0,1865.0
2076,2020-12-22,1906.0,1958.0,1875.0,1953.0,210623994180,3842360,860,1865.0,1958.0
2077,2020-12-23,1996.0,2051.0,1996.0,2045.0,145234275700,2530249,686,1953.0,2051.0
2078,2020-12-26,2138.0,2138.0,1981.0,2048.0,408807422490,7113400,3228,2045.0,1998.0
2079,2020-12-27,1996.0,2048.0,1946.0,1960.0,277479798350,5043893,1835,2048.0,1946.0
2080,2020-12-28,1889.0,1946.0,1862.0,1870.0,187664233400,3576489,925,1960.0,1862.0
2081,2020-12-29,1800.0,1853.0,1776.0,1784.0,285660173590,5704833,1933,1870.0,1822.0
2082,2020-12-30,1853.0,1873.0,1729.0,1807.0,211490253540,4170762,2092,1784.0,1763.0
2083,2021-01-02,1764.0,1764.0,1717.0,1751.0,32653250850,674266,295,1807.0,1717.0
2084,2021-01-03,1664.0,1782.0,1664.0,1698.0,151553219430,3181234,1585,1751.0,1707.0
2085,2021-01-04,1764.0,1764.0,1636.0,1692.0,102576247810,2160881,1402,1698.0,1643.0
2086,2021-01-05,1625.0,1776.0,1625.0,1758.0,234628344250,4755922,1174,1692.0,1776.0
2087,2021-01-06,1845.0,1845.0,1768.0,1828.0,491950743500,9591031,3881,1758.0,1780.0
2088,2021-01-09,1748.0,1817.0,1736.0,1743.0,105971876810,2166157,771,1828.0,1736.0
2089,2021-01-10,1675.0,1828.0,1656.0,1704.0,232169087220,4855257,2496,1743.0,1681.0
2090,2021-01-11,1710.0,1721.0,1619.0,1635.0,206746728130,4506267,2007,1704.0,1646.0
2091,2021-01-12,1645.0,1645.0,1553.0,1571.0,52211736450,1184135,661,1635.0,1553.0
2092,2021-01-13,1493.0,1553.0,1493.0,1496.0,206811035650,4927916,1225,1571.0,1493.0
2093,2021-01-16,1423.0,1497.0,1421.0,1455.0,28964850910,722768,252,1496.0,1421.0
2094,2021-01-18,1382.0,1421.0,1382.0,1382.0,94227415750,2429203,320,1455.0,1382.0
2095,2021-01-19,1318.0,1446.0,1318.0,1385.0,146201697570,3762722,1238,1382.0,1425.0
2096,2021-01-20,1454.0,1454.0,1454.0,1454.0,57013756800,1397396,145,1385.0,1454.0
2097,2021-01-23,1527.0,1527.0,1527.0,1527.0,105103570320,2453398,183,1454.0,1527.0
2098,2021-01-24,1603.0,1603.0,1457.0,1558.0,356684578750,8155759,2243,1527.0,1484.0
2099,2021-01-25,1481.0,1558.0,1481.0,1502.0,212488039320,5039815,1056,1558.0,1493.0
2100,2021-01-26,1577.0,1577.0,1428.0,1454.0,135903100020,3331272,971,1502.0,1444.0
2101,2021-01-27,1401.0,1527.0,1401.0,1507.0,165849773320,3921036,1388,1454.0,1517.0
2102,2021-01-30,1507.0,1583.0,1507.0,1579.0,257918226170,5820748,1080,1507.0,1583.0
2103,2021-01-31,1600.0,1622.0,1500.0,1550.0,137025101340,3149171,1468,1579.0,1507.0
2104,2021-02-01,1474.0,1532.0,1473.0,1484.0,72586020480,1742657,668,1550.0,1473.0
2105,2021-02-02,1426.0,1484.0,1410.0,1429.0,72281185940,1802952,883,1484.0,1431.0
2106,2021-02-03,1486.0,1494.0,1363.0,1400.0,67354697770,1713683,819,1429.0,1379.0
2107,2021-02-06,1372.0,1372.0,1331.0,1344.0,69865953960,1852171,797,1400.0,1333.0
2108,2021-02-07,1344.0,1411.0,1344.0,1411.0,130231197470,3289152,725,1344.0,1411.0
2109,2021-02-08,1453.0,1457.0,1356.0,1397.0,57749716470,1473122,746,1411.0,1414.0
2110,2021-02-09,1425.0,1466.0,1390.0,1423.0,68844264110,1723556,829,1397.0,1466.0
2111,2021-02-13,1508.0,1508.0,1475.0,1506.0,203021981820,4802867,1120,1423.0,1508.0
2112,2021-02-14,1532.0,1532.0,1476.0,1481.0,72274058160,1739172,436,1506.0,1476.0
2113,2021-02-15,1451.0,1451.0,1451.0,1466.0,25093060590,616083,114,1481.0,1451.0
2114,2021-02-16,1437.0,1437.0,1437.0,1462.0,7930934830,196651,126,1466.0,1437.0
2115,2021-02-17,1432.0,1432.0,1432.0,1455.0,11979921600,298008,79,1462.0,1432.0
2116,2021-02-20,1426.0,1426.0,1426.0,1454.0,1215423780,30378,39,1455.0,1426.0
2117,2021-02-21,1425.0,1425.0,1425.0,1454.0,334636320,8368,18,1454.0,1425.0
2118,2021-02-22,1425.0,1425.0,1425.0,1449.0,8414030880,210456,28,1454.0,1425.0
2119,2021-02-23,1420.0,1420.0,1420.0,1421.0,45777076320,1149023,119,1449.0,1420.0
2120,2021-02-24,1393.0,1418.0,1393.0,1396.0,44659148400,1141694,358,1421.0,1393.0
2121,2021-02-27,1368.0,1368.0,1368.0,1387.0,15438192990,402141,54,1396.0,1368.0
2122,2021-02-28,1359.0,1359.0,1359.0,1382.0,8612400650,225751,25,1387.0,1359.0
2123,2021-03-01,1354.0,1354.0,1354.0,1362.0,35472224340,933234,127,1382.0,1354.0
2124,2021-03-02,1335.0,1354.0,1335.0,1336.0,106566375820,2842369,936,1362.0,1335.0
2125,2021-03-03,1312.0,1390.0,1310.0,1349.0,148742837920,3927450,1342,1336.0,1389.0
2126,2021-03-06,1390.0,1393.0,1323.0,1343.0,66841091720,1773554,1134,1349.0,1323.0
2127,2021-03-07,1316.0,1383.0,1316.0,1330.0,132320210820,3544459,1866,1343.0,1350.0
2128,2021-03-08,1358.0,1379.0,1331.0,1361.0,94121149300,2464764,1300,1330.0,1374.0
2129,2021-03-09,1390.0,1408.0,1334.0,1363.0,73155902780,1912239,1172,1361.0,1337.0
2130,2021-03-10,1336.0,1347.0,1336.0,1337.0,54242169900,1445944,553,1363.0,1336.0
2131,2021-03-13,1311.0,1353.0,1310.0,1322.0,111070016780,2993613,1077,1337.0,1336.0
2132,2021-03-14,1326.0,1368.0,1326.0,1350.0,52394965030,1383062,813,1322.0,1336.0
2133,2021-03-15,1363.0,1363.0,1323.0,1337.0,101431262620,2703565,1065,1350.0,1323.0
2134,2021-03-16,1347.0,1390.0,1318.0,1362.0,71444712430,1869985,1076,1337.0,1389.0
2135,2021-03-17,1418.0,1418.0,1372.0,1392.0,71306695970,1826222,932,1362.0,1407.0
2136,2021-03-27,1418.0,1443.0,1366.0,1420.0,69694108040,1749304,797,1392.0,1416.0
2137,2021-03-28,1420.0,1420.0,1392.0,1399.0,39261084730,1004205,497,1420.0,1392.0
2138,2021-03-30,1373.0,1468.0,1373.0,1432.0,136765853110,3404174,1568,1399.0,1452.0
2139,2021-03-31,1468.0,1472.0,1403.0,1426.0,68034208550,1699681,1175,1432.0,1418.0
2140,2021-04-03,1401.0,1420.0,1398.0,1399.0,48248644780,1229434,588,1426.0,1398.0
2141,2021-04-04,1371.0,1407.0,1371.0,1388.0,19097539380,496080,255,1399.0,1371.0
2142,2021-04-05,1361.0,1418.0,1361.0,1380.0,28830406750,747799,646,1388.0,1374.0
2143,2021-04-06,1418.0,1418.0,1352.0,1365.0,30981271740,813031,532,1380.0,1352.0
2144,2021-04-07,1338.0,1369.0,1338.0,1355.0,18493452070,492189,285,1365.0,1338.0
2145,2021-04-10,1328.0,1328.0,1328.0,1349.0,11285542350,302805,68,1355.0,1328.0
2146,2021-04-11,1322.0,1349.0,1322.0,1339.0,17609223970,474509,288,1349.0,1322.0
2147,2021-04-12,1312.0,1332.0,1312.0,1316.0,49571451900,1342564,548,1339.0,1318.0
2148,2021-04-13,1354.0,1386.0,1323.0,1363.0,71317150160,1865203,1058,1316.0,1358.0
2149,2021-04-14,1372.0,1389.0,1340.0,1360.0,24265036720,636934,563,1363.0,1347.0
2150,2021-04-17,1336.0,1372.0,1333.0,1356.0,10535776230,279889,154,1360.0,1333.0
2151,2021-04-18,1329.0,1329.0,1329.0,1354.0,3497770200,93774,23,1356.0,1329.0
2152,2021-04-19,1327.0,1327.0,1327.0,1347.0,12592511500,338054,61,1354.0,1327.0
2153,2021-04-20,1321.0,1321.0,1321.0,1341.0,11540335760,311396,84,1347.0,1321.0
2154,2021-04-21,1301.0,1301.0,1301.0,1336.0,6447885060,176606,75,1341.0,1301.0
2155,2021-04-24,1296.0,1296.0,1296.0,1332.0,4430211480,121843,54,1336.0,1296.0
2156,2021-04-25,1292.0,1292.0,1292.0,1330.0,2111999960,58246,27,1332.0,1292.0
2157,2021-04-26,1291.0,1350.0,1291.0,1295.0,81211538040,2234930,922,1330.0,1307.0
2158,2021-04-27,1283.0,1372.0,1283.0,1336.0,71981981290,1920330,1010,1295.0,1350.0
2159,2021-04-28,1368.0,1368.0,1304.0,1325.0,44565765630,1199695,524,1336.0,1323.0
2160,2021-05-01,1318.0,1325.0,1285.0,1310.0,20520285410,566689,282,1325.0,1285.0
2161,2021-05-02,1271.0,1271.0,1271.0,1310.0,1059291990,29697,35,1310.0,1271.0
2162,2021-05-03,1270.0,1270.0,1270.0,1309.0,963690800,27032,16,1310.0,1270.0
2163,2021-05-05,1270.0,1285.0,1270.0,1275.0,41737299270,1171360,337,1309.0,1270.0
2164,2021-05-08,1237.0,1237.0,1237.0,1254.0,26140932700,753341,166,1275.0,1237.0
2165,2021-05-09,1217.0,1217.0,1217.0,1250.0,4611084960,135064,26,1254.0,1217.0
2166,2021-05-10,1213.0,1213.0,1213.0,1236.0,18690717240,549081,129,1250.0,1213.0
2167,2021-05-11,1199.0,1275.0,1199.0,1225.0,97633710350,2839531,1256,1236.0,1226.0
2168,2021-05-12,1265.0,1265.0,1188.0,1197.0,76249252410,2269397,823,1225.0,1188.0
2169,2021-05-15,1177.0,1257.0,1177.0,1254.0,110630718270,3144816,617,1197.0,1257.0
2170,2021-05-16,1266.0,1293.0,1231.0,1263.0,68677352790,1938301,746,1254.0,1247.0
2171,2021-05-17,1203.0,1261.0,1199.0,1208.0,39318209980,1159911,523,1263.0,1199.0
2172,2021-05-18,1194.0,1228.0,1170.0,1205.0,32471578840,960006,415,1208.0,1212.0
2173,2021-05-19,1227.0,1227.0,1180.0,1195.0,33250241060,991261,551,1205.0,1210.0
2174,2021-05-22,1177.0,1204.0,1136.0,1156.0,14870945870,458612,240,1195.0,1136.0
2175,2021-05-23,1098.0,1136.0,1098.0,1101.0,56152874010,1816572,481,1156.0,1098.0
2176,2021-05-24,1076.0,1140.0,1075.0,1108.0,36716066020,1181003,573,1101.0,1122.0
2177,2021-05-25,1098.0,1163.0,1098.0,1159.0,25568765380,786225,274,1108.0,1163.0
2178,2021-05-26,1211.0,1217.0,1180.0,1213.0,79071531080,2322009,796,1159.0,1217.0
2179,2021-05-29,1209.0,1274.0,1209.0,1270.0,52065270120,1461419,642,1213.0,1274.0
2180,2021-05-30,1294.0,1308.0,1214.0,1251.0,58180283110,1657134,792,1270.0,1265.0
2181,2021-05-31,1219.0,1281.0,1217.0,1254.0,173071480190,4918215,632,1251.0,1237.0
2182,2021-06-01,1219.0,1265.0,1219.0,1251.0,14659004700,417682,283,1254.0,1249.0
2183,2021-06-02,1220.0,1313.0,1220.0,1300.0,54596523630,1496644,541,1251.0,1313.0
2184,2021-06-07,1326.0,1365.0,1326.0,1360.0,90976780350,2383907,864,1300.0,1353.0
2185,2021-06-08,1361.0,1368.0,1301.0,1338.0,54741517640,1458104,713,1360.0,1333.0
2186,2021-06-09,1343.0,1343.0,1286.0,1306.0,30769329100,839582,355,1338.0,1306.0
2187,2021-06-12,1306.0,1371.0,1287.0,1354.0,108927175910,2867251,1071,1306.0,1371.0
2188,2021-06-13,1390.0,1421.0,1355.0,1399.0,74772302240,1904284,1075,1354.0,1421.0
2189,2021-06-14,1425.0,1460.0,1393.0,1418.0,48316352610,1214146,866,1399.0,1418.0
2190,2021-06-15,1418.0,1443.0,1372.0,1393.0,39355921070,1006803,759,1418.0,1377.0
2191,2021-06-16,1407.0,1454.0,1364.0,1429.0,88693201680,2211472,732,1393.0,1450.0
2192,2021-06-19,1500.0,1501.0,1447.0,1492.0,199388902560,4762387,2147,1429.0,1479.0
2193,2021-06-20,1440.0,1497.0,1420.0,1455.0,47970528840,1174913,874,1492.0,1457.0
2194,2021-06-21,1455.0,1475.0,1425.0,1453.0,31240169910,766087,552,1455.0,1461.0
2195,2021-06-22,1463.0,1497.0,1444.0,1462.0,32525239840,792700,612,1453.0,1449.0
2196,2021-06-23,1461.0,1526.0,1426.0,1474.0,76737886680,1855436,1098,1462.0,1485.0
2197,2021-06-26,1478.0,1504.0,1454.0,1472.0,71965788500,1741953,984,1474.0,1468.0
2198,2021-06-27,1472.0,1492.0,1446.0,1469.0,46814841330,1135416,665,1472.0,1460.0
2199,2021-06-28,1454.0,1481.0,1447.0,1457.0,70855870780,1732241,700,1469.0,1460.0
2200,2021-06-29,1461.0,1501.0,1451.0,1469.0,52113989950,1264108,622,1457.0,1466.0
2201,2021-06-30,1479.0,1496.0,1457.0,1477.0,57220598000,1380873,628,1469.0,1475.0
2202,2021-07-03,1490.0,1532.0,1473.0,1501.0,107118365930,2543857,1216,1477.0,1482.0
2203,2021-07-04,1482.0,1575.0,1482.0,1541.0,125585863390,2903595,1119,1501.0,1575.0
2204,2021-07-05,1604.0,1618.0,1572.0,1615.0,182296714900,4023481,1595,1541.0,1618.0
2205,2021-07-06,1628.0,1687.0,1621.0,1651.0,111696426450,2410405,1296,1615.0,1632.0
2206,2021-07-07,1657.0,1657.0,1569.0,1591.0,135606488460,3038107,1780,1651.0,1586.0
2207,2021-07-10,1591.0,1642.0,1547.0,1604.0,112314919940,2495215,1443,1591.0,1614.0
2208,2021-07-11,1604.0,1684.0,1604.0,1672.0,114737658840,2445473,1287,1604.0,1684.0
2209,2021-07-12,1707.0,1725.0,1632.0,1678.0,120270173000,2553635,1186,1672.0,1673.0
2210,2021-07-13,1646.0,1689.0,1633.0,1658.0,121006526400,2600056,1508,1678.0,1666.0
2211,2021-07-18,1658.0,1658.0,1575.0,1586.0,41822334890,1004496,563,1658.0,1592.0
2212,2021-07-19,1565.0,1634.0,1521.0,1564.0,65161164330,1587353,1140,1586.0,1564.0
2213,2021-07-26,1485.0,1575.0,1485.0,1533.0,165585084070,4113521,1538,1564.0,1539.0
2214,2021-07-27,1558.0,1573.0,1457.0,1490.0,101003977100,2582201,1337,1533.0,1457.0
2215,2021-07-28,1482.0,1542.0,1440.0,1486.0,77886010020,1996685,1178,1490.0,1484.0
2216,2021-07-31,1486.0,1560.0,1486.0,1552.0,109964938600,2698362,937,1486.0,1560.0
2217,2021-08-01,1562.0,1629.0,1562.0,1613.0,131669065020,3108177,1458,1552.0,1629.0
2218,2021-08-02,1636.0,1672.0,1556.0,1602.0,63731042670,1515634,1217,1613.0,1584.0
2219,2021-08-03,1543.0,1632.0,1543.0,1573.0,63609128500,1540670,849,1602.0,1568.0
2220,2021-08-04,1546.0,1634.0,1546.0,1592.0,79054607100,1891052,1035,1573.0,1584.0
2221,2021-08-07,1638.0,1672.0,1592.0,1625.0,152063792350,3565432,1745,1592.0,1626.0
2222,2021-08-08,1631.0,1631.0,1581.0,1597.0,73071973480,1743194,1087,1625.0,1599.0
2223,2021-08-09,1597.0,1597.0,1543.0,1565.0,108626615170,2642685,1360,1597.0,1560.0
2224,2021-08-10,1560.0,1644.0,1544.0,1609.0,270731765630,6411204,1596,1565.0,1644.0
2225,2021-08-11,1665.0,1689.0,1621.0,1685.0,163762294870,3700866,1579,1609.0,1689.0
2226,2021-08-14,1752.0,1752.0,1602.0,1649.0,102111640830,2359169,1439,1685.0,1636.0
2227,2021-08-15,1620.0,1731.0,1607.0,1716.0,92155428210,2045803,1262,1649.0,1731.0
2228,2021-08-22,1733.0,1802.0,1716.0,1770.0,117271859890,2523574,1614,1716.0,1757.0
2229,2021-08-23,1737.0,1790.0,1706.0,1756.0,105277617280,2284000,1182,1770.0,1747.0
2230,2021-08-24,1752.0,1832.0,1717.0,1805.0,122897691790,2592511,1381,1756.0,1790.0
2231,2021-08-25,1828.0,1843.0,1756.0,1783.0,156874929050,3352323,1810,1805.0,1792.0
2232,2021-08-28,1809.0,1872.0,1794.0,1870.0,144789276190,2948694,1199,1783.0,1872.0
2233,2021-08-29,1943.0,1943.0,1791.0,1867.0,151219274930,3084786,2289,1870.0,1802.0
2234,2021-08-30,1775.0,1802.0,1774.0,1775.0,87886004640,1885361,889,1867.0,1774.0
2235,2021-08-31,1688.0,1790.0,1687.0,1719.0,197968660060,4385296,2427,1775.0,1771.0
2236,2021-09-12,1828.0,1920.0,1828.0,1873.0,129031761550,5246508,472,1719.0,1920.0
2237,2021-09-13,1966.0,1966.0,1889.0,1951.0,590899518480,23073006,5145,1873.0,1936.0
2238,2021-09-14,1940.0,1958.0,1853.0,1875.0,239752902370,9743406,3965,1951.0,1885.0
2239,2021-09-15,1875.0,1927.0,1781.0,1838.0,102718688760,4256637,2113,1875.0,1828.0
2240,2021-09-18,1821.0,1866.0,1747.0,1764.0,39661790680,1712790,551,1838.0,1747.0
2241,2021-09-19,1678.0,1744.0,1677.0,1681.0,58678982200,2658484,786,1764.0,1677.0
2242,2021-09-20,1638.0,1714.0,1634.0,1663.0,45781035860,2097484,1024,1681.0,1655.0
2243,2021-09-21,1639.0,1710.0,1580.0,1604.0,57129570990,2713874,1035,1663.0,1615.0
2244,2021-09-22,1615.0,1629.0,1524.0,1540.0,82501606100,4081645,1200,1604.0,1562.0
2245,2021-09-25,1578.0,1617.0,1578.0,1616.0,127738697000,6022442,1156,1540.0,1617.0
2246,2021-09-26,1666.0,1666.0,1583.0,1607.0,56997738520,2701254,1030,1616.0,1636.0
2247,2021-09-28,1632.0,1672.0,1592.0,1638.0,39561879390,1840362,1024,1607.0,1614.0
2248,2021-09-29,1601.0,1668.0,1562.0,1604.0,77806437180,3694525,1457,1638.0,1600.0
2249,2021-10-02,1638.0,1674.0,1606.0,1637.0,55114772880,2564687,1124,1604.0,1619.0
2250,2021-10-03,1607.0,1636.0,1556.0,1585.0,70816238660,3404560,1132,1637.0,1590.0
2251,2021-10-04,1613.0,1618.0,1562.0,1597.0,32577257110,1553261,557,1585.0,1600.0
2252,2021-10-06,1629.0,1629.0,1527.0,1551.0,70440879100,3459575,1189,1597.0,1541.0
2253,2021-10-09,1540.0,1585.0,1527.0,1552.0,40626035970,1994600,805,1551.0,1543.0
2254,2021-10-10,1552.0,1577.0,1518.0,1531.0,27995764640,1392482,497,1552.0,1546.0
2255,2021-10-11,1546.0,1575.0,1519.0,1544.0,19415349880,957992,496,1531.0,1524.0
2256,2021-10-12,1520.0,1540.0,1467.0,1473.0,40386904220,2089054,704,1544.0,1467.0
2257,2021-10-13,1413.0,1506.0,1399.0,1420.0,43165080390,2315516,787,1473.0,1434.0
2258,2021-10-16,1483.0,1491.0,1451.0,1489.0,18459458450,944043,193,1420.0,1491.0
2259,2021-10-17,1561.0,1561.0,1479.0,1533.0,42735728830,2123843,744,1489.0,1512.0
2260,2021-10-18,1532.0,1538.0,1464.0,1493.0,37382524200,1907032,524,1533.0,1514.0
2261,2021-10-19,1553.0,1568.0,1495.0,1541.0,56387147110,2787516,687,1493.0,1503.0
2262,2021-10-20,1541.0,1541.0,1474.0,1499.0,24056995660,1222165,478,1541.0,1513.0
2263,2021-10-23,1441.0,1452.0,1425.0,1426.0,74335415470,3970742,653,1499.0,1425.0
2264,2021-10-25,1379.0,1438.0,1355.0,1378.0,15789046320,872832,444,1426.0,1388.0
2265,2021-10-26,1352.0,1421.0,1352.0,1389.0,16943099050,929580,405,1378.0,1374.0
2266,2021-10-27,1388.0,1447.0,1353.0,1414.0,26574087840,1431460,392,1389.0,1394.0
2267,2021-10-30,1416.0,1476.0,1344.0,1362.0,50348048940,2816650,810,1414.0,1360.0
2268,2021-10-31,1345.0,1361.0,1294.0,1303.0,45314278230,2649612,637,1362.0,1308.0
2269,2021-11-01,1306.0,1367.0,1306.0,1351.0,32772218540,1847394,576,1303.0,1341.0
2270,2021-11-02,1298.0,1385.0,1298.0,1338.0,61212668830,3483239,1046,1351.0,1340.0
2271,2021-11-03,1310.0,1384.0,1303.0,1354.0,86788918390,4885205,1191,1338.0,1376.0
2272,2021-11-06,1370.0,1421.0,1370.0,1415.0,86849691270,4676892,1301,1354.0,1410.0
2273,2021-11-07,1428.0,1428.0,1345.0,1362.0,90422687100,5055952,1241,1415.0,1354.0
2274,2021-11-08,1318.0,1397.0,1318.0,1359.0,42707580010,2393511,728,1362.0,1348.0
2275,2021-11-09,1348.0,1397.0,1348.0,1374.0,44511428530,2469099,727,1359.0,1371.0
2276,2021-11-10,1393.0,1408.0,1342.0,1370.0,41223820610,2291537,826,1374.0,1375.0
2277,2021-11-13,1352.0,1371.0,1326.0,1346.0,32038825730,1812832,592,1370.0,1349.0
2278,2021-11-14,1340.0,1370.0,1319.0,1335.0,52684919430,3006891,678,1346.0,1338.0
2279,2021-11-15,1321.0,1354.0,1276.0,1301.0,56738487670,3321102,890,1335.0,1290.0
2280,2021-11-16,1283.0,1316.0,1268.0,1296.0,37480134920,2203988,589,1301.0,1302.0
2281,2021-11-17,1291.0,1328.0,1276.0,1295.0,47851574980,2815102,612,1296.0,1302.0
2282,2021-11-20,1280.0,1310.0,1240.0,1262.0,49127131960,2965785,844,1295.0,1258.0
2283,2021-11-21,1243.0,1272.0,1220.0,1249.0,44799602110,2732366,702,1262.0,1262.0
2284,2021-11-22,1265.0,1306.0,1264.0,1281.0,38113988690,2266066,619,1249.0,1293.0
2285,2021-11-23,1294.0,1294.0,1242.0,1259.0,18103359110,1094912,493,1281.0,1257.0
2286,2021-11-24,1253.0,1284.0,1226.0,1254.0,33863015230,2057781,503,1259.0,1259.0
2287,2021-11-27,1235.0,1253.0,1191.0,1212.0,51449469070,3234678,655,1254.0,1223.0
2288,2021-11-28,1198.0,1226.0,1166.0,1207.0,28900287900,1824562,480,1212.0,1191.0
2289,2021-11-29,1193.0,1211.0,1182.0,1199.0,23155144160,1471358,420,1207.0,1196.0
2290,2021-11-30,1192.0,1213.0,1166.0,1201.0,40199218450,2549525,504,1199.0,1196.0
2291,2021-12-01,1184.0,1219.0,1170.0,1184.0,41646061360,2680545,487,1201.0,1183.0
2292,2021-12-04,1184.0,1242.0,1162.0,1199.0,63690293850,4046097,892,1184.0,1242.0
2293,2021-12-05,1242.0,1258.0,1219.0,1258.0,108739617380,6586728,740,1199.0,1258.0
2294,2021-12-06,1310.0,1320.0,1274.0,1316.0,190407288990,11027164,1312,1258.0,1294.0
2295,2021-12-07,1281.0,1381.0,1262.0,1364.0,211302323050,11805884,2335,1316.0,1358.0
2296,2021-12-08,1330.0,1393.0,1316.0,1355.0,79909822640,4491268,1354,1364.0,1329.0
2297,2021-12-11,1346.0,1346.0,1288.0,1294.0,69569930170,4096636,768,1355.0,1288.0
2298,2021-12-12,1262.0,1262.0,1230.0,1232.0,32689801090,2022239,414,1294.0,1230.0
2299,2021-12-13,1182.0,1225.0,1171.0,1181.0,54555773550,3519777,854,1232.0,1171.0
2300,2021-12-14,1165.0,1216.0,1154.0,1173.0,24750814090,1607664,539,1181.0,1169.0
2301,2021-12-15,1210.0,1210.0,1160.0,1177.0,22835131730,1477775,433,1173.0,1180.0
2302,2021-12-18,1210.0,1219.0,1181.0,1194.0,16848559240,1074707,413,1177.0,1187.0
2303,2021-12-19,1194.0,1208.0,1163.0,1176.0,21490635650,1391719,405,1194.0,1164.0
2304,2021-12-20,1158.0,1210.0,1158.0,1187.0,11839363060,758306,303,1176.0,1194.0
2305,2021-12-21,1187.0,1246.0,1181.0,1233.0,32558020870,2011079,529,1187.0,1246.0
2306,2021-12-22,1243.0,1294.0,1243.0,1294.0,18926010850,1114888,197,1233.0,1294.0
2307,2021-12-25,1332.0,1356.0,1276.0,1313.0,44390757870,2576646,880,1294.0,1279.0
2308,2021-12-26,1248.0,1295.0,1247.0,1271.0,27429337710,1643256,565,1313.0,1276.0
2309,2021-12-27,1295.0,1335.0,1295.0,1333.0,33660686710,1924008,260,1271.0,1335.0
2310,2021-12-28,1399.0,1399.0,1267.0,1393.0,171681159360,9392590,1685,1333.0,1399.0
2311,2021-12-29,1402.0,1413.0,1358.0,1385.0,50587303480,2783011,869,1393.0,1371.0
2312,2022-01-01,1371.0,1383.0,1316.0,1322.0,60294301780,3474385,800,1385.0,1316.0
2313,2022-01-02,1316.0,1371.0,1306.0,1322.0,17512425120,1008768,478,1322.0,1314.0
2314,2022-01-03,1323.0,1345.0,1278.0,1294.0,17489368220,1030008,413,1322.0,1280.0
2315,2022-01-04,1310.0,1310.0,1246.0,1272.0,17678922150,1058608,462,1294.0,1281.0
2316,2022-01-05,1295.0,1312.0,1273.0,1298.0,17893562250,1050388,368,1272.0,1305.0
2317,2022-01-08,1326.0,1348.0,1236.0,1274.0,83508588510,4995254,1106,1298.0,1268.0
2318,2022-01-09,1238.0,1273.0,1210.0,1215.0,80412163510,5042777,912,1274.0,1223.0
2319,2022-01-10,1219.0,1270.0,1209.0,1236.0,36613394390,2255428,635,1215.0,1265.0
2320,2022-01-11,1295.0,1298.0,1261.0,1292.0,68249172560,4024552,919,1236.0,1297.0
2321,2022-01-12,1298.0,1309.0,1257.0,1287.0,35612035630,2108805,578,1292.0,1293.0
2322,2022-01-15,1306.0,1306.0,1239.0,1262.0,18458951280,1114905,360,1287.0,1264.0
2323,2022-01-16,1262.0,1286.0,1230.0,1252.0,19079380390,1160759,356,1262.0,1271.0
2324,2022-01-17,1292.0,1292.0,1230.0,1257.0,19331089160,1171274,371,1252.0,1230.0
2325,2022-01-18,1225.0,1249.0,1194.0,1199.0,43065845090,2736235,429,1257.0,1195.0
2326,2022-01-19,1188.0,1226.0,1172.0,1192.0,25539520800,1632089,502,1199.0,1210.0
2327,2022-01-22,1185.0,1228.0,1133.0,1140.0,85103657390,5688793,1164,1192.0,1133.0
2328,2022-01-23,1131.0,1132.0,1083.0,1086.0,76639759140,5372715,630,1140.0,1089.0
2329,2022-01-24,1047.0,1112.0,1032.0,1036.0,61803332780,4542801,738,1086.0,1040.0
2330,2022-01-25,1032.0,1047.0,984.0,991.0,45370470720,3486061,704,1036.0,1011.0
2331,2022-01-26,1028.0,1041.0,1013.0,1039.0,55075765160,4037790,471,991.0,1041.0
2332,2022-01-29,1073.0,1091.0,1063.0,1087.0,23769473930,1665115,297,1039.0,1091.0
2333,2022-01-30,1131.0,1135.0,1097.0,1120.0,38023980240,2587270,678,1087.0,1115.0
2334,2022-01-31,1115.0,1150.0,1095.0,1127.0,20665599210,1396694,443,1120.0,1127.0
2335,2022-02-01,1105.0,1140.0,1098.0,1114.0,22152598710,1514283,450,1127.0,1105.0
2336,2022-02-02,1105.0,1120.0,1076.0,1090.0,22939514020,1603427,390,1114.0,1097.0
2337,2022-02-05,1100.0,1100.0,1048.0,1070.0,16917282840,1204777,432,1090.0,1051.0
2338,2022-02-06,1029.0,1062.0,1016.0,1019.0,44163083810,3299835,544,1070.0,1016.0
2339,2022-02-07,991.0,1032.0,984.0,1007.0,14966297520,1131686,415,1019.0,1005.0
2340,2022-02-08,988.0,1044.0,988.0,1009.0,49867084880,3767264,582,1007.0,1007.0
2341,2022-02-09,994.0,1036.0,990.0,1009.0,34845514460,2630634,650,1009.0,1015.0
2342,2022-02-12,1038.0,1038.0,995.0,1006.0,12022654350,910888,422,1009.0,1004.0
2343,2022-02-13,994.0,1016.0,989.0,1008.0,16259348920,1229184,356,1006.0,1016.0
2344,2022-02-14,1032.0,1033.0,998.0,1012.0,24476728310,1843665,457,1008.0,1018.0
2345,2022-02-16,1023.0,1023.0,999.0,1009.0,13650090330,1030773,268,1012.0,1012.0
2346,2022-02-19,995.0,1017.0,983.0,996.0,21362914090,1634611,559,1009.0,983.0
2347,2022-02-20,1004.0,1004.0,948.0,965.0,37371695740,2949166,894,996.0,960.0
2348,2022-02-21,960.0,974.0,937.0,948.0,101689239630,8166527,1555,965.0,937.0
2349,2022-02-22,943.0,996.0,943.0,985.0,89968823830,6959443,1226,948.0,990.0
2350,2022-02-23,993.0,1003.0,985.0,994.0,48169396050,3692442,688,985.0,986.0
2351,2022-02-26,967.0,997.0,967.0,980.0,12993955800,1011891,490,994.0,973.0
2352,2022-02-27,996.0,998.0,974.0,983.0,17013003980,1317439,408,980.0,990.0
2353,2022-02-28,1010.0,1010.0,986.0,993.0,17974649890,1379478,340,983.0,993.0
2354,2022-03-02,998.0,998.0,972.0,979.0,25673366160,1997158,518,993.0,974.0
2355,2022-03-05,974.0,1009.0,957.0,990.0,43131167590,3319507,640,979.0,1006.0
2356,2022-03-06,1038.0,1038.0,999.0,1028.0,45246766120,3354941,799,990.0,1028.0
2357,2022-03-07,1040.0,1058.0,1010.0,1036.0,48277683960,3550051,757,1028.0,1019.0
2358,2022-03-08,1013.0,1054.0,1003.0,1031.0,46698568850,3450479,664,1036.0,1022.0
2359,2022-03-09,1047.0,1047.0,1009.0,1023.0,37432279000,2787484,658,1031.0,1019.0
2360,2022-03-12,1023.0,1028.0,1006.0,1019.0,49639233900,3713383,849,1023.0,1015.0
2361,2022-03-13,1015.0,1030.0,1011.0,1018.0,41109953160,3077870,428,1019.0,1014.0
2362,2022-03-14,1028.0,1034.0,1006.0,1013.0,16244709760,1221302,401,1018.0,1014.0
2363,2022-03-15,1009.0,1023.0,993.0,1005.0,16662156220,1262954,351,1013.0,1006.0
2364,2022-03-16,999.0,1013.0,987.0,1001.0,33051270880,2515553,598,1005.0,1009.0
2365,2022-03-19,1003.0,1051.0,1003.0,1047.0,64940437140,4722526,688,1001.0,1051.0
2366,2022-03-26,1066.0,1099.0,1055.0,1086.0,52407295910,3676479,901,1047.0,1082.0
2367,2022-03-27,1060.0,1095.0,1060.0,1080.0,45618670750,3217114,804,1086.0,1089.0
2368,2022-03-28,1095.0,1131.0,1079.0,1107.0,36450399430,2508872,555,1080.0,1114.0
2369,2022-03-29,1127.0,1135.0,1085.0,1099.0,44926502660,3113107,662,1107.0,1085.0
2370,2022-03-30,1082.0,1111.0,1082.0,1099.0,25138602840,1741822,516,1099.0,1110.0
2371,2022-04-03,1127.0,1154.0,1111.0,1153.0,109662770290,7249678,930,1099.0,1154.0
2372,2022-04-04,1181.0,1196.0,1130.0,1154.0,92673324730,6116809,1104,1153.0,1144.0
2373,2022-04-05,1143.0,1177.0,1127.0,1152.0,40578104820,2684100,650,1154.0,1158.0
2374,2022-04-06,1177.0,1209.0,1163.0,1206.0,168564772380,10650351,1593,1152.0,1198.0
2375,2022-04-09,1195.0,1252.0,1159.0,1207.0,82452121960,5203898,1395,1206.0,1220.0
2376,2022-04-10,1189.0,1257.0,1189.0,1242.0,54514585280,3343915,1082,1207.0,1242.0
2377,2022-04-11,1249.0,1278.0,1234.0,1252.0,50733463740,3087125,916,1242.0,1237.0
2378,2022-04-12,1212.0,1226.0,1189.0,1191.0,103268110070,6606342,925,1252.0,1189.0
2379,2022-04-13,1151.0,1215.0,1149.0,1191.0,67490998140,4314796,913,1191.0,1191.0
2380,2022-04-16,1210.0,1234.0,1181.0,1208.0,35203076860,2219964,652,1191.0,1219.0
2381,2022-04-17,1219.0,1244.0,1196.0,1222.0,42370163250,2640822,685,1208.0,1236.0
2382,2022-04-18,1248.0,1280.0,1234.0,1259.0,50468901270,3053486,784,1222.0,1236.0
2383,2022-04-19,1252.0,1292.0,1235.0,1261.0,46020224650,2780996,813,1259.0,1249.0
2384,2022-04-20,1236.0,1295.0,1230.0,1262.0,67282654080,4064092,857,1261.0,1268.0
2385,2022-04-24,1264.0,1302.0,1236.0,1249.0,35186601050,2145390,557,1262.0,1248.0
2386,2022-04-25,1237.0,1276.0,1237.0,1260.0,34434671460,2082532,493,1249.0,1257.0
2387,2022-04-26,1275.0,1287.0,1248.0,1265.0,50637320640,3050987,690,1260.0,1250.0
2388,2022-04-27,1264.0,1264.0,1222.0,1236.0,74868214970,4614864,1038,1265.0,1230.0
2389,2022-04-30,1234.0,1249.0,1200.0,1220.0,45153234630,2819656,958,1236.0,1212.0
2390,2022-05-01,1218.0,1249.0,1194.0,1217.0,64498560150,4039540,898,1220.0,1248.0
2391,2022-05-02,1261.0,1277.0,1241.0,1275.0,147869206900,8833016,1368,1217.0,1275.0
2392,2022-05-07,1275.0,1301.0,1253.0,1270.0,53618129340,3216940,975,1275.0,1260.0
2393,2022-05-08,1258.0,1268.0,1207.0,1250.0,63359417270,3861627,1016,1270.0,1262.0
2394,2022-05-09,1268.0,1268.0,1204.0,1224.0,68529685850,4265681,889,1250.0,1205.0
2395,2022-05-10,1224.0,1253.0,1201.0,1226.0,25011356710,1554847,511,1224.0,1218.0
2396,2022-05-11,1216.0,1265.0,1215.0,1247.0,45645676450,2787777,625,1226.0,1243.0
2397,2022-05-14,1265.0,1284.0,1232.0,1249.0,73662209490,4494726,1058,1247.0,1246.0
2398,2022-05-15,1249.0,1277.0,1230.0,1247.0,67289878640,4109538,922,1249.0,1258.0
2399,2022-05-16,1278.0,1303.0,1253.0,1288.0,78749968580,4656379,1479,1247.0,1294.0
2400,2022-05-17,1306.0,1352.0,1230.0,1345.0,350279472760,19834550,2197,1288.0,1332.0
2401,2022-05-18,1318.0,1369.0,1297.0,1331.0,75095706810,4298938,1138,1345.0,1318.0
2402,2022-05-21,1291.0,1318.0,1265.0,1274.0,91946953730,5500576,1203,1331.0,1265.0
2403,2022-05-22,1272.0,1295.0,1259.0,1266.0,47135196140,2836047,639,1274.0,1269.0
2404,2022-05-23,1283.0,1283.0,1203.0,1211.0,84234274580,5296618,956,1266.0,1204.0
2405,2022-05-24,1183.0,1217.0,1182.0,1194.0,42121681830,2687595,693,1211.0,1196.0
2406,2022-05-25,1218.0,1236.0,1190.0,1220.0,24593858780,1534853,727,1194.0,1216.0
2407,2022-05-28,1220.0,1239.0,1182.0,1204.0,35865894590,2269616,611,1220.0,1191.0
2408,2022-05-29,1182.0,1204.0,1159.0,1174.0,34894241510,2264938,617,1204.0,1191.0
2409,2022-05-30,1175.0,1211.0,1162.0,1175.0,18193005080,1179403,428,1174.0,1169.0
2410,2022-05-31,1162.0,1204.0,1156.0,1187.0,24147298020,1550382,489,1175.0,1188.0
2411,2022-06-01,1207.0,1207.0,1173.0,1186.0,14406570110,924994,372,1187.0,1188.0
2412,2022-06-06,1187.0,1188.0,1127.0,1144.0,35783941350,2382976,609,1186.0,1127.0
2413,2022-06-07,1121.0,1168.0,1105.0,1136.0,44812627330,3005706,538,1144.0,1143.0
2414,2022-06-08,1143.0,1191.0,1140.0,1162.0,44963250630,2946136,582,1136.0,1188.0
2415,2022-06-11,1170.0,1196.0,1140.0,1158.0,39372701750,2590083,646,1162.0,1156.0
2416,2022-06-12,1140.0,1196.0,1140.0,1172.0,44785679310,2909638,602,1158.0,1194.0
2417,2022-06-13,1230.0,1230.0,1204.0,1229.0,87398266720,5417633,570,1172.0,1230.0
2418,2022-06-14,1234.0,1290.0,1234.0,1276.0,117960655450,7041402,1039,1229.0,1290.0
2419,2022-06-15,1290.0,1338.0,1277.0,1314.0,122181306970,7081812,1283,1276.0,1311.0
2420,2022-06-18,1318.0,1318.0,1271.0,1283.0,47417194840,2816465,663,1314.0,1283.0
2421,2022-06-19,1306.0,1323.0,1280.0,1302.0,73166293180,4280870,860,1283.0,1280.0
2422,2022-06-20,1277.0,1316.0,1257.0,1281.0,51160730400,3041537,626,1302.0,1265.0
2423,2022-06-21,1279.0,1279.0,1226.0,1251.0,49089538260,2989615,478,1281.0,1260.0
2424,2022-06-22,1251.0,1303.0,1242.0,1266.0,50398277830,3031732,482,1251.0,1281.0
2425,2022-06-25,1263.0,1266.0,1235.0,1250.0,41324073870,2517754,469,1266.0,1253.0
2426,2022-06-26,1249.0,1249.0,1219.0,1231.0,35223184180,2180114,344,1250.0,1237.0
2427,2022-06-27,1237.0,1262.0,1217.0,1236.0,32494299820,2002849,508,1231.0,1257.0
2428,2022-06-28,1253.0,1272.0,1239.0,1244.0,37401764440,2290171,464,1236.0,1249.0
2429,2022-06-29,1254.0,1264.0,1225.0,1248.0,34127488800,2083933,373,1244.0,1246.0
2430,2022-07-02,1211.0,1264.0,1211.0,1227.0,30096525950,1867628,312,1248.0,1221.0
2431,2022-07-03,1220.0,1278.0,1214.0,1252.0,43815511280,2665867,655,1227.0,1259.0
2432,2022-07-04,1259.0,1283.0,1252.0,1263.0,32035728180,1932359,492,1252.0,1266.0
2433,2022-07-05,1263.0,1315.0,1253.0,1287.0,54496999670,3224023,693,1263.0,1310.0
2434,2022-07-06,1318.0,1351.0,1287.0,1338.0,172373660190,9808150,1445,1287.0,1334.0
2435,2022-07-09,1348.0,1352.0,1310.0,1326.0,71683137810,4119259,814,1338.0,1313.0
2436,2022-07-19,1296.0,1343.0,1240.0,1301.0,52859045960,3497904,608,1326.0,1263.0
2437,2022-07-20,1292.0,1292.0,1250.0,1267.0,30847535090,2095157,444,1301.0,1282.0
2438,2022-07-23,1250.0,1250.0,1204.0,1206.0,90841438700,6484683,507,1267.0,1204.0
2439,2022-07-24,1203.0,1203.0,1146.0,1155.0,82544657340,6151519,793,1206.0,1146.0
2440,2022-07-25,1105.0,1175.0,1097.0,1102.0,67056964070,5239365,518,1155.0,1097.0
2441,2022-07-26,1097.0,1134.0,1065.0,1090.0,18743988230,1480367,374,1102.0,1085.0
2442,2022-07-27,1098.0,1119.0,1080.0,1103.0,12969928590,1012444,217,1090.0,1097.0
2443,2022-07-30,1088.0,1119.0,1052.0,1087.0,13107644230,1039353,323,1103.0,1054.0
2444,2022-07-31,1054.0,1058.0,1033.0,1035.0,44819305890,3729462,499,1087.0,1033.0
2445,2022-08-01,997.0,1049.0,996.0,1025.0,13631610230,1144494,291,1035.0,1024.0
2446,2022-08-02,1037.0,1048.0,1016.0,1026.0,15039415090,1262206,223,1025.0,1038.0
2447,2022-08-03,1039.0,1077.0,1034.0,1066.0,34162509510,2756904,330,1026.0,1077.0
2448,2022-08-06,1095.0,1106.0,1076.0,1077.0,8948946110,710117,207,1066.0,1085.0
2449,2022-08-09,1085.0,1112.0,1079.0,1085.0,7027310820,552608,213,1077.0,1099.0
2450,2022-08-10,1109.0,1109.0,1055.0,1080.0,11286836010,900939,203,1085.0,1055.0
2451,2022-08-13,1080.0,1134.0,1080.0,1118.0,15484204690,1191692,295,1080.0,1115.0
2452,2022-08-14,1086.0,1118.0,1065.0,1088.0,17192076060,1360161,294,1118.0,1086.0
2453,2022-08-15,1109.0,1109.0,1066.0,1084.0,15722248410,1248797,225,1088.0,1087.0
2454,2022-08-16,1106.0,1106.0,1060.0,1073.0,12615614500,1013784,194,1084.0,1062.0
2455,2022-08-17,1076.0,1076.0,1044.0,1056.0,21123593430,1721183,337,1073.0,1051.0
2456,2022-08-20,1044.0,1054.0,1018.0,1029.0,23311437220,1951453,358,1056.0,1020.0
2457,2022-08-21,1024.0,1032.0,998.0,1009.0,19571839570,1670205,378,1029.0,1000.0
2458,2022-08-22,997.0,1036.0,986.0,998.0,53252899480,4594495,472,1009.0,998.0
2459,2022-08-23,998.0,1047.0,987.0,1035.0,43090944470,3583659,547,998.0,1047.0
2460,2022-08-24,1061.0,1081.0,1047.0,1066.0,26743923200,2160556,442,1035.0,1080.0
2461,2022-08-27,1089.0,1118.0,1054.0,1095.0,49021678360,3852537,778,1066.0,1104.0
2462,2022-08-28,1102.0,1113.0,1064.0,1085.0,14419618910,1144767,326,1095.0,1074.0
2463,2022-08-29,1087.0,1103.0,1052.0,1068.0,59296256770,4777086,638,1085.0,1063.0
2464,2022-08-30,1085.0,1085.0,1056.0,1070.0,9982526830,802868,313,1068.0,1069.0
2465,2022-08-31,1085.0,1085.0,1059.0,1069.0,10659159210,858199,226,1070.0,1070.0
2466,2022-09-03,1060.0,1060.0,1030.0,1048.0,11838853840,976485,309,1069.0,1047.0
2467,2022-09-04,1027.0,1066.0,1027.0,1047.0,9515571020,783359,254,1048.0,1048.0
2468,2022-09-05,1051.0,1061.0,1037.0,1047.0,13990535490,1149750,285,1047.0,1041.0
2469,2022-09-06,1041.0,1064.0,1035.0,1045.0,12427685550,1023903,316,1047.0,1046.0
2470,2022-09-07,1046.0,1066.0,1041.0,1048.0,10942148750,897256,220,1045.0,1041.0
2471,2022-09-10,1043.0,1100.0,1038.0,1093.0,80830936760,6365117,1203,1048.0,1097.0
2472,2022-09-11,1109.0,1109.0,1039.0,1059.0,28294687730,2301137,612,1093.0,1042.0
2473,2022-09-12,1075.0,1076.0,1040.0,1052.0,11325757110,928660,309,1059.0,1062.0
2474,2022-09-13,1046.0,1066.0,1046.0,1050.0,11082133420,908527,328,1052.0,1052.0
2475,2022-09-14,1074.0,1074.0,1040.0,1047.0,14951683860,1228134,234,1050.0,1053.0
2476,2022-09-18,1071.0,1071.0,1024.0,1040.0,12545719810,1040403,266,1047.0,1041.0
2477,2022-09-19,1033.0,1050.0,1024.0,1035.0,17958303830,1493754,239,1040.0,1029.0
2478,2022-09-20,1026.0,1045.0,1017.0,1030.0,8277177210,693714,218,1035.0,1028.0
2479,2022-09-21,1029.0,1029.0,1003.0,1017.0,18259885110,1546751,227,1030.0,1007.0
2480,2022-09-24,1007.0,1008.0,966.0,978.0,25374384100,2233937,377,1017.0,968.0
2481,2022-09-26,966.0,1005.0,966.0,982.0,4359331180,378050,151,978.0,997.0
2482,2022-09-28,990.0,1006.0,977.0,995.0,12624451070,1089665,217,982.0,998.0
2483,2022-10-01,1022.0,1022.0,963.0,986.0,29774111270,2598076,316,995.0,980.0
2484,2022-10-02,961.0,980.0,956.0,964.0,13050639050,1167903,320,986.0,960.0
2485,2022-10-03,949.0,979.0,949.0,963.0,6883082840,615969,195,964.0,961.0
2486,2022-10-04,966.0,971.0,948.0,958.0,9561821010,861147,196,963.0,963.0
2487,2022-10-08,961.0,990.0,958.0,975.0,13898849700,1223952,203,958.0,973.0
2488,2022-10-09,975.0,975.0,939.0,957.0,10429705920,946106,199,975.0,952.0
2489,2022-10-10,949.0,968.0,947.0,955.0,6747350760,609775,178,957.0,955.0
2490,2022-10-11,966.0,990.0,964.0,968.0,9611007170,847573,186,955.0,981.0
2491,2022-10-12,957.0,987.0,956.0,973.0,6854164920,603363,152,968.0,986.0
2492,2022-10-15,965.0,977.0,959.0,969.0,5669224130,506170,107,973.0,959.0
2493,2022-10-16,964.0,964.0,936.0,948.0,13250779850,1206081,243,969.0,949.0
2494,2022-10-17,936.0,955.0,936.0,946.0,7050084620,642762,152,948.0,942.0
2495,2022-10-18,943.0,987.0,943.0,952.0,6123826660,548619,186,946.0,953.0
2496,2022-10-19,964.0,998.0,955.0,984.0,33268696370,2910987,625,952.0,992.0
2497,2022-10-22,1012.0,1012.0,973.0,981.0,16814000300,1475201,312,984.0,982.0
2498,2022-10-23,981.0,981.0,956.0,971.0,10006025740,891320,280,981.0,967.0
2499,2022-10-24,964.0,967.0,930.0,949.0,12034656810,1097356,336,971.0,937.0
2500,2022-10-25,947.0,947.0,921.0,941.0,7097993720,655247,312,949.0,928.0
2501,2022-10-26,940.0,947.0,894.0,899.0,41314401590,3956494,554,941.0,894.0
2502,2022-10-29,854.0,854.0,854.0,854.0,73227158400,7381770,326,899.0,854.0
2503,2022-10-30,812.0,812.0,812.0,812.0,25309573060,2683942,207,854.0,812.0
2504,2022-10-31,783.0,845.0,782.0,803.0,99195547540,10636139,1425,812.0,826.0
2505,2022-11-01,813.0,843.0,813.0,841.0,28738519140,2940385,346,803.0,843.0
2506,2022-11-02,848.0,850.0,830.0,837.0,14148505590,1455704,364,841.0,834.0
2507,2022-11-05,844.0,878.0,838.0,874.0,42448254190,4179500,377,837.0,878.0
2508,2022-11-06,893.0,896.0,865.0,878.0,21453708220,2103701,456,874.0,876.0
2509,2022-11-07,891.0,922.0,870.0,909.0,32205259950,3049833,575,878.0,912.0
2510,2022-11-08,938.0,947.0,878.0,908.0,50146175590,4753363,783,909.0,890.0
2511,2022-11-09,874.0,921.0,874.0,903.0,28432027220,2711533,450,908.0,903.0
2512,2022-11-12,906.0,928.0,894.0,915.0,20994225320,1975780,392,903.0,910.0
2513,2022-11-13,900.0,900.0,877.0,887.0,24207147530,2347858,571,915.0,880.0
2514,2022-11-14,894.0,894.0,862.0,878.0,9528779810,939043,253,887.0,883.0
2515,2022-11-15,870.0,893.0,861.0,869.0,29899544410,2959804,411,878.0,861.0
2516,2022-11-16,862.0,886.0,860.0,868.0,17869084990,1771619,366,869.0,862.0
2517,2022-11-19,862.0,872.0,825.0,835.0,57607333290,5941888,689,868.0,825.0
2518,2022-11-20,832.0,870.0,832.0,858.0,14692093710,1473774,308,835.0,862.0
2519,2022-11-21,861.0,881.0,858.0,862.0,9592950290,956686,206,858.0,867.0
2520,2022-11-22,881.0,900.0,861.0,887.0,45827679530,4448050,628,862.0,900.0
2521,2022-11-23,905.0,920.0,899.0,912.0,40187742850,3796173,662,887.0,903.0
2522,2022-11-26,910.0,956.0,910.0,949.0,84388589390,7660952,1310,912.0,940.0
2523,2022-11-27,947.0,959.0,905.0,930.0,26003998030,2407577,636,949.0,913.0
2524,2022-11-28,909.0,926.0,899.0,909.0,31344103160,2969077,608,930.0,907.0
2525,2022-11-29,908.0,926.0,900.0,914.0,14082325600,1326034,293,909.0,909.0
2526,2022-11-30,924.0,934.0,913.0,918.0,8102195420,756991,209,914.0,929.0
2527,2022-12-03,930.0,962.0,926.0,944.0,54198361200,4938801,673,918.0,930.0
2528,2022-12-04,944.0,954.0,930.0,939.0,26743580170,2450566,339,944.0,939.0
2529,2022-12-05,947.0,947.0,915.0,928.0,26802172380,2486966,431,939.0,921.0
2530,2022-12-06,918.0,938.0,912.0,927.0,26424617310,2452986,325,928.0,930.0
2531,2022-12-07,921.0,937.0,905.0,920.0,55238925880,5165976,548,927.0,921.0
2532,2022-12-10,936.0,936.0,895.0,905.0,38423735580,3657487,435,920.0,897.0
2533,2022-12-11,924.0,930.0,905.0,919.0,29971698700,2806364,367,905.0,927.0
2534,2022-12-12,936.0,956.0,911.0,940.0,39246418220,3593510,465,919.0,955.0
2535,2022-12-13,955.0,986.0,955.0,984.0,71001984090,6209850,731,940.0,986.0
2536,2022-12-14,996.0,1033.0,996.0,1032.0,70852398270,5909466,428,984.0,1033.0
2537,2022-12-17,1059.0,1076.0,1024.0,1053.0,46009852000,3760742,648,1032.0,1054.0
2538,2022-12-18,1072.0,1105.0,1051.0,1091.0,59760305120,4715260,682,1053.0,1085.0
2539,2022-12-19,1059.0,1085.0,1036.0,1054.0,74944623210,6119319,1153,1091.0,1036.0
2540,2022-12-20,1040.0,1054.0,1022.0,1036.0,28534372390,2370431,424,1054.0,1030.0
2541,2022-12-21,1025.0,1058.0,1025.0,1041.0,21751083360,1796941,367,1036.0,1058.0
2542,2022-12-24,1064.0,1093.0,1064.0,1091.0,55249775440,4356157,310,1041.0,1093.0
2543,2022-12-25,1132.0,1146.0,1128.0,1146.0,157595512300,11843209,791,1091.0,1146.0
2544,2022-12-26,1164.0,1202.0,1140.0,1195.0,160272941310,11550005,1156,1146.0,1202.0
2545,2022-12-28,1205.0,1254.0,1205.0,1252.0,156571326410,10760785,766,1195.0,1254.0
2546,2022-12-31,1190.0,1206.0,1190.0,1191.0,137995578170,9972062,973,1252.0,1190.0
2547,2023-01-01,1161.0,1235.0,1133.0,1156.0,52182737610,3886551,691,1191.0,1170.0
2548,2023-01-02,1139.0,1214.0,1139.0,1210.0,81720256160,5812895,703,1156.0,1214.0
2549,2023-01-03,1231.0,1256.0,1181.0,1202.0,63266864670,4531015,648,1210.0,1192.0
2550,2023-01-04,1164.0,1193.0,1145.0,1165.0,47086235080,3480885,704,1202.0,1163.0
2551,2023-01-07,1188.0,1192.0,1149.0,1170.0,116258253860,8552222,938,1165.0,1187.0
2552,2023-01-08,1179.0,1227.0,1172.0,1218.0,218618420240,15450320,1165,1170.0,1227.0
2553,2023-03-05,1520.0,1621.0,1520.0,1560.0,504097500150,83373643,2345,1218.0,1569.0
2554,2023-03-06,1497.0,1560.0,1484.0,1518.0,195984003910,33307750,2642,1560.0,1485.0
2555,2023-03-07,1515.0,1624.0,1451.0,1585.0,165012271173,26857426,1071,1518.0,1624.0
2556,2023-03-11,1695.0,1695.0,1631.0,1688.0,347942780940,53175457,1968,1585.0,1646.0
2557,2023-03-12,1646.0,1700.0,1605.0,1649.0,132419871120,20734227,1516,1688.0,1626.0
2558,2023-03-13,1631.0,1757.0,1631.0,1719.0,140411310740,21085986,1403,1649.0,1726.0
2559,2023-03-14,1734.0,1806.0,1664.0,1752.0,103572342770,15251412,1161,1719.0,1775.0
2560,2023-03-15,1806.0,1858.0,1755.0,1775.0,253107667670,36768746,1002,1752.0,1809.0
2561,2023-03-18,1899.0,1899.0,1899.0,1899.0,30806958080,4185728,219,1775.0,1899.0
2562,2023-03-19,2031.0,2031.0,1964.0,2028.0,439124924400,55839114,2235,1899.0,2031.0
2563,2023-03-25,2090.0,2170.0,1966.0,2131.0,182147947210,22042211,1673,2028.0,2170.0
2564,2023-03-26,2162.0,2266.0,1984.0,2069.0,288434673880,35961808,2732,2131.0,1984.0
2565,2023-03-28,2127.0,2144.0,2047.0,2086.0,142996834510,18905605,1896,2069.0,2064.0
2566,2023-03-29,2094.0,2138.0,2034.0,2094.0,141579077760,18661909,1777,2086.0,2103.0
2567,2023-04-03,2111.0,2111.0,1998.0,2036.0,161340509660,21860546,2935,2094.0,2025.0
2568,2023-04-04,2014.0,2111.0,2014.0,2050.0,110018519170,14802164,1510,2036.0,2058.0
2569,2023-04-05,2020.0,2194.0,2020.0,2116.0,283316543490,36921566,2260,2050.0,2194.0
2570,2023-04-08,2235.0,2263.0,2194.0,2260.0,261860615160,31963645,1315,2116.0,2263.0
2571,2023-04-09,2345.0,2414.0,2263.0,2321.0,163713548670,19474726,1977,2260.0,2290.0
2572,2023-04-10,2318.0,2409.0,2160.0,2249.0,243938849450,29942057,3691,2321.0,2180.0
2573,2023-04-11,2174.0,2395.0,2149.0,2276.0,139625315940,16922710,1488,2249.0,2337.0
2574,2023-04-15,2401.0,2434.0,2348.0,2412.0,201935328670,23108580,1712,2276.0,2434.0
2575,2023-04-16,2478.0,2580.0,2423.0,2514.0,134492553640,14770777,1496,2412.0,2470.0
2576,2023-04-17,2431.0,2481.0,2373.0,2425.0,163787665030,18641829,2091,2514.0,2434.0
2577,2023-04-18,2348.0,2470.0,2348.0,2417.0,173185392620,19779712,1977,2425.0,2378.0
2578,2023-04-19,2373.0,2478.0,2359.0,2425.0,114551264990,13026867,1354,2417.0,2398.0
2579,2023-04-24,2481.0,2594.0,2428.0,2580.0,250448733830,26774924,2416,2425.0,2594.0
2580,2023-04-25,2756.0,2759.0,2646.0,2751.0,382148339070,38343909,3382,2580.0,2756.0
2581,2023-04-26,2892.0,2941.0,2693.0,2850.0,297008813780,28754612,2836,2751.0,2842.0
2582,2023-04-29,2936.0,3049.0,2842.0,2974.0,301593938230,27975804,3315,2850.0,3049.0
2583,2023-04-30,3146.0,3181.0,3049.0,3146.0,28746081660,2521365,196,2974.0,3181.0
2584,2023-05-03,3256.0,3308.0,2988.0,3168.0,235258054850,20496650,2628,3146.0,3159.0
2585,2023-05-06,3228.0,3388.0,3228.0,3372.0,334882160770,27409864,3141,3168.0,3386.0
2586,2023-05-07,3559.0,3559.0,3137.0,3173.0,194048806200,16878001,1212,3372.0,3137.0
2587,2023-05-08,2952.0,2952.0,2952.0,2952.0,53605309400,5009842,414,3173.0,2952.0
2588,2023-05-09,2748.0,2977.0,2748.0,2803.0,432660869390,42573492,2883,2952.0,2878.0
2589,2023-05-10,2988.0,2988.0,2607.0,2699.0,145370362860,14858634,1223,2803.0,2607.0
2590,2023-05-13,2566.0,2699.0,2511.0,2516.0,197665107380,21664930,1540,2699.0,2516.0
2591,2023-05-14,2671.0,2690.0,2596.0,2674.0,160888334710,16595856,1107,2516.0,2690.0
2592,2023-05-15,2831.0,2836.0,2552.0,2687.0,126800233690,13014273,1352,2674.0,2594.0
2593,2023-05-17,2594.0,2756.0,2552.0,2696.0,92325628540,9453146,1057,2687.0,2682.0
2594,2023-05-20,2508.0,2508.0,2508.0,2508.0,39161937960,4308244,526,2696.0,2508.0
2595,2023-05-21,2334.0,2428.0,2334.0,2367.0,401539642960,46811911,4057,2508.0,2409.0
2596,2023-05-22,2442.0,2533.0,2373.0,2492.0,220421064850,24414856,1914,2367.0,2533.0
2597,2023-05-23,2607.0,2632.0,2458.0,2563.0,222792786520,23985404,1906,2492.0,2563.0
2598,2023-05-24,2563.0,2599.0,2467.0,2536.0,65871482310,7170126,1064,2563.0,2525.0
2599,2023-05-27,2561.0,2643.0,2417.0,2478.0,199291906660,22184928,1580,2536.0,2577.0
2600,2023-05-28,2616.0,2632.0,2434.0,2544.0,217550553320,23595248,2228,2478.0,2511.0
2601,2023-05-29,2566.0,2646.0,2472.0,2561.0,89313642090,9626026,1252,2544.0,2489.0
2602,2023-05-30,2566.0,2594.0,2445.0,2558.0,70638365540,7620880,792,2561.0,2544.0
2603,2023-05-31,2555.0,2558.0,2392.0,2486.0,98732406420,10960219,1079,2558.0,2483.0
2604,2023-06-03,2483.0,2497.0,2392.0,2428.0,63837027210,7258270,1067,2486.0,2425.0
2605,2023-06-06,2395.0,2494.0,2373.0,2401.0,47558179930,5464461,821,2428.0,2425.0
2606,2023-06-07,2428.0,2428.0,2384.0,2409.0,53317792310,6109536,682,2401.0,2387.0
2607,2023-06-10,2373.0,2373.0,2241.0,2246.0,105993475420,13021126,906,2409.0,2241.0
2608,2023-06-11,2207.0,2343.0,2152.0,2235.0,59298893050,7317654,827,2246.0,2205.0
2609,2023-06-12,2152.0,2298.0,2111.0,2183.0,63725582040,8061178,747,2235.0,2180.0
2610,2023-06-13,2238.0,2321.0,2147.0,2232.0,85977094000,10628483,706,2183.0,2287.0
2611,2023-06-14,2321.0,2387.0,2265.0,2323.0,78124210620,9281378,685,2232.0,2301.0
2612,2023-06-17,2401.0,2439.0,2304.0,2390.0,63292102410,7306585,633,2323.0,2329.0
2613,2023-06-18,2456.0,2456.0,2285.0,2356.0,36153762180,4235320,564,2390.0,2318.0
2614,2023-06-19,2287.0,2414.0,2268.0,2304.0,22474115210,2692236,486,2356.0,2268.0
2615,2023-06-20,2332.0,2332.0,2257.0,2276.0,17480995780,2119902,386,2304.0,2296.0
2616,2023-06-21,2290.0,2290.0,2205.0,2243.0,40198534290,4943993,712,2276.0,2213.0
2617,2023-06-24,2293.0,2384.0,2279.0,2340.0,146434785760,17275932,1027,2243.0,2373.0
2618,2023-06-25,2420.0,2447.0,2345.0,2401.0,56960151750,6546713,643,2340.0,2378.0
2619,2023-06-26,2401.0,2436.0,2373.0,2398.0,71450698430,8219861,541,2401.0,2395.0
2620,2023-06-27,2387.0,2483.0,2293.0,2373.0,67933305910,7896637,547,2398.0,2332.0
2621,2023-06-28,2373.0,2392.0,2318.0,2348.0,22963480260,2697473,370,2373.0,2326.0
2622,2023-07-01,2348.0,2359.0,2268.0,2296.0,26677615270,3206420,455,2348.0,2279.0
2623,2023-07-02,2298.0,2373.0,2271.0,2321.0,33743675150,4009954,489,2296.0,2309.0
2624,2023-07-03,2334.0,2398.0,2296.0,2348.0,51085665070,6005882,451,2321.0,2367.0
2625,2023-07-04,2376.0,2445.0,2367.0,2414.0,106422213210,12160812,687,2348.0,2428.0
2626,2023-07-05,2456.0,2511.0,2434.0,2475.0,153663509540,17137306,1747,2414.0,2475.0
2627,2023-07-08,2431.0,2580.0,2401.0,2494.0,78785903720,8718477,891,2475.0,2472.0
2628,2023-07-09,2453.0,2492.0,2332.0,2392.0,74175732740,8555175,802,2494.0,2365.0
2629,2023-07-10,2356.0,2453.0,2345.0,2403.0,109416663160,12556696,654,2392.0,2428.0
2630,2023-07-11,2373.0,2442.0,2263.0,2378.0,107016781670,12414741,637,2403.0,2301.0
2631,2023-07-12,2318.0,2323.0,2252.0,2274.0,71401652380,8665431,649,2378.0,2312.0
2632,2023-07-15,2318.0,2373.0,2257.0,2293.0,47324673670,5694121,437,2274.0,2260.0
2633,2023-07-16,2260.0,2312.0,2194.0,2243.0,104822855730,12898193,631,2293.0,2207.0
2634,2023-07-17,2243.0,2301.0,2152.0,2213.0,82773570130,10316261,685,2243.0,2301.0
2635,2023-07-25,2365.0,2365.0,2152.0,2307.0,25802100810,3403495,414,2213.0,2283.0
2636,2023-07-26,2310.0,2338.0,2219.0,2259.0,101976685150,13743727,912,2307.0,2222.0
2637,2023-07-29,2265.0,2265.0,2167.0,2219.0,53711075070,7363238,715,2259.0,2192.0
2638,2023-07-30,2173.0,2256.0,2164.0,2198.0,36891801170,5106402,399,2219.0,2179.0
2639,2023-07-31,2219.0,2222.0,2182.0,2195.0,19320294500,2678691,309,2198.0,2198.0
2640,2023-08-01,2198.0,2298.0,2198.0,2228.0,79187212490,10812052,464,2195.0,2298.0
2641,2023-08-05,2283.0,2383.0,2237.0,2374.0,73096431410,9372776,533,2228.0,2383.0
2642,2023-08-06,2426.0,2517.0,2374.0,2463.0,98325529350,12156682,811,2374.0,2484.0
2643,2023-08-07,2496.0,2511.0,2420.0,2472.0,45233485360,5569886,438,2463.0,2463.0
2644,2023-08-08,2472.0,2472.0,2344.0,2438.0,47473217500,5927862,563,2472.0,2399.0
2645,2023-08-09,2347.0,2536.0,2347.0,2472.0,33434674380,4119610,374,2438.0,2459.0
2646,2023-08-12,2399.0,2420.0,2301.0,2322.0,57743004560,7568789,1004,2472.0,2307.0
2647,2023-08-13,2274.0,2450.0,2274.0,2353.0,31382340140,4059429,262,2322.0,2377.0
2648,2023-08-14,2380.0,2466.0,2344.0,2377.0,55216999860,7069454,356,2353.0,2374.0
2649,2023-08-15,2362.0,2472.0,2344.0,2414.0,46999155870,5927480,540,2377.0,2429.0
2650,2023-08-16,2456.0,2478.0,2386.0,2420.0,22505983580,2830300,403,2414.0,2392.0
2651,2023-08-19,2405.0,2472.0,2350.0,2402.0,22302038170,2825328,392,2420.0,2350.0
2652,2023-08-20,2389.0,2447.0,2383.0,2420.0,22745552860,2861680,341,2402.0,2435.0
2653,2023-08-21,2399.0,2450.0,2396.0,2420.0,20867026800,2626045,353,2420.0,2396.0
2654,2023-08-22,2420.0,2447.0,2353.0,2383.0,12597129540,1612374,321,2420.0,2371.0
2655,2023-08-23,2374.0,2399.0,2359.0,2380.0,22165357650,2832772,442,2383.0,2399.0
2656,2023-08-26,2408.0,2545.0,2374.0,2481.0,62588205810,7682739,460,2380.0,2490.0
2657,2023-08-27,2493.0,2612.0,2493.0,2557.0,37746485900,4491543,435,2481.0,2533.0
2658,2023-08-28,2575.0,2663.0,2505.0,2560.0,33097044440,3936927,475,2557.0,2536.0
2659,2023-08-29,2520.0,2596.0,2490.0,2551.0,28175416860,3362391,470,2560.0,2554.0
2660,2023-08-30,2551.0,2615.0,2514.0,2563.0,41606261600,4943527,491,2551.0,2551.0
2661,2023-09-02,2542.0,2618.0,2520.0,2563.0,27579316080,3273687,386,2563.0,2557.0
2662,2023-09-03,2545.0,2578.0,2526.0,2554.0,20217737370,2408860,326,2563.0,2551.0
2663,2023-09-04,2545.0,2676.0,2520.0,2618.0,45748875080,5319962,520,2554.0,2648.0
2664,2023-09-05,2630.0,2715.0,2624.0,2660.0,39535752550,4521226,559,2618.0,2660.0
2665,2023-09-09,2660.0,2666.0,2557.0,2599.0,36679544770,4295771,412,2660.0,2603.0
2666,2023-09-10,2590.0,2596.0,2511.0,2578.0,37064814210,4374940,425,2599.0,2578.0
2667,2023-09-11,2578.0,2581.0,2493.0,2557.0,12768870390,1521763,295,2578.0,2542.0
2668,2023-09-12,2542.0,2584.0,2475.0,2554.0,17013156780,2026979,327,2557.0,2520.0
2669,2023-09-13,2511.0,2557.0,2466.0,2511.0,13984782960,1694773,278,2554.0,2496.0
2670,2023-09-17,2508.0,2572.0,2456.0,2502.0,53483296260,6504593,441,2511.0,2490.0
2671,2023-09-18,2475.0,2511.0,2414.0,2450.0,32182794980,3996136,506,2502.0,2417.0
2672,2023-09-19,2435.0,2447.0,2399.0,2420.0,17179493520,2159630,300,2450.0,2432.0
2673,2023-09-20,2408.0,2435.0,2396.0,2408.0,16400910910,2073756,253,2420.0,2417.0
2674,2023-09-23,2432.0,2432.0,2374.0,2405.0,36714943350,4648953,276,2408.0,2396.0
2675,2023-09-25,2405.0,2405.0,2283.0,2326.0,38167740480,4995740,753,2405.0,2292.0
2676,2023-09-26,2283.0,2487.0,2283.0,2432.0,43724876240,5474337,525,2326.0,2405.0
2677,2023-09-27,2432.0,2432.0,2374.0,2405.0,12171127990,1544976,258,2432.0,2402.0
2678,2023-09-30,2383.0,2399.0,2332.0,2377.0,14545567760,1863064,303,2405.0,2374.0
2679,2023-10-01,2359.0,2374.0,2252.0,2289.0,55480974230,7376253,568,2377.0,2283.0
2680,2023-10-02,2265.0,2344.0,2265.0,2295.0,19346545670,2565091,335,2289.0,2289.0
2681,2023-10-04,2286.0,2420.0,2286.0,2347.0,38166453210,4950767,441,2295.0,2338.0
2682,2023-10-07,2350.0,2350.0,2252.0,2286.0,17154999020,2284135,320,2347.0,2256.0
2683,2023-10-08,2277.0,2277.0,2137.0,2182.0,84324067140,11754536,609,2286.0,2201.0
2684,2023-10-09,2149.0,2265.0,2149.0,2195.0,28237352200,3914243,346,2182.0,2201.0
2685,2023-10-10,2201.0,2228.0,2186.0,2204.0,19375120790,2677249,239,2195.0,2228.0
2686,2023-10-11,2210.0,2252.0,2182.0,2201.0,14511938470,2008551,258,2204.0,2201.0
2687,2023-10-14,2201.0,2201.0,2146.0,2164.0,18695571430,2629506,296,2201.0,2161.0
2688,2023-10-15,2161.0,2207.0,2149.0,2161.0,15205984350,2141069,232,2164.0,2158.0
2689,2023-10-16,2186.0,2256.0,2170.0,2210.0,34147160470,4706472,315,2161.0,2252.0
2690,2023-10-17,2192.0,2292.0,2192.0,2259.0,29037494090,3913382,293,2210.0,2265.0
2691,2023-10-18,2256.0,2259.0,2201.0,2228.0,40552762320,5541263,475,2259.0,2231.0
2692,2023-10-21,2207.0,2252.0,2207.0,2228.0,23820947750,3253049,207,2228.0,2219.0
2693,2023-10-22,2228.0,2374.0,2201.0,2249.0,63213436190,8551116,708,2228.0,2341.0
2694,2023-10-23,2359.0,2359.0,2252.0,2289.0,27982796240,3720443,413,2249.0,2271.0
2695,2023-10-24,2292.0,2292.0,2146.0,2228.0,38125797120,5206360,529,2289.0,2234.0
2696,2023-10-25,2213.0,2237.0,2195.0,2216.0,18675169010,2566226,355,2228.0,2219.0
2697,2023-10-28,2179.0,2186.0,2091.0,2128.0,29353555670,4202051,408,2216.0,2134.0
2698,2023-10-29,2134.0,2216.0,2134.0,2170.0,15371796140,2157124,212,2128.0,2198.0
2699,2023-10-30,2198.0,2237.0,2176.0,2210.0,16381012420,2255602,382,2170.0,2192.0
2700,2023-10-31,2228.0,2228.0,2189.0,2207.0,13771765520,1899150,198,2210.0,2192.0
2701,2023-11-01,2201.0,2249.0,2131.0,2189.0,16345324300,2271950,349,2207.0,2222.0
2702,2023-11-04,2210.0,2274.0,2210.0,2225.0,10452099600,1420048,209,2189.0,2222.0
2703,2023-11-05,2216.0,2271.0,2216.0,2243.0,29389912440,3988595,343,2225.0,2252.0
2704,2023-11-06,2252.0,2322.0,2243.0,2283.0,15070053200,2008871,257,2243.0,2286.0
2705,2023-11-07,2298.0,2380.0,2274.0,2344.0,22927682420,2975847,400,2283.0,2377.0
2706,2023-11-08,2365.0,2389.0,2329.0,2356.0,36958515900,4775139,378,2344.0,2356.0
2707,2023-11-11,2356.0,2368.0,2335.0,2347.0,10843729020,1408468,237,2356.0,2338.0
2708,2023-11-12,2347.0,2399.0,2319.0,2347.0,11544302090,1497859,224,2347.0,2353.0
2709,2023-11-13,2371.0,2371.0,2326.0,2344.0,18647224380,2421189,375,2347.0,2326.0
2710,2023-11-14,2310.0,2332.0,2274.0,2322.0,10726305010,1409677,220,2344.0,2310.0
2711,2023-11-15,2243.0,2322.0,2237.0,2292.0,11928554110,1587506,196,2322.0,2289.0
2712,2023-11-18,2262.0,2326.0,2262.0,2298.0,8285511400,1095545,135,2292.0,2292.0
2713,2023-11-19,2277.0,2338.0,2277.0,2310.0,29899971600,3936901,195,2298.0,2304.0
2714,2023-11-20,2283.0,2326.0,2283.0,2298.0,17361472180,2300908,588,2310.0,2295.0
2715,2023-11-21,2298.0,2341.0,2268.0,2298.0,11311715620,1499072,275,2298.0,2329.0
2716,2023-11-22,2286.0,2322.0,2283.0,2295.0,14683341040,1946230,184,2298.0,2295.0
2717,2023-11-25,2338.0,2341.0,2277.0,2304.0,13084003730,1728087,155,2295.0,2292.0
2718,2023-11-26,2319.0,2344.0,2265.0,2292.0,13610232360,1809626,360,2304.0,2304.0
2719,2023-11-27,2295.0,2316.0,2252.0,2280.0,50602088220,6756008,440,2292.0,2259.0
2720,2023-11-28,2256.0,2326.0,2246.0,2268.0,21127401360,2835143,648,2280.0,2265.0
2721,2023-11-29,2289.0,2347.0,2286.0,2310.0,23932622670,3152980,256,2268.0,2310.0
2722,2023-12-02,2310.0,2396.0,2310.0,2335.0,29384819090,3829245,345,2310.0,2326.0
2723,2023-12-03,2368.0,2399.0,2304.0,2344.0,49034588790,6364364,528,2335.0,2383.0
2724,2023-12-04,2344.0,2459.0,2344.0,2389.0,42403433910,5398734,526,2344.0,2432.0
2725,2023-12-05,2392.0,2429.0,2371.0,2396.0,79567875670,10105236,609,2389.0,2405.0
2726,2023-12-06,2380.0,2420.0,2359.0,2380.0,18802929750,2403307,339,2396.0,2362.0
2727,2023-12-09,2362.0,2396.0,2322.0,2356.0,21673959240,2798931,388,2380.0,2329.0
2728,2023-12-10,2359.0,2392.0,2350.0,2359.0,8569267780,1104526,146,2356.0,2359.0
2729,2023-12-11,2359.0,2371.0,2326.0,2350.0,30591638410,3965107,348,2359.0,2338.0
2730,2023-12-12,2371.0,2514.0,2371.0,2511.0,249965652700,30299766,1752,2350.0,2514.0
2731,2023-12-13,2523.0,2548.0,2505.0,2520.0,53304857780,6434711,762,2511.0,2511.0
2732,2023-12-16,2505.0,2545.0,2414.0,2481.0,34801183630,4268900,644,2520.0,2487.0
2733,2023-12-18,2511.0,2654.0,2496.0,2618.0,121994652150,14185692,1027,2481.0,2618.0
2734,2023-12-19,2642.0,2642.0,2569.0,2609.0,56961523000,6644206,562,2618.0,2581.0
2735,2023-12-20,2584.0,2633.0,2560.0,2599.0,34715477340,4065081,396,2609.0,2569.0
2736,2023-12-23,2526.0,2639.0,2526.0,2578.0,28476901550,3363866,357,2599.0,2569.0
2737,2023-12-24,2539.0,2578.0,2533.0,2560.0,23852447340,2837150,231,2578.0,2569.0
2738,2023-12-25,2551.0,2587.0,2548.0,2566.0,23226886570,2753924,284,2560.0,2557.0
2739,2023-12-26,2529.0,2560.0,2526.0,2539.0,16382363730,1965424,240,2566.0,2539.0
2740,2023-12-27,2542.0,2545.0,2514.0,2526.0,23547300920,2836272,231,2539.0,2517.0
2741,2023-12-30,2551.0,2609.0,2542.0,2572.0,18970864300,2246272,282,2526.0,2572.0
2742,2023-12-31,2560.0,2612.0,2536.0,2560.0,10778010740,1283060,236,2572.0,2545.0
2743,2024-01-01,2542.0,2563.0,2523.0,2539.0,21878414650,2622526,260,2560.0,2551.0
2744,2024-01-02,2526.0,2542.0,2490.0,2520.0,13428729510,1624190,219,2539.0,2511.0
2745,2024-01-03,2490.0,2520.0,2450.0,2472.0,20379398940,2510192,352,2520.0,2487.0
2746,2024-01-06,2475.0,2526.0,2466.0,2496.0,20496196830,2500321,331,2472.0,2517.0
2747,2024-01-07,2551.0,2551.0,2505.0,2523.0,14549427890,1754769,188,2496.0,2511.0
2748,2024-01-08,2523.0,2545.0,2493.0,2511.0,22015912710,2667664,229,2523.0,2499.0
2749,2024-01-09,2511.0,2526.0,2493.0,2508.0,11152339530,1354375,153,2511.0,2496.0
2750,2024-01-10,2466.0,2551.0,2466.0,2514.0,21677567340,2623368,248,2508.0,2517.0
2751,2024-01-13,2441.0,2514.0,2441.0,2493.0,23524225680,2871135,319,2514.0,2490.0
2752,2024-01-14,2517.0,2557.0,2505.0,2529.0,22348990210,2689467,269,2493.0,2545.0
2753,2024-01-15,2526.0,2539.0,2517.0,2529.0,11062810630,1332296,137,2529.0,2533.0
2754,2024-01-16,2511.0,2533.0,2505.0,2520.0,13514494930,1632634,182,2529.0,2526.0
2755,2024-01-17,2526.0,2526.0,2511.0,2520.0,7074078660,853590,116,2520.0,2526.0
2756,2024-01-20,2526.0,2542.0,2450.0,2493.0,18043505820,2203643,277,2520.0,2450.0
2757,2024-01-21,2444.0,2484.0,2380.0,2432.0,18529160910,2318210,245,2493.0,2484.0
2758,2024-01-22,2478.0,2523.0,2408.0,2441.0,25534196160,3181938,319,2432.0,2523.0
2759,2024-01-23,2533.0,2533.0,2396.0,2441.0,29368898360,3659842,376,2441.0,2496.0
2760,2024-01-24,2420.0,2487.0,2402.0,2426.0,19261779210,2415700,325,2441.0,2420.0
2761,2024-01-27,2435.0,2463.0,2426.0,2438.0,12104273710,1510384,195,2426.0,2441.0
2762,2024-01-28,2450.0,2609.0,2450.0,2587.0,84051311050,9889386,599,2438.0,2609.0
2763,2024-01-29,2572.0,2657.0,2572.0,2621.0,51599761830,5992992,625,2587.0,2657.0
2764,2024-01-30,2609.0,2724.0,2599.0,2654.0,93487588490,10721279,706,2621.0,2691.0
2765,2024-01-31,2633.0,2794.0,2633.0,2721.0,92304178070,10329064,991,2654.0,2736.0
2766,2024-02-03,2761.0,2761.0,2691.0,2736.0,77351044400,8601158,631,2721.0,2721.0
2767,2024-02-04,2657.0,2761.0,2657.0,2724.0,56210734900,6281041,553,2736.0,2709.0
2768,2024-02-05,2724.0,2816.0,2679.0,2758.0,49955428670,5513814,505,2724.0,2767.0
2769,2024-02-06,2712.0,2776.0,2694.0,2727.0,23396809840,2612494,502,2758.0,2706.0
2770,2024-02-07,2767.0,2767.0,2703.0,2721.0,16363095330,1831080,385,2727.0,2718.0
2771,2024-02-10,2712.0,2755.0,2691.0,2715.0,16733134600,1876444,286,2721.0,2700.0
2772,2024-02-12,2624.0,2740.0,2624.0,2703.0,26630240010,2998565,357,2715.0,2694.0
2773,2024-02-13,2724.0,2727.0,2590.0,2627.0,32646221430,3782721,375,2703.0,2618.0
2774,2024-02-14,2593.0,2642.0,2566.0,2596.0,39870462530,4671614,582,2627.0,2581.0
2775,2024-02-17,2669.0,2679.0,2593.0,2618.0,23974203970,2786779,239,2596.0,2596.0
2776,2024-02-18,2621.0,2648.0,2578.0,2606.0,20600292710,2407311,188,2618.0,2630.0
2777,2024-02-19,2648.0,2700.0,2606.0,2630.0,12935588100,1494711,116,2606.0,2606.0
2778,2024-02-20,2630.0,2666.0,2618.0,2639.0,18490301740,2132332,219,2630.0,2639.0
2779,2024-02-21,2633.0,2679.0,2578.0,2639.0,4330925790,499017,133,2639.0,2660.0
2780,2024-02-24,2618.0,2642.0,2572.0,2609.0,11465774810,1342310,196,2639.0,2587.0
2781,2024-02-26,2587.0,2590.0,2499.0,2536.0,26321775490,3160796,184,2609.0,2511.0
2782,2024-02-27,2481.0,2505.0,2478.0,2490.0,17060486340,2085248,146,2536.0,2499.0
2783,2024-02-28,2569.0,2572.0,2505.0,2526.0,8803381250,1050426,139,2490.0,2557.0
2784,2024-03-02,2514.0,2703.0,2514.0,2663.0,36869163100,4212399,274,2526.0,2703.0
2785,2024-03-03,2669.0,2764.0,2636.0,2700.0,50610099740,5707154,524,2663.0,2648.0
2786,2024-03-04,2715.0,2715.0,2590.0,2657.0,20577210050,2358141,317,2700.0,2630.0
2787,2024-03-05,2636.0,2724.0,2636.0,2676.0,27227084920,3098325,191,2657.0,2676.0
2788,2024-03-06,2679.0,2740.0,2651.0,2685.0,29431161210,3336871,198,2676.0,2691.0
2789,2024-03-09,2682.0,2700.0,2603.0,2642.0,19871557920,2290582,348,2685.0,2642.0
2790,2024-03-10,2669.0,2669.0,2615.0,2636.0,7526674980,870405,127,2642.0,2642.0
2791,2024-03-11,2609.0,2639.0,2557.0,2587.0,28989387160,3410046,374,2636.0,2566.0
2792,2024-03-12,2545.0,2612.0,2545.0,2575.0,12955697520,1532812,224,2587.0,2566.0
2793,2024-03-13,2545.0,2596.0,2508.0,2536.0,20392462920,2448955,321,2575.0,2508.0
2794,2024-03-16,2566.0,2603.0,2520.0,2545.0,6329499000,754349,174,2536.0,2526.0
2795,2024-03-17,2642.0,2721.0,2572.0,2676.0,35624897150,4052055,348,2545.0,2624.0
2796,2024-03-18,2676.0,2703.0,2639.0,2657.0,36220372230,4150120,290,2676.0,2666.0
2797,2024-03-24,2590.0,2794.0,2590.0,2730.0,34403841690,3834235,323,2657.0,2788.0
2798,2024-03-25,2800.0,2800.0,2733.0,2761.0,28596462500,3152973,268,2730.0,2761.0
2799,2024-03-26,2761.0,2791.0,2761.0,2782.0,32813216500,3588729,327,2761.0,2788.0
2800,2024-03-27,2782.0,2831.0,2746.0,2782.0,30225610430,3308319,284,2782.0,2752.0
2801,2024-03-30,2776.0,2782.0,2733.0,2746.0,20010618170,2218118,219,2782.0,2770.0
2802,2024-04-02,2715.0,2776.0,2669.0,2727.0,13338889440,1489183,250,2746.0,2743.0
2803,2024-04-03,2733.0,2770.0,2654.0,2679.0,13693003300,1557412,281,2727.0,2688.0
2804,2024-04-06,2688.0,2740.0,2657.0,2691.0,37056880430,4194020,308,2679.0,2657.0
2805,2024-04-07,2767.0,2767.0,2673.0,2682.0,34995132180,3971090,257,2691.0,2685.0
2806,2024-04-08,2740.0,2776.0,2679.0,2715.0,18038730030,2023150,245,2682.0,2724.0
2807,2024-04-09,2697.0,2743.0,2694.0,2712.0,7762505840,871703,133,2715.0,2712.0
2808,2024-04-13,2755.0,2755.0,2557.0,2603.0,33832320080,3955303,584,2712.0,2557.0
2809,2024-04-14,2578.0,2578.0,2578.0,2603.0,674804900,79670,20,2603.0,2578.0
2810,2024-04-15,2578.0,2627.0,2578.0,2603.0,14979104850,1752330,106,2603.0,2627.0
2811,2024-04-16,2627.0,2627.0,2578.0,2581.0,27224340090,3211705,236,2603.0,2596.0
2812,2024-04-17,2606.0,2606.0,2606.0,2596.0,8342130880,974548,66,2581.0,2606.0
2813,2024-04-20,2764.0,2776.0,2651.0,2743.0,48936560060,5432639,380,2596.0,2776.0
2814,2024-04-21,2788.0,2861.0,2703.0,2803.0,49295893720,5353944,394,2743.0,2822.0
2815,2024-04-22,2831.0,2867.0,2746.0,2791.0,62528837770,6815761,367,2803.0,2770.0
2816,2024-04-23,2755.0,2825.0,2694.0,2721.0,16907769640,1890722,273,2791.0,2736.0
2817,2024-04-24,2800.0,2819.0,2721.0,2782.0,70712122170,7733214,209,2721.0,2770.0
2818,2024-04-27,2828.0,2828.0,2776.0,2791.0,34337971110,3746637,283,2782.0,2779.0
2819,2024-04-28,2822.0,2822.0,2703.0,2736.0,15264947980,1697578,232,2791.0,2703.0
2820,2024-04-29,2736.0,2761.0,2694.0,2721.0,16356896760,1828784,326,2736.0,2724.0
2821,2024-04-30,2697.0,2828.0,2697.0,2752.0,27194010200,3006545,189,2721.0,2749.0
2822,2024-05-01,2673.0,2806.0,2669.0,2736.0,14360205920,1598409,132,2752.0,2752.0
2823,2024-05-05,2743.0,2785.0,2712.0,2764.0,29795599050,3283123,300,2736.0,2764.0
2824,2024-05-06,2703.0,2776.0,2703.0,2758.0,20392645260,2250449,383,2764.0,2740.0
2825,2024-05-07,2740.0,2764.0,2730.0,2752.0,5425352530,602020,99,2758.0,2740.0
2826,2024-05-08,2736.0,2752.0,2685.0,2718.0,12674571270,1421829,98,2752.0,2691.0
2827,2024-05-11,2697.0,2740.0,2636.0,2679.0,36986962980,4201974,220,2718.0,2697.0
2828,2024-05-12,2663.0,2697.0,2648.0,2676.0,17373375830,1975784,178,2679.0,2654.0
2829,2024-05-13,2651.0,2682.0,2618.0,2651.0,69448008940,7973438,547,2676.0,2676.0
2830,2024-05-14,2679.0,2706.0,2633.0,2651.0,9332048970,1071470,259,2651.0,2657.0
2831,2024-05-15,2612.0,2691.0,2609.0,2651.0,11124977920,1278024,353,2651.0,2660.0
2832,2024-05-18,2685.0,2691.0,2618.0,2673.0,28508716920,3245767,615,2651.0,2618.0
2833,2024-05-19,2615.0,2615.0,2487.0,2514.0,46985961930,5691265,247,2673.0,2533.0
2834,2024-05-21,2490.0,2563.0,2487.0,2557.0,14866949250,1769641,668,2514.0,2563.0
2835,2024-05-25,2606.0,2606.0,2520.0,2551.0,16955203250,2022991,400,2557.0,2569.0
2836,2024-05-26,2536.0,2536.0,2502.0,2542.0,3235691270,392425,64,2551.0,2502.0
2837,2024-05-27,2493.0,2520.0,2493.0,2493.0,18403876110,2247005,112,2542.0,2493.0
2838,2024-05-28,2444.0,2542.0,2444.0,2539.0,21827065410,2617667,162,2493.0,2523.0
2839,2024-05-29,2584.0,2587.0,2557.0,2566.0,8588860770,1010971,91,2539.0,2587.0
2840,2024-06-01,2615.0,2615.0,2536.0,2569.0,10652089720,1260808,303,2566.0,2542.0
2841,2024-06-02,2523.0,2536.0,2520.0,2520.0,31968838790,3859628,526,2569.0,2526.0
2842,2024-06-05,2475.0,2569.0,2472.0,2475.0,23629064200,2905579,214,2520.0,2472.0
2843,2024-06-08,2426.0,2481.0,2426.0,2429.0,15836878290,1984204,117,2475.0,2435.0
2844,2024-06-09,2426.0,2469.0,2426.0,2435.0,7067989300,882085,102,2429.0,2450.0
2845,2024-06-10,2459.0,2484.0,2453.0,2469.0,12270909360,1508679,92,2435.0,2484.0
2846,2024-06-11,2469.0,2517.0,2469.0,2481.0,6155521420,749266,128,2469.0,2502.0
2847,2024-06-12,2484.0,2517.0,2478.0,2487.0,5855446830,714445,236,2481.0,2505.0
2848,2024-06-15,2514.0,2514.0,2441.0,2475.0,11244649560,1386328,289,2487.0,2493.0
2849,2024-06-16,2438.0,2493.0,2426.0,2453.0,9070503120,1130538,426,2475.0,2478.0
2850,2024-06-18,2481.0,2502.0,2481.0,2502.0,106815202680,12994603,238,2453.0,2502.0
2851,2024-06-19,2542.0,2551.0,2542.0,2551.0,31272572840,3732068,145,2502.0,2551.0
2852,2024-06-22,2575.0,2599.0,2575.0,2599.0,38592827320,4521263,162,2551.0,2599.0
2853,2024-06-23,2648.0,2651.0,2615.0,2645.0,58129780430,6685816,260,2599.0,2651.0
2854,2024-06-24,2651.0,2697.0,2648.0,2694.0,27067338360,3056948,147,2645.0,2697.0
2855,2024-06-26,2721.0,2746.0,2703.0,2746.0,33313742810,3694912,147,2694.0,2746.0
2856,2024-06-29,2749.0,2895.0,2746.0,2840.0,33573854840,3597129,274,2746.0,2840.0
2857,2024-06-30,2837.0,2837.0,2673.0,2697.0,94565803350,10677978,922,2840.0,2791.0
2858,2024-07-01,2794.0,2794.0,2691.0,2703.0,35926786150,4043730,151,2697.0,2767.0
2859,2024-07-02,2715.0,2803.0,2715.0,2782.0,13860957860,1512869,147,2703.0,2800.0
2860,2024-07-03,2810.0,2861.0,2788.0,2810.0,33101046290,3586752,573,2782.0,2861.0
2861,2024-07-06,2977.0,2977.0,2977.0,2977.0,15845888520,1620234,76,2810.0,2977.0
2862,2024-07-07,3153.0,3153.0,2992.0,3126.0,97719384580,9519016,437,2977.0,3050.0
2863,2024-07-08,3123.0,3126.0,3004.0,3047.0,63788963960,6370775,1768,3126.0,3038.0
2864,2024-07-09,3080.0,3102.0,2950.0,2986.0,70044965970,7140700,846,3047.0,2995.0
2865,2024-07-10,2986.0,2986.0,2910.0,2946.0,78064935790,8066659,963,2986.0,2919.0
2866,2024-07-13,3044.0,3044.0,2940.0,2959.0,36181790650,3721423,447,2946.0,2977.0
2867,2024-07-14,2959.0,3038.0,2861.0,2913.0,23944409690,2502235,922,2959.0,2934.0
2868,2024-07-17,2934.0,3087.0,2843.0,2971.0,76185684640,7804402,852,2913.0,2950.0
2869,2024-07-27,2981.0,3045.0,2937.0,2974.0,8248211830,940307,180,2971.0,3018.0
2870,2024-07-29,2974.0,2974.0,2869.0,2903.0,41426825930,4840334,1385,2974.0,2883.0
2871,2024-07-30,2917.0,2937.0,2869.0,2893.0,34393853070,4030906,955,2903.0,2903.0
2872,2024-07-31,2869.0,2893.0,2798.0,2811.0,42847459600,5165475,670,2893.0,2798.0
2873,2024-08-03,2811.0,2811.0,2710.0,2750.0,112273571730,13846437,1003,2811.0,2710.0
2874,2024-08-04,2750.0,2774.0,2744.0,2754.0,27439805180,3380117,284,2750.0,2750.0
2875,2024-08-05,2764.0,2781.0,2754.0,2781.0,54510199870,6649914,152,2754.0,2781.0
2876,2024-08-06,2798.0,2808.0,2794.0,2805.0,26988439620,3262536,142,2781.0,2805.0
2877,2024-08-10,2815.0,2832.0,2815.0,2832.0,35368510250,4236115,128,2805.0,2832.0
2878,2024-08-11,2845.0,2859.0,2839.0,2859.0,15568748490,1847013,73,2832.0,2859.0
2879,2024-08-12,2883.0,2886.0,2883.0,2886.0,58422811980,6866619,270,2859.0,2886.0
2880,2024-08-13,2859.0,2910.0,2859.0,2866.0,14852856180,1757501,150,2886.0,2886.0
2881,2024-08-14,2862.0,2893.0,2862.0,2889.0,12633987950,1481164,97,2866.0,2893.0
2882,2024-08-17,2913.0,2947.0,2883.0,2937.0,23543093010,2717091,286,2889.0,2947.0
2883,2024-08-18,2961.0,2995.0,2961.0,2995.0,20655519300,2339255,77,2937.0,2995.0
2884,2024-08-19,3052.0,3052.0,3028.0,3045.0,75762788720,8433808,308,2995.0,3052.0
2885,2024-08-20,3073.0,3103.0,2998.0,3076.0,31484726890,3471016,640,3045.0,3052.0
2886,2024-08-21,3110.0,3137.0,3079.0,3127.0,75461783860,8188774,600,3076.0,3137.0
2887,2024-08-24,3171.0,3188.0,3171.0,3184.0,30920238360,3293447,266,3127.0,3188.0
2888,2024-08-26,3195.0,3205.0,3123.0,3127.0,48961808080,5313162,1657,3184.0,3123.0
2889,2024-08-27,3066.0,3174.0,3066.0,3079.0,63164631840,6954819,2555,3127.0,3066.0
2890,2024-08-28,3039.0,3130.0,3039.0,3103.0,12893412190,1407520,97,3079.0,3103.0
2891,2024-08-31,3140.0,3164.0,3140.0,3164.0,70262505880,7532256,330,3103.0,3164.0
2892,2024-09-01,3225.0,3225.0,3137.0,3174.0,47759293230,5103021,1265,3164.0,3184.0
2893,2024-09-03,3225.0,3225.0,3113.0,3134.0,56873873730,6153757,2048,3174.0,3137.0
2894,2024-09-07,3134.0,3222.0,3069.0,3127.0,9283045340,1007985,701,3134.0,3103.0
2895,2024-09-08,3137.0,3154.0,3073.0,3096.0,16175500260,1772167,491,3127.0,3117.0
2896,2024-09-09,3106.0,3164.0,3052.0,3100.0,15720391740,1720871,140,3096.0,3140.0
2897,2024-09-10,3134.0,3164.0,3086.0,3120.0,30165480270,3278134,206,3100.0,3090.0
2898,2024-09-11,3151.0,3164.0,3103.0,3123.0,21260229390,2308658,231,3120.0,3127.0
2899,2024-09-14,3140.0,3140.0,3052.0,3076.0,29768510890,3280769,476,3123.0,3052.0
2900,2024-09-15,3076.0,3120.0,3039.0,3066.0,20072111990,2220087,483,3076.0,3086.0
2901,2024-09-16,3096.0,3120.0,3008.0,3039.0,35728748490,3987230,1983,3066.0,3073.0
2902,2024-09-17,3120.0,3127.0,3042.0,3117.0,63112104950,6864539,482,3039.0,3123.0
2903,2024-09-18,3147.0,3151.0,3086.0,3110.0,37646932780,4103311,438,3117.0,3120.0
2904,2024-09-22,3151.0,3151.0,3045.0,3079.0,39881982790,4389951,1106,3110.0,3045.0
2905,2024-09-23,3079.0,3120.0,3059.0,3090.0,56317473280,6181091,586,3079.0,3062.0
2906,2024-09-24,3103.0,3151.0,3093.0,3113.0,47522004170,5178895,349,3090.0,3117.0
2907,2024-09-25,3113.0,3137.0,3052.0,3083.0,43447077640,4781207,1458,3113.0,3052.0
2908,2024-09-28,3052.0,3052.0,3052.0,3076.0,2492406000,276934,33,3083.0,3052.0
2909,2024-09-29,3045.0,3103.0,3045.0,3045.0,51216164870,5701948,201,3076.0,3076.0
2910,2024-09-30,3028.0,3069.0,3018.0,3025.0,24153348640,2708904,123,3045.0,3018.0
2911,2024-10-01,2998.0,2998.0,2998.0,3022.0,1079699920,122138,36,3025.0,2998.0
2912,2024-10-02,2995.0,2995.0,2995.0,2998.0,12842087100,1454370,238,3022.0,2995.0
2913,2024-10-05,2971.0,2971.0,2971.0,2995.0,2274674160,259666,31,2998.0,2971.0
2914,2024-10-06,2967.0,2971.0,2967.0,2967.0,34078365110,3894659,125,2995.0,2967.0
2915,2024-10-07,2940.0,2995.0,2940.0,2991.0,119614926030,13555783,274,2967.0,2984.0
2916,2024-10-08,3018.0,3018.0,2984.0,3005.0,38417447090,4337676,554,2991.0,2995.0
2917,2024-10-09,2991.0,3032.0,2991.0,3005.0,46606742000,5258259,455,3005.0,3015.0
2918,2024-10-12,3069.0,3069.0,3022.0,3028.0,13040551450,1458999,164,3005.0,3022.0
2919,2024-10-13,3045.0,3117.0,3045.0,3062.0,9733153950,1070165,244,3028.0,3059.0
2920,2024-10-14,3045.0,3086.0,2978.0,3045.0,10909733000,1217728,613,3062.0,2998.0
2921,2024-10-15,2984.0,3015.0,2957.0,2967.0,40641981160,4642924,258,3045.0,2957.0
2922,2024-10-16,2950.0,2967.0,2906.0,2944.0,14799151730,1704988,696,2967.0,2910.0
2923,2024-10-19,2900.0,2900.0,2856.0,2856.0,114381153400,13583221,296,2944.0,2856.0
2924,2024-10-20,2774.0,2940.0,2771.0,2771.0,97813908310,11965309,474,2856.0,2771.0
2925,2024-10-21,2710.0,2798.0,2710.0,2744.0,17482111890,2162065,223,2771.0,2733.0
2926,2024-10-22,2713.0,2713.0,2662.0,2666.0,53776095950,6839737,246,2744.0,2666.0
2927,2024-10-23,2594.0,2608.0,2588.0,2588.0,50784184890,6651706,270,2666.0,2588.0
2928,2024-10-26,2662.0,2662.0,2662.0,2594.0,1562581750,199055,22,2588.0,2662.0
2929,2024-10-27,2669.0,2669.0,2669.0,2598.0,447566900,56870,15,2594.0,2669.0
2930,2024-10-28,2672.0,2672.0,2672.0,2655.0,12228869560,1551887,32,2598.0,2672.0
2931,2024-10-29,2733.0,2733.0,2733.0,2733.0,15738407360,1952656,51,2655.0,2733.0
2932,2024-10-30,2815.0,2815.0,2794.0,2815.0,70172888880,8456301,263,2733.0,2815.0
2933,2024-11-02,2852.0,2883.0,2801.0,2852.0,17650121460,2099733,229,2815.0,2852.0
2934,2024-11-03,2852.0,2852.0,2767.0,2784.0,13646530260,1664632,617,2852.0,2767.0
2935,2024-11-04,2761.0,2862.0,2703.0,2798.0,8158908100,984913,135,2784.0,2825.0
2936,2024-11-05,2822.0,2825.0,2767.0,2798.0,3914237800,473840,69,2798.0,2808.0
2937,2024-11-06,2764.0,2859.0,2720.0,2778.0,13882762640,1695525,150,2798.0,2842.0
2938,2024-11-09,2856.0,2859.0,2856.0,2849.0,13500311190,1601470,73,2778.0,2859.0
2939,2024-11-10,2934.0,2934.0,2934.0,2934.0,19260271650,2226621,59,2849.0,2934.0
2940,2024-11-11,3018.0,3018.0,2903.0,2998.0,36320305920,4106649,256,2934.0,2940.0
2941,2024-11-12,2981.0,3001.0,2934.0,2961.0,24228412330,2776813,377,2998.0,2944.0
2942,2024-11-13,2930.0,3015.0,2927.0,2981.0,17257882040,1964233,168,2961.0,3008.0
2943,2024-11-16,3022.0,3069.0,3018.0,3066.0,27215412490,3010301,135,2981.0,3069.0
2944,2024-11-17,3157.0,3157.0,3059.0,3123.0,80814452790,8773028,414,3066.0,3134.0
2945,2024-11-18,3184.0,3215.0,3127.0,3205.0,82145491530,8689457,354,3123.0,3215.0
2946,2024-11-19,3218.0,3300.0,3198.0,3283.0,104277845460,10773353,551,3205.0,3249.0
2947,2024-11-20,3290.0,3337.0,3218.0,3246.0,57620672630,6020212,494,3283.0,3276.0
2948,2024-11-23,3252.0,3340.0,3218.0,3273.0,42781682650,4431552,308,3246.0,3256.0
2949,2024-11-24,3283.0,3368.0,3273.0,3364.0,167948831070,16933555,473,3273.0,3361.0
2950,2024-11-25,3442.0,3463.0,3368.0,3459.0,210698127230,20666104,1019,3364.0,3463.0
2951,2024-11-26,3541.0,3541.0,3357.0,3371.0,102160259650,10277726,487,3459.0,3357.0
2952,2024-11-27,3395.0,3395.0,3273.0,3334.0,77790089870,7916918,612,3371.0,3378.0
2953,2024-11-30,3408.0,3408.0,3235.0,3276.0,83799889200,8677079,585,3334.0,3273.0
2954,2024-12-01,3286.0,3371.0,3252.0,3317.0,26395688760,2700292,263,3276.0,3364.0
2955,2024-12-02,3395.0,3415.0,3395.0,3415.0,27276593830,2708749,152,3317.0,3415.0
2956,2024-12-14,3517.0,3517.0,3517.0,3450.0,5583306250,1345375,46,3415.0,3517.0
2957,2024-12-15,3553.0,3553.0,3553.0,3553.0,56541762207,13484799,112,3450.0,3553.0
2958,2024-12-16,3659.0,3659.0,3659.0,3659.0,36920614246,8550397,101,3553.0,3659.0
2959,2024-12-17,3768.0,3768.0,3671.0,3764.0,274442912641,61784950,721,3659.0,3768.0
2960,2024-12-18,3873.0,3877.0,3653.0,3863.0,150303071388,32969733,562,3764.0,3877.0
2961,2024-12-21,3979.0,3979.0,3979.0,3979.0,22990992450,4896910,55,3863.0,3979.0
2962,2024-12-22,4097.0,4097.0,4097.0,4097.0,96710989955,20002273,156,3979.0,4097.0
2963,2024-12-23,4220.0,4220.0,4111.0,4212.0,368046283454,74053786,812,4097.0,4189.0
2964,2024-12-24,4203.0,4321.0,4097.0,4179.0,292856665011,59395877,2717,4212.0,4203.0
2965,2024-12-25,4119.0,4229.0,4054.0,4075.0,130802151643,27199726,742,4179.0,4055.0
2966,2024-12-28,3983.0,4197.0,3983.0,4084.0,96221028254,19968093,672,4075.0,4059.0
2967,2024-12-29,4152.0,4194.0,3983.0,4057.0,70479918493,14723745,754,4084.0,3983.0
2968,2024-12-30,3962.0,4152.0,3935.0,4036.0,18382923556,3859735,304,4057.0,4068.0
2969,2024-12-31,4036.0,4157.0,4002.0,4126.0,69268612458,14227437,554,4036.0,4152.0
2970,2025-01-01,4068.0,4250.0,4068.0,4214.0,55119156638,11084400,792,4126.0,4169.0
2971,2025-01-04,4215.0,4340.0,4215.0,4328.0,78349177865,15340923,942,4214.0,4313.0
2972,2025-01-05,4328.0,4328.0,4198.0,4234.0,89439686932,17902612,1909,4328.0,4203.0
2973,2025-01-06,4226.0,4237.0,4141.0,4174.0,39758076098,8072171,714,4234.0,4178.0
2974,2025-01-07,4237.0,4298.0,4236.0,4296.0,103915700302,20497219,461,4174.0,4298.0
2975,2025-01-08,4406.0,4406.0,4258.0,4294.0,22227018661,4386594,561,4296.0,4265.0
2976,2025-01-11,4288.0,4288.0,4169.0,4178.0,51895341750,10526164,785,4294.0,4169.0
2977,2025-01-12,4059.0,4068.0,4059.0,4059.0,29946246590,6251821,532,4178.0,4059.0
2978,2025-01-13,3941.0,4051.0,3941.0,3957.0,169033391190,36193123,1920,4059.0,3941.0
2979,2025-01-15,3924.0,4008.0,3839.0,3864.0,173651713480,38104860,1553,3957.0,3898.0
2980,2025-01-18,3766.0,3856.0,3749.0,3753.0,82143005182,18546886,1109,3864.0,3753.0
2981,2025-01-19,3746.0,3813.0,3702.0,3755.0,114080445300,25748107,1639,3753.0,3702.0
2982,2025-01-20,3800.0,3828.0,3643.0,3672.0,115770094551,26717632,1821,3755.0,3685.0
2983,2025-01-21,3685.0,3781.0,3665.0,3737.0,56786029691,12876979,465,3672.0,3781.0
2984,2025-01-22,3849.0,3849.0,3829.0,3848.0,94141159063,20729845,439,3737.0,3849.0
2985,2025-01-25,3963.0,3963.0,3836.0,3875.0,51987208202,11368552,641,3848.0,3864.0
2986,2025-01-26,3924.0,3924.0,3780.0,3865.0,87873953315,19266104,934,3875.0,3787.0
2987,2025-01-27,3839.0,3839.0,3788.0,3819.0,13915993947,3097456,1057,3865.0,3788.0
2988,2025-01-29,3819.0,3819.0,3705.0,3724.0,55094280454,12534524,1343,3819.0,3707.0
2989,2025-02-01,3724.0,3728.0,3613.0,3620.0,66450839392,15553212,1449,3724.0,3627.0
2990,2025-02-02,3657.0,3678.0,3553.0,3609.0,45163006852,10603231,2118,3620.0,3622.0
2991,2025-02-03,3635.0,3661.0,3553.0,3585.0,24362991530,5758634,1311,3609.0,3553.0
2992,2025-02-04,3663.0,3692.0,3573.0,3682.0,64852223160,14926951,361,3585.0,3657.0
2993,2025-02-05,3682.0,3682.0,3597.0,3621.0,24935092446,5835259,1110,3682.0,3597.0
2994,2025-02-09,3626.0,3678.0,3513.0,3607.0,57083546714,13413045,1581,3621.0,3514.0
2995,2025-02-11,3602.0,3602.0,3499.0,3514.0,119653254582,28850520,2189,3607.0,3533.0
2996,2025-02-15,3443.0,3593.0,3412.0,3456.0,71670806684,17573857,1213,3514.0,3412.0
2997,2025-02-16,3386.0,3474.0,3386.0,3412.0,32518031970,8076681,603,3456.0,3389.0
2998,2025-02-17,3474.0,3513.0,3376.0,3452.0,34310531292,8421711,498,3412.0,3394.0
2999,2025-02-18,3452.0,3470.0,3446.0,3448.0,24766613392,6086195,493,3452.0,3462.0
3000,2025-02-19,3468.0,3491.0,3447.0,3455.0,32129455021,7879780,653,3448.0,3461.0
3001,2025-02-22,3548.0,3548.0,3430.0,3453.0,41231595988,10116995,650,3455.0,3430.0
3002,2025-02-23,3373.0,3516.0,3373.0,3491.0,40129008652,9739660,304,3453.0,3507.0
3003,2025-02-24,3534.0,3596.0,3508.0,3593.0,34135466167,8050617,257,3491.0,3596.0
3004,2025-02-25,3623.0,3701.0,3623.0,3701.0,22264819903,5098609,135,3593.0,3701.0
3005,2025-02-26,3702.0,3796.0,3653.0,3735.0,31511183117,7149841,405,3701.0,3754.0
3006,2025-03-01,3686.0,3796.0,3646.0,3695.0,22202091890,5091694,389,3735.0,3655.0
3007,2025-03-02,3695.0,3727.0,3607.0,3664.0,11561422256,2683842,484,3695.0,3617.0
3008,2025-03-03,3555.0,3593.0,3555.0,3555.0,17627818000,4202054,232,3664.0,3555.0
3009,2025-03-04,3455.0,3599.0,3455.0,3530.0,13392231618,3219930,202,3555.0,3469.0
3010,2025-03-05,3450.0,3562.0,3424.0,3483.0,39389314948,9584194,498,3530.0,3534.0
3011,2025-03-08,3429.0,3429.0,3379.0,3391.0,25659274682,6410914,757,3483.0,3379.0
3012,2025-03-09,3349.0,3350.0,3290.0,3291.0,33331000611,8582635,321,3391.0,3313.0
3013,2025-03-10,3288.0,3390.0,3201.0,3285.0,28083813169,7242926,538,3291.0,3220.0
3014,2025-03-11,3191.0,3229.0,3187.0,3189.0,188193024813,50005053,562,3285.0,3220.0
3015,2025-03-12,3185.0,3284.0,3185.0,3237.0,33895623765,8873765,293,3189.0,3222.0
3016,2025-03-15,3269.0,3334.0,3269.0,3331.0,53682914527,13656622,325,3237.0,3322.0
3017,2025-03-16,3319.0,3347.0,3240.0,3315.0,54964725236,14050797,967,3331.0,3313.0
3018,2025-03-17,3304.0,3305.0,3216.0,3244.0,46089821653,12040238,934,3315.0,3216.0
3019,2025-03-18,3196.0,3196.0,3147.0,3148.0,36331126162,9780373,262,3244.0,3152.0
3020,2025-03-25,3242.0,3242.0,3140.0,3161.0,2862283108,754248,90,3148.0,3232.0
3021,2025-03-26,3255.0,3255.0,3216.0,3229.0,16516170361,4334828,191,3161.0,3239.0
3022,2025-03-29,3136.0,3274.0,3136.0,3186.0,28280245020,7521303,639,3229.0,3212.0
3023,2025-03-30,3196.0,3255.0,3196.0,3230.0,36193059931,9497609,517,3186.0,3245.0
3024,2025-04-05,3237.0,3281.0,3153.0,3192.0,21990836117,5837145,833,3230.0,3177.0
3025,2025-04-06,3178.0,3178.0,3100.0,3128.0,26050820921,7058435,504,3192.0,3142.0
3026,2025-04-07,3096.0,3135.0,3058.0,3088.0,21766978476,5973900,683,3128.0,3060.0
3027,2025-04-08,3180.0,3180.0,3161.0,3180.0,30738226948,8191159,244,3088.0,3180.0
3028,2025-04-09,3239.0,3239.0,3096.0,3153.0,14706812044,3952412,416,3180.0,3137.0
3029,2025-04-12,3189.0,3210.0,3160.0,3170.0,7988368070,2124900,158,3153.0,3184.0
3030,2025-04-13,3241.0,3265.0,3241.0,3265.0,66485265941,17256503,222,3170.0,3263.0
3031,2025-04-14,3363.0,3363.0,3180.0,3293.0,70769462222,18213656,755,3265.0,3206.0
3032,2025-04-15,3241.0,3298.0,3195.0,3203.0,48918369884,12940316,857,3293.0,3195.0
3033,2025-04-16,3171.0,3271.0,3142.0,3192.0,27284465106,7242206,836,3203.0,3152.0
3034,2025-04-19,3149.0,3286.0,3149.0,3243.0,57876737383,15122245,1707,3192.0,3235.0
3035,2025-04-20,3339.0,3340.0,3305.0,3340.0,108336733695,27491464,567,3243.0,3340.0
3036,2025-04-21,3391.0,3440.0,3260.0,3392.0,103440768862,25841919,957,3340.0,3333.0
3037,2025-04-22,3382.0,3391.0,3324.0,3351.0,34415414434,8704052,543,3392.0,3357.0
3038,2025-04-23,3351.0,3414.0,3318.0,3355.0,43826319697,11069036,485,3351.0,3357.0
3039,2025-04-26,3390.0,3455.0,3317.0,3433.0,97951993859,24178258,564,3355.0,3454.0
3040,2025-04-27,3390.0,3390.0,3330.0,3341.0,40703089412,10323417,838,3433.0,3356.0
3041,2025-04-28,3296.0,3424.0,3241.0,3304.0,26074507023,6687630,502,3341.0,3304.0
3042,2025-04-29,3303.0,3347.0,3262.0,3284.0,91060355165,23497947,1094,3304.0,3347.0
3043,2025-04-30,3379.0,3382.0,3289.0,3321.0,97158937545,24791462,778,3284.0,3382.0
3044,2025-05-03,3222.0,3302.0,3222.0,3223.0,75427278481,19832194,913,3321.0,3222.0
3045,2025-05-04,3302.0,3302.0,3199.0,3246.0,49218911660,12847805,458,3223.0,3277.0
3046,2025-05-05,3302.0,3343.0,3288.0,3339.0,141268103381,35851626,697,3246.0,3343.0
3047,2025-05-06,3407.0,3439.0,3347.0,3406.0,73892944858,18387691,869,3339.0,3405.0
3048,2025-05-07,3440.0,3507.0,3433.0,3468.0,48064143897,11745181,638,3406.0,3441.0
3049,2025-05-10,3438.0,3466.0,3364.0,3371.0,42241453262,10617998,721,3468.0,3364.0
3050,2025-05-11,3273.0,3344.0,3270.0,3278.0,69708328951,18019554,316,3371.0,3270.0
3051,2025-05-12,3364.0,3364.0,3278.0,3307.0,73545066909,18846936,838,3278.0,3305.0
3052,2025-05-13,3355.0,3355.0,3214.0,3241.0,63151290153,16515406,692,3307.0,3246.0
3053,2025-05-14,3243.0,3286.0,3213.0,3234.0,44227391043,11589471,407,3241.0,3271.0
3054,2025-05-17,3235.0,3249.0,3183.0,3230.0,66389013047,17415245,610,3234.0,3210.0
3055,2025-05-18,3263.0,3270.0,3203.0,3226.0,17298728015,4543388,335,3230.0,3223.0
3056,2025-05-19,3270.0,3270.0,3170.0,3205.0,81725256400,21607279,837,3226.0,3170.0
3057,2025-05-20,3164.0,3203.0,3109.0,3141.0,115506971891,31168916,991,3205.0,3109.0
3058,2025-05-21,3068.0,3130.0,3047.0,3096.0,24945410188,6829628,483,3141.0,3095.0
3059,2025-05-24,3141.0,3141.0,3093.0,3113.0,47938390032,13047878,521,3096.0,3106.0
3060,2025-05-25,3142.0,3142.0,3020.0,3035.0,72013789004,20102482,434,3113.0,3025.0
3061,2025-05-26,3008.0,3058.0,3008.0,3036.0,43869162908,12242864,927,3035.0,3046.0
3062,2025-05-27,3119.0,3126.0,3035.0,3073.0,68674572355,18938248,1168,3036.0,3075.0
3063,2025-05-28,3092.0,3093.0,2981.0,3013.0,68727979218,19325414,1992,3073.0,3017.0
3064,2025-05-31,3017.0,3048.0,2981.0,3010.0,31711774625,8927313,676,3013.0,3000.0
3065,2025-06-01,3015.0,3041.0,2949.0,2977.0,25640722963,7299525,527,3010.0,2974.0
3066,2025-06-02,3016.0,3042.0,2941.0,3010.0,38370528886,10803243,734,2977.0,3030.0
3067,2025-06-03,3046.0,3046.0,2979.0,3000.0,13759802845,3888346,344,3010.0,2982.0
3068,2025-06-07,2984.0,2984.0,2910.0,2917.0,50504434928,14672526,951,3000.0,2966.0
3069,2025-06-08,2924.0,3003.0,2888.0,2919.0,64228864428,18645373,777,2917.0,2924.0
3070,2025-06-09,2919.0,2953.0,2850.0,2882.0,23342893613,6863575,534,2919.0,2869.0
3071,2025-06-10,2874.0,2948.0,2841.0,2869.0,13237636165,3910538,221,2882.0,2902.0
3072,2025-06-11,2949.0,2949.0,2830.0,2880.0,10336021500,3037971,240,2869.0,2878.0
3073,2025-06-28,2794.0,2794.0,2794.0,2794.0,16504643526,5005958,43,2880.0,2794.0
3074,2025-06-29,2711.0,2711.0,2711.0,2711.0,20082867742,6277858,89,2794.0,2711.0
3075,2025-06-30,2630.0,2630.0,2630.0,2642.0,11681969184,3763521,39,2711.0,2630.0
3076,2025-07-01,2563.0,2563.0,2563.0,2563.0,59582795800,19696792,148,2642.0,2563.0
3077,2025-07-02,2487.0,2585.0,2487.0,2497.0,210162532448,71337203,2179,2563.0,2551.0
3078,2025-07-07,2571.0,2571.0,2571.0,2571.0,51355556222,16926683,285,2497.0,2571.0
3079,2025-07-08,2648.0,2648.0,2502.0,2621.0,89881658424,29060745,747,2571.0,2582.0
3080,2025-07-09,2555.0,2584.0,2543.0,2552.0,22274301758,7397879,305,2621.0,2549.0
3081,2025-07-12,2554.0,2628.0,2554.0,2624.0,31389720256,10135972,205,2552.0,2628.0
3082,2025-07-13,2629.0,2636.0,2575.0,2612.0,28112502511,9121492,684,2624.0,2617.0
3083,2025-07-14,2647.0,2656.0,2623.0,2636.0,30776015444,9893374,465,2612.0,2634.0
3084,2025-07-15,2715.0,2715.0,2649.0,2669.0,19888266916,6312891,405,2636.0,2677.0
3085,2025-07-16,2694.0,2749.0,2694.0,2744.0,39648278746,12242990,191,2669.0,2749.0
3086,2025-07-19,2794.0,2822.0,2756.0,2777.0,27390552828,8359461,370,2744.0,2819.0
3087,2025-07-23,2768.0,2768.0,2685.0,2760.0,2945488461,1094441,101,2777.0,2685.0
3088,2025-07-26,2678.0,2808.0,2678.0,2685.0,28671437838,10679926,660,2760.0,2678.0
3089,2025-07-27,2605.0,2685.0,2605.0,2624.0,25730476263,9807035,664,2685.0,2605.0
3090,2025-07-28,2546.0,2546.0,2546.0,2617.0,1218031860,478410,40,2624.0,2546.0
3091,2025-07-29,2539.0,2539.0,2539.0,2616.0,202414158,79722,22,2617.0,2539.0
3092,2025-07-30,2538.0,2538.0,2538.0,2538.0,19836952164,7815978,75,2616.0,2538.0
