,date,open,high,low,adjClose,value,volume,count,yesterday,close
0,2001-04-23,29.0,33.0,28.0,33.0,7908850,1050,6,29.0,33.0
1,2001-04-30,35.0,35.0,35.0,35.0,8733086,1006,3,33.0,35.0
2,2001-05-01,35.0,35.0,35.0,35.0,4449000,500,6,35.0,35.0
3,2001-05-02,36.0,36.0,36.0,36.0,4560000,500,4,35.0,36.0
4,2001-05-07,37.0,37.0,37.0,37.0,9348000,1000,5,36.0,37.0
5,2001-05-08,38.0,38.0,38.0,38.0,9581000,1000,7,37.0,38.0
6,2001-05-09,39.0,39.0,39.0,39.0,4838000,500,5,38.0,39.0
7,2001-05-12,39.0,39.0,39.0,39.0,4886000,500,4,39.0,39.0
8,2001-05-15,39.0,39.0,39.0,39.0,5427950,550,6,39.0,39.0
9,2001-05-16,40.0,40.0,40.0,40.0,9967000,1000,3,39.0,40.0
10,2001-05-19,40.0,40.0,22.0,40.0,2574477036,257697,111,40.0,40.0
11,2001-05-28,41.0,41.0,41.0,41.0,10166000,1000,3,40.0,41.0
12,2001-05-29,41.0,41.0,41.0,41.0,10267000,1000,2,41.0,41.0
13,2001-05-30,41.0,41.0,41.0,41.0,10369000,1000,1,41.0,41.0
14,2001-06-06,42.0,42.0,42.0,42.0,10472000,1000,2,41.0,42.0
15,2001-06-09,42.0,42.0,42.0,42.0,57744960,5460,4,42.0,42.0
16,2001-06-11,43.0,43.0,43.0,43.0,13725085,1285,2,42.0,43.0
17,2001-06-12,43.0,43.0,43.0,43.0,11865700,1100,2,43.0,43.0
18,2001-06-13,43.0,43.0,43.0,43.0,27235000,2500,3,43.0,43.0
19,2001-06-16,43.0,43.0,43.0,43.0,10895000,1000,1,43.0,43.0
20,2001-06-18,43.0,44.0,43.0,44.0,2753126200,250218,69,43.0,44.0
21,2001-06-19,44.0,44.0,44.0,44.0,24760000,2250,3,44.0,44.0
22,2001-06-23,44.0,44.0,44.0,44.0,38591028,3507,2,44.0,44.0
23,2001-06-24,44.0,44.0,44.0,44.0,3345141,304,2,44.0,44.0
24,2001-06-27,44.0,44.0,44.0,44.0,36935195,3355,2,44.0,44.0
25,2001-07-02,44.0,44.0,44.0,44.0,22177500,2000,3,44.0,44.0
26,2001-07-03,45.0,45.0,45.0,45.0,58352000,5210,6,44.0,45.0
27,2001-07-04,45.0,45.0,45.0,45.0,14481600,1293,2,45.0,45.0
28,2001-07-07,45.0,45.0,45.0,45.0,17855394,1594,2,45.0,45.0
29,2001-07-08,45.0,45.0,45.0,45.0,31380100,2777,5,45.0,45.0
30,2001-07-09,45.0,45.0,45.0,45.0,11400000,1000,2,45.0,45.0
31,2001-07-14,45.0,46.0,45.0,46.0,1627805944,141461,52,45.0,46.0
32,2001-08-12,52.0,52.0,46.0,52.0,143505000,11135,9,46.0,52.0
33,2001-08-15,53.0,53.0,53.0,53.0,37270025,2797,4,52.0,53.0
34,2001-08-18,54.0,54.0,54.0,54.0,27411606,2007,8,53.0,54.0
35,2001-08-19,56.0,56.0,56.0,56.0,205785300,14700,16,54.0,56.0
36,2001-08-20,56.0,56.0,56.0,56.0,321977000,23000,16,56.0,56.0
37,2001-08-21,55.0,56.0,55.0,55.0,133545100,9670,16,56.0,55.0
38,2001-08-22,54.0,54.0,54.0,54.0,39826000,2950,5,55.0,54.0
39,2001-08-25,54.0,54.0,54.0,54.0,1687500,125,1,54.0,54.0
40,2001-08-26,54.0,54.0,54.0,54.0,6750000,500,1,54.0,54.0
41,2001-08-27,53.0,53.0,53.0,53.0,293776275,22047,13,54.0,53.0
42,2001-08-28,53.0,53.0,53.0,53.0,74985479,5624,3,53.0,53.0
43,2001-09-01,53.0,53.0,53.0,53.0,16625000,1250,1,53.0,53.0
44,2001-09-08,53.0,53.0,53.0,53.0,20235780,1530,1,53.0,53.0
45,2001-09-09,53.0,53.0,53.0,53.0,54558475,4127,5,53.0,53.0
46,2001-09-11,53.0,53.0,53.0,53.0,17047680,1290,2,53.0,53.0
47,2001-09-12,52.0,53.0,52.0,53.0,280000000,21200,16,53.0,53.0
48,2001-09-15,53.0,53.0,53.0,53.0,112268910,8502,3,53.0,53.0
49,2001-09-22,52.0,52.0,52.0,52.0,5062734,387,1,53.0,52.0
50,2001-09-24,52.0,52.0,52.0,52.0,40006000,3070,4,52.0,52.0
51,2001-09-25,52.0,52.0,52.0,52.0,126494798,9734,6,52.0,52.0
52,2001-10-20,51.0,51.0,51.0,51.0,6433000,500,1,52.0,51.0
53,2001-10-21,50.0,51.0,50.0,51.0,157227450,12525,9,51.0,51.0
54,2001-10-22,49.0,50.0,49.0,50.0,173239260,13948,19,51.0,50.0
55,2001-10-23,50.0,50.0,50.0,50.0,20498950,1650,6,50.0,50.0
56,2001-10-24,50.0,50.0,50.0,50.0,16522590,1330,2,50.0,50.0
57,2001-10-27,49.0,49.0,49.0,49.0,37906000,3065,2,50.0,49.0
58,2001-10-28,49.0,49.0,49.0,49.0,12302500,1000,2,49.0,49.0
59,2001-10-29,49.0,49.0,49.0,49.0,19627075,1595,2,49.0,49.0
60,2001-10-31,49.0,49.0,49.0,49.0,44607925,3625,5,49.0,49.0
61,2001-11-03,49.0,49.0,49.0,49.0,39361205,3195,4,49.0,49.0
62,2001-11-04,49.0,50.0,49.0,50.0,17728025,1430,2,49.0,50.0
63,2001-11-05,50.0,50.0,50.0,50.0,12425000,1000,1,50.0,50.0
64,2001-11-06,50.0,50.0,50.0,50.0,13236055,1065,2,50.0,50.0
65,2001-11-07,50.0,51.0,50.0,51.0,34999900,2785,3,50.0,51.0
66,2001-11-10,50.0,50.0,50.0,50.0,108500517,8689,11,51.0,50.0
67,2001-11-12,48.0,48.0,48.0,48.0,14538000,1200,1,50.0,48.0
68,2001-11-14,47.0,47.0,47.0,47.0,11813000,1000,1,48.0,47.0
69,2001-11-17,47.0,47.0,47.0,47.0,34455324,2917,4,47.0,47.0
70,2001-11-18,47.0,47.0,47.0,47.0,20847748,1767,4,47.0,47.0
71,2001-11-21,46.0,46.0,46.0,46.0,11515000,1000,1,47.0,46.0
72,2001-11-26,45.0,45.0,45.0,45.0,67348000,5960,4,46.0,45.0
73,2001-11-27,44.0,44.0,44.0,44.0,51544550,4689,4,45.0,44.0
74,2001-12-02,43.0,43.0,43.0,43.0,120300100,11243,14,44.0,43.0
75,2001-12-03,43.0,43.0,43.0,43.0,7406750,689,1,43.0,43.0
76,2001-12-05,43.0,43.0,43.0,43.0,10756000,1000,1,43.0,43.0
77,2001-12-08,43.0,43.0,43.0,43.0,3240000,300,2,43.0,43.0
78,2001-12-11,43.0,43.0,43.0,43.0,40439000,3710,4,43.0,43.0
79,2001-12-12,43.0,43.0,43.0,43.0,82369500,7625,8,43.0,43.0
80,2001-12-15,43.0,43.0,43.0,43.0,11499870,1065,1,43.0,43.0
81,2001-12-17,42.0,42.0,42.0,42.0,24171000,2302,5,43.0,42.0
82,2001-12-19,41.0,41.0,41.0,41.0,10400000,1000,1,42.0,41.0
83,2001-12-25,41.0,41.0,41.0,41.0,59527808,5810,6,41.0,41.0
84,2001-12-26,41.0,41.0,40.0,40.0,29346000,2900,4,41.0,40.0
85,2001-12-30,40.0,40.0,40.0,40.0,50110300,4983,9,40.0,40.0
86,2001-12-31,40.0,40.0,40.0,40.0,41157500,4075,5,40.0,40.0
87,2002-01-02,40.0,40.0,40.0,40.0,43447898,4302,3,40.0,40.0
88,2002-01-30,20.0,20.0,20.0,20.0,7500000,1500,9,40.0,20.0
89,2002-02-02,20.0,20.0,20.0,20.0,5000000,1000,2,20.0,20.0
90,2002-02-03,20.0,20.0,20.0,20.0,3969206,794,1,20.0,20.0
91,2002-02-05,20.0,20.0,20.0,20.0,2083749,417,1,20.0,20.0
92,2002-02-06,20.0,20.0,20.0,20.0,12895045,2582,4,20.0,20.0
93,2002-02-12,20.0,20.0,20.0,20.0,4960000,1000,1,20.0,20.0
94,2002-02-13,20.0,20.0,20.0,20.0,11897135,2400,3,20.0,20.0
95,2002-02-16,20.0,20.0,20.0,20.0,12390000,2500,2,20.0,20.0
96,2002-02-18,20.0,20.0,20.0,20.0,14066520,2840,2,20.0,20.0
97,2002-02-19,20.0,20.0,20.0,20.0,4998490,1010,1,20.0,20.0
98,2002-02-20,20.0,20.0,20.0,20.0,9897568,2000,3,20.0,20.0
99,2002-02-24,20.0,20.0,20.0,20.0,25887508,5224,4,20.0,20.0
100,2002-02-25,20.0,20.0,20.0,20.0,18446939,3721,4,20.0,20.0
101,2002-02-26,20.0,20.0,20.0,20.0,1754778,354,1,20.0,20.0
102,2002-03-04,20.0,20.0,20.0,20.0,2487500,500,1,20.0,20.0
103,2002-03-05,20.0,20.0,20.0,20.0,9122700,1800,4,20.0,20.0
104,2002-03-09,20.0,20.0,20.0,20.0,13933000,2800,4,20.0,20.0
105,2002-03-10,20.0,20.0,20.0,20.0,13115689,2646,5,20.0,20.0
106,2002-03-11,20.0,20.0,20.0,20.0,11760000,2400,1,20.0,20.0
107,2002-03-12,20.0,20.0,20.0,20.0,15336203,3130,7,20.0,20.0
108,2002-03-13,20.0,20.0,20.0,20.0,14695446,3000,3,20.0,20.0
109,2002-03-19,20.0,20.0,20.0,20.0,21779795,4446,6,20.0,20.0
110,2002-04-06,20.0,20.0,20.0,20.0,4905500,1000,2,20.0,20.0
111,2002-04-07,20.0,20.0,20.0,20.0,17225900,3500,5,20.0,20.0
112,2002-04-08,20.0,20.0,20.0,20.0,2477500,500,1,20.0,20.0
113,2002-04-13,20.0,20.0,20.0,20.0,7617000,1500,4,20.0,20.0
114,2002-04-21,21.0,21.0,21.0,21.0,7806000,1500,3,20.0,21.0
115,2002-04-23,21.0,21.0,21.0,21.0,10822686,2029,3,21.0,21.0
116,2002-04-24,22.0,22.0,22.0,22.0,10934000,2000,2,21.0,22.0
117,2002-04-27,22.0,22.0,22.0,22.0,11626225,2075,6,22.0,22.0
118,2002-04-28,23.0,23.0,23.0,23.0,11318000,2000,5,22.0,23.0
119,2002-04-29,23.0,23.0,23.0,23.0,6858000,1200,4,23.0,23.0
120,2002-04-30,23.0,23.0,23.0,23.0,10764780,1865,2,23.0,23.0
121,2002-05-01,23.0,23.0,23.0,23.0,64451253,11057,11,23.0,23.0
122,2002-05-04,23.0,23.0,23.0,23.0,43156400,7400,6,23.0,23.0
123,2002-05-07,23.0,23.0,23.0,23.0,9118994,1562,4,23.0,23.0
124,2002-05-08,23.0,23.0,23.0,23.0,1984580,340,1,23.0,23.0
125,2002-05-14,23.0,23.0,23.0,23.0,11411335,1955,2,23.0,23.0
126,2002-05-18,23.0,23.0,23.0,23.0,11674000,2000,1,23.0,23.0
127,2002-05-19,23.0,23.0,23.0,23.0,11536445,1977,3,23.0,23.0
128,2002-05-25,23.0,23.0,23.0,23.0,29182935,5000,3,23.0,23.0
129,2002-05-26,23.0,23.0,23.0,23.0,1575990,270,1,23.0,23.0
130,2002-05-29,23.0,23.0,23.0,23.0,5834650,1000,2,23.0,23.0
131,2002-06-18,23.0,23.0,23.0,23.0,11380000,2000,1,23.0,23.0
132,2002-06-19,23.0,23.0,23.0,23.0,8425660,1460,3,23.0,23.0
133,2002-06-22,23.0,23.0,23.0,23.0,5700000,1000,1,23.0,23.0
134,2002-06-26,16.0,16.0,16.0,16.0,2000500,500,1,23.0,16.0
135,2002-06-29,16.0,16.0,16.0,16.0,12004000,3000,2,16.0,16.0
136,2002-06-30,16.0,16.0,16.0,16.0,14005500,3500,2,16.0,16.0
137,2002-07-01,16.0,16.0,16.0,16.0,1200000,300,1,16.0,16.0
138,2002-07-03,16.0,16.0,16.0,16.0,13943470,3485,6,16.0,16.0
139,2002-07-06,16.0,16.0,16.0,16.0,6321000,1580,2,16.0,16.0
140,2002-07-07,16.0,16.0,16.0,16.0,8807330,2200,4,16.0,16.0
141,2002-07-08,16.0,16.0,16.0,16.0,71200000,17800,4,16.0,16.0
142,2002-07-09,16.0,16.0,16.0,16.0,7476000,1869,5,16.0,16.0
143,2002-07-10,16.0,16.0,16.0,16.0,20116000,5029,6,16.0,16.0
144,2002-07-27,16.0,16.0,16.0,16.0,7941975,1955,2,16.0,16.0
145,2002-07-28,16.0,16.0,16.0,16.0,10188260,2500,4,16.0,16.0
146,2002-07-29,16.0,16.0,16.0,16.0,2288160,560,2,16.0,16.0
147,2002-07-30,17.0,17.0,17.0,17.0,60717747,14404,8,16.0,17.0
148,2002-07-31,17.0,18.0,17.0,18.0,14730840,3280,2,17.0,18.0
149,2002-08-03,19.0,19.0,19.0,19.0,47290000,10000,3,18.0,19.0
150,2002-08-04,19.0,19.0,18.0,18.0,11581080,2520,3,19.0,18.0
151,2002-08-05,18.0,18.0,18.0,18.0,1804000,400,4,18.0,18.0
152,2002-08-06,18.0,18.0,18.0,18.0,25804956,5729,6,18.0,18.0
153,2002-08-07,18.0,18.0,18.0,18.0,5952500,1323,2,18.0,18.0
154,2002-08-14,18.0,18.0,18.0,18.0,8728060,1940,1,18.0,18.0
155,2002-08-18,18.0,18.0,18.0,18.0,14754590,3280,5,18.0,18.0
156,2002-08-19,18.0,18.0,17.0,17.0,27986950,6400,8,18.0,17.0
157,2002-08-20,17.0,17.0,16.0,16.0,17404822,4266,7,17.0,16.0
158,2002-08-21,16.0,16.0,16.0,16.0,32439837,7973,8,16.0,16.0
159,2002-08-24,16.0,16.0,16.0,16.0,34718650,8533,8,16.0,16.0
160,2002-08-25,16.0,16.0,16.0,16.0,8214258,2017,3,16.0,16.0
161,2002-08-26,16.0,16.0,16.0,16.0,4278000,1050,3,16.0,16.0
162,2002-08-28,16.0,16.0,16.0,16.0,2570625,625,2,16.0,16.0
163,2002-08-31,16.0,16.0,16.0,16.0,4942800,1200,1,16.0,16.0
164,2002-09-01,17.0,17.0,17.0,17.0,33600000,8000,1,16.0,17.0
165,2002-09-03,17.0,17.0,17.0,17.0,8862000,2110,3,17.0,17.0
166,2002-09-04,16.0,17.0,16.0,17.0,21535015,5207,3,17.0,17.0
167,2002-09-07,17.0,17.0,17.0,17.0,4151000,1000,1,17.0,17.0
168,2002-09-08,17.0,17.0,17.0,17.0,4156000,1000,1,17.0,17.0
169,2002-09-09,17.0,17.0,17.0,17.0,14565500,3500,3,17.0,17.0
170,2002-09-11,17.0,17.0,17.0,17.0,43010820,10325,6,17.0,17.0
171,2002-09-14,17.0,17.0,17.0,17.0,34719444,8334,4,17.0,17.0
172,2002-09-16,17.0,17.0,17.0,17.0,9374850,2250,2,17.0,17.0
173,2002-09-18,17.0,17.0,17.0,17.0,4591400,1100,1,17.0,17.0
174,2002-09-22,17.0,17.0,17.0,17.0,13146000,3000,1,17.0,17.0
175,2002-09-24,17.0,17.0,17.0,17.0,1314600,300,3,17.0,17.0
176,2002-09-28,17.0,17.0,17.0,17.0,8931120,2040,1,17.0,17.0
177,2002-10-08,17.0,17.0,17.0,17.0,9274020,2130,1,17.0,17.0
178,2002-10-13,16.0,16.0,16.0,16.0,2068500,500,1,17.0,16.0
179,2002-10-15,16.0,16.0,16.0,16.0,5236440,1320,2,16.0,16.0
180,2002-10-19,16.0,16.0,16.0,16.0,2316720,560,1,16.0,16.0
181,2002-10-20,16.0,16.0,16.0,16.0,8274000,2000,2,16.0,16.0
182,2002-10-21,16.0,16.0,16.0,16.0,57152655,13815,4,16.0,16.0
183,2002-10-23,16.0,16.0,16.0,16.0,33054630,7990,5,16.0,16.0
184,2002-10-29,16.0,17.0,16.0,17.0,26080750,6285,5,16.0,17.0
185,2002-10-30,17.0,17.0,17.0,17.0,60171500,14450,11,17.0,17.0
186,2002-11-03,17.0,17.0,17.0,17.0,66602000,16000,5,17.0,17.0
187,2002-11-04,16.0,16.0,16.0,16.0,2481000,600,1,17.0,16.0
188,2002-11-05,16.0,16.0,16.0,16.0,8540840,2065,3,16.0,16.0
189,2002-11-06,16.0,16.0,16.0,16.0,35959680,9130,4,16.0,16.0
190,2002-11-09,16.0,16.0,16.0,16.0,20253000,5000,4,16.0,16.0
191,2002-11-12,16.0,16.0,16.0,16.0,6076500,1500,2,16.0,16.0
192,2002-11-16,16.0,16.0,16.0,16.0,44247840,10920,3,16.0,16.0
193,2002-11-18,16.0,16.0,16.0,16.0,8733000,2130,1,16.0,16.0
194,2002-11-20,16.0,16.0,16.0,16.0,12300000,3000,2,16.0,16.0
195,2002-11-23,16.0,16.0,16.0,16.0,25010000,6100,3,16.0,16.0
196,2002-11-25,16.0,16.0,16.0,16.0,101622600,24786,11,16.0,16.0
197,2002-11-26,17.0,17.0,17.0,17.0,4305000,1000,1,16.0,17.0
198,2002-11-30,17.0,17.0,17.0,17.0,17392000,4000,1,17.0,17.0
199,2002-12-02,17.0,17.0,17.0,17.0,28473450,6547,3,17.0,17.0
200,2002-12-08,17.0,17.0,17.0,17.0,9256980,2130,1,17.0,17.0
201,2002-12-09,17.0,18.0,17.0,17.0,95938978,22000,12,17.0,17.0
202,2002-12-15,18.0,18.0,18.0,18.0,2270000,500,1,17.0,18.0
203,2002-12-16,18.0,18.0,18.0,18.0,15592500,3465,4,18.0,18.0
204,2002-12-17,18.0,18.0,18.0,18.0,22828500,5073,2,18.0,18.0
205,2002-12-18,18.0,18.0,18.0,18.0,4500000,1000,1,18.0,18.0
206,2002-12-28,17.0,17.0,17.0,17.0,8600000,2000,1,18.0,17.0
207,2002-12-29,17.0,17.0,17.0,17.0,19915931,4631,3,17.0,17.0
208,2002-12-31,17.0,17.0,17.0,17.0,22677500,5275,2,17.0,17.0
209,2003-01-11,17.0,17.0,17.0,17.0,36353664,8478,5,17.0,17.0
210,2003-01-15,16.0,16.0,16.0,16.0,6128500,1500,2,17.0,16.0
211,2003-01-19,16.0,16.0,16.0,16.0,19447600,4760,5,16.0,16.0
212,2003-01-21,16.0,16.0,16.0,16.0,12786050,3130,2,16.0,16.0
213,2003-01-22,16.0,16.0,16.0,16.0,17524650,4290,4,16.0,16.0
214,2003-01-25,16.0,16.0,16.0,16.0,26114540,6390,4,16.0,16.0
215,2003-01-27,16.0,16.0,16.0,16.0,36819000,9000,8,16.0,16.0
216,2003-01-29,16.0,16.0,16.0,16.0,8711700,2130,1,16.0,16.0
217,2003-02-01,16.0,16.0,16.0,16.0,47954675,11685,4,16.0,16.0
218,2003-02-03,17.0,17.0,17.0,17.0,8839500,2130,1,16.0,17.0
219,2003-03-17,12.0,12.0,12.0,12.0,1500000,500,1,17.0,12.0
220,2003-03-19,12.0,12.0,12.0,12.0,15000000,5000,1,12.0,12.0
221,2003-03-26,12.0,12.0,12.0,12.0,51000000,17000,4,12.0,12.0
222,2003-04-15,12.0,12.0,12.0,12.0,59744460,20590,17,12.0,12.0
223,2003-04-16,12.0,12.0,12.0,12.0,15077798,5198,5,12.0,12.0
224,2003-04-19,12.0,12.0,12.0,12.0,51876000,17820,7,12.0,12.0
225,2003-04-21,12.0,12.0,12.0,12.0,29080,10,1,12.0,12.0
226,2003-04-26,12.0,12.0,12.0,12.0,3000000,1000,1,12.0,12.0
227,2003-05-12,13.0,13.0,13.0,13.0,9450000,3000,2,12.0,13.0
228,2003-05-13,13.0,13.0,13.0,13.0,5605365,1695,1,13.0,13.0
229,2003-05-14,14.0,14.0,14.0,14.0,253879584,73122,24,13.0,14.0
230,2003-05-17,15.0,15.0,15.0,15.0,7290000,2000,1,14.0,15.0
231,2003-05-20,15.0,15.0,15.0,15.0,63125812,17263,6,15.0,15.0
232,2003-05-21,15.0,15.0,15.0,15.0,19200000,5000,1,15.0,15.0
233,2003-05-24,16.0,16.0,16.0,16.0,9900000,2500,1,15.0,16.0
234,2003-05-25,16.0,17.0,16.0,17.0,236032696,57242,18,16.0,17.0
235,2003-05-26,17.0,17.0,17.0,17.0,235072336,54471,31,17.0,17.0
236,2003-05-27,17.0,17.0,17.0,17.0,235155616,54596,25,17.0,17.0
237,2003-05-28,16.0,16.0,16.0,16.0,205630050,50154,10,17.0,16.0
238,2003-05-31,16.0,16.0,16.0,16.0,40992200,10242,3,16.0,16.0
239,2003-06-01,16.0,16.0,16.0,16.0,95926176,24546,13,16.0,16.0
240,2003-06-02,16.0,16.0,16.0,16.0,134412000,34500,6,16.0,16.0
241,2003-06-07,16.0,16.0,16.0,16.0,12000000,3000,1,16.0,16.0
242,2003-06-08,16.0,16.0,16.0,16.0,24631900,6160,5,16.0,16.0
243,2003-06-16,16.0,16.0,16.0,16.0,3899000,1000,2,16.0,16.0
244,2003-06-17,16.0,16.0,16.0,16.0,1325660,340,1,16.0,16.0
245,2003-06-18,16.0,16.0,16.0,16.0,2394600,614,2,16.0,16.0
246,2003-06-21,16.0,16.0,16.0,16.0,1950000,500,1,16.0,16.0
247,2003-06-24,16.0,16.0,16.0,16.0,3900000,1000,1,16.0,16.0
248,2003-06-25,16.0,16.0,16.0,16.0,38900000,10000,1,16.0,16.0
249,2003-06-28,15.0,15.0,15.0,15.0,61041000,15900,10,16.0,15.0
250,2003-06-30,15.0,15.0,15.0,15.0,38408940,10103,9,15.0,15.0
251,2003-07-05,15.0,15.0,15.0,15.0,12590054,3314,4,15.0,15.0
252,2003-07-06,15.0,15.0,15.0,15.0,6707000,1765,1,15.0,15.0
253,2003-07-07,15.0,15.0,15.0,15.0,7961000,2095,4,15.0,15.0
254,2003-07-08,15.0,15.0,15.0,15.0,919600,242,1,15.0,15.0
255,2003-07-14,16.0,16.0,16.0,16.0,58070460,14554,8,15.0,16.0
256,2003-08-03,15.0,15.0,15.0,15.0,10792900,2917,3,16.0,15.0
257,2003-08-04,15.0,15.0,15.0,15.0,4182000,1130,3,15.0,15.0
258,2003-08-05,15.0,15.0,15.0,15.0,3885000,1050,1,15.0,15.0
259,2003-08-09,15.0,15.0,15.0,15.0,71287900,19267,5,15.0,15.0
260,2003-08-11,15.0,15.0,15.0,15.0,13449500,3635,2,15.0,15.0
261,2003-08-18,15.0,15.0,15.0,15.0,111370000,30100,16,15.0,15.0
262,2003-08-20,15.0,15.0,15.0,15.0,25341670,6523,3,15.0,15.0
263,2003-08-24,15.0,15.0,15.0,15.0,3884815,1000,2,15.0,15.0
264,2003-08-26,15.0,15.0,15.0,15.0,388315,100,2,15.0,15.0
265,2003-08-30,15.0,15.0,15.0,15.0,40481515,10420,3,15.0,15.0
266,2003-08-31,15.0,15.0,15.0,15.0,12082165,3110,5,15.0,15.0
267,2003-09-01,15.0,15.0,15.0,15.0,58275000,15000,4,15.0,15.0
268,2003-09-02,15.0,15.0,15.0,15.0,183857623,47307,17,15.0,15.0
269,2003-09-03,16.0,16.0,15.0,15.0,3869777,992,2,15.0,15.0
270,2003-09-06,16.0,16.0,15.0,15.0,50930192,13050,9,15.0,15.0
271,2003-09-07,15.0,15.0,15.0,15.0,27155368,6988,2,15.0,15.0
272,2003-09-09,15.0,15.0,15.0,15.0,5385015,1385,5,15.0,15.0
273,2003-09-16,15.0,15.0,15.0,15.0,19430000,5000,1,15.0,15.0
274,2003-09-20,15.0,15.0,15.0,15.0,1256965824,323626,22,15.0,15.0
275,2003-09-29,15.0,15.0,15.0,15.0,4552580,1210,20,15.0,15.0
276,2003-09-30,15.0,15.0,15.0,15.0,100202520,27192,11,15.0,15.0
277,2003-10-01,14.0,14.0,14.0,14.0,97229772,27772,13,15.0,14.0
278,2003-10-04,14.0,14.0,14.0,14.0,385661300,113410,23,14.0,14.0
279,2003-10-05,14.0,14.0,14.0,14.0,11900000,3500,8,14.0,14.0
280,2003-10-06,14.0,14.0,14.0,14.0,700400,206,1,14.0,14.0
281,2003-10-07,14.0,14.0,14.0,14.0,104016697,30485,28,14.0,14.0
282,2003-10-08,14.0,14.0,14.0,14.0,6864944,2012,3,14.0,14.0
283,2003-10-11,14.0,14.0,14.0,14.0,14462100,4210,10,14.0,14.0
284,2003-10-13,14.0,14.0,14.0,14.0,3539280,1010,3,14.0,14.0
285,2003-10-14,14.0,14.0,14.0,14.0,3459180,1010,3,14.0,14.0
286,2003-10-15,14.0,14.0,14.0,14.0,17186315,5010,6,14.0,14.0
287,2003-10-19,14.0,14.0,14.0,14.0,4162200,1210,2,14.0,14.0
288,2003-10-20,14.0,14.0,14.0,14.0,47044082,13701,9,14.0,14.0
289,2003-10-21,14.0,14.0,14.0,14.0,12603030,3673,3,14.0,14.0
290,2003-10-22,14.0,14.0,14.0,14.0,28096655,8110,6,14.0,14.0
291,2003-10-25,14.0,14.0,14.0,14.0,345000000,100000,2,14.0,14.0
292,2003-10-27,14.0,14.0,14.0,14.0,234052460,67720,21,14.0,14.0
293,2003-10-28,14.0,14.0,14.0,14.0,54455510,15010,4,14.0,14.0
294,2003-10-29,15.0,15.0,14.0,14.0,117701480,32619,11,14.0,14.0
295,2003-11-01,15.0,15.0,15.0,15.0,67448230,18351,10,14.0,15.0
296,2003-11-02,15.0,15.0,15.0,15.0,79270103,21157,7,15.0,15.0
297,2003-11-03,16.0,16.0,15.0,15.0,43950343,11410,6,15.0,15.0
298,2003-11-04,16.0,16.0,15.0,15.0,19533000,5010,2,15.0,15.0
299,2003-11-05,16.0,16.0,16.0,16.0,83111460,20905,7,15.0,16.0
300,2003-11-08,16.0,16.0,16.0,16.0,62115677,15202,9,16.0,16.0
301,2003-11-09,16.0,16.0,16.0,16.0,23329782,5721,7,16.0,16.0
302,2003-11-11,16.0,16.0,16.0,16.0,8062000,2000,2,16.0,16.0
303,2003-11-12,16.0,16.0,16.0,16.0,3292300,823,2,16.0,16.0
304,2003-11-15,15.0,16.0,15.0,16.0,50119440,13010,3,16.0,16.0
305,2003-11-17,15.0,16.0,15.0,16.0,6193186,1618,2,16.0,16.0
306,2003-11-19,15.0,16.0,15.0,16.0,11948966,3131,2,16.0,16.0
307,2003-11-23,15.0,15.0,15.0,15.0,42790807,11481,7,16.0,15.0
308,2003-11-25,15.0,15.0,15.0,15.0,15926320,4281,4,15.0,15.0
309,2003-11-29,15.0,15.0,15.0,15.0,39780900,10676,5,15.0,15.0
310,2003-11-30,14.0,15.0,14.0,15.0,29331710,8080,5,15.0,15.0
311,2003-12-01,15.0,15.0,15.0,15.0,74569636,20010,6,15.0,15.0
312,2003-12-02,15.0,15.0,15.0,15.0,198969966,53210,17,15.0,15.0
313,2003-12-03,15.0,15.0,15.0,15.0,3778975,1010,3,15.0,15.0
314,2003-12-06,14.0,15.0,14.0,15.0,13464870,3705,3,15.0,15.0
315,2003-12-07,15.0,15.0,15.0,15.0,10416028,2797,4,15.0,15.0
316,2003-12-08,15.0,15.0,15.0,15.0,5921584,1616,2,15.0,15.0
317,2003-12-09,15.0,15.0,15.0,15.0,36737010,10010,3,15.0,15.0
318,2003-12-10,15.0,15.0,15.0,15.0,13817250,3765,4,15.0,15.0
319,2003-12-13,14.0,15.0,14.0,15.0,34946310,9676,6,15.0,15.0
320,2003-12-17,15.0,15.0,15.0,15.0,127056859,34717,10,15.0,15.0
321,2003-12-21,15.0,15.0,15.0,15.0,113886462,30487,18,15.0,15.0
322,2003-12-22,15.0,15.0,15.0,15.0,7413975,1985,1,15.0,15.0
323,2003-12-23,15.0,15.0,15.0,15.0,8325315,2229,2,15.0,15.0
324,2003-12-24,15.0,15.0,15.0,15.0,31609552,8604,5,15.0,15.0
325,2003-12-27,14.0,15.0,14.0,15.0,34055090,9647,2,15.0,15.0
326,2003-12-28,14.0,14.0,14.0,14.0,17926350,5010,2,15.0,14.0
327,2003-12-29,14.0,14.0,14.0,14.0,38010658,10832,3,14.0,14.0
328,2003-12-30,14.0,14.0,14.0,14.0,198210672,57285,22,14.0,14.0
329,2003-12-31,14.0,14.0,14.0,14.0,21854100,6390,2,14.0,14.0
330,2004-01-03,14.0,14.0,14.0,14.0,29489790,8630,4,14.0,14.0
331,2004-01-04,14.0,14.0,14.0,14.0,74362880,21837,11,14.0,14.0
332,2004-01-06,13.0,14.0,13.0,14.0,14385410,4294,3,14.0,14.0
333,2004-01-07,13.0,13.0,13.0,13.0,53915100,16060,7,14.0,13.0
334,2004-01-10,13.0,14.0,13.0,13.0,185783770,55010,7,13.0,13.0
335,2004-01-11,13.0,13.0,13.0,13.0,68986198,20610,9,13.0,13.0
336,2004-01-14,13.0,13.0,13.0,13.0,72547020,21630,11,13.0,13.0
337,2004-01-17,13.0,13.0,13.0,13.0,20030690,6069,4,13.0,13.0
338,2004-01-18,13.0,13.0,13.0,13.0,69572092,20800,12,13.0,13.0
339,2004-01-19,14.0,14.0,13.0,13.0,2515040,717,2,13.0,13.0
340,2004-01-20,13.0,13.0,13.0,13.0,10714345,3205,2,13.0,13.0
341,2004-01-24,14.0,14.0,13.0,13.0,8998786,2562,2,13.0,13.0
342,2004-01-27,13.0,14.0,13.0,13.0,41125242,12277,6,13.0,13.0
343,2004-01-28,13.0,13.0,13.0,13.0,106036343,32466,14,13.0,13.0
344,2004-01-31,12.0,12.0,12.0,12.0,93731710,29945,8,13.0,12.0
345,2004-02-01,13.0,13.0,13.0,13.0,89584630,28315,8,12.0,13.0
346,2004-02-04,13.0,13.0,13.0,13.0,3175652,1004,1,13.0,13.0
347,2004-02-08,12.0,13.0,12.0,13.0,2729354,878,2,13.0,13.0
348,2004-02-09,13.0,13.0,13.0,13.0,12631356,3996,2,13.0,13.0
349,2004-02-14,13.0,13.0,13.0,13.0,28541420,9014,5,13.0,13.0
350,2004-02-15,13.0,13.0,13.0,13.0,16031690,5010,3,13.0,13.0
351,2004-02-16,13.0,13.0,13.0,13.0,26000514,8107,4,13.0,13.0
352,2004-02-17,13.0,13.0,13.0,13.0,21557877,6668,7,13.0,13.0
353,2004-02-18,13.0,13.0,13.0,13.0,107642710,32202,14,13.0,13.0
354,2004-02-21,13.0,13.0,13.0,13.0,354853560,106180,16,13.0,13.0
355,2004-02-22,14.0,14.0,13.0,13.0,735230,210,3,13.0,13.0
356,2004-03-14,13.0,13.0,13.0,13.0,11011980,3297,2,13.0,13.0
357,2004-03-16,13.0,13.0,13.0,13.0,4001558,1202,2,13.0,13.0
358,2004-03-28,13.0,13.0,13.0,13.0,7255140,2180,3,13.0,13.0
359,2004-04-04,13.0,14.0,13.0,14.0,143606524,41456,15,13.0,14.0
360,2004-04-06,14.0,14.0,14.0,14.0,72775480,20010,3,14.0,14.0
361,2004-04-10,15.0,15.0,14.0,14.0,45395325,12187,3,14.0,14.0
362,2004-04-12,15.0,15.0,15.0,15.0,94537100,25010,5,14.0,15.0
363,2004-04-13,16.0,16.0,16.0,16.0,279918070,71866,14,15.0,16.0
364,2004-04-14,16.0,16.0,16.0,16.0,2230601270,546010,114,16.0,16.0
365,2004-04-17,17.0,17.0,17.0,17.0,434810242,101378,32,16.0,17.0
366,2004-04-18,18.0,18.0,18.0,18.0,1807886151,401487,150,17.0,18.0
367,2004-04-21,19.0,19.0,18.0,19.0,472434092,100440,42,18.0,19.0
368,2004-04-24,20.0,20.0,20.0,20.0,187841360,38040,13,19.0,20.0
369,2004-04-25,21.0,21.0,20.0,21.0,2354435047,457149,159,20.0,21.0
370,2004-04-26,21.0,22.0,21.0,21.0,1420101758,265358,70,21.0,21.0
371,2004-04-27,22.0,22.0,22.0,22.0,242326812,43134,20,21.0,22.0
372,2004-04-28,24.0,24.0,23.0,23.0,2241298900,382254,133,22.0,23.0
373,2004-05-01,22.0,23.0,22.0,23.0,583345459,103257,52,23.0,23.0
374,2004-05-02,21.0,22.0,21.0,22.0,143079823,26659,24,23.0,22.0
375,2004-05-03,21.0,21.0,21.0,21.0,958748281,182658,86,22.0,21.0
376,2004-05-04,21.0,22.0,21.0,22.0,591394729,109548,45,21.0,22.0
377,2004-05-05,21.0,21.0,20.0,21.0,243011352,46261,23,22.0,21.0
378,2004-05-08,21.0,21.0,20.0,21.0,128900062,25097,13,21.0,21.0
379,2004-05-09,20.0,20.0,20.0,20.0,79402750,15717,11,21.0,20.0
380,2004-05-11,20.0,20.0,20.0,20.0,154199685,31130,17,20.0,20.0
381,2004-05-12,20.0,20.0,20.0,20.0,19857010,4010,4,20.0,20.0
382,2004-05-15,20.0,20.0,20.0,20.0,19874373,4019,5,20.0,20.0
383,2004-05-16,19.0,19.0,19.0,19.0,160983218,33778,24,20.0,19.0
384,2004-05-17,18.0,19.0,18.0,19.0,54482253,11668,8,19.0,19.0
385,2004-05-18,18.0,18.0,18.0,18.0,109751934,24249,14,19.0,18.0
386,2004-05-19,17.0,18.0,17.0,18.0,22286345,5075,5,18.0,18.0
387,2004-05-22,17.0,18.0,17.0,18.0,11632200,2665,4,18.0,18.0
388,2004-05-23,17.0,18.0,17.0,18.0,13095610,3010,3,18.0,18.0
389,2004-05-24,17.0,17.0,17.0,17.0,182830935,42195,21,18.0,17.0
390,2004-05-25,17.0,18.0,17.0,18.0,989627894,223779,82,17.0,18.0
391,2004-05-26,19.0,19.0,18.0,18.0,172643188,37243,22,18.0,18.0
392,2004-05-29,18.0,18.0,18.0,18.0,445619284,96713,32,18.0,18.0
393,2004-05-30,17.0,18.0,17.0,18.0,112590421,25723,13,18.0,18.0
394,2004-05-31,17.0,18.0,17.0,18.0,621802642,139953,58,18.0,18.0
395,2004-06-01,18.0,18.0,18.0,18.0,197117416,42635,16,18.0,18.0
396,2004-06-02,18.0,18.0,18.0,18.0,167807977,38104,19,18.0,18.0
397,2004-06-05,18.0,18.0,17.0,18.0,28026970,6520,6,18.0,18.0
398,2004-06-06,17.0,17.0,17.0,17.0,273256422,63161,21,18.0,17.0
399,2004-06-22,17.0,17.0,17.0,17.0,18248250,4350,1,17.0,17.0
400,2004-06-23,16.0,17.0,16.0,17.0,12830736,3205,5,17.0,17.0
401,2004-06-26,16.0,17.0,16.0,17.0,4012730,1010,2,17.0,17.0
402,2004-06-27,16.0,17.0,16.0,17.0,2024200,510,2,17.0,17.0
403,2004-06-29,16.0,17.0,16.0,17.0,10877630,2745,5,17.0,17.0
404,2004-07-04,16.0,17.0,16.0,17.0,3990500,1010,2,17.0,17.0
405,2004-07-07,16.0,16.0,16.0,16.0,9965901,2527,2,17.0,16.0
406,2004-07-10,16.0,16.0,16.0,16.0,79077036,20116,11,16.0,16.0
407,2004-07-11,15.0,16.0,15.0,16.0,2854466,744,3,16.0,16.0
408,2004-07-28,14.0,14.0,11.0,13.0,51642257,16317,22,16.0,13.0
409,2004-07-31,13.0,13.0,12.0,13.0,613964572,187468,61,13.0,13.0
410,2004-08-01,14.0,14.0,13.0,13.0,703783746,210913,58,13.0,13.0
411,2004-08-02,14.0,14.0,14.0,14.0,614168004,178604,58,13.0,14.0
412,2004-08-03,14.0,14.0,14.0,14.0,128135970,35945,23,14.0,14.0
413,2004-08-04,15.0,15.0,14.0,15.0,355292799,96534,32,14.0,15.0
414,2004-08-07,15.0,15.0,14.0,15.0,229610994,62486,27,15.0,15.0
415,2004-08-08,14.0,15.0,14.0,14.0,294223159,81505,38,15.0,14.0
416,2004-08-09,14.0,15.0,14.0,14.0,166473736,46101,24,14.0,14.0
417,2004-08-10,14.0,14.0,14.0,14.0,372548299,106004,49,14.0,14.0
418,2004-08-11,14.0,14.0,14.0,14.0,866685102,246950,59,14.0,14.0
419,2004-08-14,14.0,14.0,14.0,14.0,298303884,85983,31,14.0,14.0
420,2004-08-15,13.0,14.0,13.0,13.0,181673995,53740,15,14.0,13.0
421,2004-08-16,13.0,13.0,13.0,13.0,4077790,1210,6,13.0,13.0
422,2004-08-17,14.0,14.0,13.0,13.0,3567110,1021,7,13.0,13.0
423,2004-08-18,13.0,13.0,13.0,13.0,75160400,22226,22,13.0,13.0
424,2004-08-21,13.0,13.0,13.0,13.0,31048342,9182,8,13.0,13.0
425,2004-08-22,13.0,13.0,13.0,13.0,314568607,93144,28,13.0,13.0
426,2004-08-23,13.0,13.0,13.0,13.0,43543266,12902,10,13.0,13.0
427,2004-08-24,14.0,14.0,14.0,14.0,42162915,12110,7,13.0,14.0
428,2004-08-25,14.0,14.0,14.0,14.0,98415151,28579,17,14.0,14.0
429,2004-08-28,14.0,14.0,14.0,14.0,87508380,25499,7,14.0,14.0
430,2004-08-29,14.0,14.0,14.0,14.0,49437094,14415,13,14.0,14.0
431,2004-08-31,14.0,14.0,14.0,14.0,100964070,29440,15,14.0,14.0
432,2004-09-01,14.0,14.0,14.0,14.0,49339010,14387,9,14.0,14.0
433,2004-09-04,13.0,14.0,13.0,14.0,35346377,10710,10,14.0,14.0
434,2004-09-05,13.0,13.0,13.0,13.0,20108870,6010,5,14.0,13.0
435,2004-09-06,13.0,14.0,13.0,14.0,431689741,123335,31,13.0,14.0
436,2004-09-07,14.0,14.0,14.0,14.0,19467990,5536,7,14.0,14.0
437,2004-09-08,14.0,14.0,14.0,14.0,26463510,7561,3,14.0,14.0
438,2004-09-11,14.0,14.0,14.0,14.0,412145886,118213,31,14.0,14.0
439,2004-09-12,14.0,15.0,14.0,14.0,614592940,170694,29,14.0,14.0
440,2004-09-14,15.0,15.0,15.0,15.0,108682020,28752,9,14.0,15.0
441,2004-09-15,16.0,16.0,15.0,15.0,30406466,7773,6,15.0,15.0
442,2004-09-18,16.0,16.0,15.0,15.0,46320420,11730,9,15.0,15.0
443,2004-09-19,16.0,16.0,16.0,16.0,66689494,16656,10,15.0,16.0
444,2004-09-20,16.0,16.0,16.0,16.0,214213315,52439,12,16.0,16.0
445,2004-09-21,17.0,17.0,17.0,17.0,239562095,55855,13,16.0,17.0
446,2004-09-22,18.0,18.0,18.0,18.0,663593601,147367,49,17.0,18.0
447,2004-09-25,19.0,19.0,19.0,19.0,501007248,105966,31,18.0,19.0
448,2004-09-26,20.0,20.0,18.0,20.0,1184152709,239359,63,19.0,20.0
449,2004-09-27,21.0,21.0,20.0,21.0,1685740038,324699,19,20.0,21.0
450,2004-09-28,20.0,20.0,20.0,20.0,102295481,20288,22,21.0,20.0
451,2004-09-29,20.0,20.0,19.0,19.0,510123310,104760,46,20.0,19.0
452,2004-10-02,19.0,19.0,19.0,19.0,68137720,14145,16,19.0,19.0
453,2004-10-03,19.0,19.0,19.0,19.0,9453580,1970,3,19.0,19.0
454,2004-10-04,19.0,19.0,19.0,19.0,163553680,34160,16,19.0,19.0
455,2004-10-05,18.0,18.0,18.0,18.0,141633261,31045,18,19.0,18.0
456,2004-10-06,18.0,18.0,18.0,18.0,137584065,30308,17,18.0,18.0
457,2004-10-10,18.0,18.0,18.0,18.0,18646695,4197,5,18.0,18.0
458,2004-10-11,18.0,19.0,18.0,18.0,539470542,118219,48,18.0,18.0
459,2004-10-13,18.0,19.0,18.0,18.0,54647090,11652,9,18.0,18.0
460,2004-10-16,18.0,18.0,18.0,18.0,78704390,17394,11,18.0,18.0
461,2004-10-17,18.0,18.0,18.0,18.0,103790400,23110,13,18.0,18.0
462,2004-10-18,18.0,18.0,18.0,18.0,66754345,14799,13,18.0,18.0
463,2004-10-19,18.0,19.0,18.0,18.0,99263280,21111,22,18.0,18.0
464,2004-10-20,19.0,19.0,19.0,19.0,140523535,29099,18,18.0,19.0
465,2004-10-23,19.0,19.0,19.0,19.0,128445040,27390,5,19.0,19.0
466,2004-10-24,18.0,19.0,18.0,19.0,12231303,2657,10,19.0,19.0
467,2004-10-25,18.0,19.0,18.0,18.0,331730418,72266,23,19.0,18.0
468,2004-10-26,18.0,18.0,18.0,18.0,61477320,13369,6,18.0,18.0
469,2004-10-27,19.0,19.0,18.0,18.0,31398160,6710,4,18.0,18.0
470,2004-10-30,18.0,19.0,18.0,18.0,37245960,7990,7,18.0,18.0
471,2004-11-01,18.0,19.0,18.0,18.0,356535691,76958,28,18.0,18.0
472,2004-11-02,18.0,18.0,18.0,18.0,17816180,3840,3,18.0,18.0
473,2004-11-03,18.0,19.0,18.0,18.0,126984738,27346,15,18.0,18.0
474,2004-11-06,18.0,19.0,18.0,19.0,27204920,5798,6,18.0,19.0
475,2004-11-07,19.0,19.0,19.0,19.0,23230000,5000,3,19.0,19.0
476,2004-11-08,19.0,19.0,19.0,19.0,48541500,10390,11,19.0,19.0
477,2004-11-09,19.0,19.0,19.0,19.0,247923328,53004,12,19.0,19.0
478,2004-11-10,19.0,19.0,19.0,19.0,17744559,3796,6,19.0,19.0
479,2004-11-13,19.0,19.0,19.0,19.0,32505000,6916,6,19.0,19.0
480,2004-11-15,19.0,19.0,19.0,19.0,90986879,19441,13,19.0,19.0
481,2004-11-16,19.0,20.0,19.0,19.0,426216570,87650,27,19.0,19.0
482,2004-11-17,20.0,20.0,19.0,19.0,8103242,1638,3,19.0,19.0
483,2004-11-20,20.0,20.0,20.0,20.0,20450747480,4010415,16,19.0,20.0
484,2004-11-21,20.0,21.0,20.0,20.0,128081215,25035,17,20.0,20.0
485,2004-11-22,21.0,21.0,20.0,20.0,41387540,7918,8,20.0,20.0
486,2004-11-23,21.0,21.0,12.0,21.0,2429076737,756333,1046,20.0,21.0
487,2004-11-24,22.0,22.0,21.0,22.0,287338680,53243,18,21.0,22.0
488,2004-11-27,22.0,22.0,22.0,22.0,286720228,52120,25,22.0,22.0
489,2004-11-28,22.0,22.0,22.0,22.0,79233000,14406,9,22.0,22.0
490,2004-11-29,22.0,23.0,22.0,23.0,480308828,84034,22,22.0,23.0
491,2004-11-30,24.0,24.0,24.0,24.0,481200600,80205,35,23.0,24.0
492,2004-12-01,24.0,25.0,24.0,25.0,252002060,40590,18,24.0,25.0
493,2004-12-04,23.0,26.0,23.0,25.0,180491310,28823,19,25.0,25.0
494,2004-12-05,26.0,26.0,25.0,25.0,835103626,130985,30,25.0,25.0
495,2004-12-06,26.0,26.0,26.0,26.0,1253628874,193822,57,25.0,26.0
496,2004-12-07,26.0,26.0,26.0,26.0,234398849,35637,26,26.0,26.0
497,2004-12-11,27.0,27.0,26.0,26.0,57964137,8470,9,26.0,26.0
498,2004-12-12,28.0,28.0,26.0,26.0,11120010,1600,3,26.0,26.0
499,2004-12-13,28.0,28.0,28.0,28.0,632379084,90900,38,26.0,28.0
500,2004-12-14,28.0,28.0,28.0,28.0,331798296,47681,26,28.0,28.0
501,2004-12-15,28.0,28.0,28.0,28.0,71945601,10349,17,28.0,28.0
502,2004-12-18,27.0,27.0,26.0,27.0,47209832,7105,13,28.0,27.0
503,2004-12-19,27.0,27.0,26.0,26.0,274569048,41566,27,27.0,26.0
504,2004-12-20,25.0,25.0,25.0,25.0,725547317,115556,53,26.0,25.0
505,2004-12-21,24.0,25.0,24.0,24.0,490494417,81360,48,25.0,24.0
506,2004-12-22,25.0,25.0,25.0,25.0,673380738,106865,53,24.0,25.0
507,2004-12-25,26.0,26.0,26.0,26.0,203349493,30977,19,25.0,26.0
508,2004-12-26,25.0,26.0,25.0,26.0,99679483,15725,15,26.0,26.0
509,2004-12-27,26.0,26.0,26.0,26.0,334005897,51863,24,26.0,26.0
510,2004-12-28,26.0,27.0,26.0,26.0,54101495,8180,8,26.0,26.0
511,2004-12-29,27.0,27.0,26.0,26.0,22527170,3370,6,26.0,26.0
512,2005-01-01,26.0,26.0,25.0,25.0,106944701,17077,15,26.0,25.0
513,2005-01-02,25.0,25.0,25.0,25.0,2543260,398,2,25.0,25.0
514,2005-01-03,25.0,25.0,25.0,25.0,33914360,5320,11,25.0,25.0
515,2005-01-04,25.0,25.0,24.0,25.0,130043455,21040,18,25.0,25.0
516,2005-01-05,25.0,25.0,24.0,25.0,268289590,43307,25,25.0,25.0
517,2005-01-08,25.0,25.0,25.0,25.0,27394502,4432,5,25.0,25.0
518,2005-01-09,25.0,25.0,25.0,25.0,734900040,118461,39,25.0,25.0
519,2005-01-10,25.0,26.0,25.0,25.0,309631480,48641,19,25.0,25.0
520,2005-01-11,26.0,26.0,25.0,25.0,22683760,3490,4,25.0,25.0
521,2005-01-12,26.0,26.0,26.0,26.0,291703889,44896,25,25.0,26.0
522,2005-01-15,26.0,26.0,26.0,26.0,26572730,4090,1,26.0,26.0
523,2005-01-17,26.0,26.0,26.0,26.0,1131998073,174243,45,26.0,26.0
524,2005-01-18,26.0,26.0,26.0,26.0,6443637,993,2,26.0,26.0
525,2005-01-19,26.0,26.0,26.0,26.0,318921150,49170,17,26.0,26.0
526,2005-01-22,26.0,26.0,26.0,26.0,156400950,24054,8,26.0,26.0
527,2005-01-23,26.0,26.0,26.0,26.0,194425900,29892,22,26.0,26.0
528,2005-01-24,26.0,26.0,26.0,26.0,175881705,27007,18,26.0,26.0
529,2005-01-25,26.0,26.0,26.0,26.0,47082660,7234,9,26.0,26.0
530,2005-01-26,26.0,26.0,26.0,26.0,35045580,5385,7,26.0,26.0
531,2005-01-30,26.0,26.0,26.0,26.0,8697070,1338,3,26.0,26.0
532,2005-01-31,26.0,26.0,26.0,26.0,189266762,29118,16,26.0,26.0
533,2005-02-01,26.0,26.0,26.0,26.0,41789230,6429,14,26.0,26.0
534,2005-02-02,26.0,26.0,26.0,26.0,72468500,11149,13,26.0,26.0
535,2005-02-05,26.0,26.0,26.0,26.0,95333960,14667,18,26.0,26.0
536,2005-02-06,26.0,26.0,26.0,26.0,146974490,22613,10,26.0,26.0
537,2005-02-16,25.0,26.0,25.0,26.0,2213890,358,2,26.0,26.0
538,2005-02-26,25.0,26.0,25.0,26.0,95865,15,2,26.0,26.0
539,2005-02-27,25.0,25.0,25.0,25.0,191024405,30935,26,26.0,25.0
540,2005-02-28,25.0,25.0,25.0,25.0,518367150,83938,32,25.0,25.0
541,2005-03-01,25.0,25.0,25.0,25.0,18658760,3010,2,25.0,25.0
542,2005-03-02,25.0,25.0,25.0,25.0,119744221,19327,13,25.0,25.0
543,2005-03-06,25.0,25.0,25.0,25.0,82289429,13296,11,25.0,25.0
544,2005-03-08,25.0,25.0,25.0,25.0,1542640,250,2,25.0,25.0
545,2005-03-15,24.0,25.0,24.0,24.0,147470650,24158,20,25.0,24.0
546,2005-03-28,25.0,25.0,25.0,25.0,76693550,12370,10,24.0,25.0
547,2005-03-29,25.0,25.0,25.0,25.0,20803900,3380,4,25.0,25.0
548,2005-03-30,25.0,25.0,25.0,25.0,64159400,10185,10,25.0,25.0
549,2005-04-03,25.0,25.0,25.0,25.0,3205300,517,2,25.0,25.0
550,2005-04-04,25.0,25.0,25.0,25.0,22513150,3630,2,25.0,25.0
551,2005-04-05,25.0,25.0,25.0,25.0,33906430,5460,7,25.0,25.0
552,2005-04-10,25.0,25.0,25.0,25.0,22542140,3630,4,25.0,25.0
553,2005-04-11,25.0,25.0,25.0,25.0,23849142,3838,7,25.0,25.0
554,2005-04-12,25.0,25.0,25.0,25.0,122881750,19775,12,25.0,25.0
555,2005-04-13,25.0,25.0,25.0,25.0,2965512,478,1,25.0,25.0
556,2005-04-16,25.0,25.0,25.0,25.0,165752170,26630,7,25.0,25.0
557,2005-04-19,24.0,25.0,24.0,25.0,411387803,66797,16,25.0,25.0
558,2005-04-20,24.0,25.0,24.0,25.0,121443157,19662,14,25.0,25.0
559,2005-04-24,25.0,25.0,25.0,25.0,506896435,81586,30,25.0,25.0
560,2005-04-25,25.0,26.0,25.0,25.0,359326421,56882,34,25.0,25.0
561,2005-04-27,26.0,26.0,26.0,26.0,525811488,79284,24,25.0,26.0
562,2005-04-30,26.0,27.0,26.0,26.0,40418560,6075,7,26.0,26.0
563,2005-05-01,26.0,28.0,26.0,28.0,1833704950,264074,52,26.0,28.0
564,2005-05-02,26.0,27.0,26.0,27.0,43809120,6630,4,28.0,27.0
565,2005-05-03,27.0,29.0,27.0,28.0,345033970,49195,21,27.0,28.0
566,2005-05-04,29.0,29.0,28.0,28.0,196802879,27374,24,28.0,28.0
567,2005-05-07,28.0,28.0,27.0,28.0,204058184,28723,12,28.0,28.0
568,2005-05-08,29.0,29.0,28.0,29.0,1071861294,149289,41,28.0,29.0
569,2005-05-09,29.0,29.0,29.0,29.0,537913453,74501,31,29.0,29.0
570,2005-05-10,29.0,29.0,29.0,29.0,816655220,112656,35,29.0,29.0
571,2005-05-11,29.0,29.0,29.0,29.0,2082647052,285292,48,29.0,29.0
572,2005-05-14,29.0,29.0,29.0,29.0,727362329,99629,41,29.0,29.0
573,2005-05-15,29.0,29.0,29.0,29.0,791496012,108388,33,29.0,29.0
574,2005-05-16,29.0,29.0,29.0,29.0,711641280,97305,27,29.0,29.0
575,2005-05-17,29.0,30.0,29.0,30.0,925087718,121595,37,29.0,30.0
576,2005-05-18,31.0,31.0,30.0,31.0,261847035,33881,15,30.0,31.0
577,2005-05-21,31.0,32.0,31.0,31.0,164090467,20527,15,31.0,31.0
578,2005-05-22,32.0,32.0,31.0,31.0,60398770,7550,6,31.0,31.0
579,2005-05-23,31.0,33.0,31.0,32.0,279194407,34791,23,31.0,32.0
580,2005-05-24,32.0,32.0,32.0,32.0,52442160,6480,6,32.0,32.0
581,2005-05-25,32.0,32.0,32.0,32.0,24494472,3056,5,32.0,32.0
582,2005-05-28,32.0,32.0,30.0,32.0,118890778,15233,12,32.0,32.0
583,2005-05-29,30.0,30.0,30.0,30.0,375658301,49741,14,32.0,30.0
584,2005-05-30,30.0,31.0,30.0,30.0,285362517,37851,33,30.0,30.0
585,2005-05-31,30.0,30.0,30.0,30.0,1148578622,151816,65,30.0,30.0
586,2005-06-01,30.0,32.0,30.0,30.0,1397380507,183924,79,30.0,30.0
587,2005-06-06,32.0,32.0,32.0,32.0,327063856,41006,37,30.0,32.0
588,2005-06-07,33.0,33.0,33.0,33.0,2632328210,314992,112,32.0,33.0
589,2005-06-08,32.0,32.0,32.0,32.0,656179397,82493,41,33.0,32.0
590,2005-06-11,30.0,32.0,30.0,30.0,298939602,39480,21,32.0,30.0
591,2005-06-22,30.0,30.0,29.0,30.0,91667350,12160,7,30.0,30.0
592,2005-06-27,29.0,29.0,29.0,29.0,293713620,41010,14,30.0,29.0
593,2005-06-28,29.0,29.0,27.0,29.0,1195266697,166762,70,29.0,29.0
594,2005-06-29,28.0,28.0,27.0,28.0,211449099,30209,12,29.0,28.0
595,2005-07-02,27.0,27.0,27.0,27.0,730238008,107716,33,28.0,27.0
596,2005-07-03,26.0,27.0,26.0,27.0,86079460,13345,4,27.0,27.0
597,2005-07-04,27.0,27.0,25.0,27.0,6471310,1020,3,27.0,27.0
598,2005-07-05,26.0,27.0,25.0,27.0,65380343,9738,12,27.0,27.0
599,2005-07-06,28.0,28.0,27.0,27.0,24574520,3510,4,27.0,27.0
600,2005-07-11,25.0,27.0,25.0,27.0,23178930,3640,3,27.0,27.0
601,2005-07-12,25.0,27.0,25.0,26.0,156818360,23760,16,27.0,26.0
602,2005-07-13,25.0,25.0,25.0,25.0,365474000,58010,18,26.0,25.0
603,2005-07-16,25.0,26.0,25.0,25.0,868110995,137773,31,25.0,25.0
604,2005-07-24,24.0,24.0,24.0,24.0,30000000,5000,2,25.0,24.0
605,2005-07-25,25.0,25.0,24.0,24.0,36328520,6039,5,24.0,24.0
606,2005-07-26,24.0,24.0,24.0,24.0,23022010,3837,3,24.0,24.0
607,2005-07-27,24.0,24.0,24.0,24.0,30000000,5000,1,24.0,24.0
608,2005-07-31,24.0,24.0,24.0,24.0,1482000,247,1,24.0,24.0
609,2005-08-01,24.0,24.0,23.0,24.0,74305570,13010,4,24.0,24.0
610,2005-08-02,22.0,24.0,22.0,24.0,2303840,410,2,24.0,24.0
611,2005-08-06,22.0,23.0,22.0,23.0,56148310,10010,4,24.0,23.0
612,2005-08-07,22.0,23.0,22.0,23.0,85969210,15510,7,23.0,23.0
613,2005-08-08,22.0,23.0,22.0,23.0,18320530,3363,7,23.0,23.0
614,2005-08-10,22.0,22.0,22.0,22.0,82713237,15055,10,23.0,22.0
615,2005-08-13,21.0,22.0,21.0,22.0,24624500,4610,3,22.0,22.0
616,2005-08-14,22.0,22.0,21.0,22.0,37302505,7010,6,22.0,22.0
617,2005-08-16,22.0,22.0,22.0,22.0,5653690,1020,4,22.0,22.0
618,2005-08-20,22.0,22.0,22.0,22.0,583410,106,2,22.0,22.0
619,2005-08-21,22.0,22.0,22.0,22.0,223756500,40683,11,22.0,22.0
620,2005-08-22,22.0,22.0,22.0,22.0,278062000,50100,6,22.0,22.0
621,2005-08-23,22.0,23.0,22.0,22.0,588566040,105010,22,22.0,22.0
622,2005-08-24,23.0,23.0,23.0,23.0,864846120,152555,19,22.0,23.0
623,2005-08-27,23.0,24.0,23.0,24.0,1687285220,286005,23,23.0,24.0
624,2005-08-28,25.0,25.0,24.0,25.0,2536214950,409752,89,24.0,25.0
625,2005-08-29,25.0,26.0,25.0,26.0,1488745458,229368,53,25.0,26.0
626,2005-08-30,26.0,27.0,26.0,27.0,857987520,126005,34,26.0,27.0
627,2005-08-31,27.0,27.0,27.0,27.0,690868920,101410,23,27.0,27.0
628,2005-09-03,27.0,28.0,27.0,28.0,726915576,104498,33,27.0,28.0
629,2005-09-04,28.0,29.0,28.0,29.0,681602814,94676,40,28.0,29.0
630,2005-09-05,29.0,30.0,29.0,29.0,2569321571,347516,61,29.0,29.0
631,2005-09-06,30.0,30.0,29.0,30.0,2603612194,347270,99,29.0,30.0
632,2005-09-07,30.0,31.0,30.0,31.0,7052336674,897581,77,30.0,31.0
633,2005-09-10,31.0,31.0,30.0,31.0,1664532381,217319,21,31.0,31.0
634,2005-09-11,30.0,30.0,29.0,29.0,298713080,41010,26,31.0,29.0
635,2005-09-12,29.0,29.0,29.0,29.0,161853430,22250,6,29.0,29.0
636,2005-09-13,28.0,29.0,28.0,29.0,80513530,11595,9,29.0,29.0
637,2005-09-14,29.0,29.0,28.0,28.0,129528575,18381,18,29.0,28.0
638,2005-09-17,28.0,28.0,28.0,28.0,155631833,22510,7,28.0,28.0
639,2005-09-18,27.0,27.0,27.0,27.0,315768822,45763,17,28.0,27.0
640,2005-09-19,27.0,27.0,26.0,27.0,76388337,11514,13,27.0,27.0
641,2005-09-21,27.0,27.0,27.0,27.0,200113090,30010,5,27.0,27.0
642,2005-09-24,27.0,27.0,26.0,27.0,142517974,20866,11,27.0,27.0
643,2005-09-25,26.0,28.0,26.0,27.0,17746632,2611,9,27.0,27.0
644,2005-09-26,26.0,26.0,26.0,26.0,192286311,29713,18,27.0,26.0
645,2005-09-27,25.0,26.0,25.0,26.0,180164280,28394,15,26.0,26.0
646,2005-09-28,24.0,25.0,24.0,25.0,41688820,6845,5,26.0,25.0
647,2005-10-03,24.0,25.0,24.0,25.0,51430278,8466,4,25.0,25.0
648,2005-10-05,25.0,25.0,25.0,25.0,34101850,5413,3,25.0,25.0
649,2005-10-11,25.0,25.0,25.0,25.0,1731125,275,1,25.0,25.0
650,2005-10-15,24.0,24.0,24.0,24.0,195180590,32525,13,25.0,24.0
651,2005-10-16,24.0,24.0,24.0,24.0,54600590,9010,3,24.0,24.0
652,2005-10-17,24.0,24.0,24.0,24.0,30360590,5010,2,24.0,24.0
653,2005-10-18,24.0,24.0,24.0,24.0,16444592,2740,5,24.0,24.0
654,2005-10-23,24.0,24.0,24.0,24.0,191643254,32090,12,24.0,24.0
655,2005-10-31,23.0,24.0,23.0,24.0,58422656,10099,5,24.0,24.0
656,2005-11-01,23.0,24.0,23.0,23.0,178401375,30445,9,24.0,23.0
657,2005-11-02,23.0,23.0,23.0,23.0,39382650,6790,3,23.0,23.0
658,2005-11-06,23.0,23.0,23.0,23.0,19950410,3440,4,23.0,23.0
659,2005-11-08,23.0,23.0,23.0,23.0,6593074,1138,2,23.0,23.0
660,2005-11-09,23.0,23.0,23.0,23.0,730199944,125118,17,23.0,23.0
661,2005-11-12,23.0,23.0,23.0,23.0,177459810,30510,6,23.0,23.0
662,2005-11-15,23.0,23.0,23.0,23.0,155185,27,2,23.0,23.0
663,2005-11-23,23.0,23.0,23.0,23.0,218600166,38324,20,23.0,23.0
664,2005-11-26,23.0,24.0,23.0,24.0,253934038,42621,13,23.0,24.0
665,2005-11-27,25.0,25.0,24.0,24.0,119424430,19140,5,24.0,24.0
666,2005-11-29,24.0,24.0,24.0,24.0,384871535,64330,16,24.0,24.0
667,2005-11-30,24.0,24.0,23.0,24.0,245231036,41393,16,24.0,24.0
668,2005-12-03,23.0,23.0,23.0,23.0,58200390,10010,7,24.0,23.0
669,2005-12-04,23.0,23.0,23.0,23.0,167815622,29072,13,23.0,23.0
670,2005-12-05,23.0,23.0,23.0,23.0,16350260,2819,4,23.0,23.0
671,2005-12-06,23.0,23.0,22.0,23.0,31376416,5651,7,23.0,23.0
672,2005-12-10,23.0,24.0,23.0,23.0,1058034375,175111,6,23.0,23.0
673,2005-12-11,23.0,23.0,23.0,23.0,24176182,4186,13,23.0,23.0
674,2005-12-12,23.0,23.0,23.0,23.0,1732500,300,1,23.0,23.0
675,2005-12-14,22.0,23.0,22.0,23.0,13815973,2513,5,23.0,23.0
676,2005-12-21,22.0,24.0,22.0,24.0,632110494,106502,24,23.0,24.0
677,2005-12-24,24.0,24.0,24.0,24.0,2474895,417,3,24.0,24.0
678,2005-12-25,24.0,24.0,24.0,24.0,415320,70,3,24.0,24.0
679,2005-12-27,24.0,24.0,24.0,24.0,284160000,48000,5,24.0,24.0
680,2005-12-28,23.0,24.0,23.0,24.0,626841657,106833,5,24.0,24.0
681,2005-12-31,23.0,23.0,23.0,23.0,90768395,15515,6,24.0,23.0
682,2006-01-01,23.0,23.0,23.0,23.0,1062240,183,2,23.0,23.0
683,2006-01-07,22.0,23.0,22.0,23.0,1178820,210,2,23.0,23.0
684,2006-01-08,22.0,23.0,22.0,23.0,1176400,210,4,23.0,23.0
685,2006-01-23,22.0,22.0,22.0,22.0,195566270,35010,13,23.0,22.0
686,2006-01-24,22.0,22.0,21.0,22.0,332715440,60010,9,22.0,22.0
687,2006-01-25,21.0,22.0,21.0,22.0,43785240,8261,11,22.0,22.0
688,2006-01-28,22.0,22.0,22.0,22.0,21976000,4000,1,22.0,22.0
689,2006-01-30,22.0,22.0,22.0,22.0,95669274,17423,7,22.0,22.0
690,2006-02-05,21.0,22.0,21.0,22.0,66776646,12784,6,22.0,22.0
691,2006-02-19,21.0,21.0,21.0,21.0,5393000,1000,1,22.0,21.0
692,2006-02-21,21.0,21.0,21.0,21.0,436917740,82210,17,21.0,21.0
693,2006-03-07,21.0,21.0,21.0,21.0,208632490,40060,8,21.0,21.0
694,2006-03-08,20.0,20.0,20.0,20.0,203995820,39960,5,21.0,20.0
695,2006-03-11,20.0,20.0,20.0,20.0,755755000,151000,39,20.0,20.0
696,2006-03-12,20.0,20.0,20.0,20.0,246966750,50350,9,20.0,20.0
697,2006-03-13,19.0,19.0,19.0,19.0,254771000,53000,13,20.0,19.0
698,2006-03-14,19.0,19.0,19.0,19.0,235550000,50000,12,19.0,19.0
699,2006-03-15,18.0,18.0,18.0,18.0,1901049750,411750,95,19.0,18.0
700,2006-03-18,18.0,18.0,18.0,18.0,108012130,23870,5,18.0,18.0
701,2006-03-19,18.0,18.0,18.0,18.0,125261000,28010,12,18.0,18.0
702,2006-03-28,18.0,18.0,18.0,18.0,1368000,310,2,18.0,18.0
703,2006-04-03,18.0,18.0,18.0,18.0,79455470,18017,6,18.0,18.0
704,2006-04-04,17.0,18.0,17.0,18.0,68358609,15639,5,18.0,18.0
705,2006-04-05,17.0,17.0,17.0,17.0,195165000,45000,17,18.0,17.0
706,2006-04-08,17.0,17.0,17.0,17.0,194198433,45683,14,17.0,17.0
707,2006-04-09,17.0,17.0,17.0,17.0,187470000,45000,13,17.0,17.0
708,2006-04-10,16.0,17.0,16.0,16.0,720951163,176352,42,17.0,16.0
709,2006-04-11,17.0,17.0,17.0,17.0,152472747,36573,13,16.0,17.0
710,2006-04-12,17.0,17.0,17.0,17.0,143922410,33920,14,17.0,17.0
711,2006-04-15,17.0,17.0,17.0,17.0,2495818,579,3,17.0,17.0
712,2006-04-17,17.0,17.0,17.0,17.0,2198800,510,2,17.0,17.0
713,2006-04-18,17.0,17.0,17.0,17.0,129462910,30010,7,17.0,17.0
714,2006-04-19,17.0,17.0,17.0,17.0,43753100,10010,2,17.0,17.0
715,2006-04-22,18.0,18.0,17.0,17.0,4437120,1010,2,17.0,17.0
716,2006-04-23,18.0,18.0,17.0,17.0,140705024,31993,14,17.0,17.0
717,2006-04-24,18.0,18.0,18.0,18.0,1341583645,300405,117,17.0,18.0
718,2006-04-25,18.0,18.0,18.0,18.0,268208365,58983,24,18.0,18.0
719,2006-04-26,18.0,18.0,18.0,18.0,279676940,61913,36,18.0,18.0
720,2006-04-29,18.0,18.0,18.0,18.0,78407816,17708,20,18.0,18.0
721,2006-04-30,18.0,18.0,18.0,18.0,159964747,35860,16,18.0,18.0
722,2006-05-01,17.0,18.0,17.0,18.0,12641790,2890,5,18.0,18.0
723,2006-05-02,17.0,18.0,17.0,17.0,247456260,56485,29,18.0,17.0
724,2006-05-03,18.0,18.0,17.0,17.0,22799427,5164,8,17.0,17.0
725,2006-05-06,17.0,17.0,17.0,17.0,24229609,5605,9,17.0,17.0
726,2006-05-07,17.0,17.0,17.0,17.0,131814016,30500,10,17.0,17.0
727,2006-05-08,17.0,17.0,17.0,17.0,115146127,26859,18,17.0,17.0
728,2006-05-09,17.0,17.0,17.0,17.0,35955050,8520,7,17.0,17.0
729,2006-05-10,17.0,17.0,17.0,17.0,230081650,54499,25,17.0,17.0
730,2006-05-13,17.0,17.0,17.0,17.0,135906210,31578,9,17.0,17.0
731,2006-05-14,17.0,17.0,17.0,17.0,40821160,9360,5,17.0,17.0
732,2006-05-15,17.0,17.0,17.0,17.0,56078232,12828,10,17.0,17.0
733,2006-05-16,18.0,18.0,17.0,17.0,101924326,23160,15,17.0,17.0
734,2006-05-17,17.0,18.0,17.0,17.0,17485410,4010,5,17.0,17.0
735,2006-05-20,18.0,18.0,17.0,17.0,22267740,5010,3,17.0,17.0
736,2006-05-21,17.0,17.0,17.0,17.0,43743730,10010,3,17.0,17.0
737,2006-05-22,17.0,17.0,17.0,17.0,106122093,24661,10,17.0,17.0
738,2006-05-23,17.0,17.0,17.0,17.0,47908182,11130,7,17.0,17.0
739,2006-05-24,17.0,17.0,17.0,17.0,96143574,22408,15,17.0,17.0
740,2006-05-27,17.0,17.0,17.0,17.0,13963620,3185,3,17.0,17.0
741,2006-05-28,17.0,17.0,17.0,17.0,86210,20,2,17.0,17.0
742,2006-05-29,17.0,18.0,17.0,17.0,27610200,6344,13,17.0,17.0
743,2006-05-30,17.0,17.0,17.0,17.0,1523600,348,2,17.0,17.0
744,2006-05-31,17.0,17.0,17.0,17.0,4343470,1010,3,17.0,17.0
745,2006-06-03,17.0,17.0,17.0,17.0,10793140,2510,2,17.0,17.0
746,2006-06-06,17.0,17.0,17.0,17.0,43643250,10010,3,17.0,17.0
747,2006-06-10,17.0,17.0,17.0,17.0,156530956,36449,20,17.0,17.0
748,2006-06-11,17.0,17.0,17.0,17.0,84632300,19661,6,17.0,17.0
749,2006-06-12,17.0,17.0,17.0,17.0,96600368,22833,10,17.0,17.0
750,2006-06-13,17.0,17.0,17.0,17.0,74349730,17685,7,17.0,17.0
751,2006-06-14,17.0,17.0,17.0,17.0,84139214,19548,7,17.0,17.0
752,2006-06-17,17.0,17.0,17.0,17.0,64467087,15011,4,17.0,17.0
753,2006-06-18,17.0,17.0,17.0,17.0,85523000,20000,3,17.0,17.0
754,2006-06-19,17.0,17.0,17.0,17.0,59822335,14010,12,17.0,17.0
755,2006-06-20,17.0,17.0,17.0,17.0,3722644,871,2,17.0,17.0
756,2006-06-21,17.0,17.0,17.0,17.0,7686640,1835,4,17.0,17.0
757,2006-06-24,17.0,17.0,17.0,17.0,87091857,20483,7,17.0,17.0
758,2006-06-25,17.0,17.0,17.0,17.0,42645164,10036,6,17.0,17.0
759,2006-06-26,17.0,17.0,17.0,17.0,375364440,86601,16,17.0,17.0
760,2006-06-27,17.0,18.0,17.0,17.0,63516170,14374,11,17.0,17.0
761,2006-06-28,17.0,17.0,17.0,17.0,5989560,1375,2,17.0,17.0
762,2006-07-01,18.0,18.0,17.0,17.0,2755080,620,2,17.0,17.0
763,2006-07-02,17.0,17.0,17.0,17.0,21893630,5010,2,17.0,17.0
764,2006-07-03,18.0,18.0,17.0,17.0,90009480,20400,11,17.0,17.0
765,2006-07-04,17.0,17.0,17.0,17.0,15880940,3620,3,17.0,17.0
766,2006-07-05,17.0,17.0,17.0,17.0,27586250,6286,5,17.0,17.0
767,2006-07-09,17.0,17.0,17.0,17.0,11991600,2734,5,17.0,17.0
768,2006-07-10,17.0,17.0,17.0,17.0,7956204,1814,1,17.0,17.0
769,2006-07-11,18.0,18.0,18.0,18.0,57622050,12950,11,17.0,18.0
770,2006-07-12,18.0,18.0,18.0,18.0,122809206,27461,11,18.0,18.0
771,2006-07-15,18.0,18.0,18.0,18.0,384648530,84911,15,18.0,18.0
772,2006-07-23,16.0,16.0,16.0,16.0,20340000,5000,1,18.0,16.0
773,2006-07-26,17.0,17.0,16.0,16.0,828990,200,2,16.0,16.0
774,2006-07-30,17.0,17.0,16.0,16.0,2517643,607,2,16.0,16.0
775,2006-07-31,17.0,17.0,17.0,17.0,159788025,38504,14,16.0,17.0
776,2006-08-01,17.0,17.0,17.0,17.0,20760164,5010,4,17.0,17.0
777,2006-08-02,16.0,16.0,16.0,16.0,7563490,1860,2,17.0,16.0
778,2006-08-05,16.0,16.0,16.0,16.0,91104576,22010,9,16.0,16.0
779,2006-08-09,17.0,17.0,17.0,17.0,66183434,15948,9,16.0,17.0
780,2006-08-13,17.0,17.0,17.0,17.0,39269469,9461,5,17.0,17.0
781,2006-08-15,17.0,17.0,17.0,17.0,4191430,1010,2,17.0,17.0
782,2006-08-16,17.0,17.0,17.0,17.0,136493480,32890,13,17.0,17.0
783,2006-08-20,17.0,17.0,17.0,17.0,27267218,6572,4,17.0,17.0
784,2006-08-21,16.0,17.0,16.0,17.0,10065440,2424,3,17.0,17.0
785,2006-08-23,17.0,17.0,17.0,17.0,44376944,10648,3,17.0,17.0
786,2006-08-26,17.0,17.0,17.0,17.0,16677530,4018,4,17.0,17.0
787,2006-08-27,17.0,17.0,17.0,17.0,23859838,5738,4,17.0,17.0
788,2006-08-28,17.0,17.0,17.0,17.0,3370530,797,3,17.0,17.0
789,2006-08-29,17.0,17.0,17.0,17.0,3657936,876,2,17.0,17.0
790,2006-09-02,17.0,17.0,17.0,17.0,50036416,11816,4,17.0,17.0
791,2006-09-03,17.0,17.0,17.0,17.0,266802022,62659,12,17.0,17.0
792,2006-09-04,17.0,17.0,17.0,17.0,174588380,40200,11,17.0,17.0
793,2006-09-05,18.0,18.0,17.0,17.0,6009668,1358,2,17.0,17.0
794,2006-09-06,17.0,17.0,17.0,17.0,2873245176,674386,28,17.0,17.0
795,2006-09-10,17.0,17.0,17.0,17.0,262530108,62321,10,17.0,17.0
796,2006-09-11,17.0,17.0,17.0,17.0,59410052,14321,5,17.0,17.0
797,2006-09-12,17.0,17.0,17.0,17.0,135616256,32209,9,17.0,17.0
798,2006-09-13,17.0,17.0,17.0,17.0,29036955,6865,7,17.0,17.0
799,2006-09-16,17.0,17.0,17.0,17.0,27221203,6341,4,17.0,17.0
800,2006-09-17,17.0,17.0,17.0,17.0,147984162,34367,13,17.0,17.0
801,2006-09-18,17.0,17.0,17.0,17.0,72985965,16675,5,17.0,17.0
802,2006-09-19,18.0,18.0,18.0,18.0,1261832000,286000,71,17.0,18.0
803,2006-09-20,18.0,18.0,18.0,18.0,238472770,53010,19,18.0,18.0
804,2006-09-23,18.0,18.0,18.0,18.0,79491500,17549,9,18.0,18.0
805,2006-09-24,18.0,18.0,18.0,18.0,120701164,26906,18,18.0,18.0
806,2006-09-25,18.0,18.0,18.0,18.0,49662610,11274,16,18.0,18.0
807,2006-09-26,17.0,18.0,17.0,18.0,3877170,885,3,18.0,18.0
808,2006-09-27,18.0,18.0,17.0,18.0,33055455,7516,8,18.0,18.0
809,2006-09-30,18.0,18.0,18.0,18.0,1065550,241,2,18.0,18.0
810,2006-10-01,17.0,18.0,17.0,18.0,6756322,1548,6,18.0,18.0
811,2006-10-02,17.0,18.0,17.0,18.0,87264050,20010,3,18.0,18.0
812,2006-10-04,17.0,18.0,17.0,18.0,5012887,1161,2,18.0,18.0
813,2006-10-08,17.0,17.0,17.0,17.0,133777350,31010,13,18.0,17.0
814,2006-10-11,17.0,17.0,17.0,17.0,3833438,902,3,17.0,17.0
815,2006-10-22,17.0,17.0,17.0,17.0,468030,110,2,17.0,17.0
816,2006-10-29,17.0,17.0,17.0,17.0,4290310,1010,2,17.0,17.0
817,2006-10-30,17.0,17.0,17.0,17.0,7293730,1718,2,17.0,17.0
818,2006-10-31,17.0,17.0,17.0,17.0,127272640,30010,11,17.0,17.0
819,2006-11-01,17.0,17.0,17.0,17.0,3600625927,861488,81,17.0,17.0
820,2006-11-04,17.0,17.0,17.0,17.0,21179580,5008,7,17.0,17.0
821,2006-11-05,17.0,17.0,17.0,17.0,9794614,2342,4,17.0,17.0
822,2006-11-07,17.0,17.0,17.0,17.0,2021294,474,2,17.0,17.0
823,2006-11-08,17.0,17.0,17.0,17.0,33694514,7903,8,17.0,17.0
824,2006-11-12,17.0,17.0,17.0,17.0,42051742,10010,3,17.0,17.0
825,2006-11-13,16.0,17.0,16.0,17.0,121490000,29497,11,17.0,17.0
826,2006-11-14,17.0,17.0,17.0,17.0,8282000,2000,1,17.0,17.0
827,2006-11-15,17.0,17.0,17.0,17.0,11236450,2670,3,17.0,17.0
828,2006-11-18,17.0,17.0,17.0,17.0,22834950,5410,4,17.0,17.0
829,2006-11-19,16.0,17.0,16.0,17.0,3576026,878,2,17.0,17.0
830,2006-11-20,16.0,16.0,16.0,16.0,39811310,9770,6,17.0,16.0
831,2006-11-22,17.0,17.0,17.0,17.0,45172473,10759,10,16.0,17.0
832,2006-11-25,17.0,17.0,17.0,17.0,55341630,13080,6,17.0,17.0
833,2006-11-26,17.0,17.0,17.0,17.0,4301790,1010,2,17.0,17.0
834,2006-11-27,17.0,17.0,17.0,17.0,72496140,17010,4,17.0,17.0
835,2006-11-28,17.0,17.0,17.0,17.0,43022350,10010,3,17.0,17.0
836,2006-11-29,17.0,17.0,17.0,17.0,59774400,13840,7,17.0,17.0
837,2006-12-02,17.0,17.0,17.0,17.0,11643154,2678,4,17.0,17.0
838,2006-12-03,17.0,17.0,17.0,17.0,144252214,33131,9,17.0,17.0
839,2006-12-04,18.0,18.0,17.0,17.0,105175160,23808,11,17.0,17.0
840,2006-12-05,17.0,17.0,17.0,17.0,105699147,24579,12,17.0,17.0
841,2006-12-06,17.0,17.0,17.0,17.0,61732795,14535,10,17.0,17.0
842,2006-12-09,17.0,17.0,17.0,17.0,1436868,334,2,17.0,17.0
843,2006-12-10,17.0,17.0,17.0,17.0,105442490,25010,9,17.0,17.0
844,2006-12-11,17.0,17.0,17.0,17.0,66248148,15868,5,17.0,17.0
845,2006-12-12,16.0,17.0,16.0,17.0,20196828,4883,2,17.0,17.0
846,2006-12-13,17.0,17.0,17.0,17.0,152807210,36821,17,17.0,17.0
847,2006-12-17,17.0,17.0,17.0,17.0,178537800,42509,7,17.0,17.0
848,2006-12-18,17.0,17.0,17.0,17.0,3966164,926,2,17.0,17.0
849,2006-12-19,17.0,17.0,17.0,17.0,131806266,31342,7,17.0,17.0
850,2006-12-23,17.0,17.0,17.0,17.0,37241983,8847,5,17.0,17.0
851,2006-12-24,17.0,17.0,17.0,17.0,89732369,21343,10,17.0,17.0
852,2006-12-25,17.0,17.0,17.0,17.0,56921160,13540,10,17.0,17.0
853,2006-12-27,17.0,17.0,17.0,17.0,30727036,7309,3,17.0,17.0
854,2006-12-30,17.0,17.0,17.0,17.0,4204000,1000,1,17.0,17.0
855,2007-01-03,16.0,17.0,16.0,17.0,12417980,3010,3,17.0,17.0
856,2007-01-06,17.0,17.0,16.0,17.0,13671000,3300,5,17.0,17.0
857,2007-02-07,16.0,17.0,16.0,17.0,535130,130,2,17.0,17.0
858,2007-08-15,9.0,10.0,8.0,9.0,1629166517,721093,113,17.0,9.0
859,2007-08-18,9.0,9.0,9.0,9.0,71412725,31233,10,9.0,9.0
860,2007-08-19,9.0,9.0,9.0,9.0,11786752,5121,12,9.0,9.0
861,2007-08-20,9.0,9.0,9.0,9.0,8380660,3707,6,9.0,9.0
862,2007-08-21,9.0,9.0,9.0,9.0,16964902,7587,4,9.0,9.0
863,2007-08-22,9.0,9.0,9.0,9.0,5989284,2688,2,9.0,9.0
864,2007-08-27,9.0,9.0,9.0,9.0,4521630,2032,3,9.0,9.0
865,2007-09-02,9.0,9.0,9.0,9.0,11137620,5010,2,9.0,9.0
866,2007-09-05,9.0,9.0,9.0,9.0,135609456,61168,22,9.0,9.0
867,2007-09-11,9.0,9.0,9.0,9.0,4346000,2000,1,9.0,9.0
868,2007-09-19,8.0,9.0,8.0,9.0,3201800,1503,3,9.0,9.0
869,2007-09-30,8.0,8.0,8.0,8.0,212800,100,1,9.0,8.0
870,2007-10-01,8.0,8.0,8.0,8.0,50064000,24000,7,8.0,8.0
871,2007-10-02,8.0,8.0,8.0,8.0,39114935,19127,12,8.0,8.0
872,2007-10-06,8.0,8.0,8.0,8.0,614016770,302110,75,8.0,8.0
873,2007-10-07,8.0,8.0,8.0,8.0,41436510,20010,7,8.0,8.0
874,2007-10-08,8.0,8.0,8.0,8.0,88949488,42828,18,8.0,8.0
875,2007-10-09,8.0,8.0,8.0,8.0,10605810,5010,4,8.0,8.0
876,2007-10-14,8.0,8.0,8.0,8.0,70698594,33317,12,8.0,8.0
877,2007-10-15,8.0,8.0,8.0,8.0,3479644,1646,1,8.0,8.0
878,2007-11-11,8.0,8.0,8.0,8.0,32509940,15690,15,8.0,8.0
879,2007-11-12,8.0,8.0,8.0,8.0,1325108,644,2,8.0,8.0
880,2007-11-28,8.0,8.0,8.0,8.0,2056000,1000,1,8.0,8.0
881,2007-12-12,8.0,8.0,8.0,8.0,201500,100,1,8.0,8.0
882,2007-12-15,8.0,8.0,8.0,8.0,197500,100,1,8.0,8.0
883,2007-12-22,8.0,8.0,8.0,8.0,193600,100,1,8.0,8.0
884,2007-12-23,8.0,8.0,8.0,8.0,189800,100,1,8.0,8.0
885,2007-12-25,7.0,7.0,7.0,7.0,399972089,214881,40,8.0,7.0
886,2007-12-26,7.0,7.0,7.0,7.0,9308000,5000,3,7.0,7.0
887,2008-01-01,7.0,7.0,7.0,7.0,3666590,2010,2,7.0,7.0
888,2008-01-02,7.0,7.0,7.0,7.0,50927200,27575,11,7.0,7.0
889,2008-01-12,7.0,8.0,7.0,7.0,68781163,37039,6,7.0,7.0
890,2008-01-13,7.0,7.0,7.0,7.0,113155,61,1,7.0,7.0
891,2008-01-29,8.0,8.0,7.0,7.0,11370600,6010,2,7.0,7.0
892,2008-02-03,8.0,8.0,8.0,8.0,90725922,47826,11,7.0,8.0
893,2008-02-05,8.0,8.0,8.0,8.0,1952980,1010,2,8.0,8.0
894,2008-02-09,8.0,8.0,8.0,8.0,340190,176,2,8.0,8.0
895,2008-02-12,8.0,8.0,8.0,8.0,3912220,2022,3,8.0,8.0
896,2008-02-13,8.0,8.0,8.0,8.0,88292495,45750,14,8.0,8.0
897,2008-02-16,8.0,8.0,8.0,8.0,55178190,28295,11,8.0,8.0
898,2008-02-19,8.0,8.0,8.0,8.0,629896,318,2,8.0,8.0
899,2008-02-27,8.0,8.0,8.0,8.0,104380048,52664,15,8.0,8.0
900,2008-03-01,8.0,8.0,8.0,8.0,1153611,571,3,8.0,8.0
901,2008-03-04,8.0,8.0,8.0,8.0,23206214,11477,7,8.0,8.0
902,2008-03-24,8.0,8.0,8.0,8.0,80003038,42184,9,8.0,8.0
903,2008-03-26,8.0,8.0,8.0,8.0,75600000,40000,4,8.0,8.0
904,2008-04-02,8.0,8.0,8.0,8.0,2523150,1335,1,8.0,8.0
905,2008-04-05,8.0,8.0,8.0,8.0,5799930,3010,3,8.0,8.0
906,2008-04-06,8.0,8.0,8.0,8.0,68232000,36000,10,8.0,8.0
907,2008-04-07,8.0,8.0,8.0,8.0,3804950,2010,2,8.0,8.0
908,2008-04-08,8.0,8.0,8.0,8.0,28425000,15000,6,8.0,8.0
909,2008-04-09,8.0,8.0,8.0,8.0,95812500,50625,11,8.0,8.0
910,2008-04-15,7.0,8.0,7.0,8.0,13302515,7171,5,8.0,8.0
911,2008-04-19,7.0,7.0,7.0,7.0,99037186,52734,6,8.0,7.0
912,2008-04-20,7.0,7.0,7.0,7.0,3002632,1598,2,7.0,7.0
913,2008-05-04,7.0,7.0,7.0,7.0,92050,50,1,7.0,7.0
914,2008-05-05,7.0,7.0,7.0,7.0,303582950,168190,31,7.0,7.0
915,2008-05-06,7.0,7.0,7.0,7.0,11432838,6422,4,7.0,7.0
916,2008-05-12,7.0,7.0,7.0,7.0,6149930,3520,3,7.0,7.0
917,2008-05-27,7.0,7.0,7.0,7.0,179600,100,1,7.0,7.0
918,2008-05-28,7.0,7.0,7.0,7.0,1616400,900,1,7.0,7.0
919,2008-06-02,7.0,7.0,7.0,7.0,27961760,16010,8,7.0,7.0
920,2008-06-09,7.0,7.0,7.0,7.0,10355680,6010,3,7.0,7.0
921,2008-06-11,7.0,7.0,7.0,7.0,33239690,18760,9,7.0,7.0
922,2008-06-24,7.0,7.0,7.0,7.0,360890,210,2,7.0,7.0
923,2008-06-25,7.0,7.0,7.0,7.0,1107340,645,2,7.0,7.0
924,2008-06-28,7.0,7.0,7.0,7.0,189180,110,2,7.0,7.0
925,2008-07-21,7.0,7.0,7.0,7.0,1486625,875,1,7.0,7.0
926,2008-07-27,7.0,7.0,7.0,7.0,2985170,1810,2,7.0,7.0
927,2008-07-29,7.0,7.0,7.0,7.0,66225880,40210,13,7.0,7.0
928,2008-08-02,7.0,7.0,7.0,7.0,9679429,5877,4,7.0,7.0
929,2008-08-03,7.0,7.0,7.0,7.0,773352,456,2,7.0,7.0
930,2008-08-06,7.0,7.0,7.0,7.0,1488666,877,4,7.0,7.0
931,2008-08-12,7.0,7.0,7.0,7.0,179604,106,2,7.0,7.0
932,2008-08-18,7.0,7.0,7.0,7.0,5227373,3077,2,7.0,7.0
933,2008-08-19,7.0,7.0,7.0,7.0,561500,330,2,7.0,7.0
934,2008-09-07,7.0,7.0,7.0,7.0,5125580,3010,2,7.0,7.0
935,2008-09-08,7.0,7.0,7.0,7.0,335171761,196525,36,7.0,7.0
936,2008-09-09,7.0,7.0,7.0,7.0,92460872,54134,12,7.0,7.0
937,2008-09-13,7.0,7.0,7.0,7.0,17080000,10000,1,7.0,7.0
938,2008-09-23,7.0,7.0,7.0,7.0,17080,10,1,7.0,7.0
939,2008-10-06,7.0,7.0,7.0,7.0,7508432,4398,7,7.0,7.0
940,2008-10-07,7.0,7.0,7.0,7.0,2999660,1810,2,7.0,7.0
941,2008-10-08,7.0,7.0,7.0,7.0,930610,562,2,7.0,7.0
942,2008-10-11,9.0,10.0,7.0,9.0,190848810,82934,19,7.0,9.0
943,2008-10-12,9.0,9.0,9.0,9.0,11274900,4900,1,9.0,9.0
944,2008-10-13,9.0,9.0,9.0,9.0,1948780,826,2,9.0,9.0
945,2008-10-26,9.0,9.0,9.0,9.0,1899004,826,2,9.0,9.0
946,2008-10-28,9.0,9.0,9.0,9.0,1117820,486,2,9.0,9.0
947,2008-11-08,9.0,9.0,9.0,9.0,7615160,3410,2,9.0,9.0
948,2008-11-24,9.0,9.0,9.0,9.0,84537054,37943,14,9.0,9.0
949,2008-11-25,9.0,9.0,9.0,9.0,21692170,10010,4,9.0,9.0
950,2008-11-26,9.0,9.0,9.0,9.0,129080690,60000,12,9.0,9.0
951,2008-11-29,8.0,8.0,8.0,8.0,93915000,45000,10,9.0,8.0
952,2008-11-30,8.0,8.0,8.0,8.0,95298000,47000,12,8.0,8.0
953,2008-12-01,8.0,8.0,8.0,8.0,87842400,44600,7,8.0,8.0
954,2008-12-02,8.0,8.0,8.0,8.0,2532134,1286,2,8.0,8.0
955,2008-12-03,8.0,8.0,8.0,8.0,2116615,1045,7,8.0,8.0
956,2009-01-03,8.0,8.0,8.0,8.0,1999800,990,2,8.0,8.0
957,2009-01-14,8.0,8.0,8.0,8.0,53059000,27300,3,8.0,8.0
958,2009-01-17,8.0,8.0,8.0,8.0,7644000,4000,1,8.0,8.0
959,2009-02-08,8.0,8.0,8.0,8.0,1342610,710,1,8.0,8.0
960,2009-02-14,7.0,7.0,7.0,7.0,34000000,20000,2,8.0,7.0
961,2009-02-15,7.0,7.0,7.0,7.0,326562308,186518,33,7.0,7.0
962,2009-02-17,7.0,7.0,7.0,7.0,10506000,6000,2,7.0,7.0
963,2009-02-22,7.0,7.0,7.0,7.0,17500000,10000,2,7.0,7.0
964,2009-02-28,7.0,7.0,7.0,7.0,38327574,22000,7,7.0,7.0
965,2009-03-07,7.0,7.0,7.0,7.0,60940000,34000,7,7.0,7.0
966,2009-03-08,7.0,7.0,7.0,7.0,51724996,28142,3,7.0,7.0
967,2009-04-07,7.0,7.0,7.0,7.0,31646659,17178,4,7.0,7.0
968,2009-04-11,7.0,7.0,7.0,7.0,17770000,10000,1,7.0,7.0
969,2009-04-15,7.0,7.0,7.0,7.0,93578802,50000,13,7.0,7.0
970,2009-04-19,7.0,7.0,7.0,7.0,18700000,10000,1,7.0,7.0
971,2009-04-20,7.0,8.0,7.0,8.0,57180000,30000,3,7.0,8.0
972,2009-04-21,7.0,7.0,7.0,8.0,5523000,3000,1,8.0,7.0
973,2009-04-27,7.0,8.0,7.0,8.0,37800000,20000,2,8.0,8.0
974,2009-04-28,8.0,8.0,8.0,8.0,135900000,70000,10,8.0,8.0
975,2009-04-29,8.0,8.0,8.0,8.0,41492039,20779,9,8.0,8.0
976,2009-05-02,8.0,8.0,8.0,8.0,55513676,27476,8,8.0,8.0
977,2009-05-03,8.0,8.0,8.0,8.0,41280000,20000,9,8.0,8.0
978,2009-05-04,8.0,8.0,8.0,8.0,20930000,10000,7,8.0,8.0
979,2009-05-05,8.0,8.0,8.0,8.0,501946218,238002,139,8.0,8.0
980,2009-05-06,9.0,9.0,9.0,9.0,43442172,20001,6,8.0,9.0
981,2009-05-09,8.0,9.0,8.0,9.0,123752628,56551,12,9.0,9.0
982,2009-05-10,9.0,9.0,9.0,9.0,252336000,112000,24,9.0,9.0
983,2009-05-11,9.0,9.0,9.0,9.0,153120000,66000,11,9.0,9.0
984,2009-05-12,10.0,10.0,10.0,10.0,375072000,157000,35,9.0,10.0
985,2009-05-13,10.0,10.0,10.0,10.0,164906219,67044,14,10.0,10.0
986,2009-05-16,10.0,10.0,10.0,10.0,123000000,50000,5,10.0,10.0
987,2009-05-17,10.0,10.0,10.0,10.0,12295150,5150,2,10.0,10.0
988,2009-05-19,9.0,9.0,9.0,10.0,5469400,2300,1,10.0,9.0
989,2009-05-23,9.0,9.0,9.0,10.0,55431140,23310,7,10.0,9.0
990,2009-05-30,9.0,9.0,9.0,9.0,136674026,58506,17,10.0,9.0
991,2009-05-31,9.0,9.0,9.0,9.0,2746637,1212,2,9.0,9.0
992,2009-06-07,9.0,9.0,9.0,9.0,10574372,4603,2,9.0,9.0
993,2009-06-13,9.0,9.0,9.0,9.0,54415800,23658,6,9.0,9.0
994,2009-06-14,9.0,9.0,9.0,9.0,13926500,6055,2,9.0,9.0
995,2009-06-15,9.0,9.0,9.0,9.0,22440000,10000,2,9.0,9.0
996,2009-06-16,9.0,9.0,9.0,9.0,24497000,11000,3,9.0,9.0
997,2009-06-17,9.0,9.0,9.0,9.0,64061000,29000,16,9.0,9.0
998,2009-06-21,9.0,9.0,9.0,9.0,21630000,10000,1,9.0,9.0
999,2009-06-24,9.0,9.0,9.0,9.0,21500000,10000,2,9.0,9.0
1000,2009-06-30,9.0,9.0,9.0,9.0,45260000,20000,2,9.0,9.0
1001,2009-07-01,9.0,9.0,9.0,9.0,70028000,30500,8,9.0,9.0
1002,2009-07-04,9.0,9.0,9.0,9.0,11094053,4766,5,9.0,9.0
1003,2009-07-05,9.0,9.0,9.0,9.0,94091702,40000,8,9.0,9.0
1004,2009-07-07,10.0,10.0,10.0,10.0,422948700,174700,27,9.0,10.0
1005,2009-07-19,11.0,11.0,8.0,9.0,409220000,210600,53,10.0,9.0
1006,2009-07-21,9.0,9.0,9.0,9.0,9450000,5000,1,9.0,9.0
1007,2009-07-22,9.0,9.0,9.0,9.0,9395000,5000,2,9.0,9.0
1008,2009-07-28,9.0,9.0,9.0,9.0,2481725,1325,1,9.0,9.0
1009,2009-08-08,9.0,9.0,9.0,9.0,703734796,358912,43,9.0,9.0
1010,2009-08-09,10.0,10.0,10.0,10.0,322838100,159900,33,9.0,10.0
1011,2009-08-10,10.0,10.0,10.0,10.0,112670840,54342,11,10.0,10.0
1012,2009-08-12,10.0,10.0,10.0,10.0,63709440,30000,7,10.0,10.0
1013,2009-08-16,10.0,10.0,10.0,10.0,190950000,88000,11,10.0,10.0
1014,2009-08-18,11.0,11.0,11.0,10.0,22290000,10000,3,10.0,11.0
1015,2009-08-22,10.0,11.0,10.0,10.0,48692553,22170,13,10.0,11.0
1016,2009-08-23,11.0,11.0,11.0,11.0,256216408,114068,14,10.0,11.0
1017,2009-09-05,10.0,10.0,10.0,11.0,2287950,1050,1,11.0,10.0
1018,2009-09-16,10.0,10.0,10.0,11.0,217700,100,1,11.0,10.0
1019,2009-09-27,10.0,10.0,10.0,10.0,476763,219,1,11.0,10.0
1020,2009-09-28,10.0,10.0,10.0,10.0,378048,179,1,10.0,10.0
1021,2009-10-03,10.0,10.0,10.0,10.0,9947895,4855,1,10.0,10.0
1022,2009-10-04,10.0,10.0,10.0,10.0,188956470,92535,18,10.0,10.0
1023,2009-10-05,9.0,9.0,9.0,10.0,9905000,5000,2,10.0,9.0
1024,2009-10-06,9.0,9.0,9.0,10.0,4498746,2279,1,10.0,9.0
1025,2009-10-07,9.0,9.0,9.0,9.0,184668530,93632,19,10.0,9.0
1026,2009-10-10,10.0,10.0,10.0,10.0,77381100,38100,8,9.0,10.0
1027,2009-10-11,10.0,10.0,9.0,10.0,379511595,185245,30,10.0,9.0
1028,2009-10-12,9.0,9.0,9.0,9.0,108346000,54500,8,10.0,9.0
1029,2009-10-18,10.0,10.0,10.0,10.0,67276500,33000,8,9.0,10.0
1030,2009-10-19,10.0,10.0,10.0,10.0,202900000,100000,10,10.0,10.0
1031,2009-10-20,10.0,10.0,9.0,9.0,88696120,44880,8,10.0,9.0
1032,2009-10-21,9.0,9.0,9.0,9.0,42480000,22000,3,9.0,9.0
1033,2009-10-24,9.0,9.0,9.0,9.0,97600000,50000,5,9.0,9.0
1034,2009-10-25,9.0,9.0,9.0,9.0,57401845,29647,8,9.0,9.0
1035,2009-11-01,9.0,9.0,9.0,9.0,12160000,6400,1,9.0,9.0
1036,2009-11-07,9.0,9.0,9.0,9.0,11937111,6477,1,9.0,9.0
1037,2009-11-10,9.0,9.0,9.0,9.0,484214475,265323,23,9.0,9.0
1038,2009-11-11,9.0,9.0,9.0,9.0,27365000,15000,3,9.0,9.0
1039,2009-11-14,8.0,8.0,8.0,9.0,1272630,719,8,9.0,8.0
1040,2009-11-15,9.0,9.0,9.0,9.0,91006010,48230,12,9.0,9.0
1041,2009-11-16,9.0,9.0,9.0,9.0,73287056,37548,11,9.0,9.0
1042,2009-11-18,10.0,10.0,10.0,10.0,80816115,40114,15,9.0,10.0
1043,2009-11-21,10.0,10.0,10.0,10.0,101720285,49099,9,10.0,10.0
1044,2009-11-22,10.0,10.0,10.0,10.0,169011142,80691,13,10.0,10.0
1045,2009-11-23,10.0,10.0,10.0,10.0,243514677,117559,27,10.0,10.0
1046,2009-11-24,10.0,10.0,10.0,10.0,191523110,90560,11,10.0,10.0
1047,2009-11-25,10.0,10.0,10.0,10.0,89423106,41085,10,10.0,10.0
1048,2009-11-29,11.0,11.0,10.0,11.0,173666616,78596,5,10.0,11.0
1049,2009-11-30,11.0,11.0,11.0,11.0,71676470,31542,8,11.0,11.0
1050,2009-12-01,11.0,11.0,11.0,11.0,148698865,64693,10,11.0,11.0
1051,2009-12-05,11.0,11.0,11.0,11.0,96072240,41432,3,11.0,11.0
1052,2009-12-07,11.0,11.0,11.0,11.0,239301798,102241,22,11.0,11.0
1053,2009-12-08,12.0,12.0,11.0,12.0,104424275,43145,2,11.0,11.0
1054,2009-12-09,11.0,12.0,11.0,12.0,368881309,149298,24,12.0,12.0
1055,2009-12-12,12.0,12.0,12.0,12.0,4939450,2000,3,12.0,12.0
1056,2009-12-13,12.0,12.0,12.0,12.0,212582432,86000,7,12.0,12.0
1057,2009-12-14,12.0,12.0,12.0,12.0,327972619,133293,12,12.0,12.0
1058,2009-12-16,12.0,12.0,12.0,12.0,12177000,4950,3,12.0,12.0
1059,2009-12-19,12.0,12.0,12.0,12.0,1960000,800,1,12.0,12.0
1060,2009-12-20,11.0,12.0,11.0,12.0,195218000,79000,8,12.0,12.0
1061,2009-12-21,12.0,12.0,12.0,12.0,699963500,274500,14,12.0,12.0
1062,2009-12-22,12.0,12.0,12.0,12.0,9597900,3900,2,12.0,12.0
1063,2010-01-05,12.0,12.0,12.0,12.0,19896283,8111,1,12.0,12.0
1064,2010-01-23,12.0,12.0,12.0,12.0,243600,100,1,12.0,12.0
1065,2010-01-24,12.0,12.0,12.0,12.0,476342248,192843,27,12.0,12.0
1066,2010-01-25,12.0,12.0,12.0,12.0,369947032,146005,21,12.0,12.0
1067,2010-01-26,13.0,13.0,13.0,13.0,831936314,317500,36,12.0,13.0
1068,2010-01-27,13.0,13.0,13.0,13.0,300319158,110778,15,13.0,13.0
1069,2010-01-30,13.0,13.0,13.0,13.0,142450437,50867,2,13.0,13.0
1070,2010-01-31,13.0,13.0,13.0,13.0,2172408,804,2,13.0,13.0
1071,2010-02-07,13.0,14.0,13.0,13.0,739252615,269207,23,13.0,13.0
1072,2010-02-08,14.0,14.0,14.0,14.0,186128844,65498,13,13.0,14.0
1073,2010-02-09,14.0,14.0,13.0,14.0,166575384,56732,7,14.0,13.0
1074,2010-02-10,14.0,14.0,14.0,14.0,153267000,50500,2,14.0,14.0
1075,2010-02-14,15.0,15.0,15.0,15.0,176299000,57000,12,14.0,15.0
1076,2010-02-16,15.0,15.0,15.0,15.0,193590000,60500,4,15.0,15.0
1077,2010-02-20,16.0,26.0,16.0,23.0,2260653143,465778,80,15.0,23.0
1078,2010-02-21,24.0,24.0,24.0,24.0,243174753,48508,21,23.0,24.0
1079,2010-02-22,25.0,25.0,24.0,24.0,212578380,41448,12,24.0,24.0
1080,2010-02-27,25.0,25.0,25.0,25.0,236493726,44571,9,24.0,25.0
1081,2010-02-28,26.0,26.0,25.0,25.0,15410100,2877,2,25.0,25.0
1082,2010-03-15,24.0,24.0,24.0,25.0,989125,193,2,25.0,24.0
1083,2010-04-04,24.0,24.0,24.0,24.0,51240,10,1,25.0,24.0
1084,2010-04-05,24.0,24.0,24.0,24.0,717032000,140000,29,24.0,24.0
1085,2010-04-06,24.0,24.0,24.0,24.0,1076892936,211338,44,24.0,24.0
1086,2010-04-07,24.0,25.0,24.0,25.0,377244952,72462,7,24.0,25.0
1087,2010-04-10,25.0,26.0,25.0,26.0,311203501,57830,17,25.0,26.0
1088,2010-04-11,27.0,27.0,27.0,27.0,339649293,60997,28,26.0,27.0
1089,2010-04-12,27.0,27.0,27.0,27.0,367577094,63812,16,27.0,27.0
1090,2010-04-13,28.0,28.0,28.0,28.0,237891755,40000,14,27.0,28.0
1091,2010-04-14,29.0,29.0,27.0,29.0,264462580,43920,9,28.0,29.0
1092,2010-04-17,30.0,30.0,28.0,29.0,466654005,76290,17,29.0,30.0
1093,2010-04-18,30.0,30.0,30.0,30.0,224312520,35480,5,29.0,30.0
1094,2010-04-19,30.0,30.0,29.0,30.0,100820850,16300,8,30.0,29.0
1095,2010-04-20,29.0,29.0,29.0,30.0,61000000,10000,2,30.0,29.0
1096,2010-04-25,29.0,29.0,29.0,30.0,599700,100,1,30.0,29.0
1097,2010-05-01,29.0,29.0,29.0,30.0,18047960,3010,2,30.0,29.0
1098,2010-05-02,29.0,29.0,29.0,29.0,1495250000,250000,9,30.0,29.0
1099,2010-05-22,28.0,28.0,28.0,28.0,5772000,1000,2,29.0,28.0
1100,2010-05-24,27.0,27.0,27.0,28.0,1114000,200,2,28.0,27.0
1101,2010-06-14,27.0,27.0,27.0,27.0,55700,10,1,28.0,27.0
1102,2010-06-15,26.0,26.0,26.0,26.0,53760,10,1,27.0,26.0
1103,2010-06-16,25.0,25.0,25.0,25.0,129751880,25010,4,26.0,25.0
1104,2010-06-19,22.0,22.0,22.0,22.0,34907500,7500,2,25.0,22.0
1105,2010-07-03,21.0,21.0,21.0,21.0,4489000,1000,1,22.0,21.0
1106,2010-07-07,21.0,21.0,21.0,21.0,8620000,2000,2,21.0,21.0
1107,2010-07-17,20.0,20.0,20.0,20.0,36890270,8915,9,21.0,20.0
1108,2010-07-21,19.0,19.0,19.0,19.0,19865,5,1,20.0,19.0
1109,2010-08-08,20.0,20.0,20.0,20.0,316000550,76506,15,19.0,20.0
1110,2010-08-09,20.0,20.0,20.0,20.0,15903620,3864,4,20.0,20.0
1111,2010-08-24,19.0,19.0,19.0,19.0,39640,10,1,20.0,19.0
1112,2010-08-25,18.0,18.0,18.0,18.0,76120000,20000,7,19.0,18.0
1113,2010-08-28,17.0,17.0,17.0,18.0,44377830,12145,4,18.0,17.0
1114,2010-08-29,17.0,17.0,17.0,18.0,44776400,12400,3,18.0,17.0
1115,2010-08-30,17.0,17.0,17.0,18.0,33151698,9294,6,18.0,17.0
1116,2010-08-31,17.0,17.0,17.0,17.0,366376616,103409,24,18.0,17.0
1117,2010-09-04,17.0,17.0,17.0,17.0,209648678,59232,14,17.0,17.0
1118,2010-09-05,18.0,18.0,18.0,18.0,149915840,40738,16,17.0,18.0
1119,2010-09-06,18.0,18.0,18.0,18.0,313814000,82000,12,18.0,18.0
1120,2010-09-07,19.0,19.0,19.0,19.0,923260500,231975,39,18.0,19.0
1121,2010-09-08,20.0,20.0,20.0,19.0,58533197,14291,3,19.0,20.0
1122,2010-09-12,20.0,20.0,20.0,19.0,20672281,4960,7,19.0,20.0
1123,2010-09-13,20.0,20.0,20.0,20.0,172095000,40975,19,19.0,20.0
1124,2010-09-14,21.0,21.0,21.0,21.0,130190543,29829,4,20.0,21.0
1125,2010-09-15,21.0,21.0,20.0,21.0,246748993,55263,19,21.0,20.0
1126,2010-09-18,21.0,21.0,20.0,21.0,62630090,14570,7,21.0,20.0
1127,2010-09-19,20.0,20.0,20.0,21.0,6882210,1627,3,21.0,20.0
1128,2010-10-06,20.0,20.0,20.0,21.0,21120,5,1,21.0,20.0
1129,2010-11-10,20.0,20.0,20.0,21.0,21120,5,1,21.0,20.0
1130,2010-12-01,20.0,20.0,20.0,21.0,21120,5,1,21.0,20.0
1131,2010-12-11,20.0,20.0,20.0,20.0,42240,10,1,21.0,20.0
1132,2010-12-12,19.0,19.0,19.0,19.0,83553600,20600,8,20.0,19.0
1133,2011-01-02,19.0,19.0,19.0,19.0,38940,10,1,19.0,19.0
1134,2011-01-15,18.0,18.0,18.0,19.0,186950,50,1,19.0,18.0
1135,2011-01-30,18.0,18.0,18.0,18.0,22434000,6000,2,19.0,18.0
1136,2011-01-31,17.0,17.0,17.0,17.0,5385000,1500,2,18.0,17.0
1137,2011-02-01,16.0,18.0,16.0,17.0,968530179,276209,53,17.0,17.0
1138,2011-02-05,17.0,17.0,16.0,17.0,437768190,120469,37,17.0,17.0
1139,2011-02-06,17.0,17.0,17.0,17.0,514816611,144491,41,17.0,17.0
1140,2011-02-07,17.0,17.0,16.0,17.0,530831441,152545,44,17.0,16.0
1141,2011-02-08,17.0,17.0,17.0,17.0,155693220,44075,10,17.0,17.0
1142,2011-02-09,17.0,17.0,17.0,17.0,123423200,35262,10,17.0,17.0
1143,2011-02-12,17.0,17.0,16.0,17.0,164830086,47211,16,17.0,16.0
1144,2011-02-13,16.0,16.0,16.0,17.0,3380307,1000,2,17.0,16.0
1145,2011-02-14,16.0,16.0,16.0,16.0,49942414,14906,6,17.0,16.0
1146,2011-02-15,16.0,17.0,16.0,16.0,401043098,121318,25,16.0,17.0
1147,2011-02-16,16.0,16.0,16.0,16.0,35184800,10287,5,16.0,16.0
1148,2011-02-19,16.0,17.0,16.0,16.0,100041636,28936,13,16.0,17.0
1149,2011-02-20,17.0,17.0,17.0,17.0,217408032,61104,20,16.0,17.0
1150,2011-02-22,18.0,18.0,17.0,17.0,188576752,52094,15,17.0,17.0
1151,2011-02-23,18.0,18.0,17.0,17.0,177008886,48562,14,17.0,17.0
1152,2011-02-26,17.0,17.0,17.0,17.0,825360,228,1,17.0,17.0
1153,2011-03-05,13.0,13.0,13.0,13.0,1048400,400,1,17.0,13.0
1154,2011-03-07,13.0,13.0,13.0,13.0,3815000,1400,2,13.0,13.0
1155,2011-03-09,13.0,13.0,13.0,13.0,1365000,500,1,13.0,13.0
1156,2011-03-12,13.0,13.0,13.0,13.0,5462000,2000,1,13.0,13.0
1157,2011-03-13,13.0,13.0,13.0,13.0,8284608,3028,4,13.0,13.0
1158,2011-03-14,13.0,13.0,13.0,13.0,158850160,57890,7,13.0,13.0
1159,2011-03-15,14.0,14.0,14.0,13.0,71325000,25000,3,13.0,14.0
1160,2011-03-19,14.0,14.0,14.0,13.0,16392184,5608,2,13.0,14.0
1161,2011-03-28,14.0,14.0,14.0,14.0,79441170,27030,3,13.0,14.0
1162,2011-03-29,14.0,14.0,14.0,14.0,6034000,2000,1,14.0,14.0
1163,2011-03-30,14.0,14.0,14.0,14.0,35671400,11800,4,14.0,14.0
1164,2011-04-03,15.0,15.0,15.0,14.0,33638000,11000,4,14.0,15.0
1165,2011-04-04,15.0,15.0,15.0,15.0,129512900,41900,7,14.0,15.0
1166,2011-04-05,15.0,15.0,15.0,15.0,88095740,27410,3,15.0,15.0
1167,2011-04-06,16.0,16.0,16.0,15.0,46200000,14000,5,15.0,16.0
1168,2011-04-09,16.0,16.0,16.0,16.0,715518915,213907,36,15.0,16.0
1169,2011-04-10,17.0,17.0,17.0,17.0,241915768,69556,25,16.0,17.0
1170,2011-04-11,17.0,17.0,17.0,17.0,252539596,71022,24,17.0,17.0
1171,2011-04-12,17.0,17.0,16.0,17.0,267428150,76920,20,17.0,16.0
1172,2011-04-13,16.0,16.0,16.0,17.0,1044794,313,3,17.0,16.0
1173,2011-04-16,16.0,16.0,16.0,16.0,66836773,20029,9,17.0,16.0
1174,2011-04-17,16.0,16.0,16.0,16.0,196298020,59988,14,16.0,16.0
1175,2011-04-18,15.0,15.0,15.0,16.0,39963746,12483,6,16.0,15.0
1176,2011-04-19,15.0,15.0,15.0,15.0,8658000,2775,2,16.0,15.0
1177,2011-04-20,15.0,15.0,15.0,15.0,50893680,16354,7,15.0,15.0
1178,2011-04-23,15.0,15.0,15.0,15.0,15924560,5193,5,15.0,15.0
1179,2011-04-27,15.0,15.0,15.0,15.0,18282,6,1,15.0,15.0
1180,2011-04-30,15.0,15.0,15.0,15.0,304700,100,1,15.0,15.0
1181,2011-05-02,15.0,15.0,15.0,15.0,18282,6,1,15.0,15.0
1182,2011-05-03,15.0,15.0,15.0,15.0,4570500,1500,2,15.0,15.0
1183,2011-05-15,15.0,15.0,15.0,15.0,6084,2,1,15.0,15.0
1184,2011-05-24,14.0,14.0,13.0,13.0,76707023,27404,18,15.0,13.0
1185,2011-05-25,13.0,13.0,13.0,13.0,3494400,1300,2,13.0,13.0
1186,2011-05-28,13.0,14.0,13.0,13.0,437069684,154710,19,13.0,14.0
1187,2011-05-29,13.0,14.0,13.0,13.0,56470355,20449,19,13.0,14.0
1188,2011-05-30,14.0,14.0,13.0,14.0,181842688,62862,10,13.0,14.0
1189,2011-05-31,14.0,14.0,14.0,14.0,109560384,36423,5,14.0,14.0
1190,2011-06-01,14.0,14.0,14.0,14.0,60540000,20000,1,14.0,14.0
1191,2011-06-06,14.0,15.0,14.0,15.0,194574159,63490,12,14.0,15.0
1192,2011-06-07,15.0,15.0,15.0,15.0,230461531,72313,10,15.0,15.0
1193,2011-06-08,15.0,15.0,15.0,15.0,30600000,10000,1,15.0,15.0
1194,2011-06-11,14.0,16.0,14.0,15.0,159849212,50026,20,15.0,16.0
1195,2011-06-12,15.0,16.0,15.0,16.0,145916985,44546,13,15.0,16.0
1196,2011-06-13,16.0,16.0,16.0,16.0,43751340,13023,3,16.0,16.0
1197,2011-06-14,15.0,15.0,15.0,16.0,317100,100,1,16.0,15.0
1198,2011-06-15,15.0,15.0,15.0,16.0,15886710,5010,4,16.0,15.0
1199,2011-06-18,15.0,15.0,15.0,16.0,691278,218,1,16.0,15.0
1200,2011-06-19,15.0,15.0,15.0,15.0,49744885,15767,3,16.0,15.0
1201,2011-06-21,15.0,15.0,15.0,15.0,3106,1,1,15.0,15.0
1202,2011-06-22,15.0,15.0,15.0,15.0,767182,247,1,15.0,15.0
1203,2011-07-02,15.0,15.0,15.0,15.0,45855000,15000,4,15.0,15.0
1204,2011-07-03,15.0,15.0,15.0,15.0,301200,100,1,15.0,15.0
1205,2011-07-31,15.0,15.0,15.0,15.0,72288,24,1,15.0,15.0
1206,2011-08-07,15.0,15.0,15.0,15.0,9692616,3218,2,15.0,15.0
1207,2011-08-30,15.0,15.0,15.0,15.0,9006,3,1,15.0,15.0
1208,2011-09-05,15.0,15.0,15.0,15.0,891594,297,1,15.0,15.0
1209,2011-09-25,15.0,15.0,15.0,15.0,9003000,3000,1,15.0,15.0
1210,2011-09-26,15.0,15.0,15.0,15.0,119720000,40000,1,15.0,15.0
1211,2011-09-27,14.0,14.0,14.0,14.0,119302232,41482,8,15.0,14.0
1212,2011-09-28,13.0,14.0,13.0,13.0,203792730,73301,18,14.0,14.0
1213,2011-10-01,13.0,14.0,13.0,13.0,161279566,59268,9,13.0,13.0
1214,2011-10-02,14.0,14.0,14.0,14.0,99335700,35444,4,13.0,14.0
1215,2011-10-03,14.0,14.0,14.0,14.0,105509420,37294,5,14.0,14.0
1216,2011-10-04,13.0,14.0,13.0,13.0,226042700,82000,8,14.0,14.0
1217,2011-10-05,13.0,14.0,13.0,13.0,105165087,37866,7,13.0,14.0
1218,2011-10-11,14.0,14.0,13.0,13.0,68890000,25050,2,13.0,13.0
1219,2011-10-12,14.0,14.0,14.0,14.0,426754422,150181,11,13.0,14.0
1220,2011-10-15,13.0,13.0,13.0,14.0,5567680,2032,4,14.0,13.0
1221,2011-10-16,13.0,13.0,13.0,13.0,77059624,28276,6,14.0,13.0
1222,2011-10-17,13.0,13.0,13.0,13.0,20058000,7500,6,13.0,13.0
1223,2011-10-18,13.0,13.0,13.0,13.0,62171650,23461,2,13.0,13.0
1224,2011-10-24,13.0,13.0,13.0,13.0,11446380,4428,2,13.0,13.0
1225,2011-10-29,13.0,13.0,13.0,13.0,5400000,2000,2,13.0,13.0
1226,2011-10-30,12.0,12.0,12.0,13.0,9233950,3586,3,13.0,12.0
1227,2011-11-06,12.0,12.0,12.0,13.0,7538535,2939,3,13.0,12.0
1228,2011-11-08,12.0,12.0,12.0,13.0,2557000,1000,2,13.0,12.0
1229,2011-11-09,12.0,12.0,12.0,13.0,2142806,839,2,13.0,12.0
1230,2011-11-12,12.0,12.0,12.0,13.0,1140744,447,2,13.0,12.0
1231,2012-01-31,12.0,12.0,12.0,13.0,255100,100,1,13.0,12.0
1232,2012-02-27,12.0,12.0,12.0,13.0,5357100,2100,2,13.0,12.0
1233,2012-02-28,12.0,12.0,12.0,13.0,5092000,2000,2,13.0,12.0
1234,2012-02-29,12.0,12.0,12.0,13.0,7976796,3138,4,13.0,12.0
1235,2012-03-04,12.0,12.0,12.0,13.0,25340,10,1,13.0,12.0
1236,2012-03-05,12.0,12.0,12.0,13.0,760200,300,1,13.0,12.0
1237,2012-03-06,12.0,12.0,12.0,13.0,12665000,5000,4,13.0,12.0
1238,2012-03-14,12.0,12.0,12.0,13.0,27861120,11056,5,13.0,12.0
1239,2012-03-17,12.0,12.0,12.0,13.0,1496400,600,1,13.0,12.0
1240,2012-04-04,12.0,12.0,12.0,13.0,7974400,3200,2,13.0,12.0
1241,2012-04-08,12.0,12.0,12.0,12.0,11356848,4572,4,13.0,12.0
1242,2012-04-10,12.0,12.0,12.0,12.0,247200,100,1,12.0,12.0
1243,2012-04-11,12.0,12.0,12.0,12.0,247200,100,1,12.0,12.0
1244,2012-04-15,12.0,12.0,12.0,12.0,247200,100,1,12.0,12.0
1245,2012-04-17,12.0,12.0,12.0,12.0,24720,10,2,12.0,12.0
1246,2012-04-18,12.0,12.0,12.0,12.0,3213600,1300,3,12.0,12.0
1247,2012-04-21,12.0,12.0,12.0,12.0,12350,5,1,12.0,12.0
1248,2012-04-29,12.0,12.0,12.0,12.0,24700,10,1,12.0,12.0
1249,2012-05-16,12.0,12.0,12.0,12.0,9880,4,1,12.0,12.0
1250,2012-05-20,12.0,12.0,12.0,12.0,4940,2,1,12.0,12.0
1251,2012-05-21,12.0,12.0,12.0,12.0,37050,15,1,12.0,12.0
1252,2012-05-22,12.0,12.0,12.0,12.0,24700,10,1,12.0,12.0
1253,2012-05-28,12.0,12.0,12.0,12.0,24700,10,1,12.0,12.0
1254,2012-05-29,12.0,12.0,12.0,12.0,247000,100,2,12.0,12.0
1255,2012-06-12,12.0,12.0,12.0,12.0,3705000,1500,3,12.0,12.0
1256,2012-06-25,12.0,12.0,12.0,12.0,7398,3,1,12.0,12.0
1257,2012-06-27,12.0,12.0,12.0,12.0,350172,142,2,12.0,12.0
1258,2012-07-02,12.0,12.0,12.0,12.0,24660,10,2,12.0,12.0
1259,2012-07-07,12.0,12.0,12.0,12.0,61650,25,2,12.0,12.0
1260,2012-09-29,12.0,12.0,11.0,12.0,617776755,252996,43,12.0,12.0
1261,2012-09-30,11.0,11.0,11.0,11.0,200617315,85500,12,12.0,11.0
1262,2012-10-01,12.0,12.0,12.0,11.0,2405000,1000,1,11.0,12.0
1263,2012-10-02,11.0,11.0,11.0,11.0,17904539,7698,3,11.0,11.0
1264,2012-10-03,12.0,12.0,12.0,11.0,44537609,18691,5,11.0,12.0
1265,2012-10-07,11.0,11.0,11.0,11.0,27260480,11542,6,11.0,11.0
1266,2012-10-08,12.0,12.0,12.0,12.0,122115750,50925,34,11.0,12.0
1267,2012-10-09,12.0,12.0,12.0,12.0,23930,10,1,12.0,12.0
1268,2012-10-13,11.0,11.0,11.0,12.0,6932030,3010,2,12.0,11.0
1269,2012-10-14,11.0,11.0,11.0,12.0,1699040,740,1,12.0,11.0
1270,2012-10-15,12.0,12.0,11.0,12.0,23076742,9704,4,12.0,11.0
1271,2012-10-16,11.0,11.0,11.0,11.0,93904188,40974,8,12.0,11.0
1272,2012-10-17,11.0,11.0,11.0,11.0,12105866,5287,3,11.0,11.0
1273,2012-10-20,11.0,12.0,11.0,11.0,272721515,116205,13,11.0,11.0
1274,2012-10-21,11.0,12.0,11.0,12.0,538286900,223240,23,11.0,12.0
1275,2012-10-27,12.0,12.0,12.0,12.0,152924797,59947,6,12.0,12.0
1276,2012-10-28,13.0,13.0,13.0,13.0,435370120,164277,33,12.0,13.0
1277,2012-10-29,13.0,13.0,13.0,13.0,194730593,70662,11,13.0,13.0
1278,2012-10-30,14.0,14.0,14.0,14.0,176911314,61729,21,13.0,14.0
1279,2012-10-31,14.0,14.0,13.0,14.0,2913438635,1008623,108,14.0,14.0
1280,2012-11-04,14.0,15.0,14.0,14.0,1066781407,362649,56,14.0,15.0
1281,2012-11-05,15.0,15.0,15.0,15.0,888967205,290875,52,14.0,15.0
1282,2012-11-06,15.0,15.0,14.0,15.0,251569550,81992,27,15.0,15.0
1283,2012-11-07,15.0,15.0,14.0,15.0,1455803834,460184,137,15.0,15.0
1284,2012-11-10,16.0,16.0,16.0,16.0,861741830,262031,94,15.0,16.0
1285,2012-11-11,17.0,17.0,17.0,17.0,155972520,45606,20,16.0,17.0
1286,2012-11-12,17.0,17.0,17.0,17.0,1351877408,380168,105,17.0,17.0
1287,2012-11-13,18.0,18.0,17.0,17.0,1311749561,373203,97,17.0,17.0
1288,2012-11-14,17.0,17.0,16.0,16.0,435236205,128083,60,17.0,16.0
1289,2012-11-17,16.0,17.0,16.0,17.0,826351445,235755,72,16.0,17.0
1290,2012-11-18,18.0,18.0,18.0,18.0,1562509440,428672,80,17.0,18.0
1291,2012-11-19,18.0,18.0,17.0,18.0,946916008,254363,107,18.0,18.0
1292,2012-11-20,17.0,17.0,17.0,17.0,434434625,121491,22,18.0,17.0
1293,2012-11-21,17.0,17.0,17.0,17.0,222657294,64718,34,17.0,17.0
1294,2012-11-26,17.0,17.0,16.0,16.0,536923542,159357,38,17.0,16.0
1295,2012-11-27,16.0,17.0,16.0,17.0,514406933,150207,58,16.0,17.0
1296,2012-11-28,17.0,17.0,17.0,17.0,442477505,124235,29,17.0,17.0
1297,2012-12-01,18.0,18.0,17.0,17.0,308183880,88299,31,17.0,17.0
1298,2012-12-02,17.0,17.0,16.0,16.0,846792036,250160,41,17.0,16.0
1299,2012-12-03,16.0,17.0,16.0,17.0,314890204,90738,39,16.0,17.0
1300,2012-12-04,17.0,17.0,16.0,17.0,355742068,101808,31,17.0,16.0
1301,2012-12-05,17.0,17.0,17.0,17.0,174261506,50339,35,17.0,17.0
1302,2012-12-08,17.0,17.0,16.0,17.0,183166480,53093,19,17.0,16.0
1303,2012-12-09,16.0,16.0,16.0,17.0,18634748,5490,7,17.0,16.0
1304,2012-12-10,16.0,16.0,16.0,16.0,212323030,63894,26,17.0,16.0
1305,2012-12-11,16.0,17.0,16.0,16.0,570721430,172420,44,16.0,16.0
1306,2012-12-12,17.0,17.0,15.0,15.0,139370230,43622,12,16.0,15.0
1307,2012-12-15,15.0,15.0,15.0,15.0,231321854,75373,20,15.0,15.0
1308,2012-12-16,14.0,15.0,14.0,14.0,736427879,247366,89,15.0,15.0
1309,2012-12-17,15.0,15.0,15.0,15.0,112062774,36271,11,14.0,15.0
1310,2012-12-18,16.0,16.0,16.0,16.0,228272840,71338,42,15.0,16.0
1311,2012-12-19,15.0,15.0,15.0,15.0,863460936,278540,45,16.0,15.0
1312,2012-12-22,15.0,16.0,15.0,15.0,599474894,189117,46,15.0,16.0
1313,2012-12-23,16.0,16.0,15.0,15.0,86660498,27665,34,15.0,15.0
1314,2012-12-24,15.0,15.0,15.0,15.0,289401101,95437,35,15.0,15.0
1315,2012-12-25,14.0,14.0,14.0,14.0,119880761,41041,4,15.0,14.0
1316,2012-12-26,15.0,15.0,14.0,14.0,67768100,23100,10,14.0,14.0
1317,2012-12-29,14.0,15.0,14.0,14.0,160409955,53845,25,14.0,15.0
1318,2012-12-30,15.0,15.0,15.0,14.0,1007100,330,2,14.0,15.0
1319,2012-12-31,15.0,15.0,14.0,14.0,118823862,40728,23,14.0,14.0
1320,2013-01-01,14.0,14.0,14.0,14.0,254027198,90489,32,14.0,14.0
1321,2013-01-02,14.0,14.0,14.0,14.0,38061210,13500,13,14.0,14.0
1322,2013-01-06,14.0,14.0,13.0,13.0,148719240,54804,6,14.0,13.0
1323,2013-01-07,13.0,14.0,13.0,13.0,1792576,659,2,13.0,14.0
1324,2013-01-08,14.0,14.0,14.0,13.0,12487600,4439,7,13.0,14.0
1325,2013-01-09,14.0,14.0,14.0,14.0,146831974,51811,12,13.0,14.0
1326,2013-01-13,14.0,14.0,13.0,14.0,33714343,12326,11,14.0,13.0
1327,2013-01-14,13.0,14.0,13.0,14.0,29535610,10815,13,14.0,13.0
1328,2013-01-15,13.0,13.0,13.0,13.0,87479920,32715,10,14.0,13.0
1329,2013-01-21,13.0,13.0,13.0,13.0,1647700,630,2,13.0,13.0
1330,2013-01-22,13.0,13.0,13.0,13.0,97308800,37600,10,13.0,13.0
1331,2013-01-23,12.0,13.0,12.0,12.0,88333583,34345,19,13.0,13.0
1332,2013-01-26,12.0,12.0,12.0,12.0,13921757,5550,4,12.0,12.0
1333,2013-01-27,13.0,13.0,12.0,12.0,47753018,18483,8,12.0,12.0
1334,2013-01-28,13.0,13.0,13.0,12.0,2665660,1001,3,12.0,13.0
1335,2013-01-30,13.0,13.0,12.0,12.0,13706636,5313,10,12.0,12.0
1336,2013-02-02,13.0,13.0,12.0,12.0,7067520,2720,3,12.0,12.0
1337,2013-02-05,12.0,12.0,12.0,12.0,56927475,23001,16,12.0,12.0
1338,2013-02-06,13.0,13.0,12.0,12.0,85572279,35298,21,12.0,12.0
1339,2013-02-09,11.0,12.0,11.0,11.0,101634517,43030,21,12.0,11.0
1340,2013-02-11,11.0,12.0,11.0,12.0,83219438,34104,20,11.0,12.0
1341,2013-02-12,12.0,12.0,12.0,12.0,53421800,21200,6,12.0,12.0
1342,2013-02-17,12.0,13.0,12.0,12.0,135890720,53763,18,12.0,13.0
1343,2013-02-18,13.0,13.0,12.0,12.0,144940920,57644,22,12.0,13.0
1344,2013-02-19,12.0,12.0,12.0,12.0,273379435,111969,24,12.0,12.0
1345,2013-02-20,12.0,12.0,12.0,12.0,201326070,80475,30,12.0,12.0
1346,2013-02-23,12.0,13.0,12.0,13.0,148806400,57530,34,12.0,13.0
1347,2013-02-24,13.0,13.0,13.0,13.0,162269864,61625,56,13.0,13.0
1348,2013-02-25,13.0,13.0,12.0,12.0,84962217,33467,15,13.0,12.0
1349,2013-02-26,12.0,12.0,12.0,12.0,129678019,52836,21,12.0,12.0
1350,2013-02-27,11.0,12.0,11.0,12.0,92693209,37165,36,12.0,12.0
1351,2013-03-02,12.0,12.0,12.0,12.0,96946121,40123,21,12.0,12.0
1352,2013-03-03,11.0,11.0,11.0,11.0,58730110,25300,10,12.0,11.0
1353,2013-03-04,11.0,12.0,11.0,11.0,11588132,4910,3,11.0,12.0
1354,2013-03-11,12.0,12.0,11.0,11.0,68162520,29920,13,11.0,12.0
1355,2013-03-12,12.0,12.0,12.0,11.0,3569303,1500,3,11.0,12.0
1356,2013-03-13,12.0,12.0,12.0,11.0,63900696,26741,7,11.0,12.0
1357,2013-03-16,12.0,12.0,12.0,12.0,123106234,50188,27,11.0,12.0
1358,2013-03-17,12.0,12.0,12.0,12.0,2513500,1000,3,12.0,12.0
1359,2013-03-18,12.0,12.0,12.0,12.0,75884780,30206,12,12.0,12.0
1360,2013-03-25,13.0,13.0,13.0,12.0,39942604,15424,16,12.0,13.0
1361,2013-03-26,13.0,13.0,13.0,12.0,34239532,13004,3,12.0,13.0
1362,2013-03-27,13.0,13.0,13.0,13.0,117100162,43924,16,12.0,13.0
1363,2013-03-30,13.0,13.0,13.0,13.0,43397792,15840,14,13.0,13.0
1364,2013-03-31,14.0,14.0,14.0,13.0,59044730,21077,19,13.0,14.0
1365,2013-04-03,14.0,14.0,14.0,14.0,88826740,31059,18,13.0,14.0
1366,2013-04-06,14.0,14.0,14.0,14.0,121952754,41382,8,14.0,14.0
1367,2013-04-07,15.0,15.0,15.0,15.0,77859304,25411,5,14.0,15.0
1368,2013-04-08,15.0,15.0,15.0,15.0,375523420,120014,51,15.0,15.0
1369,2013-04-09,16.0,16.0,16.0,16.0,258412118,79424,27,15.0,16.0
1370,2013-04-10,16.0,16.0,15.0,15.0,221767683,69670,37,16.0,15.0
1371,2013-04-13,15.0,15.0,15.0,15.0,32393600,10600,2,15.0,15.0
1372,2013-04-15,15.0,15.0,15.0,15.0,5555088,1837,4,15.0,15.0
1373,2013-04-16,15.0,15.0,15.0,15.0,199895453,66153,47,15.0,15.0
1374,2013-04-17,14.0,15.0,14.0,14.0,366556313,125162,24,15.0,14.0
1375,2013-04-20,14.0,14.0,14.0,14.0,31854140,10843,10,14.0,14.0
1376,2013-04-21,14.0,15.0,14.0,15.0,186726536,61724,16,14.0,15.0
1377,2013-04-22,15.0,15.0,15.0,15.0,92929694,29539,8,15.0,15.0
1378,2013-04-23,16.0,16.0,16.0,15.0,75438285,23305,7,15.0,16.0
1379,2013-04-24,16.0,16.0,16.0,16.0,69396893,21143,20,15.0,16.0
1380,2013-04-27,16.0,16.0,15.0,16.0,623835922,194709,34,16.0,16.0
1381,2013-04-28,15.0,16.0,15.0,16.0,439364119,133108,66,16.0,16.0
1382,2013-04-29,17.0,17.0,16.0,17.0,293158489,85433,15,16.0,17.0
1383,2013-04-30,17.0,17.0,17.0,17.0,74292896,20822,7,17.0,17.0
1384,2013-05-01,18.0,18.0,18.0,17.0,56595704,15544,9,17.0,18.0
1385,2013-05-04,18.0,18.0,18.0,18.0,187756800,50800,10,17.0,18.0
1386,2013-05-05,19.0,19.0,19.0,19.0,242981361,63227,19,18.0,19.0
1387,2013-05-06,19.0,19.0,18.0,18.0,290587870,78674,48,19.0,18.0
1388,2013-05-07,17.0,18.0,17.0,17.0,182220476,51302,11,18.0,17.0
1389,2013-05-08,17.0,18.0,17.0,17.0,63337198,17823,23,17.0,17.0
1390,2013-05-11,18.0,18.0,17.0,18.0,183013117,49700,52,17.0,18.0
1391,2013-05-12,18.0,18.0,17.0,18.0,22800612,6311,11,18.0,17.0
1392,2013-05-14,17.0,17.0,17.0,18.0,5037225,1429,1,18.0,17.0
1393,2013-05-20,17.0,17.0,17.0,18.0,10560,3,3,18.0,17.0
1394,2013-05-26,17.0,17.0,17.0,18.0,26114880,7419,11,18.0,17.0
1395,2013-05-27,17.0,17.0,17.0,18.0,5241000,1500,1,18.0,17.0
1396,2013-05-28,17.0,17.0,17.0,17.0,64947735,18615,21,18.0,17.0
1397,2013-05-29,17.0,18.0,17.0,17.0,594966446,170145,54,17.0,17.0
1398,2013-06-01,18.0,18.0,18.0,18.0,4022139564,1106199,75,17.0,18.0
1399,2013-06-02,18.0,18.0,18.0,18.0,111823075,29575,12,18.0,18.0
1400,2013-06-03,19.0,19.0,19.0,19.0,136150000,35000,14,18.0,19.0
1401,2013-06-08,20.0,20.0,20.0,20.0,184591332,45884,7,19.0,20.0
1402,2013-06-09,20.0,20.0,20.0,20.0,218645410,52270,9,20.0,20.0
1403,2013-06-10,21.0,21.0,21.0,21.0,178698000,41080,11,20.0,21.0
1404,2013-06-11,22.0,22.0,22.0,22.0,147482400,32600,6,21.0,22.0
1405,2013-06-12,23.0,23.0,23.0,23.0,221263200,47400,16,22.0,23.0
1406,2013-06-15,24.0,24.0,24.0,24.0,198043200,40800,6,23.0,24.0
1407,2013-06-16,24.0,24.0,24.0,24.0,227412400,45050,5,24.0,24.0
1408,2013-06-17,25.0,25.0,25.0,25.0,5484428815,1044855,85,24.0,25.0
1409,2013-06-18,26.0,26.0,26.0,26.0,9259468811,1698108,198,25.0,26.0
1410,2013-06-19,27.0,27.0,27.0,27.0,3837650765,676715,88,26.0,27.0
1411,2013-06-26,29.0,29.0,28.0,29.0,1802760246,307601,55,27.0,28.0
1412,2013-06-29,28.0,29.0,28.0,28.0,2926251158,515372,124,29.0,28.0
1413,2013-06-30,28.0,28.0,27.0,27.0,916074813,165837,83,28.0,27.0
1414,2013-07-01,26.0,28.0,26.0,28.0,1442040981,252801,67,27.0,28.0
1415,2013-07-02,28.0,29.0,28.0,29.0,1231815815,209513,73,28.0,29.0
1416,2013-07-03,29.0,30.0,28.0,30.0,3718832730,614307,97,29.0,30.0
1417,2013-07-06,31.0,31.0,31.0,31.0,1779996712,282722,60,30.0,31.0
1418,2013-07-07,32.0,32.0,30.0,30.0,474455826,77508,39,31.0,30.0
1419,2013-07-08,29.0,29.0,29.0,29.0,2254136685,383535,75,30.0,29.0
1420,2013-07-09,28.0,29.0,28.0,29.0,312548473,53319,38,29.0,28.0
1421,2013-07-10,28.0,29.0,28.0,28.0,383200128,67907,33,29.0,28.0
1422,2013-07-13,28.0,28.0,27.0,27.0,3452608912,635949,110,28.0,28.0
1423,2013-07-14,28.0,28.0,26.0,27.0,1842396910,330249,80,27.0,27.0
1424,2013-07-15,28.0,28.0,28.0,28.0,580200000,100000,10,27.0,28.0
1425,2013-07-16,30.0,30.0,28.0,30.0,3777449220,626696,106,28.0,29.0
1426,2013-07-17,31.0,31.0,31.0,31.0,521110625,83125,29,30.0,31.0
1427,2013-07-20,32.0,32.0,32.0,32.0,1314921414,201706,23,31.0,32.0
1428,2013-07-21,33.0,33.0,33.0,33.0,2052993034,302846,15,32.0,33.0
1429,2013-07-22,35.0,35.0,32.0,34.0,8853905915,1269579,218,33.0,35.0
1430,2013-07-23,36.0,36.0,36.0,36.0,1443554112,199056,14,34.0,36.0
1431,2013-07-24,37.0,37.0,37.0,37.0,2467644354,327187,18,36.0,37.0
1432,2013-07-27,38.0,38.0,37.0,38.0,6644425050,853064,122,37.0,38.0
1433,2013-07-28,40.0,40.0,40.0,40.0,891000000,110000,11,38.0,40.0
1434,2013-07-29,41.0,41.0,41.0,41.0,2055464424,244001,16,40.0,41.0
1435,2013-07-31,43.0,43.0,43.0,43.0,1366411080,155983,18,41.0,43.0
1436,2013-08-03,45.0,45.0,45.0,45.0,655227640,71924,8,43.0,45.0
1437,2013-08-04,46.0,46.0,43.0,44.0,2368716286,264969,89,45.0,43.0
1438,2013-08-05,42.0,42.0,42.0,44.0,33113214,3858,6,44.0,42.0
1439,2013-08-06,42.0,42.0,42.0,43.0,37799550,4421,7,44.0,42.0
1440,2013-08-07,42.0,43.0,42.0,42.0,4443818126,521814,151,43.0,42.0
1441,2013-08-11,43.0,43.0,40.0,42.0,2640371099,308398,286,42.0,40.0
1442,2013-08-12,41.0,41.0,40.0,42.0,18860040,2287,5,42.0,40.0
1443,2013-08-13,40.0,40.0,40.0,42.0,55353844,6748,9,42.0,40.0
1444,2013-08-14,40.0,40.0,40.0,41.0,96736779,11871,7,42.0,40.0
1445,2013-08-17,40.0,40.0,40.0,41.0,8859400,1100,3,41.0,40.0
1446,2013-08-18,39.0,39.0,39.0,41.0,804500,100,1,41.0,39.0
1447,2013-08-19,39.0,39.0,39.0,41.0,4207012,523,1,41.0,39.0
1448,2013-08-20,39.0,39.0,39.0,41.0,6311400,785,2,41.0,39.0
1449,2013-08-21,39.0,39.0,39.0,41.0,25390600,3160,4,41.0,39.0
1450,2013-08-24,39.0,39.0,39.0,41.0,52465500,6550,7,41.0,39.0
1451,2013-08-25,39.0,39.0,39.0,41.0,24036180,3020,5,41.0,39.0
1452,2013-08-26,39.0,39.0,39.0,40.0,28764375,3625,3,41.0,39.0
1453,2013-08-27,39.0,39.0,39.0,40.0,79070,10,1,40.0,39.0
1454,2013-09-01,39.0,39.0,39.0,40.0,3953500,500,1,40.0,39.0
1455,2013-09-10,39.0,39.0,39.0,40.0,20998271,2657,5,40.0,39.0
1456,2013-09-11,39.0,39.0,39.0,40.0,197075,25,1,40.0,39.0
1457,2013-09-14,39.0,39.0,39.0,40.0,788300,100,2,40.0,39.0
1458,2013-09-16,39.0,39.0,39.0,40.0,882784,112,3,40.0,39.0
1459,2013-09-17,39.0,39.0,39.0,40.0,1103340,140,2,40.0,39.0
1460,2013-09-18,39.0,39.0,39.0,40.0,40503200,5140,4,40.0,39.0
1461,2013-09-21,38.0,38.0,38.0,40.0,1176150,150,2,40.0,38.0
1462,2013-09-22,38.0,38.0,38.0,39.0,220696000,28150,4,40.0,38.0
1463,2013-09-23,37.0,37.0,37.0,39.0,8767600,1150,4,39.0,37.0
1464,2013-09-24,37.0,37.0,37.0,39.0,46451500,6100,4,39.0,37.0
1465,2013-09-25,37.0,37.0,37.0,37.0,323375260,42718,18,39.0,37.0
1466,2013-09-28,36.0,36.0,36.0,36.0,497414652,68439,14,37.0,36.0
1467,2013-09-29,34.0,34.0,34.0,35.0,35692470,5115,10,36.0,34.0
1468,2013-09-30,34.0,34.0,34.0,34.0,273561143,39401,12,35.0,34.0
1469,2013-10-01,33.0,35.0,33.0,35.0,9288452415,1307523,219,34.0,35.0
1470,2013-10-02,36.0,36.0,36.0,36.0,5174279080,700377,198,35.0,36.0
1471,2013-10-05,38.0,38.0,35.0,36.0,5352043597,733693,339,36.0,35.0
1472,2013-10-06,34.0,35.0,34.0,34.0,2853558020,407132,197,36.0,34.0
1473,2013-10-07,33.0,34.0,33.0,33.0,1195242910,177468,83,34.0,33.0
1474,2013-10-08,34.0,34.0,32.0,32.0,2942470241,448211,190,33.0,32.0
1475,2013-10-09,33.0,33.0,33.0,33.0,1458588550,213650,48,32.0,33.0
1476,2013-10-12,35.0,35.0,35.0,35.0,5645633111,795242,401,33.0,35.0
1477,2013-10-13,36.0,36.0,35.0,36.0,5932604363,813132,368,35.0,35.0
1478,2013-10-14,36.0,36.0,34.0,34.0,1598443058,227671,64,36.0,34.0
1479,2013-10-15,33.0,33.0,33.0,33.0,279387486,41446,32,34.0,33.0
1480,2013-10-19,32.0,32.0,32.0,32.0,2517162006,385979,153,33.0,32.0
1481,2013-10-20,31.0,31.0,31.0,31.0,1050282979,167402,120,32.0,31.0
1482,2013-10-21,31.0,31.0,30.0,30.0,1489244329,243395,184,31.0,30.0
1483,2013-10-22,31.0,31.0,31.0,31.0,2836672002,445870,181,30.0,31.0
1484,2013-10-23,32.0,32.0,32.0,32.0,969425786,146529,83,31.0,32.0
1485,2013-10-26,34.0,34.0,34.0,34.0,403512000,58650,24,32.0,34.0
1486,2013-10-30,33.0,33.0,32.0,33.0,308999866,46414,26,34.0,32.0
1487,2013-11-02,31.0,32.0,31.0,31.0,1895841472,296642,199,33.0,31.0
1488,2013-11-03,32.0,32.0,30.0,31.0,1320798903,211942,109,31.0,30.0
1489,2013-11-04,32.0,32.0,30.0,31.0,788347433,125486,113,31.0,31.0
1490,2013-11-05,31.0,31.0,30.0,30.0,1321558310,216754,128,31.0,30.0
1491,2013-11-06,30.0,31.0,30.0,31.0,4306920874,688213,163,30.0,31.0
1492,2013-11-09,32.0,32.0,30.0,31.0,1586851968,254580,180,31.0,30.0
1493,2013-11-10,31.0,31.0,29.0,30.0,1182609255,195296,97,31.0,30.0
1494,2013-11-11,30.0,30.0,30.0,30.0,697191995,114357,81,30.0,30.0
1495,2013-11-12,30.0,31.0,29.0,30.0,607335540,100102,79,30.0,30.0
1496,2013-11-16,30.0,31.0,30.0,31.0,1722301385,274371,120,30.0,31.0
1497,2013-11-17,31.0,32.0,30.0,31.0,406093631,64660,79,31.0,31.0
1498,2013-11-18,31.0,31.0,30.0,30.0,1127382145,184309,139,31.0,30.0
1499,2013-11-19,30.0,31.0,29.0,30.0,1861658279,309235,168,30.0,30.0
1500,2013-11-20,30.0,31.0,30.0,31.0,1530093269,245584,147,30.0,31.0
1501,2013-11-23,31.0,32.0,30.0,31.0,836299089,131665,112,31.0,31.0
1502,2013-11-24,31.0,32.0,31.0,32.0,2771930853,420719,193,31.0,32.0
1503,2013-11-25,34.0,34.0,34.0,34.0,1680000768,245184,99,32.0,34.0
1504,2013-11-26,35.0,35.0,32.0,33.0,2316599884,347964,160,34.0,33.0
1505,2013-11-27,32.0,34.0,32.0,32.0,1950019583,296002,150,33.0,32.0
1506,2013-11-30,34.0,34.0,31.0,33.0,2247237055,333611,141,32.0,32.0
1507,2013-12-01,34.0,34.0,32.0,32.0,1811182252,274000,159,33.0,32.0
1508,2013-12-02,32.0,32.0,31.0,32.0,820712891,127486,88,32.0,32.0
1509,2013-12-03,31.0,33.0,31.0,32.0,1138729662,172283,113,32.0,33.0
1510,2013-12-04,34.0,34.0,33.0,34.0,1425808631,207433,74,32.0,34.0
1511,2013-12-07,35.0,35.0,35.0,35.0,2135650848,298776,86,34.0,35.0
1512,2013-12-08,36.0,36.0,36.0,36.0,3421659322,460334,313,35.0,36.0
1513,2013-12-09,37.0,37.0,35.0,35.0,582220989,80733,70,36.0,35.0
1514,2013-12-10,34.0,34.0,34.0,34.0,332469708,48017,39,35.0,34.0
1515,2013-12-11,34.0,35.0,33.0,34.0,2661244283,378472,204,34.0,34.0
1516,2013-12-14,33.0,34.0,33.0,33.0,1221313541,179254,118,34.0,34.0
1517,2013-12-15,34.0,35.0,34.0,35.0,584919485,82727,49,33.0,35.0
1518,2013-12-16,36.0,36.0,34.0,36.0,3512865279,484513,161,35.0,35.0
1519,2013-12-17,35.0,35.0,34.0,34.0,931650234,133519,98,36.0,34.0
1520,2013-12-18,34.0,35.0,34.0,35.0,1678090608,235643,152,34.0,35.0
1521,2013-12-21,36.0,36.0,36.0,36.0,1575058648,213086,78,35.0,36.0
1522,2013-12-22,38.0,38.0,35.0,37.0,3851478328,511267,220,36.0,37.0
1523,2013-12-24,36.0,36.0,35.0,36.0,2898178880,399514,203,37.0,35.0
1524,2013-12-25,35.0,36.0,34.0,35.0,2125982848,296317,220,36.0,35.0
1525,2013-12-28,36.0,37.0,36.0,36.0,5187220802,700391,279,35.0,37.0
1526,2013-12-29,37.0,37.0,35.0,36.0,3097731017,422475,184,36.0,35.0
1527,2013-12-30,36.0,36.0,35.0,35.0,1562165971,220547,154,36.0,35.0
1528,2014-01-01,35.0,35.0,35.0,35.0,536374751,75166,82,35.0,35.0
1529,2014-01-04,35.0,35.0,34.0,34.0,1413062293,204527,96,35.0,34.0
1530,2014-01-05,34.0,34.0,33.0,34.0,1574719904,228838,116,34.0,34.0
1531,2014-01-06,34.0,35.0,33.0,35.0,1333145315,188979,93,34.0,35.0
1532,2014-01-07,35.0,35.0,33.0,34.0,668593595,97412,59,35.0,34.0
1533,2014-01-08,33.0,35.0,32.0,33.0,2463534459,371301,128,34.0,32.0
1534,2014-01-11,31.0,33.0,31.0,32.0,1169143778,181926,86,33.0,31.0
1535,2014-01-12,32.0,32.0,30.0,31.0,326594549,52428,29,32.0,30.0
1536,2014-01-13,29.0,31.0,29.0,30.0,944595648,154059,117,31.0,30.0
1537,2014-01-14,31.0,31.0,30.0,31.0,698921255,111260,76,30.0,31.0
1538,2014-01-15,30.0,31.0,30.0,31.0,479113304,76792,45,31.0,31.0
1539,2014-01-18,32.0,32.0,29.0,30.0,375904124,61010,49,31.0,29.0
1540,2014-01-20,29.0,31.0,29.0,29.0,176771714,29827,22,30.0,29.0
1541,2014-01-21,28.0,29.0,28.0,28.0,520924985,90432,69,29.0,28.0
1542,2014-01-22,27.0,27.0,27.0,27.0,317477300,57410,21,28.0,27.0
1543,2014-01-25,26.0,27.0,26.0,26.0,630651058,118185,65,27.0,27.0
1544,2014-01-26,26.0,26.0,25.0,25.0,328855319,64066,36,26.0,25.0
1545,2014-01-27,24.0,24.0,24.0,25.0,4928000,1000,1,25.0,24.0
1546,2014-01-28,24.0,26.0,24.0,25.0,216952456,42920,41,25.0,25.0
1547,2014-01-29,25.0,26.0,24.0,25.0,920842590,180578,75,25.0,26.0
1548,2014-02-01,26.0,26.0,26.0,26.0,109751400,20700,11,25.0,26.0
1549,2014-02-02,27.0,27.0,27.0,27.0,278149740,51414,15,26.0,27.0
1550,2014-02-03,28.0,28.0,28.0,28.0,309334358,54983,8,27.0,28.0
1551,2014-02-04,29.0,29.0,29.0,28.0,10859456,1856,4,28.0,29.0
1552,2014-02-05,29.0,29.0,29.0,29.0,253224505,43205,10,28.0,29.0
1553,2014-02-08,29.0,29.0,28.0,28.0,978132331,170059,84,29.0,28.0
1554,2014-02-09,27.0,27.0,27.0,28.0,48568614,8787,16,28.0,27.0
1555,2014-02-10,27.0,28.0,27.0,27.0,290230305,52382,24,28.0,27.0
1556,2014-02-12,26.0,26.0,26.0,27.0,1064000,200,1,27.0,26.0
1557,2014-02-15,26.0,26.0,26.0,27.0,36913860,6940,5,27.0,26.0
1558,2014-02-16,26.0,28.0,26.0,27.0,219371588,40431,29,27.0,27.0
1559,2014-02-17,27.0,28.0,27.0,28.0,301332036,53410,17,27.0,28.0
1560,2014-02-22,28.0,28.0,27.0,27.0,395765840,72208,25,28.0,27.0
1561,2014-02-23,26.0,26.0,26.0,26.0,146776192,27891,25,27.0,26.0
1562,2014-02-25,25.0,25.0,25.0,26.0,1023800,200,1,26.0,25.0
1563,2014-03-01,25.0,25.0,25.0,26.0,25590000,5000,1,26.0,25.0
1564,2014-03-03,25.0,25.0,25.0,26.0,1018600,200,1,26.0,25.0
1565,2014-03-04,25.0,25.0,25.0,26.0,3564400,700,2,26.0,25.0
1566,2014-03-05,25.0,25.0,25.0,25.0,205249920,40340,9,26.0,25.0
1567,2014-03-10,24.0,24.0,24.0,25.0,2443500,500,1,25.0,24.0
1568,2014-03-12,24.0,24.0,24.0,25.0,11748425,2405,3,25.0,24.0
1569,2014-03-15,24.0,24.0,24.0,25.0,45348138,9306,8,25.0,24.0
1570,2014-05-26,24.0,24.0,24.0,25.0,1062380,220,1,25.0,24.0
1571,2014-06-01,24.0,24.0,24.0,25.0,4007240,830,1,25.0,24.0
1572,2014-06-08,24.0,24.0,24.0,25.0,241200,50,3,25.0,24.0
1573,2014-06-11,24.0,24.0,24.0,25.0,11770560,2440,4,25.0,24.0
1574,2014-06-14,24.0,24.0,24.0,25.0,10131365,2105,3,25.0,24.0
1575,2014-06-15,24.0,24.0,24.0,25.0,384240,80,4,25.0,24.0
1576,2014-06-16,24.0,24.0,24.0,25.0,489906,102,2,25.0,24.0
1577,2014-06-17,24.0,24.0,24.0,24.0,6381858,1329,8,25.0,24.0
1578,2014-06-18,24.0,24.0,24.0,24.0,14148200,2950,9,24.0,24.0
1579,2014-06-29,23.0,23.0,23.0,24.0,1989312,416,1,24.0,23.0
1580,2014-07-05,23.0,23.0,23.0,24.0,21901960,4582,6,24.0,23.0
1581,2014-07-16,23.0,23.0,23.0,24.0,1123124,236,1,24.0,23.0
1582,2014-07-22,23.0,23.0,23.0,24.0,1427400,300,1,24.0,23.0
1583,2014-07-27,22.0,22.0,21.0,21.0,179747702,41066,14,24.0,21.0
1584,2014-08-04,21.0,21.0,21.0,21.0,394988,94,2,21.0,21.0
1585,2014-08-05,21.0,21.0,21.0,21.0,840400,200,1,21.0,21.0
1586,2014-08-09,21.0,21.0,21.0,21.0,126030000,30000,4,21.0,21.0
1587,2014-08-10,20.0,22.0,20.0,21.0,5013186808,1176108,312,21.0,22.0
1588,2014-08-11,22.0,22.0,22.0,22.0,247498823,55831,14,21.0,22.0
1589,2014-08-12,23.0,23.0,22.0,23.0,4948995471,1075413,271,22.0,23.0
1590,2014-08-13,23.0,23.0,23.0,23.0,3515361591,738657,187,23.0,23.0
1591,2014-08-16,24.0,24.0,23.0,24.0,2477810929,508789,198,23.0,23.0
1592,2014-08-17,23.0,23.0,23.0,23.0,1965163156,420157,110,24.0,23.0
1593,2014-08-18,23.0,24.0,23.0,23.0,1488985593,312889,131,23.0,23.0
1594,2014-08-19,23.0,23.0,22.0,23.0,855508714,186396,63,23.0,22.0
1595,2014-08-20,22.0,22.0,22.0,22.0,1230425203,277687,117,23.0,22.0
1596,2014-08-23,21.0,23.0,21.0,22.0,684742938,150771,87,22.0,23.0
1597,2014-08-24,23.0,23.0,21.0,22.0,778908586,172322,88,22.0,21.0
1598,2014-08-25,21.0,22.0,21.0,21.0,1222502831,280629,113,22.0,21.0
1599,2014-08-26,22.0,22.0,21.0,21.0,251040823,57890,41,21.0,21.0
1600,2014-08-27,21.0,22.0,21.0,21.0,594367306,139477,45,21.0,21.0
1601,2014-08-30,21.0,21.0,20.0,20.0,909141128,221439,154,21.0,20.0
1602,2014-08-31,21.0,21.0,20.0,21.0,897942410,212414,134,20.0,21.0
1603,2014-09-01,21.0,22.0,21.0,22.0,1328408245,302426,133,21.0,22.0
1604,2014-09-02,22.0,22.0,21.0,21.0,503234318,118357,77,22.0,21.0
1605,2014-09-03,22.0,22.0,20.0,21.0,330209160,78273,43,21.0,20.0
1606,2014-09-06,20.0,21.0,20.0,20.0,732558179,178573,74,21.0,20.0
1607,2014-09-07,20.0,20.0,19.0,20.0,265954576,66321,60,20.0,20.0
1608,2014-09-08,19.0,20.0,19.0,19.0,652826785,164420,110,20.0,20.0
1609,2014-09-09,20.0,20.0,20.0,20.0,470587872,113999,50,19.0,20.0
1610,2014-09-10,21.0,21.0,20.0,21.0,2242191444,524346,159,20.0,21.0
1611,2014-09-13,21.0,21.0,20.0,21.0,55331286,13250,14,21.0,20.0
1612,2014-09-14,20.0,20.0,20.0,20.0,351290211,86113,33,21.0,20.0
1613,2014-09-15,20.0,20.0,19.0,20.0,876637293,217584,50,20.0,20.0
1614,2014-09-16,19.0,20.0,19.0,19.0,168719048,42524,32,20.0,20.0
1615,2014-09-17,20.0,20.0,19.0,19.0,275769963,70528,30,19.0,19.0
1616,2014-09-20,19.0,19.0,19.0,19.0,234670891,61299,33,19.0,19.0
1617,2014-09-21,18.0,20.0,18.0,19.0,1063470341,275101,168,19.0,20.0
1618,2014-09-22,19.0,20.0,19.0,19.0,433982774,109971,75,19.0,20.0
1619,2014-09-23,20.0,20.0,19.0,19.0,369783074,93884,35,19.0,20.0
1620,2014-09-24,19.0,20.0,19.0,19.0,186984476,47091,24,19.0,20.0
1621,2014-09-27,19.0,20.0,19.0,19.0,213563688,54636,21,19.0,20.0
1622,2014-09-28,20.0,20.0,20.0,20.0,805886215,198591,41,19.0,20.0
1623,2014-09-29,21.0,21.0,21.0,21.0,1259450560,298448,105,20.0,21.0
1624,2014-09-30,22.0,22.0,22.0,22.0,344633520,78540,30,21.0,22.0
1625,2014-10-01,22.0,22.0,21.0,22.0,3581440083,791997,203,22.0,22.0
1626,2014-10-04,23.0,23.0,22.0,23.0,2159084435,462337,177,22.0,23.0
1627,2014-10-06,23.0,24.0,23.0,24.0,741803308,153484,54,23.0,24.0
1628,2014-10-07,25.0,25.0,24.0,25.0,451221370,89946,36,24.0,25.0
1629,2014-10-08,26.0,26.0,26.0,25.0,136158483,26099,13,25.0,26.0
1630,2014-10-11,26.0,26.0,26.0,26.0,164598100,30766,12,25.0,26.0
1631,2014-10-12,27.0,27.0,27.0,26.0,80464176,14598,9,26.0,27.0
1632,2014-10-14,27.0,27.0,27.0,27.0,385096898,68878,15,26.0,27.0
1633,2014-10-15,29.0,29.0,28.0,29.0,4532461097,779835,112,27.0,29.0
1634,2014-10-18,29.0,29.0,27.0,28.0,843828100,145944,48,29.0,27.0
1635,2014-10-19,27.0,27.0,27.0,28.0,137320638,24738,8,28.0,27.0
1636,2014-10-20,27.0,29.0,27.0,27.0,5287783466,952752,217,28.0,27.0
1637,2014-10-21,27.0,27.0,26.0,26.0,2740630052,511557,175,27.0,26.0
1638,2014-10-22,26.0,27.0,25.0,27.0,6249839879,1126569,222,26.0,27.0
1639,2014-10-25,26.0,28.0,26.0,26.0,1408046510,262083,93,27.0,26.0
1640,2014-10-26,26.0,26.0,25.0,26.0,660082781,123212,42,26.0,26.0
1641,2014-10-27,26.0,27.0,26.0,27.0,556681723,101253,67,26.0,27.0
1642,2014-10-28,28.0,28.0,27.0,28.0,203595724,36005,15,27.0,27.0
1643,2014-10-29,28.0,29.0,27.0,28.0,1645813083,286474,97,28.0,28.0
1644,2014-11-01,29.0,29.0,29.0,29.0,2599197790,435085,99,28.0,29.0
1645,2014-11-02,30.0,30.0,29.0,30.0,3140759407,507975,176,29.0,30.0
1646,2014-11-05,32.0,32.0,29.0,32.0,1730124047,269336,116,30.0,32.0
1647,2014-11-08,32.0,32.0,30.0,31.0,2519941725,405132,130,32.0,30.0
1648,2014-11-09,29.0,32.0,29.0,31.0,2016434695,320339,112,31.0,30.0
1649,2014-11-10,31.0,31.0,30.0,30.0,250644796,41397,23,31.0,30.0
1650,2014-11-11,29.0,30.0,29.0,29.0,1782836390,303835,121,30.0,30.0
1651,2014-11-12,29.0,30.0,29.0,30.0,1738990136,285799,116,29.0,30.0
1652,2014-11-15,30.0,30.0,29.0,30.0,886131774,145588,77,30.0,30.0
1653,2014-11-16,30.0,31.0,30.0,30.0,1238139853,201883,85,30.0,30.0
1654,2014-11-17,30.0,30.0,29.0,29.0,1135720836,192029,84,30.0,29.0
1655,2014-11-18,29.0,29.0,28.0,28.0,457392795,79853,53,29.0,28.0
1656,2014-11-19,27.0,27.0,27.0,27.0,997151290,181302,71,28.0,27.0
1657,2014-11-22,26.0,27.0,26.0,26.0,551168584,103838,70,27.0,26.0
1658,2014-11-23,25.0,27.0,25.0,27.0,342699965,62150,46,26.0,27.0
1659,2014-11-24,26.0,28.0,26.0,28.0,438082585,76872,82,27.0,28.0
1660,2014-11-25,27.0,28.0,27.0,27.0,396997870,72468,40,28.0,27.0
1661,2014-11-26,26.0,28.0,26.0,28.0,346300303,61587,22,27.0,28.0
1662,2014-11-29,27.0,28.0,26.0,27.0,441852463,80662,36,28.0,26.0
1663,2014-11-30,26.0,26.0,26.0,26.0,480320247,91333,33,27.0,26.0
1664,2014-12-01,25.0,26.0,25.0,25.0,136888182,27048,19,26.0,25.0
1665,2014-12-02,25.0,26.0,24.0,25.0,323953187,64309,49,25.0,24.0
1666,2014-12-03,24.0,24.0,24.0,24.0,75049640,15490,9,25.0,24.0
1667,2014-12-06,23.0,25.0,23.0,24.0,410973075,85662,30,24.0,23.0
1668,2014-12-07,23.0,23.0,23.0,23.0,29968535,6505,8,24.0,23.0
1669,2014-12-08,22.0,22.0,22.0,23.0,98381220,21490,15,23.0,22.0
1670,2014-12-09,22.0,23.0,22.0,22.0,1388207238,307689,61,23.0,22.0
1671,2014-12-10,23.0,23.0,21.0,22.0,209608240,46961,28,22.0,23.0
1672,2014-12-14,21.0,23.0,21.0,22.0,360105389,82105,33,22.0,22.0
1673,2014-12-15,21.0,21.0,21.0,21.0,278726829,65845,34,22.0,21.0
1674,2014-12-16,20.0,22.0,20.0,20.0,175451990,42661,33,21.0,20.0
1675,2014-12-17,20.0,21.0,19.0,21.0,322943493,77010,37,20.0,21.0
1676,2014-12-20,21.0,21.0,21.0,21.0,99343580,22780,9,21.0,21.0
1677,2014-12-22,22.0,22.0,22.0,21.0,36836454,8263,5,21.0,22.0
1678,2014-12-24,22.0,22.0,22.0,21.0,5455716,1214,7,21.0,22.0
1679,2014-12-27,22.0,22.0,22.0,21.0,53154000,11812,7,21.0,22.0
1680,2014-12-28,22.0,22.0,22.0,22.0,117669200,25850,3,21.0,22.0
1681,2014-12-29,23.0,23.0,23.0,22.0,76062766,16298,8,22.0,23.0
1682,2014-12-30,23.0,23.0,23.0,23.0,1126615638,237589,67,22.0,23.0
1683,2014-12-31,24.0,24.0,22.0,23.0,1255672249,262385,104,23.0,23.0
1684,2015-01-03,23.0,23.0,23.0,23.0,640685305,139407,38,23.0,23.0
1685,2015-01-04,23.0,23.0,22.0,22.0,119394212,26357,16,23.0,23.0
1686,2015-01-05,21.0,22.0,21.0,21.0,290449978,66423,29,22.0,21.0
1687,2015-01-06,22.0,22.0,21.0,21.0,159410514,37949,15,21.0,21.0
1688,2015-01-07,20.0,20.0,20.0,20.0,308045400,76128,40,21.0,20.0
1689,2015-01-10,20.0,20.0,19.0,19.0,153371310,39228,17,20.0,19.0
1690,2015-01-11,18.0,18.0,18.0,19.0,91727118,24402,8,19.0,18.0
1691,2015-01-12,18.0,19.0,18.0,19.0,378900692,97644,23,19.0,19.0
1692,2015-01-19,20.0,21.0,20.0,20.0,429299017,104462,23,19.0,21.0
1693,2015-01-20,21.0,21.0,21.0,20.0,18861162,4413,6,20.0,21.0
1694,2015-01-21,21.0,21.0,21.0,20.0,8654688,2016,4,20.0,21.0
1695,2015-01-24,21.0,21.0,21.0,20.0,21449087,4987,4,20.0,21.0
1696,2015-01-25,21.0,21.0,21.0,20.0,19021122,4401,4,20.0,21.0
1697,2015-01-26,21.0,21.0,21.0,21.0,88492600,20390,5,20.0,21.0
1698,2015-01-27,22.0,22.0,22.0,21.0,5963169,1347,6,21.0,22.0
1699,2015-01-28,22.0,22.0,22.0,21.0,4433,1,1,21.0,22.0
1700,2015-01-31,22.0,22.0,22.0,21.0,2150005,485,2,21.0,22.0
1701,2015-02-01,22.0,22.0,22.0,21.0,709600,160,1,21.0,22.0
1702,2015-02-02,22.0,22.0,22.0,21.0,692016,156,7,21.0,22.0
1703,2015-02-03,22.0,22.0,22.0,21.0,3713769,837,5,21.0,22.0
1704,2015-02-04,22.0,22.0,22.0,21.0,1776000,400,1,21.0,22.0
1705,2015-02-07,22.0,22.0,22.0,21.0,8884000,2000,1,21.0,22.0
1706,2015-02-08,22.0,22.0,22.0,21.0,8902000,2000,1,21.0,22.0
1707,2015-02-09,23.0,24.0,23.0,24.0,158185312,32857,15,21.0,24.0
1708,2015-02-10,25.0,25.0,25.0,24.0,31873202,6367,3,24.0,25.0
1709,2015-02-14,25.0,25.0,25.0,24.0,141690810,28130,4,24.0,25.0
1710,2015-02-15,25.0,25.0,25.0,25.0,32660560,6310,3,24.0,25.0
1711,2015-02-16,26.0,26.0,26.0,25.0,3124800,600,1,25.0,26.0
1712,2015-02-17,26.0,26.0,26.0,25.0,12089520,2320,4,25.0,26.0
1713,2015-02-21,34.0,35.0,33.0,34.0,3841486811,548888,132,25.0,33.0
1714,2015-02-22,33.0,36.0,33.0,35.0,13134771643,1858467,353,34.0,36.0
1715,2015-02-23,36.0,36.0,36.0,36.0,565898550,76993,32,35.0,36.0
1716,2015-02-24,37.0,37.0,35.0,37.0,12682482231,1665588,362,36.0,37.0
1717,2015-02-25,38.0,39.0,36.0,38.0,6678332383,870287,418,37.0,37.0
1718,2015-02-28,36.0,38.0,36.0,36.0,1952531081,263222,108,38.0,36.0
1719,2015-03-01,35.0,38.0,35.0,35.0,2549357602,353645,124,36.0,36.0
1720,2015-03-02,36.0,37.0,36.0,37.0,1286543240,171711,30,35.0,37.0
1721,2015-03-03,38.0,38.0,38.0,38.0,2333425758,300016,66,37.0,38.0
1722,2015-03-04,39.0,40.0,37.0,40.0,3029466363,374765,93,38.0,40.0
1723,2015-03-07,41.0,41.0,38.0,40.0,7093666886,871641,292,40.0,39.0
1724,2015-03-08,39.0,39.0,38.0,38.0,2388942955,305020,111,40.0,38.0
1725,2015-03-09,37.0,38.0,37.0,38.0,473825928,61752,45,38.0,38.0
1726,2015-03-10,37.0,39.0,36.0,38.0,1675109546,213986,111,38.0,39.0
1727,2015-03-11,40.0,40.0,40.0,40.0,2677416942,328882,98,38.0,40.0
1728,2015-03-14,41.0,41.0,39.0,40.0,2771639849,338158,113,40.0,39.0
1729,2015-03-15,41.0,41.0,39.0,39.0,2765398045,350913,101,40.0,39.0
1730,2015-03-16,39.0,39.0,37.0,38.0,1243438664,160767,86,39.0,38.0
1731,2015-03-17,36.0,39.0,36.0,37.0,1136889685,152272,75,38.0,36.0
1732,2015-03-18,38.0,38.0,35.0,36.0,1288429043,173966,82,37.0,35.0
1733,2015-03-25,38.0,38.0,38.0,36.0,48522600,6300,3,36.0,38.0
1734,2015-03-28,38.0,38.0,38.0,38.0,394281000,51000,2,36.0,38.0
1735,2015-03-29,39.0,39.0,39.0,38.0,81410265,10221,8,38.0,39.0
1736,2015-03-30,39.0,39.0,39.0,38.0,157002274,19591,6,38.0,39.0
1737,2015-03-31,40.0,40.0,40.0,39.0,372930107,46001,10,38.0,40.0
1738,2015-04-04,41.0,41.0,41.0,39.0,27677267,3323,3,39.0,41.0
1739,2015-04-05,41.0,41.0,41.0,41.0,516821199,61917,17,39.0,41.0
1740,2015-04-06,43.0,43.0,43.0,43.0,6684961163,770446,185,41.0,43.0
1741,2015-04-07,42.0,44.0,42.0,44.0,9245638012,1032830,398,43.0,42.0
1742,2015-04-08,43.0,44.0,42.0,42.0,4213803260,488276,157,44.0,42.0
1743,2015-04-11,41.0,43.0,41.0,42.0,3173427986,373615,101,42.0,42.0
1744,2015-04-12,42.0,42.0,40.0,41.0,892749877,106278,62,42.0,41.0
1745,2015-04-13,41.0,43.0,41.0,43.0,1819944299,209489,117,41.0,43.0
1746,2015-04-14,43.0,44.0,43.0,44.0,1694256000,187719,125,43.0,44.0
1747,2015-04-15,45.0,46.0,45.0,46.0,9495958459,1013740,352,44.0,46.0
1748,2015-04-28,74.0,77.0,73.0,75.0,1386241460,1199346,109,46.0,77.0
1749,2015-04-29,78.0,78.0,78.0,76.0,186263122,154961,17,75.0,78.0
1750,2015-05-03,79.0,79.0,79.0,79.0,439064640,360480,34,76.0,79.0
1751,2015-05-04,82.0,82.0,82.0,81.0,386525590,307010,16,79.0,82.0
1752,2015-05-05,85.0,85.0,85.0,82.0,89299315,68957,4,81.0,85.0
1753,2015-05-06,85.0,85.0,85.0,82.0,82098536,62959,6,82.0,85.0
1754,2015-05-09,86.0,86.0,86.0,82.0,21080880,16080,5,82.0,86.0
1755,2015-05-10,89.0,93.0,89.0,92.0,1965333660,1387327,123,82.0,93.0
1756,2015-05-11,96.0,96.0,96.0,93.0,57447000,39000,10,92.0,96.0
1757,2015-05-12,97.0,97.0,97.0,93.0,75977709,51371,5,93.0,97.0
1758,2015-05-13,97.0,97.0,97.0,94.0,17170032,11539,8,93.0,97.0
1759,2015-05-17,97.0,97.0,97.0,94.0,5364000,3600,6,94.0,97.0
1760,2015-05-18,97.0,97.0,97.0,94.0,8500191,5701,6,94.0,97.0
1761,2015-05-19,97.0,97.0,97.0,94.0,10294800,6900,25,94.0,97.0
1762,2015-05-20,101.0,105.0,101.0,105.0,528169072,327656,21,94.0,105.0
1763,2015-05-23,110.0,110.0,105.0,110.0,5151050430,3064450,383,105.0,110.0
1764,2015-05-24,115.0,115.0,111.0,115.0,1368231385,775804,140,110.0,115.0
1765,2015-05-25,121.0,121.0,121.0,120.0,510596400,275700,14,115.0,121.0
1766,2015-05-26,126.0,126.0,126.0,121.0,72449574,37461,7,120.0,126.0
1767,2015-05-27,127.0,127.0,127.0,124.0,348005235,178923,25,121.0,127.0
1768,2015-05-30,131.0,131.0,131.0,129.0,395331567,197567,25,124.0,131.0
1769,2015-05-31,135.0,135.0,135.0,135.0,584447109,281933,41,129.0,135.0
1770,2015-06-01,142.0,142.0,142.0,136.0,66875008,30733,9,135.0,142.0
1771,2015-06-02,143.0,143.0,143.0,143.0,741029036,338524,27,136.0,143.0
1772,2015-06-06,150.0,150.0,136.0,141.0,9311071375,4319522,725,143.0,137.0
1773,2015-06-07,135.0,139.0,134.0,134.0,1049651805,509948,129,141.0,134.0
1774,2015-06-08,128.0,128.0,128.0,134.0,26824584,13714,4,134.0,128.0
1775,2015-06-09,127.0,127.0,127.0,133.0,43811656,22456,4,134.0,127.0
1776,2015-06-10,127.0,127.0,127.0,133.0,23090612,11884,13,133.0,127.0
1777,2015-06-13,127.0,127.0,127.0,133.0,10292212,5308,9,133.0,127.0
1778,2015-06-14,126.0,126.0,126.0,133.0,18848988,9726,6,133.0,126.0
1779,2015-06-15,120.0,120.0,114.0,114.0,53530658,30538,11,133.0,114.0
1780,2015-06-16,109.0,109.0,109.0,114.0,41570032,24952,3,114.0,109.0
1781,2015-06-17,108.0,108.0,108.0,110.0,306575806,184907,17,114.0,108.0
1782,2015-06-20,105.0,105.0,105.0,110.0,13565460,8452,4,110.0,105.0
1783,2015-06-21,105.0,105.0,105.0,110.0,2404500,1500,2,110.0,105.0
1784,2015-06-22,105.0,105.0,105.0,110.0,24056221,15007,3,110.0,105.0
1785,2015-06-23,104.0,104.0,104.0,110.0,30374604,18996,6,110.0,104.0
1786,2015-06-24,99.0,99.0,94.0,94.0,330808093,230213,20,110.0,94.0
1787,2015-06-27,89.0,89.0,89.0,93.0,57755846,42281,5,94.0,89.0
1788,2015-06-28,89.0,89.0,89.0,92.0,155353431,114483,22,93.0,89.0
1789,2015-06-29,87.0,87.0,87.0,91.0,53727075,40245,5,92.0,87.0
1790,2015-06-30,87.0,87.0,87.0,88.0,284929040,214555,22,91.0,87.0
1791,2015-07-01,84.0,84.0,84.0,88.0,62674326,48698,8,88.0,84.0
1792,2015-07-04,83.0,83.0,83.0,83.0,36894095082,28868619,31386,88.0,83.0
1793,2015-07-05,79.0,79.0,79.0,79.0,740141550,609170,72,83.0,79.0
1794,2015-07-06,75.0,77.0,75.0,75.0,35408643401,30654666,9215,79.0,75.0
1795,2015-07-07,74.0,79.0,73.0,77.0,39004375658,32854981,3677,75.0,79.0
1796,2015-07-11,80.0,81.0,76.0,80.0,14710942956,11946624,1251,77.0,81.0
1797,2015-07-12,84.0,84.0,83.0,84.0,24911169231,19285715,1627,80.0,84.0
1798,2015-07-13,87.0,88.0,80.0,84.0,32041882060,24965955,2803,84.0,81.0
1799,2015-07-14,82.0,83.0,80.0,80.0,16454545310,13438049,1242,84.0,80.0
1800,2015-07-15,79.0,79.0,76.0,77.0,2665369039,2267579,283,80.0,76.0
1801,2015-07-22,77.0,81.0,77.0,79.0,8632095374,7111923,656,77.0,78.0
1802,2015-07-25,81.0,81.0,75.0,78.0,8512780417,7162748,815,79.0,75.0
1803,2015-07-26,76.0,79.0,76.0,77.0,4413399963,3736156,467,78.0,77.0
1804,2015-07-27,78.0,79.0,75.0,76.0,3174448565,2717985,294,77.0,76.0
1805,2015-07-28,76.0,77.0,74.0,76.0,1406753046,1211482,209,76.0,76.0
1806,2015-07-29,76.0,77.0,75.0,76.0,3018381205,2581242,419,76.0,76.0
1807,2015-08-01,76.0,78.0,74.0,76.0,3124355054,2676973,347,76.0,75.0
1808,2015-08-02,74.0,76.0,74.0,75.0,3438034881,3007988,335,76.0,74.0
1809,2015-08-03,75.0,76.0,73.0,74.0,3065269120,2703930,343,75.0,74.0
1810,2015-08-04,75.0,75.0,71.0,73.0,1882504741,1683356,314,74.0,74.0
1811,2015-08-05,74.0,74.0,72.0,73.0,1877251214,1666555,286,73.0,73.0
1812,2015-08-08,75.0,75.0,70.0,72.0,7103142462,6450997,899,73.0,73.0
1813,2015-08-09,74.0,75.0,73.0,75.0,7338756719,6370224,584,72.0,75.0
1814,2015-08-10,76.0,77.0,74.0,76.0,4539342446,3918853,576,75.0,74.0
1815,2015-08-12,74.0,74.0,72.0,73.0,3341968251,3006013,379,76.0,73.0
1816,2015-08-15,72.0,73.0,69.0,70.0,2759092519,2568986,354,73.0,70.0
1817,2015-08-16,70.0,71.0,70.0,70.0,2250798367,2090992,219,70.0,70.0
1818,2015-08-17,71.0,73.0,71.0,72.0,5402637082,4870696,498,70.0,73.0
1819,2015-08-18,72.0,73.0,71.0,72.0,3554534547,3209396,347,72.0,73.0
1820,2015-08-19,72.0,73.0,71.0,71.0,1233234640,1127626,146,72.0,71.0
1821,2015-08-22,72.0,72.0,69.0,70.0,1419968380,1319063,201,71.0,70.0
1822,2015-08-23,70.0,70.0,68.0,69.0,1542444813,1463994,214,70.0,68.0
1823,2015-08-24,67.0,69.0,67.0,67.0,1766552581,1708000,343,69.0,67.0
1824,2015-08-25,67.0,67.0,64.0,65.0,1734302220,1745757,286,67.0,64.0
1825,2015-08-26,62.0,64.0,62.0,62.0,4669486508,4906898,521,65.0,63.0
1826,2015-08-29,62.0,65.0,62.0,64.0,2048257761,2093627,246,62.0,63.0
1827,2015-08-30,63.0,63.0,61.0,61.0,2184749185,2324926,317,64.0,61.0
1828,2015-08-31,61.0,61.0,59.0,59.0,1916292911,2106393,267,61.0,59.0
1829,2015-09-01,60.0,60.0,57.0,58.0,4015401230,4502648,501,59.0,59.0
1830,2015-09-02,59.0,61.0,59.0,61.0,3105700826,3327909,402,58.0,61.0
1831,2015-09-05,64.0,64.0,63.0,64.0,2177960231,2229562,186,61.0,64.0
1832,2015-09-06,67.0,67.0,64.0,66.0,11232742966,11043162,1034,64.0,66.0
1833,2015-09-07,65.0,66.0,63.0,64.0,2201184463,2248568,307,66.0,64.0
1834,2015-09-08,64.0,65.0,62.0,63.0,1056936598,1085718,142,64.0,64.0
1835,2015-09-09,65.0,65.0,63.0,64.0,1080860663,1109563,140,63.0,64.0
1836,2015-09-12,64.0,65.0,62.0,64.0,986715561,1013181,119,64.0,62.0
1837,2015-09-13,61.0,63.0,60.0,61.0,2367175151,2550021,258,64.0,60.0
1838,2015-09-14,61.0,61.0,59.0,60.0,1364553444,1495137,182,61.0,59.0
1839,2015-09-15,58.0,61.0,58.0,59.0,1211060316,1335409,161,60.0,60.0
1840,2015-09-16,59.0,62.0,59.0,61.0,1338322542,1442099,214,59.0,60.0
1841,2015-09-19,61.0,61.0,60.0,61.0,1256551554,1352876,176,61.0,61.0
1842,2015-09-20,60.0,60.0,58.0,58.0,1476763242,1663410,186,61.0,58.0
1843,2015-09-21,57.0,58.0,55.0,56.0,1160012117,1351407,152,58.0,58.0
1844,2015-09-22,56.0,59.0,56.0,58.0,556460663,628799,103,56.0,58.0
1845,2015-09-23,59.0,60.0,57.0,58.0,568062553,635308,109,58.0,58.0
1846,2015-09-26,59.0,59.0,56.0,56.0,995721355,1156201,151,58.0,56.0
1847,2015-09-27,56.0,57.0,55.0,56.0,1327151669,1552273,167,56.0,55.0
1848,2015-09-28,57.0,58.0,55.0,57.0,1002912426,1156048,164,56.0,57.0
1849,2015-09-29,56.0,58.0,56.0,57.0,578094459,665464,90,57.0,57.0
1850,2015-09-30,56.0,57.0,55.0,56.0,711280055,826620,115,57.0,56.0
1851,2015-10-03,56.0,56.0,54.0,55.0,953468982,1136193,150,56.0,54.0
1852,2015-10-04,55.0,55.0,53.0,54.0,894208031,1081215,152,55.0,55.0
1853,2015-10-05,55.0,56.0,54.0,55.0,609792075,722548,145,54.0,56.0
1854,2015-10-06,57.0,57.0,53.0,54.0,927689170,1125092,133,55.0,54.0
1855,2015-10-07,54.0,55.0,54.0,54.0,421962056,512009,101,54.0,54.0
1856,2015-10-10,55.0,56.0,54.0,55.0,1111086379,1307849,220,54.0,55.0
1857,2015-10-11,55.0,55.0,53.0,54.0,1047400958,1261660,139,55.0,54.0
1858,2015-10-12,55.0,55.0,54.0,55.0,829664804,985778,133,54.0,54.0
1859,2015-10-13,54.0,55.0,54.0,55.0,861671842,1020181,123,55.0,55.0
1860,2015-10-14,56.0,56.0,55.0,56.0,1628658813,1895707,237,55.0,56.0
1861,2015-10-17,55.0,58.0,54.0,56.0,2933696866,3418370,296,56.0,57.0
1862,2015-10-18,58.0,58.0,55.0,56.0,1757724606,2034910,213,56.0,55.0
1863,2015-10-19,56.0,56.0,54.0,55.0,990443322,1177128,175,56.0,55.0
1864,2015-10-20,54.0,55.0,54.0,54.0,2925550276,3542902,373,55.0,54.0
1865,2015-10-21,54.0,55.0,53.0,54.0,907646750,1102249,148,54.0,54.0
1866,2015-10-25,54.0,54.0,52.0,53.0,1458646850,1799801,202,54.0,53.0
1867,2015-10-26,52.0,54.0,52.0,53.0,578994315,715901,129,53.0,53.0
1868,2015-10-27,54.0,54.0,53.0,54.0,1301321042,1570861,173,53.0,54.0
1869,2015-10-28,54.0,57.0,53.0,56.0,8238407320,9562314,835,54.0,57.0
1870,2015-10-31,58.0,58.0,56.0,57.0,4835095339,5511151,524,56.0,57.0
1871,2015-11-01,57.0,59.0,56.0,58.0,3379211430,3821844,469,57.0,57.0
1872,2015-11-02,57.0,58.0,56.0,57.0,1095628607,1258030,160,58.0,56.0
1873,2015-11-03,57.0,57.0,55.0,55.0,1206467376,1420062,171,57.0,55.0
1874,2015-11-04,56.0,57.0,55.0,56.0,1031476070,1198995,151,55.0,56.0
1875,2015-11-07,55.0,57.0,55.0,55.0,1043404302,1234135,128,56.0,55.0
1876,2015-11-08,56.0,56.0,54.0,55.0,624777043,743558,92,55.0,55.0
1877,2015-11-09,56.0,56.0,55.0,56.0,1136403522,1334132,179,55.0,56.0
1878,2015-11-10,56.0,56.0,54.0,55.0,734357600,870481,119,56.0,55.0
1879,2015-11-11,55.0,55.0,54.0,54.0,1090996942,1308934,148,55.0,54.0
1880,2015-11-14,54.0,55.0,54.0,54.0,686814153,824908,115,54.0,55.0
1881,2015-11-15,54.0,56.0,54.0,55.0,943229081,1118949,147,54.0,54.0
1882,2015-11-16,55.0,55.0,54.0,54.0,958302911,1157233,172,55.0,54.0
1883,2015-11-17,54.0,54.0,53.0,53.0,716100958,875985,117,54.0,54.0
1884,2015-11-18,55.0,55.0,54.0,55.0,1187119100,1405784,164,53.0,55.0
1885,2015-11-21,55.0,56.0,54.0,55.0,363419406,433665,80,55.0,55.0
1886,2015-11-22,54.0,55.0,54.0,54.0,688192272,834441,144,55.0,54.0
1887,2015-11-23,54.0,55.0,54.0,54.0,553001270,669942,87,54.0,54.0
1888,2015-11-24,54.0,55.0,54.0,54.0,515511030,619900,100,54.0,54.0
1889,2015-11-25,54.0,54.0,54.0,54.0,555010845,670523,82,54.0,54.0
1890,2015-11-28,54.0,54.0,53.0,53.0,806027495,986238,117,54.0,53.0
1891,2015-11-29,53.0,54.0,53.0,53.0,769923998,941520,120,53.0,53.0
1892,2015-11-30,54.0,54.0,53.0,53.0,475824972,584531,71,53.0,53.0
1893,2015-12-01,53.0,54.0,53.0,53.0,503616696,622085,116,53.0,53.0
1894,2015-12-05,54.0,54.0,53.0,53.0,529110377,646569,78,53.0,54.0
1895,2015-12-06,54.0,54.0,53.0,53.0,401883023,497115,72,53.0,53.0
1896,2015-12-07,53.0,53.0,53.0,53.0,247034668,306178,40,53.0,53.0
1897,2015-12-08,53.0,54.0,52.0,53.0,604116544,747717,78,53.0,53.0
1898,2015-12-09,54.0,54.0,52.0,53.0,874013480,1084088,141,53.0,53.0
1899,2015-12-13,52.0,53.0,52.0,52.0,466655961,584384,106,53.0,52.0
1900,2015-12-14,53.0,53.0,52.0,52.0,1078688889,1342431,188,52.0,52.0
1901,2015-12-15,51.0,53.0,51.0,52.0,794586068,988260,130,52.0,52.0
1902,2015-12-16,53.0,53.0,52.0,52.0,576199454,723944,95,52.0,52.0
1903,2015-12-19,52.0,52.0,49.0,50.0,1269924587,1657952,214,52.0,49.0
1904,2015-12-20,48.0,49.0,48.0,48.0,673917108,916305,167,50.0,48.0
1905,2015-12-21,48.0,49.0,47.0,48.0,376874533,515239,69,48.0,48.0
1906,2015-12-22,48.0,48.0,46.0,47.0,515585895,713863,98,48.0,47.0
1907,2015-12-23,48.0,48.0,47.0,47.0,636363603,878987,119,47.0,47.0
1908,2015-12-26,48.0,48.0,46.0,47.0,1158158373,1610913,187,47.0,46.0
1909,2015-12-27,47.0,49.0,47.0,49.0,929430408,1248660,165,47.0,49.0
1910,2015-12-28,50.0,51.0,48.0,51.0,2449635324,3146373,325,49.0,51.0
1911,2015-12-30,53.0,53.0,53.0,53.0,528561418,646954,44,51.0,53.0
1912,2016-01-02,56.0,56.0,56.0,55.0,313935480,367176,42,53.0,56.0
1913,2016-01-03,57.0,57.0,56.0,57.0,13678233389,15577342,1193,55.0,57.0
1914,2016-01-04,59.0,59.0,54.0,56.0,7087834433,8282896,904,57.0,55.0
1915,2016-01-05,56.0,57.0,55.0,56.0,3292184256,3805691,416,56.0,57.0
1916,2016-01-06,57.0,59.0,55.0,59.0,5361309468,5977017,509,56.0,59.0
1917,2016-01-09,60.0,61.0,57.0,60.0,8024737376,8738384,726,59.0,59.0
1918,2016-01-10,59.0,61.0,58.0,60.0,5339896508,5834215,405,60.0,58.0
1919,2016-01-11,58.0,60.0,57.0,58.0,3752744749,4186372,403,60.0,58.0
1920,2016-01-12,58.0,58.0,56.0,56.0,2593295254,3006872,342,58.0,56.0
1921,2016-01-13,56.0,58.0,55.0,57.0,2606885043,3004672,328,56.0,56.0
1922,2016-01-16,58.0,59.0,56.0,58.0,1530710286,1720552,251,57.0,58.0
1923,2016-01-17,59.0,59.0,55.0,56.0,2007640274,2326860,275,58.0,55.0
1924,2016-01-18,54.0,55.0,54.0,54.0,2003051645,2423305,244,56.0,54.0
1925,2016-01-19,54.0,56.0,54.0,55.0,1658861577,1977777,254,54.0,54.0
1926,2016-01-20,54.0,57.0,53.0,56.0,6547294788,7570640,744,55.0,57.0
1927,2016-01-23,57.0,59.0,57.0,59.0,4591967427,5064522,369,56.0,59.0
1928,2016-01-24,61.0,62.0,60.0,62.0,4147571001,4388885,328,59.0,62.0
1929,2016-01-25,65.0,65.0,65.0,65.0,910467520,917810,51,62.0,65.0
1930,2016-01-26,68.0,68.0,68.0,68.0,814175469,782109,62,65.0,68.0
1931,2016-01-27,71.0,71.0,65.0,69.0,13662373657,12946357,1090,68.0,67.0
1932,2016-01-30,70.0,70.0,66.0,68.0,2965345438,2852613,314,69.0,66.0
1933,2016-01-31,65.0,66.0,64.0,65.0,4236985015,4266641,485,68.0,64.0
1934,2016-02-01,65.0,68.0,65.0,68.0,2729553724,2628037,255,65.0,68.0
1935,2016-02-02,70.0,71.0,67.0,70.0,9935693264,9227244,825,68.0,70.0
1936,2016-02-03,70.0,74.0,68.0,72.0,7649172972,6932011,699,70.0,73.0
1937,2016-02-06,75.0,76.0,74.0,75.0,4684840691,4056032,357,72.0,76.0
1938,2016-02-07,79.0,79.0,76.0,79.0,7989041557,6625965,645,75.0,79.0
1939,2016-02-08,81.0,81.0,75.0,78.0,11943157219,10001273,998,79.0,80.0
1940,2016-02-09,80.0,82.0,74.0,79.0,16690015970,13709731,1166,78.0,75.0
1941,2016-02-10,76.0,78.0,76.0,76.0,7061195551,6050824,516,79.0,76.0
1942,2016-02-13,76.0,76.0,72.0,73.0,3779031142,3397789,293,76.0,72.0
1943,2016-02-14,69.0,72.0,69.0,69.0,3702307038,3474763,441,73.0,70.0
1944,2016-02-15,71.0,73.0,70.0,73.0,2910079165,2617311,281,69.0,73.0
1945,2016-02-16,75.0,75.0,70.0,73.0,2873520079,2566001,408,73.0,72.0
1946,2016-02-17,72.0,74.0,70.0,72.0,3054807414,2771439,345,73.0,73.0
1947,2016-02-20,73.0,74.0,69.0,70.0,3738662721,3462179,349,72.0,69.0
1948,2016-02-21,70.0,71.0,67.0,68.0,3516523278,3395679,408,70.0,67.0
1949,2016-02-22,67.0,70.0,67.0,69.0,2961733676,2782909,386,68.0,69.0
1950,2016-02-23,70.0,71.0,67.0,68.0,2417941208,2337100,319,69.0,68.0
1951,2016-02-24,67.0,69.0,66.0,68.0,1265658913,1220280,202,68.0,68.0
1952,2016-02-27,68.0,70.0,68.0,69.0,1890489834,1786354,263,68.0,69.0
1953,2016-02-28,70.0,70.0,67.0,68.0,2019302204,1931725,247,69.0,68.0
1954,2016-02-29,67.0,70.0,67.0,68.0,2428509355,2314034,292,68.0,69.0
1955,2016-03-01,69.0,70.0,68.0,69.0,1947886152,1848006,184,68.0,68.0
1956,2016-03-02,69.0,69.0,67.0,67.0,4183511347,4082236,299,69.0,67.0
1957,2016-03-05,68.0,69.0,67.0,68.0,2413844007,2329491,278,67.0,67.0
1958,2016-03-06,68.0,68.0,65.0,66.0,4171752052,4130975,486,68.0,65.0
1959,2016-03-07,66.0,66.0,63.0,65.0,3460072906,3494846,430,66.0,63.0
1960,2016-03-08,63.0,64.0,62.0,64.0,3165956223,3251878,437,65.0,63.0
1961,2016-03-09,63.0,67.0,63.0,66.0,3508889447,3482188,433,64.0,66.0
1962,2016-03-12,66.0,69.0,66.0,69.0,6126388112,5812982,528,66.0,69.0
1963,2016-03-14,72.0,72.0,69.0,70.0,3720770613,3450533,462,69.0,70.0
1964,2016-03-15,70.0,70.0,67.0,67.0,3332952913,3222743,339,70.0,67.0
1965,2016-03-16,65.0,67.0,64.0,65.0,4536409333,4581123,537,67.0,65.0
1966,2016-03-26,65.0,67.0,65.0,66.0,2066647564,2029854,223,65.0,67.0
1967,2016-03-27,69.0,69.0,66.0,67.0,1278407626,1250418,162,66.0,67.0
1968,2016-03-28,68.0,70.0,67.0,69.0,3299382576,3143352,368,67.0,69.0
1969,2016-03-29,69.0,70.0,66.0,68.0,2511624624,2420113,222,69.0,67.0
1970,2016-03-30,67.0,69.0,67.0,68.0,2863570090,2764614,243,68.0,68.0
1971,2016-04-02,69.0,70.0,67.0,69.0,3110127585,2958899,359,68.0,68.0
1972,2016-04-03,69.0,69.0,67.0,67.0,1594293554,1548889,195,69.0,67.0
1973,2016-04-04,67.0,69.0,67.0,67.0,2255751426,2190639,223,67.0,67.0
1974,2016-04-05,68.0,70.0,68.0,69.0,5804517742,5463253,573,67.0,69.0
1975,2016-04-06,70.0,73.0,70.0,72.0,5504057623,4997393,411,69.0,73.0
1976,2016-04-09,75.0,75.0,75.0,75.0,1579470544,1366324,114,72.0,75.0
1977,2016-04-10,79.0,79.0,76.0,78.0,15561508988,12954427,1064,75.0,77.0
1978,2016-04-11,77.0,80.0,74.0,77.0,13261999371,11233599,1249,78.0,76.0
1979,2016-04-12,78.0,80.0,76.0,79.0,10730328326,8909147,1034,77.0,78.0
1980,2016-04-13,78.0,78.0,75.0,75.0,5164299160,4481119,446,79.0,75.0
1981,2016-04-16,75.0,75.0,71.0,72.0,1591131423,1439817,150,75.0,71.0
1982,2016-04-17,69.0,71.0,69.0,69.0,4375929627,4108075,426,72.0,71.0
1983,2016-04-18,71.0,73.0,71.0,73.0,2931029145,2628069,261,69.0,73.0
1984,2016-04-19,74.0,74.0,69.0,72.0,4658473382,4233217,363,73.0,72.0
1985,2016-04-20,73.0,74.0,71.0,72.0,1830636608,1651646,223,72.0,71.0
1986,2016-04-23,74.0,74.0,69.0,71.0,4025917701,3681296,377,72.0,72.0
1987,2016-04-24,71.0,73.0,70.0,71.0,1926565726,1766758,366,71.0,72.0
1988,2016-04-25,73.0,73.0,72.0,72.0,1830691121,1647064,213,71.0,72.0
1989,2016-04-26,71.0,74.0,71.0,72.0,1589838839,1444755,174,72.0,72.0
1990,2016-04-27,71.0,73.0,71.0,72.0,3126976541,2830115,271,72.0,72.0
1991,2016-04-30,70.0,74.0,70.0,72.0,2006311677,1809088,233,72.0,73.0
1992,2016-05-01,72.0,76.0,71.0,74.0,5300620494,4645463,510,72.0,76.0
1993,2016-05-02,76.0,78.0,76.0,78.0,8169715239,6831633,743,74.0,78.0
1994,2016-05-03,80.0,82.0,75.0,80.0,16858595835,13668550,1146,78.0,82.0
1995,2016-05-04,84.0,84.0,83.0,84.0,10028704290,7753809,508,80.0,84.0
1996,2016-05-07,87.0,89.0,83.0,87.0,25915036783,19359099,1780,84.0,85.0
1997,2016-05-08,83.0,85.0,83.0,83.0,10756847784,8411715,737,87.0,83.0
1998,2016-05-09,82.0,85.0,81.0,82.0,10605062628,8417961,933,83.0,82.0
1999,2016-05-10,82.0,82.0,78.0,79.0,11747103048,9726172,954,82.0,79.0
2000,2016-05-11,78.0,82.0,75.0,78.0,4743489960,3945259,520,79.0,79.0
2001,2016-05-14,79.0,82.0,79.0,80.0,3495229731,2838950,350,78.0,79.0
2002,2016-05-15,79.0,79.0,76.0,77.0,5575493195,4744243,528,80.0,76.0
2003,2016-05-16,78.0,80.0,77.0,80.0,4922380456,4009253,356,77.0,80.0
2004,2016-05-17,84.0,84.0,79.0,81.0,4661323635,3734030,483,80.0,80.0
2005,2016-05-18,81.0,82.0,78.0,78.0,3535733858,2941660,407,81.0,79.0
2006,2016-05-21,76.0,80.0,76.0,78.0,1385918589,1159729,199,78.0,78.0
2007,2016-05-23,77.0,81.0,76.0,78.0,2756273696,2300438,344,78.0,77.0
2008,2016-05-24,79.0,79.0,76.0,77.0,3210009519,2735152,364,78.0,77.0
2009,2016-05-25,79.0,80.0,77.0,80.0,5617316223,4607097,610,77.0,80.0
2010,2016-05-28,81.0,83.0,79.0,81.0,4506795670,3628863,504,80.0,79.0
2011,2016-05-29,81.0,81.0,78.0,79.0,2405508935,1999759,307,81.0,78.0
2012,2016-05-30,78.0,80.0,77.0,78.0,1231579095,1034013,145,79.0,77.0
2013,2016-05-31,78.0,79.0,76.0,76.0,2027239400,1733932,192,78.0,76.0
2014,2016-06-01,76.0,77.0,74.0,76.0,2413226370,2073516,306,76.0,76.0
2015,2016-06-05,76.0,80.0,75.0,78.0,3652700250,3065838,301,76.0,80.0
2016,2016-06-06,80.0,82.0,78.0,81.0,9352958474,7508791,774,78.0,81.0
2017,2016-06-07,81.0,85.0,79.0,84.0,13675240895,10617291,1071,81.0,83.0
2018,2016-06-08,85.0,85.0,80.0,82.0,5341926198,4236253,445,84.0,82.0
2019,2016-06-11,80.0,84.0,80.0,82.0,6279922456,5003566,593,82.0,82.0
2020,2016-06-12,81.0,81.0,78.0,79.0,1698734391,1408927,196,82.0,78.0
2021,2016-06-13,78.0,80.0,76.0,77.0,1359820547,1149078,179,79.0,77.0
2022,2016-06-14,77.0,77.0,75.0,75.0,1351304710,1170927,178,77.0,77.0
2023,2016-06-15,75.0,78.0,75.0,77.0,846141294,714814,109,75.0,78.0
2024,2016-06-18,76.0,78.0,74.0,75.0,1266642472,1100595,205,77.0,74.0
2025,2016-06-19,74.0,76.0,72.0,73.0,1190978163,1064455,162,75.0,74.0
2026,2016-06-20,72.0,74.0,72.0,73.0,569472881,512074,106,73.0,72.0
2027,2016-06-21,72.0,74.0,70.0,72.0,1461195839,1322148,199,73.0,73.0
2028,2016-06-22,73.0,76.0,73.0,75.0,1594815346,1379840,192,72.0,76.0
2029,2016-06-25,75.0,76.0,72.0,73.0,866452685,773671,116,75.0,73.0
2030,2016-06-26,74.0,76.0,73.0,75.0,530527643,462781,75,73.0,75.0
2031,2016-06-28,76.0,77.0,75.0,76.0,3132428855,2679897,255,75.0,76.0
2032,2016-06-29,74.0,76.0,72.0,74.0,2857315765,2533280,276,76.0,74.0
2033,2016-07-02,74.0,77.0,74.0,76.0,3595010642,3068781,352,74.0,75.0
2034,2016-07-03,74.0,76.0,73.0,74.0,1571462115,1384007,230,76.0,73.0
2035,2016-07-04,75.0,75.0,72.0,73.0,1219874611,1088258,159,74.0,74.0
2036,2016-07-05,73.0,76.0,72.0,73.0,2576720526,2296494,293,73.0,73.0
2037,2016-07-18,77.0,77.0,74.0,75.0,608384793,530437,58,73.0,74.0
2038,2016-07-19,73.0,77.0,73.0,75.0,3063656164,2664926,324,75.0,76.0
2039,2016-07-20,76.0,77.0,74.0,75.0,1124271741,981366,179,75.0,75.0
2040,2016-07-23,73.0,76.0,73.0,75.0,1768746286,1554732,183,75.0,74.0
2041,2016-07-24,75.0,78.0,75.0,77.0,3286316236,2809046,441,75.0,76.0
2042,2016-07-25,75.0,78.0,73.0,75.0,1286148365,1129643,207,77.0,75.0
2043,2016-07-26,75.0,75.0,73.0,73.0,1801297078,1606706,222,75.0,73.0
2044,2016-07-27,73.0,75.0,73.0,73.0,1771056062,1580723,155,73.0,73.0
2045,2016-07-31,72.0,74.0,72.0,73.0,1972165218,1775132,253,73.0,72.0
2046,2016-08-01,72.0,74.0,71.0,72.0,1051290356,960181,154,73.0,72.0
2047,2016-08-02,73.0,74.0,72.0,73.0,1923541879,1714300,288,72.0,73.0
2048,2016-08-03,72.0,76.0,72.0,75.0,1480780296,1300121,212,73.0,73.0
2049,2016-08-06,75.0,77.0,73.0,75.0,2807405554,2439012,358,75.0,75.0
2050,2016-08-07,76.0,76.0,73.0,74.0,3476376140,3094138,330,75.0,74.0
2051,2016-08-08,73.0,75.0,73.0,74.0,1941332434,1718010,269,74.0,75.0
2052,2016-08-09,75.0,75.0,73.0,74.0,1065303278,943981,158,74.0,74.0
2053,2016-08-10,75.0,75.0,73.0,73.0,1097524768,979575,157,74.0,73.0
2054,2016-08-13,74.0,75.0,73.0,74.0,1789477516,1592678,207,73.0,74.0
2055,2016-08-14,75.0,77.0,73.0,76.0,8104815336,6945412,959,74.0,77.0
2056,2016-08-15,77.0,80.0,75.0,78.0,5927312459,4991443,727,76.0,78.0
2057,2016-08-16,78.0,79.0,76.0,78.0,4219168345,3531721,451,78.0,77.0
2058,2016-08-17,76.0,81.0,76.0,79.0,3293330389,2738850,347,78.0,80.0
2059,2016-08-20,80.0,83.0,80.0,82.0,10211821345,8120193,878,79.0,83.0
2060,2016-08-21,83.0,86.0,81.0,84.0,7100139553,5554986,744,82.0,84.0
2061,2016-08-22,83.0,86.0,80.0,82.0,2981404044,2390116,405,84.0,80.0
2062,2016-08-23,80.0,81.0,79.0,80.0,2275509761,1872160,204,82.0,79.0
2063,2016-08-24,80.0,82.0,79.0,80.0,1526013666,1243292,193,80.0,80.0
2064,2016-08-27,82.0,84.0,81.0,82.0,1974568680,1568457,247,80.0,81.0
2065,2016-08-28,84.0,84.0,79.0,81.0,630738705,512953,77,82.0,79.0
2066,2016-08-29,79.0,81.0,77.0,78.0,2140396404,1805241,222,81.0,80.0
2067,2016-08-30,80.0,82.0,80.0,81.0,4990881747,4019140,428,78.0,82.0
2068,2016-08-31,80.0,84.0,80.0,83.0,3524380032,2792711,332,81.0,81.0
2069,2016-09-03,83.0,83.0,79.0,81.0,1303899412,1055808,157,83.0,80.0
2070,2016-09-04,80.0,82.0,77.0,79.0,1962457133,1636391,207,81.0,80.0
2071,2016-09-05,81.0,81.0,77.0,78.0,2487847409,2092466,301,79.0,79.0
2072,2016-09-06,80.0,81.0,78.0,80.0,1584790070,1297433,226,78.0,80.0
2073,2016-09-07,81.0,81.0,78.0,79.0,929750489,769388,114,80.0,79.0
2074,2016-09-10,78.0,79.0,77.0,77.0,772930620,655462,94,79.0,78.0
2075,2016-09-11,78.0,79.0,77.0,78.0,1305893962,1097556,137,77.0,78.0
2076,2016-09-13,78.0,81.0,78.0,80.0,1515130457,1244054,217,78.0,81.0
2077,2016-09-14,79.0,81.0,77.0,78.0,960488337,807364,169,80.0,78.0
2078,2016-09-17,80.0,80.0,77.0,78.0,701598675,592245,105,78.0,77.0
2079,2016-09-18,78.0,79.0,76.0,77.0,904304308,768776,121,78.0,78.0
2080,2016-09-19,77.0,78.0,76.0,76.0,1256217531,1076116,165,77.0,76.0
2081,2016-09-21,76.0,80.0,76.0,78.0,1607468061,1341505,223,76.0,79.0
2082,2016-09-24,80.0,82.0,79.0,81.0,2791434508,2269399,314,78.0,82.0
2083,2016-09-25,83.0,85.0,80.0,84.0,11252372240,8751399,687,81.0,85.0
2084,2016-09-26,88.0,88.0,85.0,88.0,21111366160,15657849,938,84.0,88.0
2085,2016-09-27,90.0,91.0,86.0,89.0,10145340124,7500909,799,88.0,87.0
2086,2016-09-28,88.0,89.0,84.0,85.0,13754037209,10559243,1156,89.0,86.0
2087,2016-10-01,87.0,88.0,86.0,87.0,5205216346,3908296,440,85.0,87.0
2088,2016-10-02,87.0,91.0,85.0,89.0,12958202293,9522201,1077,87.0,90.0
2089,2016-10-03,91.0,91.0,85.0,87.0,8639810379,6473278,694,89.0,86.0
2090,2016-10-04,83.0,87.0,83.0,84.0,4625793134,3585012,378,87.0,84.0
2091,2016-10-05,85.0,87.0,84.0,85.0,4291716222,3297171,333,84.0,84.0
2092,2016-10-08,85.0,86.0,82.0,83.0,1629746862,1289552,262,85.0,83.0
2093,2016-10-09,83.0,87.0,83.0,86.0,5044449379,3854605,391,83.0,87.0
2094,2016-10-10,87.0,88.0,85.0,86.0,2211581657,1680774,210,86.0,86.0
2095,2016-10-15,86.0,88.0,85.0,87.0,2581966476,1954559,276,86.0,85.0
2096,2016-10-16,87.0,87.0,83.0,83.0,1405968458,1103103,172,87.0,83.0
2097,2016-10-17,83.0,84.0,82.0,83.0,1663244006,1308115,177,83.0,83.0
2098,2016-10-18,82.0,87.0,82.0,84.0,2827764068,2203646,238,83.0,85.0
2099,2016-10-19,85.0,88.0,84.0,87.0,3543728412,2680709,325,84.0,85.0
2100,2016-10-22,87.0,88.0,83.0,87.0,3187728495,2404937,335,87.0,87.0
2101,2016-10-23,87.0,88.0,84.0,85.0,2356818487,1823451,306,87.0,84.0
2102,2016-10-24,83.0,86.0,83.0,85.0,2800520563,2159973,245,85.0,85.0
2103,2016-10-25,86.0,88.0,86.0,87.0,5896828395,4414919,474,85.0,88.0
2104,2016-10-26,85.0,88.0,85.0,86.0,3099162157,2352498,274,87.0,86.0
2105,2016-10-29,88.0,88.0,86.0,87.0,2681138229,2007631,283,86.0,87.0
2106,2016-10-30,87.0,90.0,86.0,89.0,5700693260,4200174,513,87.0,88.0
2107,2016-10-31,89.0,93.0,89.0,93.0,12047309322,8527987,871,89.0,90.0
2108,2016-11-01,90.0,92.0,88.0,90.0,4365069509,3176853,417,93.0,90.0
2109,2016-11-02,88.0,90.0,86.0,87.0,2758775981,2089061,267,90.0,86.0
2110,2016-11-05,88.0,88.0,84.0,86.0,1597116770,1215504,163,87.0,85.0
2111,2016-11-06,85.0,85.0,84.0,84.0,1195698544,929171,167,86.0,84.0
2112,2016-11-07,85.0,87.0,85.0,86.0,572865976,436065,112,84.0,86.0
2113,2016-11-08,85.0,89.0,85.0,87.0,961739748,725836,135,86.0,86.0
2114,2016-11-09,82.0,85.0,82.0,83.0,4024131126,3186435,319,87.0,84.0
2115,2016-11-12,85.0,87.0,84.0,87.0,3901998330,2954025,341,83.0,87.0
2116,2016-11-13,87.0,89.0,84.0,87.0,2746055372,2075221,215,87.0,86.0
2117,2016-11-14,86.0,88.0,85.0,86.0,757339408,574129,95,87.0,86.0
2118,2016-11-15,85.0,86.0,84.0,84.0,1529046725,1185764,173,86.0,84.0
2119,2016-11-16,84.0,87.0,84.0,85.0,1091115898,838893,122,84.0,84.0
2120,2016-11-19,84.0,85.0,84.0,84.0,1014259207,787878,116,85.0,85.0
2121,2016-11-21,85.0,87.0,84.0,86.0,1562818719,1192987,163,84.0,86.0
2122,2016-11-22,87.0,88.0,85.0,86.0,1532434525,1167536,152,86.0,86.0
2123,2016-11-23,86.0,86.0,84.0,85.0,1141715531,877999,107,86.0,85.0
2124,2016-11-26,86.0,87.0,85.0,86.0,1290036366,980108,146,85.0,85.0
2125,2016-11-27,87.0,87.0,84.0,85.0,1441424110,1110021,139,86.0,84.0
2126,2016-11-29,84.0,85.0,83.0,84.0,873681776,680723,133,85.0,84.0
2127,2016-12-03,83.0,84.0,80.0,80.0,3604097158,2951374,311,84.0,81.0
2128,2016-12-04,81.0,81.0,77.0,79.0,868896885,719792,129,80.0,79.0
2129,2016-12-05,80.0,82.0,79.0,81.0,633770666,513025,98,79.0,80.0
2130,2016-12-06,80.0,85.0,80.0,84.0,1775484186,1388099,228,81.0,83.0
2131,2016-12-07,84.0,84.0,81.0,82.0,2297647141,1845363,208,84.0,81.0
2132,2016-12-10,83.0,83.0,79.0,80.0,1344122116,1100677,140,82.0,80.0
2133,2016-12-11,79.0,81.0,79.0,80.0,1356216377,1111700,96,80.0,81.0
2134,2016-12-12,79.0,80.0,79.0,80.0,871927247,717453,92,80.0,80.0
2135,2016-12-13,79.0,79.0,77.0,77.0,1457865562,1233455,158,80.0,77.0
2136,2016-12-14,77.0,77.0,74.0,75.0,1561199732,1364533,200,77.0,75.0
2137,2016-12-18,74.0,76.0,74.0,75.0,3527264865,3071430,252,75.0,74.0
2138,2016-12-19,74.0,75.0,72.0,73.0,1020961076,913495,151,75.0,73.0
2139,2016-12-20,73.0,74.0,73.0,73.0,5358977367,4785961,308,73.0,73.0
2140,2016-12-21,74.0,75.0,74.0,75.0,741347947,648050,115,73.0,75.0
2141,2016-12-24,74.0,77.0,74.0,76.0,586891210,505025,74,75.0,76.0
2142,2016-12-25,76.0,77.0,76.0,76.0,626769897,537458,69,76.0,76.0
2143,2016-12-26,74.0,77.0,74.0,76.0,427105964,370574,55,76.0,75.0
2144,2016-12-27,75.0,76.0,72.0,73.0,2721326471,2447208,261,76.0,73.0
2145,2016-12-28,72.0,74.0,72.0,73.0,510063839,458121,95,73.0,72.0
2146,2016-12-31,74.0,74.0,73.0,73.0,707500872,631029,80,73.0,73.0
2147,2017-01-01,72.0,73.0,70.0,71.0,838298681,768895,143,73.0,71.0
2148,2017-01-02,73.0,73.0,71.0,71.0,815049771,747009,98,71.0,73.0
2149,2017-01-03,70.0,72.0,69.0,70.0,979750726,916485,157,71.0,69.0
2150,2017-01-04,68.0,70.0,67.0,68.0,698550785,670720,119,70.0,68.0
2151,2017-01-07,68.0,68.0,66.0,67.0,1106421291,1084629,128,68.0,66.0
2152,2017-01-08,66.0,68.0,66.0,68.0,532101418,515532,80,67.0,68.0
2153,2017-01-09,66.0,69.0,65.0,66.0,613036563,606837,98,68.0,66.0
2154,2017-01-11,67.0,67.0,65.0,66.0,926058223,921458,153,66.0,66.0
2155,2017-01-14,67.0,68.0,66.0,68.0,671204099,649899,94,66.0,68.0
2156,2017-01-15,66.0,68.0,66.0,67.0,669213704,655141,137,68.0,67.0
2157,2017-01-16,67.0,68.0,65.0,67.0,1712646756,1677713,210,67.0,65.0
2158,2017-01-17,68.0,70.0,68.0,70.0,25271427870,23584029,1236,67.0,70.0
2159,2017-01-18,71.0,72.0,69.0,71.0,5545641790,5136131,596,70.0,69.0
2160,2017-01-21,70.0,70.0,67.0,68.0,3102783087,3010124,430,71.0,67.0
2161,2017-01-22,66.0,67.0,65.0,66.0,2002478763,1979333,277,68.0,66.0
2162,2017-01-23,67.0,67.0,66.0,66.0,1716265786,1697081,196,66.0,66.0
2163,2017-01-24,66.0,68.0,66.0,67.0,2748609804,2698216,310,66.0,66.0
2164,2017-01-25,66.0,70.0,66.0,69.0,5914613299,5574297,547,67.0,70.0
2165,2017-01-28,72.0,73.0,70.0,72.0,4912942354,4458786,508,69.0,73.0
2166,2017-01-29,74.0,76.0,74.0,76.0,5444344817,4713715,327,72.0,76.0
2167,2017-01-30,79.0,79.0,79.0,79.0,1329248880,1096740,67,76.0,79.0
2168,2017-01-31,83.0,83.0,80.0,83.0,27056392993,21403950,1585,79.0,80.0
2169,2017-02-01,82.0,82.0,79.0,79.0,5669962308,4717476,405,83.0,79.0
2170,2017-02-04,76.0,77.0,75.0,75.0,1625809847,1419519,137,79.0,75.0
2171,2017-02-05,72.0,79.0,71.0,74.0,5748728979,5119106,542,75.0,77.0
2172,2017-02-06,77.0,77.0,77.0,77.0,3932164757,3336224,291,74.0,77.0
2173,2017-02-07,80.0,81.0,76.0,78.0,3103060474,2619440,332,77.0,76.0
2174,2017-02-08,75.0,78.0,74.0,76.0,5667227979,4908866,482,78.0,77.0
2175,2017-02-11,79.0,79.0,74.0,77.0,3296057939,2816345,359,76.0,74.0
2176,2017-02-12,74.0,77.0,73.0,73.0,10178321601,9118463,922,77.0,74.0
2177,2017-02-13,75.0,76.0,73.0,75.0,4148363679,3599593,470,73.0,76.0
2178,2017-02-14,75.0,76.0,73.0,74.0,4376149347,3873767,382,75.0,74.0
2179,2017-02-15,74.0,74.0,72.0,73.0,3671219936,3301674,428,74.0,73.0
2180,2017-02-18,72.0,74.0,71.0,73.0,3538386822,3177558,448,73.0,73.0
2181,2017-02-19,74.0,76.0,72.0,74.0,10126670788,8982578,1013,73.0,74.0
2182,2017-02-20,75.0,75.0,72.0,72.0,7818688618,7065935,803,74.0,72.0
2183,2017-02-21,73.0,73.0,71.0,72.0,5664856788,5163492,645,72.0,71.0
2184,2017-02-22,71.0,72.0,70.0,71.0,6762455897,6255019,665,72.0,70.0
2185,2017-02-25,71.0,73.0,70.0,71.0,4635442033,4287437,519,71.0,70.0
2186,2017-02-26,72.0,72.0,69.0,70.0,6467597643,6047673,625,71.0,69.0
2187,2017-02-27,71.0,72.0,69.0,70.0,7855851423,7329857,753,70.0,69.0
2188,2017-02-28,70.0,71.0,69.0,70.0,2744366216,2577725,329,70.0,70.0
2189,2017-03-01,69.0,73.0,69.0,72.0,10670922094,9654016,1017,70.0,71.0
2190,2017-03-04,73.0,73.0,69.0,70.0,3077857623,2869702,428,72.0,69.0
2191,2017-03-05,69.0,70.0,69.0,69.0,2921641979,2766146,349,70.0,70.0
2192,2017-03-06,69.0,69.0,68.0,69.0,3029667355,2881696,319,69.0,68.0
2193,2017-03-07,70.0,70.0,69.0,69.0,1476728523,1396518,228,69.0,69.0
2194,2017-03-08,70.0,71.0,68.0,69.0,2792159998,2649237,312,69.0,69.0
2195,2017-03-11,68.0,69.0,68.0,68.0,1792496631,1724639,216,69.0,68.0
2196,2017-03-12,69.0,70.0,68.0,69.0,1711152526,1625417,230,68.0,69.0
2197,2017-03-13,69.0,72.0,69.0,72.0,5258098040,4807720,513,69.0,72.0
2198,2017-03-14,72.0,73.0,70.0,71.0,1681456947,1559387,241,72.0,70.0
2199,2017-03-15,72.0,72.0,70.0,71.0,757398488,702958,129,71.0,71.0
2200,2017-03-18,72.0,73.0,70.0,72.0,2965613217,2696016,348,71.0,72.0
2201,2017-03-25,72.0,74.0,71.0,72.0,2767040754,2514994,289,72.0,73.0
2202,2017-03-26,72.0,74.0,72.0,73.0,2997343096,2693710,333,72.0,74.0
2203,2017-03-27,74.0,76.0,74.0,76.0,11418890284,9802286,775,73.0,76.0
2204,2017-03-28,77.0,80.0,74.0,78.0,15434059004,12924493,1264,76.0,80.0
2205,2017-03-29,80.0,82.0,78.0,80.0,7878960298,6470544,772,78.0,79.0
2206,2017-04-03,78.0,81.0,77.0,79.0,6283519343,5228016,703,80.0,80.0
2207,2017-04-04,79.0,81.0,77.0,79.0,4933793920,4092879,577,79.0,77.0
2208,2017-04-05,78.0,80.0,77.0,78.0,4452219862,3720353,473,79.0,77.0
2209,2017-04-08,76.0,79.0,76.0,78.0,4274632114,3597588,463,78.0,78.0
2210,2017-04-09,79.0,82.0,77.0,81.0,11741575700,9480286,824,78.0,82.0
2211,2017-04-10,83.0,85.0,82.0,84.0,11069464688,8630318,830,81.0,82.0
2212,2017-04-12,82.0,83.0,80.0,80.0,15659465907,12795393,1055,84.0,80.0
2213,2017-04-15,80.0,82.0,78.0,80.0,8925173106,7348787,841,80.0,81.0
2214,2017-04-16,83.0,83.0,81.0,82.0,24519182387,19582504,1755,80.0,82.0
2215,2017-04-17,83.0,84.0,78.0,79.0,13325073857,11008760,1048,82.0,79.0
2216,2017-04-18,79.0,81.0,77.0,78.0,5463729157,4593785,535,79.0,77.0
2217,2017-04-19,79.0,79.0,75.0,76.0,5546153753,4758522,506,78.0,77.0
2218,2017-04-22,77.0,79.0,75.0,76.0,10982126592,9470246,988,76.0,77.0
2219,2017-04-23,77.0,77.0,75.0,76.0,5386518298,4652254,517,76.0,75.0
2220,2017-04-24,76.0,77.0,75.0,76.0,17326557404,14951628,1354,76.0,76.0
2221,2017-04-26,78.0,80.0,77.0,79.0,46665347180,38493336,2330,76.0,80.0
2222,2017-04-29,83.0,83.0,83.0,83.0,16536358704,13000282,581,79.0,83.0
2223,2017-04-30,84.0,87.0,83.0,87.0,98297383799,74192358,4992,83.0,86.0
2224,2017-05-01,85.0,86.0,82.0,83.0,33208678834,26128395,2295,87.0,82.0
2225,2017-05-02,82.0,87.0,80.0,86.0,32406212490,24766611,1707,83.0,87.0
2226,2017-05-03,90.0,90.0,90.0,90.0,12520601188,9119156,457,86.0,90.0
2227,2017-05-06,94.0,94.0,92.0,94.0,86579790623,60127370,3649,90.0,94.0
2228,2017-05-07,95.0,99.0,95.0,99.0,54277740477,35996992,2207,94.0,99.0
2229,2017-05-08,104.0,104.0,94.0,99.0,71337010505,47098124,3842,99.0,95.0
2230,2017-05-09,96.0,97.0,94.0,95.0,25594331303,17729939,1317,99.0,94.0
2231,2017-05-10,92.0,99.0,92.0,96.0,36410141098,24757044,2038,95.0,95.0
2232,2017-05-13,94.0,96.0,92.0,92.0,12314703146,8747664,782,96.0,92.0
2233,2017-05-14,90.0,91.0,88.0,88.0,22326486169,16573414,1475,92.0,88.0
2234,2017-05-15,87.0,93.0,87.0,92.0,29746392713,21110072,1698,88.0,93.0
2235,2017-05-16,93.0,95.0,90.0,92.0,12809501889,9113236,921,92.0,91.0
2236,2017-05-17,92.0,92.0,88.0,89.0,12195891060,8983768,964,92.0,89.0
2237,2017-05-20,93.0,93.0,92.0,93.0,9701360742,6819765,515,89.0,93.0
2238,2017-05-21,92.0,94.0,89.0,90.0,10137157363,7379844,691,93.0,91.0
2239,2017-05-22,90.0,92.0,87.0,89.0,9493907756,6982156,690,90.0,88.0
2240,2017-05-23,88.0,90.0,85.0,87.0,9825542494,7420430,826,89.0,88.0
2241,2017-05-24,88.0,90.0,87.0,88.0,10112615299,7525654,863,87.0,88.0
2242,2017-05-27,89.0,89.0,86.0,87.0,5861335087,4395924,506,88.0,86.0
2243,2017-05-28,86.0,88.0,83.0,85.0,8905225651,6882078,762,87.0,85.0
2244,2017-05-29,84.0,85.0,81.0,82.0,17929348341,14400552,1346,85.0,82.0
2245,2017-05-30,82.0,85.0,81.0,83.0,5973906481,4695302,625,82.0,83.0
2246,2017-05-31,85.0,86.0,83.0,85.0,7549390623,5830626,752,83.0,86.0
2247,2017-06-03,86.0,86.0,83.0,85.0,5322858913,4123263,552,85.0,85.0
2248,2017-06-06,84.0,85.0,81.0,82.0,4238693013,3368609,430,85.0,82.0
2249,2017-06-07,81.0,83.0,78.0,79.0,7998010329,6640684,684,82.0,79.0
2250,2017-06-10,79.0,82.0,79.0,81.0,4268929596,3469416,395,79.0,80.0
2251,2017-06-11,81.0,81.0,77.0,77.0,4928020734,4173394,533,81.0,77.0
2252,2017-06-12,77.0,79.0,75.0,77.0,3149927194,2666378,392,77.0,77.0
2253,2017-06-13,77.0,80.0,76.0,78.0,6120764506,5171506,565,77.0,79.0
2254,2017-06-14,78.0,80.0,78.0,79.0,1751933262,1450484,221,78.0,80.0
2255,2017-06-17,80.0,80.0,76.0,77.0,3392932912,2890191,380,79.0,76.0
2256,2017-06-18,76.0,77.0,74.0,75.0,7213661808,6309595,629,77.0,75.0
2257,2017-06-19,76.0,79.0,76.0,78.0,5624957080,4705466,303,75.0,79.0
2258,2017-06-20,82.0,82.0,80.0,82.0,26944600282,21549062,1533,78.0,82.0
2259,2017-06-21,80.0,82.0,79.0,80.0,4777593721,3926027,477,82.0,79.0
2260,2017-06-24,80.0,81.0,78.0,79.0,6709688743,5586332,570,80.0,79.0
2261,2017-06-25,79.0,83.0,79.0,82.0,8197856347,6543288,691,79.0,83.0
2262,2017-06-28,83.0,85.0,82.0,84.0,4383800030,3432833,396,82.0,82.0
2263,2017-07-01,82.0,84.0,81.0,82.0,3700759039,2970263,368,84.0,81.0
2264,2017-07-02,80.0,83.0,79.0,80.0,3215654654,2617027,287,82.0,81.0
2265,2017-07-03,82.0,84.0,79.0,82.0,6236872381,4956770,584,80.0,83.0
2266,2017-07-04,83.0,84.0,81.0,82.0,4717630527,3774284,444,82.0,82.0
2267,2017-07-05,82.0,83.0,81.0,82.0,10405920594,8264131,634,82.0,83.0
2268,2017-07-08,83.0,87.0,83.0,86.0,17073725256,13028603,983,82.0,87.0
2269,2017-07-09,88.0,90.0,88.0,90.0,20247632200,14807903,1181,86.0,88.0
2270,2017-07-10,90.0,93.0,87.0,90.0,13891754327,10110203,943,90.0,90.0
2271,2017-07-11,90.0,91.0,87.0,88.0,5471935748,4059234,575,90.0,88.0
2272,2017-07-12,88.0,88.0,84.0,85.0,16895745116,12985626,1213,88.0,84.0
2273,2017-07-19,90.0,95.0,90.0,93.0,13853725470,9947456,807,85.0,95.0
2274,2017-07-22,98.0,98.0,96.0,98.0,17776526473,12163603,742,93.0,98.0
2275,2017-07-23,103.0,103.0,101.0,103.0,8438850605,5503616,374,98.0,103.0
2276,2017-07-24,108.0,108.0,106.0,108.0,15266653560,9489080,559,103.0,108.0
2277,2017-07-25,108.0,113.0,104.0,110.0,65877837898,39976708,3092,108.0,113.0
2278,2017-07-26,112.0,116.0,107.0,111.0,29434081491,17815339,1723,110.0,108.0
2279,2017-07-29,111.0,111.0,105.0,107.0,5377353996,3362372,343,111.0,105.0
2280,2017-07-30,104.0,107.0,102.0,104.0,29009689952,18783635,1616,107.0,106.0
2281,2017-07-31,107.0,109.0,107.0,109.0,16086349123,9938861,841,104.0,109.0
2282,2017-08-01,112.0,113.0,105.0,109.0,13179154305,8126252,942,109.0,107.0
2283,2017-08-02,107.0,113.0,105.0,110.0,15287633515,9328907,995,109.0,109.0
2284,2017-08-06,109.0,109.0,104.0,106.0,13629345428,8641843,932,110.0,105.0
2285,2017-08-07,107.0,111.0,103.0,107.0,11031772410,6906726,813,106.0,105.0
2286,2017-08-08,105.0,107.0,102.0,104.0,7928304510,5096409,557,107.0,104.0
2287,2017-08-09,102.0,107.0,102.0,105.0,6034507673,3853938,461,104.0,104.0
2288,2017-08-12,104.0,105.0,100.0,101.0,5747024576,3800516,487,105.0,100.0
2289,2017-08-13,100.0,102.0,99.0,100.0,5542286344,3707344,497,101.0,100.0
2290,2017-08-14,99.0,105.0,99.0,105.0,7415351647,4756837,462,100.0,105.0
2291,2017-08-15,110.0,110.0,106.0,109.0,25444567495,15620772,1324,105.0,107.0
2292,2017-08-16,107.0,109.0,105.0,107.0,6528547650,4079801,450,109.0,108.0
2293,2017-08-19,108.0,111.0,107.0,109.0,7842571006,4841014,526,107.0,107.0
2294,2017-08-20,109.0,109.0,103.0,105.0,7644840427,4899591,487,109.0,104.0
2295,2017-08-21,103.0,106.0,101.0,102.0,6206429510,4078802,499,105.0,101.0
2296,2017-08-22,103.0,104.0,99.0,101.0,5592441333,3723438,530,102.0,99.0
2297,2017-08-23,99.0,102.0,99.0,100.0,3734794340,2498878,350,101.0,101.0
2298,2017-08-26,99.0,103.0,99.0,101.0,4605970794,3054681,359,100.0,100.0
2299,2017-08-27,99.0,103.0,99.0,100.0,7056393054,4726880,547,101.0,99.0
2300,2017-08-28,101.0,101.0,98.0,99.0,4788685849,3253025,417,100.0,99.0
2301,2017-08-29,98.0,103.0,98.0,101.0,7891506578,5245576,593,99.0,99.0
2302,2017-08-30,101.0,102.0,99.0,100.0,6006655450,4036034,344,101.0,99.0
2303,2017-09-02,99.0,101.0,99.0,100.0,3740576332,2507046,311,100.0,99.0
2304,2017-09-03,99.0,101.0,97.0,98.0,2559381725,1751207,287,100.0,99.0
2305,2017-09-04,99.0,100.0,98.0,99.0,3246916450,2202462,266,98.0,98.0
2306,2017-09-05,97.0,99.0,95.0,96.0,4756326354,3315640,479,99.0,96.0
2307,2017-09-06,97.0,97.0,93.0,93.0,3930415008,2819237,399,96.0,93.0
2308,2017-09-10,93.0,94.0,89.0,90.0,6729351330,5029192,585,93.0,90.0
2309,2017-09-11,89.0,92.0,87.0,89.0,2474628863,1854304,321,90.0,89.0
2310,2017-09-12,87.0,90.0,87.0,88.0,1125302369,855076,190,89.0,88.0
2311,2017-09-13,88.0,93.0,88.0,92.0,5355995734,3914980,492,88.0,93.0
2312,2017-09-16,93.0,96.0,92.0,95.0,6202928079,4393565,549,92.0,93.0
2313,2017-09-17,94.0,95.0,90.0,92.0,12611648938,9193331,689,95.0,93.0
2314,2017-09-18,93.0,96.0,93.0,94.0,4909303936,3492343,400,92.0,95.0
2315,2017-09-19,96.0,98.0,94.0,96.0,5201050771,3648490,443,94.0,95.0
2316,2017-09-20,96.0,96.0,92.0,93.0,7024308335,5072353,519,96.0,93.0
2317,2017-09-23,94.0,95.0,93.0,94.0,2701733778,1935732,237,93.0,94.0
2318,2017-09-24,94.0,94.0,92.0,93.0,2104833816,1521524,207,94.0,93.0
2319,2017-09-25,93.0,93.0,92.0,92.0,5205828413,3786616,357,93.0,92.0
2320,2017-09-26,94.0,94.0,91.0,92.0,2101460282,1530810,245,92.0,91.0
2321,2017-09-27,91.0,94.0,91.0,92.0,2868195274,2087371,221,92.0,91.0
2322,2017-10-02,91.0,91.0,88.0,88.0,5099368281,3862890,455,92.0,89.0
2323,2017-10-03,87.0,93.0,84.0,88.0,4339024087,3303117,426,88.0,87.0
2324,2017-10-04,88.0,90.0,86.0,88.0,3370685484,2580689,303,88.0,87.0
2325,2017-10-07,88.0,89.0,86.0,87.0,2347442719,1800925,248,88.0,87.0
2326,2017-10-08,87.0,88.0,83.0,84.0,3053745230,2425936,316,87.0,85.0
2327,2017-10-09,84.0,89.0,84.0,88.0,3220694250,2443606,249,84.0,89.0
2328,2017-10-10,93.0,93.0,93.0,93.0,1424927028,1030316,81,88.0,93.0
2329,2017-10-11,97.0,97.0,92.0,95.0,14829721530,10419181,1023,93.0,92.0
2330,2017-10-14,95.0,97.0,93.0,94.0,6490718816,4607132,593,95.0,94.0
2331,2017-10-15,96.0,96.0,93.0,94.0,2525129447,1796098,259,94.0,94.0
2332,2017-10-16,93.0,97.0,93.0,96.0,7812544931,5460976,634,94.0,95.0
2333,2017-10-17,96.0,96.0,93.0,94.0,2261439495,1608049,286,96.0,93.0
2334,2017-10-18,93.0,96.0,91.0,94.0,2704604780,1924519,339,94.0,95.0
2335,2017-10-21,95.0,97.0,93.0,95.0,4479009395,3153075,429,94.0,94.0
2336,2017-10-22,93.0,94.0,91.0,92.0,3225307245,2347055,386,95.0,92.0
2337,2017-10-23,92.0,93.0,88.0,90.0,3685338617,2752966,378,92.0,90.0
2338,2017-10-24,92.0,94.0,90.0,93.0,8696618194,6239174,821,90.0,94.0
2339,2017-10-25,96.0,97.0,91.0,94.0,4680191345,3327969,566,93.0,92.0
2340,2017-10-28,90.0,97.0,90.0,95.0,6230775955,4382198,644,94.0,94.0
2341,2017-10-29,97.0,97.0,92.0,93.0,3307253262,2388211,430,95.0,92.0
2342,2017-10-30,95.0,95.0,92.0,92.0,5088446547,3697727,395,93.0,93.0
2343,2017-10-31,94.0,95.0,90.0,92.0,3638133977,2650928,379,92.0,92.0
2344,2017-11-01,93.0,93.0,90.0,91.0,4059259392,2987542,359,92.0,91.0
2345,2017-11-04,93.0,94.0,88.0,91.0,12607662488,9301075,1071,91.0,90.0
2346,2017-11-05,92.0,93.0,90.0,90.0,2277321601,1686853,230,91.0,90.0
2347,2017-11-06,90.0,91.0,89.0,90.0,3818722505,2843532,456,90.0,89.0
2348,2017-11-07,92.0,92.0,89.0,90.0,1268892678,940455,102,90.0,91.0
2349,2017-11-08,90.0,92.0,90.0,90.0,1292012679,958805,145,90.0,90.0
2350,2017-11-11,90.0,91.0,89.0,90.0,1551880076,1159191,175,90.0,89.0
2351,2017-11-12,89.0,90.0,87.0,88.0,3513115414,2660521,308,90.0,87.0
2352,2017-11-13,88.0,90.0,88.0,89.0,2712065110,2052630,248,88.0,88.0
2353,2017-11-14,90.0,90.0,87.0,88.0,1834070800,1396521,236,89.0,88.0
2354,2017-11-15,89.0,89.0,87.0,88.0,1425782432,1088373,142,88.0,88.0
2355,2017-11-18,88.0,92.0,88.0,92.0,6837966167,4993436,573,88.0,91.0
2356,2017-11-20,93.0,95.0,90.0,93.0,3737268128,2681663,401,92.0,92.0
2357,2017-11-21,91.0,91.0,89.0,90.0,2266887287,1684356,243,93.0,90.0
2358,2017-11-22,90.0,93.0,90.0,91.0,3907659892,2885153,330,90.0,91.0
2359,2017-11-25,91.0,94.0,91.0,92.0,3859936279,2807216,366,91.0,91.0
2360,2017-11-26,92.0,92.0,89.0,90.0,2232539365,1654067,294,92.0,90.0
2361,2017-11-28,90.0,91.0,89.0,90.0,2215649708,1656598,262,90.0,89.0
2362,2017-11-29,90.0,92.0,89.0,90.0,2125697423,1575383,230,90.0,90.0
2363,2017-12-02,89.0,91.0,89.0,90.0,2188033523,1630801,214,90.0,90.0
2364,2017-12-03,91.0,91.0,89.0,90.0,1256316798,934721,150,90.0,89.0
2365,2017-12-04,91.0,91.0,88.0,89.0,5611774974,4214628,428,90.0,88.0
2366,2017-12-05,89.0,90.0,88.0,88.0,1836203910,1390644,230,89.0,88.0
2367,2017-12-09,89.0,90.0,88.0,88.0,2782022034,2109898,268,88.0,89.0
2368,2017-12-10,90.0,93.0,90.0,92.0,7648764199,5548191,512,88.0,93.0
2369,2017-12-11,93.0,94.0,89.0,92.0,7141912012,5229803,589,92.0,92.0
2370,2017-12-12,93.0,94.0,89.0,92.0,4300392080,3129484,407,92.0,93.0
2371,2017-12-13,93.0,94.0,90.0,90.0,2637605622,1956802,232,92.0,90.0
2372,2017-12-16,90.0,93.0,89.0,91.0,3331755917,2444077,294,90.0,90.0
2373,2017-12-17,90.0,92.0,90.0,91.0,4031398901,2983095,294,91.0,92.0
2374,2017-12-18,92.0,95.0,91.0,94.0,3977820837,2824393,333,91.0,95.0
2375,2017-12-19,98.0,99.0,97.0,99.0,19043129082,12902587,1109,94.0,99.0
2376,2017-12-20,99.0,103.0,95.0,100.0,13720650445,9222075,1261,99.0,100.0
2377,2017-12-23,101.0,102.0,97.0,100.0,7296136625,4901852,649,100.0,100.0
2378,2017-12-24,99.0,105.0,99.0,103.0,16488060498,10716999,1147,100.0,102.0
2379,2017-12-25,103.0,108.0,101.0,106.0,15823940923,9993865,1009,103.0,106.0
2380,2017-12-26,106.0,107.0,101.0,102.0,6237744359,4107285,507,106.0,101.0
2381,2017-12-27,100.0,104.0,99.0,101.0,5920661543,3931735,558,102.0,99.0
2382,2017-12-30,102.0,102.0,96.0,96.0,6144879071,4285518,446,101.0,96.0
2383,2017-12-31,92.0,93.0,91.0,91.0,14595968319,10698369,707,96.0,91.0
2384,2018-01-01,90.0,94.0,90.0,92.0,5813143868,4227232,387,91.0,92.0
2385,2018-01-02,91.0,92.0,88.0,90.0,2861711208,2126638,265,92.0,90.0
2386,2018-01-03,89.0,92.0,88.0,89.0,3833966182,2876909,300,90.0,90.0
2387,2018-01-06,91.0,94.0,91.0,93.0,4286130187,3078987,308,89.0,94.0
2388,2018-01-07,95.0,97.0,93.0,96.0,3348659823,2339217,307,93.0,95.0
2389,2018-01-08,95.0,98.0,91.0,96.0,5708589335,3983357,388,96.0,94.0
2390,2018-01-09,97.0,97.0,92.0,94.0,5257482778,3732999,419,96.0,96.0
2391,2018-01-10,94.0,96.0,93.0,94.0,1424847668,1012926,135,94.0,94.0
2392,2018-01-13,93.0,99.0,93.0,97.0,6025336361,4143337,450,94.0,99.0
2393,2018-01-14,99.0,102.0,99.0,102.0,8717858070,5745329,643,97.0,101.0
2394,2018-01-15,101.0,101.0,97.0,100.0,3835190885,2571053,362,102.0,100.0
2395,2018-01-16,100.0,101.0,97.0,100.0,2228329725,1500982,225,100.0,99.0
2396,2018-01-17,98.0,105.0,98.0,103.0,9737723423,6333062,882,100.0,105.0
2397,2018-01-20,107.0,108.0,104.0,107.0,21872558055,13749453,1051,103.0,108.0
2398,2018-01-21,111.0,112.0,107.0,109.0,19787077526,12117879,1141,107.0,112.0
2399,2018-01-22,113.0,115.0,112.0,114.0,8703854474,5110864,460,109.0,115.0
2400,2018-01-23,120.0,120.0,120.0,120.0,6158043101,3446023,100,114.0,120.0
2401,2018-01-24,120.0,126.0,116.0,122.0,33309744364,18359961,1713,120.0,117.0
2402,2018-01-27,117.0,120.0,116.0,116.0,32019879672,18553602,1501,122.0,116.0
2403,2018-01-28,114.0,121.0,112.0,119.0,32558903140,18313801,1658,116.0,121.0
2404,2018-01-29,125.0,125.0,123.0,125.0,26183954638,14035738,817,119.0,125.0
2405,2018-01-30,128.0,129.0,121.0,125.0,28426024953,15190176,1594,125.0,122.0
2406,2018-01-31,122.0,126.0,119.0,120.0,17877259652,9978803,974,125.0,119.0
2407,2018-02-03,120.0,123.0,116.0,119.0,7683946989,4347175,443,120.0,116.0
2408,2018-02-04,116.0,119.0,113.0,115.0,14446053727,8402536,811,119.0,116.0
2409,2018-02-05,115.0,120.0,114.0,117.0,6656842190,3820331,517,115.0,114.0
2410,2018-02-06,114.0,120.0,114.0,117.0,6815737094,3908462,426,117.0,116.0
2411,2018-02-07,115.0,117.0,113.0,114.0,7646246478,4493623,542,117.0,114.0
2412,2018-02-10,113.0,117.0,111.0,114.0,5135507527,3022515,357,114.0,113.0
2413,2018-02-12,113.0,115.0,111.0,113.0,3548262712,2105334,289,114.0,113.0
2414,2018-02-13,113.0,116.0,111.0,113.0,3445700737,2045174,279,113.0,113.0
2415,2018-02-14,114.0,114.0,108.0,110.0,9633741790,5864888,639,113.0,111.0
2416,2018-02-17,112.0,116.0,108.0,114.0,20031134393,11779633,1054,110.0,116.0
2417,2018-02-18,119.0,120.0,113.0,117.0,19678606570,11262124,1118,114.0,114.0
2418,2018-02-19,116.0,116.0,111.0,112.0,9225076897,5519466,707,117.0,111.0
2419,2018-02-21,113.0,114.0,108.0,110.0,10323256982,6300230,755,112.0,110.0
2420,2018-02-24,108.0,112.0,105.0,107.0,7904577995,4941988,584,110.0,106.0
2421,2018-02-25,105.0,109.0,105.0,107.0,6151680498,3855475,469,107.0,106.0
2422,2018-02-26,106.0,108.0,103.0,105.0,5178140066,3303346,401,107.0,104.0
2423,2018-02-27,106.0,109.0,104.0,106.0,8621441067,5436102,568,105.0,106.0
2424,2018-02-28,105.0,109.0,104.0,105.0,4538897725,2905714,406,106.0,104.0
2425,2018-03-03,105.0,105.0,99.0,100.0,8486256905,5668836,673,105.0,100.0
2426,2018-03-04,102.0,102.0,98.0,99.0,4669627433,3155216,313,100.0,98.0
2427,2018-03-05,99.0,102.0,99.0,100.0,3566641262,2396098,277,99.0,99.0
2428,2018-03-06,100.0,105.0,98.0,103.0,8865298285,5776558,625,100.0,102.0
2429,2018-03-07,103.0,103.0,98.0,98.0,5504988733,3756509,402,103.0,99.0
2430,2018-03-10,99.0,101.0,96.0,98.0,2242457549,1528352,286,98.0,97.0
2431,2018-03-11,98.0,101.0,96.0,99.0,2615009737,1764695,217,98.0,98.0
2432,2018-03-12,101.0,101.0,95.0,96.0,5532945704,3862320,422,99.0,96.0
2433,2018-03-13,95.0,98.0,94.0,95.0,5968738577,4211615,520,96.0,95.0
2434,2018-03-14,97.0,99.0,95.0,96.0,4363840860,3052702,392,95.0,95.0
2435,2018-03-17,98.0,98.0,96.0,96.0,2497327223,1738622,249,96.0,96.0
2436,2018-03-18,98.0,98.0,96.0,97.0,818320223,564766,115,96.0,98.0
2437,2018-03-19,98.0,102.0,98.0,101.0,10895722664,7225711,855,97.0,102.0
2438,2018-03-25,103.0,106.0,101.0,104.0,4594097520,2960680,574,101.0,105.0
2439,2018-03-26,104.0,106.0,100.0,102.0,3726443490,2440390,464,104.0,101.0
2440,2018-03-27,101.0,105.0,99.0,102.0,4553136620,2983815,469,102.0,104.0
2441,2018-03-28,104.0,107.0,101.0,107.0,8026474749,5028880,629,102.0,107.0
2442,2018-04-03,109.0,112.0,108.0,110.0,5981788971,3647474,599,107.0,111.0
2443,2018-04-04,112.0,112.0,105.0,108.0,6099485767,3794488,521,110.0,106.0
2444,2018-04-07,107.0,107.0,102.0,103.0,4511228566,2938473,393,108.0,102.0
2445,2018-04-08,100.0,101.0,98.0,99.0,7030029284,4782437,650,103.0,98.0
2446,2018-04-09,99.0,102.0,97.0,99.0,8326358664,5611238,669,99.0,101.0
2447,2018-04-10,101.0,102.0,99.0,101.0,4195275145,2792164,370,99.0,99.0
2448,2018-04-11,98.0,103.0,96.0,97.0,7201402934,5001164,682,101.0,96.0
2449,2018-04-15,98.0,100.0,97.0,99.0,4613604886,3131897,427,97.0,99.0
2450,2018-04-16,100.0,104.0,99.0,102.0,5756214645,3766082,470,99.0,104.0
2451,2018-04-17,105.0,107.0,103.0,105.0,8808356442,5625564,871,102.0,105.0
2452,2018-04-18,103.0,110.0,103.0,108.0,12872439493,7987798,1047,105.0,107.0
2453,2018-04-21,108.0,111.0,105.0,108.0,8580486866,5335902,807,108.0,106.0
2454,2018-04-23,109.0,109.0,104.0,105.0,4800599070,3069086,508,108.0,104.0
2455,2018-04-24,101.0,104.0,100.0,101.0,7510345081,5002269,649,105.0,101.0
2456,2018-04-25,101.0,104.0,100.0,102.0,3585891794,2364654,380,101.0,102.0
2457,2018-04-28,101.0,102.0,97.0,98.0,7132985161,4894196,592,102.0,97.0
2458,2018-04-29,99.0,99.0,93.0,95.0,8822542497,6235706,738,98.0,96.0
2459,2018-04-30,96.0,98.0,95.0,96.0,3256929675,2272132,358,95.0,97.0
2460,2018-05-01,98.0,99.0,95.0,96.0,2633113027,1846053,272,96.0,95.0
2461,2018-05-05,97.0,100.0,97.0,100.0,7018360189,4710536,440,96.0,100.0
2462,2018-05-06,103.0,105.0,101.0,104.0,8867680018,5714792,523,100.0,105.0
2463,2018-05-07,108.0,109.0,107.0,109.0,4970412950,3059351,293,104.0,109.0
2464,2018-05-08,110.0,114.0,106.0,111.0,36946176019,22309433,2365,109.0,109.0
2465,2018-05-09,106.0,107.0,106.0,106.0,14129349916,8960772,705,111.0,106.0
2466,2018-05-12,102.0,110.0,102.0,107.0,17888868222,11254765,1246,106.0,106.0
2467,2018-05-13,106.0,109.0,106.0,108.0,13467909586,8381260,1063,107.0,107.0
2468,2018-05-14,108.0,113.0,108.0,112.0,14172992227,8471787,751,108.0,113.0
2469,2018-05-15,115.0,118.0,113.0,116.0,32972305236,19029663,1822,112.0,114.0
2470,2018-05-16,115.0,120.0,112.0,117.0,12888691505,7365791,905,116.0,116.0
2471,2018-05-19,119.0,123.0,116.0,122.0,22134756893,12129421,1229,117.0,121.0
2472,2018-05-20,121.0,122.0,117.0,119.0,11512007993,6497934,904,122.0,117.0
2473,2018-05-21,119.0,119.0,113.0,114.0,16126108630,9471092,1066,119.0,114.0
2474,2018-05-22,114.0,117.0,112.0,114.0,5250907943,3082369,496,114.0,113.0
2475,2018-05-23,114.0,119.0,111.0,116.0,13098905378,7565537,899,114.0,114.0
2476,2018-05-26,117.0,117.0,110.0,113.0,12937234001,7699173,1045,116.0,110.0
2477,2018-05-27,109.0,111.0,107.0,108.0,16587268421,10339366,1040,113.0,107.0
2478,2018-05-28,107.0,107.0,103.0,104.0,6807411946,4368997,771,108.0,104.0
2479,2018-05-29,104.0,109.0,103.0,106.0,5410430369,3407436,570,104.0,107.0
2480,2018-05-30,108.0,109.0,103.0,106.0,22362464935,14169306,1253,106.0,107.0
2481,2018-06-02,107.0,107.0,102.0,104.0,5967381813,3860181,622,106.0,103.0
2482,2018-06-03,104.0,106.0,103.0,104.0,3843402865,2468601,436,104.0,105.0
2483,2018-06-09,105.0,106.0,103.0,104.0,5069968959,3276941,399,104.0,104.0
2484,2018-06-10,103.0,105.0,103.0,104.0,5064369011,3272865,407,104.0,103.0
2485,2018-06-11,103.0,105.0,103.0,104.0,5987893890,3876712,443,104.0,103.0
2486,2018-06-12,103.0,109.0,103.0,106.0,5958142416,3758285,621,104.0,108.0
2487,2018-06-13,109.0,112.0,109.0,111.0,16542248072,9949447,872,106.0,112.0
2488,2018-06-17,115.0,117.0,115.0,117.0,10499829663,6037482,612,111.0,117.0
2489,2018-06-18,119.0,122.0,112.0,117.0,22887113780,13079375,1347,117.0,113.0
2490,2018-06-19,112.0,120.0,112.0,116.0,17682288586,10180593,1100,117.0,113.0
2491,2018-06-20,116.0,118.0,111.0,113.0,18359583276,10924611,1240,116.0,111.0
2492,2018-06-23,111.0,112.0,108.0,110.0,8014009140,4875975,592,113.0,110.0
2493,2018-06-24,113.0,116.0,112.0,115.0,23858819539,13960392,1179,110.0,116.0
2494,2018-06-25,116.0,120.0,116.0,119.0,24246109403,13612394,1406,115.0,118.0
2495,2018-06-26,119.0,119.0,113.0,114.0,15613505260,9210104,765,119.0,114.0
2496,2018-06-27,115.0,116.0,108.0,110.0,7199922983,4402266,485,114.0,108.0
2497,2018-06-30,111.0,113.0,108.0,110.0,3308342098,2015858,275,110.0,110.0
2498,2018-07-01,111.0,111.0,105.0,107.0,10745089377,6706528,567,110.0,107.0
2499,2018-07-02,107.0,112.0,107.0,110.0,2531293041,1540748,220,107.0,111.0
2500,2018-07-03,110.0,115.0,107.0,111.0,10606139279,6390311,537,110.0,111.0
2501,2018-07-04,113.0,113.0,107.0,109.0,6511645462,4007020,466,111.0,108.0
2502,2018-07-07,110.0,110.0,105.0,107.0,3292180345,2068523,290,109.0,107.0
2503,2018-07-08,107.0,107.0,104.0,105.0,3636050689,2325407,327,107.0,105.0
2504,2018-07-10,104.0,108.0,103.0,105.0,3561851808,2270872,405,105.0,105.0
2505,2018-07-15,105.0,109.0,101.0,103.0,2758120816,1819181,206,105.0,103.0
2506,2018-07-16,105.0,105.0,102.0,102.0,3294947773,2184519,304,103.0,102.0
2507,2018-07-17,102.0,107.0,102.0,104.0,4002201953,2605522,387,102.0,104.0
2508,2018-07-18,107.0,108.0,101.0,104.0,5976304462,3884924,469,104.0,101.0
2509,2018-07-21,104.0,106.0,102.0,103.0,5955972234,3934955,474,104.0,102.0
2510,2018-07-22,102.0,107.0,102.0,105.0,5159307035,3327825,426,103.0,105.0
2511,2018-07-23,106.0,106.0,100.0,101.0,6975329648,4670874,565,105.0,100.0
2512,2018-07-24,102.0,103.0,98.0,101.0,8814768360,5918724,531,101.0,102.0
2513,2018-07-25,102.0,103.0,101.0,102.0,4447774611,2964225,414,101.0,102.0
2514,2018-07-28,105.0,107.0,104.0,106.0,11715685793,7511514,996,102.0,105.0
2515,2018-07-29,107.0,108.0,101.0,101.0,34517893916,23162494,2353,106.0,102.0
2516,2018-07-30,102.0,104.0,102.0,103.0,14412934154,9512756,1165,101.0,103.0
2517,2018-07-31,105.0,108.0,103.0,107.0,11989453952,7573012,735,103.0,108.0
2518,2018-08-01,110.0,112.0,102.0,104.0,22813705125,14847316,1782,107.0,102.0
2519,2018-08-04,102.0,103.0,99.0,101.0,12012541836,8044164,821,104.0,102.0
2520,2018-08-05,103.0,106.0,100.0,103.0,21862752743,14459596,1561,101.0,101.0
2521,2018-08-06,104.0,106.0,100.0,102.0,21924689655,14598394,1665,103.0,100.0
2522,2018-08-07,101.0,101.0,97.0,98.0,10188713122,7038790,1006,102.0,99.0
2523,2018-08-08,98.0,103.0,94.0,100.0,15017812564,10204536,1305,98.0,102.0
2524,2018-08-11,103.0,105.0,102.0,104.0,27417465077,17833821,1609,100.0,105.0
2525,2018-08-12,107.0,107.0,101.0,102.0,7101619734,4715083,712,104.0,102.0
2526,2018-08-13,103.0,103.0,99.0,101.0,5205193133,3508840,532,102.0,100.0
2527,2018-08-14,102.0,105.0,99.0,103.0,8281895946,5459856,704,101.0,103.0
2528,2018-08-15,103.0,103.0,100.0,101.0,8561292505,5734276,628,103.0,101.0
2529,2018-08-18,102.0,103.0,100.0,101.0,8711500497,5830244,678,101.0,102.0
2530,2018-08-19,103.0,104.0,100.0,102.0,16257888913,10819069,1321,101.0,103.0
2531,2018-08-20,107.0,107.0,107.0,107.0,3632964702,2302259,198,102.0,107.0
2532,2018-08-21,112.0,112.0,112.0,112.0,4193430840,2532265,185,107.0,112.0
2533,2018-08-25,118.0,118.0,118.0,118.0,5750890794,3308913,221,112.0,118.0
2534,2018-08-26,124.0,124.0,124.0,124.0,5603659968,3072182,159,118.0,124.0
2535,2018-08-27,129.0,135.0,123.0,129.0,76136902481,39961374,3490,124.0,135.0
2536,2018-08-28,136.0,136.0,130.0,135.0,79113024679,39667940,2901,129.0,136.0
2537,2018-08-29,138.0,142.0,136.0,141.0,53029978230,25618709,2521,135.0,142.0
2538,2018-09-01,147.0,148.0,138.0,145.0,51203636932,23989899,2605,141.0,142.0
2539,2018-09-02,142.0,143.0,138.0,138.0,20860132375,10246468,1187,145.0,138.0
2540,2018-09-03,136.0,143.0,133.0,138.0,28502996346,14014058,1726,138.0,141.0
2541,2018-09-04,144.0,145.0,143.0,145.0,14628477548,6862079,649,138.0,145.0
2542,2018-09-05,149.0,152.0,147.0,151.0,24986391681,11211966,952,145.0,152.0
2543,2018-09-08,158.0,158.0,153.0,157.0,1766014620,762291,55,151.0,153.0
2544,2018-09-11,165.0,173.0,160.0,167.0,45528950943,18511419,1797,157.0,168.0
2545,2018-09-12,171.0,175.0,171.0,174.0,40437992996,15759191,1643,167.0,171.0
2546,2018-09-15,174.0,183.0,166.0,169.0,69156345059,27751185,2767,174.0,166.0
2547,2018-09-16,164.0,167.0,161.0,163.0,31990440463,13343416,1447,169.0,164.0
2548,2018-09-17,170.0,171.0,164.0,170.0,28762529026,11462165,1100,163.0,168.0
2549,2018-09-18,175.0,175.0,164.0,169.0,18381126157,7374951,956,170.0,168.0
2550,2018-09-22,171.0,178.0,166.0,170.0,23105781564,9212964,1338,169.0,168.0
2551,2018-09-23,169.0,178.0,166.0,172.0,44652468061,17604079,1910,170.0,170.0
2552,2018-09-24,174.0,181.0,173.0,180.0,56367062324,21258337,1825,172.0,181.0
2553,2018-09-25,189.0,189.0,189.0,189.0,2041938720,733455,79,180.0,189.0
2554,2018-09-26,198.0,198.0,198.0,198.0,2992260485,1023695,81,189.0,198.0
2555,2018-09-29,208.0,208.0,208.0,208.0,5764315491,1878239,62,198.0,208.0
2556,2018-09-30,219.0,230.0,219.0,229.0,9455921732,2798431,173,208.0,230.0
2557,2018-10-01,241.0,241.0,219.0,239.0,172330865084,49020774,3299,229.0,241.0
2558,2018-10-02,238.0,247.0,227.0,233.0,20042356027,5833330,584,239.0,227.0
2559,2018-10-03,223.0,245.0,223.0,238.0,90693175296,25909750,2487,233.0,245.0
2560,2018-10-06,250.0,250.0,226.0,233.0,140475715032,40872005,3128,238.0,230.0
2561,2018-10-07,225.0,242.0,222.0,227.0,65088673403,19485279,2071,233.0,222.0
2562,2018-10-08,227.0,231.0,216.0,225.0,42628947276,12879762,1541,227.0,229.0
2563,2018-10-09,233.0,236.0,221.0,234.0,33030419611,9585963,1099,225.0,228.0
2564,2018-10-10,237.0,244.0,222.0,226.0,30992092810,9326441,1202,234.0,222.0
2565,2018-10-13,228.0,234.0,214.0,222.0,11615043534,3550039,442,226.0,214.0
2566,2018-10-14,213.0,214.0,211.0,213.0,17382700727,5548638,374,222.0,213.0
2567,2018-10-15,218.0,223.0,218.0,223.0,21422965179,6527028,555,213.0,223.0
2568,2018-10-16,228.0,234.0,222.0,229.0,21059193459,6232078,869,223.0,232.0
2569,2018-10-17,218.0,232.0,218.0,225.0,27479334049,8294857,985,229.0,227.0
2570,2018-10-20,234.0,236.0,234.0,236.0,11117996553,3202983,392,225.0,236.0
2571,2018-10-21,247.0,247.0,224.0,245.0,54077155412,14961249,1621,236.0,244.0
2572,2018-10-22,238.0,238.0,233.0,234.0,9867991874,2861592,356,245.0,233.0
2573,2018-10-23,225.0,229.0,222.0,223.0,17555256369,5350215,507,234.0,222.0
2574,2018-10-24,217.0,217.0,212.0,212.0,3690662380,1181275,142,223.0,212.0
2575,2018-10-27,202.0,202.0,202.0,209.0,206629192,69619,29,212.0,202.0
2576,2018-10-28,199.0,203.0,199.0,199.0,39433193062,13421699,1483,209.0,201.0
2577,2018-10-29,199.0,207.0,194.0,199.0,19148640341,6524944,898,199.0,198.0
2578,2018-10-31,202.0,202.0,189.0,191.0,31045352562,11024113,1251,199.0,195.0
2579,2018-11-03,189.0,197.0,187.0,193.0,15413952945,5435473,752,191.0,192.0
2580,2018-11-04,197.0,202.0,189.0,200.0,30552045902,10384437,1287,193.0,202.0
2581,2018-11-05,204.0,209.0,202.0,206.0,11584907142,3825339,575,200.0,205.0
2582,2018-11-06,204.0,210.0,197.0,203.0,10042520410,3360705,578,206.0,199.0
2583,2018-11-10,199.0,200.0,193.0,195.0,10187678768,3550404,624,203.0,193.0
2584,2018-11-11,195.0,195.0,185.0,186.0,8313543435,3038360,559,195.0,185.0
2585,2018-11-12,185.0,191.0,182.0,187.0,10337706230,3750073,643,186.0,186.0
2586,2018-11-13,186.0,190.0,181.0,184.0,8506707151,3146404,586,187.0,182.0
2587,2018-11-14,185.0,185.0,177.0,178.0,6452920330,2462181,438,184.0,177.0
2588,2018-11-17,180.0,180.0,169.0,170.0,12475292897,4974222,781,178.0,169.0
2589,2018-11-18,171.0,179.0,168.0,179.0,59286724480,22539566,1563,170.0,179.0
2590,2018-11-19,187.0,187.0,182.0,187.0,17752959906,6439870,583,179.0,187.0
2591,2018-11-20,189.0,193.0,178.0,186.0,21298218343,7793829,1107,187.0,185.0
2592,2018-11-21,190.0,190.0,182.0,184.0,14777745370,5446448,664,186.0,183.0
2593,2018-11-24,181.0,181.0,175.0,175.0,19249183430,7460173,808,184.0,175.0
2594,2018-11-26,175.0,175.0,166.0,167.0,14090191237,5721270,723,175.0,167.0
2595,2018-11-27,168.0,176.0,168.0,175.0,14991086817,5814020,716,167.0,176.0
2596,2018-11-28,180.0,180.0,172.0,175.0,10244774544,3966647,524,175.0,177.0
2597,2018-12-01,171.0,171.0,167.0,167.0,5435942451,2204708,264,175.0,167.0
2598,2018-12-02,166.0,176.0,166.0,175.0,5857641860,2270614,211,167.0,176.0
2599,2018-12-03,183.0,184.0,178.0,182.0,11979306626,4469835,681,175.0,182.0
2600,2018-12-04,182.0,183.0,173.0,174.0,4955122978,1928929,438,182.0,173.0
2601,2018-12-05,176.0,176.0,170.0,172.0,4823694764,1904075,408,174.0,171.0
2602,2018-12-08,171.0,175.0,167.0,169.0,6385871373,2558314,495,172.0,169.0
2603,2018-12-09,170.0,177.0,163.0,167.0,15971217181,6498074,1020,169.0,167.0
2604,2018-12-10,164.0,175.0,164.0,173.0,22459000795,8808703,989,167.0,175.0
2605,2018-12-11,176.0,176.0,170.0,173.0,5698734698,2238734,468,173.0,171.0
2606,2018-12-12,174.0,174.0,165.0,168.0,5272971472,2129436,480,173.0,169.0
2607,2018-12-15,172.0,172.0,166.0,170.0,3748413140,1498654,318,168.0,170.0
2608,2018-12-16,168.0,173.0,164.0,167.0,5526049206,2252180,358,170.0,167.0
2609,2018-12-17,165.0,175.0,165.0,170.0,12052318791,4808021,702,167.0,170.0
2610,2018-12-18,171.0,175.0,167.0,172.0,7173657881,2835883,617,170.0,171.0
2611,2018-12-19,173.0,173.0,165.0,167.0,3096350313,1261034,313,172.0,169.0
2612,2018-12-22,168.0,174.0,165.0,171.0,9956016818,3956090,469,167.0,172.0
2613,2018-12-23,175.0,175.0,170.0,172.0,5545429960,2185738,443,171.0,170.0
2614,2018-12-24,171.0,171.0,165.0,167.0,5987992947,2432942,490,172.0,168.0
2615,2018-12-25,168.0,169.0,164.0,165.0,6179698442,2548073,478,167.0,164.0
2616,2018-12-26,168.0,170.0,162.0,168.0,8741374820,3542983,532,165.0,168.0
2617,2018-12-29,165.0,173.0,165.0,169.0,5984080505,2410901,520,168.0,169.0
2618,2018-12-30,168.0,172.0,168.0,169.0,5871069715,2352677,435,169.0,168.0
2619,2018-12-31,170.0,171.0,166.0,168.0,4665195260,1886972,366,169.0,169.0
2620,2019-01-01,169.0,170.0,166.0,168.0,7896360746,3195949,505,168.0,166.0
2621,2019-01-02,168.0,170.0,164.0,166.0,9424588606,3849810,599,168.0,166.0
2622,2019-01-05,166.0,169.0,164.0,166.0,6333692441,2591184,429,166.0,167.0
2623,2019-01-06,168.0,168.0,164.0,166.0,3222644964,1317489,257,166.0,165.0
2624,2019-01-07,165.0,174.0,164.0,172.0,15388752474,6060069,885,166.0,174.0
2625,2019-01-08,176.0,181.0,175.0,178.0,19214232871,7345660,1104,172.0,177.0
2626,2019-01-09,180.0,180.0,172.0,175.0,10275919745,3976755,628,178.0,176.0
2627,2019-01-12,180.0,184.0,174.0,183.0,29560363523,10987048,1516,175.0,184.0
2628,2019-01-13,190.0,190.0,177.0,183.0,9808350162,3632556,766,183.0,180.0
2629,2019-01-14,186.0,186.0,179.0,181.0,7081061169,2662540,514,183.0,179.0
2630,2019-01-15,182.0,182.0,174.0,179.0,5320182928,2014966,459,181.0,179.0
2631,2019-01-16,175.0,179.0,170.0,174.0,9539366428,3730900,738,179.0,176.0
2632,2019-01-19,177.0,182.0,176.0,181.0,19472046046,7290949,1006,174.0,182.0
2633,2019-01-20,183.0,187.0,173.0,178.0,12699597934,4849425,751,181.0,175.0
2634,2019-01-21,175.0,175.0,169.0,170.0,7985029386,3197218,493,178.0,170.0
2635,2019-01-22,172.0,175.0,170.0,172.0,3792993974,1494065,300,170.0,173.0
2636,2019-01-23,175.0,176.0,170.0,171.0,7150606143,2833959,503,172.0,170.0
2637,2019-01-26,170.0,175.0,169.0,171.0,3456514123,1368943,329,171.0,172.0
2638,2019-01-27,172.0,172.0,168.0,169.0,4691652709,1884566,357,171.0,169.0
2639,2019-01-28,172.0,172.0,168.0,169.0,3870547191,1558275,306,169.0,170.0
2640,2019-01-29,170.0,170.0,166.0,167.0,9645954199,3911442,586,169.0,166.0
2641,2019-01-30,167.0,170.0,166.0,168.0,5733958655,2318311,363,167.0,170.0
2642,2019-02-02,168.0,176.0,168.0,176.0,15665078639,6061036,838,168.0,172.0
2643,2019-02-03,175.0,175.0,167.0,169.0,3327361948,1333389,282,176.0,170.0
2644,2019-02-04,168.0,174.0,167.0,168.0,5921425883,2389006,450,169.0,170.0
2645,2019-02-05,171.0,177.0,168.0,175.0,12494020559,4835254,704,168.0,176.0
2646,2019-02-06,177.0,177.0,168.0,172.0,5629869098,2229093,379,175.0,175.0
2647,2019-02-10,174.0,175.0,170.0,173.0,1760175780,691822,226,172.0,170.0
2648,2019-02-12,171.0,173.0,168.0,169.0,3463681724,1392761,242,173.0,168.0
2649,2019-02-13,167.0,170.0,165.0,167.0,6903600288,2799041,415,169.0,170.0
2650,2019-02-16,168.0,170.0,167.0,169.0,4425031699,1778808,274,167.0,168.0
2651,2019-02-17,170.0,177.0,169.0,174.0,9830641172,3846432,645,169.0,172.0
2652,2019-02-18,169.0,174.0,169.0,171.0,4369453160,1739625,332,174.0,171.0
2653,2019-02-19,172.0,174.0,169.0,171.0,1816917842,720618,194,171.0,170.0
2654,2019-02-20,170.0,176.0,170.0,174.0,5018710813,1962919,337,171.0,175.0
2655,2019-02-23,177.0,182.0,174.0,180.0,12816326848,4827378,841,174.0,178.0
2656,2019-02-24,179.0,183.0,174.0,179.0,11100262622,4218252,667,180.0,181.0
2657,2019-02-25,183.0,185.0,177.0,182.0,6650922021,2479998,557,179.0,180.0
2658,2019-02-26,179.0,181.0,175.0,178.0,4916424451,1871887,310,182.0,177.0
2659,2019-02-27,179.0,187.0,177.0,186.0,15079744491,5500669,724,178.0,187.0
2660,2019-03-02,188.0,188.0,180.0,184.0,5919031632,2181127,445,186.0,181.0
2661,2019-03-03,181.0,191.0,177.0,186.0,7922162897,2899894,606,184.0,184.0
2662,2019-03-04,190.0,191.0,183.0,188.0,8319799008,3004483,469,186.0,184.0
2663,2019-03-05,183.0,184.0,179.0,180.0,6028894383,2278721,503,188.0,179.0
2664,2019-03-06,177.0,182.0,177.0,178.0,3208045439,1222748,220,180.0,179.0
2665,2019-03-09,180.0,180.0,173.0,176.0,3981420218,1536738,281,178.0,176.0
2666,2019-03-10,175.0,183.0,175.0,179.0,4665981511,1769789,347,176.0,181.0
2667,2019-03-11,177.0,186.0,180.0,183.0,7357825501,2727113,471,179.0,182.0
2668,2019-03-12,184.0,184.0,178.0,180.0,3385111032,1278563,240,183.0,179.0
2669,2019-03-13,182.0,183.0,178.0,179.0,4604694929,1745012,391,180.0,178.0
2670,2019-03-16,180.0,188.0,177.0,185.0,13587697289,4994243,802,179.0,184.0
2671,2019-03-17,191.0,192.0,182.0,187.0,6773204812,2455739,434,185.0,184.0
2672,2019-03-18,188.0,188.0,182.0,186.0,3869627567,1411459,312,187.0,185.0
2673,2019-03-19,185.0,188.0,181.0,186.0,5600915155,2048567,385,186.0,185.0
2674,2019-03-25,183.0,188.0,183.0,184.0,2910936923,1074270,316,186.0,185.0
2675,2019-03-26,186.0,187.0,183.0,184.0,5307486930,1958477,425,184.0,185.0
2676,2019-03-27,184.0,193.0,184.0,192.0,10527717220,3726322,481,184.0,193.0
2677,2019-03-30,201.0,201.0,198.0,201.0,6473635702,2182687,193,192.0,201.0
2678,2019-03-31,211.0,211.0,202.0,209.0,48151649284,15627751,2183,201.0,210.0
2679,2019-04-06,210.0,220.0,207.0,217.0,8042673035,2519647,315,209.0,220.0
2680,2019-04-07,224.0,228.0,218.0,226.0,25503240770,7663848,801,217.0,223.0
2681,2019-04-08,217.0,235.0,217.0,229.0,28372722404,8408980,1272,226.0,232.0
2682,2019-04-09,229.0,234.0,221.0,226.0,14367599207,4318042,872,229.0,222.0
2683,2019-04-10,221.0,233.0,220.0,227.0,16761403859,5015626,886,226.0,223.0
2684,2019-04-13,230.0,230.0,218.0,221.0,13397288674,4121947,789,227.0,218.0
2685,2019-04-14,217.0,219.0,213.0,217.0,12485800311,3912550,841,221.0,219.0
2686,2019-04-15,219.0,227.0,219.0,226.0,12359953546,3721712,548,217.0,222.0
2687,2019-04-16,224.0,227.0,215.0,222.0,6104885886,1864910,476,226.0,216.0
2688,2019-04-17,215.0,226.0,214.0,218.0,6776569492,2107526,400,222.0,219.0
2689,2019-04-20,216.0,228.0,216.0,224.0,8464721046,2561193,543,218.0,223.0
2690,2019-04-22,227.0,229.0,215.0,219.0,15821602832,4899717,720,224.0,215.0
2691,2019-04-23,220.0,230.0,215.0,227.0,18248492204,5455557,792,219.0,230.0
2692,2019-04-24,235.0,238.0,235.0,238.0,10893401631,3111495,380,227.0,238.0
2693,2019-04-27,244.0,250.0,241.0,248.0,19997424051,5467335,717,238.0,250.0
2694,2019-04-28,258.0,258.0,245.0,251.0,32869101411,8880456,1584,248.0,254.0
2695,2019-04-29,254.0,258.0,246.0,252.0,28812331097,7771131,1248,251.0,257.0
2696,2019-04-30,261.0,264.0,246.0,258.0,21599229733,5684611,904,252.0,255.0
2697,2019-05-01,248.0,264.0,248.0,258.0,18522015459,4867168,773,258.0,261.0
2698,2019-05-04,261.0,264.0,258.0,261.0,15786391571,4107253,733,258.0,261.0
2699,2019-05-05,267.0,267.0,248.0,251.0,29580323336,7992628,1262,261.0,248.0
2700,2019-05-06,246.0,247.0,239.0,239.0,110781735553,31499416,1991,251.0,239.0
2701,2019-05-07,227.0,242.0,227.0,231.0,39235665233,11552215,1134,239.0,242.0
2702,2019-05-08,242.0,242.0,231.0,241.0,30053188918,8454549,825,231.0,242.0
2703,2019-05-11,244.0,249.0,231.0,242.0,21940800551,6145168,938,241.0,244.0
2704,2019-05-12,237.0,238.0,230.0,230.0,60169277089,17728193,1203,242.0,231.0
2705,2019-05-13,238.0,242.0,232.0,239.0,10163889175,2885896,421,230.0,242.0
2706,2019-05-14,246.0,251.0,243.0,250.0,15758107838,4283357,571,239.0,251.0
2707,2019-05-15,256.0,256.0,244.0,249.0,9293566232,2532119,397,250.0,251.0
2708,2019-05-18,247.0,256.0,245.0,250.0,8185922703,2222042,400,249.0,247.0
2709,2019-05-19,251.0,254.0,243.0,247.0,8429655799,2316511,353,250.0,251.0
2710,2019-05-20,251.0,251.0,235.0,238.0,4958034003,1414926,313,247.0,242.0
2711,2019-05-21,232.0,243.0,230.0,234.0,8149294645,2360434,527,238.0,232.0
2712,2019-05-22,238.0,238.0,230.0,232.0,3830415758,1122427,298,234.0,231.0
2713,2019-05-25,234.0,243.0,231.0,240.0,8268712963,2343344,439,232.0,238.0
2714,2019-05-26,240.0,243.0,233.0,239.0,6896262836,1959519,517,240.0,238.0
2715,2019-05-28,251.0,251.0,251.0,251.0,7159459608,1938132,200,239.0,251.0
2716,2019-05-29,258.0,258.0,245.0,252.0,10907282618,2940548,541,251.0,250.0
2717,2019-06-01,251.0,251.0,239.0,244.0,6620888714,1843271,335,252.0,242.0
2718,2019-06-02,244.0,248.0,241.0,243.0,6368307033,1780812,349,244.0,243.0
2719,2019-06-03,241.0,250.0,241.0,246.0,8331140644,2299146,400,243.0,244.0
2720,2019-06-08,245.0,255.0,243.0,251.0,10899188208,2953250,528,246.0,252.0
2721,2019-06-09,256.0,256.0,247.0,251.0,11947557648,3238044,532,251.0,248.0
2722,2019-06-10,248.0,256.0,248.0,252.0,12861653618,3469705,576,251.0,255.0
2723,2019-06-11,256.0,264.0,252.0,263.0,31668825924,8163652,914,252.0,264.0
2724,2019-06-12,272.0,276.0,264.0,273.0,18530826114,4611767,840,263.0,276.0
2725,2019-06-15,284.0,286.0,268.0,285.0,14820783203,3531977,450,273.0,286.0
2726,2019-06-16,299.0,299.0,273.0,290.0,31626408447,7396187,1264,285.0,280.0
2727,2019-06-17,278.0,282.0,276.0,278.0,12601698250,3076433,743,290.0,282.0
2728,2019-06-18,278.0,288.0,264.0,272.0,12171668482,3043476,598,278.0,264.0
2729,2019-06-19,276.0,276.0,258.0,260.0,10364357510,2706827,560,272.0,258.0
2730,2019-06-22,247.0,261.0,247.0,249.0,5674971771,1550001,373,260.0,252.0
2731,2019-06-23,254.0,261.0,251.0,259.0,7216840208,1891940,379,249.0,261.0
2732,2019-06-24,268.0,272.0,265.0,271.0,13379843416,3346548,481,259.0,272.0
2733,2019-06-25,278.0,284.0,273.0,277.0,9138488455,2237270,494,271.0,274.0
2734,2019-06-26,278.0,278.0,265.0,271.0,12280325439,3081884,509,277.0,272.0
2735,2019-06-30,278.0,284.0,264.0,283.0,39334724830,9432098,1159,271.0,284.0
2736,2019-07-01,285.0,293.0,275.0,288.0,11866177648,2801866,522,283.0,292.0
2737,2019-07-02,293.0,302.0,288.0,298.0,18928174458,4310570,829,288.0,302.0
2738,2019-07-03,308.0,308.0,295.0,300.0,10414750438,2357578,483,298.0,298.0
2739,2019-07-06,297.0,306.0,285.0,291.0,23611503727,5515802,821,300.0,297.0
2740,2019-07-07,286.0,301.0,278.0,287.0,7880038572,1865214,406,291.0,283.0
2741,2019-07-08,287.0,287.0,275.0,281.0,25525590397,6177400,909,287.0,282.0
2742,2019-07-09,282.0,282.0,267.0,274.0,13692040874,3389066,568,281.0,280.0
2743,2019-07-10,270.0,283.0,270.0,277.0,5000404536,1226774,436,274.0,279.0
2744,2019-07-13,279.0,283.0,265.0,273.0,5481321385,1363573,433,277.0,273.0
2745,2019-07-14,272.0,275.0,263.0,268.0,10833856588,2746840,666,273.0,270.0
2746,2019-07-15,272.0,277.0,256.0,267.0,6212972278,1578096,501,268.0,261.0
2747,2019-07-16,270.0,270.0,254.0,255.0,6011003477,1601843,325,267.0,254.0
2748,2019-07-23,254.0,254.0,242.0,243.0,5214044684,1470244,259,255.0,243.0
2749,2019-07-24,235.0,243.0,235.0,239.0,3605650636,1031239,313,243.0,241.0
2750,2019-07-27,251.0,251.0,240.0,243.0,2712837493,763639,184,239.0,245.0
2751,2019-07-28,251.0,251.0,240.0,246.0,3323956974,926303,197,243.0,250.0
2752,2019-07-29,253.0,253.0,234.0,244.0,3071955128,861099,319,246.0,242.0
2753,2019-07-30,249.0,249.0,235.0,239.0,5115328569,1464620,395,244.0,242.0
2754,2019-07-31,246.0,251.0,238.0,248.0,10538249706,2906390,695,239.0,251.0
2755,2019-08-03,252.0,253.0,248.0,250.0,4381940481,1198916,346,248.0,249.0
2756,2019-08-04,250.0,251.0,243.0,246.0,6824108577,1902189,442,250.0,247.0
2757,2019-08-05,251.0,251.0,245.0,247.0,4399039057,1218245,372,246.0,246.0
2758,2019-08-06,252.0,259.0,246.0,254.0,10539865706,2835513,539,247.0,259.0
2759,2019-08-07,266.0,266.0,257.0,263.0,6753452341,1760845,454,254.0,263.0
2760,2019-08-10,266.0,276.0,256.0,269.0,16584767683,4217088,860,263.0,275.0
2761,2019-08-11,281.0,283.0,275.0,281.0,14519946413,3536302,811,269.0,281.0
2762,2019-08-13,281.0,281.0,272.0,277.0,8990694048,2225489,515,281.0,280.0
2763,2019-08-14,285.0,285.0,277.0,280.0,10892053379,2660395,589,277.0,279.0
2764,2019-08-17,285.0,285.0,274.0,278.0,8678766886,2138029,431,280.0,277.0
2765,2019-08-18,281.0,281.0,273.0,276.0,6392142752,1587046,437,278.0,275.0
2766,2019-08-19,281.0,281.0,267.0,269.0,18661043927,4741344,742,276.0,272.0
2767,2019-08-21,283.0,283.0,271.0,276.0,9517070094,2358957,459,269.0,273.0
2768,2019-08-24,272.0,290.0,272.0,281.0,33697449473,8208563,1063,276.0,290.0
2769,2019-08-25,295.0,295.0,295.0,295.0,4301349830,997993,192,281.0,295.0
2770,2019-08-26,310.0,310.0,310.0,310.0,1596659825,352853,78,295.0,310.0
2771,2019-08-27,325.0,325.0,314.0,325.0,54205988492,11414881,930,310.0,325.0
2772,2019-08-28,318.0,341.0,312.0,340.0,223009028784,44965175,2601,325.0,341.0
2773,2019-08-31,356.0,356.0,323.0,344.0,251648481442,50079910,4372,340.0,329.0
2774,2019-09-01,331.0,331.0,327.0,328.0,18750494071,3918223,628,344.0,327.0
2775,2019-09-02,325.0,333.0,311.0,317.0,63800593691,13772790,1643,328.0,311.0
2776,2019-09-03,309.0,317.0,301.0,303.0,89834662418,20268638,2176,317.0,306.0
2777,2019-09-04,308.0,314.0,305.0,309.0,24003533781,5313891,1112,303.0,310.0
2778,2019-09-07,315.0,325.0,313.0,322.0,43590164395,9267284,1666,309.0,325.0
2779,2019-09-08,309.0,328.0,308.0,315.0,45520705501,9877529,1849,322.0,315.0
2780,2019-09-11,315.0,331.0,308.0,319.0,61608895549,13203718,2309,315.0,320.0
2781,2019-09-14,322.0,331.0,322.0,327.0,58156770950,12165459,2740,319.0,324.0
2782,2019-09-15,325.0,338.0,311.0,327.0,46619607370,9760022,1901,327.0,337.0
2783,2019-09-16,339.0,343.0,331.0,340.0,61899659404,12468324,2095,327.0,332.0
2784,2019-09-17,332.0,335.0,323.0,326.0,31507984554,6619094,1348,340.0,323.0
2785,2019-09-18,313.0,325.0,310.0,311.0,14137098803,3111932,738,326.0,310.0
2786,2019-09-21,302.0,319.0,301.0,310.0,21314516989,4702668,1002,311.0,310.0
2787,2019-09-22,307.0,325.0,307.0,322.0,34728366025,7390939,1428,310.0,322.0
2788,2019-09-23,325.0,332.0,316.0,321.0,55216669812,11764251,2329,322.0,317.0
2789,2019-09-24,326.0,335.0,318.0,324.0,59737944251,12624609,1798,321.0,323.0
2790,2019-09-25,333.0,340.0,332.0,340.0,52379712054,10559249,900,324.0,340.0
2791,2019-09-28,357.0,357.0,357.0,357.0,35615756150,6837350,419,340.0,357.0
2792,2019-09-29,367.0,374.0,352.0,371.0,192145860896,35500070,4273,357.0,374.0
2793,2019-09-30,389.0,389.0,375.0,387.0,129340555624,22871234,2967,371.0,387.0
2794,2019-10-01,394.0,394.0,368.0,371.0,107232918207,19775937,3315,387.0,368.0
2795,2019-10-02,363.0,383.0,353.0,374.0,89316094329,16361071,2112,371.0,380.0
2796,2019-10-05,383.0,392.0,380.0,391.0,76948987698,13481729,2630,374.0,387.0
2797,2019-10-06,380.0,404.0,371.0,384.0,86495273679,15429160,2243,391.0,394.0
2798,2019-10-07,393.0,403.0,382.0,397.0,92625585340,15985517,2026,384.0,391.0
2799,2019-10-08,398.0,403.0,377.0,386.0,50985375479,9035240,1377,397.0,377.0
2800,2019-10-09,367.0,380.0,367.0,368.0,39795281866,7405500,1571,386.0,367.0
2801,2019-10-12,375.0,383.0,353.0,362.0,32373577990,6118437,1447,368.0,364.0
2802,2019-10-13,370.0,370.0,344.0,350.0,37234292453,7276691,1357,362.0,344.0
2803,2019-10-14,339.0,342.0,333.0,333.0,16347405100,3359246,754,350.0,333.0
2804,2019-10-15,321.0,331.0,316.0,321.0,7005563700,1494979,385,333.0,316.0
2805,2019-10-16,305.0,316.0,305.0,305.0,24216634250,5438792,692,321.0,305.0
2806,2019-10-20,292.0,298.0,290.0,291.0,5822506102,1370182,217,305.0,290.0
2807,2019-10-21,276.0,287.0,276.0,278.0,17125000172,4221812,647,291.0,283.0
2808,2019-10-22,291.0,291.0,274.0,286.0,20340263770,4872983,842,278.0,284.0
2809,2019-10-23,287.0,294.0,271.0,274.0,15137593753,3781204,894,286.0,271.0
2810,2019-10-26,268.0,272.0,260.0,261.0,24419113251,6397467,1160,274.0,264.0
2811,2019-10-28,274.0,274.0,268.0,274.0,5745548117,1434812,267,261.0,274.0
2812,2019-10-30,288.0,288.0,288.0,288.0,1473863544,350586,69,274.0,288.0
2813,2019-11-02,302.0,302.0,286.0,297.0,31254748619,7202465,1493,288.0,301.0
2814,2019-11-03,302.0,305.0,289.0,298.0,12447622325,2858613,841,297.0,298.0
2815,2019-11-04,301.0,301.0,283.0,286.0,17174875752,4106716,1016,298.0,283.0
2816,2019-11-10,286.0,294.0,272.0,277.0,11327100005,2796517,680,286.0,274.0
2817,2019-11-11,285.0,291.0,275.0,290.0,8332207561,1970004,318,277.0,291.0
2818,2019-11-12,303.0,303.0,291.0,298.0,16257059981,3738517,890,290.0,297.0
2819,2019-11-13,300.0,300.0,286.0,289.0,14333454623,3395082,852,298.0,294.0
2820,2019-11-16,286.0,296.0,278.0,283.0,11222482086,2713313,750,289.0,279.0
2821,2019-11-17,269.0,274.0,269.0,269.0,17680283547,4491760,716,283.0,269.0
2822,2019-11-18,260.0,279.0,260.0,272.0,5982770354,1508058,372,269.0,273.0
2823,2019-11-19,279.0,283.0,271.0,279.0,8201475162,2014096,425,272.0,278.0
2824,2019-11-20,280.0,287.0,270.0,276.0,12020031563,2976519,744,279.0,280.0
2825,2019-11-23,279.0,283.0,274.0,280.0,10333954358,2524517,598,276.0,281.0
2826,2019-11-24,281.0,294.0,280.0,287.0,20597483785,4904697,1202,280.0,294.0
2827,2019-11-25,298.0,302.0,294.0,300.0,20755114057,4733367,1096,287.0,302.0
2828,2019-11-26,302.0,311.0,291.0,302.0,14664747713,3319791,897,300.0,307.0
2829,2019-11-27,309.0,309.0,298.0,303.0,13270012080,2999374,969,302.0,304.0
2830,2019-11-30,315.0,318.0,307.0,316.0,15869184564,3435410,671,303.0,318.0
2831,2019-12-01,332.0,332.0,321.0,331.0,42400114441,8772771,1998,316.0,332.0
2832,2019-12-02,335.0,345.0,315.0,330.0,29039464902,6032177,2118,331.0,321.0
2833,2019-12-03,328.0,331.0,315.0,325.0,20391666435,4301076,1272,330.0,324.0
2834,2019-12-04,333.0,341.0,327.0,338.0,20515268504,4151898,719,325.0,341.0
2835,2019-12-07,349.0,355.0,346.0,352.0,32774965490,6374655,816,338.0,355.0
2836,2019-12-08,369.0,369.0,363.0,369.0,61470342216,11402703,2117,352.0,369.0
2837,2019-12-09,387.0,387.0,372.0,383.0,121106190233,21661413,5023,369.0,387.0
2838,2019-12-10,395.0,401.0,364.0,379.0,83242136793,15037209,3778,383.0,364.0
2839,2019-12-11,360.0,370.0,360.0,363.0,63686241774,12005507,3095,379.0,360.0
2840,2019-12-14,372.0,381.0,364.0,377.0,48179453865,8736372,2513,363.0,380.0
2841,2019-12-15,387.0,387.0,359.0,368.0,52844961193,9842786,2517,377.0,365.0
2842,2019-12-16,368.0,368.0,358.0,362.0,34376073128,6500044,1756,368.0,363.0
2843,2019-12-17,370.0,372.0,360.0,367.0,33890805483,6318970,1884,362.0,369.0
2844,2019-12-18,371.0,371.0,358.0,362.0,32484641581,6146693,1890,367.0,363.0
2845,2019-12-21,371.0,372.0,358.0,367.0,22518047322,4203569,1384,362.0,364.0
2846,2019-12-22,369.0,385.0,360.0,379.0,49942010360,9010913,1679,367.0,385.0
2847,2019-12-23,397.0,397.0,361.0,381.0,53347995616,9571800,2327,379.0,375.0
2848,2019-12-24,382.0,382.0,370.0,375.0,29838137987,5441080,1231,381.0,376.0
2849,2019-12-25,383.0,383.0,364.0,369.0,31688648124,5880639,1354,375.0,371.0
2850,2019-12-28,378.0,387.0,370.0,385.0,58426038699,10393519,1845,369.0,387.0
2851,2019-12-29,397.0,397.0,380.0,389.0,41893758620,7369503,1750,385.0,389.0
2852,2019-12-30,384.0,401.0,381.0,394.0,41420319418,7204910,1878,389.0,389.0
2853,2019-12-31,393.0,393.0,374.0,379.0,44020803331,7956186,2076,394.0,381.0
2854,2020-01-01,383.0,390.0,374.0,383.0,27953322527,5001411,1342,379.0,375.0
2855,2020-01-04,363.0,363.0,363.0,368.0,1116448740,210254,102,383.0,363.0
2856,2020-01-05,349.0,363.0,349.0,350.0,47150306287,9216417,1378,368.0,349.0
2857,2020-01-07,333.0,352.0,333.0,336.0,17403853860,3542310,737,350.0,333.0
2858,2020-01-08,330.0,330.0,330.0,330.0,2991944700,621380,119,336.0,330.0
2859,2020-01-11,336.0,336.0,336.0,336.0,2270527185,462335,72,330.0,336.0
2860,2020-01-12,353.0,353.0,353.0,353.0,2132769088,413648,86,336.0,353.0
2861,2020-01-13,371.0,371.0,361.0,370.0,20128548157,3726528,577,353.0,371.0
2862,2020-01-14,371.0,388.0,363.0,381.0,47089049708,8464890,1551,370.0,388.0
2863,2020-01-15,390.0,400.0,388.0,398.0,44386828616,7628561,907,381.0,400.0
2864,2020-01-18,418.0,418.0,418.0,418.0,10839717965,1774385,326,398.0,418.0
2865,2020-01-19,439.0,439.0,421.0,437.0,79421491841,12443601,1584,418.0,439.0
2866,2020-01-20,455.0,459.0,448.0,455.0,50774465855,7630647,1601,437.0,459.0
2867,2020-01-21,478.0,478.0,438.0,466.0,120851101093,17758161,3285,455.0,478.0
2868,2020-01-22,486.0,489.0,472.0,488.0,25185229726,3535831,777,466.0,489.0
2869,2020-01-25,512.0,512.0,497.0,508.0,83152085815,11198187,3208,488.0,506.0
2870,2020-01-26,520.0,520.0,483.0,499.0,101344712733,13898784,3441,508.0,490.0
2871,2020-01-27,499.0,519.0,474.0,500.0,61058750642,8352135,2042,499.0,508.0
2872,2020-01-28,520.0,520.0,509.0,519.0,2079127752,274122,50,500.0,510.0
2873,2020-02-03,544.0,544.0,517.0,526.0,110443573609,14361204,2865,519.0,518.0
2874,2020-02-04,507.0,518.0,500.0,505.0,85647110773,11608553,2487,526.0,501.0
2875,2020-02-05,493.0,530.0,488.0,522.0,71302754707,9347351,1568,505.0,530.0
2876,2020-02-08,548.0,548.0,527.0,545.0,100120563607,12576888,1709,522.0,548.0
2877,2020-02-09,554.0,572.0,554.0,568.0,46192405029,5562937,676,545.0,572.0
2878,2020-02-10,597.0,597.0,551.0,590.0,172254812898,19992211,3510,568.0,597.0
2879,2020-02-12,606.0,619.0,591.0,612.0,101615799119,11359241,2729,590.0,598.0
2880,2020-02-15,594.0,600.0,582.0,584.0,98803253586,11582635,2421,612.0,582.0
2881,2020-02-16,569.0,609.0,568.0,593.0,81151581249,9368079,2066,584.0,592.0
2882,2020-02-17,588.0,615.0,563.0,579.0,84301043490,9970111,2057,593.0,568.0
2883,2020-02-18,555.0,575.0,550.0,553.0,47752628007,5909210,1459,579.0,555.0
2884,2020-02-19,548.0,581.0,548.0,575.0,62490834461,7436541,1435,553.0,581.0
2885,2020-02-22,548.0,604.0,548.0,592.0,47368696668,5477375,929,575.0,604.0
2886,2020-02-23,622.0,622.0,622.0,622.0,9342829680,1028946,177,592.0,622.0
2887,2020-02-24,653.0,653.0,630.0,651.0,87388162116,9181744,1229,622.0,653.0
2888,2020-02-25,684.0,684.0,684.0,684.0,39994924522,4002352,581,651.0,684.0
2889,2020-02-26,718.0,718.0,695.0,716.0,102709656038,9815893,1647,684.0,718.0
2890,2020-02-29,698.0,746.0,680.0,707.0,117003670344,11333713,2378,716.0,743.0
2891,2020-03-01,742.0,742.0,719.0,742.0,27220756757,2511274,469,707.0,742.0
2892,2020-03-02,779.0,779.0,779.0,753.0,15672479100,1377195,257,742.0,779.0
2893,2020-03-03,790.0,790.0,790.0,762.0,14041313520,1216330,249,753.0,790.0
2894,2020-03-04,800.0,800.0,800.0,773.0,15281949105,1307155,320,762.0,800.0
2895,2020-03-07,811.0,811.0,800.0,811.0,80527734289,6795936,911,773.0,811.0
2896,2020-03-09,852.0,852.0,777.0,836.0,160612647872,13152409,2623,811.0,852.0
2897,2020-03-10,878.0,878.0,878.0,846.0,13571984424,1058492,232,836.0,878.0
2898,2020-03-16,888.0,888.0,888.0,852.0,8162118375,629065,170,846.0,888.0
2899,2020-03-17,895.0,895.0,895.0,863.0,13498498636,1032311,167,852.0,895.0
2900,2020-03-18,906.0,906.0,906.0,874.0,12839300388,969516,141,863.0,906.0
2901,2020-03-24,917.0,917.0,917.0,880.0,7670835730,572365,128,874.0,917.0
2902,2020-03-25,924.0,924.0,924.0,889.0,10855666317,804183,141,880.0,924.0
2903,2020-03-28,934.0,934.0,934.0,906.0,19929727644,1461338,192,889.0,934.0
2904,2020-03-29,951.0,951.0,951.0,926.0,23387760072,1683057,223,906.0,951.0
2905,2020-03-30,972.0,972.0,972.0,948.0,26141234400,1840932,201,926.0,972.0
2906,2020-04-04,995.0,995.0,995.0,962.0,16063777625,1104875,153,948.0,995.0
2907,2020-04-05,1010.0,1010.0,1010.0,971.0,9300699446,630086,170,962.0,1010.0
2908,2020-04-06,1019.0,1019.0,1019.0,981.0,11882458240,798016,208,971.0,1019.0
2909,2020-04-07,1030.0,1030.0,1030.0,1030.0,1370365620,91030,32,981.0,1030.0
2910,2020-04-08,1082.0,1082.0,1082.0,1038.0,8111923708,513218,142,1030.0,1082.0
2911,2020-04-11,1090.0,1090.0,1090.0,1049.0,10857321200,681650,141,1038.0,1090.0
2912,2020-04-12,1102.0,1102.0,1102.0,1058.0,9196698896,571472,113,1049.0,1102.0
2913,2020-04-13,1111.0,1111.0,1111.0,1080.0,21971771325,1353525,163,1058.0,1111.0
2914,2020-04-14,1134.0,1134.0,1134.0,1096.0,16735172245,1010273,285,1080.0,1134.0
2915,2020-04-15,1151.0,1151.0,1151.0,1110.0,13436514091,798889,245,1096.0,1151.0
2916,2020-04-18,1165.0,1165.0,1165.0,1122.0,11702529442,687454,116,1110.0,1165.0
2917,2020-04-19,1178.0,1178.0,1178.0,1148.0,24552984673,1426421,182,1122.0,1178.0
2918,2020-04-20,1205.0,1205.0,1205.0,1160.0,11208538561,636451,101,1148.0,1205.0
2919,2020-04-21,1218.0,1218.0,1218.0,1173.0,12459210183,700231,113,1160.0,1218.0
2920,2020-04-22,1232.0,1232.0,1232.0,1184.0,10111026534,561911,115,1173.0,1232.0
2921,2020-04-25,1243.0,1243.0,1243.0,1194.0,9121907354,502363,136,1184.0,1243.0
2922,2020-04-26,1254.0,1254.0,1254.0,1223.0,25373209748,1385303,244,1194.0,1254.0
2923,2020-04-27,1284.0,1284.0,1284.0,1284.0,57014562330,3039966,221,1223.0,1284.0
2924,2020-05-04,1348.0,1348.0,1348.0,1348.0,2750834556,139693,56,1284.0,1348.0
2925,2020-05-05,1415.0,1415.0,1415.0,1402.0,42404346372,2050897,286,1348.0,1415.0
2926,2020-05-06,1472.0,1472.0,1472.0,1420.0,13548961482,629862,98,1402.0,1472.0
2927,2020-05-09,1491.0,1491.0,1491.0,1444.0,18244693724,837758,123,1420.0,1491.0
2928,2020-05-10,1517.0,1517.0,1517.0,1467.0,16423666744,741274,120,1444.0,1517.0
2929,2020-05-11,1540.0,1540.0,1540.0,1483.0,11832333600,525975,104,1467.0,1540.0
2930,2020-05-12,1557.0,1557.0,1557.0,1557.0,76137595712,3348032,420,1483.0,1557.0
2931,2020-05-13,1634.0,1634.0,1634.0,1568.0,8310785656,348052,98,1557.0,1634.0
2932,2020-05-18,1646.0,1646.0,1646.0,1646.0,2451536750,101935,44,1568.0,1646.0
2933,2020-05-19,1728.0,1728.0,1728.0,1688.0,26780326796,1060523,122,1646.0,1728.0
2934,2020-05-20,1773.0,1773.0,1773.0,1717.0,18339055176,708181,138,1688.0,1773.0
2935,2020-05-23,1803.0,1803.0,1803.0,1729.0,7172908287,272351,98,1717.0,1803.0
2936,2020-05-26,1815.0,1815.0,1803.0,1777.0,29777282388,1122993,197,1729.0,1815.0
2937,2020-05-27,1866.0,1866.0,1866.0,1811.0,20768271825,761775,108,1777.0,1866.0
2938,2020-05-30,1902.0,1902.0,1902.0,1823.0,7075806848,254672,82,1811.0,1902.0
2939,2020-05-31,1915.0,1915.0,1915.0,1855.0,18456759690,659877,73,1823.0,1915.0
2940,2020-06-01,1948.0,1948.0,1948.0,1865.0,5847527648,205472,57,1855.0,1948.0
2941,2020-06-02,1959.0,1959.0,1959.0,1883.0,10498739186,366922,71,1865.0,1959.0
2942,2020-06-06,1977.0,1977.0,1977.0,1902.0,10482476490,362841,90,1883.0,1977.0
2943,2020-06-07,1997.0,1997.0,1997.0,1940.0,21338690237,731303,99,1902.0,1997.0
2944,2020-06-08,2037.0,2037.0,2037.0,1971.0,17080861908,573838,101,1940.0,2037.0
2945,2020-06-09,2070.0,2070.0,2070.0,1990.0,10325766495,341517,78,1971.0,2070.0
2946,2020-06-10,2089.0,2089.0,2089.0,2009.0,10805496102,354058,53,1990.0,2089.0
2947,2020-06-13,2109.0,2109.0,2109.0,2038.0,15510216150,503415,93,2009.0,2109.0
2948,2020-06-14,2140.0,2140.0,2140.0,2071.0,17355770820,555207,84,2038.0,2140.0
2949,2020-06-15,2175.0,2175.0,2175.0,2092.0,10935710550,344215,69,2071.0,2175.0
2950,2020-06-16,2197.0,2197.0,2197.0,2112.0,10507645870,327443,62,2092.0,2197.0
2951,2020-06-20,2218.0,2218.0,2218.0,2147.0,16922293200,522293,79,2112.0,2218.0
2952,2020-06-21,2253.0,2253.0,2253.0,2162.0,7629407520,231756,78,2147.0,2253.0
2953,2020-06-22,2269.0,2269.0,2269.0,2205.0,21626761650,652391,68,2162.0,2269.0
2954,2020-06-23,2315.0,2315.0,2315.0,2222.0,8544859740,252657,65,2205.0,2315.0
2955,2020-06-24,2333.0,2333.0,2333.0,2260.0,18972506400,556705,80,2222.0,2333.0
2956,2020-06-27,2373.0,2373.0,2373.0,2281.0,9915620000,286000,84,2260.0,2373.0
2957,2020-06-28,2395.0,2395.0,2395.0,2345.0,29682017000,848300,76,2281.0,2395.0
2958,2020-06-29,2462.0,2462.0,2462.0,2394.0,22598907870,628271,71,2345.0,2462.0
2959,2020-06-30,2513.0,2513.0,2513.0,2419.0,11882953580,323698,66,2394.0,2513.0
2960,2020-07-01,2539.0,2539.0,2539.0,2429.0,4757481400,128234,75,2419.0,2539.0
2961,2020-07-04,2550.0,2550.0,2550.0,2456.0,11617891560,311806,99,2429.0,2550.0
2962,2020-07-05,2578.0,2578.0,2578.0,2509.0,22988870900,610270,76,2456.0,2578.0
2963,2020-07-06,2635.0,2635.0,2635.0,2529.0,8557135290,222321,44,2509.0,2635.0
2964,2020-07-07,2655.0,2655.0,2655.0,2563.0,14731937730,379787,70,2529.0,2655.0
2965,2020-07-08,2691.0,2691.0,2691.0,2619.0,24000062960,610378,115,2563.0,2691.0
2966,2020-07-11,2750.0,2750.0,2750.0,2673.0,21695535810,540093,71,2619.0,2750.0
2967,2020-07-12,2806.0,2806.0,2806.0,2717.0,17844307000,435227,68,2673.0,2806.0
2968,2020-07-13,2853.0,2853.0,2853.0,2742.0,9997364800,239860,66,2717.0,2853.0
2969,2020-07-14,2879.0,2879.0,2879.0,2778.0,14287571700,339695,72,2742.0,2879.0
2970,2020-07-15,2916.0,2916.0,2916.0,2834.0,22874112600,536951,68,2778.0,2916.0
2971,2020-07-18,2976.0,2976.0,2976.0,2885.0,18768663760,431662,82,2834.0,2976.0
2972,2020-07-22,3701.0,3755.0,3581.0,3674.0,391473192960,7302385,1665,2885.0,3631.0
2973,2020-07-25,3490.0,3490.0,3490.0,3490.0,364971051830,7166131,3101,3674.0,3490.0
2974,2020-07-26,3316.0,3316.0,3316.0,3316.0,97900034940,2023146,925,3490.0,3316.0
2975,2020-07-27,3151.0,3151.0,3151.0,3229.0,22590019980,491301,439,3316.0,3151.0
2976,2020-07-28,3068.0,3390.0,3068.0,3189.0,1260124751930,27080731,3088,3229.0,3390.0
2977,2020-07-29,3348.0,3348.0,3348.0,3348.0,53276591600,1090616,194,3189.0,3348.0
2978,2020-08-01,3515.0,3515.0,3515.0,3481.0,41906750950,817055,153,3348.0,3515.0
2979,2020-08-02,3655.0,3655.0,3348.0,3616.0,1129289902910,21400227,5714,3481.0,3495.0
2980,2020-08-03,3555.0,3749.0,3436.0,3493.0,523179788870,10263468,4275,3616.0,3564.0
2981,2020-08-04,3632.0,3667.0,3598.0,3656.0,320144415310,6001001,3186,3493.0,3667.0
2982,2020-08-05,3836.0,3836.0,3474.0,3532.0,320529875050,6219111,3513,3656.0,3474.0
2983,2020-08-09,3365.0,3470.0,3356.0,3361.0,53454722090,1089908,809,3532.0,3356.0
2984,2020-08-10,3194.0,3194.0,3194.0,3300.0,16672734400,357784,260,3361.0,3194.0
2985,2020-08-11,3135.0,3135.0,3135.0,3271.0,7778506500,170022,129,3300.0,3135.0
2986,2020-08-12,3108.0,3220.0,3108.0,3117.0,455571912830,10017911,1698,3271.0,3108.0
2987,2020-08-15,2961.0,2961.0,2961.0,3098.0,5917955180,136958,105,3117.0,2961.0
2988,2020-08-16,2943.0,2943.0,2943.0,3070.0,8371453580,194957,90,3098.0,2943.0
2989,2020-08-17,2917.0,2917.0,2917.0,3014.0,17168278400,403390,297,3070.0,2917.0
2990,2020-08-18,2864.0,2864.0,2864.0,2994.0,6064690170,145123,96,3014.0,2864.0
2991,2020-08-19,2845.0,2845.0,2845.0,2992.0,654197600,15760,34,2994.0,2845.0
2992,2020-08-22,2843.0,2843.0,2843.0,2984.0,2704164160,65192,66,2992.0,2843.0
2993,2020-08-23,2835.0,2835.0,2835.0,2980.0,1020722010,24673,32,2984.0,2835.0
2994,2020-08-24,2832.0,2832.0,2832.0,2978.0,761197040,18422,40,2980.0,2832.0
2995,2020-08-25,2830.0,2830.0,2830.0,2956.0,7110716060,172214,233,2978.0,2830.0
2996,2020-08-26,2808.0,2988.0,2808.0,2836.0,1954734788250,47244228,11546,2956.0,2830.0
2997,2020-08-31,2845.0,2906.0,2695.0,2725.0,185883256960,4675674,1232,2836.0,2695.0
2998,2020-09-01,2589.0,2589.0,2589.0,2719.0,1730626240,45808,54,2725.0,2589.0
2999,2020-09-02,2584.0,2584.0,2584.0,2707.0,4218479200,111896,36,2719.0,2584.0
3000,2020-09-05,2572.0,2572.0,2572.0,2698.0,3068602920,81764,88,2707.0,2572.0
3001,2020-09-06,2564.0,2564.0,2564.0,2691.0,2371345080,63388,61,2698.0,2564.0
3002,2020-09-07,2557.0,2557.0,2557.0,2691.0,76933220,2062,9,2691.0,2557.0
3003,2020-09-08,2557.0,2557.0,2557.0,2680.0,4158199500,111450,14,2691.0,2557.0
3004,2020-09-09,2546.0,2546.0,2546.0,2667.0,4498679250,121095,52,2680.0,2546.0
3005,2020-09-12,2534.0,2534.0,2534.0,2660.0,2297057010,62133,65,2667.0,2534.0
3006,2020-09-13,2527.0,2527.0,2527.0,2660.0,147667520,4004,13,2660.0,2527.0
3007,2020-09-14,2527.0,2527.0,2527.0,2652.0,2775241770,75271,58,2660.0,2527.0
3008,2020-09-15,2520.0,2520.0,2520.0,2630.0,8032038800,218440,173,2652.0,2520.0
3009,2020-09-16,2499.0,2499.0,2499.0,2623.0,2104653500,57725,86,2630.0,2499.0
3010,2020-09-19,2492.0,2492.0,2492.0,2622.0,381775890,10497,20,2623.0,2492.0
3011,2020-09-20,2491.0,2491.0,2491.0,2621.0,233003500,6410,14,2622.0,2491.0
3012,2020-09-21,2490.0,2490.0,2490.0,2620.0,382078760,10514,14,2621.0,2490.0
3013,2020-09-22,2489.0,2489.0,2489.0,2619.0,255874400,7045,10,2620.0,2489.0
3014,2020-09-23,2488.0,2488.0,2488.0,2617.0,732554250,20175,35,2619.0,2488.0
3015,2020-09-26,2487.0,2487.0,2487.0,2616.0,280231380,7722,18,2617.0,2487.0
3016,2020-09-27,2486.0,2486.0,2486.0,2616.0,97266680,2681,7,2616.0,2486.0
3017,2020-09-28,2486.0,2486.0,2486.0,2616.0,36207440,998,6,2616.0,2486.0
3018,2020-09-29,2355.0,2355.0,2355.0,2576.0,6940746540,201942,194,2616.0,2355.0
3019,2020-09-30,2448.0,2448.0,2448.0,2573.0,1172437560,32823,22,2576.0,2448.0
3020,2020-10-03,2444.0,2444.0,2444.0,2569.0,1151070900,32270,37,2573.0,2444.0
3021,2020-10-04,2441.0,2441.0,2441.0,2566.0,1201177640,33722,15,2569.0,2441.0
3022,2020-10-05,2438.0,2438.0,2438.0,2566.0,103010720,2896,11,2566.0,2438.0
3023,2020-10-06,2438.0,2438.0,2438.0,2525.0,14906853450,419085,84,2566.0,2438.0
3024,2020-10-07,2399.0,2399.0,2399.0,2505.0,7289467110,208211,136,2525.0,2399.0
3025,2020-10-10,2381.0,2381.0,2381.0,2490.0,5682560760,163574,37,2505.0,2381.0
3026,2020-10-11,2366.0,2366.0,2366.0,2464.0,10167047730,294441,201,2490.0,2366.0
3027,2020-10-12,2341.0,2341.0,2341.0,2462.0,837910640,24529,23,2464.0,2341.0
3028,2020-10-13,2339.0,2339.0,2339.0,2460.0,844069030,24731,16,2462.0,2339.0
3029,2020-10-14,2337.0,2337.0,2337.0,2458.0,498235100,14611,26,2460.0,2337.0
3030,2020-10-18,2336.0,2336.0,2336.0,2457.0,320658720,9409,8,2458.0,2336.0
3031,2020-10-19,2335.0,2335.0,2335.0,2454.0,1214391080,35644,12,2457.0,2335.0
3032,2020-10-20,2331.0,2331.0,2331.0,2436.0,7015366260,206213,13,2454.0,2331.0
3033,2020-10-21,2315.0,2315.0,2315.0,2436.0,310235520,9184,13,2436.0,2315.0
3034,2020-10-24,2314.0,2314.0,2314.0,2436.0,130689900,3870,8,2436.0,2314.0
3035,2020-10-26,2314.0,2314.0,2314.0,2436.0,103099810,3053,7,2436.0,2314.0
3036,2020-10-27,2314.0,2314.0,2314.0,2436.0,55788040,1652,5,2436.0,2314.0
3037,2020-10-28,2314.0,2314.0,2314.0,2436.0,74631700,2210,8,2436.0,2314.0
3038,2020-10-31,2314.0,2314.0,2314.0,2435.0,300755620,8906,13,2436.0,2314.0
3039,2020-11-01,2192.0,2192.0,2192.0,2420.0,2617307160,81842,83,2435.0,2192.0
3040,2020-11-02,2300.0,2300.0,2300.0,2420.0,54232960,1616,6,2420.0,2300.0
3041,2020-11-04,2300.0,2300.0,2300.0,2418.0,730299160,21761,14,2420.0,2300.0
3042,2020-11-07,2298.0,2298.0,2298.0,2418.0,78795500,2350,6,2418.0,2298.0
3043,2020-11-08,2298.0,2298.0,2298.0,2418.0,13412000,400,2,2418.0,2298.0
3044,2020-11-09,2298.0,2298.0,2298.0,2418.0,5364800,160,1,2418.0,2298.0
3045,2020-11-10,2298.0,2298.0,2298.0,2418.0,35810040,1068,6,2418.0,2298.0
3046,2020-11-11,2298.0,2298.0,2298.0,2418.0,130800530,3901,17,2418.0,2298.0
3047,2020-11-14,2298.0,2298.0,2298.0,2414.0,1496008010,44617,30,2418.0,2298.0
3048,2020-11-15,2294.0,2294.0,2294.0,2414.0,64797920,1936,3,2414.0,2294.0
3049,2020-11-16,2294.0,2294.0,2294.0,2414.0,219328910,6553,12,2414.0,2294.0
3050,2020-11-17,2172.0,2172.0,2172.0,2340.0,13589092600,428678,326,2414.0,2172.0
3051,2020-11-18,2224.0,2224.0,2224.0,2330.0,3978434900,122602,83,2340.0,2224.0
3052,2020-11-21,2214.0,2214.0,2214.0,2326.0,1681182700,52049,33,2330.0,2214.0
3053,2020-11-22,2210.0,2210.0,2210.0,2325.0,339721500,10534,10,2326.0,2210.0
3054,2020-11-23,2209.0,2209.0,2209.0,2324.0,471574480,14627,24,2325.0,2209.0
3055,2020-11-24,2208.0,2208.0,2208.0,2322.0,509333760,15808,17,2324.0,2208.0
3056,2020-11-25,2207.0,2207.0,2207.0,2314.0,3321236800,103144,55,2322.0,2207.0
3057,2020-11-28,2199.0,2199.0,2199.0,2307.0,3198955830,99687,45,2314.0,2199.0
3058,2020-11-29,2192.0,2381.0,2192.0,2255.0,2534472594180,77025345,25123,2307.0,2358.0
3059,2020-11-30,2367.0,2367.0,2265.0,2344.0,415262173670,12141624,4700,2255.0,2299.0
3060,2020-12-01,2232.0,2343.0,2227.0,2246.0,477306301110,14562635,6592,2344.0,2227.0
3061,2020-12-02,2135.0,2226.0,2135.0,2148.0,436314098650,13921585,5254,2246.0,2135.0
3062,2020-12-05,2073.0,2186.0,2057.0,2129.0,384045797720,12365833,6127,2148.0,2099.0
3063,2020-12-06,2159.0,2220.0,2072.0,2146.0,307061317570,9805429,5356,2129.0,2104.0
3064,2020-12-07,2066.0,2159.0,2039.0,2053.0,319133635480,10650547,5382,2146.0,2039.0
3065,2020-12-08,1987.0,2056.0,1951.0,1960.0,351993498810,12309213,4928,2053.0,1951.0
3066,2020-12-09,1933.0,2058.0,1933.0,2050.0,134921977250,4510607,1264,1960.0,2058.0
3067,2020-12-12,2152.0,2152.0,2152.0,2152.0,129709161000,4130865,644,2050.0,2152.0
3068,2020-12-13,2259.0,2259.0,2159.0,2255.0,580614217770,17646073,4909,2152.0,2259.0
3069,2020-12-14,2330.0,2367.0,2145.0,2280.0,681002317800,20469928,9164,2255.0,2166.0
3070,2020-12-15,2166.0,2166.0,2166.0,2248.0,14762280930,467013,235,2280.0,2166.0
3071,2020-12-16,2136.0,2215.0,2136.0,2144.0,242776475180,7762004,2854,2248.0,2145.0
3072,2020-12-19,2145.0,2229.0,2041.0,2096.0,222125753880,7264006,3220,2144.0,2055.0
3073,2020-12-20,2096.0,2096.0,1991.0,2004.0,79211596130,2708589,1120,2096.0,1991.0
3074,2020-12-21,1909.0,1991.0,1904.0,1917.0,337299202590,12053808,4642,2004.0,1904.0
3075,2020-12-22,1986.0,2013.0,1920.0,2002.0,106460432470,3644034,1110,1917.0,2013.0
3076,2020-12-23,2102.0,2102.0,2022.0,2075.0,307487274590,10153901,4860,2002.0,2070.0
3077,2020-12-26,2094.0,2094.0,1972.0,1988.0,191195510280,6590384,3414,2075.0,1972.0
3078,2020-12-27,1919.0,2056.0,1919.0,2007.0,177009066160,6044049,2944,1988.0,2012.0
3079,2020-12-28,2049.0,2055.0,1907.0,1964.0,188494256490,6577768,3421,2007.0,1930.0
3080,2020-12-29,1898.0,1967.0,1866.0,1874.0,165638236630,6057150,2407,1964.0,1866.0
3081,2020-12-30,1865.0,1941.0,1790.0,1858.0,198950545300,7339091,2983,1874.0,1819.0
3082,2021-01-02,1782.0,1850.0,1765.0,1770.0,45906192350,1780325,548,1858.0,1765.0
3083,2021-01-03,1682.0,1850.0,1682.0,1724.0,303301773760,12053017,3939,1770.0,1839.0
3084,2021-01-04,1810.0,1810.0,1810.0,1787.0,35493508220,1343942,254,1724.0,1810.0
3085,2021-01-05,1876.0,1876.0,1876.0,1850.0,36245981520,1324296,302,1787.0,1876.0
3086,2021-01-06,1943.0,1943.0,1789.0,1925.0,489631036740,17432766,5480,1850.0,1943.0
3087,2021-01-09,1967.0,1997.0,1829.0,1870.0,261224787220,9573589,3913,1925.0,1837.0
3088,2021-01-10,1850.0,1963.0,1782.0,1894.0,271965015720,9840193,3793,1870.0,1963.0
3089,2021-01-11,1972.0,1981.0,1824.0,1882.0,200932098590,7316197,2718,1894.0,1840.0
3090,2021-01-12,1868.0,1880.0,1788.0,1795.0,126805064840,4842360,1293,1882.0,1788.0
3091,2021-01-13,1706.0,1782.0,1706.0,1713.0,165873431030,6638629,2041,1795.0,1706.0
3092,2021-01-16,1645.0,1706.0,1628.0,1663.0,31983525500,1338287,492,1713.0,1628.0
3093,2021-01-18,1580.0,1580.0,1580.0,1657.0,2951644700,128054,42,1663.0,1580.0
3094,2021-01-19,1575.0,1663.0,1575.0,1593.0,140557708160,6046200,1852,1657.0,1598.0
3095,2021-01-20,1665.0,1673.0,1593.0,1666.0,174980262150,7197066,1535,1593.0,1673.0
3096,2021-01-23,1700.0,1749.0,1666.0,1741.0,141813866430,5582869,1103,1666.0,1749.0
3097,2021-01-24,1789.0,1795.0,1654.0,1684.0,92478839310,3762693,1286,1741.0,1654.0
3098,2021-01-25,1601.0,1686.0,1601.0,1610.0,100894640160,4293753,1194,1684.0,1601.0
3099,2021-01-26,1556.0,1610.0,1530.0,1547.0,99846242920,4424100,1654,1610.0,1530.0
3100,2021-01-27,1472.0,1623.0,1472.0,1606.0,128769878570,5495122,1220,1547.0,1623.0
3101,2021-01-30,1686.0,1686.0,1686.0,1637.0,20839693200,847142,217,1606.0,1686.0
3102,2021-01-31,1719.0,1719.0,1663.0,1717.0,197511210130,7883582,1037,1637.0,1719.0
3103,2021-02-01,1802.0,1802.0,1802.0,1792.0,49414544000,1878880,300,1717.0,1802.0
3104,2021-02-02,1881.0,1881.0,1881.0,1881.0,85790830050,3125349,409,1792.0,1881.0
3105,2021-02-03,1975.0,1975.0,1885.0,1962.0,677071919780,23652278,5928,1881.0,1975.0
3106,2021-02-06,2022.0,2055.0,1864.0,1953.0,415498805950,14579897,5409,1962.0,1878.0
3107,2021-02-07,1966.0,2040.0,1856.0,1885.0,373661519080,13584940,3828,1953.0,1856.0
3108,2021-02-08,1885.0,1926.0,1791.0,1813.0,276752032300,10459840,2521,1885.0,1837.0
3109,2021-02-09,1768.0,1904.0,1768.0,1893.0,91218775650,3301595,825,1813.0,1904.0
3110,2021-02-13,2007.0,2007.0,1946.0,1998.0,140356419030,4815263,904,1893.0,2007.0
3111,2021-02-14,2060.0,2060.0,1958.0,1991.0,127643178170,4394584,1331,1998.0,1958.0
3112,2021-02-15,1974.0,2000.0,1951.0,1952.0,145471335870,5105311,946,1991.0,1951.0
3113,2021-02-16,1951.0,1953.0,1914.0,1917.0,104570264930,3739043,922,1952.0,1919.0
3114,2021-02-17,1987.0,1987.0,1879.0,1891.0,79223295120,2871813,1031,1917.0,1879.0
3115,2021-02-20,1854.0,1900.0,1853.0,1861.0,44040522510,1625330,550,1891.0,1853.0
3116,2021-02-21,1824.0,1824.0,1824.0,1859.0,1450883640,54524,33,1861.0,1824.0
3117,2021-02-22,1822.0,1822.0,1822.0,1859.0,1303920420,49038,29,1859.0,1822.0
3118,2021-02-23,1822.0,1856.0,1822.0,1826.0,55700496810,2090411,612,1859.0,1843.0
3119,2021-02-24,1793.0,1850.0,1790.0,1822.0,11340766530,430615,221,1826.0,1790.0
3120,2021-02-27,1785.0,1785.0,1785.0,1821.0,493074400,18928,19,1822.0,1785.0
3121,2021-02-28,1785.0,1785.0,1785.0,1820.0,1223046720,46968,10,1821.0,1785.0
3122,2021-03-01,1784.0,1784.0,1784.0,1816.0,5100734680,195956,46,1820.0,1784.0
3123,2021-03-02,1780.0,1867.0,1780.0,1791.0,61288347360,2344650,732,1816.0,1780.0
3124,2021-03-03,1756.0,1756.0,1756.0,1789.0,3321274320,129636,62,1791.0,1756.0
3125,2021-03-06,1753.0,1753.0,1753.0,1788.0,997696740,39003,25,1789.0,1753.0
3126,2021-03-07,1752.0,1753.0,1752.0,1765.0,31718102070,1240441,315,1788.0,1752.0
3127,2021-03-08,1730.0,1780.0,1730.0,1741.0,73992128570,2911511,1141,1765.0,1730.0
3128,2021-03-09,1708.0,1782.0,1707.0,1726.0,50188368830,1993417,806,1741.0,1707.0
3129,2021-03-10,1691.0,1713.0,1691.0,1693.0,55892550200,2263082,681,1726.0,1696.0
3130,2021-03-13,1661.0,1794.0,1661.0,1750.0,81163446450,3178655,1261,1693.0,1794.0
3131,2021-03-14,1854.0,1854.0,1717.0,1784.0,115712839830,4444845,1784,1750.0,1749.0
3132,2021-03-15,1748.0,1832.0,1748.0,1766.0,46791788790,1817547,884,1784.0,1768.0
3133,2021-03-16,1836.0,1836.0,1731.0,1754.0,65867124860,2574140,892,1766.0,1767.0
3134,2021-03-17,1795.0,1859.0,1748.0,1824.0,71889297590,2700080,1222,1754.0,1859.0
3135,2021-03-27,1888.0,1933.0,1829.0,1919.0,53687112270,1917059,722,1824.0,1933.0
3136,2021-03-28,1960.0,1987.0,1880.0,1918.0,68762473660,2457024,1134,1919.0,1933.0
3137,2021-03-30,1939.0,1968.0,1902.0,1931.0,26768932410,943577,618,1918.0,1940.0
3138,2021-03-31,1961.0,1961.0,1893.0,1917.0,26737690060,962902,442,1931.0,1894.0
3139,2021-04-03,1898.0,1917.0,1879.0,1906.0,15189770020,553449,110,1917.0,1879.0
3140,2021-04-04,1868.0,1868.0,1868.0,1905.0,686515840,25184,13,1906.0,1868.0
3141,2021-04-05,1867.0,1867.0,1867.0,1872.0,43497485500,1596238,259,1905.0,1867.0
3142,2021-04-06,1867.0,1867.0,1835.0,1837.0,60706220310,2265314,309,1872.0,1835.0
3143,2021-04-07,1800.0,1832.0,1800.0,1815.0,28378293500,1079980,319,1837.0,1800.0
3144,2021-04-10,1779.0,1816.0,1779.0,1779.0,98582520030,3797184,311,1815.0,1779.0
3145,2021-04-11,1744.0,1744.0,1744.0,1778.0,852422300,33494,15,1779.0,1744.0
3146,2021-04-12,1743.0,1748.0,1743.0,1765.0,18507281700,727479,131,1778.0,1743.0
3147,2021-04-13,1730.0,1790.0,1730.0,1738.0,57793931070,2278589,783,1765.0,1730.0
3148,2021-04-14,1753.0,1753.0,1704.0,1704.0,47803441170,1922820,296,1738.0,1704.0
3149,2021-04-17,1670.0,1670.0,1670.0,1681.0,32929645690,1351237,141,1704.0,1670.0
3150,2021-04-18,1647.0,1647.0,1647.0,1680.0,1066029760,44344,24,1681.0,1647.0
3151,2021-04-19,1647.0,1647.0,1647.0,1675.0,7725188430,321481,72,1680.0,1647.0
3152,2021-04-20,1642.0,1775.0,1642.0,1731.0,89548445410,3545266,1809,1675.0,1775.0
3153,2021-04-21,1782.0,1806.0,1680.0,1732.0,46287368590,1831057,1146,1731.0,1680.0
3154,2021-04-24,1681.0,1836.0,1681.0,1808.0,107465307020,4073413,2019,1732.0,1836.0
3155,2021-04-25,1830.0,1916.0,1816.0,1881.0,115284523070,4200093,3501,1808.0,1872.0
3156,2021-04-26,1881.0,1911.0,1825.0,1830.0,99615527940,3729586,1515,1881.0,1835.0
3157,2021-04-27,1850.0,1940.0,1792.0,1935.0,234997227350,8322657,1229,1830.0,1940.0
3158,2021-04-28,1986.0,2020.0,1904.0,1963.0,67535109090,2356876,1726,1935.0,1940.0
3159,2021-05-01,1962.0,1963.0,1905.0,1913.0,49543994880,1775159,471,1963.0,1905.0
3160,2021-05-02,1856.0,1856.0,1856.0,1856.0,46926038360,1732867,178,1913.0,1856.0
3161,2021-05-03,1804.0,1850.0,1801.0,1803.0,47260056740,1796497,332,1856.0,1801.0
3162,2021-05-05,1752.0,1843.0,1750.0,1795.0,31626896980,1209921,591,1803.0,1802.0
3163,2021-05-08,1782.0,1877.0,1756.0,1821.0,36323715130,1359038,1044,1795.0,1822.0
3164,2021-05-09,1816.0,1885.0,1816.0,1848.0,42888969350,1586261,1133,1821.0,1824.0
3165,2021-05-10,1865.0,1898.0,1819.0,1863.0,56318741430,2071973,1345,1848.0,1846.0
3166,2021-05-11,1851.0,1940.0,1833.0,1882.0,47476469330,1727080,1082,1863.0,1876.0
3167,2021-05-12,1904.0,1904.0,1859.0,1881.0,35645618760,1299004,776,1882.0,1891.0
3168,2021-05-15,1898.0,1902.0,1821.0,1882.0,35204653220,1282049,665,1881.0,1885.0
3169,2021-05-16,1882.0,1976.0,1857.0,1939.0,68897665130,2434721,1248,1882.0,1960.0
3170,2021-05-17,1928.0,1974.0,1903.0,1941.0,35767181060,1263156,895,1939.0,1945.0
3171,2021-05-18,1961.0,1987.0,1885.0,1930.0,38572799650,1369367,784,1941.0,1887.0
3172,2021-05-19,1915.0,1915.0,1835.0,1837.0,41846424770,1561713,416,1930.0,1835.0
3173,2021-05-22,1745.0,1748.0,1745.0,1745.0,15753817820,618767,113,1837.0,1745.0
3174,2021-05-23,1658.0,1722.0,1658.0,1659.0,28746037600,1187301,281,1745.0,1658.0
3175,2021-05-24,1576.0,1644.0,1576.0,1580.0,24331751610,1055672,358,1659.0,1576.0
3176,2021-05-25,1509.0,1658.0,1509.0,1629.0,39260445750,1651725,516,1580.0,1641.0
3177,2021-05-26,1610.0,1710.0,1610.0,1682.0,19297864680,786125,657,1629.0,1710.0
3178,2021-05-29,1702.0,1766.0,1700.0,1765.0,56423918660,2190795,520,1682.0,1766.0
3179,2021-05-30,1832.0,1832.0,1700.0,1756.0,26109286220,1018630,776,1765.0,1700.0
3180,2021-05-31,1774.0,1774.0,1669.0,1675.0,29754202570,1217502,361,1756.0,1669.0
3181,2021-06-01,1721.0,1758.0,1676.0,1745.0,40268604960,1580907,660,1675.0,1758.0
3182,2021-06-02,1778.0,1828.0,1748.0,1785.0,22891096810,878904,768,1745.0,1779.0
3183,2021-06-07,1816.0,1830.0,1696.0,1730.0,38208602420,1513997,635,1785.0,1728.0
3184,2021-06-08,1724.0,1786.0,1648.0,1686.0,46996615460,1910744,522,1730.0,1676.0
3185,2021-06-09,1617.0,1709.0,1617.0,1667.0,14761148380,606766,328,1686.0,1689.0
3186,2021-06-12,1619.0,1709.0,1611.0,1644.0,17916670780,746760,332,1667.0,1629.0
3187,2021-06-13,1679.0,1679.0,1615.0,1652.0,8896042790,367910,242,1644.0,1654.0
3188,2021-06-14,1668.0,1684.0,1615.0,1648.0,26509029220,1102437,371,1652.0,1647.0
3189,2021-06-15,1678.0,1678.0,1600.0,1629.0,11783466330,497044,409,1648.0,1616.0
3190,2021-06-16,1643.0,1643.0,1563.0,1589.0,13705696190,591930,550,1629.0,1587.0
3191,2021-06-19,1641.0,1641.0,1589.0,1597.0,10918971030,467779,414,1589.0,1595.0
3192,2021-06-20,1576.0,1631.0,1528.0,1569.0,12213743980,535287,453,1597.0,1530.0
3193,2021-06-21,1576.0,1608.0,1528.0,1566.0,17369956830,760087,406,1569.0,1567.0
3194,2021-06-22,1623.0,1638.0,1576.0,1604.0,15038561370,642497,801,1566.0,1630.0
3195,2021-06-23,1631.0,1684.0,1593.0,1674.0,33957745470,1390251,604,1604.0,1684.0
3196,2021-06-26,1720.0,1758.0,1684.0,1739.0,36293203780,1430760,890,1674.0,1725.0
3197,2021-06-27,1725.0,1820.0,1679.0,1757.0,38930648980,1518251,935,1739.0,1748.0
3198,2021-06-28,1782.0,1814.0,1680.0,1720.0,26920872240,1072666,667,1757.0,1713.0
3199,2021-06-29,1741.0,1754.0,1690.0,1715.0,17051884250,681661,670,1720.0,1712.0
3200,2021-06-30,1741.0,1741.0,1629.0,1656.0,28839474740,1193108,689,1715.0,1652.0
3201,2021-07-03,1693.0,1693.0,1590.0,1614.0,19564072950,830634,510,1656.0,1598.0
3202,2021-07-04,1621.0,1643.0,1579.0,1617.0,15633358650,662571,397,1614.0,1608.0
3203,2021-07-05,1592.0,1676.0,1592.0,1646.0,16576598760,689994,399,1617.0,1645.0
3204,2021-07-06,1676.0,1728.0,1634.0,1708.0,33891646240,1360109,510,1646.0,1728.0
3205,2021-07-07,1775.0,1775.0,1652.0,1711.0,23893160560,956855,562,1708.0,1669.0
3206,2021-07-10,1658.0,1707.0,1639.0,1654.0,28764261570,1192211,485,1711.0,1646.0
3207,2021-07-11,1646.0,1700.0,1645.0,1681.0,18567468490,756778,610,1654.0,1691.0
3208,2021-07-12,1672.0,1748.0,1660.0,1697.0,27747848790,1120567,599,1681.0,1672.0
3209,2021-07-13,1647.0,1713.0,1634.0,1662.0,24547091230,1012103,507,1697.0,1645.0
3210,2021-07-14,1628.0,1737.0,1628.0,1697.0,33694520090,1361012,721,1662.0,1708.0
3211,2021-07-17,1719.0,1736.0,1663.0,1686.0,31590260390,1283932,765,1697.0,1671.0
3212,2021-07-31,1744.0,1832.0,1744.0,1794.0,40109100420,1597125,700,1686.0,1793.0
3213,2021-08-01,1829.0,1829.0,1733.0,1754.0,32236601930,1312631,803,1794.0,1743.0
3214,2021-08-02,1784.0,1784.0,1682.0,1714.0,22034757930,918092,577,1754.0,1686.0
3215,2021-08-03,1714.0,1714.0,1653.0,1672.0,16074089440,686627,447,1714.0,1671.0
3216,2021-08-04,1682.0,1725.0,1653.0,1682.0,16427606890,697771,534,1672.0,1691.0
3217,2021-08-07,1732.0,1765.0,1679.0,1761.0,52396084880,2125310,862,1682.0,1765.0
3218,2021-08-08,1785.0,1785.0,1686.0,1714.0,40604795830,1692915,965,1761.0,1696.0
3219,2021-08-09,1741.0,1741.0,1657.0,1714.0,26496702920,1104501,648,1714.0,1729.0
3220,2021-08-10,1739.0,1799.0,1715.0,1792.0,75738847300,3019792,801,1714.0,1799.0
3221,2021-08-11,1834.0,1878.0,1750.0,1822.0,58003247280,2275068,1248,1792.0,1814.0
3222,2021-08-14,1871.0,1871.0,1743.0,1776.0,65736175340,2644658,745,1822.0,1774.0
3223,2021-08-15,1743.0,1864.0,1743.0,1853.0,70276904280,2708784,732,1776.0,1864.0
3224,2021-08-22,1881.0,1945.0,1872.0,1938.0,114842313840,4233512,938,1853.0,1945.0
3225,2021-08-23,2015.0,2034.0,1947.0,2029.0,122038123390,4297041,629,1938.0,2034.0
3226,2021-08-24,2129.0,2130.0,2072.0,2129.0,42529832620,1426758,331,2029.0,2130.0
3227,2021-08-25,2236.0,2236.0,2172.0,2234.0,192361140490,6149715,1798,2129.0,2236.0
3228,2021-08-28,2322.0,2322.0,2164.0,2222.0,149617427380,4809411,2614,2234.0,2214.0
3229,2021-08-29,2225.0,2247.0,2112.0,2167.0,120587770500,3975071,1871,2222.0,2112.0
3230,2021-08-30,2061.0,2107.0,2059.0,2060.0,18880173560,654636,264,2167.0,2059.0
3231,2021-08-31,1957.0,2161.0,1957.0,2064.0,159382583570,5514296,1706,2060.0,2121.0
3232,2021-09-01,2167.0,2167.0,2114.0,2164.0,82627560340,2728045,698,2064.0,2167.0
3233,2021-09-04,2272.0,2272.0,2221.0,2272.0,36986060000,1163150,349,2164.0,2272.0
3234,2021-09-05,2384.0,2385.0,2298.0,2378.0,95803613390,2877643,796,2272.0,2385.0
3235,2021-09-06,2497.0,2497.0,2329.0,2457.0,201446370640,5856782,2010,2378.0,2421.0
3236,2021-09-07,2335.0,2580.0,2334.0,2517.0,276749862340,7856145,3541,2457.0,2521.0
3237,2021-09-08,2500.0,2532.0,2392.0,2442.0,128322466790,3753927,2355,2517.0,2422.0
3238,2021-09-11,2529.0,2563.0,2422.0,2515.0,127808687250,3629737,1736,2442.0,2493.0
3239,2021-09-12,2532.0,2532.0,2389.0,2404.0,23551917230,699781,378,2515.0,2389.0
3240,2021-09-13,2293.0,2429.0,2284.0,2307.0,126966369300,3930345,1430,2404.0,2314.0
3241,2021-09-14,2378.0,2419.0,2267.0,2316.0,80867243070,2494287,1171,2307.0,2287.0
3242,2021-09-15,2251.0,2321.0,2200.0,2213.0,91332080380,2948334,1351,2316.0,2207.0
3243,2021-09-18,2158.0,2249.0,2103.0,2128.0,60510999090,2031416,791,2213.0,2136.0
3244,2021-09-19,2122.0,2199.0,2034.0,2074.0,51680202290,1780116,737,2128.0,2111.0
3245,2021-09-20,2074.0,2162.0,2074.0,2126.0,38360128220,1289000,921,2074.0,2079.0
3246,2021-09-21,2126.0,2170.0,2020.0,2032.0,79965659530,2811128,854,2126.0,2022.0
3247,2021-09-22,2007.0,2099.0,1931.0,1982.0,51318559850,1849921,749,2032.0,2018.0
3248,2021-09-25,2014.0,2080.0,2001.0,2059.0,49160343560,1705952,637,1982.0,2032.0
3249,2021-09-26,2031.0,2098.0,1956.0,1972.0,46548654500,1686502,731,2059.0,1987.0
3250,2021-09-28,1999.0,2005.0,1936.0,1978.0,17403602730,628607,435,1972.0,1975.0
3251,2021-09-29,1965.0,2029.0,1941.0,1993.0,29516522730,1057914,621,1978.0,2019.0
3252,2021-10-02,2015.0,2071.0,2015.0,2042.0,34188396700,1195660,999,1993.0,2018.0
3253,2021-10-03,2063.0,2088.0,1968.0,2027.0,36267660760,1278378,533,2042.0,2004.0
3254,2021-10-04,1957.0,2054.0,1957.0,2028.0,25699913310,905287,959,2027.0,2037.0
3255,2021-10-06,2057.0,2071.0,2000.0,2032.0,21700104280,763014,698,2028.0,2019.0
3256,2021-10-09,2061.0,2061.0,1944.0,1962.0,18293618520,665881,410,2032.0,1944.0
3257,2021-10-10,1877.0,1986.0,1864.0,1894.0,44061654590,1662186,1320,1962.0,1891.0
3258,2021-10-11,1977.0,1977.0,1879.0,1922.0,39359294140,1463049,994,1894.0,1900.0
3259,2021-10-12,1858.0,1950.0,1826.0,1842.0,15911708560,616887,276,1922.0,1826.0
3260,2021-10-13,1758.0,1849.0,1751.0,1758.0,55535539340,2256587,620,1842.0,1786.0
3261,2021-10-16,1843.0,1846.0,1843.0,1846.0,18088258890,700051,162,1758.0,1846.0
3262,2021-10-17,1934.0,1934.0,1784.0,1854.0,40810747950,1571791,803,1846.0,1790.0
3263,2021-10-18,1801.0,1854.0,1762.0,1771.0,72836060540,2937561,781,1854.0,1784.0
3264,2021-10-20,1849.0,1849.0,1757.0,1794.0,17660189500,703087,602,1771.0,1787.0
3265,2021-10-23,1843.0,1843.0,1705.0,1709.0,92209378090,3852894,600,1794.0,1705.0
3266,2021-10-25,1774.0,1774.0,1624.0,1631.0,56215595070,2462583,720,1709.0,1629.0
3267,2021-10-26,1558.0,1712.0,1558.0,1686.0,40301224850,1707793,600,1631.0,1712.0
3268,2021-10-27,1764.0,1770.0,1713.0,1767.0,44718141740,1807879,612,1686.0,1770.0
3269,2021-10-30,1799.0,1799.0,1679.0,1684.0,38449272100,1630392,501,1767.0,1679.0
3270,2021-10-31,1679.0,1679.0,1601.0,1605.0,47075912630,2094814,590,1684.0,1601.0
3271,2021-11-01,1678.0,1685.0,1575.0,1673.0,26380137820,1126355,417,1605.0,1672.0
3272,2021-11-02,1678.0,1757.0,1643.0,1740.0,29025456570,1191472,686,1673.0,1750.0
3273,2021-11-03,1779.0,1814.0,1657.0,1754.0,25597644640,1042435,776,1740.0,1764.0
3274,2021-11-06,1786.0,1842.0,1754.0,1797.0,50686528040,2014999,997,1754.0,1772.0
3275,2021-11-07,1729.0,1786.0,1707.0,1734.0,27356607680,1126585,512,1797.0,1707.0
3276,2021-11-08,1657.0,1727.0,1657.0,1678.0,28942101710,1232339,590,1734.0,1674.0
3277,2021-11-09,1702.0,1743.0,1678.0,1718.0,14972803320,622647,383,1678.0,1718.0
3278,2021-11-10,1742.0,1784.0,1689.0,1730.0,8247429750,338725,349,1718.0,1731.0
3279,2021-11-13,1714.0,1782.0,1654.0,1704.0,13361410960,560955,417,1730.0,1710.0
3280,2021-11-14,1730.0,1736.0,1669.0,1694.0,15126545270,638081,421,1704.0,1679.0
3281,2021-11-15,1709.0,1709.0,1634.0,1673.0,9460950400,406535,277,1694.0,1652.0
3282,2021-11-16,1645.0,1693.0,1589.0,1617.0,29468313410,1302219,559,1673.0,1622.0
3283,2021-11-17,1657.0,1672.0,1614.0,1631.0,9147747890,398792,403,1617.0,1632.0
3284,2021-11-20,1682.0,1682.0,1555.0,1600.0,13712051240,612861,404,1631.0,1572.0
3285,2021-11-21,1552.0,1640.0,1543.0,1592.0,14186907740,636559,517,1600.0,1594.0
3286,2021-11-22,1639.0,1659.0,1615.0,1620.0,10146591710,443803,336,1592.0,1617.0
3287,2021-11-23,1638.0,1639.0,1574.0,1616.0,8578459590,380118,297,1620.0,1614.0
3288,2021-11-24,1579.0,1651.0,1549.0,1617.0,21668519930,957530,576,1616.0,1643.0
3289,2021-11-27,1629.0,1642.0,1536.0,1563.0,13275328620,608560,398,1617.0,1537.0
3290,2021-11-28,1537.0,1584.0,1485.0,1501.0,35559791170,1692549,687,1563.0,1493.0
3291,2021-11-29,1504.0,1540.0,1426.0,1435.0,58153719320,2894266,817,1501.0,1436.0
3292,2021-11-30,1429.0,1429.0,1364.0,1372.0,53693327920,2795964,826,1435.0,1364.0
3293,2021-12-01,1315.0,1367.0,1303.0,1309.0,35796772770,1952655,621,1372.0,1314.0
3294,2021-12-04,1333.0,1333.0,1244.0,1258.0,57001717850,3236870,729,1309.0,1245.0
3295,2021-12-05,1232.0,1317.0,1207.0,1279.0,32311276830,1804151,507,1258.0,1299.0
3296,2021-12-06,1314.0,1343.0,1286.0,1335.0,30188069070,1615287,340,1279.0,1343.0
3297,2021-12-07,1351.0,1402.0,1351.0,1394.0,44770738580,2293930,740,1335.0,1402.0
3298,2021-12-08,1420.0,1464.0,1402.0,1447.0,25656429320,1266120,643,1394.0,1457.0
3299,2021-12-11,1464.0,1464.0,1375.0,1389.0,23337694980,1199720,464,1447.0,1375.0
3300,2021-12-12,1329.0,1375.0,1320.0,1322.0,24746499060,1337754,407,1389.0,1320.0
3301,2021-12-13,1320.0,1341.0,1256.0,1259.0,23600844480,1339101,319,1322.0,1261.0
3302,2021-12-14,1264.0,1303.0,1235.0,1275.0,13714534960,768199,317,1259.0,1246.0
3303,2021-12-15,1229.0,1329.0,1227.0,1265.0,9109181360,516199,282,1275.0,1252.0
3304,2021-12-18,1266.0,1314.0,1265.0,1287.0,9181488810,503930,178,1265.0,1289.0
3305,2021-12-19,1300.0,1351.0,1257.0,1337.0,24403487600,1304608,405,1287.0,1351.0
3306,2021-12-20,1357.0,1401.0,1357.0,1369.0,14027061910,729270,339,1337.0,1382.0
3307,2021-12-21,1372.0,1437.0,1326.0,1420.0,24753091350,1245062,411,1369.0,1437.0
3308,2021-12-22,1457.0,1491.0,1422.0,1490.0,34855495850,1671104,296,1420.0,1491.0
3309,2021-12-25,1450.0,1552.0,1429.0,1494.0,28770128500,1375020,520,1490.0,1439.0
3310,2021-12-26,1437.0,1569.0,1437.0,1529.0,43070048190,2012848,606,1494.0,1569.0
3311,2021-12-27,1529.0,1605.0,1529.0,1575.0,9993067290,445189,155,1529.0,1605.0
3312,2021-12-28,1654.0,1654.0,1654.0,1654.0,16735852650,722931,140,1575.0,1654.0
3313,2021-12-29,1736.0,1736.0,1691.0,1734.0,158734983090,6540477,950,1654.0,1736.0
3314,2022-01-01,1772.0,1816.0,1682.0,1756.0,156642990720,6373104,1238,1734.0,1750.0
3315,2022-01-02,1755.0,1782.0,1669.0,1684.0,66869742830,2836597,995,1756.0,1669.0
3316,2022-01-03,1623.0,1693.0,1609.0,1650.0,24068705170,1042046,444,1684.0,1635.0
3317,2022-01-04,1686.0,1686.0,1568.0,1597.0,33314382500,1490355,348,1650.0,1576.0
3318,2022-01-05,1556.0,1676.0,1556.0,1670.0,60302432050,2579509,640,1597.0,1676.0
3319,2022-01-08,1714.0,1743.0,1597.0,1678.0,40420857310,1721104,458,1670.0,1679.0
3320,2022-01-09,1677.0,1677.0,1597.0,1639.0,10271315850,452036,244,1678.0,1597.0
3321,2022-01-10,1636.0,1719.0,1558.0,1637.0,23744629880,1036538,355,1639.0,1625.0
3322,2022-01-11,1597.0,1700.0,1597.0,1644.0,11245669770,487876,156,1637.0,1622.0
3323,2022-01-12,1615.0,1706.0,1570.0,1669.0,34783403770,1488469,401,1644.0,1644.0
3324,2022-01-15,1618.0,1729.0,1618.0,1677.0,20886235130,889349,339,1669.0,1679.0
3325,2022-01-16,1679.0,1697.0,1609.0,1673.0,15195214580,648730,258,1677.0,1679.0
3326,2022-01-17,1697.0,1728.0,1646.0,1683.0,11314953190,479210,234,1673.0,1650.0
3327,2022-01-18,1624.0,1679.0,1599.0,1605.0,20273306980,902280,254,1683.0,1607.0
3328,2022-01-19,1537.0,1679.0,1526.0,1603.0,6813718780,304019,147,1605.0,1610.0
3329,2022-01-22,1636.0,1679.0,1572.0,1599.0,9291972250,415655,147,1603.0,1607.0
3330,2022-01-23,1539.0,1594.0,1520.0,1527.0,47753214530,2234136,294,1599.0,1572.0
3331,2022-01-24,1529.0,1571.0,1454.0,1510.0,21619189360,1022662,327,1527.0,1529.0
3332,2022-01-25,1487.0,1571.0,1435.0,1448.0,32636813100,1610464,235,1510.0,1461.0
3333,2022-01-26,1419.0,1509.0,1419.0,1466.0,8371112750,404576,207,1448.0,1479.0
3334,2022-01-29,1461.0,1539.0,1461.0,1508.0,9894737930,461033,130,1466.0,1539.0
3335,2022-01-30,1572.0,1583.0,1570.0,1564.0,12255266820,553154,128,1508.0,1583.0
3336,2022-01-31,1585.0,1642.0,1585.0,1641.0,37921208840,1651082,291,1564.0,1642.0
3337,2022-02-01,1664.0,1686.0,1599.0,1651.0,10678518100,460485,204,1641.0,1652.0
3338,2022-02-02,1577.0,1733.0,1577.0,1717.0,48613498660,2022820,639,1651.0,1726.0
3339,2022-02-05,1718.0,1802.0,1656.0,1767.0,40981186400,1656307,496,1717.0,1802.0
3340,2022-02-06,1802.0,1855.0,1722.0,1810.0,83322742030,3287701,1161,1767.0,1799.0
3341,2022-02-07,1751.0,1764.0,1720.0,1730.0,18185672710,750950,376,1810.0,1720.0
3342,2022-02-08,1658.0,1781.0,1657.0,1702.0,27350260990,1147612,496,1730.0,1721.0
3343,2022-02-09,1743.0,1764.0,1643.0,1715.0,25285004690,1053096,376,1702.0,1675.0
3344,2022-02-12,1651.0,1699.0,1629.0,1639.0,20804711790,907083,417,1715.0,1629.0
3345,2022-02-13,1629.0,1629.0,1557.0,1567.0,19043974600,868243,379,1639.0,1557.0
3346,2022-02-14,1509.0,1634.0,1509.0,1595.0,9155168330,406126,300,1567.0,1586.0
3347,2022-02-16,1602.0,1643.0,1543.0,1557.0,18166535170,833771,276,1595.0,1567.0
3348,2022-02-19,1625.0,1633.0,1572.0,1621.0,17784185770,783823,244,1557.0,1625.0
3349,2022-02-20,1632.0,1674.0,1575.0,1619.0,4168801820,184297,190,1621.0,1602.0
3350,2022-02-21,1564.0,1642.0,1539.0,1586.0,14941701610,673435,319,1619.0,1575.0
3351,2022-02-22,1592.0,1607.0,1543.0,1560.0,17581853290,805151,199,1586.0,1570.0
3352,2022-02-23,1614.0,1635.0,1543.0,1604.0,45411940040,2022842,389,1560.0,1622.0
3353,2022-02-26,1635.0,1635.0,1544.0,1597.0,8474028850,380535,212,1604.0,1569.0
3354,2022-02-27,1553.0,1600.0,1553.0,1584.0,9440921940,427748,230,1597.0,1595.0
3355,2022-02-28,1572.0,1632.0,1564.0,1582.0,25064152210,1131811,232,1584.0,1608.0
3356,2022-03-02,1632.0,1654.0,1601.0,1607.0,9636273900,424768,290,1582.0,1607.0
3357,2022-03-05,1657.0,1657.0,1586.0,1616.0,12578052030,555400,333,1607.0,1622.0
3358,2022-03-06,1593.0,1673.0,1590.0,1633.0,27426792380,1199970,376,1616.0,1667.0
3359,2022-03-07,1674.0,1714.0,1659.0,1712.0,47369831120,1977027,457,1633.0,1682.0
3360,2022-03-08,1664.0,1779.0,1643.0,1728.0,34746248080,1436276,479,1712.0,1728.0
3361,2022-03-09,1777.0,1777.0,1648.0,1687.0,25003355740,1058714,342,1728.0,1648.0
3362,2022-03-12,1689.0,1768.0,1673.0,1730.0,41391888490,1708929,485,1687.0,1689.0
3363,2022-03-13,1670.0,1707.0,1644.0,1652.0,20850681130,901313,422,1730.0,1644.0
3364,2022-03-14,1627.0,1678.0,1570.0,1583.0,30007397120,1354018,570,1652.0,1570.0
3365,2022-03-15,1614.0,1614.0,1529.0,1564.0,12326858190,563686,278,1583.0,1572.0
3366,2022-03-16,1536.0,1599.0,1501.0,1554.0,17880634380,821705,354,1564.0,1560.0
3367,2022-03-19,1562.0,1620.0,1559.0,1567.0,8429547650,382036,239,1554.0,1575.0
3368,2022-03-26,1611.0,1642.0,1579.0,1615.0,23312232010,1030971,499,1567.0,1634.0
3369,2022-03-27,1642.0,1696.0,1589.0,1649.0,40016156090,1733901,521,1615.0,1696.0
3370,2022-03-28,1707.0,1731.0,1665.0,1719.0,31148807550,1294542,313,1649.0,1731.0
3371,2022-03-29,1803.0,1803.0,1664.0,1717.0,21314233870,886658,333,1719.0,1719.0
3372,2022-03-30,1717.0,1746.0,1679.0,1715.0,9148968440,381453,202,1717.0,1717.0
3373,2022-04-03,1743.0,1772.0,1700.0,1729.0,12813533710,528642,297,1715.0,1737.0
3374,2022-04-04,1768.0,1768.0,1687.0,1716.0,14841448960,617986,278,1729.0,1714.0
3375,2022-04-05,1687.0,1760.0,1687.0,1727.0,17899202630,740306,233,1716.0,1750.0
3376,2022-04-06,1750.0,1786.0,1697.0,1737.0,14187175170,583047,298,1727.0,1706.0
3377,2022-04-09,1697.0,1770.0,1697.0,1722.0,17824356600,739231,199,1737.0,1727.0
3378,2022-04-10,1785.0,1786.0,1714.0,1737.0,17759971380,730343,237,1722.0,1743.0
3379,2022-04-11,1770.0,1784.0,1728.0,1749.0,18421406790,752185,348,1737.0,1784.0
3380,2022-04-12,1772.0,1807.0,1736.0,1779.0,51654797740,2073933,744,1749.0,1753.0
3381,2022-04-13,1722.0,1868.0,1722.0,1854.0,59324206630,2284987,659,1779.0,1868.0
3382,2022-04-16,1927.0,1947.0,1887.0,1944.0,24495416110,900271,263,1854.0,1947.0
3383,2022-04-17,2007.0,2007.0,1893.0,1939.0,45003714690,1658162,882,1944.0,1920.0
3384,2022-04-18,1984.0,2054.0,1926.0,2019.0,58941382970,2085989,871,1939.0,1991.0
3385,2022-04-19,1992.0,2035.0,1929.0,1967.0,28792963750,1045988,533,2019.0,1954.0
3386,2022-04-20,1880.0,1964.0,1852.0,1876.0,37718127180,1436512,834,1967.0,1864.0
3387,2022-04-24,1851.0,1917.0,1800.0,1828.0,23031496320,899974,553,1876.0,1818.0
3388,2022-04-25,1822.0,1937.0,1814.0,1910.0,43795399780,1637880,762,1828.0,1937.0
3389,2022-04-26,1956.0,2014.0,1914.0,1962.0,28645099220,1043278,545,1910.0,1914.0
3390,2022-04-27,1942.0,1999.0,1893.0,1909.0,16354145890,611911,410,1962.0,1924.0
3391,2022-04-30,1895.0,1954.0,1868.0,1887.0,15305735740,579224,348,1909.0,1872.0
3392,2022-05-01,1875.0,1932.0,1847.0,1862.0,20969678810,804376,392,1887.0,1879.0
3393,2022-05-02,1904.0,1974.0,1837.0,1939.0,27395602330,1009391,455,1862.0,1974.0
3394,2022-05-07,1992.0,2022.0,1907.0,1980.0,26683226620,962728,563,1939.0,1951.0
3395,2022-05-08,1979.0,2002.0,1923.0,1942.0,20729830730,762703,477,1980.0,1936.0
3396,2022-05-09,1972.0,1972.0,1825.0,1870.0,28053040970,1071717,596,1942.0,1856.0
3397,2022-05-10,1890.0,1919.0,1818.0,1867.0,22171602260,848230,358,1870.0,1902.0
3398,2022-05-11,1889.0,1979.0,1880.0,1974.0,56786181070,2055141,443,1867.0,1979.0
3399,2022-05-14,2092.0,2092.0,2092.0,2092.0,26677622880,911121,169,1974.0,2092.0
3400,2022-05-15,2217.0,2217.0,2217.0,2217.0,39163521540,1262118,219,2092.0,2217.0
3401,2022-05-16,2349.0,2349.0,2243.0,2308.0,249259015340,7714789,2056,2217.0,2349.0
3402,2022-05-17,2303.0,2413.0,2209.0,2301.0,65381304160,2029762,934,2308.0,2262.0
3403,2022-05-18,2250.0,2285.0,2163.0,2201.0,36877638240,1197013,579,2301.0,2197.0
3404,2022-05-21,2275.0,2332.0,2143.0,2307.0,92281795790,2856799,816,2201.0,2332.0
3405,2022-05-22,2357.0,2429.0,2329.0,2399.0,122718572750,3654633,1169,2307.0,2390.0
3406,2022-05-23,2427.0,2439.0,2255.0,2301.0,98840853590,3068779,813,2399.0,2265.0
3407,2022-05-24,2170.0,2372.0,2170.0,2290.0,26681152170,832351,477,2301.0,2304.0
3408,2022-05-25,2372.0,2412.0,2322.0,2366.0,69506225050,2098453,581,2290.0,2397.0
3409,2022-05-28,2412.0,2412.0,2274.0,2298.0,31130227390,967664,448,2366.0,2299.0
3410,2022-05-29,2215.0,2357.0,2180.0,2219.0,18355204520,590908,444,2298.0,2215.0
3411,2022-05-30,2249.0,2322.0,2189.0,2235.0,26529737990,847868,376,2219.0,2197.0
3412,2022-05-31,2272.0,2279.0,2182.0,2224.0,16067698290,515967,265,2235.0,2229.0
3413,2022-06-01,2247.0,2250.0,2179.0,2204.0,15310892810,496061,226,2224.0,2214.0
3414,2022-06-06,2179.0,2214.0,2072.0,2084.0,45594875280,1563228,405,2204.0,2072.0
3415,2022-06-07,2042.0,2161.0,2000.0,2093.0,18003010730,614520,290,2084.0,2087.0
3416,2022-06-08,2136.0,2178.0,2072.0,2134.0,13595346450,454338,234,2093.0,2141.0
3417,2022-06-11,2057.0,2122.0,2038.0,2077.0,12223842950,422461,246,2134.0,2043.0
3418,2022-06-12,2081.0,2164.0,2080.0,2102.0,14142954580,480504,202,2077.0,2114.0
3419,2022-06-13,2179.0,2200.0,2135.0,2153.0,19545978890,648491,248,2102.0,2143.0
3420,2022-06-14,2152.0,2279.0,2152.0,2226.0,27627975210,886609,470,2153.0,2225.0
3421,2022-06-15,2279.0,2279.0,2143.0,2190.0,13283952530,434429,282,2226.0,2180.0
3422,2022-06-18,2233.0,2233.0,2060.0,2121.0,11685472760,396627,285,2190.0,2100.0
3423,2022-06-19,2052.0,2248.0,2052.0,2234.0,90307755470,2887240,682,2121.0,2248.0
3424,2022-06-20,2350.0,2350.0,2215.0,2292.0,26225307340,817449,518,2234.0,2250.0
3425,2022-06-21,2275.0,2282.0,2201.0,2248.0,9452482360,303963,325,2292.0,2222.0
3426,2022-06-22,2248.0,2248.0,2175.0,2220.0,7952860710,258758,269,2248.0,2224.0
3427,2022-06-25,2219.0,2219.0,2087.0,2104.0,36086944920,1225076,498,2220.0,2088.0
3428,2022-06-26,2157.0,2157.0,2001.0,2042.0,11867654800,417076,300,2104.0,2035.0
3429,2022-06-27,1932.0,2069.0,1932.0,2010.0,9474210480,339062,233,2042.0,2009.0
3430,2022-06-28,1959.0,2114.0,1952.0,2011.0,8041587710,285529,259,2010.0,2022.0
3431,2022-06-29,2043.0,2092.0,2000.0,2042.0,14880463200,520518,330,2011.0,2022.0
3432,2022-07-02,2107.0,2107.0,1946.0,1992.0,12039719210,434078,251,2042.0,1972.0
3433,2022-07-03,1909.0,2014.0,1909.0,1989.0,11994833960,430918,254,1992.0,2007.0
3434,2022-07-04,2007.0,2064.0,1970.0,2001.0,4902419750,172830,135,1989.0,2017.0
3435,2022-07-05,2042.0,2105.0,2042.0,2039.0,7866507070,270729,260,2001.0,2079.0
3436,2022-07-06,2023.0,2082.0,1964.0,2002.0,10895050320,391136,251,2039.0,1985.0
3437,2022-07-09,1949.0,2000.0,1936.0,1987.0,6594725750,239489,168,2002.0,1961.0
3438,2022-07-11,2093.0,2093.0,1943.0,2018.0,18397081290,651151,352,1987.0,1997.0
3439,2022-07-12,2052.0,2052.0,1964.0,2012.0,8309699820,295642,176,2018.0,2009.0
3440,2022-07-13,1957.0,2043.0,1957.0,1995.0,8276294030,298375,190,2012.0,1978.0
3441,2022-07-16,2029.0,2029.0,1900.0,1984.0,5462774420,198565,144,1995.0,1964.0
3442,2022-07-17,1939.0,1992.0,1933.0,1960.0,14030526690,511717,296,1984.0,1951.0
3443,2022-07-26,1843.0,1904.0,1843.0,1846.0,14396015240,612952,242,1960.0,1857.0
3444,2022-07-27,1881.0,1898.0,1796.0,1847.0,6200354170,263643,137,1846.0,1827.0
3445,2022-07-30,1958.0,1958.0,1904.0,1957.0,36870737000,1480735,393,1847.0,1958.0
3446,2022-07-31,2043.0,2043.0,1841.0,1908.0,14452210670,596247,307,1957.0,1894.0
3447,2022-08-01,1840.0,1925.0,1840.0,1899.0,5631198620,235072,187,1908.0,1865.0
3448,2022-08-02,1925.0,1925.0,1809.0,1882.0,6765187020,285868,182,1899.0,1832.0
3449,2022-08-03,1837.0,1956.0,1837.0,1889.0,6833079010,282850,218,1882.0,1903.0
3450,2022-08-06,1926.0,1988.0,1911.0,1905.0,4896728600,198492,119,1889.0,1926.0
3451,2022-08-09,1980.0,1980.0,1886.0,1905.0,2625429660,108247,117,1905.0,1902.0
3452,2022-08-10,1873.0,2019.0,1873.0,2016.0,61314970280,2390056,335,1905.0,2019.0
3453,2022-08-13,2136.0,2136.0,2086.0,2135.0,42109411710,1549802,179,2016.0,2136.0
3454,2022-08-14,2191.0,2201.0,2075.0,2142.0,26635925540,977513,429,2135.0,2106.0
3455,2022-08-15,2085.0,2145.0,2014.0,2050.0,29106723040,1116223,399,2142.0,2098.0
3456,2022-08-16,2013.0,2071.0,1957.0,2005.0,12618425690,496665,223,2050.0,1965.0
3457,2022-08-17,1933.0,1965.0,1885.0,1905.0,14785444230,609841,349,2005.0,1888.0
3458,2022-08-20,1888.0,1996.0,1886.0,1939.0,13822091750,559287,220,1905.0,1952.0
3459,2022-08-21,1905.0,1979.0,1871.0,1920.0,9773205400,402161,203,1939.0,1916.0
3460,2022-08-22,1875.0,1969.0,1875.0,1912.0,6390168540,264070,155,1920.0,1897.0
3461,2022-08-23,1952.0,1980.0,1900.0,1931.0,6404739010,257056,187,1912.0,1959.0
3462,2022-08-24,2024.0,2047.0,1950.0,2026.0,19712767470,764583,315,1931.0,2047.0
3463,2022-08-27,2130.0,2130.0,2025.0,2048.0,7645902920,290157,221,2026.0,2025.0
3464,2022-08-28,1970.0,2056.0,1970.0,2035.0,6436422020,250692,165,2048.0,2043.0
3465,2022-08-29,2055.0,2177.0,2033.0,2145.0,27229576080,997679,438,2035.0,2177.0
3466,2022-08-30,2146.0,2216.0,2110.0,2154.0,18087300370,659865,320,2145.0,2144.0
3467,2022-08-31,2106.0,2130.0,2006.0,2051.0,26674147430,1022052,413,2154.0,2060.0
3468,2022-09-03,2114.0,2114.0,1952.0,2011.0,9528001140,376388,205,2051.0,1981.0
3469,2022-09-04,1952.0,2075.0,1952.0,2029.0,9605960830,370158,226,2011.0,2024.0
3470,2022-09-05,1966.0,2100.0,1966.0,2023.0,5246416710,204931,198,2029.0,2006.0
3471,2022-09-06,2057.0,2057.0,1973.0,2000.0,11218864100,442228,192,2023.0,2012.0
3472,2022-09-07,2034.0,2034.0,1965.0,1996.0,3704290540,146673,119,2000.0,2016.0
3473,2022-09-10,1970.0,2036.0,1926.0,1989.0,6961578760,276068,177,1996.0,1975.0
3474,2022-09-11,1975.0,2058.0,1934.0,1980.0,6018074350,240581,150,1989.0,1973.0
3475,2022-09-12,1940.0,2008.0,1933.0,1968.0,11102519000,444172,156,1980.0,1985.0
3476,2022-09-13,1985.0,2030.0,1965.0,1971.0,4953889090,196845,120,1968.0,1988.0
3477,2022-09-14,2037.0,2037.0,1942.0,1968.0,4118186250,165077,111,1971.0,1965.0
3478,2022-09-18,1965.0,1965.0,1902.0,1948.0,6715998260,274222,138,1968.0,1952.0
3479,2022-09-19,1895.0,1957.0,1895.0,1943.0,2826504820,115714,77,1948.0,1926.0
3480,2022-09-20,1993.0,2079.0,1984.0,2076.0,79358590340,3003493,483,1943.0,2079.0
3481,2022-09-21,2107.0,2171.0,1992.0,2076.0,47874631490,1812358,662,2076.0,2067.0
3482,2022-09-24,1994.0,2102.0,1932.0,1978.0,22982830130,913275,355,2076.0,1999.0
3483,2022-09-26,1996.0,2117.0,1996.0,2105.0,56636230250,2115092,330,1978.0,2117.0
3484,2022-09-28,2134.0,2252.0,2130.0,2244.0,87073609000,3049718,604,2105.0,2252.0
3485,2022-10-01,2279.0,2279.0,2110.0,2167.0,25187620020,913551,485,2244.0,2138.0
3486,2022-10-02,2166.0,2200.0,2067.0,2140.0,28462740890,1045463,342,2167.0,2200.0
3487,2022-10-03,2240.0,2278.0,2130.0,2208.0,26486820960,942874,438,2140.0,2176.0
3488,2022-10-04,2197.0,2197.0,2087.0,2128.0,16046426080,592754,316,2208.0,2130.0
3489,2022-10-08,2201.0,2276.0,2142.0,2257.0,40097670430,1396031,426,2128.0,2231.0
3490,2022-10-09,2138.0,2271.0,2099.0,2113.0,42588803260,1583853,428,2257.0,2106.0
3491,2022-10-10,2106.0,2161.0,2036.0,2110.0,14230103710,530004,224,2113.0,2135.0
3492,2022-10-11,2177.0,2177.0,2119.0,2122.0,8583901130,316616,151,2110.0,2130.0
3493,2022-10-12,2170.0,2185.0,2107.0,2131.0,9817069730,361098,160,2122.0,2122.0
3494,2022-10-15,2129.0,2129.0,2068.0,2107.0,7397526350,279077,183,2131.0,2080.0
3495,2022-10-16,2036.0,2114.0,1966.0,2041.0,10500695890,409027,270,2107.0,2006.0
3496,2022-10-17,1985.0,2076.0,1949.0,1984.0,15927674950,631083,300,2041.0,1951.0
3497,2022-10-18,2036.0,2065.0,1969.0,1991.0,12241754660,482966,260,1984.0,2032.0
3498,2022-10-19,2047.0,2047.0,1973.0,1992.0,7701668670,303902,139,1991.0,1992.0
3499,2022-10-22,2043.0,2043.0,1972.0,1998.0,30848690560,1213612,547,1992.0,1973.0
3500,2022-11-30,2136.0,2136.0,2136.0,2136.0,16722613530,3079671,100,1998.0,2136.0
3501,2022-12-03,2285.0,2285.0,2159.0,2238.0,128279595550,22525398,1727,2136.0,2159.0
3502,2022-12-04,2143.0,2222.0,2092.0,2147.0,47174347000,8639304,1076,2238.0,2092.0
3503,2022-12-05,2143.0,2167.0,2061.0,2096.0,26114602720,4903105,621,2147.0,2084.0
3504,2022-12-06,2128.0,2128.0,2033.0,2057.0,24999211400,4780743,608,2096.0,2073.0
3505,2022-12-07,2088.0,2088.0,1974.0,2033.0,22275815250,4311513,571,2057.0,1998.0
3506,2022-12-10,1994.0,2033.0,1962.0,1986.0,13902206520,2757077,426,2033.0,1966.0
3507,2022-12-11,1998.0,2002.0,1962.0,1986.0,13359455940,2645686,305,1986.0,2002.0
3508,2022-12-12,1978.0,2069.0,1978.0,2018.0,11568620990,2244177,299,1986.0,2025.0
3509,2022-12-13,2065.0,2155.0,2029.0,2128.0,43906632060,8110064,728,2018.0,2155.0
3510,2022-12-14,2175.0,2238.0,2124.0,2167.0,29518250160,5355817,732,2128.0,2124.0
3511,2022-12-17,2159.0,2159.0,2080.0,2108.0,21819329950,4069413,536,2167.0,2104.0
3512,2022-12-18,2088.0,2167.0,2088.0,2139.0,21868010180,4019956,375,2108.0,2124.0
3513,2022-12-19,2183.0,2183.0,2084.0,2112.0,12113644760,2262690,335,2139.0,2100.0
3514,2022-12-20,2073.0,2143.0,2025.0,2053.0,23889188620,4580800,470,2112.0,2045.0
3515,2022-12-25,2195.0,2195.0,2195.0,2143.0,10350079740,1854853,64,2053.0,2195.0
3516,2022-12-26,2293.0,2293.0,2293.0,2293.0,19225678450,3297715,161,2143.0,2293.0
3517,2022-12-28,2450.0,2450.0,2450.0,2450.0,62060437810,9961547,312,2293.0,2450.0
3518,2022-12-31,2450.0,2619.0,2281.0,2509.0,214434934630,33587009,2461,2450.0,2600.0
3519,2023-01-01,2659.0,2682.0,2517.0,2635.0,201904980690,30128250,2433,2509.0,2627.0
3520,2023-01-02,2659.0,2753.0,2497.0,2631.0,123975502440,18528426,1723,2635.0,2592.0
3521,2023-01-03,2655.0,2741.0,2548.0,2627.0,70572003480,10566143,1162,2631.0,2576.0
3522,2023-01-04,2556.0,2596.0,2493.0,2529.0,58772500080,9135892,898,2627.0,2545.0
3523,2023-01-07,2556.0,2706.0,2529.0,2690.0,111324500310,16270781,920,2529.0,2706.0
3524,2023-01-08,2816.0,2875.0,2741.0,2832.0,166538641700,23144960,2206,2690.0,2792.0
3525,2023-01-09,2828.0,2832.0,2725.0,2784.0,87543544380,12362375,1391,2832.0,2800.0
3526,2023-01-10,2824.0,2871.0,2765.0,2816.0,86341247620,12060905,1223,2784.0,2792.0
3527,2023-01-11,2851.0,2883.0,2733.0,2796.0,60974548140,8574432,986,2816.0,2753.0
3528,2023-01-14,2745.0,2871.0,2643.0,2796.0,68431448590,9624123,858,2796.0,2832.0
3529,2023-01-16,2883.0,2989.0,2847.0,2969.0,119125762750,15782608,1307,2796.0,2989.0
3530,2023-01-17,3064.0,3123.0,2895.0,2977.0,74501888900,9839084,1124,2969.0,2918.0
3531,2023-01-18,2918.0,3087.0,2851.0,2973.0,49440970690,6536714,860,2977.0,2926.0
3532,2023-01-21,2926.0,2926.0,2769.0,2804.0,70383545810,9868758,1205,2973.0,2784.0
3533,2023-01-22,2757.0,2832.0,2635.0,2729.0,48406585830,6972184,840,2804.0,2773.0
3534,2023-01-23,2757.0,2832.0,2576.0,2702.0,44856604760,6532463,847,2729.0,2722.0
3535,2023-01-24,2706.0,2891.0,2706.0,2843.0,93800315220,12978852,867,2702.0,2891.0
3536,2023-01-25,3009.0,3040.0,2879.0,3024.0,397618563340,51675741,2569,2843.0,3040.0
3537,2023-01-28,3075.0,3233.0,3048.0,3217.0,375338375860,45869372,2799,3024.0,3233.0
3538,2023-01-29,3217.0,3217.0,2993.0,3024.0,115468764370,15023058,711,3217.0,2993.0
3539,2023-01-30,2824.0,3020.0,2816.0,2875.0,217235920940,29731458,2814,3024.0,2930.0
3540,2023-01-31,2950.0,3075.0,2950.0,3056.0,126002721220,16208208,1229,2875.0,3075.0
3541,2023-02-01,3103.0,3225.0,2981.0,3083.0,92202707110,11754115,1055,3056.0,3028.0
3542,2023-02-05,3115.0,3115.0,2871.0,2918.0,94743163730,12774313,2430,3083.0,2871.0
3543,2023-02-06,2769.0,3048.0,2737.0,2914.0,79740104530,10756402,1637,2918.0,3032.0
3544,2023-02-07,3048.0,3111.0,2993.0,3064.0,43807245680,5620260,560,2914.0,3028.0
3545,2023-02-08,3087.0,3087.0,2942.0,2993.0,30280159200,3977071,577,3064.0,2985.0
3546,2023-02-12,3009.0,3009.0,2867.0,2918.0,28645419100,3861516,443,2993.0,2910.0
3547,2023-02-13,2918.0,3005.0,2792.0,2855.0,35949191510,4953037,680,2918.0,2855.0
3548,2023-02-14,2839.0,2879.0,2678.0,2792.0,59000583070,8307604,784,2855.0,2800.0
3549,2023-02-15,2792.0,2891.0,2663.0,2722.0,52725961550,7620114,910,2792.0,2674.0
3550,2023-02-19,2647.0,2902.0,2647.0,2781.0,46968851840,6640799,552,2722.0,2792.0
3551,2023-02-20,2891.0,2973.0,2879.0,2961.0,53324933940,7084654,402,2781.0,2973.0
3552,2023-02-21,3119.0,3166.0,3083.0,3158.0,121239715240,15103181,802,2961.0,3166.0
3553,2023-02-22,3205.0,3225.0,3083.0,3170.0,68872574390,8542579,713,3158.0,3193.0
3554,2023-02-25,3292.0,3390.0,3292.0,3382.0,52138672470,6060671,400,3170.0,3390.0
3555,2023-02-26,3618.0,3618.0,3304.0,3488.0,169557149180,19124898,1608,3382.0,3355.0
3556,2023-02-27,3323.0,3433.0,3245.0,3280.0,143278655500,17174792,1690,3488.0,3245.0
3557,2023-02-28,3186.0,3343.0,3146.0,3260.0,70681647480,8529373,865,3280.0,3229.0
3558,2023-03-01,3193.0,3315.0,3107.0,3221.0,54202733950,6622025,770,3260.0,3115.0
3559,2023-03-04,3103.0,3217.0,3036.0,3107.0,42125788690,5332411,1766,3221.0,3107.0
3560,2023-03-05,3072.0,3209.0,3072.0,3123.0,21505406470,2708338,386,3107.0,3107.0
3561,2023-03-06,3107.0,3209.0,3032.0,3123.0,32307948820,4071274,458,3123.0,3138.0
3562,2023-03-07,3162.0,3233.0,3127.0,3190.0,26972581340,3325332,380,3123.0,3186.0
3563,2023-03-11,3146.0,3410.0,3146.0,3343.0,117854313250,13867841,1150,3190.0,3319.0
3564,2023-03-12,3343.0,3343.0,3134.0,3213.0,29104427660,3561352,517,3343.0,3170.0
3565,2023-03-13,3158.0,3256.0,3072.0,3162.0,29619650270,3684974,510,3213.0,3158.0
3566,2023-03-14,3111.0,3213.0,3079.0,3111.0,35131421770,4443863,615,3162.0,3087.0
3567,2023-03-15,3091.0,3327.0,3091.0,3268.0,69476049790,8361363,692,3111.0,3327.0
3568,2023-03-18,3351.0,3496.0,3343.0,3484.0,58514569370,6607387,480,3268.0,3496.0
3569,2023-03-19,3575.0,3717.0,3492.0,3520.0,44903031930,5019480,615,3484.0,3496.0
3570,2023-03-25,3512.0,3689.0,3453.0,3528.0,56092813560,6253464,617,3520.0,3512.0
3571,2023-03-26,3650.0,3717.0,3469.0,3563.0,32885567120,3629429,565,3528.0,3492.0
3572,2023-03-27,3618.0,3618.0,3449.0,3524.0,43272695870,4828354,909,3563.0,3575.0
3573,2023-03-28,3540.0,3642.0,3469.0,3536.0,32117796800,3573402,515,3524.0,3520.0
3574,2023-03-29,3500.0,3618.0,3488.0,3583.0,47674326000,5235343,670,3536.0,3602.0
3575,2023-04-03,3642.0,3831.0,3461.0,3756.0,88488516440,9269923,1015,3583.0,3831.0
3576,2023-04-04,4000.0,4000.0,3736.0,3870.0,77350353350,7859207,950,3756.0,3811.0
3577,2023-04-05,3917.0,4106.0,3658.0,3956.0,170626119720,16967782,1081,3870.0,4067.0
3578,2023-04-08,4129.0,4232.0,4129.0,4224.0,117271066240,10924018,544,3956.0,4232.0
3579,2023-04-09,4503.0,4519.0,4326.0,4503.0,269883827350,23578285,1525,4224.0,4519.0
3580,2023-04-10,4798.0,4806.0,4562.0,4763.0,22259395260,1838516,174,4503.0,4798.0
3581,2023-04-15,5093.0,5093.0,5093.0,5093.0,80682877100,6230338,401,4763.0,5093.0
3582,2023-04-16,5447.0,5447.0,5211.0,5388.0,346575399820,25304898,2116,5093.0,5246.0
3583,2023-04-17,5427.0,5427.0,5014.0,5140.0,258731309170,19795958,3076,5388.0,5121.0
3584,2023-04-18,5246.0,5368.0,4912.0,5105.0,190438644580,14675437,2762,5140.0,5093.0
3585,2023-04-19,5046.0,5207.0,4837.0,5046.0,122751152140,9566213,1950,5105.0,5026.0
3586,2023-04-24,5168.0,5172.0,4841.0,5018.0,111217212880,8716197,1444,5046.0,5069.0
3587,2023-04-25,5022.0,5368.0,5022.0,5282.0,207741914830,15470959,1903,5018.0,5305.0
3588,2023-04-26,5368.0,5514.0,5152.0,5325.0,108928475640,8042652,1273,5282.0,5183.0
3589,2023-04-29,5309.0,5695.0,5231.0,5596.0,153592992600,10791845,1660,5325.0,5655.0
3590,2023-04-30,5762.0,5887.0,5388.0,5471.0,159462004150,11462801,2072,5596.0,5412.0
3591,2023-05-01,5506.0,5596.0,5235.0,5337.0,139889644620,10310737,1692,5471.0,5305.0
3592,2023-05-02,5337.0,5427.0,5211.0,5282.0,159152286290,11849247,1873,5337.0,5286.0
3593,2023-05-03,5427.0,5651.0,5294.0,5616.0,517295430050,36232804,2575,5282.0,5651.0
3594,2023-05-06,6005.0,6005.0,6005.0,6005.0,71457354570,4679591,269,5616.0,6005.0
3595,2023-05-07,6422.0,6422.0,6029.0,6391.0,1062615693580,65397054,5712,6005.0,6422.0
3596,2023-05-08,6391.0,6489.0,5946.0,6064.0,394938439510,25609697,2580,6391.0,5946.0
3597,2023-05-09,5781.0,6485.0,5781.0,6395.0,357979319600,22017511,1755,6064.0,6485.0
3598,2023-05-10,6839.0,6839.0,6410.0,6717.0,721927362120,42277140,4298,6395.0,6839.0
3599,2023-05-13,6843.0,7067.0,6249.0,6430.0,336821047500,20599142,2612,6717.0,6481.0
3600,2023-05-14,6450.0,6804.0,6175.0,6442.0,329603561930,20122396,2548,6430.0,6214.0
3601,2023-05-15,6175.0,6890.0,6175.0,6784.0,1135405722150,65820187,3786,6442.0,6804.0
3602,2023-05-17,6957.0,7177.0,6493.0,6788.0,657207778640,38071590,3624,6784.0,6658.0
3603,2023-05-20,6662.0,6662.0,6316.0,6344.0,394322472800,24440587,2215,6788.0,6316.0
3604,2023-05-21,6017.0,6477.0,5903.0,6127.0,536502222170,34433349,2987,6344.0,6422.0
3605,2023-05-22,6548.0,6556.0,6442.0,6552.0,254687772190,15289907,820,6127.0,6556.0
3606,2023-05-23,6882.0,7000.0,6564.0,6812.0,430451122340,24853436,2695,6552.0,6607.0
3607,2023-05-24,6560.0,6761.0,6348.0,6473.0,208998327030,12699785,1840,6812.0,6387.0
3608,2023-05-27,6135.0,6410.0,6021.0,6060.0,175496611480,11387244,1309,6473.0,6021.0
3609,2023-05-28,5825.0,6281.0,5640.0,5789.0,231550912160,15732585,1682,6060.0,5714.0
3610,2023-05-29,6194.0,6194.0,6194.0,6194.0,189203742000,12012936,497,5789.0,6194.0
3611,2023-05-30,6371.0,6391.0,6037.0,6245.0,156869788510,9877374,1289,6194.0,6116.0
3612,2023-05-31,6293.0,6328.0,5809.0,5927.0,143716185760,9538547,1395,6245.0,5954.0
3613,2023-06-03,5825.0,6127.0,5825.0,6017.0,74870544740,4891928,710,5927.0,5970.0
3614,2023-06-06,6234.0,6234.0,5876.0,6001.0,79576384570,5215526,934,6017.0,6017.0
3615,2023-06-07,6076.0,6418.0,5880.0,6359.0,444113150590,27463552,2207,6001.0,6418.0
3616,2023-06-10,6568.0,6568.0,5919.0,6359.0,149415016230,9242560,1576,6359.0,6430.0
3617,2023-06-11,6548.0,6548.0,6194.0,6414.0,161893613170,9927088,1073,6359.0,6446.0
3618,2023-06-12,6466.0,6469.0,5966.0,6025.0,139383232520,9097731,1252,6414.0,5970.0
3619,2023-06-13,6025.0,6190.0,5950.0,6060.0,33096106380,2147406,357,6025.0,6096.0
3620,2023-06-14,6249.0,6289.0,5671.0,5880.0,102296510880,6843736,1222,6060.0,5848.0
3621,2023-06-17,5644.0,5777.0,5471.0,5522.0,218449162320,15555562,2063,5880.0,5471.0
3622,2023-06-18,5522.0,5522.0,5136.0,5223.0,94655418790,7125822,1094,5522.0,5250.0
3623,2023-06-19,5223.0,5506.0,5191.0,5360.0,45759563080,3357853,628,5223.0,5207.0
3624,2023-06-20,5423.0,5423.0,5176.0,5282.0,41357747130,3080100,589,5360.0,5329.0
3625,2023-06-21,5498.0,5498.0,5140.0,5266.0,40930203480,3055731,746,5282.0,5211.0
3626,2023-06-24,5219.0,5349.0,5152.0,5250.0,39016867730,2923673,594,5266.0,5223.0
3627,2023-06-25,5408.0,5408.0,5191.0,5301.0,53788324130,3991666,656,5250.0,5274.0
3628,2023-06-26,5341.0,5341.0,5215.0,5286.0,30095480260,2239413,492,5301.0,5270.0
3629,2023-06-27,5349.0,5349.0,5180.0,5274.0,39268272600,2928849,452,5286.0,5246.0
3630,2023-06-28,5349.0,5349.0,5113.0,5168.0,18462286600,1405473,401,5274.0,5187.0
3631,2023-07-01,5152.0,5290.0,4936.0,5144.0,27020750530,2066108,360,5168.0,5164.0
3632,2023-07-02,5187.0,5231.0,5058.0,5160.0,28901826570,2203599,427,5144.0,5136.0
3633,2023-07-03,5325.0,5325.0,4845.0,5030.0,150834388520,11792260,1413,5160.0,5144.0
3634,2023-07-04,5113.0,5254.0,5038.0,5109.0,60997081000,4696632,847,5030.0,5073.0
3635,2023-07-05,5156.0,5463.0,5085.0,5396.0,169233730540,12332269,1268,5109.0,5463.0
3636,2023-07-08,5506.0,5577.0,5294.0,5459.0,130927228530,9435384,1052,5396.0,5396.0
3637,2023-07-09,5545.0,5663.0,5105.0,5219.0,69031619780,5200216,882,5459.0,5183.0
3638,2023-07-10,5034.0,5305.0,4955.0,5022.0,44532230660,3487395,528,5219.0,4975.0
3639,2023-07-11,4979.0,5093.0,4719.0,4865.0,54162783730,4377910,676,5022.0,4837.0
3640,2023-07-12,4755.0,5132.0,4735.0,4908.0,101157567850,8108304,740,4865.0,4896.0
3641,2023-07-15,5014.0,5227.0,4944.0,5034.0,32377087740,2529482,409,4908.0,5038.0
3642,2023-07-16,5073.0,5073.0,4818.0,4869.0,55857336170,4510458,379,5034.0,4849.0
3643,2023-07-17,4936.0,4936.0,4531.0,4582.0,54329425020,4664596,675,4869.0,4747.0
3644,2023-07-18,4763.0,4900.0,4676.0,4877.0,64050028360,5166117,543,4582.0,4900.0
3645,2023-07-25,5184.0,5184.0,4873.0,4918.0,20474809880,1706455,286,4877.0,4881.0
3646,2023-07-26,5032.0,5037.0,4881.0,4946.0,32073976120,2657215,368,4918.0,5012.0
3647,2023-07-29,5037.0,5118.0,4889.0,4938.0,14813163830,1229816,238,4946.0,4950.0
3648,2023-07-30,4938.0,5061.0,4651.0,4828.0,30769601550,2612837,383,4938.0,4852.0
3649,2023-07-31,4660.0,4897.0,4660.0,4819.0,11655985600,991623,226,4828.0,4778.0
3650,2023-08-01,4692.0,5032.0,4692.0,4864.0,12479782970,1048171,215,4819.0,4983.0
3651,2023-08-05,5196.0,5205.0,4983.0,5131.0,37221819720,2973181,443,4864.0,5196.0
3652,2023-08-06,5053.0,5205.0,4971.0,5032.0,27083266400,2205330,449,5131.0,5057.0
3653,2023-08-07,5057.0,5123.0,4991.0,5041.0,13045393260,1060439,236,5032.0,5020.0
3654,2023-08-08,4959.0,5049.0,4946.0,5000.0,27804540060,2279713,401,5041.0,4983.0
3655,2023-08-09,4942.0,5164.0,4918.0,5008.0,19568351180,1601882,278,5000.0,4991.0
3656,2023-08-12,4918.0,5037.0,4803.0,4856.0,20697463840,1747351,382,5008.0,4823.0
3657,2023-08-13,4909.0,4938.0,4774.0,4864.0,17351370500,1461527,220,4856.0,4901.0
3658,2023-08-14,4996.0,5123.0,4713.0,4864.0,18711730740,1576562,312,4864.0,4864.0
3659,2023-08-15,4877.0,4877.0,4631.0,4778.0,7308727740,639537,195,4864.0,4696.0
3660,2023-08-20,4791.0,4791.0,4504.0,4594.0,27333103750,2438914,613,4778.0,4631.0
3661,2023-08-21,4746.0,4746.0,4471.0,4549.0,29258978050,2635885,578,4594.0,4475.0
3662,2023-08-22,4549.0,4549.0,4233.0,4328.0,38290671920,3625617,865,4549.0,4315.0
3663,2023-08-23,4086.0,4483.0,4061.0,4323.0,20286569920,1922586,377,4328.0,4414.0
3664,2023-08-26,4315.0,4623.0,4315.0,4524.0,17324916610,1569107,262,4323.0,4504.0
3665,2023-08-27,4532.0,4692.0,4446.0,4545.0,38419665010,3465120,486,4524.0,4541.0
3666,2023-08-28,4713.0,4713.0,4500.0,4553.0,19139059580,1722962,314,4545.0,4582.0
3667,2023-08-29,4537.0,4655.0,4410.0,4475.0,26024007290,2383644,368,4553.0,4426.0
3668,2023-08-30,4561.0,4643.0,4414.0,4569.0,24377487890,2187042,294,4475.0,4631.0
3669,2023-09-02,4672.0,4815.0,4598.0,4737.0,31464200590,2722167,378,4569.0,4762.0
3670,2023-09-03,4737.0,4889.0,4737.0,4807.0,13187513420,1121076,191,4737.0,4869.0
3671,2023-09-04,5102.0,5102.0,4909.0,5000.0,20669013530,1694210,270,4807.0,4979.0
3672,2023-09-05,5159.0,5164.0,4934.0,5028.0,19059198640,1552782,260,5000.0,5037.0
3673,2023-09-09,4803.0,5041.0,4803.0,4922.0,24331298620,2025648,231,5028.0,4885.0
3674,2023-09-10,4782.0,4918.0,4709.0,4836.0,11847908600,1010688,219,4922.0,4717.0
3675,2023-09-11,4700.0,4746.0,4590.0,4655.0,19381167650,1705710,347,4836.0,4602.0
3676,2023-09-12,4700.0,4709.0,4561.0,4643.0,14246968980,1257482,230,4655.0,4664.0
3677,2023-09-13,4664.0,4713.0,4590.0,4651.0,11029504160,971411,148,4643.0,4692.0
3678,2023-09-17,4631.0,4729.0,4573.0,4614.0,25821696700,2292687,260,4651.0,4631.0
3679,2023-09-18,4553.0,4614.0,4520.0,4549.0,32293208840,2908542,334,4614.0,4549.0
3680,2023-09-19,4553.0,4635.0,4463.0,4516.0,7967186380,727147,186,4549.0,4487.0
3681,2023-09-20,4430.0,4569.0,4344.0,4430.0,12836630770,1190140,298,4516.0,4410.0
3682,2023-09-23,4471.0,4471.0,4373.0,4418.0,7450302120,693135,165,4430.0,4393.0
3683,2023-09-25,4455.0,4455.0,4323.0,4377.0,9947594490,935110,165,4418.0,4377.0
3684,2023-09-26,4385.0,4553.0,4385.0,4430.0,10212338580,938915,230,4377.0,4434.0
3685,2023-09-27,4508.0,4508.0,4328.0,4401.0,10595297670,988531,215,4430.0,4344.0
3686,2023-09-30,4446.0,4450.0,4241.0,4323.0,11105659900,1058356,319,4401.0,4299.0
3687,2023-10-01,4237.0,4274.0,4098.0,4192.0,12080218590,1186801,353,4323.0,4221.0
3688,2023-10-02,4139.0,4483.0,4139.0,4418.0,29785185170,2761975,331,4192.0,4483.0
3689,2023-10-04,4549.0,4725.0,4524.0,4692.0,63023784970,5501997,1125,4418.0,4725.0
3690,2023-10-07,4746.0,4815.0,4623.0,4721.0,48641424320,4220778,542,4692.0,4651.0
3691,2023-10-08,4737.0,4737.0,4393.0,4414.0,27379424620,2541852,288,4721.0,4393.0
3692,2023-10-09,4155.0,4619.0,4155.0,4491.0,21557950060,1966926,326,4414.0,4500.0
3693,2023-10-10,4201.0,4528.0,4201.0,4422.0,23075372550,2139232,310,4491.0,4463.0
3694,2023-10-11,4504.0,4508.0,4381.0,4459.0,11768521070,1079713,191,4422.0,4475.0
3695,2023-10-14,4307.0,4504.0,4147.0,4192.0,46561427600,4551130,649,4459.0,4205.0
3696,2023-10-15,4192.0,4381.0,4098.0,4201.0,10368745610,1010255,266,4192.0,4201.0
3697,2023-10-16,4164.0,4340.0,4147.0,4246.0,17108261590,1650602,323,4201.0,4315.0
3698,2023-10-17,4205.0,4541.0,4205.0,4459.0,32703750650,3004841,568,4246.0,4434.0
3699,2023-10-18,4455.0,4578.0,4184.0,4385.0,39102929510,3655460,837,4459.0,4463.0
3700,2023-10-21,4274.0,4553.0,4274.0,4426.0,13755277660,1271877,187,4385.0,4356.0
3701,2023-10-22,4561.0,4561.0,4323.0,4369.0,16803409050,1576446,380,4426.0,4385.0
3702,2023-10-23,4323.0,4369.0,4254.0,4323.0,8096702070,773658,203,4369.0,4262.0
3703,2023-10-24,4381.0,4381.0,4098.0,4221.0,8883824040,874876,269,4323.0,4127.0
3704,2023-10-25,4180.0,4287.0,4082.0,4119.0,17295413320,1721405,359,4221.0,4135.0
3705,2023-10-28,4032.0,4032.0,3832.0,3848.0,49952146470,5320782,499,4119.0,3832.0
3706,2023-10-29,3692.0,4098.0,3692.0,3905.0,10365087150,1082020,191,3848.0,3996.0
3707,2023-10-30,4057.0,4106.0,3983.0,4057.0,12966138360,1303348,215,3905.0,4073.0
3708,2023-10-31,4098.0,4098.0,3926.0,4020.0,8704528640,893498,183,4057.0,3959.0
3709,2023-11-01,3959.0,4057.0,3778.0,3881.0,17107819100,1806498,252,4020.0,3955.0
3710,2023-11-04,3955.0,4151.0,3955.0,4049.0,11731057100,1170924,176,3881.0,4053.0
3711,2023-11-05,4045.0,4180.0,4037.0,4094.0,9961693710,990023,157,4049.0,4135.0
3712,2023-11-06,4094.0,4119.0,3971.0,4037.0,12370478380,1260379,275,4094.0,4049.0
3713,2023-11-07,4106.0,4164.0,3983.0,4090.0,13142501810,1313951,249,4037.0,4082.0
3714,2023-11-08,4049.0,4192.0,3971.0,4008.0,31884870090,3260156,508,4090.0,3975.0
3715,2023-11-11,3967.0,4078.0,3934.0,4016.0,11210639690,1143866,212,4008.0,3987.0
3716,2023-11-12,4053.0,4201.0,3967.0,4086.0,43431172610,4355998,424,4016.0,4086.0
3717,2023-11-13,4016.0,4205.0,4016.0,4139.0,17926869090,1775233,274,4086.0,4106.0
3718,2023-11-14,4078.0,4377.0,4078.0,4250.0,49383622760,4764403,647,4139.0,4213.0
3719,2023-11-15,4246.0,4246.0,4086.0,4139.0,22626220140,2240575,368,4250.0,4164.0
3720,2023-11-18,4119.0,4176.0,4028.0,4106.0,26795395030,2674581,363,4139.0,4114.0
3721,2023-11-19,4053.0,4180.0,4041.0,4086.0,14379561940,1442721,258,4106.0,4082.0
3722,2023-11-20,4086.0,4160.0,4012.0,4065.0,8823356410,892589,216,4086.0,4069.0
3723,2023-11-21,4151.0,4160.0,4045.0,4073.0,6538836310,655750,188,4065.0,4098.0
3724,2023-11-22,4098.0,4356.0,3996.0,4311.0,102146058780,9708402,748,4073.0,4356.0
3725,2023-11-25,4418.0,4569.0,4385.0,4459.0,70649254240,6494520,947,4311.0,4446.0
3726,2023-11-26,4504.0,4504.0,4307.0,4393.0,23142718020,2158771,491,4459.0,4323.0
3727,2023-11-27,4319.0,4422.0,4229.0,4328.0,20241159770,1917314,340,4393.0,4307.0
3728,2023-11-28,4209.0,4401.0,4209.0,4340.0,14756837630,1393258,219,4328.0,4340.0
3729,2023-11-29,4340.0,4578.0,4340.0,4450.0,24548911370,2260050,358,4340.0,4377.0
3730,2023-12-02,4508.0,4524.0,4344.0,4410.0,46005818970,4274538,569,4450.0,4385.0
3731,2023-12-03,4385.0,4692.0,4369.0,4573.0,69792829410,6252687,1081,4410.0,4664.0
3732,2023-12-04,4668.0,4893.0,4664.0,4856.0,118823599860,10026663,1319,4573.0,4893.0
3733,2023-12-05,5028.0,5028.0,4725.0,4803.0,51856523330,4423110,896,4856.0,4737.0
3734,2023-12-06,4725.0,4795.0,4631.0,4684.0,20095517880,1757501,506,4803.0,4660.0
3735,2023-12-09,4672.0,4819.0,4549.0,4643.0,18487163250,1631568,509,4684.0,4594.0
3736,2023-12-10,4553.0,4639.0,4549.0,4594.0,19078652990,1702189,412,4643.0,4553.0
3737,2023-12-11,4590.0,4684.0,4532.0,4594.0,19594824300,1747274,354,4594.0,4545.0
3738,2023-12-12,4623.0,4643.0,4446.0,4524.0,31937866120,2892979,524,4594.0,4467.0
3739,2023-12-13,4446.0,4655.0,4430.0,4549.0,17849931220,1608628,354,4524.0,4553.0
3740,2023-12-16,4528.0,4627.0,4471.0,4532.0,32186161740,2910777,520,4549.0,4508.0
3741,2023-12-18,4561.0,4696.0,4475.0,4545.0,93002436740,8389526,1224,4532.0,4487.0
3742,2024-01-02,4858.0,4858.0,4668.0,4735.0,44393045240,5763470,758,4545.0,4674.0
3743,2024-01-03,4576.0,4877.0,4576.0,4766.0,28018220810,3617163,527,4735.0,4797.0
3744,2024-01-06,4908.0,5098.0,4643.0,5080.0,131397981190,15913113,1068,4766.0,5098.0
3745,2024-01-07,5252.0,5252.0,4908.0,5018.0,59505668470,7291845,1203,5080.0,4975.0
3746,2024-01-08,4951.0,4951.0,4754.0,4828.0,33292581660,4239509,818,5018.0,4821.0
3747,2024-01-09,4772.0,4865.0,4766.0,4797.0,21444260210,2750100,408,4828.0,4828.0
3748,2024-01-10,4754.0,5031.0,4754.0,4926.0,18909776520,2359465,367,4797.0,4901.0
3749,2024-01-13,4735.0,5024.0,4735.0,4895.0,21840606250,2743266,376,4926.0,4846.0
3750,2024-01-14,4938.0,4944.0,4723.0,4803.0,25121088490,3215250,591,4895.0,4754.0
3751,2024-01-15,4735.0,4797.0,4582.0,4674.0,30026462000,3950888,723,4803.0,4606.0
3752,2024-01-16,4576.0,4625.0,4385.0,4489.0,36912139860,5059269,710,4674.0,4508.0
3753,2024-01-17,4582.0,4582.0,4465.0,4496.0,19253517260,2632884,415,4489.0,4502.0
3754,2024-01-20,4453.0,4631.0,4348.0,4483.0,24126536310,3310741,455,4496.0,4373.0
3755,2024-01-21,4385.0,4483.0,4299.0,4360.0,18206244040,2566351,304,4483.0,4397.0
3756,2024-01-22,4403.0,4428.0,4133.0,4237.0,18000437310,2613457,475,4360.0,4170.0
3757,2024-01-23,4237.0,4256.0,3942.0,4053.0,19915258500,3020992,353,4237.0,4084.0
3758,2024-01-24,4096.0,4256.0,3997.0,4120.0,12930374520,1928638,245,4053.0,4120.0
3759,2024-01-27,4151.0,4305.0,4127.0,4194.0,10371058600,1509454,232,4120.0,4213.0
3760,2024-01-28,4120.0,4336.0,4120.0,4237.0,17809094540,2583862,295,4194.0,4274.0
3761,2024-01-29,4231.0,4268.0,4139.0,4194.0,9660643680,1423266,257,4237.0,4188.0
3762,2024-01-30,4250.0,4323.0,4151.0,4213.0,10656527280,1551819,399,4194.0,4176.0
3763,2024-01-31,4293.0,4293.0,4182.0,4219.0,9650775910,1404924,217,4213.0,4274.0
3764,2024-02-03,4182.0,4397.0,4182.0,4317.0,12240864340,1733531,184,4219.0,4268.0
3765,2024-02-04,4225.0,4428.0,4213.0,4305.0,23790111940,3399406,318,4317.0,4213.0
3766,2024-02-05,4274.0,4305.0,4200.0,4243.0,19550490240,2832244,560,4305.0,4207.0
3767,2024-02-06,4237.0,4250.0,4114.0,4213.0,8325025610,1223648,189,4243.0,4182.0
3768,2024-02-07,4182.0,4225.0,4108.0,4145.0,16062375960,2383366,325,4213.0,4213.0
3769,2024-02-10,4157.0,4293.0,4157.0,4225.0,14172899920,2058621,203,4145.0,4213.0
3770,2024-02-12,4262.0,4262.0,4120.0,4194.0,10008897330,1474365,203,4225.0,4145.0
3771,2024-02-13,4120.0,4139.0,4004.0,4096.0,12750707140,1922689,305,4194.0,4034.0
3772,2024-02-14,4028.0,4114.0,3973.0,4047.0,7504016600,1152822,261,4096.0,4016.0
3773,2024-02-17,4047.0,4047.0,3936.0,4016.0,6516093820,1006731,170,4047.0,3936.0
3774,2024-02-18,3967.0,4108.0,3967.0,4022.0,7449462690,1137873,170,4016.0,4053.0
3775,2024-02-19,4034.0,4102.0,4010.0,4028.0,4621448360,703468,168,4022.0,4010.0
3776,2024-02-20,3942.0,4059.0,3924.0,3979.0,10462415160,1624449,330,4028.0,4004.0
3777,2024-02-21,3954.0,4022.0,3911.0,3967.0,7007510890,1090305,161,3979.0,3911.0
3778,2024-02-24,4047.0,4047.0,3825.0,3917.0,7337801990,1165741,277,3967.0,3881.0
3779,2024-02-26,3881.0,3887.0,3751.0,3801.0,20676989780,3347154,311,3917.0,3813.0
3780,2024-02-27,3794.0,4065.0,3782.0,3936.0,19091591840,2981269,447,3801.0,4065.0
3781,2024-02-28,4182.0,4207.0,4077.0,4200.0,48476722750,7100902,323,3936.0,4207.0
3782,2024-03-02,4305.0,4489.0,4305.0,4471.0,104654428200,14394786,726,4200.0,4489.0
3783,2024-03-03,4699.0,4778.0,4514.0,4668.0,78561461860,10350896,934,4471.0,4539.0
3784,2024-03-04,4619.0,4791.0,4459.0,4668.0,55852462460,7356003,818,4668.0,4748.0
3785,2024-03-05,4735.0,4828.0,4594.0,4680.0,19677161720,2586888,386,4668.0,4594.0
3786,2024-03-06,4735.0,4748.0,4453.0,4557.0,19372526050,2613201,370,4680.0,4582.0
3787,2024-03-09,4576.0,4576.0,4422.0,4496.0,15700290680,2148283,298,4557.0,4440.0
3788,2024-03-10,4440.0,4440.0,4293.0,4348.0,19732893230,2789682,482,4496.0,4305.0
3789,2024-03-11,4342.0,4446.0,4120.0,4243.0,33714382770,4885708,678,4348.0,4163.0
3790,2024-03-12,4305.0,4354.0,4053.0,4157.0,16320231380,2415848,491,4243.0,4120.0
3791,2024-03-13,4133.0,4286.0,4096.0,4182.0,17925348960,2634201,302,4157.0,4157.0
3792,2024-03-16,4182.0,4194.0,3905.0,4022.0,38323614490,5858104,1094,4182.0,3973.0
3793,2024-03-17,4096.0,4096.0,3967.0,3997.0,19352812190,2975810,324,4022.0,4010.0
3794,2024-03-18,3997.0,4274.0,3997.0,4225.0,14784835660,2149036,267,3997.0,4274.0
3795,2024-03-24,4366.0,4520.0,4366.0,4514.0,16820267950,2292031,206,4225.0,4520.0
3796,2024-03-25,4797.0,4797.0,4496.0,4619.0,34037157360,4533737,418,4514.0,4600.0
3797,2024-03-26,4600.0,4619.0,4508.0,4545.0,32585285650,4407008,338,4619.0,4576.0
3798,2024-03-27,4551.0,4858.0,4514.0,4828.0,114671828970,14607401,1088,4545.0,4858.0
3799,2024-03-30,4938.0,5092.0,4821.0,4975.0,37637594940,4654877,709,4828.0,4981.0
3800,2024-04-02,4723.0,4846.0,4692.0,4742.0,35078372520,4549116,879,4975.0,4705.0
3801,2024-04-03,4797.0,4846.0,4600.0,4699.0,25580798490,3346168,458,4742.0,4821.0
3802,2024-04-06,4821.0,4821.0,4373.0,4483.0,28890828920,3961997,505,4699.0,4502.0
3803,2024-04-07,4496.0,4797.0,4483.0,4674.0,45348296770,5964005,554,4483.0,4711.0
3804,2024-04-08,4920.0,4920.0,4692.0,4754.0,12110328990,1559690,284,4674.0,4778.0
3805,2024-04-09,4883.0,4883.0,4643.0,4717.0,19202362590,2502227,376,4754.0,4699.0
3806,2024-04-13,4637.0,4674.0,4391.0,4409.0,54453292750,7599120,991,4717.0,4391.0
3807,2024-04-14,4366.0,4366.0,4366.0,4409.0,284603500,40085,24,4409.0,4366.0
3808,2024-04-15,4366.0,4453.0,4366.0,4446.0,45229541450,6257319,310,4409.0,4453.0
3809,2024-04-16,4409.0,4416.0,4403.0,4403.0,20865526310,2914084,159,4446.0,4403.0
3810,2024-04-17,4446.0,4446.0,4403.0,4422.0,10066269030,1396668,137,4403.0,4434.0
3811,2024-04-20,4619.0,4729.0,4569.0,4729.0,30350270170,3948413,268,4422.0,4729.0
3812,2024-04-21,4852.0,4895.0,4649.0,4828.0,26929138010,3432417,298,4729.0,4791.0
3813,2024-04-22,4840.0,4871.0,4723.0,4809.0,35167364810,4494822,341,4828.0,4815.0
3814,2024-04-23,4766.0,4969.0,4766.0,4852.0,34403383820,4358429,312,4809.0,4963.0
3815,2024-04-24,4963.0,5111.0,4920.0,5043.0,57986826930,7069534,569,4852.0,5080.0
3816,2024-04-27,5123.0,5393.0,5086.0,5258.0,64868724300,7585172,723,5043.0,5234.0
3817,2024-04-28,5320.0,5320.0,4969.0,5080.0,30988598330,3750346,804,5258.0,5037.0
3818,2024-04-29,5080.0,5098.0,4932.0,5024.0,14488827860,1776213,582,5080.0,4975.0
3819,2024-04-30,4920.0,5067.0,4766.0,4889.0,16551571770,2080865,274,5024.0,4895.0
3820,2024-05-01,4920.0,4957.0,4797.0,4877.0,6555828610,829209,156,4889.0,4858.0
3821,2024-05-05,4815.0,5043.0,4754.0,4840.0,16114442670,2047759,318,4877.0,4858.0
3822,2024-05-06,4785.0,4938.0,4742.0,4760.0,16291416150,2104309,210,4840.0,4748.0
3823,2024-05-07,4748.0,4871.0,4686.0,4729.0,18461483560,2402250,237,4760.0,4754.0
3824,2024-05-08,4723.0,4865.0,4723.0,4754.0,9556122890,1232852,196,4729.0,4754.0
3825,2024-05-11,4717.0,4852.0,4612.0,4686.0,13859117490,1822018,177,4754.0,4649.0
3826,2024-05-12,4582.0,4791.0,4526.0,4649.0,8635658830,1150365,203,4686.0,4606.0
3827,2024-05-13,4539.0,4692.0,4428.0,4471.0,14567878910,2003800,256,4649.0,4508.0
3828,2024-05-14,4668.0,4668.0,4453.0,4489.0,9325563680,1273038,181,4471.0,4483.0
3829,2024-05-15,4483.0,4600.0,4428.0,4489.0,9537536380,1307575,196,4489.0,4483.0
3830,2024-05-18,4489.0,4588.0,4397.0,4471.0,6156504910,851121,165,4489.0,4416.0
3831,2024-05-19,4373.0,4373.0,4163.0,4170.0,28366169140,4183869,390,4471.0,4194.0
3832,2024-05-21,4145.0,4231.0,4145.0,4176.0,4421902850,648829,104,4170.0,4200.0
3833,2024-05-25,4139.0,4200.0,4096.0,4145.0,6442910370,966282,157,4176.0,4096.0
3834,2024-05-26,4065.0,4065.0,4065.0,4139.0,1548240470,234227,34,4145.0,4065.0
3835,2024-05-27,4059.0,4059.0,4059.0,4102.0,6787558800,1028418,62,4139.0,4059.0
3836,2024-05-28,4022.0,4176.0,4022.0,4090.0,16527143960,2485630,327,4102.0,4022.0
3837,2024-05-29,4145.0,4170.0,4053.0,4096.0,15914533340,2388141,289,4090.0,4084.0
3838,2024-06-01,4096.0,4151.0,4016.0,4040.0,10269563800,1571603,189,4096.0,4016.0
3839,2024-06-02,4108.0,4108.0,3961.0,4040.0,16068816860,2444044,256,4040.0,4096.0
3840,2024-06-05,4102.0,4102.0,3961.0,3997.0,7668362470,1189806,131,4040.0,3961.0
3841,2024-06-08,3961.0,3961.0,3917.0,3991.0,1051649700,164875,45,3997.0,3917.0
3842,2024-06-09,3917.0,4059.0,3917.0,3954.0,9656765750,1507905,232,3991.0,4028.0
3843,2024-06-10,4022.0,4028.0,3985.0,3991.0,13357197430,2055374,138,3954.0,3997.0
3844,2024-06-11,3997.0,4065.0,3917.0,4016.0,12214148560,1867880,227,3991.0,4016.0
3845,2024-06-12,3997.0,4065.0,3936.0,3985.0,23937876630,3692691,843,4016.0,4016.0
3846,2024-06-15,4040.0,4040.0,3911.0,3954.0,8679557620,1357835,257,3985.0,3911.0
3847,2024-06-16,3899.0,3899.0,3881.0,3881.0,16459244100,2608426,439,3954.0,3881.0
3848,2024-06-18,3924.0,3954.0,3807.0,3844.0,36790464220,5887533,1673,3881.0,3807.0
3849,2024-06-19,3862.0,3887.0,3776.0,3807.0,11215072870,1816149,105,3844.0,3813.0
3850,2024-06-22,3844.0,3881.0,3801.0,3831.0,12670935100,2031991,171,3807.0,3807.0
3851,2024-06-23,3801.0,3887.0,3764.0,3850.0,20066034730,3206473,237,3831.0,3831.0
3852,2024-06-24,3924.0,3924.0,3856.0,3893.0,9928320720,1557793,110,3850.0,3924.0
3853,2024-06-26,3924.0,3967.0,3924.0,3924.0,6233394830,966975,77,3893.0,3967.0
3854,2024-06-29,3905.0,4114.0,3905.0,3954.0,8208429200,1269885,112,3924.0,3917.0
3855,2024-06-30,3917.0,3917.0,3721.0,3899.0,3839413860,628638,116,3954.0,3745.0
3856,2024-07-01,3776.0,3967.0,3776.0,3893.0,4804369710,760892,110,3899.0,3967.0
3857,2024-07-02,3745.0,3973.0,3745.0,3899.0,3771147710,592809,68,3893.0,3924.0
3858,2024-07-03,3936.0,3954.0,3881.0,3917.0,20560974510,3225627,551,3899.0,3917.0
3859,2024-07-06,4151.0,4151.0,4151.0,4071.0,10649333250,1577679,104,3917.0,4151.0
3860,2024-07-07,4176.0,4176.0,3961.0,4071.0,12412450180,1876553,236,4071.0,4059.0
3861,2024-07-08,4207.0,4207.0,3936.0,4053.0,5417500580,828150,128,4071.0,4022.0
3862,2024-07-09,3936.0,4034.0,3874.0,4010.0,5559061050,868918,140,4053.0,3874.0
3863,2024-07-10,3942.0,4065.0,3862.0,3991.0,5789512840,899934,117,4010.0,4016.0
3864,2024-07-13,4022.0,4028.0,3905.0,3973.0,6047052410,942357,217,3991.0,3917.0
3865,2024-07-14,3997.0,4047.0,3899.0,3967.0,8172814660,1268598,484,3973.0,3997.0
3866,2024-07-23,4200.0,4200.0,3967.0,4013.0,8807316860,1451491,178,3967.0,3993.0
3867,2024-07-24,4133.0,4133.0,3933.0,4007.0,3675411710,615955,128,4013.0,3987.0
3868,2024-07-27,4100.0,4100.0,3933.0,4020.0,14728177340,2441496,203,4007.0,4053.0
3869,2024-07-29,4007.0,4033.0,3887.0,3987.0,5042822330,855932,187,4020.0,3953.0
3870,2024-07-30,3953.0,3953.0,3833.0,3900.0,9890951630,1707121,318,3987.0,3920.0
3871,2024-07-31,3667.0,3733.0,3667.0,3673.0,26769844130,4861367,321,3900.0,3700.0
3872,2024-08-03,3600.0,3600.0,3453.0,3473.0,16648615920,3197768,462,3673.0,3453.0
3873,2024-08-04,3460.0,3500.0,3440.0,3460.0,5814988320,1124457,165,3473.0,3440.0
3874,2024-08-05,3460.0,3493.0,3427.0,3460.0,6319488170,1219496,179,3460.0,3460.0
3875,2024-08-06,3480.0,3493.0,3453.0,3460.0,2714341410,522449,114,3460.0,3467.0
3876,2024-08-10,3493.0,3493.0,3427.0,3453.0,7748500730,1498812,162,3460.0,3427.0
3877,2024-08-11,3420.0,3487.0,3420.0,3453.0,1182518100,229755,53,3453.0,3453.0
3878,2024-08-12,3427.0,3427.0,3420.0,3440.0,4945613770,963996,239,3453.0,3420.0
3879,2024-08-13,3407.0,3407.0,3407.0,3433.0,1707184570,334087,25,3440.0,3407.0
3880,2024-08-14,3400.0,3467.0,3400.0,3440.0,10851643650,2102714,114,3433.0,3413.0
3881,2024-08-17,3473.0,3507.0,3373.0,3413.0,28328976750,5533011,268,3440.0,3400.0
3882,2024-08-18,3400.0,3480.0,3400.0,3467.0,12082403650,2316803,121,3413.0,3480.0
3883,2024-08-19,3533.0,3533.0,3500.0,3507.0,9328353460,1761183,128,3467.0,3533.0
3884,2024-08-20,3480.0,3493.0,3440.0,3487.0,5557864000,1071760,112,3507.0,3447.0
3885,2024-08-21,3480.0,3540.0,3480.0,3487.0,3701968990,707091,88,3487.0,3487.0
3886,2024-08-24,3487.0,3553.0,3480.0,3513.0,7230817660,1359791,95,3487.0,3553.0
3887,2024-08-26,3553.0,3573.0,3520.0,3520.0,2703297930,507743,85,3513.0,3540.0
3888,2024-08-27,3567.0,3587.0,3553.0,3540.0,4089348810,760300,42,3520.0,3587.0
3889,2024-08-28,3607.0,3607.0,3607.0,3553.0,2844978340,525874,45,3540.0,3607.0
3890,2024-08-31,3620.0,3620.0,3620.0,3560.0,1764929190,325033,37,3553.0,3620.0
3891,2024-09-01,3627.0,3627.0,3627.0,3580.0,4588030720,843388,31,3560.0,3627.0
3892,2024-09-03,3647.0,3647.0,3647.0,3613.0,7482254370,1367871,64,3580.0,3647.0
3893,2024-09-07,3720.0,3720.0,3673.0,3713.0,15256188870,2736397,140,3613.0,3720.0
3894,2024-09-08,3800.0,3820.0,3767.0,3800.0,12904211600,2253172,111,3713.0,3820.0
3895,2024-09-09,3913.0,3913.0,3900.0,3853.0,7304245630,1244492,74,3800.0,3913.0
3896,2024-09-10,3920.0,3967.0,3913.0,3873.0,2608078680,438654,43,3853.0,3967.0
3897,2024-09-11,3987.0,3987.0,3987.0,3920.0,6919051360,1157032,42,3873.0,3987.0
3898,2024-09-14,4033.0,4033.0,3900.0,3960.0,9994752700,1673087,170,3920.0,3913.0
3899,2024-09-15,3993.0,4060.0,3913.0,3967.0,8961036760,1502336,376,3960.0,3980.0
3900,2024-09-16,4000.0,4067.0,3953.0,3987.0,10177903680,1698810,432,3967.0,4000.0
3901,2024-09-17,3933.0,4100.0,3933.0,4080.0,14058571750,2292152,204,3987.0,4100.0
3902,2024-09-18,4187.0,4200.0,4140.0,4200.0,19584701070,3110428,151,4080.0,4200.0
3903,2024-09-22,4133.0,4293.0,4133.0,4233.0,8920905320,1395552,153,4200.0,4287.0
3904,2024-09-23,4313.0,4360.0,4233.0,4320.0,11965619210,1836364,193,4233.0,4340.0
3905,2024-09-24,4433.0,4447.0,4287.0,4340.0,17590561450,2700241,355,4320.0,4320.0
3906,2024-09-25,4273.0,4287.0,4213.0,4260.0,10440767470,1646529,234,4340.0,4213.0
3907,2024-09-28,4220.0,4220.0,4220.0,4260.0,212086650,33505,12,4260.0,4220.0
3908,2024-09-29,4220.0,4220.0,4220.0,4220.0,26057432340,4116498,113,4260.0,4220.0
3909,2024-09-30,4180.0,4187.0,4180.0,4180.0,16290696920,2598196,81,4220.0,4180.0
3910,2024-10-01,4140.0,4140.0,4140.0,4180.0,754924860,121566,24,4180.0,4140.0
3911,2024-10-02,4140.0,4140.0,4140.0,4167.0,4208013990,677619,190,4180.0,4140.0
3912,2024-10-05,4127.0,4127.0,4127.0,4167.0,256340280,41412,7,4167.0,4127.0
3913,2024-10-06,4127.0,4127.0,4127.0,4167.0,106567040,17216,4,4167.0,4127.0
3914,2024-10-07,4127.0,4133.0,4127.0,4127.0,17806695120,2876678,103,4167.0,4127.0
3915,2024-10-08,4087.0,4127.0,4087.0,4093.0,16457896750,2681648,194,4127.0,4113.0
3916,2024-10-09,4067.0,4133.0,4067.0,4113.0,14809933930,2401230,167,4093.0,4133.0
3917,2024-10-12,4227.0,4233.0,4173.0,4207.0,13354776130,2108563,136,4113.0,4233.0
3918,2024-10-13,4320.0,4327.0,4200.0,4260.0,14187985530,2216189,207,4207.0,4233.0
3919,2024-10-14,4260.0,4260.0,4133.0,4133.0,18655952490,3008273,158,4260.0,4133.0
3920,2024-10-15,4067.0,4067.0,4013.0,4080.0,6681910380,1109243,115,4133.0,4013.0
3921,2024-10-16,3973.0,4153.0,3967.0,4040.0,9816564120,1628857,125,4080.0,4040.0
3922,2024-10-19,3933.0,3933.0,3920.0,3993.0,6111622670,1038764,58,4040.0,3920.0
3923,2024-10-20,3880.0,3900.0,3880.0,3920.0,9459421000,1623568,68,3993.0,3880.0
3924,2024-10-21,3807.0,3873.0,3807.0,3820.0,23959083100,4184308,311,3920.0,3813.0
3925,2024-10-22,3707.0,3913.0,3707.0,3753.0,9445657810,1690042,114,3820.0,3707.0
3926,2024-10-23,3647.0,3647.0,3647.0,3673.0,9899868560,1809848,74,3753.0,3647.0
3927,2024-10-26,3780.0,3780.0,3780.0,3680.0,1425500370,251411,37,3673.0,3780.0
3928,2024-10-27,3787.0,3787.0,3787.0,3687.0,670364960,118022,14,3680.0,3787.0
3929,2024-10-28,3793.0,3793.0,3793.0,3793.0,15019102090,2639561,52,3687.0,3793.0
3930,2024-10-29,3907.0,3907.0,3827.0,3900.0,32574089040,5571783,215,3793.0,3867.0
3931,2024-10-30,3800.0,4013.0,3793.0,3987.0,18694815230,3126573,160,3900.0,4013.0
3932,2024-11-02,4033.0,4100.0,3873.0,3973.0,10264628690,1724514,182,3987.0,3880.0
3933,2024-11-03,3860.0,3860.0,3860.0,3940.0,4661621640,805116,65,3973.0,3860.0
3934,2024-11-04,3827.0,3920.0,3827.0,3893.0,7102247770,1231258,119,3940.0,3920.0
3935,2024-11-05,3833.0,3967.0,3820.0,3893.0,3502066730,600201,74,3893.0,3940.0
3936,2024-11-06,3800.0,4007.0,3800.0,3913.0,8006310330,1356106,114,3893.0,4007.0
3937,2024-11-09,4027.0,4027.0,4027.0,4007.0,12847104160,2127004,54,3913.0,4027.0
3938,2024-11-10,4127.0,4127.0,4127.0,4013.0,838324080,135432,21,4007.0,4127.0
3939,2024-11-11,4133.0,4133.0,4133.0,4067.0,6717160600,1083413,44,4013.0,4133.0
3940,2024-11-12,4187.0,4187.0,4187.0,4107.0,5304759960,844707,30,4067.0,4187.0
3941,2024-11-13,4227.0,4227.0,4227.0,4173.0,9160615280,1444892,57,4107.0,4227.0
3942,2024-11-16,4293.0,4293.0,4293.0,4247.0,9355883880,1452777,42,4173.0,4293.0
3943,2024-11-17,4373.0,4373.0,4373.0,4300.0,6628204320,1010397,61,4247.0,4373.0
3944,2024-11-18,4427.0,4427.0,4427.0,4347.0,5522182560,831654,38,4300.0,4427.0
3945,2024-11-19,4473.0,4473.0,4473.0,4393.0,5830486750,868925,73,4347.0,4473.0
3946,2024-11-20,4520.0,4520.0,4407.0,4507.0,102404682030,15142749,751,4393.0,4520.0
3947,2024-11-23,4593.0,4640.0,4487.0,4627.0,28540939580,4113462,201,4507.0,4640.0
3948,2024-11-24,4760.0,4760.0,4760.0,4760.0,15842946000,2218900,94,4627.0,4760.0
3949,2024-11-25,4900.0,4900.0,4900.0,4880.0,14323496250,1948775,63,4760.0,4900.0
3950,2024-11-26,5020.0,5020.0,4880.0,5007.0,116645718850,15539038,742,4880.0,4987.0
3951,2024-11-27,5087.0,5087.0,4860.0,4947.0,44771452520,6030184,490,5007.0,4980.0
3952,2024-11-30,4867.0,5047.0,4800.0,4867.0,65967131920,9041860,500,4947.0,4800.0
3953,2024-12-01,4813.0,5007.0,4787.0,4973.0,57614906650,7726447,336,4867.0,5007.0
3954,2024-12-02,5120.0,5120.0,5113.0,5120.0,20474220240,2665918,124,4973.0,5120.0
3955,2024-12-03,5273.0,5273.0,4967.0,5247.0,44690510910,5676944,317,5120.0,5273.0
3956,2024-12-04,5153.0,5400.0,5153.0,5367.0,51772795990,6434696,530,5247.0,5307.0
3957,2024-12-07,5467.0,5487.0,5207.0,5253.0,49943809130,6340737,446,5367.0,5207.0
3958,2024-12-08,5100.0,5307.0,5100.0,5120.0,44061634040,5740869,399,5253.0,5293.0
3959,2024-12-09,5273.0,5273.0,5233.0,5273.0,36160470610,4573280,205,5120.0,5260.0
3960,2024-12-10,5340.0,5380.0,5120.0,5147.0,24441361220,3164826,349,5273.0,5120.0
3961,2024-12-11,5007.0,5160.0,4993.0,5033.0,83908624570,11111231,733,5147.0,5140.0
3962,2024-12-14,5180.0,5180.0,5180.0,5180.0,17790922380,2289694,103,5033.0,5180.0
3963,2024-12-15,5333.0,5333.0,5140.0,5293.0,62878548760,7915379,567,5180.0,5200.0
3964,2024-12-16,5333.0,5333.0,5140.0,5200.0,85126906460,10909234,765,5293.0,5140.0
3965,2024-12-17,5247.0,5267.0,5047.0,5087.0,26282438780,3446192,319,5200.0,5047.0
3966,2024-12-18,4947.0,5087.0,4940.0,4993.0,43827141050,5851805,487,5087.0,5033.0
3967,2024-12-21,5133.0,5140.0,5120.0,5140.0,19321011780,2506367,98,4993.0,5140.0
3968,2024-12-22,5293.0,5293.0,5147.0,5273.0,82514597530,10430724,661,5140.0,5293.0
3969,2024-12-23,5273.0,5427.0,5173.0,5400.0,39174347970,4837785,386,5273.0,5427.0
3970,2024-12-24,5560.0,5560.0,5560.0,5560.0,25976648040,3114706,203,5400.0,5560.0
3971,2024-12-25,5727.0,5727.0,5727.0,5727.0,73592857890,8567271,209,5560.0,5727.0
3972,2024-12-28,5893.0,5893.0,5893.0,5893.0,54452720400,6159810,177,5727.0,5893.0
3973,2024-12-29,6067.0,6067.0,5740.0,5980.0,303021243900,33800128,1791,5893.0,6000.0
3974,2024-12-30,5987.0,6120.0,5833.0,5980.0,99374048910,11083548,929,5980.0,5880.0
3975,2024-12-31,6040.0,6153.0,5960.0,6047.0,64795444720,7144369,383,5980.0,5987.0
3976,2025-01-01,6053.0,6100.0,5927.0,5993.0,72631180300,8080581,795,6047.0,6067.0
3977,2025-01-04,6147.0,6167.0,6067.0,6160.0,67480449770,7302353,426,5993.0,6160.0
3978,2025-01-05,6300.0,6307.0,5980.0,6053.0,70841834240,7805212,1564,6160.0,5980.0
3979,2025-01-06,6053.0,6233.0,5993.0,6193.0,106475043590,11462701,642,6053.0,6233.0
3980,2025-01-07,6373.0,6373.0,6267.0,6353.0,45668733710,4791860,422,6193.0,6367.0
3981,2025-01-08,6500.0,6500.0,6173.0,6307.0,31122351790,3289121,462,6353.0,6247.0
3982,2025-01-11,6200.0,6420.0,6120.0,6160.0,33025946680,3575316,282,6307.0,6120.0
3983,2025-01-12,5980.0,6053.0,5980.0,5980.0,93255303850,10391105,460,6160.0,5980.0
3984,2025-01-13,5947.0,6153.0,5940.0,6120.0,74486649300,8110637,425,5980.0,6153.0
3985,2025-01-15,6007.0,6300.0,6007.0,6300.0,75504491700,7992039,356,6120.0,6300.0
3986,2025-01-18,6480.0,6480.0,6113.0,6147.0,58223230010,6314814,344,6300.0,6240.0
3987,2025-01-19,6327.0,6327.0,6300.0,6327.0,34336946130,3618402,200,6147.0,6327.0
3988,2025-01-20,6513.0,6513.0,6187.0,6400.0,54799995990,5710866,522,6327.0,6293.0
3989,2025-01-21,6513.0,6513.0,6247.0,6373.0,26852622780,2810077,563,6400.0,6407.0
3990,2025-01-22,6507.0,6560.0,6427.0,6533.0,28477276320,2905058,248,6373.0,6560.0
3991,2025-01-25,6727.0,6727.0,6667.0,6720.0,123682854190,12268616,1029,6533.0,6727.0
3992,2025-01-26,6727.0,6860.0,6520.0,6627.0,52210724890,5250960,1764,6720.0,6520.0
3993,2025-01-27,6560.0,6720.0,6433.0,6493.0,52054767470,5346487,1928,6627.0,6473.0
3994,2025-01-29,6680.0,6680.0,6300.0,6353.0,53735505200,5639920,1184,6493.0,6327.0
3995,2025-02-01,6340.0,6513.0,6167.0,6200.0,40164415920,4320575,1269,6353.0,6167.0
3996,2025-02-02,6213.0,6380.0,6133.0,6260.0,56927812260,6062782,1227,6200.0,6253.0
3997,2025-02-03,6367.0,6447.0,6247.0,6373.0,21676522820,2267856,372,6260.0,6447.0
3998,2025-02-04,6560.0,6560.0,6507.0,6507.0,14139873840,1437101,106,6373.0,6560.0
3999,2025-02-05,6687.0,6700.0,6507.0,6653.0,35284752780,3534029,377,6507.0,6667.0
4000,2025-02-09,6680.0,6847.0,6620.0,6720.0,144335228170,14323076,772,6653.0,6847.0
4001,2025-02-11,6893.0,6920.0,6713.0,6827.0,165783851170,16182201,856,6720.0,6733.0
4002,2025-02-15,6827.0,6827.0,6627.0,6653.0,19599893640,1966590,599,6827.0,6627.0
4003,2025-02-16,6460.0,6467.0,6460.0,6460.0,36154080160,3731064,673,6653.0,6460.0
4004,2025-02-17,6287.0,6653.0,6287.0,6400.0,51313560280,5344239,775,6460.0,6347.0
4005,2025-02-18,6533.0,6533.0,6260.0,6353.0,22327104000,2342453,741,6400.0,6413.0
4006,2025-02-19,6353.0,6460.0,6227.0,6307.0,34865440520,3685270,937,6353.0,6360.0
4007,2025-02-22,6393.0,6393.0,6220.0,6280.0,43196914930,4586257,606,6307.0,6247.0
4008,2025-02-23,6267.0,6467.0,6267.0,6420.0,37569486870,3900432,256,6280.0,6467.0
4009,2025-02-24,6607.0,6607.0,6587.0,6607.0,25002315170,2523025,182,6420.0,6607.0
4010,2025-02-25,6800.0,6800.0,6667.0,6780.0,60844915440,5984618,453,6607.0,6727.0
4011,2025-03-17,6980.0,6980.0,6580.0,6600.0,24956631020,3779706,310,6780.0,6580.0
4012,2025-03-18,6410.0,6410.0,6410.0,6410.0,19445190110,3033571,155,6600.0,6410.0
4013,2025-03-25,6220.0,6600.0,6220.0,6340.0,37100514420,5847605,412,6410.0,6400.0
4014,2025-03-26,6440.0,6440.0,6200.0,6290.0,22381027280,3559796,602,6340.0,6300.0
4015,2025-03-29,6310.0,6450.0,6110.0,6220.0,20042519610,3221669,403,6290.0,6300.0
4016,2025-03-30,6400.0,6400.0,6360.0,6360.0,15505191270,2423930,223,6220.0,6400.0
4017,2025-04-05,6530.0,6530.0,6170.0,6220.0,33620043340,5406411,406,6360.0,6170.0
4018,2025-04-06,6040.0,6220.0,6040.0,6110.0,17860987820,2923074,416,6220.0,6040.0
4019,2025-04-07,5960.0,6180.0,5930.0,6020.0,18657648130,3099324,435,6110.0,6100.0
4020,2025-04-08,6200.0,6200.0,6200.0,6060.0,4538003200,731936,63,6020.0,6200.0
4021,2025-04-09,6240.0,6240.0,6110.0,6220.0,49138811170,7902336,545,6060.0,6240.0
4022,2025-04-12,6400.0,6400.0,6200.0,6260.0,14653430530,2335295,258,6220.0,6230.0
4023,2025-04-13,6440.0,6440.0,6430.0,6440.0,21467601530,3333505,123,6260.0,6440.0
4024,2025-04-14,6630.0,6630.0,6510.0,6630.0,33054343780,4986576,239,6440.0,6630.0
4025,2025-04-15,6790.0,6790.0,6440.0,6480.0,30489844880,4704518,496,6630.0,6440.0
4026,2025-04-16,6400.0,6620.0,6400.0,6490.0,23922603100,3686303,418,6480.0,6500.0
4027,2025-04-19,6380.0,6680.0,6380.0,6500.0,22183212220,3410457,396,6490.0,6520.0
4028,2025-04-20,6620.0,6690.0,6620.0,6690.0,32892045440,4920210,135,6500.0,6690.0
4029,2025-04-21,6890.0,6890.0,6650.0,6870.0,58528214600,8524698,340,6690.0,6740.0
4030,2025-04-22,6890.0,6890.0,6670.0,6700.0,80432378370,12011823,720,6870.0,6670.0
4031,2025-04-23,6500.0,6580.0,6500.0,6500.0,62848147870,9668330,475,6700.0,6500.0
4032,2025-04-26,6400.0,6640.0,6310.0,6360.0,97916361300,15391655,856,6500.0,6480.0
4033,2025-04-27,6350.0,6430.0,6180.0,6300.0,35916425360,5698142,483,6360.0,6300.0
4034,2025-04-28,6240.0,6470.0,6180.0,6300.0,31152425980,4943889,331,6300.0,6220.0
4035,2025-04-29,6450.0,6480.0,6190.0,6320.0,77077608470,12199443,828,6300.0,6390.0
4036,2025-04-30,6490.0,6500.0,6380.0,6480.0,41368428590,6382238,266,6320.0,6500.0
4037,2025-05-03,6310.0,6330.0,6290.0,6290.0,84370423740,13410211,527,6480.0,6290.0
4038,2025-05-04,6190.0,6450.0,6190.0,6340.0,17276076910,2723005,263,6290.0,6390.0
4039,2025-05-05,6510.0,6530.0,6330.0,6450.0,21425220030,3324036,281,6340.0,6490.0
4040,2025-05-06,6590.0,6640.0,6490.0,6630.0,52351637180,7891896,306,6450.0,6640.0
4041,2025-05-07,6800.0,6810.0,6540.0,6630.0,21757393680,3280364,382,6630.0,6590.0
4042,2025-05-10,6590.0,6590.0,6440.0,6450.0,29595550120,4587044,249,6630.0,6440.0
4043,2025-05-11,6260.0,6500.0,6260.0,6270.0,36968129750,5899526,308,6450.0,6260.0
4044,2025-05-12,6440.0,6450.0,6350.0,6450.0,31707100620,4919165,245,6270.0,6450.0
4045,2025-05-13,6580.0,6640.0,6260.0,6560.0,48576023180,7406966,414,6450.0,6640.0
4046,2025-05-14,6750.0,6750.0,6560.0,6740.0,93135436420,13824089,586,6560.0,6750.0
4047,2025-05-17,6850.0,6940.0,6720.0,6830.0,55565679190,8141125,471,6740.0,6780.0
4048,2025-05-18,6890.0,6890.0,6630.0,6660.0,66485957850,9980790,1400,6830.0,6700.0
4049,2025-05-19,6820.0,6820.0,6490.0,6600.0,27396336950,4151318,357,6660.0,6510.0
4050,2025-05-20,6490.0,6750.0,6410.0,6430.0,34549036390,5373245,381,6600.0,6410.0
4051,2025-05-21,6560.0,6560.0,6240.0,6420.0,29502026080,4595909,374,6430.0,6490.0
4052,2025-05-24,6610.0,6610.0,6370.0,6590.0,46687827520,7085584,287,6420.0,6510.0
4053,2025-05-25,6590.0,6590.0,6400.0,6400.0,78559719540,12265664,460,6590.0,6410.0
4054,2025-05-26,6500.0,6590.0,6370.0,6580.0,70682263940,10745089,301,6400.0,6590.0
4055,2025-05-27,6770.0,6770.0,6770.0,6770.0,27501344490,4062237,95,6580.0,6770.0
4056,2025-05-28,6970.0,6970.0,6970.0,6970.0,30513963000,4377900,151,6770.0,6970.0
4057,2025-05-31,7170.0,7170.0,7040.0,7150.0,109649287410,15333258,656,6970.0,7040.0
4058,2025-06-01,7130.0,7130.0,6940.0,6940.0,99427150800,14316999,638,7150.0,6940.0
4059,2025-06-02,7050.0,7100.0,6740.0,6830.0,49504597860,7249110,521,6940.0,6760.0
4060,2025-06-03,6740.0,6930.0,6630.0,6650.0,57559797430,8653072,608,6830.0,6640.0
4061,2025-06-07,6600.0,6600.0,6460.0,6560.0,10827085880,1667798,195,6650.0,6460.0
4062,2025-06-08,6370.0,6500.0,6370.0,6400.0,40030715770,6259245,427,6560.0,6500.0
4063,2025-06-09,6400.0,6590.0,6400.0,6550.0,55173803580,8419888,475,6400.0,6590.0
4064,2025-06-10,6650.0,6740.0,6530.0,6710.0,32326948620,4814792,343,6550.0,6740.0
4065,2025-06-11,6690.0,6900.0,6550.0,6820.0,32666411000,4789192,306,6710.0,6850.0
4066,2025-06-28,6620.0,6620.0,6620.0,6710.0,10746643200,1623360,34,6820.0,6620.0
4067,2025-06-29,6510.0,6510.0,6510.0,6560.0,15025034430,2307993,35,6710.0,6510.0
4068,2025-06-30,6370.0,6370.0,6370.0,6540.0,1900451280,298344,12,6560.0,6370.0
4069,2025-07-01,6350.0,6350.0,6350.0,6460.0,8034686750,1265305,29,6540.0,6350.0
4070,2025-07-02,6270.0,6320.0,6270.0,6270.0,315646350940,50341707,986,6460.0,6270.0
4071,2025-07-07,6270.0,6380.0,6100.0,6190.0,38748483940,6260565,530,6270.0,6140.0
4072,2025-07-08,6060.0,6080.0,6010.0,6010.0,32756084670,5447157,173,6190.0,6010.0
4073,2025-07-09,5830.0,5840.0,5830.0,5830.0,38474400230,6599381,219,6010.0,5830.0
4074,2025-07-12,5990.0,6000.0,5990.0,5970.0,14785946000,2464326,100,5830.0,6000.0
4075,2025-07-13,6140.0,6140.0,6080.0,6140.0,32575090850,5306104,218,5970.0,6140.0
4076,2025-07-14,6310.0,6310.0,6120.0,6180.0,25280589250,4092188,322,6140.0,6140.0
