,date,open,high,low,adjClose,value,volume,count,yesterday,close
0,2001-04-07,6.0,6.0,6.0,6.0,1251720,570,1,6.0,6.0
1,2001-04-21,6.0,6.0,6.0,6.0,3321000,1560,6,6.0,6.0
2,2001-04-24,6.0,6.0,6.0,6.0,2114000,1000,2,6.0,6.0
3,2001-05-06,6.0,6.0,6.0,6.0,10223300,4900,2,6.0,6.0
4,2001-05-07,6.0,6.0,6.0,6.0,6236739,3000,7,6.0,6.0
5,2001-05-08,6.0,6.0,6.0,6.0,4158805,2000,3,6.0,6.0
6,2001-05-09,6.0,6.0,6.0,6.0,9345716,4500,11,6.0,6.0
7,2001-05-16,6.0,6.0,6.0,6.0,187110,90,1,6.0,6.0
8,2001-05-29,6.0,6.0,6.0,6.0,2132974,1042,1,6.0,6.0
9,2001-06-02,6.0,6.0,6.0,6.0,1500000,750,5,6.0,6.0
10,2001-06-03,6.0,6.0,6.0,6.0,5700000,3000,4,6.0,6.0
11,2001-06-09,6.0,6.0,6.0,6.0,184300,97,1,6.0,6.0
12,2001-06-13,6.0,6.0,6.0,6.0,3608100,1900,1,6.0,6.0
13,2001-06-18,6.0,6.0,6.0,6.0,3794000,2000,3,6.0,6.0
14,2001-06-19,6.0,6.0,6.0,6.0,3227001,1700,5,6.0,6.0
15,2001-06-26,6.0,6.0,6.0,6.0,569400,300,2,6.0,6.0
16,2001-06-27,6.0,6.0,6.0,6.0,7584000,4000,3,6.0,6.0
17,2001-07-04,6.0,6.0,6.0,6.0,9928785,5245,2,6.0,6.0
18,2001-07-07,5.0,6.0,5.0,6.0,3785163,2000,5,6.0,6.0
19,2001-07-08,6.0,6.0,6.0,6.0,189900,100,3,6.0,6.0
20,2001-07-09,6.0,6.0,6.0,6.0,12661562,6664,8,6.0,6.0
21,2001-07-10,6.0,6.0,6.0,6.0,8477800,4462,5,6.0,6.0
22,2001-07-17,4.0,6.0,4.0,6.0,7004000,4628,68,6.0,6.0
23,2001-07-18,6.0,6.0,6.0,6.0,494000,260,1,6.0,6.0
24,2001-07-21,5.0,5.0,5.0,5.0,3866500,2090,1,6.0,5.0
25,2001-07-22,5.0,5.0,5.0,5.0,14863900,8034,4,5.0,5.0
26,2001-07-28,5.0,5.0,5.0,5.0,33300,18,1,5.0,5.0
27,2001-07-29,5.0,5.0,5.0,5.0,1928238,1042,5,5.0,5.0
28,2001-07-31,5.0,5.0,5.0,5.0,3866500,2090,2,5.0,5.0
29,2001-08-04,5.0,5.0,5.0,5.0,138750,75,1,5.0,5.0
30,2001-08-06,5.0,5.0,5.0,5.0,1850000,1000,1,5.0,5.0
31,2001-08-07,6.0,6.0,6.0,6.0,11400000,6000,3,5.0,6.0
32,2001-08-08,6.0,6.0,6.0,6.0,134900,71,1,6.0,6.0
33,2001-08-20,6.0,6.0,6.0,6.0,997500,500,1,6.0,6.0
34,2001-08-21,6.0,6.0,6.0,6.0,584000,292,1,6.0,6.0
35,2001-08-22,6.0,6.0,6.0,6.0,4207170,2090,1,6.0,6.0
36,2001-08-27,6.0,6.0,6.0,6.0,1056500,500,1,6.0,6.0
37,2001-08-28,6.0,6.0,6.0,6.0,4463021,2039,4,6.0,6.0
38,2001-08-29,7.0,7.0,7.0,7.0,4642032,1994,3,6.0,7.0
39,2001-09-01,7.0,7.0,7.0,7.0,14935284,6111,7,7.0,7.0
40,2001-09-02,7.0,7.0,7.0,7.0,31081183,12723,10,7.0,7.0
41,2001-09-03,7.0,7.0,7.0,7.0,4277000,1820,2,7.0,7.0
42,2001-09-04,7.0,7.0,7.0,7.0,2380550,1013,1,7.0,7.0
43,2001-09-05,7.0,7.0,7.0,7.0,9335780,4065,4,7.0,7.0
44,2001-09-11,7.0,7.0,7.0,7.0,7888000,3400,5,7.0,7.0
45,2001-09-12,7.0,7.0,7.0,7.0,4138880,1784,2,7.0,7.0
46,2001-09-17,7.0,7.0,7.0,7.0,616588,266,1,7.0,7.0
47,2001-09-19,7.0,7.0,7.0,7.0,231700,100,1,7.0,7.0
48,2001-09-22,7.0,7.0,7.0,7.0,11553394,4986,6,7.0,7.0
49,2001-09-23,7.0,7.0,7.0,7.0,1821200,785,3,7.0,7.0
50,2001-09-26,7.0,7.0,7.0,7.0,14538205,6280,2,7.0,7.0
51,2001-10-16,6.0,6.0,6.0,6.0,7141200,3246,4,7.0,6.0
52,2001-10-17,6.0,6.0,6.0,6.0,2200000,1000,2,6.0,6.0
53,2001-10-20,6.0,6.0,6.0,6.0,10065000,4575,5,6.0,6.0
54,2001-10-21,6.0,6.0,6.0,6.0,6937105,3145,2,6.0,6.0
55,2001-10-22,7.0,7.0,7.0,7.0,4851000,2100,1,6.0,7.0
56,2001-10-23,7.0,7.0,7.0,7.0,38753500,16700,5,7.0,7.0
57,2001-10-24,7.0,7.0,7.0,7.0,13630000,5875,13,7.0,7.0
58,2001-10-31,7.0,7.0,7.0,7.0,7594847,3282,6,7.0,7.0
59,2001-11-03,7.0,7.0,7.0,7.0,62179623,26913,12,7.0,7.0
60,2001-11-04,7.0,7.0,7.0,7.0,2378532,1027,2,7.0,7.0
61,2001-11-06,6.0,6.0,6.0,6.0,2598516,1179,3,7.0,6.0
62,2001-11-07,6.0,6.0,6.0,6.0,33574035,15211,15,6.0,6.0
63,2001-11-10,6.0,6.0,6.0,6.0,1102500,500,1,6.0,6.0
64,2001-11-11,6.0,6.0,6.0,6.0,2325220,1055,2,6.0,6.0
65,2001-11-12,6.0,6.0,6.0,6.0,56348500,25582,15,6.0,6.0
66,2002-04-22,4.0,4.0,4.0,4.0,750000,500,1,6.0,4.0
67,2002-04-27,5.0,5.0,5.0,5.0,1575000,1000,1,4.0,5.0
68,2002-05-08,5.0,5.0,5.0,5.0,628140,380,2,5.0,5.0
69,2002-05-25,5.0,5.0,5.0,5.0,3626150,2090,1,5.0,5.0
70,2002-05-26,5.0,5.0,5.0,5.0,2791593,1533,2,5.0,5.0
71,2002-05-27,6.0,6.0,6.0,6.0,1912000,1000,2,5.0,6.0
72,2002-05-28,6.0,6.0,6.0,6.0,5055633,2519,3,6.0,6.0
73,2002-05-29,6.0,6.0,6.0,6.0,2119642,1006,3,6.0,6.0
74,2002-06-01,6.0,6.0,6.0,6.0,2212000,1000,1,6.0,6.0
75,2002-06-02,7.0,7.0,7.0,7.0,2507760,1080,2,6.0,7.0
76,2002-06-08,7.0,7.0,7.0,7.0,2925600,1200,3,7.0,7.0
77,2002-06-09,7.0,7.0,7.0,7.0,3921860,1570,2,7.0,7.0
78,2002-06-10,7.0,7.0,7.0,7.0,2560000,1000,2,7.0,7.0
79,2002-06-11,8.0,8.0,8.0,8.0,2624000,1000,1,7.0,8.0
80,2002-06-12,8.0,8.0,8.0,8.0,6684854,2486,4,8.0,8.0
81,2002-06-16,8.0,8.0,8.0,8.0,826800,300,1,8.0,8.0
82,2002-06-17,8.0,8.0,8.0,8.0,108452996,38796,26,8.0,8.0
83,2002-06-18,8.0,8.0,8.0,8.0,43910448,15933,18,8.0,8.0
84,2002-06-19,8.0,8.0,8.0,8.0,8442190,3141,8,8.0,8.0
85,2002-06-23,8.0,8.0,8.0,8.0,1723960,658,2,8.0,8.0
86,2002-06-24,7.0,7.0,7.0,7.0,12366200,4840,5,8.0,7.0
87,2002-06-25,7.0,7.0,7.0,7.0,25984204,10658,6,7.0,7.0
88,2002-06-26,7.0,7.0,7.0,7.0,19123102,7853,4,7.0,7.0
89,2002-06-29,7.0,7.0,7.0,7.0,92596462,38017,23,7.0,7.0
90,2002-06-30,7.0,7.0,7.0,7.0,2769568,1136,1,7.0,7.0
91,2002-07-01,7.0,7.0,7.0,7.0,11975000,5000,1,7.0,7.0
92,2002-07-02,7.0,7.0,7.0,7.0,4908650,2050,2,7.0,7.0
93,2002-07-03,7.0,7.0,7.0,7.0,1895200,800,1,7.0,7.0
94,2002-07-07,7.0,7.0,7.0,7.0,2300000,1000,1,7.0,7.0
95,2002-07-08,7.0,7.0,7.0,7.0,38324844,16691,11,7.0,7.0
96,2002-07-09,7.0,7.0,7.0,7.0,1487808,648,1,7.0,7.0
97,2002-07-14,7.0,7.0,7.0,7.0,3870350,1705,1,7.0,7.0
98,2002-07-28,6.0,6.0,6.0,6.0,3235500,1500,2,7.0,6.0
99,2002-08-03,6.0,6.0,6.0,6.0,38650336,18614,12,6.0,6.0
100,2002-08-05,6.0,6.0,6.0,6.0,11847060,5751,4,6.0,6.0
101,2002-08-07,6.0,6.0,6.0,6.0,3000000,1500,3,6.0,6.0
102,2002-08-13,6.0,6.0,6.0,6.0,19508320,9810,5,6.0,6.0
103,2002-08-14,6.0,6.0,6.0,6.0,406368,204,1,6.0,6.0
104,2002-08-17,6.0,6.0,6.0,6.0,12999069,6317,3,6.0,6.0
105,2002-08-18,6.0,6.0,6.0,6.0,21525000,10500,3,6.0,6.0
106,2002-08-21,6.0,6.0,6.0,6.0,19929000,9962,5,6.0,6.0
107,2002-08-24,6.0,6.0,6.0,6.0,29715800,14857,10,6.0,6.0
108,2002-08-25,6.0,6.0,6.0,6.0,7586532,3766,4,6.0,6.0
109,2002-08-26,6.0,6.0,6.0,6.0,9494270,4670,8,6.0,6.0
110,2002-08-27,6.0,6.0,6.0,6.0,2456904,1226,2,6.0,6.0
111,2002-08-28,6.0,6.0,6.0,6.0,24162091,12221,10,6.0,6.0
112,2002-08-31,6.0,6.0,6.0,6.0,280800,144,1,6.0,6.0
113,2002-09-01,6.0,6.0,6.0,6.0,8627486,4318,3,6.0,6.0
114,2002-09-02,6.0,6.0,6.0,6.0,11796586,5708,7,6.0,6.0
115,2002-09-07,6.0,6.0,6.0,6.0,15747900,7499,7,6.0,6.0
116,2002-09-08,6.0,6.0,6.0,6.0,445200,212,1,6.0,6.0
117,2002-09-11,6.0,6.0,6.0,6.0,839600,400,1,6.0,6.0
118,2002-09-15,6.0,6.0,6.0,6.0,2080000,1000,1,6.0,6.0
119,2002-09-16,6.0,6.0,6.0,6.0,22009477,10517,7,6.0,6.0
120,2002-09-18,6.0,6.0,6.0,6.0,10990115,5465,3,6.0,6.0
121,2002-09-22,6.0,6.0,6.0,6.0,3575558,1778,4,6.0,6.0
122,2002-09-24,6.0,6.0,6.0,6.0,10482176,5000,4,6.0,6.0
123,2002-09-28,6.0,6.0,6.0,6.0,1050000,500,1,6.0,6.0
124,2002-10-01,6.0,6.0,6.0,6.0,835200,400,1,6.0,6.0
125,2002-10-02,6.0,6.0,6.0,6.0,4038000,2000,2,6.0,6.0
126,2002-10-06,6.0,6.0,6.0,6.0,2088361,1019,2,6.0,6.0
127,2002-10-07,6.0,6.0,6.0,6.0,2849140,1380,2,6.0,6.0
128,2002-10-09,6.0,6.0,6.0,6.0,9108280,4332,5,6.0,6.0
129,2002-10-12,6.0,6.0,6.0,6.0,411796,191,1,6.0,6.0
130,2002-10-13,6.0,6.0,6.0,6.0,367400,167,1,6.0,6.0
131,2002-10-14,6.0,6.0,6.0,6.0,4199800,1909,2,6.0,6.0
132,2002-10-19,6.0,6.0,6.0,6.0,2948000,1340,2,6.0,6.0
133,2002-10-20,7.0,7.0,7.0,7.0,3829980,1658,1,6.0,7.0
134,2002-10-21,7.0,7.0,7.0,7.0,13904940,5930,6,7.0,7.0
135,2002-10-26,7.0,7.0,7.0,7.0,24493377,9973,9,7.0,7.0
136,2002-10-27,7.0,8.0,7.0,8.0,54385836,21108,11,7.0,8.0
137,2002-10-28,8.0,8.0,8.0,8.0,7252000,2800,3,8.0,8.0
138,2002-10-29,8.0,8.0,8.0,8.0,17319330,6687,2,8.0,8.0
139,2002-11-02,8.0,8.0,7.0,7.0,8822800,3420,3,8.0,7.0
140,2002-11-03,8.0,8.0,8.0,8.0,13000000,5000,1,7.0,8.0
141,2002-11-06,8.0,8.0,8.0,8.0,29403648,11096,7,8.0,8.0
142,2002-11-09,8.0,8.0,8.0,8.0,781750,295,1,8.0,8.0
143,2002-11-10,8.0,8.0,8.0,8.0,795300,300,1,8.0,8.0
144,2002-11-11,8.0,8.0,8.0,8.0,9187180,3465,2,8.0,8.0
145,2002-11-12,8.0,8.0,8.0,8.0,2652000,1000,1,8.0,8.0
146,2002-11-13,8.0,8.0,8.0,8.0,22013900,8300,6,8.0,8.0
147,2002-11-16,8.0,8.0,8.0,8.0,2263100,854,1,8.0,8.0
148,2002-11-17,8.0,8.0,8.0,8.0,8909300,3362,2,8.0,8.0
149,2002-12-21,8.0,8.0,8.0,8.0,2602000,1000,1,8.0,8.0
150,2002-12-22,8.0,8.0,8.0,8.0,59653300,21839,8,8.0,8.0
151,2002-12-23,8.0,8.0,8.0,8.0,26838515,10065,7,8.0,8.0
152,2002-12-24,7.0,7.0,7.0,7.0,12360000,5000,2,8.0,7.0
153,2002-12-28,7.0,7.0,7.0,7.0,6024015,2545,1,7.0,7.0
154,2002-12-29,7.0,7.0,7.0,7.0,23680000,10000,6,7.0,7.0
155,2003-01-04,7.0,7.0,7.0,7.0,47311460,20015,14,7.0,7.0
156,2003-01-05,7.0,7.0,7.0,7.0,42285694,17687,8,7.0,7.0
157,2003-01-07,7.0,7.0,7.0,7.0,30864000,12000,4,7.0,7.0
158,2003-01-08,8.0,8.0,7.0,7.0,79547700,30708,12,7.0,7.0
159,2003-01-11,7.0,7.0,7.0,7.0,10459260,4065,3,7.0,7.0
160,2003-01-14,7.0,7.0,7.0,7.0,5136000,2000,1,7.0,7.0
161,2003-01-27,7.0,7.0,7.0,7.0,2605920,1068,2,7.0,7.0
162,2003-01-29,7.0,7.0,7.0,7.0,26343208,11356,4,7.0,7.0
163,2003-02-03,6.0,6.0,6.0,6.0,2203000,1000,1,7.0,6.0
164,2003-02-05,6.0,6.0,6.0,6.0,114388437,51951,24,6.0,6.0
165,2003-02-08,6.0,6.0,6.0,6.0,5152817,2339,1,6.0,6.0
166,2003-02-09,7.0,7.0,7.0,7.0,23088781,10000,6,6.0,7.0
167,2003-02-16,7.0,8.0,7.0,8.0,84815550,33994,19,7.0,8.0
168,2003-02-17,8.0,8.0,8.0,8.0,14175000,5000,1,8.0,8.0
169,2003-02-18,8.0,9.0,8.0,9.0,37278000,13000,8,8.0,9.0
170,2003-02-19,8.0,8.0,8.0,8.0,22863048,8044,4,9.0,8.0
171,2003-02-22,8.0,8.0,8.0,8.0,11242952,3956,3,8.0,8.0
172,2003-03-09,8.0,8.0,8.0,8.0,11462000,4000,3,8.0,8.0
173,2003-03-10,8.0,8.0,8.0,8.0,1734000,600,1,8.0,8.0
174,2003-03-12,8.0,9.0,8.0,9.0,145205258,49647,21,8.0,9.0
175,2003-03-17,13.0,13.0,13.0,13.0,4950000,1100,2,9.0,13.0
176,2003-04-08,13.0,13.0,13.0,13.0,5953740,1326,1,13.0,13.0
177,2003-04-20,12.0,12.0,12.0,12.0,4266000,1000,1,13.0,12.0
178,2003-04-22,12.0,12.0,12.0,12.0,4053000,1000,1,12.0,12.0
179,2003-04-27,11.0,11.0,11.0,11.0,3851000,1000,1,12.0,11.0
180,2003-04-28,11.0,11.0,11.0,11.0,53444800,14600,8,11.0,11.0
181,2003-04-29,10.0,10.0,10.0,10.0,31220200,8720,5,11.0,10.0
182,2003-04-30,11.0,11.0,10.0,10.0,30826060,8530,16,10.0,10.0
183,2003-05-03,10.0,10.0,10.0,10.0,16242000,4700,6,10.0,10.0
184,2003-05-04,10.0,10.0,10.0,10.0,5673900,1700,3,10.0,10.0
185,2003-05-05,10.0,10.0,10.0,10.0,6668000,2000,1,10.0,10.0
186,2003-05-06,10.0,10.0,10.0,10.0,231360792,70496,13,10.0,10.0
187,2003-05-07,10.0,10.0,10.0,10.0,50565428,14963,4,10.0,10.0
188,2003-05-10,10.0,11.0,10.0,11.0,27822120,7702,11,10.0,11.0
189,2003-05-11,11.0,11.0,11.0,11.0,76638360,20862,10,11.0,11.0
190,2003-05-12,12.0,12.0,12.0,12.0,9972500,2500,1,11.0,12.0
191,2003-05-13,12.0,12.0,12.0,12.0,25285394,6235,6,12.0,12.0
192,2003-05-14,12.0,13.0,12.0,13.0,117172844,28000,7,12.0,13.0
193,2003-05-17,12.0,13.0,12.0,13.0,298070082,68778,13,13.0,13.0
194,2003-05-20,13.0,13.0,13.0,13.0,9585924,2228,3,13.0,13.0
195,2003-05-21,12.0,12.0,12.0,12.0,1387881,323,2,13.0,12.0
196,2003-06-11,12.0,12.0,12.0,12.0,3469700,850,6,12.0,12.0
197,2003-06-14,11.0,11.0,11.0,11.0,3901268,1006,3,12.0,11.0
198,2003-06-15,11.0,11.0,11.0,11.0,2398935,651,3,11.0,11.0
199,2003-06-16,10.0,10.0,10.0,10.0,32391252,9252,2,11.0,10.0
200,2003-06-17,10.0,10.0,10.0,10.0,41885974,12480,15,10.0,10.0
201,2003-06-18,10.0,10.0,10.0,10.0,77288715,22883,14,10.0,10.0
202,2003-06-21,10.0,10.0,9.0,10.0,36871670,11183,13,10.0,10.0
203,2003-06-22,10.0,10.0,10.0,10.0,3908850,1150,2,10.0,10.0
204,2003-06-24,9.0,9.0,9.0,9.0,109848056,33983,16,10.0,9.0
205,2003-06-25,9.0,9.0,9.0,9.0,86605304,26962,9,9.0,9.0
206,2003-06-28,9.0,9.0,9.0,9.0,22415070,7000,3,9.0,9.0
207,2003-06-29,10.0,10.0,9.0,9.0,95367364,28930,11,9.0,9.0
208,2003-06-30,9.0,9.0,9.0,9.0,70590140,22000,8,9.0,9.0
209,2003-07-01,9.0,9.0,9.0,9.0,30411015,9661,5,9.0,9.0
210,2003-07-02,9.0,10.0,9.0,10.0,9643028,2930,6,9.0,10.0
211,2003-07-05,10.0,10.0,10.0,10.0,2080386,627,1,10.0,10.0
212,2003-07-06,10.0,10.0,10.0,10.0,80216153,24270,19,10.0,10.0
213,2003-07-07,10.0,10.0,10.0,10.0,17973980,5446,5,10.0,10.0
214,2003-07-08,10.0,10.0,10.0,10.0,5458200,1654,2,10.0,10.0
215,2003-07-09,10.0,10.0,9.0,9.0,34161000,10600,8,10.0,9.0
216,2003-07-12,9.0,9.0,9.0,9.0,30222096,9736,6,9.0,9.0
217,2003-07-14,9.0,9.0,9.0,9.0,65940730,22264,9,9.0,9.0
218,2003-07-16,9.0,9.0,9.0,9.0,7941932,2691,3,9.0,9.0
219,2003-07-19,9.0,9.0,9.0,9.0,108554312,36781,12,9.0,9.0
220,2003-07-21,9.0,9.0,8.0,8.0,32276152,11000,7,9.0,8.0
221,2003-07-22,8.0,8.0,8.0,8.0,15919500,5489,5,8.0,8.0
222,2003-07-23,8.0,8.0,8.0,8.0,30808580,10620,7,8.0,8.0
223,2003-07-26,8.0,8.0,8.0,8.0,31622000,10900,4,8.0,8.0
224,2003-07-27,8.0,8.0,8.0,8.0,25128834,8666,7,8.0,8.0
225,2003-07-28,8.0,8.0,8.0,8.0,37718140,13116,5,8.0,8.0
226,2003-07-29,8.0,9.0,8.0,9.0,130451433,44841,18,8.0,9.0
227,2003-07-30,9.0,9.0,9.0,9.0,39754800,13330,8,9.0,9.0
228,2003-08-03,9.0,9.0,9.0,9.0,2679919,899,1,9.0,9.0
229,2003-08-04,9.0,9.0,9.0,9.0,31287064,10493,11,9.0,9.0
230,2003-08-06,9.0,9.0,9.0,9.0,64272640,21568,7,9.0,9.0
231,2003-08-09,8.0,9.0,8.0,9.0,52313336,18056,6,9.0,9.0
232,2003-08-10,9.0,9.0,9.0,9.0,27757795,9410,5,9.0,9.0
233,2003-08-11,9.0,9.0,9.0,9.0,1885050,639,1,9.0,9.0
234,2003-08-12,9.0,9.0,9.0,9.0,6905879,2341,3,9.0,9.0
235,2003-08-13,8.0,9.0,8.0,9.0,72231596,24824,7,9.0,9.0
236,2003-08-18,9.0,9.0,9.0,9.0,25053390,8410,1,9.0,9.0
237,2003-08-25,9.0,9.0,9.0,9.0,17095859,5475,5,9.0,9.0
238,2003-08-31,9.0,9.0,9.0,9.0,312552,100,2,9.0,9.0
239,2003-09-02,9.0,9.0,9.0,9.0,3126852,1000,2,9.0,9.0
240,2003-09-03,9.0,9.0,9.0,9.0,7929924,2536,2,9.0,9.0
241,2003-09-08,9.0,9.0,9.0,9.0,53943877,17251,9,9.0,9.0
242,2003-09-09,9.0,9.0,9.0,9.0,12732634,4060,7,9.0,9.0
243,2003-09-13,9.0,9.0,9.0,9.0,10956649,3475,2,9.0,9.0
244,2003-09-14,10.0,10.0,9.0,9.0,7079871,2157,8,9.0,9.0
245,2003-09-15,10.0,10.0,9.0,9.0,10595964,3228,7,9.0,9.0
246,2003-09-16,9.0,9.0,9.0,9.0,3829975,1195,4,9.0,9.0
247,2003-09-17,9.0,9.0,9.0,9.0,25872601,8010,4,9.0,9.0
248,2003-09-20,9.0,9.0,9.0,9.0,76499572,23786,18,9.0,9.0
249,2003-09-21,9.0,9.0,9.0,9.0,15664830,4820,3,9.0,9.0
250,2003-09-22,9.0,9.0,9.0,9.0,33558975,10307,7,9.0,9.0
251,2003-09-23,10.0,10.0,10.0,10.0,4551890,1355,2,9.0,10.0
252,2003-09-27,10.0,10.0,10.0,10.0,4387800,1310,3,10.0,10.0
253,2003-09-28,10.0,10.0,10.0,10.0,32703000,10000,4,10.0,10.0
254,2003-09-29,10.0,10.0,9.0,10.0,43013114,13134,10,10.0,10.0
255,2003-09-30,10.0,10.0,9.0,10.0,12452450,3809,5,10.0,10.0
256,2003-10-01,9.0,9.0,9.0,9.0,56214904,17231,9,10.0,9.0
257,2003-10-04,9.0,9.0,9.0,9.0,19865210,6103,5,9.0,9.0
258,2003-10-05,9.0,9.0,9.0,9.0,37163490,11438,6,9.0,9.0
259,2003-10-06,9.0,9.0,9.0,9.0,9815520,3010,3,9.0,9.0
260,2003-10-07,10.0,10.0,9.0,9.0,6620860,2010,4,9.0,9.0
261,2003-10-08,10.0,10.0,10.0,10.0,14159722,4309,4,9.0,10.0
262,2003-10-11,10.0,10.0,10.0,10.0,12010627,3595,5,10.0,10.0
263,2003-10-13,10.0,10.0,10.0,10.0,1272490,380,2,10.0,10.0
264,2003-10-14,10.0,10.0,10.0,10.0,35342120,10412,9,10.0,10.0
265,2003-10-18,10.0,10.0,10.0,10.0,129301270,36290,11,10.0,10.0
266,2003-10-19,11.0,11.0,10.0,10.0,5867475,1625,3,10.0,10.0
267,2003-10-20,10.0,11.0,10.0,10.0,54223850,15047,11,10.0,10.0
268,2003-10-21,10.0,10.0,10.0,10.0,18016652,5000,4,10.0,10.0
269,2003-10-22,10.0,10.0,10.0,10.0,18015000,5000,2,10.0,10.0
270,2003-10-25,11.0,11.0,10.0,10.0,3656040,1010,2,10.0,10.0
271,2003-10-26,10.0,10.0,10.0,10.0,14061326,3907,6,10.0,10.0
272,2003-10-27,10.0,10.0,10.0,10.0,10804708,3158,4,10.0,10.0
273,2003-10-28,10.0,10.0,10.0,10.0,17518830,5190,7,10.0,10.0
274,2003-10-29,10.0,10.0,10.0,10.0,9951030,3010,3,10.0,10.0
275,2003-11-01,10.0,10.0,10.0,10.0,33627941,10010,7,10.0,10.0
276,2003-11-03,10.0,10.0,10.0,10.0,18342779,5523,8,10.0,10.0
277,2003-11-04,10.0,10.0,9.0,10.0,22913626,7024,9,10.0,10.0
278,2003-11-05,10.0,10.0,10.0,10.0,38045668,11556,8,10.0,10.0
279,2003-11-11,10.0,10.0,10.0,10.0,11799210,3510,5,10.0,10.0
280,2004-04-12,6.0,6.0,6.0,6.0,9924000,4962,4,10.0,6.0
281,2004-04-14,6.0,6.0,6.0,6.0,6076000,3038,3,6.0,6.0
282,2004-04-17,6.0,6.0,6.0,6.0,22534730,11836,11,6.0,6.0
283,2004-04-18,6.0,6.0,6.0,6.0,1476460,777,2,6.0,6.0
284,2004-04-21,6.0,6.0,6.0,6.0,792450,417,2,6.0,6.0
285,2004-04-24,6.0,6.0,6.0,6.0,4984995,2625,2,6.0,6.0
286,2004-05-04,5.0,5.0,5.0,5.0,18178420,10010,4,6.0,5.0
287,2004-05-05,5.0,5.0,5.0,5.0,17883128,9848,6,5.0,5.0
288,2004-05-10,5.0,5.0,5.0,5.0,710590,410,3,5.0,5.0
289,2004-05-11,5.0,5.0,5.0,5.0,4977315,2875,3,5.0,5.0
290,2004-05-15,5.0,5.0,5.0,5.0,701970,410,4,5.0,5.0
291,2004-05-17,5.0,5.0,5.0,5.0,545722,319,3,5.0,5.0
292,2004-05-23,5.0,5.0,5.0,5.0,9918180,5810,4,5.0,5.0
293,2004-05-25,5.0,5.0,5.0,5.0,3541620,2106,5,5.0,5.0
294,2004-05-30,5.0,5.0,5.0,5.0,1491330,877,2,5.0,5.0
295,2004-06-12,5.0,5.0,5.0,5.0,2994798,1808,2,5.0,5.0
296,2004-06-13,5.0,5.0,5.0,5.0,757530,460,2,5.0,5.0
297,2004-06-14,5.0,5.0,5.0,5.0,2283150,1390,4,5.0,5.0
298,2004-06-16,5.0,5.0,5.0,5.0,19165316,11729,7,5.0,5.0
299,2004-06-19,5.0,5.0,5.0,5.0,3284450,2010,2,5.0,5.0
300,2004-06-21,5.0,5.0,5.0,5.0,1515660,968,4,5.0,5.0
301,2004-06-22,5.0,5.0,5.0,5.0,1935010,1236,4,5.0,5.0
302,2004-06-23,5.0,5.0,5.0,5.0,5033550,3216,5,5.0,5.0
303,2004-06-30,5.0,5.0,5.0,5.0,4666010,3010,3,5.0,5.0
304,2004-07-03,4.0,5.0,4.0,5.0,304580,198,2,5.0,5.0
305,2004-07-07,4.0,5.0,4.0,5.0,5487790,3610,10,5.0,5.0
306,2004-07-10,4.0,5.0,4.0,5.0,1126480,750,3,5.0,5.0
307,2004-07-11,4.0,5.0,4.0,5.0,1530690,1010,2,5.0,5.0
308,2004-07-13,4.0,5.0,4.0,4.0,27416944,17789,16,5.0,4.0
309,2004-07-20,5.0,5.0,5.0,5.0,2924664,1808,3,4.0,5.0
310,2004-07-27,5.0,5.0,5.0,5.0,1099112,676,2,5.0,5.0
311,2004-07-28,5.0,5.0,5.0,5.0,18029621,11068,7,5.0,5.0
312,2004-07-31,5.0,5.0,5.0,5.0,9274026,5698,9,5.0,5.0
313,2004-08-01,5.0,5.0,5.0,5.0,1003116,614,2,5.0,5.0
314,2004-08-02,5.0,5.0,5.0,5.0,16996750,10010,2,5.0,5.0
315,2004-08-04,5.0,5.0,5.0,5.0,12223090,7010,3,5.0,5.0
316,2004-08-07,5.0,5.0,5.0,5.0,734710,410,2,5.0,5.0
317,2004-08-09,5.0,5.0,5.0,5.0,8997410,5010,2,5.0,5.0
318,2004-08-10,5.0,5.0,5.0,5.0,4194330,2310,3,5.0,5.0
319,2004-08-11,5.0,5.0,5.0,5.0,4205510,2286,3,5.0,5.0
320,2004-08-14,5.0,5.0,5.0,5.0,3360490,1812,2,5.0,5.0
321,2004-08-15,5.0,5.0,5.0,5.0,18678410,10010,6,5.0,5.0
322,2004-08-16,5.0,5.0,5.0,5.0,5523000,3000,3,5.0,5.0
323,2004-08-17,6.0,6.0,5.0,5.0,11778630,6230,7,5.0,5.0
324,2004-08-18,5.0,5.0,5.0,5.0,19514360,10480,5,5.0,5.0
325,2004-08-21,6.0,6.0,6.0,6.0,15784280,8074,3,5.0,6.0
326,2004-08-22,6.0,6.0,6.0,6.0,3536520,1845,3,6.0,6.0
327,2004-08-25,6.0,6.0,6.0,6.0,5195770,2710,4,6.0,6.0
328,2004-08-28,6.0,6.0,6.0,6.0,6376817,3323,3,6.0,6.0
329,2004-08-31,6.0,6.0,6.0,6.0,4848130,2410,2,6.0,6.0
330,2004-09-01,6.0,6.0,6.0,6.0,25239313,13150,4,6.0,6.0
331,2004-09-05,6.0,6.0,6.0,6.0,825170,430,2,6.0,6.0
332,2004-09-06,6.0,6.0,6.0,6.0,1588886,828,8,6.0,6.0
333,2004-09-07,6.0,6.0,6.0,6.0,1128362,588,2,6.0,6.0
334,2004-09-20,5.0,6.0,5.0,6.0,2003650,1060,2,6.0,6.0
335,2004-09-22,5.0,5.0,5.0,5.0,33846315,18038,5,6.0,5.0
336,2004-09-25,6.0,6.0,6.0,6.0,26729740,14010,8,5.0,6.0
337,2004-09-26,6.0,6.0,6.0,6.0,16073494,8376,3,6.0,6.0
338,2004-09-27,6.0,6.0,6.0,6.0,610808,318,3,6.0,6.0
339,2004-09-28,6.0,6.0,6.0,6.0,9541557,4967,3,6.0,6.0
340,2004-09-29,6.0,6.0,6.0,6.0,3146580,1640,4,6.0,6.0
341,2004-10-09,6.0,6.0,6.0,6.0,8419387,4187,3,6.0,6.0
342,2004-10-10,6.0,6.0,6.0,6.0,29941468,14891,7,6.0,6.0
343,2004-10-12,6.0,6.0,6.0,6.0,1609305,798,5,6.0,6.0
344,2004-10-13,6.0,6.0,6.0,6.0,1254931,621,3,6.0,6.0
345,2004-10-18,6.0,6.0,6.0,6.0,1841160,916,3,6.0,6.0
346,2004-10-19,6.0,6.0,6.0,6.0,8534460,4246,4,6.0,6.0
347,2004-10-23,6.0,6.0,6.0,6.0,4660250,2210,3,6.0,6.0
348,2004-10-31,6.0,6.0,6.0,6.0,21280970,10010,4,6.0,6.0
349,2004-11-02,6.0,6.0,6.0,6.0,24802644,11802,5,6.0,6.0
350,2004-11-03,6.0,6.0,6.0,6.0,3885000,1850,2,6.0,6.0
351,2004-11-06,6.0,6.0,6.0,6.0,1233640,582,2,6.0,6.0
352,2004-11-07,6.0,6.0,6.0,6.0,11658224,5431,6,6.0,6.0
353,2004-11-08,6.0,6.0,6.0,6.0,2281086,1077,1,6.0,6.0
354,2004-11-13,6.0,6.0,6.0,6.0,2490921,1176,2,6.0,6.0
355,2004-12-05,6.0,6.0,6.0,6.0,9750000,5000,1,6.0,6.0
356,2004-12-06,6.0,6.0,6.0,6.0,37985300,19987,5,6.0,6.0
357,2004-12-11,6.0,6.0,6.0,6.0,1007000,530,1,6.0,6.0
358,2004-12-12,6.0,6.0,6.0,6.0,58147230,30461,9,6.0,6.0
359,2004-12-13,6.0,6.0,6.0,6.0,198388,102,2,6.0,6.0
360,2004-12-14,6.0,6.0,6.0,6.0,14869822,7424,3,6.0,6.0
361,2004-12-15,6.0,6.0,6.0,6.0,5981691,3043,4,6.0,6.0
362,2004-12-18,6.0,6.0,6.0,6.0,35020460,17110,9,6.0,6.0
363,2004-12-19,6.0,6.0,6.0,6.0,5639510,2700,4,6.0,6.0
364,2004-12-20,6.0,6.0,6.0,6.0,29112045,14285,8,6.0,6.0
365,2004-12-21,6.0,6.0,6.0,6.0,39814650,20121,6,6.0,6.0
366,2004-12-22,6.0,6.0,6.0,6.0,143547990,72867,14,6.0,6.0
367,2004-12-28,6.0,6.0,6.0,6.0,1178648,598,2,6.0,6.0
368,2004-12-29,6.0,6.0,6.0,6.0,30369342,15414,6,6.0,6.0
369,2005-01-01,6.0,6.0,6.0,6.0,1418400,720,1,6.0,6.0
370,2005-01-08,6.0,6.0,6.0,6.0,9839670,5010,2,6.0,6.0
371,2005-01-10,6.0,6.0,6.0,6.0,3945280,2020,3,6.0,6.0
372,2005-01-18,5.0,6.0,5.0,6.0,3919430,2100,4,6.0,6.0
373,2005-01-23,5.0,6.0,5.0,6.0,1871410,1010,3,6.0,6.0
374,2005-01-25,5.0,6.0,5.0,6.0,295990,160,2,6.0,6.0
375,2005-01-26,5.0,6.0,5.0,6.0,74670,40,3,6.0,6.0
376,2005-03-12,5.0,6.0,5.0,6.0,266198,144,2,6.0,6.0
377,2005-03-15,5.0,6.0,5.0,6.0,818768,444,2,6.0,6.0
378,2005-04-10,5.0,6.0,5.0,6.0,1857270,1010,2,6.0,6.0
379,2005-04-12,5.0,5.0,5.0,5.0,367600,200,2,6.0,5.0
380,2005-04-13,5.0,5.0,5.0,5.0,436750,250,1,5.0,5.0
381,2005-04-16,5.0,5.0,5.0,5.0,91300,55,1,5.0,5.0
382,2005-04-17,5.0,5.0,5.0,5.0,13858676,8788,7,5.0,5.0
383,2005-04-19,5.0,5.0,5.0,5.0,521400,330,1,5.0,5.0
384,2005-04-23,5.0,5.0,4.0,4.0,12347633,8073,6,5.0,4.0
385,2005-04-24,5.0,5.0,5.0,5.0,18469983,11869,7,4.0,5.0
386,2005-04-27,4.0,4.0,4.0,4.0,12517140,8486,6,5.0,4.0
387,2005-04-30,4.0,4.0,4.0,4.0,10463815,7139,6,4.0,4.0
388,2005-05-03,4.0,4.0,4.0,4.0,2256184,1541,2,4.0,4.0
389,2005-05-04,4.0,4.0,4.0,4.0,12314840,8406,4,4.0,4.0
390,2005-05-07,4.0,4.0,4.0,4.0,2231460,1518,1,4.0,4.0
391,2005-05-08,4.0,4.0,4.0,4.0,859950,585,3,4.0,4.0
392,2005-05-09,4.0,4.0,4.0,4.0,10102930,6824,7,4.0,4.0
393,2005-05-10,4.0,4.0,4.0,4.0,10164620,6910,3,4.0,4.0
394,2005-05-11,4.0,4.0,4.0,4.0,14729710,10010,4,4.0,4.0
395,2005-05-15,4.0,4.0,4.0,4.0,2632790,1710,2,4.0,4.0
396,2005-05-16,5.0,5.0,4.0,4.0,10723950,6910,2,4.0,4.0
397,2005-05-22,5.0,5.0,4.0,4.0,1605200,1010,2,4.0,4.0
398,2005-05-25,5.0,5.0,4.0,4.0,3207300,2010,2,4.0,4.0
399,2005-06-08,5.0,5.0,4.0,4.0,1621350,1010,2,4.0,4.0
400,2005-06-11,5.0,5.0,5.0,5.0,21906358,13598,8,4.0,5.0
401,2005-06-12,5.0,5.0,5.0,5.0,8461370,5010,2,5.0,5.0
402,2005-06-13,5.0,5.0,5.0,5.0,210504,123,2,5.0,5.0
403,2005-06-14,5.0,5.0,5.0,5.0,160682,94,2,5.0,5.0
404,2005-06-18,5.0,5.0,5.0,5.0,1734420,1010,2,5.0,5.0
405,2005-06-26,5.0,5.0,5.0,5.0,25860000,15000,2,5.0,5.0
406,2005-06-27,5.0,5.0,5.0,5.0,27715050,15785,6,5.0,5.0
407,2005-06-28,5.0,5.0,5.0,5.0,1844480,1015,4,5.0,5.0
408,2005-07-02,5.0,5.0,5.0,5.0,2293610,1285,3,5.0,5.0
409,2005-07-12,5.0,5.0,5.0,5.0,65157,37,1,5.0,5.0
410,2005-07-13,5.0,5.0,5.0,5.0,10187450,5510,3,5.0,5.0
411,2005-07-16,5.0,5.0,5.0,5.0,843102,451,3,5.0,5.0
412,2005-07-18,5.0,5.0,5.0,5.0,14818270,8010,2,5.0,5.0
413,2005-07-20,5.0,5.0,5.0,5.0,943270,510,2,5.0,5.0
414,2005-07-25,5.0,5.0,5.0,5.0,18878690,10010,4,5.0,5.0
415,2005-07-27,6.0,6.0,5.0,5.0,1928710,1010,2,5.0,5.0
416,2005-07-30,6.0,6.0,6.0,6.0,14483307,7561,6,5.0,6.0
417,2005-07-31,6.0,6.0,5.0,6.0,21086286,10663,4,6.0,6.0
418,2005-08-01,6.0,6.0,6.0,6.0,39470,20,2,6.0,6.0
419,2005-08-06,6.0,6.0,6.0,6.0,90512523,46130,12,6.0,6.0
420,2005-08-08,6.0,6.0,6.0,6.0,16143570,7965,9,6.0,6.0
421,2005-08-09,6.0,6.0,6.0,6.0,11899670,5862,3,6.0,6.0
422,2005-08-13,6.0,6.0,6.0,6.0,35216150,16940,6,6.0,6.0
423,2005-08-15,6.0,6.0,6.0,6.0,14520000,7000,2,6.0,6.0
424,2005-08-17,6.0,6.0,6.0,6.0,5312600,2656,3,6.0,6.0
425,2005-08-20,6.0,6.0,6.0,6.0,14434985,7010,9,6.0,6.0
426,2005-09-28,6.0,6.0,6.0,6.0,3409300,1655,1,6.0,6.0
427,2005-10-02,6.0,6.0,6.0,6.0,6180000,3000,2,6.0,6.0
428,2005-10-03,6.0,6.0,6.0,6.0,1030000,500,1,6.0,6.0
429,2005-10-04,6.0,6.0,6.0,6.0,2956100,1435,1,6.0,6.0
430,2005-10-05,6.0,6.0,6.0,6.0,1163900,565,2,6.0,6.0
431,2005-10-08,6.0,6.0,6.0,6.0,923610,440,2,6.0,6.0
432,2005-10-09,6.0,6.0,6.0,6.0,5006070,2384,3,6.0,6.0
433,2005-10-10,6.0,6.0,6.0,6.0,819430,390,2,6.0,6.0
434,2005-10-12,6.0,6.0,6.0,6.0,3180006,1513,2,6.0,6.0
435,2005-10-15,6.0,6.0,6.0,6.0,4611599,2193,3,6.0,6.0
436,2005-10-16,6.0,6.0,6.0,6.0,2550175,1229,1,6.0,6.0
437,2005-10-17,6.0,6.0,6.0,6.0,3993070,1929,3,6.0,6.0
438,2005-10-22,6.0,6.0,6.0,6.0,4320840,2010,3,6.0,6.0
439,2005-10-23,6.0,6.0,6.0,6.0,4376400,2100,2,6.0,6.0
440,2005-10-26,6.0,6.0,6.0,6.0,2120850,1010,2,6.0,6.0
441,2005-11-01,6.0,6.0,6.0,6.0,11607195,5567,1,6.0,6.0
442,2005-12-03,4.0,4.0,4.0,4.0,8250000,5500,2,6.0,4.0
443,2005-12-10,5.0,5.0,4.0,4.0,7819325,4965,4,4.0,4.0
444,2005-12-11,4.0,5.0,4.0,4.0,268040,170,3,4.0,4.0
445,2005-12-12,5.0,5.0,4.0,4.0,4851200,3040,4,4.0,4.0
446,2005-12-28,5.0,5.0,4.0,4.0,2121850,1320,3,4.0,4.0
447,2006-01-02,5.0,5.0,4.0,4.0,92794,58,2,4.0,4.0
448,2006-01-22,5.0,5.0,5.0,5.0,4517363,2801,2,4.0,5.0
449,2006-01-23,5.0,5.0,5.0,5.0,27533930,16944,8,5.0,5.0
450,2006-01-24,5.0,5.0,5.0,5.0,9125790,5390,6,5.0,5.0
451,2006-01-25,5.0,5.0,5.0,5.0,16453120,9566,5,5.0,5.0
452,2006-01-28,5.0,5.0,5.0,5.0,638400,380,1,5.0,5.0
453,2006-01-31,5.0,5.0,5.0,5.0,1629760,1010,2,5.0,5.0
454,2006-02-05,5.0,5.0,5.0,5.0,10099680,5774,4,5.0,5.0
455,2006-02-06,5.0,5.0,5.0,5.0,1687110,981,4,5.0,5.0
456,2006-02-07,5.0,5.0,5.0,5.0,20121530,11702,12,5.0,5.0
457,2006-02-12,5.0,5.0,5.0,5.0,4413332,2538,2,5.0,5.0
458,2006-02-14,5.0,5.0,5.0,5.0,8417040,5010,2,5.0,5.0
459,2006-02-18,5.0,5.0,5.0,5.0,13194396,7896,4,5.0,5.0
460,2006-02-22,5.0,5.0,5.0,5.0,2259382,1355,3,5.0,5.0
461,2006-03-01,5.0,5.0,5.0,5.0,1052688,624,1,5.0,5.0
462,2006-03-05,5.0,5.0,5.0,5.0,33082211,20000,4,5.0,5.0
463,2006-03-06,5.0,5.0,5.0,5.0,16416007,10127,6,5.0,5.0
464,2006-03-07,5.0,5.0,5.0,5.0,16046170,10010,3,5.0,5.0
465,2006-03-14,5.0,5.0,5.0,5.0,7901516,4949,4,5.0,5.0
466,2006-03-18,5.0,5.0,5.0,5.0,227686,144,2,5.0,5.0
467,2006-03-19,5.0,5.0,5.0,5.0,23322410,14604,5,5.0,5.0
468,2006-03-26,5.0,5.0,5.0,5.0,8469400,5300,1,5.0,5.0
469,2006-03-27,5.0,5.0,5.0,5.0,324394,203,1,5.0,5.0
470,2006-03-28,5.0,5.0,5.0,5.0,794206,497,1,5.0,5.0
471,2006-04-05,5.0,5.0,5.0,5.0,11932784,7472,1,5.0,5.0
472,2006-04-09,5.0,5.0,5.0,5.0,52472020,32940,8,5.0,5.0
473,2006-04-10,5.0,5.0,5.0,5.0,63680,40,1,5.0,5.0
474,2006-04-12,5.0,5.0,5.0,5.0,2455025,1545,3,5.0,5.0
475,2006-04-15,5.0,5.0,5.0,5.0,2812970,1775,3,5.0,5.0
476,2006-04-18,5.0,5.0,5.0,5.0,2978984,1907,2,5.0,5.0
477,2006-04-22,5.0,5.0,5.0,5.0,7900840,5010,3,5.0,5.0
478,2006-04-24,5.0,5.0,5.0,5.0,1329658,856,8,5.0,5.0
479,2006-04-25,5.0,5.0,5.0,5.0,20043000,12920,7,5.0,5.0
480,2006-04-26,5.0,5.0,5.0,5.0,24320575,15617,6,5.0,5.0
481,2006-04-29,5.0,5.0,4.0,5.0,3258064,2110,5,5.0,5.0
482,2006-04-30,5.0,5.0,5.0,5.0,1760160,1110,3,5.0,5.0
483,2006-05-02,5.0,5.0,5.0,5.0,494834,312,2,5.0,5.0
484,2006-05-16,5.0,5.0,5.0,5.0,31430,20,2,5.0,5.0
485,2006-05-20,5.0,5.0,5.0,5.0,106019,67,2,5.0,5.0
486,2006-05-30,5.0,5.0,5.0,5.0,8137906,5128,3,5.0,5.0
487,2006-06-10,5.0,5.0,5.0,5.0,1610650,1010,2,5.0,5.0
488,2006-06-20,5.0,5.0,5.0,5.0,1863828,1168,2,5.0,5.0
489,2006-06-21,5.0,5.0,5.0,5.0,132241,83,2,5.0,5.0
490,2006-06-28,5.0,5.0,5.0,5.0,3369390,2110,2,5.0,5.0
491,2006-07-02,5.0,5.0,5.0,5.0,1964510,1228,2,5.0,5.0
492,2006-07-09,5.0,5.0,5.0,5.0,43417404,27102,7,5.0,5.0
493,2006-07-12,5.0,5.0,5.0,5.0,342820,210,2,5.0,5.0
494,2006-08-06,5.0,5.0,5.0,5.0,5522650,3380,3,5.0,5.0
495,2006-08-13,5.0,5.0,5.0,5.0,522521,319,2,5.0,5.0
496,2006-08-14,5.0,5.0,5.0,5.0,1178131,719,2,5.0,5.0
497,2006-08-23,5.0,5.0,5.0,5.0,65280,40,2,5.0,5.0
498,2006-08-26,5.0,5.0,5.0,5.0,24616340,15010,5,5.0,5.0
499,2006-10-23,7.0,7.0,7.0,7.0,132771340,54040,18,5.0,7.0
500,2006-10-28,7.0,7.0,7.0,7.0,6338051,2633,2,7.0,7.0
501,2006-11-07,7.0,7.0,7.0,7.0,2593530,1080,6,7.0,7.0
502,2007-01-01,5.0,5.0,4.0,4.0,15307730,11453,6,7.0,4.0
503,2007-01-06,4.0,4.0,4.0,4.0,7300140,5360,2,4.0,4.0
504,2007-01-09,4.0,4.0,4.0,4.0,2753470,2010,2,4.0,4.0
505,2007-01-10,4.0,4.0,4.0,4.0,13743610,10010,10,4.0,4.0
506,2007-01-16,4.0,4.0,4.0,4.0,10840120,7810,4,4.0,4.0
507,2007-01-22,4.0,4.0,4.0,4.0,1412730,1010,2,4.0,4.0
508,2007-01-27,4.0,4.0,4.0,4.0,5115380,3654,3,4.0,4.0
509,2007-03-07,4.0,4.0,4.0,4.0,29027548,20776,10,4.0,4.0
510,2007-03-11,4.0,4.0,4.0,4.0,1990860,1453,2,4.0,4.0
511,2007-03-12,4.0,4.0,4.0,4.0,56491226,41262,18,4.0,4.0
512,2007-03-13,4.0,4.0,4.0,4.0,27253620,20010,5,4.0,4.0
513,2007-03-17,4.0,4.0,4.0,4.0,956135,715,3,4.0,4.0
514,2007-03-19,4.0,4.0,4.0,4.0,4479135,3355,3,4.0,4.0
515,2007-04-08,4.0,4.0,4.0,4.0,14888897,11203,7,4.0,4.0
516,2007-04-09,4.0,4.0,4.0,4.0,7712046,5869,4,4.0,4.0
517,2007-04-10,4.0,4.0,4.0,4.0,6259610,4710,3,4.0,4.0
518,2007-04-11,4.0,4.0,4.0,4.0,5541956,4141,6,4.0,4.0
519,2007-04-14,4.0,4.0,4.0,4.0,4636400,3486,3,4.0,4.0
520,2007-04-16,4.0,4.0,4.0,4.0,3916252,2884,2,4.0,4.0
521,2007-04-17,4.0,4.0,4.0,4.0,10520671,7731,6,4.0,4.0
522,2007-04-18,4.0,4.0,4.0,4.0,12235520,9010,4,4.0,4.0
523,2007-04-21,4.0,4.0,4.0,4.0,7829772,5678,3,4.0,4.0
524,2007-04-22,4.0,4.0,4.0,4.0,708497,511,2,4.0,4.0
525,2007-04-29,4.0,4.0,4.0,4.0,6030650,4345,2,4.0,4.0
526,2007-05-06,4.0,4.0,4.0,4.0,81461720,58690,12,4.0,4.0
527,2007-05-07,4.0,4.0,4.0,4.0,27942005,19747,9,4.0,4.0
528,2007-05-08,4.0,4.0,4.0,4.0,9857505,7038,3,4.0,4.0
529,2007-05-09,4.0,4.0,4.0,4.0,17756230,12683,5,4.0,4.0
530,2007-05-13,4.0,4.0,4.0,4.0,41432000,30000,7,4.0,4.0
531,2007-05-14,4.0,4.0,4.0,4.0,2440030,1794,2,4.0,4.0
532,2007-05-15,4.0,4.0,4.0,4.0,22104785,16312,5,4.0,4.0
533,2007-05-19,4.0,4.0,4.0,4.0,13580000,10000,1,4.0,4.0
534,2007-05-20,4.0,4.0,4.0,4.0,26963470,20010,3,4.0,4.0
535,2007-05-21,4.0,4.0,4.0,4.0,13743610,10010,2,4.0,4.0
536,2007-05-26,4.0,4.0,4.0,4.0,13610000,10000,1,4.0,4.0
537,2007-05-27,4.0,4.0,4.0,4.0,13813710,10010,2,4.0,4.0
538,2007-05-30,4.0,4.0,4.0,4.0,55921719,40789,6,4.0,4.0
539,2007-06-09,4.0,4.0,4.0,4.0,13700000,10000,1,4.0,4.0
540,2007-06-10,4.0,4.0,4.0,4.0,7189730,5210,2,4.0,4.0
541,2007-06-11,4.0,4.0,4.0,4.0,15193770,11010,4,4.0,4.0
542,2007-06-12,4.0,4.0,4.0,4.0,6243430,4529,3,4.0,4.0
543,2007-06-19,4.0,4.0,4.0,4.0,25900000,18500,4,4.0,4.0
544,2007-06-30,4.0,4.0,4.0,4.0,11404214,8312,3,4.0,4.0
545,2007-07-02,4.0,4.0,4.0,4.0,34766324,25010,5,4.0,4.0
546,2007-07-03,4.0,4.0,4.0,4.0,811900,580,2,4.0,4.0
547,2007-07-09,4.0,4.0,4.0,4.0,1413910,1010,2,4.0,4.0
548,2007-07-18,4.0,4.0,4.0,4.0,11573120,8320,2,4.0,4.0
549,2007-07-22,4.0,4.0,4.0,4.0,9955340,7111,2,4.0,4.0
550,2007-07-23,4.0,4.0,4.0,4.0,3225430,2270,4,4.0,4.0
551,2007-07-24,4.0,4.0,4.0,4.0,2879217,2061,1,4.0,4.0
552,2007-08-06,4.0,4.0,4.0,4.0,2478278,1774,1,4.0,4.0
553,2007-08-07,4.0,4.0,4.0,4.0,2229612,1596,1,4.0,4.0
554,2007-08-18,4.0,4.0,4.0,4.0,747395,535,1,4.0,4.0
555,2007-08-19,4.0,4.0,4.0,4.0,284988,204,1,4.0,4.0
556,2007-08-20,4.0,4.0,4.0,4.0,7034510,4954,3,4.0,4.0
557,2007-09-01,4.0,4.0,4.0,4.0,57104600,40789,6,4.0,4.0
558,2007-09-03,4.0,4.0,4.0,4.0,1325800,947,1,4.0,4.0
559,2007-09-04,4.0,4.0,4.0,4.0,1063570,775,3,4.0,4.0
560,2007-09-22,4.0,4.0,4.0,4.0,929104,677,2,4.0,4.0
561,2007-10-02,4.0,4.0,4.0,4.0,1842874,1344,3,4.0,4.0
562,2007-12-19,4.0,4.0,3.0,4.0,11517572,9297,10,4.0,4.0
563,2007-12-25,4.0,4.0,4.0,4.0,1021990,810,3,4.0,4.0
564,2008-01-01,4.0,4.0,4.0,4.0,1022800,810,2,4.0,4.0
565,2008-01-06,4.0,4.0,4.0,4.0,1264000,1000,1,4.0,4.0
566,2008-01-09,4.0,4.0,4.0,4.0,63161,49,1,4.0,4.0
567,2008-01-12,4.0,4.0,4.0,4.0,65700,50,1,4.0,4.0
568,2008-01-13,4.0,4.0,4.0,4.0,268000,200,1,4.0,4.0
569,2008-01-14,4.0,4.0,4.0,4.0,316652,232,2,4.0,4.0
570,2008-01-15,4.0,4.0,4.0,4.0,68300,50,1,4.0,4.0
571,2008-01-16,4.0,4.0,4.0,4.0,271635,195,1,4.0,4.0
572,2008-01-20,4.0,4.0,4.0,4.0,248500,175,1,4.0,4.0
573,2008-01-21,4.0,4.0,4.0,4.0,250504,173,1,4.0,4.0
574,2008-01-22,4.0,4.0,4.0,4.0,175644,119,1,4.0,4.0
575,2008-01-26,4.0,4.0,4.0,4.0,225750,150,1,4.0,4.0
576,2008-01-27,4.0,4.0,4.0,4.0,257880,168,1,4.0,4.0
577,2008-01-28,5.0,5.0,5.0,5.0,258225,165,1,4.0,5.0
578,2008-01-29,5.0,5.0,5.0,5.0,16304736,10216,5,5.0,5.0
579,2008-01-30,5.0,5.0,5.0,5.0,17976603,11049,4,5.0,5.0
580,2008-02-02,5.0,5.0,5.0,5.0,37712161,22933,5,5.0,5.0
581,2008-02-03,5.0,5.0,5.0,5.0,17911282,10687,4,5.0,5.0
582,2008-02-04,5.0,5.0,5.0,5.0,1712650,1010,2,5.0,5.0
583,2008-02-06,5.0,5.0,5.0,5.0,19813842,11669,3,5.0,5.0
584,2008-02-09,5.0,5.0,5.0,5.0,8611950,5010,2,5.0,5.0
585,2008-02-10,5.0,5.0,5.0,5.0,69076800,39975,7,5.0,5.0
586,2008-02-16,5.0,5.0,5.0,5.0,4764158,2704,3,5.0,5.0
587,2008-02-17,5.0,5.0,5.0,5.0,319054821,180563,24,5.0,5.0
588,2008-02-18,5.0,5.0,5.0,5.0,183236998,101708,24,5.0,5.0
589,2008-02-19,5.0,5.0,5.0,5.0,1656634,902,2,5.0,5.0
590,2008-02-20,5.0,5.0,5.0,5.0,845590,460,2,5.0,5.0
591,2008-02-23,5.0,5.0,5.0,5.0,10206230,5547,5,5.0,5.0
592,2008-02-24,5.0,5.0,5.0,5.0,6404170,3460,2,5.0,5.0
593,2008-02-25,5.0,5.0,5.0,5.0,30316946,16317,5,5.0,5.0
594,2008-02-26,5.0,5.0,5.0,5.0,3394015,1795,2,5.0,5.0
595,2008-03-02,6.0,6.0,5.0,5.0,15379610,8116,9,5.0,5.0
596,2008-03-03,6.0,6.0,5.0,5.0,9306300,4870,4,5.0,5.0
597,2008-03-04,6.0,6.0,5.0,5.0,2874058,1517,3,5.0,5.0
598,2008-03-11,5.0,5.0,5.0,5.0,1866830,1010,2,5.0,5.0
599,2008-04-30,5.0,5.0,5.0,5.0,1989988,1078,1,5.0,5.0
600,2008-05-06,5.0,5.0,5.0,5.0,18100000,10000,1,5.0,5.0
601,2008-05-07,5.0,5.0,5.0,5.0,1818690,1025,2,5.0,5.0
602,2008-05-11,5.0,5.0,5.0,5.0,19916880,11355,4,5.0,5.0
603,2008-12-03,1.0,1.0,1.0,1.0,56500,113,1,5.0,1.0
604,2008-12-06,1.0,1.0,1.0,1.0,276555,537,1,1.0,1.0
605,2008-12-07,1.0,1.0,1.0,1.0,5665000,11000,3,1.0,1.0
606,2008-12-15,2.0,2.0,2.0,1.0,1865440,3560,1,1.0,2.0
607,2008-12-22,2.0,2.0,2.0,1.0,48484,92,1,1.0,2.0
608,2008-12-24,2.0,2.0,2.0,1.0,196044,372,1,1.0,2.0
609,2009-01-05,2.0,2.0,2.0,2.0,2108,4,1,1.0,2.0
610,2009-01-11,2.0,2.0,2.0,2.0,32520,60,1,2.0,2.0
611,2009-01-12,2.0,2.0,2.0,2.0,223200,400,1,2.0,2.0
612,2009-02-03,2.0,2.0,2.0,2.0,1045692,1874,1,2.0,2.0
613,2009-02-04,2.0,2.0,2.0,2.0,56000,100,3,2.0,2.0
614,2009-02-07,2.0,2.0,2.0,2.0,560000,1000,1,2.0,2.0
615,2009-02-08,2.0,2.0,2.0,2.0,440385,785,17,2.0,2.0
616,2009-03-09,2.0,2.0,2.0,2.0,168600,300,1,2.0,2.0
617,2009-03-10,2.0,2.0,2.0,2.0,6966634,12053,8,2.0,2.0
618,2009-03-11,2.0,2.0,2.0,2.0,338675,575,1,2.0,2.0
619,2009-03-18,2.0,2.0,2.0,2.0,9438725,16025,8,2.0,2.0
620,2009-03-28,2.0,2.0,2.0,2.0,255626,434,2,2.0,2.0
621,2009-04-22,2.0,2.0,2.0,2.0,320910,563,1,2.0,2.0
622,2009-05-27,2.0,2.0,2.0,2.0,625240,1078,1,2.0,2.0
623,2009-06-06,2.0,2.0,2.0,2.0,337200,562,1,2.0,2.0
624,2009-11-18,2.0,2.0,2.0,2.0,415110,685,1,2.0,2.0
625,2009-11-25,2.0,2.0,2.0,2.0,404262,666,1,2.0,2.0
626,2010-02-07,2.0,2.0,2.0,2.0,12316256,17542,3,2.0,2.0
627,2010-02-09,2.0,2.0,2.0,2.0,2429196,3346,1,2.0,2.0
628,2010-02-10,2.0,2.0,2.0,2.0,191990,263,1,2.0,2.0
629,2010-03-02,2.0,2.0,2.0,2.0,7300,10,1,2.0,2.0
630,2010-03-14,2.0,2.0,2.0,2.0,243520,320,1,2.0,2.0
631,2010-03-15,2.0,2.0,2.0,2.0,8890739,11297,1,2.0,2.0
632,2010-03-17,2.0,2.0,2.0,2.0,12060000,15000,1,2.0,2.0
633,2010-04-04,2.0,2.0,2.0,2.0,1486800,1800,1,2.0,2.0
634,2010-05-22,2.0,2.0,2.0,2.0,3129930,3771,2,2.0,2.0
635,2010-05-24,2.0,2.0,2.0,2.0,1348468,1613,1,2.0,2.0
636,2010-06-27,2.0,2.0,2.0,2.0,8380,10,1,2.0,2.0
637,2010-08-03,3.0,3.0,3.0,3.0,95810,110,1,2.0,3.0
638,2010-08-10,3.0,3.0,3.0,3.0,9050,10,1,3.0,3.0
639,2010-08-15,3.0,3.0,3.0,3.0,941,1,1,3.0,3.0
640,2010-08-16,3.0,3.0,3.0,3.0,978,1,1,3.0,3.0
641,2010-08-22,3.0,3.0,3.0,3.0,1983150,1950,2,3.0,3.0
642,2010-08-25,3.0,3.0,3.0,3.0,1060819,1039,1,3.0,3.0
643,2010-09-08,3.0,3.0,3.0,3.0,1023000,1000,1,3.0,3.0
644,2010-09-20,3.0,3.0,3.0,3.0,636525,621,1,3.0,3.0
645,2010-09-25,3.0,3.0,3.0,3.0,10260,10,1,3.0,3.0
646,2010-09-26,3.0,3.0,3.0,3.0,10670,10,1,3.0,3.0
647,2010-09-28,3.0,3.0,3.0,3.0,11090,10,1,3.0,3.0
648,2010-10-02,3.0,3.0,3.0,3.0,2500857,2169,7,3.0,3.0
649,2010-10-09,3.0,3.0,3.0,3.0,771228,666,1,3.0,3.0
650,2010-10-25,3.0,3.0,3.0,3.0,1836377,1579,1,3.0,3.0
651,2010-10-26,4.0,4.0,4.0,3.0,6045000,5000,1,3.0,4.0
652,2010-11-09,4.0,4.0,4.0,3.0,12220,10,1,3.0,4.0
653,2010-11-23,6.0,6.0,6.0,6.0,1930000,1000,1,3.0,6.0
654,2010-11-24,6.0,6.0,6.0,6.0,7917615,3945,2,6.0,6.0
655,2010-11-27,6.0,6.0,6.0,6.0,20230000,10000,1,6.0,6.0
656,2010-11-28,6.0,6.0,6.0,6.0,1651533,799,3,6.0,6.0
657,2010-11-29,6.0,6.0,6.0,6.0,20447460,9878,1,6.0,6.0
658,2010-11-30,6.0,6.0,6.0,6.0,15776782,7463,4,6.0,6.0
659,2010-12-01,6.0,6.0,6.0,6.0,11775336,5482,4,6.0,6.0
660,2010-12-07,6.0,6.0,6.0,6.0,2070869,953,1,6.0,6.0
661,2010-12-11,6.0,6.0,6.0,6.0,40474784,18592,2,6.0,6.0
662,2010-12-12,7.0,7.0,7.0,7.0,33303440,14710,2,6.0,7.0
663,2010-12-13,7.0,7.0,7.0,7.0,2601190,1114,3,7.0,7.0
664,2010-12-14,7.0,7.0,7.0,7.0,4447900,1900,2,7.0,7.0
665,2010-12-18,7.0,7.0,7.0,7.0,3365200,1432,1,7.0,7.0
666,2010-12-19,7.0,7.0,7.0,7.0,43604500,18500,3,7.0,7.0
667,2011-01-09,7.0,7.0,7.0,7.0,62526834,25893,5,7.0,7.0
668,2011-01-10,7.0,7.0,7.0,7.0,170414037,67867,28,7.0,7.0
669,2011-01-11,8.0,8.0,8.0,8.0,68721303,26325,6,7.0,8.0
670,2011-01-12,8.0,8.0,8.0,8.0,82217379,30359,22,8.0,8.0
671,2011-01-15,8.0,8.0,8.0,8.0,114230800,43843,12,8.0,8.0
672,2011-01-16,8.0,8.0,8.0,8.0,38547900,14700,4,8.0,8.0
673,2011-01-17,8.0,8.0,7.0,8.0,159139744,59952,24,8.0,8.0
674,2011-01-18,8.0,8.0,8.0,8.0,25542483,9256,4,8.0,8.0
675,2011-01-19,8.0,8.0,8.0,8.0,14235455,5057,3,8.0,8.0
676,2011-01-22,8.0,8.0,8.0,8.0,23832404,8374,3,8.0,8.0
677,2011-01-23,8.0,8.0,8.0,8.0,3227258,1114,1,8.0,8.0
678,2011-01-24,8.0,8.0,8.0,8.0,88327920,30429,7,8.0,8.0
679,2011-01-26,9.0,9.0,9.0,8.0,1056300,350,1,8.0,9.0
680,2011-01-29,9.0,9.0,9.0,9.0,35928753,11893,5,8.0,9.0
681,2011-01-31,9.0,9.0,9.0,9.0,3099000,1000,1,9.0,9.0
682,2011-02-01,9.0,9.0,9.0,9.0,6603000,2130,2,9.0,9.0
683,2011-02-07,9.0,9.0,9.0,9.0,5900000,2000,1,9.0,9.0
684,2011-02-08,8.0,9.0,8.0,9.0,20928958,7170,2,9.0,9.0
685,2011-02-09,8.0,9.0,8.0,9.0,41702000,14000,4,9.0,9.0
686,2011-02-12,9.0,9.0,9.0,9.0,117849000,38990,3,9.0,9.0
687,2011-02-13,9.0,9.0,9.0,9.0,251044850,80978,6,9.0,9.0
688,2011-02-16,9.0,9.0,9.0,9.0,34819200,10800,2,9.0,9.0
689,2011-02-19,10.0,10.0,10.0,9.0,32990000,10000,1,9.0,10.0
690,2011-02-20,10.0,10.0,10.0,10.0,33700000,10000,3,9.0,10.0
691,2011-02-22,10.0,10.0,10.0,10.0,5309106,1542,1,10.0,10.0
692,2011-02-23,10.0,10.0,10.0,10.0,113982,33,1,10.0,10.0
693,2011-02-26,10.0,10.0,10.0,10.0,1381600,400,1,10.0,10.0
694,2011-02-27,10.0,10.0,10.0,10.0,17290000,5000,1,10.0,10.0
695,2011-02-28,10.0,10.0,10.0,10.0,6990000,2000,1,10.0,10.0
696,2011-03-01,10.0,10.0,10.0,10.0,52665000,15000,1,10.0,10.0
697,2011-03-02,11.0,11.0,11.0,11.0,65123125,17965,4,10.0,11.0
698,2011-03-05,11.0,11.0,11.0,11.0,20037330,5322,8,11.0,11.0
699,2011-03-06,11.0,11.0,11.0,11.0,552722980,145220,13,11.0,11.0
700,2011-03-07,12.0,12.0,12.0,12.0,339592222,85799,21,11.0,12.0
701,2011-03-08,12.0,12.0,12.0,12.0,136354848,33128,8,12.0,12.0
702,2011-03-09,12.0,12.0,12.0,12.0,99184720,23174,6,12.0,12.0
703,2011-03-12,13.0,13.0,13.0,13.0,494666336,111136,30,12.0,13.0
704,2011-03-13,13.0,13.0,13.0,13.0,102009273,22037,5,13.0,13.0
705,2011-03-14,14.0,14.0,14.0,14.0,820842768,170512,29,13.0,14.0
706,2011-03-15,15.0,15.0,14.0,15.0,953265156,190979,42,14.0,15.0
707,2011-03-16,14.0,15.0,14.0,15.0,511398257,100062,16,15.0,15.0
708,2011-03-19,15.0,15.0,15.0,15.0,99502115,18721,12,15.0,15.0
709,2011-03-26,16.0,16.0,16.0,16.0,101569679,18377,11,15.0,16.0
710,2011-03-27,17.0,17.0,17.0,17.0,106405705,18515,4,16.0,17.0
711,2011-03-28,17.0,17.0,17.0,17.0,197208000,33000,12,17.0,17.0
712,2011-03-29,18.0,18.0,18.0,18.0,156707870,25218,18,17.0,18.0
713,2011-03-30,19.0,19.0,19.0,19.0,214906734,33257,8,18.0,19.0
714,2011-04-03,20.0,20.0,20.0,20.0,350185920,52111,24,19.0,20.0
715,2011-04-04,20.0,20.0,20.0,20.0,291504980,41735,22,20.0,20.0
716,2011-04-05,21.0,21.0,21.0,21.0,330236760,45465,16,20.0,21.0
717,2011-04-06,22.0,22.0,22.0,22.0,215128366,28479,22,21.0,22.0
718,2011-04-09,23.0,23.0,23.0,23.0,1349472256,171776,42,22.0,23.0
719,2011-04-10,24.0,24.0,24.0,24.0,401730718,49172,27,23.0,24.0
720,2011-04-11,25.0,25.0,25.0,25.0,323389060,38083,14,24.0,25.0
721,2011-07-20,24.0,24.0,24.0,24.0,163060000,20000,6,25.0,24.0
722,2011-07-23,23.0,23.0,23.0,24.0,234810,30,1,24.0,23.0
723,2011-07-24,23.0,24.0,23.0,23.0,2094016782,267507,61,24.0,23.0
724,2011-07-25,23.0,24.0,23.0,24.0,386358545,47717,13,23.0,24.0
725,2011-07-26,24.0,24.0,24.0,24.0,130872060,15543,8,24.0,24.0
726,2011-07-27,25.0,25.0,25.0,25.0,66865149,7683,5,24.0,25.0
727,2011-07-30,26.0,26.0,26.0,25.0,63121632,7134,2,25.0,26.0
728,2011-07-31,26.0,26.0,26.0,25.0,41128752,4578,3,25.0,26.0
729,2011-08-01,26.0,26.0,26.0,26.0,453700000,50000,4,25.0,26.0
730,2011-08-02,27.0,27.0,27.0,27.0,765179112,81092,38,26.0,27.0
731,2011-08-03,29.0,29.0,29.0,29.0,583608549,59473,23,27.0,29.0
732,2011-08-06,30.0,30.0,29.0,30.0,229439155,22571,26,29.0,30.0
733,2011-08-07,31.0,31.0,28.0,30.0,947650125,91979,30,30.0,31.0
734,2011-08-08,31.0,31.0,29.0,30.0,591653305,57021,32,30.0,31.0
735,2011-08-09,31.0,31.0,31.0,31.0,2784624079,258227,112,30.0,31.0
736,2011-08-14,33.0,34.0,33.0,34.0,2447947678,209656,47,31.0,34.0
737,2011-08-15,35.0,35.0,35.0,35.0,3461870156,285092,89,34.0,35.0
738,2011-08-16,36.0,36.0,34.0,34.0,337070025,28863,36,35.0,34.0
739,2011-08-17,33.0,33.0,33.0,33.0,209477535,18685,11,34.0,33.0
740,2011-08-20,32.0,34.0,32.0,33.0,1216712665,107042,71,33.0,34.0
741,2011-08-21,34.0,34.0,34.0,34.0,711754231,60211,27,33.0,34.0
742,2011-08-23,36.0,36.0,36.0,36.0,1475160000,120000,48,34.0,36.0
743,2011-08-24,37.0,37.0,36.0,37.0,3861745477,302085,115,36.0,37.0
744,2011-08-27,39.0,39.0,39.0,39.0,2486165000,187000,27,37.0,39.0
745,2011-08-28,40.0,40.0,37.0,38.0,4899069360,371106,172,39.0,37.0
746,2011-08-29,38.0,38.0,37.0,37.0,2577424258,202514,85,38.0,37.0
747,2011-08-30,36.0,38.0,36.0,36.0,1493743340,122196,44,37.0,36.0
748,2011-09-03,34.0,37.0,34.0,36.0,1668295416,134247,72,36.0,37.0
749,2011-09-04,37.0,38.0,37.0,37.0,2067091831,160576,50,36.0,38.0
750,2011-09-05,39.0,39.0,38.0,39.0,770161861,57953,56,37.0,38.0
751,2011-09-06,39.0,40.0,38.0,39.0,3651274632,270986,95,39.0,40.0
752,2011-09-07,38.0,40.0,38.0,39.0,2156026635,161229,64,39.0,39.0
753,2011-09-10,39.0,39.0,38.0,39.0,467014605,35214,28,39.0,38.0
754,2011-09-11,37.0,37.0,37.0,37.0,316199220,24835,12,39.0,37.0
755,2011-09-12,36.0,37.0,36.0,36.0,1349049784,109750,63,37.0,36.0
756,2011-09-13,35.0,36.0,34.0,35.0,1699389146,142025,43,36.0,34.0
757,2011-09-14,34.0,35.0,34.0,35.0,180071194,14914,19,35.0,35.0
758,2011-09-17,35.0,35.0,34.0,34.0,1229682350,106172,43,35.0,34.0
759,2011-09-18,34.0,35.0,32.0,33.0,2169321830,193159,44,34.0,33.0
760,2011-09-19,32.0,34.0,32.0,34.0,205587964,17725,26,33.0,34.0
761,2011-09-20,34.0,35.0,33.0,34.0,501862542,43149,34,34.0,33.0
762,2011-09-21,35.0,35.0,33.0,34.0,51733010,4445,6,34.0,35.0
763,2011-09-25,32.0,32.0,32.0,32.0,207724800,18600,9,34.0,32.0
764,2011-09-26,31.0,33.0,31.0,31.0,469740358,43764,28,32.0,31.0
765,2011-09-27,30.0,30.0,30.0,30.0,280497901,27179,23,31.0,30.0
766,2011-09-28,29.0,31.0,29.0,30.0,404745888,39826,19,30.0,30.0
767,2011-10-01,30.0,31.0,30.0,30.0,59068481,5640,10,30.0,31.0
768,2011-10-02,31.0,31.0,30.0,30.0,91390060,8773,12,30.0,31.0
769,2011-10-03,31.0,31.0,31.0,30.0,37827102,3587,4,30.0,31.0
770,2011-10-04,30.0,30.0,29.0,29.0,157071141,15673,16,30.0,29.0
771,2011-10-05,29.0,30.0,29.0,29.0,110439050,10975,18,29.0,29.0
772,2011-10-08,29.0,30.0,29.0,29.0,28116800,2780,4,29.0,30.0
773,2011-10-09,29.0,30.0,29.0,30.0,678228589,66651,24,29.0,30.0
774,2011-10-10,30.0,30.0,29.0,30.0,207881827,20410,15,30.0,30.0
775,2011-10-11,29.0,30.0,29.0,30.0,284857353,27214,8,30.0,30.0
776,2011-10-12,29.0,30.0,29.0,30.0,128305855,12569,9,30.0,30.0
777,2011-10-15,29.0,29.0,29.0,30.0,65872000,6620,16,30.0,29.0
778,2011-10-16,29.0,29.0,28.0,29.0,96029956,9812,7,30.0,28.0
779,2011-10-17,28.0,28.0,28.0,29.0,9759360,1020,6,29.0,28.0
780,2011-10-18,28.0,30.0,28.0,30.0,1279572102,125129,77,29.0,30.0
781,2011-10-19,31.0,31.0,31.0,31.0,769777778,72461,60,30.0,31.0
782,2011-10-22,31.0,32.0,30.0,32.0,1949216914,178688,72,31.0,32.0
783,2011-10-23,33.0,33.0,33.0,33.0,684737814,60362,38,32.0,33.0
784,2011-10-24,34.0,34.0,33.0,34.0,709203688,60871,65,33.0,33.0
785,2011-10-25,33.0,35.0,33.0,35.0,6061976198,506824,87,34.0,35.0
786,2011-10-26,36.0,36.0,35.0,36.0,1370792329,110449,71,35.0,36.0
787,2011-10-29,35.0,37.0,35.0,35.0,237236980,19648,32,36.0,35.0
788,2011-10-30,34.0,36.0,34.0,35.0,1223386723,102008,68,35.0,35.0
789,2011-10-31,36.0,36.0,36.0,36.0,3639303035,291906,100,35.0,36.0
790,2011-11-01,38.0,38.0,37.0,38.0,3953085292,305718,119,36.0,38.0
791,2011-11-02,37.0,38.0,37.0,38.0,1392107439,107629,64,38.0,37.0
792,2011-11-05,36.0,36.0,36.0,37.0,178604700,14348,12,38.0,36.0
793,2011-11-06,35.0,35.0,35.0,35.0,242152806,20089,6,37.0,35.0
794,2011-11-12,36.0,37.0,36.0,36.0,190125300,15368,8,35.0,37.0
795,2011-11-13,37.0,38.0,36.0,38.0,2116084551,166075,125,36.0,38.0
796,2011-11-14,39.0,39.0,38.0,39.0,3801675790,287314,97,38.0,39.0
797,2011-11-16,41.0,41.0,41.0,41.0,1265213862,91942,38,39.0,41.0
798,2011-11-19,42.0,42.0,42.0,42.0,737374275,51525,15,41.0,42.0
799,2011-11-20,44.0,44.0,43.0,44.0,6557376669,440640,243,42.0,44.0
800,2011-11-21,44.0,44.0,42.0,43.0,1974444181,135100,112,44.0,42.0
801,2011-11-22,41.0,41.0,41.0,41.0,248980095,17745,4,43.0,41.0
802,2011-11-23,42.0,43.0,42.0,43.0,5374827409,370571,140,41.0,43.0
803,2011-11-26,44.0,44.0,41.0,41.0,3541593166,253083,126,43.0,41.0
804,2011-11-27,40.0,40.0,40.0,41.0,10022510,746,3,41.0,40.0
805,2011-11-28,39.0,39.0,39.0,40.0,241997346,18042,4,41.0,39.0
806,2011-11-29,38.0,38.0,38.0,39.0,128890000,10000,1,40.0,38.0
807,2011-11-30,37.0,37.0,37.0,37.0,252200000,20000,3,39.0,37.0
808,2011-12-03,36.0,38.0,36.0,36.0,3726795933,306099,187,37.0,36.0
809,2011-12-04,36.0,37.0,36.0,37.0,2980813137,239403,103,36.0,37.0
810,2011-12-07,38.0,38.0,38.0,38.0,672493366,51934,9,37.0,38.0
811,2011-12-10,40.0,40.0,40.0,40.0,2572059864,191004,25,38.0,40.0
812,2011-12-11,41.0,41.0,41.0,41.0,211432392,15098,4,40.0,41.0
813,2011-12-12,43.0,43.0,43.0,43.0,1828358350,126425,7,41.0,43.0
814,2011-12-13,44.0,44.0,43.0,44.0,19666550080,1307694,230,43.0,44.0
815,2011-12-14,46.0,46.0,43.0,46.0,3934969822,252230,83,44.0,46.0
816,2011-12-17,48.0,48.0,47.0,48.0,13732991021,846901,278,46.0,48.0
817,2011-12-18,46.0,49.0,46.0,47.0,14560884473,918390,293,48.0,48.0
818,2011-12-19,49.0,49.0,48.0,49.0,5265778353,319556,77,47.0,49.0
819,2011-12-20,50.0,50.0,48.0,50.0,6000828140,354265,122,49.0,49.0
820,2011-12-21,48.0,49.0,48.0,48.0,2901052444,178328,49,50.0,48.0
821,2011-12-24,46.0,49.0,46.0,48.0,5769360639,351479,119,48.0,47.0
822,2011-12-25,47.0,47.0,46.0,46.0,4614832935,292695,93,48.0,46.0
823,2011-12-26,48.0,48.0,45.0,45.0,1504969393,97598,36,46.0,45.0
824,2011-12-27,47.0,47.0,44.0,47.0,5313943207,331824,77,45.0,47.0
825,2011-12-28,49.0,49.0,49.0,49.0,2952298776,177282,51,47.0,49.0
826,2011-12-31,51.0,51.0,47.0,50.0,13669204788,805427,149,49.0,47.0
827,2012-01-01,48.0,49.0,48.0,48.0,658621399,40376,28,50.0,48.0
828,2012-01-02,48.0,49.0,46.0,47.0,1413436529,87851,69,48.0,46.0
829,2012-01-03,46.0,49.0,46.0,49.0,1426241627,86158,87,47.0,49.0
830,2012-01-04,47.0,50.0,47.0,49.0,1976049436,118347,72,49.0,47.0
831,2012-01-07,47.0,47.0,47.0,48.0,106948720,6665,13,49.0,47.0
832,2012-01-08,47.0,48.0,47.0,47.0,2186282588,135741,25,48.0,48.0
833,2012-01-31,63.0,65.0,60.0,63.0,14408219754,676410,329,47.0,65.0
834,2012-02-01,65.0,65.0,65.0,65.0,5274407770,238090,77,63.0,65.0
835,2012-02-04,68.0,68.0,68.0,68.0,32068149806,1392166,887,65.0,68.0
836,2012-02-05,65.0,65.0,65.0,65.0,1293735342,58503,37,68.0,65.0
837,2012-02-06,63.0,67.0,63.0,65.0,8379586927,379322,348,65.0,65.0
838,2012-02-07,65.0,66.0,62.0,63.0,9267395599,431311,356,65.0,63.0
839,2012-02-08,64.0,65.0,61.0,62.0,6485355653,305803,247,63.0,61.0
840,2012-02-12,60.0,62.0,60.0,61.0,9101429241,441253,293,62.0,62.0
841,2012-02-13,62.0,63.0,62.0,63.0,2939431057,137274,53,61.0,63.0
842,2012-02-14,66.0,66.0,66.0,66.0,2808009555,126095,52,63.0,66.0
843,2012-02-15,68.0,68.0,68.0,68.0,1312582643,56677,10,66.0,68.0
844,2012-02-18,71.0,71.0,71.0,71.0,5565637280,231153,114,68.0,71.0
845,2012-04-15,68.0,68.0,68.0,71.0,23115,1,1,71.0,68.0
846,2012-04-16,68.0,68.0,68.0,71.0,23115000,1000,1,71.0,68.0
847,2012-04-18,68.0,68.0,68.0,71.0,23065,1,1,71.0,68.0
848,2012-04-21,68.0,68.0,68.0,71.0,23065,1,1,71.0,68.0
849,2012-04-22,65.0,65.0,62.0,65.0,35282420,1600,4,71.0,62.0
850,2012-04-23,62.0,62.0,62.0,65.0,2117000,100,2,65.0,62.0
851,2012-04-24,62.0,62.0,62.0,65.0,2116600,100,1,65.0,62.0
852,2012-04-28,62.0,62.0,62.0,65.0,211610,10,1,65.0,62.0
853,2012-04-29,62.0,62.0,62.0,65.0,380898,18,2,65.0,62.0
854,2012-04-30,62.0,62.0,62.0,65.0,42320,2,2,65.0,62.0
855,2012-05-01,62.0,62.0,62.0,65.0,5332320,252,3,65.0,62.0
856,2012-05-02,62.0,62.0,62.0,65.0,19879120,940,1,65.0,62.0
857,2012-05-06,60.0,60.0,57.0,58.0,784770,40,6,65.0,57.0
858,2012-05-21,55.0,55.0,55.0,58.0,12054400,640,1,58.0,55.0
859,2012-05-23,55.0,55.0,55.0,58.0,12225850,650,3,58.0,55.0
860,2012-05-26,55.0,55.0,55.0,57.0,122101782,6501,6,58.0,55.0
861,2012-05-27,55.0,55.0,55.0,57.0,44443200,2400,2,57.0,55.0
862,2012-05-29,54.0,54.0,54.0,57.0,18422,1,1,57.0,54.0
863,2012-06-02,54.0,54.0,54.0,56.0,18422000,1000,1,57.0,54.0
864,2012-06-05,54.0,54.0,54.0,56.0,18382,1,1,56.0,54.0
865,2012-06-06,54.0,54.0,54.0,56.0,18382,1,1,56.0,54.0
866,2012-06-12,54.0,54.0,54.0,56.0,18382,1,1,56.0,54.0
867,2012-06-13,54.0,54.0,54.0,56.0,18382,1,1,56.0,54.0
868,2012-06-16,54.0,54.0,54.0,56.0,18382,1,1,56.0,54.0
869,2012-06-17,54.0,54.0,54.0,56.0,18382,1,1,56.0,54.0
870,2012-06-19,54.0,54.0,54.0,56.0,36764000,2000,1,56.0,54.0
871,2012-06-24,54.0,54.0,54.0,56.0,18302,1,1,56.0,54.0
872,2012-06-30,52.0,52.0,50.0,50.0,101729,6,3,56.0,50.0
873,2012-09-10,53.0,55.0,53.0,54.0,6014148766,329592,92,50.0,55.0
874,2012-09-11,56.0,56.0,56.0,56.0,350847264,18489,7,54.0,56.0
875,2012-09-15,58.0,58.0,58.0,58.0,3749487410,189996,97,56.0,58.0
876,2012-09-16,58.0,60.0,56.0,57.0,5782112691,300559,242,58.0,56.0
877,2012-09-17,57.0,59.0,56.0,57.0,4703777704,241538,164,57.0,58.0
878,2012-09-18,59.0,60.0,59.0,60.0,2585052220,127696,41,57.0,60.0
879,2012-09-19,62.0,62.0,57.0,59.0,2978204607,148372,114,60.0,57.0
880,2012-09-22,57.0,57.0,57.0,57.0,900856692,46724,45,59.0,57.0
881,2012-09-23,55.0,56.0,55.0,55.0,2042803258,110321,92,57.0,56.0
882,2012-09-24,57.0,57.0,57.0,57.0,1460763926,75868,16,55.0,57.0
883,2012-09-25,59.0,59.0,59.0,59.0,381236936,19039,13,57.0,59.0
884,2012-09-26,61.0,61.0,61.0,61.0,3683869720,176905,63,59.0,61.0
885,2012-09-29,62.0,64.0,59.0,61.0,2939727073,141425,106,61.0,61.0
886,2012-09-30,63.0,63.0,59.0,59.0,2706199503,134182,73,61.0,59.0
887,2012-10-01,62.0,62.0,57.0,61.0,2950626805,142738,62,59.0,59.0
888,2012-10-02,59.0,60.0,58.0,59.0,875830551,44068,39,61.0,59.0
889,2012-10-03,61.0,61.0,57.0,60.0,2249201966,110234,84,59.0,57.0
890,2012-10-06,62.0,62.0,58.0,59.0,637110256,31562,23,60.0,58.0
891,2012-10-07,57.0,57.0,57.0,59.0,78310539,4041,9,59.0,57.0
892,2012-10-08,57.0,57.0,57.0,59.0,38418000,2000,4,59.0,57.0
893,2012-10-09,57.0,60.0,57.0,59.0,2653406314,133541,120,59.0,59.0
894,2012-10-10,58.0,60.0,58.0,58.0,947273555,47838,40,59.0,58.0
895,2012-10-13,59.0,59.0,56.0,56.0,2333962692,122323,87,58.0,56.0
896,2012-10-14,54.0,54.0,54.0,54.0,2572257942,140408,85,56.0,54.0
897,2012-10-15,52.0,56.0,52.0,54.0,1815989392,99750,70,54.0,55.0
898,2012-10-16,53.0,53.0,51.0,52.0,1657049875,94106,66,54.0,52.0
899,2012-10-17,54.0,54.0,50.0,50.0,1003528198,58730,58,52.0,50.0
900,2012-10-20,52.0,52.0,52.0,52.0,327980890,18457,20,50.0,52.0
901,2012-10-21,54.0,54.0,52.0,54.0,398332960,21864,37,52.0,52.0
902,2012-10-22,54.0,54.0,52.0,52.0,391089371,22248,20,54.0,52.0
903,2012-10-23,53.0,53.0,50.0,50.0,544763680,32173,23,52.0,50.0
904,2012-10-24,48.0,51.0,48.0,48.0,948170580,58291,38,50.0,48.0
905,2012-10-27,47.0,50.0,46.0,47.0,714200652,45015,61,48.0,50.0
906,2012-10-28,49.0,49.0,47.0,49.0,455517830,27618,25,47.0,49.0
907,2012-10-29,51.0,51.0,51.0,49.0,69521109,4053,9,49.0,51.0
908,2012-10-30,51.0,51.0,51.0,51.0,246755040,14260,9,49.0,51.0
909,2012-10-31,53.0,53.0,53.0,53.0,1035875052,58068,75,51.0,53.0
910,2012-11-04,54.0,55.0,52.0,54.0,2264245732,124523,118,53.0,52.0
911,2012-11-05,53.0,53.0,51.0,52.0,1159271180,66283,48,54.0,51.0
912,2012-11-06,53.0,54.0,53.0,53.0,708736657,39047,30,52.0,53.0
913,2012-11-07,54.0,54.0,51.0,51.0,617784159,35373,28,53.0,51.0
914,2012-11-10,49.0,51.0,49.0,49.0,365812906,21812,39,51.0,49.0
915,2012-11-11,47.0,49.0,47.0,49.0,53951875,3340,9,49.0,49.0
916,2012-11-12,51.0,51.0,49.0,51.0,1822736179,105718,81,49.0,51.0
917,2012-11-28,51.0,53.0,49.0,49.0,238228940,14469,20,51.0,49.0
918,2012-12-01,48.0,51.0,48.0,51.0,1056445792,61778,56,49.0,51.0
919,2012-12-02,53.0,53.0,49.0,49.0,1094990167,65915,55,51.0,49.0
920,2012-12-03,50.0,50.0,48.0,48.0,365003256,22498,32,49.0,48.0
921,2012-12-04,49.0,49.0,47.0,47.0,297649518,18861,26,48.0,49.0
922,2012-12-05,47.0,47.0,45.0,46.0,165619088,10824,17,47.0,46.0
923,2012-12-08,45.0,45.0,44.0,45.0,139047235,9319,11,46.0,44.0
924,2012-12-09,46.0,47.0,46.0,47.0,492206491,31219,47,45.0,47.0
925,2012-12-10,46.0,46.0,45.0,45.0,424529519,27890,22,47.0,45.0
926,2012-12-11,45.0,47.0,45.0,46.0,188421242,12010,16,45.0,47.0
927,2012-12-12,48.0,48.0,47.0,48.0,323999115,20159,20,46.0,47.0
928,2012-12-15,46.0,48.0,46.0,47.0,129529560,8391,23,48.0,46.0
929,2012-12-16,48.0,48.0,45.0,46.0,216011578,14057,22,47.0,45.0
930,2012-12-17,45.0,46.0,44.0,44.0,301623956,20259,17,46.0,46.0
931,2012-12-18,46.0,46.0,43.0,44.0,306241381,20910,21,44.0,45.0
932,2012-12-19,44.0,44.0,42.0,43.0,120546294,8406,15,44.0,44.0
933,2012-12-22,45.0,45.0,45.0,45.0,356173476,23608,32,43.0,45.0
934,2012-12-23,45.0,45.0,43.0,43.0,274250595,18934,21,45.0,43.0
935,2012-12-24,42.0,43.0,41.0,42.0,756665082,54200,55,43.0,41.0
936,2012-12-25,41.0,43.0,41.0,43.0,248197165,17214,18,42.0,43.0
937,2012-12-26,45.0,45.0,42.0,44.0,653917503,44670,39,43.0,44.0
938,2012-12-29,45.0,45.0,45.0,45.0,287124640,18860,19,44.0,45.0
939,2012-12-30,47.0,47.0,45.0,47.0,1267466136,80349,47,45.0,45.0
940,2012-12-31,45.0,47.0,45.0,45.0,859345583,56619,31,47.0,47.0
941,2013-01-01,46.0,46.0,44.0,44.0,450339816,30326,18,45.0,44.0
942,2013-01-02,46.0,46.0,44.0,44.0,64043484,4320,11,44.0,44.0
943,2013-01-06,46.0,46.0,44.0,44.0,4470951,296,8,44.0,44.0
944,2013-01-07,44.0,45.0,44.0,44.0,341134434,22923,17,44.0,45.0
945,2013-01-08,45.0,45.0,45.0,45.0,289412816,19153,32,44.0,45.0
946,2013-01-09,45.0,45.0,45.0,45.0,263291145,17379,28,45.0,45.0
947,2013-01-13,45.0,47.0,45.0,46.0,437094641,28456,43,45.0,46.0
948,2013-01-14,46.0,47.0,44.0,46.0,509217822,33288,31,46.0,45.0
949,2013-01-15,44.0,45.0,44.0,44.0,321707333,21861,12,46.0,45.0
950,2013-01-16,45.0,46.0,45.0,46.0,400779268,26192,37,44.0,46.0
951,2013-01-19,47.0,47.0,47.0,47.0,555080320,34880,40,46.0,47.0
952,2013-01-20,49.0,49.0,47.0,48.0,952821386,59087,72,47.0,48.0
953,2013-01-21,50.0,50.0,50.0,50.0,783356639,46709,20,48.0,50.0
954,2013-01-22,52.0,52.0,52.0,50.0,6993841,401,3,50.0,52.0
955,2013-01-23,52.0,52.0,48.0,52.0,2917630907,167980,149,50.0,52.0
956,2013-01-26,54.0,54.0,53.0,54.0,5026088278,279289,106,52.0,54.0
957,2013-01-27,56.0,56.0,56.0,56.0,365747245,19543,11,54.0,56.0
958,2013-01-28,58.0,58.0,54.0,58.0,9303809994,481356,218,56.0,58.0
959,2013-01-30,59.0,60.0,56.0,59.0,8941994534,447919,228,58.0,56.0
960,2013-02-02,61.0,61.0,57.0,57.0,2561028218,133107,135,59.0,57.0
961,2013-02-03,55.0,60.0,55.0,59.0,8486387493,426637,169,57.0,59.0
962,2013-02-04,61.0,62.0,58.0,61.0,3945620110,193159,140,59.0,61.0
963,2013-02-05,60.0,60.0,58.0,59.0,2386336715,121384,116,61.0,58.0
964,2013-02-06,57.0,57.0,56.0,56.0,1193564001,63103,57,59.0,56.0
965,2013-02-09,56.0,59.0,56.0,57.0,1211364668,63096,60,56.0,56.0
966,2013-02-11,57.0,59.0,55.0,56.0,935363195,49354,58,57.0,56.0
967,2013-02-12,56.0,58.0,55.0,57.0,2265191674,119158,97,56.0,57.0
968,2013-02-13,57.0,57.0,54.0,55.0,988760038,53385,78,57.0,55.0
969,2013-02-16,54.0,55.0,53.0,53.0,486655117,27174,24,55.0,53.0
970,2013-02-17,51.0,55.0,51.0,51.0,2973981857,172206,167,53.0,51.0
971,2013-02-27,53.0,53.0,50.0,52.0,2094688379,121171,94,51.0,51.0
972,2013-03-02,53.0,53.0,49.0,50.0,1788417821,106318,92,52.0,50.0
973,2013-03-03,49.0,49.0,48.0,48.0,326618209,20132,40,50.0,48.0
974,2013-03-04,46.0,48.0,46.0,46.0,968498773,62172,51,48.0,46.0
975,2013-03-05,45.0,45.0,45.0,45.0,366823961,24466,33,46.0,45.0
976,2013-03-06,43.0,46.0,43.0,43.0,1569847146,108109,129,45.0,45.0
977,2013-03-09,45.0,45.0,45.0,45.0,1850708002,122756,72,43.0,45.0
978,2013-03-10,47.0,47.0,43.0,44.0,920889104,62985,61,45.0,43.0
979,2013-03-11,44.0,45.0,42.0,42.0,1494101837,105656,94,44.0,42.0
980,2013-03-12,42.0,42.0,40.0,41.0,1129609449,83042,79,42.0,40.0
981,2013-03-13,40.0,42.0,39.0,39.0,1100087370,84186,51,41.0,41.0
982,2013-03-16,40.0,40.0,40.0,40.0,2739473028,202363,108,39.0,40.0
983,2013-03-17,42.0,42.0,40.0,40.0,810194416,59838,42,40.0,40.0
984,2013-03-18,42.0,42.0,39.0,40.0,374685546,28165,47,40.0,39.0
985,2013-03-25,40.0,41.0,40.0,40.0,102008280,7441,11,40.0,41.0
986,2013-03-26,42.0,42.0,42.0,41.0,66117605,4721,10,40.0,42.0
987,2013-03-27,42.0,42.0,42.0,41.0,43663814,3086,5,41.0,42.0
988,2013-03-30,42.0,42.0,42.0,42.0,217262722,15254,10,41.0,42.0
989,2013-03-31,44.0,44.0,43.0,44.0,1735914101,118194,87,42.0,44.0
990,2013-04-03,45.0,45.0,43.0,43.0,387203254,26543,60,44.0,43.0
991,2013-04-06,44.0,45.0,44.0,45.0,661931310,43879,48,43.0,45.0
992,2013-04-07,47.0,47.0,47.0,46.0,175705600,11200,10,45.0,47.0
993,2013-04-08,48.0,48.0,48.0,46.0,40349259,2511,6,46.0,48.0
994,2013-04-09,48.0,48.0,47.0,48.0,2567600645,159038,87,46.0,48.0
995,2013-04-10,49.0,50.0,49.0,50.0,1403686821,84103,83,48.0,50.0
996,2013-04-13,52.0,52.0,49.0,51.0,833278393,48353,75,50.0,51.0
997,2013-04-15,53.0,53.0,51.0,52.0,1002738276,57611,78,51.0,51.0
998,2013-04-16,53.0,54.0,52.0,54.0,958185261,53304,66,52.0,54.0
999,2013-04-17,55.0,56.0,53.0,55.0,1227538504,66921,67,54.0,55.0
1000,2013-04-20,54.0,55.0,52.0,53.0,899838833,50341,87,55.0,52.0
1001,2013-04-21,55.0,55.0,55.0,55.0,1916703360,103104,38,53.0,55.0
1002,2013-04-22,58.0,58.0,56.0,58.0,3156646972,163405,88,55.0,57.0
1003,2013-04-23,58.0,60.0,58.0,59.0,5630538980,283261,153,58.0,60.0
1004,2013-04-24,61.0,61.0,57.0,59.0,2211797884,110798,83,59.0,57.0
1005,2013-04-27,57.0,57.0,57.0,59.0,89170092,4653,5,59.0,57.0
1006,2013-04-28,57.0,59.0,57.0,57.0,4169767077,219007,158,59.0,57.0
1007,2013-04-29,57.0,58.0,54.0,56.0,2302073179,122656,95,57.0,56.0
1008,2013-04-30,55.0,55.0,54.0,54.0,908544744,49961,43,56.0,54.0
1009,2013-05-01,52.0,54.0,52.0,52.0,2346628209,134094,106,54.0,52.0
1010,2013-05-04,51.0,53.0,50.0,51.0,2787738912,161282,159,52.0,51.0
1011,2013-05-05,53.0,54.0,51.0,53.0,2330266453,129878,119,51.0,52.0
1012,2013-05-06,51.0,52.0,51.0,51.0,1094135075,63461,71,53.0,51.0
1013,2013-05-07,49.0,51.0,49.0,50.0,925355359,55685,63,51.0,49.0
1014,2013-05-08,48.0,48.0,48.0,48.0,516223578,32357,26,50.0,48.0
1015,2013-05-11,46.0,48.0,46.0,46.0,598961578,39082,70,48.0,46.0
1016,2013-05-12,47.0,47.0,44.0,46.0,505905033,32594,60,46.0,46.0
1017,2013-05-13,48.0,48.0,44.0,46.0,155127058,10167,24,46.0,44.0
1018,2013-05-14,44.0,45.0,44.0,44.0,261891079,17681,22,46.0,44.0
1019,2013-05-15,46.0,46.0,44.0,45.0,513337342,34348,35,44.0,46.0
1020,2013-05-26,58.0,59.0,57.0,58.0,5516861076,283636,247,45.0,58.0
1021,2013-05-27,59.0,60.0,56.0,58.0,2904594790,149570,202,58.0,57.0
1022,2013-05-28,57.0,57.0,56.0,56.0,1878304746,99247,134,58.0,56.0
1023,2013-05-29,54.0,57.0,54.0,56.0,2451854957,130990,153,56.0,56.0
1024,2013-06-01,56.0,56.0,54.0,55.0,1313892264,71574,79,56.0,54.0
1025,2013-06-02,56.0,56.0,54.0,54.0,1418124542,78306,66,55.0,54.0
1026,2013-06-03,53.0,56.0,53.0,54.0,614820810,34101,49,54.0,54.0
1027,2013-06-08,56.0,56.0,54.0,55.0,399691672,21741,53,54.0,55.0
1028,2013-06-09,55.0,55.0,54.0,55.0,171139675,9395,28,55.0,54.0
1029,2013-06-10,54.0,56.0,53.0,54.0,567356278,31503,35,55.0,53.0
1030,2013-06-11,55.0,55.0,54.0,54.0,465820380,25595,37,54.0,54.0
1031,2013-06-12,54.0,54.0,53.0,54.0,482050256,26823,21,54.0,54.0
1032,2013-06-15,53.0,55.0,52.0,53.0,939747040,52552,80,54.0,54.0
1033,2013-06-16,54.0,54.0,51.0,52.0,1355945343,77832,71,53.0,51.0
1034,2013-06-17,53.0,53.0,50.0,50.0,1340239313,79260,67,52.0,50.0
1035,2013-06-18,51.0,52.0,51.0,52.0,230626870,13183,25,50.0,52.0
1036,2013-06-19,54.0,54.0,54.0,54.0,362670520,20126,20,52.0,54.0
1037,2013-07-21,66.0,69.0,66.0,68.0,7070845190,310858,185,54.0,69.0
1038,2013-07-22,70.0,70.0,69.0,70.0,5255459518,223525,197,68.0,70.0
1039,2013-07-23,73.0,73.0,72.0,73.0,2868279907,117691,161,70.0,73.0
1040,2013-07-24,75.0,75.0,70.0,73.0,1706701787,69529,142,73.0,70.0
1041,2013-07-27,74.0,74.0,70.0,72.0,1589720511,66193,95,73.0,70.0
1042,2013-07-28,71.0,73.0,69.0,72.0,887655104,36951,76,72.0,72.0
1043,2013-07-29,72.0,72.0,70.0,72.0,946723544,39189,57,72.0,72.0
1044,2013-07-31,72.0,74.0,72.0,73.0,1749269433,71666,89,72.0,73.0
1045,2013-08-03,76.0,76.0,74.0,76.0,3089295647,121729,111,73.0,76.0
1046,2013-08-04,79.0,79.0,79.0,78.0,456334970,17290,17,76.0,79.0
1047,2013-08-05,82.0,82.0,82.0,80.0,197232546,7203,9,78.0,82.0
1048,2013-08-06,83.0,83.0,83.0,82.0,309458552,11128,11,80.0,83.0
1049,2013-08-07,85.0,85.0,85.0,84.0,329029440,11553,16,82.0,85.0
1050,2013-08-11,87.0,87.0,86.0,87.0,6427158902,220206,183,84.0,87.0
1051,2013-08-12,90.0,90.0,84.0,89.0,3954026338,131724,203,87.0,90.0
1052,2013-08-13,93.0,93.0,93.0,91.0,299349402,9589,17,89.0,93.0
1053,2013-08-14,95.0,95.0,95.0,93.0,355975086,11171,9,91.0,95.0
1054,2013-08-17,97.0,97.0,97.0,97.0,5671274455,173774,120,93.0,97.0
1055,2013-08-18,101.0,101.0,101.0,101.0,676647776,19936,19,97.0,101.0
1056,2013-08-19,105.0,105.0,105.0,104.0,511821000,14500,17,101.0,105.0
1057,2013-08-20,108.0,108.0,100.0,107.0,10374337484,289870,395,104.0,106.0
1058,2013-08-21,107.0,111.0,104.0,108.0,5163992162,142612,239,107.0,111.0
1059,2013-08-24,112.0,112.0,112.0,112.0,2065515436,54858,84,108.0,112.0
1060,2013-08-25,117.0,117.0,108.0,115.0,4876764974,126870,200,112.0,110.0
1061,2013-08-26,113.0,113.0,110.0,110.0,848993905,22994,49,115.0,110.0
1062,2013-08-27,107.0,114.0,106.0,109.0,4390500162,120286,194,110.0,106.0
1063,2013-08-28,104.0,104.0,104.0,108.0,45903710,1310,7,109.0,104.0
1064,2013-08-31,104.0,104.0,104.0,107.0,199413994,5707,29,108.0,104.0
1065,2013-09-01,103.0,103.0,103.0,107.0,44345350,1285,8,107.0,103.0
1066,2013-09-03,103.0,103.0,103.0,106.0,149632072,4348,12,107.0,103.0
1067,2013-09-04,102.0,102.0,102.0,105.0,85222500,2500,2,106.0,102.0
1068,2013-09-07,101.0,101.0,101.0,105.0,2475065,73,1,105.0,101.0
1069,2013-09-08,101.0,101.0,101.0,105.0,3491597,103,4,105.0,101.0
1070,2013-09-09,101.0,106.0,101.0,101.0,3878011461,114418,114,105.0,101.0
1071,2013-09-10,98.0,104.0,98.0,102.0,2617239195,76148,150,101.0,102.0
1072,2013-09-11,103.0,103.0,98.0,99.0,1303505139,39178,90,102.0,98.0
1073,2013-09-14,95.0,95.0,95.0,96.0,490141961,15345,29,99.0,95.0
1074,2013-09-15,95.0,98.0,92.0,93.0,1161815261,37218,82,96.0,92.0
1075,2013-09-16,89.0,89.0,89.0,91.0,289197600,9650,25,93.0,89.0
1076,2013-09-17,87.0,89.0,87.0,88.0,2845330524,96794,92,91.0,87.0
1077,2013-09-18,91.0,91.0,84.0,87.0,1696287830,58170,113,88.0,85.0
1078,2013-09-21,83.0,90.0,83.0,90.0,2154904340,71319,109,87.0,90.0
1079,2013-09-22,94.0,94.0,87.0,89.0,986834323,32948,62,90.0,87.0
1080,2013-09-23,86.0,93.0,86.0,90.0,559636993,18489,49,89.0,90.0
1081,2013-09-24,92.0,92.0,87.0,87.0,1882515084,64429,111,90.0,87.0
1082,2013-09-25,85.0,89.0,85.0,87.0,913226811,31296,84,87.0,86.0
1083,2013-09-28,85.0,88.0,84.0,84.0,1312385620,46288,100,87.0,84.0
1084,2013-09-29,83.0,83.0,81.0,81.0,1687550565,61808,127,84.0,83.0
1085,2013-09-30,82.0,85.0,82.0,84.0,1026994299,36309,30,81.0,85.0
1086,2013-10-01,88.0,88.0,88.0,86.0,356610168,12123,29,84.0,88.0
1087,2013-10-02,90.0,90.0,88.0,90.0,5677017835,188429,170,86.0,90.0
1088,2013-10-05,93.0,93.0,93.0,93.0,475948270,15190,19,90.0,93.0
1089,2013-10-06,96.0,96.0,96.0,96.0,653137884,20181,25,93.0,96.0
1090,2013-10-07,100.0,100.0,93.0,98.0,9388998581,286297,234,96.0,96.0
1091,2013-10-08,98.0,99.0,94.0,98.0,7314000444,222487,130,98.0,95.0
1092,2013-10-09,94.0,97.0,94.0,94.0,2636685376,83479,104,98.0,94.0
1093,2013-10-12,94.0,95.0,90.0,90.0,2760902860,90960,120,94.0,90.0
1094,2013-10-13,93.0,94.0,87.0,93.0,2465871221,79306,125,90.0,94.0
1095,2013-10-14,95.0,96.0,90.0,93.0,2468323886,78938,108,93.0,90.0
1096,2013-10-15,92.0,94.0,89.0,91.0,1953399220,63798,104,93.0,92.0
1097,2013-10-19,94.0,94.0,88.0,89.0,2390190741,79937,109,91.0,91.0
1098,2013-10-20,89.0,93.0,89.0,92.0,3340661934,108048,84,89.0,92.0
1099,2013-10-21,89.0,92.0,88.0,89.0,1755710046,58792,74,92.0,88.0
1100,2013-10-22,88.0,92.0,86.0,91.0,2002545986,65787,70,89.0,87.0
1101,2013-10-23,92.0,92.0,87.0,90.0,451739891,15052,49,91.0,89.0
1102,2013-10-26,89.0,92.0,89.0,91.0,1117868084,36583,81,90.0,91.0
1103,2013-10-27,88.0,95.0,88.0,91.0,3233567860,105326,139,91.0,88.0
1104,2013-10-28,89.0,90.0,88.0,89.0,985232555,33101,82,91.0,89.0
1105,2013-10-29,85.0,89.0,85.0,86.0,834335775,28925,77,89.0,85.0
1106,2013-10-30,88.0,88.0,83.0,84.0,1929386096,68152,117,86.0,83.0
1107,2013-11-02,83.0,87.0,83.0,86.0,942557058,32565,53,84.0,86.0
1108,2013-11-03,86.0,86.0,83.0,86.0,339069664,11846,35,86.0,86.0
1109,2013-11-04,86.0,86.0,82.0,84.0,1305752424,46197,107,86.0,85.0
1110,2013-11-05,85.0,85.0,82.0,83.0,812881333,29096,74,84.0,82.0
1111,2013-11-06,82.0,82.0,81.0,82.0,1226683024,44654,104,83.0,82.0
1112,2013-11-16,82.0,85.0,82.0,85.0,598829317,21436,52,82.0,85.0
1113,2013-11-17,88.0,88.0,88.0,88.0,715284860,24620,24,85.0,88.0
1114,2013-11-18,92.0,92.0,92.0,92.0,1545769185,51159,44,88.0,92.0
1115,2013-11-19,96.0,96.0,88.0,92.0,2201055425,72767,143,92.0,89.0
1116,2013-11-20,91.0,91.0,88.0,89.0,698149520,24009,102,92.0,88.0
1117,2013-11-23,85.0,91.0,85.0,89.0,663205548,22806,75,89.0,87.0
1118,2013-11-24,86.0,87.0,85.0,85.0,1392402549,49795,73,89.0,85.0
1119,2013-11-25,82.0,89.0,82.0,88.0,1363498178,47350,66,85.0,89.0
1120,2013-11-26,91.0,91.0,89.0,91.0,1405989112,47108,82,88.0,91.0
1121,2013-11-27,92.0,93.0,89.0,91.0,3425572609,114189,106,91.0,92.0
1122,2013-11-30,94.0,94.0,88.0,91.0,1672678683,55869,89,91.0,89.0
1123,2013-12-01,88.0,90.0,88.0,89.0,1078599232,36739,65,91.0,90.0
1124,2013-12-02,91.0,91.0,87.0,89.0,587432656,20021,37,89.0,89.0
1125,2013-12-03,87.0,90.0,86.0,89.0,180417470,6290,24,89.0,89.0
1126,2013-12-04,89.0,91.0,85.0,88.0,2003475173,69363,85,89.0,85.0
1127,2013-12-07,91.0,91.0,84.0,85.0,1691831476,60471,119,88.0,85.0
1128,2013-12-08,88.0,88.0,82.0,84.0,1194639654,43459,58,85.0,82.0
1129,2013-12-09,82.0,85.0,82.0,83.0,883290824,32482,74,84.0,82.0
1130,2013-12-10,85.0,85.0,82.0,84.0,1001786856,36535,90,83.0,85.0
1131,2013-12-11,82.0,87.0,82.0,86.0,1282262883,45297,80,84.0,86.0
1132,2013-12-14,88.0,90.0,87.0,88.0,1367888947,47127,93,86.0,88.0
1133,2013-12-15,91.0,91.0,85.0,86.0,755380600,26877,56,88.0,85.0
1134,2013-12-16,85.0,85.0,83.0,84.0,1780360331,64823,114,86.0,84.0
1135,2013-12-17,83.0,87.0,83.0,85.0,2138465921,76402,88,84.0,87.0
1136,2013-12-18,88.0,89.0,87.0,88.0,4268881914,147571,161,85.0,89.0
1137,2013-12-21,92.0,92.0,92.0,92.0,841206685,27961,44,88.0,92.0
1138,2013-12-22,95.0,95.0,95.0,94.0,358028584,11443,27,92.0,95.0
1139,2013-12-24,98.0,98.0,98.0,98.0,591805248,18457,21,94.0,98.0
1140,2013-12-25,102.0,102.0,102.0,102.0,656482702,19687,31,98.0,102.0
1141,2013-12-28,106.0,106.0,98.0,104.0,9441108941,275381,307,102.0,105.0
1142,2013-12-29,109.0,109.0,107.0,109.0,4775803072,134009,100,104.0,109.0
1143,2013-12-30,113.0,113.0,113.0,113.0,869979799,23473,33,109.0,113.0
1144,2014-01-01,117.0,117.0,108.0,113.0,4975543918,134604,189,113.0,113.0
1145,2014-01-04,108.0,108.0,108.0,111.0,244888886,6901,15,113.0,108.0
1146,2014-01-05,106.0,111.0,106.0,108.0,4806638904,135730,142,111.0,106.0
1147,2014-01-06,109.0,111.0,104.0,107.0,1508671651,42895,90,108.0,108.0
1148,2014-01-07,110.0,111.0,108.0,111.0,9398556644,257385,192,107.0,111.0
1149,2014-01-08,116.0,116.0,107.0,110.0,4840258408,134296,152,111.0,107.0
1150,2014-01-11,111.0,111.0,105.0,106.0,1552526860,44717,55,110.0,105.0
1151,2014-01-12,102.0,102.0,102.0,102.0,567244491,17015,28,106.0,102.0
1152,2014-01-13,98.0,105.0,98.0,99.0,2517280365,77191,85,102.0,105.0
1153,2014-01-14,103.0,103.0,95.0,100.0,2430877375,73915,111,99.0,95.0
1154,2014-01-15,104.0,104.0,104.0,104.0,1184806315,34652,49,100.0,104.0
1155,2014-01-18,108.0,108.0,108.0,105.0,106712559,3001,11,104.0,108.0
1156,2014-01-20,109.0,109.0,101.0,108.0,7039470422,198692,140,105.0,108.0
1157,2014-01-21,111.0,111.0,105.0,109.0,1242255977,34722,76,108.0,107.0
1158,2014-01-22,105.0,105.0,105.0,105.0,1040252218,30272,34,109.0,105.0
1159,2014-01-25,101.0,104.0,100.0,101.0,503908170,15268,45,105.0,100.0
1160,2014-01-26,97.0,98.0,97.0,100.0,186697082,5839,19,101.0,97.0
1161,2014-01-27,96.0,96.0,96.0,100.0,20996316,666,4,100.0,96.0
1162,2014-01-28,96.0,103.0,96.0,97.0,1089345562,34373,54,100.0,96.0
1163,2014-01-29,93.0,100.0,93.0,100.0,1320529917,40211,69,97.0,100.0
1164,2014-02-01,104.0,104.0,104.0,104.0,1526945293,44721,63,100.0,104.0
1165,2014-02-02,105.0,105.0,100.0,100.0,1385177574,42221,41,104.0,100.0
1166,2014-02-03,100.0,104.0,96.0,102.0,2821474481,84290,47,100.0,104.0
1167,2014-02-04,106.0,106.0,106.0,106.0,623221333,17903,15,102.0,106.0
1168,2014-02-05,110.0,110.0,104.0,109.0,8599797719,241150,197,106.0,104.0
1169,2014-02-08,104.0,105.0,104.0,104.0,2750320751,80216,83,109.0,104.0
1170,2014-02-09,100.0,107.0,100.0,103.0,274279573,8292,18,104.0,101.0
1171,2014-02-10,101.0,101.0,99.0,102.0,70523183,2164,8,103.0,99.0
1172,2014-02-12,98.0,98.0,98.0,102.0,5065448,157,1,102.0,98.0
1173,2014-02-15,98.0,98.0,98.0,100.0,385710534,11951,27,102.0,98.0
1174,2014-02-16,96.0,100.0,96.0,98.0,527944971,16389,45,100.0,98.0
1175,2014-02-17,101.0,102.0,96.0,99.0,638233173,19547,68,98.0,98.0
1176,2014-02-18,96.0,96.0,95.0,96.0,492506690,15692,34,99.0,95.0
1177,2014-02-19,96.0,100.0,96.0,98.0,514809899,16007,67,96.0,98.0
1178,2014-02-22,102.0,102.0,102.0,99.0,258660984,7752,15,98.0,102.0
1179,2014-02-23,103.0,103.0,103.0,103.0,780321000,23000,20,99.0,103.0
1180,2014-02-24,107.0,107.0,104.0,107.0,8078649681,228970,158,103.0,107.0
1181,2014-02-25,110.0,112.0,108.0,111.0,8587178794,235565,242,107.0,111.0
1182,2014-02-26,107.0,111.0,107.0,110.0,2554959390,70974,117,111.0,109.0
1183,2014-03-01,105.0,111.0,105.0,106.0,1323402009,37998,44,110.0,107.0
1184,2014-03-02,110.0,110.0,107.0,108.0,2455718428,68997,89,106.0,108.0
1185,2014-03-03,110.0,110.0,104.0,105.0,2768477719,80584,80,108.0,104.0
1186,2014-03-04,103.0,107.0,103.0,105.0,641533542,18616,50,105.0,104.0
1187,2014-03-05,103.0,109.0,103.0,107.0,813087625,23228,45,105.0,107.0
1188,2014-03-08,110.0,110.0,102.0,106.0,1502014667,43091,73,107.0,104.0
1189,2014-03-09,104.0,107.0,102.0,103.0,2356725126,69992,133,106.0,103.0
1190,2014-03-18,127.0,132.0,127.0,130.0,1238438986,151293,99,103.0,132.0
1191,2014-03-19,135.0,135.0,135.0,134.0,700211276,82252,44,130.0,135.0
1192,2014-03-25,139.0,139.0,139.0,137.0,426113600,48400,30,134.0,139.0
1193,2014-03-26,142.0,142.0,142.0,140.0,440149829,49009,37,137.0,142.0
1194,2014-03-29,144.0,144.0,134.0,140.0,977252171,110362,133,140.0,139.0
1195,2014-03-30,139.0,140.0,135.0,136.0,993116932,115465,152,140.0,135.0
1196,2014-03-31,131.0,139.0,131.0,133.0,690896729,82751,49,136.0,131.0
1197,2014-04-05,131.0,131.0,128.0,132.0,198471224,24297,38,133.0,130.0
1198,2014-04-06,135.0,135.0,127.0,128.0,586178300,73137,57,132.0,127.0
1199,2014-04-07,129.0,130.0,124.0,128.0,117575999,14523,37,128.0,127.0
1200,2014-04-08,129.0,129.0,125.0,128.0,206872360,25581,30,128.0,127.0
1201,2014-04-09,128.0,133.0,127.0,133.0,1996935647,238255,109,128.0,133.0
1202,2014-04-12,138.0,138.0,136.0,138.0,1782555528,204571,132,133.0,138.0
1203,2014-04-13,143.0,143.0,133.0,138.0,282079734,32565,31,138.0,133.0
1204,2014-04-14,132.0,132.0,132.0,138.0,16480926,1974,4,138.0,132.0
1205,2014-04-15,132.0,132.0,132.0,136.0,223795815,26824,45,138.0,132.0
1206,2014-04-16,131.0,135.0,131.0,134.0,328287533,39741,33,136.0,131.0
1207,2014-04-19,129.0,129.0,129.0,134.0,46713835,5755,12,134.0,129.0
1208,2014-04-20,128.0,138.0,128.0,132.0,288877017,35267,49,134.0,131.0
1209,2014-04-21,131.0,134.0,128.0,132.0,51046197,6268,16,132.0,129.0
1210,2014-04-22,128.0,128.0,127.0,129.0,452026999,56322,66,132.0,128.0
1211,2014-04-23,127.0,127.0,124.0,124.0,927882442,118527,52,129.0,124.0
1212,2014-04-26,128.0,128.0,127.0,127.0,605928164,74972,79,124.0,128.0
1213,2014-04-27,129.0,129.0,125.0,127.0,515613071,64665,40,127.0,125.0
1214,2014-04-28,129.0,129.0,122.0,126.0,179810820,22933,12,127.0,125.0
1215,2014-04-29,127.0,128.0,121.0,126.0,86020519,11139,19,126.0,122.0
1216,2014-04-30,121.0,126.0,121.0,124.0,402810664,52263,57,126.0,125.0
1217,2014-05-03,124.0,124.0,120.0,124.0,56285050,7353,13,124.0,121.0
1218,2014-05-04,119.0,119.0,119.0,122.0,249131760,33277,25,124.0,119.0
1219,2014-05-05,126.0,126.0,117.0,120.0,336145960,45184,25,122.0,119.0
1220,2014-05-06,117.0,125.0,116.0,122.0,1026579455,133562,54,120.0,121.0
1221,2014-05-07,122.0,122.0,119.0,122.0,86106450,11348,16,122.0,119.0
1222,2014-05-10,117.0,117.0,117.0,121.0,48444810,6573,5,122.0,117.0
1223,2014-05-11,117.0,117.0,116.0,120.0,166603676,22648,17,121.0,116.0
1224,2014-05-12,119.0,119.0,115.0,118.0,589161369,79239,28,120.0,116.0
1225,2014-05-14,116.0,116.0,114.0,118.0,104436474,14536,10,118.0,114.0
1226,2014-05-17,114.0,114.0,113.0,116.0,283051391,39713,22,118.0,113.0
1227,2014-05-18,111.0,116.0,111.0,115.0,110802945,15723,28,116.0,111.0
1228,2014-05-19,110.0,116.0,110.0,115.0,34341040,4870,14,115.0,111.0
1229,2014-05-20,110.0,111.0,110.0,114.0,176906106,25399,22,115.0,111.0
1230,2014-05-21,114.0,114.0,114.0,114.0,1094400,152,1,114.0,114.0
1231,2014-05-24,109.0,111.0,109.0,112.0,330328374,47782,25,114.0,109.0
1232,2014-05-25,109.0,109.0,107.0,108.0,465950508,68866,18,112.0,107.0
1233,2014-05-26,104.0,104.0,104.0,105.0,442011457,67267,66,108.0,104.0
1234,2014-05-28,106.0,108.0,101.0,105.0,108154457,16872,22,105.0,101.0
1235,2014-05-31,102.0,102.0,101.0,105.0,7719200,1200,2,105.0,101.0
1236,2014-06-01,101.0,101.0,101.0,105.0,20744880,3270,5,105.0,101.0
1237,2014-06-02,100.0,100.0,100.0,104.0,34683264,5474,5,105.0,100.0
1238,2014-06-03,100.0,108.0,100.0,106.0,935045709,140245,84,104.0,108.0
1239,2014-06-07,110.0,110.0,110.0,108.0,372357564,53708,38,106.0,110.0
1240,2014-06-08,112.0,112.0,112.0,110.0,246038656,34712,19,108.0,112.0
1241,2014-06-09,114.0,114.0,105.0,109.0,207402100,30053,32,110.0,105.0
1242,2014-06-10,106.0,106.0,105.0,109.0,47264780,7064,5,109.0,105.0
1243,2014-06-11,105.0,105.0,105.0,109.0,3309500,500,2,109.0,105.0
1244,2014-06-14,105.0,105.0,105.0,108.0,124517670,18815,7,109.0,105.0
1245,2014-06-15,104.0,111.0,104.0,108.0,822205363,120554,68,108.0,106.0
1246,2014-06-16,104.0,110.0,104.0,107.0,449114082,66635,60,108.0,104.0
1247,2014-06-17,110.0,110.0,103.0,107.0,15097852,2306,6,107.0,103.0
1248,2014-06-18,107.0,103.0,103.0,107.0,82927947,12774,20,107.0,103.0
1249,2014-06-21,102.0,107.0,102.0,105.0,322931767,49501,37,107.0,105.0
1250,2014-06-22,109.0,109.0,103.0,105.0,163925760,24240,21,105.0,107.0
1251,2014-06-23,101.0,102.0,101.0,104.0,146693794,22951,13,105.0,101.0
1252,2014-06-24,108.0,108.0,100.0,104.0,43081370,6780,11,104.0,101.0
1253,2014-07-07,100.0,100.0,100.0,104.0,47606333,7541,7,104.0,100.0
1254,2014-07-08,100.0,103.0,100.0,100.0,718515829,113799,92,104.0,101.0
1255,2014-07-09,101.0,101.0,96.0,98.0,255996740,42207,28,100.0,96.0
1256,2014-07-12,94.0,94.0,94.0,98.0,111266786,18678,15,98.0,94.0
1257,2014-07-13,94.0,95.0,94.0,94.0,455359842,77022,32,98.0,94.0
1258,2014-07-14,91.0,94.0,91.0,94.0,98146954,16803,19,94.0,92.0
1259,2014-07-15,91.0,91.0,90.0,93.0,176183569,30848,16,94.0,90.0
1260,2014-07-16,93.0,93.0,89.0,91.0,353448646,62401,46,93.0,91.0
1261,2014-07-20,87.0,94.0,87.0,91.0,149519893,26362,27,91.0,88.0
1262,2014-07-21,91.0,93.0,91.0,91.0,104490638,18067,10,91.0,93.0
1263,2014-07-22,94.0,94.0,93.0,91.0,54452468,9203,5,91.0,94.0
1264,2014-07-23,91.0,93.0,91.0,91.0,177221238,30470,22,91.0,93.0
1265,2014-07-26,93.0,94.0,91.0,92.0,42241610,7206,14,91.0,92.0
1266,2014-07-27,94.0,95.0,93.0,94.0,440321668,73536,44,92.0,95.0
1267,2014-07-28,95.0,95.0,90.0,92.0,657538086,113741,56,94.0,94.0
1268,2014-08-02,94.0,95.0,94.0,94.0,354427320,59064,38,92.0,95.0
1269,2014-08-03,90.0,90.0,90.0,93.0,76680000,13500,4,94.0,90.0
1270,2014-08-05,96.0,96.0,96.0,93.0,3594355,595,3,93.0,96.0
1271,2014-08-06,89.0,95.0,89.0,93.0,144243249,25217,28,93.0,89.0
1272,2014-08-09,89.0,89.0,89.0,92.0,61991124,11053,12,93.0,89.0
1273,2014-08-10,89.0,90.0,89.0,92.0,56330131,10039,15,92.0,89.0
1274,2014-08-11,91.0,93.0,88.0,92.0,17911080,3135,7,92.0,88.0
1275,2014-08-12,91.0,91.0,88.0,91.0,64365220,11507,11,92.0,88.0
1276,2014-08-13,93.0,93.0,88.0,91.0,79197763,14269,18,91.0,88.0
1277,2014-08-16,87.0,87.0,87.0,91.0,16807765,3053,8,91.0,87.0
1278,2014-08-17,87.0,87.0,87.0,91.0,2199600,400,2,91.0,87.0
1279,2014-08-18,88.0,88.0,87.0,90.0,91613508,16664,10,91.0,87.0
1280,2014-08-19,92.0,92.0,87.0,90.0,4431954,800,3,90.0,87.0
1281,2014-08-20,87.0,88.0,87.0,90.0,18295760,3332,3,90.0,87.0
1282,2014-08-23,87.0,87.0,86.0,89.0,205309881,37642,14,90.0,86.0
1283,2014-08-24,85.0,92.0,85.0,88.0,3038234936,545423,156,89.0,91.0
1284,2014-08-25,92.0,92.0,85.0,85.0,1832242914,339562,105,88.0,85.0
1285,2014-08-26,83.0,87.0,82.0,83.0,3154349373,601756,197,85.0,85.0
1286,2014-08-27,83.0,86.0,83.0,86.0,1509198777,277307,136,83.0,86.0
1287,2014-08-30,90.0,90.0,85.0,88.0,1075373252,192923,107,86.0,86.0
1288,2014-08-31,86.0,87.0,85.0,85.0,885800681,165401,95,88.0,85.0
1289,2014-09-01,82.0,85.0,82.0,83.0,952544711,182464,89,85.0,84.0
1290,2014-09-02,82.0,83.0,79.0,80.0,1628594704,321622,104,83.0,80.0
1291,2014-09-03,82.0,83.0,79.0,81.0,1709423617,333127,126,80.0,80.0
1292,2014-09-06,83.0,83.0,78.0,78.0,1052587011,212527,80,81.0,78.0
1293,2014-09-07,78.0,78.0,75.0,77.0,353762473,73535,72,78.0,76.0
1294,2014-09-08,76.0,78.0,76.0,76.0,487341647,101349,54,77.0,76.0
1295,2014-09-09,79.0,79.0,73.0,73.0,765871238,165143,101,76.0,73.0
1296,2014-09-10,71.0,74.0,71.0,71.0,1009566062,225581,109,73.0,71.0
1297,2014-09-13,74.0,74.0,70.0,71.0,1270923504,284082,129,71.0,70.0
1298,2014-09-14,71.0,71.0,69.0,70.0,139303300,31665,40,71.0,70.0
1299,2014-09-15,68.0,72.0,68.0,68.0,886383767,206405,85,70.0,68.0
1300,2014-09-16,70.0,71.0,68.0,71.0,427662652,96000,59,68.0,71.0
1301,2014-09-17,73.0,73.0,72.0,73.0,2859102447,617529,229,71.0,73.0
1302,2014-09-20,75.0,75.0,72.0,73.0,549643025,118770,116,73.0,72.0
1303,2014-10-06,75.0,77.0,74.0,75.0,1385311599,291851,78,73.0,74.0
1304,2014-10-07,72.0,75.0,72.0,73.0,1576090254,340439,151,75.0,73.0
1305,2014-10-08,74.0,75.0,73.0,74.0,341703553,73388,80,73.0,73.0
1306,2014-10-11,74.0,76.0,72.0,74.0,847202171,180288,106,74.0,72.0
1307,2014-10-12,73.0,74.0,72.0,72.0,699546897,153548,59,74.0,72.0
1308,2014-10-14,73.0,73.0,70.0,71.0,223012676,50243,34,72.0,71.0
1309,2014-10-15,72.0,73.0,70.0,71.0,294291503,66154,54,71.0,70.0
1310,2014-10-18,72.0,72.0,71.0,71.0,492044647,109044,55,71.0,72.0
1311,2014-10-19,72.0,73.0,72.0,72.0,167871171,36961,29,71.0,72.0
1312,2014-10-20,73.0,75.0,71.0,74.0,1498153587,320933,103,72.0,73.0
1313,2014-10-21,73.0,74.0,72.0,73.0,362136015,78651,56,74.0,73.0
1314,2014-10-22,71.0,72.0,71.0,71.0,497425716,110917,50,73.0,71.0
1315,2014-10-25,69.0,71.0,69.0,70.0,1645395462,370544,82,71.0,70.0
1316,2014-10-26,71.0,71.0,69.0,70.0,306697520,69832,70,70.0,70.0
1317,2014-10-27,71.0,71.0,70.0,71.0,454009227,101504,59,70.0,70.0
1318,2014-10-28,69.0,70.0,69.0,69.0,766816029,176079,142,71.0,69.0
1319,2014-10-29,72.0,72.0,68.0,69.0,266973624,61520,42,69.0,69.0
1320,2014-11-01,69.0,71.0,68.0,70.0,708928078,160368,62,69.0,71.0
1321,2014-11-02,71.0,72.0,71.0,71.0,495602777,110207,86,70.0,71.0
1322,2014-11-05,71.0,71.0,68.0,69.0,2567644097,589029,329,71.0,71.0
1323,2014-11-08,69.0,72.0,69.0,71.0,4979893167,1116771,310,69.0,72.0
1324,2014-11-09,73.0,73.0,69.0,72.0,1734616387,383089,222,71.0,71.0
1325,2014-11-10,71.0,72.0,69.0,69.0,2212698996,507016,213,72.0,69.0
1326,2014-11-11,68.0,69.0,68.0,69.0,1466667465,338105,182,69.0,69.0
1327,2014-11-12,68.0,71.0,68.0,70.0,3460844758,787993,262,69.0,70.0
1328,2014-11-22,72.0,72.0,67.0,67.0,621838591,155267,76,70.0,67.0
1329,2014-11-23,66.0,67.0,65.0,65.0,1688234822,436483,208,67.0,65.0
1330,2014-11-24,63.0,66.0,63.0,65.0,975449887,253669,134,65.0,64.0
1331,2014-11-25,63.0,64.0,62.0,63.0,480955016,128796,65,65.0,62.0
1332,2014-11-26,60.0,63.0,60.0,61.0,1059918256,291454,156,63.0,61.0
1333,2014-11-29,60.0,61.0,59.0,60.0,362044674,101269,58,61.0,59.0
1334,2014-11-30,62.0,62.0,58.0,60.0,227158239,64412,45,60.0,60.0
1335,2014-12-01,60.0,62.0,59.0,61.0,322927717,88421,48,60.0,62.0
1336,2014-12-02,64.0,64.0,64.0,62.0,90469953,23877,13,61.0,64.0
1337,2014-12-03,64.0,64.0,64.0,64.0,430996740,112620,23,62.0,64.0
1338,2014-12-06,67.0,67.0,64.0,67.0,3852800347,972701,197,64.0,65.0
1339,2014-12-07,64.0,64.0,64.0,66.0,97223050,25561,22,67.0,64.0
1340,2014-12-08,63.0,63.0,63.0,66.0,25983515,6905,6,66.0,63.0
1341,2014-12-09,63.0,64.0,63.0,63.0,749613520,198351,68,66.0,64.0
1342,2014-12-10,66.0,66.0,61.0,61.0,550911867,151366,71,63.0,61.0
1343,2014-12-14,59.0,59.0,59.0,59.0,528416488,151174,92,61.0,59.0
1344,2014-12-15,56.0,59.0,56.0,57.0,537829024,158233,65,59.0,58.0
1345,2014-12-16,59.0,59.0,55.0,55.0,486511309,147826,43,57.0,55.0
1346,2014-12-17,53.0,55.0,53.0,54.0,263027678,82552,29,55.0,55.0
1347,2014-12-28,52.0,53.0,52.0,52.0,609523391,197748,69,54.0,52.0
1348,2014-12-29,52.0,52.0,50.0,51.0,119709626,40149,34,52.0,50.0
1349,2014-12-30,49.0,50.0,49.0,49.0,690340342,236284,83,51.0,49.0
1350,2014-12-31,47.0,51.0,47.0,49.0,1845404334,627244,205,49.0,51.0
1351,2015-01-03,51.0,51.0,50.0,51.0,713848623,234267,82,49.0,51.0
1352,2015-01-04,50.0,50.0,49.0,50.0,201881608,68390,47,51.0,49.0
1353,2015-01-05,50.0,50.0,48.0,49.0,145034680,50663,27,50.0,48.0
1354,2015-01-06,47.0,47.0,47.0,49.0,55325490,19745,8,49.0,47.0
1355,2015-01-07,47.0,47.0,47.0,47.0,410130378,147582,61,49.0,47.0
1356,2015-01-10,45.0,45.0,45.0,46.0,51759200,19400,6,47.0,45.0
1357,2015-01-11,44.0,44.0,44.0,46.0,24535043,9269,4,46.0,44.0
1358,2015-01-12,44.0,46.0,44.0,45.0,669054739,249328,96,46.0,46.0
1359,2015-01-13,43.0,43.0,43.0,43.0,413732194,160594,55,45.0,43.0
1360,2015-01-14,42.0,42.0,42.0,42.0,234465130,94810,31,43.0,42.0
1361,2015-01-17,40.0,41.0,40.0,40.0,1028400200,432349,110,42.0,40.0
1362,2015-01-18,39.0,39.0,38.0,39.0,347503071,151229,44,40.0,38.0
1363,2015-01-19,37.0,37.0,37.0,38.0,98212557,44486,19,39.0,37.0
1364,2015-01-20,36.0,36.0,36.0,37.0,118504926,54711,28,38.0,36.0
1365,2015-01-21,36.0,36.0,36.0,36.0,270743817,127544,45,37.0,36.0
1366,2015-01-24,34.0,37.0,34.0,35.0,140627041,68905,39,36.0,34.0
1367,2015-01-25,33.0,36.0,33.0,36.0,450617741,211076,81,35.0,35.0
1368,2015-01-26,37.0,37.0,34.0,35.0,325346838,157229,51,36.0,34.0
1369,2015-01-27,35.0,35.0,34.0,35.0,71864344,34244,10,35.0,35.0
1370,2015-01-28,34.0,36.0,34.0,35.0,216227760,104065,50,35.0,36.0
1371,2015-01-31,36.0,36.0,36.0,36.0,391639555,182128,45,35.0,36.0
1372,2015-02-01,38.0,38.0,36.0,37.0,283001536,128099,51,36.0,37.0
1373,2015-02-02,37.0,38.0,37.0,37.0,72543127,32532,24,37.0,38.0
1374,2015-02-03,37.0,38.0,37.0,37.0,32262087,14701,15,37.0,37.0
1375,2015-02-04,36.0,39.0,36.0,39.0,960757672,418911,112,37.0,39.0
1376,2015-02-07,40.0,40.0,40.0,39.0,116792160,48990,11,39.0,40.0
1377,2015-02-08,41.0,41.0,41.0,41.0,806205899,331527,65,39.0,41.0
1378,2015-02-09,42.0,42.0,42.0,42.0,245669589,97141,20,41.0,42.0
1379,2015-02-10,44.0,44.0,41.0,43.0,3723116460,1437868,213,42.0,42.0
1380,2015-02-14,42.0,42.0,42.0,42.0,754563704,303208,67,43.0,42.0
1381,2015-02-15,40.0,40.0,40.0,41.0,162169500,67610,24,42.0,40.0
1382,2015-02-16,39.0,42.0,39.0,40.0,1543262913,649236,114,41.0,42.0
1383,2015-02-17,42.0,42.0,42.0,42.0,715592088,289479,36,40.0,42.0
1384,2015-02-18,43.0,43.0,40.0,40.0,597910560,251471,53,42.0,40.0
1385,2015-02-21,39.0,41.0,39.0,40.0,51618700,21937,15,40.0,40.0
1386,2015-02-22,39.0,40.0,39.0,40.0,16276244,7055,7,40.0,39.0
1387,2015-02-23,40.0,40.0,38.0,40.0,70704595,31001,15,40.0,38.0
1388,2015-02-24,38.0,39.0,38.0,39.0,182514200,80435,30,40.0,39.0
1389,2015-02-25,39.0,39.0,38.0,39.0,62646342,28038,14,39.0,38.0
1390,2015-02-28,37.0,39.0,37.0,38.0,216375079,97316,27,39.0,39.0
1391,2015-03-01,40.0,40.0,37.0,38.0,5848188,2588,3,38.0,39.0
1392,2015-03-02,39.0,39.0,38.0,38.0,38001600,16601,14,38.0,38.0
1393,2015-03-03,39.0,39.0,37.0,38.0,96118525,43000,20,38.0,38.0
1394,2015-03-04,37.0,37.0,37.0,38.0,221830421,100047,17,38.0,37.0
1395,2015-03-07,37.0,37.0,36.0,38.0,47685968,21814,19,38.0,37.0
1396,2015-03-08,36.0,38.0,36.0,37.0,236632487,106774,40,38.0,38.0
1397,2015-03-09,38.0,37.0,36.0,37.0,86034000,39652,19,37.0,37.0
1398,2015-03-10,36.0,38.0,36.0,37.0,148208416,69513,29,37.0,36.0
1399,2015-03-11,36.0,36.0,36.0,37.0,4308096,2029,6,37.0,36.0
1400,2015-03-14,36.0,36.0,35.0,36.0,374880935,177123,31,37.0,36.0
1401,2015-03-15,36.0,36.0,35.0,36.0,188607651,90103,34,36.0,35.0
1402,2015-03-16,34.0,35.0,34.0,35.0,145271743,71296,38,36.0,35.0
1403,2015-03-17,34.0,35.0,34.0,35.0,199159038,98374,18,35.0,34.0
1404,2015-03-18,35.0,36.0,35.0,35.0,220890671,105770,39,35.0,35.0
1405,2015-03-25,36.0,36.0,34.0,35.0,23868375,11675,3,35.0,34.0
1406,2015-03-28,34.0,36.0,34.0,36.0,334458545,156205,32,35.0,36.0
1407,2015-03-29,37.0,37.0,37.0,37.0,595717153,270542,52,36.0,37.0
1408,2015-03-30,37.0,38.0,37.0,37.0,161319774,72930,42,37.0,37.0
1409,2015-03-31,37.0,38.0,37.0,37.0,429528348,195003,20,37.0,37.0
1410,2015-04-04,38.0,38.0,38.0,38.0,181960384,79424,14,37.0,38.0
1411,2015-04-05,39.0,39.0,38.0,39.0,537342075,231458,106,38.0,39.0
1412,2015-04-06,39.0,41.0,37.0,38.0,464239207,204687,49,39.0,37.0
1413,2015-04-07,40.0,40.0,37.0,38.0,25842947,11759,17,38.0,37.0
1414,2015-04-08,37.0,37.0,37.0,37.0,446109607,204729,33,38.0,37.0
1415,2015-04-11,35.0,37.0,35.0,35.0,554591202,263934,59,37.0,35.0
1416,2015-04-12,34.0,35.0,34.0,35.0,304044965,148437,36,35.0,34.0
1417,2015-04-13,35.0,35.0,34.0,34.0,151251200,74700,10,35.0,35.0
1418,2015-04-14,34.0,35.0,34.0,35.0,58477642,28359,17,34.0,35.0
1419,2015-04-15,35.0,36.0,34.0,35.0,299080405,144201,54,35.0,34.0
1420,2015-04-18,36.0,36.0,34.0,35.0,51430032,24713,24,35.0,34.0
1421,2015-04-19,35.0,36.0,34.0,36.0,1030273273,482577,66,35.0,36.0
1422,2015-04-20,37.0,37.0,37.0,37.0,528271200,237960,29,36.0,37.0
1423,2015-04-21,38.0,38.0,36.0,37.0,506271783,231513,54,37.0,36.0
1424,2015-04-22,35.0,35.0,35.0,37.0,39582840,18840,16,37.0,35.0
1425,2015-04-25,35.0,35.0,35.0,36.0,172977976,82604,26,37.0,35.0
1426,2015-04-26,35.0,37.0,35.0,36.0,179256210,86051,38,36.0,35.0
1427,2015-04-27,34.0,36.0,34.0,35.0,113327344,55120,25,36.0,35.0
1428,2015-04-28,34.0,35.0,34.0,35.0,159486074,78420,48,35.0,34.0
1429,2015-04-29,34.0,35.0,34.0,35.0,76659890,37081,13,35.0,35.0
1430,2015-05-03,34.0,34.0,34.0,34.0,903307270,450849,72,35.0,34.0
1431,2015-05-04,34.0,34.0,33.0,33.0,140379752,72010,8,34.0,33.0
1432,2015-05-05,34.0,35.0,34.0,34.0,440784685,215261,34,33.0,34.0
1433,2015-05-06,34.0,35.0,34.0,34.0,144291440,70340,14,34.0,35.0
1434,2015-05-09,34.0,35.0,34.0,34.0,114877942,56500,16,34.0,34.0
1435,2015-05-10,34.0,35.0,34.0,34.0,224556447,111375,11,34.0,34.0
1436,2015-05-11,34.0,34.0,34.0,34.0,15242410,7565,11,34.0,34.0
1437,2015-05-12,34.0,35.0,34.0,34.0,17455310,8650,7,34.0,34.0
1438,2015-05-13,34.0,34.0,33.0,34.0,25107138,12714,4,34.0,33.0
1439,2015-05-17,34.0,34.0,34.0,34.0,46214300,23050,12,34.0,34.0
1440,2015-05-18,34.0,34.0,34.0,34.0,46759500,23379,11,34.0,34.0
1441,2015-05-19,34.0,34.0,34.0,34.0,19054100,9481,6,34.0,34.0
1442,2015-05-20,34.0,35.0,34.0,34.0,73554248,35100,12,34.0,35.0
1443,2015-05-23,34.0,34.0,34.0,34.0,153340113,76522,26,34.0,34.0
1444,2015-05-24,34.0,34.0,34.0,34.0,76151775,37865,7,34.0,34.0
1445,2015-05-25,34.0,34.0,34.0,34.0,112461832,56115,19,34.0,34.0
1446,2015-05-26,34.0,34.0,34.0,34.0,84557000,42260,13,34.0,34.0
1447,2015-05-27,34.0,34.0,34.0,34.0,218676280,109320,19,34.0,34.0
1448,2015-05-30,34.0,34.0,33.0,34.0,256808200,128380,24,34.0,33.0
1449,2015-05-31,34.0,34.0,34.0,34.0,359107900,179554,25,34.0,34.0
1450,2015-06-01,34.0,34.0,34.0,34.0,285675000,142812,34,34.0,34.0
1451,2015-06-02,34.0,34.0,34.0,34.0,97717116,48846,16,34.0,34.0
1452,2015-06-06,34.0,35.0,34.0,34.0,25541970,12571,6,34.0,35.0
1453,2015-06-07,34.0,34.0,33.0,34.0,208173850,104154,10,34.0,34.0
1454,2015-06-08,34.0,34.0,34.0,34.0,11173785,5577,5,34.0,34.0
1455,2015-06-09,34.0,35.0,34.0,34.0,206729066,100917,37,34.0,34.0
1456,2015-06-10,35.0,35.0,35.0,34.0,33705778,16087,16,34.0,35.0
1457,2015-06-14,34.0,34.0,34.0,34.0,4292840,2140,2,34.0,34.0
1458,2015-06-15,34.0,34.0,34.0,34.0,52956394,26399,15,34.0,34.0
1459,2015-06-17,34.0,34.0,34.0,34.0,2251394,1114,1,34.0,34.0
1460,2015-06-20,34.0,34.0,34.0,34.0,43689890,21770,8,34.0,34.0
1461,2015-07-01,34.0,34.0,34.0,34.0,275519476,137636,27,34.0,34.0
1462,2015-07-04,34.0,34.0,34.0,34.0,37844436,18884,15,34.0,34.0
1463,2015-07-05,34.0,34.0,34.0,34.0,357747533,178683,20,34.0,34.0
1464,2015-07-06,34.0,35.0,34.0,34.0,135522574,67674,13,34.0,34.0
1465,2015-07-07,34.0,34.0,34.0,34.0,54986540,27445,9,34.0,34.0
1466,2015-07-11,34.0,35.0,34.0,34.0,116170040,55628,11,34.0,35.0
1467,2015-07-12,35.0,36.0,35.0,34.0,32580120,15481,14,34.0,35.0
1468,2015-07-13,36.0,36.0,35.0,34.0,85588730,40654,25,34.0,35.0
1469,2015-07-14,34.0,34.0,34.0,34.0,8004500,4000,2,34.0,34.0
1470,2015-07-15,34.0,34.0,34.0,34.0,16006000,8000,4,34.0,34.0
1471,2015-07-20,34.0,34.0,34.0,34.0,58509900,29209,24,34.0,34.0
1472,2015-07-21,34.0,34.0,34.0,34.0,12694056,6308,8,34.0,34.0
1473,2015-07-22,34.0,34.0,34.0,34.0,3367864,1682,3,34.0,34.0
1474,2015-07-25,34.0,34.0,34.0,34.0,171821170,85890,30,34.0,34.0
1475,2015-07-26,34.0,34.0,34.0,34.0,367778492,184000,45,34.0,34.0
1476,2015-07-27,34.0,34.0,34.0,34.0,6055938,3031,4,34.0,34.0
1477,2015-07-28,34.0,34.0,34.0,34.0,2199099,1099,3,34.0,34.0
1478,2015-07-29,34.0,34.0,34.0,34.0,16816904,8404,9,34.0,34.0
1479,2015-08-01,34.0,34.0,34.0,34.0,315982098,158005,18,34.0,34.0
1480,2015-08-02,32.0,32.0,32.0,34.0,27475480,14296,7,34.0,32.0
1481,2015-08-03,34.0,34.0,32.0,34.0,11594954,5983,7,34.0,32.0
1482,2015-08-04,33.0,33.0,33.0,34.0,1092960,552,1,34.0,33.0
1483,2015-08-05,33.0,34.0,33.0,34.0,63427605,31778,14,34.0,34.0
1484,2015-08-08,35.0,35.0,35.0,35.0,486659391,232314,46,34.0,35.0
1485,2015-08-09,36.0,37.0,34.0,35.0,326897005,153941,60,35.0,37.0
1486,2015-08-10,35.0,35.0,34.0,35.0,196324083,96170,25,35.0,34.0
1487,2015-08-12,34.0,34.0,34.0,35.0,9479175,4735,6,35.0,34.0
1488,2015-08-15,33.0,33.0,33.0,35.0,99263952,50184,13,35.0,33.0
1489,2015-08-16,33.0,33.0,33.0,35.0,2066592,1056,3,35.0,33.0
1490,2015-08-17,33.0,33.0,33.0,34.0,252480701,128977,27,35.0,33.0
1491,2015-08-18,32.0,33.0,32.0,33.0,164611750,83625,10,34.0,33.0
1492,2015-08-19,34.0,35.0,32.0,34.0,476756079,237378,51,33.0,35.0
1493,2015-08-22,35.0,35.0,35.0,35.0,514088364,243883,41,34.0,35.0
1494,2015-08-23,37.0,37.0,37.0,36.0,295601749,133751,33,35.0,37.0
1495,2015-08-24,38.0,38.0,38.0,37.0,59283320,26116,15,36.0,38.0
1496,2015-08-25,38.0,38.0,38.0,37.0,39940310,17510,8,37.0,38.0
1497,2015-08-26,38.0,38.0,37.0,38.0,3169266002,1388661,178,37.0,38.0
1498,2015-08-29,36.0,40.0,36.0,40.0,562766527,238505,67,38.0,40.0
1499,2015-08-30,40.0,42.0,40.0,40.0,255560848,103606,25,40.0,42.0
1500,2015-08-31,43.0,43.0,41.0,42.0,1968428184,780270,148,40.0,43.0
1501,2015-09-01,44.0,45.0,41.0,44.0,1201719684,461834,126,42.0,44.0
1502,2015-09-02,44.0,46.0,44.0,45.0,1001651304,376232,116,44.0,44.0
1503,2015-09-05,45.0,45.0,42.0,42.0,2424880624,958765,127,45.0,42.0
1504,2015-09-06,40.0,43.0,40.0,41.0,1206121226,499793,100,42.0,40.0
1505,2015-09-07,41.0,43.0,41.0,43.0,4735197606,1871809,208,41.0,43.0
1506,2015-09-08,45.0,45.0,44.0,45.0,3565030075,1342941,166,43.0,45.0
1507,2015-09-09,46.0,47.0,44.0,46.0,2652489110,965064,195,45.0,44.0
1508,2015-09-12,44.0,47.0,44.0,45.0,2243705259,838401,188,46.0,46.0
1509,2015-09-13,47.0,47.0,47.0,47.0,2827763756,1006784,124,45.0,47.0
1510,2015-09-14,50.0,50.0,47.0,49.0,2656797946,904428,128,47.0,50.0
1511,2015-09-15,47.0,52.0,47.0,50.0,2563872622,861940,155,49.0,49.0
1512,2015-09-16,50.0,50.0,47.0,48.0,1008903774,353830,44,50.0,47.0
1513,2015-09-19,46.0,46.0,46.0,48.0,15332940,5660,3,48.0,46.0
1514,2015-09-23,49.0,50.0,48.0,49.0,4231551781,1456328,215,48.0,48.0
1515,2015-09-26,50.0,51.0,49.0,51.0,3859992368,1269662,210,49.0,51.0
1516,2015-09-27,49.0,51.0,49.0,49.0,1831187237,628058,135,51.0,49.0
1517,2015-09-28,47.0,47.0,47.0,49.0,89122230,32130,13,49.0,47.0
1518,2015-09-29,46.0,46.0,46.0,48.0,95243265,34697,5,49.0,46.0
1519,2015-09-30,46.0,48.0,46.0,46.0,3537506761,1287957,236,48.0,47.0
1520,2015-10-03,48.0,48.0,44.0,46.0,2212348794,800511,137,46.0,44.0
1521,2015-10-04,44.0,44.0,44.0,44.0,472473930,179905,35,46.0,44.0
1522,2015-10-05,42.0,44.0,42.0,42.0,377797460,151119,62,44.0,42.0
1523,2015-10-06,41.0,41.0,40.0,40.0,563507189,234856,62,42.0,40.0
1524,2015-10-07,38.0,39.0,38.0,38.0,748913854,328441,56,40.0,38.0
1525,2015-10-10,37.0,38.0,36.0,37.0,479485756,219564,68,38.0,36.0
1526,2015-10-11,36.0,39.0,35.0,38.0,676346747,297486,69,37.0,39.0
1527,2015-10-12,40.0,40.0,38.0,38.0,196500371,85255,22,38.0,38.0
1528,2015-10-13,39.0,40.0,36.0,37.0,483067223,219181,53,38.0,36.0
1529,2015-10-14,36.0,38.0,35.0,36.0,583150293,269471,80,37.0,37.0
1530,2015-10-17,36.0,38.0,36.0,37.0,627316037,288017,94,36.0,37.0
1531,2015-10-18,37.0,38.0,37.0,38.0,1325268622,585840,174,37.0,38.0
1532,2015-10-19,39.0,39.0,37.0,38.0,110624686,48928,26,38.0,39.0
1533,2015-11-01,40.0,42.0,40.0,41.0,1215264857,498453,143,38.0,42.0
1534,2015-11-02,43.0,43.0,43.0,42.0,250950894,98066,18,41.0,43.0
1535,2015-11-03,44.0,44.0,44.0,42.0,44118180,16839,5,42.0,44.0
1536,2015-11-04,44.0,44.0,44.0,42.0,2231088,848,3,42.0,44.0
1537,2015-11-07,44.0,44.0,44.0,42.0,78786288,29934,10,42.0,44.0
1538,2015-11-08,45.0,45.0,45.0,43.0,67138032,25316,7,42.0,45.0
1539,2015-11-09,45.0,45.0,45.0,43.0,85218501,31929,8,43.0,45.0
1540,2015-11-10,45.0,45.0,45.0,43.0,4605280,1712,3,43.0,45.0
1541,2015-11-11,45.0,45.0,45.0,44.0,303259554,112694,7,43.0,45.0
1542,2015-11-14,46.0,46.0,46.0,45.0,92992920,33620,4,44.0,46.0
1543,2015-11-15,47.0,47.0,47.0,45.0,122606550,43945,8,45.0,47.0
1544,2015-11-22,52.0,54.0,51.0,53.0,5715793863,1852862,286,45.0,51.0
1545,2015-11-23,51.0,53.0,50.0,51.0,2804356800,941579,226,53.0,50.0
1546,2015-11-24,49.0,51.0,48.0,49.0,3046323392,1060271,237,51.0,48.0
1547,2015-11-25,47.0,48.0,47.0,47.0,1296323024,474284,85,49.0,47.0
1548,2015-11-28,46.0,49.0,46.0,49.0,1706086662,596036,100,47.0,49.0
1549,2015-11-29,50.0,50.0,47.0,47.0,1723197850,625314,123,49.0,47.0
1550,2015-11-30,47.0,48.0,45.0,46.0,264867981,99463,31,47.0,45.0
1551,2015-12-01,48.0,48.0,45.0,46.0,114772285,42629,18,46.0,45.0
1552,2015-12-05,45.0,45.0,44.0,46.0,91716466,35650,19,46.0,44.0
1553,2015-12-06,46.0,47.0,44.0,46.0,153442085,56001,11,46.0,44.0
1554,2015-12-07,46.0,47.0,46.0,46.0,307928834,113469,48,46.0,47.0
1555,2015-12-08,47.0,48.0,44.0,44.0,1513797072,583091,125,46.0,44.0
1556,2015-12-09,43.0,45.0,43.0,43.0,400879529,159955,36,44.0,43.0
1557,2015-12-13,45.0,45.0,42.0,43.0,323514896,129625,30,43.0,42.0
1558,2015-12-14,43.0,45.0,42.0,44.0,818771858,317011,63,43.0,45.0
1559,2015-12-15,46.0,46.0,46.0,46.0,1176829864,434601,73,44.0,46.0
1560,2015-12-16,46.0,49.0,46.0,48.0,2776586039,984986,203,46.0,48.0
1561,2015-12-19,47.0,50.0,46.0,48.0,2743769547,970173,229,48.0,50.0
1562,2015-12-20,50.0,51.0,49.0,50.0,4605220879,1561325,250,48.0,50.0
1563,2015-12-21,50.0,52.0,48.0,50.0,1846617383,628685,142,50.0,50.0
1564,2015-12-22,51.0,53.0,50.0,52.0,2391946063,782314,162,50.0,53.0
1565,2015-12-23,54.0,55.0,53.0,54.0,2308014369,728943,142,52.0,55.0
1566,2015-12-26,56.0,57.0,56.0,57.0,2789970253,839937,151,54.0,57.0
1567,2015-12-27,59.0,60.0,54.0,57.0,4028938074,1213884,296,57.0,56.0
1568,2015-12-28,55.0,59.0,55.0,57.0,1698846662,510937,118,57.0,55.0
1569,2015-12-30,54.0,55.0,54.0,55.0,384227771,121513,40,57.0,54.0
1570,2016-01-02,52.0,56.0,52.0,53.0,2195672380,706098,183,55.0,52.0
1571,2016-01-03,53.0,54.0,51.0,52.0,1152361639,378550,123,53.0,51.0
1572,2016-01-04,51.0,52.0,50.0,50.0,1830762110,628930,146,52.0,50.0
1573,2016-01-05,51.0,51.0,48.0,50.0,1242132770,429506,92,50.0,49.0
1574,2016-01-06,49.0,52.0,49.0,51.0,1225649763,413205,93,50.0,50.0
1575,2016-01-09,51.0,53.0,51.0,53.0,3080490986,992224,193,51.0,53.0
1576,2016-01-10,56.0,56.0,51.0,52.0,1540519360,503667,139,53.0,51.0
1577,2016-01-11,50.0,51.0,50.0,50.0,1539338812,527013,120,52.0,50.0
1578,2016-01-12,49.0,53.0,49.0,52.0,2867305789,937015,162,50.0,53.0
1579,2016-01-13,51.0,52.0,50.0,51.0,1265696409,426046,73,52.0,51.0
1580,2016-01-16,51.0,52.0,48.0,50.0,847091685,291917,80,51.0,48.0
1581,2016-01-17,51.0,52.0,49.0,51.0,1212246888,407988,95,50.0,51.0
1582,2016-01-18,51.0,52.0,48.0,50.0,1195923139,413118,99,51.0,48.0
1583,2016-01-19,48.0,51.0,47.0,48.0,618732261,219029,79,50.0,48.0
1584,2016-01-20,49.0,51.0,49.0,50.0,668523068,228127,62,48.0,50.0
1585,2016-01-23,51.0,52.0,49.0,50.0,479218324,163101,51,50.0,50.0
1586,2016-01-24,52.0,53.0,52.0,53.0,1314066595,427019,113,50.0,53.0
1587,2016-01-25,53.0,55.0,52.0,53.0,520087019,168353,43,53.0,54.0
1588,2016-01-26,51.0,53.0,50.0,51.0,982834683,329431,95,53.0,52.0
1589,2016-01-27,50.0,53.0,49.0,52.0,482115364,159701,56,51.0,51.0
1590,2016-01-30,52.0,54.0,52.0,54.0,3060641541,971009,158,52.0,54.0
1591,2016-01-31,55.0,55.0,51.0,52.0,1027126958,338555,87,54.0,51.0
1592,2016-02-01,50.0,50.0,49.0,50.0,837862374,289528,83,52.0,50.0
1593,2016-02-02,50.0,51.0,47.0,49.0,4161212150,1467953,220,50.0,50.0
1594,2016-02-03,50.0,50.0,48.0,48.0,1212218749,429314,87,49.0,48.0
1595,2016-02-06,50.0,51.0,50.0,50.0,1493271700,506262,71,48.0,51.0
1596,2016-02-07,52.0,53.0,50.0,51.0,1145125243,385808,76,50.0,50.0
1597,2016-02-08,49.0,51.0,49.0,49.0,1221837140,425491,92,51.0,49.0
1598,2016-02-09,50.0,52.0,49.0,50.0,2439527839,829395,139,49.0,52.0
1599,2016-02-10,50.0,52.0,50.0,51.0,1250868250,419989,108,50.0,52.0
1600,2016-02-13,49.0,54.0,49.0,53.0,3074555703,994232,158,51.0,54.0
1601,2016-02-14,56.0,56.0,54.0,55.0,1160388379,359452,78,53.0,56.0
1602,2016-02-15,58.0,58.0,58.0,58.0,1983008959,585131,73,55.0,58.0
1603,2016-02-16,61.0,61.0,61.0,61.0,5949011580,1672010,221,58.0,61.0
1604,2016-02-17,64.0,64.0,64.0,64.0,1507931550,403730,51,61.0,64.0
1605,2016-02-20,67.0,67.0,61.0,64.0,2887295121,769558,264,64.0,63.0
1606,2016-02-21,65.0,67.0,61.0,64.0,2169723983,584636,184,64.0,62.0
1607,2016-02-27,65.0,65.0,62.0,64.0,1299900219,349623,81,64.0,62.0
1608,2016-02-28,62.0,65.0,60.0,62.0,1755910143,484881,154,64.0,61.0
1609,2016-02-29,61.0,63.0,59.0,59.0,2082710782,602903,106,62.0,60.0
1610,2016-03-01,57.0,61.0,57.0,60.0,1951193916,558407,99,59.0,61.0
1611,2016-03-02,62.0,62.0,57.0,60.0,235279495,67733,36,60.0,57.0
1612,2016-03-05,57.0,60.0,57.0,57.0,1122402263,338291,96,60.0,57.0
1613,2016-03-06,54.0,56.0,54.0,54.0,552177714,175021,63,57.0,54.0
1614,2016-03-07,53.0,57.0,53.0,55.0,1353731641,418181,95,54.0,55.0
1615,2016-03-08,55.0,55.0,53.0,53.0,391875329,126098,39,55.0,53.0
1616,2016-03-09,56.0,56.0,53.0,55.0,865252110,271199,65,53.0,53.0
1617,2016-03-12,56.0,56.0,52.0,52.0,712191340,232369,79,55.0,52.0
1618,2016-03-14,53.0,54.0,51.0,53.0,463399917,150983,67,52.0,51.0
1619,2016-03-15,55.0,55.0,50.0,52.0,342203126,113046,58,53.0,51.0
1620,2016-03-16,51.0,53.0,49.0,50.0,680114099,230890,73,52.0,50.0
1621,2016-03-26,50.0,52.0,50.0,51.0,86271020,29006,13,50.0,50.0
1622,2016-03-27,50.0,53.0,50.0,53.0,569616222,185228,40,51.0,53.0
1623,2016-03-28,55.0,55.0,55.0,54.0,329798843,102341,31,53.0,55.0
1624,2016-03-29,57.0,57.0,51.0,54.0,971207776,307011,96,54.0,53.0
1625,2016-03-30,51.0,54.0,51.0,52.0,584813851,192890,71,54.0,53.0
1626,2016-04-02,52.0,54.0,52.0,52.0,368515780,120182,45,52.0,52.0
1627,2016-04-03,54.0,54.0,51.0,53.0,688958178,221995,63,52.0,51.0
1628,2016-04-04,51.0,52.0,51.0,52.0,249984051,83185,42,53.0,51.0
1629,2016-04-05,51.0,53.0,51.0,51.0,641379361,213983,51,52.0,51.0
1630,2016-04-06,53.0,53.0,51.0,52.0,274470179,89799,35,51.0,52.0
1631,2016-04-09,52.0,52.0,51.0,51.0,663189968,221516,77,52.0,51.0
1632,2016-04-10,52.0,54.0,51.0,53.0,1053098240,337706,98,51.0,54.0
1633,2016-04-11,55.0,55.0,52.0,53.0,728466152,234300,69,53.0,52.0
1634,2016-04-12,51.0,54.0,51.0,52.0,467733293,154390,56,53.0,53.0
1635,2016-04-13,54.0,54.0,50.0,51.0,435671137,147618,27,52.0,53.0
1636,2016-04-16,51.0,51.0,49.0,50.0,584631623,199798,34,51.0,49.0
1637,2016-04-17,48.0,49.0,48.0,48.0,1221412329,434927,67,50.0,48.0
1638,2016-04-18,50.0,50.0,50.0,49.0,262882834,89283,27,48.0,50.0
1639,2016-04-19,51.0,51.0,48.0,49.0,202170264,71463,22,49.0,48.0
1640,2016-04-20,48.0,50.0,48.0,49.0,54437767,19131,17,49.0,49.0
1641,2016-04-23,49.0,50.0,49.0,49.0,120582586,41358,11,49.0,49.0
1642,2016-04-24,48.0,50.0,48.0,49.0,132933169,46661,30,49.0,50.0
1643,2016-04-25,49.0,51.0,49.0,49.0,85739931,29751,16,49.0,49.0
1644,2016-04-26,50.0,51.0,50.0,50.0,225997748,75626,20,49.0,51.0
1645,2016-04-27,50.0,50.0,49.0,50.0,126992200,44261,16,50.0,49.0
1646,2016-04-30,48.0,50.0,48.0,50.0,114810250,39997,21,50.0,49.0
1647,2016-05-01,51.0,51.0,50.0,51.0,328476404,110038,24,50.0,51.0
1648,2016-05-02,51.0,52.0,50.0,51.0,533721244,178508,42,51.0,50.0
1649,2016-05-03,50.0,52.0,50.0,51.0,264014244,88646,30,51.0,51.0
1650,2016-05-04,50.0,53.0,50.0,52.0,1013454482,335666,54,51.0,53.0
1651,2016-05-07,51.0,53.0,50.0,52.0,431083862,142254,44,52.0,50.0
1652,2016-05-08,51.0,53.0,50.0,51.0,721756135,241091,47,52.0,51.0
1653,2016-05-09,50.0,54.0,49.0,52.0,1471145375,485653,84,51.0,54.0
1654,2016-05-10,50.0,54.0,50.0,54.0,1210148461,381302,80,52.0,54.0
1655,2016-05-11,57.0,57.0,56.0,57.0,1691616623,508251,102,54.0,57.0
1656,2016-05-14,56.0,58.0,55.0,56.0,1647881346,507868,96,57.0,57.0
1657,2016-05-15,54.0,58.0,54.0,58.0,1063858340,312708,71,56.0,58.0
1658,2016-05-16,60.0,61.0,60.0,61.0,1277227041,359798,78,58.0,61.0
1659,2016-05-17,64.0,64.0,61.0,62.0,2312579439,633537,131,61.0,62.0
1660,2016-05-18,60.0,65.0,60.0,63.0,1569628568,429590,80,62.0,62.0
1661,2016-05-23,65.0,65.0,63.0,64.0,784425312,209853,28,63.0,63.0
1662,2016-05-24,63.0,66.0,63.0,65.0,2416768398,637053,102,64.0,65.0
1663,2016-05-25,64.0,64.0,62.0,62.0,2735436970,755090,92,65.0,63.0
1664,2016-05-28,62.0,64.0,62.0,63.0,683952848,186037,38,62.0,63.0
1665,2016-05-29,63.0,66.0,63.0,66.0,3853883778,1004613,155,63.0,66.0
1666,2016-05-30,66.0,69.0,63.0,67.0,775106912,199194,102,66.0,66.0
1667,2016-05-31,65.0,66.0,63.0,66.0,206362300,54195,12,67.0,63.0
1668,2016-06-01,63.0,64.0,63.0,63.0,772973416,210083,61,66.0,63.0
1669,2016-06-05,64.0,66.0,62.0,66.0,2096166313,544327,70,63.0,66.0
1670,2016-06-06,68.0,69.0,68.0,69.0,1548971893,383320,75,66.0,69.0
1671,2016-06-07,69.0,73.0,69.0,72.0,4685946009,1115747,160,69.0,70.0
1672,2016-06-08,69.0,72.0,68.0,69.0,1294778040,319761,55,72.0,68.0
1673,2016-06-11,70.0,73.0,66.0,71.0,392528450,94681,60,69.0,68.0
1674,2016-06-12,68.0,72.0,67.0,70.0,270750510,65816,27,71.0,70.0
1675,2016-06-13,71.0,74.0,67.0,69.0,3958263478,983859,116,70.0,74.0
1676,2016-06-14,72.0,72.0,72.0,70.0,123383040,29210,5,69.0,72.0
1677,2016-06-15,73.0,73.0,73.0,73.0,553641138,129537,12,70.0,73.0
1678,2016-06-18,75.0,77.0,71.0,76.0,8711644693,1972450,328,73.0,74.0
1679,2016-06-19,72.0,74.0,72.0,72.0,1871794950,445403,101,76.0,72.0
1680,2016-06-20,68.0,68.0,68.0,71.0,156400904,39177,16,72.0,68.0
1681,2016-06-25,71.0,72.0,71.0,71.0,535052414,128250,43,71.0,72.0
1682,2016-06-26,69.0,74.0,68.0,68.0,3016891711,756308,100,71.0,68.0
1683,2016-06-28,65.0,67.0,65.0,65.0,12031004235,3173793,484,68.0,65.0
1684,2016-06-29,66.0,67.0,65.0,66.0,1579111704,411361,156,65.0,65.0
1685,2016-07-02,67.0,69.0,65.0,67.0,2631822090,672997,162,66.0,66.0
1686,2016-07-03,67.0,67.0,64.0,64.0,792649900,210710,84,67.0,65.0
1687,2016-07-04,63.0,65.0,61.0,61.0,2003242076,558908,103,64.0,61.0
1688,2016-07-05,60.0,61.0,58.0,59.0,1261420103,365178,80,61.0,59.0
1689,2016-07-09,59.0,61.0,59.0,60.0,450582832,128374,45,59.0,60.0
1690,2016-07-10,60.0,60.0,57.0,58.0,553609945,162613,68,60.0,57.0
1691,2016-07-11,57.0,59.0,56.0,57.0,633292014,191725,61,58.0,56.0
1692,2016-07-12,55.0,59.0,55.0,58.0,581799638,172613,67,57.0,57.0
1693,2016-07-13,57.0,59.0,57.0,58.0,345928450,102181,57,58.0,58.0
1694,2016-07-16,58.0,59.0,56.0,58.0,302002731,90181,18,58.0,57.0
1695,2016-07-17,56.0,57.0,56.0,56.0,597970632,181532,75,58.0,56.0
1696,2016-07-18,57.0,57.0,56.0,57.0,328091114,99203,31,56.0,57.0
1697,2016-07-19,57.0,58.0,56.0,56.0,479222421,145809,59,57.0,56.0
1698,2016-07-20,57.0,59.0,57.0,59.0,833894683,243818,81,56.0,59.0
1699,2016-07-23,59.0,61.0,59.0,61.0,1251736077,351400,126,59.0,61.0
1700,2016-07-24,59.0,62.0,59.0,60.0,777889916,221648,79,61.0,61.0
1701,2016-07-25,59.0,61.0,59.0,59.0,569776885,164100,55,60.0,61.0
1702,2016-07-26,61.0,62.0,58.0,62.0,2069028204,569122,138,59.0,62.0
1703,2016-07-27,63.0,64.0,59.0,63.0,1092553634,297536,95,62.0,61.0
1704,2016-07-31,61.0,65.0,61.0,63.0,856921875,233946,106,63.0,61.0
1705,2016-08-01,62.0,65.0,60.0,62.0,1227341073,337431,86,63.0,61.0
1706,2016-08-02,61.0,62.0,59.0,60.0,752322345,213797,61,62.0,60.0
1707,2016-08-03,59.0,62.0,59.0,60.0,18472228,5311,4,60.0,62.0
1708,2016-08-06,62.0,62.0,59.0,60.0,108757976,31472,13,60.0,59.0
1709,2016-08-07,59.0,60.0,58.0,59.0,329228681,96033,49,60.0,60.0
1710,2016-08-08,59.0,62.0,59.0,61.0,1140805418,319958,63,59.0,62.0
1711,2016-08-09,59.0,63.0,59.0,61.0,545194839,152273,55,61.0,61.0
1712,2016-08-10,60.0,63.0,60.0,62.0,430398342,119006,44,61.0,62.0
1713,2016-08-14,61.0,61.0,60.0,62.0,25965205,7347,4,62.0,60.0
1714,2016-08-15,60.0,63.0,60.0,62.0,513453754,141152,27,62.0,62.0
1715,2016-08-16,65.0,65.0,65.0,65.0,1148323653,300687,63,62.0,65.0
1716,2016-08-17,69.0,69.0,66.0,68.0,2802862263,702693,126,65.0,66.0
1717,2016-08-20,66.0,68.0,65.0,66.0,1565809483,405803,99,68.0,66.0
1718,2016-08-21,65.0,66.0,64.0,66.0,203239085,53256,31,66.0,66.0
1719,2016-08-22,63.0,66.0,63.0,66.0,350843696,91808,19,66.0,66.0
1720,2016-08-23,64.0,65.0,64.0,65.0,235092107,61927,11,66.0,65.0
1721,2016-08-24,66.0,66.0,64.0,65.0,242974615,64193,15,65.0,65.0
1722,2016-08-27,65.0,66.0,64.0,66.0,817188426,213176,41,65.0,66.0
1723,2016-08-28,66.0,69.0,66.0,68.0,2551448739,637821,182,66.0,69.0
1724,2016-08-29,70.0,70.0,65.0,66.0,962934349,248417,100,68.0,66.0
1725,2016-08-30,63.0,65.0,63.0,64.0,863073061,232654,70,66.0,64.0
1726,2016-08-31,66.0,66.0,62.0,64.0,230614702,61531,34,64.0,62.0
1727,2016-09-03,64.0,64.0,63.0,64.0,67294510,18024,14,64.0,63.0
1728,2016-09-04,64.0,64.0,61.0,62.0,758874914,209729,45,64.0,61.0
1729,2016-09-05,60.0,63.0,60.0,61.0,259072505,72951,35,62.0,60.0
1730,2016-09-06,59.0,63.0,59.0,61.0,92881522,25810,17,61.0,63.0
1731,2016-09-07,60.0,64.0,60.0,64.0,984874153,263947,82,61.0,64.0
1732,2016-09-10,64.0,66.0,64.0,65.0,385304844,101355,35,64.0,64.0
1733,2016-09-11,63.0,66.0,62.0,65.0,877040578,229692,46,65.0,66.0
1734,2016-09-13,66.0,69.0,66.0,68.0,843087930,211512,68,65.0,69.0
1735,2016-09-14,70.0,70.0,65.0,68.0,441766815,110473,42,68.0,66.0
1736,2016-09-17,68.0,72.0,68.0,72.0,3143360097,751445,128,68.0,72.0
1737,2016-09-18,72.0,72.0,68.0,69.0,1283608871,319672,105,72.0,68.0
1738,2016-09-19,66.0,67.0,65.0,66.0,1460207812,379234,53,69.0,65.0
1739,2016-09-21,69.0,69.0,69.0,69.0,570370662,141111,22,66.0,69.0
1740,2016-09-24,73.0,73.0,73.0,71.0,277667944,65426,16,69.0,73.0
1741,2016-09-25,75.0,75.0,75.0,75.0,3285395388,754223,59,71.0,75.0
1742,2016-09-26,78.0,78.0,78.0,78.0,1736990028,379836,64,75.0,78.0
1743,2016-09-27,82.0,82.0,82.0,82.0,688789868,143468,21,78.0,82.0
1744,2016-09-28,86.0,86.0,84.0,86.0,11630242937,2311040,256,82.0,86.0
1745,2016-10-01,82.0,90.0,82.0,89.0,12027096730,2308212,283,86.0,90.0
1746,2016-10-02,94.0,94.0,91.0,94.0,9460895253,1730043,166,89.0,94.0
1747,2016-10-03,97.0,98.0,91.0,96.0,7776872171,1390773,209,94.0,95.0
1748,2016-10-04,97.0,100.0,95.0,99.0,9297074025,1604300,258,96.0,99.0
1749,2016-10-05,103.0,103.0,94.0,95.0,8177834096,1471101,264,99.0,94.0
1750,2016-10-08,94.0,95.0,90.0,91.0,2962761900,558070,146,95.0,90.0
1751,2016-10-09,90.0,94.0,87.0,91.0,2582750546,486350,86,91.0,92.0
1752,2016-10-10,92.0,92.0,87.0,90.0,1902607367,362725,107,91.0,88.0
1753,2016-10-15,89.0,89.0,85.0,86.0,1202051680,239834,93,90.0,85.0
1754,2016-10-16,83.0,85.0,82.0,83.0,2388690384,495086,104,86.0,83.0
1755,2016-10-17,82.0,82.0,78.0,79.0,1255032349,270323,91,83.0,80.0
1756,2016-10-18,79.0,80.0,78.0,79.0,60122536,13138,13,79.0,80.0
1757,2016-10-19,77.0,82.0,77.0,80.0,242506894,51339,32,79.0,80.0
1758,2016-10-22,83.0,84.0,81.0,84.0,1717318543,350822,76,80.0,84.0
1759,2016-10-23,88.0,88.0,83.0,86.0,514951630,102238,36,84.0,87.0
1760,2016-10-24,87.0,87.0,82.0,83.0,1527419189,316429,107,86.0,85.0
1761,2016-10-25,86.0,86.0,79.0,81.0,2830676690,599079,136,83.0,82.0
1762,2016-10-26,83.0,83.0,78.0,79.0,2734247902,593099,126,81.0,79.0
1763,2016-10-29,78.0,79.0,76.0,77.0,1155596813,256359,79,79.0,78.0
1764,2016-10-30,80.0,80.0,78.0,78.0,629177009,137241,48,77.0,78.0
1765,2016-10-31,77.0,81.0,77.0,80.0,1095343601,234359,60,78.0,81.0
1766,2016-11-01,79.0,82.0,79.0,79.0,402546448,86999,52,80.0,79.0
1767,2016-11-02,78.0,83.0,78.0,83.0,2842797040,586019,121,79.0,83.0
1768,2016-11-05,87.0,87.0,87.0,87.0,856780111,168227,29,83.0,87.0
1769,2016-11-06,92.0,92.0,87.0,90.0,4354370283,825250,215,87.0,89.0
1770,2016-11-07,91.0,95.0,88.0,93.0,7835517614,1444231,287,90.0,93.0
1771,2016-11-08,94.0,97.0,92.0,94.0,707993939,129597,65,93.0,95.0
1772,2016-11-09,91.0,96.0,89.0,90.0,866755338,165754,44,94.0,89.0
1773,2016-11-12,88.0,88.0,85.0,86.0,865419708,173203,67,90.0,85.0
1774,2016-11-13,88.0,88.0,82.0,84.0,987364964,200481,99,86.0,84.0
1775,2016-12-10,94.0,99.0,94.0,96.0,1105088279,338006,61,84.0,98.0
1776,2016-12-11,101.0,101.0,91.0,93.0,3009201070,952056,135,96.0,91.0
1777,2016-12-12,91.0,91.0,88.0,89.0,658899291,218372,51,93.0,88.0
1778,2016-12-13,88.0,88.0,84.0,87.0,328309230,112722,35,89.0,85.0
1779,2016-12-14,83.0,86.0,83.0,84.0,634035261,223422,44,87.0,83.0
1780,2016-12-18,84.0,85.0,82.0,83.0,276077491,97508,26,84.0,82.0
1781,2016-12-19,85.0,85.0,81.0,84.0,215909256,75666,33,83.0,83.0
1782,2016-12-20,83.0,84.0,81.0,83.0,53502890,19153,20,84.0,81.0
1783,2016-12-21,83.0,85.0,82.0,83.0,38146892,13495,12,83.0,82.0
1784,2016-12-24,85.0,87.0,80.0,83.0,210328279,75941,33,83.0,80.0
1785,2016-12-25,84.0,87.0,81.0,85.0,1126280350,388036,81,83.0,87.0
1786,2016-12-26,87.0,89.0,85.0,86.0,260947144,89603,33,85.0,85.0
1787,2016-12-27,85.0,87.0,81.0,84.0,215929696,76523,36,86.0,81.0
1788,2016-12-28,81.0,84.0,81.0,83.0,175596183,63419,31,84.0,83.0
1789,2016-12-31,84.0,86.0,81.0,83.0,456181848,162196,38,83.0,83.0
1790,2017-01-01,81.0,82.0,81.0,83.0,41546819,15025,9,83.0,82.0
1791,2017-01-02,85.0,85.0,82.0,83.0,148619393,52692,44,83.0,84.0
1792,2017-01-03,82.0,82.0,82.0,83.0,698292,252,1,83.0,82.0
1793,2017-01-04,84.0,84.0,79.0,82.0,140707012,51083,37,83.0,79.0
1794,2017-01-07,83.0,83.0,79.0,80.0,319386422,119309,41,82.0,80.0
1795,2017-01-08,77.0,79.0,77.0,78.0,287015988,109633,28,80.0,79.0
1796,2017-01-09,77.0,79.0,77.0,78.0,187811090,72077,22,78.0,77.0
1797,2017-01-11,75.0,77.0,75.0,77.0,97641002,37737,16,78.0,76.0
1798,2017-01-14,79.0,79.0,76.0,77.0,38870270,14549,11,77.0,77.0
1799,2017-01-15,78.0,78.0,74.0,76.0,248735496,97035,26,77.0,78.0
1800,2017-01-16,73.0,80.0,73.0,78.0,263656992,98490,35,76.0,78.0
1801,2017-01-17,79.0,79.0,75.0,77.0,191126799,73360,17,78.0,75.0
1802,2017-01-18,78.0,81.0,78.0,81.0,741498728,269997,49,77.0,81.0
1803,2017-01-21,83.0,85.0,83.0,83.0,323499114,112298,32,81.0,85.0
1804,2017-01-22,87.0,87.0,85.0,85.0,657135570,226431,49,83.0,85.0
1805,2017-01-23,82.0,89.0,82.0,86.0,414521707,142224,29,85.0,89.0
1806,2017-03-11,88.0,88.0,81.0,85.0,97396621,35173,13,86.0,81.0
1807,2017-03-12,81.0,81.0,81.0,85.0,31108462,11352,6,85.0,81.0
1808,2017-03-13,80.0,80.0,80.0,83.0,220908409,80889,17,85.0,80.0
1809,2017-03-14,79.0,85.0,79.0,82.0,160562230,59346,22,83.0,80.0
1810,2017-03-15,85.0,85.0,79.0,82.0,46405247,16629,18,82.0,79.0
1811,2017-03-18,80.0,85.0,79.0,82.0,64026516,22901,11,82.0,80.0
1812,2017-03-25,80.0,80.0,80.0,82.0,19795330,7305,4,82.0,80.0
1813,2017-03-26,82.0,82.0,82.0,82.0,1385500,500,1,82.0,82.0
1814,2017-03-27,82.0,82.0,82.0,82.0,142956315,51460,11,82.0,82.0
1815,2017-03-28,85.0,86.0,82.0,84.0,528462725,184303,31,82.0,86.0
1816,2017-03-29,89.0,89.0,86.0,88.0,571010649,190369,37,84.0,89.0
1817,2017-04-03,93.0,93.0,93.0,93.0,663642472,210814,31,88.0,93.0
1818,2017-04-04,97.0,97.0,90.0,97.0,5569838051,1687106,186,93.0,97.0
1819,2017-04-05,99.0,102.0,98.0,101.0,2230363550,647296,108,97.0,102.0
1820,2017-04-08,103.0,103.0,96.0,97.0,605169151,182785,61,101.0,99.0
1821,2017-04-09,98.0,98.0,93.0,94.0,1665232077,521083,82,97.0,94.0
1822,2017-04-10,90.0,99.0,90.0,98.0,1157883330,346531,65,94.0,98.0
1823,2017-04-12,102.0,103.0,101.0,102.0,582631283,167972,31,98.0,103.0
1824,2017-04-15,107.0,107.0,103.0,107.0,2129104084,587778,48,102.0,106.0
1825,2017-04-16,107.0,112.0,107.0,112.0,2940897191,775139,109,107.0,112.0
1826,2017-04-17,115.0,116.0,106.0,113.0,1407691752,367484,76,112.0,112.0
1827,2017-04-18,110.0,110.0,107.0,108.0,2332133881,636919,94,113.0,107.0
1828,2017-04-19,106.0,113.0,106.0,113.0,2689097551,701241,85,108.0,113.0
1829,2017-04-22,114.0,118.0,114.0,118.0,1311652656,325902,30,113.0,118.0
1830,2017-04-23,124.0,124.0,124.0,124.0,735197220,173970,20,118.0,124.0
1831,2017-04-24,131.0,131.0,122.0,129.0,3753460293,856089,104,124.0,127.0
1832,2017-04-26,123.0,123.0,123.0,126.0,215913220,51836,16,129.0,123.0
1833,2017-04-29,120.0,124.0,120.0,120.0,1040436613,254629,53,126.0,120.0
1834,2017-04-30,124.0,126.0,124.0,126.0,3871334259,903344,120,120.0,126.0
1835,2017-05-01,129.0,132.0,128.0,132.0,7896801228,1755655,129,126.0,132.0
1836,2017-05-02,139.0,139.0,129.0,138.0,8633747309,1846781,147,132.0,132.0
1837,2017-05-03,137.0,137.0,131.0,132.0,1823002188,405211,73,138.0,131.0
1838,2017-05-06,137.0,139.0,131.0,139.0,4465661761,947767,177,132.0,139.0
1839,2017-05-07,142.0,146.0,134.0,144.0,1419200270,290358,55,139.0,146.0
1840,2017-05-08,151.0,151.0,140.0,150.0,1149764904,225876,62,144.0,151.0
1841,2017-05-09,143.0,146.0,142.0,143.0,511225575,105503,54,150.0,142.0
1842,2017-05-10,143.0,150.0,141.0,149.0,1068578040,210655,61,143.0,150.0
1843,2017-05-13,157.0,157.0,142.0,152.0,498393964,96184,52,149.0,142.0
1844,2017-05-14,150.0,150.0,145.0,145.0,755783122,153482,37,152.0,145.0
1845,2017-05-15,145.0,145.0,138.0,140.0,352769805,75218,56,145.0,144.0
1846,2017-05-16,145.0,145.0,137.0,142.0,483526726,99862,18,140.0,137.0
1847,2017-05-17,138.0,138.0,135.0,136.0,749636552,162318,21,142.0,135.0
1848,2017-05-20,141.0,143.0,134.0,142.0,2317459167,480472,59,136.0,143.0
1849,2017-05-21,147.0,149.0,147.0,149.0,2333350085,461195,89,142.0,149.0
1850,2017-05-29,149.0,156.0,149.0,156.0,993870579,187241,32,149.0,156.0
1851,2017-05-30,160.0,161.0,156.0,158.0,1707442795,318613,94,156.0,160.0
1852,2017-05-31,158.0,163.0,154.0,158.0,932590226,173901,52,158.0,159.0
1853,2017-06-03,159.0,159.0,152.0,156.0,165808710,32141,8,158.0,152.0
1854,2017-06-06,156.0,159.0,156.0,157.0,769163766,143930,24,156.0,159.0
1855,2017-06-07,158.0,158.0,149.0,152.0,329606868,64726,22,157.0,152.0
1856,2017-06-10,157.0,157.0,147.0,151.0,127824560,25320,11,152.0,147.0
1857,2017-06-11,153.0,153.0,144.0,148.0,187845629,38352,28,151.0,144.0
1858,2017-06-12,147.0,147.0,141.0,147.0,121331383,24725,21,148.0,141.0
1859,2017-06-13,146.0,146.0,140.0,146.0,111496628,23321,19,147.0,140.0
1860,2017-06-14,140.0,145.0,140.0,145.0,105234088,21430,14,146.0,145.0
1861,2017-06-17,145.0,149.0,142.0,145.0,171121380,34757,27,145.0,142.0
1862,2017-06-18,140.0,150.0,138.0,144.0,97488148,20649,18,145.0,138.0
1863,2017-06-19,137.0,145.0,137.0,142.0,182780825,38625,16,144.0,137.0
1864,2017-06-20,136.0,140.0,135.0,138.0,298943834,65028,35,142.0,140.0
1865,2017-06-21,131.0,135.0,131.0,133.0,355905491,79876,34,138.0,135.0
1866,2017-07-12,137.0,139.0,137.0,134.0,145282853,30771,11,133.0,139.0
1867,2017-07-15,141.0,141.0,141.0,138.0,257378320,53710,9,134.0,141.0
1868,2017-07-16,144.0,144.0,144.0,144.0,3189042425,649677,119,138.0,144.0
1869,2017-07-17,149.0,152.0,149.0,152.0,2454318236,476230,71,144.0,152.0
1870,2017-07-18,150.0,152.0,144.0,148.0,365715489,73445,46,152.0,144.0
1871,2017-07-19,141.0,155.0,141.0,147.0,1231194687,246349,82,148.0,144.0
1872,2017-07-22,144.0,150.0,142.0,146.0,102518704,20972,17,147.0,144.0
1873,2017-07-23,145.0,151.0,143.0,146.0,417822165,84533,38,146.0,143.0
1874,2017-07-24,143.0,143.0,140.0,141.0,946838388,197514,47,146.0,140.0
1875,2017-07-25,140.0,142.0,134.0,137.0,471549256,101016,42,141.0,134.0
1876,2017-07-26,131.0,144.0,131.0,135.0,709406286,154745,35,137.0,133.0
1877,2017-07-29,131.0,136.0,128.0,130.0,616944498,139851,49,135.0,128.0
1878,2017-07-30,132.0,132.0,126.0,129.0,267639590,61357,23,130.0,126.0
1879,2017-07-31,126.0,131.0,126.0,128.0,213043092,49670,23,129.0,126.0
1880,2017-08-01,126.0,126.0,123.0,127.0,92686704,21780,12,128.0,125.0
1881,2017-08-02,127.0,131.0,126.0,129.0,545555136,124359,44,127.0,130.0
1882,2017-08-06,131.0,131.0,125.0,129.0,48522347,11269,8,129.0,125.0
1883,2017-08-07,127.0,128.0,127.0,127.0,405593200,94294,23,129.0,128.0
1884,2017-08-08,130.0,133.0,125.0,131.0,1123987454,253285,60,127.0,130.0
1885,2017-08-09,137.0,137.0,124.0,129.0,243175288,56384,35,131.0,125.0
1886,2017-08-12,125.0,132.0,122.0,123.0,511838799,122072,55,129.0,123.0
1887,2017-08-13,125.0,127.0,123.0,123.0,26031530,6207,9,123.0,123.0
1888,2017-08-14,126.0,126.0,122.0,123.0,208839119,49755,20,123.0,124.0
1889,2017-08-15,124.0,125.0,118.0,122.0,187535196,45689,21,123.0,119.0
1890,2017-08-16,119.0,124.0,118.0,122.0,87481834,21781,13,122.0,124.0
1891,2017-08-19,123.0,126.0,118.0,122.0,126463916,30051,27,122.0,124.0
1892,2017-08-20,126.0,126.0,123.0,123.0,267728024,63649,16,122.0,123.0
1893,2017-08-21,124.0,127.0,124.0,123.0,61651795,14600,11,123.0,124.0
1894,2017-08-22,124.0,126.0,124.0,123.0,160187364,38032,13,123.0,124.0
1895,2017-08-23,124.0,128.0,124.0,124.0,59987264,14185,9,123.0,124.0
1896,2017-08-26,124.0,126.0,121.0,123.0,227180742,54176,15,124.0,122.0
1897,2017-08-27,122.0,122.0,117.0,118.0,4566406502,1141274,168,123.0,118.0
1898,2017-08-28,114.0,118.0,112.0,114.0,3048351432,787332,89,118.0,116.0
1899,2017-08-29,114.0,114.0,109.0,111.0,818464541,217216,74,114.0,110.0
1900,2017-08-30,111.0,115.0,110.0,112.0,803119986,210204,75,111.0,112.0
1901,2017-09-02,114.0,115.0,109.0,112.0,269797487,71311,40,112.0,109.0
1902,2017-09-03,110.0,113.0,109.0,111.0,231741890,61931,40,112.0,109.0
1903,2017-09-04,109.0,112.0,109.0,109.0,476240899,128126,49,111.0,109.0
1904,2017-09-05,113.0,113.0,109.0,110.0,504957110,135506,29,109.0,111.0
1905,2017-09-06,109.0,112.0,109.0,110.0,257670837,68211,40,110.0,112.0
1906,2017-09-10,112.0,116.0,112.0,115.0,1659871796,424882,131,110.0,115.0
1907,2017-09-11,118.0,119.0,115.0,116.0,956666229,243401,59,115.0,116.0
1908,2017-09-12,113.0,115.0,110.0,113.0,417951914,109546,40,116.0,110.0
1909,2017-09-13,111.0,113.0,109.0,111.0,261681718,70239,34,113.0,110.0
1910,2017-09-16,109.0,112.0,109.0,111.0,114807464,30686,8,111.0,110.0
1911,2017-09-17,110.0,112.0,110.0,111.0,360642931,96086,47,111.0,112.0
1912,2017-09-18,112.0,113.0,110.0,111.0,60521713,15847,11,111.0,110.0
1913,2017-09-19,109.0,112.0,109.0,110.0,370638901,99520,38,111.0,111.0
1914,2017-09-20,110.0,111.0,109.0,109.0,480043175,129243,48,110.0,109.0
1915,2017-09-23,109.0,115.0,109.0,113.0,575945027,149757,55,109.0,115.0
1916,2017-09-24,119.0,119.0,114.0,115.0,318151341,81095,50,113.0,117.0
1917,2017-09-25,112.0,120.0,112.0,119.0,1209391855,298119,68,115.0,120.0
1918,2017-09-26,121.0,125.0,120.0,125.0,3370030668,793134,192,119.0,125.0
1919,2017-09-27,121.0,129.0,121.0,126.0,1097838028,256215,99,125.0,126.0
1920,2017-10-02,122.0,129.0,124.0,125.0,503876107,118464,49,126.0,124.0
1921,2017-10-03,119.0,123.0,119.0,123.0,303730899,73448,59,125.0,120.0
1922,2017-10-04,118.0,127.0,118.0,123.0,1095968006,261905,92,123.0,121.0
1923,2017-10-07,120.0,126.0,120.0,124.0,467660649,111275,54,123.0,125.0
1924,2017-10-08,122.0,127.0,119.0,121.0,417036398,101425,60,124.0,119.0
1925,2017-10-09,119.0,127.0,119.0,126.0,2555225582,595304,119,121.0,127.0
1926,2017-10-10,129.0,133.0,129.0,132.0,2733492000,609884,171,126.0,132.0
1927,2017-10-11,138.0,138.0,132.0,136.0,3761161993,816226,219,132.0,135.0
1928,2017-10-14,129.0,135.0,129.0,133.0,304487198,68027,52,136.0,132.0
1929,2017-10-15,135.0,135.0,127.0,127.0,2032198375,469590,144,133.0,131.0
1930,2017-10-16,132.0,134.0,131.0,133.0,2224862157,493856,183,127.0,134.0
1931,2017-10-17,136.0,139.0,136.0,139.0,5195274017,1100093,182,133.0,139.0
1932,2017-10-18,144.0,144.0,135.0,141.0,1440827822,300574,125,139.0,141.0
1933,2017-10-21,141.0,144.0,135.0,137.0,456833061,98517,85,141.0,135.0
1934,2017-10-22,138.0,143.0,133.0,142.0,1393145841,289330,133,137.0,142.0
1935,2017-10-23,135.0,143.0,135.0,135.0,2592254149,564638,117,142.0,137.0
1936,2017-10-24,137.0,141.0,134.0,136.0,892862000,193273,78,135.0,138.0
1937,2017-10-25,139.0,139.0,134.0,137.0,487962009,104903,44,136.0,138.0
1938,2017-10-28,138.0,141.0,135.0,141.0,1735814120,362992,52,137.0,136.0
1939,2017-10-29,138.0,138.0,135.0,138.0,2373149023,506681,109,141.0,137.0
1940,2017-10-30,138.0,145.0,136.0,140.0,2492959356,523964,75,138.0,139.0
1941,2017-10-31,141.0,143.0,137.0,143.0,1875973884,386762,42,140.0,138.0
1942,2017-11-01,136.0,142.0,136.0,139.0,785225073,165951,78,143.0,139.0
1943,2017-11-04,142.0,142.0,138.0,140.0,761266730,159668,74,139.0,140.0
1944,2017-11-05,142.0,146.0,139.0,143.0,1597440930,328724,98,140.0,139.0
1945,2017-11-06,139.0,142.0,137.0,139.0,488381558,103351,40,143.0,137.0
1946,2017-11-07,137.0,141.0,137.0,138.0,1333823300,284880,81,139.0,138.0
1947,2017-11-08,141.0,141.0,133.0,135.0,480899350,105023,85,138.0,141.0
1948,2017-11-11,134.0,135.0,132.0,134.0,176870958,39035,28,135.0,132.0
1949,2017-11-12,132.0,132.0,129.0,132.0,382935162,86164,64,134.0,130.0
1950,2017-11-13,128.0,132.0,128.0,129.0,346253656,79371,39,132.0,128.0
1951,2017-11-14,126.0,132.0,123.0,126.0,500120872,117096,84,129.0,125.0
1952,2017-12-12,120.0,131.0,119.0,125.0,1372211972,339559,102,126.0,123.0
1953,2017-12-13,127.0,131.0,127.0,130.0,1288524667,305477,101,125.0,128.0
1954,2017-12-16,131.0,131.0,125.0,130.0,574467737,136040,57,130.0,131.0
1955,2017-12-17,136.0,136.0,124.0,126.0,913456707,223883,99,130.0,127.0
1956,2017-12-18,124.0,128.0,122.0,124.0,804458641,200574,56,126.0,123.0
1957,2017-12-19,122.0,130.0,122.0,127.0,715613656,174021,68,124.0,130.0
1958,2017-12-20,130.0,133.0,125.0,131.0,533950942,125654,74,127.0,133.0
1959,2017-12-23,127.0,136.0,127.0,135.0,513526958,117527,38,131.0,136.0
1960,2017-12-24,136.0,140.0,136.0,140.0,1345265671,297399,136,135.0,140.0
1961,2017-12-25,140.0,144.0,138.0,142.0,2116275038,459908,169,140.0,144.0
1962,2017-12-26,143.0,144.0,141.0,143.0,1280919800,276238,69,142.0,143.0
1963,2017-12-27,139.0,141.0,136.0,137.0,1066777548,239910,64,143.0,136.0
1964,2017-12-30,136.0,136.0,130.0,131.0,928308426,219570,64,137.0,130.0
1965,2017-12-31,130.0,130.0,124.0,125.0,509596775,126312,31,131.0,124.0
1966,2018-01-01,118.0,131.0,118.0,129.0,604318576,144281,40,125.0,128.0
1967,2018-01-02,131.0,135.0,124.0,128.0,154349624,37588,18,129.0,127.0
1968,2018-01-03,124.0,130.0,122.0,127.0,514085670,124853,33,128.0,129.0
1969,2018-01-06,129.0,131.0,129.0,128.0,65053240,15422,9,127.0,131.0
1970,2018-01-07,128.0,134.0,128.0,132.0,827134373,193095,39,128.0,134.0
1971,2018-01-08,137.0,139.0,136.0,134.0,203875530,46100,23,132.0,137.0
1972,2018-01-09,138.0,138.0,131.0,134.0,78952461,17999,13,134.0,135.0
1973,2018-01-10,134.0,138.0,131.0,134.0,139517768,32260,21,134.0,135.0
1974,2018-01-13,138.0,139.0,133.0,134.0,217869458,50197,24,134.0,133.0
1975,2018-01-14,133.0,137.0,131.0,134.0,677706667,156576,53,134.0,137.0
1976,2018-01-15,138.0,138.0,135.0,134.0,195151434,44479,14,134.0,136.0
1977,2018-01-16,130.0,135.0,130.0,133.0,318551077,73985,37,134.0,133.0
1978,2018-01-17,135.0,140.0,135.0,138.0,1412370725,316389,130,133.0,139.0
1979,2018-01-20,140.0,145.0,140.0,144.0,2581439747,552693,117,138.0,145.0
1980,2018-01-21,148.0,150.0,142.0,145.0,3367739781,717012,139,144.0,146.0
1981,2018-01-22,150.0,150.0,141.0,144.0,849109673,181904,57,145.0,142.0
1982,2018-01-23,138.0,144.0,137.0,138.0,926202630,207797,50,144.0,137.0
1983,2018-01-24,137.0,144.0,137.0,143.0,1836403827,396564,84,138.0,144.0
1984,2018-01-27,148.0,148.0,144.0,146.0,1752532565,371800,66,143.0,144.0
1985,2018-01-28,139.0,141.0,138.0,139.0,1542856798,343476,91,146.0,139.0
1986,2018-01-29,134.0,140.0,134.0,138.0,88318027,20111,18,139.0,134.0
1987,2018-01-30,139.0,139.0,131.0,136.0,662295437,150137,53,138.0,132.0
1988,2018-01-31,132.0,135.0,130.0,133.0,465467610,107972,42,136.0,130.0
1989,2018-02-03,131.0,133.0,130.0,131.0,869532948,205403,42,133.0,131.0
1990,2018-02-04,135.0,137.0,133.0,137.0,2311398630,522214,86,131.0,137.0
1991,2018-02-05,140.0,143.0,140.0,143.0,5795728385,1248113,183,137.0,143.0
1992,2018-02-06,145.0,145.0,137.0,142.0,127976260,28358,26,143.0,139.0
1993,2018-02-07,139.0,142.0,136.0,141.0,187380676,41713,28,142.0,139.0
1994,2018-02-10,135.0,141.0,135.0,136.0,530189078,120230,29,141.0,136.0
1995,2018-02-13,136.0,141.0,130.0,132.0,686855618,161047,38,136.0,131.0
1996,2018-02-14,137.0,137.0,131.0,133.0,172883992,39599,14,132.0,135.0
1997,2018-02-17,130.0,133.0,127.0,129.0,1140006276,271874,71,133.0,133.0
1998,2018-02-18,131.0,131.0,131.0,130.0,49349360,11639,9,129.0,131.0
1999,2018-02-19,130.0,130.0,130.0,130.0,131103813,31134,17,130.0,130.0
2000,2018-02-21,130.0,135.0,130.0,130.0,72126920,16938,9,130.0,134.0
2001,2018-02-24,127.0,130.0,127.0,130.0,122391473,29485,27,130.0,127.0
2002,2018-02-25,127.0,132.0,123.0,124.0,666888249,165385,62,130.0,130.0
2003,2018-02-26,128.0,129.0,119.0,122.0,785517047,199274,83,124.0,120.0
2004,2018-02-27,125.0,125.0,119.0,122.0,115536715,29505,19,122.0,123.0
2005,2018-02-28,123.0,123.0,117.0,119.0,1264613336,327074,102,122.0,120.0
2006,2018-03-03,118.0,124.0,116.0,120.0,606642194,155468,56,119.0,124.0
2007,2018-03-05,126.0,126.0,122.0,122.0,165050764,41123,23,120.0,125.0
2008,2018-03-06,125.0,128.0,125.0,127.0,961333324,233697,67,122.0,128.0
2009,2018-03-07,132.0,132.0,121.0,126.0,672154292,164912,37,127.0,121.0
2010,2018-03-10,120.0,124.0,120.0,125.0,151268337,37812,24,126.0,121.0
2011,2018-03-11,131.0,131.0,123.0,126.0,168672265,40423,5,125.0,123.0
2012,2018-03-12,120.0,130.0,120.0,122.0,412176016,104826,19,126.0,121.0
2013,2018-03-13,126.0,126.0,116.0,119.0,334491991,87967,57,122.0,116.0
2014,2018-03-14,122.0,122.0,119.0,119.0,211032601,54579,14,119.0,121.0
2015,2018-03-17,116.0,117.0,116.0,118.0,161432388,42889,21,119.0,116.0
2016,2018-03-18,120.0,123.0,120.0,118.0,35101292,9000,5,118.0,121.0
2017,2018-03-19,120.0,124.0,120.0,120.0,367802064,94079,23,118.0,124.0
2018,2018-03-25,120.0,120.0,120.0,120.0,8615350,2215,3,120.0,120.0
2019,2018-03-26,120.0,120.0,120.0,120.0,102035830,26233,13,120.0,120.0
2020,2018-03-27,121.0,121.0,121.0,120.0,3905000,1000,1,120.0,121.0
2021,2018-03-28,120.0,120.0,117.0,119.0,218546773,57200,22,120.0,120.0
2022,2018-04-04,123.0,125.0,117.0,119.0,162400350,42300,22,119.0,117.0
2023,2018-04-07,116.0,116.0,114.0,118.0,145739701,38956,15,119.0,115.0
2024,2018-04-08,115.0,115.0,113.0,115.0,702558188,189139,28,118.0,113.0
2025,2018-04-09,113.0,113.0,113.0,114.0,274211358,74802,17,115.0,113.0
2026,2018-04-10,112.0,119.0,112.0,115.0,134616860,35654,21,114.0,119.0
2027,2018-04-11,117.0,117.0,115.0,115.0,83096223,22127,18,115.0,115.0
2028,2018-04-15,115.0,120.0,115.0,115.0,119855750,32100,7,115.0,120.0
2029,2018-04-16,114.0,117.0,114.0,115.0,443879664,119555,17,115.0,117.0
2030,2018-04-17,120.0,120.0,116.0,116.0,187139579,48286,21,115.0,120.0
2031,2018-04-18,122.0,122.0,122.0,120.0,301510440,76139,7,116.0,122.0
2032,2018-04-21,126.0,126.0,123.0,126.0,2098927436,516204,104,120.0,123.0
2033,2018-04-22,120.0,125.0,120.0,120.0,486865171,125041,31,126.0,121.0
2034,2018-04-23,119.0,123.0,119.0,121.0,400387024,102417,41,120.0,121.0
2035,2018-04-24,123.0,123.0,117.0,119.0,407818750,106291,22,121.0,119.0
2036,2018-04-25,120.0,124.0,120.0,121.0,513100905,131164,33,119.0,124.0
2037,2018-04-28,118.0,118.0,116.0,119.0,256690012,67366,11,121.0,116.0
2038,2018-04-29,116.0,123.0,116.0,119.0,67027642,17300,15,119.0,117.0
2039,2018-04-30,117.0,117.0,116.0,117.0,592454521,156747,30,119.0,117.0
2040,2018-05-01,117.0,118.0,117.0,117.0,277039948,73139,25,117.0,117.0
2041,2018-05-05,119.0,121.0,119.0,118.0,300689398,77585,22,117.0,119.0
2042,2018-05-06,117.0,118.0,117.0,118.0,130609140,34327,8,118.0,118.0
2043,2018-05-07,117.0,118.0,117.0,117.0,892187403,235473,27,118.0,117.0
2044,2018-05-08,120.0,120.0,117.0,118.0,353809204,92674,23,117.0,117.0
2045,2018-05-09,117.0,122.0,117.0,118.0,638825223,166958,37,118.0,117.0
2046,2018-05-12,117.0,124.0,117.0,122.0,2272060976,574479,89,118.0,124.0
2047,2018-05-13,118.0,128.0,118.0,124.0,782589670,194113,37,122.0,126.0
2048,2018-05-14,124.0,128.0,119.0,126.0,824119038,201265,42,124.0,128.0
2049,2018-05-15,128.0,133.0,128.0,131.0,998940602,234816,57,126.0,133.0
2050,2018-05-16,137.0,138.0,131.0,137.0,2361533736,530988,109,131.0,134.0
2051,2018-05-19,137.0,137.0,130.0,132.0,767288548,179786,66,137.0,134.0
2052,2018-05-20,128.0,137.0,128.0,131.0,852420263,201000,37,132.0,137.0
2053,2018-05-21,137.0,137.0,132.0,135.0,2730046554,623013,142,131.0,132.0
2054,2018-05-22,133.0,135.0,133.0,134.0,408465019,94673,23,135.0,133.0
2055,2018-05-23,132.0,132.0,131.0,132.0,418096320,98007,24,134.0,131.0
2056,2018-05-26,133.0,133.0,127.0,130.0,245631552,59036,23,132.0,127.0
2057,2018-05-27,130.0,130.0,124.0,128.0,463877843,112248,48,130.0,130.0
2058,2018-05-28,125.0,129.0,124.0,126.0,480273951,118045,24,128.0,124.0
2059,2018-05-29,124.0,124.0,120.0,122.0,409129719,104353,35,126.0,120.0
2060,2018-05-30,119.0,123.0,117.0,120.0,228874297,59547,29,122.0,119.0
2061,2018-06-02,117.0,121.0,117.0,119.0,168281207,44070,24,120.0,119.0
2062,2018-06-03,122.0,122.0,119.0,120.0,289761567,74669,33,119.0,119.0
2063,2018-06-09,122.0,124.0,120.0,120.0,67001726,16797,13,120.0,123.0
2064,2018-06-10,123.0,123.0,120.0,121.0,394022570,100661,30,120.0,121.0
2065,2018-06-11,121.0,125.0,121.0,123.0,380961925,95401,54,121.0,123.0
2066,2018-06-12,123.0,125.0,120.0,122.0,665312453,168281,48,123.0,122.0
2067,2018-06-13,123.0,127.0,123.0,124.0,1359069475,337973,98,122.0,124.0
2068,2018-06-17,128.0,130.0,128.0,130.0,933587829,221623,62,124.0,130.0
2069,2018-06-18,126.0,131.0,124.0,126.0,647109872,158423,35,130.0,124.0
2070,2018-06-19,124.0,124.0,120.0,124.0,308473885,78042,35,126.0,122.0
2071,2018-06-20,122.0,123.0,120.0,121.0,825497094,210060,78,124.0,120.0
2072,2018-06-23,120.0,127.0,120.0,122.0,273169435,68768,21,121.0,122.0
2073,2018-06-24,122.0,126.0,122.0,123.0,546843796,137329,33,122.0,123.0
2074,2018-06-25,125.0,125.0,122.0,123.0,1276369584,319864,67,123.0,123.0
2075,2018-06-26,123.0,127.0,122.0,124.0,533109893,132676,33,123.0,122.0
2076,2018-06-27,122.0,123.0,119.0,120.0,632931896,162853,46,124.0,123.0
2077,2018-06-30,120.0,124.0,120.0,120.0,144372024,36660,19,120.0,120.0
2078,2018-07-01,123.0,124.0,120.0,121.0,190933258,48587,27,120.0,123.0
2079,2018-07-02,120.0,123.0,120.0,121.0,79174673,20231,12,121.0,123.0
2080,2018-07-03,123.0,126.0,122.0,123.0,328408328,81348,28,121.0,122.0
2081,2018-07-04,125.0,127.0,123.0,125.0,370380226,91213,36,123.0,126.0
2082,2018-07-07,123.0,125.0,122.0,124.0,359890181,90092,34,125.0,124.0
2083,2018-07-08,127.0,127.0,121.0,123.0,213301660,53900,18,124.0,122.0
2084,2018-07-10,121.0,123.0,119.0,121.0,297897013,76306,35,123.0,119.0
2085,2018-07-11,119.0,123.0,119.0,120.0,273329722,71013,31,121.0,119.0
2086,2018-07-14,123.0,124.0,122.0,120.0,76175688,19084,11,120.0,122.0
2087,2018-07-15,122.0,122.0,121.0,121.0,26440803,6698,7,120.0,121.0
2088,2018-07-16,120.0,120.0,119.0,120.0,205195510,53210,21,121.0,119.0
2089,2018-07-17,120.0,123.0,119.0,120.0,140972880,36463,22,120.0,119.0
2090,2018-07-18,119.0,119.0,117.0,119.0,256141944,66680,27,120.0,117.0
2091,2018-07-21,120.0,123.0,117.0,118.0,262268079,68980,33,119.0,118.0
2092,2018-07-22,118.0,121.0,118.0,118.0,117082441,30335,15,118.0,120.0
2093,2018-07-23,120.0,121.0,118.0,118.0,88147055,22947,15,118.0,121.0
2094,2018-07-24,117.0,120.0,117.0,118.0,55015234,14372,10,118.0,120.0
2095,2018-07-25,118.0,121.0,118.0,119.0,317471983,81764,34,118.0,120.0
2096,2018-07-28,119.0,121.0,119.0,119.0,370585480,96257,18,119.0,120.0
2097,2018-07-29,122.0,122.0,121.0,119.0,17212960,4384,3,119.0,121.0
2098,2018-07-30,122.0,122.0,119.0,120.0,404801024,104147,38,119.0,119.0
2099,2018-07-31,119.0,125.0,119.0,123.0,1231472872,309338,77,120.0,125.0
2100,2018-08-01,124.0,129.0,124.0,128.0,2366346500,571293,127,123.0,129.0
2101,2018-08-04,133.0,134.0,129.0,134.0,1517685743,350369,52,128.0,134.0
2102,2018-08-05,139.0,139.0,127.0,135.0,1987087557,453903,124,134.0,130.0
2103,2018-08-06,131.0,133.0,128.0,129.0,1474106630,353421,81,135.0,128.0
2104,2018-08-07,133.0,133.0,122.0,126.0,306478990,76402,32,129.0,124.0
2105,2018-08-08,124.0,128.0,122.0,125.0,284870777,71027,22,126.0,122.0
2106,2018-08-11,125.0,125.0,119.0,119.0,1638612640,423363,77,125.0,122.0
2107,2018-08-12,123.0,125.0,122.0,124.0,878198761,219463,73,119.0,122.0
2108,2018-08-13,124.0,128.0,124.0,124.0,242618526,59972,18,124.0,124.0
2109,2018-08-14,124.0,127.0,119.0,123.0,321510934,81465,41,124.0,121.0
2110,2018-08-15,126.0,127.0,123.0,124.0,281723649,70041,26,123.0,124.0
2111,2018-08-18,125.0,130.0,125.0,129.0,1926523145,460222,125,124.0,130.0
2112,2018-08-19,133.0,133.0,124.0,126.0,597055081,146721,62,129.0,127.0
2113,2018-08-20,127.0,132.0,122.0,127.0,1359017985,329817,98,126.0,125.0
2114,2018-08-21,124.0,124.0,124.0,124.0,488072745,121758,33,127.0,124.0
2115,2018-08-25,122.0,129.0,122.0,127.0,997890211,243511,58,124.0,127.0
2116,2018-08-26,130.0,133.0,130.0,132.0,658881514,154103,51,127.0,131.0
2117,2018-08-27,131.0,131.0,128.0,131.0,198321869,47591,22,132.0,128.0
2118,2018-08-28,127.0,130.0,125.0,127.0,717887115,174876,34,131.0,127.0
2119,2018-08-29,127.0,129.0,127.0,128.0,304409654,73243,17,127.0,129.0
2120,2018-09-01,134.0,134.0,133.0,134.0,2507929595,577797,135,128.0,134.0
2121,2018-09-02,138.0,139.0,133.0,135.0,808687261,184440,42,134.0,133.0
2122,2018-09-03,136.0,137.0,130.0,134.0,210348289,49600,28,135.0,131.0
2123,2018-09-04,130.0,134.0,128.0,131.0,1240142035,293098,74,134.0,132.0
2124,2018-09-05,131.0,137.0,131.0,137.0,1657613648,373733,101,131.0,137.0
2125,2018-09-08,144.0,144.0,144.0,141.0,330636528,71013,18,137.0,144.0
2126,2018-09-09,148.0,148.0,148.0,148.0,3300249675,687311,124,141.0,148.0
2127,2018-09-10,151.0,156.0,148.0,154.0,4420237730,887376,242,148.0,156.0
2128,2018-09-11,161.0,161.0,161.0,157.0,311164080,59786,21,154.0,161.0
2129,2018-09-12,154.0,165.0,150.0,159.0,4307566703,838674,182,157.0,157.0
2130,2018-09-15,159.0,166.0,151.0,161.0,1853054762,355598,88,159.0,151.0
2131,2018-09-16,157.0,162.0,153.0,154.0,1716420454,343116,113,161.0,156.0
2132,2018-09-17,160.0,160.0,156.0,159.0,2264932138,440284,136,154.0,159.0
2133,2018-09-18,160.0,167.0,157.0,164.0,3784700574,711700,131,159.0,167.0
2134,2018-09-22,172.0,172.0,169.0,172.0,5211658988,935825,168,164.0,172.0
2135,2018-09-23,179.0,181.0,172.0,180.0,3608697982,620331,109,172.0,181.0
2136,2018-09-24,189.0,198.0,189.0,195.0,9538180342,1508512,261,180.0,198.0
2137,2018-09-25,205.0,205.0,205.0,205.0,711727356,107204,33,195.0,205.0
2138,2018-09-26,215.0,215.0,211.0,215.0,4933693008,709357,135,205.0,214.0
2139,2018-09-29,225.0,225.0,219.0,225.0,5367122695,736961,141,215.0,225.0
2140,2018-09-30,236.0,236.0,236.0,235.0,542874053,70999,32,225.0,236.0
2141,2018-10-01,247.0,247.0,223.0,225.0,2291138350,314676,73,235.0,223.0
2142,2018-10-02,214.0,214.0,214.0,222.0,122899641,17767,12,225.0,214.0
2143,2018-10-03,211.0,214.0,211.0,211.0,3181025266,464987,115,222.0,211.0
2144,2018-10-06,216.0,216.0,201.0,202.0,951895176,145333,55,211.0,201.0
2145,2018-10-07,192.0,192.0,192.0,202.0,3329305,535,3,202.0,192.0
2146,2018-10-08,192.0,192.0,192.0,201.0,63236465,10165,3,202.0,192.0
2147,2018-10-09,191.0,191.0,191.0,191.0,506916172,82012,16,201.0,191.0
2148,2018-10-10,181.0,181.0,181.0,184.0,358914256,61123,6,191.0,181.0
2149,2018-10-13,174.0,174.0,174.0,180.0,169440000,30000,1,184.0,174.0
2150,2018-10-14,171.0,171.0,171.0,180.0,23024200,4150,1,180.0,171.0
2151,2018-10-15,171.0,179.0,171.0,171.0,5495237492,989741,185,180.0,171.0
2152,2018-10-16,163.0,180.0,163.0,172.0,1203052526,216407,51,171.0,178.0
2153,2018-10-17,176.0,176.0,163.0,165.0,950638422,177970,59,172.0,167.0
2154,2018-10-20,158.0,173.0,158.0,173.0,1443094614,258101,47,165.0,173.0
2155,2018-10-21,181.0,181.0,172.0,176.0,2096930328,367389,66,173.0,172.0
2156,2018-10-22,169.0,169.0,168.0,170.0,388153452,71134,23,176.0,168.0
2157,2018-10-23,167.0,167.0,162.0,162.0,781555753,149017,38,170.0,162.0
2158,2018-10-24,157.0,157.0,154.0,158.0,257079366,51543,33,162.0,154.0
2159,2018-10-27,150.0,151.0,150.0,150.0,776043787,159955,40,158.0,150.0
2160,2018-10-28,151.0,151.0,142.0,145.0,895721095,190565,58,150.0,147.0
2161,2018-10-29,152.0,152.0,143.0,145.0,1344056151,285417,63,145.0,144.0
2162,2018-10-31,147.0,151.0,147.0,148.0,445954341,93076,37,145.0,149.0
2163,2018-11-03,151.0,155.0,148.0,152.0,800144781,162433,69,148.0,151.0
2164,2018-11-04,148.0,157.0,148.0,153.0,393851703,79473,48,152.0,150.0
2165,2018-11-05,151.0,156.0,145.0,150.0,716254398,147045,71,153.0,153.0
2166,2018-11-06,151.0,158.0,151.0,157.0,1336249425,262679,93,150.0,158.0
2167,2018-11-10,165.0,165.0,161.0,163.0,980182585,185682,94,157.0,162.0
2168,2018-11-11,161.0,163.0,155.0,156.0,765104423,151839,41,163.0,155.0
2169,2018-11-12,156.0,160.0,154.0,157.0,1686074040,332198,88,156.0,154.0
2170,2018-11-13,155.0,162.0,155.0,158.0,2556411597,498053,114,157.0,162.0
2171,2018-11-20,166.0,166.0,161.0,165.0,1366555666,277608,67,158.0,161.0
2172,2018-11-21,161.0,167.0,161.0,164.0,364483601,74688,36,165.0,165.0
2173,2018-11-24,172.0,172.0,172.0,172.0,948367260,184747,71,164.0,172.0
2174,2018-11-26,180.0,180.0,175.0,180.0,3110272031,577676,161,172.0,180.0
2175,2018-11-27,187.0,187.0,171.0,178.0,870633901,163890,101,180.0,180.0
2176,2018-11-28,178.0,178.0,169.0,170.0,1213697832,238967,71,178.0,169.0
2177,2018-12-01,174.0,174.0,162.0,169.0,172247078,34475,22,170.0,170.0
2178,2018-12-02,173.0,173.0,167.0,169.0,451035770,89327,56,169.0,168.0
2179,2018-12-03,169.0,173.0,166.0,168.0,1152631463,229961,61,169.0,167.0
2180,2018-12-04,167.0,167.0,164.0,166.0,875712706,176691,43,168.0,166.0
2181,2018-12-05,167.0,171.0,166.0,166.0,124421051,24765,27,166.0,166.0
2182,2018-12-08,167.0,172.0,165.0,168.0,2652472473,527124,81,166.0,166.0
2183,2018-12-09,162.0,169.0,162.0,167.0,1410967256,282289,53,168.0,168.0
2184,2018-12-10,167.0,169.0,165.0,166.0,680590588,137296,38,167.0,166.0
2185,2018-12-11,166.0,172.0,166.0,167.0,180460733,35892,18,166.0,172.0
2186,2018-12-12,167.0,175.0,167.0,171.0,2449386915,479704,138,167.0,173.0
2187,2018-12-15,171.0,179.0,171.0,179.0,4772392256,892108,149,171.0,179.0
2188,2018-12-16,180.0,180.0,171.0,177.0,1212253024,228836,74,179.0,177.0
2189,2018-12-17,171.0,175.0,169.0,169.0,1409855552,279575,50,177.0,169.0
2190,2018-12-18,160.0,174.0,160.0,170.0,960578872,188761,55,169.0,167.0
2191,2018-12-19,173.0,173.0,168.0,170.0,54208050,10803,7,170.0,168.0
2192,2018-12-22,168.0,177.0,168.0,172.0,291431825,56079,27,170.0,176.0
2193,2018-12-23,177.0,178.0,168.0,173.0,899172092,174179,41,172.0,171.0
2194,2018-12-24,171.0,172.0,169.0,171.0,262149615,51600,16,173.0,169.0
2195,2018-12-25,167.0,176.0,167.0,172.0,951206409,185039,50,171.0,175.0
2196,2018-12-26,175.0,175.0,172.0,174.0,869676784,167080,73,172.0,174.0
2197,2018-12-29,175.0,175.0,171.0,174.0,580916817,111716,50,174.0,172.0
2198,2018-12-30,175.0,183.0,175.0,177.0,6277903476,1187288,184,174.0,183.0
2199,2018-12-31,186.0,186.0,186.0,186.0,883628560,159155,27,177.0,186.0
2200,2019-01-01,195.0,195.0,186.0,194.0,10787272628,1857132,234,186.0,195.0
2201,2019-01-02,199.0,204.0,191.0,201.0,7168741744,1193275,264,194.0,204.0
2202,2019-01-05,210.0,210.0,198.0,202.0,3493309624,578883,158,201.0,198.0
2203,2019-01-06,193.0,201.0,192.0,193.0,3298240971,572036,155,202.0,193.0
2204,2019-01-07,200.0,200.0,193.0,195.0,1080962136,185848,85,193.0,199.0
2205,2019-01-08,193.0,198.0,188.0,191.0,2108940600,369597,94,195.0,194.0
2206,2019-01-09,194.0,194.0,188.0,190.0,634526527,111725,48,191.0,191.0
2207,2019-01-12,185.0,197.0,185.0,188.0,713238846,126773,54,190.0,186.0
2208,2019-01-13,185.0,194.0,185.0,189.0,2564937278,453758,94,188.0,193.0
2209,2019-01-14,195.0,195.0,187.0,188.0,474611949,84485,49,189.0,191.0
2210,2019-01-15,191.0,194.0,188.0,191.0,1088609459,190862,65,188.0,193.0
2211,2019-01-16,195.0,195.0,189.0,191.0,214494424,37587,22,191.0,189.0
2212,2019-01-19,189.0,194.0,188.0,189.0,720019522,127402,46,191.0,189.0
2213,2019-01-20,193.0,193.0,187.0,190.0,1000351403,176208,60,189.0,192.0
2214,2019-01-21,191.0,191.0,186.0,187.0,434382739,77721,29,190.0,186.0
2215,2019-01-22,183.0,191.0,183.0,187.0,84527323,15334,8,187.0,187.0
2216,2019-01-23,189.0,195.0,184.0,190.0,2547435016,448704,124,187.0,191.0
2217,2019-01-26,191.0,200.0,191.0,199.0,2456682614,414180,130,190.0,200.0
2218,2019-01-27,195.0,208.0,189.0,205.0,2000466014,325989,105,199.0,203.0
2219,2019-01-28,204.0,204.0,198.0,203.0,382462144,63564,51,205.0,201.0
2220,2019-01-29,201.0,208.0,195.0,205.0,1765045485,288165,118,203.0,195.0
2221,2019-01-30,201.0,206.0,199.0,202.0,701939800,116625,62,205.0,201.0
2222,2019-02-02,201.0,211.0,201.0,206.0,1620665819,263842,94,202.0,207.0
2223,2019-02-03,211.0,211.0,200.0,204.0,379232711,62472,43,206.0,201.0
2224,2019-02-04,201.0,202.0,198.0,199.0,500399832,84076,61,204.0,201.0
2225,2019-02-05,196.0,203.0,195.0,198.0,301283723,51143,22,199.0,201.0
2226,2019-02-06,198.0,200.0,188.0,198.0,220567451,37499,21,198.0,198.0
2227,2019-02-10,205.0,205.0,198.0,200.0,450374968,75489,51,198.0,202.0
2228,2019-02-12,206.0,206.0,200.0,202.0,274993491,45063,27,200.0,204.0
2229,2019-02-13,198.0,201.0,198.0,200.0,263123196,44510,31,202.0,198.0
2230,2019-02-16,199.0,206.0,196.0,200.0,826441823,138259,60,200.0,196.0
2231,2019-02-17,192.0,201.0,192.0,199.0,57982580,10010,10,200.0,196.0
2232,2019-02-18,204.0,209.0,203.0,207.0,3505279584,567049,187,199.0,209.0
2233,2019-02-19,210.0,217.0,201.0,216.0,4539543820,704875,213,207.0,217.0
2234,2019-02-20,226.0,226.0,224.0,226.0,4769647671,705770,189,216.0,226.0
2235,2019-02-23,229.0,238.0,225.0,234.0,5257330103,753259,270,226.0,227.0
2236,2019-02-24,224.0,233.0,222.0,229.0,4577194514,669436,235,234.0,232.0
2237,2019-02-25,229.0,240.0,229.0,239.0,5052974324,709147,207,229.0,240.0
2238,2019-02-26,238.0,250.0,238.0,248.0,3102284441,419040,126,239.0,250.0
2239,2019-02-27,260.0,260.0,241.0,256.0,10833667057,1416953,448,248.0,251.0
2240,2019-03-02,249.0,249.0,243.0,244.0,3682376902,505088,240,256.0,243.0
2241,2019-03-03,243.0,256.0,232.0,255.0,8482001118,1114191,253,244.0,256.0
2242,2019-03-04,264.0,264.0,244.0,259.0,8367400593,1080298,316,255.0,259.0
2243,2019-03-05,259.0,259.0,246.0,250.0,6765607470,906352,313,259.0,249.0
2244,2019-03-06,251.0,257.0,241.0,246.0,3260640255,443176,258,250.0,242.0
2245,2019-03-09,249.0,249.0,234.0,236.0,2537039462,359845,202,246.0,234.0
2246,2019-03-10,234.0,244.0,232.0,237.0,2278432669,321992,172,236.0,238.0
2247,2019-03-11,241.0,241.0,225.0,227.0,3507378519,517245,228,237.0,225.0
2248,2019-03-12,222.0,231.0,221.0,227.0,2066670909,304870,148,227.0,228.0
2249,2019-03-13,233.0,237.0,230.0,235.0,2305988896,328970,164,227.0,236.0
2250,2019-03-16,246.0,246.0,223.0,244.0,4587763117,628861,256,235.0,246.0
2251,2019-03-17,254.0,254.0,244.0,249.0,3012450266,405324,141,244.0,246.0
2252,2019-03-18,246.0,254.0,239.0,246.0,1225678116,166806,95,249.0,245.0
2253,2019-03-19,252.0,252.0,234.0,240.0,1338618802,186413,156,246.0,241.0
2254,2019-03-25,237.0,252.0,237.0,247.0,3085064102,419023,220,240.0,249.0
2255,2019-03-26,250.0,257.0,247.0,252.0,7843599933,1040087,389,247.0,251.0
2256,2019-03-27,253.0,258.0,241.0,255.0,7641110690,1003452,443,252.0,254.0
2257,2019-03-30,245.0,258.0,245.0,251.0,4116466372,549315,276,255.0,251.0
2258,2019-03-31,251.0,260.0,251.0,256.0,3453047383,451109,206,251.0,257.0
2259,2019-04-06,245.0,268.0,245.0,259.0,4259075032,550067,205,256.0,264.0
2260,2019-04-07,269.0,272.0,263.0,272.0,6323422410,778260,296,259.0,272.0
2261,2019-04-08,286.0,286.0,275.0,285.0,4541793899,532883,152,272.0,286.0
2262,2019-04-09,300.0,300.0,300.0,300.0,1719541401,192149,54,285.0,300.0
2263,2019-04-10,315.0,315.0,315.0,315.0,754386048,80288,25,300.0,315.0
2264,2019-04-13,330.0,330.0,315.0,329.0,19301262397,1967196,467,315.0,330.0
2265,2019-04-14,345.0,345.0,317.0,328.0,10100219634,1030339,489,329.0,321.0
2266,2019-04-15,312.0,330.0,312.0,316.0,7342192017,776992,468,328.0,312.0
2267,2019-04-16,301.0,301.0,301.0,301.0,1253643030,139635,75,316.0,301.0
2268,2019-04-17,286.0,286.0,286.0,286.0,1318507690,154573,63,301.0,286.0
2269,2019-04-20,278.0,300.0,278.0,298.0,3794106238,426210,103,286.0,300.0
2270,2019-04-22,308.0,311.0,283.0,292.0,6368902729,729015,298,298.0,285.0
2271,2019-04-23,278.0,291.0,278.0,283.0,3226824257,381957,189,292.0,285.0
2272,2019-04-24,291.0,291.0,279.0,280.0,3849950835,459511,164,283.0,279.0
2273,2019-04-27,294.0,294.0,280.0,290.0,4068300234,470461,187,280.0,293.0
2274,2019-04-28,301.0,304.0,301.0,303.0,2179091754,240935,128,290.0,304.0
2275,2019-04-29,317.0,317.0,305.0,310.0,1897795084,204669,166,303.0,305.0
2276,2019-04-30,318.0,318.0,295.0,297.0,3371968934,380361,237,310.0,295.0
2277,2019-05-01,285.0,312.0,285.0,305.0,5391266897,591149,260,297.0,312.0
2278,2019-05-04,321.0,321.0,321.0,321.0,1179112032,123132,55,305.0,321.0
2279,2019-05-05,337.0,337.0,305.0,326.0,8601538841,883335,404,321.0,325.0
2280,2019-05-06,328.0,328.0,310.0,312.0,2362607508,253810,157,326.0,310.0
2281,2019-05-07,296.0,296.0,296.0,296.0,1163022336,131494,83,312.0,296.0
2282,2019-05-08,281.0,305.0,281.0,289.0,2911206964,336732,183,296.0,299.0
2283,2019-05-11,298.0,304.0,286.0,300.0,3976501341,444077,194,289.0,296.0
2284,2019-05-12,301.0,301.0,285.0,287.0,2917981160,340375,158,300.0,295.0
2285,2019-05-13,301.0,301.0,276.0,299.0,2776753156,311175,139,287.0,301.0
2286,2019-05-14,313.0,313.0,302.0,311.0,1555032898,167446,129,299.0,309.0
2287,2019-05-15,311.0,320.0,302.0,307.0,3310002525,360875,185,311.0,302.0
2288,2019-05-18,310.0,322.0,305.0,320.0,7947399632,831290,317,307.0,322.0
2289,2019-05-19,322.0,335.0,306.0,321.0,4417675501,461138,231,320.0,311.0
2290,2019-05-20,328.0,328.0,305.0,306.0,2331097973,255204,130,321.0,305.0
2291,2019-05-21,321.0,321.0,321.0,321.0,1265352550,131945,60,306.0,321.0
2292,2019-05-22,337.0,337.0,337.0,337.0,1946216872,193288,55,321.0,337.0
2293,2019-05-25,354.0,354.0,354.0,354.0,857262336,81088,38,337.0,354.0
2294,2019-05-26,372.0,372.0,362.0,372.0,14209302600,1280131,263,354.0,372.0
2295,2019-05-28,390.0,390.0,372.0,387.0,12088211651,1045723,367,372.0,383.0
2296,2019-05-29,386.0,386.0,368.0,369.0,13911664727,1262525,528,387.0,372.0
2297,2019-06-01,373.0,387.0,352.0,380.0,10232693908,902144,452,369.0,387.0
2298,2019-06-02,399.0,399.0,385.0,399.0,19437372949,1632836,321,380.0,399.0
2299,2019-06-03,399.0,405.0,393.0,399.0,3470151654,291496,179,399.0,397.0
2300,2019-06-08,405.0,405.0,379.0,381.0,18638966137,1638154,487,399.0,392.0
2301,2019-06-09,396.0,397.0,385.0,392.0,4294417648,366573,205,381.0,389.0
2302,2019-06-10,392.0,405.0,373.0,385.0,2848757071,247833,161,392.0,385.0
2303,2019-06-11,388.0,398.0,368.0,382.0,5325475516,466304,271,385.0,389.0
2304,2019-06-12,398.0,401.0,390.0,401.0,16415680071,1369728,429,382.0,401.0
2305,2019-06-15,402.0,421.0,383.0,414.0,5178995163,418801,196,401.0,421.0
2306,2019-06-16,435.0,435.0,403.0,433.0,10624197403,820666,222,414.0,433.0
2307,2019-06-17,439.0,442.0,412.0,429.0,5847926064,456314,235,433.0,414.0
2308,2019-06-18,413.0,433.0,408.0,415.0,5974867886,481570,263,429.0,419.0
2309,2019-06-19,434.0,435.0,403.0,414.0,2679578267,216680,147,415.0,415.0
2310,2019-06-22,393.0,406.0,393.0,396.0,5219821064,441051,204,414.0,393.0
2311,2019-06-23,409.0,416.0,389.0,412.0,5561262251,451448,171,396.0,416.0
2312,2019-06-24,411.0,425.0,399.0,417.0,4449307889,357198,184,412.0,421.0
2313,2019-06-25,433.0,433.0,399.0,413.0,2752738165,223061,146,417.0,418.0
2314,2019-06-26,408.0,434.0,408.0,421.0,6876479469,547325,255,413.0,425.0
2315,2019-06-30,413.0,441.0,413.0,436.0,9645085442,739939,270,421.0,441.0
2316,2019-07-01,455.0,458.0,442.0,457.0,1319945091,96658,70,436.0,458.0
2317,2019-07-02,479.0,480.0,479.0,480.0,2366774374,165183,60,457.0,480.0
2318,2019-07-03,504.0,504.0,469.0,491.0,6888954782,469650,315,480.0,481.0
2319,2019-07-06,499.0,516.0,467.0,496.0,12519150132,844861,359,491.0,516.0
2320,2019-07-07,521.0,521.0,497.0,509.0,2678932380,176340,172,496.0,514.0
2321,2019-07-08,483.0,534.0,483.0,527.0,3679196423,233716,155,509.0,521.0
2322,2019-07-09,536.0,553.0,512.0,540.0,5233549626,324714,245,527.0,546.0
2323,2019-07-10,546.0,556.0,513.0,530.0,4128642141,260982,229,540.0,514.0
2324,2019-07-13,503.0,522.0,503.0,503.0,4241454608,282106,166,530.0,503.0
2325,2019-07-14,482.0,502.0,478.0,480.0,7390107179,515388,363,503.0,485.0
2326,2019-07-15,475.0,504.0,475.0,498.0,4951252506,333123,226,480.0,489.0
2327,2019-07-16,473.0,473.0,473.0,474.0,1093994223,77465,47,498.0,473.0
2328,2019-07-17,450.0,468.0,450.0,453.0,8021687918,592871,310,474.0,450.0
2329,2019-07-20,445.0,465.0,436.0,449.0,2959904909,220601,131,453.0,442.0
2330,2019-07-21,442.0,462.0,442.0,450.0,2707336317,201523,178,449.0,446.0
2331,2019-07-22,435.0,460.0,433.0,446.0,1171860781,88038,72,450.0,437.0
2332,2019-07-23,449.0,451.0,423.0,427.0,3137756339,246121,172,446.0,424.0
2333,2019-07-24,412.0,434.0,412.0,421.0,1967214886,156390,125,427.0,417.0
2334,2019-07-27,435.0,442.0,425.0,438.0,3114764437,238058,181,421.0,442.0
2335,2019-07-28,452.0,452.0,417.0,433.0,1701675498,131627,99,438.0,423.0
2336,2019-07-29,422.0,441.0,416.0,423.0,1823262948,144329,141,433.0,416.0
2337,2019-07-30,415.0,434.0,402.0,417.0,2249431622,180548,155,423.0,426.0
2338,2019-07-31,432.0,434.0,419.0,430.0,1253735809,97722,80,417.0,430.0
2339,2019-08-03,414.0,451.0,414.0,440.0,3727033867,283859,177,430.0,451.0
2340,2019-08-04,458.0,462.0,435.0,448.0,4403293012,328850,217,440.0,452.0
2341,2019-08-05,465.0,465.0,450.0,454.0,2351487242,173275,158,448.0,454.0
2342,2019-08-06,459.0,462.0,436.0,439.0,2025780094,154536,153,454.0,442.0
2343,2019-08-07,455.0,455.0,434.0,439.0,1599700200,122069,146,439.0,434.0
2344,2019-08-10,444.0,445.0,425.0,432.0,2349758474,182068,110,439.0,442.0
2345,2019-08-11,445.0,449.0,435.0,441.0,3207690444,243740,163,432.0,448.0
2346,2019-08-13,454.0,463.0,440.0,458.0,6269467247,458560,219,441.0,463.0
2347,2019-08-14,474.0,480.0,469.0,476.0,5203336925,365900,248,458.0,473.0
2348,2019-08-17,469.0,480.0,453.0,458.0,1990610314,145470,107,476.0,462.0
2349,2019-08-18,462.0,468.0,449.0,457.0,1922043454,140799,117,458.0,468.0
2350,2019-08-19,472.0,472.0,454.0,464.0,2748716285,198485,139,457.0,467.0
2351,2019-08-21,442.0,475.0,442.0,466.0,2993769600,215088,164,464.0,463.0
2352,2019-08-24,480.0,480.0,456.0,462.0,7665571105,555236,272,466.0,465.0
2353,2019-08-25,478.0,482.0,456.0,473.0,5667030029,400738,327,462.0,480.0
2354,2019-08-26,489.0,497.0,480.0,496.0,5088878481,343629,169,473.0,497.0
2355,2019-08-27,511.0,521.0,503.0,519.0,10059819033,648745,327,496.0,506.0
2356,2019-08-28,526.0,545.0,493.0,526.0,13409585470,854038,570,519.0,545.0
2357,2019-09-02,545.0,570.0,529.0,549.0,20402676547,1244052,615,526.0,569.0
2358,2019-09-03,572.0,572.0,556.0,565.0,6500070170,385076,314,549.0,566.0
2359,2019-09-04,566.0,593.0,553.0,570.0,7022406416,412703,308,565.0,591.0
2360,2019-09-07,598.0,598.0,598.0,598.0,4173318940,233590,105,570.0,598.0
2361,2019-09-08,628.0,628.0,628.0,628.0,2013328434,107326,44,598.0,628.0
2362,2019-09-11,659.0,659.0,659.0,659.0,6011947952,305237,69,628.0,659.0
2363,2019-09-14,692.0,692.0,637.0,679.0,20110154017,991667,627,659.0,692.0
2364,2019-09-15,708.0,708.0,653.0,684.0,9463025367,463437,354,679.0,670.0
2365,2019-09-16,670.0,703.0,658.0,683.0,9659528132,473596,378,684.0,678.0
2366,2019-09-17,651.0,703.0,649.0,655.0,11573426774,591621,326,683.0,656.0
2367,2019-09-18,655.0,655.0,622.0,624.0,6623921780,355398,201,655.0,623.0
2368,2019-09-21,655.0,655.0,613.0,644.0,3922526634,204002,189,624.0,655.0
2369,2019-09-22,676.0,676.0,670.0,676.0,2179904081,107985,77,644.0,676.0
2370,2019-09-23,710.0,710.0,677.0,710.0,6926577294,326833,167,676.0,710.0
2371,2019-09-24,713.0,745.0,686.0,733.0,5917114420,270435,271,710.0,720.0
2372,2019-09-25,762.0,762.0,720.0,737.0,4815070219,218825,201,733.0,743.0
2373,2019-09-28,769.0,769.0,743.0,749.0,7884687355,352245,310,737.0,743.0
2374,2019-09-29,756.0,756.0,712.0,717.0,11214232524,523716,365,749.0,712.0
2375,2019-09-30,733.0,736.0,683.0,719.0,10473739099,487868,282,717.0,733.0
2376,2019-10-01,732.0,732.0,683.0,704.0,6742990316,320456,248,719.0,683.0
2377,2019-10-02,669.0,720.0,669.0,690.0,2886652175,140026,182,704.0,696.0
2378,2019-10-05,666.0,718.0,663.0,683.0,6553147722,321146,203,690.0,696.0
2379,2019-10-06,688.0,688.0,649.0,654.0,6255240299,320468,214,683.0,650.0
2380,2019-10-07,622.0,683.0,622.0,655.0,1786400740,91314,118,654.0,646.0
2381,2019-10-08,626.0,663.0,622.0,632.0,6130808101,324554,162,655.0,622.0
2382,2019-10-09,633.0,633.0,601.0,603.0,3581339618,198726,191,632.0,612.0
2383,2019-10-12,630.0,630.0,603.0,616.0,1692660917,92007,85,603.0,614.0
2384,2019-10-13,616.0,633.0,588.0,611.0,1415516060,77585,118,616.0,616.0
2385,2019-10-14,588.0,615.0,580.0,588.0,1427200798,81316,152,611.0,580.0
2386,2019-10-15,599.0,617.0,558.0,593.0,2806089035,158308,195,588.0,566.0
2387,2019-10-16,576.0,617.0,564.0,587.0,2394788797,136688,178,593.0,564.0
2388,2019-10-20,559.0,600.0,557.0,569.0,860832998,51562,51,587.0,557.0
2389,2019-10-21,540.0,578.0,540.0,544.0,4554408405,280061,176,569.0,570.0
2390,2019-10-22,569.0,572.0,563.0,570.0,4128339700,242356,137,544.0,572.0
2391,2019-10-23,569.0,583.0,544.0,561.0,1298535702,77601,75,570.0,580.0
2392,2019-10-26,579.0,579.0,543.0,577.0,4109323764,238263,187,561.0,579.0
2393,2019-10-28,599.0,606.0,579.0,605.0,4083649569,226151,170,577.0,606.0
2394,2019-10-30,633.0,635.0,613.0,634.0,3983188453,210276,171,605.0,635.0
2395,2019-11-02,663.0,663.0,603.0,629.0,4673453302,248593,255,634.0,626.0
2396,2019-11-03,605.0,643.0,605.0,633.0,1718581497,90827,121,629.0,635.0
2397,2019-11-04,646.0,665.0,642.0,665.0,18612905321,937408,329,633.0,665.0
2398,2019-11-05,690.0,698.0,665.0,694.0,14281574543,689153,322,665.0,698.0
2399,2019-11-09,728.0,729.0,660.0,712.0,12044486477,566102,360,694.0,729.0
2400,2019-11-10,709.0,748.0,709.0,746.0,8584920095,385332,180,712.0,748.0
2401,2019-11-11,783.0,783.0,783.0,783.0,3534227104,151087,72,746.0,783.0
2402,2019-11-12,822.0,822.0,773.0,813.0,18084605473,745159,493,783.0,793.0
2403,2019-11-13,773.0,783.0,772.0,773.0,3524896135,152730,190,813.0,772.0
2404,2019-11-16,734.0,770.0,734.0,736.0,8141928489,370348,300,773.0,734.0
2405,2019-11-17,699.0,699.0,699.0,721.0,699597456,33496,31,736.0,699.0
2406,2019-11-27,758.0,796.0,758.0,787.0,6593747047,285700,104,721.0,796.0
2407,2019-11-30,827.0,827.0,827.0,813.0,1279401136,52798,42,787.0,827.0
2408,2019-12-01,854.0,854.0,854.0,854.0,2333583168,93224,51,813.0,854.0
2409,2019-12-02,897.0,897.0,853.0,891.0,21196639283,811416,454,854.0,897.0
2410,2019-12-03,921.0,921.0,847.0,882.0,11891840598,460181,484,891.0,883.0
2411,2019-12-04,887.0,887.0,839.0,851.0,11766768668,471576,518,882.0,846.0
2412,2019-12-07,867.0,867.0,819.0,844.0,18809843959,760332,441,851.0,853.0
2413,2019-12-08,859.0,886.0,859.0,882.0,6122759100,236914,121,844.0,886.0
2414,2019-12-09,926.0,926.0,926.0,926.0,2705025024,99684,56,882.0,926.0
2415,2019-12-10,972.0,972.0,879.0,930.0,23984752504,880240,590,926.0,890.0
2416,2019-12-11,883.0,962.0,883.0,918.0,6275883013,233214,228,930.0,907.0
2417,2019-12-14,873.0,964.0,873.0,955.0,14463806564,516687,370,918.0,964.0
2418,2019-12-15,989.0,989.0,917.0,934.0,10667932609,389495,230,955.0,930.0
2419,2019-12-16,921.0,968.0,911.0,929.0,5693222334,208992,204,934.0,929.0
2420,2019-12-17,962.0,962.0,918.0,937.0,10303496899,375239,237,929.0,955.0
2421,2019-12-18,959.0,984.0,921.0,969.0,8095801944,285005,204,937.0,984.0
2422,2019-12-21,1017.0,1017.0,935.0,1015.0,3781749877,127120,84,969.0,1017.0
2423,2019-12-22,1066.0,1066.0,1066.0,1066.0,7510664964,240449,41,1015.0,1066.0
2424,2019-12-23,1119.0,1119.0,1012.0,1030.0,13482865917,446716,352,1066.0,1012.0
2425,2019-12-24,979.0,1063.0,979.0,1027.0,4644762122,154271,227,1030.0,1051.0
2426,2019-12-25,1043.0,1052.0,990.0,1009.0,3637517735,123033,191,1027.0,1000.0
2427,2019-12-28,1000.0,1047.0,989.0,1031.0,12680782389,419589,362,1009.0,1030.0
2428,2019-12-29,1053.0,1053.0,979.0,990.0,37776392915,1301561,970,1031.0,994.0
2429,2019-12-30,1007.0,1040.0,989.0,1030.0,19656582321,651058,376,990.0,1040.0
2430,2019-12-31,1081.0,1081.0,1040.0,1076.0,44639358347,1415262,1215,1030.0,1081.0
2431,2020-01-01,1119.0,1130.0,1022.0,1092.0,34498533260,1077878,1273,1076.0,1027.0
2432,2020-01-04,1037.0,1037.0,1037.0,1076.0,723085086,23781,26,1092.0,1037.0
2433,2020-01-05,1022.0,1022.0,1022.0,1024.0,2297861202,76713,99,1076.0,1022.0
2434,2020-01-07,973.0,973.0,973.0,973.0,2670291008,93632,59,1024.0,973.0
2435,2020-01-08,953.0,953.0,953.0,972.0,64031159,2291,9,973.0,953.0
2436,2020-01-11,992.0,992.0,992.0,987.0,1803020241,62017,36,972.0,992.0
2437,2020-01-12,1023.0,1037.0,953.0,1013.0,16258629862,547332,468,987.0,1023.0
2438,2020-01-13,1023.0,1064.0,963.0,1000.0,27517384212,938720,836,1013.0,1027.0
2439,2020-01-14,1014.0,1050.0,992.0,1038.0,20160212760,662666,520,1000.0,1050.0
2440,2020-01-15,1064.0,1075.0,1030.0,1054.0,15169551166,491158,378,1038.0,1061.0
2441,2020-01-18,1071.0,1071.0,1010.0,1037.0,14106712084,464203,606,1054.0,1020.0
2442,2020-01-19,1034.0,1034.0,985.0,987.0,36323356515,1255010,944,1037.0,985.0
2443,2020-01-20,1006.0,1006.0,961.0,977.0,15089623611,526790,669,987.0,987.0
2444,2020-01-21,989.0,1001.0,961.0,987.0,9831656113,339928,394,977.0,985.0
2445,2020-01-22,1010.0,1010.0,978.0,983.0,9199578780,319377,353,987.0,987.0
2446,2020-01-25,999.0,999.0,981.0,988.0,16708557974,577053,563,983.0,992.0
2447,2020-01-26,1003.0,1003.0,972.0,985.0,14188759667,491415,520,988.0,979.0
2448,2020-01-27,1000.0,1000.0,954.0,980.0,15147227942,527049,480,985.0,972.0
2449,2020-01-28,985.0,985.0,952.0,970.0,26876467887,945021,649,980.0,970.0
2450,2020-02-01,1019.0,1019.0,1019.0,1019.0,4478135382,149961,96,970.0,1019.0
2451,2020-02-02,1070.0,1070.0,1070.0,1070.0,3345892050,106710,93,1019.0,1070.0
2452,2020-02-03,1123.0,1123.0,1075.0,1118.0,42132583028,1285976,882,1070.0,1100.0
2453,2020-02-04,1137.0,1137.0,1062.0,1073.0,28389276267,902798,1015,1118.0,1062.0
2454,2020-02-05,1062.0,1062.0,1019.0,1036.0,13716499329,451730,573,1073.0,1042.0
2455,2020-02-08,994.0,1030.0,994.0,1010.0,7273772643,245646,445,1036.0,1000.0
2456,2020-02-09,1042.0,1042.0,1001.0,1019.0,9673496661,323906,368,1010.0,1023.0
2457,2020-02-10,1023.0,1070.0,974.0,1049.0,26491045785,861200,730,1019.0,1070.0
2458,2020-02-12,1102.0,1102.0,1049.0,1096.0,15952491753,496459,412,1049.0,1102.0
2459,2020-02-15,1135.0,1151.0,1049.0,1120.0,24097691123,734052,780,1096.0,1151.0
2460,2020-02-16,1176.0,1176.0,1165.0,1176.0,70386933189,2042065,687,1120.0,1176.0
2461,2020-02-17,1235.0,1235.0,1176.0,1232.0,43949886425,1216538,877,1176.0,1235.0
2462,2020-02-18,1262.0,1262.0,1194.0,1233.0,33016988129,913788,1071,1232.0,1228.0
2463,2020-02-19,1211.0,1262.0,1188.0,1234.0,26506125254,732594,830,1233.0,1235.0
2464,2020-02-22,1173.0,1275.0,1173.0,1246.0,29129083859,797846,747,1234.0,1249.0
2465,2020-02-23,1308.0,1308.0,1296.0,1307.0,16772093923,437911,355,1246.0,1308.0
2466,2020-02-24,1372.0,1372.0,1266.0,1307.0,20353876211,531264,616,1307.0,1307.0
2467,2020-02-25,1371.0,1371.0,1273.0,1290.0,22741782272,601377,728,1307.0,1282.0
2468,2020-02-26,1296.0,1296.0,1228.0,1243.0,23621406260,648346,718,1290.0,1235.0
2469,2020-02-29,1181.0,1227.0,1181.0,1192.0,17697211819,506672,432,1243.0,1194.0
2470,2020-03-01,1194.0,1251.0,1164.0,1246.0,9200114156,251970,188,1192.0,1251.0
2471,2020-03-02,1308.0,1308.0,1194.0,1245.0,31049496407,850645,947,1246.0,1228.0
2472,2020-03-03,1196.0,1245.0,1193.0,1222.0,28101989367,795067,1034,1245.0,1214.0
2473,2020-03-04,1194.0,1218.0,1184.0,1207.0,29276464884,834551,931,1222.0,1194.0
2474,2020-03-07,1147.0,1194.0,1147.0,1180.0,21846827540,648690,654,1207.0,1152.0
2475,2020-03-09,1121.0,1152.0,1121.0,1163.0,13545739298,411964,529,1180.0,1121.0
2476,2020-03-10,1105.0,1156.0,1105.0,1150.0,11621005572,357246,424,1163.0,1110.0
2477,2020-03-11,1102.0,1194.0,1102.0,1150.0,12081683203,357564,453,1150.0,1152.0
2478,2020-03-14,1167.0,1167.0,1093.0,1147.0,3811351288,118080,177,1150.0,1093.0
2479,2020-03-15,1089.0,1101.0,1089.0,1141.0,4475428228,140104,247,1147.0,1092.0
2480,2020-03-16,1098.0,1193.0,1087.0,1138.0,7376582309,224192,419,1141.0,1095.0
2481,2020-03-17,1149.0,1149.0,1081.0,1132.0,5856598876,183808,343,1138.0,1081.0
2482,2020-03-18,1109.0,1133.0,1075.0,1127.0,8957217968,276061,441,1132.0,1122.0
2483,2020-03-24,1126.0,1143.0,1071.0,1117.0,21782109946,672719,795,1127.0,1134.0
2484,2020-03-25,1173.0,1173.0,1135.0,1133.0,16733148943,488908,658,1117.0,1172.0
2485,2020-03-28,1190.0,1190.0,1160.0,1146.0,14387065555,416310,674,1133.0,1187.0
2486,2020-03-29,1200.0,1200.0,1109.0,1146.0,26176745142,779573,729,1146.0,1126.0
2487,2020-03-30,1142.0,1146.0,1098.0,1141.0,10166740019,308730,402,1146.0,1143.0
2488,2020-04-04,1172.0,1180.0,1143.0,1152.0,16960266408,493025,697,1141.0,1177.0
2489,2020-04-05,1192.0,1192.0,1130.0,1152.0,13488144020,398937,695,1152.0,1160.0
2490,2020-04-06,1160.0,1175.0,1117.0,1152.0,17737292587,526048,570,1152.0,1166.0
2491,2020-04-07,1192.0,1209.0,1152.0,1180.0,35515228298,1015468,597,1152.0,1209.0
2492,2020-04-08,1239.0,1239.0,1239.0,1195.0,14404531901,396677,251,1180.0,1239.0
2493,2020-04-11,1255.0,1255.0,1255.0,1200.0,3987069405,108359,110,1195.0,1255.0
2494,2020-04-12,1260.0,1260.0,1260.0,1219.0,16497863790,446685,153,1200.0,1260.0
2495,2020-04-13,1280.0,1280.0,1280.0,1232.0,11413176048,304254,171,1219.0,1280.0
2496,2020-04-14,1293.0,1293.0,1293.0,1278.0,40771247216,1075418,698,1232.0,1293.0
2497,2020-04-15,1342.0,1342.0,1308.0,1342.0,64763374842,1646456,596,1278.0,1342.0
2498,2020-04-18,1409.0,1409.0,1409.0,1387.0,35401317354,857154,438,1342.0,1409.0
2499,2020-04-19,1456.0,1456.0,1318.0,1452.0,102633998861,2412196,1170,1387.0,1409.0
2500,2020-04-20,1453.0,1524.0,1453.0,1502.0,48968352136,1106948,955,1452.0,1524.0
2501,2020-04-21,1577.0,1577.0,1518.0,1542.0,33014416042,716018,666,1502.0,1577.0
2502,2020-04-22,1619.0,1619.0,1619.0,1563.0,16404294246,345682,315,1542.0,1619.0
2503,2020-04-25,1641.0,1641.0,1641.0,1580.0,11868963600,246756,230,1563.0,1641.0
2504,2020-04-26,1659.0,1659.0,1501.0,1635.0,52089192101,1086624,1022,1580.0,1658.0
2505,2020-04-27,1717.0,1717.0,1569.0,1623.0,37333523720,786957,1015,1635.0,1617.0
2506,2020-04-28,1542.0,1704.0,1542.0,1654.0,62783635924,1295292,962,1623.0,1704.0
2507,2020-04-29,1736.0,1736.0,1731.0,1686.0,22018818083,432669,391,1654.0,1736.0
2508,2020-05-02,1771.0,1771.0,1771.0,1707.0,12977793149,250049,217,1686.0,1771.0
2509,2020-05-03,1792.0,1792.0,1792.0,1740.0,20407753743,388401,202,1707.0,1792.0
2510,2020-05-04,1827.0,1827.0,1653.0,1793.0,60654289325,1153978,592,1740.0,1827.0
2511,2020-05-05,1883.0,1883.0,1707.0,1862.0,57423307942,1051913,608,1793.0,1883.0
2512,2020-05-06,1955.0,1955.0,1876.0,1932.0,46975816159,822401,613,1862.0,1955.0
2513,2020-05-09,2029.0,2029.0,1962.0,1992.0,32895709577,553351,445,1932.0,2029.0
2514,2020-05-10,2091.0,2091.0,1893.0,2024.0,63529064522,1070620,895,1992.0,2079.0
2515,2020-05-11,2123.0,2123.0,1923.0,2008.0,19853636927,341790,557,2024.0,1960.0
2516,2020-05-12,1908.0,1970.0,1907.0,1926.0,40724622982,728021,443,2008.0,1907.0
2517,2020-05-13,1842.0,2022.0,1842.0,1963.0,36674491345,632751,733,1926.0,2013.0
2518,2020-05-16,2061.0,2061.0,1897.0,1973.0,27379377758,471226,485,1963.0,1934.0
2519,2020-05-17,2013.0,2061.0,1876.0,1973.0,14278949761,247091,448,1973.0,1948.0
2520,2020-05-18,2055.0,2071.0,1975.0,2017.0,24971000035,412343,318,1973.0,2071.0
2521,2020-05-19,2118.0,2118.0,1945.0,2078.0,39194243993,636633,506,2017.0,2118.0
2522,2020-05-20,2182.0,2182.0,2077.0,2084.0,10779359577,174305,444,2078.0,2107.0
2523,2020-05-23,2137.0,2137.0,1980.0,2067.0,12424491350,210360,330,2084.0,1999.0
2524,2020-05-26,1963.0,1999.0,1963.0,2041.0,11514749568,200051,242,2067.0,1963.0
2525,2020-05-27,1939.0,2023.0,1939.0,2031.0,5491200227,95842,276,2041.0,1967.0
2526,2020-05-30,1979.0,2133.0,1945.0,2072.0,26085559312,421234,440,2031.0,2133.0
2527,2020-05-31,2165.0,2165.0,1996.0,2067.0,5292425178,89313,194,2072.0,2011.0
2528,2020-06-01,2128.0,2128.0,1963.0,2050.0,13890771876,236070,338,2067.0,2032.0
2529,2020-06-02,2071.0,2152.0,1947.0,2052.0,25555687481,424492,485,2050.0,2086.0
2530,2020-06-06,2013.0,2154.0,2013.0,2099.0,27992174702,446176,429,2052.0,2154.0
2531,2020-06-07,2204.0,2204.0,2204.0,2163.0,32380401504,501136,368,2099.0,2204.0
2532,2020-06-08,2388.0,2388.0,2269.0,2215.0,22105437906,328601,351,2163.0,2269.0
2533,2020-06-09,2325.0,2326.0,2272.0,2251.0,20638138506,304151,455,2215.0,2326.0
2534,2020-06-10,2364.0,2364.0,2320.0,2293.0,22784737164,329859,394,2251.0,2364.0
2535,2020-06-13,2385.0,2407.0,2225.0,2295.0,19628265540,291314,498,2293.0,2319.0
2536,2020-06-14,2407.0,2407.0,2181.0,2262.0,20558789850,316266,469,2295.0,2200.0
2537,2020-06-15,2156.0,2251.0,2149.0,2234.0,19138657480,297845,452,2262.0,2160.0
2538,2020-06-16,2217.0,2310.0,2123.0,2221.0,24336812290,375937,608,2234.0,2240.0
2539,2020-06-20,2304.0,2332.0,2166.0,2270.0,48128303790,722292,948,2221.0,2332.0
2540,2020-06-21,2383.0,2383.0,2354.0,2379.0,52731098290,755546,989,2270.0,2383.0
2541,2020-06-22,2496.0,2498.0,2384.0,2426.0,31876016800,441838,497,2379.0,2498.0
2542,2020-06-23,2547.0,2547.0,2305.0,2422.0,15564693120,220096,472,2426.0,2305.0
2543,2020-06-24,2301.0,2490.0,2301.0,2406.0,13664836910,197707,304,2422.0,2344.0
2544,2020-06-27,2300.0,2490.0,2299.0,2387.0,16550836950,240358,466,2406.0,2354.0
2545,2020-06-28,2506.0,2506.0,2354.0,2480.0,44583430270,609463,804,2387.0,2504.0
2546,2020-06-29,2604.0,2604.0,2542.0,2571.0,43464975650,571865,659,2480.0,2604.0
2547,2020-06-30,2699.0,2699.0,2699.0,2607.0,15886376190,200763,251,2571.0,2699.0
2548,2020-07-01,2738.0,2738.0,2729.0,2702.0,41428541490,516274,611,2607.0,2738.0
2549,2020-07-04,2837.0,2837.0,2627.0,2829.0,74052339640,892849,1113,2702.0,2837.0
2550,2020-07-05,2971.0,2971.0,2971.0,2860.0,11804477720,135559,300,2829.0,2971.0
2551,2020-07-06,3003.0,3003.0,3003.0,2984.0,48112788240,546612,728,2860.0,3003.0
2552,2020-07-14,3132.0,3132.0,3132.0,3093.0,19359696080,421688,237,2984.0,3132.0
2553,2020-07-15,3248.0,3248.0,3248.0,3153.0,10500131600,220591,114,3093.0,3248.0
2554,2020-07-18,3310.0,3310.0,3310.0,3251.0,32835910000,676750,364,3153.0,3310.0
2555,2020-07-19,3413.0,3413.0,3413.0,3324.0,24429699030,488301,319,3251.0,3413.0
2556,2020-07-20,3490.0,3490.0,3158.0,3242.0,80050225540,1684716,1792,3324.0,3158.0
2557,2020-07-21,3108.0,3154.0,3081.0,3098.0,44174907740,977590,864,3242.0,3081.0
2558,2020-07-22,2943.0,2943.0,2943.0,3075.0,6919138320,160388,277,3098.0,2943.0
2559,2020-07-25,2922.0,2968.0,2922.0,2989.0,27231896400,635194,790,3075.0,2922.0
2560,2020-07-26,2840.0,2840.0,2840.0,2975.0,4302717220,103381,167,2989.0,2840.0
2561,2020-07-27,2827.0,2827.0,2827.0,2968.0,2271151170,54819,110,2975.0,2827.0
2562,2020-07-28,2820.0,2820.0,2820.0,2950.0,5404352130,130761,103,2968.0,2820.0
2563,2020-07-29,2803.0,2803.0,2803.0,2926.0,7380145240,179653,170,2950.0,2803.0
2564,2020-08-01,2780.0,3036.0,2780.0,2851.0,79788283920,1909822,1341,2926.0,2888.0
2565,2020-08-02,2709.0,2993.0,2709.0,2889.0,36496235650,857924,988,2851.0,2791.0
2566,2020-08-03,2934.0,2934.0,2745.0,2828.0,23288226600,574406,553,2889.0,2745.0
2567,2020-08-04,2705.0,2865.0,2687.0,2735.0,46640363950,1163515,1061,2828.0,2784.0
2568,2020-08-05,2797.0,2797.0,2681.0,2733.0,20289288470,507148,610,2735.0,2743.0
2569,2020-08-09,2858.0,2866.0,2596.0,2735.0,13804221090,343763,570,2733.0,2662.0
2570,2020-08-10,2671.0,2728.0,2598.0,2705.0,11204746790,292942,435,2735.0,2728.0
2571,2020-08-11,2627.0,2627.0,2570.0,2679.0,9559690090,253305,329,2705.0,2626.0
2572,2020-08-12,2721.0,2721.0,2545.0,2658.0,8619694930,229154,305,2679.0,2545.0
2573,2020-08-15,2526.0,2591.0,2526.0,2644.0,5245951510,141608,192,2658.0,2538.0
2574,2020-08-16,2515.0,2776.0,2512.0,2660.0,24813556940,632444,828,2644.0,2760.0
2575,2020-08-17,2793.0,2793.0,2528.0,2664.0,15513016490,396264,544,2660.0,2593.0
2576,2020-08-18,2531.0,2728.0,2531.0,2648.0,13237426160,346599,477,2664.0,2587.0
2577,2020-08-19,2647.0,2647.0,2516.0,2637.0,3887516080,105379,192,2648.0,2516.0
2578,2020-08-22,2511.0,2585.0,2505.0,2625.0,4216404630,114797,191,2637.0,2505.0
2579,2020-08-23,2494.0,2494.0,2494.0,2624.0,488990000,13375,32,2625.0,2494.0
2580,2020-08-24,2493.0,2493.0,2493.0,2590.0,12394952640,339216,206,2624.0,2493.0
2581,2020-08-25,2461.0,2461.0,2461.0,2577.0,4591314230,127289,141,2590.0,2461.0
2582,2020-08-26,2449.0,2449.0,2449.0,2558.0,6838301150,190535,233,2577.0,2449.0
2583,2020-08-31,2430.0,2430.0,2430.0,2555.0,1139198840,31982,70,2558.0,2430.0
2584,2020-09-01,2428.0,2428.0,2428.0,2554.0,194409120,5464,13,2555.0,2428.0
2585,2020-09-02,2427.0,2427.0,2427.0,2554.0,135486130,3809,11,2554.0,2427.0
2586,2020-09-05,2426.0,2426.0,2426.0,2550.0,1381861600,38860,18,2554.0,2426.0
2587,2020-09-06,2423.0,2423.0,2423.0,2550.0,103824960,2923,15,2550.0,2423.0
2588,2020-09-07,2423.0,2423.0,2423.0,2550.0,31044480,874,5,2550.0,2423.0
2589,2020-09-08,2423.0,2423.0,2423.0,2550.0,61414080,1729,3,2550.0,2423.0
2590,2020-09-09,2423.0,2423.0,2423.0,2550.0,130464960,3673,14,2550.0,2423.0
2591,2020-09-12,2423.0,2423.0,2423.0,2549.0,353928170,9967,17,2550.0,2423.0
2592,2020-09-13,2422.0,2422.0,2422.0,2549.0,28222500,795,3,2549.0,2422.0
2593,2020-09-14,2422.0,2422.0,2422.0,2548.0,581348000,16376,14,2549.0,2422.0
2594,2020-09-15,2421.0,2421.0,2421.0,2544.0,1292004200,36415,37,2548.0,2421.0
2595,2020-09-16,2417.0,2417.0,2417.0,2543.0,529217910,14937,13,2544.0,2417.0
2596,2020-09-19,2416.0,2416.0,2416.0,2543.0,78858070,2227,7,2543.0,2416.0
2597,2020-09-20,2416.0,2416.0,2416.0,2543.0,102689000,2900,10,2543.0,2416.0
2598,2020-09-21,2416.0,2416.0,2416.0,2543.0,11685300,330,2,2543.0,2416.0
2599,2020-09-22,2416.0,2416.0,2416.0,2543.0,5276090,149,1,2543.0,2416.0
2600,2020-09-23,2416.0,2416.0,2416.0,2542.0,278782930,7873,7,2543.0,2416.0
2601,2020-09-26,2415.0,2415.0,2415.0,2542.0,78269400,2211,3,2542.0,2415.0
2602,2020-09-27,2415.0,2415.0,2415.0,2542.0,10407600,294,2,2542.0,2415.0
2603,2020-09-29,2415.0,2415.0,2415.0,2542.0,21240000,600,2,2542.0,2415.0
2604,2020-09-30,2415.0,2415.0,2415.0,2542.0,77172000,2180,8,2542.0,2415.0
2605,2020-10-03,2415.0,2415.0,2415.0,2542.0,269818800,7622,11,2542.0,2415.0
2606,2020-10-04,2415.0,2415.0,2415.0,2542.0,89147410,2519,8,2542.0,2415.0
2607,2020-10-05,2415.0,2415.0,2415.0,2541.0,152601680,4312,5,2542.0,2415.0
2608,2020-10-06,2414.0,2414.0,2414.0,2540.0,251198000,7100,18,2541.0,2414.0
2609,2020-10-07,2413.0,2413.0,2413.0,2537.0,998459730,28229,29,2540.0,2413.0
2610,2020-10-10,2411.0,2411.0,2411.0,2535.0,908626740,25711,23,2537.0,2411.0
2611,2020-10-11,2408.0,2408.0,2408.0,2531.0,1185444600,33582,41,2535.0,2408.0
2612,2020-10-12,2405.0,2405.0,2405.0,2531.0,54390750,1543,9,2531.0,2405.0
2613,2020-10-13,2405.0,2405.0,2405.0,2531.0,341819250,9697,18,2531.0,2405.0
2614,2020-10-14,2404.0,2404.0,2404.0,2530.0,199987000,5675,12,2531.0,2404.0
2615,2020-10-18,2404.0,2404.0,2404.0,2530.0,40444040,1148,3,2530.0,2404.0
2616,2020-10-19,2404.0,2404.0,2404.0,2404.0,54007415350,1532995,327,2530.0,2404.0
2617,2020-10-20,2284.0,2284.0,2284.0,2404.0,24868210,743,4,2404.0,2284.0
2618,2020-10-21,2284.0,2284.0,2284.0,2404.0,43711820,1306,6,2404.0,2284.0
2619,2020-10-24,2284.0,2284.0,2284.0,2404.0,20115470,601,3,2404.0,2284.0
2620,2020-10-26,2284.0,2284.0,2284.0,2404.0,21889380,654,4,2404.0,2284.0
2621,2020-10-27,2284.0,2284.0,2284.0,2404.0,10041000,300,2,2404.0,2284.0
2622,2020-10-28,2284.0,2284.0,2284.0,2404.0,68446150,2045,3,2404.0,2284.0
2623,2020-10-31,2284.0,2284.0,2284.0,2404.0,72496020,2166,8,2404.0,2284.0
2624,2020-11-01,2284.0,2284.0,2284.0,2404.0,30123000,900,3,2404.0,2284.0
2625,2020-11-02,2284.0,2284.0,2284.0,2404.0,21922850,655,3,2404.0,2284.0
2626,2020-11-04,2284.0,2284.0,2284.0,2404.0,36817000,1100,6,2404.0,2284.0
2627,2020-11-07,2164.0,2164.0,2164.0,2373.0,5739066060,180986,66,2404.0,2164.0
2628,2020-11-08,2255.0,2255.0,2255.0,2373.0,55821450,1689,5,2373.0,2255.0
2629,2020-11-10,2255.0,2255.0,2255.0,2373.0,34801650,1053,5,2373.0,2255.0
2630,2020-11-11,2255.0,2255.0,2255.0,2373.0,122483300,3706,8,2373.0,2255.0
2631,2020-11-14,2255.0,2255.0,2255.0,2372.0,163267000,4940,14,2373.0,2255.0
2632,2020-11-15,2254.0,2254.0,2254.0,2372.0,189154000,5725,12,2372.0,2254.0
2633,2020-11-16,2254.0,2254.0,2254.0,2372.0,113755320,3444,7,2372.0,2254.0
2634,2020-11-23,1743.0,1830.0,1743.0,1821.0,40861481170,1544025,486,2372.0,1830.0
2635,2020-11-24,1911.0,1911.0,1730.0,1801.0,81628696940,3119149,1912,1821.0,1731.0
2636,2020-11-25,1712.0,1891.0,1712.0,1840.0,30360908120,1128928,734,1801.0,1891.0
2637,2020-11-28,1920.0,1932.0,1891.0,1880.0,24737186770,884329,557,1840.0,1932.0
2638,2020-11-29,1974.0,1974.0,1787.0,1885.0,28085947430,1023281,900,1880.0,1899.0
2639,2020-11-30,1914.0,1975.0,1807.0,1897.0,31059966580,1122498,732,1885.0,1893.0
2640,2020-12-01,1892.0,1892.0,1810.0,1860.0,26476435810,996319,618,1897.0,1835.0
2641,2020-12-02,1860.0,1860.0,1803.0,1849.0,15678192660,591735,439,1860.0,1812.0
2642,2020-12-05,1858.0,1941.0,1769.0,1904.0,43160974210,1551052,617,1849.0,1941.0
2643,2020-12-06,1999.0,1999.0,1961.0,1960.0,31687434100,1090874,310,1904.0,1996.0
2644,2020-12-07,2051.0,2051.0,1868.0,1954.0,24670877930,872219,680,1960.0,1900.0
2645,2020-12-08,1858.0,2050.0,1858.0,1988.0,38758769200,1332538,731,1954.0,2043.0
2646,2020-12-09,2044.0,2044.0,1927.0,1993.0,21616524020,743936,730,1988.0,2020.0
2647,2020-12-12,1928.0,2044.0,1928.0,1992.0,24431402590,845049,648,1993.0,1986.0
2648,2020-12-13,1893.0,2030.0,1893.0,1948.0,29051227440,1042120,504,1992.0,1927.0
2649,2020-12-14,1948.0,1989.0,1857.0,1932.0,28758298380,1030353,710,1948.0,1893.0
2650,2020-12-15,1859.0,1893.0,1836.0,1897.0,16915842780,633477,295,1932.0,1836.0
2651,2020-12-16,1836.0,1886.0,1803.0,1823.0,38975273720,1481465,444,1897.0,1822.0
2652,2020-12-19,1735.0,1913.0,1735.0,1826.0,8085469240,302655,321,1823.0,1834.0
2653,2020-12-20,1834.0,1913.0,1783.0,1836.0,13384327360,493869,440,1826.0,1886.0
2654,2020-12-21,1913.0,1913.0,1838.0,1840.0,10152200000,376866,357,1836.0,1858.0
2655,2020-12-22,1910.0,1931.0,1838.0,1884.0,28367928540,1016010,500,1840.0,1931.0
2656,2020-12-23,1977.0,1977.0,1977.0,1905.0,12371482760,430612,267,1884.0,1977.0
2657,2020-12-26,2000.0,2000.0,1991.0,2000.0,58953331650,2028890,713,1905.0,2000.0
2658,2020-12-27,2000.0,2100.0,2000.0,2085.0,53667403490,1769753,736,2000.0,2100.0
2659,2020-12-28,2189.0,2189.0,2092.0,2186.0,133808209040,4213087,1183,2085.0,2189.0
2660,2020-12-29,2077.0,2185.0,2077.0,2089.0,62931782570,2073616,1041,2186.0,2109.0
2661,2020-12-30,1997.0,2193.0,1985.0,2085.0,63646242850,2100807,1372,2089.0,2178.0
2662,2021-01-02,2189.0,2189.0,2134.0,2160.0,39406704200,1241533,747,2085.0,2189.0
2663,2021-01-03,2264.0,2264.0,2052.0,2118.0,79624681010,2587980,1634,2160.0,2052.0
2664,2021-01-04,2072.0,2202.0,2012.0,2062.0,46789903100,1563834,990,2118.0,2012.0
2665,2021-01-05,2071.0,2140.0,1959.0,2072.0,47302030920,1571366,1002,2062.0,2085.0
2666,2021-01-06,2140.0,2140.0,1968.0,2046.0,17917748730,615747,498,2072.0,1996.0
2667,2021-01-09,1944.0,2045.0,1944.0,2020.0,16474383140,575745,323,2046.0,1944.0
2668,2021-01-10,1921.0,2120.0,1921.0,2016.0,21602546890,739687,591,2020.0,2007.0
2669,2021-01-11,2016.0,2072.0,2008.0,2036.0,32256652260,1083862,687,2016.0,2056.0
2670,2021-01-12,2072.0,2138.0,2035.0,2127.0,87524587190,2831448,1085,2036.0,2138.0
2671,2021-01-13,2160.0,2230.0,2021.0,2114.0,56630964300,1843324,1326,2127.0,2051.0
2672,2021-01-16,2010.0,2051.0,2009.0,2096.0,8311132420,284465,223,2114.0,2009.0
2673,2021-01-18,1992.0,1992.0,1992.0,2094.0,1111035540,38391,31,2096.0,1992.0
2674,2021-01-19,1989.0,2063.0,1989.0,2048.0,21314539040,735908,371,2094.0,1989.0
2675,2021-01-20,1948.0,2030.0,1946.0,2011.0,23113819180,806038,582,2048.0,1946.0
2676,2021-01-23,2008.0,2008.0,1911.0,1961.0,28714408580,1025581,583,2011.0,1911.0
2677,2021-01-24,1927.0,1941.0,1863.0,1907.0,29164752740,1070251,489,1961.0,1863.0
2678,2021-01-25,1817.0,1869.0,1812.0,1871.0,17221045920,653322,395,1907.0,1812.0
2679,2021-01-26,1779.0,1847.0,1778.0,1857.0,6813155010,263601,180,1871.0,1778.0
2680,2021-01-27,1765.0,1920.0,1765.0,1834.0,30393982800,1147626,689,1857.0,1851.0
2681,2021-01-30,1896.0,1926.0,1866.0,1888.0,34565991100,1241637,616,1834.0,1926.0
2682,2021-01-31,1983.0,1983.0,1799.0,1884.0,15374219080,564797,631,1888.0,1886.0
2683,2021-02-01,1927.0,1948.0,1858.0,1896.0,25015862830,901582,593,1884.0,1910.0
2684,2021-02-02,1961.0,1990.0,1906.0,1948.0,35893008550,1251341,640,1896.0,1990.0
2685,2021-02-03,2045.0,2045.0,1961.0,2028.0,51232475990,1732654,1091,1948.0,2045.0
2686,2021-02-06,2129.0,2129.0,1927.0,2120.0,66762257260,2167031,1277,2028.0,2129.0
2687,2021-02-07,2216.0,2226.0,2134.0,2166.0,25017659400,775441,534,2120.0,2226.0
2688,2021-02-08,2274.0,2274.0,2274.0,2230.0,33295465280,1007732,136,2166.0,2274.0
2689,2021-02-09,2341.0,2341.0,2341.0,2276.0,23914767240,702962,120,2230.0,2341.0
2690,2021-02-13,2412.0,2412.0,2412.0,2300.0,9341105400,266508,134,2276.0,2412.0
2691,2021-02-14,2438.0,2438.0,2438.0,2342.0,16298017120,460136,207,2300.0,2438.0
2692,2021-02-15,2482.0,2482.0,2482.0,2440.0,38258186550,1060665,164,2342.0,2482.0
2693,2021-02-16,2586.0,2586.0,2586.0,2570.0,50408196060,1341357,248,2440.0,2586.0
2694,2021-02-17,2587.0,2587.0,2519.0,2565.0,59361729360,1592931,444,2570.0,2519.0
2695,2021-02-20,2514.0,2514.0,2514.0,2562.0,2343691740,64158,69,2565.0,2514.0
2696,2021-02-21,2511.0,2511.0,2511.0,2562.0,540343920,14808,31,2562.0,2511.0
2697,2021-02-22,2511.0,2511.0,2511.0,2561.0,540013440,14803,20,2562.0,2511.0
2698,2021-02-23,2510.0,2510.0,2510.0,2559.0,2035354230,55809,35,2561.0,2510.0
2699,2021-02-24,2508.0,2508.0,2508.0,2557.0,1627155320,44653,46,2559.0,2508.0
2700,2021-02-27,2507.0,2507.0,2507.0,2554.0,3037500840,83402,60,2557.0,2507.0
2701,2021-02-28,2503.0,2503.0,2503.0,2553.0,1069278000,29400,16,2554.0,2503.0
2702,2021-03-01,2502.0,2502.0,2502.0,2552.0,555718800,15288,16,2553.0,2502.0
2703,2021-03-02,2501.0,2501.0,2501.0,2551.0,1501459780,41317,22,2552.0,2501.0
2704,2021-03-03,2500.0,2500.0,2500.0,2549.0,1247156160,34338,21,2551.0,2500.0
2705,2021-03-06,2498.0,2498.0,2498.0,2549.0,831705600,22912,9,2549.0,2498.0
2706,2021-03-07,2498.0,2498.0,2498.0,2549.0,135543150,3735,10,2549.0,2498.0
2707,2021-03-08,2498.0,2498.0,2498.0,2549.0,300372330,8277,17,2549.0,2498.0
2708,2021-03-09,2498.0,2498.0,2498.0,2548.0,334666380,9222,14,2549.0,2498.0
2709,2021-03-10,2497.0,2497.0,2497.0,2548.0,266476600,7345,10,2548.0,2497.0
2710,2021-03-13,2497.0,2497.0,2497.0,2548.0,259256880,7146,13,2548.0,2497.0
2711,2021-03-14,2497.0,2497.0,2497.0,2548.0,110218640,3038,8,2548.0,2497.0
2712,2021-03-15,2497.0,2497.0,2497.0,2548.0,64687240,1783,3,2548.0,2497.0
2713,2021-03-16,2497.0,2497.0,2497.0,2547.0,590783520,16284,15,2548.0,2497.0
2714,2021-03-17,2496.0,2496.0,2496.0,2547.0,144934920,3996,10,2547.0,2496.0
2715,2021-03-27,2496.0,2496.0,2496.0,2546.0,1388016630,38269,10,2547.0,2496.0
2716,2021-03-28,2496.0,2496.0,2496.0,2546.0,274887060,7581,8,2546.0,2496.0
2717,2021-03-30,2496.0,2496.0,2496.0,2545.0,468841800,12930,23,2546.0,2496.0
2718,2021-03-31,2495.0,2495.0,2495.0,2545.0,35670000,984,4,2545.0,2495.0
2719,2021-04-03,2495.0,2495.0,2495.0,2545.0,12687500,350,1,2545.0,2495.0
2720,2021-04-05,2495.0,2495.0,2495.0,2545.0,36250000,1000,1,2545.0,2495.0
2721,2021-04-06,2495.0,2495.0,2495.0,2545.0,40600000,1120,1,2545.0,2495.0
2722,2021-04-07,2495.0,2495.0,2495.0,2545.0,71883750,1983,5,2545.0,2495.0
2723,2021-04-10,2495.0,2495.0,2495.0,2545.0,15225000,420,1,2545.0,2495.0
2724,2021-04-11,2495.0,2495.0,2495.0,2545.0,6597500,182,1,2545.0,2495.0
2725,2021-04-12,2495.0,2495.0,2495.0,2545.0,37881250,1045,3,2545.0,2495.0
2726,2021-04-14,2495.0,2495.0,2495.0,2545.0,5437500,150,1,2545.0,2495.0
2727,2021-04-17,2495.0,2495.0,2495.0,2545.0,10150000,280,1,2545.0,2495.0
2728,2021-04-21,2469.0,2469.0,2469.0,2545.0,10405200,290,3,2545.0,2469.0
2729,2021-04-24,2469.0,2469.0,2469.0,2545.0,5059080,141,1,2545.0,2469.0
2730,2021-04-28,2469.0,2469.0,2469.0,2545.0,12342720,344,2,2545.0,2469.0
2731,2021-05-01,2469.0,2469.0,2469.0,2545.0,5633160,157,1,2545.0,2469.0
2732,2021-05-10,2469.0,2469.0,2469.0,2545.0,5382000,150,1,2545.0,2469.0
2733,2021-05-12,2469.0,2469.0,2469.0,2545.0,7606560,212,1,2545.0,2469.0
2734,2021-06-16,1872.0,1893.0,1778.0,1838.0,76176455140,2853569,560,2545.0,1778.0
2735,2021-06-19,1746.0,1746.0,1746.0,1829.0,1376906010,54273,27,1838.0,1746.0
2736,2021-06-20,1738.0,1738.0,1738.0,1828.0,64715750,2563,5,1829.0,1738.0
2737,2021-06-21,1737.0,1737.0,1737.0,1826.0,360982480,14302,13,1828.0,1737.0
2738,2021-06-22,1735.0,1735.0,1735.0,1822.0,562737620,22322,50,1826.0,1735.0
2739,2021-06-23,1732.0,1732.0,1732.0,1820.0,442816000,17600,30,1822.0,1732.0
2740,2021-06-26,1729.0,1911.0,1729.0,1855.0,151489711380,5619638,1742,1820.0,1900.0
2741,2021-06-27,1941.0,1941.0,1763.0,1829.0,59523407030,2239693,1110,1855.0,1763.0
2742,2021-06-28,1748.0,1823.0,1738.0,1747.0,17402164500,685334,279,1829.0,1738.0
2743,2021-06-29,1662.0,1721.0,1661.0,1668.0,61151192830,2522645,1232,1747.0,1673.0
2744,2021-06-30,1624.0,1727.0,1624.0,1674.0,27273047710,1121443,868,1668.0,1721.0
2745,2021-07-03,1748.0,1748.0,1617.0,1675.0,18798029950,772397,521,1674.0,1643.0
2746,2021-07-04,1652.0,1710.0,1621.0,1670.0,12197669160,503122,384,1675.0,1696.0
2747,2021-07-05,1652.0,1721.0,1652.0,1692.0,12929073490,524592,288,1670.0,1708.0
2748,2021-07-06,1687.0,1719.0,1686.0,1698.0,8256794020,333879,258,1692.0,1688.0
2749,2021-07-07,1655.0,1720.0,1655.0,1688.0,11591016890,473619,293,1698.0,1686.0
2750,2021-07-10,1661.0,1721.0,1661.0,1693.0,13528823370,549830,367,1688.0,1696.0
2751,2021-07-11,1686.0,1778.0,1686.0,1774.0,21635688320,839262,301,1693.0,1778.0
2752,2021-07-12,1854.0,1862.0,1790.0,1844.0,43452056810,1621583,804,1774.0,1862.0
2753,2021-07-13,1857.0,1857.0,1752.0,1787.0,22166892620,853760,537,1844.0,1766.0
2754,2021-07-14,1752.0,1796.0,1733.0,1773.0,9177427080,358259,285,1787.0,1789.0
2755,2021-07-17,1823.0,1823.0,1752.0,1775.0,10595262970,410527,279,1773.0,1769.0
2756,2021-07-18,1732.0,1813.0,1721.0,1769.0,11840538260,460897,333,1775.0,1777.0
2757,2021-07-19,1755.0,1813.0,1748.0,1772.0,13546936460,526197,449,1769.0,1774.0
2758,2021-07-26,1754.0,1822.0,1752.0,1784.0,11693199020,450309,333,1772.0,1794.0
2759,2021-07-27,1749.0,1851.0,1695.0,1712.0,25586297140,1028517,393,1784.0,1695.0
2760,2021-07-28,1692.0,1729.0,1646.0,1694.0,7214171520,296118,266,1712.0,1657.0
2761,2021-07-31,1652.0,1723.0,1652.0,1689.0,7827642070,319850,238,1694.0,1683.0
2762,2021-08-01,1659.0,1710.0,1659.0,1682.0,8468939220,347583,277,1689.0,1676.0
2763,2021-08-02,1659.0,1704.0,1633.0,1673.0,4786659160,199021,257,1682.0,1670.0
2764,2021-08-03,1721.0,1721.0,1632.0,1677.0,7671834190,314105,269,1673.0,1644.0
2765,2021-08-04,1659.0,1682.0,1597.0,1656.0,7271765830,306175,280,1677.0,1624.0
2766,2021-08-07,1655.0,1655.0,1583.0,1610.0,11580115600,498523,323,1656.0,1585.0
2767,2021-08-08,1604.0,1606.0,1549.0,1573.0,12472526340,547686,320,1610.0,1573.0
2768,2021-08-09,1560.0,1627.0,1524.0,1582.0,10126444940,439311,343,1573.0,1605.0
2769,2021-08-10,1630.0,1661.0,1549.0,1653.0,18810545890,783183,281,1582.0,1661.0
2770,2021-08-11,1735.0,1736.0,1663.0,1728.0,45118637080,1796488,456,1653.0,1736.0
2771,2021-08-14,1810.0,1814.0,1744.0,1801.0,31714307910,1211816,545,1728.0,1809.0
2772,2021-08-15,1817.0,1817.0,1712.0,1738.0,24125243510,955095,502,1801.0,1739.0
2773,2021-08-22,1700.0,1740.0,1660.0,1721.0,14022607080,561340,381,1738.0,1722.0
2774,2021-08-23,1745.0,1807.0,1687.0,1789.0,32147882810,1236816,528,1721.0,1807.0
2775,2021-08-24,1877.0,1877.0,1877.0,1877.0,17885313600,655620,183,1789.0,1877.0
2776,2021-08-25,1971.0,1971.0,1971.0,1971.0,40965854080,1430372,224,1877.0,1971.0
2777,2021-08-28,2070.0,2070.0,2070.0,2070.0,30538941650,1015595,183,1971.0,2070.0
2778,2021-08-29,2173.0,2173.0,1980.0,2141.0,92087318790,2960186,756,2070.0,2048.0
2779,2021-08-30,2037.0,2141.0,2034.0,2048.0,25074504420,842496,312,2141.0,2034.0
2780,2021-08-31,1948.0,2085.0,1946.0,1992.0,39783214300,1374587,513,2048.0,2065.0
2781,2021-09-01,2089.0,2091.0,2089.0,2091.0,19567097310,644110,170,1992.0,2091.0
2782,2021-09-04,2195.0,2195.0,2099.0,2157.0,26969873650,860522,488,2091.0,2145.0
2783,2021-09-05,2182.0,2182.0,2050.0,2130.0,40247106910,1300572,458,2157.0,2159.0
2784,2021-09-06,2123.0,2236.0,2123.0,2200.0,40120599680,1255220,494,2130.0,2236.0
2785,2021-09-07,2306.0,2309.0,2232.0,2305.0,58192971190,1737575,693,2200.0,2309.0
2786,2021-09-08,2398.0,2398.0,2272.0,2305.0,33222916420,991914,472,2305.0,2306.0
2787,2021-09-11,2264.0,2266.0,2190.0,2209.0,23662129890,737400,280,2305.0,2190.0
2788,2021-09-12,2098.0,2189.0,2098.0,2098.0,16853337130,552680,219,2209.0,2098.0
2789,2021-09-13,1996.0,2134.0,1994.0,2048.0,14130162240,474869,247,2098.0,2068.0
2790,2021-09-14,2067.0,2150.0,2067.0,2149.0,23238864200,744229,233,2048.0,2150.0
2791,2021-09-15,2164.0,2243.0,2085.0,2157.0,5631893400,178829,228,2149.0,2148.0
2792,2021-09-18,2064.0,2202.0,2050.0,2063.0,24851733320,828845,190,2157.0,2050.0
2793,2021-09-19,1961.0,2057.0,1961.0,1964.0,18585228590,651429,133,2063.0,1961.0
2794,2021-09-20,1869.0,1968.0,1866.0,1884.0,14645580080,535133,277,1964.0,1957.0
2795,2021-09-21,1968.0,1968.0,1819.0,1879.0,5921271140,217608,239,1884.0,1830.0
2796,2021-09-22,1858.0,1886.0,1787.0,1843.0,8136669570,307196,169,1879.0,1881.0
2797,2021-09-25,1935.0,1935.0,1935.0,1885.0,7164002160,254856,82,1843.0,1935.0
2798,2021-09-26,1979.0,1979.0,1906.0,1961.0,17011041960,596913,303,1885.0,1917.0
2799,2021-09-28,2051.0,2051.0,1870.0,1961.0,21906827390,768860,329,1961.0,1940.0
2800,2021-09-29,1866.0,2001.0,1866.0,1956.0,7583097180,267516,156,1961.0,1961.0
2801,2021-10-02,1955.0,1996.0,1858.0,1928.0,10614261210,380962,324,1956.0,1961.0
2802,2021-10-03,2022.0,2022.0,1941.0,1961.0,9157060090,318014,234,1928.0,2006.0
2803,2021-10-04,2048.0,2058.0,1947.0,2058.0,34053168520,1138889,258,1961.0,2058.0
2804,2021-10-06,2147.0,2160.0,2074.0,2160.0,29239535900,931694,179,2058.0,2160.0
2805,2021-10-09,2267.0,2267.0,2168.0,2259.0,75611551620,2302820,845,2160.0,2267.0
2806,2021-10-10,2264.0,2264.0,2147.0,2151.0,44963039400,1438236,584,2259.0,2147.0
2807,2021-10-11,2134.0,2148.0,2044.0,2053.0,34228120910,1147337,344,2151.0,2085.0
2808,2021-10-12,1970.0,2075.0,1950.0,2012.0,7011650870,244608,206,2053.0,1978.0
2809,2021-10-13,2016.0,2016.0,1911.0,1917.0,14037009840,503761,165,2012.0,1917.0
2810,2021-10-16,2003.0,2004.0,1868.0,1930.0,5043801600,177558,141,1917.0,1941.0
2811,2021-10-17,1992.0,1992.0,1833.0,1891.0,6778983650,252441,114,1930.0,1904.0
2812,2021-10-18,1833.0,1903.0,1797.0,1837.0,10065024030,381665,227,1891.0,1800.0
2813,2021-10-19,1824.0,1893.0,1747.0,1836.0,6762986540,253737,231,1837.0,1860.0
2814,2021-10-20,1870.0,1870.0,1794.0,1835.0,4860388420,182404,155,1836.0,1838.0
2815,2021-10-23,1767.0,1889.0,1743.0,1778.0,9615027320,378262,175,1835.0,1748.0
2816,2021-10-25,1696.0,1720.0,1689.0,1711.0,10435474430,425103,185,1778.0,1689.0
2817,2021-10-26,1652.0,1783.0,1640.0,1703.0,4140600750,169371,169,1711.0,1650.0
2818,2021-10-27,1621.0,1721.0,1618.0,1682.0,4945667830,206683,112,1703.0,1672.0
2819,2021-10-30,1723.0,1723.0,1598.0,1672.0,3176186170,133499,119,1682.0,1659.0
2820,2021-10-31,1614.0,1635.0,1589.0,1628.0,8005000370,345948,120,1672.0,1594.0
2821,2021-11-01,1663.0,1680.0,1549.0,1606.0,6367349800,277242,197,1628.0,1582.0
2822,2021-11-02,1532.0,1686.0,1532.0,1629.0,7541658950,314565,335,1606.0,1648.0
2823,2021-11-03,1564.0,1710.0,1564.0,1653.0,5641580020,229289,160,1629.0,1710.0
2824,2021-11-06,1736.0,1736.0,1686.0,1720.0,12782452720,506876,96,1653.0,1736.0
2825,2021-11-07,1793.0,1793.0,1686.0,1723.0,6826972770,272209,157,1720.0,1692.0
2826,2021-11-08,1652.0,1783.0,1639.0,1741.0,7747539810,302670,127,1723.0,1738.0
2827,2021-11-09,1755.0,1783.0,1721.0,1741.0,4269358170,168791,78,1741.0,1721.0
2828,2021-11-10,1672.0,1815.0,1672.0,1755.0,7707115110,299573,178,1741.0,1785.0
2829,2021-11-13,1721.0,1767.0,1690.0,1748.0,2495787740,100162,86,1755.0,1721.0
2830,2021-11-14,1721.0,1760.0,1679.0,1738.0,4872117380,195021,179,1748.0,1679.0
2831,2021-11-17,1727.0,1783.0,1665.0,1734.0,2016631620,83129,49,1738.0,1728.0
2832,2021-11-20,1670.0,1755.0,1654.0,1721.0,4646324410,192510,137,1734.0,1664.0
2833,2021-11-21,1713.0,1734.0,1664.0,1715.0,2856039430,118670,87,1721.0,1696.0
2834,2021-11-22,1696.0,1790.0,1668.0,1725.0,5985382590,241326,150,1715.0,1743.0
2835,2021-11-23,1748.0,1790.0,1726.0,1737.0,4297839760,170759,195,1725.0,1751.0
2836,2021-11-24,1742.0,1790.0,1686.0,1736.0,1766683470,71701,65,1737.0,1706.0
2837,2021-11-27,1736.0,1736.0,1650.0,1709.0,5390294400,227581,119,1736.0,1663.0
2838,2021-11-28,1625.0,1685.0,1624.0,1687.0,4250600860,182619,140,1709.0,1649.0
2839,2021-11-29,1609.0,1683.0,1604.0,1650.0,6798811790,296106,123,1687.0,1615.0
2840,2021-11-30,1590.0,1649.0,1578.0,1624.0,5537128800,245106,156,1650.0,1587.0
2841,2021-12-01,1562.0,1625.0,1546.0,1603.0,5118404760,229140,117,1624.0,1587.0
2842,2021-12-04,1546.0,1602.0,1527.0,1595.0,2224697150,100811,128,1603.0,1551.0
2843,2021-12-05,1525.0,1610.0,1525.0,1578.0,4453764880,202669,130,1595.0,1558.0
2844,2021-12-06,1571.0,1571.0,1531.0,1574.0,2383530470,107662,99,1578.0,1533.0
2845,2021-12-07,1512.0,1574.0,1512.0,1568.0,2269286090,103857,98,1574.0,1523.0
2846,2021-12-08,1496.0,1545.0,1491.0,1546.0,4836255130,225790,193,1568.0,1508.0
2847,2021-12-11,1583.0,1583.0,1469.0,1530.0,3622194170,171702,92,1546.0,1474.0
2848,2021-12-12,1469.0,1481.0,1454.0,1487.0,8309069300,400519,100,1530.0,1454.0
2849,2021-12-13,1454.0,1474.0,1413.0,1445.0,8213271930,407117,78,1487.0,1413.0
2850,2021-12-14,1407.0,1430.0,1373.0,1405.0,7698702360,392832,102,1445.0,1374.0
2851,2021-12-15,1374.0,1403.0,1336.0,1391.0,4827431510,247970,78,1405.0,1342.0
2852,2021-12-18,1341.0,1448.0,1321.0,1401.0,6318811710,313569,112,1391.0,1446.0
2853,2021-12-19,1470.0,1470.0,1408.0,1406.0,3184827110,156764,143,1401.0,1415.0
2854,2021-12-20,1453.0,1453.0,1384.0,1407.0,2285912000,113907,63,1406.0,1432.0
2855,2021-12-21,1470.0,1470.0,1396.0,1415.0,3585965830,174303,87,1407.0,1436.0
2856,2021-12-22,1436.0,1486.0,1436.0,1475.0,14513972640,688148,92,1415.0,1486.0
2857,2021-12-25,1547.0,1549.0,1481.0,1488.0,6266875790,292082,110,1475.0,1482.0
2858,2021-12-26,1549.0,1562.0,1432.0,1504.0,6163404450,283267,149,1488.0,1534.0
2859,2021-12-27,1577.0,1579.0,1577.0,1544.0,8614725510,383049,60,1504.0,1579.0
2860,2021-12-28,1621.0,1621.0,1621.0,1578.0,7197105640,311833,44,1544.0,1621.0
2861,2021-12-29,1656.0,1656.0,1608.0,1653.0,50994305310,2165919,380,1578.0,1656.0
2862,2022-01-01,1713.0,1713.0,1587.0,1624.0,21631240190,935355,311,1653.0,1615.0
2863,2022-01-02,1553.0,1705.0,1553.0,1698.0,52173886280,2157014,470,1624.0,1694.0
2864,2022-01-03,1734.0,1734.0,1614.0,1624.0,21651434830,936226,345,1698.0,1614.0
2865,2022-01-04,1661.0,1661.0,1548.0,1585.0,15512323950,687018,198,1624.0,1587.0
2866,2022-01-05,1592.0,1628.0,1550.0,1583.0,2379713670,106100,86,1585.0,1566.0
2867,2022-01-08,1583.0,1611.0,1531.0,1579.0,3120464900,140247,86,1583.0,1552.0
2868,2022-01-09,1559.0,1606.0,1500.0,1504.0,14789060180,690510,138,1579.0,1500.0
2869,2022-01-10,1499.0,1499.0,1429.0,1481.0,4604147250,225014,131,1504.0,1474.0
2870,2022-01-11,1460.0,1507.0,1443.0,1480.0,2813778270,134044,65,1481.0,1453.0
2871,2022-01-12,1439.0,1554.0,1408.0,1514.0,11707826840,540099,144,1480.0,1525.0
2872,2022-01-15,1565.0,1569.0,1452.0,1507.0,1669925030,80236,98,1514.0,1457.0
2873,2022-01-16,1457.0,1526.0,1433.0,1503.0,2479477850,117341,86,1507.0,1514.0
2874,2022-01-17,1514.0,1514.0,1475.0,1503.0,3251788260,152067,82,1503.0,1501.0
2875,2022-01-18,1437.0,1504.0,1437.0,1499.0,7892333390,370544,174,1503.0,1486.0
2876,2022-01-19,1499.0,1509.0,1469.0,1498.0,2123434210,99969,64,1499.0,1488.0
2877,2022-01-22,1450.0,1507.0,1450.0,1494.0,5513031300,259964,105,1498.0,1495.0
2878,2022-01-23,1543.0,1543.0,1432.0,1489.0,2010369790,96866,60,1494.0,1451.0
2879,2022-01-24,1427.0,1470.0,1425.0,1482.0,1947652130,95235,63,1489.0,1434.0
2880,2022-01-25,1441.0,1474.0,1408.0,1421.0,11854008260,590616,75,1482.0,1408.0
2881,2022-01-26,1352.0,1465.0,1351.0,1419.0,2172038720,108403,125,1421.0,1436.0
2882,2022-01-29,1369.0,1485.0,1369.0,1430.0,3225884150,154167,94,1419.0,1460.0
2883,2022-01-30,1485.0,1485.0,1404.0,1430.0,2702941990,132871,80,1430.0,1430.0
2884,2022-01-31,1430.0,1500.0,1387.0,1459.0,8821489210,418005,154,1430.0,1500.0
2885,2022-02-01,1531.0,1531.0,1475.0,1463.0,1623724210,75885,61,1459.0,1489.0
2886,2022-02-02,1408.0,1513.0,1408.0,1463.0,1640402980,78853,62,1463.0,1440.0
2887,2022-02-05,1406.0,1496.0,1406.0,1461.0,1041166930,50840,62,1463.0,1451.0
2888,2022-02-06,1408.0,1408.0,1388.0,1399.0,12332427880,622939,152,1461.0,1388.0
2889,2022-02-07,1350.0,1364.0,1335.0,1396.0,1218467780,63072,56,1399.0,1364.0
2890,2022-02-08,1365.0,1439.0,1365.0,1401.0,3439559360,170138,130,1396.0,1406.0
2891,2022-02-09,1366.0,1471.0,1366.0,1409.0,2918368960,142127,97,1401.0,1442.0
2892,2022-02-12,1479.0,1479.0,1339.0,1403.0,2817297740,143734,100,1409.0,1404.0
2893,2022-02-13,1363.0,1464.0,1363.0,1403.0,696362300,34932,68,1403.0,1404.0
2894,2022-02-14,1370.0,1434.0,1370.0,1403.0,1496354280,74713,82,1403.0,1434.0
2895,2022-02-16,1451.0,1472.0,1407.0,1411.0,2922634500,142207,132,1403.0,1472.0
2896,2022-02-19,1481.0,1481.0,1420.0,1423.0,5451903580,264874,176,1411.0,1458.0
2897,2022-02-20,1404.0,1446.0,1380.0,1407.0,6535284770,330731,120,1423.0,1404.0
2898,2022-02-21,1425.0,1425.0,1371.0,1405.0,3299343980,165926,114,1407.0,1382.0
2899,2022-02-22,1382.0,1418.0,1349.0,1394.0,4613356390,236400,181,1405.0,1361.0
2900,2022-02-23,1352.0,1463.0,1342.0,1391.0,17982396020,907580,365,1394.0,1405.0
2901,2022-02-26,1439.0,1439.0,1376.0,1392.0,5186810730,261133,195,1391.0,1412.0
2902,2022-02-27,1393.0,1422.0,1358.0,1391.0,5964189890,301653,197,1392.0,1411.0
2903,2022-02-28,1370.0,1460.0,1370.0,1452.0,30078740230,1454253,384,1391.0,1460.0
2904,2022-03-02,1460.0,1524.0,1455.0,1496.0,19479703830,914247,367,1452.0,1524.0
2905,2022-03-05,1509.0,1545.0,1451.0,1508.0,18523619690,862510,284,1496.0,1497.0
2906,2022-03-06,1474.0,1545.0,1439.0,1510.0,8106861860,376461,191,1508.0,1517.0
2907,2022-03-07,1526.0,1585.0,1491.0,1538.0,17002026190,776456,284,1510.0,1531.0
2908,2022-03-08,1571.0,1614.0,1538.0,1601.0,23993015770,1052292,346,1538.0,1614.0
2909,2022-03-09,1615.0,1681.0,1605.0,1656.0,14045657050,592029,281,1601.0,1622.0
2910,2022-03-12,1587.0,1684.0,1573.0,1612.0,11270293190,494806,186,1656.0,1601.0
2911,2022-03-13,1545.0,1609.0,1545.0,1601.0,3738541600,167319,144,1612.0,1572.0
2912,2022-03-14,1531.0,1664.0,1531.0,1608.0,15776167520,688871,214,1601.0,1610.0
2913,2022-03-15,1650.0,1650.0,1545.0,1597.0,2932957520,132337,104,1608.0,1557.0
2914,2022-03-16,1597.0,1649.0,1552.0,1590.0,6832373730,303053,102,1597.0,1552.0
2915,2022-03-19,1590.0,1590.0,1521.0,1576.0,6124650400,276110,113,1590.0,1569.0
2916,2022-03-26,1520.0,1650.0,1510.0,1545.0,17554771980,797671,293,1576.0,1538.0
2917,2022-03-27,1504.0,1615.0,1504.0,1556.0,9229601510,414899,177,1545.0,1566.0
2918,2022-03-28,1606.0,1633.0,1580.0,1632.0,15564986790,669665,124,1556.0,1633.0
2919,2022-03-29,1713.0,1713.0,1680.0,1711.0,25800524050,1058861,413,1632.0,1713.0
2920,2022-03-30,1756.0,1756.0,1706.0,1735.0,16229374630,656504,242,1711.0,1715.0
2921,2022-04-03,1685.0,1821.0,1685.0,1728.0,10501998600,427399,238,1735.0,1734.0
2922,2022-04-04,1665.0,1682.0,1642.0,1647.0,24945397820,1063326,340,1728.0,1642.0
2923,2022-04-05,1642.0,1685.0,1585.0,1638.0,11938457040,512237,185,1647.0,1677.0
2924,2022-04-06,1650.0,1717.0,1601.0,1667.0,16595437340,699099,192,1638.0,1663.0
2925,2022-04-09,1657.0,1739.0,1650.0,1671.0,2667033570,110839,104,1667.0,1685.0
2926,2022-04-10,1685.0,1755.0,1682.0,1727.0,15341935960,623552,225,1671.0,1687.0
2927,2022-04-11,1748.0,1797.0,1684.0,1717.0,8554337740,351353,171,1727.0,1687.0
2928,2022-04-12,1664.0,1685.0,1631.0,1699.0,3724705670,158724,117,1717.0,1641.0
2929,2022-04-13,1699.0,1755.0,1654.0,1704.0,4695441600,192096,94,1699.0,1685.0
2930,2022-04-16,1706.0,1741.0,1685.0,1712.0,7153428640,292011,134,1704.0,1698.0
2931,2022-04-17,1671.0,1779.0,1671.0,1729.0,10161491200,410362,176,1712.0,1753.0
2932,2022-04-18,1689.0,1782.0,1689.0,1729.0,5907092700,239815,139,1729.0,1741.0
2933,2022-04-19,1655.0,1816.0,1654.0,1809.0,49493381420,1920653,324,1729.0,1816.0
2934,2022-04-20,1889.0,1889.0,1812.0,1835.0,18718764280,716045,249,1809.0,1826.0
2935,2022-04-24,1835.0,1881.0,1762.0,1817.0,12093734670,468421,186,1835.0,1797.0
2936,2022-04-25,1755.0,1800.0,1745.0,1786.0,7356897320,293967,194,1817.0,1759.0
2937,2022-04-26,1755.0,1793.0,1724.0,1763.0,10605174060,424384,170,1786.0,1769.0
2938,2022-04-27,1740.0,1848.0,1705.0,1785.0,18478649050,726885,358,1763.0,1820.0
2939,2022-04-30,1826.0,1837.0,1786.0,1801.0,7205638520,278171,252,1785.0,1826.0
2940,2022-05-01,1826.0,1891.0,1826.0,1887.0,64059700060,2383027,444,1801.0,1891.0
2941,2022-05-02,1981.0,1981.0,1966.0,1981.0,24780980560,878424,288,1887.0,1981.0
2942,2022-05-07,2079.0,2079.0,1947.0,2014.0,42807969090,1492052,744,1981.0,1990.0
2943,2022-05-08,2013.0,2013.0,1931.0,1949.0,22169691420,798546,409,2014.0,1945.0
2944,2022-05-09,1976.0,1976.0,1855.0,1896.0,11308884810,421802,282,1949.0,1868.0
2945,2022-05-10,1814.0,1948.0,1814.0,1922.0,13285192500,484692,273,1896.0,1942.0
2946,2022-05-11,1980.0,2017.0,1906.0,2009.0,26001153740,908639,235,1922.0,2017.0
2947,2022-05-14,2110.0,2110.0,2036.0,2108.0,45041388460,1499919,532,2009.0,2110.0
2948,2022-05-16,2007.0,2189.0,2003.0,2024.0,20659344340,716943,388,2108.0,2003.0
2949,2022-05-21,2036.0,2036.0,1922.0,1934.0,15237030470,553061,300,2024.0,1922.0
2950,2022-05-24,1839.0,2001.0,1838.0,1859.0,14631565670,552685,267,1934.0,1840.0
2951,2022-05-25,1828.0,1951.0,1828.0,1923.0,32644130350,1191804,443,1859.0,1951.0
2952,2022-05-28,1912.0,2007.0,1912.0,1958.0,19228074690,689769,387,1923.0,1965.0
2953,2022-05-29,2022.0,2022.0,1860.0,1875.0,17712703670,663142,359,1958.0,1895.0
2954,2022-05-30,1785.0,1962.0,1785.0,1853.0,9511583880,362666,203,1875.0,1828.0
2955,2022-05-31,1851.0,1945.0,1820.0,1913.0,26218001990,962581,275,1853.0,1945.0
2956,2022-06-01,1991.0,2007.0,1931.0,1963.0,14490396380,517392,298,1913.0,1946.0
2957,2022-06-06,1963.0,2050.0,1868.0,1946.0,6630319830,241816,190,1963.0,1887.0
2958,2022-06-07,1929.0,1931.0,1861.0,1906.0,10005833580,372114,170,1946.0,1871.0
2959,2022-06-08,1866.0,1938.0,1863.0,1918.0,23708690740,868000,396,1906.0,1916.0
2960,2022-06-19,2012.0,2012.0,2012.0,1954.0,6189225120,540072,49,1918.0,2012.0
2961,2022-06-20,2051.0,2051.0,2051.0,1995.0,6575174240,562943,40,1954.0,2051.0
2962,2022-06-21,2093.0,2093.0,1995.0,2090.0,84052239930,7065266,872,1995.0,2093.0
2963,2022-06-22,2167.0,2167.0,1986.0,2042.0,22799951070,1960560,498,2090.0,2009.0
2964,2022-06-25,1974.0,2123.0,1974.0,2046.0,13911893910,1193444,328,2042.0,2049.0
2965,2022-06-26,1984.0,2037.0,1944.0,2011.0,5336223780,480122,179,2046.0,1967.0
2966,2022-06-27,2005.0,2032.0,1910.0,1951.0,8980338700,822142,194,2011.0,1910.0
2967,2022-06-28,1949.0,1956.0,1861.0,1930.0,5206045340,482175,227,1951.0,1889.0
2968,2022-06-29,1949.0,1949.0,1844.0,1893.0,7775702190,732634,205,1930.0,1896.0
2969,2022-07-02,1896.0,1939.0,1844.0,1896.0,4412976130,406269,176,1893.0,1874.0
2970,2022-07-03,1854.0,1888.0,1838.0,1888.0,2784250210,264012,135,1896.0,1844.0
2971,2022-07-04,1895.0,1981.0,1846.0,1949.0,29978910030,2701047,429,1888.0,1981.0
2972,2022-07-05,2044.0,2046.0,1977.0,2037.0,23385275340,2015441,457,1949.0,1995.0
2973,2022-07-06,1946.0,1998.0,1935.0,1967.0,11505748200,1040455,234,2037.0,1937.0
2974,2022-07-09,1884.0,1946.0,1868.0,1874.0,22535388060,2112723,287,1967.0,1914.0
2975,2022-07-11,1930.0,1932.0,1791.0,1870.0,3915928370,369660,117,1874.0,1805.0
2976,2022-07-12,1782.0,1861.0,1777.0,1853.0,3111862950,304262,108,1870.0,1786.0
2977,2022-07-13,1765.0,1888.0,1765.0,1853.0,4698691910,445267,114,1853.0,1856.0
2978,2022-07-16,1803.0,1879.0,1803.0,1851.0,1629663450,155703,136,1853.0,1812.0
2979,2022-07-17,1812.0,1812.0,1766.0,1838.0,2477165770,244218,114,1851.0,1774.0
2980,2022-07-19,1759.0,1810.0,1759.0,1835.0,590858120,58609,31,1838.0,1777.0
2981,2022-07-20,1774.0,1809.0,1758.0,1819.0,4763864000,467591,93,1835.0,1782.0
2982,2022-07-23,1782.0,1849.0,1763.0,1814.0,4616563430,450037,100,1819.0,1781.0
2983,2022-07-24,1782.0,1788.0,1761.0,1810.0,1505205540,148829,57,1814.0,1765.0
2984,2022-07-25,1761.0,1761.0,1721.0,1731.0,12815788810,1306461,143,1810.0,1721.0
2985,2022-07-26,1651.0,1726.0,1645.0,1651.0,16228487910,1727099,225,1731.0,1649.0
2986,2022-07-27,1654.0,1658.0,1580.0,1637.0,7265873960,785209,159,1651.0,1612.0
2987,2022-07-30,1638.0,1638.0,1596.0,1623.0,6724997020,735819,110,1637.0,1598.0
2988,2022-07-31,1580.0,1589.0,1543.0,1607.0,3531175800,398703,98,1623.0,1556.0
2989,2022-08-01,1607.0,1608.0,1554.0,1603.0,1864348990,207519,87,1607.0,1580.0
2990,2022-08-02,1558.0,1682.0,1558.0,1635.0,10804992060,1151355,216,1603.0,1682.0
2991,2022-08-03,1661.0,1716.0,1651.0,1652.0,5323630530,554601,148,1635.0,1687.0
2992,2022-08-06,1652.0,1735.0,1652.0,1714.0,12787543370,1299047,177,1652.0,1735.0
2993,2022-08-09,1717.0,1788.0,1668.0,1714.0,2937293570,301395,83,1714.0,1672.0
2994,2022-08-10,1672.0,1723.0,1651.0,1710.0,3486813840,360517,116,1714.0,1716.0
2995,2022-08-13,1756.0,1795.0,1752.0,1763.0,10832918350,1064072,149,1710.0,1774.0
2996,2022-08-14,1795.0,1795.0,1716.0,1759.0,2598497830,262507,77,1763.0,1751.0
2997,2022-08-15,1712.0,1788.0,1672.0,1747.0,5933273600,602394,127,1759.0,1726.0
2998,2022-08-16,1689.0,1784.0,1689.0,1751.0,4992222320,499246,91,1747.0,1738.0
2999,2022-08-17,1765.0,1774.0,1705.0,1752.0,5504073880,550362,127,1751.0,1747.0
3000,2022-08-20,1705.0,1721.0,1666.0,1675.0,31455373890,3296811,369,1752.0,1675.0
3001,2022-08-21,1675.0,1693.0,1651.0,1675.0,5008054340,524786,127,1675.0,1654.0
3002,2022-08-22,1700.0,1756.0,1652.0,1693.0,7127469020,731710,191,1675.0,1672.0
3003,2022-08-23,1666.0,1731.0,1666.0,1695.0,8170118140,845645,191,1693.0,1698.0
3004,2022-08-24,1696.0,1756.0,1695.0,1705.0,4440310200,450855,124,1695.0,1714.0
3005,2022-08-27,1686.0,1747.0,1686.0,1712.0,5098151510,518389,142,1705.0,1716.0
3006,2022-08-28,1744.0,1751.0,1696.0,1716.0,3417652130,348145,89,1712.0,1707.0
3007,2022-08-29,1709.0,1735.0,1695.0,1716.0,2025968670,207342,91,1716.0,1698.0
3008,2022-08-30,1717.0,1726.0,1686.0,1712.0,2645917290,273920,62,1716.0,1689.0
3009,2022-08-31,1691.0,1730.0,1673.0,1709.0,2841095530,294642,71,1712.0,1719.0
3010,2022-09-03,1709.0,1709.0,1677.0,1709.0,684603790,71014,33,1709.0,1703.0
3011,2022-09-04,1707.0,1721.0,1673.0,1705.0,2052331400,213922,63,1709.0,1675.0
3012,2022-09-05,1668.0,1745.0,1668.0,1710.0,9716394000,995358,160,1705.0,1745.0
3013,2022-09-06,1754.0,1756.0,1717.0,1721.0,6251838040,632748,119,1710.0,1730.0
3014,2022-09-07,1756.0,1756.0,1695.0,1723.0,4415707580,448871,77,1721.0,1709.0
3015,2022-09-10,1710.0,1735.0,1686.0,1717.0,4886954810,502459,105,1723.0,1696.0
3016,2022-09-11,1687.0,1723.0,1633.0,1670.0,12591220890,1330294,127,1717.0,1647.0
3017,2022-09-12,1630.0,1716.0,1610.0,1645.0,9284587180,999507,231,1670.0,1645.0
3018,2022-09-13,1623.0,1698.0,1623.0,1649.0,4805135500,509753,153,1645.0,1635.0
3019,2022-09-14,1633.0,1666.0,1615.0,1644.0,3423630960,368685,115,1649.0,1645.0
3020,2022-09-18,1633.0,1651.0,1582.0,1635.0,3998548810,436308,179,1644.0,1640.0
3021,2022-09-19,1637.0,1716.0,1637.0,1698.0,34847179410,3602706,805,1635.0,1703.0
3022,2022-09-20,1700.0,1730.0,1698.0,1709.0,17788681200,1828438,434,1698.0,1702.0
3023,2022-09-21,1656.0,1756.0,1656.0,1709.0,39023454790,4009529,630,1709.0,1707.0
3024,2022-09-24,1642.0,1680.0,1624.0,1626.0,60519610630,6539069,289,1709.0,1628.0
3025,2022-09-26,1587.0,1666.0,1580.0,1621.0,34808408710,3770827,238,1626.0,1661.0
3026,2022-09-28,1640.0,1691.0,1633.0,1628.0,2583326780,272970,77,1621.0,1668.0
3027,2022-10-01,1628.0,1633.0,1547.0,1603.0,6665472650,744042,138,1628.0,1566.0
3028,2022-10-02,1549.0,1580.0,1524.0,1543.0,10943618360,1258089,203,1603.0,1526.0
3029,2022-10-03,1508.0,1549.0,1471.0,1529.0,4155912920,488121,129,1543.0,1489.0
3030,2022-10-04,1479.0,1524.0,1479.0,1522.0,3009517300,353434,98,1529.0,1489.0
3031,2022-10-08,1493.0,1584.0,1493.0,1535.0,7069135310,801567,162,1522.0,1545.0
3032,2022-10-09,1512.0,1536.0,1477.0,1529.0,2529078760,294811,64,1535.0,1486.0
3033,2022-10-10,1522.0,1535.0,1487.0,1526.0,3617136340,418442,71,1529.0,1533.0
3034,2022-10-11,1526.0,1559.0,1521.0,1528.0,1618067240,184691,58,1526.0,1529.0
3035,2022-10-12,1515.0,1545.0,1507.0,1526.0,4902015570,565151,85,1528.0,1526.0
3036,2022-10-15,1528.0,1551.0,1489.0,1522.0,1884701030,219988,55,1526.0,1491.0
3037,2022-10-16,1522.0,1522.0,1447.0,1449.0,17198326740,2084372,104,1522.0,1457.0
3038,2022-10-17,1445.0,1459.0,1405.0,1445.0,1648355700,204064,49,1449.0,1414.0
3039,2022-10-18,1431.0,1487.0,1417.0,1443.0,3155710970,384535,89,1445.0,1417.0
3040,2022-10-19,1422.0,1484.0,1422.0,1445.0,2150810480,259151,82,1443.0,1471.0
3041,2022-10-22,1431.0,1517.0,1431.0,1489.0,10682373270,1243101,164,1445.0,1517.0
3042,2022-10-23,1533.0,1558.0,1489.0,1496.0,3194654370,368626,92,1489.0,1526.0
3043,2022-10-24,1536.0,1536.0,1452.0,1491.0,3174785540,377987,86,1496.0,1454.0
3044,2022-10-25,1431.0,1466.0,1424.0,1486.0,1588433030,193822,75,1491.0,1429.0
3045,2022-10-26,1429.0,1440.0,1412.0,1466.0,4653735620,574301,82,1486.0,1419.0
3046,2022-10-29,1435.0,1463.0,1396.0,1456.0,3641531730,448513,87,1466.0,1407.0
3047,2022-10-30,1405.0,1475.0,1398.0,1452.0,2369633960,289955,75,1456.0,1454.0
3048,2022-10-31,1445.0,1493.0,1445.0,1461.0,6739853380,804860,113,1452.0,1468.0
3049,2022-11-01,1457.0,1494.0,1426.0,1463.0,10977589220,1317084,110,1461.0,1463.0
3050,2022-11-02,1463.0,1479.0,1442.0,1461.0,3414488960,412991,105,1463.0,1470.0
3051,2022-11-05,1433.0,1501.0,1433.0,1475.0,9681759560,1147138,154,1461.0,1484.0
3052,2022-11-06,1491.0,1549.0,1491.0,1512.0,10062518390,1153492,219,1475.0,1547.0
3053,2022-11-07,1559.0,1587.0,1545.0,1543.0,7776185810,865010,176,1512.0,1580.0
3054,2022-11-08,1596.0,1612.0,1512.0,1543.0,10186895250,1159472,171,1543.0,1515.0
3055,2022-11-09,1514.0,1572.0,1512.0,1543.0,7010246430,796828,160,1543.0,1551.0
3056,2022-11-12,1558.0,1619.0,1556.0,1615.0,27715461000,3011259,284,1543.0,1614.0
3057,2022-11-13,1624.0,1649.0,1594.0,1610.0,9088642970,992696,254,1615.0,1605.0
3058,2022-11-21,1614.0,1651.0,1557.0,1585.0,8342686510,976678,220,1610.0,1562.0
3059,2022-11-22,1553.0,1634.0,1553.0,1596.0,5702919010,649792,137,1585.0,1610.0
3060,2022-11-23,1581.0,1623.0,1581.0,1597.0,2647380980,302348,71,1596.0,1588.0
3061,2022-11-26,1585.0,1605.0,1557.0,1586.0,6008289350,701831,126,1597.0,1566.0
3062,2022-11-27,1562.0,1575.0,1535.0,1561.0,13125267470,1547792,173,1586.0,1568.0
3063,2022-11-28,1561.0,1638.0,1551.0,1601.0,16740811210,1919110,344,1561.0,1621.0
3064,2022-11-29,1629.0,1634.0,1546.0,1590.0,9554561970,1106970,241,1601.0,1601.0
3065,2022-11-30,1579.0,1597.0,1579.0,1586.0,6161433540,714879,75,1590.0,1588.0
3066,2022-12-03,1579.0,1652.0,1566.0,1614.0,10853266150,1226440,271,1586.0,1634.0
3067,2022-12-04,1645.0,1673.0,1643.0,1636.0,8666062370,962295,183,1614.0,1656.0
3068,2022-12-05,1651.0,1651.0,1585.0,1625.0,5295681300,605980,176,1636.0,1586.0
3069,2022-12-06,1627.0,1665.0,1561.0,1630.0,9221153010,1036220,130,1625.0,1625.0
3070,2022-12-07,1597.0,1641.0,1590.0,1627.0,4859619640,550563,140,1630.0,1616.0
3071,2022-12-10,1597.0,1629.0,1581.0,1623.0,1822155810,209454,76,1627.0,1583.0
3072,2022-12-11,1588.0,1651.0,1581.0,1623.0,4450480790,503423,132,1623.0,1605.0
3073,2022-12-12,1603.0,1689.0,1601.0,1634.0,5966845430,662791,138,1623.0,1634.0
3074,2022-12-13,1654.0,1680.0,1634.0,1649.0,8109763590,896470,173,1634.0,1662.0
3075,2022-12-14,1682.0,1704.0,1647.0,1665.0,9690421500,1061327,208,1649.0,1665.0
3076,2022-12-17,1689.0,1748.0,1684.0,1730.0,26099828600,2769679,287,1665.0,1748.0
3077,2022-12-18,1812.0,1816.0,1741.0,1809.0,32422629670,3292201,303,1730.0,1816.0
3078,2022-12-19,1898.0,1898.0,1873.0,1898.0,33844048950,3273487,169,1809.0,1898.0
3079,2022-12-20,1992.0,1992.0,1992.0,1992.0,35958679400,3314164,92,1898.0,1992.0
3080,2022-12-21,2091.0,2091.0,1948.0,2053.0,180737201260,16170492,1346,1992.0,2031.0
3081,2022-12-24,2045.0,2045.0,1954.0,1987.0,74321964730,6870211,1198,2053.0,1983.0
3082,2022-12-25,1952.0,2042.0,1941.0,1974.0,46061326420,4284573,571,1987.0,1970.0
3083,2022-12-26,1955.0,2071.0,1955.0,2058.0,102890100080,9174440,902,1974.0,2071.0
3084,2022-12-28,2086.0,2145.0,2021.0,2067.0,48136017310,4274951,830,2058.0,2038.0
3085,2022-12-31,2018.0,2018.0,1965.0,1966.0,46376079300,4328860,703,2067.0,1965.0
3086,2023-01-01,1928.0,2064.0,1889.0,1966.0,18257170200,1704753,379,1966.0,1915.0
3087,2023-01-02,1891.0,1998.0,1891.0,1943.0,36591307310,3457296,614,1966.0,1941.0
3088,2023-01-03,1983.0,1983.0,1873.0,1924.0,16350349750,1560352,358,1943.0,1930.0
3089,2023-01-04,1904.0,1919.0,1851.0,1878.0,16411167430,1604827,310,1924.0,1865.0
3090,2023-01-07,1882.0,1972.0,1882.0,1955.0,30166387830,2831695,372,1878.0,1972.0
3091,2023-01-08,2053.0,2053.0,1928.0,1968.0,41166059060,3839015,655,1955.0,1944.0
3092,2023-01-09,1959.0,1981.0,1921.0,1937.0,33892175210,3213979,620,1968.0,1955.0
3093,2023-01-10,1952.0,1990.0,1930.0,1961.0,18755499320,1755336,340,1937.0,1965.0
3094,2023-01-11,1921.0,2020.0,1921.0,1987.0,20803743130,1923600,420,1961.0,1977.0
3095,2023-01-14,1999.0,2119.0,1948.0,2067.0,36561444520,3247837,681,1987.0,2110.0
3096,2023-01-16,2121.0,2211.0,2121.0,2190.0,54386934730,4557759,806,2067.0,2161.0
3097,2023-01-17,2194.0,2194.0,2044.0,2099.0,51932142360,4542111,903,2190.0,2078.0
3098,2023-01-18,2165.0,2245.0,2115.0,2218.0,60734921370,5025935,586,2099.0,2245.0
3099,2023-01-21,2313.0,2313.0,2115.0,2233.0,81909017380,6735831,1279,2218.0,2212.0
3100,2023-01-22,2220.0,2240.0,2086.0,2152.0,27122881070,2314306,632,2233.0,2179.0
3101,2023-01-23,2172.0,2218.0,2080.0,2139.0,25248834520,2166575,480,2152.0,2128.0
3102,2023-01-24,2161.0,2163.0,2078.0,2102.0,19292511510,1684499,416,2139.0,2093.0
3103,2023-01-25,2168.0,2168.0,1966.0,2066.0,17362902990,1542833,365,2102.0,2075.0
3104,2023-01-28,2021.0,2069.0,1983.0,2031.0,14197769700,1284522,306,2066.0,2018.0
3105,2023-01-29,2069.0,2069.0,1889.0,1895.0,41073775580,3981822,378,2031.0,1889.0
3106,2023-01-30,1790.0,1897.0,1763.0,1797.0,15804865700,1614100,418,1895.0,1854.0
3107,2023-01-31,1897.0,1922.0,1783.0,1887.0,23299388950,2265493,404,1797.0,1922.0
3108,2023-02-01,2018.0,2018.0,1928.0,1999.0,40417901430,3711100,529,1887.0,2018.0
3109,2023-02-05,2021.0,2121.0,1946.0,2045.0,18105328580,1624867,450,1999.0,2020.0
3110,2023-02-06,1955.0,2038.0,1944.0,2010.0,9039790400,835309,291,2045.0,2010.0
3111,2023-02-07,1970.0,2047.0,1946.0,2005.0,9513490280,872406,300,2010.0,2003.0
3112,2023-02-08,2029.0,2029.0,1974.0,2001.0,4786700840,441474,119,2005.0,2001.0
3113,2023-02-12,1966.0,1983.0,1873.0,1908.0,17055129670,1641574,372,2001.0,1897.0
3114,2023-02-13,1876.0,1935.0,1876.0,1904.0,5137672670,496516,175,1908.0,1882.0
3115,2023-02-14,1873.0,1900.0,1821.0,1873.0,7343584750,731149,217,1904.0,1823.0
3116,2023-02-15,1794.0,1834.0,1794.0,1810.0,13407869380,1360806,229,1873.0,1801.0
3117,2023-02-19,1816.0,1935.0,1810.0,1864.0,10721996180,1042462,395,1810.0,1900.0
3118,2023-03-04,1992.0,1992.0,1992.0,1911.0,6171933480,1136636,50,1864.0,1992.0
3119,2023-03-05,2043.0,2043.0,2043.0,1970.0,7282351680,1307424,33,1911.0,2043.0
3120,2023-03-06,2106.0,2106.0,2106.0,2051.0,10219277880,1780362,81,1970.0,2106.0
3121,2023-03-07,2194.0,2194.0,2194.0,2194.0,22146033000,3703350,103,2051.0,2194.0
3122,2023-03-11,2344.0,2344.0,2263.0,2337.0,133326729790,20938808,1509,2194.0,2344.0
3123,2023-03-12,2498.0,2498.0,2363.0,2484.0,64486711450,9529968,693,2337.0,2498.0
3124,2023-03-13,2649.0,2656.0,2608.0,2608.0,13463992610,1861939,259,2484.0,2656.0
3125,2023-03-14,2788.0,2788.0,2546.0,2718.0,115927854900,15653536,2027,2608.0,2605.0
3126,2023-03-15,2568.0,2649.0,2531.0,2542.0,97011072040,14000330,1919,2718.0,2531.0
3127,2023-03-18,2480.0,2597.0,2480.0,2561.0,45202987710,6477158,1144,2542.0,2561.0
3128,2023-03-19,2605.0,2605.0,2473.0,2509.0,39739422330,5812907,990,2561.0,2484.0
3129,2023-03-25,2553.0,2605.0,2476.0,2546.0,24428807410,3518531,651,2509.0,2575.0
3130,2023-03-26,2553.0,2594.0,2399.0,2506.0,26846718590,3932302,645,2546.0,2418.0
3131,2023-03-27,2495.0,2531.0,2407.0,2465.0,46400690620,6900091,1419,2506.0,2531.0
3132,2023-03-28,2550.0,2638.0,2531.0,2579.0,48347767970,6874707,790,2465.0,2568.0
3133,2023-03-29,2557.0,2561.0,2476.0,2524.0,56470062280,8210220,1546,2579.0,2528.0
3134,2023-04-03,2564.0,2623.0,2407.0,2550.0,56926540500,8190340,1147,2524.0,2605.0
3135,2023-04-04,2627.0,2726.0,2623.0,2715.0,145206075610,19626082,1972,2550.0,2726.0
3136,2023-04-05,2770.0,2898.0,2623.0,2810.0,74550730010,9732028,1192,2715.0,2832.0
3137,2023-04-08,2894.0,3004.0,2894.0,2997.0,82978648330,10155541,988,2810.0,3001.0
3138,2023-04-09,3133.0,3162.0,2971.0,3049.0,96511271920,11612510,1794,2997.0,2990.0
3139,2023-04-10,3049.0,3151.0,2836.0,2935.0,126670905170,15828283,2937,3049.0,2850.0
3140,2023-04-11,2836.0,3026.0,2832.0,2946.0,75447533330,9392824,1119,2935.0,2946.0
3141,2023-04-15,3012.0,3100.0,3008.0,3056.0,78331183590,9404547,1101,2946.0,3038.0
3142,2023-04-16,3111.0,3247.0,3082.0,3188.0,81215025840,9349422,1190,3056.0,3192.0
3143,2023-04-17,3228.0,3228.0,2971.0,3078.0,77223619040,9199482,1489,3188.0,3034.0
3144,2023-04-18,3082.0,3192.0,3026.0,3082.0,67296274830,8012449,1128,3078.0,3045.0
3145,2023-04-19,3096.0,3294.0,3019.0,3203.0,118411029490,13566888,1312,3082.0,3294.0
3146,2023-04-24,3426.0,3426.0,3302.0,3390.0,141107514880,15264174,1715,3203.0,3426.0
3147,2023-04-25,3558.0,3624.0,3423.0,3591.0,230532634450,23539566,1698,3390.0,3624.0
3148,2023-04-26,3624.0,3841.0,3624.0,3790.0,70101958550,6789164,610,3591.0,3841.0
3149,2023-05-01,3874.0,4039.0,3525.0,3793.0,151248676050,14628361,1967,3790.0,3973.0
3150,2023-05-02,4035.0,4057.0,3863.0,3999.0,70788888270,6493125,1206,3793.0,4057.0
3151,2023-05-03,4178.0,4277.0,4021.0,4182.0,91390239070,8015201,859,3999.0,4277.0
3152,2023-05-08,3892.0,3892.0,3892.0,4039.0,6916510460,651886,53,4182.0,3892.0
3153,2023-05-09,3757.0,3892.0,3757.0,3782.0,100725871060,9772008,1171,4039.0,3804.0
3154,2023-05-10,3797.0,4024.0,3518.0,3573.0,52699704870,5412126,652,3782.0,3518.0
3155,2023-05-13,3335.0,3555.0,3324.0,3364.0,72698321080,7931016,888,3573.0,3375.0
3156,2023-05-15,3393.0,3599.0,3393.0,3584.0,42637820450,4365043,557,3364.0,3599.0
3157,2023-05-17,3735.0,3812.0,3599.0,3665.0,35655687030,3569135,620,3584.0,3749.0
3158,2023-05-20,3720.0,3918.0,3602.0,3768.0,34328119580,3342953,671,3665.0,3646.0
3159,2023-05-21,3613.0,3746.0,3507.0,3584.0,51438140960,5263389,1031,3768.0,3525.0
3160,2023-05-22,3492.0,3698.0,3448.0,3569.0,62585713190,6433947,760,3584.0,3599.0
3161,2023-05-23,3602.0,3804.0,3558.0,3713.0,56127788000,5543591,570,3569.0,3779.0
3162,2023-05-24,3713.0,3808.0,3602.0,3679.0,20499498440,2044056,490,3713.0,3610.0
3163,2023-05-27,3610.0,3668.0,3448.0,3558.0,18778789580,1935647,599,3679.0,3478.0
3164,2023-05-28,3485.0,3522.0,3313.0,3335.0,42677481960,4693650,531,3558.0,3364.0
3165,2023-05-29,3338.0,3459.0,3309.0,3342.0,17092949220,1876680,380,3335.0,3313.0
3166,2023-05-30,3342.0,3518.0,3316.0,3423.0,34991064620,3751821,494,3342.0,3342.0
3167,2023-05-31,3342.0,3349.0,3188.0,3239.0,19486107690,2205567,463,3423.0,3192.0
3168,2023-06-03,3214.0,3313.0,3195.0,3239.0,11602689070,1314472,294,3239.0,3236.0
3169,2023-06-06,3195.0,3357.0,3195.0,3250.0,9864157930,1111868,255,3239.0,3250.0
3170,2023-06-07,3254.0,3357.0,3210.0,3239.0,17206241230,1949128,283,3250.0,3210.0
3171,2023-06-10,3192.0,3243.0,3015.0,3026.0,17851055340,2162749,368,3239.0,3015.0
3172,2023-06-11,2935.0,3071.0,2894.0,2990.0,9466518640,1167944,350,3026.0,2971.0
3173,2023-06-12,3004.0,3038.0,2781.0,2876.0,10881682720,1399173,293,2990.0,2828.0
3174,2023-06-13,2740.0,2916.0,2740.0,2869.0,11106551610,1419984,209,2876.0,2891.0
3175,2023-06-14,2883.0,3034.0,2854.0,2982.0,15372506200,1890078,319,2869.0,2971.0
3176,2023-06-17,3008.0,3071.0,2942.0,2993.0,6862364120,837796,196,2982.0,2942.0
3177,2023-06-18,2997.0,3203.0,2806.0,3082.0,50197983940,5974411,690,2993.0,3199.0
3178,2023-06-19,3192.0,3294.0,3155.0,3291.0,34140134050,3806780,364,3082.0,3294.0
3179,2023-06-20,3426.0,3481.0,3082.0,3360.0,37540270570,4098790,680,3291.0,3426.0
3180,2023-06-21,3595.0,3595.0,3485.0,3580.0,64663899690,6626969,784,3360.0,3591.0
3181,2023-06-24,3613.0,3735.0,3602.0,3679.0,54168404960,5398145,843,3580.0,3701.0
3182,2023-06-25,3764.0,3764.0,3423.0,3459.0,75697661840,8028721,882,3679.0,3423.0
3183,2023-06-26,3503.0,3698.0,3408.0,3558.0,55493140890,5718263,720,3459.0,3569.0
3184,2023-06-27,3562.0,3657.0,3489.0,3573.0,16031814950,1646816,280,3558.0,3522.0
3185,2023-06-28,3584.0,3584.0,3375.0,3503.0,12770924170,1341538,224,3573.0,3470.0
3186,2023-07-01,3382.0,3617.0,3357.0,3452.0,17380523790,1847285,388,3503.0,3485.0
3187,2023-07-02,3386.0,3672.0,3386.0,3613.0,33175649730,3366742,465,3452.0,3661.0
3188,2023-07-03,3676.0,3786.0,3632.0,3716.0,19532417950,1927494,314,3613.0,3742.0
3189,2023-07-04,3797.0,3797.0,3459.0,3606.0,18271717410,1858936,378,3716.0,3566.0
3190,2023-07-05,3485.0,3830.0,3485.0,3701.0,29308608690,2903944,273,3606.0,3694.0
3191,2023-07-08,3639.0,3922.0,3639.0,3801.0,29089755390,2808166,376,3701.0,3724.0
3192,2023-07-09,3804.0,3966.0,3797.0,3900.0,33247739780,3126719,452,3801.0,3881.0
3193,2023-07-10,3911.0,3958.0,3709.0,3830.0,14118548600,1355102,284,3900.0,3834.0
3194,2023-07-11,3731.0,3925.0,3562.0,3628.0,30718762690,3106818,386,3830.0,3562.0
3195,2023-07-12,3595.0,3716.0,3382.0,3518.0,11295174920,1187262,278,3628.0,3441.0
3196,2023-07-15,3522.0,3661.0,3375.0,3551.0,10718389300,1103270,211,3518.0,3522.0
3197,2023-07-16,3503.0,3503.0,3305.0,3390.0,12731947970,1386524,325,3551.0,3390.0
3198,2023-07-17,3375.0,3375.0,3166.0,3236.0,13490062300,1531699,207,3390.0,3247.0
3199,2023-07-18,3305.0,3393.0,3236.0,3287.0,8839775940,977035,143,3236.0,3335.0
3200,2023-07-19,3269.0,3507.0,3269.0,3426.0,15242345150,1632056,278,3287.0,3375.0
3201,2023-07-22,3313.0,3500.0,3269.0,3434.0,8704131560,927841,190,3426.0,3470.0
3202,2023-07-23,3415.0,3456.0,3305.0,3423.0,4414091490,476071,119,3434.0,3305.0
3203,2023-07-24,3338.0,3408.0,3228.0,3357.0,8407698160,932403,201,3423.0,3302.0
3204,2023-07-25,3371.0,3404.0,3283.0,3346.0,5344992610,589863,160,3357.0,3283.0
3205,2023-07-26,3302.0,3426.0,3243.0,3353.0,8273454210,904349,174,3346.0,3412.0
3206,2023-07-29,3412.0,3412.0,3327.0,3357.0,4780210240,521826,97,3353.0,3393.0
3207,2023-07-30,3364.0,3364.0,3210.0,3316.0,6476536080,726927,139,3357.0,3302.0
3208,2023-07-31,3338.0,3338.0,3265.0,3309.0,4318536310,482135,79,3316.0,3287.0
3209,2023-08-01,3338.0,3382.0,3331.0,3320.0,3418164900,373320,76,3309.0,3357.0
3210,2023-08-05,3338.0,3507.0,3320.0,3375.0,12907985800,1398338,202,3320.0,3375.0
3211,2023-08-06,3375.0,3467.0,3342.0,3379.0,4059629960,439601,143,3375.0,3393.0
3212,2023-08-07,3379.0,3467.0,3371.0,3397.0,9581664880,1030754,158,3379.0,3371.0
3213,2023-08-08,3397.0,3397.0,3302.0,3382.0,5462073690,597128,146,3397.0,3327.0
3214,2023-08-09,3302.0,3437.0,3302.0,3375.0,6287965230,685685,104,3382.0,3316.0
3215,2023-08-12,3302.0,3353.0,3181.0,3236.0,15034879260,1704131,446,3375.0,3221.0
3216,2023-08-13,3247.0,3247.0,3045.0,3184.0,7923519880,924620,243,3236.0,3192.0
3217,2023-08-14,3067.0,3236.0,3067.0,3184.0,2566546800,296466,72,3184.0,3137.0
3218,2023-08-15,3089.0,3173.0,2964.0,3071.0,14533494390,1737397,230,3184.0,3067.0
3219,2023-08-16,3012.0,3038.0,2858.0,2883.0,24037368280,3059919,321,3071.0,2935.0
3220,2023-08-19,2935.0,2935.0,2788.0,2880.0,1301558730,167165,71,2883.0,2858.0
3221,2023-08-20,2792.0,3008.0,2792.0,2909.0,8200701890,1025837,164,2880.0,2935.0
3222,2023-08-21,2909.0,3001.0,2898.0,2924.0,6121456410,762512,181,2909.0,2935.0
3223,2023-08-22,2924.0,2990.0,2722.0,2898.0,5988356360,767250,183,2924.0,2898.0
3224,2023-08-23,2927.0,2971.0,2898.0,2905.0,3116909600,390561,80,2898.0,2916.0
3225,2023-08-26,3008.0,3074.0,2971.0,2979.0,8800231910,1062977,115,2905.0,3041.0
3226,2023-08-27,3038.0,3122.0,2971.0,3004.0,4977044700,595781,114,2979.0,3063.0
3227,2023-08-28,3030.0,3082.0,3004.0,3015.0,4451429060,536772,125,3004.0,3034.0
3228,2023-08-29,3049.0,3126.0,3049.0,3034.0,4047242050,481882,85,3015.0,3063.0
3229,2023-08-30,3067.0,3082.0,3019.0,3038.0,2770147530,332038,85,3034.0,3056.0
3230,2023-09-02,3082.0,3225.0,3038.0,3074.0,6106600870,714935,134,3038.0,3093.0
3231,2023-09-03,3052.0,3122.0,3038.0,3074.0,6140560310,733639,192,3074.0,3038.0
3232,2023-09-04,3045.0,3118.0,3034.0,3074.0,6225024680,741989,144,3074.0,3071.0
3233,2023-09-05,3093.0,3184.0,3063.0,3082.0,4199394290,497241,102,3074.0,3078.0
3234,2023-09-09,3085.0,3115.0,3012.0,3067.0,7474924220,898194,196,3082.0,3074.0
3235,2023-09-10,3071.0,3093.0,3015.0,3056.0,5498409550,663775,177,3067.0,3019.0
3236,2023-09-11,3063.0,3063.0,3004.0,3049.0,3480731130,421382,127,3056.0,3004.0
3237,2023-09-12,3008.0,3052.0,2997.0,3045.0,1571609940,191723,88,3049.0,3001.0
3238,2023-09-13,3004.0,3052.0,2986.0,3030.0,6919421580,841616,190,3045.0,3008.0
3239,2023-09-17,3030.0,3041.0,2993.0,3026.0,7361780850,893940,179,3030.0,3012.0
3240,2023-09-18,2993.0,3236.0,2993.0,3166.0,29444137620,3412101,426,3026.0,3236.0
3241,2023-09-19,3386.0,3386.0,3386.0,3386.0,71169548710,7710677,342,3166.0,3386.0
3242,2023-09-20,3503.0,3547.0,3305.0,3415.0,62053821470,6661906,960,3386.0,3357.0
3243,2023-09-23,3364.0,3430.0,3360.0,3393.0,17235527280,1863144,264,3415.0,3408.0
3244,2023-09-25,3412.0,3426.0,3353.0,3397.0,12784760350,1380691,204,3393.0,3408.0
3245,2023-09-26,3426.0,3514.0,3404.0,3456.0,14875833760,1578178,252,3397.0,3437.0
3246,2023-09-27,3478.0,3478.0,3382.0,3434.0,7499709830,806982,201,3456.0,3382.0
3247,2023-09-30,3393.0,3448.0,3338.0,3404.0,7996026740,868172,189,3434.0,3338.0
3248,2023-10-01,3305.0,3375.0,3302.0,3364.0,6884057880,761047,174,3404.0,3305.0
3249,2023-10-02,3375.0,3375.0,3265.0,3335.0,5721738340,637361,190,3364.0,3291.0
3250,2023-10-04,3236.0,3346.0,3232.0,3313.0,8289737860,922880,248,3335.0,3265.0
3251,2023-10-07,3236.0,3485.0,3210.0,3338.0,24831392000,2730175,576,3313.0,3393.0
3252,2023-10-08,3415.0,3415.0,3162.0,3280.0,21056322100,2354828,324,3338.0,3302.0
3253,2023-10-09,3155.0,3346.0,3144.0,3276.0,6894203250,772827,157,3280.0,3239.0
3254,2023-10-10,3239.0,3309.0,3239.0,3276.0,5261776630,589675,90,3276.0,3269.0
3255,2023-10-11,3302.0,3342.0,3239.0,3269.0,10537213520,1183196,212,3276.0,3258.0
3256,2023-10-14,3258.0,3258.0,3148.0,3254.0,4205568370,479379,110,3269.0,3232.0
3257,2023-10-15,3243.0,3283.0,3214.0,3250.0,2916245920,330270,76,3254.0,3217.0
3258,2023-10-16,3214.0,3291.0,3184.0,3239.0,6382523510,726030,235,3250.0,3214.0
3259,2023-10-17,3236.0,3302.0,3162.0,3225.0,7584676470,865923,204,3239.0,3236.0
3260,2023-10-18,3151.0,3236.0,3148.0,3214.0,5320305140,610898,107,3225.0,3166.0
3261,2023-10-21,3155.0,3261.0,3155.0,3214.0,5095247880,582578,81,3214.0,3221.0
3262,2023-10-22,3236.0,3272.0,3184.0,3214.0,11029494460,1259637,142,3214.0,3199.0
3263,2023-10-23,3195.0,3232.0,3177.0,3206.0,6776206290,776600,126,3214.0,3203.0
3264,2023-10-24,3258.0,3258.0,3129.0,3199.0,6061573170,698183,114,3206.0,3137.0
3265,2023-10-25,3140.0,3258.0,3140.0,3184.0,7016858820,812529,117,3199.0,3162.0
3266,2023-10-28,3137.0,3137.0,2982.0,3122.0,6807716010,818957,96,3184.0,3030.0
3267,2023-10-29,3071.0,3118.0,3008.0,3096.0,7180676900,858203,99,3122.0,3067.0
3268,2023-10-30,3038.0,3115.0,3038.0,3093.0,4725438640,561326,127,3096.0,3085.0
3269,2023-10-31,3111.0,3118.0,3045.0,3085.0,4535814540,541876,104,3093.0,3052.0
3270,2023-11-01,3111.0,3111.0,2997.0,3063.0,6035921110,730263,81,3085.0,3056.0
3271,2023-11-04,3111.0,3276.0,3067.0,3192.0,15402355860,1769466,205,3063.0,3276.0
3272,2023-11-05,3302.0,3397.0,3199.0,3265.0,8392369510,922374,255,3192.0,3364.0
3273,2023-11-06,3338.0,3467.0,3338.0,3338.0,7970506670,854494,191,3265.0,3397.0
3274,2023-11-07,3412.0,3448.0,3342.0,3375.0,8758371230,942032,120,3338.0,3408.0
3275,2023-11-08,3412.0,3459.0,3368.0,3382.0,7586918250,820498,104,3375.0,3412.0
3276,2023-11-11,3448.0,3496.0,3379.0,3467.0,14459776010,1528433,210,3382.0,3412.0
3277,2023-11-12,3485.0,3489.0,3368.0,3426.0,11239199270,1208002,287,3467.0,3408.0
3278,2023-11-18,3411.0,3540.0,3407.0,3438.0,7127312640,783095,121,3426.0,3426.0
3279,2023-11-19,3442.0,3453.0,3373.0,3434.0,5285485130,585473,73,3438.0,3415.0
3280,2023-11-20,3438.0,3438.0,3407.0,3430.0,3854338840,427900,77,3434.0,3411.0
3281,2023-11-21,3468.0,3623.0,3457.0,3498.0,10230362250,1097728,171,3430.0,3574.0
3282,2023-11-22,3601.0,3741.0,3525.0,3680.0,41065537500,4227574,524,3498.0,3741.0
3283,2023-11-25,3828.0,3828.0,3623.0,3695.0,22552768110,2312587,402,3680.0,3639.0
3284,2023-11-26,3620.0,3741.0,3620.0,3684.0,11558178240,1190782,317,3695.0,3623.0
3285,2023-11-27,3574.0,3695.0,3574.0,3680.0,21394148130,2203571,191,3684.0,3677.0
3286,2023-11-28,3677.0,3752.0,3605.0,3692.0,6644518970,680205,159,3680.0,3707.0
3287,2023-11-29,3699.0,3741.0,3658.0,3680.0,12388767560,1277156,173,3692.0,3661.0
3288,2023-12-02,3677.0,3749.0,3677.0,3707.0,11202843260,1142072,179,3680.0,3749.0
3289,2023-12-03,3684.0,3730.0,3650.0,3692.0,11910253110,1224720,258,3707.0,3726.0
3290,2023-12-04,3790.0,3790.0,3692.0,3703.0,6333275060,644882,158,3692.0,3714.0
3291,2023-12-05,3677.0,3752.0,3623.0,3680.0,22622043200,2328767,574,3703.0,3714.0
3292,2023-12-06,3726.0,3771.0,3722.0,3749.0,15650864670,1583155,131,3680.0,3764.0
3293,2023-12-09,3688.0,3824.0,3688.0,3790.0,14919050460,1491166,226,3749.0,3790.0
3294,2023-12-10,3680.0,3858.0,3680.0,3794.0,5819361250,579988,117,3790.0,3805.0
3295,2023-12-11,3790.0,3832.0,3783.0,3798.0,4653349500,463704,94,3794.0,3832.0
3296,2023-12-12,3862.0,3923.0,3779.0,3847.0,8672257560,845245,169,3798.0,3904.0
3297,2023-12-13,3847.0,3942.0,3847.0,3900.0,13994729840,1357377,105,3847.0,3912.0
3298,2023-12-16,3953.0,3953.0,3885.0,3915.0,9206868510,888873,123,3900.0,3942.0
3299,2023-12-18,3923.0,3995.0,3805.0,3930.0,12274336950,1182092,140,3915.0,3984.0
3300,2023-12-19,3995.0,3999.0,3885.0,3949.0,9144413270,874361,134,3930.0,3885.0
3301,2023-12-20,3949.0,4014.0,3949.0,3972.0,10485941260,998343,101,3949.0,3999.0
3302,2023-12-23,3980.0,3991.0,3802.0,3904.0,28084485800,2725980,389,3972.0,3858.0
3303,2023-12-24,3828.0,3885.0,3824.0,3870.0,13778271520,1350188,182,3904.0,3866.0
3304,2023-12-25,3942.0,3999.0,3790.0,3946.0,14003847720,1344241,149,3870.0,3923.0
3305,2023-12-26,3942.0,4086.0,3942.0,4021.0,15366694540,1448050,221,3946.0,4048.0
3306,2023-12-27,4021.0,4109.0,4021.0,4037.0,5897832630,549903,124,4021.0,4056.0
3307,2023-12-30,4093.0,4093.0,3858.0,4029.0,7104298970,669809,114,4037.0,4048.0
3308,2023-12-31,4052.0,4052.0,3980.0,4025.0,2329476590,220510,102,4029.0,3980.0
3309,2024-01-01,3980.0,4306.0,3942.0,4222.0,34618474400,3107363,447,4025.0,4306.0
3310,2024-01-02,4454.0,4454.0,4226.0,4279.0,11013854300,969912,285,4222.0,4264.0
3311,2024-01-03,4381.0,4381.0,4074.0,4207.0,8301427210,759552,397,4279.0,4211.0
3312,2024-01-06,4074.0,4222.0,4056.0,4158.0,8918961060,818934,320,4207.0,4097.0
3313,2024-01-07,4105.0,4150.0,4021.0,4124.0,8035746920,743040,302,4158.0,4093.0
3314,2024-01-08,4112.0,4112.0,4021.0,4101.0,7375568860,685816,193,4124.0,4082.0
3315,2024-01-09,4018.0,4097.0,3995.0,4078.0,5179847290,486532,140,4101.0,4025.0
3316,2024-01-10,3999.0,4067.0,3995.0,4063.0,5493156280,515150,178,4078.0,4037.0
3317,2024-01-13,3972.0,4135.0,3972.0,4059.0,3210597140,300676,102,4063.0,4044.0
3318,2024-01-14,4044.0,4059.0,3946.0,4029.0,8609140290,814071,286,4059.0,3980.0
3319,2024-01-15,3961.0,4029.0,3949.0,4014.0,5830259770,554116,131,4029.0,3961.0
3320,2024-01-16,3949.0,4037.0,3866.0,3976.0,7558770240,726812,161,4014.0,3930.0
3321,2024-01-17,3881.0,3961.0,3870.0,3957.0,3846582360,373207,173,3976.0,3870.0
3322,2024-01-20,3870.0,3923.0,3783.0,3877.0,9930644340,980554,282,3957.0,3828.0
3323,2024-01-21,3779.0,3847.0,3760.0,3866.0,1963904810,196023,67,3877.0,3824.0
3324,2024-01-22,3767.0,3893.0,3605.0,3669.0,17394225090,1797289,301,3866.0,3665.0
3325,2024-01-23,3722.0,3722.0,3457.0,3642.0,3894750890,412955,91,3669.0,3559.0
3326,2024-01-24,3510.0,3695.0,3510.0,3635.0,2456891160,258307,84,3642.0,3589.0
3327,2024-01-27,3468.0,3593.0,3468.0,3608.0,4840134410,515490,147,3635.0,3536.0
3328,2024-01-28,3578.0,3688.0,3506.0,3627.0,6850126980,710887,160,3608.0,3658.0
3329,2024-01-29,3695.0,3877.0,3631.0,3836.0,25057510460,2476690,535,3627.0,3877.0
3330,2024-01-30,4101.0,4101.0,3836.0,3961.0,19549166070,1870759,389,3836.0,3870.0
3331,2024-01-31,3976.0,3976.0,3771.0,3896.0,9954366920,978514,270,3961.0,3866.0
3332,2024-02-03,3756.0,3896.0,3756.0,3874.0,5647534680,557611,194,3896.0,3828.0
3333,2024-02-04,3874.0,3889.0,3813.0,3874.0,962480030,94649,69,3874.0,3839.0
3334,2024-02-05,3866.0,3866.0,3790.0,3858.0,3676133410,365664,124,3874.0,3805.0
3335,2024-02-06,3828.0,3915.0,3783.0,3855.0,2586278630,255793,93,3858.0,3817.0
3336,2024-02-07,3893.0,4124.0,3817.0,4078.0,53463114580,4970601,831,3855.0,4120.0
3337,2024-02-19,4359.0,4359.0,4359.0,4351.0,15674431000,2725988,77,4078.0,4359.0
3338,2024-02-20,4654.0,4654.0,4654.0,4488.0,7814826220,1272773,57,4351.0,4654.0
3339,2024-02-21,4798.0,4798.0,4798.0,4738.0,14042794830,2218451,66,4488.0,4798.0
3340,2024-02-24,5003.0,5003.0,4480.0,4761.0,66301367120,10556231,1056,4738.0,4556.0
3341,2024-02-26,4647.0,4647.0,4435.0,4442.0,33842294020,5772114,506,4761.0,4465.0
3342,2024-02-27,4291.0,4624.0,4291.0,4465.0,7639672070,1292857,258,4442.0,4427.0
3343,2024-02-28,4480.0,4601.0,4374.0,4457.0,5259430230,895613,182,4465.0,4389.0
3344,2024-03-02,4359.0,4472.0,4359.0,4442.0,6475893560,1111360,236,4457.0,4457.0
3345,2024-03-03,4465.0,4723.0,4351.0,4465.0,8218736200,1388699,240,4442.0,4374.0
3346,2024-03-04,4374.0,4510.0,4260.0,4435.0,4852578180,841627,153,4465.0,4313.0
3347,2024-03-05,4275.0,4488.0,4253.0,4389.0,6621495060,1157103,181,4435.0,4344.0
3348,2024-03-06,4381.0,4692.0,4344.0,4662.0,60025007230,9757654,605,4389.0,4692.0
3349,2024-03-09,4738.0,4988.0,4730.0,4897.0,70637440910,10935331,760,4662.0,4905.0
3350,2024-03-10,4988.0,4988.0,4677.0,4791.0,11882158350,1893623,295,4897.0,4700.0
3351,2024-03-11,4768.0,4905.0,4616.0,4829.0,26844892560,4214477,263,4791.0,4897.0
3352,2024-03-12,4980.0,4980.0,4745.0,4844.0,8084805010,1260092,131,4829.0,4851.0
3353,2024-03-13,4844.0,4920.0,4639.0,4889.0,20933363850,3247155,176,4844.0,4889.0
3354,2024-03-16,4927.0,5033.0,4730.0,4920.0,7278507070,1112916,144,4889.0,4988.0
3355,2024-03-17,5041.0,5041.0,4889.0,4920.0,5289349380,813236,110,4920.0,4935.0
3356,2024-03-18,5049.0,5049.0,4738.0,4935.0,9351722660,1432948,140,4920.0,4920.0
3357,2024-03-24,4798.0,5003.0,4798.0,4958.0,17196199540,2628735,198,4935.0,4965.0
3358,2024-03-25,4965.0,5124.0,4905.0,4980.0,6612250390,998836,187,4958.0,5003.0
3359,2024-03-26,5026.0,5177.0,4965.0,4996.0,3741927520,561481,155,4980.0,5003.0
3360,2024-03-27,4829.0,4920.0,4647.0,4730.0,31956115340,5123952,1121,4996.0,4715.0
3361,2024-03-30,4707.0,4707.0,4548.0,4616.0,13324907540,2193985,465,4730.0,4601.0
3362,2024-04-02,4465.0,4616.0,4465.0,4579.0,4618459850,777876,207,4616.0,4472.0
3363,2024-04-03,4488.0,4609.0,4389.0,4503.0,11080141930,1872559,435,4579.0,4404.0
3364,2024-04-06,4397.0,4404.0,4192.0,4306.0,10767032330,1924851,344,4503.0,4192.0
3365,2024-04-07,4366.0,4366.0,4207.0,4291.0,4222402150,751808,554,4306.0,4245.0
3366,2024-04-08,4298.0,4465.0,4298.0,4328.0,7541317590,1311371,146,4291.0,4344.0
3367,2024-04-09,4366.0,4579.0,4313.0,4404.0,13580042740,2334010,258,4328.0,4548.0
3368,2024-04-15,4442.0,4442.0,4442.0,4412.0,3957468960,675336,51,4404.0,4442.0
3369,2024-04-16,4450.0,4450.0,4374.0,4389.0,8264558300,1432110,109,4412.0,4374.0
3370,2024-04-17,4366.0,4366.0,4351.0,4381.0,3491855980,608022,134,4389.0,4366.0
3371,2024-04-20,4427.0,4624.0,4321.0,4442.0,9963978220,1687069,184,4381.0,4624.0
3372,2024-04-21,4601.0,4609.0,4321.0,4457.0,3282582590,551225,123,4442.0,4518.0
3373,2024-04-22,4472.0,4556.0,4457.0,4465.0,2522361470,424333,106,4457.0,4480.0
3374,2024-04-23,4359.0,4526.0,4359.0,4465.0,3228724350,547105,105,4465.0,4495.0
3375,2024-04-24,4586.0,4586.0,4457.0,4495.0,6232106480,1041004,149,4465.0,4563.0
3376,2024-04-27,4419.0,4556.0,4351.0,4457.0,5472452460,942227,160,4495.0,4389.0
3377,2024-04-28,4457.0,4488.0,4283.0,4435.0,2394541710,419988,71,4457.0,4336.0
3378,2024-04-29,4298.0,4465.0,4298.0,4427.0,1610873100,280734,84,4435.0,4351.0
3379,2024-04-30,4306.0,4328.0,4222.0,4412.0,1651251040,292632,80,4427.0,4313.0
3380,2024-05-01,4222.0,4412.0,4222.0,4404.0,1012842800,177679,66,4412.0,4306.0
3381,2024-05-05,4457.0,4457.0,4268.0,4381.0,3142104250,553269,95,4404.0,4298.0
3382,2024-05-06,4245.0,4366.0,4245.0,4359.0,3236354750,572172,101,4381.0,4253.0
3383,2024-05-07,4328.0,4328.0,4177.0,4328.0,2681422000,483266,102,4359.0,4192.0
3384,2024-05-08,4147.0,4245.0,4101.0,4275.0,4161864260,762363,158,4328.0,4147.0
3385,2024-05-11,4366.0,4366.0,4093.0,4260.0,1612893570,296836,76,4275.0,4109.0
3386,2024-05-12,4063.0,4207.0,4033.0,4200.0,4842283950,898598,126,4260.0,4093.0
3387,2024-05-13,4169.0,4215.0,4018.0,4162.0,4051668470,757004,102,4200.0,4078.0
3388,2024-05-14,4093.0,4131.0,3980.0,4124.0,4205101130,792526,105,4162.0,3980.0
3389,2024-05-15,3919.0,4093.0,3919.0,4086.0,4105260310,776737,84,4124.0,4078.0
3390,2024-05-18,4010.0,4093.0,3881.0,4048.0,5214584160,992127,112,4086.0,4010.0
3391,2024-05-19,4025.0,4025.0,3767.0,3942.0,6807554010,1349497,195,4048.0,3881.0
3392,2024-05-25,3919.0,3919.0,3866.0,3934.0,2158425680,423166,43,3942.0,3866.0
3393,2024-05-26,3858.0,3858.0,3858.0,3919.0,3578946970,703133,54,3934.0,3858.0
3394,2024-05-27,3843.0,3889.0,3843.0,3896.0,3887680400,766597,66,3919.0,3843.0
3395,2024-05-28,3821.0,3972.0,3821.0,3889.0,3181475030,626045,64,3896.0,3866.0
3396,2024-05-29,3942.0,3965.0,3904.0,3904.0,3832741800,735870,96,3889.0,3942.0
3397,2024-06-01,3942.0,3942.0,3828.0,3896.0,2646731170,520678,70,3904.0,3866.0
3398,2024-06-02,3828.0,3927.0,3821.0,3896.0,3109086680,605594,65,3896.0,3927.0
3399,2024-06-05,3843.0,3866.0,3821.0,3889.0,2548419300,503918,64,3896.0,3821.0
3400,2024-06-08,3813.0,3896.0,3813.0,3881.0,2424427870,478321,231,3889.0,3828.0
3401,2024-06-09,3881.0,3881.0,3805.0,3866.0,5735724340,1133948,271,3881.0,3828.0
3402,2024-06-10,3798.0,3896.0,3798.0,3858.0,1940329910,383696,112,3866.0,3874.0
3403,2024-06-11,3858.0,3858.0,3783.0,3843.0,3992891460,797101,167,3858.0,3783.0
3404,2024-06-12,3843.0,3858.0,3767.0,3821.0,5081021010,1018433,189,3843.0,3767.0
3405,2024-06-15,3767.0,3767.0,3745.0,3798.0,4387134280,886997,53,3821.0,3745.0
3406,2024-06-16,3798.0,3798.0,3730.0,3790.0,2566532440,519097,135,3798.0,3737.0
3407,2024-06-18,3790.0,3790.0,3714.0,3775.0,4599124880,932953,534,3790.0,3737.0
3408,2024-06-19,3714.0,3843.0,3707.0,3790.0,4966347110,984912,183,3775.0,3813.0
3409,2024-06-22,3858.0,3858.0,3813.0,3798.0,1903239440,376904,51,3790.0,3813.0
3410,2024-06-23,3866.0,3866.0,3790.0,3798.0,2657733590,528788,96,3798.0,3851.0
3411,2024-06-24,3798.0,3851.0,3730.0,3798.0,4908657410,982438,83,3798.0,3851.0
3412,2024-06-26,3858.0,3866.0,3813.0,3813.0,5712660400,1126620,63,3798.0,3858.0
3413,2024-06-29,3866.0,3889.0,3836.0,3821.0,3601248460,707962,44,3813.0,3889.0
3414,2024-06-30,3874.0,3874.0,3775.0,3828.0,5408509500,1067021,95,3821.0,3874.0
3415,2024-07-01,3896.0,3896.0,3836.0,3828.0,1809066830,356318,33,3828.0,3858.0
3416,2024-07-02,3805.0,3896.0,3805.0,3836.0,3406604140,670176,50,3828.0,3881.0
3417,2024-07-03,3904.0,3904.0,3790.0,3828.0,7333115520,1452257,105,3836.0,3866.0
3418,2024-07-06,4056.0,4056.0,4056.0,3889.0,4261055650,796459,44,3828.0,4056.0
3419,2024-07-07,4116.0,4116.0,4116.0,4078.0,13618483440,2508008,62,3889.0,4116.0
3420,2024-07-08,3934.0,4230.0,3934.0,4101.0,9552987850,1761580,186,4078.0,4200.0
3421,2024-07-09,4101.0,4177.0,4025.0,4109.0,5616159090,1033160,219,4101.0,4169.0
3422,2024-07-10,4139.0,4139.0,4056.0,4109.0,2166467330,400956,147,4109.0,4078.0
3423,2024-07-13,4093.0,4109.0,3942.0,4086.0,4315212540,810578,471,4109.0,3972.0
3424,2024-07-14,4040.0,4328.0,3987.0,4275.0,18644280330,3302877,271,4086.0,4328.0
3425,2024-07-17,4359.0,4518.0,4298.0,4351.0,7683547250,1310964,172,4275.0,4472.0
3426,2024-07-20,4472.0,4571.0,4328.0,4442.0,13923678720,2372401,235,4351.0,4457.0
3427,2024-07-21,4457.0,4495.0,4313.0,4427.0,3966381980,685683,170,4442.0,4366.0
3428,2024-07-22,4336.0,4465.0,4321.0,4419.0,2445412310,422579,247,4427.0,4374.0
3429,2024-07-23,4374.0,4472.0,4344.0,4419.0,1590535970,274525,99,4419.0,4344.0
3430,2024-07-24,4260.0,4419.0,4260.0,4412.0,3940103120,681333,367,4419.0,4412.0
3431,2024-07-27,0.0,4427.0,4291.0,4404.0,2429673580,423508,420,4412.0,4344.0
3432,2024-07-29,4397.0,4397.0,4245.0,4381.0,3937660970,693251,338,4404.0,4260.0
3433,2024-07-30,4374.0,4374.0,4268.0,4366.0,3393950380,596520,451,4381.0,4268.0
3434,2024-07-31,4200.0,4366.0,4109.0,4222.0,10774474660,1954188,1648,4366.0,4169.0
3435,2024-08-03,4222.0,4222.0,3972.0,4139.0,6702966640,1258191,1061,4222.0,3972.0
3436,2024-08-04,4101.0,4101.0,4101.0,4109.0,11709836800,2164480,136,4139.0,4101.0
3437,2024-08-05,4071.0,4116.0,4071.0,4101.0,2223095010,413973,49,4109.0,4116.0
3438,2024-08-06,4131.0,4139.0,4063.0,4093.0,3681278770,685678,269,4101.0,4063.0
3439,2024-08-10,4063.0,4093.0,4056.0,4086.0,3012614190,563056,37,4093.0,4056.0
3440,2024-08-11,4048.0,4048.0,4048.0,4078.0,3029195100,567265,20,4086.0,4048.0
3441,2024-08-12,4040.0,4040.0,4040.0,4071.0,1947272860,365342,143,4078.0,4040.0
3442,2024-08-13,4033.0,4033.0,4033.0,4056.0,5070917600,953180,41,4071.0,4033.0
3443,2024-08-14,4018.0,4018.0,4018.0,4033.0,7694232600,1451742,166,4056.0,4018.0
3444,2024-08-17,3957.0,4056.0,3957.0,4018.0,6345619680,1205730,185,4033.0,4002.0
3445,2024-08-18,3957.0,4071.0,3957.0,4010.0,6577208910,1244540,134,4018.0,4018.0
3446,2024-08-19,4048.0,4048.0,3934.0,3957.0,14635987980,2802893,364,4010.0,3934.0
3447,2024-08-20,3995.0,3995.0,3889.0,3957.0,4447091660,852265,113,3957.0,3889.0
3448,2024-08-21,3995.0,4010.0,3889.0,3957.0,3263594230,627388,645,3957.0,3889.0
3449,2024-08-24,4002.0,4033.0,3972.0,3965.0,2490056130,472635,140,3957.0,4010.0
3450,2024-08-26,4040.0,4040.0,3957.0,3965.0,1739610780,330713,236,3965.0,3965.0
3451,2024-08-27,4040.0,4040.0,3980.0,3972.0,1373342790,259741,493,3965.0,3995.0
3452,2024-08-28,4048.0,4048.0,3980.0,3972.0,749299300,142042,85,3972.0,3987.0
3453,2024-08-31,4048.0,4048.0,4018.0,3995.0,5423231380,1017174,155,3972.0,4033.0
3454,2024-09-01,4071.0,4071.0,4063.0,4071.0,16158721280,3009560,629,3995.0,4071.0
3455,2024-09-03,4139.0,4147.0,4093.0,4109.0,8821003440,1615277,530,4071.0,4147.0
3456,2024-09-07,4192.0,4222.0,4154.0,4116.0,1856037240,335907,126,4109.0,4215.0
3457,2024-09-08,4222.0,4237.0,4177.0,4169.0,8575222910,1544130,342,4116.0,4237.0
3458,2024-09-09,4245.0,4291.0,4230.0,4177.0,1054027590,186644,67,4169.0,4283.0
3459,2024-09-10,4245.0,4298.0,4192.0,4215.0,4937526290,872623,229,4177.0,4298.0
3460,2024-09-11,4336.0,4336.0,4093.0,4215.0,3452418820,623346,158,4215.0,4101.0
3461,2024-09-14,4230.0,4298.0,4192.0,4215.0,2072047470,372779,187,4215.0,4192.0
3462,2024-09-15,4253.0,4268.0,4124.0,4207.0,4495998750,815506,535,4215.0,4124.0
3463,2024-09-16,4245.0,4283.0,4177.0,4207.0,2573548500,464476,240,4207.0,4237.0
3464,2024-09-17,4268.0,4275.0,4192.0,4215.0,1957491450,349892,116,4207.0,4268.0
3465,2024-09-18,4169.0,4291.0,4169.0,4222.0,5535511840,989255,347,4215.0,4230.0
3466,2024-09-22,4184.0,4291.0,4177.0,4222.0,2899308580,520760,294,4222.0,4245.0
3467,2024-09-23,4222.0,4306.0,4215.0,4230.0,2667886500,475797,226,4222.0,4245.0
3468,2024-09-24,4245.0,4306.0,4222.0,4230.0,2723776150,486423,81,4230.0,4230.0
3469,2024-09-25,4230.0,4283.0,4192.0,4230.0,2329154440,419151,79,4230.0,4207.0
3470,2024-09-28,4192.0,4192.0,4192.0,4230.0,11060000,2000,1,4230.0,4192.0
3471,2024-09-29,4192.0,4200.0,4192.0,4222.0,1622287620,293354,30,4230.0,4192.0
3472,2024-09-30,4245.0,4260.0,4184.0,4245.0,12588927930,2245062,643,4222.0,4184.0
3473,2024-10-01,4207.0,4207.0,4207.0,4245.0,1400881050,252411,17,4245.0,4207.0
3474,2024-10-02,4207.0,4283.0,4207.0,4245.0,3498073740,626731,256,4245.0,4207.0
3475,2024-10-05,4207.0,4207.0,4207.0,4245.0,1125001650,202703,39,4245.0,4207.0
3476,2024-10-06,4207.0,4207.0,4207.0,4245.0,10545000,1900,2,4245.0,4207.0
3477,2024-10-07,4207.0,4207.0,4207.0,4237.0,2241739350,403917,168,4245.0,4207.0
3478,2024-10-08,4200.0,4275.0,4200.0,4237.0,4059477290,727600,314,4237.0,4245.0
3479,2024-10-09,4268.0,4275.0,4237.0,4237.0,1770730850,315550,113,4237.0,4253.0
3480,2024-10-12,4237.0,4237.0,4147.0,4230.0,2503099360,454296,494,4237.0,4162.0
3481,2024-10-13,4268.0,4336.0,4215.0,4222.0,21335962080,3829712,235,4230.0,4336.0
3482,2024-10-14,4336.0,4344.0,4101.0,4207.0,5059074720,919274,535,4222.0,4101.0
3483,2024-10-15,4101.0,4101.0,4086.0,4184.0,2744916100,509220,61,4207.0,4086.0
3484,2024-10-16,4063.0,4116.0,4063.0,4162.0,2931977240,545053,544,4184.0,4063.0
3485,2024-10-19,4071.0,4071.0,4040.0,4131.0,3379804420,634074,50,4162.0,4040.0
3486,2024-10-20,4010.0,4010.0,4010.0,4078.0,6741829920,1274448,47,4131.0,4010.0
3487,2024-10-21,3957.0,3972.0,3957.0,4033.0,5496224600,1052822,72,4078.0,3957.0
3488,2024-10-22,3919.0,3942.0,3919.0,3995.0,4313864280,834197,66,4033.0,3919.0
3489,2024-10-23,3881.0,3881.0,3881.0,3942.0,6272890880,1225174,55,3995.0,3881.0
3490,2024-10-26,4056.0,4056.0,4025.0,3965.0,2869843070,536981,66,3942.0,4025.0
3491,2024-10-27,4078.0,4078.0,4033.0,4071.0,14050932640,2611729,105,3965.0,4056.0
3492,2024-10-28,4192.0,4192.0,3995.0,4063.0,2422647990,454502,221,4071.0,3995.0
3493,2024-10-29,4063.0,4101.0,3942.0,4040.0,2859533010,547865,357,4063.0,3942.0
3494,2024-10-30,4040.0,4040.0,3927.0,3995.0,6463261240,1245538,614,4040.0,3927.0
3495,2024-11-02,3972.0,4063.0,3881.0,3881.0,15869910060,3096857,657,3995.0,3881.0
3496,2024-11-03,3775.0,3775.0,3767.0,3836.0,5194655000,1045200,50,3881.0,3767.0
3497,2024-11-04,3730.0,3874.0,3722.0,3798.0,5034639280,1022669,1382,3836.0,3722.0
3498,2024-11-05,3699.0,3767.0,3684.0,3790.0,1448887800,295470,286,3798.0,3699.0
3499,2024-11-06,3677.0,3677.0,3677.0,3745.0,5527966950,1139787,68,3790.0,3677.0
3500,2024-11-09,3677.0,3774.0,3639.0,3713.0,6087703964,1257895,198,3745.0,3639.0
3501,2024-11-10,3639.0,3740.0,3613.0,3692.0,14833969780,3045889,322,3713.0,3707.0
3502,2024-11-11,3677.0,3727.0,3581.0,3667.0,7576466156,1575883,284,3692.0,3581.0
3503,2024-11-12,3583.0,3594.0,3558.0,3636.0,5032508393,1066074,153,3667.0,3558.0
3504,2024-11-13,3594.0,3594.0,3528.0,3535.0,13700058426,2940949,314,3636.0,3569.0
3505,2024-11-16,3638.0,3640.0,3570.0,3614.0,13978842946,2925774,416,3535.0,3640.0
3506,2024-11-20,3722.0,3722.0,3566.0,3621.0,4328847255,951824,148,3614.0,3667.0
3507,2024-11-23,3590.0,3680.0,3589.0,3622.0,3096063192,683243,162,3621.0,3672.0
3508,2024-11-24,3680.0,3730.0,3662.0,3686.0,11455387930,2471735,238,3622.0,3730.0
3509,2024-11-25,3775.0,3796.0,3775.0,3729.0,6237768230,1314789,78,3686.0,3796.0
3510,2024-11-26,3832.0,3840.0,3624.0,3735.0,6773956601,1447632,220,3729.0,3677.0
3511,2024-11-27,3666.0,3732.0,3666.0,3716.0,5436711298,1181548,168,3735.0,3720.0
3512,2024-11-30,3733.0,3815.0,3700.0,3734.0,6811939390,1450837,141,3716.0,3702.0
3513,2024-12-01,3699.0,3801.0,3645.0,3736.0,2446920313,522885,80,3734.0,3751.0
3514,2024-12-02,3800.0,3848.0,3769.0,3838.0,17164032577,3577827,259,3736.0,3810.0
3515,2024-12-03,3952.0,3952.0,3922.0,3951.0,54376576892,11009905,373,3838.0,3952.0
3516,2024-12-04,3930.0,4070.0,3930.0,4067.0,24813739321,4880792,265,3951.0,4070.0
3517,2024-12-07,3984.0,4160.0,3952.0,3968.0,21858541370,4406863,290,4067.0,3952.0
3518,2024-12-08,3856.0,4016.0,3856.0,3936.0,10904571670,2223137,170,3968.0,3984.0
3519,2024-12-09,4032.0,4048.0,3960.0,4016.0,11447612430,2264109,245,3936.0,4040.0
3520,2024-12-10,4064.0,4064.0,3920.0,4008.0,11786596280,2355467,280,4016.0,3960.0
3521,2024-12-11,3912.0,4024.0,3888.0,3952.0,15832592350,3202620,514,4008.0,3992.0
3522,2024-12-14,4064.0,4070.0,4000.0,4065.0,19756227411,3887972,298,3952.0,4070.0
3523,2024-12-15,4120.0,4170.0,3982.0,4066.0,24953077307,4909762,808,4065.0,4016.0
3524,2024-12-16,3962.0,4063.0,3944.0,3972.0,19418479665,3911356,1370,4066.0,3946.0
3525,2024-12-17,3912.0,4006.0,3882.0,3957.0,7813012668,1585217,973,3972.0,3882.0
3526,2024-12-18,3957.0,4021.0,3865.0,3954.0,5073980044,1028270,1449,3957.0,3934.0
3527,2024-12-21,3857.0,4064.0,3857.0,3982.0,8745740181,1747331,130,3954.0,3996.0
3528,2024-12-22,4064.0,4064.0,3920.0,3983.0,9265355039,1860349,698,3982.0,4000.0
3529,2024-12-23,4056.0,4056.0,3864.0,3942.0,14499824918,2943699,708,3983.0,4032.0
3530,2024-12-24,4048.0,4053.0,3952.0,3970.0,8667731407,1737307,110,3942.0,3961.0
3531,2024-12-25,3961.0,4040.0,3946.0,3987.0,7932862038,1585394,151,3970.0,4001.0
3532,2024-12-28,3897.0,4059.0,3896.0,4005.0,9139291996,1820289,168,3987.0,4054.0
3533,2024-12-29,4056.0,4056.0,3946.0,3998.0,3537199066,711941,217,4005.0,3998.0
3534,2024-12-30,4037.0,4037.0,3943.0,3994.0,2601306837,523702,658,3998.0,3943.0
3535,2024-12-31,3943.0,4036.0,3926.0,3983.0,5401144827,1089885,32379,3994.0,3999.0
3536,2025-01-01,3983.0,4014.0,3931.0,3979.0,4309242295,868424,1066,3983.0,4014.0
3537,2025-01-04,4029.0,4088.0,3979.0,4048.0,13166554427,2594878,223,3979.0,4088.0
3538,2025-01-05,4095.0,4169.0,4048.0,4163.0,31894480948,6128843,324,4048.0,4160.0
3539,2025-01-06,4186.0,4288.0,4186.0,4240.0,11877301985,2226966,153,4163.0,4288.0
3540,2025-01-07,4367.0,4367.0,4367.0,4367.0,24341659164,4458996,130,4240.0,4367.0
3541,2025-01-08,4498.0,4498.0,4498.0,4498.0,23229541800,4131900,80,4367.0,4498.0
3542,2025-01-11,4632.0,4632.0,4408.0,4576.0,54039772240,9447332,860,4498.0,4440.0
3543,2025-01-12,4480.0,4480.0,4440.0,4528.0,4798210750,864509,552,4576.0,4440.0
3544,2025-01-13,4408.0,4440.0,4400.0,4424.0,12115643670,2202388,1006,4528.0,4400.0
3545,2025-01-15,4376.0,4488.0,4296.0,4328.0,33699991050,6231397,297,4424.0,4296.0
3546,2025-01-18,4440.0,4440.0,4200.0,4264.0,8827789450,1675246,769,4328.0,4200.0
3547,2025-01-19,4264.0,4272.0,4144.0,4200.0,9603054040,1841136,656,4264.0,4152.0
3548,2025-01-20,4280.0,4280.0,4080.0,4160.0,6842615780,1327547,718,4200.0,4104.0
3549,2025-01-25,4160.0,4280.0,4160.0,4200.0,6151228520,1153018,105,4160.0,4280.0
3550,2025-01-26,4312.0,4312.0,4112.0,4224.0,9219219420,1738099,446,4200.0,4152.0
3551,2025-01-27,4224.0,4232.0,4144.0,4216.0,3902714750,744789,332,4224.0,4200.0
3552,2025-01-29,4216.0,4320.0,4184.0,4248.0,6758589150,1260203,172,4216.0,4288.0
3553,2025-02-01,4256.0,4320.0,4200.0,4248.0,3454438820,648908,143,4248.0,4280.0
3554,2025-02-02,4296.0,4328.0,4248.0,4264.0,6181268120,1151188,464,4248.0,4304.0
3555,2025-02-03,4344.0,4344.0,4240.0,4272.0,4999607120,935323,494,4264.0,4264.0
3556,2025-02-04,4336.0,4368.0,4304.0,4296.0,5389352500,995664,114,4272.0,4312.0
3557,2025-02-05,4336.0,4360.0,4248.0,4296.0,3685568190,687361,305,4296.0,4256.0
3558,2025-02-09,4248.0,4360.0,4168.0,4280.0,8363640430,1567063,849,4296.0,4216.0
3559,2025-02-11,4296.0,4312.0,4152.0,4224.0,7962743900,1525597,761,4280.0,4152.0
3560,2025-02-15,4176.0,4176.0,4104.0,4200.0,3371471440,654442,293,4224.0,4104.0
3561,2025-02-16,4080.0,4096.0,4080.0,4136.0,7684666240,1506759,336,4200.0,4096.0
3562,2025-02-17,4104.0,4160.0,4064.0,4128.0,5457275770,1060972,732,4136.0,4088.0
3563,2025-02-18,4120.0,4152.0,4064.0,4120.0,1901665590,371836,90,4128.0,4064.0
3564,2025-02-19,4120.0,4160.0,4032.0,4112.0,4195941360,819243,204,4120.0,4064.0
3565,2025-02-22,4104.0,4144.0,3992.0,4088.0,6002103490,1185350,260,4112.0,4000.0
3566,2025-02-23,4080.0,4208.0,4080.0,4096.0,1392411150,268972,64,4088.0,4144.0
3567,2025-02-24,4088.0,4216.0,4072.0,4112.0,8845416120,1713716,154,4096.0,4104.0
3568,2025-02-25,4192.0,4192.0,4040.0,4104.0,5099356000,996662,112,4112.0,4080.0
3569,2025-02-26,4096.0,4112.0,4000.0,4096.0,3208957910,632313,152,4104.0,4088.0
3570,2025-03-01,3984.0,4136.0,3984.0,4064.0,8214426730,1628571,346,4096.0,4000.0
3571,2025-03-02,4056.0,4056.0,4008.0,4056.0,3180523780,631672,68,4064.0,4024.0
3572,2025-03-03,3976.0,4024.0,3936.0,4040.0,1940318480,393828,70,4056.0,3944.0
3573,2025-03-04,4032.0,4080.0,3984.0,4032.0,3526984840,704594,127,4040.0,4016.0
3574,2025-03-05,4048.0,4056.0,3968.0,4032.0,3104409850,616515,77,4032.0,4056.0
3575,2025-03-08,4024.0,4120.0,3912.0,4016.0,2269071220,459836,101,4032.0,3912.0
3576,2025-03-09,3896.0,3968.0,3896.0,3976.0,5255887930,1079155,65,4016.0,3896.0
3577,2025-03-10,3864.0,3872.0,3864.0,3912.0,8456119780,1750531,450,3976.0,3864.0
3578,2025-03-11,3816.0,3912.0,3800.0,3856.0,7664281060,1608158,183,3912.0,3800.0
3579,2025-03-12,3888.0,3928.0,3744.0,3840.0,8062514030,1685553,425,3856.0,3920.0
3580,2025-03-15,3954.0,3955.0,3880.0,3854.0,1837034314,371911,59,3840.0,3920.0
3581,2025-03-16,3962.0,3966.0,3875.0,3862.0,1923202371,392510,169,3854.0,3890.0
3582,2025-03-17,3873.0,3958.0,3843.0,3868.0,2802573956,575569,285,3862.0,3920.0
3583,2025-03-18,3868.0,3868.0,3824.0,3866.0,969267973,201894,157,3868.0,3828.0
3584,2025-03-25,3851.0,3982.0,3851.0,3870.0,607751760,123471,58,3866.0,3960.0
3585,2025-03-26,3874.0,3938.0,3826.0,3870.0,5093670066,1052212,708,3870.0,3926.0
3586,2025-03-29,3906.0,3943.0,3834.0,3869.0,2259308948,468309,802,3870.0,3844.0
3587,2025-03-30,3906.0,3951.0,3834.0,3870.0,3501250033,723043,795,3869.0,3863.0
3588,2025-04-05,3869.0,3920.0,3843.0,3870.0,1113115916,229669,477,3870.0,3882.0
3589,2025-04-06,3870.0,3882.0,3802.0,3866.0,1740748738,363518,355,3870.0,3828.0
3590,2025-04-07,3866.0,3866.0,3810.0,3862.0,1588187386,332153,335,3866.0,3810.0
3591,2025-04-08,3905.0,3912.0,3840.0,3860.0,4597992553,953843,112,3862.0,3840.0
3592,2025-04-09,3912.0,3912.0,3745.0,3855.0,873281480,185043,42,3860.0,3817.0
3593,2025-04-12,3854.0,3908.0,3800.0,3854.0,1946210342,404230,575,3855.0,3841.0
3594,2025-04-13,3935.0,3970.0,3906.0,3903.0,8804577069,1787847,95,3854.0,3968.0
3595,2025-04-14,3970.0,3970.0,3900.0,3917.0,5602218589,1137148,103,3903.0,3904.0
3596,2025-04-15,3917.0,3917.0,3800.0,3879.0,5151914522,1081976,581,3917.0,3800.0
3597,2025-04-16,3912.0,3912.0,3763.0,3821.0,8190384749,1735855,620,3879.0,3763.0
3598,2025-04-19,3820.0,3864.0,3742.0,3808.0,9848330291,2072457,344,3821.0,3816.0
3599,2025-04-20,3904.0,3916.0,3808.0,3856.0,9728806636,2004246,177,3808.0,3888.0
3600,2025-04-21,3921.0,3970.0,3744.0,3859.0,10596125395,2195513,275,3856.0,3800.0
3601,2025-04-22,3810.0,3887.0,3801.0,3838.0,9503951743,1987327,263,3859.0,3801.0
3602,2025-04-23,3838.0,3902.0,3737.0,3819.0,4730275683,1001338,450,3838.0,3808.0
3603,2025-04-26,3910.0,3934.0,3820.0,3858.0,7389668985,1515898,148,3819.0,3934.0
3604,2025-04-27,3860.0,3935.0,3856.0,3872.0,4728865685,969618,82,3858.0,3918.0
3605,2025-04-28,3952.0,3971.0,3880.0,3881.0,4439601104,909854,88,3872.0,3959.0
3606,2025-04-29,3881.0,3997.0,3881.0,3976.0,16891489291,3398600,165,3881.0,3997.0
3607,2025-04-30,4095.0,4095.0,4092.0,4065.0,11993767242,2342994,125,3976.0,4095.0
3608,2025-05-03,4056.0,4056.0,3944.0,4008.0,9177621840,1844636,1580,4065.0,3944.0
3609,2025-05-04,4008.0,4008.0,3888.0,3976.0,6468477770,1315827,366,4008.0,3992.0
3610,2025-05-05,3976.0,4040.0,3872.0,3952.0,7428659530,1513339,184,3976.0,3904.0
3611,2025-05-06,3992.0,4032.0,3928.0,3960.0,5318117050,1072713,110,3952.0,3928.0
3612,2025-05-07,3968.0,4024.0,3920.0,3960.0,7919290030,1598597,197,3960.0,3992.0
3613,2025-05-10,3960.0,4000.0,3853.0,3932.0,6071068926,1247910,796,3960.0,3911.0
3614,2025-05-11,3992.0,3992.0,3893.0,3928.0,4334404237,885207,179,3932.0,3944.0
3615,2025-05-19,4045.0,4045.0,3860.0,3939.0,5306898817,1340784,234,3928.0,4000.0
3616,2025-05-20,3999.0,4053.0,3874.0,3943.0,3351770011,847357,71,3939.0,3907.0
3617,2025-05-21,3943.0,4061.0,3894.0,3973.0,5353739142,1328713,241,3943.0,4061.0
3618,2025-05-24,4092.0,4092.0,4092.0,4054.0,10456512660,2555355,92,3973.0,4092.0
3619,2025-05-25,4174.0,4175.0,4174.0,4155.0,13143609275,3148173,65,4054.0,4175.0
3620,2025-05-26,4279.0,4279.0,4279.0,4256.0,13150278427,3073213,69,4155.0,4279.0
3621,2025-05-27,4383.0,4383.0,4383.0,4362.0,13797166806,3147882,57,4256.0,4383.0
3622,2025-05-28,4492.0,4492.0,4492.0,4477.0,15025268340,3344895,66,4362.0,4492.0
3623,2025-05-31,4611.0,4611.0,4349.0,4544.0,83382003291,18348379,1391,4477.0,4396.0
3624,2025-06-01,4468.0,4468.0,4408.0,4410.0,25013704443,5672585,648,4544.0,4408.0
3625,2025-06-02,4343.0,4399.0,4278.0,4332.0,11651702653,2701697,1173,4410.0,4278.0
3626,2025-06-03,4332.0,4332.0,4207.0,4290.0,6516947008,1537207,979,4332.0,4207.0
3627,2025-06-07,4162.0,4280.0,4162.0,4208.0,9865712774,2366225,1543,4290.0,4162.0
3628,2025-06-08,4199.0,4222.0,4082.0,4155.0,7666169781,1865705,2059,4208.0,4143.0
3629,2025-06-09,4151.0,4190.0,4031.0,4089.0,7878639643,1951350,623,4155.0,4031.0
3630,2025-06-10,4087.0,4127.0,3967.0,4044.0,6856291046,1715313,2114,4089.0,4030.0
3631,2025-06-11,4120.0,4120.0,3923.0,3995.0,7411729729,1875244,1490,4044.0,3965.0
3632,2025-06-28,3876.0,3876.0,3876.0,3876.0,18752588004,4838129,40,3995.0,3876.0
3633,2025-06-29,3760.0,3760.0,3760.0,3793.0,10159617760,2702026,30,3876.0,3760.0
3634,2025-06-30,3680.0,3870.0,3680.0,3700.0,23132237392,6252169,515,3793.0,3738.0
3635,2025-07-01,3589.0,3601.0,3589.0,3687.0,1633811370,455120,49,3700.0,3589.0
3636,2025-07-02,3577.0,3755.0,3577.0,3677.0,3570346276,978844,485,3687.0,3736.0
3637,2025-07-07,3585.0,3764.0,3585.0,3679.0,966294161,260040,55,3677.0,3666.0
3638,2025-07-08,3580.0,3699.0,3569.0,3665.0,1839465661,515183,67,3679.0,3569.0
3639,2025-07-09,3556.0,3556.0,3556.0,3662.0,394755116,111011,19,3665.0,3556.0
3640,2025-07-12,3667.0,3741.0,3655.0,3667.0,9113474883,2483168,822,3662.0,3725.0
