,date,open,high,low,adjClose,value,volume,count,yesterday,close
0,2001-05-13,2.0,2.0,2.0,2.0,50000000,50000,23,2.0,2.0
1,2001-05-16,2.0,2.0,2.0,2.0,1048000,1048,1,2.0,2.0
2,2001-05-21,2.0,2.0,2.0,2.0,36885000,36885,21,2.0,2.0
3,2001-05-23,2.0,2.0,2.0,2.0,10000000,10000,1,2.0,2.0
4,2001-05-27,2.0,2.0,2.0,2.0,30000000,30000,10,2.0,2.0
5,2001-05-28,2.0,2.0,2.0,2.0,154000,154,1,2.0,2.0
6,2001-06-12,2.0,2.0,2.0,2.0,882000,882,3,2.0,2.0
7,2001-07-03,2.0,2.0,2.0,2.0,1100000,1100,4,2.0,2.0
8,2001-07-08,2.0,2.0,2.0,2.0,499000000,499000,165,2.0,2.0
9,2001-07-09,2.0,2.0,2.0,2.0,498000000,498000,198,2.0,2.0
10,2001-07-10,2.0,2.0,2.0,2.0,980000,980,1,2.0,2.0
11,2001-07-11,2.0,2.0,2.0,2.0,910735000,910735,256,2.0,2.0
12,2001-07-14,2.0,2.0,2.0,2.0,209100000,209100,12,2.0,2.0
13,2001-09-02,2.0,2.0,2.0,2.0,1000000,1000,1,2.0,2.0
14,2001-09-22,2.0,2.0,2.0,2.0,15000,15,1,2.0,2.0
15,2001-09-24,2.0,2.0,2.0,2.0,240850000,240850,124,2.0,2.0
16,2001-09-29,2.0,2.0,2.0,2.0,37623000,37623,22,2.0,2.0
17,2001-10-03,2.0,2.0,2.0,2.0,50000,50,1,2.0,2.0
18,2001-10-07,2.0,2.0,2.0,2.0,324730000,324730,10,2.0,2.0
19,2001-10-09,2.0,2.0,2.0,2.0,2000000,2000,2,2.0,2.0
20,2001-10-14,2.0,2.0,2.0,2.0,15400000,15400,17,2.0,2.0
21,2001-10-16,2.0,2.0,2.0,2.0,6680000,6680,2,2.0,2.0
22,2001-10-17,2.0,2.0,2.0,2.0,4000000,4000,2,2.0,2.0
23,2001-10-22,2.0,2.0,2.0,2.0,41010000,41010,13,2.0,2.0
24,2001-10-23,2.0,2.0,2.0,2.0,11182000,11182,9,2.0,2.0
25,2001-10-24,2.0,2.0,2.0,2.0,7170505,7170,6,2.0,2.0
26,2001-10-27,2.0,2.0,2.0,2.0,16253000,16253,5,2.0,2.0
27,2001-10-28,2.0,2.0,2.0,2.0,15750000,15750,15,2.0,2.0
28,2001-10-29,2.0,2.0,2.0,2.0,9009000,9009,12,2.0,2.0
29,2001-10-30,2.0,2.0,2.0,2.0,3000000,3000,2,2.0,2.0
30,2001-11-11,2.0,2.0,2.0,2.0,15000000,15000,11,2.0,2.0
31,2001-11-12,2.0,2.0,2.0,2.0,25000000,25000,14,2.0,2.0
32,2001-11-13,2.0,2.0,2.0,2.0,15000000,15000,11,2.0,2.0
33,2001-11-18,2.0,2.0,2.0,2.0,15000000,15000,10,2.0,2.0
34,2001-11-19,2.0,2.0,2.0,2.0,15000000,15000,8,2.0,2.0
35,2001-11-20,2.0,2.0,2.0,2.0,16170000,16170,14,2.0,2.0
36,2001-11-21,2.0,2.0,2.0,2.0,16588000,16588,16,2.0,2.0
37,2001-11-24,2.0,2.0,2.0,2.0,5000000,5000,3,2.0,2.0
38,2001-11-27,2.0,2.0,2.0,2.0,15000000,15000,9,2.0,2.0
39,2001-11-28,2.0,2.0,2.0,2.0,15000000,15000,12,2.0,2.0
40,2001-12-01,2.0,2.0,2.0,2.0,15000000,15000,13,2.0,2.0
41,2001-12-02,2.0,2.0,2.0,2.0,15000000,15000,14,2.0,2.0
42,2001-12-03,2.0,2.0,2.0,2.0,500000,500,1,2.0,2.0
43,2001-12-04,2.0,2.0,2.0,2.0,15000000,15000,12,2.0,2.0
44,2001-12-05,2.0,2.0,2.0,2.0,15000000,15000,13,2.0,2.0
45,2001-12-08,2.0,2.0,2.0,2.0,15000000,15000,12,2.0,2.0
46,2001-12-09,2.0,2.0,2.0,2.0,15000000,15000,12,2.0,2.0
47,2001-12-11,2.0,2.0,2.0,2.0,60000000,60000,51,2.0,2.0
48,2001-12-12,2.0,2.0,2.0,2.0,23037000,23037,19,2.0,2.0
49,2001-12-17,2.0,2.0,2.0,2.0,17000000,17000,3,2.0,2.0
50,2001-12-18,2.0,2.0,2.0,2.0,15000000,15000,2,2.0,2.0
51,2001-12-19,2.0,2.0,2.0,2.0,130000000,130000,24,2.0,2.0
52,2001-12-22,2.0,2.0,2.0,2.0,18350000,18350,5,2.0,2.0
53,2001-12-23,2.0,2.0,2.0,2.0,15000000,15000,3,2.0,2.0
54,2001-12-25,2.0,2.0,2.0,2.0,115000000,115000,88,2.0,2.0
55,2001-12-26,2.0,2.0,2.0,2.0,280621000,280591,164,2.0,2.0
56,2001-12-29,2.0,2.0,2.0,2.0,509202238,485454,73,2.0,2.0
57,2001-12-30,2.0,2.0,2.0,2.0,196214816,184516,60,2.0,2.0
58,2001-12-31,2.0,2.0,2.0,2.0,996606338,901134,139,2.0,2.0
59,2002-01-01,2.0,2.0,2.0,2.0,115278336,100068,24,2.0,2.0
60,2002-01-02,3.0,3.0,3.0,3.0,126584718,104702,23,2.0,3.0
61,2002-01-05,3.0,3.0,3.0,3.0,1835032374,1446046,232,3.0,3.0
62,2002-01-06,3.0,3.0,3.0,3.0,552451524,432642,118,3.0,3.0
63,2002-01-07,3.0,3.0,3.0,3.0,137639378,107180,43,3.0,3.0
64,2002-01-08,3.0,3.0,3.0,3.0,124582026,98019,45,3.0,3.0
65,2002-01-12,3.0,3.0,3.0,3.0,196643570,156760,66,3.0,3.0
66,2002-01-13,3.0,3.0,3.0,3.0,156798660,123192,42,3.0,3.0
67,2002-01-14,3.0,3.0,3.0,3.0,204261118,160975,64,3.0,3.0
68,2002-01-15,3.0,3.0,3.0,3.0,48639020,38416,13,3.0,3.0
69,2002-01-16,3.0,3.0,3.0,3.0,20825971,16535,9,3.0,3.0
70,2002-01-19,3.0,3.0,3.0,3.0,80373019,64791,28,3.0,3.0
71,2002-01-20,3.0,3.0,3.0,3.0,169250281,136340,49,3.0,3.0
72,2002-01-21,3.0,3.0,3.0,3.0,179832835,145489,40,3.0,3.0
73,2002-01-22,3.0,3.0,3.0,3.0,109176520,88806,24,3.0,3.0
74,2002-01-23,3.0,3.0,3.0,3.0,88725694,71402,25,3.0,3.0
75,2002-01-26,3.0,3.0,3.0,3.0,4111800,3300,2,3.0,3.0
76,2002-01-27,3.0,3.0,3.0,3.0,52757000,43000,14,3.0,3.0
77,2002-01-28,3.0,3.0,3.0,3.0,366864799,298785,75,3.0,3.0
78,2002-01-29,3.0,3.0,3.0,3.0,26797500,21858,14,3.0,3.0
79,2002-01-30,3.0,3.0,3.0,3.0,107763940,84410,42,3.0,3.0
80,2002-02-02,3.0,3.0,3.0,3.0,61734229,48941,23,3.0,3.0
81,2002-02-03,3.0,3.0,3.0,3.0,46224986,36413,28,3.0,3.0
82,2002-02-04,3.0,3.0,3.0,3.0,186197016,143456,62,3.0,3.0
83,2002-02-05,3.0,3.0,3.0,3.0,109789478,85000,32,3.0,3.0
84,2002-02-06,3.0,3.0,3.0,3.0,61996851,48010,37,3.0,3.0
85,2002-02-09,3.0,3.0,3.0,3.0,217602826,167240,37,3.0,3.0
86,2002-02-10,3.0,3.0,3.0,3.0,136000960,104280,24,3.0,3.0
87,2002-02-12,3.0,3.0,3.0,3.0,89862351,68622,28,3.0,3.0
88,2002-02-13,3.0,3.0,3.0,3.0,361240900,273300,46,3.0,3.0
89,2002-02-16,3.0,3.0,3.0,3.0,98095501,74045,29,3.0,3.0
90,2002-02-17,3.0,3.0,3.0,3.0,205909039,153179,37,3.0,3.0
91,2002-02-18,3.0,3.0,3.0,3.0,907771300,665400,119,3.0,3.0
92,2002-02-19,3.0,3.0,3.0,3.0,809810272,589491,123,3.0,3.0
93,2002-02-20,3.0,3.0,3.0,3.0,655026800,459100,86,3.0,3.0
94,2002-02-24,3.0,3.0,3.0,3.0,1387615495,950420,184,3.0,3.0
95,2002-02-25,3.0,3.0,3.0,3.0,812688740,572032,106,3.0,3.0
96,2002-02-26,3.0,3.0,3.0,3.0,807667877,570792,165,3.0,3.0
97,2002-02-27,3.0,3.0,3.0,3.0,334312115,239541,50,3.0,3.0
98,2002-03-02,3.0,3.0,3.0,3.0,40560230,30625,16,3.0,3.0
99,2002-03-04,3.0,3.0,3.0,3.0,158013241,118872,42,3.0,3.0
100,2002-03-05,3.0,3.0,3.0,3.0,57430464,42877,15,3.0,3.0
101,2002-03-06,3.0,3.0,3.0,3.0,809522521,598924,96,3.0,3.0
102,2002-03-09,3.0,3.0,3.0,3.0,61478584,45930,27,3.0,3.0
103,2002-03-10,3.0,3.0,3.0,3.0,81094675,61533,25,3.0,3.0
104,2002-03-11,3.0,3.0,3.0,3.0,45825618,35035,18,3.0,3.0
105,2002-03-12,3.0,3.0,3.0,3.0,69246699,53300,24,3.0,3.0
106,2002-03-13,3.0,3.0,3.0,3.0,30787300,23870,12,3.0,3.0
107,2002-03-16,3.0,3.0,3.0,3.0,79223624,62696,25,3.0,3.0
108,2002-03-17,3.0,3.0,3.0,3.0,98131249,78065,31,3.0,3.0
109,2002-03-18,3.0,3.0,3.0,3.0,26293960,21355,11,3.0,3.0
110,2002-03-19,3.0,3.0,3.0,3.0,36021203,28893,12,3.0,3.0
111,2002-03-26,3.0,3.0,3.0,3.0,9437600,7520,3,3.0,3.0
112,2002-03-27,3.0,3.0,3.0,3.0,8398342,6932,3,3.0,3.0
113,2002-03-30,3.0,3.0,3.0,3.0,54975348,45000,13,3.0,3.0
114,2002-03-31,3.0,3.0,3.0,3.0,30803496,25064,22,3.0,3.0
115,2002-04-03,3.0,3.0,3.0,3.0,11878360,9420,9,3.0,3.0
116,2002-04-07,3.0,3.0,3.0,3.0,28907400,22028,11,3.0,3.0
117,2002-04-08,3.0,3.0,3.0,3.0,116033300,85958,28,3.0,3.0
118,2002-04-09,3.0,3.0,3.0,3.0,76877000,57400,22,3.0,3.0
119,2002-04-10,3.0,3.0,3.0,3.0,15671092,12252,4,3.0,3.0
120,2002-04-13,3.0,3.0,3.0,3.0,62106480,48924,21,3.0,3.0
121,2002-04-14,3.0,3.0,3.0,3.0,94415805,73334,29,3.0,3.0
122,2002-04-15,3.0,3.0,3.0,3.0,49942100,38417,17,3.0,3.0
123,2002-04-16,3.0,3.0,3.0,3.0,81197400,62488,23,3.0,3.0
124,2002-04-17,3.0,3.0,3.0,3.0,80298825,61832,16,3.0,3.0
125,2002-04-20,3.0,3.0,3.0,3.0,177107811,139176,45,3.0,3.0
126,2002-04-21,3.0,3.0,3.0,3.0,198547963,155394,39,3.0,3.0
127,2002-04-22,3.0,3.0,3.0,3.0,194522463,150871,39,3.0,3.0
128,2002-04-23,3.0,3.0,3.0,3.0,148438847,110963,31,3.0,3.0
129,2002-04-24,3.0,3.0,3.0,3.0,160851472,116503,36,3.0,3.0
130,2002-04-27,3.0,3.0,3.0,3.0,66644818,48764,18,3.0,3.0
131,2002-04-28,3.0,3.0,3.0,3.0,185936020,141828,55,3.0,3.0
132,2002-04-29,3.0,3.0,3.0,3.0,162087853,124613,40,3.0,3.0
133,2002-04-30,3.0,3.0,3.0,3.0,181561664,139853,58,3.0,3.0
134,2002-05-01,3.0,3.0,3.0,3.0,327216044,253799,60,3.0,3.0
135,2002-05-04,3.0,3.0,3.0,3.0,162094971,125841,45,3.0,3.0
136,2002-05-05,3.0,3.0,3.0,3.0,525445218,408108,74,3.0,3.0
137,2002-05-06,3.0,3.0,3.0,3.0,161769050,126522,40,3.0,3.0
138,2002-05-07,3.0,3.0,3.0,3.0,87758180,67717,20,3.0,3.0
139,2002-05-08,3.0,3.0,3.0,3.0,159056075,122138,27,3.0,3.0
140,2002-05-12,3.0,3.0,3.0,3.0,34959660,26452,17,3.0,3.0
141,2002-05-14,3.0,3.0,3.0,3.0,92728428,70937,31,3.0,3.0
142,2002-05-15,3.0,3.0,3.0,3.0,99738986,76060,37,3.0,3.0
143,2002-05-18,3.0,3.0,3.0,3.0,101439081,77548,33,3.0,3.0
144,2002-05-19,3.0,3.0,3.0,3.0,108960542,83706,21,3.0,3.0
145,2002-05-20,3.0,3.0,3.0,3.0,128897943,98147,40,3.0,3.0
146,2002-05-21,3.0,3.0,3.0,3.0,59499355,44805,11,3.0,3.0
147,2002-05-22,3.0,3.0,3.0,3.0,38621252,29432,18,3.0,3.0
148,2002-05-25,3.0,3.0,3.0,3.0,65912677,49704,23,3.0,3.0
149,2002-05-26,3.0,3.0,3.0,3.0,40536224,30226,25,3.0,3.0
150,2002-05-27,3.0,3.0,3.0,3.0,127651490,94717,28,3.0,3.0
151,2002-05-28,3.0,3.0,3.0,3.0,121301165,88745,25,3.0,3.0
152,2002-05-29,3.0,3.0,3.0,3.0,228698850,163365,41,3.0,3.0
153,2002-06-01,3.0,3.0,3.0,3.0,415278245,295933,74,3.0,3.0
154,2002-06-02,3.0,3.0,3.0,3.0,180240487,129593,41,3.0,3.0
155,2002-06-03,3.0,3.0,3.0,3.0,57647505,41233,17,3.0,3.0
156,2002-06-08,3.0,3.0,3.0,3.0,86442610,62100,18,3.0,3.0
157,2002-06-09,3.0,3.0,3.0,3.0,36980276,26796,17,3.0,3.0
158,2002-06-10,3.0,3.0,3.0,3.0,60592680,43919,18,3.0,3.0
159,2002-06-11,3.0,3.0,3.0,3.0,15507220,11204,9,3.0,3.0
160,2002-06-12,3.0,3.0,3.0,3.0,109508682,78474,28,3.0,3.0
161,2002-06-15,3.0,3.0,3.0,3.0,418488010,295625,62,3.0,3.0
162,2002-06-16,3.0,3.0,3.0,3.0,499093128,335070,77,3.0,3.0
163,2002-06-17,3.0,3.0,3.0,3.0,103838176,68017,27,3.0,3.0
164,2002-06-18,3.0,3.0,3.0,3.0,201962410,128100,32,3.0,3.0
165,2002-06-19,3.0,3.0,3.0,3.0,375502163,238262,65,3.0,3.0
166,2002-06-22,3.0,3.0,3.0,3.0,78862685,52190,11,3.0,3.0
167,2002-06-23,3.0,3.0,3.0,3.0,39606280,27286,22,3.0,3.0
168,2002-06-24,3.0,3.0,3.0,3.0,134053958,92766,29,3.0,3.0
169,2002-06-25,3.0,3.0,3.0,3.0,426373042,291106,69,3.0,3.0
170,2002-06-26,3.0,3.0,3.0,3.0,239090835,158474,45,3.0,3.0
171,2002-06-29,3.0,3.0,3.0,3.0,30712564,20655,6,3.0,3.0
172,2002-06-30,3.0,3.0,3.0,3.0,111861467,74300,24,3.0,3.0
173,2002-07-01,3.0,3.0,3.0,3.0,35032906,22902,10,3.0,3.0
174,2002-07-02,3.0,3.0,3.0,3.0,58924498,37425,16,3.0,3.0
175,2002-07-03,3.0,3.0,3.0,3.0,30717500,19300,8,3.0,3.0
176,2002-07-06,3.0,3.0,3.0,3.0,32106420,19730,9,3.0,3.0
177,2002-07-07,3.0,4.0,3.0,4.0,59238905,35351,13,3.0,4.0
178,2002-07-08,4.0,4.0,4.0,4.0,241065907,138856,36,4.0,4.0
179,2002-07-09,4.0,4.0,4.0,4.0,61401605,36194,18,4.0,4.0
180,2002-07-10,4.0,4.0,4.0,4.0,136807512,80907,24,4.0,4.0
181,2002-07-13,4.0,4.0,4.0,4.0,174455720,103010,37,4.0,4.0
182,2002-07-14,4.0,4.0,4.0,4.0,143979100,81011,32,4.0,4.0
183,2002-07-15,4.0,4.0,4.0,4.0,174640287,99565,29,4.0,4.0
184,2002-07-16,4.0,4.0,4.0,4.0,637171034,380550,77,4.0,4.0
185,2002-07-28,3.0,3.0,3.0,3.0,66908000,42000,12,4.0,3.0
186,2002-07-29,4.0,4.0,4.0,4.0,310689144,184824,32,3.0,4.0
187,2002-07-30,4.0,4.0,3.0,4.0,190630185,113170,42,4.0,4.0
188,2002-07-31,4.0,4.0,4.0,4.0,584169880,345560,63,4.0,4.0
189,2002-08-03,4.0,4.0,4.0,4.0,150267250,84680,17,4.0,4.0
190,2002-08-04,4.0,4.0,4.0,4.0,96675418,51460,21,4.0,4.0
191,2002-08-05,4.0,4.0,4.0,4.0,157093290,88590,18,4.0,4.0
192,2002-08-06,3.0,3.0,3.0,3.0,103983365,63573,19,4.0,3.0
193,2002-08-07,3.0,3.0,3.0,3.0,105358692,64928,28,3.0,3.0
194,2002-08-10,3.0,3.0,3.0,3.0,142507820,88341,18,3.0,3.0
195,2002-08-11,3.0,3.0,3.0,3.0,183904228,114083,28,3.0,3.0
196,2002-08-13,3.0,4.0,3.0,4.0,429150163,257398,54,3.0,4.0
197,2002-08-14,4.0,4.0,4.0,4.0,48993497,28651,11,4.0,4.0
198,2002-08-17,4.0,4.0,4.0,4.0,129078209,75444,29,4.0,4.0
199,2002-08-18,4.0,4.0,3.0,4.0,26450038,15662,7,4.0,4.0
200,2002-08-19,4.0,4.0,4.0,4.0,76170000,45200,8,4.0,4.0
201,2002-08-21,4.0,4.0,4.0,4.0,272280664,159582,51,4.0,4.0
202,2002-08-24,4.0,4.0,3.0,3.0,183207020,110626,25,4.0,3.0
203,2002-08-25,3.0,4.0,3.0,4.0,47151282,28382,15,3.0,4.0
204,2002-08-26,4.0,4.0,4.0,4.0,22521800,13539,10,4.0,4.0
205,2002-08-27,3.0,3.0,3.0,3.0,98860123,59683,19,4.0,3.0
206,2002-08-28,3.0,3.0,3.0,3.0,101787440,61622,16,3.0,3.0
207,2002-08-31,3.0,3.0,3.0,3.0,40626615,24785,8,3.0,3.0
208,2002-09-01,3.0,3.0,3.0,3.0,94504500,57970,17,3.0,3.0
209,2002-09-02,3.0,3.0,3.0,3.0,54750600,34337,16,3.0,3.0
210,2002-09-03,3.0,3.0,3.0,3.0,60728700,37983,16,3.0,3.0
211,2002-09-04,3.0,3.0,3.0,3.0,29290040,18538,12,3.0,3.0
212,2002-09-07,3.0,3.0,3.0,3.0,228830480,144800,37,3.0,3.0
213,2002-09-08,3.0,3.0,3.0,3.0,92329060,57969,19,3.0,3.0
214,2002-09-09,3.0,3.0,3.0,3.0,48689096,31308,5,3.0,3.0
215,2002-09-10,3.0,3.0,3.0,3.0,76700890,49687,11,3.0,3.0
216,2002-09-11,3.0,3.0,3.0,3.0,64122142,40706,14,3.0,3.0
217,2002-09-14,3.0,3.0,3.0,3.0,118514265,74828,19,3.0,3.0
218,2002-09-16,3.0,3.0,3.0,3.0,28537120,18230,9,3.0,3.0
219,2002-09-17,3.0,3.0,3.0,3.0,40798780,26944,15,3.0,3.0
220,2002-09-18,3.0,3.0,3.0,3.0,73909138,47351,25,3.0,3.0
221,2002-09-22,3.0,3.0,3.0,3.0,60783624,38131,14,3.0,3.0
222,2002-09-23,3.0,3.0,3.0,3.0,14993191,9246,10,3.0,3.0
223,2002-09-24,3.0,3.0,3.0,3.0,21232809,13229,7,3.0,3.0
224,2002-09-25,3.0,3.0,3.0,3.0,5472320,3490,1,3.0,3.0
225,2002-09-28,3.0,3.0,3.0,3.0,20247852,12969,10,3.0,3.0
226,2002-09-29,3.0,3.0,3.0,3.0,79910311,51050,19,3.0,3.0
227,2002-09-30,3.0,3.0,3.0,3.0,21140700,13510,2,3.0,3.0
228,2002-10-01,3.0,3.0,3.0,3.0,7862000,5000,3,3.0,3.0
229,2002-10-02,3.0,3.0,3.0,3.0,14405000,9000,4,3.0,3.0
230,2002-10-06,3.0,3.0,3.0,3.0,19951065,12363,11,3.0,3.0
231,2002-10-07,3.0,3.0,3.0,3.0,39506863,24289,14,3.0,3.0
232,2002-10-08,3.0,3.0,3.0,3.0,4000000,2500,1,3.0,3.0
233,2002-10-09,3.0,3.0,3.0,3.0,86565848,55551,14,3.0,3.0
234,2002-10-13,3.0,3.0,3.0,3.0,95882550,63770,15,3.0,3.0
235,2002-10-14,3.0,3.0,3.0,3.0,146062000,102400,19,3.0,3.0
236,2002-10-15,3.0,3.0,3.0,3.0,39203010,27810,11,3.0,3.0
237,2002-10-16,3.0,3.0,3.0,3.0,282838689,201717,39,3.0,3.0
238,2002-11-10,3.0,3.0,3.0,3.0,8805000,5900,2,3.0,3.0
239,2002-11-11,3.0,3.0,3.0,3.0,67208900,43278,40,3.0,3.0
240,2002-11-12,3.0,3.0,3.0,3.0,114272085,71059,35,3.0,3.0
241,2002-11-13,3.0,3.0,3.0,3.0,148731823,95119,31,3.0,3.0
242,2002-11-16,3.0,3.0,3.0,3.0,39984635,25640,12,3.0,3.0
243,2002-11-17,3.0,3.0,3.0,3.0,114701100,71875,18,3.0,3.0
244,2002-11-18,3.0,3.0,3.0,3.0,52698011,32945,14,3.0,3.0
245,2002-11-19,3.0,3.0,3.0,3.0,59244856,38186,10,3.0,3.0
246,2002-11-20,3.0,3.0,3.0,3.0,35398740,22844,11,3.0,3.0
247,2002-11-23,3.0,3.0,3.0,3.0,131894224,82586,18,3.0,3.0
248,2002-11-24,3.0,3.0,3.0,3.0,84466069,52142,11,3.0,3.0
249,2002-11-25,3.0,4.0,3.0,4.0,48923506,28873,10,3.0,4.0
250,2002-11-26,4.0,4.0,4.0,4.0,90218272,52374,19,4.0,4.0
251,2002-11-30,4.0,4.0,4.0,4.0,27482734,16316,8,4.0,4.0
252,2002-12-01,4.0,4.0,4.0,4.0,81912459,48727,14,4.0,4.0
253,2002-12-02,4.0,4.0,4.0,4.0,7177831,4270,7,4.0,4.0
254,2002-12-03,4.0,4.0,4.0,4.0,64762893,37879,11,4.0,4.0
255,2002-12-04,4.0,4.0,4.0,4.0,72050190,42461,14,4.0,4.0
256,2002-12-07,3.0,4.0,3.0,3.0,48591950,29525,6,4.0,3.0
257,2002-12-08,3.0,3.0,3.0,3.0,1620000,1000,1,3.0,3.0
258,2002-12-09,3.0,3.0,3.0,3.0,51832500,32370,11,3.0,3.0
259,2002-12-10,3.0,3.0,3.0,3.0,2189442,1386,4,3.0,3.0
260,2002-12-11,3.0,3.0,3.0,3.0,19716327,12600,10,3.0,3.0
261,2002-12-14,3.0,3.0,3.0,3.0,37898824,24188,15,3.0,3.0
262,2002-12-15,3.0,3.0,3.0,3.0,18154800,11450,4,3.0,3.0
263,2002-12-16,3.0,3.0,3.0,3.0,27138040,16727,11,3.0,3.0
264,2002-12-17,3.0,4.0,3.0,3.0,84204950,50681,13,3.0,3.0
265,2002-12-18,3.0,3.0,3.0,3.0,44106880,26759,13,3.0,3.0
266,2002-12-21,3.0,3.0,3.0,3.0,36786700,23150,11,3.0,3.0
267,2002-12-22,3.0,3.0,3.0,3.0,150347080,98748,21,3.0,3.0
268,2002-12-23,3.0,3.0,3.0,3.0,81272091,54000,10,3.0,3.0
269,2002-12-24,3.0,3.0,3.0,3.0,106842154,69909,25,3.0,3.0
270,2002-12-25,3.0,3.0,3.0,3.0,128315541,83110,23,3.0,3.0
271,2002-12-28,3.0,3.0,3.0,3.0,51005060,33149,13,3.0,3.0
272,2002-12-29,3.0,3.0,3.0,3.0,22615678,14700,7,3.0,3.0
273,2002-12-31,3.0,3.0,3.0,3.0,32550690,21273,7,3.0,3.0
274,2003-01-01,3.0,3.0,3.0,3.0,66274600,43419,13,3.0,3.0
275,2003-01-04,3.0,3.0,3.0,3.0,35508180,23662,8,3.0,3.0
276,2003-01-05,3.0,3.0,3.0,3.0,378302100,252374,45,3.0,3.0
277,2003-01-06,3.0,3.0,3.0,3.0,48031020,31110,8,3.0,3.0
278,2003-01-07,3.0,3.0,3.0,3.0,246084700,162530,29,3.0,3.0
279,2003-01-08,3.0,3.0,3.0,3.0,4546000,3000,2,3.0,3.0
280,2003-01-11,3.0,3.0,3.0,3.0,107069333,70750,14,3.0,3.0
281,2003-01-12,3.0,3.0,3.0,3.0,115685060,76932,20,3.0,3.0
282,2003-01-13,3.0,3.0,3.0,3.0,15902596,10596,12,3.0,3.0
283,2003-01-14,3.0,3.0,3.0,3.0,8790000,5860,4,3.0,3.0
284,2003-01-15,3.0,3.0,3.0,3.0,22543000,15000,5,3.0,3.0
285,2003-01-19,3.0,3.0,3.0,3.0,45470200,30000,7,3.0,3.0
286,2003-01-20,3.0,3.0,3.0,3.0,138545500,92423,21,3.0,3.0
287,2003-01-21,3.0,3.0,3.0,3.0,129149675,88385,19,3.0,3.0
288,2003-01-22,3.0,3.0,3.0,3.0,16742337,11200,9,3.0,3.0
289,2003-01-25,3.0,3.0,3.0,3.0,38089900,25152,9,3.0,3.0
290,2003-01-26,3.0,3.0,3.0,3.0,108958500,72379,25,3.0,3.0
291,2003-01-27,3.0,3.0,3.0,3.0,41796504,27976,8,3.0,3.0
292,2003-01-28,3.0,3.0,3.0,3.0,41937174,27891,10,3.0,3.0
293,2003-01-29,3.0,3.0,3.0,3.0,32001000,21334,4,3.0,3.0
294,2003-02-01,3.0,3.0,3.0,3.0,36026032,24262,5,3.0,3.0
295,2003-02-02,3.0,3.0,3.0,3.0,69455600,47900,15,3.0,3.0
296,2003-02-03,3.0,3.0,3.0,3.0,45969340,32490,10,3.0,3.0
297,2003-02-04,3.0,3.0,3.0,3.0,87105325,60745,21,3.0,3.0
298,2003-02-05,3.0,3.0,3.0,3.0,68927984,46797,14,3.0,3.0
299,2003-02-08,3.0,3.0,3.0,3.0,11300900,7702,7,3.0,3.0
300,2003-02-09,3.0,3.0,3.0,3.0,61293364,42042,18,3.0,3.0
301,2003-02-10,3.0,3.0,3.0,3.0,83089000,58800,16,3.0,3.0
302,2003-02-15,3.0,3.0,3.0,3.0,12891600,9200,5,3.0,3.0
303,2003-02-16,3.0,3.0,3.0,3.0,189901465,131015,22,3.0,3.0
304,2003-02-17,3.0,3.0,3.0,3.0,8103175,5550,8,3.0,3.0
305,2003-02-18,3.0,3.0,3.0,3.0,53111035,36351,8,3.0,3.0
306,2003-02-19,3.0,3.0,3.0,3.0,38000350,26000,8,3.0,3.0
307,2003-02-22,3.0,3.0,3.0,3.0,5720000,4000,2,3.0,3.0
308,2003-02-23,3.0,3.0,3.0,3.0,141824000,99000,20,3.0,3.0
309,2003-02-25,3.0,3.0,3.0,3.0,38124900,27200,9,3.0,3.0
310,2003-02-26,3.0,3.0,3.0,3.0,16016260,11502,6,3.0,3.0
311,2003-03-01,3.0,3.0,3.0,3.0,310737291,224779,28,3.0,3.0
312,2003-03-02,3.0,3.0,3.0,3.0,517767020,367092,43,3.0,3.0
313,2003-03-03,3.0,3.0,3.0,3.0,79008000,53000,9,3.0,3.0
314,2003-03-04,3.0,3.0,3.0,3.0,5699330,3915,4,3.0,3.0
315,2003-03-05,3.0,3.0,3.0,3.0,5160300,3600,4,3.0,3.0
316,2003-03-08,3.0,3.0,3.0,3.0,159350710,112590,24,3.0,3.0
317,2003-03-09,3.0,3.0,3.0,3.0,123005500,87700,17,3.0,3.0
318,2003-03-10,3.0,3.0,3.0,3.0,15666000,11190,8,3.0,3.0
319,2003-03-11,3.0,3.0,3.0,3.0,82857800,57512,14,3.0,3.0
320,2003-03-12,3.0,3.0,3.0,3.0,56615200,39105,9,3.0,3.0
321,2003-03-15,3.0,3.0,3.0,3.0,20472000,14000,3,3.0,3.0
322,2003-03-16,3.0,3.0,3.0,3.0,125464578,84202,19,3.0,3.0
323,2003-03-17,3.0,3.0,3.0,3.0,1005405,691,2,3.0,3.0
324,2003-03-19,3.0,3.0,3.0,3.0,3000000,2000,1,3.0,3.0
325,2003-03-29,3.0,3.0,3.0,3.0,94577554,57404,16,3.0,3.0
326,2003-03-30,3.0,3.0,3.0,3.0,57029000,35680,15,3.0,3.0
327,2003-03-31,3.0,3.0,3.0,3.0,112895000,70000,16,3.0,3.0
328,2003-04-05,3.0,3.0,3.0,3.0,22464840,13658,14,3.0,3.0
329,2003-04-06,3.0,4.0,3.0,3.0,147030610,88955,29,3.0,3.0
330,2003-04-07,3.0,3.0,3.0,3.0,79074344,47917,17,3.0,3.0
331,2003-04-08,3.0,3.0,3.0,3.0,59725000,36260,11,3.0,3.0
332,2003-04-09,3.0,3.0,3.0,3.0,138024010,86182,29,3.0,3.0
333,2003-04-12,3.0,3.0,3.0,3.0,173834400,110309,21,3.0,3.0
334,2003-04-13,3.0,3.0,3.0,3.0,144702230,88054,31,3.0,3.0
335,2003-04-14,3.0,3.0,3.0,3.0,21626760,13252,7,3.0,3.0
336,2003-04-15,3.0,3.0,3.0,3.0,354980000,221500,31,3.0,3.0
337,2003-04-16,3.0,3.0,3.0,3.0,591356272,376088,57,3.0,3.0
338,2003-04-19,3.0,3.0,3.0,3.0,203172596,127534,32,3.0,3.0
339,2003-04-20,3.0,3.0,3.0,3.0,22503020,14220,8,3.0,3.0
340,2003-04-21,3.0,3.0,3.0,3.0,196675750,122572,28,3.0,3.0
341,2003-04-22,3.0,4.0,3.0,4.0,90646840,54540,21,3.0,4.0
342,2003-04-26,4.0,4.0,3.0,4.0,47226787,28289,12,4.0,4.0
343,2003-04-27,4.0,4.0,4.0,4.0,61137726,36272,23,4.0,4.0
344,2003-04-28,4.0,4.0,4.0,4.0,440932120,250276,55,4.0,4.0
345,2003-04-29,4.0,4.0,4.0,4.0,188487759,107815,26,4.0,4.0
346,2003-04-30,4.0,4.0,4.0,4.0,126641157,70883,33,4.0,4.0
347,2003-05-03,4.0,4.0,4.0,4.0,29137000,16320,4,4.0,4.0
348,2003-05-04,4.0,4.0,4.0,4.0,76259740,41300,20,4.0,4.0
349,2003-05-05,4.0,4.0,4.0,4.0,107836320,58234,18,4.0,4.0
350,2003-05-06,4.0,4.0,4.0,4.0,42239500,22225,9,4.0,4.0
351,2003-05-07,4.0,4.0,4.0,4.0,627454641,308977,71,4.0,4.0
352,2003-05-10,4.0,4.0,4.0,4.0,133080288,64874,14,4.0,4.0
353,2003-05-11,4.0,4.0,4.0,4.0,80113000,40220,14,4.0,4.0
354,2003-05-12,4.0,4.0,4.0,4.0,307432544,152809,55,4.0,4.0
355,2003-05-13,4.0,4.0,4.0,4.0,87360913,43173,15,4.0,4.0
356,2003-05-14,4.0,4.0,4.0,4.0,210502005,103851,33,4.0,4.0
357,2003-05-17,4.0,4.0,4.0,4.0,63261329,31937,9,4.0,4.0
358,2003-05-18,4.0,4.0,4.0,4.0,60418942,30100,7,4.0,4.0
359,2003-05-20,4.0,4.0,4.0,4.0,11341120,5798,5,4.0,4.0
360,2003-05-21,4.0,4.0,4.0,4.0,263628284,133416,44,4.0,4.0
361,2003-05-24,4.0,4.0,4.0,4.0,171939030,85819,26,4.0,4.0
362,2003-05-25,4.0,4.0,4.0,4.0,278605880,135488,27,4.0,4.0
363,2003-05-26,4.0,5.0,4.0,5.0,537612830,252635,63,4.0,5.0
364,2003-05-27,5.0,5.0,5.0,5.0,25573960,11690,9,5.0,5.0
365,2003-05-28,5.0,5.0,5.0,5.0,255569000,114404,22,5.0,5.0
366,2003-05-31,5.0,5.0,5.0,5.0,162848195,72300,18,5.0,5.0
367,2003-06-01,5.0,5.0,5.0,5.0,179595342,79816,21,5.0,5.0
368,2003-06-02,5.0,5.0,4.0,4.0,59607420,27670,17,5.0,4.0
369,2003-06-03,4.0,5.0,4.0,5.0,584945180,273884,60,4.0,5.0
370,2003-06-07,4.0,5.0,4.0,5.0,192900000,90000,15,5.0,5.0
371,2003-06-08,4.0,4.0,4.0,4.0,232088600,109640,25,5.0,4.0
372,2003-06-09,4.0,4.0,4.0,4.0,79889644,38373,22,4.0,4.0
373,2003-06-10,4.0,4.0,4.0,4.0,29017300,14460,7,4.0,4.0
374,2003-06-11,4.0,4.0,4.0,4.0,194759829,100715,21,4.0,4.0
375,2003-06-14,4.0,4.0,4.0,4.0,166647500,87375,23,4.0,4.0
376,2003-06-15,4.0,4.0,4.0,4.0,319769772,176280,63,4.0,4.0
377,2003-06-16,4.0,4.0,4.0,4.0,120088257,63528,37,4.0,4.0
378,2003-06-17,4.0,4.0,4.0,4.0,283614710,143182,38,4.0,4.0
379,2003-06-18,4.0,4.0,4.0,4.0,105155000,52600,10,4.0,4.0
380,2003-06-21,4.0,4.0,4.0,4.0,54654354,27215,13,4.0,4.0
381,2003-06-22,4.0,4.0,4.0,4.0,193312071,95887,18,4.0,4.0
382,2003-06-23,4.0,4.0,4.0,4.0,104469340,51972,14,4.0,4.0
383,2003-06-24,4.0,4.0,4.0,4.0,71712288,35602,19,4.0,4.0
384,2003-06-25,4.0,4.0,4.0,4.0,67068456,33678,12,4.0,4.0
385,2003-06-28,4.0,4.0,4.0,4.0,93201504,46580,22,4.0,4.0
386,2003-06-29,4.0,4.0,4.0,4.0,177949704,89000,14,4.0,4.0
387,2003-06-30,4.0,4.0,4.0,4.0,180667586,90202,20,4.0,4.0
388,2003-07-01,4.0,4.0,4.0,4.0,103046767,49767,24,4.0,4.0
389,2003-07-02,4.0,4.0,4.0,4.0,29760568,14301,5,4.0,4.0
390,2003-07-05,4.0,5.0,4.0,5.0,111962620,50869,20,4.0,5.0
391,2003-07-06,5.0,5.0,5.0,5.0,398398180,178962,37,5.0,5.0
392,2003-07-07,5.0,5.0,5.0,5.0,788485154,339905,84,5.0,5.0
393,2003-07-08,5.0,5.0,5.0,5.0,298087452,127062,19,5.0,5.0
394,2003-07-09,5.0,5.0,5.0,5.0,53080864,22625,10,5.0,5.0
395,2003-07-12,5.0,5.0,5.0,5.0,314769434,139052,36,5.0,5.0
396,2003-07-13,5.0,5.0,5.0,5.0,68889486,31107,25,5.0,5.0
397,2003-07-14,5.0,5.0,5.0,5.0,1776900428,802603,125,5.0,5.0
398,2003-08-04,5.0,5.0,5.0,5.0,294757298,133586,32,5.0,5.0
399,2003-08-05,4.0,4.0,4.0,4.0,21105500,10500,2,5.0,4.0
400,2003-08-06,5.0,5.0,5.0,5.0,3457710870,1571778,180,4.0,5.0
401,2003-08-09,5.0,5.0,5.0,5.0,63269800,28759,22,5.0,5.0
402,2003-08-10,5.0,5.0,5.0,5.0,54667800,24849,26,5.0,5.0
403,2003-08-11,5.0,5.0,5.0,5.0,739303400,336047,56,5.0,5.0
404,2003-08-12,5.0,5.0,5.0,5.0,11638000,5290,9,5.0,5.0
405,2003-08-13,5.0,5.0,5.0,5.0,16570400,7532,7,5.0,5.0
406,2003-08-16,5.0,5.0,5.0,5.0,35640000,16200,8,5.0,5.0
407,2003-08-17,5.0,5.0,5.0,5.0,10575400,4807,9,5.0,5.0
408,2003-08-18,5.0,5.0,5.0,5.0,14436400,6562,9,5.0,5.0
409,2003-08-19,5.0,5.0,5.0,5.0,6160000,2800,5,5.0,5.0
410,2003-08-20,5.0,5.0,5.0,5.0,35573890,15400,7,5.0,5.0
411,2003-08-23,5.0,5.0,5.0,5.0,11757790,5090,6,5.0,5.0
412,2003-08-24,5.0,5.0,5.0,5.0,5599330,2424,3,5.0,5.0
413,2003-08-25,5.0,5.0,5.0,5.0,5086510,2202,3,5.0,5.0
414,2003-08-26,5.0,5.0,5.0,5.0,5968930,2584,5,5.0,5.0
415,2003-08-27,5.0,5.0,5.0,5.0,5890390,2550,8,5.0,5.0
416,2003-08-30,5.0,5.0,5.0,5.0,368329500,159450,27,5.0,5.0
417,2003-08-31,5.0,5.0,5.0,5.0,394135250,162530,30,5.0,5.0
418,2003-09-01,5.0,5.0,5.0,5.0,411942800,161800,32,5.0,5.0
419,2003-09-02,6.0,6.0,5.0,5.0,2377700,890,2,5.0,5.0
420,2003-09-03,6.0,6.0,6.0,6.0,505515087,189119,56,5.0,6.0
421,2003-09-06,6.0,6.0,6.0,6.0,4782428296,1704467,248,6.0,6.0
422,2003-09-07,6.0,6.0,6.0,6.0,1514189161,544950,127,6.0,6.0
423,2003-09-08,6.0,6.0,6.0,6.0,344440237,123082,43,6.0,6.0
424,2003-09-09,6.0,6.0,6.0,6.0,638640299,220529,62,6.0,6.0
425,2003-09-13,6.0,6.0,6.0,6.0,805127058,286017,56,6.0,6.0
426,2003-09-14,6.0,6.0,6.0,6.0,319723400,119500,33,6.0,6.0
427,2003-09-15,6.0,6.0,6.0,6.0,925970576,344284,79,6.0,6.0
428,2003-09-16,6.0,6.0,6.0,6.0,55573170,20677,9,6.0,6.0
429,2003-09-17,6.0,6.0,6.0,6.0,474459552,168629,41,6.0,6.0
430,2003-09-20,6.0,6.0,6.0,6.0,443522279,154545,47,6.0,6.0
431,2003-09-21,6.0,6.0,6.0,6.0,659036291,226115,53,6.0,6.0
432,2003-09-22,6.0,6.0,6.0,6.0,871742975,296387,62,6.0,6.0
433,2003-09-23,6.0,6.0,6.0,6.0,122561944,39826,16,6.0,6.0
434,2003-09-27,7.0,7.0,6.0,6.0,37328901,11961,9,6.0,6.0
435,2003-09-28,7.0,7.0,7.0,7.0,1460580086,466819,86,6.0,7.0
436,2003-09-29,7.0,7.0,6.0,7.0,137294261,45448,19,7.0,7.0
437,2003-09-30,6.0,6.0,6.0,6.0,1018691424,346021,80,7.0,6.0
438,2003-10-01,6.0,6.0,6.0,6.0,195677750,65118,21,6.0,6.0
439,2003-10-04,6.0,7.0,6.0,6.0,255571224,83684,36,6.0,6.0
440,2003-10-05,6.0,7.0,6.0,6.0,140594240,46251,26,6.0,6.0
441,2003-10-06,6.0,7.0,6.0,7.0,469351658,148691,31,6.0,7.0
442,2003-10-07,7.0,7.0,7.0,7.0,11270444,3552,8,7.0,7.0
443,2003-10-08,7.0,7.0,7.0,7.0,16691354,5092,8,7.0,7.0
444,2003-10-11,7.0,7.0,7.0,7.0,332210360,100670,28,7.0,7.0
445,2003-10-13,7.0,7.0,7.0,7.0,164199639,48337,19,7.0,7.0
446,2003-10-14,7.0,7.0,7.0,7.0,30268104,8784,4,7.0,7.0
447,2003-10-15,7.0,7.0,7.0,7.0,1656587570,481634,106,7.0,7.0
448,2003-10-18,7.0,7.0,7.0,7.0,282055994,82636,36,7.0,7.0
449,2003-10-19,8.0,8.0,7.0,7.0,39720071,11043,9,7.0,7.0
450,2003-10-20,8.0,8.0,7.0,7.0,139332424,38618,12,7.0,7.0
451,2003-10-21,8.0,8.0,7.0,7.0,72051624,19746,12,7.0,7.0
452,2003-10-22,8.0,8.0,7.0,7.0,27585720,7517,12,7.0,7.0
453,2003-10-25,8.0,8.0,7.0,7.0,45017090,12240,7,7.0,7.0
454,2003-10-26,8.0,8.0,7.0,7.0,64802210,17562,9,7.0,7.0
455,2003-10-27,8.0,8.0,7.0,7.0,84244696,22714,11,7.0,7.0
456,2003-10-28,8.0,8.0,7.0,7.0,16315213,4371,5,7.0,7.0
457,2003-10-29,8.0,8.0,8.0,8.0,32930090,8810,6,7.0,8.0
458,2003-11-01,8.0,8.0,8.0,8.0,18894391,5043,12,8.0,8.0
459,2003-11-02,8.0,8.0,8.0,8.0,53329298,14214,17,8.0,8.0
460,2003-11-03,8.0,8.0,8.0,8.0,39385224,10453,8,8.0,8.0
461,2003-11-04,8.0,8.0,8.0,8.0,62621630,16567,10,8.0,8.0
462,2003-11-05,8.0,8.0,8.0,8.0,39077024,10292,4,8.0,8.0
463,2003-11-23,5.0,8.0,5.0,6.0,403898010,133407,17,8.0,6.0
464,2003-11-24,7.0,7.0,6.0,6.0,19064676,5999,11,6.0,6.0
465,2003-11-25,7.0,7.0,6.0,6.0,8824969,2773,2,6.0,6.0
466,2003-11-29,7.0,7.0,6.0,6.0,91134330,28614,21,6.0,6.0
467,2003-11-30,7.0,7.0,7.0,7.0,111015904,34574,31,6.0,7.0
468,2003-12-01,7.0,7.0,7.0,7.0,120059230,37010,20,7.0,7.0
469,2003-12-02,7.0,7.0,7.0,7.0,5090737,1553,4,7.0,7.0
470,2003-12-03,7.0,7.0,7.0,7.0,111567950,34015,21,7.0,7.0
471,2003-12-06,7.0,7.0,7.0,7.0,7317970,2210,2,7.0,7.0
472,2003-12-07,7.0,7.0,7.0,7.0,121354136,36619,73,7.0,7.0
473,2003-12-08,7.0,7.0,7.0,7.0,103788400,30982,23,7.0,7.0
474,2003-12-09,7.0,7.0,7.0,7.0,10175220,3010,4,7.0,7.0
475,2003-12-10,7.0,7.0,7.0,7.0,10177857,3009,8,7.0,7.0
476,2003-12-13,7.0,7.0,7.0,7.0,81858075,24183,20,7.0,7.0
477,2003-12-15,7.0,7.0,7.0,7.0,31968072,9378,14,7.0,7.0
478,2003-12-16,7.0,7.0,7.0,7.0,134264626,39282,12,7.0,7.0
479,2003-12-17,7.0,7.0,7.0,7.0,84988935,24585,14,7.0,7.0
480,2003-12-21,7.0,7.0,7.0,7.0,41046412,11792,9,7.0,7.0
481,2003-12-22,7.0,7.0,7.0,7.0,51694880,14800,14,7.0,7.0
482,2003-12-23,7.0,7.0,7.0,7.0,644279280,183660,75,7.0,7.0
483,2003-12-24,8.0,8.0,8.0,8.0,675845232,183504,50,7.0,8.0
484,2003-12-27,8.0,8.0,8.0,8.0,41050342,10616,17,8.0,8.0
485,2003-12-28,8.0,8.0,8.0,8.0,3527140,910,2,8.0,8.0
486,2003-12-29,8.0,8.0,8.0,8.0,713552000,184000,82,8.0,8.0
487,2003-12-30,8.0,9.0,8.0,9.0,820111442,201467,91,8.0,9.0
488,2003-12-31,9.0,9.0,9.0,9.0,874683100,204700,88,9.0,9.0
489,2004-01-03,9.0,9.0,9.0,9.0,917037092,204422,102,9.0,9.0
490,2004-01-04,10.0,10.0,10.0,10.0,1164712350,247285,153,9.0,10.0
491,2004-01-05,10.0,10.0,10.0,10.0,2027682415,410047,239,10.0,10.0
492,2004-01-06,11.0,11.0,11.0,11.0,1349909616,259998,120,10.0,11.0
493,2004-01-07,11.0,11.0,11.0,11.0,5533833396,1015196,429,11.0,11.0
494,2004-01-10,12.0,12.0,12.0,12.0,2878010855,502885,166,11.0,12.0
495,2004-01-11,13.0,13.0,13.0,13.0,6885196326,1145814,424,12.0,13.0
496,2004-01-12,13.0,13.0,13.0,13.0,5394990141,862626,323,13.0,13.0
497,2004-01-13,13.0,13.0,13.0,13.0,4211539592,684962,287,13.0,13.0
498,2004-01-14,13.0,14.0,13.0,14.0,2653983648,412541,168,13.0,14.0
499,2004-01-17,14.0,14.0,14.0,14.0,14386080786,2130009,401,14.0,14.0
500,2004-01-18,15.0,15.0,15.0,15.0,3563422245,507159,217,14.0,15.0
501,2004-01-19,15.0,15.0,14.0,15.0,1372268800,198632,135,15.0,15.0
502,2004-01-20,15.0,15.0,14.0,14.0,1570709959,231749,125,15.0,14.0
503,2004-01-21,14.0,14.0,14.0,14.0,1415350328,214318,120,14.0,14.0
504,2004-01-24,14.0,14.0,13.0,14.0,1014210768,158135,95,14.0,14.0
505,2004-01-25,13.0,13.0,13.0,13.0,691780417,108909,74,14.0,13.0
506,2004-01-26,13.0,13.0,13.0,13.0,969548700,154839,96,13.0,13.0
507,2004-01-27,13.0,13.0,13.0,13.0,1162656958,184621,119,13.0,13.0
508,2004-01-28,13.0,14.0,13.0,13.0,650048237,101947,57,13.0,13.0
509,2004-01-31,13.0,13.0,13.0,13.0,281819536,44721,34,13.0,13.0
510,2004-02-01,13.0,13.0,13.0,13.0,3367315171,550745,170,13.0,13.0
511,2004-02-03,13.0,13.0,13.0,13.0,876909837,140861,91,13.0,13.0
512,2004-02-04,13.0,13.0,13.0,13.0,474267768,76129,39,13.0,13.0
513,2004-02-07,13.0,14.0,13.0,13.0,396986715,61988,41,13.0,13.0
514,2004-02-08,14.0,14.0,14.0,14.0,717679724,108756,50,13.0,14.0
515,2004-02-09,14.0,14.0,14.0,14.0,1071471143,157595,112,14.0,14.0
516,2004-02-14,14.0,14.0,14.0,14.0,291619308,43020,14,14.0,14.0
517,2004-02-15,14.0,14.0,14.0,14.0,865532884,131481,69,14.0,14.0
518,2004-02-16,13.0,13.0,13.0,13.0,1192918763,188557,86,14.0,13.0
519,2004-02-17,13.0,13.0,13.0,13.0,1415448911,224449,95,13.0,13.0
520,2004-02-18,13.0,13.0,13.0,13.0,656936328,104442,37,13.0,13.0
521,2004-02-21,13.0,14.0,13.0,13.0,601316326,95073,50,13.0,13.0
522,2004-02-22,13.0,14.0,13.0,14.0,581421994,88208,45,13.0,14.0
523,2004-02-23,14.0,14.0,13.0,14.0,684259619,106976,44,14.0,14.0
524,2004-02-24,13.0,13.0,13.0,13.0,232695388,37059,26,14.0,13.0
525,2004-02-25,13.0,13.0,13.0,13.0,1025425175,164469,56,13.0,13.0
526,2004-02-28,13.0,14.0,13.0,13.0,745762525,117269,71,13.0,13.0
527,2004-02-29,13.0,14.0,13.0,13.0,360451378,56320,44,13.0,13.0
528,2004-03-03,14.0,14.0,14.0,14.0,979356628,149141,54,13.0,14.0
529,2004-03-06,14.0,14.0,14.0,14.0,283429842,41461,38,14.0,14.0
530,2004-03-07,15.0,15.0,14.0,14.0,982748061,144462,77,14.0,14.0
531,2004-03-08,14.0,14.0,14.0,14.0,800679210,123156,61,14.0,14.0
532,2004-03-09,14.0,14.0,13.0,13.0,1309079742,204701,91,14.0,13.0
533,2004-03-10,13.0,13.0,13.0,13.0,673243324,105233,61,13.0,13.0
534,2004-03-13,13.0,14.0,13.0,13.0,272914284,42426,55,13.0,13.0
535,2004-03-14,14.0,14.0,14.0,14.0,280402299,43436,44,13.0,14.0
536,2004-03-15,14.0,14.0,14.0,14.0,700873588,106210,53,14.0,14.0
537,2004-03-16,14.0,14.0,14.0,14.0,168722936,25066,24,14.0,14.0
538,2004-03-17,14.0,14.0,14.0,14.0,556204290,80750,33,14.0,14.0
539,2004-03-30,15.0,19.0,15.0,17.0,1153319284,140936,89,14.0,17.0
540,2004-04-03,17.0,17.0,17.0,17.0,878828709,110093,99,17.0,17.0
541,2004-04-04,17.0,18.0,17.0,18.0,3445168916,404731,136,17.0,18.0
542,2004-04-05,19.0,19.0,19.0,19.0,9286838735,1039152,231,18.0,19.0
543,2004-04-06,20.0,20.0,20.0,20.0,4373363008,466144,186,19.0,20.0
544,2004-04-07,20.0,21.0,20.0,20.0,1746301572,181196,138,20.0,20.0
545,2004-04-10,20.0,20.0,20.0,20.0,1611440376,167002,140,20.0,20.0
546,2004-04-12,20.0,20.0,19.0,20.0,475570282,51159,59,20.0,20.0
547,2004-04-13,19.0,19.0,19.0,19.0,3024268762,333694,155,20.0,19.0
548,2004-04-14,19.0,20.0,19.0,19.0,2262464182,243686,149,19.0,19.0
549,2004-04-17,20.0,20.0,19.0,19.0,2313639542,250064,97,19.0,19.0
550,2004-04-18,20.0,20.0,19.0,19.0,1835730658,200364,147,19.0,19.0
551,2004-04-21,19.0,19.0,19.0,19.0,1364941867,150104,104,19.0,19.0
552,2004-04-24,19.0,20.0,19.0,20.0,3486279539,367869,188,19.0,20.0
553,2004-04-26,20.0,20.0,19.0,20.0,2590570717,276233,78,20.0,20.0
554,2004-04-27,20.0,20.0,19.0,19.0,6702831254,733709,149,20.0,19.0
555,2004-04-28,19.0,19.0,19.0,19.0,2135845657,234604,122,19.0,19.0
556,2004-05-01,19.0,19.0,19.0,19.0,1875342715,207564,97,19.0,19.0
557,2004-05-02,19.0,19.0,19.0,19.0,1393683548,156159,120,19.0,19.0
558,2004-05-03,19.0,19.0,19.0,19.0,2450176094,274242,145,19.0,19.0
559,2004-05-04,19.0,20.0,19.0,19.0,2278449894,250617,136,19.0,19.0
560,2004-05-05,19.0,20.0,19.0,19.0,1602845566,170069,124,19.0,19.0
561,2004-05-08,20.0,20.0,20.0,20.0,1516327527,160806,119,19.0,20.0
562,2004-05-09,20.0,20.0,19.0,19.0,1983861391,216214,108,20.0,19.0
563,2004-05-10,19.0,19.0,19.0,19.0,2408747970,267358,177,19.0,19.0
564,2004-05-11,19.0,19.0,19.0,19.0,1457760647,158872,119,19.0,19.0
565,2004-05-12,19.0,19.0,19.0,19.0,530662561,58043,56,19.0,19.0
566,2004-05-15,19.0,20.0,19.0,19.0,1036290388,112512,99,19.0,19.0
567,2004-05-16,19.0,19.0,19.0,19.0,1651087203,182252,129,19.0,19.0
568,2004-05-17,19.0,19.0,19.0,19.0,1147247877,128635,89,19.0,19.0
569,2004-05-18,19.0,19.0,18.0,19.0,1244382196,140016,97,19.0,19.0
570,2004-05-19,19.0,19.0,18.0,19.0,1328916513,152729,85,19.0,19.0
571,2004-05-22,18.0,18.0,18.0,18.0,1856092045,218574,96,19.0,18.0
572,2004-05-23,18.0,18.0,17.0,18.0,1425224207,173516,86,18.0,18.0
573,2004-05-24,17.0,19.0,17.0,18.0,3713669485,440736,188,18.0,18.0
574,2004-05-25,19.0,19.0,18.0,18.0,1900522670,214834,87,18.0,18.0
575,2004-05-26,19.0,19.0,19.0,19.0,1182052998,130376,121,18.0,19.0
576,2004-05-29,19.0,19.0,18.0,19.0,803731847,90775,74,19.0,19.0
577,2004-05-30,18.0,18.0,18.0,18.0,3269640623,388226,113,19.0,18.0
578,2004-05-31,18.0,18.0,17.0,18.0,844705936,103929,98,18.0,18.0
579,2004-06-01,18.0,18.0,17.0,18.0,1198015672,142941,120,18.0,18.0
580,2004-06-02,18.0,18.0,17.0,18.0,674554942,81435,64,18.0,18.0
581,2004-06-05,17.0,17.0,17.0,17.0,1589059989,194823,118,18.0,17.0
582,2004-06-06,17.0,17.0,16.0,17.0,2720326773,340413,156,17.0,17.0
583,2004-06-07,17.0,17.0,16.0,17.0,3761789263,477967,187,17.0,17.0
584,2004-06-08,17.0,17.0,17.0,17.0,2855994689,347428,170,17.0,17.0
585,2004-06-15,17.0,19.0,17.0,18.0,1888606487,216502,116,17.0,18.0
586,2004-06-16,19.0,19.0,18.0,18.0,1528408187,178832,114,18.0,18.0
587,2004-06-19,18.0,18.0,18.0,18.0,3279646541,385109,173,18.0,18.0
588,2004-06-20,18.0,19.0,18.0,18.0,1956207186,220538,164,18.0,18.0
589,2004-06-21,19.0,19.0,19.0,19.0,9775612675,1066047,215,18.0,19.0
590,2004-06-22,19.0,19.0,19.0,19.0,1969701429,219253,179,19.0,19.0
591,2004-06-23,19.0,19.0,19.0,19.0,4623438439,508595,233,19.0,19.0
592,2004-06-26,19.0,19.0,19.0,19.0,2257260006,249803,163,19.0,19.0
593,2004-06-27,19.0,19.0,19.0,19.0,1543340252,171769,125,19.0,19.0
594,2004-06-28,19.0,19.0,19.0,19.0,5963932801,666992,199,19.0,19.0
595,2004-06-29,19.0,19.0,18.0,19.0,1323331328,151535,89,19.0,19.0
596,2004-06-30,18.0,18.0,18.0,18.0,1022546475,120579,108,19.0,18.0
597,2004-07-03,18.0,19.0,18.0,18.0,1406397381,162910,122,18.0,18.0
598,2004-07-04,19.0,19.0,19.0,19.0,3836519362,421284,213,18.0,19.0
599,2004-07-05,19.0,19.0,19.0,19.0,2201493403,244098,156,19.0,19.0
600,2004-07-06,19.0,19.0,19.0,19.0,2910617556,323048,195,19.0,19.0
601,2004-07-07,19.0,19.0,19.0,19.0,706996661,78854,65,19.0,19.0
602,2004-07-10,19.0,19.0,19.0,19.0,1587576187,177397,125,19.0,19.0
603,2004-07-11,19.0,19.0,19.0,19.0,2840992865,313632,188,19.0,19.0
604,2004-07-12,19.0,20.0,19.0,20.0,3217426692,341302,153,19.0,20.0
605,2004-07-13,21.0,21.0,20.0,21.0,6680193264,675292,224,20.0,21.0
606,2004-07-14,20.0,21.0,20.0,21.0,6706199222,684812,313,21.0,21.0
607,2004-07-31,17.0,18.0,16.0,17.0,12861446552,1585124,296,21.0,17.0
608,2004-08-01,18.0,18.0,18.0,18.0,12262055373,1439766,324,17.0,18.0
609,2004-08-02,19.0,19.0,19.0,19.0,23681445535,2648635,524,18.0,19.0
610,2004-08-03,20.0,20.0,20.0,20.0,11923576756,1270087,366,19.0,20.0
611,2004-08-04,21.0,21.0,19.0,20.0,4862955336,517839,274,20.0,20.0
612,2004-08-07,19.0,19.0,19.0,19.0,4711975987,519229,234,20.0,19.0
613,2004-08-08,19.0,19.0,18.0,19.0,1574875326,180545,157,19.0,19.0
614,2004-08-09,18.0,18.0,18.0,18.0,1962771477,227148,122,19.0,18.0
615,2004-08-10,18.0,18.0,18.0,18.0,1177719226,136282,77,18.0,18.0
616,2004-08-11,18.0,19.0,18.0,19.0,2717288884,308323,228,18.0,19.0
617,2004-08-14,19.0,19.0,18.0,18.0,2297087769,264477,140,19.0,18.0
618,2004-08-15,18.0,18.0,17.0,18.0,2488523503,299460,134,18.0,18.0
619,2004-08-16,18.0,18.0,18.0,18.0,4058922114,463970,135,18.0,18.0
620,2004-08-17,19.0,19.0,19.0,19.0,2462583425,272157,156,18.0,19.0
621,2004-08-18,19.0,19.0,19.0,19.0,2138693588,238515,149,19.0,19.0
622,2004-08-21,19.0,19.0,18.0,19.0,1572045541,179068,161,19.0,19.0
623,2004-08-22,18.0,19.0,18.0,19.0,576186718,67755,52,19.0,19.0
624,2004-08-23,18.0,18.0,18.0,18.0,3512479432,420290,125,19.0,18.0
625,2004-08-24,18.0,18.0,18.0,18.0,872688243,103302,92,18.0,18.0
626,2004-08-25,18.0,19.0,18.0,18.0,1823347270,206281,77,18.0,18.0
627,2004-08-28,19.0,19.0,19.0,19.0,52962716368,5812414,920,18.0,19.0
628,2004-08-29,20.0,20.0,20.0,20.0,29983010536,3134004,381,19.0,20.0
629,2004-08-31,21.0,21.0,20.0,21.0,8046537405,813212,351,20.0,21.0
630,2004-09-01,21.0,21.0,20.0,20.0,2553658462,264919,249,21.0,20.0
631,2004-09-04,20.0,21.0,20.0,20.0,5965172369,622865,250,20.0,20.0
632,2004-09-05,20.0,21.0,20.0,20.0,6197641305,650512,330,20.0,20.0
633,2004-09-06,20.0,20.0,19.0,20.0,3502947623,368500,183,20.0,20.0
634,2004-09-07,20.0,20.0,19.0,19.0,3475699798,380324,137,20.0,19.0
635,2004-09-08,20.0,20.0,19.0,19.0,2019865672,218709,123,19.0,19.0
636,2004-09-11,20.0,20.0,19.0,19.0,1800162530,197088,97,19.0,19.0
637,2004-09-12,19.0,19.0,19.0,19.0,6863182546,759880,127,19.0,19.0
638,2004-09-14,19.0,20.0,19.0,19.0,3458526867,374093,141,19.0,19.0
639,2004-09-15,20.0,20.0,19.0,19.0,2366435937,257391,141,19.0,19.0
640,2004-09-18,19.0,19.0,19.0,19.0,6681832778,734688,139,19.0,19.0
641,2004-09-19,19.0,19.0,18.0,18.0,3467378505,397898,151,19.0,18.0
642,2004-09-20,19.0,19.0,18.0,18.0,2099948047,242223,104,18.0,18.0
643,2004-09-21,18.0,18.0,18.0,18.0,1953592601,228977,127,18.0,18.0
644,2004-09-22,18.0,19.0,18.0,18.0,1218470426,138133,94,18.0,18.0
645,2004-09-25,19.0,19.0,18.0,18.0,1466737400,167452,84,18.0,18.0
646,2004-09-26,18.0,18.0,18.0,18.0,2630438517,310453,132,18.0,18.0
647,2004-09-27,18.0,18.0,17.0,18.0,5182715810,615798,203,18.0,18.0
648,2004-09-28,17.0,18.0,17.0,18.0,1514106725,182063,87,18.0,18.0
649,2004-09-29,17.0,18.0,17.0,17.0,2913973911,355406,119,18.0,17.0
650,2004-10-02,17.0,17.0,17.0,17.0,1394968369,174311,111,17.0,17.0
651,2004-10-03,17.0,17.0,16.0,17.0,2948250290,378703,175,17.0,17.0
652,2004-10-04,16.0,16.0,16.0,16.0,2363412218,307964,82,17.0,16.0
653,2004-10-05,16.0,16.0,16.0,16.0,1396550615,183159,102,16.0,16.0
654,2004-10-06,16.0,17.0,16.0,16.0,1326310476,168200,109,16.0,16.0
655,2004-10-09,17.0,17.0,17.0,17.0,1986358618,245046,123,16.0,17.0
656,2004-10-10,17.0,17.0,16.0,17.0,1353636470,170887,89,17.0,17.0
657,2004-10-11,16.0,17.0,16.0,17.0,1429123267,184706,82,17.0,17.0
658,2004-10-12,16.0,17.0,16.0,16.0,2464656790,318115,127,17.0,16.0
659,2004-10-13,16.0,16.0,16.0,16.0,884779788,115917,71,16.0,16.0
660,2004-10-16,16.0,16.0,16.0,16.0,2531210175,334312,116,16.0,16.0
661,2004-10-17,16.0,16.0,16.0,16.0,926587964,123623,66,16.0,16.0
662,2004-10-18,16.0,16.0,16.0,16.0,547620806,73698,61,16.0,16.0
663,2004-10-19,16.0,16.0,15.0,16.0,817887205,111291,73,16.0,16.0
664,2004-10-20,16.0,16.0,15.0,16.0,1452515252,195272,85,16.0,16.0
665,2004-10-23,16.0,16.0,15.0,16.0,2332610539,315929,92,16.0,16.0
666,2004-10-24,16.0,16.0,15.0,15.0,1560463171,213918,76,16.0,15.0
667,2004-10-25,15.0,16.0,15.0,15.0,2284242745,310291,130,15.0,15.0
668,2004-10-26,16.0,16.0,15.0,16.0,2111581684,277806,100,15.0,16.0
669,2004-10-27,16.0,16.0,15.0,16.0,2167640911,286822,103,16.0,16.0
670,2004-10-30,16.0,16.0,15.0,16.0,641722651,87969,56,16.0,16.0
671,2004-10-31,15.0,16.0,15.0,16.0,1155631967,161211,74,16.0,16.0
672,2004-11-01,15.0,15.0,15.0,15.0,368363579,51497,35,16.0,15.0
673,2004-11-02,15.0,15.0,15.0,15.0,1141509335,158747,68,15.0,15.0
674,2004-11-03,15.0,16.0,15.0,15.0,1281389953,175248,70,15.0,15.0
675,2004-11-06,16.0,16.0,15.0,15.0,569909346,76624,58,15.0,15.0
676,2004-11-07,16.0,16.0,15.0,15.0,712812595,96072,51,15.0,15.0
677,2004-11-08,16.0,16.0,16.0,16.0,1164176579,154882,81,15.0,16.0
678,2004-11-09,16.0,16.0,16.0,16.0,1172605567,154539,73,16.0,16.0
679,2004-11-10,16.0,16.0,16.0,16.0,436149288,58184,46,16.0,16.0
680,2004-11-13,16.0,16.0,15.0,16.0,882293096,120889,49,16.0,16.0
681,2004-11-15,15.0,16.0,15.0,16.0,975193315,129336,83,16.0,16.0
682,2004-11-16,16.0,16.0,15.0,16.0,1332212647,179506,84,16.0,16.0
683,2004-11-17,15.0,16.0,15.0,16.0,979636518,132498,97,16.0,16.0
684,2004-11-20,16.0,16.0,15.0,16.0,1679098118,226316,113,16.0,16.0
685,2004-11-21,16.0,16.0,16.0,16.0,639042356,86070,68,16.0,16.0
686,2004-11-22,16.0,16.0,15.0,16.0,1555654118,211668,96,16.0,16.0
687,2004-11-23,16.0,16.0,15.0,16.0,529205022,72546,57,16.0,16.0
688,2004-11-24,16.0,16.0,15.0,15.0,2199355270,302613,64,16.0,15.0
689,2004-11-27,15.0,15.0,15.0,15.0,456077815,62383,46,15.0,15.0
690,2004-11-28,15.0,16.0,15.0,15.0,4008790872,552846,246,15.0,15.0
691,2004-12-22,9.0,9.0,9.0,9.0,137480200,33283,12,15.0,9.0
692,2004-12-25,9.0,9.0,8.0,8.0,2274955686,568956,203,9.0,8.0
693,2004-12-26,8.0,8.0,8.0,8.0,3510987221,879265,135,8.0,8.0
694,2004-12-27,8.0,8.0,8.0,8.0,2083935413,527386,159,8.0,8.0
695,2004-12-28,8.0,8.0,8.0,8.0,1714497461,435202,152,8.0,8.0
696,2004-12-29,8.0,8.0,8.0,8.0,2005811162,506902,145,8.0,8.0
697,2005-01-01,8.0,8.0,8.0,8.0,1432463923,361957,135,8.0,8.0
698,2005-01-02,8.0,8.0,8.0,8.0,1065221650,268777,131,8.0,8.0
699,2005-01-03,8.0,8.0,8.0,8.0,1814061447,458401,124,8.0,8.0
700,2005-01-04,8.0,8.0,8.0,8.0,500389324,126511,72,8.0,8.0
701,2005-01-05,8.0,8.0,8.0,8.0,134064732991,33888300,158,8.0,8.0
702,2005-01-08,8.0,8.0,8.0,8.0,749169255,187708,103,8.0,8.0
703,2005-01-09,8.0,8.0,8.0,8.0,975794847,247183,122,8.0,8.0
704,2005-01-10,8.0,8.0,8.0,8.0,857347677,222193,101,8.0,8.0
705,2005-01-11,8.0,8.0,8.0,8.0,546009465,141630,90,8.0,8.0
706,2005-01-12,8.0,8.0,8.0,8.0,657618882,171815,82,8.0,8.0
707,2005-01-15,8.0,8.0,8.0,8.0,1016067626,265138,109,8.0,8.0
708,2005-01-16,8.0,8.0,8.0,8.0,819419826,222764,84,8.0,8.0
709,2005-01-17,8.0,8.0,8.0,8.0,2219867252,617695,181,8.0,8.0
710,2005-01-18,7.0,8.0,7.0,8.0,232979018,65397,50,8.0,8.0
711,2005-01-19,8.0,8.0,8.0,8.0,312331108,87263,64,8.0,8.0
712,2005-01-22,8.0,8.0,7.0,8.0,453153124,127827,56,8.0,8.0
713,2005-01-23,7.0,8.0,7.0,7.0,313194968,89740,59,8.0,7.0
714,2005-01-24,7.0,8.0,7.0,7.0,303755720,86008,44,7.0,7.0
715,2005-01-25,7.0,8.0,7.0,7.0,871860822,251510,90,7.0,7.0
716,2005-01-26,7.0,8.0,7.0,7.0,440865321,128098,59,7.0,7.0
717,2005-01-30,7.0,7.0,7.0,7.0,428878732,124273,63,7.0,7.0
718,2005-01-31,7.0,7.0,7.0,7.0,98554603,29641,22,7.0,7.0
719,2005-02-01,7.0,7.0,7.0,7.0,1926509976,581843,120,7.0,7.0
720,2005-02-02,7.0,7.0,7.0,7.0,2676759998,823110,167,7.0,7.0
721,2005-02-05,7.0,7.0,7.0,7.0,466245884,146780,59,7.0,7.0
722,2005-02-06,7.0,7.0,6.0,7.0,1016855806,326255,78,7.0,7.0
723,2005-02-07,7.0,7.0,6.0,7.0,461605835,146775,33,7.0,7.0
724,2005-02-08,6.0,7.0,6.0,7.0,268413040,88866,48,7.0,7.0
725,2005-02-09,6.0,7.0,6.0,6.0,834196763,273276,67,7.0,6.0
726,2005-02-12,6.0,6.0,6.0,6.0,100113351,32995,20,6.0,6.0
727,2005-02-13,6.0,6.0,6.0,6.0,59957525,20404,21,6.0,6.0
728,2005-02-14,6.0,6.0,6.0,6.0,416146869,142444,60,6.0,6.0
729,2005-02-15,6.0,6.0,6.0,6.0,129777239,45223,32,6.0,6.0
730,2005-02-16,6.0,6.0,6.0,6.0,139564784,48901,17,6.0,6.0
731,2005-02-21,6.0,6.0,6.0,6.0,185941007,65427,35,6.0,6.0
732,2005-02-22,6.0,6.0,6.0,6.0,20640436,7245,11,6.0,6.0
733,2005-02-23,6.0,6.0,6.0,6.0,91263670,32420,22,6.0,6.0
734,2005-02-26,6.0,7.0,6.0,6.0,477509141,160466,68,6.0,6.0
735,2005-02-27,7.0,7.0,6.0,6.0,28972203758,9321816,68,6.0,6.0
736,2005-02-28,7.0,7.0,7.0,7.0,805420076,255807,96,6.0,7.0
737,2005-03-01,7.0,7.0,6.0,7.0,217514011,70891,48,7.0,7.0
738,2005-03-02,7.0,7.0,6.0,7.0,871942793,276738,80,7.0,7.0
739,2005-03-05,7.0,7.0,7.0,7.0,23310781138,7402527,69,7.0,7.0
740,2005-03-06,7.0,7.0,7.0,7.0,220510647,70027,34,7.0,7.0
741,2005-03-07,7.0,7.0,6.0,7.0,136254527,43713,35,7.0,7.0
742,2005-03-08,6.0,7.0,6.0,7.0,165003648,54493,45,7.0,7.0
743,2005-03-09,6.0,7.0,6.0,7.0,222199066,74361,36,7.0,7.0
744,2005-03-12,6.0,7.0,6.0,7.0,119731252,40523,31,7.0,7.0
745,2005-03-13,6.0,7.0,6.0,6.0,806801167,266017,87,7.0,6.0
746,2005-03-14,6.0,7.0,6.0,6.0,115076102,37645,28,6.0,6.0
747,2005-03-15,6.0,7.0,6.0,6.0,95257145,30509,21,6.0,6.0
748,2005-03-16,7.0,7.0,6.0,6.0,8315152495,2599001,44,6.0,6.0
749,2005-03-26,7.0,7.0,6.0,6.0,121544986,37649,20,6.0,6.0
750,2005-03-27,7.0,7.0,7.0,7.0,131225645,40605,28,6.0,7.0
751,2005-03-28,7.0,7.0,7.0,7.0,110527022,34257,19,7.0,7.0
752,2005-03-29,7.0,7.0,7.0,7.0,77506985,23869,18,7.0,7.0
753,2005-03-30,7.0,7.0,7.0,7.0,168506999,52407,29,7.0,7.0
754,2005-04-03,7.0,7.0,7.0,7.0,88391315,28034,21,7.0,7.0
755,2005-04-04,7.0,7.0,7.0,7.0,141278236,43867,20,7.0,7.0
756,2005-04-05,7.0,7.0,7.0,7.0,209793186,66254,40,7.0,7.0
757,2005-04-06,7.0,7.0,7.0,7.0,273293714,86162,20,7.0,7.0
758,2005-04-10,7.0,7.0,7.0,7.0,500372122,154620,51,7.0,7.0
759,2005-04-11,7.0,7.0,7.0,7.0,7260720380,2202223,150,7.0,7.0
760,2005-04-12,7.0,7.0,7.0,7.0,71436153880,21005965,232,7.0,7.0
761,2005-04-13,8.0,8.0,8.0,8.0,3633581632,1008208,187,7.0,8.0
762,2005-04-16,8.0,8.0,8.0,8.0,1612146566,426890,173,8.0,8.0
763,2005-04-17,8.0,9.0,7.0,8.0,2172512100,583485,174,8.0,8.0
764,2005-04-18,8.0,8.0,8.0,8.0,7951103080,2161424,153,8.0,8.0
765,2005-04-19,8.0,8.0,8.0,8.0,1972391860,534435,100,8.0,8.0
766,2005-04-20,8.0,8.0,8.0,8.0,11800900582,3193721,119,8.0,8.0
767,2005-04-23,8.0,8.0,8.0,8.0,676529205,179800,60,8.0,8.0
768,2005-04-24,8.0,8.0,8.0,8.0,851078354,228846,79,8.0,8.0
769,2005-04-25,8.0,8.0,8.0,8.0,306952160,84078,45,8.0,8.0
770,2005-04-27,8.0,8.0,8.0,8.0,420781432,115392,59,8.0,8.0
771,2005-04-30,8.0,8.0,8.0,8.0,473675303,129551,65,8.0,8.0
772,2005-05-01,8.0,8.0,7.0,8.0,8941518740,2485008,97,8.0,8.0
773,2005-05-02,8.0,8.0,7.0,8.0,830590534,230855,86,8.0,8.0
774,2005-05-03,8.0,8.0,7.0,8.0,4438134186,1233195,79,8.0,8.0
775,2005-05-04,8.0,8.0,7.0,8.0,8490431188,2347482,131,8.0,8.0
776,2005-05-07,8.0,8.0,8.0,8.0,717500887,199710,67,8.0,8.0
777,2005-05-08,8.0,8.0,7.0,8.0,577790098,160859,69,8.0,8.0
778,2005-05-09,8.0,8.0,8.0,8.0,1860041350,514660,146,8.0,8.0
779,2005-05-10,8.0,8.0,8.0,8.0,912247390,252698,76,8.0,8.0
780,2005-05-11,8.0,8.0,8.0,8.0,374667284,102383,50,8.0,8.0
781,2005-05-14,8.0,8.0,8.0,8.0,4548421041,1247588,116,8.0,8.0
782,2005-05-15,8.0,8.0,8.0,8.0,1093579914,303231,93,8.0,8.0
783,2005-05-16,8.0,8.0,8.0,8.0,189201478,52399,35,8.0,8.0
784,2005-05-17,8.0,8.0,7.0,8.0,2917824961,811042,124,8.0,8.0
785,2005-05-18,8.0,8.0,8.0,8.0,1661720809,459108,145,8.0,8.0
786,2005-05-21,8.0,8.0,8.0,8.0,535119153,148489,72,8.0,8.0
787,2005-05-22,8.0,8.0,8.0,8.0,773878198,214861,86,8.0,8.0
788,2005-05-23,8.0,8.0,8.0,8.0,1415910590,393058,77,8.0,8.0
789,2005-05-24,8.0,8.0,8.0,8.0,4312161528,1194777,86,8.0,8.0
790,2005-05-25,8.0,8.0,8.0,8.0,4627003521,1281982,94,8.0,8.0
791,2005-05-28,8.0,8.0,8.0,8.0,5128352427,1378655,164,8.0,8.0
792,2005-05-29,8.0,8.0,8.0,8.0,11965494138,3140520,232,8.0,8.0
793,2005-05-30,8.0,8.0,8.0,8.0,22401524116,5627768,642,8.0,8.0
794,2005-05-31,9.0,9.0,9.0,9.0,13381948821,3217923,666,8.0,9.0
795,2005-06-01,9.0,9.0,8.0,9.0,7385159687,1768167,286,9.0,9.0
796,2005-06-06,9.0,9.0,9.0,9.0,2089641041,502245,193,9.0,9.0
797,2005-06-07,9.0,9.0,9.0,9.0,1899486175,460621,191,9.0,9.0
798,2005-06-08,8.0,9.0,8.0,8.0,6418052643,1604146,319,9.0,8.0
799,2005-06-11,8.0,9.0,8.0,9.0,6233506919,1523083,201,8.0,9.0
800,2005-06-12,9.0,9.0,8.0,9.0,6455744722,1595008,174,9.0,9.0
801,2005-06-13,9.0,9.0,8.0,8.0,3346835167,828062,139,9.0,8.0
802,2005-06-14,8.0,9.0,8.0,9.0,3338377496,816739,161,8.0,9.0
803,2005-06-15,9.0,9.0,9.0,9.0,12302813860,2962464,180,9.0,9.0
804,2005-06-18,9.0,9.0,9.0,9.0,1055734248,256601,100,9.0,9.0
805,2005-06-19,9.0,9.0,8.0,8.0,4229327799,1057464,262,9.0,8.0
806,2005-06-20,8.0,9.0,8.0,8.0,645893844,159444,75,8.0,8.0
807,2005-06-21,9.0,9.0,8.0,8.0,4995438554,1220271,94,8.0,8.0
808,2005-06-22,8.0,9.0,8.0,9.0,14286594929,3441578,216,8.0,9.0
809,2005-06-25,8.0,8.0,8.0,8.0,2044560420,523730,97,9.0,8.0
810,2005-06-26,9.0,9.0,8.0,8.0,2753877475,713653,192,8.0,8.0
811,2005-06-27,9.0,9.0,8.0,8.0,3283888614,811856,110,8.0,8.0
812,2005-06-28,8.0,9.0,8.0,8.0,1133596367,282819,122,8.0,8.0
813,2005-06-29,8.0,8.0,8.0,8.0,480443471,120696,72,8.0,8.0
814,2005-07-02,8.0,8.0,8.0,8.0,1977010014,523970,176,8.0,8.0
815,2005-07-03,8.0,8.0,8.0,8.0,2294850987,626933,223,8.0,8.0
816,2005-07-04,8.0,8.0,8.0,8.0,1171754837,321177,107,8.0,8.0
817,2005-07-05,8.0,8.0,7.0,8.0,2366963855,660939,101,8.0,8.0
818,2005-07-06,8.0,8.0,7.0,8.0,14696476892,4189660,154,8.0,8.0
819,2005-07-09,7.0,7.0,7.0,7.0,856914027,244594,77,8.0,7.0
820,2005-07-11,7.0,7.0,7.0,7.0,1354184327,387564,78,7.0,7.0
821,2005-07-12,7.0,7.0,7.0,7.0,653108057,191083,79,7.0,7.0
822,2005-07-13,7.0,7.0,7.0,7.0,1022334011,304806,103,7.0,7.0
823,2005-07-16,7.0,7.0,7.0,7.0,1808010553,545484,157,7.0,7.0
824,2005-09-17,6.0,7.0,5.0,6.0,910593735,307779,84,7.0,6.0
825,2005-09-18,6.0,6.0,6.0,6.0,461744649,164204,49,6.0,6.0
826,2005-09-19,6.0,6.0,6.0,6.0,9957825,3575,3,6.0,6.0
827,2005-09-21,6.0,6.0,6.0,6.0,182420,65,4,6.0,6.0
828,2005-09-24,6.0,6.0,6.0,6.0,417670810,150025,45,6.0,6.0
829,2005-09-25,6.0,6.0,6.0,6.0,31810,11,2,6.0,6.0
830,2005-09-26,6.0,6.0,6.0,6.0,128410,46,2,6.0,6.0
831,2005-09-27,6.0,6.0,6.0,6.0,28628150,10372,5,6.0,6.0
832,2005-09-28,6.0,6.0,6.0,6.0,56610,20,2,6.0,6.0
833,2005-10-02,6.0,6.0,6.0,6.0,2773022826,1005447,170,6.0,6.0
834,2005-10-03,6.0,6.0,6.0,6.0,2628223476,1002756,172,6.0,6.0
835,2005-10-04,5.0,5.0,5.0,5.0,2197950660,882686,199,6.0,5.0
836,2005-10-05,5.0,5.0,5.0,5.0,252960062,106560,47,5.0,5.0
837,2005-10-08,5.0,5.0,5.0,5.0,334066412,141812,50,5.0,5.0
838,2005-10-09,5.0,5.0,5.0,5.0,338977393,140588,49,5.0,5.0
839,2005-10-10,5.0,5.0,5.0,5.0,162296084,69229,32,5.0,5.0
840,2005-10-11,5.0,5.0,5.0,5.0,1156848428,491706,73,5.0,5.0
841,2005-10-12,5.0,5.0,5.0,5.0,273302560,119708,32,5.0,5.0
842,2005-10-15,5.0,5.0,5.0,5.0,965465768,425681,77,5.0,5.0
843,2005-10-16,5.0,5.0,5.0,5.0,195289715,87935,44,5.0,5.0
844,2005-10-17,5.0,5.0,5.0,5.0,188300522,85102,35,5.0,5.0
845,2005-10-18,5.0,5.0,5.0,5.0,205794085,93825,29,5.0,5.0
846,2005-10-19,5.0,5.0,5.0,5.0,516686990,236814,67,5.0,5.0
847,2005-10-22,5.0,5.0,5.0,5.0,375037918,168765,59,5.0,5.0
848,2005-10-23,5.0,5.0,5.0,5.0,456475384,196059,53,5.0,5.0
849,2005-10-24,5.0,5.0,5.0,5.0,144945946,65574,21,5.0,5.0
850,2005-10-26,5.0,5.0,5.0,5.0,56290692,24855,22,5.0,5.0
851,2005-10-29,5.0,5.0,5.0,5.0,256510530,108895,26,5.0,5.0
852,2005-10-30,5.0,5.0,5.0,5.0,327969426,150751,50,5.0,5.0
853,2005-10-31,5.0,5.0,5.0,5.0,936787073,401660,74,5.0,5.0
854,2005-11-01,5.0,5.0,5.0,5.0,1154940,530,2,5.0,5.0
855,2005-11-02,5.0,5.0,5.0,5.0,444922696,204425,83,5.0,5.0
856,2005-11-05,5.0,5.0,5.0,5.0,857216704,367206,67,5.0,5.0
857,2005-11-06,5.0,5.0,5.0,5.0,56424740,25680,15,5.0,5.0
858,2005-11-07,5.0,5.0,5.0,5.0,243493207,110609,34,5.0,5.0
859,2005-11-08,5.0,5.0,5.0,5.0,2969446646,1354559,37,5.0,5.0
860,2005-11-09,5.0,5.0,5.0,5.0,2232596687,968212,147,5.0,5.0
861,2005-11-12,5.0,5.0,5.0,5.0,514395836,234980,65,5.0,5.0
862,2005-11-13,5.0,5.0,5.0,5.0,263385339,121493,34,5.0,5.0
863,2005-11-14,5.0,5.0,5.0,5.0,377218702,174365,43,5.0,5.0
864,2005-11-15,5.0,5.0,5.0,5.0,188504370,87010,22,5.0,5.0
865,2005-11-16,5.0,5.0,5.0,5.0,274148698,124121,36,5.0,5.0
866,2005-11-19,5.0,5.0,5.0,5.0,60476129,27735,16,5.0,5.0
867,2005-11-20,5.0,5.0,5.0,5.0,55062830,25257,14,5.0,5.0
868,2005-11-21,5.0,5.0,5.0,5.0,65328717,30057,11,5.0,5.0
869,2005-11-22,5.0,5.0,5.0,5.0,45315986,20811,13,5.0,5.0
870,2005-11-23,5.0,5.0,5.0,5.0,548757098,249247,53,5.0,5.0
871,2005-11-26,5.0,5.0,5.0,5.0,380283280,158474,42,5.0,5.0
872,2005-11-27,5.0,5.0,5.0,5.0,624509919,255896,83,5.0,5.0
873,2005-11-29,5.0,5.0,5.0,5.0,425035348,175604,74,5.0,5.0
874,2005-11-30,5.0,5.0,5.0,5.0,806562274,321382,98,5.0,5.0
875,2005-12-03,5.0,6.0,5.0,5.0,424148129,161902,60,5.0,5.0
876,2005-12-04,5.0,5.0,5.0,5.0,3133992036,1236353,217,5.0,5.0
877,2005-12-05,6.0,6.0,5.0,5.0,551223982,218667,86,5.0,5.0
878,2005-12-06,5.0,5.0,5.0,5.0,876951304,364499,86,5.0,5.0
879,2005-12-10,5.0,5.0,5.0,5.0,508431546,215060,48,5.0,5.0
880,2005-12-11,5.0,5.0,5.0,5.0,577608785,247012,74,5.0,5.0
881,2005-12-12,5.0,5.0,5.0,5.0,153104782,65213,26,5.0,5.0
882,2005-12-13,5.0,5.0,5.0,5.0,463587248,200145,55,5.0,5.0
883,2005-12-14,5.0,5.0,5.0,5.0,357656822,155830,59,5.0,5.0
884,2005-12-17,5.0,5.0,5.0,5.0,203804874,89944,35,5.0,5.0
885,2005-12-18,5.0,5.0,5.0,5.0,164077170,72724,21,5.0,5.0
886,2005-12-19,5.0,5.0,5.0,5.0,333610978,146909,51,5.0,5.0
887,2005-12-20,5.0,5.0,5.0,5.0,93046638,41233,19,5.0,5.0
888,2005-12-21,5.0,5.0,5.0,5.0,39658256,17214,13,5.0,5.0
889,2005-12-24,5.0,5.0,5.0,5.0,106611459,46780,24,5.0,5.0
890,2005-12-25,5.0,5.0,5.0,5.0,852301673,372214,58,5.0,5.0
891,2005-12-26,5.0,5.0,5.0,5.0,79671001,35400,21,5.0,5.0
892,2005-12-27,5.0,5.0,5.0,5.0,323033013,143562,43,5.0,5.0
893,2005-12-28,5.0,5.0,5.0,5.0,183449060,83213,41,5.0,5.0
894,2005-12-31,5.0,5.0,5.0,5.0,199065712,89975,30,5.0,5.0
895,2006-01-01,5.0,5.0,5.0,5.0,169188116,76771,42,5.0,5.0
896,2006-01-02,5.0,5.0,5.0,5.0,244007166,112071,31,5.0,5.0
897,2006-01-03,5.0,5.0,5.0,5.0,214450650,98115,41,5.0,5.0
898,2006-01-04,5.0,5.0,5.0,5.0,576944022,258394,31,5.0,5.0
899,2006-01-07,5.0,5.0,5.0,5.0,407884474,186470,52,5.0,5.0
900,2006-01-08,5.0,5.0,5.0,5.0,314999454,143745,45,5.0,5.0
901,2006-01-09,5.0,5.0,5.0,5.0,1087604243,495383,69,5.0,5.0
902,2006-01-10,5.0,5.0,5.0,5.0,382539785,174277,50,5.0,5.0
903,2006-01-14,5.0,5.0,5.0,5.0,429059055,195471,42,5.0,5.0
904,2006-01-15,5.0,5.0,5.0,5.0,647743270,295094,53,5.0,5.0
905,2006-01-16,5.0,5.0,5.0,5.0,472847749,215410,44,5.0,5.0
906,2006-01-17,5.0,5.0,5.0,5.0,258621502,117822,30,5.0,5.0
907,2006-01-18,5.0,5.0,5.0,5.0,379391664,172842,43,5.0,5.0
908,2006-03-18,4.0,4.0,4.0,4.0,1738885390,870933,158,5.0,4.0
909,2006-03-19,4.0,4.0,4.0,4.0,646448171,326995,74,4.0,4.0
910,2006-03-25,4.0,4.0,4.0,4.0,616463893,309670,31,4.0,4.0
911,2006-03-26,4.0,4.0,4.0,4.0,134901283,67543,22,4.0,4.0
912,2006-03-28,4.0,4.0,4.0,4.0,244699471,124104,58,4.0,4.0
913,2006-04-03,4.0,4.0,4.0,4.0,134616236,67518,29,4.0,4.0
914,2006-04-04,4.0,4.0,4.0,4.0,212036233,108014,53,4.0,4.0
915,2006-04-05,4.0,4.0,4.0,4.0,311274906,160129,53,4.0,4.0
916,2006-04-08,4.0,4.0,4.0,4.0,406820891,209903,65,4.0,4.0
917,2006-04-09,4.0,4.0,4.0,4.0,582873080,299889,119,4.0,4.0
918,2006-04-10,4.0,4.0,4.0,4.0,314455127,162434,59,4.0,4.0
919,2006-04-11,4.0,4.0,4.0,4.0,248182415,128763,65,4.0,4.0
920,2006-04-12,4.0,4.0,4.0,4.0,366982788,186022,62,4.0,4.0
921,2006-04-15,4.0,4.0,4.0,4.0,137601654,70719,34,4.0,4.0
922,2006-04-17,4.0,4.0,4.0,4.0,2440555675,1248968,42,4.0,4.0
923,2006-04-18,4.0,4.0,4.0,4.0,240258359,125302,69,4.0,4.0
924,2006-04-19,4.0,4.0,4.0,4.0,390328567,201927,69,4.0,4.0
925,2006-04-22,4.0,4.0,4.0,4.0,89896170,47070,14,4.0,4.0
926,2006-04-23,4.0,4.0,4.0,4.0,797183226,418460,93,4.0,4.0
927,2006-04-24,4.0,4.0,4.0,4.0,2397195415,1260875,85,4.0,4.0
928,2006-04-25,4.0,4.0,4.0,4.0,158077337,83409,29,4.0,4.0
929,2006-04-26,4.0,4.0,4.0,4.0,228953040,121139,51,4.0,4.0
930,2006-04-29,4.0,4.0,4.0,4.0,191332604,100998,43,4.0,4.0
931,2006-04-30,4.0,4.0,4.0,4.0,2267046382,1167545,63,4.0,4.0
932,2006-05-01,4.0,4.0,4.0,4.0,836898277,429360,103,4.0,4.0
933,2006-05-02,4.0,4.0,4.0,4.0,146091268,75613,37,4.0,4.0
934,2006-05-03,4.0,4.0,4.0,4.0,81583052,42907,34,4.0,4.0
935,2006-05-06,4.0,4.0,4.0,4.0,84512747,44331,36,4.0,4.0
936,2006-05-07,4.0,4.0,4.0,4.0,163035614,85509,48,4.0,4.0
937,2006-05-08,4.0,4.0,4.0,4.0,169756052,88337,40,4.0,4.0
938,2006-05-09,4.0,4.0,4.0,4.0,156224281,81230,44,4.0,4.0
939,2006-05-10,4.0,4.0,4.0,4.0,1580546431,818943,47,4.0,4.0
940,2006-05-13,4.0,4.0,4.0,4.0,227198181,117853,48,4.0,4.0
941,2006-05-14,4.0,4.0,4.0,4.0,245894188,127854,55,4.0,4.0
942,2006-05-15,4.0,4.0,4.0,4.0,45935406147,23426703,74,4.0,4.0
943,2006-05-16,4.0,4.0,4.0,4.0,170975955,88638,52,4.0,4.0
944,2006-05-17,4.0,4.0,4.0,4.0,167396271,86895,41,4.0,4.0
945,2006-05-20,4.0,4.0,4.0,4.0,2344345307,1218958,63,4.0,4.0
946,2006-05-21,4.0,4.0,4.0,4.0,6106606868,3187128,111,4.0,4.0
947,2006-05-22,4.0,4.0,4.0,4.0,618465036,320691,63,4.0,4.0
948,2006-05-23,4.0,4.0,4.0,4.0,255036863,133257,59,4.0,4.0
949,2006-05-24,4.0,4.0,4.0,4.0,98036070,52076,19,4.0,4.0
950,2006-05-27,4.0,4.0,4.0,4.0,236003431,122843,42,4.0,4.0
951,2006-05-28,4.0,4.0,4.0,4.0,5122499469,2655283,41,4.0,4.0
952,2006-05-29,4.0,4.0,4.0,4.0,180015168,94561,49,4.0,4.0
953,2006-05-30,4.0,4.0,4.0,4.0,3408535066,1776979,43,4.0,4.0
954,2006-05-31,4.0,4.0,4.0,4.0,384515130,199225,57,4.0,4.0
955,2006-06-03,4.0,4.0,4.0,4.0,263148599,134879,43,4.0,4.0
956,2006-06-06,4.0,4.0,4.0,4.0,302377710,154590,56,4.0,4.0
957,2006-06-07,4.0,4.0,4.0,4.0,106758441,54441,26,4.0,4.0
958,2006-06-10,4.0,4.0,4.0,4.0,4089700269,2083393,88,4.0,4.0
959,2006-06-11,4.0,4.0,4.0,4.0,99180892,50041,18,4.0,4.0
960,2006-06-12,4.0,4.0,4.0,4.0,2103790479,1060913,167,4.0,4.0
961,2006-06-13,4.0,4.0,4.0,4.0,1152560050,570010,99,4.0,4.0
962,2006-06-14,4.0,4.0,4.0,4.0,137012575,66999,21,4.0,4.0
963,2006-06-17,4.0,4.0,4.0,4.0,149041690,72810,27,4.0,4.0
964,2006-06-18,4.0,4.0,4.0,4.0,2100456537,1025113,257,4.0,4.0
965,2006-06-19,4.0,4.0,4.0,4.0,125362599,60011,31,4.0,4.0
966,2006-06-20,4.0,4.0,4.0,4.0,2104564542,1006006,266,4.0,4.0
967,2006-06-21,4.0,4.0,4.0,4.0,2151209310,1009010,282,4.0,4.0
968,2006-06-24,5.0,5.0,5.0,5.0,2173021720,1000010,267,4.0,5.0
969,2006-06-25,5.0,5.0,5.0,5.0,2327942850,1050990,297,5.0,5.0
970,2006-06-26,5.0,5.0,5.0,5.0,2281590000,1010000,347,5.0,5.0
971,2006-06-27,5.0,5.0,5.0,5.0,686824384,298101,129,5.0,5.0
972,2006-06-28,5.0,5.0,5.0,5.0,617765151,266623,117,5.0,5.0
973,2006-07-01,5.0,5.0,5.0,5.0,139672586,59997,27,5.0,5.0
974,2006-07-02,5.0,5.0,5.0,5.0,8340580346,3579781,1185,5.0,5.0
975,2006-07-03,5.0,5.0,5.0,5.0,2474975625,1042095,222,5.0,5.0
976,2006-07-04,5.0,5.0,5.0,5.0,2543100000,1050000,219,5.0,5.0
977,2006-07-05,5.0,5.0,5.0,5.0,3234514400,1309520,329,5.0,5.0
978,2006-07-08,5.0,5.0,5.0,5.0,2642899534,1049186,310,5.0,5.0
979,2006-07-09,5.0,5.0,5.0,5.0,2680856829,1043541,271,5.0,5.0
980,2006-07-10,6.0,6.0,6.0,6.0,17066190060,6513813,1295,5.0,6.0
981,2006-07-11,5.0,6.0,5.0,6.0,9996407346,3747469,961,6.0,6.0
982,2006-07-12,6.0,6.0,6.0,6.0,23072392122,8559924,759,6.0,6.0
983,2006-07-15,6.0,6.0,6.0,6.0,3383957177,1285209,358,6.0,6.0
984,2006-07-16,5.0,6.0,5.0,6.0,12423117966,4709972,464,6.0,6.0
985,2006-07-17,6.0,6.0,6.0,6.0,9982446045,3717857,652,6.0,6.0
986,2006-07-24,6.0,6.0,6.0,6.0,4498968889,1647091,332,6.0,6.0
987,2006-07-25,6.0,6.0,6.0,6.0,9018395355,3238203,241,6.0,6.0
988,2006-07-26,6.0,6.0,6.0,6.0,2529755490,890759,171,6.0,6.0
989,2006-07-29,6.0,6.0,6.0,6.0,37732669,13061,13,6.0,6.0
990,2006-07-30,6.0,6.0,6.0,6.0,13847014620,4793125,771,6.0,6.0
991,2006-07-31,6.0,6.0,6.0,6.0,3630174865,1232657,202,6.0,6.0
992,2006-08-01,6.0,6.0,6.0,6.0,20739419681,6919560,1350,6.0,6.0
993,2006-08-02,6.0,6.0,6.0,6.0,11868513746,3952070,540,6.0,6.0
994,2006-08-05,6.0,6.0,6.0,6.0,11047877332,3609949,585,6.0,6.0
995,2006-08-06,7.0,7.0,7.0,7.0,5572356408,1784296,373,6.0,7.0
996,2006-08-07,7.0,7.0,7.0,7.0,4454464560,1398576,384,7.0,7.0
997,2006-08-09,7.0,7.0,7.0,7.0,4482041872,1379939,530,7.0,7.0
998,2006-08-12,7.0,7.0,7.0,7.0,52642581544,15895603,2203,7.0,7.0
999,2006-08-13,7.0,7.0,7.0,7.0,25872538035,7899531,931,7.0,7.0
1000,2006-08-14,7.0,7.0,7.0,7.0,28744041657,8979641,1877,7.0,7.0
1001,2006-08-15,7.0,7.0,7.0,7.0,22101162656,6813546,1115,7.0,7.0
1002,2006-08-16,7.0,7.0,7.0,7.0,9243933633,2828455,469,7.0,7.0
1003,2006-08-19,7.0,7.0,7.0,7.0,11497862146,3547482,539,7.0,7.0
1004,2006-08-20,7.0,7.0,7.0,7.0,10133137183,3103158,433,7.0,7.0
1005,2006-08-21,7.0,7.0,7.0,7.0,5950052115,1818153,447,7.0,7.0
1006,2006-08-23,7.0,7.0,7.0,7.0,1031304969,309647,116,7.0,7.0
1007,2006-08-26,7.0,7.0,7.0,7.0,461754672,137673,60,7.0,7.0
1008,2006-08-27,7.0,7.0,7.0,7.0,1314894610,391105,164,7.0,7.0
1009,2006-08-28,7.0,7.0,7.0,7.0,359161280,106010,69,7.0,7.0
1010,2006-08-29,7.0,7.0,7.0,7.0,999050582,294358,106,7.0,7.0
1011,2006-08-30,7.0,7.0,7.0,7.0,1114845761,326647,146,7.0,7.0
1012,2006-09-02,7.0,7.0,7.0,7.0,288680215,84041,59,7.0,7.0
1013,2006-09-03,7.0,7.0,7.0,7.0,395599400,115000,89,7.0,7.0
1014,2006-09-04,7.0,7.0,7.0,7.0,1405289795,407685,164,7.0,7.0
1015,2006-09-05,7.0,7.0,7.0,7.0,737231135,212153,100,7.0,7.0
1016,2006-09-06,7.0,7.0,7.0,7.0,3110760919,891591,281,7.0,7.0
1017,2006-09-10,7.0,7.0,7.0,7.0,4118717100,1160202,224,7.0,7.0
1018,2006-09-11,8.0,8.0,7.0,7.0,559052822,154392,71,7.0,7.0
1019,2006-09-12,8.0,8.0,8.0,8.0,535455698,147468,69,7.0,8.0
1020,2006-09-13,8.0,8.0,8.0,8.0,4358863201,1197161,258,8.0,8.0
1021,2006-09-16,8.0,8.0,8.0,8.0,5166312756,1391412,434,8.0,8.0
1022,2006-09-17,8.0,8.0,8.0,8.0,5318568836,1404428,362,8.0,8.0
1023,2006-09-18,8.0,8.0,8.0,8.0,71086696702,18457963,3355,8.0,8.0
1024,2006-09-19,8.0,8.0,8.0,8.0,37366407965,9591061,1491,8.0,8.0
1025,2006-09-20,8.0,8.0,8.0,8.0,9769444478,2526554,749,8.0,8.0
1026,2006-09-23,8.0,8.0,8.0,8.0,10461438585,2680521,445,8.0,8.0
1027,2006-09-24,8.0,8.0,8.0,8.0,4632715345,1190213,282,8.0,8.0
1028,2006-09-25,8.0,8.0,8.0,8.0,14004066985,3631867,423,8.0,8.0
1029,2006-09-26,8.0,8.0,8.0,8.0,7069440709,1850963,440,8.0,8.0
1030,2006-09-27,8.0,8.0,8.0,8.0,12282824331,3172864,805,8.0,8.0
1031,2006-09-30,8.0,8.0,8.0,8.0,22958690926,5809424,1013,8.0,8.0
1032,2006-10-01,8.0,8.0,8.0,8.0,41570523580,10336166,1644,8.0,8.0
1033,2006-10-02,8.0,8.0,8.0,8.0,18788892621,4703077,455,8.0,8.0
1034,2006-10-03,8.0,8.0,8.0,8.0,5018394992,1277488,349,8.0,8.0
1035,2006-10-04,8.0,8.0,8.0,8.0,8541276042,2215736,629,8.0,8.0
1036,2006-10-07,8.0,8.0,8.0,8.0,6763066719,1787002,523,8.0,8.0
1037,2006-10-08,8.0,8.0,8.0,8.0,11986191800,3231594,708,8.0,8.0
1038,2006-10-09,8.0,8.0,8.0,8.0,6275376569,1696719,525,8.0,8.0
1039,2006-10-10,8.0,8.0,8.0,8.0,2904508797,798667,218,8.0,8.0
1040,2006-10-11,8.0,8.0,8.0,8.0,1452872014,406284,88,8.0,8.0
1041,2006-10-14,7.0,8.0,7.0,8.0,403095908,113644,28,8.0,8.0
1042,2006-10-16,7.0,8.0,7.0,8.0,5135809,1451,2,8.0,8.0
1043,2006-10-17,7.0,8.0,7.0,7.0,19837117336,5596832,1274,8.0,7.0
1044,2006-10-18,7.0,8.0,7.0,7.0,8444979528,2405167,565,7.0,7.0
1045,2006-10-21,7.0,7.0,7.0,7.0,4972766650,1418513,384,7.0,7.0
1046,2006-10-22,8.0,8.0,7.0,7.0,553501365,155074,76,7.0,7.0
1047,2006-10-23,8.0,8.0,7.0,7.0,928622030,259030,103,7.0,7.0
1048,2006-10-28,8.0,8.0,7.0,8.0,5340247353,1485001,405,7.0,8.0
1049,2006-10-29,7.0,8.0,7.0,8.0,1562710847,443285,143,8.0,8.0
1050,2006-10-30,7.0,8.0,7.0,7.0,2259460665,640124,220,8.0,7.0
1051,2006-10-31,7.0,7.0,7.0,7.0,2408921734,690487,182,7.0,7.0
1052,2006-11-01,7.0,8.0,7.0,7.0,15293681467,4303356,248,7.0,7.0
1053,2006-11-04,8.0,8.0,7.0,8.0,9335561976,2592073,287,7.0,8.0
1054,2006-11-05,8.0,8.0,7.0,8.0,5899278990,1645892,297,8.0,8.0
1055,2006-11-06,8.0,8.0,7.0,8.0,6983602014,1932673,370,8.0,8.0
1056,2006-11-11,8.0,8.0,8.0,8.0,5292366364,1390406,380,8.0,8.0
1057,2006-11-12,8.0,8.0,8.0,8.0,2881984868,752807,234,8.0,8.0
1058,2006-11-13,8.0,8.0,8.0,8.0,6099704255,1606341,242,8.0,8.0
1059,2006-11-14,8.0,8.0,8.0,8.0,2850578383,738687,201,8.0,8.0
1060,2006-11-15,8.0,8.0,8.0,8.0,3909354006,998048,268,8.0,8.0
1061,2006-11-18,8.0,8.0,8.0,8.0,1471844416,368514,140,8.0,8.0
1062,2006-11-19,8.0,8.0,8.0,8.0,22335915250,5559324,1258,8.0,8.0
1063,2006-11-20,8.0,9.0,8.0,8.0,9024909279,2283543,515,8.0,8.0
1064,2006-11-21,8.0,8.0,8.0,8.0,8125645271,2083066,445,8.0,8.0
1065,2006-11-22,8.0,8.0,8.0,8.0,9953322841,2502455,491,8.0,8.0
1066,2006-11-25,9.0,9.0,8.0,8.0,6981496941,1740851,467,8.0,8.0
1067,2006-11-26,8.0,8.0,8.0,8.0,12071803244,3065757,390,8.0,8.0
1068,2006-11-27,8.0,8.0,8.0,8.0,6447461223,1636024,361,8.0,8.0
1069,2006-11-28,8.0,8.0,8.0,8.0,9613844733,2391235,567,8.0,8.0
1070,2006-11-29,9.0,9.0,9.0,9.0,17043109695,4157101,1055,8.0,9.0
1071,2006-12-02,9.0,9.0,9.0,9.0,16236206800,3884260,893,9.0,9.0
1072,2006-12-03,9.0,9.0,9.0,9.0,20691787077,4860727,930,9.0,9.0
1073,2006-12-04,9.0,9.0,9.0,9.0,16914260652,3994603,780,9.0,9.0
1074,2006-12-05,9.0,9.0,9.0,9.0,6016022155,1445667,333,9.0,9.0
1075,2006-12-06,9.0,9.0,9.0,9.0,11412203571,2712856,744,9.0,9.0
1076,2006-12-09,9.0,9.0,9.0,9.0,3649688410,850831,170,9.0,9.0
1077,2006-12-10,9.0,9.0,9.0,9.0,43637569657,10024681,1336,9.0,9.0
1078,2006-12-11,9.0,9.0,9.0,9.0,13193939025,2978827,671,9.0,9.0
1079,2006-12-12,9.0,10.0,9.0,9.0,21137278673,4725768,766,9.0,9.0
1080,2006-12-24,10.0,10.0,9.0,10.0,30170407708,6563484,1553,9.0,10.0
1081,2006-12-25,9.0,10.0,9.0,10.0,1397618315,310237,88,10.0,10.0
1082,2006-12-26,9.0,9.0,9.0,9.0,4603058889,1028157,220,10.0,9.0
1083,2006-12-27,9.0,9.0,9.0,9.0,32386697458,7368239,1754,9.0,9.0
1084,2006-12-30,9.0,9.0,9.0,9.0,5689727749,1302599,442,9.0,9.0
1085,2007-01-01,9.0,9.0,9.0,9.0,4221043976,984784,309,9.0,9.0
1086,2007-01-02,9.0,9.0,9.0,9.0,7699013384,1800623,554,9.0,9.0
1087,2007-01-03,9.0,9.0,9.0,9.0,19165102625,4404917,883,9.0,9.0
1088,2007-01-06,9.0,9.0,9.0,9.0,518768830,121525,56,9.0,9.0
1089,2007-01-07,9.0,9.0,9.0,9.0,4967183100,1167650,280,9.0,9.0
1090,2007-01-09,9.0,9.0,9.0,9.0,4620031603,1108187,252,9.0,9.0
1091,2007-01-10,9.0,9.0,9.0,9.0,3633381612,889227,195,9.0,9.0
1092,2007-01-13,8.0,9.0,8.0,9.0,397940662,99138,26,9.0,9.0
1093,2007-01-14,8.0,9.0,8.0,9.0,120220850,30010,9,9.0,9.0
1094,2007-01-15,8.0,8.0,8.0,8.0,4511050544,1126636,259,9.0,8.0
1095,2007-01-16,8.0,8.0,8.0,8.0,17245425835,4393186,892,8.0,8.0
1096,2007-01-17,8.0,8.0,8.0,8.0,16657793687,4323958,993,8.0,8.0
1097,2007-01-20,8.0,8.0,8.0,8.0,3012585429,797380,258,8.0,8.0
1098,2007-01-21,8.0,8.0,8.0,8.0,5290587716,1422538,396,8.0,8.0
1099,2007-01-22,8.0,8.0,8.0,8.0,24219424213,6576177,414,8.0,8.0
1100,2007-01-23,8.0,8.0,8.0,8.0,9777629059,2727480,537,8.0,8.0
1101,2007-01-24,8.0,8.0,7.0,7.0,3245348715,922121,275,8.0,7.0
1102,2007-01-27,7.0,7.0,7.0,7.0,5502838718,1592095,347,7.0,7.0
1103,2007-01-28,7.0,7.0,7.0,7.0,9146576924,2694738,298,7.0,7.0
1104,2007-01-31,7.0,7.0,7.0,7.0,3002669564,867824,231,7.0,7.0
1105,2007-02-03,7.0,7.0,7.0,7.0,8618427891,2455463,452,7.0,7.0
1106,2007-02-04,7.0,7.0,7.0,7.0,1469295196,426419,162,7.0,7.0
1107,2007-02-05,7.0,7.0,7.0,7.0,1642985253,480663,149,7.0,7.0
1108,2007-02-06,7.0,7.0,7.0,7.0,1124560870,322107,81,7.0,7.0
1109,2007-02-07,7.0,7.0,7.0,7.0,388880233,110071,45,7.0,7.0
1110,2007-03-03,8.0,8.0,8.0,8.0,12523860067,3243128,766,7.0,8.0
1111,2007-03-04,8.0,8.0,8.0,8.0,1851483423,488699,150,8.0,8.0
1112,2007-03-05,8.0,8.0,8.0,8.0,150990730,40264,15,8.0,8.0
1113,2007-03-06,8.0,8.0,8.0,8.0,7532230,2010,2,8.0,8.0
1114,2007-03-07,8.0,8.0,8.0,8.0,114096890,30450,14,8.0,8.0
1115,2007-03-12,8.0,8.0,8.0,8.0,3959326350,1057230,149,8.0,8.0
1116,2007-03-13,8.0,8.0,8.0,8.0,14043958980,3821734,612,8.0,8.0
1117,2007-03-14,8.0,8.0,8.0,8.0,2236926891,617531,173,8.0,8.0
1118,2007-03-17,8.0,8.0,8.0,8.0,1950578700,525530,143,8.0,8.0
1119,2007-03-19,8.0,8.0,8.0,8.0,4561955968,1221825,282,8.0,8.0
1120,2007-03-25,8.0,8.0,8.0,8.0,1003679884,270314,61,8.0,8.0
1121,2007-03-26,8.0,8.0,8.0,8.0,566610734,152138,69,8.0,8.0
1122,2007-03-27,8.0,8.0,8.0,8.0,473351281,126562,49,8.0,8.0
1123,2007-03-28,8.0,8.0,8.0,8.0,556713007,146619,54,8.0,8.0
1124,2007-03-31,8.0,8.0,8.0,8.0,2378021688,624106,167,8.0,8.0
1125,2007-04-03,8.0,8.0,8.0,8.0,4650092338,1206317,168,8.0,8.0
1126,2007-04-04,8.0,8.0,8.0,8.0,2082592109,539669,101,8.0,8.0
1127,2007-04-07,8.0,8.0,8.0,8.0,9443029107,2417504,418,8.0,8.0
1128,2007-04-08,8.0,8.0,8.0,8.0,5246792498,1317128,302,8.0,8.0
1129,2007-04-09,9.0,9.0,8.0,8.0,11088476209,2759710,701,8.0,8.0
1130,2007-04-10,8.0,8.0,8.0,8.0,4566199894,1144248,224,8.0,8.0
1131,2007-04-11,8.0,8.0,8.0,8.0,4990104549,1275141,197,8.0,8.0
1132,2007-04-14,8.0,8.0,8.0,8.0,2119228637,550296,198,8.0,8.0
1133,2007-04-15,8.0,8.0,8.0,8.0,2360754726,619557,189,8.0,8.0
1134,2007-04-16,8.0,8.0,8.0,8.0,1912998147,507041,70,8.0,8.0
1135,2007-04-17,8.0,8.0,8.0,8.0,1009105067,268122,96,8.0,8.0
1136,2007-04-18,8.0,8.0,8.0,8.0,808126722,212707,84,8.0,8.0
1137,2007-04-21,8.0,8.0,8.0,8.0,4668131610,1202247,205,8.0,8.0
1138,2007-04-22,8.0,8.0,8.0,8.0,13436521406,3397200,533,8.0,8.0
1139,2007-04-23,8.0,8.0,8.0,8.0,653213403,167859,60,8.0,8.0
1140,2007-04-24,8.0,8.0,8.0,8.0,903491541,231589,116,8.0,8.0
1141,2007-04-25,8.0,8.0,8.0,8.0,2634410002,683052,198,8.0,8.0
1142,2007-04-28,8.0,8.0,8.0,8.0,1699692744,446681,125,8.0,8.0
1143,2007-04-29,8.0,8.0,8.0,8.0,413253257,109587,36,8.0,8.0
1144,2007-04-30,8.0,8.0,8.0,8.0,2028739615,536396,180,8.0,8.0
1145,2007-05-01,8.0,8.0,8.0,8.0,1293094027,339736,108,8.0,8.0
1146,2007-05-02,8.0,8.0,8.0,8.0,1271729574,336071,123,8.0,8.0
1147,2007-05-05,8.0,8.0,8.0,8.0,2712769804,728345,177,8.0,8.0
1148,2007-05-06,8.0,8.0,8.0,8.0,1822297182,496030,150,8.0,8.0
1149,2007-05-07,8.0,8.0,8.0,8.0,5546457291,1525140,292,8.0,8.0
1150,2007-05-08,8.0,8.0,8.0,8.0,5606236416,1514450,371,8.0,8.0
1151,2007-05-09,8.0,8.0,8.0,8.0,1264043328,335430,110,8.0,8.0
1152,2007-05-12,8.0,8.0,8.0,8.0,4441430525,1175251,62,8.0,8.0
1153,2007-05-13,8.0,8.0,8.0,8.0,7574595747,2008238,122,8.0,8.0
1154,2007-05-14,8.0,8.0,8.0,8.0,14430834325,3903685,201,8.0,8.0
1155,2007-05-15,8.0,8.0,8.0,8.0,14217327655,3874822,202,8.0,8.0
1156,2007-05-16,7.0,8.0,7.0,8.0,1806613766,507269,139,8.0,8.0
1157,2007-05-19,7.0,7.0,7.0,7.0,1966890232,559822,133,8.0,7.0
1158,2007-05-20,7.0,7.0,7.0,7.0,1534408361,437464,129,7.0,7.0
1159,2007-05-21,7.0,7.0,7.0,7.0,755198645,215401,62,7.0,7.0
1160,2007-05-22,7.0,7.0,7.0,7.0,890691663,254487,81,7.0,7.0
1161,2007-05-23,7.0,7.0,7.0,7.0,1166011661,337934,93,7.0,7.0
1162,2007-05-26,7.0,7.0,7.0,7.0,2987670224,872053,227,7.0,7.0
1163,2007-05-27,7.0,7.0,7.0,7.0,2249886030,656447,119,7.0,7.0
1164,2007-05-28,7.0,7.0,7.0,7.0,6174830370,1816679,153,7.0,7.0
1165,2007-05-29,7.0,7.0,7.0,7.0,2442351757,719306,115,7.0,7.0
1166,2007-05-30,7.0,7.0,7.0,7.0,2733091048,789816,134,7.0,7.0
1167,2007-06-02,7.0,7.0,7.0,7.0,3566495646,1014939,139,7.0,7.0
1168,2007-06-03,8.0,8.0,8.0,8.0,3629871616,1012799,145,7.0,8.0
1169,2007-06-06,8.0,8.0,8.0,8.0,183268340,50142,22,8.0,8.0
1170,2007-06-09,8.0,8.0,8.0,8.0,113088023,30907,33,8.0,8.0
1171,2007-06-10,8.0,8.0,8.0,8.0,2156259141,588981,159,8.0,8.0
1172,2007-06-11,8.0,8.0,8.0,8.0,406992387,109909,56,8.0,8.0
1173,2007-06-12,8.0,8.0,8.0,8.0,198671416,53536,25,8.0,8.0
1174,2007-06-13,8.0,8.0,8.0,8.0,188082340,50628,23,8.0,8.0
1175,2007-06-16,8.0,8.0,8.0,8.0,404991022,108898,42,8.0,8.0
1176,2007-06-17,8.0,8.0,8.0,8.0,3860366368,1035506,209,8.0,8.0
1177,2007-06-19,8.0,8.0,8.0,8.0,25538732735,6764926,1387,8.0,8.0
1178,2007-06-20,8.0,8.0,8.0,8.0,5262854409,1413823,324,8.0,8.0
1179,2007-06-23,8.0,8.0,8.0,8.0,3843885272,1012106,180,8.0,8.0
1180,2007-06-24,8.0,8.0,8.0,8.0,5474817760,1446048,227,8.0,8.0
1181,2007-06-25,8.0,8.0,8.0,8.0,3274597253,879000,167,8.0,8.0
1182,2007-06-26,8.0,8.0,8.0,8.0,4411965455,1190096,76,8.0,8.0
1183,2007-06-27,8.0,8.0,8.0,8.0,2866525533,784942,206,8.0,8.0
1184,2007-06-30,8.0,8.0,8.0,8.0,5979943838,1599121,303,8.0,8.0
1185,2007-07-01,8.0,8.0,8.0,8.0,1449749727,380229,110,8.0,8.0
1186,2007-07-02,8.0,8.0,8.0,8.0,309138354,80484,34,8.0,8.0
1187,2007-07-03,8.0,8.0,8.0,8.0,287285576,74678,32,8.0,8.0
1188,2007-07-04,8.0,8.0,8.0,8.0,1161960239,301573,82,8.0,8.0
1189,2007-07-07,8.0,8.0,8.0,8.0,11369133820,2934028,649,8.0,8.0
1190,2007-07-08,8.0,8.0,8.0,8.0,1997493075,515848,162,8.0,8.0
1191,2007-07-09,8.0,8.0,8.0,8.0,9511986970,2426687,278,8.0,8.0
1192,2007-07-10,8.0,8.0,8.0,8.0,6607941269,1658094,333,8.0,8.0
1193,2007-07-11,8.0,8.0,8.0,8.0,5882069989,1473980,291,8.0,8.0
1194,2007-07-14,8.0,8.0,8.0,8.0,25053909489,6301360,304,8.0,8.0
1195,2007-07-15,8.0,8.0,8.0,8.0,23518926096,5927052,309,8.0,8.0
1196,2007-07-16,8.0,9.0,8.0,8.0,13957458668,3468037,791,8.0,8.0
1197,2007-07-31,8.0,8.0,8.0,8.0,4023,1,1,8.0,8.0
1198,2007-08-06,9.0,10.0,9.0,9.0,35060514184,7907662,1472,8.0,9.0
1199,2007-08-07,9.0,10.0,9.0,9.0,40390572219,9039125,672,9.0,9.0
1200,2007-08-08,10.0,10.0,9.0,9.0,509627106,111736,46,9.0,9.0
1201,2007-08-12,10.0,10.0,9.0,9.0,634742083,138863,59,9.0,9.0
1202,2007-08-13,10.0,10.0,10.0,10.0,2560388892,557576,154,9.0,10.0
1203,2007-08-14,10.0,10.0,10.0,10.0,3123648158,668446,171,10.0,10.0
1204,2007-08-15,10.0,10.0,10.0,10.0,46288258397,9731475,1941,10.0,10.0
1205,2007-08-18,10.0,10.0,10.0,10.0,42883502750,9185508,1402,10.0,10.0
1206,2007-08-19,10.0,10.0,10.0,10.0,3817304822,801876,209,10.0,10.0
1207,2007-08-20,10.0,10.0,10.0,10.0,4194059720,863864,212,10.0,10.0
1208,2007-08-21,10.0,10.0,10.0,10.0,2988155608,603424,181,10.0,10.0
1209,2007-08-22,11.0,11.0,11.0,11.0,4801455702,951537,228,10.0,11.0
1210,2007-08-25,11.0,11.0,11.0,11.0,417916082,81212,47,11.0,11.0
1211,2007-08-26,11.0,11.0,11.0,11.0,355368300,68870,29,11.0,11.0
1212,2007-09-22,14.0,15.0,13.0,14.0,72858810657,11054305,2641,11.0,14.0
1213,2007-09-23,14.0,14.0,14.0,14.0,32479746091,4832583,1107,14.0,14.0
1214,2007-09-24,14.0,14.0,14.0,14.0,57111025996,8338377,2056,14.0,14.0
1215,2007-09-25,15.0,15.0,14.0,15.0,19603331470,2811305,591,14.0,15.0
1216,2007-09-26,15.0,15.0,14.0,14.0,45434612982,6628544,1376,15.0,14.0
1217,2007-09-29,15.0,15.0,14.0,14.0,14410025083,2122027,562,14.0,14.0
1218,2007-09-30,14.0,14.0,14.0,14.0,20571371110,3090578,667,14.0,14.0
1219,2007-10-01,14.0,14.0,14.0,14.0,169907198187,25953668,1012,14.0,14.0
1220,2007-10-02,14.0,14.0,14.0,14.0,9694467211,1456045,419,14.0,14.0
1221,2007-10-06,14.0,14.0,14.0,14.0,7351501976,1082536,261,14.0,14.0
1222,2007-10-07,15.0,15.0,15.0,15.0,6980964736,1007936,270,14.0,15.0
1223,2007-10-08,15.0,15.0,14.0,15.0,118261885593,16745025,2863,15.0,15.0
1224,2007-10-09,15.0,15.0,15.0,15.0,45151782013,6272474,1261,15.0,15.0
1225,2007-10-10,15.0,15.0,15.0,15.0,18832498626,2565386,490,15.0,15.0
1226,2007-10-14,16.0,16.0,15.0,16.0,61727107949,8263476,1804,15.0,16.0
1227,2007-10-15,15.0,16.0,15.0,15.0,7148064543,976358,271,16.0,15.0
1228,2007-10-16,16.0,16.0,15.0,16.0,36606545396,4910094,1238,15.0,16.0
1229,2007-10-17,16.0,16.0,16.0,16.0,14216625728,1869749,472,16.0,16.0
1230,2007-10-20,16.0,16.0,16.0,16.0,49494800800,6383857,1228,16.0,16.0
1231,2007-10-21,16.0,16.0,16.0,16.0,52377028450,6881690,1814,16.0,16.0
1232,2007-10-22,16.0,16.0,16.0,16.0,44732662840,5854425,973,16.0,16.0
1233,2007-10-23,16.0,16.0,16.0,16.0,16277218996,2126168,629,16.0,16.0
1234,2007-10-24,16.0,16.0,16.0,16.0,29679933110,3802933,924,16.0,16.0
1235,2007-10-27,17.0,17.0,16.0,17.0,37068380858,4696696,1323,16.0,17.0
1236,2007-10-28,16.0,16.0,16.0,16.0,5155745072,666533,182,17.0,16.0
1237,2007-10-29,16.0,16.0,16.0,16.0,20989826909,2761461,770,16.0,16.0
1238,2007-10-30,16.0,16.0,16.0,16.0,32498136649,4267243,997,16.0,16.0
1239,2007-10-31,16.0,16.0,16.0,16.0,53867186869,7196516,1098,16.0,16.0
1240,2007-11-03,15.0,15.0,15.0,15.0,25421528832,3465312,430,16.0,15.0
1241,2007-11-04,15.0,15.0,15.0,15.0,5180847970,720563,142,15.0,15.0
1242,2007-11-05,15.0,15.0,15.0,15.0,4823396667,684461,149,15.0,15.0
1243,2007-11-12,15.0,15.0,15.0,15.0,10300112099,1491257,357,15.0,15.0
1244,2007-11-13,14.0,14.0,14.0,14.0,11178809364,1651286,432,15.0,14.0
1245,2007-11-14,14.0,14.0,14.0,14.0,4180448270,630155,95,14.0,14.0
1246,2007-11-17,14.0,14.0,14.0,14.0,3382360,520,3,14.0,14.0
1247,2007-11-20,14.0,14.0,14.0,14.0,16418860,2525,3,14.0,14.0
1248,2007-11-21,14.0,14.0,14.0,14.0,343644070,52860,16,14.0,14.0
1249,2007-11-24,14.0,14.0,14.0,14.0,14863420,2290,3,14.0,14.0
1250,2007-11-25,14.0,14.0,14.0,14.0,13046220,2010,2,14.0,14.0
1251,2007-11-27,14.0,14.0,14.0,14.0,1947454990,300070,68,14.0,14.0
1252,2007-11-28,14.0,14.0,14.0,14.0,2072195000,322370,76,14.0,14.0
1253,2007-12-01,13.0,13.0,13.0,13.0,43627572261,6856447,1167,14.0,13.0
1254,2007-12-15,14.0,14.0,13.0,13.0,66370577495,10657925,2167,13.0,13.0
1255,2007-12-16,13.0,13.0,13.0,13.0,7427451946,1216822,296,13.0,13.0
1256,2007-12-17,13.0,13.0,13.0,13.0,5994917787,1002327,118,13.0,13.0
1257,2007-12-18,12.0,12.0,12.0,12.0,7235103156,1234238,301,13.0,12.0
1258,2007-12-19,12.0,12.0,12.0,12.0,5904705255,1027799,124,12.0,12.0
1259,2007-12-23,12.0,12.0,12.0,12.0,4747056882,843022,177,12.0,12.0
1260,2007-12-24,12.0,12.0,12.0,12.0,4580449898,829942,180,12.0,12.0
1261,2007-12-25,11.0,11.0,11.0,11.0,4409254530,815170,106,12.0,11.0
1262,2007-12-26,11.0,12.0,11.0,11.0,25727575331,4814680,1006,11.0,11.0
1263,2007-12-30,11.0,11.0,11.0,11.0,3442503832,631768,118,11.0,11.0
1264,2007-12-31,12.0,12.0,12.0,12.0,3780104794,680242,165,11.0,12.0
1265,2008-01-01,12.0,12.0,12.0,12.0,8177672753,1442940,431,12.0,12.0
1266,2008-01-02,12.0,12.0,12.0,12.0,8187547041,1420708,402,12.0,12.0
1267,2008-01-05,12.0,12.0,12.0,12.0,4591681992,781164,153,12.0,12.0
1268,2008-01-06,12.0,12.0,12.0,12.0,10883364391,1864816,405,12.0,12.0
1269,2008-01-08,12.0,12.0,12.0,12.0,10588097027,1850678,404,12.0,12.0
1270,2008-01-09,12.0,12.0,12.0,12.0,7788483442,1335089,277,12.0,12.0
1271,2008-01-12,13.0,13.0,12.0,13.0,3869986369,650553,167,12.0,13.0
1272,2008-01-13,13.0,13.0,13.0,13.0,4108538196,677306,108,13.0,13.0
1273,2008-01-14,13.0,13.0,13.0,13.0,4011539434,648382,132,13.0,13.0
1274,2008-01-15,13.0,13.0,13.0,13.0,4038242250,639975,147,13.0,13.0
1275,2008-01-16,14.0,14.0,14.0,14.0,61020157296,9481081,1688,13.0,14.0
1276,2008-01-20,14.0,14.0,13.0,14.0,10170951204,1584258,486,14.0,14.0
1277,2008-01-21,14.0,14.0,14.0,14.0,4430485368,676777,219,14.0,14.0
1278,2008-01-22,14.0,14.0,14.0,14.0,19350212021,2903846,744,14.0,14.0
1279,2008-01-23,14.0,14.0,14.0,14.0,33901120659,5185703,952,14.0,14.0
1280,2008-01-26,14.0,14.0,13.0,14.0,10118019989,1573493,427,14.0,14.0
1281,2008-01-27,13.0,13.0,13.0,13.0,11240210840,1783566,367,14.0,13.0
1282,2008-01-28,13.0,14.0,13.0,14.0,14036475662,2185317,550,13.0,14.0
1283,2008-01-29,14.0,14.0,13.0,13.0,4301864793,676364,198,14.0,13.0
1284,2008-01-30,13.0,14.0,13.0,14.0,9790168983,1515625,419,13.0,14.0
1285,2008-02-02,14.0,14.0,14.0,14.0,7221330976,1097155,342,14.0,14.0
1286,2008-02-03,14.0,14.0,14.0,14.0,9902060,1535,6,14.0,14.0
1287,2008-02-04,14.0,14.0,14.0,14.0,6421837314,995275,297,14.0,14.0
1288,2008-02-05,13.0,13.0,13.0,13.0,13325279581,2107345,508,14.0,13.0
1289,2008-02-06,13.0,14.0,13.0,13.0,3886065828,622393,196,13.0,13.0
1290,2008-02-09,13.0,13.0,13.0,13.0,3125519520,509456,148,13.0,13.0
1291,2008-02-10,13.0,13.0,13.0,13.0,3026915273,501726,155,13.0,13.0
1292,2008-02-12,12.0,13.0,12.0,13.0,2766834222,465867,155,13.0,13.0
1293,2008-02-13,12.0,13.0,12.0,13.0,1408995346,238454,130,13.0,13.0
1294,2008-02-16,13.0,13.0,12.0,12.0,2254295367,386052,141,13.0,12.0
1295,2008-02-17,12.0,12.0,12.0,12.0,1068538282,185335,59,12.0,12.0
1296,2008-02-18,12.0,12.0,12.0,12.0,1119859738,195398,80,12.0,12.0
1297,2008-02-19,12.0,12.0,12.0,12.0,5310931980,909988,232,12.0,12.0
1298,2008-02-20,12.0,13.0,12.0,12.0,5814035843,977047,157,12.0,12.0
1299,2008-02-23,13.0,13.0,13.0,13.0,14210556456,2354365,471,12.0,13.0
1300,2008-02-24,13.0,13.0,13.0,13.0,4636966417,755376,243,13.0,13.0
1301,2008-02-25,13.0,13.0,13.0,13.0,10866794912,1738897,365,13.0,13.0
1302,2008-02-26,13.0,13.0,13.0,13.0,1313424600,213813,61,13.0,13.0
1303,2008-02-27,13.0,13.0,13.0,13.0,3466059857,569233,103,13.0,13.0
1304,2008-03-01,13.0,13.0,13.0,13.0,1692559906,283084,56,13.0,13.0
1305,2008-03-02,12.0,13.0,12.0,13.0,217443848,36693,12,13.0,13.0
1306,2008-03-03,12.0,13.0,12.0,12.0,5567673956,937500,290,13.0,12.0
1307,2008-03-04,13.0,13.0,12.0,13.0,1942121360,322194,119,12.0,13.0
1308,2008-03-05,13.0,13.0,13.0,13.0,4475407730,734591,164,13.0,13.0
1309,2008-03-09,13.0,13.0,13.0,13.0,819568296,131912,54,13.0,13.0
1310,2008-03-10,13.0,13.0,13.0,13.0,11905489126,1908822,287,13.0,13.0
1311,2008-03-11,13.0,13.0,13.0,13.0,4359636260,712132,208,13.0,13.0
1312,2008-03-12,13.0,13.0,13.0,13.0,1781376028,292773,107,13.0,13.0
1313,2008-03-15,13.0,13.0,13.0,13.0,3028564973,498939,159,13.0,13.0
1314,2008-03-16,13.0,13.0,13.0,13.0,9524820884,1565936,207,13.0,13.0
1315,2008-03-17,13.0,13.0,13.0,13.0,2687622552,430778,128,13.0,13.0
1316,2008-03-18,13.0,13.0,13.0,13.0,23034183456,3642344,620,13.0,13.0
1317,2008-03-24,14.0,14.0,13.0,13.0,5470052481,866140,86,13.0,13.0
1318,2008-03-26,13.0,13.0,13.0,13.0,1152563865,183885,35,13.0,13.0
1319,2008-03-29,13.0,14.0,13.0,13.0,1299464925,204951,49,13.0,13.0
1320,2008-03-30,13.0,14.0,13.0,13.0,1594853666,249510,66,13.0,13.0
1321,2008-04-02,14.0,14.0,13.0,13.0,5520837799,853482,96,13.0,13.0
1322,2008-04-05,14.0,14.0,14.0,14.0,13117439848,2005538,349,13.0,14.0
1323,2008-04-06,14.0,14.0,14.0,14.0,13718062270,2056681,343,14.0,14.0
1324,2008-04-07,14.0,14.0,14.0,14.0,38362540579,5639063,989,14.0,14.0
1325,2008-04-08,15.0,15.0,14.0,14.0,25431501645,3733298,1039,14.0,14.0
1326,2008-04-09,14.0,14.0,14.0,14.0,4248226014,630816,213,14.0,14.0
1327,2008-04-12,14.0,14.0,14.0,14.0,1971793125,298505,111,14.0,14.0
1328,2008-04-13,14.0,14.0,14.0,14.0,4646271060,710439,97,14.0,14.0
1329,2008-04-14,13.0,14.0,13.0,14.0,16884545788,2628965,541,14.0,14.0
1330,2008-04-15,14.0,21.0,14.0,14.0,2145986125098,216245347,455,14.0,14.0
1331,2008-04-16,14.0,14.0,14.0,14.0,2803878573,434714,168,14.0,14.0
1332,2008-04-19,13.0,14.0,13.0,14.0,1608101033,252448,88,14.0,14.0
1333,2008-04-20,13.0,13.0,13.0,13.0,2397649078,380096,106,14.0,13.0
1334,2008-04-21,13.0,13.0,13.0,13.0,34302942332,5504011,162,13.0,13.0
1335,2008-04-22,13.0,13.0,13.0,13.0,3666238603,592589,221,13.0,13.0
1336,2008-04-23,13.0,13.0,13.0,13.0,7547114791,1195643,264,13.0,13.0
1337,2008-04-26,13.0,14.0,13.0,13.0,5793594210,902010,132,13.0,13.0
1338,2008-04-27,13.0,13.0,13.0,13.0,9209171942,1466460,162,13.0,13.0
1339,2008-04-28,13.0,13.0,13.0,13.0,22863724619,3665183,205,13.0,13.0
1340,2008-04-29,13.0,13.0,13.0,13.0,2199703998,356382,134,13.0,13.0
1341,2008-04-30,13.0,13.0,13.0,13.0,1596721704,258244,106,13.0,13.0
1342,2008-05-03,13.0,13.0,13.0,13.0,1970155027,323983,142,13.0,13.0
1343,2008-05-04,13.0,13.0,13.0,13.0,44261651896,7323763,217,13.0,13.0
1344,2008-05-05,13.0,13.0,13.0,13.0,2333469427,381840,127,13.0,13.0
1345,2008-05-06,13.0,13.0,13.0,13.0,1178578238,190339,73,13.0,13.0
1346,2008-05-07,13.0,13.0,13.0,13.0,2795029122,448739,164,13.0,13.0
1347,2008-05-19,13.0,14.0,13.0,13.0,10424284468,1637812,486,13.0,13.0
1348,2008-05-20,13.0,13.0,13.0,13.0,4266324536,676545,234,13.0,13.0
1349,2008-05-21,13.0,14.0,13.0,14.0,6404764721,990639,337,13.0,14.0
1350,2008-05-24,14.0,14.0,14.0,14.0,8370120662,1279530,277,14.0,14.0
1351,2008-05-25,14.0,14.0,14.0,14.0,4458537454,691334,214,14.0,14.0
1352,2008-05-26,14.0,14.0,14.0,14.0,3197497567,488530,187,14.0,14.0
1353,2008-05-27,14.0,14.0,14.0,14.0,6235801457,941278,272,14.0,14.0
1354,2008-05-28,14.0,14.0,14.0,14.0,14675130617,2159948,433,14.0,14.0
1355,2008-05-31,15.0,15.0,14.0,14.0,9453763439,1387298,367,14.0,14.0
1356,2008-06-01,14.0,14.0,14.0,14.0,27877741114,4099422,800,14.0,14.0
1357,2008-06-02,14.0,17.0,14.0,14.0,311251590815,38181020,231,14.0,14.0
1358,2008-06-08,15.0,15.0,15.0,15.0,15714160394,2219388,534,14.0,15.0
1359,2008-06-09,15.0,15.0,15.0,15.0,41225735490,5655196,960,15.0,15.0
1360,2008-06-10,16.0,16.0,16.0,16.0,70468769622,9387559,782,15.0,16.0
1361,2008-06-11,16.0,16.0,16.0,16.0,42671045885,5525166,495,16.0,16.0
1362,2008-06-14,17.0,17.0,16.0,16.0,12879332408,1671961,531,16.0,16.0
1363,2008-06-15,16.0,17.0,16.0,16.0,25127587923,3212159,679,16.0,16.0
1364,2008-06-16,17.0,17.0,17.0,17.0,7896689196,981383,306,16.0,17.0
1365,2008-06-17,17.0,17.0,17.0,17.0,15642057464,1888642,484,17.0,17.0
1366,2008-06-18,18.0,18.0,18.0,18.0,9586106266,1125160,333,17.0,18.0
1367,2008-06-21,18.0,18.0,18.0,18.0,22276810250,2585236,684,18.0,18.0
1368,2008-06-22,18.0,18.0,18.0,18.0,18781912530,2235376,526,18.0,18.0
1369,2008-06-23,17.0,17.0,17.0,17.0,16237220837,1989108,467,18.0,17.0
1370,2008-06-24,17.0,17.0,17.0,17.0,826199229,104331,26,17.0,17.0
1371,2008-06-25,17.0,17.0,17.0,17.0,38183875123,4834843,958,17.0,17.0
1372,2008-06-28,17.0,17.0,16.0,17.0,2983040759,380587,163,17.0,17.0
1373,2008-06-29,16.0,17.0,16.0,17.0,684158950,87810,27,17.0,17.0
1374,2008-07-12,17.0,18.0,17.0,18.0,45422883973,5461934,1179,17.0,18.0
1375,2008-07-13,18.0,18.0,18.0,18.0,5712319571,667699,237,18.0,18.0
1376,2008-07-14,19.0,19.0,18.0,18.0,4439430641,503851,278,18.0,18.0
1377,2008-07-23,13.0,13.0,13.0,13.0,29388609808,4903294,962,18.0,13.0
1378,2008-07-26,12.0,13.0,12.0,12.0,4559474828,783768,134,13.0,12.0
1379,2008-07-27,12.0,13.0,12.0,12.0,9632420511,1667242,400,12.0,12.0
1380,2008-07-28,12.0,13.0,12.0,13.0,14646023903,2465529,555,12.0,13.0
1381,2008-07-29,13.0,13.0,13.0,13.0,19630332836,3220159,682,13.0,13.0
1382,2008-08-02,13.0,13.0,12.0,12.0,21124522478,3571624,344,13.0,12.0
1383,2008-08-03,12.0,12.0,12.0,12.0,14857311978,2577269,173,12.0,12.0
1384,2008-08-04,12.0,12.0,12.0,12.0,735440182,132012,45,12.0,12.0
1385,2008-08-05,12.0,12.0,12.0,12.0,2726009556,470738,189,12.0,12.0
1386,2008-08-06,12.0,12.0,12.0,12.0,1214977727,216568,110,12.0,12.0
1387,2008-08-09,12.0,12.0,12.0,12.0,1101677803,195450,81,12.0,12.0
1388,2008-08-10,12.0,12.0,12.0,12.0,2834826887,500669,181,12.0,12.0
1389,2008-08-11,12.0,12.0,12.0,12.0,1128663250,204769,81,12.0,12.0
1390,2008-08-12,11.0,12.0,11.0,12.0,2894604362,531216,133,12.0,12.0
1391,2008-08-13,11.0,11.0,11.0,11.0,2641710197,497287,125,12.0,11.0
1392,2008-08-16,11.0,11.0,11.0,11.0,604629809,112820,44,11.0,11.0
1393,2008-08-18,12.0,12.0,11.0,11.0,7106412211,1313389,244,11.0,11.0
1394,2008-08-19,12.0,12.0,11.0,11.0,773154898,138794,51,11.0,11.0
1395,2008-08-20,12.0,12.0,12.0,12.0,3557905872,634434,115,11.0,12.0
1396,2008-08-23,12.0,12.0,12.0,12.0,351237040,60810,31,12.0,12.0
1397,2008-08-24,12.0,12.0,12.0,12.0,3781423040,652870,143,12.0,12.0
1398,2008-08-25,13.0,13.0,12.0,12.0,5280231421,904727,331,12.0,12.0
1399,2008-08-26,12.0,12.0,12.0,12.0,898511523,158713,69,12.0,12.0
1400,2008-08-27,12.0,12.0,12.0,12.0,3094158760,550660,75,12.0,12.0
1401,2008-08-30,12.0,12.0,12.0,12.0,122738590,22430,20,12.0,12.0
1402,2008-08-31,12.0,12.0,12.0,12.0,3635261688,665068,108,12.0,12.0
1403,2008-09-01,11.0,12.0,11.0,12.0,3579067247,646579,199,12.0,12.0
1404,2008-09-02,12.0,12.0,12.0,12.0,86607972,15192,15,12.0,12.0
1405,2008-10-29,11.0,11.0,11.0,11.0,5367680750,999010,210,12.0,11.0
1406,2008-11-01,11.0,11.0,11.0,11.0,5024784010,963710,108,11.0,11.0
1407,2008-11-02,11.0,11.0,11.0,11.0,5213683075,1029355,114,11.0,11.0
1408,2008-11-03,10.0,11.0,10.0,11.0,1326830250,270010,54,11.0,11.0
1409,2008-11-05,10.0,10.0,10.0,10.0,1521532415,312109,37,11.0,10.0
1410,2008-11-08,10.0,10.0,10.0,10.0,12018530,2488,2,10.0,10.0
1411,2008-11-09,10.0,10.0,10.0,10.0,194690,40,2,10.0,10.0
1412,2008-11-18,10.0,10.0,10.0,10.0,4752720,984,1,10.0,10.0
1413,2008-11-22,10.0,10.0,10.0,10.0,468600,100,2,10.0,10.0
1414,2008-11-23,10.0,10.0,10.0,10.0,7319060,1610,1,10.0,10.0
1415,2008-11-24,9.0,9.0,9.0,9.0,4903920,1112,1,10.0,9.0
1416,2008-11-25,9.0,9.0,9.0,9.0,6472614,1513,2,9.0,9.0
1417,2008-11-26,9.0,9.0,9.0,9.0,4150000,1000,1,9.0,9.0
1418,2008-11-30,8.0,8.0,8.0,8.0,2053260,510,2,9.0,8.0
1419,2008-12-01,8.0,8.0,8.0,8.0,999936,256,2,8.0,8.0
1420,2008-12-02,8.0,8.0,8.0,8.0,8032680,2120,2,8.0,8.0
1421,2008-12-03,8.0,8.0,8.0,8.0,2206695448,600298,142,8.0,8.0
1422,2008-12-06,8.0,8.0,8.0,8.0,9895650,2775,5,8.0,8.0
1423,2008-12-07,8.0,8.0,8.0,8.0,303110,85,1,8.0,8.0
1424,2008-12-13,8.0,8.0,8.0,8.0,4243540,1190,1,8.0,8.0
1425,2008-12-22,8.0,8.0,8.0,8.0,35660,10,1,8.0,8.0
1426,2008-12-23,7.0,7.0,7.0,7.0,6920000,2000,1,8.0,7.0
1427,2008-12-24,7.0,7.0,7.0,7.0,3357000,1000,1,7.0,7.0
1428,2008-12-27,7.0,7.0,7.0,7.0,3452420,1060,2,7.0,7.0
1429,2008-12-28,7.0,7.0,7.0,7.0,2528000,800,1,7.0,7.0
1430,2008-12-29,6.0,6.0,6.0,7.0,2606100,850,1,7.0,6.0
1431,2008-12-30,6.0,6.0,6.0,6.0,2606100,850,1,7.0,6.0
1432,2008-12-31,6.0,6.0,6.0,6.0,8811950,2962,3,6.0,6.0
1433,2009-01-03,6.0,6.0,6.0,6.0,1962480,680,1,6.0,6.0
1434,2009-01-04,6.0,6.0,6.0,6.0,896000,320,1,6.0,6.0
1435,2009-01-05,6.0,6.0,6.0,6.0,14334534676,5277811,660,6.0,6.0
1436,2009-01-10,6.0,6.0,6.0,6.0,5377785309,2039688,548,6.0,6.0
1437,2009-01-11,5.0,6.0,5.0,5.0,6331209028,2474537,382,6.0,5.0
1438,2009-01-12,5.0,6.0,5.0,5.0,1780500058,683267,173,5.0,5.0
1439,2009-01-13,6.0,6.0,5.0,5.0,394320192,152273,59,5.0,5.0
1440,2009-01-14,5.0,5.0,5.0,5.0,12538680488,4982902,632,5.0,5.0
1441,2009-01-17,5.0,5.0,5.0,5.0,217243308,84662,29,5.0,5.0
1442,2009-01-18,5.0,5.0,5.0,5.0,195902667,75640,15,5.0,5.0
1443,2009-01-19,5.0,5.0,5.0,5.0,145656000,56000,12,5.0,5.0
1444,2009-01-20,5.0,5.0,5.0,5.0,2399205,921,2,5.0,5.0
1445,2009-01-21,5.0,5.0,5.0,5.0,20636810,7922,5,5.0,5.0
1446,2009-01-24,5.0,5.0,5.0,5.0,3209372392,1231532,243,5.0,5.0
1447,2009-01-25,6.0,6.0,5.0,5.0,491328226,193468,51,5.0,5.0
1448,2009-01-26,5.0,5.0,5.0,5.0,569649563,225036,59,5.0,5.0
1449,2009-01-27,5.0,5.0,5.0,5.0,494175403,191593,49,5.0,5.0
1450,2009-01-28,6.0,6.0,5.0,5.0,131374560,50174,17,5.0,5.0
1451,2009-01-31,5.0,5.0,5.0,5.0,597116948,231385,63,5.0,5.0
1452,2009-02-01,5.0,5.0,5.0,5.0,213251380,82626,39,5.0,5.0
1453,2009-02-02,5.0,5.0,5.0,5.0,239163901,95467,28,5.0,5.0
1454,2009-02-03,5.0,5.0,5.0,5.0,744583104,298422,96,5.0,5.0
1455,2009-02-04,5.0,5.0,5.0,5.0,1039718244,420527,96,5.0,5.0
1456,2009-02-07,5.0,5.0,5.0,5.0,1545454238,633526,86,5.0,5.0
1457,2009-02-08,5.0,5.0,5.0,5.0,224754000,94000,25,5.0,5.0
1458,2009-02-09,5.0,5.0,5.0,5.0,561968400,235725,36,5.0,5.0
1459,2009-02-11,5.0,5.0,5.0,5.0,10173800,4300,3,5.0,5.0
1460,2009-02-15,5.0,5.0,5.0,5.0,2386395690,1008573,152,5.0,5.0
1461,2009-02-17,5.0,5.0,5.0,5.0,11686640,5090,6,5.0,5.0
1462,2009-02-18,5.0,5.0,5.0,5.0,1611792000,702000,74,5.0,5.0
1463,2009-02-25,4.0,5.0,4.0,4.0,2829106784,1356159,305,5.0,4.0
1464,2009-02-28,4.0,4.0,4.0,4.0,6177656848,3052202,368,4.0,4.0
1465,2009-03-01,4.0,4.0,4.0,4.0,3255962656,1656315,222,4.0,4.0
1466,2009-03-02,4.0,4.0,4.0,4.0,1320470588,688161,87,4.0,4.0
1467,2009-03-03,4.0,4.0,4.0,4.0,277500,148,1,4.0,4.0
1468,2009-03-04,4.0,4.0,4.0,4.0,935625,499,1,4.0,4.0
1469,2009-03-07,4.0,4.0,4.0,4.0,5476875,2921,3,4.0,4.0
1470,2009-03-09,4.0,4.0,4.0,4.0,1715625,915,10,4.0,4.0
1471,2009-03-10,4.0,4.0,4.0,4.0,377793750,201490,21,4.0,4.0
1472,2009-03-11,4.0,4.0,4.0,4.0,657639,353,2,4.0,4.0
1473,2009-03-16,4.0,4.0,4.0,4.0,525384630,282010,38,4.0,4.0
1474,2009-03-17,4.0,4.0,4.0,4.0,92397838,50053,11,4.0,4.0
1475,2009-03-25,4.0,4.0,4.0,4.0,9215000,5000,1,4.0,4.0
1476,2009-03-28,4.0,4.0,4.0,4.0,2801604300,1520100,269,4.0,4.0
1477,2009-03-29,4.0,4.0,4.0,4.0,3681659442,2036419,451,4.0,4.0
1478,2009-03-30,4.0,4.0,4.0,4.0,437551380,234990,46,4.0,4.0
1479,2009-03-31,4.0,4.0,4.0,4.0,2668495015,1423295,297,4.0,4.0
1480,2009-04-04,4.0,4.0,4.0,4.0,214481963,111073,24,4.0,4.0
1481,2009-04-05,4.0,4.0,4.0,4.0,38761938,20001,6,4.0,4.0
1482,2009-04-06,4.0,4.0,4.0,4.0,26975368,13912,4,4.0,4.0
1483,2009-04-07,4.0,4.0,4.0,4.0,160608720,82788,18,4.0,4.0
1484,2009-04-08,4.0,4.0,4.0,4.0,3341825090,1718162,369,4.0,4.0
1485,2009-04-11,4.0,4.0,4.0,4.0,1438982241,718447,145,4.0,4.0
1486,2009-04-12,4.0,4.0,4.0,4.0,8787968,4291,3,4.0,4.0
1487,2009-04-13,4.0,4.0,4.0,4.0,5271796429,2574624,489,4.0,4.0
1488,2009-04-14,4.0,4.0,4.0,4.0,1995636287,955090,211,4.0,4.0
1489,2009-04-15,5.0,5.0,4.0,4.0,573005952,266646,57,4.0,5.0
1490,2009-04-18,5.0,5.0,5.0,4.0,112627494,51926,14,4.0,5.0
1491,2009-04-19,5.0,5.0,5.0,4.0,313480416,144328,17,4.0,5.0
1492,2009-04-20,5.0,5.0,5.0,4.0,68259506,31283,14,4.0,5.0
1493,2009-04-22,5.0,5.0,5.0,4.0,17174976,7864,5,4.0,5.0
1494,2009-04-25,5.0,5.0,5.0,4.0,23541190,10774,5,4.0,5.0
1495,2009-04-26,5.0,5.0,5.0,4.0,251608600,115100,23,4.0,5.0
1496,2009-04-28,5.0,5.0,5.0,4.0,27205600,12400,5,4.0,5.0
1497,2009-04-29,5.0,5.0,5.0,5.0,293932450,133910,38,4.0,5.0
1498,2009-05-02,5.0,5.0,5.0,5.0,247857435,112407,25,5.0,5.0
1499,2009-05-03,5.0,5.0,5.0,5.0,6450049634,2914618,491,5.0,5.0
1500,2009-05-04,5.0,5.0,5.0,5.0,120502125,52875,14,5.0,5.0
1501,2009-05-05,5.0,5.0,5.0,5.0,810579150,355050,46,5.0,5.0
1502,2009-05-06,5.0,5.0,5.0,5.0,47830935,20715,9,5.0,5.0
1503,2009-05-09,5.0,5.0,5.0,5.0,19697370,8527,7,5.0,5.0
1504,2009-05-10,5.0,5.0,5.0,5.0,23110000,10000,1,5.0,5.0
1505,2009-05-11,5.0,5.0,5.0,5.0,108192352,46796,13,5.0,5.0
1506,2009-05-12,5.0,5.0,5.0,5.0,2351401060,1015724,204,5.0,5.0
1507,2009-05-13,5.0,5.0,5.0,5.0,575075632,241223,51,5.0,5.0
1508,2009-05-16,5.0,5.0,5.0,5.0,2444035000,1017500,201,5.0,5.0
1509,2009-05-17,5.0,5.0,5.0,5.0,21250540444,8603214,1912,5.0,5.0
1510,2009-05-18,5.0,5.0,5.0,5.0,2601816262,1064147,236,5.0,5.0
1511,2009-05-19,5.0,5.0,5.0,5.0,3750733813,1579520,116,5.0,5.0
1512,2009-05-20,5.0,5.0,5.0,5.0,987585990,404328,106,5.0,5.0
1513,2009-05-23,5.0,5.0,5.0,5.0,2040246284,824009,124,5.0,5.0
1514,2009-05-24,5.0,5.0,5.0,5.0,2117732423,846362,147,5.0,5.0
1515,2009-05-25,5.0,5.0,5.0,5.0,3890098873,1603515,172,5.0,5.0
1516,2009-05-26,5.0,5.0,5.0,5.0,170195401,70419,22,5.0,5.0
1517,2009-05-27,5.0,5.0,5.0,5.0,1776157398,714702,177,5.0,5.0
1518,2009-05-30,5.0,5.0,5.0,5.0,3461824774,1360782,297,5.0,5.0
1519,2009-05-31,6.0,6.0,6.0,6.0,4221663640,1611322,283,5.0,6.0
1520,2009-06-01,6.0,6.0,6.0,6.0,2700509140,1000930,221,6.0,6.0
1521,2009-06-02,6.0,6.0,6.0,6.0,2778775062,1000279,134,6.0,6.0
1522,2009-06-03,6.0,6.0,6.0,6.0,2861000000,1000000,190,6.0,6.0
1523,2009-06-06,6.0,6.0,6.0,6.0,2921412684,991654,111,6.0,6.0
1524,2009-06-07,6.0,6.0,6.0,6.0,11008403032,3638825,706,6.0,6.0
1525,2009-06-08,7.0,7.0,7.0,7.0,8228979605,2641727,311,6.0,7.0
1526,2009-06-09,7.0,7.0,7.0,7.0,3225297536,1005392,208,7.0,7.0
1527,2009-06-10,7.0,7.0,7.0,7.0,6377569128,1930257,403,7.0,7.0
1528,2009-06-13,7.0,7.0,7.0,7.0,21324801027,6438447,1237,7.0,7.0
1529,2009-06-14,7.0,7.0,7.0,7.0,9592883841,2975261,493,7.0,7.0
1530,2009-06-15,7.0,7.0,7.0,7.0,74843656,23927,6,7.0,7.0
1531,2009-06-16,7.0,7.0,7.0,7.0,3365983020,1076770,217,7.0,7.0
1532,2009-06-17,6.0,6.0,6.0,6.0,3197400732,1054204,153,7.0,6.0
1533,2009-06-20,6.0,7.0,6.0,6.0,4287358014,1400354,346,6.0,6.0
1534,2009-06-21,6.0,7.0,6.0,6.0,1202717628,395573,124,6.0,6.0
1535,2009-06-22,7.0,7.0,7.0,7.0,6555436642,2085396,448,6.0,7.0
1536,2009-06-23,7.0,7.0,7.0,7.0,17989471521,5562244,1181,7.0,7.0
1537,2009-06-24,7.0,7.0,7.0,7.0,3506810447,1081458,305,7.0,7.0
1538,2009-06-27,7.0,7.0,7.0,7.0,8925735688,2674433,568,7.0,7.0
1539,2009-06-28,7.0,7.0,7.0,7.0,7441739250,2184759,275,7.0,7.0
1540,2009-06-29,7.0,7.0,7.0,7.0,6316635262,1863169,430,7.0,7.0
1541,2009-06-30,7.0,7.0,7.0,7.0,7097464159,2063461,746,7.0,7.0
1542,2009-07-01,7.0,7.0,7.0,7.0,9248920011,2610477,326,7.0,7.0
1543,2009-07-04,8.0,8.0,7.0,8.0,8920431754,2493843,537,7.0,7.0
1544,2009-07-05,7.0,7.0,7.0,7.0,6272939786,1803698,483,8.0,7.0
1545,2009-07-07,7.0,7.0,7.0,7.0,401908297,115172,57,7.0,7.0
1546,2009-07-11,7.0,7.0,7.0,7.0,7439464375,2204281,323,7.0,7.0
1547,2009-07-12,7.0,7.0,7.0,7.0,6071880488,1853355,469,7.0,7.0
1548,2009-07-13,7.0,7.0,7.0,7.0,3782526100,1183323,200,7.0,7.0
1549,2009-07-14,7.0,7.0,7.0,7.0,1703329236,517521,90,7.0,7.0
1550,2009-07-15,7.0,7.0,7.0,7.0,2137511807,658190,170,7.0,7.0
1551,2009-07-26,7.0,7.0,7.0,7.0,3284601137,1161610,271,7.0,7.0
1552,2009-07-27,7.0,7.0,7.0,7.0,1361474828,480688,140,7.0,7.0
1553,2009-07-28,7.0,7.0,7.0,7.0,1064596202,381694,112,7.0,7.0
1554,2009-07-29,7.0,7.0,7.0,7.0,1126800452,395664,105,7.0,7.0
1555,2009-08-01,7.0,7.0,7.0,7.0,12322654416,4225876,707,7.0,7.0
1556,2009-08-02,7.0,7.0,7.0,7.0,3337942608,1111536,129,7.0,7.0
1557,2009-08-03,8.0,8.0,8.0,8.0,3366597501,1088457,142,7.0,8.0
1558,2009-08-04,8.0,8.0,8.0,8.0,3220672000,1011200,111,8.0,8.0
1559,2009-08-05,8.0,8.0,8.0,8.0,36843361840,11232816,1662,8.0,8.0
1560,2009-08-08,8.0,8.0,8.0,8.0,3265279518,966631,196,8.0,8.0
1561,2009-08-09,9.0,9.0,9.0,9.0,7124800655,2047945,222,8.0,9.0
1562,2009-08-10,9.0,9.0,8.0,9.0,87755919001,24630463,4661,9.0,9.0
1563,2009-08-11,9.0,9.0,9.0,9.0,28852597875,8284993,2163,9.0,9.0
1564,2009-08-12,9.0,9.0,9.0,9.0,6797450251,1895173,395,9.0,9.0
1565,2009-08-15,9.0,9.0,9.0,9.0,14578077154,3946591,838,9.0,9.0
1566,2009-08-16,9.0,9.0,9.0,9.0,42596119673,11199074,2310,9.0,9.0
1567,2009-08-17,10.0,10.0,9.0,10.0,22293516161,5762997,1334,9.0,9.0
1568,2009-08-18,9.0,10.0,9.0,9.0,36524589700,9713133,2027,10.0,9.0
1569,2009-08-19,9.0,10.0,9.0,10.0,36306710543,9445311,719,9.0,10.0
1570,2009-08-22,10.0,10.0,10.0,10.0,3961399406,1000683,167,10.0,10.0
1571,2009-08-23,10.0,10.0,10.0,10.0,4592552958,1126454,240,10.0,10.0
1572,2009-08-24,10.0,10.0,10.0,10.0,3429050365,816635,95,10.0,10.0
1573,2009-08-25,11.0,11.0,11.0,11.0,4062073831,943133,104,10.0,11.0
1574,2009-08-26,11.0,11.0,11.0,11.0,4302276780,969855,197,11.0,11.0
1575,2009-08-29,11.0,11.0,11.0,11.0,30751166592,6877050,1378,11.0,11.0
1576,2009-08-30,11.0,11.0,11.0,11.0,682490798,157321,51,11.0,11.0
1577,2009-08-31,11.0,11.0,11.0,11.0,35173368406,8131500,1828,11.0,11.0
1578,2009-09-01,11.0,11.0,11.0,11.0,21776475036,4889221,879,11.0,11.0
1579,2009-09-02,11.0,11.0,11.0,11.0,5538158252,1267849,331,11.0,11.0
1580,2009-09-05,11.0,11.0,11.0,11.0,4921849665,1161406,293,11.0,11.0
1581,2009-09-06,10.0,10.0,10.0,10.0,5520118138,1342758,292,11.0,10.0
1582,2009-09-07,10.0,11.0,10.0,10.0,11026996297,2757191,457,10.0,10.0
1583,2009-09-08,10.0,10.0,10.0,10.0,3759915192,913044,123,10.0,10.0
1584,2009-09-09,11.0,11.0,11.0,11.0,4000410157,944161,197,10.0,11.0
1585,2009-09-13,11.0,11.0,10.0,11.0,5160553019,1222402,308,11.0,11.0
1586,2009-09-14,10.0,11.0,10.0,10.0,1417785903,339849,103,11.0,10.0
1587,2009-09-15,10.0,10.0,10.0,10.0,1676912660,408716,123,10.0,10.0
1588,2009-09-16,10.0,10.0,10.0,10.0,1215413926,295695,78,10.0,10.0
1589,2009-09-19,10.0,10.0,10.0,10.0,147962729,35711,19,10.0,10.0
1590,2009-09-21,10.0,10.0,10.0,10.0,132934640,32260,17,10.0,10.0
1591,2009-09-22,10.0,11.0,10.0,11.0,6368397157,1495945,334,10.0,11.0
1592,2009-09-23,11.0,11.0,11.0,11.0,17971951316,4102503,656,11.0,11.0
1593,2009-09-26,11.0,11.0,11.0,11.0,5815645805,1363071,206,11.0,11.0
1594,2009-09-27,11.0,11.0,10.0,11.0,2298630352,542647,130,11.0,10.0
1595,2009-09-28,10.0,10.0,10.0,11.0,1201741777,289151,69,11.0,10.0
1596,2009-09-29,10.0,10.0,10.0,10.0,851229576,203188,67,11.0,10.0
1597,2009-09-30,10.0,10.0,10.0,10.0,1332558201,317472,87,10.0,10.0
1598,2009-10-03,10.0,11.0,10.0,11.0,4275910862,986653,125,10.0,11.0
1599,2009-10-04,11.0,11.0,11.0,11.0,13507955267,3030091,680,11.0,11.0
1600,2009-10-05,11.0,11.0,11.0,11.0,1035029538,235021,79,11.0,11.0
1601,2009-10-06,11.0,11.0,11.0,11.0,1281921530,296878,85,11.0,11.0
1602,2009-10-07,11.0,11.0,11.0,11.0,1101348480,256646,82,11.0,11.0
1603,2009-10-10,11.0,11.0,11.0,11.0,1700384518,397519,80,11.0,11.0
1604,2009-10-11,11.0,11.0,10.0,11.0,1528015409,361727,98,11.0,10.0
1605,2009-10-12,10.0,10.0,10.0,11.0,1969005627,472409,116,11.0,10.0
1606,2009-10-13,10.0,10.0,10.0,10.0,1478975740,353038,70,11.0,10.0
1607,2009-10-17,10.0,11.0,10.0,10.0,1059621914,253126,74,10.0,10.0
1608,2009-10-18,10.0,11.0,10.0,10.0,2865580992,683155,128,10.0,10.0
1609,2009-10-19,11.0,11.0,11.0,11.0,5247907560,1214487,270,10.0,11.0
1610,2009-10-20,11.0,11.0,11.0,11.0,4275922017,984750,202,11.0,11.0
1611,2009-10-21,11.0,11.0,11.0,11.0,1032940129,243154,80,11.0,11.0
1612,2009-10-24,11.0,11.0,11.0,11.0,11005772982,2501504,367,11.0,11.0
1613,2009-10-25,11.0,11.0,11.0,11.0,1357422895,312682,96,11.0,11.0
1614,2009-10-26,11.0,11.0,11.0,11.0,1061591210,246794,68,11.0,11.0
1615,2009-10-27,11.0,11.0,11.0,11.0,1666524172,391009,93,11.0,11.0
1616,2009-10-28,10.0,11.0,10.0,11.0,1688169143,399629,95,11.0,11.0
1617,2009-10-31,10.0,10.0,10.0,10.0,2227868526,534359,131,11.0,10.0
1618,2009-11-01,10.0,10.0,10.0,10.0,5794547151,1415181,243,10.0,10.0
1619,2009-11-02,10.0,10.0,10.0,10.0,1857982487,460636,110,10.0,10.0
1620,2009-11-03,10.0,10.0,10.0,10.0,2484825846,620929,125,10.0,10.0
1621,2009-11-04,10.0,10.0,10.0,10.0,6344603514,1540965,89,10.0,10.0
1622,2009-11-07,10.0,10.0,10.0,10.0,2575825736,641177,91,10.0,10.0
1623,2009-11-08,10.0,10.0,10.0,10.0,2325522282,587468,85,10.0,10.0
1624,2009-11-09,10.0,10.0,10.0,10.0,1138652741,290861,71,10.0,10.0
1625,2009-11-10,10.0,10.0,10.0,10.0,4299890906,1120225,93,10.0,10.0
1626,2009-11-11,10.0,10.0,10.0,10.0,147840334,37945,14,10.0,10.0
1627,2009-11-14,10.0,10.0,10.0,10.0,1087792171,279648,45,10.0,10.0
1628,2009-11-15,10.0,10.0,9.0,9.0,2138584614,571466,50,10.0,9.0
1629,2009-11-16,9.0,9.0,9.0,9.0,656339941,179437,49,9.0,9.0
1630,2009-12-15,8.0,8.0,8.0,8.0,2221230496,720862,77,9.0,8.0
1631,2009-12-16,8.0,8.0,7.0,7.0,3880682572,1304576,88,8.0,8.0
1632,2009-12-19,7.0,8.0,7.0,7.0,887434301,296184,33,7.0,7.0
1633,2009-12-20,8.0,8.0,8.0,8.0,2917713027,945593,39,7.0,8.0
1634,2009-12-21,8.0,8.0,8.0,8.0,3151850552,987456,88,8.0,8.0
1635,2009-12-22,8.0,8.0,8.0,8.0,183125712,58997,18,8.0,8.0
1636,2009-12-23,8.0,8.0,8.0,8.0,787450938,253729,36,8.0,8.0
1637,2009-12-28,8.0,8.0,8.0,8.0,1204220699,374720,38,8.0,8.0
1638,2009-12-29,8.0,8.0,8.0,8.0,1447707441,453290,38,8.0,8.0
1639,2009-12-30,8.0,8.0,8.0,8.0,910687690,284662,55,8.0,8.0
1640,2010-01-02,8.0,8.0,8.0,8.0,2063356575,624939,80,8.0,8.0
1641,2010-01-03,8.0,8.0,8.0,8.0,1913471542,567763,58,8.0,8.0
1642,2010-01-04,8.0,8.0,8.0,8.0,225670888,69377,16,8.0,8.0
1643,2010-01-05,8.0,8.0,8.0,8.0,662073203,199943,52,8.0,8.0
1644,2010-01-06,8.0,9.0,8.0,9.0,3318171998,966106,49,8.0,9.0
1645,2010-01-09,9.0,9.0,9.0,9.0,4652606250,1308750,44,9.0,9.0
1646,2010-01-10,9.0,9.0,9.0,9.0,12678876108,3455217,181,9.0,9.0
1647,2010-01-11,9.0,9.0,9.0,9.0,6541319631,1725964,134,9.0,9.0
1648,2010-01-12,10.0,10.0,9.0,9.0,2618482643,695231,101,9.0,9.0
1649,2010-01-13,9.0,9.0,9.0,9.0,1599191342,432835,80,9.0,9.0
1650,2010-01-16,9.0,9.0,9.0,9.0,989521127,268452,55,9.0,9.0
1651,2010-01-17,9.0,10.0,9.0,9.0,3007682860,794116,101,9.0,9.0
1652,2010-01-18,9.0,9.0,9.0,9.0,1935311854,512462,68,9.0,9.0
1653,2010-01-19,9.0,10.0,9.0,9.0,1795207982,472350,77,9.0,10.0
1654,2010-01-20,9.0,9.0,9.0,9.0,1228478120,325076,54,9.0,9.0
1655,2010-01-23,9.0,10.0,9.0,9.0,1315877609,348255,66,9.0,9.0
1656,2010-01-24,9.0,9.0,9.0,9.0,1040861132,277747,50,9.0,9.0
1657,2010-01-25,9.0,9.0,9.0,9.0,593842388,159043,26,9.0,9.0
1658,2010-01-26,9.0,9.0,9.0,9.0,698768970,188798,42,9.0,9.0
1659,2010-01-27,9.0,9.0,9.0,9.0,2458402826,660444,42,9.0,9.0
1660,2010-01-30,9.0,9.0,9.0,9.0,1393113199,385868,63,9.0,9.0
1661,2010-01-31,9.0,9.0,9.0,9.0,4479933030,1245083,35,9.0,9.0
1662,2010-02-01,9.0,9.0,9.0,9.0,4520372458,1256964,56,9.0,9.0
1663,2010-02-02,9.0,9.0,9.0,9.0,173402706,49067,15,9.0,9.0
1664,2010-02-03,9.0,9.0,9.0,9.0,641185926,177736,25,9.0,9.0
1665,2010-02-06,9.0,9.0,9.0,9.0,1090812162,308216,50,9.0,9.0
1666,2010-02-07,9.0,9.0,9.0,9.0,384469752,111276,12,9.0,9.0
1667,2010-02-08,9.0,9.0,9.0,9.0,218819050,63148,24,9.0,9.0
1668,2010-02-09,9.0,9.0,9.0,9.0,114090352,33142,12,9.0,9.0
1669,2010-02-10,9.0,9.0,9.0,9.0,169980180,49108,14,9.0,9.0
1670,2010-02-14,9.0,9.0,9.0,9.0,350560746,96981,16,9.0,9.0
1671,2010-02-16,9.0,9.0,9.0,9.0,707771026,193346,32,9.0,9.0
1672,2010-02-17,9.0,9.0,9.0,9.0,303313454,82144,41,9.0,9.0
1673,2010-02-20,9.0,9.0,9.0,9.0,3345854797,901698,44,9.0,9.0
1674,2010-02-21,9.0,10.0,9.0,10.0,3634841128,948484,61,9.0,10.0
1675,2010-02-22,10.0,10.0,10.0,10.0,12061387433,3041270,230,10.0,10.0
1676,2010-02-23,10.0,10.0,10.0,10.0,15279765003,3723295,223,10.0,10.0
1677,2010-02-24,11.0,11.0,10.0,10.0,1989573242,480617,111,10.0,10.0
1678,2010-02-27,10.0,10.0,10.0,10.0,1089283525,273395,60,10.0,10.0
1679,2010-02-28,10.0,11.0,10.0,10.0,11043460950,2620536,218,10.0,11.0
1680,2010-03-01,11.0,11.0,10.0,11.0,3624314445,854926,102,10.0,10.0
1681,2010-03-02,11.0,11.0,10.0,11.0,4728904288,1110215,122,11.0,10.0
1682,2010-03-03,11.0,11.0,11.0,11.0,2610269579,610632,87,11.0,11.0
1683,2010-03-06,11.0,11.0,11.0,11.0,5206768952,1188031,147,11.0,11.0
1684,2010-03-07,11.0,11.0,11.0,11.0,991636863,224710,57,11.0,11.0
1685,2010-03-08,11.0,11.0,11.0,11.0,2465381857,561645,53,11.0,11.0
1686,2010-03-09,11.0,11.0,11.0,11.0,26891828644,5948148,223,11.0,11.0
1687,2010-03-10,11.0,11.0,11.0,11.0,5323617629,1196056,92,11.0,11.0
1688,2010-03-13,11.0,11.0,11.0,11.0,1658434005,371336,57,11.0,11.0
1689,2010-03-14,11.0,11.0,11.0,11.0,6371790427,1477448,89,11.0,11.0
1690,2010-03-15,11.0,11.0,11.0,11.0,2939341441,677670,93,11.0,11.0
1691,2010-03-16,11.0,11.0,11.0,11.0,875815245,202720,49,11.0,11.0
1692,2010-03-17,11.0,11.0,11.0,11.0,508978338,117113,35,11.0,11.0
1693,2010-03-27,11.0,11.0,11.0,11.0,4313043158,962518,55,11.0,11.0
1694,2010-03-28,12.0,12.0,11.0,12.0,5175253051,1116533,78,11.0,12.0
1695,2010-03-29,12.0,12.0,12.0,12.0,27755848448,5786776,383,12.0,12.0
1696,2010-03-30,12.0,12.0,12.0,12.0,10773204647,2213196,145,12.0,12.0
1697,2010-03-31,12.0,12.0,12.0,12.0,5835070045,1201687,112,12.0,12.0
1698,2010-04-03,12.0,13.0,12.0,12.0,18799729378,3746014,229,12.0,13.0
1699,2010-04-04,13.0,13.0,12.0,13.0,56409058114,10902165,619,12.0,13.0
1700,2010-04-05,13.0,13.0,13.0,13.0,7804897601,1530858,185,13.0,13.0
1701,2010-04-06,13.0,13.0,13.0,13.0,26585025086,5068724,525,13.0,13.0
1702,2010-04-07,13.0,14.0,13.0,14.0,40865417755,7530003,523,13.0,14.0
1703,2010-04-10,14.0,14.0,13.0,13.0,9605863572,1798346,251,14.0,13.0
1704,2010-04-11,13.0,13.0,13.0,13.0,18622144183,3519902,302,13.0,13.0
1705,2010-04-12,13.0,13.0,13.0,13.0,15405712538,2977288,407,13.0,13.0
1706,2010-04-13,13.0,13.0,13.0,13.0,15294348218,2857363,160,13.0,13.0
1707,2010-04-14,14.0,14.0,13.0,13.0,26794472813,5027048,519,13.0,13.0
1708,2010-04-17,13.0,13.0,13.0,13.0,10637059749,2055049,259,13.0,13.0
1709,2010-04-18,13.0,13.0,13.0,13.0,7991112782,1496927,218,13.0,13.0
1710,2010-04-19,14.0,14.0,13.0,13.0,6618295737,1226145,249,13.0,13.0
1711,2010-04-20,13.0,13.0,13.0,13.0,6438598301,1227063,202,13.0,13.0
1712,2010-04-21,13.0,13.0,13.0,13.0,9161425432,1757153,216,13.0,13.0
1713,2010-04-24,13.0,13.0,13.0,13.0,16461845824,3271432,183,13.0,13.0
1714,2010-04-25,12.0,12.0,12.0,12.0,21506447985,4422466,336,13.0,12.0
1715,2010-04-26,12.0,13.0,12.0,13.0,9763699083,1943097,213,12.0,13.0
1716,2010-04-27,13.0,13.0,12.0,12.0,7797495827,1600534,209,13.0,12.0
1717,2010-04-28,12.0,12.0,12.0,12.0,4372591684,925516,124,12.0,12.0
1718,2010-05-01,12.0,12.0,12.0,12.0,4745852966,971869,62,12.0,12.0
1719,2010-05-02,12.0,13.0,12.0,12.0,4490514238,906376,151,12.0,12.0
1720,2010-05-03,12.0,12.0,12.0,12.0,1988567463,412023,91,12.0,12.0
1721,2010-05-04,12.0,12.0,12.0,12.0,1723145062,359432,98,12.0,12.0
1722,2010-05-05,12.0,12.0,12.0,12.0,8735224185,1863080,190,12.0,12.0
1723,2010-05-08,11.0,11.0,11.0,11.0,15812288000,3494400,186,12.0,11.0
1724,2010-05-09,11.0,12.0,11.0,12.0,3618247602,774236,86,11.0,12.0
1725,2010-05-10,12.0,12.0,12.0,12.0,8517489920,1771617,109,12.0,12.0
1726,2010-05-11,12.0,12.0,12.0,12.0,2388038900,493309,85,12.0,12.0
1727,2010-05-12,12.0,12.0,12.0,12.0,488671182,103432,43,12.0,12.0
1728,2010-05-15,12.0,12.0,12.0,12.0,3882369062,835340,78,12.0,12.0
1729,2010-05-16,12.0,12.0,11.0,12.0,454580298,97332,43,12.0,12.0
1730,2010-05-18,12.0,12.0,11.0,12.0,583614733,125800,36,12.0,12.0
1731,2010-05-19,11.0,12.0,11.0,12.0,667928500,145906,43,12.0,12.0
1732,2010-05-22,11.0,11.0,11.0,11.0,1274288775,282870,91,12.0,11.0
1733,2010-05-23,11.0,11.0,11.0,11.0,1416700942,311379,69,11.0,11.0
1734,2010-05-24,11.0,12.0,11.0,12.0,1809810365,382346,69,11.0,12.0
1735,2010-05-25,12.0,12.0,12.0,12.0,1351455856,284823,79,12.0,12.0
1736,2010-05-26,12.0,12.0,11.0,12.0,1137588899,249234,57,12.0,11.0
1737,2010-05-29,11.0,11.0,11.0,11.0,1389393026,306009,45,12.0,11.0
1738,2010-05-30,11.0,11.0,11.0,11.0,1159593740,257540,48,11.0,11.0
1739,2010-05-31,11.0,11.0,11.0,11.0,3334377110,741437,71,11.0,11.0
1740,2010-06-01,11.0,12.0,11.0,11.0,2143118130,468707,75,11.0,11.0
1741,2010-06-02,11.0,11.0,11.0,11.0,1266584303,280503,55,11.0,11.0
1742,2010-06-06,11.0,11.0,11.0,11.0,2272582610,511527,68,11.0,11.0
1743,2010-06-13,11.0,12.0,11.0,12.0,2863220148,614685,76,11.0,12.0
1744,2010-06-14,12.0,12.0,12.0,12.0,3430874338,719489,105,12.0,12.0
1745,2010-06-15,12.0,12.0,12.0,12.0,1874350252,392616,74,12.0,12.0
1746,2010-06-16,12.0,12.0,11.0,12.0,2348590859,505118,69,12.0,12.0
1747,2010-06-19,12.0,12.0,11.0,12.0,429697204,93943,41,12.0,11.0
1748,2010-06-20,11.0,11.0,11.0,12.0,1497884456,331063,50,12.0,11.0
1749,2010-06-21,11.0,12.0,11.0,11.0,703367748,153824,43,12.0,12.0
1750,2010-06-22,11.0,12.0,11.0,12.0,1680837138,362342,50,11.0,12.0
1751,2010-06-23,12.0,12.0,12.0,12.0,2573409221,540303,98,12.0,12.0
1752,2010-06-27,12.0,12.0,12.0,12.0,1016203164,211252,52,12.0,12.0
1753,2010-06-28,12.0,12.0,12.0,12.0,3147876365,655657,55,12.0,12.0
1754,2010-06-29,12.0,12.0,12.0,12.0,2668937195,554709,91,12.0,12.0
1755,2010-07-11,12.0,13.0,12.0,12.0,12259941444,2449582,271,12.0,12.0
1756,2010-07-12,12.0,12.0,12.0,12.0,56572695049,11356176,203,12.0,12.0
1757,2010-07-13,12.0,13.0,12.0,12.0,28097182305,5602669,461,12.0,12.0
1758,2010-07-14,12.0,13.0,12.0,13.0,21267458024,4221810,278,12.0,13.0
1759,2010-07-17,12.0,13.0,12.0,13.0,14442687013,2804365,254,13.0,13.0
1760,2010-07-18,13.0,13.0,13.0,13.0,26213822633,5018117,623,13.0,13.0
1761,2010-07-24,14.0,14.0,13.0,14.0,4904711846,984388,105,13.0,14.0
1762,2010-07-25,14.0,14.0,14.0,14.0,3312215326,655666,86,14.0,14.0
1763,2010-07-26,14.0,14.0,13.0,14.0,2338092334,470058,74,14.0,13.0
1764,2010-07-28,13.0,14.0,13.0,14.0,2692870813,543792,67,14.0,14.0
1765,2010-07-31,14.0,14.0,14.0,14.0,5624055848,1103540,118,14.0,14.0
1766,2010-08-01,14.0,14.0,14.0,14.0,5090455439,1016731,113,14.0,14.0
1767,2010-08-02,14.0,14.0,14.0,14.0,12144790963,2339497,205,14.0,14.0
1768,2010-08-03,14.0,15.0,14.0,14.0,15531512052,2931436,216,14.0,14.0
1769,2010-08-04,14.0,14.0,14.0,14.0,1921775396,370062,66,14.0,14.0
1770,2010-08-07,14.0,14.0,14.0,14.0,2257675865,435486,80,14.0,14.0
1771,2010-08-08,14.0,14.0,14.0,14.0,2216917354,434898,76,14.0,14.0
1772,2010-08-09,14.0,14.0,14.0,14.0,1872279992,370906,76,14.0,14.0
1773,2010-08-10,14.0,14.0,14.0,14.0,8350711094,1651079,91,14.0,14.0
1774,2010-08-11,14.0,14.0,13.0,14.0,933299289,185979,60,14.0,14.0
1775,2010-08-14,13.0,13.0,13.0,14.0,250772042,51400,25,14.0,13.0
1776,2010-08-15,13.0,13.0,13.0,13.0,21724509350,4448729,90,14.0,13.0
1777,2010-08-16,13.0,14.0,13.0,13.0,1131971617,228024,54,13.0,14.0
1778,2010-08-17,14.0,14.0,14.0,14.0,3402319880,668342,100,13.0,14.0
1779,2010-08-18,14.0,14.0,13.0,14.0,1549875736,311050,47,14.0,13.0
1780,2010-08-21,13.0,13.0,13.0,14.0,1160836293,238350,60,14.0,13.0
1781,2010-08-22,13.0,13.0,13.0,14.0,874178111,178676,31,14.0,13.0
1782,2010-08-23,13.0,14.0,13.0,14.0,4675693433,942115,55,14.0,13.0
1783,2010-08-24,14.0,14.0,13.0,14.0,169181769,34265,17,14.0,13.0
1784,2010-08-25,13.0,13.0,13.0,13.0,4200544078,858897,74,14.0,13.0
1785,2010-08-28,13.0,13.0,13.0,13.0,1057913110,216313,39,13.0,13.0
1786,2010-08-29,13.0,14.0,13.0,14.0,13977981324,2749479,121,13.0,14.0
1787,2010-08-30,14.0,14.0,14.0,14.0,1548134182,303461,73,14.0,14.0
1788,2010-08-31,14.0,14.0,14.0,14.0,3810579257,743985,89,14.0,14.0
1789,2010-09-04,14.0,14.0,14.0,14.0,1518409611,285469,48,14.0,14.0
1790,2010-09-05,15.0,15.0,15.0,15.0,4770073248,885972,47,14.0,15.0
1791,2010-09-06,15.0,15.0,15.0,15.0,15686212139,2850529,201,15.0,15.0
1792,2010-09-07,15.0,15.0,14.0,15.0,2925018172,550774,85,15.0,14.0
1793,2010-09-08,14.0,15.0,14.0,15.0,1591811090,301997,56,15.0,14.0
1794,2010-09-12,14.0,14.0,14.0,14.0,3420885573,648237,56,15.0,14.0
1795,2010-09-13,14.0,15.0,14.0,14.0,14009412142,2648822,60,14.0,14.0
1796,2010-09-14,14.0,14.0,14.0,14.0,3928510621,746063,63,14.0,14.0
1797,2010-09-15,14.0,14.0,14.0,14.0,6447407874,1218183,85,14.0,14.0
1798,2010-09-18,14.0,15.0,14.0,14.0,4911007961,924348,87,14.0,14.0
1799,2010-09-19,14.0,15.0,14.0,15.0,4318919730,805980,86,14.0,14.0
1800,2010-09-20,14.0,14.0,14.0,14.0,5174027933,981550,104,15.0,14.0
1801,2010-09-21,14.0,15.0,14.0,15.0,14250176113,2609784,154,14.0,15.0
1802,2010-09-22,15.0,15.0,15.0,15.0,17538808052,3151722,151,15.0,15.0
1803,2010-09-25,16.0,16.0,15.0,16.0,7603509535,1315005,87,15.0,16.0
1804,2010-09-26,16.0,16.0,15.0,16.0,4786965951,839966,127,16.0,15.0
1805,2010-09-27,16.0,16.0,15.0,15.0,10746135259,1894109,67,16.0,15.0
1806,2010-09-28,15.0,16.0,15.0,16.0,11375656001,1957450,162,15.0,16.0
1807,2010-09-29,16.0,16.0,16.0,16.0,14259085504,2390702,228,16.0,16.0
1808,2010-10-02,17.0,17.0,16.0,16.0,5126484182,848775,134,16.0,16.0
1809,2010-10-03,16.0,16.0,16.0,16.0,1331084197,228590,47,16.0,16.0
1810,2010-10-05,16.0,16.0,16.0,16.0,746940518,128058,38,16.0,16.0
1811,2010-10-06,16.0,16.0,16.0,16.0,2382214171,404461,98,16.0,16.0
1812,2010-10-09,16.0,17.0,16.0,16.0,2607904302,437448,73,16.0,16.0
1813,2010-10-10,16.0,16.0,16.0,16.0,4586361983,798182,100,16.0,16.0
1814,2010-10-11,15.0,16.0,15.0,16.0,3369654202,592576,104,16.0,16.0
1815,2010-10-12,16.0,16.0,15.0,15.0,3313122175,596012,94,16.0,15.0
1816,2010-10-13,15.0,15.0,15.0,15.0,1174526538,217688,28,15.0,15.0
1817,2010-10-16,15.0,16.0,15.0,15.0,6428583978,1166732,152,15.0,15.0
1818,2010-10-17,15.0,15.0,15.0,15.0,2486373852,445181,46,15.0,15.0
1819,2010-10-18,15.0,16.0,15.0,16.0,9311530576,1617825,116,15.0,16.0
1820,2010-10-19,16.0,16.0,16.0,16.0,46794019661,7837924,399,16.0,16.0
1821,2010-10-20,16.0,17.0,16.0,16.0,15239812267,2546382,212,16.0,16.0
1822,2010-10-23,16.0,17.0,16.0,16.0,13082277003,2163934,241,16.0,16.0
1823,2010-10-24,16.0,16.0,16.0,16.0,5740377568,984202,147,16.0,16.0
1824,2010-10-25,16.0,16.0,16.0,16.0,3093174499,523143,94,16.0,16.0
1825,2010-10-26,16.0,16.0,16.0,16.0,4004390503,673089,71,16.0,16.0
1826,2010-10-27,16.0,16.0,16.0,16.0,5805201612,996455,90,16.0,16.0
1827,2010-10-30,16.0,16.0,16.0,16.0,5289163900,911143,43,16.0,16.0
1828,2010-10-31,16.0,16.0,15.0,15.0,5116081192,914433,103,16.0,15.0
1829,2010-11-01,15.0,16.0,15.0,15.0,3463011477,613542,63,15.0,16.0
1830,2010-11-02,16.0,16.0,15.0,16.0,6546235660,1131026,101,15.0,16.0
1831,2010-11-03,16.0,16.0,15.0,16.0,2110827693,368756,48,16.0,16.0
1832,2010-11-06,16.0,16.0,16.0,16.0,1979660013,335917,64,16.0,16.0
1833,2010-11-07,16.0,16.0,15.0,16.0,1456984811,254736,48,16.0,15.0
1834,2010-11-08,15.0,16.0,15.0,16.0,2594367288,457179,56,16.0,16.0
1835,2010-11-09,15.0,16.0,15.0,16.0,1179324179,206201,43,16.0,16.0
1836,2010-11-10,16.0,16.0,16.0,16.0,5148639817,887035,73,16.0,16.0
1837,2010-11-13,16.0,16.0,15.0,16.0,698717393,123289,38,16.0,15.0
1838,2010-11-14,15.0,16.0,15.0,16.0,5449905377,941089,59,16.0,15.0
1839,2010-11-15,16.0,16.0,15.0,16.0,12388496758,2155009,134,16.0,16.0
1840,2010-11-16,16.0,16.0,15.0,16.0,660898666,116900,15,16.0,16.0
1841,2010-11-20,15.0,15.0,15.0,16.0,1338864248,238183,41,16.0,15.0
1842,2010-11-21,15.0,15.0,15.0,15.0,3795863588,677727,55,16.0,15.0
1843,2010-11-22,15.0,16.0,15.0,15.0,7115257089,1282811,113,15.0,15.0
1844,2010-11-23,15.0,15.0,15.0,15.0,5805011874,1061098,83,15.0,15.0
1845,2010-11-24,15.0,15.0,15.0,15.0,1495086940,279492,38,15.0,15.0
1846,2010-11-27,15.0,15.0,14.0,15.0,959998007,180955,35,15.0,14.0
1847,2010-11-28,15.0,15.0,14.0,15.0,18664274992,3492709,56,15.0,14.0
1848,2010-11-29,14.0,14.0,14.0,14.0,12347002183,2331914,66,15.0,14.0
1849,2010-11-30,14.0,14.0,14.0,14.0,6055779953,1143369,26,14.0,14.0
1850,2010-12-01,14.0,14.0,14.0,14.0,2788358929,526298,30,14.0,14.0
1851,2010-12-04,15.0,15.0,14.0,14.0,343142348,64585,38,14.0,14.0
1852,2010-12-05,14.0,14.0,14.0,14.0,10799744082,2051505,18,14.0,14.0
1853,2010-12-06,14.0,14.0,14.0,14.0,514905958,98129,31,14.0,14.0
1854,2010-12-07,14.0,14.0,14.0,14.0,16957173859,3224225,44,14.0,14.0
1855,2010-12-08,15.0,15.0,14.0,14.0,419168497,78416,26,14.0,15.0
1856,2010-12-11,14.0,15.0,14.0,14.0,1405607458,265614,57,14.0,14.0
1857,2010-12-12,14.0,14.0,14.0,14.0,1809340646,347063,29,14.0,14.0
1858,2010-12-13,14.0,14.0,14.0,14.0,10919436319,2076765,24,14.0,14.0
1859,2010-12-14,15.0,15.0,14.0,14.0,8539885106,1617108,202,14.0,14.0
1860,2010-12-18,14.0,15.0,14.0,14.0,15936462186,3025436,86,14.0,14.0
1861,2010-12-19,14.0,14.0,14.0,14.0,2989547858,574425,31,14.0,14.0
1862,2010-12-20,14.0,14.0,14.0,14.0,225582342,43529,22,14.0,14.0
1863,2010-12-21,14.0,14.0,14.0,14.0,5463655567,1030883,87,14.0,14.0
1864,2010-12-22,14.0,15.0,14.0,15.0,8591785098,1565323,168,14.0,15.0
1865,2010-12-25,15.0,16.0,15.0,16.0,35168257468,6163973,235,15.0,16.0
1866,2010-12-26,16.0,16.0,15.0,15.0,3897256448,692909,127,16.0,15.0
1867,2010-12-27,15.0,15.0,15.0,15.0,2382088545,434523,71,15.0,15.0
1868,2010-12-28,15.0,15.0,15.0,15.0,2261069902,405628,55,15.0,15.0
1869,2010-12-29,15.0,16.0,15.0,16.0,22457716518,3941917,216,15.0,16.0
1870,2011-01-01,16.0,16.0,15.0,16.0,8573812661,1498048,96,16.0,15.0
1871,2011-01-02,15.0,16.0,15.0,15.0,4152893698,734600,117,16.0,16.0
1872,2011-01-03,16.0,16.0,16.0,16.0,11336194684,1950776,129,15.0,16.0
1873,2011-01-04,16.0,16.0,16.0,16.0,49313445100,8370856,546,16.0,16.0
1874,2011-01-05,16.0,16.0,16.0,16.0,37048627905,6311385,377,16.0,16.0
1875,2011-01-08,16.0,16.0,16.0,16.0,4175123784,709711,110,16.0,16.0
1876,2011-01-09,16.0,17.0,16.0,17.0,39317745559,6446599,382,16.0,17.0
1877,2011-01-10,17.0,17.0,16.0,17.0,19484555003,3182518,318,17.0,17.0
1878,2011-01-11,17.0,17.0,17.0,17.0,7772409479,1262282,162,17.0,17.0
1879,2011-01-12,17.0,17.0,17.0,17.0,16676610107,2622668,284,17.0,17.0
1880,2011-01-15,18.0,18.0,17.0,18.0,19184943651,2946018,293,17.0,18.0
1881,2011-01-29,19.0,19.0,18.0,19.0,43775491038,6325334,606,18.0,19.0
1882,2011-01-30,19.0,19.0,18.0,18.0,32275151705,4802234,356,19.0,18.0
1883,2011-01-31,18.0,19.0,18.0,19.0,26343271693,3804983,329,18.0,19.0
1884,2011-02-01,20.0,20.0,20.0,20.0,8543441869,1186896,84,19.0,20.0
1885,2011-02-05,20.0,20.0,20.0,20.0,1109486580,148228,18,20.0,20.0
1886,2011-02-06,21.0,21.0,21.0,20.0,4898767608,650394,39,20.0,21.0
1887,2011-02-07,21.0,21.0,20.0,21.0,86584040733,11237663,556,20.0,21.0
1888,2011-02-08,20.0,21.0,20.0,20.0,19660760616,2624291,400,21.0,21.0
1889,2011-02-09,21.0,21.0,20.0,21.0,17945398760,2345319,283,20.0,21.0
1890,2011-02-12,21.0,21.0,21.0,21.0,19805995182,2577206,287,21.0,21.0
1891,2011-02-13,21.0,22.0,21.0,21.0,27098051440,3432005,318,21.0,22.0
1892,2011-02-14,22.0,22.0,21.0,22.0,33441598777,4205101,396,21.0,21.0
1893,2011-02-15,22.0,22.0,21.0,22.0,28691720317,3580288,349,22.0,21.0
1894,2011-02-16,22.0,22.0,21.0,21.0,28907291885,3711780,259,22.0,21.0
1895,2011-02-19,21.0,21.0,20.0,21.0,10466403722,1384592,213,21.0,20.0
1896,2011-02-20,21.0,21.0,20.0,20.0,6903643508,926883,157,21.0,20.0
1897,2011-02-22,20.0,20.0,20.0,20.0,5016695678,675286,102,20.0,20.0
1898,2011-02-23,20.0,21.0,20.0,20.0,11224015196,1496709,177,20.0,21.0
1899,2011-02-26,21.0,21.0,21.0,21.0,9659644467,1241715,196,20.0,21.0
1900,2011-02-27,22.0,22.0,21.0,21.0,14479741863,1870083,114,21.0,21.0
1901,2011-02-28,21.0,21.0,20.0,21.0,4785138041,629820,95,21.0,21.0
1902,2011-03-01,21.0,21.0,20.0,20.0,11168867147,1484240,96,21.0,20.0
1903,2011-03-02,21.0,21.0,21.0,21.0,5189102969,682144,104,20.0,21.0
1904,2011-03-05,21.0,21.0,21.0,21.0,10307340562,1355644,92,21.0,21.0
1905,2011-03-06,21.0,21.0,20.0,21.0,7346997838,968480,100,21.0,20.0
1906,2011-03-07,20.0,20.0,20.0,20.0,11964682697,1593774,123,21.0,20.0
1907,2011-03-08,20.0,21.0,20.0,20.0,64829245108,8631144,199,20.0,21.0
1908,2011-03-09,21.0,21.0,20.0,20.0,2295605517,303667,70,20.0,21.0
1909,2011-03-12,20.0,21.0,20.0,21.0,3425886458,452947,78,20.0,20.0
1910,2011-03-13,20.0,21.0,20.0,21.0,6011142323,785439,96,21.0,21.0
1911,2011-03-14,21.0,22.0,21.0,22.0,20823828052,2628703,334,21.0,22.0
1912,2011-03-15,22.0,22.0,22.0,22.0,24040096062,2989940,238,22.0,22.0
1913,2011-03-16,22.0,23.0,22.0,23.0,29475155424,3550589,331,22.0,23.0
1914,2011-03-19,23.0,23.0,23.0,23.0,10299814407,1208576,196,23.0,23.0
1915,2011-03-26,23.0,24.0,23.0,24.0,8451925898,953851,59,23.0,24.0
1916,2011-03-27,25.0,25.0,24.0,25.0,15591030178,1709060,228,24.0,24.0
1917,2011-03-28,24.0,25.0,24.0,24.0,12446558513,1384561,187,25.0,24.0
1918,2011-03-29,24.0,25.0,24.0,25.0,16774790249,1833493,262,24.0,24.0
1919,2011-03-30,24.0,25.0,24.0,24.0,16698947224,1879016,269,25.0,24.0
1920,2011-04-03,24.0,25.0,23.0,24.0,7641671867,860969,171,24.0,24.0
1921,2011-04-04,24.0,25.0,24.0,25.0,57556970600,6245609,491,24.0,25.0
1922,2011-04-05,25.0,26.0,25.0,26.0,54120449485,5654755,481,25.0,26.0
1923,2011-04-06,27.0,27.0,27.0,27.0,41786278252,4206328,595,26.0,27.0
1924,2011-04-09,28.0,28.0,26.0,28.0,73940045759,7203403,402,27.0,27.0
1925,2011-04-10,27.0,28.0,27.0,27.0,31181250492,3121949,341,28.0,27.0
1926,2011-04-11,26.0,27.0,26.0,27.0,22956421174,2346161,316,27.0,26.0
1927,2011-04-12,26.0,26.0,26.0,26.0,14421080386,1527240,184,27.0,26.0
1928,2011-04-13,25.0,26.0,25.0,25.0,23357024066,2562899,380,26.0,25.0
1929,2011-04-16,25.0,26.0,25.0,26.0,11852044936,1257881,170,25.0,25.0
1930,2011-04-17,25.0,26.0,25.0,25.0,12883986655,1413453,160,26.0,25.0
1931,2011-04-18,25.0,25.0,24.0,25.0,9758991595,1080744,227,25.0,25.0
1932,2011-04-19,24.0,25.0,24.0,24.0,10642067948,1191694,133,25.0,25.0
1933,2011-04-20,24.0,25.0,24.0,25.0,10531326638,1135623,225,24.0,25.0
1934,2011-04-23,26.0,26.0,25.0,26.0,17313367155,1830439,195,25.0,26.0
1935,2011-04-24,26.0,26.0,25.0,25.0,13857337826,1483762,185,26.0,26.0
1936,2011-04-25,25.0,26.0,24.0,25.0,19915195245,2161371,182,25.0,25.0
1937,2011-04-26,25.0,26.0,25.0,26.0,12266838167,1307861,187,25.0,25.0
1938,2011-04-27,25.0,25.0,25.0,25.0,133860241629,14622005,213,26.0,25.0
1939,2011-04-30,24.0,26.0,24.0,24.0,32750437478,3688433,240,25.0,24.0
1940,2011-05-01,23.0,23.0,23.0,23.0,39556253410,4640080,278,24.0,23.0
1941,2011-05-02,24.0,24.0,24.0,24.0,3493620702,394047,28,23.0,24.0
1942,2011-05-03,25.0,25.0,24.0,24.0,22877879071,2546830,274,24.0,24.0
1943,2011-05-04,24.0,25.0,24.0,24.0,11286311435,1258491,189,24.0,24.0
1944,2011-05-08,24.0,24.0,23.0,24.0,13981117492,1615605,209,24.0,24.0
1945,2011-05-09,24.0,24.0,24.0,24.0,8560566200,951657,106,24.0,24.0
1946,2011-05-10,25.0,25.0,25.0,25.0,13912066715,1494120,171,24.0,25.0
1947,2011-05-11,25.0,25.0,25.0,25.0,4694226745,514554,84,25.0,25.0
1948,2011-05-14,25.0,25.0,24.0,24.0,5636405826,634343,58,25.0,24.0
1949,2011-05-15,24.0,25.0,24.0,24.0,13008570572,1449412,231,24.0,24.0
1950,2011-05-16,24.0,25.0,24.0,24.0,4518414272,502647,65,24.0,24.0
1951,2011-05-17,24.0,25.0,24.0,24.0,3020467696,336547,69,24.0,24.0
1952,2011-05-18,25.0,25.0,24.0,24.0,3549576050,393189,95,24.0,25.0
1953,2011-05-21,25.0,25.0,25.0,25.0,50137821069,5365297,396,24.0,25.0
1954,2011-05-22,26.0,26.0,25.0,25.0,6762074526,722948,155,25.0,25.0
1955,2011-05-23,25.0,25.0,25.0,25.0,2256451837,249062,113,25.0,25.0
1956,2011-05-24,25.0,25.0,24.0,25.0,7700715474,853333,112,25.0,24.0
1957,2011-05-25,24.0,24.0,24.0,24.0,12936144273,1483875,145,25.0,24.0
1958,2011-05-28,24.0,25.0,24.0,24.0,14196891775,1606830,156,24.0,24.0
1959,2011-05-29,24.0,24.0,23.0,23.0,11473819671,1337077,185,24.0,23.0
1960,2011-05-30,24.0,24.0,24.0,24.0,8389496053,941165,118,23.0,24.0
1961,2011-05-31,25.0,25.0,24.0,24.0,4206637700,464829,95,24.0,24.0
1962,2011-06-01,24.0,24.0,23.0,24.0,2724825462,308779,62,24.0,24.0
1963,2011-06-11,25.0,25.0,25.0,25.0,12920128544,1419640,147,24.0,25.0
1964,2011-06-12,25.0,25.0,25.0,25.0,18459240243,1993661,188,25.0,25.0
1965,2011-06-13,25.0,26.0,25.0,26.0,56608677325,5888980,369,25.0,26.0
1966,2011-06-14,26.0,26.0,25.0,26.0,23950626049,2495764,348,26.0,26.0
1967,2011-06-15,26.0,27.0,26.0,27.0,18359800128,1878739,236,26.0,27.0
1968,2011-07-05,27.0,28.0,27.0,27.0,16000725435,1610449,309,27.0,27.0
1969,2011-07-06,26.0,27.0,26.0,26.0,10531479393,1082880,171,27.0,26.0
1970,2011-07-09,26.0,27.0,26.0,26.0,12562364619,1297880,151,26.0,26.0
1971,2011-07-10,26.0,26.0,25.0,26.0,2481725165,262847,87,26.0,26.0
1972,2011-07-11,25.0,26.0,25.0,26.0,11774612013,1242206,129,26.0,26.0
1973,2011-07-12,26.0,26.0,25.0,26.0,6496715566,691251,110,26.0,25.0
1974,2011-07-13,25.0,26.0,25.0,25.0,9865892343,1061816,91,26.0,25.0
1975,2011-07-16,25.0,26.0,25.0,25.0,6013342742,642560,111,25.0,26.0
1976,2011-07-18,26.0,26.0,26.0,26.0,9811409562,1033844,211,25.0,26.0
1977,2011-07-27,27.0,27.0,27.0,27.0,13984000414,1490637,131,26.0,27.0
1978,2011-07-30,27.0,27.0,27.0,27.0,3947435465,418382,83,27.0,27.0
1979,2011-07-31,26.0,27.0,26.0,27.0,3014669465,324241,73,27.0,27.0
1980,2011-08-01,27.0,28.0,27.0,27.0,10865119843,1144320,140,27.0,27.0
1981,2011-08-02,27.0,27.0,27.0,27.0,3460994288,364974,113,27.0,27.0
1982,2011-08-03,27.0,28.0,27.0,27.0,21210591475,2225946,117,27.0,27.0
1983,2011-08-06,27.0,27.0,26.0,27.0,8468789895,913100,113,27.0,27.0
1984,2011-08-07,26.0,27.0,26.0,27.0,5297979576,570904,84,27.0,27.0
1985,2011-08-08,26.0,27.0,26.0,27.0,1926156988,208821,40,27.0,27.0
1986,2011-08-09,26.0,26.0,26.0,26.0,25987899657,2913526,229,27.0,26.0
1987,2011-08-10,26.0,27.0,26.0,27.0,18302933339,1975048,214,26.0,27.0
1988,2011-08-13,27.0,27.0,26.0,27.0,2531467164,273347,75,27.0,26.0
1989,2011-08-14,26.0,26.0,26.0,27.0,1554153062,170389,71,27.0,26.0
1990,2011-08-15,26.0,27.0,26.0,27.0,10055197080,1079652,98,27.0,27.0
1991,2011-08-16,26.0,27.0,26.0,27.0,6323194635,677233,107,27.0,27.0
1992,2011-08-17,26.0,27.0,26.0,27.0,7905940096,837362,91,27.0,27.0
1993,2011-08-20,27.0,27.0,26.0,27.0,1231921318,133385,65,27.0,26.0
1994,2011-08-21,26.0,27.0,26.0,27.0,2632068088,286983,76,27.0,26.0
1995,2011-08-23,27.0,27.0,27.0,27.0,2703326504,289126,92,27.0,27.0
1996,2011-08-24,27.0,27.0,27.0,27.0,1130224630,121249,44,27.0,27.0
1997,2011-08-27,27.0,27.0,27.0,27.0,1217886183,130509,48,27.0,27.0
1998,2011-08-28,27.0,27.0,26.0,27.0,1143160555,123858,74,27.0,27.0
1999,2011-08-29,26.0,28.0,26.0,27.0,3978845072,420651,128,27.0,27.0
2000,2011-08-30,27.0,28.0,27.0,27.0,6024113965,629661,138,27.0,28.0
2001,2011-09-03,27.0,27.0,27.0,27.0,897841907,94656,43,27.0,27.0
2002,2011-09-04,27.0,28.0,27.0,27.0,2928495951,305156,72,27.0,28.0
2003,2011-09-05,27.0,28.0,27.0,27.0,2994091064,314047,79,27.0,27.0
2004,2011-09-06,27.0,27.0,27.0,27.0,2289384738,242213,101,27.0,27.0
2005,2011-09-07,27.0,28.0,27.0,28.0,10539407158,1084372,171,27.0,28.0
2006,2011-09-10,27.0,28.0,27.0,28.0,2174877940,224153,129,28.0,28.0
2007,2011-09-11,28.0,28.0,28.0,28.0,4207358515,433752,113,28.0,28.0
2008,2011-09-12,28.0,28.0,28.0,28.0,4287559508,444751,74,28.0,28.0
2009,2011-09-13,28.0,28.0,27.0,27.0,11292617759,1199334,162,28.0,27.0
2010,2011-09-14,27.0,27.0,27.0,27.0,1569528740,167014,56,27.0,27.0
2011,2011-09-17,27.0,27.0,27.0,27.0,1326015431,141157,65,27.0,27.0
2012,2011-09-18,27.0,27.0,27.0,27.0,2349319199,249380,60,27.0,27.0
2013,2011-09-19,27.0,27.0,27.0,27.0,1075277039,114260,49,27.0,27.0
2014,2011-09-20,27.0,27.0,27.0,27.0,3343390014,357560,115,27.0,27.0
2015,2011-09-21,27.0,27.0,27.0,27.0,5366543621,574507,112,27.0,27.0
2016,2011-09-25,26.0,26.0,26.0,26.0,24710662051,2749906,216,27.0,26.0
2017,2011-09-26,25.0,25.0,25.0,25.0,9059804906,1045807,182,26.0,25.0
2018,2011-09-27,26.0,26.0,25.0,25.0,4578151001,515101,177,25.0,26.0
2019,2011-09-28,26.0,26.0,25.0,25.0,1778005833,200140,86,25.0,26.0
2020,2011-10-01,25.0,25.0,24.0,25.0,5242922866,605225,107,25.0,25.0
2021,2011-10-02,25.0,25.0,25.0,25.0,2645050269,306800,83,25.0,25.0
2022,2011-10-03,25.0,25.0,24.0,25.0,8897201810,1042454,206,25.0,24.0
2023,2011-10-04,25.0,25.0,25.0,25.0,6616865354,764640,178,25.0,25.0
2024,2011-10-05,25.0,25.0,25.0,25.0,2616709377,303598,80,25.0,25.0
2025,2011-10-08,25.0,25.0,25.0,25.0,9808379709,1135003,166,25.0,25.0
2026,2011-10-09,25.0,25.0,25.0,25.0,10601855960,1233506,131,25.0,25.0
2027,2011-10-10,25.0,25.0,25.0,25.0,665825644,77263,50,25.0,25.0
2028,2011-10-11,25.0,25.0,25.0,25.0,1262154584,145354,57,25.0,25.0
2029,2011-10-12,25.0,25.0,25.0,25.0,4755144289,549039,89,25.0,25.0
2030,2011-10-15,25.0,25.0,25.0,25.0,1994704058,229296,89,25.0,25.0
2031,2011-10-16,25.0,25.0,25.0,25.0,26559216,3057,4,25.0,25.0
2032,2012-01-31,25.0,25.0,24.0,25.0,33192787234,3880992,563,25.0,24.0
2033,2012-02-01,25.0,26.0,25.0,25.0,17104505284,1962361,459,25.0,25.0
2034,2012-02-04,26.0,26.0,25.0,25.0,834276270554,95646062,428,25.0,25.0
2035,2012-02-05,25.0,25.0,24.0,25.0,6717134587,774297,214,25.0,25.0
2036,2012-02-06,25.0,25.0,24.0,25.0,8012106760,938742,240,25.0,24.0
2037,2012-02-07,24.0,24.0,24.0,24.0,31493736701,3830922,748,25.0,24.0
2038,2012-02-21,26.0,26.0,25.0,25.0,19158344497,7092689,491,24.0,25.0
2039,2012-02-22,26.0,26.0,26.0,26.0,6069747048,2162315,95,25.0,26.0
2040,2012-02-25,27.0,27.0,26.0,27.0,52736562282,18220510,1259,26.0,26.0
2041,2012-02-26,27.0,27.0,26.0,26.0,7473534369,2669734,440,27.0,26.0
2042,2012-02-27,26.0,27.0,26.0,26.0,5045442053,1795860,267,26.0,26.0
2043,2012-02-28,27.0,27.0,27.0,27.0,23292939515,7993613,640,26.0,27.0
2044,2012-02-29,28.0,28.0,28.0,28.0,44020400507,14582165,892,27.0,28.0
2045,2012-03-03,29.0,29.0,28.0,28.0,12791909964,4252715,586,28.0,28.0
2046,2012-03-04,28.0,29.0,28.0,28.0,11167530228,3742707,389,28.0,28.0
2047,2012-03-05,28.0,28.0,27.0,27.0,12974769623,4509978,427,28.0,27.0
2048,2012-03-06,28.0,28.0,26.0,27.0,4381281553,1522763,267,27.0,26.0
2049,2012-03-07,27.0,28.0,27.0,28.0,4183210005,1418778,249,27.0,28.0
2050,2012-03-10,28.0,28.0,28.0,28.0,8243014834,2747576,390,28.0,28.0
2051,2012-03-11,29.0,29.0,28.0,29.0,28846916980,9269952,808,28.0,29.0
2052,2012-03-12,30.0,30.0,28.0,29.0,15695897653,5130124,601,29.0,28.0
2053,2012-03-13,28.0,28.0,28.0,28.0,17082087361,5799490,682,29.0,28.0
2054,2012-03-14,27.0,28.0,27.0,28.0,4803039864,1613564,259,28.0,28.0
2055,2012-03-17,28.0,29.0,28.0,28.0,3052333974,1009070,200,28.0,29.0
2056,2012-03-18,29.0,29.0,29.0,29.0,3280418770,1060619,200,28.0,29.0
2057,2012-03-24,29.0,30.0,29.0,30.0,4145457596,1292231,129,29.0,30.0
2058,2012-03-25,31.0,31.0,29.0,30.0,3484939100,1083161,223,30.0,30.0
2059,2012-03-26,29.0,30.0,29.0,30.0,2958515608,939637,190,30.0,30.0
2060,2012-03-27,30.0,31.0,30.0,30.0,6011767146,1852791,293,30.0,30.0
2061,2012-03-28,31.0,31.0,30.0,31.0,4008014726,1229610,229,30.0,31.0
2062,2012-04-02,31.0,31.0,30.0,31.0,3777118497,1150569,223,31.0,30.0
2063,2012-04-03,31.0,31.0,30.0,30.0,2454497198,765267,143,31.0,30.0
2064,2012-04-04,30.0,30.0,30.0,30.0,2128771321,664033,104,30.0,30.0
2065,2012-04-07,30.0,31.0,30.0,30.0,2349769131,733338,114,30.0,30.0
2066,2012-04-08,30.0,31.0,30.0,30.0,6248822945,1941049,252,30.0,30.0
2067,2012-04-09,30.0,31.0,30.0,31.0,4312267354,1318065,212,30.0,31.0
2068,2012-04-10,31.0,32.0,31.0,32.0,14583347969,4290739,343,31.0,32.0
2069,2012-04-11,33.0,33.0,32.0,33.0,28925553701,8277578,958,32.0,33.0
2070,2012-04-14,33.0,34.0,33.0,34.0,18624812877,5158688,826,33.0,34.0
2071,2012-04-15,35.0,35.0,35.0,35.0,13043413430,3474864,203,34.0,35.0
2072,2012-04-16,37.0,37.0,34.0,36.0,26820436841,6993919,1050,35.0,36.0
2073,2012-04-17,36.0,36.0,35.0,35.0,7583106140,2028808,465,36.0,35.0
2074,2012-04-18,35.0,36.0,35.0,35.0,132916403274,35500310,400,35.0,35.0
2075,2012-04-21,36.0,36.0,34.0,34.0,8353287055,2269779,409,35.0,34.0
2076,2012-04-22,34.0,34.0,34.0,34.0,3112658577,861158,211,34.0,34.0
2077,2012-04-23,34.0,34.0,33.0,33.0,4940306020,1386901,305,34.0,34.0
2078,2012-04-24,34.0,35.0,34.0,34.0,5780338933,1579282,295,33.0,34.0
2079,2012-04-28,35.0,35.0,33.0,34.0,3477353603,966961,195,34.0,33.0
2080,2012-04-29,33.0,33.0,33.0,33.0,2244081773,634346,146,34.0,33.0
2081,2012-04-30,33.0,34.0,33.0,33.0,2470192339,690471,151,33.0,33.0
2082,2012-05-01,34.0,34.0,32.0,33.0,2519239014,717757,193,33.0,32.0
2083,2012-05-02,33.0,33.0,32.0,33.0,2348057659,671979,167,33.0,33.0
2084,2012-05-05,33.0,33.0,32.0,32.0,8909261646,2637412,461,33.0,32.0
2085,2012-05-06,32.0,33.0,31.0,32.0,2368399839,693307,182,32.0,32.0
2086,2012-05-07,32.0,32.0,32.0,32.0,1047519711,308217,113,32.0,32.0
2087,2012-05-08,32.0,32.0,31.0,31.0,2459911501,736652,204,32.0,31.0
2088,2012-05-09,31.0,31.0,31.0,31.0,2108624670,639409,137,31.0,31.0
2089,2012-05-12,31.0,31.0,30.0,30.0,3384415552,1056766,180,31.0,30.0
2090,2012-05-13,30.0,30.0,29.0,30.0,2053709637,653851,181,30.0,30.0
2091,2012-05-14,30.0,31.0,30.0,30.0,2196348427,672837,181,30.0,31.0
2092,2012-05-15,31.0,31.0,30.0,31.0,2610614718,799371,174,30.0,30.0
2093,2012-05-16,31.0,31.0,30.0,30.0,1673082158,524489,121,31.0,30.0
2094,2012-05-19,30.0,30.0,30.0,30.0,1350772264,427019,117,30.0,30.0
2095,2012-05-20,30.0,31.0,30.0,30.0,847803574,263568,86,30.0,30.0
2096,2012-05-21,31.0,31.0,30.0,31.0,2099923801,633447,143,30.0,31.0
2097,2012-05-22,32.0,32.0,31.0,32.0,3797314294,1127669,228,31.0,31.0
2098,2012-05-23,32.0,32.0,31.0,32.0,2214293152,651607,134,32.0,32.0
2099,2012-05-26,32.0,32.0,31.0,31.0,2036483265,619715,116,32.0,31.0
2100,2012-05-27,31.0,32.0,31.0,31.0,1959809204,587104,103,31.0,31.0
2101,2012-05-28,31.0,31.0,30.0,31.0,1651573239,504338,79,31.0,30.0
2102,2012-05-29,31.0,31.0,30.0,31.0,1737907571,530997,71,31.0,31.0
2103,2012-05-30,31.0,31.0,30.0,31.0,1232497640,378508,64,31.0,31.0
2104,2012-06-10,32.0,32.0,31.0,32.0,12778179303,3793043,358,31.0,31.0
2105,2012-06-11,32.0,32.0,32.0,32.0,5062114465,1484412,262,32.0,32.0
2106,2012-06-12,32.0,32.0,32.0,32.0,1511638823,447449,95,32.0,32.0
2107,2012-06-13,32.0,32.0,31.0,32.0,1855050498,547572,98,32.0,31.0
2108,2012-06-16,31.0,32.0,31.0,32.0,1490824198,445267,84,32.0,31.0
2109,2012-06-17,31.0,31.0,31.0,31.0,857178004,259957,74,32.0,31.0
2110,2012-06-19,31.0,31.0,31.0,31.0,992977600,297687,55,31.0,31.0
2111,2012-06-20,31.0,31.0,30.0,31.0,1594773859,491451,103,31.0,31.0
2112,2012-06-23,31.0,31.0,30.0,31.0,217736915558,66148255,169,31.0,30.0
2113,2012-06-24,30.0,32.0,30.0,32.0,237916671377,69868845,291,31.0,31.0
2114,2012-06-25,31.0,32.0,31.0,32.0,225353647279,66163414,150,32.0,31.0
2115,2012-06-26,31.0,31.0,31.0,32.0,301523430,92209,25,32.0,31.0
2116,2012-06-27,31.0,32.0,31.0,31.0,28698206256,8598362,159,32.0,31.0
2117,2012-06-30,31.0,32.0,31.0,31.0,3176284097,953260,204,31.0,31.0
2118,2012-07-01,31.0,31.0,30.0,31.0,1305760914,395588,123,31.0,31.0
2119,2012-07-10,32.0,32.0,31.0,32.0,12358335372,3670905,237,31.0,32.0
2120,2012-07-11,32.0,33.0,31.0,32.0,4424474399,1279283,243,32.0,32.0
2121,2012-07-14,32.0,33.0,32.0,32.0,3542651257,1026664,165,32.0,32.0
2122,2012-07-15,32.0,32.0,31.0,32.0,2880886232,848446,155,32.0,32.0
2123,2012-07-16,31.0,32.0,31.0,31.0,22333746823,6800119,577,32.0,31.0
2124,2012-07-29,29.0,29.0,28.0,28.0,13605713024,4870111,226,31.0,28.0
2125,2012-07-30,27.0,28.0,27.0,27.0,16399338972,6111436,487,28.0,27.0
2126,2012-07-31,27.0,28.0,27.0,27.0,14526284284,5373972,316,27.0,27.0
2127,2012-08-01,28.0,28.0,27.0,27.0,1764507675,659573,125,27.0,27.0
2128,2012-08-04,26.0,27.0,26.0,26.0,8702760026,3357326,154,27.0,26.0
2129,2012-08-05,25.0,25.0,25.0,26.0,240442378,96602,32,26.0,25.0
2130,2012-08-06,25.0,26.0,25.0,25.0,6512966221,2617732,233,26.0,25.0
2131,2012-08-07,25.0,25.0,24.0,25.0,3617115669,1506512,243,25.0,24.0
2132,2012-08-08,24.0,25.0,24.0,24.0,5463600299,2275041,271,25.0,25.0
2133,2012-08-11,25.0,25.0,25.0,25.0,6849515974,2738574,152,24.0,25.0
2134,2012-08-12,26.0,26.0,25.0,26.0,8184247660,3238946,278,25.0,25.0
2135,2012-08-13,26.0,26.0,25.0,26.0,2058545233,816919,123,26.0,26.0
2136,2012-08-14,25.0,27.0,25.0,26.0,6853186635,2641492,227,26.0,27.0
2137,2012-08-15,27.0,27.0,26.0,27.0,3989582474,1506845,165,26.0,27.0
2138,2012-08-18,27.0,28.0,27.0,27.0,2673698550,991445,147,27.0,28.0
2139,2012-08-21,28.0,28.0,28.0,28.0,7039063830,2553458,134,27.0,28.0
2140,2012-08-22,29.0,29.0,28.0,28.0,8464142188,3035099,257,28.0,28.0
2141,2012-08-25,28.0,28.0,28.0,28.0,2920777589,1061094,124,28.0,28.0
2142,2012-08-26,27.0,28.0,27.0,28.0,1689365170,610857,106,28.0,28.0
2143,2012-08-27,28.0,28.0,27.0,28.0,2396202413,877227,112,28.0,28.0
2144,2012-09-02,27.0,28.0,27.0,28.0,4508918412,1659645,172,28.0,28.0
2145,2012-09-03,27.0,29.0,27.0,29.0,47626960898,16779715,618,28.0,29.0
2146,2012-09-04,29.0,29.0,29.0,29.0,14317563715,4973102,384,29.0,29.0
2147,2012-09-05,29.0,29.0,28.0,29.0,4179077852,1473206,223,29.0,29.0
2148,2012-09-08,29.0,30.0,29.0,29.0,7636395860,2656175,251,29.0,29.0
2149,2012-09-09,29.0,29.0,28.0,29.0,4426709640,1582599,166,29.0,28.0
2150,2012-09-10,28.0,29.0,28.0,29.0,11485488594,4030512,275,29.0,29.0
2151,2012-09-11,29.0,30.0,29.0,29.0,13189242938,4574039,330,29.0,29.0
2152,2012-09-15,30.0,30.0,30.0,30.0,68399577176,22824297,873,29.0,30.0
2153,2012-09-16,30.0,31.0,30.0,30.0,9042777171,3026007,314,30.0,31.0
2154,2012-09-17,30.0,32.0,30.0,31.0,52161880390,16912161,751,30.0,32.0
2155,2012-09-18,32.0,33.0,31.0,32.0,38208764138,12183274,1075,31.0,31.0
2156,2012-09-19,32.0,32.0,31.0,31.0,15865138004,5170957,427,32.0,31.0
2157,2012-09-22,32.0,32.0,32.0,32.0,99391849926,31163325,1046,31.0,32.0
2158,2012-09-23,34.0,34.0,32.0,34.0,107116779181,32430292,1642,32.0,33.0
2159,2012-09-24,33.0,34.0,33.0,34.0,36302017093,10971708,944,34.0,34.0
2160,2012-09-25,34.0,35.0,34.0,35.0,71992182870,21066664,1484,34.0,35.0
2161,2012-09-26,36.0,36.0,35.0,36.0,103736037298,29212154,935,35.0,36.0
2162,2012-09-29,37.0,37.0,37.0,37.0,63845433015,17289223,604,36.0,37.0
2163,2012-09-30,39.0,39.0,37.0,38.0,117802737053,31158650,2075,37.0,37.0
2164,2012-10-01,38.0,38.0,37.0,37.0,77069792814,21105244,1214,38.0,37.0
2165,2012-10-02,37.0,38.0,36.0,37.0,89276557383,24275083,1658,37.0,38.0
2166,2012-10-03,38.0,39.0,38.0,39.0,133597964893,35050277,1617,37.0,38.0
2167,2012-10-06,38.0,39.0,37.0,38.0,33292379757,8983114,1003,39.0,37.0
2168,2012-10-07,38.0,39.0,37.0,38.0,26382350742,7072456,809,38.0,38.0
2169,2012-10-08,38.0,39.0,38.0,38.0,29612390700,7818293,755,38.0,38.0
2170,2012-10-09,39.0,39.0,38.0,38.0,17137590683,4555437,540,38.0,38.0
2171,2012-10-10,38.0,38.0,37.0,37.0,24927786062,6851844,576,38.0,37.0
2172,2012-10-13,37.0,37.0,35.0,36.0,16709657458,4750634,465,37.0,35.0
2173,2012-10-14,35.0,37.0,35.0,37.0,37307671030,10337229,891,36.0,37.0
2174,2012-10-15,38.0,38.0,37.0,38.0,24747894791,6668257,637,37.0,38.0
2175,2012-10-16,38.0,39.0,38.0,39.0,94581672206,24605048,1525,38.0,39.0
2176,2012-10-17,40.0,41.0,39.0,40.0,82744047025,20870385,1489,39.0,41.0
2177,2012-10-20,42.0,42.0,42.0,42.0,10844920681,2630347,112,40.0,42.0
2178,2012-10-21,43.0,43.0,43.0,43.0,195501233431,45608565,1655,42.0,43.0
2179,2012-11-06,45.0,45.0,44.0,44.0,156699058396,35869306,2022,43.0,44.0
2180,2012-11-07,46.0,46.0,46.0,46.0,76614654059,16866686,879,44.0,46.0
2181,2012-11-10,47.0,48.0,46.0,47.0,126968546819,27484161,1981,46.0,47.0
2182,2012-11-11,47.0,47.0,45.0,46.0,45185840872,10037605,1063,47.0,45.0
2183,2012-11-12,45.0,46.0,44.0,45.0,32880184693,7332026,759,46.0,45.0
2184,2012-11-13,45.0,47.0,45.0,46.0,45509855039,10012674,920,45.0,46.0
2185,2012-11-14,46.0,47.0,46.0,46.0,35900897470,7867514,670,46.0,46.0
2186,2012-11-17,46.0,46.0,45.0,45.0,24441827745,5510522,533,46.0,45.0
2187,2012-11-18,44.0,45.0,44.0,44.0,25783782255,5896981,519,45.0,44.0
2188,2012-11-19,44.0,44.0,43.0,43.0,44436878139,10464972,782,44.0,43.0
2189,2012-11-20,43.0,45.0,42.0,44.0,26913876616,6259208,555,43.0,44.0
2190,2012-11-21,44.0,45.0,44.0,44.0,19414352544,4458827,363,44.0,44.0
2191,2012-11-26,45.0,46.0,45.0,46.0,18696805498,4166721,461,44.0,46.0
2192,2012-11-27,47.0,47.0,47.0,47.0,18184428520,3897220,143,46.0,47.0
2193,2012-11-28,49.0,49.0,48.0,49.0,161346422207,33367111,2223,47.0,49.0
2194,2012-12-01,50.0,51.0,50.0,50.0,76171564015,15344634,1641,49.0,51.0
2195,2012-12-02,51.0,52.0,51.0,52.0,103832760556,20202864,1646,50.0,52.0
2196,2012-12-03,52.0,53.0,51.0,52.0,31983398410,6237471,928,52.0,52.0
2197,2012-12-04,52.0,54.0,51.0,52.0,28180000435,5468252,765,52.0,52.0
2198,2012-12-05,52.0,54.0,52.0,53.0,49168016045,9410322,1026,52.0,53.0
2199,2012-12-08,54.0,55.0,53.0,55.0,106518688631,19704332,1781,53.0,54.0
2200,2012-12-09,54.0,56.0,54.0,54.0,55008215029,10243744,1033,55.0,55.0
2201,2012-12-10,55.0,57.0,55.0,56.0,63448433364,11540348,1162,54.0,55.0
2202,2012-12-11,56.0,57.0,55.0,56.0,48269474952,8782943,1064,56.0,55.0
2203,2012-12-12,55.0,55.0,54.0,54.0,88651973951,16667308,1393,56.0,54.0
2204,2012-12-15,54.0,55.0,54.0,55.0,33986388252,6302174,667,54.0,55.0
2205,2012-12-16,55.0,56.0,54.0,55.0,60074841733,11033848,958,55.0,56.0
2206,2012-12-17,56.0,57.0,56.0,57.0,70108486535,12394852,748,55.0,57.0
2207,2012-12-18,59.0,59.0,57.0,58.0,85497998355,14852878,1329,57.0,58.0
2208,2012-12-19,59.0,60.0,57.0,59.0,61239491582,10527045,1216,58.0,59.0
2209,2012-12-22,59.0,59.0,57.0,59.0,48688389978,8429360,1051,59.0,58.0
2210,2012-12-23,59.0,61.0,59.0,61.0,115407230353,19233577,1585,59.0,61.0
2211,2012-12-24,63.0,63.0,62.0,63.0,82362642168,13361842,1417,61.0,62.0
2212,2012-12-25,62.0,62.0,60.0,60.0,105111262832,17668418,1665,63.0,60.0
2213,2012-12-26,60.0,61.0,59.0,61.0,65967400643,11044346,1358,60.0,60.0
2214,2012-12-29,61.0,61.0,59.0,60.0,36506104544,6216304,765,61.0,60.0
2215,2012-12-30,59.0,59.0,57.0,58.0,42193763179,7437131,944,60.0,58.0
2216,2012-12-31,59.0,60.0,58.0,59.0,34054010537,5828204,772,58.0,60.0
2217,2013-01-01,61.0,61.0,58.0,59.0,23081508255,3939658,681,59.0,58.0
2218,2013-01-02,59.0,59.0,58.0,58.0,25213907212,4388677,498,59.0,58.0
2219,2013-01-06,58.0,58.0,56.0,57.0,18445488440,3302112,526,58.0,57.0
2220,2013-01-07,57.0,59.0,56.0,57.0,18456935749,3258305,504,57.0,59.0
2221,2013-01-08,59.0,60.0,58.0,59.0,20357658582,3502774,553,57.0,60.0
2222,2013-01-09,59.0,61.0,59.0,60.0,38480899944,6504155,783,59.0,61.0
2223,2013-01-13,61.0,62.0,61.0,62.0,83645854278,13740899,1307,60.0,62.0
2224,2013-01-14,62.0,64.0,61.0,63.0,67928784359,10890912,1117,62.0,64.0
2225,2013-01-15,65.0,66.0,63.0,65.0,101826833069,15795316,1630,63.0,64.0
2226,2013-01-16,64.0,68.0,64.0,66.0,79728450266,12190282,1435,65.0,67.0
2227,2013-01-19,66.0,66.0,64.0,64.0,99965223897,15895796,1551,66.0,64.0
2228,2013-01-20,64.0,66.0,63.0,64.0,58881310402,9346977,1093,64.0,64.0
2229,2013-01-21,64.0,65.0,61.0,63.0,43554439610,7064469,1128,64.0,61.0
2230,2013-01-22,61.0,61.0,60.0,60.0,55545666135,9375613,792,63.0,61.0
2231,2013-01-23,62.0,63.0,62.0,62.0,92460896146,15013660,1156,60.0,63.0
2232,2013-01-26,64.0,64.0,61.0,62.0,22805707086,3702596,668,62.0,62.0
2233,2013-01-27,62.0,62.0,60.0,60.0,33058959221,5584952,653,62.0,60.0
2234,2013-01-28,58.0,61.0,58.0,61.0,41937741016,7027418,758,60.0,61.0
2235,2013-01-30,61.0,62.0,59.0,60.0,15718778052,2648968,464,61.0,60.0
2236,2013-02-02,61.0,63.0,61.0,62.0,25206759208,4147136,601,60.0,61.0
2237,2013-02-03,61.0,62.0,60.0,61.0,60036518101,9907228,618,62.0,62.0
2238,2013-02-04,60.0,61.0,60.0,60.0,19459800778,3305301,501,61.0,60.0
2239,2013-02-05,60.0,61.0,60.0,61.0,17352061002,2909115,485,60.0,61.0
2240,2013-02-06,61.0,63.0,61.0,62.0,27012549735,4415752,752,61.0,62.0
2241,2013-02-09,63.0,63.0,62.0,62.0,23428809328,3816406,625,62.0,62.0
2242,2013-02-11,62.0,64.0,62.0,63.0,44702157111,7224957,736,62.0,64.0
2243,2013-02-12,63.0,64.0,61.0,63.0,70993750820,11478287,901,63.0,62.0
2244,2013-02-13,62.0,62.0,61.0,62.0,20634819807,3386455,597,63.0,62.0
2245,2013-02-16,62.0,62.0,61.0,61.0,62299750004,10292097,609,62.0,61.0
2246,2013-02-17,61.0,64.0,61.0,63.0,79489072509,12878474,831,61.0,63.0
2247,2013-02-18,63.0,63.0,62.0,63.0,418535990559,67838927,536,63.0,62.0
2248,2013-02-19,62.0,62.0,60.0,61.0,22680332887,3760834,552,63.0,61.0
2249,2013-02-23,58.0,58.0,57.0,58.0,21089848587,3700531,389,61.0,58.0
2250,2013-02-24,58.0,58.0,56.0,56.0,60284850977,10908836,1104,58.0,56.0
2251,2013-02-25,56.0,57.0,55.0,55.0,16414676096,3016561,452,56.0,56.0
2252,2013-02-26,57.0,57.0,56.0,57.0,18539193156,3299052,569,55.0,57.0
2253,2013-02-27,58.0,59.0,57.0,57.0,342165352330,60795672,539,57.0,57.0
2254,2013-03-02,55.0,55.0,55.0,57.0,605476389,112063,56,57.0,55.0
2255,2013-03-03,55.0,55.0,55.0,55.0,300371800887,55676391,1794,57.0,55.0
2256,2013-03-04,54.0,55.0,53.0,53.0,37766020879,7189979,835,55.0,53.0
2257,2013-03-05,53.0,53.0,51.0,51.0,29874330310,5895238,582,53.0,51.0
2258,2013-03-06,51.0,52.0,51.0,52.0,15892998208,3124986,306,51.0,52.0
2259,2013-03-09,52.0,52.0,50.0,50.0,21669660857,4377437,486,52.0,50.0
2260,2013-03-10,50.0,52.0,49.0,51.0,9739513061,1919021,227,50.0,52.0
2261,2013-03-12,52.0,54.0,52.0,54.0,44732475737,8445493,342,51.0,54.0
2262,2013-03-13,55.0,56.0,55.0,56.0,296292693576,54013562,1621,54.0,55.0
2263,2013-03-16,55.0,57.0,54.0,54.0,50913675899,9532696,1319,56.0,55.0
2264,2013-03-17,54.0,55.0,53.0,54.0,50523147408,9503961,468,54.0,54.0
2265,2013-03-18,54.0,56.0,54.0,55.0,58106490262,10767162,457,54.0,56.0
2266,2013-03-25,57.0,57.0,57.0,57.0,14765733200,2631100,91,55.0,57.0
2267,2013-03-26,59.0,59.0,59.0,59.0,24321576708,4168875,597,57.0,59.0
2268,2013-03-27,60.0,60.0,57.0,59.0,16732514238,2883739,404,59.0,59.0
2269,2013-03-30,59.0,59.0,57.0,58.0,7302088294,1277847,248,59.0,58.0
2270,2013-03-31,58.0,59.0,57.0,58.0,5998869142,1048384,276,58.0,58.0
2271,2013-04-03,57.0,57.0,56.0,58.0,5212990874,935776,287,58.0,57.0
2272,2013-04-06,56.0,57.0,55.0,57.0,8143479566,1479521,271,58.0,56.0
2273,2013-04-07,55.0,56.0,55.0,56.0,7022151103,1297720,260,57.0,55.0
2274,2013-04-08,55.0,57.0,55.0,55.0,11554959552,2115122,335,56.0,56.0
2275,2013-04-09,56.0,57.0,54.0,56.0,9156827172,1671616,297,55.0,55.0
2276,2013-04-10,55.0,55.0,54.0,55.0,9457421905,1762116,369,56.0,54.0
2277,2013-04-13,53.0,54.0,53.0,54.0,7467994714,1416544,269,55.0,53.0
2278,2013-04-15,53.0,55.0,53.0,54.0,9786194373,1848601,311,54.0,53.0
2279,2013-04-16,53.0,54.0,52.0,53.0,16792532253,3220924,537,54.0,53.0
2280,2013-04-17,52.0,52.0,51.0,52.0,15716796091,3091477,669,53.0,51.0
2281,2013-04-20,51.0,51.0,50.0,50.0,39424957885,8064860,926,52.0,50.0
2282,2013-04-21,49.0,52.0,48.0,50.0,11171275431,2253956,333,50.0,52.0
2283,2013-04-22,52.0,52.0,52.0,51.0,7938169360,1543190,129,50.0,52.0
2284,2013-04-23,53.0,53.0,53.0,53.0,13857036656,2631416,96,51.0,53.0
2285,2013-04-24,56.0,56.0,53.0,55.0,62987688659,11620333,984,53.0,54.0
2286,2013-04-27,54.0,54.0,53.0,54.0,9566587450,1805284,374,55.0,54.0
2287,2013-04-28,53.0,53.0,52.0,53.0,16745203214,3215780,401,54.0,53.0
2288,2013-04-29,52.0,55.0,52.0,55.0,44496585839,8275299,797,53.0,55.0
2289,2013-04-30,55.0,55.0,53.0,55.0,21128318156,3931784,479,55.0,53.0
2290,2013-05-01,54.0,56.0,53.0,55.0,48290099932,8903767,810,55.0,56.0
2291,2013-05-04,57.0,57.0,57.0,57.0,19180314600,3400765,142,55.0,57.0
2292,2013-05-05,60.0,60.0,57.0,59.0,191324661076,32744293,2140,57.0,59.0
2293,2013-05-06,59.0,59.0,57.0,58.0,29175766033,5104507,746,59.0,58.0
2294,2013-05-07,59.0,59.0,56.0,57.0,24402263752,4331347,665,58.0,59.0
2295,2013-05-08,59.0,59.0,57.0,58.0,49715295399,8685663,593,57.0,58.0
2296,2013-05-11,58.0,60.0,57.0,59.0,47785640497,8165358,889,58.0,59.0
2297,2013-05-12,60.0,61.0,57.0,59.0,61345276923,10463714,980,59.0,59.0
2298,2013-05-13,59.0,59.0,57.0,57.0,27198050494,4824235,489,59.0,57.0
2299,2013-05-14,57.0,57.0,55.0,55.0,13894661613,2559223,404,57.0,55.0
2300,2013-05-15,57.0,57.0,53.0,55.0,51397993038,9471165,1035,55.0,54.0
2301,2013-05-18,53.0,54.0,53.0,53.0,12620194310,2422302,240,55.0,53.0
2302,2013-05-19,51.0,54.0,51.0,52.0,8456542652,1651786,364,53.0,53.0
2303,2013-05-20,53.0,54.0,52.0,53.0,7641649583,1437314,310,52.0,54.0
2304,2013-05-21,54.0,54.0,51.0,52.0,16892504402,3325139,580,53.0,52.0
2305,2013-05-22,51.0,53.0,50.0,52.0,10732097109,2102550,374,52.0,53.0
2306,2013-06-02,57.0,57.0,55.0,56.0,27651593257,4989068,1001,52.0,56.0
2307,2013-06-03,57.0,57.0,56.0,56.0,22579207120,4078469,806,56.0,56.0
2308,2013-06-08,57.0,57.0,54.0,55.0,10785571361,1990114,482,56.0,55.0
2309,2013-06-09,55.0,55.0,54.0,55.0,10205183332,1900966,318,55.0,55.0
2310,2013-06-10,54.0,56.0,54.0,55.0,9469690632,1726653,280,55.0,56.0
2311,2013-06-11,56.0,58.0,55.0,57.0,24683814518,4391414,590,55.0,58.0
2312,2013-06-12,59.0,59.0,58.0,59.0,87657554292,15015510,1273,57.0,59.0
2313,2013-06-15,62.0,62.0,62.0,62.0,34069674912,5611872,242,59.0,62.0
2314,2013-06-16,64.0,64.0,62.0,64.0,160406939229,25441470,1628,62.0,64.0
2315,2013-06-17,65.0,66.0,63.0,65.0,88564262025,13892196,1723,64.0,66.0
2316,2013-06-18,65.0,66.0,63.0,64.0,50593563371,7992983,1044,65.0,63.0
2317,2013-06-19,63.0,65.0,63.0,64.0,27210525815,4322644,710,64.0,64.0
2318,2013-06-22,63.0,63.0,61.0,61.0,85646033448,14142907,1111,64.0,62.0
2319,2013-06-23,61.0,63.0,60.0,62.0,18527347137,3046872,655,61.0,61.0
2320,2013-06-25,62.0,62.0,59.0,60.0,14716344796,2473466,666,62.0,61.0
2321,2013-06-26,61.0,63.0,61.0,62.0,25348634875,4167644,739,60.0,63.0
2322,2013-07-02,65.0,65.0,64.0,65.0,106971648861,16810107,1429,62.0,65.0
2323,2013-07-03,65.0,67.0,65.0,67.0,107436521962,16253326,736,65.0,67.0
2324,2013-07-06,70.0,70.0,70.0,70.0,42905301446,6241679,196,67.0,70.0
2325,2013-07-07,73.0,73.0,69.0,72.0,149639001251,21130106,1539,70.0,71.0
2326,2013-07-08,71.0,71.0,69.0,71.0,51781173790,7433026,860,72.0,69.0
2327,2013-07-09,69.0,71.0,69.0,70.0,27319690611,3971916,676,71.0,69.0
2328,2013-07-10,70.0,71.0,68.0,69.0,28149981760,4147463,738,70.0,68.0
2329,2013-07-13,68.0,69.0,66.0,66.0,52661946876,8064535,883,69.0,66.0
2330,2013-07-14,66.0,68.0,64.0,65.0,33383778419,5246289,736,66.0,65.0
2331,2013-07-15,66.0,67.0,66.0,67.0,34758915489,5272767,855,65.0,67.0
2332,2013-07-16,68.0,70.0,67.0,69.0,505138786300,73895652,981,67.0,68.0
2333,2013-07-17,68.0,71.0,67.0,69.0,86595259925,12648613,1282,69.0,71.0
2334,2013-07-23,73.0,74.0,72.0,73.0,47705799200,7780397,1157,69.0,73.0
2335,2013-07-24,74.0,76.0,73.0,75.0,53689380746,8468638,708,73.0,76.0
2336,2013-07-27,78.0,78.0,76.0,78.0,129924563115,19753147,1521,75.0,77.0
2337,2013-07-28,78.0,78.0,77.0,77.0,16878743983,2590934,548,78.0,77.0
2338,2013-07-29,77.0,81.0,75.0,80.0,93521182889,13850353,970,77.0,80.0
2339,2013-07-31,81.0,83.0,81.0,83.0,68321310088,9744633,1023,80.0,83.0
2340,2013-08-03,86.0,86.0,81.0,84.0,32670143537,4633335,1036,83.0,82.0
2341,2013-08-04,81.0,85.0,81.0,83.0,28826606835,4111152,729,84.0,83.0
2342,2013-08-05,83.0,84.0,80.0,83.0,193131144816,27798176,548,83.0,82.0
2343,2013-08-06,81.0,84.0,81.0,83.0,210174008202,30236950,642,83.0,82.0
2344,2013-08-07,83.0,84.0,82.0,83.0,23938690493,3439270,577,83.0,82.0
2345,2013-08-11,84.0,85.0,84.0,84.0,24065131155,3387131,572,83.0,84.0
2346,2013-08-12,85.0,85.0,82.0,84.0,28560306267,4060912,533,84.0,83.0
2347,2013-08-13,83.0,84.0,81.0,82.0,30132239161,4348157,585,84.0,83.0
2348,2013-08-14,83.0,83.0,81.0,82.0,43756204094,6312162,421,82.0,82.0
2349,2013-08-17,83.0,83.0,80.0,82.0,17879792873,2597161,528,82.0,80.0
2350,2013-08-18,80.0,81.0,79.0,80.0,15409840624,2298720,482,82.0,80.0
2351,2013-08-19,81.0,81.0,79.0,80.0,10236839833,1525780,310,80.0,80.0
2352,2013-08-20,80.0,80.0,77.0,79.0,11182740110,1694945,359,80.0,80.0
2353,2013-08-21,79.0,79.0,78.0,79.0,5896522704,897250,249,79.0,78.0
2354,2013-08-24,79.0,81.0,78.0,79.0,12064676639,1802493,449,79.0,78.0
2355,2013-08-25,79.0,80.0,78.0,79.0,6777224303,1026700,288,79.0,79.0
2356,2013-08-26,82.0,82.0,78.0,79.0,11841950397,1768990,254,79.0,79.0
2357,2013-08-27,78.0,81.0,76.0,78.0,8678447051,1331670,370,79.0,76.0
2358,2013-08-28,75.0,76.0,75.0,75.0,41919957905,6619276,490,78.0,75.0
2359,2013-08-31,73.0,78.0,73.0,75.0,20767145935,3278108,268,75.0,75.0
2360,2013-09-01,75.0,78.0,75.0,76.0,8717487761,1349053,277,75.0,76.0
2361,2013-09-03,77.0,78.0,74.0,76.0,13103004046,2032457,277,76.0,74.0
2362,2013-09-04,73.0,74.0,73.0,73.0,17852015220,2888669,282,76.0,73.0
2363,2013-09-07,71.0,72.0,71.0,72.0,6550576462,1095973,300,73.0,71.0
2364,2013-09-08,71.0,74.0,71.0,73.0,7103508869,1155907,239,72.0,73.0
2365,2013-09-09,73.0,75.0,70.0,73.0,6530252774,1067111,220,73.0,72.0
2366,2013-09-10,75.0,76.0,74.0,75.0,12822746081,2020154,206,73.0,76.0
2367,2013-09-11,78.0,78.0,78.0,78.0,16071942232,2454856,184,75.0,78.0
2368,2013-09-14,80.0,81.0,76.0,79.0,15508232991,2324164,405,78.0,80.0
2369,2013-09-15,80.0,80.0,79.0,79.0,8161553618,1219446,297,79.0,79.0
2370,2013-09-16,78.0,80.0,78.0,79.0,12055483016,1808122,251,79.0,80.0
2371,2013-09-17,79.0,80.0,78.0,79.0,11423341692,1712601,228,79.0,79.0
2372,2013-09-18,79.0,80.0,79.0,79.0,10161975221,1520151,301,79.0,79.0
2373,2013-09-21,78.0,80.0,78.0,80.0,23238813286,3472146,350,79.0,80.0
2374,2013-09-22,80.0,80.0,77.0,78.0,16716476559,2542236,279,80.0,78.0
2375,2013-09-23,78.0,81.0,78.0,81.0,267443107392,39367680,648,78.0,81.0
2376,2013-09-24,82.0,82.0,80.0,81.0,2301381709,339268,147,81.0,81.0
2377,2013-09-25,80.0,83.0,78.0,81.0,77671952007,11416594,324,81.0,82.0
2378,2013-09-28,84.0,84.0,84.0,84.0,30836720025,4358547,359,81.0,84.0
2379,2013-09-29,86.0,87.0,85.0,87.0,85318578587,11634741,1138,84.0,87.0
2380,2013-09-30,91.0,91.0,89.0,91.0,137556751218,18046490,1887,87.0,91.0
2381,2013-10-01,91.0,94.0,89.0,92.0,49308683471,6381014,956,91.0,92.0
2382,2013-10-02,92.0,92.0,90.0,91.0,19643441371,2566377,543,92.0,90.0
2383,2013-10-05,87.0,94.0,87.0,92.0,28554918528,3688199,674,91.0,93.0
2384,2013-10-06,92.0,93.0,92.0,92.0,34165707426,4404892,551,92.0,92.0
2385,2013-10-07,91.0,95.0,90.0,93.0,37644533380,4835750,571,92.0,94.0
2386,2013-10-08,95.0,95.0,93.0,94.0,19951670674,2515505,396,93.0,94.0
2387,2013-10-09,93.0,96.0,92.0,95.0,34958867489,4371033,427,94.0,96.0
2388,2013-10-12,96.0,99.0,96.0,99.0,23684616559,2850874,294,95.0,99.0
2389,2013-10-13,103.0,103.0,100.0,102.0,106990801497,12427680,793,99.0,103.0
2390,2013-10-14,102.0,102.0,100.0,101.0,27312608155,3212027,556,102.0,100.0
2391,2013-10-15,100.0,105.0,100.0,104.0,81458305932,9295579,850,101.0,104.0
2392,2013-10-19,105.0,108.0,105.0,108.0,92438334910,10179278,589,104.0,106.0
2393,2013-10-20,105.0,107.0,104.0,106.0,16866912329,1912013,373,108.0,105.0
2394,2013-10-21,103.0,106.0,103.0,105.0,14281357948,1626005,409,106.0,103.0
2395,2013-10-22,103.0,103.0,101.0,101.0,27037408640,3187146,428,105.0,102.0
2396,2013-10-23,101.0,101.0,97.0,100.0,11530431930,1383002,363,101.0,99.0
2397,2013-10-26,99.0,104.0,98.0,103.0,32729506180,3776086,514,100.0,104.0
2398,2013-10-27,105.0,105.0,99.0,101.0,18510641481,2187737,326,103.0,99.0
2399,2013-10-28,99.0,101.0,99.0,101.0,5688990820,674787,151,101.0,100.0
2400,2013-10-29,99.0,104.0,99.0,102.0,18261523302,2121969,297,101.0,102.0
2401,2013-10-30,103.0,105.0,102.0,103.0,18985323972,2180104,245,102.0,104.0
2402,2013-11-02,103.0,103.0,102.0,103.0,6437448458,747821,159,103.0,102.0
2403,2013-11-03,103.0,103.0,99.0,103.0,6993769510,816807,192,103.0,100.0
2404,2013-11-04,101.0,101.0,98.0,101.0,11014882101,1313090,264,103.0,98.0
2405,2013-11-05,98.0,102.0,98.0,101.0,16701599750,1975047,295,101.0,100.0
2406,2013-11-06,101.0,104.0,101.0,103.0,31332374861,3621865,418,101.0,102.0
2407,2013-11-09,104.0,105.0,101.0,103.0,12218209629,1407850,272,103.0,102.0
2408,2013-11-10,101.0,103.0,101.0,103.0,10948986452,1269784,208,103.0,103.0
2409,2013-11-11,101.0,102.0,100.0,102.0,97476915937,11349670,443,103.0,102.0
2410,2013-11-12,101.0,103.0,100.0,101.0,16899239082,1989250,237,102.0,101.0
2411,2013-11-16,102.0,103.0,101.0,103.0,39375278055,4554767,296,101.0,102.0
2412,2013-11-17,101.0,102.0,101.0,102.0,7623819937,894781,153,103.0,102.0
2413,2013-11-18,102.0,102.0,100.0,102.0,4195888053,495093,151,102.0,100.0
2414,2013-11-19,100.0,102.0,99.0,102.0,11581021524,1353123,240,102.0,102.0
2415,2013-11-20,100.0,102.0,100.0,102.0,98863079532,11518855,468,102.0,101.0
2416,2013-11-23,101.0,102.0,100.0,101.0,13717966545,1616622,362,102.0,101.0
2417,2013-11-24,102.0,105.0,101.0,103.0,42127512236,4857581,727,101.0,103.0
2418,2013-11-25,106.0,107.0,102.0,106.0,36053766334,4023911,504,103.0,107.0
2419,2013-11-26,111.0,111.0,111.0,111.0,100381769284,10772950,795,106.0,111.0
2420,2013-11-27,115.0,115.0,112.0,113.0,64799678474,6789537,1222,111.0,115.0
2421,2013-11-30,118.0,118.0,115.0,118.0,44437803815,4481733,586,113.0,118.0
2422,2013-12-01,123.0,123.0,116.0,121.0,108583632005,10692485,1665,118.0,117.0
2423,2013-12-02,116.0,119.0,116.0,116.0,38989841839,3982120,853,121.0,116.0
2424,2013-12-03,113.0,119.0,112.0,116.0,47445242823,4874765,783,116.0,116.0
2425,2013-12-04,120.0,120.0,115.0,118.0,46557166437,4702573,712,116.0,116.0
2426,2013-12-07,115.0,120.0,115.0,117.0,29120749822,2945717,490,118.0,116.0
2427,2013-12-08,117.0,117.0,115.0,116.0,29342648940,2997113,498,117.0,116.0
2428,2013-12-09,112.0,114.0,112.0,112.0,45841993351,4870491,718,116.0,112.0
2429,2013-12-10,109.0,114.0,108.0,112.0,35611013214,3781242,706,112.0,111.0
2430,2013-12-11,110.0,116.0,110.0,114.0,38948736656,4069074,624,112.0,116.0
2431,2013-12-14,110.0,114.0,110.0,112.0,24413000144,2597002,406,114.0,112.0
2432,2013-12-15,111.0,116.0,111.0,116.0,39241042006,4034505,505,112.0,116.0
2433,2013-12-16,119.0,120.0,118.0,120.0,180462164734,17844944,766,116.0,119.0
2434,2013-12-17,122.0,125.0,119.0,124.0,124569001751,11943199,1188,120.0,125.0
2435,2013-12-18,126.0,129.0,121.0,124.0,30883922074,2952900,708,124.0,121.0
2436,2013-12-21,119.0,124.0,119.0,120.0,347527512289,34406560,668,124.0,121.0
2437,2013-12-22,116.0,123.0,116.0,121.0,19408750702,1903138,435,120.0,123.0
2438,2013-12-24,120.0,126.0,120.0,126.0,110157074932,10428301,868,121.0,126.0
2439,2013-12-25,128.0,131.0,124.0,126.0,33853407253,3183760,688,126.0,124.0
2440,2013-12-28,125.0,127.0,124.0,125.0,22555904410,2148701,441,126.0,124.0
2441,2013-12-29,122.0,124.0,122.0,123.0,33901558039,3279873,506,125.0,124.0
2442,2013-12-30,122.0,127.0,118.0,121.0,40080763384,3947970,520,123.0,120.0
2443,2014-01-01,121.0,123.0,120.0,121.0,44986313182,4410519,399,121.0,121.0
2444,2014-01-04,120.0,124.0,118.0,120.0,27851434232,2753836,456,121.0,122.0
2445,2014-01-05,122.0,122.0,119.0,121.0,23641262329,2320430,362,120.0,122.0
2446,2014-01-06,121.0,124.0,120.0,121.0,27952426165,2754611,671,121.0,120.0
2447,2014-01-07,125.0,125.0,124.0,125.0,188301689601,17847259,1981,121.0,124.0
2448,2014-01-08,125.0,125.0,121.0,124.0,16224361415,1568600,508,125.0,123.0
2449,2014-01-11,125.0,125.0,119.0,122.0,19308723368,1891582,478,124.0,119.0
2450,2014-01-12,120.0,120.0,117.0,117.0,52302028244,5300002,560,122.0,117.0
2451,2014-01-13,121.0,121.0,117.0,119.0,27283245998,2727808,610,117.0,117.0
2452,2014-01-14,121.0,121.0,114.0,117.0,15890529926,1624799,406,119.0,114.0
2453,2014-01-15,113.0,115.0,113.0,115.0,12946155251,1366808,195,117.0,113.0
2454,2014-01-18,110.0,112.0,110.0,110.0,31550075759,3402821,434,115.0,110.0
2455,2014-01-20,109.0,109.0,106.0,106.0,26026578472,2922278,413,110.0,106.0
2456,2014-01-21,102.0,106.0,102.0,104.0,16122662096,1850637,428,106.0,103.0
2457,2014-01-22,101.0,104.0,100.0,102.0,16111936854,1896864,435,104.0,103.0
2458,2014-01-25,98.0,106.0,98.0,103.0,18916552249,2171363,347,102.0,103.0
2459,2014-01-26,107.0,107.0,100.0,102.0,16791810145,1955707,301,103.0,100.0
2460,2014-01-27,99.0,103.0,98.0,100.0,13862920832,1659282,315,102.0,103.0
2461,2014-01-28,103.0,104.0,102.0,102.0,11647552412,1341432,356,100.0,103.0
2462,2014-01-29,105.0,106.0,102.0,105.0,22478516868,2539142,366,102.0,106.0
2463,2014-02-01,109.0,109.0,107.0,109.0,65649332503,7140585,1387,105.0,109.0
2464,2014-02-22,109.0,109.0,105.0,106.0,13041557747,3256830,584,109.0,105.0
2465,2014-02-23,102.0,107.0,102.0,104.0,8438593236,2151500,552,106.0,103.0
2466,2014-02-24,103.0,103.0,100.0,103.0,4262068969,1115376,345,104.0,101.0
2467,2014-02-25,100.0,100.0,98.0,100.0,6546812218,1752513,296,103.0,98.0
2468,2014-02-26,96.0,99.0,96.0,99.0,39150990698,10430501,281,100.0,99.0
2469,2014-03-01,96.0,100.0,96.0,99.0,40371238662,10767338,264,99.0,99.0
2470,2014-03-02,99.0,100.0,96.0,98.0,2747654220,744177,213,99.0,97.0
2471,2014-03-03,96.0,96.0,95.0,97.0,3086560143,859869,176,98.0,95.0
2472,2014-03-04,94.0,96.0,93.0,97.0,2289867277,635438,189,97.0,96.0
2473,2014-03-05,96.0,100.0,95.0,97.0,3962386743,1066270,315,97.0,97.0
2474,2014-03-08,99.0,100.0,95.0,97.0,2459134933,665160,202,97.0,97.0
2475,2014-03-09,98.0,98.0,93.0,97.0,2298787107,636695,232,97.0,95.0
2476,2014-03-10,93.0,95.0,93.0,96.0,2276289296,644752,192,97.0,93.0
2477,2014-03-11,94.0,96.0,92.0,95.0,4531702072,1278615,320,96.0,95.0
2478,2014-03-12,95.0,96.0,91.0,94.0,3913996295,1098203,242,95.0,94.0
2479,2014-03-15,97.0,97.0,94.0,95.0,5679332444,1573381,338,94.0,94.0
2480,2014-03-16,95.0,97.0,95.0,95.0,141046672861,39193705,245,95.0,96.0
2481,2014-03-17,97.0,99.0,97.0,97.0,5303498683,1419844,251,95.0,99.0
2482,2014-03-18,101.0,101.0,99.0,101.0,14409145037,3782156,479,97.0,101.0
2483,2014-03-19,103.0,104.0,101.0,102.0,4684636936,1202069,292,101.0,103.0
2484,2014-03-25,105.0,105.0,98.0,102.0,1917329316,498458,141,102.0,98.0
2485,2014-03-26,100.0,100.0,98.0,101.0,625919891,166876,100,102.0,100.0
2486,2014-03-29,99.0,99.0,97.0,101.0,1424517313,383661,134,101.0,97.0
2487,2014-03-30,101.0,101.0,98.0,100.0,3023736299,803287,192,101.0,99.0
2488,2014-03-31,98.0,100.0,96.0,99.0,4079491910,1097258,281,100.0,97.0
2489,2014-04-05,100.0,100.0,96.0,99.0,2664610847,721014,215,99.0,96.0
2490,2014-04-06,98.0,99.0,95.0,95.0,18143796740,5038616,277,99.0,95.0
2491,2014-04-07,92.0,94.0,91.0,93.0,5525841314,1592152,389,95.0,91.0
2492,2014-04-08,92.0,95.0,89.0,92.0,5012364030,1442956,371,93.0,91.0
2493,2014-04-09,90.0,92.0,89.0,90.0,5602572980,1657878,435,92.0,90.0
2494,2014-04-12,90.0,92.0,87.0,90.0,39274740686,11521888,289,90.0,87.0
2495,2014-04-13,87.0,88.0,86.0,88.0,5190798791,1585379,238,90.0,86.0
2496,2014-04-14,84.0,86.0,84.0,86.0,5477953705,1710739,280,88.0,84.0
2497,2014-04-15,87.0,87.0,83.0,86.0,2300776540,704657,257,86.0,86.0
2498,2014-04-16,87.0,89.0,85.0,86.0,2683389652,812851,233,86.0,85.0
2499,2014-04-19,86.0,86.0,83.0,86.0,992577119,311386,105,86.0,84.0
2500,2014-04-20,87.0,89.0,87.0,87.0,3020186144,899167,218,86.0,89.0
2501,2014-04-21,90.0,90.0,88.0,89.0,7594866466,2229906,450,87.0,90.0
2502,2014-04-22,93.0,93.0,91.0,93.0,16755557298,4763397,638,89.0,91.0
2503,2014-04-23,93.0,94.0,91.0,93.0,7298802958,2068701,366,93.0,94.0
2504,2014-04-26,97.0,97.0,95.0,95.0,4136589899,1129216,152,93.0,97.0
2505,2014-04-27,98.0,98.0,96.0,98.0,20133020990,5434053,636,95.0,97.0
2506,2014-04-28,99.0,99.0,96.0,97.0,5595659596,1519909,293,98.0,97.0
2507,2014-04-29,97.0,97.0,94.0,96.0,4281206249,1192123,230,97.0,94.0
2508,2014-04-30,96.0,98.0,94.0,96.0,3032084127,832667,173,96.0,97.0
2509,2014-05-03,98.0,98.0,94.0,96.0,40303305574,11060096,383,96.0,94.0
2510,2014-05-04,93.0,100.0,93.0,98.0,17686545208,4737704,692,96.0,100.0
2511,2014-05-05,101.0,101.0,98.0,99.0,8795525256,2330881,317,98.0,101.0
2512,2014-05-06,100.0,100.0,99.0,100.0,5495904911,1454467,185,99.0,100.0
2513,2014-05-07,100.0,100.0,99.0,100.0,4942528104,1305500,206,100.0,99.0
2514,2014-05-10,100.0,100.0,97.0,99.0,2819230634,754800,139,100.0,97.0
2515,2014-05-11,99.0,99.0,95.0,98.0,4451499823,1205431,228,99.0,98.0
2516,2014-05-12,98.0,98.0,96.0,98.0,2045163926,557855,130,98.0,98.0
2517,2014-05-14,98.0,99.0,95.0,98.0,12626152018,3391582,267,98.0,99.0
2518,2014-05-17,98.0,98.0,94.0,97.0,5000759047,1384482,216,98.0,98.0
2519,2014-05-18,95.0,97.0,95.0,96.0,25096244578,6862949,198,97.0,95.0
2520,2014-05-19,97.0,97.0,94.0,96.0,4741573651,1322675,249,96.0,94.0
2521,2014-05-20,94.0,94.0,94.0,95.0,2023204664,567684,168,96.0,94.0
2522,2014-05-21,93.0,95.0,92.0,94.0,3220425942,916093,229,95.0,93.0
2523,2014-05-24,92.0,95.0,92.0,94.0,2249312731,633711,171,94.0,92.0
2524,2014-05-25,92.0,92.0,91.0,94.0,1358710141,391211,123,94.0,91.0
2525,2014-05-26,91.0,91.0,90.0,91.0,6367797481,1864230,250,94.0,90.0
2526,2014-05-28,91.0,91.0,88.0,91.0,1575675432,471568,184,91.0,88.0
2527,2014-05-31,89.0,89.0,87.0,89.0,4338830351,1315361,318,91.0,87.0
2528,2014-06-01,87.0,87.0,85.0,87.0,4364707723,1346150,240,89.0,86.0
2529,2014-06-02,89.0,89.0,86.0,87.0,2736710790,828493,236,87.0,86.0
2530,2014-06-03,87.0,89.0,87.0,87.0,1280559393,388290,104,87.0,87.0
2531,2014-06-07,89.0,89.0,86.0,87.0,1048473600,316793,122,87.0,86.0
2532,2014-06-08,88.0,88.0,86.0,87.0,1293776279,396219,117,87.0,86.0
2533,2014-06-09,86.0,88.0,86.0,87.0,1352148894,411533,109,87.0,87.0
2534,2014-06-10,87.0,87.0,86.0,87.0,471578309,144258,54,87.0,86.0
2535,2014-06-11,87.0,88.0,86.0,87.0,1693434363,514041,155,87.0,87.0
2536,2014-06-14,87.0,88.0,83.0,86.0,3073491475,955424,189,87.0,84.0
2537,2014-06-15,83.0,87.0,83.0,85.0,2916285356,925588,141,86.0,83.0
2538,2014-06-16,83.0,87.0,83.0,85.0,843317331,264000,74,85.0,85.0
2539,2014-06-17,85.0,85.0,82.0,85.0,1258206528,402853,214,85.0,84.0
2540,2014-06-18,84.0,86.0,82.0,85.0,541392840,169586,148,85.0,85.0
2541,2014-06-21,83.0,85.0,82.0,84.0,959607140,300869,89,85.0,83.0
2542,2014-06-22,84.0,85.0,82.0,84.0,764581851,243457,64,84.0,82.0
2543,2014-06-23,84.0,84.0,82.0,84.0,552336880,177005,90,84.0,82.0
2544,2014-06-24,83.0,83.0,81.0,84.0,1108512554,359610,100,84.0,82.0
2545,2014-06-25,81.0,84.0,80.0,83.0,7957613729,2528481,176,84.0,83.0
2546,2014-06-28,86.0,86.0,80.0,83.0,1921598791,611014,182,83.0,80.0
2547,2014-06-29,80.0,82.0,80.0,81.0,4904358518,1610781,183,83.0,80.0
2548,2014-06-30,78.0,80.0,78.0,80.0,2651268444,892804,138,81.0,78.0
2549,2014-07-01,77.0,82.0,77.0,80.0,1269259121,414513,131,80.0,81.0
2550,2014-07-02,81.0,83.0,80.0,81.0,3228122737,1044016,206,80.0,82.0
2551,2014-07-05,82.0,84.0,82.0,81.0,1364019531,429012,77,81.0,84.0
2552,2014-07-06,84.0,84.0,80.0,81.0,2382845166,754367,123,81.0,82.0
2553,2014-07-07,84.0,85.0,80.0,81.0,1554329808,492783,135,81.0,85.0
2554,2014-07-08,84.0,85.0,84.0,82.0,2330275858,727120,185,81.0,84.0
2555,2014-07-09,84.0,84.0,82.0,82.0,1852614077,586915,140,82.0,83.0
2556,2014-07-12,82.0,85.0,82.0,82.0,4072388826,1283887,253,82.0,84.0
2557,2014-07-13,82.0,85.0,82.0,82.0,1705946979,538991,136,82.0,84.0
2558,2014-07-14,83.0,86.0,82.0,86.0,31065660084,9571695,595,82.0,86.0
2559,2014-07-15,86.0,89.0,86.0,89.0,30173858364,8966437,760,86.0,89.0
2560,2014-07-16,91.0,92.0,89.0,90.0,15370883949,4445191,580,89.0,89.0
2561,2014-07-22,92.0,95.0,92.0,94.0,7454382824,2341955,216,90.0,95.0
2562,2014-07-23,96.0,97.0,91.0,94.0,8121478227,2568662,395,94.0,91.0
2563,2014-07-26,93.0,96.0,92.0,94.0,8824769826,2762782,291,94.0,93.0
2564,2014-07-27,95.0,95.0,93.0,95.0,34422715703,10761739,184,94.0,94.0
2565,2014-07-28,94.0,95.0,92.0,93.0,19910530695,6318948,613,95.0,93.0
2566,2014-08-02,92.0,92.0,89.0,92.0,9009137101,2928447,332,93.0,91.0
2567,2014-08-03,93.0,93.0,90.0,91.0,13619841059,4420349,396,92.0,90.0
2568,2014-08-04,90.0,92.0,90.0,91.0,5480500606,1787198,377,91.0,90.0
2569,2014-08-05,92.0,92.0,90.0,91.0,5268984498,1719614,294,91.0,91.0
2570,2014-08-06,91.0,92.0,90.0,91.0,3970076645,1294402,175,91.0,90.0
2571,2014-08-09,90.0,90.0,87.0,90.0,6130525237,2034593,301,91.0,88.0
2572,2014-08-10,89.0,92.0,86.0,89.0,15663251627,5226439,490,90.0,89.0
2573,2014-08-11,90.0,90.0,88.0,89.0,5106703073,1700024,228,89.0,88.0
2574,2014-08-12,88.0,88.0,86.0,88.0,3634130007,1237090,191,89.0,86.0
2575,2014-08-13,87.0,89.0,85.0,87.0,6493122152,2224277,356,88.0,86.0
2576,2014-08-16,88.0,88.0,85.0,87.0,3817533378,1313332,195,87.0,85.0
2577,2014-08-17,86.0,87.0,83.0,86.0,7939090723,2778987,317,87.0,84.0
2578,2014-08-18,84.0,86.0,83.0,85.0,6567236898,2316475,324,86.0,84.0
2579,2014-08-19,84.0,84.0,81.0,83.0,7399167073,2665727,348,85.0,82.0
2580,2014-08-20,84.0,84.0,81.0,83.0,9176335944,3301026,317,83.0,81.0
2581,2014-08-23,81.0,82.0,80.0,81.0,8632638749,3179230,397,83.0,80.0
2582,2014-08-24,80.0,81.0,79.0,80.0,16713055561,6163333,428,81.0,80.0
2583,2014-08-25,80.0,81.0,78.0,80.0,11492964564,4262954,557,80.0,79.0
2584,2014-08-26,80.0,81.0,79.0,80.0,36790945129,13635729,699,80.0,79.0
2585,2014-08-27,80.0,83.0,80.0,83.0,23851189796,8543916,840,80.0,83.0
2586,2014-08-30,85.0,85.0,80.0,82.0,16140927415,5794469,887,83.0,81.0
2587,2014-08-31,81.0,82.0,80.0,81.0,5648817869,2084238,409,82.0,80.0
2588,2014-09-01,81.0,81.0,79.0,81.0,4874658253,1815691,389,81.0,80.0
2589,2014-09-02,80.0,82.0,79.0,82.0,48119642827,17444272,456,81.0,80.0
2590,2014-09-03,80.0,81.0,80.0,81.0,3323831318,1225079,281,82.0,80.0
2591,2014-09-06,80.0,81.0,79.0,80.0,7852581161,2912829,260,81.0,79.0
2592,2014-09-07,79.0,80.0,78.0,80.0,4668940064,1760273,348,80.0,79.0
2593,2014-09-08,79.0,80.0,78.0,80.0,4462406522,1663761,325,80.0,78.0
2594,2014-09-09,80.0,80.0,78.0,79.0,5530224428,2088698,286,80.0,79.0
2595,2014-09-10,78.0,81.0,77.0,79.0,6845533494,2576297,341,79.0,78.0
2596,2014-09-13,80.0,81.0,76.0,80.0,36167296003,13297458,340,79.0,81.0
2597,2014-09-14,78.0,79.0,77.0,80.0,1410547842,535242,171,80.0,78.0
2598,2014-09-15,77.0,80.0,77.0,80.0,4073076818,1528706,205,80.0,79.0
2599,2014-09-16,79.0,81.0,78.0,80.0,46352068977,17028087,279,80.0,80.0
2600,2014-09-17,79.0,81.0,78.0,80.0,16715824805,6158101,198,80.0,80.0
2601,2014-09-20,80.0,80.0,78.0,80.0,1808094967,678850,129,80.0,79.0
2602,2014-09-21,80.0,82.0,80.0,81.0,9073458081,3318063,489,80.0,80.0
2603,2014-09-22,81.0,81.0,80.0,80.0,3391902007,1251663,191,81.0,80.0
2604,2014-09-23,80.0,80.0,79.0,80.0,2505579232,927254,203,80.0,79.0
2605,2014-09-24,81.0,81.0,79.0,80.0,4501211307,1669774,226,80.0,79.0
2606,2014-09-27,80.0,81.0,79.0,81.0,13325275665,4875586,182,80.0,79.0
2607,2014-09-28,81.0,81.0,78.0,79.0,13611711124,5126466,332,81.0,78.0
2608,2014-09-29,79.0,80.0,78.0,80.0,12973482147,4825529,620,79.0,80.0
2609,2014-09-30,81.0,81.0,79.0,80.0,2319682525,857214,179,80.0,79.0
2610,2014-10-01,80.0,80.0,76.0,79.0,6924879696,2611480,357,80.0,76.0
2611,2014-10-04,80.0,80.0,77.0,79.0,3856179345,1468468,188,79.0,77.0
2612,2014-10-06,79.0,79.0,78.0,78.0,1743340629,661094,185,79.0,78.0
2613,2014-10-07,78.0,78.0,77.0,78.0,2565334380,983080,220,78.0,77.0
2614,2014-10-08,78.0,78.0,75.0,78.0,31797351110,12068651,344,78.0,77.0
2615,2014-10-11,77.0,77.0,76.0,77.0,7880732766,3053402,393,78.0,76.0
2616,2014-10-12,77.0,77.0,75.0,77.0,4948145598,1910907,322,77.0,77.0
2617,2014-10-14,76.0,77.0,76.0,77.0,4189666098,1615256,219,77.0,77.0
2618,2014-10-15,77.0,78.0,77.0,77.0,2862183664,1098562,239,77.0,77.0
2619,2014-10-18,77.0,77.0,76.0,77.0,30485145549,11728121,387,77.0,76.0
2620,2014-10-19,77.0,78.0,77.0,77.0,7986859010,3063043,642,77.0,78.0
2621,2014-10-20,78.0,80.0,78.0,80.0,15324724988,5668760,359,77.0,80.0
2622,2014-10-21,82.0,83.0,81.0,83.0,48899866778,17418889,1268,80.0,83.0
2623,2014-10-22,85.0,85.0,82.0,83.0,18042250726,6419970,698,83.0,83.0
2624,2014-10-25,83.0,84.0,82.0,83.0,23018990349,8198597,653,83.0,83.0
2625,2014-10-26,83.0,84.0,81.0,83.0,39102030128,13912921,503,83.0,81.0
2626,2014-10-27,82.0,83.0,81.0,82.0,28218409816,10171970,691,83.0,82.0
2627,2014-10-28,83.0,85.0,81.0,84.0,31209339467,11021940,407,82.0,85.0
2628,2014-10-29,86.0,87.0,84.0,85.0,15861284987,5507844,590,84.0,85.0
2629,2014-11-01,86.0,88.0,86.0,87.0,9934173270,3349062,462,85.0,87.0
2630,2014-11-02,88.0,88.0,85.0,86.0,12607188498,4332016,463,87.0,88.0
2631,2014-11-05,87.0,87.0,85.0,86.0,9860022020,3390655,403,86.0,85.0
2632,2014-11-08,86.0,86.0,84.0,85.0,6693026107,2329996,389,86.0,84.0
2633,2014-11-09,85.0,85.0,83.0,85.0,6896894176,2427509,400,85.0,84.0
2634,2014-11-10,84.0,84.0,83.0,84.0,5649508766,2012643,344,85.0,83.0
2635,2014-11-11,84.0,86.0,82.0,86.0,33075715302,11396634,435,84.0,84.0
2636,2014-11-12,85.0,85.0,83.0,85.0,5231561410,1848279,311,86.0,84.0
2637,2014-11-15,85.0,85.0,82.0,84.0,6229804507,2232603,318,85.0,83.0
2638,2014-11-16,84.0,84.0,81.0,83.0,4614173127,1659106,346,84.0,81.0
2639,2014-11-17,83.0,83.0,80.0,81.0,11290303950,4151660,660,83.0,80.0
2640,2014-11-18,81.0,81.0,78.0,79.0,11351324558,4264842,410,81.0,78.0
2641,2014-11-19,79.0,79.0,77.0,78.0,7357861820,2797678,407,79.0,78.0
2642,2014-11-22,78.0,78.0,75.0,77.0,6679917698,2574790,427,78.0,77.0
2643,2014-11-23,78.0,80.0,78.0,78.0,5041097826,1874045,379,77.0,79.0
2644,2014-11-24,80.0,80.0,75.0,77.0,11193507874,4291043,699,78.0,75.0
2645,2014-11-25,77.0,77.0,74.0,74.0,12052088435,4797642,561,77.0,74.0
2646,2014-11-26,71.0,76.0,71.0,74.0,4912755151,1987471,398,74.0,76.0
2647,2014-11-29,75.0,75.0,72.0,73.0,7420787525,3029697,436,74.0,72.0
2648,2014-11-30,72.0,73.0,70.0,71.0,9405374177,3963347,489,73.0,71.0
2649,2014-12-01,70.0,71.0,68.0,68.0,20920503376,9065604,986,71.0,68.0
2650,2014-12-02,69.0,69.0,66.0,67.0,6864582387,3057690,414,68.0,67.0
2651,2014-12-03,66.0,68.0,65.0,67.0,24894627058,11065772,284,67.0,66.0
2652,2014-12-06,66.0,68.0,66.0,66.0,1977260876,883266,171,67.0,66.0
2653,2014-12-07,67.0,67.0,64.0,66.0,2792523148,1262439,255,66.0,66.0
2654,2014-12-08,65.0,67.0,65.0,66.0,1409150173,627745,181,66.0,66.0
2655,2014-12-09,66.0,67.0,65.0,66.0,2204636015,992977,185,66.0,66.0
2656,2014-12-10,66.0,66.0,65.0,66.0,1438845501,648189,135,66.0,66.0
2657,2014-12-14,66.0,66.0,63.0,63.0,13880335455,6465522,410,66.0,64.0
2658,2014-12-15,61.0,63.0,61.0,63.0,2810131458,1353337,217,63.0,62.0
2659,2014-12-16,64.0,65.0,62.0,64.0,4923723333,2252101,302,63.0,65.0
2660,2014-12-17,65.0,66.0,64.0,64.0,2947843892,1341270,245,64.0,66.0
2661,2014-12-20,65.0,67.0,62.0,67.0,373426701962,165818571,406,64.0,66.0
2662,2014-12-22,65.0,69.0,65.0,69.0,385299230557,164611951,343,67.0,69.0
2663,2014-12-24,72.0,72.0,68.0,70.0,8831784448,3734945,470,69.0,69.0
2664,2014-12-27,70.0,70.0,67.0,69.0,2802593627,1211731,197,70.0,69.0
2665,2014-12-28,69.0,71.0,67.0,69.0,4493373945,1935125,276,69.0,67.0
2666,2014-12-29,68.0,70.0,66.0,68.0,3884700968,1709548,223,69.0,67.0
2667,2014-12-30,68.0,69.0,66.0,68.0,1612720431,702808,136,68.0,67.0
2668,2014-12-31,67.0,71.0,66.0,71.0,392010006983,163502242,362,68.0,68.0
2669,2015-01-03,69.0,69.0,68.0,70.0,4752732638,2059340,208,71.0,68.0
2670,2015-01-04,67.0,68.0,67.0,69.0,2204875703,972153,153,70.0,67.0
2671,2015-01-05,67.0,67.0,66.0,68.0,5085640719,2262156,118,69.0,66.0
2672,2015-01-06,65.0,66.0,65.0,65.0,14989155776,6794513,303,68.0,65.0
2673,2015-01-07,63.0,64.0,63.0,65.0,3000736505,1404131,156,65.0,63.0
2674,2015-01-10,62.0,63.0,62.0,62.0,8492353809,4044906,264,65.0,62.0
2675,2015-01-11,61.0,61.0,60.0,62.0,2843025321,1398324,214,62.0,61.0
2676,2015-01-12,63.0,64.0,61.0,62.0,2428004687,1141532,234,62.0,61.0
2677,2015-01-13,61.0,62.0,60.0,62.0,2447534488,1203581,216,62.0,61.0
2678,2015-01-14,60.0,60.0,59.0,61.0,3659012373,1827562,177,62.0,59.0
2679,2015-01-17,61.0,61.0,59.0,60.0,3121402890,1546433,234,61.0,60.0
2680,2015-01-18,60.0,60.0,59.0,60.0,1554076155,770269,188,60.0,60.0
2681,2015-01-19,60.0,60.0,58.0,59.0,4455147311,2266711,221,60.0,59.0
2682,2015-01-20,57.0,59.0,57.0,58.0,11278411526,5760026,2137,59.0,58.0
2683,2015-01-21,58.0,58.0,56.0,56.0,14755093008,7845679,368,58.0,56.0
2684,2015-01-24,56.0,58.0,56.0,57.0,8476234409,4390191,297,56.0,58.0
2685,2015-01-25,59.0,59.0,56.0,58.0,7687969173,3896934,352,57.0,58.0
2686,2015-01-26,59.0,59.0,56.0,58.0,5562629117,2875402,262,58.0,56.0
2687,2015-01-27,57.0,58.0,55.0,58.0,26353998030,13544520,611,58.0,56.0
2688,2015-01-28,56.0,60.0,56.0,59.0,16240203116,8177675,550,58.0,59.0
2689,2015-01-31,58.0,60.0,57.0,58.0,8487734222,4339227,557,59.0,58.0
2690,2015-02-01,58.0,58.0,56.0,57.0,25888611085,13539981,1051,58.0,58.0
2691,2015-02-04,56.0,57.0,55.0,56.0,3924877795,2070102,266,57.0,56.0
2692,2015-02-07,56.0,58.0,55.0,56.0,3251352039,1710193,285,56.0,56.0
2693,2015-02-08,55.0,56.0,54.0,56.0,2264353175,1220730,231,56.0,55.0
2694,2015-02-09,55.0,55.0,54.0,54.0,7097532893,3904082,373,56.0,54.0
2695,2015-03-18,61.0,61.0,59.0,59.0,24580179135,14014400,977,54.0,59.0
2696,2015-03-25,59.0,60.0,57.0,59.0,4803995764,2735473,360,59.0,60.0
2697,2015-03-28,60.0,61.0,58.0,60.0,3955826959,2208134,554,59.0,61.0
2698,2015-03-29,61.0,62.0,59.0,61.0,6944214145,3815861,455,60.0,61.0
2699,2015-03-30,61.0,62.0,58.0,60.0,3928399841,2247759,293,61.0,58.0
2700,2015-03-31,60.0,60.0,58.0,60.0,3546712846,2029589,389,60.0,58.0
2701,2015-04-04,62.0,62.0,62.0,62.0,9282540078,5047602,112,60.0,62.0
2702,2015-04-05,64.0,64.0,64.0,64.0,10504667205,5514261,183,62.0,64.0
2703,2015-04-06,66.0,66.0,62.0,62.0,14377960134,7794802,615,64.0,62.0
2704,2015-04-07,61.0,62.0,60.0,62.0,2663679465,1492364,302,62.0,60.0
2705,2015-04-08,60.0,62.0,59.0,60.0,14721711232,8230079,443,62.0,60.0
2706,2015-04-11,58.0,59.0,58.0,60.0,3556087488,2051207,283,60.0,58.0
2707,2015-04-12,58.0,58.0,57.0,59.0,785940519,462391,65,60.0,57.0
2708,2015-04-13,57.0,57.0,57.0,59.0,1022285883,603831,106,59.0,57.0
2709,2015-04-14,57.0,57.0,57.0,57.0,7230206555,4285235,409,59.0,57.0
2710,2015-04-15,56.0,57.0,55.0,57.0,3528298308,2138088,329,57.0,55.0
2711,2015-04-18,54.0,56.0,54.0,56.0,4326813356,2646108,288,57.0,56.0
2712,2015-04-19,55.0,57.0,55.0,56.0,2483973514,1489748,224,56.0,56.0
2713,2015-04-20,55.0,56.0,54.0,56.0,1354686104,835415,169,56.0,55.0
2714,2015-04-21,55.0,55.0,55.0,56.0,928280513,568894,104,56.0,55.0
2715,2015-04-22,55.0,55.0,55.0,56.0,2144334388,1318267,155,56.0,55.0
2716,2015-04-25,55.0,56.0,54.0,55.0,1561241795,961026,195,56.0,54.0
2717,2015-04-26,54.0,54.0,53.0,55.0,2024992694,1270753,210,55.0,54.0
2718,2015-04-27,53.0,53.0,53.0,54.0,2714063508,1726274,212,55.0,53.0
2719,2015-04-28,53.0,53.0,52.0,54.0,1989161138,1275851,501,54.0,53.0
2720,2015-04-29,54.0,54.0,52.0,54.0,1244528618,785238,134,54.0,53.0
2721,2015-05-03,54.0,54.0,53.0,54.0,642909143,405871,112,54.0,53.0
2722,2015-05-04,53.0,53.0,52.0,54.0,604107980,385863,68,54.0,53.0
2723,2015-05-05,53.0,53.0,52.0,54.0,1285297562,826997,121,54.0,52.0
2724,2015-05-06,53.0,55.0,52.0,54.0,4623941537,2917972,245,54.0,54.0
2725,2015-05-09,54.0,54.0,51.0,53.0,3053446432,1995053,197,54.0,51.0
2726,2015-05-10,53.0,53.0,51.0,53.0,1449261883,960837,92,53.0,51.0
2727,2015-05-11,51.0,52.0,51.0,52.0,1568270784,1045272,205,53.0,51.0
2728,2015-05-12,50.0,52.0,50.0,51.0,4937099959,3302213,331,52.0,51.0
2729,2015-05-13,50.0,51.0,49.0,51.0,2245486748,1528418,239,51.0,49.0
2730,2015-05-17,49.0,50.0,49.0,51.0,1097709397,755649,150,51.0,49.0
2731,2015-05-18,50.0,51.0,49.0,51.0,1819042879,1229997,257,51.0,49.0
2732,2015-05-19,50.0,51.0,49.0,50.0,1148521147,773108,133,51.0,50.0
2733,2015-05-20,50.0,51.0,49.0,50.0,1399510499,961127,157,50.0,49.0
2734,2015-05-23,50.0,51.0,49.0,50.0,1604325181,1079525,81,50.0,50.0
2735,2015-05-24,49.0,49.0,48.0,49.0,3103250588,2181212,232,50.0,48.0
2736,2015-05-25,48.0,48.0,47.0,49.0,2276728333,1622241,229,49.0,47.0
2737,2015-05-26,48.0,48.0,47.0,48.0,4439207031,3211331,250,49.0,47.0
2738,2015-05-27,47.0,47.0,45.0,47.0,3095339004,2265479,299,48.0,47.0
2739,2015-05-30,46.0,46.0,45.0,47.0,3909875030,2864449,504,47.0,45.0
2740,2015-05-31,45.0,46.0,45.0,47.0,1274130182,954452,126,47.0,45.0
2741,2015-06-01,45.0,45.0,45.0,46.0,2199732482,1644010,169,47.0,45.0
2742,2015-06-02,45.0,45.0,45.0,46.0,1879350597,1412139,192,46.0,45.0
2743,2015-06-06,45.0,45.0,44.0,45.0,2551712019,1959534,262,46.0,45.0
2744,2015-06-07,44.0,44.0,43.0,45.0,1278769058,989098,152,45.0,44.0
2745,2015-06-08,44.0,44.0,43.0,45.0,1429928415,1098315,160,45.0,44.0
2746,2015-06-09,44.0,44.0,43.0,45.0,890712097,688073,93,45.0,43.0
2747,2015-06-10,44.0,44.0,43.0,45.0,442946496,343744,73,45.0,44.0
2748,2015-06-13,44.0,46.0,44.0,45.0,675107904,511845,99,45.0,44.0
2749,2015-06-14,46.0,46.0,43.0,45.0,978266711,743808,158,45.0,45.0
2750,2015-06-15,45.0,45.0,44.0,45.0,1847360418,1381373,137,45.0,45.0
2751,2015-06-16,44.0,46.0,44.0,45.0,2119327175,1573927,165,45.0,45.0
2752,2015-06-17,46.0,46.0,45.0,45.0,2191112117,1611314,202,45.0,46.0
2753,2015-06-20,47.0,47.0,45.0,45.0,1862945676,1377964,170,45.0,46.0
2754,2015-06-21,45.0,46.0,45.0,45.0,1058422175,780993,134,45.0,45.0
2755,2015-06-22,46.0,46.0,45.0,45.0,1506312682,1110429,105,45.0,46.0
2756,2015-06-23,46.0,47.0,46.0,46.0,2096743339,1520125,207,45.0,47.0
2757,2015-06-24,47.0,48.0,46.0,46.0,3953640172,2837154,307,46.0,47.0
2758,2015-06-27,48.0,48.0,46.0,46.0,1777743321,1281312,152,46.0,46.0
2759,2015-06-28,47.0,48.0,45.0,46.0,1271323901,918481,171,46.0,46.0
2760,2015-06-29,47.0,47.0,45.0,46.0,460626596,341579,85,46.0,46.0
2761,2015-06-30,45.0,48.0,45.0,46.0,3188399298,2304204,220,46.0,47.0
2762,2015-07-01,47.0,47.0,45.0,46.0,3017879945,2208171,261,46.0,45.0
2763,2015-07-04,45.0,47.0,45.0,46.0,1841343773,1337442,238,46.0,46.0
2764,2015-07-05,46.0,46.0,46.0,46.0,1233624738,905705,111,46.0,46.0
2765,2015-07-06,46.0,47.0,46.0,46.0,1428318821,1042517,140,46.0,46.0
2766,2015-07-07,46.0,49.0,46.0,47.0,8955136649,6386449,559,46.0,47.0
2767,2015-09-09,46.0,47.0,45.0,46.0,13571714284,13050568,688,47.0,46.0
2768,2015-09-12,47.0,48.0,45.0,47.0,20953860569,19759106,800,46.0,47.0
2769,2015-09-13,48.0,48.0,46.0,47.0,8594785180,8102495,508,47.0,47.0
2770,2015-09-14,47.0,48.0,46.0,47.0,3669003588,3414406,176,47.0,47.0
2771,2015-09-15,46.0,47.0,45.0,47.0,2216304894,2120511,166,47.0,46.0
2772,2015-09-16,45.0,47.0,45.0,47.0,2046834334,1964710,168,47.0,46.0
2773,2015-09-19,45.0,46.0,45.0,47.0,545620359,524846,80,47.0,46.0
2774,2015-09-20,46.0,46.0,45.0,46.0,2396025791,2348520,159,47.0,45.0
2775,2015-09-21,44.0,45.0,44.0,45.0,7226945900,7198394,436,46.0,44.0
2776,2015-09-22,44.0,45.0,44.0,45.0,686330194,676496,101,45.0,45.0
2777,2015-09-23,45.0,45.0,45.0,45.0,599699447,587597,108,45.0,45.0
2778,2015-09-26,45.0,45.0,44.0,45.0,556303402,549903,80,45.0,44.0
2779,2015-09-27,45.0,46.0,44.0,45.0,905140833,893751,96,45.0,45.0
2780,2015-09-28,46.0,46.0,45.0,45.0,842345778,821776,91,45.0,45.0
2781,2015-09-29,45.0,45.0,45.0,45.0,1297242367,1261266,113,45.0,45.0
2782,2015-09-30,46.0,46.0,45.0,45.0,1281425747,1248674,99,45.0,45.0
2783,2015-10-03,44.0,45.0,44.0,45.0,1820838492,1799443,156,45.0,44.0
2784,2015-10-04,46.0,46.0,44.0,45.0,411423309,402975,63,45.0,45.0
2785,2015-10-05,46.0,46.0,45.0,45.0,1002871930,977161,79,45.0,45.0
2786,2015-10-06,45.0,45.0,44.0,45.0,433112327,426559,58,45.0,45.0
2787,2015-10-07,45.0,46.0,44.0,45.0,1485499750,1446229,169,45.0,45.0
2788,2015-10-10,46.0,47.0,45.0,46.0,3520187009,3334532,225,45.0,46.0
2789,2015-10-11,47.0,47.0,46.0,46.0,2251161104,2128764,124,46.0,46.0
2790,2015-10-12,47.0,47.0,46.0,46.0,861049404,815637,91,46.0,46.0
2791,2015-10-13,47.0,48.0,47.0,46.0,1575951961,1473605,115,46.0,47.0
2792,2015-10-14,48.0,48.0,47.0,47.0,1965176292,1804309,152,46.0,48.0
2793,2015-10-17,48.0,49.0,47.0,47.0,7113300977,6640296,451,47.0,48.0
2794,2015-10-18,48.0,48.0,46.0,47.0,1592961561,1464600,163,47.0,46.0
2795,2015-10-19,48.0,48.0,47.0,47.0,2981299272,2770196,203,47.0,48.0
2796,2015-10-20,47.0,48.0,47.0,47.0,1790837972,1651457,100,47.0,48.0
2797,2015-10-21,47.0,48.0,47.0,48.0,20088362291,18430942,139,47.0,48.0
2798,2015-10-25,48.0,48.0,47.0,48.0,971851690,911434,81,48.0,47.0
2799,2015-10-26,47.0,48.0,47.0,48.0,1209392594,1125371,79,48.0,48.0
2800,2015-10-27,48.0,48.0,47.0,48.0,364324186,341001,50,48.0,47.0
2801,2015-10-28,48.0,48.0,47.0,48.0,333975154,309559,37,48.0,47.0
2802,2015-10-31,48.0,48.0,47.0,48.0,858057143,806278,90,48.0,47.0
2803,2015-11-01,47.0,48.0,47.0,48.0,560132068,527437,73,48.0,47.0
2804,2015-11-02,47.0,48.0,47.0,48.0,631760510,589776,56,48.0,48.0
2805,2015-11-08,48.0,48.0,47.0,47.0,306336560,286886,25,48.0,47.0
2806,2015-11-09,46.0,47.0,46.0,47.0,462818189,438932,79,47.0,46.0
2807,2015-11-10,46.0,47.0,46.0,47.0,1249175808,1194281,111,47.0,46.0
2808,2015-11-11,45.0,46.0,45.0,46.0,2811613570,2745837,208,47.0,45.0
2809,2015-11-14,45.0,48.0,45.0,46.0,2088651907,1975099,169,46.0,48.0
2810,2015-11-15,47.0,48.0,46.0,46.0,917123359,866863,85,46.0,46.0
2811,2015-11-16,46.0,47.0,46.0,46.0,577496876,551417,66,46.0,46.0
2812,2015-11-17,46.0,46.0,45.0,46.0,494253984,477208,71,46.0,45.0
2813,2015-11-18,46.0,46.0,45.0,46.0,115596003,111174,29,46.0,46.0
2814,2015-11-21,46.0,46.0,45.0,46.0,911075278,876723,70,46.0,46.0
2815,2015-11-22,46.0,46.0,45.0,46.0,691296345,661958,59,46.0,46.0
2816,2015-11-23,45.0,46.0,45.0,46.0,620559430,601672,60,46.0,45.0
2817,2015-11-24,46.0,47.0,45.0,46.0,1642616943,1576878,155,46.0,45.0
2818,2015-11-25,45.0,47.0,45.0,46.0,1945986356,1839874,118,46.0,46.0
2819,2015-11-28,46.0,46.0,45.0,46.0,400937693,387279,79,46.0,46.0
2820,2015-11-29,46.0,46.0,45.0,46.0,465271575,445458,58,46.0,45.0
2821,2015-11-30,46.0,47.0,45.0,46.0,636223674,613360,47,46.0,45.0
2822,2015-12-01,47.0,47.0,45.0,46.0,2950705867,2834005,220,46.0,46.0
2823,2015-12-05,46.0,46.0,45.0,46.0,1268171457,1222743,113,46.0,45.0
2824,2015-12-06,45.0,46.0,45.0,46.0,1170019512,1127865,122,46.0,46.0
2825,2015-12-07,46.0,47.0,45.0,46.0,556609443,535131,74,46.0,45.0
2826,2015-12-08,46.0,46.0,45.0,46.0,705864133,676264,94,46.0,46.0
2827,2015-12-09,46.0,46.0,46.0,46.0,302596402,291488,36,46.0,46.0
2828,2015-12-13,45.0,47.0,45.0,46.0,946606341,919414,90,46.0,45.0
2829,2015-12-14,45.0,45.0,45.0,46.0,326864777,320805,68,46.0,45.0
2830,2015-12-15,44.0,46.0,44.0,46.0,942552643,929871,189,46.0,45.0
2831,2015-12-16,45.0,45.0,44.0,46.0,1137058755,1132448,193,46.0,45.0
2832,2015-12-19,44.0,45.0,44.0,45.0,968873117,970311,128,46.0,44.0
2833,2015-12-20,44.0,45.0,43.0,45.0,1755110843,1775313,294,45.0,43.0
2834,2015-12-21,43.0,44.0,43.0,45.0,207908804,212136,56,45.0,44.0
2835,2015-12-22,44.0,44.0,43.0,45.0,293791923,299169,61,45.0,43.0
2836,2015-12-23,43.0,44.0,43.0,45.0,494992788,505298,79,45.0,44.0
2837,2015-12-26,43.0,46.0,43.0,45.0,12591625190,12242965,216,45.0,46.0
2838,2015-12-27,45.0,45.0,44.0,45.0,667365900,660244,85,45.0,44.0
2839,2015-12-28,45.0,46.0,44.0,46.0,13302110218,12835320,373,45.0,45.0
2840,2015-12-30,46.0,46.0,44.0,46.0,571601782,565847,75,46.0,45.0
2841,2016-01-02,45.0,45.0,44.0,46.0,425438791,423672,79,46.0,45.0
2842,2016-01-03,45.0,45.0,44.0,46.0,157166996,156111,36,46.0,44.0
2843,2016-01-04,44.0,46.0,44.0,45.0,1404788889,1382345,147,46.0,44.0
2844,2016-01-05,44.0,45.0,44.0,45.0,3848856761,3828399,294,45.0,45.0
2845,2016-01-06,45.0,45.0,45.0,45.0,1100402170,1082365,146,45.0,45.0
2846,2016-01-09,45.0,45.0,45.0,45.0,851742610,836551,84,45.0,45.0
2847,2016-01-10,45.0,45.0,44.0,45.0,451699075,449693,78,45.0,45.0
2848,2016-01-11,44.0,45.0,44.0,45.0,1258818278,1254410,179,45.0,44.0
2849,2016-01-12,45.0,45.0,44.0,45.0,1956377109,1962154,197,45.0,44.0
2850,2016-01-13,44.0,45.0,44.0,45.0,3204163047,3186939,287,45.0,44.0
2851,2016-01-16,45.0,47.0,45.0,45.0,4097240911,3912961,354,45.0,45.0
2852,2016-01-17,47.0,47.0,44.0,45.0,2255095759,2212379,230,45.0,44.0
2853,2016-01-18,44.0,44.0,43.0,45.0,872397297,878260,144,45.0,44.0
2854,2016-01-19,44.0,45.0,44.0,45.0,2101961821,2089573,253,45.0,44.0
2855,2016-01-20,45.0,45.0,44.0,45.0,1407782705,1398646,207,45.0,45.0
2856,2016-01-23,45.0,46.0,45.0,45.0,3816352175,3699281,348,45.0,46.0
2857,2016-01-24,46.0,47.0,46.0,46.0,4368459060,4081558,187,45.0,47.0
2858,2016-01-25,48.0,48.0,48.0,48.0,9628846195,8777435,231,46.0,48.0
2859,2016-01-26,51.0,51.0,51.0,51.0,23493661822,20411522,540,48.0,51.0
2860,2016-01-27,53.0,53.0,51.0,53.0,116634082325,97098415,3298,51.0,51.0
2861,2016-01-30,53.0,54.0,51.0,53.0,24336815287,20219172,1061,53.0,51.0
2862,2016-01-31,52.0,56.0,51.0,54.0,32593279714,26610053,1256,53.0,54.0
2863,2016-02-01,55.0,57.0,55.0,57.0,32448340063,25304739,938,54.0,57.0
2864,2016-02-02,59.0,59.0,57.0,59.0,50939517131,38018201,1651,57.0,59.0
2865,2016-02-03,59.0,62.0,58.0,60.0,152218145089,111994375,1139,59.0,59.0
2866,2016-02-06,60.0,61.0,57.0,59.0,21438735936,16075359,1058,60.0,59.0
2867,2016-02-07,59.0,60.0,57.0,58.0,18623554292,14245074,971,59.0,57.0
2868,2016-02-08,57.0,59.0,55.0,57.0,24223450320,18608644,1322,58.0,58.0
2869,2016-02-09,60.0,60.0,57.0,60.0,71539863675,52595018,2159,57.0,58.0
2870,2016-02-10,57.0,60.0,57.0,58.0,19347302758,14684276,1005,60.0,58.0
2871,2016-02-13,58.0,59.0,56.0,56.0,11212633677,8761899,647,58.0,56.0
2872,2016-02-14,57.0,57.0,54.0,55.0,13484210078,10746822,644,56.0,56.0
2873,2016-02-15,56.0,58.0,56.0,57.0,15387317964,11963027,668,55.0,56.0
2874,2016-02-16,57.0,57.0,55.0,55.0,9732220689,7731548,565,57.0,55.0
2875,2016-02-17,55.0,57.0,54.0,56.0,11219511544,8873260,617,55.0,55.0
2876,2016-02-20,55.0,55.0,53.0,53.0,17403340846,14439957,868,56.0,53.0
2877,2016-02-21,51.0,53.0,51.0,52.0,6753982702,5727467,567,53.0,53.0
2878,2016-02-22,52.0,55.0,52.0,54.0,10307245012,8475944,576,52.0,54.0
2879,2016-02-23,55.0,55.0,52.0,53.0,5455868038,4544609,415,54.0,53.0
2880,2016-02-24,52.0,54.0,51.0,53.0,4257190886,3572798,337,53.0,53.0
2881,2016-02-27,53.0,54.0,51.0,53.0,5092694511,4235639,397,53.0,53.0
2882,2016-02-28,53.0,53.0,52.0,52.0,5847344358,4953907,434,53.0,52.0
2883,2016-02-29,52.0,52.0,51.0,51.0,6722544398,5807263,590,52.0,51.0
2884,2016-03-01,52.0,53.0,51.0,52.0,6862700864,5851445,565,51.0,52.0
2885,2016-03-02,53.0,53.0,51.0,52.0,4477736184,3833787,330,52.0,51.0
2886,2016-03-05,53.0,54.0,52.0,54.0,35194082825,28690586,1207,52.0,54.0
2887,2016-03-06,57.0,57.0,56.0,57.0,81368515686,63177487,1813,54.0,57.0
2888,2016-03-07,58.0,59.0,55.0,57.0,25193799566,19455280,1110,57.0,55.0
2889,2016-03-08,57.0,60.0,57.0,59.0,62042228037,46320113,2309,57.0,58.0
2890,2016-03-09,59.0,61.0,58.0,60.0,14665484130,10828577,902,59.0,59.0
2891,2016-03-12,63.0,63.0,62.0,63.0,35914906646,25274726,722,60.0,63.0
2892,2016-03-14,66.0,66.0,66.0,66.0,64829914020,43451685,1078,63.0,66.0
2893,2016-03-15,67.0,67.0,63.0,65.0,81734262081,55233296,2806,66.0,63.0
2894,2016-03-16,65.0,66.0,62.0,63.0,28403002284,19977152,1278,65.0,63.0
2895,2016-03-26,64.0,66.0,64.0,66.0,28120693810,18844673,546,63.0,66.0
2896,2016-03-27,68.0,68.0,64.0,66.0,27218456158,18174103,1111,66.0,65.0
2897,2016-03-28,64.0,67.0,63.0,66.0,23636583961,15866208,904,66.0,66.0
2898,2016-03-29,66.0,66.0,62.0,63.0,18024177601,12631821,758,66.0,63.0
2899,2016-03-30,63.0,65.0,63.0,63.0,16085693199,11214855,694,63.0,63.0
2900,2016-04-02,63.0,64.0,61.0,62.0,15945402305,11321722,655,63.0,61.0
2901,2016-04-03,61.0,61.0,59.0,60.0,15773832271,11580605,727,62.0,60.0
2902,2016-04-04,60.0,61.0,58.0,60.0,7296477027,5416224,439,60.0,59.0
2903,2016-04-05,60.0,61.0,59.0,59.0,8609902661,6394135,563,60.0,59.0
2904,2016-04-06,60.0,60.0,58.0,59.0,13815230465,10390681,794,59.0,58.0
2905,2016-04-09,58.0,60.0,58.0,59.0,8894589783,6692447,666,59.0,58.0
2906,2016-04-10,58.0,59.0,58.0,58.0,7281432924,5500115,619,59.0,58.0
2907,2016-04-11,59.0,61.0,58.0,61.0,40805629235,29584901,1798,58.0,61.0
2908,2016-04-12,64.0,64.0,61.0,63.0,83922388798,58329855,2851,61.0,62.0
2909,2016-04-13,62.0,63.0,60.0,61.0,20288766861,14752614,939,63.0,60.0
2910,2016-04-16,59.0,60.0,58.0,58.0,8623536156,6563618,473,61.0,58.0
2911,2016-04-17,55.0,58.0,55.0,56.0,28076260881,22051178,1204,58.0,57.0
2912,2016-04-18,57.0,59.0,57.0,58.0,8372909641,6270068,238,56.0,59.0
2913,2016-04-19,61.0,61.0,61.0,61.0,10829056630,7773910,257,58.0,61.0
2914,2016-04-20,64.0,64.0,63.0,64.0,250669154412,171631867,5475,61.0,64.0
2915,2016-04-23,65.0,67.0,64.0,66.0,63457908603,42296720,2482,64.0,64.0
2916,2016-04-24,65.0,65.0,63.0,64.0,32973789340,22755992,1618,66.0,64.0
2917,2016-04-25,64.0,66.0,62.0,64.0,35036082425,24234904,1478,64.0,62.0
2918,2016-04-26,62.0,63.0,61.0,62.0,17998844326,12818864,829,64.0,62.0
2919,2016-04-27,62.0,63.0,61.0,61.0,22036875672,15797860,1004,62.0,61.0
2920,2016-04-30,62.0,65.0,62.0,64.0,73527673905,50367810,2089,61.0,65.0
2921,2016-05-01,65.0,66.0,63.0,64.0,12652672875,8748106,735,64.0,64.0
2922,2016-05-02,64.0,65.0,62.0,63.0,11822446201,8289127,699,64.0,62.0
2923,2016-05-03,63.0,63.0,61.0,61.0,10148489992,7272823,647,63.0,62.0
2924,2016-05-04,61.0,62.0,60.0,61.0,11144958571,8073652,654,61.0,61.0
2925,2016-05-07,61.0,62.0,58.0,60.0,15646595255,11587294,1001,61.0,60.0
2926,2016-05-08,59.0,60.0,59.0,59.0,7957321365,5942432,558,60.0,60.0
2927,2016-05-09,59.0,62.0,59.0,62.0,34860005147,24899136,1433,59.0,62.0
2928,2016-05-10,62.0,62.0,59.0,60.0,17782097179,13078641,1042,62.0,59.0
2929,2016-05-11,60.0,60.0,57.0,58.0,24468382113,18681628,1039,60.0,58.0
2930,2016-05-14,59.0,60.0,57.0,59.0,8205579190,6160986,566,58.0,58.0
2931,2016-05-15,59.0,59.0,56.0,56.0,19011106392,14838772,1207,59.0,56.0
2932,2016-05-16,57.0,58.0,55.0,56.0,13703042916,10765061,780,56.0,57.0
2933,2016-05-17,56.0,58.0,56.0,57.0,9987200022,7676197,610,56.0,57.0
2934,2016-05-18,58.0,58.0,55.0,57.0,14694909734,11450358,895,57.0,57.0
2935,2016-05-21,57.0,57.0,56.0,56.0,6172940455,4848505,537,57.0,56.0
2936,2016-05-23,56.0,58.0,56.0,57.0,9959906618,7760413,676,56.0,56.0
2937,2016-05-24,57.0,57.0,55.0,55.0,10579418454,8401307,725,57.0,56.0
2938,2016-05-25,56.0,58.0,56.0,58.0,42353535699,32367678,1745,55.0,58.0
2939,2016-05-28,59.0,60.0,57.0,58.0,10101406325,7683354,717,58.0,58.0
2940,2016-05-29,58.0,58.0,57.0,57.0,11240906339,8679730,591,58.0,57.0
2941,2016-05-30,57.0,57.0,56.0,57.0,7801376582,6094540,423,57.0,56.0
2942,2016-05-31,56.0,57.0,55.0,56.0,4160146090,3298638,354,57.0,55.0
2943,2016-06-01,55.0,56.0,55.0,55.0,11885645844,9501970,574,56.0,56.0
2944,2016-06-05,57.0,57.0,55.0,56.0,6731137009,5320319,555,55.0,55.0
2945,2016-06-06,56.0,56.0,55.0,55.0,6376520711,5084903,456,56.0,55.0
2946,2016-06-07,55.0,56.0,55.0,55.0,8627747483,6853213,459,55.0,55.0
2947,2016-06-08,55.0,56.0,54.0,54.0,20612125037,16709257,876,55.0,54.0
2948,2016-06-11,54.0,55.0,52.0,53.0,8412342390,7061009,681,54.0,52.0
2949,2016-06-12,52.0,53.0,51.0,52.0,6107537403,5212929,550,53.0,52.0
2950,2016-06-13,52.0,53.0,51.0,52.0,3178118924,2729392,361,52.0,51.0
2951,2016-06-14,51.0,52.0,49.0,51.0,4009673788,3539739,404,52.0,49.0
2952,2016-06-15,51.0,52.0,50.0,50.0,8033829031,7037531,544,51.0,52.0
2953,2016-06-18,52.0,52.0,50.0,50.0,3480854418,3040688,275,50.0,50.0
2954,2016-06-19,50.0,50.0,48.0,50.0,3117030528,2794439,320,50.0,49.0
2955,2016-06-20,49.0,50.0,49.0,50.0,3934439776,3490442,280,50.0,50.0
2956,2016-06-21,51.0,52.0,50.0,51.0,5658986357,4842478,387,50.0,52.0
2957,2016-06-22,52.0,53.0,52.0,52.0,5414807253,4498557,442,51.0,53.0
2958,2016-06-25,52.0,52.0,50.0,51.0,5563621892,4816917,395,52.0,51.0
2959,2016-06-26,50.0,52.0,50.0,52.0,4183557276,3559968,265,51.0,52.0
2960,2016-06-28,53.0,54.0,52.0,54.0,11156526515,9135703,581,52.0,53.0
2961,2016-06-29,53.0,54.0,52.0,53.0,6830042435,5677141,411,54.0,52.0
2962,2016-07-02,54.0,56.0,54.0,56.0,25989443886,20532981,1323,53.0,56.0
2963,2016-07-03,56.0,56.0,54.0,55.0,7746666680,6268909,594,56.0,54.0
2964,2016-07-04,54.0,54.0,52.0,52.0,11575913242,9739191,760,55.0,52.0
2965,2016-07-05,52.0,54.0,52.0,53.0,3513251922,2915662,307,52.0,53.0
2966,2016-07-09,53.0,53.0,51.0,52.0,3499589218,2974786,292,53.0,51.0
2967,2016-07-10,52.0,52.0,51.0,52.0,4451938432,3778007,328,52.0,52.0
2968,2016-07-11,52.0,53.0,51.0,52.0,3426093820,2905805,331,52.0,52.0
2969,2016-07-12,52.0,54.0,52.0,53.0,7576967891,6322315,505,52.0,53.0
2970,2016-07-13,54.0,55.0,53.0,54.0,18882635159,15343984,1178,53.0,55.0
2971,2016-07-16,55.0,57.0,55.0,57.0,34080218167,26441183,1216,54.0,57.0
2972,2016-07-17,57.0,58.0,55.0,56.0,20571055493,16106328,1167,57.0,55.0
2973,2016-07-18,56.0,56.0,54.0,55.0,43811220303,35151663,1983,56.0,55.0
2974,2016-07-31,62.0,64.0,60.0,62.0,61274166709,50709110,2395,55.0,61.0
2975,2016-08-01,62.0,62.0,61.0,61.0,25843632936,21656998,1112,62.0,61.0
2976,2016-08-02,60.0,64.0,60.0,64.0,69237714750,55534450,2019,61.0,64.0
2977,2016-08-03,66.0,67.0,65.0,67.0,51386751856,39351302,1212,64.0,67.0
2978,2016-08-06,67.0,70.0,66.0,69.0,110871245218,81771600,3628,67.0,70.0
2979,2016-08-07,71.0,72.0,68.0,71.0,85049365093,61389693,3386,69.0,68.0
2980,2016-08-08,68.0,70.0,67.0,69.0,30876256589,22966431,1441,71.0,70.0
2981,2016-08-09,70.0,72.0,69.0,70.0,36852438680,26835190,1688,69.0,70.0
2982,2016-08-10,70.0,71.0,69.0,70.0,20177771438,14800436,984,70.0,69.0
2983,2016-08-13,69.0,70.0,67.0,68.0,16062076900,12002546,787,70.0,68.0
2984,2016-08-14,68.0,70.0,66.0,68.0,9191357237,6884067,554,68.0,68.0
2985,2016-08-15,69.0,69.0,65.0,66.0,10310741845,7965271,664,68.0,66.0
2986,2016-08-16,66.0,68.0,66.0,67.0,12944917659,9930397,703,66.0,67.0
2987,2016-08-17,67.0,68.0,66.0,67.0,3706209860,2830062,276,67.0,67.0
2988,2016-08-20,67.0,68.0,66.0,67.0,7639004683,5844869,502,67.0,67.0
2989,2016-08-21,67.0,68.0,66.0,67.0,13501409660,10317011,610,67.0,68.0
2990,2016-08-22,68.0,68.0,67.0,67.0,5736575706,4368862,314,67.0,67.0
2991,2016-08-23,67.0,67.0,66.0,67.0,7405223869,5687576,364,67.0,66.0
2992,2016-08-24,66.0,67.0,66.0,66.0,23123605485,17804304,888,67.0,67.0
2993,2016-08-27,66.0,66.0,64.0,65.0,12201895078,9537244,547,66.0,64.0
2994,2016-08-28,65.0,65.0,63.0,64.0,17450869414,13987256,752,65.0,64.0
2995,2016-08-29,63.0,65.0,63.0,63.0,15247315918,12313274,668,64.0,64.0
2996,2016-08-30,64.0,64.0,62.0,64.0,27385320866,21905109,419,63.0,63.0
2997,2016-08-31,64.0,64.0,63.0,64.0,30934632533,24881750,926,64.0,64.0
2998,2016-09-03,64.0,66.0,63.0,64.0,6880820316,5453728,418,64.0,63.0
2999,2016-09-04,63.0,64.0,63.0,64.0,4222907995,3392256,267,64.0,63.0
3000,2016-09-05,64.0,64.0,63.0,64.0,7090499083,5678045,374,64.0,64.0
3001,2016-09-06,63.0,65.0,63.0,64.0,5502990563,4396400,281,64.0,64.0
3002,2016-09-07,64.0,65.0,64.0,65.0,8091280321,6391056,262,64.0,65.0
3003,2016-09-10,64.0,66.0,63.0,65.0,4810838502,3803256,285,65.0,64.0
3004,2016-09-11,65.0,65.0,64.0,65.0,2797622255,2216990,185,65.0,64.0
3005,2016-09-13,64.0,64.0,63.0,64.0,4517567756,3636659,317,65.0,63.0
3006,2016-09-14,63.0,64.0,63.0,64.0,6516322326,5235517,341,64.0,64.0
3007,2016-09-17,63.0,64.0,63.0,64.0,2598569256,2094494,185,64.0,64.0
3008,2016-09-18,63.0,65.0,63.0,65.0,31227143280,24698479,498,64.0,65.0
3009,2016-09-19,64.0,65.0,63.0,64.0,3191903253,2538369,210,65.0,63.0
3010,2016-09-21,64.0,68.0,63.0,66.0,13503593250,10423054,538,64.0,68.0
3011,2016-09-24,67.0,67.0,65.0,66.0,4209807873,3230684,358,66.0,66.0
3012,2016-09-25,66.0,66.0,64.0,66.0,4851485266,3795783,275,66.0,65.0
3013,2016-09-26,65.0,65.0,64.0,65.0,3546420609,2811476,257,66.0,64.0
3014,2016-09-27,64.0,66.0,64.0,65.0,4195157623,3304018,274,65.0,65.0
3015,2016-09-28,65.0,67.0,65.0,66.0,12363054369,9525640,604,65.0,67.0
3016,2016-10-01,67.0,67.0,65.0,66.0,2681302933,2069699,223,66.0,66.0
3017,2016-10-02,65.0,66.0,65.0,66.0,2678456797,2098710,196,66.0,65.0
3018,2016-10-03,65.0,65.0,64.0,65.0,6709834637,5299870,430,66.0,64.0
3019,2016-10-04,64.0,65.0,64.0,65.0,5549682563,4378301,278,65.0,65.0
3020,2016-10-05,64.0,65.0,63.0,64.0,6609855454,5293549,362,65.0,63.0
3021,2016-10-08,63.0,65.0,63.0,64.0,2545186938,2025215,179,64.0,65.0
3022,2016-10-09,64.0,67.0,64.0,67.0,28836995461,22003626,1278,64.0,67.0
3023,2016-10-10,68.0,68.0,66.0,67.0,9766818182,7439650,504,67.0,67.0
3024,2016-10-15,66.0,68.0,66.0,67.0,5662895987,4329579,315,67.0,67.0
3025,2016-10-16,66.0,67.0,66.0,67.0,6524541182,5018275,261,67.0,66.0
3026,2016-10-17,66.0,68.0,65.0,67.0,4540396368,3459884,287,67.0,67.0
3027,2016-10-18,66.0,68.0,66.0,67.0,3624927478,2772299,213,67.0,66.0
3028,2016-10-19,66.0,70.0,66.0,69.0,25919653812,19107808,1130,67.0,70.0
3029,2016-10-22,70.0,71.0,69.0,70.0,15606690228,11347133,678,69.0,71.0
3030,2016-10-23,70.0,70.0,69.0,70.0,8760574042,6430655,473,70.0,69.0
3031,2016-10-24,69.0,71.0,67.0,69.0,13824893631,10189085,595,70.0,67.0
3032,2016-10-25,69.0,73.0,68.0,71.0,21282763069,15396391,835,69.0,69.0
3033,2016-10-26,72.0,74.0,71.0,74.0,74869385757,51781128,2189,71.0,74.0
3034,2016-10-29,75.0,78.0,75.0,77.0,76183585187,50598184,2774,74.0,75.0
3035,2016-10-30,76.0,76.0,74.0,75.0,43653805069,29728676,1666,77.0,76.0
3036,2016-10-31,74.0,77.0,73.0,74.0,19711975918,13572693,869,75.0,73.0
3037,2016-11-01,73.0,74.0,71.0,73.0,6558368947,4650538,504,74.0,71.0
3038,2016-11-02,71.0,75.0,71.0,73.0,8046717531,5621571,457,73.0,74.0
3039,2016-11-05,74.0,75.0,71.0,72.0,7120066612,5085823,397,73.0,71.0
3040,2016-11-06,71.0,72.0,70.0,71.0,5002455563,3596449,282,72.0,70.0
3041,2016-11-07,73.0,74.0,71.0,73.0,8481225315,5893128,468,71.0,74.0
3042,2016-11-08,74.0,75.0,73.0,74.0,6546139540,4512060,396,73.0,74.0
3043,2016-11-09,70.0,73.0,70.0,71.0,20282069225,14622342,773,74.0,72.0
3044,2016-11-12,74.0,74.0,72.0,74.0,87512280427,60105348,1576,71.0,74.0
3045,2016-11-13,76.0,76.0,73.0,74.0,18083149242,12432010,693,74.0,74.0
3046,2016-11-14,75.0,75.0,73.0,74.0,11902303684,8223293,456,74.0,74.0
3047,2016-11-15,74.0,74.0,72.0,73.0,8308552856,5855860,359,74.0,72.0
3048,2016-11-16,72.0,72.0,71.0,72.0,8293199501,5938674,500,73.0,71.0
3049,2016-11-19,71.0,75.0,71.0,74.0,23018732087,15913535,486,72.0,74.0
3050,2016-11-21,75.0,75.0,72.0,73.0,4146419652,2914816,255,74.0,72.0
3051,2016-11-22,73.0,74.0,72.0,73.0,6327797116,4459395,226,73.0,72.0
3052,2016-11-23,73.0,74.0,72.0,72.0,4941319385,3497017,214,73.0,72.0
3053,2016-11-26,74.0,75.0,73.0,74.0,9353502877,6456757,534,72.0,74.0
3054,2016-11-27,74.0,74.0,72.0,73.0,4724231565,3336222,289,74.0,72.0
3055,2016-11-29,73.0,73.0,72.0,72.0,10366892970,7338192,438,73.0,73.0
3056,2016-12-03,72.0,72.0,71.0,72.0,6465803275,4632104,432,72.0,72.0
3057,2016-12-04,72.0,72.0,71.0,71.0,8445360249,6043695,381,72.0,71.0
3058,2016-12-05,71.0,74.0,71.0,72.0,20102947588,14276796,704,71.0,73.0
3059,2016-12-06,73.0,76.0,73.0,75.0,51729289090,35110644,1533,72.0,75.0
3060,2016-12-07,75.0,79.0,74.0,78.0,90849180649,59509070,2803,75.0,77.0
3061,2016-12-10,78.0,78.0,76.0,76.0,14782084806,9876866,648,78.0,76.0
3062,2016-12-11,75.0,76.0,74.0,76.0,6641912109,4490323,354,76.0,75.0
3063,2016-12-12,76.0,77.0,74.0,75.0,7425929892,5073851,318,76.0,75.0
3064,2016-12-13,75.0,75.0,73.0,74.0,7046614592,4904278,304,75.0,74.0
3065,2016-12-14,73.0,75.0,72.0,74.0,5117734662,3555556,233,74.0,75.0
3066,2016-12-18,73.0,74.0,73.0,74.0,2251108077,1566463,121,74.0,73.0
3067,2016-12-19,73.0,73.0,72.0,72.0,11156846613,7877380,400,74.0,73.0
3068,2016-12-20,72.0,74.0,71.0,72.0,10711468728,7620852,505,72.0,72.0
3069,2016-12-21,73.0,73.0,72.0,72.0,2310194628,1639034,122,72.0,72.0
3070,2016-12-24,72.0,72.0,71.0,72.0,3028075424,2163321,179,72.0,72.0
3071,2016-12-25,71.0,72.0,71.0,72.0,2535832757,1822182,156,72.0,72.0
3072,2016-12-26,71.0,73.0,71.0,72.0,4757743272,3385773,240,72.0,71.0
3073,2016-12-27,71.0,73.0,71.0,72.0,3813444330,2720476,205,72.0,72.0
3074,2016-12-28,72.0,72.0,71.0,72.0,3930227689,2814070,183,72.0,72.0
3075,2016-12-31,71.0,71.0,70.0,71.0,5264796206,3825245,263,72.0,70.0
3076,2017-01-01,70.0,71.0,69.0,70.0,9319645775,6813734,613,71.0,71.0
3077,2017-01-02,70.0,72.0,69.0,70.0,5077174820,3670809,254,70.0,72.0
3078,2017-01-03,72.0,72.0,70.0,70.0,6970628100,5079553,302,70.0,70.0
3079,2017-01-04,69.0,70.0,69.0,70.0,5427344100,3995666,265,70.0,69.0
3080,2017-01-07,69.0,69.0,68.0,69.0,6257231450,4658345,383,70.0,68.0
3081,2017-01-08,68.0,69.0,68.0,68.0,10553718110,7886983,381,69.0,69.0
3082,2017-01-09,68.0,70.0,68.0,69.0,10696309475,7900690,471,68.0,70.0
3083,2017-01-11,69.0,72.0,69.0,71.0,10929845230,7836869,477,69.0,72.0
3084,2017-01-14,72.0,73.0,71.0,72.0,5065396040,3602616,281,71.0,71.0
3085,2017-01-15,72.0,75.0,71.0,73.0,12406070165,8663949,485,72.0,73.0
3086,2017-01-16,72.0,76.0,72.0,74.0,15395371269,10607970,542,73.0,73.0
3087,2017-01-17,75.0,77.0,72.0,75.0,11575453868,7873860,529,74.0,74.0
3088,2017-01-18,75.0,78.0,74.0,76.0,21168739550,14191852,723,75.0,76.0
3089,2017-01-21,77.0,77.0,75.0,76.0,2577301079,1733911,240,76.0,75.0
3090,2017-01-22,75.0,77.0,74.0,76.0,9092210148,6132482,455,76.0,74.0
3091,2017-01-23,74.0,76.0,74.0,75.0,3065134968,2097841,217,76.0,74.0
3092,2017-01-24,73.0,74.0,72.0,74.0,4163237263,2909352,338,75.0,73.0
3093,2017-01-25,73.0,75.0,71.0,72.0,10846122585,7668346,521,74.0,72.0
3094,2017-01-28,71.0,74.0,71.0,72.0,4404443202,3115992,314,72.0,72.0
3095,2017-01-29,72.0,73.0,71.0,72.0,4186521865,3006058,335,72.0,71.0
3096,2017-01-30,71.0,73.0,71.0,72.0,5021182237,3599065,324,72.0,71.0
3097,2017-01-31,71.0,73.0,70.0,71.0,13869767627,9950532,654,72.0,72.0
3098,2017-02-01,72.0,72.0,70.0,71.0,5039612905,3624023,276,71.0,70.0
3099,2017-02-04,70.0,71.0,69.0,70.0,3416198219,2528612,313,71.0,69.0
3100,2017-02-05,69.0,71.0,69.0,70.0,3658433978,2674302,231,70.0,69.0
3101,2017-02-06,69.0,71.0,69.0,70.0,4404999098,3231660,274,70.0,69.0
3102,2017-02-07,69.0,70.0,68.0,69.0,3392327776,2532708,310,70.0,68.0
3103,2017-02-08,69.0,72.0,68.0,71.0,11909865740,8595385,496,69.0,70.0
3104,2017-02-11,71.0,72.0,68.0,70.0,11561216205,8436413,613,71.0,68.0
3105,2017-02-12,68.0,71.0,68.0,70.0,8572477028,6235282,363,70.0,70.0
3106,2017-02-13,70.0,71.0,70.0,70.0,3002518167,2169811,214,70.0,70.0
3107,2017-02-14,70.0,72.0,69.0,71.0,5502376850,3975827,300,70.0,71.0
3108,2017-02-15,70.0,73.0,70.0,72.0,14771610716,10507301,592,71.0,71.0
3109,2017-02-18,71.0,74.0,71.0,73.0,19243601529,13452285,726,72.0,74.0
3110,2017-02-19,73.0,74.0,71.0,72.0,4915950406,3537151,383,73.0,72.0
3111,2017-02-20,71.0,72.0,70.0,72.0,1421492428,1027708,141,72.0,71.0
3112,2017-02-21,70.0,71.0,70.0,72.0,2032770757,1475893,184,72.0,70.0
3113,2017-02-22,70.0,71.0,69.0,70.0,5528607169,4055506,285,72.0,70.0
3114,2017-02-25,70.0,72.0,69.0,71.0,13211820870,9535827,556,70.0,71.0
3115,2017-02-26,71.0,71.0,69.0,70.0,4668148898,3439789,249,71.0,69.0
3116,2017-02-27,69.0,71.0,69.0,70.0,3240743675,2391160,200,70.0,69.0
3117,2017-02-28,69.0,69.0,68.0,69.0,6170930275,4609597,361,70.0,68.0
3118,2017-03-01,68.0,69.0,68.0,68.0,6207398239,4659062,346,69.0,68.0
3119,2017-03-04,69.0,69.0,66.0,67.0,6922194783,5285424,434,68.0,66.0
3120,2017-03-05,66.0,68.0,66.0,67.0,12239173481,9274342,392,67.0,67.0
3121,2017-03-06,66.0,68.0,66.0,67.0,3400326928,2606473,194,67.0,66.0
3122,2017-03-07,66.0,70.0,65.0,67.0,12030127040,9157636,525,67.0,66.0
3123,2017-03-08,66.0,67.0,64.0,64.0,15542743392,12311950,646,67.0,64.0
3124,2017-03-11,65.0,67.0,64.0,66.0,14401057884,11189790,673,64.0,64.0
3125,2017-03-12,66.0,67.0,64.0,65.0,21497069130,16875229,805,66.0,65.0
3126,2017-03-13,66.0,66.0,65.0,65.0,3214792719,2507429,178,65.0,65.0
3127,2017-03-14,65.0,68.0,64.0,67.0,25746349485,19556888,619,65.0,67.0
3128,2017-04-09,66.0,66.0,65.0,66.0,6846081052,5447214,296,67.0,65.0
3129,2017-04-10,66.0,66.0,65.0,65.0,17284610526,13847139,1155,66.0,65.0
3130,2017-04-12,65.0,65.0,63.0,64.0,10761873578,8804310,887,65.0,64.0
3131,2017-04-15,64.0,65.0,64.0,65.0,10198711392,8227187,614,64.0,64.0
3132,2017-04-16,65.0,65.0,64.0,65.0,4633304736,3744652,364,65.0,65.0
3133,2017-04-17,65.0,65.0,64.0,65.0,4724045819,3851442,439,65.0,64.0
3134,2017-04-18,64.0,68.0,64.0,66.0,12942912490,10218060,727,65.0,67.0
3135,2017-04-19,67.0,70.0,66.0,68.0,21859806750,16907355,928,66.0,68.0
3136,2017-04-22,67.0,69.0,66.0,67.0,5944241857,4631949,523,68.0,66.0
3137,2017-04-23,67.0,67.0,65.0,67.0,5433142942,4312524,313,67.0,66.0
3138,2017-04-24,66.0,69.0,65.0,67.0,14421777336,11201416,574,67.0,67.0
3139,2017-04-26,67.0,67.0,66.0,67.0,4818141499,3814172,261,67.0,66.0
3140,2017-04-29,66.0,66.0,66.0,66.0,4037701716,3209309,165,67.0,66.0
3141,2017-04-30,66.0,66.0,65.0,66.0,8173963939,6514948,378,66.0,65.0
3142,2017-05-01,65.0,68.0,65.0,67.0,10394857028,8162220,460,66.0,66.0
3143,2017-05-02,66.0,67.0,65.0,67.0,40498979644,31814250,831,67.0,65.0
3144,2017-05-03,66.0,68.0,65.0,67.0,11717351159,9218963,482,67.0,66.0
3145,2017-05-06,66.0,67.0,64.0,65.0,21387223639,17342798,879,67.0,64.0
3146,2017-05-07,64.0,67.0,64.0,66.0,8594627019,6852545,408,65.0,66.0
3147,2017-05-08,65.0,67.0,64.0,66.0,18067812044,14324917,670,66.0,65.0
3148,2017-05-09,66.0,67.0,65.0,67.0,18488178850,14490247,755,66.0,67.0
3149,2017-05-10,67.0,69.0,66.0,68.0,19871745237,15379314,768,67.0,67.0
3150,2017-05-13,66.0,69.0,66.0,68.0,7354053066,5657608,365,68.0,67.0
3151,2017-05-14,68.0,69.0,67.0,68.0,2991870087,2308115,199,68.0,67.0
3152,2017-05-15,67.0,68.0,66.0,68.0,1618941948,1274860,124,68.0,66.0
3153,2017-05-16,66.0,68.0,66.0,68.0,1201562779,945804,98,68.0,66.0
3154,2017-05-17,66.0,67.0,66.0,67.0,2074430868,1632445,123,68.0,66.0
3155,2017-05-20,67.0,68.0,66.0,67.0,2068343448,1623830,215,67.0,66.0
3156,2017-05-21,67.0,68.0,66.0,67.0,5779861350,4522640,259,67.0,66.0
3157,2017-05-22,66.0,67.0,66.0,67.0,1254758126,989717,133,67.0,66.0
3158,2017-05-23,66.0,67.0,66.0,67.0,1094727914,866323,101,67.0,66.0
3159,2017-05-24,66.0,66.0,65.0,67.0,1836734501,1462559,171,67.0,66.0
3160,2017-05-27,66.0,66.0,65.0,66.0,2958196861,2385189,236,67.0,65.0
3161,2017-05-28,65.0,65.0,64.0,66.0,2955268216,2412548,265,66.0,64.0
3162,2017-05-29,64.0,64.0,64.0,65.0,1936889942,1588115,154,66.0,64.0
3163,2017-05-30,64.0,64.0,63.0,65.0,3177375713,2620970,243,65.0,64.0
3164,2017-05-31,64.0,66.0,63.0,65.0,8157974005,6533454,341,65.0,66.0
3165,2017-06-03,65.0,65.0,64.0,65.0,1827268534,1496349,127,65.0,64.0
3166,2017-06-06,64.0,67.0,63.0,66.0,9767777790,7783201,434,65.0,64.0
3167,2017-06-07,64.0,66.0,64.0,66.0,4205393537,3364048,272,66.0,64.0
3168,2017-06-10,64.0,64.0,64.0,65.0,1992953766,1629338,124,66.0,64.0
3169,2017-06-11,64.0,65.0,64.0,65.0,2348048919,1924747,149,65.0,64.0
3170,2017-06-12,65.0,65.0,63.0,65.0,1700016320,1397885,133,65.0,64.0
3171,2017-06-13,63.0,64.0,63.0,65.0,1593624418,1309335,122,65.0,64.0
3172,2017-06-14,64.0,65.0,62.0,64.0,3922378284,3204128,247,65.0,64.0
3173,2017-06-17,63.0,65.0,63.0,64.0,2698121875,2214886,174,64.0,63.0
3174,2017-06-18,63.0,64.0,62.0,64.0,539224918,451316,106,64.0,62.0
3175,2017-06-19,62.0,63.0,62.0,64.0,1052728488,888860,121,64.0,62.0
3176,2017-06-20,62.0,64.0,62.0,64.0,774200880,647730,108,64.0,62.0
3177,2017-06-21,62.0,63.0,62.0,64.0,629295159,532937,101,64.0,62.0
3178,2017-06-24,63.0,64.0,62.0,63.0,1500132154,1261842,143,64.0,62.0
3179,2017-06-25,63.0,63.0,61.0,63.0,2295384407,1950214,128,63.0,62.0
3180,2017-06-28,61.0,64.0,61.0,63.0,1706125831,1424816,176,63.0,62.0
3181,2017-07-01,63.0,64.0,62.0,63.0,2590317666,2163207,278,63.0,62.0
3182,2017-07-08,62.0,63.0,62.0,63.0,565341499,479054,20,63.0,62.0
3183,2017-07-09,61.0,62.0,61.0,62.0,2190463951,1879368,247,63.0,61.0
3184,2017-07-10,61.0,66.0,61.0,65.0,16749457812,13580882,911,62.0,64.0
3185,2017-07-11,63.0,65.0,62.0,63.0,16086305649,13371963,821,65.0,62.0
3186,2017-07-30,68.0,68.0,66.0,67.0,25835734997,20900107,1094,63.0,67.0
3187,2017-07-31,67.0,69.0,67.0,68.0,22289860709,17854847,844,67.0,68.0
3188,2017-08-01,68.0,70.0,68.0,69.0,10198593835,8036288,655,68.0,69.0
3189,2017-08-02,68.0,69.0,68.0,69.0,2757887556,2189160,189,69.0,68.0
3190,2017-08-06,68.0,69.0,68.0,69.0,3267061870,2605769,180,69.0,68.0
3191,2017-08-07,67.0,68.0,67.0,68.0,45524126404,36288904,838,69.0,67.0
3192,2017-08-08,68.0,70.0,67.0,69.0,16210722289,12832457,662,68.0,69.0
3193,2017-08-09,69.0,71.0,69.0,70.0,9657651783,7503849,573,69.0,70.0
3194,2017-08-12,70.0,71.0,69.0,70.0,5001609535,3883793,294,70.0,70.0
3195,2017-08-13,70.0,71.0,70.0,70.0,13390458830,10341505,550,70.0,70.0
3196,2017-08-14,69.0,71.0,69.0,70.0,3673885108,2849005,197,70.0,70.0
3197,2017-08-15,70.0,71.0,69.0,70.0,10704396697,8294272,314,70.0,71.0
3198,2017-08-16,71.0,71.0,70.0,70.0,19880474936,15396648,483,70.0,70.0
3199,2017-08-19,71.0,71.0,71.0,70.0,4757150598,3652907,305,70.0,71.0
3200,2017-08-20,71.0,72.0,70.0,71.0,5890000081,4512355,481,70.0,72.0
3201,2017-08-21,72.0,74.0,72.0,74.0,49224946555,36375308,1681,71.0,74.0
3202,2017-08-22,76.0,77.0,75.0,77.0,108289190169,76581735,3200,74.0,77.0
3203,2017-08-23,77.0,78.0,76.0,77.0,38067907639,26916328,1275,77.0,76.0
3204,2017-08-26,76.0,80.0,76.0,78.0,73669387847,51312273,1919,77.0,79.0
3205,2017-08-27,79.0,79.0,77.0,77.0,21547056675,15194975,714,78.0,77.0
3206,2017-08-28,77.0,80.0,76.0,79.0,24062118162,16668262,774,77.0,80.0
3207,2017-08-29,80.0,82.0,80.0,82.0,108254124788,71563295,2269,79.0,82.0
3208,2017-08-30,82.0,85.0,81.0,82.0,64290194444,42599719,1876,82.0,82.0
3209,2017-09-02,83.0,83.0,81.0,82.0,22467020131,14902660,756,82.0,83.0
3210,2017-09-03,81.0,82.0,81.0,81.0,8859237181,5947430,346,82.0,81.0
3211,2017-09-04,80.0,83.0,80.0,82.0,20042672052,13331430,587,81.0,82.0
3212,2017-09-05,81.0,83.0,81.0,82.0,7522329448,4953098,352,82.0,83.0
3213,2017-09-06,82.0,83.0,81.0,82.0,19196198847,12681457,446,82.0,83.0
3214,2017-09-10,81.0,83.0,80.0,82.0,34744483513,23083843,949,82.0,83.0
3215,2017-09-11,82.0,83.0,81.0,82.0,13401825122,8854660,423,82.0,83.0
3216,2017-09-12,83.0,83.0,81.0,82.0,3542754800,2355813,171,82.0,82.0
3217,2017-09-13,81.0,83.0,81.0,82.0,18994510858,12547332,606,82.0,83.0
3218,2017-09-16,83.0,83.0,81.0,82.0,30968977485,20430611,690,82.0,83.0
3219,2017-09-17,83.0,83.0,82.0,83.0,24117251607,15873222,686,82.0,82.0
3220,2017-09-18,82.0,84.0,82.0,83.0,17869686946,11669024,502,83.0,82.0
3221,2017-09-19,84.0,86.0,84.0,86.0,13842800873,8804724,566,83.0,86.0
3222,2017-09-20,86.0,88.0,85.0,86.0,40418319104,25488688,788,86.0,86.0
3223,2017-09-23,86.0,86.0,83.0,84.0,21906938923,14223813,598,86.0,84.0
3224,2017-09-24,84.0,84.0,82.0,83.0,19565152561,12804786,467,84.0,83.0
3225,2017-09-25,83.0,83.0,83.0,83.0,20601047544,13495123,513,83.0,83.0
3226,2017-09-26,83.0,84.0,82.0,84.0,29139111513,18976370,637,83.0,84.0
3227,2017-09-27,83.0,88.0,83.0,87.0,57859076917,36136599,1230,84.0,88.0
3228,2017-10-02,89.0,90.0,85.0,87.0,11326680451,7074352,379,87.0,86.0
3229,2017-10-03,86.0,89.0,86.0,87.0,4609929765,2890683,192,87.0,86.0
3230,2017-10-04,86.0,86.0,86.0,87.0,3739176659,2366779,273,87.0,86.0
3231,2017-10-07,84.0,86.0,84.0,86.0,5509815925,3501376,446,87.0,85.0
3232,2017-10-08,87.0,87.0,83.0,85.0,12494440525,8018039,427,86.0,86.0
3233,2017-10-09,84.0,86.0,83.0,85.0,7002143086,4508758,228,85.0,83.0
3234,2017-10-10,83.0,86.0,83.0,84.0,3693101983,2378689,111,85.0,84.0
3235,2017-10-11,84.0,84.0,83.0,84.0,4874719849,3180408,154,84.0,83.0
3236,2017-10-14,84.0,86.0,84.0,84.0,3714758488,2387043,153,84.0,84.0
3237,2017-10-15,83.0,85.0,83.0,84.0,4844120201,3151813,172,84.0,83.0
3238,2017-10-16,84.0,86.0,84.0,85.0,6692096264,4288791,233,84.0,85.0
3239,2017-10-17,85.0,85.0,84.0,84.0,3766127724,2440643,139,85.0,84.0
3240,2017-10-18,84.0,84.0,83.0,84.0,3466230123,2259759,150,84.0,83.0
3241,2017-10-21,84.0,86.0,84.0,84.0,4783417941,3059799,222,84.0,85.0
3242,2017-10-22,84.0,87.0,84.0,85.0,5088677352,3271531,180,84.0,85.0
3243,2017-10-23,83.0,85.0,81.0,83.0,31621518875,20833065,557,85.0,83.0
3244,2017-10-24,81.0,84.0,81.0,83.0,6610978063,4350733,192,83.0,83.0
3245,2017-10-25,83.0,84.0,81.0,82.0,11942999901,7877708,254,83.0,83.0
3246,2017-10-28,83.0,83.0,81.0,82.0,4188600643,2788753,184,82.0,82.0
3247,2017-10-29,82.0,82.0,81.0,81.0,13837473780,9254695,436,82.0,81.0
3248,2017-10-30,81.0,82.0,80.0,81.0,5399963266,3637248,188,81.0,81.0
3249,2017-10-31,80.0,81.0,79.0,81.0,2729013948,1856790,182,81.0,80.0
3250,2017-11-01,79.0,81.0,79.0,80.0,2641277472,1815219,116,81.0,79.0
3251,2017-11-04,79.0,79.0,78.0,80.0,1586021142,1101306,162,80.0,78.0
3252,2017-11-05,78.0,80.0,78.0,79.0,6549475834,4542059,275,80.0,79.0
3253,2017-11-06,79.0,79.0,78.0,79.0,2054892879,1429222,166,79.0,78.0
3254,2017-11-07,78.0,79.0,78.0,78.0,3478033510,2423801,306,79.0,78.0
3255,2017-11-08,78.0,78.0,78.0,78.0,1716234672,1194668,93,78.0,78.0
3256,2017-11-11,78.0,78.0,78.0,78.0,5703718435,3991165,189,78.0,78.0
3257,2017-11-12,77.0,78.0,77.0,78.0,4672023914,3290716,170,78.0,77.0
3258,2017-11-13,77.0,77.0,77.0,77.0,3462539805,2452590,202,78.0,77.0
3259,2017-11-14,77.0,77.0,77.0,77.0,1362983117,965285,108,77.0,77.0
3260,2017-11-15,77.0,78.0,76.0,77.0,3558788162,2515907,128,77.0,77.0
3261,2017-11-18,77.0,77.0,77.0,77.0,721214088,510162,80,77.0,77.0
3262,2017-11-20,78.0,79.0,77.0,77.0,3712814030,2594795,149,77.0,78.0
3263,2017-11-21,78.0,81.0,77.0,79.0,14015725472,9603227,438,77.0,81.0
3264,2017-11-22,82.0,83.0,81.0,83.0,46762702099,30795812,1089,79.0,83.0
3265,2017-11-25,87.0,87.0,87.0,85.0,7099736562,4456834,128,83.0,87.0
3266,2017-11-26,87.0,90.0,87.0,89.0,317489495341,193230699,5573,85.0,90.0
3267,2017-11-28,89.0,94.0,89.0,93.0,215454325141,126480364,4731,89.0,91.0
3268,2017-11-29,93.0,95.0,90.0,93.0,81636748254,47659046,2131,93.0,93.0
3269,2017-12-02,94.0,95.0,91.0,93.0,20148565699,11847956,656,93.0,92.0
3270,2017-12-03,91.0,91.0,90.0,91.0,15136811494,9062452,632,93.0,91.0
3271,2017-12-04,91.0,94.0,90.0,92.0,13724807733,8081758,488,91.0,93.0
3272,2017-12-05,91.0,95.0,89.0,93.0,78807085663,46113638,1562,92.0,93.0
3273,2017-12-09,91.0,93.0,91.0,92.0,10988289424,6482451,328,93.0,92.0
3274,2017-12-10,91.0,91.0,90.0,91.0,22039461670,13205700,702,92.0,91.0
3275,2017-12-11,90.0,95.0,90.0,94.0,56388895234,32689154,1463,91.0,95.0
3276,2017-12-12,93.0,99.0,93.0,98.0,140951281564,78011389,2569,94.0,99.0
3277,2017-12-13,100.0,102.0,99.0,101.0,51166807223,27678461,1246,98.0,100.0
3278,2017-12-16,100.0,106.0,99.0,105.0,83513709580,43354078,2173,101.0,105.0
3279,2017-12-17,105.0,108.0,102.0,104.0,26202448942,13746246,973,105.0,103.0
3280,2017-12-18,101.0,101.0,99.0,100.0,41873727767,22871470,1232,104.0,100.0
3281,2017-12-19,100.0,101.0,97.0,99.0,43270199522,23727399,1236,100.0,98.0
3282,2017-12-20,97.0,99.0,94.0,96.0,86369605106,48800092,1986,99.0,99.0
3283,2017-12-23,99.0,101.0,98.0,100.0,70367831516,38140964,1522,96.0,101.0
3284,2017-12-24,102.0,104.0,102.0,103.0,63563716593,33520036,1542,100.0,103.0
3285,2017-12-25,103.0,107.0,103.0,105.0,49095679549,25373733,1430,103.0,105.0
3286,2017-12-26,105.0,105.0,100.0,101.0,38717682019,20904477,1179,105.0,101.0
3287,2017-12-27,101.0,102.0,98.0,99.0,15358129571,8397030,589,101.0,101.0
3288,2017-12-30,98.0,102.0,95.0,98.0,37704307923,20911580,1119,99.0,98.0
3289,2017-12-31,98.0,98.0,93.0,96.0,51135365429,29087511,1582,98.0,96.0
3290,2018-01-01,97.0,98.0,96.0,97.0,22947214496,12872631,604,96.0,96.0
3291,2018-01-02,98.0,98.0,95.0,97.0,19036085151,10684030,522,97.0,95.0
3292,2018-01-03,96.0,97.0,94.0,96.0,19576157316,11071407,563,97.0,96.0
3293,2018-01-06,96.0,98.0,95.0,97.0,9484567671,5294989,298,96.0,97.0
3294,2018-01-07,97.0,97.0,95.0,96.0,9295961376,5280077,348,97.0,95.0
3295,2018-01-08,95.0,96.0,95.0,95.0,9125023205,5209947,328,96.0,95.0
3296,2018-01-09,95.0,96.0,94.0,95.0,8641470930,4953714,331,95.0,95.0
3297,2018-01-10,95.0,96.0,95.0,96.0,15990514256,9094418,464,95.0,96.0
3298,2018-01-13,96.0,97.0,96.0,97.0,10095375157,5677487,293,96.0,97.0
3299,2018-01-14,96.0,99.0,96.0,98.0,43678423319,24306007,1110,97.0,98.0
3300,2018-01-15,98.0,102.0,98.0,101.0,52943419653,28450042,1536,98.0,102.0
3301,2018-01-16,103.0,103.0,100.0,102.0,17930910462,9609096,715,101.0,101.0
3302,2018-01-17,102.0,103.0,101.0,102.0,30059387407,16054139,709,102.0,103.0
3303,2018-01-20,103.0,104.0,102.0,102.0,13935841952,7396522,506,102.0,102.0
3304,2018-01-21,102.0,102.0,99.0,100.0,10973090374,5960124,415,102.0,100.0
3305,2018-01-22,99.0,100.0,98.0,99.0,9458977743,5208902,412,100.0,98.0
3306,2018-01-23,98.0,102.0,98.0,100.0,10788213389,5861133,389,99.0,101.0
3307,2018-01-24,102.0,102.0,97.0,99.0,14688786509,8079370,470,100.0,98.0
3308,2018-01-27,99.0,102.0,99.0,101.0,17232882161,9290756,554,99.0,100.0
3309,2018-01-28,101.0,102.0,100.0,101.0,8031769356,4329568,316,101.0,100.0
3310,2018-01-30,99.0,99.0,96.0,98.0,5453303367,3018625,259,101.0,97.0
3311,2018-01-31,97.0,100.0,96.0,98.0,13066836116,7245692,468,98.0,99.0
3312,2018-02-03,99.0,100.0,97.0,99.0,14869503106,8173089,536,98.0,98.0
3313,2018-02-04,98.0,99.0,94.0,95.0,79525834850,45524290,1660,99.0,96.0
3314,2018-02-05,96.0,97.0,94.0,95.0,10069245710,5773157,413,95.0,94.0
3315,2018-02-06,94.0,96.0,93.0,94.0,10506272458,6062683,472,95.0,94.0
3316,2018-02-07,93.0,96.0,93.0,95.0,6758734655,3872390,276,94.0,94.0
3317,2018-02-10,95.0,95.0,93.0,94.0,8860306759,5103570,325,95.0,94.0
3318,2018-02-12,95.0,96.0,94.0,95.0,10230272394,5849069,394,94.0,95.0
3319,2018-02-13,95.0,96.0,92.0,94.0,6948893187,4015248,272,95.0,93.0
3320,2018-02-14,94.0,96.0,94.0,95.0,6357540718,3646495,262,94.0,94.0
3321,2018-02-17,95.0,96.0,94.0,95.0,15702642964,8975548,381,95.0,95.0
3322,2018-02-18,96.0,99.0,95.0,98.0,45058658047,25057936,1202,95.0,98.0
3323,2018-02-19,99.0,103.0,98.0,100.0,83059837147,45187814,2211,98.0,101.0
3324,2018-02-21,98.0,103.0,98.0,101.0,17861060645,9658189,551,100.0,101.0
3325,2018-02-24,101.0,102.0,100.0,101.0,16804836176,9060684,488,101.0,100.0
3326,2018-02-25,100.0,102.0,100.0,101.0,9281096063,5002885,335,101.0,102.0
3327,2018-02-26,102.0,103.0,100.0,102.0,26320538255,14060445,748,101.0,103.0
3328,2018-02-27,100.0,103.0,99.0,101.0,32771951039,17575830,812,102.0,103.0
3329,2018-02-28,103.0,103.0,100.0,101.0,6931307565,3726688,236,101.0,102.0
3330,2018-03-03,100.0,101.0,97.0,100.0,19230609649,10487367,504,101.0,100.0
3331,2018-03-04,100.0,101.0,99.0,101.0,23539913668,12688624,527,100.0,100.0
3332,2018-03-05,100.0,101.0,99.0,100.0,9617091597,5217300,262,101.0,100.0
3333,2018-03-06,99.0,102.0,99.0,100.0,22631047186,12276509,517,100.0,100.0
3334,2018-03-07,101.0,101.0,99.0,100.0,21281475437,11526339,474,100.0,101.0
3335,2018-03-10,99.0,102.0,98.0,101.0,30016294282,16175528,470,100.0,98.0
3336,2018-03-11,101.0,101.0,98.0,99.0,13139932478,7218983,429,101.0,98.0
3337,2018-03-12,98.0,101.0,98.0,100.0,23974802109,12997080,703,99.0,100.0
3338,2018-03-13,100.0,100.0,99.0,100.0,2540164983,1390085,108,100.0,99.0
3339,2018-03-14,99.0,99.0,98.0,99.0,3629851210,2005171,147,100.0,98.0
3340,2018-03-17,98.0,100.0,95.0,98.0,25135429213,13973543,655,99.0,100.0
3341,2018-03-27,100.0,100.0,97.0,98.0,4279598377,2546293,198,98.0,98.0
3342,2018-03-28,96.0,99.0,96.0,98.0,3680114560,2208569,247,98.0,97.0
3343,2018-04-03,96.0,99.0,96.0,98.0,2411608887,1452108,150,98.0,98.0
3344,2018-04-04,96.0,99.0,96.0,98.0,2051295809,1229568,119,98.0,97.0
3345,2018-04-07,97.0,98.0,95.0,97.0,4914945312,2978030,186,98.0,95.0
3346,2018-04-08,95.0,95.0,93.0,96.0,5179872071,3204555,206,97.0,93.0
3347,2018-04-09,97.0,100.0,94.0,98.0,13946025682,8282042,505,96.0,100.0
3348,2018-04-10,96.0,102.0,94.0,96.0,22715501477,13798513,408,98.0,96.0
3349,2018-04-11,96.0,97.0,95.0,96.0,2043468199,1251907,110,96.0,95.0
3350,2018-04-15,95.0,99.0,94.0,97.0,9816625932,5930582,360,96.0,96.0
3351,2018-04-16,97.0,99.0,95.0,98.0,19480087643,11647561,447,97.0,96.0
3352,2018-04-17,97.0,99.0,96.0,98.0,22768685113,13526315,664,98.0,98.0
3353,2018-04-18,96.0,101.0,96.0,99.0,19370876596,11449661,522,98.0,98.0
3354,2018-04-21,97.0,97.0,96.0,98.0,2405806218,1455818,110,99.0,96.0
3355,2018-04-22,96.0,97.0,95.0,96.0,15919117333,9694125,414,98.0,97.0
3356,2018-04-23,95.0,96.0,95.0,96.0,5987827178,3646827,231,96.0,96.0
3357,2018-04-24,96.0,97.0,96.0,97.0,16811902037,10146750,494,96.0,97.0
3358,2018-04-25,97.0,99.0,97.0,98.0,9922443389,5885675,290,97.0,98.0
3359,2018-04-28,97.0,98.0,96.0,98.0,3736540822,2258697,131,98.0,96.0
3360,2018-04-29,96.0,97.0,96.0,97.0,2830137558,1714894,142,98.0,96.0
3361,2018-04-30,96.0,99.0,96.0,97.0,6644949908,4026289,263,97.0,96.0
3362,2018-05-01,96.0,97.0,96.0,96.0,16124652975,9772477,524,97.0,96.0
3363,2018-05-05,96.0,97.0,96.0,96.0,20302090548,12318436,653,96.0,96.0
3364,2018-05-06,96.0,96.0,96.0,96.0,17938186680,10884102,531,96.0,96.0
3365,2018-05-07,96.0,97.0,96.0,96.0,5798795024,3516648,191,96.0,97.0
3366,2018-05-08,98.0,98.0,96.0,96.0,4441523518,2690237,161,96.0,97.0
3367,2018-05-09,96.0,97.0,94.0,96.0,32398034105,19665767,486,96.0,96.0
3368,2018-05-12,97.0,98.0,96.0,96.0,9290260649,5631979,277,96.0,96.0
3369,2018-05-13,97.0,97.0,96.0,96.0,5866565056,3552704,203,96.0,96.0
3370,2018-05-14,97.0,97.0,96.0,96.0,6770860410,4107958,258,96.0,96.0
3371,2018-05-15,96.0,96.0,95.0,96.0,9273377947,5645216,285,96.0,95.0
3372,2018-05-16,96.0,96.0,95.0,96.0,5004299881,3049263,186,96.0,96.0
3373,2018-05-19,96.0,97.0,95.0,96.0,8176034309,4979198,252,96.0,96.0
3374,2018-05-20,95.0,96.0,94.0,95.0,9691293659,5934146,349,96.0,95.0
3375,2018-05-21,95.0,96.0,95.0,95.0,17535927035,10759519,498,95.0,95.0
3376,2018-05-22,95.0,96.0,95.0,95.0,10792822887,6636113,376,95.0,95.0
3377,2018-05-23,95.0,96.0,95.0,95.0,5185319151,3186006,197,95.0,95.0
3378,2018-05-27,98.0,98.0,97.0,98.0,18813141583,11215068,611,95.0,98.0
3379,2018-05-28,98.0,101.0,97.0,99.0,13850435467,8157605,481,98.0,100.0
3380,2018-05-29,99.0,104.0,99.0,103.0,40707772315,23008029,1028,99.0,104.0
3381,2018-05-30,104.0,108.0,104.0,106.0,13732828834,7533174,581,103.0,106.0
3382,2018-06-02,107.0,109.0,104.0,108.0,20443527828,11061182,775,106.0,107.0
3383,2018-06-03,108.0,108.0,105.0,106.0,19715811111,10909444,526,108.0,106.0
3384,2018-06-09,105.0,108.0,105.0,107.0,33188989226,18169008,603,106.0,107.0
3385,2018-06-10,107.0,107.0,105.0,106.0,9369902925,5185163,299,107.0,105.0
3386,2018-06-11,106.0,107.0,105.0,106.0,10404456676,5721016,310,106.0,105.0
3387,2018-06-12,107.0,111.0,105.0,109.0,24968571531,13421823,715,106.0,111.0
3388,2018-06-13,113.0,114.0,112.0,114.0,20688319346,10630333,473,109.0,114.0
3389,2018-06-17,119.0,119.0,119.0,119.0,70522880868,34519276,832,114.0,119.0
3390,2018-06-18,125.0,125.0,123.0,125.0,231075878527,107748818,3075,119.0,125.0
3391,2018-06-19,126.0,131.0,124.0,128.0,21187099732,9698437,513,125.0,131.0
3392,2018-06-20,134.0,141.0,133.0,137.0,144208923003,61614773,2336,128.0,137.0
3393,2018-06-23,139.0,140.0,130.0,135.0,54309186486,23497722,1331,137.0,137.0
3394,2018-06-24,137.0,142.0,137.0,142.0,99167594055,40907820,1213,135.0,142.0
3395,2018-06-25,148.0,149.0,147.0,149.0,224554358401,88240123,3016,142.0,149.0
3396,2018-06-26,149.0,150.0,141.0,144.0,100128916521,40653413,1878,149.0,144.0
3397,2018-06-27,144.0,149.0,137.0,138.0,166804941132,70438876,2357,144.0,137.0
3398,2018-06-30,140.0,144.0,135.0,138.0,25631247164,10836518,750,138.0,135.0
3399,2018-07-01,137.0,137.0,131.0,132.0,130602774297,57858125,1558,138.0,132.0
3400,2018-07-02,134.0,138.0,134.0,138.0,68488724106,28994860,950,132.0,138.0
3401,2018-07-03,142.0,145.0,140.0,145.0,127491139809,51499260,1711,138.0,145.0
3402,2018-07-04,146.0,149.0,140.0,145.0,98391469404,39619675,2019,145.0,146.0
3403,2018-07-15,126.0,132.0,126.0,129.0,30535573576,14873547,770,145.0,129.0
3404,2018-07-16,130.0,131.0,125.0,128.0,15895459710,7814928,597,129.0,125.0
3405,2018-07-17,126.0,131.0,122.0,125.0,34126421716,17213604,914,128.0,129.0
3406,2018-07-18,126.0,131.0,126.0,129.0,12403994745,6058996,428,125.0,129.0
3407,2018-07-21,128.0,132.0,128.0,130.0,23829198118,11579187,460,129.0,128.0
3408,2018-07-22,129.0,135.0,129.0,133.0,14737625533,6978169,530,130.0,131.0
3409,2018-07-23,133.0,133.0,128.0,131.0,6522899114,3177663,280,133.0,128.0
3410,2018-07-24,127.0,130.0,126.0,128.0,18133135867,8920505,518,131.0,127.0
3411,2018-07-25,126.0,131.0,126.0,128.0,27845361078,13679898,470,128.0,131.0
3412,2018-07-28,135.0,135.0,134.0,135.0,39118439328,18314098,499,128.0,135.0
3413,2018-07-29,141.0,141.0,132.0,137.0,54541609441,25014751,1410,135.0,138.0
3414,2018-07-30,139.0,144.0,135.0,144.0,59231131260,25950385,987,137.0,144.0
3415,2018-07-31,151.0,151.0,151.0,151.0,15844755188,6613003,213,144.0,151.0
3416,2018-08-01,158.0,158.0,158.0,158.0,39606154610,15747974,337,151.0,158.0
3417,2018-08-04,156.0,158.0,151.0,154.0,95874457806,39338292,1724,158.0,151.0
3418,2018-08-05,154.0,161.0,154.0,160.0,163381733528,64410944,2355,154.0,161.0
3419,2018-08-06,168.0,168.0,163.0,166.0,180592676533,68398971,2982,160.0,164.0
3420,2018-08-07,161.0,175.0,161.0,168.0,100371802353,37608058,1933,166.0,162.0
3421,2018-08-08,163.0,163.0,158.0,161.0,30723179368,12040447,763,168.0,161.0
3422,2018-08-11,156.0,159.0,153.0,157.0,21342367637,8574739,758,161.0,154.0
3423,2018-08-12,154.0,163.0,153.0,158.0,29676962302,11813593,732,157.0,155.0
3424,2018-08-13,154.0,160.0,153.0,156.0,20452739312,8284436,500,158.0,156.0
3425,2018-08-14,155.0,163.0,155.0,160.0,34360087879,13520093,872,156.0,158.0
3426,2018-08-15,160.0,160.0,156.0,158.0,12002014967,4778222,403,160.0,160.0
3427,2018-08-18,158.0,166.0,156.0,163.0,37191674247,14388562,837,158.0,162.0
3428,2018-08-19,164.0,170.0,164.0,165.0,20880068079,7957164,608,163.0,164.0
3429,2018-08-20,167.0,174.0,167.0,173.0,60251469256,21970864,884,165.0,174.0
3430,2018-08-21,181.0,181.0,173.0,177.0,53298763248,18925453,1353,173.0,176.0
3431,2018-08-25,176.0,177.0,169.0,174.0,32849960280,11885894,902,177.0,169.0
3432,2018-08-26,169.0,183.0,168.0,181.0,89045767951,30917270,1349,174.0,183.0
3433,2018-08-27,188.0,190.0,183.0,187.0,41784728102,14116738,1007,181.0,184.0
3434,2018-08-28,182.0,183.0,177.0,178.0,72499480880,25623309,1345,187.0,178.0
3435,2018-08-29,178.0,180.0,174.0,177.0,17710288668,6309147,568,178.0,175.0
3436,2018-09-01,174.0,176.0,171.0,174.0,31105826388,11296784,647,177.0,174.0
3437,2018-09-02,171.0,172.0,167.0,169.0,38398296206,14288273,751,174.0,168.0
3438,2018-09-03,171.0,176.0,167.0,171.0,13841894375,5092085,460,169.0,174.0
3439,2018-09-04,179.0,180.0,172.0,175.0,25697742911,9239622,575,171.0,175.0
3440,2018-09-05,176.0,178.0,170.0,172.0,23764186596,8688208,503,175.0,174.0
3441,2018-09-08,173.0,176.0,171.0,174.0,22847126099,8262349,626,172.0,174.0
3442,2018-09-09,171.0,180.0,171.0,176.0,34845632179,12497553,948,174.0,177.0
3443,2018-09-10,176.0,184.0,176.0,184.0,92239583499,31606773,1241,176.0,184.0
3444,2018-09-11,192.0,193.0,186.0,191.0,39505569956,13034512,801,184.0,193.0
3445,2018-09-12,200.0,200.0,200.0,200.0,34331578056,10789308,362,191.0,200.0
3446,2018-09-15,211.0,211.0,210.0,211.0,20218504748,6051640,236,200.0,210.0
3447,2018-09-16,200.0,209.0,200.0,205.0,51490932626,15833686,1028,211.0,208.0
3448,2018-09-17,205.0,211.0,198.0,206.0,57662324969,17667572,1092,205.0,202.0
3449,2018-09-18,203.0,205.0,200.0,201.0,35983777452,11251548,757,206.0,202.0
3450,2018-09-22,205.0,205.0,195.0,203.0,26405707687,8210957,709,201.0,195.0
3451,2018-09-23,199.0,213.0,198.0,208.0,99788088445,30197445,1810,203.0,212.0
3452,2018-09-24,219.0,230.0,219.0,228.0,171911501202,47555016,1714,208.0,230.0
3453,2018-09-25,239.0,239.0,239.0,239.0,96552158505,25441939,827,228.0,239.0
3454,2018-09-26,251.0,251.0,250.0,251.0,92400892028,23193048,882,239.0,251.0
3455,2018-09-29,264.0,264.0,264.0,264.0,104482748118,24977946,691,251.0,264.0
3456,2018-09-30,277.0,277.0,277.0,277.0,12435043248,2831294,156,264.0,277.0
3457,2018-10-01,291.0,305.0,291.0,305.0,51486018810,10637640,424,277.0,305.0
3458,2018-10-02,309.0,309.0,290.0,295.0,596529233535,127573049,5259,305.0,292.0
3459,2018-10-03,290.0,309.0,290.0,305.0,146390756167,30242481,1650,295.0,309.0
3460,2018-10-06,320.0,320.0,292.0,314.0,367611774301,73794392,3743,305.0,309.0
3461,2018-10-07,304.0,328.0,298.0,306.0,450173085065,92611135,4524,314.0,300.0
3462,2018-10-08,307.0,322.0,306.0,319.0,398108697124,78600279,3777,306.0,322.0
3463,2018-10-09,335.0,335.0,329.0,335.0,340633511050,64094772,2676,319.0,335.0
3464,2018-10-10,339.0,349.0,335.0,342.0,78085466238,14400077,1047,335.0,349.0
3465,2018-10-15,359.0,376.0,343.0,355.0,185553620657,32965865,2767,342.0,358.0
3466,2018-10-16,365.0,365.0,337.0,343.0,355298982066,65320529,4559,355.0,339.0
3467,2018-10-17,328.0,347.0,326.0,339.0,209249490044,38923219,2685,343.0,345.0
3468,2018-10-20,340.0,355.0,340.0,350.0,114846316072,20674802,1820,339.0,347.0
3469,2018-10-21,347.0,353.0,339.0,348.0,188308206365,34133990,2104,350.0,346.0
3470,2018-10-22,337.0,347.0,333.0,341.0,120599324884,22274251,1589,348.0,334.0
3471,2018-10-23,329.0,337.0,324.0,330.0,266060384807,50734413,2539,341.0,337.0
3472,2018-10-24,331.0,342.0,326.0,331.0,89417317129,17042949,1119,330.0,333.0
3473,2018-10-27,332.0,334.0,327.0,331.0,151791934172,28888836,1497,331.0,331.0
3474,2018-10-28,331.0,348.0,331.0,342.0,112757460861,20751428,1410,331.0,348.0
3475,2018-10-29,353.0,355.0,339.0,347.0,55857498111,10132548,994,342.0,350.0
3476,2018-10-31,347.0,355.0,343.0,350.0,36592833792,6595027,723,347.0,349.0
3477,2018-11-03,352.0,354.0,337.0,348.0,57524798364,10416557,825,350.0,340.0
3478,2018-11-04,347.0,353.0,340.0,347.0,91110851445,16535450,953,348.0,341.0
3479,2018-11-05,348.0,352.0,343.0,348.0,25064455961,4544080,553,347.0,343.0
3480,2018-11-06,349.0,359.0,341.0,349.0,57101459052,10296052,925,348.0,347.0
3481,2018-11-10,347.0,352.0,345.0,349.0,50472715679,9115164,626,349.0,345.0
3482,2018-11-11,349.0,349.0,337.0,344.0,28910392130,5300190,530,349.0,346.0
3483,2018-11-12,343.0,352.0,341.0,345.0,44875390552,8189534,761,344.0,345.0
3484,2018-11-13,347.0,357.0,345.0,349.0,61612685327,11112861,900,345.0,353.0
3485,2018-11-14,351.0,365.0,344.0,353.0,133805829666,23854735,1520,349.0,353.0
3486,2018-11-17,355.0,364.0,343.0,351.0,47983155018,8610062,894,353.0,343.0
3487,2018-11-18,349.0,350.0,334.0,336.0,89972656616,16847580,1040,351.0,337.0
3488,2018-11-19,340.0,343.0,330.0,337.0,39148135772,7318088,694,336.0,337.0
3489,2018-11-20,337.0,340.0,331.0,336.0,66640669701,12497479,745,337.0,337.0
3490,2018-11-21,335.0,340.0,328.0,336.0,48456407538,9086259,727,336.0,334.0
3491,2018-11-24,328.0,334.0,319.0,323.0,22814804929,4450849,314,336.0,319.0
3492,2018-11-26,308.0,328.0,307.0,309.0,103979578937,21219950,1083,323.0,313.0
3493,2018-11-27,301.0,318.0,298.0,312.0,47582698550,9617521,699,309.0,309.0
3494,2018-11-28,303.0,314.0,296.0,302.0,41870422849,8739092,709,312.0,299.0
3495,2018-12-01,290.0,302.0,287.0,288.0,160482421765,35093813,1776,302.0,287.0
3496,2018-12-02,290.0,296.0,289.0,293.0,18163940079,3902318,438,288.0,291.0
3497,2018-12-03,293.0,301.0,290.0,294.0,33420316448,7156346,633,293.0,290.0
3498,2018-12-04,294.0,296.0,282.0,291.0,40742727077,8817889,638,294.0,287.0
3499,2018-12-05,279.0,296.0,279.0,290.0,26640832846,5781577,486,291.0,289.0
3500,2018-12-08,289.0,291.0,280.0,287.0,21484247094,4714296,540,290.0,283.0
3501,2018-12-09,278.0,290.0,277.0,284.0,48736060407,10806247,732,287.0,287.0
3502,2018-12-10,282.0,290.0,282.0,284.0,71675026119,15903642,812,284.0,284.0
3503,2018-12-11,284.0,289.0,281.0,285.0,26587739930,5881562,468,284.0,284.0
3504,2018-12-12,284.0,289.0,284.0,286.0,30217755240,6665506,596,285.0,284.0
3505,2018-12-15,280.0,289.0,280.0,284.0,14274338384,3167037,340,286.0,284.0
3506,2018-12-16,284.0,287.0,282.0,284.0,91358644931,20293619,971,284.0,284.0
3507,2018-12-17,284.0,284.0,283.0,284.0,48860078696,10857853,667,284.0,284.0
3508,2018-12-18,284.0,285.0,283.0,284.0,20784165813,4618521,367,284.0,284.0
3509,2018-12-19,284.0,286.0,283.0,284.0,119180910046,26484243,1239,284.0,284.0
3510,2018-12-22,284.0,287.0,283.0,284.0,59681281467,13258264,743,284.0,284.0
3511,2018-12-23,284.0,287.0,284.0,284.0,39628447248,8796257,584,284.0,284.0
3512,2018-12-24,284.0,285.0,284.0,284.0,36785075228,8169213,404,284.0,284.0
3513,2018-12-25,284.0,284.0,283.0,284.0,26398418313,5865909,454,284.0,284.0
3514,2018-12-26,285.0,285.0,284.0,284.0,30000275967,6660010,387,284.0,284.0
3515,2018-12-29,284.0,286.0,284.0,284.0,12167872368,2701480,258,284.0,284.0
3516,2018-12-30,285.0,287.0,284.0,284.0,15383809905,3413680,263,284.0,286.0
3517,2018-12-31,284.0,287.0,283.0,284.0,77214285268,17157130,823,284.0,284.0
3518,2019-01-01,284.0,286.0,283.0,284.0,58422526538,12981513,638,284.0,284.0
3519,2019-01-02,284.0,284.0,283.0,284.0,62508515755,13889518,801,284.0,284.0
3520,2019-01-05,284.0,284.0,284.0,284.0,25344086895,5631212,355,284.0,284.0
3521,2019-01-06,284.0,284.0,284.0,284.0,11027291010,2450408,246,284.0,284.0
3522,2019-01-07,284.0,284.0,284.0,284.0,31820402270,7071104,376,284.0,284.0
3523,2019-01-08,284.0,298.0,284.0,293.0,27464479248,5900260,763,284.0,296.0
3524,2019-01-09,297.0,298.0,293.0,296.0,10197740050,2170318,378,293.0,296.0
3525,2019-01-12,296.0,298.0,284.0,292.0,15467017271,3339186,506,296.0,290.0
3526,2019-01-13,286.0,295.0,284.0,290.0,9660861808,2101887,371,292.0,294.0
3527,2019-01-14,288.0,290.0,285.0,288.0,6222125337,1365808,223,290.0,290.0
3528,2019-01-15,290.0,290.0,285.0,288.0,7334168721,1607271,254,288.0,290.0
3529,2019-01-16,290.0,296.0,286.0,294.0,15733290802,3374405,387,288.0,295.0
3530,2019-01-19,290.0,296.0,288.0,291.0,7313310799,1588956,228,294.0,290.0
3531,2019-01-20,287.0,299.0,284.0,289.0,33592146202,7320538,578,291.0,284.0
3532,2019-01-21,290.0,291.0,284.0,286.0,14890424294,3282092,281,289.0,285.0
3533,2019-01-22,290.0,293.0,284.0,286.0,5276741461,1163068,180,286.0,285.0
3534,2019-01-23,284.0,285.0,284.0,284.0,17683931824,3927074,359,286.0,284.0
3535,2019-01-26,284.0,291.0,284.0,287.0,11988710318,2630411,270,284.0,285.0
3536,2019-01-27,284.0,286.0,284.0,284.0,18215653723,4046681,326,287.0,284.0
3537,2019-01-28,284.0,289.0,284.0,284.0,18204672786,4035388,308,284.0,287.0
3538,2019-01-29,284.0,284.0,284.0,284.0,21927745263,4872255,303,284.0,284.0
3539,2019-01-30,284.0,284.0,284.0,284.0,24877935341,5528076,336,284.0,284.0
3540,2019-02-02,284.0,287.0,283.0,284.0,50398772370,11198984,478,284.0,284.0
3541,2019-02-03,284.0,284.0,283.0,284.0,119831389830,26629213,1166,284.0,284.0
3542,2019-02-04,284.0,284.0,284.0,284.0,63177339771,14038331,665,284.0,284.0
3543,2019-02-05,284.0,284.0,277.0,283.0,56671753703,12609292,601,284.0,280.0
3544,2019-02-06,278.0,279.0,270.0,276.0,8129707260,1868026,436,283.0,271.0
3545,2019-02-10,273.0,276.0,265.0,272.0,5653869782,1321256,278,276.0,266.0
3546,2019-02-12,270.0,272.0,265.0,270.0,12294673746,2865900,337,272.0,271.0
3547,2019-02-13,270.0,270.0,266.0,269.0,13151381377,3077156,315,270.0,268.0
3548,2019-02-16,269.0,271.0,263.0,266.0,17128476583,4059291,402,269.0,263.0
3549,2019-02-17,266.0,267.0,253.0,259.0,17888967320,4352247,450,266.0,253.0
3550,2019-02-18,258.0,259.0,251.0,255.0,10742689598,2655242,411,259.0,251.0
3551,2019-02-19,250.0,254.0,249.0,251.0,11291160190,2838735,302,255.0,252.0
3552,2019-02-20,251.0,262.0,251.0,257.0,12930839814,3174921,393,251.0,261.0
3553,2019-02-23,263.0,269.0,261.0,269.0,70856226104,16595479,825,257.0,269.0
3554,2019-02-24,271.0,277.0,264.0,272.0,25135348298,5818060,545,269.0,271.0
3555,2019-02-25,276.0,276.0,265.0,269.0,12308150537,2880162,307,272.0,268.0
3556,2019-02-26,265.0,268.0,263.0,265.0,8789703532,2096597,255,269.0,263.0
3557,2019-02-27,265.0,273.0,265.0,270.0,12735814467,2967408,256,265.0,271.0
3558,2019-03-02,266.0,270.0,264.0,267.0,7247138616,1717834,184,270.0,266.0
3559,2019-03-03,265.0,273.0,264.0,270.0,15123691488,3533572,286,267.0,268.0
3560,2019-03-04,270.0,273.0,264.0,268.0,14629470737,3439043,314,270.0,265.0
3561,2019-03-05,265.0,266.0,263.0,266.0,4776751814,1140200,166,268.0,263.0
3562,2019-03-06,262.0,266.0,261.0,265.0,4864102514,1163975,154,266.0,263.0
3563,2019-03-09,261.0,271.0,258.0,265.0,15227518094,3627688,298,265.0,265.0
3564,2019-03-10,261.0,270.0,261.0,266.0,7747119208,1828398,238,265.0,268.0
3565,2019-03-11,267.0,273.0,264.0,269.0,8898292754,2080955,298,266.0,269.0
3566,2019-03-12,272.0,274.0,263.0,267.0,10032414013,2363952,242,269.0,265.0
3567,2019-03-13,265.0,272.0,265.0,268.0,38265595239,8979808,1837,267.0,267.0
3568,2019-03-16,267.0,277.0,265.0,272.0,34898449895,8091667,585,268.0,275.0
3569,2019-03-17,266.0,276.0,266.0,273.0,10276139030,2375393,346,272.0,272.0
3570,2019-03-18,270.0,276.0,270.0,274.0,49390145802,11369324,585,273.0,275.0
3571,2019-03-19,272.0,285.0,272.0,281.0,39707338699,8893802,727,274.0,280.0
3572,2019-03-25,283.0,289.0,283.0,287.0,38469867191,8458794,440,281.0,286.0
3573,2019-03-26,289.0,289.0,282.0,284.0,9929526357,2203010,247,287.0,284.0
3574,2019-03-27,285.0,287.0,284.0,284.0,7570735316,1677625,225,284.0,284.0
3575,2019-03-30,282.0,291.0,282.0,287.0,10771249953,2361530,334,284.0,287.0
3576,2019-03-31,285.0,289.0,282.0,284.0,10524387576,2333369,337,287.0,285.0
3577,2019-04-06,282.0,286.0,282.0,284.0,14588783188,3236652,498,284.0,284.0
3578,2019-04-07,284.0,285.0,282.0,284.0,23213135677,5153883,666,284.0,284.0
3579,2019-04-08,285.0,285.0,282.0,283.0,32855845423,7307076,871,284.0,283.0
3580,2019-04-14,321.0,321.0,305.0,310.0,74676553327,17248209,1507,283.0,307.0
3581,2019-04-15,313.0,318.0,305.0,311.0,86027426801,19787140,1959,310.0,315.0
3582,2019-04-16,313.0,327.0,307.0,326.0,1243623177400,273109802,8269,311.0,327.0
3583,2019-04-17,326.0,335.0,314.0,327.0,84131229211,18403436,1620,326.0,328.0
3584,2019-04-20,323.0,332.0,320.0,325.0,56367188938,12417272,2253,327.0,321.0
3585,2019-04-22,328.0,328.0,309.0,314.0,46422734681,10565782,1271,325.0,309.0
3586,2019-04-23,308.0,316.0,299.0,305.0,35586586110,8345399,1144,314.0,300.0
3587,2019-04-24,305.0,306.0,294.0,300.0,35860649771,8562507,1499,305.0,296.0
3588,2019-04-27,298.0,311.0,297.0,304.0,68349895677,16084417,1371,300.0,311.0
3589,2019-04-28,307.0,313.0,307.0,311.0,25436836980,5851138,772,304.0,310.0
3590,2019-04-29,310.0,318.0,307.0,313.0,47483577338,10848354,1263,311.0,309.0
3591,2019-04-30,315.0,318.0,305.0,311.0,37429983829,8605577,1222,313.0,305.0
3592,2019-05-01,311.0,311.0,303.0,306.0,77870003008,18210617,1834,311.0,304.0
3593,2019-05-04,301.0,311.0,301.0,306.0,59058979096,13796646,1944,306.0,305.0
3594,2019-05-05,310.0,310.0,303.0,306.0,46018348938,10756948,1320,306.0,304.0
3595,2019-05-06,301.0,307.0,291.0,293.0,44599347786,10889424,1416,306.0,291.0
3596,2019-05-07,283.0,298.0,283.0,287.0,43188547945,10753783,1014,293.0,290.0
3597,2019-05-08,284.0,300.0,284.0,295.0,18827815207,4571639,753,287.0,296.0
3598,2019-05-11,287.0,293.0,280.0,285.0,25406878067,6375927,1366,295.0,283.0
3599,2019-05-12,274.0,285.0,272.0,274.0,21078677899,5498586,708,285.0,280.0
3600,2019-05-13,278.0,280.0,271.0,274.0,18161444969,4742271,688,274.0,273.0
3601,2019-05-14,273.0,279.0,268.0,274.0,33140601426,8651740,1309,274.0,275.0
3602,2019-05-15,275.0,288.0,266.0,281.0,69442046814,17697024,1443,274.0,285.0
3603,2019-05-18,281.0,292.0,281.0,285.0,17714236814,4443276,872,281.0,282.0
3604,2019-05-19,283.0,290.0,278.0,286.0,51909032960,13000385,1010,285.0,287.0
3605,2019-05-20,279.0,290.0,279.0,283.0,9035119333,2288134,460,286.0,282.0
3606,2019-05-21,280.0,285.0,280.0,282.0,11680360683,2965935,744,283.0,281.0
3607,2019-05-22,279.0,283.0,275.0,278.0,20419568727,5248398,878,282.0,280.0
3608,2019-05-25,278.0,286.0,276.0,281.0,24860988203,6329887,859,278.0,283.0
3609,2019-05-26,283.0,288.0,283.0,284.0,29231973796,7349809,973,281.0,285.0
3610,2019-05-28,288.0,294.0,288.0,291.0,47007559275,11574850,1506,284.0,291.0
3611,2019-05-29,293.0,298.0,293.0,295.0,25803786878,6266509,1045,291.0,293.0
3612,2019-06-01,296.0,296.0,289.0,292.0,27142259382,6650195,869,295.0,292.0
3613,2019-06-02,292.0,295.0,291.0,292.0,28385359148,6946585,875,292.0,291.0
3614,2019-06-03,290.0,293.0,290.0,291.0,25855612157,6350422,829,292.0,293.0
3615,2019-06-08,293.0,294.0,289.0,292.0,23697507662,5799101,710,291.0,290.0
3616,2019-06-09,293.0,294.0,288.0,290.0,41926810697,10331056,1455,292.0,292.0
3617,2019-06-10,291.0,293.0,286.0,289.0,44388921536,11002786,1386,290.0,286.0
3618,2019-06-11,289.0,290.0,287.0,288.0,28511128115,7086277,892,289.0,289.0
3619,2019-06-12,288.0,293.0,288.0,292.0,26966702761,6602881,905,288.0,292.0
3620,2019-06-15,292.0,307.0,289.0,304.0,67587342586,15918131,1419,292.0,307.0
3621,2019-06-16,318.0,319.0,305.0,317.0,222948394303,50254919,4521,304.0,311.0
3622,2019-06-17,312.0,318.0,303.0,315.0,62040384713,14105391,1569,317.0,318.0
3623,2019-06-18,317.0,329.0,317.0,323.0,52814883273,11705955,1697,315.0,323.0
3624,2019-06-19,317.0,321.0,311.0,316.0,43301137963,9799259,1117,323.0,315.0
3625,2019-06-22,314.0,322.0,312.0,317.0,26826079640,6049803,951,316.0,315.0
3626,2019-06-23,319.0,322.0,316.0,317.0,33649106992,7590598,1185,317.0,316.0
3627,2019-06-24,319.0,332.0,318.0,327.0,100534140062,21999660,2312,317.0,330.0
3628,2019-06-25,322.0,331.0,321.0,328.0,61118659407,13345734,1653,327.0,327.0
3629,2019-06-26,328.0,340.0,326.0,332.0,103679777521,22354171,2302,328.0,340.0
3630,2019-06-30,333.0,348.0,315.0,336.0,109888128712,23366890,3227,332.0,329.0
3631,2019-07-10,337.0,337.0,320.0,331.0,22992675487,5414563,669,336.0,337.0
3632,2019-07-13,334.0,337.0,323.0,327.0,32875939324,7815387,1309,331.0,326.0
3633,2019-07-14,329.0,338.0,329.0,337.0,97017180426,22442931,1999,327.0,338.0
3634,2019-07-15,339.0,344.0,330.0,337.0,25295988661,5849201,1002,337.0,331.0
3635,2019-07-16,327.0,331.0,320.0,321.0,133704681231,32421252,1809,337.0,322.0
3636,2019-07-17,320.0,331.0,315.0,327.0,33117899571,7881084,943,321.0,324.0
3637,2019-07-20,319.0,327.0,319.0,324.0,19211637816,4613983,931,327.0,320.0
3638,2019-07-21,319.0,327.0,319.0,324.0,25943576825,6226039,892,324.0,324.0
3639,2019-07-22,330.0,330.0,324.0,327.0,32424149838,7717942,884,324.0,325.0
3640,2019-07-23,332.0,332.0,318.0,321.0,9873334820,2395691,677,327.0,321.0
3641,2019-07-24,316.0,325.0,316.0,322.0,14182425558,3428069,583,321.0,319.0
3642,2019-07-27,316.0,319.0,315.0,317.0,10893930820,2678321,755,322.0,316.0
3643,2019-07-28,316.0,324.0,312.0,316.0,20237209556,4978096,852,317.0,319.0
3644,2019-07-29,319.0,319.0,314.0,315.0,18254665715,4514250,764,316.0,314.0
3645,2019-07-30,317.0,318.0,313.0,314.0,16971413403,4201019,742,315.0,315.0
3646,2019-07-31,312.0,319.0,311.0,315.0,24390186273,6036360,705,314.0,315.0
3647,2019-08-03,311.0,315.0,311.0,313.0,12251245991,3047947,667,315.0,313.0
3648,2019-08-04,312.0,315.0,307.0,312.0,25055852740,6255659,1153,313.0,313.0
3649,2019-08-05,313.0,313.0,310.0,312.0,19046317672,4754952,901,312.0,311.0
3650,2019-08-06,311.0,312.0,308.0,310.0,12988768803,3257625,782,312.0,311.0
3651,2019-08-07,311.0,311.0,308.0,310.0,12312510171,3092029,706,310.0,311.0
3652,2019-08-10,310.0,311.0,307.0,309.0,21310336346,5362509,1267,310.0,307.0
3653,2019-08-11,309.0,310.0,308.0,309.0,22447609745,5651432,1110,309.0,310.0
3654,2019-08-13,310.0,316.0,310.0,313.0,28702510037,7145751,1426,309.0,316.0
3655,2019-08-14,319.0,328.0,313.0,323.0,64449880454,15511388,2405,313.0,322.0
3656,2019-08-17,328.0,328.0,319.0,323.0,29560754146,7119903,1355,323.0,320.0
3657,2019-08-18,321.0,321.0,314.0,316.0,21099767221,5204210,1133,323.0,314.0
3658,2019-08-19,314.0,315.0,311.0,312.0,38860092711,9685459,1796,316.0,314.0
3659,2019-08-21,315.0,317.0,312.0,314.0,38565059610,9562702,1500,312.0,315.0
3660,2019-08-24,317.0,319.0,315.0,317.0,58797446657,14426579,2184,314.0,318.0
3661,2019-08-25,321.0,321.0,311.0,315.0,49639630371,12269079,1826,317.0,315.0
3662,2019-08-26,315.0,319.0,315.0,318.0,76041104931,18642214,2534,315.0,319.0
3663,2019-08-27,320.0,320.0,317.0,319.0,70088052190,17092979,2797,318.0,317.0
3664,2019-08-28,319.0,325.0,313.0,322.0,89892148357,21698513,2210,319.0,324.0
3665,2019-08-31,327.0,336.0,327.0,333.0,141929768151,33149192,4726,322.0,332.0
3666,2019-09-01,335.0,350.0,335.0,348.0,446488196529,99981271,7287,333.0,350.0
3667,2019-09-02,355.0,356.0,330.0,344.0,142335337938,32175172,5428,348.0,349.0
3668,2019-09-03,339.0,347.0,338.0,343.0,53009343383,12027502,2119,344.0,345.0
3669,2019-09-04,345.0,347.0,341.0,344.0,48570743737,10991620,1858,343.0,343.0
3670,2019-09-07,346.0,349.0,342.0,346.0,80581332102,18154429,2811,344.0,344.0
3671,2019-09-08,347.0,347.0,335.0,341.0,62868551079,14357998,3017,346.0,339.0
3672,2019-09-11,343.0,343.0,335.0,337.0,76578692846,17696095,3538,341.0,338.0
3673,2019-09-14,343.0,343.0,335.0,338.0,114288857751,26308052,4046,337.0,337.0
3674,2019-09-15,338.0,338.0,332.0,335.0,77980910882,18111058,2855,338.0,335.0
3675,2019-09-16,337.0,339.0,334.0,337.0,241190858224,55729424,4067,335.0,338.0
3676,2019-09-17,339.0,339.0,335.0,338.0,223231176974,51428744,3612,337.0,339.0
3677,2019-09-18,336.0,339.0,321.0,327.0,49454680875,11772508,2556,338.0,331.0
3678,2019-09-21,332.0,333.0,327.0,328.0,83986038875,19912727,2369,327.0,328.0
3679,2019-09-22,323.0,330.0,323.0,327.0,66233724651,15772965,2719,328.0,328.0
3680,2019-09-23,329.0,343.0,329.0,343.0,377096849590,85583227,5307,327.0,343.0
3681,2019-09-24,355.0,356.0,337.0,347.0,114103202212,25588682,3808,343.0,345.0
3682,2019-09-25,350.0,359.0,342.0,350.0,131085543180,29132760,3504,347.0,358.0
3683,2019-09-28,365.0,368.0,359.0,367.0,488008021364,103367594,6554,350.0,368.0
3684,2019-09-29,380.0,380.0,362.0,369.0,149163989363,31426910,5236,367.0,372.0
3685,2019-09-30,373.0,388.0,370.0,381.0,217433934988,44389881,6646,369.0,381.0
3686,2019-10-01,389.0,400.0,372.0,391.0,253530071839,50493698,7467,381.0,374.0
3687,2019-10-02,376.0,397.0,374.0,385.0,118559064145,23982507,4965,391.0,387.0
3688,2019-10-05,392.0,398.0,381.0,391.0,161034688861,32083774,5541,385.0,385.0
3689,2019-10-06,385.0,385.0,371.0,378.0,92400435766,19052238,3326,391.0,376.0
3690,2019-10-07,374.0,389.0,372.0,379.0,94703911853,19448876,3768,378.0,376.0
3691,2019-10-08,378.0,385.0,360.0,367.0,122725070166,26032469,4084,379.0,362.0
3692,2019-10-09,366.0,376.0,362.0,370.0,88997428730,18727730,3334,367.0,376.0
3693,2019-10-12,376.0,388.0,376.0,387.0,370809085440,74559760,6117,370.0,388.0
3694,2019-10-13,403.0,403.0,387.0,394.0,156490446220,30942574,5072,387.0,389.0
3695,2019-10-14,392.0,392.0,374.0,379.0,64165345460,13189494,2937,394.0,377.0
3696,2019-10-15,378.0,381.0,360.0,361.0,130681815958,28162645,3029,379.0,360.0
3697,2019-10-16,355.0,379.0,351.0,371.0,166589514252,34975571,4288,361.0,366.0
3698,2019-10-20,367.0,378.0,352.0,354.0,140529326970,30866774,3414,371.0,366.0
3699,2019-10-21,348.0,366.0,341.0,352.0,66669485978,14728535,2304,354.0,361.0
3700,2019-10-22,364.0,370.0,352.0,362.0,74934100593,16127090,2543,352.0,354.0
3701,2019-10-23,362.0,366.0,350.0,357.0,62006635437,13526758,2419,362.0,357.0
3702,2019-10-26,362.0,365.0,351.0,357.0,36738920204,8001900,1487,357.0,357.0
3703,2019-10-28,358.0,365.0,353.0,359.0,40474079793,8788001,1916,357.0,357.0
3704,2019-10-30,364.0,364.0,357.0,360.0,54140636504,11722019,2509,359.0,359.0
3705,2019-11-02,361.0,364.0,350.0,356.0,44160149674,9651950,2447,360.0,356.0
3706,2019-11-03,356.0,360.0,353.0,356.0,42245235218,9244723,2175,356.0,354.0
3707,2019-11-04,358.0,358.0,338.0,346.0,59865582375,13462654,2522,356.0,341.0
3708,2019-11-05,346.0,357.0,339.0,349.0,76651555861,17073961,2147,346.0,349.0
3709,2019-11-09,349.0,352.0,341.0,347.0,47025219392,10537684,2067,349.0,342.0
3710,2019-11-10,350.0,350.0,340.0,342.0,35960444414,8188500,1612,347.0,341.0
3711,2019-11-11,343.0,350.0,335.0,340.0,45129258149,10321763,1729,342.0,341.0
3712,2019-11-12,335.0,342.0,335.0,338.0,41282384353,9502144,2207,340.0,341.0
3713,2019-11-13,343.0,345.0,341.0,343.0,37922412395,8619525,1648,338.0,343.0
3714,2019-11-16,343.0,360.0,335.0,350.0,93947903127,20898237,2517,343.0,360.0
3715,2019-11-17,352.0,367.0,344.0,358.0,98040123618,21329488,3023,350.0,355.0
3716,2019-11-18,349.0,359.0,349.0,356.0,36581263439,7988167,1503,358.0,357.0
3717,2019-11-19,360.0,362.0,350.0,354.0,32678529378,7185428,1514,356.0,352.0
3718,2019-11-20,358.0,358.0,347.0,352.0,31766349989,7020492,1548,354.0,349.0
3719,2019-11-23,352.0,360.0,345.0,349.0,33333033965,7443247,1644,352.0,349.0
3720,2019-11-24,349.0,356.0,343.0,346.0,31172683531,7014128,1474,349.0,347.0
3721,2019-11-25,346.0,348.0,343.0,346.0,29225336655,6581063,1684,346.0,345.0
3722,2019-11-26,346.0,348.0,343.0,346.0,45094942850,10156623,2022,346.0,347.0
3723,2019-11-27,350.0,350.0,344.0,346.0,31699312444,7138229,1743,346.0,348.0
3724,2019-11-30,349.0,350.0,343.0,346.0,56321469909,12671825,2588,346.0,346.0
3725,2019-12-01,345.0,357.0,343.0,349.0,82129282959,18306432,3394,346.0,354.0
3726,2019-12-02,358.0,362.0,346.0,353.0,90312920092,19902639,3207,349.0,354.0
3727,2019-12-03,357.0,357.0,350.0,353.0,44082526736,9724009,1957,353.0,353.0
3728,2019-12-04,355.0,355.0,349.0,351.0,46824087424,10377205,2046,353.0,353.0
3729,2019-12-07,353.0,356.0,350.0,353.0,79358087240,17478248,2590,351.0,353.0
3730,2019-12-08,354.0,366.0,353.0,360.0,112958324527,24405028,3514,353.0,362.0
3731,2019-12-09,357.0,362.0,356.0,359.0,97040673720,21041029,2892,360.0,361.0
3732,2019-12-10,366.0,376.0,362.0,368.0,102113473880,21572648,3167,359.0,364.0
3733,2019-12-11,366.0,370.0,358.0,364.0,34791823889,7444489,1685,368.0,365.0
3734,2019-12-14,364.0,373.0,364.0,370.0,56236554071,11833069,2245,364.0,371.0
3735,2019-12-15,373.0,374.0,360.0,365.0,80558816099,17168954,2745,370.0,360.0
3736,2019-12-16,366.0,366.0,358.0,361.0,69323812773,14952129,2631,365.0,359.0
3737,2019-12-17,366.0,366.0,358.0,361.0,61912433672,13354695,2827,361.0,360.0
3738,2019-12-18,360.0,367.0,356.0,360.0,141176792714,30507104,3844,361.0,365.0
3739,2019-12-21,371.0,378.0,370.0,373.0,219339175593,45730123,6056,360.0,373.0
3740,2019-12-22,378.0,392.0,374.0,386.0,260097742953,52468430,5635,373.0,390.0
3741,2019-12-23,392.0,405.0,381.0,398.0,289114050046,56549639,6971,386.0,395.0
3742,2019-12-24,391.0,406.0,390.0,399.0,144521731461,28190736,3719,398.0,394.0
3743,2019-12-25,393.0,394.0,383.0,387.0,81126972339,16318757,3264,399.0,388.0
3744,2019-12-28,392.0,398.0,387.0,392.0,133904109790,26610513,3686,387.0,396.0
3745,2019-12-29,397.0,400.0,389.0,393.0,91901288775,18201742,3039,392.0,394.0
3746,2019-12-30,393.0,400.0,390.0,394.0,97392910291,19236563,3083,393.0,396.0
3747,2019-12-31,398.0,401.0,381.0,392.0,110266787247,21877586,3294,394.0,392.0
3748,2020-01-01,389.0,405.0,389.0,399.0,154202088729,30069946,3905,392.0,400.0
3749,2020-01-04,379.0,385.0,379.0,379.0,419936917061,86190898,5106,399.0,379.0
3750,2020-01-05,374.0,395.0,374.0,382.0,95240914564,19385283,2397,379.0,383.0
3751,2020-01-07,381.0,392.0,363.0,376.0,178444172986,36902442,3324,382.0,365.0
3752,2020-01-08,369.0,381.0,369.0,370.0,259831172876,54630395,3254,376.0,378.0
3753,2020-01-11,378.0,378.0,378.0,378.0,24070220559,4961909,217,370.0,378.0
3754,2020-01-12,396.0,396.0,395.0,396.0,219688098588,43135884,2106,378.0,396.0
3755,2020-01-13,410.0,416.0,400.0,415.0,452006876824,84746091,4299,396.0,416.0
3756,2020-01-14,432.0,432.0,415.0,421.0,108882592399,20131836,2741,415.0,416.0
3757,2020-01-15,413.0,426.0,405.0,420.0,122167249832,22640228,2634,421.0,422.0
3758,2020-01-18,426.0,432.0,420.0,426.0,230172785015,42024080,3697,420.0,420.0
3759,2020-01-19,427.0,448.0,415.0,434.0,310542765860,55698120,4458,426.0,432.0
3760,2020-01-20,442.0,447.0,431.0,439.0,258182245863,45786558,3872,434.0,434.0
3761,2020-01-21,430.0,448.0,430.0,440.0,142513761619,25190035,2751,439.0,444.0
3762,2020-01-22,438.0,455.0,438.0,449.0,189691579372,32853157,2659,440.0,450.0
3763,2020-01-25,450.0,472.0,450.0,462.0,293678031289,49486359,3817,449.0,460.0
3764,2020-01-26,467.0,477.0,455.0,466.0,197334417243,32944977,3377,462.0,459.0
3765,2020-01-27,456.0,490.0,456.0,488.0,970333941541,154904719,5033,466.0,490.0
3766,2020-01-28,512.0,512.0,502.0,512.0,2134980326813,324702523,12765,488.0,512.0
3767,2020-02-01,515.0,516.0,488.0,500.0,406922360637,63325415,7911,512.0,490.0
3768,2020-02-02,490.0,500.0,475.0,487.0,436776785661,69768794,8348,500.0,490.0
3769,2020-02-03,495.0,506.0,487.0,492.0,399482662338,63185616,6107,487.0,490.0
3770,2020-02-04,487.0,499.0,480.0,491.0,432158068577,68514331,5575,492.0,499.0
3771,2020-02-05,494.0,506.0,487.0,499.0,310380774779,48394048,4351,491.0,506.0
3772,2020-02-08,510.0,524.0,491.0,509.0,344848043363,52761581,4697,499.0,498.0
3773,2020-02-09,506.0,512.0,497.0,507.0,275568475012,42332612,3577,509.0,508.0
3774,2020-02-10,505.0,506.0,481.0,494.0,100051009991,15781203,1715,507.0,493.0
3775,2020-02-12,498.0,515.0,483.0,506.0,332872409725,51197442,4032,494.0,515.0
3776,2020-02-15,515.0,516.0,496.0,503.0,150188941910,23226756,2866,506.0,502.0
3777,2020-02-16,508.0,528.0,490.0,519.0,686491783073,102879834,6897,503.0,528.0
3778,2020-02-17,528.0,539.0,515.0,526.0,274012693323,40548791,5018,519.0,519.0
3779,2020-02-18,520.0,520.0,506.0,511.0,132130903315,20107767,3282,526.0,508.0
3780,2020-02-19,514.0,514.0,497.0,504.0,172976071078,26730406,4675,511.0,498.0
3781,2020-02-22,480.0,509.0,480.0,498.0,155519315151,24285668,3672,504.0,506.0
3782,2020-02-23,507.0,520.0,507.0,513.0,356052848674,54058326,5291,498.0,512.0
3783,2020-02-24,522.0,523.0,512.0,516.0,597583539110,90122968,6359,513.0,518.0
3784,2020-02-25,529.0,542.0,522.0,538.0,993581132298,143690036,9991,516.0,542.0
3785,2020-02-26,559.0,560.0,546.0,555.0,360267385938,50493445,6694,538.0,560.0
3786,2020-02-29,529.0,549.0,528.0,532.0,311446808598,45575684,5285,555.0,532.0
3787,2020-03-01,534.0,559.0,533.0,554.0,361656542660,50815043,4671,532.0,559.0
3788,2020-03-02,580.0,580.0,568.0,575.0,287609543797,38934947,5136,554.0,575.0
3789,2020-03-03,584.0,604.0,584.0,601.0,583421038388,75546062,6069,575.0,602.0
3790,2020-03-04,625.0,631.0,606.0,623.0,360434180725,45051630,5089,601.0,627.0
3791,2020-03-07,615.0,619.0,592.0,600.0,325470103307,42194693,6416,623.0,594.0
3792,2020-03-15,582.0,600.0,553.0,580.0,490344141318,86358276,3967,600.0,578.0
3793,2020-03-16,585.0,585.0,557.0,574.0,464210092404,82599676,9053,580.0,579.0
3794,2020-03-17,574.0,574.0,545.0,558.0,237214544533,43374257,4852,574.0,565.0
3795,2020-03-18,567.0,586.0,559.0,584.0,653713408120,114272126,4874,558.0,586.0
3796,2020-03-24,603.0,603.0,555.0,572.0,194707137938,34779986,5446,584.0,578.0
3797,2020-03-25,587.0,593.0,580.0,588.0,170423212770,29614230,5535,572.0,582.0
3798,2020-03-28,570.0,617.0,570.0,609.0,1264333397077,211943812,11605,588.0,617.0
3799,2020-03-29,640.0,640.0,637.0,640.0,1360543465188,217249189,13173,609.0,640.0
3800,2020-03-30,672.0,672.0,652.0,671.0,1345858362799,204778923,11799,640.0,672.0
3801,2020-04-04,705.0,705.0,694.0,705.0,836166003311,121186871,7140,671.0,704.0
3802,2020-04-05,715.0,715.0,673.0,693.0,629000008352,92736707,13297,705.0,676.0
3803,2020-04-06,665.0,685.0,658.0,665.0,480203201375,73753730,9108,693.0,670.0
3804,2020-04-07,674.0,698.0,665.0,688.0,360763954270,53521123,5563,665.0,698.0
3805,2020-04-08,723.0,723.0,708.0,722.0,997858785232,141050543,7544,688.0,715.0
3806,2020-04-11,715.0,744.0,698.0,726.0,370870856316,52153355,6667,722.0,729.0
3807,2020-04-27,762.0,801.0,762.0,798.0,130136023253,16622482,856,726.0,801.0
3808,2020-04-28,838.0,838.0,838.0,836.0,129499388928,15777216,757,798.0,838.0
3809,2020-04-29,877.0,877.0,877.0,877.0,145929157152,16984306,792,836.0,877.0
3810,2020-05-02,921.0,921.0,921.0,921.0,124830938136,13837816,731,877.0,921.0
3811,2020-05-03,967.0,967.0,967.0,960.0,113606518222,12000266,744,921.0,967.0
3812,2020-05-04,1008.0,1008.0,1008.0,1008.0,1072283954036,108596714,3240,960.0,1008.0
3813,2020-05-05,1059.0,1059.0,1059.0,1059.0,745936315586,71952958,2470,1008.0,1059.0
3814,2020-05-06,1112.0,1112.0,1112.0,1112.0,4899901058570,450151682,17623,1059.0,1112.0
3815,2020-05-09,1167.0,1225.0,1167.0,1223.0,1524498490387,127307194,4883,1112.0,1225.0
3816,2020-05-10,1284.0,1284.0,1284.0,1284.0,716131789857,56957909,2327,1223.0,1284.0
3817,2020-05-11,1348.0,1348.0,1348.0,1348.0,2010428354841,152293641,5418,1284.0,1348.0
3818,2020-05-12,1415.0,1415.0,1281.0,1326.0,7617606030315,586618968,55275,1348.0,1281.0
3819,2020-05-13,1263.0,1392.0,1260.0,1326.0,5001617682586,385266248,46034,1326.0,1260.0
3820,2020-05-16,1277.0,1312.0,1259.0,1272.0,580323666912,46588747,5786,1326.0,1259.0
3821,2020-05-17,1208.0,1254.0,1208.0,1212.0,1738320614797,146496915,14480,1272.0,1209.0
3822,2020-05-18,1254.0,1272.0,1186.0,1251.0,1888322087125,154111830,18202,1212.0,1272.0
3823,2020-05-19,1277.0,1277.0,1189.0,1211.0,1063563608001,89682519,12894,1251.0,1189.0
3824,2020-05-20,1154.0,1187.0,1151.0,1153.0,423033366167,37477455,5211,1211.0,1151.0
3825,2020-05-23,1095.0,1095.0,1095.0,1099.0,106160146820,9899305,1607,1153.0,1095.0
3826,2020-05-26,1045.0,1096.0,1045.0,1045.0,1233220000000,120586489,9681,1099.0,1045.0
3827,2020-05-27,1012.0,1097.0,1012.0,1077.0,637982530059,60511317,8716,1045.0,1097.0
3828,2020-05-30,1131.0,1131.0,1131.0,1131.0,209736448740,18946382,2073,1077.0,1131.0
3829,2020-05-31,1187.0,1187.0,1074.0,1134.0,684056967355,61624792,10570,1131.0,1106.0
3830,2020-06-01,1105.0,1185.0,1095.0,1151.0,668388843101,59320678,8420,1134.0,1134.0
3831,2020-06-02,1151.0,1209.0,1136.0,1202.0,813737002961,69157488,7414,1151.0,1209.0
3832,2020-06-06,1206.0,1262.0,1202.0,1254.0,603890322934,49216084,5035,1202.0,1262.0
3833,2020-06-07,1316.0,1316.0,1262.0,1312.0,1018132749237,79275655,11515,1254.0,1267.0
3834,2020-06-08,1247.0,1378.0,1247.0,1277.0,1124628866072,89948628,12859,1312.0,1247.0
3835,2020-06-09,1248.0,1302.0,1214.0,1240.0,1194222455393,98391351,11872,1277.0,1217.0
3836,2020-06-10,1239.0,1302.0,1236.0,1284.0,1548577590916,123173808,15121,1240.0,1302.0
3837,2020-06-13,1338.0,1349.0,1313.0,1344.0,1515297709860,115199570,14158,1284.0,1347.0
3838,2020-06-14,1359.0,1359.0,1277.0,1290.0,1258870362760,99670511,14295,1344.0,1308.0
3839,2020-06-15,1292.0,1322.0,1226.0,1257.0,1162818656820,94576445,15882,1290.0,1257.0
3840,2020-06-16,1257.0,1313.0,1211.0,1282.0,905565799040,72169257,12704,1257.0,1310.0
3841,2020-06-20,1328.0,1346.0,1307.0,1342.0,1190554784020,90604980,7023,1282.0,1346.0
3842,2020-06-21,1409.0,1409.0,1380.0,1408.0,1756549872690,127486695,13457,1342.0,1409.0
3843,2020-06-22,1471.0,1477.0,1420.0,1475.0,1348786415870,93412745,7791,1408.0,1477.0
3844,2020-06-23,1549.0,1549.0,1477.0,1538.0,1338487654330,88939193,9675,1475.0,1500.0
3845,2020-06-24,1490.0,1614.0,1489.0,1590.0,1258559331250,80866027,7770,1538.0,1614.0
3846,2020-06-27,1651.0,1668.0,1648.0,1666.0,1564299548360,95902744,7475,1590.0,1668.0
3847,2020-06-28,1749.0,1749.0,1594.0,1714.0,3027214548190,180425481,21025,1666.0,1649.0
3848,2020-06-29,1631.0,1713.0,1630.0,1646.0,2059989751040,127885299,17653,1714.0,1651.0
3849,2020-06-30,1681.0,1728.0,1681.0,1727.0,1189840833200,70415118,7236,1646.0,1728.0
3850,2020-07-01,1812.0,1812.0,1812.0,1812.0,942355665380,53120387,6473,1727.0,1812.0
3851,2020-07-04,1839.0,1839.0,1723.0,1736.0,2702299435310,159032081,23277,1812.0,1723.0
3852,2020-07-05,1665.0,1822.0,1665.0,1795.0,1731630520260,98581000,12607,1736.0,1822.0
3853,2020-07-06,1879.0,1884.0,1859.0,1883.0,1145394169250,62155371,7765,1795.0,1884.0
3854,2020-07-07,1954.0,1954.0,1912.0,1944.0,114822203280,6010004,1460,1883.0,1933.0
3855,2020-07-19,2050.0,2091.0,2050.0,2066.0,769028672280,38944460,5277,1944.0,2060.0
3856,2020-07-20,2071.0,2168.0,1987.0,2112.0,3394068206090,168137784,29510,2066.0,2012.0
3857,2020-07-21,2007.0,2071.0,2007.0,2013.0,2072622473570,107677951,16808,2112.0,2007.0
3858,2020-07-22,1913.0,1913.0,1913.0,1959.0,153689187320,8402908,2490,2013.0,1913.0
3859,2020-07-25,1914.0,2029.0,1862.0,1898.0,2836589232490,156296039,26050,1959.0,1864.0
3860,2020-07-26,1841.0,1883.0,1804.0,1811.0,1323966633870,76456311,13398,1898.0,1804.0
3861,2020-07-27,1748.0,1804.0,1721.0,1739.0,1304774182220,78460703,16581,1811.0,1721.0
3862,2020-07-28,1747.0,1826.0,1747.0,1801.0,1112141702710,64569945,13562,1739.0,1766.0
3863,2020-07-29,1775.0,1777.0,1711.0,1725.0,999854991880,60627215,12776,1801.0,1759.0
3864,2020-08-01,1792.0,1810.0,1792.0,1808.0,696486252200,40274558,8705,1725.0,1810.0
3865,2020-08-02,1898.0,1898.0,1826.0,1892.0,2316470017090,128036883,22116,1808.0,1860.0
3866,2020-08-03,1892.0,1892.0,1842.0,1864.0,770918390240,43257774,13020,1892.0,1862.0
3867,2020-08-04,1862.0,1905.0,1799.0,1857.0,1326018252740,74674051,16419,1864.0,1851.0
3868,2020-08-05,1861.0,1949.0,1860.0,1944.0,1046096820120,56268697,5886,1857.0,1949.0
3869,2020-08-09,2040.0,2040.0,2040.0,2040.0,495037102060,25373506,2342,1944.0,2040.0
3870,2020-08-10,2142.0,2142.0,2045.0,2136.0,7694673015260,376735902,37105,2040.0,2142.0
3871,2020-08-11,2092.0,2174.0,2029.0,2065.0,2489919872770,126125497,18522,2136.0,2082.0
3872,2020-08-12,2167.0,2167.0,1964.0,2092.0,2172333801320,108619700,17218,2065.0,2023.0
3873,2020-08-15,2010.0,2037.0,1987.0,1990.0,561849731550,29526437,4093,2092.0,1987.0
3874,2020-08-16,1906.0,1965.0,1891.0,1899.0,486938930970,26814442,3608,1990.0,1891.0
3875,2020-08-17,1805.0,1896.0,1805.0,1828.0,1548638396050,88589746,12680,1899.0,1807.0
3876,2020-08-18,1918.0,1919.0,1815.0,1897.0,1470852103980,81076683,11826,1828.0,1817.0
3877,2020-08-19,1803.0,1803.0,1803.0,1803.0,345726736200,20053755,2184,1897.0,1803.0
3878,2020-08-22,1804.0,1892.0,1713.0,1731.0,1446683975490,87390032,9604,1803.0,1728.0
3879,2020-08-23,1710.0,1726.0,1645.0,1649.0,885890301890,56175535,4854,1731.0,1645.0
3880,2020-08-24,1601.0,1731.0,1568.0,1586.0,2096795068850,138335027,10013,1649.0,1663.0
3881,2020-08-25,1664.0,1664.0,1664.0,1664.0,197531034570,12415527,1116,1586.0,1664.0
3882,2020-08-26,1747.0,1747.0,1747.0,1747.0,534451920300,32003109,1552,1664.0,1747.0
3883,2020-08-31,1833.0,1833.0,1660.0,1752.0,1492516345400,89097128,13192,1747.0,1735.0
3884,2020-09-01,1694.0,1757.0,1665.0,1689.0,965731184800,59799631,7614,1752.0,1665.0
3885,2020-09-02,1652.0,1655.0,1605.0,1609.0,1046469334800,68023992,7031,1689.0,1642.0
3886,2020-09-05,1662.0,1688.0,1612.0,1674.0,682421509200,42633601,7166,1609.0,1688.0
3887,2020-09-06,1743.0,1758.0,1658.0,1729.0,1037003923910,62738855,9297,1674.0,1690.0
3888,2020-09-07,1654.0,1726.0,1643.0,1647.0,277856520460,17637987,2330,1729.0,1643.0
3889,2020-09-08,1566.0,1566.0,1566.0,1566.0,227647293000,15206900,930,1647.0,1566.0
3890,2020-09-09,1488.0,1643.0,1488.0,1582.0,1373746328470,90789343,8198,1566.0,1643.0
3891,2020-09-12,1661.0,1661.0,1651.0,1661.0,548530224880,34543360,3473,1582.0,1661.0
3892,2020-09-13,1664.0,1743.0,1578.0,1682.0,1124285572340,69898882,9399,1661.0,1743.0
3893,2020-09-14,1724.0,1765.0,1684.0,1760.0,498705814550,29630831,3162,1682.0,1765.0
3894,2020-09-15,1848.0,1848.0,1848.0,1848.0,358058624820,20263646,1464,1760.0,1848.0
3895,2020-09-16,1940.0,1940.0,1930.0,1940.0,1944093271140,104803057,10151,1848.0,1940.0
3896,2020-09-19,1930.0,2036.0,1855.0,2001.0,1419426181850,74214260,13617,1940.0,1987.0
3897,2020-09-20,1977.0,1998.0,1901.0,1925.0,311097133540,16897025,3753,2001.0,1901.0
3898,2020-09-21,1829.0,1849.0,1829.0,1829.0,317135675050,18131957,2357,1925.0,1829.0
3899,2020-09-22,1871.0,1903.0,1738.0,1802.0,1118919138350,64947220,8594,1829.0,1866.0
3900,2020-09-23,1855.0,1892.0,1773.0,1856.0,603034531140,33978262,6910,1802.0,1883.0
3901,2020-09-26,1924.0,1948.0,1883.0,1937.0,1187219978820,64098850,9447,1856.0,1948.0
3902,2020-09-27,1937.0,1937.0,1841.0,1851.0,135881452710,7678407,1353,1937.0,1841.0
3903,2020-09-28,1759.0,1759.0,1759.0,1820.0,38501417320,2289026,334,1851.0,1759.0
3904,2020-09-29,1729.0,1872.0,1729.0,1744.0,1229345350510,73714963,8093,1820.0,1757.0
3905,2020-09-30,1759.0,1827.0,1685.0,1761.0,437457899940,25983037,5061,1744.0,1799.0
3906,2020-10-03,1815.0,1849.0,1761.0,1831.0,522956904090,29863111,6444,1761.0,1815.0
3907,2020-10-04,1804.0,1830.0,1740.0,1762.0,977633725510,58023421,6120,1831.0,1740.0
3908,2020-10-05,1689.0,1741.0,1674.0,1681.0,491726954470,30603960,3659,1762.0,1674.0
3909,2020-10-06,1652.0,1718.0,1637.0,1672.0,239684493970,14989822,3074,1681.0,1658.0
3910,2020-11-14,1415.0,1485.0,1415.0,1460.0,2628610140190,188293109,17955,1672.0,1463.0
3911,2020-11-15,1472.0,1492.0,1388.0,1398.0,2737277995590,204719664,20329,1460.0,1389.0
3912,2020-11-16,1346.0,1428.0,1332.0,1390.0,684984529960,51523807,9210,1398.0,1381.0
3913,2020-11-17,1361.0,1458.0,1360.0,1431.0,897483445680,65599473,9443,1390.0,1456.0
3914,2020-11-18,1475.0,1502.0,1433.0,1491.0,910726542810,63887666,7947,1431.0,1502.0
3915,2020-11-21,1566.0,1566.0,1520.0,1561.0,1870131639960,125292848,10263,1491.0,1529.0
3916,2020-11-22,1522.0,1630.0,1484.0,1559.0,1171158391730,78561912,10025,1561.0,1564.0
3917,2020-11-23,1564.0,1595.0,1496.0,1535.0,737098309630,50197521,8664,1559.0,1520.0
3918,2020-11-24,1527.0,1527.0,1459.0,1465.0,707444148390,50493594,5695,1535.0,1459.0
3919,2020-11-25,1394.0,1490.0,1394.0,1441.0,672290170060,48797892,7612,1465.0,1432.0
3920,2020-11-28,1400.0,1464.0,1375.0,1426.0,677903807590,49721233,10059,1441.0,1453.0
3921,2020-11-29,1459.0,1497.0,1422.0,1466.0,909471945250,64884406,10234,1426.0,1497.0
3922,2020-11-30,1516.0,1540.0,1485.0,1533.0,898890300970,61321365,6809,1466.0,1540.0
3923,2020-12-01,1548.0,1610.0,1505.0,1588.0,1246297887500,82112034,12106,1533.0,1567.0
3924,2020-12-02,1569.0,1605.0,1509.0,1550.0,695655575990,46930691,9387,1588.0,1518.0
3925,2020-12-05,1504.0,1616.0,1485.0,1579.0,729853835160,48325909,6584,1550.0,1589.0
3926,2020-12-06,1620.0,1658.0,1611.0,1656.0,1354042456020,85542057,9685,1579.0,1658.0
3927,2020-12-07,1681.0,1683.0,1573.0,1609.0,916001636990,59542263,10294,1656.0,1573.0
3928,2020-12-08,1609.0,1640.0,1532.0,1588.0,548211026210,36113480,6214,1609.0,1599.0
3929,2020-12-09,1602.0,1637.0,1548.0,1588.0,453688263380,29884909,6038,1588.0,1591.0
3930,2020-12-12,1636.0,1666.0,1597.0,1652.0,934333502300,59146496,9618,1588.0,1612.0
3931,2020-12-13,1600.0,1642.0,1570.0,1586.0,516216291350,34062210,6475,1652.0,1571.0
3932,2020-12-14,1571.0,1590.0,1507.0,1519.0,595043338180,40984556,5194,1586.0,1507.0
3933,2020-12-15,1443.0,1485.0,1443.0,1443.0,814039590720,58982206,4208,1519.0,1443.0
3934,2020-12-16,1377.0,1501.0,1377.0,1461.0,490168253520,35095242,6024,1443.0,1482.0
3935,2020-12-19,1527.0,1533.0,1492.0,1528.0,993029077110,67947157,6909,1461.0,1533.0
3936,2020-12-20,1533.0,1567.0,1457.0,1510.0,632717329600,43803906,5543,1528.0,1519.0
3937,2020-12-21,1497.0,1536.0,1464.0,1499.0,298693472350,20844512,3615,1510.0,1483.0
3938,2020-12-22,1465.0,1519.0,1459.0,1491.0,403294935440,28277740,5145,1499.0,1505.0
3939,2020-12-23,1496.0,1519.0,1463.0,1488.0,446009363490,31332492,6391,1491.0,1480.0
3940,2020-12-26,1485.0,1523.0,1427.0,1464.0,328283755370,23455489,5258,1488.0,1456.0
3941,2020-12-27,1449.0,1485.0,1401.0,1434.0,280088573330,20428283,4493,1464.0,1422.0
3942,2020-12-28,1451.0,1484.0,1426.0,1462.0,269121596310,19254061,3734,1434.0,1462.0
3943,2020-12-29,1464.0,1475.0,1401.0,1419.0,380258514010,28024908,4182,1462.0,1435.0
3944,2020-12-30,1418.0,1444.0,1349.0,1379.0,467882032700,35477246,5410,1419.0,1352.0
3945,2021-01-02,1328.0,1352.0,1312.0,1317.0,470283651230,37363315,4209,1379.0,1328.0
3946,2021-01-03,1322.0,1360.0,1318.0,1339.0,238445887620,18625123,3692,1317.0,1354.0
3947,2021-01-04,1379.0,1406.0,1345.0,1381.0,195644761240,14820572,3868,1339.0,1370.0
3948,2021-01-05,1360.0,1422.0,1312.0,1335.0,271107519710,21254769,3756,1381.0,1314.0
3949,2021-01-06,1295.0,1344.0,1269.0,1276.0,292549349320,23983969,3867,1335.0,1272.0
3950,2021-01-09,1271.0,1293.0,1219.0,1230.0,285188298870,24247359,3499,1276.0,1227.0
3951,2021-01-10,1234.0,1282.0,1213.0,1244.0,164306868280,13823619,3239,1230.0,1246.0
3952,2021-01-11,1271.0,1271.0,1196.0,1225.0,172241023690,14710004,2902,1244.0,1202.0
3953,2021-01-12,1192.0,1202.0,1164.0,1166.0,292401054740,26214714,2911,1225.0,1164.0
3954,2021-01-13,1150.0,1202.0,1115.0,1139.0,192014454660,17634542,3196,1166.0,1130.0
3955,2021-01-16,1119.0,1128.0,1082.0,1084.0,420376604920,40582108,3181,1139.0,1082.0
3956,2021-01-18,1035.0,1074.0,1030.0,1033.0,410099286710,41508680,3981,1084.0,1030.0
3957,2021-01-19,983.0,1085.0,983.0,1051.0,193224733490,19228840,2510,1033.0,1085.0
3958,2021-01-20,1103.0,1103.0,1103.0,1098.0,105128903750,9964825,866,1051.0,1103.0
3959,2021-01-23,1153.0,1153.0,1153.0,1120.0,51974827180,4716409,401,1098.0,1153.0
3960,2021-01-24,1176.0,1176.0,1130.0,1171.0,838908174690,74889162,6198,1120.0,1176.0
3961,2021-01-25,1177.0,1230.0,1142.0,1221.0,370207292650,31727005,8566,1171.0,1230.0
3962,2021-01-26,1281.0,1281.0,1177.0,1248.0,584040397510,48966849,6598,1221.0,1202.0
3963,2021-01-27,1232.0,1265.0,1190.0,1224.0,319771083510,27319493,3845,1248.0,1214.0
3964,2021-01-30,1215.0,1284.0,1208.0,1261.0,536148772500,44442632,6482,1224.0,1284.0
3965,2021-01-31,1286.0,1300.0,1199.0,1235.0,427649086190,36203536,4978,1261.0,1204.0
3966,2021-02-01,1184.0,1245.0,1173.0,1184.0,381742643630,33723361,3947,1235.0,1173.0
3967,2021-02-02,1140.0,1169.0,1125.0,1139.0,341886253580,31392999,4239,1184.0,1132.0
3968,2021-02-03,1122.0,1161.0,1082.0,1094.0,348317370080,33296096,3090,1139.0,1082.0
3969,2021-02-06,1088.0,1095.0,1040.0,1043.0,338422282500,33950507,3127,1094.0,1040.0
3970,2021-02-07,1048.0,1094.0,1048.0,1092.0,123550557930,11834198,1124,1043.0,1094.0
3971,2021-02-08,1146.0,1146.0,1146.0,1132.0,92025409840,8396479,499,1092.0,1146.0
3972,2021-02-09,1166.0,1188.0,1141.0,1186.0,501117864730,44185665,3736,1132.0,1188.0
3973,2021-02-13,1257.0,1257.0,1255.0,1257.0,420855268930,35012971,2262,1186.0,1257.0
3974,2021-02-14,1332.0,1332.0,1242.0,1287.0,565605212340,45957872,5684,1257.0,1265.0
3975,2021-02-15,1271.0,1310.0,1262.0,1269.0,385249848660,31761363,3767,1287.0,1267.0
3976,2021-02-16,1265.0,1274.0,1244.0,1249.0,217633386990,18229930,1873,1269.0,1244.0
3977,2021-02-17,1227.0,1265.0,1225.0,1228.0,164716947030,14034310,1827,1249.0,1228.0
3978,2021-02-20,1219.0,1255.0,1204.0,1218.0,264493351780,22702668,3034,1228.0,1236.0
3979,2021-02-21,1202.0,1228.0,1194.0,1195.0,147674686720,12914669,1596,1218.0,1194.0
3980,2021-02-22,1172.0,1194.0,1172.0,1173.0,179846335700,16029193,1432,1195.0,1172.0
3981,2021-02-23,1150.0,1235.0,1150.0,1192.0,282898254830,24813042,3938,1173.0,1225.0
3982,2021-02-24,1205.0,1237.0,1170.0,1196.0,233818373040,20435723,3437,1192.0,1195.0
3983,2021-02-27,1173.0,1178.0,1173.0,1173.0,115517104980,10295472,949,1196.0,1173.0
3984,2021-02-28,1150.0,1150.0,1150.0,1166.0,35444915000,3222265,330,1173.0,1150.0
3985,2021-03-01,1143.0,1178.0,1143.0,1157.0,196266079570,17741505,2238,1166.0,1171.0
3986,2021-03-02,1153.0,1194.0,1145.0,1163.0,124271432430,11174492,1537,1157.0,1160.0
3987,2021-03-03,1150.0,1173.0,1140.0,1141.0,119582266180,10964162,1101,1163.0,1141.0
3988,2021-03-06,1119.0,1145.0,1119.0,1121.0,253819097120,23672624,1648,1141.0,1124.0
3989,2021-03-07,1100.0,1171.0,1100.0,1139.0,162962843170,14964312,2107,1121.0,1162.0
3990,2021-03-08,1181.0,1207.0,1162.0,1205.0,412560800510,35808049,3613,1139.0,1207.0
3991,2021-03-09,1205.0,1277.0,1203.0,1224.0,247023555190,21113869,2603,1205.0,1216.0
3992,2021-03-10,1224.0,1244.0,1204.0,1228.0,252589602330,21523851,2007,1224.0,1239.0
3993,2021-03-13,1218.0,1301.0,1218.0,1286.0,315561828270,25645558,3514,1228.0,1301.0
3994,2021-03-14,1302.0,1363.0,1288.0,1329.0,193651531350,15231565,3261,1286.0,1320.0
3995,2021-03-15,1308.0,1409.0,1308.0,1378.0,327137652420,24828996,4104,1329.0,1398.0
3996,2021-03-16,1412.0,1461.0,1388.0,1436.0,601591727800,43831252,4548,1378.0,1459.0
3997,2021-03-17,1479.0,1479.0,1408.0,1437.0,332325615320,24182012,3309,1436.0,1434.0
3998,2021-03-27,1410.0,1475.0,1409.0,1413.0,230224910370,17037994,2648,1437.0,1409.0
3999,2021-03-28,1408.0,1427.0,1385.0,1386.0,157882352920,11912382,1404,1413.0,1385.0
4000,2021-03-30,1359.0,1406.0,1359.0,1365.0,111105047860,8515740,1727,1386.0,1359.0
4001,2021-03-31,1341.0,1377.0,1338.0,1343.0,96563137830,7539898,1291,1365.0,1339.0
4002,2021-04-03,1317.0,1317.0,1317.0,1326.0,76438875640,6071396,408,1343.0,1317.0
4003,2021-04-04,1300.0,1302.0,1300.0,1300.0,206110678780,16581659,998,1326.0,1300.0
4004,2021-04-05,1275.0,1302.0,1275.0,1279.0,217074550890,17748485,2041,1300.0,1302.0
4005,2021-04-06,1281.0,1327.0,1254.0,1275.0,109045180680,8947207,2005,1279.0,1256.0
4006,2021-04-07,1254.0,1257.0,1250.0,1251.0,106097857230,8876208,920,1275.0,1250.0
4007,2021-04-10,1227.0,1229.0,1227.0,1246.0,25302179840,2157016,242,1251.0,1227.0
4008,2021-04-11,1222.0,1227.0,1222.0,1222.0,118492072850,10144065,887,1246.0,1222.0
4009,2021-04-12,1198.0,1218.0,1198.0,1199.0,204049010160,17810784,1716,1222.0,1201.0
4010,2021-04-13,1242.0,1255.0,1217.0,1236.0,164926928700,13957931,2372,1199.0,1228.0
4011,2021-04-14,1234.0,1260.0,1212.0,1229.0,188567307310,16043952,1932,1236.0,1212.0
4012,2021-04-17,1205.0,1212.0,1205.0,1210.0,92177439340,8001479,672,1229.0,1205.0
4013,2021-04-18,1186.0,1186.0,1186.0,1200.0,51406975620,4533243,470,1210.0,1186.0
4014,2021-04-26,1170.0,1207.0,1141.0,1178.0,83197503220,10883319,1286,1200.0,1170.0
4015,2021-04-27,1144.0,1223.0,1144.0,1181.0,140065846860,18276494,2241,1178.0,1172.0
4016,2021-04-28,1181.0,1206.0,1156.0,1184.0,87574396520,11403309,1652,1181.0,1195.0
4017,2021-05-01,1187.0,1195.0,1149.0,1163.0,79529785360,10640721,1049,1184.0,1149.0
4018,2021-05-02,1129.0,1129.0,1129.0,1152.0,36709002120,5014891,398,1163.0,1129.0
4019,2021-05-03,1118.0,1118.0,1118.0,1143.0,32840593250,4529737,269,1152.0,1118.0
4020,2021-05-05,1109.0,1164.0,1109.0,1124.0,191020639550,26214327,2390,1143.0,1121.0
4021,2021-05-08,1113.0,1124.0,1092.0,1102.0,89956699880,12651208,1311,1124.0,1092.0
4022,2021-05-09,1073.0,1078.0,1070.0,1072.0,146427967760,21083747,1311,1102.0,1072.0
4023,2021-05-10,1041.0,1113.0,1041.0,1079.0,106522990620,15202952,1505,1072.0,1110.0
4024,2021-05-11,1124.0,1144.0,1096.0,1141.0,244109901170,32965893,1999,1079.0,1144.0
4025,2021-05-12,1200.0,1200.0,1135.0,1172.0,164424456690,21633526,2280,1141.0,1172.0
4026,2021-05-15,1126.0,1230.0,1126.0,1224.0,203301503690,25592688,1297,1172.0,1230.0
4027,2021-05-16,1246.0,1258.0,1204.0,1243.0,228220305070,28321703,2764,1224.0,1235.0
4028,2021-05-17,1213.0,1244.0,1203.0,1234.0,61404135980,7726458,1066,1243.0,1215.0
4029,2021-05-18,1207.0,1295.0,1207.0,1291.0,398973951880,47649159,3806,1234.0,1292.0
4030,2021-05-19,1284.0,1312.0,1227.0,1258.0,114122035940,14024584,1703,1291.0,1238.0
4031,2021-05-22,1203.0,1237.0,1197.0,1198.0,126530535920,16293622,661,1258.0,1197.0
4032,2021-05-23,1164.0,1195.0,1139.0,1170.0,79939512790,10637737,1392,1198.0,1141.0
4033,2021-05-24,1127.0,1184.0,1127.0,1161.0,87878906210,11689886,1169,1170.0,1167.0
4034,2021-05-25,1144.0,1212.0,1144.0,1175.0,71734008360,9354591,1195,1161.0,1180.0
4035,2021-05-26,1189.0,1195.0,1160.0,1175.0,51608886920,6765418,1001,1175.0,1178.0
4036,2021-05-29,1167.0,1234.0,1167.0,1227.0,162172957200,20384802,1273,1175.0,1234.0
4037,2021-05-30,1287.0,1287.0,1237.0,1272.0,213534997060,25884318,2579,1227.0,1261.0
4038,2021-05-31,1272.0,1301.0,1238.0,1267.0,103151399180,12559557,1100,1272.0,1252.0
4039,2021-06-01,1238.0,1284.0,1238.0,1264.0,47206915760,5785262,792,1267.0,1246.0
4040,2021-06-02,1250.0,1286.0,1250.0,1271.0,118601798920,14384367,1227,1264.0,1272.0
4041,2021-06-07,1292.0,1292.0,1257.0,1271.0,88691116590,10766309,1442,1271.0,1261.0
4042,2021-06-08,1269.0,1281.0,1229.0,1261.0,109184946900,13362600,1487,1271.0,1243.0
4043,2021-06-09,1244.0,1249.0,1215.0,1247.0,54022469530,6758030,825,1261.0,1230.0
4044,2021-06-12,1212.0,1246.0,1210.0,1229.0,72794375620,9214255,819,1247.0,1220.0
4045,2021-06-13,1220.0,1238.0,1206.0,1226.0,78227996580,9845564,867,1229.0,1226.0
4046,2021-06-14,1221.0,1243.0,1210.0,1227.0,85064277870,10681325,1202,1226.0,1227.0
4047,2021-06-15,1238.0,1238.0,1209.0,1221.0,72258238790,9145537,977,1227.0,1217.0
4048,2021-06-16,1210.0,1229.0,1203.0,1218.0,52973624220,6728842,867,1221.0,1215.0
4049,2021-06-19,1221.0,1250.0,1206.0,1237.0,155004395800,19334372,1530,1218.0,1247.0
4050,2021-06-20,1250.0,1258.0,1226.0,1238.0,142562624510,17746462,1586,1237.0,1234.0
4051,2021-06-21,1244.0,1249.0,1227.0,1240.0,229173984480,28496787,1237,1238.0,1247.0
4052,2021-06-22,1234.0,1301.0,1234.0,1277.0,218426038100,26378237,1721,1240.0,1301.0
4053,2021-06-23,1340.0,1340.0,1303.0,1332.0,426165817050,49341430,3035,1277.0,1340.0
4054,2021-06-26,1397.0,1397.0,1341.0,1380.0,340740842000,38052027,3161,1332.0,1371.0
4055,2021-06-27,1341.0,1403.0,1335.0,1383.0,245517296630,27382862,2590,1380.0,1385.0
4056,2021-06-28,1368.0,1451.0,1360.0,1419.0,598281561250,65018745,2886,1383.0,1451.0
4057,2021-06-29,1489.0,1489.0,1451.0,1483.0,923726209410,96002500,5881,1419.0,1466.0
4058,2021-06-30,1476.0,1500.0,1445.0,1486.0,588186609980,61027840,3020,1483.0,1480.0
4059,2021-07-03,1451.0,1480.0,1431.0,1446.0,296936197740,31670147,2580,1486.0,1440.0
4060,2021-07-12,1504.0,1517.0,1477.0,1496.0,225597947430,24245847,1798,1446.0,1514.0
4061,2021-07-13,1469.0,1570.0,1469.0,1569.0,1093967559500,112201977,4934,1496.0,1570.0
4062,2021-07-14,1570.0,1596.0,1549.0,1577.0,451639769680,46090550,3869,1569.0,1593.0
4063,2021-07-26,1665.0,1710.0,1655.0,1668.0,227318932780,21910385,1168,1577.0,1673.0
4064,2021-07-27,1699.0,1750.0,1667.0,1742.0,1848287471360,170606013,8990,1668.0,1697.0
4065,2021-07-28,1684.0,1734.0,1668.0,1694.0,548241610820,52075669,4455,1742.0,1705.0
4066,2021-07-31,1734.0,1776.0,1683.0,1752.0,503564017910,46251132,3899,1694.0,1760.0
4067,2021-08-01,1786.0,1820.0,1707.0,1774.0,511135622650,46361009,4026,1752.0,1773.0
4068,2021-08-02,1773.0,1820.0,1747.0,1783.0,235744870760,21276892,2447,1774.0,1818.0
4069,2021-08-03,1823.0,1871.0,1797.0,1868.0,849448865110,73139836,3638,1783.0,1871.0
4070,2021-08-04,1927.0,1961.0,1847.0,1953.0,542874673930,44710448,3055,1868.0,1961.0
4071,2021-08-07,2025.0,2035.0,1914.0,1948.0,551511391930,45541913,5392,1953.0,1937.0
4072,2021-08-08,1902.0,1945.0,1902.0,1923.0,284357398770,23801617,3111,1948.0,1931.0
4073,2021-08-09,1931.0,1995.0,1895.0,1956.0,292754062890,24069408,2948,1923.0,1956.0
4074,2021-08-10,1958.0,2024.0,1911.0,1964.0,540794788180,44300594,3975,1956.0,2008.0
4075,2021-08-11,2025.0,2043.0,1969.0,2000.0,395078048650,31790304,3495,1964.0,2019.0
4076,2021-08-14,1990.0,2021.0,1931.0,1979.0,400085515650,32521495,3768,2000.0,2021.0
4077,2021-08-15,2019.0,2077.0,1979.0,2050.0,417154565860,32754577,3251,1979.0,2077.0
4078,2021-08-22,2091.0,2091.0,2017.0,2040.0,431143736240,34004994,4467,2050.0,2043.0
4079,2021-08-23,2000.0,2037.0,1961.0,1995.0,589382166530,47515073,4297,2040.0,1993.0
4080,2021-08-24,1966.0,2059.0,1966.0,2025.0,440124894560,34958851,3163,1995.0,2021.0
4081,2021-08-25,2013.0,2090.0,2013.0,2037.0,491210176410,38813805,3213,2025.0,2043.0
4082,2021-08-28,2003.0,2069.0,2003.0,2046.0,406143333890,31928558,3728,2037.0,2050.0
4083,2021-08-29,2087.0,2148.0,1945.0,2091.0,582424035120,44792946,4621,2046.0,2048.0
4084,2021-08-30,1992.0,2087.0,1987.0,2013.0,513841873060,41062449,2718,2091.0,1987.0
4085,2021-08-31,1918.0,2022.0,1913.0,1935.0,539431511330,44847266,4551,2013.0,1929.0
4086,2021-09-01,1988.0,1995.0,1932.0,1961.0,263123505420,21593518,2781,1935.0,1995.0
4087,2021-09-04,1961.0,2013.0,1937.0,1960.0,340883308510,27998179,3307,1961.0,1979.0
4088,2021-09-05,1919.0,1977.0,1895.0,1919.0,196675515190,16480820,2609,1960.0,1911.0
4089,2021-09-06,1926.0,1931.0,1857.0,1897.0,296316258950,25133917,2967,1919.0,1860.0
4090,2021-09-07,1860.0,1932.0,1828.0,1890.0,488158460410,41541483,2999,1897.0,1890.0
4091,2021-09-08,1850.0,1903.0,1850.0,1876.0,169733089370,14562384,2523,1890.0,1897.0
4092,2021-09-11,1887.0,1931.0,1848.0,1879.0,216419670450,18531510,1964,1876.0,1882.0
4093,2021-09-12,1837.0,1879.0,1786.0,1792.0,363462670840,32616261,4128,1879.0,1800.0
4094,2021-09-13,1754.0,1818.0,1704.0,1760.0,237569854290,21706498,2145,1792.0,1773.0
4095,2021-09-14,1770.0,1842.0,1762.0,1802.0,114449658320,10215499,1830,1760.0,1800.0
4096,2021-09-15,1771.0,1820.0,1766.0,1794.0,199768534180,17920730,1848,1802.0,1794.0
4097,2021-09-18,1728.0,1770.0,1705.0,1710.0,258602364480,24329358,2033,1794.0,1705.0
4098,2021-09-19,1673.0,1704.0,1625.0,1633.0,269347212760,26529757,2433,1710.0,1641.0
4099,2021-09-20,1649.0,1688.0,1633.0,1647.0,101457302120,9898819,1219,1633.0,1665.0
4100,2021-09-21,1641.0,1667.0,1565.0,1573.0,262884472060,26892566,2210,1647.0,1575.0
4101,2021-09-22,1573.0,1631.0,1541.0,1591.0,187611105060,18960356,2391,1573.0,1631.0
4102,2021-09-25,1641.0,1670.0,1609.0,1649.0,158504822570,15465868,2646,1591.0,1668.0
4103,2021-09-26,1683.0,1683.0,1606.0,1630.0,110275533910,10902887,2007,1649.0,1626.0
4104,2021-09-28,1612.0,1657.0,1609.0,1630.0,140772973000,13899499,1993,1630.0,1641.0
4105,2021-09-29,1644.0,1684.0,1609.0,1641.0,181740116900,17811816,2311,1630.0,1678.0
4106,2021-10-02,1657.0,1723.0,1657.0,1721.0,628660628890,58727519,3150,1641.0,1723.0
4107,2021-10-03,1754.0,1797.0,1731.0,1763.0,322106821010,29381747,4465,1721.0,1754.0
4108,2021-10-04,1787.0,1789.0,1717.0,1744.0,201161575900,18550510,3118,1763.0,1721.0
4109,2021-10-06,1717.0,1766.0,1715.0,1739.0,68947300440,6395058,1655,1744.0,1736.0
4110,2021-10-09,1747.0,1754.0,1652.0,1676.0,147013759530,14110461,1910,1739.0,1660.0
4111,2021-10-10,1609.0,1689.0,1609.0,1670.0,70051080970,6766651,1299,1676.0,1688.0
4112,2021-10-11,1718.0,1718.0,1670.0,1678.0,84837903870,8116861,1232,1670.0,1675.0
4113,2021-10-12,1617.0,1689.0,1594.0,1638.0,269327663820,26460524,2136,1678.0,1668.0
4114,2021-10-13,1659.0,1659.0,1607.0,1622.0,116533857790,11565226,1382,1638.0,1652.0
4115,2021-10-16,1673.0,1702.0,1657.0,1702.0,160644803430,15188405,808,1622.0,1702.0
4116,2021-10-17,1768.0,1768.0,1702.0,1723.0,210498196250,19649784,2097,1702.0,1712.0
4117,2021-10-18,1715.0,1776.0,1689.0,1741.0,238777055800,22067166,1941,1723.0,1774.0
4118,2021-10-19,1770.0,1799.0,1737.0,1755.0,103550735160,9469032,1324,1741.0,1742.0
4119,2021-10-20,1754.0,1755.0,1712.0,1744.0,55182518090,5131146,877,1755.0,1712.0
4120,2021-10-23,1707.0,1742.0,1657.0,1672.0,188637453860,18163174,1654,1744.0,1681.0
4121,2021-10-25,1649.0,1668.0,1625.0,1636.0,194444935220,19120243,1469,1672.0,1625.0
4122,2021-10-26,1663.0,1673.0,1609.0,1638.0,72637569360,7134971,1183,1636.0,1660.0
4123,2021-10-27,1657.0,1688.0,1622.0,1654.0,104088135970,10119611,1766,1638.0,1659.0
4124,2021-10-30,1657.0,1681.0,1601.0,1636.0,78768677570,7788668,1565,1654.0,1654.0
4125,2021-10-31,1617.0,1644.0,1556.0,1569.0,204297978800,20951582,2107,1636.0,1559.0
4126,2021-11-01,1585.0,1635.0,1569.0,1585.0,71783047970,7245066,1537,1569.0,1594.0
4127,2021-11-02,1586.0,1631.0,1586.0,1606.0,100679817420,10061922,1870,1585.0,1614.0
4128,2021-11-03,1626.0,1684.0,1609.0,1654.0,137744484970,13398123,1502,1606.0,1684.0
4129,2021-11-06,1705.0,1736.0,1683.0,1734.0,136675020220,12680682,915,1654.0,1736.0
4130,2021-11-07,1786.0,1786.0,1707.0,1737.0,252745604960,23406978,2374,1734.0,1721.0
4131,2021-11-08,1709.0,1754.0,1705.0,1728.0,133651703310,12442188,2044,1737.0,1729.0
4132,2021-11-09,1737.0,1768.0,1715.0,1731.0,71326192620,6614344,1562,1728.0,1728.0
4133,2021-11-10,1700.0,1746.0,1700.0,1728.0,121701007630,11328290,2006,1731.0,1741.0
4134,2021-11-13,1717.0,1728.0,1649.0,1700.0,86108158980,8198483,1587,1728.0,1697.0
4135,2021-11-14,1705.0,1739.0,1700.0,1705.0,86537651040,8154061,1464,1700.0,1712.0
4136,2021-11-15,1705.0,1721.0,1639.0,1673.0,77639545020,7533615,1189,1705.0,1641.0
4137,2021-11-16,1712.0,1712.0,1641.0,1675.0,59127178630,5671501,878,1673.0,1670.0
4138,2021-11-17,1643.0,1673.0,1622.0,1646.0,94469865550,9266921,2242,1675.0,1636.0
4139,2021-11-20,1630.0,1636.0,1570.0,1588.0,118456586610,12004278,1700,1646.0,1578.0
4140,2021-11-21,1575.0,1615.0,1572.0,1591.0,68793315480,6951823,1244,1588.0,1607.0
4141,2021-11-22,1609.0,1644.0,1593.0,1612.0,97738152200,9728042,1767,1591.0,1638.0
4142,2021-11-23,1652.0,1652.0,1601.0,1612.0,72281454240,7218201,1463,1612.0,1601.0
4143,2021-11-24,1601.0,1614.0,1572.0,1596.0,89260440340,9024002,1092,1612.0,1614.0
4144,2021-11-27,1580.0,1581.0,1524.0,1556.0,86308343260,9001231,1800,1596.0,1525.0
4145,2021-11-28,1525.0,1564.0,1515.0,1538.0,119342325150,12489399,1320,1556.0,1525.0
4146,2021-11-29,1520.0,1557.0,1495.0,1528.0,115412613520,12148237,1550,1538.0,1546.0
4147,2021-11-30,1515.0,1551.0,1504.0,1517.0,256824620560,27236392,1222,1528.0,1528.0
4148,2021-12-01,1504.0,1536.0,1464.0,1507.0,206262673890,22002723,1236,1517.0,1490.0
4149,2021-12-04,1496.0,1512.0,1477.0,1498.0,73218324750,7896059,1123,1507.0,1503.0
4150,2021-12-05,1487.0,1519.0,1487.0,1501.0,39708972760,4233080,750,1498.0,1507.0
4151,2021-12-06,1490.0,1525.0,1487.0,1501.0,40849580980,4382384,776,1501.0,1498.0
4152,2021-12-07,1496.0,1544.0,1480.0,1507.0,68679263200,7305137,754,1501.0,1519.0
4153,2021-12-08,1519.0,1546.0,1514.0,1515.0,46365317250,4881226,654,1507.0,1527.0
4154,2021-12-11,1506.0,1527.0,1496.0,1512.0,54106585780,5772970,609,1515.0,1499.0
4155,2021-12-12,1551.0,1551.0,1472.0,1506.0,52049834800,5585551,602,1512.0,1499.0
4156,2021-12-13,1499.0,1509.0,1432.0,1453.0,172265478650,19080069,1411,1506.0,1438.0
4157,2021-12-14,1424.0,1472.0,1416.0,1450.0,69198763590,7692733,898,1453.0,1435.0
4158,2021-12-15,1450.0,1467.0,1435.0,1454.0,88010408570,9726649,891,1450.0,1462.0
4159,2021-12-18,1433.0,1485.0,1433.0,1456.0,63849540360,7054367,966,1454.0,1464.0
4160,2021-12-19,1453.0,1458.0,1419.0,1446.0,46359460450,5211876,667,1456.0,1433.0
4161,2021-12-20,1448.0,1480.0,1437.0,1454.0,98830408240,10921397,951,1446.0,1469.0
4162,2021-12-21,1458.0,1512.0,1458.0,1474.0,57147550290,6151152,1099,1454.0,1504.0
4163,2021-12-22,1511.0,1546.0,1511.0,1533.0,108155524160,11266085,712,1474.0,1546.0
4164,2021-12-25,1562.0,1609.0,1538.0,1589.0,170086125950,17222441,1693,1533.0,1577.0
4165,2021-12-26,1573.0,1598.0,1544.0,1583.0,64860091390,6618440,1083,1589.0,1593.0
4166,2021-12-27,1593.0,1649.0,1591.0,1599.0,85763731440,8581659,1293,1583.0,1598.0
4167,2021-12-28,1599.0,1631.0,1577.0,1602.0,64193489730,6436020,898,1599.0,1606.0
4168,2021-12-29,1609.0,1636.0,1572.0,1586.0,144213319960,14629647,1025,1602.0,1583.0
4169,2022-01-01,1544.0,1591.0,1528.0,1562.0,100678451490,10392002,938,1586.0,1589.0
4170,2022-01-02,1562.0,1581.0,1530.0,1559.0,59527423630,6155115,1204,1562.0,1564.0
4171,2022-01-03,1559.0,1564.0,1532.0,1551.0,83101364500,8643075,954,1559.0,1554.0
4172,2022-01-04,1532.0,1562.0,1519.0,1540.0,93617861950,9799872,851,1551.0,1541.0
4173,2022-01-05,1540.0,1567.0,1525.0,1543.0,118935485430,12399357,820,1540.0,1544.0
4174,2022-01-08,1569.0,1569.0,1511.0,1538.0,36129876420,3804216,594,1543.0,1543.0
4175,2022-01-09,1467.0,1528.0,1467.0,1522.0,41599607840,4479692,662,1538.0,1528.0
4176,2022-01-10,1506.0,1512.0,1480.0,1503.0,71925139650,7766017,721,1522.0,1493.0
4177,2022-01-11,1528.0,1538.0,1472.0,1511.0,94937460180,10093760,926,1503.0,1530.0
4178,2022-01-12,1498.0,1512.0,1483.0,1506.0,91135863920,9746543,1055,1511.0,1509.0
4179,2022-01-15,1509.0,1528.0,1466.0,1488.0,74861858290,8143942,833,1506.0,1480.0
4180,2022-01-16,1480.0,1483.0,1448.0,1474.0,91209798200,9988517,905,1488.0,1477.0
4181,2022-01-17,1459.0,1485.0,1446.0,1467.0,59279655200,6526543,984,1474.0,1456.0
4182,2022-01-18,1470.0,1470.0,1395.0,1419.0,207386331150,23524236,1317,1467.0,1401.0
4183,2022-01-19,1395.0,1441.0,1395.0,1419.0,68494650570,7758710,701,1419.0,1430.0
4184,2022-01-22,1437.0,1453.0,1401.0,1419.0,54683910650,6194443,669,1419.0,1403.0
4185,2022-01-23,1401.0,1490.0,1401.0,1438.0,345072794460,38618428,1857,1419.0,1448.0
4186,2022-01-24,1417.0,1464.0,1384.0,1437.0,79974976180,8968015,959,1438.0,1404.0
4187,2022-01-25,1408.0,1438.0,1366.0,1374.0,123075164750,14411688,735,1437.0,1366.0
4188,2022-01-26,1409.0,1448.0,1404.0,1403.0,76492536350,8664654,729,1374.0,1443.0
4189,2022-01-29,1462.0,1472.0,1417.0,1441.0,70547916740,7715337,552,1403.0,1472.0
4190,2022-01-30,1512.0,1512.0,1477.0,1509.0,145607945100,15521864,1255,1441.0,1511.0
4191,2022-01-31,1512.0,1583.0,1509.0,1528.0,158953873750,16724266,1453,1509.0,1562.0
4192,2022-02-01,1559.0,1583.0,1549.0,1562.0,144107324300,14845668,1145,1528.0,1562.0
4193,2022-02-02,1562.0,1596.0,1554.0,1567.0,94596352080,9695039,1011,1562.0,1585.0
4194,2022-02-05,1585.0,1614.0,1577.0,1598.0,112305518130,11285448,1195,1567.0,1593.0
4195,2022-02-06,1602.0,1612.0,1519.0,1567.0,402366916840,41327147,1825,1598.0,1528.0
4196,2022-02-07,1515.0,1626.0,1496.0,1591.0,322453607180,32603991,1942,1567.0,1614.0
4197,2022-02-08,1609.0,1670.0,1609.0,1665.0,592674014300,57264434,2024,1591.0,1670.0
4198,2022-02-09,1689.0,1747.0,1684.0,1715.0,413522157500,38779670,4169,1665.0,1694.0
4199,2022-02-12,1739.0,1779.0,1691.0,1744.0,524300908110,48365524,3514,1715.0,1746.0
4200,2022-02-13,1729.0,1744.0,1680.0,1713.0,281521838620,26422565,2287,1744.0,1721.0
4201,2022-02-14,1717.0,1747.0,1717.0,1723.0,101368609660,9451052,1054,1713.0,1718.0
4202,2022-02-16,1718.0,1808.0,1694.0,1776.0,425151766920,38513688,2464,1723.0,1757.0
4203,2022-02-19,1766.0,1786.0,1726.0,1758.0,270342807350,24744516,2488,1776.0,1762.0
4204,2022-02-20,1754.0,1765.0,1720.0,1741.0,147489183060,13627639,1288,1758.0,1736.0
4205,2022-02-21,1733.0,1760.0,1707.0,1744.0,241664965230,22298134,1607,1741.0,1737.0
4206,2022-02-22,1765.0,1765.0,1721.0,1744.0,154420237960,14239848,1155,1744.0,1744.0
4207,2022-02-23,1744.0,1757.0,1739.0,1746.0,138999688650,12807124,998,1744.0,1742.0
4208,2022-02-26,1746.0,1749.0,1742.0,1746.0,115492404790,10643425,962,1746.0,1746.0
4209,2022-02-27,1713.0,1771.0,1713.0,1754.0,191642313260,17588127,1386,1746.0,1768.0
4210,2022-02-28,1754.0,1786.0,1729.0,1757.0,303478576510,27784023,1842,1754.0,1770.0
4211,2022-03-02,1746.0,1834.0,1739.0,1774.0,251639455310,22808896,1497,1757.0,1754.0
4212,2022-03-05,1754.0,1807.0,1746.0,1781.0,255495743000,23081693,1737,1774.0,1784.0
4213,2022-03-06,1783.0,1866.0,1770.0,1811.0,247795966520,22012191,1972,1781.0,1840.0
4214,2022-03-07,1824.0,1902.0,1824.0,1898.0,554343363260,46972405,2777,1811.0,1881.0
4215,2022-03-08,1892.0,1979.0,1866.0,1914.0,381144267710,32019183,2327,1898.0,1903.0
4216,2022-03-09,1890.0,1942.0,1890.0,1914.0,209544181020,17606127,1723,1914.0,1942.0
4217,2022-03-12,1919.0,1932.0,1890.0,1916.0,247600235780,20780715,1842,1914.0,1918.0
4218,2022-03-13,1895.0,1963.0,1882.0,1916.0,526734981140,44235096,2025,1916.0,1932.0
4219,2022-03-14,1916.0,1982.0,1914.0,1964.0,252935865540,20722273,1794,1916.0,1947.0
4220,2022-03-15,1947.0,2001.0,1931.0,1960.0,106192872580,8723551,1601,1964.0,1939.0
4221,2022-03-16,1932.0,1964.0,1924.0,1948.0,389178076250,32128277,1936,1960.0,1964.0
4222,2022-03-19,1919.0,1995.0,1914.0,1927.0,163719970650,13666383,1681,1948.0,1923.0
4223,2022-03-26,1927.0,2001.0,1908.0,1947.0,153858969330,12718669,1365,1927.0,1969.0
4224,2022-03-27,1948.0,1990.0,1947.0,1960.0,118227450420,9705018,997,1947.0,1951.0
4225,2022-03-28,1939.0,2053.0,1935.0,2024.0,194675066420,15480545,2044,1960.0,2053.0
4226,2022-03-29,2051.0,2051.0,1964.0,2009.0,163801161960,13115403,1552,2024.0,1968.0
4227,2022-03-30,1979.0,2059.0,1960.0,2006.0,62087377060,4987128,1185,2009.0,1998.0
4228,2022-04-03,1992.0,2090.0,1966.0,2048.0,162693471450,12784334,1780,2006.0,2075.0
4229,2022-04-04,2056.0,2091.0,2011.0,2051.0,138609792970,10869027,1713,2048.0,2014.0
4230,2022-04-05,1963.0,2035.0,1956.0,1988.0,1693265275300,136967901,7861,2051.0,1976.0
4231,2022-04-06,1966.0,2003.0,1935.0,1979.0,710486791960,57757584,4536,1988.0,1953.0
4232,2022-04-09,1940.0,1969.0,1908.0,1947.0,260310936350,21508752,2733,1979.0,1948.0
4233,2022-04-10,1950.0,1974.0,1945.0,1951.0,215984694010,17806076,2308,1947.0,1947.0
4234,2022-04-11,1953.0,1955.0,1914.0,1940.0,298714358850,24773662,2951,1951.0,1921.0
4235,2022-04-12,1887.0,1921.0,1844.0,1852.0,458192385010,39815299,3523,1940.0,1844.0
4236,2022-04-13,1811.0,1908.0,1811.0,1881.0,333865381090,28547972,2893,1852.0,1900.0
4237,2022-04-16,1903.0,1931.0,1879.0,1903.0,227380948690,19227606,2244,1881.0,1882.0
4238,2022-04-17,1903.0,1905.0,1865.0,1873.0,203511512980,17477996,2448,1903.0,1903.0
4239,2022-04-18,1903.0,1924.0,1863.0,1900.0,291117764190,24655413,2480,1873.0,1865.0
4240,2022-04-19,1868.0,1906.0,1865.0,1887.0,195727770710,16691382,2101,1900.0,1894.0
4241,2022-04-20,1853.0,1898.0,1853.0,1877.0,131830477000,11292693,1910,1887.0,1868.0
4242,2022-04-24,1853.0,1879.0,1845.0,1853.0,160892827050,13966926,2286,1877.0,1861.0
4243,2022-04-25,1889.0,1889.0,1850.0,1866.0,217309221410,18731725,2229,1853.0,1858.0
4244,2022-04-26,1882.0,1903.0,1865.0,1884.0,198104727540,16918168,2217,1866.0,1871.0
4245,2022-04-27,1884.0,1898.0,1853.0,1881.0,211708915690,18117577,2242,1884.0,1884.0
4246,2022-04-30,1882.0,1895.0,1853.0,1882.0,345042015850,29479919,2524,1881.0,1866.0
4247,2022-05-01,1855.0,1884.0,1850.0,1869.0,201504899980,17338040,2025,1882.0,1877.0
4248,2022-05-02,1866.0,1929.0,1850.0,1873.0,319639748000,27463339,1951,1869.0,1873.0
4249,2022-05-07,1873.0,1884.0,1852.0,1873.0,190676997160,16382830,2172,1873.0,1876.0
4250,2022-05-08,1887.0,1894.0,1866.0,1873.0,149598709660,12850768,2237,1873.0,1871.0
4251,2022-05-09,1873.0,1887.0,1853.0,1873.0,297030827200,25514895,2594,1873.0,1877.0
4252,2022-05-10,1881.0,1892.0,1863.0,1879.0,234845620850,20103034,2283,1873.0,1865.0
4253,2022-05-11,1865.0,1992.0,1865.0,1916.0,633878486610,53240105,4226,1879.0,1931.0
4254,2022-05-14,1923.0,1982.0,1916.0,1947.0,295342629590,24404519,3441,1916.0,1927.0
4255,2022-05-15,1940.0,1961.0,1914.0,1951.0,439160580480,36207680,3160,1947.0,1956.0
4256,2022-05-16,1977.0,2017.0,1961.0,1990.0,269956645080,21816664,3418,1951.0,1982.0
4257,2022-05-17,2008.0,2051.0,2000.0,2021.0,292325594910,23272359,3054,1990.0,2022.0
4258,2022-05-18,2024.0,2061.0,1987.0,2030.0,828314228430,65620767,5144,2021.0,2030.0
4259,2022-05-28,2048.0,2051.0,1982.0,2027.0,32486678240,5588214,749,2030.0,2016.0
4260,2022-05-29,2006.0,2089.0,1975.0,2027.0,391177873240,67059352,4163,2027.0,2013.0
4261,2022-05-30,2030.0,2034.0,2002.0,2020.0,96847827180,16684431,1654,2027.0,2023.0
4262,2022-05-31,1954.0,2034.0,1954.0,2016.0,238935168100,41165546,1512,2020.0,2020.0
4263,2022-06-01,2016.0,2044.0,1985.0,2013.0,47342660850,8193994,1045,2016.0,1989.0
4264,2022-06-06,1989.0,2016.0,1929.0,1982.0,269046409280,47227642,2130,2013.0,1989.0
4265,2022-06-07,1985.0,1992.0,1947.0,1978.0,222762807390,39173305,2242,1982.0,1964.0
4266,2022-06-08,1982.0,1992.0,1957.0,1975.0,195582469110,34446228,1938,1978.0,1971.0
4267,2022-06-11,1961.0,1999.0,1923.0,1971.0,140879048850,24825114,1644,1975.0,1975.0
4268,2022-06-12,1968.0,2051.0,1936.0,1999.0,145995981610,25396651,1674,1971.0,2009.0
4269,2022-06-13,1992.0,2117.0,1992.0,2114.0,854183081370,140464385,3862,1999.0,2117.0
4270,2022-06-14,2142.0,2225.0,2110.0,2155.0,221252947690,35683529,3658,2114.0,2117.0
4271,2022-06-15,2135.0,2145.0,2072.0,2131.0,62042259910,10235912,1702,2155.0,2114.0
4272,2022-06-18,2082.0,2124.0,2044.0,2093.0,99871173680,16629232,2083,2131.0,2100.0
4273,2022-06-19,2093.0,2124.0,2055.0,2086.0,70056733030,11691765,1143,2093.0,2086.0
4274,2022-06-20,2058.0,2124.0,2058.0,2089.0,118293688890,19698170,1372,2086.0,2089.0
4275,2022-06-21,2082.0,2096.0,2062.0,2082.0,95684183660,15977679,1205,2089.0,2079.0
4276,2022-06-22,2069.0,2082.0,2055.0,2079.0,52185721200,8744708,916,2082.0,2065.0
4277,2022-06-25,2069.0,2069.0,2006.0,2051.0,86165902030,14662519,1217,2079.0,2013.0
4278,2022-06-26,2041.0,2055.0,1968.0,2016.0,174681383320,30106428,1318,2051.0,1989.0
4279,2022-06-27,1968.0,2030.0,1968.0,2013.0,89320891030,15423944,954,2016.0,2027.0
4280,2022-06-28,2027.0,2034.0,2013.0,2016.0,47506236790,8186658,731,2013.0,2013.0
4281,2022-06-29,2006.0,2023.0,1947.0,2016.0,79890249870,13783944,791,2016.0,2016.0
4282,2022-07-02,1978.0,2016.0,1950.0,2006.0,79091723400,13740802,914,2016.0,1999.0
4283,2022-07-03,2023.0,2023.0,1978.0,1992.0,152373323310,26589646,1192,2006.0,1999.0
4284,2022-07-04,2002.0,2027.0,1992.0,2006.0,138792367550,24059308,1163,1992.0,2009.0
4285,2022-07-05,2016.0,2016.0,1975.0,1996.0,118071457960,20564679,1094,2006.0,1992.0
4286,2022-07-06,2002.0,2002.0,1950.0,1985.0,169537646990,29678094,1047,1996.0,1964.0
4287,2022-07-09,1989.0,1992.0,1961.0,1985.0,210703892060,36927377,2097,1985.0,1982.0
4288,2022-07-11,1985.0,2103.0,1961.0,2023.0,572111889300,98312934,3025,1985.0,2103.0
4289,2022-07-23,1934.0,2005.0,1905.0,1905.0,739246472740,138907986,3674,2023.0,1905.0
4290,2022-07-24,1855.0,1894.0,1794.0,1819.0,190824888660,37546061,2376,1905.0,1794.0
4291,2022-07-25,1726.0,1787.0,1712.0,1737.0,99142531140,20496721,1705,1819.0,1748.0
4292,2022-07-26,1733.0,1769.0,1723.0,1737.0,64358019040,13259718,1053,1737.0,1751.0
4293,2022-07-27,1712.0,1755.0,1690.0,1726.0,69319105810,14406726,1234,1737.0,1723.0
4294,2022-07-30,1697.0,1791.0,1697.0,1731.0,42452729062,8733245,1007,1726.0,1715.0
4295,2022-07-31,1687.0,1758.0,1683.0,1724.0,54414443578,11362982,776,1731.0,1755.0
4296,2022-08-01,1744.0,1776.0,1715.0,1733.0,49739715487,10196464,792,1724.0,1719.0
4297,2022-08-02,1758.0,1826.0,1726.0,1778.0,100522959350,20122693,1301,1733.0,1789.0
4298,2022-08-03,1791.0,1862.0,1780.0,1793.0,52045332014,10275037,797,1778.0,1808.0
4299,2022-08-06,1823.0,1891.0,1816.0,1826.0,68187865530,13195281,976,1793.0,1830.0
4300,2022-08-09,1805.0,1866.0,1805.0,1834.0,45718501320,8880938,697,1826.0,1823.0
4301,2022-08-10,1851.0,1851.0,1776.0,1826.0,49736202580,9798969,698,1834.0,1826.0
4302,2022-08-13,1819.0,1880.0,1794.0,1837.0,75523129520,14663293,896,1826.0,1848.0
4303,2022-08-14,1844.0,1880.0,1791.0,1837.0,67703713480,13198001,921,1837.0,1826.0
4304,2022-08-15,1783.0,1866.0,1783.0,1841.0,117820942550,22919978,1027,1837.0,1837.0
4305,2022-08-16,1812.0,1862.0,1794.0,1834.0,69111887540,13518421,812,1841.0,1798.0
4306,2022-08-17,1801.0,1826.0,1794.0,1823.0,47107541650,9344932,715,1834.0,1798.0
4307,2022-08-20,1801.0,1830.0,1791.0,1812.0,69298393380,13747666,1000,1823.0,1791.0
4308,2022-08-21,1801.0,1808.0,1769.0,1794.0,87464205270,17502956,1148,1812.0,1787.0
4309,2022-08-22,1819.0,1819.0,1762.0,1791.0,40028211910,8035257,474,1794.0,1762.0
4310,2022-08-23,1791.0,1798.0,1744.0,1776.0,59738702910,12114920,1004,1791.0,1755.0
4311,2022-08-24,1783.0,1783.0,1737.0,1765.0,58808647540,12010638,1291,1776.0,1762.0
4312,2022-08-27,1776.0,1783.0,1755.0,1764.0,38088238786,7739815,824,1765.0,1761.0
4313,2022-08-28,1764.0,1770.0,1728.0,1759.0,23579444380,4858004,720,1764.0,1731.0
4314,2022-08-29,1744.0,1759.0,1726.0,1753.0,34407377404,7093758,850,1759.0,1735.0
4315,2022-08-30,1737.0,1762.0,1709.0,1744.0,39751815179,8242468,1051,1753.0,1719.0
4316,2022-08-31,1726.0,1736.0,1709.0,1733.0,46737143798,9745267,944,1744.0,1715.0
4317,2022-09-03,1730.0,1735.0,1669.0,1717.0,88991868671,18619693,1241,1733.0,1697.0
4318,2022-09-04,1697.0,1719.0,1687.0,1707.0,74047423439,15590314,1161,1717.0,1693.0
4319,2022-09-05,1693.0,1707.0,1680.0,1696.0,92036404596,19468651,1147,1707.0,1690.0
4320,2022-09-06,1683.0,1690.0,1660.0,1687.0,46926102481,10037035,901,1696.0,1672.0
4321,2022-09-07,1672.0,1694.0,1638.0,1676.0,65804327006,14124813,1245,1687.0,1640.0
4322,2022-09-10,1639.0,1676.0,1608.0,1651.0,66392507061,14578780,1060,1676.0,1617.0
4323,2022-09-11,1612.0,1660.0,1604.0,1640.0,97916032464,21406349,955,1651.0,1647.0
4324,2022-09-12,1640.0,1658.0,1590.0,1633.0,60900340154,13409171,983,1640.0,1597.0
4325,2022-09-13,1631.0,1643.0,1613.0,1628.0,50082073316,11053520,847,1633.0,1627.0
4326,2022-09-14,1628.0,1640.0,1619.0,1627.0,80432755044,17714406,937,1628.0,1633.0
4327,2022-09-18,1653.0,1653.0,1606.0,1625.0,60369545166,13311969,946,1627.0,1627.0
4328,2022-09-19,1627.0,1629.0,1612.0,1624.0,45653803773,10089548,662,1625.0,1613.0
4329,2022-09-20,1638.0,1638.0,1606.0,1617.0,84144627764,18664919,871,1624.0,1612.0
4330,2022-09-21,1612.0,1617.0,1576.0,1609.0,65493506955,14637127,802,1617.0,1600.0
4331,2022-09-24,1608.0,1615.0,1574.0,1600.0,69382064356,15596173,962,1609.0,1591.0
4332,2022-09-26,1564.0,1612.0,1564.0,1600.0,10003178724,2237316,419,1600.0,1601.0
4333,2022-09-28,1601.0,1638.0,1594.0,1602.0,41563703027,9270343,992,1600.0,1597.0
4334,2022-10-01,1570.0,1590.0,1570.0,1597.0,28797696931,6521651,609,1602.0,1574.0
4335,2022-10-02,1572.0,1609.0,1526.0,1593.0,62384774025,14055742,763,1597.0,1591.0
4336,2022-10-03,1562.0,1612.0,1562.0,1591.0,62704150355,14119720,780,1593.0,1585.0
4337,2022-10-04,1583.0,1591.0,1569.0,1588.0,31189047531,7075498,468,1591.0,1574.0
4338,2022-10-08,1559.0,1608.0,1559.0,1585.0,31144613335,7079794,551,1588.0,1572.0
4339,2022-10-09,1585.0,1585.0,1530.0,1569.0,76450920841,17542917,498,1585.0,1552.0
4340,2022-10-10,1552.0,1594.0,1552.0,1570.0,110665598218,25249075,517,1569.0,1569.0
4341,2022-10-11,1604.0,1612.0,1568.0,1571.0,92961654073,21184912,856,1570.0,1576.0
4342,2022-10-12,1572.0,1590.0,1567.0,1571.0,33596994805,7661747,341,1571.0,1585.0
4343,2022-10-15,1590.0,1620.0,1559.0,1570.0,47979769539,10944231,600,1571.0,1566.0
4344,2022-10-16,1559.0,1559.0,1542.0,1567.0,18934011211,4380944,331,1570.0,1547.0
4345,2022-10-17,1567.0,1568.0,1551.0,1564.0,45707804970,10496091,618,1567.0,1554.0
4346,2022-10-18,1564.0,1565.0,1538.0,1557.0,54099675264,12506181,657,1564.0,1547.0
4347,2022-10-19,1557.0,1558.0,1526.0,1547.0,69615321949,16182061,616,1557.0,1527.0
4348,2022-10-22,1504.0,1550.0,1494.0,1542.0,15674506639,3727964,557,1547.0,1498.0
4349,2022-10-23,1483.0,1490.0,1470.0,1517.0,46481909479,11243808,637,1542.0,1479.0
4350,2022-10-24,1469.0,1515.0,1432.0,1503.0,24064833443,5935984,804,1517.0,1445.0
4351,2022-10-25,1433.0,1489.0,1433.0,1488.0,58743197569,14282974,740,1503.0,1468.0
4352,2022-10-26,1488.0,1488.0,1384.0,1463.0,35038788022,8890562,870,1488.0,1393.0
4353,2022-10-29,1466.0,1483.0,1433.0,1465.0,168745271672,41252637,819,1463.0,1483.0
4354,2022-10-30,1486.0,1497.0,1464.0,1468.0,77828403469,18974468,530,1465.0,1465.0
4355,2022-10-31,1468.0,1475.0,1451.0,1467.0,52806680524,12897529,754,1468.0,1463.0
4356,2022-11-01,1468.0,1468.0,1443.0,1464.0,110106807569,26936030,1491,1467.0,1468.0
4357,2022-11-02,1466.0,1466.0,1440.0,1459.0,41565962458,10273065,910,1464.0,1458.0
4358,2022-11-05,1432.0,1561.0,1432.0,1515.0,99599579254,23319670,1709,1459.0,1525.0
4359,2022-11-06,1536.0,1536.0,1486.0,1514.0,103520222622,24488468,1346,1515.0,1511.0
4360,2022-11-07,1488.0,1594.0,1488.0,1566.0,135740932397,31045427,2092,1514.0,1575.0
4361,2022-11-08,1586.0,1618.0,1515.0,1557.0,143241472548,32946324,1968,1566.0,1536.0
4362,2022-11-09,1536.0,1576.0,1505.0,1541.0,107218737299,24958578,1747,1557.0,1536.0
4363,2022-11-12,1579.0,1583.0,1529.0,1549.0,82703633343,19076371,1472,1541.0,1540.0
4364,2022-11-13,1562.0,1562.0,1511.0,1534.0,66497512500,15649001,1347,1549.0,1518.0
4365,2022-11-14,1512.0,1527.0,1473.0,1518.0,47316054614,11342214,902,1534.0,1493.0
4366,2022-11-15,1518.0,1521.0,1476.0,1504.0,110707103189,26375445,1424,1518.0,1488.0
4367,2022-11-16,1478.0,1513.0,1477.0,1500.0,85581643722,20457072,1216,1504.0,1497.0
4368,2022-11-19,1480.0,1497.0,1442.0,1480.0,48256037985,11897738,991,1500.0,1447.0
4369,2022-11-20,1467.0,1504.0,1441.0,1484.0,716748886127,172947560,2646,1480.0,1484.0
4370,2022-11-21,1517.0,1572.0,1504.0,1533.0,110114430740,25619398,2316,1484.0,1517.0
4371,2022-11-22,1540.0,1558.0,1507.0,1534.0,74783392142,17457915,1301,1533.0,1518.0
4372,2022-11-23,1551.0,1551.0,1500.0,1524.0,67191490820,15875453,1245,1534.0,1515.0
4373,2022-11-26,1479.0,1523.0,1479.0,1518.0,34302192335,8175482,769,1524.0,1503.0
4374,2022-11-27,1494.0,1514.0,1475.0,1510.0,40980394013,9812814,882,1518.0,1493.0
4375,2022-11-28,1493.0,1511.0,1490.0,1507.0,44123465217,10529215,762,1510.0,1493.0
4376,2022-11-29,1491.0,1514.0,1476.0,1504.0,32257177340,7721990,699,1507.0,1493.0
4377,2022-11-30,1511.0,1515.0,1486.0,1502.0,31406700778,7522381,630,1504.0,1490.0
4378,2022-12-03,1504.0,1568.0,1490.0,1523.0,84710583849,19796665,1456,1502.0,1518.0
4379,2022-12-04,1515.0,1538.0,1495.0,1518.0,51473275011,12200134,920,1523.0,1515.0
4380,2022-12-05,1525.0,1525.0,1497.0,1516.0,30720233118,7288405,619,1518.0,1512.0
4381,2022-12-06,1523.0,1525.0,1495.0,1514.0,62185748679,14720606,669,1516.0,1516.0
4382,2022-12-07,1516.0,1516.0,1487.0,1508.0,42404548558,10142934,840,1514.0,1488.0
4383,2022-12-10,1487.0,1504.0,1456.0,1491.0,58646883173,14255703,936,1508.0,1460.0
4384,2022-12-11,1492.0,1500.0,1468.0,1488.0,58892272908,14201577,942,1491.0,1475.0
4385,2022-12-12,1489.0,1522.0,1485.0,1494.0,57070008990,13612945,914,1488.0,1502.0
4386,2022-12-13,1497.0,1586.0,1497.0,1548.0,105539992218,24260353,1929,1494.0,1580.0
4387,2022-12-14,1588.0,1629.0,1569.0,1594.0,117938025714,26435790,1809,1548.0,1599.0
4388,2022-12-17,1608.0,1630.0,1569.0,1592.0,61613110691,13876312,1005,1594.0,1594.0
4389,2022-12-18,1603.0,1663.0,1603.0,1628.0,94090966599,20554050,1586,1592.0,1627.0
4390,2022-12-19,1612.0,1653.0,1601.0,1625.0,70192352581,15481052,1114,1628.0,1611.0
4391,2022-12-20,1619.0,1619.0,1571.0,1615.0,61902854808,13816652,898,1625.0,1600.0
4392,2022-12-21,1576.0,1629.0,1576.0,1611.0,76093949425,16944367,961,1615.0,1618.0
4393,2022-12-24,1624.0,1683.0,1608.0,1647.0,180890267946,39336313,2345,1611.0,1680.0
4394,2022-12-25,1699.0,1762.0,1648.0,1742.0,411304448614,84553054,3857,1647.0,1762.0
4395,2022-12-26,1826.0,1829.0,1766.0,1798.0,276491430280,55059685,3236,1742.0,1800.0
4396,2022-12-28,1825.0,1924.0,1825.0,1911.0,332375450639,62300837,3289,1798.0,1923.0
4397,2022-12-31,1844.0,1905.0,1780.0,1823.0,579320160460,113829324,3956,1911.0,1798.0
4398,2023-01-01,1787.0,1844.0,1748.0,1794.0,291956898550,58238659,2368,1823.0,1805.0
4399,2023-01-02,1805.0,1894.0,1791.0,1844.0,311779017060,60532036,2649,1794.0,1869.0
4400,2023-01-03,1862.0,1916.0,1819.0,1837.0,238267937030,46467500,2164,1844.0,1826.0
4401,2023-01-04,1834.0,1834.0,1791.0,1819.0,85322853990,16849244,1175,1837.0,1819.0
4402,2023-01-07,1819.0,1851.0,1791.0,1823.0,166293972610,32667041,1730,1819.0,1834.0
4403,2023-01-08,1862.0,1909.0,1851.0,1884.0,427106606660,81195687,3783,1823.0,1884.0
4404,2023-01-09,1898.0,1902.0,1859.0,1873.0,905271329570,172993033,4585,1884.0,1884.0
4405,2023-01-10,1902.0,2002.0,1898.0,1980.0,1476413801150,266767540,9147,1873.0,2002.0
4406,2023-01-11,2020.0,2038.0,1912.0,1970.0,666274089440,121066718,6136,1980.0,1941.0
4407,2023-01-14,1898.0,1966.0,1855.0,1927.0,241837122600,44975415,3073,1970.0,1945.0
4408,2023-01-16,1966.0,1988.0,1927.0,1955.0,333760145310,61076710,3556,1927.0,1959.0
4409,2023-01-17,1980.0,1980.0,1916.0,1937.0,272488700250,50380500,3432,1955.0,1916.0
4410,2023-01-18,1905.0,1948.0,1898.0,1919.0,185006749510,34499573,2267,1937.0,1916.0
4411,2023-01-21,1898.0,1916.0,1816.0,1866.0,231071371300,44393899,4340,1919.0,1834.0
4412,2023-01-22,1826.0,1880.0,1826.0,1851.0,167164695490,32359929,2663,1866.0,1873.0
4413,2023-01-23,1884.0,1905.0,1823.0,1848.0,151754193510,29388232,2248,1851.0,1837.0
4414,2023-01-24,1859.0,1859.0,1812.0,1837.0,81911213040,15990588,1822,1848.0,1826.0
4415,2023-01-25,1823.0,1841.0,1762.0,1787.0,184130137440,36935814,2817,1837.0,1773.0
4416,2023-01-28,1790.0,1823.0,1762.0,1777.0,113317773665,22837407,1961,1787.0,1764.0
4417,2023-01-29,1744.0,1745.0,1653.0,1672.0,150143695236,32161721,2190,1777.0,1667.0
4418,2023-01-30,1654.0,1715.0,1644.0,1666.0,98867334767,21260373,1819,1672.0,1670.0
4419,2023-01-31,1697.0,1715.0,1664.0,1672.0,50333157472,10736044,983,1666.0,1674.0
4420,2023-02-01,1675.0,1701.0,1665.0,1679.0,83826595349,17849040,1216,1672.0,1689.0
4421,2023-02-05,1690.0,1701.0,1644.0,1674.0,50900259387,10935044,1322,1679.0,1647.0
4422,2023-02-06,1647.0,1673.0,1616.0,1664.0,34445179814,7519966,957,1674.0,1646.0
4423,2023-02-07,1664.0,1708.0,1637.0,1681.0,70475632988,14904192,991,1664.0,1696.0
4424,2023-02-08,1705.0,1751.0,1676.0,1689.0,57526008157,12142044,882,1681.0,1685.0
4425,2023-02-12,1690.0,1690.0,1676.0,1686.0,48997866005,10424406,859,1689.0,1685.0
4426,2023-02-13,1673.0,1715.0,1662.0,1685.0,32394026857,6899452,845,1686.0,1680.0
4427,2023-02-14,1683.0,1710.0,1662.0,1683.0,30201373617,6443671,699,1685.0,1671.0
4428,2023-02-15,1647.0,1680.0,1633.0,1674.0,72151362382,15490641,918,1683.0,1662.0
4429,2023-02-19,1662.0,1719.0,1662.0,1679.0,42741518314,9065259,843,1674.0,1699.0
4430,2023-02-20,1720.0,1796.0,1720.0,1793.0,213886242422,42726017,1050,1679.0,1796.0
4431,2023-02-21,1916.0,1918.0,1880.0,1913.0,485284823874,90861329,2633,1793.0,1884.0
4432,2023-02-22,1934.0,1952.0,1848.0,1911.0,149645166260,28051492,2034,1913.0,1937.0
4433,2023-02-25,2041.0,2041.0,2034.0,2041.0,442044770100,77552493,1255,1911.0,2041.0
4434,2023-02-26,2149.0,2181.0,2056.0,2127.0,1529739157660,257420895,9531,2041.0,2077.0
4435,2023-02-27,2031.0,2156.0,2016.0,2088.0,888119434360,152428024,6498,2127.0,2113.0
4436,2023-02-28,2124.0,2156.0,2081.0,2127.0,527509676930,88743616,4016,2088.0,2113.0
4437,2023-03-01,2084.0,2127.0,2027.0,2091.0,576202512030,98580966,4267,2127.0,2127.0
4438,2023-03-04,2059.0,2088.0,1984.0,2020.0,317455011230,56283714,2835,2091.0,2016.0
4439,2023-03-05,1995.0,2059.0,1995.0,2027.0,436460733860,77180269,2887,2020.0,2031.0
4440,2023-03-06,2009.0,2041.0,2009.0,2023.0,311072074120,55070108,1962,2027.0,2009.0
4441,2023-03-07,2013.0,2099.0,2005.0,2038.0,438501308460,77062368,2673,2023.0,2059.0
4442,2023-03-11,2109.0,2109.0,1991.0,2031.0,303131505810,53481877,2766,2038.0,1995.0
4443,2023-03-12,1980.0,2005.0,1927.0,1973.0,275446696860,50026754,2739,2031.0,1962.0
4444,2023-03-13,1927.0,1995.0,1927.0,1973.0,264963155790,48050508,2366,1973.0,1955.0
4445,2023-03-14,1973.0,1977.0,1912.0,1941.0,458600382470,84586467,3699,1973.0,1962.0
4446,2023-03-15,1970.0,2059.0,1941.0,1984.0,350182882450,63210446,3425,1941.0,2041.0
4447,2023-03-18,2073.0,2120.0,2034.0,2120.0,684678944890,115732395,2394,1984.0,2120.0
4448,2023-03-19,2163.0,2267.0,2131.0,2238.0,1124556009320,180048454,5818,2120.0,2224.0
4449,2023-03-25,2227.0,2278.0,2184.0,2238.0,318361176890,50971560,3590,2238.0,2220.0
4450,2023-03-26,2220.0,2288.0,2152.0,2224.0,411488965880,66267950,4522,2238.0,2177.0
4451,2023-03-28,2270.0,2288.0,2203.0,2235.0,527265937750,83883557,5252,2224.0,2227.0
4452,2023-03-29,2231.0,2256.0,2203.0,2224.0,687515793180,109761896,6559,2235.0,2203.0
4453,2023-04-03,2213.0,2235.0,2128.0,2188.0,637580482870,103443855,6879,2224.0,2227.0
4454,2023-04-04,2203.0,2306.0,2188.0,2231.0,577507350380,91975780,5430,2188.0,2206.0
4455,2023-04-05,2210.0,2366.0,2192.0,2277.0,879609571650,137311797,7790,2231.0,2348.0
4456,2023-04-08,2327.0,2433.0,2327.0,2430.0,1705774035320,249394501,10509,2277.0,2433.0
4457,2023-04-09,2465.0,2473.0,2380.0,2426.0,805453376200,117886324,8688,2430.0,2412.0
4458,2023-04-10,2433.0,2465.0,2295.0,2366.0,654151754100,98232604,7597,2426.0,2320.0
4459,2023-04-11,2338.0,2366.0,2284.0,2327.0,423823689630,64669936,5599,2366.0,2341.0
4460,2023-04-15,2334.0,2465.0,2334.0,2402.0,601614568440,88971807,6028,2327.0,2409.0
4461,2023-04-16,2448.0,2568.0,2380.0,2515.0,1418920863270,200349671,11382,2402.0,2497.0
4462,2023-04-17,2522.0,2583.0,2505.0,2529.0,934380769740,131285228,7849,2515.0,2533.0
4463,2023-04-18,2565.0,2629.0,2512.0,2551.0,1104978989960,153809988,7944,2529.0,2551.0
4464,2023-04-19,2565.0,2565.0,2490.0,2512.0,610700723360,86377718,7273,2551.0,2508.0
4465,2023-04-24,2515.0,2529.0,2441.0,2469.0,564420180470,81178037,7170,2512.0,2476.0
4466,2023-04-25,2494.0,2590.0,2451.0,2512.0,647758103550,91658361,6823,2469.0,2469.0
4467,2023-04-26,2494.0,2537.0,2416.0,2476.0,540749229450,77530740,6348,2512.0,2515.0
4468,2023-04-29,2558.0,2647.0,2529.0,2643.0,2769508981740,372245965,14295,2476.0,2647.0
4469,2023-04-30,2686.0,2728.0,2615.0,2654.0,951440497040,127382330,8794,2643.0,2647.0
4470,2023-05-01,2654.0,2664.0,2529.0,2608.0,685335649810,93333924,7850,2654.0,2629.0
4471,2023-05-02,2643.0,2664.0,2583.0,2618.0,659348421750,89491258,7381,2608.0,2618.0
4472,2023-05-03,2643.0,2643.0,2544.0,2565.0,1118396887230,154938921,9050,2618.0,2561.0
4473,2023-05-06,2568.0,2590.0,2522.0,2544.0,842150761210,117602524,8493,2565.0,2547.0
4474,2023-05-07,2590.0,2590.0,2366.0,2394.0,1580954820110,234399672,10838,2544.0,2366.0
4475,2023-05-08,2238.0,2306.0,2227.0,2235.0,661663821050,105156802,5189,2394.0,2227.0
4476,2023-05-09,2132.0,2316.0,2132.0,2249.0,814286945550,128570008,6958,2235.0,2288.0
4477,2023-05-10,2341.0,2362.0,2178.0,2235.0,842923031070,134099753,6055,2249.0,2256.0
4478,2023-05-13,2288.0,2288.0,2110.0,2192.0,855301031450,138733858,5845,2235.0,2203.0
4479,2023-05-14,2217.0,2327.0,2213.0,2274.0,558327558150,87255881,5181,2192.0,2281.0
4480,2023-05-15,2316.0,2316.0,2227.0,2267.0,544051705730,85331224,5258,2274.0,2256.0
4481,2023-05-17,2245.0,2281.0,2238.0,2256.0,427293649700,67261120,4809,2267.0,2270.0
4482,2023-05-20,2309.0,2323.0,2227.0,2256.0,512953302640,80783173,5506,2256.0,2235.0
4483,2023-05-21,2203.0,2277.0,2203.0,2242.0,347771546930,55114411,4381,2256.0,2252.0
4484,2023-05-22,2288.0,2355.0,2263.0,2298.0,919930145570,142128174,8507,2242.0,2295.0
4485,2023-05-23,2359.0,2398.0,2309.0,2348.0,535232018590,80997626,6600,2298.0,2334.0
4486,2023-05-24,2380.0,2380.0,2306.0,2334.0,270144467830,41122931,3811,2348.0,2316.0
4487,2023-05-27,2309.0,2334.0,2188.0,2235.0,549001026840,87266957,5772,2334.0,2213.0
4488,2023-05-28,2210.0,2235.0,2124.0,2153.0,678320077870,111992755,5589,2235.0,2160.0
4489,2023-05-29,2167.0,2220.0,2135.0,2160.0,268581424450,44194147,3772,2153.0,2153.0
4490,2023-05-30,2199.0,2203.0,2146.0,2163.0,278441420870,45689172,3087,2160.0,2160.0
4491,2023-05-31,2163.0,2163.0,2089.0,2132.0,396924708840,66110354,3635,2163.0,2139.0
4492,2023-06-03,2149.0,2188.0,2114.0,2142.0,181388553870,30085009,2556,2132.0,2135.0
4493,2023-06-06,2153.0,2167.0,2128.0,2139.0,358318575790,59528135,3629,2142.0,2146.0
4494,2023-06-07,2153.0,2160.0,2128.0,2139.0,350890670140,58281296,2686,2139.0,2146.0
4495,2023-06-10,2124.0,2124.0,2060.0,2082.0,402022184270,68595434,4113,2139.0,2078.0
4496,2023-06-11,2082.0,2124.0,2064.0,2085.0,411966815420,70223427,3417,2082.0,2082.0
4497,2023-06-12,2064.0,2082.0,1968.0,2004.0,447464515240,79392060,4076,2085.0,2014.0
4498,2023-06-13,1989.0,2043.0,1989.0,2014.0,188986611170,33338213,1935,2004.0,2025.0
4499,2023-06-14,2043.0,2068.0,2025.0,2050.0,458392254140,79451254,2723,2014.0,2050.0
4500,2023-06-17,2060.0,2075.0,2018.0,2043.0,217189086980,37764567,1972,2050.0,2032.0
4501,2023-06-18,2043.0,2050.0,2018.0,2036.0,286835144950,50038132,1968,2043.0,2028.0
4502,2023-06-19,2028.0,2039.0,2004.0,2021.0,248070641590,43598309,2134,2036.0,2039.0
4503,2023-06-20,2046.0,2046.0,2007.0,2028.0,205689777870,36031656,1620,2021.0,2036.0
4504,2023-06-21,2032.0,2053.0,2004.0,2025.0,206963560620,36309847,2217,2028.0,2039.0
4505,2023-06-24,2050.0,2050.0,2000.0,2025.0,171440130590,30091181,1943,2025.0,2032.0
4506,2023-06-25,2050.0,2114.0,2036.0,2089.0,189463362010,32215036,2314,2025.0,2089.0
4507,2023-06-26,2096.0,2146.0,2096.0,2132.0,156696689370,26136861,2016,2089.0,2128.0
4508,2023-06-27,2132.0,2149.0,2096.0,2121.0,224748556330,37646954,2075,2132.0,2132.0
4509,2023-06-28,2121.0,2124.0,2096.0,2114.0,119902753430,20160198,1311,2121.0,2121.0
4510,2023-07-01,2121.0,2132.0,2082.0,2117.0,182765911800,30666521,1708,2114.0,2132.0
4511,2023-07-02,2132.0,2163.0,2128.0,2142.0,155616066020,25819289,1758,2117.0,2135.0
4512,2023-07-03,2181.0,2235.0,2163.0,2192.0,306172004620,49628050,2888,2142.0,2220.0
4513,2023-07-04,2238.0,2274.0,2217.0,2235.0,1165218134560,185254881,5022,2192.0,2235.0
4514,2023-07-12,2162.0,2162.0,2094.0,2128.0,237483434780,42301747,1530,2235.0,2140.0
4515,2023-07-15,2087.0,2140.0,2033.0,2064.0,328322702720,60372072,3123,2128.0,2052.0
4516,2023-07-16,2052.0,2064.0,1946.0,1977.0,275200656580,52821011,2559,2064.0,1950.0
4517,2023-07-17,1931.0,1939.0,1840.0,1851.0,218299482690,44756895,3452,1977.0,1904.0
4518,2023-07-18,1897.0,1980.0,1897.0,1961.0,143407924410,27716393,1707,1851.0,1973.0
4519,2023-07-19,2075.0,2075.0,1908.0,1984.0,228088430850,43609587,2052,1961.0,1931.0
4520,2023-07-22,1961.0,1961.0,1855.0,1920.0,67655700130,13677368,1672,1984.0,1863.0
4521,2023-07-23,1848.0,1908.0,1829.0,1867.0,127236306340,25852897,1780,1920.0,1897.0
4522,2023-07-24,1897.0,1939.0,1878.0,1908.0,155421319220,30921570,1400,1867.0,1897.0
4523,2023-07-25,1904.0,1939.0,1848.0,1874.0,129911097170,26298382,1517,1908.0,1859.0
4524,2023-07-26,1848.0,1886.0,1840.0,1863.0,72081213140,14721059,1082,1874.0,1870.0
4525,2023-07-29,1863.0,1863.0,1839.0,1854.0,63965405953,13143127,1111,1863.0,1859.0
4526,2023-07-30,1840.0,1872.0,1799.0,1830.0,102034227596,21200597,1397,1854.0,1846.0
4527,2023-07-31,1830.0,1850.0,1820.0,1827.0,42053182702,8750514,904,1830.0,1820.0
4528,2023-08-01,1826.0,1862.0,1814.0,1832.0,70015648841,14478243,1245,1827.0,1851.0
4529,2023-08-05,1867.0,1889.0,1832.0,1854.0,236170708530,48334563,2612,1832.0,1859.0
4530,2023-08-06,1859.0,1877.0,1834.0,1857.0,127257068693,25992792,1168,1854.0,1859.0
4531,2023-08-07,1859.0,1897.0,1848.0,1866.0,146967559491,29879203,1324,1857.0,1857.0
4532,2023-08-08,1857.0,1863.0,1831.0,1856.0,66429167667,13639371,888,1866.0,1834.0
4533,2023-08-09,1848.0,1856.0,1832.0,1848.0,57438682460,11847110,942,1856.0,1836.0
4534,2023-08-12,1824.0,1845.0,1753.0,1775.0,164680101379,35187567,1812,1848.0,1755.0
4535,2023-08-13,1745.0,1776.0,1745.0,1760.0,134912695680,29076390,1411,1775.0,1764.0
4536,2023-08-14,1783.0,1785.0,1746.0,1755.0,134144613972,29001297,1529,1760.0,1747.0
4537,2023-08-15,1745.0,1754.0,1696.0,1722.0,134321835940,29584145,1462,1755.0,1696.0
4538,2023-08-16,1722.0,1745.0,1707.0,1719.0,104264563757,23010729,1123,1722.0,1722.0
4539,2023-08-19,1730.0,1730.0,1681.0,1707.0,64454838405,14410365,1065,1719.0,1703.0
4540,2023-08-20,1706.0,1712.0,1685.0,1701.0,84800889184,18939254,1410,1707.0,1696.0
4541,2023-08-21,1699.0,1726.0,1693.0,1699.0,113348798789,25313891,1158,1701.0,1694.0
4542,2023-08-22,1692.0,1696.0,1654.0,1687.0,54192891520,12292601,877,1699.0,1670.0
4543,2023-08-23,1687.0,1705.0,1668.0,1687.0,52022485009,11699903,1020,1687.0,1698.0
4544,2023-08-26,1707.0,1760.0,1692.0,1727.0,195743783096,42989031,2081,1687.0,1760.0
4545,2023-08-27,1772.0,1848.0,1766.0,1819.0,368084080680,76759079,2707,1727.0,1819.0
4546,2023-08-28,1851.0,1876.0,1802.0,1845.0,191593640328,39410022,2736,1819.0,1827.0
4547,2023-08-29,1844.0,1877.0,1811.0,1840.0,74075469748,15307733,1158,1845.0,1820.0
4548,2023-08-30,1810.0,1874.0,1802.0,1855.0,126427663074,25847003,1411,1840.0,1847.0
4549,2023-09-02,1855.0,1892.0,1807.0,1848.0,150738754035,30936706,1751,1855.0,1860.0
4550,2023-09-03,1853.0,1868.0,1840.0,1848.0,132406728200,27174674,1236,1848.0,1846.0
4551,2023-09-04,1848.0,1888.0,1837.0,1869.0,158376604972,32153970,1564,1848.0,1886.0
4552,2023-09-05,1882.0,1934.0,1875.0,1894.0,172721855044,34600447,1870,1869.0,1893.0
4553,2023-09-09,1870.0,1908.0,1844.0,1880.0,87038887452,17612939,1285,1894.0,1871.0
4554,2023-09-10,1849.0,1897.0,1823.0,1877.0,158955643787,32125088,1243,1880.0,1870.0
4555,2023-09-11,1895.0,1895.0,1854.0,1871.0,131339197088,26632617,1236,1877.0,1862.0
4556,2023-09-12,1878.0,1888.0,1852.0,1872.0,83417376295,16896979,911,1871.0,1866.0
4557,2023-09-13,1885.0,1886.0,1839.0,1856.0,115716696123,23663753,1410,1872.0,1870.0
4558,2023-09-17,1844.0,1880.0,1844.0,1866.0,165653303912,33682580,1491,1856.0,1859.0
4559,2023-09-18,1849.0,1866.0,1837.0,1854.0,81348762566,16698544,1116,1866.0,1840.0
4560,2023-09-19,1840.0,1858.0,1821.0,1840.0,73796338243,15277151,1022,1854.0,1823.0
4561,2023-09-20,1823.0,1823.0,1800.0,1826.0,53709277745,11265767,985,1840.0,1821.0
4562,2023-09-23,1824.0,1824.0,1788.0,1810.0,67800076709,14298281,1316,1826.0,1790.0
4563,2023-09-25,1791.0,1820.0,1753.0,1772.0,109557023867,23492609,1813,1810.0,1768.0
4564,2023-09-26,1779.0,1783.0,1757.0,1765.0,71541906312,15408038,1447,1772.0,1758.0
4565,2023-09-27,1761.0,1817.0,1761.0,1773.0,66098475266,14099634,1285,1765.0,1767.0
4566,2023-09-30,1787.0,1804.0,1752.0,1771.0,62732714089,13456621,1164,1773.0,1752.0
4567,2023-10-01,1749.0,1771.0,1735.0,1759.0,55761113097,12120971,1092,1771.0,1757.0
4568,2023-10-02,1742.0,1764.0,1733.0,1757.0,75410523076,16288520,950,1759.0,1764.0
4569,2023-10-04,1764.0,1772.0,1746.0,1758.0,80253437391,17321691,900,1757.0,1748.0
4570,2023-10-07,1748.0,1758.0,1717.0,1736.0,103867623470,22737611,1064,1758.0,1738.0
4571,2023-10-08,1726.0,1738.0,1664.0,1683.0,118952717414,26812792,1645,1736.0,1684.0
4572,2023-10-09,1681.0,1726.0,1670.0,1684.0,64702725152,14568796,1246,1683.0,1671.0
4573,2023-10-10,1671.0,1711.0,1669.0,1684.0,36221120886,8163580,818,1684.0,1692.0
4574,2023-10-11,1688.0,1707.0,1680.0,1686.0,30553457890,6850158,778,1684.0,1690.0
4575,2023-10-14,1686.0,1688.0,1648.0,1668.0,65656780696,15056850,1131,1686.0,1649.0
4576,2023-10-15,1647.0,1673.0,1647.0,1668.0,98350044627,22373341,1043,1668.0,1670.0
4577,2023-10-16,1669.0,1699.0,1664.0,1672.0,75279470196,17059446,1106,1668.0,1688.0
4578,2023-10-17,1688.0,1726.0,1671.0,1681.0,87697460143,19756556,953,1672.0,1686.0
4579,2023-10-18,1681.0,1681.0,1662.0,1673.0,88632379297,20128258,953,1681.0,1681.0
4580,2023-10-21,1686.0,1686.0,1659.0,1673.0,38346648779,8698971,662,1673.0,1667.0
4581,2023-10-22,1674.0,1699.0,1662.0,1672.0,51525964527,11691195,871,1673.0,1669.0
4582,2023-10-23,1672.0,1672.0,1628.0,1657.0,68509795698,15794366,1588,1672.0,1631.0
4583,2023-10-24,1631.0,1631.0,1572.0,1591.0,156112089741,37224204,2538,1657.0,1601.0
4584,2023-10-25,1602.0,1660.0,1591.0,1624.0,123671227953,28896249,1353,1591.0,1626.0
4585,2023-10-28,1611.0,1631.0,1554.0,1606.0,257533790441,60844374,2483,1624.0,1593.0
4586,2023-10-29,1598.0,1638.0,1590.0,1611.0,68443716098,16085897,931,1606.0,1609.0
4587,2023-10-30,1613.0,1642.0,1613.0,1619.0,47642411700,11084234,816,1611.0,1631.0
4588,2023-10-31,1641.0,1642.0,1597.0,1619.0,40881063507,9572268,769,1619.0,1622.0
4589,2023-11-01,1619.0,1645.0,1563.0,1613.0,84565572419,19919033,1175,1619.0,1645.0
4590,2023-11-04,1635.0,1686.0,1635.0,1632.0,56196453686,12890413,944,1613.0,1650.0
4591,2023-11-05,1669.0,1673.0,1630.0,1643.0,227480494122,52518716,1854,1632.0,1630.0
4592,2023-11-06,1664.0,1682.0,1632.0,1670.0,194559029345,44212033,1686,1643.0,1680.0
4593,2023-11-07,1680.0,1706.0,1676.0,1696.0,219779340537,49173004,2011,1670.0,1700.0
4594,2023-11-08,1726.0,1728.0,1694.0,1701.0,222203329650,49570928,2071,1696.0,1696.0
4595,2023-11-11,1705.0,1716.0,1675.0,1703.0,410072790203,91344767,2268,1701.0,1696.0
4596,2023-11-12,1702.0,1722.0,1694.0,1706.0,127697365386,28399454,1333,1703.0,1707.0
4597,2023-11-13,1698.0,1722.0,1689.0,1707.0,108078919033,24022889,1348,1706.0,1706.0
4598,2023-11-14,1690.0,1711.0,1671.0,1687.0,122897978740,27639510,1372,1707.0,1701.0
4599,2023-11-15,1700.0,1707.0,1670.0,1684.0,40434189313,9129842,784,1687.0,1687.0
4600,2023-11-18,1688.0,1692.0,1662.0,1680.0,35957645859,8178580,689,1684.0,1666.0
4601,2023-11-19,1676.0,1676.0,1657.0,1674.0,47966123999,10927442,1016,1680.0,1659.0
4602,2023-11-20,1656.0,1684.0,1639.0,1667.0,54442494453,12448455,1060,1674.0,1657.0
4603,2023-11-21,1658.0,1680.0,1647.0,1668.0,71841742258,16338010,880,1667.0,1669.0
4604,2023-11-22,1665.0,1692.0,1653.0,1662.0,97673586018,22311717,1382,1668.0,1653.0
4605,2023-11-25,1673.0,1686.0,1654.0,1662.0,62831687550,14340683,1026,1662.0,1656.0
4606,2023-11-26,1658.0,1694.0,1658.0,1668.0,70046706032,15890578,1140,1662.0,1669.0
4607,2023-11-27,1677.0,1698.0,1663.0,1674.0,89943279704,20357965,820,1668.0,1680.0
4608,2023-11-28,1670.0,1706.0,1669.0,1677.0,85789601228,19388167,1185,1674.0,1678.0
4609,2023-11-29,1705.0,1745.0,1688.0,1721.0,138334792101,30496504,1538,1677.0,1744.0
4610,2023-12-02,1751.0,1827.0,1751.0,1805.0,199872708113,42009424,2584,1721.0,1826.0
4611,2023-12-03,1848.0,1931.0,1813.0,1900.0,366256324500,73141418,3560,1805.0,1931.0
4612,2023-12-04,2033.0,2033.0,1968.0,2015.0,945674160158,178102153,5780,1900.0,1991.0
4613,2023-12-05,1991.0,2032.0,1955.0,2003.0,325727862891,61689300,3480,2015.0,1996.0
4614,2023-12-06,1973.0,2008.0,1963.0,1992.0,212448023288,40465819,1905,2003.0,1994.0
4615,2023-12-09,1992.0,1992.0,1939.0,1961.0,180356890410,34858931,1591,1992.0,1939.0
4616,2023-12-10,1935.0,1984.0,1920.0,1958.0,159356232350,30870893,1184,1961.0,1958.0
4617,2023-12-11,1988.0,1988.0,1935.0,1946.0,165097586080,32155147,1213,1958.0,1942.0
4618,2023-12-12,1946.0,1973.0,1920.0,1942.0,254010703640,49594309,1216,1946.0,1950.0
4619,2023-12-13,1942.0,1958.0,1912.0,1950.0,243428991370,47360714,1004,1942.0,1958.0
4620,2023-12-16,1969.0,2030.0,1954.0,1980.0,274071932630,52518842,2038,1950.0,1999.0
4621,2023-12-18,2003.0,2049.0,1992.0,2018.0,425220706830,79857999,2388,1980.0,2041.0
4622,2023-12-19,2045.0,2056.0,1999.0,2041.0,356448634560,66226123,1736,2018.0,2049.0
4623,2023-12-20,2052.0,2083.0,2041.0,2052.0,209844547880,38814102,1253,2041.0,2045.0
4624,2023-12-23,2045.0,2071.0,2015.0,2052.0,174765742150,32287250,1084,2052.0,2052.0
4625,2023-12-24,2049.0,2049.0,1996.0,2026.0,352072880490,65917254,1749,2052.0,2033.0
4626,2023-12-25,2015.0,2030.0,1999.0,2022.0,155189007760,29134822,1071,2026.0,2026.0
4627,2023-12-26,2011.0,2022.0,1977.0,2003.0,266486156950,50473685,1283,2022.0,1992.0
4628,2023-12-27,2003.0,2003.0,1950.0,1977.0,166526831840,31934363,1276,2003.0,1984.0
4629,2023-12-30,1973.0,2015.0,1973.0,1984.0,105770667860,20212816,810,1977.0,1980.0
4630,2023-12-31,1984.0,1988.0,1954.0,1980.0,169720704070,32539897,938,1984.0,1980.0
4631,2024-01-01,1984.0,1984.0,1931.0,1969.0,162204028590,31249132,1221,1980.0,1965.0
4632,2024-01-02,1961.0,1973.0,1920.0,1958.0,152626887300,29604007,973,1969.0,1958.0
4633,2024-01-03,1958.0,1958.0,1920.0,1950.0,182410650950,35475975,841,1958.0,1958.0
4634,2024-01-06,1950.0,1954.0,1939.0,1946.0,294510045820,57423398,1359,1950.0,1950.0
4635,2024-01-07,1954.0,1958.0,1935.0,1946.0,187717221530,36584902,975,1946.0,1946.0
4636,2024-01-08,1946.0,1954.0,1942.0,1946.0,101911048540,19853228,978,1946.0,1950.0
4637,2024-01-09,1950.0,1958.0,1939.0,1946.0,140887961780,27447358,765,1946.0,1950.0
4638,2024-01-10,1946.0,1992.0,1946.0,1954.0,162291303510,31486332,1068,1946.0,1954.0
4639,2024-01-13,1954.0,1961.0,1935.0,1954.0,142964196610,27765768,1159,1954.0,1954.0
4640,2024-01-14,1954.0,1965.0,1942.0,1954.0,103655049800,20146036,1223,1954.0,1950.0
4641,2024-01-15,1954.0,1973.0,1939.0,1954.0,113030897850,21968347,919,1954.0,1958.0
4642,2024-01-16,1954.0,1958.0,1927.0,1946.0,89260661240,17406734,993,1954.0,1954.0
4643,2024-01-17,1965.0,1969.0,1923.0,1942.0,98105935330,19165982,1166,1946.0,1939.0
4644,2024-01-20,1961.0,1961.0,1893.0,1923.0,167110752050,32968792,1433,1942.0,1931.0
4645,2024-01-21,1920.0,1923.0,1893.0,1912.0,158814366850,31529599,1481,1923.0,1920.0
4646,2024-01-22,1923.0,1923.0,1886.0,1904.0,231727059490,46171144,1396,1912.0,1908.0
4647,2024-01-23,1904.0,1916.0,1855.0,1886.0,375949930990,75714042,1870,1904.0,1904.0
4648,2024-01-24,1886.0,1912.0,1867.0,1886.0,61041621940,12299684,758,1886.0,1893.0
4649,2024-01-27,1893.0,1904.0,1876.0,1887.0,92569265963,18604497,1123,1886.0,1890.0
4650,2024-01-28,1890.0,1892.0,1873.0,1885.0,78519650307,15814484,915,1887.0,1892.0
4651,2024-01-29,1889.0,1889.0,1848.0,1870.0,167485230664,33979360,1415,1885.0,1872.0
4652,2024-01-30,1870.0,1870.0,1848.0,1863.0,167709656129,34157591,1516,1870.0,1866.0
4653,2024-01-31,1867.0,1867.0,1847.0,1857.0,81586362114,16686258,1090,1863.0,1855.0
4654,2024-02-03,1859.0,1874.0,1838.0,1854.0,145983204346,29869322,1727,1857.0,1862.0
4655,2024-02-04,1855.0,1867.0,1832.0,1853.0,295762229970,60548376,1493,1854.0,1858.0
4656,2024-02-05,1865.0,1865.0,1829.0,1853.0,182834213978,37429294,1097,1853.0,1853.0
4657,2024-02-06,1855.0,1867.0,1823.0,1847.0,126715603842,26022304,1276,1853.0,1854.0
4658,2024-02-07,1868.0,1868.0,1840.0,1847.0,136998272590,28133953,1182,1847.0,1847.0
4659,2024-02-10,1849.0,1867.0,1832.0,1846.0,178311770165,36648155,1035,1847.0,1848.0
4660,2024-02-12,1877.0,1877.0,1832.0,1844.0,155195798138,31928276,1320,1846.0,1832.0
4661,2024-02-13,1844.0,1849.0,1825.0,1843.0,121159453736,24935426,1002,1844.0,1843.0
4662,2024-02-14,1847.0,1847.0,1827.0,1840.0,84662687742,17466162,929,1843.0,1840.0
4663,2024-02-17,1840.0,1846.0,1828.0,1835.0,139411053930,28824734,1329,1840.0,1832.0
4664,2024-02-18,1835.0,1878.0,1821.0,1838.0,61801248294,12731375,796,1835.0,1857.0
4665,2024-02-19,1859.0,1859.0,1837.0,1841.0,78682012326,16207767,917,1838.0,1842.0
4666,2024-02-20,1851.0,1863.0,1839.0,1841.0,44470153853,9161839,618,1841.0,1842.0
4667,2024-02-21,1842.0,1864.0,1833.0,1842.0,125130789755,25766185,1154,1841.0,1862.0
4668,2024-02-24,1862.0,1862.0,1825.0,1838.0,107574526655,22214427,944,1842.0,1840.0
4669,2024-02-26,1838.0,1844.0,1807.0,1831.0,98880332955,20512385,1452,1838.0,1821.0
4670,2024-03-10,1928.0,1934.0,1875.0,1886.0,111611346873,34894872,1617,1831.0,1892.0
4671,2024-03-11,1916.0,1916.0,1858.0,1876.0,89095078847,28140310,1443,1886.0,1862.0
4672,2024-03-12,1896.0,1923.0,1863.0,1897.0,97805346898,30410833,1262,1876.0,1908.0
4673,2024-03-13,1922.0,1937.0,1885.0,1904.0,81904961657,25382110,1085,1897.0,1899.0
4674,2024-03-16,1904.0,1933.0,1875.0,1908.0,51941286272,16060336,994,1904.0,1922.0
4675,2024-03-17,1922.0,1980.0,1888.0,1922.0,68837047404,21062106,1019,1908.0,1969.0
4676,2024-03-18,1964.0,2056.0,1964.0,1995.0,103515141811,30439273,1356,1922.0,2004.0
4677,2024-03-24,2000.0,2056.0,2000.0,2011.0,43798451640,12697359,879,1995.0,2046.0
4678,2024-03-25,2046.0,2069.0,1991.0,2016.0,66738579633,19545508,1129,2011.0,2017.0
4679,2024-03-26,2017.0,2052.0,2010.0,2018.0,26459941466,7720457,691,2016.0,2018.0
4680,2024-03-27,2018.0,2058.0,2014.0,2022.0,66067774356,19300975,846,2018.0,2023.0
4681,2024-03-30,2023.0,2048.0,2007.0,2022.0,35623236047,10417991,605,2022.0,2020.0
4682,2024-04-02,2007.0,2022.0,1954.0,2004.0,65090481077,19355032,1355,2022.0,1999.0
4683,2024-04-03,1999.0,2022.0,1981.0,2002.0,47542829499,14061120,810,2004.0,2001.0
4684,2024-04-06,2002.0,2013.0,1957.0,1997.0,61975060823,18404877,1109,2002.0,1958.0
4685,2024-04-07,1981.0,2007.0,1954.0,1991.0,46436658138,13853407,711,1997.0,1996.0
4686,2024-04-08,1996.0,2016.0,1971.0,1994.0,37133512818,10975288,934,1991.0,2011.0
4687,2024-04-09,2016.0,2039.0,1984.0,1996.0,33253183644,9828838,669,1994.0,2004.0
4688,2024-04-13,1954.0,1983.0,1903.0,1945.0,89986506731,27582187,1681,1996.0,1956.0
4689,2024-04-14,1926.0,1926.0,1926.0,1942.0,17754124696,5452741,171,1945.0,1926.0
4690,2024-04-15,1926.0,1961.0,1926.0,1952.0,68541850887,20694557,498,1942.0,1961.0
4691,2024-04-16,1968.0,1968.0,1932.0,1933.0,149451664539,45712231,1083,1952.0,1932.0
4692,2024-04-17,1915.0,1946.0,1914.0,1933.0,48070968952,14720117,1270,1933.0,1943.0
4693,2024-04-20,1934.0,2033.0,1934.0,1992.0,108540361435,32086717,1414,1933.0,2031.0
4694,2024-04-21,2023.0,2064.0,1986.0,2005.0,55409534662,16214141,1139,1992.0,2006.0
4695,2024-04-22,2038.0,2038.0,1964.0,1991.0,92979635694,27683001,1253,2005.0,1987.0
4696,2024-04-23,1981.0,2005.0,1958.0,1984.0,62762096091,18780677,964,1991.0,1997.0
4697,2024-04-24,1971.0,2003.0,1949.0,1977.0,56392190575,16938841,870,1984.0,1964.0
4698,2024-04-27,1946.0,2016.0,1946.0,1977.0,87341097865,26138217,1581,1977.0,1972.0
4699,2024-04-28,1948.0,1977.0,1924.0,1961.0,57186421379,17401373,969,1977.0,1940.0
4700,2024-04-29,1971.0,1972.0,1924.0,1955.0,71603791028,21709583,1789,1961.0,1964.0
4701,2024-04-30,1926.0,1964.0,1915.0,1943.0,48486860901,14893135,813,1955.0,1935.0
4702,2024-05-01,1961.0,1961.0,1917.0,1942.0,35520199545,10830027,929,1943.0,1938.0
4703,2024-05-05,1951.0,1951.0,1917.0,1939.0,46171719426,14123462,1377,1942.0,1924.0
4704,2024-05-06,1917.0,1917.0,1885.0,1922.0,44705607212,13952931,917,1939.0,1893.0
4705,2024-05-07,1887.0,1928.0,1874.0,1900.0,131372187561,40883290,1631,1922.0,1916.0
4706,2024-05-08,1901.0,1938.0,1866.0,1896.0,44003693636,13786469,905,1900.0,1880.0
4707,2024-05-11,1869.0,1891.0,1849.0,1881.0,64874876463,20536605,1633,1896.0,1883.0
4708,2024-05-12,1846.0,1881.0,1842.0,1874.0,41584144314,13215510,960,1881.0,1873.0
4709,2024-05-13,1866.0,1866.0,1786.0,1846.0,51805718372,16897352,1007,1874.0,1799.0
4710,2024-05-14,1787.0,1863.0,1787.0,1842.0,67769790844,21797746,1282,1846.0,1847.0
4711,2024-05-15,1859.0,1891.0,1800.0,1842.0,50569259619,16227196,645,1842.0,1845.0
4712,2024-05-18,1845.0,1870.0,1800.0,1834.0,44658206515,14505433,894,1842.0,1809.0
4713,2024-05-19,1795.0,1827.0,1760.0,1799.0,79388317285,26336593,1815,1834.0,1786.0
4714,2024-05-21,1764.0,1809.0,1764.0,1796.0,22365498622,7422808,1099,1799.0,1804.0
4715,2024-05-25,1796.0,1810.0,1760.0,1784.0,50412318655,16862716,1129,1796.0,1760.0
4716,2024-05-26,1757.0,1781.0,1748.0,1777.0,25821243468,8720477,382,1784.0,1748.0
4717,2024-05-27,1741.0,1748.0,1741.0,1756.0,68269324673,23189273,452,1777.0,1741.0
4718,2024-05-28,1757.0,1774.0,1728.0,1757.0,34684340917,11661783,805,1756.0,1770.0
4719,2024-05-29,1790.0,1790.0,1765.0,1761.0,24493394119,8146616,538,1757.0,1784.0
4720,2024-06-01,1774.0,1784.0,1761.0,1762.0,30519417978,10220793,426,1761.0,1764.0
4721,2024-06-02,1771.0,1774.0,1733.0,1761.0,26657361141,8971557,405,1762.0,1744.0
4722,2024-06-05,1736.0,1772.0,1726.0,1755.0,37380988931,12685578,634,1761.0,1761.0
4723,2024-06-08,1762.0,1762.0,1720.0,1747.0,31224944460,10730098,416,1755.0,1720.0
4724,2024-06-09,1712.0,1755.0,1712.0,1741.0,34468467219,11810741,808,1747.0,1727.0
4725,2024-06-10,1755.0,1757.0,1724.0,1741.0,29667171029,10084692,515,1741.0,1741.0
4726,2024-06-11,1741.0,1756.0,1725.0,1741.0,33994294652,11552556,824,1741.0,1744.0
4727,2024-06-12,1733.0,1745.0,1706.0,1734.0,38250335097,13162058,584,1741.0,1742.0
4728,2024-06-15,1716.0,1735.0,1699.0,1728.0,20401448878,7079683,310,1734.0,1699.0
4729,2024-06-16,1694.0,1706.0,1694.0,1716.0,42495724717,14831264,385,1728.0,1694.0
4730,2024-06-18,1686.0,1735.0,1681.0,1718.0,100981432708,34756229,1725,1716.0,1727.0
4731,2024-06-19,1715.0,1752.0,1700.0,1730.0,71954418033,24490308,632,1718.0,1752.0
4732,2024-06-22,1743.0,1764.0,1743.0,1749.0,171300811270,57905309,1044,1730.0,1757.0
4733,2024-06-23,1774.0,1784.0,1767.0,1764.0,84386176968,28181594,1457,1749.0,1774.0
4734,2024-06-24,1774.0,1799.0,1773.0,1778.0,87226061240,28923163,2310,1764.0,1799.0
4735,2024-06-26,1812.0,1813.0,1798.0,1793.0,56880312810,18572522,584,1778.0,1813.0
4736,2024-06-29,1833.0,1858.0,1794.0,1801.0,31234304857,10127531,947,1793.0,1829.0
4737,2024-06-30,1828.0,1833.0,1757.0,1787.0,147293978261,48751688,2343,1801.0,1797.0
4738,2024-07-01,1786.0,1796.0,1777.0,1787.0,68981520834,22833972,1157,1787.0,1787.0
4739,2024-07-02,1787.0,1845.0,1774.0,1802.0,49080137759,15917024,516,1787.0,1833.0
4740,2024-07-03,1863.0,1874.0,1802.0,1809.0,60242954238,19614253,990,1802.0,1828.0
4741,2024-07-06,1917.0,1917.0,1917.0,1890.0,94864752044,29261182,495,1809.0,1917.0
4742,2024-07-07,1946.0,1999.0,1916.0,1970.0,453339622355,136103304,2551,1890.0,1962.0
4743,2024-07-14,1970.0,2022.0,1914.0,1959.0,100359540543,34017516,1243,1970.0,2009.0
4744,2024-07-17,1964.0,2009.0,1924.0,1942.0,114263270687,39039477,1061,1959.0,1936.0
4745,2024-07-20,1904.0,1944.0,1893.0,1924.0,85703719003,29649313,992,1942.0,1919.0
4746,2024-07-21,1894.0,1943.0,1873.0,1907.0,76432098764,26698732,537,1924.0,1924.0
4747,2024-07-22,1879.0,1942.0,1879.0,1907.0,29675245702,10314770,390,1907.0,1907.0
4748,2024-07-23,1896.0,1940.0,1877.0,1902.0,65980197176,23048769,572,1907.0,1922.0
4749,2024-07-24,1922.0,1922.0,1874.0,1894.0,62183194711,21851565,497,1902.0,1897.0
4750,2024-07-27,1877.0,1915.0,1870.0,1886.0,46128303397,16323737,699,1894.0,1874.0
4751,2024-07-29,1865.0,1892.0,1798.0,1842.0,132638764097,47750910,849,1886.0,1833.0
4752,2024-07-30,1841.0,1859.0,1808.0,1841.0,34572335866,12470764,806,1842.0,1849.0
4753,2024-07-31,1808.0,1841.0,1756.0,1788.0,111954418038,41521052,1442,1841.0,1773.0
4754,2024-08-03,1745.0,1788.0,1712.0,1733.0,159483577511,61032638,1643,1788.0,1724.0
4755,2024-08-04,1715.0,1733.0,1715.0,1726.0,57388968319,22133331,1828,1733.0,1723.0
4756,2024-08-05,1724.0,1741.0,1709.0,1725.0,35123038637,13526041,571,1726.0,1732.0
4757,2024-08-06,1724.0,1737.0,1707.0,1720.0,89363541944,34477047,1840,1725.0,1718.0
4758,2024-08-10,1704.0,1728.0,1704.0,1719.0,35892893429,13849814,382,1720.0,1718.0
4759,2024-08-11,1706.0,1724.0,1703.0,1710.0,102407380659,39745334,911,1719.0,1704.0
4760,2024-08-12,1704.0,1722.0,1694.0,1703.0,58032322886,22699667,892,1710.0,1694.0
4761,2024-08-13,1686.0,1703.0,1686.0,1698.0,36627855228,14385541,441,1703.0,1696.0
4762,2024-08-14,1682.0,1715.0,1682.0,1705.0,53455413629,20697463,492,1698.0,1715.0
4763,2024-08-17,1738.0,1739.0,1711.0,1715.0,40254311031,15375633,444,1705.0,1739.0
4764,2024-08-18,1737.0,1749.0,1704.0,1728.0,52018739846,19769051,413,1715.0,1749.0
4765,2024-08-19,1762.0,1763.0,1717.0,1735.0,54043960583,20537334,699,1728.0,1749.0
4766,2024-08-20,1719.0,1751.0,1702.0,1719.0,85867432729,33251744,596,1735.0,1724.0
4767,2024-08-21,1735.0,1737.0,1717.0,1721.0,32660107666,12546626,608,1719.0,1737.0
4768,2024-08-24,1746.0,1755.0,1723.0,1729.0,164536008224,63095421,1135,1721.0,1755.0
4769,2024-08-26,1761.0,1764.0,1734.0,1749.0,82486605562,31105515,831,1729.0,1764.0
4770,2024-08-27,1776.0,1776.0,1721.0,1749.0,53099409577,20119761,1033,1749.0,1770.0
4771,2024-08-28,1749.0,1784.0,1749.0,1761.0,46022656667,17156067,621,1749.0,1784.0
4772,2024-08-31,1796.0,1796.0,1796.0,1776.0,55814265748,20610881,268,1761.0,1796.0
4773,2024-09-01,1812.0,1812.0,1806.0,1812.0,197421258159,72263095,714,1776.0,1812.0
4774,2024-09-03,1847.0,1847.0,1833.0,1828.0,60226542946,21635458,729,1812.0,1845.0
4775,2024-09-07,1800.0,1855.0,1774.0,1803.0,76165499406,28223807,1271,1828.0,1799.0
4776,2024-09-08,1802.0,1806.0,1775.0,1789.0,86633699009,32202794,1025,1803.0,1784.0
4777,2024-09-09,1789.0,1814.0,1785.0,1792.0,33404701366,12318695,475,1789.0,1790.0
4778,2024-09-10,1791.0,1845.0,1784.0,1802.0,50222487939,18325343,645,1792.0,1810.0
4779,2024-09-11,1810.0,1856.0,1784.0,1802.0,48429612064,17818806,678,1802.0,1803.0
4780,2024-09-14,1798.0,1817.0,1782.0,1801.0,53002255558,19536048,588,1802.0,1797.0
4781,2024-09-15,1800.0,1816.0,1771.0,1798.0,41574161884,15384446,762,1801.0,1800.0
4782,2024-09-16,1798.0,1807.0,1768.0,1795.0,22415891426,8332172,339,1798.0,1797.0
4783,2024-09-17,1770.0,1830.0,1770.0,1796.0,67333627375,24838761,731,1795.0,1829.0
4784,2024-09-18,1826.0,1845.0,1797.0,1809.0,50026561151,18154312,555,1796.0,1828.0
4785,2024-09-22,1817.0,1842.0,1793.0,1813.0,39036900054,14217168,496,1809.0,1817.0
4786,2024-09-23,1817.0,1867.0,1806.0,1855.0,193940942607,69314144,992,1813.0,1867.0
4787,2024-09-24,1902.0,1910.0,1870.0,1910.0,163720133683,56840685,856,1855.0,1910.0
4788,2024-09-25,1967.0,1967.0,1932.0,1960.0,246176395354,83285871,1504,1910.0,1942.0
4789,2024-09-28,1941.0,1967.0,1941.0,1942.0,306774908719,104752845,1157,1960.0,1941.0
4790,2024-09-29,1923.0,1961.0,1923.0,1959.0,151737574597,51362325,1089,1942.0,1956.0
4791,2024-09-30,1961.0,1978.0,1941.0,1963.0,112943473094,38157611,840,1959.0,1952.0
4792,2024-10-01,1944.0,1944.0,1944.0,1944.0,133804098057,45651347,529,1963.0,1944.0
4793,2024-10-02,1924.0,1952.0,1924.0,1930.0,81129123830,27955196,370,1944.0,1924.0
4794,2024-10-05,1911.0,1911.0,1911.0,1927.0,20881311968,7245424,145,1930.0,1911.0
4795,2024-10-06,1908.0,1908.0,1908.0,1925.0,13837360173,4809649,73,1927.0,1908.0
4796,2024-10-07,1906.0,1942.0,1906.0,1912.0,99408966600,34510923,755,1925.0,1912.0
4797,2024-10-08,1923.0,1931.0,1894.0,1909.0,82077609617,28531435,706,1912.0,1925.0
4798,2024-10-09,1926.0,1928.0,1896.0,1910.0,35680618737,12364128,418,1909.0,1922.0
4799,2024-10-12,1910.0,1961.0,1867.0,1902.0,95373201888,33294653,730,1910.0,1914.0
4800,2024-10-13,1877.0,1941.0,1857.0,1898.0,105329942789,36792348,1296,1902.0,1927.0
4801,2024-10-14,1916.0,1916.0,1842.0,1883.0,49347418571,17581212,548,1898.0,1842.0
4802,2024-10-15,1826.0,1877.0,1826.0,1850.0,90659053330,32652454,599,1883.0,1850.0
4803,2024-10-16,1810.0,1890.0,1810.0,1855.0,43569985983,15498451,476,1850.0,1868.0
4804,2024-10-19,1805.0,1847.0,1800.0,1816.0,84052163789,30952212,473,1855.0,1800.0
4805,2024-10-20,1763.0,1799.0,1761.0,1774.0,86421177659,32536258,555,1816.0,1761.0
4806,2024-10-21,1732.0,1782.0,1731.0,1771.0,27104536268,10213423,410,1774.0,1777.0
4807,2024-10-22,1783.0,1783.0,1718.0,1758.0,30944635294,11900338,506,1771.0,1718.0
4808,2024-10-23,1706.0,1723.0,1706.0,1743.0,30978733985,12043928,477,1758.0,1706.0
4809,2024-10-26,1744.0,1795.0,1744.0,1762.0,45086171176,16663602,279,1743.0,1795.0
4810,2024-10-27,1814.0,1814.0,1814.0,1812.0,120836195136,44165276,404,1762.0,1814.0
4811,2024-10-28,1866.0,1866.0,1832.0,1845.0,111692884143,40033829,708,1812.0,1837.0
4812,2024-10-29,1843.0,1843.0,1792.0,1830.0,44095616486,16221972,508,1845.0,1808.0
4813,2024-10-30,1784.0,1878.0,1784.0,1835.0,66963441746,24147749,469,1830.0,1844.0
4814,2024-11-02,1805.0,1873.0,1800.0,1839.0,46225902411,16607369,425,1835.0,1802.0
4815,2024-11-03,1784.0,1790.0,1784.0,1830.0,19619871750,7293404,167,1839.0,1784.0
4816,2024-11-04,1775.0,1824.0,1775.0,1812.0,69902461968,25748619,724,1830.0,1810.0
4817,2024-11-05,1776.0,1866.0,1776.0,1828.0,68410110654,24646444,489,1812.0,1830.0
4818,2024-11-06,1790.0,1849.0,1774.0,1816.0,49395468607,18196755,919,1828.0,1806.0
4819,2024-11-09,1806.0,1871.0,1806.0,1839.0,57203225928,20333920,541,1816.0,1871.0
4820,2024-11-10,1866.0,1894.0,1866.0,1879.0,92412946338,32364431,435,1839.0,1894.0
4821,2024-11-11,1936.0,1936.0,1902.0,1934.0,254861078223,87376639,1046,1879.0,1936.0
4822,2024-11-12,1904.0,1955.0,1903.0,1932.0,79030799550,27157458,678,1934.0,1910.0
4823,2024-11-13,1904.0,1958.0,1877.0,1934.0,71357905982,24429380,712,1932.0,1955.0
4824,2024-11-16,1963.0,1992.0,1963.0,1991.0,126065930486,41974769,621,1934.0,1992.0
4825,2024-11-17,2051.0,2051.0,2003.0,2045.0,183424379932,59470830,1311,1991.0,2051.0
4826,2024-11-18,2106.0,2106.0,2062.0,2104.0,127444558306,40135780,468,2045.0,2106.0
4827,2024-11-19,2167.0,2167.0,2137.0,2166.0,352902722547,108063072,1229,2104.0,2142.0
4828,2024-11-20,2122.0,2230.0,2122.0,2214.0,458248517754,137224136,2132,2166.0,2230.0
4829,2024-11-23,2231.0,2268.0,2177.0,2244.0,168299081722,49740795,1378,2214.0,2258.0
4830,2024-11-24,2303.0,2311.0,2253.0,2308.0,514157871291,147692802,2028,2244.0,2311.0
4831,2024-11-25,2354.0,2377.0,2314.0,2375.0,495410600763,138292275,1762,2308.0,2377.0
4832,2024-11-26,2425.0,2444.0,2304.0,2349.0,592676706124,167296094,4594,2375.0,2346.0
4833,2024-11-27,2285.0,2420.0,2285.0,2371.0,350874270175,98106605,1894,2349.0,2408.0
4834,2024-11-30,2387.0,2419.0,2300.0,2336.0,256116735635,72702217,1679,2371.0,2301.0
4835,2024-12-01,2301.0,2347.0,2266.0,2310.0,114229066213,32806096,928,2336.0,2327.0
4836,2024-12-02,2327.0,2379.0,2327.0,2377.0,359652913554,100325795,1296,2310.0,2379.0
4837,2024-12-03,2445.0,2445.0,2334.0,2395.0,171967064510,47615507,1386,2377.0,2357.0
4838,2024-12-04,2392.0,2420.0,2339.0,2383.0,245561045680,68331251,2076,2395.0,2387.0
4839,2024-12-07,2329.0,2357.0,2312.0,2313.0,465764391064,133537028,1627,2383.0,2321.0
4840,2024-12-08,2308.0,2308.0,2244.0,2268.0,109120714710,31923209,926,2313.0,2288.0
4841,2024-12-09,2288.0,2336.0,2288.0,2335.0,247312076417,70214218,1142,2268.0,2336.0
4842,2024-12-10,2374.0,2381.0,2281.0,2319.0,138582715625,39629896,1068,2335.0,2296.0
4843,2024-12-11,2288.0,2388.0,2282.0,2347.0,261414557842,73873421,1503,2319.0,2388.0
4844,2024-12-14,2417.0,2417.0,2417.0,2417.0,361555784055,99192259,975,2347.0,2417.0
4845,2024-12-15,2489.0,2489.0,2460.0,2489.0,800039308662,213164016,3022,2417.0,2489.0
4846,2024-12-16,2560.0,2563.0,2495.0,2555.0,848110990745,220107286,3503,2489.0,2553.0
4847,2024-12-17,2545.0,2611.0,2479.0,2530.0,628697162993,164803449,3537,2555.0,2479.0
4848,2024-12-18,2454.0,2605.0,2454.0,2576.0,294813700308,75881520,2639,2530.0,2605.0
4849,2024-12-21,2653.0,2653.0,2608.0,2653.0,424803552555,106180017,1766,2576.0,2653.0
4850,2024-12-22,2653.0,2733.0,2591.0,2708.0,703201896509,172191751,2642,2653.0,2692.0
4851,2024-12-23,2708.0,2789.0,2652.0,2772.0,242193976691,57947535,1666,2708.0,2789.0
4852,2024-12-24,2851.0,2851.0,2705.0,2784.0,233466864003,55618236,1768,2772.0,2776.0
4853,2024-12-25,2752.0,2784.0,2701.0,2707.0,335504608726,82174306,2020,2784.0,2701.0
4854,2024-12-28,2629.0,2701.0,2627.0,2628.0,254299851653,64160624,1685,2707.0,2627.0
4855,2024-12-29,2569.0,2619.0,2550.0,2551.0,183967727490,47826038,1272,2628.0,2550.0
4856,2024-12-30,2481.0,2509.0,2475.0,2477.0,124345403735,33291056,1406,2551.0,2475.0
4857,2024-12-31,2473.0,2551.0,2471.0,2520.0,132130193858,34775594,1449,2477.0,2491.0
4858,2025-01-01,2463.0,2546.0,2463.0,2519.0,127460549065,33548250,1555,2520.0,2520.0
4859,2025-01-04,2465.0,2594.0,2465.0,2591.0,293177601784,75010691,1452,2519.0,2594.0
4860,2025-01-05,2631.0,2644.0,2547.0,2584.0,166604391447,42756983,1384,2591.0,2553.0
4861,2025-01-06,2524.0,2613.0,2509.0,2577.0,71793979798,18501446,1164,2584.0,2613.0
4862,2025-01-07,2553.0,2646.0,2553.0,2605.0,119788320867,30482791,1311,2577.0,2638.0
4863,2025-01-08,2603.0,2651.0,2592.0,2605.0,166375621941,42361544,1433,2605.0,2605.0
4864,2025-01-11,2620.0,2620.0,2527.0,2538.0,223191755700,58324588,2614,2605.0,2527.0
4865,2025-01-12,2463.0,2520.0,2462.0,2479.0,156185171727,41769734,1888,2538.0,2463.0
4866,2025-01-13,2422.0,2520.0,2422.0,2481.0,121857617770,32562497,1492,2479.0,2475.0
4867,2025-01-15,2518.0,2518.0,2416.0,2466.0,159679027104,42936519,1487,2481.0,2470.0
4868,2025-01-18,2470.0,2470.0,2392.0,2392.0,180943186725,50144852,797,2466.0,2392.0
4869,2025-01-19,2336.0,2453.0,2336.0,2394.0,92885489860,25729237,1015,2392.0,2363.0
4870,2025-01-20,2420.0,2420.0,2322.0,2353.0,126285071590,35581692,1557,2394.0,2324.0
4871,2025-01-21,2334.0,2417.0,2295.0,2357.0,96949792996,27259672,930,2353.0,2404.0
4872,2025-01-22,2400.0,2414.0,2381.0,2401.0,166409438754,45957136,1055,2357.0,2392.0
4873,2025-01-25,2402.0,2427.0,2370.0,2396.0,94378167138,26129062,1410,2401.0,2373.0
4874,2025-01-26,2428.0,2428.0,2326.0,2389.0,105472801021,29293992,1911,2396.0,2332.0
4875,2025-01-27,2335.0,2409.0,2326.0,2378.0,86385611621,24128697,926,2389.0,2346.0
4876,2025-01-29,2329.0,2399.0,2329.0,2373.0,109257995283,30537025,1439,2378.0,2374.0
4877,2025-02-22,2326.0,2326.0,2257.0,2278.0,143478205978,57917887,2490,2373.0,2262.0
4878,2025-02-23,2296.0,2346.0,2236.0,2296.0,92780408231,37084705,1227,2278.0,2322.0
4879,2025-02-24,2336.0,2364.0,2307.0,2364.0,539494367729,209839405,1543,2296.0,2364.0
4880,2025-02-25,2391.0,2435.0,2372.0,2425.0,250250372672,94916622,1552,2364.0,2424.0
4881,2025-02-26,2492.0,2492.0,2364.0,2433.0,138461782444,52328080,1130,2425.0,2428.0
4882,2025-03-01,2391.0,2464.0,2382.0,2416.0,105760233229,40275247,1855,2433.0,2384.0
4883,2025-03-02,2434.0,2450.0,2383.0,2416.0,77937806932,29677568,966,2416.0,2437.0
4884,2025-03-03,2388.0,2388.0,2344.0,2346.0,138535729794,54306804,671,2416.0,2345.0
4885,2025-03-04,2300.0,2388.0,2300.0,2347.0,50437644085,19747411,633,2346.0,2356.0
4886,2025-03-05,2291.0,2394.0,2290.0,2344.0,40133177459,15774785,1113,2347.0,2354.0
4887,2025-03-08,2302.0,2359.0,2274.0,2303.0,108670486489,43443938,1670,2344.0,2275.0
4888,2025-03-09,2235.0,2303.0,2234.0,2274.0,97573768651,39547925,2847,2303.0,2263.0
4889,2025-03-10,2306.0,2326.0,2206.0,2233.0,135660587101,55865401,2080,2274.0,2242.0
4890,2025-03-11,2239.0,2239.0,2166.0,2207.0,43545856433,18472996,603,2233.0,2167.0
4891,2025-03-12,2142.0,2235.0,2141.0,2179.0,145154269193,61241307,3372,2207.0,2225.0
4892,2025-03-15,2230.0,2245.0,2207.0,2239.0,176655777117,72558951,1168,2179.0,2245.0
4893,2025-03-16,2264.0,2279.0,2188.0,2230.0,138219247670,56994733,1911,2239.0,2224.0
4894,2025-03-17,2234.0,2253.0,2182.0,2222.0,84183244460,34880870,1336,2230.0,2207.0
4895,2025-03-18,2157.0,2221.0,2156.0,2176.0,96744458565,41073853,1800,2222.0,2175.0
4896,2025-03-25,2206.0,2207.0,2147.0,2182.0,82519859318,34730417,956,2176.0,2205.0
4897,2025-03-26,2207.0,2207.0,2149.0,2170.0,81024670630,34413951,1165,2182.0,2181.0
4898,2025-03-29,2188.0,2188.0,2117.0,2159.0,44589164771,19144843,913,2170.0,2128.0
4899,2025-03-30,2124.0,2161.0,2101.0,2149.0,68339974651,29337512,1357,2159.0,2121.0
4900,2025-04-05,2197.0,2197.0,2088.0,2130.0,68432313225,29745531,2273,2149.0,2092.0
4901,2025-04-06,2128.0,2128.0,2079.0,2115.0,43940760872,19319555,984,2130.0,2084.0
4902,2025-04-07,2114.0,2114.0,2051.0,2103.0,45386505683,20016017,811,2115.0,2096.0
4903,2025-04-08,2165.0,2165.0,2153.0,2165.0,130741613983,55519406,648,2103.0,2165.0
4904,2025-04-09,2184.0,2184.0,2104.0,2156.0,44238430920,19004512,771,2165.0,2136.0
4905,2025-04-12,2159.0,2161.0,2096.0,2153.0,27043337825,11588031,590,2156.0,2151.0
4906,2025-04-13,2218.0,2218.0,2217.0,2207.0,101441848490,42057152,501,2153.0,2218.0
4907,2025-04-14,2273.0,2273.0,2235.0,2263.0,143309552676,58241911,1151,2207.0,2261.0
4908,2025-04-15,2263.0,2263.0,2196.0,2230.0,82457659621,34261264,911,2263.0,2205.0
4909,2025-04-16,2196.0,2256.0,2164.0,2230.0,56042714613,23115884,796,2230.0,2239.0
4910,2025-04-19,2244.0,2296.0,2236.0,2282.0,101586721842,40726499,864,2230.0,2296.0
4911,2025-04-20,2350.0,2350.0,2350.0,2350.0,259112480760,101374210,893,2282.0,2350.0
4912,2025-04-21,2420.0,2420.0,2355.0,2415.0,242522993333,92347219,1223,2350.0,2370.0
4913,2025-04-22,2408.0,2408.0,2343.0,2359.0,173973092042,67793326,1413,2415.0,2343.0
4914,2025-04-23,2343.0,2404.0,2295.0,2370.0,136177725350,52848929,1005,2359.0,2399.0
4915,2025-04-26,2392.0,2428.0,2326.0,2381.0,100010958446,38598159,956,2370.0,2391.0
4916,2025-04-27,2311.0,2352.0,2310.0,2343.0,70992147591,28166643,1148,2381.0,2348.0
4917,2025-04-28,2280.0,2413.0,2280.0,2407.0,1000238822343,382120812,2827,2343.0,2413.0
4918,2025-04-29,2479.0,2479.0,2462.0,2479.0,1750624993648,649371072,4633,2407.0,2479.0
4919,2025-04-30,2553.0,2553.0,2480.0,2527.0,957099948635,348337576,4263,2479.0,2501.0
4920,2025-05-03,2451.0,2473.0,2451.0,2451.0,254877489357,95598796,1174,2527.0,2451.0
4921,2025-05-04,2382.0,2455.0,2379.0,2393.0,291000717183,111824074,2802,2451.0,2395.0
4922,2025-05-05,2391.0,2435.0,2325.0,2367.0,162017111054,62935097,1827,2393.0,2335.0
4923,2025-05-06,2336.0,2379.0,2296.0,2308.0,270271170119,107687294,1912,2367.0,2313.0
4924,2025-05-07,2354.0,2374.0,2299.0,2325.0,86672119186,34222517,1218,2308.0,2324.0
4925,2025-05-10,2256.0,2322.0,2256.0,2261.0,133290193812,54206652,2023,2325.0,2256.0
4926,2025-05-11,2253.0,2253.0,2194.0,2199.0,123315996308,51551093,1188,2261.0,2205.0
4927,2025-05-12,2265.0,2265.0,2235.0,2262.0,111492677134,45268695,881,2199.0,2265.0
4928,2025-05-13,2321.0,2329.0,2253.0,2301.0,152453656817,60935294,1240,2262.0,2318.0
4929,2025-05-14,2336.0,2353.0,2279.0,2316.0,80081019303,31691726,767,2301.0,2280.0
4930,2025-05-17,2299.0,2315.0,2247.0,2272.0,113967934215,46154264,2343,2316.0,2280.0
4931,2025-05-18,2274.0,2288.0,2226.0,2261.0,61538456820,25134418,1123,2272.0,2244.0
4932,2025-05-19,2262.0,2328.0,2229.0,2293.0,207004304407,82994262,1689,2261.0,2253.0
4933,2025-05-20,2253.0,2290.0,2225.0,2239.0,424289358641,174239608,3106,2293.0,2225.0
4934,2025-05-21,2172.0,2201.0,2172.0,2172.0,354659937944,150125334,1764,2239.0,2190.0
4935,2025-05-24,2207.0,2207.0,2134.0,2155.0,197597234528,84287424,1777,2172.0,2161.0
4936,2025-05-25,2137.0,2160.0,2091.0,2101.0,185699422396,81278099,1372,2155.0,2104.0
4937,2025-05-26,2127.0,2127.0,2069.0,2104.0,83481643578,36465902,780,2101.0,2114.0
4938,2025-05-27,2107.0,2166.0,2104.0,2128.0,258754247032,111817287,1473,2104.0,2140.0
4939,2025-05-28,2169.0,2169.0,2071.0,2093.0,237964739051,104554062,3125,2128.0,2075.0
4940,2025-05-31,2122.0,2155.0,2082.0,2147.0,352626964772,151011318,2197,2093.0,2133.0
4941,2025-06-01,2142.0,2178.0,2105.0,2127.0,94400222619,40922304,1189,2147.0,2124.0
4942,2025-06-02,2151.0,2151.0,2114.0,2123.0,114403955001,49562920,969,2127.0,2127.0
4943,2025-06-03,2146.0,2146.0,2086.0,2111.0,58025282814,25434243,802,2123.0,2098.0
4944,2025-06-07,2080.0,2105.0,2049.0,2066.0,159267243339,70883508,1884,2111.0,2052.0
4945,2025-06-08,2044.0,2092.0,2044.0,2066.0,67463402118,30030518,885,2066.0,2060.0
4946,2025-06-09,2106.0,2106.0,2005.0,2029.0,163113632070,73902921,2297,2066.0,2009.0
4947,2025-06-10,2032.0,2068.0,2005.0,2021.0,92587622402,42155271,847,2029.0,2029.0
4948,2025-06-11,2022.0,2056.0,2022.0,2028.0,79331469281,35920582,859,2021.0,2029.0
4949,2025-06-28,1967.0,1967.0,1967.0,1989.0,74077353891,34631769,283,2028.0,1967.0
4950,2025-06-29,1930.0,1930.0,1930.0,1934.0,106301525110,50643890,350,1989.0,1930.0
4951,2025-06-30,1876.0,1879.0,1876.0,1876.0,678803817928,332746874,2268,1934.0,1876.0
4952,2025-07-01,1820.0,1820.0,1820.0,1848.0,53237043378,26900982,338,1876.0,1820.0
4953,2025-07-02,1793.0,1883.0,1793.0,1816.0,424014563825,214713292,2662,1848.0,1865.0
4954,2025-07-07,1844.0,1870.0,1807.0,1839.0,77705229682,38566680,937,1816.0,1813.0
4955,2025-07-08,1818.0,1856.0,1784.0,1811.0,64884712400,33350308,915,1839.0,1784.0
4956,2025-07-09,1777.0,1824.0,1765.0,1799.0,53359109123,27522837,1010,1811.0,1819.0
4957,2025-07-12,1852.0,1852.0,1811.0,1816.0,56477865646,28273266,650,1799.0,1842.0
4958,2025-07-13,1856.0,1864.0,1842.0,1829.0,49712022634,24726300,450,1816.0,1850.0
4959,2025-07-14,1865.0,1876.0,1853.0,1852.0,81750785719,40332381,830,1829.0,1862.0
4960,2025-07-15,1889.0,1907.0,1883.0,1889.0,111098421457,53941038,975,1852.0,1906.0
4961,2025-07-16,1902.0,1945.0,1902.0,1942.0,166530780957,78855531,1071,1889.0,1945.0
4962,2025-07-27,1884.0,1886.0,1884.0,1925.0,33681718719,17877090,356,1942.0,1884.0
4963,2025-07-28,1876.0,1876.0,1868.0,1872.0,151236142857,80777072,1195,1925.0,1868.0
4964,2025-07-29,1816.0,1816.0,1816.0,1864.0,16386098512,9023182,158,1872.0,1816.0
4965,2025-07-30,1809.0,1809.0,1809.0,1850.0,27620669466,15268474,249,1864.0,1809.0
