,date,open,high,low,adjClose,value,volume,count,yesterday,close
0,2003-06-21,109.0,111.0,107.0,111.0,2421230000,1660000,366,109.0,111.0
1,2003-06-23,116.0,116.0,116.0,116.0,310800000,200000,45,111.0,116.0
2,2003-06-25,122.0,122.0,122.0,122.0,4923989,3019,5,116.0,122.0
3,2003-06-28,128.0,128.0,128.0,128.0,1489440000,870000,232,122.0,128.0
4,2003-06-29,134.0,134.0,134.0,134.0,18509100,10300,4,128.0,134.0
5,2003-07-01,141.0,141.0,141.0,141.0,4715000,2500,2,134.0,141.0
6,2003-07-02,148.0,148.0,148.0,148.0,3366000,1700,1,141.0,148.0
7,2003-07-05,155.0,155.0,155.0,155.0,3326400,1600,2,148.0,155.0
8,2003-07-06,163.0,163.0,163.0,163.0,9819000,4500,3,155.0,163.0
9,2003-07-07,171.0,171.0,171.0,171.0,102407700,44700,22,163.0,171.0
10,2003-07-08,180.0,180.0,180.0,180.0,19004310,7902,4,171.0,180.0
11,2003-07-09,189.0,189.0,189.0,189.0,10100000,4000,4,180.0,189.0
12,2003-07-12,198.0,198.0,198.0,198.0,17483345,6595,13,189.0,198.0
13,2003-07-13,198.0,208.0,198.0,208.0,2959005832,1069276,408,198.0,208.0
14,2003-07-14,218.0,218.0,209.0,218.0,419751177,144037,64,208.0,218.0
15,2003-07-15,229.0,229.0,229.0,229.0,367890016,119912,53,218.0,229.0
16,2003-07-16,229.0,284.0,229.0,258.0,486679418,147956,120,229.0,258.0
17,2003-07-19,262.0,271.0,245.0,245.0,883612543,255461,159,258.0,245.0
18,2003-07-20,233.0,233.0,233.0,233.0,95758614,30751,23,245.0,233.0
19,2003-07-21,221.0,221.0,221.0,221.0,106473697,35983,15,233.0,221.0
20,2003-07-22,210.0,210.0,210.0,210.0,17670608,6284,6,221.0,210.0
21,2003-07-23,200.0,200.0,200.0,200.0,127526544,47727,29,210.0,200.0
22,2003-07-26,200.0,210.0,190.0,210.0,642416256,245750,151,200.0,210.0
23,2003-07-27,220.0,220.0,220.0,220.0,71416250,24250,14,210.0,220.0
24,2003-07-28,231.0,231.0,220.0,220.0,952192338,311963,166,220.0,220.0
25,2003-07-29,217.0,217.0,210.0,210.0,218011705,75729,47,220.0,210.0
26,2003-09-09,202.0,202.0,150.0,177.0,38935893,16430,16,210.0,177.0
27,2003-09-13,168.0,177.0,168.0,177.0,11283700,5010,6,177.0,177.0
28,2003-09-14,168.0,177.0,168.0,177.0,25599664,11367,7,177.0,177.0
29,2003-09-15,168.0,177.0,168.0,177.0,13573984,6027,4,177.0,177.0
30,2003-09-17,168.0,177.0,168.0,177.0,8362796,3713,4,177.0,177.0
31,2003-09-21,168.0,176.0,168.0,176.0,4985014,2219,2,177.0,176.0
32,2003-09-22,168.0,176.0,168.0,176.0,2303714,1027,3,176.0,176.0
33,2003-09-23,168.0,176.0,168.0,176.0,8655240,3860,3,176.0,176.0
34,2003-09-27,167.0,175.0,167.0,175.0,27339367,12221,8,176.0,175.0
35,2003-09-29,166.0,174.0,166.0,174.0,4973920,2240,2,175.0,174.0
36,2003-09-30,166.0,174.0,166.0,174.0,6205920,2800,4,174.0,174.0
37,2003-10-01,165.0,174.0,165.0,174.0,1113796,503,2,174.0,174.0
38,2003-10-04,165.0,173.0,165.0,173.0,14489660,6550,4,174.0,173.0
39,2003-10-05,165.0,172.0,165.0,172.0,23042177,10459,4,173.0,172.0
40,2003-10-07,164.0,172.0,164.0,172.0,808522,369,3,172.0,172.0
41,2003-10-08,164.0,166.0,164.0,164.0,680005756,310232,193,172.0,164.0
42,2003-10-11,164.0,167.0,164.0,164.0,212120108,96598,42,164.0,164.0
43,2003-10-13,164.0,172.0,163.0,164.0,73265216,33113,19,164.0,164.0
44,2003-10-14,164.0,172.0,164.0,165.0,73792989,33313,25,164.0,165.0
45,2003-10-15,157.0,164.0,156.0,164.0,37372250,17779,12,165.0,164.0
46,2003-10-18,155.0,161.0,155.0,161.0,79565282,38289,27,164.0,161.0
47,2003-10-19,153.0,158.0,153.0,158.0,101195145,49345,26,161.0,158.0
48,2003-10-20,153.0,158.0,153.0,158.0,5048997,2460,8,158.0,158.0
49,2003-10-21,157.0,158.0,157.0,158.0,7219328,3444,6,158.0,158.0
50,2003-10-22,156.0,157.0,156.0,157.0,41752670,20010,10,158.0,157.0
51,2003-10-25,157.0,164.0,157.0,158.0,109269712,51516,28,157.0,158.0
52,2003-10-26,166.0,166.0,158.0,158.0,17369040,7842,8,158.0,158.0
53,2003-10-27,166.0,166.0,159.0,159.0,28207971,12701,11,158.0,159.0
54,2003-10-28,167.0,167.0,159.0,159.0,3369270,1510,4,159.0,159.0
55,2003-10-29,167.0,167.0,163.0,163.0,132558145,59385,36,159.0,163.0
56,2003-11-01,167.0,170.0,164.0,164.0,74635460,33189,29,163.0,164.0
57,2003-11-02,171.0,172.0,166.0,166.0,104986509,46134,34,164.0,166.0
58,2003-11-03,166.0,167.0,166.0,166.0,5588750,2510,5,166.0,166.0
59,2003-11-04,167.0,173.0,166.0,167.0,131017459,58517,35,166.0,167.0
60,2003-11-05,167.0,173.0,167.0,167.0,31057367,13917,8,167.0,167.0
61,2003-11-08,166.0,167.0,166.0,167.0,17663953,7964,12,167.0,167.0
62,2003-11-09,160.0,164.0,158.0,164.0,84638374,39849,16,167.0,164.0
63,2003-11-10,156.0,161.0,156.0,161.0,115975912,55194,20,164.0,161.0
64,2003-11-11,158.0,160.0,157.0,160.0,76888421,36409,16,161.0,160.0
65,2003-11-12,159.0,161.0,157.0,159.0,102028470,48037,24,160.0,159.0
66,2003-11-15,159.0,161.0,159.0,159.0,102620049,47999,36,159.0,159.0
67,2003-11-17,159.0,160.0,159.0,159.0,30511707,14288,15,159.0,159.0
68,2003-11-18,160.0,162.0,157.0,160.0,133363457,62405,29,159.0,160.0
69,2003-11-19,159.0,160.0,157.0,159.0,135758795,64050,26,160.0,159.0
70,2003-11-22,157.0,158.0,156.0,158.0,68368992,32585,28,159.0,158.0
71,2003-11-23,157.0,158.0,153.0,158.0,35214787,16959,14,158.0,158.0
72,2003-11-24,151.0,157.0,151.0,157.0,31703183,15578,21,158.0,157.0
73,2003-11-25,153.0,157.0,152.0,154.0,269172725,130333,45,157.0,154.0
74,2003-11-29,154.0,159.0,154.0,156.0,159062079,75387,25,154.0,156.0
75,2003-11-30,156.0,157.0,156.0,156.0,29908510,14291,9,156.0,156.0
76,2003-12-01,161.0,161.0,157.0,157.0,62280651,28984,22,156.0,157.0
77,2003-12-02,159.0,162.0,158.0,158.0,16414957,7671,11,157.0,158.0
78,2003-12-03,162.0,165.0,158.0,158.0,21830973,10078,16,158.0,158.0
79,2003-12-06,166.0,166.0,160.0,160.0,74332734,33544,21,158.0,160.0
80,2003-12-07,167.0,168.0,161.0,161.0,47971960,21390,22,160.0,161.0
81,2003-12-08,168.0,169.0,163.0,163.0,51490652,22764,15,161.0,163.0
82,2003-12-09,171.0,171.0,163.0,163.0,15146675,6635,7,163.0,163.0
83,2003-12-10,171.0,171.0,164.0,164.0,27947700,12210,14,163.0,164.0
84,2003-12-13,172.0,172.0,166.0,166.0,85699063,37277,40,164.0,166.0
85,2003-12-14,175.0,175.0,169.0,169.0,92801424,39761,20,166.0,169.0
86,2003-12-15,177.0,177.0,171.0,171.0,89879088,37908,24,169.0,171.0
87,2003-12-16,180.0,180.0,173.0,173.0,69344790,28810,19,171.0,173.0
88,2003-12-17,182.0,182.0,176.0,176.0,91400768,37552,19,173.0,176.0
89,2003-12-21,185.0,185.0,177.0,177.0,36965130,14960,16,176.0,177.0
90,2003-12-22,186.0,186.0,180.0,184.0,567237725,230851,107,177.0,184.0
91,2003-12-23,184.0,186.0,184.0,184.0,83111598,33686,21,184.0,184.0
92,2003-12-24,187.0,193.0,185.0,187.0,201851709,80088,39,184.0,187.0
93,2003-12-27,194.0,196.0,189.0,189.0,83736182,31974,19,187.0,189.0
94,2003-12-28,197.0,198.0,191.0,191.0,80642017,30552,18,189.0,191.0
95,2003-12-29,194.0,200.0,192.0,192.0,71610592,27166,27,191.0,192.0
96,2003-12-30,200.0,202.0,194.0,197.0,206989087,77381,63,192.0,197.0
97,2003-12-31,194.0,197.0,194.0,197.0,45903300,17655,9,197.0,197.0
98,2004-01-03,195.0,197.0,195.0,196.0,115571222,44145,33,197.0,196.0
99,2004-01-04,196.0,197.0,193.0,196.0,125835958,48273,34,196.0,196.0
100,2004-01-05,194.0,195.0,187.0,195.0,48057597,18936,14,196.0,195.0
101,2004-01-06,187.0,193.0,185.0,193.0,60728444,24495,24,195.0,193.0
102,2004-01-07,185.0,192.0,183.0,192.0,18486604,7524,8,193.0,192.0
103,2004-01-10,183.0,191.0,183.0,191.0,49403900,20175,27,192.0,191.0
104,2004-01-11,181.0,190.0,181.0,190.0,6950404,2868,5,191.0,190.0
105,2004-01-12,181.0,189.0,181.0,189.0,28157840,11635,18,190.0,189.0
106,2004-01-13,180.0,189.0,180.0,189.0,13413760,5570,3,189.0,189.0
107,2004-01-14,180.0,189.0,180.0,189.0,3344824,1392,4,189.0,189.0
108,2004-01-17,179.0,188.0,179.0,188.0,10796410,4498,7,189.0,188.0
109,2004-01-18,179.0,188.0,179.0,188.0,2348350,980,2,188.0,188.0
110,2004-01-19,179.0,188.0,179.0,188.0,7465712,3118,5,188.0,188.0
111,2004-01-20,179.0,188.0,179.0,188.0,4807130,2010,2,188.0,188.0
112,2004-01-21,179.0,186.0,179.0,186.0,47784920,20010,16,188.0,186.0
113,2004-01-24,177.0,185.0,177.0,185.0,52909234,22343,15,186.0,185.0
114,2004-01-25,175.0,184.0,175.0,184.0,11827356,5041,11,185.0,184.0
115,2004-01-26,175.0,184.0,175.0,184.0,13173030,5629,5,184.0,184.0
116,2004-01-27,175.0,184.0,175.0,184.0,2740155,1173,3,184.0,184.0
117,2004-01-28,174.0,183.0,174.0,183.0,12655352,5424,5,184.0,183.0
118,2004-01-31,174.0,183.0,174.0,183.0,3680187,1581,3,183.0,183.0
119,2004-02-01,174.0,183.0,174.0,183.0,4490775,1931,2,183.0,183.0
120,2004-02-03,174.0,183.0,174.0,183.0,8935438,3846,5,183.0,183.0
121,2004-02-07,173.0,182.0,173.0,182.0,2505720,1080,5,183.0,182.0
122,2004-02-08,173.0,182.0,173.0,182.0,7791968,3361,6,182.0,182.0
123,2004-02-09,173.0,182.0,173.0,182.0,2865922,1238,3,182.0,182.0
124,2004-02-14,173.0,181.0,173.0,181.0,37460074,16202,21,182.0,181.0
125,2004-02-15,172.0,181.0,172.0,181.0,1425330,620,3,181.0,181.0
126,2004-02-16,172.0,180.0,172.0,180.0,18582648,8093,5,181.0,180.0
127,2004-02-17,171.0,180.0,171.0,180.0,7954248,3476,5,180.0,180.0
128,2004-02-18,171.0,179.0,171.0,179.0,13584088,5947,4,180.0,179.0
129,2004-02-21,170.0,179.0,170.0,179.0,9529639,4181,5,179.0,179.0
130,2004-02-22,170.0,179.0,170.0,179.0,4276290,1880,4,179.0,179.0
131,2004-02-23,170.0,178.0,170.0,178.0,8464350,3725,7,179.0,178.0
132,2004-02-24,170.0,173.0,170.0,173.0,170334064,75103,44,178.0,173.0
133,2004-02-25,164.0,169.0,164.0,165.0,331591981,150516,102,173.0,165.0
134,2004-02-28,164.0,172.0,164.0,170.0,696240473,306977,161,165.0,170.0
135,2004-02-29,170.0,172.0,170.0,170.0,125755280,54742,34,170.0,170.0
136,2004-03-07,169.0,170.0,168.0,170.0,22908046,10154,11,170.0,170.0
137,2004-03-08,168.0,169.0,163.0,169.0,39116868,17879,21,170.0,169.0
138,2004-03-09,162.0,172.0,161.0,168.0,143714867,64305,51,169.0,168.0
139,2004-03-10,168.0,175.0,168.0,170.0,144587035,63036,31,168.0,170.0
140,2004-03-13,170.0,170.0,169.0,170.0,20500800,9045,11,170.0,170.0
141,2004-03-14,164.0,169.0,164.0,169.0,21306242,9671,12,170.0,169.0
142,2004-03-15,169.0,172.0,163.0,168.0,118338150,52817,28,169.0,168.0
143,2004-03-16,172.0,176.0,168.0,169.0,38420681,16567,15,168.0,169.0
144,2004-03-17,172.0,176.0,172.0,173.0,203187967,87077,28,169.0,173.0
145,2004-03-27,174.0,176.0,173.0,173.0,46813160,20010,7,173.0,173.0
146,2004-03-28,175.0,175.0,173.0,173.0,100552924,43183,22,173.0,173.0
147,2004-03-29,173.0,173.0,168.0,173.0,54499387,24031,14,173.0,173.0
148,2004-03-30,168.0,172.0,167.0,172.0,27148104,12110,10,173.0,172.0
149,2004-04-03,167.0,171.0,166.0,171.0,55933710,25181,10,172.0,171.0
150,2004-04-04,166.0,171.0,163.0,171.0,26808180,12245,10,171.0,171.0
151,2004-04-05,163.0,170.0,162.0,170.0,23259612,10721,9,171.0,170.0
152,2004-04-06,162.0,170.0,162.0,170.0,4122390,1908,3,170.0,170.0
153,2004-04-07,161.0,170.0,161.0,170.0,6516102,3019,6,170.0,170.0
154,2004-04-10,161.0,169.0,161.0,169.0,16243305,7537,12,170.0,169.0
155,2004-04-12,161.0,165.0,161.0,163.0,256886761,119165,59,169.0,163.0
156,2004-04-13,163.0,163.0,162.0,163.0,35475719,16395,17,163.0,163.0
157,2004-04-14,162.0,168.0,162.0,163.0,85246613,38722,31,163.0,163.0
158,2004-04-17,171.0,171.0,164.0,164.0,35728536,15582,16,163.0,164.0
159,2004-04-18,172.0,172.0,166.0,166.0,101900041,44247,21,164.0,166.0
160,2004-04-21,174.0,175.0,174.0,174.0,421319008,180520,43,166.0,174.0
161,2004-04-24,183.0,183.0,179.0,183.0,24906910851,10368847,106,174.0,183.0
162,2004-04-25,192.0,192.0,189.0,189.0,287702835,112165,43,183.0,189.0
163,2004-04-26,198.0,198.0,179.0,196.0,24631755076,10241540,97,189.0,196.0
164,2004-04-27,196.0,205.0,196.0,198.0,192317129,71331,42,196.0,198.0
165,2004-04-28,205.0,208.0,194.0,202.0,265936235,97294,71,198.0,202.0
166,2004-05-01,192.0,198.0,192.0,198.0,142843165,55689,39,202.0,198.0
167,2004-05-02,188.0,196.0,188.0,196.0,83665477,33187,28,198.0,196.0
168,2004-05-03,187.0,194.0,187.0,194.0,85776635,34379,22,196.0,194.0
169,2004-05-04,185.0,191.0,185.0,191.0,118964727,48183,27,194.0,191.0
170,2004-05-05,182.0,201.0,182.0,188.0,348761396,139364,86,191.0,188.0
171,2004-05-08,195.0,195.0,187.0,188.0,103224340,40571,31,188.0,188.0
172,2004-05-09,187.0,195.0,185.0,189.0,12073512692,4834205,35,188.0,189.0
173,2004-05-10,187.0,187.0,183.0,187.0,127455441,51791,31,189.0,187.0
174,2004-05-11,186.0,187.0,183.0,187.0,18474138,7484,11,187.0,187.0
175,2004-05-12,183.0,187.0,182.0,187.0,9900698,4058,5,187.0,187.0
176,2004-05-15,179.0,186.0,178.0,186.0,39792153,16629,17,187.0,186.0
177,2004-05-16,177.0,185.0,177.0,185.0,34910885,14761,12,186.0,185.0
178,2004-05-17,176.0,184.0,176.0,184.0,38919782,16533,8,185.0,184.0
179,2004-05-18,175.0,183.0,175.0,183.0,29137216,12446,8,184.0,183.0
180,2004-05-19,174.0,183.0,174.0,183.0,15896072,6816,16,183.0,183.0
181,2004-05-22,174.0,182.0,174.0,182.0,38756902,16662,18,183.0,182.0
182,2004-05-23,173.0,177.0,173.0,177.0,193897582,83793,63,182.0,177.0
183,2004-05-24,169.0,173.0,169.0,173.0,171827548,76232,36,177.0,173.0
184,2004-05-25,172.0,182.0,172.0,174.0,99423312,42497,37,173.0,174.0
185,2004-05-26,178.0,182.0,176.0,176.0,144247776,59885,42,174.0,176.0
186,2004-05-29,176.0,176.0,176.0,176.0,86237575,36666,16,176.0,176.0
187,2004-05-30,176.0,183.0,176.0,176.0,152230811,64296,30,176.0,176.0
188,2004-05-31,177.0,179.0,176.0,176.0,66233049,27968,14,176.0,176.0
189,2004-06-01,176.0,178.0,170.0,175.0,198236481,85169,42,176.0,175.0
190,2004-06-02,175.0,182.0,175.0,175.0,87255723,37083,32,175.0,175.0
191,2004-06-05,176.0,184.0,176.0,179.0,195321126,80005,47,175.0,179.0
192,2004-06-06,187.0,188.0,180.0,180.0,65944300,26281,19,179.0,180.0
193,2004-06-07,189.0,189.0,180.0,180.0,19282475,7625,8,180.0,180.0
194,2004-06-08,189.0,189.0,182.0,182.0,84181054,33221,23,180.0,182.0
195,2004-06-09,191.0,191.0,187.0,187.0,236965606,92604,36,182.0,187.0
196,2004-06-12,197.0,197.0,189.0,189.0,89887125,34165,28,187.0,189.0
197,2004-06-13,199.0,199.0,193.0,193.0,151385560,56955,30,189.0,193.0
198,2004-06-14,202.0,202.0,202.0,202.0,486885984,180128,78,193.0,202.0
199,2004-06-15,212.0,212.0,203.0,203.0,57417226,20232,18,202.0,203.0
200,2004-06-16,213.0,213.0,204.0,204.0,49995162,17518,24,203.0,204.0
201,2004-06-19,215.0,215.0,206.0,206.0,79151701,27589,13,204.0,206.0
202,2004-06-20,216.0,216.0,215.0,215.0,394595818,136444,69,206.0,215.0
203,2004-06-21,225.0,225.0,220.0,220.0,235384038,78149,37,215.0,220.0
204,2004-06-22,231.0,231.0,221.0,221.0,53670637,17409,31,220.0,221.0
205,2004-06-23,232.0,232.0,232.0,232.0,508236000,164000,70,221.0,232.0
206,2004-06-26,233.0,243.0,233.0,233.0,58866675,18135,20,232.0,233.0
207,2004-06-27,244.0,244.0,235.0,235.0,94975870,29045,29,233.0,235.0
208,2004-06-28,247.0,247.0,237.0,237.0,91813159,27831,23,235.0,237.0
209,2004-06-29,249.0,249.0,239.0,248.0,3604906536,1084643,338,237.0,248.0
210,2004-06-30,248.0,249.0,239.0,246.0,33760857293,10292512,176,248.0,246.0
211,2004-07-03,249.0,258.0,249.0,258.0,1528623912,443599,126,246.0,258.0
212,2004-07-04,270.0,270.0,270.0,270.0,800134655,221215,70,258.0,270.0
213,2004-07-05,284.0,284.0,284.0,284.0,655286260,172580,94,270.0,284.0
214,2004-07-06,298.0,298.0,298.0,298.0,674180082,169137,83,284.0,298.0
215,2004-07-07,313.0,313.0,313.0,313.0,1330315245,317877,152,298.0,313.0
216,2004-07-10,329.0,329.0,329.0,329.0,826603674,188121,111,313.0,329.0
217,2004-07-11,345.0,345.0,329.0,345.0,12977426041,2813385,829,329.0,345.0
218,2004-07-12,362.0,362.0,351.0,361.0,3029709104,626994,264,345.0,361.0
219,2004-07-13,379.0,379.0,379.0,379.0,2325524076,458412,236,361.0,379.0
220,2004-07-14,398.0,398.0,389.0,397.0,3036257183,571502,354,379.0,397.0
221,2004-07-24,396.0,396.0,336.0,362.0,759143255,156733,80,397.0,362.0
222,2004-07-25,345.0,351.0,344.0,344.0,2232602625,484722,227,362.0,344.0
223,2004-07-26,327.0,344.0,327.0,334.0,2152687476,481617,213,344.0,334.0
224,2004-07-27,342.0,351.0,333.0,349.0,1916254523,410419,138,334.0,349.0
225,2004-07-28,367.0,367.0,367.0,367.0,1554487926,317113,120,349.0,367.0
226,2004-07-31,385.0,385.0,385.0,385.0,2010351289,390587,134,367.0,385.0
227,2004-08-01,404.0,404.0,404.0,404.0,1540004900,284975,122,385.0,404.0
228,2004-08-02,424.0,424.0,424.0,424.0,1266731848,223252,100,404.0,424.0
229,2004-08-03,445.0,445.0,445.0,445.0,1684448976,282768,178,424.0,445.0
230,2004-08-04,468.0,468.0,468.0,468.0,1141048554,182451,98,445.0,468.0
231,2004-08-07,491.0,491.0,491.0,491.0,3486933394,531059,243,468.0,491.0
232,2004-08-08,515.0,515.0,466.0,501.0,8730719103,1302216,771,491.0,501.0
233,2004-08-09,486.0,526.0,486.0,509.0,3036161239,445992,269,501.0,509.0
234,2004-08-10,534.0,534.0,534.0,534.0,1313061134,183722,121,509.0,534.0
235,2004-08-11,561.0,561.0,561.0,561.0,1433976880,191095,156,534.0,561.0
236,2004-08-14,589.0,589.0,539.0,581.0,7623114965,981269,595,561.0,581.0
237,2004-08-15,552.0,598.0,552.0,561.0,2451895631,326770,266,581.0,561.0
238,2004-08-16,589.0,589.0,589.0,589.0,2083975218,264531,161,561.0,589.0
239,2004-08-17,618.0,618.0,612.0,612.0,1060118033,128173,128,589.0,612.0
240,2004-08-18,643.0,643.0,618.0,638.0,90276547257,10684955,469,612.0,638.0
241,2004-08-21,638.0,638.0,606.0,613.0,4402021901,536715,314,638.0,613.0
242,2004-08-22,583.0,605.0,583.0,583.0,4466242212,572850,240,613.0,583.0
243,2004-08-23,554.0,554.0,554.0,554.0,3708531723,500677,270,583.0,554.0
244,2004-08-24,552.0,554.0,527.0,538.0,3797945605,527376,335,554.0,538.0
245,2004-08-25,538.0,565.0,530.0,540.0,1998250138,276436,174,538.0,540.0
246,2004-08-28,567.0,567.0,565.0,565.0,1148761838,151372,119,540.0,565.0
247,2004-08-29,568.0,576.0,556.0,565.0,1594581365,211035,155,565.0,565.0
248,2004-08-31,553.0,583.0,537.0,552.0,24101064338,3261778,171,565.0,552.0
249,2004-09-01,551.0,561.0,527.0,543.0,1328870596,183095,125,552.0,543.0
250,2004-09-04,539.0,551.0,532.0,540.0,1191843371,164998,112,543.0,540.0
251,2004-09-05,540.0,567.0,540.0,563.0,3006493111,399144,181,540.0,563.0
252,2004-09-06,550.0,591.0,537.0,564.0,1590942808,210912,123,563.0,564.0
253,2004-09-07,542.0,581.0,536.0,563.0,1867581437,247839,119,564.0,563.0
254,2004-09-08,541.0,559.0,536.0,546.0,1184503560,162074,94,563.0,546.0
255,2004-09-11,549.0,553.0,542.0,546.0,727116840,99613,100,546.0,546.0
256,2004-09-12,553.0,568.0,543.0,559.0,1705636981,228126,147,546.0,559.0
257,2004-09-14,559.0,587.0,559.0,575.0,2597551103,337895,119,559.0,575.0
258,2004-09-15,576.0,598.0,560.0,573.0,1984823618,252672,93,575.0,573.0
259,2004-09-18,567.0,568.0,552.0,564.0,780171492,104479,80,573.0,564.0
260,2004-09-19,553.0,553.0,542.0,550.0,1382018076,187875,121,564.0,550.0
261,2004-09-20,558.0,558.0,523.0,545.0,538174235,74620,69,550.0,545.0
262,2004-09-21,524.0,537.0,524.0,535.0,838203043,118005,91,545.0,535.0
263,2004-09-22,530.0,530.0,520.0,528.0,769399029,109742,91,535.0,528.0
264,2004-09-25,523.0,531.0,501.0,508.0,1821412119,267953,134,528.0,508.0
265,2004-09-26,508.0,523.0,508.0,513.0,1162421496,169508,84,508.0,513.0
266,2004-09-27,501.0,513.0,491.0,502.0,758218123,114053,88,513.0,502.0
267,2004-09-28,487.0,487.0,477.0,478.0,1199441335,187698,104,502.0,478.0
268,2004-09-29,476.0,476.0,456.0,463.0,966538430,156324,140,478.0,463.0
269,2004-10-02,463.0,485.0,458.0,464.0,1698185565,264063,79,463.0,464.0
270,2004-10-03,458.0,463.0,441.0,453.0,885788983,146580,95,464.0,453.0
271,2004-10-04,441.0,444.0,430.0,444.0,435317027,75106,65,453.0,444.0
272,2004-10-05,430.0,430.0,422.0,422.0,1003600975,177631,108,444.0,422.0
273,2004-10-06,412.0,441.0,401.0,426.0,986270732,172949,138,422.0,426.0
274,2004-10-09,441.0,448.0,432.0,432.0,352484708,59449,74,426.0,432.0
275,2004-10-10,454.0,454.0,439.0,439.0,296500049,48823,46,432.0,439.0
276,2004-10-11,461.0,461.0,448.0,448.0,427494805,69365,68,439.0,448.0
277,2004-10-12,464.0,471.0,458.0,458.0,445221230,70760,65,448.0,458.0
278,2004-10-13,481.0,481.0,467.0,467.0,406863814,63286,62,458.0,467.0
279,2004-10-16,490.0,490.0,486.0,486.0,867688693,132411,90,467.0,486.0
280,2004-10-17,510.0,510.0,510.0,510.0,1653896804,242578,150,486.0,510.0
281,2004-10-18,533.0,533.0,484.0,493.0,3439570600,521512,339,510.0,493.0
282,2004-10-19,484.0,484.0,469.0,470.0,1030274582,164010,97,493.0,470.0
283,2004-10-20,446.0,467.0,446.0,451.0,969997051,160935,113,470.0,451.0
284,2004-10-23,456.0,473.0,456.0,458.0,382314001,60778,43,451.0,458.0
285,2004-10-24,479.0,479.0,467.0,467.0,512399927,80587,94,458.0,467.0
286,2004-10-25,464.0,464.0,452.0,461.0,492043651,80612,82,467.0,461.0
287,2004-10-26,459.0,459.0,449.0,458.0,303839930,50476,45,461.0,458.0
288,2004-10-27,457.0,457.0,445.0,455.0,396007466,65828,68,458.0,455.0
289,2004-10-30,445.0,450.0,432.0,450.0,266666987,45549,53,455.0,450.0
290,2004-10-31,427.0,438.0,427.0,438.0,490439936,85801,59,450.0,438.0
291,2004-11-01,426.0,434.0,416.0,433.0,236284694,42025,45,438.0,433.0
292,2004-11-02,435.0,455.0,433.0,435.0,184500568,31151,49,433.0,435.0
293,2004-11-03,457.0,457.0,441.0,441.0,286311060,46862,42,435.0,441.0
294,2004-11-06,463.0,463.0,447.0,447.0,3372336888,544754,32,441.0,447.0
295,2004-11-07,470.0,470.0,458.0,458.0,474181175,75495,52,447.0,458.0
296,2004-11-08,480.0,480.0,456.0,463.0,453190180,72004,75,458.0,463.0
297,2004-11-09,456.0,458.0,445.0,458.0,345854615,57558,60,463.0,458.0
298,2004-11-10,456.0,463.0,441.0,454.0,550267325,91256,56,458.0,454.0
299,2004-11-13,441.0,442.0,431.0,442.0,506910056,87702,43,454.0,442.0
300,2004-11-15,444.0,464.0,437.0,458.0,862532988,140109,90,442.0,458.0
301,2004-11-16,462.0,462.0,449.0,457.0,228994625,37589,42,458.0,457.0
302,2004-11-17,449.0,453.0,434.0,453.0,251829433,42785,49,457.0,453.0
303,2004-11-20,437.0,439.0,430.0,436.0,813360057,140507,64,453.0,436.0
304,2004-11-21,431.0,431.0,419.0,430.0,441777929,77959,76,436.0,430.0
305,2004-11-22,429.0,429.0,417.0,428.0,404209252,70953,53,430.0,428.0
306,2004-11-23,428.0,442.0,427.0,433.0,796140182,137336,83,428.0,433.0
307,2004-11-24,443.0,449.0,419.0,434.0,324633492,55492,58,433.0,434.0
308,2004-11-27,431.0,431.0,423.0,431.0,23717043639,4160504,74,434.0,431.0
309,2004-11-28,430.0,437.0,424.0,431.0,26356895423,4560318,111,431.0,431.0
310,2004-11-29,430.0,453.0,430.0,444.0,1060491097,178579,114,431.0,444.0
311,2004-11-30,453.0,456.0,442.0,447.0,299121794,49302,62,444.0,447.0
312,2004-12-01,452.0,456.0,450.0,450.0,526926977,87019,58,447.0,450.0
313,2004-12-04,454.0,454.0,437.0,446.0,635904384,107241,68,450.0,446.0
314,2004-12-05,437.0,437.0,423.0,426.0,1119478384,196549,101,446.0,426.0
315,2004-12-06,420.0,423.0,416.0,422.0,525187620,93472,69,426.0,422.0
316,2004-12-07,416.0,437.0,413.0,419.0,1142860352,204062,100,422.0,419.0
317,2004-12-11,419.0,419.0,411.0,415.0,980626640,176802,79,419.0,415.0
318,2004-12-12,418.0,418.0,396.0,404.0,825129244,152918,76,415.0,404.0
319,2004-12-13,405.0,405.0,392.0,399.0,770110531,144608,81,404.0,399.0
320,2004-12-14,390.0,395.0,381.0,394.0,483532216,92610,70,399.0,394.0
321,2004-12-15,379.0,390.0,379.0,390.0,340681341,66188,71,394.0,390.0
322,2004-12-18,389.0,389.0,379.0,385.0,545926268,106853,82,390.0,385.0
323,2004-12-19,385.0,385.0,380.0,383.0,377511235,73981,56,385.0,383.0
324,2004-12-20,383.0,384.0,380.0,383.0,217303418,42508,58,383.0,383.0
325,2004-12-21,381.0,385.0,374.0,383.0,198285279,38871,63,383.0,383.0
326,2004-12-22,374.0,381.0,374.0,381.0,356027283,70139,57,383.0,381.0
327,2004-12-25,379.0,385.0,378.0,381.0,247620792,48585,40,381.0,381.0
328,2004-12-26,381.0,385.0,374.0,381.0,299357974,58737,46,381.0,381.0
329,2004-12-27,374.0,381.0,366.0,376.0,509079200,102138,54,381.0,376.0
330,2004-12-28,373.0,381.0,370.0,374.0,327617224,65753,68,376.0,374.0
331,2004-12-29,366.0,374.0,363.0,372.0,340019509,68881,44,374.0,372.0
332,2005-01-01,365.0,367.0,354.0,367.0,351653854,72783,49,372.0,367.0
333,2005-01-02,366.0,366.0,350.0,365.0,249745010,51735,35,367.0,365.0
334,2005-01-03,356.0,362.0,347.0,362.0,157204440,33687,40,365.0,362.0
335,2005-01-04,344.0,355.0,344.0,355.0,285215430,62030,24,362.0,355.0
336,2005-01-05,337.0,346.0,337.0,346.0,448358267,98501,77,355.0,346.0
337,2005-01-08,342.0,343.0,336.0,343.0,351053020,77041,61,346.0,343.0
338,2005-01-09,342.0,342.0,332.0,337.0,559679104,125066,58,343.0,337.0
339,2005-01-10,333.0,333.0,320.0,333.0,160422031,37351,31,337.0,333.0
340,2005-01-11,316.0,329.0,316.0,318.0,665305134,156499,75,333.0,318.0
341,2005-01-12,321.0,325.0,318.0,319.0,83724634,19508,23,318.0,319.0
342,2005-01-15,325.0,325.0,314.0,320.0,360760502,84079,70,319.0,320.0
343,2005-01-16,319.0,320.0,304.0,318.0,210950479,50416,46,320.0,318.0
344,2005-01-17,314.0,329.0,314.0,319.0,355963687,83006,54,318.0,319.0
345,2005-01-18,316.0,316.0,303.0,315.0,218565476,53293,38,319.0,315.0
346,2005-01-19,308.0,313.0,299.0,310.0,433482312,105422,55,315.0,310.0
347,2005-01-22,309.0,313.0,309.0,310.0,142727706,34194,33,310.0,310.0
348,2005-01-23,313.0,314.0,299.0,309.0,249695204,60681,47,310.0,309.0
349,2005-01-24,309.0,309.0,294.0,295.0,638515654,161722,58,309.0,295.0
350,2005-01-25,281.0,305.0,281.0,294.0,65423057,17134,32,295.0,294.0
351,2005-01-26,295.0,295.0,281.0,292.0,110069735,28901,24,294.0,292.0
352,2005-01-30,292.0,295.0,284.0,292.0,53107854,13684,32,292.0,292.0
353,2005-01-31,283.0,291.0,280.0,291.0,96585030,25591,34,292.0,291.0
354,2005-02-01,286.0,289.0,276.0,289.0,76833755,20676,15,291.0,289.0
355,2005-02-02,275.0,284.0,275.0,284.0,183589344,49996,35,289.0,284.0
356,2005-02-05,276.0,283.0,275.0,283.0,104722803,28339,27,284.0,283.0
357,2005-02-06,275.0,288.0,275.0,281.0,245697200,66123,44,283.0,281.0
358,2005-02-07,281.0,281.0,267.0,279.0,148483331,40366,31,281.0,279.0
359,2005-02-08,267.0,277.0,265.0,277.0,98594389,27655,32,279.0,277.0
360,2005-02-09,275.0,288.0,275.0,279.0,236437054,62918,41,277.0,279.0
361,2005-02-12,269.0,292.0,269.0,282.0,202095703,52282,39,279.0,282.0
362,2005-02-13,293.0,293.0,280.0,284.0,512196011,134749,73,282.0,284.0
363,2005-02-14,284.0,292.0,282.0,284.0,370244233,97130,51,284.0,284.0
364,2005-02-15,280.0,284.0,277.0,284.0,173682201,45985,48,284.0,284.0
365,2005-02-16,280.0,297.0,270.0,284.0,247707418,65337,31,284.0,284.0
366,2005-02-21,280.0,283.0,280.0,283.0,22367833,5944,8,284.0,283.0
367,2005-02-22,277.0,283.0,269.0,283.0,36195712,9887,13,283.0,283.0
368,2005-02-23,269.0,292.0,269.0,281.0,193186907,52365,39,283.0,281.0
369,2005-02-26,292.0,292.0,281.0,281.0,31431280,8062,13,281.0,281.0
370,2005-02-27,291.0,295.0,282.0,282.0,83477645,21347,37,281.0,282.0
371,2005-02-28,297.0,297.0,287.0,287.0,223736684,56414,36,282.0,287.0
372,2005-03-01,297.0,301.0,284.0,291.0,316722872,80091,54,287.0,291.0
373,2005-03-02,306.0,306.0,292.0,293.0,94892054,23464,30,291.0,293.0
374,2005-03-05,299.0,306.0,294.0,294.0,69434654,17263,21,293.0,294.0
375,2005-03-06,306.0,307.0,295.0,295.0,79173943,19457,27,294.0,295.0
376,2005-03-07,301.0,303.0,295.0,295.0,41448832,10286,22,295.0,295.0
377,2005-03-08,299.0,299.0,292.0,295.0,48491744,12211,19,295.0,295.0
378,2005-03-09,294.0,295.0,288.0,295.0,87094737,22344,27,295.0,295.0
379,2005-03-12,288.0,294.0,284.0,294.0,49074866,12821,28,295.0,294.0
380,2005-03-13,287.0,294.0,287.0,294.0,38283367,9974,16,294.0,294.0
381,2005-03-14,287.0,299.0,280.0,293.0,3665608017,978845,39,294.0,293.0
382,2005-03-15,301.0,301.0,294.0,294.0,72845440,18178,18,293.0,294.0
383,2005-03-16,287.0,295.0,285.0,293.0,1771838155,464395,15,294.0,293.0
384,2005-03-26,302.0,302.0,294.0,294.0,35315120,8789,6,293.0,294.0
385,2005-03-27,303.0,307.0,295.0,295.0,58408588,14265,10,294.0,295.0
386,2005-03-28,307.0,310.0,296.0,296.0,62114890,15066,13,295.0,296.0
387,2005-03-29,309.0,311.0,297.0,297.0,50900288,12348,14,296.0,297.0
388,2005-03-30,307.0,308.0,297.0,297.0,33174770,8072,10,297.0,297.0
389,2005-04-03,312.0,312.0,307.0,307.0,462173975,110705,46,297.0,307.0
390,2005-04-04,311.0,314.0,307.0,307.0,11985369,2865,8,307.0,307.0
391,2005-04-05,321.0,322.0,311.0,311.0,183677789,42726,40,307.0,311.0
392,2005-04-06,326.0,326.0,315.0,315.0,266930859,62249,35,311.0,315.0
393,2005-04-10,318.0,329.0,316.0,316.0,96455825,22119,22,315.0,316.0
394,2005-04-11,325.0,329.0,319.0,319.0,204548330,46692,42,316.0,319.0
395,2005-04-12,330.0,335.0,322.0,322.0,189619655,42798,37,319.0,322.0
396,2005-04-13,338.0,338.0,335.0,335.0,599098243,132339,49,322.0,335.0
397,2005-04-16,352.0,352.0,342.0,342.0,325228910,69051,34,335.0,342.0
398,2005-04-17,360.0,360.0,348.0,348.0,244714003,50887,29,342.0,348.0
399,2005-04-18,365.0,365.0,363.0,363.0,680269922,139314,72,348.0,363.0
400,2005-04-19,380.0,380.0,353.0,364.0,757537006,155407,120,363.0,364.0
401,2005-04-20,360.0,360.0,351.0,359.0,361724644,76400,75,364.0,359.0
402,2005-04-23,353.0,359.0,351.0,355.0,717001949,151284,119,359.0,355.0
403,2005-04-24,358.0,358.0,337.0,354.0,36624665,8020,10,355.0,354.0
404,2005-05-25,202.0,224.0,202.0,204.0,104865676,38374,14,354.0,204.0
405,2005-05-28,214.0,214.0,214.0,214.0,481838340,168005,83,204.0,214.0
406,2005-05-29,225.0,225.0,216.0,216.0,86580125,28755,27,214.0,216.0
407,2005-05-30,227.0,227.0,227.0,227.0,526473061,173353,67,216.0,227.0
408,2005-05-31,238.0,238.0,238.0,238.0,535083484,167843,100,227.0,238.0
409,2005-06-01,250.0,250.0,250.0,250.0,1754507441,524203,181,238.0,250.0
410,2005-06-06,263.0,263.0,263.0,263.0,887453672,252548,105,250.0,263.0
411,2005-06-07,276.0,276.0,250.0,275.0,6054858290,1692739,431,263.0,275.0
412,2005-06-08,280.0,280.0,261.0,263.0,1687443533,481057,198,275.0,263.0
413,2005-06-11,250.0,255.0,250.0,255.0,311038250,93125,69,263.0,255.0
414,2005-06-12,243.0,250.0,243.0,243.0,715311398,219719,134,255.0,243.0
415,2005-06-13,243.0,247.0,231.0,243.0,876299423,277022,84,243.0,243.0
416,2005-06-14,242.0,247.0,231.0,238.0,873603932,280510,61,243.0,238.0
417,2005-06-15,245.0,247.0,226.0,237.0,1023054104,329384,89,238.0,237.0
418,2005-06-18,240.0,247.0,225.0,232.0,898600969,290019,94,237.0,232.0
419,2005-06-19,232.0,234.0,220.0,223.0,905763036,303295,72,232.0,223.0
420,2005-06-20,233.0,234.0,224.0,224.0,37752987,12070,24,223.0,224.0
421,2005-06-21,235.0,235.0,234.0,235.0,733518055,233247,127,224.0,235.0
422,2005-06-22,247.0,247.0,223.0,236.0,1230405313,393561,104,235.0,236.0
423,2005-06-25,246.0,246.0,225.0,225.0,690003305,229355,91,236.0,225.0
424,2005-06-26,236.0,236.0,224.0,229.0,270109935,86813,56,225.0,229.0
425,2005-06-27,240.0,240.0,230.0,230.0,67073205,20863,30,229.0,230.0
426,2005-06-28,242.0,242.0,242.0,242.0,873065035,269881,105,230.0,242.0
427,2005-06-29,242.0,242.0,232.0,239.0,507929132,159269,96,242.0,239.0
428,2005-07-02,238.0,238.0,227.0,230.0,391994673,128731,76,239.0,230.0
429,2005-07-03,218.0,224.0,218.0,220.0,797886241,271594,90,230.0,220.0
430,2005-07-04,223.0,231.0,215.0,223.0,275674040,91027,49,220.0,223.0
431,2005-07-05,227.0,234.0,227.0,228.0,279897657,90531,63,223.0,228.0
432,2005-07-06,228.0,238.0,227.0,232.0,432165348,139004,85,228.0,232.0
433,2005-07-09,231.0,236.0,225.0,231.0,151753962,49182,49,232.0,231.0
434,2005-07-11,231.0,231.0,221.0,226.0,392774774,130512,55,231.0,226.0
435,2005-07-12,225.0,228.0,221.0,225.0,180331613,60254,44,226.0,225.0
436,2005-07-13,225.0,225.0,214.0,223.0,264943363,89709,52,225.0,223.0
437,2005-07-16,223.0,223.0,212.0,222.0,306573194,103720,44,223.0,222.0
438,2005-07-17,222.0,233.0,211.0,220.0,566835551,192906,110,222.0,220.0
439,2005-07-24,217.0,228.0,197.0,207.0,629161773,226904,97,220.0,207.0
440,2005-07-25,218.0,218.0,215.0,215.0,335048260,115137,43,207.0,215.0
441,2005-07-26,225.0,225.0,209.0,216.0,280085003,96362,55,215.0,216.0
442,2005-07-27,215.0,217.0,212.0,216.0,159751070,55516,38,216.0,216.0
443,2005-07-30,221.0,226.0,220.0,222.0,395082463,132213,81,216.0,222.0
444,2005-07-31,221.0,221.0,213.0,220.0,124158125,43019,33,222.0,220.0
445,2005-08-01,219.0,219.0,209.0,218.0,110598566,39447,29,220.0,218.0
446,2005-08-02,209.0,216.0,207.0,216.0,87962341,31282,32,218.0,216.0
447,2005-08-03,224.0,224.0,209.0,216.0,34432381,11728,15,216.0,216.0
448,2005-08-06,213.0,222.0,206.0,215.0,87268231,30775,30,216.0,215.0
449,2005-08-07,208.0,210.0,205.0,210.0,237971378,86819,55,215.0,210.0
450,2005-08-08,204.0,206.0,199.0,206.0,145494132,54512,42,210.0,206.0
451,2005-08-09,205.0,205.0,197.0,205.0,67016681,25286,31,206.0,205.0
452,2005-08-10,202.0,209.0,202.0,205.0,180896741,65575,40,205.0,205.0
453,2005-08-13,204.0,209.0,203.0,206.0,123154976,44746,39,205.0,206.0
454,2005-08-14,205.0,208.0,202.0,205.0,86207641,31681,31,206.0,205.0
455,2005-08-15,205.0,206.0,195.0,205.0,76465095,28103,27,205.0,205.0
456,2005-08-16,197.0,205.0,197.0,205.0,32424002,11971,19,205.0,205.0
457,2005-08-17,204.0,204.0,197.0,202.0,177827882,66708,31,205.0,202.0
458,2005-08-20,203.0,203.0,199.0,202.0,75010113,27971,33,202.0,202.0
459,2005-08-21,203.0,203.0,197.0,202.0,47213452,17692,21,202.0,202.0
460,2005-08-22,202.0,203.0,198.0,202.0,103323561,38374,28,202.0,202.0
461,2005-08-23,204.0,204.0,198.0,201.0,72411591,27247,25,202.0,201.0
462,2005-08-24,198.0,199.0,194.0,199.0,147906448,56595,34,201.0,199.0
463,2005-08-27,198.0,208.0,198.0,200.0,199342185,74236,44,199.0,200.0
464,2005-08-28,202.0,202.0,190.0,197.0,209911221,80351,41,200.0,197.0
465,2005-08-29,194.0,194.0,188.0,190.0,342283419,135969,50,197.0,190.0
466,2005-08-30,198.0,198.0,187.0,190.0,79718093,31335,26,190.0,190.0
467,2005-08-31,191.0,198.0,191.0,192.0,218200837,83698,50,190.0,192.0
468,2005-09-03,194.0,194.0,192.0,192.0,97297198,37736,23,192.0,192.0
469,2005-09-04,193.0,197.0,193.0,193.0,115209734,44352,48,192.0,193.0
470,2005-09-05,193.0,195.0,191.0,193.0,59635815,23240,30,193.0,193.0
471,2005-09-06,191.0,194.0,191.0,193.0,93756238,36413,25,193.0,193.0
472,2005-09-07,193.0,193.0,183.0,192.0,72737064,29028,26,193.0,192.0
473,2005-09-10,191.0,191.0,182.0,191.0,21763958,8818,13,192.0,191.0
474,2005-09-11,182.0,189.0,182.0,189.0,104485068,42659,42,191.0,189.0
475,2005-09-12,182.0,188.0,180.0,188.0,38584269,16053,14,189.0,188.0
476,2005-09-13,179.0,188.0,179.0,188.0,10760710,4500,13,188.0,188.0
477,2005-09-14,178.0,188.0,178.0,188.0,7565623,3169,5,188.0,188.0
478,2005-09-17,178.0,187.0,178.0,187.0,19204300,8055,5,188.0,187.0
479,2005-09-18,178.0,187.0,178.0,187.0,4001721,1683,2,187.0,187.0
480,2005-09-19,178.0,187.0,178.0,187.0,13144450,5534,4,187.0,187.0
481,2005-09-21,177.0,186.0,177.0,186.0,12207108,5148,6,187.0,186.0
482,2005-09-24,177.0,185.0,177.0,185.0,38583210,16300,10,186.0,185.0
483,2005-09-25,176.0,185.0,176.0,185.0,3580810,1520,4,185.0,185.0
484,2005-09-26,176.0,185.0,176.0,185.0,3354235,1425,3,185.0,185.0
485,2005-09-28,176.0,185.0,176.0,185.0,14177710,6030,6,185.0,185.0
486,2005-10-01,175.0,185.0,175.0,185.0,123222,52,2,185.0,185.0
487,2005-10-02,175.0,185.0,175.0,185.0,2030510,865,3,185.0,185.0
488,2005-10-03,175.0,183.0,175.0,183.0,52355530,22326,19,185.0,183.0
489,2005-10-04,174.0,183.0,174.0,183.0,2353500,1010,2,183.0,183.0
490,2005-10-05,174.0,183.0,174.0,183.0,17575232,7549,6,183.0,183.0
491,2005-10-08,174.0,183.0,174.0,183.0,6532976,2813,4,183.0,183.0
492,2005-10-09,173.0,181.0,173.0,181.0,40620684,17516,14,183.0,181.0
493,2005-10-10,172.0,181.0,172.0,181.0,9907746,4296,6,181.0,181.0
494,2005-10-11,172.0,180.0,172.0,180.0,27323558,11869,6,181.0,180.0
495,2005-10-12,172.0,180.0,172.0,180.0,10560442,4603,5,180.0,180.0
496,2005-10-15,171.0,180.0,171.0,180.0,1251530,546,4,180.0,180.0
497,2005-10-16,171.0,177.0,171.0,177.0,127369906,55644,15,180.0,177.0
498,2005-10-17,168.0,177.0,168.0,177.0,19029360,8457,3,177.0,177.0
499,2005-10-18,168.0,176.0,168.0,176.0,6476691,2887,4,177.0,176.0
500,2005-10-19,168.0,176.0,168.0,176.0,8965140,4000,3,176.0,176.0
501,2005-10-23,167.0,176.0,167.0,176.0,17166570,7670,4,176.0,176.0
502,2005-10-24,167.0,175.0,167.0,175.0,23584402,10566,9,176.0,175.0
503,2005-10-26,166.0,175.0,166.0,175.0,1017538,457,2,175.0,175.0
504,2005-10-29,166.0,174.0,166.0,174.0,51720120,23255,11,175.0,174.0
505,2005-10-30,165.0,174.0,165.0,174.0,2562430,1160,6,174.0,174.0
506,2005-11-01,165.0,173.0,165.0,173.0,6970836,3158,5,174.0,173.0
507,2005-11-02,165.0,173.0,165.0,173.0,19656362,8918,4,173.0,173.0
508,2005-11-07,164.0,173.0,164.0,173.0,2605770,1185,4,173.0,173.0
509,2005-11-09,164.0,172.0,164.0,172.0,20294769,9237,3,173.0,172.0
510,2005-11-13,169.0,172.0,169.0,169.0,1521713722,673618,251,172.0,169.0
511,2005-11-14,169.0,169.0,166.0,169.0,3707808,1672,9,169.0,169.0
512,2005-11-15,165.0,169.0,165.0,169.0,12342341,5577,4,169.0,169.0
513,2005-11-16,165.0,169.0,165.0,169.0,489302,221,2,169.0,169.0
514,2005-11-20,165.0,167.0,165.0,167.0,231446254,104632,52,169.0,167.0
515,2005-11-21,164.0,167.0,164.0,167.0,1315235,599,3,167.0,167.0
516,2005-11-22,164.0,166.0,164.0,166.0,228260392,104038,40,167.0,166.0
517,2005-11-23,165.0,173.0,164.0,166.0,43125120,19335,19,166.0,166.0
518,2005-11-26,171.0,174.0,167.0,167.0,75139072,32272,20,166.0,167.0
519,2005-11-27,175.0,175.0,170.0,170.0,211909746,90418,39,167.0,170.0
520,2005-11-29,178.0,178.0,166.0,169.0,176091923,77995,41,170.0,169.0
521,2005-11-30,169.0,170.0,166.0,169.0,74691950,33293,35,169.0,169.0
522,2005-12-03,166.0,172.0,166.0,169.0,92409855,40904,31,169.0,169.0
523,2005-12-04,172.0,178.0,171.0,171.0,138221923,58662,25,169.0,171.0
524,2005-12-05,179.0,179.0,173.0,173.0,178405061,75008,26,171.0,173.0
525,2005-12-06,181.0,181.0,173.0,173.0,36174300,14930,13,173.0,173.0
526,2005-12-10,182.0,182.0,177.0,177.0,288477106,118764,93,173.0,177.0
527,2005-12-11,181.0,184.0,172.0,177.0,155522963,65050,55,177.0,177.0
528,2005-12-12,177.0,185.0,177.0,177.0,25243633,10462,14,177.0,177.0
529,2005-12-13,177.0,179.0,176.0,177.0,33972904,14305,19,177.0,177.0
530,2005-12-14,174.0,177.0,170.0,177.0,32035711,13881,17,177.0,177.0
531,2005-12-17,171.0,177.0,170.0,176.0,138427101,59820,32,177.0,176.0
532,2005-12-18,172.0,176.0,172.0,176.0,2999450,1305,2,176.0,176.0
533,2005-12-19,167.0,173.0,167.0,173.0,203247952,90612,58,176.0,173.0
534,2005-12-20,171.0,173.0,165.0,173.0,16455155,7417,9,173.0,173.0
535,2005-12-21,165.0,171.0,164.0,171.0,155142820,70369,44,173.0,171.0
536,2005-12-24,164.0,168.0,162.0,168.0,166191146,76358,31,171.0,168.0
537,2005-12-25,164.0,167.0,160.0,167.0,69038388,32200,18,168.0,167.0
538,2005-12-26,159.0,166.0,159.0,166.0,101920334,47893,28,167.0,166.0
539,2005-12-27,160.0,165.0,158.0,165.0,48302834,22883,14,166.0,165.0
540,2005-12-28,158.0,164.0,157.0,164.0,92266933,43753,21,165.0,164.0
541,2005-12-31,156.0,162.0,156.0,162.0,155268060,74344,43,164.0,162.0
542,2006-01-01,154.0,161.0,154.0,161.0,61310852,29808,21,162.0,161.0
543,2006-01-02,157.0,164.0,155.0,161.0,284422204,132367,50,161.0,161.0
544,2006-01-03,159.0,166.0,159.0,162.0,233186162,106481,36,161.0,162.0
545,2006-01-04,164.0,166.0,162.0,162.0,60246570,27649,22,162.0,162.0
546,2006-01-07,166.0,166.0,162.0,163.0,193078784,87270,38,162.0,163.0
547,2006-01-08,163.0,164.0,163.0,163.0,66157974,30270,22,163.0,163.0
548,2006-01-09,168.0,168.0,164.0,164.0,119437877,53511,29,163.0,164.0
549,2006-01-10,168.0,168.0,164.0,164.0,90695787,40369,18,164.0,164.0
550,2006-01-14,165.0,167.0,164.0,165.0,309141510,139072,48,164.0,165.0
551,2006-01-15,164.0,167.0,164.0,165.0,354350170,161024,46,165.0,165.0
552,2006-01-16,165.0,166.0,157.0,165.0,170685579,77264,71,165.0,165.0
553,2006-01-17,165.0,166.0,164.0,165.0,52925873,24030,13,165.0,165.0
554,2006-01-18,161.0,165.0,161.0,165.0,5934530,2760,4,165.0,165.0
555,2006-01-21,164.0,164.0,156.0,164.0,55166364,25451,22,165.0,164.0
556,2006-01-22,162.0,164.0,162.0,164.0,3000230,1385,2,164.0,164.0
557,2006-01-23,161.0,164.0,158.0,164.0,7000800,3268,5,164.0,164.0
558,2006-01-24,156.0,164.0,156.0,164.0,8632862,4134,6,164.0,164.0
559,2006-01-25,156.0,164.0,156.0,164.0,11050602,5297,7,164.0,164.0
560,2006-01-28,156.0,164.0,156.0,164.0,1025916,492,3,164.0,164.0
561,2006-01-29,156.0,164.0,156.0,164.0,8687174,4172,8,164.0,164.0
562,2006-01-30,156.0,164.0,156.0,164.0,3025400,1454,3,164.0,164.0
563,2006-02-01,155.0,164.0,155.0,164.0,159094,76,2,164.0,164.0
564,2006-02-04,155.0,164.0,155.0,164.0,3005235,1445,3,164.0,164.0
565,2006-02-05,155.0,164.0,155.0,164.0,84210,40,3,164.0,164.0
566,2006-02-06,155.0,164.0,155.0,164.0,437470,210,2,164.0,164.0
567,2006-02-12,155.0,163.0,155.0,163.0,2261944,1088,4,164.0,163.0
568,2006-02-13,155.0,163.0,155.0,163.0,2431170,1170,4,163.0,163.0
569,2006-02-15,160.0,163.0,160.0,163.0,4991280,2330,6,163.0,163.0
570,2006-02-18,160.0,163.0,160.0,163.0,69587152,32502,9,163.0,163.0
571,2006-02-19,160.0,163.0,160.0,163.0,2156770,1010,2,163.0,163.0
572,2006-02-21,160.0,163.0,160.0,163.0,2157894,1011,4,163.0,163.0
573,2006-02-22,159.0,163.0,159.0,163.0,21206696,9942,11,163.0,163.0
574,2006-02-25,159.0,162.0,159.0,162.0,149590,70,2,163.0,162.0
575,2006-03-11,159.0,162.0,159.0,162.0,53680,25,2,162.0,162.0
576,2006-03-12,159.0,162.0,159.0,162.0,714400,335,6,162.0,162.0
577,2006-03-15,159.0,162.0,159.0,162.0,4993140,2344,4,162.0,162.0
578,2006-03-27,159.0,162.0,159.0,162.0,5141955,2415,3,162.0,162.0
579,2006-04-04,159.0,162.0,159.0,162.0,4277700,2010,8,162.0,162.0
580,2006-04-05,159.0,162.0,159.0,162.0,3499335,1645,3,162.0,162.0
581,2006-04-08,159.0,162.0,159.0,162.0,4273680,2010,4,162.0,162.0
582,2006-04-09,159.0,162.0,159.0,162.0,693600,326,5,162.0,162.0
583,2006-04-10,159.0,162.0,159.0,162.0,117305,55,3,162.0,162.0
584,2006-04-11,159.0,162.0,159.0,162.0,5062170,2382,5,162.0,162.0
585,2006-04-12,159.0,162.0,159.0,162.0,2595948,1222,5,162.0,162.0
586,2006-04-17,159.0,162.0,159.0,162.0,365586,172,2,162.0,162.0
587,2006-04-18,159.0,162.0,159.0,162.0,23707951,11167,11,162.0,162.0
588,2006-04-19,159.0,162.0,159.0,162.0,13229097,6237,8,162.0,162.0
589,2006-04-23,159.0,162.0,159.0,162.0,27810560,13118,4,162.0,162.0
590,2006-04-26,158.0,161.0,158.0,161.0,13297297,6281,5,162.0,161.0
591,2006-04-29,158.0,161.0,158.0,161.0,4253580,2010,4,161.0,161.0
592,2006-04-30,158.0,161.0,158.0,161.0,3492285,1651,4,161.0,161.0
593,2006-05-01,158.0,158.0,158.0,158.0,1395342860,660040,293,161.0,158.0
594,2006-05-02,155.0,158.0,155.0,158.0,69723160,33650,29,158.0,158.0
595,2006-05-03,154.0,157.0,154.0,157.0,38535422,18652,12,158.0,157.0
596,2006-05-06,154.0,157.0,154.0,157.0,6416340,3110,5,157.0,157.0
597,2006-06-19,123.0,123.0,108.0,114.0,122512990,80091,36,157.0,114.0
598,2006-06-20,112.0,117.0,112.0,114.0,514386320,338644,119,114.0,114.0
599,2006-06-21,114.0,116.0,112.0,114.0,252616748,164763,72,114.0,114.0
600,2006-06-24,115.0,116.0,112.0,114.0,87520334,57569,29,114.0,114.0
601,2006-06-25,112.0,115.0,112.0,114.0,401708519,263732,90,114.0,114.0
602,2006-06-26,112.0,114.0,112.0,112.0,510560456,341249,75,114.0,112.0
603,2006-06-27,114.0,114.0,110.0,112.0,75845512,50518,20,112.0,112.0
604,2006-06-28,110.0,112.0,110.0,110.0,294684007,200194,42,112.0,110.0
605,2006-07-01,108.0,113.0,108.0,110.0,77604458,53275,28,110.0,110.0
606,2006-07-02,110.0,112.0,108.0,110.0,116186765,79862,37,110.0,110.0
607,2006-07-03,108.0,112.0,108.0,110.0,111794903,76289,35,110.0,110.0
608,2006-07-04,110.0,112.0,109.0,110.0,61673736,41818,28,110.0,110.0
609,2006-07-05,108.0,112.0,108.0,109.0,103800079,70983,26,110.0,109.0
610,2006-07-08,110.0,111.0,108.0,110.0,137286604,93451,33,109.0,110.0
611,2006-07-09,108.0,109.0,107.0,109.0,25365837,17480,17,110.0,109.0
612,2006-07-10,110.0,112.0,108.0,109.0,89083184,60665,31,109.0,109.0
613,2006-07-11,112.0,112.0,112.0,112.0,582938864,390448,57,109.0,112.0
614,2006-07-12,114.0,114.0,112.0,112.0,12437494,8172,8,112.0,112.0
615,2006-07-15,114.0,114.0,114.0,114.0,7846984954,5155707,86,112.0,114.0
616,2006-07-24,120.0,120.0,108.0,112.0,48046470,31972,9,114.0,112.0
617,2006-07-25,114.0,114.0,110.0,112.0,74708811,50721,28,112.0,112.0
618,2006-07-26,112.0,114.0,110.0,111.0,174549487,117484,51,112.0,111.0
619,2006-07-29,111.0,111.0,110.0,111.0,32118788,21699,18,111.0,111.0
620,2006-07-30,111.0,114.0,111.0,111.0,37736738,25151,16,111.0,111.0
621,2006-07-31,110.0,111.0,109.0,111.0,22380624,15304,14,111.0,111.0
622,2006-08-01,109.0,111.0,109.0,111.0,3594496552,2463643,31,111.0,111.0
623,2006-08-02,109.0,111.0,109.0,111.0,42265149,29010,18,111.0,111.0
624,2006-08-05,109.0,110.0,108.0,110.0,8760145,6035,9,111.0,110.0
625,2006-08-06,108.0,110.0,108.0,110.0,10945712,7559,3,110.0,110.0
626,2006-08-07,108.0,110.0,108.0,110.0,101319150,70020,20,110.0,110.0
627,2006-08-09,108.0,110.0,108.0,110.0,1577424,1096,3,110.0,110.0
628,2006-08-12,108.0,110.0,108.0,110.0,14394650,10010,3,110.0,110.0
629,2006-08-13,107.0,109.0,107.0,109.0,16344822,11382,7,110.0,109.0
630,2006-08-14,107.0,109.0,107.0,109.0,14756130,10290,5,109.0,109.0
631,2006-08-15,107.0,109.0,107.0,109.0,17814350,12440,5,109.0,109.0
632,2006-08-16,107.0,109.0,107.0,109.0,8640340,6042,4,109.0,109.0
633,2006-08-19,107.0,109.0,107.0,109.0,14304560,10010,2,109.0,109.0
634,2006-08-20,107.0,109.0,107.0,109.0,14284540,10010,2,109.0,109.0
635,2006-08-21,107.0,109.0,107.0,109.0,14264520,10010,2,109.0,109.0
636,2006-08-23,106.0,108.0,106.0,108.0,14244500,10010,6,109.0,108.0
637,2006-08-26,106.0,107.0,106.0,106.0,478039838,336331,146,108.0,106.0
638,2006-08-27,106.0,106.0,104.0,106.0,147494300,103840,22,106.0,106.0
639,2006-08-28,105.0,106.0,104.0,106.0,58936126,42288,29,106.0,106.0
640,2006-08-29,105.0,108.0,105.0,106.0,314952686,220887,28,106.0,106.0
641,2006-08-30,108.0,108.0,106.0,106.0,19290639,13299,16,106.0,106.0
642,2006-09-02,109.0,109.0,106.0,106.0,5768516,3973,8,106.0,106.0
643,2006-09-03,109.0,109.0,107.0,107.0,81758986,56308,22,106.0,107.0
644,2006-09-04,109.0,109.0,108.0,109.0,451916879,310483,82,107.0,109.0
645,2006-09-05,111.0,111.0,109.0,109.0,37915859,26019,16,109.0,109.0
646,2006-09-06,111.0,111.0,109.0,109.0,36070381,24626,13,109.0,109.0
647,2006-09-10,111.0,111.0,107.0,109.0,90073422,61008,34,109.0,109.0
648,2006-09-11,111.0,111.0,109.0,109.0,25408808,17076,12,109.0,109.0
649,2006-09-12,111.0,111.0,107.0,110.0,434516696,295484,62,109.0,110.0
650,2006-09-13,110.0,112.0,108.0,110.0,57279027,38362,19,110.0,110.0
651,2006-09-16,112.0,112.0,108.0,110.0,91331701,61127,29,110.0,110.0
652,2006-09-17,110.0,112.0,110.0,110.0,44242314,29792,22,110.0,110.0
653,2006-09-18,110.0,110.0,108.0,110.0,6070321,4179,11,110.0,110.0
654,2006-09-19,108.0,110.0,108.0,109.0,194907950,134855,36,110.0,109.0
655,2006-09-20,109.0,109.0,107.0,109.0,94844386,65784,25,109.0,109.0
656,2006-09-23,109.0,109.0,108.0,109.0,70667234,48642,16,109.0,109.0
657,2006-09-24,111.0,111.0,108.0,109.0,59596818,40587,14,109.0,109.0
658,2006-09-25,109.0,111.0,109.0,109.0,92303392,62182,24,109.0,109.0
659,2006-09-26,111.0,111.0,108.0,109.0,131581286,89217,29,109.0,109.0
660,2006-09-27,109.0,110.0,107.0,109.0,90674450,62700,17,109.0,109.0
661,2006-09-30,109.0,111.0,107.0,109.0,102057873,70638,29,109.0,109.0
662,2006-10-01,107.0,109.0,107.0,109.0,15404454,10761,12,109.0,109.0
663,2006-10-02,107.0,109.0,107.0,109.0,17098030,11990,11,109.0,109.0
664,2006-10-03,107.0,109.0,107.0,109.0,8644580,6045,2,109.0,109.0
665,2006-10-04,109.0,109.0,107.0,109.0,9546062,6654,12,109.0,109.0
666,2006-10-07,108.0,108.0,106.0,108.0,30321547,21290,17,109.0,108.0
667,2006-10-08,107.0,108.0,106.0,108.0,25651488,18020,6,108.0,108.0
668,2006-10-09,107.0,108.0,106.0,108.0,58818983,40982,21,108.0,108.0
669,2006-10-10,106.0,108.0,106.0,108.0,41037318,28889,15,108.0,108.0
670,2006-10-11,106.0,108.0,106.0,108.0,35542830,25030,11,108.0,108.0
671,2006-10-14,106.0,108.0,106.0,108.0,69516394,48658,25,108.0,108.0
672,2006-10-16,108.0,108.0,106.0,108.0,14200289,9893,12,108.0,108.0
673,2006-10-17,106.0,108.0,106.0,108.0,21855141,15467,9,108.0,108.0
674,2006-10-18,108.0,108.0,106.0,108.0,40754388,28531,10,108.0,108.0
675,2006-10-21,106.0,108.0,106.0,108.0,52622975,36837,14,108.0,108.0
676,2006-10-22,107.0,108.0,106.0,108.0,20724248,14458,8,108.0,108.0
677,2006-10-23,109.0,109.0,108.0,108.0,11371255,7777,8,108.0,108.0
678,2006-10-28,108.0,108.0,105.0,108.0,4002654,2825,6,108.0,108.0
679,2006-10-29,108.0,108.0,105.0,107.0,32483212,22989,18,108.0,107.0
680,2006-10-30,105.0,107.0,105.0,107.0,402633791,285406,33,107.0,107.0
681,2006-10-31,107.0,109.0,107.0,108.0,198608015,136820,35,107.0,108.0
682,2006-11-01,108.0,110.0,108.0,108.0,12990605,8930,10,108.0,108.0
683,2006-11-04,110.0,110.0,108.0,108.0,170569347,116271,40,108.0,108.0
684,2006-11-05,108.0,110.0,108.0,108.0,136149407,93198,22,108.0,108.0
685,2006-11-06,109.0,110.0,108.0,108.0,31831470,21703,12,108.0,108.0
686,2006-11-07,109.0,111.0,106.0,108.0,127558629,87824,48,108.0,108.0
687,2006-11-08,111.0,111.0,109.0,109.0,62416977,42203,21,108.0,109.0
688,2006-11-11,109.0,109.0,108.0,109.0,239000496,164498,41,109.0,109.0
689,2006-11-12,108.0,111.0,106.0,109.0,326841738,225242,19,109.0,109.0
690,2006-11-13,111.0,111.0,106.0,109.0,436384526,300407,25,109.0,109.0
691,2006-11-14,108.0,109.0,106.0,109.0,187395290,128977,29,109.0,109.0
692,2006-11-15,106.0,109.0,106.0,108.0,2097133699,1446257,39,109.0,108.0
693,2006-11-18,108.0,110.0,108.0,109.0,1286620251,876841,30,108.0,109.0
694,2006-11-19,110.0,111.0,107.0,109.0,418597767,288082,18,109.0,109.0
695,2006-11-20,111.0,111.0,108.0,109.0,50509144,34107,17,109.0,109.0
696,2006-11-21,108.0,109.0,108.0,109.0,43741588,30247,13,109.0,109.0
697,2006-11-22,109.0,109.0,107.0,109.0,89193049,61539,21,109.0,109.0
698,2006-11-25,109.0,109.0,106.0,109.0,19758156,13852,12,109.0,109.0
699,2006-11-26,109.0,109.0,106.0,108.0,57169052,39591,24,109.0,108.0
700,2006-11-27,108.0,109.0,106.0,108.0,263564197,183748,24,108.0,108.0
701,2006-11-28,106.0,111.0,106.0,108.0,118998863,83022,26,108.0,108.0
702,2006-11-29,108.0,110.0,107.0,108.0,38606498,26335,15,108.0,108.0
703,2006-12-02,108.0,108.0,108.0,108.0,75386739,52203,26,108.0,108.0
704,2006-12-03,108.0,110.0,108.0,108.0,40759514,27937,14,108.0,108.0
705,2006-12-04,108.0,108.0,106.0,108.0,45360231,31488,15,108.0,108.0
706,2006-12-05,106.0,110.0,106.0,108.0,175760179,120609,23,108.0,108.0
707,2006-12-06,108.0,111.0,108.0,109.0,96118421,65374,19,108.0,109.0
708,2006-12-09,108.0,111.0,108.0,110.0,354142587,239958,58,109.0,110.0
709,2006-12-10,108.0,112.0,108.0,110.0,104263935,70906,30,110.0,110.0
710,2006-12-11,111.0,112.0,109.0,110.0,888816583,596788,25,110.0,110.0
711,2006-12-12,110.0,110.0,108.0,110.0,76308286,52446,23,110.0,110.0
712,2006-12-13,107.0,109.0,107.0,109.0,61654814,42683,14,110.0,109.0
713,2006-12-16,109.0,112.0,109.0,110.0,81199727,54794,20,109.0,110.0
714,2006-12-17,109.0,111.0,109.0,110.0,48595025,33093,21,110.0,110.0
715,2006-12-18,109.0,111.0,109.0,110.0,41515977,28239,15,110.0,110.0
716,2006-12-19,110.0,112.0,107.0,110.0,139386095,94669,32,110.0,110.0
717,2006-12-20,110.0,110.0,109.0,110.0,74480799,51000,29,110.0,110.0
718,2006-12-23,108.0,112.0,108.0,110.0,29382912,19809,14,110.0,110.0
719,2006-12-24,108.0,111.0,108.0,110.0,101915967,70081,33,110.0,110.0
720,2006-12-25,109.0,110.0,107.0,109.0,83785179,57460,28,110.0,109.0
721,2006-12-26,109.0,109.0,107.0,109.0,53487144,36743,12,109.0,109.0
722,2006-12-27,107.0,109.0,107.0,109.0,36503611,25445,11,109.0,109.0
723,2006-12-30,108.0,109.0,107.0,109.0,97051555,67237,26,109.0,109.0
724,2007-01-01,111.0,111.0,109.0,109.0,96015115,64827,25,109.0,109.0
725,2007-01-02,109.0,111.0,109.0,109.0,41597905,28370,18,109.0,109.0
726,2007-01-03,109.0,109.0,109.0,109.0,52542998,35958,18,109.0,109.0
727,2007-01-06,109.0,109.0,109.0,109.0,49043937,33567,15,109.0,109.0
728,2007-01-07,109.0,111.0,109.0,109.0,47139739,31813,21,109.0,109.0
729,2007-01-09,109.0,111.0,109.0,110.0,115520842,77936,26,109.0,110.0
730,2007-01-10,110.0,110.0,110.0,110.0,35516680,24242,14,110.0,110.0
731,2007-01-13,109.0,110.0,108.0,110.0,42872487,29275,19,110.0,110.0
732,2007-01-14,110.0,110.0,109.0,110.0,97611076,66654,22,110.0,110.0
733,2007-01-15,109.0,110.0,109.0,110.0,160869363,109932,36,110.0,110.0
734,2007-01-16,109.0,110.0,107.0,109.0,64593910,44775,19,110.0,109.0
735,2007-01-17,109.0,109.0,107.0,109.0,63230686,43341,19,109.0,109.0
736,2007-01-20,110.0,110.0,108.0,109.0,84414156,57660,22,109.0,109.0
737,2007-01-21,109.0,110.0,107.0,109.0,71643794,49102,21,109.0,109.0
738,2007-01-22,109.0,110.0,108.0,109.0,50340398,34416,12,109.0,109.0
739,2007-01-23,109.0,109.0,109.0,109.0,124242518,84923,24,109.0,109.0
740,2007-01-24,109.0,109.0,107.0,109.0,135220447,92441,15,109.0,109.0
741,2007-01-27,109.0,110.0,107.0,109.0,45505125,31197,19,109.0,109.0
742,2007-01-28,108.0,109.0,107.0,109.0,43524345,30139,14,109.0,109.0
743,2007-01-31,107.0,109.0,107.0,109.0,2688452,1872,3,109.0,109.0
744,2007-02-03,108.0,109.0,107.0,109.0,34605922,23966,20,109.0,109.0
745,2007-02-04,107.0,109.0,107.0,109.0,179639472,125097,32,109.0,109.0
746,2007-02-05,107.0,109.0,107.0,109.0,20883349,14515,8,109.0,109.0
747,2007-02-06,109.0,111.0,107.0,109.0,184095394,126416,38,109.0,109.0
748,2007-02-07,111.0,111.0,109.0,109.0,107177653,72271,28,109.0,109.0
749,2007-02-10,111.0,111.0,109.0,109.0,33224776,22383,16,109.0,109.0
750,2007-02-12,111.0,111.0,109.0,110.0,119306892,80217,38,109.0,110.0
751,2007-02-13,110.0,111.0,110.0,110.0,42002797,28415,17,110.0,110.0
752,2007-02-14,111.0,112.0,107.0,110.0,85251890,57575,27,110.0,110.0
753,2007-02-17,110.0,112.0,110.0,110.0,22676094,15413,16,110.0,110.0
754,2007-02-18,110.0,112.0,109.0,110.0,280685427,190006,48,110.0,110.0
755,2007-02-19,110.0,112.0,110.0,110.0,46464107,31247,15,110.0,110.0
756,2007-02-20,110.0,112.0,110.0,110.0,230119981,155640,36,110.0,110.0
757,2007-02-21,110.0,112.0,110.0,110.0,29276739,19677,15,110.0,110.0
758,2007-02-24,110.0,111.0,108.0,110.0,46947874,32237,17,110.0,110.0
759,2007-02-25,108.0,112.0,108.0,110.0,66541837,44352,31,110.0,110.0
760,2007-02-26,113.0,113.0,111.0,111.0,112564081,74747,27,110.0,111.0
761,2007-02-27,112.0,112.0,109.0,111.0,67000771,44928,25,111.0,111.0
762,2007-02-28,109.0,111.0,109.0,111.0,88738244,61011,25,111.0,111.0
763,2007-03-03,108.0,111.0,108.0,111.0,21475411,14655,13,111.0,111.0
764,2007-03-04,111.0,111.0,108.0,110.0,85772239,58747,26,111.0,110.0
765,2007-03-05,108.0,110.0,108.0,110.0,26339930,18155,14,110.0,110.0
766,2007-03-06,108.0,110.0,108.0,110.0,30038586,20629,11,110.0,110.0
767,2007-03-07,108.0,110.0,108.0,110.0,37238468,25710,17,110.0,110.0
768,2007-03-11,109.0,111.0,108.0,110.0,48118693,33017,19,110.0,110.0
769,2007-03-12,108.0,111.0,108.0,110.0,31574896,21573,13,110.0,110.0
770,2007-03-13,108.0,112.0,108.0,110.0,66946971,44956,26,110.0,110.0
771,2007-03-14,110.0,112.0,108.0,110.0,31558737,21287,22,110.0,110.0
772,2007-03-17,110.0,112.0,110.0,110.0,37346317,24916,10,110.0,110.0
773,2007-03-19,110.0,112.0,110.0,110.0,23004048,15327,10,110.0,110.0
774,2007-03-25,108.0,110.0,108.0,110.0,3132474,2162,4,110.0,110.0
775,2007-03-26,110.0,110.0,108.0,110.0,10256085,6983,6,110.0,110.0
776,2007-03-27,110.0,111.0,110.0,110.0,6240907,4221,5,110.0,110.0
777,2007-03-28,110.0,110.0,110.0,110.0,3105504,2104,2,110.0,110.0
778,2007-03-31,110.0,110.0,110.0,110.0,5865624,3974,2,110.0,110.0
779,2007-04-03,108.0,110.0,108.0,110.0,20357655,14061,8,110.0,110.0
780,2007-04-04,108.0,110.0,108.0,110.0,3301837,2281,8,110.0,110.0
781,2007-04-07,109.0,112.0,109.0,110.0,63580842,42780,17,110.0,110.0
782,2007-04-08,110.0,112.0,108.0,111.0,329968170,220411,56,110.0,111.0
783,2007-04-09,111.0,113.0,111.0,111.0,54502725,36208,30,111.0,111.0
784,2007-04-10,110.0,113.0,110.0,111.0,38224317,25279,10,111.0,111.0
785,2007-04-11,112.0,114.0,111.0,111.0,23678121,15705,15,111.0,111.0
786,2007-04-14,112.0,114.0,111.0,111.0,18722812,12474,9,111.0,111.0
787,2007-04-15,114.0,114.0,112.0,112.0,250168961,164793,38,111.0,112.0
788,2007-04-16,112.0,112.0,112.0,112.0,39514430,26311,16,112.0,112.0
789,2007-04-17,113.0,113.0,112.0,112.0,22875356,15241,17,112.0,112.0
790,2007-04-18,112.0,112.0,112.0,112.0,41167870,27448,17,112.0,112.0
791,2007-04-21,113.0,113.0,112.0,112.0,26585140,17704,12,112.0,112.0
792,2007-04-22,113.0,113.0,112.0,112.0,28299173,18856,14,112.0,112.0
793,2007-04-23,112.0,112.0,112.0,112.0,22903500,15269,7,112.0,112.0
794,2007-04-24,112.0,113.0,112.0,112.0,38226000,25479,18,112.0,112.0
795,2007-04-25,112.0,112.0,110.0,112.0,17973660,11993,9,112.0,112.0
796,2007-04-28,112.0,112.0,110.0,112.0,20316643,13798,10,112.0,112.0
797,2007-04-29,111.0,112.0,110.0,112.0,35406298,24000,14,112.0,112.0
798,2007-04-30,110.0,112.0,110.0,112.0,39717322,26924,13,112.0,112.0
799,2007-05-01,110.0,112.0,110.0,112.0,61973980,42159,21,112.0,112.0
800,2007-05-02,110.0,112.0,110.0,112.0,26491912,17965,13,112.0,112.0
801,2007-05-05,112.0,112.0,112.0,112.0,25214945,16821,11,112.0,112.0
802,2007-05-06,112.0,112.0,112.0,112.0,9270570,6194,7,112.0,112.0
803,2007-05-07,112.0,114.0,110.0,112.0,369048948,245348,33,112.0,112.0
804,2007-05-08,114.0,114.0,110.0,112.0,18234815,12190,12,112.0,112.0
805,2007-05-09,113.0,113.0,110.0,112.0,200162464,132828,15,112.0,112.0
806,2007-05-12,110.0,112.0,110.0,112.0,12482960,8476,6,112.0,112.0
807,2007-05-13,111.0,112.0,110.0,112.0,31700235,21267,11,112.0,112.0
808,2007-05-14,111.0,112.0,110.0,112.0,16474548,11162,13,112.0,112.0
809,2007-05-15,112.0,113.0,110.0,112.0,309144440,206898,42,112.0,112.0
810,2007-05-16,112.0,113.0,110.0,112.0,38852737,26020,17,112.0,112.0
811,2007-05-19,112.0,112.0,110.0,112.0,13282230,8879,8,112.0,112.0
812,2007-05-20,110.0,114.0,110.0,113.0,405609694,268052,43,112.0,113.0
813,2007-05-21,111.0,112.0,110.0,112.0,49651861,33565,20,113.0,112.0
814,2007-05-22,110.0,112.0,110.0,112.0,26459263,17870,14,112.0,112.0
815,2007-05-23,110.0,112.0,110.0,112.0,37368555,25325,9,112.0,112.0
816,2007-05-26,112.0,112.0,110.0,112.0,59961768,40294,17,112.0,112.0
817,2007-05-27,112.0,112.0,111.0,112.0,32120276,21688,17,112.0,112.0
818,2007-05-28,112.0,112.0,110.0,112.0,19586927,13195,7,112.0,112.0
819,2007-05-29,112.0,112.0,110.0,112.0,61878021,41408,26,112.0,112.0
820,2007-05-30,110.0,112.0,110.0,112.0,24278690,16338,7,112.0,112.0
821,2007-06-02,112.0,112.0,110.0,112.0,29489530,19674,15,112.0,112.0
822,2007-06-03,112.0,113.0,112.0,112.0,49320668,32862,19,112.0,112.0
823,2007-06-06,112.0,112.0,110.0,112.0,14383364,9636,11,112.0,112.0
824,2007-06-09,112.0,114.0,110.0,112.0,62520262,41657,10,112.0,112.0
825,2007-06-10,112.0,112.0,110.0,112.0,103104949,68796,27,112.0,112.0
826,2007-06-11,112.0,112.0,111.0,112.0,48120043,32288,18,112.0,112.0
827,2007-06-12,112.0,112.0,111.0,112.0,50489863,33909,18,112.0,112.0
828,2007-06-13,111.0,114.0,111.0,112.0,98484007,66010,18,112.0,112.0
829,2007-06-16,114.0,114.0,112.0,112.0,128732635,84415,35,112.0,112.0
830,2007-06-17,114.0,114.0,113.0,113.0,152637408,99698,31,112.0,113.0
831,2007-06-19,115.0,115.0,112.0,114.0,337682010,219663,51,113.0,114.0
832,2007-06-20,116.0,116.0,115.0,115.0,1159024158,746794,54,114.0,115.0
833,2007-06-23,117.0,117.0,117.0,117.0,704838722,449228,70,115.0,117.0
834,2007-06-24,120.0,120.0,119.0,119.0,554540049,346820,85,117.0,119.0
835,2007-06-25,120.0,121.0,119.0,120.0,261233128,161320,46,119.0,120.0
836,2007-06-26,120.0,122.0,117.0,122.0,1944823723,1191290,115,120.0,122.0
837,2007-06-27,122.0,122.0,122.0,122.0,9624032,5907,6,122.0,122.0
838,2007-06-30,122.0,122.0,120.0,122.0,102871326,64257,28,122.0,122.0
839,2007-07-01,119.0,122.0,119.0,122.0,1325277214,830374,19,122.0,122.0
840,2007-07-02,119.0,122.0,119.0,122.0,1322566821,812265,17,122.0,122.0
841,2007-07-03,122.0,122.0,121.0,122.0,1860283822,1143441,17,122.0,122.0
842,2007-07-04,121.0,122.0,121.0,122.0,233604860,143587,10,122.0,122.0
843,2007-07-07,122.0,122.0,122.0,122.0,813695240,500120,2,122.0,122.0
844,2007-07-09,119.0,123.0,119.0,121.0,261022265,163107,55,122.0,121.0
845,2007-07-10,121.0,121.0,119.0,121.0,116464312,72249,22,121.0,121.0
846,2007-07-11,119.0,121.0,119.0,121.0,1987860,1247,3,121.0,121.0
847,2007-07-14,119.0,121.0,119.0,121.0,1680410,1060,9,121.0,121.0
848,2007-07-15,118.0,120.0,118.0,120.0,1971002676,1244311,25,121.0,120.0
849,2007-07-22,112.0,121.0,112.0,115.0,1362219745,885163,143,120.0,115.0
850,2007-07-23,115.0,115.0,115.0,115.0,19905044,12959,4,115.0,115.0
851,2007-07-24,113.0,115.0,113.0,115.0,115657818,76696,24,115.0,115.0
852,2007-07-25,113.0,114.0,112.0,114.0,99744049,66363,20,115.0,114.0
853,2007-07-29,112.0,114.0,112.0,114.0,59844957,39923,15,114.0,114.0
854,2007-07-30,112.0,114.0,112.0,114.0,796723952,522321,16,114.0,114.0
855,2007-07-31,114.0,114.0,112.0,114.0,106171471,71007,24,114.0,114.0
856,2007-08-01,113.0,114.0,113.0,114.0,211370,140,2,114.0,114.0
857,2007-08-04,111.0,114.0,111.0,114.0,32947170,22112,16,114.0,114.0
858,2007-08-05,111.0,113.0,111.0,113.0,78005013,52377,21,114.0,113.0
859,2007-08-06,111.0,113.0,111.0,113.0,68500617,46092,18,113.0,113.0
860,2007-08-07,113.0,113.0,111.0,113.0,9847700,6640,5,113.0,113.0
861,2007-08-08,111.0,113.0,111.0,113.0,29675120,20010,10,113.0,113.0
862,2007-08-12,111.0,113.0,111.0,113.0,36525838,24645,19,113.0,113.0
863,2007-08-13,113.0,113.0,111.0,113.0,2290160,1547,4,113.0,113.0
864,2007-08-14,111.0,113.0,111.0,113.0,61374390,41469,19,113.0,113.0
865,2007-08-15,111.0,112.0,110.0,112.0,166397946,112656,26,113.0,112.0
866,2007-08-19,110.0,112.0,110.0,112.0,37091320,25232,17,112.0,112.0
867,2007-08-20,112.0,112.0,110.0,112.0,23765792,16170,12,112.0,112.0
868,2007-08-22,110.0,112.0,110.0,112.0,44003018,29961,21,112.0,112.0
869,2007-08-25,110.0,112.0,110.0,112.0,203351421,135796,35,112.0,112.0
870,2007-08-26,110.0,112.0,110.0,112.0,3573548,2424,7,112.0,112.0
871,2007-08-27,110.0,112.0,110.0,112.0,2202223607,1468609,30,112.0,112.0
872,2007-09-01,110.0,111.0,110.0,111.0,110552142,75094,19,112.0,111.0
873,2007-09-02,110.0,111.0,110.0,111.0,26481940,18062,11,111.0,111.0
874,2007-09-03,110.0,111.0,109.0,111.0,79007375,53910,22,111.0,111.0
875,2007-09-04,112.0,112.0,110.0,111.0,12545222,8437,7,111.0,111.0
876,2007-09-05,109.0,111.0,109.0,111.0,68110730,46715,19,111.0,111.0
877,2007-09-08,109.0,111.0,109.0,111.0,64737022,44489,17,111.0,111.0
878,2007-09-09,111.0,111.0,111.0,111.0,461591974,309922,15,111.0,111.0
879,2007-09-10,111.0,111.0,109.0,111.0,40782492,27595,8,111.0,111.0
880,2007-09-11,109.0,111.0,109.0,111.0,3769682,2596,4,111.0,111.0
881,2007-09-12,110.0,111.0,109.0,111.0,42444793,28838,25,111.0,111.0
882,2007-09-15,110.0,111.0,109.0,111.0,106397742,72514,21,111.0,111.0
883,2007-09-16,108.0,110.0,108.0,110.0,72544750,50010,15,111.0,110.0
884,2007-09-17,108.0,110.0,108.0,110.0,21777040,15060,8,110.0,110.0
885,2007-09-18,111.0,111.0,108.0,110.0,136182228,92803,27,110.0,110.0
886,2007-09-19,109.0,110.0,108.0,110.0,75323191,51481,20,110.0,110.0
887,2007-09-22,108.0,111.0,108.0,110.0,35409125,24085,10,110.0,110.0
888,2007-09-23,111.0,111.0,108.0,110.0,8869270,6089,6,110.0,110.0
889,2007-09-24,108.0,110.0,108.0,110.0,50786415,35000,14,110.0,110.0
890,2007-09-25,109.0,110.0,108.0,110.0,63205651,43609,17,110.0,110.0
891,2007-09-26,108.0,110.0,108.0,110.0,23237870,16026,5,110.0,110.0
892,2007-09-29,110.0,110.0,110.0,110.0,14332320,9771,9,110.0,110.0
893,2007-09-30,108.0,110.0,108.0,110.0,30084740,20892,8,110.0,110.0
894,2007-10-01,108.0,109.0,108.0,109.0,42989422,29853,10,110.0,109.0
895,2007-10-02,108.0,109.0,108.0,109.0,19425228,13487,13,109.0,109.0
896,2007-10-07,108.0,109.0,108.0,109.0,24608672,17087,8,109.0,109.0
897,2007-10-08,108.0,109.0,108.0,109.0,104786048,72715,18,109.0,109.0
898,2007-10-09,108.0,109.0,108.0,109.0,30978488,21509,15,109.0,109.0
899,2007-10-10,107.0,109.0,107.0,109.0,23495820,16331,12,109.0,109.0
900,2007-10-14,108.0,109.0,108.0,109.0,22815203,15848,6,109.0,109.0
901,2007-10-15,108.0,109.0,107.0,109.0,28358389,19871,19,109.0,109.0
902,2007-10-16,107.0,109.0,107.0,109.0,17102298,11993,6,109.0,109.0
903,2007-10-17,107.0,109.0,107.0,109.0,11339005,7957,9,109.0,109.0
904,2007-10-20,107.0,108.0,106.0,108.0,90876386,63814,15,109.0,108.0
905,2007-10-21,106.0,108.0,106.0,108.0,73906460,52010,12,108.0,108.0
906,2007-10-22,106.0,108.0,106.0,108.0,47517440,33510,8,108.0,108.0
907,2007-10-23,106.0,107.0,106.0,107.0,365344414,258010,74,108.0,107.0
908,2007-10-24,107.0,108.0,106.0,107.0,5995237219,4134756,9,107.0,107.0
909,2007-10-27,105.0,107.0,105.0,107.0,5657680,4041,5,107.0,107.0
910,2007-10-28,105.0,107.0,105.0,107.0,22567443,16035,11,107.0,107.0
911,2007-10-29,105.0,107.0,105.0,107.0,1413270,1010,3,107.0,107.0
912,2007-10-30,105.0,107.0,105.0,107.0,4211270,3010,4,107.0,107.0
913,2007-10-31,108.0,108.0,105.0,107.0,5359108292,3697605,22,107.0,107.0
914,2007-11-03,105.0,107.0,105.0,107.0,997767,713,2,107.0,107.0
915,2007-11-04,105.0,107.0,105.0,107.0,8003959,5721,6,107.0,107.0
916,2007-11-05,105.0,107.0,105.0,107.0,7009270,5010,7,107.0,107.0
917,2007-11-07,105.0,107.0,105.0,107.0,42174514,30146,16,107.0,107.0
918,2007-11-10,105.0,106.0,104.0,106.0,120090014,85957,34,107.0,106.0
919,2007-11-13,104.0,106.0,104.0,106.0,10097848,7254,5,106.0,106.0
920,2007-11-18,104.0,106.0,104.0,106.0,37598180,27010,13,106.0,106.0
921,2007-11-19,104.0,106.0,104.0,106.0,2241380,1610,4,106.0,106.0
922,2007-11-20,104.0,106.0,104.0,106.0,112508780,80702,37,106.0,106.0
923,2007-11-21,105.0,106.0,104.0,106.0,19738468,14132,9,106.0,106.0
924,2007-12-25,142.0,142.0,136.0,138.0,653470158,354201,99,106.0,138.0
925,2007-12-26,135.0,138.0,135.0,138.0,18010164,9861,3,138.0,138.0
926,2007-12-30,135.0,138.0,135.0,138.0,1826440,1010,2,138.0,138.0
927,2007-12-31,135.0,138.0,135.0,138.0,2323640,1285,3,138.0,138.0
928,2008-01-05,135.0,138.0,135.0,138.0,1826440,1010,2,138.0,138.0
929,2008-01-08,135.0,138.0,135.0,138.0,36520,20,2,138.0,138.0
930,2008-01-09,135.0,138.0,135.0,138.0,18098430,10010,3,138.0,138.0
931,2008-01-12,135.0,138.0,135.0,138.0,1104437,611,2,138.0,138.0
932,2008-01-13,135.0,135.0,135.0,135.0,1807000,1000,1,138.0,135.0
933,2008-01-14,132.0,132.0,132.0,132.0,885500,500,1,135.0,132.0
934,2008-01-15,130.0,130.0,130.0,130.0,868000,500,2,132.0,130.0
935,2008-01-16,127.0,127.0,127.0,127.0,792107396,465398,148,130.0,127.0
936,2008-01-20,125.0,127.0,125.0,127.0,91863732,55074,23,127.0,127.0
937,2008-01-21,124.0,127.0,124.0,127.0,135195,81,2,127.0,127.0
938,2008-01-22,124.0,127.0,124.0,127.0,25634660,15396,8,127.0,127.0
939,2008-01-23,124.0,127.0,124.0,127.0,1198410,720,4,127.0,127.0
940,2008-01-26,124.0,127.0,124.0,127.0,71568940,43010,13,127.0,127.0
941,2008-01-28,124.0,127.0,124.0,127.0,33792802,20308,10,127.0,127.0
942,2008-01-29,124.0,126.0,124.0,126.0,101625490,61220,27,127.0,126.0
943,2008-01-30,127.0,127.0,124.0,126.0,52442578,31496,13,126.0,126.0
944,2008-02-02,126.0,127.0,124.0,126.0,58887885,35204,15,126.0,126.0
945,2008-02-03,127.0,127.0,126.0,126.0,38041367,22504,17,126.0,126.0
946,2008-02-04,126.0,128.0,126.0,126.0,14836941,8696,5,126.0,126.0
947,2008-02-05,126.0,127.0,126.0,126.0,76643909,45255,26,126.0,126.0
948,2008-02-06,127.0,127.0,126.0,126.0,68887533,40451,12,126.0,126.0
949,2008-02-09,126.0,128.0,126.0,126.0,38110268,22291,8,126.0,126.0
950,2008-02-10,126.0,127.0,126.0,126.0,22047862,13043,11,126.0,126.0
951,2008-02-12,124.0,126.0,124.0,126.0,8296019,5007,4,126.0,126.0
952,2008-02-13,124.0,127.0,124.0,126.0,126905978,75249,28,126.0,126.0
953,2008-02-18,127.0,128.0,124.0,126.0,79386237,46989,26,126.0,126.0
954,2008-02-19,128.0,128.0,126.0,126.0,6848890,4010,2,126.0,126.0
955,2008-02-26,127.0,128.0,126.0,127.0,91695588,53864,18,126.0,127.0
956,2008-02-27,125.0,127.0,125.0,127.0,13442742,8059,3,127.0,127.0
957,2008-03-01,125.0,127.0,125.0,127.0,35835819,21497,6,127.0,127.0
958,2008-03-05,125.0,127.0,125.0,127.0,16676980,10010,5,127.0,127.0
959,2008-03-09,124.0,127.0,124.0,127.0,5464860,3282,4,127.0,127.0
960,2008-03-10,124.0,127.0,124.0,127.0,3346980,2010,2,127.0,127.0
961,2008-03-17,124.0,127.0,124.0,127.0,123540,74,2,127.0,127.0
962,2008-03-24,124.0,127.0,124.0,127.0,16666970,10010,6,127.0,127.0
963,2008-03-29,124.0,127.0,124.0,127.0,16656960,10010,2,127.0,127.0
964,2008-04-05,124.0,127.0,124.0,127.0,16813250,10110,9,127.0,127.0
965,2008-04-06,124.0,127.0,124.0,127.0,17401460,10470,5,127.0,127.0
966,2008-04-08,124.0,127.0,124.0,127.0,1707838,1028,3,127.0,127.0
967,2008-04-09,124.0,127.0,124.0,127.0,16714963,10063,5,127.0,127.0
968,2008-04-15,124.0,129.0,124.0,126.0,621056990,370438,110,127.0,126.0
969,2008-04-16,128.0,128.0,123.0,126.0,181036140,106014,46,126.0,126.0
970,2008-04-19,127.0,128.0,126.0,126.0,172496694,100671,53,126.0,126.0
971,2008-04-20,129.0,129.0,128.0,128.0,358506760,207960,50,126.0,128.0
972,2008-04-21,126.0,130.0,126.0,129.0,401133650,230590,56,128.0,129.0
973,2008-04-22,129.0,130.0,129.0,129.0,36525573,21010,9,129.0,129.0
974,2008-04-23,126.0,129.0,126.0,129.0,2104390,1245,3,129.0,129.0
975,2008-04-26,126.0,129.0,126.0,129.0,23718049,14020,10,129.0,129.0
976,2008-04-27,126.0,131.0,126.0,129.0,54016979,31689,16,129.0,129.0
977,2008-04-28,127.0,129.0,127.0,129.0,6987619,4109,7,129.0,129.0
978,2008-04-30,126.0,129.0,126.0,129.0,1705220,1010,3,129.0,129.0
979,2008-05-04,131.0,131.0,126.0,129.0,235326598,136679,60,129.0,129.0
980,2008-05-05,127.0,129.0,127.0,129.0,7149622,4208,3,129.0,129.0
981,2008-05-06,126.0,129.0,126.0,129.0,17904946,10607,8,129.0,129.0
982,2008-05-07,126.0,131.0,126.0,129.0,179822700,104765,25,129.0,129.0
983,2008-05-10,129.0,132.0,129.0,129.0,17599905,10010,6,129.0,129.0
984,2008-05-11,128.0,129.0,128.0,129.0,94340,55,2,129.0,129.0
985,2008-05-13,125.0,129.0,125.0,129.0,2037910,1220,3,129.0,129.0
986,2008-05-21,125.0,129.0,125.0,129.0,2687540,1609,3,129.0,129.0
987,2008-05-24,125.0,129.0,125.0,129.0,33417190,20010,6,129.0,129.0
988,2008-05-26,125.0,129.0,125.0,129.0,350790,210,3,129.0,129.0
989,2008-05-27,125.0,128.0,125.0,128.0,38381160,23010,7,129.0,128.0
990,2008-05-31,124.0,128.0,124.0,128.0,16667150,10010,5,128.0,128.0
991,2008-06-01,124.0,128.0,124.0,128.0,5009150,3010,3,128.0,128.0
992,2008-06-08,124.0,128.0,124.0,128.0,3809406,2289,4,128.0,128.0
993,2008-06-10,124.0,128.0,124.0,128.0,89783234,53956,20,128.0,128.0
994,2008-06-14,124.0,128.0,124.0,128.0,33193650,20020,7,128.0,128.0
995,2008-06-18,124.0,128.0,124.0,128.0,3292638,1988,2,128.0,128.0
996,2008-06-21,124.0,127.0,124.0,127.0,28169050,17010,6,128.0,127.0
997,2008-06-24,124.0,127.0,124.0,127.0,61046302,36908,16,127.0,127.0
998,2008-06-29,123.0,127.0,123.0,127.0,33647290,20392,10,127.0,127.0
999,2008-07-01,123.0,127.0,123.0,127.0,77818409,47191,25,127.0,127.0
1000,2008-07-02,129.0,130.0,123.0,125.0,496765591,300849,89,127.0,125.0
1001,2008-07-05,124.0,125.0,124.0,125.0,34855662,21010,8,125.0,125.0
1002,2008-07-06,123.0,125.0,123.0,125.0,16456660,10010,2,125.0,125.0
1003,2008-07-07,121.0,125.0,121.0,125.0,4883830,3020,4,125.0,125.0
1004,2008-07-09,121.0,124.0,121.0,124.0,26131190,16160,9,125.0,124.0
1005,2008-07-12,121.0,124.0,121.0,124.0,117793784,72884,30,124.0,124.0
1006,2008-07-13,120.0,124.0,120.0,124.0,9487619,5889,2,124.0,124.0
1007,2008-07-14,120.0,124.0,120.0,124.0,1757454,1094,2,124.0,124.0
1008,2008-07-23,120.0,123.0,97.0,110.0,43407080,29478,13,124.0,110.0
1009,2008-07-26,113.0,113.0,113.0,113.0,559023634,369077,71,110.0,113.0
1010,2008-07-27,113.0,116.0,112.0,113.0,45242493,29729,12,113.0,113.0
1011,2008-07-28,116.0,116.0,113.0,113.0,1081817,700,5,113.0,113.0
1012,2008-07-29,114.0,114.0,113.0,113.0,15215070,10010,3,113.0,113.0
1013,2008-08-02,111.0,116.0,111.0,113.0,63028736,41194,18,113.0,113.0
1014,2008-08-03,113.0,113.0,113.0,113.0,31612987,20943,4,113.0,113.0
1015,2008-08-04,111.0,116.0,111.0,113.0,52883397,34440,25,113.0,113.0
1016,2008-08-05,113.0,114.0,113.0,113.0,18786644,12378,8,113.0,113.0
1017,2008-08-26,110.0,113.0,110.0,113.0,88410,60,2,113.0,113.0
1018,2008-08-27,110.0,113.0,110.0,113.0,6980076,4761,5,113.0,113.0
1019,2008-08-31,110.0,113.0,110.0,113.0,512084,349,2,113.0,113.0
1020,2008-09-01,110.0,113.0,110.0,113.0,1522158,1038,3,113.0,113.0
1021,2008-10-05,110.0,113.0,110.0,113.0,1507498,1028,3,113.0,113.0
1022,2008-10-06,110.0,113.0,110.0,113.0,512084,349,2,113.0,113.0
1023,2008-10-07,110.0,113.0,110.0,113.0,1004660,685,2,113.0,113.0
1024,2008-10-08,110.0,113.0,110.0,113.0,8415280,5740,9,113.0,113.0
1025,2008-10-14,110.0,113.0,110.0,113.0,1097735,749,5,113.0,113.0
1026,2008-10-19,110.0,113.0,110.0,113.0,3314280,2262,4,113.0,113.0
1027,2008-10-20,110.0,113.0,110.0,113.0,374025,255,2,113.0,113.0
1028,2008-10-22,110.0,113.0,110.0,113.0,11579800,7904,4,113.0,113.0
1029,2008-10-27,109.0,113.0,109.0,113.0,1704546,1164,2,113.0,113.0
1030,2008-11-02,109.0,113.0,109.0,113.0,2678106,1829,3,113.0,113.0
1031,2008-11-03,109.0,113.0,109.0,113.0,14537960,9930,8,113.0,113.0
1032,2008-11-08,109.0,113.0,109.0,113.0,995290,680,2,113.0,113.0
1033,2009-01-14,109.0,109.0,109.0,113.0,975821,667,1,113.0,109.0
1034,2009-02-02,109.0,109.0,109.0,113.0,399399,273,2,113.0,109.0
1035,2009-02-09,109.0,109.0,109.0,113.0,9977660,6820,2,113.0,109.0
1036,2009-03-01,97.0,102.0,96.0,99.0,352136160,340199,54,113.0,96.0
1037,2009-03-08,96.0,96.0,96.0,99.0,695772,693,1,99.0,96.0
1038,2009-04-08,96.0,96.0,96.0,99.0,993960,990,1,99.0,96.0
1039,2009-04-11,96.0,96.0,96.0,99.0,5083252,5063,6,99.0,96.0
1040,2009-04-13,96.0,96.0,96.0,99.0,9947632,9908,2,99.0,96.0
1041,2009-04-20,96.0,96.0,96.0,99.0,868598,866,2,99.0,96.0
1042,2009-04-25,96.0,96.0,96.0,99.0,300900,300,1,99.0,96.0
1043,2009-04-29,96.0,96.0,96.0,99.0,609824,608,2,99.0,96.0
1044,2009-05-04,96.0,96.0,96.0,99.0,1869592,1864,1,99.0,96.0
1045,2009-05-05,96.0,96.0,96.0,99.0,10030000,10000,2,99.0,96.0
1046,2009-05-06,96.0,96.0,96.0,99.0,864586,862,1,99.0,96.0
1047,2009-05-09,96.0,96.0,96.0,99.0,1592764,1588,2,99.0,96.0
1048,2009-05-11,96.0,96.0,96.0,99.0,100300,100,1,99.0,96.0
1049,2009-05-17,96.0,96.0,96.0,99.0,1003000,1000,1,99.0,96.0
1050,2009-05-18,96.0,96.0,96.0,99.0,10030000,10000,4,99.0,96.0
1051,2009-05-25,96.0,96.0,96.0,99.0,10020000,10000,3,99.0,96.0
1052,2009-05-27,96.0,96.0,96.0,97.0,222770548,222548,85,99.0,96.0
1053,2009-05-30,94.0,94.0,94.0,97.0,10938684,11094,5,97.0,94.0
1054,2009-05-31,94.0,94.0,94.0,97.0,9699295,9847,5,97.0,94.0
1055,2009-06-02,94.0,94.0,94.0,97.0,42725280,43420,24,97.0,94.0
1056,2009-06-03,94.0,96.0,94.0,96.0,230325618,231095,77,97.0,96.0
1057,2009-06-06,96.0,96.0,93.0,96.0,30711383,30806,12,96.0,93.0
1058,2009-06-07,93.0,99.0,93.0,96.0,26240341,26000,10,96.0,95.0
1059,2009-06-08,95.0,95.0,93.0,96.0,16085925,16403,11,96.0,93.0
1060,2009-06-09,93.0,93.0,93.0,96.0,36736588,37756,9,96.0,93.0
1061,2009-06-10,96.0,96.0,96.0,96.0,6286402,6299,1,96.0,96.0
1062,2009-06-15,93.0,93.0,93.0,96.0,5826000,6000,4,96.0,93.0
1063,2009-06-17,93.0,93.0,93.0,96.0,5826000,6000,2,96.0,93.0
1064,2009-06-22,93.0,93.0,93.0,96.0,4973462,5122,4,96.0,93.0
1065,2009-06-30,93.0,93.0,93.0,96.0,27188,28,1,96.0,93.0
1066,2009-07-04,93.0,93.0,93.0,96.0,21075555,21705,12,96.0,93.0
1067,2009-07-18,93.0,93.0,93.0,96.0,485000,500,1,96.0,93.0
1068,2009-07-27,93.0,93.0,93.0,96.0,679000,700,1,96.0,93.0
1069,2009-07-29,93.0,93.0,93.0,96.0,9700,10,1,96.0,93.0
1070,2009-08-18,93.0,93.0,93.0,96.0,6799700,7010,3,96.0,93.0
1071,2009-08-19,93.0,93.0,93.0,96.0,2910000,3000,2,96.0,93.0
1072,2009-08-22,93.0,93.0,93.0,96.0,148410,153,1,96.0,93.0
1073,2009-08-25,93.0,93.0,93.0,96.0,297790,307,1,96.0,93.0
1074,2009-08-31,93.0,93.0,93.0,96.0,1988500,2050,1,96.0,93.0
1075,2009-09-01,93.0,93.0,93.0,96.0,1550060,1598,3,96.0,93.0
1076,2009-09-05,93.0,93.0,93.0,96.0,2037000,2100,3,96.0,93.0
1077,2009-09-22,93.0,93.0,93.0,96.0,49470,51,1,96.0,93.0
1078,2009-09-23,93.0,93.0,93.0,96.0,6963630,7179,2,96.0,93.0
1079,2009-09-27,93.0,93.0,93.0,96.0,9700000,10000,6,96.0,93.0
1080,2009-10-05,93.0,98.0,93.0,93.0,562235266,578182,147,96.0,98.0
1081,2009-10-06,96.0,96.0,96.0,93.0,24366342,24342,7,93.0,96.0
1082,2009-10-07,96.0,96.0,96.0,93.0,22932774,22887,6,93.0,96.0
1083,2009-10-10,96.0,96.0,96.0,93.0,3991940,3980,1,93.0,96.0
1084,2009-10-11,96.0,96.0,96.0,93.0,16692929,16643,7,93.0,96.0
1085,2009-10-12,96.0,96.0,96.0,94.0,105333656,104914,24,93.0,96.0
1086,2009-10-20,91.0,97.0,91.0,94.0,20582846,21646,17,94.0,97.0
1087,2009-10-21,97.0,97.0,97.0,95.0,350932716,367854,80,94.0,97.0
1088,2009-10-24,98.0,98.0,98.0,96.0,193605210,199593,64,95.0,98.0
1089,2009-10-25,99.0,99.0,99.0,97.0,197887542,202339,48,96.0,99.0
1090,2009-10-26,100.0,100.0,100.0,98.0,287537320,291620,65,97.0,100.0
1091,2009-10-27,101.0,101.0,101.0,98.0,57986955,58045,19,98.0,101.0
1092,2009-10-28,101.0,101.0,101.0,99.0,37045008,37008,16,98.0,101.0
1093,2009-10-31,102.0,102.0,102.0,99.0,83901953,83651,19,99.0,102.0
1094,2009-11-01,102.0,102.0,102.0,99.0,2516493,2499,3,99.0,102.0
1095,2009-11-02,102.0,102.0,102.0,99.0,101613349,100907,22,99.0,102.0
1096,2009-11-03,102.0,102.0,102.0,99.0,10671105,10555,3,99.0,102.0
1097,2009-11-04,102.0,102.0,102.0,100.0,172478622,170602,19,99.0,102.0
1098,2009-11-07,103.0,104.0,103.0,100.0,34846066,34118,8,100.0,104.0
1099,2009-11-08,104.0,104.0,104.0,101.0,135221075,131923,14,100.0,104.0
1100,2009-11-09,105.0,105.0,105.0,102.0,112189752,108711,11,101.0,105.0
1101,2009-11-10,98.0,105.0,98.0,102.0,130237913,125973,26,102.0,105.0
1102,2009-11-11,105.0,106.0,105.0,103.0,126565523,121494,23,102.0,106.0
1103,2009-11-14,102.0,106.0,102.0,103.0,89326476,85147,20,103.0,106.0
1104,2009-11-15,107.0,107.0,107.0,103.0,24363210,23115,9,103.0,107.0
1105,2009-11-16,107.0,107.0,107.0,104.0,108636495,102974,24,103.0,107.0
1106,2009-11-17,103.0,107.0,102.0,104.0,83357437,80611,15,104.0,102.0
1107,2009-11-18,100.0,107.0,100.0,104.0,131189026,124623,28,104.0,107.0
1108,2009-11-21,101.0,102.0,101.0,104.0,230630545,229923,20,104.0,101.0
1109,2009-11-22,100.0,100.0,100.0,104.0,2171400,2200,1,104.0,100.0
1110,2009-11-23,100.0,107.0,100.0,104.0,80516601,78817,19,104.0,107.0
1111,2009-11-24,101.0,107.0,101.0,104.0,104701562,99310,14,104.0,107.0
1112,2009-11-25,108.0,108.0,108.0,104.0,12000600,11300,4,104.0,108.0
1113,2009-11-29,104.0,108.0,104.0,105.0,223779306,213303,32,104.0,108.0
1114,2009-11-30,108.0,108.0,108.0,106.0,176103459,164429,17,105.0,108.0
1115,2009-12-01,106.0,109.0,106.0,106.0,129919561,120427,17,106.0,109.0
1116,2009-12-02,110.0,110.0,110.0,108.0,247819770,228195,17,106.0,110.0
1117,2009-12-05,104.0,111.0,104.0,109.0,226327364,205964,12,108.0,111.0
1118,2009-12-07,112.0,112.0,112.0,109.0,25741748,23192,6,109.0,112.0
1119,2009-12-08,111.0,113.0,111.0,112.0,633293734,570157,39,109.0,113.0
1120,2009-12-09,108.0,109.0,108.0,112.0,55411647,51598,7,112.0,108.0
1121,2009-12-14,108.0,108.0,108.0,112.0,10650000,10000,7,112.0,108.0
1122,2009-12-20,108.0,108.0,108.0,112.0,1064000,1000,1,112.0,108.0
1123,2009-12-21,108.0,108.0,108.0,112.0,123424,116,1,112.0,108.0
1124,2009-12-23,108.0,108.0,108.0,112.0,19902120,18705,5,112.0,108.0
1125,2009-12-30,108.0,108.0,108.0,112.0,3545105,3335,3,112.0,108.0
1126,2010-01-09,108.0,108.0,108.0,112.0,373113,351,1,112.0,108.0
1127,2010-01-10,108.0,108.0,108.0,112.0,484728,456,1,112.0,108.0
1128,2010-01-11,108.0,108.0,108.0,112.0,988590,930,1,112.0,108.0
1129,2010-01-16,108.0,108.0,108.0,112.0,5315000,5000,3,112.0,108.0
1130,2010-01-18,108.0,108.0,108.0,112.0,1368081,1287,1,112.0,108.0
1131,2010-01-26,104.0,104.0,98.0,102.0,661322284,656005,72,112.0,99.0
1132,2010-01-27,99.0,99.0,99.0,102.0,2982245,3065,1,102.0,99.0
1133,2010-01-30,99.0,99.0,99.0,102.0,107030,110,2,102.0,99.0
1134,2010-01-31,99.0,99.0,99.0,102.0,19497947,20039,2,102.0,99.0
1135,2010-02-01,98.0,98.0,98.0,102.0,2916000,3000,1,102.0,98.0
1136,2010-02-14,98.0,98.0,98.0,102.0,20129148,20709,8,102.0,98.0
1137,2010-02-16,98.0,98.0,98.0,102.0,10302310,10610,4,102.0,98.0
1138,2010-02-17,98.0,98.0,98.0,102.0,48500,50,1,102.0,98.0
1139,2010-02-21,98.0,98.0,98.0,102.0,9948320,10256,1,102.0,98.0
1140,2010-02-22,98.0,98.0,98.0,102.0,11879940,12260,4,102.0,98.0
1141,2010-02-23,98.0,98.0,98.0,102.0,3175040,3280,1,102.0,98.0
1142,2010-03-08,98.0,98.0,98.0,102.0,9680000,10000,3,102.0,98.0
1143,2010-03-09,98.0,98.0,98.0,101.0,40675888,42064,3,102.0,98.0
1144,2010-03-10,98.0,98.0,98.0,101.0,8144600,8440,2,101.0,98.0
1145,2010-03-13,98.0,98.0,98.0,101.0,24125000,25000,1,101.0,98.0
1146,2010-03-14,98.0,98.0,98.0,101.0,2448205,2537,4,101.0,98.0
1147,2010-05-04,98.0,98.0,98.0,98.0,1204433842,1248066,154,101.0,98.0
1148,2010-05-05,96.0,101.0,96.0,100.0,1858492206,1875613,131,98.0,101.0
1149,2010-05-08,104.0,104.0,104.0,103.0,570716926,556804,68,100.0,104.0
1150,2010-05-09,107.0,107.0,104.0,106.0,485326862,460639,46,103.0,107.0
1151,2010-05-10,107.0,109.0,107.0,106.0,168051376,156393,27,106.0,108.0
1152,2010-05-11,110.0,110.0,110.0,108.0,273188895,251787,26,106.0,110.0
1153,2010-05-12,111.0,111.0,111.0,111.0,747320000,680000,49,108.0,111.0
1154,2010-05-15,115.0,115.0,115.0,115.0,782293521,688033,52,111.0,115.0
1155,2010-05-16,119.0,119.0,111.0,118.0,1222618789,1046843,80,115.0,113.0
1156,2010-05-18,114.0,114.0,114.0,114.0,826521696,732732,68,118.0,114.0
1157,2010-05-19,116.0,118.0,111.0,117.0,765990406,664631,56,114.0,118.0
1158,2010-05-22,118.0,121.0,118.0,119.0,498886408,418549,34,117.0,121.0
1159,2010-05-23,123.0,123.0,123.0,121.0,257677644,211558,35,119.0,123.0
1160,2010-05-24,117.0,125.0,117.0,123.0,684375593,562878,52,121.0,125.0
1161,2010-05-25,122.0,127.0,122.0,124.0,219332937,175294,18,123.0,127.0
1162,2010-05-26,124.0,128.0,124.0,124.0,148446944,119675,21,124.0,124.0
1163,2010-05-29,125.0,128.0,125.0,124.0,243366403,195936,35,124.0,125.0
1164,2010-05-30,120.0,120.0,120.0,124.0,39403664,33224,6,124.0,120.0
1165,2010-06-01,120.0,126.0,120.0,124.0,93616588,77912,32,124.0,121.0
1166,2010-06-02,120.0,120.0,120.0,124.0,39949236,33798,5,124.0,120.0
1167,2010-06-08,120.0,120.0,120.0,123.0,123310000,104500,18,124.0,120.0
1168,2010-06-14,119.0,119.0,119.0,123.0,997900,850,1,123.0,119.0
1169,2010-06-15,119.0,119.0,119.0,123.0,2475966,2109,1,123.0,119.0
1170,2010-06-16,119.0,119.0,119.0,123.0,5881740,5010,2,123.0,119.0
1171,2010-06-19,119.0,119.0,119.0,123.0,11740,10,1,123.0,119.0
1172,2010-06-23,119.0,119.0,119.0,123.0,10287762,8763,1,123.0,119.0
1173,2010-06-28,118.0,118.0,118.0,123.0,6391659,5477,5,123.0,118.0
1174,2010-06-30,118.0,118.0,118.0,123.0,22173,19,1,123.0,118.0
1175,2010-07-03,118.0,118.0,118.0,123.0,23340,20,1,123.0,118.0
1176,2010-07-11,118.0,118.0,118.0,123.0,1167000,1000,1,123.0,118.0
1177,2010-07-14,118.0,118.0,118.0,121.0,408461670,350010,66,123.0,118.0
1178,2010-07-17,116.0,116.0,116.0,116.0,862550783,754630,104,121.0,116.0
1179,2010-07-24,116.0,116.0,116.0,116.0,55800000,50000,2,116.0,116.0
1180,2010-07-25,111.0,119.0,111.0,115.0,190753305,176860,42,116.0,112.0
1181,2010-07-26,114.0,115.0,113.0,115.0,85290533,77276,27,115.0,113.0
1182,2010-07-28,110.0,114.0,110.0,114.0,54350011,51177,17,115.0,114.0
1183,2010-07-31,113.0,113.0,110.0,114.0,70863903,66814,18,114.0,110.0
1184,2010-08-01,110.0,118.0,110.0,112.0,479726266,447483,82,114.0,111.0
1185,2010-08-02,116.0,117.0,110.0,115.0,554501416,493564,64,112.0,117.0
1186,2010-08-03,120.0,120.0,120.0,120.0,786080000,680000,51,115.0,120.0
1187,2010-08-04,125.0,125.0,125.0,125.0,1240191146,1031773,116,120.0,125.0
1188,2010-08-07,128.0,129.0,125.0,127.0,441909373,357557,44,125.0,127.0
1189,2010-08-08,127.0,127.0,122.0,126.0,725043107,599697,44,127.0,122.0
1190,2010-08-09,122.0,131.0,121.0,127.0,658002418,533704,68,126.0,131.0
1191,2010-08-10,132.0,132.0,132.0,128.0,138348026,108355,35,127.0,132.0
1192,2010-08-11,133.0,133.0,123.0,128.0,102309255,82036,16,128.0,128.0
1193,2010-08-14,127.0,133.0,124.0,128.0,172531214,138723,22,128.0,124.0
1194,2010-08-15,127.0,127.0,123.0,128.0,20335800,17100,5,128.0,123.0
1195,2010-08-17,123.0,123.0,123.0,128.0,1188000,1000,1,128.0,123.0
1196,2010-08-18,123.0,123.0,123.0,128.0,14256000,12000,3,128.0,123.0
1197,2010-08-22,123.0,123.0,123.0,128.0,4445315,3745,2,128.0,123.0
1198,2010-08-24,123.0,123.0,123.0,128.0,64188212,54076,7,128.0,123.0
1199,2010-08-25,123.0,123.0,123.0,127.0,60618103,51241,14,128.0,123.0
1200,2010-08-28,122.0,128.0,122.0,124.0,576744214,486998,67,127.0,128.0
1201,2010-08-29,124.0,129.0,124.0,125.0,230611191,185981,30,124.0,125.0
1202,2010-08-30,124.0,130.0,124.0,126.0,113595558,92919,22,125.0,125.0
1203,2010-08-31,124.0,130.0,124.0,126.0,62021879,50232,13,126.0,129.0
1204,2010-09-04,125.0,128.0,121.0,126.0,65396891,53970,13,126.0,127.0
1205,2010-09-05,122.0,129.0,122.0,126.0,75244086,61676,33,126.0,126.0
1206,2010-09-06,121.0,128.0,121.0,126.0,91159305,76812,19,126.0,124.0
1207,2010-09-07,127.0,128.0,121.0,126.0,33848713,28033,14,126.0,121.0
1208,2010-09-08,121.0,124.0,121.0,125.0,85261385,72221,23,126.0,124.0
1209,2010-09-12,122.0,124.0,120.0,125.0,70576620,59546,12,125.0,124.0
1210,2010-09-13,120.0,124.0,120.0,125.0,50838045,43537,18,125.0,120.0
1211,2010-09-14,122.0,122.0,120.0,124.0,167620258,144764,33,125.0,120.0
1212,2010-09-15,119.0,122.0,119.0,124.0,58637258,50854,12,124.0,120.0
1213,2010-09-18,119.0,123.0,119.0,123.0,60432992,52686,10,124.0,123.0
1214,2010-09-19,119.0,121.0,118.0,123.0,52024028,45444,19,123.0,118.0
1215,2010-09-20,118.0,118.0,118.0,123.0,18208000,16000,4,123.0,118.0
1216,2010-09-21,118.0,118.0,118.0,122.0,120647362,106100,28,123.0,118.0
1217,2010-09-22,121.0,121.0,121.0,122.0,2334000,2000,2,122.0,121.0
1218,2010-09-25,117.0,117.0,117.0,122.0,3313160,2932,2,122.0,117.0
1219,2010-09-26,117.0,117.0,117.0,122.0,2486000,2200,1,122.0,117.0
1220,2010-09-28,117.0,117.0,117.0,122.0,435050,385,1,122.0,117.0
1221,2010-09-29,117.0,117.0,117.0,122.0,22554800,19960,4,122.0,117.0
1222,2010-10-03,117.0,117.0,117.0,122.0,9972457,8833,3,122.0,117.0
1223,2010-10-10,117.0,117.0,117.0,122.0,112800,100,1,122.0,117.0
1224,2010-10-18,117.0,117.0,117.0,122.0,2256000,2000,1,122.0,117.0
1225,2010-10-20,117.0,117.0,117.0,122.0,277488,246,1,122.0,117.0
1226,2010-10-26,117.0,117.0,117.0,122.0,4974480,4410,1,122.0,117.0
1227,2010-10-30,117.0,117.0,117.0,122.0,56400,50,1,122.0,117.0
1228,2010-11-01,117.0,117.0,117.0,122.0,564000,500,1,122.0,117.0
1229,2010-11-09,117.0,117.0,117.0,121.0,67680000,60000,9,122.0,117.0
1230,2010-11-21,117.0,117.0,117.0,121.0,337500,300,1,121.0,117.0
1231,2010-11-22,117.0,117.0,117.0,121.0,11250,10,1,121.0,117.0
1232,2010-12-01,117.0,117.0,117.0,121.0,4102875,3647,4,121.0,117.0
1233,2010-12-04,117.0,117.0,117.0,121.0,11250,10,1,121.0,117.0
1234,2010-12-18,117.0,117.0,117.0,121.0,1082250,962,1,121.0,117.0
1235,2010-12-19,117.0,117.0,117.0,121.0,11250,10,1,121.0,117.0
1236,2010-12-20,117.0,117.0,117.0,121.0,11250000,10000,3,121.0,117.0
1237,2010-12-26,117.0,117.0,117.0,121.0,1124000,1000,2,121.0,117.0
1238,2010-12-29,117.0,117.0,117.0,121.0,38216000,34000,12,121.0,117.0
1239,2011-01-01,116.0,116.0,116.0,121.0,6732000,6000,1,121.0,116.0
1240,2011-01-02,116.0,116.0,116.0,121.0,157080,140,1,121.0,116.0
1241,2011-01-03,116.0,116.0,116.0,121.0,1522554,1357,3,121.0,116.0
1242,2011-01-11,116.0,116.0,116.0,121.0,258060,230,1,121.0,116.0
1243,2011-01-18,116.0,116.0,116.0,121.0,11220000,10000,4,121.0,116.0
1244,2011-01-19,116.0,121.0,116.0,117.0,1621759512,1444437,266,121.0,121.0
1245,2011-01-22,112.0,120.0,112.0,116.0,200812652,180327,42,117.0,117.0
1246,2011-01-23,116.0,119.0,116.0,116.0,46295531,41194,37,116.0,119.0
1247,2011-01-24,112.0,114.0,112.0,116.0,31782389,29116,24,116.0,114.0
1248,2011-01-26,116.0,116.0,114.0,116.0,42180760,38196,9,116.0,114.0
1249,2011-01-29,112.0,115.0,112.0,114.0,332624215,307245,68,116.0,112.0
1250,2011-01-30,110.0,114.0,110.0,114.0,32598211,30547,12,114.0,111.0
1251,2011-01-31,110.0,115.0,110.0,114.0,63204612,58045,18,114.0,115.0
1252,2011-02-01,116.0,119.0,114.0,116.0,348286896,304924,49,114.0,119.0
1253,2011-02-05,119.0,121.0,119.0,118.0,274072843,235995,44,116.0,120.0
1254,2011-02-06,120.0,122.0,120.0,119.0,288730215,246338,46,118.0,122.0
1255,2011-02-07,123.0,123.0,118.0,119.0,110200333,94956,27,119.0,119.0
1256,2011-02-08,121.0,122.0,115.0,117.0,527002446,472405,46,119.0,115.0
1257,2011-02-09,113.0,117.0,112.0,116.0,89766479,82660,17,117.0,112.0
1258,2011-02-12,112.0,113.0,112.0,116.0,23874024,22120,16,116.0,112.0
1259,2011-02-13,114.0,114.0,112.0,116.0,22044593,20317,8,116.0,113.0
1260,2011-02-14,113.0,113.0,112.0,115.0,162810194,151383,22,116.0,112.0
1261,2011-02-15,114.0,115.0,110.0,114.0,639810203,585062,43,115.0,110.0
1262,2011-02-16,114.0,118.0,109.0,114.0,675190762,612965,67,114.0,115.0
1263,2011-02-19,116.0,119.0,115.0,114.0,74622500,66376,23,114.0,115.0
1264,2011-02-20,115.0,117.0,114.0,114.0,72427910,65431,18,114.0,115.0
1265,2011-02-22,118.0,119.0,111.0,114.0,208766043,189113,29,114.0,111.0
1266,2011-02-23,112.0,114.0,110.0,114.0,170285936,157714,31,114.0,111.0
1267,2011-02-26,110.0,111.0,110.0,113.0,185242943,174119,38,114.0,111.0
1268,2011-02-27,109.0,111.0,109.0,113.0,55446431,52267,15,113.0,110.0
1269,2011-02-28,110.0,112.0,108.0,112.0,185346913,176775,34,113.0,108.0
1270,2011-03-01,107.0,107.0,107.0,112.0,12411102,12003,3,112.0,107.0
1271,2011-03-02,107.0,107.0,107.0,112.0,11197720,10840,3,112.0,107.0
1272,2011-03-05,107.0,107.0,107.0,111.0,20131224,19507,1,112.0,107.0
1273,2011-03-07,107.0,107.0,107.0,111.0,10822584,10487,3,111.0,107.0
1274,2011-03-08,107.0,112.0,107.0,111.0,21422959322,20026099,45,111.0,112.0
1275,2011-03-09,111.0,111.0,107.0,111.0,50788866,48341,12,111.0,107.0
1276,2011-03-12,107.0,107.0,107.0,111.0,7219000,7000,3,111.0,107.0
1277,2011-03-13,107.0,107.0,107.0,111.0,40081567,39021,13,111.0,107.0
1278,2011-03-14,106.0,107.0,106.0,110.0,62056195,60490,15,111.0,106.0
1279,2011-03-15,109.0,113.0,106.0,111.0,271349472,252695,29,110.0,107.0
1280,2011-03-16,110.0,113.0,107.0,111.0,293163459,273046,45,111.0,113.0
1281,2011-03-19,113.0,114.0,108.0,111.0,129091126,118346,26,111.0,114.0
1282,2011-03-26,113.0,116.0,113.0,112.0,63329680,57462,13,111.0,116.0
1283,2011-03-27,116.0,116.0,116.0,112.0,138302856,123624,17,112.0,116.0
1284,2011-03-28,116.0,116.0,115.0,112.0,5666906,5088,5,112.0,115.0
1285,2011-03-29,115.0,117.0,115.0,113.0,44267293,39442,15,112.0,117.0
1286,2011-03-30,117.0,117.0,116.0,113.0,11493156,10273,5,113.0,116.0
1287,2011-04-03,117.0,117.0,114.0,113.0,53686678,48069,15,113.0,117.0
1288,2011-04-04,114.0,114.0,113.0,113.0,148047164,134988,42,113.0,114.0
1289,2011-04-05,114.0,115.0,114.0,113.0,129899102,117917,24,113.0,115.0
1290,2011-04-06,116.0,118.0,109.0,114.0,287155637,258532,61,113.0,118.0
1291,2011-04-09,115.0,115.0,111.0,114.0,88686565,80559,17,114.0,115.0
1292,2011-04-10,118.0,118.0,110.0,114.0,207056904,188700,23,114.0,114.0
1293,2011-04-11,110.0,110.0,110.0,114.0,30534792,28824,12,114.0,110.0
1294,2011-04-12,113.0,118.0,111.0,112.0,84845145553,78918237,33,114.0,117.0
1295,2011-04-13,116.0,116.0,116.0,113.0,321270716,287362,24,112.0,116.0
1296,2011-04-16,118.0,118.0,118.0,114.0,114248656,100571,12,113.0,118.0
1297,2011-04-17,118.0,118.0,118.0,116.0,274933074,240747,35,114.0,118.0
1298,2011-04-18,120.0,120.0,120.0,117.0,226768824,195828,23,116.0,120.0
1299,2011-04-19,122.0,122.0,121.0,119.0,336878196,287443,34,117.0,122.0
1300,2011-04-20,123.0,124.0,122.0,121.0,364082334,306396,53,119.0,124.0
1301,2011-04-23,124.0,126.0,122.0,124.0,18959901254,15864868,20,121.0,126.0
1302,2011-04-24,129.0,129.0,126.0,126.0,318841201,256747,56,124.0,129.0
1303,2011-04-25,130.0,131.0,126.0,126.0,188703526,154156,34,126.0,128.0
1304,2011-04-26,130.0,131.0,126.0,127.0,268301860,217404,43,126.0,127.0
1305,2011-04-27,127.0,130.0,124.0,127.0,170468209,139735,35,127.0,124.0
1306,2011-04-30,126.0,126.0,122.0,126.0,217864034,184499,29,127.0,122.0
1307,2011-05-01,121.0,121.0,121.0,125.0,84899000,73000,8,126.0,121.0
1308,2011-05-02,121.0,126.0,121.0,124.0,353752117,297668,42,125.0,125.0
1309,2011-05-03,127.0,127.0,121.0,124.0,52978334,44927,15,124.0,121.0
1310,2011-05-04,121.0,129.0,120.0,125.0,460222760,380553,50,124.0,129.0
1311,2011-05-08,130.0,130.0,130.0,126.0,188261988,150369,22,125.0,130.0
1312,2011-05-09,129.0,131.0,129.0,127.0,162551938,128894,25,126.0,131.0
1313,2011-05-10,130.0,132.0,123.0,128.0,199379254,159385,22,127.0,127.0
1314,2011-05-11,123.0,123.0,123.0,123.0,23712123638,20077998,19,128.0,123.0
1315,2011-05-15,119.0,124.0,118.0,122.0,258994510,222994,32,123.0,124.0
1316,2011-05-16,124.0,127.0,122.0,122.0,145856500,121834,34,122.0,127.0
1317,2011-05-17,127.0,127.0,121.0,123.0,121389202,99758,15,122.0,122.0
1318,2011-05-18,127.0,127.0,119.0,123.0,70950772,59826,18,123.0,120.0
1319,2011-05-21,118.0,123.0,118.0,122.0,162724503,142855,29,123.0,123.0
1320,2011-05-22,117.0,124.0,117.0,122.0,34500258,30055,6,122.0,124.0
1321,2011-05-23,117.0,119.0,117.0,121.0,108506868,94356,16,122.0,119.0
1322,2011-05-24,119.0,122.0,117.0,121.0,59926520,51468,13,121.0,117.0
1323,2011-05-25,118.0,125.0,118.0,124.0,3103255380,2593070,114,121.0,122.0
1324,2011-05-28,119.0,120.0,119.0,124.0,87021648,75634,15,124.0,119.0
1325,2011-05-29,119.0,119.0,119.0,123.0,33706510,29438,18,124.0,119.0
1326,2011-05-30,122.0,124.0,119.0,123.0,66802626,57694,15,123.0,124.0
1327,2011-05-31,119.0,123.0,118.0,123.0,25915580,22559,11,123.0,123.0
1328,2011-06-01,118.0,124.0,118.0,123.0,14280096,12503,10,123.0,118.0
1329,2011-06-06,118.0,118.0,118.0,123.0,19357380,17010,3,123.0,118.0
1330,2011-06-07,118.0,118.0,118.0,123.0,2343357,2061,4,123.0,118.0
1331,2011-06-08,118.0,118.0,118.0,123.0,6577545,5785,4,123.0,118.0
1332,2011-06-14,118.0,118.0,118.0,123.0,2967570,2610,2,123.0,118.0
1333,2011-06-15,118.0,118.0,118.0,123.0,11370000,10000,3,123.0,118.0
1334,2011-06-18,118.0,118.0,118.0,123.0,1283680,1130,3,123.0,118.0
1335,2011-06-19,118.0,118.0,118.0,123.0,113600,100,1,123.0,118.0
1336,2011-06-21,118.0,118.0,118.0,123.0,1205296,1061,4,123.0,118.0
1337,2011-06-22,118.0,118.0,118.0,123.0,22720,20,2,123.0,118.0
1338,2011-06-25,118.0,118.0,118.0,123.0,22720,20,1,123.0,118.0
1339,2011-06-28,118.0,118.0,118.0,123.0,1192800,1050,1,123.0,118.0
1340,2011-07-02,118.0,118.0,118.0,123.0,5680,5,1,123.0,118.0
1341,2011-07-03,118.0,118.0,118.0,123.0,11360,10,1,123.0,118.0
1342,2011-07-04,118.0,118.0,118.0,123.0,22720,20,2,123.0,118.0
1343,2011-07-05,118.0,118.0,118.0,123.0,11360,10,1,123.0,118.0
1344,2011-07-06,118.0,118.0,118.0,123.0,1397280,1230,2,123.0,118.0
1345,2011-07-09,113.0,113.0,109.0,111.0,2239600,2100,3,123.0,109.0
1346,2011-07-11,106.0,106.0,106.0,111.0,7270400,7100,3,111.0,106.0
1347,2011-07-12,106.0,106.0,106.0,111.0,10240,10,1,111.0,106.0
1348,2011-07-16,106.0,114.0,106.0,111.0,1746239912,1632452,146,111.0,114.0
1349,2011-07-27,126.0,126.0,121.0,125.0,177382560,148530,26,111.0,121.0
1350,2011-07-30,120.0,120.0,120.0,125.0,31783370,27710,10,125.0,120.0
1351,2011-07-31,120.0,120.0,120.0,125.0,973250,850,1,125.0,120.0
1352,2011-08-13,120.0,120.0,120.0,125.0,2290000,2000,1,125.0,120.0
1353,2011-08-23,120.0,120.0,120.0,120.0,839332964,733002,100,125.0,120.0
1354,2011-08-24,115.0,117.0,115.0,120.0,15152540,13775,9,120.0,115.0
1355,2011-08-27,115.0,115.0,115.0,120.0,22474572,20450,10,120.0,115.0
1356,2011-08-28,115.0,115.0,115.0,120.0,2858094,2603,3,120.0,115.0
1357,2011-08-29,115.0,115.0,115.0,120.0,1098000,1000,1,120.0,115.0
1358,2011-08-30,115.0,115.0,115.0,120.0,2294820,2090,2,120.0,115.0
1359,2011-09-04,115.0,115.0,115.0,119.0,11567430,10535,7,120.0,115.0
1360,2011-09-05,115.0,115.0,115.0,118.0,271934274,247831,49,119.0,115.0
1361,2011-09-06,115.0,116.0,114.0,118.0,15562234,14268,15,118.0,114.0
1362,2011-09-07,114.0,114.0,113.0,117.0,34580800,32010,5,118.0,113.0
1363,2011-09-10,113.0,120.0,113.0,117.0,158195001,146097,23,117.0,115.0
1364,2011-09-11,116.0,119.0,116.0,117.0,96336306,86730,23,117.0,116.0
1365,2011-09-12,115.0,115.0,112.0,116.0,135584304,125756,26,117.0,112.0
1366,2011-09-13,111.0,111.0,111.0,115.0,69945400,65800,25,116.0,111.0
1367,2011-09-14,111.0,111.0,111.0,115.0,67763292,63988,16,115.0,111.0
1368,2011-09-17,111.0,112.0,110.0,114.0,127403480,120301,22,115.0,110.0
1369,2011-09-18,110.0,110.0,110.0,113.0,152188920,145080,22,114.0,110.0
1370,2011-09-19,109.0,113.0,109.0,113.0,68971880,65104,10,113.0,110.0
1371,2011-09-20,110.0,114.0,109.0,113.0,79705300,74688,18,113.0,109.0
1372,2011-09-21,111.0,115.0,111.0,113.0,87123486,80062,18,113.0,114.0
1373,2011-09-25,113.0,113.0,109.0,113.0,8557845,8021,5,113.0,109.0
1374,2011-09-26,113.0,113.0,109.0,109.0,1139149445,1097985,141,113.0,109.0
1375,2011-09-27,107.0,113.0,107.0,111.0,680921454,639152,37,109.0,113.0
1376,2011-09-28,116.0,116.0,109.0,112.0,92543340,85031,21,111.0,115.0
1377,2011-10-01,110.0,115.0,109.0,112.0,33985716,32427,15,112.0,109.0
1378,2011-10-02,110.0,116.0,110.0,116.0,750808858,680000,75,112.0,116.0
1379,2011-10-03,120.0,120.0,120.0,120.0,1452819578,1265525,117,116.0,120.0
1380,2011-10-04,125.0,125.0,125.0,125.0,971101771,814118,74,120.0,125.0
1381,2011-10-05,122.0,129.0,122.0,124.0,846890110,712287,66,125.0,122.0
1382,2011-10-08,125.0,125.0,119.0,120.0,672630444,588793,61,124.0,119.0
1383,2011-10-09,116.0,124.0,116.0,120.0,326300597,285593,36,120.0,120.0
1384,2011-10-10,116.0,116.0,115.0,117.0,440913828,400000,30,120.0,115.0
1385,2011-10-11,115.0,117.0,113.0,115.0,383694223,355651,50,117.0,113.0
1386,2011-10-12,111.0,114.0,111.0,115.0,70442479,66132,20,115.0,113.0
1387,2011-10-15,112.0,112.0,110.0,113.0,241667469,229147,37,115.0,110.0
1388,2011-10-16,110.0,111.0,109.0,112.0,133817933,128567,23,113.0,109.0
1389,2011-10-17,117.0,117.0,108.0,108.0,683674672,662434,50,112.0,108.0
1390,2011-10-18,106.0,110.0,106.0,108.0,194376886,188948,17,108.0,108.0
1391,2011-10-19,108.0,112.0,104.0,107.0,498533406,492224,72,108.0,104.0
1392,2011-10-22,107.0,107.0,104.0,106.0,53760436,53593,11,107.0,104.0
1393,2011-10-23,104.0,104.0,102.0,105.0,171661404,175322,39,106.0,102.0
1394,2011-10-24,101.0,101.0,101.0,103.0,325766421,336881,41,105.0,101.0
1395,2011-10-25,103.0,107.0,103.0,104.0,305606421,302081,51,103.0,107.0
1396,2011-10-26,109.0,109.0,109.0,109.0,4675829889,4508997,192,104.0,109.0
1397,2011-10-29,111.0,113.0,111.0,112.0,771455027,717916,106,109.0,113.0
1398,2011-10-30,113.0,115.0,108.0,111.0,343200853,327728,41,112.0,111.0
1399,2011-10-31,109.0,111.0,107.0,109.0,406938804,393873,53,111.0,108.0
1400,2011-11-01,110.0,111.0,110.0,110.0,323729963,307480,47,109.0,110.0
1401,2011-11-02,110.0,110.0,107.0,110.0,186497688,178192,34,110.0,110.0
1402,2011-11-05,109.0,110.0,105.0,108.0,550289684,536783,64,110.0,106.0
1403,2011-11-06,110.0,110.0,105.0,108.0,269060167,260677,32,108.0,105.0
1404,2011-11-08,109.0,109.0,104.0,108.0,91938644,91363,20,108.0,104.0
1405,2011-11-09,104.0,110.0,104.0,108.0,254737673,246528,40,108.0,109.0
1406,2011-11-12,110.0,110.0,105.0,108.0,266415334,254704,37,108.0,109.0
1407,2011-11-13,105.0,105.0,104.0,108.0,84624780,84899,14,108.0,104.0
1408,2011-11-14,108.0,108.0,104.0,107.0,175653679,177389,29,108.0,104.0
1409,2011-11-16,103.0,107.0,103.0,105.0,208385188,212595,60,107.0,103.0
1410,2011-11-19,102.0,102.0,101.0,105.0,108955428,112205,28,105.0,101.0
1411,2011-11-20,101.0,101.0,101.0,104.0,61039900,63450,11,105.0,101.0
1412,2011-11-21,100.0,105.0,100.0,102.0,423883660,440032,65,104.0,100.0
1413,2011-11-22,98.0,98.0,98.0,102.0,29346840,31320,9,102.0,98.0
1414,2011-11-23,98.0,106.0,98.0,102.0,605556341,622737,72,102.0,101.0
1415,2011-11-26,98.0,106.0,98.0,105.0,711655314,707298,68,102.0,105.0
1416,2011-11-27,108.0,109.0,102.0,106.0,158873308,154816,20,105.0,102.0
1417,2011-11-28,102.0,107.0,102.0,105.0,511130462,509884,70,106.0,104.0
1418,2011-11-29,107.0,108.0,103.0,106.0,564248548,554909,85,105.0,103.0
1419,2011-11-30,109.0,109.0,102.0,108.0,555229012,538147,50,106.0,104.0
1420,2011-12-03,106.0,106.0,103.0,107.0,153551854,155492,19,108.0,103.0
1421,2011-12-04,110.0,110.0,104.0,108.0,403047648,384609,52,107.0,109.0
1422,2011-12-07,112.0,112.0,108.0,111.0,743880183,699080,62,108.0,111.0
1423,2011-12-10,116.0,116.0,109.0,115.0,722737750,654154,79,111.0,115.0
1424,2011-12-11,120.0,120.0,111.0,116.0,940958541,851228,112,115.0,112.0
1425,2011-12-12,119.0,119.0,112.0,116.0,367028307,327712,50,116.0,112.0
1426,2011-12-13,115.0,117.0,114.0,116.0,295169627,265090,40,116.0,117.0
1427,2011-12-14,118.0,118.0,115.0,116.0,335940529,302077,46,116.0,117.0
1428,2011-12-17,117.0,117.0,113.0,116.0,88631382,79418,25,116.0,114.0
1429,2011-12-18,118.0,119.0,114.0,117.0,363163992,320927,23,116.0,114.0
1430,2011-12-19,120.0,121.0,116.0,118.0,1242599674,1101290,62,117.0,119.0
1431,2011-12-20,121.0,123.0,121.0,122.0,2116143684,1819275,112,118.0,123.0
1432,2011-12-21,126.0,126.0,123.0,126.0,1114689398,924318,90,122.0,126.0
1433,2011-12-24,131.0,131.0,124.0,129.0,625912817,501862,42,126.0,128.0
1434,2011-12-25,134.0,134.0,129.0,134.0,1011485197,788806,72,129.0,132.0
1435,2011-12-26,133.0,133.0,129.0,129.0,857423686,693674,76,134.0,129.0
1436,2011-12-27,131.0,134.0,126.0,132.0,1581467693,1250679,101,129.0,127.0
1437,2011-12-28,131.0,137.0,131.0,134.0,973779772,758747,103,132.0,134.0
1438,2011-12-31,136.0,137.0,133.0,134.0,161324461,124429,21,134.0,136.0
1439,2012-01-01,137.0,138.0,129.0,134.0,104378797,81273,40,134.0,133.0
1440,2012-01-02,138.0,138.0,130.0,135.0,346712653,267197,45,134.0,130.0
1441,2012-01-03,130.0,135.0,130.0,133.0,399538944,319507,41,135.0,130.0
1442,2012-01-04,132.0,138.0,130.0,135.0,674206762,519355,86,133.0,133.0
1443,2012-01-07,138.0,138.0,132.0,136.0,359297514,275621,50,135.0,132.0
1444,2012-01-08,136.0,136.0,133.0,136.0,148110177,114259,17,136.0,134.0
1445,2012-01-09,131.0,135.0,130.0,135.0,353674293,278709,61,136.0,135.0
1446,2012-01-10,135.0,138.0,131.0,135.0,274400969,212256,27,135.0,134.0
1447,2012-01-11,131.0,140.0,131.0,137.0,724441223,553407,60,135.0,140.0
1448,2012-01-15,141.0,142.0,131.0,132.0,2939814750,2332885,126,137.0,132.0
1449,2012-01-16,132.0,135.0,129.0,132.0,139044740,107821,21,132.0,135.0
1450,2012-01-17,135.0,135.0,130.0,132.0,37584453,29459,19,132.0,130.0
1451,2012-01-18,131.0,135.0,127.0,132.0,247208552,197469,59,132.0,127.0
1452,2012-01-21,127.0,132.0,127.0,132.0,18922191,15577,10,132.0,128.0
1453,2012-01-23,127.0,132.0,127.0,132.0,49360154,40580,13,132.0,127.0
1454,2012-01-25,127.0,127.0,126.0,132.0,1812000,1500,2,132.0,126.0
1455,2012-01-28,126.0,126.0,126.0,131.0,9233550,7650,11,132.0,126.0
1456,2012-01-29,126.0,130.0,126.0,130.0,185726452,152589,28,131.0,126.0
1457,2012-01-30,130.0,130.0,125.0,130.0,27686200,23110,16,130.0,125.0
1458,2012-01-31,125.0,125.0,125.0,130.0,1539352,1287,2,130.0,125.0
1459,2012-02-01,125.0,135.0,125.0,131.0,1063507498,847309,144,130.0,131.0
1460,2012-02-04,127.0,137.0,127.0,135.0,866632419,671548,82,131.0,137.0
1461,2012-02-05,136.0,137.0,131.0,136.0,527465359,405028,55,135.0,137.0
1462,2012-02-06,136.0,141.0,131.0,140.0,1338229569,1002450,81,136.0,141.0
1463,2012-02-07,140.0,145.0,140.0,144.0,1759604884,1279399,88,140.0,145.0
1464,2012-02-08,144.0,146.0,138.0,143.0,191155730,144141,34,144.0,138.0
1465,2012-02-12,138.0,138.0,137.0,143.0,53313729,40389,4,143.0,137.0
1466,2012-02-15,137.0,137.0,137.0,143.0,65400,50,1,143.0,137.0
1467,2012-02-18,137.0,137.0,137.0,143.0,1308000,1000,2,143.0,137.0
1468,2012-02-19,137.0,137.0,137.0,143.0,13080,10,1,143.0,137.0
1469,2012-02-20,137.0,137.0,137.0,137.0,1391842800,1064100,104,143.0,137.0
1470,2012-02-21,131.0,131.0,131.0,137.0,12560000,10000,2,137.0,131.0
1471,2012-02-22,126.0,131.0,121.0,124.0,807416268,683762,85,137.0,121.0
1472,2012-02-25,122.0,122.0,122.0,123.0,418143545,358799,30,124.0,122.0
1473,2012-02-26,126.0,127.0,122.0,124.0,427950054,357615,41,123.0,122.0
1474,2012-02-27,122.0,122.0,119.0,122.0,255085903,223907,54,124.0,119.0
1475,2012-02-28,118.0,123.0,118.0,122.0,95445990,83134,46,122.0,118.0
1476,2012-02-29,123.0,127.0,123.0,126.0,1306509279,1084252,51,122.0,126.0
1477,2012-03-03,129.0,131.0,123.0,126.0,59657702,49106,60,126.0,126.0
1478,2012-03-04,122.0,129.0,122.0,126.0,137074504,112653,51,126.0,127.0
1479,2012-03-05,127.0,131.0,127.0,131.0,4514264516,3600263,215,126.0,131.0
1480,2012-03-06,136.0,136.0,132.0,136.0,5779213612,4449959,220,131.0,136.0
1481,2012-03-07,141.0,141.0,141.0,141.0,16921487250,12534435,572,136.0,141.0
1482,2012-03-10,143.0,143.0,136.0,137.0,3312205349,2520460,222,141.0,136.0
1483,2012-03-11,133.0,141.0,132.0,134.0,4114817385,3219120,259,137.0,139.0
1484,2012-03-12,139.0,139.0,139.0,139.0,3575852586,2690634,230,134.0,139.0
1485,2012-03-13,136.0,143.0,136.0,140.0,1444860276,1077975,111,139.0,136.0
1486,2012-03-14,142.0,142.0,135.0,136.0,1355887461,1045873,87,140.0,135.0
1487,2012-03-17,132.0,134.0,130.0,131.0,1119905665,893572,84,136.0,130.0
1488,2012-03-18,130.0,130.0,126.0,129.0,570984347,466845,59,131.0,126.0
1489,2012-03-24,130.0,134.0,130.0,134.0,989476993,772763,90,129.0,134.0
1490,2012-03-25,136.0,136.0,129.0,133.0,209815260,169639,27,134.0,130.0
1491,2012-03-26,137.0,137.0,128.0,132.0,109250168,88408,21,133.0,131.0
1492,2012-03-27,128.0,128.0,127.0,130.0,444116704,365204,48,132.0,127.0
1493,2012-03-28,125.0,130.0,125.0,125.0,1991540851,1660848,179,130.0,128.0
1494,2012-04-02,130.0,130.0,121.0,121.0,1229560397,1060909,139,125.0,122.0
1495,2012-04-03,121.0,124.0,119.0,122.0,426993571,366145,56,121.0,121.0
1496,2012-04-04,124.0,125.0,121.0,123.0,823973043,699728,72,122.0,121.0
1497,2012-04-07,123.0,126.0,118.0,121.0,917868657,793817,135,123.0,118.0
1498,2012-04-08,121.0,121.0,116.0,118.0,1392947039,1239474,156,121.0,117.0
1499,2012-04-09,116.0,116.0,113.0,115.0,1158598278,1055148,169,118.0,116.0
1500,2012-04-10,116.0,116.0,110.0,112.0,845201111,792847,189,115.0,110.0
1501,2012-04-11,111.0,115.0,108.0,112.0,907836120,848859,154,112.0,110.0
1502,2012-04-14,112.0,115.0,108.0,109.0,1453483611,1391086,196,112.0,109.0
1503,2012-04-15,112.0,114.0,112.0,113.0,807565217,745075,115,109.0,114.0
1504,2012-04-16,116.0,116.0,110.0,112.0,482947775,451915,109,113.0,111.0
1505,2012-04-17,112.0,117.0,112.0,114.0,685900593,627208,136,112.0,114.0
1506,2012-04-18,116.0,119.0,116.0,119.0,1976863017,1743537,233,114.0,119.0
1507,2012-04-21,119.0,121.0,114.0,118.0,992135685,881643,192,119.0,117.0
1508,2012-04-22,116.0,117.0,113.0,115.0,545504142,500527,112,118.0,114.0
1509,2012-04-23,114.0,115.0,113.0,115.0,135749640,125451,34,115.0,113.0
1510,2012-04-24,114.0,115.0,110.0,111.0,1073461384,1015726,174,115.0,110.0
1511,2012-04-28,109.0,112.0,107.0,109.0,643111555,618800,154,111.0,111.0
1512,2012-04-29,112.0,113.0,110.0,112.0,961958938,900552,164,109.0,111.0
1513,2012-04-30,112.0,114.0,112.0,112.0,307887862,284371,73,112.0,113.0
1514,2012-05-01,113.0,113.0,108.0,109.0,1425833854,1370217,180,112.0,109.0
1515,2012-05-02,108.0,111.0,108.0,109.0,344801507,330385,90,109.0,109.0
1516,2012-05-05,109.0,112.0,108.0,109.0,362245415,345337,52,109.0,109.0
1517,2012-05-06,111.0,111.0,109.0,109.0,271184438,259194,73,109.0,110.0
1518,2012-05-07,109.0,110.0,109.0,109.0,226962700,218407,30,109.0,109.0
1519,2012-05-08,108.0,110.0,107.0,109.0,279191874,270346,72,109.0,108.0
1520,2012-05-09,109.0,109.0,106.0,107.0,534609257,522882,118,109.0,107.0
1521,2012-05-12,107.0,107.0,103.0,104.0,902636443,907001,153,107.0,104.0
1522,2012-05-13,103.0,103.0,100.0,103.0,413137164,423642,88,104.0,101.0
1523,2012-05-14,103.0,106.0,101.0,103.0,227514277,228507,69,103.0,106.0
1524,2012-05-15,106.0,106.0,104.0,104.0,211696815,212139,33,103.0,104.0
1525,2012-05-16,105.0,108.0,105.0,107.0,535290827,521003,85,104.0,108.0
1526,2012-05-19,111.0,111.0,111.0,109.0,426355518,402602,48,107.0,111.0
1527,2012-05-20,112.0,112.0,108.0,111.0,761694012,717163,152,109.0,111.0
1528,2012-05-21,111.0,112.0,108.0,111.0,276549906,263780,70,111.0,110.0
1529,2012-05-22,111.0,111.0,106.0,107.0,1564046523,1530361,200,111.0,108.0
1530,2012-05-23,108.0,110.0,107.0,109.0,1225743136,1175004,118,107.0,109.0
1531,2012-05-26,108.0,108.0,107.0,108.0,686955652,666842,70,109.0,107.0
1532,2012-05-27,108.0,110.0,106.0,109.0,618291838,595795,81,108.0,109.0
1533,2012-05-28,110.0,112.0,109.0,111.0,887157531,839463,109,109.0,109.0
1534,2012-05-29,110.0,114.0,109.0,112.0,1321358246,1232796,214,111.0,114.0
1535,2012-05-30,115.0,116.0,113.0,115.0,1225453692,1113712,216,112.0,116.0
1536,2012-06-02,115.0,117.0,113.0,116.0,781542434,706868,102,115.0,117.0
1537,2012-06-05,118.0,119.0,116.0,118.0,1655546939,1469477,189,116.0,119.0
1538,2012-06-06,119.0,119.0,114.0,117.0,575617539,517706,80,118.0,115.0
1539,2012-06-09,115.0,115.0,112.0,113.0,1105225390,1021712,47,117.0,112.0
1540,2012-06-10,109.0,111.0,109.0,109.0,803802073,769712,76,113.0,110.0
1541,2012-06-11,111.0,114.0,111.0,113.0,701368505,647230,111,109.0,114.0
1542,2012-06-12,117.0,117.0,114.0,115.0,409087995,369469,79,113.0,116.0
1543,2012-06-13,115.0,116.0,113.0,114.0,206131751,189472,27,115.0,114.0
1544,2012-06-16,113.0,115.0,113.0,114.0,218149648,200810,25,114.0,114.0
1545,2012-06-17,112.0,112.0,110.0,112.0,411521930,389526,28,114.0,110.0
1546,2012-06-19,110.0,111.0,108.0,110.0,502967423,480889,44,112.0,110.0
1547,2012-06-20,113.0,113.0,110.0,110.0,246163299,232976,40,110.0,112.0
1548,2012-06-23,109.0,109.0,106.0,106.0,882531496,869194,58,110.0,106.0
1549,2012-06-24,102.0,105.0,102.0,104.0,390972375,398890,64,106.0,102.0
1550,2012-06-25,105.0,105.0,100.0,103.0,214908532,224028,32,104.0,100.0
1551,2012-06-26,100.0,104.0,99.0,100.0,465038588,492591,48,103.0,99.0
1552,2012-06-27,96.0,104.0,96.0,101.0,3630441051,3778529,365,100.0,102.0
1553,2012-06-30,104.0,105.0,104.0,101.0,170568072,170814,16,101.0,105.0
1554,2012-07-01,105.0,105.0,105.0,103.0,202527360,200920,10,101.0,105.0
1555,2012-07-02,107.0,107.0,107.0,104.0,209358060,205253,26,103.0,107.0
1556,2012-07-03,108.0,108.0,108.0,105.0,262662576,254518,25,104.0,108.0
1557,2012-07-04,110.0,110.0,106.0,109.0,1063155877,1020288,119,105.0,108.0
1558,2012-07-07,109.0,112.0,109.0,110.0,323958259,306783,34,109.0,111.0
1559,2012-07-08,112.0,110.0,106.0,109.0,981285855,944288,145,110.0,107.0
1560,2012-07-09,110.0,111.0,109.0,110.0,848089446,807296,76,109.0,111.0
1561,2012-07-10,107.0,113.0,107.0,111.0,539742827,505583,55,110.0,110.0
1562,2012-07-11,112.0,116.0,112.0,114.0,969523766,887452,109,111.0,116.0
1563,2012-07-14,116.0,119.0,116.0,119.0,785907304,693815,60,114.0,119.0
1564,2012-07-15,123.0,123.0,119.0,122.0,4296972876,3680984,280,119.0,121.0
1565,2012-07-16,125.0,126.0,122.0,124.0,4457850604,3751028,303,122.0,125.0
1566,2012-07-17,127.0,127.0,122.0,126.0,9623110984,7989415,919,124.0,123.0
1567,2012-07-23,126.0,129.0,126.0,126.0,1196153537,1017697,115,126.0,126.0
1568,2012-07-24,128.0,131.0,122.0,129.0,1177168743,981117,103,126.0,123.0
1569,2012-07-25,124.0,128.0,124.0,126.0,544731320,471342,54,129.0,124.0
1570,2012-07-29,121.0,121.0,121.0,126.0,11230000,10000,3,126.0,121.0
1571,2012-07-30,121.0,121.0,121.0,121.0,632506182,563731,38,126.0,121.0
1572,2012-07-31,117.0,121.0,117.0,120.0,4385605115,3915784,92,121.0,120.0
1573,2012-08-01,118.0,125.0,118.0,125.0,16539022224,14221875,614,120.0,125.0
1574,2012-08-04,125.0,127.0,120.0,125.0,926231272,796493,69,125.0,122.0
1575,2012-08-05,120.0,128.0,120.0,125.0,705840357,607862,61,125.0,124.0
1576,2012-08-06,126.0,129.0,124.0,126.0,525481690,443598,42,125.0,124.0
1577,2012-08-07,122.0,126.0,122.0,126.0,23812526,20469,10,126.0,126.0
1578,2012-08-08,122.0,125.0,121.0,124.0,618729923,540210,50,126.0,125.0
1579,2012-08-11,126.0,129.0,125.0,128.0,1028347029,864294,73,124.0,128.0
1580,2012-08-12,125.0,132.0,123.0,130.0,1273689020,1057142,102,128.0,132.0
1581,2012-08-13,127.0,133.0,127.0,131.0,598456840,486234,52,130.0,132.0
1582,2012-08-14,129.0,137.0,129.0,134.0,1100303514,879700,72,131.0,133.0
1583,2012-08-15,130.0,131.0,130.0,134.0,60403688,50060,12,134.0,130.0
1584,2012-08-18,129.0,129.0,129.0,134.0,60712000,50635,4,134.0,129.0
1585,2012-08-21,128.0,136.0,128.0,135.0,1645232068,1312652,97,134.0,131.0
1586,2012-08-22,130.0,134.0,130.0,134.0,358830917,289174,34,135.0,134.0
1587,2012-08-25,130.0,134.0,130.0,134.0,16603070,13665,5,134.0,134.0
1588,2012-08-26,129.0,134.0,129.0,134.0,91539449,75796,14,134.0,129.0
1589,2012-08-27,128.0,128.0,128.0,133.0,152832000,128000,10,134.0,128.0
1590,2012-09-02,127.0,128.0,127.0,132.0,55928734,47196,18,133.0,127.0
1591,2012-09-03,127.0,135.0,127.0,133.0,386561054,312112,51,132.0,134.0
1592,2012-09-04,128.0,130.0,128.0,131.0,397095432,330320,53,133.0,130.0
1593,2012-09-05,133.0,133.0,126.0,130.0,98412840,83548,27,131.0,126.0
1594,2012-09-08,125.0,126.0,125.0,130.0,109879300,94190,15,130.0,125.0
1595,2012-09-09,125.0,125.0,125.0,129.0,182889041,157799,23,130.0,125.0
1596,2012-09-10,124.0,124.0,124.0,127.0,266618145,232027,22,129.0,124.0
1597,2012-09-11,122.0,129.0,122.0,127.0,65731123,57681,25,127.0,122.0
1598,2012-09-15,122.0,123.0,121.0,126.0,162425207,143389,22,127.0,121.0
1599,2012-09-16,123.0,127.0,123.0,125.0,107827816,93726,18,126.0,124.0
1600,2012-09-17,121.0,121.0,120.0,124.0,139107804,124013,24,125.0,120.0
1601,2012-09-18,120.0,124.0,120.0,124.0,35387449,31525,16,124.0,124.0
1602,2012-09-19,119.0,121.0,119.0,124.0,28794795,25770,14,124.0,120.0
1603,2012-09-22,119.0,124.0,119.0,124.0,107094332,95104,37,124.0,121.0
1604,2012-09-23,119.0,121.0,119.0,122.0,226369182,204419,45,124.0,119.0
1605,2012-09-24,118.0,120.0,117.0,122.0,82481768,75373,23,122.0,120.0
1606,2012-09-25,119.0,120.0,119.0,121.0,149869489,134691,21,122.0,119.0
1607,2012-09-26,120.0,121.0,117.0,120.0,471106886,426581,55,121.0,118.0
1608,2012-09-29,123.0,123.0,119.0,120.0,206534145,183135,35,120.0,120.0
1609,2012-09-30,119.0,121.0,118.0,120.0,255443373,229682,29,120.0,119.0
1610,2012-10-01,116.0,118.0,115.0,118.0,370647247,344894,52,120.0,115.0
1611,2012-10-02,113.0,114.0,113.0,117.0,141089123,133569,18,118.0,113.0
1612,2012-10-03,113.0,117.0,113.0,117.0,157682848,146550,22,117.0,116.0
1613,2012-10-06,115.0,118.0,115.0,117.0,35934391,33516,18,117.0,115.0
1614,2012-10-07,117.0,117.0,116.0,117.0,79084689,73072,26,117.0,116.0
1615,2012-10-08,116.0,120.0,114.0,116.0,43568411,40579,15,117.0,114.0
1616,2012-10-09,115.0,116.0,115.0,116.0,73086520,68374,17,116.0,116.0
1617,2012-10-10,116.0,116.0,115.0,116.0,63614166,59298,19,116.0,116.0
1618,2012-10-13,115.0,117.0,115.0,116.0,87853685,82226,15,116.0,117.0
1619,2012-10-14,115.0,121.0,115.0,117.0,258629401,233131,40,116.0,121.0
1620,2012-10-15,120.0,122.0,120.0,118.0,265212288,235328,38,117.0,121.0
1621,2012-10-16,121.0,121.0,120.0,119.0,33228776,29748,13,118.0,120.0
1622,2012-10-17,120.0,122.0,120.0,119.0,187744266,166782,20,119.0,121.0
1623,2012-10-20,119.0,119.0,119.0,119.0,36301417,32763,9,119.0,119.0
1624,2012-10-21,116.0,124.0,116.0,119.0,93896502,85143,21,119.0,117.0
1625,2012-10-22,116.0,119.0,116.0,119.0,61794081,56556,14,119.0,119.0
1626,2012-10-23,116.0,119.0,116.0,119.0,21714498,20058,5,119.0,119.0
1627,2012-10-24,117.0,120.0,117.0,119.0,67398243,61510,17,119.0,118.0
1628,2012-10-27,120.0,123.0,115.0,119.0,176084508,157841,42,119.0,123.0
1629,2012-10-28,123.0,123.0,119.0,119.0,107704086,96369,24,119.0,122.0
1630,2012-10-29,116.0,122.0,116.0,119.0,122002326,111935,20,119.0,117.0
1631,2012-10-30,117.0,117.0,114.0,115.0,1242380339,1165672,84,119.0,115.0
1632,2012-10-31,112.0,118.0,112.0,115.0,71764059,67506,25,115.0,118.0
1633,2012-11-04,113.0,114.0,113.0,114.0,82735937,78316,19,115.0,113.0
1634,2012-11-05,110.0,114.0,110.0,114.0,32052804,30921,10,114.0,114.0
1635,2012-11-10,111.0,113.0,110.0,114.0,29897240,29170,18,114.0,113.0
1636,2012-11-11,112.0,113.0,110.0,114.0,225005144,215914,25,114.0,113.0
1637,2012-11-12,110.0,113.0,109.0,110.0,1023817297,1004930,73,114.0,113.0
1638,2012-11-13,110.0,113.0,109.0,110.0,1099696386,1076888,124,110.0,113.0
1639,2012-11-14,112.0,114.0,111.0,112.0,3863647880,3709171,203,110.0,112.0
1640,2012-11-17,116.0,116.0,116.0,116.0,703934838,649986,62,112.0,116.0
1641,2012-11-18,121.0,121.0,120.0,118.0,348521972,310153,62,116.0,121.0
1642,2012-11-19,123.0,123.0,114.0,118.0,197530778,181568,46,118.0,115.0
1643,2012-11-20,115.0,115.0,113.0,117.0,138701594,131373,33,118.0,114.0
1644,2012-11-21,113.0,113.0,113.0,117.0,69861417,66455,21,117.0,113.0
1645,2012-11-26,112.0,115.0,112.0,116.0,52645934,49801,12,117.0,115.0
1646,2012-11-27,114.0,115.0,114.0,116.0,192054303,180765,33,116.0,114.0
1647,2012-11-28,113.0,115.0,113.0,113.0,2710860023,2581535,121,116.0,113.0
1648,2012-12-01,113.0,117.0,112.0,113.0,10963215432,10428096,61,113.0,113.0
1649,2012-12-02,114.0,114.0,111.0,113.0,140121747,133262,25,113.0,111.0
1650,2012-12-03,111.0,114.0,111.0,113.0,131366074,125138,25,113.0,112.0
1651,2012-12-04,113.0,113.0,113.0,113.0,67886768,64548,12,113.0,113.0
1652,2012-12-05,113.0,114.0,112.0,113.0,296552782,281854,41,113.0,113.0
1653,2012-12-08,110.0,113.0,110.0,113.0,214835482,205078,33,113.0,113.0
1654,2012-12-09,112.0,113.0,112.0,113.0,171627596,163664,27,113.0,113.0
1655,2012-12-10,114.0,114.0,112.0,113.0,230452116,218275,18,113.0,112.0
1656,2012-12-11,113.0,113.0,109.0,110.0,717214711,699648,76,113.0,112.0
1657,2012-12-16,112.0,113.0,110.0,110.0,15622779,15054,12,110.0,113.0
1658,2012-12-17,110.0,110.0,107.0,110.0,70733589,70034,27,110.0,109.0
1659,2012-12-18,109.0,113.0,109.0,110.0,74364271,72424,40,110.0,112.0
1660,2012-12-19,110.0,111.0,109.0,110.0,54252228,53086,27,110.0,111.0
1661,2012-12-22,109.0,111.0,109.0,110.0,130023268,127690,29,110.0,109.0
1662,2012-12-23,109.0,110.0,108.0,110.0,76234929,75750,32,110.0,108.0
1663,2012-12-24,108.0,110.0,108.0,109.0,235902438,234784,35,110.0,108.0
1664,2012-12-25,109.0,110.0,109.0,109.0,64857085,63505,17,109.0,110.0
1665,2012-12-26,110.0,111.0,108.0,109.0,33049882,32568,22,109.0,111.0
1666,2012-12-29,113.0,114.0,111.0,111.0,418685181,398329,83,109.0,114.0
1667,2012-12-30,114.0,116.0,114.0,112.0,178435407,166932,54,111.0,114.0
1668,2012-12-31,114.0,115.0,113.0,112.0,60062625,56946,33,112.0,113.0
1669,2013-01-01,111.0,113.0,109.0,112.0,123991318,121419,20,112.0,113.0
1670,2013-01-02,113.0,113.0,110.0,112.0,46703170,45076,20,112.0,113.0
1671,2013-01-06,109.0,113.0,109.0,112.0,23998877,23407,16,112.0,110.0
1672,2013-01-07,113.0,113.0,109.0,112.0,98581841,96356,31,112.0,110.0
1673,2013-01-08,109.0,112.0,109.0,111.0,27281070,26646,11,112.0,112.0
1674,2013-01-09,109.0,111.0,109.0,111.0,27583882,26989,14,111.0,111.0
1675,2013-01-13,112.0,113.0,110.0,111.0,199752359,192163,29,111.0,111.0
1676,2013-01-14,112.0,112.0,110.0,111.0,96708907,93558,18,111.0,112.0
1677,2013-01-15,112.0,112.0,109.0,111.0,31622498,30865,14,111.0,111.0
1678,2013-01-16,109.0,111.0,109.0,111.0,96911135,94788,25,111.0,110.0
1679,2013-01-19,109.0,112.0,109.0,111.0,75047162,73903,31,111.0,111.0
1680,2013-01-20,109.0,110.0,109.0,109.0,12210635262,12065729,20,111.0,110.0
1681,2013-01-21,109.0,111.0,109.0,109.0,158319670,156317,55,109.0,111.0
1682,2013-01-22,109.0,109.0,108.0,109.0,135071976,134125,18,109.0,108.0
1683,2013-01-23,108.0,111.0,105.0,108.0,259438285,260355,31,109.0,107.0
1684,2013-01-26,105.0,106.0,105.0,108.0,29760865,30274,8,108.0,105.0
1685,2013-01-27,105.0,105.0,105.0,108.0,28447810,29059,11,108.0,105.0
1686,2013-01-28,105.0,107.0,105.0,108.0,66527118,66947,17,108.0,107.0
1687,2013-01-30,105.0,107.0,105.0,108.0,4064074,4112,5,108.0,107.0
1688,2013-02-02,109.0,109.0,107.0,108.0,45833266,45665,15,108.0,107.0
1689,2013-02-03,107.0,107.0,106.0,108.0,63055146,63189,15,108.0,107.0
1690,2013-02-04,106.0,106.0,106.0,107.0,55427234,56389,10,108.0,106.0
1691,2013-02-05,106.0,107.0,106.0,107.0,35146196,35617,19,107.0,107.0
1692,2013-02-06,106.0,108.0,106.0,107.0,36782792,37177,11,107.0,108.0
1693,2013-02-09,108.0,108.0,103.0,107.0,47902339,49035,12,107.0,105.0
1694,2013-02-11,106.0,106.0,106.0,107.0,18607192,18903,9,107.0,106.0
1695,2013-02-12,105.0,106.0,105.0,107.0,46159453,47003,24,107.0,106.0
1696,2013-02-13,105.0,105.0,105.0,107.0,69436161,70781,29,107.0,105.0
1697,2013-02-16,106.0,109.0,106.0,107.0,95420324,96243,49,107.0,109.0
1698,2013-02-17,107.0,111.0,107.0,107.0,117860188,115920,29,107.0,111.0
1699,2013-02-18,111.0,111.0,111.0,108.0,46768497,45133,18,107.0,111.0
1700,2013-02-19,112.0,112.0,112.0,108.0,22946763,22043,9,108.0,112.0
1701,2013-02-24,112.0,112.0,112.0,112.0,26329606,25306,14,108.0,112.0
1702,2013-02-25,114.0,114.0,111.0,112.0,4327915961,4160549,123,112.0,112.0
1703,2013-02-26,111.0,114.0,111.0,112.0,127578851,121873,33,112.0,113.0
1704,2013-02-27,112.0,113.0,112.0,112.0,180379062,172930,41,112.0,112.0
1705,2013-03-02,112.0,113.0,112.0,112.0,131334270,125676,21,112.0,113.0
1706,2013-03-03,114.0,116.0,114.0,113.0,156308477,146301,42,112.0,114.0
1707,2013-03-04,113.0,114.0,112.0,113.0,257836928,246669,41,113.0,112.0
1708,2013-03-05,111.0,112.0,111.0,112.0,78128688,75744,15,113.0,111.0
1709,2013-03-06,111.0,112.0,111.0,112.0,119131280,115432,16,112.0,111.0
1710,2013-03-09,108.0,108.0,108.0,112.0,49601387,49323,21,112.0,108.0
1711,2013-03-10,112.0,113.0,108.0,112.0,259567412,249796,41,112.0,113.0
1712,2013-03-11,112.0,114.0,112.0,112.0,259628680,247711,34,112.0,112.0
1713,2013-03-12,112.0,114.0,112.0,112.0,9787560,9389,8,112.0,112.0
1714,2013-03-13,112.0,114.0,112.0,113.0,281334990,265578,40,112.0,114.0
1715,2013-03-16,114.0,116.0,111.0,113.0,86898574,81162,32,113.0,112.0
1716,2013-03-17,115.0,115.0,112.0,113.0,72346719,68585,11,113.0,114.0
1717,2013-03-18,114.0,114.0,111.0,113.0,32029817,30790,14,113.0,111.0
1718,2013-03-25,114.0,116.0,114.0,113.0,125663028,116930,22,113.0,116.0
1719,2013-03-26,116.0,118.0,116.0,114.0,188274532,172199,21,113.0,118.0
1720,2013-03-27,118.0,119.0,117.0,115.0,65049918,59057,34,114.0,119.0
1721,2013-03-30,119.0,119.0,110.0,115.0,193525684,178380,51,115.0,118.0
1722,2013-03-31,118.0,118.0,115.0,115.0,30812493,28335,24,115.0,118.0
1723,2013-04-03,118.0,119.0,116.0,115.0,15175004,13967,11,115.0,116.0
1724,2013-04-06,112.0,119.0,112.0,116.0,104919298,96544,32,115.0,119.0
1725,2013-04-07,113.0,118.0,113.0,116.0,226967381,207207,43,116.0,118.0
1726,2013-04-08,118.0,118.0,116.0,116.0,40986024,37546,8,116.0,116.0
1727,2013-04-09,112.0,120.0,112.0,117.0,94690210,86153,20,116.0,120.0
1728,2013-04-10,121.0,121.0,117.0,118.0,322456134,286700,39,117.0,121.0
1729,2013-04-13,123.0,123.0,118.0,119.0,220247188,198794,28,118.0,119.0
1730,2013-04-15,122.0,123.0,120.0,119.0,57637666,50806,20,119.0,121.0
1731,2013-04-16,118.0,121.0,118.0,119.0,147137368,132035,18,119.0,118.0
1732,2013-04-17,120.0,123.0,118.0,119.0,174926066,157248,35,119.0,122.0
1733,2013-04-20,120.0,120.0,119.0,119.0,14635025,13205,4,119.0,119.0
1734,2013-04-21,120.0,120.0,118.0,119.0,58987486,53516,17,119.0,118.0
1735,2013-04-22,119.0,124.0,119.0,121.0,324302115,284090,54,119.0,124.0
1736,2013-04-23,119.0,125.0,119.0,121.0,149415036,128456,30,121.0,125.0
1737,2013-04-24,120.0,126.0,120.0,122.0,76453021,65431,23,121.0,126.0
1738,2013-04-27,127.0,127.0,127.0,122.0,7595118,6442,6,122.0,127.0
1739,2013-04-28,127.0,127.0,127.0,124.0,395957718,335842,49,122.0,127.0
1740,2013-04-29,129.0,129.0,129.0,129.0,833608636,693518,99,124.0,129.0
1741,2013-04-30,134.0,134.0,133.0,134.0,1119298868,898682,159,129.0,134.0
1742,2013-05-01,139.0,139.0,139.0,139.0,2146267220,1658630,122,134.0,139.0
1743,2013-05-04,145.0,145.0,145.0,145.0,1621611355,1205659,57,139.0,145.0
1744,2013-05-05,150.0,150.0,139.0,149.0,6532027751,4718923,554,145.0,148.0
1745,2013-05-06,150.0,150.0,143.0,148.0,1386007970,1003465,172,149.0,143.0
1746,2013-05-07,149.0,149.0,143.0,143.0,1771681025,1330480,123,148.0,148.0
1747,2013-05-08,145.0,148.0,145.0,148.0,2069043301,1507188,272,143.0,148.0
1748,2013-05-13,147.0,147.0,142.0,147.0,43883958,33261,13,148.0,142.0
1749,2013-05-14,141.0,141.0,141.0,147.0,33230316,25251,19,147.0,141.0
1750,2013-05-15,141.0,141.0,141.0,141.0,1347024083,1025058,123,147.0,141.0
1751,2013-05-18,141.0,144.0,136.0,141.0,1164078959,886378,148,141.0,136.0
1752,2013-05-19,141.0,145.0,141.0,141.0,2446743664,1861336,215,141.0,144.0
1753,2013-05-20,144.0,144.0,139.0,142.0,1934075050,1468858,116,141.0,141.0
1754,2013-06-09,147.0,147.0,136.0,141.0,34076885,28741,22,142.0,136.0
1755,2013-06-10,136.0,147.0,136.0,141.0,234374040,192795,53,141.0,143.0
1756,2013-06-11,146.0,146.0,138.0,141.0,292880969,236404,50,141.0,142.0
1757,2013-06-12,141.0,147.0,136.0,142.0,396913204,320952,57,141.0,142.0
1758,2013-06-15,146.0,147.0,146.0,144.0,420048804,328476,70,142.0,147.0
1759,2013-06-16,150.0,150.0,150.0,146.0,362614818,277653,38,144.0,150.0
1760,2013-06-17,152.0,152.0,148.0,149.0,493640556,374429,69,146.0,151.0
1761,2013-06-18,155.0,155.0,151.0,155.0,934588379,692412,112,149.0,155.0
1762,2013-06-19,161.0,161.0,159.0,161.0,1171587817,835248,188,155.0,161.0
1763,2013-07-08,161.0,161.0,161.0,161.0,1187520048,845812,56,161.0,161.0
1764,2013-07-09,166.0,166.0,155.0,159.0,1254371404,907821,192,161.0,160.0
1765,2013-07-10,159.0,165.0,154.0,162.0,794913844,559667,103,159.0,165.0
1766,2013-07-13,169.0,169.0,165.0,169.0,2892947127,1968820,425,162.0,169.0
1767,2013-07-14,174.0,175.0,163.0,171.0,1264762003,846324,186,169.0,169.0
1768,2013-07-15,172.0,178.0,165.0,175.0,1230506265,804936,198,171.0,178.0
1769,2013-07-16,175.0,175.0,168.0,173.0,836644232,557347,154,175.0,171.0
1770,2013-07-17,169.0,178.0,169.0,172.0,1504448766,1001465,253,173.0,170.0
1771,2013-07-28,163.0,170.0,163.0,168.0,185570712,126917,52,172.0,170.0
1772,2013-07-29,174.0,174.0,165.0,172.0,1917099172,1281844,202,168.0,170.0
1773,2013-07-31,170.0,172.0,165.0,169.0,637267565,436872,100,172.0,167.0
1774,2013-08-03,169.0,173.0,162.0,169.0,1686898533,1147335,180,169.0,170.0
1775,2013-08-04,162.0,170.0,162.0,167.0,257772176,181151,62,169.0,165.0
1776,2013-08-05,162.0,166.0,162.0,165.0,360439438,254655,65,167.0,166.0
1777,2013-08-06,161.0,167.0,159.0,165.0,493515734,344393,85,165.0,167.0
1778,2013-08-07,171.0,171.0,170.0,171.0,27383799326,18329818,4558,165.0,171.0
1779,2013-08-11,177.0,178.0,174.0,178.0,12238896546,7894503,427,171.0,178.0
1780,2013-08-12,185.0,185.0,185.0,181.0,438531704,272042,27,178.0,185.0
1781,2013-08-13,188.0,188.0,188.0,183.0,351192114,214403,26,181.0,188.0
1782,2013-08-14,190.0,190.0,190.0,184.0,155803918,93971,29,183.0,190.0
1783,2013-08-17,191.0,191.0,191.0,184.0,62760168,37626,10,184.0,191.0
1784,2013-08-18,192.0,192.0,188.0,192.0,19970239496,11947559,812,184.0,192.0
1785,2013-08-19,193.0,199.0,192.0,198.0,45243204778,26227456,5605,192.0,198.0
1786,2013-08-20,197.0,197.0,190.0,192.0,2933520711,1750475,220,198.0,190.0
1787,2013-08-21,185.0,185.0,185.0,185.0,960704938,597082,88,192.0,185.0
1788,2013-08-24,184.0,189.0,178.0,183.0,12269761583,7672399,827,185.0,180.0
1789,2013-08-25,184.0,191.0,184.0,190.0,3539903528,2143114,208,183.0,191.0
1790,2013-08-26,194.0,194.0,184.0,188.0,9835299439,5991005,636,190.0,188.0
1791,2013-08-27,183.0,194.0,181.0,186.0,10059536564,6201326,615,188.0,181.0
1792,2013-08-28,179.0,179.0,179.0,179.0,1036579466,665327,49,186.0,179.0
1793,2013-08-31,172.0,172.0,172.0,172.0,1195043124,798292,59,179.0,172.0
1794,2013-09-01,165.0,172.0,165.0,166.0,10300682262,7128828,838,172.0,165.0
1795,2013-09-03,167.0,170.0,159.0,161.0,10410199139,7437342,941,166.0,161.0
1796,2013-09-04,158.0,158.0,154.0,154.0,2516864868,1870511,136,161.0,154.0
1797,2013-09-07,148.0,149.0,148.0,148.0,2806472611,2170382,219,154.0,149.0
1798,2013-09-08,146.0,154.0,146.0,152.0,1351363892,1017452,200,148.0,154.0
1799,2013-09-09,158.0,158.0,158.0,158.0,1199763084,868764,90,152.0,158.0
1800,2013-09-10,165.0,165.0,165.0,165.0,1395194624,971584,62,158.0,165.0
1801,2013-09-11,171.0,171.0,171.0,171.0,1244240819,833383,50,165.0,171.0
1802,2013-09-14,178.0,178.0,165.0,175.0,7197519764,4707413,661,171.0,176.0
1803,2013-09-15,176.0,176.0,168.0,170.0,3082256410,2075176,349,175.0,168.0
1804,2013-09-16,168.0,174.0,164.0,169.0,1606586581,1089754,182,170.0,170.0
1805,2013-09-17,164.0,174.0,164.0,169.0,1475739542,1002936,187,169.0,167.0
1806,2013-09-18,169.0,175.0,164.0,174.0,3708828964,2451866,421,169.0,175.0
1807,2013-09-21,180.0,180.0,180.0,180.0,1350000509,858233,56,174.0,180.0
1808,2013-09-22,188.0,188.0,188.0,187.0,963915885,589551,68,180.0,188.0
1809,2013-09-23,194.0,194.0,188.0,194.0,8936560773,5285520,458,187.0,194.0
1810,2013-09-24,202.0,202.0,197.0,201.0,8602973532,4905382,499,194.0,202.0
1811,2013-09-25,209.0,209.0,202.0,209.0,6418172393,3521927,356,201.0,209.0
1812,2013-09-28,217.0,217.0,217.0,217.0,2432036156,1284074,89,209.0,217.0
1813,2013-09-29,226.0,226.0,218.0,225.0,38106776505,19401695,1532,217.0,226.0
1814,2013-09-30,228.0,234.0,216.0,226.0,43200818388,21902636,2640,225.0,216.0
1815,2013-10-01,220.0,224.0,217.0,218.0,12980852728,6833790,923,226.0,217.0
1816,2013-10-02,217.0,223.0,210.0,216.0,12865700980,6843148,1048,218.0,221.0
1817,2013-10-05,224.0,224.0,224.0,224.0,1599135260,817972,101,216.0,224.0
1818,2013-10-06,233.0,233.0,229.0,233.0,58626062852,28840534,2046,224.0,233.0
1819,2013-10-07,243.0,243.0,235.0,242.0,40291000082,19075301,1082,233.0,243.0
1820,2013-10-08,252.0,252.0,247.0,252.0,28391543764,12932713,987,242.0,252.0
1821,2013-10-09,262.0,262.0,251.0,260.0,48116310999,21207350,2101,252.0,262.0
1822,2013-10-12,264.0,271.0,263.0,268.0,16961279444,7263118,1014,260.0,271.0
1823,2013-10-13,279.0,279.0,279.0,279.0,2439613124,1004783,99,268.0,279.0
1824,2013-10-14,290.0,290.0,290.0,286.0,1214550250,481010,46,279.0,290.0
1825,2013-10-15,298.0,298.0,298.0,297.0,1568625212,604247,52,286.0,298.0
1826,2013-10-19,308.0,308.0,308.0,301.0,676881408,251816,55,297.0,308.0
1827,2013-10-20,313.0,313.0,313.0,313.0,2699217324,989812,96,301.0,313.0
1828,2013-10-21,325.0,325.0,325.0,318.0,831770440,293290,43,313.0,325.0
1829,2013-10-22,331.0,331.0,331.0,331.0,2188722396,758919,77,318.0,331.0
1830,2013-10-23,344.0,344.0,344.0,344.0,3227892677,1076323,109,331.0,344.0
1831,2013-10-26,357.0,358.0,344.0,356.0,104630712561,33745051,3026,344.0,358.0
1832,2013-10-27,353.0,353.0,342.0,345.0,10094966947,3359011,642,356.0,342.0
1833,2013-10-28,331.0,331.0,331.0,331.0,2177176790,754654,166,345.0,331.0
1834,2013-10-29,318.0,344.0,318.0,333.0,123051006271,42348574,14323,331.0,344.0
1835,2013-10-30,347.0,347.0,347.0,347.0,2165658882,716631,103,333.0,347.0
1836,2013-11-02,360.0,360.0,344.0,359.0,110691469381,35364573,4127,347.0,360.0
1837,2013-11-03,360.0,373.0,358.0,372.0,65490953050,20196537,2962,359.0,373.0
1838,2013-11-04,367.0,387.0,360.0,383.0,62961118792,18880675,3302,372.0,387.0
1839,2013-11-05,397.0,398.0,389.0,397.0,54213043968,15646452,1492,383.0,398.0
1840,2013-11-06,413.0,413.0,413.0,413.0,9882445314,2742838,211,397.0,413.0
1841,2013-11-09,430.0,430.0,413.0,427.0,65334677222,17544227,2251,413.0,430.0
1842,2013-11-10,441.0,444.0,428.0,443.0,121639441359,31520280,3685,427.0,444.0
1843,2013-11-11,457.0,460.0,445.0,459.0,53323881531,13329393,2158,443.0,460.0
1844,2013-11-12,477.0,477.0,476.0,477.0,82274322593,19777733,2423,459.0,477.0
1845,2013-11-16,496.0,496.0,458.0,484.0,214329166978,50844679,9417,477.0,461.0
1846,2013-11-17,465.0,481.0,464.0,467.0,28867517968,7092669,1131,484.0,464.0
1847,2013-11-18,448.0,448.0,448.0,452.0,2092304120,535390,201,467.0,448.0
1848,2013-11-19,434.0,469.0,434.0,446.0,146264362724,37588969,6152,452.0,443.0
1849,2013-11-20,451.0,464.0,446.0,461.0,58651465459,14586692,1918,446.0,464.0
1850,2013-11-23,480.0,480.0,480.0,480.0,5088072131,1216951,173,461.0,480.0
1851,2013-11-24,499.0,499.0,482.0,498.0,115224935748,26552164,3610,480.0,497.0
1852,2013-11-25,493.0,495.0,478.0,484.0,40903563923,9695139,2143,498.0,478.0
1853,2013-11-26,468.0,478.0,465.0,468.0,124291301684,30479953,3935,484.0,465.0
1854,2013-11-27,465.0,468.0,449.0,452.0,87272153909,22161632,3824,468.0,449.0
1855,2013-11-30,445.0,447.0,434.0,436.0,22539110619,5922831,1090,452.0,434.0
1856,2013-12-01,419.0,449.0,419.0,427.0,141861064499,38122835,5526,436.0,421.0
1857,2013-12-02,428.0,428.0,410.0,412.0,51090411504,14230888,2251,427.0,410.0
1858,2013-12-03,416.0,428.0,403.0,423.0,27367473414,7419730,1328,412.0,428.0
1859,2013-12-04,440.0,440.0,440.0,440.0,7335522805,1912783,244,423.0,440.0
1860,2013-12-07,457.0,457.0,428.0,443.0,60775987412,15728115,3401,440.0,431.0
1861,2013-12-08,431.0,435.0,426.0,427.0,14550840718,3911171,820,443.0,426.0
1862,2013-12-09,429.0,444.0,429.0,442.0,34533992447,8969732,1479,427.0,444.0
1863,2013-12-10,446.0,446.0,424.0,430.0,38472917649,10257259,2303,442.0,428.0
1864,2013-12-11,429.0,430.0,414.0,418.0,50661917233,13916210,2934,430.0,416.0
1865,2013-12-14,402.0,424.0,401.0,404.0,55750628736,15831044,3380,418.0,402.0
1866,2013-12-15,406.0,420.0,402.0,418.0,28096223942,7706196,1494,404.0,420.0
1867,2013-12-16,435.0,435.0,420.0,434.0,65734032468,17383410,2097,418.0,435.0
1868,2013-12-17,436.0,436.0,417.0,425.0,22787468049,6152550,1458,434.0,419.0
1869,2013-12-18,424.0,431.0,411.0,419.0,22044545522,6034087,1497,425.0,414.0
1870,2013-12-21,412.0,419.0,403.0,406.0,22575362362,6386827,1766,419.0,403.0
1871,2013-12-22,396.0,413.0,396.0,404.0,22803779901,6477216,1303,406.0,404.0
1872,2013-12-24,413.0,420.0,410.0,418.0,8301305778,2276711,485,404.0,420.0
1873,2013-12-25,429.0,431.0,413.0,421.0,24005413360,6539270,1501,418.0,415.0
1874,2013-12-28,424.0,424.0,404.0,408.0,19799707598,5567681,1173,421.0,407.0
1875,2013-12-29,413.0,413.0,392.0,397.0,16326254320,4711350,1301,408.0,396.0
1876,2013-12-30,399.0,413.0,394.0,409.0,24727288356,6929386,1474,397.0,413.0
1877,2014-01-01,418.0,426.0,410.0,422.0,24391492034,6628393,1430,409.0,426.0
1878,2014-01-04,439.0,439.0,431.0,439.0,24899032202,6509398,769,422.0,439.0
1879,2014-01-05,456.0,456.0,427.0,446.0,61753451221,15878305,2753,439.0,430.0
1880,2014-01-06,432.0,442.0,428.0,430.0,26483505799,7058309,1591,446.0,428.0
1881,2014-01-07,424.0,430.0,414.0,420.0,16989630222,4637232,1059,430.0,416.0
1882,2014-01-08,422.0,422.0,409.0,412.0,19964907738,5557956,1016,420.0,413.0
1883,2014-01-11,411.0,428.0,408.0,428.0,21945276283,5883079,1020,412.0,428.0
1884,2014-01-12,432.0,432.0,411.0,418.0,10394320017,2853950,499,428.0,411.0
1885,2014-01-13,419.0,430.0,404.0,416.0,25599499935,7068657,1339,418.0,411.0
1886,2014-01-14,411.0,413.0,399.0,400.0,18742408172,5368130,1062,416.0,399.0
1887,2014-01-15,391.0,399.0,385.0,386.0,18254157211,5423372,1036,400.0,386.0
1888,2014-01-18,400.0,400.0,385.0,393.0,11153479397,3259720,903,386.0,392.0
1889,2014-01-20,395.0,396.0,377.0,384.0,4883090424,1458276,354,393.0,377.0
1890,2014-01-21,372.0,396.0,369.0,378.0,16911190029,5139098,1054,384.0,369.0
1891,2014-01-22,367.0,372.0,363.0,365.0,2982184365,937312,247,378.0,363.0
1892,2014-01-25,350.0,365.0,350.0,352.0,15187722492,4945754,955,365.0,350.0
1893,2014-01-26,344.0,356.0,338.0,341.0,6198340593,2083260,367,352.0,338.0
1894,2014-01-27,328.0,328.0,328.0,328.0,2188898376,766421,60,341.0,328.0
1895,2014-01-28,328.0,341.0,328.0,336.0,23880220290,8163838,1324,328.0,341.0
1896,2014-01-29,344.0,349.0,339.0,347.0,10445725823,3454660,559,336.0,349.0
1897,2014-02-01,361.0,361.0,361.0,361.0,1830864384,582336,140,347.0,361.0
1898,2014-02-02,375.0,375.0,346.0,355.0,16558292862,5348737,977,361.0,346.0
1899,2014-02-03,342.0,350.0,341.0,342.0,13918823574,4670900,633,355.0,341.0
1900,2014-02-04,344.0,353.0,338.0,344.0,8213414310,2734980,491,342.0,340.0
1901,2014-02-05,335.0,342.0,331.0,331.0,3956791705,1370591,233,344.0,331.0
1902,2014-02-08,318.0,318.0,318.0,329.0,220642884,79597,34,331.0,318.0
1903,2014-02-09,316.0,338.0,316.0,320.0,19120341983,6852531,1176,329.0,316.0
1904,2014-02-10,321.0,321.0,307.0,309.0,8340235795,3091920,381,320.0,307.0
1905,2014-02-12,297.0,297.0,297.0,297.0,11274541950,4353105,344,309.0,297.0
1906,2014-02-22,342.0,353.0,328.0,337.0,11683507386,3977413,645,297.0,328.0
1907,2014-02-23,323.0,323.0,323.0,327.0,1190384040,422122,95,337.0,323.0
1908,2014-02-24,314.0,314.0,314.0,314.0,3108170044,1135612,110,327.0,314.0
1909,2014-02-25,301.0,301.0,301.0,301.0,1683909396,640757,81,314.0,301.0
1910,2014-02-26,289.0,310.0,289.0,293.0,16501437776,6453997,1317,301.0,293.0
1911,2014-03-01,291.0,303.0,290.0,299.0,5919200241,2273131,467,293.0,299.0
1912,2014-03-02,295.0,297.0,287.0,289.0,4728056600,1878045,410,299.0,289.0
1913,2014-03-03,278.0,278.0,277.0,277.0,2437694552,1007968,162,289.0,277.0
1914,2014-03-04,266.0,281.0,266.0,268.0,7398411261,3161763,656,277.0,267.0
1915,2014-03-05,268.0,278.0,268.0,273.0,5199669920,2180614,547,268.0,274.0
1916,2014-03-08,279.0,279.0,263.0,265.0,5677851262,2456673,557,273.0,265.0
1917,2014-03-09,255.0,261.0,255.0,255.0,8867867972,3994039,488,265.0,255.0
1918,2014-03-10,260.0,260.0,246.0,249.0,7438446881,3432053,450,255.0,249.0
1919,2014-03-11,248.0,249.0,239.0,241.0,9590896619,4570458,580,249.0,241.0
1920,2014-03-12,241.0,250.0,233.0,247.0,7412797160,3446137,504,241.0,250.0
1921,2014-03-15,257.0,257.0,257.0,257.0,1377736982,615886,88,247.0,257.0
1922,2014-03-16,267.0,267.0,267.0,266.0,1245352030,535405,96,257.0,267.0
1923,2014-03-17,277.0,277.0,277.0,277.0,1439498484,596807,62,266.0,277.0
1924,2014-03-18,288.0,288.0,288.0,288.0,3491737920,1392240,146,277.0,288.0
1925,2014-03-19,299.0,299.0,288.0,297.0,18343746869,7088000,1352,288.0,297.0
1926,2014-03-25,298.0,298.0,285.0,288.0,2345249662,933521,230,297.0,285.0
1927,2014-03-26,277.0,277.0,277.0,277.0,1824832368,756564,85,288.0,277.0
1928,2014-03-29,269.0,275.0,266.0,267.0,5923266984,2541754,529,277.0,267.0
1929,2014-03-30,264.0,278.0,264.0,276.0,1405307018,583946,131,267.0,278.0
1930,2014-03-31,287.0,287.0,282.0,287.0,5837685432,2332772,350,276.0,287.0
1931,2014-04-05,295.0,295.0,276.0,283.0,8027495612,3248663,617,287.0,280.0
1932,2014-04-06,274.0,283.0,272.0,273.0,5728731568,2404113,465,283.0,273.0
1933,2014-04-07,267.0,284.0,267.0,278.0,9971244324,4115926,729,273.0,279.0
1934,2014-04-08,281.0,286.0,273.0,280.0,3494633855,1429251,357,278.0,276.0
1935,2014-04-09,274.0,275.0,269.0,271.0,2512634520,1065332,294,280.0,271.0
1936,2014-04-12,275.0,275.0,260.0,261.0,2451236438,1075906,234,271.0,260.0
1937,2014-04-13,253.0,260.0,251.0,252.0,1630054595,741836,135,261.0,251.0
1938,2014-04-14,242.0,242.0,242.0,242.0,1164631380,551958,64,252.0,242.0
1939,2014-04-15,234.0,251.0,233.0,239.0,12843397581,6167092,899,242.0,242.0
1940,2014-04-16,244.0,248.0,242.0,248.0,9049505139,4193056,614,239.0,248.0
1941,2014-04-19,251.0,251.0,238.0,239.0,4603976891,2209773,387,248.0,238.0
1942,2014-04-20,248.0,248.0,245.0,248.0,4517681116,2087860,388,239.0,248.0
1943,2014-04-21,258.0,258.0,257.0,258.0,3074617660,1366723,160,248.0,258.0
1944,2014-04-22,268.0,268.0,268.0,268.0,1691101620,722693,102,258.0,268.0
1945,2014-04-23,270.0,279.0,258.0,275.0,14830131033,6195281,919,268.0,279.0
1946,2014-04-26,286.0,286.0,286.0,281.0,814425690,327210,62,275.0,286.0
1947,2014-04-27,292.0,292.0,280.0,289.0,26489854482,10520565,1494,281.0,282.0
1948,2014-04-28,284.0,284.0,277.0,279.0,11780009499,4851278,702,289.0,277.0
1949,2014-04-29,278.0,282.0,267.0,272.0,7294883691,3075828,511,279.0,267.0
1950,2014-04-30,264.0,281.0,263.0,274.0,4215349828,1765616,443,272.0,273.0
1951,2014-05-03,271.0,281.0,265.0,274.0,7056121638,2954818,462,274.0,271.0
1952,2014-05-04,266.0,272.0,263.0,266.0,7562140894,3264732,365,274.0,267.0
1953,2014-05-05,267.0,276.0,267.0,275.0,8695340647,3630469,518,266.0,276.0
1954,2014-05-06,276.0,283.0,264.0,268.0,7367326389,3157472,455,275.0,266.0
1955,2014-05-07,270.0,272.0,261.0,267.0,3808850046,1637760,372,268.0,266.0
1956,2014-05-10,266.0,272.0,261.0,264.0,3461679746,1505719,321,267.0,263.0
1957,2014-05-11,264.0,268.0,260.0,263.0,2164473586,944099,250,264.0,262.0
1958,2014-05-12,258.0,266.0,258.0,260.0,3995908477,1760482,346,263.0,260.0
1959,2014-05-14,260.0,264.0,255.0,257.0,6382450919,2847954,495,260.0,259.0
1960,2014-05-17,257.0,261.0,248.0,254.0,6027185118,2721548,490,257.0,261.0
1961,2014-05-18,255.0,264.0,255.0,262.0,3722830595,1627211,321,254.0,264.0
1962,2014-05-19,264.0,272.0,259.0,264.0,6415860440,2792005,507,262.0,260.0
1963,2014-05-20,258.0,267.0,258.0,263.0,5470169486,2387232,305,264.0,259.0
1964,2014-05-21,258.0,264.0,256.0,258.0,4079417596,1813538,409,263.0,260.0
1965,2014-05-24,256.0,260.0,252.0,257.0,3311134084,1477769,319,258.0,257.0
1966,2014-06-02,264.0,274.0,262.0,271.0,11578939420,4910477,899,257.0,273.0
1967,2014-06-03,275.0,278.0,266.0,273.0,10237092957,4300874,767,271.0,273.0
1968,2014-06-07,266.0,271.0,262.0,263.0,9262315607,4044455,448,273.0,262.0
1969,2014-06-08,257.0,264.0,255.0,258.0,6430761700,2864699,460,263.0,261.0
1970,2014-06-09,259.0,267.0,259.0,264.0,8141134256,3532353,454,258.0,262.0
1971,2014-06-10,259.0,263.0,255.0,258.0,3273411302,1455482,272,264.0,260.0
1972,2014-06-11,258.0,259.0,255.0,257.0,1869603251,834030,162,258.0,257.0
1973,2014-06-14,254.0,254.0,247.0,248.0,3410520060,1579942,195,257.0,247.0
1974,2014-06-15,240.0,247.0,238.0,239.0,2496752791,1198702,176,248.0,238.0
1975,2014-06-16,234.0,248.0,233.0,241.0,11207338574,5341010,719,239.0,242.0
1976,2014-06-17,242.0,243.0,234.0,237.0,2959163284,1431203,293,241.0,238.0
1977,2014-06-18,234.0,247.0,234.0,244.0,4985782269,2348989,400,237.0,247.0
1978,2014-06-21,249.0,249.0,241.0,244.0,2197871839,1033255,280,244.0,241.0
1979,2014-06-22,245.0,245.0,235.0,237.0,1901307564,919441,267,244.0,239.0
1980,2014-06-23,241.0,241.0,228.0,231.0,4686107578,2325338,526,237.0,229.0
1981,2014-06-24,229.0,229.0,222.0,223.0,4760467922,2451160,533,231.0,225.0
1982,2014-06-25,225.0,228.0,215.0,219.0,2188844370,1147591,327,223.0,219.0
1983,2014-06-28,215.0,217.0,210.0,211.0,2678874821,1457967,214,219.0,210.0
1984,2014-06-29,202.0,203.0,202.0,202.0,1451618972,822850,100,211.0,202.0
1985,2014-06-30,194.0,204.0,194.0,196.0,2630134373,1539640,306,202.0,194.0
1986,2014-07-01,195.0,204.0,193.0,202.0,2428833093,1377782,242,196.0,204.0
1987,2014-07-02,210.0,210.0,205.0,209.0,2397338929,1313007,178,202.0,210.0
1988,2014-07-05,218.0,218.0,218.0,218.0,1064171115,560385,54,209.0,218.0
1989,2014-07-06,226.0,226.0,209.0,219.0,9874880013,5182813,631,218.0,210.0
1990,2014-07-07,213.0,223.0,210.0,215.0,3102949713,1654181,293,219.0,218.0
1991,2014-07-08,218.0,224.0,211.0,223.0,3942572164,2029282,228,215.0,224.0
1992,2014-07-09,228.0,232.0,218.0,226.0,7637484260,3884678,608,223.0,227.0
1993,2014-07-12,228.0,234.0,224.0,231.0,4000451492,1984063,377,226.0,233.0
1994,2014-07-13,229.0,230.0,223.0,225.0,2514423509,1282065,255,231.0,225.0
1995,2014-07-14,222.0,228.0,221.0,225.0,2083940321,1063734,232,225.0,224.0
1996,2014-07-15,227.0,233.0,221.0,229.0,6518845385,3268856,787,225.0,225.0
1997,2014-07-16,232.0,232.0,226.0,230.0,3940811246,1968844,805,229.0,230.0
1998,2014-07-23,241.0,248.0,234.0,242.0,4723331277,2355576,359,230.0,243.0
1999,2014-07-26,239.0,240.0,232.0,234.0,3905607377,2016687,324,242.0,237.0
2000,2014-07-27,236.0,241.0,235.0,239.0,2318693142,1170284,256,234.0,240.0
2001,2014-07-28,241.0,249.0,241.0,247.0,4470291079,2186756,390,239.0,249.0
2002,2014-08-02,256.0,257.0,251.0,256.0,9514611470,4482353,503,247.0,257.0
2003,2014-08-03,260.0,266.0,260.0,266.0,13582874321,6171145,648,256.0,266.0
2004,2014-08-04,275.0,276.0,268.0,276.0,9482349825,4146317,388,266.0,276.0
2005,2014-08-05,285.0,287.0,284.0,286.0,10529497260,4441201,446,276.0,287.0
2006,2014-08-06,297.0,298.0,282.0,294.0,38534620148,15840996,2014,286.0,289.0
2007,2014-08-09,285.0,292.0,282.0,284.0,22640258057,9640544,1081,294.0,282.0
2008,2014-08-10,276.0,295.0,276.0,291.0,16796557538,6965590,926,284.0,295.0
2009,2014-08-11,303.0,303.0,297.0,302.0,30415876132,12145368,971,291.0,303.0
2010,2014-08-12,311.0,313.0,295.0,304.0,26561961282,10548636,1234,302.0,297.0
2011,2014-08-13,298.0,307.0,296.0,300.0,12725411789,5116890,681,304.0,299.0
2012,2014-08-16,296.0,306.0,288.0,293.0,17935098561,7385145,844,300.0,289.0
2013,2014-08-17,285.0,292.0,282.0,284.0,9244942450,3928671,575,293.0,282.0
2014,2014-08-18,280.0,289.0,276.0,284.0,8476567866,3600483,562,284.0,287.0
2015,2014-08-19,287.0,296.0,286.0,295.0,5045723581,2067044,243,284.0,296.0
2016,2014-08-20,304.0,305.0,296.0,301.0,17647453190,7079233,853,295.0,301.0
2017,2014-08-23,301.0,309.0,295.0,305.0,13769123553,5456115,690,301.0,303.0
2018,2014-08-24,304.0,308.0,297.0,304.0,11608978356,4608757,554,305.0,305.0
2019,2014-08-25,308.0,316.0,308.0,315.0,9445711194,3620996,367,304.0,316.0
2020,2014-08-26,326.0,328.0,320.0,327.0,7123138521,2631420,263,315.0,328.0
2021,2014-08-27,333.0,338.0,320.0,330.0,32150064276,11782784,1254,327.0,323.0
2022,2014-08-30,326.0,326.0,316.0,318.0,14026863739,5333146,645,330.0,319.0
2023,2014-08-31,320.0,330.0,320.0,327.0,17244931069,6363117,912,318.0,325.0
2024,2014-09-01,326.0,336.0,322.0,329.0,26753022521,9829421,996,327.0,327.0
2025,2014-09-02,326.0,337.0,324.0,330.0,15089191754,5520234,605,329.0,327.0
2026,2014-09-03,332.0,332.0,318.0,322.0,10804095442,4053511,555,330.0,319.0
2027,2014-09-06,319.0,320.0,309.0,310.0,15164602289,5910233,707,322.0,309.0
2028,2014-09-07,308.0,321.0,301.0,312.0,9935861691,3844563,653,310.0,317.0
2029,2014-09-08,316.0,323.0,315.0,319.0,11417064093,4326517,434,312.0,320.0
2030,2014-09-09,319.0,319.0,306.0,309.0,6460553995,2523659,397,319.0,307.0
2031,2014-09-10,302.0,309.0,297.0,299.0,9574330574,3868518,441,309.0,297.0
2032,2014-09-13,290.0,297.0,287.0,287.0,13912623814,5849803,522,299.0,287.0
2033,2014-09-14,279.0,290.0,278.0,282.0,4085817660,1748572,336,287.0,285.0
2034,2014-09-15,282.0,293.0,280.0,292.0,2222655593,919847,147,282.0,293.0
2035,2014-09-16,297.0,299.0,289.0,294.0,5218870852,2141764,338,292.0,294.0
2036,2014-09-17,292.0,297.0,284.0,287.0,3486018021,1465232,238,294.0,289.0
2037,2014-09-20,290.0,295.0,285.0,290.0,3471871704,1446581,209,287.0,293.0
2038,2014-09-21,290.0,301.0,290.0,299.0,3746987317,1514839,277,290.0,301.0
2039,2014-09-22,302.0,308.0,297.0,302.0,3207166885,1283522,248,299.0,297.0
2040,2014-09-23,296.0,299.0,292.0,295.0,2136647593,873911,196,302.0,293.0
2041,2014-09-24,295.0,298.0,287.0,291.0,3544319924,1469453,315,295.0,289.0
2042,2014-09-27,286.0,289.0,281.0,285.0,4915940187,2084683,255,291.0,286.0
2043,2014-09-28,285.0,292.0,283.0,286.0,3907953111,1651743,304,285.0,284.0
2044,2014-09-29,284.0,288.0,278.0,282.0,5681053831,2432341,384,286.0,280.0
2045,2014-09-30,283.0,288.0,280.0,284.0,3042738455,1291390,260,282.0,286.0
2046,2014-10-01,281.0,287.0,281.0,283.0,1566407550,669072,149,284.0,281.0
2047,2014-10-04,281.0,284.0,278.0,279.0,2899713421,1253072,284,283.0,279.0
2048,2014-10-06,279.0,283.0,276.0,279.0,3944367674,1709707,330,279.0,276.0
2049,2014-10-07,278.0,280.0,271.0,274.0,5032998962,2220126,416,279.0,271.0
2050,2014-10-08,272.0,276.0,271.0,273.0,4360783754,1927445,352,274.0,274.0
2051,2014-10-11,272.0,284.0,272.0,279.0,7915296148,3430222,561,273.0,284.0
2052,2014-10-12,289.0,290.0,286.0,289.0,17893566874,7465374,1062,279.0,290.0
2053,2014-10-14,290.0,294.0,282.0,289.0,7917345102,3312783,566,289.0,289.0
2054,2014-10-15,284.0,290.0,280.0,284.0,7626583852,3243143,412,289.0,282.0
2055,2014-10-18,287.0,289.0,279.0,285.0,5180508761,2197210,326,284.0,282.0
2056,2014-10-19,281.0,295.0,280.0,289.0,10482684571,4379922,645,285.0,291.0
2057,2014-10-20,294.0,300.0,290.0,299.0,8017528673,3232890,279,289.0,300.0
2058,2014-10-21,308.0,311.0,302.0,311.0,34249412343,13297715,798,299.0,311.0
2059,2014-10-22,323.0,323.0,314.0,323.0,241209606622,90048009,2437,311.0,323.0
2060,2014-10-25,320.0,336.0,318.0,330.0,58722826565,21455056,1615,323.0,336.0
2061,2014-10-26,337.0,344.0,331.0,340.0,104838115544,37239117,2786,330.0,332.0
2062,2014-10-27,332.0,343.0,326.0,333.0,45670022879,16570109,1720,340.0,327.0
2063,2014-10-28,332.0,346.0,329.0,345.0,100680712574,35212686,3393,333.0,346.0
2064,2014-10-29,354.0,358.0,341.0,349.0,62697123820,21671086,2160,345.0,342.0
2065,2014-11-01,344.0,356.0,338.0,346.0,30495709068,10627912,1470,349.0,341.0
2066,2014-11-02,341.0,349.0,333.0,338.0,26100718695,9326625,1228,346.0,334.0
2067,2014-11-05,338.0,351.0,334.0,350.0,52771808795,18202073,1845,338.0,351.0
2068,2014-11-08,356.0,361.0,338.0,351.0,31464578857,10822664,1177,350.0,341.0
2069,2014-11-09,347.0,356.0,338.0,347.0,17655500063,6137026,863,351.0,344.0
2070,2014-11-10,341.0,349.0,336.0,338.0,17777979362,6341738,810,347.0,338.0
2071,2014-11-11,338.0,352.0,332.0,343.0,38287911240,13463459,1478,338.0,352.0
2072,2014-11-12,357.0,357.0,357.0,357.0,8254477328,2791504,191,343.0,357.0
2073,2014-11-15,371.0,371.0,360.0,370.0,99965879951,32632855,2235,357.0,371.0
2074,2014-11-16,385.0,385.0,380.0,385.0,82362407813,25861217,1057,370.0,385.0
2075,2014-11-17,400.0,400.0,400.0,400.0,3763743552,1136396,119,385.0,400.0
2076,2014-11-18,416.0,416.0,416.0,416.0,2608630248,757442,93,400.0,416.0
2077,2014-11-19,432.0,432.0,423.0,431.0,229660621984,64306810,5198,416.0,427.0
2078,2014-11-22,431.0,448.0,414.0,437.0,87193495493,24090847,2972,431.0,431.0
2079,2014-11-23,429.0,447.0,423.0,435.0,62350774358,17326465,2256,437.0,425.0
2080,2014-11-24,433.0,452.0,433.0,449.0,82718240712,22239527,1910,435.0,452.0
2081,2014-11-25,431.0,431.0,431.0,431.0,10424163236,2919116,142,449.0,431.0
2082,2014-11-26,419.0,448.0,419.0,437.0,38232050319,10559158,974,431.0,448.0
2083,2014-11-29,455.0,455.0,437.0,452.0,122398453848,32694080,2351,437.0,441.0
2084,2014-11-30,443.0,452.0,434.0,436.0,20311771630,5626639,505,452.0,434.0
2085,2014-12-01,419.0,432.0,419.0,420.0,84275014913,24246699,1625,436.0,419.0
2086,2014-12-02,420.0,432.0,403.0,410.0,53451992618,15744771,1612,420.0,403.0
2087,2014-12-03,400.0,406.0,394.0,396.0,13191824595,4025924,337,410.0,394.0
2088,2014-12-06,380.0,388.0,380.0,380.0,25517576996,8106994,557,396.0,380.0
2089,2014-12-07,365.0,365.0,365.0,365.0,3101598000,1026000,55,380.0,365.0
2090,2014-12-08,354.0,380.0,352.0,365.0,60208381969,19903173,1888,365.0,380.0
2091,2014-12-09,380.0,380.0,365.0,378.0,20694366932,6611953,627,365.0,380.0
2092,2014-12-10,390.0,393.0,374.0,392.0,38476555994,11856177,906,378.0,393.0
2093,2014-12-14,395.0,404.0,376.0,384.0,30427411420,9559594,1027,392.0,376.0
2094,2014-12-15,369.0,374.0,369.0,369.0,30831335606,10083573,841,384.0,369.0
2095,2014-12-16,378.0,384.0,368.0,378.0,17822233442,5692186,723,369.0,372.0
2096,2014-12-17,378.0,378.0,363.0,366.0,4513797827,1490437,227,378.0,363.0
2097,2014-12-20,356.0,367.0,351.0,355.0,30452625213,10366234,990,366.0,356.0
2098,2014-12-22,357.0,369.0,354.0,364.0,21913190236,7260128,890,355.0,369.0
2099,2014-12-24,369.0,377.0,351.0,362.0,15150457691,5056704,751,364.0,353.0
2100,2014-12-27,350.0,361.0,347.0,349.0,25604494325,8855495,1082,362.0,351.0
2101,2014-12-30,351.0,357.0,344.0,354.0,6835989207,2333056,341,349.0,354.0
2102,2014-12-31,355.0,368.0,347.0,363.0,19426462176,6461952,742,354.0,368.0
2103,2015-01-03,374.0,377.0,371.0,377.0,20244147881,6491077,626,363.0,377.0
2104,2015-01-04,392.0,392.0,392.0,392.0,7258949592,2238344,121,377.0,392.0
2105,2015-01-05,407.0,407.0,382.0,398.0,41225003902,12501573,1500,392.0,385.0
2106,2015-01-06,386.0,386.0,382.0,383.0,8928799089,2815801,245,398.0,382.0
2107,2015-01-07,368.0,379.0,368.0,369.0,31648877130,10368391,971,383.0,369.0
2108,2015-01-10,365.0,365.0,354.0,356.0,8292013474,2815771,205,369.0,354.0
2109,2015-01-11,341.0,362.0,341.0,347.0,23602332922,8222409,1038,356.0,359.0
2110,2015-01-12,356.0,360.0,350.0,358.0,30718271473,10351991,1156,347.0,354.0
2111,2015-01-25,336.0,336.0,326.0,330.0,3624835745,1411964,216,358.0,330.0
2112,2015-01-26,320.0,341.0,318.0,325.0,7930380577,3136548,488,330.0,319.0
2113,2015-01-27,315.0,334.0,315.0,328.0,5792715588,2269749,407,325.0,334.0
2114,2015-01-28,330.0,341.0,330.0,340.0,2471864308,933542,94,328.0,341.0
2115,2015-01-31,354.0,354.0,354.0,354.0,1713679181,622477,37,340.0,354.0
2116,2015-02-01,368.0,368.0,368.0,368.0,5014301145,1751415,77,354.0,368.0
2117,2015-02-02,383.0,383.0,374.0,382.0,51428550816,17304260,1100,368.0,383.0
2118,2015-02-03,389.0,397.0,387.0,396.0,45047496794,14625990,1256,382.0,397.0
2119,2015-02-04,409.0,412.0,399.0,409.0,34311232243,10770785,1145,396.0,411.0
2120,2015-02-07,414.0,424.0,400.0,412.0,30421943554,9479650,1463,409.0,406.0
2121,2015-02-08,405.0,411.0,396.0,399.0,21856979856,7041154,877,412.0,398.0
2122,2015-02-09,392.0,394.0,383.0,385.0,17853607294,5963812,685,399.0,383.0
2123,2015-02-10,370.0,400.0,369.0,388.0,50655534358,16780879,1399,385.0,400.0
2124,2015-02-14,403.0,403.0,401.0,403.0,56744602463,18077943,1111,388.0,403.0
2125,2015-02-15,410.0,417.0,402.0,410.0,37954783337,11893703,1436,403.0,409.0
2126,2015-02-16,411.0,417.0,403.0,410.0,30954405818,9700262,1367,410.0,407.0
2127,2015-02-17,407.0,415.0,394.0,401.0,18693992770,5986209,969,410.0,396.0
2128,2015-02-18,391.0,401.0,385.0,389.0,20434535490,6741581,1025,401.0,389.0
2129,2015-02-21,383.0,397.0,383.0,392.0,8095203697,2656137,481,389.0,390.0
2130,2015-02-22,395.0,395.0,376.0,379.0,17140534828,5809796,855,392.0,376.0
2131,2015-02-23,373.0,383.0,365.0,373.0,9570743250,3296095,597,379.0,371.0
2132,2015-02-24,369.0,381.0,367.0,373.0,6255357601,2153550,441,373.0,369.0
2133,2015-02-25,372.0,372.0,358.0,362.0,16923834259,6010676,945,373.0,360.0
2134,2015-02-28,361.0,365.0,348.0,353.0,9391241799,3418911,554,362.0,348.0
2135,2015-03-01,353.0,367.0,348.0,365.0,17643997093,6212630,646,353.0,367.0
2136,2015-03-02,373.0,379.0,370.0,378.0,22734447977,7722160,697,365.0,379.0
2137,2015-03-03,382.0,393.0,380.0,392.0,29969424623,9819871,1180,378.0,393.0
2138,2015-03-04,396.0,400.0,385.0,392.0,15101524270,4947420,821,392.0,386.0
2139,2015-03-07,385.0,396.0,377.0,383.0,13145846411,4407187,835,392.0,377.0
2140,2015-03-08,373.0,383.0,369.0,375.0,8987198887,3077560,526,383.0,373.0
2141,2015-03-09,373.0,380.0,366.0,373.0,5072012396,1747707,387,375.0,370.0
2142,2015-03-10,368.0,368.0,362.0,364.0,4905980869,1730347,390,373.0,363.0
2143,2015-03-11,363.0,377.0,363.0,370.0,4601144205,1597618,365,364.0,370.0
2144,2015-03-14,373.0,385.0,370.0,383.0,17317506410,5805224,559,370.0,385.0
2145,2015-03-15,394.0,398.0,373.0,387.0,19383986634,6437784,957,383.0,379.0
2146,2015-03-16,377.0,384.0,371.0,374.0,16131694257,5548672,799,387.0,371.0
2147,2015-03-17,360.0,367.0,359.0,360.0,15205893685,5430750,868,374.0,362.0
2148,2015-03-18,369.0,374.0,369.0,374.0,15408919696,5295343,734,360.0,374.0
2149,2015-03-25,366.0,388.0,366.0,384.0,5268422822,1761049,379,374.0,384.0
2150,2015-03-28,385.0,398.0,378.0,391.0,13534521256,4452361,813,384.0,394.0
2151,2015-03-29,399.0,405.0,390.0,400.0,27288884662,8773685,1365,391.0,393.0
2152,2015-03-30,389.0,397.0,384.0,385.0,24369072869,8132199,914,400.0,384.0
2153,2015-03-31,373.0,392.0,373.0,379.0,7513729384,2544879,500,385.0,375.0
2154,2015-04-04,394.0,394.0,394.0,394.0,6230773760,2029568,67,379.0,394.0
2155,2015-04-05,410.0,410.0,409.0,410.0,86957498887,27247677,2601,394.0,410.0
2156,2015-04-06,415.0,420.0,396.0,409.0,74276794719,23338017,2259,410.0,404.0
2157,2015-04-07,398.0,405.0,394.0,398.0,26505380587,8547706,1193,409.0,395.0
2158,2015-04-08,398.0,412.0,398.0,408.0,22865561010,7202403,1206,398.0,405.0
2159,2015-04-11,394.0,407.0,392.0,394.0,22262045691,7261639,971,408.0,392.0
2160,2015-04-12,392.0,392.0,378.0,380.0,20440384034,6919684,1032,394.0,378.0
2161,2015-04-13,376.0,383.0,364.0,370.0,18883201415,6566762,920,380.0,376.0
2162,2015-04-14,383.0,384.0,379.0,384.0,6643880941,2222813,239,370.0,384.0
2163,2015-04-15,399.0,399.0,399.0,399.0,7245493920,2331240,190,384.0,399.0
2164,2015-04-18,411.0,411.0,385.0,401.0,59647776018,19122017,2022,399.0,389.0
2165,2015-04-19,394.0,405.0,388.0,395.0,25817407910,8390179,1050,401.0,389.0
2166,2015-04-20,398.0,398.0,380.0,382.0,11957162574,4018933,668,395.0,383.0
2167,2015-04-21,379.0,389.0,377.0,382.0,9230854394,3102587,449,382.0,383.0
2168,2015-04-22,386.0,397.0,382.0,388.0,12501260165,4137880,796,382.0,385.0
2169,2015-04-25,389.0,397.0,386.0,391.0,10271348151,3380073,668,388.0,387.0
2170,2015-04-26,386.0,404.0,383.0,397.0,22935242972,7421940,1365,391.0,397.0
2171,2015-04-27,391.0,396.0,385.0,390.0,9215827554,3037694,534,397.0,392.0
2172,2015-04-28,393.0,400.0,390.0,394.0,15926151001,5192164,1138,390.0,392.0
2173,2015-04-29,400.0,407.0,394.0,401.0,16194241977,5195397,840,394.0,396.0
2174,2015-05-03,401.0,405.0,391.0,398.0,9523414267,3073024,537,401.0,395.0
2175,2015-05-04,389.0,396.0,385.0,388.0,32931046849,10913777,699,398.0,389.0
2176,2015-05-05,388.0,394.0,379.0,385.0,9175553337,3058869,533,388.0,380.0
2177,2015-05-06,388.0,388.0,378.0,385.0,11438883764,3821868,532,385.0,388.0
2178,2015-05-09,389.0,389.0,369.0,374.0,18534384918,6362960,711,385.0,369.0
2179,2015-05-10,370.0,377.0,361.0,369.0,10601982623,3693121,494,374.0,366.0
2180,2015-05-11,372.0,380.0,366.0,375.0,9755299234,3345098,476,369.0,377.0
2181,2015-05-12,376.0,385.0,376.0,384.0,11412102424,3822449,557,375.0,382.0
2182,2015-05-13,385.0,399.0,379.0,393.0,37583395616,12277105,1198,384.0,399.0
2183,2015-05-17,409.0,409.0,394.0,406.0,106357696572,33651363,2935,393.0,397.0
2184,2015-05-18,398.0,401.0,390.0,394.0,13748229165,4485281,799,406.0,390.0
2185,2015-05-19,390.0,405.0,383.0,397.0,29024434018,9389271,1370,394.0,396.0
2186,2015-05-20,392.0,398.0,386.0,389.0,13640774887,4506490,725,397.0,388.0
2187,2015-05-23,391.0,391.0,374.0,377.0,11561886932,3936087,656,389.0,377.0
2188,2015-05-24,375.0,379.0,368.0,373.0,13548501854,4673014,739,377.0,374.0
2189,2015-05-25,379.0,385.0,373.0,379.0,7666055530,2598825,533,373.0,378.0
2190,2015-05-26,379.0,379.0,371.0,373.0,5579860463,1920627,484,379.0,372.0
2191,2015-05-27,371.0,376.0,368.0,373.0,7037948631,2427108,359,373.0,376.0
2192,2015-05-30,373.0,384.0,373.0,378.0,5589816646,1901331,398,373.0,376.0
2193,2015-05-31,379.0,380.0,370.0,373.0,7014400127,2417345,532,378.0,373.0
2194,2015-06-01,373.0,390.0,373.0,385.0,44991050184,15029443,2280,373.0,382.0
2195,2015-06-06,388.0,392.0,377.0,385.0,24831145927,8282189,1079,385.0,378.0
2196,2015-06-07,383.0,383.0,366.0,370.0,11863100222,4114924,844,385.0,366.0
2197,2015-06-08,360.0,366.0,352.0,355.0,11501555344,4161196,702,370.0,352.0
2198,2015-06-09,337.0,338.0,337.0,337.0,17815882042,6784417,544,355.0,337.0
2199,2015-06-10,337.0,350.0,332.0,336.0,16160079022,6172915,1091,337.0,342.0
2200,2015-06-13,342.0,344.0,332.0,336.0,15473885696,5919427,953,336.0,340.0
2201,2015-06-14,337.0,345.0,333.0,338.0,11750378785,4464743,746,336.0,334.0
2202,2015-06-15,333.0,333.0,321.0,322.0,28639108831,11426997,868,338.0,324.0
2203,2015-06-16,325.0,334.0,317.0,327.0,9466692270,3724719,675,322.0,332.0
2204,2015-06-17,333.0,343.0,333.0,342.0,18169739648,6830542,845,327.0,343.0
2205,2015-06-20,347.0,354.0,327.0,340.0,12959868493,4898874,862,342.0,333.0
2206,2015-06-21,334.0,345.0,328.0,335.0,8263701026,3170132,624,340.0,332.0
2207,2015-06-22,337.0,350.0,330.0,343.0,14425970519,5404038,968,335.0,349.0
2208,2015-06-23,356.0,357.0,347.0,354.0,19295598609,7012540,993,343.0,352.0
2209,2015-06-24,353.0,358.0,336.0,343.0,17254341718,6457315,1137,354.0,341.0
2210,2015-06-27,343.0,343.0,329.0,334.0,11993411586,4608694,864,343.0,333.0
2211,2015-06-28,339.0,339.0,322.0,325.0,8201091331,3238577,639,334.0,325.0
2212,2015-06-29,322.0,337.0,322.0,328.0,5536434359,2169545,563,325.0,328.0
2213,2015-06-30,333.0,341.0,329.0,336.0,15318294719,5860529,1106,328.0,338.0
2214,2015-07-01,339.0,341.0,322.0,328.0,24848686601,9739078,1596,336.0,323.0
2215,2015-07-07,344.0,344.0,339.0,343.0,18101291319,6774055,709,328.0,344.0
2216,2015-07-11,345.0,351.0,330.0,345.0,15771924203,5867933,934,343.0,344.0
2217,2015-07-12,352.0,360.0,347.0,354.0,14211084023,5158880,1086,345.0,352.0
2218,2015-07-13,365.0,372.0,360.0,370.0,23091740913,8024222,1125,354.0,372.0
2219,2015-07-14,385.0,385.0,355.0,368.0,22306256793,7787518,1027,370.0,365.0
2220,2015-07-15,365.0,365.0,350.0,353.0,7198227525,2617799,328,368.0,350.0
2221,2015-07-20,337.0,341.0,336.0,336.0,12795617177,4893539,596,353.0,337.0
2222,2015-07-26,337.0,344.0,323.0,336.0,14702906358,5901356,800,336.0,340.0
2223,2015-07-27,338.0,343.0,330.0,335.0,6944247004,2794902,371,336.0,330.0
2224,2015-07-28,330.0,342.0,330.0,337.0,5921996540,2365732,427,335.0,338.0
2225,2015-07-29,342.0,342.0,333.0,336.0,7435982053,2978802,526,337.0,335.0
2226,2015-08-01,333.0,343.0,333.0,336.0,6340988870,2544175,455,336.0,333.0
2227,2015-08-02,331.0,344.0,329.0,339.0,12019385132,4783796,739,336.0,336.0
2228,2015-08-03,340.0,343.0,333.0,337.0,4516603809,1804920,377,339.0,335.0
2229,2015-08-04,334.0,336.0,329.0,332.0,4287687765,1742203,374,337.0,329.0
2230,2015-08-05,342.0,348.0,340.0,345.0,20177661547,7887504,1144,332.0,348.0
2231,2015-08-08,354.0,359.0,344.0,350.0,13365854918,5144366,921,345.0,350.0
2232,2015-08-09,350.0,350.0,338.0,342.0,4648102861,1831401,404,350.0,339.0
2233,2015-08-10,345.0,345.0,337.0,338.0,7494133954,2992275,368,342.0,337.0
2234,2015-08-12,344.0,344.0,334.0,336.0,2863825721,1148299,277,338.0,335.0
2235,2015-08-15,334.0,336.0,325.0,329.0,3362465868,1376368,375,336.0,326.0
2236,2015-08-16,329.0,333.0,324.0,328.0,3256144163,1336459,299,329.0,327.0
2237,2015-08-17,325.0,328.0,318.0,321.0,5984996795,2516006,460,328.0,320.0
2238,2015-08-18,323.0,323.0,313.0,317.0,3964909695,1683904,286,321.0,317.0
2239,2015-08-19,317.0,323.0,310.0,321.0,2744034440,1152789,234,317.0,321.0
2240,2015-08-22,321.0,321.0,310.0,313.0,6500889505,2796055,436,321.0,310.0
2241,2015-08-23,309.0,317.0,307.0,311.0,4155602962,1801107,339,313.0,310.0
2242,2015-08-24,309.0,313.0,307.0,309.0,3433274640,1498467,246,311.0,310.0
2243,2015-08-25,309.0,309.0,293.0,296.0,6182119029,2816310,479,309.0,293.0
2244,2015-08-26,290.0,298.0,283.0,289.0,6663998769,3104857,490,296.0,291.0
2245,2015-08-29,295.0,304.0,292.0,302.0,7975961810,3563762,402,289.0,304.0
2246,2015-08-30,302.0,306.0,292.0,299.0,3565245350,1609355,312,302.0,299.0
2247,2015-08-31,294.0,299.0,288.0,293.0,2727197683,1253933,280,299.0,295.0
2248,2015-09-01,299.0,299.0,293.0,296.0,2547047153,1159394,260,293.0,294.0
2249,2015-09-02,294.0,302.0,293.0,295.0,2556139052,1166677,247,296.0,298.0
2250,2015-09-05,302.0,306.0,297.0,301.0,2569229544,1149243,251,295.0,300.0
2251,2015-09-06,302.0,302.0,292.0,295.0,3322517581,1519504,270,301.0,292.0
2252,2015-09-07,291.0,295.0,290.0,292.0,2660528977,1228355,286,295.0,292.0
2253,2015-09-08,294.0,296.0,291.0,292.0,1718497120,792806,239,292.0,292.0
2254,2015-09-09,292.0,303.0,290.0,297.0,3443343296,1561334,403,292.0,302.0
2255,2015-09-12,305.0,305.0,291.0,295.0,2704295684,1236041,273,297.0,294.0
2256,2015-09-13,292.0,292.0,280.0,283.0,6673545406,3177854,559,295.0,290.0
2257,2015-09-14,288.0,288.0,281.0,283.0,1960658570,933753,222,283.0,284.0
2258,2015-09-15,283.0,283.0,271.0,276.0,4482432127,2185604,338,283.0,278.0
2259,2015-09-16,276.0,282.0,270.0,274.0,5110030680,2517132,484,276.0,273.0
2260,2015-09-19,278.0,283.0,270.0,275.0,4197353554,2055610,363,274.0,274.0
2261,2015-09-20,271.0,271.0,261.0,264.0,7134389638,3647301,456,275.0,261.0
2262,2015-09-21,263.0,265.0,251.0,258.0,4282926879,2239247,348,264.0,264.0
2263,2015-09-22,266.0,270.0,259.0,265.0,2624633917,1334729,231,258.0,269.0
2264,2015-09-23,268.0,278.0,266.0,277.0,5056756554,2460112,363,265.0,275.0
2265,2015-09-26,274.0,274.0,266.0,269.0,3404930124,1704846,269,277.0,266.0
2266,2015-09-27,270.0,272.0,264.0,268.0,3550893005,1786859,211,269.0,266.0
2267,2015-09-28,266.0,272.0,265.0,268.0,4082625547,2051580,230,268.0,270.0
2268,2015-09-29,264.0,270.0,264.0,266.0,772998961,392350,138,268.0,266.0
2269,2015-09-30,266.0,268.0,262.0,264.0,1384003176,707948,132,266.0,262.0
2270,2015-10-03,261.0,263.0,250.0,254.0,4802458673,2545073,477,264.0,251.0
2271,2015-10-04,253.0,256.0,243.0,252.0,4751502612,2537434,376,254.0,256.0
2272,2015-10-05,251.0,259.0,251.0,254.0,2761129696,1462294,237,252.0,252.0
2273,2015-10-06,255.0,258.0,250.0,253.0,2399738724,1276870,266,254.0,251.0
2274,2015-10-07,251.0,264.0,249.0,258.0,7297553427,3807916,467,253.0,259.0
2275,2015-10-10,259.0,263.0,248.0,252.0,3596252345,1922621,372,258.0,253.0
2276,2015-10-11,251.0,254.0,248.0,250.0,2711751962,1463196,201,252.0,250.0
2277,2015-10-12,253.0,256.0,248.0,251.0,1460158939,785446,166,250.0,251.0
2278,2015-10-13,252.0,261.0,249.0,257.0,2852714018,1496539,263,251.0,261.0
2279,2015-10-14,264.0,269.0,256.0,265.0,6926330232,3521644,420,257.0,257.0
2280,2015-10-17,263.0,278.0,262.0,275.0,11787563531,5786097,572,265.0,278.0
2281,2015-10-18,288.0,288.0,275.0,284.0,15867174080,7521252,820,275.0,279.0
2282,2015-10-19,279.0,287.0,270.0,279.0,5545449452,2682538,381,284.0,275.0
2283,2015-10-20,277.0,292.0,273.0,291.0,20610028164,9557050,951,279.0,292.0
2284,2015-10-21,294.0,297.0,290.0,292.0,9984385826,4600504,723,291.0,291.0
2285,2015-10-25,290.0,290.0,278.0,279.0,9335055796,4508946,472,292.0,278.0
2286,2015-10-26,273.0,283.0,273.0,280.0,3640286340,1752450,274,279.0,282.0
2287,2015-10-27,284.0,290.0,279.0,284.0,4334246107,2054842,329,280.0,282.0
2288,2015-10-28,287.0,287.0,277.0,279.0,1759656696,849605,164,284.0,278.0
2289,2015-10-31,275.0,282.0,275.0,278.0,2316180329,1121321,205,279.0,279.0
2290,2015-11-01,280.0,282.0,276.0,279.0,5665783823,2734952,222,278.0,278.0
2291,2015-11-02,276.0,280.0,276.0,277.0,5096802910,2476568,205,279.0,277.0
2292,2015-11-03,276.0,287.0,274.0,284.0,6345204428,3014988,432,277.0,287.0
2293,2015-11-04,288.0,290.0,283.0,286.0,9815031980,4627703,370,284.0,286.0
2294,2015-11-07,283.0,284.0,277.0,281.0,6372359885,3058673,268,286.0,278.0
2295,2015-11-08,283.0,288.0,281.0,285.0,7032097028,3321114,399,281.0,285.0
2296,2015-11-09,282.0,287.0,279.0,281.0,1952322015,935178,163,285.0,281.0
2297,2015-11-10,280.0,287.0,280.0,283.0,4687298273,2228808,239,281.0,285.0
2298,2015-11-11,286.0,286.0,277.0,278.0,4776090698,2315759,336,283.0,277.0
2299,2015-11-14,276.0,282.0,274.0,276.0,3326799093,1627794,235,278.0,274.0
2300,2015-11-15,274.0,279.0,272.0,275.0,2089524939,1024203,228,276.0,275.0
2301,2015-11-16,273.0,278.0,271.0,274.0,2566047829,1264296,216,275.0,273.0
2302,2015-11-17,272.0,273.0,264.0,268.0,4899212165,2462190,436,274.0,265.0
2303,2015-11-18,265.0,271.0,265.0,268.0,2356010854,1183545,192,268.0,269.0
2304,2015-11-21,267.0,270.0,266.0,267.0,4509347981,2272593,270,268.0,267.0
2305,2015-11-22,265.0,267.0,263.0,266.0,1862353936,945273,180,267.0,265.0
2306,2015-11-23,264.0,267.0,263.0,265.0,1852389718,943077,185,266.0,263.0
2307,2015-11-24,263.0,267.0,261.0,264.0,2256563714,1150829,172,265.0,265.0
2308,2015-11-25,264.0,278.0,262.0,275.0,11322343625,5557490,798,264.0,278.0
2309,2015-11-28,280.0,280.0,267.0,270.0,5624100447,2807212,344,275.0,271.0
2310,2015-11-29,267.0,276.0,267.0,270.0,2008000560,1003661,250,270.0,268.0
2311,2015-11-30,269.0,273.0,265.0,269.0,2233050346,1118960,281,270.0,271.0
2312,2015-12-01,270.0,273.0,264.0,267.0,1501386305,756896,153,269.0,266.0
2313,2015-12-05,264.0,271.0,264.0,268.0,1800392878,906007,156,267.0,267.0
2314,2015-12-06,267.0,272.0,261.0,266.0,3509914088,1779113,276,268.0,270.0
2315,2015-12-07,273.0,276.0,266.0,275.0,9064158242,4448935,357,266.0,269.0
2316,2015-12-08,272.0,275.0,267.0,270.0,2366847262,1180569,157,275.0,270.0
2317,2015-12-09,274.0,274.0,267.0,271.0,663216844,329793,82,270.0,271.0
2318,2015-12-13,268.0,268.0,257.0,259.0,7066815189,3680219,567,271.0,260.0
2319,2015-12-14,257.0,260.0,255.0,259.0,2132471320,1108712,158,259.0,260.0
2320,2015-12-15,257.0,263.0,257.0,260.0,2469456340,1278145,180,259.0,259.0
2321,2015-12-16,262.0,263.0,255.0,259.0,2387224026,1243533,203,260.0,256.0
2322,2015-12-19,258.0,259.0,246.0,247.0,3064966399,1670626,314,259.0,246.0
2323,2015-12-20,242.0,243.0,235.0,236.0,4470002895,2550086,418,247.0,235.0
2324,2015-12-21,229.0,248.0,229.0,245.0,3878998855,2135539,259,236.0,243.0
2325,2015-12-22,245.0,245.0,233.0,236.0,3090733002,1765472,282,245.0,241.0
2326,2015-12-23,241.0,241.0,234.0,235.0,1258870140,721227,155,236.0,238.0
2327,2015-12-26,235.0,237.0,232.0,235.0,2577568396,1478055,210,235.0,236.0
2328,2015-12-27,233.0,244.0,226.0,235.0,8917747389,5106413,549,235.0,239.0
2329,2015-12-28,242.0,247.0,238.0,244.0,7965774587,4394443,438,235.0,247.0
2330,2015-12-30,257.0,257.0,256.0,257.0,5182706327,2723493,223,244.0,257.0
2331,2016-01-02,269.0,269.0,266.0,269.0,11980169888,5996958,416,257.0,269.0
2332,2016-01-03,269.0,283.0,264.0,278.0,30780326582,14907913,1504,269.0,279.0
2333,2016-01-04,279.0,292.0,278.0,290.0,22651289851,10536120,947,278.0,292.0
2334,2016-01-05,290.0,303.0,290.0,296.0,15111294217,6885646,711,290.0,295.0
2335,2016-01-06,297.0,301.0,282.0,290.0,11927407387,5542865,733,296.0,291.0
2336,2016-01-09,288.0,288.0,276.0,277.0,9774788940,4752920,566,290.0,276.0
2337,2016-01-10,270.0,290.0,266.0,280.0,9573325479,4606316,521,277.0,289.0
2338,2016-01-11,286.0,294.0,286.0,294.0,17709389252,8126101,611,280.0,294.0
2339,2016-01-12,298.0,306.0,289.0,298.0,11503142201,5208228,623,294.0,298.0
2340,2016-01-13,295.0,307.0,292.0,302.0,9029941257,4030823,499,298.0,303.0
2341,2016-01-16,308.0,317.0,308.0,316.0,17177438987,7317309,617,302.0,317.0
2342,2016-01-17,332.0,332.0,302.0,314.0,21646582369,9278471,892,316.0,307.0
2343,2016-01-18,318.0,330.0,299.0,323.0,42690029355,17826279,1246,314.0,330.0
2344,2016-01-19,339.0,339.0,339.0,339.0,5093077404,2025886,115,323.0,339.0
2345,2016-01-20,355.0,356.0,346.0,356.0,53187389802,20164627,830,339.0,356.0
2346,2016-01-23,360.0,373.0,350.0,366.0,27298403897,10048962,993,356.0,371.0
2347,2016-01-24,372.0,377.0,356.0,362.0,23516641543,8759665,1039,366.0,357.0
2348,2016-01-25,350.0,380.0,348.0,371.0,46401078786,16877056,1123,362.0,380.0
2349,2016-01-26,380.0,389.0,377.0,389.0,60525786231,20990990,930,371.0,389.0
2350,2016-01-27,406.0,407.0,382.0,399.0,36838204527,12432331,1146,389.0,392.0
2351,2016-01-30,397.0,419.0,390.0,415.0,40251570077,13079893,1162,399.0,413.0
2352,2016-01-31,418.0,423.0,396.0,410.0,37281252046,12250573,1322,415.0,408.0
2353,2016-02-01,408.0,418.0,402.0,411.0,33750319018,11080442,1407,410.0,403.0
2354,2016-02-02,410.0,410.0,390.0,395.0,57901758997,19769275,2304,411.0,396.0
2355,2016-02-09,509.0,509.0,483.0,498.0,23421255248,8544119,612,395.0,483.0
2356,2016-02-10,473.0,473.0,473.0,473.0,6251711844,2400811,230,498.0,473.0
2357,2016-02-13,450.0,465.0,450.0,450.0,57922428450,23387350,1558,473.0,450.0
2358,2016-02-14,460.0,460.0,429.0,442.0,32690290603,13454826,1317,450.0,432.0
2359,2016-02-15,440.0,458.0,440.0,448.0,24649597457,9995676,1004,442.0,442.0
2360,2016-02-16,451.0,456.0,426.0,432.0,31931503542,13420702,1368,448.0,427.0
2361,2016-02-20,425.0,425.0,404.0,416.0,11303982987,4942969,304,432.0,415.0
2362,2016-02-21,405.0,434.0,395.0,410.0,66499046163,29464343,2632,416.0,425.0
2363,2016-02-22,431.0,431.0,424.0,430.0,7521023571,3176969,209,410.0,431.0
2364,2016-02-23,452.0,452.0,435.0,448.0,77902479182,31573112,2487,430.0,436.0
2365,2016-02-24,443.0,464.0,433.0,454.0,38486523347,15402761,1752,448.0,454.0
2366,2016-02-27,462.0,477.0,456.0,473.0,43555758243,16742648,1527,454.0,477.0
2367,2016-02-28,496.0,496.0,469.0,487.0,67366582655,25131172,2415,473.0,482.0
2368,2016-02-29,482.0,482.0,463.0,465.0,33225391607,12979319,1336,487.0,463.0
2369,2016-03-01,455.0,472.0,444.0,458.0,29083378742,11542040,1352,465.0,454.0
2370,2016-03-02,460.0,460.0,435.0,441.0,24408323830,10057466,1215,458.0,436.0
2371,2016-03-05,451.0,463.0,446.0,462.0,34910269004,13745119,1248,441.0,463.0
2372,2016-03-06,463.0,470.0,440.0,451.0,24366012514,9828089,1364,462.0,441.0
2373,2016-03-07,445.0,454.0,433.0,442.0,15835780748,6511476,894,451.0,439.0
2374,2016-03-08,442.0,458.0,438.0,451.0,20350174810,8206114,1026,442.0,447.0
2375,2016-03-09,439.0,452.0,438.0,442.0,16574480070,6824037,1060,451.0,439.0
2376,2016-03-12,442.0,452.0,431.0,442.0,18555548197,7631533,1213,442.0,439.0
2377,2016-03-14,450.0,451.0,430.0,437.0,15583320998,6475606,1130,442.0,431.0
2378,2016-03-15,436.0,449.0,424.0,433.0,18402615753,7728566,1012,437.0,425.0
2379,2016-03-16,436.0,436.0,411.0,415.0,29275763684,12834379,1512,433.0,416.0
2380,2016-03-26,418.0,435.0,418.0,431.0,7920476923,3342283,419,415.0,435.0
2381,2016-03-27,436.0,443.0,425.0,432.0,5511959893,2319101,376,431.0,431.0
2382,2016-03-28,427.0,429.0,422.0,425.0,4135702102,1767023,333,432.0,424.0
2383,2016-03-29,426.0,426.0,414.0,417.0,7532768556,3283382,569,425.0,418.0
2384,2016-03-30,416.0,438.0,415.0,434.0,21305280817,8926870,993,417.0,438.0
2385,2016-04-02,445.0,445.0,429.0,437.0,12242570458,5087793,698,434.0,429.0
2386,2016-04-03,422.0,427.0,416.0,416.0,35565052603,15527669,1610,437.0,418.0
2387,2016-04-04,424.0,426.0,410.0,417.0,18858742552,8226773,838,416.0,416.0
2388,2016-04-05,420.0,427.0,418.0,422.0,18764663604,8088225,938,417.0,422.0
2389,2016-04-06,424.0,425.0,413.0,417.0,8000706577,3484459,608,422.0,417.0
2390,2016-04-09,427.0,431.0,418.0,421.0,14713913333,6352148,900,417.0,421.0
2391,2016-04-10,422.0,442.0,418.0,438.0,70409957794,29197934,2683,421.0,437.0
2392,2016-04-11,440.0,449.0,433.0,441.0,23637685523,9743581,1345,438.0,436.0
2393,2016-04-12,436.0,441.0,429.0,436.0,18746184659,7820757,842,441.0,432.0
2394,2016-04-13,436.0,457.0,434.0,450.0,64855303069,26204834,2280,436.0,457.0
2395,2016-04-16,459.0,470.0,428.0,438.0,56644784414,23488291,2189,450.0,428.0
2396,2016-04-17,426.0,456.0,418.0,444.0,36349674357,14880286,1673,438.0,453.0
2397,2016-04-18,449.0,464.0,445.0,453.0,33459970200,13438273,1477,444.0,447.0
2398,2016-04-19,451.0,452.0,434.0,442.0,31074012879,12781151,1255,453.0,449.0
2399,2016-04-20,451.0,464.0,445.0,460.0,57252363310,22629584,1892,442.0,452.0
2400,2016-04-23,461.0,463.0,446.0,451.0,15007515701,6048793,656,460.0,448.0
2401,2016-04-24,445.0,473.0,445.0,468.0,62574362123,24317752,2283,451.0,473.0
2402,2016-04-25,484.0,485.0,464.0,473.0,36266068020,13929200,1540,468.0,467.0
2403,2016-04-26,465.0,469.0,455.0,462.0,14040224767,5529976,771,473.0,458.0
2404,2016-04-27,464.0,484.0,460.0,480.0,78770236981,29812455,2003,462.0,484.0
2405,2016-04-30,491.0,498.0,475.0,486.0,43322649427,16203407,1555,480.0,478.0
2406,2016-05-01,476.0,478.0,464.0,467.0,29548088956,11490966,1186,486.0,464.0
2407,2016-05-02,462.0,471.0,458.0,463.0,13698773305,5380844,694,467.0,462.0
2408,2016-05-03,464.0,480.0,460.0,471.0,33987760554,13127114,1450,463.0,464.0
2409,2016-05-04,472.0,482.0,467.0,473.0,31018994619,11919704,1328,471.0,468.0
2410,2016-05-07,470.0,476.0,451.0,461.0,13158849305,5189174,766,473.0,457.0
2411,2016-05-08,455.0,455.0,438.0,444.0,15775116979,6463015,863,461.0,444.0
2412,2016-05-09,448.0,454.0,428.0,436.0,16474329170,6875073,1057,444.0,431.0
2413,2016-05-10,434.0,434.0,414.0,420.0,17658554640,7644036,966,436.0,426.0
2414,2016-05-11,420.0,434.0,415.0,423.0,18828366013,8094201,753,420.0,423.0
2415,2016-05-14,425.0,436.0,420.0,427.0,12585315343,5356454,773,423.0,422.0
2416,2016-05-15,418.0,427.0,415.0,418.0,17097588807,7436706,790,427.0,415.0
2417,2016-05-16,416.0,434.0,416.0,428.0,13089740862,5561319,705,418.0,428.0
2418,2016-05-17,435.0,447.0,435.0,442.0,18618401375,7656155,1077,428.0,442.0
2419,2016-05-18,440.0,445.0,431.0,435.0,21045557530,8792167,771,442.0,436.0
2420,2016-05-21,435.0,440.0,426.0,436.0,9793869367,4080302,512,435.0,436.0
2421,2016-05-23,438.0,447.0,434.0,439.0,11788295358,4876713,569,436.0,436.0
2422,2016-05-24,428.0,434.0,424.0,428.0,7805815012,3316971,585,439.0,426.0
2423,2016-05-25,425.0,447.0,425.0,439.0,19366595601,8013795,841,428.0,435.0
2424,2016-05-28,443.0,444.0,427.0,432.0,5595358333,2352409,457,439.0,431.0
2425,2016-05-29,429.0,432.0,425.0,427.0,5459853228,2326667,365,432.0,427.0
2426,2016-05-30,425.0,426.0,420.0,422.0,4436488760,1909794,359,427.0,420.0
2427,2016-05-31,420.0,424.0,416.0,420.0,4905731460,2123018,336,422.0,422.0
2428,2016-06-01,417.0,441.0,417.0,437.0,21096686372,8778338,974,420.0,441.0
2429,2016-06-05,442.0,451.0,427.0,443.0,12734007170,5228032,735,437.0,442.0
2430,2016-06-06,437.0,446.0,437.0,443.0,8406656526,3448841,476,443.0,443.0
2431,2016-06-07,445.0,446.0,436.0,441.0,10677044940,4398528,415,443.0,444.0
2432,2016-06-08,438.0,463.0,438.0,463.0,96470148198,37911139,2039,441.0,463.0
2433,2016-06-11,469.0,476.0,442.0,461.0,29238163312,11523567,1245,463.0,448.0
2434,2016-06-12,446.0,460.0,440.0,450.0,12275656055,4957639,509,461.0,447.0
2435,2016-06-13,462.0,472.0,454.0,472.0,49331528356,19006577,1199,450.0,472.0
2436,2016-06-14,480.0,495.0,466.0,482.0,68584244163,25883207,2340,472.0,475.0
2437,2016-06-15,474.0,483.0,459.0,468.0,24627269226,9564114,1006,482.0,462.0
2438,2016-06-18,469.0,473.0,447.0,462.0,10350844806,4074713,492,468.0,452.0
2439,2016-06-19,449.0,453.0,439.0,440.0,12013659953,4958803,433,462.0,439.0
2440,2016-06-20,429.0,438.0,418.0,425.0,18360410212,7859036,783,440.0,425.0
2441,2016-06-21,425.0,446.0,424.0,439.0,12928748526,5357191,575,425.0,446.0
2442,2016-06-22,445.0,458.0,440.0,448.0,8795087289,3568782,508,439.0,447.0
2443,2016-06-25,428.0,442.0,426.0,429.0,10991046871,4661243,757,448.0,426.0
2444,2016-06-26,429.0,450.0,426.0,442.0,17128286110,7047611,604,429.0,450.0
2445,2016-06-28,464.0,464.0,463.0,464.0,18801718525,7370402,317,442.0,464.0
2446,2016-06-29,471.0,483.0,452.0,468.0,42092302865,16364430,1349,464.0,454.0
2447,2016-07-02,460.0,460.0,444.0,446.0,42745234287,17435009,1572,468.0,445.0
2448,2016-07-09,445.0,445.0,431.0,439.0,915587892,383283,47,446.0,436.0
2449,2016-07-10,436.0,447.0,434.0,440.0,7117332466,2942292,331,439.0,436.0
2450,2016-07-11,436.0,441.0,422.0,434.0,9890205863,4141524,338,440.0,440.0
2451,2016-07-12,429.0,442.0,427.0,433.0,9546737311,4011896,424,434.0,434.0
2452,2016-07-17,465.0,465.0,449.0,455.0,22141667445,9648781,1019,433.0,454.0
2453,2016-07-18,460.0,460.0,437.0,446.0,11651910663,5190675,665,455.0,444.0
2454,2016-07-19,441.0,460.0,441.0,449.0,11341221523,5013662,577,446.0,446.0
2455,2016-07-20,456.0,460.0,447.0,453.0,13411326702,5873666,514,449.0,450.0
2456,2016-07-23,455.0,476.0,454.0,473.0,32187167278,13514751,1001,453.0,476.0
2457,2016-07-24,476.0,483.0,464.0,474.0,14713602146,6163330,690,473.0,469.0
2458,2016-07-25,467.0,484.0,459.0,473.0,29189400680,12240065,1043,474.0,466.0
2459,2016-07-26,468.0,476.0,460.0,467.0,9778418328,4159482,527,473.0,462.0
2460,2016-07-27,470.0,476.0,462.0,470.0,12107929723,5115228,649,467.0,464.0
2461,2016-07-31,472.0,472.0,456.0,461.0,11993458245,5165491,624,470.0,457.0
2462,2016-08-01,457.0,461.0,452.0,455.0,7404630126,3231878,432,461.0,456.0
2463,2016-08-02,456.0,470.0,456.0,466.0,11418545452,4866237,625,455.0,464.0
2464,2016-08-03,467.0,477.0,461.0,469.0,11229036117,4755404,485,466.0,463.0
2465,2016-08-06,466.0,469.0,452.0,460.0,15579997899,6725200,785,469.0,457.0
2466,2016-08-07,458.0,466.0,453.0,457.0,16171762130,7020571,766,460.0,456.0
2467,2016-08-08,456.0,458.0,451.0,454.0,11075178991,4843169,571,457.0,453.0
2468,2016-08-09,456.0,461.0,453.0,456.0,16176508164,7044419,940,454.0,454.0
2469,2016-08-10,458.0,458.0,449.0,453.0,10712485643,4689626,624,456.0,451.0
2470,2016-08-13,456.0,463.0,453.0,457.0,7128154288,3092465,549,453.0,456.0
2471,2016-08-14,457.0,465.0,453.0,457.0,10507732698,4567004,550,457.0,454.0
2472,2016-08-15,456.0,456.0,449.0,451.0,5741094940,2524113,441,457.0,450.0
2473,2016-08-16,454.0,457.0,448.0,454.0,27193324342,11877630,408,451.0,452.0
2474,2016-08-17,456.0,456.0,449.0,453.0,7086467954,3103426,338,454.0,452.0
2475,2016-08-20,456.0,476.0,456.0,473.0,46402252293,19471341,1902,453.0,476.0
2476,2016-08-21,476.0,487.0,460.0,473.0,24007037021,10063366,1151,473.0,462.0
2477,2016-08-22,463.0,468.0,456.0,458.0,14176257744,6136979,885,473.0,457.0
2478,2016-08-23,455.0,464.0,455.0,457.0,4997778377,2167959,333,458.0,456.0
2479,2016-08-24,455.0,463.0,455.0,457.0,5964544231,2587817,361,457.0,456.0
2480,2016-08-27,456.0,457.0,451.0,453.0,6256360433,2737788,429,457.0,452.0
2481,2016-08-28,452.0,453.0,441.0,446.0,12092842496,5378351,852,453.0,444.0
2482,2016-08-29,445.0,450.0,442.0,444.0,5281088457,2360268,487,446.0,442.0
2483,2016-08-30,441.0,446.0,437.0,441.0,7427600043,3344464,490,444.0,439.0
2484,2016-08-31,445.0,445.0,436.0,438.0,3952434955,1792338,328,441.0,437.0
2485,2016-09-03,437.0,446.0,436.0,440.0,7097865257,3203354,381,438.0,439.0
2486,2016-09-04,439.0,445.0,439.0,441.0,6012140811,2708403,352,440.0,441.0
2487,2016-09-05,441.0,447.0,441.0,444.0,5022785870,2243394,364,441.0,447.0
2488,2016-09-06,446.0,456.0,446.0,452.0,6389694411,2805587,461,444.0,453.0
2489,2016-09-07,452.0,456.0,444.0,450.0,9474146051,4176084,436,452.0,446.0
2490,2016-09-10,445.0,448.0,444.0,445.0,8049540365,3588687,275,450.0,448.0
2491,2016-09-11,448.0,448.0,443.0,445.0,3165245662,1411619,140,445.0,445.0
2492,2016-09-13,445.0,452.0,441.0,445.0,6479286119,2892532,258,445.0,442.0
2493,2016-09-14,447.0,452.0,441.0,447.0,4832098060,2147011,258,445.0,446.0
2494,2016-09-17,446.0,446.0,439.0,442.0,3917175797,1757268,321,447.0,439.0
2495,2016-09-18,439.0,444.0,439.0,442.0,5615487278,2523363,371,442.0,444.0
2496,2016-09-19,444.0,448.0,437.0,441.0,6787199123,3057255,392,442.0,437.0
2497,2016-09-21,445.0,445.0,437.0,439.0,4862302873,2200316,487,441.0,439.0
2498,2016-09-24,439.0,448.0,439.0,444.0,5751240062,2571514,391,439.0,446.0
2499,2016-09-25,446.0,452.0,445.0,448.0,5379539466,2384941,397,444.0,445.0
2500,2016-09-26,446.0,447.0,437.0,441.0,10783836836,4848939,525,448.0,439.0
2501,2016-09-27,439.0,443.0,437.0,438.0,6102209976,2763081,438,441.0,440.0
2502,2016-09-28,441.0,446.0,437.0,440.0,8204113425,3704326,496,438.0,443.0
2503,2016-10-01,449.0,456.0,446.0,451.0,12350974455,5432706,920,440.0,450.0
2504,2016-10-02,452.0,452.0,442.0,445.0,5370296838,2393942,307,451.0,443.0
2505,2016-10-03,447.0,447.0,441.0,443.0,7165535180,3208588,545,445.0,444.0
2506,2016-10-04,447.0,450.0,439.0,443.0,10248316751,4592811,607,443.0,443.0
2507,2016-10-05,443.0,443.0,435.0,437.0,18257928239,8287150,982,443.0,437.0
2508,2016-10-08,443.0,452.0,441.0,447.0,18234733977,8101063,924,437.0,443.0
2509,2016-10-09,444.0,445.0,438.0,439.0,5184620617,2342201,366,447.0,439.0
2510,2016-10-10,439.0,445.0,437.0,439.0,8314538543,3761312,518,439.0,443.0
2511,2016-10-15,443.0,454.0,442.0,448.0,20493485681,9084447,976,439.0,445.0
2512,2016-10-16,441.0,449.0,438.0,441.0,11230332576,5048521,655,448.0,439.0
2513,2016-10-17,442.0,446.0,437.0,438.0,13537895100,6133743,732,441.0,438.0
2514,2016-10-18,438.0,446.0,436.0,439.0,12706833151,5739323,642,438.0,437.0
2515,2016-10-19,437.0,441.0,435.0,436.0,12577671436,5722837,817,439.0,436.0
2516,2016-10-22,437.0,447.0,433.0,441.0,16130999520,7251905,905,436.0,440.0
2517,2016-10-23,445.0,463.0,445.0,458.0,95079952770,41220492,3837,441.0,456.0
2518,2016-10-24,458.0,470.0,450.0,459.0,31598667505,13655638,1585,458.0,451.0
2519,2016-10-25,456.0,456.0,446.0,450.0,10659059836,4699574,707,459.0,451.0
2520,2016-10-26,450.0,462.0,446.0,455.0,15939786301,6955964,893,450.0,455.0
2521,2016-10-29,454.0,459.0,448.0,452.0,10360717524,4547283,714,455.0,448.0
2522,2016-10-30,448.0,449.0,445.0,447.0,12396976387,5500577,675,452.0,446.0
2523,2016-10-31,446.0,450.0,439.0,442.0,14850430807,6662016,788,447.0,440.0
2524,2016-11-01,441.0,443.0,437.0,439.0,6556341001,2961338,503,442.0,440.0
2525,2016-11-02,440.0,443.0,437.0,438.0,8236558203,3730304,577,439.0,438.0
2526,2016-11-05,438.0,439.0,427.0,433.0,10203385034,4678351,893,438.0,428.0
2527,2016-11-06,427.0,435.0,425.0,428.0,6932063994,3216105,568,433.0,427.0
2528,2016-11-07,428.0,436.0,428.0,433.0,5770961406,2644234,370,428.0,434.0
2529,2016-11-08,434.0,441.0,434.0,437.0,4504274882,2045726,296,433.0,437.0
2530,2016-11-09,424.0,424.0,415.0,416.0,16390292288,7813021,1074,437.0,423.0
2531,2016-11-12,417.0,427.0,409.0,414.0,6622254456,3176886,604,416.0,412.0
2532,2016-11-13,414.0,417.0,408.0,411.0,3928757579,1896229,397,414.0,411.0
2533,2016-11-14,412.0,426.0,412.0,419.0,6888626581,3263607,489,411.0,416.0
2534,2016-11-15,419.0,422.0,412.0,414.0,4343021419,2080387,318,419.0,413.0
2535,2016-11-16,413.0,417.0,403.0,407.0,10937480191,5328488,728,414.0,406.0
2536,2016-11-19,405.0,406.0,399.0,402.0,5560047994,2744727,559,407.0,403.0
2537,2016-11-21,407.0,412.0,405.0,409.0,3106682665,1506414,310,402.0,408.0
2538,2016-11-22,417.0,421.0,411.0,416.0,6133241075,2927092,426,409.0,414.0
2539,2016-11-23,420.0,420.0,411.0,415.0,3402413834,1628365,287,416.0,411.0
2540,2016-11-26,412.0,413.0,405.0,407.0,2575974339,1255023,293,415.0,407.0
2541,2016-11-27,405.0,413.0,405.0,410.0,3084197905,1494435,300,407.0,409.0
2542,2016-11-29,407.0,415.0,403.0,409.0,5241257554,2546016,403,410.0,403.0
2543,2016-12-03,425.0,426.0,410.0,418.0,13021755213,6179224,770,409.0,413.0
2544,2016-12-04,413.0,414.0,399.0,404.0,3163333420,1552484,375,418.0,405.0
2545,2016-12-05,405.0,409.0,397.0,400.0,6338755738,3144620,563,404.0,401.0
2546,2016-12-06,405.0,406.0,398.0,400.0,4889961439,2423133,449,400.0,401.0
2547,2016-12-07,405.0,405.0,392.0,396.0,9587293481,4806719,722,400.0,396.0
2548,2016-12-10,401.0,403.0,396.0,398.0,6680020070,3327401,470,396.0,397.0
2549,2016-12-11,401.0,407.0,398.0,401.0,4638738705,2296293,393,398.0,401.0
2550,2016-12-12,407.0,411.0,396.0,402.0,5360769868,2642745,445,401.0,397.0
2551,2016-12-13,402.0,402.0,390.0,394.0,4000952021,2018022,422,402.0,390.0
2552,2016-12-14,393.0,395.0,388.0,392.0,9338049281,4725898,568,394.0,389.0
2553,2016-12-18,389.0,391.0,381.0,384.0,2822264486,1457154,346,392.0,382.0
2554,2016-12-19,380.0,387.0,371.0,375.0,4742965761,2511534,489,384.0,374.0
2555,2016-12-20,369.0,376.0,364.0,367.0,3166033555,1710890,348,375.0,366.0
2556,2016-12-21,364.0,377.0,362.0,370.0,2716471718,1458334,304,367.0,372.0
2557,2016-12-24,363.0,381.0,363.0,372.0,1609704869,858756,191,370.0,372.0
2558,2016-12-25,371.0,373.0,368.0,370.0,2309670514,1237211,203,372.0,371.0
2559,2016-12-26,367.0,372.0,367.0,369.0,2629590251,1413345,199,370.0,368.0
2560,2016-12-27,368.0,371.0,358.0,363.0,3214715370,1755540,303,369.0,364.0
2561,2016-12-28,362.0,376.0,358.0,366.0,1636115810,886912,189,363.0,365.0
2562,2016-12-31,364.0,371.0,357.0,360.0,4888904575,2695104,351,366.0,361.0
2563,2017-01-01,365.0,365.0,347.0,352.0,4340980570,2443820,427,360.0,357.0
2564,2017-01-02,359.0,359.0,345.0,348.0,3755179424,2140194,320,352.0,349.0
2565,2017-01-03,346.0,362.0,345.0,355.0,4662437731,2602538,455,348.0,355.0
2566,2017-01-04,353.0,354.0,347.0,352.0,1807671392,1018718,201,355.0,354.0
2567,2017-01-07,351.0,359.0,347.0,355.0,5163194307,2886359,425,352.0,359.0
2568,2017-01-08,357.0,357.0,349.0,351.0,1488440202,841249,233,355.0,350.0
2569,2017-01-09,353.0,357.0,349.0,354.0,2525296970,1414971,203,351.0,356.0
2570,2017-01-11,350.0,355.0,345.0,351.0,5831441669,3299101,322,354.0,353.0
2571,2017-01-14,348.0,359.0,348.0,357.0,3745683147,2084748,271,351.0,359.0
2572,2017-01-15,362.0,374.0,361.0,370.0,6890407653,3697082,496,357.0,374.0
2573,2017-01-16,381.0,388.0,371.0,383.0,10428618193,5399623,765,370.0,388.0
2574,2017-01-17,391.0,399.0,384.0,394.0,9924717480,5005359,766,383.0,398.0
2575,2017-01-18,397.0,400.0,387.0,391.0,3774968637,1914176,318,394.0,393.0
2576,2017-01-21,397.0,397.0,373.0,381.0,6167412735,3215217,435,391.0,377.0
2577,2017-01-22,377.0,377.0,367.0,373.0,1081287389,577499,166,381.0,367.0
2578,2017-01-23,374.0,374.0,363.0,367.0,2226835968,1204059,276,373.0,365.0
2579,2017-01-24,371.0,373.0,363.0,366.0,1991772383,1080410,275,367.0,365.0
2580,2017-01-25,364.0,369.0,360.0,364.0,2276494400,1240176,271,366.0,363.0
2581,2017-01-28,365.0,369.0,359.0,363.0,3033060566,1658264,203,364.0,360.0
2582,2017-01-29,364.0,381.0,360.0,374.0,3709065472,1969653,431,363.0,378.0
2583,2017-01-30,376.0,390.0,376.0,384.0,3682254655,1903067,385,374.0,388.0
2584,2017-01-31,387.0,390.0,380.0,386.0,3830685230,1969718,290,384.0,387.0
2585,2017-02-01,380.0,381.0,368.0,373.0,2436798757,1297632,226,386.0,373.0
2586,2017-02-04,373.0,373.0,361.0,364.0,1493235582,813102,169,373.0,362.0
2587,2017-02-05,357.0,363.0,355.0,357.0,2122770489,1178601,265,364.0,357.0
2588,2017-02-06,357.0,369.0,357.0,361.0,2112547524,1159882,203,357.0,369.0
2589,2017-02-07,362.0,369.0,362.0,363.0,697703245,380874,101,361.0,363.0
2590,2017-02-08,366.0,366.0,357.0,359.0,1237464233,684119,138,363.0,358.0
2591,2017-02-11,360.0,363.0,358.0,359.0,961215438,530677,126,359.0,360.0
2592,2017-02-12,361.0,361.0,353.0,356.0,1307521665,728206,182,359.0,357.0
2593,2017-02-13,357.0,361.0,354.0,355.0,3334797499,1862595,228,356.0,355.0
2594,2017-02-14,353.0,360.0,353.0,357.0,1643558173,913970,197,355.0,360.0
2595,2017-02-15,358.0,372.0,358.0,367.0,3036162342,1642017,316,357.0,366.0
2596,2017-02-18,369.0,384.0,369.0,378.0,4494512757,2361149,447,367.0,377.0
2597,2017-02-19,378.0,378.0,365.0,370.0,2861487514,1533057,271,378.0,365.0
2598,2017-02-20,364.0,385.0,364.0,378.0,5758388149,3020054,526,370.0,370.0
2599,2017-02-21,373.0,392.0,373.0,385.0,5586036967,2879856,525,378.0,379.0
2600,2017-02-22,381.0,390.0,379.0,382.0,4652747477,2413979,350,385.0,380.0
2601,2017-02-25,377.0,382.0,373.0,376.0,1687022598,889899,159,382.0,377.0
2602,2017-02-26,384.0,384.0,367.0,370.0,3111392310,1668806,302,376.0,367.0
2603,2017-02-27,368.0,372.0,365.0,367.0,1950550208,1054207,205,370.0,367.0
2604,2017-02-28,369.0,369.0,361.0,364.0,1981256050,1079329,289,367.0,362.0
2605,2017-03-01,362.0,376.0,361.0,367.0,3848735140,2079724,234,364.0,364.0
2606,2017-03-04,367.0,379.0,364.0,371.0,3454296955,1847867,363,367.0,364.0
2607,2017-03-05,364.0,370.0,357.0,361.0,2677349453,1473853,290,371.0,362.0
2608,2017-03-06,367.0,367.0,356.0,358.0,2646371982,1468786,278,361.0,357.0
2609,2017-03-07,357.0,359.0,353.0,355.0,2710497178,1516865,305,358.0,357.0
2610,2017-03-08,357.0,357.0,353.0,355.0,2557267911,1430108,247,355.0,355.0
2611,2017-03-11,353.0,353.0,339.0,345.0,5176616846,2973892,540,355.0,344.0
2612,2017-03-12,341.0,349.0,341.0,347.0,1968565439,1125233,182,345.0,346.0
2613,2017-03-13,344.0,355.0,344.0,348.0,3307517161,1885789,227,347.0,347.0
2614,2017-03-14,349.0,357.0,349.0,354.0,4014912839,2247408,372,348.0,349.0
2615,2017-03-15,357.0,359.0,352.0,355.0,1646694307,921115,142,354.0,355.0
2616,2017-03-18,357.0,360.0,353.0,358.0,2497214323,1386116,197,355.0,359.0
2617,2017-03-25,353.0,364.0,353.0,359.0,1235174030,683175,134,358.0,360.0
2618,2017-03-26,365.0,369.0,355.0,363.0,3707127229,2027675,327,359.0,364.0
2619,2017-03-27,362.0,375.0,362.0,371.0,4489475307,2400268,498,363.0,371.0
2620,2017-03-28,366.0,375.0,366.0,369.0,4689748407,2519713,360,371.0,371.0
2621,2017-03-29,374.0,388.0,374.0,386.0,19477583713,10025668,1327,369.0,388.0
2622,2017-04-03,389.0,395.0,378.0,387.0,6976896763,3579837,509,386.0,383.0
2623,2017-04-04,383.0,392.0,373.0,385.0,7876919116,4062882,720,387.0,384.0
2624,2017-04-05,385.0,399.0,385.0,392.0,11775443159,5961963,720,385.0,387.0
2625,2017-04-08,395.0,399.0,389.0,395.0,9046321448,4549080,700,392.0,391.0
2626,2017-04-09,391.0,406.0,387.0,399.0,13853597139,6896126,920,395.0,405.0
2627,2017-04-10,407.0,419.0,402.0,415.0,13385803394,6404293,870,399.0,411.0
2628,2017-04-12,415.0,424.0,401.0,415.0,12171905252,5824859,837,415.0,422.0
2629,2017-04-15,425.0,435.0,420.0,434.0,27815148412,12713796,1396,415.0,435.0
2630,2017-04-16,435.0,446.0,427.0,437.0,24252342457,11009330,1473,434.0,434.0
2631,2017-04-17,437.0,437.0,415.0,421.0,6763936545,3187583,574,437.0,416.0
2632,2017-04-18,419.0,425.0,407.0,413.0,3851585716,1848646,417,421.0,413.0
2633,2017-04-19,407.0,416.0,404.0,408.0,7158558778,3480713,492,413.0,413.0
2634,2017-04-22,404.0,428.0,404.0,426.0,12151061983,5660705,611,408.0,428.0
2635,2017-04-23,430.0,436.0,413.0,423.0,5709127145,2675615,436,426.0,417.0
2636,2017-04-24,421.0,421.0,404.0,407.0,9745300253,4747570,645,423.0,407.0
2637,2017-04-26,404.0,417.0,401.0,407.0,5402789293,2632586,450,407.0,407.0
2638,2017-04-29,409.0,426.0,407.0,415.0,6853846902,3279078,456,407.0,411.0
2639,2017-04-30,407.0,420.0,406.0,414.0,5346689361,2565882,369,415.0,406.0
2640,2017-05-01,404.0,411.0,398.0,402.0,6145380230,3034332,467,414.0,399.0
2641,2017-05-02,399.0,409.0,399.0,403.0,5846296818,2876280,465,402.0,401.0
2642,2017-05-03,400.0,408.0,393.0,397.0,4536628610,2268353,434,403.0,397.0
2643,2017-05-06,393.0,394.0,378.0,383.0,8763280466,4534965,661,397.0,380.0
2644,2017-05-07,377.0,389.0,370.0,379.0,6444585402,3376792,473,383.0,375.0
2645,2017-05-08,377.0,385.0,369.0,373.0,5216739964,2778148,390,379.0,371.0
2646,2017-05-09,371.0,380.0,371.0,376.0,3574428334,1888659,296,373.0,379.0
2647,2017-05-10,381.0,389.0,375.0,380.0,11575617336,6037702,471,376.0,388.0
2648,2017-05-13,389.0,395.0,385.0,389.0,4169230311,2126219,279,380.0,387.0
2649,2017-05-14,392.0,392.0,381.0,386.0,994741708,512369,114,389.0,383.0
2650,2017-05-15,387.0,387.0,377.0,379.0,1367179693,715170,123,386.0,378.0
2651,2017-05-16,377.0,385.0,377.0,380.0,819974670,427159,92,379.0,381.0
2652,2017-05-17,387.0,387.0,380.0,383.0,4231645802,2191718,223,380.0,380.0
2653,2017-05-20,389.0,402.0,389.0,396.0,4033528943,2021124,290,383.0,391.0
2654,2017-05-21,391.0,396.0,383.0,388.0,1904554057,973746,164,396.0,384.0
2655,2017-05-22,383.0,387.0,377.0,380.0,3422060599,1785951,190,388.0,379.0
2656,2017-05-23,381.0,387.0,377.0,379.0,2122555583,1110576,174,380.0,377.0
2657,2017-05-24,379.0,384.0,374.0,376.0,2295956854,1210170,181,379.0,375.0
2658,2017-05-27,375.0,379.0,368.0,372.0,2901531250,1546527,261,376.0,370.0
2659,2017-05-28,371.0,375.0,368.0,370.0,3010953883,1614305,209,372.0,369.0
2660,2017-05-29,369.0,369.0,365.0,368.0,2584534075,1395265,211,370.0,365.0
2661,2017-05-30,364.0,370.0,360.0,362.0,2477276770,1357760,271,368.0,363.0
2662,2017-05-31,361.0,366.0,359.0,364.0,1949527480,1062874,163,362.0,366.0
2663,2017-06-03,361.0,366.0,360.0,362.0,1693951432,929670,176,364.0,361.0
2664,2017-06-06,363.0,366.0,357.0,362.0,2009926788,1102719,212,362.0,363.0
2665,2017-06-07,361.0,364.0,352.0,357.0,3278063251,1823682,297,362.0,355.0
2666,2017-06-10,353.0,359.0,350.0,354.0,1876634025,1052607,189,357.0,351.0
2667,2017-06-11,357.0,359.0,350.0,353.0,4081068833,2293596,186,354.0,354.0
2668,2017-06-12,352.0,361.0,351.0,354.0,2448639249,1371329,180,353.0,353.0
2669,2017-06-13,355.0,359.0,351.0,354.0,1729997827,968717,148,354.0,357.0
2670,2017-06-14,361.0,361.0,354.0,358.0,2595882905,1437330,195,354.0,357.0
2671,2017-06-17,357.0,363.0,351.0,353.0,2167545794,1219408,187,358.0,352.0
2672,2017-06-18,359.0,359.0,347.0,350.0,4179462178,2367523,232,353.0,351.0
2673,2017-06-19,355.0,363.0,349.0,354.0,1668077056,935833,138,350.0,353.0
2674,2017-06-20,351.0,359.0,351.0,352.0,3088420938,1741978,229,354.0,351.0
2675,2017-06-21,356.0,363.0,347.0,353.0,2145318588,1204564,166,352.0,347.0
2676,2017-06-24,349.0,353.0,341.0,344.0,4185098936,2412954,412,353.0,349.0
2677,2017-06-25,344.0,348.0,343.0,345.0,2328745931,1338147,210,344.0,345.0
2678,2017-06-28,347.0,350.0,343.0,347.0,5137139349,2939872,296,345.0,349.0
2679,2017-07-01,353.0,357.0,348.0,351.0,1250537024,707247,146,347.0,351.0
2680,2017-07-02,351.0,351.0,343.0,346.0,2059608870,1182255,210,351.0,344.0
2681,2017-07-03,345.0,351.0,343.0,346.0,2108021294,1207277,153,346.0,344.0
2682,2017-07-04,347.0,347.0,341.0,343.0,2921105614,1690421,241,346.0,341.0
2683,2017-07-05,340.0,353.0,339.0,347.0,11761483026,6717315,626,343.0,346.0
2684,2017-07-16,362.0,366.0,359.0,362.0,8190277475,4819081,404,347.0,365.0
2685,2017-07-17,366.0,378.0,366.0,373.0,5638548321,3223582,500,362.0,371.0
2686,2017-07-18,373.0,381.0,369.0,376.0,4401432521,2490591,418,373.0,379.0
2687,2017-07-19,382.0,389.0,381.0,386.0,5962168061,3286162,469,376.0,384.0
2688,2017-07-22,384.0,385.0,371.0,375.0,9219002762,5240605,683,386.0,373.0
2689,2017-07-23,373.0,393.0,372.0,390.0,26578930084,14507571,1077,375.0,393.0
2690,2017-07-24,405.0,410.0,394.0,405.0,19288423675,10151116,1064,390.0,399.0
2691,2017-07-25,407.0,407.0,388.0,391.0,6823005703,3714495,500,405.0,388.0
2692,2017-07-26,384.0,393.0,379.0,384.0,6365607081,3529397,478,391.0,381.0
2693,2017-07-29,384.0,389.0,377.0,382.0,3901291720,2174007,357,384.0,382.0
2694,2017-07-30,383.0,383.0,373.0,378.0,4924483098,2776522,396,382.0,383.0
2695,2017-07-31,375.0,381.0,373.0,375.0,2329510390,1324328,225,378.0,373.0
2696,2017-08-01,379.0,383.0,373.0,375.0,1971634478,1120794,202,375.0,374.0
2697,2017-08-02,373.0,378.0,373.0,375.0,1773089527,1007144,159,375.0,376.0
2698,2017-08-06,376.0,379.0,375.0,376.0,3129790435,1771345,211,375.0,375.0
2699,2017-08-07,374.0,374.0,372.0,372.0,4018706800,2298693,285,376.0,372.0
2700,2017-08-08,373.0,376.0,368.0,371.0,2588966544,1488281,221,372.0,370.0
2701,2017-08-09,366.0,372.0,365.0,368.0,2637237278,1527909,268,371.0,370.0
2702,2017-08-12,365.0,386.0,365.0,382.0,7302258526,4074047,624,368.0,379.0
2703,2017-08-13,379.0,383.0,367.0,375.0,3973837727,2257572,287,382.0,371.0
2704,2017-08-14,375.0,377.0,362.0,366.0,5143845295,2990988,400,375.0,364.0
2705,2017-08-15,362.0,378.0,362.0,369.0,3587486284,2070737,243,366.0,369.0
2706,2017-08-16,366.0,375.0,366.0,370.0,993964590,571458,110,369.0,373.0
2707,2017-08-19,368.0,381.0,367.0,373.0,3818411359,2179136,260,370.0,369.0
2708,2017-08-20,373.0,374.0,368.0,370.0,2887086706,1661995,242,373.0,369.0
2709,2017-08-21,368.0,370.0,364.0,366.0,2698534837,1571439,214,370.0,367.0
2710,2017-08-22,367.0,373.0,365.0,367.0,2226112952,1292453,165,366.0,367.0
2711,2017-08-23,366.0,372.0,365.0,366.0,1416064647,823610,125,367.0,366.0
2712,2017-08-26,363.0,369.0,362.0,363.0,2511187873,1472372,268,366.0,365.0
2713,2017-08-27,362.0,369.0,358.0,361.0,2940126899,1735703,367,363.0,361.0
2714,2017-08-28,362.0,363.0,359.0,360.0,2988462368,1769079,285,361.0,359.0
2715,2017-08-29,362.0,362.0,356.0,358.0,5278320538,3140235,471,360.0,356.0
2716,2017-08-30,357.0,364.0,356.0,359.0,3676537947,2179467,266,358.0,360.0
2717,2017-09-02,360.0,362.0,357.0,359.0,1267849877,752965,154,359.0,358.0
2718,2017-09-03,357.0,362.0,356.0,358.0,2726456949,1624248,240,359.0,357.0
2719,2017-09-04,360.0,365.0,356.0,363.0,3818860871,2240560,311,358.0,361.0
2720,2017-09-05,361.0,366.0,358.0,361.0,1616429359,954843,156,363.0,359.0
2721,2017-09-06,359.0,360.0,352.0,355.0,4368098489,2625068,336,361.0,352.0
2722,2017-09-10,352.0,357.0,347.0,350.0,1648289699,1001856,199,355.0,349.0
2723,2017-09-11,346.0,356.0,345.0,350.0,1915988541,1167684,169,350.0,356.0
2724,2017-09-12,347.0,355.0,347.0,352.0,2152980707,1304931,232,350.0,352.0
2725,2017-09-13,347.0,358.0,346.0,352.0,3113930877,1887430,269,352.0,352.0
2726,2017-09-16,351.0,365.0,351.0,361.0,4462872398,2630941,402,352.0,362.0
2727,2017-09-17,362.0,366.0,356.0,360.0,3046899691,1804867,278,361.0,357.0
2728,2017-09-18,378.0,378.0,378.0,378.0,7999660332,4514481,291,360.0,378.0
2729,2017-09-19,383.0,385.0,372.0,378.0,13224260257,7456075,907,378.0,375.0
2730,2017-09-20,380.0,380.0,369.0,373.0,5980594739,3418391,510,378.0,370.0
2731,2017-09-23,372.0,378.0,366.0,370.0,2574928195,1480819,272,373.0,368.0
2732,2017-09-24,367.0,369.0,362.0,364.0,3418793194,2002990,295,370.0,362.0
2733,2017-09-25,362.0,362.0,355.0,358.0,2865629758,1705934,517,364.0,357.0
2734,2017-09-26,364.0,365.0,355.0,359.0,4189365175,2487086,418,358.0,355.0
2735,2017-09-27,357.0,362.0,352.0,355.0,4570465733,2745721,633,359.0,354.0
2736,2017-10-02,354.0,356.0,349.0,352.0,3680358538,2230991,272,355.0,353.0
2737,2017-10-03,350.0,354.0,348.0,351.0,3020802548,1833268,187,352.0,353.0
2738,2017-10-04,352.0,358.0,352.0,355.0,2227357550,1338244,180,351.0,354.0
2739,2017-10-07,353.0,354.0,343.0,350.0,6519473996,3964397,403,355.0,352.0
2740,2017-10-08,343.0,352.0,339.0,345.0,7455277728,4599580,412,350.0,342.0
2741,2017-10-09,341.0,345.0,334.0,338.0,6715741858,4228613,456,345.0,342.0
2742,2017-10-10,341.0,345.0,333.0,338.0,4716022495,2972656,293,338.0,345.0
2743,2017-10-11,346.0,346.0,339.0,341.0,1375561045,858982,180,338.0,340.0
2744,2017-10-14,339.0,348.0,337.0,344.0,2140456784,1323754,213,341.0,344.0
2745,2017-10-15,346.0,354.0,343.0,349.0,2378275045,1454074,295,344.0,352.0
2746,2017-10-16,343.0,353.0,343.0,348.0,2144118579,1312092,205,349.0,347.0
2747,2017-10-17,345.0,348.0,339.0,343.0,1561908143,971319,260,348.0,341.0
2748,2017-10-18,341.0,349.0,340.0,343.0,3496291519,2170668,376,343.0,343.0
2749,2017-10-21,350.0,353.0,346.0,350.0,3454036151,2101377,342,343.0,348.0
2750,2017-10-22,353.0,353.0,339.0,343.0,3221136498,1997635,297,350.0,341.0
2751,2017-10-23,341.0,341.0,337.0,339.0,2340147683,1472548,268,343.0,338.0
2752,2017-10-24,338.0,342.0,336.0,338.0,2198678837,1386046,231,339.0,337.0
2753,2017-10-25,335.0,339.0,333.0,335.0,2600129583,1653887,290,338.0,333.0
2754,2017-10-28,333.0,345.0,333.0,341.0,2513579947,1569712,235,335.0,339.0
2755,2017-10-29,344.0,354.0,339.0,350.0,7797905647,4750372,680,341.0,345.0
2756,2017-10-30,353.0,358.0,343.0,350.0,3786995069,2308089,313,350.0,343.0
2757,2017-10-31,341.0,347.0,340.0,342.0,4795625750,2991135,417,350.0,342.0
2758,2017-11-01,341.0,352.0,341.0,347.0,3873139601,2374778,274,342.0,349.0
2759,2017-11-04,352.0,356.0,345.0,351.0,3568710123,2166329,277,347.0,347.0
2760,2017-11-05,345.0,349.0,342.0,344.0,2795400916,1731857,248,351.0,343.0
2761,2017-11-06,342.0,347.0,341.0,343.0,2473245423,1537391,169,344.0,344.0
2762,2017-11-07,347.0,349.0,343.0,346.0,1615899997,994405,191,343.0,348.0
2763,2017-11-08,351.0,351.0,342.0,345.0,802377418,496231,118,346.0,343.0
2764,2017-11-11,346.0,346.0,342.0,344.0,1412640176,875911,124,345.0,344.0
2765,2017-11-12,344.0,344.0,339.0,341.0,1411007799,881867,151,344.0,341.0
2766,2017-11-13,340.0,344.0,339.0,341.0,1281773389,800755,140,341.0,341.0
2767,2017-11-14,340.0,342.0,339.0,340.0,2158421250,1352623,244,341.0,339.0
2768,2017-11-15,339.0,345.0,336.0,338.0,2774032192,1749266,298,340.0,345.0
2769,2017-11-18,341.0,346.0,337.0,342.0,3182045035,1985023,320,338.0,343.0
2770,2017-11-20,345.0,345.0,339.0,341.0,1304760743,814894,169,342.0,339.0
2771,2017-11-21,337.0,346.0,337.0,342.0,3212691020,2001205,298,341.0,337.0
2772,2017-11-22,338.0,342.0,337.0,339.0,2323580854,1460698,226,342.0,340.0
2773,2017-11-25,341.0,347.0,337.0,343.0,3548752395,2203780,339,339.0,341.0
2774,2017-11-26,341.0,341.0,338.0,339.0,1573288818,987369,188,343.0,339.0
2775,2017-11-28,339.0,356.0,339.0,352.0,15375909295,9295090,819,339.0,356.0
2776,2017-11-29,358.0,364.0,353.0,357.0,8543034914,5090020,631,352.0,356.0
2777,2017-12-02,355.0,373.0,347.0,367.0,11086835274,6429351,1112,357.0,366.0
2778,2017-12-03,371.0,371.0,354.0,358.0,2850109304,1697152,293,367.0,354.0
2779,2017-12-04,352.0,357.0,347.0,351.0,2017887723,1225642,179,358.0,349.0
2780,2017-12-05,350.0,352.0,347.0,348.0,1705475956,1042968,162,351.0,347.0
2781,2017-12-09,346.0,350.0,341.0,343.0,2970356042,1844438,306,348.0,346.0
2782,2017-12-10,342.0,347.0,341.0,343.0,2431206267,1509781,254,343.0,343.0
2783,2017-12-11,345.0,347.0,341.0,343.0,5478395130,3404967,355,343.0,342.0
2784,2017-12-12,349.0,359.0,344.0,353.0,9383662690,5659303,667,343.0,357.0
2785,2017-12-13,356.0,358.0,348.0,353.0,3910548252,2359031,324,353.0,349.0
2786,2017-12-16,347.0,354.0,345.0,349.0,2619636051,1599827,283,353.0,348.0
2787,2017-12-17,352.0,352.0,346.0,349.0,4362989772,2665871,321,349.0,348.0
2788,2017-12-18,351.0,351.0,341.0,343.0,5592501991,3468350,473,349.0,341.0
2789,2017-12-19,342.0,360.0,342.0,355.0,20839062353,12503642,998,343.0,360.0
2790,2017-12-20,365.0,373.0,365.0,372.0,22806856617,13061208,1032,355.0,373.0
2791,2017-12-23,381.0,388.0,373.0,381.0,16594043902,9278036,1009,372.0,377.0
2792,2017-12-24,377.0,380.0,367.0,373.0,8064901241,4609308,523,381.0,371.0
2793,2017-12-25,369.0,383.0,369.0,377.0,10321165744,5830942,537,373.0,375.0
2794,2017-12-26,377.0,377.0,362.0,366.0,3954054927,2301133,316,377.0,362.0
2795,2017-12-27,362.0,371.0,358.0,361.0,2021436552,1192226,220,366.0,360.0
2796,2017-12-30,359.0,360.0,347.0,354.0,4634168922,2791007,277,361.0,360.0
2797,2017-12-31,347.0,348.0,336.0,340.0,12825566383,8046484,741,354.0,341.0
2798,2018-01-01,339.0,351.0,339.0,345.0,5545451381,3427337,380,340.0,342.0
2799,2018-01-02,344.0,347.0,339.0,343.0,2127138493,1322704,226,345.0,342.0
2800,2018-01-03,343.0,344.0,338.0,340.0,1155108278,722757,171,343.0,342.0
2801,2018-01-06,347.0,354.0,345.0,348.0,3006454392,1842111,194,340.0,345.0
2802,2018-01-07,347.0,348.0,344.0,345.0,2218370556,1369049,203,348.0,345.0
2803,2018-01-08,345.0,350.0,345.0,347.0,1626112823,999416,157,345.0,345.0
2804,2018-01-09,344.0,347.0,341.0,341.0,3234955746,2019750,306,347.0,341.0
2805,2018-01-10,341.0,346.0,340.0,343.0,2070166918,1287477,192,341.0,343.0
2806,2018-01-13,345.0,347.0,341.0,344.0,3433812150,2129464,216,343.0,343.0
2807,2018-01-14,342.0,349.0,341.0,346.0,3298788288,2034219,271,344.0,346.0
2808,2018-01-15,343.0,361.0,343.0,354.0,9611238265,5777961,621,346.0,349.0
2809,2018-01-16,350.0,356.0,349.0,350.0,2892505129,1759331,232,354.0,349.0
2810,2018-01-17,350.0,353.0,344.0,348.0,3336237940,2044678,255,350.0,347.0
2811,2018-01-20,353.0,353.0,342.0,343.0,2434781047,1511556,236,348.0,343.0
2812,2018-01-21,342.0,342.0,339.0,340.0,3555564196,2231057,327,343.0,339.0
2813,2018-01-22,341.0,351.0,341.0,346.0,4030870190,2480963,329,340.0,343.0
2814,2018-01-23,348.0,348.0,342.0,343.0,2378345166,1476117,238,346.0,342.0
2815,2018-01-24,343.0,346.0,341.0,342.0,2667686953,1662164,251,343.0,343.0
2816,2018-01-27,343.0,344.0,341.0,341.0,2366118195,1477854,178,342.0,341.0
2817,2018-01-28,343.0,343.0,340.0,341.0,1804828466,1127905,161,341.0,342.0
2818,2018-01-29,341.0,343.0,340.0,341.0,4081721181,2549402,232,341.0,341.0
2819,2018-01-30,341.0,344.0,341.0,342.0,1599688341,996927,132,341.0,343.0
2820,2018-01-31,342.0,359.0,342.0,355.0,15609987330,9368398,1002,342.0,359.0
2821,2018-02-03,360.0,371.0,349.0,363.0,12739690904,7480288,950,355.0,356.0
2822,2018-02-04,354.0,356.0,345.0,349.0,5137160911,3139149,420,363.0,346.0
2823,2018-02-05,346.0,356.0,344.0,353.0,4802552166,2897361,413,349.0,354.0
2824,2018-02-06,363.0,363.0,350.0,355.0,2509700194,1505679,277,353.0,353.0
2825,2018-02-07,362.0,364.0,353.0,357.0,4680692250,2795487,332,355.0,354.0
2826,2018-02-10,352.0,352.0,342.0,346.0,1820987998,1122444,230,357.0,349.0
2827,2018-02-12,352.0,354.0,346.0,348.0,2602456465,1594953,179,346.0,349.0
2828,2018-02-13,348.0,354.0,348.0,350.0,1440444798,877409,159,348.0,349.0
2829,2018-02-14,348.0,348.0,345.0,347.0,3535303832,2172094,285,350.0,345.0
2830,2018-02-17,349.0,349.0,341.0,342.0,4775896674,2971424,364,347.0,343.0
2831,2018-02-18,349.0,349.0,343.0,344.0,1175889787,727751,137,342.0,343.0
2832,2018-02-19,343.0,349.0,343.0,344.0,2071599885,1282306,161,344.0,343.0
2833,2018-02-21,343.0,344.0,341.0,342.0,4213228175,2627735,312,344.0,343.0
2834,2018-02-24,346.0,346.0,341.0,342.0,8295268120,5166100,409,342.0,342.0
2835,2018-02-25,342.0,343.0,341.0,342.0,1714285296,1067728,186,342.0,342.0
2836,2018-02-26,343.0,345.0,341.0,343.0,1954731904,1212334,132,342.0,343.0
2837,2018-02-27,344.0,344.0,338.0,341.0,5335042709,3333595,368,343.0,338.0
2838,2018-02-28,341.0,341.0,334.0,336.0,8576489979,5434043,659,341.0,335.0
2839,2018-03-03,336.0,337.0,327.0,331.0,12268982428,7907632,762,336.0,333.0
2840,2018-03-04,329.0,341.0,327.0,340.0,9896298706,6194634,463,331.0,341.0
2841,2018-03-05,340.0,341.0,333.0,338.0,3593329035,2263281,194,340.0,341.0
2842,2018-03-06,341.0,341.0,335.0,339.0,2663115020,1671672,174,338.0,338.0
2843,2018-03-07,334.0,339.0,331.0,334.0,1580821725,1009069,182,339.0,332.0
2844,2018-03-10,332.0,334.0,324.0,329.0,1621589487,1049847,218,334.0,326.0
2845,2018-03-11,324.0,332.0,322.0,328.0,3086757634,2005055,265,329.0,324.0
2846,2018-03-12,324.0,337.0,323.0,328.0,2663988225,1728757,197,328.0,325.0
2847,2018-03-13,326.0,330.0,326.0,330.0,1379544501,891660,112,328.0,329.0
2848,2018-03-14,330.0,337.0,326.0,332.0,3921243913,2519242,283,330.0,336.0
2849,2018-03-17,336.0,336.0,329.0,330.0,1655602756,1067691,134,332.0,330.0
2850,2018-03-18,332.0,336.0,330.0,333.0,841976529,537533,116,330.0,333.0
2851,2018-03-19,337.0,339.0,333.0,335.0,1430359410,908577,143,333.0,338.0
2852,2018-03-25,339.0,342.0,336.0,338.0,723641795,455281,88,335.0,337.0
2853,2018-03-26,337.0,341.0,333.0,338.0,2029247617,1278033,168,338.0,341.0
2854,2018-03-27,338.0,338.0,334.0,338.0,147608758,93774,45,338.0,336.0
2855,2018-03-28,334.0,338.0,334.0,336.0,1542875305,977145,135,338.0,338.0
2856,2018-04-03,334.0,339.0,329.0,331.0,1011460127,651659,127,336.0,330.0
2857,2018-04-04,329.0,332.0,327.0,330.0,1219904222,787702,130,331.0,331.0
2858,2018-04-07,330.0,331.0,325.0,327.0,1677836695,1092913,167,330.0,325.0
2859,2018-04-08,325.0,326.0,313.0,320.0,2889988885,1923727,298,327.0,316.0
2860,2018-04-09,321.0,321.0,306.0,309.0,4177511063,2880174,299,320.0,308.0
2861,2018-04-10,308.0,320.0,306.0,315.0,3480291176,2355060,202,309.0,318.0
2862,2018-04-11,320.0,328.0,307.0,316.0,3531658288,2381625,250,315.0,319.0
2863,2018-04-15,321.0,324.0,300.0,309.0,2517182821,1733374,209,316.0,309.0
2864,2018-04-16,306.0,315.0,306.0,309.0,695517363,479859,80,309.0,308.0
2865,2018-04-17,308.0,317.0,307.0,313.0,1451144259,988650,128,309.0,317.0
2866,2018-04-18,318.0,320.0,311.0,317.0,1399157293,941286,132,313.0,313.0
2867,2018-04-21,314.0,319.0,314.0,316.0,846307576,570743,58,317.0,315.0
2868,2018-04-22,319.0,320.0,307.0,310.0,1239043449,851162,111,316.0,308.0
2869,2018-04-23,309.0,317.0,307.0,311.0,1512970804,1034794,161,310.0,317.0
2870,2018-04-24,316.0,321.0,311.0,318.0,2281493849,1526786,170,311.0,316.0
2871,2018-04-25,320.0,326.0,316.0,321.0,1365979306,905801,176,318.0,321.0
2872,2018-04-28,317.0,322.0,310.0,315.0,903829466,611725,111,321.0,310.0
2873,2018-04-29,307.0,319.0,307.0,311.0,518610022,358401,71,315.0,307.0
2874,2018-04-30,307.0,314.0,307.0,311.0,254169128,173948,33,311.0,310.0
2875,2018-05-01,307.0,308.0,306.0,308.0,797080134,553344,98,311.0,307.0
2876,2018-05-05,307.0,320.0,307.0,317.0,4547977505,3053221,244,308.0,316.0
2877,2018-05-06,317.0,320.0,307.0,313.0,4399723837,3000091,213,317.0,314.0
2878,2018-05-07,314.0,320.0,306.0,318.0,5084172648,3409599,242,313.0,312.0
2879,2018-05-08,320.0,322.0,308.0,315.0,4372939633,2956290,253,318.0,313.0
2880,2018-05-09,307.0,320.0,306.0,313.0,3651573482,2482822,207,315.0,308.0
2881,2018-05-12,311.0,319.0,308.0,314.0,2528981601,1713615,144,313.0,319.0
2882,2018-05-13,318.0,320.0,311.0,318.0,3284964301,2203115,185,314.0,316.0
2883,2018-05-14,315.0,328.0,311.0,321.0,5904359222,3917604,359,318.0,320.0
2884,2018-05-15,320.0,329.0,317.0,321.0,2831266451,1880715,174,321.0,326.0
2885,2018-05-16,320.0,323.0,319.0,320.0,2341511051,1558562,133,321.0,320.0
2886,2018-05-19,326.0,327.0,318.0,323.0,4027407335,2654708,267,320.0,320.0
2887,2018-05-20,320.0,322.0,318.0,320.0,1554444445,1034307,141,323.0,320.0
2888,2018-05-21,321.0,321.0,313.0,317.0,691897172,466068,108,320.0,314.0
2889,2018-05-22,312.0,313.0,309.0,311.0,937619686,642584,108,317.0,312.0
2890,2018-05-23,312.0,315.0,308.0,310.0,3522603117,2420941,300,311.0,308.0
2891,2018-05-26,309.0,309.0,306.0,307.0,2510066585,1742086,253,310.0,309.0
2892,2018-05-27,307.0,315.0,307.0,310.0,1625170661,1116128,190,307.0,309.0
2893,2018-05-28,309.0,310.0,307.0,309.0,601627326,415932,86,310.0,307.0
2894,2018-05-29,307.0,309.0,305.0,306.0,1164387305,809555,141,309.0,307.0
2895,2018-05-30,306.0,316.0,301.0,307.0,1856719056,1288973,223,306.0,303.0
2896,2018-06-02,303.0,307.0,302.0,303.0,2039734855,1433173,202,307.0,302.0
2897,2018-06-03,306.0,306.0,299.0,301.0,2301244535,1626386,294,303.0,301.0
2898,2018-06-09,303.0,303.0,296.0,298.0,6227883349,4445587,331,301.0,297.0
2899,2018-06-10,303.0,303.0,294.0,297.0,3594497900,2581045,300,298.0,294.0
2900,2018-06-11,297.0,311.0,294.0,307.0,8336352920,5791039,615,297.0,311.0
2901,2018-06-12,313.0,316.0,308.0,312.0,2738270592,1867970,273,307.0,309.0
2902,2018-06-13,312.0,321.0,305.0,317.0,5840605096,3926055,455,312.0,316.0
2903,2018-06-17,322.0,333.0,322.0,331.0,9300788147,5978275,348,317.0,333.0
2904,2018-06-18,341.0,343.0,324.0,334.0,9960571487,6342597,640,331.0,324.0
2905,2018-06-19,328.0,351.0,327.0,347.0,11673913047,7164024,557,334.0,351.0
2906,2018-06-20,364.0,365.0,354.0,364.0,16867409112,9883643,641,347.0,365.0
2907,2018-06-23,367.0,373.0,352.0,362.0,17555226297,10344772,1046,364.0,360.0
2908,2018-06-24,362.0,376.0,356.0,365.0,15285153847,8913849,950,362.0,371.0
2909,2018-06-25,373.0,383.0,371.0,383.0,30621307830,17048713,1150,365.0,383.0
2910,2018-06-26,384.0,384.0,364.0,367.0,12008183737,6963250,668,383.0,364.0
2911,2018-06-27,362.0,363.0,349.0,351.0,10937350904,6638833,701,367.0,349.0
2912,2018-06-30,356.0,356.0,333.0,339.0,8054273457,5058170,552,351.0,343.0
2913,2018-07-01,346.0,347.0,335.0,342.0,6547733176,4078299,437,339.0,342.0
2914,2018-07-02,341.0,349.0,340.0,344.0,3747858837,2319011,286,342.0,343.0
2915,2018-07-03,348.0,354.0,342.0,349.0,4481514694,2734909,421,344.0,346.0
2916,2018-07-10,347.0,357.0,333.0,340.0,4284427850,2955201,460,349.0,340.0
2917,2018-07-11,346.0,352.0,336.0,346.0,6116741283,4146836,641,340.0,340.0
2918,2018-07-14,335.0,352.0,333.0,337.0,2479979662,1728643,301,346.0,333.0
2919,2018-07-15,337.0,337.0,326.0,329.0,2848851808,2027060,364,337.0,328.0
2920,2018-07-16,331.0,331.0,317.0,325.0,3485877564,2515179,448,329.0,317.0
2921,2018-07-17,316.0,335.0,316.0,327.0,2454680756,1759406,257,325.0,328.0
2922,2018-07-18,322.0,333.0,322.0,327.0,2441274791,1752589,262,327.0,324.0
2923,2018-07-21,324.0,333.0,324.0,329.0,1539007208,1098853,212,327.0,329.0
2924,2018-07-22,333.0,333.0,324.0,328.0,3253560282,2323344,265,329.0,324.0
2925,2018-07-23,328.0,328.0,319.0,321.0,1474352581,1076233,200,328.0,320.0
2926,2018-07-24,323.0,327.0,317.0,318.0,1848265412,1360909,218,321.0,319.0
2927,2018-07-25,319.0,334.0,319.0,332.0,3733628500,2637574,288,318.0,334.0
2928,2018-07-28,337.0,348.0,337.0,348.0,11532167167,7775964,588,332.0,348.0
2929,2018-07-29,355.0,355.0,338.0,345.0,6382686744,4340814,423,348.0,343.0
2930,2018-07-30,341.0,362.0,341.0,360.0,13028435321,8478602,767,345.0,362.0
2931,2018-07-31,374.0,378.0,367.0,378.0,12425424947,7718408,543,360.0,378.0
2932,2018-08-01,394.0,394.0,359.0,371.0,17114288122,10803302,1115,378.0,359.0
2933,2018-08-04,354.0,367.0,353.0,357.0,11852511072,7793104,921,371.0,353.0
2934,2018-08-05,357.0,373.0,343.0,366.0,12221145175,7835737,883,357.0,360.0
2935,2018-08-06,380.0,380.0,360.0,371.0,16847123215,10644896,1150,366.0,363.0
2936,2018-08-07,367.0,373.0,353.0,362.0,13934422649,9017182,824,371.0,358.0
2937,2018-08-08,360.0,360.0,346.0,350.0,6206971109,4155263,546,362.0,348.0
2938,2018-08-11,349.0,352.0,335.0,340.0,6546818930,4510173,525,350.0,340.0
2939,2018-08-12,340.0,352.0,340.0,348.0,4821896567,3244312,319,340.0,349.0
2940,2018-08-13,352.0,360.0,340.0,352.0,4833955798,3216045,392,348.0,355.0
2941,2018-08-14,352.0,359.0,345.0,352.0,3614636293,2406542,333,352.0,352.0
2942,2018-08-15,352.0,352.0,340.0,343.0,4125732862,2821164,346,352.0,345.0
2943,2018-08-18,344.0,349.0,338.0,340.0,7167335221,4936714,514,343.0,340.0
2944,2018-08-19,345.0,348.0,340.0,343.0,5740236663,3919952,470,340.0,345.0
2945,2018-08-20,347.0,360.0,347.0,359.0,24009429288,15697678,913,343.0,360.0
2946,2018-08-21,376.0,376.0,373.0,376.0,19776653538,12323666,550,359.0,376.0
2947,2018-08-25,395.0,395.0,395.0,395.0,7220225000,4285000,241,376.0,395.0
2948,2018-08-26,415.0,415.0,415.0,415.0,2323754862,1313598,56,395.0,415.0
2949,2018-08-27,435.0,451.0,414.0,428.0,45769253427,25079787,2113,415.0,423.0
2950,2018-08-28,408.0,417.0,407.0,408.0,26393945800,15157082,1182,428.0,407.0
2951,2018-08-29,407.0,429.0,403.0,423.0,19787055431,10969363,811,408.0,429.0
2952,2018-09-01,441.0,444.0,414.0,434.0,24311367760,13139925,1146,423.0,427.0
2953,2018-09-02,427.0,430.0,412.0,416.0,12639217613,7119095,679,434.0,421.0
2954,2018-09-03,426.0,434.0,418.0,427.0,12558612449,6900955,682,416.0,422.0
2955,2018-09-04,428.0,438.0,421.0,430.0,14307320450,7806590,594,427.0,424.0
2956,2018-09-05,423.0,438.0,421.0,429.0,16292407717,8898454,698,430.0,438.0
2957,2018-09-08,439.0,451.0,439.0,450.0,8689385699,4532729,354,429.0,451.0
2958,2018-09-09,472.0,472.0,472.0,472.0,1393149040,692420,85,450.0,472.0
2959,2018-09-10,495.0,495.0,495.0,495.0,1480746432,701111,71,472.0,495.0
2960,2018-09-11,520.0,520.0,520.0,516.0,1234175079,556687,50,495.0,520.0
2961,2018-09-12,542.0,569.0,542.0,565.0,7194405249,2987759,115,516.0,569.0
2962,2018-09-17,582.0,611.0,553.0,596.0,107633740241,42343284,2552,565.0,611.0
2963,2018-09-18,624.0,624.0,566.0,582.0,46743634972,18840268,1758,596.0,577.0
2964,2018-09-22,586.0,602.0,568.0,589.0,38589764313,15370382,1431,582.0,579.0
2965,2018-09-23,593.0,618.0,581.0,607.0,48437450420,18725483,1670,589.0,618.0
2966,2018-09-24,637.0,637.0,637.0,637.0,3256421532,1198977,146,607.0,637.0
2967,2018-09-25,669.0,669.0,666.0,669.0,38460938967,13490378,628,637.0,669.0
2968,2018-09-26,675.0,702.0,670.0,698.0,43674053205,14667303,767,669.0,701.0
2969,2018-09-29,733.0,770.0,733.0,767.0,49893328057,15264056,1128,698.0,770.0
2970,2018-09-30,797.0,804.0,756.0,776.0,123108876742,37211032,4582,767.0,775.0
2971,2018-10-01,785.0,785.0,737.0,741.0,94366880941,29859466,2572,776.0,737.0
2972,2018-10-02,715.0,718.0,704.0,707.0,11020539356,3653973,305,741.0,704.0
2973,2018-10-03,672.0,672.0,672.0,672.0,20279234202,7075797,553,707.0,672.0
2974,2018-10-06,657.0,703.0,639.0,654.0,61137660768,21927813,1591,672.0,639.0
2975,2018-10-07,621.0,645.0,621.0,626.0,51339222058,19239342,1063,654.0,621.0
2976,2018-10-08,595.0,644.0,594.0,607.0,93104360642,35985159,2520,626.0,628.0
2977,2018-10-09,637.0,637.0,610.0,634.0,36870194140,13630397,841,607.0,630.0
2978,2018-10-10,638.0,664.0,621.0,644.0,48972925192,17831326,1463,634.0,633.0
2979,2018-10-13,643.0,643.0,612.0,612.0,50046581376,19173187,817,644.0,612.0
2980,2018-10-14,612.0,643.0,612.0,639.0,24262835268,8906045,568,612.0,640.0
2981,2018-10-15,671.0,671.0,659.0,671.0,17153406631,5995771,346,639.0,671.0
2982,2018-10-16,704.0,704.0,680.0,703.0,127090166893,42392655,2064,671.0,704.0
2983,2018-10-17,704.0,738.0,704.0,730.0,62781430118,20175224,1882,703.0,738.0
2984,2018-10-20,766.0,766.0,766.0,738.0,504225513,154339,28,730.0,766.0
2985,2018-10-21,772.0,810.0,772.0,803.0,145627319945,42546874,3240,738.0,810.0
2986,2018-10-22,794.0,838.0,774.0,800.0,89072602132,26119137,2969,803.0,807.0
2987,2018-10-23,816.0,816.0,763.0,790.0,60052004075,17819529,1478,800.0,776.0
2988,2018-10-24,790.0,790.0,751.0,759.0,41039248373,12680626,1189,790.0,751.0
2989,2018-10-27,730.0,756.0,721.0,724.0,16752398941,5425342,757,759.0,721.0
2990,2018-10-28,724.0,738.0,697.0,715.0,26538642036,8698031,929,724.0,727.0
2991,2018-10-29,729.0,750.0,726.0,738.0,14923030310,4741395,499,715.0,737.0
2992,2018-10-31,727.0,749.0,711.0,725.0,10099639346,3268554,424,738.0,722.0
2993,2018-11-03,704.0,761.0,704.0,752.0,21229437199,6621739,490,725.0,761.0
2994,2018-11-04,788.0,789.0,761.0,787.0,75855459086,22594163,1639,752.0,789.0
2995,2018-11-05,820.0,826.0,805.0,824.0,31963422519,9093316,633,787.0,826.0
2996,2018-11-06,857.0,900.0,844.0,869.0,62792766244,16942912,1500,824.0,867.0
2997,2018-11-10,868.0,868.0,826.0,830.0,49939132581,14103435,1351,869.0,828.0
2998,2018-11-11,801.0,856.0,789.0,829.0,77545957123,21930939,1424,830.0,837.0
2999,2018-11-12,821.0,858.0,801.0,832.0,61133260469,17232889,1159,829.0,858.0
3000,2018-11-13,873.0,873.0,873.0,873.0,26091189348,7006227,337,832.0,873.0
3001,2018-11-14,917.0,917.0,891.0,916.0,130834140397,33474978,1640,873.0,917.0
3002,2018-11-17,938.0,962.0,919.0,957.0,52636271095,12890016,840,916.0,962.0
3003,2018-11-18,979.0,979.0,910.0,919.0,96075621321,24519560,1605,957.0,910.0
3004,2018-11-19,891.0,961.0,891.0,941.0,42496108421,10594555,1112,919.0,929.0
3005,2018-11-20,938.0,987.0,923.0,973.0,67061634223,16157312,1179,941.0,987.0
3006,2018-11-21,1020.0,1020.0,934.0,976.0,59247684856,14228630,1582,973.0,961.0
3007,2018-11-24,931.0,950.0,928.0,928.0,39630113686,10010082,584,976.0,928.0
3008,2018-11-26,882.0,894.0,882.0,882.0,51236703675,13614880,936,928.0,891.0
3009,2018-11-27,887.0,926.0,887.0,907.0,7958322874,2057714,457,882.0,896.0
3010,2018-11-28,896.0,911.0,863.0,890.0,20348710975,5363987,515,907.0,908.0
3011,2018-12-01,891.0,902.0,860.0,883.0,23366094312,6205566,600,890.0,890.0
3012,2018-12-02,891.0,927.0,891.0,923.0,28979642540,7359824,673,883.0,927.0
3013,2018-12-03,961.0,968.0,938.0,953.0,18314422536,4508735,710,923.0,938.0
3014,2018-12-04,947.0,962.0,906.0,945.0,43358126685,10761780,870,953.0,937.0
3015,2018-12-05,954.0,992.0,938.0,987.0,71042211327,16887521,1198,945.0,992.0
3016,2018-12-10,1037.0,1088.0,1037.0,1080.0,161141422706,34995095,2460,987.0,1055.0
3017,2018-12-11,1073.0,1076.0,1026.0,1044.0,41471846900,9316841,1019,1080.0,1055.0
3018,2018-12-12,1029.0,1055.0,998.0,1021.0,15220500549,3495304,576,1044.0,1008.0
3019,2018-12-15,993.0,1067.0,973.0,1031.0,28005281153,6369674,763,1021.0,1055.0
3020,2018-12-16,1055.0,1067.0,1018.0,1048.0,13844686187,3097645,494,1031.0,1044.0
3021,2018-12-17,1052.0,1088.0,1038.0,1057.0,16217069032,3596384,420,1048.0,1052.0
3022,2018-12-18,1044.0,1067.0,1016.0,1044.0,10749019870,2413883,457,1057.0,1034.0
3023,2018-12-19,1032.0,1053.0,1004.0,1023.0,8534658593,1957139,398,1044.0,1011.0
3024,2018-12-22,990.0,1029.0,976.0,991.0,6788309180,1606203,315,1023.0,978.0
3025,2018-12-23,997.0,1022.0,997.0,1009.0,11085728536,2576713,368,991.0,1006.0
3026,2018-12-24,1015.0,1027.0,988.0,1006.0,9374356428,2185784,311,1009.0,1020.0
3027,2018-12-25,1004.0,1056.0,990.0,1046.0,35200686344,7888570,792,1006.0,1056.0
3028,2018-12-26,1087.0,1099.0,1067.0,1097.0,19714507348,4215804,442,1046.0,1099.0
3029,2018-12-29,1116.0,1172.0,1116.0,1151.0,35105576919,7151122,899,1097.0,1142.0
3030,2018-12-30,1147.0,1158.0,1105.0,1146.0,24322816574,4977637,642,1151.0,1133.0
3031,2018-12-31,1144.0,1144.0,1093.0,1111.0,12516103739,2642250,455,1146.0,1115.0
3032,2019-01-02,1114.0,1161.0,1114.0,1139.0,27503538241,5660995,668,1111.0,1126.0
3033,2019-01-05,1144.0,1144.0,1102.0,1121.0,13354448884,2793780,437,1139.0,1109.0
3034,2019-01-06,1125.0,1125.0,1079.0,1091.0,8760330788,1882405,383,1121.0,1088.0
3035,2019-01-07,1102.0,1123.0,1074.0,1108.0,18477853764,3912092,559,1091.0,1105.0
3036,2019-01-08,1105.0,1126.0,1102.0,1111.0,12588136529,2657734,428,1108.0,1103.0
3037,2019-01-09,1126.0,1126.0,1097.0,1103.0,9614212789,2043478,359,1111.0,1102.0
3038,2019-01-12,1102.0,1132.0,1055.0,1082.0,17549426764,3804926,613,1103.0,1067.0
3039,2019-01-13,1038.0,1100.0,1038.0,1087.0,24063873627,5193176,505,1082.0,1100.0
3040,2019-01-14,1090.0,1126.0,1090.0,1114.0,8785718756,1849457,356,1087.0,1125.0
3041,2019-01-15,1149.0,1149.0,1092.0,1113.0,19867780836,4184911,607,1114.0,1092.0
3042,2019-01-16,1079.0,1100.0,1060.0,1071.0,20451850351,4476081,655,1113.0,1076.0
3043,2019-01-19,1079.0,1109.0,1067.0,1083.0,18393328217,3983624,506,1071.0,1073.0
3044,2019-01-20,1095.0,1137.0,1057.0,1123.0,91173317219,19047576,1306,1083.0,1137.0
3045,2019-01-21,1148.0,1173.0,1105.0,1147.0,101484758007,20754668,1347,1123.0,1141.0
3046,2019-01-22,1149.0,1149.0,1100.0,1112.0,15680208439,3305400,464,1147.0,1119.0
3047,2019-01-23,1135.0,1140.0,1081.0,1110.0,14520950899,3068954,480,1112.0,1102.0
3048,2019-01-26,1091.0,1135.0,1079.0,1105.0,6922855098,1468584,251,1110.0,1107.0
3049,2019-01-27,1120.0,1120.0,1067.0,1085.0,15697786949,3391861,353,1105.0,1067.0
3050,2019-01-28,1067.0,1114.0,1067.0,1101.0,7628862384,1624397,309,1085.0,1082.0
3051,2019-01-29,1101.0,1101.0,1054.0,1072.0,11944551175,2611771,330,1101.0,1079.0
3052,2019-01-30,1060.0,1114.0,1055.0,1104.0,24164394661,5132760,400,1072.0,1114.0
3053,2019-02-02,1125.0,1126.0,1080.0,1100.0,3007939135,641312,154,1104.0,1082.0
3054,2019-02-03,1072.0,1102.0,1045.0,1063.0,6500385943,1434280,224,1100.0,1078.0
3055,2019-02-04,1055.0,1078.0,1039.0,1055.0,5116433937,1137480,232,1063.0,1047.0
3056,2019-02-05,1060.0,1060.0,1026.0,1041.0,5789741118,1304112,221,1055.0,1041.0
3057,2019-02-06,1031.0,1051.0,1010.0,1042.0,4932865314,1109738,198,1041.0,1037.0
3058,2019-02-10,1037.0,1055.0,997.0,1012.0,3214670696,745007,195,1042.0,999.0
3059,2019-02-12,999.0,999.0,962.0,974.0,8213348759,1977302,325,1012.0,973.0
3060,2019-02-13,973.0,983.0,933.0,946.0,10558155711,2617629,422,974.0,948.0
3061,2019-02-16,971.0,993.0,962.0,984.0,11909474104,2837707,364,946.0,993.0
3062,2019-02-17,1023.0,1033.0,997.0,1017.0,6291142822,1451097,321,984.0,1018.0
3063,2019-02-18,1029.0,1032.0,990.0,1014.0,5410986904,1251282,173,1017.0,1001.0
3064,2019-02-19,990.0,1008.0,970.0,993.0,7939909458,1875422,204,1014.0,985.0
3065,2019-02-20,978.0,1010.0,961.0,991.0,9971514769,2360066,342,993.0,991.0
3066,2019-02-23,1006.0,1022.0,985.0,1006.0,9464371275,2206408,287,991.0,994.0
3067,2019-02-24,1008.0,1024.0,982.0,997.0,6692621067,1573671,213,1006.0,985.0
3068,2019-02-25,994.0,994.0,961.0,975.0,7414832039,1784147,314,997.0,961.0
3069,2019-02-26,973.0,973.0,938.0,941.0,3635393944,905951,291,975.0,941.0
3070,2019-02-27,938.0,966.0,894.0,916.0,9088706944,2327787,376,941.0,932.0
3071,2019-03-02,942.0,942.0,896.0,912.0,5776551712,1485092,262,916.0,914.0
3072,2019-03-03,910.0,958.0,903.0,943.0,4429677053,1101340,193,912.0,958.0
3073,2019-03-04,987.0,988.0,963.0,981.0,6634862842,1586609,332,943.0,985.0
3074,2019-03-05,990.0,1007.0,969.0,981.0,5427854548,1297494,205,981.0,973.0
3075,2019-03-06,952.0,997.0,952.0,981.0,3076945111,735438,190,981.0,988.0
3076,2019-03-09,985.0,1007.0,964.0,979.0,1857535046,444765,133,981.0,966.0
3077,2019-03-10,979.0,986.0,955.0,970.0,4541007356,1098152,220,979.0,957.0
3078,2019-03-11,971.0,1018.0,955.0,993.0,175103805901,41368923,1618,970.0,1018.0
3079,2019-03-12,1020.0,1023.0,966.0,999.0,11212066736,2631833,439,993.0,976.0
3080,2019-03-13,964.0,1001.0,950.0,961.0,20576085082,5021294,628,999.0,952.0
3081,2019-03-16,977.0,985.0,938.0,962.0,13729751162,3347572,642,961.0,940.0
3082,2019-03-17,963.0,972.0,936.0,947.0,23016260092,5701420,650,962.0,949.0
3083,2019-03-18,957.0,964.0,942.0,952.0,4101907666,1010288,247,947.0,954.0
3084,2019-03-19,954.0,965.0,939.0,951.0,6556817151,1616858,300,952.0,947.0
3085,2019-03-25,961.0,966.0,947.0,957.0,2575317113,631268,176,951.0,952.0
3086,2019-03-26,957.0,978.0,938.0,950.0,11092263406,2737611,464,957.0,964.0
3087,2019-03-27,977.0,977.0,953.0,960.0,3189123279,778823,142,950.0,957.0
3088,2019-03-30,971.0,979.0,945.0,969.0,11223206095,2716264,479,960.0,979.0
3089,2019-03-31,978.0,985.0,938.0,952.0,28565869781,7036110,812,969.0,957.0
3090,2019-04-06,961.0,972.0,949.0,957.0,10190276950,2495589,423,952.0,964.0
3091,2019-04-07,962.0,973.0,919.0,943.0,19421165252,4828763,779,957.0,931.0
3092,2019-04-08,938.0,961.0,936.0,949.0,19314295590,4773679,584,943.0,959.0
3093,2019-04-09,961.0,969.0,943.0,958.0,26577211319,6506928,610,949.0,950.0
3094,2019-04-10,946.0,985.0,945.0,971.0,33734501046,8148352,960,958.0,983.0
3095,2019-04-13,985.0,1019.0,985.0,1019.0,112284510467,25846113,1537,971.0,1019.0
3096,2019-04-14,1054.0,1065.0,1022.0,1044.0,34838630337,7825129,1122,1019.0,1029.0
3097,2019-04-15,1037.0,1066.0,997.0,1036.0,43590684279,9870427,1431,1044.0,1013.0
3098,2019-04-16,1031.0,1031.0,984.0,997.0,32434836810,7626829,1034,1036.0,984.0
3099,2019-04-17,983.0,1005.0,953.0,976.0,14378214110,3456577,630,997.0,973.0
3100,2019-04-20,960.0,1015.0,957.0,991.0,18494515105,4378238,640,976.0,996.0
3101,2019-04-22,1022.0,1022.0,957.0,976.0,31394870053,7538720,831,991.0,963.0
3102,2019-04-23,966.0,997.0,966.0,983.0,14446098981,3447491,510,976.0,984.0
3103,2019-04-24,984.0,1029.0,983.0,1010.0,25435990194,5904993,738,983.0,1029.0
3104,2019-04-27,1010.0,1061.0,1010.0,1054.0,53029967853,11802774,872,1010.0,1061.0
3105,2019-04-28,1096.0,1106.0,1069.0,1095.0,43271691114,9264055,963,1054.0,1106.0
3106,2019-04-29,1140.0,1150.0,1119.0,1148.0,117696566962,24034868,1300,1095.0,1150.0
3107,2019-04-30,1189.0,1206.0,1093.0,1178.0,83440850259,16609242,1279,1148.0,1168.0
3108,2019-05-01,1173.0,1226.0,1152.0,1186.0,46064151064,9110016,1094,1178.0,1162.0
3109,2019-05-04,1208.0,1208.0,1162.0,1180.0,35606949745,7078937,1128,1186.0,1182.0
3110,2019-05-05,1208.0,1238.0,1128.0,1186.0,38311272672,7575193,928,1180.0,1164.0
3111,2019-05-06,1173.0,1187.0,1127.0,1137.0,45117940763,9303423,564,1186.0,1127.0
3112,2019-05-07,1084.0,1146.0,1081.0,1083.0,41474925516,8977970,688,1137.0,1081.0
3113,2019-05-08,1048.0,1138.0,1032.0,1112.0,50959910329,10745874,675,1083.0,1138.0
3114,2019-05-11,1168.0,1168.0,1137.0,1166.0,129825978348,26100684,1271,1112.0,1168.0
3115,2019-05-12,1177.0,1225.0,1126.0,1206.0,148101056859,28794921,2341,1166.0,1225.0
3116,2019-05-13,1266.0,1266.0,1266.0,1266.0,49613261400,9187641,390,1206.0,1266.0
3117,2019-05-14,1330.0,1330.0,1245.0,1322.0,257359296163,45648677,2766,1266.0,1266.0
3118,2019-05-15,1264.0,1322.0,1256.0,1265.0,74901427942,13881555,1489,1322.0,1256.0
3119,2019-05-18,1231.0,1255.0,1203.0,1221.0,59736383654,11470671,1604,1265.0,1203.0
3120,2019-05-19,1175.0,1282.0,1175.0,1277.0,82599302105,15167179,1072,1221.0,1282.0
3121,2019-05-20,1325.0,1327.0,1266.0,1311.0,97398671984,17425413,2685,1277.0,1290.0
3122,2019-05-21,1313.0,1372.0,1279.0,1337.0,65285277469,11451624,2021,1311.0,1323.0
3123,2019-05-22,1336.0,1336.0,1270.0,1285.0,48561183312,8860387,1743,1337.0,1280.0
3124,2019-05-25,1255.0,1278.0,1221.0,1233.0,27750753631,5279846,1092,1285.0,1249.0
3125,2019-05-26,1241.0,1294.0,1221.0,1260.0,59477835028,11072709,1920,1233.0,1243.0
3126,2019-05-28,1271.0,1285.0,1231.0,1250.0,33750617283,6332685,1498,1260.0,1238.0
3127,2019-05-29,1238.0,1238.0,1196.0,1216.0,25466726043,4911167,1120,1250.0,1217.0
3128,2019-06-01,1196.0,1198.0,1155.0,1174.0,41341400670,8255077,1358,1216.0,1175.0
3129,2019-06-02,1196.0,1233.0,1196.0,1220.0,32698958872,6287198,1342,1174.0,1214.0
3130,2019-06-03,1210.0,1244.0,1198.0,1218.0,27961103106,5383558,1015,1220.0,1210.0
3131,2019-06-08,1222.0,1222.0,1173.0,1183.0,29024925712,5754027,977,1218.0,1180.0
3132,2019-06-09,1184.0,1214.0,1173.0,1183.0,37378193986,7410777,1350,1183.0,1184.0
3133,2019-06-10,1203.0,1207.0,1175.0,1187.0,33003844022,6518921,1171,1183.0,1203.0
3134,2019-06-11,1202.0,1204.0,1180.0,1189.0,31263868669,6167657,925,1187.0,1184.0
3135,2019-06-12,1194.0,1248.0,1187.0,1227.0,58344291725,11146689,1890,1189.0,1210.0
3136,2019-06-15,1194.0,1231.0,1182.0,1197.0,22857665713,4478336,880,1227.0,1188.0
3137,2019-06-16,1198.0,1243.0,1175.0,1209.0,32021973437,6213417,1013,1197.0,1180.0
3138,2019-06-17,1214.0,1214.0,1180.0,1189.0,12123408477,2390517,702,1209.0,1182.0
3139,2019-06-18,1210.0,1210.0,1146.0,1169.0,21406204631,4294865,937,1189.0,1156.0
3140,2019-06-19,1154.0,1191.0,1145.0,1154.0,24233748732,4926938,668,1169.0,1152.0
3141,2019-06-22,1152.0,1152.0,1096.0,1112.0,18361882682,3870954,712,1154.0,1112.0
3142,2019-06-23,1103.0,1147.0,1103.0,1126.0,15778152670,3285223,694,1112.0,1115.0
3143,2019-06-24,1135.0,1135.0,1112.0,1124.0,20078524603,4188246,898,1126.0,1126.0
3144,2019-06-25,1122.0,1176.0,1102.0,1153.0,18615766393,3787758,874,1124.0,1169.0
3145,2019-06-26,1170.0,1184.0,1151.0,1171.0,18608820151,3727855,806,1153.0,1176.0
3146,2019-06-30,1177.0,1194.0,1130.0,1161.0,28854971109,5825173,1222,1171.0,1145.0
3147,2019-07-03,1176.0,1219.0,1176.0,1200.0,3060892698,629834,179,1161.0,1203.0
3148,2019-07-06,1201.0,1202.0,1141.0,1155.0,20415170612,4365797,805,1200.0,1153.0
3149,2019-07-07,1154.0,1183.0,1153.0,1172.0,8960435127,1887405,406,1155.0,1173.0
3150,2019-07-08,1205.0,1205.0,1148.0,1172.0,9802875690,2065410,618,1172.0,1165.0
3151,2019-07-09,1149.0,1204.0,1144.0,1176.0,22241113293,4670523,800,1172.0,1203.0
3152,2019-07-10,1186.0,1222.0,1179.0,1200.0,9846585187,2026152,579,1176.0,1180.0
3153,2019-07-13,1200.0,1218.0,1166.0,1201.0,19038771534,3914747,848,1200.0,1216.0
3154,2019-07-14,1222.0,1230.0,1200.0,1216.0,13728153371,2787955,646,1201.0,1210.0
3155,2019-07-15,1207.0,1207.0,1155.0,1163.0,20648627844,4385796,968,1216.0,1155.0
3156,2019-07-16,1116.0,1139.0,1105.0,1112.0,5352335732,1188638,386,1163.0,1105.0
3157,2019-07-17,1062.0,1136.0,1062.0,1090.0,11770068454,2665951,690,1112.0,1074.0
3158,2019-07-20,1036.0,1111.0,1036.0,1070.0,14593636179,3367319,739,1090.0,1086.0
3159,2019-07-21,1109.0,1109.0,1077.0,1091.0,6025932818,1363569,449,1070.0,1084.0
3160,2019-07-22,1111.0,1146.0,1076.0,1128.0,9815494411,2148926,400,1091.0,1146.0
3161,2019-07-23,1160.0,1173.0,1099.0,1139.0,9982680407,2164576,654,1128.0,1126.0
3162,2019-07-24,1141.0,1156.0,1112.0,1127.0,10336999838,2265008,453,1139.0,1112.0
3163,2019-07-27,1111.0,1132.0,1071.0,1086.0,18119755910,4121154,674,1127.0,1084.0
3164,2019-07-28,1072.0,1111.0,1072.0,1090.0,7234257913,1639433,357,1086.0,1085.0
3165,2019-07-29,1092.0,1104.0,1046.0,1080.0,11611641118,2656778,472,1090.0,1104.0
3166,2019-07-30,1104.0,1111.0,1087.0,1105.0,6824971638,1525548,424,1080.0,1094.0
3167,2019-07-31,1123.0,1123.0,1082.0,1094.0,4773210556,1077427,382,1105.0,1094.0
3168,2019-08-03,1108.0,1124.0,1081.0,1102.0,8109886546,1817572,467,1094.0,1102.0
3169,2019-08-04,1102.0,1122.0,1090.0,1104.0,7071721260,1582168,370,1102.0,1106.0
3170,2019-08-05,1111.0,1111.0,1088.0,1096.0,8223868787,1853133,457,1104.0,1093.0
3171,2019-08-06,1110.0,1110.0,1050.0,1066.0,10183785961,2359498,714,1096.0,1065.0
3172,2019-08-07,1074.0,1083.0,1050.0,1075.0,14751003627,3390343,549,1066.0,1075.0
3173,2019-08-10,1067.0,1099.0,1067.0,1083.0,13287491744,3028710,702,1075.0,1084.0
3174,2019-08-11,1094.0,1094.0,1057.0,1067.0,14076917453,3258226,837,1083.0,1059.0
3175,2019-08-13,1062.0,1120.0,1062.0,1105.0,22431639973,5012650,1089,1067.0,1120.0
3176,2019-08-14,1160.0,1160.0,1145.0,1160.0,7805746108,1661943,285,1105.0,1160.0
3177,2019-08-17,1207.0,1218.0,1163.0,1189.0,31725330655,6588517,1339,1160.0,1183.0
3178,2019-08-18,1198.0,1198.0,1130.0,1168.0,15420652829,3259166,859,1189.0,1173.0
3179,2019-08-19,1185.0,1227.0,1168.0,1223.0,70759456101,14285111,1530,1168.0,1227.0
3180,2019-08-21,1260.0,1284.0,1235.0,1270.0,49911555649,9702383,2304,1223.0,1281.0
3181,2019-08-24,1279.0,1282.0,1235.0,1256.0,28619482918,5628793,1756,1270.0,1250.0
3182,2019-08-25,1259.0,1259.0,1193.0,1216.0,21847447820,4435867,1287,1256.0,1232.0
3183,2019-08-26,1210.0,1260.0,1210.0,1253.0,20044624312,3950717,864,1216.0,1252.0
3184,2019-08-27,1260.0,1260.0,1208.0,1225.0,37322883036,7523754,1368,1253.0,1210.0
3185,2019-08-28,1210.0,1241.0,1185.0,1208.0,18159433114,3711526,828,1225.0,1221.0
3186,2019-08-31,1221.0,1269.0,1210.0,1259.0,60016857827,11777877,1631,1208.0,1235.0
3187,2019-09-01,1252.0,1321.0,1235.0,1308.0,82458460715,15564938,1959,1259.0,1321.0
3188,2019-09-02,1314.0,1346.0,1243.0,1294.0,49806973541,9507750,1464,1308.0,1282.0
3189,2019-09-03,1252.0,1323.0,1247.0,1292.0,22527606045,4305696,935,1294.0,1279.0
3190,2019-09-04,1275.0,1306.0,1270.0,1282.0,18480786519,3559652,859,1292.0,1287.0
3191,2019-09-07,1285.0,1312.0,1269.0,1285.0,51714796181,9935813,1584,1282.0,1306.0
3192,2019-09-08,1334.0,1350.0,1334.0,1348.0,49306216917,9035245,610,1285.0,1350.0
3193,2019-09-11,1415.0,1415.0,1383.0,1415.0,140367268092,24502972,1186,1348.0,1415.0
3194,2019-09-14,1445.0,1486.0,1383.0,1453.0,172573430717,29330043,3568,1415.0,1486.0
3195,2019-09-15,1507.0,1526.0,1432.0,1503.0,114201856079,18768108,2636,1453.0,1507.0
3196,2019-09-16,1573.0,1573.0,1556.0,1572.0,5714883887,897874,163,1503.0,1568.0
3197,2019-09-21,1502.0,1544.0,1493.0,1494.0,38671127312,6391413,599,1572.0,1493.0
3198,2019-09-22,1445.0,1528.0,1440.0,1489.0,90118765484,14944074,2868,1494.0,1482.0
3199,2019-09-23,1516.0,1531.0,1454.0,1488.0,55938953686,9284244,1945,1489.0,1458.0
3200,2019-09-24,1472.0,1488.0,1414.0,1436.0,45654548863,7849187,2129,1488.0,1420.0
3201,2019-09-25,1468.0,1479.0,1408.0,1452.0,26550055551,4515409,1203,1436.0,1435.0
3202,2019-09-28,1438.0,1477.0,1415.0,1455.0,39117841407,6641131,1442,1452.0,1460.0
3203,2019-09-29,1469.0,1469.0,1426.0,1448.0,23654251752,4033011,1062,1455.0,1447.0
3204,2019-09-30,1448.0,1521.0,1447.0,1519.0,220916315169,35911981,1917,1448.0,1521.0
3205,2019-10-01,1546.0,1588.0,1455.0,1529.0,78192278309,12625383,2465,1519.0,1469.0
3206,2019-10-02,1469.0,1507.0,1455.0,1480.0,34894071434,5821375,1036,1529.0,1482.0
3207,2019-10-05,1517.0,1517.0,1406.0,1450.0,40984034701,6978500,1373,1480.0,1440.0
3208,2019-10-06,1427.0,1457.0,1383.0,1406.0,21812432330,3830621,827,1450.0,1396.0
3209,2019-10-07,1432.0,1457.0,1397.0,1426.0,29301641465,5074641,850,1406.0,1407.0
3210,2019-10-08,1410.0,1432.0,1355.0,1372.0,33559865379,6039753,862,1426.0,1355.0
3211,2019-10-09,1304.0,1408.0,1304.0,1350.0,32502733345,5947137,1087,1372.0,1395.0
3212,2019-10-12,1371.0,1417.0,1371.0,1410.0,19849468057,3477712,739,1350.0,1417.0
3213,2019-10-13,1441.0,1477.0,1374.0,1414.0,30625041214,5348093,985,1410.0,1383.0
3214,2019-10-14,1344.0,1393.0,1344.0,1356.0,22831254877,4158186,754,1414.0,1368.0
3215,2019-10-15,1299.0,1382.0,1288.0,1290.0,36685446815,7024623,624,1356.0,1309.0
3216,2019-10-16,1235.0,1316.0,1235.0,1300.0,18110174341,3439717,624,1290.0,1294.0
3217,2019-10-20,1294.0,1297.0,1235.0,1241.0,34152818488,6799566,734,1300.0,1236.0
3218,2019-10-21,1209.0,1302.0,1209.0,1263.0,13449014636,2628593,579,1241.0,1302.0
3219,2019-10-22,1302.0,1326.0,1264.0,1317.0,24271672778,4550910,611,1263.0,1311.0
3220,2019-10-23,1326.0,1326.0,1251.0,1262.0,10538454216,2062315,482,1317.0,1269.0
3221,2019-10-26,1297.0,1325.0,1272.0,1313.0,12154274888,2286326,588,1262.0,1324.0
3222,2019-10-28,1326.0,1378.0,1326.0,1377.0,59730417026,10715228,897,1313.0,1378.0
3223,2019-10-30,1420.0,1445.0,1400.0,1442.0,49014860562,8394115,919,1377.0,1445.0
3224,2019-11-02,1468.0,1514.0,1378.0,1480.0,60909370953,10163145,1491,1442.0,1514.0
3225,2019-11-03,1531.0,1554.0,1514.0,1549.0,173764904525,27705893,2190,1480.0,1539.0
3226,2019-11-04,1536.0,1538.0,1480.0,1502.0,43020126506,7071671,1273,1549.0,1507.0
3227,2019-11-05,1479.0,1528.0,1445.0,1483.0,24937228217,4153819,876,1502.0,1482.0
3228,2019-11-09,1448.0,1482.0,1438.0,1454.0,28241826931,4795663,627,1483.0,1465.0
3229,2019-11-10,1454.0,1501.0,1410.0,1451.0,23323561565,3968518,644,1454.0,1489.0
3230,2019-11-11,1497.0,1524.0,1487.0,1514.0,14806934823,2414786,462,1451.0,1524.0
3231,2019-11-12,1590.0,1590.0,1590.0,1590.0,65477782008,10170516,780,1514.0,1590.0
3232,2019-11-13,1629.0,1669.0,1590.0,1644.0,64062612857,9626451,1462,1590.0,1669.0
3233,2019-11-16,1726.0,1726.0,1665.0,1705.0,82004356886,11876751,2104,1644.0,1681.0
3234,2019-11-17,1621.0,1716.0,1620.0,1643.0,50049202671,7522185,1049,1705.0,1620.0
3235,2019-11-18,1587.0,1716.0,1587.0,1678.0,23509019448,3460187,705,1643.0,1642.0
3236,2019-11-19,1635.0,1756.0,1635.0,1712.0,34429297124,4965242,1004,1678.0,1684.0
3237,2019-11-20,1729.0,1729.0,1630.0,1651.0,30782315611,4605697,1185,1712.0,1647.0
3238,2019-11-23,1646.0,1701.0,1630.0,1658.0,21272610774,3168336,781,1651.0,1659.0
3239,2019-11-24,1694.0,1694.0,1603.0,1644.0,16299315295,2448212,673,1658.0,1666.0
3240,2019-11-25,1678.0,1726.0,1655.0,1709.0,34255385477,4951168,596,1644.0,1726.0
3241,2019-11-26,1794.0,1794.0,1755.0,1794.0,175198081287,24121482,1395,1709.0,1794.0
3242,2019-11-27,1865.0,1883.0,1815.0,1880.0,104565833332,13734513,1176,1794.0,1883.0
3243,2019-11-30,1974.0,2073.0,1969.0,2025.0,148786188781,18143894,2727,1880.0,2073.0
3244,2019-12-01,2098.0,2126.0,2025.0,2069.0,67339012563,8038454,2030,2025.0,2086.0
3245,2019-12-02,2119.0,2119.0,1966.0,1982.0,92478002354,11525474,2581,2069.0,2000.0
3246,2019-12-03,1929.0,2057.0,1928.0,1990.0,50494519535,6265756,1226,1982.0,1976.0
3247,2019-12-04,2013.0,2090.0,2000.0,2082.0,107998386433,12811719,1974,1990.0,2090.0
3248,2019-12-07,2147.0,2172.0,2085.0,2147.0,46736651914,5374923,1278,2082.0,2172.0
3249,2019-12-08,2173.0,2223.0,2099.0,2133.0,58950510570,6824435,1609,2147.0,2124.0
3250,2019-12-09,2149.0,2173.0,2027.0,2121.0,63953669012,7445988,1343,2133.0,2159.0
3251,2019-12-10,2167.0,2167.0,2050.0,2118.0,43960906335,5124642,1108,2121.0,2080.0
3252,2019-12-11,2050.0,2094.0,2043.0,2066.0,29233587309,3493925,811,2118.0,2076.0
3253,2019-12-14,2037.0,2170.0,2037.0,2136.0,44574161596,5153401,1225,2066.0,2170.0
3254,2019-12-15,2221.0,2233.0,2139.0,2189.0,51533087853,5814077,1264,2136.0,2163.0
3255,2019-12-16,2117.0,2198.0,2112.0,2128.0,36418655426,4227406,856,2189.0,2136.0
3256,2019-12-17,2113.0,2168.0,2046.0,2075.0,39866492606,4745570,1298,2128.0,2079.0
3257,2019-12-18,2077.0,2148.0,2039.0,2107.0,30679695755,3595733,882,2075.0,2119.0
3258,2019-12-21,2158.0,2173.0,2040.0,2106.0,35096472501,4115042,900,2107.0,2093.0
3259,2019-12-22,2124.0,2124.0,2050.0,2075.0,16654095492,1982511,724,2106.0,2071.0
3260,2019-12-23,2097.0,2124.0,1971.0,1996.0,67991514951,8415014,1358,2075.0,1996.0
3261,2019-12-24,1952.0,2050.0,1952.0,2007.0,46749761351,5751455,997,1996.0,2028.0
3262,2019-12-25,2010.0,2108.0,2010.0,2085.0,43047165838,5099853,736,2007.0,2108.0
3263,2019-12-28,2184.0,2189.0,2163.0,2188.0,35088179425,3961383,521,2085.0,2189.0
3264,2019-12-29,2260.0,2366.0,2260.0,2331.0,82453688287,8734935,1491,2188.0,2333.0
3265,2019-12-30,2420.0,2420.0,2223.0,2329.0,97523801677,10342741,2492,2331.0,2295.0
3266,2019-12-31,2272.0,2329.0,2212.0,2228.0,117200611182,12989479,2403,2329.0,2212.0
3267,2020-01-01,2224.0,2297.0,2171.0,2220.0,87798647426,9765733,1703,2228.0,2222.0
3268,2020-01-04,2109.0,2112.0,2109.0,2109.0,325615830360,38123845,1244,2220.0,2109.0
3269,2020-01-05,2004.0,2124.0,2004.0,2020.0,136368038553,16673095,1570,2109.0,2009.0
3270,2020-01-07,2015.0,2064.0,1919.0,1947.0,48436664549,6143116,827,2020.0,1919.0
3271,2020-01-08,1909.0,1976.0,1909.0,1916.0,81239945588,10470408,986,1947.0,1926.0
3272,2020-01-11,1955.0,1955.0,1955.0,1943.0,3640440000,460000,53,1916.0,1955.0
3273,2020-01-12,2040.0,2040.0,2040.0,2040.0,54898297580,6646283,257,1943.0,2040.0
3274,2020-01-13,2141.0,2142.0,2099.0,2140.0,71153079258,8211789,796,2040.0,2142.0
3275,2020-01-14,2234.0,2234.0,2075.0,2127.0,44273341729,5140956,1043,2140.0,2135.0
3276,2020-01-15,2058.0,2171.0,2058.0,2120.0,27191499586,3166834,771,2127.0,2124.0
3277,2020-01-18,2161.0,2226.0,2124.0,2224.0,127253362743,14130836,1091,2120.0,2226.0
3278,2020-01-19,2259.0,2334.0,2137.0,2284.0,45807399242,4953536,1272,2224.0,2278.0
3279,2020-01-20,2297.0,2360.0,2210.0,2295.0,62834877100,6762713,1164,2284.0,2256.0
3280,2020-01-21,2225.0,2395.0,2223.0,2303.0,86563764966,9282711,1422,2295.0,2371.0
3281,2020-01-22,2359.0,2418.0,2359.0,2413.0,27167667854,2780933,523,2303.0,2418.0
3282,2020-01-25,2533.0,2533.0,2470.0,2533.0,82728197323,8066458,1375,2413.0,2533.0
3283,2020-01-26,2650.0,2650.0,2406.0,2503.0,70141843404,6919836,1743,2533.0,2472.0
3284,2020-01-27,2420.0,2502.0,2412.0,2470.0,31563634924,3155925,671,2503.0,2483.0
3285,2020-01-28,2494.0,2593.0,2494.0,2584.0,33845145481,3234487,502,2470.0,2593.0
3286,2020-02-01,2713.0,2713.0,2470.0,2712.0,452554598048,41204836,3049,2584.0,2713.0
3287,2020-02-02,2752.0,2848.0,2739.0,2824.0,219262928782,19173895,3368,2712.0,2848.0
3288,2020-02-03,2965.0,2965.0,2683.0,2952.0,84114967695,7036581,846,2824.0,2965.0
3289,2020-02-04,3112.0,3112.0,2956.0,3020.0,134536784885,11000777,3066,2952.0,2956.0
3290,2020-02-05,2916.0,3013.0,2870.0,2913.0,188986845668,16024763,5545,3020.0,2939.0
3291,2020-02-08,2988.0,3001.0,2767.0,2835.0,146394227381,12751299,3825,2913.0,2791.0
3292,2020-02-09,2886.0,2939.0,2694.0,2834.0,102644027389,8944786,2844,2835.0,2918.0
3293,2020-02-10,2964.0,2964.0,2699.0,2837.0,57899605871,5039856,1907,2834.0,2815.0
3294,2020-02-12,2815.0,2842.0,2709.0,2779.0,78013911498,6933247,2341,2837.0,2788.0
3295,2020-02-15,2877.0,2877.0,2640.0,2687.0,75790067300,6967533,2265,2779.0,2716.0
3296,2020-02-16,2729.0,2753.0,2667.0,2715.0,49243937760,4479248,1504,2687.0,2738.0
3297,2020-02-17,2782.0,2782.0,2580.0,2617.0,55568495850,5243646,1988,2715.0,2593.0
3298,2020-02-18,2618.0,2618.0,2486.0,2507.0,54346378243,5354560,1857,2617.0,2531.0
3299,2020-02-19,2519.0,2620.0,2519.0,2569.0,62450212288,6002734,2215,2507.0,2556.0
3300,2020-02-22,2441.0,2677.0,2441.0,2570.0,41341297215,3972052,1644,2569.0,2591.0
3301,2020-02-23,2687.0,2699.0,2687.0,2697.0,61570232682,5637832,1381,2570.0,2699.0
3302,2020-02-24,2717.0,2764.0,2608.0,2669.0,49558311206,4585443,1825,2697.0,2660.0
3303,2020-02-25,2689.0,2730.0,2588.0,2664.0,70085476814,6498046,2616,2669.0,2687.0
3304,2020-02-26,2643.0,2694.0,2568.0,2644.0,68309414980,6379887,2351,2664.0,2588.0
3305,2020-02-29,2512.0,2645.0,2512.0,2557.0,93390705192,9018581,2416,2644.0,2606.0
3306,2020-03-01,2618.0,2685.0,2618.0,2681.0,96961374592,8931591,1818,2557.0,2685.0
3307,2020-03-02,2790.0,2815.0,2744.0,2792.0,86372156645,7639226,2012,2681.0,2815.0
3308,2020-03-03,2932.0,2932.0,2840.0,2927.0,103124863825,8702868,2085,2792.0,2932.0
3309,2020-03-04,3038.0,3038.0,2791.0,2898.0,104537969128,8908520,3472,2927.0,2890.0
3310,2020-03-07,2753.0,2840.0,2753.0,2756.0,66802937062,5985441,1769,2898.0,2753.0
3311,2020-03-09,2619.0,2619.0,2619.0,2619.0,46044502976,4342592,698,2756.0,2619.0
3312,2020-03-10,2488.0,2628.0,2488.0,2512.0,52410346634,5152073,1824,2619.0,2488.0
3313,2020-03-11,2512.0,2638.0,2507.0,2581.0,67943181527,6502633,1824,2512.0,2516.0
3314,2020-03-14,2505.0,2568.0,2452.0,2457.0,53490085982,5377419,1246,2581.0,2531.0
3315,2020-03-15,2371.0,2441.0,2334.0,2392.0,30196674401,3161893,1408,2457.0,2371.0
3316,2020-03-16,2372.0,2510.0,2372.0,2433.0,91826504623,9322499,1701,2392.0,2396.0
3317,2020-03-17,2462.0,2462.0,2311.0,2343.0,83980085205,8852406,1738,2433.0,2311.0
3318,2020-03-18,2250.0,2365.0,2228.0,2270.0,57110270606,6214023,2450,2343.0,2297.0
3319,2020-03-24,2282.0,2299.0,2157.0,2168.0,47854693477,5452327,2399,2270.0,2157.0
3320,2020-03-25,2077.0,2276.0,2077.0,2199.0,77677342401,8726068,2137,2168.0,2276.0
3321,2020-03-28,2308.0,2308.0,2308.0,2235.0,17630049684,1886172,437,2199.0,2308.0
3322,2020-03-29,2347.0,2347.0,2347.0,2268.0,15756031018,1658006,345,2235.0,2347.0
3323,2020-03-30,2382.0,2382.0,2373.0,2376.0,51727444256,5364268,1163,2268.0,2382.0
3324,2020-04-04,2495.0,2495.0,2495.0,2423.0,20359080656,2015152,296,2376.0,2495.0
3325,2020-04-05,2544.0,2544.0,2544.0,2498.0,33464612793,3249307,877,2423.0,2544.0
3326,2020-04-06,2610.0,2610.0,2383.0,2515.0,64095775157,6293472,2503,2498.0,2561.0
3327,2020-04-07,2593.0,2641.0,2562.0,2619.0,50856762559,4778842,936,2515.0,2641.0
3328,2020-04-08,2750.0,2750.0,2750.0,2750.0,644519789090,57882334,2029,2619.0,2750.0
3329,2020-04-11,2887.0,2887.0,2887.0,2887.0,333528295167,28528637,831,2750.0,2887.0
3330,2020-04-12,3032.0,3032.0,3032.0,3032.0,340829123000,27766120,640,2887.0,3032.0
3331,2020-04-13,3183.0,3183.0,3183.0,3183.0,369700180344,28685613,943,3032.0,3183.0
3332,2020-04-14,3342.0,3342.0,3342.0,3342.0,434400285592,32101706,1500,3183.0,3342.0
3333,2020-04-15,3509.0,3509.0,3509.0,3407.0,24704770944,1738793,482,3342.0,3509.0
3334,2020-04-18,3577.0,3577.0,3577.0,3577.0,52876621952,3650944,208,3407.0,3577.0
3335,2020-04-19,3756.0,3756.0,3398.0,3634.0,795625339377,54067087,4724,3577.0,3496.0
3336,2020-04-20,3700.0,3816.0,3645.0,3747.0,514971033896,33944491,3164,3634.0,3816.0
3337,2020-04-21,3705.0,3934.0,3560.0,3762.0,863485308861,56688384,9156,3747.0,3601.0
3338,2020-04-22,3574.0,3914.0,3574.0,3756.0,708512252465,46587223,8312,3762.0,3853.0
3339,2020-04-25,3912.0,3944.0,3878.0,3936.0,561179162327,35210725,4930,3756.0,3944.0
3340,2020-04-26,4125.0,4125.0,3740.0,3819.0,1102209162521,71274289,12843,3936.0,3775.0
3341,2020-04-27,3853.0,3853.0,3628.0,3667.0,662467105257,44615835,11121,3819.0,3655.0
3342,2020-04-28,3751.0,3850.0,3706.0,3832.0,536503389446,34573650,7036,3667.0,3850.0
3343,2020-04-29,4024.0,4024.0,4024.0,4024.0,63211495896,3879672,1102,3832.0,4024.0
3344,2020-05-02,4225.0,4225.0,4225.0,4225.0,309831480302,18111386,4126,4024.0,4225.0
3345,2020-05-03,4436.0,4436.0,4014.0,4379.0,323875297477,18263660,4726,4225.0,4089.0
3346,2020-05-04,4174.0,4495.0,4161.0,4253.0,777766392475,45165862,13598,4379.0,4226.0
3347,2020-05-05,4198.0,4344.0,4040.0,4109.0,513908612839,30886079,7758,4253.0,4040.0
3348,2020-05-06,3912.0,3964.0,3904.0,3919.0,433668466172,27330836,7810,4109.0,3907.0
3349,2020-05-09,4085.0,4114.0,4037.0,4104.0,237233481911,14276838,3399,3919.0,4114.0
3350,2020-05-10,4309.0,4309.0,3899.0,4097.0,389011977740,23447253,8038,4104.0,4050.0
3351,2020-05-11,4001.0,4026.0,3893.0,3903.0,158189242543,10009224,3421,4097.0,3893.0
3352,2020-05-12,3734.0,3877.0,3708.0,3737.0,74232706537,4905306,1797,3903.0,3708.0
3353,2020-05-13,3551.0,3922.0,3551.0,3621.0,310872496395,21202714,5993,3737.0,3551.0
3354,2020-05-16,3507.0,3607.0,3440.0,3475.0,50742837009,3606825,1626,3621.0,3440.0
3355,2020-05-17,3301.0,3622.0,3301.0,3437.0,179543025102,12900656,4715,3475.0,3546.0
3356,2020-05-18,3609.0,3609.0,3471.0,3605.0,141433223334,9688507,2485,3437.0,3609.0
3357,2020-05-19,3785.0,3785.0,3507.0,3663.0,198223417572,13365408,5130,3605.0,3611.0
3358,2020-05-20,3581.0,3581.0,3480.0,3484.0,86095751077,6102291,2101,3663.0,3480.0
3359,2020-05-23,3311.0,3458.0,3310.0,3338.0,72717250723,5380733,1857,3484.0,3310.0
3360,2020-05-26,3235.0,3378.0,3235.0,3245.0,64799380881,5031721,1789,3338.0,3235.0
3361,2020-05-27,3083.0,3407.0,3083.0,3316.0,120011613615,9120685,3424,3245.0,3407.0
3362,2020-05-30,3481.0,3481.0,3481.0,3481.0,123401879640,8932456,1691,3316.0,3481.0
3363,2020-05-31,3655.0,3655.0,3315.0,3602.0,238086507820,16657449,4185,3481.0,3655.0
3364,2020-06-01,3780.0,3782.0,3602.0,3772.0,220861015170,14756735,3498,3602.0,3782.0
3365,2020-06-02,3956.0,3960.0,3805.0,3956.0,204215704464,13009149,2622,3772.0,3960.0
3366,2020-06-06,4032.0,4132.0,3878.0,4036.0,286419790175,17883439,6950,3956.0,4032.0
3367,2020-06-07,4133.0,4238.0,3919.0,4159.0,365776983127,22164270,5433,4036.0,4238.0
3368,2020-06-08,3951.0,4367.0,3951.0,4342.0,597196139911,34664517,5797,4159.0,4367.0
3369,2020-06-09,4397.0,4558.0,4345.0,4541.0,588994503463,32686786,6797,4342.0,4558.0
3370,2020-06-10,4738.0,4768.0,4544.0,4756.0,422391059579,22379331,5648,4541.0,4768.0
3371,2020-06-13,4838.0,4838.0,4521.0,4622.0,720566279450,39297541,16052,4756.0,4536.0
3372,2020-06-14,4534.0,4534.0,4392.0,4408.0,448929155180,25667569,7111,4622.0,4392.0
3373,2020-06-15,4284.0,4410.0,4188.0,4251.0,365665165970,21670595,8285,4408.0,4188.0
3374,2020-06-16,4183.0,4463.0,4183.0,4420.0,455721468500,25981426,7104,4251.0,4423.0
3375,2020-06-20,4534.0,4639.0,4463.0,4619.0,354633024920,19344205,4263,4420.0,4639.0
3376,2020-06-21,4637.0,4712.0,4390.0,4493.0,383326839260,21496194,8438,4619.0,4408.0
3377,2020-06-22,4397.0,4662.0,4284.0,4486.0,554840200400,31173486,8838,4493.0,4586.0
3378,2020-06-23,4649.0,4710.0,4536.0,4690.0,614653610530,33033941,5712,4486.0,4536.0
3379,2020-06-24,4539.0,4924.0,4539.0,4818.0,474002647530,24786544,6034,4690.0,4924.0
3380,2020-06-27,5058.0,5058.0,5053.0,5058.0,203150784570,10122116,2476,4818.0,5058.0
3381,2020-06-28,5310.0,5310.0,4806.0,5022.0,545372709050,27357924,8480,5058.0,4912.0
3382,2020-06-29,4773.0,4987.0,4773.0,4836.0,415395419020,21650889,6789,5022.0,4836.0
3383,2020-07-04,4952.0,4952.0,4597.0,4652.0,213496941080,11567975,3198,4836.0,4597.0
3384,2020-07-05,4420.0,4864.0,4420.0,4675.0,473136474490,25504033,8802,4652.0,4793.0
3385,2020-07-06,4884.0,4907.0,4793.0,4886.0,397427977580,20492588,6499,4675.0,4889.0
3386,2020-07-07,4985.0,4985.0,4644.0,4720.0,631357326450,33714327,10790,4886.0,4662.0
3387,2020-07-08,4586.0,4801.0,4486.0,4566.0,281879446220,15555872,6219,4720.0,4486.0
3388,2020-07-11,4340.0,4584.0,4340.0,4408.0,293151537360,16757123,6402,4566.0,4496.0
3389,2020-07-12,4627.0,4627.0,4408.0,4604.0,236038945660,12921162,3894,4408.0,4508.0
3390,2020-07-13,4586.0,4781.0,4418.0,4576.0,395452613740,21779089,7626,4604.0,4597.0
3391,2020-07-18,4882.0,4882.0,4754.0,4633.0,10292983420,543276,293,4576.0,4754.0
3392,2020-07-19,4779.0,4864.0,4402.0,4738.0,513639019310,27856507,7553,4633.0,4864.0
3393,2020-07-20,4975.0,4975.0,4975.0,4975.0,77541349600,4005235,1180,4738.0,4975.0
3394,2020-07-21,5221.0,5221.0,5221.0,5221.0,105369278720,5185496,1716,4975.0,5221.0
3395,2020-07-22,5481.0,5481.0,5481.0,5468.0,55626677640,2607908,1201,5221.0,5481.0
3396,2020-07-25,5740.0,5740.0,5740.0,5707.0,45978936960,2058144,737,5468.0,5740.0
3397,2020-07-26,5992.0,5992.0,5992.0,5992.0,59457721400,2549645,772,5707.0,5992.0
3398,2020-07-27,6290.0,6290.0,6290.0,6229.0,45409151520,1854949,912,5992.0,6290.0
3399,2020-07-28,6540.0,6540.0,6540.0,6406.0,34302909750,1347855,822,6229.0,6540.0
3400,2020-07-29,6725.0,6725.0,6540.0,6719.0,2278460027070,87119419,11595,6406.0,6725.0
3401,2020-08-01,6784.0,6784.0,6385.0,6473.0,1526278436950,60583933,17468,6719.0,6403.0
3402,2020-08-02,6719.0,6794.0,6681.0,6778.0,902096829000,34199361,6965,6473.0,6794.0
3403,2020-08-03,6938.0,7115.0,6778.0,6951.0,402408427320,14874413,5170,6778.0,7115.0
3404,2020-08-05,7298.0,7298.0,6604.0,6714.0,814240046670,31162116,8241,6951.0,6732.0
3405,2020-08-09,6694.0,6935.0,6380.0,6421.0,609606761550,24389382,8526,6714.0,6380.0
3406,2020-08-10,6231.0,6504.0,6103.0,6180.0,335733772540,13960703,4240,6421.0,6103.0
3407,2020-08-11,5871.0,5871.0,5871.0,6018.0,22845087250,999785,494,6180.0,5871.0
3408,2020-08-12,5797.0,6193.0,5717.0,5918.0,182951668090,7944837,2311,6018.0,5717.0
3409,2020-08-15,5622.0,5622.0,5622.0,5622.0,48642325080,2223141,472,5918.0,5622.0
3410,2020-08-16,5342.0,5342.0,5342.0,5342.0,47239433010,2272219,422,5622.0,5342.0
3411,2020-08-17,5088.0,5602.0,5088.0,5404.0,371949989560,17687799,5703,5342.0,5586.0
3412,2020-08-18,5396.0,5396.0,5134.0,5268.0,29840468280,1474129,711,5404.0,5134.0
3413,2020-08-19,5006.0,5006.0,5006.0,5232.0,5857519120,300694,236,5268.0,5006.0
3414,2020-08-22,5232.0,5473.0,4972.0,5144.0,66097460990,3301081,981,5232.0,4972.0
3415,2020-08-23,4887.0,4887.0,4887.0,5116.0,5050570800,265540,206,5144.0,4887.0
3416,2020-08-24,4862.0,4862.0,4862.0,4862.0,47299356720,2499966,204,5116.0,4862.0
3417,2020-08-25,4620.0,5011.0,4620.0,4746.0,524987750330,28422352,7391,4862.0,4728.0
3418,2020-08-26,4921.0,4982.0,4792.0,4964.0,278719626700,14430153,4111,4746.0,4982.0
3419,2020-08-31,5101.0,5113.0,4718.0,4823.0,115498504780,6153069,1635,4964.0,4718.0
3420,2020-09-01,4584.0,4584.0,4584.0,4589.0,45222616000,2534900,230,4823.0,4584.0
3421,2020-09-02,4361.0,4361.0,4361.0,4361.0,45865565680,2702744,318,4589.0,4361.0
3422,2020-09-05,4240.0,4355.0,4145.0,4158.0,463918282810,28675292,4933,4361.0,4206.0
3423,2020-09-06,4214.0,4276.0,3952.0,4026.0,117547999460,7503554,1859,4158.0,3952.0
3424,2020-09-07,3826.0,3826.0,3826.0,4006.0,4288156210,287989,125,4026.0,3826.0
3425,2020-09-08,3808.0,3808.0,3808.0,3808.0,44646539340,3012587,193,4006.0,3808.0
3426,2020-09-09,3618.0,3721.0,3618.0,3623.0,179682204350,12743542,2948,3808.0,3623.0
3427,2020-09-12,3597.0,3803.0,3443.0,3597.0,197488306830,14104511,4007,3623.0,3559.0
3428,2020-09-13,3554.0,3597.0,3418.0,3453.0,363834282470,27063669,3520,3597.0,3533.0
3429,2020-09-14,3533.0,3626.0,3456.0,3610.0,157548886140,11215873,1649,3453.0,3626.0
3430,2020-09-15,3790.0,3790.0,3790.0,3654.0,13068455750,885997,327,3610.0,3790.0
3431,2020-09-16,3836.0,3836.0,3836.0,3836.0,63176877270,4231539,790,3654.0,3836.0
3432,2020-09-19,3854.0,4026.0,3669.0,3942.0,353220238300,23025756,4474,3836.0,3983.0
3433,2020-09-20,3983.0,4003.0,3746.0,3836.0,84130688790,5635633,1685,3942.0,3746.0
3434,2020-09-21,3646.0,3646.0,3646.0,3736.0,25365533160,1787564,305,3836.0,3646.0
3435,2020-09-22,3554.0,3736.0,3551.0,3592.0,215579600800,15416917,2376,3736.0,3651.0
3436,2020-09-23,3651.0,3713.0,3415.0,3525.0,132369389290,9650019,2545,3592.0,3505.0
3437,2020-09-26,3525.0,3700.0,3358.0,3518.0,100306994440,7326451,1879,3525.0,3430.0
3438,2020-09-27,3348.0,3436.0,3343.0,3343.0,173201313500,13308012,1548,3518.0,3343.0
3439,2020-09-28,3176.0,3315.0,3176.0,3179.0,51775206380,4186679,657,3343.0,3184.0
3440,2020-09-29,3071.0,3335.0,3022.0,3238.0,123203700210,9776067,2540,3179.0,3335.0
3441,2020-09-30,3400.0,3400.0,3302.0,3392.0,155844279620,11803431,1576,3238.0,3400.0
3442,2020-10-03,3507.0,3561.0,3443.0,3541.0,55084150560,3996393,717,3392.0,3561.0
3443,2020-10-04,3716.0,3716.0,3392.0,3698.0,318101107760,22110931,3465,3541.0,3716.0
3444,2020-10-05,3572.0,3867.0,3520.0,3656.0,156937808600,11031085,2335,3698.0,3867.0
3445,2020-10-06,3834.0,3839.0,3739.0,3839.0,78274663000,5240601,608,3656.0,3839.0
3446,2020-10-07,4029.0,4029.0,4029.0,4029.0,65933427840,4204938,762,3839.0,4029.0
3447,2020-10-10,4111.0,4229.0,4034.0,4186.0,221299249730,13581041,2622,4029.0,4229.0
3448,2020-10-11,4340.0,4363.0,3985.0,4176.0,295977177700,18209714,6090,4186.0,4021.0
3449,2020-10-12,4075.0,4178.0,3967.0,4009.0,245068680950,15708088,3055,4176.0,4034.0
3450,2020-10-13,4014.0,4129.0,3880.0,4034.0,118223584620,7529047,2027,4009.0,4034.0
3451,2020-10-14,4109.0,4109.0,3834.0,3937.0,122922884030,8022346,1857,4034.0,4073.0
3452,2020-10-18,4009.0,4009.0,3741.0,3790.0,84333921950,5718639,1487,3937.0,3744.0
3453,2020-10-19,3623.0,3674.0,3603.0,3605.0,93724614970,6678111,936,3790.0,3603.0
3454,2020-10-20,3430.0,3595.0,3425.0,3446.0,130862856540,9759982,1284,3605.0,3549.0
3455,2020-10-21,3513.0,3618.0,3274.0,3446.0,67342720970,5022536,1282,3446.0,3520.0
3456,2020-10-24,3474.0,3474.0,3274.0,3328.0,91285507480,7049044,1463,3446.0,3348.0
3457,2020-10-26,3235.0,3328.0,3166.0,3233.0,61903491700,4921628,1400,3328.0,3220.0
3458,2020-10-27,3163.0,3238.0,3073.0,3114.0,41292292550,3417709,670,3233.0,3073.0
3459,2020-10-28,3017.0,3202.0,2968.0,3096.0,54539216570,4525671,1131,3114.0,3161.0
3460,2020-10-31,3186.0,3250.0,3161.0,3240.0,71560353560,5676810,1180,3096.0,3250.0
3461,2020-11-01,3315.0,3315.0,3078.0,3101.0,89834952240,7444138,976,3240.0,3081.0
3462,2020-11-02,2955.0,3135.0,2955.0,3081.0,23926800860,2008373,612,3101.0,3119.0
3463,2020-11-04,3135.0,3233.0,3032.0,3179.0,42442789060,3407934,703,3081.0,3233.0
3464,2020-11-07,3027.0,3179.0,3022.0,3045.0,42482994810,3604586,618,3179.0,3022.0
3465,2020-11-08,2893.0,2893.0,2893.0,2978.0,19819559240,1760174,166,3045.0,2893.0
3466,2020-11-09,2832.0,2978.0,2832.0,2878.0,33672768770,3042293,599,2978.0,2832.0
3467,2020-11-10,2878.0,2942.0,2734.0,2752.0,86799250020,8107655,1173,2878.0,2775.0
3468,2020-11-11,2780.0,2888.0,2642.0,2765.0,108820156380,10117128,1313,2752.0,2819.0
3469,2020-11-14,2801.0,2901.0,2801.0,2852.0,37555038290,3343640,405,2765.0,2901.0
3470,2020-11-15,2994.0,2994.0,2801.0,2922.0,70259145990,6179629,1377,2852.0,2898.0
3471,2020-11-16,2898.0,3032.0,2827.0,2958.0,54975545620,4775879,1126,2922.0,2978.0
3472,2020-11-17,2963.0,3104.0,2945.0,3071.0,58021765880,4855446,816,2958.0,3104.0
3473,2020-11-18,3212.0,3222.0,3114.0,3197.0,49119675500,3921507,697,3071.0,3222.0
3474,2020-11-21,3356.0,3356.0,3197.0,3315.0,173804589790,13475703,1942,3197.0,3238.0
3475,2020-11-22,3233.0,3415.0,3150.0,3292.0,88655492480,6923103,1444,3315.0,3317.0
3476,2020-11-23,3353.0,3456.0,3315.0,3448.0,75579588250,5632598,610,3292.0,3456.0
3477,2020-11-24,3621.0,3621.0,3276.0,3518.0,212503740640,15517194,2618,3448.0,3405.0
3478,2020-11-25,3376.0,3656.0,3366.0,3543.0,151606810780,10990451,2283,3518.0,3633.0
3479,2020-11-28,3546.0,3718.0,3500.0,3680.0,88049162950,6149307,1055,3543.0,3718.0
3480,2020-11-29,3862.0,3862.0,3726.0,3847.0,180586640390,12065307,2272,3680.0,3862.0
3481,2020-11-30,3906.0,4037.0,3803.0,3937.0,284307761100,18554174,3144,3847.0,4037.0
3482,2020-12-01,3939.0,4132.0,3939.0,4098.0,103258040180,6474911,1060,3937.0,4132.0
3483,2020-12-02,4263.0,4265.0,4111.0,4155.0,27556441830,1677284,358,4098.0,4204.0
3484,2020-12-06,4322.0,4361.0,4188.0,4278.0,247609135220,14871942,2330,4155.0,4361.0
3485,2020-12-07,4420.0,4492.0,4317.0,4463.0,421536353730,24273283,4544,4278.0,4492.0
3486,2020-12-08,4674.0,4684.0,4522.0,4664.0,260292298710,14340436,3832,4463.0,4684.0
3487,2020-12-09,4856.0,4867.0,4432.0,4607.0,264734604570,14762770,4631,4664.0,4548.0
3488,2020-12-12,4435.0,4648.0,4435.0,4538.0,234946378250,13301472,3793,4607.0,4574.0
3489,2020-12-13,4574.0,4702.0,4479.0,4620.0,254204930540,14135086,3473,4538.0,4494.0
3490,2020-12-14,4600.0,4600.0,4391.0,4432.0,142321135660,8251270,2327,4620.0,4391.0
3491,2020-12-15,4212.0,4227.0,4212.0,4212.0,191512034860,11683496,1396,4432.0,4212.0
3492,2020-12-16,4009.0,4420.0,4009.0,4312.0,386856457660,23053194,3452,4212.0,4420.0
3493,2020-12-19,4497.0,4525.0,4371.0,4510.0,194919548060,11103762,2280,4312.0,4525.0
3494,2020-12-20,4689.0,4723.0,4304.0,4548.0,197683962520,11169567,3051,4510.0,4453.0
3495,2020-12-21,4456.0,4620.0,4327.0,4440.0,173228113740,10027145,2337,4548.0,4384.0
3496,2020-12-22,4325.0,4612.0,4325.0,4499.0,160067949900,9142137,2202,4440.0,4522.0
3497,2020-12-23,4522.0,4723.0,4319.0,4633.0,246887198550,13696874,2311,4499.0,4723.0
3498,2020-12-26,4864.0,4864.0,4754.0,4859.0,408093607170,21581720,2781,4633.0,4864.0
3499,2020-12-27,5011.0,5101.0,4702.0,5047.0,388861155230,19802670,3635,4859.0,5101.0
3500,2020-12-28,5291.0,5298.0,4882.0,5088.0,523659969220,26451239,6906,5047.0,4934.0
3501,2020-12-29,4882.0,5047.0,4833.0,4844.0,94198082640,4997594,1123,5088.0,4833.0
3502,2020-12-30,4638.0,4970.0,4602.0,4700.0,290313481930,15871061,3681,4844.0,4602.0
3503,2021-01-02,4510.0,4574.0,4466.0,4471.0,181917449160,10457343,1377,4700.0,4466.0
3504,2021-01-03,4371.0,4651.0,4335.0,4486.0,209519484450,11997322,2355,4471.0,4530.0
3505,2021-01-04,4702.0,4710.0,4530.0,4682.0,155223285170,8518357,1748,4486.0,4710.0
3506,2021-01-05,4916.0,4916.0,4916.0,4916.0,81372343630,4253651,844,4682.0,4916.0
3507,2021-01-06,5160.0,5160.0,4921.0,5095.0,779108029530,39282904,6163,4916.0,5160.0
3508,2021-01-09,5293.0,5293.0,4841.0,4962.0,439615600530,22766171,4605,5095.0,4928.0
3509,2021-01-10,5049.0,5062.0,4764.0,4975.0,295734827040,15277937,2940,4962.0,4990.0
3510,2021-01-11,5070.0,5221.0,5023.0,5208.0,761789561710,37579480,5667,4975.0,5221.0
3511,2021-01-12,5293.0,5306.0,4949.0,5059.0,360172729810,18291261,3555,5208.0,4949.0
3512,2021-01-13,4864.0,5003.0,4808.0,4818.0,377303651180,20123872,2078,5059.0,4823.0
3513,2021-01-16,4697.0,4934.0,4579.0,4607.0,250246127450,13955869,1316,4818.0,4579.0
3514,2021-01-18,4379.0,4445.0,4379.0,4379.0,90368390580,5302963,534,4607.0,4379.0
3515,2021-01-19,4160.0,4574.0,4160.0,4332.0,197917765220,11742324,1886,4379.0,4394.0
3516,2021-01-20,4461.0,4548.0,4368.0,4540.0,222045909720,12565360,937,4332.0,4548.0
3517,2021-01-23,4767.0,4767.0,4767.0,4767.0,53536023450,2886039,222,4540.0,4767.0
3518,2021-01-24,5003.0,5003.0,4530.0,4877.0,435024340290,22917592,3379,4767.0,4707.0
3519,2021-01-25,4651.0,4936.0,4635.0,4746.0,154981658280,8393127,2018,4877.0,4713.0
3520,2021-01-26,4553.0,4800.0,4510.0,4574.0,101354690220,5693740,827,4746.0,4510.0
3521,2021-01-27,4368.0,4689.0,4363.0,4564.0,109264454140,6153966,1619,4574.0,4628.0
3522,2021-01-30,4659.0,4790.0,4564.0,4785.0,198912981260,10681593,1792,4564.0,4790.0
3523,2021-01-31,4864.0,4864.0,4546.0,4635.0,153524347200,8510946,1648,4785.0,4546.0
3524,2021-02-01,4574.0,4612.0,4404.0,4438.0,197867810820,11457498,1428,4635.0,4407.0
3525,2021-02-02,4404.0,4404.0,4217.0,4268.0,85474883680,5146408,1039,4438.0,4255.0
3526,2021-02-03,4168.0,4422.0,4055.0,4155.0,89051920130,5506020,1204,4268.0,4109.0
3527,2021-02-06,3983.0,4319.0,3949.0,3955.0,125014973510,8124988,972,4155.0,3955.0
3528,2021-02-07,3955.0,4150.0,3955.0,4062.0,35335417720,2210827,522,3955.0,4150.0
3529,2021-02-08,4265.0,4265.0,3885.0,4080.0,66363381750,4178554,1196,4062.0,4116.0
3530,2021-02-09,4160.0,4237.0,4039.0,4142.0,66560906710,4128040,1078,4080.0,4127.0
3531,2021-02-13,4222.0,4389.0,4222.0,4350.0,118618825060,7005674,1106,4142.0,4389.0
3532,2021-02-14,4546.0,4548.0,4294.0,4376.0,89093619490,5232133,1017,4350.0,4379.0
3533,2021-02-15,4371.0,4638.0,4330.0,4617.0,268904030770,14965460,1963,4376.0,4638.0
3534,2021-02-16,4687.0,4874.0,4574.0,4725.0,242700605890,13194327,2560,4617.0,4728.0
3535,2021-02-17,4728.0,4851.0,4633.0,4656.0,134106374680,7399453,1443,4725.0,4633.0
3536,2021-02-20,4594.0,4692.0,4564.0,4569.0,123058031050,6921096,1017,4656.0,4564.0
3537,2021-02-21,4479.0,4522.0,4479.0,4522.0,25159665450,1443319,195,4569.0,4479.0
3538,2021-02-22,4432.0,4432.0,4432.0,4520.0,1491417750,86459,21,4522.0,4432.0
3539,2021-02-23,4430.0,4497.0,4430.0,4432.0,124288865830,7205578,757,4520.0,4430.0
3540,2021-02-24,4435.0,4494.0,4345.0,4363.0,54472727150,3207626,413,4432.0,4345.0
3541,2021-02-27,4278.0,4278.0,4278.0,4330.0,19007906400,1141616,80,4363.0,4278.0
3542,2021-02-28,4245.0,4245.0,4245.0,4330.0,274314600,16605,14,4330.0,4245.0
3543,2021-03-01,4245.0,4330.0,4245.0,4247.0,145851576630,8824476,1116,4330.0,4312.0
3544,2021-03-02,4247.0,4368.0,4163.0,4235.0,32042703780,1947331,542,4247.0,4163.0
3545,2021-03-03,4152.0,4155.0,4152.0,4209.0,15544952580,961909,87,4235.0,4152.0
3546,2021-03-06,4127.0,4127.0,4127.0,4206.0,814739860,50731,35,4209.0,4127.0
3547,2021-03-07,4124.0,4343.0,4124.0,4168.0,30449464740,1887681,285,4206.0,4124.0
3548,2021-03-08,4086.0,4260.0,4086.0,4140.0,100973943860,6269714,1599,4168.0,4140.0
3549,2021-03-09,4140.0,4263.0,4073.0,4155.0,85004343300,5256556,1116,4140.0,4122.0
3550,2021-03-10,4137.0,4224.0,4073.0,4114.0,42336329350,2648007,771,4155.0,4075.0
3551,2021-03-13,4039.0,4345.0,4032.0,4199.0,102681866750,6283625,1478,4114.0,4343.0
3552,2021-03-14,4361.0,4368.0,4204.0,4273.0,42593658940,2550966,1124,4199.0,4250.0
3553,2021-03-15,4209.0,4337.0,4188.0,4258.0,41426530930,2503202,715,4273.0,4222.0
3554,2021-03-16,4260.0,4512.0,4258.0,4474.0,114479353160,6576658,1037,4258.0,4512.0
3555,2021-03-17,4522.0,4620.0,4386.0,4481.0,55884458050,3203756,783,4474.0,4409.0
3556,2021-03-27,4394.0,4620.0,4394.0,4497.0,36824426620,2100833,603,4481.0,4528.0
3557,2021-03-28,4587.0,4620.0,4409.0,4481.0,23394735010,1347235,667,4497.0,4420.0
3558,2021-03-30,4394.0,4600.0,4394.0,4479.0,31954086290,1833778,630,4481.0,4407.0
3559,2021-03-31,4425.0,4443.0,4391.0,4427.0,29083903490,1700938,325,4479.0,4391.0
3560,2021-04-03,4373.0,4373.0,4340.0,4381.0,26946858850,1594965,229,4427.0,4340.0
3561,2021-04-04,4294.0,4294.0,4294.0,4345.0,20338359270,1217137,38,4381.0,4294.0
3562,2021-04-05,4260.0,4260.0,4260.0,4327.0,9642795360,581592,44,4345.0,4260.0
3563,2021-04-06,4242.0,4242.0,4242.0,4314.0,7010212040,424604,49,4327.0,4242.0
3564,2021-04-07,4229.0,4229.0,4229.0,4278.0,20345333620,1236047,48,4314.0,4229.0
3565,2021-04-10,4194.0,4194.0,4194.0,4242.0,20174506560,1236183,80,4278.0,4194.0
3566,2021-04-11,4158.0,4158.0,4158.0,4206.0,20521352880,1268316,43,4242.0,4158.0
3567,2021-04-12,4124.0,4206.0,4124.0,4124.0,79900975070,4977944,374,4206.0,4188.0
3568,2021-04-13,4116.0,4260.0,4060.0,4127.0,42890676030,2669729,985,4124.0,4070.0
3569,2021-04-14,4062.0,4188.0,4044.0,4062.0,60068936890,3799363,508,4127.0,4044.0
3570,2021-04-17,3983.0,4034.0,3983.0,4026.0,21912522000,1413702,209,4062.0,3983.0
3571,2021-04-18,3947.0,3949.0,3947.0,3947.0,50092034800,3261180,232,4026.0,3947.0
3572,2021-04-19,3870.0,3870.0,3870.0,3916.0,19419297720,1289462,67,3947.0,3870.0
3573,2021-04-20,3844.0,3983.0,3839.0,3880.0,39380079490,2613655,616,3916.0,3839.0
3574,2021-04-21,3764.0,3919.0,3764.0,3841.0,20549302680,1391863,321,3880.0,3764.0
3575,2021-04-24,3728.0,3854.0,3728.0,3790.0,26507134300,1818760,261,3841.0,3728.0
3576,2021-04-25,3677.0,3793.0,3677.0,3749.0,24978559210,1730780,343,3790.0,3682.0
3577,2021-04-26,3674.0,3749.0,3638.0,3718.0,15302103090,1076772,340,3749.0,3662.0
3578,2021-04-27,3623.0,3757.0,3623.0,3713.0,15429665420,1071613,471,3718.0,3718.0
3579,2021-04-28,3764.0,3803.0,3623.0,3710.0,13555503050,940406,329,3713.0,3649.0
3580,2021-05-01,3674.0,3731.0,3600.0,3669.0,19271746800,1373936,267,3710.0,3600.0
3581,2021-05-02,3561.0,3564.0,3561.0,3644.0,11040814400,796594,136,3669.0,3561.0
3582,2021-05-03,3536.0,3536.0,3536.0,3628.0,6364798080,462558,113,3644.0,3536.0
3583,2021-05-05,3520.0,3595.0,3520.0,3603.0,10844930650,791522,186,3628.0,3520.0
3584,2021-05-08,3495.0,3507.0,3495.0,3500.0,46305861200,3404836,222,3603.0,3495.0
3585,2021-05-09,3418.0,3546.0,3397.0,3418.0,41545237320,3134665,261,3500.0,3397.0
3586,2021-05-10,3317.0,3569.0,3317.0,3418.0,30008056400,2255304,442,3418.0,3505.0
3587,2021-05-11,3582.0,3582.0,3433.0,3456.0,21967564290,1611236,417,3418.0,3520.0
3588,2021-05-12,3597.0,3597.0,3356.0,3451.0,17925856260,1338602,355,3456.0,3415.0
3589,2021-05-15,3415.0,3623.0,3320.0,3564.0,60776944630,4383474,713,3451.0,3623.0
3590,2021-05-16,3741.0,3741.0,3651.0,3739.0,98645396790,6778324,974,3564.0,3741.0
3591,2021-05-17,3667.0,3775.0,3556.0,3677.0,32627018820,2280427,652,3739.0,3603.0
3592,2021-05-18,3710.0,3788.0,3567.0,3667.0,26112080380,1829942,489,3677.0,3685.0
3593,2021-05-19,3585.0,3705.0,3500.0,3605.0,26008902440,1853365,301,3667.0,3559.0
3594,2021-05-22,3520.0,3520.0,3425.0,3505.0,8161468510,611188,190,3605.0,3425.0
3595,2021-05-23,3330.0,3376.0,3330.0,3330.0,15930334970,1228977,230,3505.0,3330.0
3596,2021-05-24,3171.0,3317.0,3166.0,3179.0,32310347570,2611067,454,3330.0,3166.0
3597,2021-05-25,3119.0,3335.0,3119.0,3322.0,33982086130,2628283,458,3179.0,3335.0
3598,2021-05-26,3487.0,3487.0,3371.0,3464.0,26266946950,1948683,626,3322.0,3487.0
3599,2021-05-29,3497.0,3623.0,3466.0,3546.0,38188369920,2768088,689,3464.0,3561.0
3600,2021-05-30,3585.0,3662.0,3402.0,3507.0,33506405630,2454317,720,3546.0,3412.0
3601,2021-05-31,3340.0,3502.0,3333.0,3356.0,14618965430,1119639,368,3507.0,3333.0
3602,2021-06-01,3238.0,3389.0,3215.0,3322.0,5583675570,438525,242,3356.0,3266.0
3603,2021-06-02,3340.0,3487.0,3268.0,3374.0,10355170870,783722,365,3322.0,3389.0
3604,2021-06-07,3379.0,3487.0,3340.0,3389.0,19117775910,1448882,472,3374.0,3369.0
3605,2021-06-08,3346.0,3443.0,3266.0,3351.0,13184993730,1012605,376,3389.0,3297.0
3606,2021-06-09,3240.0,3335.0,3230.0,3266.0,18729896180,1473447,338,3351.0,3263.0
3607,2021-06-12,3261.0,3387.0,3166.0,3258.0,10143898100,800444,328,3266.0,3194.0
3608,2021-06-13,3253.0,3312.0,3166.0,3250.0,6345325640,503639,217,3258.0,3289.0
3609,2021-06-14,3333.0,3333.0,3207.0,3256.0,20087677560,1585062,459,3250.0,3292.0
3610,2021-06-15,3250.0,3330.0,3204.0,3238.0,12570587960,998574,307,3256.0,3215.0
3611,2021-06-16,3312.0,3317.0,3161.0,3274.0,16077425630,1261645,378,3238.0,3294.0
3612,2021-06-19,3268.0,3392.0,3253.0,3302.0,20074762290,1562100,408,3274.0,3340.0
3613,2021-06-20,3402.0,3402.0,3215.0,3279.0,7468934240,589402,307,3302.0,3263.0
3614,2021-06-21,3279.0,3402.0,3250.0,3317.0,25969707430,2012183,438,3279.0,3343.0
3615,2021-06-22,3407.0,3482.0,3333.0,3471.0,113882041250,8431061,497,3317.0,3482.0
3616,2021-06-23,3525.0,3644.0,3343.0,3549.0,135391099510,9807139,1420,3471.0,3638.0
3617,2021-06-26,3723.0,3726.0,3572.0,3710.0,81151952780,5621689,1031,3549.0,3726.0
3618,2021-06-27,3700.0,3726.0,3525.0,3613.0,36872996580,2622361,902,3710.0,3559.0
3619,2021-06-28,3559.0,3649.0,3433.0,3561.0,46723522210,3370532,642,3613.0,3623.0
3620,2021-06-29,3692.0,3739.0,3520.0,3680.0,76105514070,5315960,933,3561.0,3739.0
3621,2021-06-30,3788.0,3788.0,3644.0,3692.0,116299631570,8092980,837,3680.0,3736.0
3622,2021-07-03,3672.0,3780.0,3520.0,3633.0,40444027760,2860603,597,3692.0,3559.0
3623,2021-07-04,3479.0,3749.0,3479.0,3674.0,165318525590,11564564,579,3633.0,3700.0
3624,2021-07-05,3857.0,3857.0,3857.0,3857.0,15964275760,1063576,211,3674.0,3857.0
3625,2021-07-06,4050.0,4050.0,4050.0,4050.0,91901839600,5831335,288,3857.0,4050.0
3626,2021-07-07,4250.0,4250.0,4093.0,4235.0,539626519500,32745434,3273,4050.0,4176.0
3627,2021-07-10,4137.0,4204.0,4024.0,4057.0,110981442040,7027598,1399,4235.0,4083.0
3628,2021-07-11,4176.0,4214.0,4114.0,4170.0,49009011240,3019482,866,4057.0,4137.0
3629,2021-07-12,4114.0,4194.0,4001.0,4101.0,66200272970,4148803,1339,4170.0,4104.0
3630,2021-07-13,4145.0,4229.0,4060.0,4140.0,110817846670,6877563,988,4101.0,4111.0
3631,2021-07-18,3996.0,4105.0,3986.0,4063.0,8677590850,573453,252,4140.0,3996.0
3632,2021-07-19,3893.0,4264.0,3893.0,4243.0,86446994040,5404284,1180,4063.0,4264.0
3633,2021-07-26,4429.0,4429.0,4246.0,4333.0,76535573220,4683148,1148,4243.0,4254.0
3634,2021-07-27,4243.0,4315.0,4118.0,4142.0,51528046790,3298613,734,4333.0,4118.0
3635,2021-07-28,3986.0,4206.0,3978.0,4081.0,46669153280,3033012,627,4142.0,4097.0
3636,2021-07-31,4092.0,4222.0,3994.0,4155.0,95507594970,6095633,716,4081.0,4190.0
3637,2021-08-01,4190.0,4270.0,3980.0,4073.0,31316489920,2038662,627,4155.0,4057.0
3638,2021-08-02,4060.0,4211.0,3996.0,4105.0,26685633160,1724340,481,4073.0,4076.0
3639,2021-08-03,4018.0,4190.0,4018.0,4108.0,73715809980,4757943,610,4105.0,4163.0
3640,2021-08-04,4166.0,4312.0,4018.0,4296.0,212081462680,13094520,1360,4108.0,4312.0
3641,2021-08-07,4362.0,4370.0,4140.0,4262.0,47998617770,2986758,765,4296.0,4256.0
3642,2021-08-08,4243.0,4452.0,4102.0,4338.0,50794550210,3103996,709,4262.0,4280.0
3643,2021-08-09,4246.0,4349.0,4238.0,4272.0,36226483820,2249056,703,4338.0,4307.0
3644,2021-08-10,4222.0,4285.0,4150.0,4193.0,80763203680,5108490,995,4272.0,4216.0
3645,2021-08-11,4275.0,4357.0,4243.0,4296.0,69275059530,4276408,1045,4193.0,4354.0
3646,2021-08-14,4299.0,4511.0,4230.0,4415.0,199807958540,11997214,1635,4296.0,4511.0
3647,2021-08-15,4561.0,4635.0,4442.0,4606.0,231558646460,13328142,1708,4415.0,4635.0
3648,2021-08-22,4641.0,4826.0,4548.0,4707.0,110575687590,6230859,1392,4606.0,4633.0
3649,2021-08-23,4641.0,4784.0,4476.0,4651.0,136924873290,7805116,1515,4707.0,4760.0
3650,2021-08-24,4816.0,4882.0,4760.0,4879.0,151912025900,8254495,889,4651.0,4882.0
3651,2021-08-25,4940.0,5123.0,4773.0,5054.0,242992535870,12745482,1892,4879.0,5017.0
3652,2021-08-28,4959.0,5168.0,4959.0,5062.0,156608194000,8201564,2063,5054.0,5060.0
3653,2021-08-29,5062.0,5118.0,4810.0,4951.0,189055674930,10124123,1959,5062.0,4810.0
3654,2021-08-30,4726.0,4874.0,4704.0,4736.0,50504678880,2827069,489,4951.0,4704.0
3655,2021-08-31,4500.0,4720.0,4500.0,4548.0,110121387150,6420707,1069,4736.0,4500.0
3656,2021-09-01,4376.0,4667.0,4376.0,4492.0,130597887000,7708726,1317,4548.0,4561.0
3657,2021-09-04,4574.0,4715.0,4437.0,4614.0,135463034580,7784354,1573,4492.0,4670.0
3658,2021-09-05,4482.0,4720.0,4482.0,4633.0,61913598170,3543199,756,4614.0,4649.0
3659,2021-09-06,4633.0,4731.0,4601.0,4678.0,83127598350,4712619,1002,4633.0,4641.0
3660,2021-09-07,4508.0,4760.0,4508.0,4628.0,44291660760,2537626,687,4678.0,4612.0
3661,2021-09-08,4718.0,4858.0,4564.0,4773.0,127970372680,7109453,1550,4628.0,4840.0
3662,2021-09-11,4858.0,4967.0,4720.0,4840.0,50393000890,2761738,866,4773.0,4787.0
3663,2021-09-12,4720.0,4800.0,4598.0,4630.0,69403572840,3974966,691,4840.0,4604.0
3664,2021-09-13,4630.0,4670.0,4402.0,4474.0,62691162650,3716699,670,4630.0,4529.0
3665,2021-09-14,4508.0,4665.0,4468.0,4551.0,36324252170,2116386,649,4474.0,4585.0
3666,2021-09-15,4455.0,4667.0,4455.0,4556.0,17987804540,1046981,687,4551.0,4601.0
3667,2021-09-18,4511.0,4614.0,4354.0,4439.0,39790780780,2376812,463,4556.0,4429.0
3668,2021-09-19,4429.0,4585.0,4243.0,4413.0,39166135570,2353892,602,4439.0,4378.0
3669,2021-09-20,4455.0,4556.0,4429.0,4500.0,39688868490,2339314,482,4413.0,4468.0
3670,2021-09-21,4556.0,4556.0,4277.0,4325.0,42086642600,2580350,590,4500.0,4277.0
3671,2021-09-22,4280.0,4474.0,4110.0,4254.0,36703578120,2287584,574,4325.0,4349.0
3672,2021-09-25,4460.0,4460.0,4262.0,4344.0,29205496320,1782456,448,4254.0,4376.0
3673,2021-09-26,4442.0,4442.0,4323.0,4338.0,19888122840,1215867,364,4344.0,4349.0
3674,2021-09-28,4150.0,4405.0,4150.0,4259.0,48470887630,3018642,636,4338.0,4177.0
3675,2021-09-29,4163.0,4360.0,4140.0,4246.0,25196142590,1573923,515,4259.0,4277.0
3676,2021-10-02,4224.0,4415.0,4224.0,4336.0,35750393110,2186014,623,4246.0,4341.0
3677,2021-10-03,4336.0,4426.0,4243.0,4323.0,27458905410,1684518,461,4336.0,4368.0
3678,2021-10-04,4368.0,4426.0,4328.0,4370.0,16098683430,976768,419,4323.0,4333.0
3679,2021-10-06,4246.0,4423.0,4246.0,4323.0,20717177500,1270804,466,4370.0,4320.0
3680,2021-10-09,4296.0,4323.0,4108.0,4201.0,17292793520,1091563,446,4323.0,4108.0
3681,2021-10-10,4100.0,4240.0,4031.0,4124.0,14520181530,933894,410,4201.0,4073.0
3682,2021-10-11,4010.0,4195.0,3986.0,4060.0,26921066310,1758020,448,4124.0,4007.0
3683,2021-10-12,3951.0,3967.0,3858.0,3861.0,28868440230,1982544,380,4060.0,3858.0
3684,2021-10-13,3691.0,3935.0,3675.0,3739.0,25846807660,1833317,444,3861.0,3681.0
3685,2021-10-16,3790.0,3898.0,3691.0,3800.0,36779536760,2566505,544,3739.0,3758.0
3686,2021-10-17,3758.0,3925.0,3713.0,3747.0,23479486100,1661896,339,3800.0,3766.0
3687,2021-10-18,3609.0,3845.0,3609.0,3750.0,33798737540,2390442,579,3747.0,3792.0
3688,2021-10-19,3713.0,3935.0,3713.0,3896.0,55283474760,3763905,479,3750.0,3935.0
3689,2021-10-20,4084.0,4089.0,3935.0,4087.0,100208603390,6504717,826,3896.0,4089.0
3690,2021-10-23,4163.0,4219.0,3882.0,4092.0,60012523810,3888188,1597,4087.0,3882.0
3691,2021-10-25,3898.0,4110.0,3898.0,4060.0,38898708290,2540178,658,4092.0,4079.0
3692,2021-10-26,3970.0,4110.0,3965.0,4028.0,32473969760,2137810,475,4060.0,4057.0
3693,2021-10-27,3872.0,4137.0,3872.0,4065.0,18733113890,1222188,391,4028.0,4044.0
3694,2021-10-30,4142.0,4171.0,3864.0,3901.0,23652575980,1607891,393,4065.0,3864.0
3695,2021-10-31,3713.0,3835.0,3707.0,3731.0,34529153490,2454041,343,3901.0,3707.0
3696,2021-11-01,3577.0,3914.0,3577.0,3699.0,49897389360,3576138,532,3731.0,3736.0
3697,2021-11-02,3636.0,3792.0,3596.0,3726.0,12726991780,905612,355,3699.0,3729.0
3698,2021-11-03,3726.0,3896.0,3660.0,3755.0,95166089030,6720172,788,3726.0,3885.0
3699,2021-11-06,3941.0,3941.0,3845.0,3938.0,43746637730,2945844,351,3755.0,3941.0
3700,2021-11-07,3925.0,4031.0,3837.0,3941.0,27549682720,1853653,570,3938.0,3927.0
3701,2021-11-08,3848.0,4028.0,3848.0,3951.0,18576879090,1246455,330,3941.0,3980.0
3702,2021-11-09,3925.0,4081.0,3925.0,4012.0,61365180510,4055910,594,3951.0,4033.0
3703,2021-11-10,4036.0,4084.0,4028.0,4044.0,26802201480,1758006,436,4012.0,4076.0
3704,2021-11-13,3911.0,4076.0,3911.0,3994.0,36532384160,2426061,332,4044.0,3951.0
3705,2021-11-14,3951.0,4031.0,3901.0,3967.0,22348228320,1494113,313,3994.0,3962.0
3706,2021-11-15,3911.0,3994.0,3856.0,3967.0,55717685520,3723896,345,3967.0,3938.0
3707,2021-11-16,3938.0,4004.0,3848.0,3972.0,26114468710,1743650,270,3967.0,4002.0
3708,2021-11-17,3925.0,4044.0,3906.0,3970.0,14477022000,966990,260,3972.0,3972.0
3709,2021-11-20,3972.0,3978.0,3774.0,3845.0,21608650670,1490159,664,3970.0,3774.0
3710,2021-11-21,3819.0,3880.0,3715.0,3758.0,22324181270,1575957,650,3845.0,3750.0
3711,2021-11-22,3824.0,3943.0,3755.0,3851.0,49492396220,3409326,587,3758.0,3845.0
3712,2021-11-23,3898.0,3972.0,3851.0,3885.0,24234888160,1653838,345,3851.0,3858.0
3713,2021-11-24,3805.0,3911.0,3795.0,3869.0,23302414810,1596748,273,3885.0,3861.0
3714,2021-11-27,3752.0,3858.0,3713.0,3760.0,12789417790,905408,295,3869.0,3715.0
3715,2021-11-28,3713.0,3790.0,3649.0,3729.0,7868000460,563676,243,3760.0,3654.0
3716,2021-11-29,3660.0,3760.0,3553.0,3665.0,8091767670,592979,249,3729.0,3607.0
3717,2021-11-30,3660.0,3763.0,3580.0,3723.0,14525530330,1034428,327,3665.0,3744.0
3718,2021-12-01,3686.0,3845.0,3673.0,3790.0,14883086370,1041296,357,3723.0,3766.0
3719,2021-12-04,3718.0,3896.0,3686.0,3742.0,15601319350,1105492,304,3790.0,3766.0
3720,2021-12-05,3808.0,3808.0,3633.0,3734.0,15798910510,1121723,300,3742.0,3633.0
3721,2021-12-06,3739.0,3739.0,3577.0,3662.0,18289829270,1324245,289,3734.0,3593.0
3722,2021-12-07,3580.0,3707.0,3559.0,3636.0,15981839660,1165669,320,3662.0,3636.0
3723,2021-12-08,3609.0,3713.0,3567.0,3609.0,26440847560,1942472,510,3636.0,3607.0
3724,2021-12-11,3657.0,3657.0,3503.0,3514.0,38393788840,2897981,345,3609.0,3514.0
3725,2021-12-12,3437.0,3524.0,3437.0,3500.0,6108121940,464892,143,3514.0,3522.0
3726,2021-12-13,3368.0,3432.0,3325.0,3339.0,21088897600,1675183,223,3500.0,3325.0
3727,2021-12-14,3288.0,3288.0,3174.0,3185.0,26600145660,2215409,454,3339.0,3180.0
3728,2021-12-15,3219.0,3235.0,3132.0,3185.0,9247607960,769569,192,3185.0,3233.0
3729,2021-12-18,3233.0,3333.0,3209.0,3222.0,8996264160,734182,234,3185.0,3256.0
3730,2021-12-19,3256.0,3312.0,3209.0,3243.0,11868772900,968953,208,3222.0,3283.0
3731,2021-12-20,3283.0,3405.0,3246.0,3376.0,28946738660,2274701,542,3243.0,3405.0
3732,2021-12-21,3453.0,3543.0,3453.0,3532.0,21304472490,1599108,587,3376.0,3540.0
3733,2021-12-22,3585.0,3699.0,3535.0,3630.0,28270368350,2064286,464,3532.0,3699.0
3734,2021-12-25,3760.0,3760.0,3636.0,3734.0,20426677160,1450474,394,3630.0,3752.0
3735,2021-12-26,3686.0,3766.0,3607.0,3729.0,13770353090,979669,363,3734.0,3739.0
3736,2021-12-27,3729.0,3819.0,3660.0,3747.0,37763533160,2673500,635,3729.0,3713.0
3737,2022-02-13,3560.0,3560.0,3560.0,3560.0,16317293366,3685858,144,3747.0,3560.0
3738,2022-02-14,3382.0,3456.0,3382.0,3386.0,133614656964,31727908,1201,3560.0,3425.0
3739,2022-02-16,3425.0,3425.0,3217.0,3232.0,41406598107,10300235,1154,3386.0,3265.0
3740,2022-02-19,3217.0,3321.0,3120.0,3173.0,26089813605,6611141,853,3232.0,3128.0
3741,2022-02-20,3096.0,3168.0,3015.0,3035.0,24419389548,6468878,763,3173.0,3035.0
3742,2022-02-21,3055.0,3187.0,2975.0,3151.0,35998419355,9184706,857,3035.0,3187.0
3743,2022-02-22,3289.0,3289.0,3153.0,3214.0,31512409180,7883952,714,3151.0,3249.0
3744,2022-02-23,3289.0,3289.0,3097.0,3152.0,19238513434,4908289,699,3214.0,3126.0
3745,2022-02-26,3184.0,3184.0,3047.0,3112.0,14623239423,3779047,526,3152.0,3049.0
3746,2022-02-27,3056.0,3132.0,3039.0,3097.0,6651381113,1736119,267,3112.0,3080.0
3747,2022-02-28,3128.0,3128.0,3035.0,3069.0,13540259976,3549408,419,3097.0,3035.0
3748,2022-03-02,3072.0,3144.0,2993.0,3058.0,17091069466,4494691,445,3069.0,3023.0
3749,2022-03-05,3056.0,3200.0,2975.0,3113.0,32816909594,8475575,645,3058.0,3198.0
3750,2022-03-06,3248.0,3248.0,3160.0,3216.0,30159222247,7539055,808,3113.0,3229.0
3751,2022-03-07,3265.0,3368.0,3144.0,3299.0,50028176096,12193172,1226,3216.0,3297.0
3752,2022-03-08,3329.0,3337.0,3161.0,3268.0,37057603942,9117596,623,3299.0,3200.0
3753,2022-03-09,3184.0,3365.0,3184.0,3300.0,35686580907,8695651,888,3268.0,3277.0
3754,2022-03-12,3289.0,3289.0,3135.0,3139.0,27516413985,7047743,553,3300.0,3135.0
3755,2022-03-13,3099.0,3136.0,2999.0,3066.0,14034882957,3681101,475,3139.0,3036.0
3756,2022-03-14,3066.0,3096.0,2979.0,3029.0,17263740293,4582660,491,3066.0,3015.0
3757,2022-03-15,2984.0,3086.0,2976.0,3034.0,18089804314,4794683,416,3029.0,3034.0
3758,2022-03-16,3056.0,3110.0,2980.0,3054.0,38580645361,10157090,540,3034.0,3056.0
3759,2022-03-19,3100.0,3176.0,3056.0,3128.0,48520608921,12471828,586,3054.0,3176.0
3760,2022-03-26,3152.0,3241.0,3152.0,3194.0,26555638718,6684911,572,3128.0,3200.0
3761,2022-03-27,3232.0,3246.0,3176.0,3207.0,19637341100,4924362,532,3194.0,3183.0
3762,2022-03-28,3192.0,3293.0,3136.0,3231.0,60732970933,15115616,1160,3207.0,3226.0
3763,2022-03-29,3273.0,3273.0,3160.0,3213.0,19070702879,4772698,581,3231.0,3184.0
3764,2022-03-30,3145.0,3253.0,3145.0,3220.0,19310349887,4822772,542,3213.0,3241.0
3765,2022-04-03,3217.0,3380.0,3216.0,3366.0,95905708367,22912813,794,3220.0,3380.0
3766,2022-04-04,3534.0,3534.0,3434.0,3532.0,203565302111,46335088,1534,3366.0,3534.0
3767,2022-04-05,3538.0,3708.0,3534.0,3682.0,146553475752,32004001,1986,3532.0,3708.0
3768,2022-04-06,3779.0,3779.0,3499.0,3622.0,79102416859,17558033,1434,3682.0,3538.0
3769,2022-04-09,3570.0,3578.0,3466.0,3524.0,42779250946,9760062,790,3622.0,3531.0
3770,2022-04-10,3586.0,3683.0,3562.0,3617.0,29425521804,6542254,661,3524.0,3583.0
3771,2022-04-11,3643.0,3643.0,3539.0,3581.0,30584159867,6867144,594,3617.0,3558.0
3772,2022-04-12,3532.0,3538.0,3403.0,3407.0,56562085946,13349367,700,3581.0,3403.0
3773,2022-04-13,3261.0,3577.0,3261.0,3560.0,80387764761,18157814,861,3407.0,3577.0
3774,2022-04-16,3626.0,3737.0,3562.0,3674.0,79372958782,17370287,1381,3560.0,3663.0
3775,2022-04-17,3659.0,3778.0,3586.0,3689.0,52029152855,11341223,868,3674.0,3738.0
3776,2022-04-18,3707.0,3907.0,3707.0,3805.0,48329269443,10213808,1015,3689.0,3734.0
3777,2022-04-19,3732.0,3868.0,3659.0,3802.0,33353551194,7055212,775,3805.0,3824.0
3778,2022-04-20,3783.0,3860.0,3715.0,3774.0,28852619586,6146053,602,3802.0,3755.0
3779,2022-04-24,3699.0,3803.0,3549.0,3641.0,35171108369,7767494,757,3774.0,3626.0
3780,2022-04-25,3618.0,3859.0,3554.0,3774.0,70618928653,15047940,1163,3641.0,3795.0
3781,2022-04-26,3836.0,3900.0,3774.0,3827.0,50247283775,10556567,1028,3774.0,3779.0
3782,2022-04-27,3819.0,3860.0,3692.0,3733.0,42283333045,9106048,929,3827.0,3713.0
3783,2022-04-30,3779.0,3836.0,3684.0,3769.0,62856030423,13410151,1089,3733.0,3811.0
3784,2022-05-01,3795.0,3813.0,3751.0,3784.0,39982744480,8495287,601,3769.0,3779.0
3785,2022-05-02,3827.0,3846.0,3699.0,3772.0,27281126181,5815330,695,3784.0,3819.0
3786,2022-05-07,3779.0,3939.0,3779.0,3907.0,59339003560,12212266,974,3772.0,3885.0
3787,2022-05-08,3917.0,3917.0,3699.0,3803.0,45388089575,9596181,1125,3907.0,3763.0
3788,2022-05-09,3713.0,3819.0,3684.0,3749.0,55277926093,11857161,756,3803.0,3684.0
3789,2022-05-10,3675.0,3755.0,3675.0,3713.0,29265522349,6336959,493,3749.0,3733.0
3790,2022-05-11,3731.0,3856.0,3683.0,3794.0,38183616924,8093924,696,3713.0,3763.0
3791,2022-05-14,3827.0,3852.0,3712.0,3764.0,36783141332,7857517,925,3794.0,3739.0
3792,2022-05-15,3707.0,3868.0,3707.0,3799.0,46839519077,9914034,985,3764.0,3801.0
3793,2022-05-16,3852.0,3852.0,3748.0,3776.0,26632799286,5671016,855,3799.0,3770.0
3794,2022-05-17,3772.0,3885.0,3772.0,3823.0,28703705111,6036839,709,3776.0,3811.0
3795,2022-05-18,3811.0,3850.0,3763.0,3782.0,26209377832,5571203,426,3823.0,3782.0
3796,2022-05-21,3763.0,3763.0,3659.0,3707.0,17505239206,3797097,516,3782.0,3671.0
3797,2022-05-22,3659.0,3775.0,3659.0,3700.0,30308804955,6587481,463,3707.0,3699.0
3798,2022-05-23,3667.0,3699.0,3478.0,3502.0,70515863093,16190213,1072,3700.0,3478.0
3799,2022-05-24,3345.0,3561.0,3345.0,3473.0,45889848821,10625155,694,3502.0,3498.0
3800,2022-05-25,3535.0,3602.0,3490.0,3531.0,25388371153,5782293,563,3473.0,3528.0
3801,2022-05-28,3538.0,3602.0,3377.0,3515.0,17607189784,4028453,408,3531.0,3457.0
3802,2022-05-29,3497.0,3521.0,3321.0,3409.0,27120241292,6397693,496,3515.0,3452.0
3803,2022-05-30,3454.0,3504.0,3337.0,3406.0,13571233284,3204302,392,3409.0,3385.0
3804,2022-05-31,3323.0,3530.0,3323.0,3429.0,22252174717,5217434,574,3406.0,3458.0
3805,2022-06-01,3442.0,3522.0,3357.0,3398.0,16452646201,3892836,537,3429.0,3357.0
3806,2022-06-06,3442.0,3442.0,3195.0,3236.0,37355747866,9282086,722,3398.0,3224.0
3807,2022-06-07,3265.0,3344.0,3176.0,3252.0,13234313978,3271252,373,3236.0,3249.0
3808,2022-06-08,3187.0,3334.0,3186.0,3274.0,8666084535,2118700,242,3252.0,3269.0
3809,2022-06-11,3224.0,3337.0,3184.0,3282.0,38651989622,9471882,446,3274.0,3273.0
3810,2022-06-12,3425.0,3444.0,3257.0,3379.0,23881183624,5682919,531,3282.0,3410.0
3811,2022-06-13,3446.0,3446.0,3347.0,3391.0,41090207110,9743031,687,3379.0,3353.0
3812,2022-06-14,3424.0,3458.0,3257.0,3334.0,35500791019,8563687,817,3391.0,3262.0
3813,2022-06-15,3257.0,3329.0,3199.0,3232.0,28763217471,7157211,1000,3334.0,3204.0
3814,2022-06-18,3281.0,3281.0,3085.0,3130.0,27822119041,7146354,821,3232.0,3112.0
3815,2022-06-19,3140.0,3200.0,3088.0,3146.0,16998479841,4343884,445,3130.0,3136.0
3816,2022-06-20,3136.0,3212.0,3117.0,3150.0,24937363195,6366043,510,3146.0,3152.0
3817,2022-06-21,3130.0,3238.0,3104.0,3155.0,31068074326,7917807,520,3150.0,3168.0
3818,2022-06-22,3167.0,3232.0,3136.0,3187.0,12298180295,3095809,320,3155.0,3208.0
3819,2022-06-25,3216.0,3313.0,3178.0,3220.0,19827687941,4952069,588,3187.0,3179.0
3820,2022-06-26,3224.0,3224.0,3027.0,3077.0,58154555849,15195872,540,3220.0,3098.0
3821,2022-06-27,3032.0,3190.0,3032.0,3144.0,14686600173,3755945,364,3077.0,3165.0
3822,2022-06-28,3192.0,3232.0,3120.0,3154.0,13985468025,3564629,418,3144.0,3167.0
3823,2022-06-29,3192.0,3192.0,3120.0,3142.0,17598039070,4502671,352,3154.0,3154.0
3824,2022-07-02,3136.0,3199.0,3088.0,3121.0,13350750968,3442941,295,3142.0,3088.0
3825,2022-07-03,3088.0,3168.0,3056.0,3110.0,17929726854,4635717,357,3121.0,3120.0
3826,2022-07-04,3113.0,3183.0,3097.0,3126.0,14315358011,3680938,256,3110.0,3144.0
3827,2022-07-05,3136.0,3196.0,3082.0,3139.0,17266182699,4422301,422,3126.0,3176.0
3828,2022-07-06,3144.0,3199.0,3056.0,3138.0,10184019786,2609844,328,3139.0,3120.0
3829,2022-07-09,3130.0,3152.0,3086.0,3126.0,13517050899,3478219,400,3138.0,3103.0
3830,2022-07-17,3000.0,3188.0,2939.0,3078.0,18423024368,5522763,480,3126.0,2957.0
3831,2022-07-19,2950.0,3072.0,2894.0,2955.0,26068423398,8140035,688,3078.0,2990.0
3832,2022-07-20,3015.0,3015.0,2953.0,2966.0,11370594833,3534887,419,2955.0,2981.0
3833,2022-07-23,3042.0,3042.0,2944.0,2976.0,16243963854,5036668,540,2966.0,2949.0
3834,2022-07-24,2985.0,2989.0,2916.0,2950.0,18552528865,5803046,329,2976.0,2937.0
3835,2022-07-25,2907.0,2907.0,2774.0,2870.0,10325651458,3356463,311,2950.0,2799.0
3836,2022-07-26,2774.0,2888.0,2774.0,2827.0,13138355451,4293225,317,2870.0,2856.0
3837,2022-07-27,2768.0,2861.0,2768.0,2827.0,15638937679,5104346,228,2827.0,2842.0
3838,2022-07-30,2750.0,2990.0,2750.0,2859.0,10455747932,3357787,357,2827.0,2833.0
3839,2022-07-31,2879.0,2879.0,2689.0,2761.0,13106021697,4397445,379,2859.0,2748.0
3840,2022-08-01,2731.0,2805.0,2731.0,2762.0,4669010404,1558513,239,2761.0,2746.0
3841,2022-08-02,2722.0,2814.0,2634.0,2748.0,10627978399,3575834,410,2762.0,2773.0
3842,2022-08-03,2749.0,2812.0,2748.0,2754.0,3626940716,1206101,178,2748.0,2796.0
3843,2022-08-06,2814.0,2907.0,2778.0,2840.0,22566525390,7330767,420,2754.0,2891.0
3844,2022-08-09,2897.0,2914.0,2843.0,2865.0,7953155040,2539515,230,2840.0,2867.0
3845,2022-08-10,2861.0,2905.0,2787.0,2862.0,8382151510,2704919,301,2865.0,2870.0
3846,2022-08-13,2826.0,2926.0,2824.0,2882.0,10301950404,3288660,290,2862.0,2910.0
3847,2022-08-14,2861.0,2909.0,2852.0,2877.0,4251455670,1369352,189,2882.0,2865.0
3848,2022-08-15,2865.0,2909.0,2826.0,2862.0,12483006304,4028706,295,2877.0,2878.0
3849,2022-08-16,2858.0,2907.0,2858.0,2874.0,9355775893,2995431,247,2862.0,2885.0
3850,2022-08-17,2852.0,2897.0,2845.0,2862.0,12055643550,3890092,255,2874.0,2848.0
3851,2022-08-20,2906.0,2909.0,2861.0,2875.0,6441923800,2054231,257,2862.0,2897.0
3852,2022-08-21,2915.0,2939.0,2889.0,2885.0,3965450951,1255906,189,2875.0,2915.0
3853,2022-08-22,2888.0,2943.0,2888.0,2894.0,4228730573,1338962,149,2885.0,2912.0
3854,2022-08-23,2897.0,2981.0,2897.0,2927.0,8648472053,2701951,271,2894.0,2966.0
3855,2022-08-24,2929.0,3102.0,2929.0,3024.0,14295012622,4346065,483,2927.0,3102.0
3856,2022-08-27,3146.0,3189.0,3079.0,3129.0,14260838914,4193144,561,3024.0,3124.0
3857,2022-08-28,3124.0,3124.0,3029.0,3112.0,3493019157,1054348,211,3129.0,3064.0
3858,2022-08-29,3029.0,3116.0,3028.0,3103.0,3593556053,1079405,194,3112.0,3087.0
3859,2022-08-30,3046.0,3110.0,3030.0,3077.0,8990698428,2712125,285,3103.0,3091.0
3860,2022-08-31,3036.0,3119.0,3036.0,3066.0,14330664395,4314019,223,3077.0,3077.0
3861,2022-09-03,3036.0,3073.0,2962.0,3037.0,10445512838,3186487,275,3066.0,3013.0
3862,2022-09-04,3008.0,3070.0,3008.0,3038.0,2606066047,790064,116,3037.0,3045.0
3863,2022-09-05,2999.0,3147.0,2999.0,3084.0,11130500018,3312584,252,3038.0,3118.0
3864,2022-09-06,3137.0,3137.0,3017.0,3046.0,11261389043,3425122,242,3084.0,3060.0
3865,2022-09-07,3082.0,3082.0,3009.0,3043.0,2804339467,854001,121,3046.0,3051.0
3866,2022-09-10,3008.0,3008.0,2962.0,3022.0,5463780740,1689088,159,3043.0,2995.0
3867,2022-09-11,2954.0,3027.0,2925.0,3001.0,6785036567,2104188,250,3022.0,3017.0
3868,2022-09-12,2999.0,3044.0,2962.0,3001.0,5678506801,1746343,144,3001.0,3042.0
3869,2022-09-13,2999.0,3054.0,2974.0,3016.0,7265327509,2212235,201,3001.0,3032.0
3870,2022-09-14,3064.0,3064.0,3001.0,3027.0,7759839593,2357984,166,3016.0,3029.0
3871,2022-09-18,2981.0,3008.0,2944.0,2991.0,10906136322,3378733,165,3027.0,2969.0
3872,2022-09-19,2953.0,3014.0,2934.0,2988.0,4625806384,1431103,138,2991.0,3014.0
3873,2022-09-20,2945.0,3016.0,2945.0,2988.0,5497650060,1697368,128,2988.0,2995.0
3874,2022-09-21,2944.0,3016.0,2935.0,2979.0,20393088049,6318458,185,2988.0,2999.0
3875,2022-09-24,2944.0,2944.0,2842.0,2925.0,7742795359,2482660,243,2979.0,2921.0
3876,2022-09-26,2926.0,2971.0,2861.0,2932.0,5280520162,1655473,169,2925.0,2925.0
3877,2022-09-28,2981.0,2990.0,2921.0,2937.0,3773138101,1178438,170,2932.0,2921.0
3878,2022-10-01,2907.0,2934.0,2861.0,2922.0,4468540601,1428112,145,2937.0,2870.0
3879,2022-10-02,2825.0,2906.0,2825.0,2912.0,4310817390,1377437,118,2922.0,2906.0
3880,2022-10-03,2949.0,2949.0,2843.0,2907.0,2646201412,847111,149,2912.0,2849.0
3881,2022-10-04,2850.0,2945.0,2827.0,2885.0,6208439067,2004955,189,2907.0,2863.0
3882,2022-10-08,2953.0,2989.0,2872.0,2895.0,6397407948,2030938,216,2885.0,2879.0
3883,2022-10-09,2815.0,2951.0,2815.0,2875.0,10858754791,3493281,197,2895.0,2888.0
3884,2022-10-10,2819.0,2933.0,2819.0,2873.0,5535047286,1779198,113,2875.0,2852.0
3885,2022-10-11,2832.0,2907.0,2828.0,2876.0,5786538274,1854216,154,2873.0,2861.0
3886,2022-10-12,2835.0,2891.0,2835.0,2875.0,4184050526,1343582,126,2876.0,2870.0
3887,2022-10-15,2824.0,2888.0,2824.0,2872.0,4550029367,1466314,156,2875.0,2843.0
3888,2022-10-16,2822.0,2861.0,2772.0,2848.0,6849183461,2241763,191,2872.0,2844.0
3889,2022-10-17,2856.0,2856.0,2788.0,2839.0,5626736179,1836675,114,2848.0,2849.0
3890,2022-10-18,2804.0,2879.0,2750.0,2809.0,9883320952,3262847,237,2839.0,2791.0
3891,2022-10-19,2759.0,2823.0,2756.0,2798.0,5379844438,1785630,174,2809.0,2768.0
3892,2022-10-22,2750.0,2800.0,2722.0,2766.0,9616698882,3227682,267,2798.0,2745.0
3893,2022-10-23,2732.0,2865.0,2658.0,2776.0,10746702721,3568611,307,2766.0,2805.0
3894,2022-10-24,2878.0,2878.0,2639.0,2743.0,7372647935,2509252,238,2776.0,2727.0
3895,2022-10-25,2642.0,2736.0,2551.0,2683.0,6693278754,2358741,289,2743.0,2584.0
3896,2022-10-26,2519.0,2653.0,2512.0,2634.0,6328513929,2266841,249,2683.0,2515.0
3897,2022-10-29,2519.0,2638.0,2500.0,2621.0,7590379625,2687042,201,2634.0,2556.0
3898,2022-10-30,2602.0,2647.0,2539.0,2612.0,3218865901,1149250,148,2621.0,2639.0
3899,2022-10-31,2602.0,2718.0,2602.0,2624.0,2927127078,1010580,163,2612.0,2676.0
3900,2022-11-01,2694.0,2740.0,2639.0,2641.0,4142688459,1422634,195,2624.0,2694.0
3901,2022-11-02,2713.0,2722.0,2602.0,2650.0,3027802353,1039761,149,2641.0,2705.0
3902,2022-11-05,2705.0,2786.0,2677.0,2710.0,9211992491,3089020,302,2650.0,2768.0
3903,2022-11-06,2725.0,2897.0,2725.0,2825.0,18263606217,5966082,418,2710.0,2828.0
3904,2022-11-07,2789.0,3022.0,2789.0,2990.0,27475431812,8480368,465,2825.0,3022.0
3905,2022-11-08,3135.0,3198.0,3046.0,3186.0,78681960202,22785241,905,2990.0,3198.0
3906,2022-11-09,3239.0,3320.0,3001.0,3212.0,42512452201,12212453,725,3186.0,3251.0
3907,2022-11-12,3294.0,3294.0,3082.0,3162.0,16566211261,4834675,457,3212.0,3137.0
3908,2022-11-13,3103.0,3227.0,3103.0,3171.0,15921766139,4633905,332,3162.0,3137.0
3909,2022-11-14,3122.0,3183.0,3064.0,3124.0,15492464272,4574786,319,3171.0,3064.0
3910,2022-11-15,3137.0,3137.0,3082.0,3120.0,8186319241,2424352,185,3124.0,3091.0
3911,2022-11-16,3083.0,3137.0,2990.0,3112.0,4727172310,1407774,181,3120.0,3121.0
3912,2022-11-19,3112.0,3112.0,2921.0,3062.0,5697925527,1761671,273,3112.0,3007.0
3913,2022-11-20,2955.0,3114.0,2955.0,3061.0,7178558679,2164746,219,3062.0,3045.0
3914,2022-11-21,3165.0,3165.0,3001.0,3053.0,5553824769,1685250,141,3061.0,3033.0
3915,2022-11-22,3100.0,3211.0,3029.0,3113.0,11087522683,3262988,316,3053.0,3156.0
3916,2022-11-23,3147.0,3293.0,3147.0,3244.0,28257724793,8037621,478,3113.0,3257.0
3917,2022-11-26,3248.0,3284.0,3159.0,3209.0,11217479601,3236337,305,3244.0,3165.0
3918,2022-11-27,3157.0,3234.0,3114.0,3172.0,9804348022,2868860,372,3209.0,3208.0
3919,2022-11-28,3174.0,3393.0,3172.0,3369.0,78795876312,21583044,1036,3172.0,3393.0
3920,2022-11-29,3408.0,3501.0,3304.0,3407.0,32693202093,8853993,753,3369.0,3369.0
3921,2022-11-30,3370.0,3403.0,3267.0,3326.0,20485135549,5684619,494,3407.0,3324.0
3922,2022-12-03,3322.0,3350.0,3268.0,3321.0,12907440463,3586795,308,3326.0,3327.0
3923,2022-12-04,3321.0,3386.0,3280.0,3331.0,8462144698,2338092,338,3321.0,3368.0
3924,2022-12-05,3368.0,3459.0,3327.0,3372.0,12597596517,3438348,341,3331.0,3368.0
3925,2022-12-06,3354.0,3362.0,3277.0,3345.0,9679707550,2681747,227,3372.0,3347.0
3926,2022-12-07,3296.0,3366.0,3276.0,3303.0,14400905496,4025768,393,3345.0,3329.0
3927,2022-12-10,3294.0,3321.0,3157.0,3257.0,23519268904,6663147,357,3303.0,3244.0
3928,2022-12-11,3220.0,3373.0,3220.0,3319.0,27777864516,7723368,428,3257.0,3322.0
3929,2022-12-12,3322.0,3551.0,3322.0,3534.0,55135903946,14396821,980,3319.0,3551.0
3930,2022-12-13,3694.0,3764.0,3608.0,3696.0,37553743783,9375892,888,3534.0,3710.0
3931,2022-12-14,3761.0,3813.0,3654.0,3715.0,38527979157,9568705,823,3696.0,3694.0
3932,2022-12-17,3673.0,3783.0,3553.0,3705.0,31438508478,7829971,842,3715.0,3761.0
3933,2022-12-18,3783.0,3931.0,3728.0,3838.0,39247948004,9436832,726,3705.0,3820.0
3934,2022-12-19,3788.0,3903.0,3719.0,3803.0,18776484895,4555797,576,3838.0,3754.0
3935,2022-12-20,3710.0,3820.0,3609.0,3738.0,30822986339,7608115,480,3803.0,3762.0
3936,2022-12-21,3762.0,3894.0,3710.0,3791.0,26915378789,6552473,605,3738.0,3865.0
3937,2022-12-24,3913.0,4023.0,3857.0,3953.0,23312725508,5441858,635,3791.0,3973.0
3938,2022-12-25,4021.0,4050.0,3923.0,3980.0,38926544558,9025162,889,3953.0,3959.0
3939,2022-12-26,4023.0,4258.0,3968.0,4196.0,75746510748,16658566,1398,3980.0,4258.0
3940,2022-12-28,4426.0,4489.0,4259.0,4445.0,83994754527,17437933,1516,4196.0,4487.0
3941,2022-12-31,4485.0,4485.0,4134.0,4198.0,92431428473,20317449,1803,4445.0,4188.0
3942,2023-01-01,4134.0,4379.0,3957.0,4129.0,47316416905,10573384,1083,4198.0,4108.0
3943,2023-01-02,4024.0,4418.0,4024.0,4343.0,62002615008,13172141,1175,4129.0,4351.0
3944,2023-01-03,4447.0,4447.0,4125.0,4241.0,82679192738,17988933,1500,4343.0,4171.0
3945,2023-01-04,4235.0,4235.0,4025.0,4087.0,42831391957,9671074,868,4241.0,4088.0
3946,2023-01-07,4062.0,4245.0,4031.0,4116.0,60022303470,13459130,938,4087.0,4124.0
3947,2023-01-08,4145.0,4299.0,4102.0,4171.0,53119813274,11752468,1069,4116.0,4120.0
3948,2023-01-09,4143.0,4188.0,4019.0,4067.0,82558090543,18734890,1278,4171.0,4104.0
3949,2023-01-10,4104.0,4217.0,4056.0,4121.0,37717893173,8445881,794,4067.0,4081.0
3950,2023-01-11,4134.0,4134.0,3972.0,4032.0,43232005206,9894689,791,4121.0,4024.0
3951,2023-01-14,3972.0,4023.0,3878.0,3997.0,29129490863,6723974,623,4032.0,4008.0
3952,2023-01-16,4005.0,4152.0,4005.0,4118.0,45403704547,10173359,875,3997.0,4147.0
3953,2023-01-17,4162.0,4198.0,4032.0,4104.0,29914164069,6726682,803,4118.0,4047.0
3954,2023-01-18,4032.0,4291.0,4023.0,4144.0,65719357174,14632737,1078,4104.0,4180.0
3955,2023-01-21,4189.0,4243.0,4015.0,4104.0,33565216822,7545560,725,4144.0,4088.0
3956,2023-01-22,4001.0,4162.0,3922.0,4044.0,24000442233,5477241,636,4104.0,4103.0
3957,2023-01-23,4106.0,4152.0,3902.0,3983.0,26037699239,6032436,585,4044.0,3964.0
3958,2023-01-24,4014.0,4023.0,3784.0,3850.0,38745922455,9286960,733,3983.0,3847.0
3959,2023-01-25,3857.0,3931.0,3641.0,3712.0,31531308631,7837424,678,3850.0,3655.0
3960,2023-01-28,3628.0,3718.0,3534.0,3600.0,21384359825,5481790,569,3712.0,3597.0
3961,2023-01-29,3520.0,3597.0,3348.0,3397.0,34885336068,9477863,705,3600.0,3378.0
3962,2023-01-30,3348.0,3460.0,3230.0,3389.0,28340181890,7715645,590,3397.0,3419.0
3963,2023-01-31,3350.0,3497.0,3330.0,3410.0,13473514876,3646066,412,3389.0,3395.0
3964,2023-02-01,3423.0,3479.0,3363.0,3391.0,14888368212,4051181,350,3410.0,3368.0
3965,2023-02-05,3359.0,3412.0,3154.0,3236.0,31774746201,9059112,523,3391.0,3218.0
3966,2023-02-06,3230.0,3271.0,3148.0,3223.0,11096709986,3180656,352,3236.0,3230.0
3967,2023-02-07,3285.0,3348.0,3230.0,3309.0,17465466476,4870001,386,3223.0,3294.0
3968,2023-02-08,3295.0,3377.0,3276.0,3320.0,10069011373,2794553,314,3309.0,3317.0
3969,2023-02-12,3354.0,3392.0,3283.0,3355.0,18441035660,5072432,417,3320.0,3340.0
3970,2023-02-13,3375.0,3396.0,3313.0,3348.0,7065653471,1952369,288,3355.0,3322.0
3971,2023-02-14,3359.0,3359.0,3285.0,3323.0,8728800479,2436983,250,3348.0,3287.0
3972,2023-02-15,3286.0,3322.0,3219.0,3256.0,14870904331,4214486,254,3323.0,3303.0
3973,2023-02-19,3166.0,3321.0,3166.0,3257.0,10430146545,2954635,277,3256.0,3250.0
3974,2023-02-20,3303.0,3485.0,3230.0,3423.0,41262206546,11120607,566,3257.0,3451.0
3975,2023-02-21,3552.0,3617.0,3470.0,3551.0,60360227612,15685793,946,3423.0,3507.0
3976,2023-02-22,3516.0,3516.0,3303.0,3427.0,21687126556,5838801,464,3551.0,3441.0
3977,2023-02-25,3462.0,3666.0,3462.0,3653.0,42303761733,10686559,657,3427.0,3666.0
3978,2023-02-26,3801.0,3895.0,3599.0,3741.0,65218080408,16088891,1303,3653.0,3677.0
3979,2023-02-27,3648.0,3755.0,3624.0,3654.0,36684099462,9263406,1475,3741.0,3636.0
3980,2023-02-28,3705.0,3724.0,3601.0,3684.0,50586007855,12671559,910,3654.0,3680.0
3981,2023-03-01,3646.0,3849.0,3646.0,3753.0,53080190140,13051360,938,3684.0,3674.0
3982,2023-03-04,3691.0,3722.0,3600.0,3658.0,32894455248,8298995,677,3753.0,3679.0
3983,2023-03-05,3603.0,3710.0,3601.0,3674.0,25610466586,6431676,449,3658.0,3636.0
3984,2023-03-06,3626.0,3931.0,3619.0,3882.0,145213668127,34520515,985,3674.0,3931.0
3985,2023-03-07,4153.0,4153.0,4153.0,4153.0,130656130745,29028245,496,3882.0,4153.0
3986,2023-03-11,4444.0,4444.0,4179.0,4385.0,349860520145,73626772,2624,4153.0,4308.0
3987,2023-03-12,4226.0,4291.0,4080.0,4196.0,89286720486,19636335,1115,4385.0,4253.0
3988,2023-03-13,4245.0,4489.0,4235.0,4460.0,152692604104,31591794,1168,4196.0,4489.0
3989,2023-03-14,4763.0,4772.0,4595.0,4743.0,279581376833,54396276,2784,4460.0,4761.0
3990,2023-03-15,4772.0,4825.0,4595.0,4700.0,148342114939,29126113,2495,4743.0,4688.0
3991,2023-03-18,4780.0,5020.0,4706.0,4928.0,116550536150,21838093,1335,4700.0,5020.0
3992,2023-03-19,5066.0,5269.0,4928.0,5158.0,59474143790,10635256,1046,4928.0,5167.0
3993,2023-03-25,5223.0,5518.0,4909.0,5370.0,190611137830,32726670,1650,5158.0,5435.0
3994,2023-03-26,5370.0,5610.0,5370.0,5518.0,16528870930,2762977,162,5370.0,5537.0
3995,2023-03-29,5869.0,5869.0,5241.0,5444.0,279959777800,47470381,4667,5518.0,5389.0
3996,2023-04-03,5121.0,5583.0,5121.0,5463.0,278419194630,47031720,5145,5444.0,5509.0
3997,2023-04-04,5620.0,5620.0,5306.0,5472.0,208055516990,35111182,4339,5463.0,5454.0
3998,2023-04-05,5472.0,5850.0,5334.0,5767.0,360297251530,57686623,3174,5472.0,5850.0
3999,2023-04-08,5989.0,6164.0,5989.0,6155.0,379259653300,56886652,2374,5767.0,6164.0
4000,2023-04-09,6450.0,6533.0,6007.0,6312.0,372388447940,54425450,4144,6155.0,6275.0
4001,2023-04-10,6367.0,6459.0,5878.0,6183.0,346735969090,51720390,4007,6312.0,5998.0
4002,2023-04-11,5813.0,6570.0,5813.0,6376.0,308583040190,44679449,5257,6183.0,6515.0
4003,2023-04-15,6598.0,6662.0,6413.0,6533.0,265342699360,37479804,3518,6376.0,6496.0
4004,2023-04-16,6542.0,6607.0,6219.0,6367.0,350640261780,50819598,5746,6533.0,6302.0
4005,2023-04-17,6367.0,6404.0,6099.0,6275.0,192830159960,28347308,3063,6367.0,6266.0
4006,2023-04-18,6284.0,6644.0,6136.0,6432.0,215267091500,30876907,2636,6275.0,6330.0
4007,2023-04-19,6330.0,6330.0,6044.0,6164.0,180609486090,27027003,3547,6432.0,6090.0
4008,2023-04-24,6219.0,6219.0,5795.0,5933.0,120153502420,18693146,2595,6164.0,5961.0
4009,2023-04-25,6016.0,6229.0,5906.0,6072.0,121419989860,18457677,2089,5933.0,5998.0
4010,2023-04-29,6219.0,6219.0,5924.0,6063.0,123568630960,18819851,2099,6072.0,6164.0
4011,2023-04-30,6201.0,6275.0,6007.0,6118.0,111186424330,16761411,1853,6063.0,6164.0
4012,2023-05-01,6210.0,6459.0,6007.0,6266.0,275720523030,40579517,3226,6118.0,6404.0
4013,2023-05-02,6478.0,6699.0,6413.0,6672.0,440179961020,60841988,2492,6266.0,6699.0
4014,2023-05-03,6967.0,7050.0,6699.0,6865.0,298741534060,40147786,3244,6672.0,6755.0
4015,2023-05-06,6644.0,6875.0,6478.0,6662.0,419256939810,58045615,4872,6865.0,6773.0
4016,2023-05-07,6792.0,6875.0,6201.0,6367.0,137988283840,19992265,1606,6662.0,6201.0
4017,2023-05-08,5924.0,5998.0,5924.0,5924.0,62768372070,9775452,721,6367.0,5924.0
4018,2023-05-09,5518.0,5961.0,5518.0,5666.0,173065740790,28193296,2057,5924.0,5749.0
4019,2023-05-10,5813.0,5989.0,5278.0,5389.0,122585397280,20991256,1576,5666.0,5278.0
4020,2023-05-13,5084.0,5343.0,5020.0,5057.0,152637769680,27840663,1411,5389.0,5167.0
4021,2023-05-14,5260.0,5407.0,5260.0,5389.0,61306287350,10496703,728,5057.0,5407.0
4022,2023-05-15,5555.0,5703.0,5306.0,5583.0,83022778330,13712678,1126,5389.0,5684.0
4023,2023-05-17,5906.0,5970.0,5684.0,5952.0,153290830630,23761732,1190,5583.0,5970.0
4024,2023-05-20,5980.0,6183.0,5629.0,5906.0,144668855140,22593855,1545,5952.0,6026.0
4025,2023-05-21,6275.0,6275.0,6026.0,6173.0,74640467920,11157206,1028,5906.0,6146.0
4026,2023-05-22,6201.0,6552.0,6201.0,6376.0,104571448500,15126783,1281,6173.0,6349.0
4027,2023-05-23,6422.0,6450.0,6026.0,6164.0,109371830430,16377510,1850,6376.0,6099.0
4028,2023-05-24,6229.0,6395.0,6118.0,6238.0,74167696970,10971300,1073,6164.0,6164.0
4029,2023-05-27,6183.0,6229.0,5804.0,5933.0,48756451210,7588465,1019,6238.0,5823.0
4030,2023-05-28,5675.0,5767.0,5518.0,5555.0,54031672960,8979725,948,5933.0,5537.0
4031,2023-05-29,5463.0,5758.0,5463.0,5675.0,29920719300,4863728,535,5555.0,5693.0
4032,2023-05-30,5657.0,5804.0,5610.0,5749.0,20721248620,3324000,504,5675.0,5684.0
4033,2023-05-31,5740.0,5740.0,5537.0,5620.0,19160394840,3147104,396,5749.0,5712.0
4034,2023-06-03,5721.0,5740.0,5583.0,5675.0,27038376320,4397540,449,5620.0,5730.0
4035,2023-06-06,5583.0,5749.0,5555.0,5647.0,24189183320,3955620,490,5675.0,5629.0
4036,2023-06-07,5629.0,5675.0,5583.0,5610.0,35747212620,5880374,487,5647.0,5638.0
4037,2023-06-10,5546.0,5546.0,5352.0,5435.0,48519710550,8240855,577,5610.0,5417.0
4038,2023-06-11,5306.0,5490.0,5260.0,5407.0,25600219730,4369119,579,5435.0,5398.0
4039,2023-06-12,5269.0,5407.0,5029.0,5084.0,57002479480,10349898,845,5407.0,5057.0
4040,2023-06-13,5075.0,5435.0,4983.0,5167.0,49421471820,8824935,594,5084.0,5315.0
4041,2023-06-14,5324.0,5527.0,5232.0,5472.0,22443240240,3786222,491,5167.0,5472.0
4042,2023-06-17,5537.0,5703.0,5398.0,5592.0,46293764070,7634610,597,5472.0,5518.0
4043,2023-06-18,5260.0,5573.0,5260.0,5509.0,27223789380,4563476,359,5592.0,5537.0
4044,2023-06-19,5398.0,5620.0,5398.0,5555.0,20360806470,3384782,413,5509.0,5454.0
4045,2023-06-20,5444.0,5592.0,5407.0,5518.0,16582925430,2773624,384,5555.0,5527.0
4046,2023-06-21,5527.0,5573.0,5426.0,5481.0,20742334390,3489083,408,5518.0,5509.0
4047,2023-06-24,5537.0,5675.0,5361.0,5463.0,10796120490,1825483,294,5481.0,5454.0
4048,2023-06-25,5481.0,5629.0,5444.0,5518.0,17160841420,2867911,369,5463.0,5463.0
4049,2023-06-26,5601.0,5601.0,5407.0,5481.0,21541378260,3629139,394,5518.0,5463.0
4050,2023-06-27,5398.0,5481.0,5324.0,5389.0,52479816810,8988045,543,5481.0,5444.0
4051,2023-06-28,5223.0,5481.0,5223.0,5417.0,14667966450,2500803,275,5389.0,5463.0
4052,2023-07-01,5463.0,5500.0,5370.0,5444.0,12589532490,2133271,272,5417.0,5426.0
4053,2023-07-02,5444.0,5564.0,5361.0,5490.0,25693203130,4315234,408,5444.0,5490.0
4054,2023-07-03,5490.0,5583.0,5444.0,5490.0,44021540140,7398653,503,5490.0,5509.0
4055,2023-07-04,5564.0,5629.0,5417.0,5509.0,70584750190,11831045,837,5490.0,5610.0
4056,2023-07-05,5537.0,5887.0,5537.0,5832.0,186523894730,29492090,1942,5509.0,5786.0
4057,2023-07-23,5003.0,5241.0,4803.0,5050.0,104020685960,19630408,1315,5832.0,5108.0
4058,2023-07-24,5079.0,5203.0,4955.0,5060.0,41585317980,7837578,576,5050.0,5089.0
4059,2023-07-25,5241.0,5241.0,5050.0,5089.0,18613089740,3486722,354,5060.0,5108.0
4060,2023-07-26,5136.0,5136.0,5012.0,5070.0,11120175630,2090174,229,5089.0,5098.0
4061,2023-07-29,5108.0,5146.0,4984.0,5050.0,34523503830,6514816,366,5070.0,5050.0
4062,2023-07-30,4965.0,5041.0,4822.0,4908.0,58901067450,11443230,586,5050.0,4927.0
4063,2023-07-31,4784.0,4946.0,4784.0,4888.0,13995819910,2730674,237,4908.0,4869.0
4064,2023-08-01,4860.0,5146.0,4860.0,5003.0,19542076430,3720138,376,4888.0,5108.0
4065,2023-08-05,5146.0,5193.0,5070.0,5127.0,18352829820,3412758,337,5003.0,5146.0
4066,2023-08-06,5127.0,5193.0,5012.0,5146.0,62096610050,11506603,384,5127.0,5155.0
4067,2023-08-07,5089.0,5222.0,5089.0,5146.0,58881898180,10908692,302,5146.0,5155.0
4068,2023-08-08,5146.0,5498.0,5050.0,5470.0,120749570100,21027886,918,5146.0,5498.0
4069,2023-08-09,5470.0,5594.0,5470.0,5517.0,33529988330,5791134,565,5470.0,5508.0
4070,2023-08-12,5289.0,5498.0,5289.0,5374.0,33379974410,5917019,481,5517.0,5346.0
4071,2023-08-13,5193.0,5432.0,5193.0,5374.0,7957604340,1410389,176,5374.0,5394.0
4072,2023-08-14,5517.0,5517.0,5270.0,5327.0,12781647940,2290653,305,5374.0,5374.0
4073,2023-08-15,5241.0,5308.0,5203.0,5289.0,8562876150,1548659,206,5327.0,5251.0
4074,2023-08-16,5184.0,5336.0,5060.0,5127.0,46217627300,8594108,476,5289.0,5146.0
4075,2023-08-19,5146.0,5193.0,5050.0,5127.0,21138268890,3926326,268,5127.0,5108.0
4076,2023-08-22,4955.0,4955.0,4774.0,4822.0,35981895640,7109756,358,5127.0,4774.0
4077,2023-08-23,4784.0,4984.0,4774.0,4860.0,7543243720,1467675,184,4822.0,4974.0
4078,2023-08-26,4993.0,5146.0,4974.0,5079.0,26572077940,4982430,309,4860.0,5146.0
4079,2023-08-27,5193.0,5422.0,5117.0,5251.0,42126789660,7646736,568,5079.0,5317.0
4080,2023-08-28,5165.0,5374.0,5165.0,5270.0,30474616460,5507164,545,5251.0,5241.0
4081,2023-08-29,5155.0,5336.0,5155.0,5279.0,29414181580,5312516,417,5270.0,5270.0
4082,2023-08-30,5260.0,5384.0,5155.0,5308.0,27755325830,4982283,472,5279.0,5298.0
4083,2023-09-02,5336.0,5403.0,5184.0,5260.0,37461939060,6791295,445,5308.0,5193.0
4084,2023-09-03,5298.0,5365.0,5203.0,5308.0,18676596850,3355425,290,5260.0,5279.0
4085,2023-09-04,5222.0,5489.0,5212.0,5374.0,34794756890,6174391,549,5308.0,5470.0
4086,2023-09-05,5470.0,5622.0,5451.0,5546.0,23224632410,3992430,411,5374.0,5508.0
4087,2023-09-09,5622.0,5622.0,5327.0,5460.0,9143936840,1612252,412,5546.0,5365.0
4088,2023-09-10,5441.0,5517.0,5308.0,5460.0,9077503260,1584505,234,5460.0,5460.0
4089,2023-09-11,5498.0,5498.0,5365.0,5432.0,7155274980,1261719,191,5460.0,5374.0
4090,2023-09-12,5346.0,5508.0,5346.0,5451.0,4980589800,866467,154,5432.0,5451.0
4091,2023-09-13,5451.0,5470.0,5384.0,5432.0,7644830160,1344461,152,5451.0,5432.0
4092,2023-09-17,5508.0,5546.0,5432.0,5470.0,9066004840,1574064,238,5432.0,5470.0
4093,2023-09-18,5422.0,5575.0,5394.0,5460.0,12053839770,2102271,238,5470.0,5403.0
4094,2023-09-19,5432.0,5498.0,5355.0,5451.0,4473841910,784817,134,5460.0,5432.0
4095,2023-09-20,5517.0,5517.0,5260.0,5317.0,20339502970,3643868,388,5451.0,5374.0
4096,2023-09-23,5308.0,5403.0,5289.0,5317.0,5821428430,1041588,138,5317.0,5365.0
4097,2023-09-25,5241.0,5384.0,5232.0,5289.0,8659428390,1564611,213,5317.0,5251.0
4098,2023-09-26,5203.0,5355.0,5098.0,5270.0,8911798820,1615355,230,5289.0,5260.0
4099,2023-09-27,5241.0,5346.0,5232.0,5260.0,6968992580,1263004,181,5270.0,5260.0
4100,2023-09-30,5232.0,5355.0,5174.0,5241.0,10167490420,1853854,239,5260.0,5174.0
4101,2023-10-01,5241.0,5241.0,5060.0,5146.0,10400172080,1941611,196,5241.0,5146.0
4102,2023-10-02,5146.0,5174.0,5050.0,5136.0,4519883840,839620,154,5146.0,5127.0
4103,2023-10-04,5079.0,5193.0,5050.0,5108.0,7339312150,1377514,265,5136.0,5070.0
4104,2023-10-07,5031.0,5079.0,4974.0,5070.0,10177916570,1921341,202,5108.0,5050.0
4105,2023-10-08,5031.0,5060.0,4908.0,4993.0,9613582710,1846915,212,5070.0,5041.0
4106,2023-10-09,5031.0,5241.0,4908.0,5079.0,11744029990,2194794,272,4993.0,5136.0
4107,2023-10-10,4955.0,5222.0,4955.0,5079.0,8338915120,1563274,176,5079.0,5060.0
4108,2023-10-11,5184.0,5203.0,4974.0,5070.0,8899510340,1674868,199,5079.0,5108.0
4109,2023-10-14,5108.0,5108.0,4965.0,5041.0,7526329880,1431631,192,5070.0,5031.0
4110,2023-10-15,5031.0,5079.0,4974.0,5041.0,3164955550,600465,93,5041.0,5041.0
4111,2023-10-16,4974.0,5108.0,4974.0,5060.0,8305675160,1559662,191,5041.0,5108.0
4112,2023-10-17,5127.0,5165.0,5060.0,5079.0,8801526130,1644508,138,5060.0,5098.0
4113,2023-10-18,5070.0,5108.0,4965.0,5031.0,9156955830,1744651,239,5079.0,4993.0
4114,2023-10-21,5050.0,5108.0,4908.0,4974.0,17994122340,3449481,306,5031.0,4974.0
4115,2023-10-22,4974.0,5012.0,4898.0,4974.0,4018373110,770028,142,4974.0,5003.0
4116,2023-10-23,4936.0,4974.0,4822.0,4927.0,10699267240,2074877,190,4974.0,4927.0
4117,2023-10-24,4888.0,4936.0,4736.0,4812.0,15128174710,2996085,187,4927.0,4860.0
4118,2023-10-25,4860.0,4917.0,4784.0,4841.0,7467269650,1463928,165,4812.0,4841.0
4119,2023-10-28,4812.0,4812.0,4507.0,4593.0,15518395870,3221055,280,4841.0,4536.0
4120,2023-10-29,4574.0,4774.0,4574.0,4612.0,4376202960,895363,164,4593.0,4622.0
4121,2023-10-30,4612.0,4860.0,4612.0,4717.0,9419095020,1878945,190,4612.0,4765.0
4122,2023-10-31,4717.0,4784.0,4669.0,4717.0,6519908880,1318665,118,4717.0,4717.0
4123,2023-11-01,4688.0,4717.0,4574.0,4688.0,5122591470,1052840,138,4717.0,4717.0
4124,2023-11-04,4631.0,4927.0,4631.0,4723.0,4556834927,903980,167,4688.0,4804.0
4125,2023-11-05,4793.0,4847.0,4740.0,4751.0,7311794394,1456860,119,4723.0,4812.0
4126,2023-11-06,4849.0,4849.0,4784.0,4774.0,5763646530,1141448,145,4751.0,4825.0
4127,2023-11-07,4794.0,4868.0,4793.0,4816.0,12782641990,2524411,223,4774.0,4822.0
4128,2023-11-08,4860.0,5003.0,4807.0,4904.0,15392040636,2990198,242,4816.0,4912.0
4129,2023-11-11,4984.0,5022.0,4803.0,4927.0,8601548750,1659600,243,4904.0,4955.0
4130,2023-11-12,4898.0,5022.0,4850.0,4955.0,12687779630,2435722,237,4927.0,5003.0
4131,2023-11-13,4936.0,5079.0,4927.0,4993.0,11419553960,2174645,246,4955.0,5022.0
4132,2023-11-14,5003.0,5050.0,4879.0,4974.0,7082787400,1362402,134,4993.0,4955.0
4133,2023-11-15,4908.0,4993.0,4908.0,4965.0,6677757030,1283730,133,4974.0,4927.0
4134,2023-11-18,4908.0,4993.0,4803.0,4898.0,11989415610,2339729,188,4965.0,4841.0
4135,2023-11-19,4841.0,4955.0,4831.0,4879.0,6792647470,1330284,166,4898.0,4850.0
4136,2023-11-20,4831.0,4946.0,4784.0,4860.0,8952480650,1758006,145,4879.0,4936.0
4137,2023-11-21,4860.0,4917.0,4822.0,4860.0,10307841010,2021320,150,4860.0,4908.0
4138,2023-11-22,4850.0,4908.0,4812.0,4860.0,6700682990,1315367,123,4860.0,4831.0
4139,2023-11-25,4822.0,4955.0,4812.0,4860.0,12811447740,2512623,199,4860.0,4831.0
4140,2023-11-26,4860.0,4888.0,4812.0,4841.0,17398249330,3423494,169,4860.0,4860.0
4141,2023-11-27,4860.0,4860.0,4755.0,4812.0,22313390360,4422676,268,4841.0,4850.0
4142,2023-11-28,4841.0,4860.0,4793.0,4812.0,8291124380,1640600,144,4812.0,4812.0
4143,2023-11-29,4860.0,4898.0,4812.0,4841.0,13877055870,2727565,271,4812.0,4831.0
4144,2023-12-02,4850.0,4984.0,4822.0,4917.0,17289371990,3353714,341,4841.0,4917.0
4145,2023-12-03,4917.0,5260.0,4850.0,5174.0,267828683750,49343097,1345,4917.0,5260.0
4146,2023-12-04,5527.0,5527.0,5298.0,5384.0,195927762210,34664038,1354,5174.0,5403.0
4147,2023-12-05,5479.0,5479.0,5289.0,5384.0,68242463250,12079578,672,5384.0,5441.0
4148,2023-12-06,5279.0,5432.0,5260.0,5365.0,27111631020,4814272,312,5384.0,5365.0
4149,2023-12-09,5327.0,5365.0,5155.0,5232.0,19890840210,3623323,348,5365.0,5212.0
4150,2023-12-10,5184.0,5251.0,5060.0,5165.0,16667699670,3075357,268,5232.0,5174.0
4151,2023-12-11,5146.0,5241.0,5022.0,5117.0,14429874710,2685033,287,5165.0,5070.0
4152,2023-12-12,5117.0,5394.0,5117.0,5298.0,50735105910,9132004,596,5117.0,5241.0
4153,2023-12-13,5308.0,5308.0,5117.0,5222.0,10787973810,1977639,222,5298.0,5222.0
4154,2023-12-16,5232.0,5298.0,5212.0,5241.0,8590108970,1559413,175,5222.0,5232.0
4155,2023-12-18,5241.0,5403.0,5241.0,5355.0,76676437770,13649785,1281,5241.0,5355.0
4156,2023-12-19,5394.0,5727.0,5289.0,5689.0,473016528840,79224350,2542,5355.0,5670.0
4157,2023-12-20,5679.0,5708.0,5517.0,5651.0,61116821460,10306977,766,5689.0,5689.0
4158,2023-12-23,5708.0,5708.0,5384.0,5517.0,56632210440,9779558,751,5651.0,5432.0
4159,2023-12-24,5394.0,5508.0,5317.0,5384.0,35101470520,6214085,531,5517.0,5384.0
4160,2023-12-25,5317.0,5498.0,5260.0,5394.0,17887099380,3162484,360,5384.0,5346.0
4161,2023-12-26,5308.0,5394.0,5117.0,5232.0,46565236350,8480712,606,5394.0,5346.0
4162,2023-12-27,5384.0,5575.0,5260.0,5460.0,27756056410,4848102,601,5232.0,5432.0
4163,2023-12-30,5470.0,5498.0,5336.0,5403.0,15716885780,2772926,319,5460.0,5355.0
4164,2023-12-31,5327.0,5327.0,5193.0,5251.0,21264240170,3860249,407,5403.0,5251.0
4165,2024-01-01,5317.0,5317.0,5193.0,5232.0,11979916890,2182121,233,5251.0,5279.0
4166,2024-01-02,5289.0,5289.0,5089.0,5136.0,18630231940,3458211,363,5232.0,5193.0
4167,2024-01-03,5193.0,5241.0,5098.0,5165.0,20643623930,3807733,295,5136.0,5222.0
4168,2024-01-06,5079.0,5241.0,5079.0,5155.0,10367380960,1919095,216,5165.0,5155.0
4169,2024-01-07,5165.0,5260.0,5108.0,5155.0,11687582110,2161821,218,5155.0,5165.0
4170,2024-01-08,5108.0,5212.0,5098.0,5155.0,7914618650,1461334,202,5155.0,5146.0
4171,2024-01-09,5117.0,5222.0,5003.0,5146.0,13838754860,2562987,245,5155.0,5136.0
4172,2024-01-10,5232.0,5232.0,5098.0,5146.0,28013983160,5186458,370,5146.0,5174.0
4173,2024-01-13,5193.0,5232.0,5050.0,5174.0,15588024840,2872511,295,5146.0,5184.0
4174,2024-01-14,5117.0,5317.0,5089.0,5251.0,21058693940,3822804,335,5174.0,5251.0
4175,2024-01-15,5308.0,5308.0,5050.0,5136.0,19753744900,3661545,452,5251.0,5117.0
4176,2024-01-16,5050.0,5146.0,4974.0,5070.0,18263242480,3433617,338,5136.0,5127.0
4177,2024-01-17,5127.0,5136.0,5003.0,5050.0,16242104910,3064688,277,5070.0,5050.0
4178,2024-01-20,5012.0,5165.0,4879.0,5050.0,27043642600,5103004,496,5050.0,4974.0
4179,2024-01-21,4869.0,4974.0,4850.0,4908.0,15808816260,3072420,319,5050.0,4850.0
4180,2024-01-22,4955.0,4955.0,4841.0,4879.0,14900864090,2909693,257,4908.0,4869.0
4181,2024-01-23,4841.0,4869.0,4622.0,4707.0,21257391330,4299282,413,4879.0,4717.0
4182,2024-01-24,4707.0,4898.0,4707.0,4765.0,7297246410,1443520,243,4707.0,4879.0
4183,2024-01-27,4908.0,4917.0,4825.0,4807.0,6360826136,1245846,181,4765.0,4825.0
4184,2024-01-28,4927.0,4927.0,4811.0,4840.0,20593708383,4054373,306,4807.0,4839.0
4185,2024-01-29,4831.0,4839.0,4785.0,4811.0,10903633886,2164517,336,4840.0,4807.0
4186,2024-01-30,4784.0,4858.0,4632.0,4718.0,17802902025,3596142,500,4811.0,4633.0
4187,2024-01-31,4669.0,4680.0,4612.0,4650.0,26883480636,5509104,963,4718.0,4625.0
4188,2024-02-03,4625.0,4717.0,4625.0,4658.0,8464353292,1729542,248,4650.0,4643.0
4189,2024-02-04,4575.0,4746.0,4525.0,4598.0,17984963904,3727254,658,4658.0,4548.0
4190,2024-02-05,4545.0,4670.0,4545.0,4623.0,12920600032,2661183,263,4598.0,4601.0
4191,2024-02-06,4755.0,4755.0,4585.0,4627.0,6655128280,1368604,203,4623.0,4594.0
4192,2024-02-07,4628.0,4703.0,4628.0,4640.0,6698551180,1371065,315,4627.0,4690.0
4193,2024-02-10,4698.0,4723.0,4613.0,4651.0,6122353330,1250115,181,4640.0,4650.0
4194,2024-02-12,4651.0,4651.0,4527.0,4633.0,4784971613,992528,168,4651.0,4574.0
4195,2024-02-13,4574.0,4612.0,4508.0,4591.0,6902211860,1447220,194,4633.0,4548.0
4196,2024-02-14,4545.0,4584.0,4489.0,4559.0,6989879398,1472237,433,4591.0,4561.0
4197,2024-02-17,4488.0,4503.0,4383.0,4445.0,10587595036,2290836,253,4559.0,4383.0
4198,2024-02-18,4479.0,4502.0,4393.0,4447.0,5067880066,1085111,181,4445.0,4451.0
4199,2024-02-19,4402.0,4517.0,4384.0,4444.0,5368953934,1152369,108,4447.0,4432.0
4200,2024-02-20,4526.0,4526.0,4351.0,4431.0,4283925697,927697,145,4444.0,4395.0
4201,2024-02-21,4387.0,4388.0,4351.0,4404.0,5789169540,1263724,143,4431.0,4383.0
4202,2024-02-24,4383.0,4451.0,4348.0,4392.0,4432745507,967915,124,4404.0,4355.0
4203,2024-02-26,4355.0,4355.0,4146.0,4330.0,6631188006,1484603,221,4392.0,4226.0
4204,2024-02-27,4193.0,4336.0,4193.0,4291.0,4929374884,1113742,151,4330.0,4260.0
4205,2024-02-28,4240.0,4373.0,4227.0,4291.0,7624500999,1692892,192,4291.0,4251.0
4206,2024-03-02,4194.0,4488.0,4194.0,4355.0,9241337909,2002680,247,4291.0,4422.0
4207,2024-03-03,4574.0,4622.0,4443.0,4560.0,23081807633,4824248,316,4355.0,4451.0
4208,2024-03-04,4451.0,4526.0,4391.0,4481.0,9902202522,2127126,245,4560.0,4396.0
4209,2024-03-05,4383.0,4631.0,4383.0,4562.0,14987218782,3127345,284,4481.0,4498.0
4210,2024-03-06,4460.0,4579.0,4288.0,4418.0,20481973853,4418333,426,4562.0,4390.0
4211,2024-03-09,4391.0,4413.0,4288.0,4355.0,16255233206,3556902,275,4418.0,4382.0
4212,2024-03-10,4298.0,4573.0,4298.0,4456.0,27133127374,5802669,520,4355.0,4454.0
4213,2024-03-11,4564.0,4564.0,4431.0,4463.0,13535117063,2889456,206,4456.0,4469.0
4214,2024-03-12,4565.0,4565.0,4402.0,4463.0,10319183202,2203066,203,4463.0,4450.0
4215,2024-03-13,4499.0,4525.0,4402.0,4464.0,10301016692,2198267,153,4463.0,4460.0
4216,2024-03-16,4398.0,4501.0,4383.0,4430.0,9239544296,1996748,235,4464.0,4431.0
4217,2024-03-17,4355.0,4520.0,4355.0,4448.0,4074500757,863592,141,4430.0,4516.0
4218,2024-03-18,4448.0,4622.0,4448.0,4503.0,7277335178,1520104,229,4448.0,4578.0
4219,2024-03-24,4717.0,4790.0,4543.0,4608.0,10081657842,2059411,331,4503.0,4765.0
4220,2024-03-25,4908.0,4908.0,4704.0,4777.0,16805069390,3352113,288,4608.0,4765.0
4221,2024-03-26,4706.0,4761.0,4641.0,4765.0,3489199899,703994,112,4777.0,4669.0
4222,2024-03-27,4765.0,4765.0,4632.0,4722.0,8991212205,1826937,213,4765.0,4681.0
4223,2024-03-30,4746.0,4746.0,4595.0,4678.0,8105235334,1663579,129,4722.0,4686.0
4224,2024-04-02,4686.0,4686.0,4480.0,4554.0,14415057333,3016406,287,4678.0,4520.0
4225,2024-04-03,4520.0,4574.0,4403.0,4523.0,10035423003,2120665,206,4554.0,4479.0
4226,2024-04-06,4631.0,4631.0,4296.0,4432.0,10564923089,2289555,267,4523.0,4320.0
4227,2024-04-07,4301.0,4479.0,4301.0,4424.0,3216197407,697164,118,4432.0,4382.0
4228,2024-04-08,4364.0,4488.0,4301.0,4416.0,11120732469,2401283,273,4424.0,4403.0
4229,2024-04-09,4383.0,4431.0,4312.0,4402.0,10529543059,2282180,514,4416.0,4412.0
4230,2024-04-13,4288.0,4402.0,4128.0,4173.0,17476548197,3991278,636,4402.0,4128.0
4231,2024-04-14,4132.0,4150.0,4132.0,4134.0,13531643082,3120729,130,4173.0,4132.0
4232,2024-04-15,4174.0,4175.0,4173.0,4139.0,1612857151,368176,58,4134.0,4175.0
4233,2024-04-16,4174.0,4174.0,4098.0,4133.0,4270126524,987635,115,4139.0,4140.0
4234,2024-04-17,4136.0,4174.0,4092.0,4103.0,28615122581,6644862,273,4133.0,4092.0
4235,2024-04-20,4092.0,4390.0,4092.0,4380.0,24549548051,5341724,334,4103.0,4390.0
4236,2024-04-21,4571.0,4641.0,4422.0,4610.0,22938781826,4741796,378,4380.0,4622.0
4237,2024-04-22,4622.0,4702.0,4457.0,4565.0,12136507236,2542273,253,4610.0,4556.0
4238,2024-04-23,4453.0,4574.0,4453.0,4548.0,9060094226,1903994,134,4565.0,4517.0
4239,2024-04-24,4603.0,4603.0,4492.0,4546.0,4400261946,923349,164,4548.0,4517.0
4240,2024-04-27,4502.0,4622.0,4501.0,4543.0,4999949378,1050813,150,4546.0,4526.0
4241,2024-04-28,4458.0,4571.0,4346.0,4511.0,6436665156,1371848,144,4543.0,4383.0
4242,2024-04-29,4385.0,4488.0,4366.0,4468.0,5359870246,1162077,199,4511.0,4376.0
4243,2024-04-30,4321.0,4512.0,4288.0,4406.0,8177889378,1787844,186,4468.0,4382.0
4244,2024-05-01,4265.0,4450.0,4264.0,4375.0,10708766237,2338341,122,4406.0,4383.0
4245,2024-05-05,4375.0,4456.0,4273.0,4362.0,3719305248,819069,114,4375.0,4294.0
4246,2024-05-06,4294.0,4307.0,4266.0,4297.0,12636410133,2809650,90,4362.0,4293.0
4247,2024-05-07,4260.0,4344.0,4193.0,4272.0,6469977186,1453679,183,4297.0,4198.0
4248,2024-05-08,4240.0,4454.0,4194.0,4301.0,6286919095,1379447,180,4272.0,4271.0
4249,2024-05-11,4246.0,4363.0,4217.0,4291.0,3451741595,772618,114,4301.0,4231.0
4250,2024-05-12,4221.0,4288.0,4164.0,4260.0,4891083376,1110628,108,4291.0,4183.0
4251,2024-05-13,4107.0,4194.0,4070.0,4185.0,7893668810,1823722,180,4260.0,4093.0
4252,2024-05-14,4098.0,4285.0,4026.0,4086.0,21541449724,5023938,208,4185.0,4070.0
4253,2024-05-15,4182.0,4193.0,3908.0,4064.0,5665514514,1339395,165,4086.0,4098.0
4254,2024-05-18,4031.0,4140.0,4012.0,4058.0,4687381254,1104372,119,4064.0,4012.0
4255,2024-05-19,4002.0,4002.0,3784.0,3824.0,20945016349,5218870,268,4058.0,3831.0
4256,2024-05-21,3764.0,3896.0,3764.0,3813.0,7715581900,1933424,107,3824.0,3812.0
4257,2024-05-25,3765.0,3813.0,3736.0,3753.0,11969890784,3050898,187,3813.0,3736.0
4258,2024-05-26,3688.0,3688.0,3678.0,3686.0,12974349440,3361199,93,3753.0,3678.0
4259,2024-05-27,3613.0,3677.0,3613.0,3673.0,3351398757,880119,147,3686.0,3631.0
4260,2024-05-28,3669.0,3746.0,3621.0,3687.0,4564174365,1170014,113,3673.0,3746.0
4261,2024-05-29,3760.0,3760.0,3746.0,3690.0,579936427,146972,31,3687.0,3760.0
4262,2024-06-01,3763.0,3763.0,3699.0,3723.0,7158860549,1813575,123,3690.0,3763.0
4263,2024-06-02,3797.0,3797.0,3652.0,3737.0,3722751517,938308,94,3723.0,3797.0
4264,2024-06-05,3664.0,3720.0,3663.0,3719.0,4042708071,1049109,117,3737.0,3680.0
4265,2024-06-08,3666.0,3745.0,3645.0,3698.0,4305866981,1124419,88,3719.0,3645.0
4266,2024-06-09,3625.0,3707.0,3625.0,3694.0,3337211949,864865,84,3698.0,3673.0
4267,2024-06-10,3716.0,3767.0,3716.0,3706.0,2649207435,670696,59,3694.0,3767.0
4268,2024-06-11,3779.0,3779.0,3774.0,3727.0,4312770769,1087445,63,3706.0,3779.0
4269,2024-06-12,3779.0,3801.0,3653.0,3797.0,15035372088,3771743,138,3727.0,3801.0
4270,2024-06-15,3873.0,3873.0,3776.0,3797.0,3839770291,963316,164,3797.0,3776.0
4271,2024-06-16,3722.0,3859.0,3722.0,3798.0,3449068334,864675,103,3797.0,3821.0
4272,2024-06-18,3850.0,3869.0,3797.0,3809.0,11349712037,2837227,571,3798.0,3847.0
4273,2024-06-19,3848.0,3884.0,3836.0,3820.0,3026946464,745657,124,3809.0,3884.0
4274,2024-06-22,3896.0,3896.0,3858.0,3833.0,2851246707,698664,92,3820.0,3896.0
4275,2024-06-23,3909.0,3909.0,3909.0,3841.0,1645254772,401086,34,3833.0,3909.0
4276,2024-06-24,3917.0,3917.0,3917.0,3855.0,2748108947,668477,56,3841.0,3917.0
4277,2024-06-26,3931.0,3931.0,3931.0,3862.0,1590253500,385516,31,3855.0,3931.0
4278,2024-06-29,4087.0,4094.0,3931.0,3966.0,9548460687,2256550,137,3862.0,3964.0
4279,2024-06-30,3916.0,4087.0,3836.0,3959.0,1173912018,288023,86,3966.0,3855.0
4280,2024-07-01,4002.0,4002.0,3875.0,3957.0,4101088406,988983,191,3959.0,4000.0
4281,2024-07-02,4048.0,4195.0,3969.0,4010.0,4591470249,1056908,172,3957.0,4174.0
4282,2024-07-03,4110.0,4239.0,4010.0,4048.0,5616121332,1299252,168,4010.0,4164.0
4283,2024-07-09,4050.0,4180.0,3950.0,4048.0,6362717045,1572092,138,4048.0,4120.0
4284,2024-07-10,3910.0,4050.0,3910.0,4032.0,4210085605,1054207,138,4048.0,4030.0
4285,2024-07-13,4100.0,4144.0,3980.0,4046.0,3232206558,788379,180,4032.0,4071.0
4286,2024-07-14,4137.0,4137.0,4001.0,4048.0,2219648734,546686,136,4046.0,4001.0
4287,2024-07-17,4048.0,4116.0,3870.0,4051.0,1457598228,357765,121,4048.0,4075.0
4288,2024-07-20,4138.0,4138.0,3953.0,4047.0,1753374335,436781,81,4051.0,3953.0
4289,2024-07-21,3895.0,4044.0,3850.0,4008.0,3801208109,975081,119,4047.0,3950.0
4290,2024-07-22,4090.0,4090.0,3860.0,3994.0,4950159103,1248213,84,4008.0,4000.0
4291,2024-07-23,4000.0,4140.0,3911.0,3989.0,3659438973,921200,104,3994.0,4000.0
4292,2024-07-24,3940.0,4000.0,3913.0,3985.0,2428307576,612317,74,3989.0,3984.0
4293,2024-07-27,3870.0,3949.0,3870.0,3962.0,3552158594,912838,87,3985.0,3875.0
4294,2024-07-29,4000.0,4000.0,3824.0,3923.0,8725349698,2239703,229,3962.0,3946.0
4295,2024-07-30,3970.0,3970.0,3812.0,3918.0,3150013865,807892,83,3923.0,3900.0
4296,2024-07-31,3800.0,3800.0,3683.0,3834.0,5211455249,1410652,153,3918.0,3735.0
4297,2024-08-03,3644.0,3718.0,3604.0,3671.0,11393810174,3138208,642,3834.0,3604.0
4298,2024-08-04,3635.0,3635.0,3635.0,3667.0,1606804495,442037,532,3671.0,3635.0
4299,2024-08-05,3654.0,3700.0,3631.0,3651.0,11599879580,3180760,1328,3667.0,3653.0
4300,2024-08-06,3663.0,3663.0,3615.0,3632.0,10299172895,2841434,610,3651.0,3615.0
4301,2024-08-10,3632.0,3668.0,3626.0,3637.0,2547500202,696256,67,3632.0,3631.0
4302,2024-08-11,3603.0,3673.0,3603.0,3641.0,3001127609,820740,59,3637.0,3627.0
4303,2024-08-12,3605.0,3650.0,3605.0,3632.0,4988751198,1380082,81,3641.0,3605.0
4304,2024-08-13,3596.0,3634.0,3596.0,3630.0,2043254113,564782,50,3632.0,3633.0
4305,2024-08-14,3596.0,3666.0,3596.0,3639.0,4376031747,1195293,58,3630.0,3666.0
4306,2024-08-17,3711.0,3711.0,3600.0,3642.0,1392859086,379131,65,3639.0,3685.0
4307,2024-08-18,3714.0,3714.0,3714.0,3647.0,1055693358,284247,32,3642.0,3714.0
4308,2024-08-19,3719.0,3719.0,3671.0,3666.0,4125227994,1109696,62,3647.0,3717.0
4309,2024-08-20,3593.0,3724.0,3593.0,3666.0,1758062862,479086,45,3666.0,3659.0
4310,2024-08-21,3730.0,3730.0,3633.0,3666.0,936738564,255929,23,3666.0,3670.0
4311,2024-08-24,3603.0,3700.0,3603.0,3666.0,5889730505,1606772,286,3666.0,3679.0
4312,2024-08-26,3710.0,3738.0,3639.0,3666.0,1185057875,323164,51,3666.0,3665.0
4313,2024-08-27,3662.0,3727.0,3630.0,3668.0,1557118819,422924,56,3666.0,3672.0
4314,2024-08-28,3714.0,3741.0,3650.0,3682.0,3832132860,1028592,64,3668.0,3741.0
4315,2024-08-31,3755.0,3755.0,3755.0,3707.0,5253293815,1399013,35,3682.0,3755.0
4316,2024-09-01,3781.0,3781.0,3781.0,3718.0,2248511547,594687,42,3707.0,3781.0
4317,2024-09-03,3792.0,3792.0,3758.0,3741.0,4971538467,1311853,391,3718.0,3792.0
4318,2024-09-07,3853.0,3853.0,3759.0,3777.0,5028384672,1305490,116,3741.0,3853.0
4319,2024-09-08,3889.0,3890.0,3756.0,3798.0,3955785848,1025196,159,3777.0,3887.0
4320,2024-09-09,3910.0,3911.0,3910.0,3836.0,5341752219,1365829,71,3798.0,3911.0
4321,2024-09-10,3900.0,3951.0,3900.0,3878.0,5857442630,1483168,104,3836.0,3951.0
4322,2024-09-11,3970.0,3994.0,3970.0,3960.0,11347156961,2841094,130,3878.0,3994.0
4323,2024-09-14,4075.0,4075.0,3920.0,3970.0,2716699748,676081,117,3960.0,3920.0
4324,2024-09-15,3863.0,3981.0,3863.0,3959.0,4093279164,1041636,93,3970.0,3900.0
4325,2024-09-16,3850.0,3993.0,3850.0,3939.0,5544507909,1419290,134,3959.0,3879.0
4326,2024-09-17,3860.0,3984.0,3860.0,3947.0,6519769570,1647271,200,3939.0,3947.0
4327,2024-09-18,3946.0,3980.0,3900.0,3942.0,9492206882,2409765,128,3947.0,3953.0
4328,2024-09-22,3875.0,3974.0,3875.0,3940.0,3651460555,928588,69,3942.0,3937.0
4329,2024-09-23,3900.0,4058.0,3900.0,3986.0,11559528604,2889118,127,3940.0,4058.0
4330,2024-09-24,4070.0,4105.0,4069.0,4105.0,33154834938,8077363,256,3986.0,4105.0
4331,2024-09-25,4140.0,4197.0,4066.0,4126.0,9171584139,2214457,165,4105.0,4110.0
4332,2024-09-28,4085.0,4085.0,4085.0,4122.0,1441906960,352976,21,4126.0,4085.0
4333,2024-09-29,4081.0,4100.0,4081.0,4081.0,22362640847,5479294,123,4122.0,4081.0
4334,2024-09-30,4120.0,4120.0,4041.0,4041.0,59111029408,14627686,130,4081.0,4041.0
4335,2024-10-01,4001.0,4001.0,4001.0,4040.0,540038976,134976,12,4041.0,4001.0
4336,2024-10-02,4000.0,4000.0,4000.0,4037.0,932868000,233217,15,4040.0,4000.0
4337,2024-10-05,3997.0,3997.0,3997.0,4036.0,517535557,129481,8,4037.0,3997.0
4338,2024-10-06,3996.0,3996.0,3996.0,4035.0,358784856,89786,10,4036.0,3996.0
4339,2024-10-07,3995.0,3995.0,3995.0,3995.0,18431104285,4613543,37,4035.0,3995.0
4340,2024-10-08,3956.0,4001.0,3956.0,3957.0,44453577469,11233495,252,3995.0,3956.0
4341,2024-10-09,3918.0,3995.0,3918.0,3935.0,8831456559,2252690,162,3957.0,3918.0
4342,2024-10-12,3851.0,4052.0,3851.0,3999.0,15552978768,3889671,203,3935.0,4052.0
4343,2024-10-13,4052.0,4118.0,4038.0,4107.0,15837241001,3855832,172,3999.0,4099.0
4344,2024-10-14,4020.0,4047.0,3984.0,4042.0,8619463051,2159027,118,4107.0,3984.0
4345,2024-10-15,3921.0,3922.0,3921.0,4003.0,4822881752,1230012,91,4042.0,3921.0
4346,2024-10-16,3921.0,3921.0,3883.0,3950.0,6734563894,1733121,172,4003.0,3883.0
4347,2024-10-19,3948.0,3948.0,3832.0,3945.0,639266421,166680,26,3950.0,3832.0
4348,2024-10-20,3827.0,3827.0,3827.0,3902.0,5245397183,1370629,46,3945.0,3827.0
4349,2024-10-21,3785.0,3895.0,3785.0,3825.0,10779010781,2837704,563,3902.0,3786.0
4350,2024-10-22,3723.0,3723.0,3711.0,3806.0,2399149712,646146,92,3825.0,3711.0
4351,2024-10-23,3692.0,3692.0,3692.0,3760.0,5682482728,1539134,88,3806.0,3692.0
4352,2024-10-26,3699.0,3872.0,3699.0,3776.0,2292754417,592527,51,3760.0,3872.0
4353,2024-10-27,3889.0,3889.0,3889.0,3788.0,1675050635,430715,56,3776.0,3889.0
4354,2024-10-28,3901.0,3901.0,3850.0,3833.0,6287027958,1612335,99,3788.0,3901.0
4355,2024-10-29,3947.0,3947.0,3751.0,3827.0,3365537264,884717,132,3833.0,3751.0
4356,2024-10-30,3721.0,3899.0,3721.0,3831.0,3321107134,864063,97,3827.0,3899.0
4357,2024-11-02,3723.0,3940.0,3717.0,3827.0,7441222067,1946900,137,3831.0,3800.0
4358,2024-11-03,3717.0,3784.0,3713.0,3761.0,8488657318,2285568,83,3827.0,3713.0
4359,2024-11-04,3649.0,3780.0,3649.0,3752.0,3038067318,817603,93,3761.0,3752.0
4360,2024-11-05,3641.0,3862.0,3641.0,3750.0,1644602871,440240,85,3752.0,3790.0
4361,2024-11-06,3642.0,3850.0,3642.0,3747.0,4423914856,1183322,134,3750.0,3730.0
4362,2024-11-09,3705.0,3859.0,3705.0,3804.0,8259550392,2143896,144,3747.0,3859.0
4363,2024-11-10,3861.0,3918.0,3861.0,3899.0,13693573892,3499799,137,3804.0,3918.0
4364,2024-11-11,3941.0,4015.0,3941.0,4012.0,17621736607,4392631,166,3899.0,4015.0
4365,2024-11-12,4012.0,4119.0,4012.0,4030.0,6247443688,1539644,131,4012.0,4036.0
4366,2024-11-13,3950.0,4150.0,3919.0,4111.0,15486164134,3762377,219,4030.0,4150.0
4367,2024-11-16,4225.0,4234.0,4225.0,4234.0,22898609057,5408333,114,4111.0,4234.0
4368,2024-11-17,4361.0,4361.0,4244.0,4344.0,89532685630,20611604,409,4234.0,4300.0
4369,2024-11-18,4282.0,4474.0,4220.0,4457.0,40224702219,9024287,225,4344.0,4474.0
4370,2024-11-19,4590.0,4590.0,4478.0,4589.0,108203155182,23581157,476,4457.0,4478.0
4371,2024-11-20,4474.0,4650.0,4452.0,4505.0,23272618252,5165572,246,4589.0,4512.0
4372,2024-11-23,4512.0,4640.0,4510.0,4639.0,64471579997,13896858,278,4505.0,4640.0
4373,2024-11-24,4778.0,4778.0,4778.0,4757.0,13550259882,2835969,103,4639.0,4778.0
4374,2024-11-25,4899.0,4899.0,4899.0,4899.0,18175765203,3710097,94,4757.0,4899.0
4375,2024-11-26,5045.0,5045.0,4819.0,5015.0,128830655094,25690150,695,4899.0,4820.0
4376,2024-11-27,4998.0,5034.0,4865.0,4935.0,47635460891,9652081,502,5015.0,4910.0
4377,2024-11-30,4872.0,4999.0,4787.0,4814.0,80141962747,16646211,510,4935.0,4930.0
4378,2024-12-01,4780.0,4958.0,4780.0,4948.0,66900936724,13520243,433,4814.0,4958.0
4379,2024-12-02,5023.0,5096.0,5000.0,5089.0,51039297622,10029463,252,4948.0,5096.0
4380,2024-12-03,5157.0,5241.0,5095.0,5213.0,38056821776,7300842,308,5089.0,5205.0
4381,2024-12-04,5200.0,5360.0,5070.0,5238.0,76253631412,14557778,503,5213.0,5110.0
4382,2024-12-07,5340.0,5340.0,5081.0,5082.0,20828749450,4098277,163,5238.0,5081.0
4383,2024-12-08,4930.0,4950.0,4930.0,4930.0,25269713192,5125465,300,5082.0,4950.0
4384,2024-12-09,4830.0,5076.0,4830.0,5000.0,40111581538,8022221,501,4930.0,4960.0
4385,2024-12-10,5069.0,5069.0,4850.0,4927.0,46432277672,9423297,504,5000.0,4853.0
4386,2024-12-11,4792.0,5074.0,4792.0,5073.0,70568959570,13911617,265,4927.0,5074.0
4387,2024-12-14,5220.0,5220.0,5220.0,5220.0,26403203700,5058085,187,5073.0,5220.0
4388,2024-12-15,5370.0,5370.0,5240.0,5350.0,58929805840,11011731,584,5220.0,5370.0
4389,2024-12-16,5400.0,5400.0,5190.0,5210.0,83202315530,15973218,661,5350.0,5190.0
4390,2024-12-17,5090.0,5180.0,5060.0,5070.0,37291930300,7358867,367,5210.0,5070.0
4391,2024-12-18,5050.0,5120.0,4930.0,5030.0,15849582380,3153858,327,5070.0,5050.0
4392,2024-12-21,5100.0,5180.0,5100.0,5180.0,21931017660,4237672,316,5030.0,5180.0
4393,2024-12-22,5300.0,5300.0,5030.0,5160.0,44075900890,8546337,419,5180.0,5180.0
4394,2024-12-23,5090.0,5260.0,5060.0,5200.0,12743065520,2446387,249,5160.0,5190.0
4395,2024-12-24,5290.0,5340.0,5200.0,5290.0,23626205820,4466449,453,5200.0,5220.0
4396,2024-12-25,5360.0,5380.0,5140.0,5170.0,25101695570,4851422,671,5290.0,5180.0
4397,2024-12-28,5070.0,5250.0,5040.0,5190.0,15556522460,2997552,344,5170.0,5190.0
4398,2024-12-29,5280.0,5280.0,5100.0,5170.0,14947930160,2888732,226,5190.0,5170.0
4399,2024-12-30,5020.0,5150.0,5020.0,5070.0,24553444660,4841358,311,5170.0,5020.0
4400,2024-12-31,4950.0,5200.0,4950.0,5080.0,8765618060,1720692,238,5070.0,5070.0
4401,2025-01-01,4970.0,5190.0,4970.0,5090.0,11827640590,2321503,365,5080.0,5110.0
4402,2025-01-04,5190.0,5240.0,5100.0,5210.0,32060575830,6154435,569,5090.0,5240.0
4403,2025-01-05,5300.0,5360.0,5170.0,5250.0,31390812490,5973799,447,5210.0,5260.0
4404,2025-01-06,5230.0,5380.0,5200.0,5270.0,21710449290,4117822,360,5250.0,5320.0
4405,2025-01-07,5320.0,5420.0,5210.0,5400.0,41394798080,7670425,505,5270.0,5420.0
4406,2025-01-08,5520.0,5560.0,5440.0,5540.0,20763147580,3748182,404,5400.0,5540.0
4407,2025-01-11,5560.0,5670.0,5380.0,5420.0,22082098320,4071288,683,5540.0,5380.0
4408,2025-01-12,5290.0,5380.0,5260.0,5270.0,20790544200,3945417,616,5420.0,5290.0
4409,2025-01-13,5210.0,5390.0,5200.0,5270.0,8413804490,1594482,199,5270.0,5290.0
4410,2025-01-15,5400.0,5400.0,5230.0,5270.0,4626868760,878328,121,5270.0,5240.0
4411,2025-01-18,5270.0,5400.0,5120.0,5150.0,20964981190,4074190,513,5270.0,5120.0
4412,2025-01-19,5150.0,5270.0,5100.0,5150.0,7195931620,1395145,188,5150.0,5110.0
4413,2025-01-20,5200.0,5280.0,5060.0,5140.0,6092055070,1189763,250,5150.0,5060.0
4414,2025-01-21,5140.0,5290.0,5030.0,5210.0,19633606190,3767287,380,5140.0,5290.0
4415,2025-01-22,5360.0,5360.0,5240.0,5340.0,15130442300,2833528,254,5210.0,5360.0
4416,2025-01-25,5370.0,5480.0,5180.0,5240.0,39138708230,7468760,693,5340.0,5240.0
4417,2025-01-26,5190.0,5300.0,5190.0,5240.0,6054858740,1156003,190,5240.0,5190.0
4418,2025-01-27,5180.0,5270.0,5100.0,5170.0,13696772920,2652873,222,5240.0,5140.0
4419,2025-01-29,5090.0,5250.0,5090.0,5180.0,7002451920,1350910,175,5170.0,5220.0
4420,2025-02-01,5180.0,5200.0,5080.0,5140.0,10826081920,2110774,564,5180.0,5160.0
4421,2025-02-02,5250.0,5250.0,5140.0,5180.0,8557038330,1644235,467,5140.0,5200.0
4422,2025-02-03,5250.0,5250.0,5150.0,5180.0,11478569200,2213537,328,5180.0,5160.0
4423,2025-02-04,5250.0,5290.0,5150.0,5190.0,4562283690,874252,199,5180.0,5180.0
4424,2025-02-05,5190.0,5300.0,5140.0,5190.0,9131689090,1757662,215,5190.0,5160.0
4425,2025-02-09,5260.0,5300.0,5050.0,5170.0,17093061450,3308723,856,5190.0,5060.0
4426,2025-02-11,5210.0,5210.0,5020.0,5020.0,16125044830,3211687,223,5170.0,5020.0
4427,2025-02-15,5000.0,5000.0,4870.0,4880.0,18599471740,3813567,477,5020.0,4870.0
4428,2025-02-16,4880.0,4950.0,4740.0,4800.0,10817334920,2268007,408,4880.0,4750.0
4429,2025-02-17,4720.0,4880.0,4680.0,4760.0,19420877610,4083925,1455,4800.0,4730.0
4430,2025-02-18,4730.0,4860.0,4650.0,4760.0,8448875060,1777326,126,4760.0,4740.0
4431,2025-02-19,4810.0,4900.0,4700.0,4760.0,6905195560,1452333,273,4760.0,4720.0
4432,2025-02-22,4770.0,4770.0,4618.0,4726.0,6166302020,1318131,886,4760.0,4668.0
4433,2025-02-23,4698.0,4850.0,4587.0,4683.0,10826795797,2319337,250,4726.0,4722.0
4434,2025-02-24,4799.0,4823.0,4690.0,4758.0,25166713076,5289364,499,4683.0,4823.0
4435,2025-02-25,4867.0,4900.0,4768.0,4838.0,30985839677,6404448,336,4758.0,4840.0
4436,2025-02-26,4760.0,4887.0,4693.0,4746.0,19701727337,4150934,331,4838.0,4754.0
4437,2025-03-01,4750.0,4830.0,4640.0,4748.0,3818495475,803032,124,4746.0,4788.0
4438,2025-03-02,4650.0,4780.0,4650.0,4734.0,9889295624,2092053,137,4748.0,4743.0
4439,2025-03-03,4740.0,4740.0,4592.0,4649.0,12112515166,2615441,184,4734.0,4640.0
4440,2025-03-04,4570.0,4700.0,4550.0,4644.0,9167118190,1975288,127,4649.0,4696.0
4441,2025-03-05,4700.0,4748.0,4515.0,4650.0,3746676036,802985,123,4644.0,4745.0
4442,2025-03-08,4770.0,4770.0,4550.0,4626.0,9160471234,1986789,197,4650.0,4650.0
4443,2025-03-09,4500.0,4620.0,4488.0,4559.0,11037025775,2432918,217,4626.0,4500.0
4444,2025-03-10,4594.0,4660.0,4430.0,4556.0,6267055183,1376744,121,4559.0,4530.0
4445,2025-03-11,4430.0,4550.0,4420.0,4493.0,7729840310,1741204,71,4556.0,4420.0
4446,2025-03-12,4590.0,4590.0,4359.0,4380.0,38355115568,8756979,1435,4493.0,4462.0
4447,2025-03-15,4511.0,4511.0,4400.0,4430.0,10765658895,2419093,149,4380.0,4417.0
4448,2025-03-16,4430.0,4520.0,4426.0,4438.0,10324131524,2324640,375,4430.0,4460.0
4449,2025-03-17,4481.0,4481.0,4371.0,4434.0,6085443516,1374393,252,4438.0,4373.0
4450,2025-03-18,4377.0,4377.0,4302.0,4408.0,4168986844,960181,853,4434.0,4339.0
4451,2025-03-25,4339.0,4540.0,4339.0,4451.0,6092759378,1348728,84,4408.0,4540.0
4452,2025-03-26,4567.0,4583.0,4441.0,4458.0,2544399770,566008,88,4451.0,4465.0
4453,2025-03-29,4583.0,4590.0,4467.0,4501.0,10906837306,2414419,330,4458.0,4517.0
4454,2025-03-30,4500.0,4628.0,4498.0,4542.0,6991255150,1522448,195,4501.0,4570.0
4455,2025-04-05,4634.0,4634.0,4538.0,4547.0,2442335944,534265,251,4542.0,4538.0
4456,2025-04-06,4580.0,4580.0,4519.0,4547.0,5305376035,1166634,86,4547.0,4525.0
4457,2025-04-07,4458.0,4677.0,4411.0,4521.0,10315240115,2287570,76,4547.0,4450.0
4458,2025-04-08,4600.0,4656.0,4561.0,4599.0,9756585352,2101317,147,4521.0,4656.0
4459,2025-04-09,4736.0,4736.0,4468.0,4588.0,6411099661,1401768,102,4599.0,4600.0
4460,2025-04-12,4455.0,4640.0,4455.0,4585.0,5546037340,1211162,142,4588.0,4589.0
4461,2025-04-13,4633.0,4722.0,4633.0,4692.0,12450347150,2638875,137,4585.0,4722.0
4462,2025-04-14,4832.0,4832.0,4770.0,4831.0,16005376290,3312744,151,4692.0,4832.0
4463,2025-04-15,4960.0,4970.0,4687.0,4805.0,7993261593,1672492,212,4831.0,4810.0
4464,2025-04-16,4700.0,4899.0,4700.0,4817.0,7701743879,1594431,170,4805.0,4839.0
4465,2025-04-19,4825.0,4960.0,4771.0,4910.0,23732174266,4833655,300,4817.0,4950.0
4466,2025-04-20,5057.0,5057.0,5057.0,5049.0,14868272809,2940137,118,4910.0,5057.0
4467,2025-04-21,5200.0,5200.0,5020.0,5180.0,26296191316,5076758,363,5049.0,5055.0
4468,2025-04-22,5260.0,5300.0,5050.0,5214.0,28702694727,5505104,513,5180.0,5254.0
4469,2025-04-23,5280.0,5370.0,5280.0,5367.0,22324697974,4159601,390,5214.0,5370.0
4470,2025-04-26,5520.0,5520.0,5520.0,5520.0,15279917520,2768101,206,5367.0,5520.0
4471,2025-04-27,5680.0,5680.0,5530.0,5660.0,57087223090,10089529,625,5520.0,5680.0
4472,2025-04-28,5770.0,5820.0,5520.0,5650.0,26656398510,4714713,471,5660.0,5570.0
4473,2025-04-29,5570.0,5680.0,5490.0,5560.0,39576891190,7114781,522,5650.0,5510.0
4474,2025-04-30,5680.0,5720.0,5430.0,5690.0,62979585410,11076374,1104,5560.0,5720.0
4475,2025-05-03,5520.0,5740.0,5520.0,5540.0,25426340270,4593686,1985,5690.0,5520.0
4476,2025-05-04,5440.0,5530.0,5440.0,5500.0,9406227100,1715144,204,5540.0,5530.0
4477,2025-05-05,5510.0,5630.0,5450.0,5510.0,23184751440,4211040,217,5500.0,5520.0
4478,2025-05-06,5570.0,5650.0,5440.0,5550.0,22191560900,3997959,223,5510.0,5640.0
4479,2025-05-07,5700.0,5710.0,5510.0,5580.0,14267244760,2557570,256,5550.0,5560.0
4480,2025-05-10,5580.0,5590.0,5420.0,5490.0,20490710170,3729442,310,5580.0,5420.0
4481,2025-05-11,5420.0,5500.0,5340.0,5450.0,17921440830,3288606,223,5490.0,5350.0
4482,2025-05-12,5580.0,5610.0,5550.0,5600.0,21214490510,3786636,322,5450.0,5610.0
4483,2025-05-13,5700.0,5700.0,5450.0,5600.0,23445439720,4186037,251,5600.0,5600.0
4484,2025-05-14,5600.0,5610.0,5560.0,5590.0,18740499120,3351011,191,5600.0,5560.0
4485,2025-05-17,5500.0,5650.0,5500.0,5580.0,6708264850,1202870,126,5590.0,5560.0
4486,2025-05-18,5580.0,5670.0,5530.0,5580.0,27765179740,4971515,250,5580.0,5590.0
4487,2025-05-19,5590.0,5670.0,5440.0,5500.0,21197775170,3850811,309,5580.0,5470.0
4488,2025-05-20,5550.0,5600.0,5340.0,5370.0,19445607910,3622955,244,5500.0,5340.0
4489,2025-05-21,5260.0,5300.0,5210.0,5240.0,16228949290,3095659,464,5370.0,5220.0
4490,2025-05-24,5390.0,5390.0,5220.0,5270.0,6355513320,1198217,121,5240.0,5240.0
4491,2025-05-25,5340.0,5360.0,5120.0,5200.0,15432220190,2968772,218,5270.0,5150.0
4492,2025-05-26,5240.0,5330.0,5180.0,5210.0,7259704020,1393002,150,5200.0,5280.0
4493,2025-05-27,5180.0,5360.0,5180.0,5310.0,14816713870,2787624,189,5210.0,5360.0
4494,2025-05-28,5390.0,5460.0,5300.0,5330.0,3159634400,584601,139,5310.0,5330.0
4495,2025-05-31,5460.0,5470.0,5290.0,5340.0,5790234200,1082163,154,5330.0,5290.0
4496,2025-06-01,5450.0,5500.0,5270.0,5370.0,11544830890,2144857,247,5340.0,5450.0
4497,2025-06-02,5360.0,5500.0,5360.0,5380.0,3857269070,711699,106,5370.0,5420.0
4498,2025-06-03,5500.0,5500.0,5340.0,5380.0,7680940110,1429800,165,5380.0,5350.0
4499,2025-06-07,5400.0,5400.0,5220.0,5290.0,9500642270,1814312,191,5380.0,5220.0
4500,2025-06-08,5290.0,5390.0,5240.0,5300.0,5513635940,1037595,130,5290.0,5340.0
4501,2025-06-09,5300.0,5400.0,5210.0,5290.0,6730519180,1276317,120,5300.0,5260.0
4502,2025-06-10,5300.0,5330.0,5200.0,5270.0,10514155520,1997629,216,5290.0,5210.0
4503,2025-06-11,5260.0,5330.0,5260.0,5270.0,7025516830,1332328,75,5270.0,5270.0
4504,2025-06-28,5120.0,5120.0,5120.0,5160.0,10891822080,2127309,46,5270.0,5120.0
4505,2025-06-29,5010.0,5010.0,5010.0,5010.0,15373190010,3068501,52,5160.0,5010.0
4506,2025-06-30,4860.0,4860.0,4860.0,4860.0,82390972500,16952875,330,5010.0,4860.0
4507,2025-07-01,4720.0,4720.0,4720.0,4810.0,4411576320,934656,44,4860.0,4720.0
4508,2025-07-02,4670.0,4890.0,4670.0,4700.0,79279134450,16855551,1395,4810.0,4750.0
4509,2025-07-07,4841.0,4841.0,4615.0,4672.0,10909526553,2340375,820,4700.0,4615.0
4510,2025-07-08,4600.0,4600.0,4532.0,4615.0,5988085753,1320540,109,4672.0,4532.0
4511,2025-07-09,4477.0,4588.0,4477.0,4543.0,8376358949,1864899,159,4615.0,4580.0
4512,2025-07-12,4550.0,4679.0,4550.0,4672.0,52884598539,11318616,230,4543.0,4625.0
