,date,open,high,low,adjClose,value,volume,count,yesterday,close
0,2019-10-09,231.0,231.0,231.0,231.0,1568332568750,250933211,878255,37.0,231.0
1,2019-10-12,242.0,242.0,242.0,234.0,1572288010,239605,981,231.0,242.0
2,2019-10-13,245.0,245.0,245.0,238.0,2151818856,323874,1350,234.0,245.0
3,2019-10-14,250.0,250.0,250.0,242.0,2377625568,351928,1456,238.0,250.0
4,2019-10-15,254.0,254.0,254.0,250.0,4095388800,595260,2349,242.0,254.0
5,2019-10-16,262.0,262.0,262.0,258.0,4670924918,658526,2581,250.0,262.0
6,2019-10-20,271.0,271.0,271.0,271.0,9103007648,1240868,4857,258.0,271.0
7,2019-10-21,284.0,284.0,284.0,284.0,10167048206,1320053,5113,271.0,284.0
8,2019-10-22,299.0,299.0,299.0,299.0,8470445105,1047415,4213,284.0,299.0
9,2019-10-23,314.0,314.0,314.0,314.0,17538635996,2065556,8689,299.0,314.0
10,2019-10-26,329.0,329.0,329.0,329.0,69233444250,7765950,28846,314.0,329.0
11,2019-10-28,347.0,347.0,347.0,347.0,279333502349,29725817,57470,329.0,347.0
12,2019-10-30,346.0,355.0,332.0,342.0,349545705639,37722743,128089,347.0,347.0
13,2019-11-02,346.0,359.0,325.0,358.0,627963749399,64858686,108867,342.0,359.0
14,2019-11-03,375.0,375.0,375.0,375.0,57595442502,5665497,14948,358.0,375.0
15,2019-11-04,394.0,394.0,394.0,394.0,35833877532,3357118,8998,375.0,394.0
16,2019-11-05,414.0,414.0,399.0,413.0,516917844933,46184326,46252,394.0,414.0
17,2019-11-09,434.0,434.0,419.0,433.0,186275111707,15898118,28002,413.0,434.0
18,2019-11-10,447.0,454.0,419.0,440.0,518186042964,43460554,77808,433.0,446.0
19,2019-11-11,452.0,462.0,445.0,458.0,109591198024,8842552,17105,440.0,462.0
20,2019-11-12,481.0,481.0,481.0,481.0,17265557309,1326793,4740,458.0,481.0
21,2019-11-13,505.0,505.0,497.0,504.0,492444168379,36053635,14444,481.0,505.0
22,2019-11-16,505.0,528.0,504.0,514.0,91226540950,6552444,3330,504.0,517.0
23,2019-11-19,540.0,567.0,517.0,550.0,630518943014,42306696,42157,514.0,567.0
24,2019-11-20,565.0,578.0,560.0,576.0,356321941393,22830101,15329,550.0,578.0
25,2019-11-23,605.0,605.0,605.0,605.0,72328405224,4413498,4499,576.0,605.0
26,2019-11-24,636.0,636.0,606.0,631.0,1361905489161,79685556,38304,605.0,636.0
27,2019-11-25,624.0,641.0,600.0,617.0,961905264746,57553987,54821,631.0,621.0
28,2019-11-26,612.0,616.0,595.0,607.0,451451785928,27473435,32470,617.0,609.0
29,2019-11-27,621.0,637.0,609.0,633.0,429741270897,25065210,11904,607.0,637.0
30,2019-11-30,665.0,665.0,646.0,663.0,433436979933,24141416,14605,633.0,665.0
31,2019-12-01,680.0,691.0,640.0,669.0,422514364683,23309844,17927,663.0,665.0
32,2019-12-02,664.0,702.0,654.0,684.0,338216658765,18253439,13197,669.0,681.0
33,2019-12-03,699.0,710.0,665.0,695.0,249865831168,13285992,10170,684.0,698.0
34,2019-12-04,702.0,709.0,684.0,691.0,248954830467,13300830,11575,695.0,687.0
35,2019-12-07,701.0,701.0,665.0,675.0,328121055466,17963909,16419,691.0,674.0
36,2019-12-08,661.0,676.0,643.0,658.0,286319918028,16073040,17100,675.0,659.0
37,2019-12-09,658.0,691.0,648.0,685.0,289765890103,15625819,10207,658.0,690.0
38,2019-12-10,702.0,728.0,667.0,687.0,309832989257,16651207,8724,685.0,667.0
39,2019-12-11,665.0,676.0,654.0,663.0,173152215844,9650387,8839,687.0,668.0
40,2019-12-14,661.0,669.0,637.0,650.0,160212710955,9103551,10326,663.0,650.0
41,2019-12-15,643.0,665.0,643.0,655.0,126001059292,7100392,7489,650.0,657.0
42,2019-12-16,650.0,657.0,647.0,650.0,105430559096,5989743,6646,655.0,653.0
43,2019-12-17,655.0,683.0,648.0,672.0,239939960860,13179678,8554,650.0,683.0
44,2019-12-18,686.0,700.0,669.0,680.0,112875015524,6129734,6207,672.0,671.0
45,2019-12-21,669.0,688.0,658.0,669.0,112263904788,6194517,6759,680.0,668.0
46,2019-12-22,669.0,672.0,655.0,661.0,105468459762,5891650,5575,669.0,664.0
47,2019-12-23,665.0,679.0,636.0,658.0,176710938668,9912884,5631,661.0,649.0
48,2019-12-24,640.0,680.0,640.0,668.0,95589304343,5284518,4421,658.0,663.0
49,2019-12-25,672.0,690.0,672.0,678.0,117194547554,6384002,5069,668.0,679.0
50,2019-12-28,687.0,691.0,678.0,685.0,138301425835,7460679,5728,678.0,682.0
51,2019-12-29,683.0,702.0,674.0,688.0,172892388434,9278833,6454,685.0,688.0
52,2019-12-30,723.0,723.0,712.0,722.0,209748877221,10726529,3708,688.0,723.0
53,2019-12-31,758.0,758.0,739.0,757.0,610563599453,29786778,6117,722.0,758.0
54,2020-01-01,795.0,795.0,792.0,795.0,659706481281,30652679,3434,757.0,795.0
55,2020-01-04,755.0,755.0,755.0,755.0,67702144636,3311266,1098,795.0,755.0
56,2020-01-05,750.0,793.0,750.0,783.0,636215624528,30027362,8307,755.0,793.0
57,2020-01-07,801.0,813.0,743.0,770.0,368390207791,17681599,5598,783.0,743.0
58,2020-01-08,754.0,754.0,754.0,754.0,35600056863,1743477,471,770.0,754.0
59,2020-01-11,769.0,769.0,769.0,769.0,57167074258,2744854,680,754.0,769.0
60,2020-01-12,808.0,808.0,808.0,808.0,47959476180,2193135,695,769.0,808.0
61,2020-01-13,848.0,848.0,848.0,848.0,99815577019,4347179,1062,808.0,848.0
62,2020-01-14,890.0,890.0,890.0,890.0,933373682884,38714750,4087,848.0,890.0
63,2020-01-15,903.0,935.0,870.0,916.0,365279319453,14722804,4772,890.0,935.0
64,2020-01-18,962.0,962.0,962.0,962.0,61350224750,2355095,1040,916.0,962.0
65,2020-01-19,1010.0,1010.0,978.0,1005.0,845715310075,31066390,12828,962.0,1010.0
66,2020-01-20,1016.0,1049.0,977.0,1011.0,651939954339,23817537,16390,1005.0,997.0
67,2020-01-21,981.0,995.0,960.0,963.0,440043398475,16870798,8077,1011.0,969.0
68,2020-01-22,986.0,1012.0,977.0,1006.0,365463762066,13412975,5944,963.0,1012.0
69,2020-01-25,1057.0,1057.0,1049.0,1057.0,261621786308,9145037,2867,1006.0,1057.0
70,2020-01-26,1108.0,1109.0,1056.0,1087.0,656725480482,22322263,12114,1057.0,1067.0
71,2020-01-27,1067.0,1125.0,1032.0,1080.0,403102519570,13780588,9431,1087.0,1068.0
72,2020-01-28,1071.0,1115.0,1034.0,1063.0,431143507230,14982382,12030,1080.0,1053.0
73,2020-02-01,1038.0,1063.0,1010.0,1018.0,691372335271,25089277,12102,1063.0,1010.0
74,2020-02-02,1010.0,1065.0,979.0,1034.0,284902520110,10178351,7615,1018.0,1034.0
75,2020-02-03,1067.0,1067.0,1010.0,1033.0,286256478333,10234437,7796,1034.0,1019.0
76,2020-02-04,1032.0,1032.0,981.0,1000.0,415950516137,15360584,8451,1033.0,986.0
77,2020-02-05,986.0,1045.0,971.0,1008.0,315324431999,11549834,10809,1000.0,1038.0
78,2020-02-08,1059.0,1059.0,1034.0,1057.0,381272766030,13320237,5611,1008.0,1059.0
79,2020-02-09,1110.0,1110.0,1086.0,1106.0,339287788509,11327644,5660,1057.0,1110.0
80,2020-02-10,1162.0,1162.0,1106.0,1155.0,571998194400,18298179,6173,1106.0,1162.0
81,2020-02-12,1212.0,1212.0,1212.0,1212.0,88628664600,2700200,1080,1155.0,1212.0
82,2020-02-15,1273.0,1273.0,1215.0,1263.0,863028324948,25231235,10759,1212.0,1273.0
83,2020-02-16,1288.0,1307.0,1220.0,1266.0,569648695580,16621443,9898,1263.0,1307.0
84,2020-02-17,1296.0,1329.0,1266.0,1319.0,529244652385,14824675,8023,1266.0,1322.0
85,2020-02-18,1341.0,1341.0,1274.0,1293.0,347109539584,9914127,6750,1319.0,1286.0
86,2020-02-19,1322.0,1367.0,1293.0,1326.0,363558607227,10128499,6422,1293.0,1316.0
87,2020-02-22,1299.0,1367.0,1274.0,1330.0,293705290407,8158231,5895,1326.0,1326.0
88,2020-02-23,1370.0,1396.0,1370.0,1391.0,312553513340,8296853,4544,1330.0,1396.0
89,2020-02-24,1440.0,1440.0,1372.0,1391.0,316780116942,8412106,6290,1391.0,1398.0
90,2020-02-25,1409.0,1409.0,1337.0,1371.0,475841944886,12816613,8716,1391.0,1385.0
91,2020-02-26,1387.0,1387.0,1309.0,1347.0,318530548045,8737218,6129,1371.0,1348.0
92,2020-02-29,1279.0,1372.0,1279.0,1320.0,562286025007,15734845,6976,1347.0,1368.0
93,2020-03-01,1354.0,1386.0,1341.0,1371.0,336426431370,9065032,5481,1320.0,1386.0
94,2020-03-02,1413.0,1413.0,1367.0,1387.0,404656160694,10775544,5609,1371.0,1404.0
95,2020-03-03,1440.0,1456.0,1411.0,1453.0,342515832953,8707857,4914,1387.0,1456.0
96,2020-03-04,1525.0,1525.0,1496.0,1522.0,321853518190,7810980,6417,1453.0,1525.0
97,2020-03-07,1477.0,1543.0,1446.0,1479.0,411485303684,10272799,10835,1522.0,1459.0
98,2020-03-09,1406.0,1422.0,1406.0,1406.0,120340383221,3160920,1896,1479.0,1406.0
99,2020-03-10,1336.0,1381.0,1336.0,1340.0,267272581158,7368164,4095,1406.0,1336.0
100,2020-03-11,1387.0,1404.0,1348.0,1386.0,287943917775,7673364,9091,1340.0,1367.0
101,2020-03-14,1395.0,1395.0,1317.0,1343.0,144383871397,3971591,2157,1386.0,1317.0
102,2020-03-15,1276.0,1293.0,1276.0,1276.0,281032802664,8136898,4178,1343.0,1276.0
103,2020-03-16,1293.0,1339.0,1277.0,1331.0,251404966934,6974943,5282,1276.0,1333.0
104,2020-03-17,1339.0,1344.0,1265.0,1296.0,174768703062,4979147,4466,1331.0,1316.0
105,2020-03-18,1330.0,1361.0,1296.0,1342.0,172900742137,4758972,3378,1296.0,1361.0
106,2020-03-24,1409.0,1409.0,1365.0,1399.0,357378656567,9435370,6591,1342.0,1409.0
107,2020-03-25,1440.0,1469.0,1433.0,1456.0,598394098690,15181269,13420,1399.0,1469.0
108,2020-04-05,1666.0,1749.0,1666.0,1709.0,191804907002,6216806,2047,1456.0,1749.0
109,2020-04-06,1795.0,1795.0,1784.0,1795.0,604412665748,18657969,5103,1709.0,1795.0
110,2020-04-07,1884.0,1884.0,1865.0,1880.0,491194589527,14475575,9952,1795.0,1884.0
111,2020-04-08,1934.0,1934.0,1801.0,1831.0,500774254854,15150369,12932,1880.0,1812.0
112,2020-04-11,1773.0,1813.0,1765.0,1791.0,304566923144,9419511,7220,1831.0,1770.0
113,2020-04-12,1812.0,1881.0,1773.0,1857.0,412713752427,12315574,5759,1791.0,1881.0
114,2020-04-13,1895.0,1949.0,1828.0,1922.0,503815663720,14519580,6128,1857.0,1949.0
115,2020-04-14,1939.0,2018.0,1898.0,1979.0,349941040992,9795210,9571,1922.0,1994.0
116,2020-04-15,2022.0,2078.0,1983.0,2047.0,359815583684,9739698,8385,1979.0,2061.0
117,2020-04-18,2105.0,2149.0,2047.0,2124.0,447132523409,11665780,7496,2047.0,2109.0
118,2020-04-19,2124.0,2132.0,2017.0,2054.0,560670873988,15121493,10387,2124.0,2017.0
119,2020-04-20,1957.0,2108.0,1957.0,2023.0,318151204581,8714110,7266,2054.0,2025.0
120,2020-04-21,2022.0,2124.0,2017.0,2070.0,907907951297,24304144,4512,2023.0,2124.0
121,2020-04-22,2173.0,2173.0,2173.0,2173.0,124974832872,3186264,1117,2070.0,2173.0
122,2020-04-25,2282.0,2282.0,2282.0,2282.0,140089517568,3401552,1014,2173.0,2282.0
123,2020-04-26,2396.0,2396.0,2215.0,2374.0,1125223064672,26261708,11527,2282.0,2396.0
124,2020-04-27,2418.0,2461.0,2299.0,2397.0,496171265022,11466826,8525,2374.0,2341.0
125,2020-04-28,2344.0,2514.0,2344.0,2419.0,499392756136,11437982,7317,2397.0,2410.0
126,2020-04-29,2476.0,2476.0,2404.0,2430.0,621013149492,14155605,10986,2419.0,2421.0
127,2020-05-02,2476.0,2552.0,2432.0,2531.0,610591737938,13364198,6995,2430.0,2552.0
128,2020-05-04,2548.0,2631.0,2421.0,2538.0,575036656161,12551970,8516,2531.0,2465.0
129,2020-05-05,2471.0,2522.0,2411.0,2426.0,825299620351,18843890,9100,2538.0,2411.0
130,2020-05-06,2426.0,2426.0,2305.0,2343.0,602704191854,14253053,11027,2426.0,2327.0
131,2020-05-09,2382.0,2459.0,2369.0,2409.0,617523983703,14204145,9549,2343.0,2371.0
132,2020-05-10,2410.0,2426.0,2288.0,2322.0,463807598630,11064906,8808,2409.0,2288.0
133,2020-05-11,2244.0,2288.0,2206.0,2220.0,257975481224,6437380,3963,2322.0,2206.0
134,2020-05-12,2109.0,2205.0,2109.0,2118.0,201342684624,5267478,2980,2220.0,2109.0
135,2020-05-13,2012.0,2216.0,2012.0,2050.0,643165074766,17384788,10267,2118.0,2012.0
136,2020-05-16,2051.0,2133.0,1947.0,1996.0,298057833629,8273772,4256,2050.0,1947.0
137,2020-05-17,1896.0,2094.0,1896.0,2013.0,599813396570,16504432,8411,1996.0,2072.0
138,2020-05-18,2114.0,2114.0,2082.0,2110.0,344432886336,9042508,4668,2013.0,2114.0
139,2020-05-19,2216.0,2216.0,2216.0,2216.0,120787639136,3020144,2122,2110.0,2216.0
140,2020-05-20,2327.0,2327.0,2139.0,2251.0,537474911346,13229824,10384,2216.0,2183.0
141,2020-05-23,2139.0,2141.0,2138.0,2139.0,139516824067,3614467,2059,2251.0,2138.0
142,2020-05-26,2085.0,2194.0,2085.0,2085.0,131989000000,3598600,1767,2139.0,2085.0
143,2020-05-27,1981.0,2085.0,1981.0,1994.0,416944659563,11889937,7670,2085.0,1981.0
144,2020-05-30,2058.0,2094.0,2049.0,2088.0,191910417005,5224868,4439,1994.0,2094.0
145,2020-05-31,2161.0,2161.0,1984.0,2007.0,251456198707,7124971,4368,2088.0,1984.0
146,2020-06-01,1977.0,2001.0,1913.0,1953.0,294331946326,8568572,5180,2007.0,1921.0
147,2020-06-02,2041.0,2051.0,1962.0,2047.0,303258492826,8424560,4962,1953.0,2051.0
148,2020-06-06,2087.0,2149.0,2087.0,2144.0,326861095111,8669592,4424,2047.0,2149.0
149,2020-06-07,2246.0,2246.0,2142.0,2186.0,450794539775,11727481,8840,2144.0,2144.0
150,2020-06-09,2077.0,2138.0,2076.0,2087.0,368282380022,10033423,4632,2186.0,2076.0
151,2020-06-10,2090.0,2191.0,2090.0,2184.0,892046368125,23223416,4603,2087.0,2191.0
152,2020-06-13,2293.0,2293.0,2293.0,2293.0,81667524060,2024982,1263,2184.0,2293.0
153,2020-06-14,2407.0,2407.0,2407.0,2407.0,162660076060,3841759,1689,2293.0,2407.0
154,2020-06-15,2527.0,2527.0,2527.0,2527.0,146714425900,3300662,1302,2407.0,2527.0
155,2020-06-16,2654.0,2654.0,2616.0,2654.0,964799993530,20674001,3862,2527.0,2654.0
156,2020-06-20,2729.0,2786.0,2559.0,2749.0,1268825278410,26249794,10788,2654.0,2786.0
157,2020-06-21,2866.0,2866.0,2672.0,2780.0,746814779260,15272358,9611,2749.0,2730.0
158,2020-06-22,2746.0,2746.0,2642.0,2686.0,859612798330,18194892,11277,2780.0,2653.0
159,2020-06-23,2667.0,2812.0,2615.0,2724.0,844875015220,17634702,9934,2686.0,2616.0
160,2020-06-24,2588.0,2746.0,2588.0,2646.0,772804941350,16604682,6829,2724.0,2622.0
161,2020-06-27,2707.0,2778.0,2695.0,2764.0,588941607910,12112419,4149,2646.0,2778.0
162,2020-06-28,2903.0,2903.0,2626.0,2761.0,660930609810,13611612,6699,2764.0,2641.0
163,2020-06-29,2624.0,2691.0,2623.0,2631.0,476588999250,10300123,5874,2761.0,2623.0
164,2020-06-30,2632.0,2762.0,2632.0,2726.0,607689638820,12673102,9271,2631.0,2725.0
165,2020-07-01,2762.0,2805.0,2727.0,2761.0,694715285250,14309800,8958,2726.0,2757.0
166,2020-07-04,2898.0,2898.0,2860.0,2884.0,1227376436040,24196102,8635,2761.0,2898.0
167,2020-07-05,3028.0,3028.0,2982.0,3026.0,766951151250,14411487,4279,2884.0,3028.0
168,2020-07-06,3177.0,3177.0,3105.0,3171.0,1023853427680,18357591,7098,3026.0,3149.0
169,2020-07-07,3326.0,3326.0,3013.0,3213.0,1465777624040,25939451,9969,3171.0,3269.0
170,2020-07-08,3269.0,3279.0,3053.0,3191.0,428086122610,7626303,5455,3213.0,3053.0
171,2020-07-11,3032.0,3032.0,3032.0,3032.0,188353560500,3531850,1318,3191.0,3032.0
172,2020-07-12,3071.0,3184.0,2881.0,3072.0,926903523410,17155916,10751,3032.0,2886.0
173,2020-07-13,3072.0,3072.0,2919.0,2943.0,767644553620,14830374,5127,3072.0,2919.0
174,2020-07-14,2979.0,3071.0,2796.0,2948.0,747236876340,14413510,11438,2943.0,2841.0
175,2020-07-15,2844.0,2977.0,2800.0,2856.0,490523842290,9764887,8360,2948.0,2800.0
176,2020-07-18,2795.0,2999.0,2795.0,2970.0,635029845480,12156428,8010,2856.0,2999.0
177,2020-07-19,3116.0,3116.0,2957.0,3054.0,750486929610,13971497,9724,2970.0,2996.0
178,2020-08-02,3701.0,3852.0,3535.0,3639.0,685234479630,31540796,9705,3054.0,3587.0
179,2020-08-03,3684.0,3684.0,3458.0,3518.0,166161966780,7906844,4256,3639.0,3458.0
180,2020-08-04,3584.0,3584.0,3343.0,3374.0,219064766760,10872827,5285,3518.0,3343.0
181,2020-08-05,3343.0,3393.0,3207.0,3276.0,257830097010,13183500,5551,3374.0,3341.0
182,2020-08-09,3438.0,3438.0,3438.0,3406.0,71347683170,3475289,956,3276.0,3438.0
183,2020-08-10,3575.0,3575.0,3575.0,3538.0,72059794100,3375166,1057,3406.0,3575.0
184,2020-08-11,3714.0,3714.0,3714.0,3689.0,81914466240,3693168,1229,3538.0,3714.0
185,2020-08-12,3873.0,3873.0,3545.0,3803.0,746830016490,32878335,7871,3689.0,3734.0
186,2020-08-15,3768.0,3768.0,3614.0,3649.0,89194512770,4102809,1120,3803.0,3614.0
187,2020-08-16,3500.0,3572.0,3468.0,3478.0,132415960440,6374118,1286,3649.0,3468.0
188,2020-08-17,3468.0,3600.0,3331.0,3440.0,245123034490,11933018,3892,3478.0,3353.0
189,2020-08-18,3433.0,3433.0,3269.0,3294.0,77100867870,3936337,1072,3440.0,3269.0
190,2020-08-19,3130.0,3130.0,3130.0,3262.0,15505766010,829629,301,3294.0,3130.0
191,2020-08-22,3115.0,3349.0,3100.0,3175.0,52609478220,2816471,977,3262.0,3100.0
192,2020-08-23,3018.0,3018.0,3018.0,3135.0,20065486240,1113512,212,3175.0,3018.0
193,2020-08-24,2979.0,2979.0,2979.0,3103.0,15587864850,876215,194,3135.0,2979.0
194,2020-08-25,2949.0,3249.0,2949.0,3063.0,391315041540,21399572,4974,3103.0,3193.0
195,2020-08-26,3140.0,3215.0,3140.0,3209.0,181742722740,9485933,2755,3063.0,3215.0
196,2020-08-31,3249.0,3249.0,3049.0,3075.0,122642038300,6678065,1626,3209.0,3049.0
197,2020-09-01,2922.0,2922.0,2922.0,3043.0,15861613750,908975,218,3075.0,2922.0
198,2020-09-02,2892.0,2892.0,2892.0,3019.0,11542490850,668355,151,3043.0,2892.0
199,2020-09-05,2869.0,2954.0,2869.0,2934.0,43207117330,2517799,954,3019.0,2869.0
200,2020-09-06,2788.0,2870.0,2788.0,2795.0,132393904340,7933613,2317,2934.0,2788.0
201,2020-09-07,2656.0,2656.0,2656.0,2775.0,9519235440,600204,114,2795.0,2656.0
202,2020-09-08,2637.0,2637.0,2637.0,2758.0,8582505750,544921,72,2775.0,2637.0
203,2020-09-09,2621.0,2621.0,2621.0,2663.0,47376086900,3027226,508,2758.0,2621.0
204,2020-09-12,2562.0,2758.0,2530.0,2581.0,88544308100,5746178,1998,2663.0,2530.0
205,2020-09-13,2452.0,2552.0,2452.0,2453.0,135815456360,9271308,2241,2581.0,2452.0
206,2020-09-14,2336.0,2529.0,2336.0,2435.0,235765728740,16210710,4724,2453.0,2475.0
207,2020-09-15,2512.0,2555.0,2477.0,2542.0,85420839110,5628762,1571,2435.0,2555.0
208,2020-09-16,2668.0,2668.0,2416.0,2572.0,131511841620,8561345,3710,2542.0,2458.0
209,2020-09-19,2567.0,2567.0,2445.0,2465.0,68481490620,4651947,1700,2572.0,2445.0
210,2020-09-20,2344.0,2388.0,2343.0,2420.0,22315864250,1594746,744,2465.0,2343.0
211,2020-09-21,2299.0,2385.0,2299.0,2301.0,409631221690,29802817,2060,2420.0,2326.0
212,2020-09-22,2344.0,2411.0,2187.0,2304.0,154388167320,11222893,2869,2301.0,2391.0
213,2020-09-23,2344.0,2410.0,2190.0,2323.0,81938602100,5909011,2012,2304.0,2336.0
214,2020-09-26,2378.0,2398.0,2207.0,2291.0,63920605490,4673027,1803,2323.0,2239.0
215,2020-09-27,2234.0,2234.0,2177.0,2249.0,20683936160,1589606,534,2291.0,2177.0
216,2020-09-28,2137.0,2137.0,2137.0,2214.0,17142473040,1343454,227,2249.0,2137.0
217,2020-09-29,2103.0,2309.0,2103.0,2202.0,143747490170,10928290,2417,2214.0,2291.0
218,2020-09-30,2294.0,2294.0,2202.0,2224.0,48918241200,3678552,1459,2202.0,2237.0
219,2020-10-03,2259.0,2334.0,2113.0,2313.0,70718217120,5119419,1526,2224.0,2334.0
220,2020-10-04,2396.0,2428.0,2229.0,2375.0,143070166550,10087848,2108,2313.0,2328.0
221,2020-10-05,2262.0,2492.0,2257.0,2411.0,181869125400,12629081,1761,2375.0,2492.0
222,2020-10-06,2532.0,2532.0,2532.0,2485.0,40310161920,2666016,464,2411.0,2532.0
223,2020-10-07,2609.0,2609.0,2410.0,2572.0,282904757260,18416975,3832,2485.0,2609.0
224,2020-10-10,2512.0,2694.0,2445.0,2637.0,131785570340,8368885,2647,2572.0,2678.0
225,2020-10-11,2758.0,2768.0,2629.0,2748.0,149072340330,9085720,2447,2637.0,2683.0
226,2020-10-12,2629.0,2884.0,2629.0,2775.0,83124869110,5015610,2116,2748.0,2813.0
227,2020-10-13,2845.0,2872.0,2648.0,2750.0,64274950760,3918254,1681,2775.0,2683.0
228,2020-10-14,2646.0,2746.0,2612.0,2631.0,60659115220,3879975,1259,2750.0,2612.0
229,2020-10-18,2507.0,2562.0,2500.0,2599.0,15645477540,1047294,435,2631.0,2500.0
230,2020-10-19,2470.0,2470.0,2470.0,2582.0,8666967250,587591,72,2599.0,2470.0
231,2020-10-20,2453.0,2453.0,2453.0,2564.0,9326673450,636633,74,2582.0,2453.0
232,2020-10-21,2545.0,2691.0,2437.0,2554.0,88431581800,5800309,1807,2564.0,2443.0
233,2020-10-24,2443.0,2596.0,2426.0,2507.0,29763461390,2031283,503,2554.0,2426.0
234,2020-10-26,2383.0,2383.0,2383.0,2468.0,18882754640,1326968,203,2507.0,2383.0
235,2020-10-27,2346.0,2346.0,2346.0,2442.0,13401937980,956598,268,2468.0,2346.0
236,2020-10-28,2321.0,2426.0,2321.0,2326.0,73594569600,5297779,1518,2442.0,2333.0
237,2020-10-31,2313.0,2440.0,2313.0,2400.0,70163985610,4896179,1446,2326.0,2381.0
238,2020-11-01,2296.0,2380.0,2281.0,2336.0,32150090340,2358172,346,2400.0,2281.0
239,2020-11-02,2221.0,2324.0,2221.0,2277.0,30171689630,2270476,652,2336.0,2221.0
240,2020-11-04,2165.0,2383.0,2165.0,2311.0,37675173420,2707170,1256,2277.0,2344.0
241,2020-11-07,2195.0,2195.0,2195.0,2298.0,6744439500,514450,108,2311.0,2195.0
242,2020-11-08,2184.0,2184.0,2184.0,2296.0,457534480,35087,40,2298.0,2184.0
243,2020-11-09,2182.0,2182.0,2182.0,2274.0,11078079940,850198,96,2296.0,2182.0
244,2020-11-10,2169.0,2227.0,2162.0,2195.0,40561265960,3137184,724,2274.0,2162.0
245,2020-11-11,2087.0,2160.0,2087.0,2105.0,70526178620,5610888,1504,2195.0,2103.0
246,2020-11-14,2093.0,2209.0,2093.0,2190.0,55591112380,4246008,1049,2105.0,2209.0
247,2020-11-15,2276.0,2299.0,2177.0,2254.0,218938482250,16263929,2820,2190.0,2299.0
248,2020-11-16,2261.0,2366.0,2254.0,2353.0,106966601360,7614419,1554,2254.0,2366.0
249,2020-11-17,2363.0,2470.0,2288.0,2413.0,150717116650,10457335,2625,2353.0,2470.0
250,2020-11-18,2534.0,2534.0,2458.0,2519.0,59834038910,3963337,1548,2413.0,2534.0
251,2020-11-21,2587.0,2643.0,2393.0,2569.0,185255795010,12075436,2759,2519.0,2637.0
252,2020-11-22,2582.0,2696.0,2569.0,2671.0,144874027330,9081251,2001,2569.0,2696.0
253,2020-11-23,2780.0,2803.0,2721.0,2798.0,159586411070,9552874,1667,2671.0,2803.0
254,2020-11-24,2688.0,2905.0,2688.0,2788.0,229647279850,13793193,3424,2798.0,2792.0
255,2020-11-25,2730.0,2872.0,2730.0,2807.0,130236709100,7772429,2343,2788.0,2763.0
256,2020-11-28,2713.0,2946.0,2701.0,2847.0,234100433050,13767289,3200,2807.0,2946.0
257,2020-11-29,2989.0,2989.0,2989.0,2944.0,52456009200,2938712,455,2847.0,2989.0
258,2020-11-30,3090.0,3090.0,3090.0,3068.0,67571316900,3662402,523,2944.0,3090.0
259,2020-12-01,3220.0,3220.0,3220.0,3187.0,64560186720,3357264,659,3068.0,3220.0
260,2020-12-06,3282.0,3346.0,3202.0,3324.0,583267258410,29383496,3954,3187.0,3346.0
261,2020-12-07,3341.0,3490.0,3175.0,3409.0,523443970880,25711375,5752,3324.0,3480.0
262,2020-12-08,3579.0,3579.0,3579.0,3555.0,79527429240,3721452,1028,3409.0,3579.0
263,2020-12-09,3733.0,3733.0,3733.0,3713.0,85767707190,3847811,1002,3555.0,3733.0
264,2020-12-12,3897.0,3897.0,3661.0,3815.0,743173280420,32623492,8300,3713.0,3751.0
265,2020-12-13,3692.0,3801.0,3626.0,3672.0,200425971800,9140124,2809,3815.0,3626.0
266,2020-12-14,3490.0,3768.0,3490.0,3562.0,371349080400,17461195,4571,3672.0,3490.0
267,2020-12-15,3384.0,3485.0,3384.0,3441.0,61876795890,3054541,482,3562.0,3384.0
268,2020-12-16,3270.0,3612.0,3270.0,3505.0,445328084030,21276306,4609,3441.0,3612.0
269,2020-12-19,3679.0,3679.0,3617.0,3677.0,272481299120,12409629,2409,3505.0,3679.0
270,2020-12-20,3751.0,3831.0,3500.0,3585.0,243123223970,11357709,3400,3677.0,3502.0
271,2020-12-21,3517.0,3764.0,3420.0,3716.0,317605665020,14315417,3352,3585.0,3764.0
272,2020-12-22,3826.0,3900.0,3734.0,3893.0,140521078350,6045142,1335,3716.0,3900.0
273,2020-12-23,4088.0,4088.0,4019.0,4086.0,381242322510,15626868,3814,3893.0,4088.0
274,2020-12-26,4186.0,4290.0,3954.0,4120.0,467449294470,18999516,6398,4086.0,4019.0
275,2020-12-27,4103.0,4153.0,3914.0,3945.0,447947098910,19011248,4060,4120.0,3935.0
276,2020-12-28,3868.0,4103.0,3857.0,3996.0,280267289540,11744334,4172,3945.0,4094.0
277,2020-12-29,4120.0,4126.0,3903.0,3982.0,270895928680,11391336,3452,3996.0,3935.0
278,2020-12-30,4021.0,4103.0,3890.0,3986.0,264590314840,11117526,3245,3982.0,4002.0
279,2021-01-02,4019.0,4019.0,3786.0,3858.0,299659865620,13003496,3500,3986.0,3801.0
280,2021-01-03,3692.0,3934.0,3666.0,3733.0,214552044930,9624078,2533,3858.0,3701.0
281,2021-01-04,3766.0,3835.0,3547.0,3627.0,233621761750,10785877,3334,3733.0,3555.0
282,2021-01-05,3627.0,3808.0,3627.0,3778.0,158937740900,7044584,1696,3627.0,3808.0
283,2021-01-06,3965.0,3965.0,3857.0,3960.0,571202696870,24147708,4440,3778.0,3965.0
284,2021-01-09,4145.0,4158.0,4051.0,4156.0,510560199480,20570560,4632,3960.0,4158.0
285,2021-01-10,4220.0,4352.0,4026.0,4155.0,490127657450,19754589,6061,4156.0,4103.0
286,2021-01-11,4069.0,4354.0,3947.0,4166.0,704601497040,28323044,8313,4155.0,4312.0
287,2021-01-12,4354.0,4374.0,4126.0,4297.0,399251035070,15556334,5517,4166.0,4195.0
288,2021-01-13,4195.0,4297.0,4083.0,4108.0,196618960930,8016741,2296,4297.0,4083.0
289,2021-01-16,3952.0,4036.0,3903.0,3991.0,59842651270,2555336,610,4108.0,3903.0
290,2021-01-18,3791.0,3791.0,3791.0,3970.0,9501034480,419657,83,3991.0,3791.0
291,2021-01-19,3773.0,3935.0,3773.0,3791.0,260825575290,11521999,2423,3970.0,3773.0
292,2021-01-20,3651.0,3877.0,3602.0,3687.0,268166958550,12176839,3653,3791.0,3701.0
293,2021-01-23,3811.0,3852.0,3659.0,3756.0,156585021800,6979536,2614,3687.0,3694.0
294,2021-01-24,3768.0,3848.0,3569.0,3597.0,160806490340,7486932,1889,3756.0,3569.0
295,2021-01-25,3418.0,3776.0,3418.0,3713.0,355546007530,16038068,3223,3597.0,3776.0
296,2021-01-26,3883.0,3897.0,3714.0,3873.0,477705930190,20656089,4220,3713.0,3897.0
297,2021-01-27,3949.0,4016.0,3768.0,3888.0,240368483760,10351049,3223,3873.0,3803.0
298,2021-01-30,3751.0,3977.0,3694.0,3753.0,1549295361770,69140044,8229,3888.0,3877.0
299,2021-01-31,3940.0,3940.0,3940.0,3940.0,146003908830,6205011,903,3753.0,3940.0
300,2021-02-01,4136.0,4136.0,4136.0,4136.0,186558457800,7552974,852,3940.0,4136.0
301,2021-02-02,4103.0,4342.0,3930.0,4141.0,1796683209890,72663647,10976,4136.0,4342.0
302,2021-02-03,4347.0,4347.0,4347.0,4282.0,75959219600,2926010,765,4141.0,4347.0
303,2021-02-06,4495.0,4495.0,4270.0,4434.0,1476226966190,55749126,9511,4282.0,4274.0
304,2021-02-07,4213.0,4521.0,4213.0,4259.0,747175724610,29385808,8212,4434.0,4267.0
305,2021-02-08,4319.0,4319.0,4046.0,4106.0,414604689200,16912024,4021,4259.0,4046.0
306,2021-02-09,3940.0,4106.0,3902.0,3940.0,364764412430,15503332,4859,4106.0,3920.0
307,2021-02-13,3944.0,4118.0,3862.0,3935.0,420581313130,17897439,5845,3940.0,3862.0
308,2021-02-17,3857.0,3857.0,3857.0,3930.0,5587054970,242599,106,3935.0,3857.0
309,2021-02-20,3853.0,3853.0,3853.0,3920.0,12394428540,538654,103,3930.0,3853.0
310,2021-02-21,3843.0,3843.0,3843.0,3897.0,28886591250,1258675,61,3920.0,3843.0
311,2021-02-22,3820.0,3820.0,3820.0,3895.0,1411551230,61883,23,3897.0,3820.0
312,2021-02-23,3818.0,3818.0,3818.0,3893.0,2867031600,125747,67,3895.0,3818.0
313,2021-02-24,3816.0,3868.0,3816.0,3818.0,104450921780,4581168,621,3893.0,3816.0
314,2021-02-27,3743.0,3743.0,3743.0,3818.0,296606850,13271,16,3818.0,3743.0
315,2021-02-28,3743.0,3743.0,3743.0,3818.0,253828950,11357,12,3818.0,3743.0
316,2021-03-01,3743.0,3743.0,3743.0,3818.0,728207700,32582,20,3818.0,3743.0
317,2021-03-02,3743.0,3743.0,3743.0,3816.0,1617603600,72376,37,3818.0,3743.0
318,2021-03-03,3741.0,3741.0,3741.0,3816.0,681593400,30510,17,3816.0,3741.0
319,2021-03-06,3741.0,3741.0,3741.0,3815.0,1888981040,84556,19,3816.0,3741.0
320,2021-03-07,3739.0,3739.0,3739.0,3813.0,1359539720,60884,49,3815.0,3739.0
321,2021-03-08,3738.0,3738.0,3738.0,3808.0,7422806160,332563,134,3813.0,3738.0
322,2021-03-09,3733.0,3733.0,3733.0,3806.0,1171294920,52548,36,3808.0,3733.0
323,2021-03-10,3731.0,3731.0,3731.0,3806.0,355210040,15943,14,3806.0,3731.0
324,2021-03-13,3731.0,3731.0,3731.0,3806.0,780290160,35022,50,3806.0,3731.0
325,2021-03-14,3731.0,3731.0,3731.0,3805.0,1536896680,68981,49,3806.0,3731.0
326,2021-03-15,3729.0,3729.0,3729.0,3803.0,2297707250,103175,48,3805.0,3729.0
327,2021-03-16,3652.0,3652.0,3652.0,3780.0,14214383970,651737,299,3803.0,3652.0
328,2021-03-17,3704.0,3704.0,3704.0,3778.0,2422471800,109515,122,3780.0,3704.0
329,2021-03-27,3703.0,3703.0,3703.0,3776.0,1177932360,53276,65,3778.0,3703.0
330,2021-03-28,3701.0,3701.0,3701.0,3775.0,1711689200,77452,48,3776.0,3701.0
331,2021-03-30,3699.0,3699.0,3699.0,3775.0,674540240,30536,43,3775.0,3699.0
332,2021-03-31,3699.0,3699.0,3699.0,3775.0,485096400,21960,28,3775.0,3699.0
333,2021-04-03,3699.0,3699.0,3699.0,3775.0,126929140,5746,15,3775.0,3699.0
334,2021-04-04,3699.0,3699.0,3699.0,3775.0,144358150,6535,14,3775.0,3699.0
335,2021-04-05,3699.0,3699.0,3699.0,3775.0,91231700,4130,10,3775.0,3699.0
336,2021-04-06,3699.0,3699.0,3699.0,3775.0,351407720,15908,20,3775.0,3699.0
337,2021-04-07,3699.0,3699.0,3699.0,3775.0,113365880,5132,11,3775.0,3699.0
338,2021-04-10,3624.0,3624.0,3624.0,3627.0,91923647120,4247858,195,3775.0,3624.0
339,2021-04-11,3555.0,3555.0,3555.0,3627.0,62310050,2935,11,3627.0,3555.0
340,2021-04-12,3555.0,3555.0,3555.0,3627.0,116722540,5498,11,3627.0,3555.0
341,2021-04-13,3555.0,3555.0,3555.0,3555.0,92604708020,4361974,160,3627.0,3555.0
342,2021-04-14,3485.0,3485.0,3485.0,3555.0,467371790,22459,14,3555.0,3485.0
343,2021-04-17,3485.0,3485.0,3485.0,3538.0,21342486280,1025588,43,3555.0,3485.0
344,2021-04-18,3468.0,3468.0,3468.0,3527.0,14656694810,707711,36,3538.0,3468.0
345,2021-04-19,3456.0,3456.0,3456.0,3513.0,16486138080,798747,47,3527.0,3456.0
346,2021-04-20,3445.0,3445.0,3445.0,3500.0,16701934920,811956,50,3513.0,3445.0
347,2021-04-21,3396.0,3396.0,3396.0,3471.0,24507507960,1208457,44,3500.0,3396.0
348,2021-04-24,3368.0,3368.0,3368.0,3450.0,18268004440,908404,33,3471.0,3368.0
349,2021-04-25,3348.0,3348.0,3348.0,3426.0,20024002990,1001701,28,3450.0,3348.0
350,2021-04-26,3324.0,3324.0,3324.0,3398.0,23952339950,1206667,40,3426.0,3324.0
351,2021-04-27,3297.0,3297.0,3297.0,3368.0,25155924310,1277599,71,3398.0,3297.0
352,2021-04-28,3267.0,3267.0,3267.0,3344.0,20234640420,1037142,60,3368.0,3267.0
353,2021-05-01,3245.0,3245.0,3245.0,3321.0,19436376420,1002909,37,3344.0,3245.0
354,2021-05-02,3222.0,3222.0,3222.0,3304.0,13518678160,702634,21,3321.0,3222.0
355,2021-05-03,3205.0,3205.0,3205.0,3281.0,19346176080,1010772,30,3304.0,3205.0
356,2021-05-05,3183.0,3183.0,3183.0,3259.0,19113053210,1005421,39,3281.0,3183.0
357,2021-05-08,3162.0,3162.0,3162.0,3232.0,22749493760,1204952,45,3259.0,3162.0
358,2021-05-09,3137.0,3137.0,3137.0,3204.0,23648123400,1262580,41,3232.0,3137.0
359,2021-05-12,3108.0,3108.0,3108.0,3178.0,21051568640,1134244,65,3204.0,3108.0
360,2021-05-15,3021.0,3021.0,3021.0,3133.0,22466114000,1245350,63,3178.0,3021.0
361,2021-05-16,2977.0,2977.0,2977.0,2977.0,77776458620,4374379,148,3133.0,2977.0
362,2021-05-17,2830.0,2830.0,2830.0,2833.0,71697185300,4242437,159,2977.0,2830.0
363,2021-05-18,2693.0,2693.0,2693.0,2694.0,69048484800,4294060,166,2833.0,2693.0
364,2021-05-19,2560.0,2560.0,2560.0,2560.0,66177199440,4328136,136,2694.0,2560.0
365,2021-05-22,2433.0,2433.0,2433.0,2433.0,62621815370,4309829,125,2560.0,2433.0
366,2021-05-23,2313.0,2313.0,2313.0,2391.0,20552566780,1488238,72,2433.0,2313.0
367,2021-05-24,2272.0,2272.0,2272.0,2344.0,23261164770,1714161,88,2391.0,2272.0
368,2021-05-25,2227.0,2227.0,2227.0,2309.0,17012003400,1279098,76,2344.0,2227.0
369,2021-05-26,2195.0,2195.0,2195.0,2276.0,16382714850,1249635,86,2309.0,2195.0
370,2021-05-29,2164.0,2309.0,2164.0,2200.0,1379445076700,104954254,14269,2276.0,2237.0
371,2021-05-30,2252.0,2309.0,2154.0,2271.0,525292781860,38725412,6755,2200.0,2224.0
372,2021-05-31,2177.0,2261.0,2159.0,2177.0,346992773050,26694314,3926,2271.0,2159.0
373,2021-06-01,2172.0,2286.0,2092.0,2247.0,325534967800,24258548,3888,2177.0,2286.0
374,2021-06-02,2360.0,2360.0,2267.0,2349.0,541357125640,38572610,5876,2247.0,2341.0
375,2021-06-07,2311.0,2383.0,2269.0,2321.0,267726254920,19309958,4116,2349.0,2318.0
376,2021-06-08,2323.0,2361.0,2205.0,2266.0,273635330600,20224370,4343,2321.0,2271.0
377,2021-06-09,2266.0,2341.0,2210.0,2279.0,173197472300,12722908,2764,2266.0,2288.0
378,2021-06-12,2249.0,2363.0,2236.0,2318.0,139927292710,10113510,2423,2279.0,2288.0
379,2021-06-13,2289.0,2328.0,2244.0,2271.0,214140748040,15786721,2059,2318.0,2266.0
380,2021-06-14,2269.0,2309.0,2246.0,2264.0,208421791260,15418838,2398,2271.0,2262.0
381,2021-06-15,2262.0,2291.0,2261.0,2266.0,190650959380,14088047,1676,2264.0,2262.0
382,2021-06-16,2254.0,2272.0,2195.0,2246.0,171501093770,12793157,1898,2266.0,2244.0
383,2021-06-19,2244.0,2251.0,2185.0,2236.0,319604152360,23936163,2082,2246.0,2239.0
384,2021-06-20,2261.0,2274.0,2214.0,2231.0,111945302840,8401823,1269,2236.0,2227.0
385,2021-06-21,2242.0,2271.0,2202.0,2239.0,273390585700,20447158,1901,2231.0,2254.0
386,2021-06-22,2261.0,2311.0,2239.0,2272.0,111321819120,8202638,1749,2239.0,2294.0
387,2021-06-23,2279.0,2385.0,2252.0,2358.0,317007514360,22512809,3153,2272.0,2385.0
388,2021-06-26,2411.0,2428.0,2306.0,2363.0,160355304670,11362213,2732,2358.0,2314.0
389,2021-06-27,2298.0,2344.0,2254.0,2282.0,133298683100,9776922,2496,2363.0,2266.0
390,2021-06-28,2282.0,2331.0,2244.0,2264.0,109494550140,8096367,2137,2282.0,2254.0
391,2021-06-29,2261.0,2376.0,2246.0,2346.0,250318122400,17865859,3060,2264.0,2376.0
392,2021-06-30,2375.0,2418.0,2328.0,2356.0,153940255340,10941654,2550,2346.0,2360.0
393,2021-07-03,2370.0,2403.0,2274.0,2329.0,351324726260,25256701,2565,2356.0,2279.0
394,2021-07-04,2328.0,2343.0,2288.0,2309.0,85817915930,6221366,1549,2329.0,2303.0
395,2021-07-05,2319.0,2423.0,2311.0,2386.0,218541228790,15333814,2284,2309.0,2423.0
396,2021-07-06,2487.0,2505.0,2411.0,2499.0,137996959620,9250772,891,2386.0,2505.0
397,2021-07-07,2515.0,2537.0,2395.0,2447.0,216620928680,14824494,2994,2499.0,2428.0
398,2021-07-10,2453.0,2510.0,2413.0,2445.0,141816133880,9711860,2114,2447.0,2428.0
399,2021-07-11,2426.0,2509.0,2426.0,2460.0,192350854760,13089702,2352,2445.0,2470.0
400,2021-07-12,2462.0,2507.0,2420.0,2453.0,180268811510,12303360,2201,2460.0,2423.0
401,2021-07-13,2410.0,2428.0,2351.0,2395.0,163132380000,11409222,2497,2453.0,2411.0
402,2021-07-14,2403.0,2403.0,2336.0,2356.0,105141130680,7474558,2001,2395.0,2344.0
403,2021-07-17,2344.0,2395.0,2311.0,2343.0,149116278480,10661233,2461,2356.0,2344.0
404,2021-07-18,2344.0,2420.0,2313.0,2373.0,268081520790,18914036,3557,2343.0,2353.0
405,2021-07-28,2302.0,2363.0,2234.0,2278.0,72366408150,5377241,1034,2373.0,2266.0
406,2021-07-31,2275.0,2392.0,2232.0,2344.0,230531171900,16647030,2814,2278.0,2381.0
407,2021-08-01,2392.0,2461.0,2344.0,2429.0,186725180930,13015232,2684,2344.0,2395.0
408,2021-08-02,2403.0,2417.0,2309.0,2344.0,133026986640,9601959,2099,2429.0,2322.0
409,2021-08-03,2293.0,2403.0,2293.0,2359.0,120748451930,8661580,1710,2344.0,2354.0
410,2021-08-04,2368.0,2386.0,2302.0,2332.0,191376863550,13891034,2279,2359.0,2319.0
411,2021-08-07,2310.0,2370.0,2248.0,2285.0,131840891840,9768452,2139,2332.0,2253.0
412,2021-08-08,2310.0,2327.0,2243.0,2271.0,104638500590,7799375,2025,2285.0,2251.0
413,2021-08-09,2270.0,2385.0,2238.0,2339.0,355696683890,25744776,1681,2271.0,2385.0
414,2021-08-10,2456.0,2456.0,2395.0,2451.0,900804216360,62228340,6612,2339.0,2456.0
415,2021-08-11,2513.0,2559.0,2458.0,2503.0,325865922460,22026281,4558,2451.0,2480.0
416,2021-08-14,2486.0,2500.0,2386.0,2429.0,239720282740,16710351,3446,2503.0,2410.0
417,2021-08-15,2410.0,2476.0,2388.0,2439.0,176988070620,12279371,2574,2429.0,2454.0
418,2021-08-22,2437.0,2532.0,2403.0,2464.0,193328157690,13281420,3373,2439.0,2447.0
419,2021-08-23,2414.0,2586.0,2408.0,2525.0,580014680800,38883032,3921,2464.0,2586.0
420,2021-08-24,2640.0,2650.0,2590.0,2647.0,972874331000,62201859,6174,2525.0,2650.0
421,2021-08-25,2654.0,2678.0,2568.0,2615.0,283763240270,18369183,4280,2647.0,2627.0
422,2021-08-28,2637.0,2742.0,2576.0,2647.0,743347207010,47517405,5764,2615.0,2742.0
423,2021-08-29,2742.0,2779.0,2549.0,2727.0,690682858680,42865186,6443,2647.0,2657.0
424,2021-08-30,2640.0,2691.0,2591.0,2617.0,105292797520,6808692,1507,2727.0,2591.0
425,2021-08-31,2500.0,2630.0,2486.0,2534.0,430005241030,28725990,4078,2617.0,2564.0
426,2021-09-01,2605.0,2659.0,2539.0,2617.0,713326092890,46140504,4227,2534.0,2659.0
427,2021-09-04,2708.0,2735.0,2623.0,2672.0,266862820340,16900061,2932,2617.0,2657.0
428,2021-09-05,2615.0,2749.0,2566.0,2674.0,303316504710,19201783,4030,2672.0,2716.0
429,2021-09-06,2715.0,2755.0,2601.0,2681.0,271373798940,17128131,4054,2674.0,2618.0
430,2021-09-07,2595.0,2674.0,2547.0,2584.0,207653942380,13600449,3433,2681.0,2596.0
431,2021-09-08,2549.0,2713.0,2549.0,2684.0,367264027680,23156420,4069,2584.0,2713.0
432,2021-09-11,2776.0,2776.0,2644.0,2700.0,230350658250,14442893,2468,2684.0,2659.0
433,2021-09-12,2606.0,2698.0,2566.0,2571.0,181611043400,11955924,1583,2700.0,2569.0
434,2021-09-13,2522.0,2590.0,2461.0,2535.0,193977509590,12948360,2225,2571.0,2549.0
435,2021-09-14,2549.0,2620.0,2549.0,2583.0,97067430970,6361348,1817,2535.0,2569.0
436,2021-09-15,2557.0,2596.0,2539.0,2566.0,114843170140,7574866,2416,2583.0,2584.0
437,2021-09-18,2539.0,2593.0,2439.0,2483.0,141985813960,9681562,1950,2566.0,2441.0
438,2021-09-19,2454.0,2556.0,2359.0,2456.0,297275955410,20490450,2484,2483.0,2454.0
439,2021-09-20,2480.0,2513.0,2454.0,2481.0,90023114030,6139191,1567,2456.0,2488.0
440,2021-09-21,2486.0,2527.0,2361.0,2397.0,174290339810,12306471,1761,2481.0,2383.0
441,2021-09-22,2412.0,2415.0,2288.0,2368.0,160470977200,11466766,1838,2397.0,2398.0
442,2021-09-25,2381.0,2446.0,2341.0,2378.0,124518412420,8862149,2310,2368.0,2386.0
443,2021-09-26,2361.0,2400.0,2260.0,2280.0,284527466820,21128925,3034,2378.0,2260.0
444,2021-09-28,2297.0,2315.0,2166.0,2239.0,178438375170,13484899,2359,2280.0,2290.0
445,2021-09-29,2285.0,2336.0,2200.0,2265.0,153498629740,11471719,1946,2239.0,2331.0
446,2021-10-02,2376.0,2376.0,2346.0,2373.0,249985683200,17832718,2898,2265.0,2375.0
447,2021-10-03,2434.0,2434.0,2312.0,2354.0,101713900740,7312454,1847,2373.0,2353.0
448,2021-10-04,2324.0,2368.0,2307.0,2327.0,70618304640,5136726,1462,2354.0,2310.0
449,2021-10-06,2310.0,2336.0,2276.0,2295.0,65831116670,4855222,1360,2327.0,2283.0
450,2021-10-09,2285.0,2392.0,2263.0,2337.0,152979282320,11075954,2048,2295.0,2339.0
451,2021-10-10,2293.0,2366.0,2293.0,2332.0,49502894720,3594569,972,2337.0,2344.0
452,2021-10-11,2312.0,2366.0,2283.0,2312.0,49573415240,3633731,1082,2332.0,2331.0
453,2021-10-12,2270.0,2331.0,2197.0,2217.0,163432143860,12477057,2151,2312.0,2200.0
454,2021-10-13,2166.0,2268.0,2166.0,2210.0,102099684460,7820570,1468,2217.0,2234.0
455,2021-10-16,2226.0,2320.0,2226.0,2314.0,97912150430,7163145,1309,2210.0,2320.0
456,2021-10-17,2260.0,2344.0,2260.0,2300.0,120882778030,8891832,1583,2314.0,2319.0
457,2021-10-18,2304.0,2344.0,2288.0,2319.0,103526380180,7558199,1342,2300.0,2336.0
458,2021-10-19,2344.0,2407.0,2320.0,2390.0,172998437620,12256170,1614,2319.0,2392.0
459,2021-10-20,2400.0,2420.0,2373.0,2393.0,52425708770,3706623,752,2390.0,2405.0
460,2021-10-23,2403.0,2403.0,2326.0,2373.0,190936655500,13621027,1643,2393.0,2392.0
461,2021-10-25,2375.0,2425.0,2320.0,2358.0,124393710560,8933087,1476,2373.0,2322.0
462,2021-10-26,2327.0,2386.0,2320.0,2351.0,85735760410,6174164,1150,2358.0,2356.0
463,2021-10-27,2385.0,2385.0,2329.0,2349.0,52208850860,3761965,823,2351.0,2349.0
464,2021-10-30,2339.0,2375.0,2239.0,2307.0,111319819140,8168413,1407,2349.0,2290.0
465,2021-10-31,2366.0,2366.0,2192.0,2209.0,201399398530,15432841,1323,2307.0,2192.0
466,2021-11-01,2205.0,2285.0,2205.0,2253.0,55240066650,4146599,762,2209.0,2222.0
467,2021-11-02,2265.0,2317.0,2236.0,2256.0,46467869650,3485090,834,2253.0,2254.0
468,2021-11-03,2265.0,2287.0,2239.0,2266.0,107761382380,8050261,1307,2256.0,2285.0
469,2021-11-06,2268.0,2356.0,2268.0,2322.0,116244524500,8473178,1744,2266.0,2336.0
470,2021-11-07,2319.0,2339.0,2207.0,2238.0,135538973800,10255678,1775,2322.0,2216.0
471,2021-11-08,2205.0,2253.0,2187.0,2202.0,108392200450,8334129,1489,2238.0,2204.0
472,2021-11-09,2222.0,2238.0,2192.0,2204.0,189020040920,14515805,2299,2202.0,2207.0
473,2021-11-20,2239.0,2297.0,2141.0,2231.0,55321972990,9645310,1639,2204.0,2278.0
474,2021-11-21,2278.0,2340.0,2243.0,2282.0,44949763460,7626436,1129,2231.0,2309.0
475,2021-11-22,2363.0,2363.0,2278.0,2305.0,52828425500,8912822,1060,2282.0,2317.0
476,2021-11-23,2328.0,2348.0,2282.0,2317.0,73615543880,12366264,1056,2305.0,2313.0
477,2021-11-24,2332.0,2344.0,2297.0,2317.0,39301150380,6607381,794,2317.0,2344.0
478,2021-11-27,2317.0,2348.0,2254.0,2305.0,48831712240,8263121,822,2317.0,2293.0
479,2021-11-28,2313.0,2344.0,2274.0,2309.0,71663404760,12088135,849,2305.0,2313.0
480,2021-11-29,2309.0,2363.0,2278.0,2332.0,83474378970,13937097,7366,2309.0,2336.0
481,2021-11-30,2289.0,2363.0,2289.0,2344.0,47923685400,7947913,6730,2332.0,2344.0
482,2021-12-01,2344.0,2375.0,2324.0,2348.0,56030795900,9286701,5424,2344.0,2363.0
483,2021-12-04,2348.0,2371.0,2239.0,2320.0,37429192720,6319432,1174,2348.0,2355.0
484,2021-12-05,2313.0,2383.0,2313.0,2328.0,19552683600,3243441,768,2320.0,2352.0
485,2021-12-06,2332.0,2367.0,2317.0,2328.0,21497970790,3588804,633,2328.0,2355.0
486,2021-12-07,2328.0,2340.0,2278.0,2320.0,13415009680,2273626,398,2328.0,2293.0
487,2021-12-08,2320.0,2375.0,2289.0,2328.0,31949247950,5330321,635,2320.0,2359.0
488,2021-12-11,2328.0,2359.0,2282.0,2324.0,13757767190,2321738,390,2328.0,2282.0
489,2021-12-12,2305.0,2305.0,2211.0,2289.0,24037384090,4179298,336,2324.0,2211.0
490,2021-12-13,2176.0,2176.0,2176.0,2270.0,10406293690,1861591,138,2289.0,2176.0
491,2021-12-14,2157.0,2266.0,2157.0,2204.0,208272879670,36804927,2166,2270.0,2246.0
492,2021-12-15,2270.0,2270.0,2095.0,2149.0,105734970780,19151744,1485,2204.0,2095.0
493,2021-12-18,2200.0,2254.0,2145.0,2243.0,109672405600,19041742,1849,2149.0,2254.0
494,2021-12-19,2282.0,2297.0,2134.0,2196.0,69547622330,12326541,1214,2243.0,2176.0
495,2021-12-20,2118.0,2211.0,2091.0,2153.0,34195151680,6250864,967,2196.0,2102.0
496,2021-12-21,2083.0,2153.0,2063.0,2102.0,66803525730,12375639,1677,2153.0,2134.0
497,2021-12-22,2079.0,2180.0,2079.0,2134.0,40902179660,7422781,999,2102.0,2153.0
498,2021-12-25,2153.0,2188.0,2071.0,2114.0,56805363560,10470501,1298,2134.0,2087.0
499,2021-12-26,2060.0,2095.0,2013.0,2071.0,30937436390,5902996,1020,2114.0,2063.0
500,2021-12-27,2102.0,2102.0,1978.0,2025.0,99465076320,19121585,2074,2071.0,1993.0
501,2021-12-28,1993.0,2001.0,1923.0,1958.0,128191221840,25473290,2540,2025.0,1993.0
502,2021-12-29,1997.0,2056.0,1958.0,2032.0,110877625800,21257437,2428,1958.0,2032.0
503,2022-01-01,1993.0,2056.0,1978.0,2025.0,58776522510,11310155,1222,2032.0,2021.0
504,2022-01-02,2044.0,2056.0,2005.0,2021.0,25935305370,5013165,687,2025.0,2013.0
505,2022-01-03,2005.0,2044.0,1993.0,2017.0,46123538720,8904524,763,2021.0,2028.0
506,2022-01-04,2025.0,2028.0,2009.0,2021.0,42610907030,8204714,575,2017.0,2021.0
507,2022-01-05,2025.0,2102.0,2025.0,2044.0,34336533390,6503431,807,2021.0,2063.0
508,2022-01-08,2067.0,2087.0,2001.0,2040.0,29659327440,5669672,557,2044.0,2009.0
509,2022-01-09,1958.0,2017.0,1939.0,1958.0,51047876290,10152519,826,2040.0,1947.0
510,2022-01-10,1912.0,1958.0,1900.0,1935.0,29796614410,6046989,648,1958.0,1908.0
511,2022-01-11,1908.0,1939.0,1842.0,1884.0,35809094570,7466352,1069,1935.0,1853.0
512,2022-01-12,1830.0,1869.0,1791.0,1803.0,51650551190,11152327,1290,1884.0,1791.0
513,2022-01-15,1803.0,1830.0,1725.0,1777.0,50151675395,10985127,941,1803.0,1741.0
514,2022-01-16,1742.0,1775.0,1689.0,1701.0,48592374439,11120468,1012,1777.0,1689.0
515,2022-01-17,1659.0,1694.0,1617.0,1624.0,50250465288,12050533,1094,1701.0,1617.0
516,2022-01-18,1557.0,1604.0,1543.0,1544.0,56158543434,14164305,599,1624.0,1543.0
517,2022-01-19,1509.0,1537.0,1472.0,1511.0,24182212368,6308790,726,1544.0,1489.0
518,2022-01-22,1511.0,1545.0,1441.0,1500.0,13299757238,3500133,618,1511.0,1460.0
519,2022-01-23,1429.0,1431.0,1425.0,1427.0,35303199350,9644486,427,1500.0,1425.0
520,2022-01-24,1363.0,1367.0,1356.0,1400.0,13504007322,3874294,155,1427.0,1356.0
521,2022-01-29,1470.0,1470.0,1470.0,1430.0,16419343625,4349495,201,1400.0,1470.0
522,2022-01-30,1502.0,1502.0,1433.0,1471.0,41967980516,11105596,858,1430.0,1441.0
523,2022-01-31,1476.0,1507.0,1410.0,1471.0,18670759535,4942852,650,1471.0,1479.0
524,2022-02-01,1502.0,1502.0,1432.0,1465.0,14759705277,3944890,549,1471.0,1460.0
525,2022-02-02,1467.0,1467.0,1411.0,1446.0,15649447913,4290366,524,1465.0,1421.0
526,2022-02-05,1407.0,1437.0,1374.0,1406.0,29328144860,8169795,890,1446.0,1374.0
527,2022-02-06,1382.0,1382.0,1336.0,1384.0,11273657167,3277796,331,1406.0,1336.0
528,2022-02-07,1315.0,1358.0,1315.0,1333.0,25809929655,7622461,673,1384.0,1315.0
529,2022-02-08,1285.0,1343.0,1278.0,1318.0,13897814313,4170512,616,1333.0,1289.0
530,2022-02-09,1289.0,1384.0,1263.0,1351.0,47014839727,13545768,903,1318.0,1384.0
531,2022-02-12,1419.0,1419.0,1419.0,1412.0,32511454616,8921914,261,1351.0,1419.0
532,2022-02-13,1482.0,1482.0,1383.0,1462.0,160242894716,42679086,1830,1412.0,1425.0
533,2022-02-14,1425.0,1469.0,1395.0,1447.0,51089012418,13745442,1869,1462.0,1448.0
534,2022-02-16,1460.0,1519.0,1415.0,1508.0,101104704034,26111555,1256,1447.0,1519.0
535,2022-02-19,1515.0,1542.0,1456.0,1506.0,53996655094,13965215,1131,1508.0,1479.0
536,2022-02-20,1459.0,1479.0,1430.0,1451.0,30683651346,8292527,858,1506.0,1432.0
537,2022-02-21,1433.0,1460.0,1390.0,1434.0,28952920340,7885145,661,1451.0,1421.0
538,2022-02-22,1421.0,1479.0,1421.0,1444.0,26733245148,7188257,658,1434.0,1462.0
539,2022-02-23,1444.0,1493.0,1444.0,1473.0,29716618639,7813928,714,1444.0,1485.0
540,2022-02-26,1430.0,1470.0,1423.0,1462.0,11944753352,3231032,464,1473.0,1423.0
541,2022-02-27,1413.0,1440.0,1389.0,1411.0,29567540160,8220929,714,1462.0,1399.0
542,2022-02-28,1394.0,1424.0,1370.0,1393.0,26212855241,7361588,578,1411.0,1382.0
543,2022-03-02,1382.0,1413.0,1374.0,1393.0,9832852266,2749830,395,1393.0,1378.0
544,2022-03-05,1367.0,1407.0,1364.0,1389.0,15503211509,4358243,530,1393.0,1382.0
545,2022-03-06,1367.0,1458.0,1367.0,1416.0,34364448387,9440064,893,1389.0,1441.0
546,2022-03-07,1464.0,1486.0,1454.0,1486.0,97186142201,25465899,758,1416.0,1486.0
547,2022-03-08,1502.0,1543.0,1458.0,1509.0,73514230067,18962309,1304,1486.0,1522.0
548,2022-03-09,1553.0,1553.0,1518.0,1530.0,43940455531,11178751,735,1509.0,1550.0
549,2022-03-12,1538.0,1538.0,1469.0,1511.0,28806295777,7455574,623,1530.0,1520.0
550,2022-03-13,1518.0,1584.0,1464.0,1549.0,43639960497,10967338,850,1511.0,1560.0
551,2022-03-14,1530.0,1580.0,1503.0,1537.0,25253388823,6425470,672,1549.0,1508.0
552,2022-03-15,1537.0,1561.0,1494.0,1533.0,52378862970,13302449,600,1537.0,1557.0
553,2022-03-16,1557.0,1608.0,1529.0,1582.0,43253533772,10642008,652,1533.0,1583.0
554,2022-03-19,1577.0,1607.0,1557.0,1584.0,27521393603,6758596,652,1582.0,1585.0
555,2022-03-26,1573.0,1659.0,1557.0,1612.0,125892154576,30408003,1330,1584.0,1631.0
556,2022-03-27,1634.0,1643.0,1602.0,1624.0,33718176504,8070043,585,1612.0,1618.0
557,2022-03-28,1631.0,1674.0,1605.0,1639.0,29508842009,6983303,610,1624.0,1647.0
558,2022-03-29,1635.0,1664.0,1573.0,1611.0,25384938331,6195467,793,1639.0,1584.0
559,2022-03-30,1577.0,1612.0,1573.0,1589.0,43997305582,10777127,799,1611.0,1589.0
560,2022-04-03,1568.0,1643.0,1568.0,1617.0,45522704758,10963737,1046,1589.0,1619.0
561,2022-04-04,1635.0,1635.0,1569.0,1598.0,35381547560,8635334,924,1617.0,1578.0
562,2022-04-05,1561.0,1589.0,1550.0,1567.0,46198854630,11476021,1056,1598.0,1569.0
563,2022-04-06,1562.0,1596.0,1557.0,1571.0,24991989931,6182837,778,1567.0,1569.0
564,2022-04-09,1589.0,1596.0,1538.0,1570.0,22382008644,5552565,667,1571.0,1585.0
565,2022-04-10,1592.0,1615.0,1569.0,1579.0,29977225298,7376384,760,1570.0,1585.0
566,2022-04-11,1566.0,1589.0,1557.0,1567.0,69619379264,17294248,1136,1579.0,1561.0
567,2022-04-12,1501.0,1557.0,1489.0,1494.0,45343979263,11813853,902,1567.0,1489.0
568,2022-04-13,1441.0,1515.0,1421.0,1488.0,33167120403,8681006,778,1494.0,1515.0
569,2022-04-16,1468.0,1557.0,1468.0,1520.0,52532152879,13459712,1197,1488.0,1530.0
570,2022-04-17,1530.0,1561.0,1501.0,1537.0,36862280726,9330799,966,1520.0,1555.0
571,2022-04-18,1557.0,1612.0,1557.0,1592.0,60714806381,14847003,1437,1537.0,1585.0
572,2022-04-19,1557.0,1604.0,1539.0,1591.0,75082306435,18370072,1154,1592.0,1600.0
573,2022-04-20,1596.0,1614.0,1577.0,1595.0,42859897785,10461173,896,1591.0,1607.0
574,2022-04-24,1600.0,1600.0,1553.0,1583.0,42368679709,10423059,946,1595.0,1558.0
575,2022-04-25,1531.0,1616.0,1531.0,1588.0,52110476378,12779181,1074,1583.0,1608.0
576,2022-04-26,1608.0,1667.0,1596.0,1635.0,135551721837,32274462,1266,1588.0,1667.0
577,2022-04-27,1717.0,1717.0,1694.0,1716.0,328864116440,74606156,2646,1635.0,1717.0
578,2022-04-30,1748.0,1802.0,1721.0,1795.0,295144992043,64024292,2331,1716.0,1802.0
579,2022-05-01,1842.0,1849.0,1714.0,1768.0,110119419807,24255701,2064,1795.0,1740.0
580,2022-05-02,1760.0,1760.0,1706.0,1719.0,54847226074,12425910,1332,1768.0,1713.0
581,2022-05-07,1733.0,1773.0,1721.0,1746.0,48929901042,10911029,1274,1719.0,1741.0
582,2022-05-08,1773.0,1773.0,1701.0,1723.0,71806687805,16226807,1775,1746.0,1713.0
583,2022-05-09,1712.0,1744.0,1647.0,1692.0,72546998822,16689801,1506,1723.0,1653.0
584,2022-05-10,1639.0,1694.0,1616.0,1649.0,97512448132,23027752,1472,1692.0,1678.0
585,2022-05-11,1705.0,1731.0,1678.0,1729.0,135802068736,30586972,1372,1649.0,1731.0
586,2022-05-14,1787.0,1815.0,1698.0,1779.0,172004966825,37635016,2398,1729.0,1815.0
587,2022-05-15,1868.0,1868.0,1815.0,1864.0,218009531823,45539645,2269,1779.0,1868.0
588,2022-05-16,1904.0,1910.0,1834.0,1881.0,97371487503,20154266,1874,1864.0,1873.0
589,2022-05-17,1898.0,1927.0,1814.0,1851.0,75165768998,15809184,1705,1881.0,1826.0
590,2022-05-18,1799.0,1818.0,1766.0,1782.0,71538101396,15634191,1110,1851.0,1773.0
591,2022-05-21,1710.0,1768.0,1693.0,1709.0,98978414763,22552070,1617,1782.0,1694.0
592,2022-05-22,1690.0,1744.0,1667.0,1720.0,34549749153,7807289,795,1709.0,1710.0
593,2022-05-23,1694.0,1748.0,1634.0,1647.0,109369573496,25852531,1865,1720.0,1655.0
594,2022-05-24,1647.0,1670.0,1587.0,1634.0,40944089051,9755006,816,1647.0,1628.0
595,2022-05-25,1598.0,1671.0,1598.0,1641.0,39179916410,9295768,934,1634.0,1655.0
596,2022-05-28,1655.0,1672.0,1592.0,1615.0,36188017232,8740330,744,1641.0,1593.0
597,2022-05-29,1615.0,1660.0,1577.0,1610.0,44891453033,10854266,818,1615.0,1600.0
598,2022-05-30,1577.0,1631.0,1577.0,1603.0,32986427718,8024397,810,1610.0,1581.0
599,2022-05-31,1604.0,1667.0,1569.0,1622.0,38296615776,9181509,849,1603.0,1631.0
600,2022-06-01,1655.0,1670.0,1620.0,1631.0,27532688597,6554504,604,1622.0,1641.0
601,2022-06-06,1608.0,1635.0,1550.0,1565.0,55779195965,13879069,857,1631.0,1561.0
602,2022-06-07,1550.0,1592.0,1550.0,1571.0,26228648884,6487105,552,1565.0,1572.0
603,2022-06-08,1596.0,1628.0,1561.0,1583.0,18356772575,4469371,595,1571.0,1606.0
604,2022-06-11,1620.0,1620.0,1561.0,1581.0,22810001337,5625053,545,1583.0,1596.0
605,2022-06-12,1568.0,1627.0,1568.0,1595.0,23849412163,5782879,524,1581.0,1600.0
606,2022-06-13,1675.0,1675.0,1675.0,1675.0,52288241929,12157229,355,1595.0,1675.0
607,2022-06-14,1758.0,1758.0,1758.0,1749.0,39876356772,8830017,379,1675.0,1758.0
608,2022-06-15,1826.0,1826.0,1664.0,1778.0,222096309213,48617300,2548,1749.0,1774.0
609,2022-06-18,1756.0,1756.0,1690.0,1717.0,115480968455,26180669,1254,1778.0,1690.0
610,2022-06-19,1682.0,1803.0,1682.0,1780.0,137466976245,30067660,1966,1717.0,1803.0
611,2022-06-20,1780.0,1830.0,1744.0,1799.0,85261729461,18449097,1169,1780.0,1830.0
612,2022-06-21,1828.0,1858.0,1810.0,1844.0,89045710061,18805200,1398,1799.0,1855.0
613,2022-06-22,1861.0,1912.0,1833.0,1882.0,140656339285,29088273,1858,1844.0,1912.0
614,2022-06-25,1916.0,1974.0,1840.0,1928.0,184262517530,37207017,2165,1882.0,1891.0
615,2022-06-26,1891.0,1930.0,1832.0,1884.0,115275320701,23816193,1345,1928.0,1836.0
616,2022-06-27,1834.0,1908.0,1818.0,1863.0,67653864542,14137388,1094,1884.0,1840.0
617,2022-06-28,1892.0,1892.0,1807.0,1849.0,110139089670,23195135,1153,1863.0,1849.0
618,2022-06-29,1853.0,1941.0,1830.0,1929.0,207867724016,41956292,1635,1849.0,1941.0
619,2022-07-02,1951.0,2001.0,1872.0,1948.0,112627477330,22511015,1351,1929.0,1935.0
620,2022-07-03,1949.0,1974.0,1949.0,1949.0,9237064970,1840511,71,1948.0,1954.0
621,2022-07-04,2005.0,2007.0,1947.0,1977.0,109898459584,21640694,758,1949.0,1950.0
622,2022-07-05,1948.0,1948.0,1879.0,1893.0,55936792866,11501905,1026,1977.0,1881.0
623,2022-07-06,1893.0,1931.0,1803.0,1853.0,57465191809,12074194,750,1893.0,1807.0
624,2022-07-09,1817.0,1830.0,1761.0,1804.0,39290085690,8517821,623,1853.0,1808.0
625,2022-07-11,1826.0,1829.0,1799.0,1809.0,34632545838,7446378,632,1804.0,1804.0
626,2022-07-12,1830.0,1841.0,1768.0,1805.0,41008604276,8846665,560,1809.0,1841.0
627,2022-07-13,1841.0,1853.0,1812.0,1825.0,29554079010,6263844,468,1805.0,1842.0
628,2022-07-16,1855.0,1855.0,1810.0,1825.0,51770724460,11043404,631,1825.0,1823.0
629,2022-07-17,1832.0,1840.0,1803.0,1816.0,56978351944,12214615,585,1825.0,1817.0
630,2022-07-24,1795.0,1795.0,1795.0,1815.0,1810800000,400000,17,1816.0,1795.0
631,2022-07-25,1766.0,1766.0,1725.0,1757.0,28118370557,6460145,230,1815.0,1725.0
632,2022-07-26,1677.0,1737.0,1670.0,1682.0,48041592553,11326540,669,1757.0,1670.0
633,2022-07-27,1670.0,1700.0,1602.0,1650.0,23257254067,5675715,585,1682.0,1618.0
634,2022-07-30,1650.0,1650.0,1567.0,1577.0,53415391685,13432830,768,1650.0,1567.0
635,2022-07-31,1515.0,1527.0,1498.0,1499.0,62050440809,16417357,594,1577.0,1498.0
636,2022-08-01,1498.0,1539.0,1488.0,1505.0,13833642773,3617547,385,1499.0,1495.0
637,2022-08-02,1505.0,1537.0,1463.0,1505.0,12945333341,3415671,312,1505.0,1513.0
638,2022-08-03,1527.0,1558.0,1507.0,1513.0,8229811977,2111205,279,1505.0,1544.0
639,2022-08-06,1569.0,1578.0,1531.0,1524.0,10436458294,2665271,286,1513.0,1543.0
640,2022-08-09,1541.0,1551.0,1534.0,1529.0,8751316992,2247394,260,1524.0,1535.0
641,2022-08-10,1551.0,1562.0,1508.0,1531.0,7908748563,2039880,240,1529.0,1541.0
642,2022-08-13,1541.0,1570.0,1535.0,1537.0,12393916450,3169787,334,1531.0,1547.0
643,2022-08-14,1543.0,1555.0,1499.0,1532.0,15088588110,3929680,362,1537.0,1519.0
644,2022-08-15,1499.0,1545.0,1499.0,1530.0,9467685451,2460404,298,1532.0,1513.0
645,2022-08-16,1506.0,1535.0,1503.0,1520.0,23221741034,6082236,373,1530.0,1503.0
646,2022-08-17,1496.0,1522.0,1487.0,1512.0,17280387319,4562844,280,1520.0,1496.0
647,2022-08-20,1527.0,1527.0,1471.0,1507.0,13435690718,3554135,232,1512.0,1507.0
648,2022-08-21,1479.0,1523.0,1479.0,1505.0,12163632798,3214037,271,1507.0,1507.0
649,2022-08-22,1505.0,1522.0,1479.0,1503.0,9650317473,2557241,322,1505.0,1488.0
650,2022-08-23,1503.0,1527.0,1489.0,1505.0,7275220417,1904689,277,1503.0,1521.0
651,2022-08-24,1524.0,1580.0,1502.0,1548.0,32459757982,8267644,636,1505.0,1580.0
652,2022-08-27,1614.0,1626.0,1566.0,1593.0,28644651097,7053330,574,1548.0,1626.0
653,2022-08-28,1665.0,1672.0,1590.0,1662.0,43694498463,10427765,860,1593.0,1672.0
654,2022-08-29,1737.0,1737.0,1627.0,1673.0,39941054258,9462787,608,1662.0,1662.0
655,2022-08-30,1618.0,1674.0,1602.0,1651.0,18139450358,4430596,475,1673.0,1606.0
656,2022-08-31,1601.0,1649.0,1568.0,1581.0,43100434520,10810061,810,1651.0,1590.0
657,2022-09-03,1569.0,1581.0,1522.0,1569.0,10255210951,2647546,388,1581.0,1528.0
658,2022-09-04,1527.0,1547.0,1516.0,1541.0,23175179383,6038458,558,1569.0,1519.0
659,2022-09-05,1519.0,1542.0,1509.0,1535.0,11979391787,3118472,405,1541.0,1519.0
660,2022-09-06,1551.0,1551.0,1467.0,1510.0,22152785738,5886960,482,1535.0,1494.0
661,2022-09-07,1487.0,1507.0,1477.0,1500.0,16545831308,4407564,456,1510.0,1491.0
662,2022-09-10,1516.0,1517.0,1478.0,1497.0,15208203893,4039365,309,1500.0,1500.0
663,2022-09-11,1474.0,1500.0,1457.0,1485.0,15753772766,4254394,432,1497.0,1459.0
664,2022-09-12,1448.0,1486.0,1448.0,1482.0,7255077596,1958962,310,1485.0,1475.0
665,2022-09-13,1485.0,1495.0,1447.0,1477.0,18432955773,4965990,246,1482.0,1479.0
666,2022-09-14,1447.0,1499.0,1447.0,1476.0,6896529679,1856080,191,1477.0,1462.0
667,2022-09-18,1475.0,1494.0,1405.0,1471.0,9047519015,2464969,375,1476.0,1432.0
668,2022-09-19,1404.0,1443.0,1403.0,1440.0,21829645972,6093200,594,1471.0,1414.0
669,2022-10-03,1512.0,1512.0,1404.0,1448.0,16795687821,6859690,501,1440.0,1511.0
670,2022-10-04,1461.0,1503.0,1422.0,1449.0,6801740547,2787056,349,1448.0,1436.0
671,2022-10-08,1461.0,1461.0,1412.0,1445.0,5413621178,2258678,334,1449.0,1415.0
672,2022-10-09,1383.0,1410.0,1373.0,1433.0,6446203986,2774078,289,1445.0,1380.0
673,2022-10-10,1392.0,1427.0,1364.0,1421.0,10111159441,4327285,419,1433.0,1396.0
674,2022-10-11,1410.0,1412.0,1371.0,1411.0,10792367880,4623718,377,1421.0,1403.0
675,2022-10-12,1430.0,1430.0,1382.0,1409.0,4767115126,2027886,223,1411.0,1398.0
676,2022-10-15,1380.0,1389.0,1345.0,1401.0,6137904286,2676277,341,1409.0,1356.0
677,2022-10-16,1349.0,1370.0,1340.0,1392.0,6547902729,2878221,330,1401.0,1364.0
678,2022-10-17,1345.0,1367.0,1323.0,1386.0,4161500294,1849894,244,1392.0,1346.0
679,2022-10-18,1339.0,1434.0,1326.0,1389.0,9775803633,4161858,366,1386.0,1385.0
680,2022-10-19,1404.0,1404.0,1358.0,1388.0,5007728175,2156257,257,1389.0,1365.0
681,2022-10-22,1383.0,1410.0,1350.0,1384.0,8423685816,3650030,311,1388.0,1362.0
682,2022-10-23,1351.0,1368.0,1324.0,1374.0,9551137965,4221139,318,1384.0,1356.0
683,2022-10-24,1329.0,1356.0,1309.0,1367.0,5292442482,2370315,232,1374.0,1321.0
684,2022-10-25,1315.0,1331.0,1299.0,1346.0,11637022831,5295513,463,1367.0,1300.0
685,2022-10-26,1279.0,1303.0,1279.0,1324.0,11171005194,5179978,260,1346.0,1279.0
686,2022-10-29,1258.0,1287.0,1258.0,1289.0,17113621164,8088643,363,1324.0,1258.0
687,2022-10-30,1226.0,1249.0,1224.0,1235.0,25931927316,12590970,504,1289.0,1232.0
688,2022-10-31,1235.0,1255.0,1214.0,1235.0,16036554834,7728033,568,1235.0,1243.0
689,2022-11-01,1243.0,1281.0,1232.0,1237.0,10935007900,5239157,338,1235.0,1249.0
690,2022-11-02,1199.0,1237.0,1199.0,1232.0,8742011593,4277982,383,1237.0,1237.0
691,2022-11-05,1226.0,1293.0,1226.0,1286.0,34358792442,15902553,698,1232.0,1293.0
692,2022-11-06,1321.0,1345.0,1280.0,1309.0,25215175232,11391184,646,1286.0,1336.0
693,2022-11-07,1348.0,1375.0,1322.0,1364.0,30781617517,13362850,570,1309.0,1375.0
694,2022-11-08,1411.0,1431.0,1342.0,1399.0,37545380511,15969889,712,1364.0,1395.0
695,2022-11-09,1415.0,1468.0,1356.0,1452.0,71286577956,29200935,1084,1399.0,1455.0
696,2022-11-12,1525.0,1525.0,1478.0,1504.0,31193718961,12249695,587,1452.0,1481.0
697,2022-11-13,1528.0,1528.0,1430.0,1484.0,13288894486,5456371,617,1504.0,1467.0
698,2022-11-14,1558.0,1558.0,1437.0,1490.0,12395603647,4913315,443,1484.0,1457.0
699,2022-11-15,1559.0,1559.0,1466.0,1494.0,7826016950,3086128,305,1490.0,1477.0
700,2022-11-16,1552.0,1552.0,1471.0,1496.0,9431388569,3736015,314,1494.0,1479.0
701,2022-11-19,1499.0,1499.0,1421.0,1480.0,9248126060,3839851,416,1496.0,1425.0
702,2022-11-20,1411.0,1498.0,1411.0,1468.0,14347748612,5890945,572,1480.0,1452.0
703,2022-11-21,1463.0,1463.0,1431.0,1465.0,3971191935,1642778,219,1468.0,1439.0
704,2022-11-22,1449.0,1452.0,1398.0,1452.0,10224656332,4283123,349,1465.0,1421.0
705,2022-11-23,1455.0,1455.0,1417.0,1449.0,7975515518,3295583,365,1452.0,1425.0
706,2022-11-26,1456.0,1456.0,1412.0,1446.0,4871796946,2028103,245,1449.0,1421.0
707,2022-11-27,1428.0,1428.0,1402.0,1440.0,6958485325,2932465,358,1446.0,1418.0
708,2022-11-28,1406.0,1428.0,1406.0,1434.0,7432464005,3124792,397,1440.0,1425.0
709,2022-11-29,1407.0,1434.0,1368.0,1422.0,11449113181,4881411,411,1434.0,1416.0
710,2022-11-30,1422.0,1452.0,1395.0,1423.0,12474137190,5205365,499,1422.0,1407.0
711,2022-12-03,1393.0,1428.0,1393.0,1422.0,9754357945,4091065,419,1423.0,1415.0
712,2022-12-04,1410.0,1475.0,1410.0,1430.0,20225195304,8381080,529,1422.0,1425.0
713,2022-12-05,1428.0,1464.0,1428.0,1438.0,31407178439,12984496,610,1430.0,1444.0
714,2022-12-06,1464.0,1464.0,1417.0,1433.0,16329392133,6806725,341,1438.0,1426.0
715,2022-12-07,1416.0,1446.0,1416.0,1432.0,12327336925,5130544,318,1433.0,1421.0
716,2022-12-10,1400.0,1422.0,1400.0,1425.0,10131186965,4278315,327,1432.0,1415.0
717,2022-12-11,1428.0,1434.0,1380.0,1421.0,8020562613,3390722,380,1425.0,1434.0
718,2022-12-12,1410.0,1452.0,1390.0,1426.0,14305493946,5935185,351,1421.0,1440.0
719,2022-12-13,1417.0,1488.0,1417.0,1456.0,28324102554,11504354,771,1426.0,1452.0
720,2022-12-14,1458.0,1487.0,1436.0,1457.0,13082636422,5334900,433,1456.0,1455.0
721,2022-12-17,1440.0,1458.0,1437.0,1451.0,18749580667,7719440,573,1457.0,1457.0
722,2022-12-18,1437.0,1511.0,1437.0,1478.0,30031706817,12030016,812,1451.0,1481.0
723,2022-12-19,1493.0,1504.0,1458.0,1478.0,16713139597,6724135,587,1478.0,1464.0
724,2022-12-20,1487.0,1487.0,1443.0,1465.0,16345119311,6713672,442,1478.0,1452.0
725,2022-12-21,1453.0,1475.0,1444.0,1465.0,10585342390,4300909,347,1465.0,1461.0
726,2022-12-24,1452.0,1538.0,1452.0,1494.0,304024533906,121006043,1645,1465.0,1538.0
727,2022-12-25,1569.0,1569.0,1569.0,1569.0,39963824658,15155034,229,1494.0,1569.0
728,2022-12-26,1647.0,1647.0,1647.0,1647.0,43850069184,15841788,299,1569.0,1647.0
729,2022-12-28,1729.0,1729.0,1729.0,1729.0,43791074858,15069193,287,1647.0,1729.0
730,2022-12-31,1654.0,1745.0,1643.0,1677.0,544818089754,193276375,4943,1729.0,1668.0
731,2023-01-01,1709.0,1728.0,1602.0,1656.0,128601029521,46191044,1985,1677.0,1640.0
732,2023-01-02,1636.0,1696.0,1636.0,1665.0,130947413683,46798234,1867,1656.0,1650.0
733,2023-01-03,1666.0,1690.0,1600.0,1639.0,76653252269,27820158,1427,1665.0,1602.0
734,2023-01-04,1612.0,1637.0,1585.0,1596.0,44871632626,16721610,934,1639.0,1593.0
735,2023-01-07,1591.0,1676.0,1588.0,1643.0,127787440270,46287284,1545,1596.0,1676.0
736,2023-01-08,1697.0,1725.0,1697.0,1725.0,439724374977,151697059,1478,1643.0,1725.0
737,2023-01-09,1728.0,1810.0,1727.0,1793.0,770866081677,255831020,4175,1725.0,1810.0
738,2023-01-10,1826.0,1882.0,1785.0,1854.0,440172406031,141235295,4313,1793.0,1882.0
739,2023-01-11,1947.0,1947.0,1887.0,1947.0,746787001433,228244505,2468,1854.0,1947.0
740,2023-01-14,1957.0,2044.0,1904.0,2011.0,510065588844,150885942,3061,1947.0,2044.0
741,2023-01-16,2111.0,2111.0,2100.0,2111.0,152721258210,43032379,728,2011.0,2111.0
742,2023-01-17,2217.0,2217.0,2217.0,2217.0,118618025994,31835219,594,2111.0,2217.0
743,2023-01-18,2216.0,2302.0,2106.0,2158.0,1102788211738,304070944,9230,2217.0,2106.0
744,2023-01-21,2106.0,2142.0,2050.0,2072.0,180335522477,51771483,1880,2158.0,2050.0
745,2023-01-22,2023.0,2140.0,1969.0,2048.0,379756694101,110323497,5414,2072.0,2064.0
746,2023-01-23,2066.0,2126.0,1945.0,2043.0,265346236067,77278065,3943,2048.0,2017.0
747,2023-01-24,2017.0,2052.0,1941.0,1973.0,277565282919,83685466,3860,2043.0,1963.0
748,2023-01-25,1936.0,1981.0,1875.0,1892.0,142689711372,44873650,1682,1973.0,1875.0
749,2023-01-28,1892.0,1892.0,1797.0,1808.0,234012692588,76999294,2762,1892.0,1815.0
750,2023-01-29,1785.0,1862.0,1718.0,1733.0,161789635674,55544578,2054,1808.0,1737.0
751,2023-01-30,1713.0,1779.0,1647.0,1693.0,144128749514,50644830,2004,1733.0,1719.0
752,2023-01-31,1722.0,1778.0,1722.0,1774.0,140316830839,47059123,1026,1693.0,1778.0
753,2023-02-01,1832.0,1854.0,1755.0,1809.0,139039068960,45722028,2115,1774.0,1811.0
754,2023-02-05,1756.0,1797.0,1719.0,1735.0,47749570122,16375922,919,1809.0,1719.0
755,2023-02-06,1694.0,1694.0,1649.0,1653.0,147197790783,52994656,1672,1735.0,1653.0
756,2023-02-07,1636.0,1735.0,1636.0,1701.0,91051155533,31843547,1292,1653.0,1689.0
757,2023-02-08,1690.0,1751.0,1684.0,1719.0,54495907423,18856568,1207,1701.0,1716.0
758,2023-02-12,1729.0,1749.0,1655.0,1715.0,51461174363,17852394,1107,1719.0,1737.0
759,2023-02-13,1715.0,1801.0,1715.0,1782.0,66763016286,22280391,768,1715.0,1801.0
760,2023-02-14,1850.0,1855.0,1748.0,1797.0,109051986110,36097151,1870,1782.0,1749.0
761,2023-02-19,1818.0,1887.0,1818.0,1882.0,78532253736,24830077,459,1797.0,1887.0
762,2023-02-20,1971.0,1976.0,1922.0,1963.0,469431369950,142240779,1811,1882.0,1976.0
763,2023-02-21,2023.0,2061.0,1910.0,2008.0,395087979499,117041378,3775,1963.0,1939.0
764,2023-02-22,1934.0,1963.0,1909.0,1922.0,183363897168,56757751,1924,2008.0,1953.0
765,2023-02-25,1991.0,2018.0,1977.0,2010.0,343179165173,101601334,2973,1922.0,2018.0
766,2023-02-26,2064.0,2109.0,1924.0,2004.0,226011113498,67109195,3344,2010.0,1931.0
767,2023-02-27,1939.0,1987.0,1916.0,1950.0,144170815960,44001020,2673,2004.0,1928.0
768,2023-02-28,1951.0,2047.0,1919.0,2017.0,180113402698,53117613,2215,1950.0,1999.0
769,2023-03-01,1997.0,1999.0,1917.0,1934.0,291250240051,89577364,3840,2017.0,1917.0
770,2023-03-04,1910.0,1910.0,1839.0,1863.0,56540522066,18057034,1253,1934.0,1857.0
771,2023-03-05,1850.0,1910.0,1810.0,1857.0,64764228178,20754299,1021,1863.0,1839.0
772,2023-03-06,1809.0,1856.0,1779.0,1813.0,96074582208,31524254,2489,1857.0,1813.0
773,2023-03-07,1816.0,1887.0,1794.0,1854.0,68180692556,21883956,1366,1813.0,1844.0
774,2023-03-11,1845.0,1884.0,1773.0,1799.0,97953355750,32395116,2128,1854.0,1779.0
775,2023-03-12,1770.0,1770.0,1709.0,1714.0,89891143877,31204021,1641,1799.0,1709.0
776,2023-03-15,1800.0,1800.0,1800.0,1800.0,50652611625,16744665,380,1714.0,1800.0
777,2023-03-18,1889.0,1889.0,1889.0,1889.0,50255175568,15823418,410,1800.0,1889.0
778,2023-03-19,1958.0,1958.0,1860.0,1891.0,116299739577,36600927,2253,1889.0,1874.0
779,2023-03-25,1922.0,1931.0,1861.0,1903.0,115675890677,36167201,1793,1891.0,1901.0
780,2023-03-26,1916.0,1997.0,1887.0,1989.0,396971443674,118707100,2773,1903.0,1997.0
781,2023-03-28,2039.0,2050.0,1948.0,1995.0,247243145635,70599546,3433,1989.0,2013.0
782,2023-03-29,2025.0,2094.0,2025.0,2086.0,252653514735,68971520,2819,1995.0,2094.0
783,2023-04-03,2050.0,2190.0,1982.0,2120.0,490628098607,131835510,6498,2086.0,2190.0
784,2023-04-04,2226.0,2226.0,2128.0,2208.0,485351261191,125219068,4783,2120.0,2226.0
785,2023-04-05,2244.0,2318.0,2164.0,2305.0,295830701021,73094933,3426,2208.0,2318.0
786,2023-04-08,2381.0,2414.0,2227.0,2298.0,627344991985,155488172,9607,2305.0,2240.0
787,2023-04-09,2242.0,2334.0,2201.0,2250.0,345743035690,87530455,6461,2298.0,2219.0
788,2023-04-10,2216.0,2278.0,2138.0,2200.0,240858789412,62368198,4687,2250.0,2138.0
789,2023-04-11,2119.0,2232.0,2102.0,2156.0,283602836116,74903375,4501,2200.0,2184.0
790,2023-04-15,2176.0,2264.0,2176.0,2249.0,191336766432,48453201,3301,2156.0,2264.0
791,2023-04-16,2296.0,2318.0,2193.0,2228.0,202821458084,51842414,3701,2249.0,2204.0
792,2023-04-17,2244.0,2339.0,2176.0,2308.0,492589823052,121548672,6706,2228.0,2339.0
793,2023-04-18,2369.0,2409.0,2324.0,2359.0,287161310758,69325389,4923,2308.0,2364.0
794,2023-04-19,2369.0,2477.0,2310.0,2422.0,836041528182,196584765,4686,2359.0,2477.0
795,2023-04-24,2543.0,2543.0,2489.0,2536.0,1027583558770,230746831,6306,2422.0,2543.0
796,2023-04-25,2574.0,2586.0,2435.0,2486.0,559315424146,128146251,9331,2536.0,2436.0
797,2023-04-26,2427.0,2566.0,2394.0,2487.0,305055122981,69864579,4551,2486.0,2506.0
798,2023-04-29,2586.0,2611.0,2564.0,2610.0,575505420202,125585771,2203,2487.0,2611.0
799,2023-04-30,2644.0,2741.0,2643.0,2729.0,1092053923837,227921704,4258,2610.0,2697.0
800,2023-05-01,2734.0,2769.0,2620.0,2669.0,441710714830,94249592,6409,2729.0,2677.0
801,2023-05-02,2688.0,2768.0,2643.0,2700.0,503043624793,106115225,4680,2669.0,2681.0
802,2023-05-03,2700.0,2700.0,2599.0,2640.0,473321969574,102089875,5981,2700.0,2629.0
803,2023-05-06,2677.0,2767.0,2580.0,2712.0,559611235892,117532383,8156,2640.0,2728.0
804,2023-05-07,2762.0,2762.0,2576.0,2597.0,144356342313,31664624,1828,2712.0,2576.0
805,2023-05-08,2467.0,2467.0,2467.0,2531.0,32655950256,7538308,321,2597.0,2467.0
806,2023-05-09,2405.0,2448.0,2405.0,2405.0,351322106701,83197308,3298,2531.0,2405.0
807,2023-05-10,2404.0,2467.0,2285.0,2316.0,165462828181,40679337,2048,2405.0,2285.0
808,2023-05-13,2201.0,2237.0,2201.0,2201.0,69418272248,17960372,639,2316.0,2201.0
809,2023-05-14,2093.0,2272.0,2091.0,2180.0,366775015135,95829593,4707,2201.0,2221.0
810,2023-05-15,2206.0,2244.0,2085.0,2142.0,185521284974,49321369,2788,2180.0,2164.0
811,2023-05-17,2159.0,2198.0,2108.0,2169.0,124754994142,32756283,1830,2142.0,2185.0
812,2023-05-20,2176.0,2270.0,2166.0,2214.0,206531250371,53132842,3175,2169.0,2210.0
813,2023-05-21,2267.0,2324.0,2183.0,2318.0,362597915753,89100117,1426,2214.0,2324.0
814,2023-05-22,2341.0,2429.0,2341.0,2385.0,928579830520,221795838,4539,2318.0,2403.0
815,2023-05-23,2426.0,2504.0,2426.0,2499.0,616628765183,140570953,5183,2385.0,2504.0
816,2023-05-24,2540.0,2556.0,2426.0,2478.0,168994328266,38839865,2659,2499.0,2434.0
817,2023-05-27,2421.0,2421.0,2355.0,2356.0,409585982139,99016740,3541,2478.0,2355.0
818,2023-05-28,2369.0,2374.0,2239.0,2261.0,185766971459,46799716,2420,2356.0,2291.0
819,2023-05-29,2290.0,2373.0,2290.0,2360.0,168219504868,40594382,1661,2261.0,2373.0
820,2023-05-30,2414.0,2478.0,2392.0,2474.0,454364591272,104586976,2957,2360.0,2478.0
821,2023-05-31,2478.0,2528.0,2418.0,2468.0,217849276131,50265624,2876,2474.0,2442.0
822,2023-06-03,2442.0,2471.0,2361.0,2386.0,125748007672,30012265,2482,2468.0,2404.0
823,2023-06-06,2404.0,2447.0,2298.0,2336.0,123882250543,30201988,2352,2386.0,2316.0
824,2023-06-07,2352.0,2437.0,2290.0,2377.0,116475399477,27902895,2391,2336.0,2364.0
825,2023-06-10,2335.0,2339.0,2259.0,2262.0,148140735618,37300605,1814,2377.0,2259.0
826,2023-06-11,2265.0,2318.0,2208.0,2238.0,73915145264,18805631,1898,2262.0,2220.0
827,2023-06-12,2239.0,2278.0,2127.0,2157.0,79043219411,20871211,1060,2238.0,2127.0
828,2023-06-13,2102.0,2221.0,2073.0,2144.0,101975411268,27086506,1448,2157.0,2218.0
829,2023-06-14,2221.0,2244.0,2183.0,2214.0,63073107776,16228267,1068,2144.0,2193.0
830,2023-06-17,2249.0,2249.0,2152.0,2180.0,123185492251,32176869,1637,2214.0,2173.0
831,2023-06-18,2153.0,2191.0,2076.0,2112.0,78351923120,21133104,1169,2180.0,2119.0
832,2023-06-19,2125.0,2217.0,2125.0,2208.0,153487066961,39589956,1389,2112.0,2217.0
833,2023-06-20,2221.0,2318.0,2187.0,2272.0,143015832088,35853779,1815,2208.0,2318.0
834,2023-06-21,2332.0,2385.0,2279.0,2369.0,183634636958,44144143,2300,2272.0,2375.0
835,2023-06-24,2432.0,2432.0,2324.0,2368.0,76335338126,18359801,1579,2369.0,2339.0
836,2023-06-25,2330.0,2409.0,2278.0,2327.0,122012361810,29861382,2232,2368.0,2346.0
837,2023-06-26,2346.0,2369.0,2290.0,2328.0,9941472202,2425504,212,2327.0,2364.0
838,2023-06-27,2364.0,2381.0,2264.0,2311.0,35305875042,8744631,825,2328.0,2264.0
839,2023-06-28,2227.0,2296.0,2218.0,2276.0,39251919245,9901975,969,2311.0,2263.0
840,2023-07-01,2278.0,2312.0,2210.0,2248.0,37825014337,9647099,909,2276.0,2221.0
841,2023-07-02,2199.0,2299.0,2198.0,2245.0,38313176680,9726833,961,2248.0,2243.0
842,2023-07-03,2278.0,2355.0,2262.0,2306.0,70634941846,17449303,1138,2245.0,2355.0
843,2023-07-04,2360.0,2392.0,2324.0,2357.0,60596984914,14633112,1058,2306.0,2335.0
844,2023-07-05,2308.0,2385.0,2308.0,2328.0,52545367128,12881252,1064,2357.0,2323.0
845,2023-07-08,2313.0,2351.0,2254.0,2292.0,54867110994,13655509,1360,2328.0,2258.0
846,2023-07-09,2295.0,2307.0,2238.0,2268.0,59091718440,14842148,1077,2292.0,2278.0
847,2023-07-10,2250.0,2290.0,2231.0,2251.0,48580404506,12311641,823,2268.0,2250.0
848,2023-07-11,2238.0,2238.0,2139.0,2153.0,168802805749,44645804,1310,2251.0,2139.0
849,2023-07-12,2133.0,2134.0,2046.0,2058.0,92544481055,25615957,1140,2153.0,2073.0
850,2023-07-15,2050.0,2106.0,1977.0,2042.0,43325912552,12102786,949,2058.0,1995.0
851,2023-07-16,2021.0,2077.0,1940.0,1983.0,31985469668,9354326,375,2042.0,1940.0
852,2023-07-18,2058.0,2071.0,2000.0,2039.0,60699854133,16955141,702,1983.0,2028.0
853,2023-07-26,2042.0,2141.0,2015.0,2044.0,81387333301,22974787,1083,2039.0,2034.0
854,2023-07-29,1999.0,2059.0,1963.0,2008.0,49288358477,14175758,1378,2044.0,1964.0
855,2023-07-30,1982.0,1982.0,1907.0,1913.0,71778257970,21648876,1038,2008.0,1908.0
856,2023-07-31,1933.0,1933.0,1847.0,1884.0,40796299744,12527604,1124,1913.0,1885.0
857,2023-08-01,1858.0,1933.0,1858.0,1910.0,48562398624,14661577,759,1884.0,1928.0
858,2023-08-05,1932.0,2006.0,1932.0,1971.0,40648372430,11797477,960,1910.0,2006.0
859,2023-08-06,2019.0,2054.0,1962.0,2005.0,42078500604,12060264,779,1971.0,2042.0
860,2023-08-07,2014.0,2064.0,1997.0,2016.0,30853484717,8799232,588,2005.0,1998.0
861,2023-08-08,2029.0,2029.0,1959.0,1993.0,41138492902,11939485,773,2016.0,1961.0
862,2023-08-09,1933.0,2007.0,1904.0,1980.0,23095208505,6788411,547,1993.0,1951.0
863,2023-08-12,1947.0,1947.0,1881.0,1883.0,63863625059,19568092,614,1980.0,1881.0
864,2023-08-13,1846.0,1921.0,1818.0,1868.0,21939115232,6838939,606,1883.0,1858.0
865,2023-08-14,1902.0,1913.0,1846.0,1873.0,18673540772,5727124,423,1868.0,1860.0
866,2023-08-15,1853.0,1892.0,1794.0,1848.0,37530627142,11761402,493,1873.0,1882.0
867,2023-08-16,1900.0,1939.0,1881.0,1896.0,38646426137,11676826,765,1848.0,1916.0
868,2023-08-19,1895.0,1964.0,1847.0,1898.0,31112681203,9457424,506,1896.0,1858.0
869,2023-08-20,1920.0,1921.0,1846.0,1883.0,25322401416,7818707,777,1898.0,1852.0
870,2023-08-21,1883.0,1897.0,1849.0,1878.0,17138296010,5286819,690,1883.0,1849.0
871,2023-08-22,1846.0,1892.0,1804.0,1853.0,20320806104,6439984,738,1878.0,1804.0
872,2023-08-23,1791.0,1892.0,1791.0,1851.0,29003782409,9047622,787,1853.0,1879.0
873,2023-08-26,1904.0,1932.0,1861.0,1877.0,25384511690,7702965,674,1851.0,1904.0
874,2023-08-27,1916.0,1970.0,1904.0,1938.0,36420341189,10710524,473,1877.0,1970.0
875,2023-08-28,2034.0,2034.0,1955.0,1995.0,90831146688,26264546,1245,1938.0,1967.0
876,2023-08-29,1937.0,2001.0,1937.0,1980.0,22159116034,6522800,606,1995.0,1954.0
877,2023-08-30,1920.0,2014.0,1920.0,1974.0,26815561758,7854678,781,1980.0,1962.0
878,2023-09-02,1967.0,2014.0,1880.0,1955.0,139247786392,41096005,2053,1974.0,1950.0
879,2023-09-03,1978.0,1979.0,1931.0,1959.0,49629956569,14614919,788,1955.0,1950.0
880,2023-09-04,1906.0,2019.0,1906.0,1992.0,45957620581,13286009,748,1959.0,1997.0
881,2023-09-05,2019.0,2071.0,1962.0,1995.0,75170229070,21746046,1019,1992.0,1981.0
882,2023-09-09,1955.0,2017.0,1909.0,1953.0,51591824673,15240131,1047,1995.0,1921.0
883,2023-09-10,1921.0,2008.0,1890.0,1969.0,54531021704,15979305,659,1953.0,1973.0
884,2023-09-11,2014.0,2037.0,1969.0,2000.0,31807709454,9083505,789,1969.0,2013.0
885,2023-09-12,2013.0,2100.0,2013.0,2098.0,287288926858,78992554,1730,2000.0,2100.0
886,2023-09-13,2095.0,2127.0,2059.0,2105.0,151482623847,41513938,1901,2098.0,2112.0
887,2023-09-17,2089.0,2210.0,2089.0,2195.0,204309409999,53706736,1802,2105.0,2210.0
888,2023-09-18,2244.0,2265.0,2145.0,2188.0,90458073889,23855022,1344,2195.0,2158.0
889,2023-09-19,2164.0,2297.0,2164.0,2281.0,282769072992,71509178,2705,2188.0,2297.0
890,2023-09-20,2302.0,2302.0,2200.0,2237.0,97861880433,25244243,1590,2281.0,2222.0
891,2023-09-23,2237.0,2307.0,2217.0,2254.0,69046731141,17677696,894,2237.0,2250.0
892,2023-09-25,2221.0,2229.0,2150.0,2187.0,129596364488,34181857,1493,2254.0,2152.0
893,2023-09-26,2164.0,2203.0,2154.0,2177.0,33189676165,8826507,591,2187.0,2156.0
894,2023-09-27,2181.0,2203.0,2119.0,2139.0,57216784190,15432383,1079,2177.0,2119.0
895,2023-09-30,2117.0,2157.0,2033.0,2055.0,95623507234,26847288,1787,2139.0,2041.0
896,2023-10-01,2076.0,2117.0,2019.0,2078.0,44808466770,12417451,914,2055.0,2083.0
897,2023-10-02,2071.0,2146.0,2068.0,2091.0,26780376460,7340399,533,2078.0,2103.0
898,2023-10-04,2128.0,2146.0,2094.0,2098.0,15762647977,4297710,334,2091.0,2117.0
899,2023-10-07,2066.0,2116.0,2000.0,2071.0,25679479977,7253538,579,2098.0,2021.0
900,2023-10-08,1969.0,2014.0,1968.0,2018.0,26367465083,7727937,440,2071.0,1968.0
901,2023-10-09,1920.0,2000.0,1918.0,1941.0,71821398604,21349578,1209,2018.0,1918.0
902,2023-10-10,1909.0,1950.0,1887.0,1921.0,44751176857,13457436,837,1941.0,1944.0
903,2023-10-11,1950.0,1964.0,1892.0,1916.0,32027496487,9657807,543,1921.0,1916.0
904,2023-10-14,1905.0,1916.0,1820.0,1838.0,61032455737,19163078,922,1916.0,1829.0
905,2023-10-15,1806.0,1846.0,1746.0,1778.0,52986906523,17189784,1246,1838.0,1751.0
906,2023-10-16,1760.0,1852.0,1760.0,1814.0,42485705833,13485083,798,1778.0,1845.0
907,2023-10-17,1861.0,1875.0,1817.0,1824.0,22708574292,7138523,600,1814.0,1823.0
908,2023-10-18,1823.0,1823.0,1745.0,1775.0,48949202744,15913068,1314,1824.0,1777.0
909,2023-10-21,1771.0,1841.0,1771.0,1789.0,29591417867,9505092,549,1775.0,1783.0
910,2023-10-22,1812.0,1823.0,1785.0,1797.0,19474227464,6216842,470,1789.0,1798.0
911,2023-10-23,1798.0,1798.0,1708.0,1729.0,70955570113,23676576,1827,1797.0,1734.0
912,2023-10-24,1714.0,1750.0,1663.0,1712.0,22104151052,7520621,593,1729.0,1690.0
913,2023-10-25,1661.0,1739.0,1661.0,1710.0,19776242255,6681933,466,1712.0,1703.0
914,2023-10-28,1696.0,1696.0,1625.0,1633.0,39119349987,13872195,780,1710.0,1625.0
915,2023-10-29,1647.0,1673.0,1613.0,1636.0,21286284369,7491926,446,1633.0,1639.0
916,2023-10-30,1639.0,1702.0,1639.0,1658.0,21836907917,7506114,598,1636.0,1681.0
917,2023-10-31,1685.0,1703.0,1644.0,1665.0,18402542681,6342890,405,1658.0,1652.0
918,2023-11-01,1640.0,1640.0,1583.0,1640.0,16383905305,5897683,468,1665.0,1639.0
919,2023-11-04,1685.0,1722.0,1679.0,1716.0,54113240242,18194257,687,1640.0,1722.0
920,2023-11-05,1728.0,1765.0,1714.0,1727.0,25815505899,8577832,436,1716.0,1738.0
921,2023-11-06,1731.0,1778.0,1729.0,1749.0,31171582732,10220067,545,1727.0,1768.0
922,2023-11-07,1731.0,1812.0,1731.0,1774.0,37542878862,12170758,607,1749.0,1808.0
923,2023-11-08,1783.0,1835.0,1783.0,1803.0,36004571706,11465968,500,1774.0,1817.0
924,2023-11-11,1760.0,1849.0,1760.0,1819.0,30168014157,9526813,459,1803.0,1829.0
925,2023-11-12,1783.0,1864.0,1783.0,1845.0,45517754422,14224749,414,1819.0,1864.0
926,2023-11-13,1869.0,1870.0,1806.0,1850.0,33207147126,10340064,525,1845.0,1818.0
927,2023-11-14,1794.0,1875.0,1789.0,1832.0,35850075124,11322615,532,1850.0,1796.0
928,2023-11-15,1846.0,1846.0,1801.0,1832.0,2311495572,732325,95,1832.0,1812.0
929,2023-11-18,1789.0,1846.0,1789.0,1831.0,22631519442,7133631,386,1832.0,1836.0
930,2023-11-19,1852.0,1867.0,1832.0,1835.0,16595299771,5195625,391,1831.0,1834.0
931,2023-11-20,1801.0,1850.0,1794.0,1826.0,20549248360,6539912,462,1835.0,1804.0
932,2023-11-21,1787.0,1849.0,1787.0,1821.0,17108720500,5439547,392,1826.0,1841.0
933,2023-11-22,1843.0,1881.0,1818.0,1827.0,16981720770,5331580,358,1821.0,1838.0
934,2023-11-25,1838.0,1887.0,1792.0,1843.0,40351340240,12607869,541,1827.0,1837.0
935,2023-11-26,1869.0,1914.0,1836.0,1876.0,45545943519,13991187,610,1843.0,1887.0
936,2023-11-27,1927.0,1970.0,1904.0,1963.0,155883885588,45811329,1223,1876.0,1970.0
937,2023-11-28,1964.0,1973.0,1930.0,1958.0,36432367934,10745193,918,1963.0,1962.0
938,2023-11-29,1962.0,1974.0,1931.0,1955.0,50010044464,14758469,920,1958.0,1965.0
939,2023-12-02,1971.0,1979.0,1917.0,1943.0,52108851145,15471358,952,1955.0,1920.0
940,2023-12-03,1908.0,1994.0,1900.0,1943.0,73339207024,21773449,919,1943.0,1978.0
941,2023-12-04,1991.0,2030.0,1944.0,1986.0,68841201914,20001984,773,1943.0,1951.0
942,2023-12-05,1946.0,1996.0,1946.0,1971.0,41466852154,12156341,886,1986.0,1949.0
943,2023-12-06,1941.0,1976.0,1927.0,1958.0,22863084820,6791029,441,1971.0,1937.0
944,2023-12-09,1927.0,1974.0,1882.0,1909.0,52744061461,15938773,881,1958.0,1884.0
945,2023-12-10,1904.0,1932.0,1869.0,1900.0,40341421021,12262167,626,1909.0,1895.0
946,2023-12-11,1920.0,1947.0,1875.0,1894.0,43998013302,13409190,861,1900.0,1875.0
947,2023-12-12,1884.0,1914.0,1876.0,1891.0,29648182852,9054814,453,1894.0,1876.0
948,2023-12-13,1883.0,1920.0,1876.0,1889.0,17856326105,5460850,541,1891.0,1879.0
949,2023-12-16,1936.0,1936.0,1883.0,1894.0,26816035831,8149837,595,1889.0,1890.0
950,2023-12-18,1873.0,1933.0,1873.0,1905.0,69282891293,20990685,1352,1894.0,1899.0
951,2024-01-02,1905.0,1977.0,1865.0,1914.0,52151072255,22007585,824,1905.0,1930.0
952,2024-01-03,1930.0,1930.0,1871.0,1896.0,36907465928,15768233,644,1914.0,1888.0
953,2024-01-06,1896.0,1963.0,1868.0,1894.0,27366583307,11680115,880,1896.0,1873.0
954,2024-01-07,1882.0,1922.0,1858.0,1883.0,26966173568,11622763,808,1894.0,1862.0
955,2024-01-08,1851.0,1891.0,1851.0,1880.0,5680261756,2467208,287,1883.0,1854.0
956,2024-01-09,1898.0,1898.0,1838.0,1869.0,23244104380,10113358,676,1880.0,1869.0
957,2024-01-10,1871.0,1886.0,1841.0,1862.0,18758880731,8189899,625,1869.0,1843.0
958,2024-01-13,1831.0,1858.0,1817.0,1842.0,32050181068,14124658,857,1862.0,1832.0
959,2024-01-14,1820.0,1853.0,1809.0,1833.0,24608962938,10890104,798,1842.0,1814.0
960,2024-01-15,1836.0,1836.0,1801.0,1827.0,15865262237,7064833,585,1833.0,1801.0
961,2024-01-16,1794.0,1825.0,1794.0,1823.0,8099513113,3623769,373,1827.0,1816.0
962,2024-01-17,1849.0,1875.0,1795.0,1824.0,16903031187,7484093,507,1823.0,1808.0
963,2024-01-20,1847.0,1847.0,1741.0,1796.0,29346157767,13323156,683,1824.0,1768.0
964,2024-01-21,1791.0,1791.0,1741.0,1786.0,10639773038,4895796,351,1796.0,1761.0
965,2024-01-22,1737.0,1791.0,1707.0,1748.0,29921943416,13976670,742,1786.0,1718.0
966,2024-01-23,1712.0,1712.0,1661.0,1665.0,52548561405,25490739,1346,1748.0,1661.0
967,2024-01-24,1617.0,1695.0,1617.0,1661.0,39323637753,19131943,820,1665.0,1656.0
968,2024-01-27,1657.0,1720.0,1657.0,1685.0,35646865830,17035985,717,1661.0,1718.0
969,2024-01-28,1698.0,1769.0,1698.0,1745.0,35684983139,16371129,508,1685.0,1769.0
970,2024-01-29,1770.0,1832.0,1722.0,1809.0,99709558677,44512091,1483,1745.0,1832.0
971,2024-01-30,1874.0,1900.0,1826.0,1888.0,154686398094,66196745,2599,1809.0,1897.0
972,2024-01-31,1906.0,1906.0,1825.0,1882.0,83934709847,36018299,1475,1888.0,1874.0
973,2024-02-03,1849.0,1881.0,1820.0,1860.0,36216509899,15786650,908,1882.0,1864.0
974,2024-02-04,1830.0,1857.0,1801.0,1821.0,42746145545,18999012,1053,1860.0,1802.0
975,2024-02-05,1817.0,1868.0,1797.0,1817.0,30338549609,13504158,976,1821.0,1797.0
976,2024-02-06,1799.0,1859.0,1799.0,1825.0,17679874143,7763091,498,1817.0,1828.0
977,2024-02-07,1804.0,1917.0,1804.0,1910.0,84137798120,35583192,1027,1825.0,1917.0
978,2024-02-10,1970.0,2006.0,1934.0,1995.0,134290785661,54362126,1730,1910.0,2006.0
979,2024-02-12,2043.0,2075.0,1947.0,2027.0,122535055181,48844805,2026,1995.0,2060.0
980,2024-02-13,2074.0,2095.0,1998.0,2041.0,79077410317,31293740,1684,2027.0,2027.0
981,2024-02-14,1980.0,2065.0,1940.0,1968.0,71668019722,29425266,1499,2041.0,1959.0
982,2024-02-17,1955.0,2006.0,1901.0,1945.0,34145747457,14259184,816,1968.0,1906.0
983,2024-02-18,2003.0,2003.0,1901.0,1938.0,39534539354,16489971,926,1945.0,1947.0
984,2024-02-19,1948.0,1991.0,1906.0,1939.0,32841994162,13674601,686,1938.0,1930.0
985,2024-02-20,1967.0,2035.0,1909.0,1993.0,57794472733,23424587,1133,1939.0,1987.0
986,2024-02-21,1947.0,1999.0,1896.0,1950.0,38566884026,16079448,834,1993.0,1926.0
987,2024-02-24,1930.0,1930.0,1858.0,1876.0,49099942907,21138657,970,1950.0,1870.0
988,2024-02-26,1876.0,1876.0,1783.0,1812.0,44229646599,19749955,915,1876.0,1825.0
989,2024-02-27,1789.0,1897.0,1785.0,1834.0,27305673215,11915869,789,1812.0,1832.0
990,2024-02-28,1850.0,1898.0,1828.0,1842.0,14336033821,6216842,487,1834.0,1837.0
991,2024-03-02,1820.0,1926.0,1820.0,1880.0,31662721167,13449029,574,1842.0,1895.0
992,2024-03-03,1910.0,1944.0,1870.0,1907.0,58073757961,24601298,1127,1880.0,1887.0
993,2024-03-04,1874.0,1913.0,1848.0,1890.0,28572239086,12284191,670,1907.0,1859.0
994,2024-03-05,1863.0,1909.0,1820.0,1864.0,57598269144,24959129,1166,1890.0,1842.0
995,2024-03-06,1842.0,1909.0,1834.0,1867.0,43083885354,18640059,700,1864.0,1850.0
996,2024-03-09,1886.0,1898.0,1838.0,1861.0,30185836085,13129016,767,1867.0,1839.0
997,2024-03-10,1825.0,1880.0,1817.0,1846.0,22243610961,9815092,754,1861.0,1819.0
998,2024-03-11,1821.0,1850.0,1797.0,1825.0,30020315710,13380595,695,1846.0,1804.0
999,2024-03-12,1833.0,1858.0,1804.0,1820.0,36271895725,16108943,710,1825.0,1809.0
1000,2024-03-13,1806.0,1849.0,1785.0,1814.0,21952256789,9807655,589,1820.0,1810.0
1001,2024-03-16,1848.0,1849.0,1795.0,1812.0,26025426302,11602263,516,1814.0,1806.0
1002,2024-03-17,1809.0,1860.0,1809.0,1819.0,14879942242,6552888,388,1812.0,1833.0
1003,2024-03-18,1828.0,1898.0,1828.0,1849.0,23479099645,10084190,580,1819.0,1884.0
1004,2024-03-24,1891.0,1941.0,1891.0,1934.0,49173845012,20516635,534,1849.0,1941.0
1005,2024-03-25,2025.0,2031.0,1989.0,2026.0,185553149471,73982230,2081,1934.0,2007.0
1006,2024-03-26,2012.0,2092.0,2005.0,2030.0,62853095273,25012015,1222,2026.0,2027.0
1007,2024-03-27,2028.0,2072.0,1998.0,2027.0,35384966910,14112988,778,2030.0,2011.0
1008,2024-03-30,2022.0,2055.0,1991.0,2019.0,36728840737,14712427,850,2027.0,2035.0
1009,2024-04-02,1978.0,1983.0,1920.0,1950.0,47727746413,19806298,832,2019.0,1942.0
1010,2024-04-03,1970.0,1971.0,1914.0,1940.0,45838155355,19093560,816,1950.0,1938.0
1011,2024-04-06,1963.0,1968.0,1843.0,1879.0,45508185188,19610469,999,1940.0,1845.0
1012,2024-04-07,1880.0,1896.0,1829.0,1871.0,17048422459,7422349,462,1879.0,1876.0
1013,2024-04-08,1886.0,1919.0,1858.0,1878.0,13740380039,5849567,385,1871.0,1900.0
1014,2024-04-09,1884.0,1919.0,1865.0,1887.0,25816061037,11004805,538,1878.0,1865.0
1015,2024-04-13,1794.0,1881.0,1793.0,1799.0,46286818753,20792379,1214,1887.0,1793.0
1016,2024-04-14,1781.0,1781.0,1781.0,1797.0,3212435835,1456887,66,1799.0,1781.0
1017,2024-04-15,1780.0,1815.0,1780.0,1806.0,26449794722,11780437,469,1797.0,1815.0
1018,2024-04-16,1788.0,1800.0,1788.0,1797.0,24606365383,11110651,377,1806.0,1800.0
1019,2024-04-17,1815.0,1815.0,1787.0,1801.0,16894660476,7545953,330,1797.0,1787.0
1020,2024-04-20,1809.0,1891.0,1809.0,1843.0,23930726655,10242516,283,1801.0,1891.0
1021,2024-04-21,1922.0,1930.0,1859.0,1861.0,22056625694,9467505,544,1843.0,1873.0
1022,2024-04-22,1896.0,1954.0,1858.0,1931.0,44622152159,18581403,758,1861.0,1954.0
1023,2024-04-23,1987.0,2027.0,1954.0,2023.0,124062991242,49531297,971,1931.0,2027.0
1024,2024-04-24,2046.0,2124.0,2027.0,2117.0,182373102066,69575638,1423,2023.0,2124.0
1025,2024-04-27,2142.0,2197.0,2011.0,2100.0,131179170415,50461064,2041,2117.0,2034.0
1026,2024-04-28,2058.0,2058.0,1995.0,2018.0,50211087366,20119037,1320,2100.0,2019.0
1027,2024-04-29,2020.0,2119.0,2015.0,2101.0,155256124591,59684340,1580,2018.0,2119.0
1028,2024-04-30,2124.0,2206.0,2108.0,2167.0,180593058343,67316619,2524,2101.0,2140.0
1029,2024-05-01,2157.0,2157.0,2076.0,2122.0,44113091837,16877461,883,2167.0,2127.0
1030,2024-05-05,2070.0,2228.0,2069.0,2222.0,253193322369,92027338,2090,2122.0,2228.0
1031,2024-05-06,2253.0,2333.0,2181.0,2316.0,468776614920,163520167,3753,2222.0,2333.0
1032,2024-05-07,2342.0,2387.0,2225.0,2301.0,253173345661,88849467,2885,2316.0,2316.0
1033,2024-05-08,2325.0,2325.0,2189.0,2240.0,169824732260,61233135,1603,2301.0,2190.0
1034,2024-05-11,2190.0,2253.0,2128.0,2157.0,71349515348,26725852,902,2240.0,2128.0
1035,2024-05-12,2049.0,2153.0,2049.0,2073.0,149613338367,58294451,2128,2157.0,2060.0
1036,2024-05-13,2107.0,2107.0,1970.0,1985.0,57576873290,23426355,990,2073.0,1994.0
1037,2024-05-14,2019.0,2035.0,1947.0,1994.0,29041965695,11717993,490,1985.0,2003.0
1038,2024-05-15,2003.0,2044.0,1958.0,2004.0,39284946022,15806400,684,1994.0,2035.0
1039,2024-05-18,2064.0,2104.0,2044.0,2079.0,95220321684,36992914,912,2004.0,2104.0
1040,2024-05-19,2124.0,2124.0,1999.0,2043.0,179725965702,71075149,1517,2079.0,2090.0
1041,2024-05-21,2027.0,2083.0,2027.0,2067.0,39496243452,15365935,426,2043.0,2083.0
1042,2024-05-25,2076.0,2108.0,2076.0,2106.0,136728763795,52445828,1121,2067.0,2090.0
1043,2024-05-26,2077.0,2077.0,2064.0,2097.0,12185837169,4761919,131,2106.0,2064.0
1044,2024-05-27,2056.0,2056.0,2056.0,2090.0,8536535710,3354238,68,2097.0,2056.0
1045,2024-05-28,2084.0,2132.0,2084.0,2121.0,45720206401,17356158,290,2090.0,2132.0
1046,2024-05-29,2163.0,2163.0,2163.0,2132.0,15229488742,5686889,188,2121.0,2163.0
1047,2024-06-01,2174.0,2174.0,2097.0,2141.0,65479538300,24698960,693,2132.0,2114.0
1048,2024-06-02,2140.0,2140.0,2098.0,2108.0,45098724483,17338053,372,2141.0,2125.0
1049,2024-06-05,2091.0,2143.0,2066.0,2101.0,13298856742,5169122,271,2108.0,2066.0
1050,2024-06-08,2059.0,2059.0,2059.0,2098.0,3580511477,1404673,51,2101.0,2059.0
1051,2024-06-09,2056.0,2056.0,2056.0,2077.0,26282920050,10323181,265,2098.0,2056.0
1052,2024-06-10,2086.0,2119.0,2079.0,2107.0,49521628934,18957351,614,2077.0,2100.0
1053,2024-06-11,2069.0,2145.0,2066.0,2102.0,30976581244,11924918,763,2107.0,2102.0
1054,2024-06-12,2063.0,2063.0,2060.0,2090.0,14876558155,5831452,138,2102.0,2060.0
1055,2024-06-15,2049.0,2049.0,2049.0,2090.0,1316766425,519025,27,2090.0,2049.0
1056,2024-06-16,2048.0,2048.0,2048.0,2085.0,5407330208,2132228,524,2090.0,2048.0
1057,2024-06-18,2044.0,2044.0,2044.0,2085.0,418885562,165502,26,2085.0,2044.0
1058,2024-06-19,2044.0,2044.0,2044.0,2044.0,55606323100,21970100,257,2085.0,2044.0
1059,2024-06-22,2004.0,2043.0,2004.0,2020.0,32489589646,13086680,240,2044.0,2004.0
1060,2024-06-23,1980.0,2040.0,1980.0,2001.0,25667181505,10450862,632,2020.0,1980.0
1061,2024-06-24,1964.0,2006.0,1962.0,1991.0,24153944534,9860066,828,2001.0,1997.0
1062,2024-06-26,2011.0,2020.0,1965.0,1988.0,18593373452,7577800,467,1991.0,1970.0
1063,2024-06-29,2011.0,2017.0,1898.0,1975.0,15875132527,6582455,508,1988.0,1926.0
1064,2024-06-30,1882.0,1946.0,1857.0,1871.0,43089020004,18721936,593,1975.0,1857.0
1065,2024-07-01,1888.0,1890.0,1804.0,1854.0,28112441159,12314428,1365,1871.0,1825.0
1066,2024-07-02,1846.0,1930.0,1846.0,1864.0,29355354073,12674248,467,1854.0,1857.0
1067,2024-07-03,1846.0,1850.0,1793.0,1849.0,16595761159,7363631,375,1864.0,1825.0
1068,2024-07-06,1959.0,1959.0,1959.0,1892.0,19968456946,8231021,154,1849.0,1959.0
1069,2024-07-07,2006.0,2006.0,1907.0,1974.0,55592463809,22749296,579,1892.0,2006.0
1070,2024-07-08,2092.0,2092.0,2019.0,2086.0,82960409764,32122362,954,1974.0,2088.0
1071,2024-07-09,2060.0,2087.0,2005.0,2064.0,22864020811,9076936,438,2086.0,2048.0
1072,2024-07-10,2019.0,2060.0,1947.0,2009.0,45513071934,18367819,493,2064.0,1955.0
1073,2024-07-13,2009.0,2009.0,1930.0,1990.0,16113739119,6668400,295,2009.0,1999.0
1074,2024-07-14,1947.0,1979.0,1906.0,1972.0,13799549456,5783894,410,1990.0,1906.0
1075,2024-07-23,1855.0,1919.0,1855.0,1945.0,14636559593,6346994,268,1972.0,1862.0
1076,2024-07-24,1927.0,1927.0,1830.0,1847.0,45896759866,20323344,843,1945.0,1850.0
1077,2024-07-27,1831.0,1896.0,1798.0,1839.0,14404002098,6462277,375,1847.0,1843.0
1078,2024-07-29,1821.0,1843.0,1763.0,1816.0,17667369748,8099539,402,1839.0,1763.0
1079,2024-07-30,1804.0,1804.0,1735.0,1803.0,10560933489,4909082,305,1816.0,1756.0
1080,2024-07-31,1695.0,1695.0,1695.0,1749.0,21687205956,10446631,189,1803.0,1695.0
1081,2024-08-03,1644.0,1644.0,1644.0,1718.0,12557880102,6235293,133,1749.0,1644.0
1082,2024-08-04,1701.0,1701.0,1701.0,1718.0,533831240,256280,30,1718.0,1701.0
1083,2024-08-05,1701.0,1701.0,1701.0,1715.0,5920158873,2842131,544,1718.0,1701.0
1084,2024-08-06,1698.0,1698.0,1698.0,1714.0,1463425600,703570,27,1715.0,1698.0
1085,2024-08-10,1697.0,1697.0,1697.0,1710.0,11109203028,5343532,64,1714.0,1697.0
1086,2024-08-11,1694.0,1694.0,1694.0,1710.0,434226950,209266,17,1710.0,1694.0
1087,2024-08-12,1694.0,1694.0,1694.0,1710.0,469956375,226485,18,1710.0,1694.0
1088,2024-08-13,1694.0,1694.0,1694.0,1710.0,801441775,386237,19,1710.0,1694.0
1089,2024-08-14,1694.0,1713.0,1694.0,1695.0,92853274329,44734202,654,1710.0,1694.0
1090,2024-08-17,1661.0,1692.0,1661.0,1662.0,44428511148,21823656,576,1695.0,1661.0
1091,2024-08-18,1653.0,1695.0,1653.0,1694.0,63610531368,30653343,461,1662.0,1695.0
1092,2024-08-19,1696.0,1727.0,1661.0,1711.0,46920572532,22382116,658,1694.0,1726.0
1093,2024-08-20,1727.0,1745.0,1678.0,1718.0,30889006455,14654216,444,1711.0,1741.0
1094,2024-08-21,1750.0,1752.0,1732.0,1724.0,8155954533,3801246,147,1718.0,1752.0
1095,2024-08-24,1759.0,1759.0,1759.0,1736.0,15159326424,7037756,137,1724.0,1759.0
1096,2024-08-26,1770.0,1770.0,1701.0,1740.0,31223692938,14637812,461,1736.0,1706.0
1097,2024-08-27,1715.0,1715.0,1705.0,1730.0,12748292086,6101303,213,1740.0,1705.0
1098,2024-08-28,1696.0,1764.0,1696.0,1738.0,55870285038,26241641,514,1730.0,1764.0
1099,2024-08-31,1772.0,1772.0,1772.0,1758.0,25959296129,11957299,222,1738.0,1772.0
1100,2024-09-01,1792.0,1793.0,1748.0,1776.0,36604289965,16780633,428,1758.0,1777.0
1101,2024-09-03,1792.0,1812.0,1744.0,1790.0,32161917003,14622810,372,1776.0,1812.0
1102,2024-09-07,1804.0,1843.0,1752.0,1807.0,31355303124,14095439,280,1790.0,1796.0
1103,2024-09-08,1810.0,1861.0,1808.0,1858.0,55031838640,24175445,504,1807.0,1849.0
1104,2024-09-09,1859.0,1914.0,1859.0,1883.0,25020442361,10707871,275,1858.0,1914.0
1105,2024-09-10,1915.0,1940.0,1887.0,1914.0,31328955580,13248770,468,1883.0,1940.0
1106,2024-09-11,1971.0,1971.0,1928.0,1943.0,30183278596,12553869,419,1914.0,1959.0
1107,2024-09-14,1941.0,2001.0,1885.0,1955.0,81080303467,33852896,793,1943.0,1997.0
1108,2024-09-15,2012.0,2012.0,1919.0,1963.0,26601289851,11017107,407,1955.0,1958.0
1109,2024-09-16,1909.0,1999.0,1909.0,1966.0,18506687750,7665196,352,1963.0,1941.0
1110,2024-09-17,1968.0,2025.0,1968.0,1977.0,23844768367,9783655,395,1966.0,2013.0
1111,2024-09-18,2016.0,2036.0,1977.0,2031.0,52582701421,21132875,605,1977.0,2026.0
1112,2024-09-22,2061.0,2090.0,1981.0,2033.0,33367344343,13394174,528,2031.0,2014.0
1113,2024-09-23,2016.0,2056.0,1976.0,2017.0,58887839369,23833706,827,2033.0,1984.0
1114,2024-09-24,2016.0,2077.0,1980.0,2020.0,100150700480,40484972,1224,2017.0,1985.0
1115,2024-09-25,1986.0,1986.0,1959.0,1972.0,39678462925,16528561,421,2020.0,1959.0
1116,2024-09-28,1953.0,1953.0,1953.0,1972.0,186607096,78013,9,1972.0,1953.0
1117,2024-09-29,1953.0,1953.0,1953.0,1972.0,672010872,280941,16,1972.0,1953.0
1118,2024-09-30,1953.0,1953.0,1953.0,1972.0,2082236000,870500,21,1972.0,1953.0
1119,2024-10-01,1952.0,1952.0,1952.0,1972.0,11536575,4825,2,1972.0,1952.0
1120,2024-10-02,1952.0,1952.0,1952.0,1972.0,15221106,6366,2,1972.0,1952.0
1121,2024-10-05,1952.0,1952.0,1952.0,1971.0,1296177837,542107,12,1972.0,1952.0
1122,2024-10-06,1951.0,1951.0,1951.0,1971.0,181154830,75797,5,1971.0,1951.0
1123,2024-10-07,1951.0,1951.0,1951.0,1969.0,3984734670,1667253,18,1971.0,1951.0
1124,2024-10-08,1950.0,1950.0,1950.0,1969.0,100207644,41963,10,1969.0,1950.0
1125,2024-10-09,1950.0,1950.0,1950.0,1969.0,762961224,319498,12,1969.0,1950.0
1126,2024-10-12,1910.0,1947.0,1910.0,1944.0,20787159809,8883083,161,1969.0,1910.0
1127,2024-10-13,1886.0,1886.0,1886.0,1927.0,14008694700,6064370,146,1944.0,1886.0
1128,2024-10-14,1870.0,1870.0,1870.0,1926.0,608262930,265617,16,1927.0,1870.0
1129,2024-10-15,1869.0,1869.0,1869.0,1925.0,431471922,188498,12,1926.0,1869.0
1130,2024-10-16,1868.0,1868.0,1868.0,1923.0,2150310448,939821,24,1925.0,1868.0
1131,2024-10-19,1865.0,1865.0,1865.0,1922.0,893236205,390913,12,1923.0,1865.0
1132,2024-10-20,1865.0,1865.0,1865.0,1921.0,809881276,354589,18,1922.0,1865.0
1133,2024-10-21,1864.0,1864.0,1864.0,1919.0,1458834717,638999,21,1921.0,1864.0
1134,2024-10-22,1862.0,1862.0,1862.0,1919.0,187270100,82100,11,1919.0,1862.0
1135,2024-10-23,1862.0,1862.0,1862.0,1919.0,45843538,20098,5,1919.0,1862.0
1136,2024-10-26,1862.0,1862.0,1862.0,1862.0,47713640941,20917861,387,1919.0,1862.0
1137,2024-10-27,1807.0,1884.0,1807.0,1824.0,307139878132,137466780,3127,1862.0,1844.0
1138,2024-10-28,1868.0,1868.0,1770.0,1810.0,68908237318,31081147,1232,1824.0,1827.0
1139,2024-10-29,1796.0,1816.0,1756.0,1763.0,51979626457,24077806,537,1810.0,1756.0
1140,2024-10-30,1710.0,1776.0,1710.0,1721.0,62629112145,29705374,857,1763.0,1730.0
1141,2024-11-02,1702.0,1763.0,1670.0,1711.0,46338591226,22104250,796,1721.0,1674.0
1142,2024-11-03,1662.0,1670.0,1661.0,1694.0,14193261424,6976626,232,1711.0,1661.0
1143,2024-11-04,1643.0,1671.0,1643.0,1643.0,42917091544,21316064,564,1694.0,1643.0
1144,2024-11-05,1657.0,1661.0,1600.0,1632.0,19648007834,9907473,473,1643.0,1629.0
1145,2024-11-06,1585.0,1628.0,1584.0,1610.0,26183370858,13376939,484,1632.0,1616.0
1146,2024-11-09,1608.0,1658.0,1608.0,1656.0,49466407801,24380298,421,1610.0,1658.0
1147,2024-11-10,1704.0,1705.0,1702.0,1679.0,20056224389,9601592,234,1656.0,1705.0
1148,2024-11-11,1726.0,1729.0,1683.0,1703.0,37159133222,17766457,611,1679.0,1703.0
1149,2024-11-12,1687.0,1714.0,1652.0,1667.0,54615294197,26744111,702,1703.0,1652.0
1150,2024-11-13,1650.0,1714.0,1634.0,1676.0,25576439688,12410412,513,1667.0,1684.0
1151,2024-11-16,1722.0,1726.0,1714.0,1724.0,43100823612,20392270,425,1676.0,1726.0
1152,2024-11-17,1762.0,1762.0,1690.0,1722.0,38646450585,18325683,638,1724.0,1706.0
1153,2024-11-18,1729.0,1773.0,1706.0,1765.0,49990005881,23126715,633,1722.0,1773.0
1154,2024-11-19,1814.0,1816.0,1736.0,1788.0,54112952028,24713528,785,1765.0,1751.0
1155,2024-11-20,1772.0,1772.0,1735.0,1755.0,30530235634,14323242,595,1788.0,1735.0
1156,2024-11-23,1739.0,1781.0,1721.0,1754.0,31977349854,14880644,518,1755.0,1751.0
1157,2024-11-24,1731.0,1807.0,1731.0,1802.0,59435648797,26925786,748,1754.0,1807.0
1158,2024-11-25,1836.0,1856.0,1829.0,1855.0,66762701868,29388120,718,1802.0,1856.0
1159,2024-11-26,1910.0,1910.0,1821.0,1883.0,34492567001,14866257,424,1855.0,1829.0
1160,2024-11-30,1894.0,1894.0,1838.0,1850.0,47683553780,21040376,544,1883.0,1838.0
1161,2024-12-01,1800.0,1845.0,1795.0,1801.0,84323216810,38229691,761,1850.0,1795.0
1162,2024-12-02,1803.0,1855.0,1803.0,1855.0,59160630331,26042468,317,1801.0,1855.0
1163,2024-12-03,1910.0,1910.0,1845.0,1873.0,86412319279,37665365,1142,1855.0,1854.0
1164,2024-12-04,1864.0,1928.0,1821.0,1919.0,82049871445,34921029,735,1873.0,1928.0
1165,2024-12-07,1943.0,1943.0,1861.0,1874.0,63217535202,27543311,836,1919.0,1862.0
1166,2024-12-08,1853.0,1902.0,1818.0,1854.0,35786437162,15812478,568,1874.0,1894.0
1167,2024-12-09,1902.0,1910.0,1901.0,1910.0,74170699227,31714591,629,1854.0,1908.0
1168,2024-12-10,1959.0,1959.0,1852.0,1882.0,60445545262,26223862,776,1910.0,1864.0
1169,2024-12-11,1882.0,1938.0,1838.0,1918.0,113401700796,48270822,942,1882.0,1938.0
1170,2024-12-14,1975.0,1975.0,1975.0,1975.0,84173130216,34796664,326,1918.0,1975.0
1171,2024-12-15,2034.0,2034.0,2008.0,2033.0,500640986615,201024476,1960,1975.0,2034.0
1172,2024-12-16,2093.0,2093.0,2042.0,2089.0,978305839531,382266239,4284,2033.0,2052.0
1173,2024-12-17,2082.0,2146.0,2027.0,2081.0,236168910383,92636288,2111,2089.0,2027.0
1174,2024-12-18,2019.0,2082.0,2019.0,2026.0,209504703636,84405976,1873,2081.0,2039.0
1175,2024-12-21,2065.0,2087.0,2012.0,2063.0,201945382997,79899287,2059,2026.0,2036.0
1176,2024-12-22,2025.0,2038.0,2002.0,2003.0,181229910752,73872647,1256,2063.0,2002.0
1177,2024-12-23,1943.0,1992.0,1943.0,1954.0,285145146619,119134629,2609,2003.0,1968.0
1178,2024-12-24,1992.0,2010.0,1918.0,1964.0,140764549583,58504048,1624,1954.0,1965.0
1179,2024-12-25,1941.0,1992.0,1905.0,1913.0,99460997602,42446700,1301,1964.0,1920.0
1180,2024-12-28,1968.0,1970.0,1910.0,1966.0,186192537323,77337977,1756,1913.0,1970.0
1181,2024-12-29,2015.0,2016.0,1907.0,1926.0,108066308336,45801724,1373,1966.0,1910.0
1182,2024-12-30,1871.0,1905.0,1869.0,1871.0,70523969474,30775049,956,1926.0,1869.0
1183,2024-12-31,1829.0,1868.0,1816.0,1823.0,128774978944,57668655,1740,1871.0,1816.0
1184,2025-01-11,1926.0,1983.0,1926.0,1977.0,342137903310,171005271,2867,1823.0,1983.0
1185,2025-01-12,1999.0,2036.0,1919.0,2020.0,321503674380,157291993,2802,1977.0,2036.0
1186,2025-01-13,2062.0,2080.0,2027.0,2068.0,117062558082,55927199,1580,2020.0,2080.0
1187,2025-01-15,2112.0,2119.0,2007.0,2036.0,124017057023,60170431,1854,2068.0,2007.0
1188,2025-01-18,2026.0,2026.0,1976.0,2018.0,19490310544,9694650,338,2036.0,1976.0
1189,2025-01-19,1957.0,1957.0,1957.0,1990.0,22954861272,11587512,406,2018.0,1957.0
1190,2025-01-20,1931.0,1956.0,1931.0,1932.0,80935047891,41408015,943,1990.0,1931.0
1191,2025-01-21,1877.0,1931.0,1874.0,1876.0,112435830306,59215677,1570,1932.0,1874.0
1192,2025-01-22,1867.0,1912.0,1826.0,1872.0,134619159253,71057584,2405,1876.0,1847.0
1193,2025-01-25,1896.0,1896.0,1817.0,1824.0,168324184733,91188129,2937,1872.0,1817.0
1194,2025-01-26,1819.0,1866.0,1816.0,1848.0,87538513661,46801926,1405,1824.0,1848.0
1195,2025-01-27,1859.0,1877.0,1798.0,1824.0,56551245810,30626241,1271,1848.0,1805.0
1196,2025-01-29,1813.0,1878.0,1813.0,1857.0,110191667801,58632233,1486,1824.0,1878.0
1197,2025-02-01,1880.0,1896.0,1815.0,1843.0,64430598655,34539366,1100,1857.0,1826.0
1198,2025-02-02,1818.0,1892.0,1798.0,1848.0,33604919855,17944275,759,1843.0,1862.0
1199,2025-02-03,1848.0,1857.0,1792.0,1810.0,80422257916,43889615,1558,1848.0,1828.0
1200,2025-02-04,1803.0,1858.0,1803.0,1823.0,28579978959,15414464,620,1810.0,1817.0
1201,2025-02-05,1819.0,1862.0,1817.0,1829.0,31605117202,17052603,604,1823.0,1838.0
1202,2025-02-09,1780.0,1848.0,1775.0,1794.0,47535697351,26169366,1494,1829.0,1775.0
1203,2025-02-11,1745.0,1773.0,1741.0,1758.0,33461269850,18945854,501,1794.0,1741.0
1204,2025-02-15,1705.0,1705.0,1705.0,1748.0,8235272430,4771305,139,1758.0,1705.0
1205,2025-02-16,1696.0,1696.0,1696.0,1732.0,13086001500,7625875,188,1748.0,1696.0
1206,2025-02-17,1681.0,1731.0,1681.0,1686.0,73609083012,43157331,1242,1732.0,1681.0
1207,2025-02-18,1680.0,1736.0,1647.0,1696.0,41490650848,24178001,803,1686.0,1727.0
1208,2025-02-19,1729.0,1746.0,1706.0,1735.0,40896885611,23237712,791,1696.0,1723.0
1209,2025-02-22,1706.0,1748.0,1684.0,1689.0,45875727833,26846623,636,1735.0,1684.0
1210,2025-02-23,1665.0,1727.0,1665.0,1696.0,29698282400,17277927,729,1689.0,1719.0
1211,2025-02-24,1719.0,1746.0,1719.0,1724.0,25727264904,14568068,439,1696.0,1746.0
1212,2025-02-25,1769.0,1776.0,1729.0,1769.0,65625870682,36666957,876,1724.0,1742.0
1213,2025-02-26,1742.0,1759.0,1716.0,1719.0,56828645532,32667986,883,1769.0,1721.0
1214,2025-03-01,1681.0,1739.0,1680.0,1704.0,27338768618,15928892,606,1719.0,1686.0
1215,2025-03-02,1714.0,1755.0,1682.0,1747.0,50593933790,28621307,715,1704.0,1748.0
1216,2025-03-03,1695.0,1738.0,1695.0,1704.0,37877374796,22043883,481,1747.0,1695.0
1217,2025-03-04,1656.0,1739.0,1654.0,1669.0,43862679045,25968686,804,1704.0,1654.0
1218,2025-03-05,1680.0,1680.0,1619.0,1646.0,52392079532,31453537,809,1669.0,1650.0
1219,2025-03-08,1659.0,1667.0,1598.0,1625.0,19153588346,11818546,484,1646.0,1598.0
1220,2025-03-09,1577.0,1614.0,1577.0,1579.0,110827004222,69341895,1095,1625.0,1581.0
1221,2025-03-10,1543.0,1625.0,1537.0,1570.0,30506772690,19235145,616,1579.0,1563.0
1222,2025-03-11,1533.0,1561.0,1524.0,1527.0,41678448459,26984945,571,1570.0,1524.0
1223,2025-03-12,1495.0,1572.0,1488.0,1544.0,22443419959,14229551,475,1527.0,1564.0
1224,2025-03-15,1589.0,1590.0,1571.0,1567.0,20100476718,12496088,345,1544.0,1583.0
1225,2025-03-16,1573.0,1614.0,1562.0,1585.0,31954064267,19866590,401,1567.0,1596.0
1226,2025-03-17,1543.0,1609.0,1543.0,1584.0,20537207882,12824968,396,1585.0,1559.0
1227,2025-03-18,1536.0,1551.0,1536.0,1555.0,24113907128,15505204,353,1584.0,1536.0
1228,2025-03-25,1581.0,1601.0,1550.0,1567.0,15820540058,9858627,352,1555.0,1581.0
1229,2025-03-26,1611.0,1614.0,1533.0,1561.0,18545842962,11795245,639,1567.0,1552.0
1230,2025-03-29,1551.0,1573.0,1520.0,1548.0,16785766915,10824945,758,1561.0,1530.0
1231,2025-03-30,1571.0,1581.0,1530.0,1551.0,14710589050,9347311,384,1548.0,1578.0
1232,2025-04-05,1562.0,1581.0,1505.0,1541.0,26345338146,16944504,964,1551.0,1531.0
1233,2025-04-06,1512.0,1545.0,1508.0,1535.0,14017689405,9074766,532,1541.0,1532.0
1234,2025-04-07,1536.0,1536.0,1498.0,1523.0,17498657145,11470997,875,1535.0,1535.0
1235,2025-04-08,1533.0,1568.0,1533.0,1551.0,26409612640,16668073,421,1523.0,1568.0
1236,2025-04-09,1580.0,1580.0,1521.0,1543.0,24209994862,15552645,1186,1551.0,1530.0
1237,2025-04-12,1543.0,1577.0,1526.0,1541.0,15200460599,9766742,593,1543.0,1530.0
1238,2025-04-13,1587.0,1587.0,1586.0,1587.0,40798858017,25406482,375,1541.0,1587.0
1239,2025-04-14,1633.0,1634.0,1578.0,1602.0,45097143422,27813818,812,1587.0,1591.0
1240,2025-04-15,1594.0,1594.0,1554.0,1558.0,43747836289,27744262,1144,1602.0,1554.0
1241,2025-04-16,1516.0,1574.0,1512.0,1533.0,51594555264,33261906,1712,1558.0,1526.0
1242,2025-04-19,1534.0,1577.0,1534.0,1559.0,36591215385,23160116,713,1533.0,1567.0
1243,2025-04-20,1606.0,1606.0,1606.0,1606.0,63108142500,38835780,492,1559.0,1606.0
1244,2025-04-21,1653.0,1653.0,1594.0,1638.0,115560269460,69717602,1496,1606.0,1635.0
1245,2025-04-22,1638.0,1660.0,1612.0,1636.0,99669982902,60196578,1183,1638.0,1640.0
1246,2025-04-23,1661.0,1685.0,1602.0,1661.0,85408412130,50799670,1202,1636.0,1685.0
1247,2025-04-26,1710.0,1710.0,1662.0,1706.0,78038096668,45195054,815,1661.0,1710.0
1248,2025-04-27,1662.0,1738.0,1662.0,1702.0,58719226608,34072803,817,1706.0,1719.0
1249,2025-04-28,1745.0,1745.0,1699.0,1720.0,46384977742,26648509,554,1702.0,1737.0
1250,2025-04-29,1739.0,1772.0,1739.0,1763.0,39642209437,22152191,437,1720.0,1771.0
1251,2025-04-30,1810.0,1815.0,1776.0,1806.0,56155028507,30716942,764,1763.0,1815.0
1252,2025-05-03,1753.0,1771.0,1753.0,1753.0,63176046618,35610667,531,1806.0,1753.0
1253,2025-05-04,1720.0,1774.0,1719.0,1740.0,56339634047,31996075,773,1753.0,1739.0
1254,2025-05-05,1731.0,1790.0,1730.0,1757.0,60631525564,34097780,843,1740.0,1749.0
1255,2025-05-06,1778.0,1787.0,1729.0,1758.0,55401818625,31135989,615,1757.0,1764.0
1256,2025-05-07,1786.0,1810.0,1759.0,1794.0,65032057233,35810665,771,1758.0,1801.0
1257,2025-05-10,1780.0,1788.0,1741.0,1743.0,67988016490,38531323,696,1794.0,1743.0
1258,2025-05-11,1704.0,1749.0,1693.0,1718.0,29463556252,17061642,414,1743.0,1719.0
1259,2025-05-12,1770.0,1770.0,1758.0,1763.0,40335478120,22535081,502,1718.0,1770.0
1260,2025-05-13,1792.0,1806.0,1749.0,1772.0,46886946031,26148057,540,1763.0,1768.0
1261,2025-05-14,1772.0,1779.0,1729.0,1758.0,41348989065,23262532,719,1772.0,1769.0
1262,2025-05-17,1759.0,1767.0,1713.0,1741.0,55697898625,31605294,1223,1758.0,1751.0
1263,2025-05-18,1749.0,1767.0,1697.0,1738.0,19786704876,11270995,410,1741.0,1725.0
1264,2025-05-19,1712.0,1738.0,1691.0,1721.0,26245533803,15167692,536,1738.0,1700.0
1265,2025-05-20,1724.0,1727.0,1670.0,1688.0,34599204616,20350622,989,1721.0,1670.0
1266,2025-05-21,1637.0,1668.0,1637.0,1646.0,37183475047,22386264,574,1688.0,1637.0
1267,2025-05-24,1679.0,1680.0,1611.0,1641.0,25879066543,15610961,690,1646.0,1670.0
1268,2025-05-25,1675.0,1675.0,1602.0,1636.0,10101482458,6150822,253,1641.0,1611.0
1269,2025-05-26,1624.0,1685.0,1611.0,1639.0,13620859159,8179486,391,1636.0,1650.0
1270,2025-05-27,1670.0,1670.0,1611.0,1637.0,42615595603,25712464,610,1639.0,1643.0
1271,2025-05-28,1647.0,1674.0,1633.0,1639.0,24547917878,14780093,314,1637.0,1633.0
1272,2025-05-31,1674.0,1688.0,1639.0,1652.0,32750199786,19540787,442,1639.0,1639.0
1273,2025-06-01,1644.0,1669.0,1620.0,1646.0,16848408168,10165114,423,1652.0,1630.0
1274,2025-06-02,1659.0,1665.0,1631.0,1648.0,14731489356,8811473,334,1646.0,1649.0
1275,2025-06-03,1654.0,1654.0,1603.0,1636.0,16623426852,10151869,935,1648.0,1627.0
1276,2025-06-07,1601.0,1654.0,1588.0,1620.0,15192119603,9416427,784,1636.0,1588.0
1277,2025-06-08,1581.0,1630.0,1572.0,1607.0,15536472936,9687201,464,1620.0,1582.0
1278,2025-06-09,1581.0,1601.0,1559.0,1573.0,28588022428,18104641,355,1607.0,1559.0
1279,2025-06-10,1583.0,1609.0,1541.0,1575.0,10154125800,6353063,206,1573.0,1599.0
1280,2025-06-11,1581.0,1593.0,1544.0,1574.0,7428023153,4683342,185,1575.0,1567.0
1281,2025-06-28,1528.0,1528.0,1528.0,1550.0,19658036228,12715418,92,1574.0,1528.0
1282,2025-06-29,1504.0,1504.0,1504.0,1515.0,29326793980,19268590,129,1550.0,1504.0
1283,2025-06-30,1470.0,1470.0,1470.0,1515.0,408963408,274841,28,1515.0,1470.0
1284,2025-07-01,1470.0,1470.0,1470.0,1514.0,489958224,329273,25,1515.0,1470.0
1285,2025-07-02,1469.0,1527.0,1469.0,1476.0,168338366936,112674435,2266,1514.0,1485.0
1286,2025-07-07,1518.0,1518.0,1433.0,1450.0,35002675333,23882490,1489,1476.0,1433.0
1287,2025-07-08,1408.0,1408.0,1406.0,1427.0,19160332560,13463585,163,1450.0,1406.0
1288,2025-07-09,1384.0,1393.0,1384.0,1415.0,9897927245,7063274,167,1427.0,1384.0
1289,2025-07-12,1414.0,1450.0,1406.0,1417.0,13923365987,9683817,619,1415.0,1413.0
1290,2025-07-13,1430.0,1446.0,1387.0,1413.0,18906187272,13258077,965,1417.0,1436.0
1291,2025-07-14,1417.0,1440.0,1397.0,1410.0,24520663852,17205036,775,1413.0,1400.0
1292,2025-07-15,1383.0,1441.0,1373.0,1409.0,28375008772,19903575,524,1410.0,1428.0
1293,2025-07-21,1451.0,1451.0,1416.0,1418.0,17716122665,12410351,272,1409.0,1430.0
1294,2025-07-22,1422.0,1449.0,1406.0,1424.0,22406284196,15698612,506,1418.0,1443.0
1295,2025-07-23,1406.0,1439.0,1394.0,1424.0,20963432808,14723236,314,1424.0,1424.0
1296,2025-07-26,1400.0,1424.0,1390.0,1410.0,23429187473,16696411,548,1424.0,1394.0
1297,2025-07-27,1382.0,1408.0,1372.0,1400.0,12789921832,9245111,627,1410.0,1379.0
1298,2025-07-28,1368.0,1400.0,1358.0,1377.0,20727295420,15216622,201,1400.0,1358.0
1299,2025-07-29,1336.0,1336.0,1336.0,1372.0,3742667728,2801398,70,1377.0,1336.0
1300,2025-07-30,1331.0,1336.0,1331.0,1357.0,12245077191,9199506,167,1372.0,1331.0
