,date,open,high,low,adjClose,value,volume,count,yesterday,close
0,2020-03-14,10005.0,10005.0,10005.0,10005.0,514057520000,51405752,1274,10005.0,10005.0
1,2020-03-15,10005.0,10005.0,10005.0,10005.0,101262570000,10126257,632,10005.0,10005.0
2,2020-03-16,10005.0,10005.0,10005.0,10005.0,397490560000,39749056,1139,10005.0,10005.0
3,2020-04-21,10234.0,10285.0,10205.0,10244.0,10309640985,1006923,260,10005.0,10224.0
4,2020-04-22,10275.0,10275.0,10224.0,10262.0,210026026320,20477319,641,10244.0,10260.0
5,2020-04-25,10265.0,10285.0,10193.0,10259.0,6074460776,592406,290,10262.0,10278.0
6,2020-04-26,10267.0,10395.0,10255.0,10309.0,214782691717,20845297,638,10259.0,10295.0
7,2020-04-27,10383.0,10383.0,10307.0,10328.0,465023009792,45046358,1190,10309.0,10359.0
8,2020-04-28,10417.0,10425.0,10342.0,10343.0,420708010347,40693566,1024,10328.0,10405.0
9,2020-04-29,10605.0,10605.0,10340.0,10358.0,577957630195,55823810,1430,10343.0,10405.0
10,2020-05-02,10595.0,10595.0,10372.0,10381.0,784580917398,75615598,2259,10358.0,10382.0
11,2020-05-03,10455.0,10455.0,10346.0,10392.0,355009002009,34178406,1310,10381.0,10386.0
12,2020-05-04,10361.0,10424.0,10356.0,10371.0,639360370773,61681368,1494,10392.0,10370.0
13,2020-05-05,10254.0,10445.0,10254.0,10403.0,640426910094,61590247,1523,10371.0,10425.0
14,2020-05-06,10425.0,10455.0,10385.0,10413.0,59166957294,5684555,279,10403.0,10445.0
15,2020-05-09,10206.0,10445.0,10206.0,10404.0,13829141690,1329806,194,10413.0,10410.0
16,2020-05-10,10450.0,10506.0,10396.0,10426.0,21673239035,2079716,347,10404.0,10505.0
17,2020-05-11,10504.0,10886.0,10416.0,10586.0,4211459709,398036,179,10426.0,10704.0
18,2020-05-12,10607.0,10795.0,10466.0,10593.0,24352038333,2299978,231,10586.0,10515.0
19,2020-05-13,10515.0,10515.0,10416.0,10458.0,13644451136,1305309,116,10593.0,10488.0
20,2020-05-16,10555.0,10555.0,10467.0,10530.0,37298592268,3543886,221,10458.0,10534.0
21,2020-05-17,10695.0,10906.0,10530.0,10547.0,35675903860,3384236,245,10530.0,10584.0
22,2020-05-18,10664.0,10664.0,10536.0,10562.0,16493484105,1562348,146,10547.0,10536.0
23,2020-05-19,10589.0,10650.0,10535.0,10589.0,126717306848,11972592,432,10562.0,10589.0
24,2020-05-20,10650.0,10655.0,10566.0,10592.0,33444514514,3158995,151,10589.0,10587.0
25,2020-05-23,10593.0,10685.0,10545.0,10594.0,38790591599,3663453,118,10592.0,10625.0
26,2020-05-26,10703.0,10846.0,10586.0,10651.0,8627320182,810390,185,10594.0,10630.0
27,2020-05-27,10595.0,10705.0,10595.0,10614.0,26885855542,2534135,139,10651.0,10615.0
28,2020-05-30,10577.0,10625.0,10508.0,10558.0,72000115016,6822987,413,10614.0,10543.0
29,2020-05-31,10569.0,10569.0,10508.0,10516.0,43223530053,4112299,215,10558.0,10542.0
30,2020-06-01,10549.0,10595.0,10505.0,10522.0,51226530116,4870852,225,10516.0,10592.0
31,2020-06-02,10594.0,10594.0,10370.0,10503.0,23896819157,2276248,209,10522.0,10533.0
32,2020-06-06,10554.0,10591.0,10503.0,10568.0,52450808915,4965324,294,10503.0,10574.0
33,2020-06-07,10611.0,10611.0,10534.0,10596.0,61139982135,5772924,299,10568.0,10599.0
34,2020-06-08,10615.0,10625.0,10599.0,10607.0,3146952890,296827,121,10596.0,10623.0
35,2020-06-09,10408.0,10625.0,10408.0,10609.0,54508351500,5140394,206,10607.0,10611.0
36,2020-06-10,10625.0,10645.0,10611.0,10621.0,22032320410,2075436,140,10609.0,10645.0
37,2020-06-13,10615.0,10665.0,10565.0,10635.0,11400770830,1072716,146,10621.0,10665.0
38,2020-06-14,10665.0,10695.0,10645.0,10665.0,18189296170,1706039,147,10635.0,10655.0
39,2020-06-15,10675.0,10755.0,10575.0,10655.0,27115093840,2546826,189,10665.0,10705.0
40,2020-06-16,10745.0,10755.0,10655.0,10735.0,43914093410,4092219,189,10655.0,10715.0
41,2020-06-20,8004.0,10755.0,10505.0,10705.0,45939419230,4292525,178,10735.0,10715.0
42,2020-06-21,10715.0,10745.0,10715.0,10715.0,80480662350,7514195,259,10705.0,10725.0
43,2020-06-22,10755.0,10775.0,10715.0,10745.0,21858111090,2035063,164,10715.0,10755.0
44,2020-06-23,10785.0,11006.0,10755.0,10775.0,24300590110,2256950,200,10745.0,11006.0
45,2020-06-24,10826.0,10876.0,10775.0,10785.0,22560338240,2093657,124,10775.0,10856.0
46,2020-06-27,10806.0,10836.0,10795.0,10795.0,74805318890,6932684,207,10785.0,10806.0
47,2020-06-28,10826.0,10826.0,10795.0,10795.0,8422823200,780561,66,10795.0,10795.0
48,2020-06-29,10806.0,10846.0,10795.0,10795.0,45098492540,4179341,184,10795.0,10806.0
49,2020-06-30,10795.0,10846.0,10795.0,10806.0,6837871990,633179,134,10795.0,10826.0
50,2020-07-01,10856.0,10856.0,10795.0,10826.0,1487140590,137489,93,10806.0,10806.0
51,2020-07-04,10846.0,10916.0,10795.0,10795.0,111361756090,10320139,309,10826.0,10806.0
52,2020-07-05,10856.0,10856.0,10795.0,10806.0,3974077160,368030,104,10795.0,10816.0
53,2020-07-06,10906.0,10906.0,10795.0,10816.0,5544363500,512894,163,10806.0,10836.0
54,2020-07-07,10896.0,10896.0,10795.0,10795.0,102986454200,9543849,313,10816.0,10795.0
55,2020-07-08,10846.0,10846.0,10305.0,10775.0,224963710230,20897051,500,10795.0,10755.0
56,2020-07-11,10705.0,10755.0,10685.0,10705.0,56699669340,5298762,170,10775.0,10705.0
57,2020-07-12,10806.0,10806.0,10705.0,10715.0,41919016440,3914137,170,10705.0,10725.0
58,2020-07-13,10725.0,10775.0,10715.0,10755.0,2333558860,217091,90,10715.0,10745.0
59,2020-07-14,10795.0,10795.0,10725.0,10745.0,23250488550,2164881,122,10755.0,10725.0
60,2020-07-15,10725.0,10725.0,10685.0,10685.0,5109134150,478181,72,10745.0,10685.0
61,2020-07-18,10685.0,10755.0,10685.0,10705.0,1631740270,152453,66,10685.0,10715.0
62,2020-07-19,10816.0,10816.0,10725.0,10745.0,1091862440,101620,70,10705.0,10725.0
63,2020-07-20,10745.0,10816.0,10745.0,10775.0,3621861320,336229,86,10745.0,10795.0
64,2020-07-21,10806.0,10806.0,10755.0,10755.0,180126070240,16752791,400,10775.0,10755.0
65,2020-07-22,10816.0,10816.0,10755.0,10806.0,1150352120,106562,53,10755.0,10795.0
66,2020-07-25,10806.0,10816.0,10765.0,10775.0,9924423100,921260,90,10806.0,10795.0
67,2020-07-26,10795.0,10816.0,10755.0,10775.0,1367070130,126909,51,10775.0,10785.0
68,2020-07-27,10785.0,10795.0,10705.0,10755.0,197351800650,18358967,422,10775.0,10755.0
69,2020-07-28,10806.0,10806.0,10755.0,10775.0,35203301610,3268600,108,10755.0,10806.0
70,2020-07-29,10806.0,10806.0,10775.0,10775.0,4311691570,400259,63,10775.0,10775.0
71,2020-08-01,10775.0,10806.0,10775.0,10785.0,36120648620,3350684,128,10775.0,10785.0
72,2020-08-02,10806.0,10816.0,10806.0,10806.0,8674873450,803169,92,10785.0,10806.0
73,2020-08-03,10785.0,10816.0,10785.0,10806.0,2841338890,263117,70,10806.0,10806.0
74,2020-08-04,10785.0,10816.0,10785.0,10806.0,1027682100,95154,41,10806.0,10806.0
75,2020-08-05,10795.0,10826.0,10785.0,10806.0,24189757530,2239678,102,10806.0,10816.0
76,2020-08-09,10806.0,10916.0,10806.0,10836.0,31724889320,2929344,123,10806.0,10896.0
77,2020-08-10,10856.0,10956.0,10856.0,10916.0,1042895220,95572,79,10836.0,10946.0
78,2020-08-11,10946.0,10986.0,10856.0,10896.0,13087627900,1201437,80,10916.0,10896.0
79,2020-08-12,10846.0,10936.0,10846.0,10846.0,41967865930,3869909,116,10896.0,10936.0
80,2020-08-15,10856.0,10986.0,10856.0,10926.0,2016814280,184689,55,10846.0,10906.0
81,2020-08-16,10856.0,10876.0,10846.0,10846.0,5850729240,539619,42,10926.0,10856.0
82,2020-08-17,10846.0,10936.0,10846.0,10856.0,4531497180,417602,28,10846.0,10846.0
83,2020-08-18,10846.0,10906.0,10846.0,10846.0,82224400,7582,15,10856.0,10906.0
84,2020-08-19,10846.0,10996.0,10846.0,10906.0,636582930,58400,38,10846.0,10996.0
85,2020-08-22,10856.0,11006.0,10856.0,10966.0,1044536010,95343,58,10906.0,10976.0
86,2020-08-23,11006.0,11006.0,10856.0,10896.0,646422550,59378,44,10966.0,10916.0
87,2020-08-24,10976.0,10996.0,10856.0,10866.0,12496517530,1150351,76,10896.0,10856.0
88,2020-08-25,10946.0,10946.0,10856.0,10886.0,219089147060,20138929,400,10866.0,10916.0
89,2020-08-26,10926.0,10996.0,10856.0,10906.0,3143590341120,288403025,5962,10886.0,10906.0
90,2020-08-31,11006.0,11006.0,10886.0,10916.0,1318047309250,120808557,2547,10906.0,10916.0
91,2020-09-01,10916.0,10996.0,10906.0,10926.0,4221020153750,386540482,7851,10916.0,10926.0
92,2020-09-02,10926.0,10926.0,10906.0,10926.0,966180471000,88478361,1873,10926.0,10926.0
93,2020-09-05,10946.0,10996.0,10946.0,10956.0,127392834900,11631940,352,10926.0,10956.0
94,2020-09-06,10986.0,10986.0,10966.0,10986.0,35876226130,3268899,200,10956.0,10986.0
95,2020-09-07,10996.0,10996.0,10966.0,10986.0,504042611550,45905857,1024,10986.0,10976.0
96,2020-09-08,10976.0,10976.0,10936.0,10946.0,144450641190,13200655,344,10986.0,10936.0
97,2020-09-09,10946.0,10986.0,10946.0,10976.0,61438643890,5602473,222,10946.0,10946.0
98,2020-09-12,10946.0,10976.0,10946.0,10966.0,54771239850,4995258,189,10976.0,10976.0
99,2020-09-13,10966.0,10986.0,10966.0,10966.0,541006092210,49359710,1045,10966.0,10986.0
100,2020-09-14,11006.0,11076.0,11006.0,11016.0,99776459820,9064206,261,10966.0,11016.0
101,2020-09-15,11036.0,11056.0,11036.0,11036.0,102770237950,9316158,289,11016.0,11056.0
102,2020-09-16,11066.0,11066.0,11026.0,11026.0,57082955320,5178152,184,11036.0,11046.0
103,2020-09-19,11036.0,11096.0,11036.0,11066.0,1160847180410,104913773,2200,11026.0,11066.0
104,2020-09-20,11066.0,11096.0,11066.0,11086.0,1135837330790,102516867,2117,11066.0,11086.0
105,2020-09-21,11066.0,11096.0,11066.0,11096.0,92254668270,8321720,252,11086.0,11096.0
106,2020-09-22,11076.0,11176.0,11066.0,11086.0,15252751230,1376631,95,11096.0,11106.0
107,2020-09-23,11186.0,11186.0,11076.0,11096.0,13888036830,1252377,99,11086.0,11096.0
108,2020-09-26,11096.0,11166.0,11086.0,11096.0,486499354290,43849460,773,11096.0,11126.0
109,2020-09-27,11156.0,11156.0,11086.0,11086.0,346389569620,31260658,501,11096.0,11086.0
110,2020-09-28,11106.0,11106.0,11096.0,11096.0,64621802450,5825834,173,11086.0,11106.0
111,2020-09-29,11086.0,11086.0,11046.0,11066.0,43137443420,3898620,156,11096.0,11066.0
112,2020-09-30,11056.0,11096.0,11056.0,11086.0,84201514360,7597612,194,11066.0,11086.0
113,2020-10-03,11086.0,11126.0,11086.0,11096.0,41877942750,3775873,150,11086.0,11116.0
114,2020-10-04,11096.0,11106.0,11076.0,11096.0,61857343540,5577806,172,11096.0,11096.0
115,2020-10-05,11076.0,11096.0,11066.0,11096.0,72859465830,6572730,203,11096.0,11086.0
116,2020-10-06,11106.0,11126.0,11086.0,11116.0,499891217240,44994516,786,11096.0,11116.0
117,2020-10-07,11116.0,11136.0,11106.0,11116.0,66198004050,5960960,199,11116.0,11116.0
118,2020-10-10,11146.0,11146.0,11126.0,11126.0,39924139170,3589025,136,11116.0,11146.0
119,2020-10-11,11136.0,11146.0,11126.0,11126.0,451384350890,40590679,900,11126.0,11126.0
120,2020-10-12,11136.0,11166.0,11136.0,11136.0,754445263310,67782972,1429,11126.0,11146.0
121,2020-10-13,11156.0,11166.0,11136.0,11136.0,804446460100,72271512,1245,11136.0,11166.0
122,2020-10-14,11166.0,11176.0,11146.0,11156.0,29276841560,2625875,128,11136.0,11156.0
123,2020-10-18,11156.0,11186.0,11156.0,11166.0,61278002610,5488554,193,11156.0,11176.0
124,2020-10-19,11166.0,11186.0,11166.0,11176.0,35612231550,3189552,151,11166.0,11176.0
125,2020-10-20,11196.0,11196.0,11166.0,11166.0,336046921320,30110093,671,11176.0,11176.0
126,2020-10-21,11166.0,11196.0,11166.0,11186.0,41730659800,3731380,136,11166.0,11196.0
127,2020-10-24,11196.0,11196.0,11176.0,11196.0,70433012690,6296119,205,11186.0,11196.0
128,2020-10-26,11196.0,11196.0,11176.0,11186.0,7536639630,674202,67,11196.0,11186.0
129,2020-10-27,11186.0,11196.0,11176.0,11196.0,45550903900,4071839,129,11186.0,11196.0
130,2020-10-28,11186.0,11196.0,11176.0,11176.0,113659428440,10172754,269,11196.0,11176.0
131,2020-10-31,11181.0,11205.0,11181.0,11192.0,21355595213,1909158,111,11176.0,11181.0
132,2020-11-01,11206.0,11206.0,11184.0,11184.0,184974162881,16547827,383,11192.0,11184.0
133,2020-11-02,11187.0,11206.0,11186.0,11194.0,10645725991,951562,59,11184.0,11206.0
134,2020-11-04,11204.0,11204.0,11188.0,11188.0,44582553154,3986981,132,11194.0,11188.0
135,2020-11-07,11190.0,11195.0,11190.0,11190.0,97389697852,8707881,224,11188.0,11190.0
136,2020-11-08,11205.0,11205.0,11192.0,11192.0,238990293491,21365016,473,11190.0,11196.0
137,2020-11-09,11192.0,11206.0,11192.0,11193.0,163085571106,14577760,250,11192.0,11206.0
138,2020-11-10,11206.0,11206.0,11192.0,11194.0,266867734413,23853735,536,11193.0,11205.0
139,2020-11-11,11206.0,11206.0,11194.0,11206.0,35762886642,3193213,123,11194.0,11206.0
140,2020-11-14,11206.0,11245.0,11197.0,11215.0,51965845942,4636211,192,11206.0,11227.0
141,2020-11-15,11236.0,11253.0,11236.0,11245.0,50038339290,4452362,161,11215.0,11239.0
142,2020-11-16,11246.0,11266.0,11246.0,11255.0,56570150032,5028964,187,11245.0,11246.0
143,2020-11-17,11266.0,11286.0,11266.0,11267.0,97919647507,8695645,260,11255.0,11266.0
144,2020-11-18,11287.0,11325.0,11287.0,11302.0,172023114178,15228067,398,11267.0,11315.0
145,2020-11-21,11317.0,11346.0,11296.0,11311.0,51391273969,4545893,203,11302.0,11296.0
146,2020-11-22,11307.0,11346.0,11307.0,11329.0,476043643722,42042554,929,11311.0,11346.0
147,2020-11-23,11346.0,11356.0,11322.0,11332.0,41917125062,3701124,145,11329.0,11339.0
148,2020-11-24,11346.0,11385.0,11346.0,11364.0,187216963562,16482764,449,11332.0,11352.0
149,2020-11-25,11356.0,11396.0,11351.0,11378.0,41394328433,3640029,152,11364.0,11396.0
150,2020-11-28,11397.0,11426.0,11397.0,11415.0,72691904524,6371424,217,11378.0,11416.0
151,2020-11-29,11431.0,11461.0,11417.0,11438.0,118950661145,10405149,340,11415.0,11461.0
152,2020-11-30,11466.0,11476.0,11436.0,11457.0,550238553021,48051632,1129,11438.0,11475.0
153,2020-12-01,11475.0,11475.0,11446.0,11460.0,308206471472,26907375,685,11457.0,11446.0
154,2020-12-02,11459.0,11493.0,11459.0,11464.0,72746755734,6348724,227,11460.0,11491.0
155,2020-12-05,11506.0,11547.0,11499.0,11522.0,103966265355,9027763,278,11464.0,11527.0
156,2020-12-06,11507.0,11546.0,11507.0,11541.0,83936689343,7277005,302,11522.0,11541.0
157,2020-12-07,11555.0,11556.0,11534.0,11537.0,81695895924,7084839,313,11541.0,11534.0
158,2020-12-08,11541.0,11560.0,11540.0,11557.0,156995077480,13591582,406,11537.0,11560.0
159,2020-12-09,11560.0,11566.0,11542.0,11565.0,83241270631,7201545,268,11557.0,11566.0
160,2020-12-12,11571.0,11586.0,11560.0,11566.0,103864366268,8984919,352,11565.0,11580.0
161,2020-12-13,11569.0,11576.0,11566.0,11566.0,74525739145,6446593,220,11566.0,11569.0
162,2020-12-14,11586.0,11592.0,11573.0,11588.0,42183776602,3642061,184,11566.0,11592.0
163,2020-12-15,11580.0,11592.0,11579.0,11582.0,85122025152,7353005,252,11588.0,11579.0
164,2020-12-16,11586.0,11604.0,11585.0,11589.0,30834794568,2662059,172,11582.0,11596.0
165,2020-12-19,11623.0,11624.0,11604.0,11620.0,156798450746,13500940,490,11589.0,11624.0
166,2020-12-20,11631.0,11631.0,11622.0,11628.0,59840568637,5148735,306,11620.0,11622.0
167,2020-12-21,11626.0,11637.0,11622.0,11637.0,78046749158,6710363,308,11628.0,11637.0
168,2020-12-22,11643.0,11643.0,11623.0,11636.0,148583291783,12775556,489,11637.0,11636.0
169,2020-12-23,11637.0,11649.0,11630.0,11633.0,133709692734,11500001,400,11636.0,11633.0
170,2020-12-26,11667.0,11667.0,11649.0,11652.0,15697274156,1347915,182,11633.0,11664.0
171,2020-12-27,11669.0,11669.0,11655.0,11656.0,34502295732,2961534,241,11652.0,11656.0
172,2020-12-28,11662.0,11677.0,11662.0,11663.0,29561812992,2535913,174,11656.0,11663.0
173,2020-12-29,11678.0,11678.0,11668.0,11672.0,19636319485,1683268,216,11663.0,11675.0
174,2020-12-30,11676.0,11694.0,11676.0,11694.0,87172354968,7458402,337,11672.0,11694.0
175,2021-01-02,11706.0,11714.0,11687.0,11713.0,182893975287,15622024,541,11694.0,11714.0
176,2021-01-03,11719.0,11720.0,11719.0,11720.0,398509179269,34019984,1035,11713.0,11719.0
177,2021-01-04,11726.0,11726.0,11706.0,11715.0,65326363478,5578966,420,11720.0,11708.0
178,2021-01-05,11731.0,11731.0,11713.0,11716.0,134848176490,11515946,426,11715.0,11715.0
179,2021-01-06,11720.0,11739.0,11720.0,11726.0,70440366576,6010519,358,11716.0,11726.0
180,2021-01-09,11756.0,11756.0,11738.0,11741.0,95578856840,8144800,475,11726.0,11754.0
181,2021-01-10,11765.0,11765.0,11745.0,11751.0,208921910846,17788015,698,11741.0,11746.0
182,2021-01-11,11761.0,11771.0,11751.0,11758.0,114450237593,9738396,507,11751.0,11767.0
183,2021-01-12,11775.0,11778.0,11760.0,11776.0,119761748057,10175329,568,11758.0,11778.0
184,2021-01-13,11781.0,11784.0,11764.0,11783.0,377753477421,32075383,1027,11776.0,11784.0
185,2021-01-16,11787.0,11804.0,11784.0,11798.0,430713012937,36525058,1208,11783.0,11796.0
186,2021-01-18,11805.0,11806.0,11801.0,11806.0,438422355525,37155469,1148,11798.0,11806.0
187,2021-01-19,11806.0,11806.0,11787.0,11793.0,224189260266,19020675,791,11806.0,11801.0
188,2021-01-20,11790.0,11806.0,11788.0,11793.0,115211852129,9774092,565,11793.0,11791.0
189,2021-01-23,11803.0,11810.0,11792.0,11798.0,102597450128,8700641,520,11793.0,11797.0
190,2021-01-24,11793.0,11812.0,11792.0,11807.0,151925690326,12874173,585,11798.0,11806.0
191,2021-01-25,11812.0,11816.0,11793.0,11809.0,329762893340,27938733,832,11807.0,11813.0
192,2021-01-26,11814.0,11814.0,11804.0,11812.0,156950827322,13293767,512,11809.0,11805.0
193,2021-01-27,11810.0,11815.0,11795.0,11810.0,137135401604,11617655,502,11812.0,11815.0
194,2021-01-30,11806.0,11812.0,11801.0,11802.0,215643202175,18281587,697,11810.0,11802.0
195,2021-01-31,11807.0,11827.0,11807.0,11817.0,116105416256,9830180,410,11802.0,11825.0
196,2021-02-01,11831.0,11833.0,11813.0,11821.0,91042462180,7705864,434,11817.0,11815.0
197,2021-02-02,11821.0,11832.0,11819.0,11823.0,102458290501,8670506,381,11821.0,11831.0
198,2021-02-03,11845.0,11845.0,11826.0,11844.0,224014833531,18923749,621,11823.0,11844.0
199,2021-02-06,11862.0,11862.0,11842.0,11843.0,211770745163,17890705,636,11844.0,11848.0
200,2021-02-07,11849.0,11868.0,11848.0,11858.0,62891031847,5306427,325,11843.0,11868.0
201,2021-02-08,11856.0,11871.0,11854.0,11856.0,39782064475,3357055,245,11858.0,11856.0
202,2021-02-09,11862.0,11873.0,11860.0,11860.0,223627937336,18864657,613,11856.0,11864.0
203,2021-02-13,11883.0,11896.0,11883.0,11884.0,193669884412,16304787,620,11860.0,11895.0
204,2021-02-14,11889.0,11908.0,11889.0,11891.0,81562234234,6862603,345,11884.0,11896.0
205,2021-02-15,11905.0,11907.0,11895.0,11895.0,174422507112,14670387,539,11891.0,11907.0
206,2021-02-16,11908.0,11920.0,11901.0,11905.0,44219789513,3716167,336,11895.0,11919.0
207,2021-02-17,11926.0,11927.0,11907.0,11915.0,41168123019,3456797,302,11905.0,11926.0
208,2021-02-20,11924.0,11940.0,11924.0,11926.0,62635091494,5254836,399,11915.0,11926.0
209,2021-02-21,11932.0,11950.0,11930.0,11939.0,49325197050,4133516,376,11926.0,11945.0
210,2021-02-22,11953.0,11953.0,11936.0,11942.0,35360523146,2962462,354,11939.0,11948.0
211,2021-02-23,11943.0,11953.0,11942.0,11944.0,30434343105,2549269,410,11942.0,11945.0
212,2021-02-24,11948.0,11957.0,11948.0,11949.0,93330153555,7814609,483,11944.0,11948.0
213,2021-02-27,11966.0,11986.0,11966.0,11972.0,138484200267,11572949,489,11949.0,11986.0
214,2021-02-28,11991.0,11992.0,11978.0,11991.0,63101313736,5265094,410,11972.0,11992.0
215,2021-03-01,11996.0,11997.0,11988.0,11994.0,20274403127,1691277,332,11991.0,11990.0
216,2021-03-02,12000.0,12003.0,11983.0,11987.0,106326977952,8874570,528,11994.0,12000.0
217,2021-03-03,12006.0,12009.0,11989.0,11999.0,74998030082,6253446,473,11987.0,12009.0
218,2021-03-06,12008.0,12027.0,12007.0,12017.0,81218649332,6762008,635,11999.0,12027.0
219,2021-03-07,12031.0,12031.0,12013.0,12016.0,37742248753,3142543,547,12017.0,12015.0
220,2021-03-08,12016.0,12026.0,12016.0,12016.0,1007103601727,83853353,1367,12016.0,12023.0
221,2021-03-09,12026.0,12031.0,12025.0,12025.0,217175722129,18069191,800,12016.0,12029.0
222,2021-03-10,12039.0,12042.0,12031.0,12033.0,89698104245,7458029,561,12025.0,12042.0
223,2021-03-13,12048.0,12061.0,12048.0,12049.0,133376213697,11075039,596,12033.0,12056.0
224,2021-03-14,12056.0,12061.0,12054.0,12055.0,73092823048,6066111,439,12049.0,12061.0
225,2021-03-15,12061.0,12079.0,12060.0,12068.0,60766269012,5037961,390,12055.0,12075.0
226,2021-03-16,12084.0,12084.0,12066.0,12068.0,42860308293,3553342,359,12068.0,12068.0
227,2021-03-17,12074.0,12092.0,12072.0,12088.0,210419731305,17415358,727,12068.0,12092.0
228,2021-03-27,12142.0,12161.0,12141.0,12148.0,75140002732,6188221,450,12088.0,12160.0
229,2021-03-28,12166.0,12167.0,12148.0,12156.0,46020456794,3787669,384,12148.0,12167.0
230,2021-03-30,12163.0,12179.0,12160.0,12174.0,34519314843,2836861,278,12156.0,12177.0
231,2021-03-31,12170.0,12185.0,12166.0,12179.0,71586681812,5880817,437,12174.0,12182.0
232,2021-04-03,12197.0,12197.0,12183.0,12184.0,88161923648,7239497,375,12179.0,12196.0
233,2021-04-04,12208.0,12208.0,12189.0,12196.0,80682973838,6618923,522,12184.0,12191.0
234,2021-04-05,12208.0,12215.0,12196.0,12211.0,103605801596,8489062,423,12196.0,12208.0
235,2021-04-06,12217.0,12217.0,12201.0,12202.0,214672269118,17601877,697,12211.0,12202.0
236,2021-04-07,12218.0,12218.0,12207.0,12208.0,38116056375,3123686,250,12202.0,12211.0
237,2021-04-10,12226.0,12241.0,12225.0,12228.0,36350187162,2974200,360,12208.0,12237.0
238,2021-04-11,12244.0,12251.0,12236.0,12248.0,49525261336,4045391,297,12228.0,12251.0
239,2021-04-12,12246.0,12257.0,12242.0,12251.0,24014176837,1961090,228,12248.0,12257.0
240,2021-04-13,12251.0,12263.0,12243.0,12257.0,65591562801,5353847,455,12251.0,12258.0
241,2021-04-14,12266.0,12269.0,12249.0,12254.0,31253688741,2551647,380,12257.0,12255.0
242,2021-04-17,12269.0,12278.0,12269.0,12273.0,47365568764,3861108,355,12254.0,12278.0
243,2021-04-18,12277.0,12294.0,12275.0,12288.0,28851684289,2349113,249,12273.0,12292.0
244,2021-04-19,12291.0,12300.0,12291.0,12298.0,29568695259,2405570,256,12288.0,12293.0
245,2021-04-20,12289.0,12304.0,12289.0,12298.0,16301107992,1326175,271,12298.0,12301.0
246,2021-04-21,12303.0,12312.0,12297.0,12311.0,153273473273,12456095,527,12298.0,12311.0
247,2021-04-24,12313.0,12329.0,12310.0,12313.0,170900655518,13886856,578,12311.0,12314.0
248,2021-04-25,12326.0,12338.0,12316.0,12333.0,30126683698,2443940,313,12313.0,12338.0
249,2021-04-26,12340.0,12341.0,12311.0,12332.0,33269136998,2699193,342,12333.0,12324.0
250,2021-04-27,12324.0,12330.0,12313.0,12314.0,73945619761,6008005,494,12332.0,12327.0
251,2021-04-28,12317.0,12336.0,12316.0,12319.0,23504460428,1908990,295,12314.0,12328.0
252,2021-05-01,12338.0,12358.0,12327.0,12352.0,46631318649,3776931,424,12319.0,12350.0
253,2021-05-02,12355.0,12362.0,12351.0,12361.0,34455204257,2788867,231,12352.0,12356.0
254,2021-05-03,12363.0,12364.0,12348.0,12357.0,16343277270,1323204,194,12361.0,12355.0
255,2021-05-05,12355.0,12372.0,12346.0,12367.0,90357354204,7309997,355,12357.0,12355.0
256,2021-05-08,12350.0,12376.0,12350.0,12350.0,653713553241,52957176,1390,12367.0,12353.0
257,2021-05-09,12356.0,12361.0,12354.0,12356.0,29462981114,2385603,294,12350.0,12356.0
258,2021-05-10,12356.0,12363.0,12355.0,12356.0,32500303489,2631627,313,12356.0,12358.0
259,2021-05-11,12374.0,12374.0,12355.0,12357.0,26480592085,2143954,340,12356.0,12355.0
260,2021-05-12,12356.0,12371.0,12356.0,12359.0,33988770404,2751497,423,12357.0,12371.0
261,2021-05-15,12371.0,12371.0,12359.0,12361.0,34918554085,2826288,266,12359.0,12363.0
262,2021-05-16,12361.0,12363.0,12360.0,12361.0,33034418142,2673803,243,12361.0,12360.0
263,2021-05-17,12361.0,12363.0,12361.0,12361.0,127582853882,10326342,381,12361.0,12362.0
264,2021-05-18,12362.0,12366.0,12362.0,12362.0,83979676234,6796516,326,12361.0,12364.0
265,2021-05-19,12364.0,12379.0,12363.0,12364.0,21693328756,1755338,264,12362.0,12365.0
266,2021-05-22,12385.0,12389.0,12367.0,12374.0,38160101547,3085463,413,12364.0,12373.0
267,2021-05-23,12396.0,12396.0,12367.0,12376.0,28512494294,2304996,463,12374.0,12367.0
268,2021-05-24,12375.0,12377.0,12368.0,12369.0,36609131796,2961220,470,12376.0,12368.0
269,2021-05-25,12369.0,12377.0,12369.0,12373.0,63661626118,5147570,575,12369.0,12375.0
270,2021-05-26,12379.0,12385.0,12379.0,12380.0,36561900928,2954785,536,12373.0,12380.0
271,2021-05-29,12396.0,12405.0,12387.0,12388.0,35095156441,2834368,535,12380.0,12387.0
272,2021-05-30,12393.0,12406.0,12393.0,12393.0,87698323009,7079589,488,12388.0,12397.0
273,2021-05-31,12398.0,12425.0,12398.0,12400.0,44378173379,3580645,376,12393.0,12412.0
274,2021-06-01,12428.0,12435.0,12404.0,12407.0,18317360060,1477068,314,12400.0,12405.0
275,2021-06-02,12421.0,12421.0,12411.0,12416.0,87067290991,7015858,450,12407.0,12420.0
276,2021-06-07,12455.0,12455.0,12439.0,12440.0,52915830218,4255722,425,12416.0,12440.0
277,2021-06-08,12446.0,12450.0,12445.0,12445.0,67558326650,5430958,464,12440.0,12447.0
278,2021-06-09,12451.0,12479.0,12450.0,12455.0,45891626264,3686361,373,12445.0,12456.0
279,2021-06-12,12468.0,12479.0,12468.0,12471.0,25026322238,2007685,309,12455.0,12477.0
280,2021-06-13,12488.0,12505.0,12474.0,12482.0,176844359689,14174914,616,12471.0,12494.0
281,2021-06-14,12494.0,12502.0,12494.0,12499.0,25272737848,2022939,374,12482.0,12499.0
282,2021-06-15,12499.0,12516.0,12485.0,12486.0,114973211007,9212764,580,12499.0,12487.0
283,2021-06-16,12491.0,12496.0,12491.0,12492.0,55566050899,4450337,391,12486.0,12494.0
284,2021-06-19,12509.0,12538.0,12509.0,12511.0,35933243297,2873453,347,12492.0,12509.0
285,2021-06-20,12514.0,12526.0,12514.0,12518.0,50024269131,3998094,340,12511.0,12515.0
286,2021-06-21,12530.0,12539.0,12520.0,12521.0,74178717702,5927395,369,12518.0,12522.0
287,2021-06-22,12526.0,12539.0,12526.0,12529.0,41763305645,3334981,364,12521.0,12527.0
288,2021-06-23,12532.0,12541.0,12532.0,12534.0,64411292832,5141393,380,12529.0,12539.0
289,2021-06-26,12549.0,12572.0,12549.0,12552.0,88819273648,7079386,550,12534.0,12549.0
290,2021-06-27,12556.0,12564.0,12555.0,12561.0,265487410433,21146552,727,12552.0,12559.0
291,2021-06-28,12561.0,12570.0,12561.0,12565.0,17845271048,1420862,286,12561.0,12567.0
292,2021-06-29,12579.0,12579.0,12567.0,12567.0,89315618697,7110351,433,12565.0,12567.0
293,2021-06-30,12575.0,12580.0,12573.0,12574.0,24527254817,1951519,322,12567.0,12574.0
294,2021-07-03,12592.0,12602.0,12592.0,12594.0,40299763867,3201506,371,12574.0,12599.0
295,2021-07-04,12599.0,12612.0,12598.0,12601.0,42405532321,3366933,368,12594.0,12612.0
296,2021-07-05,12612.0,12616.0,12605.0,12609.0,27732038079,2200463,355,12601.0,12613.0
297,2021-07-06,12610.0,12620.0,12610.0,12612.0,25047053089,1986975,333,12609.0,12616.0
298,2021-07-07,12624.0,12627.0,12617.0,12618.0,73740302996,5846716,399,12612.0,12621.0
299,2021-07-10,12636.0,12637.0,12635.0,12635.0,48800435962,3864084,359,12618.0,12635.0
300,2021-07-11,12644.0,12659.0,12643.0,12651.0,18834125294,1489509,327,12635.0,12654.0
301,2021-07-12,12663.0,12676.0,12648.0,12654.0,23735346139,1876638,410,12651.0,12664.0
302,2021-07-13,12675.0,12675.0,12654.0,12654.0,70352861528,5562219,428,12654.0,12659.0
303,2021-07-14,12663.0,12681.0,12660.0,12668.0,30650585714,2420686,366,12654.0,12678.0
304,2021-07-17,12680.0,12689.0,12680.0,12681.0,68922560573,5437819,448,12668.0,12680.0
305,2021-07-18,12696.0,12698.0,12686.0,12686.0,90623727635,7146705,374,12681.0,12687.0
306,2021-07-19,12693.0,12701.0,12692.0,12694.0,19499088056,1536828,304,12686.0,12695.0
307,2021-07-26,12739.0,12744.0,12739.0,12740.0,52794609868,4146047,398,12694.0,12743.0
308,2021-07-27,12777.0,12777.0,12745.0,12748.0,41864311984,3285646,358,12740.0,12746.0
309,2021-07-28,12756.0,12760.0,12752.0,12753.0,97671269750,7662460,427,12748.0,12752.0
310,2021-07-31,12773.0,12784.0,12773.0,12775.0,46607561808,3650211,372,12753.0,12783.0
311,2021-08-01,12785.0,12801.0,12779.0,12780.0,51728751705,4049870,356,12775.0,12779.0
312,2021-08-02,12786.0,12794.0,12786.0,12788.0,18684189344,1461882,254,12780.0,12791.0
313,2021-08-03,12820.0,12820.0,12793.0,12794.0,25219489242,1972249,240,12788.0,12801.0
314,2021-08-04,12824.0,12824.0,12800.0,12801.0,91576199385,7157823,487,12794.0,12807.0
315,2021-08-07,12822.0,12854.0,12821.0,12822.0,87939910703,6862221,441,12801.0,12822.0
316,2021-08-08,12831.0,12841.0,12828.0,12828.0,243363338742,18981190,637,12822.0,12837.0
317,2021-08-09,12837.0,12850.0,12835.0,12839.0,24615697948,1918303,316,12828.0,12846.0
318,2021-08-10,12847.0,12856.0,12842.0,12844.0,53440464840,4162907,428,12839.0,12849.0
319,2021-08-11,12867.0,12867.0,12849.0,12854.0,45698573896,3557154,431,12844.0,12855.0
320,2021-08-14,12871.0,12890.0,12870.0,12881.0,54935891326,4267304,394,12854.0,12890.0
321,2021-08-15,12890.0,12912.0,12890.0,12912.0,254044062173,19685973,739,12881.0,12912.0
322,2021-08-22,12961.0,12961.0,12930.0,12936.0,45138014121,3491143,489,12912.0,12956.0
323,2021-08-23,12956.0,12957.0,12937.0,12940.0,93107636992,7199252,538,12936.0,12937.0
324,2021-08-24,12952.0,12952.0,12945.0,12947.0,58297474643,4505372,493,12940.0,12949.0
325,2021-08-25,12953.0,12986.0,12952.0,12967.0,52720413249,4067988,485,12947.0,12979.0
326,2021-08-28,12984.0,12994.0,12974.0,12984.0,551419682116,42493111,1329,12967.0,12988.0
327,2021-08-29,12988.0,13003.0,12984.0,12989.0,78277242993,6029896,531,12984.0,12989.0
328,2021-08-30,12990.0,13023.0,12990.0,13017.0,105027047744,8073026,493,12989.0,13023.0
329,2021-08-31,13023.0,13031.0,13001.0,13010.0,318248217709,24474932,995,13017.0,13007.0
330,2021-09-01,13029.0,13038.0,13005.0,13016.0,50576378588,3887887,457,13010.0,13007.0
331,2021-09-04,13027.0,13049.0,13027.0,13035.0,59770512494,4587928,440,13016.0,13039.0
332,2021-09-05,13035.0,13056.0,13034.0,13036.0,153296926357,11766189,540,13035.0,13039.0
333,2021-09-06,13042.0,13055.0,13042.0,13045.0,32495432065,2492327,633,13036.0,13054.0
334,2021-09-07,13054.0,13060.0,13049.0,13058.0,305378810468,23399653,1169,13045.0,13059.0
335,2021-09-08,13059.0,13065.0,13057.0,13060.0,28522190830,2185097,663,13058.0,13061.0
336,2021-09-11,13079.0,13097.0,13079.0,13083.0,36145838548,2764265,343,13060.0,13095.0
337,2021-09-12,13095.0,13121.0,13091.0,13112.0,36520588988,2786799,612,13083.0,13121.0
338,2021-09-13,13127.0,13128.0,13121.0,13128.0,125901473430,9595489,647,13112.0,13128.0
339,2021-09-14,13111.0,13136.0,13111.0,13132.0,63131937777,4810056,629,13128.0,13132.0
340,2021-09-15,13117.0,13143.0,13117.0,13137.0,22662221039,1726013,484,13132.0,13138.0
341,2021-09-18,13146.0,13166.0,13134.0,13153.0,34519998451,2625966,615,13137.0,13152.0
342,2021-09-19,13152.0,13166.0,13140.0,13149.0,96483886830,7341594,599,13153.0,13153.0
343,2021-09-20,13147.0,13169.0,13147.0,13153.0,62996292173,4792135,449,13149.0,13155.0
344,2021-09-21,13157.0,13187.0,13157.0,13172.0,35303557677,2681717,475,13153.0,13181.0
345,2021-09-22,13165.0,13196.0,13165.0,13187.0,110310107085,8369648,851,13172.0,13196.0
346,2021-09-25,13219.0,13219.0,13194.0,13204.0,59203615801,4486141,873,13187.0,13217.0
347,2021-09-26,13220.0,13227.0,13197.0,13225.0,73099650606,5530494,868,13204.0,13227.0
348,2021-09-28,13241.0,13242.0,13222.0,13236.0,59546463623,4501094,729,13225.0,13242.0
349,2021-09-29,13242.0,13249.0,13215.0,13238.0,45632026657,3448840,805,13236.0,13249.0
350,2021-10-02,13271.0,13271.0,13238.0,13255.0,125095222036,9442799,850,13238.0,13238.0
351,2021-10-03,13266.0,13274.0,13250.0,13263.0,142554090168,10753830,581,13255.0,13274.0
352,2021-10-04,13277.0,13288.0,13263.0,13280.0,54390084221,4097915,445,13263.0,13288.0
353,2021-10-06,13281.0,13303.0,13280.0,13302.0,54681909105,4113054,538,13280.0,13303.0
354,2021-10-09,13304.0,13325.0,13292.0,13313.0,52310928504,3931498,637,13302.0,13312.0
355,2021-10-10,13300.0,13325.0,13299.0,13304.0,64694037133,4865424,495,13313.0,13313.0
356,2021-10-11,13326.0,13327.0,13307.0,13310.0,136605310499,10269094,629,13304.0,13312.0
357,2021-10-12,13318.0,13349.0,13317.0,13325.0,56221478766,4221477,501,13310.0,13333.0
358,2021-10-13,13325.0,13356.0,13325.0,13349.0,78672431828,5896602,799,13325.0,13356.0
359,2021-10-16,13361.0,13362.0,13346.0,13351.0,84548048092,6336062,910,13349.0,13349.0
360,2021-10-17,13365.0,13381.0,13354.0,13369.0,38490728929,2880577,683,13351.0,13369.0
361,2021-10-18,13394.0,13395.0,13382.0,13394.0,110771358537,8274389,878,13369.0,13394.0
362,2021-10-19,13398.0,13401.0,13377.0,13392.0,82638354365,6173948,885,13394.0,13387.0
363,2021-10-20,13407.0,13407.0,13376.0,13382.0,88103029357,6587119,840,13392.0,13386.0
364,2021-10-23,13405.0,13406.0,13399.0,13402.0,52931335732,3951513,612,13382.0,13405.0
365,2021-10-25,13417.0,13435.0,13415.0,13418.0,58119563301,4333694,674,13402.0,13425.0
366,2021-10-26,13423.0,13451.0,13423.0,13435.0,30316528194,2257708,601,13418.0,13439.0
367,2021-10-27,13442.0,13464.0,13438.0,13456.0,43820538443,3258300,609,13435.0,13457.0
368,2021-10-30,13477.0,13487.0,13463.0,13476.0,53029312946,3937072,839,13456.0,13487.0
369,2021-10-31,13495.0,13495.0,13480.0,13494.0,187307770277,13887555,935,13476.0,13495.0
370,2021-11-01,13486.0,13502.0,13468.0,13490.0,81757729865,6063823,708,13494.0,13502.0
371,2021-11-02,13501.0,13510.0,13493.0,13509.0,86299268762,6391498,613,13490.0,13510.0
372,2021-11-03,13517.0,13517.0,13484.0,13498.0,116037619883,8601384,1197,13509.0,13502.0
373,2021-11-06,13510.0,13525.0,13509.0,13510.0,137414310710,10176752,909,13498.0,13514.0
374,2021-11-07,13523.0,13525.0,13517.0,13518.0,79633528598,5893860,717,13510.0,13521.0
375,2021-11-08,13530.0,13542.0,13524.0,13527.0,61073908709,4517308,600,13518.0,13537.0
376,2021-11-09,13538.0,13558.0,13532.0,13537.0,157930141253,11672848,841,13527.0,13537.0
377,2021-11-10,13555.0,13565.0,13542.0,13555.0,67212038840,4961212,510,13537.0,13555.0
378,2021-11-13,13563.0,13587.0,13563.0,13573.0,40612132746,2993630,541,13555.0,13581.0
379,2021-11-14,13577.0,13588.0,13569.0,13575.0,99495787359,7333248,715,13573.0,13569.0
380,2021-11-15,13592.0,13602.0,13577.0,13592.0,41300262673,3040145,506,13575.0,13596.0
381,2021-11-16,13588.0,13607.0,13588.0,13598.0,35983491893,2647631,455,13592.0,13595.0
382,2021-11-17,13614.0,13614.0,13591.0,13595.0,90208467156,6638803,633,13598.0,13605.0
383,2021-11-20,13617.0,13621.0,13614.0,13617.0,33059198726,2429067,494,13595.0,13621.0
384,2021-11-21,13624.0,13631.0,13621.0,13624.0,65618333192,4818708,498,13617.0,13621.0
385,2021-11-22,13630.0,13650.0,13629.0,13637.0,32367288195,2374786,519,13624.0,13647.0
386,2021-11-23,13642.0,13663.0,13642.0,13661.0,90297666787,6613065,857,13637.0,13663.0
387,2021-11-24,13667.0,13670.0,13654.0,13668.0,117511745941,8601677,666,13661.0,13670.0
388,2021-11-27,13688.0,13693.0,13667.0,13682.0,54704877814,4000474,596,13668.0,13692.0
389,2021-11-28,13700.0,13700.0,13684.0,13699.0,55443314706,4049341,477,13682.0,13700.0
390,2021-11-29,13702.0,13708.0,13702.0,13707.0,38993263865,2846156,431,13699.0,13708.0
391,2021-11-30,13714.0,13715.0,13689.0,13711.0,47453949900,3462783,490,13707.0,13714.0
392,2021-12-01,13714.0,13721.0,13712.0,13718.0,39054642026,2848321,394,13711.0,13720.0
393,2021-12-04,13722.0,13741.0,13714.0,13720.0,92416605911,6739322,737,13718.0,13723.0
394,2021-12-05,13720.0,13730.0,13720.0,13722.0,63487209804,4629119,455,13720.0,13724.0
395,2021-12-06,13728.0,13745.0,13728.0,13736.0,26878305747,1957743,385,13722.0,13736.0
396,2021-12-07,13736.0,13742.0,13734.0,13735.0,37165126217,2707185,393,13736.0,13740.0
397,2021-12-08,13756.0,13763.0,13740.0,13747.0,44840414480,3263590,494,13735.0,13757.0
398,2021-12-11,13764.0,13769.0,13760.0,13763.0,58802381930,4274806,456,13747.0,13768.0
399,2021-12-12,13767.0,13775.0,13766.0,13767.0,51686928916,3756309,412,13763.0,13766.0
400,2021-12-13,13776.0,13799.0,13773.0,13776.0,57230780535,4156640,518,13767.0,13774.0
401,2021-12-14,13779.0,13800.0,13779.0,13779.0,697009846552,50610330,1342,13776.0,13781.0
402,2021-12-15,13787.0,13795.0,13786.0,13786.0,185292418014,13447185,603,13779.0,13787.0
403,2021-12-18,13806.0,13823.0,13806.0,13807.0,154842463403,11220353,681,13786.0,13806.0
404,2021-12-19,13816.0,13834.0,13812.0,13813.0,211610388216,15327937,710,13807.0,13824.0
405,2021-12-20,13826.0,13830.0,13819.0,13820.0,220807314522,15985943,636,13813.0,13830.0
406,2021-12-21,13847.0,13847.0,13826.0,13826.0,258751337063,18723714,686,13820.0,13838.0
407,2021-12-22,13852.0,13854.0,13832.0,13832.0,198807314260,14379836,821,13826.0,13832.0
408,2021-12-25,13853.0,13854.0,13852.0,13852.0,233969309144,16898975,819,13832.0,13854.0
409,2021-12-26,13867.0,13867.0,13858.0,13858.0,162219946734,11711552,600,13852.0,13861.0
410,2021-12-27,13867.0,13871.0,13865.0,13865.0,166034377230,11980775,595,13858.0,13871.0
411,2021-12-28,13873.0,13886.0,13872.0,13872.0,170793832248,12317917,547,13865.0,13886.0
412,2021-12-29,13882.0,13882.0,13878.0,13878.0,158901171622,11455340,572,13872.0,13878.0
413,2022-01-01,13898.0,13901.0,13898.0,13898.0,174172652636,12538369,657,13878.0,13901.0
414,2022-01-02,13907.0,13907.0,13905.0,13905.0,164440957364,11831735,582,13898.0,13906.0
415,2022-01-03,13912.0,13913.0,13911.0,13911.0,161170615134,11591517,499,13905.0,13911.0
416,2022-01-04,13919.0,13920.0,13918.0,13918.0,181593309683,13053748,570,13911.0,13918.0
417,2022-01-05,13926.0,13931.0,13925.0,13925.0,170075823506,12219555,564,13918.0,13931.0
418,2022-01-08,13945.0,13952.0,13945.0,13947.0,42223427385,3029015,449,13925.0,13947.0
419,2022-01-09,13961.0,13975.0,13954.0,13962.0,25585749967,1833477,387,13947.0,13967.0
420,2022-01-10,13977.0,13984.0,13967.0,13982.0,95888683676,6861446,498,13962.0,13984.0
421,2022-01-11,13982.0,13991.0,13982.0,13991.0,47818730396,3419644,437,13982.0,13990.0
422,2022-01-12,13990.0,13997.0,13990.0,13995.0,59490070350,4252803,355,13991.0,13997.0
423,2022-01-15,14001.0,14012.0,13990.0,13999.0,45421050056,3246138,471,13995.0,14002.0
424,2022-01-16,14007.0,14007.0,13997.0,13999.0,198018500595,14151786,596,13999.0,14003.0
425,2022-01-17,14006.0,14007.0,14002.0,14002.0,178673977677,12766607,608,13999.0,14003.0
426,2022-01-18,14009.0,14011.0,14008.0,14008.0,183993864117,13141281,591,14002.0,14010.0
427,2022-01-19,14015.0,14020.0,14015.0,14015.0,217734068190,15543250,621,14008.0,14015.0
428,2022-01-22,14034.0,14036.0,14034.0,14034.0,190501302062,13580854,675,14015.0,14036.0
429,2022-01-23,14041.0,14049.0,14040.0,14040.0,174441946899,12430660,609,14034.0,14049.0
430,2022-01-24,14047.0,14049.0,14046.0,14046.0,182943195309,13030743,672,14040.0,14046.0
431,2022-01-25,14054.0,14057.0,14053.0,14053.0,210406264339,14979412,671,14046.0,14054.0
432,2022-01-26,14059.0,14060.0,14059.0,14059.0,182980492286,13021456,642,14053.0,14060.0
433,2022-01-29,14078.0,14086.0,14078.0,14078.0,267923984307,19040519,716,14059.0,14081.0
434,2022-01-30,14086.0,14087.0,14085.0,14085.0,176568205555,12541877,584,14078.0,14085.0
435,2022-01-31,14091.0,14093.0,14091.0,14091.0,212355217624,15077629,556,14085.0,14092.0
436,2022-02-01,14107.0,14114.0,14107.0,14109.0,35315202974,2504197,411,14091.0,14114.0
437,2022-02-02,14119.0,14121.0,14112.0,14120.0,101579772776,7197588,525,14109.0,14121.0
438,2022-02-05,14130.0,14139.0,14130.0,14134.0,91805208519,6498356,507,14120.0,14138.0
439,2022-02-06,14144.0,14145.0,14137.0,14142.0,31202242486,2207418,398,14134.0,14145.0
440,2022-02-07,14145.0,14151.0,14142.0,14144.0,70631633719,4996101,477,14142.0,14150.0
441,2022-02-08,14148.0,14157.0,14148.0,14154.0,62388156542,4410100,618,14144.0,14157.0
442,2022-02-09,14163.0,14163.0,14154.0,14160.0,28057087629,1982380,693,14154.0,14163.0
443,2022-02-12,14172.0,14179.0,14172.0,14173.0,32840969476,2318234,334,14160.0,14175.0
444,2022-02-13,14180.0,14187.0,14179.0,14184.0,28734039073,2026788,359,14173.0,14187.0
445,2022-02-14,14185.0,14193.0,14185.0,14192.0,307761630565,21696286,710,14184.0,14193.0
446,2022-02-16,14203.0,14205.0,14196.0,14204.0,319173852008,22482525,808,14192.0,14205.0
447,2022-02-19,14214.0,14223.0,14214.0,14221.0,360774135112,25381427,1208,14204.0,14223.0
448,2022-02-20,14221.0,14229.0,14221.0,14228.0,326875088610,22985784,952,14221.0,14228.0
449,2022-02-21,14232.0,14234.0,14226.0,14233.0,328550475919,23094400,920,14228.0,14228.0
450,2022-02-22,14233.0,14240.0,14232.0,14234.0,31777795487,2233667,420,14233.0,14239.0
451,2022-02-23,14239.0,14247.0,14238.0,14243.0,34285172146,2408362,388,14234.0,14247.0
452,2022-02-26,14262.0,14265.0,14256.0,14257.0,70844500462,4971649,428,14243.0,14258.0
453,2022-02-27,14270.0,14270.0,14262.0,14262.0,291160982068,20425005,697,14257.0,14266.0
454,2022-02-28,14269.0,14269.0,14268.0,14268.0,267877071394,18783829,685,14262.0,14268.0
455,2022-03-02,14281.0,14282.0,14280.0,14280.0,296004667118,20738682,761,14268.0,14280.0
456,2022-03-05,14298.0,14307.0,14298.0,14299.0,380343536711,26612262,926,14280.0,14304.0
457,2022-03-06,14304.0,14306.0,14304.0,14304.0,235821144748,16494356,835,14299.0,14306.0
458,2022-03-07,14312.0,14317.0,14310.0,14311.0,60539712096,4232472,470,14304.0,14315.0
459,2022-03-08,14316.0,14324.0,14316.0,14316.0,53852591577,3763434,355,14311.0,14317.0
460,2022-03-09,14329.0,14330.0,14322.0,14323.0,36496646554,2549397,320,14316.0,14322.0
461,2022-03-12,14341.0,14348.0,14340.0,14342.0,25179098700,1756513,386,14323.0,14342.0
462,2022-03-13,14347.0,14356.0,14347.0,14353.0,69660042710,4855721,365,14342.0,14356.0
463,2022-03-14,14355.0,14362.0,14354.0,14359.0,20008220591,1394095,303,14353.0,14362.0
464,2022-03-15,14370.0,14370.0,14361.0,14361.0,182937896504,12744326,620,14359.0,14362.0
465,2022-03-16,14370.0,14377.0,14368.0,14371.0,60293042660,4197654,520,14361.0,14376.0
466,2022-03-19,14417.0,14426.0,14417.0,14424.0,70081836593,4861196,458,14371.0,14426.0
467,2022-03-26,14438.0,14446.0,14438.0,14440.0,50076001688,3469616,481,14424.0,14443.0
468,2022-03-27,14450.0,14457.0,14449.0,14452.0,21445741917,1484613,399,14440.0,14452.0
469,2022-03-28,14464.0,14464.0,14456.0,14457.0,34032222151,2355156,370,14452.0,14458.0
470,2022-03-29,14463.0,14472.0,14463.0,14467.0,55498792549,3837995,390,14457.0,14472.0
471,2022-03-30,14470.0,14477.0,14470.0,14472.0,26984677038,1865567,407,14467.0,14475.0
472,2022-04-03,14499.0,14506.0,14498.0,14499.0,68280072556,4711682,580,14472.0,14506.0
473,2022-04-04,14506.0,14513.0,14505.0,14506.0,89711031151,6187548,527,14499.0,14513.0
474,2022-04-05,14513.0,14521.0,14512.0,14515.0,81933868567,5647612,448,14506.0,14521.0
475,2022-04-06,14526.0,14528.0,14519.0,14523.0,26627824112,1834386,429,14515.0,14528.0
476,2022-04-09,14540.0,14548.0,14540.0,14541.0,34694606117,2387079,417,14523.0,14548.0
477,2022-04-10,14548.0,14556.0,14547.0,14555.0,336521466257,23131736,849,14541.0,14552.0
478,2022-04-11,14555.0,14563.0,14554.0,14562.0,361274349204,24821816,975,14555.0,14558.0
479,2022-04-12,14562.0,14563.0,14561.0,14561.0,76187279758,5234742,692,14562.0,14563.0
480,2022-04-13,14568.0,14577.0,14568.0,14569.0,34263870629,2352960,325,14561.0,14577.0
481,2022-04-16,14591.0,14597.0,14589.0,14590.0,41637720266,2855297,364,14569.0,14597.0
482,2022-04-17,14597.0,14605.0,14596.0,14604.0,628327563104,43043771,1138,14590.0,14604.0
483,2022-04-18,14603.0,14607.0,14603.0,14603.0,102592666840,7028729,447,14604.0,14604.0
484,2022-04-19,14611.0,14615.0,14610.0,14611.0,1367108189508,93612115,2158,14603.0,14610.0
485,2022-04-20,14618.0,14622.0,14617.0,14618.0,58226941471,3985275,403,14611.0,14622.0
486,2022-04-24,14645.0,14649.0,14645.0,14645.0,103432115453,7065906,721,14618.0,14646.0
487,2022-04-25,14653.0,14660.0,14653.0,14657.0,29204728956,1993445,441,14645.0,14657.0
488,2022-04-26,14659.0,14667.0,14659.0,14667.0,424692222310,28970234,1101,14657.0,14663.0
489,2022-04-27,14666.0,14674.0,14666.0,14666.0,63885227000,4357952,746,14667.0,14671.0
490,2022-04-30,14688.0,14695.0,14687.0,14690.0,98656379852,6718988,513,14666.0,14690.0
491,2022-05-01,14695.0,14702.0,14694.0,14701.0,75986518919,5171274,423,14690.0,14702.0
492,2022-05-02,14723.0,14723.0,14715.0,14718.0,34504817880,2345439,400,14701.0,14723.0
493,2022-05-07,14737.0,14745.0,14737.0,14738.0,42476990097,2883751,438,14718.0,14738.0
494,2022-05-08,14744.0,14752.0,14744.0,14752.0,327644557471,22222706,709,14738.0,14752.0
495,2022-05-09,14752.0,14759.0,14751.0,14757.0,111004535680,7526070,509,14752.0,14759.0
496,2022-05-10,14758.0,14766.0,14758.0,14759.0,14791572922,1002739,264,14757.0,14763.0
497,2022-05-11,14772.0,14772.0,14765.0,14766.0,54407932469,3686737,441,14759.0,14768.0
498,2022-05-14,14786.0,14794.0,14786.0,14788.0,68217822325,4615494,476,14766.0,14786.0
499,2022-05-15,14794.0,14801.0,14793.0,14801.0,325238702429,21986541,770,14788.0,14794.0
500,2022-05-16,14806.0,14808.0,14800.0,14808.0,1144830399878,77354761,2136,14801.0,14801.0
501,2022-05-17,14807.0,14815.0,14807.0,14808.0,135005575773,9121795,659,14808.0,14808.0
502,2022-05-18,14815.0,14822.0,14814.0,14815.0,37586736924,2538413,336,14808.0,14822.0
503,2022-05-21,14842.0,14842.0,14835.0,14836.0,49441391052,3334306,393,14815.0,14842.0
504,2022-05-22,14843.0,14848.0,14842.0,14842.0,61718130642,4160509,332,14836.0,14842.0
505,2022-05-23,14850.0,14858.0,14850.0,14854.0,33959749472,2287418,335,14842.0,14854.0
506,2022-05-24,14864.0,14865.0,14857.0,14859.0,45928498453,3092597,343,14854.0,14865.0
507,2022-05-25,14866.0,14873.0,14866.0,14870.0,25324118715,1703949,266,14859.0,14867.0
508,2022-05-28,14889.0,14895.0,14887.0,14895.0,524527726224,35234252,983,14870.0,14895.0
509,2022-05-29,14896.0,14898.0,14894.0,14896.0,24012922475,1612918,321,14895.0,14896.0
510,2022-05-30,14903.0,14910.0,14902.0,14902.0,617249611810,41442040,1031,14896.0,14908.0
511,2022-05-31,14909.0,14916.0,14909.0,14909.0,612465550283,41102216,862,14902.0,14911.0
512,2022-06-01,14917.0,14925.0,14917.0,14917.0,630303437991,42275941,793,14909.0,14925.0
513,2022-06-06,14954.0,14962.0,14954.0,14954.0,666951600472,44623335,1029,14917.0,14958.0
514,2022-06-07,14961.0,14969.0,14961.0,14961.0,650436655706,43497919,937,14954.0,14969.0
515,2022-06-08,14970.0,14984.0,14970.0,14971.0,540580040210,36128670,933,14961.0,14984.0
516,2022-06-11,14993.0,14999.0,14993.0,14993.0,483510113671,32265692,629,14971.0,14999.0
517,2022-06-12,15001.0,15007.0,15001.0,15001.0,476529284497,31783104,666,14993.0,15007.0
518,2022-06-13,15008.0,15013.0,15008.0,15008.0,495754955218,33050250,719,15001.0,15013.0
519,2022-06-14,15016.0,15022.0,15016.0,15016.0,497664214780,33159352,646,15008.0,15018.0
520,2022-06-15,15031.0,15037.0,15031.0,15031.0,491087751292,32688261,692,15016.0,15037.0
521,2022-06-18,15046.0,15052.0,15046.0,15046.0,488128119301,32459018,622,15031.0,15048.0
522,2022-06-19,15054.0,15060.0,15054.0,15055.0,530677011946,35268421,705,15046.0,15060.0
523,2022-06-20,15067.0,15067.0,15061.0,15061.0,607586122873,40362084,1138,15055.0,15067.0
524,2022-06-21,15069.0,15075.0,15069.0,15069.0,487871864864,32392248,653,15061.0,15075.0
525,2022-06-22,15084.0,15090.0,15084.0,15085.0,512503168811,33993299,745,15069.0,15090.0
526,2022-06-25,15099.0,15105.0,15099.0,15100.0,264845288739,17548548,560,15085.0,15104.0
527,2022-06-26,15111.0,15112.0,15107.0,15110.0,34070067682,2255925,363,15100.0,15112.0
528,2022-06-27,15116.0,15120.0,15114.0,15118.0,71089200437,4704846,435,15110.0,15120.0
529,2022-06-28,15124.0,15127.0,15121.0,15123.0,105143584429,6956225,422,15118.0,15122.0
530,2022-06-29,15136.0,15142.0,15136.0,15142.0,42906923491,2835217,257,15123.0,15142.0
531,2022-07-02,15151.0,15157.0,15151.0,15151.0,530201131553,35012368,665,15142.0,15157.0
532,2022-07-03,15159.0,15164.0,15159.0,15163.0,26263718984,1733048,326,15151.0,15164.0
533,2022-07-04,15166.0,15171.0,15165.0,15166.0,21429142333,1413683,259,15163.0,15170.0
534,2022-07-05,15173.0,15179.0,15173.0,15176.0,22441620900,1479528,240,15166.0,15179.0
535,2022-07-06,15188.0,15193.0,15188.0,15192.0,29352885075,1933143,252,15176.0,15193.0
536,2022-07-09,15215.0,15216.0,15212.0,15214.0,123873059906,8146171,414,15192.0,15216.0
537,2022-07-11,15223.0,15223.0,15219.0,15222.0,53848551228,3539343,376,15214.0,15222.0
538,2022-07-12,15228.0,15230.0,15224.0,15228.0,85695891101,5630598,362,15222.0,15229.0
539,2022-07-13,15242.0,15245.0,15239.0,15242.0,53523103212,3513446,381,15228.0,15245.0
540,2022-07-16,15255.0,15260.0,15254.0,15258.0,38102834297,2498509,378,15242.0,15259.0
541,2022-07-17,15274.0,15275.0,15269.0,15271.0,363281564100,23800997,719,15258.0,15275.0
542,2022-07-19,15278.0,15281.0,15277.0,15278.0,48213915051,3157521,298,15271.0,15277.0
543,2022-07-20,15292.0,15297.0,15291.0,15295.0,178277347200,11661707,390,15278.0,15297.0
544,2022-07-23,15307.0,15311.0,15306.0,15307.0,146533489291,9578123,541,15295.0,15309.0
545,2022-07-24,15315.0,15320.0,15314.0,15315.0,467357119973,30531787,922,15307.0,15320.0
546,2022-07-25,15322.0,15328.0,15321.0,15322.0,69967897165,4568838,339,15315.0,15321.0
547,2022-07-26,15329.0,15335.0,15328.0,15329.0,367150940489,23963848,564,15322.0,15331.0
548,2022-07-27,15344.0,15350.0,15343.0,15348.0,32031081186,2088126,245,15329.0,15350.0
549,2022-07-30,15358.0,15364.0,15358.0,15359.0,29491303333,1921112,314,15348.0,15364.0
550,2022-07-31,15367.0,15372.0,15366.0,15366.0,101182115607,6588089,359,15359.0,15370.0
551,2022-08-01,15373.0,15380.0,15373.0,15379.0,33910934107,2206146,265,15366.0,15380.0
552,2022-08-02,15382.0,15388.0,15381.0,15382.0,61866596212,4024060,304,15379.0,15381.0
553,2022-08-03,15403.0,15403.0,15396.0,15397.0,133426192446,8670144,399,15382.0,15403.0
554,2022-08-06,15420.0,15426.0,15419.0,15420.0,55027284527,3570340,376,15397.0,15426.0
555,2022-08-09,15440.0,15441.0,15434.0,15436.0,27593226525,1788526,319,15420.0,15441.0
556,2022-08-10,15455.0,15456.0,15449.0,15451.0,108481178849,7024575,428,15436.0,15456.0
557,2022-08-13,15464.0,15471.0,15464.0,15464.0,109323893895,7073167,478,15451.0,15465.0
558,2022-08-14,15477.0,15477.0,15471.0,15473.0,1040444999586,67277504,1006,15464.0,15471.0
559,2022-08-15,15480.0,15485.0,15480.0,15482.0,23101420923,1492879,233,15473.0,15485.0
560,2022-08-16,15487.0,15493.0,15486.0,15490.0,28388053819,1833609,281,15482.0,15490.0
561,2022-08-17,15503.0,15509.0,15502.0,15505.0,41662251107,2688428,306,15490.0,15502.0
562,2022-08-20,15518.0,15524.0,15517.0,15522.0,51942979283,3348155,343,15505.0,15523.0
563,2022-08-21,15526.0,15532.0,15525.0,15528.0,21905433106,1411438,285,15522.0,15527.0
564,2022-08-22,15534.0,15540.0,15533.0,15539.0,46607156326,3000906,338,15528.0,15533.0
565,2022-08-23,15541.0,15548.0,15541.0,15543.0,108004670454,6952388,417,15539.0,15548.0
566,2022-08-24,15561.0,15562.0,15556.0,15557.0,64666213707,4158778,359,15543.0,15557.0
567,2022-08-27,15573.0,15579.0,15573.0,15578.0,59986411010,3852648,362,15557.0,15579.0
568,2022-08-28,15586.0,15587.0,15580.0,15586.0,69320309059,4449876,309,15578.0,15587.0
569,2022-08-29,15589.0,15594.0,15589.0,15594.0,42177694226,2706186,329,15586.0,15594.0
570,2022-08-30,15602.0,15602.0,15595.0,15598.0,37084652705,2378747,285,15594.0,15595.0
571,2022-08-31,15611.0,15618.0,15611.0,15613.0,21704110290,1390853,250,15598.0,15617.0
572,2022-09-03,15627.0,15633.0,15626.0,15631.0,27578967593,1765270,383,15613.0,15626.0
573,2022-09-04,15639.0,15641.0,15634.0,15638.0,61617899698,3942373,336,15631.0,15640.0
574,2022-09-05,15645.0,15649.0,15642.0,15645.0,57375675316,3669257,334,15638.0,15648.0
575,2022-09-06,15656.0,15657.0,15650.0,15654.0,23766797222,1519022,254,15645.0,15654.0
576,2022-09-07,15666.0,15672.0,15665.0,15669.0,71661790827,4575956,380,15654.0,15671.0
577,2022-09-10,15682.0,15688.0,15681.0,15686.0,67425428677,4300580,339,15669.0,15688.0
578,2022-09-11,15695.0,15695.0,15689.0,15691.0,85008285046,5420292,363,15686.0,15689.0
579,2022-09-12,15702.0,15703.0,15697.0,15699.0,76120783698,4851286,361,15691.0,15701.0
580,2022-09-13,15705.0,15711.0,15704.0,15707.0,54607876867,3478522,342,15699.0,15710.0
581,2022-09-14,15730.0,15737.0,15730.0,15733.0,80204087722,5100470,357,15707.0,15737.0
582,2022-09-18,15747.0,15753.0,15747.0,15751.0,84691179968,5379771,397,15733.0,15753.0
583,2022-09-19,15756.0,15759.0,15754.0,15756.0,64737871968,4110940,367,15751.0,15754.0
584,2022-09-20,15763.0,15769.0,15763.0,15768.0,75431178922,4786379,341,15756.0,15768.0
585,2022-09-21,15784.0,15785.0,15778.0,15783.0,156269739731,9906167,477,15768.0,15785.0
586,2022-09-24,15796.0,15801.0,15795.0,15796.0,164410530869,10413924,633,15783.0,15799.0
587,2022-09-26,15813.0,15818.0,15811.0,15815.0,82282926723,5205557,484,15796.0,15814.0
588,2022-09-28,15835.0,15840.0,15835.0,15836.0,56612783053,3576852,391,15815.0,15840.0
589,2022-10-01,15857.0,15857.0,15851.0,15853.0,43388542237,2738325,347,15836.0,15854.0
590,2022-10-02,15859.0,15864.0,15859.0,15860.0,73922824327,4663333,371,15853.0,15863.0
591,2022-10-03,15867.0,15873.0,15867.0,15868.0,94856048351,5980668,375,15860.0,15873.0
592,2022-10-04,15898.0,15898.0,15892.0,15896.0,33273897733,2094276,276,15868.0,15898.0
593,2022-10-08,15909.0,15915.0,15908.0,15912.0,35888426892,2256598,333,15896.0,15910.0
594,2022-10-09,15918.0,15923.0,15916.0,15918.0,55575847068,3493227,291,15912.0,15921.0
595,2022-10-10,15926.0,15930.0,15925.0,15928.0,32793858979,2059882,246,15918.0,15928.0
596,2022-10-11,15937.0,15939.0,15932.0,15936.0,78151958790,4906616,337,15928.0,15939.0
597,2022-10-12,15949.0,15955.0,15948.0,15952.0,30837929985,1934173,283,15936.0,15955.0
598,2022-10-15,15971.0,15971.0,15965.0,15966.0,134433861532,8424296,431,15952.0,15970.0
599,2022-10-16,15977.0,15979.0,15973.0,15977.0,58853629433,3685547,298,15966.0,15976.0
600,2022-10-17,15981.0,15988.0,15981.0,15986.0,26123067162,1634922,270,15977.0,15987.0
601,2022-10-18,15991.0,15996.0,15990.0,15992.0,19570441661,1224348,237,15986.0,15993.0
602,2022-10-19,16006.0,16013.0,16006.0,16008.0,66517783200,4157288,354,15992.0,16013.0
603,2022-10-22,16023.0,16029.0,16022.0,16024.0,109495797740,6836766,456,16008.0,16022.0
604,2022-10-23,16031.0,16035.0,16030.0,16031.0,64421264632,4020555,389,16024.0,16031.0
605,2022-10-24,16045.0,16045.0,16038.0,16039.0,79645029637,4968153,443,16031.0,16038.0
606,2022-10-25,16048.0,16054.0,16046.0,16047.0,221337351549,13800357,603,16039.0,16047.0
607,2022-10-26,16064.0,16072.0,16062.0,16066.0,53616980203,3338976,408,16047.0,16072.0
608,2022-10-29,16080.0,16088.0,16079.0,16081.0,193177550373,12019022,594,16066.0,16079.0
609,2022-10-30,16095.0,16096.0,16087.0,16088.0,182536835096,11352014,436,16081.0,16087.0
610,2022-10-31,16097.0,16104.0,16095.0,16097.0,81717551723,5078965,372,16088.0,16098.0
611,2022-11-01,16104.0,16111.0,16104.0,16105.0,44871592761,2787521,322,16097.0,16105.0
612,2022-11-02,16120.0,16130.0,16120.0,16121.0,65719716287,4078646,348,16105.0,16130.0
613,2022-11-05,16139.0,16145.0,16136.0,16137.0,99106813246,6144477,548,16121.0,16137.0
614,2022-11-06,16145.0,16155.0,16145.0,16148.0,81285716442,5036210,410,16137.0,16155.0
615,2022-11-07,16154.0,16163.0,16153.0,16159.0,168568442989,10437220,612,16148.0,16163.0
616,2022-11-08,16161.0,16170.0,16161.0,16166.0,221975339355,13738060,619,16159.0,16168.0
617,2022-11-09,16178.0,16188.0,16178.0,16182.0,125674513528,7769951,385,16166.0,16188.0
618,2022-11-12,16204.0,16204.0,16194.0,16202.0,89586215421,5531930,524,16182.0,16204.0
619,2022-11-13,16208.0,16213.0,16207.0,16212.0,180299767298,11126911,556,16202.0,16213.0
620,2022-11-14,16220.0,16222.0,16212.0,16219.0,106488943091,6568835,432,16212.0,16222.0
621,2022-11-15,16227.0,16230.0,16221.0,16228.0,75548284245,4657820,388,16219.0,16230.0
622,2022-11-16,16237.0,16247.0,16237.0,16242.0,122073763174,7519526,448,16228.0,16245.0
623,2022-11-19,16255.0,16264.0,16254.0,16262.0,110605063342,6804859,486,16242.0,16264.0
624,2022-11-20,16272.0,16273.0,16263.0,16265.0,138552414829,8522633,497,16262.0,16263.0
625,2022-11-21,16271.0,16281.0,16271.0,16275.0,126608671904,7783283,501,16265.0,16281.0
626,2022-11-22,16281.0,16289.0,16280.0,16283.0,87643616947,5385241,448,16275.0,16288.0
627,2022-11-23,16298.0,16307.0,16297.0,16300.0,200942212650,12334026,598,16283.0,16307.0
628,2022-11-26,16322.0,16324.0,16314.0,16322.0,99211765876,6081295,490,16300.0,16324.0
629,2022-11-27,16325.0,16332.0,16322.0,16327.0,138233099185,8470482,589,16322.0,16322.0
630,2022-11-28,16331.0,16340.0,16331.0,16335.0,181628463469,11124167,653,16327.0,16340.0
631,2022-11-29,16340.0,16346.0,16339.0,16340.0,110474174386,6764109,538,16335.0,16341.0
632,2022-11-30,16358.0,16366.0,16358.0,16363.0,168491133842,10301854,559,16340.0,16360.0
633,2022-12-03,16381.0,16381.0,16373.0,16377.0,132651825753,8103737,727,16363.0,16380.0
634,2022-12-04,16386.0,16388.0,16382.0,16383.0,136798030431,8354025,661,16377.0,16383.0
635,2022-12-05,16391.0,16401.0,16391.0,16400.0,222960700612,13602087,686,16383.0,16401.0
636,2022-12-06,16425.0,16435.0,16424.0,16426.0,131613711013,8016418,613,16400.0,16431.0
637,2022-12-07,16443.0,16453.0,16442.0,16451.0,140103786347,8520662,706,16426.0,16442.0
638,2022-12-10,16458.0,16469.0,16458.0,16465.0,133884515092,8135285,739,16451.0,16468.0
639,2022-12-11,16471.0,16479.0,16468.0,16476.0,111843574066,6791374,555,16465.0,16479.0
640,2022-12-12,16487.0,16496.0,16486.0,16493.0,168163733921,10201128,701,16476.0,16486.0
641,2022-12-13,16503.0,16508.0,16495.0,16505.0,227119017441,13767554,937,16493.0,16508.0
642,2022-12-14,16512.0,16525.0,16512.0,16521.0,303179964989,18359973,1112,16505.0,16524.0
643,2022-12-17,16532.0,16542.0,16529.0,16536.0,297329151127,17989032,1090,16521.0,16533.0
644,2022-12-18,16539.0,16550.0,16538.0,16544.0,198058328398,11977341,955,16536.0,16547.0
645,2022-12-19,16547.0,16553.0,16546.0,16548.0,424955890592,25692894,1236,16544.0,16553.0
646,2022-12-20,16556.0,16567.0,16555.0,16565.0,234696786803,14175131,1050,16548.0,16567.0
647,2022-12-21,16574.0,16588.0,16573.0,16586.0,264644858497,15963874,1238,16565.0,16588.0
648,2022-12-24,16601.0,16601.0,16589.0,16591.0,246775645088,14881015,1402,16586.0,16590.0
649,2022-12-25,16598.0,16614.0,16598.0,16611.0,592004622337,35657010,2107,16591.0,16598.0
650,2022-12-26,16615.0,16631.0,16615.0,16627.0,865756586417,52094803,2939,16611.0,16616.0
651,2022-12-28,16633.0,16648.0,16633.0,16644.0,477956975225,28729860,2350,16627.0,16635.0
652,2022-12-31,16662.0,16666.0,16650.0,16654.0,626094575465,37612980,2738,16644.0,16659.0
653,2023-01-01,16660.0,16675.0,16659.0,16672.0,677555012052,40659740,2592,16654.0,16675.0
654,2023-01-02,16680.0,16682.0,16667.0,16681.0,413901322448,24825271,2286,16672.0,16681.0
655,2023-01-03,16681.0,16688.0,16676.0,16680.0,492424836231,29535949,2126,16681.0,16686.0
656,2023-01-04,16698.0,16713.0,16696.0,16711.0,418224184384,25040167,2157,16680.0,16698.0
657,2023-01-07,16716.0,16731.0,16715.0,16726.0,307416097528,18388968,2024,16711.0,16725.0
658,2023-01-08,16738.0,16739.0,16724.0,16736.0,313038326326,18714069,2080,16726.0,16739.0
659,2023-01-09,16738.0,16749.0,16738.0,16747.0,430478869935,25718229,2202,16736.0,16748.0
660,2023-01-10,16749.0,16758.0,16749.0,16756.0,378371854073,22593315,2149,16747.0,16758.0
661,2023-01-11,16760.0,16774.0,16758.0,16760.0,614308900084,36673272,2477,16756.0,16759.0
662,2023-01-14,16778.0,16792.0,16776.0,16789.0,498645387313,29716011,2410,16760.0,16789.0
663,2023-01-16,16794.0,16809.0,16793.0,16807.0,337802974865,20110227,2320,16789.0,16807.0
664,2023-01-17,16809.0,16819.0,16808.0,16811.0,525434568246,31272321,2877,16807.0,16817.0
665,2023-01-18,16820.0,16836.0,16820.0,16833.0,500427249327,29745319,3102,16811.0,16821.0
666,2023-01-21,16838.0,16849.0,16837.0,16838.0,484418297737,28784890,3449,16833.0,16841.0
667,2023-01-22,16847.0,16862.0,16846.0,16860.0,585815061692,34764058,2990,16838.0,16847.0
668,2023-01-23,16862.0,16871.0,16861.0,16870.0,453719749485,26910168,2352,16860.0,16870.0
669,2023-01-24,16873.0,16880.0,16871.0,16879.0,357042223638,21164054,2245,16870.0,16879.0
670,2023-01-25,16882.0,16896.0,16881.0,16883.0,457153615627,27092769,2283,16879.0,16881.0
671,2023-01-28,16903.0,16915.0,16899.0,16912.0,500402293048,29604834,2561,16883.0,16911.0
672,2023-01-29,16914.0,16925.0,16913.0,16922.0,483324940436,28577152,2187,16912.0,16925.0
673,2023-01-30,16923.0,16933.0,16923.0,16931.0,434200735984,25658483,2196,16922.0,16933.0
674,2023-01-31,16933.0,16942.0,16932.0,16941.0,362434791345,21405850,1978,16931.0,16935.0
675,2023-02-01,16969.0,16969.0,16952.0,16954.0,339088929892,20011353,1875,16941.0,16964.0
676,2023-02-05,16971.0,16974.0,16969.0,16970.0,543393158541,32037765,2186,16954.0,16973.0
677,2023-02-06,16979.0,16994.0,16978.0,16992.0,260295984255,15327171,1629,16970.0,16982.0
678,2023-02-07,16995.0,17003.0,16993.0,16994.0,352726114357,20766450,1821,16992.0,16997.0
679,2023-02-08,17015.0,17030.0,17014.0,17016.0,264789632360,15569268,1751,16994.0,17015.0
680,2023-02-12,17033.0,17041.0,17032.0,17033.0,400849830823,23545960,2668,17016.0,17037.0
681,2023-02-13,17041.0,17056.0,17040.0,17047.0,767433779176,45041399,2428,17033.0,17055.0
682,2023-02-14,17055.0,17065.0,17049.0,17051.0,518836286737,30444740,1948,17047.0,17050.0
683,2023-02-15,17077.0,17093.0,17076.0,17080.0,275908429080,16162161,1830,17051.0,17092.0
684,2023-02-19,17095.0,17110.0,17094.0,17108.0,360358095515,21074716,2420,17080.0,17101.0
685,2023-02-20,17110.0,17119.0,17109.0,17116.0,400618060375,23418479,2712,17108.0,17116.0
686,2023-02-21,17117.0,17123.0,17117.0,17118.0,392591516247,22946559,1995,17116.0,17117.0
687,2023-02-22,17131.0,17147.0,17130.0,17144.0,501591892181,29272197,2387,17118.0,17131.0
688,2023-02-25,17149.0,17163.0,17147.0,17160.0,642133366776,37440579,2737,17144.0,17163.0
689,2023-02-26,17171.0,17171.0,17161.0,17168.0,448546101071,26141058,2565,17160.0,17164.0
690,2023-02-27,17170.0,17181.0,17169.0,17180.0,548319462739,31933327,2623,17168.0,17181.0
691,2023-02-28,17183.0,17191.0,17181.0,17189.0,369647316188,21515753,2043,17180.0,17186.0
692,2023-03-01,17208.0,17209.0,17192.0,17206.0,523279137517,30428874,1937,17189.0,17193.0
693,2023-03-04,17211.0,17226.0,17210.0,17215.0,548135467047,31858096,2253,17206.0,17215.0
694,2023-03-05,17470.0,17479.0,17469.0,17470.0,696013639978,39861086,1921,17215.0,17472.0
695,2023-03-06,17479.0,17494.0,17479.0,17480.0,353296009007,20221611,1854,17470.0,17492.0
696,2023-03-07,17506.0,17523.0,17506.0,17518.0,297180004051,16972918,1905,17480.0,17507.0
697,2023-03-11,17525.0,17538.0,17524.0,17529.0,533456718568,30447626,2020,17518.0,17537.0
698,2023-03-12,17534.0,17551.0,17533.0,17536.0,392700421078,22405247,1543,17529.0,17534.0
699,2023-03-13,17542.0,17560.0,17542.0,17548.0,359108218127,20474902,1906,17536.0,17551.0
700,2023-03-14,17551.0,17569.0,17551.0,17567.0,592637016356,33752555,2629,17548.0,17569.0
701,2023-03-15,17571.0,17587.0,17570.0,17572.0,611057934482,34791375,2794,17567.0,17571.0
702,2023-03-18,17588.0,17606.0,17588.0,17604.0,530656766569,30160245,3369,17572.0,17604.0
703,2023-03-19,17627.0,17643.0,17626.0,17640.0,443862308470,25174429,2056,17604.0,17626.0
704,2023-03-25,17663.0,17670.0,17652.0,17667.0,437714241802,24788394,2381,17640.0,17669.0
705,2023-03-26,17670.0,17680.0,17669.0,17679.0,529086246738,29943090,2079,17667.0,17680.0
706,2023-03-28,17682.0,17689.0,17682.0,17688.0,516671700569,29210564,2562,17679.0,17689.0
707,2023-03-29,17701.0,17717.0,17699.0,17704.0,558577367132,31551386,2441,17688.0,17702.0
708,2023-04-03,17729.0,17752.0,17729.0,17746.0,448600574168,25279034,2978,17704.0,17750.0
709,2023-04-04,17759.0,17763.0,17750.0,17762.0,418277174197,23549139,3049,17746.0,17763.0
710,2023-04-05,17766.0,17783.0,17763.0,17770.0,442132423798,24880161,3033,17762.0,17764.0
711,2023-04-08,17783.0,17805.0,17783.0,17800.0,590331372252,33163773,5065,17770.0,17805.0
712,2023-04-09,17803.0,17816.0,17801.0,17813.0,565696301254,31757654,3366,17800.0,17816.0
713,2023-04-10,17816.0,17826.0,17814.0,17823.0,478657059202,26856558,2528,17813.0,17815.0
714,2023-04-11,17837.0,17857.0,17836.0,17853.0,561353477056,31443336,2733,17823.0,17836.0
715,2023-04-15,17859.0,17878.0,17857.0,17873.0,509560060176,28510807,2684,17853.0,17857.0
716,2023-04-16,17882.0,17889.0,17874.0,17887.0,607640376337,33971901,2500,17873.0,17875.0
717,2023-04-17,17890.0,17899.0,17889.0,17898.0,443452084907,24777100,2488,17887.0,17899.0
718,2023-04-18,17901.0,17911.0,17899.0,17905.0,698780502070,39026347,2543,17898.0,17906.0
719,2023-04-19,17943.0,17954.0,17932.0,17946.0,978717171826,54536774,2589,17905.0,17933.0
720,2023-04-24,17954.0,17975.0,17954.0,17973.0,824486745067,45874778,2841,17946.0,17975.0
721,2023-04-25,17984.0,17987.0,17983.0,17985.0,1070800199996,59540045,2372,17973.0,17987.0
722,2023-04-26,18007.0,18009.0,18005.0,18006.0,582730139168,32362609,2501,17985.0,18005.0
723,2023-04-29,18026.0,18029.0,18026.0,18028.0,780392061855,43286861,2805,18006.0,18028.0
724,2023-04-30,18038.0,18041.0,18037.0,18038.0,752260253533,41703876,2494,18028.0,18041.0
725,2023-05-01,18049.0,18052.0,18048.0,18049.0,667895161004,37004585,2349,18038.0,18052.0
726,2023-05-02,18058.0,18062.0,18058.0,18059.0,584514625902,32366799,2441,18049.0,18062.0
727,2023-05-03,18082.0,18083.0,18080.0,18081.0,554112844465,30646179,2264,18059.0,18082.0
728,2023-05-06,18103.0,18107.0,18103.0,18104.0,647436970352,35762122,2613,18081.0,18104.0
729,2023-05-07,18114.0,18116.0,18113.0,18114.0,558275753098,30820280,2456,18104.0,18115.0
730,2023-05-08,18126.0,18128.0,18124.0,18127.0,1083040037847,59746260,2775,18114.0,18128.0
731,2023-05-09,18136.0,18139.0,18135.0,18138.0,1070199300573,59004024,2970,18127.0,18139.0
732,2023-05-10,18157.0,18161.0,18157.0,18159.0,796153619186,43844293,2847,18138.0,18161.0
733,2023-05-13,18179.0,18183.0,18179.0,18181.0,961899732841,52906468,2536,18159.0,18183.0
734,2023-05-14,18189.0,18193.0,18189.0,18191.0,765910335182,42103517,2265,18181.0,18190.0
735,2023-05-15,18201.0,18204.0,18200.0,18201.0,950586531857,52226657,2374,18191.0,18201.0
736,2023-05-17,18235.0,18237.0,18233.0,18234.0,543490519784,29805711,2197,18201.0,18234.0
737,2023-05-20,18255.0,18259.0,18255.0,18257.0,582874629327,31925771,3273,18234.0,18256.0
738,2023-05-21,18267.0,18269.0,18266.0,18267.0,869204924181,47584372,4709,18257.0,18267.0
739,2023-05-22,18279.0,18281.0,18279.0,18280.0,560959570931,30687238,3305,18267.0,18280.0
740,2023-05-23,18291.0,18292.0,18290.0,18291.0,547982635908,29958994,2433,18280.0,18290.0
741,2023-05-24,18313.0,18315.0,18313.0,18314.0,683603941456,37326456,2204,18291.0,18315.0
742,2023-05-27,18324.0,18337.0,18324.0,18335.0,591597054557,32265583,3615,18314.0,18337.0
743,2023-05-28,18346.0,18348.0,18346.0,18347.0,651200909490,35494112,5786,18335.0,18348.0
744,2023-05-29,18357.0,18359.0,18357.0,18358.0,1385768252109,75484866,3921,18347.0,18359.0
745,2023-05-30,18369.0,18371.0,18369.0,18370.0,1287744306922,70100253,2222,18358.0,18371.0
746,2023-05-31,18393.0,18393.0,18391.0,18392.0,1052340002644,57215842,2157,18370.0,18393.0
747,2023-06-03,18425.0,18427.0,18425.0,18426.0,709396823376,38499181,2441,18392.0,18427.0
748,2023-06-06,18447.0,18449.0,18447.0,18448.0,961594889777,52125039,2511,18426.0,18448.0
749,2023-06-07,18470.0,18472.0,18470.0,18471.0,494752768185,26785200,2263,18448.0,18470.0
750,2023-06-10,18493.0,18495.0,18493.0,18494.0,1021794676183,55249880,2943,18471.0,18494.0
751,2023-06-11,18505.0,18507.0,18505.0,18506.0,910964962562,49225732,2787,18494.0,18507.0
752,2023-06-12,18518.0,18519.0,18517.0,18518.0,1222731995915,66031043,9064,18506.0,18517.0
753,2023-06-13,18529.0,18531.0,18529.0,18529.0,1993317461210,107575471,4990,18518.0,18530.0
754,2023-06-14,18555.0,18556.0,18554.0,18555.0,1025616585386,55274108,2755,18529.0,18555.0
755,2023-06-17,18579.0,18580.0,18578.0,18579.0,1610995206763,86710264,2668,18555.0,18580.0
756,2023-06-18,18590.0,18592.0,18590.0,18591.0,1340149864517,72087822,2624,18579.0,18591.0
757,2023-06-19,18603.0,18604.0,18602.0,18603.0,622384656425,33456569,3270,18591.0,18604.0
758,2023-06-20,18615.0,18616.0,18614.0,18615.0,622031619693,33415546,2367,18603.0,18616.0
759,2023-06-21,18639.0,18641.0,18638.0,18640.0,645290689008,34619120,3716,18615.0,18641.0
760,2023-06-24,18663.0,18665.0,18663.0,18664.0,1278504491792,68501086,7826,18640.0,18665.0
761,2023-06-25,18675.0,18677.0,18675.0,18676.0,1115716396152,59741767,6377,18664.0,18676.0
762,2023-06-26,18688.0,18690.0,18688.0,18689.0,857320837631,45873218,3960,18676.0,18689.0
763,2023-06-27,18700.0,18702.0,18700.0,18701.0,801248144862,42845498,8563,18689.0,18702.0
764,2023-06-28,18724.0,18726.0,18724.0,18725.0,617458811130,32975589,5615,18701.0,18726.0
765,2023-07-01,18749.0,18751.0,18749.0,18750.0,618370704703,32980004,3142,18725.0,18749.0
766,2023-07-02,18762.0,18763.0,18761.0,18762.0,754504973348,40215283,2929,18750.0,18762.0
767,2023-07-03,18774.0,18775.0,18773.0,18774.0,699376646730,37252717,4191,18762.0,18773.0
768,2023-07-04,18786.0,18788.0,18786.0,18787.0,1731895282293,92186746,5303,18774.0,18788.0
769,2023-07-05,18810.0,18812.0,18810.0,18811.0,1331650474342,70792865,4700,18787.0,18811.0
770,2023-07-08,18836.0,18837.0,18835.0,18836.0,1152624162195,61193416,3623,18811.0,18836.0
771,2023-07-09,18847.0,18849.0,18847.0,18848.0,891294291344,47288465,2882,18836.0,18848.0
772,2023-07-10,18860.0,18862.0,18860.0,18861.0,798683565479,42346730,2945,18848.0,18860.0
773,2023-07-11,18874.0,18875.0,18873.0,18874.0,1056174323344,55959705,2779,18861.0,18873.0
774,2023-07-12,18898.0,18900.0,18898.0,18899.0,1265204246692,66945634,3218,18874.0,18899.0
775,2023-07-15,18915.0,18917.0,18915.0,18916.0,1017879462526,53810830,3007,18899.0,18917.0
776,2023-07-16,18928.0,18930.0,18928.0,18929.0,867167096474,45812354,2258,18916.0,18930.0
777,2023-07-17,18941.0,18943.0,18941.0,18942.0,1095986458462,57860445,2609,18929.0,18942.0
778,2023-07-18,18953.0,18955.0,18953.0,18954.0,1053339753161,55574684,2874,18942.0,18955.0
779,2023-07-19,18979.0,18980.0,18978.0,18979.0,766044120743,40363106,4437,18954.0,18980.0
780,2023-07-22,19003.0,19005.0,19003.0,19004.0,1257130113592,66150930,7587,18979.0,19004.0
781,2023-07-23,19016.0,19018.0,19016.0,19017.0,1281281625738,67377167,5222,19004.0,19018.0
782,2023-07-24,19028.0,19030.0,19028.0,19029.0,909908506030,47816846,2625,19017.0,19030.0
783,2023-07-25,19041.0,19043.0,19041.0,19042.0,840241640604,44125921,3338,19029.0,19043.0
784,2023-07-26,19066.0,19068.0,19066.0,19067.0,615965827485,32305541,4148,19042.0,19068.0
785,2023-07-29,19092.0,19093.0,19091.0,19092.0,1363275502658,71406007,3713,19067.0,19092.0
786,2023-07-30,19105.0,19106.0,19104.0,19105.0,575877660270,30142783,3992,19092.0,19106.0
787,2023-07-31,19117.0,19119.0,19117.0,19118.0,869605028435,45486870,4012,19105.0,19119.0
788,2023-08-01,19129.0,19157.0,19129.0,19153.0,1028766579607,53713503,3149,19118.0,19156.0
789,2023-08-05,19180.0,19182.0,19180.0,19181.0,1066821514489,55619475,3346,19153.0,19180.0
790,2023-08-06,19193.0,19195.0,19193.0,19194.0,2778108327857,144736198,2895,19181.0,19194.0
791,2023-08-07,19206.0,19207.0,19205.0,19206.0,1334017259763,69459694,4947,19194.0,19206.0
792,2023-08-08,19218.0,19220.0,19218.0,19219.0,1026864382077,53430195,8588,19206.0,19220.0
793,2023-08-09,19243.0,19245.0,19243.0,19244.0,947502374653,49236822,5912,19219.0,19244.0
794,2023-08-12,19269.0,19271.0,19269.0,19270.0,1075033531243,55788424,2933,19244.0,19270.0
795,2023-08-13,19284.0,19284.0,19282.0,19283.0,1328561733820,68898226,2958,19270.0,19283.0
796,2023-08-14,19294.0,19296.0,19294.0,19295.0,1501934310118,77841142,2855,19283.0,19295.0
797,2023-08-15,19308.0,19310.0,19308.0,19309.0,1303880310932,67527685,4080,19295.0,19310.0
798,2023-08-16,19334.0,19336.0,19334.0,19335.0,1382365970071,71497020,5067,19309.0,19335.0
799,2023-08-19,19360.0,19361.0,19359.0,19360.0,1943295212044,100379118,9373,19335.0,19361.0
800,2023-08-20,19373.0,19374.0,19372.0,19373.0,1037607886263,53560542,6325,19360.0,19373.0
801,2023-08-21,19383.0,19384.0,19382.0,19383.0,1209834230681,62418375,3389,19373.0,19384.0
802,2023-08-22,19395.0,19397.0,19395.0,19396.0,1023065705888,52745572,5250,19383.0,19396.0
803,2023-08-23,19420.0,19422.0,19420.0,19421.0,1989450359412,102440731,4598,19396.0,19421.0
804,2023-08-26,19448.0,19448.0,19446.0,19447.0,1316359878776,67689852,4587,19421.0,19446.0
805,2023-08-27,19459.0,19461.0,19459.0,19460.0,1502190878316,77195506,4083,19447.0,19460.0
806,2023-08-28,19472.0,19474.0,19472.0,19473.0,2744933685588,140964429,3848,19460.0,19472.0
807,2023-08-29,19486.0,19487.0,19485.0,19486.0,1143216603963,58668976,4004,19473.0,19487.0
808,2023-08-30,19511.0,19512.0,19510.0,19511.0,1558349663494,79871236,4326,19486.0,19511.0
809,2023-09-02,19537.0,19538.0,19536.0,19537.0,1293975704670,66232447,10811,19511.0,19537.0
810,2023-09-03,19549.0,19551.0,19549.0,19550.0,1883626680221,96347382,7893,19537.0,19551.0
811,2023-09-04,19563.0,19564.0,19562.0,19563.0,1812997869030,92675711,3518,19550.0,19564.0
812,2023-09-05,19601.0,19603.0,19601.0,19602.0,2246713605438,114618823,3937,19563.0,19603.0
813,2023-09-09,19627.0,19629.0,19627.0,19628.0,1010293837272,51472280,5925,19602.0,19629.0
814,2023-09-10,19641.0,19642.0,19640.0,19641.0,1308692237015,66630397,5308,19628.0,19641.0
815,2023-09-11,19653.0,19655.0,19653.0,19654.0,1203757777008,61247816,4778,19641.0,19654.0
816,2023-09-12,19666.0,19668.0,19666.0,19666.0,2223092007862,113040080,4321,19654.0,19667.0
817,2023-09-13,19705.0,19707.0,19705.0,19706.0,1498598156940,76047262,3665,19666.0,19707.0
818,2023-09-17,19732.0,19733.0,19731.0,19732.0,2702422239187,136957769,4277,19706.0,19733.0
819,2023-09-18,19744.0,19746.0,19744.0,19745.0,1423542881075,72097706,3563,19732.0,19745.0
820,2023-09-19,19757.0,19759.0,19757.0,19758.0,1794453859354,90823477,4255,19745.0,19759.0
821,2023-09-20,19783.0,19785.0,19783.0,19784.0,3312289533467,167426106,4065,19758.0,19784.0
822,2023-09-23,19811.0,19812.0,19810.0,19811.0,1714343948420,86533909,4607,19784.0,19811.0
823,2023-09-25,19836.0,19838.0,19836.0,19837.0,1828732504531,92187983,5028,19811.0,19836.0
824,2023-09-26,19850.0,19851.0,19849.0,19850.0,2720973298593,137079065,4056,19837.0,19850.0
825,2023-09-27,19876.0,19878.0,19876.0,19877.0,1864095683458,93782838,4621,19850.0,19877.0
826,2023-09-30,19903.0,19904.0,19902.0,19903.0,2061189170710,103561227,5166,19877.0,19903.0
827,2023-10-01,19915.0,19917.0,19915.0,19916.0,2603532944523,130728708,5015,19903.0,19917.0
828,2023-10-02,19930.0,19931.0,19929.0,19930.0,3332212149096,167196377,4160,19916.0,19930.0
829,2023-10-04,19968.0,19970.0,19968.0,19969.0,2900469823906,145251615,4442,19930.0,19970.0
830,2023-10-07,19996.0,19997.0,19995.0,19996.0,2295714073302,114811089,4319,19969.0,19996.0
831,2023-10-08,20009.0,20010.0,20008.0,20009.0,4619679705322,230881699,4631,19996.0,20010.0
832,2023-10-09,20022.0,20024.0,20022.0,20023.0,2807049803196,140194157,4170,20009.0,20023.0
833,2023-10-10,20036.0,20037.0,20035.0,20036.0,1609081545909,80309867,3767,20023.0,20036.0
834,2023-10-11,20062.0,20064.0,20062.0,20063.0,1874505895261,93433208,3698,20036.0,20063.0
835,2023-10-14,20088.0,20090.0,20088.0,20089.0,2644335631469,131632919,4379,20063.0,20089.0
836,2023-10-15,20102.0,20104.0,20102.0,20103.0,1876575320505,93349275,3987,20089.0,20103.0
837,2023-10-16,20115.0,20117.0,20115.0,20116.0,1656741468279,82360756,3850,20103.0,20116.0
838,2023-10-17,20128.0,20130.0,20128.0,20128.0,2130616385976,105851356,3555,20116.0,20129.0
839,2023-10-18,20155.0,20157.0,20155.0,20155.0,2277833856804,113013511,3977,20128.0,20157.0
840,2023-10-21,20182.0,20184.0,20182.0,20182.0,2999405574646,148615408,4759,20155.0,20183.0
841,2023-10-22,20195.0,20197.0,20195.0,20195.0,2224806836327,110163629,4530,20182.0,20196.0
842,2023-10-23,20209.0,20211.0,20209.0,20209.0,2665077260726,131873488,5254,20195.0,20210.0
843,2023-10-24,20222.0,20224.0,20222.0,20222.0,3525172187950,174320822,4730,20209.0,20224.0
844,2023-10-25,20249.0,20251.0,20249.0,20249.0,2350117492690,116058162,5076,20222.0,20250.0
845,2023-10-28,20276.0,20278.0,20276.0,20277.0,2063313282433,101758763,5593,20249.0,20277.0
846,2023-10-29,20290.0,20292.0,20290.0,20291.0,1898147302061,93548375,4049,20277.0,20292.0
847,2023-10-30,20303.0,20305.0,20303.0,20303.0,2102790465228,103568525,5149,20291.0,20304.0
848,2023-10-31,20317.0,20319.0,20317.0,20318.0,3257893547947,160346432,5493,20303.0,20319.0
849,2023-11-01,20344.0,20346.0,20344.0,20344.0,2462388251527,121035780,4193,20318.0,20346.0
850,2023-11-04,20371.0,20373.0,20371.0,20372.0,2181777360382,107098681,4627,20344.0,20372.0
851,2023-11-05,20384.0,20386.0,20384.0,20385.0,1806452005904,88617641,5718,20372.0,20386.0
852,2023-11-06,20398.0,20400.0,20398.0,20398.0,1953056462237,95745270,5074,20385.0,20400.0
853,2023-11-07,20412.0,20414.0,20412.0,20413.0,2131259263181,104409381,5176,20398.0,20414.0
854,2023-11-08,20439.0,20441.0,20439.0,20439.0,2610926079121,127739578,4863,20413.0,20440.0
855,2023-11-11,20466.0,20468.0,20466.0,20467.0,4144907219774,202520663,5885,20439.0,20467.0
856,2023-11-12,20481.0,20482.0,20480.0,20480.0,1748845904993,85390986,4685,20467.0,20482.0
857,2023-11-13,20493.0,20495.0,20493.0,20494.0,3080648947934,150322374,5169,20480.0,20493.0
858,2023-11-14,20507.0,20509.0,20507.0,20508.0,2134361754309,104076876,6023,20494.0,20508.0
859,2023-11-15,20534.0,20536.0,20534.0,20534.0,2536136508193,123506473,8885,20508.0,20535.0
860,2023-11-18,20562.0,20564.0,20562.0,20563.0,2752049902001,133837750,11129,20534.0,20562.0
861,2023-11-19,20575.0,20577.0,20575.0,20575.0,2461007695773,119608977,5378,20563.0,20577.0
862,2023-11-20,20589.0,20591.0,20589.0,20589.0,1499813083681,72843624,4929,20575.0,20590.0
863,2023-11-21,20603.0,20605.0,20603.0,20603.0,3647244561491,177022092,5718,20589.0,20604.0
864,2023-11-22,20630.0,20632.0,20630.0,20630.0,4616203365328,223758237,5098,20603.0,20632.0
865,2023-11-25,20657.0,20659.0,20657.0,20658.0,3477643137896,168347137,6860,20630.0,20658.0
866,2023-11-26,20671.0,20673.0,20671.0,20672.0,2423384585241,117232113,6755,20658.0,20672.0
867,2023-11-27,20685.0,20687.0,20685.0,20686.0,2222117883893,107421754,4973,20672.0,20686.0
868,2023-11-28,20699.0,20701.0,20699.0,20699.0,1881250832554,90883943,5606,20686.0,20700.0
869,2023-11-29,20726.0,20728.0,20726.0,20727.0,2904320092643,140125682,5735,20699.0,20728.0
870,2023-12-02,20754.0,20756.0,20754.0,20754.0,3453691273903,166406940,5704,20727.0,20755.0
871,2023-12-03,20769.0,20770.0,20768.0,20769.0,2659719471724,128063353,5636,20754.0,20769.0
872,2023-12-04,20781.0,20783.0,20781.0,20781.0,2145122268640,103222870,5207,20769.0,20782.0
873,2023-12-05,20795.0,20797.0,20795.0,20796.0,2366448084347,113794120,5115,20781.0,20797.0
874,2023-12-06,20823.0,20825.0,20823.0,20823.0,3682735169528,176855949,4727,20796.0,20825.0
875,2023-12-09,20851.0,20853.0,20851.0,20851.0,2725256674659,130699173,5138,20823.0,20852.0
876,2023-12-10,20864.0,20866.0,20864.0,20864.0,3860818264690,185044738,4649,20851.0,20865.0
877,2023-12-11,20878.0,20880.0,20878.0,20878.0,2526313727089,121001755,4609,20864.0,20879.0
878,2023-12-12,20892.0,20894.0,20892.0,20893.0,2970036538805,142157813,4655,20878.0,20893.0
879,2023-12-13,20920.0,20922.0,20920.0,20921.0,2418069412668,115582466,4467,20893.0,20920.0
880,2023-12-16,20948.0,20950.0,20948.0,20948.0,2141940658663,102247960,5019,20921.0,20950.0
881,2023-12-18,20976.0,20978.0,20976.0,20976.0,4325310748493,206200286,5702,20948.0,20977.0
882,2023-12-19,20990.0,20992.0,20990.0,20990.0,3045468076518,145088644,4867,20976.0,20991.0
883,2023-12-20,21019.0,21021.0,21019.0,21020.0,4574940363693,217651980,5439,20990.0,21020.0
884,2023-12-23,21047.0,21049.0,21047.0,21047.0,4639656385699,220439516,6596,21020.0,21048.0
885,2023-12-24,21061.0,21063.0,21061.0,21061.0,2913190754977,138318345,5607,21047.0,21063.0
886,2023-12-25,21075.0,21077.0,21075.0,21075.0,2450843076043,116289440,5562,21061.0,21076.0
887,2023-12-26,21089.0,21091.0,21089.0,21089.0,3580514345966,169777660,6055,21075.0,21090.0
888,2023-12-27,21117.0,21119.0,21117.0,21117.0,5585203095670,264485555,7884,21089.0,21118.0
889,2023-12-30,21145.0,21147.0,21145.0,21145.0,5521695017303,261132199,11434,21117.0,21146.0
890,2023-12-31,21159.0,21161.0,21159.0,21159.0,3515977416255,166166052,6945,21145.0,21160.0
891,2024-01-01,21173.0,21175.0,21173.0,21174.0,2354195664976,111185501,8444,21159.0,21174.0
892,2024-01-02,21187.0,21189.0,21187.0,21187.0,2397032787910,113135110,9847,21174.0,21189.0
893,2024-01-03,21216.0,21218.0,21216.0,21216.0,5909614952358,278540485,5711,21187.0,21217.0
894,2024-01-06,21244.0,21246.0,21244.0,21244.0,4566147992381,214935387,6345,21216.0,21246.0
895,2024-01-07,21259.0,21261.0,21259.0,21260.0,1718141457741,80816824,5601,21244.0,21260.0
896,2024-01-08,21273.0,21275.0,21273.0,21273.0,2700827228989,126958389,4852,21260.0,21274.0
897,2024-01-09,21288.0,21290.0,21288.0,21288.0,2115250604993,99361236,5768,21273.0,21290.0
898,2024-01-10,21317.0,21319.0,21317.0,21317.0,4215179844562,197735261,6216,21288.0,21318.0
899,2024-01-13,21346.0,21348.0,21346.0,21346.0,4933991564125,231140169,4935,21317.0,21347.0
900,2024-01-14,21360.0,21362.0,21360.0,21360.0,3283602840881,153723718,7989,21346.0,21362.0
901,2024-01-15,21375.0,21377.0,21375.0,21375.0,3514764887467,164430008,5362,21360.0,21376.0
902,2024-01-16,21389.0,21391.0,21389.0,21390.0,3386971439412,158346842,6043,21375.0,21390.0
903,2024-01-17,21419.0,21421.0,21419.0,21419.0,3780347416468,176491304,7794,21390.0,21420.0
904,2024-01-20,21448.0,21450.0,21448.0,21448.0,3391322387013,158115054,6855,21419.0,21449.0
905,2024-01-21,21462.0,21464.0,21462.0,21463.0,4068541781793,189561330,6440,21448.0,21464.0
906,2024-01-22,21477.0,21479.0,21477.0,21478.0,3114566678979,145013546,7555,21463.0,21478.0
907,2024-01-23,21492.0,21494.0,21492.0,21493.0,2298594029700,106948186,8342,21478.0,21494.0
908,2024-01-24,21521.0,21523.0,21521.0,21522.0,4331445212797,201259197,6581,21493.0,21523.0
909,2024-01-27,21550.0,21552.0,21550.0,21551.0,3416253697833,158523043,6483,21522.0,21551.0
910,2024-01-28,21565.0,21567.0,21565.0,21566.0,3243899416747,150420322,5989,21551.0,21567.0
911,2024-01-29,21579.0,21581.0,21579.0,21580.0,2786873782201,129144203,6461,21566.0,21580.0
912,2024-01-30,21594.0,21596.0,21594.0,21595.0,6383859314230,295624246,10502,21580.0,21595.0
913,2024-01-31,21624.0,21626.0,21624.0,21624.0,5318576022116,245953049,14226,21595.0,21625.0
914,2024-02-03,21653.0,21655.0,21653.0,21653.0,5133682099739,237085713,6312,21624.0,21654.0
915,2024-02-04,21668.0,21670.0,21668.0,21669.0,3065589092322,141475168,4675,21653.0,21669.0
916,2024-02-05,21682.0,21684.0,21682.0,21682.0,4572208030958,210873127,5398,21669.0,21684.0
917,2024-02-06,21697.0,21699.0,21697.0,21698.0,2887275362706,133069289,5053,21682.0,21698.0
918,2024-02-07,21727.0,21729.0,21727.0,21728.0,4754464825376,218821519,9072,21698.0,21728.0
919,2024-02-10,21756.0,21758.0,21756.0,21757.0,4522033627003,207846993,13598,21728.0,21757.0
920,2024-02-12,21786.0,21788.0,21786.0,21786.0,5124514662266,235218528,6467,21757.0,21788.0
921,2024-02-13,21801.0,21803.0,21801.0,21801.0,2844407831790,130469040,8563,21786.0,21802.0
922,2024-02-14,21830.0,21832.0,21830.0,21831.0,2755568836552,126223335,7714,21801.0,21832.0
923,2024-02-17,21860.0,21862.0,21860.0,21861.0,4367991151796,199810388,13861,21831.0,21860.0
924,2024-02-18,21875.0,21877.0,21875.0,21876.0,3166631129535,144756768,6087,21861.0,21876.0
925,2024-02-19,21890.0,21892.0,21890.0,21891.0,2877490017600,131449059,5530,21876.0,21891.0
926,2024-02-20,21905.0,21907.0,21905.0,21905.0,3644281760922,166364540,5889,21891.0,21906.0
927,2024-02-21,21934.0,21936.0,21934.0,21935.0,3193775501792,145604259,9326,21905.0,21935.0
928,2024-02-24,21964.0,21966.0,21964.0,21965.0,5679886900485,258591234,7128,21935.0,21966.0
929,2024-02-26,21994.0,21996.0,21994.0,21994.0,4804589075726,218447552,10762,21965.0,21995.0
930,2024-02-27,22009.0,22011.0,22009.0,22009.0,2316131458448,105233604,5768,21994.0,22010.0
931,2024-02-28,22039.0,22041.0,22039.0,22040.0,2640778357822,119818568,6117,22009.0,22041.0
932,2024-03-02,22069.0,22071.0,22069.0,22069.0,3402215044371,154160324,7939,22040.0,22070.0
933,2024-03-03,22084.0,22086.0,22084.0,22085.0,4325722028352,195870501,6696,22069.0,22086.0
934,2024-03-04,22100.0,22101.0,22099.0,22100.0,3383951786562,153122067,5816,22085.0,22100.0
935,2024-03-05,22114.0,22116.0,22114.0,22114.0,3066905479657,138683458,6524,22100.0,22115.0
936,2024-03-06,22145.0,22146.0,22144.0,22145.0,4697503324428,212124863,6250,22114.0,22146.0
937,2024-03-09,22175.0,22177.0,22175.0,22175.0,5078922011901,229035042,6726,22145.0,22176.0
938,2024-03-10,22190.0,22192.0,22190.0,22191.0,2776904857708,125137778,4501,22175.0,22191.0
939,2024-03-11,22205.0,22207.0,22205.0,22205.0,2523535724577,113644855,4939,22191.0,22206.0
940,2024-03-12,22220.0,22222.0,22220.0,22221.0,2905063853807,130737261,5641,22205.0,22220.0
941,2024-03-13,22250.0,22252.0,22250.0,22251.0,5321180873720,239148727,5253,22221.0,22251.0
942,2024-03-16,22280.0,22282.0,22280.0,22280.0,5183848796159,232664781,6175,22251.0,22281.0
943,2024-03-17,22296.0,22298.0,22296.0,22297.0,2501244989513,112180975,5081,22280.0,22297.0
944,2024-03-18,22359.0,22449.0,22359.0,22361.0,5503340714138,246116895,5805,22297.0,22446.0
945,2024-03-24,22407.0,22409.0,22407.0,22408.0,4220848682448,188359828,6225,22361.0,22409.0
946,2024-03-25,22422.0,22424.0,22422.0,22423.0,2205236091556,98348452,5279,22408.0,22423.0
947,2024-03-26,22438.0,22440.0,22438.0,22439.0,3155303461071,140619215,5441,22423.0,22438.0
948,2024-03-27,22470.0,22472.0,22470.0,22471.0,2727021734992,121359680,4783,22439.0,22472.0
949,2024-03-30,22518.0,22520.0,22518.0,22519.0,3420781468256,151906854,5350,22471.0,22519.0
950,2024-04-02,22550.0,22552.0,22550.0,22551.0,6991399791831,310031087,6208,22519.0,22551.0
951,2024-04-03,22582.0,22584.0,22582.0,22583.0,3198834409580,141648245,5664,22551.0,22584.0
952,2024-04-06,22614.0,22616.0,22614.0,22614.0,4105225134129,181531599,7225,22583.0,22615.0
953,2024-04-07,22630.0,22632.0,22630.0,22631.0,4041919607748,178604455,6411,22614.0,22632.0
954,2024-04-08,22646.0,22648.0,22646.0,22647.0,3307242479056,146035518,5599,22631.0,22647.0
955,2024-04-09,22694.0,22696.0,22694.0,22695.0,4758239870201,209663250,5334,22647.0,22695.0
956,2024-04-13,22726.0,22728.0,22726.0,22727.0,4814495554294,211844996,6105,22695.0,22727.0
957,2024-04-14,22742.0,22744.0,22742.0,22743.0,3446809674293,151557380,5988,22727.0,22743.0
958,2024-04-15,22758.0,22760.0,22758.0,22758.0,3659441472952,160795354,5910,22743.0,22760.0
959,2024-04-16,22774.0,22776.0,22774.0,22774.0,4108115032247,180382753,4940,22758.0,22775.0
960,2024-04-17,22807.0,22809.0,22807.0,22808.0,3715249368137,162894608,4451,22774.0,22808.0
961,2024-04-20,22839.0,22841.0,22839.0,22839.0,4425891265410,193782478,6319,22808.0,22840.0
962,2024-04-21,22855.0,22857.0,22855.0,22856.0,2927946451227,128106063,5591,22839.0,22855.0
963,2024-04-22,22872.0,22874.0,22872.0,22873.0,2675480163030,116972714,5063,22856.0,22873.0
964,2024-04-23,22888.0,22890.0,22888.0,22889.0,2230055470617,97430010,5605,22873.0,22889.0
965,2024-04-24,22921.0,22923.0,22921.0,22922.0,3169789345630,138286180,5758,22889.0,22922.0
966,2024-04-27,22954.0,22956.0,22954.0,22954.0,3621854640890,157784648,6813,22922.0,22955.0
967,2024-04-28,22971.0,22973.0,22971.0,22972.0,2315243611607,100785901,5186,22954.0,22972.0
968,2024-04-29,22987.0,22989.0,22987.0,22988.0,1959257358002,85230538,4557,22972.0,22987.0
969,2024-04-30,23005.0,23006.0,23004.0,23005.0,2286150087465,99376984,4672,22988.0,23005.0
970,2024-05-01,23054.0,23056.0,23054.0,23055.0,1835563325659,79617729,4010,23005.0,23055.0
971,2024-05-05,23087.0,23089.0,23087.0,23088.0,2205273272331,95517799,5218,23055.0,23088.0
972,2024-05-06,23104.0,23106.0,23104.0,23104.0,2174781743664,94128135,4615,23088.0,23105.0
973,2024-05-07,23121.0,23123.0,23121.0,23121.0,2253045609827,97443937,4469,23104.0,23123.0
974,2024-05-08,23154.0,23156.0,23154.0,23155.0,3730417536490,161106463,4284,23121.0,23155.0
975,2024-05-11,23187.0,23189.0,23187.0,23187.0,5049921799298,217788519,5461,23155.0,23188.0
976,2024-05-12,23204.0,23206.0,23204.0,23204.0,3878528048034,167147223,4509,23187.0,23205.0
977,2024-05-13,23221.0,23223.0,23221.0,23222.0,1770395713255,76239472,4901,23204.0,23222.0
978,2024-05-14,23237.0,23239.0,23237.0,23238.0,1545756150838,66519886,4468,23222.0,23238.0
979,2024-05-15,23271.0,23273.0,23271.0,23272.0,4818708294529,207062864,8811,23238.0,23272.0
980,2024-05-18,23304.0,23306.0,23304.0,23304.0,4154601879619,178276481,9862,23272.0,23304.0
981,2024-05-19,23321.0,23323.0,23321.0,23322.0,1670528459736,71629627,4302,23304.0,23323.0
982,2024-05-21,23388.0,23390.0,23388.0,23389.0,2597446549328,111055366,5172,23322.0,23390.0
983,2024-05-25,23422.0,23424.0,23422.0,23423.0,3192873114059,136315643,5385,23389.0,23422.0
984,2024-05-26,23439.0,23441.0,23439.0,23440.0,2736412217154,116742674,3927,23423.0,23440.0
985,2024-05-27,23455.0,23457.0,23455.0,23455.0,3381956851405,144187390,3785,23440.0,23455.0
986,2024-05-28,23472.0,23474.0,23472.0,23472.0,3496554638417,148964256,4344,23455.0,23473.0
987,2024-05-29,23506.0,23508.0,23506.0,23507.0,4906852087028,208740120,5958,23472.0,23507.0
988,2024-06-01,23540.0,23542.0,23540.0,23540.0,4488537057978,190675155,4585,23507.0,23541.0
989,2024-06-02,23574.0,23576.0,23574.0,23575.0,4782040565769,202843745,3802,23540.0,23576.0
990,2024-06-05,23625.0,23627.0,23625.0,23626.0,4819745058589,204003195,3784,23575.0,23627.0
991,2024-06-08,23660.0,23662.0,23660.0,23660.0,5652107536701,238886611,4416,23626.0,23661.0
992,2024-06-09,23677.0,23679.0,23677.0,23678.0,4424222250246,186852986,3774,23660.0,23678.0
993,2024-06-10,23695.0,23697.0,23695.0,23696.0,2024595233719,85442054,3702,23678.0,23696.0
994,2024-06-11,23712.0,23714.0,23712.0,23713.0,2900484414514,122318384,3381,23696.0,23713.0
995,2024-06-12,23748.0,23750.0,23748.0,23749.0,5604573487198,235991967,3750,23713.0,23750.0
996,2024-06-15,23783.0,23785.0,23783.0,23783.0,5622383087618,236401206,4104,23749.0,23784.0
997,2024-06-16,23800.0,23802.0,23800.0,23802.0,7408077044613,311242800,3963,23783.0,23802.0
998,2024-06-18,23835.0,23836.0,23835.0,23835.0,8717418521228,365737365,4560,23802.0,23836.0
999,2024-06-19,23871.0,23873.0,23871.0,23872.0,2549115110605,106782582,3329,23835.0,23873.0
1000,2024-06-22,23906.0,23908.0,23906.0,23907.0,3542714668377,148190105,5504,23872.0,23906.0
1001,2024-06-23,23924.0,23926.0,23924.0,23925.0,2178244782336,91045936,4303,23907.0,23926.0
1002,2024-06-24,23950.0,23952.0,23950.0,23951.0,6628250810835,276745214,4710,23925.0,23952.0
1003,2024-06-26,23995.0,23997.0,23995.0,23996.0,5090691082830,212149520,4385,23951.0,23997.0
1004,2024-06-29,24030.0,24032.0,24030.0,24030.0,4528564568843,188451732,4693,23996.0,24030.0
1005,2024-06-30,24048.0,24050.0,24048.0,24048.0,4162147772460,173074108,7188,24030.0,24049.0
1006,2024-07-01,24066.0,24068.0,24066.0,24067.0,2592634685141,107727060,7694,24048.0,24067.0
1007,2024-07-02,24084.0,24086.0,24084.0,24084.0,5829086894376,242028404,4198,24067.0,24085.0
1008,2024-07-03,24119.0,24121.0,24119.0,24120.0,3767948313818,156217011,3848,24084.0,24120.0
1009,2024-07-06,24155.0,24157.0,24155.0,24155.0,5485590148930,227096474,6904,24120.0,24156.0
1010,2024-07-07,24173.0,24175.0,24173.0,24174.0,4838992988416,200175421,5172,24155.0,24174.0
1011,2024-07-08,24191.0,24193.0,24191.0,24192.0,2889492857898,119441531,6751,24174.0,24191.0
1012,2024-07-09,24210.0,24211.0,24209.0,24210.0,2518084844120,104010890,10886,24192.0,24210.0
1013,2024-07-10,24245.0,24247.0,24245.0,24246.0,4863269957991,200581974,6248,24210.0,24246.0
1014,2024-07-13,24281.0,24283.0,24281.0,24281.0,5036597788911,207426643,6448,24246.0,24282.0
1015,2024-07-14,24317.0,24318.0,24316.0,24317.0,2796772189156,115012491,5891,24281.0,24317.0
1016,2024-07-17,24371.0,24372.0,24370.0,24371.0,4720706339982,193703583,7876,24317.0,24371.0
1017,2024-07-20,24407.0,24409.0,24407.0,24407.0,6933103216826,284058884,8041,24371.0,24407.0
1018,2024-07-21,24426.0,24427.0,24425.0,24426.0,2906086196531,118976423,9009,24407.0,24426.0
1019,2024-07-22,24443.0,24445.0,24443.0,24444.0,4680349356328,191474144,8062,24426.0,24444.0
1020,2024-07-23,24461.0,24463.0,24461.0,24461.0,3592399124790,146859683,8647,24444.0,24462.0
1021,2024-07-24,24497.0,24499.0,24497.0,24498.0,6601362803622,269463948,10862,24461.0,24498.0
1022,2024-07-27,24533.0,24535.0,24533.0,24533.0,7488169016665,305224404,13546,24498.0,24534.0
1023,2024-07-29,24570.0,24572.0,24570.0,24571.0,3459024593043,140777858,11917,24533.0,24571.0
1024,2024-07-30,24589.0,24590.0,24588.0,24589.0,4641087310955,188747770,11987,24571.0,24590.0
1025,2024-07-31,24625.0,24626.0,24624.0,24625.0,5193312119565,210895973,9935,24589.0,24625.0
1026,2024-08-03,24661.0,24663.0,24661.0,24662.0,6284539766112,254830326,11537,24625.0,24663.0
1027,2024-08-04,24680.0,24681.0,24679.0,24680.0,3033648633747,122920311,9848,24662.0,24679.0
1028,2024-08-05,24698.0,24699.0,24697.0,24698.0,3681257472034,149050887,9617,24680.0,24697.0
1029,2024-08-06,24715.0,24717.0,24715.0,24716.0,3354098222411,135707303,10603,24698.0,24716.0
1030,2024-08-10,24790.0,24791.0,24789.0,24790.0,3964485386150,159924758,10591,24716.0,24790.0
1031,2024-08-11,24808.0,24809.0,24807.0,24808.0,3193232468376,128719457,8435,24790.0,24808.0
1032,2024-08-12,24826.0,24828.0,24826.0,24827.0,5252046801038,211549091,9185,24808.0,24827.0
1033,2024-08-13,24846.0,24846.0,24844.0,24845.0,5505639582140,221603225,9099,24827.0,24844.0
1034,2024-08-14,24881.0,24883.0,24881.0,24882.0,7728068324523,310594690,8148,24845.0,24883.0
1035,2024-08-17,24918.0,24920.0,24918.0,24918.0,5951653360546,238846931,10358,24882.0,24918.0
1036,2024-08-18,24936.0,24938.0,24936.0,24937.0,5042471545352,202211633,11096,24918.0,24938.0
1037,2024-08-19,24955.0,24957.0,24955.0,24956.0,2509381815536,100553378,9734,24937.0,24956.0
1038,2024-08-20,24974.0,24975.0,24973.0,24974.0,3619886297276,144947452,10451,24956.0,24974.0
1039,2024-08-21,25012.0,25013.0,25011.0,25012.0,2508859606429,100307558,11077,24974.0,25012.0
1040,2024-08-24,25057.0,25059.0,25057.0,25058.0,3371904270803,134565406,10565,25012.0,25057.0
1041,2024-08-26,25085.0,25087.0,25085.0,25086.0,3847831841309,153386602,11692,25058.0,25086.0
1042,2024-08-27,25105.0,25106.0,25104.0,25105.0,5256806223551,209391636,11039,25086.0,25105.0
1043,2024-08-28,25142.0,25143.0,25141.0,25142.0,4971687238579,197745282,10601,25105.0,25142.0
1044,2024-08-31,25178.0,25180.0,25178.0,25178.0,5746499121087,228230804,12029,25142.0,25178.0
1045,2024-09-01,25207.0,25208.0,25206.0,25207.0,4775022843705,189429742,10197,25178.0,25207.0
1046,2024-09-03,25262.0,25264.0,25262.0,25263.0,6931677251509,274381245,10514,25207.0,25263.0
1047,2024-09-07,25308.0,25310.0,25308.0,25308.0,6522161504686,257706626,11377,25263.0,25309.0
1048,2024-09-08,25326.0,25328.0,25326.0,25327.0,3746513243660,147927719,9404,25308.0,25327.0
1049,2024-09-09,25345.0,25347.0,25345.0,25346.0,5191999843079,204845631,10222,25327.0,25346.0
1050,2024-09-10,25365.0,25366.0,25364.0,25365.0,4450320031975,175450661,9966,25346.0,25365.0
1051,2024-09-11,25401.0,25403.0,25401.0,25402.0,5668141601994,223137513,10360,25365.0,25402.0
1052,2024-09-14,25440.0,25442.0,25440.0,25440.0,5549555460242,218138913,11341,25402.0,25441.0
1053,2024-09-15,25458.0,25460.0,25458.0,25458.0,3880784698434,152436049,9661,25440.0,25459.0
1054,2024-09-16,25477.0,25479.0,25477.0,25478.0,5362563518814,210480834,9928,25458.0,25478.0
1055,2024-09-17,25497.0,25498.0,25496.0,25497.0,7109830754619,278852565,10789,25478.0,25497.0
1056,2024-09-18,25545.0,25546.0,25544.0,25545.0,6909995286224,270499496,10834,25497.0,25545.0
1057,2024-09-22,25591.0,25593.0,25591.0,25591.0,7942571860507,310361300,13748,25545.0,25591.0
1058,2024-09-23,25611.0,25613.0,25611.0,25612.0,4202949206340,164101173,10070,25591.0,25613.0
1059,2024-09-24,25631.0,25632.0,25630.0,25631.0,6110386402630,238402047,11917,25612.0,25631.0
1060,2024-09-25,25670.0,25672.0,25670.0,25671.0,6156093149084,239806997,10228,25631.0,25672.0
1061,2024-09-28,25710.0,25712.0,25710.0,25711.0,7471222876959,290590047,13453,25671.0,25711.0
1062,2024-09-29,25729.0,25731.0,25729.0,25730.0,4708943980536,183013653,10385,25711.0,25730.0
1063,2024-09-30,25749.0,25751.0,25749.0,25750.0,4074498882757,158234645,9693,25730.0,25750.0
1064,2024-10-01,25770.0,25771.0,25769.0,25770.0,4977234802243,193141107,9972,25750.0,25771.0
1065,2024-10-02,25809.0,25811.0,25809.0,25810.0,5543311265407,214774189,10071,25770.0,25810.0
1066,2024-10-05,25849.0,25851.0,25849.0,25849.0,6407622172301,247882218,11146,25810.0,25849.0
1067,2024-10-06,25869.0,25871.0,25869.0,25869.0,4577077277866,176930120,9397,25849.0,25869.0
1068,2024-10-07,25889.0,25891.0,25889.0,25890.0,3644348033687,140764123,8974,25869.0,25889.0
1069,2024-10-08,25910.0,25911.0,25909.0,25910.0,6150760236602,237389477,9640,25890.0,25909.0
1070,2024-10-09,25949.0,25950.0,25948.0,25949.0,6678014264946,257351256,9269,25910.0,25950.0
1071,2024-10-12,25988.0,25990.0,25988.0,25988.0,7687432510141,295801396,10998,25949.0,25990.0
1072,2024-10-13,26009.0,26011.0,26009.0,26010.0,3473635649030,133552215,8959,25988.0,26009.0
1073,2024-10-14,26029.0,26031.0,26029.0,26030.0,3453272012530,132666752,10313,26010.0,26030.0
1074,2024-10-15,26049.0,26051.0,26049.0,26050.0,6362130576015,244228972,9982,26030.0,26050.0
1075,2024-10-16,26089.0,26091.0,26089.0,26090.0,6876667671970,263574365,8574,26050.0,26090.0
1076,2024-10-19,26129.0,26131.0,26129.0,26129.0,8891437941820,340285899,11638,26090.0,26131.0
1077,2024-10-20,26149.0,26151.0,26149.0,26149.0,11188961694596,427889117,10643,26129.0,26149.0
1078,2024-10-21,26169.0,26171.0,26169.0,26170.0,3803327973051,145333802,8769,26149.0,26171.0
1079,2024-10-22,26190.0,26192.0,26190.0,26191.0,5985034998174,228514577,10474,26170.0,26192.0
1080,2024-10-23,26230.0,26232.0,26230.0,26231.0,7829485555876,298483310,10480,26191.0,26231.0
1081,2024-10-26,26270.0,26272.0,26270.0,26270.0,10652083512967,405479615,13441,26231.0,26271.0
1082,2024-10-27,26291.0,26293.0,26291.0,26292.0,3972574239799,151096548,11319,26270.0,26292.0
1083,2024-10-28,26311.0,26313.0,26311.0,26312.0,3572766263829,135786098,9522,26292.0,26312.0
1084,2024-10-29,26332.0,26333.0,26331.0,26332.0,5433387770225,206340140,11254,26312.0,26333.0
1085,2024-10-30,26372.0,26375.0,26372.0,26373.0,6355301365560,240974313,10716,26332.0,26373.0
1086,2024-11-02,26412.0,26413.0,26412.0,26413.0,7021310813522,265832242,11925,26373.0,26412.0
1087,2024-11-03,26433.0,26435.0,26433.0,26433.0,6586038201687,249155365,11257,26413.0,26434.0
1088,2024-11-04,26454.0,26455.0,26453.0,26454.0,4784562624418,180865212,9099,26433.0,26454.0
1089,2024-11-05,26474.0,26475.0,26473.0,26474.0,7058787666411,266632513,9643,26454.0,26475.0
1090,2024-11-06,26514.0,26516.0,26514.0,26515.0,5296492118934,199754872,9588,26474.0,26515.0
1091,2024-11-09,26555.0,26557.0,26555.0,26556.0,7395242983950,278481935,11906,26515.0,26555.0
1092,2024-11-10,26576.0,26578.0,26576.0,26577.0,5357889354832,201600630,10536,26556.0,26577.0
1093,2024-11-11,26597.0,26598.0,26596.0,26597.0,4442029608649,167013329,10385,26577.0,26597.0
1094,2024-11-12,26618.0,26619.0,26617.0,26618.0,10965242474307,411951108,10575,26597.0,26618.0
1095,2024-11-13,26659.0,26660.0,26658.0,26659.0,7357986696851,276006393,10431,26618.0,26659.0
1096,2024-11-16,26699.0,26701.0,26699.0,26699.0,8310590412673,311264743,11717,26659.0,26700.0
1097,2024-11-17,26719.0,26721.0,26719.0,26719.0,6536186986375,244622972,9867,26699.0,26720.0
1098,2024-11-18,26740.0,26742.0,26740.0,26741.0,4475124374976,167353579,10499,26719.0,26742.0
1099,2024-11-19,26762.0,26763.0,26761.0,26762.0,5123250478823,191438870,10498,26741.0,26762.0
1100,2024-11-20,26802.0,26804.0,26802.0,26803.0,8392885735491,313135215,12391,26762.0,26803.0
1101,2024-11-23,26843.0,26845.0,26843.0,26844.0,8656780603037,322489552,14728,26803.0,26844.0
1102,2024-11-24,26864.0,26866.0,26864.0,26865.0,6719338575659,250119171,11753,26844.0,26865.0
1103,2024-11-25,26886.0,26887.0,26885.0,26886.0,6478076285028,240948947,12476,26865.0,26886.0
1104,2024-11-26,26906.0,26907.0,26905.0,26906.0,6543146035334,243187520,11497,26886.0,26907.0
1105,2024-11-27,26947.0,26949.0,26947.0,26948.0,9358136371963,347268919,12233,26906.0,26948.0
1106,2024-11-30,26971.0,26973.0,26971.0,26972.0,8466482673789,313904116,13386,26948.0,26972.0
1107,2024-12-01,26997.0,26999.0,26997.0,26997.0,5949189005928,220361086,11484,26972.0,26998.0
1108,2024-12-02,27023.0,27025.0,27023.0,27024.0,6048244127373,223811391,11752,26997.0,27023.0
1109,2024-12-03,27049.0,27051.0,27049.0,27050.0,5254218769419,194244381,12251,27024.0,27050.0
1110,2024-12-04,27092.0,27093.0,27091.0,27092.0,6198122314467,228778755,17408,27050.0,27092.0
1111,2024-12-07,27118.0,27119.0,27117.0,27118.0,6544347119524,241332325,15358,27092.0,27118.0
1112,2024-12-08,27143.0,27145.0,27143.0,27144.0,6150970766357,226608940,18938,27118.0,27144.0
1113,2024-12-09,27169.0,27171.0,27169.0,27170.0,6772884965482,249282394,11011,27144.0,27171.0
1114,2024-12-10,27196.0,27198.0,27196.0,27196.0,8930345271071,328364931,10684,27170.0,27198.0
1115,2024-12-11,27237.0,27239.0,27237.0,27238.0,5435176811072,199545254,12149,27196.0,27238.0
1116,2024-12-14,27264.0,27266.0,27264.0,27264.0,11134085512015,408374682,20453,27238.0,27265.0
1117,2024-12-15,27290.0,27292.0,27290.0,27291.0,5969834221044,218751267,23611,27264.0,27291.0
1118,2024-12-16,27316.0,27318.0,27316.0,27317.0,8965015724248,328189548,12565,27291.0,27317.0
1119,2024-12-17,27343.0,27345.0,27343.0,27344.0,9280382852638,339399621,13869,27317.0,27344.0
1120,2024-12-18,27385.0,27387.0,27385.0,27386.0,5513538664865,201329787,14782,27344.0,27386.0
1121,2024-12-21,27411.0,27413.0,27411.0,27412.0,8578520932284,312953018,31918,27386.0,27411.0
1122,2024-12-22,27438.0,27440.0,27438.0,27439.0,5528900451673,201500296,13623,27412.0,27438.0
1123,2024-12-23,27464.0,27466.0,27464.0,27465.0,5257204791004,191416567,15093,27439.0,27466.0
1124,2024-12-24,27491.0,27493.0,27491.0,27492.0,5513862310626,200564394,27343,27465.0,27492.0
1125,2024-12-25,27533.0,27535.0,27533.0,27534.0,7160248810294,260055823,12108,27492.0,27535.0
1126,2024-12-28,27560.0,27562.0,27560.0,27561.0,8576289379793,311179299,17701,27534.0,27562.0
1127,2024-12-29,27586.0,27588.0,27586.0,27587.0,6518905032295,236305279,25356,27561.0,27586.0
1128,2024-12-30,27613.0,27615.0,27613.0,27614.0,6777062097333,245423818,13881,27587.0,27614.0
1129,2024-12-31,27640.0,27642.0,27640.0,27641.0,7017608628152,253886120,15564,27614.0,27641.0
1130,2025-01-01,27682.0,27684.0,27682.0,27683.0,9369257185973,338445812,18001,27641.0,27684.0
1131,2025-01-04,27711.0,27711.0,27709.0,27709.0,9840992921493,355149953,40193,27683.0,27710.0
1132,2025-01-05,27736.0,27738.0,27736.0,27737.0,6687133757614,241093386,16322,27709.0,27737.0
1133,2025-01-06,27762.0,27763.0,27762.0,27762.0,6296537996866,226800702,27980,27737.0,27763.0
1134,2025-01-07,27789.0,27791.0,27789.0,27789.0,8404479761964,302433708,14077,27762.0,27789.0
1135,2025-01-08,27832.0,27834.0,27832.0,27833.0,8637862634653,310350357,16926,27789.0,27833.0
1136,2025-01-11,27868.0,27870.0,27868.0,27869.0,8022842809294,287880658,33261,27833.0,27869.0
1137,2025-01-12,27904.0,27906.0,27904.0,27905.0,10160875456365,364128210,19240,27869.0,27906.0
1138,2025-01-13,27940.0,27942.0,27940.0,27941.0,8207747615176,293757400,22636,27905.0,27941.0
1139,2025-01-15,27982.0,27984.0,27982.0,27983.0,6014359548690,214930333,42106,27941.0,27983.0
1140,2025-01-18,28010.0,28012.0,28010.0,28011.0,9079418799154,324141319,17320,27983.0,28011.0
1141,2025-01-19,28037.0,28039.0,28037.0,28037.0,5778552005562,206101078,13386,28011.0,28037.0
1142,2025-01-20,28064.0,28068.0,28064.0,28065.0,9020959869637,321433233,14693,28037.0,28065.0
1143,2025-01-21,28091.0,28093.0,28091.0,28092.0,8768295426615,312132907,14857,28065.0,28092.0
1144,2025-01-22,28134.0,28136.0,28134.0,28134.0,7965058384566,283106469,24727,28092.0,28135.0
1145,2025-01-25,28166.0,28168.0,28166.0,28167.0,9916864244251,352076746,31778,28134.0,28167.0
1146,2025-01-26,28194.0,28196.0,28194.0,28195.0,7376378657994,261623682,17215,28167.0,28195.0
1147,2025-01-27,28235.0,28237.0,28235.0,28236.0,6286683566463,222650707,18310,28195.0,28236.0
1148,2025-01-29,28294.0,28296.0,28294.0,28295.0,7310378138633,258365970,43025,28236.0,28296.0
1149,2025-02-01,28322.0,28324.0,28322.0,28323.0,8648579554556,305358608,27493,28295.0,28322.0
1150,2025-02-02,28350.0,28352.0,28350.0,28351.0,7730756839376,272683679,16554,28323.0,28350.0
1151,2025-02-03,28378.0,28380.0,28378.0,28379.0,6826394110888,240546757,16319,28351.0,28379.0
1152,2025-02-04,28406.0,28408.0,28406.0,28407.0,8583959387993,302180946,14938,28379.0,28407.0
1153,2025-02-05,28451.0,28453.0,28451.0,28451.0,9312090599997,327297766,21064,28407.0,28451.0
1154,2025-02-09,28522.0,28524.0,28522.0,28523.0,12954601331310,454188420,40782,28451.0,28523.0
1155,2025-02-11,28564.0,28566.0,28564.0,28565.0,12108833105575,423909545,27679,28523.0,28565.0
1156,2025-02-15,28638.0,28640.0,28638.0,28638.0,15879502209448,554481373,23615,28565.0,28639.0
1157,2025-02-16,28666.0,28668.0,28666.0,28667.0,9646493914821,336506750,36833,28638.0,28667.0
1158,2025-02-17,28695.0,28697.0,28695.0,28695.0,9811336523597,341912356,26987,28667.0,28695.0
1159,2025-02-18,28724.0,28725.0,28723.0,28724.0,9123566074665,317633872,22123,28695.0,28723.0
1160,2025-02-19,28768.0,28770.0,28768.0,28769.0,10490378510051,364645711,21175,28724.0,28768.0
1161,2025-02-22,28798.0,28799.0,28797.0,28798.0,10259946194261,356275359,22240,28769.0,28797.0
1162,2025-02-23,28825.0,28827.0,28825.0,28826.0,12109507628133,420094622,19967,28798.0,28827.0
1163,2025-02-24,28854.0,28856.0,28854.0,28855.0,7377896283064,255691953,17923,28826.0,28855.0
1164,2025-02-25,28882.0,28884.0,28882.0,28882.0,8591082699666,297450334,20545,28855.0,28882.0
1165,2025-02-26,28928.0,28930.0,28928.0,28929.0,7886724791782,272625554,29584,28882.0,28929.0
1166,2025-03-01,28957.0,28959.0,28957.0,28958.0,11434146534431,394858598,53375,28929.0,28958.0
1167,2025-03-02,28986.0,28988.0,28986.0,28987.0,7375246693558,254437173,20105,28958.0,28986.0
1168,2025-03-03,29014.0,29016.0,29014.0,29015.0,6739949577397,232295559,20721,28987.0,29016.0
1169,2025-03-04,29043.0,29045.0,29043.0,29044.0,12570864652956,432825281,16018,29015.0,29044.0
1170,2025-03-05,29089.0,29091.0,29089.0,29090.0,10238694955945,351972013,19051,29044.0,29089.0
1171,2025-03-08,29118.0,29120.0,29118.0,29118.0,13720322959695,471189874,17832,29090.0,29118.0
1172,2025-03-09,29148.0,29149.0,29148.0,29148.0,11043237847527,378862276,17309,29118.0,29149.0
1173,2025-03-10,29177.0,29179.0,29177.0,29178.0,9733405578839,333592544,17554,29148.0,29178.0
1174,2025-03-11,29206.0,29208.0,29206.0,29207.0,15327790635311,524806269,33495,29178.0,29207.0
1175,2025-03-12,29255.0,29257.0,29255.0,29256.0,9636354073253,329385933,23240,29207.0,29256.0
1176,2025-03-15,29287.0,29288.0,29286.0,29287.0,12166261298323,415418708,23981,29256.0,29287.0
1177,2025-03-16,29317.0,29319.0,29317.0,29317.0,13260948902822,452322659,20838,29287.0,29319.0
1178,2025-03-17,29347.0,29349.0,29347.0,29348.0,13244173356234,451281537,25576,29317.0,29348.0
1179,2025-03-18,29459.0,29489.0,29459.0,29461.0,21765413131480,738786209,39153,29348.0,29477.0
1180,2025-03-25,29552.0,29554.0,29552.0,29553.0,22221230706087,751910995,24911,29461.0,29553.0
1181,2025-03-26,29602.0,29604.0,29602.0,29603.0,9838279964799,332341415,16575,29553.0,29603.0
1182,2025-03-29,29633.0,29635.0,29633.0,29634.0,13312853695231,449248455,20351,29603.0,29634.0
1183,2025-03-30,29757.0,29758.0,29756.0,29757.0,12018160580397,403879189,18226,29634.0,29757.0
1184,2025-04-05,29810.0,29811.0,29809.0,29810.0,13999764336316,469637739,21886,29757.0,29810.0
1185,2025-04-06,29839.0,29841.0,29839.0,29840.0,12784260255802,428431811,22971,29810.0,29839.0
1186,2025-04-07,29870.0,29872.0,29870.0,29871.0,9487128078832,317606615,17477,29840.0,29871.0
1187,2025-04-08,29901.0,29903.0,29901.0,29902.0,14004184889104,468341202,21846,29871.0,29901.0
1188,2025-04-09,29950.0,29952.0,29950.0,29950.0,16013591289946,534669136,20573,29902.0,29952.0
1189,2025-04-12,29982.0,29983.0,29981.0,29982.0,12571721372163,419314573,21219,29950.0,29981.0
1190,2025-04-13,30012.0,30014.0,30012.0,30013.0,12867007102512,428718355,22261,29982.0,30012.0
1191,2025-04-14,30043.0,30045.0,30043.0,30044.0,10296294164173,342712581,24783,30013.0,30044.0
1192,2025-04-15,30074.0,30076.0,30074.0,30075.0,12634646618647,420109653,43199,30044.0,30075.0
1193,2025-04-16,30123.0,30125.0,30123.0,30124.0,16404761227826,544582772,21402,30075.0,30124.0
1194,2025-04-19,30155.0,30156.0,30154.0,30154.0,20577727282596,682412480,21596,30124.0,30155.0
1195,2025-04-20,30185.0,30187.0,30185.0,30186.0,13087762650042,433575886,20650,30154.0,30186.0
1196,2025-04-21,30216.0,30218.0,30216.0,30217.0,13470726546797,445803859,21179,30186.0,30217.0
1197,2025-04-22,30248.0,30250.0,30248.0,30249.0,14757642586351,487874300,24425,30217.0,30249.0
1198,2025-04-23,30297.0,30299.0,30297.0,30298.0,13204857977882,435838086,25021,30249.0,30298.0
1199,2025-04-26,30328.0,30330.0,30328.0,30329.0,11492430410744,378927444,24421,30298.0,30328.0
1200,2025-04-27,30359.0,30361.0,30359.0,30360.0,9832946939619,323880583,21033,30329.0,30360.0
1201,2025-04-28,30390.0,30392.0,30390.0,30391.0,9119416307737,300072021,19777,30360.0,30391.0
1202,2025-04-29,30422.0,30424.0,30422.0,30423.0,13275534180959,436366380,22675,30391.0,30423.0
1203,2025-04-30,30471.0,30473.0,30471.0,30472.0,10105441540976,331635571,20085,30423.0,30471.0
1204,2025-05-03,30504.0,30505.0,30503.0,30504.0,10810579910640,354401447,22483,30472.0,30503.0
1205,2025-05-04,30534.0,30536.0,30534.0,30535.0,9626225394771,315256595,18446,30504.0,30534.0
1206,2025-05-05,30566.0,30568.0,30566.0,30567.0,12316310297868,402931151,23015,30535.0,30568.0
1207,2025-05-06,30597.0,30599.0,30597.0,30598.0,12912001929793,421991284,19710,30567.0,30598.0
1208,2025-05-07,30647.0,30649.0,30647.0,30648.0,12355474605211,403147186,18332,30598.0,30648.0
1209,2025-05-10,30679.0,30681.0,30679.0,30680.0,10636653099785,346701451,21846,30648.0,30679.0
1210,2025-05-11,30712.0,30713.0,30711.0,30712.0,10121558602361,329568056,17899,30680.0,30713.0
1211,2025-05-12,30742.0,30744.0,30742.0,30743.0,12839907178156,417659676,18304,30712.0,30743.0
1212,2025-05-13,30774.0,30776.0,30774.0,30774.0,16051231876520,521575793,21958,30743.0,30775.0
1213,2025-05-14,30824.0,30826.0,30824.0,30824.0,18071880336502,586284232,37450,30774.0,30825.0
1214,2025-05-17,30856.0,30858.0,30856.0,30857.0,12972690632349,420418218,20866,30824.0,30856.0
1215,2025-05-18,30888.0,30890.0,30888.0,30888.0,10484196501905,339420964,18734,30857.0,30888.0
1216,2025-05-19,30919.0,30921.0,30919.0,30919.0,12426173329347,401888108,17828,30888.0,30919.0
1217,2025-05-20,30951.0,30953.0,30951.0,30952.0,18627038001605,601810945,22612,30919.0,30952.0
1218,2025-05-21,31002.0,31004.0,31002.0,31002.0,15068282990242,486034961,21910,30952.0,31003.0
1219,2025-05-24,31034.0,31036.0,31034.0,31035.0,14577402746309,469713858,48544,31002.0,31035.0
1220,2025-05-25,31066.0,31068.0,31066.0,31067.0,11307486753829,363975719,20611,31035.0,31067.0
1221,2025-05-26,31098.0,31100.0,31098.0,31099.0,16107885565550,517962182,18046,31067.0,31099.0
1222,2025-05-27,31130.0,31132.0,31130.0,31131.0,19855588653009,637811271,20505,31099.0,31130.0
1223,2025-05-28,31181.0,31183.0,31181.0,31181.0,14937144767792,479038920,16079,31131.0,31182.0
1224,2025-05-31,31213.0,31215.0,31213.0,31213.0,12619149524424,404285622,18262,31181.0,31214.0
1225,2025-06-01,31246.0,31248.0,31246.0,31247.0,16098229232036,515195792,20339,31213.0,31248.0
1226,2025-06-02,31303.0,31305.0,31303.0,31303.0,11417757426698,364744328,17157,31247.0,31303.0
1227,2025-06-03,31361.0,31363.0,31361.0,31362.0,14515640759200,462847064,19242,31303.0,31362.0
1228,2025-06-07,31394.0,31396.0,31394.0,31395.0,10393075523343,331040643,35476,31362.0,31396.0
1229,2025-06-08,31426.0,31428.0,31426.0,31427.0,9933162887144,316075063,20177,31395.0,31428.0
1230,2025-06-09,31459.0,31461.0,31459.0,31460.0,7033924985741,223583285,39265,31427.0,31461.0
1231,2025-06-10,31491.0,31493.0,31491.0,31492.0,7962971280939,252855252,18409,31460.0,31493.0
1232,2025-06-11,31575.0,31577.0,31575.0,31576.0,10929011101951,346121746,16331,31492.0,31577.0
1233,2025-06-21,31640.0,31642.0,31640.0,31640.0,39910507181835,1261380729,22491,31576.0,31642.0
1234,2025-06-22,31665.0,31667.0,31665.0,31665.0,12211806120486,385651030,7826,31640.0,31665.0
1235,2025-06-23,31691.0,31692.0,31691.0,31691.0,9006814762892,284204571,6642,31665.0,31692.0
1236,2025-06-24,31716.0,31718.0,31716.0,31716.0,7786978955058,245518905,4831,31691.0,31718.0
1237,2025-06-25,31742.0,31759.0,31741.0,31757.0,4491083000479,141421963,4754,31716.0,31759.0
1238,2025-06-28,31800.0,31801.0,31799.0,31800.0,10264971547094,322799424,14764,31757.0,31799.0
1239,2025-06-29,31842.0,31843.0,31841.0,31842.0,7942352439244,249432543,19332,31800.0,31841.0
1240,2025-06-30,31883.0,31885.0,31883.0,31884.0,8580383062253,269115375,16685,31842.0,31884.0
1241,2025-07-01,31925.0,31927.0,31925.0,31925.0,14861422541058,465504421,18793,31884.0,31927.0
1242,2025-07-02,31978.0,31979.0,31977.0,31978.0,11443010040161,357842000,16127,31925.0,31978.0
1243,2025-07-07,32029.0,32031.0,32029.0,32030.0,13590424930138,424306853,26895,31978.0,32029.0
1244,2025-07-08,32081.0,32083.0,32081.0,32082.0,10071098414338,313919722,19034,32030.0,32082.0
1245,2025-07-09,32135.0,32137.0,32135.0,32136.0,8891342729719,276681300,15561,32082.0,32135.0
1246,2025-07-12,32169.0,32171.0,32169.0,32170.0,12038362474396,374215545,17529,32136.0,32169.0
1247,2025-07-13,32203.0,32205.0,32203.0,32203.0,9115127404193,283048452,15116,32170.0,32205.0
1248,2025-07-14,32237.0,32239.0,32237.0,32238.0,7600254279763,235757886,15555,32203.0,32238.0
1249,2025-07-15,32271.0,32273.0,32271.0,32272.0,8081952862260,250436198,14177,32238.0,32272.0
1250,2025-07-16,32321.0,32323.0,32321.0,32322.0,6634235523967,205256727,13353,32272.0,32322.0
1251,2025-07-19,32356.0,32357.0,32355.0,32355.0,11583109219626,357995850,14571,32322.0,32355.0
1252,2025-07-20,32390.0,32391.0,32389.0,32390.0,6552960220857,202317334,13251,32355.0,32391.0
1253,2025-07-21,32424.0,32426.0,32424.0,32425.0,8655832053724,266953091,14745,32390.0,32425.0
1254,2025-07-22,32462.0,32464.0,32462.0,32463.0,7974197392461,245642627,15956,32425.0,32463.0
1255,2025-07-23,32516.0,32518.0,32516.0,32516.0,10859127815882,333958230,14296,32463.0,32518.0
1256,2025-07-26,32567.0,32568.0,32566.0,32566.0,14741534617664,452660614,17651,32516.0,32566.0
1257,2025-07-27,32618.0,32620.0,32618.0,32619.0,12436108842900,381258838,15269,32566.0,32620.0
1258,2025-07-28,32669.0,32671.0,32669.0,32669.0,10677451717058,326832884,14568,32619.0,32669.0
1259,2025-07-29,32721.0,32723.0,32721.0,32722.0,13250755873750,404953298,14267,32669.0,32723.0
1260,2025-07-30,32798.0,32800.0,32798.0,32799.0,12821847067022,390926834,12209,32722.0,32800.0
